"Num_Acc";"id_vehicule";"num_veh";"senc";"catv";"obs";"obsm";"choc";"manv";"motor";"occutc"
"202100000412";"200Â 969";"A01";"0";"39";"0";"1";"9";"1";" -1";""
"202100000413";"200Â 968";"A01";"1";"7";"0";"1";"2";"1";"1";""
"202100000414";"200Â 966";"A01";"1";"7";"0";"2";"1";"2";"1";""
"202100000414";"200Â 967";"B01";"0";"7";"0";"2";"4";"23";"1";""
"202100000415";"200Â 964";"B01";"1";"7";"0";"9";"3";"15";"1";""
"202100000415";"200Â 965";"A01";"1";"33";"0";"2";"3";"17";"1";""
"202100000416";"200Â 962";"A01";"2";"0";"0";"2";"0";"1";"0";""
"202100000416";"200Â 963";"B01";"0";"3";"0";"2";"8";"1";"1";""
"202100000417";"200Â 960";"A01";"1";"7";"0";"2";"4";"20";"1";""
"202100000417";"200Â 961";"B01";"1";"32";"0";"2";"7";"1";"1";""
"202100000418";"200Â 958";"B01";"2";"99";"1";"0";"1";"2";"1";""
"202100000418";"200Â 959";"A01";"2";"99";"0";"2";"4";"23";"1";""
"202100000419";"200Â 956";"B01";"1";"7";"0";"2";"3";"15";"1";""
"202100000419";"200Â 957";"A01";"1";"7";"0";"2";"1";"17";"1";""
"202100000420";"200Â 955";"A01";"1";"40";"0";"1";"2";"19";"3";""
"202100000421";"200Â 954";"A01";"1";"17";"0";"0";"0";"14";"6";""
"202100000422";"200Â 953";"A01";"1";"7";"13";"0";"0";"2";"1";""
"202100000423";"200Â 952";"A01";"3";"7";"2";"0";"1";"0";"1";""
"202100000424";"200Â 951";"A01";"3";"7";"12";"0";"2";"14";"1";""
"202100000425";"200Â 950";"A01";"1";"33";"12";"0";"0";"0";"1";""
"202100000426";"200Â 949";"B01";"3";"50";"0";"0";"0";"0";"3";""
"202100000427";"200Â 946";"A01";"1";"7";"0";"1";"1";"1";"1";""
"202100000428";"200Â 944";"A01";"0";"7";"0";"2";"2";"15";"1";""
"202100000428";"200Â 945";"B01";"0";"7";"0";"2";"3";"1";"1";""
"202100000429";"200Â 942";"B01";"1";"7";"0";"2";"5";"2";"1";""
"202100000429";"200Â 943";"A01";"1";"7";"9";"2";"3";"2";"1";""
"202100000430";"200Â 940";"A01";"3";"7";"0";"2";"3";"16";"0";""
"202100000430";"200Â 941";"B01";"1";"33";"0";"2";"2";"1";"0";""
"202100000431";"200Â 935";"A01";"2";"33";"8";"0";"1";"1";"1";""
"202100000432";"200Â 933";"A01";"3";"7";"0";"2";"1";"5";"1";""
"202100000432";"200Â 934";"B01";"3";"10";"0";"2";"1";"0";"1";""
"202100000433";"200Â 931";"A01";"1";"7";"0";"2";"3";"15";"1";""
"202100000433";"200Â 932";"B01";"1";"2";"0";"2";"1";"1";"1";""
"202100000434";"200Â 929";"B01";"2";"13";"0";"2";"6";"1";"1";""
"202100000434";"200Â 930";"A01";"2";"10";"0";"2";"2";"3";"1";""
"202100000435";"200Â 927";"B01";"2";"7";"0";"2";"4";"2";"1";""
"202100000435";"200Â 928";"A01";"2";"7";"0";"2";"1";"1";"1";""
"202100000436";"200Â 925";"B01";"2";"7";"0";"2";"6";"15";"1";""
"202100000436";"200Â 926";"A01";"2";"2";"0";"2";"1";"17";"0";""
"202100000437";"200Â 923";"B01";"0";"7";"0";"2";"8";"13";"1";""
"202100000437";"200Â 924";"A01";"0";"7";"0";"2";"3";"13";"1";""
"202100000438";"200Â 922";"A01";"2";"7";"0";"1";"2";"1";"1";""
"202100000439";"200Â 920";"A01";"2";"33";"0";"2";"1";"1";"1";""
"202100000439";"200Â 921";"B01";"3";"7";"0";"2";"3";"15";"1";""
"202100000440";"200Â 918";"B01";"3";"7";"8";"2";"3";"1";"1";""
"202100000440";"200Â 919";"A01";"3";"7";"0";"2";"2";"19";"1";""
"202100000441";"200Â 916";"B01";"1";"7";"9";"0";"3";"21";"1";""
"202100000441";"200Â 917";"A01";"2";"7";"0";"0";"3";"13";"1";""
"202100000442";"200Â 914";"B01";"2";"10";"0";"9";"3";"1";"1";""
"202100000442";"200Â 915";"A01";"1";"1";"0";"2";"1";"5";"5";""
"202100000443";"200Â 913";"A01";"3";"99";"0";"1";"3";"26";"1";""
"202100000444";"200Â 910";"A01";"2";"33";"3";"0";"9";"1";"1";""
"202100000445";"200Â 909";"A01";"3";"7";"6";"0";"1";"13";"1";""
"202100000446";"200Â 907";"B01";"1";"7";"13";"0";"1";"21";"1";""
"202100000446";"200Â 908";"A01";"1";"7";"0";"0";"0";"3";"1";""
"202100000447";"200Â 906";"A01";"1";"7";"13";"0";"8";"5";"1";""
"202100000448";"200Â 904";"A01";"2";"7";"0";"2";"3";"1";"1";""
"202100000448";"200Â 905";"B01";"1";"34";"0";"6";"1";"1";"1";""
"202100000449";"200Â 902";"B01";"1";"2";"0";"0";"1";"17";"1";""
"202100000449";"200Â 903";"A01";"1";"7";"0";"0";"3";"15";"1";""
"202100000450";"200Â 901";"A01";"1";"7";"6";"0";"1";"1";"1";""
"202100000451";"200Â 899";"B01";"1";"7";"0";"2";"2";"2";"1";""
"202100000451";"200Â 900";"A01";"1";"1";"0";"0";"4";"0";"5";""
"202100000452";"200Â 898";"A01";"2";"7";"0";"1";"1";"26";"1";""
"202100000453";"200Â 897";"A01";"2";"7";"4";"0";"1";"13";"1";""
"202100000454";"200Â 896";"A01";"3";"7";"9";"0";"2";"14";"1";""
"202100000455";"200Â 894";"A01";"2";"7";"0";"2";"2";"19";"1";""
"202100000455";"200Â 895";"B01";"1";"2";"0";"2";"8";"26";"1";""
"202100000456";"200Â 892";"B01";"2";"1";"0";"2";"8";"19";"5";""
"202100000456";"200Â 893";"A01";"2";"7";"0";"9";"2";"2";"1";""
"202100000457";"200Â 890";"A01";"0";"7";"0";"2";"8";"19";"1";""
"202100000457";"200Â 891";"B01";"2";"7";"0";"2";"1";"1";"1";""
"202100000458";"200Â 888";"A01";"1";"7";"0";"2";"3";"17";"1";""
"202100000458";"200Â 889";"B01";"1";"7";"0";"2";"1";"1";"1";""
"202100000459";"200Â 886";"B01";"2";"7";"0";"2";"8";"15";"1";""
"202100000459";"200Â 887";"A01";"2";"7";"0";"2";"1";"2";"1";""
"202100000460";"200Â 883";"C01";"2";"7";"0";"2";"4";"2";"1";""
"202100000460";"200Â 884";"B01";"2";"7";"0";"2";"4";"2";"1";""
"202100000460";"200Â 885";"A01";"2";"7";"0";"2";"2";"1";"1";""
"202100000461";"200Â 881";"B01";"2";"31";"0";"2";"1";"3";"1";""
"202100000461";"200Â 882";"A01";"1";"7";"0";"2";"2";"15";"1";""
"202100000462";"200Â 879";"B01";"1";"31";"0";"2";"1";"1";"1";""
"202100000462";"200Â 880";"A01";"1";"7";"0";"2";"3";"15";"2";""
"202100000463";"200Â 877";"A01";"1";"7";"0";"2";"1";"1";"1";""
"202100000463";"200Â 878";"B01";"1";"30";"0";"2";"4";"23";"1";""
"202100000464";"200Â 875";"B01";"2";"30";"0";"2";"8";"1";"1";""
"202100000464";"200Â 876";"A01";"2";"7";"0";"2";"1";"9";"1";""
"202100000465";"200Â 873";"B01";"1";"7";"0";"2";"5";"1";"1";""
"202100000465";"200Â 874";"A01";"1";"1";"0";"2";"8";"15";"5";""
"202100000466";"200Â 872";"A01";"2";"7";"0";"1";"1";"17";"1";""
"202100000467";"200Â 870";"B01";"2";"34";"0";"2";"0";"1";"1";""
"202100000467";"200Â 871";"A01";"1";"2";"0";"2";"0";"15";"6";""
"202100000468";"200Â 868";"B01";"3";"7";"0";"2";"1";"9";"1";""
"202100000468";"200Â 869";"A01";"2";"7";"0";"2";"2";"1";"1";""
"202100000469";"200Â 867";"A01";"2";"7";"0";"1";"1";"1";"1";""
"202100000470";"200Â 865";"B01";"1";"1";"0";"2";"1";"1";"5";""
"202100000470";"200Â 866";"A01";"1";"7";"0";"2";"1";"9";"1";""
"202100000471";"200Â 864";"A01";"3";"7";"0";"1";"1";"9";"1";""
"202100000472";"200Â 863";"A01";"1";"32";"0";"1";"8";"1";"1";""
"202100000473";"200Â 860";"C01";"1";"7";"0";"2";"1";"1";"1";""
"202100000473";"200Â 861";"A01";"2";"7";"0";"2";"1";"1";"1";""
"202100000473";"200Â 862";"B01";"2";"7";"0";"2";"1";"1";"1";""
"202100000474";"200Â 858";"A01";"1";"7";"0";"2";"0";"0";"1";""
"202100000474";"200Â 859";"B01";"2";"7";"0";"2";"0";"0";"1";""
"202100000475";"200Â 856";"B01";"1";"7";"0";"2";"6";"15";"1";""
"202100000475";"200Â 857";"A01";"1";"30";"0";"2";"1";"17";"1";""
"202100000476";"200Â 854";"A01";"2";"30";"0";"2";"1";"17";"1";""
"202100000476";"200Â 855";"B01";"2";"7";"0";"2";"3";"15";"1";""
"202100000477";"200Â 852";"B01";"1";"7";"0";"2";"3";"1";"1";""
"202100000477";"200Â 853";"A01";"1";"7";"0";"2";"3";"1";"1";""
"202100000478";"200Â 850";"A01";"1";"7";"0";"2";"2";"9";"1";""
"202100000478";"200Â 851";"B01";"1";"80";"0";"2";"0";"1";"3";""
"202100000479";"200Â 848";"B01";"2";"7";"0";"2";"6";"15";"1";""
"202100000479";"200Â 849";"A01";"2";"30";"0";"2";"1";"17";"1";""
"202100000480";"200Â 846";"A01";"2";"7";"0";"2";"7";"15";"1";""
"202100000480";"200Â 847";"B01";"1";"30";"0";"2";"1";"1";"1";""
"202100000481";"200Â 844";"B01";"3";"7";"1";"2";"4";"1";"1";""
"202100000481";"200Â 845";"A01";"3";"7";"0";"2";"1";"1";"1";""
"202100000482";"200Â 842";"B01";"3";"7";"0";"0";"3";"15";"1";""
"202100000482";"200Â 843";"A01";"3";"33";"0";"2";"1";"17";"1";""
"202100000483";"200Â 840";"B01";"1";"7";"0";"2";"3";"1";"1";""
"202100000483";"200Â 841";"A01";"1";"7";"0";"2";"3";"1";"1";""
"202100000484";"200Â 838";"A01";"2";"7";"0";"0";"2";"1";"1";""
"202100000484";"200Â 839";"B01";"3";"7";"0";"2";"3";"1";"1";""
"202100000485";"200Â 836";"B01";"1";"7";"14";"0";"3";"1";"1";""
"202100000485";"200Â 837";"A01";"1";"7";"3";"0";"3";"1";"1";""
"202100000486";"200Â 834";"B01";"2";"7";"0";"2";"1";"1";"2";""
"202100000486";"200Â 835";"A01";"0";"50";"0";"2";"2";"19";"3";""
"202100000487";"200Â 833";"A01";"2";"7";"0";"1";"3";"9";"1";""
"202100000488";"200Â 831";"B01";"1";"2";"0";"2";"3";"1";"1";""
"202100000488";"200Â 832";"A01";"1";"3";"0";"2";"6";"15";"1";""
"202100000489";"200Â 830";"A01";"1";"10";"0";"1";"5";"9";"1";""
"202100000490";"200Â 829";"A01";"3";"7";"0";"1";"3";"15";"1";""
"202100000491";"200Â 826";"A01";"2";"7";"0";"2";"1";"2";"1";""
"202100000491";"200Â 827";"B01";"2";"33";"0";"2";"4";"23";"1";""
"202100000491";"200Â 828";"C01";"2";"7";"0";"2";"4";"23";"1";""
"202100000492";"200Â 824";"B01";"0";"15";"0";"2";"4";"23";"1";""
"202100000492";"200Â 825";"A01";"0";"33";"0";"2";"1";"1";"1";""
"202100000493";"200Â 822";"Z01";"0";"7";"0";"2";"1";"1";"1";""
"202100000493";"200Â 823";"A01";"0";"7";"0";"2";"4";"23";"1";""
"202100000494";"200Â 820";"B01";"1";"2";"0";"2";"1";"1";"1";""
"202100000494";"200Â 821";"A01";"2";"1";"0";"2";"2";"15";"5";""
"202100000495";"200Â 818";"B01";"0";"7";"0";"2";"1";"1";"1";""
"202100000495";"200Â 819";"A01";"0";"1";"0";"2";"8";"19";"5";""
"202100000496";"200Â 817";"A01";"1";"40";"0";"1";"2";"1";"3";""
"202100000497";"200Â 815";"B01";"3";"2";"0";"0";"8";"21";"1";""
"202100000497";"200Â 816";"A01";"3";"7";"0";"0";"2";"26";"1";""
"202100000498";"200Â 813";"B01";"3";"7";"0";"2";"2";"9";"0";""
"202100000498";"200Â 814";"A01";"1";"2";"0";"2";"3";"1";"1";""
"202100000499";"200Â 808";"A01";"3";"30";"0";"2";"1";"1";"1";""
"202100000499";"200Â 809";"B01";"3";"7";"0";"2";"1";"15";"1";""
"202100000500";"200Â 807";"A01";"1";"33";"1";"0";"1";"1";"1";""
"202100000501";"200Â 806";"A01";"2";"7";"0";"1";"2";"26";"1";""
"202100000502";"200Â 805";"A01";"2";"7";"0";"1";"1";"1";"1";""
"202100000503";"200Â 804";"A01";"3";"7";"0";"1";"1";"15";"1";""
"202100000504";"200Â 801";"A01";"3";"7";"0";"2";"1";"2";"1";""
"202100000504";"200Â 802";"B01";"3";"7";"0";"0";"4";"2";"1";""
"202100000504";"200Â 803";"C01";"3";"7";"0";"2";"4";"2";"1";""
"202100000505";"200Â 799";"B01";"2";"7";"0";"2";"2";"1";"1";""
"202100000505";"200Â 800";"A01";"1";"33";"0";"2";"1";"1";"1";""
"202100000506";"200Â 797";"A01";"1";"30";"0";"2";"7";"2";"1";""
"202100000506";"200Â 798";"B01";"1";"7";"0";"2";"8";"2";"1";""
"202100000507";"200Â 794";"C01";"1";"7";"0";"2";"4";"23";"1";""
"202100000507";"200Â 795";"A01";"1";"7";"0";"2";"1";"2";"1";""
"202100000507";"200Â 796";"B01";"1";"7";"0";"2";"4";"23";"1";""
"202100000508";"200Â 792";"A01";"2";"10";"0";"2";"4";"26";"1";""
"202100000508";"200Â 793";"B01";"1";"7";"0";"2";"1";"23";"0";""
"202100000509";"200Â 790";"B01";"3";"1";"0";"2";"7";"1";"0";""
"202100000509";"200Â 791";"A01";"3";"7";"0";"9";"1";"9";"1";""
"202100000510";"200Â 788";"B01";"2";"7";"0";"2";"2";"15";"1";""
"202100000510";"200Â 789";"A01";"1";"34";"0";"2";"1";"1";"1";""
"202100000511";"200Â 786";"A01";"1";"80";"0";"2";"4";"5";"3";""
"202100000511";"200Â 787";"B01";"2";"10";"0";"2";"1";"1";"1";""
"202100000512";"200Â 782";"A01";"1";"7";"0";"2";"1";"2";"1";""
"202100000512";"200Â 783";"D01";"1";"7";"0";"2";"4";"23";"1";""
"202100000512";"200Â 784";"C01";"1";"7";"0";"2";"4";"23";"1";""
"202100000512";"200Â 785";"B01";"1";"7";"0";"2";"4";"23";"1";""
"202100000513";"200Â 781";"A01";"3";"32";"10";"0";"1";"0";"1";""
"202100000514";"200Â 778";"A01";"1";"7";"0";"2";"3";"20";"1";""
"202100000514";"200Â 779";"B01";"1";"33";"0";"2";"8";"17";"1";""
"202100000514";"200Â 780";"C01";"2";"7";"0";"2";"1";"1";"1";""
"202100000515";"200Â 777";"A01";"1";"32";"1";"0";"1";"1";"1";""
"202100000516";"200Â 776";"A01";"0";"50";"0";"0";"0";"0";"3";""
"202100000517";"200Â 774";"A01";"1";"7";"8";"2";"5";"1";"1";""
"202100000517";"200Â 775";"B01";"1";"7";"0";"2";"2";"1";"1";""
"202100000518";"200Â 772";"B01";"3";"7";"0";"9";"5";"16";"1";""
"202100000518";"200Â 773";"A01";"0";"1";"0";"2";"5";"2";"5";""
"202100000519";"200Â 771";"A01";"1";"7";"0";"1";"2";"1";"1";""
"202100000520";"200Â 769";"B01";"1";"1";"0";"0";"2";"2";"5";""
"202100000520";"200Â 770";"A01";"2";"30";"0";"0";"0";"2";"1";""
"202100000521";"200Â 767";"B01";"0";"7";"0";"2";"3";"1";"1";""
"202100000521";"200Â 768";"A01";"0";"7";"0";"2";"1";"15";"1";""
"202100000522";"200Â 765";"A01";"0";"7";"0";"2";"1";"2";"1";""
"202100000522";"200Â 766";"B01";"0";"7";"0";"2";"4";"2";"1";""
"202100000523";"200Â 764";"A01";"2";"7";"4";"0";"3";"13";"1";""
"202100000524";"200Â 763";"A01";"1";"3";"13";"0";"2";"14";"1";""
"202100000525";"200Â 762";"A01";"0";"7";"0";"1";"2";"20";"1";""
"202100000526";"200Â 760";"B01";"1";"33";"0";"2";"3";"21";"1";""
"202100000526";"200Â 761";"A01";"1";"7";"0";"2";"2";"21";"1";""
"202100000527";"200Â 758";"B01";"3";"2";"0";"2";"1";"0";"1";""
"202100000527";"200Â 759";"A01";"3";"37";"0";"2";"3";"15";"1";"1"
"202100000528";"200Â 757";"A01";"1";"40";"0";"1";"1";"1";"3";""
"202100000529";"200Â 756";"A01";"1";"40";"0";"1";"1";"1";"3";""
"202100000530";"200Â 755";"A01";"1";"7";"0";"1";"4";"4";"0";""
"202100000531";"200Â 754";"A01";"1";"7";"0";"1";"1";"1";"1";""
"202100000532";"200Â 750";"A01";"1";"50";"0";"2";"1";"1";"3";""
"202100000532";"200Â 751";"B01";"2";"7";"0";"2";"6";"1";"1";""
"202100000533";"200Â 749";"A01";"1";"2";"1";"0";"9";"1";"1";""
"202100000534";"200Â 748";"A01";"2";"37";"0";"1";"1";"26";"1";"1"
"202100000535";"200Â 747";"A01";"2";"7";"0";"1";"3";"9";"1";""
"202100000536";"200Â 746";"A01";"3";"10";"0";"1";"2";"16";"1";""
"202100000537";"200Â 744";"B01";"2";"7";"14";"0";"4";"0";"1";""
"202100000537";"200Â 745";"A01";"2";"7";"0";"2";"1";"2";"1";""
"202100000538";"200Â 743";"A01";"1";"7";"0";"1";"8";"13";"1";""
"202100000539";"200Â 742";"A01";"3";"7";"8";"0";"1";"16";"1";""
"202100000540";"200Â 741";"A01";"1";"7";"15";"0";"1";"19";"1";""
"202100000541";"200Â 738";"A01";"1";"10";"0";"2";"3";"2";"1";""
"202100000541";"200Â 739";"B01";"1";"7";"0";"0";"4";"0";"1";""
"202100000541";"200Â 740";"C01";"1";"7";"0";"2";"1";"2";"1";""
"202100000542";"200Â 737";"A01";"1";"33";"0";"0";"7";"26";"1";""
"202100000543";"200Â 735";"A01";"2";"34";"0";"2";"1";"1";"1";""
"202100000543";"200Â 736";"B01";"1";"7";"0";"2";"7";"15";"1";""
"202100000544";"200Â 733";"A01";"1";"7";"0";"1";"1";"1";"1";""
"202100000545";"200Â 730";"B01";"2";"10";"0";"0";"2";"0";"1";""
"202100000545";"200Â 731";"C01";"2";"15";"0";"2";"6";"0";"1";""
"202100000545";"200Â 732";"A01";"1";"7";"0";"2";"1";"26";"1";""
"202100000546";"200Â 728";"A01";"2";"10";"0";"2";"6";"11";"1";""
"202100000546";"200Â 729";"B01";"2";"33";"0";"2";"2";"17";"1";""
"202100000547";"200Â 727";"A01";"0";"7";"0";"1";"1";"1";"1";""
"202100000548";"200Â 724";"A01";"1";"7";"0";"2";"0";"23";"2";""
"202100000548";"200Â 725";"B01";"1";"7";"0";"2";"0";"1";"2";""
"202100000548";"200Â 726";"C01";"1";"99";"0";"2";"0";"26";"5";""
"202100000549";"200Â 722";"A01";"1";"7";"0";"2";"8";"12";"1";""
"202100000549";"200Â 723";"Z01";"1";"0";"0";"2";"0";"17";"0";""
"202100000550";"200Â 719";"A01";"3";"1";"13";"0";"1";"26";"5";""
"202100000551";"200Â 717";"B01";"3";"30";"0";"2";"1";"1";"1";""
"202100000551";"200Â 718";"A01";"3";"99";"0";"2";"2";"15";"1";""
"202100000552";"200Â 715";"A01";"2";"10";"0";"2";"2";"16";"1";""
"202100000552";"200Â 716";"B01";"2";"1";"0";"2";"1";"1";"5";""
"202100000553";"200Â 713";"B01";"1";"7";"0";"2";"4";"2";"1";""
"202100000553";"200Â 714";"A01";"1";"7";"0";"2";"1";"2";"1";""
"202100000554";"200Â 712";"A01";"2";"99";"1";"0";"2";"1";"3";""
"202100000555";"200Â 710";"A01";"1";"7";"0";"2";"1";"15";"1";""
"202100000555";"200Â 711";"B01";"1";"1";"0";"2";"3";"1";"5";""
"202100000556";"200Â 709";"A01";"1";"0";"0";"1";"1";"1";"1";""
"202100000557";"200Â 708";"A01";"1";"7";"7";"0";"2";"14";"3";""
"202100000558";"200Â 706";"A01";"2";"2";"0";"2";"1";"16";"1";""
"202100000558";"200Â 707";"B01";"0";"7";"0";"2";"1";"1";"1";""
"202100000559";"200Â 701";"A01";"2";"7";"0";"2";"5";"16";"1";""
"202100000559";"200Â 702";"B01";"2";"1";"0";"2";"1";"1";"5";""
"202100000560";"200Â 699";"A01";"2";"7";"0";"2";"1";"19";"1";""
"202100000560";"200Â 700";"B01";"2";"7";"0";"2";"8";"1";"1";""
"202100000561";"200Â 697";"B01";"2";"1";"0";"2";"8";"1";"5";""
"202100000561";"200Â 698";"A01";"1";"7";"0";"2";"3";"15";"1";""
"202100000562";"200Â 696";"A01";"1";"7";"0";"1";"2";"1";"1";""
"202100000563";"200Â 695";"A01";"1";"7";"0";"1";"1";"1";"1";""
"202100000564";"200Â 693";"B01";"1";"1";"0";"2";"5";"26";"5";""
"202100000564";"200Â 694";"A01";"1";"7";"0";"2";"3";"26";"1";""
"202100000565";"200Â 692";"A01";"1";"7";"12";"0";"1";"1";"1";""
"202100000566";"200Â 690";"A01";"1";"7";"0";"2";"1";"1";"1";""
"202100000566";"200Â 691";"B01";"1";"7";"0";"2";"3";"1";"1";""
"202100000567";"200Â 689";"A01";"1";"7";"0";"1";"1";"15";"1";""
"202100000568";"200Â 688";"A01";"2";"99";"0";"0";"0";"0";"3";""
"202100000569";"200Â 685";"A01";"1";"13";"0";"2";"1";"1";"1";""
"202100000569";"200Â 686";"B01";"1";"7";"0";"2";"4";"1";"1";""
"202100000569";"200Â 687";"C01";"1";"7";"0";"2";"4";"1";"1";""
"202100000570";"200Â 683";"B01";"1";"2";"0";"2";"1";"1";"1";""
"202100000570";"200Â 684";"A01";"1";"7";"0";"2";"7";"15";"1";""
"202100000571";"200Â 681";"A01";"0";"7";"0";"2";"1";"15";"1";""
"202100000571";"200Â 682";"B01";"0";"32";"0";"2";"1";"1";"1";""
"202100000572";"200Â 680";"A01";"1";"10";"0";"1";"1";"1";"6";""
"202100000573";"200Â 679";"A01";"1";"7";"15";"0";"9";"1";"1";""
"202100000574";"200Â 677";"B01";"3";"7";"0";"2";"6";"23";"1";""
"202100000574";"200Â 678";"A01";"3";"32";"0";"2";"1";"1";"1";""
"202100000575";"200Â 676";"A01";"1";"7";"0";"1";"0";"26";"1";""
"202100000576";"200Â 673";"C01";"2";"7";"0";"2";"8";"2";"1";""
"202100000576";"200Â 674";"B01";"2";"7";"0";"2";"7";"1";"1";""
"202100000576";"200Â 675";"A01";"2";"7";"0";"2";"9";"9";"1";""
"202100000577";"200Â 671";"A01";"3";"7";"0";"2";"1";"16";"1";""
"202100000577";"200Â 672";"B01";"3";"1";"0";"2";"7";"1";"5";""
"202100000578";"200Â 668";"C01";"0";"7";"0";"2";"1";"26";"1";""
"202100000578";"200Â 669";"B01";"0";"7";"0";"2";"3";"9";"0";""
"202100000578";"200Â 670";"A01";"0";"7";"1";"2";"1";"1";"1";""
"202100000579";"200Â 666";"B01";"1";"7";"0";"2";"1";"1";"1";""
"202100000579";"200Â 667";"A01";"3";"7";"0";"2";"8";"9";"1";""
"202100000580";"200Â 664";"A01";"3";"7";"0";"2";"1";"1";"1";""
"202100000580";"200Â 665";"B01";"3";"7";"0";"2";"7";"15";"1";""
"202100000581";"200Â 662";"B01";"2";"7";"0";"2";"3";"9";"1";""
"202100000581";"200Â 663";"A01";"2";"7";"0";"2";"1";"1";"0";""
"202100000582";"200Â 659";"C01";"2";"15";"0";"2";"6";"1";"1";""
"202100000582";"200Â 660";"B01";"2";"7";"0";"2";"7";"1";"1";""
"202100000582";"200Â 661";"A01";"2";"7";"0";"2";"8";"11";"1";""
"202100000583";"200Â 658";"A01";"1";"1";"1";"0";"1";"21";"5";""
"202100000584";"200Â 656";"A01";"2";"7";"0";"2";"1";"1";"1";""
"202100000584";"200Â 657";"B01";"2";"32";"0";"0";"4";"1";"1";""
"202100000585";"200Â 654";"A01";"2";"7";"0";"2";"1";"9";"1";""
"202100000585";"200Â 655";"B01";"1";"7";"0";"2";"3";"1";"1";""
"202100000586";"200Â 652";"B01";"1";"1";"0";"2";"1";"1";"5";""
"202100000586";"200Â 653";"A01";"2";"7";"0";"9";"8";"9";"1";""
"202100000587";"200Â 650";"A01";"2";"7";"0";"2";"1";"15";"1";""
"202100000587";"200Â 651";"B01";"1";"31";"0";"2";"7";"1";"1";""
"202100000588";"200Â 648";"B01";"1";"7";"0";"2";"4";"0";"1";""
"202100000588";"200Â 649";"A01";"1";"7";"0";"2";"1";"1";"1";""
"202100000589";"200Â 646";"B01";"0";"7";"0";"2";"1";"1";"1";""
"202100000589";"200Â 647";"A01";"0";"7";"0";"2";"1";"13";"1";""
"202100000590";"200Â 645";"A01";"1";"7";"0";"1";"8";"1";"1";""
"202100000591";"200Â 644";"A01";"3";"7";"0";"1";"4";"20";"1";""
"202100000592";"200Â 642";"A01";"1";"7";"0";"1";"1";"1";"3";""
"202100000593";"200Â 640";"A01";"1";"7";"0";"9";"7";"15";"1";""
"202100000593";"200Â 641";"B01";"1";"1";"0";"2";"1";"1";"5";""
"202100000594";"200Â 639";"A01";"1";"80";"0";"0";"0";"1";"3";""
"202100000595";"200Â 637";"A01";"3";"7";"0";"2";"3";"1";"1";""
"202100000595";"200Â 638";"B01";"3";"50";"0";"2";"7";"19";"3";""
"202100000596";"200Â 635";"B01";"3";"50";"0";"2";"1";"3";"3";""
"202100000596";"200Â 636";"A01";"3";"7";"0";"2";"3";"9";"1";""
"202100000597";"200Â 634";"A01";"1";"7";"0";"1";"1";"1";"2";""
"202100000598";"200Â 632";"A01";"3";"7";"0";"2";"3";"5";"1";""
"202100000598";"200Â 633";"B01";"1";"2";"0";"2";"1";"1";"1";""
"202100000599";"200Â 631";"A01";"3";"7";"0";"1";"3";"16";"1";""
"202100000600";"200Â 630";"A01";"1";"30";"0";"2";"0";"0";"1";""
"202100000601";"200Â 628";"A01";"2";"30";"0";"2";"1";"1";"0";""
"202100000601";"200Â 629";"B01";"2";"7";"0";"0";"0";"23";"0";""
"202100000602";"200Â 627";"A01";"3";"10";"0";"0";"0";"1";"1";""
"202100000603";"200Â 626";"A01";"1";"7";"12";"0";"3";"13";"1";""
"202100000604";"200Â 625";"A01";"1";"10";"0";"1";"1";"18";"1";""
"202100000605";"200Â 623";"B01";"1";"7";"0";"2";"1";"1";"1";""
"202100000605";"200Â 624";"A01";"1";"7";"0";"2";"1";"26";"1";""
"202100000606";"200Â 621";"B01";"1";"7";"0";"2";"1";"1";"1";""
"202100000606";"200Â 622";"A01";"1";"7";"0";"2";"1";"15";"1";""
"202100000607";"200Â 620";"A01";"0";"7";"0";"1";"0";"0";"1";""
"202100000608";"200Â 618";"A01";"0";"7";"0";"9";"3";"9";"1";""
"202100000608";"200Â 619";"B01";"0";"50";"0";"2";"1";"26";"3";""
"202100000609";"200Â 617";"A01";"1";"33";"0";"9";"7";"21";"1";""
"202100000610";"200Â 613";"A01";"2";"7";"0";"2";"1";"1";"1";""
"202100000610";"200Â 614";"B01";"2";"7";"0";"2";"6";"1";"1";""
"202100000610";"200Â 615";"C01";"2";"7";"0";"2";"8";"1";"1";""
"202100000610";"200Â 616";"D01";"2";"7";"0";"2";"4";"23";"1";""
"202100000611";"200Â 612";"A01";"3";"7";"7";"0";"1";"13";"1";""
"202100000612";"200Â 610";"A01";"3";"7";"0";"2";"1";"1";"1";""
"202100000612";"200Â 611";"C01";"0";"7";"13";"2";"2";"19";"1";""
"202100000613";"200Â 608";"A01";"3";"7";"0";"2";"1";"13";"1";""
"202100000613";"200Â 609";"B01";"3";"7";"0";"2";"3";"1";"1";""
"202100000614";"200Â 605";"C01";"1";"7";"0";"2";"3";"9";"1";""
"202100000614";"200Â 606";"A01";"1";"7";"0";"0";"2";"1";"1";""
"202100000614";"200Â 607";"B01";"2";"7";"0";"0";"3";"1";"1";""
"202100000615";"200Â 603";"B01";"2";"7";"0";"2";"1";"1";"1";""
"202100000615";"200Â 604";"A01";"1";"7";"0";"2";"1";"13";"1";""
"202100000616";"200Â 602";"A01";"1";"7";"0";"1";"0";"16";"1";""