"Num_Acc";"id_vehicule";"num_veh";"senc";"catv";"obs";"obsm";"choc";"manv";"motor";"occutc"
"202100000617";"200Â 600";"A01";"0";"7";"0";"2";"0";"17";"0";""
"202100000617";"200Â 601";"B01";"0";"30";"0";"2";"1";"1";"1";""
"202100000618";"200Â 599";"A01";"2";"50";"14";"0";"1";"1";"3";""
"202100000619";"200Â 597";"A01";"2";"1";"0";"2";"1";"9";"5";""
"202100000619";"200Â 598";"B01";"3";"3";"0";"2";"2";"1";"1";""
"202100000620";"200Â 595";"A01";"2";"7";"0";"2";"1";"13";"1";""
"202100000620";"200Â 596";"B01";"1";"7";"0";"2";"2";"1";"1";""
"202100000621";"200Â 594";"A01";"1";"7";"0";"1";"3";"1";"1";""
"202100000622";"200Â 592";"B01";"3";"7";"0";"2";"1";"1";"1";""
"202100000622";"200Â 593";"A01";"3";"7";"0";"2";"1";"15";"1";""
"202100000623";"200Â 590";"A01";"2";"7";"0";"2";"1";"11";"1";""
"202100000623";"200Â 591";"B01";"2";"17";"0";"0";"6";"1";"1";""
"202100000624";"200Â 589";"A01";"3";"7";"0";"1";"1";"19";"1";""
"202100000625";"200Â 587";"B01";"3";"1";"0";"2";"8";"19";"5";""
"202100000625";"200Â 588";"A01";"3";"7";"0";"1";"1";"1";"1";""
"202100000626";"200Â 586";"A01";"3";"7";"0";"1";"2";"1";"1";""
"202100000627";"200Â 584";"A01";"2";"7";"0";"2";"3";"1";"1";""
"202100000627";"200Â 585";"B01";"1";"31";"0";"2";"1";"5";"1";""
"202100000628";"200Â 583";"A01";"0";"7";"7";"0";"1";"26";"0";""
"202100000629";"200Â 582";"A01";"3";"7";"0";"1";"2";"2";"1";""
"202100000630";"200Â 580";"A01";"2";"7";"0";"2";"1";"26";"1";""
"202100000630";"200Â 581";"B01";"2";"7";"0";"2";"3";"19";"1";""
"202100000631";"200Â 578";"B01";"1";"32";"0";"2";"1";"0";"1";""
"202100000631";"200Â 579";"A01";"1";"7";"0";"2";"3";"0";"1";""
"202100000632";"200Â 577";"A01";"3";"31";"8";"0";"1";"1";"1";""
"202100000633";"200Â 575";"B01";"2";"7";"0";"2";"4";"26";"1";""
"202100000633";"200Â 576";"A01";"1";"7";"0";"2";"1";"1";"1";""
"202100000634";"200Â 573";"B01";"2";"7";"9";"2";"2";"15";"1";""
"202100000634";"200Â 574";"A01";"1";"32";"9";"2";"1";"1";"1";""
"202100000635";"200Â 570";"A01";"2";"7";"0";"2";"1";"13";"1";""
"202100000635";"200Â 571";"B01";"2";"7";"0";"2";"2";"21";"1";""
"202100000635";"200Â 572";"C01";"2";"7";"13";"0";"1";"21";"1";""
"202100000636";"200Â 569";"A01";"2";"7";"0";"1";"2";"1";"1";""
"202100000637";"200Â 568";"A01";"1";"7";"2";"0";"1";"1";"1";""
"202100000638";"200Â 566";"B01";"1";"7";"0";"2";"4";"1";"1";""
"202100000638";"200Â 567";"A01";"1";"7";"0";"2";"1";"2";"1";""
"202100000639";"200Â 565";"A01";"1";"32";"9";"2";"0";"1";"1";""
"202100000640";"200Â 563";"B01";"1";"7";"9";"2";"4";"1";"1";""
"202100000640";"200Â 564";"A01";"1";"32";"9";"2";"1";"2";"1";""
"202100000641";"200Â 561";"B01";"2";"7";"0";"2";"3";"15";"1";""
"202100000641";"200Â 562";"A01";"1";"7";"0";"2";"3";"1";"1";""
"202100000642";"200Â 560";"A01";"1";"7";"0";"1";"2";"16";"1";""
"202100000643";"200Â 559";"A01";"0";"7";"2";"0";"1";"13";"1";""
"202100000644";"200Â 558";"A01";"1";"15";"0";"1";"1";"1";"1";""
"202100000645";"200Â 557";"A01";"3";"7";"0";"1";"7";"1";"1";""
"202100000646";"200Â 556";"A01";"1";"7";"3";"0";"1";"1";"1";""
"202100000647";"200Â 555";"A01";"0";"7";"13";"0";"8";"26";"1";""
"202100000648";"200Â 552";"A01";"1";"7";"0";"2";"9";"1";"1";""
"202100000648";"200Â 553";"B01";"1";"10";"0";"2";"0";"1";"1";""
"202100000648";"200Â 554";"C01";"1";"7";"0";"2";"0";"0";"3";""
"202100000649";"200Â 551";"A01";"0";"7";"3";"0";"2";"1";"1";""
"202100000650";"200Â 550";"A01";"0";"7";"0";"1";"1";"16";"1";""
"202100000651";"200Â 549";"A01";"1";"7";"0";"1";"1";"1";"1";""
"202100000652";"200Â 546";"C01";"2";"7";"0";"2";"6";"26";"1";""
"202100000652";"200Â 547";"B01";"2";"7";"0";"2";"4";"26";"1";""
"202100000652";"200Â 548";"A01";"2";"7";"0";"2";"1";"1";"1";""
"202100000653";"200Â 545";"A01";"1";"35";"12";"0";"7";"1";"1";""
"202100000654";"200Â 542";"A01";"1";"7";"0";"2";"0";"0";"1";""
"202100000654";"200Â 543";"B01";"1";"7";"0";"2";"1";"1";"1";""
"202100000654";"200Â 544";"C01";"1";"7";"0";"2";"8";"1";"1";""
"202100000655";"200Â 540";"A01";"1";"31";"0";"9";"1";"1";"1";""
"202100000655";"200Â 541";"B01";"2";"2";"0";"9";"8";"15";"1";""
"202100000656";"200Â 539";"A01";"1";"33";"0";"0";"8";"15";"1";""
"202100000657";"200Â 538";"A01";"1";"7";"0";"1";"2";"0";"1";""
"202100000658";"200Â 537";"A01";"2";"7";"0";"1";"1";"1";"1";""
"202100000659";"200Â 535";"B01";"1";"30";"0";"2";"3";"11";"1";""
"202100000659";"200Â 536";"A01";"1";"7";"0";"2";"2";"17";"1";""
"202100000660";"200Â 533";"A01";"1";"7";"0";"2";"1";"1";"1";""
"202100000660";"200Â 534";"B01";"1";"1";"0";"0";"4";"1";"5";""
"202100000661";"200Â 531";"B01";"2";"7";"0";"0";"4";"1";"1";""
"202100000661";"200Â 532";"A01";"2";"7";"0";"2";"1";"2";"1";""
"202100000662";"200Â 529";"B01";"2";"10";"0";"0";"3";"14";"1";""
"202100000662";"200Â 530";"A01";"1";"7";"6";"0";"2";"13";"1";""
"202100000663";"200Â 528";"A01";"2";"7";"2";"0";"3";"1";"1";""
"202100000664";"200Â 527";"A01";"1";"7";"0";"0";"9";"1";"1";""
"202100000665";"200Â 526";"A01";"2";"7";"4";"0";"3";"21";"1";""
"202100000666";"200Â 523";"C01";"2";"7";"0";"2";"3";"1";"1";""
"202100000666";"200Â 524";"B01";"2";"10";"0";"2";"1";"21";"1";""
"202100000666";"200Â 525";"A01";"1";"10";"0";"2";"1";"13";"1";""
"202100000667";"200Â 521";"A01";"3";"2";"0";"2";"8";"15";"1";""
"202100000667";"200Â 522";"B01";"2";"33";"0";"2";"1";"17";"1";""
"202100000668";"200Â 519";"B01";"1";"7";"0";"2";"6";"1";"3";""
"202100000668";"200Â 520";"A01";"2";"33";"0";"2";"1";"1";"1";""
"202100000669";"200Â 517";"A01";"1";"7";"0";"2";"2";"1";"1";""
"202100000669";"200Â 518";"B01";"1";"1";"0";"0";"4";"1";"5";""
"202100000670";"200Â 516";"A01";"3";"7";"8";"0";"2";"1";"1";""
"202100000671";"200Â 514";"B01";"1";"10";"0";"2";"1";"1";"1";""
"202100000671";"200Â 515";"A01";"1";"3";"0";"2";"4";"1";"1";""
"202100000672";"200Â 512";"A01";"1";"33";"0";"2";"1";"3";"1";""
"202100000672";"200Â 513";"B01";"1";"7";"0";"2";"5";"1";"2";""
"202100000673";"200Â 510";"A01";"3";"7";"0";"2";"1";"9";"1";""
"202100000673";"200Â 511";"B01";"3";"7";"0";"2";"4";"2";"1";""
"202100000674";"200Â 508";"A01";"2";"7";"0";"2";"8";"10";"1";""
"202100000674";"200Â 509";"B01";"2";"33";"0";"2";"1";"17";"1";""
"202100000675";"200Â 507";"A01";"1";"30";"0";"0";"0";"0";"1";""
"202100000676";"200Â 505";"B01";"1";"33";"0";"2";"1";"1";"1";""
"202100000676";"200Â 506";"A01";"2";"7";"0";"2";"1";"13";"1";""
"202100000677";"200Â 503";"B01";"3";"7";"0";"0";"5";"2";"1";""
"202100000677";"200Â 504";"A01";"3";"10";"0";"2";"1";"2";"1";""
"202100000678";"200Â 501";"A01";"2";"30";"0";"2";"1";"26";"1";""
"202100000678";"200Â 502";"B01";"2";"2";"0";"2";"1";"11";"1";""
"202100000679";"200Â 499";"A01";"0";"7";"0";"2";"8";"26";"1";""
"202100000679";"200Â 500";"B01";"0";"7";"0";"2";"1";"2";"1";""
"202100000680";"200Â 497";"B01";"3";"7";"0";"2";"3";"1";"1";""
"202100000680";"200Â 498";"A01";"3";"33";"0";"2";"2";"16";"1";""
"202100000681";"200Â 495";"A01";"1";"50";"0";"2";"1";"1";"3";""
"202100000681";"200Â 496";"B01";"2";"7";"0";"2";"7";"15";"1";""
"202100000682";"200Â 492";"B01";"3";"7";"0";"2";"3";"1";"1";""
"202100000682";"200Â 493";"A01";"3";"10";"0";"2";"1";"2";"1";""
"202100000682";"200Â 494";"C01";"3";"7";"0";"2";"4";"15";"1";""
"202100000683";"200Â 491";"A01";"0";"7";"12";"1";"2";"26";"1";""
"202100000684";"200Â 488";"A01";"1";"7";"0";"2";"1";"1";"1";""
"202100000684";"200Â 489";"B01";"1";"7";"0";"2";"4";"1";"1";""
"202100000684";"200Â 490";"C01";"1";"7";"0";"2";"4";"1";"1";""
"202100000685";"200Â 487";"A01";"1";"7";"0";"1";"2";"1";"3";""
"202100000686";"200Â 485";"B01";"3";"7";"0";"2";"2";"1";"0";""
"202100000686";"200Â 486";"A01";"3";"7";"0";"2";"1";"9";"1";""
"202100000687";"200Â 484";"A01";"3";"7";"0";"1";"3";"26";"1";""
"202100000688";"200Â 482";"A01";"3";"7";"0";"2";"2";"5";"1";""
"202100000688";"200Â 483";"B01";"3";"7";"0";"2";"2";"1";"1";""
"202100000689";"200Â 480";"M01";"2";"33";"0";"2";"4";"10";"1";""
"202100000689";"200Â 481";"A01";"2";"10";"0";"2";"3";"9";"1";""
"202100000690";"200Â 478";"B01";"0";"7";"0";"2";"1";"1";"2";""
"202100000690";"200Â 479";"A01";"0";"7";"0";"2";"8";"9";"1";""
"202100000691";"200Â 477";"A01";"0";"7";"0";"0";"9";"1";"1";""
"202100000692";"200Â 476";"A01";"1";"10";"0";"1";"2";"19";"6";""
"202100000693";"200Â 475";"A01";"0";"14";"0";"1";"2";"1";"1";""
"202100000694";"200Â 473";"A01";"0";"7";"0";"2";"3";"1";"1";""
"202100000694";"200Â 474";"B01";"0";"7";"0";"2";"1";"1";"1";""
"202100000695";"200Â 472";"A01";"0";"7";"0";"1";"3";"15";"1";""
"202100000696";"200Â 470";"B01";"1";"7";"0";"0";"5";"2";"3";""
"202100000696";"200Â 471";"A01";"1";"2";"0";"2";"1";"2";"1";""
"202100000697";"200Â 468";"B01";"1";"2";"0";"2";"2";"15";"1";""
"202100000697";"200Â 469";"A01";"2";"7";"0";"2";"3";"9";"1";""
"202100000698";"200Â 466";"A01";"1";"7";"11";"2";"3";"6";"1";""
"202100000698";"200Â 467";"B01";"2";"7";"0";"2";"8";"1";"1";""
"202100000699";"200Â 464";"B01";"1";"7";"0";"2";"5";"1";"1";""
"202100000699";"200Â 465";"A01";"2";"33";"13";"2";"3";"1";"1";""
"202100000700";"200Â 462";"A01";"3";"7";"0";"2";"2";"15";"1";""
"202100000700";"200Â 463";"B01";"3";"7";"0";"2";"3";"19";"1";""
"202100000701";"200Â 460";"A01";"2";"10";"0";"2";"1";"13";"1";""
"202100000701";"200Â 461";"B01";"1";"10";"0";"2";"1";"1";"1";""
"202100000702";"200Â 457";"C01";"1";"7";"0";"2";"4";"2";"1";""
"202100000702";"200Â 458";"B01";"1";"7";"0";"2";"4";"2";"1";""
"202100000702";"200Â 459";"A01";"1";"7";"0";"2";"1";"2";"1";""
"202100000703";"200Â 455";"B01";"1";"34";"0";"2";"2";"1";"1";""
"202100000703";"200Â 456";"A01";"1";"7";"0";"2";"3";"13";"1";""
"202100000704";"200Â 454";"A01";"2";"7";"0";"1";"1";"15";"1";""
"202100000705";"200Â 453";"A01";"2";"7";"6";"0";"2";"14";"1";""
"202100000706";"200Â 451";"A01";"1";"1";"0";"0";"4";"0";"5";""
"202100000706";"200Â 452";"B01";"2";"0";"0";"9";"1";"0";"0";""
"202100000707";"200Â 450";"A01";"3";"7";"2";"0";"2";"1";"1";""
"202100000708";"200Â 448";"A01";"2";"7";"16";"0";"3";"14";"1";""
"202100000709";"200Â 447";"A01";"1";"7";"2";"0";"2";"1";"1";""
"202100000710";"200Â 445";"A01";"1";"7";"0";"2";"2";"13";"1";""
"202100000710";"200Â 446";"B01";"2";"17";"0";"2";"2";"1";"1";""
"202100000711";"200Â 444";"A01";"1";"7";"14";"0";"1";"0";"1";""
"202100000712";"200Â 443";"A01";"2";"7";"13";"0";"2";"1";"1";""
"202100000713";"200Â 442";"A01";"3";"7";"0";"1";"2";"1";"1";""
"202100000714";"200Â 440";"A01";"0";"7";"7";"2";"8";"19";"1";""
"202100000714";"200Â 441";"B01";"1";"38";"0";"2";"1";"1";"1";"1"
"202100000715";"200Â 435";"B01";"2";"7";"0";"2";"7";"15";"1";""
"202100000715";"200Â 436";"A01";"1";"33";"0";"2";"1";"1";"1";""
"202100000716";"200Â 433";"A01";"3";"7";"0";"2";"3";"15";"1";""
"202100000716";"200Â 434";"B01";"3";"32";"0";"2";"1";"0";"1";""
"202100000717";"200Â 431";"B01";"0";"7";"0";"2";"2";"0";"1";""
"202100000717";"200Â 432";"A01";"0";"31";"4";"2";"1";"0";"1";""
"202100000718";"200Â 429";"B01";"2";"30";"0";"2";"1";"1";"1";""
"202100000718";"200Â 430";"A01";"1";"7";"0";"2";"3";"15";"1";""
"202100000719";"200Â 422";"B01";"2";"15";"1";"2";"6";"20";"1";""
"202100000719";"200Â 423";"D01";"2";"7";"1";"0";"3";"21";"1";""
"202100000719";"200Â 424";"F01";"2";"7";"1";"0";"1";"21";"1";""
"202100000719";"200Â 425";"C01";"2";"7";"1";"0";"1";"21";"1";""
"202100000719";"200Â 426";"G01";"2";"7";"1";"0";"1";"21";"1";""
"202100000719";"200Â 427";"A01";"2";"7";"1";"0";"1";"2";"1";""
"202100000719";"200Â 428";"E01";"2";"7";"1";"0";"1";"14";"1";""
"202100000720";"200Â 421";"A01";"2";"7";"4";"0";"8";"9";"1";""
"202100000721";"200Â 419";"A01";"2";"7";"0";"2";"6";"1";"2";""
"202100000721";"200Â 420";"B01";"2";"7";"0";"2";"0";"1";"0";""
"202100000722";"200Â 417";"B01";"1";"32";"0";"2";"2";"2";"1";""
"202100000722";"200Â 418";"A01";"1";"7";"0";"2";"3";"2";"1";""
"202100000723";"200Â 415";"B01";"2";"7";"0";"2";"8";"1";"1";""
"202100000723";"200Â 416";"A01";"2";"17";"0";"2";"7";"12";"1";""
"202100000724";"200Â 414";"A01";"1";"7";"0";"2";"1";"15";"2";""
"202100000725";"200Â 413";"A01";"1";"10";"0";"1";"4";"20";"1";""
"202100000726";"200Â 412";"A01";"2";"7";"0";"1";"1";"1";"1";""
"202100000727";"200Â 411";"A01";"1";"7";"0";"1";"1";"19";"1";""
"202100000728";"200Â 407";"D01";"1";"7";"0";"2";"4";"23";"1";""
"202100000728";"200Â 408";"C01";"1";"7";"0";"2";"1";"23";"1";""
"202100000728";"200Â 409";"B01";"1";"7";"0";"2";"6";"23";"1";""
"202100000728";"200Â 410";"A01";"1";"7";"0";"2";"2";"1";"1";""
"202100000729";"200Â 406";"A01";"1";"7";"0";"1";"1";"1";"1";""
"202100000730";"200Â 405";"A01";"1";"3";"0";"1";"1";"15";"1";""
"202100000731";"200Â 403";"Z01";"1";"10";"0";"0";"0";"0";"1";""
"202100000731";"200Â 404";"A01";"1";"7";"0";"2";"2";"0";"0";""
"202100000732";"200Â 402";"A01";"1";"7";"13";"0";"7";"26";"1";""
"202100000733";"200Â 401";"A01";"2";"30";"12";"0";"2";"26";"1";""
"202100000734";"200Â 400";"A01";"2";"7";"2";"0";"3";"14";"1";""
"202100000735";"200Â 399";"A01";"3";"7";"0";"1";"1";"1";"1";""
"202100000736";"200Â 397";"A01";"3";"7";"0";"1";"1";"1";"1";""
"202100000737";"200Â 396";"A01";"3";"7";"0";"1";"2";"1";"1";""
"202100000738";"200Â 395";"A01";"3";"10";"6";"1";"4";"26";"1";""
"202100000739";"200Â 394";"A01";"3";"7";"0";"1";"0";"0";"1";""
"202100000740";"200Â 393";"A01";"1";"7";"0";"1";"3";"26";"2";""
"202100000741";"200Â 391";"B01";"3";"30";"1";"0";"0";"1";"1";""
"202100000741";"200Â 392";"A01";"3";"7";"0";"2";"2";"24";"1";""
"202100000742";"200Â 389";"A01";"1";"7";"0";"2";"1";"1";"1";""
"202100000742";"200Â 390";"B01";"3";"50";"0";"2";"1";"25";"3";""
"202100000743";"200Â 387";"A01";"1";"7";"0";"2";"0";"26";"0";""
"202100000743";"200Â 388";"B01";"2";"33";"0";"2";"7";"16";"1";""
"202100000744";"200Â 384";"C01";"2";"7";"0";"2";"1";"1";"1";""
"202100000744";"200Â 385";"B01";"2";"7";"0";"2";"1";"1";"0";""
"202100000744";"200Â 386";"A01";"2";"7";"1";"0";"4";"1";"1";""
"202100000745";"200Â 382";"A01";"1";"30";"0";"2";"1";"17";"1";""
"202100000745";"200Â 383";"B01";"1";"7";"0";"2";"3";"15";"1";""
"202100000746";"200Â 380";"B01";"1";"7";"0";"2";"2";"1";"1";""
"202100000746";"200Â 381";"A01";"1";"7";"16";"2";"2";"13";"1";""
"202100000747";"200Â 378";"B01";"3";"10";"8";"2";"3";"1";"1";""
"202100000747";"200Â 379";"A01";"2";"10";"0";"2";"1";"1";"1";""
"202100000748";"200Â 377";"A01";"2";"33";"0";"1";"8";"16";"1";""
"202100000749";"200Â 375";"A01";"2";"7";"0";"2";"2";"15";"1";""
"202100000749";"200Â 376";"B01";"2";"33";"0";"2";"1";"1";"1";""
"202100000750";"200Â 372";"A01";"0";"0";"0";"1";"0";"0";"0";""
"202100000751";"200Â 371";"A01";"0";"0";"0";"1";"0";"0";"0";""
"202100000752";"200Â 369";"B01";"0";"40";"0";"2";"1";"1";"3";""
"202100000752";"200Â 370";"A01";"0";"7";"0";"2";"1";"1";"1";""
"202100000753";"200Â 368";"A01";"1";"31";"4";"0";"7";"14";"3";""
"202100000754";"200Â 365";"B01";"1";"7";"0";"2";"1";"1";"1";""
"202100000754";"200Â 366";"A01";"3";"50";"0";"2";"7";"19";"3";""
"202100000755";"200Â 363";"B01";"1";"7";"0";"2";"4";"15";"1";""
"202100000755";"200Â 364";"A01";"1";"7";"0";"2";"1";"2";"1";""
"202100000756";"200Â 360";"A01";"3";"7";"0";"2";"1";"2";"1";""
"202100000756";"200Â 361";"B01";"3";"7";"0";"2";"4";"2";"1";""
"202100000756";"200Â 362";"C01";"3";"7";"0";"2";"4";"2";"1";""
"202100000757";"200Â 358";"B01";"2";"33";"0";"2";"2";"17";"1";""
"202100000757";"200Â 359";"A01";"2";"7";"2";"2";"8";"20";"1";""
"202100000758";"200Â 356";"B01";"1";"32";"0";"2";"2";"17";"1";""
"202100000758";"200Â 357";"A01";"1";"10";"0";"2";"3";"15";"1";""
"202100000759";"200Â 354";"A01";"2";"33";"0";"2";"1";"1";"1";""
"202100000759";"200Â 355";"B01";"1";"7";"0";"2";"2";"15";"1";""
"202100000760";"200Â 353";"A01";"2";"7";"8";"0";"1";"1";"1";""
"202100000761";"200Â 351";"B01";"3";"7";"0";"2";"1";"23";"1";""
"202100000761";"200Â 352";"A01";"2";"33";"0";"2";"3";"17";"1";""
"202100000762";"200Â 350";"A01";"1";"7";"11";"0";"3";"13";"1";""
"202100000763";"200Â 348";"B01";"1";"2";"0";"2";"3";"1";"1";""
"202100000763";"200Â 349";"A01";"0";"7";"0";"2";"3";"15";"1";""
"202100000764";"200Â 347";"A01";"1";"7";"1";"1";"2";"1";"1";""
"202100000765";"200Â 346";"A01";"1";"7";"0";"1";"1";"1";"1";""
"202100000766";"200Â 345";"A01";"3";"7";"0";"1";"1";"1";"1";""
"202100000767";"200Â 343";"B01";"1";"7";"0";"2";"4";"2";"1";""
"202100000767";"200Â 344";"A01";"1";"7";"0";"2";"1";"2";"1";""
"202100000768";"200Â 341";"B01";"0";"10";"0";"2";"5";"15";"1";""
"202100000768";"200Â 342";"A01";"1";"2";"0";"2";"1";"1";"1";""
"202100000769";"200Â 339";"B01";"3";"7";"0";"2";"8";"19";"0";""
"202100000769";"200Â 340";"A01";"3";"7";"0";"2";"2";"1";"1";""
"202100000770";"200Â 337";"A01";"0";"37";"0";"2";"1";"1";"1";"1"
"202100000770";"200Â 338";"B01";"0";"50";"0";"2";"1";"13";"3";""
"202100000771";"200Â 334";"B01";"2";"7";"0";"2";"4";"2";"2";""
"202100000771";"200Â 335";"A01";"2";"10";"0";"2";"1";"9";"1";""
"202100000771";"200Â 336";"C01";"2";"7";"0";"2";"4";"2";"1";""
"202100000772";"200Â 332";"B01";"1";"7";"0";"2";"2";"1";"1";""
"202100000772";"200Â 333";"A01";"2";"2";"0";"2";"1";"1";"1";""
"202100000773";"200Â 331";"A01";"1";"30";"12";"0";"7";"26";"1";""
"202100000774";"200Â 330";"A01";"0";"30";"0";"2";"0";"1";"3";""
"202100000775";"200Â 328";"B01";"3";"7";"0";"2";"2";"23";"1";""
"202100000775";"200Â 329";"A01";"1";"7";"0";"2";"3";"1";"1";""
"202100000776";"200Â 327";"A01";"1";"7";"14";"0";"1";"1";"1";""
"202100000777";"200Â 325";"Z01";"1";"10";"0";"2";"1";"2";"1";""
"202100000777";"200Â 326";"A01";"1";"7";"0";"2";"6";"23";"1";""
"202100000778";"200Â 323";"A01";"1";"7";"1";"2";"3";"1";"2";""
"202100000778";"200Â 324";"B01";"1";"50";"0";"2";"1";"13";"3";""
"202100000779";"200Â 321";"B01";"1";"7";"0";"2";"3";"1";"1";""
"202100000779";"200Â 322";"A01";"1";"30";"0";"2";"1";"1";"1";""
"202100000780";"200Â 319";"Z01";"2";"13";"0";"2";"2";"22";"0";""
"202100000780";"200Â 320";"A01";"2";"1";"0";"2";"1";"1";"5";""
"202100000781";"200Â 317";"A01";"1";"32";"0";"2";"8";"12";"1";""
"202100000781";"200Â 318";"B01";"1";"7";"0";"2";"5";"1";"1";""
"202100000782";"200Â 314";"C01";"1";"30";"0";"2";"1";"1";"1";""
"202100000782";"200Â 315";"A01";"1";"30";"0";"2";"4";"15";"1";""
"202100000782";"200Â 316";"B01";"1";"30";"0";"2";"1";"1";"3";""
"202100000783";"200Â 313";"A01";"1";"30";"0";"2";"7";"16";"3";""
"202100000784";"200Â 311";"B01";"2";"30";"0";"2";"1";"1";"1";""
"202100000784";"200Â 312";"A01";"2";"7";"0";"2";"6";"10";"1";""
"202100000785";"200Â 310";"A01";"2";"7";"0";"1";"0";"19";"1";""
"202100000786";"200Â 308";"A01";"2";"7";"0";"2";"1";"1";"1";""
"202100000786";"200Â 309";"B01";"2";"7";"0";"2";"4";"23";"1";""
"202100000787";"200Â 307";"Z01";"2";"7";"0";"1";"0";"2";"0";""
"202100000788";"200Â 306";"A01";"1";"7";"1";"0";"1";"1";"1";""
"202100000789";"200Â 304";"A01";"2";"32";"0";"2";"3";"13";"1";""
"202100000789";"200Â 305";"B01";"1";"7";"0";"2";"3";"1";"1";""
"202100000790";"200Â 302";"B01";"2";"34";"0";"2";"7";"16";"1";""
"202100000790";"200Â 303";"Z01";"2";"10";"0";"2";"8";"19";"1";""
"202100000791";"200Â 301";"Z01";" -1";"7";"0";"1";"3";"15";"1";""
"202100000792";"200Â 300";"A01";" -1";"32";"0";"0";"1";"17";"0";""
"202100000793";"200Â 299";"Z01";"3";"7";"12";"1";"1";"1";"1";""
"202100000794";"200Â 297";"B01";"2";"7";"0";"2";"3";"15";"1";""
"202100000794";"200Â 298";"A01";"1";"7";"8";"2";"8";"1";"1";""
"202100000795";"200Â 295";"A01";"2";"7";"0";"2";"5";"16";"1";""
"202100000795";"200Â 296";"B01";"2";"2";"0";"2";"1";"2";"1";""
"202100000796";"200Â 294";"A01";"1";"7";"0";"1";"2";"1";"1";""
"202100000797";"200Â 292";"A01";"1";"10";"0";"2";"3";"16";"1";""
"202100000797";"200Â 293";"B01";"1";"32";"0";"2";"1";"1";"1";""
"202100000798";"200Â 290";"B01";"1";"10";"0";"2";"2";"15";"1";""
"202100000798";"200Â 291";"A01";"2";"2";"0";"2";"3";"1";"1";""
"202100000799";"200Â 288";"B01";"1";"32";"0";"2";"1";"1";"1";""
"202100000799";"200Â 289";"A01";"2";"7";"0";"0";"2";"26";"1";""
"202100000800";"200Â 287";"A01";"1";"7";"14";"0";"5";"14";"1";""
"202100000801";"200Â 286";"A01";"1";"2";"0";"0";"7";"1";"1";""
"202100000802";"200Â 284";"A01";"1";"33";"0";"2";"1";"13";"1";""
"202100000802";"200Â 285";"B01";"2";"7";"0";"2";"3";"1";"1";""
"202100000803";"200Â 282";"B01";"2";"15";"0";"0";"6";"1";"1";""
"202100000803";"200Â 283";"A01";"2";"7";"0";"2";"1";"1";"1";""
"202100000804";"200Â 281";"A01";"1";"7";"13";"0";"1";"0";"1";""
"202100000805";"200Â 280";"A01";"3";"7";"0";"1";"1";"0";"1";""
"202100000806";"200Â 279";"A01";"3";"7";"6";"0";"1";"15";"2";""
"202100000807";"200Â 278";"A01";"2";"7";"2";"0";"1";"1";"1";""
"202100000808";"200Â 276";"B01";"2";"7";"3";"0";"6";"1";"1";""
"202100000808";"200Â 277";"A01";"2";"7";"3";"2";"2";"11";"1";""
"202100000809";"200Â 274";"A01";"1";"7";"0";"2";"1";"2";"1";""
"202100000809";"200Â 275";"B01";"1";"7";"0";"2";"4";"2";"2";""
"202100000810";"200Â 273";"A01";"2";"7";"3";"0";"1";"1";"1";""
"202100000811";"200Â 271";"B01";"2";"7";"0";"2";"4";"2";"1";""
"202100000811";"200Â 272";"A01";"2";"7";"0";"2";"1";"14";"1";""
"202100000812";"200Â 269";"A01";"1";"7";"0";"2";"1";"2";"1";""
"202100000812";"200Â 270";"B01";"1";"7";"0";"2";"4";"2";"1";""
"202100000813";"200Â 267";"A01";"1";"7";"0";"2";"2";"14";"1";""
"202100000813";"200Â 268";"B01";"1";"7";"6";"2";"6";"0";"2";""
"202100000814";"200Â 265";"A01";"2";"33";"0";"2";"2";"3";"1";""
"202100000814";"200Â 266";"B01";"2";"7";"0";"2";"3";"1";"1";""
"202100000815";"200Â 264";"A01";"3";"7";"0";"1";"3";"9";"1";""
"202100000816";"200Â 262";"B01";"1";"7";"0";"2";"5";"2";"1";""
"202100000816";"200Â 263";"A01";"1";"7";"0";"2";"3";"2";"1";""
"202100000817";"200Â 258";"A01";"2";"33";"1";"2";"8";"18";"1";""
"202100000817";"200Â 259";"B01";"2";"10";"0";"2";"7";"1";"1";""
"202100000818";"200Â 257";"A01";"3";"30";"0";"1";"1";"21";"1";""
"202100000819";"200Â 256";"A01";"1";"30";"0";"1";"1";"1";"3";""
"202100000820";"200Â 255";"A01";"3";"15";"0";"1";"0";"16";"1";""
"202100000821";"200Â 254";"A01";"2";"7";"0";"1";"1";"15";"1";""
"202100000822";"200Â 253";"A01";"1";"7";"0";"1";"1";"16";"1";""
"202100000823";"200Â 252";"A01";"3";"10";"0";"1";"1";"1";"1";""
"202100000824";"200Â 250";"A01";"3";"7";"0";"2";"3";"5";"1";""
"202100000824";"200Â 251";"B01";"3";"7";"0";"2";"3";"1";"1";""
"202100000825";"200Â 249";"A01";"1";"33";"0";"1";"3";"26";"1";""
"202100000826";"200Â 248";"A01";"3";"7";"0";"1";"1";"1";"1";""
"202100000827";"200Â 247";"A01";"1";"32";"0";"1";"1";"1";"1";""
"202100000828";"200Â 246";"A01";"0";"7";"0";"1";"0";"0";"1";""
"202100000829";"200Â 245";"A01";"2";"7";"0";"1";"2";"15";"1";""