"Num_Acc";"id_vehicule";"num_veh";"senc";"catv";"obs";"obsm";"choc";"manv";"motor";"occutc"
"202100000830";"200Â 244";"A01";"3";"7";"0";"1";"1";"1";"1";""
"202100000831";"200Â 243";"A01";"3";"37";"0";"1";"8";"2";"1";"1"
"202100000832";"200Â 242";"A01";"3";"32";"0";"1";"1";"17";"1";""
"202100000833";"200Â 240";"A01";"3";"50";"0";"2";"8";"18";"3";""
"202100000833";"200Â 241";"B01";"3";"7";"0";"2";"2";"16";"1";""
"202100000834";"200Â 239";"A01";"1";"7";"4";"1";"2";"21";"1";""
"202100000835";"200Â 238";"A01";"2";"7";"0";"1";"1";"1";"1";""
"202100000836";"200Â 236";"A01";"2";"7";"0";"1";"1";"15";"1";""
"202100000837";"200Â 234";"A01";"1";"7";"0";"2";"1";"15";"1";""
"202100000837";"200Â 235";"B01";"1";"38";"0";"2";"0";"0";"3";"5"
"202100000838";"200Â 233";"A01";"1";"7";"13";"0";"1";"1";"1";""
"202100000839";"200Â 230";"A01";"1";"7";"0";"2";"1";"14";"1";""
"202100000839";"200Â 231";"B01";"1";"7";"0";"2";"9";"14";"1";""
"202100000839";"200Â 232";"C01";"1";"33";"0";"2";"3";"2";"1";""
"202100000840";"200Â 228";"B01";"1";"34";"0";"2";"3";"0";"1";""
"202100000840";"200Â 229";"A01";"2";"7";"0";"9";"6";"15";"1";""
"202100000841";"200Â 227";"A01";"2";"7";"0";"1";"2";"1";"1";""
"202100000842";"200Â 226";"B01";"2";"7";"0";"2";"5";"2";"1";""
"202100000843";"200Â 224";"B01";"1";"50";"0";"2";"0";"16";"3";""
"202100000843";"200Â 225";"A01";"1";"7";"0";"2";"0";"16";"1";""
"202100000844";"200Â 223";"A01";"2";"7";"0";"1";"3";"1";"1";""
"202100000845";"200Â 222";"A01";"2";"7";"0";"1";"4";"4";"2";""
"202100000846";"200Â 221";"A01";"3";"7";"0";"1";"2";"26";"1";""
"202100000847";"200Â 220";"A01";"0";"99";"0";"1";"1";"26";"3";""
"202100000848";"200Â 218";"B01";"2";"7";"0";"2";"5";"23";"1";""
"202100000848";"200Â 219";"A01";"2";"7";"0";"2";"3";"1";"1";""
"202100000849";"200Â 217";"A01";"1";"7";"0";"1";"6";"4";"1";""
"202100000850";"200Â 216";"A01";"3";"7";"0";"1";"1";"9";"1";""
"202100000851";"200Â 215";"A01";"2";"10";"0";"1";"3";"1";"1";""
"202100000852";"200Â 214";"A01";"3";"7";"0";"1";"1";"1";"1";""
"202100000853";"200Â 212";"B01";"3";"43";"0";"2";"1";"1";"1";""
"202100000853";"200Â 213";"A01";"1";"7";"0";"2";"7";"9";"1";""
"202100000854";"200Â 211";"A01";"2";"1";"0";"0";"8";"25";"0";""
"202100000855";"200Â 209";"B01";"2";"7";"7";"2";"4";"23";"1";""
"202100000855";"200Â 210";"A01";"2";"7";"0";"2";"1";"1";"1";""
"202100000856";"200Â 207";"A01";"3";"7";"0";"2";"4";"2";"1";""
"202100000856";"200Â 208";"B01";"3";"7";"0";"2";"4";"2";"1";""
"202100000857";"200Â 204";"C01";"1";"7";"0";"2";"4";"1";"1";""
"202100000857";"200Â 205";"B01";"1";"7";"0";"2";"4";"1";"1";""
"202100000857";"200Â 206";"A01";"1";"99";"0";"2";"1";"1";"1";""
"202100000858";"200Â 202";"B01";"1";"50";"0";"2";"1";"2";"3";""
"202100000858";"200Â 203";"A01";"2";"7";"0";"2";"3";"9";"1";""
"202100000859";"200Â 201";"A01";"1";"7";"9";"0";"5";"22";"0";""
"202100000860";"200Â 200";"A01";"3";"7";"0";"1";"3";"1";"1";""
"202100000861";"200Â 199";"A01";"1";"10";"12";"0";"7";"14";"1";""
"202100000862";"200Â 197";"B01";"3";"7";"0";"2";"1";"1";"1";""
"202100000862";"200Â 198";"A01";"3";"7";"0";"2";"2";"15";"1";""
"202100000863";"200Â 196";"A01";"1";"7";"0";"1";"2";"2";"1";""
"202100000864";"200Â 194";"A01";"1";"7";"0";"2";"1";"1";"1";""
"202100000864";"200Â 195";"B01";"2";"7";"15";"2";"8";"1";"1";""
"202100000865";"200Â 193";"A01";"1";"40";"0";"1";"1";"1";"3";""
"202100000866";"200Â 191";"A01";"2";"7";"1";"0";"3";"13";"1";""
"202100000867";"200Â 190";"A01";"3";"7";"6";"0";"2";"14";"1";""
"202100000868";"200Â 188";"A01";"3";"7";"0";"2";"1";"9";"1";""
"202100000868";"200Â 189";"B01";"3";"1";"0";"2";"2";"1";"5";""
"202100000869";"200Â 186";"A01";"3";"10";"0";"2";"1";"2";"1";""
"202100000869";"200Â 187";"B01";"3";"7";"0";"2";"4";"23";"1";""
"202100000870";"200Â 185";"A01";"3";"36";"0";"0";"0";"0";"1";""
"202100000871";"200Â 183";"A01";"3";"7";"0";"2";"2";"15";"1";""
"202100000871";"200Â 184";"B01";"3";"30";"0";"2";"1";"1";"1";""
"202100000872";"200Â 182";"A01";"3";"7";"13";"0";"1";"13";"1";""
"202100000873";"200Â 181";"A01";"2";"10";"13";"0";"9";"1";"1";""
"202100000874";"200Â 180";"A01";"1";"7";"0";"1";"8";"26";"1";""
"202100000875";"200Â 179";"A01";"2";"7";"0";"1";"3";"1";"1";""
"202100000876";"200Â 178";"A01";"2";"7";"2";"0";"2";"26";"0";""
"202100000877";"200Â 177";"A01";"1";"7";"3";"0";"1";"14";"1";""
"202100000878";"200Â 175";"A01";"2";"7";"0";"2";"1";"16";"1";""
"202100000878";"200Â 176";"B01";"2";"7";"0";"2";"3";"15";"1";""
"202100000879";"200Â 173";"A01";"2";"7";"0";"2";"8";"15";"1";""
"202100000879";"200Â 174";"B01";"2";"7";"0";"2";"1";"1";"1";""
"202100000880";"200Â 171";"A01";"1";"7";"0";"2";"2";"15";"1";""
"202100000880";"200Â 172";"B01";"2";"7";"0";"2";"3";"1";"1";""
"202100000881";"200Â 169";"A01";"3";"7";"0";"2";"6";"20";"1";""
"202100000881";"200Â 170";"B01";"3";"7";"0";"2";"5";"26";"1";""
"202100000882";"200Â 168";"A01";"2";"10";"0";"1";"4";"4";"1";""
"202100000883";"200Â 167";"A01";"1";"7";"0";"1";"1";"1";"1";""
"202100000884";"200Â 166";"A01";"3";"7";"0";"1";"2";"25";"1";""
"202100000885";"200Â 164";"A01";"1";"10";"0";"2";"3";"15";"1";""
"202100000885";"200Â 165";"B01";"1";"34";"0";"2";"1";"2";"1";""
"202100000886";"200Â 162";"B01";"2";"7";"0";"2";"5";"23";"1";""
"202100000886";"200Â 163";"A01";"2";"7";"0";"2";"3";"2";"1";""
"202100000887";"200Â 160";"B01";"2";"43";"0";"2";"3";"1";"1";""
"202100000887";"200Â 161";"A01";"1";"7";"0";"2";"3";"9";"1";""
"202100000888";"200Â 158";"A01";"3";"10";"0";"2";"3";"22";"1";""
"202100000888";"200Â 159";"B01";"1";"1";"0";"2";"2";"1";"5";""
"202100000889";"200Â 156";"A01";"1";"7";"0";"2";"8";"15";"1";""
"202100000889";"200Â 157";"B01";"1";"43";"0";"2";"1";"1";"1";""
"202100000890";"200Â 154";"A01";"1";"7";"0";"2";"1";"13";"1";""
"202100000890";"200Â 155";"B01";"2";"7";"0";"2";"3";"1";"1";""
"202100000891";"200Â 152";"A01";"2";"7";"0";"2";"1";"1";"1";""
"202100000891";"200Â 153";"B01";"2";"7";"0";"0";"4";"1";"1";""
"202100000892";"200Â 151";"A01";"1";"10";"0";"1";"3";"26";"1";""
"202100000893";"200Â 149";"B01";"1";"31";"0";"2";"1";"1";"1";""
"202100000893";"200Â 150";"A01";"2";"7";"0";"2";"5";"15";"2";""
"202100000894";"200Â 147";"A01";"1";"7";"0";"2";"5";"15";"1";""
"202100000894";"200Â 148";"B01";"2";"30";"0";"2";"1";"1";"1";""
"202100000895";"200Â 145";"B01";"2";"31";"0";"2";"3";"1";"1";""
"202100000895";"200Â 146";"A01";"1";"7";"0";"2";"1";"15";"1";""
"202100000896";"200Â 143";"B01";"1";"7";"0";"2";"4";"26";"1";""
"202100000896";"200Â 144";"A01";"1";"32";"0";"2";"7";"19";"1";""
"202100000897";"200Â 142";"B01";"3";"7";"0";"1";"1";"15";"1";""
"202100000898";"200Â 140";"B01";"2";"32";"0";"2";"1";"2";"1";""
"202100000898";"200Â 141";"A01";"2";"10";"1";"2";"3";"15";"1";""
"202100000899";"200Â 139";"A01";"1";"34";"1";"0";"1";"1";"1";""
"202100000900";"200Â 137";"A01";"1";"7";"0";"2";"6";"0";"1";""
"202100000900";"200Â 138";"B01";"1";"32";"0";"2";"2";"2";"1";""
"202100000901";"200Â 135";"B01";"1";"7";"0";"2";"3";"1";"1";""
"202100000901";"200Â 136";"A01";"1";"10";"0";"2";"2";"1";"1";""
"202100000902";"200Â 134";"A01";"1";"7";"4";"0";"1";"0";"1";""
"202100000903";"200Â 133";"A01";"1";"10";"0";"1";"2";"9";"1";""
"202100000904";"200Â 131";"A01";"2";"7";"0";"0";"4";"21";"1";""
"202100000904";"200Â 132";"B01";"2";"7";"0";"2";"1";"1";"1";""
"202100000905";"200Â 129";"A01";"1";"33";"0";"2";"8";"1";"1";""
"202100000905";"200Â 130";"B01";"2";"10";"0";"2";"8";"1";"1";""
"202100000906";"200Â 127";"A01";"2";"7";"0";"2";"2";"15";"1";""
"202100000906";"200Â 128";"B01";"1";"33";"0";"2";"1";"1";"1";""
"202100000907";"200Â 125";"A01";"2";"7";"0";"2";"1";"13";"1";""
"202100000907";"200Â 126";"B01";"1";"7";"0";"2";"1";"1";"1";""
"202100000908";"200Â 123";"A01";"1";"7";"0";"2";"1";"13";"1";""
"202100000908";"200Â 124";"B01";"2";"7";"0";"2";"1";"1";"1";""
"202100000909";"200Â 119";"B01";"1";"33";"0";"2";"1";"1";"1";""
"202100000909";"200Â 120";"A01";"2";"7";"0";"2";"2";"15";"1";""
"202100000910";"200Â 117";"B01";"2";"10";"6";"1";"6";"16";"1";""
"202100000910";"200Â 118";"A01";"2";"7";"0";"2";"2";"2";"1";""
"202100000911";"200Â 115";"A01";"0";"7";"0";"0";"7";"15";"1";""
"202100000911";"200Â 116";"B01";"3";"33";"0";"2";"1";"1";"1";""
"202100000912";"200Â 112";"B01";"1";"7";"0";"2";"2";"17";"1";""
"202100000912";"200Â 113";"A01";"1";"7";"0";"2";"6";"1";"1";""
"202100000913";"200Â 111";"A01";"2";"7";"0";"1";"3";"1";"1";""
"202100000914";"200Â 109";"B01";"2";"7";"0";"2";"5";"15";"1";""
"202100000914";"200Â 110";"A01";"2";"33";"0";"0";"1";"1";"1";""
"202100000915";"200Â 108";"A01";"1";"7";"10";"0";"1";"14";"1";""
"202100000916";"200Â 107";"A01";"2";"7";"2";"0";"1";"2";"1";""
"202100000917";"200Â 106";"A01";"1";"10";"0";"1";"1";"1";"1";""
"202100000918";"200Â 105";"A01";"2";"7";"0";"1";"3";"5";"1";""
"202100000919";"200Â 104";"A01";"1";"2";"15";"0";"1";"13";"1";""
"202100000920";"200Â 102";"B01";"1";"7";"0";"2";"4";"2";"1";""
"202100000920";"200Â 103";"A01";"1";"7";"0";"2";"1";"2";"1";""
"202100000921";"200Â 100";"A01";"1";"7";"0";"2";"3";"17";"1";""
"202100000921";"200Â 101";"B01";"2";"7";"0";"2";"3";"1";"1";""
"202100000922";"200Â 099";"A01";"2";"7";"13";"0";"2";"14";"1";""
"202100000923";"200Â 097";"A01";"2";"2";"0";"2";"7";"15";"1";""
"202100000923";"200Â 098";"B01";"1";"7";"0";"2";"1";"1";"1";""
"202100000924";"200Â 096";"A01";"2";"7";"13";"0";"2";"21";"1";""
"202100000925";"200Â 095";"A01";"1";"34";"0";"6";"1";"1";"1";""
"202100000926";"200Â 093";"B01";"1";"7";"0";"2";"1";"1";"1";""
"202100000926";"200Â 094";"A01";"2";"10";"0";"2";"1";"13";"1";""
"202100000927";"200Â 092";"A01";"2";"7";"8";"0";"3";"1";"1";""
"202100000928";"200Â 091";"A01";"3";"2";"0";"1";"1";"1";"1";""
"202100000929";"200Â 088";"A01";"2";"10";"0";"2";"1";"1";"1";""
"202100000929";"200Â 089";"B01";"2";"7";"0";"2";"4";"1";"1";""
"202100000929";"200Â 090";"C01";"2";"10";"0";"0";"4";"1";"1";""
"202100000930";"200Â 086";"B01";"1";"7";"0";"2";"2";"19";"1";""
"202100000930";"200Â 087";"A01";"2";"7";"0";"2";"1";"1";"1";""
"202100000931";"200Â 085";"B01";"1";"30";"0";"0";"0";"0";"1";""
"202100000932";"200Â 084";"A01";"2";"7";"2";"0";"8";"13";"1";""
"202100000933";"200Â 082";"B01";"1";"7";"0";"0";"0";"0";"0";""
"202100000933";"200Â 083";"A01";"1";"7";"13";"0";"1";"1";"1";""
"202100000934";"200Â 079";"B01";"3";"2";"0";"2";"1";"17";"0";""
"202100000934";"200Â 080";"A01";"3";"7";"0";"2";"3";"15";"1";""
"202100000935";"200Â 078";"A01";"1";"7";"0";"0";"0";"17";"1";""
"202100000936";"200Â 076";"A01";"3";"7";"0";"2";"1";"1";"1";""
"202100000936";"200Â 077";"B01";"3";"32";"0";"0";"4";"1";"1";""
"202100000937";"200Â 075";"A01";"1";"7";"2";"0";"7";"1";"1";""
"202100000938";"200Â 073";"A01";"0";"7";"0";"2";"1";"1";"1";""
"202100000938";"200Â 074";"B01";"0";"7";"0";"2";"1";"1";"1";""
"202100000939";"200Â 071";"A01";"2";"7";"0";"2";"3";"13";"2";""
"202100000939";"200Â 072";"B01";"1";"7";"0";"2";"3";"1";"1";""
"202100000940";"200Â 069";"A01";"2";"7";"0";"2";"7";"21";"1";""
"202100000940";"200Â 070";"B01";"3";"1";"0";"2";"8";"19";"5";""
"202100000941";"200Â 067";"B01";"2";"7";"6";"2";"3";"1";"1";""
"202100000941";"200Â 068";"A01";"1";"7";"3";"2";"3";"14";"1";""
"202100000942";"200Â 066";"A01";"1";"2";"0";"0";"0";"1";"1";""
"202100000943";"200Â 065";"A01";"1";"7";"2";"0";"3";"1";"1";""
"202100000944";"200Â 064";"A01";"1";"2";"13";"0";"1";"2";"1";""
"202100000945";"200Â 062";"B01";"3";"1";"0";"2";"1";"1";"5";""
"202100000945";"200Â 063";"A01";"3";"7";"0";"2";"3";"15";"1";""
"202100000946";"200Â 059";"A01";"2";"7";"0";"2";"2";"13";"1";""
"202100000946";"200Â 060";"B01";"2";"10";"13";"2";"3";"1";"1";""
"202100000946";"200Â 061";"C01";"2";"7";"0";"2";"1";"1";"1";""
"202100000947";"200Â 058";"A01";"2";"7";"0";"1";"3";"13";"1";""
"202100000948";"200Â 057";"A01";"1";"7";"3";"0";"9";"1";"1";""
"202100000949";"200Â 056";"A01";"2";"7";"3";"0";"3";"1";"1";""
"202100000950";"200Â 052";"B01";"1";"33";"0";"2";"8";"1";"1";""
"202100000950";"200Â 053";"A01";"1";"7";"0";"2";"7";"12";"1";""
"202100000950";"200Â 054";"U01";"1";"7";"0";"0";"0";"0";"0";""
"202100000950";"200Â 055";"T01";"1";"7";"0";"0";"0";"0";"0";""
"202100000951";"200Â 051";"A01";"1";"7";"3";"0";"1";"13";"1";""
"202100000952";"200Â 050";"A01";"2";"7";"0";"0";"7";"12";"0";""
"202100000953";"200Â 048";"A01";"1";"7";"0";"2";"1";"2";"1";""
"202100000953";"200Â 049";"B01";"1";"7";"0";"2";"4";"2";"1";""
"202100000954";"200Â 045";"A01";"2";"14";"0";"2";"1";"2";"1";""
"202100000954";"200Â 046";"B01";"2";"15";"0";"2";"1";"1";"1";""
"202100000954";"200Â 047";"C01";"2";"15";"0";"2";"4";"1";"1";""
"202100000955";"200Â 042";"C01";"1";"30";"0";"2";"4";"1";"1";""
"202100000955";"200Â 043";"B01";"1";"7";"0";"2";"5";"1";"1";""
"202100000955";"200Â 044";"A01";"1";"7";"3";"2";"2";"13";"1";""
"202100000956";"200Â 041";"A01";"2";"33";"0";"0";"3";"1";"1";""
"202100000957";"200Â 040";"A01";"3";"7";"0";"1";"1";"1";"1";""
"202100000958";"200Â 038";"B01";"3";"2";"0";"2";"6";"1";"1";""
"202100000958";"200Â 039";"A01";"2";"7";"0";"2";"2";"16";"0";""
"202100000959";"200Â 036";"A01";"1";"99";"0";"1";"0";"26";"1";""
"202100000960";"200Â 035";"A01";"0";"7";"0";"1";"1";"25";"1";""
"202100000961";"200Â 034";"A01";"0";"7";"0";"1";"1";"13";"1";""
"202100000962";"200Â 033";"A01";"1";"1";"0";"0";"0";"1";"5";""
"202100000963";"200Â 032";"A01";"3";"7";"0";"1";"3";"1";"1";""
"202100000964";"200Â 030";"B01";"3";"99";"0";"2";"1";"0";"0";""
"202100000964";"200Â 031";"A01";"3";"99";"0";"2";"0";"0";"0";""
"202100000965";"200Â 029";"A01";"2";"33";"0";"1";"0";"26";"1";""
"202100000966";"200Â 027";"A01";"2";"7";"0";"2";"3";"15";"0";""
"202100000966";"200Â 028";"B01";"1";"2";"0";"2";"1";"0";"0";""
"202100000967";"200Â 026";"A01";"1";"10";"0";"1";"1";"1";"1";""
"202100000968";"200Â 024";"B01";"2";"31";"0";"2";"1";"17";"1";""
"202100000968";"200Â 025";"A01";"1";"7";"0";"2";"8";"15";"1";""
"202100000969";"200Â 023";"A01";"1";"7";"0";"1";"2";"1";"1";""
"202100000970";"200Â 021";"B01";"1";"7";"0";"2";"1";"1";"1";""
"202100000970";"200Â 022";"A01";"3";"7";"0";"2";"8";"9";"1";""
"202100000971";"200Â 020";"B01";"1";"2";"1";"0";"1";"1";"1";""
"202100000972";"200Â 019";"A01";"3";"43";"8";"0";"1";"26";"1";""
"202100000973";"200Â 018";"A01";"1";"7";"0";"1";"1";"0";"0";""
"202100000974";"200Â 016";"A01";"2";"7";"0";"2";"8";"0";"0";""
"202100000974";"200Â 017";"B01";"0";"50";"0";"2";"3";"25";"3";""
"202100000975";"200Â 015";"A01";"1";"7";"15";"0";"4";"14";"1";""
"202100000976";"200Â 014";"A01";"1";"7";"0";"1";"1";"1";"1";""
"202100000977";"200Â 008";"B01";"2";"10";"0";"2";"1";"9";"1";""
"202100000977";"200Â 009";"A01";"2";"7";"0";"2";"8";"9";"1";""
"202100000978";"200Â 007";"B01";"0";"1";"0";"1";"0";"1";"5";""
"202100000979";"200Â 005";"B01";"0";"1";"0";"2";"1";"1";"0";""
"202100000979";"200Â 006";"A01";"0";"7";"0";"2";"3";"15";"1";""
"202100000980";"200Â 004";"A01";"2";"7";"0";"1";"1";"19";"1";""
"202100000981";"200Â 002";"C01";"3";"60";"0";"2";"0";"19";"5";""
"202100000981";"200Â 003";"B01";"0";"7";"0";"2";"5";"16";"1";""
"202100000982";"200Â 000";"A01";"1";"2";"9";"2";"8";"1";"1";""
"202100000982";"200Â 001";"B01";"2";"7";"0";"2";"3";"15";"1";""
"202100000983";"199Â 998";"A01";"2";"7";"0";"2";"1";"1";"1";""
"202100000983";"199Â 999";"B01";"1";"1";"0";"2";"8";"19";"5";""
"202100000984";"199Â 996";"B01";"3";"7";"0";"2";"3";"1";"1";""
"202100000984";"199Â 997";"A01";"3";"7";"0";"2";"1";"13";"1";""
"202100000985";"199Â 992";"B01";"3";"2";"0";"2";"1";"1";"1";""
"202100000985";"199Â 993";"A01";"3";"7";"0";"2";"3";"15";"1";""
"202100000986";"199Â 991";"A01";"2";"40";"0";"1";"1";"0";"0";""
"202100000987";"199Â 989";"B01";"2";"33";"0";"2";"0";"1";"1";""
"202100000987";"199Â 990";"A01";"1";"7";"0";"2";"7";"15";"1";""
"202100000988";"199Â 988";"A01";"3";"7";"0";"1";"1";"15";"1";""
"202100000989";"199Â 987";"A01";"2";"7";"0";"0";"7";"14";"1";""
"202100000990";"199Â 986";"A01";"1";"7";"0";"1";"1";"15";"1";""
"202100000991";"199Â 985";"A01";"3";"32";"0";"0";"7";"1";"1";""
"202100000992";"199Â 984";"A01";"1";"7";"0";"1";"1";"1";"1";""
"202100000993";"199Â 983";"A01";"1";"7";"0";"1";"2";"1";"1";""
"202100000994";"199Â 982";"A01";"1";"33";"0";"1";"1";"1";"1";""
"202100000995";"199Â 981";"A01";"2";"2";"12";"0";"1";"1";"1";""
"202100000996";"199Â 979";"B01";"1";"7";"0";"2";"3";"11";"1";""
"202100000996";"199Â 980";"A01";"2";"30";"0";"2";"1";"18";"1";""
"202100000997";"199Â 978";"A01";"1";"7";"8";"0";"2";"14";"1";""
"202100000998";"199Â 977";"A01";"1";"7";"1";"1";"1";"16";"1";""
"202100000999";"199Â 975";"B01";"1";"7";"0";"2";"1";"1";"1";""
"202100000999";"199Â 976";"A01";"2";"7";"0";"2";"5";"15";"1";""
"202100001000";"199Â 974";"A01";"3";"7";"0";"1";"0";"9";"0";""
"202100001001";"199Â 973";"A01";"3";"7";"0";"1";"3";"1";"1";""
"202100001002";"199Â 972";"A01";"2";"7";"4";"0";"3";"13";"1";""
"202100001003";"199Â 971";"A01";"1";"10";"0";"1";"1";"15";"1";""
"202100001004";"199Â 969";"B01";"2";"7";"0";"2";"8";"1";"1";""
"202100001004";"199Â 970";"A01";"2";"3";"0";"2";"1";"1";"1";""
"202100001005";"199Â 967";"B01";"3";"1";"0";"2";"1";"1";"5";""
"202100001005";"199Â 968";"A01";"3";"7";"0";"2";"7";"19";"1";""
"202100001006";"199Â 965";"B01";"2";"10";"0";"2";"2";"17";"1";""
"202100001006";"199Â 966";"A01";"2";"7";"0";"2";"8";"15";"1";""
"202100001007";"199Â 963";"B01";"2";"7";"6";"2";"8";"1";"1";""
"202100001007";"199Â 964";"A01";"1";"7";"1";"2";"1";"1";"1";""
"202100001008";"199Â 962";"A01";"1";"7";"0";"1";"1";"1";"1";""
"202100001009";"199Â 961";"A01";"1";"7";"0";"0";"7";"26";"1";""
"202100001010";"199Â 960";"A01";"1";"7";"0";"0";"9";"26";"1";""
"202100001011";"199Â 958";"A01";"1";"30";"0";"0";"0";"21";"1";""
"202100001011";"199Â 959";"B01";"1";"7";"0";"0";"0";"20";"1";""
"202100001012";"199Â 956";"A01";"3";"7";"0";"2";"7";"1";"1";""
"202100001012";"199Â 957";"B01";"3";"7";"0";"2";"1";"1";"1";""
"202100001013";"199Â 954";"B01";"0";"30";"0";"2";"1";"2";"1";""
"202100001013";"199Â 955";"A01";"0";"7";"0";"2";"3";"16";"1";""
"202100001014";"199Â 952";"B01";"1";"33";"0";"2";"1";"1";"1";""
"202100001014";"199Â 953";"A01";"1";"7";"0";"2";"2";"1";"1";""
"202100001015";"199Â 950";"A01";"1";"7";"0";"2";"5";"15";"1";""
"202100001015";"199Â 951";"B01";"2";"31";"0";"2";"8";"1";"1";""
"202100001016";"199Â 948";"A01";"3";"7";"0";"2";"2";"16";"1";""
"202100001016";"199Â 949";"B01";"3";"30";"0";"2";"6";"1";"1";""
"202100001017";"199Â 946";"B01";"1";"7";"0";"0";"4";"1";"1";""
"202100001017";"199Â 947";"A01";"1";"7";"0";"2";"1";"9";"1";""
"202100001018";"199Â 945";"A01";"0";"7";"0";"1";"1";"1";"1";""
"202100001019";"199Â 943";"A01";"3";"7";"0";"2";"1";"1";"1";""
"202100001019";"199Â 944";"B01";"3";"1";"0";"2";"4";"9";"5";""
"202100001020";"199Â 942";"A01";"3";"10";"1";"0";"1";"13";"1";""
"202100001021";"199Â 939";"C01";"2";"7";"0";"2";"0";"0";"1";""
"202100001021";"199Â 940";"A01";"2";"7";"8";"1";"1";"1";"1";""
"202100001021";"199Â 941";"B01";"1";"7";"0";"2";"6";"1";"1";""
"202100001022";"199Â 937";"B01";"1";"31";"0";"2";"1";"1";"1";""
"202100001022";"199Â 938";"A01";"2";"7";"0";"2";"7";"15";"1";""
"202100001023";"199Â 935";"A01";"1";"30";"0";"2";"7";"1";"1";""
"202100001023";"199Â 936";"Z01";"1";"7";"0";"2";"0";"19";"0";""
"202100001024";"199Â 933";"A01";"2";"7";"0";"2";"7";"16";"1";""
"202100001024";"199Â 934";"B01";"2";"50";"0";"2";"1";"1";"3";""
"202100001025";"199Â 932";"A01";"2";"7";"0";"1";"1";"1";"1";""
"202100001026";"199Â 930";"B01";"2";"10";"0";"2";"3";"1";"1";""
"202100001026";"199Â 931";"A01";"1";"7";"0";"2";"1";"15";"1";""
"202100001027";"199Â 929";"A01";"2";"30";"16";"0";" -1";"1";"1";""
"202100001028";"199Â 928";"A01";"1";"7";"0";"1";"2";"16";"1";""
"202100001029";"199Â 926";"B01";"2";"7";"0";"2";"1";"1";"1";""
"202100001029";"199Â 927";"A01";"1";"7";"0";"2";"1";"1";"1";""
"202100001030";"199Â 925";"A01";"1";"2";"0";"0";"0";"12";"1";""
"202100001031";"199Â 924";"A01";"3";"7";"0";"1";"2";"9";"1";""
"202100001032";"199Â 921";"A01";"3";"7";"0";"2";"3";"1";"1";""
"202100001032";"199Â 922";"B01";"3";"1";"0";"2";"2";"0";"5";""
"202100001033";"199Â 920";"A01";"1";"7";"0";"1";"1";"1";"1";""
"202100001034";"199Â 919";"A01";"2";"7";"0";"1";"1";"1";"1";""
"202100001035";"199Â 917";"A01";"0";"7";"0";"2";"3";"13";"1";""
"202100001035";"199Â 918";"B01";"0";"7";"0";"2";"1";"1";"0";""
"202100001036";"199Â 915";"A01";"1";"2";"0";"2";"3";"26";"1";""
"202100001036";"199Â 916";"B01";"2";"7";"0";"2";"3";"15";"1";""
"202100001037";"199Â 914";"A01";"1";"7";"0";"1";"3";"1";"1";""
"202100001038";"199Â 908";"A01";"1";"7";"0";"2";"1";"1";"1";""
"202100001038";"199Â 909";"B01";"1";"7";"0";"2";"8";"16";"1";""
"202100001039";"199Â 906";"A01";"2";"7";"0";"2";"1";"15";"1";""
"202100001039";"199Â 907";"B01";"1";"7";"0";"2";"1";"1";"1";""
"202100001040";"199Â 905";"Z01";"0";"2";"0";"1";"0";"21";"1";""
"202100001041";"199Â 903";"B01";"3";"32";"0";"2";"1";"17";"1";""
"202100001041";"199Â 904";"A01";"3";"10";"0";"2";"1";"2";"1";""
"202100001042";"199Â 901";"A01";"1";"7";"0";"2";"2";"15";"1";""
"202100001042";"199Â 902";"B01";"2";"7";"0";"2";"2";"1";"1";""
"202100001043";"199Â 899";"B01";"3";"7";"0";"2";"4";"23";"0";""
"202100001043";"199Â 900";"A01";"1";"32";"0";"2";"1";"1";"0";""
"202100001044";"199Â 897";"A01";"1";"7";"0";"2";"2";"16";"1";""
"202100001044";"199Â 898";"B01";"1";"31";"0";"2";"1";"1";"1";""
"202100001045";"199Â 894";"A01";"3";"7";"0";"2";"1";"1";"1";""
"202100001045";"199Â 895";"B01";"3";"7";"0";"2";"1";"1";"1";""
"202100001045";"199Â 896";"C01";"3";"7";"0";"2";"4";"1";"1";""
"202100001046";"199Â 893";"A01";"3";"7";"8";"0";"1";"1";"1";""
"202100001047";"199Â 891";"B01";"2";"10";"0";"2";"8";"1";"0";""
"202100001047";"199Â 892";"A01";"1";"7";"0";"2";"1";"1";"0";""
"202100001048";"199Â 889";"B01";"2";"7";"0";"2";"1";"0";"1";""
"202100001048";"199Â 890";"A01";"1";"1";"0";"2";"7";"15";"5";""
"202100001049";"199Â 885";"D01";"2";"7";"0";"2";"1";"2";"1";""
"202100001049";"199Â 886";"C01";"2";"7";"0";"2";"4";"2";"1";""
"202100001049";"199Â 887";"B01";"2";"7";"0";"2";"4";"2";"1";""
"202100001049";"199Â 888";"A01";"2";"7";"0";"2";"4";"2";"3";""
"202100001050";"199Â 882";"A01";"2";"10";"0";"2";"1";"2";"1";""
"202100001050";"199Â 883";"C01";"2";"7";"0";"2";"6";"2";"1";""
"202100001050";"199Â 884";"B01";"2";"7";"0";"2";"4";"2";"1";""
"202100001051";"199Â 880";"A01";"1";"7";"0";"2";"6";"2";"1";""
"202100001051";"199Â 881";"B01";"1";"30";"0";"2";"1";"2";"1";""
"202100001052";"199Â 878";"B01";"1";"43";"0";"2";"1";"1";"1";""