"Num_Acc";"id_vehicule";"num_veh";"senc";"catv";"obs";"obsm";"choc";"manv";"motor";"occutc"
"202100001052";"199Â 879";"A01";"2";"7";"0";"2";"2";"15";"2";""
"202100001053";"199Â 877";"A01";"1";"30";"0";"0";"0";"1";"1";""
"202100001054";"199Â 875";"A01";"1";"7";"0";"2";"3";"22";"1";""
"202100001054";"199Â 876";"B01";"1";"50";"0";"2";"1";"1";"3";""
"202100001055";"199Â 874";"A01";"1";"10";"0";"1";"2";"16";"1";""
"202100001056";"199Â 873";"A01";"2";"10";"0";"1";"7";"1";"1";""
"202100001057";"199Â 871";"B01";"2";"7";"0";"2";"1";"15";"1";""
"202100001057";"199Â 872";"A01";"1";"80";"0";"2";"2";"1";"3";""
"202100001058";"199Â 870";"A01";"1";"30";"0";"1";"1";"1";"3";""
"202100001059";"199Â 868";"A01";"1";"50";"0";"2";"8";"1";"3";""
"202100001059";"199Â 869";"B01";"2";"30";"0";"2";"1";"1";"1";""
"202100001060";"199Â 867";"A01";"3";"32";"0";"0";"1";"21";"1";""
"202100001061";"199Â 866";"A01";"1";"30";"1";"0";"5";"13";"1";""
"202100001062";"199Â 865";"A01";"2";"10";"0";"1";"2";"16";"1";""
"202100001063";"199Â 863";"A01";"2";"7";"0";"2";"2";"1";"1";""
"202100001063";"199Â 864";"B01";"1";"1";"0";"2";"7";"1";"5";""
"202100001064";"199Â 861";"A01";"1";"7";"0";"2";"5";"1";"2";""
"202100001064";"199Â 862";"B01";"2";"10";"0";"2";"1";"1";"1";""
"202100001065";"199Â 860";"A01";"1";"30";"0";"0";"0";"21";"1";""
"202100001066";"199Â 858";"A01";"1";"7";"0";"2";"2";"15";"1";""
"202100001066";"199Â 859";"B01";"2";"34";"0";"2";"1";"1";"1";""
"202100001067";"199Â 853";"A01";"1";"30";"0";"1";"1";"2";"1";""
"202100001068";"199Â 852";"A01";"2";"7";"0";"1";"3";"1";"1";""
"202100001069";"199Â 851";"A01";"2";"7";"0";"1";"5";"19";"1";""
"202100001070";"199Â 849";"B01";"1";"7";"0";"2";"3";"21";"1";""
"202100001070";"199Â 850";"A01";"2";"7";"12";"2";"3";"26";"1";""
"202100001071";"199Â 848";"A01";"3";"7";"9";"1";"2";"15";"1";""
"202100001072";"199Â 847";"A01";"0";"7";"0";"1";"1";"9";"1";""
"202100001073";"199Â 845";"B01";"1";"30";"0";"2";"5";"26";"1";""
"202100001073";"199Â 846";"A01";"1";"3";"0";"2";"2";"1";"1";""
"202100001074";"199Â 844";"A01";"1";"7";"0";"1";"1";"1";"1";""
"202100001075";"199Â 841";"A01";"2";"10";"0";"2";"1";"15";"1";""
"202100001075";"199Â 842";"B01";"1";"7";"0";"2";"1";"1";"1";""
"202100001076";"199Â 839";"A01";"2";"7";"14";"0";"4";"2";"1";""
"202100001076";"199Â 840";"B01";"2";"7";"14";"0";"1";"2";"1";""
"202100001077";"199Â 836";"B01";"1";"7";"0";"0";"4";"0";"1";""
"202100001077";"199Â 837";"C01";"1";"7";"0";"0";"5";"2";"1";""
"202100001077";"199Â 838";"A01";"1";"7";"0";"2";"1";"2";"1";""
"202100001078";"199Â 834";"B01";"1";"7";"0";"2";"1";"1";"2";""
"202100001078";"199Â 835";"A01";"2";"7";"0";"2";"2";"2";"1";""
"202100001079";"199Â 832";"B01";"2";"7";"0";"2";"7";"10";"1";""
"202100001079";"199Â 833";"A01";"1";"32";"0";"2";"1";"1";"1";""
"202100001080";"199Â 831";"A01";"0";"7";"0";"1";"1";"2";"1";""
"202100001081";"199Â 830";"A01";"3";"10";"0";"1";"5";"1";"0";""
"202100001082";"199Â 829";"A01";"3";"7";"0";"1";"2";"15";"2";""
"202100001083";"199Â 828";"A01";" -1";"34";"0";"1";"1";"1";"1";""
"202100001084";"199Â 826";"A01";"3";"99";"0";"2";"7";"2";"3";""
"202100001084";"199Â 827";"B01";"3";"7";"0";"2";"0";"1";"0";""
"202100001085";"199Â 825";"A01";"1";"7";"1";"0";"1";"13";"2";""
"202100001086";"199Â 823";"B01";"2";"7";"0";"2";"2";"15";"2";""
"202100001086";"199Â 824";"A01";"1";"7";"0";"2";"2";"1";"1";""
"202100001087";"199Â 821";"B01";"2";"30";"1";"0";"1";"1";"1";""
"202100001087";"199Â 822";"A01";"2";"7";"0";"2";"8";"24";"1";""
"202100001088";"199Â 819";"B01";"1";"7";"0";"2";"5";"23";"1";""
"202100001088";"199Â 820";"A01";"1";"7";"0";"2";"1";"1";"1";""
"202100001089";"199Â 817";"A01";"1";"7";"9";"2";"3";"16";"1";""
"202100001089";"199Â 818";"B01";"1";"7";"0";"2";"2";"1";"1";""
"202100001090";"199Â 815";"A01";"0";"2";"0";"2";"5";"1";"1";""
"202100001090";"199Â 816";"B01";"0";"7";"0";"2";"5";"23";"1";""
"202100001091";"199Â 814";"A01";"1";"30";"0";"0";"8";"16";"1";""
"202100001092";"199Â 813";"A01";"2";"7";"0";"1";"4";"26";"1";""
"202100001093";"199Â 812";"A01";"1";"7";"0";"1";"4";"20";"1";""
"202100001094";"199Â 811";"A01";"1";"7";"9";"0";"0";"1";"1";""
"202100001095";"199Â 809";"B01";"1";"7";"0";"2";"3";"1";"1";""
"202100001095";"199Â 810";"A01";"2";"7";"0";"2";"3";"13";"1";""
"202100001096";"199Â 807";"A01";"1";"7";"0";"2";"1";"13";"1";""
"202100001096";"199Â 808";"B01";"2";"7";"0";"2";"1";"1";"1";""
"202100001097";"199Â 804";"A01";"2";"7";"16";"0";"2";"1";"1";""
"202100001097";"199Â 805";"B01";"2";"7";"4";"2";"3";"2";"1";""
"202100001097";"199Â 806";"C01";"2";"7";"0";"2";"1";"2";"1";""
"202100001098";"199Â 803";"A01";"1";"7";"13";"0";"1";"1";"1";""
"202100001099";"199Â 802";"A01";"2";"7";"13";"0";"1";"1";"1";""
"202100001100";"199Â 801";"A01";"0";"1";"0";"0";"1";"21";"5";""
"202100001101";"199Â 799";"B01";"1";"7";"0";"2";"8";"15";"1";""
"202100001101";"199Â 800";"A01";"1";"7";"2";"2";"1";"17";"1";""
"202100001102";"199Â 798";"A01";"1";"7";"0";"0";"0";"1";"1";""
"202100001103";"199Â 797";"A01";"1";"7";"2";"0";"3";"1";"1";""
"202100001104";"199Â 796";"A01";"1";"2";"6";"0";"3";"1";"1";""
"202100001105";"199Â 794";"A01";"1";"7";"0";"2";"1";"9";"1";""
"202100001105";"199Â 795";"B01";"1";"14";"0";"2";"7";"1";"1";""
"202100001106";"199Â 792";"B01";"0";"7";"0";"2";"1";"1";"2";""
"202100001106";"199Â 793";"A01";"3";"7";"0";"2";"8";"9";"1";""
"202100001107";"199Â 791";"A01";"1";"1";"6";"0";"1";"1";"5";""
"202100001108";"199Â 789";"A01";"0";"10";"0";"2";"6";"15";"1";""
"202100001108";"199Â 790";"B01";"3";"2";"0";"2";"1";"1";"1";""
"202100001109";"199Â 785";"B01";"2";"7";"0";"2";"1";"1";"1";""
"202100001109";"199Â 786";"A01";"1";"7";"0";"2";"7";"1";"1";""
"202100001110";"199Â 784";"A01";"1";"33";"0";"0";"2";"2";"1";""
"202100001111";"199Â 782";"B01";"1";"7";"0";"2";"1";"1";"1";""
"202100001111";"199Â 783";"A01";"1";"7";"3";"2";"1";"11";"1";""
"202100001112";"199Â 780";"A01";"1";"7";"0";"2";"1";"2";"1";""
"202100001112";"199Â 781";"B01";"1";"15";"0";"2";"4";"2";"1";""
"202100001113";"199Â 778";"B01";"2";"7";"0";"9";"1";"11";"1";""
"202100001113";"199Â 779";"A01";"2";"7";"3";"0";"3";"2";"1";""
"202100001114";"199Â 776";"B01";"2";"7";"0";"2";"3";"13";"1";""
"202100001114";"199Â 777";"A01";"1";"15";"0";"2";"3";"1";"1";""
"202100001115";"199Â 774";"B01";"0";"14";"0";"2";"2";"1";"1";""
"202100001115";"199Â 775";"A01";"3";"7";"0";"2";"7";"1";"1";""
"202100001116";"199Â 772";"A01";"1";"15";"0";"2";"2";"1";"1";""
"202100001116";"199Â 773";"B01";"1";"7";"4";"0";"8";"1";"1";""
"202100001117";"199Â 771";"A01";"1";"10";"1";"0";"1";"2";"1";""
"202100001118";"199Â 769";"A01";"1";"7";"0";"2";"1";"2";"1";""
"202100001118";"199Â 770";"B01";"1";"7";"4";"0";"4";"2";"1";""
"202100001119";"199Â 767";"A01";"1";"7";"0";"2";"7";"11";"1";""
"202100001119";"199Â 768";"B01";"2";"33";"0";"2";"1";"1";"1";""
"202100001120";"199Â 766";"A01";"2";"7";"13";"0";"3";"0";"1";""
"202100001121";"199Â 765";"A01";"1";"7";"0";"1";"3";"1";"2";""
"202100001122";"199Â 763";"B01";"2";"1";"0";"0";"4";"1";"5";""
"202100001122";"199Â 764";"A01";"2";"1";"0";"2";"1";"1";"5";""
"202100001123";"199Â 762";"A01";"1";"7";"0";"1";"1";"15";"1";""
"202100001124";"199Â 761";"A01";"1";"7";"6";"0";"8";"1";"1";""
"202100001125";"199Â 759";"B01";"2";"7";"0";"0";"1";"0";"1";""
"202100001125";"199Â 760";"A01";"1";"7";"8";"0";"5";"0";"1";""
"202100001126";"199Â 758";"A01";"1";"7";"2";"0";"1";"1";"1";""
"202100001127";"199Â 757";"A01";"2";"7";"0";"2";"1";"12";"1";""
"202100001128";"199Â 755";"B01";"2";"7";"0";"2";"2";"2";"1";""
"202100001128";"199Â 756";"A01";"2";"7";"0";"2";"4";"2";"1";""
"202100001129";"199Â 753";"B01";"2";"7";"0";"2";"4";"1";"1";""
"202100001129";"199Â 754";"A01";"2";"7";"0";"2";"1";"1";"1";""
"202100001130";"199Â 751";"A01";"2";"7";"0";"2";"1";"2";"1";""
"202100001130";"199Â 752";"B01";"2";"7";"0";"2";"4";"2";"1";""
"202100001131";"199Â 750";"A01";"2";"7";"4";"0";"1";"14";"1";""
"202100001132";"199Â 747";"C01";"2";"7";"0";"2";"4";"23";"1";""
"202100001132";"199Â 748";"B01";"2";"7";"0";"2";"4";"23";"1";""
"202100001132";"199Â 749";"A01";"2";"7";"0";"2";"1";"2";"1";""
"202100001133";"199Â 745";"A01";"1";"15";"0";"2";"1";"2";"1";""
"202100001133";"199Â 746";"B01";"1";"33";"0";"2";"6";"2";"1";""
"202100001134";"199Â 741";"A01";"1";"7";"0";"2";"1";"2";"1";""
"202100001134";"199Â 742";"B01";"1";"7";"0";"2";"1";"2";"1";""
"202100001134";"199Â 743";"C01";"1";"7";"0";"2";"2";"2";"1";""
"202100001134";"199Â 744";"D01";"1";"7";"0";"2";"1";"2";"1";""
"202100001135";"199Â 739";"A01";"2";"15";"3";"2";"3";"13";"1";""
"202100001135";"199Â 740";"B01";"2";"7";"0";"2";"2";"1";"1";""
"202100001136";"199Â 738";"A01";"1";"7";"4";"0";"3";"16";"1";""
"202100001137";"199Â 737";"A01";"2";"7";"0";"9";"1";"1";"1";""
"202100001138";"199Â 736";"A01";"0";"7";"0";"0";"0";"26";"1";""
"202100001139";"199Â 735";"A01";"1";"7";"4";"0";"1";"1";"1";""
"202100001140";"199Â 733";"A01";"1";"17";"1";"0";"1";"2";"1";""
"202100001140";"199Â 734";"B01";"1";"7";"3";"0";"4";"23";"1";""
"202100001141";"199Â 732";"A01";"1";"7";"3";"0";"1";"1";"1";""
"202100001142";"199Â 731";"A01";"1";"33";"0";"0";"1";"1";"1";""
"202100001143";"199Â 729";"B01";"1";"7";"0";"2";"3";"11";"1";""
"202100001143";"199Â 730";"A01";"1";"7";"0";"2";"2";"1";"1";""
"202100001144";"199Â 728";"A01";"2";"7";"4";"0";"1";"1";"1";""
"202100001145";"199Â 726";"B01";"2";"33";"0";"2";"2";"3";"1";""
"202100001145";"199Â 727";"A01";"2";"7";"0";"2";"6";"11";"0";""
"202100001146";"199Â 724";"A01";"2";"43";"0";"2";"1";"3";"1";""
"202100001146";"199Â 725";"B01";"2";"7";"0";"2";"5";"12";"1";""
"202100001147";"199Â 722";"A01";"1";"7";"3";"2";"3";"1";"1";""
"202100001147";"199Â 723";"B01";"1";"7";"16";"2";"7";"1";"0";""
"202100001148";"199Â 721";"A01";"1";"7";"2";"0";"1";"26";"1";""
"202100001149";"199Â 719";"A01";"1";"10";"0";"9";"5";"2";"1";""
"202100001149";"199Â 720";"B01";"1";"2";"0";"2";"1";"2";"1";""
"202100001150";"199Â 717";"A01";"1";"7";"0";"2";"3";"15";"1";""
"202100001150";"199Â 718";"B01";"1";"2";"0";"2";"3";"1";"1";""
"202100001151";"199Â 715";"B01";"3";"33";"0";"2";"8";"17";"1";""
"202100001151";"199Â 716";"A01";"0";"7";"0";"2";"3";"1";"1";""
"202100001152";"199Â 713";"B01";"1";"2";"0";"2";"8";"1";"1";""
"202100001152";"199Â 714";"A01";"2";"7";"0";"2";"0";"15";"1";""
"202100001153";"199Â 711";"A01";"2";"7";"15";"2";"1";"1";"1";""
"202100001153";"199Â 712";"B01";"2";"7";"6";"2";"7";"1";"1";""
"202100001154";"199Â 709";"B01";"1";"10";"0";"2";"6";"15";"1";""
"202100001154";"199Â 710";"A01";"1";"7";"0";"2";"1";"13";"1";""
"202100001155";"199Â 707";"A01";"1";"30";"0";"2";"4";"2";"1";""
"202100001155";"199Â 708";"Z01";"1";"2";"0";"0";"0";"0";"0";""
"202100001156";"199Â 705";"A01";"1";"7";"0";"2";"7";"16";"1";""
"202100001156";"199Â 706";"B01";"1";"31";"0";"2";"3";"1";"1";""
"202100001157";"199Â 703";"B01";"1";"7";"0";"2";"1";"1";"1";""
"202100001157";"199Â 704";"A01";"1";"7";"0";"2";"2";"1";"1";""
"202100001158";"199Â 702";"A01";"1";"7";"14";"0";"7";"17";"1";""
"202100001159";"199Â 701";"A01";"3";"7";"8";"0";"0";"14";"1";""
"202100001160";"199Â 700";"A01";"1";"32";"0";"0";"8";"1";"3";""
"202100001161";"199Â 699";"A01";"1";"7";"0";"1";"1";"15";"1";""
"202100001162";"199Â 697";"A01";"2";"7";"0";"2";"1";"9";"1";""
"202100001162";"199Â 698";"B01";"1";"7";"0";"2";"3";"0";"1";""
"202100001163";"199Â 696";"A01";"2";"7";"0";"1";"2";"0";"1";""
"202100001164";"199Â 694";"B01";"1";"7";"0";"2";"1";"2";"0";""
"202100001164";"199Â 695";"A01";"1";"7";"0";"2";"1";"0";"0";""
"202100001165";"199Â 692";"B01";"1";"1";"0";"2";"7";"1";"5";""
"202100001165";"199Â 693";"A01";"1";"7";"0";"2";"1";"9";"1";""
"202100001166";"199Â 687";"B01";"0";"7";"0";"2";"1";"1";"2";""
"202100001166";"199Â 688";"A01";"0";"7";"0";"2";"1";"13";"1";""
"202100001167";"199Â 686";"A01";"2";"1";"0";"1";"1";"1";"5";""
"202100001168";"199Â 685";"A01";"3";"37";"0";"1";"2";"16";"1";"1"
"202100001169";"199Â 683";"A01";"0";"32";"0";"2";"1";"0";"1";""
"202100001169";"199Â 684";"B01";"0";"20";"0";"2";"1";"15";"1";""
"202100001170";"199Â 682";"A01";"0";"30";"0";"0";"0";"9";"1";""
"202100001171";"199Â 680";"B01";"2";"7";"0";"2";"1";"1";"1";""
"202100001171";"199Â 681";"A01";"1";"7";"0";"2";"0";"0";"1";""
"202100001172";"199Â 678";"A01";"1";"7";"0";"2";"1";"1";"1";""
"202100001172";"199Â 679";"B01";"1";"7";"0";"2";"6";"1";"1";""
"202100001173";"199Â 677";"A01";"2";"7";"0";"1";"1";"1";"1";""
"202100001174";"199Â 675";"A01";"1";"7";"0";"2";"1";"1";"1";""
"202100001174";"199Â 676";"B01";"2";"7";"0";"2";"8";"1";"1";""
"202100001175";"199Â 673";"A01";"1";"7";"0";"2";"2";"1";"1";""
"202100001175";"199Â 674";"B01";"2";"7";"0";"2";"8";"1";"1";""
"202100001176";"199Â 672";"A01";"1";"7";"0";"1";"3";"1";"1";""
"202100001177";"199Â 670";"B01";"2";"7";"0";"2";"3";"1";"1";""
"202100001177";"199Â 671";"A01";"1";"7";"0";"2";"2";"1";"1";""
"202100001178";"199Â 668";"B01";"1";"7";"0";"2";"3";"1";"1";""
"202100001178";"199Â 669";"A01";"2";"1";"0";"2";"1";"9";"5";""
"202100001179";"199Â 667";"A01";"1";"2";"0";"0";"7";"1";"1";""
"202100001180";"199Â 665";"A01";"2";"7";"0";"2";"2";"13";"1";""
"202100001180";"199Â 666";"B01";"1";"14";"0";"2";"2";"21";"1";""
"202100001181";"199Â 663";"B01";"1";"1";"0";"2";"8";"1";"5";""
"202100001181";"199Â 664";"A01";"1";"7";"0";"2";"2";"14";"1";""
"202100001182";"199Â 661";"A01";"1";"7";"0";"1";"2";"26";"1";""
"202100001183";"199Â 658";"A01";"1";"7";"2";"0";"1";"21";"1";""
"202100001184";"199Â 656";"B01";"2";"3";"0";"2";"3";"9";"1";""
"202100001184";"199Â 657";"A01";"2";"7";"0";"2";"1";"7";"1";""
"202100001185";"199Â 654";"A01";"1";"7";"0";"2";"7";"15";"1";""
"202100001185";"199Â 655";"B01";"1";"10";"0";"2";"2";"1";"1";""
"202100001186";"199Â 652";"B01";"1";"7";"0";"2";"1";"1";"1";""
"202100001186";"199Â 653";"A01";"1";"7";"0";"2";"3";"10";"1";""
"202100001187";"199Â 650";"B01";"1";"10";"0";"2";"2";"26";"1";""
"202100001187";"199Â 651";"A01";"1";"7";"0";"2";"7";"26";"1";""
"202100001188";"199Â 648";"A01";"1";"7";"0";"2";"8";"15";"1";""
"202100001188";"199Â 649";"B01";"2";"33";"0";"2";"1";"1";"1";""
"202100001189";"199Â 646";"B01";"2";"7";"0";"2";"1";"1";"1";""
"202100001189";"199Â 647";"A01";"2";"7";"0";"2";"7";"15";"1";""
"202100001190";"199Â 645";"A01";"2";"7";"1";"0";"1";"1";"1";""
"202100001191";"199Â 644";"A01";" -1";"33";"0";"0";"0";"1";"1";""
"202100001192";"199Â 643";"A01";"1";"30";"0";"0";"0";"2";"1";""
"202100001193";"199Â 640";"A01";"1";"7";"0";"2";"2";"1";"1";""
"202100001193";"199Â 641";"B01";"1";"7";"0";"2";"0";"0";"1";""
"202100001193";"199Â 642";"C01";"1";"7";"0";"2";"6";"1";"1";""
"202100001194";"199Â 639";"A01";"1";"30";"12";"0";"1";"26";"1";""
"202100001195";"199Â 636";"A01";"2";"7";"0";"2";"1";"13";"1";""
"202100001195";"199Â 637";"B01";"1";"7";"0";"2";"3";"1";"3";""
"202100001195";"199Â 638";"C01";"2";"7";"0";"9";"1";"1";"1";""
"202100001196";"199Â 634";"B01";"1";"7";"3";"2";"4";"1";"1";""
"202100001196";"199Â 635";"A01";"1";"7";"0";"2";"1";"9";"1";""
"202100001197";"199Â 631";"B01";"1";"10";"0";"2";"3";"1";" -1";""
"202100001197";"199Â 632";"C01";"2";"7";"0";"2";"1";"1";" -1";""
"202100001197";"199Â 633";"A01";"1";"10";"0";"2";"1";"17";" -1";""
"202100001198";"199Â 629";"B01";"1";"7";"0";"2";"1";"23";"1";""
"202100001198";"199Â 630";"A01";"2";"7";"0";"2";"1";"5";"1";""
"202100001199";"199Â 627";"A01";"3";"7";"0";"1";"2";"1";"1";""
"202100001199";"199Â 628";"B01";"3";"7";"4";"1";"3";"1";"1";""
"202100001200";"199Â 625";"A01";"1";"10";"0";"2";"3";"19";"1";""
"202100001200";"199Â 626";"B01";"2";"33";"0";"2";"1";"1";"1";""
"202100001201";"199Â 624";"A01";"3";"33";"0";"0";"1";"26";"1";""
"202100001202";"199Â 623";"A01";"1";"2";"0";"0";"7";"1";"1";""
"202100001203";"199Â 622";"A01";"2";"7";"0";"1";"2";"21";"1";""
"202100001204";"199Â 620";"A01";"1";"7";"0";"2";"8";"9";"1";""
"202100001204";"199Â 621";"B01";"2";"50";"0";"2";"1";"1";"3";""
"202100001205";"199Â 618";"A01";"2";"50";"0";"2";"1";"2";"3";""
"202100001205";"199Â 619";"B01";"2";"7";"0";"2";"6";"2";"1";""
"202100001206";"199Â 615";"C01";"1";"7";"0";"2";"6";"16";"1";""
"202100001206";"199Â 616";"B01";"1";"33";"0";"2";"2";"18";"1";""
"202100001206";"199Â 617";"A01";"2";"7";"0";"2";"2";"16";"1";""
"202100001207";"199Â 613";"B01";"3";"30";"0";"2";"2";"15";"1";""
"202100001207";"199Â 614";"A01";"2";"7";"0";"2";"8";"1";"1";""
"202100001208";"199Â 611";"B01";"1";"30";"0";"2";"2";"2";"1";""
"202100001208";"199Â 612";"A01";"1";"7";"0";"2";"3";"20";"1";""
"202100001209";"199Â 610";"A01";"1";"7";"11";"0";"1";"13";"1";""
"202100001210";"199Â 608";"B01";"2";"30";"0";"2";"3";"1";"1";""
"202100001210";"199Â 609";"A01";"2";"7";"0";"2";"2";"22";"1";""
"202100001211";"199Â 606";"B01";"2";"7";"0";"2";"6";"15";"6";""
"202100001211";"199Â 607";"A01";"2";"50";"0";"2";"1";"1";"3";""
"202100001212";"199Â 605";"A01";"1";"2";"0";"0";"0";"21";"3";""
"202100001213";"199Â 603";"Z01";"1";"7";"0";"9";"1";"15";"0";""
"202100001213";"199Â 604";"B01";"2";"1";"0";"2";"1";"19";"5";""
"202100001214";"199Â 602";"A01";"2";"7";"4";"0";"1";"1";"1";""
"202100001215";"199Â 600";"B01";"0";"37";"0";"2";"5";"19";"1";"2"
"202100001215";"199Â 601";"A01";"0";"37";"0";"2";"1";"19";"0";"5"
"202100001216";"199Â 598";"B01";"1";"13";"0";"2";"3";"1";"1";""
"202100001216";"199Â 599";"A01";"1";"7";"0";"2";"7";"16";"1";""
"202100001217";"199Â 596";"A01";"1";"7";"0";"2";"1";"2";"1";""
"202100001217";"199Â 597";"B01";"1";"31";"0";"2";"4";"1";"1";""
"202100001218";"199Â 594";"B01";"2";"2";"0";"2";"1";"1";"1";""
"202100001218";"199Â 595";"A01";"1";"7";"0";"2";"2";"15";"1";""
"202100001219";"199Â 592";"A01";"1";"7";"0";"2";"1";"1";"1";""
"202100001219";"199Â 593";"B01";"1";"7";"0";"2";"3";"15";"1";""
"202100001220";"199Â 590";"A01";"1";"7";"0";"2";"1";"1";"1";""
"202100001220";"199Â 591";"B01";"1";"13";"0";"2";"4";"23";"1";""
"202100001221";"199Â 588";"B01";"1";"7";"0";"2";"8";"15";"1";""
"202100001221";"199Â 589";"A01";"1";"7";"0";"2";"1";"1";"1";""
"202100001222";"199Â 586";"Z01";"1";"7";"0";"2";"7";"16";"0";""
"202100001222";"199Â 587";"A01";"1";"32";"0";"2";"1";"1";"1";""
"202100001223";"199Â 583";"A01";"3";"7";"0";"2";"1";"11";"0";""
"202100001223";"199Â 584";"C01";"3";"99";"0";"2";"5";"1";"0";""
"202100001223";"199Â 585";"B01";"3";"99";"0";"2";"4";"0";"0";""
"202100001224";"199Â 582";"A01";"1";"15";"0";"1";"0";"9";"1";""
"202100001225";"199Â 580";"B01";"2";"7";"0";"0";"3";"1";"1";""
"202100001225";"199Â 581";"A01";"1";"7";"0";"0";"3";"13";"1";""
"202100001226";"199Â 578";"A01";"1";"33";"0";"2";"1";"13";"1";""
"202100001226";"199Â 579";"B01";"2";"7";"0";"2";"1";"1";"1";""
"202100001227";"199Â 577";"A01";"1";"7";"2";"0";"1";"1";"1";""
"202100001228";"199Â 575";"B01";"1";"7";"0";"2";"2";"17";"1";""
"202100001228";"199Â 576";"A01";"1";"15";"0";"2";"6";"13";"1";""
"202100001229";"199Â 573";"B01";"1";"15";"0";"2";"3";"1";"1";""
"202100001229";"199Â 574";"A01";"1";"7";"13";"2";"5";"12";"1";""
"202100001230";"199Â 571";"A01";"0";"7";"0";"0";"8";"19";"1";""
"202100001230";"199Â 572";"B01";"0";"7";"0";"2";"1";"1";"1";""
"202100001231";"199Â 570";"A01";"3";"7";"16";"0";"1";"1";"1";""
"202100001232";"199Â 568";"A01";"2";"7";"0";"2";"3";"15";"1";""
"202100001232";"199Â 569";"B01";"1";"2";"0";"2";"1";"1";"1";""
"202100001233";"199Â 567";"A01";"1";"10";"6";"0";"2";"1";"1";""
"202100001234";"199Â 565";"B01";"3";"7";"0";"0";"3";"15";"1";""
"202100001234";"199Â 566";"A01";"1";"2";"0";"2";"1";"1";"1";""
"202100001235";"199Â 564";"A01";"2";"7";"0";"1";"2";"1";"1";""
"202100001236";"199Â 562";"B01";"1";"7";"0";"2";"1";"15";"1";""
"202100001236";"199Â 563";"A01";"2";"10";"0";"2";"3";"15";"1";""
"202100001237";"199Â 561";"A01";"2";"7";"0";"1";"3";"1";"1";""
"202100001238";"199Â 559";"A01";"1";"15";"0";"0";"6";"2";"1";""
"202100001238";"199Â 560";"B01";"1";"7";"3";"2";"2";"2";"1";""
"202100001239";"199Â 557";"A01";"2";"7";"0";"6";"3";"1";"1";""
"202100001239";"199Â 558";"B01";"2";"7";"0";"2";"1";"1";"1";""
"202100001240";"199Â 552";"A01";"1";"7";"0";"2";"1";"1";"1";""
"202100001240";"199Â 553";"B01";"2";"7";"0";"2";"1";"13";"1";""
"202100001241";"199Â 550";"A01";"1";"7";"0";"9";"3";"15";"1";""
"202100001241";"199Â 551";"B01";"1";"1";"0";"2";"2";"1";"5";""
"202100001242";"199Â 548";"A01";"1";"7";"0";"2";"7";"1";"1";""
"202100001242";"199Â 549";"B01";"2";"1";"0";"2";"1";"19";"5";""
"202100001243";"199Â 544";"A01";"0";"7";"0";"2";"3";"5";"1";""
"202100001243";"199Â 545";"B01";"0";"7";"0";"2";"3";"1";"1";""
"202100001244";"199Â 542";"B01";"3";"7";"0";"1";"2";"1";"1";""
"202100001244";"199Â 543";"A01";"3";"7";"16";"0";"2";"1";"0";""
"202100001245";"199Â 540";"B01";"2";"15";"0";"2";"1";"1";"1";""
"202100001245";"199Â 541";"A01";"1";"7";"0";"2";"1";"13";"1";""
"202100001246";"199Â 535";"A01";"2";"10";"0";"2";"1";"13";"1";""
"202100001246";"199Â 536";"B01";"2";"21";"0";"2";"6";"1";"1";""
"202100001246";"199Â 537";"C01";"2";"7";"0";"2";"1";"1";"1";""
"202100001246";"199Â 538";"D01";"1";"7";"0";"2";"1";"1";"1";""
"202100001246";"199Â 539";"E01";"1";"7";"0";"2";"1";"1";"1";""
"202100001247";"199Â 531";"A01";"1";"7";"13";"0";"1";"1";"1";""
"202100001248";"199Â 529";"B01";"1";"7";"0";"2";"4";"1";"1";""
"202100001248";"199Â 530";"A01";"1";"7";"0";"2";"1";"2";"1";""
"202100001249";"199Â 528";"A01";"1";"7";"4";"0";"1";"13";"0";""
"202100001250";"199Â 526";"A01";"2";"7";"0";"2";"2";"0";"1";""
"202100001250";"199Â 527";"B01";"2";"10";"0";"2";"6";"26";"1";""
"202100001251";"199Â 524";"B01";"1";"7";"1";"0";"4";"23";"1";""
"202100001251";"199Â 525";"A01";"1";"10";"1";"0";"1";"2";"1";""
"202100001252";"199Â 523";"A01";"2";"7";"4";"0";"1";"1";"1";""
"202100001253";"199Â 522";"A01";"2";"7";"4";"0";"1";"2";"1";""
"202100001254";"199Â 521";"A01";"1";"33";"0";"0";"1";"0";"1";""
"202100001255";"199Â 520";"A01";"2";"7";"0";"0";"1";"1";"1";""
"202100001256";"199Â 519";"A01";"1";"7";"6";"0";"3";"0";"1";""
"202100001257";"199Â 518";"A01";"3";"7";"4";"0";"2";"0";"1";""
"202100001258";"199Â 517";"A01";"2";"7";"0";"0";"1";"1";"1";""
"202100001259";"199Â 516";"A01";"1";"7";"0";"2";"1";"16";"1";""
"202100001260";"199Â 515";"A01";"2";"10";"0";"2";"1";"13";"1";""
"202100001261";"199Â 513";"A01";"2";"7";"3";"2";"1";"1";"1";""
"202100001261";"199Â 514";"B01";"2";"7";"0";"2";"4";"2";"1";""
"202100001262";"199Â 510";"A01";"1";"17";"0";"2";"1";"2";"1";""
"202100001262";"199Â 511";"B01";"1";"7";"0";"2";"4";"2";"1";""
"202100001262";"199Â 512";"C01";"1";"7";"0";"2";"4";"2";"1";""