"Num_Acc";"id_vehicule";"num_veh";"senc";"catv";"obs";"obsm";"choc";"manv";"motor";"occutc"
"202100001263";"199Â 504";"F01";"2";"7";"0";"2";"1";"1";"1";""
"202100001263";"199Â 505";"E01";"2";"7";"0";"2";"4";"1";"0";""
"202100001263";"199Â 506";"D01";"2";"7";"0";"2";"4";"1";"0";""
"202100001263";"199Â 507";"C01";"2";"7";"0";"2";"4";"1";"2";""
"202100001263";"199Â 508";"A01";"2";"7";"0";"2";"4";"1";"2";""
"202100001263";"199Â 509";"B01";"2";"7";"0";"2";"4";"2";"1";""
"202100001264";"199Â 502";"A01";"1";"10";"0";"2";"8";"21";"1";""
"202100001264";"199Â 503";"B01";"1";"7";"0";"2";"1";"1";"1";""
"202100001265";"199Â 500";"A01";"1";"7";"3";"2";"1";"1";"1";""
"202100001265";"199Â 501";"B01";"1";"7";"0";"2";"3";"1";"0";""
"202100001266";"199Â 498";"A01";"1";"7";"0";"2";"7";"1";"1";""
"202100001266";"199Â 499";"B01";"0";"7";"0";"2";"1";"1";"2";""
"202100001267";"199Â 494";"A01";"3";"7";"0";"2";"5";"9";"1";""
"202100001267";"199Â 495";"B01";"3";"7";"0";"2";"4";"0";"2";""
"202100001267";"199Â 496";"C01";"3";"7";"0";"2";"4";"0";"1";""
"202100001267";"199Â 497";"D01";"3";"7";"0";"9";"0";"0";"1";""
"202100001268";"199Â 493";"A01";"3";"7";"0";"0";"2";"26";"1";""
"202100001269";"199Â 492";"A01";"3";"2";"0";"1";"1";"1";"1";""
"202100001270";"199Â 491";"A01";"3";"0";"0";"2";"0";"0";"0";""
"202100001271";"199Â 489";"A01";"3";"7";"0";"2";"5";"1";"1";""
"202100001271";"199Â 490";"B01";"3";"2";"0";"2";"1";"2";"1";""
"202100001272";"199Â 487";"B01";"1";"7";"0";"2";"1";"1";"1";""
"202100001272";"199Â 488";"A01";"1";"7";"0";"2";"3";"19";"1";""
"202100001273";"199Â 485";"A01";"3";"7";"0";"2";"4";"23";"1";""
"202100001273";"199Â 486";"B01";"3";"7";"0";"2";"1";"2";"1";""
"202100001274";"199Â 484";"A01";"3";"7";"0";"0";"0";"13";"1";""
"202100001275";"199Â 482";"A01";"1";"7";"0";"2";"1";"13";"1";""
"202100001275";"199Â 483";"B01";"2";"7";"0";"2";"1";"21";"1";""
"202100001276";"199Â 479";"C01";"2";"7";"0";"2";"4";"23";"1";""
"202100001276";"199Â 480";"B01";"2";"7";"0";"2";"4";"23";"1";""
"202100001276";"199Â 481";"A01";"2";"7";"0";"2";"1";"1";"1";""
"202100001277";"199Â 477";"A01";"0";"7";"0";"2";"2";"15";"1";""
"202100001277";"199Â 478";"B01";"0";"33";"0";"2";"1";"1";"1";""
"202100001278";"199Â 475";"A01";"2";"7";"0";"2";"3";"19";"1";""
"202100001278";"199Â 476";"B01";"1";"2";"0";"2";"1";"1";"1";""
"202100001279";"199Â 473";"A01";"3";"7";"0";"2";"2";"10";"1";""
"202100001279";"199Â 474";"B01";"3";"2";"0";"2";"9";"1";"1";""
"202100001280";"199Â 471";"A01";"1";"1";"0";"2";"7";"9";"5";""
"202100001280";"199Â 472";"B01";"1";"7";"0";"2";"3";"16";"1";""
"202100001281";"199Â 470";"A01";"1";"99";"0";"1";"2";"16";"6";""
"202100001282";"199Â 469";"A01";"1";"31";"6";"0";"1";"1";"1";""
"202100001283";"199Â 468";"A01";"2";"7";"0";"1";"1";"1";"1";""
"202100001284";"199Â 466";"A01";"1";"7";"0";"2";"7";"26";"1";""
"202100001284";"199Â 467";"B01";"1";"30";"0";"2";"1";"26";"1";""
"202100001285";"199Â 465";"A01";"1";"7";"13";"0";"7";"1";"1";""
"202100001286";"199Â 464";"A01";"1";"7";"8";"0";"1";"19";"1";""
"202100001287";"199Â 462";"A01";"1";"7";"0";"2";"8";"1";"1";""
"202100001287";"199Â 463";"B01";"1";"30";"0";"2";"7";"17";"3";""
"202100001288";"199Â 460";"B01";"2";"7";"0";"2";"1";"1";"1";""
"202100001288";"199Â 461";"A01";"2";"7";"0";"2";"1";"1";"1";""
"202100001289";"199Â 459";"A01";"0";"7";"0";"4";"1";"26";"1";""
"202100001290";"199Â 458";"A01";"1";"7";"8";"0";"1";"26";"0";""
"202100001291";"199Â 457";"A01";"1";"7";"14";"0";"1";"9";"1";""
"202100001292";"199Â 455";"B01";"2";"7";"0";"2";"5";"23";"2";""
"202100001292";"199Â 456";"A01";"2";"32";"0";"2";"1";"1";"1";""
"202100001293";"199Â 453";"B01";"2";"7";"0";"2";"6";"1";"1";""
"202100001293";"199Â 454";"A01";"2";"1";"0";"2";"1";"1";"5";""
"202100001294";"199Â 451";"B01";"2";"43";"0";"2";"1";"1";"1";""
"202100001294";"199Â 452";"A01";"2";"7";"0";"2";"4";"10";"1";""
"202100001295";"199Â 449";"A01";"2";"30";"0";"2";"4";"10";"1";""
"202100001295";"199Â 450";"B01";"2";"7";"0";"2";"3";"1";"1";""
"202100001296";"199Â 448";"A01";"2";"30";"14";"0";"1";"1";"1";""
"202100001297";"199Â 446";"B01";"2";"30";"0";"2";"1";"1";"1";""
"202100001297";"199Â 447";"A01";"2";"7";"0";"2";"4";"23";"1";""
"202100001298";"199Â 444";"A01";"2";"7";"0";"2";"3";"10";"1";""
"202100001298";"199Â 445";"B01";"2";"32";"0";"2";"1";"1";"1";""
"202100001299";"199Â 443";"A01";"3";"10";"1";"0";"1";"1";"1";""
"202100001300";"199Â 441";"A01";"3";"2";"0";"2";"1";"2";"1";""
"202100001300";"199Â 442";"B01";"3";"13";"0";"2";"5";"2";"1";""
"202100001301";"199Â 439";"A01";"1";"7";"0";"2";"4";"2";"1";""
"202100001301";"199Â 440";"B01";"1";"7";"0";"2";"1";"0";"0";""
"202100001302";"199Â 438";"A01";"2";"7";"4";"0";"1";"13";"1";""
"202100001303";"199Â 436";"B01";"2";"2";"0";"2";"3";"16";"0";""
"202100001303";"199Â 437";"A01";"2";"7";"0";"2";"5";"16";"1";""
"202100001304";"199Â 432";"C01";"1";"17";"0";"0";"4";"24";"1";""
"202100001304";"199Â 433";"D01";"1";"7";"14";"0";"3";"2";"1";""
"202100001304";"199Â 434";"B01";"1";"7";"1";"2";"1";"1";"1";""
"202100001304";"199Â 435";"A01";"1";"7";"4";"0";"1";"0";"1";""
"202100001305";"199Â 430";"A01";"0";"2";"0";"2";"1";"1";"1";""
"202100001305";"199Â 431";"B01";"0";"7";"0";"2";"1";"15";"1";""
"202100001306";"199Â 429";"A01";"1";"7";"10";"0";"8";"13";"1";""
"202100001307";"199Â 428";"A01";"1";"10";"0";"1";"2";"1";"1";""
"202100001308";"199Â 426";"A01";"3";"7";"0";"2";"6";"19";"1";""
"202100001308";"199Â 427";"B01";"1";"33";"0";"2";"1";"1";"1";""
"202100001309";"199Â 423";"A01";"2";"10";"0";"2";"8";"11";"1";""
"202100001309";"199Â 424";"B01";"2";"7";"0";"2";"7";"1";"1";""
"202100001309";"199Â 425";"C01";"1";"7";"0";"9";"2";"2";"1";""
"202100001310";"199Â 421";"A01";"1";"7";"3";"2";"1";"2";"1";""
"202100001310";"199Â 422";"B01";"1";"17";"0";"2";"5";"2";"1";""
"202100001311";"199Â 416";"A01";"1";"10";"0";"2";"1";"1";"1";""
"202100001311";"199Â 417";"B01";"1";"7";"0";"2";"3";"16";"0";""
"202100001311";"199Â 418";"C01";"2";"7";"0";"2";"3";"1";"1";""
"202100001312";"199Â 412";"D01";"1";"7";"0";"2";"1";"1";"1";""
"202100001312";"199Â 413";"C01";"1";"7";"0";"2";"3";"1";"1";""
"202100001312";"199Â 414";"B01";"1";"10";"0";"2";"6";"21";"1";""
"202100001312";"199Â 415";"A01";"2";"7";"0";"2";"3";"13";"1";""
"202100001313";"199Â 410";"B01";"2";"7";"0";"2";"1";"1";"1";""
"202100001313";"199Â 411";"A01";"1";"17";"0";"2";"8";"15";"1";""
"202100001314";"199Â 408";"B01";"2";"10";"0";"2";"1";"1";"1";""
"202100001314";"199Â 409";"A01";"1";"7";"0";"2";"6";"13";"1";""
"202100001315";"199Â 407";"A01";"1";"7";"2";"0";"9";"1";"1";""
"202100001316";"199Â 406";"A01";"2";"7";"2";"0";"7";"1";"1";""
"202100001317";"199Â 405";"A01";"1";"7";"2";"0";"8";"1";"1";""
"202100001318";"199Â 404";"A01";"2";"7";"9";"0";"1";"1";"1";""
"202100001319";"199Â 403";"A01";"2";"7";"0";"1";"3";"1";"1";""
"202100001320";"199Â 402";"A01";"2";"7";"6";"0";"1";"1";"3";""
"202100001321";"199Â 400";"A01";"2";"7";"0";"2";"1";"1";"1";""
"202100001321";"199Â 401";"B01";"2";"20";"0";"0";"4";"1";"1";""
"202100001322";"199Â 398";"A01";"1";"2";"0";"2";"1";"1";"1";""
"202100001322";"199Â 399";"B01";"1";"7";"0";"2";"5";"15";"1";""
"202100001323";"199Â 397";"A01";"2";"7";"13";"0";"1";"1";"1";""
"202100001324";"199Â 395";"A01";"1";"7";"0";"2";"1";"17";"1";""
"202100001324";"199Â 396";"B01";"2";"7";"0";"2";"1";"21";"1";""
"202100001325";"199Â 390";"B01";"2";"7";"0";"2";"1";"1";"1";""
"202100001325";"199Â 391";"A01";"1";"7";"0";"2";"1";"13";"1";""
"202100001326";"199Â 388";"B01";"2";"7";"0";"0";"3";"1";"1";""
"202100001326";"199Â 389";"A01";"2";"7";"0";"2";"9";"14";"1";""
"202100001327";"199Â 387";"A01";"1";"7";"0";"1";"3";"1";"0";""
"202100001328";"199Â 385";"B01";"1";"17";"0";"2";"5";"2";"1";""
"202100001328";"199Â 386";"A01";"1";"7";"0";"2";"3";"14";"1";""
"202100001329";"199Â 383";"B01";"1";"7";"3";"2";"1";"1";"1";""
"202100001329";"199Â 384";"A01";"1";"7";"3";"2";"2";"14";"1";""
"202100001330";"199Â 381";"A01";"1";"1";"0";"2";"3";"0";"5";""
"202100001330";"199Â 382";"B01";"1";"10";"0";"2";"2";"0";"1";""
"202100001331";"199Â 379";"B01";"0";"7";"0";"2";"6";"23";"1";""
"202100001331";"199Â 380";"A01";"2";"1";"0";"2";"1";"1";"5";""
"202100001332";"199Â 377";"A01";"3";"2";"0";"2";"1";"13";"1";""
"202100001332";"199Â 378";"B01";"3";"36";"0";"2";"1";"1";"1";""
"202100001333";"199Â 375";"A01";"3";"33";"0";"2";"7";"1";"1";""
"202100001333";"199Â 376";"B01";"3";"7";"0";"2";"1";"19";"1";""
"202100001334";"199Â 374";"A01";"2";"7";"5";"0";"1";"1";"1";""
"202100001335";"199Â 373";"A01";"3";"7";"6";"0";"1";"1";"1";""
"202100001336";"199Â 371";"A01";"1";"7";"0";"2";"1";"1";"1";""
"202100001336";"199Â 372";"B01";"2";"14";"13";"2";"1";"1";"1";""
"202100001337";"199Â 369";"B01";"0";"7";"0";"2";"2";"1";"1";""
"202100001337";"199Â 370";"A01";"0";"7";"0";"2";"1";"15";"1";""
"202100001338";"199Â 368";"A01";"1";"7";"7";"0";"2";"1";"1";""
"202100001339";"199Â 367";"A01";"1";"7";"0";"1";"8";"1";"1";""
"202100001340";"199Â 365";"B01";"1";"7";"0";"2";"3";"21";"1";""
"202100001340";"199Â 366";"A01";"1";"7";"0";"2";"3";"13";"1";""
"202100001341";"199Â 362";"B01";"2";"7";"0";"2";"1";"0";"1";""
"202100001341";"199Â 363";"A01";"2";"7";"0";"2";"4";"0";"1";""
"202100001341";"199Â 364";"C01";"2";"7";"0";"2";"1";"0";"1";""
"202100001342";"199Â 360";"A01";"1";"7";"0";"2";"1";"0";"1";""
"202100001342";"199Â 361";"B01";"1";"7";"0";"2";"4";"0";"1";""
"202100001343";"199Â 359";"B01";"1";"7";"0";"1";"2";"1";"1";""
"202100001344";"199Â 356";"A01";"1";"7";"0";"2";"1";"2";"1";""
"202100001344";"199Â 357";"B01";"1";"10";"0";"2";"4";"2";"1";""
"202100001344";"199Â 358";"C01";"1";"7";"0";"2";"4";"2";"1";""
"202100001345";"199Â 354";"A01";"1";"7";"0";"2";"2";"2";"1";""
"202100001345";"199Â 355";"B01";"1";"7";"0";"2";"2";"2";"1";""
"202100001346";"199Â 353";"A01";"1";"7";"0";"0";"9";"1";"1";""
"202100001347";"199Â 349";"D01";"1";"7";"0";"2";"4";"2";"1";""
"202100001347";"199Â 350";"C01";"1";"7";"0";"2";"4";"2";"1";""
"202100001347";"199Â 351";"B01";"1";"7";"0";"2";"4";"2";"1";""
"202100001347";"199Â 352";"A01";"1";"10";"0";"2";"3";"2";"1";""
"202100001348";"199Â 348";"A01";"1";"7";"4";"0";"1";"2";"1";""
"202100001349";"199Â 347";"A01";"2";"7";"3";"0";"7";"13";"1";""
"202100001350";"199Â 346";"A01";"2";"7";"4";"0";"1";"2";"1";""
"202100001351";"199Â 344";"A01";"2";"7";"4";"2";"1";"1";"1";""
"202100001351";"199Â 345";"B01";"2";"7";"4";"2";"4";"2";"1";""
"202100001352";"199Â 343";"A01";"1";"7";"4";"0";"1";"1";"1";""
"202100001353";"199Â 342";"A01";"1";"7";"4";"0";"1";"1";"1";""
"202100001354";"199Â 340";"A01";"2";"7";"0";"2";"1";"2";"1";""
"202100001354";"199Â 341";"B01";"2";"7";"0";"2";"4";"2";"1";""
"202100001355";"199Â 339";"A01";"2";"7";"3";"0";"1";"1";"1";""
"202100001356";"199Â 338";"A01";"2";"7";"4";"0";"2";"14";"1";""
"202100001357";"199Â 337";"A01";"1";"7";"4";"0";"1";"2";"1";""
"202100001358";"199Â 335";"A01";"2";"7";"4";"2";"3";"1";"1";""
"202100001358";"199Â 336";"B01";"2";"17";"0";"2";"8";"1";"1";""
"202100001359";"199Â 334";"A01";"1";"7";"3";"5";"3";"21";"1";""
"202100001360";"199Â 332";"A01";"1";"2";"0";"2";"4";"2";"0";""
"202100001360";"199Â 333";"B01";"1";"7";"0";"2";"4";"2";"1";""
"202100001361";"199Â 330";"B01";"1";"7";"0";"2";"2";"2";"1";""
"202100001361";"199Â 331";"A01";"1";"7";"0";"2";"6";"2";"1";""
"202100001362";"199Â 329";"A01";"2";"31";"0";"1";"1";"1";"1";""
"202100001363";"199Â 328";"A01";"3";"2";"12";"0";"1";"1";"1";""
"202100001364";"199Â 326";"B01";"1";"7";"0";"2";"3";"6";"0";""
"202100001364";"199Â 327";"A01";"1";"32";"0";"2";"2";"1";"1";""
"202100001365";"199Â 325";"A01";"0";"7";"9";"0";"1";"1";"1";""
"202100001366";"199Â 323";"Y01";"1";"1";"0";"2";"3";"1";"5";""
"202100001366";"199Â 324";"A01";"1";"7";"0";"9";"3";"15";"1";""
"202100001367";"199Â 321";"B01";"1";"7";"9";"2";"2";"1";"1";""
"202100001367";"199Â 322";"A01";"1";"7";"0";"2";"3";"19";"1";""
"202100001368";"199Â 320";"A01";"1";"7";"2";"0";"7";"14";"1";""
"202100001369";"199Â 319";"A01";"1";"7";"0";"1";"2";"16";"1";""
"202100001370";"199Â 318";"A01";"1";"32";"0";"0";"8";"26";"1";""
"202100001371";"199Â 316";"B01";"2";"32";"0";"2";"7";"1";"1";""
"202100001371";"199Â 317";"A01";"2";"7";"0";"2";"8";"9";"1";""
"202100001372";"199Â 314";"A01";"2";"7";"0";"2";"1";"15";"1";""
"202100001372";"199Â 315";"B01";"1";"7";"0";"2";"1";"1";"1";""
"202100001373";"199Â 313";"A01";"1";"7";"4";"0";"3";"13";"1";""
"202100001374";"199Â 312";"A01";"3";"7";"16";"0";"1";"24";"1";""
"202100001375";"199Â 311";"A01";"1";"10";"0";"1";"4";"4";"1";""
"202100001376";"199Â 309";"A01";"3";"7";"0";"2";"3";"16";"1";""
"202100001376";"199Â 310";"B01";"3";"7";"0";"2";"1";"1";"1";""
"202100001377";"199Â 307";"A01";"1";"7";"0";"2";"6";"19";"1";""
"202100001377";"199Â 308";"B01";"1";"30";"0";"2";"1";"19";"1";""
"202100001378";"199Â 306";"A01";"2";"32";"0";"1";"1";"1";"1";""
"202100001379";"199Â 304";"B01";"2";"1";"0";"2";"8";"19";"5";""
"202100001379";"199Â 305";"A01";"1";"32";"0";"2";"1";"1";"1";""
"202100001380";"199Â 302";"A01";"3";"7";"0";"2";"1";"1";"1";""
"202100001380";"199Â 303";"B01";"3";"7";"0";"2";"4";"1";"1";""
"202100001381";"199Â 300";"A01";"1";"7";"0";"2";"1";"1";"1";""
"202100001381";"199Â 301";"B01";"1";"30";"0";"2";"4";"23";"1";""
"202100001382";"199Â 299";"A01";"1";"32";"0";"1";"0";"16";"1";""
"202100001383";"199Â 298";"A01";"2";"2";"0";"1";"1";"3";"1";""
"202100001384";"199Â 296";"B01";"3";"7";"0";"2";"4";"26";"1";""
"202100001384";"199Â 297";"A01";"3";"7";"0";"2";"1";"1";"1";""
"202100001385";"199Â 293";"C01";"1";"7";"0";"2";"0";"0";"1";""
"202100001385";"199Â 294";"B01";"1";"7";"0";"2";"0";"26";"1";""
"202100001385";"199Â 295";"A01";" -1";"7";"0";"2";"4";"23";"1";""
"202100001386";"199Â 291";"B01";"2";"10";"0";"2";"7";"15";"0";""
"202100001386";"199Â 292";"A01";"1";"30";"0";"2";"1";"7";"1";""
"202100001387";"199Â 289";"B01";"3";"50";"0";"2";"3";"1";"3";""
"202100001387";"199Â 290";"A01";"1";"7";"0";"9";"2";"1";"0";""
"202100001388";"199Â 288";"A01";"2";"7";"2";"0";"1";"1";"1";""
"202100001389";"199Â 287";"Z01";"1";"30";"0";"1";"1";"1";"1";""
"202100001390";"199Â 285";"B01";"2";"30";"0";"2";"0";"1";"1";""
"202100001390";"199Â 286";"A01";"1";"7";"0";"2";"0";"15";"1";""
"202100001391";"199Â 284";"A01";"1";"7";"4";"0";"1";"1";"1";""
"202100001392";"199Â 283";"A01";"3";"31";"12";"0";"3";"1";"1";""
"202100001393";"199Â 280";"C01";"1";"7";"2";"2";"8";"1";"2";""
"202100001393";"199Â 281";"B01";"2";"10";"0";"2";"6";"1";"1";""
"202100001393";"199Â 282";"A01";"2";"33";"0";"2";"1";"2";"1";""
"202100001394";"199Â 278";"A01";"2";"7";"0";"0";"6";"2";"1";""
"202100001394";"199Â 279";"B01";"2";"7";"0";"2";"1";"2";"1";""
"202100001395";"199Â 275";"C01";"1";"7";"0";"2";"1";"1";"1";""
"202100001395";"199Â 276";"B01";"1";"7";"0";"2";"1";"1";"1";""
"202100001395";"199Â 277";"A01";"2";"7";"0";"2";"7";"1";"1";""
"202100001396";"199Â 274";"A01";"1";"7";"2";"0";"1";"1";"1";""
"202100001397";"199Â 273";"A01";"1";"7";"13";"0";"1";"1";"1";""
"202100001398";"199Â 272";"A01";"2";"7";"0";"0";"0";"0";"1";""
"202100001399";"199Â 271";"A01";"1";"7";"16";"0";"3";"1";"1";""
"202100001400";"199Â 270";"A01";"2";"7";"13";"0";"9";"1";"1";""
"202100001401";"199Â 269";"A01";"1";"7";"6";"0";"1";"1";"1";""
"202100001402";"199Â 268";"A01";"1";"7";"13";"0";"1";"1";"1";""
"202100001403";"199Â 267";"A01";"1";"7";"8";"0";"8";"1";"1";""
"202100001404";"199Â 265";"B01";"1";"7";"0";"2";"4";"2";"1";""
"202100001404";"199Â 266";"A01";"1";"7";"0";"2";"1";"2";"1";""
"202100001405";"199Â 264";"A01";"1";"7";"3";"0";"8";"1";"1";""
"202100001406";"199Â 263";"A01";"1";"7";"16";"0";"0";"1";"1";""
"202100001407";"199Â 262";"A01";"1";"7";"13";"0";"3";"13";"1";""
"202100001408";"199Â 259";"A01";"1";"7";"0";"0";"3";"1";"1";""
"202100001408";"199Â 260";"B01";"2";"7";"7";"0";"3";"1";"1";""
"202100001408";"199Â 261";"C01";"1";"10";"0";"2";"6";"1";"1";""
"202100001409";"199Â 257";"B01";"1";"7";"0";"2";"7";"1";"1";""
"202100001409";"199Â 258";"A01";"1";"7";"2";"2";"2";"14";"1";""
"202100001410";"199Â 255";"A01";"1";"2";"0";"2";"1";"16";"1";""
"202100001410";"199Â 256";"B01";"2";"7";"0";"2";"1";"15";"1";""
"202100001411";"199Â 253";"B01";"2";"7";"0";"2";"3";"1";"1";""
"202100001411";"199Â 254";"A01";"1";"7";"0";"2";"3";"1";"1";""
"202100001412";"199Â 252";"A01";"1";"7";"0";"9";"0";"21";"1";""
"202100001413";"199Â 250";"A01";"1";"7";"0";"2";"1";"2";"1";""
"202100001413";"199Â 251";"B01";"1";"15";"0";"0";"4";"2";"1";""
"202100001414";"199Â 248";"B01";"1";"1";"0";"0";"4";"1";"5";""
"202100001414";"199Â 249";"A01";"1";"15";"0";"2";"2";"2";"1";""
"202100001415";"199Â 247";"A01";"2";"10";"8";"0";"3";"1";"1";""
"202100001416";"199Â 246";"A01";"1";"7";"0";"1";"0";"1";" -1";""
"202100001417";"199Â 245";"A01";"1";"7";"16";"0";"9";"14";"1";""
"202100001418";"199Â 244";"A01";"0";"7";"13";"0";"0";"1";"0";""
"202100001419";"199Â 241";"C01";"1";"2";"0";"0";"4";"0";"1";""
"202100001419";"199Â 242";"B01";"1";"7";"0";"2";"1";"0";"0";""
"202100001419";"199Â 243";"A01";"1";"7";"0";"2";"4";"2";"1";""
"202100001420";"199Â 240";"A01";"3";"7";"0";"1";"4";"4";"1";""
"202100001421";"199Â 239";"A01";"2";"7";"17";"0";"2";"1";"1";""
"202100001422";"199Â 237";"A01";"2";"7";"0";"2";"7";"2";"1";""
"202100001422";"199Â 238";"B01";"2";"50";"0";"2";"8";"2";"3";""
"202100001423";"199Â 235";"B01";"0";"10";"0";"2";"1";"1";"1";""
"202100001423";"199Â 236";"A01";"1";"10";"0";"2";"7";"1";"1";""
"202100001424";"199Â 234";"A01";"1";"7";"3";"0";"7";"14";"1";""
"202100001425";"199Â 233";"A01";"2";"7";"0";"1";"2";"1";"1";""
"202100001426";"199Â 232";"A01";"3";"33";"0";"0";"7";"1";"1";""
"202100001427";"199Â 231";"A01";"1";"7";"6";"0";"5";"13";"1";""
"202100001428";"199Â 226";"A01";"2";"7";"0";"2";"4";"0";"1";""
"202100001428";"199Â 227";"B01";"2";"7";"0";"2";"1";"0";"1";""
"202100001428";"199Â 228";"C01";"2";"7";"0";"2";"4";"0";"1";""
"202100001428";"199Â 229";"D01";"2";"7";"1";"0";"9";"0";"1";""
"202100001429";"199Â 224";"A01";"2";"7";"0";"2";"1";"2";"1";""
"202100001429";"199Â 225";"B01";"2";"7";"0";"2";"4";"2";"1";""
"202100001430";"199Â 222";"A01";"1";"7";"0";"2";"2";"26";"2";""
"202100001430";"199Â 223";"B01";"1";"7";"0";"2";"6";"1";"1";""
"202100001431";"199Â 221";"A01";"2";"7";"4";"0";"2";"2";"1";""
"202100001432";"199Â 220";"A01";"2";"15";"0";"0";"1";"1";"1";""
"202100001433";"199Â 219";"A01";"1";"7";"4";"0";"1";"1";"1";""
"202100001434";"199Â 217";"A01";"1";"7";"0";"2";"1";"1";"1";""
"202100001434";"199Â 218";"B01";"1";"7";"0";"2";"6";"2";"1";""
"202100001435";"199Â 216";"A01";"2";"7";"4";"0";"1";"1";"1";""
"202100001436";"199Â 215";"A01";"1";"7";"3";"9";"1";"9";"1";""
"202100001437";"199Â 214";"A01";"1";"7";"3";"2";"1";"26";"1";""
"202100001438";"199Â 213";"A01";"2";"7";"4";"0";"1";"0";"1";""
"202100001439";"199Â 211";"B01";"2";"7";"0";"2";"5";"12";"1";""
"202100001439";"199Â 212";"A01";"2";"32";"0";"2";"1";"1";"1";""
"202100001440";"199Â 209";"B01";"3";"7";"0";"2";"8";"19";"3";""
"202100001440";"199Â 210";"A01";"3";"7";"0";"2";"2";"19";"1";""
"202100001441";"199Â 206";"C01";"3";"7";"1";"2";"0";"0";"1";""
"202100001441";"199Â 207";"B01";"1";"7";"0";"2";"6";"1";"1";""
"202100001441";"199Â 208";"A01";"1";"30";"0";"2";"1";"1";"1";""
"202100001442";"199Â 204";"A01";"1";"30";"0";"2";"8";"9";"1";""
"202100001442";"199Â 205";"B01";"1";"10";"0";"2";"1";"1";"1";""
"202100001443";"199Â 202";"B01";"0";"7";"0";"2";"3";"1";"1";""
"202100001443";"199Â 203";"A01";"0";"33";"0";"2";"1";"1";"1";""
"202100001444";"199Â 201";"A01";"2";"34";"0";"1";"2";"21";"1";""
"202100001445";"199Â 199";"B01";"1";"2";"16";"0";"8";"9";"6";""
"202100001445";"199Â 200";"A01";"1";"7";"0";"2";"2";"26";"1";""
"202100001446";"199Â 198";"A01";"3";"7";"0";"1";"0";"26";"1";""
"202100001447";"199Â 196";"A01";"3";"7";"0";"2";"3";"19";"1";""
"202100001447";"199Â 197";"Z01";"2";"7";"0";"2";"2";"1";"1";""
"202100001448";"199Â 194";"B01";"1";"7";"14";"2";"1";"1";"1";""
"202100001448";"199Â 195";"A01";"2";"7";"0";"2";"4";"23";"1";""
"202100001449";"199Â 193";"A01";"2";"10";"0";"1";"1";"26";"1";""
"202100001450";"199Â 191";"A01";"2";"7";"0";"2";"7";"1";"1";""
"202100001450";"199Â 192";"B01";"0";"99";"0";"2";"1";"26";"1";""
"202100001451";"199Â 189";"B01";"2";"7";"0";"2";"7";"15";"1";""
"202100001451";"199Â 190";"A01";"1";"7";"0";"0";"0";"0";"1";""
"202100001452";"199Â 187";"A01";"3";"7";"0";"2";"1";"1";"1";""
"202100001452";"199Â 188";"B01";"3";"7";"0";"2";"5";"1";"1";""
"202100001453";"199Â 185";"B01";"1";"1";"0";"2";"1";"1";"6";""
"202100001453";"199Â 186";"A01";"2";"7";"0";"9";"2";"15";"1";""
"202100001454";"199Â 184";"A01";"3";"7";"1";"0";"1";"1";"1";""
"202100001455";"199Â 182";"B01";"3";"7";"0";"2";"0";"16";"1";""
"202100001455";"199Â 183";"A01";"3";"30";"0";"2";"0";"1";"1";""
"202100001456";"199Â 181";"A01";"1";"7";"0";"1";"1";"16";"1";""
"202100001457";"199Â 179";"A01";"2";"7";"0";"2";"1";"5";"1";""
"202100001457";"199Â 180";"B01";"1";"7";"0";"2";"1";"1";"1";""
"202100001458";"199Â 177";"B01";"2";"7";"0";"2";"7";"1";"1";""
"202100001458";"199Â 178";"A01";"3";"7";"0";"2";"1";"1";"1";""
"202100001459";"199Â 176";"A01";"1";"30";"0";"0";"7";"26";"1";""
"202100001460";"199Â 175";"A01";"2";"7";"0";"0";"1";"26";"1";""
"202100001461";"199Â 174";"Y01";"3";"30";"0";"1";"1";"26";"1";""
"202100001462";"199Â 172";"B01";"1";"2";"0";"2";"1";"1";"1";""
"202100001462";"199Â 173";"A01";"2";"7";"0";"2";"8";"15";"1";""
"202100001463";"199Â 171";"A01";"1";"7";"9";"0";"1";"26";"1";""
"202100001464";"199Â 169";"A01";"1";"7";"0";"9";"1";"1";"1";""
"202100001464";"199Â 170";"B01";"1";"50";"0";"2";"1";"1";"3";""
"202100001465";"199Â 167";"B01";"1";"14";"0";"2";"3";"26";"1";""
"202100001465";"199Â 168";"A01";"1";"7";"0";"2";"2";"26";"1";""
"202100001466";"199Â 165";"A01";"1";"7";"0";"2";"2";"20";"1";""
"202100001466";"199Â 166";"B01";"1";"1";"0";"2";"1";"1";"5";""
"202100001467";"199Â 163";"A01";"1";"7";"0";"2";"3";"26";"1";""
"202100001467";"199Â 164";"B01";"1";"2";"0";"2";"4";"26";"1";""
"202100001468";"199Â 161";"A01";"2";"7";"0";"2";"3";"19";"1";""
"202100001468";"199Â 162";"B01";"2";"33";"0";"2";"1";"1";"1";""
"202100001469";"199Â 159";"B01";"2";"7";"0";"2";"1";"1";"1";""
"202100001469";"199Â 160";"A01";"1";"7";"0";"2";"1";"13";"1";""
"202100001470";"199Â 158";"A01";"2";"30";"0";"0";"0";"21";"1";""
"202100001471";"199Â 156";"B01";"3";"7";"0";"2";"1";"2";"1";""
"202100001471";"199Â 157";"A01";"3";"7";"0";"2";"4";"23";"1";""