"Num_Acc";"id_vehicule";"num_veh";"senc";"catv";"obs";"obsm";"choc";"manv";"motor";"occutc"
"202100001472";"199Â 155";"A01";"1";"7";"0";"1";"1";"1";"1";""
"202100001473";"199Â 154";"A01";"2";"7";"0";"1";"1";"1";"1";""
"202100001474";"199Â 152";"B01";"2";"7";"0";"2";"4";"1";"1";""
"202100001474";"199Â 153";"A01";"2";"7";"0";"2";"2";"1";"1";""
"202100001475";"199Â 150";"B01";"2";"7";"8";"0";"7";"1";"1";""
"202100001475";"199Â 151";"A01";"1";"7";"0";"2";"1";"1";"1";""
"202100001476";"199Â 148";"B01";"3";"7";"0";"2";"0";"1";"1";""
"202100001476";"199Â 149";"A01";"3";"7";"0";"2";"0";"15";"1";""
"202100001477";"199Â 147";"A01";"2";"7";"0";"1";"3";"1";"1";""
"202100001478";"199Â 145";"B01";"2";"7";"0";"2";"8";"15";"1";""
"202100001478";"199Â 146";"A01";"2";"30";"0";"2";"1";"17";"1";""
"202100001479";"199Â 143";"A01";"2";"7";"0";"2";"1";"15";"1";""
"202100001479";"199Â 144";"B01";"2";"50";"0";"2";"0";"19";"3";""
"202100001480";"199Â 141";"A01";"2";"10";"0";"2";"5";"20";"1";""
"202100001480";"199Â 142";"B01";"2";"43";"0";"2";"1";"2";"1";""
"202100001481";"199Â 140";"A01";"2";"7";"6";"0";"1";"13";"1";""
"202100001482";"199Â 138";"A01";"1";"7";"0";"2";"3";"9";"1";""
"202100001482";"199Â 139";"B01";"1";"60";"0";"2";"1";"9";"5";""
"202100001483";"199Â 136";"A01";"2";"7";"0";"2";"1";"1";"1";""
"202100001483";"199Â 137";"B01";"1";"30";"0";"2";"1";"1";"1";""
"202100001484";"199Â 134";"A01";"1";"7";"0";"2";"3";"19";"1";""
"202100001484";"199Â 135";"B01";"1";"14";"0";"2";"1";"26";"1";""
"202100001485";"199Â 132";"B01";"2";"7";"0";"2";"1";"1";"1";""
"202100001485";"199Â 133";"A01";"2";"7";"0";"2";"3";"19";"1";""
"202100001486";"199Â 129";"A01";"1";"33";"12";"0";"5";"1";"1";""
"202100001487";"199Â 127";"A01";"1";"7";"0";"2";"1";"9";"1";""
"202100001487";"199Â 128";"B01";"1";"2";"0";"2";"7";"0";"1";""
"202100001488";"199Â 126";"A01";"1";"10";"0";"1";"1";"15";"1";""
"202100001489";"199Â 124";"A01";"2";"7";"0";"2";"8";"10";"1";""
"202100001489";"199Â 125";"B01";"2";"32";"0";"2";"1";"17";"1";""
"202100001490";"199Â 123";"A01";"2";"50";"14";"0";"1";"26";"3";""
"202100001491";"199Â 122";"A01";"1";"10";"6";"0";"1";"1";"1";""
"202100001492";"199Â 120";"B01";"1";"7";"0";"2";"8";"9";"2";""
"202100001492";"199Â 121";"A01";"2";"30";"0";"2";"1";"6";"1";""
"202100001493";"199Â 119";"A01";"2";"10";"14";"0";"2";"14";"1";""
"202100001494";"199Â 117";"B01";"1";"32";"0";"2";"3";"1";"1";""
"202100001494";"199Â 118";"A01";"2";"10";"0";"2";"1";"15";"1";""
"202100001495";"199Â 116";"A01";"1";"1";"0";"0";"0";"5";"5";""
"202100001496";"199Â 114";"B01";"1";"7";"0";"2";"3";"15";"2";""
"202100001496";"199Â 115";"A01";"2";"33";"0";"2";"1";"1";"1";""
"202100001497";"199Â 113";"A01";"1";"10";"6";"0";"1";"1";"1";""
"202100001498";"199Â 112";"A01";"2";"7";"0";"1";"7";"1";"1";""
"202100001499";"199Â 111";"A01";"1";"7";"9";"1";"4";"4";"1";""
"202100001500";"199Â 110";"A01";"1";"7";"14";"0";"3";"13";"1";""
"202100001501";"199Â 108";"B01";"1";"32";"1";"2";"1";"18";"1";""
"202100001501";"199Â 109";"A01";"1";"10";"0";"2";"8";"22";"1";""
"202100001502";"199Â 107";"Z01";"1";"13";"0";"1";"2";"14";"0";""
"202100001503";"199Â 105";"Z01";"0";"7";"0";"2";"7";"22";"0";""
"202100001503";"199Â 106";"B01";"2";"1";"0";"2";"8";"1";"5";""
"202100001504";"199Â 103";"B01";"3";"99";"0";"2";"3";"16";"1";""
"202100001504";"199Â 104";"A01";"3";"7";"0";"2";"7";"1";"1";""
"202100001505";"199Â 102";"A01";"2";"7";"15";"1";"3";"1";"1";""
"202100001506";"199Â 100";"A01";"2";"10";"0";"2";"2";"10";"1";""
"202100001506";"199Â 101";"B01";"2";"31";"0";"2";"1";"1";"1";""
"202100001507";"199Â 099";"A01";"2";"7";"0";"1";"1";"1";"1";""
"202100001508";"199Â 097";"Z01";"1";"0";"0";"2";"1";"26";"1";""
"202100001508";"199Â 098";"A01";"2";"32";"0";"2";"2";"1";"1";""
"202100001509";"199Â 096";"A01";"1";"10";"0";"1";"1";"9";"1";""
"202100001510";"199Â 095";"A01";"2";"7";"0";"1";"2";"1";"1";""
"202100001511";"199Â 094";"A01";"2";"7";"0";"1";"1";"19";"1";""
"202100001512";"199Â 092";"A01";"1";"7";"0";"2";"8";"15";"2";""
"202100001512";"199Â 093";"B01";"1";"7";"0";"2";"3";"1";"1";""
"202100001513";"199Â 091";"A01";"2";"32";"0";"0";"3";"1";"1";""
"202100001514";"199Â 090";"A01";"1";"7";"13";"0";"1";"1";"1";""
"202100001515";"199Â 088";"B01";"1";"2";"0";"2";"6";"2";"1";""
"202100001515";"199Â 089";"A01";"1";"7";"0";"2";"2";"2";"1";""
"202100001516";"199Â 087";"A01";"2";"0";"0";"0";"0";"0";"0";""
"202100001517";"199Â 086";"A01";"3";"33";"12";"0";"0";"1";"1";""
"202100001518";"199Â 085";"A01";"3";"7";"0";"0";"9";"2";"1";""
"202100001519";"199Â 084";"A01";"1";"7";"13";"0";"3";"1";"1";""
"202100001520";"199Â 081";"A01";"3";"7";"0";"2";"7";"15";"1";""
"202100001520";"199Â 082";"B01";"3";"7";"0";"2";"2";"1";"1";""
"202100001520";"199Â 083";"C01";"3";"7";"0";"2";"3";"23";"1";""
"202100001521";"199Â 077";"A01";"1";"1";"0";"5";"1";"1";"5";""
"202100001522";"199Â 076";"A01";"1";"3";"14";"0";"9";"1";"1";""
"202100001523";"199Â 075";"A01";"1";"7";"13";"0";"1";"1";"1";""
"202100001524";"199Â 073";"A01";"2";"7";"0";"2";"2";"19";"1";""
"202100001524";"199Â 074";"B01";"2";"7";"6";"2";"3";"1";"1";""
"202100001525";"199Â 072";"A01";"3";"7";"0";"1";"1";"2";"1";""
"202100001526";"199Â 071";"A01";"3";"7";"2";"0";"1";"1";"1";""
"202100001527";"199Â 070";"A01";"1";"7";"8";"0";"2";"1";"1";""
"202100001528";"199Â 069";"A01";"3";"7";"2";"0";"1";"0";"1";""
"202100001529";"199Â 067";"A01";"1";"10";"0";"2";"3";"13";"1";""
"202100001529";"199Â 068";"B01";"2";"7";"0";"2";"3";"1";"1";""
"202100001530";"199Â 065";"B01";"0";"43";"0";"2";"1";"1";"1";""
"202100001530";"199Â 066";"A01";"0";"7";"0";"2";"3";"9";"1";""
"202100001531";"199Â 064";"A01";"2";"2";"7";"0";"1";"1";"1";""
"202100001532";"199Â 062";"B01";"0";"7";"0";"2";"3";"1";"1";""
"202100001532";"199Â 063";"A01";"0";"2";"0";"2";"1";"13";"1";""
"202100001533";"199Â 061";"A01";"0";"7";"8";"0";"2";"1";"1";""
"202100001534";"199Â 060";"A01";"1";"7";"13";"0";"0";"1";"1";""
"202100001535";"199Â 058";"A01";"2";"7";"0";"1";"7";"15";"1";""
"202100001535";"199Â 059";"B01";"1";"7";"0";"2";"1";"1";"2";""
"202100001536";"199Â 057";"A01";"1";"7";"13";"0";"9";"1";"1";""
"202100001537";"199Â 054";"B01";"2";"7";"0";"0";"6";"23";"1";""
"202100001537";"199Â 055";"A01";"2";"14";"1";"0";"2";"1";"1";""
"202100001538";"199Â 053";"A01";"1";"7";"13";"0";"1";"1";"1";""
"202100001539";"199Â 052";"A01";"2";"7";"4";"0";"2";"1";"1";""
"202100001540";"199Â 050";"A01";"1";"7";"0";"2";"2";"15";"1";""
"202100001540";"199Â 051";"B01";"2";"7";"0";"2";"1";"1";"1";""
"202100001541";"199Â 048";"A01";"1";"10";"0";"2";"1";"2";"1";""
"202100001541";"199Â 049";"B01";"1";"50";"0";"2";"8";"15";"3";""
"202100001542";"199Â 046";"B01";"2";"7";"0";"2";"1";"2";"1";""
"202100001542";"199Â 047";"A01";"1";"7";"0";"0";"4";"2";"1";""
"202100001543";"199Â 044";"A01";"2";"7";"3";"0";"3";"1";"1";""
"202100001543";"199Â 045";"B01";"2";"7";"0";"2";"1";"2";"1";""
"202100001544";"199Â 042";"B01";"1";"7";"0";"2";"2";"14";"0";""
"202100001544";"199Â 043";"A01";"1";"7";"0";"2";"8";"2";"1";""
"202100001545";"199Â 040";"B01";"2";"7";"4";"0";"4";"2";"1";""
"202100001545";"199Â 041";"A01";"2";"7";"0";"2";"1";"2";"1";""
"202100001546";"199Â 039";"A01";"1";"7";"0";"1";"7";"1";"1";""
"202100001547";"199Â 038";"A01";"1";"7";"4";"0";"0";"1";"1";""
"202100001548";"199Â 037";"A01";"1";"2";"6";"0";"1";"1";"1";""
"202100001549";"199Â 035";"B01";"1";"7";"0";"2";"1";"1";"1";""
"202100001549";"199Â 036";"A01";"2";"7";"0";"2";"1";"1";"1";""
"202100001550";"199Â 034";"A01";"3";"99";"6";"0";"3";"1";"1";""
"202100001551";"199Â 033";"A01";"2";"7";"3";"0";"2";"6";"1";""
"202100001552";"199Â 032";"A01";"1";"7";"9";"0";"2";"1";"1";""
"202100001553";"199Â 031";"A01";"0";"7";"13";"0";"2";"1";"1";""
"202100001554";"199Â 030";"A01";"2";"10";"6";"0";"0";"0";"0";""
"202100001555";"199Â 029";"A01";"0";"7";"8";"0";"1";"1";"1";""
"202100001556";"199Â 027";"B01";"2";"7";"0";"2";"2";"1";"1";""
"202100001556";"199Â 028";"A01";"2";"7";"1";"2";"3";"1";"1";""
"202100001557";"199Â 025";"B01";"2";"7";"0";"2";"0";"0";"1";""
"202100001557";"199Â 026";"A01";"2";"7";"0";"2";"4";"0";"1";""
"202100001558";"199Â 024";"A01";"1";"7";"4";"0";"1";"1";"1";""
"202100001559";"199Â 022";"B01";"2";"7";"0";"2";"6";"1";"1";""
"202100001559";"199Â 023";"A01";"2";"10";"0";"2";"2";"14";"1";""
"202100001560";"199Â 020";"A01";"1";"7";"0";"2";"1";"12";"1";""
"202100001560";"199Â 021";"B01";"1";"7";"0";"2";"4";"2";"1";""
"202100001561";"199Â 018";"A01";"2";"7";"0";"2";"2";"2";"1";""
"202100001561";"199Â 019";"B01";"2";"7";"0";"2";"6";"1";"1";""
"202100001562";"199Â 016";"A01";"2";"31";"0";"2";"8";"2";"1";""
"202100001562";"199Â 017";"Z01";"1";"10";"0";"2";"7";"14";"1";""
"202100001563";"199Â 014";"B01";"1";"33";"0";"2";"0";"0";"1";""
"202100001563";"199Â 015";"A01";"1";"7";"0";"2";"0";"0";"1";""
"202100001564";"199Â 013";"A01";"1";"7";"0";"0";"0";"0";"1";""
"202100001565";"199Â 012";"A01";"2";"7";"4";"0";"1";"1";"1";""
"202100001566";"199Â 011";"A01";"1";"7";"4";"0";"3";"0";"1";""
"202100001567";"199Â 009";"A01";"1";"7";"0";"2";"1";"1";"1";""
"202100001567";"199Â 010";"B01";"1";"7";"0";"2";"4";"2";"1";""
"202100001568";"199Â 008";"A01";"1";"7";"0";"1";"3";"19";"1";""
"202100001569";"199Â 006";"A01";"2";"7";"0";"2";"3";"13";"1";""
"202100001569";"199Â 007";"B01";"1";"7";"0";"2";"3";"1";"1";""
"202100001570";"199Â 004";"A01";"0";"30";"0";"2";"1";"9";"1";""
"202100001570";"199Â 005";"B01";"2";"30";"0";"2";"8";"1";"1";""
"202100001571";"199Â 003";"A01";"1";"7";"0";"1";"1";"15";"1";""
"202100001572";"199Â 001";"B01";"2";"2";"0";"2";"2";"1";"1";""
"202100001572";"199Â 002";"A01";"3";"7";"0";"2";"5";"4";"1";""
"202100001573";"198Â 999";"B01";"3";"1";"0";"2";"0";"0";"0";""
"202100001573";"199Â 000";"A01";"2";"1";"0";"9";"7";"26";"6";""
"202100001574";"198Â 998";"A01";"3";"38";"0";"1";"4";"4";"1";"1"
"202100001575";"198Â 997";"A01";"1";"7";"12";"0";"1";"0";"1";""
"202100001576";"198Â 995";"B01";"1";"7";"0";"2";"4";"0";"1";""
"202100001576";"198Â 996";"A01";"1";"7";"0";"2";"1";"0";"1";""
"202100001577";"198Â 992";"A01";"1";"32";"0";"2";"3";"13";"1";""
"202100001577";"198Â 993";"B01";"2";"33";"0";"2";"3";"1";"1";""
"202100001577";"198Â 994";"C01";"2";"7";"0";"9";"6";"1";"1";""
"202100001578";"198Â 991";"A01";"2";"7";"0";"1";"3";"1";"1";""
"202100001579";"198Â 990";"A01";"3";"7";"0";"1";"2";"23";"1";""
"202100001580";"198Â 989";"A01";"1";"50";"0";"0";"0";"1";"3";""
"202100001581";"198Â 987";"B01";"1";"7";"0";"2";"4";"2";"1";""
"202100001581";"198Â 988";"A01";"1";"7";"0";"2";"1";"2";"1";""
"202100001582";"198Â 981";"A01";"2";"7";"0";"1";"1";"1";"1";""
"202100001583";"198Â 980";"A01";"2";"7";"0";"1";"3";"26";"1";""
"202100001584";"198Â 979";"A01";"2";"7";"0";"1";"1";"1";"1";""
"202100001585";"198Â 976";"A01";"2";"10";"0";"2";"1";"1";"1";""
"202100001585";"198Â 977";"B01";"2";"7";"0";"2";"4";"1";"1";""
"202100001585";"198Â 978";"C01";"2";"7";"0";"2";"4";"1";"1";""
"202100001586";"198Â 974";"A01";"2";"50";"0";"2";"1";"15";"3";""
"202100001586";"198Â 975";"B01";"2";"7";"0";"2";"5";"1";"1";""
"202100001587";"198Â 972";"A01";"1";"30";"0";"2";"3";"16";"1";""
"202100001587";"198Â 973";"B01";"2";"7";"0";"2";"5";"1";"1";""
"202100001588";"198Â 970";"A01";"1";"7";"0";"2";"1";"2";"1";""
"202100001588";"198Â 971";"B01";"1";"7";"0";"2";"4";"0";"1";""
"202100001589";"198Â 968";"B01";"1";"7";"0";"2";"4";"1";"1";""
"202100001589";"198Â 969";"A01";"1";"7";"0";"2";"1";"1";"1";""
"202100001590";"198Â 966";"B01";"2";"33";"0";"2";"1";"1";"1";""
"202100001590";"198Â 967";"A01";"1";"7";"0";"2";"1";"15";"2";""
"202100001591";"198Â 964";"B01";"2";"1";"0";"2";"4";"15";"5";""
"202100001591";"198Â 965";"A01";"2";"3";"0";"2";"3";"16";"3";""
"202100001592";"198Â 962";"A01";"1";"33";"0";"2";"1";"2";"1";""
"202100001592";"198Â 963";"B01";"1";"7";"0";"2";"4";"2";"1";""
"202100001593";"198Â 960";"B01";"2";"7";"0";"0";"4";"2";"1";""
"202100001593";"198Â 961";"A01";"2";"3";"0";"2";"1";"2";"1";""
"202100001594";"198Â 957";"A01";"2";"7";"0";"1";"1";"1";"1";""
"202100001595";"198Â 954";"C01";"1";"7";"0";"2";"3";"1";"1";""
"202100001595";"198Â 955";"B01";"1";"7";"0";"2";"1";"1";"1";""
"202100001595";"198Â 956";"A01";"1";"7";"0";"2";"1";"26";"1";""
"202100001596";"198Â 953";"A01";"1";"33";"0";"0";"1";"26";"1";""
"202100001597";"198Â 951";"A01";"1";"7";"0";"2";"0";"0";"1";""
"202100001597";"198Â 952";"B01";"1";"7";"0";"2";"0";"0";"1";""
"202100001598";"198Â 950";"A01";"2";"7";"0";"1";"1";"1";"1";""
"202100001599";"198Â 948";"A01";"3";"1";"0";"2";"1";"19";"5";""
"202100001599";"198Â 949";"B01";"3";"7";"0";"2";"1";"1";"1";""
"202100001600";"198Â 946";"A01";"3";"7";"0";"9";"2";"16";"0";""
"202100001600";"198Â 947";"B01";"1";"99";"0";"2";"3";"5";"5";""
"202100001601";"198Â 945";"A01";"3";"7";"0";"0";"0";"23";"1";""
"202100001602";"198Â 942";"C01";"1";"7";"0";"2";"1";"1";"1";""
"202100001602";"198Â 943";"B01";"1";"7";"0";"2";"1";"1";"1";""
"202100001602";"198Â 944";"A01";"2";"7";"0";"2";"1";"13";"1";""
"202100001603";"198Â 940";"A01";"2";"7";"0";"2";"1";"2";"1";""
"202100001603";"198Â 941";"B01";"2";"7";"0";"2";"4";"2";"1";""
"202100001604";"198Â 938";"A01";"3";"7";"0";"2";"2";"12";"1";""
"202100001604";"198Â 939";"B01";"3";"7";"0";"2";"8";"15";"1";""
"202100001605";"198Â 936";"A01";"2";"7";"3";"0";"1";"1";"1";""
"202100001605";"198Â 937";"B01";"1";"7";"0";"2";"1";"1";"1";""
"202100001606";"198Â 934";"A01";"0";"7";"0";"2";"2";"1";"1";""
"202100001606";"198Â 935";"B01";"0";"10";"0";"2";"1";"1";"1";""
"202100001607";"198Â 927";"A01";"3";"7";"0";"2";"1";"1";"1";""
"202100001607";"198Â 928";"B01";"3";"1";"0";"2";"1";"1";"5";""
"202100001608";"198Â 925";"A01";"3";"7";"0";"2";"2";"15";"1";""
"202100001608";"198Â 926";"B01";"3";"2";"0";"2";"1";"26";"1";""
"202100001609";"198Â 923";"A01";"0";"7";"0";"2";"7";"9";"1";""
"202100001609";"198Â 924";"B01";"0";"33";"0";"2";"1";"1";"1";""
"202100001610";"198Â 919";"B01";"1";"43";"0";"2";"1";"0";"1";""
"202100001610";"198Â 920";"A01";"1";"10";"0";"2";"8";"15";"1";""
"202100001611";"198Â 918";"A01";"2";"7";"10";"0";"1";"1";"1";""
"202100001612";"198Â 916";"B01";"0";"33";"0";"2";"1";"1";"1";""
"202100001612";"198Â 917";"A01";"3";"32";"0";"2";"2";"10";"1";""
"202100001613";"198Â 914";"A01";"1";"7";"0";"2";"1";"19";"1";""
"202100001613";"198Â 915";"B01";"1";"99";"0";"2";"7";"19";"1";""
"202100001614";"198Â 913";"A01";"1";"50";"15";"0";"1";"1";"3";""
"202100001615";"198Â 911";"A01";"3";"10";"0";"0";"7";"19";"1";""
"202100001615";"198Â 912";"Y01";"1";"1";"0";"2";"1";"1";"5";""
"202100001616";"198Â 908";"B01";"0";"7";"0";"0";"2";"6";"1";""
"202100001616";"198Â 909";"C01";"0";"7";"0";"0";"3";"23";"1";""
"202100001616";"198Â 910";"A01";"2";"33";"0";"2";"3";"18";"1";""
"202100001617";"198Â 906";"B01";"1";"7";"0";"2";"4";"1";"1";""
"202100001617";"198Â 907";"A01";"1";"7";"0";"2";"1";"1";"1";""
"202100001618";"198Â 904";"A01";"2";"7";"0";"2";"2";"2";"1";""
"202100001618";"198Â 905";"B01";"2";"33";"0";"2";"4";"2";"1";""
"202100001619";"198Â 903";"A01";"2";"7";"0";"1";"1";"1";"1";""
"202100001620";"198Â 902";"A01";"1";"7";"0";"1";"3";"1";"1";""
"202100001621";"198Â 901";"A01";"2";"10";"0";"1";"2";"16";"1";""
"202100001622";"198Â 900";"A01";"1";"7";"0";"1";"1";"1";"1";""
"202100001623";"198Â 898";"A01";"1";"7";"0";"2";"7";"16";"1";""
"202100001623";"198Â 899";"B01";"1";"30";"0";"2";"8";"1";"1";""
"202100001624";"198Â 896";"B01";"2";"7";"0";"2";"3";"1";"1";""
"202100001624";"198Â 897";"A01";"2";"30";"0";"2";"2";"16";"1";""
"202100001625";"198Â 895";"A01";"1";"31";"0";"0";"8";"1";"1";""
"202100001626";"198Â 894";"A01";"2";"30";"0";"1";"1";"1";"1";""
"202100001627";"198Â 893";"A01";"1";"80";"14";"0";"3";"13";"3";""
"202100001628";"198Â 891";"B01";"2";"7";"0";"2";"3";"15";"1";""
"202100001628";"198Â 892";"A01";"2";"7";"0";"2";"2";"21";"1";""
"202100001629";"198Â 890";"A01";"2";"7";"0";"1";"3";"13";"1";""
"202100001630";"198Â 888";"B01";"0";"50";"0";"2";"3";"16";"3";""
"202100001630";"198Â 889";"A01";"2";"7";"0";"2";"1";"1";"0";""
"202100001631";"198Â 886";"B01";"2";"60";"0";"2";"1";"1";"5";""
"202100001631";"198Â 887";"Z01";"1";"7";"0";"2";"0";"17";"1";""
"202100001632";"198Â 885";"A01";"3";"7";"0";"1";"0";"0";"0";""
"202100001633";"198Â 884";"A01";"3";"7";"15";"0";"1";"9";"1";""
"202100001634";"198Â 882";"B01";"2";"37";"0";"2";"3";"9";"1";"1"
"202100001634";"198Â 883";"A01";"2";"7";"0";"2";"6";"26";"1";""
"202100001635";"198Â 881";"A01";"1";"7";"0";"1";"2";"1";"1";""
"202100001636";"198Â 880";"A01";"3";"7";"0";"1";"4";"4";"1";""
"202100001637";"198Â 878";"B01";"2";"43";"0";"2";"5";"13";"1";""
"202100001637";"198Â 879";"A01";"1";"10";"0";"2";"1";"15";"1";""
"202100001638";"198Â 875";"A01";"1";"7";"0";"2";"1";"1";"1";""
"202100001638";"198Â 876";"C01";"3";"7";"0";"2";"3";"0";"1";""
"202100001638";"198Â 877";"B01";"3";"7";"0";"2";"6";"0";"2";""
"202100001639";"198Â 873";"A01";" -1";"37";"8";"2";"2";"26";"1";"2"
"202100001639";"198Â 874";"B01";" -1";"7";"0";"2";"6";"0";"1";""
"202100001640";"198Â 872";"A01";"2";"7";"0";"1";"2";"16";"1";""
"202100001641";"198Â 870";"A01";"1";"7";"0";"2";"2";"15";"1";""
"202100001641";"198Â 871";"B01";"2";"30";"0";"2";"1";"1";"1";""
"202100001642";"198Â 868";"A01";"3";"7";"0";"0";"7";"19";"1";""
"202100001642";"198Â 869";"B01";"1";"15";"0";"2";"1";"19";"1";""
"202100001643";"198Â 867";"A01";"2";"7";"0";"1";"2";"1";"1";""
"202100001644";"198Â 866";"A01";"1";"7";"13";"0";"1";"14";"1";""
"202100001645";"198Â 865";"A01";"2";"7";"0";"0";"1";"1";"1";""
"202100001646";"198Â 861";"A01";"1";"10";"0";"2";"1";"1";"1";""
"202100001646";"198Â 862";"B01";"1";"7";"0";"2";"7";"19";"1";""
"202100001647";"198Â 859";"A01";"2";"7";"0";"2";"3";"0";"1";""
"202100001647";"198Â 860";"B01";"1";"7";"0";"2";"1";"21";"0";""
"202100001648";"198Â 857";"B01";"2";"10";"0";"2";"4";"1";"1";""
"202100001648";"198Â 858";"A01";"2";"7";"0";"2";"1";"1";"1";""
"202100001649";"198Â 856";"A01";"1";"7";"0";"0";"0";"15";"1";""
"202100001650";"198Â 853";"C01";"1";"7";"0";"2";"4";"23";"1";""
"202100001650";"198Â 854";"B01";"1";"7";"0";"2";"4";"23";"1";""
"202100001650";"198Â 855";"A01";"1";"7";"0";"2";"1";"1";"1";""
"202100001651";"198Â 852";"A01";"2";"7";"2";"0";"1";"1";"1";""
"202100001652";"198Â 850";"A01";"2";"7";"0";"1";"1";"16";"1";""
"202100001653";"198Â 848";"B01";"2";"7";"0";"0";"0";"15";"1";""
"202100001653";"198Â 849";"A01";"2";"31";"0";"0";"0";"1";"1";""
"202100001654";"198Â 847";"A01";"1";"2";"12";"0";"2";"0";"1";""
"202100001655";"198Â 846";"A01";"0";"7";"0";"1";"2";"1";"1";""
"202100001656";"198Â 845";"A01";"2";"7";"2";"0";"8";"1";"1";""
"202100001657";"198Â 843";"A01";"2";"7";"0";"2";"2";"1";"1";""
"202100001657";"198Â 844";"B01";"2";"7";"0";"0";"6";"1";"1";""
"202100001658";"198Â 842";"A01";"2";"33";"14";"0";"8";"1";"1";""
"202100001659";"198Â 841";"A01";"2";"7";"3";"0";"1";"1";"1";""
"202100001660";"198Â 837";"A01";"2";"7";"0";"2";"3";"13";"1";""
"202100001660";"198Â 838";"B01";"1";"15";"0";"2";"3";"1";"1";""
"202100001660";"198Â 839";"C01";"2";"17";"0";"0";"4";"1";"1";""
"202100001660";"198Â 840";"D01";"2";"17";"0";"2";"1";"2";"1";""
"202100001661";"198Â 836";"A01";"2";"10";"13";"0";"7";"1";"1";""
"202100001662";"198Â 834";"A01";"3";"7";"0";"2";"3";"15";"1";""
"202100001662";"198Â 835";"B01";"3";"34";"0";"2";"1";"17";"1";""
"202100001663";"198Â 832";"A01";"2";"7";"0";"0";"8";"2";"1";""
"202100001663";"198Â 833";"B01";"1";"7";"0";"2";"6";"1";"1";""
"202100001664";"198Â 830";"A01";"3";"7";"0";"1";"2";"1";"1";""
"202100001665";"198Â 829";"A01";"1";"7";"2";"0";"1";"1";"1";""
"202100001666";"198Â 828";"A01";"2";"7";"13";"0";"1";"1";"1";""
"202100001667";"198Â 827";"A01";"1";"7";"2";"0";"8";"1";"1";""
"202100001668";"198Â 823";"D01";"2";"7";"4";"2";"1";"2";"1";""
"202100001668";"198Â 824";"C01";"2";"14";"4";"2";"2";"11";"1";""
"202100001668";"198Â 825";"B01";"2";"10";"4";"2";"7";"0";"1";""
"202100001668";"198Â 826";"A01";"2";"15";"4";"2";"4";"2";"1";""
"202100001669";"198Â 818";"C01";"2";"7";"0";"2";"4";"1";"1";""
"202100001669";"198Â 819";"D01";"2";"7";"0";"2";"4";"0";"1";""
"202100001669";"198Â 820";"E01";"2";"7";"0";"2";"4";"1";"1";""
"202100001669";"198Â 821";"A01";"2";"7";"0";"2";"4";"17";"1";""
"202100001669";"198Â 822";"B01";"2";"7";"0";"2";"4";"1";"1";""
"202100001670";"198Â 816";"B01";"2";"7";"1";"0";"1";"2";"1";""
"202100001670";"198Â 817";"A01";"2";"7";"0";"2";"6";"23";"1";""
"202100001671";"198Â 811";"B01";"1";"7";"0";"2";"4";"2";"3";""
"202100001671";"198Â 812";"A01";"1";"7";"0";"2";"1";"2";"1";""
"202100001672";"198Â 808";"A01";"1";"7";"0";"2";"1";"26";"1";""
"202100001672";"198Â 809";"B01";"1";"7";"0";"2";"4";"0";"1";""
"202100001672";"198Â 810";"C01";"1";"7";"0";"2";"4";"0";"1";""
"202100001673";"198Â 806";"A01";"2";"33";"0";"2";"3";"3";"1";""
"202100001673";"198Â 807";"B01";"2";"7";"0";"2";"2";"1";"1";""
"202100001674";"198Â 804";"A01";"2";"7";"0";"9";"4";"26";"1";""
"202100001674";"198Â 805";"B01";"2";"7";"0";"2";"1";"0";"1";""
"202100001675";"198Â 802";"A01";"2";"7";"0";"2";"1";"2";"1";""
"202100001675";"198Â 803";"B01";"2";"7";"0";"2";"4";"2";"1";""
"202100001676";"198Â 801";"A01";"1";"10";"4";"0";"1";"14";"1";""
"202100001677";"198Â 799";"A01";"2";"32";"0";"2";"8";"18";"1";""
"202100001677";"198Â 800";"B01";"2";"7";"0";"2";"1";"1";"1";""
"202100001678";"198Â 797";"Z01";"1";"17";"0";"2";"2";"12";"1";""
"202100001678";"198Â 798";"A01";"1";"7";"4";"0";"6";"1";"1";""
"202100001679";"198Â 794";"C01";"1";"7";"0";"2";"6";"1";"3";""
"202100001679";"198Â 795";"B01";"1";"7";"0";"2";"1";"1";"1";""
"202100001679";"198Â 796";"A01";"1";"7";"0";"2";"1";"21";"2";""
"202100001680";"198Â 791";"A01";"1";"7";"0";"2";"4";"1";"2";""
"202100001680";"198Â 792";"B01";"1";"7";"0";"2";"4";"2";"1";""
"202100001680";"198Â 793";"C01";"1";"7";"0";"2";"1";"2";"1";""
"202100001681";"198Â 789";"B01";"2";"7";"0";"2";"8";"9";"1";""
"202100001681";"198Â 790";"A01";"2";"10";"0";"2";"2";"1";"1";""
"202100001682";"198Â 787";"A01";"1";"7";"0";"2";"4";"11";"1";""
"202100001682";"198Â 788";"B01";"1";"33";"0";"2";"1";"1";"1";""
"202100001683";"198Â 785";"B01";"1";"7";"0";"2";"4";"2";"1";""
"202100001683";"198Â 786";"A01";"1";"7";"0";"2";"1";"2";"1";""
"202100001684";"198Â 783";"B01";"1";"7";"0";"2";"3";"1";"1";""
"202100001684";"198Â 784";"A01";"2";"7";"0";"2";"7";"1";"1";""
"202100001685";"198Â 781";"Z01";"1";"7";"0";"2";"7";"12";"1";""
"202100001685";"198Â 782";"A01";"1";"7";"8";"2";"1";"1";"1";""