"Num_Acc";"id_vehicule";"num_veh";"senc";"catv";"obs";"obsm";"choc";"manv";"motor";"occutc"
"202100001686";"198Â 779";"B01";"1";"33";"0";"2";"1";"1";"1";""
"202100001686";"198Â 780";"A01";"1";"30";"0";"2";"4";"13";"1";""
"202100001687";"198Â 776";"A01";"3";"32";"0";"2";"1";"21";"1";""
"202100001687";"198Â 777";"B01";"3";"32";"0";"2";"4";"23";"1";""
"202100001687";"198Â 778";"C01";"3";"32";"0";"2";"4";"23";"1";""
"202100001688";"198Â 774";"B01";"3";"7";"0";"2";"1";"0";"1";""
"202100001688";"198Â 775";"A01";"3";"7";"0";"2";"7";"1";"1";""
"202100001689";"198Â 772";"B01";"1";"7";"0";"2";"8";"15";"1";""
"202100001689";"198Â 773";"A01";"1";"30";"0";"2";"1";"17";"0";""
"202100001690";"198Â 770";"B01";"1";"7";"0";"2";"5";"2";"1";""
"202100001690";"198Â 771";"A01";"1";"7";"0";"2";"3";"14";"1";""
"202100001691";"198Â 767";"C01";"3";"7";"0";"2";"4";"2";"1";""
"202100001691";"198Â 768";"B01";"3";"7";"0";"2";"4";"2";"1";""
"202100001691";"198Â 769";"A01";"3";"7";"0";"2";"1";"2";"1";""
"202100001692";"198Â 765";"B01";"1";"7";"0";"2";"1";"1";"1";""
"202100001692";"198Â 766";"A01";"2";"7";"1";"1";"1";"1";"1";""
"202100001693";"198Â 763";"A01";"1";"7";"0";"2";"2";"9";"1";""
"202100001693";"198Â 764";"B01";"1";"14";"0";"2";"3";"1";"1";""
"202100001694";"198Â 761";"A01";"1";"7";"0";"2";"3";"15";"1";""
"202100001694";"198Â 762";"B01";"2";"1";"0";"2";"1";"1";"0";""
"202100001695";"198Â 759";"B01";"2";"33";"0";"2";"9";"1";"1";""
"202100001695";"198Â 760";"A01";"2";"7";"0";"2";"7";"12";"2";""
"202100001696";"198Â 757";"A01";"1";"7";"0";"2";"7";"14";"1";""
"202100001696";"198Â 758";"B01";"1";"43";"0";"2";"8";"1";"1";""
"202100001697";"198Â 754";"A01";"2";"7";"0";"2";"1";"2";"1";""
"202100001697";"198Â 755";"B01";"2";"7";"0";"2";"4";"2";"1";""
"202100001697";"198Â 756";"C01";"2";"33";"0";"2";"4";"2";"1";""
"202100001698";"198Â 752";"A01";"1";"7";"0";"2";"3";"15";"1";""
"202100001698";"198Â 753";"B01";"1";"31";"0";"2";"1";"3";"1";""
"202100001699";"198Â 750";"A01";"2";"7";"0";"2";"1";"1";"1";""
"202100001699";"198Â 751";"B01";"3";"7";"0";"2";"3";"15";"1";""
"202100001700";"198Â 749";"A01";"2";"10";"0";"1";"2";"17";"1";""
"202100001701";"198Â 747";"A01";"0";"7";"0";"2";"1";"9";"1";""
"202100001701";"198Â 748";"B01";"0";"7";"0";"2";"5";"9";"1";""
"202100001702";"198Â 746";"A01";"1";"7";"0";"1";"3";"16";"2";""
"202100001703";"198Â 743";"A01";"2";"7";"0";"2";"3";"17";"1";""
"202100001703";"198Â 744";"B01";"1";"7";"0";"2";"3";"1";"1";""
"202100001703";"198Â 745";"C01";"2";"7";"0";"2";"0";"23";"1";""
"202100001704";"198Â 742";"A01";"1";"7";"0";"1";"1";"1";"1";""
"202100001705";"198Â 740";"B01";"2";"2";"0";"0";"0";"1";"1";""
"202100001705";"198Â 741";"A01";"1";"7";"0";"0";"0";"15";"1";""
"202100001706";"198Â 738";"A01";"2";"7";"0";"2";"2";"15";"1";""
"202100001706";"198Â 739";"B01";"1";"1";"0";"2";"1";"1";"5";""
"202100001707";"198Â 737";"Z01";"2";"7";"0";"1";"8";"1";"0";""
"202100001708";"198Â 735";"A01";"2";"7";"0";"2";"4";"23";"1";""
"202100001708";"198Â 736";"B01";"2";"7";"0";"2";"1";"2";"1";""
"202100001709";"198Â 733";"A01";"1";"10";"0";"2";"1";"1";"6";""
"202100001709";"198Â 734";"B01";"0";"7";"12";"2";"7";"1";"0";""
"202100001710";"198Â 732";"A01";"3";"7";"0";"1";"1";"16";"1";""
"202100001711";"198Â 731";"A01";"1";"30";"0";"1";"1";"1";"1";""
"202100001712";"198Â 729";"B01";"1";"7";"0";"0";"4";"1";"1";""
"202100001712";"198Â 730";"A01";"1";"7";"0";"2";"1";"1";"1";""
"202100001713";"198Â 727";"A01";"1";"7";"0";"2";"1";"1";"1";""
"202100001713";"198Â 728";"B01";"1";"10";"0";"2";"1";"1";"1";""
"202100001714";"198Â 726";"A01";"1";"7";"0";"1";"1";"1";"1";""
"202100001715";"198Â 725";"A01";"3";"7";"0";"1";"2";"1";"1";""
"202100001716";"198Â 723";"A01";"1";"10";"0";"2";"1";"2";"1";""
"202100001716";"198Â 724";"B01";"1";"7";"0";"0";"4";"2";"1";""
"202100001717";"198Â 722";"A01";"1";"7";"1";"0";"3";"13";"1";""
"202100001718";"198Â 720";"A01";"2";"7";"0";"2";"1";"1";"1";""
"202100001718";"198Â 721";"B01";"2";"7";"0";"2";"4";"1";"1";""
"202100001719";"198Â 717";"A01";"1";"7";"0";"2";"1";"2";"1";""
"202100001719";"198Â 718";"B01";"1";"7";"0";"2";"4";"2";"1";""
"202100001719";"198Â 719";"C01";"1";"7";"0";"2";"1";"2";"1";""
"202100001720";"198Â 716";"A01";"1";"7";"0";"1";"3";"26";"1";""
"202100001721";"198Â 715";"A01";"2";"7";"0";"1";"1";"15";"1";""
"202100001722";"198Â 712";"C01";"2";"7";"0";"2";"4";"2";"1";""
"202100001722";"198Â 713";"B01";"2";"7";"0";"2";"5";"2";"1";""
"202100001722";"198Â 714";"A01";"2";"7";"0";"2";"1";"2";"1";""
"202100001723";"198Â 709";"B01";"3";"7";"0";"2";"7";"21";"1";""
"202100001723";"198Â 710";"X01";"3";"7";"0";"2";"2";"5";" -1";""
"202100001723";"198Â 711";"A01";"3";"7";"0";"2";"1";"1";"1";""
"202100001724";"198Â 705";"B01";"3";"30";"0";"2";"4";"23";"1";""
"202100001724";"198Â 706";"A01";"2";"7";"0";"2";"1";"1";"1";""
"202100001725";"198Â 704";"A01";"1";"7";"0";"1";"1";"16";"1";""
"202100001726";"198Â 703";"A01";"1";"3";"0";"1";"1";"9";"1";""
"202100001727";"198Â 700";"A01";"1";"7";"6";"0";"1";"13";"1";""
"202100001728";"198Â 698";"A01";"0";"7";"0";"2";"6";"15";"1";""
"202100001728";"198Â 699";"B01";"0";"33";"0";"2";"1";"1";"1";""
"202100001729";"198Â 696";"Z01";"0";"32";"0";"2";"1";"2";"0";""
"202100001729";"198Â 697";"B01";"0";"7";"0";"0";"4";"23";"6";""
"202100001730";"198Â 694";"B01";"0";"7";"0";"2";"3";"11";"6";""
"202100001730";"198Â 695";"A01";"0";"7";"0";"2";"2";"26";"6";""
"202100001731";"198Â 692";"A01";"2";"7";"0";"2";"3";"9";"1";""
"202100001731";"198Â 693";"B01";"2";"50";"0";"2";"1";"1";"3";""
"202100001732";"198Â 691";"A01";"1";"7";"0";"1";"1";"1";"1";""
"202100001733";"198Â 690";"A01";"3";"50";"15";"0";"1";"26";"3";""
"202100001734";"198Â 688";"B01";"2";"7";"0";"2";"7";"19";"1";""
"202100001734";"198Â 689";"A01";"1";"7";"0";"2";"1";"1";"1";""
"202100001735";"198Â 687";"A01";"1";"7";"0";"1";"2";"15";"1";""
"202100001736";"198Â 685";"B01";"2";"1";"0";"2";"1";"1";"6";""
"202100001736";"198Â 686";"Z01";"1";"7";"0";"2";"2";"15";"0";""
"202100001737";"198Â 683";"B01";"2";"10";"0";"2";"4";"1";"1";""
"202100001737";"198Â 684";"A01";"2";"32";"0";"2";"1";"13";"1";""
"202100001738";"198Â 681";"B01";"1";"7";"0";"2";"5";"23";"1";""
"202100001738";"198Â 682";"A01";"1";"43";"0";"2";"3";"3";"1";""
"202100001739";"198Â 679";"B01";"2";"7";"0";"2";"6";"9";"1";""
"202100001739";"198Â 680";"A01";"2";"13";"0";"2";"2";"1";"1";""
"202100001740";"198Â 677";"A01";"1";"32";"0";"2";"1";"1";"1";""
"202100001740";"198Â 678";"Z01";"2";"7";"0";"2";"1";"5";"0";""
"202100001741";"198Â 676";"A01";"1";"7";"0";"1";"1";"15";"1";""
"202100001742";"198Â 674";"B01";"3";"30";"0";"2";"3";"1";"1";""
"202100001742";"198Â 675";"A01";"3";"10";"0";"2";"2";"1";"1";""
"202100001743";"198Â 672";"B01";"1";"7";"0";"2";"1";"1";"2";""
"202100001743";"198Â 673";"A01";"2";"10";"0";"2";"7";"1";"1";""
"202100001744";"198Â 670";"A01";"2";"7";"0";"2";"5";"15";"1";""
"202100001744";"198Â 671";"B01";"2";"33";"0";"2";"1";"1";"3";""
"202100001745";"198Â 668";"B01";"3";"33";"0";"2";"7";"17";"1";""
"202100001745";"198Â 669";"A01";"3";"7";"0";"2";"8";"15";"1";""
"202100001746";"198Â 666";"B01";"2";"1";"0";"2";"2";"1";"5";""
"202100001746";"198Â 667";"A01";"1";"7";"0";"2";"2";"15";"1";""
"202100001747";"198Â 664";"A01";"2";"7";"0";"2";"2";"16";"1";""
"202100001747";"198Â 665";"B01";"2";"50";"0";"2";"1";"19";"3";""
"202100001748";"198Â 662";"B01";"2";"7";"0";"2";"5";"24";"1";""
"202100001748";"198Â 663";"A01";"2";"32";"0";"1";"2";"18";"1";""
"202100001749";"198Â 661";"A01";"1";"1";"0";"1";"1";"1";"5";""
"202100001750";"198Â 660";"Z01";"2";"7";"1";"1";"2";"1";"1";""
"202100001751";"198Â 658";"A01";"1";"10";"0";"2";"2";"15";"1";""
"202100001751";"198Â 659";"B01";"1";"31";"0";"2";"1";"1";"1";""
"202100001752";"198Â 657";"A01";"3";"34";"15";"0";"1";"14";"1";""
"202100001753";"198Â 655";"A01";"2";"30";"0";"2";"1";"3";"3";""
"202100001753";"198Â 656";"B01";"2";"7";"0";"2";"7";"16";"1";""
"202100001754";"198Â 654";"A01";"1";"10";"0";"1";"1";"15";"1";""
"202100001755";"198Â 652";"A01";"1";"10";"0";"2";"6";"11";"1";""
"202100001755";"198Â 653";"B01";"1";"7";"0";"2";"2";"2";"1";""
"202100001756";"198Â 650";"A01";"1";"7";"0";"0";"0";"0";"1";""
"202100001756";"198Â 651";"B01";"2";"2";"0";"0";"0";"0";"1";""
"202100001757";"198Â 648";"A01";"2";"7";"0";"2";"0";"0";"0";""
"202100001757";"198Â 649";"B01";"1";"1";"0";"2";"0";"0";"0";""
"202100001758";"198Â 647";"A01";" -1";"7";"0";"1";"1";"1";"1";""
"202100001759";"198Â 646";"Z01";"1";"0";"0";"0";"0";"26";"0";""
"202100001760";"198Â 644";"B01";"2";"33";"0";"2";"2";"2";"1";""
"202100001760";"198Â 645";"Z01";"1";"14";"0";"2";"0";"0";"0";""
"202100001761";"198Â 642";"A01";"1";"30";"0";"2";"0";"0";"1";""
"202100001761";"198Â 643";"B01";"1";"7";"0";"2";"1";"1";"2";""
"202100001762";"198Â 640";"B01";"1";"32";"0";"2";"5";"17";"1";""
"202100001762";"198Â 641";"A01";"3";"7";"0";"2";"3";"26";"1";""
"202100001763";"198Â 639";"A01";"1";"7";"0";"1";"4";"26";"2";""
"202100001764";"198Â 638";"A01";"2";"7";"0";"1";"2";"1";"1";""
"202100001765";"198Â 636";"B01";"2";"31";"0";"2";"1";"1";"3";""
"202100001765";"198Â 637";"A01";"1";"7";"0";"2";"3";"15";"1";""
"202100001766";"198Â 633";"A01";"3";"7";"0";"2";"1";"5";"1";""
"202100001766";"198Â 634";"B01";"3";"7";"0";"2";"1";"23";"1";""
"202100001766";"198Â 635";"C01";"3";"31";"0";"2";"1";"1";"1";""
"202100001767";"198Â 632";"A01";"1";"7";"13";"0";"1";"21";"1";""
"202100001768";"198Â 630";"B01";"3";"32";"0";"2";"1";"17";"1";""
"202100001768";"198Â 631";"A01";"3";"7";"0";"2";"3";"26";"1";""
"202100001769";"198Â 628";"B01";"1";"7";"0";"0";"6";"15";"1";""
"202100001769";"198Â 629";"A01";"1";"7";"0";"2";"1";"17";"1";""
"202100001770";"198Â 626";"A01";"2";"7";"0";"2";"1";"1";"1";""
"202100001770";"198Â 627";"B01";"1";"7";"0";"2";"7";"15";"1";""
"202100001771";"198Â 625";"A01";"1";"7";"6";"0";"3";"0";"1";""
"202100001772";"198Â 624";"A01";"1";"7";"0";"1";"1";"16";"1";""
"202100001773";"198Â 623";"A01";"1";"7";"2";"0";"1";"26";"1";""
"202100001774";"198Â 622";"A01";"1";"7";"6";"0";"6";"1";"1";""
"202100001775";"198Â 620";"B01";"2";"7";"0";"2";"1";"1";"1";""
"202100001775";"198Â 621";"A01";"1";"7";"0";"2";"1";"1";"1";""
"202100001776";"198Â 617";"C01";"2";"7";"0";"2";"1";"2";"1";""
"202100001776";"198Â 618";"B01";"2";"7";"0";"2";"5";"2";"1";""
"202100001776";"198Â 619";"A01";"2";"7";"0";"2";"3";"2";"1";""
"202100001777";"198Â 615";"A01";"1";"1";"0";"2";"8";"10";"5";""
"202100001777";"198Â 616";"B01";"1";"7";"0";"2";"7";"17";"1";""
"202100001778";"198Â 611";"A01";"2";"7";"3";"2";"3";"17";"1";""
"202100001778";"198Â 612";"B01";"1";"10";"0";"2";"1";"1";"1";""
"202100001778";"198Â 613";"C01";"1";"10";"13";"2";"2";"2";"1";""
"202100001778";"198Â 614";"D01";"2";"15";"0";"2";"1";"2";"1";""
"202100001779";"198Â 610";"A01";"3";"7";"0";"1";"2";"2";"1";""
"202100001780";"198Â 609";"A01";"1";"7";"13";"0";"2";"1";"1";""
"202100001781";"198Â 607";"B01";"2";"10";"0";"2";"7";"19";"1";""
"202100001781";"198Â 608";"A01";"2";"7";"0";"2";"1";"1";"1";""
"202100001782";"198Â 605";"B01";"1";"2";"0";"2";"8";"1";"1";""
"202100001782";"198Â 606";"A01";"1";"7";"0";"2";"3";"9";"1";""
"202100001783";"198Â 604";"A01";"2";"7";"2";"0";"1";"0";"1";""
"202100001784";"198Â 602";"B01";"3";"10";"0";"2";"7";"1";"0";""
"202100001784";"198Â 603";"A01";"3";"1";"0";"2";"8";"1";"5";""
"202100001785";"198Â 601";"A01";"1";"7";"0";"1";"1";"1";"1";""
"202100001786";"198Â 600";"A01";"3";"20";"0";"1";"4";"4";"4";""
"202100001787";"198Â 599";"A01";"1";"7";"13";"0";"9";"1";"1";""
"202100001788";"198Â 597";"A01";"3";"7";"0";"2";"1";"1";"1";""
"202100001788";"198Â 598";"B01";"0";"2";"0";"2";"7";"1";"1";""
"202100001789";"198Â 595";"A01";"1";"7";"0";"2";"2";"1";"1";""
"202100001789";"198Â 596";"B01";"2";"10";"0";"2";"3";"1";"1";""
"202100001790";"198Â 594";"A01";"2";"7";"13";"0";"1";"14";"1";""
"202100001791";"198Â 593";"A01";"1";"7";"0";"1";"2";"1";"1";""
"202100001792";"198Â 592";"A01";"2";"17";"0";"1";"2";"1";"1";""
"202100001793";"198Â 591";"A01";"3";"7";"13";"0";"2";"0";"1";""
"202100001794";"198Â 590";"A01";"1";"7";"0";"1";"2";"1";"1";""
"202100001795";"198Â 589";"A01";"1";"3";"0";"0";"0";"1";"3";""
"202100001796";"198Â 588";"A01";"1";"7";"3";"0";"0";"0";"1";""
"202100001797";"198Â 586";"B01";"1";"17";"0";"0";"4";"2";"1";""
"202100001797";"198Â 587";"A01";"1";"10";"0";"2";"1";"2";"1";""
"202100001798";"198Â 585";"A01";"2";"33";"0";"0";"7";"9";"1";""
"202100001799";"198Â 584";"A01";"2";"7";"2";"0";"2";"1";"1";""
"202100001800";"198Â 581";"A01";"1";"7";"4";"0";"4";"2";"1";""
"202100001800";"198Â 582";"C01";"1";"7";"0";"2";"1";"2";"1";""
"202100001800";"198Â 583";"B01";"1";"7";"0";"2";"1";"2";"1";""
"202100001801";"198Â 579";"B01";"3";"7";"0";"2";"8";"1";"1";""
"202100001801";"198Â 580";"A01";"2";"15";"0";"2";"3";"1";"1";""
"202100001802";"198Â 578";"A01";"3";"7";"2";"0";"7";"0";"1";""
"202100001803";"198Â 576";"B01";"2";"10";"0";"0";"1";"17";"1";""
"202100001803";"198Â 577";"A01";"1";"7";"0";"0";"1";"1";"1";""
"202100001804";"198Â 575";"A01";"1";"7";"2";"0";"3";"1";"1";""
"202100001805";"198Â 573";"A01";"3";"7";"0";"2";"3";"0";"1";""
"202100001805";"198Â 574";"B01";"3";"7";"0";"2";"3";"0";"1";""
"202100001806";"198Â 572";"A01";"0";"7";"0";"1";"4";"26";"1";""
"202100001807";"198Â 570";"B01";"2";"7";"0";"2";"1";"1";"2";""
"202100001807";"198Â 571";"A01";"2";"7";"0";"2";"8";"15";"1";""
"202100001808";"198Â 568";"A01";"1";"7";"0";"0";"2";"1";"1";""
"202100001808";"198Â 569";"B01";"3";"7";"0";"2";"1";"19";"1";""
"202100001809";"198Â 563";"E01";"1";"7";"0";"2";"1";"2";"1";""
"202100001809";"198Â 564";"D01";"1";"7";"0";"0";"5";"2";"1";""
"202100001809";"198Â 565";"C01";"1";"7";"0";"0";"7";"23";"1";""
"202100001809";"198Â 566";"B01";"1";"10";"0";"2";"1";"1";"1";""
"202100001809";"198Â 567";"A01";"1";"7";"0";"2";"1";"2";"1";""
"202100001810";"198Â 561";"A01";"2";"7";"0";"2";"3";"19";"1";""
"202100001810";"198Â 562";"B01";"2";"10";"0";"2";"2";"1";"1";""
"202100001811";"198Â 560";"A01";"1";"7";"3";"0";"1";"1";"1";""
"202100001812";"198Â 558";"B01";"1";"7";"0";"2";"3";"1";"1";""
"202100001812";"198Â 559";"A01";"2";"7";"0";"2";"3";"13";"1";""
"202100001813";"198Â 557";"A01";"1";"7";"17";"0";"1";"1";"1";""
"202100001814";"198Â 555";"A01";"3";"7";"0";"2";"3";"1";"1";""
"202100001814";"198Â 556";"B01";"3";"7";"0";"2";"3";"1";"1";""
"202100001815";"198Â 553";"A01";"1";"7";"0";"2";"2";"13";"1";""
"202100001815";"198Â 554";"B01";"2";"2";"0";"2";"1";"1";"1";""
"202100001816";"198Â 552";"A01";"2";"7";"13";"0";"1";"0";"1";""
"202100001817";"198Â 550";"A01";"2";"7";"0";"9";"9";"17";"1";""
"202100001817";"198Â 551";"B01";"2";"1";"0";"2";"4";"1";"5";""
"202100001818";"198Â 549";"A01";"1";"7";"9";"9";"1";"2";"1";""
"202100001819";"198Â 548";"A01";"1";"7";"3";"0";"1";"14";"1";""
"202100001820";"198Â 546";"A01";" -1";"14";"0";"2";"0";"0";"1";""
"202100001820";"198Â 547";"B01";" -1";"7";"0";"2";"4";"2";"1";""
"202100001821";"198Â 543";"C01";"1";"7";"0";"2";"1";"2";"1";""
"202100001821";"198Â 544";"B01";"1";"7";"0";"2";"4";"2";"1";""
"202100001821";"198Â 545";"A01";"1";"7";"0";"2";"2";"2";"1";""
"202100001822";"198Â 542";"A01";"1";"33";"6";"0";"8";"1";"1";""
"202100001823";"198Â 540";"B01";"1";"7";"0";"2";"3";"2";"1";""
"202100001823";"198Â 541";"A01";"1";"7";"0";"2";"2";"2";"1";""
"202100001824";"198Â 537";"A01";"1";"10";"0";"2";"8";"11";"1";""
"202100001824";"198Â 538";"C01";"1";"7";"0";"2";"4";"2";"1";""
"202100001824";"198Â 539";"B01";"1";"43";"0";"2";"2";"2";"1";""
"202100001825";"198Â 535";"B01";"2";"7";"0";"2";"2";"0";"1";""
"202100001825";"198Â 536";"A01";"2";"7";"3";"2";"6";"1";"3";""
"202100001826";"198Â 533";"A01";"2";"7";"0";"2";"7";"17";"1";""
"202100001826";"198Â 534";"B01";"2";"7";"0";"2";"3";"1";"1";""
"202100001827";"198Â 531";"A01";"2";"7";"0";"2";"1";"1";"1";""
"202100001827";"198Â 532";"B01";"2";"7";"0";"2";"4";"1";"1";""
"202100001828";"198Â 529";"A01";"2";"7";"0";"2";"1";"2";"1";""
"202100001828";"198Â 530";"B01";"2";"7";"0";"2";"4";"2";"1";""
"202100001829";"198Â 527";"B01";"1";"7";"0";"2";"0";"0";"1";""
"202100001829";"198Â 528";"A01";"1";"7";"0";"0";"2";"17";"1";""
"202100001830";"198Â 525";"A01";"1";"30";"0";"2";"1";"26";"1";""
"202100001830";"198Â 526";"B01";"2";"30";"0";"2";"1";"21";"1";""
"202100001831";"198Â 524";"A01";"3";"0";"0";"1";"0";"26";"1";""
"202100001832";"198Â 522";"A01";"2";"7";"0";"2";"5";"15";"1";""
"202100001832";"198Â 523";"B01";"1";"2";"0";"2";"1";"1";"1";""
"202100001833";"198Â 521";"A01";"3";"30";"15";"0";"8";"13";"1";""
"202100001834";"198Â 519";"A01";"1";"30";"0";"2";"1";"1";"1";""
"202100001834";"198Â 520";"B01";"1";"7";"0";"2";"4";"2";"1";""
"202100001835";"198Â 517";"A01";"1";"50";"0";"2";"1";"1";"3";""
"202100001835";"198Â 518";"B01";"1";"7";"0";"2";"2";"1";"1";""
"202100001836";"198Â 515";"A01";"1";"7";"0";"2";"8";"11";"1";""
"202100001836";"198Â 516";"B01";"1";"33";"0";"2";"7";"1";"1";""
"202100001837";"198Â 513";"A01";"1";"7";"0";"2";"1";"21";"1";""
"202100001837";"198Â 514";"B01";"1";"7";"0";"2";"4";"1";"1";""
"202100001838";"198Â 511";"B01";"1";"7";"0";"2";"7";"15";"1";""
"202100001838";"198Â 512";"A01";"2";"33";"0";"2";"1";"1";"1";""
"202100001839";"198Â 510";"A01";"2";"13";"0";"1";"3";"15";"1";""
"202100001840";"198Â 509";"A01";"1";"7";"0";"1";"3";"1";"1";""
"202100001841";"198Â 508";"A01";"1";"30";"0";"1";"1";"17";"1";""
"202100001842";"198Â 507";"A01";"1";"7";"15";"0";"1";"0";"1";""
"202100001843";"198Â 505";"A01";"3";"7";"0";"2";"1";"26";"1";""
"202100001843";"198Â 506";"B01";"2";"7";"0";"2";"1";"26";"1";""
"202100001844";"198Â 503";"B01";"2";"7";"0";"2";"6";"24";"1";""
"202100001844";"198Â 504";"A01";"1";"7";"1";"0";"1";"13";"1";""
"202100001845";"198Â 501";"A01";"3";"7";"0";"2";"2";"19";"1";""
"202100001845";"198Â 502";"B01";"3";"1";"0";"2";"1";"1";"5";""
"202100001846";"198Â 499";"B01";"3";"1";"0";"2";"7";"19";"0";""
"202100001846";"198Â 500";"A01";"1";"7";"0";"9";"1";"26";"1";""
"202100001847";"198Â 497";"A01";"0";"7";"0";"2";"1";"1";"1";""
"202100001847";"198Â 498";"B01";"0";"7";"0";"2";"2";"1";"1";""
"202100001848";"198Â 495";"A01";"3";"7";"15";"0";"8";"26";"0";""
"202100001848";"198Â 496";"B01";"1";"10";"0";"0";"1";"1";"0";""
"202100001849";"198Â 493";"A01";"2";"7";"0";"2";"1";"2";"1";""
"202100001849";"198Â 494";"B01";"2";"7";"0";"2";"4";"1";"1";""
"202100001850";"198Â 491";"B01";"2";"7";"0";"2";"4";"2";"1";""
"202100001850";"198Â 492";"Z01";"1";"7";"0";"2";"1";"2";"0";""
"202100001851";"198Â 488";"B01";"3";"15";"0";"2";"4";"11";"1";""
"202100001851";"198Â 489";"A01";"3";"7";"0";"2";"1";"12";"1";""
"202100001852";"198Â 487";"A01";"1";"7";"0";"0";"1";"9";"1";""
"202100001853";"198Â 485";"A01";"0";"7";"0";"2";"2";"9";"1";""
"202100001853";"198Â 486";"B01";"0";"3";"0";"2";"3";"1";"1";""
"202100001854";"198Â 483";"B01";"1";"7";"0";"2";"8";"15";"1";""
"202100001854";"198Â 484";"A01";"1";"33";"0";"2";"1";"17";"1";""
"202100001855";"198Â 481";"A01";"1";"7";"0";"2";"1";"2";"1";""
"202100001855";"198Â 482";"B01";"1";"7";"0";"2";"4";"2";"1";""
"202100001856";"198Â 479";"B01";"1";"80";"1";"2";"6";"1";"3";""
"202100001856";"198Â 480";"A01";"1";"7";"0";"2";"1";"1";"1";""
"202100001857";"198Â 476";"C01";"2";"7";"0";"2";"0";"0";"1";""
"202100001857";"198Â 477";"B01";"2";"7";"0";"2";"0";"0";"1";""
"202100001857";"198Â 478";"A01";"1";"7";"0";"2";"3";"13";"2";""
"202100001858";"198Â 474";"A01";"1";"7";"0";"2";"3";"5";"1";""
"202100001858";"198Â 475";"B01";"2";"7";"0";"2";"3";"1";"1";""
"202100001859";"198Â 472";"A01";"1";"7";"0";"2";"1";"2";"1";""
"202100001859";"198Â 473";"B01";"1";"7";"0";"2";"4";"2";"1";""
"202100001860";"198Â 470";"A01";"1";"7";"0";"2";"3";"13";"1";""
"202100001860";"198Â 471";"B01";"1";"17";"0";"2";"3";"1";"1";""
"202100001861";"198Â 469";"A01";"1";"40";"0";"1";"2";"26";"3";""
"202100001862";"198Â 468";"A01";"3";"7";"0";"1";"1";"15";"1";""
"202100001863";"198Â 466";"B01";"1";"20";"0";"2";"1";"5";"0";""
"202100001863";"198Â 467";"A01";"2";"20";"0";"0";"1";"1";"1";""
"202100001864";"198Â 465";"A01";"1";"33";"16";"0";"0";"1";"1";""
"202100001865";"198Â 463";"A01";"1";"3";"0";"2";"1";"2";"1";""
"202100001865";"198Â 464";"B01";"1";"7";"0";"2";"4";"1";"1";""
"202100001866";"198Â 462";"A01";"1";"7";"0";"1";"1";"1";"1";""
"202100001867";"198Â 459";"A01";"2";"7";"0";"2";"9";"1";"1";""
"202100001867";"198Â 460";"B01";"1";"10";"0";"2";"8";"1";"1";""
"202100001867";"198Â 461";"C01";"1";"7";"0";"2";"2";"1";"1";""
"202100001868";"198Â 457";"A01";"1";"7";"0";"9";"1";"1";"1";""
"202100001868";"198Â 458";"B01";"1";"1";"0";"2";"8";"15";"5";""
"202100001869";"198Â 452";"E01";"1";"7";"0";"2";"1";"1";"1";""
"202100001869";"198Â 453";"D01";"1";"7";"0";"2";"8";"1";"1";""
"202100001869";"198Â 454";"C01";"1";"15";"0";"2";"6";"1";"1";""
"202100001869";"198Â 455";"B01";"1";"7";"0";"2";"2";"1";"1";""
"202100001869";"198Â 456";"A01";"1";"7";"0";"2";"9";"17";"1";""
"202100001870";"198Â 450";"B01";"1";"7";"0";"2";"1";"26";"3";""
"202100001870";"198Â 451";"A01";"1";"30";"0";"2";"1";"26";"3";""
"202100001871";"198Â 448";"B01";"1";"30";"0";"2";"1";"26";"1";""
"202100001871";"198Â 449";"A01";"1";"7";"0";"2";"8";"26";"1";""
"202100001872";"198Â 447";"A01";"1";"7";"0";"1";"3";"26";"1";""
"202100001873";"198Â 446";"A01";"3";"34";"4";"0";"8";"1";"1";""
"202100001874";"198Â 445";"A01";"2";"7";"6";"0";"4";"14";"1";""
"202100001875";"198Â 444";"A01";"1";"7";"4";"0";"9";"1";"1";""
"202100001876";"198Â 439";"A01";"2";"10";"0";"2";"1";"2";"1";""
"202100001876";"198Â 440";"B01";"2";"7";"0";"2";"4";"2";"1";""
"202100001876";"198Â 441";"C01";"2";"7";"0";"2";"4";"2";"1";""
"202100001876";"198Â 442";"D01";"2";"7";"0";"2";"4";"2";"1";""
"202100001876";"198Â 443";"E01";"2";"7";"0";"0";"4";"2";"1";""
"202100001877";"198Â 437";"B01";"1";"7";"0";"2";"4";"2";"1";""
"202100001877";"198Â 438";"A01";"1";"14";"0";"2";"1";"2";"1";""
"202100001878";"198Â 435";"A01";"2";"7";"0";"2";"4";"23";"1";""
"202100001878";"198Â 436";"B01";"2";"7";"0";"2";"1";"2";"1";""
"202100001879";"198Â 433";"A01";"1";"7";"0";"2";"1";"1";"1";""
"202100001879";"198Â 434";"B01";"1";"7";"0";"2";"4";"1";"1";""
"202100001880";"198Â 432";"A01";"1";"30";"0";"0";"0";"1";"1";""
"202100001881";"198Â 431";"A01";"2";"7";"8";"0";"1";"15";"1";""
"202100001882";"198Â 430";"A01";"1";"7";"0";"1";"3";"26";"1";""
"202100001883";"198Â 429";"A01";"3";"7";"0";"1";"2";"1";"1";""
"202100001884";"198Â 427";"B01";"3";"7";"0";"2";"1";"5";"1";""