"Num_Acc";"id_vehicule";"num_veh";"senc";"catv";"obs";"obsm";"choc";"manv";"motor";"occutc"
"202100001884";"198Â 428";"A01";"3";"7";"0";"2";"1";"1";"1";""
"202100001885";"198Â 426";"A01";"0";"7";"0";"1";"1";"19";"1";""
"202100001886";"198Â 425";"A01";"0";"7";"3";"0";"1";"1";"1";""
"202100001887";"198Â 423";"B01";"3";"1";"0";"2";"1";"1";"5";""
"202100001887";"198Â 424";"A01";"3";"7";"0";"2";"8";"1";"1";""
"202100001888";"198Â 421";"A01";"2";"7";"0";"2";"2";"26";"1";""
"202100001888";"198Â 422";"B01";"1";"7";"0";"2";"1";"0";"1";""
"202100001889";"198Â 419";"B01";"1";"7";"0";"9";"7";"1";"1";""
"202100001889";"198Â 420";"A01";"1";"1";"0";"2";"1";"1";"5";""
"202100001890";"198Â 417";"B01";"1";"7";"0";"2";"3";"15";"1";""
"202100001890";"198Â 418";"A01";"1";"7";"6";"2";"2";"21";"1";""
"202100001891";"198Â 415";"B01";"1";"7";"0";"2";"6";"1";"1";""
"202100001891";"198Â 416";"A01";"1";"7";"0";"2";"2";"26";"1";""
"202100001892";"198Â 414";"A01";"3";"7";"0";"1";"1";"1";"3";""
"202100001893";"198Â 413";"A01";"2";"30";"2";"0";"3";"26";"1";""
"202100001894";"198Â 411";"A01";"1";"7";"15";"1";"2";"15";"0";""
"202100001894";"198Â 412";"B01";"1";"7";"15";"1";"5";"23";"1";""
"202100001895";"198Â 409";"A01";"0";"7";"0";"2";"3";"2";"1";""
"202100001895";"198Â 410";"B01";"0";"1";"0";"0";"0";"0";"0";""
"202100001896";"198Â 407";"B01";"1";"33";"0";"2";"2";"1";"1";""
"202100001896";"198Â 408";"A01";"1";"7";"0";"2";"3";"12";"1";""
"202100001897";"198Â 406";"A01";"3";"7";"0";"1";"1";"1";"1";""
"202100001898";"198Â 404";"B01";"2";"14";"0";"2";"3";"1";"1";""
"202100001898";"198Â 405";"A01";"1";"7";"0";"2";"1";"13";"1";""
"202100001899";"198Â 401";"C01";"2";"7";"0";"2";"6";"23";"1";""
"202100001899";"198Â 402";"B01";"2";"33";"0";"2";"4";"23";"1";""
"202100001899";"198Â 403";"A01";"2";"31";"0";"2";"1";"1";"1";""
"202100001900";"198Â 400";"A01";"1";"7";"2";"0";"2";"21";"1";""
"202100001901";"198Â 398";"A01";"2";"7";"4";"2";"9";"16";"1";""
"202100001901";"198Â 399";"B01";"2";"7";"4";"2";"8";"1";"1";""
"202100001902";"198Â 396";"A01";"1";"32";"0";"2";"4";"7";"1";""
"202100001902";"198Â 397";"B01";"1";"7";"0";"2";"1";"16";"1";""
"202100001903";"198Â 394";"A01";"1";"31";"14";"0";"1";"14";"1";""
"202100001904";"198Â 393";"A01";"2";"50";"0";"1";"0";"25";"3";""
"202100001905";"198Â 391";"A01";"1";"10";"0";"2";"3";"15";"1";""
"202100001905";"198Â 392";"B01";"1";"7";"0";"2";"2";"1";"1";""
"202100001906";"198Â 390";"A01";"1";"50";"0";"0";"1";"1";"3";""
"202100001907";"198Â 388";"B01";"2";"32";"0";"2";"1";"1";"3";""
"202100001907";"198Â 389";"A01";"1";"7";"0";"2";"2";"15";"2";""
"202100001908";"198Â 386";"A01";"2";"7";"0";"2";"7";"11";"1";""
"202100001908";"198Â 387";"B01";"2";"2";"0";"2";"3";"11";"1";""
"202100001909";"198Â 385";"A01";"2";"7";"0";"1";"2";"26";"1";""
"202100001910";"198Â 383";"B01";"2";"1";"0";"2";"6";"1";"5";""
"202100001910";"198Â 384";"A01";"2";"7";"0";"9";"1";"1";"2";""
"202100001911";"198Â 377";"A01";"2";"7";"0";"2";"1";"1";"1";""
"202100001911";"198Â 378";"B01";"2";"7";"0";"2";"8";"2";"1";""
"202100001912";"198Â 375";"B01";"2";"33";"0";"2";"3";"1";"1";""
"202100001912";"198Â 376";"A01";"1";"7";"0";"2";"3";"15";"1";""
"202100001913";"198Â 373";"B01";"3";"33";"0";"2";"1";"1";"1";""
"202100001913";"198Â 374";"A01";"3";"10";"0";"2";"2";"5";"1";""
"202100001914";"198Â 372";"A01";"3";"10";"0";"1";"1";"15";"3";""
"202100001915";"198Â 371";"A01";"2";"7";"6";"0";"2";"14";"1";""
"202100001916";"198Â 369";"B01";" -1";"3";"0";"2";"4";"2";"0";""
"202100001916";"198Â 370";"A01";" -1";"3";"0";"2";"1";"23";"0";""
"202100001917";"198Â 367";"A01";"2";"7";"0";"2";"1";"9";"1";""
"202100001917";"198Â 368";"B01";"3";"2";"0";"2";"7";"0";"1";""
"202100001918";"198Â 365";"A01";"2";"2";"0";"2";"3";"26";"1";""
"202100001918";"198Â 366";"B01";"2";"7";"0";"2";"1";"26";"2";""
"202100001919";"198Â 363";"B01";"1";"33";"0";"2";"7";"2";"1";""
"202100001919";"198Â 364";"A01";"1";"7";"0";"2";"8";"11";"1";""
"202100001920";"198Â 362";"A01";"2";"7";"0";"1";"1";"1";"1";""
"202100001921";"198Â 360";"A01";"3";"7";"0";"2";"1";"16";"1";""
"202100001921";"198Â 361";"B01";"3";"10";"0";"0";"0";"0";"1";""
"202100001922";"198Â 358";"A01";"1";"7";"0";"2";"1";"1";"1";""
"202100001922";"198Â 359";"B01";"1";"50";"0";"2";"8";"19";"3";""
"202100001923";"198Â 357";"A01";"0";"34";"0";"0";"8";"1";"0";""
"202100001924";"198Â 355";"A01";"1";"7";"0";"2";"6";"23";"1";""
"202100001924";"198Â 356";"B01";"1";"7";"1";"0";"2";"0";"1";""
"202100001925";"198Â 353";"B01";"2";"33";"0";"2";"1";"1";"1";""
"202100001925";"198Â 354";"A01";"1";"7";"0";"2";"5";"15";"1";""
"202100001926";"198Â 350";"A01";"1";"7";"0";"2";"1";"17";"1";""
"202100001926";"198Â 351";"B01";"2";"2";"0";"2";"1";"1";"1";""
"202100001927";"198Â 349";"A01";"2";"14";"0";"1";"2";"1";"1";""
"202100001928";"198Â 348";"A01";"0";"7";"2";"0";"3";"1";"1";""
"202100001929";"198Â 346";"A01";"2";"7";"0";"2";"1";"2";"1";""
"202100001929";"198Â 347";"B01";"2";"7";"0";"2";"4";"15";"1";""
"202100001930";"198Â 344";"B01";"1";"7";"0";"2";"1";"1";"1";""
"202100001930";"198Â 345";"A01";"2";"7";"0";"2";"1";"13";"1";""
"202100001931";"198Â 343";"A01";"2";"7";"13";"0";"1";"1";"1";""
"202100001932";"198Â 341";"A01";"1";"7";"0";"2";"3";"0";"1";""
"202100001932";"198Â 342";"B01";"2";"7";"0";"2";"3";"0";"1";""
"202100001933";"198Â 340";"A01";"2";"7";"0";"1";"2";"2";"1";""
"202100001934";"198Â 338";"B01";"2";"7";"0";"2";"1";"1";"1";""
"202100001934";"198Â 339";"A01";"1";"10";"0";"2";"1";"1";"1";""
"202100001935";"198Â 337";"B01";"0";"0";"0";"0";"0";"0";"0";""
"202100001936";"198Â 335";"B01";"2";"15";"0";"2";"3";"1";"1";""
"202100001936";"198Â 336";"A01";"1";"7";"0";"2";"1";"13";"1";""
"202100001937";"198Â 334";"A01";"1";"7";"15";"0";"9";"1";"1";""
"202100001938";"198Â 333";"A01";"2";"10";"0";"1";"3";"9";"1";""
"202100001939";"198Â 332";"A01";"1";"7";"0";"1";"1";"13";"1";""
"202100001940";"198Â 331";"A01";"1";"33";"8";"0";"8";"13";"1";""
"202100001941";"198Â 329";"A01";"1";"7";"0";"2";"1";"1";"1";""
"202100001941";"198Â 330";"B01";"1";"15";"0";"0";"4";"1";"1";""
"202100001942";"198Â 328";"A01";"1";"10";"0";"1";"2";"1";"1";""
"202100001943";"198Â 327";"A01";"2";"7";"8";"0";"3";"1";"1";""
"202100001944";"198Â 326";"A01";"2";"7";"16";"0";"0";"1";"1";""
"202100001945";"198Â 324";"A01";"1";"7";"0";"2";"1";"15";"1";""
"202100001945";"198Â 325";"B01";"2";"7";"0";"2";"2";"1";"1";""
"202100001946";"198Â 323";"A01";"2";"2";"0";"6";"1";"0";"1";""
"202100001947";"198Â 321";"A01";"1";"2";"0";"2";"1";"0";"1";""
"202100001947";"198Â 322";"B01";"2";"7";"0";"2";"3";"0";"1";""
"202100001948";"198Â 319";"A01";"2";"15";"0";"2";"6";"13";"1";""
"202100001948";"198Â 320";"B01";"2";"10";"3";"2";"2";"17";"1";""
"202100001949";"198Â 318";"A01";"3";"7";"6";"0";"1";"1";"1";""
"202100001950";"198Â 317";"A01";"1";"7";"0";"0";"7";"1";"1";""
"202100001951";"198Â 315";"A01";"0";"7";"0";"2";"8";"16";"1";""
"202100001951";"198Â 316";"B01";"1";"7";"0";"2";"1";"1";"1";""
"202100001952";"198Â 312";"A01";"1";"7";"0";"2";"1";"15";"2";""
"202100001952";"198Â 313";"B01";"2";"7";"0";"2";"1";"1";"1";""
"202100001952";"198Â 314";"C01";"1";"14";"0";"2";"3";"1";"1";""
"202100001953";"198Â 310";"A01";"3";"7";"0";"2";"3";"1";"1";""
"202100001953";"198Â 311";"B01";"3";"2";"0";"2";"1";"1";"3";""
"202100001954";"198Â 309";"A01";"1";"33";"12";"0";"7";"1";"1";""
"202100001955";"198Â 307";"B01";"2";"7";"0";"2";"2";"1";"1";""
"202100001955";"198Â 308";"A01";"1";"7";"0";"2";"3";"15";"1";""
"202100001956";"198Â 304";"C01";"3";"15";"0";"2";"3";"23";"1";""
"202100001956";"198Â 305";"A01";"2";"15";"0";"2";"5";"15";"1";""
"202100001956";"198Â 306";"B01";"1";"7";"0";"2";"1";"1";"1";""
"202100001957";"198Â 301";"C01";"1";"7";"0";"2";"1";"1";"1";""
"202100001957";"198Â 302";"B01";"1";"7";"0";"2";"6";"1";"1";""
"202100001957";"198Â 303";"A01";"2";"7";"0";"2";"3";"13";"1";""
"202100001958";"198Â 300";"A01";"1";"15";"8";"0";"1";"1";"1";""
"202100001959";"198Â 299";"A01";"2";"7";"2";"0";"7";"14";"1";""
"202100001960";"198Â 297";"A01";"1";"7";"0";"2";"3";"5";"1";""
"202100001960";"198Â 298";"B01";"2";"33";"0";"0";"8";"1";"1";""
"202100001961";"198Â 295";"A01";"1";"10";"0";"2";"1";"15";"1";""
"202100001961";"198Â 296";"B01";"2";"2";"0";"2";"1";"1";"1";""
"202100001962";"198Â 294";"A01";"2";"7";"4";"0";"3";"1";"1";""
"202100001963";"198Â 292";"A01";"1";"7";"0";"2";"3";"13";"1";""
"202100001963";"198Â 293";"B01";"2";"10";"13";"2";"8";"1";"1";""
"202100001964";"198Â 290";"A01";"1";"7";"0";"2";"2";"5";"1";""
"202100001964";"198Â 291";"B01";"2";"7";"0";"2";"1";"1";"1";""
"202100001965";"198Â 289";"A01";"1";"39";"0";"1";"2";"0";"3";""
"202100001966";"198Â 288";"A01";"2";"7";"2";"0";"1";"1";"1";""
"202100001967";"198Â 286";"B01";"1";"14";"0";"2";"3";"1";"1";""
"202100001967";"198Â 287";"A01";"2";"7";"0";"2";"3";"13";"1";""
"202100001968";"198Â 284";"B01";"1";"7";"0";"2";"2";"1";"1";""
"202100001968";"198Â 285";"A01";"1";"7";"0";"0";"7";"15";"1";""
"202100001969";"198Â 282";"A01";"2";"7";"0";"0";"3";"23";"1";""
"202100001969";"198Â 283";"B01";"2";"7";"1";"0";"2";"2";"1";""
"202100001970";"198Â 280";"A01";"1";"7";"0";"2";"4";"26";"1";""
"202100001970";"198Â 281";"B01";"1";"7";"0";"2";"0";"26";"1";""
"202100001971";"198Â 279";"A01";"1";"34";"3";"0";"7";"1";"1";""
"202100001972";"198Â 277";"B01";"1";"7";"0";"2";"1";"2";"1";""
"202100001972";"198Â 278";"A01";"1";"7";"0";"2";"4";"2";"1";""
"202100001973";"198Â 275";"A01";"2";"10";"0";"2";"7";"21";"1";""
"202100001973";"198Â 276";"B01";"2";"7";"0";"2";"8";"1";"1";""
"202100001974";"198Â 273";"B01";"1";"7";"0";"2";"1";"1";"1";""
"202100001974";"198Â 274";"A01";"1";"7";"0";"2";"4";"1";"1";""
"202100001975";"198Â 271";"B01";"1";"10";"0";"2";"1";"1";"1";""
"202100001975";"198Â 272";"A01";"1";"7";"0";"2";"4";"1";"1";""
"202100001976";"198Â 268";"A01";"1";"7";"0";"2";"4";"2";"3";""
"202100001976";"198Â 269";"C01";"1";"7";"0";"2";"1";"2";"1";""
"202100001976";"198Â 270";"B01";"1";"7";"0";"2";"4";"2";"1";""
"202100001977";"198Â 266";"B01";"2";"7";"4";"0";"4";"23";"1";""
"202100001977";"198Â 267";"A01";"2";"10";"14";"0";"1";"1";"1";""
"202100001978";"198Â 264";"A01";"2";"33";"0";"2";"1";"11";"1";""
"202100001978";"198Â 265";"B01";"2";"7";"0";"2";"4";"1";"1";""
"202100001979";"198Â 261";"A01";"2";"10";"0";"2";"1";"2";"1";""
"202100001979";"198Â 262";"B01";"2";"7";"0";"2";"4";"2";"1";""
"202100001979";"198Â 263";"C01";"2";"7";"0";"2";"4";"2";"1";""
"202100001980";"198Â 260";"A01";"2";"17";"16";"0";"7";"26";"1";""
"202100001981";"198Â 258";"B01";"2";"7";"0";"2";"4";"1";"1";""
"202100001981";"198Â 259";"A01";"2";"33";"0";"2";"1";"3";"1";""
"202100001982";"198Â 256";"A01";"2";"7";"0";"2";"1";"2";"1";""
"202100001982";"198Â 257";"B01";"2";"10";"0";"2";"5";"2";"1";""
"202100001983";"198Â 254";"A01";"1";"10";"0";"2";"6";"26";"0";""
"202100001983";"198Â 255";"B01";"1";"10";"0";"2";"2";"1";"1";""
"202100001984";"198Â 252";"B01";"2";"1";"0";"2";"9";"1";"5";""
"202100001984";"198Â 253";"A01";"2";"7";"0";"2";"1";"16";"1";""
"202100001985";"198Â 251";"A01";"2";"7";"3";"0";"2";"14";"1";""
"202100001986";"198Â 249";"B01";"1";"7";"0";"1";"5";"26";"1";""
"202100001986";"198Â 250";"A01";"1";"30";"0";"2";"1";"1";"1";""
"202100001987";"198Â 247";"A01";"2";"32";"0";"2";"3";"1";"1";""
"202100001987";"198Â 248";"B01";"1";"30";"0";"2";"2";"1";"1";""
"202100001988";"198Â 245";"A01";"3";"7";"0";"2";"1";"10";"1";""
"202100001988";"198Â 246";"B01";"3";"30";"0";"2";"1";"1";"1";""
"202100001989";"198Â 243";"B01";"1";"30";"0";"2";"2";"1";"1";""
"202100001989";"198Â 244";"A01";"1";"30";"0";"2";"4";"15";"1";""
"202100001990";"198Â 241";"B01";"1";"33";"0";"2";"0";"1";"1";""
"202100001990";"198Â 242";"A01";"2";"10";"0";"0";"1";"16";"1";""
"202100001991";"198Â 240";"T01";"3";"40";"0";"1";"3";"1";"3";""
"202100001992";"198Â 236";"A01";"1";"7";"0";"2";"1";"0";"0";""
"202100001992";"198Â 237";"B01";"1";"7";"0";"2";"4";"23";"1";""
"202100001992";"198Â 238";"C01";"1";"7";"0";"2";"4";"23";"1";""
"202100001992";"198Â 239";"D01";"1";"7";"0";"2";"4";"23";"1";""
"202100001993";"198Â 234";"B01";"3";"32";"0";"2";"3";"1";"1";""
"202100001993";"198Â 235";"A01";"3";"7";"0";"2";"2";"15";"1";""
"202100001994";"198Â 233";"A01";"1";"10";"0";"1";"3";"1";"1";""
"202100001995";"198Â 231";"A01";"0";"7";"0";"2";"1";"1";"1";""
"202100001995";"198Â 232";"B01";"0";"1";"0";"2";"8";"15";"5";""
"202100001996";"198Â 229";"A01";"1";"7";"0";"2";"2";"1";"1";""
"202100001996";"198Â 230";"B01";"2";"50";"0";"2";"1";"14";"3";""
"202100001997";"198Â 228";"A01";"1";"7";"0";"1";"1";"1";"2";""
"202100001998";"198Â 226";"A01";"0";"33";"0";"2";"2";"19";"1";""
"202100001998";"198Â 227";"B01";"0";"7";"0";"2";"3";"1";"1";""
"202100001999";"198Â 224";"A01";"1";"7";"0";"1";"4";"1";"1";""
"202100001999";"198Â 225";"B01";"1";"7";"0";"2";"1";"2";"1";""
"202100002000";"198Â 216";"A01";"1";"15";"0";"2";"2";"15";"1";""
"202100002000";"198Â 217";"B01";"2";"2";"0";"2";"1";"1";"1";""
"202100002001";"198Â 215";"A01";"3";"33";"8";"1";"0";"17";"1";""
"202100002002";"198Â 213";"A01";"3";"30";"0";"2";"1";"26";"1";""
"202100002002";"198Â 214";"B01";"0";"10";"0";"2";"3";"9";"1";""
"202100002003";"198Â 210";"B01";"2";"7";"0";"2";"1";"16";"1";""
"202100002003";"198Â 211";"A01";"2";"7";"0";"2";"2";"1";"1";""
"202100002004";"198Â 208";"A01";"1";"7";"0";"2";"2";"1";"1";""
"202100002004";"198Â 209";"B01";"2";"7";"0";"2";"1";"1";"1";""
"202100002005";"198Â 207";"A01";"1";"7";"1";"0";"8";"14";"1";""
"202100002006";"198Â 206";"A01";"1";"7";"13";"2";"1";"14";"1";""
"202100002007";"198Â 204";"A01";"1";"1";"1";"2";"2";"15";"5";""
"202100002007";"198Â 205";"Z01";"2";"7";"0";"2";"1";"16";"0";""
"202100002008";"198Â 202";"A01";"2";"33";"0";"2";"3";"18";"1";""
"202100002008";"198Â 203";"B01";"2";"7";"0";"2";"2";"14";"1";""
"202100002009";"198Â 200";"B01";"1";"7";"0";"2";"2";"2";"1";""
"202100002009";"198Â 201";"A01";"2";"7";"0";"2";"3";"9";"1";""
"202100002010";"198Â 198";"A01";"1";"7";"0";"2";"7";"9";"1";""
"202100002010";"198Â 199";"B01";"1";"1";"0";"2";"3";"9";"0";""
"202100002011";"198Â 196";"B01";"1";"7";"0";"2";"1";"1";"1";""
"202100002011";"198Â 197";"A01";"2";"7";"0";"2";"1";"26";"1";""
"202100002012";"198Â 195";"A01";"2";"7";"2";"0";"1";"26";"1";""
"202100002013";"198Â 194";"A01";"2";"7";"0";"2";"1";"26";"1";""
"202100002014";"198Â 192";"A01";"3";"33";"0";"2";"1";"1";"1";""
"202100002014";"198Â 193";"B01";"3";"7";"0";"2";"2";"15";"1";""
"202100002015";"198Â 191";"A01";"1";"7";"0";"1";"1";"15";"1";""
"202100002016";"198Â 187";"D01";"2";"7";"0";"2";"4";"2";"1";""
"202100002016";"198Â 188";"C01";"2";"7";"0";"2";"4";"2";"1";""
"202100002016";"198Â 189";"B01";"2";"7";"0";"2";"4";"2";"1";""
"202100002016";"198Â 190";"A01";"2";"10";"0";"2";"1";"1";"1";""
"202100002017";"198Â 186";"A01";"3";"7";"2";"1";"1";"13";"1";""
"202100002018";"198Â 185";"A01";"1";"7";"0";"1";"2";"26";"2";""
"202100002019";"198Â 183";"A01";"1";"7";"0";"2";"2";"9";"1";""
"202100002019";"198Â 184";"B01";"1";"7";"0";"2";"3";"1";"1";""
"202100002020";"198Â 181";"B01";"2";"7";"0";"2";"8";"15";"1";""
"202100002020";"198Â 182";"A01";"2";"1";"0";"2";"1";"1";"5";""
"202100002021";"198Â 179";"A01";"3";"15";"0";"1";"0";"1";"1";""
"202100002022";"198Â 176";"A01";"2";"7";"0";"2";"1";"9";"1";""
"202100002022";"198Â 177";"B01";"2";"7";"0";"2";"9";"23";"1";""
"202100002022";"198Â 178";"C01";"2";"7";"0";"2";"5";"23";"1";""
"202100002023";"198Â 174";"B01";"0";"1";"0";"2";"3";"26";"5";""
"202100002023";"198Â 175";"A01";"2";"7";"0";"2";"3";"2";"1";""
"202100002024";"198Â 173";"A01";"2";"7";"6";"0";"3";"26";"1";""
"202100002025";"198Â 171";"A01";"2";"7";"0";"2";"1";"5";"1";""
"202100002025";"198Â 172";"B01";"1";"7";"0";"2";"1";"1";"1";""
"202100002026";"198Â 169";"B01";"2";"30";"0";"2";"1";"1";"1";""
"202100002026";"198Â 170";"A01";"2";"7";"0";"2";"8";"15";"1";""
"202100002027";"198Â 168";"A01";"1";"7";"0";"5";"1";"1";"1";""
"202100002028";"198Â 166";"B01";"1";"7";"0";"2";"1";"1";"1";""
"202100002028";"198Â 167";"A01";"1";"7";"0";"2";"3";"1";"1";""
"202100002029";"198Â 165";"A01";"2";"37";"0";"0";"0";"1";"1";"3"
"202100002030";"198Â 163";"A01";"0";"7";"0";"2";"1";"3";"1";""
"202100002030";"198Â 164";"B01";"0";"37";"0";"2";"3";"1";"1";"6"
"202100002031";"198Â 162";"A01";"3";"32";"13";"0";"7";"1";"1";""
"202100002032";"198Â 161";"A01";"0";"10";"0";"1";"0";"1";"1";""
"202100002033";"198Â 160";"A01";"2";"7";"6";"0";"1";"15";"1";""
"202100002034";"198Â 159";"A01";"1";"15";"2";"0";"3";"14";"1";""
"202100002035";"198Â 157";"A01";"2";"2";"7";"2";"1";"1";"1";""
"202100002035";"198Â 158";"Z01";"1";"2";"0";"2";"1";"1";"1";""
"202100002036";"198Â 155";"A01";"2";"7";"0";"9";"1";"9";"1";""
"202100002036";"198Â 156";"B01";"2";"80";"0";"2";"4";"1";"3";""
"202100002037";"198Â 152";"A01";"2";"7";"0";"2";"1";"1";"1";""
"202100002037";"198Â 153";"B01";"2";"7";"0";"2";"4";"23";"1";""
"202100002037";"198Â 154";"C01";"2";"7";"0";"2";"4";"23";"1";""
"202100002038";"198Â 149";"A01";"1";"14";"0";"2";"3";"2";"1";""
"202100002038";"198Â 150";"B01";"1";"7";"0";"2";"6";"1";"1";""
"202100002038";"198Â 151";"C01";"1";"33";"0";"2";"7";"3";"1";""
"202100002039";"198Â 146";"C01";"1";"7";"0";"2";"4";"2";"1";""
"202100002039";"198Â 147";"B01";"1";"7";"0";"2";"1";"2";"1";""
"202100002039";"198Â 148";"A01";"1";"7";"0";"2";"1";"2";"1";""
"202100002040";"198Â 145";"A01";"1";"7";"12";"1";"2";"14";"1";""
"202100002041";"198Â 144";"A01";"1";"43";"0";"1";"2";"1";"1";""
"202100002042";"198Â 142";"B01";"1";"10";"0";"2";"3";"9";"1";""
"202100002042";"198Â 143";"A01";"2";"32";"0";"2";"1";"17";"1";""
"202100002043";"198Â 141";"A01";"2";"7";"2";"0";"3";"21";"1";""
"202100002044";"198Â 139";"B01";"2";"32";"0";"2";"0";"21";"1";""
"202100002044";"198Â 140";"A01";"1";"7";"0";"2";"0";"15";"1";""
"202100002045";"198Â 137";"B01";"3";"7";"0";"2";"8";"1";"1";""
"202100002045";"198Â 138";"A01";"3";"50";"0";"2";"1";"1";"3";""
"202100002046";"198Â 135";"A01";"1";"1";"0";"2";"1";"1";"5";""
"202100002046";"198Â 136";"Z01";"2";"50";"0";"2";"1";"1";"3";""
"202100002047";"198Â 134";"A01";"2";"33";"0";"1";"1";"1";"1";""
"202100002048";"198Â 133";"A01";"3";"1";"0";"1";"1";"25";"5";""
"202100002049";"198Â 131";"A01";"3";"7";"0";"2";"1";"1";"0";""
"202100002049";"198Â 132";"B01";"3";"7";"1";"0";"7";"0";"1";""
"202100002050";"198Â 130";"A01";"0";"10";"2";"0";"1";"0";"1";""
"202100002051";"198Â 127";"C01";"2";"10";"0";"2";"1";"2";"1";""
"202100002051";"198Â 128";"B01";"2";"7";"0";"2";"4";"1";"1";""
"202100002051";"198Â 129";"A01";"2";"7";"0";"2";"4";"16";"1";""
"202100002052";"198Â 125";"B01";"1";"7";"0";"2";"3";"1";"2";""
"202100002052";"198Â 126";"A01";"1";"1";"0";"2";"1";"1";"5";""
"202100002053";"198Â 124";"A01";"0";"7";"1";"0";"2";"2";"1";""
"202100002054";"198Â 121";"A01";"2";"7";"1";"2";"2";"17";"1";""
"202100002054";"198Â 122";"B01";"2";"7";"0";"2";"8";"1";"1";""
"202100002054";"198Â 123";"D01";"2";"7";"0";"2";"4";"24";"1";""
"202100002055";"198Â 119";"A01";"1";"7";"0";"2";"3";"1";"1";""
"202100002055";"198Â 120";"B01";"0";"50";"0";"2";"2";"17";"3";""
"202100002056";"198Â 118";"A01";"1";"10";"0";"1";"2";"1";"1";""
"202100002057";"198Â 116";"A01";" -1";"7";"0";"2";"8";"15";"1";""
"202100002057";"198Â 117";"B01";" -1";"32";"0";"2";"2";"1";"1";""
"202100002058";"198Â 115";"A01";"2";"30";"0";"1";"1";"1";"1";""
"202100002059";"198Â 114";"A01";"1";"7";"0";"1";"2";"1";"1";""
"202100002060";"198Â 112";"B01";"3";"7";"0";"2";"0";"0";"1";""
"202100002060";"198Â 113";"A01";"3";"50";"0";"2";"3";"1";"3";""
"202100002061";"198Â 111";"A01";"1";"7";"0";"1";"3";"2";"1";""
"202100002062";"198Â 109";"B01";"2";"10";"0";"0";"6";"23";"1";""
"202100002062";"198Â 110";"A01";"2";"1";"1";"0";"1";"1";"5";""
"202100002063";"198Â 107";"B01";"0";"7";"0";"0";"4";"1";"1";""
"202100002063";"198Â 108";"A01";"3";"2";"0";"2";"1";"2";"1";""
"202100002064";"198Â 106";"A01";"2";"33";"15";"0";"1";"1";"1";""
"202100002065";"198Â 105";"A01";"1";"7";"13";"0";"1";"14";"1";""
"202100002066";"198Â 104";"A01";"2";"7";"1";"0";"1";"13";"1";""
"202100002067";"198Â 102";"B01";"1";"7";"0";"2";"1";"1";"1";""
"202100002067";"198Â 103";"A01";"2";"10";"0";"2";"1";"17";"1";""
"202100002068";"198Â 101";"A01";"3";"2";"1";"0";"7";"1";"1";""
"202100002069";"198Â 098";"C01";"1";"7";"0";"2";"2";"1";"1";""
"202100002069";"198Â 099";"B01";"1";"7";"0";"2";"1";"1";"1";""
"202100002069";"198Â 100";"A01";"2";"7";"0";"2";"1";"13";"1";""
"202100002070";"198Â 096";"A01";"1";"10";"0";"9";"0";"0";"1";""
"202100002070";"198Â 097";"B01";"1";"1";"0";"9";"1";"2";"5";""
"202100002071";"198Â 095";"A01";"2";"7";"13";"0";"9";"17";"1";""
"202100002072";"198Â 094";"A01";"1";"2";"13";"0";"0";"13";"1";""
"202100002073";"198Â 092";"B01";"1";"7";"0";"2";"3";"1";"1";""
"202100002073";"198Â 093";"A01";"2";"10";"0";"2";"3";"13";"1";""
"202100002074";"198Â 089";"C01";"3";"7";"0";"0";"6";"0";"1";""
"202100002074";"198Â 090";"B01";"3";"7";"0";"0";"2";"0";"1";""
"202100002074";"198Â 091";"A01";"3";"7";"0";"0";"3";"0";"1";""
"202100002075";"198Â 087";"A01";"1";"7";"0";"2";"3";"9";"1";""
"202100002075";"198Â 088";"B01";"2";"2";"0";"2";"1";"1";"1";""
"202100002076";"198Â 086";"A01";"1";"7";"13";"0";"0";"1";"1";""
"202100002077";"198Â 085";"A01";"0";"7";"13";"0";"3";"17";"1";""
"202100002078";"198Â 084";"A01";"3";"10";"0";"1";"1";"15";"1";""
"202100002079";"198Â 082";"A01";"2";"7";"0";"0";"1";"1";"1";""
"202100002079";"198Â 083";"B01";"1";"10";"0";"0";"1";"1";"1";""
"202100002080";"198Â 081";"A01";"2";"10";"0";"1";"1";"0";"1";""
"202100002081";"198Â 079";"B01";"2";"7";"0";"2";"3";"15";"1";""
"202100002081";"198Â 080";"A01";"2";"31";"13";"9";"1";"17";"1";""
"202100002082";"198Â 077";"C01";"1";"7";"0";"2";"4";"24";"1";""
"202100002082";"198Â 078";"A01";"1";"7";"1";"0";"3";"13";"1";""
"202100002083";"198Â 076";"A01";"2";"7";"13";"0";"9";"14";"1";""
"202100002084";"198Â 073";"A01";"1";"7";"0";"2";"3";"1";"1";""
"202100002084";"198Â 074";"B01";"2";"7";"0";"2";"3";"1";"1";""
"202100002084";"198Â 075";"C01";"1";"7";"0";"2";"2";"1";"1";""
"202100002085";"198Â 072";"A01";"0";"7";"8";"0";"0";"1";"1";""
"202100002086";"198Â 070";"B01";"1";"7";"0";"2";"1";"1";"1";""
"202100002086";"198Â 071";"A01";"2";"7";"0";"2";"1";"17";"1";""
"202100002087";"198Â 069";"A01";"1";"2";"8";"0";"3";"1";"1";""
"202100002088";"198Â 066";"A01";"2";"7";"0";"2";"3";"0";"1";""
"202100002088";"198Â 067";"B01";"1";"10";"0";"2";"3";"1";"1";""