"Num_Acc";"id_vehicule";"num_veh";"senc";"catv";"obs";"obsm";"choc";"manv";"motor";"occutc"
"202100002088";"198Â 068";"C01";"2";"7";"0";"2";"1";"0";"0";""
"202100002089";"198Â 064";"B01";"2";"10";"0";"2";"2";"1";"1";""
"202100002089";"198Â 065";"A01";"2";"10";"0";"2";"3";"11";"1";""
"202100002090";"198Â 062";"A01";"2";"7";"0";"2";"2";"1";"1";""
"202100002090";"198Â 063";"B01";"3";"10";"14";"0";"2";"19";"1";""
"202100002091";"198Â 061";"A01";"1";"7";"13";"0";"1";"2";"1";""
"202100002092";"198Â 058";"A01";"1";"7";"0";"0";"6";"11";"1";""
"202100002092";"198Â 059";"B01";"1";"7";"0";"2";"2";"1";"1";""
"202100002092";"198Â 060";"C01";"1";"7";"0";"2";"2";"1";"1";""
"202100002093";"198Â 056";"A01";"1";"14";"0";"2";"3";"1";"1";""
"202100002093";"198Â 057";"B01";"2";"10";"0";"2";"1";"5";"1";""
"202100002094";"198Â 054";"A01";"3";"1";"0";"2";"8";"19";"5";""
"202100002094";"198Â 055";"B01";"3";"14";"0";"9";"1";"1";"1";""
"202100002095";"198Â 053";"A01";"2";"7";"3";"0";"3";"16";"1";""
"202100002096";"198Â 050";"A01";"2";"7";"3";"2";"4";"2";"1";""
"202100002096";"198Â 051";"B01";"2";"7";"0";"2";"1";"2";"1";""
"202100002096";"198Â 052";"C01";"2";"15";"0";"0";"8";"1";"1";""
"202100002097";"198Â 048";"A01";"1";"31";"0";"2";"8";"5";"1";""
"202100002097";"198Â 049";"B01";"2";"7";"0";"2";"8";"21";"1";""
"202100002098";"198Â 046";"A01";"1";"33";"0";"2";"1";"1";"1";""
"202100002098";"198Â 047";"B01";"0";"7";"0";"9";"8";"15";"1";""
"202100002099";"198Â 044";"A01";"1";"7";"0";"2";"6";"17";"1";""
"202100002099";"198Â 045";"B01";"1";"33";"0";"2";"1";"17";"1";""
"202100002100";"198Â 042";"B01";"1";"7";"0";"2";"3";"1";"1";""
"202100002100";"198Â 043";"A01";"1";"7";"0";"0";"8";"15";"1";""
"202100002101";"198Â 041";"A01";"3";"7";"2";"0";"1";"0";"1";""
"202100002102";"198Â 040";"A01";"1";"31";"0";"0";"7";"0";"1";""
"202100002103";"198Â 039";"A01";"1";"7";"13";"0";"1";"1";"1";""
"202100002104";"198Â 038";"A01";"1";"2";"0";"0";"2";"0";"1";""
"202100002105";"198Â 037";"A01";"1";"7";"2";"0";"1";"5";"1";""
"202100002106";"198Â 035";"A01";"1";"7";"0";"2";"1";"15";"1";""
"202100002106";"198Â 036";"B01";"2";"7";"0";"2";"1";"1";"1";""
"202100002107";"198Â 034";"A01";"1";"7";"0";"1";"5";"1";"1";""
"202100002108";"198Â 033";"A01";"3";"2";"0";"0";"1";"1";"1";""
"202100002109";"198Â 030";"A01";"2";"17";"0";"2";"5";"16";"1";""
"202100002109";"198Â 031";"B01";"2";"80";"0";"2";"3";"1";"3";""
"202100002110";"198Â 026";"D01";"1";"7";"0";"2";"9";"26";"1";""
"202100002110";"198Â 027";"C01";"1";"7";"0";"2";"9";"0";"1";""
"202100002110";"198Â 028";"B01";"1";"7";"0";"2";"9";"26";"1";""
"202100002110";"198Â 029";"A01";"1";"7";"0";"2";"4";"26";"1";""
"202100002111";"198Â 025";"A01";"1";"7";"6";"0";"1";"0";"1";""
"202100002112";"198Â 023";"A01";"1";"10";"0";"2";"7";"1";"1";""
"202100002112";"198Â 024";"B01";"1";"37";"0";"2";"2";"1";"1";"1"
"202100002113";"198Â 016";"A01";"1";"7";"0";"2";"1";"2";"1";""
"202100002113";"198Â 017";"B01";"1";"10";"0";"2";"4";"2";"1";""
"202100002113";"198Â 018";"C01";"1";"10";"0";"2";"4";"2";"1";""
"202100002113";"198Â 019";"D01";"1";"7";"0";"2";"4";"2";"1";""
"202100002113";"198Â 020";"E01";"1";"7";"0";"2";"4";"2";"1";""
"202100002114";"198Â 015";"A01";"2";"7";"4";"0";"3";"21";"1";""
"202100002115";"198Â 014";"A01";"2";"7";"4";"0";"8";"13";"1";""
"202100002116";"198Â 013";"A01";"1";"33";"4";"2";"9";"26";"1";""
"202100002117";"198Â 011";"A01";"3";"10";"0";"2";"7";"1";"1";""
"202100002117";"198Â 012";"B01";"3";"33";"0";"2";"1";"1";"1";""
"202100002118";"198Â 010";"A01";"3";"7";"6";"0";"9";"21";"1";""
"202100002119";"198Â 009";"A01";"2";"7";"0";"1";"3";"25";"1";""
"202100002120";"198Â 006";"A01";"2";"7";"0";"2";"1";"0";"1";""
"202100002120";"198Â 007";"B01";"1";"7";"0";"2";"1";"1";"1";""
"202100002120";"198Â 008";"C01";"2";"7";"0";"2";"6";"0";"1";""
"202100002121";"198Â 004";"B01";"3";"30";"0";"2";"1";"1";"1";""
"202100002121";"198Â 005";"A01";"3";"30";"0";"2";"1";"1";"1";""
"202100002122";"198Â 003";"A01";"1";"7";"8";"0";"1";"26";"1";""
"202100002123";"198Â 001";"A01";"2";"7";"0";"2";"3";"15";"1";""
"202100002123";"198Â 002";"B01";"1";"7";"0";"2";"2";"1";"1";""
"202100002124";"197Â 998";"A01";"1";"7";"0";"2";"2";"20";"1";""
"202100002124";"197Â 999";"B01";"1";"7";"0";"2";"6";"24";"1";""
"202100002124";"198Â 000";"Z01";"1";"7";"0";"2";"2";"1";"0";""
"202100002125";"197Â 997";"A01";"2";"7";"1";"0";"1";"19";"1";""
"202100002126";"197Â 995";"A01";"2";"7";"0";"2";"1";"15";"1";""
"202100002126";"197Â 996";"B01";"1";"1";"0";"2";"7";"1";"5";""
"202100002127";"197Â 993";"B01";"1";"60";"0";"2";"1";"26";"5";""
"202100002127";"197Â 994";"A01";"2";"7";"0";"9";"2";"1";"1";""
"202100002128";"197Â 992";"A01";"1";"30";"14";"0";"1";"1";"1";""
"202100002129";"197Â 990";"A01";"3";"7";"0";"2";"3";"15";"1";""
"202100002129";"197Â 991";"B01";"2";"2";"0";"2";"7";"1";"1";""
"202100002130";"197Â 985";"C01";"0";"10";"0";"2";"3";"1";"1";""
"202100002130";"197Â 986";"A01";"0";"7";"0";"2";"2";"1";"1";""
"202100002130";"197Â 987";"B01";"0";"7";"0";"2";"5";"1";"1";""
"202100002131";"197Â 983";"A01";"1";"7";"0";"2";"3";"13";"1";""
"202100002131";"197Â 984";"B01";"2";"7";"0";"2";"3";"1";"1";""
"202100002132";"197Â 982";"A01";"1";"32";"6";"0";"3";"26";"1";""
"202100002133";"197Â 980";"A01";"1";"31";"0";"2";"1";"26";"1";""
"202100002133";"197Â 981";"B01";"2";"7";"0";"2";"1";"15";"1";""
"202100002134";"197Â 976";"B01";"2";"7";"0";"2";"2";"15";"1";""
"202100002134";"197Â 977";"A01";"1";"1";"0";"2";"3";"1";"5";""
"202100002135";"197Â 974";"B01";"3";"7";"0";"2";"1";"0";"1";""
"202100002135";"197Â 975";"A01";"3";"30";"0";"2";"2";"15";"1";""
"202100002136";"197Â 973";"A01";"3";"7";"16";"0";"9";"13";"1";""
"202100002137";"197Â 971";"A01";"2";"7";"0";"2";"1";"1";"1";""
"202100002137";"197Â 972";"B01";"2";"7";"0";"2";"4";"23";"1";""
"202100002138";"197Â 969";"A01";"2";"10";"0";"2";"1";"1";"1";""
"202100002138";"197Â 970";"B01";"2";"30";"0";"2";"4";"1";"1";""
"202100002139";"197Â 967";"A01";"1";"7";"0";"2";"3";"13";"1";""
"202100002139";"197Â 968";"B01";"2";"7";"0";"2";"3";"1";"1";""
"202100002140";"197Â 962";"A01";"3";"7";"0";"0";"0";"0";"0";""
"202100002140";"197Â 963";"B01";"3";"7";"0";"0";"0";"0";"0";""
"202100002141";"197Â 960";"B01";"3";"10";"0";"2";"6";"19";"1";""
"202100002141";"197Â 961";"A01";"2";"33";"0";"9";"3";"17";"1";""
"202100002142";"197Â 958";"A01";"1";"7";"0";"2";"5";"15";"1";""
"202100002142";"197Â 959";"B01";"1";"33";"0";"2";"1";"1";"1";""
"202100002143";"197Â 957";"A01";"3";"99";"12";"0";"0";"1";"3";""
"202100002144";"197Â 955";"A01";"1";"7";"0";"2";"5";"0";"1";""
"202100002144";"197Â 956";"B01";"1";"7";"0";"2";"1";"0";"1";""
"202100002145";"197Â 953";"A01";"1";"7";"0";"2";"3";"0";"1";""
"202100002145";"197Â 954";"B01";"2";"7";"0";"2";"8";"0";"1";""
"202100002146";"197Â 950";"B01";"2";"7";"0";"2";"5";"23";"2";""
"202100002146";"197Â 951";"A01";"2";"7";"0";"2";"1";"2";"1";""
"202100002147";"197Â 948";"B01";"3";"2";"0";"2";"8";"1";"1";""
"202100002147";"197Â 949";"A01";"3";"10";"0";"2";"1";"1";"1";""
"202100002148";"197Â 946";"B01";"1";"30";"0";"2";"1";"1";"1";""
"202100002148";"197Â 947";"A01";"2";"7";"0";"2";"2";"15";"1";""
"202100002149";"197Â 944";"B01";"3";"7";"0";"2";"3";"2";"1";""
"202100002149";"197Â 945";"A01";"3";"33";"0";"2";"1";"13";"1";""
"202100002150";"197Â 943";"A01";"3";"7";"0";"1";"1";"1";"1";""
"202100002151";"197Â 941";"B01";"2";"7";"0";"0";"6";"1";"1";""
"202100002151";"197Â 942";"A01";"2";"7";"0";"2";"2";"2";"1";""
"202100002152";"197Â 939";"A01";"1";"32";"0";"2";"2";"3";"1";""
"202100002152";"197Â 940";"B01";"1";"7";"0";"2";"8";"11";"2";""
"202100002153";"197Â 937";"A01";"1";"33";"0";"2";"3";"3";"1";""
"202100002153";"197Â 938";"B01";"1";"7";"0";"2";"5";"12";"1";""
"202100002154";"197Â 936";"A01";"1";"7";"0";"1";"3";"1";"1";""
"202100002155";"197Â 935";"A01";"1";"50";"12";"0";"2";"14";"3";""
"202100002156";"197Â 933";"B01";"3";"7";"0";"2";"1";"15";"1";""
"202100002156";"197Â 934";"A01";"3";"7";"0";"2";"4";"15";"1";""
"202100002157";"197Â 931";"A01";"1";"7";"0";"2";"2";"15";"1";""
"202100002157";"197Â 932";"B01";"2";"33";"0";"2";"8";"1";"1";""
"202100002158";"197Â 927";"A01";"2";"7";"0";"2";"2";"15";"1";""
"202100002158";"197Â 928";"B01";"1";"7";"0";"2";"3";"1";"1";""
"202100002158";"197Â 929";"C01";"1";"7";"0";"2";"5";"23";"1";""
"202100002158";"197Â 930";"D01";"1";"7";"0";"2";"4";"23";"1";""
"202100002159";"197Â 925";"A01";"3";"7";"0";"2";"3";"19";"1";""
"202100002159";"197Â 926";"B01";"3";"7";"0";"2";"2";"1";"1";""
"202100002160";"197Â 923";"A01";"1";"7";"0";"2";"1";"1";"1";""
"202100002160";"197Â 924";"Z01";"1";"7";"0";"2";"7";"15";"0";""
"202100002161";"197Â 921";"A01";"1";"10";"0";"2";"7";"1";"1";""
"202100002161";"197Â 922";"B01";"1";"7";"0";"2";"3";"1";"1";""
"202100002162";"197Â 918";"C01";"1";"7";"0";"2";"1";"0";"1";""
"202100002162";"197Â 919";"B01";"1";"10";"0";"2";"7";"1";"1";""
"202100002162";"197Â 920";"A01";"2";"7";"1";"2";"1";"26";"1";""
"202100002163";"197Â 917";"A01";"2";"7";"15";"0";"2";"1";"1";""
"202100002164";"197Â 914";"B01";"1";"7";"0";"2";"1";"1";"1";""
"202100002164";"197Â 915";"A01";"1";"7";"0";"2";"1";"9";"1";""
"202100002164";"197Â 916";"C01";"1";"7";"3";"2";"4";"9";"1";""
"202100002165";"197Â 913";"A01";"2";"7";"2";"0";"1";"0";"1";""
"202100002166";"197Â 912";"A01";"1";"7";"13";"0";"2";"14";"1";""
"202100002167";"197Â 911";"A01";"1";"7";"6";"0";"2";"2";"1";""
"202100002168";"197Â 910";"A01";"1";"7";"9";"0";"9";"1";"1";""
"202100002169";"197Â 909";"A01";"2";"14";"3";"0";"8";"1";"1";""
"202100002170";"197Â 906";"A01";"2";"7";"4";"0";"1";"0";"1";""
"202100002171";"197Â 905";"A01";"2";"2";"0";"0";"0";"1";"1";""
"202100002172";"197Â 903";"A01";"2";"2";"0";"2";"1";"13";"1";""
"202100002172";"197Â 904";"B01";"1";"15";"0";"2";"1";"21";"1";""
"202100002173";"197Â 902";"A01";"1";"2";"0";"2";"7";"2";"1";""
"202100002174";"197Â 901";"A01";"2";"15";"12";"0";"8";"1";"1";""
"202100002175";"197Â 900";"A01";"1";"7";"0";"1";"2";"1";"2";""
"202100002176";"197Â 898";"A01";"2";"7";"0";"2";"1";"1";"1";""
"202100002176";"197Â 899";"B01";"1";"7";"0";"2";"3";"1";"1";""
"202100002177";"197Â 896";"B01";"0";"1";"0";"0";"4";"2";"5";""
"202100002177";"197Â 897";"A01";"3";"10";"0";"9";"2";"2";"1";""
"202100002178";"197Â 895";"A01";"2";"7";"13";"0";"1";"1";"1";""
"202100002179";"197Â 894";"A01";"2";"7";"13";"0";"2";"0";"1";""
"202100002180";"197Â 893";"A01";"2";"7";"0";"0";"1";"1";"1";""
"202100002181";"197Â 891";"B01";"0";"7";"0";"2";"1";"1";"1";""
"202100002181";"197Â 892";"A01";"0";"7";"0";"2";"2";"1";"1";""
"202100002182";"197Â 890";"A01";"1";"7";"8";"0";"9";"1";"1";""
"202100002183";"197Â 888";"A01";"1";"7";"0";"2";"1";"13";"1";""
"202100002183";"197Â 889";"B01";"2";"7";"0";"2";"1";"1";"1";""
"202100002184";"197Â 886";"A01";"1";"7";"0";"2";"3";"13";"1";""
"202100002184";"197Â 887";"B01";"1";"7";"0";"2";"3";"1";"1";""
"202100002185";"197Â 885";"A01";"1";"2";"0";"1";"1";"1";"1";""
"202100002186";"197Â 884";"A01";"2";"7";"0";"0";"9";"17";"1";""
"202100002187";"197Â 883";"A01";"2";"7";"6";"0";"1";"17";"1";""
"202100002188";"197Â 881";"B01";"2";"7";"0";"2";"3";"1";"1";""
"202100002188";"197Â 882";"A01";"1";"7";"0";"2";"1";"0";"1";""
"202100002189";"197Â 880";"A01";"1";"7";"13";"0";"2";"1";"1";""
"202100002190";"197Â 878";"A01";"1";"7";"0";"2";"2";"15";"1";""
"202100002190";"197Â 879";"B01";"2";"14";"0";"2";"3";"1";"1";""
"202100002191";"197Â 877";"A01";"1";"7";"13";"0";"2";"1";"1";""
"202100002192";"197Â 875";"B01";"2";"1";"0";"2";"1";"1";"5";""
"202100002192";"197Â 876";"A01";"1";"10";"0";"9";"1";"15";"1";""
"202100002193";"197Â 873";"A01";"3";"7";"0";"2";"3";"0";"1";""
"202100002193";"197Â 874";"B01";"0";"33";"0";"2";"1";"0";"1";""
"202100002194";"197Â 871";"A01";"1";"7";"0";"2";"5";"5";"1";""
"202100002194";"197Â 872";"B01";"2";"2";"0";"2";"1";"5";"1";""
"202100002195";"197Â 869";"B01";"1";"7";"0";"2";"3";"1";"1";""
"202100002195";"197Â 870";"A01";"2";"7";"0";"2";"1";"13";"1";""
"202100002196";"197Â 867";"A01";"2";"7";"0";"2";"7";"15";"1";""
"202100002196";"197Â 868";"B01";"1";"31";"0";"2";"1";"1";"1";""
"202100002197";"197Â 865";"B01";"2";"1";"0";"2";"0";"15";"0";""
"202100002197";"197Â 866";"A01";"2";"7";"0";"9";"2";"17";"1";""
"202100002198";"197Â 864";"A01";"2";"7";"3";"0";"1";"1";"1";""
"202100002199";"197Â 862";"A01";"2";"7";"0";"2";"3";"11";"1";""
"202100002199";"197Â 863";"B01";"2";"32";"16";"2";"8";"1";"1";""
"202100002200";"197Â 861";"A01";"2";"10";"6";"0";"2";"13";"6";""
"202100002201";"197Â 858";"C01";"2";"7";"0";"2";"6";"1";"1";""
"202100002201";"197Â 859";"B01";"2";"7";"0";"2";"1";"1";"1";""
"202100002201";"197Â 860";"A01";"1";"7";"0";"2";"7";"11";"1";""
"202100002202";"197Â 857";"A01";"1";"10";"0";"1";"8";"1";"0";""
"202100002203";"197Â 854";"A01";"1";"7";"0";"2";"3";"13";"1";""
"202100002203";"197Â 855";"B01";"2";"7";"0";"2";"8";"1";"1";""
"202100002203";"197Â 856";"C01";"2";"7";"0";"2";"1";"1";"1";""
"202100002204";"197Â 852";"B01";"2";"7";"0";"2";"3";"1";"0";""
"202100002204";"197Â 853";"A01";"1";"7";"0";"2";"3";"13";"1";""
"202100002205";"197Â 850";"A01";"0";"7";"0";"2";"1";"1";"1";""
"202100002205";"197Â 851";"B01";"0";"7";"0";"2";"5";"9";"1";""
"202100002206";"197Â 849";"A01";"1";"7";"13";"9";"1";"1";"2";""
"202100002207";"197Â 848";"A01";"1";"7";"0";"1";"1";"1";"1";""
"202100002208";"197Â 847";"A01";"3";"7";"14";"0";"1";"6";"1";""
"202100002209";"197Â 846";"A01";"3";"7";"13";"0";"1";"0";"1";""
"202100002210";"197Â 845";"A01";"0";"7";"0";"1";"2";"1";"1";""
"202100002211";"197Â 841";"A01";"1";"7";"0";"2";"6";"23";"1";""
"202100002211";"197Â 842";"B01";"1";"7";"1";"0";"2";"12";"1";""
"202100002211";"197Â 843";"C01";"1";"7";"0";"2";"2";"1";"1";""
"202100002211";"197Â 844";"D01";"1";"33";"0";"2";"4";"1";"1";""
"202100002212";"197Â 839";"B01";"1";"7";"0";"2";"2";"2";"1";""
"202100002212";"197Â 840";"A01";"1";"7";"0";"2";"3";"1";"1";""
"202100002213";"197Â 837";"B01";"1";"10";"0";"2";"6";"1";"1";""
"202100002213";"197Â 838";"A01";"1";"7";"4";"2";"2";"17";"1";""
"202100002214";"197Â 835";"B01";"1";"7";"0";"2";"4";"2";"1";""
"202100002214";"197Â 836";"A01";"1";"7";"0";"2";"1";"2";"1";""
"202100002215";"197Â 832";"A01";"2";"7";"0";"2";"1";"1";"1";""
"202100002215";"197Â 833";"B01";"2";"10";"0";"2";"4";"1";"1";""
"202100002215";"197Â 834";"C01";"0";"7";"0";"0";"4";"1";"1";""
"202100002216";"197Â 830";"A01";"1";"7";"0";"2";"2";"1";"1";""
"202100002216";"197Â 831";"B01";"1";"7";"4";"0";"6";"2";"1";""
"202100002217";"197Â 828";"A01";"1";"7";"0";"2";"1";"1";"1";""
"202100002217";"197Â 829";"B01";"1";"7";"0";"2";"4";"1";"1";""
"202100002218";"197Â 826";"A01";"2";"7";"0";"2";"1";"1";"1";""
"202100002218";"197Â 827";"B01";"2";"7";"0";"2";"4";"1";"1";""
"202100002219";"197Â 823";"A01";"1";"7";"0";"2";"2";"12";"1";""
"202100002219";"197Â 824";"B01";"1";"33";"0";"2";"3";"3";"1";""
"202100002219";"197Â 825";"Z01";"1";"0";"0";"2";"0";"0";"0";""
"202100002220";"197Â 821";"A01";"1";"7";"0";"2";"4";"1";"1";""
"202100002220";"197Â 822";"B01";"1";"7";"0";"2";"1";"1";"1";""
"202100002221";"197Â 819";"A01";"2";"7";"0";"2";"6";"1";"1";""
"202100002221";"197Â 820";"B01";"2";"33";"0";"2";"2";"21";"1";""
"202100002222";"197Â 817";"A01";"1";"7";"0";"9";"1";"1";"1";""
"202100002222";"197Â 818";"B01";"1";"2";"0";"2";"1";"0";"0";""
"202100002223";"197Â 815";"A01";"1";"7";"0";"2";"1";"19";"1";""
"202100002223";"197Â 816";"B01";"1";"7";"0";"2";"4";"1";"1";""
"202100002224";"197Â 813";"A01";"1";"7";"0";"2";"4";"2";"1";""
"202100002224";"197Â 814";"B01";"1";"33";"0";"2";"1";"2";"1";""
"202100002225";"197Â 811";"B01";"3";"60";"0";"2";"0";"0";"5";""
"202100002225";"197Â 812";"A01";"3";"0";"0";"2";"0";"26";"0";""
"202100002226";"197Â 809";"B01";"2";"7";"0";"2";"1";"2";"0";""
"202100002226";"197Â 810";"A01";"2";"33";"0";"2";"4";"2";"1";""
"202100002227";"197Â 807";"B01";"0";"7";"0";"2";"1";"1";"1";""
"202100002227";"197Â 808";"A01";"1";"7";"0";"2";"1";"15";"1";""
"202100002228";"197Â 805";"A01";"1";"7";"0";"2";"1";"15";"1";""
"202100002228";"197Â 806";"B01";"2";"33";"0";"2";"1";"1";"1";""
"202100002229";"197Â 804";"A01";"3";"32";"8";"0";"8";"13";"1";""
"202100002230";"197Â 802";"B01";"1";"7";"0";"2";"1";"1";"1";""
"202100002230";"197Â 803";"A01";"1";"7";"0";"2";"4";"1";"1";""
"202100002231";"197Â 801";"A01";"3";"7";"0";"1";"8";"15";"1";""
"202100002232";"197Â 800";"A01";"2";"7";"0";"1";"1";"1";"1";""
"202100002233";"197Â 797";"A01";"2";"7";"0";"1";"2";"15";"1";""
"202100002234";"197Â 795";"A01";"1";"7";"0";"2";"2";"17";"1";""
"202100002234";"197Â 796";"B01";"1";"30";"0";"2";"1";"10";"1";""
"202100002235";"197Â 789";"B01";"3";"7";"0";"2";"1";"1";"1";""
"202100002235";"197Â 790";"A01";"3";"7";"0";"2";"8";"1";"1";""
"202100002236";"197Â 787";"A01";"1";"7";"0";"2";"5";"10";"1";""
"202100002236";"197Â 788";"B01";"2";"31";"0";"2";"1";"1";"1";""
"202100002237";"197Â 785";"B01";"3";"7";"0";"2";"1";"1";"1";""
"202100002237";"197Â 786";"A01";"3";"1";"0";"2";"8";"19";"5";""
"202100002238";"197Â 783";"A01";"1";"30";"0";"2";"1";"19";"1";""
"202100002238";"197Â 784";"B01";"2";"7";"0";"2";"7";"1";"1";""
"202100002239";"197Â 781";"B01";"3";"30";"0";"2";"0";"0";"1";""
"202100002239";"197Â 782";"Z01";"1";"7";"0";"2";"1";"9";"1";""
"202100002240";"197Â 779";"B01";"1";"7";"0";"2";"4";"13";"1";""
"202100002240";"197Â 780";"A01";"1";"7";"0";"2";"1";"13";"1";""
"202100002241";"197Â 777";"A01";"2";"7";"0";"9";"3";"1";"1";""
"202100002241";"197Â 778";"B01";"1";"50";"0";"2";"3";"0";"3";""
"202100002242";"197Â 773";"D01";"2";"7";"0";"2";"8";"2";"1";""
"202100002242";"197Â 774";"C01";"2";"37";"0";"2";"6";"1";"1";"1"
"202100002242";"197Â 775";"B01";"2";"7";"0";"2";"6";"2";"1";""
"202100002242";"197Â 776";"A01";"2";"7";"0";"2";"1";"17";"1";""
"202100002243";"197Â 772";"A01";"2";"7";"9";"0";"3";"1";"1";""
"202100002244";"197Â 770";"A01";"1";"7";"0";"2";"1";"1";"1";""
"202100002244";"197Â 771";"B01";"1";"7";"0";"2";"4";"1";"1";""
"202100002245";"197Â 769";"A01";"1";"7";"6";"0";"1";"0";"1";""
"202100002246";"197Â 768";"A01";"1";"10";"0";"1";"2";"2";"3";""
"202100002247";"197Â 767";"A01";"1";"7";"4";"2";"3";"13";"1";""
"202100002248";"197Â 764";"A01";"1";"7";"0";"2";"1";"2";"1";""
"202100002248";"197Â 765";"B01";"1";"7";"0";"2";"4";"2";"1";""
"202100002248";"197Â 766";"C01";"1";"7";"0";"2";"4";"2";"1";""
"202100002249";"197Â 763";"A01";"3";"7";"0";"1";"1";"1";"1";""
"202100002250";"197Â 762";"A01";"2";"7";"2";"0";"3";"25";"1";""
"202100002251";"197Â 760";"A01";"2";"32";"0";"2";"1";"26";"1";""
"202100002251";"197Â 761";"B01";"2";"1";"0";"2";"8";"10";"5";""
"202100002252";"197Â 758";"A01";"2";"7";"0";"2";"3";"9";"1";""
"202100002252";"197Â 759";"B01";"2";"7";"0";"2";"2";"1";"1";""
"202100002253";"197Â 755";"A01";"1";"7";"0";"1";"2";"9";"1";""
"202100002254";"197Â 754";"A01";"1";"7";"0";"1";"1";"9";"1";""
"202100002255";"197Â 752";"B01";"3";"31";"0";"2";"1";"1";"1";""
"202100002255";"197Â 753";"A01";"3";"7";"0";"2";"1";"13";"1";""
"202100002256";"197Â 751";"A01";"3";"7";"0";"1";"3";"21";"1";""
"202100002257";"197Â 749";"A01";"1";"34";"0";"2";"4";"1";"1";""
"202100002257";"197Â 750";"Z01";"0";"10";"0";"0";"0";"0";"0";""
"202100002258";"197Â 745";"A01";"3";"7";"0";"2";"8";"9";"1";""
"202100002258";"197Â 746";"B01";"2";"7";"0";"2";"1";"1";"1";""
"202100002259";"197Â 744";"A01";"1";"37";"0";"1";"3";"1";"1";"1"
"202100002260";"197Â 742";"B01";"1";"7";"0";"2";"4";"2";"1";""
"202100002260";"197Â 743";"A01";"1";"7";"0";"2";"1";"2";"1";""
"202100002261";"197Â 741";"A01";"2";"7";"0";"1";"2";"1";"1";""
"202100002262";"197Â 740";"A01";"1";"10";"0";"1";"3";"15";"1";""
"202100002263";"197Â 738";"B01";"2";"7";"0";"2";"2";"12";"1";""
"202100002263";"197Â 739";"A01";"2";"33";"0";"2";"3";"3";"1";""
"202100002264";"197Â 735";"B01";"1";"10";"0";"2";"7";"14";"1";""
"202100002264";"197Â 736";"C01";"1";"10";"0";"2";"0";"1";"3";""
"202100002264";"197Â 737";"A01";"1";"33";"0";"2";"8";"3";"1";""
"202100002265";"197Â 733";"Z01";"1";"7";"0";"2";"2";"16";"0";""
"202100002265";"197Â 734";"A01";"1";"1";"0";"2";"3";"1";"5";""
"202100002266";"197Â 732";"Z01";"2";"7";"0";"1";"1";"1";"0";""
"202100002267";"197Â 730";"A01";"1";"43";"0";"2";"1";"1";"1";""
"202100002267";"197Â 731";"B01";"1";"32";"0";"2";"4";"23";"1";""
"202100002268";"197Â 728";"B01";"1";"33";"0";"2";"1";"1";"1";""
"202100002268";"197Â 729";"A01";"1";"7";"0";"2";"3";"10";"1";""
"202100002269";"197Â 727";"A01";"2";"37";"0";"1";"2";"1";"1";"1"
"202100002270";"197Â 725";"B01";"2";"7";"0";"2";"8";"15";"2";""
"202100002270";"197Â 726";"A01";"1";"7";"0";"2";"1";"1";"1";""
"202100002271";"197Â 724";"A01";"2";"2";"0";"0";"0";"21";"1";""
"202100002272";"197Â 721";"B01";"3";"7";"0";"2";"2";"23";"2";""
"202100002272";"197Â 722";"Z01";"3";"34";"0";"2";"1";"21";"1";""
"202100002272";"197Â 723";"A01";"3";"50";"0";"2";"1";"1";"3";""
"202100002273";"197Â 720";"A01";"2";"32";"0";"1";"1";"1";"1";""
"202100002274";"197Â 718";"A01";"3";"7";"0";"2";"0";"1";"2";""
"202100002274";"197Â 719";"B01";"3";"33";"0";"2";"0";"21";"1";""
"202100002275";"197Â 716";"B01";"2";"7";"6";"2";"2";"1";"1";""
"202100002275";"197Â 717";"A01";"2";"7";"0";"2";"3";"1";"1";""
"202100002276";"197Â 715";"A01";"2";"7";"0";"1";"2";"1";"1";""
"202100002277";"197Â 713";"A01";"1";"7";"0";"2";"8";"15";"1";""
"202100002277";"197Â 714";"B01";"1";"33";"0";"2";"7";"0";"1";""
"202100002278";"197Â 711";"B01";"2";"7";"0";"2";"2";"1";"1";""
"202100002278";"197Â 712";"A01";"1";"7";"0";"2";"3";"1";"1";""
"202100002279";"197Â 708";"A01";"3";"7";"0";"2";"1";"1";"1";""
"202100002279";"197Â 709";"B01";"3";"7";"0";"2";"1";"15";"1";""
"202100002280";"197Â 706";"A01";"2";"7";"0";"9";"3";"9";"1";""
"202100002280";"197Â 707";"B01";"3";"60";"0";"2";"1";"1";"5";""
"202100002281";"197Â 705";"A01";"1";"7";"0";"1";"2";"16";"1";""
"202100002282";"197Â 704";"A01";" -1";"7";"9";"0";"1";"26";"1";""
"202100002283";"197Â 702";"A01";"0";"7";"0";"2";"8";"1";"1";""
"202100002283";"197Â 703";"B01";"3";"34";"0";"2";"1";"1";"1";""
"202100002284";"197Â 700";"B01";"3";"34";"0";"2";"8";"1";"1";""
"202100002284";"197Â 701";"A01";"3";"7";"0";"2";"3";"9";"1";""
"202100002285";"197Â 699";"A01";"1";"7";"0";"1";"1";"1";"1";""
"202100002286";"197Â 698";"A01";"1";"10";"0";"1";"5";"2";"1";""
"202100002287";"197Â 697";"A01";"1";"7";"0";"1";"5";"1";"1";""
"202100002288";"197Â 696";"A01";"1";"7";"0";"1";"4";"20";"3";""
"202100002289";"197Â 695";"A01";"1";"7";"15";"0";"1";"1";"0";""