"Num_Acc";"id_vehicule";"num_veh";"senc";"catv";"obs";"obsm";"choc";"manv";"motor";"occutc"
"202100002290";"197Â 693";"A01";"2";"10";"0";"2";"1";"15";"1";""
"202100002290";"197Â 694";"B01";"3";"30";"0";"2";"8";"1";"1";""
"202100002291";"197Â 691";"B01";"2";"2";"0";"2";"8";"1";"1";""
"202100002291";"197Â 692";"A01";"1";"7";"0";"2";"2";"15";"2";""
"202100002292";"197Â 690";"A01";"2";"30";"0";"0";"0";"1";"1";""
"202100002293";"197Â 688";"B01";"1";"1";"0";"2";"3";"1";"6";""
"202100002293";"197Â 689";"A01";"2";"7";"0";"2";"1";"1";"2";""
"202100002294";"197Â 686";"B01";"1";"33";"0";"2";"1";"1";"1";""
"202100002294";"197Â 687";"A01";"2";"10";"0";"2";"3";"15";"1";""
"202100002295";"197Â 685";"A01";"1";"7";"0";"1";"1";"16";"1";""
"202100002296";"197Â 683";"A01";"3";"3";"0";"2";"1";"5";"1";""
"202100002296";"197Â 684";"B01";"3";"7";"0";"2";"4";"4";"1";""
"202100002297";"197Â 682";"A01";"2";"7";"1";"0";"0";"0";"1";""
"202100002298";"197Â 681";"A01";"1";"7";"16";"0";"1";"1";"1";""
"202100002299";"197Â 679";"A01";"1";"7";"0";"2";"4";"0";"1";""
"202100002299";"197Â 680";"B01";"1";"7";"0";"2";"1";"0";"1";""
"202100002300";"197Â 678";"A01";"1";"7";"6";"0";"1";"1";"1";""
"202100002301";"197Â 677";"A01";"2";"3";"0";"1";"1";"1";"1";""
"202100002302";"197Â 676";"A01";"2";"7";"0";"1";"2";"1";"1";""
"202100002303";"197Â 674";"B01";"1";"7";"3";"0";"6";"1";"1";""
"202100002303";"197Â 675";"A01";"1";"7";"0";"2";"2";"1";"1";""
"202100002304";"197Â 668";"A01";"2";"7";"3";"0";"1";"1";"1";""
"202100002305";"197Â 666";"B01";"3";"99";"0";"2";"2";"1";"1";""
"202100002305";"197Â 667";"A01";"1";"34";"0";"2";"1";"1";"1";""
"202100002306";"197Â 665";"A01";"1";"7";"13";"0";"2";"1";"1";""
"202100002307";"197Â 664";"A01";"3";"50";"0";"0";"0";"16";"3";""
"202100002308";"197Â 662";"B01";"1";"10";"0";"2";"7";"1";"1";""
"202100002308";"197Â 663";"A01";"3";"7";"0";"2";"1";"19";"1";""
"202100002309";"197Â 661";"A01";"0";"7";"6";"0";"1";"0";"1";""
"202100002310";"197Â 659";"B01";"1";"7";"0";"2";"1";"1";"1";""
"202100002310";"197Â 660";"A01";"2";"10";"0";"2";"2";"11";"1";""
"202100002311";"197Â 658";"A01";"1";"10";"2";"0";"2";"1";"1";""
"202100002312";"197Â 656";"A01";"2";"7";"0";"2";"2";"13";"1";""
"202100002312";"197Â 657";"B01";"1";"7";"0";"2";"2";"1";"1";""
"202100002313";"197Â 655";"A01";"1";"33";"3";"0";"0";"0";"1";""
"202100002314";"197Â 654";"A01";"1";"7";"0";"1";"1";"0";"1";""
"202100002315";"197Â 653";"A01";"1";"7";"13";"0";"2";"1";"1";""
"202100002316";"197Â 651";"A01";"2";"31";"0";"2";"3";"1";"1";""
"202100002316";"197Â 652";"B01";"1";"7";"0";"2";"3";"15";"1";""
"202100002317";"197Â 649";"B01";"0";"1";"0";"2";"2";"1";"5";""
"202100002317";"197Â 650";"A01";"0";"7";"0";"9";"3";"0";"1";""
"202100002318";"197Â 648";"A01";"1";"33";"13";"0";"7";"17";"1";""
"202100002319";"197Â 646";"A01";"1";"7";"0";"2";"3";"16";"1";""
"202100002319";"197Â 647";"B01";"1";"7";"0";"2";"1";"17";"1";""
"202100002320";"197Â 644";"A01";"1";"7";"0";"2";"3";"1";"1";""
"202100002320";"197Â 645";"B01";"2";"7";"0";"2";"3";"1";"1";""
"202100002321";"197Â 643";"A01";"1";"7";"0";"1";"7";"1";"1";""
"202100002322";"197Â 641";"B01";"1";"7";"0";"2";"7";"1";"0";""
"202100002322";"197Â 642";"A01";"1";"7";"0";"2";"8";"9";"1";""
"202100002323";"197Â 640";"A01";"2";"7";"14";"0";"1";"1";"1";""
"202100002324";"197Â 639";"A01";"0";"7";"2";"0";"8";"1";"1";""
"202100002325";"197Â 635";"A01";"1";"7";"0";"2";"1";"1";"1";""
"202100002325";"197Â 636";"E01";"1";"10";"0";"2";"1";"1";"1";""
"202100002325";"197Â 637";"D01";"1";"10";"0";"2";"3";"1";"1";""
"202100002325";"197Â 638";"C01";"1";"16";"0";"0";"0";"1";"1";""
"202100002326";"197Â 633";"A01";"3";"7";"0";"2";"6";"1";"1";""
"202100002326";"197Â 634";"B01";"3";"32";"0";"2";"7";"2";"1";""
"202100002327";"197Â 631";"A01";"2";"7";"0";"2";"2";"1";"1";""
"202100002327";"197Â 632";"B01";"2";"15";"0";"2";"6";"1";"1";""
"202100002328";"197Â 629";"A01";"1";"1";"0";"0";"0";"1";"6";""
"202100002328";"197Â 630";"B01";"1";"0";"0";"9";"0";"0";"0";""
"202100002329";"197Â 626";"A01";"1";"10";"0";"2";"3";"14";"0";""
"202100002329";"197Â 627";"C01";"1";"7";"0";"2";"1";"1";" -1";""
"202100002329";"197Â 628";"B01";"2";"10";"0";"0";"5";"0";"1";""
"202100002330";"197Â 624";"B01";"1";"15";"0";"2";"3";"1";"1";""
"202100002330";"197Â 625";"A01";"2";"10";"0";"2";"1";"13";"1";""
"202100002331";"197Â 621";"A01";"1";"7";"0";"2";"1";"1";"1";""
"202100002331";"197Â 622";"B01";"1";"7";"0";"2";"4";"1";"1";""
"202100002331";"197Â 623";"C01";"1";"7";"0";"2";"4";"1";"1";""
"202100002332";"197Â 619";"A01";"2";"7";"0";"2";"1";"13";"1";""
"202100002332";"197Â 620";"B01";"1";"33";"0";"2";"1";"1";"1";""
"202100002333";"197Â 617";"A01";"2";"7";"0";"2";"3";"17";"1";""
"202100002333";"197Â 618";"B01";"1";"7";"13";"2";"3";"1";"1";""
"202100002334";"197Â 616";"A01";"1";"7";"8";"0";"1";"1";"1";""
"202100002335";"197Â 614";"A01";"0";"10";"0";"2";"5";"20";"3";""
"202100002335";"197Â 615";"B01";"1";"34";"0";"2";"1";"20";"1";""
"202100002336";"197Â 612";"B01";"2";"43";"0";"2";"1";"1";"1";""
"202100002336";"197Â 613";"A01";"1";"7";"0";"2";"2";"15";"1";""
"202100002337";"197Â 610";"A01";"1";"7";"0";"2";"1";"1";"1";""
"202100002337";"197Â 611";"B01";"2";"7";"0";"2";"1";"17";"1";""
"202100002338";"197Â 609";"A01";"2";"7";"0";"1";"3";"1";"1";""
"202100002339";"197Â 606";"A01";"0";"7";"0";"2";"3";"9";"1";""
"202100002339";"197Â 607";"B01";"0";"7";"0";"2";"1";"1";"1";""
"202100002340";"197Â 605";"A01";"2";"2";"0";"0";"0";"1";"1";""
"202100002341";"197Â 602";"A01";"1";"7";"0";"2";"3";"26";"1";""
"202100002341";"197Â 603";"B01";"2";"7";"0";"2";"5";"1";"1";""
"202100002342";"197Â 600";"B01";"2";"7";"0";"2";"4";"1";"1";""
"202100002342";"197Â 601";"A01";"2";"10";"0";"2";"1";"12";"1";""
"202100002343";"197Â 596";"A01";"2";"10";"0";"2";"1";"2";"1";""
"202100002343";"197Â 597";"B01";"2";"33";"0";"2";"1";"2";"1";""
"202100002343";"197Â 598";"C01";"2";"7";"0";"2";"1";"2";"1";""
"202100002343";"197Â 599";"D01";"2";"7";"0";"2";"4";"2";"1";""
"202100002344";"197Â 593";"A01";"2";"7";"0";"2";"1";"2";"1";""
"202100002344";"197Â 594";"B01";"2";"7";"0";"2";"4";"2";"1";""
"202100002344";"197Â 595";"C01";"2";"7";"0";"2";"4";"2";"1";""
"202100002345";"197Â 592";"A01";"1";"33";"13";"0";"1";"14";"1";""
"202100002346";"197Â 590";"A01";"1";"7";"0";"0";"0";"26";"0";""
"202100002346";"197Â 591";"B01";"1";"7";"3";"2";"3";"0";"1";""
"202100002347";"197Â 588";"B01";"2";"7";"0";"2";"6";"1";"2";""
"202100002347";"197Â 589";"A01";"2";"33";"0";"2";"1";"3";"1";""
"202100002348";"197Â 585";"A01";"2";"7";"0";"2";"1";"2";"1";""
"202100002348";"197Â 586";"B01";"2";"7";"0";"2";"4";"1";"1";""
"202100002348";"197Â 587";"C01";"2";"10";"0";"2";"4";"1";"1";""
"202100002349";"197Â 583";"B01";"2";"3";"0";"2";"3";"11";"1";""
"202100002349";"197Â 584";"A01";"2";"33";"0";"2";"3";"0";"1";""
"202100002350";"197Â 581";"B01";"1";"17";"0";"2";"4";"1";"1";""
"202100002350";"197Â 582";"A01";"1";"10";"0";"2";"1";"1";"1";""
"202100002351";"197Â 579";"B01";"1";"33";"0";"2";"1";"21";"1";""
"202100002351";"197Â 580";"A01";"1";"7";"0";"2";"4";"1";"1";""
"202100002352";"197Â 577";"B01";"2";"7";"0";"2";"7";"12";"1";""
"202100002352";"197Â 578";"A01";"2";"33";"0";"2";"1";"3";"1";""
"202100002353";"197Â 575";"A01";"1";"15";"1";"0";"2";"1";"1";""
"202100002353";"197Â 576";"B01";"1";"7";"1";"0";"6";"24";"1";""
"202100002354";"197Â 573";"B01";"1";"7";"0";"2";"4";"1";"1";""
"202100002354";"197Â 574";"A01";"1";"7";"0";"2";"1";"1";"1";""
"202100002355";"197Â 571";"B01";"2";"7";"0";"2";"3";"26";"1";""
"202100002355";"197Â 572";"A01";"2";"7";"0";"2";"2";"12";"1";""
"202100002356";"197Â 569";"B01";"2";"7";"3";"0";"8";"23";"1";""
"202100002356";"197Â 570";"A01";"1";"37";"3";"0";"8";"10";"1";"9"
"202100002357";"197Â 568";"A01";"1";"7";"8";"0";"1";"26";"1";""
"202100002358";"197Â 567";"A01";"3";"32";"0";"0";"0";"0";"1";""
"202100002359";"197Â 565";"A01";"3";"7";"0";"2";"3";"1";"1";""
"202100002359";"197Â 566";"B01";"1";"50";"0";"2";"1";"1";"3";""
"202100002360";"197Â 563";"A01";"1";"10";"0";"2";"2";"1";"1";""
"202100002360";"197Â 564";"B01";"1";"7";"0";"2";"6";"1";"1";""
"202100002361";"197Â 561";"B01";"2";"40";"0";"2";"2";"1";"3";""
"202100002361";"197Â 562";"A01";"1";"7";"11";"4";"1";"1";"1";""
"202100002362";"197Â 559";"A01";"2";"80";"0";"2";"8";"25";"3";""
"202100002362";"197Â 560";"B01";"3";"7";"0";"2";"7";"26";"1";""
"202100002363";"197Â 557";"B01";"2";"7";"0";"2";"3";"16";"1";""
"202100002363";"197Â 558";"A01";"1";"99";"0";"2";"1";"1";"3";""
"202100002364";"197Â 555";"A01";"1";"10";"0";"2";"1";"9";"1";""
"202100002364";"197Â 556";"B01";"2";"30";"0";"2";"1";"9";"1";""
"202100002365";"197Â 554";"A01";"1";"7";"0";"1";"0";"1";"1";""
"202100002366";"197Â 553";"A01";"2";"32";"6";"0";"1";"1";"1";""
"202100002367";"197Â 552";"A01";"2";"10";"0";"1";"2";"26";"3";""
"202100002368";"197Â 550";"A01";"2";"7";"0";"2";"2";"3";"1";""
"202100002368";"197Â 551";"B01";"2";"1";"0";"2";"1";"1";"5";""
"202100002369";"197Â 549";"A01";"1";"7";"6";"0";"1";"13";"1";""
"202100002370";"197Â 547";"A01";"1";"7";"0";"2";"7";"12";"1";""
"202100002370";"197Â 548";"B01";"1";"2";"0";"2";"0";"2";"1";""
"202100002371";"197Â 545";"A01";"2";"32";"0";"2";"3";"19";"1";""
"202100002371";"197Â 546";"B01";"1";"37";"0";"2";"5";"19";"1";"1"
"202100002372";"197Â 543";"A01";"0";"30";"0";"2";"7";"15";"1";""
"202100002372";"197Â 544";"B01";"0";"7";"0";"2";"1";"1";"1";""
"202100002373";"197Â 539";"D01";"3";"7";"0";"2";"1";"2";"1";""
"202100002373";"197Â 540";"C01";"3";"10";"0";"2";"1";"2";"1";""
"202100002373";"197Â 541";"B01";"3";"10";"0";"2";"1";"2";"1";""
"202100002373";"197Â 542";"A01";"3";"10";"0";"2";"4";"1";"1";""
"202100002374";"197Â 538";"A01";"3";"7";"0";"1";"2";"26";"0";""
"202100002375";"197Â 536";"A01";"3";"10";"0";"2";"1";"17";"1";""
"202100002375";"197Â 537";"B01";"3";"33";"0";"2";"1";"1";"1";""
"202100002376";"197Â 534";"A01";"2";"7";"0";"2";"3";"15";"1";""
"202100002376";"197Â 535";"B01";"2";"33";"0";"2";"1";"1";"1";""
"202100002377";"197Â 533";"A01";"1";"7";"0";"1";"4";"4";"1";""
"202100002378";"197Â 531";"A01";"3";"7";"0";"2";"0";"26";"1";""
"202100002378";"197Â 532";"B01";"1";"7";"0";"2";"1";"1";"1";""
"202100002379";"197Â 529";"B01";"0";"1";"0";"2";"1";"1";"5";""
"202100002379";"197Â 530";"A01";"0";"7";"0";"2";"1";"15";"1";""
"202100002380";"197Â 528";"A01";"0";"7";"1";"0";"0";"14";"1";""
"202100002381";"197Â 527";"A01";"2";"7";"0";"1";"2";"1";"1";""
"202100002382";"197Â 525";"B01";"2";"33";"0";"2";"1";"1";"1";""
"202100002382";"197Â 526";"A01";"2";"7";"0";"2";"3";"15";"1";""
"202100002383";"197Â 523";"B01";"2";"33";"0";"2";"1";"1";"1";""
"202100002383";"197Â 524";"A01";"3";"7";"0";"2";"3";"9";"1";""
"202100002384";"197Â 520";"A01";"3";"33";"12";"2";"2";"21";"1";""
"202100002384";"197Â 521";"B01";"3";"10";"0";"2";"2";"17";"1";""
"202100002384";"197Â 522";"C01";"3";"7";"0";"2";"2";"23";"1";""
"202100002385";"197Â 519";"A01";"3";"37";"0";"1";"2";"21";"1";"1"
"202100002386";"197Â 517";"A01";"3";"7";"0";"2";"2";"2";"1";""
"202100002386";"197Â 518";"B01";"3";"7";"0";"2";"6";"2";"1";""
"202100002387";"197Â 515";"B01";"2";"7";"0";"2";"4";"2";"1";""
"202100002387";"197Â 516";"A01";"2";"33";"0";"2";"1";"2";"1";""
"202100002388";"197Â 513";"B01";"3";"50";"0";"2";"1";"9";"3";""
"202100002388";"197Â 514";"Z01";"3";"7";"0";"2";"8";"0";"0";""
"202100002389";"197Â 511";"A01";"1";"7";"0";"2";"1";"11";"1";""
"202100002389";"197Â 512";"B01";"2";"7";"0";"2";"1";"1";"1";""
"202100002390";"197Â 509";"A01";"1";"7";"0";"2";"2";"11";"1";""
"202100002390";"197Â 510";"B01";"2";"7";"0";"2";"1";"1";"1";""
"202100002391";"197Â 508";"A01";"2";"7";"8";"0";"1";"14";"1";""
"202100002392";"197Â 502";"F01";"1";"7";"0";"2";"4";"2";"2";""
"202100002392";"197Â 503";"E01";"1";"7";"0";"2";"4";"2";"1";""
"202100002392";"197Â 504";"D01";"1";"7";"0";"2";"4";"2";"1";""
"202100002392";"197Â 505";"C01";"1";"7";"0";"2";"4";"2";"1";""
"202100002392";"197Â 506";"B01";"1";"7";"0";"2";"4";"2";"1";""
"202100002392";"197Â 507";"A01";"1";"7";"0";"2";"1";"2";"1";""
"202100002393";"197Â 500";"B01";"2";"7";"0";"2";"4";"2";"1";""
"202100002393";"197Â 501";"Z01";"2";"7";"0";"2";"1";"2";"0";""
"202100002394";"197Â 498";"A01";"1";"7";"0";"4";"7";"23";"1";""
"202100002394";"197Â 499";"B01";"3";"39";"0";"4";"1";"1";"3";""
"202100002395";"197Â 497";"A01";"2";"7";"0";"1";"2";"1";"1";""
"202100002396";"197Â 495";"A01";"3";"7";"0";"2";"1";"9";"1";""
"202100002396";"197Â 496";"B01";"3";"7";"0";"2";"8";"1";"1";""
"202100002397";"197Â 494";"A01";"1";"1";"0";"0";"0";"1";"5";""
"202100002398";"197Â 493";"A01";"2";"7";"0";"1";"1";"1";"1";""
"202100002399";"197Â 492";"A01";"1";"7";"0";"1";"3";"13";"1";""
"202100002400";"197Â 491";"A01";"2";"33";"0";"1";"2";"21";"1";""
"202100002401";"197Â 490";"A01";"1";"7";"0";"1";"8";"1";"1";""
"202100002402";"197Â 486";"D01";"3";"50";"6";"2";"0";"23";"3";""
"202100002402";"197Â 487";"C01";"3";"7";"0";"2";"1";"23";"1";""
"202100002402";"197Â 488";"A01";"3";"10";"0";"2";"2";"26";"1";""
"202100002402";"197Â 489";"B01";"3";"7";"0";"2";"3";"1";"1";""
"202100002403";"197Â 484";"B01";"1";"2";"0";"2";"1";"1";"1";""
"202100002403";"197Â 485";"A01";"1";"7";"0";"2";"6";"15";"1";""
"202100002404";"197Â 482";"A01";"2";"7";"0";"2";"1";"13";"1";""
"202100002404";"197Â 483";"B01";"1";"7";"0";"2";"1";"1";"1";""
"202100002405";"197Â 480";"A01";"1";"7";"0";"9";"3";"1";"1";""
"202100002405";"197Â 481";"B01";"1";"1";"0";"2";"7";"1";"5";""
"202100002406";"197Â 478";"B01";"1";"50";"0";"2";"1";"1";"3";""
"202100002406";"197Â 479";"A01";"1";"7";"0";"9";"8";"1";"1";""
"202100002407";"197Â 476";"A01";"1";"7";"0";"2";"6";"13";"1";""
"202100002407";"197Â 477";"B01";"1";"33";"0";"2";"1";"2";"1";""
"202100002408";"197Â 475";"A01";"2";"7";"0";"1";"1";"9";"1";""
"202100002409";"197Â 473";"A01";"2";"10";"0";"2";"1";"20";"1";""
"202100002409";"197Â 474";"B01";"2";"2";"0";"2";"9";"1";"1";""
"202100002410";"197Â 472";"A01";"2";"37";"0";"1";"2";"1";"1";"1"
"202100002411";"197Â 469";"A01";"1";"7";"0";"2";"1";"15";"1";""
"202100002411";"197Â 470";"C01";"2";"7";"0";"2";"1";"15";"1";""
"202100002411";"197Â 471";"B01";"2";"7";"0";"2";"1";"15";"1";""
"202100002412";"197Â 467";"A01";"2";"10";"0";"2";"7";"16";"1";""
"202100002412";"197Â 468";"B01";"2";"50";"0";"2";"1";"1";"3";""
"202100002413";"197Â 465";"A01";"2";"7";"0";"2";"2";"1";"1";""
"202100002413";"197Â 466";"B01";"1";"2";"0";"2";"6";"1";"1";""
"202100002414";"197Â 462";"C01";"1";"7";"0";"2";"1";"2";"1";""
"202100002414";"197Â 463";"B01";"1";"7";"0";"2";"4";"2";"1";""
"202100002414";"197Â 464";"A01";"1";"7";"0";"2";"1";"2";"1";""
"202100002415";"197Â 460";"B01";"1";"2";"0";"2";"6";"26";"1";""
"202100002415";"197Â 461";"A01";"1";"7";"0";"2";"3";"26";"1";""
"202100002416";"197Â 459";"A01";"2";"7";"0";"1";"1";"1";"1";""
"202100002417";"197Â 456";"C01";"1";"7";"0";"2";"4";"1";"1";""
"202100002417";"197Â 457";"B01";"1";"10";"0";"2";"4";"1";"1";""
"202100002417";"197Â 458";"A01";"1";"7";"0";"2";"1";"1";"1";""
"202100002418";"197Â 454";"A01";"1";"7";"0";"2";"2";"16";"1";""
"202100002418";"197Â 455";"B01";"1";"31";"0";"2";"2";"16";"1";""
"202100002419";"197Â 452";"B01";"3";"1";"0";"2";"1";"1";"5";""
"202100002419";"197Â 453";"A01";"0";"7";"0";"9";"1";"15";"1";""
"202100002420";"197Â 451";"A01";"3";"7";"0";"1";"5";"13";"1";""
"202100002421";"197Â 450";"B01";"1";"10";"0";"1";"2";"0";"1";""
"202100002422";"197Â 449";"A01";"3";"7";"0";"1";"1";"17";"1";""
"202100002423";"197Â 445";"A01";"3";"7";"10";"2";"0";"6";"1";""
"202100002423";"197Â 446";"D01";"3";"10";"0";"2";"0";"1";"1";""
"202100002423";"197Â 447";"C01";"3";"10";"0";"2";"0";"1";"1";""
"202100002423";"197Â 448";"B01";"3";"32";"0";"2";"0";"1";"1";""
"202100002424";"197Â 443";"A01";"1";"32";"0";"2";"1";"1";"1";""
"202100002424";"197Â 444";"B01";"2";"7";"0";"2";"1";"15";"1";""
"202100002425";"197Â 442";"A01";"0";"7";"0";"1";"1";"19";"1";""
"202100002426";"197Â 438";"A01";"2";"7";"0";"0";"0";"5";"1";""
"202100002426";"197Â 439";"B01";"1";"7";"0";"2";"0";"1";"1";""
"202100002426";"197Â 440";"C01";"1";"10";"0";"2";"4";"2";"1";""
"202100002426";"197Â 441";"D01";"1";"7";"0";"2";"1";"2";"1";""
"202100002427";"197Â 436";"B01";"1";"7";"0";"2";"2";"1";"0";""
"202100002427";"197Â 437";"A01";"2";"7";"0";"2";"3";"9";"1";""
"202100002428";"197Â 434";"Y01";"3";"50";"0";"2";"3";"19";"3";""
"202100002428";"197Â 435";"A01";"3";"7";"0";"2";"2";"16";"1";""
"202100002429";"197Â 433";"A01";"3";"7";"8";"0";"1";"14";"0";""
"202100002430";"197Â 430";"A01";"1";"50";"0";"0";"0";"25";"3";""
"202100002431";"197Â 427";"A01";"0";"7";"0";"2";"1";"9";"1";""
"202100002431";"197Â 428";"B01";"3";"33";"0";"2";"7";"1";"1";""
"202100002432";"197Â 424";"C01";"2";"7";"0";"2";"4";"2";"1";""
"202100002432";"197Â 425";"B01";"2";"7";"0";"2";"4";"2";"1";""
"202100002432";"197Â 426";"A01";"2";"7";"0";"2";"1";"9";"1";""
"202100002433";"197Â 422";"B01";"3";"7";"0";"2";"7";"1";"1";""
"202100002433";"197Â 423";"A01";"3";"7";"0";"2";"3";"9";"1";""
"202100002434";"197Â 420";"A01";"1";"7";"0";"2";"1";"15";"1";""
"202100002434";"197Â 421";"B01";"2";"2";"0";"2";"8";"1";"1";""
"202100002435";"197Â 418";"A01";"1";"32";"6";"2";"2";"17";"1";""
"202100002435";"197Â 419";"B01";"1";"7";"0";"2";"8";"15";"1";""
"202100002436";"197Â 416";"A01";"3";"7";"1";"2";"3";"18";"1";""
"202100002436";"197Â 417";"B01";"1";"7";"0";"2";"7";"16";"1";""
"202100002437";"197Â 414";"A01";"3";"30";"0";"2";"2";"1";"1";""
"202100002437";"197Â 415";"Z01";"3";"7";"0";"2";"3";"1";"0";""
"202100002438";"197Â 412";"B01";"1";"15";"0";"2";"1";"1";"1";""
"202100002438";"197Â 413";"A01";"1";"7";"0";"2";"3";"1";"1";""
"202100002439";"197Â 410";"B01";"1";"32";"0";"2";"7";"1";"1";""
"202100002439";"197Â 411";"Z01";"2";"7";"0";"2";"2";"5";"1";""
"202100002440";"197Â 409";"A01";"2";"10";" -1";"1";"4";"26";"1";""
"202100002441";"197Â 408";"A01";"2";"7";"4";"0";"2";"26";"1";""
"202100002442";"197Â 406";"A01";"3";"50";"0";"2";"1";"26";"3";""
"202100002442";"197Â 407";"B01";"3";"7";"0";"9";"4";"0";"1";""
"202100002443";"197Â 404";"A01";"2";"7";"0";"2";"3";"15";"1";""
"202100002443";"197Â 405";"B01";"1";"2";"0";"2";"3";"1";"1";""
"202100002444";"197Â 403";"A01";"1";"7";"0";"1";"2";"1";"1";""
"202100002445";"197Â 401";"A01";"3";"50";"0";"2";"8";"1";"3";""
"202100002445";"197Â 402";"B01";"2";"40";"0";"2";"3";"1";"3";""
"202100002446";"197Â 399";"B01";"3";"31";"0";"2";"1";"1";"1";""
"202100002446";"197Â 400";"A01";"3";"7";"0";"2";"2";"9";"1";""
"202100002447";"197Â 397";"A01";"2";"7";"0";"2";"2";"13";"1";""
"202100002447";"197Â 398";"B01";"1";"33";"0";"2";"1";"1";"1";""
"202100002448";"197Â 395";"B01";"2";"7";"0";"2";"3";"15";"1";""
"202100002448";"197Â 396";"A01";"1";"33";"0";"2";"2";"17";"1";""
"202100002449";"197Â 393";"A01";"2";"7";"0";"2";"8";"9";"1";""
"202100002449";"197Â 394";"B01";"2";"17";"0";"2";"1";"1";"1";""
"202100002450";"197Â 391";"B01";"3";"10";"0";"2";"8";"1";"1";""
"202100002450";"197Â 392";"A01";"3";"7";"0";"2";"8";"15";"1";""
"202100002451";"197Â 390";"A01";"1";"32";"0";"1";"2";"1";"1";""
"202100002452";"197Â 389";"A01";"2";"7";"0";"1";"3";"15";"1";""
"202100002453";"197Â 388";"A01";"2";"34";"0";"1";"1";"1";"1";""
"202100002454";"197Â 386";"B01";"2";"1";"0";"2";"8";"15";"5";""
"202100002454";"197Â 387";"A01";"2";"50";"0";"2";"2";"17";"3";""
"202100002455";"197Â 384";"B01";"1";"1";"0";"2";"1";"1";"5";""
"202100002455";"197Â 385";"A01";"1";"1";"0";"2";"7";"1";"5";""
"202100002456";"197Â 382";"Z01";"1";"7";"0";"2";"8";"10";"1";""
"202100002456";"197Â 383";"A01";"1";"33";"0";"2";"1";"1";"1";""
"202100002457";"197Â 381";"A01";"2";"7";"0";"1";"7";"1";"2";""
"202100002458";"197Â 379";"B01";"3";"7";"0";"2";"4";"23";"1";""
"202100002458";"197Â 380";"A01";"3";"30";"0";"2";"1";"18";"1";""
"202100002459";"197Â 378";"A01";"3";"7";"1";"0";"2";"14";"1";""
"202100002460";"197Â 376";"A01";"3";"10";"0";"2";"3";"15";"1";""
"202100002460";"197Â 377";"B01";"3";"33";"0";"2";"2";"1";"1";""
"202100002461";"197Â 374";"A01";"3";"1";"0";"2";"1";"1";"5";""
"202100002461";"197Â 375";"Z01";"3";"7";"0";"2";"5";"22";"0";""
"202100002462";"197Â 372";"Z01";"1";"7";"0";"2";"5";"12";"0";""
"202100002462";"197Â 373";"B01";"1";"2";"0";"2";"3";"1";"1";""
"202100002463";"197Â 370";"B01";"2";"1";"0";"2";"6";"11";"5";""
"202100002463";"197Â 371";"A01";"2";"7";"0";"2";"2";"1";"1";""
"202100002464";"197Â 368";"A01";"2";"30";"0";"2";"3";"1";"3";""
"202100002464";"197Â 369";"B01";"2";"80";"0";"2";"8";"1";"3";""
"202100002465";"197Â 367";"Z01";"1";"7";"0";"1";"1";"1";"0";""
"202100002466";"197Â 365";"A01";"3";"33";"0";"2";"2";"1";"1";""
"202100002466";"197Â 366";"B01";"3";"7";"0";"2";"5";"1";"1";""
"202100002467";"197Â 363";"B01";"2";"1";"0";"2";"1";"1";"5";""
"202100002467";"197Â 364";"A01";"1";"2";"0";"2";"3";"9";"1";""
"202100002468";"197Â 361";"B01";"1";"33";"0";"2";"0";"15";"1";""
"202100002468";"197Â 362";"A01";"1";"7";"0";"2";"3";"1";"2";""
"202100002469";"197Â 359";"B01";"2";"30";"0";"2";"1";"1";"1";""
"202100002469";"197Â 360";"A01";"1";"10";"0";"2";"3";"15";"1";""
"202100002470";"197Â 355";"A01";"1";"7";"0";"2";"8";"11";"1";""
"202100002470";"197Â 356";"B01";"1";"7";"0";"2";"7";"1";"2";""
"202100002470";"197Â 357";"C01";"1";"7";"0";"2";"4";"1";"1";""
"202100002470";"197Â 358";"D01";"1";"31";"0";"2";"4";"1";"1";""
"202100002471";"197Â 353";"A01";"3";"7";"0";"2";"2";"15";"1";""
"202100002471";"197Â 354";"B01";"3";"2";"0";"2";"1";"16";"1";""
"202100002472";"197Â 351";"B01";"1";"7";"0";"2";"1";"1";"1";""
"202100002472";"197Â 352";"A01";"2";"7";"0";"2";"1";"1";"1";""
"202100002473";"197Â 349";"A01";"1";"7";"8";"2";"1";"19";"1";""
"202100002473";"197Â 350";"B01";"1";"7";"0";"2";"1";"1";"1";""
"202100002474";"197Â 347";"A01";"1";"99";"0";"2";"1";"1";"3";""
"202100002474";"197Â 348";"B01";"1";"7";"0";"2";"3";"15";"1";""
"202100002475";"197Â 345";"B01";"3";"7";"0";"2";"1";"1";"1";""
"202100002475";"197Â 346";"A01";"3";"7";"1";"0";"1";"21";"1";""
"202100002476";"197Â 343";"B01";"1";"43";"0";"2";"1";"1";"1";""
"202100002476";"197Â 344";"A01";"1";"1";"0";"2";"1";"2";"5";""
"202100002477";"197Â 342";"A01";"1";"7";"1";"0";"2";"1";"2";""
"202100002478";"197Â 341";"A01";"2";"10";"0";"1";"7";"26";"1";""
"202100002479";"197Â 339";"B01";"2";"33";"0";"2";"1";"3";"1";""
"202100002479";"197Â 340";"A01";"1";"17";"0";"2";"1";"1";"1";""
"202100002480";"197Â 338";"A01";"3";"7";"0";"1";"3";"1";"2";""
"202100002481";"197Â 335";"A01";"3";"7";"0";"2";"1";"17";"1";""