"Num_Acc";"id_vehicule";"num_veh";"senc";"catv";"obs";"obsm";"choc";"manv";"motor";"occutc"
"202100002481";"197Â 336";"B01";"3";"7";"0";"2";"1";"1";"1";""
"202100002481";"197Â 337";"C01";"3";"37";"0";"2";"1";"1";"1";"3"
"202100002482";"197Â 334";"Z01";"2";"34";"0";"1";"0";"1";"1";""
"202100002483";"197Â 332";"B01";"2";"33";"0";"2";"2";"1";"1";""
"202100002483";"197Â 333";"A01";"2";"10";"0";"2";"3";"11";"1";""
"202100002484";"197Â 331";"A01";"1";"7";"2";"0";"9";"13";"1";""
"202100002485";"197Â 330";"A01";"1";"43";"4";"0";"2";"1";"1";""
"202100002486";"197Â 328";"A01";"2";"7";"0";"9";"3";"1";"3";""
"202100002486";"197Â 329";"B01";"2";"1";"0";"2";"1";"15";"5";""
"202100002487";"197Â 326";"A01";"1";"7";"0";"2";"2";"17";"1";""
"202100002487";"197Â 327";"B01";"1";"7";"0";"2";"2";"1";"1";""
"202100002488";"197Â 325";"A01";"1";"7";"13";"0";"3";"1";"1";""
"202100002489";"197Â 324";"A01";"2";"30";"6";"0";"0";"26";"1";""
"202100002490";"197Â 323";"A01";"2";"7";"0";"1";"2";"16";"1";""
"202100002491";"197Â 321";"B01";"1";"7";"0";"2";"1";"0";"1";""
"202100002491";"197Â 322";"A01";"1";"7";"4";"0";"3";"0";"1";""
"202100002492";"197Â 319";"B01";"2";"7";"0";"2";"3";"23";"1";""
"202100002492";"197Â 320";"A01";"2";"7";"0";"2";"1";"16";"1";""
"202100002493";"197Â 318";"A01";"1";"7";"13";"0";"3";"1";"1";""
"202100002494";"197Â 315";"A01";"2";"7";"0";"2";"2";"9";"1";""
"202100002494";"197Â 316";"B01";"2";"33";"0";"2";"1";"1";"1";""
"202100002494";"197Â 317";"C01";"2";"7";"0";"2";"3";"1";"1";""
"202100002495";"197Â 314";"A01";"1";"7";"6";"0";"0";"0";"1";""
"202100002496";"197Â 312";"B01";"1";"7";"0";"2";"8";"15";"1";""
"202100002496";"197Â 313";"A01";"2";"31";"0";"2";"7";"21";"1";""
"202100002497";"197Â 310";"A01";"1";"10";"0";"2";"2";"2";"1";""
"202100002497";"197Â 311";"B01";"1";"21";"0";"2";"6";"1";"1";""
"202100002498";"197Â 308";"B01";"2";"7";"0";"0";"0";"1";"1";""
"202100002498";"197Â 309";"A01";"1";"33";"13";"0";"2";"1";"1";""
"202100002499";"197Â 307";"A01";"1";"7";"0";"1";"1";"1";"1";""
"202100002500";"197Â 305";"B01";"3";"7";"2";"2";"3";"1";"0";""
"202100002500";"197Â 306";"A01";"3";"3";"0";"2";"3";"1";"0";""
"202100002501";"197Â 304";"A01";"1";"7";"15";"0";"1";"14";"6";""
"202100002502";"197Â 302";"A01";"0";"7";"0";"2";"1";"1";"1";""
"202100002502";"197Â 303";"B01";"0";"7";"0";"0";"4";"2";"1";""
"202100002503";"197Â 300";"A01";"2";"31";"0";"2";"1";"1";"1";""
"202100002503";"197Â 301";"B01";"2";"10";"0";"2";"4";"16";"1";""
"202100002504";"197Â 298";"A01";"2";"32";"0";"2";"1";"1";"1";""
"202100002504";"197Â 299";"B01";"2";"10";"0";"0";"6";"1";"1";""
"202100002505";"197Â 297";"A01";"1";"7";"0";"1";"1";"1";"1";""
"202100002506";"197Â 295";"A01";"2";"7";"0";"2";"3";"16";"1";""
"202100002506";"197Â 296";"B01";"2";"2";"0";"2";"1";"1";"1";""
"202100002507";"197Â 293";"A01";"3";"33";"0";"2";"1";"26";"1";""
"202100002507";"197Â 294";"B01";"3";"7";"0";"2";"1";"1";"1";""
"202100002508";"197Â 291";"A01";"1";"7";"0";"2";"1";"5";"1";""
"202100002508";"197Â 292";"B01";"2";"7";"0";"2";"1";"1";"1";""
"202100002509";"197Â 290";"A01";"1";"7";"2";"0";"3";"0";"1";""
"202100002510";"197Â 288";"A01";"3";"7";"0";"2";"1";"9";"1";""
"202100002510";"197Â 289";"B01";"3";"1";"0";"2";"1";"5";"5";""
"202100002511";"197Â 287";"A01";"3";"7";"6";"0";"9";"0";"1";""
"202100002512";"197Â 285";"B01";"2";"7";"0";"2";"2";"1";"1";""
"202100002512";"197Â 286";"A01";"1";"7";"0";"2";"2";"15";"1";""
"202100002513";"197Â 283";"B01";"2";"7";"0";"0";"6";"2";"1";""
"202100002513";"197Â 284";"A01";"2";"2";"0";"2";"1";"2";"1";""
"202100002514";"197Â 282";"A01";"1";"2";"0";"0";"0";"0";"1";""
"202100002515";"197Â 280";"B01";"2";"7";"0";"2";"1";"1";"1";""
"202100002515";"197Â 281";"A01";"1";"7";"0";"2";"1";"1";"1";""
"202100002516";"197Â 279";"A01";"2";"7";"0";"1";"1";"1";"1";""
"202100002517";"197Â 277";"B01";"2";"1";"0";"2";"4";"2";"5";""
"202100002517";"197Â 278";"A01";"2";"7";"0";"9";"2";"2";"1";""
"202100002518";"197Â 275";"B01";"1";"7";"0";"2";"3";"0";"1";""
"202100002518";"197Â 276";"A01";"2";"2";"0";"2";"1";"13";"1";""
"202100002519";"197Â 273";"B01";"2";"1";"0";"2";"1";"13";"5";""
"202100002519";"197Â 274";"A01";"1";"2";"0";"2";"1";"1";"1";""
"202100002520";"197Â 272";"A01";"1";"7";"0";"9";"1";"0";"1";""
"202100002521";"197Â 270";"B01";"2";"7";"0";"9";"3";"1";"1";""
"202100002521";"197Â 271";"A01";"1";"33";"0";"0";"1";"17";"1";""
"202100002522";"197Â 268";"B01";"1";"7";"0";"2";"1";"1";"1";""
"202100002522";"197Â 269";"A01";"2";"7";"0";"2";"7";"1";"1";""
"202100002523";"197Â 267";"A01";"1";"7";"6";"0";"1";"1";"1";""
"202100002524";"197Â 265";"A01";"2";"1";"0";"0";"6";"1";"5";""
"202100002524";"197Â 266";"B01";"2";"7";"0";"2";"2";"1";"1";""
"202100002525";"197Â 263";"B01";"2";"21";"0";"2";"2";"0";"1";""
"202100002525";"197Â 264";"A01";"1";"7";"0";"2";"1";"0";"1";""
"202100002526";"197Â 262";"A01";"1";"33";"0";"0";"7";"1";"1";""
"202100002527";"197Â 260";"A01";"1";"34";"0";"2";"1";"1";"1";""
"202100002527";"197Â 261";"B01";"2";"7";"0";"2";"5";"15";"1";""
"202100002528";"197Â 259";"A01";"2";"7";"13";"0";"2";"1";"1";""
"202100002529";"197Â 257";"B01";"1";"7";"0";"0";"0";"1";"1";""
"202100002529";"197Â 258";"A01";"1";"7";"0";"0";"0";"1";"1";""
"202100002530";"197Â 256";"A01";"2";"7";"2";"0";"1";"14";"1";""
"202100002531";"197Â 255";"A01";"0";"7";"6";"2";"2";"1";"1";""
"202100002532";"197Â 254";"A01";"1";"7";"6";"0";"2";"1";"1";""
"202100002533";"197Â 253";"A01";"1";"33";"12";"0";"1";"1";"1";""
"202100002534";"197Â 251";"A01";"2";"7";"0";"2";"1";"11";"1";""
"202100002534";"197Â 252";"B01";"1";"7";"0";"2";"1";"1";"1";""
"202100002535";"197Â 249";"B01";"1";"7";"0";"2";"2";"1";"1";""
"202100002535";"197Â 250";"A01";"1";"2";"0";"2";"1";"5";"1";""
"202100002536";"197Â 247";"B01";"3";"7";"0";"0";"1";"0";"1";""
"202100002536";"197Â 248";"A01";"3";"7";"0";"2";"1";"0";"1";""
"202100002537";"197Â 245";"A01";"1";"10";"0";"2";"1";"0";"1";""
"202100002537";"197Â 246";"B01";"2";"7";"0";"2";"2";"1";"1";""
"202100002538";"197Â 244";"A01";"2";"7";"6";"0";"1";"1";"1";""
"202100002539";"197Â 242";"A01";"1";"7";"0";"2";"1";"1";"1";""
"202100002539";"197Â 243";"B01";"2";"7";"0";"2";"1";"1";"1";""
"202100002540";"197Â 241";"A01";"1";"7";"6";"0";"2";"10";"1";""
"202100002541";"197Â 240";"A01";"2";"31";"3";"0";"0";"1";"1";""
"202100002542";"197Â 238";"A01";"3";"7";"0";"2";"3";"9";"1";""
"202100002542";"197Â 239";"B01";"3";"7";"0";"2";"3";"1";"1";""
"202100002543";"197Â 236";"A01";"2";"7";"0";"2";"1";"1";"1";""
"202100002543";"197Â 237";"B01";"1";"7";"0";"2";"1";"5";"1";""
"202100002544";"197Â 234";"B01";"1";"7";"0";"2";"3";"15";"1";""
"202100002544";"197Â 235";"A01";"1";"33";"0";"2";"1";"17";"1";""
"202100002545";"197Â 231";"C01";"0";"7";"0";"2";"2";"1";"1";""
"202100002545";"197Â 232";"B01";"2";"10";"0";"2";"1";"17";"1";""
"202100002545";"197Â 233";"A01";"1";"7";"0";"2";"1";"1";"1";""
"202100002546";"197Â 229";"A01";"1";"10";"0";"2";"7";"13";"1";""
"202100002546";"197Â 230";"B01";"2";"7";"0";"2";"1";"1";"1";""
"202100002547";"197Â 227";"B01";"0";"7";"0";"2";"1";"1";"1";""
"202100002547";"197Â 228";"A01";"0";"7";"0";"2";"1";"5";"1";""
"202100002548";"197Â 226";"A01";"1";"10";"0";"0";"0";"0";"1";""
"202100002549";"197Â 224";"B01";"1";"1";"0";"0";"4";"1";"5";""
"202100002549";"197Â 225";"A01";"1";"7";"0";"2";"2";"1";"1";""
"202100002550";"197Â 223";"A01";"1";"2";"0";"0";"0";"13";"1";""
"202100002551";"197Â 221";"B01";"2";"7";"0";"2";"4";"1";"1";""
"202100002551";"197Â 222";"A01";"2";"7";"0";"2";"1";"2";"1";""
"202100002552";"197Â 219";"A01";"1";"7";"0";"2";"3";"2";"1";""
"202100002552";"197Â 220";"B01";"1";"7";"0";"2";"6";"2";"1";""
"202100002553";"197Â 217";"B01";"2";"7";"0";"2";"4";"1";"1";""
"202100002553";"197Â 218";"A01";"2";"7";"0";"2";"1";"2";"1";""
"202100002554";"197Â 216";"A01";"1";"7";"14";"0";"1";"14";"1";""
"202100002555";"197Â 214";"B01";"1";"33";"0";"2";"1";"2";"1";""
"202100002555";"197Â 215";"A01";"1";"7";"0";"2";"4";"2";"1";""
"202100002556";"197Â 212";"A01";"2";"7";"0";"2";"3";"11";"1";""
"202100002556";"197Â 213";"B01";"2";"33";"0";"2";"7";"1";"1";""
"202100002557";"197Â 210";"B01";"1";"17";"0";"2";"4";"1";"1";""
"202100002557";"197Â 211";"A01";"1";"10";"0";"2";"1";"12";"1";""
"202100002558";"197Â 208";"A01";"2";"10";"0";"2";"0";"12";"1";""
"202100002558";"197Â 209";"B01";"2";"43";"0";"2";"6";"3";"1";""
"202100002559";"197Â 207";"A01";"1";"31";"0";"0";"0";"12";"3";""
"202100002560";"197Â 204";"Z01";"1";"0";"0";"2";"0";"0";"0";""
"202100002560";"197Â 205";"B01";"1";"10";"0";"2";"4";"2";"0";""
"202100002560";"197Â 206";"A01";"1";"10";"0";"2";"9";"2";"0";""
"202100002561";"197Â 203";"A01";"2";"7";"3";"0";"2";"1";"1";""
"202100002562";"197Â 201";"B01";"2";"7";"0";"2";"4";"1";"1";""
"202100002562";"197Â 202";"A01";"2";"33";"0";"2";"1";"11";"1";""
"202100002563";"197Â 200";"A01";"1";"31";"0";"2";"0";"0";"1";""
"202100002564";"197Â 197";"A01";"2";"7";"3";"0";"3";"11";"1";""
"202100002564";"197Â 198";"B01";"2";"7";"1";"0";"1";"12";"1";""
"202100002564";"197Â 199";"C01";"2";"7";"14";"0";"1";"12";"1";""
"202100002565";"197Â 196";"A01";"0";"7";"0";"1";"0";"14";"1";""
"202100002566";"197Â 194";"A01";"1";"7";"1";"9";"2";"16";"1";""
"202100002566";"197Â 195";"B01";"1";"1";"1";"2";"3";"1";"5";""
"202100002567";"197Â 193";"A01";"3";"7";"0";"1";"1";"1";"1";""
"202100002568";"197Â 192";"Z01";"2";"32";"0";"1";"0";"0";"0";""
"202100002569";"197Â 190";"B01";"2";"7";"0";"2";"8";"26";"1";""
"202100002569";"197Â 191";"A01";"1";"30";"0";"2";"1";"17";"1";""
"202100002570";"197Â 189";"A01";"3";"99";"0";"0";"0";"0";"1";""
"202100002571";"197Â 188";"A01";"1";"7";"0";"1";"1";"26";"1";""
"202100002572";"197Â 186";"A01";"1";"7";"0";"2";"2";"15";"1";""
"202100002572";"197Â 187";"B01";"2";"2";"0";"2";"8";"1";"1";""
"202100002573";"197Â 184";"B01";"2";"33";"0";"2";"7";"1";"1";""
"202100002573";"197Â 185";"A01";"1";"7";"0";"2";"1";"1";"1";""
"202100002574";"197Â 182";"B01";"2";"7";"0";"2";"1";"15";"1";""
"202100002574";"197Â 183";"A01";"1";"7";"0";"2";"3";"1";"1";""
"202100002575";"197Â 181";"A01";"1";"7";"1";"1";"5";"26";"1";""
"202100002576";"197Â 180";"A01";"3";"2";"16";"0";"0";"0";"0";""
"202100002577";"197Â 178";"B01";"1";"7";"0";"2";"6";"16";"1";""
"202100002577";"197Â 179";"A01";"1";"7";"0";"2";"1";"26";"1";""
"202100002578";"197Â 177";"A01";"1";"30";"0";"0";"8";"26";"0";""
"202100002579";"197Â 175";"A01";"2";"37";"0";"2";"3";"15";"0";"1"
"202100002579";"197Â 176";"B01";"3";"1";"0";"2";"1";"19";"6";""
"202100002580";"197Â 173";"B01";"2";"7";"0";"2";"1";"15";"1";""
"202100002580";"197Â 174";"A01";"2";"1";"0";"2";"1";"13";"5";""
"202100002581";"197Â 171";"B01";"1";"7";"0";"2";"4";"2";"1";""
"202100002581";"197Â 172";"A01";"1";"31";"14";"0";"1";"2";"1";""
"202100002582";"197Â 169";"A01";"1";"7";"0";"2";"1";"26";"0";""
"202100002582";"197Â 170";"B01";"1";"7";"0";"2";"4";"1";"2";""
"202100002583";"197Â 166";"C01";"1";"7";"0";"2";"4";"11";"1";""
"202100002583";"197Â 167";"B01";"1";"10";"0";"2";"1";"2";"1";""
"202100002583";"197Â 168";"A01";"1";"10";"0";"2";"1";"1";"1";""
"202100002584";"197Â 164";"B01";"2";"7";"0";"2";"7";"1";"1";""
"202100002584";"197Â 165";"A01";"3";"7";"0";"2";"3";"15";"1";""
"202100002585";"197Â 162";"B01";"1";"1";"0";"2";"3";"19";"0";""
"202100002585";"197Â 163";"A01";"1";"7";"0";"9";"3";"15";"1";""
"202100002586";"197Â 161";"A01";"2";"7";"0";"1";"2";"26";"1";""
"202100002587";"197Â 160";"A01";"2";"32";"0";"0";"0";"1";"1";""
"202100002588";"197Â 158";"B01";"2";"33";"0";"2";"7";"3";"1";""
"202100002588";"197Â 159";"A01";"1";"13";"0";"2";"2";"15";"1";""
"202100002589";"197Â 155";"C01";"3";"10";"1";"2";"4";"2";"1";""
"202100002589";"197Â 156";"B01";"1";"2";"0";"2";"4";"2";"1";""
"202100002589";"197Â 157";"A01";"1";"7";"1";"2";"1";"2";"3";""
"202100002590";"197Â 153";"B01";"1";"39";"0";"2";"0";"0";"6";""
"202100002590";"197Â 154";"A01";"1";"30";"0";"4";"1";"1";"1";""
"202100002591";"197Â 151";"A01";"0";"7";"0";"1";"1";"18";"1";""
"202100002591";"197Â 152";"B01";"0";"7";"0";"2";"2";"1";"1";""
"202100002592";"197Â 150";"A01";"2";"7";"13";"0";"9";"2";"1";""
"202100002593";"197Â 148";"A01";"3";"7";"0";"2";"3";"14";"1";""
"202100002593";"197Â 149";"B01";"3";"7";"0";"2";"5";"11";"1";""
"202100002594";"197Â 145";"A01";"0";"7";"0";"2";"1";"1";"1";""
"202100002594";"197Â 146";"B01";"0";"7";"0";"2";"1";"1";"1";""
"202100002594";"197Â 147";"C01";"0";"7";"0";"2";"1";"15";"1";""
"202100002595";"197Â 144";"A01";"2";"7";"0";"1";"3";"26";"1";""
"202100002596";"197Â 141";"A01";"2";"7";"0";"2";"4";"23";"1";""
"202100002596";"197Â 142";"B01";"2";"7";"0";"2";"4";"23";"1";""
"202100002596";"197Â 143";"Z01";"2";"7";"0";"2";"1";"26";"1";""
"202100002597";"197Â 139";"A01";"3";"1";"0";"2";"1";"1";"5";""
"202100002597";"197Â 140";"B01";"1";"7";"0";"9";"3";"15";"1";""
"202100002598";"197Â 137";"A01";"2";"10";"1";"0";"1";"7";"1";""
"202100002598";"197Â 138";"B01";"1";"2";"0";"2";"7";"15";"1";""
"202100002599";"197Â 135";"A01";"3";"7";"0";"9";"3";"9";"0";""
"202100002599";"197Â 136";"B01";"3";"3";"0";"2";"2";"1";"6";""
"202100002600";"197Â 133";"A01";"1";"7";"0";"2";"7";"9";"1";""
"202100002600";"197Â 134";"B01";"1";"31";"0";"2";"8";"9";"1";""
"202100002601";"197Â 131";"A01";"1";"7";"0";"2";"2";"1";"1";""
"202100002601";"197Â 132";"B01";"2";"1";"0";"2";"2";"5";"5";""
"202100002602";"197Â 130";"A01";"1";"10";"0";"1";"4";"20";"1";""
"202100002603";"197Â 128";"A01";"1";"2";"0";"2";"2";"1";"1";""
"202100002603";"197Â 129";"B01";"3";"7";"0";"2";"3";"9";"1";""
"202100002604";"197Â 126";"A01";"3";"33";"0";"0";"0";"11";"1";""
"202100002604";"197Â 127";"B01";"3";"10";"0";"0";"0";"1";"1";""
"202100002605";"197Â 124";"A01";"1";"37";"0";"2";"2";"13";"1";"1"
"202100002605";"197Â 125";"B01";"1";"1";"0";"2";"6";"0";"5";""
"202100002606";"197Â 123";"A01";"2";"50";"0";"1";"1";"7";"3";""
"202100002607";"197Â 121";"A01";"1";"1";"0";"2";"3";"19";"5";""
"202100002607";"197Â 122";"B01";"1";"7";"0";"2";"2";"1";"1";""
"202100002608";"197Â 120";"A01";"1";"7";"13";"0";"1";"14";"1";""
"202100002609";"197Â 118";"A01";"1";"7";"0";"2";"7";"19";"1";""
"202100002609";"197Â 119";"B01";"1";"10";"0";"2";"1";"1";"1";""
"202100002610";"197Â 116";"B01";"1";"1";"0";"2";"3";"2";"0";""
"202100002610";"197Â 117";"A01";"1";"7";"0";"2";"2";"0";"0";""
"202100002611";"197Â 114";"A01";"1";"7";"0";"0";"0";"15";"1";""
"202100002611";"197Â 115";"B01";"1";"33";"0";"0";"7";"1";"1";""
"202100002612";"197Â 112";"B01";"1";"3";"0";"2";"1";"1";"1";""
"202100002612";"197Â 113";"A01";"1";"10";"0";"2";"2";"1";"1";""
"202100002613";"197Â 110";"A01";"1";"7";"0";"2";"1";"1";"1";""
"202100002613";"197Â 111";"B01";"1";"7";"0";"2";"4";"1";"1";""
"202100002614";"197Â 108";"A01";"1";"7";"0";"2";"7";"14";"1";""
"202100002614";"197Â 109";"B01";"1";"1";"0";"2";"0";"1";"5";""
"202100002615";"197Â 107";"A01";"2";"7";"0";"1";"2";"1";"1";""
"202100002616";"197Â 106";"B01";"2";"33";"0";"2";"4";"2";"1";""
"202100002617";"197Â 104";"A01";"3";"1";"0";"2";"9";"19";"5";""
"202100002617";"197Â 105";"B01";"3";"33";"0";"2";"1";"1";"1";""
"202100002618";"197Â 102";"A01";"1";"10";"0";"2";"1";"1";"1";""
"202100002618";"197Â 103";"B01";"1";"7";"0";"2";"5";"15";"1";""
"202100002619";"197Â 100";"A01";"2";"7";"0";"2";"5";"16";"1";""
"202100002619";"197Â 101";"B01";"2";"50";"0";"2";"8";"1";"3";""
"202100002620";"197Â 099";"A01";"2";"37";"8";"0";"1";"13";"1";"1"
"202100002621";"197Â 097";"A01";"1";"7";"0";"2";"3";"15";"1";""
"202100002621";"197Â 098";"B01";"2";"1";"0";"2";"8";"1";"5";""
"202100002622";"197Â 093";"A01";"3";"7";"2";"2";"2";"21";"1";""
"202100002622";"197Â 094";"B01";"3";"37";"0";"2";"7";"12";"1";"1"
"202100002623";"197Â 091";"A01";"0";"7";"0";"2";"2";"26";"1";""
"202100002623";"197Â 092";"B01";"1";"30";"0";"2";"1";"1";"1";""
"202100002624";"197Â 089";"A01";"0";"7";"0";"2";"1";"1";"1";""
"202100002624";"197Â 090";"B01";"0";"31";"0";"2";"7";"15";"1";""
"202100002625";"197Â 088";"A01";"3";"7";"1";"0";"1";"1";"1";""
"202100002626";"197Â 086";"B01";"1";"7";"0";"2";"2";"15";"1";""
"202100002626";"197Â 087";"A01";"2";"33";"0";"2";"1";"1";"1";""
"202100002627";"197Â 085";"A01";"3";"7";"0";"1";"3";"15";"1";""
"202100002628";"197Â 083";"A01";"2";"7";"0";"2";"3";"15";"1";""
"202100002628";"197Â 084";"B01";"2";"7";"0";"2";"2";"1";"1";""
"202100002629";"197Â 081";"B01";"0";"2";"0";"2";"8";"1";"1";""
"202100002629";"197Â 082";"A01";"0";"7";"0";"2";"1";"15";"1";""
"202100002630";"197Â 080";"A01";"0";"7";"0";"1";"2";"1";"1";""
"202100002631";"197Â 075";"E01";"3";"7";"0";"2";"1";"1";"1";""
"202100002631";"197Â 076";"D01";"3";"7";"0";"2";"4";"1";"1";""
"202100002631";"197Â 077";"C01";"3";"7";"0";"2";"4";"1";"1";""
"202100002631";"197Â 078";"B01";"3";"7";"0";"2";"4";"2";"1";""
"202100002631";"197Â 079";"A01";"0";"7";"0";"2";"1";"9";"1";""
"202100002632";"197Â 074";"A01";"0";"7";"0";"1";"4";"4";"1";""
"202100002633";"197Â 072";"A01";"0";"7";"0";"2";"3";"9";"1";""
"202100002633";"197Â 073";"B01";"0";"33";"1";"2";"2";"17";"1";""
"202100002634";"197Â 071";"A01";"3";"30";"14";"0";"0";"15";"1";""
"202100002635";"197Â 069";"A01";"2";"32";"0";"2";"1";"13";"1";""
"202100002635";"197Â 070";"B01";"1";"7";"0";"2";"1";"1";"1";""
"202100002636";"197Â 068";"A01";"1";"7";"0";"1";"3";"1";"2";""
"202100002637";"197Â 066";"B01";"1";"33";"0";"2";"8";"3";"1";""
"202100002637";"197Â 067";"A01";"1";"7";"0";"2";"7";"12";"1";""
"202100002638";"197Â 063";"A01";"2";"32";"0";"2";"3";"3";"1";""
"202100002638";"197Â 064";"B01";"2";"7";"0";"2";"8";"1";"1";""
"202100002638";"197Â 065";"Z01";"2";"7";"0";"2";"2";"12";"0";""
"202100002639";"197Â 061";"A01";"1";"7";"0";"2";"2";"12";"1";""
"202100002639";"197Â 062";"B01";"1";"33";"0";"2";"8";"3";"1";""
"202100002640";"197Â 060";"A01";"1";"30";"8";"0";"1";"18";"1";""
"202100002641";"197Â 059";"A01";"2";"43";"0";"1";"2";"1";"1";""
"202100002642";"197Â 057";"B01";"3";"43";"0";"2";"4";"1";"1";""
"202100002642";"197Â 058";"A01";"3";"7";"0";"2";"1";"1";"3";""
"202100002643";"197Â 055";"A01";"1";"7";"0";"2";"4";"4";"1";""
"202100002643";"197Â 056";"B01";"1";"50";"0";"2";"1";"1";"3";""
"202100002644";"197Â 054";"A01";"1";"32";"0";"1";"1";"1";"1";""
"202100002645";"197Â 053";"A01";"1";"7";"7";"0";"1";"14";"1";""
"202100002646";"197Â 052";"A01";"2";"1";"0";"0";"1";"21";"5";""
"202100002647";"197Â 050";"B01";"1";"2";"0";"2";"1";"17";"1";""
"202100002647";"197Â 051";"A01";"2";"7";"0";"2";"3";"11";"1";""
"202100002648";"197Â 049";"A01";"3";"30";"12";"0";"0";"14";"3";""
"202100002649";"197Â 047";"A01";"2";"7";"0";"2";"2";"14";"0";""
"202100002649";"197Â 048";"B01";"2";"1";"0";"2";"8";"1";"5";""
"202100002650";"197Â 045";"B01";"1";"50";"0";"2";"6";"13";"3";""
"202100002650";"197Â 046";"A01";"1";"43";"0";"2";"2";"17";"1";""
"202100002651";"197Â 043";"A01";"1";"7";"0";"2";"2";"1";"1";""
"202100002651";"197Â 044";"B01";"2";"7";"0";"2";"3";"1";"1";""
"202100002652";"197Â 042";"A01";"3";"7";"0";"1";"1";"1";"1";""
"202100002653";"197Â 041";"A01";"3";"7";"0";"1";"2";"17";"1";""
"202100002654";"197Â 040";"A01";"3";"7";"14";"2";"2";"17";"1";""
"202100002655";"197Â 038";"A01";"1";"33";"12";"2";"1";"2";"1";""
"202100002655";"197Â 039";"B01";"1";"7";"12";"2";"4";"17";"1";""
"202100002656";"197Â 036";"B01";"2";"7";"0";"2";"8";"1";"1";""
"202100002656";"197Â 037";"A01";"2";"30";"0";"2";"7";"17";"0";""
"202100002657";"197Â 033";"C01";"1";"2";"15";"0";"4";"23";"1";""
"202100002657";"197Â 034";"B01";"1";"33";"15";"0";"4";"23";"1";""
"202100002657";"197Â 035";"A01";"1";"7";"0";"2";"1";"26";"1";""
"202100002658";"197Â 031";"B01";"1";"7";"0";"2";"3";"1";"1";""
"202100002658";"197Â 032";"A01";"1";"32";"0";"1";"2";"1";"1";""
"202100002659";"197Â 029";"A01";"2";"7";"0";"2";"3";"1";"1";""
"202100002659";"197Â 030";"B01";"1";"7";"0";"2";"5";"1";"1";""
"202100002660";"197Â 026";"C01";"1";"7";"0";"2";"4";"26";"1";""
"202100002660";"197Â 027";"B01";"1";"7";"0";"2";"4";"26";"1";""
"202100002660";"197Â 028";"A01";"3";"7";"0";"2";"1";"26";"1";""
"202100002661";"197Â 025";"A01";"1";"7";"1";"0";"1";"1";"1";""
"202100002662";"197Â 023";"B01";"0";"7";"0";"2";"8";"10";"1";""
"202100002662";"197Â 024";"A01";"0";"31";"0";"2";"2";"26";"1";""
"202100002663";"197Â 022";"A01";"2";"50";"0";"1";"2";"21";"3";""
"202100002664";"197Â 021";"B01";"1";"7";"0";"1";"1";"2";"2";""
"202100002665";"197Â 019";"A01";"3";"7";"0";"2";"5";"20";"1";""
"202100002665";"197Â 020";"B01";"2";"1";"0";"2";"1";"1";"5";""
"202100002666";"197Â 017";"B01";"0";"15";"0";"2";"6";"1";"1";""
"202100002666";"197Â 018";"A01";"0";"7";"0";"2";"1";"15";"1";""
"202100002667";"197Â 011";"A01";"2";"7";"7";"0";"1";"0";"1";""
"202100002668";"197Â 009";"A01";"2";"10";"0";"2";"0";"11";"1";""
"202100002668";"197Â 010";"B01";"1";"2";"0";"2";"0";"1";"1";""
"202100002669";"197Â 006";"A01";"1";"7";"2";"0";"0";"1";"1";""
"202100002670";"197Â 005";"A01";"2";"7";"0";"1";"2";"1";"1";""
"202100002671";"197Â 003";"B01";"1";"10";"0";"2";"1";"13";"1";""
"202100002671";"197Â 004";"A01";"2";"7";"0";"2";"1";"1";"1";""
"202100002672";"197Â 001";"B01";"1";"7";"0";"2";"7";"19";"1";""
"202100002672";"197Â 002";"A01";"2";"14";"0";"2";"3";"1";"1";""
"202100002673";"196Â 999";"A01";"1";"7";"0";"2";"3";"0";"1";""
"202100002673";"197Â 000";"B01";"2";"7";"0";"2";"3";"0";"1";""
"202100002674";"196Â 995";"A01";"2";"7";"0";"2";"1";"5";"1";""
"202100002674";"196Â 996";"B01";"1";"10";"0";"0";"1";"1";"1";""
"202100002674";"196Â 997";"C01";"1";"7";"0";"2";"2";"1";"1";""
"202100002675";"196Â 994";"A01";"1";"7";"0";"0";"9";"1";"1";""
"202100002676";"196Â 991";"A01";"2";"7";"0";"2";"1";"0";"1";""
"202100002676";"196Â 992";"B01";"1";"7";"0";"2";"1";"1";"1";""
"202100002676";"196Â 993";"C01";"1";"7";"16";"0";"3";"1";"1";""
"202100002677";"196Â 990";"A01";"1";"7";"12";"0";"2";"15";"2";""
"202100002678";"196Â 989";"A01";"1";"7";"1";"0";"1";"13";"1";""
"202100002679";"196Â 988";"A01";"1";"7";"13";"0";"9";"14";"1";""
"202100002680";"196Â 986";"A01";"3";"2";"0";"2";"1";"0";"1";""
"202100002680";"196Â 987";"B01";"3";"7";"0";"0";"8";"15";"1";""
"202100002681";"196Â 985";"A01";"2";"10";"0";"1";"2";"1";"1";""
"202100002682";"196Â 982";"A01";"1";"7";"0";"0";"4";"15";"1";""
"202100002682";"196Â 983";"B01";"1";"7";"0";"2";"4";"1";"1";""
"202100002682";"196Â 984";"C01";"1";"7";"0";"2";"1";"1";"1";""
"202100002683";"196Â 980";"B01";"3";"1";"0";"2";"2";"9";"0";""
"202100002683";"196Â 981";"A01";"2";"7";"0";"9";"3";"9";"1";""