"Num_Acc";"id_vehicule";"num_veh";"senc";"catv";"obs";"obsm";"choc";"manv";"motor";"occutc"
"202100002684";"196Â 976";"A01";"1";"10";"0";"2";"3";"1";"1";""
"202100002684";"196Â 977";"B01";"2";"7";"0";"2";"3";"1";"1";""
"202100002685";"196Â 974";"A01";"1";"7";"0";"2";"3";"19";"1";""
"202100002685";"196Â 975";"B01";"2";"2";"0";"2";"1";"1";"1";""
"202100002686";"196Â 973";"A01";"2";"7";"13";"0";"2";"1";"1";""
"202100002687";"196Â 972";"A01";"2";"2";"0";"0";"0";"26";"1";""
"202100002688";"196Â 971";"A01";"1";"7";"6";"0";"1";"1";"1";""
"202100002689";"196Â 970";"A01";"0";"7";"2";"0";"0";"4";"1";""
"202100002690";"196Â 968";"A01";"1";"7";"0";"2";"1";"17";"1";""
"202100002690";"196Â 969";"B01";"2";"7";"0";"2";"1";"1";"1";""
"202100002691";"196Â 967";"A01";"3";"7";"2";"0";"3";"1";"1";""
"202100002692";"196Â 965";"B01";"1";"31";"0";"2";"1";"1";"1";""
"202100002692";"196Â 966";"A01";"1";"7";"0";"2";"7";"19";"3";""
"202100002693";"196Â 964";"A01";"2";"7";"13";"0";"3";"1";"3";""
"202100002694";"196Â 962";"B01";"1";"10";"0";"0";"5";"2";"1";""
"202100002694";"196Â 963";"A01";"1";"7";"9";"2";"9";"2";"1";""
"202100002695";"196Â 956";"A01";"1";"32";"12";"2";"3";"17";"1";""
"202100002695";"196Â 957";"B01";"1";"7";"0";"2";"3";"15";"1";""
"202100002696";"196Â 954";"B01";"1";"2";"0";"0";"1";"0";"1";""
"202100002696";"196Â 955";"A01";"2";"7";"0";"0";"3";"1";"1";""
"202100002697";"196Â 949";"A01";"2";"7";"0";"0";"4";"23";"1";""
"202100002697";"196Â 950";"B01";"2";"7";"0";"2";"4";"23";"1";""
"202100002697";"196Â 951";"C01";"2";"33";"0";"2";"4";"23";"1";""
"202100002697";"196Â 952";"D01";"2";"7";"0";"2";"1";"1";"1";""
"202100002697";"196Â 953";"E01";"1";"7";"0";"2";"3";"1";"1";""
"202100002698";"196Â 947";"A01";"1";"7";"0";"2";"2";"2";"1";""
"202100002698";"196Â 948";"B01";"1";"33";"0";"0";"4";"1";"1";""
"202100002699";"196Â 946";"A01";"1";"7";"13";"0";"1";"13";"1";""
"202100002700";"196Â 944";"A01";"2";"7";"0";"2";"1";"13";"1";""
"202100002700";"196Â 945";"B01";"1";"7";"0";"2";"1";"1";"1";""
"202100002701";"196Â 942";"A01";"1";"7";"0";"2";"1";"2";"1";""
"202100002701";"196Â 943";"B01";"1";"13";"0";"2";"4";"2";"1";""
"202100002702";"196Â 940";"A01";"1";"7";"0";"2";"5";"9";"1";""
"202100002702";"196Â 941";"B01";"1";"34";"0";"2";"3";"2";"1";""
"202100002703";"196Â 939";"A01";"1";"33";"0";"6";"1";"1";"1";""
"202100002704";"196Â 937";"A01";"0";"7";"0";"2";"1";"9";"1";""
"202100002704";"196Â 938";"B01";"1";"31";"0";"2";"1";"1";"1";""
"202100002705";"196Â 936";"A01";"3";"21";"0";"0";"0";"1";"1";""
"202100002706";"196Â 934";"B01";"1";"10";"0";"0";"4";"23";"1";""
"202100002706";"196Â 935";"A01";"1";"10";"1";"0";"1";"0";"1";""
"202100002707";"196Â 933";"A01";"2";"7";"2";"0";"8";"1";"1";""
"202100002708";"196Â 932";"A01";"2";"7";"8";"0";"8";"1";"1";""
"202100002709";"196Â 931";"A01";"1";"7";"0";"1";"1";"1";"1";""
"202100002710";"196Â 929";"B01";"3";"80";"0";"0";"8";"17";"3";""
"202100002710";"196Â 930";"A01";"3";"7";"0";"9";"3";"1";"1";""
"202100002711";"196Â 927";"A01";"2";"31";"0";"2";"1";"15";"1";""
"202100002711";"196Â 928";"B01";"1";"10";"0";"2";"2";"1";"1";""
"202100002712";"196Â 926";"A01";"1";"7";"0";"1";"1";"15";"1";""
"202100002713";"196Â 924";"A01";"2";"10";"0";"2";"4";"0";"1";""
"202100002713";"196Â 925";"B01";"2";"7";"0";"2";"1";"0";"1";""
"202100002714";"196Â 919";"B01";"2";"7";"0";"2";"3";"1";"1";""
"202100002714";"196Â 920";"A01";"2";"7";"0";"2";"3";"2";"1";""
"202100002715";"196Â 917";"A01";"2";"7";"0";"2";"4";"2";"1";""
"202100002715";"196Â 918";"B01";"2";"7";"0";"2";"1";"2";"1";""
"202100002716";"196Â 915";"A01";"1";"7";"3";"0";"5";"1";"1";""
"202100002716";"196Â 916";"B01";"1";"7";"0";"2";"3";"9";"1";""
"202100002717";"196Â 914";"A01";"1";"7";"13";"0";"0";"1";"1";""
"202100002718";"196Â 912";"A01";"2";"7";"0";"2";"1";"0";"1";""
"202100002718";"196Â 913";"B01";"2";"7";"0";"2";"0";"0";"1";""
"202100002719";"196Â 910";"B01";"2";"7";"0";"2";"4";"2";"1";""
"202100002719";"196Â 911";"A01";"2";"7";"0";"2";"1";"2";"1";""
"202100002720";"196Â 908";"B01";"1";"15";"0";"2";"4";"1";"1";""
"202100002720";"196Â 909";"A01";"1";"10";"0";"2";"1";"2";"1";""
"202100002721";"196Â 905";"C01";"2";"15";"0";"2";"4";"2";"1";""
"202100002721";"196Â 906";"B01";"2";"7";"0";"2";"4";"2";"1";""
"202100002721";"196Â 907";"A01";"2";"7";"0";"2";"1";"2";"1";""
"202100002722";"196Â 903";"A01";"1";"7";"0";"2";"8";"11";"1";""
"202100002722";"196Â 904";"B01";"1";"33";"0";"2";"7";"1";"1";""
"202100002723";"196Â 902";"A01";"1";"32";"0";"0";"9";"9";"1";""
"202100002724";"196Â 900";"A01";"1";"7";"3";"2";"2";"11";"1";""
"202100002724";"196Â 901";"B01";"1";"7";"3";"0";"6";"1";"1";""
"202100002725";"196Â 899";"A01";"1";"33";"0";"0";"9";"3";"1";""
"202100002726";"196Â 897";"A01";"1";"31";"0";"2";"1";"9";"1";""
"202100002726";"196Â 898";"B01";"1";"15";"0";"2";"5";"1";"1";""
"202100002727";"196Â 896";"A01";"1";"7";"0";"1";"2";"1";"1";""
"202100002728";"196Â 894";"A01";"2";"2";"0";"2";"3";"2";"0";""
"202100002728";"196Â 895";"B01";"2";"7";"0";"0";"0";"0";"1";""
"202100002729";"196Â 892";"B01";"1";"7";"6";"2";"1";"21";"1";""
"202100002729";"196Â 893";"A01";"1";"7";"0";"2";"2";"19";"1";""
"202100002730";"196Â 890";"A01";"2";"7";"0";"2";"3";"15";"1";""
"202100002730";"196Â 891";"B01";"1";"2";"0";"2";"4";"8";"1";""
"202100002731";"196Â 888";"A01";"2";"2";"0";"2";"1";"1";"1";""
"202100002731";"196Â 889";"B01";"2";"7";"0";"9";"5";"16";"1";""
"202100002732";"196Â 886";"A01";"1";"7";"0";"2";"2";"15";"1";""
"202100002732";"196Â 887";"B01";"1";"2";"0";"2";"1";"1";"1";""
"202100002733";"196Â 884";"A01";"2";"7";"0";"2";"5";"15";"1";""
"202100002733";"196Â 885";"B01";"2";"1";"0";"2";"0";"0";"0";""
"202100002734";"196Â 882";"A01";"2";"33";"0";"2";"0";"21";"1";""
"202100002734";"196Â 883";"B01";"1";"7";"0";"2";"0";"9";"1";""
"202100002735";"196Â 880";"A01";"2";"34";"0";"2";"1";"3";"1";""
"202100002735";"196Â 881";"B01";"2";"7";"0";"2";"7";"1";"1";""
"202100002736";"196Â 879";"A01";"1";"7";"0";"1";"1";"19";"1";""
"202100002737";"196Â 878";"A01";"3";"3";"15";"0";"1";"1";"1";""
"202100002738";"196Â 876";"A01";"1";"7";"0";"2";"4";"19";"0";""
"202100002738";"196Â 877";"Y01";"1";"50";"0";"2";"1";"1";"3";""
"202100002739";"196Â 873";"A01";"1";"7";"0";"2";"1";"1";"1";""
"202100002739";"196Â 874";"B01";"1";"7";"0";"2";"4";"1";"1";""
"202100002739";"196Â 875";"C01";"1";"7";"0";"2";"4";"1";"1";""
"202100002740";"196Â 870";"Z01";"1";"7";"0";"1";"1";"26";"0";""
"202100002741";"196Â 868";"A01";"1";"7";"0";"2";"5";"15";"1";""
"202100002741";"196Â 869";"B01";"1";"2";"0";"2";"1";"1";"1";""
"202100002742";"196Â 867";"A01";"0";"10";"0";"1";"4";"20";"1";""
"202100002743";"196Â 863";"A01";"2";"33";"0";"2";"1";"11";"1";""
"202100002743";"196Â 864";"B01";"0";"7";"0";"0";"6";"13";"1";""
"202100002744";"196Â 861";"A01";"1";"1";"0";"2";"1";"5";"0";""
"202100002744";"196Â 862";"B01";"2";"7";"0";"2";"2";"1";"1";""
"202100002745";"196Â 859";"B01";"0";"7";"0";"2";"1";"1";"1";""
"202100002745";"196Â 860";"A01";"0";"7";"0";"2";"1";"15";"1";""
"202100002746";"196Â 857";"A01";"3";"7";"0";"2";"3";"9";"1";""
"202100002746";"196Â 858";"B01";"3";"7";"0";"2";"1";"1";"1";""
"202100002747";"196Â 856";"A01";"0";"7";"0";"1";"1";"1";"1";""
"202100002748";"196Â 854";"A01";"3";"7";"0";"2";"1";"15";"0";""
"202100002748";"196Â 855";"B01";"3";"50";"0";"2";"8";"1";"3";""
"202100002749";"196Â 853";"A01";"1";"40";"0";"1";"1";"1";"3";""
"202100002750";"196Â 851";"A01";"3";"7";"0";"2";"3";"9";"3";""
"202100002750";"196Â 852";"B01";"2";"30";"0";"2";"1";"1";"1";""
"202100002751";"196Â 849";"B01";"2";"2";"0";"2";"2";"1";"1";""
"202100002751";"196Â 850";"A01";"1";"7";"0";"2";"3";"10";"1";""
"202100002752";"196Â 848";"A01";"1";"7";"0";"1";"1";"1";"1";""
"202100002753";"196Â 847";"A01";"1";"7";"0";"1";"1";"1";"1";""
"202100002754";"196Â 845";"B01";"2";"33";"0";"2";"1";"1";"1";""
"202100002754";"196Â 846";"A01";"1";"7";"0";"2";"2";"13";"1";""
"202100002755";"196Â 843";"B01";"0";"7";"0";"2";"1";"16";"1";""
"202100002755";"196Â 844";"A01";"0";"50";"0";"2";"1";"1";"3";""
"202100002756";"196Â 841";"B01";"1";"1";"0";"2";"1";"15";"5";""
"202100002756";"196Â 842";"A01";"2";"7";"0";"2";"3";"9";"1";""
"202100002757";"196Â 839";"A01";"1";"7";"0";"9";"1";"1";"1";""
"202100002757";"196Â 840";"B01";"2";"1";"0";"2";"8";"19";"5";""
"202100002758";"196Â 837";"B01";"3";"7";"14";"2";"4";"23";"6";""
"202100002758";"196Â 838";"A01";"0";"7";"0";"2";"1";"2";"0";""
"202100002759";"196Â 836";"A01";"0";"7";"0";"1";"2";"9";"1";""
"202100002760";"196Â 835";"A01";"0";"7";"9";"0";"9";"1";"1";""
"202100002761";"196Â 834";"A01";"0";"7";"0";"0";"1";"13";"1";""
"202100002762";"196Â 832";"A01";"1";"7";"0";"2";"2";"15";"1";""
"202100002762";"196Â 833";"B01";"1";"7";"0";"2";"8";"14";"3";""
"202100002763";"196Â 830";"B01";"0";"7";"0";"2";"6";"1";"1";""
"202100002763";"196Â 831";"A01";"3";"7";"12";"0";"7";"1";"1";""
"202100002764";"196Â 828";"B01";"1";"7";"0";"2";"6";"26";"1";""
"202100002764";"196Â 829";"A01";"1";"7";"0";"2";"1";"2";"1";""
"202100002765";"196Â 826";"A01";"3";"7";"0";"2";"3";"10";"1";""
"202100002765";"196Â 827";"B01";"3";"33";"0";"2";"7";"1";"1";""
"202100002766";"196Â 822";"Z01";"2";"7";"0";"2";"3";"1";"0";""
"202100002766";"196Â 823";"A01";"2";"50";"0";"2";"1";"1";"3";""
"202100002767";"196Â 820";"B01";"3";"1";"0";"2";"1";"1";"5";""
"202100002767";"196Â 821";"A01";"3";"7";"0";"2";"3";"15";"1";""
"202100002768";"196Â 818";"B01";"2";"1";"0";"2";"8";"1";"5";""
"202100002768";"196Â 819";"A01";"1";"7";"0";"2";"3";"15";"1";""
"202100002769";"196Â 815";"A01";"1";"7";"0";"1";"1";"1";"1";""
"202100002770";"196Â 814";"A01";"1";"13";"0";"1";"1";"26";"1";""
"202100002771";"196Â 812";"B01";"2";"7";"0";"2";"2";"1";"1";""
"202100002771";"196Â 813";"A01";"2";"7";"0";"2";"3";"10";"1";""
"202100002772";"196Â 810";"A01";"1";"7";"0";"2";"8";"1";"1";""
"202100002772";"196Â 811";"B01";"1";"33";"0";"0";"7";"1";"1";""
"202100002773";"196Â 808";"B01";"2";"7";"0";"2";"3";"1";"1";""
"202100002773";"196Â 809";"A01";"1";"7";"0";"2";"3";"15";"1";""
"202100002774";"196Â 807";"A01";"3";"7";"0";"1";"8";"1";"2";""
"202100002775";"196Â 805";"A01";"3";"7";"0";"2";"1";"9";"1";""
"202100002775";"196Â 806";"B01";"3";"7";"0";"2";"7";"2";"1";""
"202100002776";"196Â 804";"A01";"2";"7";"0";"1";"1";"1";"1";""
"202100002777";"196Â 802";"B01";"3";"7";"0";"2";"1";"1";"1";""
"202100002777";"196Â 803";"A01";"3";"7";"0";"2";"1";"15";"1";""
"202100002778";"196Â 800";"A01";"1";"7";"0";"2";"1";"9";"1";""
"202100002778";"196Â 801";"B01";"2";"15";"0";"2";"7";"2";"6";""
"202100002779";"196Â 798";"A01";"2";"10";"0";"2";"1";"1";"1";""
"202100002779";"196Â 799";"B01";"2";"7";"0";"2";"4";"1";"1";""
"202100002780";"196Â 797";"A01";"2";"7";"0";"0";"9";"13";"1";""
"202100002781";"196Â 795";"A01";"1";"30";"0";"2";"1";"1";"1";""
"202100002781";"196Â 796";"B01";"2";"7";"0";"2";"3";"1";"1";""
"202100002782";"196Â 793";"A01";"1";"30";"0";"2";"2";"17";"1";""
"202100002782";"196Â 794";"B01";"1";"7";"0";"2";"3";"15";"1";""
"202100002783";"196Â 792";"A01";"1";"7";"0";"1";"1";"1";"1";""
"202100002784";"196Â 790";"A01";"1";"33";"0";"2";"2";"17";"1";""
"202100002784";"196Â 791";"B01";"1";"7";"0";"2";"3";"15";"1";""
"202100002785";"196Â 788";"B01";"3";"1";"0";"2";"1";"1";"6";""
"202100002785";"196Â 789";"A01";"3";"7";"0";"2";"1";"11";"1";""
"202100002786";"196Â 786";"B01";"1";"10";"0";"2";"8";"1";"0";""
"202100002786";"196Â 787";"A01";"1";"17";"0";"2";"2";"12";"1";""
"202100002787";"196Â 785";"A01";"2";"32";"0";"1";"2";"17";"1";""
"202100002788";"196Â 783";"A01";"2";"10";"0";"2";"3";"22";"1";""
"202100002788";"196Â 784";"B01";"2";"1";"0";"2";"2";"1";"5";""
"202100002789";"196Â 781";"A01";"2";"7";"0";"2";"5";"15";"1";""
"202100002789";"196Â 782";"B01";"2";"32";"0";"2";"1";"1";"1";""
"202100002790";"196Â 779";"B01";"2";"7";"0";"2";"5";"2";"2";""
"202100002790";"196Â 780";"A01";"2";"33";"0";"2";"1";"2";"1";""
"202100002791";"196Â 777";"B01";"1";"30";"0";"2";"4";"15";"1";""
"202100002791";"196Â 778";"A01";"1";"7";"0";"2";"1";"2";"1";""
"202100002792";"196Â 776";"A01";"2";"7";"1";"0";"1";"14";"1";""
"202100002793";"196Â 775";"A01";"3";"50";"0";"0";"0";"25";"3";""
"202100002794";"196Â 774";"A01";"1";"7";"0";"1";"3";"15";"2";""
"202100002795";"196Â 772";"B01";"1";"1";"0";"2";"1";"1";"5";""
"202100002795";"196Â 773";"A01";"2";"50";"0";"2";"1";"13";"3";""
"202100002796";"196Â 771";"A01";"1";"60";"0";"1";"0";"1";"5";""
"202100002797";"196Â 769";"A01";"2";"2";"0";"2";"1";"1";"1";""
"202100002797";"196Â 770";"B01";"1";"7";"0";"2";"2";"1";"2";""
"202100002798";"196Â 767";"B01";"1";"7";"0";"2";"8";"1";"1";""
"202100002798";"196Â 768";"A01";"2";"33";"0";"2";"1";"1";"1";""
"202100002799";"196Â 765";"B01";"2";"32";"0";"2";"7";"17";"1";""
"202100002799";"196Â 766";"A01";"2";"7";"0";"2";"3";"15";"1";""
"202100002800";"196Â 763";"B01";"2";"43";"0";"2";"3";"7";"1";""
"202100002800";"196Â 764";"A01";"2";"7";"0";"2";"5";"16";"1";""
"202100002801";"196Â 761";"A01";"2";"33";"0";"2";"1";"1";"1";""
"202100002801";"196Â 762";"B01";"1";"7";"0";"2";"1";"17";"1";""
"202100002802";"196Â 760";"A01";"2";"30";"0";"1";"0";"13";"1";""
"202100002803";"196Â 758";"B01";"2";"7";"0";"0";"6";"24";"1";""
"202100002803";"196Â 759";"A01";"1";"17";"1";"0";"5";"15";"1";""
"202100002804";"196Â 756";"B01";"2";"33";"0";"2";"1";"1";"1";""
"202100002804";"196Â 757";"A01";"1";"7";"0";"2";"7";"15";"1";""
"202100002805";"196Â 755";"A01";"2";"7";"0";"1";"1";"2";"1";""
"202100002806";"196Â 753";"A01";"1";"7";"0";"2";"2";"1";"1";""
"202100002806";"196Â 754";"B01";"2";"7";"0";"2";"3";"1";"1";""
"202100002807";"196Â 751";"A01";"1";"32";"0";"2";"1";"3";"1";""
"202100002807";"196Â 752";"B01";"1";"7";"0";"2";"3";"15";"1";""
"202100002808";"196Â 749";"A01";"1";"7";"0";"2";"3";"19";"1";""
"202100002808";"196Â 750";"B01";"2";"43";"0";"2";"1";"1";"1";""
"202100002809";"196Â 747";"B01";" -1";"7";"0";"2";"1";"1";"0";""
"202100002809";"196Â 748";"A01";"3";"7";"0";"2";"7";"0";"1";""
"202100002810";"196Â 746";"A01";"0";"7";"0";"1";"3";"1";"1";""
"202100002811";"196Â 744";"A01";"2";"10";"0";"2";"7";"1";"1";""
"202100002811";"196Â 745";"B01";"1";"30";"0";"2";"1";"1";"1";""
"202100002812";"196Â 742";"B01";" -1";"33";"0";"2";"8";"1";"0";""
"202100002812";"196Â 743";"A01";" -1";"7";"0";"2";"2";"12";"0";""
"202100002813";"196Â 741";"A01";" -1";"7";"0";"1";"1";"1";"1";""
"202100002814";"196Â 740";"A01";" -1";"7";"0";"1";"4";"4";"1";""
"202100002815";"196Â 739";"A01";"1";"37";"0";"1";"3";"1";"1";"1"
"202100002816";"196Â 737";"E01";"1";"7";"0";"2";"4";"1";"1";""
"202100002816";"196Â 738";"A01";"1";"7";"0";"1";"1";"17";"1";""
"202100002817";"196Â 736";"A01";"3";"7";"0";"1";"1";"1";"1";""
"202100002818";"196Â 735";"A01";"2";"33";"0";"1";"1";"1";"1";""
"202100002819";"196Â 733";"A01";"1";"7";"0";"2";"0";"15";"1";""
"202100002819";"196Â 734";"B01";"1";"1";"0";"2";"0";"0";"5";""
"202100002820";"196Â 731";"B01";"2";"7";"0";"2";"5";"14";"1";""
"202100002820";"196Â 732";"A01";"2";"33";"0";"2";"1";"0";"1";""
"202100002821";"196Â 730";"A01";"2";"7";"0";"1";"1";"1";"1";""
"202100002822";"196Â 728";"A01";"2";"7";"0";"2";"1";"1";"1";""
"202100002822";"196Â 729";"B01";"2";"7";"0";"2";"8";"23";"1";""
"202100002823";"196Â 727";"A01";"2";"7";"2";"0";"8";"1";"1";""
"202100002824";"196Â 725";"A01";"0";"7";"0";"2";"1";"0";"1";""
"202100002824";"196Â 726";"B01";"0";"7";"0";"0";"3";"1";"1";""
"202100002825";"196Â 723";"A01";"2";"10";"2";"0";"1";"21";"1";""
"202100002826";"196Â 721";"B01";"3";"50";"0";"2";"8";"14";"3";""
"202100002826";"196Â 722";"A01";"3";"13";"0";"9";"1";"1";"1";""
"202100002827";"196Â 720";"A01";"1";"7";"0";"1";"2";"9";"1";""
"202100002828";"196Â 719";"A01";"3";"7";"3";"0";"1";"16";"1";""
"202100002829";"196Â 717";"B01";"2";"33";"0";"2";"1";"1";"1";""
"202100002829";"196Â 718";"A01";"1";"7";"0";"2";"3";"15";"1";""
"202100002830";"196Â 716";"A01";"2";"2";"0";"1";"1";"1";"1";""
"202100002831";"196Â 715";"A01";"1";"7";"7";"0";"1";"1";"1";""
"202100002832";"196Â 713";"A01";"2";"7";"0";"2";"1";"9";"1";""
"202100002832";"196Â 714";"B01";"2";"10";"0";"2";"7";"15";"1";""
"202100002833";"196Â 711";"A01";"3";"7";"0";"2";"1";"1";"1";""
"202100002833";"196Â 712";"B01";"3";"7";"0";"0";"4";"1";"1";""
"202100002834";"196Â 709";"B01";"3";"7";"0";"2";"3";"21";"1";""
"202100002834";"196Â 710";"A01";"3";"2";"0";"2";"8";"5";"1";""
"202100002835";"196Â 708";"A01";"3";"36";"0";"0";"9";"1";"1";""
"202100002836";"196Â 707";"A01";"3";"7";"0";"1";"1";"1";"1";""
"202100002837";"196Â 705";"A01";"0";"7";"0";"2";"5";"15";"1";""
"202100002837";"196Â 706";"B01";"2";"33";"0";"2";"3";"1";"1";""
"202100002838";"196Â 704";"A01";"3";"7";"0";"5";"1";"1";"1";""
"202100002839";"196Â 702";"B01";"1";"7";"0";"2";"3";"1";"0";""
"202100002839";"196Â 703";"A01";"2";"7";"0";"2";"3";"1";"2";""
"202100002840";"196Â 701";"A01";"3";"7";"1";"0";"4";"1";"1";""
"202100002841";"196Â 699";"A01";"2";"7";"0";"2";"2";"17";"1";""
"202100002841";"196Â 700";"B01";"2";"1";"16";"2";"8";"2";"5";""
"202100002842";"196Â 698";"A01";"1";"7";"2";"0";"1";"1";"1";""
"202100002843";"196Â 696";"B01";"1";"7";"0";"2";"8";"11";"1";""
"202100002843";"196Â 697";"A01";"2";"2";"0";"2";"3";"1";"1";""
"202100002844";"196Â 694";"B01";"1";"7";"0";"2";"1";"1";"1";""
"202100002844";"196Â 695";"A01";"2";"7";"0";"2";"1";"13";"1";""
"202100002845";"196Â 693";"A01";"0";"7";"0";"1";"2";"1";"1";""
"202100002846";"196Â 692";"A01";"3";"7";"13";"0";"2";"1";"1";""
"202100002847";"196Â 690";"B01";"2";"1";"0";"2";"3";"2";"5";""
"202100002847";"196Â 691";"A01";"1";"7";"0";"2";"3";"13";"1";""
"202100002848";"196Â 689";"A01";"3";"7";"8";"0";"1";"0";"1";""
"202100002849";"196Â 687";"A01";"2";"7";"0";"2";"1";"1";"1";""
"202100002849";"196Â 688";"B01";"3";"7";"0";"0";"8";"16";"1";""
"202100002850";"196Â 686";"A01";"2";"7";"13";"0";"1";"1";"1";""
"202100002851";"196Â 684";"B01";"1";"7";"0";"2";"3";"1";"1";""
"202100002851";"196Â 685";"A01";"2";"7";"3";"2";"5";"13";"1";""
"202100002852";"196Â 682";"B01";"1";"7";"0";"0";"2";"1";"1";""
"202100002852";"196Â 683";"A01";"2";"2";"0";"0";"1";"19";"1";""
"202100002853";"196Â 680";"B01";"3";"7";"8";"0";"7";"19";"0";""
"202100002853";"196Â 681";"A01";"3";"10";"0";"2";"1";"1";"1";""
"202100002854";"196Â 678";"B01";"2";"7";"0";"2";"3";"5";"1";""
"202100002854";"196Â 679";"A01";"1";"7";"0";"2";"3";"5";"1";""
"202100002855";"196Â 676";"A01";"1";"7";"13";"2";"2";"2";"1";""
"202100002855";"196Â 677";"B01";"1";"7";"13";"0";"6";"1";"1";""
"202100002856";"196Â 674";"A01";"1";"2";"0";"2";"1";"14";"1";""
"202100002856";"196Â 675";"B01";"1";"99";"0";"0";"7";"15";"1";""
"202100002857";"196Â 672";"A01";"0";"7";"0";"2";"8";"9";"1";""
"202100002857";"196Â 673";"B01";"0";"32";"0";"2";"1";"17";"1";""
"202100002858";"196Â 668";"A01";"1";"10";"0";"2";"7";"1";"1";""
"202100002858";"196Â 669";"B01";"1";"7";"3";"2";"4";"14";"1";""
"202100002858";"196Â 670";"C01";"1";"15";"0";"0";"5";"2";"1";""
"202100002858";"196Â 671";"D01";"1";"7";"0";"9";"7";"2";"1";""
"202100002859";"196Â 666";"B01";"1";"10";"0";"2";"1";"1";"1";""
"202100002859";"196Â 667";"A01";"2";"7";"0";"2";"1";"5";"1";""
"202100002860";"196Â 664";"A01";"1";"7";"0";"2";"2";"5";"1";""
"202100002860";"196Â 665";"B01";"2";"7";"0";"2";"2";"0";"1";""
"202100002861";"196Â 663";"A01";"2";"1";"15";"0";"1";"21";"5";""
"202100002862";"196Â 661";"A01";"2";"7";"0";"2";"7";"9";"3";""
"202100002862";"196Â 662";"B01";"1";"7";"0";"2";"3";"1";"1";""
"202100002863";"196Â 659";"A01";"1";"33";"0";"2";"1";"3";"1";""
"202100002863";"196Â 660";"B01";"1";"7";"0";"2";"8";"23";"1";""
"202100002864";"196Â 656";"C01";"1";"10";"13";"0";"1";"0";"1";""
"202100002864";"196Â 657";"B01";"1";"10";"0";"2";"8";"2";"1";""
"202100002864";"196Â 658";"A01";"2";"7";"0";"2";"1";"13";"1";""
"202100002865";"196Â 654";"B01";"2";"7";"0";"2";"3";"1";"1";""
"202100002865";"196Â 655";"A01";"1";"2";"0";"2";"8";"13";"1";""
"202100002866";"196Â 652";"A01";"1";"7";"0";"2";"3";"10";"2";""
"202100002866";"196Â 653";"B01";"1";"10";"0";"2";"2";"17";"1";""
"202100002867";"196Â 651";"A01";"1";"33";"0";"0";"7";"1";"1";""
"202100002868";"196Â 649";"B01";"2";"2";"0";"2";"1";"1";"1";""
"202100002868";"196Â 650";"A01";"1";"7";"0";"2";"2";"15";"1";""
"202100002869";"196Â 647";"A01";"0";"31";"0";"2";"1";"1";"1";""
"202100002869";"196Â 648";"B01";"0";"7";"0";"2";"1";"1";"1";""
"202100002870";"196Â 646";"A01";"0";"7";"8";"0";"1";"1";"1";""
"202100002871";"196Â 644";"A01";"1";"33";"0";"2";"0";"0";"1";""
"202100002871";"196Â 645";"B01";"1";"7";"0";"0";"0";"0";"1";""
"202100002872";"196Â 640";"B01";"2";"7";"0";"2";"8";"1";"1";""
"202100002872";"196Â 641";"A01";"2";"7";"0";"2";"1";"3";"1";""
"202100002873";"196Â 637";"C01";"1";"7";"0";"2";"1";"2";"0";""
"202100002873";"196Â 638";"A01";"1";"15";"0";"2";"2";"12";"0";""
"202100002873";"196Â 639";"B01";"1";"7";"0";"2";"8";"2";"0";""
"202100002874";"196Â 632";"E01";"2";"7";"0";"2";"4";"2";"2";""
"202100002874";"196Â 633";"D01";"2";"7";"0";"2";"4";"2";"0";""
"202100002874";"196Â 634";"C01";"2";"7";"0";"2";"4";"2";"0";""
"202100002874";"196Â 635";"B01";"2";"34";"0";"2";"4";"2";"0";""
"202100002874";"196Â 636";"A01";"2";"7";"0";"2";"1";"2";"0";""
"202100002875";"196Â 630";"B01";"2";"33";"0";"2";"3";"3";"1";""
"202100002875";"196Â 631";"A01";"2";"7";"0";"2";"5";"12";"1";""
"202100002876";"196Â 629";"A01";"2";"7";"0";"1";"1";"26";"0";""
"202100002877";"196Â 627";"A01";"1";"7";"0";"2";"2";"2";"1";""
"202100002877";"196Â 628";"B01";"1";"1";"0";"2";"4";"2";"5";""
"202100002878";"196Â 625";"A01";"2";"7";"0";"2";"3";"15";"1";""
"202100002878";"196Â 626";"B01";"2";"32";"0";"2";"1";"1";"1";""
"202100002879";"196Â 622";"A01";"2";"1";"0";"2";"4";"19";"5";""
"202100002879";"196Â 623";"B01";"2";"31";"0";"2";"1";"26";"1";""
"202100002879";"196Â 624";"Z01";"2";"7";"0";"9";"1";"26";"1";""
"202100002880";"196Â 619";"Z01";"1";"99";"0";"2";"0";"0";"1";""
"202100002880";"196Â 620";"C01";"1";"10";"0";"2";"1";"0";"1";""
"202100002880";"196Â 621";"B01";"1";"32";"0";"2";"6";"1";"1";""
"202100002881";"196Â 618";"A01";"0";"7";"6";"0";"1";"15";"1";""
"202100002882";"196Â 617";"A01";"3";"7";"0";"0";"9";"13";"1";""
"202100002883";"196Â 615";"A01";"2";"33";"0";"2";"1";"3";"1";""
"202100002883";"196Â 616";"B01";"2";"7";"0";"2";"7";"12";"1";""
"202100002884";"196Â 614";"A01";"2";"7";"0";"0";"1";"26";"1";""
"202100002885";"196Â 612";"A01";"2";"7";"0";"2";"1";"2";"1";""
"202100002885";"196Â 613";"B01";"2";"7";"0";"2";"4";"23";"1";""