"Num_Acc";"id_vehicule";"num_veh";"senc";"catv";"obs";"obsm";"choc";"manv";"motor";"occutc"
"202100002886";"196Â 611";"A01";"3";"7";"0";"1";"2";"1";"1";""
"202100002887";"196Â 609";"B01";"1";"37";"0";"2";"3";"1";"1";"1"
"202100002887";"196Â 610";"A01";"1";"7";"0";"2";"8";"1";"1";""
"202100002888";"196Â 608";"A01";"2";"7";"0";"1";"3";"1";"1";""
"202100002889";"196Â 607";"A01";"1";"30";"0";"0";"1";"26";"1";""
"202100002890";"196Â 605";"B01";"2";"33";"0";"2";"1";"0";"1";""
"202100002890";"196Â 606";"A01";"2";"7";"0";"2";"1";"15";"1";""
"202100002891";"196Â 603";"A01";"2";"10";"0";"2";"5";"1";"1";""
"202100002891";"196Â 604";"B01";"2";"31";"0";"2";"3";"2";"1";""
"202100002892";"196Â 602";"A01";"0";"7";"0";"1";"3";"1";"1";""
"202100002893";"196Â 601";"A01";"2";"7";"0";"1";"7";"16";"1";""
"202100002894";"196Â 599";"B01";"2";"1";"0";"2";"0";"2";"5";""
"202100002894";"196Â 600";"Z01";"2";"10";"0";"2";"0";"2";"0";""
"202100002895";"196Â 595";"A01";"1";"10";"0";"1";"2";"1";"1";""
"202100002896";"196Â 594";"A01";"1";"37";"0";"1";"2";"9";"0";"1"
"202100002897";"196Â 593";"A01";"3";"7";"0";"1";"1";"26";"1";""
"202100002898";"196Â 592";"A01";"0";"7";"0";"1";"1";"1";"1";""
"202100002899";"196Â 590";"A01";"0";"50";"0";"2";"8";"5";"3";""
"202100002899";"196Â 591";"B01";"0";"7";"0";"2";"1";"9";"1";""
"202100002900";"196Â 588";"B01";"0";"7";"0";"2";"2";"1";"1";""
"202100002900";"196Â 589";"A01";"0";"60";"0";"2";"1";"1";"5";""
"202100002901";"196Â 587";"A01";"1";"7";"0";"1";"3";"1";"1";""
"202100002902";"196Â 582";"B01";"3";"7";"0";"2";"4";"23";"2";""
"202100002902";"196Â 583";"A01";"3";"7";"0";"2";"1";"2";"1";""
"202100002903";"196Â 581";"A01";"3";"7";"0";"1";"6";"20";"1";""
"202100002904";"196Â 580";"A01";"1";"7";"0";"1";"1";"1";"1";""
"202100002905";"196Â 578";"A01";"1";"7";"0";"2";"1";"15";"1";""
"202100002905";"196Â 579";"B01";"2";"7";"0";"2";"8";"1";"1";""
"202100002906";"196Â 576";"B01";"1";"50";"0";"4";"8";"0";"3";""
"202100002906";"196Â 577";"A01";"3";"40";"0";"2";"3";"1";"3";""
"202100002907";"196Â 574";"B01";"3";"1";"0";"2";"8";"1";"0";""
"202100002907";"196Â 575";"A01";"3";"7";"0";"2";"1";"9";"1";""
"202100002908";"196Â 572";"A01";"1";"7";"0";"2";"3";"2";"1";""
"202100002908";"196Â 573";"B01";"1";"1";"0";"2";"4";"2";"5";""
"202100002909";"196Â 570";"Z01";"3";"7";"0";"0";"0";"0";"0";""
"202100002909";"196Â 571";"B01";"1";"37";"0";"0";"0";"1";"4";"2"
"202100002910";"196Â 568";"B01";"2";"7";"0";"2";"2";"20";"1";""
"202100002910";"196Â 569";"A01";"2";"31";"1";"2";"1";"14";"1";""
"202100002911";"196Â 567";"A01";"1";"7";"0";"1";"1";"26";"1";""
"202100002912";"196Â 566";"A01";"2";"7";"0";"0";"9";"11";"1";""
"202100002913";"196Â 565";"A01";"0";"7";"0";"2";"1";"1";"1";""
"202100002914";"196Â 563";"A01";"1";"7";"0";"2";"1";"2";"1";""
"202100002914";"196Â 564";"B01";"1";"7";"0";"2";"4";"23";"1";""
"202100002915";"196Â 557";"E01";"2";"7";"1";"0";"0";"2";"1";""
"202100002915";"196Â 558";"F01";"1";"7";"1";"0";"0";"2";"1";""
"202100002915";"196Â 559";"C01";"1";"7";"0";"2";"7";"23";"1";""
"202100002915";"196Â 560";"A01";"1";"7";"0";"2";"9";"2";"1";""
"202100002915";"196Â 561";"D01";"2";"7";"0";"2";"1";"1";"1";""
"202100002915";"196Â 562";"B01";"1";"7";"0";"2";"6";"23";"1";""
"202100002916";"196Â 555";"Z01";"2";"10";"0";"2";"3";"9";"0";""
"202100002916";"196Â 556";"A01";"2";"7";"0";"2";"2";"1";"1";""
"202100002917";"196Â 554";"A01";"3";"14";"0";"1";"1";"15";"1";""
"202100002918";"196Â 552";"A01";"0";"10";"0";"2";"7";"15";"1";""
"202100002918";"196Â 553";"B01";"2";"31";"0";"2";"1";"1";"1";""
"202100002919";"196Â 551";"A01";"3";"10";"0";"1";"1";"11";"1";""
"202100002920";"196Â 549";"A01";"1";"7";"1";"9";"1";"1";"1";""
"202100002920";"196Â 550";"B01";"2";"1";"0";"2";"3";"19";"5";""
"202100002921";"196Â 547";"B01";"2";"7";"0";"2";"1";"1";"1";""
"202100002921";"196Â 548";"A01";"1";"7";"0";"2";"1";"17";"1";""
"202100002922";"196Â 546";"A01";"1";"7";"16";"0";"0";"14";"1";""
"202100002923";"196Â 545";"A01";"2";"33";"16";"0";"0";"1";"1";""
"202100002924";"196Â 543";"B01";"1";"37";"0";"2";"1";"1";"1";"2"
"202100002924";"196Â 544";"A01";"2";"7";"0";"2";"2";"9";"1";""
"202100002925";"196Â 542";"A01";"1";"7";"9";"0";"2";"0";"1";""
"202100002926";"196Â 541";"A01";"0";"7";"0";"1";"1";"1";"1";""
"202100002927";"196Â 540";"A01";"1";"43";"0";"0";"0";"26";"1";""
"202100002928";"196Â 538";"B01";"1";"30";"0";"0";"0";"0";"1";""
"202100002928";"196Â 539";"A01";"1";"7";"0";"2";"1";"15";"1";""
"202100002929";"196Â 534";"D01";"1";"10";"0";"2";"6";"1";"1";""
"202100002929";"196Â 535";"C01";"2";"7";"0";"2";"8";"5";"1";""
"202100002929";"196Â 536";"B01";"2";"7";"0";"2";"3";"5";"1";""
"202100002929";"196Â 537";"A01";"1";"7";"0";"2";"1";"17";"1";""
"202100002930";"196Â 533";"A01";"0";"7";"0";"1";"3";"15";"1";""
"202100002931";"196Â 532";"A01";"2";"7";"4";"0";"8";"17";"1";""
"202100002932";"196Â 530";"A01";"1";"7";"0";"2";"6";"16";"1";""
"202100002932";"196Â 531";"B01";"1";"1";"0";"2";"2";"15";"5";""
"202100002933";"196Â 528";"A01";"2";"34";"0";"2";"7";"1";"1";""
"202100002933";"196Â 529";"B01";"2";"7";"0";"2";"8";"2";"0";""
"202100002934";"196Â 526";"A01";"2";"30";"0";"2";"1";"21";"1";""
"202100002934";"196Â 527";"B01";"2";"10";"0";"2";"4";"20";"1";""
"202100002935";"196Â 525";"A01";"1";"7";"0";"1";"1";"15";"1";""
"202100002936";"196Â 524";"A01";"2";"7";"0";"1";"1";"1";"1";""
"202100002937";"196Â 523";"A01";"2";"7";"0";"1";"2";"1";"1";""
"202100002938";"196Â 521";"B01";"1";"33";"0";"2";"1";"1";"1";""
"202100002938";"196Â 522";"A01";"2";"7";"0";"2";"7";"15";"1";""
"202100002939";"196Â 520";"A01";"1";"7";"0";"1";"2";"1";"1";""
"202100002940";"196Â 519";"Z01";"0";"10";"0";"1";"4";"0";"0";""
"202100002941";"196Â 517";"B01";"2";"7";"0";"2";"3";"2";"3";""
"202100002941";"196Â 518";"A01";"2";"33";"0";"2";"2";"17";"1";""
"202100002942";"196Â 516";"A01";"0";"7";"0";"2";"3";"1";"0";""
"202100002943";"196Â 514";"B01";"1";"2";"0";"2";"4";"2";"1";""
"202100002943";"196Â 515";"A01";"1";"7";"0";"2";"1";"2";"1";""
"202100002944";"196Â 513";"A01";"2";"10";"0";"1";"1";"15";"0";""
"202100002945";"196Â 509";"D01";"3";"7";"0";"2";"1";"2";"1";""
"202100002945";"196Â 510";"C01";"3";"7";"0";"2";"1";"1";"1";""
"202100002945";"196Â 511";"B01";"3";"7";"0";"2";"1";"1";"1";""
"202100002945";"196Â 512";"A01";"0";"7";"0";"2";"1";"1";"1";""
"202100002946";"196Â 505";"A01";"2";"7";"0";"2";"1";"26";"1";""
"202100002946";"196Â 506";"B01";"2";"7";"0";"2";"4";"21";"1";""
"202100002947";"196Â 504";"A01";"1";"7";"6";"0";"1";"26";"1";""
"202100002948";"196Â 503";"A01";"3";"7";"1";"1";"6";"26";"1";""
"202100002949";"196Â 499";"A01";"1";"7";"0";"2";"1";"26";"1";""
"202100002949";"196Â 500";"B01";"1";"7";"0";"2";"4";"1";"1";""
"202100002949";"196Â 501";"C01";"1";"7";"0";"2";"0";"0";"1";""
"202100002949";"196Â 502";"D01";"1";"7";"0";"2";"0";"0";"1";""
"202100002950";"196Â 497";"B01";"1";"7";"0";"2";"2";"1";"1";""
"202100002950";"196Â 498";"A01";"1";"7";"0";"2";"7";"19";"1";""
"202100002951";"196Â 496";"LA01";"0";"7";"0";"1";"2";"9";"1";""
"202100002952";"196Â 495";"A01";"1";"7";"4";"0";"2";"1";"1";""
"202100002953";"196Â 493";"A01";"1";"31";"0";"2";"1";"1";"1";""
"202100002953";"196Â 494";"B01";"2";"7";"0";"2";"3";"1";"1";""
"202100002954";"196Â 491";"A01";"2";"37";"0";"2";"2";"2";"1";"1"
"202100002954";"196Â 492";"B01";"1";"7";"0";"2";"4";"16";"1";""
"202100002955";"196Â 490";"A01";"2";"7";"0";"1";"0";"26";"1";""
"202100002956";"196Â 489";"A01";"1";"7";"0";"1";"1";"1";"2";""
"202100002957";"196Â 487";"B01";"3";"33";"0";"2";"1";"1";"1";""
"202100002957";"196Â 488";"A01";"3";"7";"8";"2";"6";"19";"1";""
"202100002958";"196Â 485";"A01";"3";"7";"0";"2";"2";"21";"1";""
"202100002958";"196Â 486";"B01";"3";"30";"0";"2";"1";"0";"3";""
"202100002959";"196Â 484";"A01";"2";"7";"16";"0";"2";"1";"1";""
"202100002960";"196Â 482";"B01";"1";"31";"0";"2";"3";"3";"3";""
"202100002960";"196Â 483";"A01";"1";"7";"0";"2";"2";"12";"1";""
"202100002961";"196Â 480";"B01";"2";"31";"0";"2";"3";"1";"1";""
"202100002961";"196Â 481";"A01";"2";"10";"0";"2";"7";"12";"1";""
"202100002962";"196Â 478";"A01";"1";"32";"0";"2";"2";"1";"1";""
"202100002962";"196Â 479";"B01";"1";"7";"0";"2";"6";"11";"1";""
"202100002963";"196Â 476";"A01";"1";"32";"0";"2";"8";"3";"1";""
"202100002963";"196Â 477";"Z01";"1";"7";"0";"2";"7";"12";"1";""
"202100002964";"196Â 474";"A01";"2";"7";"0";"2";"7";"1";"1";""
"202100002964";"196Â 475";"B01";"2";"2";"0";"2";"1";"1";"1";""
"202100002965";"196Â 473";"A01";"2";"37";"0";"1";"5";"9";"2";"1"
"202100002966";"196Â 472";"A01";"3";"1";"0";"0";"0";"1";"5";""
"202100002967";"196Â 470";"A01";"1";"1";"0";"1";"1";"1";"5";""
"202100002968";"196Â 468";"A01";"2";"10";"0";"2";"3";"1";"3";""
"202100002968";"196Â 469";"B01";"2";"50";"0";"2";"1";"1";"3";""
"202100002969";"196Â 466";"B01";"2";"1";"0";"2";"4";"1";"5";""
"202100002969";"196Â 467";"A01";"2";"32";"0";"2";"1";"1";"1";""
"202100002970";"196Â 464";"B01";"2";"50";"0";"2";"2";"1";"3";""
"202100002970";"196Â 465";"A01";"2";"10";"0";"2";"3";"22";"1";""
"202100002971";"196Â 462";"A01";"3";"7";"0";"2";"3";"1";"1";""
"202100002971";"196Â 463";"B01";"3";"32";"0";"2";"6";"1";"1";""
"202100002972";"196Â 460";"A01";"1";"7";"0";"2";"6";"10";"1";""
"202100002972";"196Â 461";"B01";"1";"43";"0";"2";"1";"17";"1";""
"202100002973";"196Â 458";"A01";"1";"7";"0";"2";"1";"1";"1";""
"202100002973";"196Â 459";"B01";"2";"7";"9";"2";"8";"15";"1";""
"202100002974";"196Â 457";"A01";"2";"15";"0";"1";"1";"1";"1";""
"202100002975";"196Â 456";"A01";"3";"10";"0";"1";"4";"24";"1";""
"202100002976";"196Â 454";"A01";"2";"7";"0";"1";"1";"15";"2";""
"202100002977";"196Â 453";"A01";"2";"7";"1";"0";"2";"26";"1";""
"202100002978";"196Â 451";"A01";"0";"7";"0";"2";"1";"15";"1";""
"202100002978";"196Â 452";"B01";"0";"7";"0";"2";"2";"1";"1";""
"202100002979";"196Â 450";"Z01";"3";"7";"0";"1";"1";"0";"1";""
"202100002980";"196Â 449";"A01";"1";"10";"0";"1";"4";"4";"1";""
"202100002981";"196Â 447";"A01";"2";"7";"0";"2";"3";"11";"1";""
"202100002981";"196Â 448";"B01";"2";"32";"0";"2";"5";"1";"1";""
"202100002982";"196Â 445";"B01";"1";"7";"0";"2";"0";"0";"1";""
"202100002982";"196Â 446";"A01";"1";"7";"0";"2";"3";"9";"1";""
"202100002983";"196Â 443";"A01";"3";"7";"0";"1";"3";"9";"1";""
"202100002983";"196Â 444";"B01";"3";"99";"0";"0";"0";"0";"6";""
"202100002984";"196Â 442";"A01";"1";"10";"0";"1";"1";"15";"1";""
"202100002985";"196Â 440";"A01";"2";"7";"0";"2";"8";"15";"1";""
"202100002985";"196Â 441";"B01";"1";"2";"0";"2";"8";"1";"3";""
"202100002986";"196Â 438";"A01";"0";"7";"0";"2";"3";"14";"1";""
"202100002986";"196Â 439";"B01";"0";"7";"0";"2";"1";"1";"1";""
"202100002987";"196Â 437";"A01";"1";"7";"0";"1";"1";"1";"1";""
"202100002988";"196Â 436";"A01";"3";"7";"0";"1";"1";"1";"1";""
"202100002989";"196Â 434";"B01";"2";"10";"0";"2";"4";"15";"1";""
"202100002989";"196Â 435";"A01";"2";"7";"0";"2";"3";"2";"1";""
"202100002990";"196Â 433";"A01";"1";"7";"13";"0";"0";"2";"1";""
"202100002991";"196Â 430";"C01";"2";"7";"0";"9";"1";"1";"1";""
"202100002991";"196Â 431";"B01";"1";"17";"0";"2";"1";"1";"1";""
"202100002991";"196Â 432";"A01";"2";"7";"0";"2";"1";"13";"1";""
"202100002992";"196Â 428";"B01";"2";"7";"0";"2";"1";"1";"1";""
"202100002992";"196Â 429";"A01";"1";"7";"0";"2";"1";"13";"1";""
"202100002993";"196Â 426";"A01";"1";"7";"0";"2";"2";"13";"1";""
"202100002993";"196Â 427";"B01";"2";"7";"0";"2";"1";"1";"1";""
"202100002994";"196Â 424";"A01";"1";"14";"0";"2";"2";"15";"1";""
"202100002994";"196Â 425";"B01";"2";"7";"0";"2";"1";"1";"1";""
"202100002995";"196Â 422";"B01";"3";"7";"0";"2";"5";"1";"1";""
"202100002995";"196Â 423";"A01";"3";"2";"0";"2";"1";"2";"1";""
"202100002996";"196Â 421";"A01";"1";"7";"8";"0";"2";"0";"1";""
"202100002997";"196Â 420";"A01";"1";"7";"7";"0";"1";"1";"1";""
"202100002998";"196Â 418";"B01";"2";"7";"0";"2";"3";"1";"1";""
"202100002998";"196Â 419";"A01";"1";"7";"0";"2";"3";"13";"1";""
"202100002999";"196Â 416";"A01";"1";"2";"0";"2";"1";"17";"1";""
"202100002999";"196Â 417";"B01";"2";"31";"0";"2";"1";"1";"3";""
"202100003000";"196Â 412";"A01";"2";"7";"0";"2";"2";"9";"2";""
"202100003000";"196Â 413";"C01";"1";"7";"0";"2";"3";"23";"1";""
"202100003000";"196Â 414";"B01";"2";"7";"0";"2";"1";"1";"1";""
"202100003001";"196Â 411";"A01";"2";"7";"15";"0";"6";"1";"1";""
"202100003002";"196Â 410";"A01";"1";"7";"2";"0";"3";"14";"1";""
"202100003003";"196Â 408";"A01";"1";"10";"0";"2";"1";"1";"1";""
"202100003003";"196Â 409";"B01";"2";"13";"0";"2";"1";"1";"1";""
"202100003004";"196Â 405";"A01";"1";"7";"0";"2";"8";"1";"1";""
"202100003004";"196Â 406";"B01";"1";"7";"0";"2";"1";"1";"1";""
"202100003005";"196Â 403";"A01";"2";"7";"0";"2";"1";"13";"1";""
"202100003005";"196Â 404";"B01";"2";"7";"0";"2";"1";"1";"1";""
"202100003006";"196Â 402";"A01";"3";"2";"0";"0";"8";"1";"1";""
"202100003007";"196Â 400";"A01";"2";"7";"0";"0";"1";"11";"1";""
"202100003007";"196Â 401";"B01";"1";"7";"0";"0";"1";"1";"1";""
"202100003008";"196Â 399";"A01";"2";"13";"13";"0";"1";"13";"1";""
"202100003009";"196Â 398";"A01";"1";"7";"5";"0";"1";"1";"1";""
"202100003010";"196Â 396";"A01";"2";"2";"0";"2";"1";"1";"1";""
"202100003010";"196Â 397";"B01";"2";"7";"0";"2";"4";"23";"2";""
"202100003011";"196Â 394";"B01";"2";"10";"0";"2";"5";"1";"1";""
"202100003011";"196Â 395";"A01";"2";"10";"0";"2";"1";"1";"1";""
"202100003012";"196Â 393";"A01";"1";"33";"0";"0";"9";"6";"1";""
"202100003013";"196Â 391";"B01";"2";"7";"0";"2";"6";"10";"1";""
"202100003013";"196Â 392";"A01";"2";"7";"0";"2";"1";"1";"1";""
"202100003014";"196Â 390";"A01";"2";"7";"13";"0";"3";"1";"1";""
"202100003015";"196Â 385";"E01";"1";"7";"0";"2";"6";"23";"1";""
"202100003015";"196Â 386";"D01";"1";"7";"0";"2";"8";"23";"1";""
"202100003015";"196Â 387";"A01";"2";"7";"0";"2";"3";"5";"1";""
"202100003015";"196Â 388";"B01";"1";"10";"0";"2";"8";"21";"1";""
"202100003015";"196Â 389";"C01";"1";"7";"0";"2";"8";"1";"1";""
"202100003016";"196Â 384";"A01";"1";"7";"3";"0";"3";"0";"1";""
"202100003017";"196Â 383";"A01";"1";"7";"0";"1";"1";"1";"1";""
"202100003018";"196Â 382";"A01";"2";"7";"13";"0";"9";"0";"1";""
"202100003019";"196Â 381";"B01";"2";"7";"1";"0";"3";"21";"1";""
"202100003020";"196Â 380";"A01";"1";"7";"0";"1";"1";"1";"1";""
"202100003021";"196Â 379";"A01";"2";"7";"2";"0";"1";"1";"1";""
"202100003022";"196Â 378";"A01";"2";"7";"0";"1";"3";"1";"1";""
"202100003023";"196Â 377";"A01";"3";"7";"15";"0";"3";"1";"1";""
"202100003024";"196Â 376";"A01";"0";"7";"2";"0";"8";"1";"1";""
"202100003025";"196Â 375";"A01";"1";"7";"13";"0";"1";"1";"1";""
"202100003026";"196Â 374";"A01";"2";"7";"0";"1";"1";"15";"1";""
"202100003027";"196Â 371";"C01";"2";"7";"2";"0";"1";"21";"1";""
"202100003027";"196Â 372";"B01";"2";"7";"0";"2";"1";"1";"1";""
"202100003027";"196Â 373";"A01";"1";"7";"2";"2";"1";"17";"1";""
"202100003028";"196Â 369";"B01";"2";"2";"0";"2";"8";"1";"1";""
"202100003028";"196Â 370";"A01";"1";"10";"0";"2";"1";"15";"1";""
"202100003029";"196Â 367";"A01";"2";"7";"0";"2";"1";"13";"1";""
"202100003029";"196Â 368";"B01";"1";"7";"0";"2";"1";"1";"1";""
"202100003030";"196Â 366";"A01";"1";"33";"0";"0";"8";"15";"1";""
"202100003031";"196Â 365";"A01";"1";"7";"0";"2";"8";"21";"1";""
"202100003032";"196Â 363";"B01";"2";"7";"0";"2";"7";"12";"1";""
"202100003032";"196Â 364";"A01";"2";"33";"0";"2";"8";"18";"1";""
"202100003033";"196Â 360";"B01";"2";"7";"0";"2";"5";"1";"1";""
"202100003033";"196Â 361";"A01";"2";"33";"0";"2";"3";"3";"1";""
"202100003033";"196Â 362";"C01";"2";"7";"0";"2";"6";"11";"1";""
"202100003034";"196Â 358";"A01";"2";"7";"0";"2";"1";"1";"1";""
"202100003034";"196Â 359";"B01";"2";"7";"0";"2";"4";"11";"1";""
"202100003035";"196Â 355";"C01";"2";"10";"0";"2";"4";"2";"1";""
"202100003035";"196Â 356";"B01";"2";"7";"0";"2";"9";"2";"1";""
"202100003035";"196Â 357";"A01";"2";"7";"0";"2";"1";"2";"1";""
"202100003036";"196Â 354";"A01";"2";"7";"0";"2";"4";"2";"1";""
"202100003037";"196Â 350";"A01";"2";"7";"0";"2";"1";"2";"1";""
"202100003037";"196Â 351";"B01";"2";"7";"0";"2";"4";"2";"1";""
"202100003037";"196Â 352";"C01";"2";"10";"0";"2";"4";"2";"1";""
"202100003037";"196Â 353";"D01";"2";"7";"0";"2";"4";"2";"1";""
"202100003038";"196Â 348";"B01";"2";"17";"0";"2";"6";"23";"1";""
"202100003038";"196Â 349";"A01";"2";"7";"0";"2";"2";"13";"1";""
"202100003039";"196Â 345";"C01";"2";"17";"0";"2";"4";"2";"1";""
"202100003039";"196Â 346";"B01";"2";"17";"0";"2";"4";"2";"1";""
"202100003039";"196Â 347";"A01";"2";"17";"0";"2";"1";"2";"1";""
"202100003040";"196Â 343";"B01";"2";"7";"0";"2";"1";"2";"1";""
"202100003040";"196Â 344";"A01";"1";"10";"4";"0";"0";"2";"1";""
"202100003041";"196Â 340";"C01";"2";"10";"0";"2";"4";"2";"1";""
"202100003041";"196Â 341";"B01";"2";"7";"0";"2";"4";"2";"1";""
"202100003041";"196Â 342";"A01";"2";"10";"0";"2";"1";"2";"1";""
"202100003042";"196Â 338";"A01";"2";"10";"0";"2";"6";"11";"1";""
"202100003042";"196Â 339";"B01";"2";"33";"0";"2";"7";"3";"1";""
"202100003043";"196Â 335";"C01";"1";"7";"0";"0";"0";"1";"1";""
"202100003043";"196Â 336";"B01";"1";"7";"0";"2";"0";"11";"1";""
"202100003043";"196Â 337";"A01";"1";"33";"0";"2";"2";"3";"1";""
"202100003044";"196Â 332";"A01";"1";"33";"3";"2";"8";"3";"1";""
"202100003044";"196Â 333";"B01";"1";"7";"3";"2";"2";"12";"1";""
"202100003044";"196Â 334";"C01";"1";"7";"3";"2";"5";"2";"1";""
"202100003045";"196Â 330";"B01";"1";"7";"0";"2";"6";"1";"2";""
"202100003045";"196Â 331";"A01";"1";"33";"0";"2";"1";"1";"1";""
"202100003046";"196Â 327";"B01";"1";"33";"4";"2";"7";"0";"1";""
"202100003046";"196Â 328";"A01";"1";"7";"4";"2";"3";"2";"1";""
"202100003046";"196Â 329";"C01";"1";"7";"4";"2";"5";"2";"1";""
"202100003047";"196Â 325";"A01";"1";"33";"0";"2";"1";"0";"1";""
"202100003047";"196Â 326";"B01";"1";"7";"0";"2";"4";"2";"1";""
"202100003048";"196Â 323";"A01";"1";"7";"0";"2";"3";"1";"1";""
"202100003048";"196Â 324";"B01";"1";"7";"0";"2";"5";"1";"1";""
"202100003049";"196Â 321";"A01";"2";"7";"0";"2";"1";"2";"1";""
"202100003049";"196Â 322";"B01";"2";"7";"0";"2";"4";"2";"2";""
"202100003050";"196Â 318";"B01";"1";"7";"0";"2";"4";"2";"1";""
"202100003050";"196Â 319";"C01";"1";"15";"0";"2";"1";"2";"1";""
"202100003050";"196Â 320";"A01";"1";"7";"0";"2";"1";"12";"1";""
"202100003051";"196Â 316";"A01";"2";"7";"0";"2";"8";"11";"1";""
"202100003051";"196Â 317";"B01";"2";"33";"0";"2";"2";"1";"1";""
"202100003052";"196Â 314";"A01";"2";"7";"0";"2";"1";"1";"1";""
"202100003052";"196Â 315";"B01";"2";"10";"0";"2";"4";"9";"1";""
"202100003053";"196Â 308";"F01";"2";"7";"0";"2";"4";"2";"1";""
"202100003053";"196Â 309";"E01";"2";"7";"0";"2";"4";"2";"1";""
"202100003053";"196Â 310";"D01";"2";"7";"0";"2";"4";"2";"1";""
"202100003053";"196Â 311";"C01";"2";"7";"0";"2";"4";"2";"2";""
"202100003053";"196Â 312";"B01";"2";"7";"0";"2";"4";"2";"1";""
"202100003053";"196Â 313";"A01";"2";"7";"0";"2";"1";"1";"1";""
"202100003054";"196Â 306";"A01";"1";"7";"0";"2";"4";"0";"2";""
"202100003054";"196Â 307";"B01";"1";"15";"0";"2";"1";"2";"1";""
"202100003055";"196Â 302";"A01";"1";"15";"0";"2";"1";"1";"1";""
"202100003055";"196Â 303";"B01";"1";"10";"0";"2";"4";"2";"1";""
"202100003055";"196Â 304";"C01";"1";"7";"0";"2";"4";"2";"1";""
"202100003055";"196Â 305";"D01";"1";"7";"0";"2";"4";"2";"1";""
"202100003056";"196Â 299";"A01";"2";"7";"4";"2";"3";"1";"1";""
"202100003056";"196Â 300";"B01";"2";"7";"0";"2";"8";"21";"1";""
"202100003056";"196Â 301";"C01";"2";"17";"0";"2";"8";"21";"1";""
"202100003057";"196Â 297";"B01";"2";"31";"0";"2";"2";"1";"1";""
"202100003057";"196Â 298";"A01";"0";"10";"0";"2";"3";"19";"1";""
"202100003058";"196Â 293";"C01";"1";"7";"0";"2";"4";"15";"1";""
"202100003058";"196Â 294";"B01";"1";"7";"0";"2";"4";"1";"1";""
"202100003058";"196Â 295";"A01";"1";"7";"0";"2";"1";"1";"1";""
"202100003059";"196Â 291";"A01";"1";"31";"0";"2";"2";"17";"1";""
"202100003059";"196Â 292";"B01";"1";"7";"0";"2";"6";"15";"1";""
"202100003060";"196Â 289";"B01";"2";"7";"0";"2";"6";"1";"1";""
"202100003060";"196Â 290";"A01";"2";"7";"4";"2";"3";"17";"1";""
"202100003061";"196Â 288";"A01";"1";"7";"8";"0";"1";"14";"1";""
"202100003062";"196Â 286";"B01";"1";"2";"0";"2";"7";"16";"1";""
"202100003062";"196Â 287";"A01";"1";"7";"0";"2";"8";"16";"1";""
"202100003063";"196Â 285";"A01";"0";"1";"9";"0";"1";"19";"0";""
"202100003064";"196Â 283";"B01";"1";"1";"0";"2";"3";"1";"0";""
"202100003064";"196Â 284";"A01";"1";"7";"0";"2";"3";"23";"1";""
"202100003065";"196Â 282";"A01";"3";"43";"0";"0";"0";"26";"1";""
"202100003066";"196Â 280";"B01";"1";"7";"0";"2";"3";"1";"1";""
"202100003066";"196Â 281";"A01";"2";"7";"0";"2";"1";"1";"1";""
"202100003067";"196Â 278";"B01";"2";"33";"1";"2";"8";"2";"1";""
"202100003067";"196Â 279";"A01";"2";"7";"0";"2";"8";"15";"1";""
"202100003068";"196Â 277";"A01";"1";"7";"0";"1";"1";"1";"1";""
"202100003069";"196Â 275";"B01";"2";"34";"1";"2";"7";"2";"1";""
"202100003069";"196Â 276";"A01";"2";"10";"0";"2";"8";"15";"1";""
"202100003070";"196Â 274";"A01";"2";"7";"4";"0";"9";"1";"1";""
"202100003071";"196Â 271";"A01";"1";"7";"0";"2";"1";"2";"1";""
"202100003071";"196Â 272";"B01";"1";"7";"0";"2";"9";"2";"1";""
"202100003071";"196Â 273";"C01";"1";"10";"0";"2";"4";"2";"1";""
"202100003072";"196Â 270";"A01";"1";"7";"0";"1";"1";"14";"1";""
"202100003073";"196Â 268";"B01";"2";"2";"0";"2";"1";"13";"1";""
"202100003073";"196Â 269";"A01";"1";"3";"1";"2";"1";"1";"1";""
"202100003074";"196Â 266";"A01";"1";"7";"0";"2";"1";"9";"1";""
"202100003074";"196Â 267";"B01";"1";"7";"1";"2";"1";"1";"1";""
"202100003075";"196Â 264";"A01";"2";"7";"0";"2";"1";"9";"1";""
"202100003075";"196Â 265";"B01";"2";"2";"0";"2";"1";"1";"1";""
"202100003076";"196Â 263";"A01";"1";"10";"13";"0";"9";"1";"1";""
"202100003077";"196Â 261";"B01";"1";"2";"0";"2";"1";"1";"1";""
"202100003077";"196Â 262";"A01";"1";"7";"0";"2";"7";"10";"1";""
"202100003078";"196Â 259";"B01";"3";"7";"11";"0";"5";"1";"1";""
"202100003078";"196Â 260";"A01";"3";"7";"0";"2";"1";"21";"1";""
"202100003079";"196Â 257";"A01";"1";"7";"0";"2";"2";"15";"1";""
"202100003079";"196Â 258";"B01";"1";"2";"0";"2";"1";"1";"1";""
"202100003080";"196Â 255";"B01";"0";"20";"0";"2";"4";"15";"1";""
"202100003080";"196Â 256";"A01";"0";"7";"0";"2";"1";"1";"1";""
"202100003081";"196Â 253";"A01";"0";"15";"0";"2";"2";"14";"1";""
"202100003081";"196Â 254";"B01";"0";"7";"0";"2";"8";"1";"1";""
"202100003082";"196Â 252";"A01";"1";"7";"6";"0";"1";"15";"1";""
"202100003083";"196Â 249";"C01";"1";"13";"0";"2";"1";"2";"1";""