"Num_Acc";"id_vehicule";"num_veh";"senc";"catv";"obs";"obsm";"choc";"manv";"motor";"occutc"
"202100003083";"196Â 250";"B01";"1";"10";"0";"2";"1";"2";"1";""
"202100003083";"196Â 251";"A01";"1";"7";"0";"2";"4";"2";"1";""
"202100003084";"196Â 246";"A01";"0";"33";"0";"0";"0";"0";"1";""
"202100003085";"196Â 244";"A01";"3";"7";"0";"2";"1";"15";"1";""
"202100003085";"196Â 245";"B01";"3";"7";"0";"2";"3";"1";"1";""
"202100003086";"196Â 242";"B01";"1";"32";"0";"2";"7";"1";"1";""
"202100003086";"196Â 243";"A01";"2";"7";"0";"2";"1";"0";"1";""
"202100003087";"196Â 241";"A01";"2";"7";"0";"1";"1";"1";"1";""
"202100003088";"196Â 240";"A01";"1";"31";"1";"0";"1";"0";"1";""
"202100003089";"196Â 239";"A01";"2";"2";"0";"0";"7";"16";"1";""
"202100003090";"196Â 237";"A01";"1";"7";"0";"2";"1";"9";"1";""
"202100003090";"196Â 238";"B01";"2";"99";"0";"2";"0";"1";"3";""
"202100003091";"196Â 236";"A01";"1";"7";"0";"1";"1";"2";"1";""
"202100003092";"196Â 235";"A01";"1";"7";"1";"0";"1";"14";"1";""
"202100003093";"196Â 233";"B01";"2";"7";"0";"2";"2";"1";"1";""
"202100003093";"196Â 234";"A01";"1";"7";"0";"2";"3";"15";"1";""
"202100003094";"196Â 231";"B01";"2";"7";"0";"2";"4";"20";"1";""
"202100003094";"196Â 232";"A01";"1";"7";"1";"2";"1";"26";"1";""
"202100003095";"196Â 230";"A01";"1";"7";"10";"0";"1";"14";"1";""
"202100003096";"196Â 229";"A01";"1";"7";"0";"1";"2";"1";"1";""
"202100003097";"196Â 228";"A01";"1";"7";"0";"1";"1";"1";"3";""
"202100003098";"196Â 227";"A01";"2";"7";"0";"1";"3";"1";"1";""
"202100003099";"196Â 225";"A01";"1";"7";"0";"2";"2";"16";"2";""
"202100003099";"196Â 226";"B01";"2";"50";"0";"2";"0";"5";"3";""
"202100003100";"196Â 223";"B01";"1";"10";"0";"2";"1";"1";"1";""
"202100003100";"196Â 224";"A01";"2";"7";"0";"2";"2";"15";"1";""
"202100003101";"196Â 222";"A01";"3";"32";"0";"0";"8";"1";"1";""
"202100003102";"196Â 220";"B01";"3";"10";"0";"2";"4";"0";"1";""
"202100003102";"196Â 221";"A01";"2";"33";"8";"0";"1";"1";"1";""
"202100003103";"196Â 217";"B01";"1";"7";"0";"2";"4";"1";"1";""
"202100003103";"196Â 218";"C01";"1";"7";"0";"2";"4";"1";"1";""
"202100003103";"196Â 219";"A01";"1";"7";"0";"2";"1";"1";"1";""
"202100003104";"196Â 216";"A01";"3";"32";"0";"0";"1";"1";"1";""
"202100003105";"196Â 214";"A01";"3";"7";"0";"2";"1";"15";"1";""
"202100003105";"196Â 215";"B01";"3";"2";"0";"2";"1";"1";"1";""
"202100003106";"196Â 211";"A01";"2";"7";"0";"2";"1";"19";"1";""
"202100003106";"196Â 212";"B01";"3";"7";"0";"2";"0";"1";"1";""
"202100003106";"196Â 213";"C01";"3";"7";"0";"2";"3";"1";"1";""
"202100003107";"196Â 210";"A01";"1";"7";"0";"1";"2";"1";"1";""
"202100003108";"196Â 209";"A01";"1";"7";"2";"0";"1";"13";"1";""
"202100003109";"196Â 208";"A01";"0";"3";"0";"1";"1";"0";"3";""
"202100003110";"196Â 206";"A01";"2";"7";"0";"2";"8";"9";"1";""
"202100003110";"196Â 207";"B01";"2";"7";"0";"2";"1";"19";"1";""
"202100003111";"196Â 205";"A01";"3";"34";"0";"0";"1";"1";"1";""
"202100003112";"196Â 203";"B01";"2";"1";"0";"2";"7";"1";"5";""
"202100003112";"196Â 204";"A01";"2";"7";"0";"2";"1";"9";"1";""
"202100003113";"196Â 202";"A01";"1";"7";"0";"2";"2";"1";"1";""
"202100003114";"196Â 200";"B01";"1";"10";"0";"2";"1";"1";"1";""
"202100003114";"196Â 201";"A01";"1";"7";"0";"2";"7";"1";"1";""
"202100003115";"196Â 196";"A01";"3";"31";"0";"1";"8";"1";"1";""
"202100003116";"196Â 195";"A01";"0";"7";"0";"1";"3";"15";"1";""
"202100003117";"196Â 193";"B01";"2";"7";"0";"2";"3";"19";"1";""
"202100003117";"196Â 194";"A01";"2";"3";"0";"2";"1";"19";"1";""
"202100003118";"196Â 191";"B01";"1";"7";"0";"2";"7";"26";"1";""
"202100003118";"196Â 192";"A01";"1";"1";"0";"2";"7";"11";"5";""
"202100003119";"196Â 190";"A01";"3";"80";"0";"0";"0";"26";"3";""
"202100003120";"196Â 188";"B01";"1";"7";"0";"2";"1";"26";"1";""
"202100003120";"196Â 189";"A01";"1";"7";"0";"2";"8";"26";"1";""
"202100003121";"196Â 187";"A01";"0";"7";"0";"1";"2";"1";"1";""
"202100003122";"196Â 185";"B01";"0";"7";"0";"2";"1";"15";"1";""
"202100003122";"196Â 186";"A01";"0";"7";"0";"2";"8";"1";"1";""
"202100003123";"196Â 183";"A01";"2";"7";"0";"2";"1";"2";"1";""
"202100003123";"196Â 184";"B01";"2";"7";"0";"2";"4";"23";"1";""
"202100003124";"196Â 182";"A01";"1";"7";"0";"1";"1";"13";"1";""
"202100003125";"196Â 180";"A01";"1";"7";"0";"2";"2";"15";"2";""
"202100003125";"196Â 181";"B01";"2";"50";"0";"2";"1";"1";"3";""
"202100003126";"196Â 178";"A01";"2";"7";"0";"2";"1";"2";"1";""
"202100003126";"196Â 179";"B01";"2";"7";"0";"2";"4";"2";"1";""
"202100003127";"196Â 176";"B01";"1";"7";"0";"2";"4";"1";"1";""
"202100003127";"196Â 177";"A01";"1";"7";"0";"2";"1";"1";"1";""
"202100003128";"196Â 174";"B01";"1";"7";"0";"2";"9";"23";"1";""
"202100003128";"196Â 175";"A01";"1";"7";"0";"2";"2";"16";"1";""
"202100003129";"196Â 173";"Z01";"1";"1";"0";"1";"1";"0";"5";""
"202100003130";"196Â 171";"B01";"2";"7";"0";"2";"4";"2";"1";""
"202100003130";"196Â 172";"A01";"2";"10";"0";"2";"1";"2";"1";""
"202100003131";"196Â 169";"Z01";"1";"7";"0";"2";"1";"9";"1";""
"202100003131";"196Â 170";"B01";"1";"7";"0";"2";"2";"15";"1";""
"202100003132";"196Â 168";"A01";"3";"7";"0";"1";"7";"1";"1";""
"202100003133";"196Â 167";"A01";"2";"7";"3";"0";"2";"14";"1";""
"202100003134";"196Â 165";"B01";"0";"7";"0";"2";"2";"1";"1";""
"202100003134";"196Â 166";"A01";"0";"10";"0";"2";"1";"1";"1";""
"202100003135";"196Â 164";"A01";"1";"7";"0";"1";"3";"1";"1";""
"202100003136";"196Â 163";"A01";"2";"7";"0";"1";"1";"1";"1";""
"202100003137";"196Â 161";"B01";"1";"7";"0";"2";"2";"1";"1";""
"202100003137";"196Â 162";"A01";"2";"7";"0";"2";"3";"19";"1";""
"202100003138";"196Â 160";"A01";"1";"7";"0";"1";"7";"1";"1";""
"202100003139";"196Â 158";"B01";"1";"7";"0";"2";"3";"15";"0";""
"202100003139";"196Â 159";"A01";"1";"7";"0";"2";"3";"1";"0";""
"202100003140";"196Â 157";"A01";"2";"30";"0";"0";"0";"26";"1";""
"202100003141";"196Â 155";"B01";"2";"2";"0";"2";"1";"1";"1";""
"202100003141";"196Â 156";"A01";"2";"7";"0";"2";"3";"20";"1";""
"202100003142";"196Â 152";"C01";"1";"7";"0";"2";"4";"2";"1";""
"202100003142";"196Â 153";"B01";"1";"7";"0";"2";"4";"2";"1";""
"202100003142";"196Â 154";"A01";"1";"7";"0";"2";"1";"26";"1";""
"202100003143";"196Â 150";"B01";"0";"7";"0";"2";"2";"15";"1";""
"202100003143";"196Â 151";"A01";"0";"32";"0";"2";"1";"1";"1";""
"202100003144";"196Â 148";"B01";"1";"7";"0";"2";"2";"1";"1";""
"202100003144";"196Â 149";"A01";"2";"32";"0";"2";"1";"5";"0";""
"202100003145";"196Â 147";"A01";"3";"7";"0";"1";"1";"1";"1";""
"202100003146";"196Â 145";"A01";"1";"7";"0";"2";"2";"0";"1";""
"202100003146";"196Â 146";"B01";"2";"7";"0";"2";"2";"0";"1";""
"202100003147";"196Â 141";"B01";"2";"7";"0";"2";"4";"2";"1";""
"202100003147";"196Â 142";"A01";"2";"7";"0";"2";"1";"2";"1";""
"202100003147";"196Â 143";"D01";"2";"7";"0";"2";"4";"2";"1";""
"202100003147";"196Â 144";"C01";"2";"7";"0";"2";"4";"2";"1";""
"202100003148";"196Â 139";"A01";"1";"7";"0";"2";"1";"19";"1";""
"202100003148";"196Â 140";"B01";"2";"7";"0";"2";"7";"1";"1";""
"202100003149";"196Â 137";"A01";"1";"7";"0";"2";"2";"1";"1";""
"202100003149";"196Â 138";"B01";"2";"7";"0";"2";"3";"1";"3";""
"202100003150";"196Â 136";"A01";"1";"7";"0";"1";"1";"1";"1";""
"202100003151";"196Â 134";"B01";"0";"7";"0";"2";"4";"1";"1";""
"202100003151";"196Â 135";"A01";"0";"7";"0";"2";"1";"1";"1";""
"202100003152";"196Â 131";"A01";"1";"7";"0";"2";"1";"1";"1";""
"202100003152";"196Â 132";"B01";"1";"7";"0";"2";"4";"1";"1";""
"202100003152";"196Â 133";"C01";"1";"7";"0";"0";"4";"1";"1";""
"202100003153";"196Â 129";"A01";"3";"7";"0";"2";"8";"9";"1";""
"202100003153";"196Â 130";"B01";"1";"2";"0";"2";"1";"1";"1";""
"202100003154";"196Â 125";"A01";"2";"7";"0";"1";"0";"13";"3";""
"202100003154";"196Â 126";"C01";"2";"7";"0";"2";"4";"23";"1";""
"202100003154";"196Â 127";"B01";"2";"1";"0";"2";"0";"1";"5";""
"202100003154";"196Â 128";"D01";"1";"10";"0";"2";"1";"1";"1";""
"202100003155";"196Â 124";"A01";"1";"7";"1";"0";"9";"13";"1";""
"202100003156";"196Â 122";"A01";"2";"10";"0";"2";"2";"1";"1";""
"202100003156";"196Â 123";"B01";"2";"50";"0";"2";"6";"21";"3";""
"202100003157";"196Â 120";"A01";"1";"30";"0";"2";"4";"2";"1";""
"202100003157";"196Â 121";"Z01";"1";"10";"0";"2";"1";"2";"0";""
"202100003158";"196Â 118";"A01";"2";"32";"0";"2";"2";"1";"3";""
"202100003158";"196Â 119";"B01";"2";"37";"0";"2";"8";"9";"1";"1"
"202100003159";"196Â 116";"B01";"2";"1";"0";"2";"8";"1";"5";""
"202100003159";"196Â 117";"A01";"1";"1";"0";"2";"8";"5";"5";""
"202100003160";"196Â 115";"A01";"2";"1";"0";"1";"0";"21";"5";""
"202100003161";"196Â 114";"A01";"3";"32";"4";"0";"8";"13";"1";""
"202100003162";"196Â 112";"A01";"1";"32";"0";"2";"4";"2";"1";""
"202100003162";"196Â 113";"B01";"1";"30";"0";"2";"4";"2";"1";""
"202100003163";"196Â 110";"B01";"2";"7";"0";"2";"1";"1";"2";""
"202100003163";"196Â 111";"A01";"2";"30";"0";"2";"2";"1";"1";""
"202100003164";"196Â 108";"B01";"2";"2";"0";"2";"2";"2";"1";""
"202100003164";"196Â 109";"A01";"1";"7";"0";"2";"2";"15";"1";""
"202100003165";"196Â 107";"A01";"1";"7";"0";"1";"2";"1";"1";""
"202100003166";"196Â 105";"B01";"2";"7";"0";"2";"5";"1";"2";""
"202100003166";"196Â 106";"A01";"2";"7";"0";"2";"3";"12";"1";""
"202100003167";"196Â 104";"A01";"2";"32";"14";"0";"4";"13";"1";""
"202100003168";"196Â 103";"A01";"2";"7";"0";"1";"7";"1";"1";""
"202100003169";"196Â 102";"A01";"3";"7";"0";"1";"0";"26";"0";""
"202100003170";"196Â 101";"A01";"3";"7";"14";"0";"1";"26";"1";""
"202100003171";"196Â 099";"B01";"0";"7";"0";"2";"1";"1";"1";""
"202100003171";"196Â 100";"A01";"0";"7";"1";"2";"1";"1";"1";""
"202100003172";"196Â 097";"A01";"1";"7";"0";"2";"1";"1";"1";""
"202100003172";"196Â 098";"B01";"2";"13";"0";"2";"1";"5";"0";""
"202100003173";"196Â 095";"A01";"1";"10";"0";"1";"3";"1";"1";""
"202100003174";"196Â 093";"A01";"1";"7";"0";"2";"6";"15";"1";""
"202100003174";"196Â 094";"B01";"1";"10";"0";"2";"1";"1";"1";""
"202100003175";"196Â 090";"A01";"0";"10";"0";"1";"1";"16";"1";""
"202100003176";"196Â 088";"B01";"2";"30";"0";"2";"4";"1";"1";""
"202100003176";"196Â 089";"A01";"2";"7";"0";"2";"1";"2";"0";""
"202100003177";"196Â 087";"A01";"1";"7";"0";"1";"2";"16";"1";""
"202100003178";"196Â 086";"A01";"3";"10";"17";"0";"2";"1";"3";""
"202100003179";"196Â 085";"A01";"1";"10";"0";"1";"6";"4";"1";""
"202100003180";"196Â 083";"A01";"1";"7";"0";"2";"1";"1";"1";""
"202100003180";"196Â 084";"B01";"1";"7";"0";"2";"7";"1";"1";""
"202100003181";"196Â 082";"A01";"1";"7";"8";"0";"1";"1";"1";""
"202100003182";"196Â 080";"A01";"3";"7";"0";"2";"3";"11";"1";""
"202100003182";"196Â 081";"B01";"3";"2";"0";"2";"7";"1";"1";""
"202100003183";"196Â 079";"A01";"2";"7";"0";"1";"2";"1";"3";""
"202100003184";"196Â 078";"A01";"2";"33";"6";"2";"7";"26";"0";""
"202100003185";"196Â 077";"A01";"1";"7";"3";"0";"2";"1";"1";""
"202100003186";"196Â 075";"A01";"1";"2";"0";"0";"7";"1";"1";""
"202100003186";"196Â 076";"B01";"2";"10";"0";"2";"1";"1";"1";""
"202100003187";"196Â 073";"B01";"2";"7";"0";"2";"3";"1";"1";""
"202100003187";"196Â 074";"A01";"1";"7";"0";"2";"3";"0";"1";""
"202100003188";"196Â 071";"A01";"1";"2";"0";"2";"1";"1";"1";""
"202100003188";"196Â 072";"B01";"1";"7";"0";"2";"7";"15";"1";""
"202100003189";"196Â 069";"B01";"2";"7";"0";"2";"2";"1";"1";""
"202100003189";"196Â 070";"A01";"1";"16";"0";"2";"5";"20";"1";""
"202100003190";"196Â 067";"B01";"1";"7";"0";"2";"1";"1";"1";""
"202100003190";"196Â 068";"A01";"2";"7";"0";"2";"1";"15";"1";""
"202100003191";"196Â 065";"B01";"2";"10";"0";"2";"3";"1";"1";""
"202100003191";"196Â 066";"A01";"1";"7";"0";"2";"1";"13";"1";""
"202100003192";"196Â 063";"A01";"1";"2";"0";"2";"1";"2";"1";""
"202100003192";"196Â 064";"B01";"1";"7";"0";"0";"4";"2";"1";""
"202100003193";"196Â 062";"A01";"2";"7";"0";"1";"1";"1";"1";""
"202100003194";"196Â 061";"A01";"1";"7";"2";"0";"2";"1";"1";""
"202100003195";"196Â 060";"A01";"0";"7";"0";"0";"0";"1";"1";""
"202100003196";"196Â 059";"A01";"2";"7";"2";"0";"1";"1";"1";""
"202100003197";"196Â 057";"B01";"1";"17";"0";"2";"3";"1";"1";""
"202100003197";"196Â 058";"A01";"2";"17";"0";"2";"3";"1";"1";""
"202100003198";"196Â 054";"C01";"1";"7";"0";"2";"3";"15";"1";""
"202100003198";"196Â 055";"B01";"2";"2";"0";"2";"1";"1";"1";""
"202100003198";"196Â 056";"A01";"1";"7";"0";"2";"3";"15";"1";""
"202100003199";"196Â 052";"A01";"3";"7";"0";"9";"1";"1";"1";""
"202100003199";"196Â 053";"B01";"3";"1";"0";"2";"8";"26";"5";""
"202100003200";"196Â 049";"C01";"2";"7";"0";"2";"1";"14";"1";""
"202100003200";"196Â 050";"B01";"2";"7";"4";"2";"9";"12";"1";""
"202100003200";"196Â 051";"A01";"2";"7";"0";"2";"1";"1";"1";""
"202100003201";"196Â 047";"B01";"1";"7";"0";"0";"1";"17";"1";""
"202100003201";"196Â 048";"A01";"1";"15";"0";"0";"6";"1";"1";""
"202100003202";"196Â 046";"A01";"2";"32";"0";"0";"0";"1";"1";""
"202100003203";"196Â 044";"B01";"1";"2";"0";"2";"1";"1";"1";""
"202100003203";"196Â 045";"A01";"0";"7";"0";"2";"8";"19";"1";""
"202100003204";"196Â 043";"A01";"2";"33";"0";"0";"4";"2";"1";""
"202100003205";"196Â 041";"B01";"2";"7";"0";"2";"1";"1";"1";""
"202100003205";"196Â 042";"A01";"1";"7";"0";"2";"8";"15";"1";""
"202100003206";"196Â 039";"B01";"3";"7";"0";"2";"1";"1";"1";""
"202100003206";"196Â 040";"A01";"3";"7";"0";"2";"1";"5";"1";""
"202100003207";"196Â 037";"A01";"2";"7";"0";"2";"3";"1";"1";""
"202100003207";"196Â 038";"B01";"1";"7";"0";"2";"3";"1";"1";""
"202100003208";"196Â 036";"A01";"3";"7";"0";"0";"0";"15";"1";""
"202100003209";"196Â 035";"A01";"1";"10";"0";"1";"2";"1";"1";""
"202100003210";"196Â 034";"A01";"1";"10";"0";"1";"2";"1";"1";""
"202100003211";"196Â 032";"B01";"0";"7";"0";"0";"5";"15";"1";""
"202100003211";"196Â 033";"A01";"0";"33";"0";"0";"1";"1";"1";""
"202100003212";"196Â 031";"A01";"2";"15";"0";"0";"0";"1";"1";""
"202100003213";"196Â 030";"A01";"3";"7";"8";"0";"9";"1";"1";""
"202100003214";"196Â 028";"A01";"2";"17";"0";"2";"5";"2";"1";""
"202100003214";"196Â 029";"B01";"1";"17";"0";"2";"3";"2";"1";""
"202100003215";"196Â 024";"Z01";"2";"10";"0";"0";"0";"0";"0";""
"202100003215";"196Â 025";"B01";"2";"7";"0";"2";"4";"2";"1";""
"202100003216";"196Â 022";"A01";"2";"7";"0";"2";"9";"14";"1";""
"202100003216";"196Â 023";"B01";"2";"10";"0";"2";"6";"1";"1";""
"202100003217";"196Â 020";"B01";"1";"7";"0";"2";"4";"2";"1";""
"202100003217";"196Â 021";"A01";"1";"7";"0";"2";"1";"2";"1";""
"202100003218";"196Â 018";"A01";"1";"7";"0";"2";"7";"12";"1";""
"202100003218";"196Â 019";"B01";"1";"31";"0";"2";"1";"3";"1";""
"202100003219";"196Â 016";"A01";"2";"7";"0";"2";"4";"2";"1";""
"202100003219";"196Â 017";"B01";"2";"7";"0";"2";"4";"1";"1";""
"202100003220";"196Â 014";"B01";"1";"7";"0";"2";"4";"1";"1";""
"202100003220";"196Â 015";"A01";"1";"10";"0";"2";"1";"9";"1";""
"202100003221";"196Â 013";"A01";"1";"7";"4";"0";"2";"0";"1";""
"202100003222";"196Â 012";"A01";"1";"31";"0";"0";"2";"1";"1";""
"202100003223";"196Â 010";"A01";"2";"7";"0";"2";"1";"2";"1";""
"202100003223";"196Â 011";"B01";"2";"43";"0";"2";"6";"21";"1";""
"202100003224";"196Â 008";"A01";"2";"7";"0";"2";"1";"1";"1";""
"202100003224";"196Â 009";"B01";"2";"7";"0";"2";"4";"1";"1";""
"202100003225";"196Â 006";"A01";"1";"32";"0";"2";"7";"0";"0";""
"202100003225";"196Â 007";"Z01";"1";"0";"0";"2";"0";"0";"0";""
"202100003226";"196Â 005";"A01";"1";"7";"3";"0";"1";"13";"1";""
"202100003227";"196Â 003";"B01";"1";"7";"0";"2";"1";"0";"2";""
"202100003227";"196Â 004";"A01";"1";"7";"0";"2";"4";"1";"1";""
"202100003228";"196Â 001";"A01";"1";"15";"0";"2";"4";"0";"1";""
"202100003228";"196Â 002";"B01";"1";"7";"0";"2";"1";"0";"1";""
"202100003229";"195Â 999";"B01";"2";"7";"0";"2";"1";"2";"1";""
"202100003229";"196Â 000";"A01";"2";"14";"0";"2";"4";"2";"0";""
"202100003230";"195Â 997";"B01";"2";"2";"0";"2";"1";"1";"1";""
"202100003230";"195Â 998";"A01";"1";"7";"0";"2";"8";"9";"1";""
"202100003231";"195Â 995";"A01";"1";"30";"0";"2";"3";"8";"1";""
"202100003231";"195Â 996";"B01";"3";"7";"0";"2";"0";"0";"1";""
"202100003232";"195Â 992";"A01";"1";"7";"1";"2";"1";"1";"1";""
"202100003232";"195Â 993";"B01";"1";"7";"1";"2";"4";"1";"1";""
"202100003232";"195Â 994";"C01";"1";"7";"0";"2";"4";"24";"1";""
"202100003233";"195Â 989";"A01";"1";"7";"0";"2";"3";"1";"1";""
"202100003233";"195Â 990";"B01";"1";"7";"0";"2";"5";"16";"6";""
"202100003233";"195Â 991";"C01";"1";"7";"0";"2";"6";"1";"1";""
"202100003234";"195Â 987";"A01";"3";"7";"0";"2";"2";"17";"1";""
"202100003234";"195Â 988";"B01";"1";"10";"0";"2";"2";"2";"1";""
"202100003235";"195Â 986";"A01";"2";"33";"0";"1";"1";"1";"1";""
"202100003236";"195Â 984";"A01";"1";"7";"0";"2";"6";"13";"1";""
"202100003236";"195Â 985";"B01";"2";"13";"0";"2";"3";"1";"1";""
"202100003237";"195Â 982";"B01";"1";"7";"0";"2";"2";"1";"1";""
"202100003237";"195Â 983";"A01";"2";"7";"15";"2";"8";"1";"1";""
"202100003238";"195Â 980";"A01";"1";"7";"0";"2";"1";"1";"1";""
"202100003238";"195Â 981";"B01";"1";"7";"0";"2";"4";"1";"1";""
"202100003239";"195Â 978";"A01";"1";"7";"0";"2";"2";"15";"6";""
"202100003239";"195Â 979";"B01";"2";"33";"0";"2";"1";"1";"6";""
"202100003240";"195Â 976";"B01";"1";"7";"0";"9";"1";"1";"1";""
"202100003240";"195Â 977";"A01";"2";"7";"4";"0";"3";"13";"1";""
"202100003241";"195Â 973";"A01";"1";"7";"2";"0";"9";"0";"1";""
"202100003242";"195Â 971";"B01";"0";"7";"0";"2";"3";"1";"1";""
"202100003242";"195Â 972";"A01";"0";"7";"0";"2";"1";"1";"1";""
"202100003243";"195Â 969";"A01";"2";"7";"0";"2";"1";"1";"1";""
"202100003243";"195Â 970";"B01";"1";"7";"1";"2";"2";"15";"1";""
"202100003244";"195Â 967";"B01";"1";"7";"0";"2";"2";"1";"1";""
"202100003244";"195Â 968";"A01";"2";"7";"0";"2";"1";"19";"1";""
"202100003245";"195Â 966";"A01";"1";"7";"0";"1";"3";"1";"1";""
"202100003246";"195Â 964";"A01";"0";"7";"0";"2";"1";"2";"0";""
"202100003246";"195Â 965";"B01";"3";"7";"0";"0";"4";"23";"1";""
"202100003247";"195Â 961";"A01";"2";"7";"0";"2";"1";"2";"1";""
"202100003247";"195Â 962";"B01";"2";"7";"0";"2";"1";"2";"1";""
"202100003247";"195Â 963";"C01";"2";"7";"0";"2";"4";"2";"1";""
"202100003248";"195Â 955";"A01";"2";"7";"0";"2";"7";"3";"1";""
"202100003248";"195Â 956";"F01";"2";"7";"0";"2";"4";"1";"1";""
"202100003248";"195Â 957";"E01";"2";"7";"0";"2";"8";"1";"1";""
"202100003248";"195Â 958";"D01";"2";"7";"0";"2";"8";"1";"1";""
"202100003248";"195Â 959";"C01";"2";"7";"0";"2";"8";"1";"1";""
"202100003248";"195Â 960";"B01";"2";"7";"0";"2";"8";"1";"1";""
"202100003249";"195Â 953";"B01";"2";"7";"0";"2";"0";"0";"1";""
"202100003249";"195Â 954";"A01";"2";"7";"0";"2";"1";"2";"1";""
"202100003250";"195Â 951";"A01";"1";"7";"0";"2";"1";"1";"1";""
"202100003250";"195Â 952";"B01";"1";"1";"0";"2";"4";"1";"5";""
"202100003251";"195Â 950";"A01";"1";"33";"0";"0";"0";"1";"1";""
"202100003252";"195Â 948";"A01";"1";"7";"0";"2";"3";"9";"1";""
"202100003252";"195Â 949";"B01";"2";"1";"0";"2";"1";"1";"5";""
"202100003253";"195Â 947";"A01";"3";"7";"8";"0";"8";"1";"1";""
"202100003254";"195Â 946";"A01";"2";"7";"12";"0";"2";"1";"1";""
"202100003255";"195Â 945";"A01";"2";"33";"0";"1";"1";"14";"1";""
"202100003256";"195Â 943";"A01";"0";"32";"0";"2";"8";"1";"1";""
"202100003256";"195Â 944";"B01";"0";"7";"0";"2";"7";"2";"0";""
"202100003257";"195Â 942";"A01";"1";"7";"0";"1";"2";"1";"1";""
"202100003258";"195Â 939";"B01";"1";"7";"0";"2";"8";"2";"1";""
"202100003258";"195Â 940";"C01";"1";"7";"0";"2";"5";"1";"2";""
"202100003258";"195Â 941";"A01";"1";"33";"0";"2";"7";"3";"1";""
"202100003259";"195Â 937";"Z01";"1";"7";"0";"2";"5";"16";"1";""
"202100003259";"195Â 938";"A01";"1";"80";"0";"2";"1";"18";"3";""
"202100003260";"195Â 936";"A01";"1";"10";"0";"1";"6";"1";"1";""
"202100003261";"195Â 934";"A01";"1";"32";"0";"2";"7";"21";"1";""
"202100003261";"195Â 935";"B01";"3";"7";"0";"2";"6";"23";"1";""
"202100003262";"195Â 932";"B01";"2";"32";"0";"2";"1";"1";"1";""
"202100003262";"195Â 933";"A01";"2";"7";"0";"2";"1";"15";"1";""
"202100003263";"195Â 931";"A01";"3";"30";"0";"0";"0";"11";"1";""
"202100003264";"195Â 930";"Z01";"3";"7";"0";"1";"0";"1";"0";""
"202100003265";"195Â 928";"B01";"2";"7";"0";"2";"7";"16";"1";""
"202100003265";"195Â 929";"A01";"2";"7";"0";"2";"5";"4";"1";""
"202100003266";"195Â 926";"A01";"1";"30";"0";"2";"8";"1";"1";""
"202100003266";"195Â 927";"Z01";"1";"1";"0";"2";"0";"14";"5";""
"202100003267";"195Â 925";"A01";"2";"10";"0";"1";"3";"15";"1";""
"202100003268";"195Â 924";"A01";"3";"7";"9";"0";"1";"1";"1";""
"202100003269";"195Â 922";"B01";"1";"2";"0";"2";"2";"1";"3";""
"202100003269";"195Â 923";"A01";"1";"7";"0";"2";"3";"20";"0";""
"202100003270";"195Â 919";"C01";"2";"7";"0";"2";"2";"2";"0";""
"202100003270";"195Â 920";"B01";"2";"7";"0";"0";"4";"2";"1";""
"202100003270";"195Â 921";"Z01";"2";"7";"0";"2";"1";"3";"1";""
"202100003271";"195Â 915";"B01";"2";"1";"0";"2";"1";"1";"5";""
"202100003271";"195Â 916";"A01";"1";"7";"0";"2";"3";"15";"1";""
"202100003272";"195Â 913";"A01";"3";"2";"0";"2";"7";"5";"1";""
"202100003272";"195Â 914";"B01";"0";"7";"0";"2";"2";"1";"1";""
"202100003273";"195Â 912";"A01";"1";"43";"0";"1";"2";"1";"1";""
"202100003274";"195Â 910";"A01";"2";"30";"0";"2";"1";"13";"1";""
"202100003274";"195Â 911";"B01";"1";"7";"0";"2";"3";"1";"1";""
"202100003275";"195Â 909";"A01";"2";"7";"0";"1";"3";"1";"1";""
"202100003276";"195Â 907";"B01";"1";"31";"0";"2";"5";"1";"1";""
"202100003276";"195Â 908";"A01";"2";"7";"0";"2";"2";"9";"1";""
"202100003277";"195Â 906";"A01";"0";"7";"0";"1";"1";"1";"1";""
"202100003278";"195Â 904";"B01";"2";"33";"7";"0";"8";"1";"1";""
"202100003278";"195Â 905";"A01";"1";"7";"0";"2";"1";"19";"1";""
"202100003279";"195Â 902";"A01";"2";"7";"0";"2";"3";"13";"1";""
"202100003279";"195Â 903";"B01";"1";"33";"0";"2";"3";"1";"1";""
"202100003280";"195Â 901";"A01";"1";"80";"0";"6";"0";"0";"3";""
"202100003281";"195Â 898";"C01";"1";"7";"0";"0";"4";"23";"1";""
"202100003281";"195Â 899";"B01";"1";"10";"0";"2";"6";"23";"1";""
"202100003281";"195Â 900";"A01";"1";"7";"0";"2";"2";"2";"1";""
"202100003282";"195Â 896";"A01";"3";"7";"0";"2";"1";"1";"1";""
"202100003282";"195Â 897";"B01";"3";"7";"0";"2";"1";"15";"1";""
"202100003283";"195Â 894";"B01";"1";"3";"0";"2";"3";"1";"1";""
"202100003283";"195Â 895";"A01";"1";"33";"0";"2";"1";"17";"1";""
"202100003284";"195Â 893";"A01";"1";"7";"0";"1";"2";"1";"1";""
"202100003285";"195Â 891";"A01";"1";"7";"0";"2";"7";"15";"1";""
"202100003285";"195Â 892";"B01";"2";"7";"0";"2";"1";"1";"1";""
"202100003286";"195Â 889";"B01";"2";"7";"0";"2";"1";"1";"1";""
"202100003286";"195Â 890";"A01";"1";"7";"0";"2";"1";"5";"1";""
"202100003287";"195Â 888";"A01";"1";"7";"0";"1";"1";"1";"1";""