"Num_Acc";"id_vehicule";"num_veh";"senc";"catv";"obs";"obsm";"choc";"manv";"motor";"occutc"
"202100003288";"195Â 886";"B01";"1";"10";"0";"2";"1";"1";"1";""
"202100003288";"195Â 887";"A01";"2";"7";"0";"2";"2";"15";"1";""
"202100003289";"195Â 885";"A01";"1";"7";"15";"0";"0";"1";"1";""
"202100003290";"195Â 883";"B01";"2";"7";"0";"2";"1";"1";"1";""
"202100003290";"195Â 884";"A01";"1";"7";"0";"2";"2";"11";"1";""
"202100003291";"195Â 882";"A01";"2";"7";"6";"0";"7";"1";"1";""
"202100003292";"195Â 880";"A01";"1";"7";"8";"0";"1";"1";"2";""
"202100003293";"195Â 879";"A01";"1";"2";"0";"0";"0";"0";"1";""
"202100003294";"195Â 877";"A01";"2";"7";"0";"2";"1";"1";"1";""
"202100003294";"195Â 878";"B01";"1";"7";"0";"2";"1";"1";"1";""
"202100003295";"195Â 876";"A01";"1";"7";"12";"0";"2";"1";"1";""
"202100003296";"195Â 875";"A01";"2";"7";"0";"0";"9";"1";"1";""
"202100003297";"195Â 873";"A01";"2";"10";"0";"2";"1";"15";"1";""
"202100003297";"195Â 874";"B01";"1";"7";"0";"2";"1";"1";"1";""
"202100003298";"195Â 872";"A01";"1";"7";"0";"1";"4";"4";"1";""
"202100003299";"195Â 871";"A01";"1";"7";"0";"1";"1";"1";"1";""
"202100003300";"195Â 869";"B01";"2";"10";"0";"2";"1";"1";"1";""
"202100003300";"195Â 870";"A01";"1";"7";"0";"2";"3";"19";"1";""
"202100003301";"195Â 868";"A01";"2";"10";"3";"0";"7";"14";"1";""
"202100003302";"195Â 865";"A01";"1";"7";"0";"2";"1";"5";"1";""
"202100003302";"195Â 866";"B01";"2";"7";"0";"2";"1";"1";"1";""
"202100003302";"195Â 867";"C01";"2";"7";"0";"2";"1";"1";"1";""
"202100003303";"195Â 864";"A01";"0";"7";"14";"0";"1";"13";"1";""
"202100003304";"195Â 862";"B01";"1";"7";"0";"2";"2";"1";"1";""
"202100003304";"195Â 863";"A01";"1";"7";"0";"2";"1";"1";"1";""
"202100003305";"195Â 860";"A01";"2";"7";"0";"2";"1";"2";"1";""
"202100003305";"195Â 861";"B01";"2";"7";"0";"0";"4";"23";"3";""
"202100003306";"195Â 857";"A01";"1";"7";"0";"1";"1";"1";"1";""
"202100003307";"195Â 856";"A01";" -1";"7";"2";"0";"1";"1";"0";""
"202100003308";"195Â 854";"B01";"1";"1";"0";"0";"8";"19";"5";""
"202100003308";"195Â 855";"A01";"1";"7";"0";"0";"1";"1";"1";""
"202100003309";"195Â 852";"A01";"3";"7";"0";"2";"3";"16";"1";""
"202100003309";"195Â 853";"B01";"3";"2";"0";"2";"3";"15";"1";""
"202100003310";"195Â 850";"A01";"2";"7";"0";"0";"3";"17";"1";""
"202100003310";"195Â 851";"B01";"1";"2";"13";"0";"1";"1";"1";""
"202100003311";"195Â 848";"B01";"3";"2";"0";"2";"8";"1";"1";""
"202100003311";"195Â 849";"A01";"3";"7";"0";"2";"1";"19";"1";""
"202100003312";"195Â 846";"B01";"2";"7";"0";"2";"1";"1";"0";""
"202100003312";"195Â 847";"A01";"1";"7";"0";"2";"2";"15";"0";""
"202100003313";"195Â 845";"A01";"3";"7";"0";"1";"1";"0";"1";""
"202100003314";"195Â 843";"A01";"2";"10";"0";"0";"4";"23";"1";""
"202100003314";"195Â 844";"B01";"2";"7";"0";"2";"1";"2";"1";""
"202100003315";"195Â 841";"B01";"1";"1";"0";"0";"7";"1";"5";""
"202100003315";"195Â 842";"A01";"2";"10";"0";"9";"1";"26";"6";""
"202100003316";"195Â 839";"A01";"2";"10";"0";"2";"3";"13";"1";""
"202100003316";"195Â 840";"B01";"1";"15";"0";"2";"3";"1";"1";""
"202100003317";"195Â 836";"Z01";"0";"7";"0";"0";"0";"0";"0";""
"202100003317";"195Â 837";"B01";"1";"7";"0";"2";"9";"0";"1";""
"202100003317";"195Â 838";"A01";"1";"7";"0";"2";"4";"26";"1";""
"202100003318";"195Â 834";"B01";"2";"7";"0";"2";"4";"1";"1";""
"202100003318";"195Â 835";"A01";"2";"7";"0";"2";"1";"11";"1";""
"202100003319";"195Â 831";"T01";"1";"10";"0";"0";"0";"0";"0";""
"202100003319";"195Â 832";"B01";"1";"10";"0";"0";"1";"5";"1";""
"202100003319";"195Â 833";"A01";"1";"15";"0";"2";"2";"2";"1";""
"202100003320";"195Â 830";"A01";"2";"7";"0";"2";"0";"1";"1";""
"202100003321";"195Â 828";"B01";"2";"7";"4";"2";"4";"2";"1";""
"202100003321";"195Â 829";"A01";"2";"7";"4";"2";"1";"1";"1";""
"202100003322";"195Â 827";"A01";"2";"7";"4";"0";"7";"14";"1";""
"202100003323";"195Â 822";"Z01";"2";"7";"0";"2";"4";"11";"0";""
"202100003323";"195Â 823";"D01";"2";"7";"0";"9";"1";"0";"1";""
"202100003323";"195Â 824";"C01";"2";"7";"0";"2";"3";"2";"1";""
"202100003323";"195Â 825";"B01";"2";"7";"3";"2";"3";"1";"1";""
"202100003323";"195Â 826";"A01";"2";"7";"0";"2";"1";"21";"1";""
"202100003324";"195Â 819";"C01";"2";"7";"0";"2";"4";"2";"1";""
"202100003324";"195Â 820";"B01";"2";"7";"0";"2";"4";"2";"1";""
"202100003324";"195Â 821";"A01";"2";"7";"0";"2";"1";"2";"1";""
"202100003325";"195Â 817";"B01";"1";"7";"0";"2";"6";"1";"1";""
"202100003325";"195Â 818";"A01";"1";"7";"0";"2";"2";"2";"1";""
"202100003326";"195Â 815";"A01";"1";"7";"0";"2";"1";"15";"1";""
"202100003326";"195Â 816";"B01";"1";"7";"0";"2";"6";"11";"1";""
"202100003327";"195Â 811";"A01";"1";"7";"0";"2";"1";"1";"1";""
"202100003327";"195Â 812";"B01";"1";"7";"0";"2";"4";"1";"2";""
"202100003327";"195Â 813";"C01";"1";"7";"0";"2";"4";"1";"1";""
"202100003327";"195Â 814";"D01";"1";"7";"0";"2";"4";"1";"1";""
"202100003328";"195Â 809";"B01";"1";"7";"0";"2";"3";"12";"1";""
"202100003328";"195Â 810";"A01";"1";"7";"0";"2";"3";"12";"2";""
"202100003329";"195Â 808";"A01";"1";"33";"0";"0";"7";"16";"1";""
"202100003330";"195Â 806";"A01";"1";"7";"0";"2";"1";"5";"1";""
"202100003330";"195Â 807";"B01";"2";"10";"0";"2";"1";"13";"1";""
"202100003331";"195Â 805";"A01";"3";"7";"13";"0";"1";"1";"1";""
"202100003332";"195Â 803";"B01";"1";"7";"0";"2";"3";"2";"1";""
"202100003332";"195Â 804";"A01";"1";"7";"4";"0";"3";"23";"1";""
"202100003333";"195Â 802";"A01";"0";"2";"0";"0";"0";"1";"1";""
"202100003334";"195Â 800";"B01";"3";"10";"0";"2";"8";"1";"1";""
"202100003334";"195Â 801";"A01";"3";"37";"0";"2";"1";"1";"1";"1"
"202100003335";"195Â 798";"A01";"2";"7";"3";"2";"1";"2";"1";""
"202100003335";"195Â 799";"B01";"2";"14";"3";"2";"8";"2";"1";""
"202100003336";"195Â 796";"A01";"1";"7";"1";"0";"1";"1";"1";""
"202100003337";"195Â 795";"A01";"3";"7";"13";"0";"1";"1";"1";""
"202100003338";"195Â 792";"A01";"1";"7";"0";"2";"1";"13";"1";""
"202100003338";"195Â 793";"B01";"2";"14";"0";"2";"1";"1";"1";""
"202100003338";"195Â 794";"C01";"1";"7";"0";"2";"1";"1";"1";""
"202100003339";"195Â 791";"A01";"1";"7";"3";"0";"2";"1";"1";""
"202100003340";"195Â 790";"A01";"1";"7";"2";"0";"1";"0";"1";""
"202100003341";"195Â 788";"A01";"3";"7";"0";"2";"3";"1";"0";""
"202100003341";"195Â 789";"B01";"3";"1";"0";"2";"1";"1";"5";""
"202100003342";"195Â 787";"A01";"1";"33";"0";"0";"8";"1";"1";""
"202100003343";"195Â 786";"A01";"1";"7";"6";"0";"3";"13";"1";""
"202100003344";"195Â 785";"A01";"2";"7";"14";"0";"1";"1";"1";""
"202100003345";"195Â 783";"B01";"2";"7";"0";"2";"3";"1";"1";""
"202100003345";"195Â 784";"A01";"1";"7";"0";"2";"3";"13";"1";""
"202100003346";"195Â 782";"A01";"1";"7";"5";"0";"9";"1";"1";""
"202100003347";"195Â 780";"B01";"2";"7";"0";"2";"2";"1";"1";""
"202100003347";"195Â 781";"A01";"2";"7";"0";"2";"3";"19";"1";""
"202100003348";"195Â 778";"B01";"2";"7";"0";"2";"1";"1";"1";""
"202100003348";"195Â 779";"A01";"1";"7";"0";"2";"1";"13";"1";""
"202100003349";"195Â 777";"A01";"1";"2";"13";"0";"1";"1";"1";""
"202100003350";"195Â 776";"A01";"3";"7";"0";"1";"1";"20";"1";""
"202100003351";"195Â 775";"A01";"1";"7";"13";"0";"9";"1";"1";""
"202100003352";"195Â 772";"C01";"1";"7";"0";"2";"4";"2";"1";""
"202100003352";"195Â 773";"B01";"2";"7";"0";"2";"1";"5";"1";""
"202100003352";"195Â 774";"A01";"1";"7";"0";"2";"1";"2";"1";""
"202100003353";"195Â 770";"A01";"3";"7";"0";"2";"3";"15";"1";""
"202100003353";"195Â 771";"B01";"2";"33";"0";"2";"1";"1";"1";""
"202100003354";"195Â 768";"B01";"0";"7";"0";"2";"1";"1";"1";""
"202100003354";"195Â 769";"A01";"0";"7";"0";"2";"4";"0";"1";""
"202100003355";"195Â 766";"B01";"1";"1";"0";"2";"1";"1";"5";""
"202100003355";"195Â 767";"A01";"1";"7";"0";"9";"2";"9";"1";""
"202100003356";"195Â 764";"A01";"1";"7";"7";"4";"2";"1";"1";""
"202100003356";"195Â 765";"B01";"3";"39";"0";"2";"3";"1";"3";""
"202100003357";"195Â 762";"B01";"0";"7";"0";"2";"3";"1";"1";""
"202100003357";"195Â 763";"A01";"0";"13";"0";"2";"3";"1";"1";""
"202100003358";"195Â 760";"A01";"1";"7";"6";"2";"1";"1";"1";""
"202100003358";"195Â 761";"B01";"2";"7";"0";"2";"2";"1";"1";""
"202100003359";"195Â 758";"B01";"2";"33";"0";"2";"1";"1";"1";""
"202100003359";"195Â 759";"A01";"1";"10";"0";"2";"2";"19";"1";""
"202100003360";"195Â 757";"A01";"2";"7";"6";"0";"8";"13";"1";""
"202100003361";"195Â 756";"A01";"1";"7";"13";"0";"3";"2";"1";""
"202100003362";"195Â 754";"B01";"1";"7";"0";"2";"2";"19";"1";""
"202100003362";"195Â 755";"A01";"2";"2";"0";"2";"1";"1";"1";""
"202100003363";"195Â 752";"A01";"1";"7";"0";"2";"1";"1";"1";""
"202100003363";"195Â 753";"B01";"1";"7";"0";"2";"1";"1";"1";""
"202100003364";"195Â 750";"B01";"1";"17";"0";"0";"4";"2";"1";""
"202100003364";"195Â 751";"A01";"1";"7";"0";"2";"1";"0";"1";""
"202100003365";"195Â 748";"B01";"1";"1";"0";"2";"8";"2";"5";""
"202100003365";"195Â 749";"A01";"1";"38";"0";"2";"7";"2";"1";"1"
"202100003366";"195Â 745";"C01";"1";"7";"14";"0";"8";"1";"1";""
"202100003366";"195Â 746";"B01";"1";"10";"0";"2";"2";"0";"1";""
"202100003366";"195Â 747";"A01";"1";"7";"3";"0";"6";"1";"1";""
"202100003367";"195Â 739";"E01";"1";"7";"0";"2";"3";"21";"1";""
"202100003367";"195Â 740";"D01";"1";"7";"0";"2";"2";"1";"1";""
"202100003367";"195Â 741";"C01";"1";"10";"0";"2";"1";"1";"1";""
"202100003367";"195Â 742";"A01";"1";"17";"0";"2";"4";"13";"1";""
"202100003368";"195Â 737";"A01";"3";"7";"0";"2";"3";"15";"1";""
"202100003368";"195Â 738";"B01";"3";"31";"0";"2";"8";"1";"0";""
"202100003369";"195Â 736";"A01";"2";"2";"3";"0";"1";"1";"1";""
"202100003370";"195Â 735";"A01";"1";"7";"2";"0";"1";"14";"1";""
"202100003371";"195Â 733";"B01";"1";"14";"0";"0";"1";"1";"1";""
"202100003371";"195Â 734";"A01";"2";"7";"15";"0";"2";"13";"1";""
"202100003372";"195Â 732";"A01";"0";"7";"2";"0";"1";"0";"1";""
"202100003373";"195Â 730";"A01";"1";"10";"0";"0";"8";"19";"1";""
"202100003373";"195Â 731";"B01";"1";"33";"0";"2";"1";"1";"1";""
"202100003374";"195Â 728";"A01";"2";"7";"0";"2";"1";"0";"1";""
"202100003374";"195Â 729";"B01";"1";"7";"0";"2";"1";"0";"1";""
"202100003375";"195Â 726";"A01";"0";"2";"0";"2";"2";"1";"1";""
"202100003375";"195Â 727";"B01";"0";"7";"0";"2";"2";"1";" -1";""
"202100003376";"195Â 724";"A01";"1";"31";"0";"0";"0";"1";"1";""
"202100003376";"195Â 725";"B01";"2";"32";"0";"0";"0";"1";"1";""
"202100003377";"195Â 722";"A01";"3";"30";"0";"2";"1";"19";"1";""
"202100003377";"195Â 723";"B01";"3";"7";"0";"2";"2";"1";"1";""
"202100003378";"195Â 721";"A01";"2";"7";"16";"9";"1";"0";"1";""
"202100003379";"195Â 719";"A01";"2";"33";"0";"2";"7";"1";"1";""
"202100003379";"195Â 720";"B01";"1";"7";"0";"2";"1";"6";"1";""
"202100003380";"195Â 715";"B01";"1";"7";"0";"2";"6";"9";"1";""
"202100003380";"195Â 716";"A01";"1";"17";"0";"2";"2";"1";"1";""
"202100003381";"195Â 714";"A01";"2";"7";"16";"0";"2";"14";"1";""
"202100003382";"195Â 713";"A01";"3";"7";"0";"1";"8";"15";"1";""
"202100003383";"195Â 712";"A01";"2";"30";"12";"0";"2";"14";"1";""
"202100003384";"195Â 710";"A01";" -1";"1";"0";"2";"0";"26";"5";""
"202100003384";"195Â 711";"B01";" -1";"7";"0";"2";"0";"0";"0";""
"202100003385";"195Â 709";"A01";"3";"7";"0";"1";"2";"1";"1";""
"202100003386";"195Â 708";"A01";"1";"7";"8";"0";"2";"20";"1";""
"202100003387";"195Â 705";"A01";"1";"7";"0";"2";"4";"26";"1";""
"202100003387";"195Â 706";"B01";"1";"7";"0";"2";"0";"0";"1";""
"202100003387";"195Â 707";"C01";"1";"30";"0";"2";"0";"0";"1";""
"202100003388";"195Â 704";"A01";"0";"7";"2";"0";"8";"26";"1";""
"202100003389";"195Â 702";"B01";"2";"7";"0";"2";"6";"15";"1";""
"202100003389";"195Â 703";"A01";"1";"32";"0";"2";"1";"1";"1";""
"202100003390";"195Â 701";"A01";"3";"7";"2";"0";"2";"11";"1";""
"202100003391";"195Â 699";"A01";"1";"30";"0";"2";"7";"17";"1";""
"202100003391";"195Â 700";"B01";"1";"7";"0";"2";"8";"15";"1";""
"202100003392";"195Â 698";"A01";"1";"7";"0";"1";"7";"1";"1";""
"202100003393";"195Â 696";"A01";"1";"31";"0";"2";"3";"13";"1";""
"202100003393";"195Â 697";"B01";"1";"7";"0";"1";"2";"0";"1";""
"202100003394";"195Â 693";"A01";"2";"7";"0";"2";"1";"1";"1";""
"202100003394";"195Â 694";"B01";"2";"7";"0";"2";"6";"11";"1";""
"202100003394";"195Â 695";"C01";"2";"7";"0";"2";"0";"11";"1";""
"202100003395";"195Â 691";"A01";"3";"7";"0";"2";"1";"2";"1";""
"202100003395";"195Â 692";"B01";"3";"7";"0";"2";"4";"1";"1";""
"202100003396";"195Â 690";"A01";"2";"33";"12";"0";"1";"1";"1";""
"202100003397";"195Â 689";"A01";"3";"7";"0";"1";"1";"19";"1";""
"202100003398";"195Â 687";"A01";"1";"7";"0";"2";"6";"15";"1";""
"202100003398";"195Â 688";"B01";"1";"33";"0";"2";"1";"2";"1";""
"202100003399";"195Â 684";"A01";"1";"7";"0";"2";"2";"17";"1";""
"202100003399";"195Â 685";"B01";"1";"99";"0";"2";"3";"2";"1";""
"202100003399";"195Â 686";"C01";"1";"7";"0";"2";"3";"1";"1";""
"202100003400";"195Â 682";"A01";"1";"7";"14";"0";"4";"26";"1";""
"202100003400";"195Â 683";"B01";"1";"7";"0";"2";"2";"19";"1";""
"202100003401";"195Â 681";"A01";"1";"7";"0";"0";"9";"17";"1";""
"202100003402";"195Â 679";"C01";"1";"7";"0";"2";"1";"1";"1";""
"202100003402";"195Â 680";"B01";"2";"50";"0";"2";"3";"5";"3";""
"202100003403";"195Â 676";"B01";"2";"7";"0";"2";"3";"1";"1";""
"202100003403";"195Â 677";"A01";"1";"7";"0";"2";"1";"13";"1";""
"202100003404";"195Â 670";"A01";"1";"7";"2";"0";"1";"1";"1";""
"202100003405";"195Â 669";"A01";"1";"7";"0";"1";"1";"1";"1";""
"202100003406";"195Â 668";"A01";"2";"7";"0";"1";"2";"1";"0";""
"202100003407";"195Â 667";"A01";"2";"7";"0";"1";"1";"0";"1";""
"202100003408";"195Â 665";"A01";"2";"2";"0";"2";"1";"17";"1";""
"202100003408";"195Â 666";"B01";"2";"7";"0";"2";"6";"2";"1";""
"202100003409";"195Â 663";"B01";"3";"2";"0";"2";"1";"1";"1";""
"202100003409";"195Â 664";"A01";"3";"7";"0";"2";"3";"9";"1";""
"202100003410";"195Â 661";"B01";"3";"1";"0";"2";"1";"1";"5";""
"202100003410";"195Â 662";"A01";"3";"7";"0";"2";"5";"26";"1";""
"202100003411";"195Â 660";"A01";"1";"7";"0";"1";"1";"1";"1";""
"202100003412";"195Â 659";"A01";"1";"10";"0";"1";"8";"1";"3";""
"202100003413";"195Â 657";"B01";"0";"7";"0";"2";"7";"1";"1";""
"202100003413";"195Â 658";"A01";"0";"7";"0";"2";"1";"1";"1";""
"202100003414";"195Â 653";"D01";"0";"7";"0";"2";"6";"1";"1";""
"202100003414";"195Â 654";"C01";"0";"7";"0";"2";"3";"1";"1";""
"202100003414";"195Â 655";"B01";"0";"10";"4";"0";"5";"0";"1";""
"202100003414";"195Â 656";"A01";"0";"7";"0";"2";"1";"1";"1";""
"202100003415";"195Â 651";"B01";"2";"7";"0";"2";"1";"14";"0";""
"202100003415";"195Â 652";"A01";"2";"7";"0";"2";"5";"13";"1";""
"202100003416";"195Â 650";"A01";"0";"7";"0";"1";"2";"1";"0";""
"202100003417";"195Â 649";"A01";"1";"10";"11";"0";"2";"0";"1";""
"202100003418";"195Â 647";"A01";"1";"7";"0";"2";"1";"2";"1";""
"202100003418";"195Â 648";"B01";"1";"7";"0";"2";"4";"2";"1";""
"202100003419";"195Â 645";"A01";"2";"7";"0";"2";"1";"1";"1";""
"202100003419";"195Â 646";"B01";"2";"7";"0";"2";"4";"23";"1";""
"202100003420";"195Â 642";"A01";"3";"33";"0";"5";"1";"1";"1";""
"202100003421";"195Â 640";"A01";"1";"7";"0";"2";"8";"15";"1";""
"202100003421";"195Â 641";"B01";"1";"30";"0";"2";"1";"1";"1";""
"202100003422";"195Â 638";"B01";"1";"7";"0";"2";"2";"1";"1";""
"202100003422";"195Â 639";"A01";"1";"10";"0";"2";"6";"9";"1";""
"202100003423";"195Â 636";"A01";"1";"7";"0";"2";"4";"2";"1";""
"202100003423";"195Â 637";"B01";"1";"7";"0";"2";"1";"2";"1";""
"202100003424";"195Â 635";"A01";"1";"7";"0";"1";"2";"1";"1";""
"202100003425";"195Â 633";"B01";"1";"7";"0";"2";"2";"1";"1";""
"202100003425";"195Â 634";"A01";"1";"33";"0";"2";"1";"17";"1";""
"202100003426";"195Â 631";"B01";"3";"2";"0";"2";"1";"1";"1";""
"202100003426";"195Â 632";"A01";"0";"7";"1";"2";"1";"17";"1";""
"202100003427";"195Â 626";"E01";"1";"7";"0";"2";"4";"23";"1";""
"202100003427";"195Â 627";"D01";"1";"7";"0";"2";"9";"23";"1";""
"202100003427";"195Â 628";"C01";"1";"7";"0";"2";"9";"23";"1";""
"202100003427";"195Â 629";"B01";"1";"7";"0";"2";"9";"23";"1";""
"202100003427";"195Â 630";"A01";"1";"7";"0";"2";"1";"9";"1";""
"202100003428";"195Â 625";"A01";"2";"7";"0";"1";"1";"1";"1";""
"202100003429";"195Â 624";"A01";"3";"7";"0";"1";"3";"16";"1";""
"202100003430";"195Â 623";"A01";"2";"32";"0";"0";"0";"21";"1";""
"202100003431";"195Â 620";"C01";"1";"7";"0";"2";"4";"1";"1";""
"202100003431";"195Â 621";"A01";"1";"7";"0";"2";"1";"1";"1";""
"202100003431";"195Â 622";"B01";"1";"7";"0";"2";"4";"1";"1";""
"202100003432";"195Â 619";"A01";"2";"80";"0";"1";"1";"1";"3";""
"202100003433";"195Â 618";"A01";"1";"33";"0";"1";"1";"9";"1";""
"202100003434";"195Â 616";"A01";"2";"7";"0";"2";"3";"15";"1";""
"202100003434";"195Â 617";"B01";"2";"32";"0";"2";"1";"1";"1";""
"202100003435";"195Â 614";"B01";"1";"32";"0";"2";"1";"1";"1";""
"202100003435";"195Â 615";"A01";"1";"7";"0";"2";"8";"22";"1";""
"202100003436";"195Â 612";"A01";"1";"7";"0";"2";"1";"16";"1";""
"202100003436";"195Â 613";"B01";"1";"80";"0";"2";"8";"1";"3";""
"202100003437";"195Â 610";"B01";"1";"33";"0";"2";"1";"1";"1";""
"202100003437";"195Â 611";"A01";"1";"7";"0";"2";"3";"15";"1";""
"202100003438";"195Â 609";"A01";"1";"7";"0";"1";"1";"1";"1";""
"202100003439";"195Â 607";"A01";"2";"7";"0";"2";"2";"9";"1";""
"202100003439";"195Â 608";"B01";"2";"2";"0";"2";"3";"7";"1";""
"202100003440";"195Â 605";"A01";"3";"7";"0";"2";"2";"15";"1";""
"202100003440";"195Â 606";"B01";"3";"7";"0";"2";"3";"1";"1";""
"202100003441";"195Â 603";"A01";"1";"7";"0";"2";"2";"10";"1";""
"202100003441";"195Â 604";"B01";"2";"1";"0";"2";"1";"1";"5";""
"202100003442";"195Â 602";"A01";"2";"10";"7";"0";"1";"13";"1";""
"202100003443";"195Â 601";"A01";"2";"7";"0";"1";"1";"15";"2";""
"202100003444";"195Â 599";"B01";"2";"7";"0";"2";"4";"1";"1";""
"202100003444";"195Â 600";"A01";"2";"7";"0";"2";"1";"18";"1";""
"202100003445";"195Â 597";"B01";"2";"7";"0";"2";"8";"1";"1";""
"202100003445";"195Â 598";"A01";"1";"43";"0";"2";"1";"1";"1";""
"202100003446";"195Â 595";"B01";"1";"7";"0";"2";"2";"9";"1";""
"202100003446";"195Â 596";"A01";"1";"30";"0";"2";"1";"1";"1";""
"202100003447";"195Â 594";"A01";"2";"7";"1";"1";"0";"13";"1";""
"202100003448";"195Â 593";"A01";"2";"30";"0";"0";"0";"1";"1";""
"202100003449";"195Â 589";"A01";"1";"7";"1";"2";"1";"13";"1";""
"202100003449";"195Â 590";"B01";"2";"7";"0";"2";"1";"0";"1";""
"202100003449";"195Â 591";"C01";"2";"7";"0";"2";"1";"1";"1";""
"202100003449";"195Â 592";"D01";"2";"7";"8";"0";"4";"24";"1";""
"202100003450";"195Â 588";"A01";"2";"7";"0";"1";"1";"15";"1";""
"202100003451";"195Â 586";"B01";"1";"7";"0";"2";"2";"1";"1";""
"202100003451";"195Â 587";"A01";"1";"7";"1";"2";"2";"18";"1";""
"202100003452";"195Â 584";"B01";"1";"32";"0";"2";"2";"2";"1";""
"202100003452";"195Â 585";"A01";"1";"7";"0";"2";"3";"13";"1";""
"202100003453";"195Â 583";"A01";"2";"34";"0";"1";"4";"25";"1";""
"202100003454";"195Â 580";"C01";"2";"7";"9";"0";"0";"0";"1";""
"202100003454";"195Â 581";"B01";"2";"7";"0";"2";"3";"20";"2";""
"202100003454";"195Â 582";"A01";"2";"33";"0";"2";"3";"1";"1";""
"202100003455";"195Â 578";"A01";"3";"7";"0";"2";"1";"9";"1";""
"202100003455";"195Â 579";"B01";"3";"7";"0";"2";"3";"1";"1";""
"202100003456";"195Â 576";"A01";"2";"7";"0";"2";"3";"1";"1";""
"202100003456";"195Â 577";"B01";"1";"50";"0";"2";"2";"5";"3";""
"202100003457";"195Â 573";"A01";"2";"7";"0";"2";"9";"9";"1";""
"202100003457";"195Â 574";"B01";"2";"7";"0";"2";"1";"0";"1";""
"202100003457";"195Â 575";"C01";"1";"7";"0";"2";"8";"0";"1";""
"202100003458";"195Â 570";"A01";"2";"7";"3";"2";"0";"0";"1";""
"202100003458";"195Â 571";"C01";"2";"7";"0";"2";"4";"0";"1";""
"202100003458";"195Â 572";"B01";"2";"7";"3";"2";"4";"0";"1";""
"202100003459";"195Â 568";"A01";"3";"7";"0";"2";"3";"1";"1";""
"202100003459";"195Â 569";"B01";"3";"1";"0";"2";"1";"1";"5";""
"202100003460";"195Â 565";"A01";"1";"7";"13";"0";"1";"14";"1";""
"202100003461";"195Â 564";"A01";"2";"2";"0";"6";"1";"1";"1";""
"202100003462";"195Â 562";"B01";"1";"7";"0";"2";"1";"2";"1";""
"202100003462";"195Â 563";"A01";"1";"36";"0";"0";"4";"2";"1";""
"202100003463";"195Â 560";"B01";"1";"3";"0";"2";"2";"9";"1";""
"202100003463";"195Â 561";"A01";"1";"7";"0";"2";"3";"1";"1";""
"202100003464";"195Â 559";"A01";"0";"33";"0";"0";"8";"1";"1";""
"202100003465";"195Â 557";"A01";"2";"7";"0";"2";"1";"13";"1";""
"202100003465";"195Â 558";"B01";"1";"7";"0";"2";"1";"1";"1";""
"202100003466";"195Â 556";"A01";"2";"7";"6";"0";"1";"13";"1";""
"202100003467";"195Â 555";"A01";"3";"7";"8";"0";"7";"13";"1";""
"202100003468";"195Â 553";"B01";"2";"2";"0";"2";"4";"1";"1";""
"202100003468";"195Â 554";"A01";"2";"2";"0";"2";"1";"2";"1";""
"202100003469";"195Â 551";"A01";"2";"33";"0";"2";"2";"1";"1";""
"202100003469";"195Â 552";"B01";"1";"7";"0";"2";"1";"15";"1";""
"202100003470";"195Â 550";"A01";"2";"7";"13";"0";"1";"2";"1";""
"202100003471";"195Â 549";"A01";"3";"7";"0";"1";"1";"1";"1";""
"202100003472";"195Â 547";"B01";"2";"7";"0";"2";"1";"1";"2";""
"202100003472";"195Â 548";"A01";"1";"7";"0";"2";"1";"1";"1";""
"202100003473";"195Â 545";"A01";"1";"7";"0";"2";"3";"13";"1";""
"202100003473";"195Â 546";"B01";"2";"10";"0";"2";"1";"1";"1";""
"202100003474";"195Â 544";"A01";"0";"7";"2";"0";"1";"26";"1";""
"202100003475";"195Â 542";"B01";"2";"7";"0";"2";"4";"2";"1";""
"202100003475";"195Â 543";"A01";"2";"7";"0";"2";"1";"2";"1";""
"202100003476";"195Â 541";"A01";"1";"7";"8";"0";"2";"1";"1";""
"202100003477";"195Â 539";"A01";"1";"7";"0";"2";"1";"13";"1";""
"202100003477";"195Â 540";"B01";"2";"7";"0";"2";"1";"1";"1";""
"202100003478";"195Â 538";"A01";"1";"7";"2";"0";"8";"26";"1";""
"202100003479";"195Â 537";"A01";"2";"7";"16";"0";"2";"1";"1";""
"202100003480";"195Â 533";"B01";"1";"7";"0";"2";"1";"1";"2";""
"202100003480";"195Â 534";"A01";"1";"7";"0";"2";"2";"17";"1";""
"202100003481";"195Â 532";"A01";"1";"7";"2";"0";"7";"1";"1";""
"202100003482";"195Â 531";"A01";"2";"7";"13";"0";"2";"0";"1";""
"202100003483";"195Â 529";"B01";"1";"33";"0";"0";"4";"1";"1";""
"202100003483";"195Â 530";"A01";"1";"7";"0";"2";"3";"1";"1";""
"202100003484";"195Â 527";"A01";"1";"7";"0";"9";"2";"1";"1";""
"202100003484";"195Â 528";"B01";"3";"50";"0";"2";"7";"1";"3";""
"202100003485";"195Â 526";"A01";"1";"17";"13";"9";"2";"14";"1";""
"202100003486";"195Â 523";"C01";"1";"7";"3";"2";"0";"21";"1";""
"202100003486";"195Â 524";"B01";"1";"7";"4";"2";"6";"9";"1";""
"202100003486";"195Â 525";"A01";"1";"7";"3";"2";"2";"1";"1";""
"202100003487";"195Â 521";"B01";"1";"7";"0";"2";"1";"2";"2";""
"202100003487";"195Â 522";"A01";"1";"7";"4";"0";"9";"2";"1";""
"202100003488";"195Â 519";"A01";"1";"7";"0";"2";"1";"10";"1";""