"Num_Acc";"id_vehicule";"num_veh";"senc";"catv";"obs";"obsm";"choc";"manv";"motor";"occutc"
"202100003488";"195Â 520";"B01";"2";"32";"0";"2";"2";"17";"1";""
"202100003489";"195Â 517";"A01";"1";"7";"0";"2";"1";"13";"1";""
"202100003489";"195Â 518";"B01";"2";"7";"0";"2";"1";"1";"1";""
"202100003490";"195Â 516";"A01";"3";"32";"15";"0";"1";"1";"1";""
"202100003491";"195Â 512";"A01";"2";"7";"0";"2";"1";"13";"1";""
"202100003491";"195Â 513";"B01";"1";"10";"0";"2";"1";"1";"1";""
"202100003491";"195Â 514";"C01";"1";"7";"0";"2";"1";"1";"1";""
"202100003492";"195Â 510";"A01";"3";"7";"0";"2";"2";"26";"1";""
"202100003492";"195Â 511";"B01";"3";"80";"0";"2";"1";"1";"3";""
"202100003493";"195Â 507";"C01";"1";"7";"0";"2";"3";"23";"2";""
"202100003493";"195Â 508";"B01";"2";"7";"0";"2";"7";"15";"1";""
"202100003493";"195Â 509";"A01";"1";"7";"0";"2";"1";"1";"1";""
"202100003494";"195Â 506";"A01";"2";"7";"2";"0";"1";"14";"1";""
"202100003495";"195Â 503";"A01";"3";"7";"0";"2";"3";"13";"1";""
"202100003495";"195Â 504";"B01";"3";"7";"0";"2";"3";"1";"2";""
"202100003495";"195Â 505";"C01";"3";"7";"0";"2";"2";"1";"1";""
"202100003496";"195Â 502";"A01";"2";"33";"0";"0";"7";"1";"1";""
"202100003497";"195Â 501";"A01";"2";"7";"8";"0";"7";"0";"1";""
"202100003498";"195Â 499";"A01";"2";"2";"0";"2";"1";"1";"1";""
"202100003498";"195Â 500";"B01";"1";"7";"0";"2";"1";"19";"1";""
"202100003499";"195Â 497";"B01";"1";"7";"0";"2";"1";"1";"2";""
"202100003499";"195Â 498";"A01";"2";"7";"0";"2";"1";"23";"1";""
"202100003500";"195Â 495";"B01";"0";"3";"0";"2";"4";"1";"1";""
"202100003500";"195Â 496";"A01";"0";"7";"0";"2";"1";"1";"1";""
"202100003501";"195Â 490";"B01";"2";"10";"0";"2";"4";"1";"0";""
"202100003501";"195Â 491";"C01";"2";"7";"0";"2";"4";"1";"0";""
"202100003501";"195Â 492";"A01";"2";"7";"0";"2";"1";"1";"1";""
"202100003501";"195Â 493";"D01";"2";"7";"0";"2";"4";"1";"1";""
"202100003502";"195Â 488";"A01";"2";"7";"0";"2";"2";"12";"1";""
"202100003502";"195Â 489";"B01";"2";"33";"0";"2";"1";"3";"1";""
"202100003503";"195Â 485";"A01";"2";"7";"0";"2";"1";"1";"1";""
"202100003503";"195Â 486";"B01";"2";"7";"0";"2";"4";"2";"1";""
"202100003503";"195Â 487";"C01";"2";"7";"0";"2";"4";"2";"1";""
"202100003504";"195Â 483";"B01";"1";"7";"0";"2";"4";"2";"1";""
"202100003504";"195Â 484";"A01";"1";"7";"0";"2";"1";"2";"1";""
"202100003505";"195Â 480";"C01";"1";"7";"0";"2";"4";"23";"1";""
"202100003505";"195Â 481";"B01";"1";"7";"0";"2";"4";"1";"1";""
"202100003505";"195Â 482";"A01";"1";"7";"0";"2";"1";"1";"1";""
"202100003506";"195Â 478";"A01";"1";"7";"0";"2";"1";"1";"1";""
"202100003506";"195Â 479";"B01";"1";"7";"0";"2";"6";"1";"1";""
"202100003507";"195Â 476";"A01";"2";"7";"0";"2";"1";"2";"1";""
"202100003507";"195Â 477";"B01";"2";"7";"0";"2";"7";"2";"1";""
"202100003508";"195Â 474";"B01";"2";"7";"0";"2";"6";"1";"1";""
"202100003508";"195Â 475";"A01";"2";"7";"0";"2";"2";"0";"1";""
"202100003509";"195Â 473";"A01";"2";"7";"0";"1";"2";"1";"1";""
"202100003510";"195Â 472";"A01";"2";"7";"0";"1";"3";"1";"1";""
"202100003511";"195Â 471";"A01";"3";"7";"0";"1";"1";"1";"1";""
"202100003512";"195Â 469";"A01";"2";"7";"0";"1";"1";"1";"2";""
"202100003513";"195Â 468";"A01";"2";"7";"0";"1";"3";"9";"1";""
"202100003514";"195Â 466";"A01";"1";"33";"0";"2";"2";"17";"0";""
"202100003514";"195Â 467";"B01";"1";"7";"0";"2";"8";"15";"1";""
"202100003515";"195Â 464";"A01";"2";"7";"0";"2";"1";"2";"1";""
"202100003515";"195Â 465";"B01";"2";"7";"0";"2";"4";"2";"1";""
"202100003516";"195Â 462";"A01";"2";"7";"0";"2";"3";"5";"1";""
"202100003516";"195Â 463";"B01";"1";"7";"0";"2";"3";"1";"1";""
"202100003517";"195Â 460";"B01";"2";"7";"0";"2";"2";"1";"1";""
"202100003517";"195Â 461";"A01";"2";"7";"0";"2";"3";"9";"1";""
"202100003518";"195Â 456";"A01";"2";"14";"0";"2";"2";"2";"1";""
"202100003518";"195Â 457";"B01";"2";"7";"0";"2";"1";"2";"1";""
"202100003518";"195Â 458";"C01";"2";"7";"1";"0";"1";"2";"3";""
"202100003518";"195Â 459";"D01";"2";"7";"0";"2";"4";"23";"1";""
"202100003519";"195Â 454";"B01";"3";"7";"0";"2";"3";"9";"1";""
"202100003519";"195Â 455";"A01";"1";"32";"0";"2";"1";"3";"1";""
"202100003520";"195Â 452";"A01";"1";"32";"0";"2";"1";"16";"1";""
"202100003520";"195Â 453";"B01";"1";"7";"0";"2";"3";"1";"1";""
"202100003521";"195Â 450";"B01";"2";"7";"0";"2";"3";"0";"1";""
"202100003521";"195Â 451";"A01";"2";"32";"0";"2";"1";"26";"1";""
"202100003522";"195Â 448";"A01";"1";"10";"0";"2";"1";"2";"1";""
"202100003522";"195Â 449";"B01";"1";"33";"0";"2";"4";"23";"1";""
"202100003523";"195Â 447";"A01";"1";"7";"0";"1";"1";"16";"1";""
"202100003524";"195Â 446";"A01";"2";"30";"12";"0";"2";"1";"1";""
"202100003525";"195Â 444";"B01";"2";"33";"0";"2";"0";"2";"1";""
"202100003525";"195Â 445";"A01";"2";"33";"0";"2";"0";"2";"1";""
"202100003526";"195Â 442";"B01";"1";"7";"0";"2";"8";"16";"1";""
"202100003526";"195Â 443";"A01";"2";"33";"0";"2";"3";"1";"1";""
"202100003527";"195Â 439";"A01";"1";"7";"0";"2";"1";"2";"1";""
"202100003527";"195Â 440";"B01";"1";"7";"0";"2";"4";"2";"1";""
"202100003527";"195Â 441";"C01";"1";"7";"0";"2";"4";"16";"1";""
"202100003528";"195Â 437";"A01";"1";"10";"6";"2";"8";"9";"1";""
"202100003528";"195Â 438";"B01";"2";"13";"0";"2";"3";"1";"1";""
"202100003529";"195Â 435";"A01";"2";"1";"0";"2";"2";"1";"5";""
"202100003529";"195Â 436";"B01";"1";"7";"0";"2";"3";"15";"1";""
"202100003530";"195Â 433";"A01";"2";"7";"0";"0";"0";"0";"1";""
"202100003530";"195Â 434";"B01";"2";"2";"0";"2";"0";"9";"3";""
"202100003531";"195Â 431";"A01";"1";"30";"0";"2";"1";"1";"1";""
"202100003531";"195Â 432";"B01";"1";"7";"0";"2";"7";"1";"1";""
"202100003532";"195Â 430";"A01";"3";"7";"0";"1";"2";"1";"1";""
"202100003533";"195Â 428";"B01";"1";"7";"0";"9";"2";"16";"1";""
"202100003533";"195Â 429";"A01";"1";"1";"0";"2";"2";"7";"5";""
"202100003534";"195Â 426";"A01";"3";"2";"0";"2";"8";"26";"1";""
"202100003534";"195Â 427";"B01";"3";"33";"0";"2";"1";"1";"1";""
"202100003535";"195Â 425";"A01";"1";"7";"9";"0";"1";"26";"1";""
"202100003536";"195Â 423";"B01";"2";"7";"4";"0";"8";"26";"1";""
"202100003536";"195Â 424";"A01";"2";"99";"0";"2";"4";"26";"1";""
"202100003537";"195Â 421";"A01";"1";"33";"0";"2";"0";"3";"1";""
"202100003537";"195Â 422";"B01";"1";"7";"0";"2";"5";"12";"1";""
"202100003538";"195Â 419";"A01";"1";"7";"0";"2";"8";"9";"1";""
"202100003538";"195Â 420";"B01";"1";"30";"0";"2";"7";"3";"1";""
"202100003539";"195Â 418";"A01";"3";"33";"0";"1";"1";"1";"1";""
"202100003540";"195Â 416";"A01";"3";"33";"0";"2";"7";"3";"1";""
"202100003540";"195Â 417";"B01";"3";"7";"0";"2";"1";"9";"2";""
"202100003541";"195Â 414";"A01";"3";"7";"1";"2";"2";"20";"1";""
"202100003541";"195Â 415";"B01";"3";"33";"0";"2";"2";"1";"1";""
"202100003542";"195Â 413";"A01";"1";"7";"0";"1";"1";"1";"1";""
"202100003543";"195Â 411";"A01";"3";"7";"0";"2";"1";"1";"1";""
"202100003543";"195Â 412";"B01";"3";"7";"0";"2";"8";"1";"1";""
"202100003544";"195Â 409";"B01";"1";"7";"0";"2";"3";"1";"1";""
"202100003544";"195Â 410";"A01";"1";"1";"0";"2";"8";"19";"0";""
"202100003545";"195Â 407";"B01";"3";"7";"0";"2";"7";"1";"1";""
"202100003545";"195Â 408";"A01";"3";"7";"0";"2";"1";"19";"1";""
"202100003546";"195Â 406";"A01";"1";"30";"0";"1";"1";"17";"1";""
"202100003547";"195Â 404";"B01";"1";"50";"0";"2";"7";"1";"3";""
"202100003547";"195Â 405";"A01";"2";"7";"0";"2";"1";"1";"1";""
"202100003548";"195Â 403";"A01";"3";"50";"0";"1";"1";"25";"3";""
"202100003549";"195Â 401";"B01";"2";"1";"0";"2";"1";"26";"5";""
"202100003549";"195Â 402";"A01";"1";"7";"0";"2";"1";"15";"1";""
"202100003550";"195Â 400";"A01";"2";"10";"0";"1";"1";"15";"1";""
"202100003551";"195Â 398";"B01";"3";"1";"0";"4";"7";"1";"0";""
"202100003551";"195Â 399";"A01";"0";"40";"0";"2";"3";"1";"3";""
"202100003552";"195Â 396";"A01";"3";"7";"0";"2";"3";"1";"1";""
"202100003552";"195Â 397";"B01";"3";"7";"0";"2";"2";"9";"1";""
"202100003553";"195Â 395";"A01";"2";"7";"1";"1";"2";"17";"1";""
"202100003554";"195Â 393";"B01";"3";"1";"15";"2";"3";"24";"5";""
"202100003554";"195Â 394";"A01";"1";"10";"6";"2";"5";"26";"1";""
"202100003555";"195Â 391";"A01";"1";"10";"0";"2";"1";"1";"1";""
"202100003555";"195Â 392";"B01";"1";"7";"0";"2";"4";"15";"1";""
"202100003556";"195Â 389";"B01";"1";"7";"0";"2";"3";"1";"1";""
"202100003556";"195Â 390";"A01";"2";"7";"0";"2";"3";"15";"1";""
"202100003557";"195Â 387";"B01";"1";"1";"0";"2";"7";"26";"5";""
"202100003557";"195Â 388";"A01";"2";"7";"0";"2";"1";"1";"2";""
"202100003558";"195Â 386";"A01";"1";"31";"0";"0";"0";"26";"1";""
"202100003559";"195Â 385";"A01";"3";"7";"16";"1";"4";"20";"0";""
"202100003560";"195Â 384";"A01";"3";"7";"9";"0";"8";"1";"1";""
"202100003561";"195Â 381";"A01";"3";"7";"12";"2";"2";"17";"1";""
"202100003561";"195Â 382";"B01";"3";"7";"0";"2";"6";"1";"1";""
"202100003561";"195Â 383";"C01";"3";"10";"12";"2";"2";"1";"1";""
"202100003562";"195Â 380";"A01";"1";"10";"0";"1";"2";"16";"1";""
"202100003563";"195Â 379";"A01";"1";"7";"4";"0";"2";"1";"1";""
"202100003564";"195Â 377";"A01";"3";"7";"0";"2";"4";"26";"1";""
"202100003564";"195Â 378";"B01";"3";"10";"0";"2";"3";"12";"1";""
"202100003565";"195Â 376";"A01";"1";"7";"0";"1";"2";"1";"1";""
"202100003566";"195Â 375";"A01";"1";"7";"0";"1";"5";"4";"1";""
"202100003567";"195Â 374";"A01";"1";"7";"8";"0";"2";"0";"1";""
"202100003568";"195Â 373";"A01";"1";"7";"0";"1";"2";"9";"1";""
"202100003569";"195Â 371";"A01";"1";"7";"0";"2";"1";"26";"1";""
"202100003569";"195Â 372";"B01";"1";"32";"0";"2";"4";"2";"1";""
"202100003570";"195Â 370";"Z01";"1";"7";"0";"1";"1";"26";"0";""
"202100003571";"195Â 369";"A01";"2";"10";"0";"1";"3";"15";"1";""
"202100003572";"195Â 368";"A01";"1";"7";"0";"1";"1";"21";"1";""
"202100003573";"195Â 366";"B01";"2";"1";"0";"2";"1";"1";"5";""
"202100003573";"195Â 367";"A01";"1";"10";"0";"2";"1";"20";"1";""
"202100003574";"195Â 364";"A01";"2";"7";"0";"2";"3";"19";"1";""
"202100003574";"195Â 365";"B01";"1";"33";"0";"2";"1";"1";"1";""
"202100003575";"195Â 363";"A01";"0";"7";"0";"1";"1";"15";"1";""
"202100003576";"195Â 361";"A01";"2";"7";"0";"2";"1";"1";"1";""
"202100003576";"195Â 362";"B01";"1";"7";"0";"2";"3";"1";"1";""
"202100003577";"195Â 360";"A01";"2";"2";"12";"0";"8";"13";"1";""
"202100003578";"195Â 358";"B01";"2";"7";"0";"2";"8";"1";"1";""
"202100003578";"195Â 359";"A01";"1";"7";"5";"2";"1";"13";"1";""
"202100003579";"195Â 356";"A01";"2";"7";"0";"2";"1";"15";"1";""
"202100003579";"195Â 357";"B01";"2";"2";"0";"2";"1";"21";"1";""
"202100003580";"195Â 354";"A01";"2";"7";"0";"2";"1";"2";"1";""
"202100003580";"195Â 355";"B01";"2";"7";"0";"2";"4";"23";"1";""
"202100003581";"195Â 352";"B01";"1";"7";"0";"2";"1";"0";"1";""
"202100003581";"195Â 353";"A01";"1";"7";"3";"2";"1";"14";"1";""
"202100003582";"195Â 351";"A01";"3";"7";"0";"1";"2";"1";"1";""
"202100003583";"195Â 348";"B01";"2";"30";"0";"2";"7";"16";"1";""
"202100003583";"195Â 349";"A01";"2";"7";"14";"2";"2";"9";"1";""
"202100003584";"195Â 346";"B01";"2";"7";"0";"2";"1";"1";"1";""
"202100003584";"195Â 347";"A01";"2";"0";"0";"2";"0";"1";"0";""
"202100003585";"195Â 344";"A01";"1";"33";"0";"2";"7";"17";"1";""
"202100003585";"195Â 345";"B01";"1";"7";"0";"2";"3";"1";"1";""
"202100003586";"195Â 342";"B01";"1";"32";"0";"2";"7";"17";"1";""
"202100003586";"195Â 343";"A01";"1";"7";"0";"2";"3";"15";"1";""
"202100003587";"195Â 340";"A01";"2";"7";"0";"2";"7";"1";"1";""
"202100003587";"195Â 341";"B01";"2";"2";"0";"2";"1";"1";"1";""
"202100003588";"195Â 338";"B01";"1";"2";"0";"2";"0";"17";"0";""
"202100003588";"195Â 339";"A01";"1";"7";"0";"2";"0";"15";"0";""
"202100003589";"195Â 336";"C01";"2";"10";"0";"2";"0";"24";"1";""
"202100003589";"195Â 337";"A01";"2";"14";"1";"2";"2";"1";"1";""
"202100003590";"195Â 334";"B01";"1";"7";"0";"2";"4";"2";"1";""
"202100003590";"195Â 335";"A01";"1";"30";"0";"2";"1";"2";"1";""
"202100003591";"195Â 333";"A01";"3";"7";"0";"1";"1";"15";"1";""
"202100003592";"195Â 327";"B01";"2";"7";"0";"0";"9";"14";"1";""
"202100003592";"195Â 328";"A01";"2";"7";"0";"0";"0";"10";"1";""
"202100003593";"195Â 323";"B01";"3";"7";"0";"2";"1";"26";"1";""
"202100003593";"195Â 324";"A01";"3";"1";"0";"2";"2";"26";"0";""
"202100003594";"195Â 322";"A01";"2";"30";"0";"9";"2";"1";"1";""
"202100003595";"195Â 320";"B01";"1";"7";"0";"2";"0";"0";"1";""
"202100003595";"195Â 321";"A01";"1";"7";"0";"2";"1";"0";"1";""
"202100003596";"195Â 318";"B01";"2";"38";"0";"2";"5";"2";"1";"6"
"202100003596";"195Â 319";"Z01";"2";"10";"0";"2";"1";"0";"1";""
"202100003597";"195Â 317";"A01";"2";"7";"12";"1";"2";"14";"1";""
"202100003598";"195Â 315";"A01";"3";"7";"0";"0";"8";"21";"1";""
"202100003598";"195Â 316";"B01";"3";"20";"0";"0";"8";"21";"1";""
"202100003599";"195Â 313";"B01";"2";"7";"0";"2";"1";"1";"1";""
"202100003599";"195Â 314";"A01";"1";"7";"0";"2";"7";"1";"1";""
"202100003600";"195Â 312";"A01";"3";"7";"0";"1";"3";"1";"1";""
"202100003601";"195Â 311";"A01";"3";"37";"0";"1";"7";"15";"1";"1"
"202100003602";"195Â 309";"A01";"1";"7";"0";"2";"3";"15";"1";""
"202100003602";"195Â 310";"B01";"2";"50";"0";"2";"1";"1";"3";""
"202100003603";"195Â 307";"B01";"3";"50";"0";"0";"0";"0";"3";""
"202100003603";"195Â 308";"A01";"1";"7";"0";"9";"3";"26";"1";""
"202100003604";"195Â 306";"A01";"1";"7";"0";"0";"3";"0";"1";""
"202100003605";"195Â 302";"D01";"1";"10";"0";"2";"3";"21";"1";""
"202100003605";"195Â 303";"C01";"1";"10";"3";"2";"3";"1";"1";""
"202100003605";"195Â 304";"B01";"1";"7";"0";"2";"3";"1";"1";""
"202100003605";"195Â 305";"A01";"2";"15";"0";"2";"3";"13";"1";""
"202100003606";"195Â 300";"A01";"2";"7";"0";"2";"1";"2";"1";""
"202100003606";"195Â 301";"B01";"2";"10";"0";"2";"4";"23";"1";""
"202100003607";"195Â 298";"B01";"1";"7";"0";"2";"6";"2";"1";""
"202100003607";"195Â 299";"A01";"1";"7";"0";"2";"2";"2";"1";""
"202100003608";"195Â 296";"A01";"2";"7";"0";"2";"1";"15";"1";""
"202100003608";"195Â 297";"B01";"1";"7";"0";"2";"0";"0";"1";""
"202100003609";"195Â 294";"B01";"1";"7";"0";"2";"4";"1";"1";""
"202100003609";"195Â 295";"A01";"1";"7";"0";"2";"1";"1";"1";""
"202100003610";"195Â 292";"B01";"1";"50";"0";"2";"1";"1";"3";""
"202100003610";"195Â 293";"A01";"1";"7";"0";"2";"2";"9";"2";""
"202100003611";"195Â 291";"A01";"1";"7";"0";"1";"1";"1";"1";""
"202100003612";"195Â 289";"B01";"2";"7";"0";"2";"2";"1";"1";""
"202100003612";"195Â 290";"A01";"2";"7";"0";"2";"3";"20";"1";""
"202100003613";"195Â 287";"A01";"1";"7";"0";"2";"1";"1";"1";""
"202100003613";"195Â 288";"B01";"2";"32";"0";"2";"1";"1";"1";""
"202100003614";"195Â 286";"A01";"2";"2";"0";"0";"7";"9";"1";""
"202100003615";"195Â 285";"A01";"2";"7";"0";"1";"2";"21";"1";""
"202100003616";"195Â 283";"B01";"1";"7";"0";"2";"1";"1";"1";""
"202100003616";"195Â 284";"A01";"1";"7";"0";"2";"1";"1";"1";""
"202100003617";"195Â 281";"A01";"1";"7";"0";"2";"8";"9";"1";""
"202100003617";"195Â 282";"B01";"1";"1";"0";"2";"2";"0";"5";""
"202100003618";"195Â 280";"A01";"1";"7";"0";"2";"3";"0";"1";""
"202100003619";"195Â 279";"A01";"3";"7";"0";"1";"1";"16";"1";""
"202100003620";"195Â 276";"C01";"2";"7";"0";"2";"3";"1";"1";""
"202100003620";"195Â 277";"B01";"2";"7";"0";"2";"3";"1";"1";""
"202100003620";"195Â 278";"A01";"1";"7";"0";"2";"1";"1";"1";""
"202100003621";"195Â 274";"B01";"3";"99";"0";"2";"8";"19";"3";""
"202100003621";"195Â 275";"A01";"3";"7";"0";"9";"1";"15";"1";""
"202100003622";"195Â 273";"A01";"2";"7";"1";"0";"2";"14";"1";""
"202100003623";"195Â 271";"A01";"1";"7";"0";"2";"2";"16";"1";""
"202100003623";"195Â 272";"B01";"2";"1";"9";"2";"2";"1";"5";""
"202100003624";"195Â 270";"A01";"1";"7";"8";"0";"3";"13";"1";""
"202100003625";"195Â 268";"A01";"1";"7";"0";"2";"5";"15";"1";""
"202100003625";"195Â 269";"B01";"2";"1";"0";"2";"1";"1";"5";""
"202100003626";"195Â 267";"A01";"3";"7";"0";"1";"7";"1";"1";""
"202100003627";"195Â 266";"A01";"1";"7";"0";"1";"1";"1";"1";""
"202100003628";"195Â 265";"A01";"3";"7";"8";"0";"8";"26";"1";""
"202100003629";"195Â 263";"A01";"1";"7";"0";"9";"3";"15";"1";""
"202100003629";"195Â 264";"B01";"1";"30";"0";"2";"3";"1";"3";""
"202100003630";"195Â 261";"A01";"1";"7";"0";"2";"1";"1";"1";""
"202100003630";"195Â 262";"B01";"1";"7";"0";"2";"4";"1";"1";""
"202100003631";"195Â 259";"B01";"1";"10";"0";"2";"8";"1";"1";""
"202100003631";"195Â 260";"A01";"1";"7";"0";"2";"7";"16";"1";""
"202100003632";"195Â 257";"B01";"1";"33";"0";"2";"8";"1";"1";""
"202100003632";"195Â 258";"A01";"1";"7";"0";"9";"7";"1";"1";""
"202100003633";"195Â 254";"A01";"1";"7";"9";"9";"1";"5";"1";""
"202100003633";"195Â 255";"B01";"1";"7";"0";"2";"4";"1";"1";""
"202100003633";"195Â 256";"C01";"1";"37";"0";"2";"4";"23";"1";"1"
"202100003634";"195Â 252";"A01";"1";"1";"0";"2";"7";"1";"5";""
"202100003634";"195Â 253";"B01";"1";"7";"0";"9";"8";"1";"1";""
"202100003635";"195Â 251";"A01";"1";"7";"0";"1";"3";"16";"1";""
"202100003636";"195Â 249";"B01";"1";"7";"0";"2";"0";"0";"1";""
"202100003636";"195Â 250";"A01";"1";"7";"0";"0";"4";"1";"1";""
"202100003637";"195Â 248";"A01";"1";"7";"0";"1";"1";"1";"1";""
"202100003638";"195Â 246";"B01";"1";"2";"0";"2";"1";"1";"1";""
"202100003638";"195Â 247";"A01";"2";"7";"0";"2";"2";"15";"1";""
"202100003639";"195Â 245";"A01";"1";"7";"0";"1";"3";"15";"2";""
"202100003640";"195Â 244";"A01";"2";"7";"11";"0";"3";"13";"1";""
"202100003641";"195Â 243";"A01";"0";"7";"8";"0";"9";"9";"1";""
"202100003642";"195Â 241";"B01";"2";"7";"0";"2";"4";"2";"1";""
"202100003642";"195Â 242";"A01";"2";"7";"0";"2";"1";"2";"1";""
"202100003643";"195Â 239";"B01";"1";"7";"0";"2";"7";"26";"1";""
"202100003643";"195Â 240";"A01";"1";"1";"0";"2";"1";"26";"5";""
"202100003644";"195Â 238";"A01";"1";"7";"0";"1";"1";"26";"1";""
"202100003645";"195Â 237";"A01";"1";"2";"0";"1";"0";"0";"1";""
"202100003646";"195Â 235";"B01";"1";"7";"0";"2";"4";"1";"1";""
"202100003646";"195Â 236";"A01";"1";"1";"0";"2";"1";"1";"5";""
"202100003647";"195Â 234";"A01";"1";"80";"0";"0";"7";"26";"3";""
"202100003648";"195Â 232";"B01";"2";"7";"0";"2";"4";"23";"1";""
"202100003648";"195Â 233";"A01";"2";"7";"0";"2";"1";"1";"1";""
"202100003649";"195Â 231";"A01";"2";"7";"0";"0";"1";"19";"0";""
"202100003650";"195Â 229";"B01";"1";"1";"0";"2";"1";"1";"5";""
"202100003650";"195Â 230";"A01";"1";"10";"0";"2";"1";"16";"1";""
"202100003651";"195Â 227";"A01";"0";"7";"0";"2";"1";"1";"1";""
"202100003651";"195Â 228";"B01";"2";"7";"0";"2";"4";"23";"1";""
"202100003652";"195Â 226";"A01";"2";"7";"0";"1";"1";"1";"1";""
"202100003653";"195Â 224";"B01";"1";"1";"0";"2";"1";"1";"5";""
"202100003653";"195Â 225";"A01";"1";"7";"0";"2";"7";"16";"1";""
"202100003654";"195Â 223";"A01";"1";"7";"0";"1";"7";"1";"1";""
"202100003655";"195Â 222";"A01";"1";"7";"6";"0";"3";"13";"1";""
"202100003656";"195Â 218";"A01";"3";"7";"0";"2";"2";"1";"1";""
"202100003656";"195Â 219";"B01";"3";"14";"0";"2";"3";"16";"1";""
"202100003657";"195Â 216";"B01";"3";"7";"0";"2";"6";"23";"1";""
"202100003657";"195Â 217";"A01";"3";"7";"0";"2";"0";"2";"1";""
"202100003658";"195Â 214";"A01";"2";"10";"0";"2";"7";"13";"1";""
"202100003658";"195Â 215";"B01";"1";"32";"0";"2";"1";"1";"1";""
"202100003659";"195Â 212";"B01";"3";"1";"0";"2";"1";"16";"5";""
"202100003659";"195Â 213";"A01";"3";"7";"0";"2";"7";"15";"1";""
"202100003660";"195Â 211";"A01";"1";"7";"0";"1";"3";"15";"1";""
"202100003661";"195Â 210";"A01";"2";"7";"8";"0";"1";"13";"1";""
"202100003662";"195Â 209";"A01";"0";"7";"0";"1";"1";"16";"1";""
"202100003663";"195Â 208";"A01";"3";"7";"15";"0";"0";"16";"1";""
"202100003664";"195Â 206";"B01";"1";"7";"0";"2";"4";"1";"1";""
"202100003664";"195Â 207";"A01";"1";"7";"0";"2";"1";"2";"1";""
"202100003665";"195Â 204";"B01";"1";"10";"0";"2";"1";"2";"1";""
"202100003665";"195Â 205";"A01";"1";"10";"0";"2";"4";"1";"0";""
"202100003666";"195Â 202";"A01";"1";"7";"0";"2";"3";"1";"1";""
"202100003666";"195Â 203";"B01";"2";"7";"0";"2";"3";"15";"1";""
"202100003667";"195Â 200";"B01";"1";"33";"0";"2";"1";"1";"1";""
"202100003667";"195Â 201";"A01";"2";"31";"0";"2";"1";"1";"0";""
"202100003668";"195Â 199";"A01";"3";"7";"0";"1";"3";"15";"1";""
"202100003669";"195Â 198";"B01";"1";"7";"0";"1";"1";"1";"1";""
"202100003670";"195Â 196";"B01";"2";"80";"0";"2";"1";"1";"3";""
"202100003670";"195Â 197";"A01";"2";"7";"0";"2";"3";"9";"1";""
"202100003671";"195Â 195";"A01";"1";"40";"0";"1";"2";"1";"3";""
"202100003672";"195Â 193";"A01";"3";"32";"0";"2";"7";"17";"1";""
"202100003672";"195Â 194";"B01";"3";"7";"0";"2";"3";"1";"1";""
"202100003673";"195Â 192";"A01";"1";"10";"0";"1";"1";"0";"0";""
"202100003674";"195Â 190";"A01";"1";"1";"0";"2";"1";"1";"0";""
"202100003674";"195Â 191";"B01";"1";"7";"0";"2";"4";"23";"1";""
"202100003675";"195Â 189";"A01";"1";"7";"0";"1";"2";"1";"1";""
"202100003676";"195Â 187";"A01";"3";"7";"0";"2";"8";"15";"1";""
"202100003676";"195Â 188";"B01";"1";"10";"0";"2";"0";"0";"1";""
"202100003677";"195Â 185";"B01";"2";"15";"0";"2";"4";"1";"1";""
"202100003677";"195Â 186";"A01";"2";"7";"0";"2";"4";"1";"1";""
"202100003678";"195Â 184";"A01";"2";"7";"0";"2";"1";"1";"1";""
"202100003679";"195Â 182";"B01";"3";"7";"0";"2";"1";"2";"1";""
"202100003679";"195Â 183";"A01";"3";"7";"0";"2";"4";"2";"2";""
"202100003680";"195Â 177";"A01";"1";"7";"0";"1";"1";"1";"1";""
"202100003681";"195Â 175";"A01";"0";"7";"0";"2";"1";"1";"1";""
"202100003681";"195Â 176";"B01";"0";"7";"0";"2";"4";"1";"1";""
"202100003682";"195Â 173";"B01";"3";"7";"0";"2";"1";"15";"1";""
"202100003682";"195Â 174";"A01";"3";"7";"0";"2";"2";"1";"1";""
"202100003683";"195Â 169";"A01";"3";"7";"0";"2";"1";"26";"1";""
"202100003683";"195Â 170";"B01";"3";"7";"0";"2";"1";"0";"1";""
"202100003683";"195Â 171";"C01";"3";"7";"0";"2";"1";"0";"1";""
"202100003683";"195Â 172";"D01";"3";"7";"0";"0";"4";"0";"1";""
"202100003684";"195Â 167";"A01";"1";"2";"0";"2";"7";"1";"1";""
"202100003684";"195Â 168";"B01";"2";"7";"0";"2";"1";"9";"1";""
"202100003685";"195Â 165";"A01";"3";"7";"0";"2";"7";"9";"1";""
"202100003685";"195Â 166";"B01";"3";"33";"0";"2";"0";"1";"1";""
"202100003686";"195Â 163";"B01";"1";"30";"0";"2";"1";"1";"1";""
"202100003686";"195Â 164";"A01";"3";"7";"0";"2";"8";"9";"1";""
"202100003687";"195Â 162";"A01";"3";"10";"0";"1";"1";"1";"3";""
"202100003688";"195Â 160";"B01";"3";"1";"0";"2";"7";"19";"5";""
"202100003688";"195Â 161";"A01";"3";"7";"0";"2";"1";"1";"1";""
"202100003689";"195Â 158";"A01";"2";"1";"0";"0";"0";"0";"5";""
"202100003689";"195Â 159";"B01";" -1";"7";"0";"2";"2";"1";"1";""
"202100003690";"195Â 157";"A01";"3";"99";"0";"1";"3";"25";"5";""
"202100003691";"195Â 155";"B01";"1";"10";"0";"2";"8";"1";"1";""