"Num_Acc";"id_vehicule";"num_veh";"senc";"catv";"obs";"obsm";"choc";"manv";"motor";"occutc"
"202100003691";"195Â 156";"A01";"1";"7";"0";"2";"1";"19";"1";""
"202100003692";"195Â 154";"A01";"3";"10";"0";"1";"1";"15";"1";""
"202100003693";"195Â 152";"B01";"3";"1";"0";"2";"1";"1";"5";""
"202100003693";"195Â 153";"A01";"1";"7";"0";"2";"2";"9";"1";""
"202100003694";"195Â 150";"A01";"3";"31";"0";"2";"2";"2";"1";""
"202100003694";"195Â 151";"Z01";"3";"7";"0";"2";"3";"10";"1";""
"202100003695";"195Â 148";"B01";"3";"33";"0";"2";"1";"2";"1";""
"202100003695";"195Â 149";"A01";"3";"7";"0";"2";"8";"9";"1";""
"202100003696";"195Â 146";"B01";"1";"7";"0";"2";"1";"26";"1";""
"202100003696";"195Â 147";"A01";"2";"7";"0";"2";"1";"1";"1";""
"202100003697";"195Â 144";"A01";"1";"7";"0";"2";"1";"9";"1";""
"202100003697";"195Â 145";"B01";"1";"34";"0";"2";"3";"9";"1";""
"202100003698";"195Â 142";"Z01";"3";"30";"0";"2";"8";"18";"0";""
"202100003698";"195Â 143";"B01";"2";"31";"0";"2";"2";"1";"1";""
"202100003699";"195Â 140";"B01";"3";"1";"0";"2";"8";"1";"5";""
"202100003699";"195Â 141";"A01";"3";"7";"0";"2";"2";"16";"1";""
"202100003700";"195Â 138";"B01";"3";"7";"0";"2";"2";"1";"1";""
"202100003700";"195Â 139";"A01";"3";"7";"0";"2";"3";"26";"1";""
"202100003701";"195Â 136";"B01";"2";"7";"0";"2";"4";"1";"1";""
"202100003701";"195Â 137";"A01";"2";"2";"0";"2";"1";"2";"1";""
"202100003702";"195Â 133";"A01";"1";"10";"0";"2";"4";"23";"1";""
"202100003702";"195Â 134";"B01";"1";"7";"0";"2";"4";"2";"1";""
"202100003702";"195Â 135";"C01";"1";"7";"0";"2";"1";"2";"1";""
"202100003703";"195Â 131";"A01";"1";"7";"0";"2";"3";"15";"1";""
"202100003703";"195Â 132";"B01";"1";"7";"0";"2";"3";"1";"1";""
"202100003704";"195Â 129";"B01";"2";"33";"0";"2";"1";"1";"1";""
"202100003704";"195Â 130";"A01";"1";"7";"0";"2";"5";"15";"1";""
"202100003705";"195Â 127";"A01";"2";"7";"0";"2";"0";"15";"1";""
"202100003705";"195Â 128";"B01";"2";"31";"0";"2";"0";"16";"1";""
"202100003706";"195Â 125";"A01";"3";"7";"0";"2";"3";"20";"1";""
"202100003706";"195Â 126";"B01";"3";"2";"0";"2";"8";"1";"1";""
"202100003707";"195Â 123";"B01";"1";"43";"0";"2";"1";"1";"0";""
"202100003707";"195Â 124";"A01";"0";"7";"0";"0";"8";"15";"0";""
"202100003708";"195Â 122";"A01";"1";"31";"0";"1";"1";"0";"1";""
"202100003709";"195Â 120";"B01";"3";"7";"0";"2";"4";"24";"1";""
"202100003709";"195Â 121";"A01";"3";"7";"1";"1";"1";"9";"1";""
"202100003710";"195Â 118";"A01";"1";"10";"0";"2";"2";"1";"0";""
"202100003710";"195Â 119";"B01";"1";"32";"0";"2";"4";"23";"0";""
"202100003711";"195Â 116";"A01";"1";"10";"0";"2";"1";"1";"1";""
"202100003711";"195Â 117";"B01";"1";"7";"0";"4";"0";"1";"1";""
"202100003712";"195Â 114";"A01";"2";"7";"0";"2";"3";"9";"1";""
"202100003712";"195Â 115";"B01";"1";"7";"0";"2";"7";"1";"1";""
"202100003713";"195Â 112";"A01";"2";"7";"0";"2";"1";"15";"1";""
"202100003713";"195Â 113";"B01";"1";"7";"0";"2";"3";"1";"1";""
"202100003714";"195Â 110";"A01";"2";"33";"0";"2";"1";"21";"1";""
"202100003714";"195Â 111";"B01";"2";"14";"0";"2";"4";"15";"1";""
"202100003715";"195Â 107";"A01";"1";"7";"0";"2";"6";"9";"1";""
"202100003715";"195Â 108";"B01";"2";"7";"0";"2";"1";"1";"1";""
"202100003715";"195Â 109";"C01";"1";"7";"0";"2";"2";"1";"1";""
"202100003716";"195Â 106";"A01";"2";"31";"0";"0";"8";"1";"1";""
"202100003717";"195Â 105";"A01";"2";"7";"0";"1";"2";"1";"1";""
"202100003718";"195Â 104";"A01";"1";"30";"0";"1";"1";"15";"1";""
"202100003719";"195Â 102";"B01";"3";"7";"0";"2";"1";"15";"1";""
"202100003719";"195Â 103";"A01";"3";"34";"0";"2";"8";"1";"1";""
"202100003720";"195Â 100";"B01";"1";"32";"0";"2";"3";"1";"1";""
"202100003720";"195Â 101";"A01";"1";"7";"0";"2";"1";"1";"1";""
"202100003721";"195Â 098";"A01";"1";"37";"0";"2";"1";"2";"3";"1"
"202100003721";"195Â 099";"B01";"1";"7";"0";"2";"4";"23";"1";""
"202100003722";"195Â 096";"A01";"1";"30";"0";"2";"3";"1";"1";""
"202100003722";"195Â 097";"B01";"1";"33";"0";"2";"2";"23";"1";""
"202100003723";"195Â 094";"A01";"3";"1";"0";"2";"1";"1";"5";""
"202100003723";"195Â 095";"B01";"3";"7";"0";"2";"2";"1";"1";""
"202100003724";"195Â 093";"A01";"1";"7";"12";"0";"3";"13";"1";""
"202100003725";"195Â 092";"A01";"2";"7";"0";"1";"3";"1";"1";""
"202100003726";"195Â 090";"A01";"1";"30";"12";"0";"1";"21";"3";""
"202100003727";"195Â 088";"A01";"2";"7";"0";"2";"3";"21";"1";""
"202100003727";"195Â 089";"Z01";"3";"10";"0";"2";"0";"24";"0";""
"202100003728";"195Â 087";"A01";"2";"1";"0";"0";"0";"1";"5";""
"202100003729";"195Â 085";"A01";"1";"7";"0";"2";"7";"15";"2";""
"202100003729";"195Â 086";"B01";"2";"2";"0";"2";"8";"1";"1";""
"202100003730";"195Â 083";"B01";"1";"34";"0";"2";"2";"17";"3";""
"202100003730";"195Â 084";"A01";"1";"7";"0";"2";"3";"15";"1";""
"202100003731";"195Â 081";"B01";"2";"43";"0";"2";"1";"17";"1";""
"202100003731";"195Â 082";"A01";"2";"7";"0";"2";"3";"10";"1";""
"202100003732";"195Â 079";"B01";"1";"1";"0";"2";"6";"19";"5";""
"202100003732";"195Â 080";"Z01";"1";"7";"0";"2";"3";"15";"0";""
"202100003733";"195Â 078";"A01";"1";"7";"0";"1";"1";"15";"0";""
"202100003734";"195Â 077";"A01";"1";"1";"0";"1";"1";"21";"5";""
"202100003735";"195Â 075";"B01";"1";"50";"0";"2";"4";"2";"3";""
"202100003735";"195Â 076";"A01";"1";"7";"0";"2";"1";"2";"1";""
"202100003736";"195Â 073";"A01";"2";"7";"0";"9";"1";"1";"1";""
"202100003736";"195Â 074";"B01";"2";"50";"0";"2";"4";"23";"3";""
"202100003737";"195Â 071";"B01";"1";"7";"0";"2";"4";"2";"1";""
"202100003737";"195Â 072";"A01";"1";"37";"0";"2";"1";"2";"1";"1"
"202100003738";"195Â 069";"B01";"3";"7";"0";"2";"3";"0";"1";""
"202100003738";"195Â 070";"A01";"2";"2";"0";"2";"3";"0";"1";""
"202100003739";"195Â 068";"A01";"0";"37";"0";"0";"0";"1";"1";"3"
"202100003740";"195Â 066";"A01";"3";"7";"0";"2";"1";"26";"1";""
"202100003740";"195Â 067";"B01";"3";"7";"0";"2";"2";"15";"1";""
"202100003741";"195Â 065";"A01";"0";"7";"0";"1";"3";"15";"3";""
"202100003742";"195Â 063";"B01";"3";"2";"0";"2";"2";"15";"3";""
"202100003742";"195Â 064";"A01";"3";"10";"0";"2";"2";"1";"0";""
"202100003743";"195Â 061";"B01";"1";"7";"0";"2";"1";"1";"1";""
"202100003743";"195Â 062";"A01";"1";"7";"0";"2";"7";"15";"1";""
"202100003744";"195Â 059";"B01";"1";"15";"0";"2";"7";"16";"1";""
"202100003744";"195Â 060";"A01";"1";"32";"0";"2";"8";"18";"1";""
"202100003745";"195Â 058";"A01";"1";"99";"0";"1";"1";"1";"1";""
"202100003746";"195Â 057";"A01";" -1";"7";"0";"1";"1";"15";"1";""
"202100003747";"195Â 056";"A01";"0";"30";"0";"0";"0";"0";"3";""
"202100003748";"195Â 055";"A01";"2";"30";"0";"0";"3";"21";"1";""
"202100003749";"195Â 054";"A01";"3";"31";"0";"1";"2";"1";"1";""
"202100003750";"195Â 052";"B01";"1";"32";"0";"2";"8";"1";"0";""
"202100003750";"195Â 053";"A01";"2";"3";"0";"2";"3";"15";"0";""
"202100003751";"195Â 051";"A01";"1";"7";"0";"1";"2";"17";"0";""
"202100003752";"195Â 050";"A01";"3";"34";"0";"1";"8";"16";"1";""
"202100003753";"195Â 048";"B01";"2";"31";"0";"2";"2";"1";"1";""
"202100003753";"195Â 049";"A01";"2";"7";"0";"2";"3";"15";"1";""
"202100003754";"195Â 047";"A01";"3";"33";"0";"1";"0";"21";"1";""
"202100003755";"195Â 045";"A01";"0";"7";"0";"2";"7";"1";"1";""
"202100003755";"195Â 046";"B01";"0";"7";"0";"2";"1";"1";"1";""
"202100003756";"195Â 043";"A01";"1";"31";"0";"2";"1";"1";"1";""
"202100003756";"195Â 044";"B01";"1";"3";"0";"2";"6";"0";"1";""
"202100003757";"195Â 041";"B01";"2";"2";"0";"2";"2";"2";"1";""
"202100003757";"195Â 042";"A01";"2";"7";"0";"2";"3";"20";"0";""
"202100003758";"195Â 039";"A01";"3";"7";"13";"0";"2";"1";"1";""
"202100003759";"195Â 037";"A01";"1";"33";"0";"2";"1";"5";"1";""
"202100003759";"195Â 038";"B01";"2";"7";"0";"2";"3";"1";"1";""
"202100003760";"195Â 036";"A01";"3";"7";"0";"1";"3";"1";"1";""
"202100003761";"195Â 034";"B01";"1";"15";"0";"0";"0";"0";"1";""
"202100003761";"195Â 035";"A01";"1";"7";"0";"2";"1";"0";"1";""
"202100003762";"195Â 031";"A01";"1";"33";"0";"2";"1";"17";"1";""
"202100003762";"195Â 032";"B01";"2";"7";"0";"2";"3";"1";"1";""
"202100003762";"195Â 033";"C01";"1";"7";"0";"2";"8";"2";"1";""
"202100003763";"195Â 030";"A01";"3";"7";"13";"0";"0";"14";"1";""
"202100003764";"195Â 029";"A01";"1";"7";"13";"0";"3";"1";"1";""
"202100003765";"195Â 028";"A01";"2";"7";"16";"0";"1";"21";"1";""
"202100003766";"195Â 026";"A01";"2";"7";"0";"2";"1";"17";"1";""
"202100003766";"195Â 027";"B01";"1";"7";"0";"2";"1";"1";"1";""
"202100003767";"195Â 025";"A01";"2";"7";"8";"0";"6";"4";"1";""
"202100003768";"195Â 022";"A01";"1";"14";"0";"2";"1";"2";"1";""
"202100003768";"195Â 023";"B01";"1";"7";"12";"2";"7";"2";"1";""
"202100003769";"195Â 021";"A01";"1";"7";"2";"0";"7";"1";"1";""
"202100003770";"195Â 020";"A01";"2";"7";"0";"0";"0";"1";"1";""
"202100003771";"195Â 019";"A01";"1";"7";"0";"1";"1";"1";"1";""
"202100003772";"195Â 018";"A01";"1";"33";"0";"0";"9";"1";"1";""
"202100003773";"195Â 017";"A01";"1";"7";"13";"0";"7";"13";"1";""
"202100003774";"195Â 015";"A01";"3";"7";"13";"2";"3";"13";"1";""
"202100003774";"195Â 016";"B01";"3";"7";"0";"2";"3";"13";"1";""
"202100003775";"195Â 014";"A01";"2";"7";"0";"1";"2";"1";"3";""
"202100003776";"195Â 013";"A01";"2";"7";"13";"0";"8";"13";"1";""
"202100003777";"195Â 012";"A01";"3";"7";"0";"1";"2";"15";"3";""
"202100003778";"195Â 010";"B01";"1";"10";"0";"2";"1";"1";"1";""
"202100003778";"195Â 011";"A01";"2";"7";"0";"2";"3";"15";"1";""
"202100003779";"195Â 008";"A01";"2";"7";"0";"0";"2";"2";"1";""
"202100003779";"195Â 009";"B01";"2";"50";"0";"0";"6";"2";"3";""
"202100003780";"195Â 007";"A01";"2";"7";"13";"0";"1";"1";"1";""
"202100003781";"195Â 006";"A01";"1";"7";"0";"1";"2";"1";"1";""
"202100003782";"195Â 004";"B01";"2";"7";"0";"2";"3";"21";"1";""
"202100003782";"195Â 005";"A01";"1";"7";"0";"2";"3";"13";"1";""
"202100003783";"195Â 003";"A01";"1";"17";"13";"0";"1";"1";"6";""
"202100003784";"195Â 002";"A01";"1";"7";"0";"1";"2";"19";"1";""
"202100003785";"195Â 000";"A01";"2";"7";"0";"2";"3";"13";"1";""
"202100003785";"195Â 001";"B01";"1";"7";"0";"2";"3";"1";"1";""
"202100003786";"194Â 993";"E01";"1";"7";"14";"0";"3";"1";"1";""
"202100003786";"194Â 994";"D01";"1";"7";"14";"0";"1";"1";"1";""
"202100003786";"194Â 995";"C01";"1";"7";"0";"2";"0";"0";"1";""
"202100003786";"194Â 996";"B01";"1";"7";"0";"2";"0";"1";"1";""
"202100003786";"194Â 997";"A01";"1";"7";"0";"2";"2";"12";"2";""
"202100003787";"194Â 990";"A01";"2";"7";"1";"0";"1";"14";"1";""
"202100003787";"194Â 991";"B01";"2";"7";"0";"0";"4";"24";"1";""
"202100003787";"194Â 992";"C01";"2";"7";"0";"2";"1";"2";"1";""
"202100003788";"194Â 988";"A01";"2";"7";"0";"2";"1";"1";"1";""
"202100003788";"194Â 989";"B01";"1";"7";"0";"2";"1";"13";"1";""
"202100003789";"194Â 986";"B01";"2";"1";"0";"9";"1";"1";"5";""
"202100003789";"194Â 987";"A01";"1";"80";"0";"9";"1";"5";"3";""
"202100003790";"194Â 983";"A01";"2";"7";"0";"0";"1";"2";"1";""
"202100003790";"194Â 984";"B01";"2";"7";"0";"0";"4";"23";"0";""
"202100003790";"194Â 985";"C01";"2";"7";"1";"0";"3";"1";"1";""
"202100003791";"194Â 980";"B01";"3";"34";"0";"2";"1";"1";"1";""
"202100003791";"194Â 981";"A01";"3";"7";"0";"2";"8";"15";"1";""
"202100003792";"194Â 977";"A01";"2";"10";"0";"0";"5";"2";"1";""
"202100003792";"194Â 978";"B01";"2";"7";"3";"2";"1";"2";"1";""
"202100003792";"194Â 979";"C01";"2";"7";"0";"2";"2";"2";"1";""
"202100003793";"194Â 975";"A01";"2";"1";"0";"2";"0";"16";"5";""
"202100003793";"194Â 976";"B01";"1";"1";"0";"2";"0";"19";"5";""
"202100003794";"194Â 974";"A01";"1";"7";"0";"1";"3";"1";"1";""
"202100003795";"194Â 973";"A01";"3";"7";"8";"0";"2";"1";"1";""
"202100003796";"194Â 972";"A01";"2";"7";"8";"0";"1";"1";"1";""
"202100003797";"194Â 970";"A01";"1";"7";"0";"2";"1";"13";"1";""
"202100003797";"194Â 971";"B01";"2";"99";"0";"2";"3";"21";"1";""
"202100003798";"194Â 969";"A01";"2";"7";"8";"0";"8";"1";"1";""
"202100003799";"194Â 967";"B01";"2";"7";"0";"0";"1";"1";"1";""
"202100003799";"194Â 968";"A01";"2";"7";"0";"0";"4";"0";"1";""
"202100003800";"194Â 966";"A01";"1";"7";"0";"1";"2";"2";"1";""
"202100003801";"194Â 964";"A01";"1";"10";"3";"2";"6";"1";"1";""
"202100003801";"194Â 965";"B01";"1";"7";"0";"2";"1";"0";"1";""
"202100003802";"194Â 960";"A01";"2";"7";"0";"2";"4";"1";"1";""
"202100003802";"194Â 961";"B01";"2";"7";"0";"2";"1";"1";"1";""
"202100003802";"194Â 962";"D01";"2";"10";"0";"2";"1";"1";"1";""
"202100003802";"194Â 963";"C01";"2";"10";"0";"2";"1";"1";"1";""
"202100003803";"194Â 959";"A01";"1";"34";"0";"0";"0";"2";"1";""
"202100003804";"194Â 958";"A01";"1";"7";"17";"0";"1";"1";"1";""
"202100003805";"194Â 954";"B01";"2";"7";"0";"2";"3";"2";"1";""
"202100003805";"194Â 955";"A01";"1";"7";"0";"2";"1";"5";"1";""
"202100003806";"194Â 951";"B01";"1";"7";"0";"2";"4";"2";"1";""
"202100003806";"194Â 952";"A01";"1";"7";"0";"2";"1";"2";"1";""
"202100003806";"194Â 953";"C01";"1";"7";"0";"2";"6";"2";"1";""
"202100003807";"194Â 950";"A01";"1";"7";"4";"0";"3";"2";"1";""
"202100003808";"194Â 947";"A01";"1";"7";"0";"2";"1";"2";"1";""
"202100003808";"194Â 948";"B01";"1";"7";"0";"2";"4";"2";"0";""
"202100003808";"194Â 949";"C01";"1";"7";"0";"2";"4";"2";"0";""
"202100003809";"194Â 944";"C01";"2";"7";"0";"2";"6";"1";"1";""
"202100003809";"194Â 945";"B01";"2";"33";"0";"2";"7";"1";"1";""
"202100003809";"194Â 946";"A01";"2";"7";"0";"2";"3";"11";"1";""
"202100003810";"194Â 942";"B01";"2";"7";"0";"0";"4";"2";"1";""
"202100003810";"194Â 943";"A01";"2";"7";"0";"2";"1";"2";"1";""
"202100003811";"194Â 940";"A01";"1";"7";"0";"2";"5";"10";"1";""
"202100003811";"194Â 941";"B01";"1";"33";"0";"2";"1";"1";"1";""
"202100003812";"194Â 938";"A01";"2";"7";"0";"2";"1";"1";"1";""
"202100003812";"194Â 939";"B01";"2";"7";"0";"2";"4";"1";"1";""
"202100003813";"194Â 937";"A01";"1";"7";"3";"0";"3";"13";"1";""
"202100003814";"194Â 936";"A01";"1";"7";"4";"0";"2";"2";"1";""
"202100003815";"194Â 934";"A01";"2";"33";"0";"2";"7";"1";"1";""
"202100003815";"194Â 935";"B01";"2";"7";"0";"2";"8";"11";"1";""
"202100003816";"194Â 933";"A01";"2";"7";"0";"0";"0";"1";"1";""
"202100003817";"194Â 932";"A01";"2";"33";"0";"2";"4";"0";"1";""
"202100003818";"194Â 930";"A01";"2";"10";"0";"2";"1";"2";"1";""
"202100003818";"194Â 931";"B01";"2";"7";"0";"2";"4";"2";"1";""
"202100003819";"194Â 925";"A01";"1";"17";"0";"2";"1";"2";"1";""
"202100003819";"194Â 926";"B01";"1";"7";"0";"2";"4";"2";"1";""
"202100003819";"194Â 927";"C01";"1";"7";"0";"2";"4";"2";"1";""
"202100003819";"194Â 928";"D01";"1";"7";"0";"2";"4";"2";"0";""
"202100003819";"194Â 929";"E01";"1";"10";"0";"2";"4";"2";"1";""
"202100003820";"194Â 924";"A01";"1";"7";"4";"0";"1";"1";"1";""
"202100003821";"194Â 922";"B01";"2";"10";"0";"2";"6";"0";"1";""
"202100003821";"194Â 923";"A01";"2";"99";"1";"2";"2";"1";"3";""
"202100003822";"194Â 921";"A01";"2";"10";"1";"1";"3";"1";"1";""
"202100003823";"194Â 916";"A01";"3";"10";"0";"2";"3";"1";"1";""
"202100003823";"194Â 917";"B01";"3";"7";"0";"2";"3";"1";"1";""
"202100003824";"194Â 914";"B01";"1";"33";"0";"2";"1";"1";"1";""
"202100003824";"194Â 915";"A01";"1";"7";"0";"2";"5";"1";"1";""
"202100003825";"194Â 912";"B01";"1";"7";"0";"2";"3";"1";"1";""
"202100003825";"194Â 913";"A01";"1";"7";"8";"2";"3";"1";"1";""
"202100003826";"194Â 911";"A01";"1";"7";"7";"0";"1";"13";"1";""
"202100003827";"194Â 910";"A01";"2";"33";"0";"1";"1";"17";"1";""
"202100003828";"194Â 908";"A01";"1";"1";"0";"2";"3";"19";"5";""
"202100003828";"194Â 909";"B01";"2";"43";"0";"2";"1";"1";"1";""
"202100003829";"194Â 906";"B01";"1";"50";"0";"2";"8";"19";"3";""
"202100003829";"194Â 907";"A01";"2";"14";"0";"2";"1";"16";"1";""
"202100003830";"194Â 905";"A01";"1";"10";"0";"1";"1";"1";"1";""
"202100003831";"194Â 903";"B01";"2";"33";"0";"2";"4";"23";"1";""
"202100003831";"194Â 904";"A01";"2";"2";"0";"2";"1";"21";"1";""
"202100003832";"194Â 901";"B01";"1";"7";"0";"2";"3";"1";"1";""
"202100003832";"194Â 902";"A01";"1";"43";"0";"2";"2";"1";"1";""
"202100003833";"194Â 899";"A01";"1";"50";"0";"2";"1";"1";"3";""
"202100003833";"194Â 900";"B01";"2";"7";"0";"2";"2";"15";"1";""
"202100003834";"194Â 898";"A01";"2";"10";"0";"1";"5";"1";"1";""
"202100003835";"194Â 897";"Z01";"2";"50";"0";"1";"1";"1";"3";""
"202100003836";"194Â 895";"B01";"2";"32";"0";"2";"2";"1";"1";""
"202100003836";"194Â 896";"A01";"2";"7";"0";"2";"3";"9";"1";""
"202100003837";"194Â 894";"A01";"1";"10";"0";"1";"4";"4";"1";""
"202100003838";"194Â 892";"B01";"1";"50";"0";"2";"8";"1";"3";""
"202100003838";"194Â 893";"A01";"3";"10";"0";"2";"7";"1";"1";""
"202100003839";"194Â 890";"B01";"2";"32";"0";"2";"8";"21";"1";""
"202100003839";"194Â 891";"A01";"2";"7";"0";"2";"0";"9";"1";""
"202100003840";"194Â 888";"B01";"2";"1";"0";"2";"2";"1";"5";""
"202100003840";"194Â 889";"A01";"2";"7";"0";"2";"8";"22";"1";""
"202100003841";"194Â 887";"A01";"2";"2";"0";"0";"2";"7";"1";""
"202100003842";"194Â 885";"B01";"1";"7";"0";"2";"7";"1";"1";""
"202100003842";"194Â 886";"A01";"1";"30";"0";"2";"8";"16";"1";""
"202100003843";"194Â 884";"A01";"2";"7";"0";"1";"1";"1";"0";""
"202100003844";"194Â 882";"B01";"3";"37";"0";"2";"2";"15";"1";"2"
"202100003844";"194Â 883";"A01";"3";"7";"0";"2";"3";"1";"1";""
"202100003845";"194Â 880";"B01";"2";"30";"0";"2";"1";"1";"1";""
"202100003845";"194Â 881";"A01";"1";"7";"0";"2";"5";"15";"1";""
"202100003846";"194Â 879";"A01";"2";"7";"0";"1";"3";"1";"1";""
"202100003847";"194Â 877";"B01";"1";"7";"0";"2";"1";"17";"1";""
"202100003847";"194Â 878";"A01";"1";"7";"15";"2";"8";"20";"1";""
"202100003848";"194Â 875";"Z01";"0";"3";"0";"0";"0";"15";"0";""
"202100003848";"194Â 876";"A01";" -1";"3";"0";"2";"2";"1";"1";""
"202100003849";"194Â 874";"A01";"3";"3";"0";"1";"1";"26";"0";""
"202100003850";"194Â 872";"B01";"1";"43";"0";"2";"1";"2";"1";""
"202100003850";"194Â 873";"A01";" -1";"3";"0";"2";"0";"13";"0";""
"202100003851";"194Â 870";"A01";"1";"32";"12";"2";"5";"17";"1";""
"202100003851";"194Â 871";"B01";"1";"14";"0";"2";"8";"15";"1";""
"202100003852";"194Â 869";"A01";"3";"7";"0";"1";"1";"1";"1";""
"202100003853";"194Â 867";"A01";"2";"7";"1";"0";"1";"20";"2";""
"202100003853";"194Â 868";"B01";"2";"31";"0";"2";"1";"2";"3";""
"202100003854";"194Â 865";"B01";"2";"30";"0";"0";"1";"19";"0";""
"202100003854";"194Â 866";"A01";"2";"10";"0";"0";"2";"16";"0";""
"202100003855";"194Â 863";"B01";"2";"7";"0";"2";"4";"1";"1";""
"202100003855";"194Â 864";"A01";"2";"14";"0";"2";"1";"2";"1";""
"202100003856";"194Â 861";"A01";"2";"7";"0";"2";"4";"23";"1";""
"202100003856";"194Â 862";"B01";"2";"99";"0";"2";"1";"1";"1";""
"202100003857";"194Â 860";"A01";"1";"1";"0";"1";"3";"1";"5";""
"202100003858";"194Â 858";"Z01";"1";"10";"0";"2";"1";"1";"1";""
"202100003858";"194Â 859";"B01";"1";"7";"0";"2";"4";"23";"1";""
"202100003859";"194Â 857";"A01";"1";"7";"0";"1";"1";"15";"1";""
"202100003860";"194Â 855";"B01";"2";"7";"0";"2";"1";"15";"1";""
"202100003860";"194Â 856";"A01";"1";"50";"0";"2";"1";"1";"3";""
"202100003861";"194Â 853";"A01";"1";"2";"0";"2";"1";"21";"1";""
"202100003861";"194Â 854";"B01";"3";"37";"0";"2";"1";"0";"1";"1"
"202100003862";"194Â 851";"B01";"1";"7";"0";"2";"0";"16";"1";""
"202100003862";"194Â 852";"A01";"1";"1";"0";"2";"0";"1";"5";""
"202100003863";"194Â 849";"A01";"1";"7";"0";"2";"3";"1";"1";""
"202100003863";"194Â 850";"B01";"0";"60";"0";"2";"1";"19";"5";""
"202100003864";"194Â 843";"A01";"1";"7";"0";"2";"7";"26";"1";""
"202100003864";"194Â 844";"B01";"1";"7";"0";"2";"1";"1";"1";""
"202100003865";"194Â 842";"A01";"1";"7";"0";"1";"2";"17";"1";""
"202100003866";"194Â 840";"B01";"2";"10";"9";"2";"1";"1";"1";""
"202100003866";"194Â 841";"A01";"1";"7";"0";"2";"1";"13";"1";""
"202100003867";"194Â 839";"A01";"1";"7";"4";"0";"3";"13";"1";""
"202100003868";"194Â 836";"C01";"2";"7";"1";"0";"7";"1";"1";""
"202100003868";"194Â 837";"B01";"2";"17";"0";"2";"3";"1";"1";""
"202100003868";"194Â 838";"A01";"2";"7";"0";"2";"5";"17";"1";""
"202100003869";"194Â 835";"A01";"1";"7";"2";"0";"2";"0";"1";""
"202100003870";"194Â 834";"A01";"1";"7";"13";"9";"9";"1";"1";""
"202100003871";"194Â 832";"A01";"2";"7";"0";"2";"2";"1";"1";""
"202100003871";"194Â 833";"B01";"2";"7";"0";"2";"3";"19";"1";""
"202100003872";"194Â 830";"B01";"1";"10";"0";"2";"3";"1";"1";""
"202100003872";"194Â 831";"A01";"1";"7";"0";"2";"6";"19";"1";""
"202100003873";"194Â 829";"A01";"2";"15";"4";"0";"2";"1";"1";""
"202100003874";"194Â 828";"A01";"0";"10";"0";"1";"1";"1";"1";""
"202100003875";"194Â 824";"A01";"1";"7";"0";"2";"1";"15";"1";""
"202100003875";"194Â 825";"B01";"2";"7";"0";"2";"1";"1";"1";""
"202100003876";"194Â 822";"B01";"2";"7";"0";"2";"8";"19";"1";""
"202100003876";"194Â 823";"A01";"2";"2";"0";"2";"1";"1";"1";""
"202100003877";"194Â 820";"B01";"2";"2";"0";"0";"1";"1";"1";""
"202100003877";"194Â 821";"A01";"1";"7";"0";"0";"6";"11";"1";""
"202100003878";"194Â 818";"B01";"2";"17";"0";"2";"3";"13";"1";""
"202100003878";"194Â 819";"A01";"1";"7";"0";"2";"3";"1";"1";""
"202100003879";"194Â 817";"A01";"1";"7";"0";"1";"1";"15";"1";""
"202100003880";"194Â 815";"A01";"2";"7";"0";"2";"3";"17";"1";""
"202100003880";"194Â 816";"B01";"1";"2";"0";"2";"1";"1";"1";""
"202100003881";"194Â 814";"A01";"2";"7";"0";"1";"3";"26";"1";""
"202100003882";"194Â 813";"A01";"2";"7";"2";"0";"1";"13";"1";""
"202100003883";"194Â 811";"B01";"2";"7";"0";"2";"2";"1";"1";""
"202100003883";"194Â 812";"A01";"3";"7";"0";"2";"3";"16";"1";""
"202100003884";"194Â 810";"A01";"1";"7";"0";"1";"1";"1";"1";""
"202100003885";"194Â 809";"A01";"1";"7";"6";"0";"1";"1";"1";""
"202100003886";"194Â 808";"A01";"2";"2";"0";"6";"3";"1";"1";""
"202100003887";"194Â 806";"B01";"1";"7";"0";"2";"1";"1";"1";""
"202100003887";"194Â 807";"A01";"2";"7";"0";"2";"1";"1";"1";""
"202100003888";"194Â 804";"A01";"2";"1";"0";"2";"1";"2";"5";""
"202100003888";"194Â 805";"B01";"2";"7";"0";"9";"4";"23";"1";""
"202100003889";"194Â 802";"B01";"1";"2";"8";"2";"8";"1";"1";""
"202100003889";"194Â 803";"A01";"2";"7";"0";"2";"3";"15";"1";""
"202100003890";"194Â 801";"A01";"2";"7";"0";"1";"2";"21";"1";""
"202100003891";"194Â 798";"A01";"1";"7";"0";"2";"1";"1";"1";""
"202100003891";"194Â 799";"B01";"1";"7";"0";"2";"4";"1";"1";""
"202100003891";"194Â 800";"C01";"1";"7";"0";"2";"1";"1";"1";""
"202100003892";"194Â 797";"A01";"1";"7";"0";"1";"1";"1";"1";""
"202100003893";"194Â 795";"A01";"2";"7";"0";"2";"3";"13";"1";""
"202100003893";"194Â 796";"B01";"1";"2";"0";"2";"1";"1";"1";""
"202100003894";"194Â 793";"A01";"2";"7";"0";"2";"3";"13";"1";""
"202100003894";"194Â 794";"B01";"1";"7";"0";"2";"8";"1";"1";""
"202100003895";"194Â 791";"B01";"2";"7";"0";"2";"1";"1";"1";""