"Num_Acc";"id_vehicule";"num_veh";"senc";"catv";"obs";"obsm";"choc";"manv";"motor";"occutc"
"202100003895";"194Â 792";"A01";"2";"20";"0";"0";"7";"19";"1";""
"202100003896";"194Â 789";"A01";"2";"2";"0";"2";"3";"13";"1";""
"202100003896";"194Â 790";"B01";"1";"7";"0";"2";"3";"1";"2";""
"202100003897";"194Â 788";"A01";"0";"7";"17";"0";"1";"1";"1";""
"202100003898";"194Â 787";"A01";"1";"50";"0";"1";"1";"1";"3";""
"202100003899";"194Â 786";"A01";"1";"10";"0";"1";"2";"1";"1";""
"202100003900";"194Â 784";"A01";"2";"7";"0";"2";"1";"13";"1";""
"202100003900";"194Â 785";"B01";"1";"7";"0";"2";"1";"1";"1";""
"202100003901";"194Â 783";"A01";"0";"7";"0";"1";"2";"1";"1";""
"202100003902";"194Â 781";"B01";"1";"15";"0";"2";"2";"23";"1";""
"202100003902";"194Â 782";"A01";"2";"2";"1";"2";"1";"5";"3";""
"202100003903";"194Â 780";"A01";"1";"14";"1";"0";"1";"1";"1";""
"202100003904";"194Â 777";"A01";"2";"33";"0";"0";"0";"0";"1";""
"202100003904";"194Â 778";"C01";"2";"7";"0";"2";"7";"1";"1";""
"202100003904";"194Â 779";"B01";"2";"10";"0";"2";"2";"1";"1";""
"202100003905";"194Â 772";"A01";"1";"7";"0";"2";"4";"1";"1";""
"202100003905";"194Â 773";"B01";"1";"7";"0";"2";"4";"1";"1";""
"202100003905";"194Â 774";"C01";"1";"7";"0";"2";"4";"1";"1";""
"202100003905";"194Â 775";"D01";"1";"7";"0";"2";"1";"1";"1";""
"202100003905";"194Â 776";"E01";"1";"7";"0";"2";"1";"1";"1";""
"202100003906";"194Â 771";"A01";"3";"38";"13";"0";"3";"1";"1";"5"
"202100003907";"194Â 770";"A01";"3";"2";"13";"0";"0";"0";"1";""
"202100003908";"194Â 769";"A01";"1";"31";"0";"1";"1";"17";"1";""
"202100003909";"194Â 768";"A01";"1";"7";"1";"0";"1";"0";"1";""
"202100003910";"194Â 767";"A01";"2";"10";"0";"1";"2";"14";"1";""
"202100003911";"194Â 765";"A01";"1";"7";"0";"2";"2";"13";"1";""
"202100003911";"194Â 766";"B01";"2";"10";"0";"2";"1";"1";"1";""
"202100003912";"194Â 763";"B01";"1";"7";"0";"0";"4";"23";"1";""
"202100003912";"194Â 764";"A01";"1";"2";"0";"2";"1";"2";"1";""
"202100003913";"194Â 761";"B01";"2";"7";"0";"0";"2";"15";"1";""
"202100003913";"194Â 762";"A01";"1";"33";"0";"0";"1";"1";"1";""
"202100003914";"194Â 759";"B01";"1";"15";"0";"2";"3";"1";"1";""
"202100003914";"194Â 760";"A01";"1";"7";"4";"2";"1";"2";"1";""
"202100003915";"194Â 757";"B01";"2";"7";"0";"2";"3";"1";"1";""
"202100003915";"194Â 758";"A01";"1";"7";"0";"2";"6";"1";"1";""
"202100003916";"194Â 755";"A01";"1";"7";"4";"0";"1";"17";"1";""
"202100003916";"194Â 756";"B01";"1";"10";"14";"0";"1";"1";"1";""
"202100003917";"194Â 754";"A01";"3";"7";"15";"0";"2";"14";"1";""
"202100003918";"194Â 752";"B01";"2";"10";"0";"2";"8";"1";"1";""
"202100003918";"194Â 753";"A01";"1";"7";"0";"2";"8";"13";"1";""
"202100003919";"194Â 750";"A01";"2";"7";"0";"0";"4";"23";"1";""
"202100003919";"194Â 751";"B01";"2";"15";"0";"0";"1";"2";"1";""
"202100003920";"194Â 748";"A01";"2";"7";"0";"9";"3";"10";"1";""
"202100003920";"194Â 749";"B01";"2";"1";"0";"2";"1";"0";"5";""
"202100003921";"194Â 747";"A01";"1";"7";"0";"1";"2";"1";"1";""
"202100003922";"194Â 745";"B01";"1";"7";"0";"0";"1";"1";"1";""
"202100003922";"194Â 746";"A01";"0";"10";"0";"0";"7";"1";"1";""
"202100003923";"194Â 743";"B01";"2";"33";"0";"2";"1";"1";"1";""
"202100003923";"194Â 744";"A01";"3";"33";"0";"2";"3";"9";"1";""
"202100003924";"194Â 739";"C01";"1";"7";"0";"2";"4";"1";"1";""
"202100003924";"194Â 740";"B01";"1";"7";"0";"2";"4";"1";"1";""
"202100003924";"194Â 741";"A01";"1";"7";"0";"2";"1";"2";"1";""
"202100003925";"194Â 738";"A01";"1";"7";"4";"0";"1";"2";"1";""
"202100003926";"194Â 736";"B01";"2";"7";"0";"2";"4";"1";"1";""
"202100003926";"194Â 737";"A01";"2";"33";"0";"2";"1";"3";"1";""
"202100003927";"194Â 733";"C01";"2";"10";"0";"2";"4";"2";"1";""
"202100003927";"194Â 734";"B01";"2";"33";"0";"2";"3";"3";"1";""
"202100003927";"194Â 735";"A01";"2";"7";"0";"2";"2";"12";"1";""
"202100003928";"194Â 728";"F01";"1";"7";"0";"1";"1";"2";"1";""
"202100003928";"194Â 729";"E01";"1";"7";"1";"0";"1";"2";"1";""
"202100003928";"194Â 730";"D01";"1";"7";"1";"0";"1";"2";"1";""
"202100003928";"194Â 731";"C01";"1";"7";"1";"0";"1";"2";"1";""
"202100003928";"194Â 732";"B01";"1";"10";"0";"1";"2";"2";"1";""
"202100003929";"194Â 726";"A01";"2";"33";"0";"2";"1";"1";"1";""
"202100003929";"194Â 727";"B01";"2";"7";"0";"2";"4";"1";"1";""
"202100003930";"194Â 724";"A01";"1";"7";"0";"2";"1";"2";"1";""
"202100003930";"194Â 725";"B01";"1";"7";"0";"2";"4";"2";"1";""
"202100003931";"194Â 721";"A01";"1";"17";"0";"2";"8";"2";"1";""
"202100003931";"194Â 722";"Z01";"1";"17";"0";"2";"1";"0";"0";""
"202100003931";"194Â 723";"B01";"1";"7";"0";"2";"4";"2";"1";""
"202100003932";"194Â 718";"A01";"2";"7";"0";"2";"1";"1";"1";""
"202100003932";"194Â 719";"B01";"2";"7";"0";"2";"4";"2";"1";""
"202100003932";"194Â 720";"C01";"2";"7";"0";"2";"4";"2";"1";""
"202100003933";"194Â 716";"B01";"2";"10";"0";"2";"5";"2";"0";""
"202100003933";"194Â 717";"A01";"2";"43";"0";"2";"1";"2";"0";""
"202100003934";"194Â 714";"A01";"1";"7";"0";"2";"1";"0";"2";""
"202100003934";"194Â 715";"B01";"1";"7";"0";"2";"3";"0";"1";""
"202100003935";"194Â 712";"B01";"2";"7";"0";"2";"1";"1";"2";""
"202100003935";"194Â 713";"A01";"2";"7";"0";"2";"6";"9";"1";""
"202100003936";"194Â 710";"A01";"2";"7";"0";"2";"0";"11";"1";""
"202100003936";"194Â 711";"B01";"2";"7";"4";"2";"0";"1";"1";""
"202100003937";"194Â 708";"B01";"2";"7";"0";"2";"4";"1";"1";""
"202100003937";"194Â 709";"A01";"2";"7";"0";"2";"1";"1";"1";""
"202100003938";"194Â 706";"B01";"1";"7";"0";"2";"1";"2";"1";""
"202100003938";"194Â 707";"A01";"1";"7";"0";"2";"1";"2";"1";""
"202100003939";"194Â 705";"A01";"1";"33";"3";"0";"1";"0";"1";""
"202100003940";"194Â 703";"A01";"2";"7";"0";"2";"1";"2";"1";""
"202100003940";"194Â 704";"B01";"2";"7";"0";"2";"4";"2";"1";""
"202100003941";"194Â 701";"B01";"1";"43";"0";"2";"1";"3";"1";""
"202100003941";"194Â 702";"A01";"1";"7";"0";"2";"4";"12";"1";""
"202100003942";"194Â 699";"B01";"1";"32";"1";"2";"3";"3";"1";""
"202100003942";"194Â 700";"A01";"1";"7";"4";"0";"2";"0";"1";""
"202100003943";"194Â 698";"A01";"2";"3";"3";"2";"2";"14";"1";""
"202100003944";"194Â 696";"B01";"1";"7";"0";"2";"4";"2";"1";""
"202100003944";"194Â 697";"A01";"1";"7";"0";"2";"1";"2";"1";""
"202100003945";"194Â 693";"A01";"2";"15";"0";"2";"1";"2";"1";""
"202100003946";"194Â 691";"B01";"2";"15";"1";"0";"2";"1";"1";""
"202100003946";"194Â 692";"A01";"2";"15";"0";"2";"6";"24";"1";""
"202100003947";"194Â 689";"A01";"1";"7";"0";"2";"3";"18";"1";""
"202100003947";"194Â 690";"B01";"1";"7";"6";"2";"5";"1";"1";""
"202100003948";"194Â 688";"A01";"2";"7";"2";"0";"1";"1";"1";""
"202100003949";"194Â 687";"A01";"1";"7";"0";"1";"2";"1";"1";""
"202100003950";"194Â 686";"A01";"0";"33";"0";"1";"1";"3";"1";""
"202100003951";"194Â 685";"A01";"3";"2";"0";"2";"1";"21";"1";""
"202100003952";"194Â 684";"A01";"3";"37";"0";"1";"2";"20";"1";"1"
"202100003953";"194Â 683";"A01";"1";"7";"6";"0";"1";"13";"1";""
"202100003954";"194Â 681";"B01";"1";"80";"0";"0";"0";"1";"5";""
"202100003954";"194Â 682";"A01";"1";"80";"0";"1";"7";"1";"5";""
"202100003955";"194Â 679";"B01";"2";"13";"0";"2";"3";"26";"1";""
"202100003955";"194Â 680";"A01";"2";"7";"0";"2";"1";"13";"1";""
"202100003956";"194Â 677";"B01";"2";"1";"0";"2";"8";"1";"5";""
"202100003956";"194Â 678";"A01";"2";"14";"0";"2";"2";"16";"1";""
"202100003957";"194Â 675";"B01";"1";"14";"0";"2";"4";"2";"1";""
"202100003957";"194Â 676";"A01";"1";"7";"0";"2";"1";"2";"1";""
"202100003958";"194Â 674";"A01";"1";"7";"0";"1";"7";"21";"1";""
"202100003959";"194Â 672";"A01";"1";"7";"0";"2";"1";"1";"1";""
"202100003959";"194Â 673";"B01";"2";"7";"0";"2";"7";"1";"1";""
"202100003960";"194Â 668";"A01";"3";"7";"1";"0";"1";"13";"1";""
"202100003960";"194Â 669";"B01";"1";"7";"0";"2";"6";"24";"1";""
"202100003960";"194Â 670";"C01";"3";"7";"1";"2";"8";"24";"1";""
"202100003960";"194Â 671";"D01";"2";"7";"1";"2";"8";"24";"1";""
"202100003961";"194Â 667";"A01";"1";"30";"0";"1";"0";"1";"1";""
"202100003962";"194Â 665";"B01";"2";"40";"0";"2";"1";"1";"3";""
"202100003962";"194Â 666";"A01";"3";"7";"0";"4";"7";"26";"2";""
"202100003963";"194Â 663";"B01";"2";"1";"0";"2";"2";"1";"5";""
"202100003963";"194Â 664";"A01";"1";"10";"0";"2";"1";"9";"1";""
"202100003964";"194Â 661";"B01";"3";"7";"0";"2";"8";"15";"1";""
"202100003964";"194Â 662";"A01";"3";"10";"0";"2";"3";"21";"1";""
"202100003965";"194Â 659";"B01";"1";"1";"0";"2";"0";"0";"0";""
"202100003965";"194Â 660";"A01";"2";"7";"0";"2";"2";"15";"1";""
"202100003966";"194Â 658";"A01";"3";"30";"0";"0";"0";"1";"1";""
"202100003967";"194Â 656";"A01";"1";"7";"0";"2";"1";"1";"1";""
"202100003967";"194Â 657";"B01";"3";"50";"0";"2";"0";"0";"3";""
"202100003968";"194Â 654";"A01";"1";"1";"0";"2";"1";"2";"0";""
"202100003968";"194Â 655";"B01";"2";"7";"0";"2";"2";"15";"1";""
"202100003969";"194Â 652";"A01";"1";"7";"0";"2";"3";"15";"1";""
"202100003969";"194Â 653";"B01";"1";"32";"0";"2";"1";"1";"1";""
"202100003970";"194Â 651";"A01";"3";"7";"1";"0";"1";"0";"1";""
"202100003971";"194Â 650";"A01";"3";"7";"6";"0";"7";"1";"1";""
"202100003972";"194Â 649";"A01";"1";"2";"0";"0";"7";"16";"1";""
"202100003973";"194Â 648";"A01";"1";"10";"0";"1";"1";"15";"0";""
"202100003974";"194Â 646";"B01";"1";"7";"0";"2";"3";"1";"1";""
"202100003974";"194Â 647";"A01";"2";"7";"0";"2";"3";"13";"1";""
"202100003975";"194Â 644";"B01";"3";"1";"0";"2";"1";"1";"5";""
"202100003975";"194Â 645";"A01";"3";"7";"0";"2";"3";"9";"1";""
"202100003976";"194Â 642";"A01";"1";"7";"0";"2";"3";"26";"1";""
"202100003976";"194Â 643";"B01";"1";"10";"0";"2";"5";"26";"3";""
"202100003977";"194Â 641";"A01";"1";"7";"0";"1";"1";"9";"1";""
"202100003978";"194Â 640";"A01";"3";"10";"0";"2";"1";"9";"1";""
"202100003979";"194Â 639";"A01";"3";"7";"0";"1";"1";"26";"1";""
"202100003980";"194Â 637";"A01";"3";"7";"0";"2";"1";"1";"1";""
"202100003980";"194Â 638";"B01";"3";"80";"0";"2";"1";"1";"3";""
"202100003981";"194Â 635";"B01";"3";"7";"0";"2";"4";"1";"1";""
"202100003981";"194Â 636";"A01";"3";"2";"0";"2";"1";"1";"1";""
"202100003982";"194Â 633";"B01";"1";"33";"0";"2";"2";"1";"1";""
"202100003982";"194Â 634";"A01";"1";"7";"0";"2";"6";"11";"1";""
"202100003983";"194Â 631";"B01";"3";"1";"0";"2";"0";"0";"0";""
"202100003983";"194Â 632";"A01";"0";"7";"0";"2";"3";"15";"2";""
"202100003984";"194Â 630";"A01";"2";"7";"0";"1";"1";"15";"1";""
"202100003985";"194Â 627";"C01";"2";"7";"0";"2";"6";"23";"1";""
"202100003985";"194Â 628";"B01";"2";"7";"0";"2";"7";"15";"1";""
"202100003985";"194Â 629";"A01";"1";"7";"0";"2";"1";"1";"1";""
"202100003986";"194Â 626";"A01";"1";"7";"7";"0";"4";"1";"1";""
"202100003987";"194Â 623";"C01";"1";"7";"0";"2";"1";"1";"1";""
"202100003987";"194Â 624";"B01";"1";"7";"0";"2";"4";"1";"1";""
"202100003987";"194Â 625";"A01";"1";"10";"0";"2";"1";"1";"1";""
"202100003988";"194Â 621";"B01";"2";"7";"0";"2";"2";"21";"1";""
"202100003988";"194Â 622";"A01";"1";"7";"0";"2";"2";"5";"1";""
"202100003989";"194Â 618";"B01";"3";"7";"0";"2";"2";"0";"1";""
"202100003989";"194Â 619";"A01";"0";"0";"0";"2";"0";"1";"0";""
"202100003990";"194Â 616";"B01";"1";"7";"0";"2";"4";"2";"1";""
"202100003990";"194Â 617";"A01";"2";"10";"0";"2";"1";"2";"1";""
"202100003991";"194Â 614";"B01";"2";"7";"0";"2";"3";"1";"1";""
"202100003991";"194Â 615";"A01";"2";"2";"0";"2";"1";"1";"1";""
"202100003992";"194Â 612";"A01";"1";"7";"0";"5";"1";"1";"1";""
"202100003992";"194Â 613";"B01";"1";"7";"0";"5";"1";"1";"1";""
"202100003993";"194Â 611";"A01";" -1";"7";"0";"1";"0";"1";" -1";""
"202100003994";"194Â 609";"B01";"0";"1";"0";"2";"1";"1";"5";""
"202100003994";"194Â 610";"A01";"0";"7";"0";"2";"3";"15";"1";""
"202100003995";"194Â 608";"A01";"0";"7";"0";"1";"0";"1";"1";""
"202100003996";"194Â 606";"A01";"0";"7";"0";"2";"3";"15";"1";""
"202100003996";"194Â 607";"B01";"0";"7";"0";"2";"7";"1";"1";""
"202100003997";"194Â 604";"B01";"0";"7";"0";"2";"1";"1";"1";""
"202100003997";"194Â 605";"A01";"0";"30";"0";"2";"1";"1";"1";""
"202100003998";"194Â 602";"A01";"2";"7";"0";"2";"5";"21";"1";""
"202100003998";"194Â 603";"B01";"1";"7";"0";"0";"0";"1";"1";""
"202100003999";"194Â 598";"B01";"1";"1";"0";"2";"0";"1";" -1";""
"202100003999";"194Â 599";"A01";"1";"7";"0";"2";"0";"22";"0";""
"202100004000";"194Â 596";"A01";"2";"32";"0";"2";"1";"1";"0";""
"202100004000";"194Â 597";"B01";"3";"1";"0";"2";"7";"1";"0";""
"202100004001";"194Â 588";"A01";"3";"7";"0";"2";"3";"15";"1";""
"202100004001";"194Â 589";"B01";"3";"50";"0";"2";"1";"1";"3";""
"202100004002";"194Â 586";"B01";"1";"7";"0";"2";"4";"2";"1";""
"202100004002";"194Â 587";"A01";"1";"10";"0";"2";"1";"2";"1";""
"202100004003";"194Â 585";"A01";"0";"7";"8";"0";"0";"0";"1";""
"202100004004";"194Â 584";"A01";"3";"7";"2";"0";"1";"14";"1";""
"202100004005";"194Â 583";"A01";"1";"7";"0";"1";"1";"1";"2";""
"202100004006";"194Â 582";"A01";"3";"7";"0";"1";"3";"1";"1";""
"202100004007";"194Â 579";"C01";"1";"7";"0";"2";"4";"1";"1";""
"202100004007";"194Â 580";"B01";"1";"7";"0";"2";"4";"1";"1";""
"202100004007";"194Â 581";"A01";"1";"37";"0";"2";"1";"1";"1";"1"
"202100004008";"194Â 577";"B01";"2";"1";"0";"2";"3";"19";"0";""
"202100004008";"194Â 578";"A01";"2";"10";"0";"9";"3";"15";"1";""
"202100004009";"194Â 575";"B01";"2";"7";"1";"2";"7";"15";"1";""
"202100004009";"194Â 576";"Z01";"1";"7";"1";"2";"1";"1";"1";""
"202100004010";"194Â 573";"B01";"2";"7";"0";"2";"3";"1";"1";""
"202100004010";"194Â 574";"A01";"1";"3";"0";"2";"1";"13";"1";""
"202100004011";"194Â 571";"B01";"2";"7";"0";"2";"5";"16";"1";""
"202100004011";"194Â 572";"A01";"1";"1";"0";"2";"1";"19";"5";""
"202100004012";"194Â 568";"C01";"1";"7";"0";"2";"4";"2";"1";""
"202100004012";"194Â 569";"B01";"1";"7";"0";"2";"4";"2";"1";""
"202100004012";"194Â 570";"A01";"1";"10";"0";"2";"1";"2";"1";""
"202100004013";"194Â 566";"A01";"1";"7";"0";"2";"3";"13";"1";""
"202100004013";"194Â 567";"B01";"2";"7";"0";"2";"6";"1";"1";""
"202100004014";"194Â 564";"A01";"3";"7";"0";"2";"2";"19";"1";""
"202100004014";"194Â 565";"B01";"3";"7";"0";"2";"1";"21";"1";""
"202100004015";"194Â 562";"B01";"2";"7";"0";"2";"4";"2";"1";""
"202100004015";"194Â 563";"A01";"2";"30";"0";"2";"1";"2";"1";""
"202100004016";"194Â 559";"A01";"3";"7";"0";"2";"1";"2";"1";""
"202100004016";"194Â 560";"B01";"3";"7";"0";"2";"9";"2";"1";""
"202100004016";"194Â 561";"C01";"3";"7";"0";"2";"4";"2";"1";""
"202100004017";"194Â 557";"A01";"3";"7";"0";"2";"1";"2";"1";""
"202100004017";"194Â 558";"B01";"3";"7";"0";"2";"4";"2";"1";""
"202100004018";"194Â 556";"A01";"2";"36";"1";"0";"1";"14";"1";""
"202100004019";"194Â 554";"F01";"2";"7";"0";"2";"2";"9";"1";""
"202100004019";"194Â 555";"E01";"1";"7";"0";"2";"7";"1";"1";""
"202100004020";"194Â 552";"Y01";"1";"1";"0";"2";"4";"1";"5";""
"202100004020";"194Â 553";"A01";"1";"7";"0";"2";"1";"2";"1";""
"202100004021";"194Â 550";"A01";"1";"37";"0";"2";"2";"17";"6";"1"
"202100004021";"194Â 551";"B01";"1";"1";"16";"2";"0";"0";"5";""
"202100004022";"194Â 549";"A01";"2";"7";"3";"0";"4";"1";"1";""
"202100004023";"194Â 548";"A01";"3";"7";"8";"0";"0";"1";"1";""
"202100004024";"194Â 547";"A01";"3";"7";"0";"1";"1";"15";"1";""
"202100004025";"194Â 546";"A01";"1";"7";"0";"1";"2";"1";"1";""
"202100004026";"194Â 544";"B01";"1";"7";"0";"9";"1";"1";"1";""
"202100004026";"194Â 545";"A01";"1";"30";"0";"2";"1";"9";"1";""
"202100004027";"194Â 542";"B01";"1";"1";"0";"2";"8";"0";"0";""
"202100004027";"194Â 543";"Z01";"1";"10";"0";"9";"7";"2";"0";""
"202100004028";"194Â 540";"B01";"2";"30";"0";"2";"7";"1";"1";""
"202100004028";"194Â 541";"Z01";"1";"7";"0";"2";"1";"9";"1";""
"202100004029";"194Â 538";"B01";"1";"7";"0";"1";"0";"1";"1";""
"202100004029";"194Â 539";"A01";"1";"10";"0";"2";"1";"2";"1";""
"202100004030";"194Â 536";"Z01";"3";"7";"0";"2";"2";"2";"0";""
"202100004030";"194Â 537";"B01";"3";"50";"0";"2";"4";"1";"3";""
"202100004031";"194Â 535";"A01";"1";"7";"0";"1";"2";"1";"1";""
"202100004032";"194Â 533";"B01";"2";"30";"0";"2";"3";"18";"1";""
"202100004032";"194Â 534";"A01";"2";"7";"0";"2";"7";"14";"1";""
"202100004033";"194Â 531";"B01";"1";"1";"0";"2";"8";"1";"5";""
"202100004033";"194Â 532";"A01";"1";"7";"0";"9";"2";"16";"1";""
"202100004034";"194Â 530";"A01";"1";"7";"0";"1";"2";"15";"1";""
"202100004035";"194Â 529";"A01";"2";"7";"0";"1";"3";"1";"1";""
"202100004036";"194Â 527";"A01";"1";"7";"0";"2";"2";"15";"1";""
"202100004036";"194Â 528";"B01";"1";"7";"0";"2";"7";"1";"1";""
"202100004037";"194Â 526";"A01";"1";"7";"9";"0";"2";"1";"1";""
"202100004038";"194Â 523";"B01";"1";"31";"0";"2";"1";"0";"1";""
"202100004038";"194Â 524";"A01";"2";"7";"0";"2";"1";"15";"1";""
"202100004039";"194Â 522";"A01";"0";"7";"0";"1";"1";"1";"1";""
"202100004040";"194Â 521";"A01";"1";"7";"0";"1";"1";"1";"1";""
"202100004041";"194Â 520";"A01";"1";"80";"0";"0";"5";"26";"3";""
"202100004042";"194Â 518";"B01";"1";"1";"0";"2";"1";"26";"5";""
"202100004042";"194Â 519";"A01";"1";"7";"0";"2";"2";"26";"1";""
"202100004043";"194Â 517";"A01";"1";"7";"0";"1";"1";"26";"1";""
"202100004044";"194Â 516";"A01";"1";"1";"0";"0";"0";"26";"5";""
"202100004045";"194Â 514";"B01";"1";"2";"0";"2";"1";"1";"1";""
"202100004045";"194Â 515";"A01";"1";"10";"0";"2";"6";"26";"1";""
"202100004046";"194Â 512";"B01";"1";"30";"0";"2";"1";"26";"1";""
"202100004046";"194Â 513";"A01";"1";"7";"0";"2";"1";"26";"1";""
"202100004047";"194Â 510";"A01";"1";"50";"0";"2";"2";"26";"3";""
"202100004047";"194Â 511";"B01";"1";"7";"0";"2";"3";"26";"1";""
"202100004048";"194Â 509";"A01";"1";"7";"0";"0";"1";"26";"1";""
"202100004049";"194Â 508";"A01";"3";"7";"0";"1";"2";"16";"1";""
"202100004050";"194Â 507";"B01";"0";"0";"0";"1";"0";"0";"0";""
"202100004051";"194Â 506";"A01";"1";"37";"0";"1";"3";"15";"1";"1"
"202100004052";"194Â 504";"A01";"2";"30";"0";"2";"1";"2";"1";""
"202100004052";"194Â 505";"B01";"2";"7";"0";"2";"6";"2";"1";""
"202100004053";"194Â 500";"A01";"1";"7";"0";"9";"3";"25";"1";""
"202100004053";"194Â 501";"B01";"2";"50";"0";"2";"1";"25";"3";""
"202100004054";"194Â 499";"A01";"2";"7";"0";"1";"1";"1";"1";""
"202100004055";"194Â 498";"A01";"1";"1";"8";"0";"0";"16";"5";""
"202100004056";"194Â 497";"A01";"2";"7";"3";"0";"2";"14";"1";""
"202100004057";"194Â 495";"B01";"2";"7";"0";"2";"1";"1";"1";""
"202100004057";"194Â 496";"A01";"1";"32";"0";"2";"8";"1";"1";""
"202100004058";"194Â 494";"A01";"0";"10";"0";"1";"0";"1";"1";""
"202100004059";"194Â 492";"A01";"2";"7";"0";"2";"1";"1";"1";""
"202100004059";"194Â 493";"B01";"2";"7";"0";"2";"4";"1";"1";""
"202100004060";"194Â 491";"A01";"1";"7";"0";"1";"3";"9";"1";""
"202100004061";"194Â 489";"A01";"2";"7";"0";"2";"1";"1";"1";""
"202100004061";"194Â 490";"B01";"2";"50";"0";"2";"0";"1";"3";""
"202100004062";"194Â 487";"A01";"2";"7";"8";"4";"8";"1";"1";""
"202100004062";"194Â 488";"B01";"3";"40";"0";"2";"1";"1";"3";""
"202100004063";"194Â 486";"A01";"3";"7";"0";"1";"1";"2";"1";""
"202100004064";"194Â 484";"A01";"1";"7";"0";"2";"1";"2";"1";""
"202100004064";"194Â 485";"B01";"1";"7";"0";"2";"4";"23";"1";""
"202100004065";"194Â 483";"A01";"2";"7";"0";"1";"1";"1";"1";""
"202100004066";"194Â 480";"C01";"1";"7";"0";"2";"5";"2";"1";""
"202100004066";"194Â 481";"A01";"1";"7";"0";"2";"1";"2";"1";""
"202100004066";"194Â 482";"B01";"1";"7";"0";"2";"1";"2";"1";""
"202100004067";"194Â 478";"B01";"3";"30";"0";"2";"1";"1";"1";""
"202100004067";"194Â 479";"A01";"3";"7";"0";"2";"1";"15";"1";""
"202100004068";"194Â 477";"A01";"2";"7";"0";"1";"1";"1";"1";""
"202100004069";"194Â 476";"A01";" -1";"7";"15";"0";"1";"9";"1";""
"202100004070";"194Â 473";"C01";"1";"7";"0";"2";"1";"1";"1";""
"202100004070";"194Â 474";"B01";"2";"7";"0";"2";"0";"1";"1";""
"202100004070";"194Â 475";"A01";"1";"7";"0";"2";"1";"15";"1";""
"202100004071";"194Â 471";"B01";"0";"7";"0";"2";"7";"1";"1";""
"202100004071";"194Â 472";"A01";"0";"7";"0";"2";"3";"9";"1";""
"202100004072";"194Â 469";"B01";"1";"7";"0";"0";"3";"0";"0";""
"202100004072";"194Â 470";"A01";"2";"7";"0";"2";"3";"15";"0";""
"202100004073";"194Â 468";"A01";"3";"7";"0";"1";"1";"1";"1";""
"202100004074";"194Â 462";"A01";"0";"7";"13";"0";"1";"1";"1";""
"202100004075";"194Â 460";"B01";"1";"7";"0";"2";"8";"1";"1";""
"202100004075";"194Â 461";"A01";"2";"7";"0";"2";"3";"13";"1";""
"202100004076";"194Â 457";"B01";"2";"7";"0";"2";"4";"23";"1";""
"202100004076";"194Â 458";"A01";"2";"7";"0";"2";"1";"0";"1";""
"202100004076";"194Â 459";"C01";"1";"7";"0";"0";"0";"0";"0";""
"202100004077";"194Â 456";"A01";"1";"7";"4";"0";"2";"1";"1";""
"202100004078";"194Â 455";"A01";"1";"7";"1";"0";"6";"20";"1";""
"202100004079";"194Â 453";"B01";"2";"1";"0";"2";"7";"19";"5";""
"202100004079";"194Â 454";"A01";"1";"10";"0";"2";"1";"1";"1";""
"202100004080";"194Â 449";"D01";"1";"7";"0";"2";"4";"2";"1";""
"202100004080";"194Â 450";"C01";"1";"7";"0";"2";"4";"2";"1";""
"202100004080";"194Â 451";"B01";"1";"7";"0";"2";"4";"2";"1";""
"202100004080";"194Â 452";"A01";"1";"7";"0";"2";"1";"2";"1";""
"202100004081";"194Â 448";"A01";"1";"7";"0";"1";"1";"11";"1";""
"202100004082";"194Â 447";"A01";"1";"7";"8";"0";"7";"26";"1";""
"202100004083";"194Â 445";"B01";"2";"7";"0";"2";"3";"15";"1";""
"202100004083";"194Â 446";"A01";"2";"30";"0";"2";"1";"17";"1";""
"202100004084";"194Â 444";"A01";"1";"7";"4";"0";"2";"16";"2";""
"202100004085";"194Â 442";"B01";"3";"7";"0";"2";"8";"15";"1";""
"202100004085";"194Â 443";"A01";"3";"7";"0";"2";"1";"1";"1";""
"202100004086";"194Â 440";"A01";"1";"7";"0";"2";"1";"9";"1";""
"202100004086";"194Â 441";"B01";"1";"7";"0";"2";"5";"2";"3";""
"202100004087";"194Â 439";"A01";"0";"7";"0";"1";"1";"26";"1";""
"202100004088";"194Â 435";"B01";"3";"7";"0";"2";"1";"19";"1";""
"202100004088";"194Â 436";"A01";"3";"7";"0";"2";"7";"1";"1";""
"202100004088";"194Â 437";"C01";"3";"7";"0";"2";"6";"23";"1";""
"202100004088";"194Â 438";"D01";"3";"7";"0";"2";"2";"23";"1";""
"202100004089";"194Â 433";"A01";"3";"7";"0";"2";"1";"11";"1";""
"202100004089";"194Â 434";"B01";"3";"7";"0";"2";"3";"1";"1";""
"202100004090";"194Â 429";"A01";"2";"31";"0";"2";"9";"17";"1";""
"202100004090";"194Â 430";"D01";"2";"7";"0";"2";"3";"0";"1";""
"202100004090";"194Â 431";"C01";"1";"7";"0";"2";"3";"5";"1";""
"202100004090";"194Â 432";"B01";"1";"7";"0";"2";"1";"5";"1";""
"202100004091";"194Â 428";"A01";"2";"7";"0";"1";"1";"1";"1";""
"202100004092";"194Â 426";"A01";"3";"30";"0";"2";"1";"2";"1";""
"202100004092";"194Â 427";"B01";"3";"7";"0";"2";"0";"0";"1";""
"202100004093";"194Â 424";"A01";"1";"7";"0";"2";"1";"9";"1";""
"202100004093";"194Â 425";"B01";"3";"7";"0";"2";"5";"9";"1";""