"Num_Acc";"id_vehicule";"num_veh";"senc";"catv";"obs";"obsm";"choc";"manv";"motor";"occutc"
"202100004094";"194Â 422";"B01";"3";"80";"0";"2";"1";"1";"3";""
"202100004094";"194Â 423";"A01";"3";"10";"0";"2";"4";"4";"1";""
"202100004095";"194Â 420";"B01";"3";"7";"0";"2";"3";"15";"1";""
"202100004095";"194Â 421";"A01";"3";"32";"0";"2";"2";"1";"1";""
"202100004096";"194Â 418";"B01";"2";"33";"0";"2";"1";"21";"1";""
"202100004096";"194Â 419";"A01";"2";"10";"0";"2";"5";"1";"1";""
"202100004097";"194Â 416";"B01";"2";"33";"0";"2";"4";"1";"1";""
"202100004097";"194Â 417";"A01";"1";"7";"0";"2";"1";"26";"0";""
"202100004098";"194Â 415";"A01";"3";"7";"0";"1";"3";"1";"1";""
"202100004099";"194Â 413";"B01";"2";"7";"0";"2";"4";"23";"1";""
"202100004099";"194Â 414";"A01";"2";"10";"0";"2";"1";"2";"1";""
"202100004100";"194Â 411";"B01";"2";"50";"0";"2";"2";"1";"3";""
"202100004100";"194Â 412";"A01";"1";"7";"0";"0";"0";"0";"1";""
"202100004101";"194Â 410";"A01";"2";"7";"0";"1";"1";"1";"1";""
"202100004102";"194Â 408";"A01";"1";"7";"0";"2";"2";"15";"1";""
"202100004102";"194Â 409";"B01";"2";"7";"0";"2";"1";"1";"1";""
"202100004103";"194Â 406";"B01";"1";"7";"0";"2";"1";"1";"1";""
"202100004103";"194Â 407";"A01";"2";"7";"9";"2";"8";"9";"1";""
"202100004104";"194Â 404";"B01";"2";"7";"0";"2";"3";"1";"1";""
"202100004104";"194Â 405";"Z01";"1";"7";"0";"0";"0";"0";"0";""
"202100004105";"194Â 402";"A01";"1";"7";"0";"2";"6";"13";"1";""
"202100004105";"194Â 403";"B01";"2";"7";"0";"2";"3";"0";"1";""
"202100004106";"194Â 400";"B01";"1";"7";"0";"2";"4";"11";"1";""
"202100004106";"194Â 401";"A01";"1";"34";"0";"2";"1";"1";"1";""
"202100004107";"194Â 396";"A01";"1";"7";"0";"2";"1";"2";"1";""
"202100004107";"194Â 397";"B01";"1";"32";"0";"2";"8";"3";"1";""
"202100004107";"194Â 398";"D01";"1";"7";"0";"2";"4";"23";"1";""
"202100004107";"194Â 399";"C01";"1";"7";"0";"2";"4";"23";"1";""
"202100004108";"194Â 394";"A01";"3";"7";"1";"2";"1";"14";"1";""
"202100004108";"194Â 395";"B01";"3";"7";"0";"2";"2";"1";"1";""
"202100004109";"194Â 393";"A01";"2";"1";"0";"0";"0";"1";"5";""
"202100004110";"194Â 392";"A01";"1";"7";"0";"1";"1";"1";"1";""
"202100004111";"194Â 390";"A01";"1";"33";"1";"2";"2";"17";"1";""
"202100004111";"194Â 391";"B01";"1";"7";"0";"2";"3";"17";"1";""
"202100004112";"194Â 389";"A01";"3";"34";"0";"1";"1";"17";"1";""
"202100004113";"194Â 388";"A01";"1";"43";"12";"0";"1";"14";"1";""
"202100004114";"194Â 386";"B01";"1";"50";"0";"2";"4";"23";"3";""
"202100004114";"194Â 387";"A01";"2";"7";"0";"2";"3";"9";"2";""
"202100004115";"194Â 384";"B01";"2";"7";"0";"2";"4";"15";"1";""
"202100004115";"194Â 385";"A01";"2";"1";"0";"2";"4";"1";"5";""
"202100004116";"194Â 383";"A01";"1";"10";"0";"1";"1";"15";"1";""
"202100004117";"194Â 381";"B01";"1";"33";"0";"2";"8";"11";"1";""
"202100004117";"194Â 382";"A01";"1";"15";"0";"2";"5";"24";"1";""
"202100004118";"194Â 380";"A01";"1";"30";"0";"1";"1";"1";"3";""
"202100004119";"194Â 379";"A01";"2";"10";"0";"1";"3";"15";"1";""
"202100004120";"194Â 377";"B01";"3";"30";"0";"2";"1";"1";"0";""
"202100004120";"194Â 378";"A01";"3";"30";"0";"2";"8";"9";"1";""
"202100004121";"194Â 375";"A01";"2";"43";"0";"2";"2";"18";"1";""
"202100004121";"194Â 376";"B01";"2";"1";"0";"2";"8";"19";"5";""
"202100004122";"194Â 373";"B01";"2";"1";"0";"2";"8";"1";"5";""
"202100004122";"194Â 374";"A01";"1";"13";"0";"2";"7";"14";"1";""
"202100004123";"194Â 371";"A01";"1";"1";"0";"2";"2";"1";"5";""
"202100004123";"194Â 372";"B01";"2";"7";"0";"2";"3";"7";"1";""
"202100004124";"194Â 369";"B01";"1";"1";"0";"2";"8";"1";"5";""
"202100004124";"194Â 370";"A01";"1";"10";"0";"2";"2";"16";"1";""
"202100004125";"194Â 367";"B01";"1";"2";"0";"2";"9";"19";"1";""
"202100004125";"194Â 368";"A01";"2";"7";"0";"2";"1";"19";"1";""
"202100004126";"194Â 365";"B01";"1";"7";"0";"2";"7";"1";"1";""
"202100004126";"194Â 366";"A01";"1";"2";"0";"2";"3";"11";"1";""
"202100004127";"194Â 363";"A01";"3";"7";"0";"2";"8";"9";"1";""
"202100004127";"194Â 364";"B01";"3";"30";"6";"2";"1";"1";"1";""
"202100004128";"194Â 362";"A01";"2";"30";"15";"0";"1";"1";"1";""
"202100004129";"194Â 360";"A01";"1";"7";"0";"2";"3";"9";"1";""
"202100004129";"194Â 361";"B01";"1";"14";"0";"2";"3";"9";"1";""
"202100004130";"194Â 358";"B01";"3";"37";"0";"2";"4";"23";"1";"1"
"202100004130";"194Â 359";"A01";"3";"7";"0";"2";"1";"1";"1";""
"202100004131";"194Â 357";"A01";"0";"99";"0";"1";"3";"2";"0";""
"202100004132";"194Â 355";"A01";"1";"7";"0";"2";"3";"15";"1";""
"202100004132";"194Â 356";"B01";"1";"33";"0";"2";"2";"1";"1";""
"202100004133";"194Â 353";"B01";"1";"7";"0";"2";"2";"1";"1";""
"202100004133";"194Â 354";"A01";"1";"7";"0";"2";"1";"9";"1";""
"202100004134";"194Â 352";"A01";"1";"7";"14";"0";"3";"14";"0";""
"202100004135";"194Â 351";"A01";"2";"7";"0";"1";"1";"15";"1";""
"202100004136";"194Â 350";"A01";"3";"38";"0";"1";"2";"16";"1";"1"
"202100004137";"194Â 348";"B01";"1";"2";"8";"2";"1";"1";"1";""
"202100004137";"194Â 349";"A01";"1";"7";"0";"2";"7";"16";"1";""
"202100004138";"194Â 347";"A01";"1";"10";"0";"1";"7";"19";"1";""
"202100004139";"194Â 346";"A01";"3";"1";"0";"1";"0";"14";"6";""
"202100004140";"194Â 345";"A01";"1";"7";"5";"0";"9";"1";"1";""
"202100004141";"194Â 344";"A01";"1";"14";"0";"0";"0";"1";"1";""
"202100004142";"194Â 342";"A01";"2";"2";"0";"2";"1";"17";"1";""
"202100004142";"194Â 343";"B01";"2";"7";"0";"2";"6";"15";"1";""
"202100004143";"194Â 339";"B01";"2";"10";"0";"2";"1";"1";"1";""
"202100004143";"194Â 340";"A01";"1";"7";"0";"2";"2";"15";"1";""
"202100004144";"194Â 337";"B01";"2";"10";"0";"2";"3";"1";"1";""
"202100004144";"194Â 338";"A01";"1";"38";"0";"2";"1";"11";"1";"1"
"202100004145";"194Â 335";"B01";"2";"21";"0";"0";"8";"15";"1";""
"202100004145";"194Â 336";"A01";"2";"7";"0";"2";"1";"17";"1";""
"202100004146";"194Â 333";"B01";"2";"13";"0";"0";"3";"1";"1";""
"202100004146";"194Â 334";"A01";"2";"7";"0";"0";"1";"1";"1";""
"202100004147";"194Â 331";"A01";"1";"7";"3";"2";"3";"2";"1";""
"202100004147";"194Â 332";"B01";"1";"17";"0";"2";"2";"21";"1";""
"202100004148";"194Â 330";"A01";"1";"7";"2";"0";"7";"12";"1";""
"202100004149";"194Â 329";"A01";"3";"7";"0";"1";"3";"1";"1";""
"202100004150";"194Â 326";"A01";"1";"7";"0";"2";"1";"5";"1";""
"202100004150";"194Â 327";"B01";"2";"7";"0";"0";"6";"1";"1";""
"202100004150";"194Â 328";"C01";"2";"7";"0";"2";"1";"1";"1";""
"202100004151";"194Â 324";"B01";"2";"7";"0";"2";"1";"1";"1";""
"202100004151";"194Â 325";"A01";"1";"7";"0";"2";"1";"6";"2";""
"202100004152";"194Â 322";"B01";"2";"7";"3";"2";"1";"2";"1";""
"202100004152";"194Â 323";"A01";"1";"7";"0";"2";"1";"1";"1";""
"202100004153";"194Â 321";"A01";"2";"7";"13";"0";"3";"1";"1";""
"202100004154";"194Â 320";"A01";"2";"7";"0";"1";"2";"1";"1";""
"202100004155";"194Â 318";"B01";"2";"7";"0";"2";"2";"1";"1";""
"202100004155";"194Â 319";"A01";"3";"7";"0";"2";"3";"9";"1";""
"202100004156";"194Â 317";"A01";"1";"7";"0";"1";"2";"1";"1";""
"202100004157";"194Â 316";"A01";"1";"10";"13";"0";"1";"2";"1";""
"202100004158";"194Â 315";"A01";"1";"10";"2";"0";"1";"1";"1";""
"202100004159";"194Â 313";"A01";"2";"7";"0";"2";"8";"0";"1";""
"202100004159";"194Â 314";"B01";"1";"7";"0";"2";"1";"2";"1";""
"202100004160";"194Â 312";"A01";"3";"7";"0";"1";"2";"0";"1";""
"202100004161";"194Â 311";"A01";"2";"7";"0";"1";"3";"1";"1";""
"202100004162";"194Â 310";"A01";"1";"7";"0";"0";"0";"1";"1";""
"202100004163";"194Â 308";"A01";"2";"7";"0";"2";"3";"1";"1";""
"202100004163";"194Â 309";"B01";"1";"33";"0";"2";"1";"17";"1";""
"202100004164";"194Â 307";"A01";"2";"7";"13";"0";"1";"21";"1";""
"202100004165";"194Â 306";"A01";"0";"7";"0";"6";"1";"19";"1";""
"202100004166";"194Â 305";"A01";"1";"7";"0";"0";"9";"1";"1";""
"202100004167";"194Â 303";"B01";"1";"1";"0";"2";"4";"1";"5";""
"202100004167";"194Â 304";"A01";"1";"0";"0";"2";"1";"1";"0";""
"202100004168";"194Â 302";"A01";"3";"7";"2";"0";"3";"13";"1";""
"202100004169";"194Â 300";"B01";"2";"7";"0";"2";"1";"1";"1";""
"202100004169";"194Â 301";"A01";"1";"7";"0";"2";"5";"13";"1";""
"202100004170";"194Â 299";"A01";"3";"2";"0";"0";"8";"21";"1";""
"202100004171";"194Â 298";"A01";"2";"7";"2";"0";"3";"1";"1";""
"202100004172";"194Â 296";"A01";"1";"7";"0";"0";"3";"26";"1";""
"202100004172";"194Â 297";"B01";"1";"15";"0";"0";"2";"1";"1";""
"202100004173";"194Â 294";"A01";"1";"7";"0";"2";"3";"1";"1";""
"202100004173";"194Â 295";"B01";"2";"7";"0";"2";"3";"1";"1";""
"202100004174";"194Â 292";"A01";"1";"2";"0";"2";"1";"17";"1";""
"202100004174";"194Â 293";"B01";"1";"7";"0";"2";"6";"15";"1";""
"202100004175";"194Â 290";"A01";"1";"17";"0";"2";"1";"13";"1";""
"202100004175";"194Â 291";"B01";"2";"7";"0";"2";"1";"1";"1";""
"202100004176";"194Â 288";"B01";"2";"7";"0";"2";"4";"1";"1";""
"202100004176";"194Â 289";"A01";"2";"7";"0";"2";"1";"1";"1";""
"202100004177";"194Â 286";"A01";"1";"7";"0";"1";"2";"1";"1";""
"202100004178";"194Â 285";"A01";"3";"31";"15";"0";"3";"0";"1";""
"202100004179";"194Â 284";"A01";"1";"7";"1";"0";"7";"1";"1";""
"202100004180";"194Â 283";"A01";"2";"7";"11";"0";"1";"1";"0";""
"202100004181";"194Â 282";"A01";"2";"7";"8";"0";"7";"1";"1";""
"202100004182";"194Â 280";"B01";"1";"1";"0";"2";"1";"5";"5";""
"202100004182";"194Â 281";"A01";"2";"7";"0";"9";"1";"1";"1";""
"202100004183";"194Â 278";"B01";"3";"7";"3";"2";"8";"1";"1";""
"202100004183";"194Â 279";"A01";"3";"7";"0";"2";"1";"13";"1";""
"202100004184";"194Â 277";"A01";"1";"15";"0";"0";"2";"1";"1";""
"202100004185";"194Â 275";"B01";"0";"2";"0";"2";"2";"1";"1";""
"202100004185";"194Â 276";"A01";"0";"7";"0";"2";"1";"9";"1";""
"202100004186";"194Â 273";"A01";"1";"1";"0";"2";"2";"15";"5";""
"202100004186";"194Â 274";"B01";"2";"7";"0";"9";"3";"1";"1";""
"202100004187";"194Â 272";"A01";"1";"17";"6";"0";"3";"1";"1";""
"202100004188";"194Â 270";"B01";"2";"7";"0";"2";"2";"1";"1";""
"202100004188";"194Â 271";"A01";"1";"7";"0";"2";"1";"13";"1";""
"202100004189";"194Â 268";"B01";"2";"7";"0";"2";"1";"2";"1";""
"202100004189";"194Â 269";"A01";"2";"7";"3";"0";"4";"1";"1";""
"202100004190";"194Â 265";"A01";"3";"7";"0";"2";"1";"13";"1";""
"202100004190";"194Â 266";"B01";"3";"7";"0";"2";"1";"1";"1";""
"202100004191";"194Â 264";"A01";"2";"7";"2";"0";"9";"1";"1";""
"202100004192";"194Â 262";"A01";"1";"10";"0";"2";"1";"1";"1";""
"202100004192";"194Â 263";"B01";"1";"7";"0";"2";"4";"1";"1";""
"202100004193";"194Â 260";"B01";"2";"7";"0";"2";"1";"1";"1";""
"202100004193";"194Â 261";"A01";"2";"7";"3";"0";"3";"11";"1";""
"202100004194";"194Â 257";"A01";"3";"7";"0";"2";"6";"1";"1";""
"202100004194";"194Â 258";"B01";"3";"7";"0";"2";"4";"1";"1";""
"202100004194";"194Â 259";"C01";"3";"7";"0";"2";"1";"1";"1";""
"202100004195";"194Â 254";"C01";"2";"17";"0";"2";"4";"2";"1";""
"202100004195";"194Â 255";"B01";"2";"14";"0";"2";"1";"2";"1";""
"202100004195";"194Â 256";"A01";"2";"17";"0";"2";"1";"2";"1";""
"202100004196";"194Â 253";"A01";"2";"7";"4";"0";"1";"2";"1";""
"202100004197";"194Â 252";"A01";"1";"13";"13";"0";"7";"14";"1";""
"202100004198";"194Â 251";"A01";"2";"33";"0";"0";"0";"2";"1";""
"202100004199";"194Â 249";"A01";"2";"7";"0";"2";"1";"2";"1";""
"202100004199";"194Â 250";"B01";"2";"7";"0";"2";"4";"2";"1";""
"202100004200";"194Â 247";"A01";"1";"7";"0";"2";"1";"2";"1";""
"202100004200";"194Â 248";"B01";"1";"7";"0";"2";"4";"2";"1";""
"202100004201";"194Â 245";"A01";"1";"7";"0";"2";"1";"2";"1";""
"202100004201";"194Â 246";"B01";"1";"7";"0";"2";"4";"2";"1";""
"202100004202";"194Â 242";"B01";"2";"7";"0";"2";"4";"23";"1";""
"202100004202";"194Â 243";"C01";"2";"7";"0";"2";"4";"23";"1";""
"202100004202";"194Â 244";"A01";"2";"7";"0";"2";"1";"1";"1";""
"202100004203";"194Â 239";"B01";"1";"33";"0";"2";"1";"2";"1";""
"202100004203";"194Â 240";"C01";"1";"7";"0";"2";"5";"0";"1";""
"202100004203";"194Â 241";"A01";"1";"10";"0";"2";"4";"1";"0";""
"202100004204";"194Â 237";"A01";"1";"7";"0";"2";"1";"2";"1";""
"202100004204";"194Â 238";"B01";"1";"7";"0";"2";"4";"2";"1";""
"202100004205";"194Â 235";"A01";"2";"7";"0";"2";"1";"2";"1";""
"202100004205";"194Â 236";"B01";"2";"7";"0";"2";"4";"2";"1";""
"202100004206";"194Â 234";"A01";"1";"7";"3";"0";"1";"1";"1";""
"202100004207";"194Â 233";"A01";"2";"7";"3";"0";"1";"1";"1";""
"202100004208";"194Â 230";"C01";"2";"7";"0";"2";"4";"2";"1";""
"202100004208";"194Â 231";"B01";"2";"10";"0";"2";"4";"2";"1";""
"202100004208";"194Â 232";"A01";"2";"10";"0";"2";"1";"2";"1";""
"202100004209";"194Â 228";"A01";"1";"7";"0";"2";"4";"2";"1";""
"202100004209";"194Â 229";"B01";"1";"10";"0";"2";"1";"2";"1";""
"202100004210";"194Â 226";"A01";"1";"10";"0";"2";"3";"20";"0";""
"202100004210";"194Â 227";"B01";"1";"33";"0";"2";"5";"26";"1";""
"202100004211";"194Â 224";"A01";"1";"7";"0";"2";"2";"1";"1";""
"202100004212";"194Â 223";"Z01";"1";"33";"0";"1";"0";"1";"0";""
"202100004213";"194Â 222";"A01";"3";"7";"0";"1";"1";"1";"1";""
"202100004214";"194Â 221";"A01";"1";"7";"0";"1";"3";"1";"1";""
"202100004215";"194Â 217";"A01";"2";"7";"0";"2";"1";"9";"1";""
"202100004215";"194Â 218";"B01";"1";"30";"0";"2";"1";"21";"1";""
"202100004216";"194Â 214";"B01";"1";"1";"0";"2";"0";"0";"5";""
"202100004216";"194Â 215";"C01";"1";"7";"0";"2";"8";"0";"1";""
"202100004216";"194Â 216";"Z01";"1";"7";"0";"2";"0";"1";"0";""
"202100004217";"194Â 212";"B01";"3";"43";"0";"2";"1";"1";"1";""
"202100004217";"194Â 213";"A01";"3";"7";"0";"2";"2";"15";"1";""
"202100004218";"194Â 211";"A01";"1";"50";"0";"1";"1";"1";"3";""
"202100004219";"194Â 209";"B01";"2";"7";"10";"2";"9";"2";"1";""
"202100004219";"194Â 210";"A01";"2";"7";"0";"2";"2";"12";"1";""
"202100004220";"194Â 207";"B01";"2";"37";"0";"2";"6";"23";"1";"1"
"202100004220";"194Â 208";"A01";"2";"7";"0";"2";"2";"2";"1";""
"202100004221";"194Â 205";"B01";"2";"30";"0";"2";"1";"26";"1";""
"202100004221";"194Â 206";"A01";"2";"7";"0";"2";"3";"18";"1";""
"202100004222";"194Â 203";"B01";"1";"7";"0";"2";"8";"1";"1";""
"202100004222";"194Â 204";"A01";"1";"34";"0";"2";"1";"17";"1";""
"202100004223";"194Â 201";"B01";"2";"2";"0";"2";"1";"1";"1";""
"202100004223";"194Â 202";"A01";"1";"10";"0";"2";"2";"15";"1";""
"202100004224";"194Â 199";"A01";"2";"7";"0";"2";"1";"13";"1";""
"202100004224";"194Â 200";"B01";"2";"14";"0";"2";"1";"1";"1";""
"202100004225";"194Â 198";"A01";"1";"7";"0";"1";"2";"1";"1";""
"202100004226";"194Â 194";"B01";"0";"7";"0";"2";"1";"1";"1";""
"202100004226";"194Â 195";"A01";"0";"80";"0";"2";"2";"26";"3";""
"202100004227";"194Â 192";"B01";"0";"7";"0";"2";"4";"1";"1";""
"202100004227";"194Â 193";"A01";"0";"7";"0";"2";"1";"1";"1";""
"202100004228";"194Â 190";"A01";"0";"7";"0";"1";"5";"15";"1";""
"202100004228";"194Â 191";"B01";"0";"2";"0";"2";"1";"1";"1";""
"202100004229";"194Â 189";"A01";"1";"80";"0";"0";"0";"2";"3";""
"202100004230";"194Â 186";"A01";"1";"7";"0";"2";"1";"19";"1";""
"202100004230";"194Â 187";"B01";"1";"50";"0";"2";"7";"1";"3";""
"202100004231";"194Â 185";"A01";"2";"7";"0";"1";"7";"1";"1";""
"202100004232";"194Â 184";"A01";"0";"7";"0";"1";"1";"1";"1";""
"202100004233";"194Â 182";"A01";"0";"7";"0";"2";"1";"6";"1";""
"202100004233";"194Â 183";"B01";"0";"7";"0";"2";"2";"1";"1";""
"202100004234";"194Â 181";"Z01";"0";"7";"0";"1";"1";"1";"0";""
"202100004235";"194Â 180";"A01";"1";"7";"8";"0";"1";"14";"1";""
"202100004236";"194Â 178";"A01";"3";"7";"0";"2";"0";"0";"1";""
"202100004236";"194Â 179";"B01";"3";"7";"0";"2";"7";"0";"1";""
"202100004237";"194Â 176";"B01";"2";"30";"0";"0";"4";"1";"1";""
"202100004237";"194Â 177";"A01";"1";"7";"0";"2";"1";"1";"1";""
"202100004238";"194Â 174";"B01";"2";"1";"0";"2";"1";"1";"5";""
"202100004238";"194Â 175";"A01";"1";"7";"0";"2";"8";"1";"1";""
"202100004239";"194Â 172";"B01";"2";"7";"0";"2";"2";"1";"1";""
"202100004239";"194Â 173";"A01";"1";"32";"0";"2";"1";"15";"1";""
"202100004240";"194Â 171";"A01";"1";"7";"2";"0";"1";"1";"1";""
"202100004241";"194Â 170";"A01";"2";"7";"6";"0";"1";"14";"1";""
"202100004242";"194Â 169";"A01";"3";"7";"0";"1";"1";"15";"1";""
"202100004243";"194Â 168";"A01";"2";"7";"0";"1";"1";"1";"1";""
"202100004244";"194Â 167";"A01";"3";"7";"0";"0";"1";"0";"1";""
"202100004245";"194Â 165";"A01";"1";"7";"0";"2";"1";"17";"1";""
"202100004245";"194Â 166";"B01";"1";"7";"0";"2";"3";"1";"2";""
"202100004246";"194Â 163";"B01";"3";"10";"0";"2";"1";"1";"1";""
"202100004246";"194Â 164";"A01";"3";"10";"0";"2";"2";"5";"1";""
"202100004247";"194Â 161";"B01";"2";"7";"0";"2";"1";"1";"1";""
"202100004247";"194Â 162";"A01";"1";"7";"0";"2";"1";"13";"1";""
"202100004248";"194Â 160";"A01";"1";"7";"8";"0";"1";"16";"1";""
"202100004249";"194Â 158";"A01";"3";"7";"0";"2";"1";"1";"1";""
"202100004249";"194Â 159";"B01";"3";"7";"0";"2";"8";"15";"1";""
"202100004250";"194Â 156";"A01";"2";"7";"0";"2";"1";"2";"1";""
"202100004250";"194Â 157";"B01";"2";"7";"0";"0";"4";"2";"1";""
"202100004251";"194Â 155";"A01";"1";"7";"0";"1";"1";"19";"1";""
"202100004252";"194Â 153";"A01";"0";"7";"0";"2";"3";"9";"1";""
"202100004252";"194Â 154";"B01";"0";"7";"0";"2";"1";"1";"1";""
"202100004253";"194Â 152";"A01";"1";"10";"0";"1";"1";"15";"1";""
"202100004254";"194Â 150";"A01";"1";"7";"0";"2";"3";"15";"1";""
"202100004254";"194Â 151";"B01";"1";"2";"0";"2";"1";"1";"1";""
"202100004255";"194Â 148";"B01";"1";"7";"0";"2";"3";"1";"1";""
"202100004255";"194Â 149";"A01";"2";"7";"0";"2";"1";"15";"1";""
"202100004256";"194Â 146";"B01";"2";"7";"0";"2";"4";"21";"1";""
"202100004256";"194Â 147";"A01";"2";"10";"0";"2";"1";"1";"1";""
"202100004257";"194Â 143";"A01";"2";"7";"0";"2";"3";"13";"1";""
"202100004257";"194Â 144";"B01";"1";"7";"0";"2";"3";"1";"1";""
"202100004257";"194Â 145";"C01";"2";"7";"0";"2";"1";"1";"1";""
"202100004258";"194Â 142";"A01";"1";"7";"1";"0";"1";"14";"1";""
"202100004259";"194Â 140";"A01";"1";"7";"0";"2";"1";"1";"1";""
"202100004259";"194Â 141";"B01";"0";"7";"0";"2";"1";"1";"1";""
"202100004260";"194Â 138";"A01";"1";"7";"0";"2";"2";"1";"1";""
"202100004260";"194Â 139";"B01";"2";"80";"0";"2";"1";"9";"3";""
"202100004261";"194Â 137";"A01";"3";"7";"0";"1";"2";"15";"1";""
"202100004262";"194Â 136";"A01";"1";"7";"0";"1";"1";"2";"1";""
"202100004263";"194Â 135";"A01";"2";"10";"13";"0";"3";"13";"1";""
"202100004264";"194Â 134";"A01";"1";"7";"0";"1";"3";"1";"1";""
"202100004265";"194Â 132";"B01";"0";"7";"14";"0";"1";"2";"1";""
"202100004265";"194Â 133";"A01";"0";"7";"2";"0";"1";"1";"1";""
"202100004266";"194Â 131";"A01";"2";"7";"1";"0";"2";"1";"1";""
"202100004267";"194Â 129";"A01";"2";"7";"0";"2";"1";"15";"1";""
"202100004267";"194Â 130";"B01";"1";"1";"0";"2";"1";"1";"0";""
"202100004268";"194Â 128";"A01";"3";"7";"0";"1";"3";"1";"1";""
"202100004269";"194Â 127";"A01";"0";"7";"6";"0";"1";"19";"1";""
"202100004270";"194Â 122";"B01";"0";"50";"0";"0";"0";"0";"3";""
"202100004270";"194Â 123";"A01";"0";"7";"0";"2";"1";"9";"1";""
"202100004271";"194Â 121";"A01";"3";"33";"8";"0";"1";"9";"1";""
"202100004272";"194Â 120";"A01";"3";"7";"0";"1";"2";"1";"1";""
"202100004273";"194Â 118";"A01";"2";"7";"0";"2";"3";"11";"1";""
"202100004273";"194Â 119";"B01";"2";"2";"0";"2";"2";"1";"1";""
"202100004274";"194Â 117";"A01";"2";"7";"0";"1";"1";"1";"1";""
"202100004275";"194Â 116";"A01";"1";"7";"0";"1";"3";"2";"1";""
"202100004276";"194Â 115";"A01";"2";"30";"12";"0";"1";"12";"1";""
"202100004277";"194Â 113";"A01";"1";"7";"0";"2";"2";"5";"1";""
"202100004277";"194Â 114";"B01";"1";"7";"0";"2";"1";"1";"2";""
"202100004278";"194Â 111";"B01";"2";"33";"0";"2";"1";"1";"1";""
"202100004278";"194Â 112";"A01";"2";"7";"0";"0";"6";"19";"1";""
"202100004279";"194Â 109";"B01";"2";"50";"0";"2";"8";"5";"3";""
"202100004279";"194Â 110";"A01";"1";"10";"8";"9";"2";"1";"1";""
"202100004280";"194Â 108";"Z01";"3";"3";"0";"1";"0";"15";"0";""
"202100004281";"194Â 105";"A01";"2";"30";"0";"2";"7";"1";"1";""
"202100004281";"194Â 106";"B01";"1";"7";"0";"2";"2";"15";"1";""
"202100004281";"194Â 107";"C01";"1";"7";"0";"2";"1";"23";"1";""
"202100004282";"194Â 104";"A01";"1";"7";"0";"1";"3";"0";"1";""
"202100004283";"194Â 103";"A01";"1";"7";"13";"0";"1";"1";"1";""
"202100004284";"194Â 100";"A01";"1";"7";"11";"2";"1";"1";"1";""
"202100004284";"194Â 101";"B01";"1";"7";"0";"2";"4";"1";"1";""
"202100004284";"194Â 102";"C01";"1";"10";"0";"2";"4";"1";"4";""
"202100004285";"194Â 098";"B01";"2";"33";"0";"2";"4";"23";"1";""
"202100004285";"194Â 099";"A01";"2";"14";"0";"2";"1";"1";"1";""
"202100004286";"194Â 096";"A01";"1";"30";"0";"2";"4";"13";"3";""
"202100004286";"194Â 097";"B01";"1";"7";"0";"2";"1";"1";"1";""
"202100004287";"194Â 094";"Z01";"2";"7";"0";"2";"0";"1";"0";""
"202100004287";"194Â 095";"A01";"2";"10";"0";"2";"5";"1";"1";""
"202100004288";"194Â 093";"A01";"1";"32";"0";"1";"1";"1";"1";""
"202100004289";"194Â 091";"Z01";"2";"50";"0";"1";"0";"1";"3";""
"202100004290";"194Â 089";"B01";"1";"7";"0";"2";"0";"23";"1";""
"202100004290";"194Â 090";"A01";"2";"33";"0";"2";"1";"5";"1";""
"202100004291";"194Â 088";"A01";"1";"7";"11";"0";"1";"1";"2";""
"202100004292";"194Â 087";"A01";"1";"1";"0";"0";"0";"21";"5";""
"202100004293";"194Â 085";"Z01";"1";"7";"0";"2";"1";"2";"1";""
"202100004293";"194Â 086";"A01";"1";"7";"0";"2";"4";"2";"1";""
"202100004294";"194Â 083";"B01";"2";"10";"0";"2";"8";"1";"1";""
"202100004294";"194Â 084";"A01";"2";"33";"1";"2";"2";"17";"1";""
"202100004295";"194Â 081";"A01";"1";"7";"0";"2";"6";"13";"1";""
"202100004295";"194Â 082";"B01";"1";"14";"0";"2";"2";"1";"1";""
"202100004296";"194Â 079";"A01";"2";"7";"0";"2";"3";"22";"2";""
"202100004296";"194Â 080";"B01";"2";"1";"0";"2";"1";"1";"5";""
"202100004297";"194Â 077";"A01";"2";"1";"0";"2";"1";"5";"5";""
"202100004297";"194Â 078";"B01";"1";"30";"0";"2";"1";"1";"3";""
"202100004298";"194Â 076";"A01";"3";"1";"0";"0";"0";"1";"5";""
"202100004299";"194Â 074";"B01";"1";"33";"0";"2";"3";"1";"1";""
"202100004299";"194Â 075";"A01";"1";"7";"0";"0";"7";"15";"1";""
"202100004300";"194Â 073";"A01";"1";"7";"8";"0";"1";"1";"2";""
"202100004301";"194Â 072";"A01";"2";"7";"0";"1";"1";"1";"1";""
"202100004302";"194Â 071";"A01";"2";"50";"0";"0";"0";"25";"3";""
"202100004303";"194Â 065";"B01";"3";"33";"0";"2";"8";"18";"1";""
"202100004303";"194Â 066";"A01";"3";"7";"0";"2";"2";"20";"1";""
"202100004304";"194Â 063";"B01";"1";"33";"12";"2";"7";"15";"1";""
"202100004304";"194Â 064";"A01";"2";"7";"12";"2";"1";"1";"1";""
"202100004305";"194Â 059";"A01";"1";"30";"0";"2";"1";"1";"1";""
"202100004305";"194Â 060";"B01";"1";"7";"0";"0";"5";"1";"1";""
"202100004306";"194Â 057";"A01";"3";"7";"0";"2";"1";"13";"1";""
"202100004306";"194Â 058";"B01";"3";"16";"0";"2";"2";"1";"0";""