"Num_Acc";"id_vehicule";"num_veh";"senc";"catv";"obs";"obsm";"choc";"manv";"motor";"occutc"
"202100004307";"194Â 056";"A01";" -1";"10";"0";"1";"2";"1";"1";""
"202100004308";"194Â 054";"A01";"3";"7";"0";"2";"8";"11";"1";""
"202100004308";"194Â 055";"B01";"0";"7";"0";"2";"2";"0";"1";""
"202100004309";"194Â 053";"A01";"1";"7";"1";"1";"1";"17";"1";""
"202100004310";"194Â 050";"B01";"3";"7";"0";"2";"6";"2";"1";""
"202100004310";"194Â 051";"A01";"3";"7";"0";"2";"1";"1";"1";""
"202100004310";"194Â 052";"C01";"2";"7";"0";"2";"1";"1";"1";""
"202100004311";"194Â 048";"B01";"3";"99";"0";"2";"1";"5";"3";""
"202100004311";"194Â 049";"A01";"3";"7";"0";"9";"1";"9";"1";""
"202100004312";"194Â 047";"A01";"0";"33";"15";"0";"2";"9";"1";""
"202100004313";"194Â 046";"A01";"1";"34";"12";"0";"1";"1";"0";""
"202100004314";"194Â 045";"A01";"2";"30";"0";"2";"7";"26";"1";""
"202100004315";"194Â 043";"A01";"1";"7";"0";"2";"8";"15";"1";""
"202100004315";"194Â 044";"B01";"1";"2";"0";"2";"1";"1";"1";""
"202100004316";"194Â 042";"A01";"3";"32";"0";"0";"9";"10";"1";""
"202100004317";"194Â 041";"A01";"2";"2";"12";"0";"0";"1";"0";""
"202100004318";"194Â 039";"A01";"0";"10";"0";"2";"3";"15";"1";""
"202100004318";"194Â 040";"B01";"0";"0";"0";"0";"0";"0";"0";""
"202100004319";"194Â 038";"A01";"2";"7";"6";"2";"1";"1";"1";""
"202100004320";"194Â 036";"A01";"2";"7";"0";"2";"2";"1";"1";""
"202100004320";"194Â 037";"B01";"1";"7";"0";"2";"3";"17";"1";""
"202100004321";"194Â 034";"A01";"1";"7";"0";"2";"8";"16";"1";""
"202100004321";"194Â 035";"B01";"2";"10";"0";"2";"1";"1";"1";""
"202100004322";"194Â 032";"B01";"1";"7";"0";"2";"6";"1";"1";""
"202100004322";"194Â 033";"A01";"2";"7";"0";"2";"3";"13";"1";""
"202100004323";"194Â 031";"A01";"2";"7";"2";"0";"7";"15";"1";""
"202100004324";"194Â 030";"A01";"0";"7";"13";"0";"1";"1";"1";""
"202100004325";"194Â 028";"A01";"1";"7";"0";"2";"2";"15";"1";""
"202100004325";"194Â 029";"B01";"2";"7";"0";"0";"1";"1";"1";""
"202100004326";"194Â 026";"A01";"2";"7";"0";"2";"2";"2";"1";""
"202100004326";"194Â 027";"B01";"2";"30";"0";"0";"4";"2";"1";""
"202100004327";"194Â 024";"A01";"3";"50";"10";"0";"2";"1";"3";""
"202100004328";"194Â 023";"A01";"2";"7";"8";"0";"3";"1";"1";""
"202100004329";"194Â 020";"A01";"1";"7";"0";"0";"6";"15";"1";""
"202100004329";"194Â 021";"B01";"1";"10";"0";"2";"1";"21";"1";""
"202100004329";"194Â 022";"C01";"2";"7";"0";"2";"8";"1";"1";""
"202100004330";"194Â 018";"A01";"1";"33";"0";"2";"4";"1";"1";""
"202100004330";"194Â 019";"B01";"1";"7";"0";"2";"1";"1";"3";""
"202100004331";"194Â 016";"A01";"2";"10";"0";"2";"1";"13";"1";""
"202100004331";"194Â 017";"B01";"1";"7";"0";"2";"1";"1";"1";""
"202100004332";"194Â 014";"A01";"1";"7";"0";"2";"4";"1";"1";""
"202100004332";"194Â 015";"B01";"2";"13";"0";"2";"1";"1";"1";""
"202100004333";"194Â 012";"A01";"1";"7";"0";"2";"1";"19";"1";""
"202100004333";"194Â 013";"B01";"1";"1";"0";"2";"3";"1";"5";""
"202100004334";"194Â 011";"A01";"0";"1";"0";"0";"0";"1";"0";""
"202100004335";"194Â 010";"A01";"3";"7";"13";"0";"1";"1";"1";""
"202100004336";"194Â 009";"A01";"1";"7";"0";"1";"3";"1";"1";""
"202100004337";"194Â 007";"B01";"2";"2";"0";"2";"1";"1";"1";""
"202100004337";"194Â 008";"A01";"1";"10";"0";"2";"7";"9";"1";""
"202100004338";"194Â 005";"A01";"2";"7";"0";"2";"6";"1";"1";""
"202100004338";"194Â 006";"B01";"3";"17";"0";"2";"2";"9";"1";""
"202100004339";"194Â 004";"A01";"3";"7";"0";"1";"3";"15";"1";""
"202100004340";"194Â 002";"A01";"1";"7";"0";"2";"3";"13";"1";""
"202100004340";"194Â 003";"B01";"2";"33";"0";"2";"1";"1";"1";""
"202100004341";"193Â 996";"C01";"2";"7";"0";"2";"1";"1";"2";""
"202100004341";"193Â 997";"A01";"2";"7";"0";"0";"4";"1";"1";""
"202100004341";"193Â 998";"B01";"2";"7";"0";"2";"1";"1";"1";""
"202100004341";"193Â 999";"D01";"2";"7";"0";"0";"4";"1";"1";""
"202100004341";"194Â 000";"E01";"2";"7";"0";"0";"4";"1";"1";""
"202100004341";"194Â 001";"F01";"2";"7";"0";"2";"1";"1";"0";""
"202100004342";"193Â 994";"B01";"1";"7";"0";"0";"4";"2";"1";""
"202100004342";"193Â 995";"A01";"1";"7";"0";"2";"1";"2";"1";""
"202100004343";"193Â 992";"B01";"2";"7";"0";"0";"4";"23";"1";""
"202100004343";"193Â 993";"A01";"1";"10";"1";"0";"2";"14";"1";""
"202100004344";"193Â 991";"A01";"1";"33";"14";"0";"0";"17";"1";""
"202100004345";"193Â 989";"B01";"2";"7";"0";"2";"1";"1";"1";""
"202100004345";"193Â 990";"A01";"1";"7";"0";"2";"1";"13";"1";""
"202100004346";"193Â 987";"A01";"1";"14";"0";"2";"1";"13";"1";""
"202100004346";"193Â 988";"B01";"2";"7";"0";"2";"1";"1";"1";""
"202100004347";"193Â 986";"A01";"2";"2";"14";"0";"1";"1";"1";""
"202100004348";"193Â 985";"A01";"3";"7";"14";"0";"3";"19";"1";""
"202100004349";"193Â 983";"B01";"1";"7";"0";"2";"1";"5";"3";""
"202100004349";"193Â 984";"A01";"2";"10";"0";"2";"1";"1";"1";""
"202100004350";"193Â 981";"B01";"2";"7";"0";"0";"6";"2";"1";""
"202100004350";"193Â 982";"A01";"2";"2";"0";"2";"1";"2";"0";""
"202100004351";"193Â 979";"B01";"3";"7";"0";"0";"0";"15";"1";""
"202100004351";"193Â 980";"A01";"3";"1";"0";"0";"7";"1";"5";""
"202100004352";"193Â 978";"A01";"1";"7";"0";"1";"1";"1";"1";""
"202100004353";"193Â 975";"A01";"3";"7";"0";"2";"3";"13";"2";""
"202100004353";"193Â 976";"B01";"3";"7";"0";"2";"3";"1";"2";""
"202100004353";"193Â 977";"C01";"3";"7";"0";"2";"3";"1";"1";""
"202100004354";"193Â 974";"A01";"1";"7";"2";"0";"1";"2";"1";""
"202100004355";"193Â 971";"C01";"2";"7";"0";"2";"1";"2";"1";""
"202100004355";"193Â 972";"B01";"2";"7";"0";"2";"1";"1";"1";""
"202100004355";"193Â 973";"A01";"1";"10";"0";"2";"1";"21";"1";""
"202100004356";"193Â 970";"A01";"3";"7";"0";"1";"3";"15";"1";""
"202100004357";"193Â 968";"B01";"1";"7";"0";"2";"3";"9";"1";""
"202100004357";"193Â 969";"A01";"1";"2";"0";"2";"1";"1";"1";""
"202100004358";"193Â 967";"A01";"1";"10";"0";"1";"2";"1";"1";""
"202100004359";"193Â 966";"A01";"0";"7";"13";"0";"3";"13";"1";""
"202100004360";"193Â 965";"A01";"1";"7";"0";"1";"3";"1";"3";""
"202100004361";"193Â 964";"A01";"1";"7";"0";"1";"8";"26";"0";""
"202100004362";"193Â 962";"A01";"2";"7";"0";"2";"1";"1";"1";""
"202100004362";"193Â 963";"B01";"2";"21";"0";"0";"6";"1";"1";""
"202100004363";"193Â 958";"D01";"2";"10";"0";"2";"1";"1";"1";""
"202100004363";"193Â 959";"C01";"2";"10";"0";"2";"4";"1";"1";""
"202100004363";"193Â 960";"B01";"2";"7";"0";"2";"7";"1";"1";""
"202100004363";"193Â 961";"A01";"2";"7";"0";"2";"4";"0";"1";""
"202100004364";"193Â 956";"B01";"1";"7";"0";"2";"3";"0";"1";""
"202100004364";"193Â 957";"A01";"1";"15";"0";"2";"2";"0";"1";""
"202100004365";"193Â 954";"B01";"1";"14";"0";"2";"1";"1";"1";""
"202100004365";"193Â 955";"A01";"1";"10";"0";"0";"4";"1";"1";""
"202100004366";"193Â 953";"A01";"2";"7";"3";"2";"6";"1";"1";""
"202100004367";"193Â 951";"A01";"2";"7";"0";"2";"8";"1";"1";""
"202100004367";"193Â 952";"B01";"2";"7";"0";"2";"3";"11";" -1";""
"202100004368";"193Â 950";"A01";"2";"7";"4";"0";"8";"2";"1";""
"202100004369";"193Â 949";"A01";"1";"7";"3";"0";"1";"2";"1";""
"202100004370";"193Â 947";"B01";"1";"7";"0";"2";"4";"1";"1";""
"202100004370";"193Â 948";"A01";"1";"7";"0";"2";"1";"1";"2";""
"202100004371";"193Â 946";"A01";"2";"7";"4";"0";"1";"14";"1";""
"202100004372";"193Â 944";"B01";"2";"32";"0";"0";"7";"1";"1";""
"202100004372";"193Â 945";"A01";"1";"7";"0";"0";"0";"12";"1";""
"202100004373";"193Â 942";"A01";"1";"7";"0";"2";"0";"12";"1";""
"202100004373";"193Â 943";"B01";"1";"33";"0";"2";"0";"1";"1";""
"202100004374";"193Â 940";"B01";"1";"7";"0";"2";"6";"1";"1";""
"202100004374";"193Â 941";"A01";"1";"7";"0";"2";"2";"12";"1";""
"202100004375";"193Â 938";"A01";"2";"7";"0";"2";"8";"11";"1";""
"202100004375";"193Â 939";"B01";"2";"31";"0";"2";"7";"1";"1";""
"202100004376";"193Â 934";"A01";"1";"7";"0";"2";"1";"2";"1";""
"202100004376";"193Â 935";"B01";"1";"14";"0";"2";"1";"2";"1";""
"202100004376";"193Â 936";"C01";"1";"14";"0";"2";"1";"2";"1";""
"202100004376";"193Â 937";"D01";"1";"14";"0";"2";"4";"2";"1";""
"202100004377";"193Â 933";"A01";"2";"7";"4";"0";"9";"13";"1";""
"202100004378";"193Â 932";"A01";"2";"10";"3";"0";"2";"1";"1";""
"202100004379";"193Â 931";"A01";"2";"14";"0";"1";"0";"0";"0";""
"202100004380";"193Â 929";"B01";"1";"33";"0";"2";"5";"1";"1";""
"202100004380";"193Â 930";"A01";"1";"7";"0";"2";"3";"11";"1";""
"202100004381";"193Â 927";"B01";"2";"14";"0";"2";"6";"2";"1";""
"202100004381";"193Â 928";"A01";"2";"32";"0";"2";"2";"21";"1";""
"202100004382";"193Â 924";"A01";"1";"7";"0";"2";"1";"2";"1";""
"202100004382";"193Â 925";"B01";"1";"7";"0";"2";"4";"2";"1";""
"202100004382";"193Â 926";"C01";"1";"7";"0";"2";"4";"2";"1";""
"202100004383";"193Â 922";"A01";"2";"7";"0";"2";"5";"12";"1";""
"202100004383";"193Â 923";"B01";"2";"33";"0";"2";"1";"1";"1";""
"202100004384";"193Â 919";"A01";"2";"7";"0";"2";"8";"11";"1";""
"202100004384";"193Â 920";"C01";"2";"7";"0";"2";"5";"1";"1";""
"202100004384";"193Â 921";"B01";"2";"33";"0";"2";"7";"3";"1";""
"202100004385";"193Â 917";"A01";"2";"13";"0";"2";"2";"12";"1";""
"202100004385";"193Â 918";"B01";"2";"7";"0";"2";"8";"1";"1";""
"202100004386";"193Â 915";"A01";"1";"7";"0";"2";"7";"12";"1";""
"202100004386";"193Â 916";"B01";"1";"33";"0";"2";"8";"3";"1";""
"202100004387";"193Â 913";"A01";"2";"33";"0";"2";"1";"3";"1";""
"202100004387";"193Â 914";"B01";"2";"7";"0";"2";"8";"11";"1";""
"202100004388";"193Â 911";"A01";"2";"10";"0";"2";"1";"12";"1";""
"202100004388";"193Â 912";"B01";"2";"7";"0";"2";"4";"1";"1";""
"202100004389";"193Â 909";"B01";"1";"7";"0";"2";"4";"1";"1";""
"202100004389";"193Â 910";"A01";"1";"10";"0";"2";"1";"1";"1";""
"202100004390";"193Â 906";"A01";"2";"7";"0";"2";"2";"12";"1";""
"202100004390";"193Â 907";"B01";"2";"7";"0";"2";"3";"1";"1";""
"202100004390";"193Â 908";"C01";"2";"17";"0";"2";"5";"1";"1";""
"202100004391";"193Â 905";"A01";"1";"7";"3";"0";"1";"1";"1";""
"202100004392";"193Â 904";"A01";"1";"1";"2";"0";"0";"21";"5";""
"202100004393";"193Â 901";"A01";"3";"30";"0";"2";"2";"17";"1";""
"202100004393";"193Â 902";"B01";"1";"10";"0";"2";"3";"15";"6";""
"202100004394";"193Â 900";"A01";"1";"7";"4";"0";"3";"13";"1";""
"202100004395";"193Â 898";"A01";"1";"7";"0";"2";"6";"2";"1";""
"202100004395";"193Â 899";"Z01";"1";"7";"0";"2";"2";"2";"1";""
"202100004396";"193Â 897";"A01";"2";"7";"0";"1";"1";"16";"2";""
"202100004397";"193Â 895";"A01";"1";"1";"0";"2";"7";"17";"5";""
"202100004397";"193Â 896";"B01";"1";"1";"0";"2";"8";"13";"5";""
"202100004398";"193Â 894";"A01";"1";"7";"0";"1";"3";"15";"1";""
"202100004399";"193Â 893";"A01";"2";"32";"0";"1";"1";"1";"1";""
"202100004400";"193Â 892";"Z01";"1";"7";"0";"1";"1";"16";"0";""
"202100004401";"193Â 890";"A01";"2";"10";"0";"2";"4";"4";"1";""
"202100004401";"193Â 891";"B01";"2";"30";"0";"2";"1";"23";"1";""
"202100004402";"193Â 889";"A01";"1";"30";"0";"1";"1";"15";"3";""
"202100004403";"193Â 888";"A01";"1";"30";"0";"1";"1";"1";"3";""
"202100004404";"193Â 886";"B01";"1";"7";"0";"2";"4";"23";"1";""
"202100004404";"193Â 887";"A01";"1";"7";"0";"2";"1";"2";"1";""
"202100004405";"193Â 885";"A01";"1";"10";"0";"1";"1";"15";"1";""
"202100004406";"193Â 883";"B01";"1";"1";"0";"2";"1";"1";"5";""
"202100004406";"193Â 884";"A01";"1";"7";"0";"2";"8";"22";"1";""
"202100004407";"193Â 880";"A01";"2";"7";"0";"2";"6";"2";"2";""
"202100004407";"193Â 881";"B01";"2";"32";"0";"2";"1";"2";"1";""
"202100004407";"193Â 882";"C01";"2";"32";"0";"2";"1";"2";"3";""
"202100004408";"193Â 878";"B01";"1";"7";"0";"2";"3";"1";"1";""
"202100004408";"193Â 879";"A01";"2";"30";"0";"2";"1";"1";"1";""
"202100004409";"193Â 877";"B01";"1";"50";"1";"2";"2";"1";"3";""
"202100004410";"193Â 875";"A01";"3";"7";"0";"2";"1";"15";"1";""
"202100004410";"193Â 876";"B01";"3";"33";"0";"2";"1";"1";"1";""
"202100004411";"193Â 874";"A01";"1";"7";"0";"1";"1";"15";"1";""
"202100004412";"193Â 872";"Z01";"3";"10";"0";"2";"0";"15";"0";""
"202100004412";"193Â 873";"A01";"2";"31";"0";"2";"8";"17";"1";""
"202100004413";"193Â 871";"A01";"2";"10";"0";"1";"2";"15";"1";""
"202100004414";"193Â 869";"B01";"1";"32";"0";"2";"7";"1";"1";""
"202100004414";"193Â 870";"A01";"1";"7";"0";"2";"8";"11";"1";""
"202100004415";"193Â 868";"A01";"2";"7";"0";"1";"3";"1";"1";""
"202100004416";"193Â 867";"A01";"2";"34";"0";"0";"1";"15";"1";""
"202100004417";"193Â 866";"A01";" -1";"3";"0";"1";"2";"15";"1";""
"202100004418";"193Â 864";"B01";"1";"7";"0";"2";"3";"15";"1";""
"202100004418";"193Â 865";"A01";"1";"2";"0";"2";"2";"17";"1";""
"202100004419";"193Â 862";"A01";"3";"7";"0";"2";"2";"19";"0";""
"202100004419";"193Â 863";"B01";"0";"32";"0";"2";"0";"0";"1";""
"202100004420";"193Â 861";"A01";"1";"7";"0";"1";"2";"26";"1";""
"202100004421";"193Â 859";"A01";"3";"7";"0";"2";"7";"26";"6";""
"202100004421";"193Â 860";"B01";"2";"60";"9";"1";"1";"25";"5";""
"202100004422";"193Â 858";"A01";"1";"7";"0";"1";"4";"26";"1";""
"202100004423";"193Â 856";"A01";"1";"7";"0";"2";"1";"2";"1";""
"202100004423";"193Â 857";"B01";"1";"7";"0";"2";"0";"0";"1";""
"202100004424";"193Â 854";"B01";"2";"10";"0";"1";"0";"1";"1";""
"202100004424";"193Â 855";"A01";"2";"10";"0";"1";"1";"1";"1";""
"202100004425";"193Â 852";"B01";"2";"7";"0";"2";"2";"1";"1";""
"202100004425";"193Â 853";"A01";"2";"7";"0";"2";"3";"26";"1";""
"202100004426";"193Â 850";"B01";"1";"14";"0";"2";"3";"1";"1";""
"202100004426";"193Â 851";"A01";"1";"7";"0";"2";"1";"1";"1";""
"202100004427";"193Â 848";"B01";"1";"50";"0";"2";"1";"1";"3";""
"202100004427";"193Â 849";"A01";"1";"7";"0";"2";"3";"16";"1";""
"202100004428";"193Â 847";"A01";"2";"30";"0";"1";"0";"21";"3";""
"202100004429";"193Â 846";"A01";"1";"3";"0";"1";"4";"4";"1";""
"202100004430";"193Â 844";"B01";"2";"30";"1";"2";"4";"0";"1";""
"202100004430";"193Â 845";"A01";"2";"7";"1";"2";"4";"0";"1";""
"202100004431";"193Â 843";"A01";"1";"2";"4";"0";"2";"1";"1";""
"202100004432";"193Â 841";"A01";"2";"7";"0";"2";"3";"1";"1";""
"202100004432";"193Â 842";"B01";"1";"7";"0";"2";"3";"1";"1";""
"202100004433";"193Â 840";"A01";"1";"7";"4";"0";"2";"13";"1";""
"202100004434";"193Â 838";"B01";"2";"10";"0";"2";"1";"1";"1";""
"202100004434";"193Â 839";"A01";"2";"20";"0";"2";"2";"10";"1";""
"202100004435";"193Â 836";"B01";"1";"7";"0";"0";"4";"1";"3";""
"202100004435";"193Â 837";"A01";"1";"7";"0";"2";"1";"1";"1";""
"202100004436";"193Â 834";"A01";"2";"7";"0";"2";"1";"13";"1";""
"202100004436";"193Â 835";"B01";"1";"10";"0";"2";"3";"1";"1";""
"202100004437";"193Â 832";"A01";"2";"7";"0";"2";"8";"0";"2";""
"202100004437";"193Â 833";"B01";"1";"7";"0";"2";"8";"5";"1";""
"202100004438";"193Â 829";"A01";"1";"7";"0";"2";"4";"1";"1";""
"202100004438";"193Â 830";"C01";"1";"7";"0";"2";"1";"2";"1";""
"202100004438";"193Â 831";"B01";"1";"10";"0";"2";"4";"2";"1";""
"202100004439";"193Â 827";"A01";"2";"7";"0";"2";"3";"13";"1";""
"202100004439";"193Â 828";"B01";"1";"7";"0";"2";"3";"1";"1";""
"202100004440";"193Â 825";"B01";"3";"2";"0";"2";"1";"1";"1";""
"202100004440";"193Â 826";"A01";"3";"7";"0";"2";"2";"15";"1";""
"202100004441";"193Â 824";"A01";"1";"7";"13";"0";"1";"1";"0";""
"202100004442";"193Â 822";"A01";"2";"7";"0";"2";"3";"16";"1";""
"202100004442";"193Â 823";"B01";"2";"1";"0";"2";"1";"16";"5";""
"202100004443";"193Â 821";"A01";"1";"10";"2";"0";"2";"1";"1";""
"202100004444";"193Â 819";"B01";"2";"7";"0";"2";"8";"0";"1";""
"202100004444";"193Â 820";"A01";"1";"7";"0";"2";"8";"11";"1";""
"202100004445";"193Â 817";"B01";"1";"7";"0";"2";"3";"15";"1";""
"202100004445";"193Â 818";"A01";"1";"2";"0";"2";"1";"17";"1";""
"202100004446";"193Â 816";"A01";"3";"36";"2";"0";"1";"1";"1";""
"202100004447";"193Â 815";"A01";"2";"33";"0";"0";"0";"1";"1";""
"202100004448";"193Â 813";"A01";"1";"31";"0";"2";"3";"13";"1";""
"202100004448";"193Â 814";"B01";"2";"7";"0";"2";"3";"9";"1";""
"202100004449";"193Â 811";"A01";"1";"33";"0";"2";"1";"1";"1";""
"202100004449";"193Â 812";"B01";"1";"10";"0";"2";"6";"1";"1";""
"202100004450";"193Â 809";"B01";"2";"7";"0";"2";"1";"1";"1";""
"202100004450";"193Â 810";"A01";"1";"7";"0";"2";"2";"15";"1";""
"202100004451";"193Â 808";"A01";"1";"7";"13";"0";"7";"1";"1";""
"202100004452";"193Â 807";"A01";"1";"7";"2";"0";"2";"1";"1";""
"202100004453";"193Â 806";"A01";"3";"7";"13";"0";"1";"13";"1";""
"202100004454";"193Â 804";"A01";"1";"7";"0";"2";"1";"23";"1";""
"202100004454";"193Â 805";"B01";"2";"7";"0";"2";"1";"1";"1";""
"202100004455";"193Â 802";"B01";"2";"7";"0";"2";"1";"1";"1";""
"202100004455";"193Â 803";"A01";"1";"17";"3";"2";"1";"6";"1";""
"202100004456";"193Â 800";"B01";"1";"10";"0";"2";"8";"1";"1";""
"202100004456";"193Â 801";"A01";"1";"7";"0";"2";"2";"12";"1";""
"202100004457";"193Â 798";"A01";"2";"7";"4";"2";"3";"17";"1";""
"202100004457";"193Â 799";"B01";"2";"7";"0";"2";"3";"1";"1";""
"202100004458";"193Â 796";"B01";"0";"1";"0";"2";"1";"1";"5";""
"202100004458";"193Â 797";"A01";"0";"7";"0";"0";"3";"2";"1";""
"202100004459";"193Â 794";"A01";"1";"33";"0";"2";"1";"17";"1";""
"202100004459";"193Â 795";"B01";"1";"10";"0";"0";"8";"15";"1";""
"202100004460";"193Â 793";"A01";"1";"33";"2";"0";"8";"1";"0";""
"202100004461";"193Â 791";"A01";"2";"7";"0";"2";"3";"13";"1";""
"202100004461";"193Â 792";"B01";"1";"7";"0";"2";"3";"1";"1";""
"202100004462";"193Â 790";"A01";"2";"7";"11";"0";"1";"1";"1";""
"202100004463";"193Â 788";"B01";"1";"7";"0";"2";"3";"1";"1";""
"202100004463";"193Â 789";"A01";"2";"7";"0";"2";"1";"17";"1";""
"202100004464";"193Â 787";"A01";"1";"33";"0";"0";"9";"1";"1";""
"202100004465";"193Â 785";"A01";"3";"10";"0";"2";"2";"9";"1";""
"202100004465";"193Â 786";"B01";"3";"31";"0";"2";"1";"1";"1";""
"202100004466";"193Â 784";"A01";"1";"7";"2";"0";"8";"1";"1";""
"202100004467";"193Â 782";"A01";"1";"7";"0";"2";"1";"5";"1";""
"202100004467";"193Â 783";"B01";"2";"37";"0";"2";"1";"1";"1";"1"
"202100004468";"193Â 781";"A01";"1";"10";"0";"0";"7";"1";"1";""
"202100004469";"193Â 780";"A01";"2";"7";"4";"0";"0";"2";"1";""
"202100004470";"193Â 778";"A01";"1";"7";"0";"2";"5";"17";"1";""
"202100004470";"193Â 779";"B01";"1";"17";"0";"2";"3";"1";"1";""
"202100004471";"193Â 777";"A01";"1";"7";"4";"0";"9";"19";"1";""
"202100004472";"193Â 774";"A01";"2";"7";"0";"2";"4";"1";"1";""
"202100004472";"193Â 775";"B01";"2";"7";"0";"2";"4";"11";"1";""
"202100004472";"193Â 776";"C01";"1";"7";"0";"2";"6";"1";"1";""
"202100004473";"193Â 772";"A01";"1";"10";"0";"2";"1";"1";"1";""
"202100004473";"193Â 773";"B01";"1";"17";"0";"2";"4";"1";"1";""
"202100004474";"193Â 771";"A01";"1";"7";"4";"0";"1";"14";"1";""
"202100004475";"193Â 769";"B01";"2";"10";"0";"2";"4";"2";"1";""
"202100004475";"193Â 770";"A01";"2";"10";"0";"2";"1";"2";"1";""
"202100004476";"193Â 766";"A01";"2";"17";"0";"2";"1";"2";"1";""
"202100004476";"193Â 767";"C01";"2";"17";"0";"2";"4";"2";"1";""
"202100004476";"193Â 768";"B01";"2";"7";"0";"2";"4";"2";"1";""
"202100004477";"193Â 765";"A01";"2";"7";"16";"0";"7";"2";"1";""
"202100004478";"193Â 763";"Z01";"2";"15";"0";"0";"0";"0";"0";""
"202100004478";"193Â 764";"A01";"2";"7";"0";"2";"1";"2";"1";""
"202100004479";"193Â 761";"B01";"1";"7";"0";"2";"1";"1";"1";""
"202100004479";"193Â 762";"A01";"1";"7";"0";"2";"7";"10";"1";""
"202100004480";"193Â 759";"A01";"1";"7";"0";"2";"1";"2";"1";""
"202100004480";"193Â 760";"B01";"1";"7";"0";"2";"4";"0";"1";""
"202100004481";"193Â 757";"A01";"2";"31";"0";"2";"0";"3";"1";""
"202100004481";"193Â 758";"B01";"2";"7";"0";"2";"6";"1";"1";""
"202100004482";"193Â 754";"T01";"1";"7";"12";"0";"0";"0";"1";""
"202100004482";"193Â 755";"B01";"1";"7";"12";"0";"5";"0";"1";""
"202100004482";"193Â 756";"A01";"1";"7";"12";"0";"3";"18";"1";""
"202100004483";"193Â 753";"A01";"2";"33";"0";"0";"1";"3";"1";""
"202100004484";"193Â 752";"A01";"1";"7";"4";"0";"1";"1";"1";""
"202100004485";"193Â 751";"A01";"1";"7";"3";"0";"1";"1";"1";""
"202100004486";"193Â 748";"C01";"2";"7";"1";"0";"4";"23";"1";""
"202100004486";"193Â 749";"B01";"2";"7";"1";"2";"4";"23";"1";""
"202100004486";"193Â 750";"A01";"2";"7";"1";"2";"1";"1";"1";""
"202100004487";"193Â 747";"A01";"2";"7";"4";"0";"3";"1";"1";""
"202100004488";"193Â 746";"A01";"2";"10";"4";"0";"2";"1";"1";""
"202100004489";"193Â 744";"B01";"1";"7";"3";"2";"1";"1";"1";""
"202100004489";"193Â 745";"A01";"1";"10";"3";"2";"7";"18";"1";""
"202100004490";"193Â 742";"A01";"1";"7";"0";"2";"4";"1";"2";""
"202100004490";"193Â 743";"B01";"1";"7";"0";"2";"1";"2";"1";""
"202100004491";"193Â 739";"A01";"2";"33";"0";"2";"9";"21";"1";""
"202100004491";"193Â 740";"B01";"2";"7";"0";"0";"5";"1";"1";""
"202100004491";"193Â 741";"C01";"2";"7";"0";"0";"6";"1";"1";""
"202100004492";"193Â 736";"C01";"2";"7";"14";"0";"2";"2";"1";""
"202100004492";"193Â 737";"B01";"2";"7";"0";"2";"3";"2";"1";""
"202100004492";"193Â 738";"A01";"2";"7";"3";"2";"7";"17";"1";""
"202100004493";"193Â 734";"X01";"3";"7";"0";"2";"1";"16";"1";""
"202100004493";"193Â 735";"A01";"2";"99";"0";"2";"5";"1";"5";""
"202100004494";"193Â 733";"A01";"2";"33";"10";"0";"7";"9";"1";""
"202100004495";"193Â 731";"B01";"1";"7";"0";"2";"6";"15";"1";""
"202100004495";"193Â 732";"A01";"1";"33";"0";"2";"1";"1";"1";""
"202100004496";"193Â 729";"A01";"3";"7";"0";"2";"1";"15";"1";""
"202100004496";"193Â 730";"B01";"0";"32";"0";"0";"6";"1";"1";""
"202100004497";"193Â 728";"A01";"1";"7";"0";"1";"1";"1";"1";""
"202100004498";"193Â 726";"A01";"2";"7";"0";"2";"3";"9";"1";""
"202100004498";"193Â 727";"B01";"1";"1";"0";"2";"7";"12";"5";""
"202100004499";"193Â 725";"A01";"2";"7";"4";"0";"1";"1";"1";""
"202100004500";"193Â 724";"A01";"1";"1";"0";"1";"1";"15";"5";""
"202100004501";"193Â 723";"A01";"1";"7";"0";"1";"1";"9";"1";""
"202100004502";"193Â 721";"A01";"2";"7";"13";"0";"1";"2";"1";""
"202100004503";"193Â 720";"A01";"1";"7";"0";"0";"1";"1";"1";""
"202100004504";"193Â 718";"B01";"2";"32";"0";"2";"2";"15";"1";""
"202100004504";"193Â 719";"A01";"2";"10";"0";"2";"3";"15";"1";""
"202100004505";"193Â 717";"A01";"1";"7";"14";"0";"1";"16";"1";""
"202100004506";"193Â 716";"A01";"0";"33";"0";"1";"1";"26";"1";""
"202100004507";"193Â 715";"A01";"2";"1";"0";"0";"1";"1";"5";""
"202100004508";"193Â 713";"A01";"0";"10";"0";"2";"1";"2";"1";""
"202100004508";"193Â 714";"B01";"0";"7";"0";"0";"4";"2";"1";""
"202100004509";"193Â 712";"A01";"1";"7";"8";"0";"1";"26";"1";""
"202100004510";"193Â 711";"A01";"1";"7";"8";"1";"1";"14";"1";""
"202100004511";"193Â 709";"B01";"2";"7";"0";"2";"3";"13";"1";""
"202100004511";"193Â 710";"A01";"2";"7";"6";"2";"2";"1";"1";""
"202100004512";"193Â 708";"A01";"2";"7";"6";"0";"1";"16";"1";""
"202100004513";"193Â 706";"A01";"3";"7";"1";"2";"2";"13";"1";""