"Num_Acc";"id_vehicule";"num_veh";"senc";"catv";"obs";"obsm";"choc";"manv";"motor";"occutc"
"202100004513";"193Â 707";"B01";"3";"7";"1";"2";"3";"1";"1";""
"202100004514";"193Â 705";"A01";"1";"7";"0";"1";"1";"21";"1";""
"202100004515";"193Â 704";"A01";"1";"7";"7";"0";"9";"6";"1";""
"202100004516";"193Â 700";"B01";"3";"7";"0";"2";"7";"2";"1";""
"202100004516";"193Â 701";"A01";"3";"7";"0";"2";"1";"9";"1";""
"202100004517";"193Â 699";"A01";"1";"7";"0";"1";"1";"1";"1";""
"202100004518";"193Â 698";"A01";"0";"7";"13";"0";"1";"13";"1";""
"202100004519";"193Â 696";"B01";"3";"7";"0";"2";"2";"21";"1";""
"202100004519";"193Â 697";"A01";"3";"7";"0";"2";"1";"5";"1";""
"202100004520";"193Â 695";"A01";"3";"10";"0";"1";"3";"15";"1";""
"202100004521";"193Â 694";"A01";"3";"7";"11";"0";"1";"1";"1";""
"202100004522";"193Â 693";"A01";"2";"15";"4";"0";"2";"2";"1";""
"202100004523";"193Â 690";"C01";"2";"7";"0";"2";"4";"1";"1";""
"202100004523";"193Â 691";"B01";"2";"7";"0";"2";"1";"1";"1";""
"202100004523";"193Â 692";"A01";"2";"7";"0";"2";"1";"1";"1";""
"202100004524";"193Â 689";"A01";"2";"7";"4";"0";"3";"26";"1";""
"202100004525";"193Â 687";"B01";"1";"1";"0";"2";"4";"1";"5";""
"202100004525";"193Â 688";"A01";"1";"7";"0";"2";"1";"1";"1";""
"202100004526";"193Â 684";"A01";"3";"7";"0";"2";"1";"2";"1";""
"202100004526";"193Â 685";"B01";"3";"7";"0";"2";"1";"2";"1";""
"202100004526";"193Â 686";"C01";"3";"7";"0";"2";"4";"2";"1";""
"202100004527";"193Â 682";"A01";"3";"32";"0";"9";"1";"17";"1";""
"202100004527";"193Â 683";"B01";"3";"50";"0";"2";"1";"1";"3";""
"202100004528";"193Â 680";"B01";"2";"30";"0";"2";"1";"1";"1";""
"202100004528";"193Â 681";"A01";"1";"10";"0";"2";"1";"15";"1";""
"202100004529";"193Â 679";"A01";"2";"7";"13";"0";"1";"14";"1";""
"202100004530";"193Â 678";"A01";"3";"7";"13";"0";"1";"14";"1";""
"202100004531";"193Â 677";"A01";"3";"10";"0";"1";"2";"1";"1";""
"202100004532";"193Â 675";"A01";"3";"1";"0";"2";"1";"19";"5";""
"202100004532";"193Â 676";"B01";"3";"7";"0";"2";"5";"1";"1";""
"202100004533";"193Â 673";"B01";"1";"1";"0";"2";"3";"1";"5";""
"202100004533";"193Â 674";"A01";"1";"7";"0";"2";"3";"1";"1";""
"202100004534";"193Â 671";"B01";"2";"7";"0";"2";"5";"22";"1";""
"202100004534";"193Â 672";"A01";"2";"1";"0";"2";"1";"18";"5";""
"202100004535";"193Â 669";"Z01";"1";"7";"0";"2";"0";"2";"0";""
"202100004535";"193Â 670";"A01";"1";"32";"0";"2";"4";"2";"1";""
"202100004536";"193Â 668";"A01";"1";"10";"0";"1";"3";"15";"1";""
"202100004537";"193Â 666";"B01";"1";"30";"0";"2";"1";"1";"3";""
"202100004537";"193Â 667";"A01";"1";"7";"0";"2";"4";"23";"1";""
"202100004538";"193Â 664";"B01";"3";"33";"0";"2";"2";"17";"1";""
"202100004538";"193Â 665";"A01";"3";"7";"0";"2";"3";"10";"1";""
"202100004539";"193Â 663";"A01";"1";"7";"0";"1";"3";"1";"1";""
"202100004540";"193Â 661";"A01";"3";"32";"0";"2";"1";"1";"1";""
"202100004540";"193Â 662";"Z01";"0";"7";"0";"2";"1";"20";"0";""
"202100004541";"193Â 660";"A01";"1";"80";"0";"2";"0";"21";"3";""
"202100004542";"193Â 658";"B01";"1";"30";"0";"2";"1";"15";"1";""
"202100004542";"193Â 659";"A01";"2";"7";"0";"2";"1";"1";"3";""
"202100004543";"193Â 655";"C01";"1";"7";"0";"2";"4";"23";"1";""
"202100004543";"193Â 656";"B01";"1";"7";"0";"2";"4";"23";"1";""
"202100004543";"193Â 657";"A01";"1";"7";"0";"2";"1";"2";"1";""
"202100004544";"193Â 653";"B01";"2";"7";"0";"2";"6";"1";"1";""
"202100004544";"193Â 654";"A01";"1";"7";"0";"2";"1";"1";"1";""
"202100004545";"193Â 650";"A01";"1";"7";"0";"2";"3";"10";"1";""
"202100004545";"193Â 651";"C01";"1";"33";"0";"2";"0";"1";"1";""
"202100004545";"193Â 652";"B01";"1";"33";"0";"2";"1";"1";"1";""
"202100004546";"193Â 649";"A01";"2";"30";"0";"9";"8";"21";"1";""
"202100004547";"193Â 647";"A01";"1";"7";"0";"2";"8";"26";"1";""
"202100004547";"193Â 648";"B01";"1";"7";"0";"2";"1";"26";"1";""
"202100004548";"193Â 646";"B01";"2";"30";"0";"2";"4";"9";"1";""
"202100004549";"193Â 644";"B01";"2";"7";"0";"2";"8";"1";"1";""
"202100004549";"193Â 645";"A01";"2";"7";"0";"2";"1";"9";"1";""
"202100004550";"193Â 642";"A01";"2";"7";"0";"2";"5";"9";"2";""
"202100004550";"193Â 643";"B01";"2";"33";"0";"2";"1";"1";"1";""
"202100004551";"193Â 640";"B01";"1";"30";"0";"2";"8";"0";"1";""
"202100004551";"193Â 641";"A01";"2";"10";"0";"2";"1";"15";"1";""
"202100004552";"193Â 638";"B01";" -1";"7";"0";"2";"0";" -1";" -1";""
"202100004552";"193Â 639";"A01";" -1";"30";"0";"0";"0";" -1";" -1";""
"202100004553";"193Â 636";"B01";"2";"30";"0";"2";"1";"1";"0";""
"202100004553";"193Â 637";"A01";"1";"7";"0";"2";"1";"11";"0";""
"202100004554";"193Â 635";"A01";"1";"30";"0";" -1";"0";"0";"0";""
"202100004555";"193Â 633";"B01";"0";"7";"0";"2";"1";"1";"1";""
"202100004555";"193Â 634";"A01";"3";"7";"0";"2";"1";"11";"1";""
"202100004556";"193Â 631";"B01";"3";"10";"0";"2";"1";"13";"1";""
"202100004556";"193Â 632";"A01";"3";"7";"0";"2";"1";"1";"1";""
"202100004557";"193Â 629";"B01";"1";"7";"0";"2";"5";"0";"1";""
"202100004557";"193Â 630";"A01";"1";"7";"0";"2";"3";"0";"1";""
"202100004558";"193Â 628";"A01";"2";"7";"14";"0";"1";"21";"1";""
"202100004559";"193Â 626";"A01";"1";"7";"1";"0";"2";"17";"1";""
"202100004559";"193Â 627";"B01";"1";"10";"1";"0";"6";"23";"0";""
"202100004560";"193Â 624";"A01";"1";"7";"0";"2";"8";"15";"1";""
"202100004560";"193Â 625";"B01";"1";"33";"0";"0";"7";"1";"1";""
"202100004561";"193Â 623";"B01";"1";"7";"0";"1";"3";"1";"1";""
"202100004562";"193Â 621";"B01";"3";"1";"1";"2";"8";"1";"5";""
"202100004562";"193Â 622";"A01";"3";"7";"1";"2";"3";"13";"1";""
"202100004563";"193Â 620";"A01";"1";"32";"14";"0";"1";"13";"1";""
"202100004564";"193Â 618";"B01";"1";"30";"0";"2";"1";"9";"3";""
"202100004564";"193Â 619";"A01";"1";"7";"0";"2";"5";"4";"1";""
"202100004565";"193Â 617";"A01";"2";"7";"13";"0";"2";"1";"1";""
"202100004566";"193Â 616";"A01";"2";"1";"5";"0";"1";"1";"5";""
"202100004567";"193Â 614";"B01";"1";"33";"0";"2";"3";"1";"1";""
"202100004567";"193Â 615";"A01";"2";"7";"0";"2";"1";"15";"1";""
"202100004568";"193Â 612";"A01";"1";"7";"0";"0";"1";"0";"1";""
"202100004568";"193Â 613";"B01";"2";"7";"0";"0";"1";"0";"1";""
"202100004569";"193Â 611";"A01";"1";"2";"0";"1";"2";"1";"1";""
"202100004570";"193Â 609";"B01";"2";"7";"0";"2";"1";"1";"1";""
"202100004570";"193Â 610";"A01";"1";"7";"0";"2";"1";"1";"1";""
"202100004571";"193Â 607";"A01";"1";"15";"0";"0";"3";"1";"1";""
"202100004571";"193Â 608";"B01";"1";"7";"0";"0";"3";"1";"2";""
"202100004572";"193Â 605";"B01";"2";"7";"0";"2";"1";"1";"1";""
"202100004572";"193Â 606";"A01";"1";"7";"0";"2";"8";"15";"1";""
"202100004573";"193Â 601";"B01";"1";"7";"0";"2";"3";"15";"3";""
"202100004573";"193Â 602";"A01";"2";"2";"0";"2";"1";"17";"1";""
"202100004574";"193Â 600";"A01";"1";"33";"0";"0";"0";"1";"1";""
"202100004575";"193Â 598";"B01";"1";"2";"0";"2";"1";"1";"1";""
"202100004575";"193Â 599";"A01";"2";"7";"0";"2";"2";"15";"1";""
"202100004576";"193Â 595";"B01";"2";"7";"0";"2";"1";"1";"1";""
"202100004576";"193Â 596";"A01";"1";"7";"0";"2";"3";"1";"1";""
"202100004577";"193Â 593";"B01";"1";"1";"0";"2";"2";"15";"5";""
"202100004577";"193Â 594";"A01";"1";"7";"0";"2";"3";"2";"1";""
"202100004578";"193Â 590";"B01";"2";"7";"0";"2";"3";"14";"1";""
"202100004578";"193Â 591";"A01";"1";"10";"0";"2";"2";"17";"1";""
"202100004579";"193Â 589";"A01";"3";"7";"12";"0";"2";"1";"1";""
"202100004580";"193Â 587";"B01";"2";"7";"0";"0";"4";"15";"1";""
"202100004580";"193Â 588";"A01";"2";"7";"0";"2";"1";"1";"1";""
"202100004581";"193Â 585";"B01";"2";"17";"0";"2";"3";"1";"1";""
"202100004581";"193Â 586";"A01";"1";"7";"0";"2";"1";"13";"1";""
"202100004582";"193Â 583";"A01";"1";"7";"0";"2";"1";"1";"1";""
"202100004582";"193Â 584";"B01";"1";"7";"0";"2";"3";"1";"1";""
"202100004583";"193Â 581";"A01";"0";"7";"0";"2";"1";"0";"1";""
"202100004583";"193Â 582";"B01";"0";"7";"0";"2";"1";"0";"1";""
"202100004584";"193Â 580";"A01";"1";"7";"2";"0";"8";"14";"1";""
"202100004585";"193Â 579";"A01";"0";"7";"0";"1";"1";"0";"0";""
"202100004586";"193Â 577";"A01";"2";"7";"0";"2";"3";"1";"1";""
"202100004586";"193Â 578";"B01";"1";"7";"0";"2";"3";"1";"1";""
"202100004587";"193Â 576";"A01";"2";"7";"2";"0";"3";"13";"1";""
"202100004588";"193Â 575";"A01";"1";"33";"3";"0";"1";"17";"1";""
"202100004589";"193Â 574";"A01";"1";"7";"13";"0";"1";"15";"1";""
"202100004590";"193Â 572";"A01";"2";"7";"17";"0";"3";"0";"1";""
"202100004591";"193Â 571";"A01";"2";"7";"13";"0";"1";"1";"1";""
"202100004592";"193Â 569";"A01";"1";"7";"0";"2";"1";"2";"1";""
"202100004592";"193Â 570";"B01";"1";"7";"0";"0";"4";"2";"1";""
"202100004593";"193Â 567";"B01";"2";"7";"0";"2";"1";"11";"1";""
"202100004593";"193Â 568";"A01";"1";"7";"0";"2";"1";"1";"1";""
"202100004594";"193Â 566";"A01";"2";"7";"0";"1";"1";"1";"1";""
"202100004595";"193Â 564";"B01";"2";"33";"0";"2";"0";"17";"1";""
"202100004595";"193Â 565";"A01";"2";"7";"0";"2";"3";"15";"1";""
"202100004596";"193Â 562";"A01";"0";"10";"0";"2";"1";"17";"1";""
"202100004596";"193Â 563";"B01";"0";"7";"0";"0";"4";"2";"1";""
"202100004597";"193Â 560";"A01";"1";"7";"13";"2";"3";"15";"1";""
"202100004597";"193Â 561";"B01";"1";"7";"0";"2";"2";"17";"1";""
"202100004598";"193Â 558";"A01";"1";"7";"0";"0";"7";"15";"1";""
"202100004598";"193Â 559";"B01";"2";"2";"0";"2";"1";"1";"0";""
"202100004599";"193Â 557";"A01";"1";"7";"6";"0";"1";"1";"2";""
"202100004600";"193Â 553";"A01";"1";"7";"13";"2";"0";"1";"1";""
"202100004600";"193Â 554";"B01";"2";"7";"0";"2";"8";"1";"1";""
"202100004600";"193Â 555";"C01";"2";"7";"0";"2";"1";"1";"1";""
"202100004600";"193Â 556";"D01";"2";"10";"0";"2";"1";"1";"1";""
"202100004601";"193Â 551";"A01";"1";"7";"0";"2";"3";"15";"1";""
"202100004601";"193Â 552";"B01";"2";"30";"0";"2";"1";"1";"1";""
"202100004602";"193Â 550";"A01";"3";"7";"6";"0";"2";"1";"1";""
"202100004603";"193Â 548";"B01";"1";"1";"0";"2";"1";"1";"5";""
"202100004603";"193Â 549";"A01";"2";"7";"0";"9";"3";"16";"1";""
"202100004604";"193Â 546";"A01";"3";"7";"0";"2";"1";"13";"1";""
"202100004604";"193Â 547";"B01";"3";"7";"0";"2";"1";"1";"1";""
"202100004605";"193Â 545";"A01";"1";"10";"13";"0";"5";"1";"1";""
"202100004606";"193Â 544";"A01";"2";"10";"0";"1";"2";"1";"1";""
"202100004607";"193Â 541";"A01";"3";"7";"0";"1";"3";"0";"1";""
"202100004608";"193Â 538";"C01";"1";"7";"0";"2";"1";"2";"1";""
"202100004608";"193Â 539";"B01";"1";"7";"0";"2";"4";"23";"1";""
"202100004608";"193Â 540";"A01";"1";"7";"0";"2";"4";"23";"1";""
"202100004609";"193Â 535";"A01";"2";"7";"0";"2";"1";"1";"1";""
"202100004609";"193Â 536";"B01";"2";"7";"0";"2";"4";"2";"1";""
"202100004609";"193Â 537";"C01";"2";"7";"0";"2";"4";"2";"1";""
"202100004610";"193Â 534";"A01";"1";"7";"0";"2";"8";"1";"1";""
"202100004611";"193Â 529";"E01";"1";"7";"0";"2";"1";"0";"1";""
"202100004611";"193Â 530";"D01";"1";"7";"0";"2";"1";"0";"1";""
"202100004611";"193Â 531";"A01";"1";"7";"0";"2";"1";"23";"1";""
"202100004611";"193Â 532";"B01";"1";"7";"0";"0";"0";"0";"1";""
"202100004611";"193Â 533";"C01";"1";"7";"0";"2";"1";"0";"1";""
"202100004612";"193Â 528";"A01";"1";"34";"0";"0";"8";"0";"1";""
"202100004613";"193Â 527";"A01";"2";"7";"4";"0";"1";"21";"1";""
"202100004614";"193Â 525";"A01";"2";"7";"4";"0";"1";"1";"1";""
"202100004614";"193Â 526";"B01";"2";"15";"0";"2";"1";"1";"1";""
"202100004615";"193Â 524";"A01";"1";"7";"2";"0";"1";"1";"1";""
"202100004616";"193Â 520";"A01";"2";"10";"0";"2";"1";"1";"1";""
"202100004616";"193Â 521";"B01";"2";"7";"0";"2";"9";"2";"1";""
"202100004616";"193Â 522";"C01";"2";"7";"0";"2";"9";"2";"1";""
"202100004616";"193Â 523";"D01";"2";"7";"0";"2";"9";"2";"1";""
"202100004617";"193Â 515";"E01";"1";"7";"0";"2";"4";"2";"1";""
"202100004617";"193Â 516";"D01";"1";"7";"0";"2";"4";"2";"2";""
"202100004617";"193Â 517";"A01";"1";"7";"0";"2";"1";"2";"1";""
"202100004617";"193Â 518";"B01";"1";"7";"0";"2";"4";"2";"1";""
"202100004617";"193Â 519";"C01";"1";"7";"0";"2";"4";"2";"1";""
"202100004618";"193Â 513";"B01";"1";"7";"0";"2";"4";"2";"1";""
"202100004618";"193Â 514";"A01";"1";"7";"0";"2";"1";"2";"1";""
"202100004619";"193Â 512";"A01";"2";"7";"3";"0";"3";"13";"1";""
"202100004620";"193Â 507";"E01";"2";"7";"0";"2";"4";"2";"1";""
"202100004620";"193Â 508";"D01";"2";"7";"0";"2";"4";"2";"1";""
"202100004620";"193Â 509";"C01";"2";"7";"0";"2";"4";"2";"1";""
"202100004620";"193Â 510";"B01";"2";"7";"0";"2";"4";"2";"1";""
"202100004620";"193Â 511";"A01";"2";"7";"0";"2";"1";"2";"1";""
"202100004621";"193Â 504";"A01";"1";"7";"0";"2";"1";"21";"1";""
"202100004621";"193Â 505";"B01";"1";"7";"0";"2";"4";"2";"1";""
"202100004621";"193Â 506";"C01";"1";"7";"4";"2";"3";"21";"1";""
"202100004622";"193Â 503";"A01";"1";"7";"4";"0";"1";"1";"1";""
"202100004623";"193Â 501";"A01";"2";"33";"4";"2";"3";"3";"1";""
"202100004623";"193Â 502";"B01";"2";"10";"0";"2";"2";"12";"1";""
"202100004624";"193Â 498";"A01";"2";"7";"0";"2";"1";"2";"1";""
"202100004624";"193Â 499";"B01";"2";"7";"0";"2";"4";"2";"1";""
"202100004624";"193Â 500";"C01";"2";"7";"0";"2";"4";"2";"2";""
"202100004625";"193Â 497";"A01";"3";"7";"4";"0";"1";"0";"1";""
"202100004626";"193Â 496";"A01";"2";"7";"4";"0";"1";"13";"1";""
"202100004627";"193Â 495";"A01";"1";"7";"4";"0";"0";"0";"1";""
"202100004628";"193Â 493";"B01";"1";"7";"0";"2";"4";"23";"1";""
"202100004628";"193Â 494";"A01";"1";"7";"0";"2";"1";"2";"1";""
"202100004629";"193Â 492";"A01";"1";"13";"4";"0";"1";"1";"1";""
"202100004630";"193Â 490";"B01";"1";"7";"0";"2";"4";"2";"1";""
"202100004630";"193Â 491";"A01";"1";"7";"0";"2";"3";"2";"1";""
"202100004631";"193Â 489";"A01";"2";"7";"0";"0";"9";"12";"1";""
"202100004632";"193Â 488";"A01";"2";"7";"0";"0";"9";"1";"1";""
"202100004633";"193Â 486";"A01";"1";"7";"0";"2";"1";"0";"1";""
"202100004633";"193Â 487";"B01";"1";"7";"0";"2";"4";"0";"1";""
"202100004634";"193Â 483";"C01";"2";"7";"0";"2";"4";"2";"1";""
"202100004634";"193Â 484";"B01";"2";"7";"0";"2";"4";"2";"1";""
"202100004634";"193Â 485";"A01";"2";"10";"0";"2";"1";"2";"1";""
"202100004635";"193Â 481";"A01";"2";"10";"4";"2";"2";"12";"1";""
"202100004635";"193Â 482";"B01";"2";"15";"0";"2";"3";"1";"1";""
"202100004636";"193Â 479";"A01";"2";"7";"0";"2";"1";"2";"1";""
"202100004636";"193Â 480";"B01";"2";"7";"0";"2";"4";"1";"1";""
"202100004637";"193Â 477";"B01";"1";"3";"0";"2";"4";"23";"0";""
"202100004637";"193Â 478";"A01";"1";"3";"0";"2";"1";"2";"0";""
"202100004638";"193Â 476";"A01";"1";"7";"0";"2";"1";"1";"1";""
"202100004639";"193Â 475";"A01";"2";"7";"0";"0";"9";"2";"1";""
"202100004640";"193Â 473";"B01";"1";"7";"0";"2";"4";"2";"1";""
"202100004640";"193Â 474";"A01";"1";"7";"4";"2";"3";"1";"1";""
"202100004641";"193Â 472";"A01";"1";"13";"15";"0";"1";"1";"1";""
"202100004642";"193Â 470";"B01";"1";"7";"0";"2";"5";"2";"3";""
"202100004642";"193Â 471";"A01";"1";"10";"0";"2";"1";"21";"1";""
"202100004643";"193Â 468";"B01";"1";"7";"0";"2";"4";"1";"1";""
"202100004643";"193Â 469";"A01";"1";"7";"0";"2";"2";"1";"1";""
"202100004644";"193Â 467";"A01";"2";"7";"4";"0";"1";"11";"1";""
"202100004645";"193Â 466";"A01";"1";"7";"5";"0";"6";"1";"1";""
"202100004646";"193Â 465";"A01";"1";"7";"3";"0";"1";"9";"1";""
"202100004647";"193Â 463";"A01";"1";"7";"0";"2";"1";"2";"1";""
"202100004647";"193Â 464";"B01";"1";"7";"0";"2";"1";"2";"1";""
"202100004648";"193Â 462";"A01";"2";"1";"0";"0";"0";"1";" -1";""
"202100004649";"193Â 461";"A01";"1";"10";"1";"0";"1";"1";"1";""
"202100004650";"193Â 459";"A01";"2";"7";"0";"2";"2";"15";"1";""
"202100004650";"193Â 460";"B01";"1";"33";"0";"2";"1";"1";"1";""
"202100004651";"193Â 457";"B01";"2";"1";"0";"0";"0";"0";"0";""
"202100004651";"193Â 458";"A01";"2";"3";"0";"9";"0";"15";"0";""
"202100004652";"193Â 455";"A01";"1";"33";"0";"2";"1";"17";"1";""
"202100004652";"193Â 456";"B01";"2";"10";"0";"2";"6";"15";"1";""
"202100004653";"193Â 454";"A01";"2";"7";"0";"0";"1";"1";"0";""
"202100004654";"193Â 452";"B01";"1";"2";"0";"2";"1";"1";"1";""
"202100004654";"193Â 453";"A01";"1";"7";"0";"2";"3";"5";"1";""
"202100004655";"193Â 451";"A01";"0";"7";"0";"1";"2";"1";"1";""
"202100004656";"193Â 449";"B01";"1";"7";"0";"2";"2";"15";"3";""
"202100004656";"193Â 450";"A01";"1";"2";"0";"2";"1";"19";"1";""
"202100004657";"193Â 448";"A01";"1";"33";"13";"0";"7";"1";"1";""
"202100004658";"193Â 447";"A01";"0";"7";"6";"0";"1";"14";"1";""
"202100004659";"193Â 446";"A01";"2";"7";"0";"1";"3";"1";"1";""
"202100004660";"193Â 445";"A01";"0";"7";"0";"1";"1";"1";"1";""
"202100004661";"193Â 444";"A01";"0";"7";"0";"1";"3";"1";"1";""
"202100004662";"193Â 443";"A01";"3";"7";"0";"1";"2";"12";"1";""
"202100004663";"193Â 441";"A01";"2";"7";"0";"2";"6";"13";"1";""
"202100004663";"193Â 442";"B01";"2";"33";"0";"2";"1";"1";"1";""
"202100004664";"193Â 439";"A01";"1";"7";"1";"0";"0";"17";"1";""
"202100004664";"193Â 440";"B01";"1";"2";"0";"2";"1";"17";"1";""
"202100004665";"193Â 437";"B01";"3";"7";"0";"2";"3";"20";"1";""
"202100004665";"193Â 438";"A01";"3";"30";"0";"2";"1";"17";"1";""
"202100004666";"193Â 435";"A01";"3";"32";"0";"2";"1";"13";"1";""
"202100004666";"193Â 436";"B01";"3";"7";"0";"2";"2";"1";"1";""
"202100004667";"193Â 434";"A01";"1";"31";"0";"4";"1";"1";"1";""
"202100004668";"193Â 432";"B01";"3";"33";"0";"2";"8";"1";"1";""
"202100004668";"193Â 433";"A01";"3";"7";"0";"2";"1";"15";"1";""
"202100004669";"193Â 430";"B01";"2";"7";"0";"2";"3";"1";"1";""
"202100004669";"193Â 431";"A01";"1";"7";"0";"2";"2";"16";"1";""
"202100004670";"193Â 429";"A01";"1";"7";"0";"0";"0";"0";"6";""
"202100004671";"193Â 427";"B01";"1";"7";"0";"2";"8";"0";"1";""
"202100004671";"193Â 428";"A01";"1";"7";"0";"2";"1";"26";"1";""
"202100004672";"193Â 425";"A01";"3";"7";"0";"2";"8";"26";"1";""
"202100004672";"193Â 426";"B01";"3";"30";"0";"2";"1";"19";"1";""
"202100004673";"193Â 423";"A01";"1";"7";"0";"2";"1";"13";"1";""
"202100004673";"193Â 424";"B01";"2";"7";"0";"2";"3";"1";"1";""
"202100004674";"193Â 421";"B01";"1";"7";"0";"2";"7";"16";"1";""
"202100004674";"193Â 422";"A01";"1";"2";"0";"2";"1";"2";"1";""
"202100004675";"193Â 419";"A01";"1";"7";"0";"2";"8";"10";"1";""
"202100004675";"193Â 420";"B01";"2";"31";"0";"2";"1";"1";"1";""
"202100004676";"193Â 417";"A01";"2";"7";"0";"2";"2";"15";"1";""
"202100004676";"193Â 418";"B01";"1";"32";"0";"2";"1";"1";"1";""
"202100004677";"193Â 416";"A01";"1";"30";"0";"1";"1";"1";"1";""
"202100004678";"193Â 414";"A01";"2";"7";"0";"2";"2";"19";"1";""
"202100004678";"193Â 415";"B01";"1";"13";"0";"2";"3";"19";"1";""
"202100004679";"193Â 413";"A01";"2";"50";"12";"0";"1";"25";"3";""
"202100004680";"193Â 411";"A01";"1";"7";"0";"2";"2";"1";"1";""
"202100004680";"193Â 412";"B01";"2";"7";"0";"2";"3";"1";"3";""
"202100004681";"193Â 409";"B01";"2";"7";"0";"2";"4";"23";"2";""
"202100004681";"193Â 410";"A01";"2";"7";"0";"2";"1";"1";"1";""
"202100004682";"193Â 407";"A01";"2";"10";"0";"2";"2";"1";"1";""
"202100004682";"193Â 408";"B01";"2";"34";"0";"2";"1";"1";"1";""
"202100004683";"193Â 405";"A01";"1";"7";"0";"2";"7";"10";"1";""
"202100004683";"193Â 406";"B01";"1";"7";"0";"2";"3";"0";"1";""
"202100004684";"193Â 403";"B01";"1";"32";"0";"2";"3";"26";"1";""
"202100004684";"193Â 404";"A01";"2";"7";"0";"2";"3";"10";"1";""
"202100004685";"193Â 399";"Z01";"2";"7";"0";"2";"0";"0";"1";""
"202100004685";"193Â 400";"C01";"2";"7";"0";"2";"4";"23";"1";""
"202100004685";"193Â 401";"B01";"2";"7";"0";"2";"4";"23";"1";""
"202100004685";"193Â 402";"A01";"2";"7";"0";"2";"4";"23";"1";""
"202100004686";"193Â 398";"A01";"1";"7";"0";"1";"2";"1";"1";""
"202100004687";"193Â 397";"A01";"2";"7";"9";"0";"1";"17";"1";""
"202100004688";"193Â 395";"B01";"1";"7";"0";"2";"8";"1";"1";""
"202100004688";"193Â 396";"A01";"1";"7";"0";"2";"1";"26";"1";""
"202100004689";"193Â 393";"A01";"3";"10";"0";"2";"6";"11";"1";""
"202100004689";"193Â 394";"B01";"3";"7";"0";"2";"2";"1";"1";""
"202100004690";"193Â 391";"A01";"1";"7";"0";"2";"7";"15";"1";""
"202100004690";"193Â 392";"B01";"2";"32";"0";"2";"9";"1";"1";""
"202100004691";"193Â 390";"A01";"3";"7";"0";"1";"7";"1";"1";""
"202100004692";"193Â 388";"A01";"1";"30";"0";"2";"1";"1";"3";""
"202100004692";"193Â 389";"B01";"2";"7";"0";"2";"3";"15";"1";""
"202100004693";"193Â 386";"B01";"1";"7";"0";"2";"1";"2";"1";""
"202100004693";"193Â 387";"A01";"1";"7";"0";"2";"4";"1";"1";""
"202100004694";"193Â 384";"A01";"2";"7";"0";"2";"1";"19";"1";""
"202100004694";"193Â 385";"B01";"2";"7";"0";"9";"3";"9";"1";""
"202100004695";"193Â 382";"A01";"2";"7";"0";"2";"7";"15";"1";""
"202100004695";"193Â 383";"B01";"2";"33";"0";"2";"2";"3";"1";""
"202100004696";"193Â 380";"A01";"2";"7";"0";"2";"3";"1";"1";""
"202100004696";"193Â 381";"B01";"1";"43";"0";"2";"7";"1";"1";""
"202100004697";"193Â 378";"B01";"3";"7";"0";"2";"3";"21";"1";""
"202100004697";"193Â 379";"A01";"3";"7";"0";"2";"2";"16";"1";""
"202100004698";"193Â 377";"A01";"3";"7";"0";"1";"7";"14";"1";""
"202100004699";"193Â 375";"B01";"2";"1";"0";"2";"1";"17";"5";""
"202100004699";"193Â 376";"A01";"2";"7";"0";"2";"8";"15";"1";""
"202100004700";"193Â 374";"A01";"2";"10";"8";"0";"0";"26";"1";""
"202100004701";"193Â 373";"A01";"1";"0";"0";"1";"1";"26";"0";""
"202100004702";"193Â 372";"A01";"1";"7";"0";"1";"1";"9";"1";""
"202100004703";"193Â 370";"A01";"3";"15";"0";"2";"1";"1";"0";""
"202100004703";"193Â 371";"B01";"3";"50";"0";"2";"8";"0";"3";""
"202100004704";"193Â 369";"A01";"3";"7";"0";"1";"1";"2";"1";""
"202100004705";"193Â 368";"A01";"1";"33";"9";"0";"1";"0";"1";""
"202100004706";"193Â 367";"A01";"1";"7";"0";"1";"2";"26";"1";""
"202100004707";"193Â 366";"A01";"2";"7";"0";"1";"8";"1";"1";""
"202100004708";"193Â 365";"A01";"2";"7";"0";"1";"3";"1";"1";""
"202100004709";"193Â 360";"B01";"2";"33";"0";"2";"8";"1";"1";""
"202100004709";"193Â 361";"A01";"2";"7";"0";"2";"2";"19";"1";""
"202100004710";"193Â 357";"A01";"1";"33";"0";"2";"3";"3";"1";""
"202100004710";"193Â 358";"B01";"1";"7";"0";"2";"3";"1";"1";""
"202100004710";"193Â 359";"C01";"2";"7";"0";"2";"3";"1";"1";""
"202100004711";"193Â 354";"A01";"2";"7";"0";"2";"1";"26";"1";""
"202100004711";"193Â 355";"B01";"2";"7";"0";"2";"0";"0";"1";""
"202100004711";"193Â 356";"C01";"2";"7";"0";"2";"4";"23";"2";""
"202100004712";"193Â 353";"A01";"2";"10";"0";"1";"3";"10";"1";""
"202100004713";"193Â 352";"A01";"2";"7";"9";"0";"1";"13";"1";""
"202100004714";"193Â 350";"A01";"0";"7";"0";"2";"2";"16";"1";""
"202100004714";"193Â 351";"B01";"3";"1";"0";"2";"0";"1";" -1";""
"202100004715";"193Â 348";"B01";"1";"31";"0";"2";"1";"1";"1";""
"202100004715";"193Â 349";"A01";"3";"7";"0";"2";"3";"15";"1";""
"202100004716";"193Â 347";"A01";"2";"10";"0";"1";"3";"15";"1";""