"Num_Acc";"id_vehicule";"num_veh";"senc";"catv";"obs";"obsm";"choc";"manv";"motor";"occutc"
"202100004717";"193Â 343";"Z01";"0";"0";"0";"1";"2";"2";"0";""
"202100004718";"193Â 342";"A01";"1";"7";"8";"0";"2";"0";"1";""
"202100004719";"193Â 340";"B01";"3";"7";"0";"2";"6";"1";"1";""
"202100004719";"193Â 341";"A01";"2";"7";"2";"2";"3";"6";"1";""
"202100004720";"193Â 339";"A01";"2";"7";"0";"1";"1";"1";"1";""
"202100004721";"193Â 338";"A01";"3";"7";"0";"1";"1";"1";"1";""
"202100004722";"193Â 337";"A01";"0";"30";"0";"0";"7";"14";"1";""
"202100004723";"193Â 336";"A01";"1";"7";"0";"1";"1";"26";"1";""
"202100004724";"193Â 334";"B01";"2";"10";"0";"2";"1";"1";"1";""
"202100004724";"193Â 335";"A01";"1";"7";"0";"2";"6";"15";"1";""
"202100004725";"193Â 332";"A01";"1";"7";"0";"2";"2";"15";"1";""
"202100004725";"193Â 333";"B01";"1";"2";"0";"2";"1";"1";"1";""
"202100004726";"193Â 330";"B01";"3";"60";"0";"2";"1";"1";"5";""
"202100004726";"193Â 331";"A01";"3";"7";"0";"2";"2";"1";"1";""
"202100004727";"193Â 328";"B01";"2";"7";"0";"0";"4";"1";"1";""
"202100004727";"193Â 329";"A01";"2";"30";"0";"2";"1";"9";"1";""
"202100004728";"193Â 326";"B01";"1";"7";"0";"2";"1";"1";"1";""
"202100004728";"193Â 327";"A01";"1";"7";"0";"2";"3";"20";"1";""
"202100004729";"193Â 324";"B01";"1";"7";"1";"2";"2";"15";"1";""
"202100004729";"193Â 325";"A01";"2";"7";"1";"2";"3";"1";"1";""
"202100004730";"193Â 323";"A01";"2";"7";"0";"1";"3";"1";"1";""
"202100004731";"193Â 322";"A01";"2";"7";"0";"1";"1";"1";"1";""
"202100004732";"193Â 321";"A01";"1";"7";"0";"1";"2";"9";"1";""
"202100004733";"193Â 318";"B01";"2";"7";"0";"2";"4";"2";"1";""
"202100004733";"193Â 319";"A01";"2";"10";"0";"2";"1";"1";"1";""
"202100004733";"193Â 320";"C01";"2";"7";"0";"2";"4";"2";"1";""
"202100004734";"193Â 316";"B01";"1";"33";"0";"2";"1";"17";"1";""
"202100004734";"193Â 317";"A01";"1";"7";"0";"2";"6";"26";"1";""
"202100004735";"193Â 315";"A01";"1";"7";"2";"0";"2";"1";"1";""
"202100004736";"193Â 313";"A01";"0";"7";"0";"2";"1";"2";"1";""
"202100004736";"193Â 314";"B01";"3";"7";"0";"2";"4";"2";"1";""
"202100004737";"193Â 312";"A01";"1";"7";"0";"1";"1";"16";"1";""
"202100004738";"193Â 311";"A01";"2";"14";"0";"1";"1";"1";"1";""
"202100004739";"193Â 309";"B01";"1";"16";"0";"2";"7";"24";"0";""
"202100004739";"193Â 310";"A01";"1";"7";"0";"2";"1";"13";"1";""
"202100004740";"193Â 308";"A01";"0";"7";"0";"1";"1";"15";"1";""
"202100004741";"193Â 306";"B01";"3";"1";"0";"0";"0";"0";"5";""
"202100004741";"193Â 307";"A01";"1";"7";"0";"0";"3";"1";"0";""
"202100004742";"193Â 304";"B01";"1";"10";"7";"0";"5";"9";"0";""
"202100004742";"193Â 305";"C01";"2";"7";"0";"2";"1";"19";"1";""
"202100004743";"193Â 302";"B01";"1";"50";"0";"2";"4";"1";"3";""
"202100004743";"193Â 303";"A01";"1";"10";"0";"9";"1";"1";"1";""
"202100004744";"193Â 301";"A01";"2";"7";"0";"1";"3";"15";"1";""
"202100004745";"193Â 299";"A01";"1";"7";"0";"2";"1";"1";"1";""
"202100004745";"193Â 300";"B01";"3";"7";"0";"2";"6";"20";"1";""
"202100004746";"193Â 298";"A01";"2";"30";"0";"0";"8";"15";"1";""
"202100004747";"193Â 297";"A01";"1";"7";"0";"1";"1";"1";"1";""
"202100004748";"193Â 296";"A01";"0";"40";"0";"1";"2";"1";"3";""
"202100004749";"193Â 292";"C01";"1";"7";"0";"2";"4";"2";"1";""
"202100004749";"193Â 293";"B01";"1";"7";"0";"2";"1";"2";"1";""
"202100004749";"193Â 294";"A01";"1";"7";"0";"2";"4";"2";"1";""
"202100004749";"193Â 295";"D01";"1";"7";"0";"2";"1";"2";"1";""
"202100004750";"193Â 291";"A01";"1";"7";"0";"1";"2";"26";"1";""
"202100004751";"193Â 290";"A01";"1";"7";"0";"1";"2";"26";"2";""
"202100004752";"193Â 288";"B01";"1";"1";"0";"2";"1";"26";"5";""
"202100004752";"193Â 289";"A01";"1";"7";"0";"2";"2";"1";"1";""
"202100004753";"193Â 286";"B01";"3";"30";"0";"2";"4";"23";"1";""
"202100004753";"193Â 287";"A01";"3";"7";"0";"2";"1";"1";"1";""
"202100004754";"193Â 284";"B01";"3";"10";"14";"0";"4";"2";"1";""
"202100004754";"193Â 285";"A01";"3";"7";"0";"2";"1";"1";"1";""
"202100004755";"193Â 282";"A01";"1";"7";"0";"2";"2";"1";"1";""
"202100004755";"193Â 283";"B01";"2";"7";"0";"2";"3";"15";"1";""
"202100004756";"193Â 280";"A01";"3";"7";"0";"2";"1";"9";"1";""
"202100004756";"193Â 281";"B01";"3";"7";"0";"2";"7";"26";"1";""
"202100004757";"193Â 278";"A01";"3";"7";"0";"2";"3";"9";"1";""
"202100004757";"193Â 279";"B01";"3";"50";"0";"2";"8";"19";"3";""
"202100004758";"193Â 276";"A01";"1";"30";"0";"2";"2";"9";"1";""
"202100004758";"193Â 277";"B01";"1";"7";"0";"2";"3";"9";"1";""
"202100004759";"193Â 274";"A01";"3";"7";"0";"2";"2";"17";"1";""
"202100004759";"193Â 275";"B01";"3";"7";"0";"2";"8";"15";"1";""
"202100004760";"193Â 272";"B01";"2";"2";"0";"2";"1";"16";"1";""
"202100004760";"193Â 273";"A01";"1";"7";"0";"2";"1";"15";"1";""
"202100004761";"193Â 271";"A01";"0";"7";"0";"1";"1";"15";"1";""
"202100004762";"193Â 269";"B01";"3";"50";"0";"2";"8";"1";"3";""
"202100004762";"193Â 270";"A01";"1";"7";"0";"1";"1";"1";"1";""
"202100004763";"193Â 268";"A01";"2";"7";"3";"0";"1";"1";"1";""
"202100004764";"193Â 267";"A01";"3";"37";"0";"1";"1";"16";"1";"1"
"202100004765";"193Â 266";"A01";"2";"40";"0";"1";"3";"1";"3";""
"202100004766";"193Â 264";"A01";"1";"7";"0";"2";"1";"1";"1";""
"202100004766";"193Â 265";"B01";"2";"7";"0";"2";"1";"1";"1";""
"202100004767";"193Â 262";"A01";"1";"10";"0";"2";"1";"16";"1";""
"202100004767";"193Â 263";"B01";"2";"7";"0";"2";"1";"23";"1";""
"202100004768";"193Â 260";"A01";"3";"7";"0";"2";"3";"9";"1";""
"202100004768";"193Â 261";"B01";"3";"1";"0";"2";"1";"1";"5";""
"202100004769";"193Â 259";"A01";"1";"7";"0";"1";"1";"1";"1";""
"202100004770";"193Â 257";"A01";"1";"10";"0";"2";"3";"1";"1";""
"202100004770";"193Â 258";"B01";"2";"7";"0";"2";"2";"1";"1";""
"202100004771";"193Â 255";"B01";"2";"7";"0";"2";"4";"1";"0";""
"202100004771";"193Â 256";"A01";"2";"7";"0";"2";"1";"1";"1";""
"202100004772";"193Â 251";"Z01";"2";"7";"0";"0";"0";"0";"0";""
"202100004772";"193Â 252";"C01";"2";"7";"3";"0";"6";"0";"1";""
"202100004772";"193Â 253";"B01";"2";"7";"1";"0";"7";"21";"1";""
"202100004772";"193Â 254";"A01";"2";"7";"3";"0";"3";"13";"1";""
"202100004773";"193Â 249";"B01";"1";"7";"0";"2";"3";"2";"1";""
"202100004773";"193Â 250";"A01";"1";"7";"0";"2";"1";"2";"1";""
"202100004774";"193Â 247";"B01";"2";"7";"0";"1";"3";"23";"1";""
"202100004774";"193Â 248";"A01";"1";"10";"0";"1";"3";"1";"1";""
"202100004775";"193Â 243";"D01";"2";"7";"0";"2";"1";"1";"0";""
"202100004775";"193Â 244";"C01";"2";"7";"0";"2";"4";"1";"1";""
"202100004775";"193Â 245";"B01";"2";"7";"0";"2";"4";"1";"1";""
"202100004775";"193Â 246";"A01";"2";"10";"0";"2";"1";"1";"1";""
"202100004776";"193Â 241";"B01";"2";"7";"0";"2";"1";"16";"1";""
"202100004776";"193Â 242";"A01";"2";"7";"0";"2";"1";"13";"1";""
"202100004777";"193Â 239";"A01";"0";"7";"0";"2";"1";"2";"1";""
"202100004777";"193Â 240";"B01";"0";"7";"0";"2";"4";"2";"1";""
"202100004778";"193Â 238";"A01";"1";"7";"0";"1";"2";"1";"1";""
"202100004779";"193Â 237";"A01";"1";"7";"0";"1";"1";"9";"3";""
"202100004780";"193Â 235";"B01";"0";"60";"0";"2";"1";"1";"5";""
"202100004780";"193Â 236";"A01";"0";"7";"0";"2";"2";"9";"1";""
"202100004781";"193Â 231";"A01";"1";"7";"0";"1";"1";"9";"1";""
"202100004782";"193Â 230";"A01";"1";"7";"0";"0";"0";"26";"1";""
"202100004783";"193Â 228";"B01";"3";"10";"0";"2";"4";"9";"3";""
"202100004783";"193Â 229";"A01";"3";"10";"0";"2";"1";"2";"1";""
"202100004784";"193Â 226";"A01";"3";"7";"2";"2";"1";"1";"1";""
"202100004784";"193Â 227";"B01";"0";"7";"1";"2";"1";"1";"1";""
"202100004785";"193Â 222";"A01";"1";"7";"0";"2";"2";"19";"0";""
"202100004785";"193Â 223";"B01";"1";"7";"0";"2";"1";"1";"1";""
"202100004785";"193Â 224";"C01";"1";"7";"0";"2";"7";"0";"1";""
"202100004786";"193Â 221";"A01";"1";"7";"0";"1";"7";"26";"1";""
"202100004787";"193Â 219";"B01";"1";"7";"4";"0";"1";"26";"1";""
"202100004787";"193Â 220";"A01";"1";"7";"0";"2";"1";"26";"1";""
"202100004788";"193Â 217";"B01";"3";"7";"0";"2";"2";"15";"1";""
"202100004788";"193Â 218";"A01";"3";"7";"0";"2";"1";"1";"1";""
"202100004789";"193Â 216";"A01";"2";"7";"0";"1";"1";"15";"1";""
"202100004790";"193Â 215";"A01";"1";"33";"14";"0";"1";"1";"1";""
"202100004791";"193Â 213";"B01";"2";"10";"0";"2";"2";"15";"1";""
"202100004791";"193Â 214";"A01";"1";"31";"0";"2";"1";"1";"1";""
"202100004792";"193Â 211";"Z01";"0";"7";"0";"0";"0";"0";"0";""
"202100004792";"193Â 212";"A01";"0";"33";"0";"2";"2";"1";"1";""
"202100004793";"193Â 210";"A01";"3";"1";"6";"0";"2";"15";"5";""
"202100004794";"193Â 209";"A01";"1";"7";"8";"0";"1";"1";"1";""
"202100004795";"193Â 207";"B01";"1";"50";"0";"2";"1";"1";"3";""
"202100004795";"193Â 208";"A01";"3";"7";"0";"1";"7";"17";"1";""
"202100004796";"193Â 205";"A01";"1";"7";"0";"2";"1";"15";"1";""
"202100004796";"193Â 206";"B01";"2";"7";"0";"2";"3";"1";"1";""
"202100004797";"193Â 204";"A01";"1";"7";"0";"1";"2";"1";"1";""
"202100004798";"193Â 202";"B01";"2";"2";"0";"2";"1";"15";"1";""
"202100004798";"193Â 203";"A01";"1";"7";"0";"2";"2";"1";"1";""
"202100004799";"193Â 201";"A01";"1";"33";"1";"0";"0";"0";"0";""
"202100004800";"193Â 199";"A01";"0";"30";"0";"2";"3";"7";"1";""
"202100004800";"193Â 200";"B01";"3";"7";"0";"2";"2";"16";"1";""
"202100004801";"193Â 197";"B01";"0";"32";"0";"2";"4";"2";"1";""
"202100004801";"193Â 198";"A01";"0";"7";"0";"2";"2";"2";"3";""
"202100004802";"193Â 196";"A01";"1";"7";"0";"1";"2";"26";"2";""
"202100004803";"193Â 194";"A01";"3";"7";"0";"2";"6";"15";"1";""
"202100004803";"193Â 195";"B01";"3";"31";"0";"2";"1";"13";"1";""
"202100004804";"193Â 193";"A01";"2";"33";"4";"0";"2";"14";"1";""
"202100004805";"193Â 192";"A01";"2";"7";"4";"0";"7";"14";"1";""
"202100004806";"193Â 190";"A01";"1";"7";"0";"2";"1";"15";"1";""
"202100004806";"193Â 191";"B01";"2";"2";"0";"2";"7";"1";"1";""
"202100004807";"193Â 189";"A01";"0";"7";"0";"1";"1";"1";"1";""
"202100004808";"193Â 188";"A01";"3";"50";"0";"1";"1";"1";"3";""
"202100004809";"193Â 186";"A01";"2";"2";"0";"2";"2";"1";"1";""
"202100004809";"193Â 187";"Z01";"2";"7";"0";"2";"4";"10";"0";""
"202100004810";"193Â 185";"A01";"2";"7";"9";"0";"3";"13";"1";""
"202100004811";"193Â 184";"A01";"3";"30";"0";"0";"8";"1";"1";""
"202100004812";"193Â 182";"B01";"2";"7";"0";"2";"0";"16";"1";""
"202100004812";"193Â 183";"A01";"1";"43";"0";"2";"3";"17";"1";""
"202100004813";"193Â 180";"A01";"3";"7";"0";"2";"2";"2";"1";""
"202100004813";"193Â 181";"B01";"3";"7";"0";"2";"4";"2";"1";""
"202100004814";"193Â 178";"A01";"2";"10";"0";"2";"1";"2";"1";""
"202100004814";"193Â 179";"B01";"2";"7";"0";"2";"4";"23";"1";""
"202100004815";"193Â 176";"B01";"1";"1";"0";"2";"8";"15";"0";""
"202100004815";"193Â 177";"A01";"1";"7";"0";"2";"2";"17";"1";""
"202100004816";"193Â 175";"A01";"1";"7";"11";"0";"2";"14";"1";""
"202100004817";"193Â 174";"Z01";"1";"1";"0";"1";"1";"1";"5";""
"202100004818";"193Â 171";"C01";"2";"7";"0";"2";"6";"24";"1";""
"202100004818";"193Â 172";"B01";"3";"33";"0";"2";"2";"17";"1";""
"202100004818";"193Â 173";"A01";"2";"7";"0";"2";"3";"15";"0";""
"202100004819";"193Â 168";"B01";"1";"32";"1";"2";"2";"18";"3";""
"202100004819";"193Â 169";"A01";"3";"10";"0";"2";"6";"24";"1";""
"202100004819";"193Â 170";"C01";"1";"37";"0";"2";"7";"12";"6";"1"
"202100004820";"193Â 166";"A01";"1";"7";"0";"2";"7";"15";"1";""
"202100004820";"193Â 167";"B01";"2";"2";"0";"2";"1";"1";"1";""
"202100004821";"193Â 165";"A01";"2";"30";"0";"1";"4";"21";"3";""
"202100004822";"193Â 163";"A01";"1";"30";"8";"2";"1";"21";"1";""
"202100004822";"193Â 164";"B01";"1";"7";"9";"2";"2";"1";"1";""
"202100004823";"193Â 161";"B01";"1";"32";"0";"2";"1";"1";"1";""
"202100004823";"193Â 162";"A01";"2";"7";"8";"0";"5";"13";"1";""
"202100004824";"193Â 159";"B01";"1";"7";"0";"2";"5";"15";"1";""
"202100004824";"193Â 160";"A01";"2";"34";"0";"2";"1";"1";"1";""
"202100004825";"193Â 157";"B01";"3";"32";"0";"2";"1";"3";"1";""
"202100004825";"193Â 158";"A01";"3";"7";"0";"2";"3";"15";"1";""
"202100004826";"193Â 156";"A01";"2";"7";"0";"1";"1";"1";"2";""
"202100004827";"193Â 154";"B01";"1";"7";"0";"9";"2";"1";"0";""
"202100004827";"193Â 155";"A01";"1";"1";"0";"2";"1";"23";"0";""
"202100004828";"193Â 153";"A01";"2";"7";"0";"1";"3";"15";"1";""
"202100004829";"193Â 151";"A01";"1";"7";"0";"1";"4";"20";"0";""
"202100004830";"193Â 149";"A01";" -1";"7";"0";"9";"3";"15";"1";""
"202100004830";"193Â 150";"B01";" -1";"1";"0";"2";"1";"0";"0";""
"202100004831";"193Â 148";"A01";" -1";"7";"1";"2";"4";"23";"1";""
"202100004832";"193Â 147";"A01";"0";"10";"0";"1";"1";"1";"1";""
"202100004833";"193Â 145";"A01";"2";"7";"0";"0";"0";"16";"1";""
"202100004833";"193Â 146";"B01";"1";"33";"0";"0";"7";"1";"1";""
"202100004834";"193Â 144";"Z01";"1";"14";"0";"1";"3";"1";"0";""
"202100004835";"193Â 143";"A01";"1";"7";"0";"1";"1";"15";"1";""
"202100004836";"193Â 142";"A01";"1";"37";"0";"1";"7";"1";"1";"1"
"202100004837";"193Â 140";"A01";"1";"7";"0";"2";"3";"1";"1";""
"202100004837";"193Â 141";"B01";"1";"50";"0";"2";"1";"1";"3";""
"202100004838";"193Â 138";"A01";"2";"7";"0";"2";"2";"12";"1";""
"202100004838";"193Â 139";"B01";"2";"32";"0";"2";"1";"1";"1";""
"202100004839";"193Â 137";"A01";"2";"7";"6";"0";"1";"1";"1";""
"202100004840";"193Â 136";"A01";"2";"10";"0";"9";"5";"1";"1";""
"202100004841";"193Â 135";"A01";"3";"10";"0";"1";"2";"1";"1";""
"202100004842";"193Â 133";"A01";"1";"7";"9";"2";"1";"1";"1";""
"202100004842";"193Â 134";"B01";"1";"7";"9";"0";"4";"1";"1";""
"202100004843";"193Â 130";"C01";"1";"7";"0";"0";"4";"1";"1";""
"202100004843";"193Â 131";"B01";"1";"7";"0";"2";"6";"2";"1";""
"202100004843";"193Â 132";"A01";"1";"10";"0";"2";"2";"2";"1";""
"202100004844";"193Â 129";"A01";"2";"10";"2";"0";"3";"19";"0";""
"202100004845";"193Â 127";"B01";"2";"7";"13";"0";"3";"1";"1";""
"202100004845";"193Â 128";"A01";"2";"7";"13";"0";"8";"1";"1";""
"202100004846";"193Â 125";"A01";"3";"7";"0";"2";"2";"15";"1";""
"202100004846";"193Â 126";"B01";"1";"2";"0";"2";"1";"1";"1";""
"202100004847";"193Â 124";"A01";"1";"7";"6";"0";"0";"13";"1";""
"202100004848";"193Â 122";"B01";"1";"7";"0";"2";"1";"1";"1";""
"202100004848";"193Â 123";"A01";"2";"7";"0";"2";"9";"13";"1";""
"202100004849";"193Â 121";"A01";"2";"7";"2";"0";"3";"13";"1";""
"202100004850";"193Â 120";"A01";"1";"7";"13";"0";"3";"13";"1";""
"202100004851";"193Â 119";"A01";"2";"7";"7";"0";"1";"1";"1";""
"202100004852";"193Â 116";"A01";"2";"7";"0";"2";"3";"9";"1";""
"202100004852";"193Â 117";"B01";"2";"7";"0";"2";"7";"1";"1";""
"202100004852";"193Â 118";"C01";"1";"7";"0";"2";"2";"1";"1";""
"202100004853";"193Â 115";"A01";"1";"21";"0";"1";"1";"26";"0";""
"202100004854";"193Â 114";"A01";"1";"10";"2";"0";"1";"1";"1";""
"202100004855";"193Â 112";"A01";"1";"10";"0";"2";"4";"4";"1";""
"202100004855";"193Â 113";"B01";"1";"7";"0";"2";"1";"1";"1";""
"202100004856";"193Â 110";"B01";"1";"33";"0";"2";"8";"1";"1";""
"202100004856";"193Â 111";"A01";"3";"7";"0";"2";"1";"19";"1";""
"202100004857";"193Â 108";"A01";"2";"7";"13";"0";"2";"1";"2";""
"202100004857";"193Â 109";"B01";"2";"7";"0";"1";"1";"1";"1";""
"202100004858";"193Â 107";"A01";"2";"7";"2";"0";"8";"1";"1";""
"202100004859";"193Â 106";"A01";"1";"7";"0";"0";"9";"0";"1";""
"202100004860";"193Â 104";"A01";"3";"33";"0";"2";"1";"13";"1";""
"202100004860";"193Â 105";"B01";"3";"7";"0";"2";"3";"1";"1";""
"202100004861";"193Â 103";"A01";"1";"7";"2";"0";"2";"1";"1";""
"202100004862";"193Â 099";"A01";"1";"7";"0";"2";"1";"1";"2";""
"202100004862";"193Â 100";"B01";"2";"7";"0";"2";"3";"15";"1";""
"202100004863";"193Â 097";"A01";"2";"7";"3";"2";"7";"1";"1";""
"202100004863";"193Â 098";"B01";"1";"7";"0";"2";"2";"1";"1";""
"202100004864";"193Â 096";"A01";"1";"7";"2";"0";"1";"0";"1";""
"202100004865";"193Â 095";"A01";"2";"7";"2";"0";"3";"1";"1";""
"202100004866";"193Â 094";"A01";"2";"7";"0";"1";"2";"2";"1";""
"202100004867";"193Â 091";"A01";"1";"7";"0";"2";"5";"1";"1";""
"202100004867";"193Â 092";"B01";"2";"7";"0";"2";"3";"1";"1";""
"202100004868";"193Â 090";"A01";"1";"7";"5";"0";"1";"1";"1";""
"202100004869";"193Â 089";"A01";"3";"7";"13";"0";"1";"1";"1";""
"202100004870";"193Â 087";"A01";"1";"7";"0";"2";"2";"13";"1";""
"202100004870";"193Â 088";"B01";"2";"7";"13";"2";"2";"2";"1";""
"202100004871";"193Â 085";"B01";"2";"7";"0";"2";"1";"0";"0";""
"202100004871";"193Â 086";"A01";"2";"33";"4";"0";"4";"2";"1";""
"202100004872";"193Â 084";"A01";"2";"7";"16";"0";"2";"14";"1";""
"202100004873";"193Â 077";"E01";"1";"7";"0";"0";"0";"1";"2";""
"202100004873";"193Â 078";"G01";"1";"7";"0";"2";"4";"1";"1";""
"202100004873";"193Â 079";"F01";"1";"7";"0";"2";"4";"1";"1";""
"202100004873";"193Â 080";"D01";"1";"7";"0";"2";"1";"1";"1";""
"202100004873";"193Â 081";"C01";"1";"7";"0";"2";"1";"1";"1";""
"202100004873";"193Â 082";"B01";"1";"7";"3";"2";"1";"1";"1";""
"202100004873";"193Â 083";"A01";"1";"7";"0";"2";"5";"1";"1";""
"202100004874";"193Â 076";"A01";"2";"7";"13";"0";"0";"1";"1";""
"202100004875";"193Â 074";"A01";"3";"33";"12";"2";"8";"21";"1";""
"202100004875";"193Â 075";"B01";"3";"7";"0";"2";"3";"21";"1";""
"202100004876";"193Â 072";"A01";"1";"7";"0";"2";"0";"2";"1";""
"202100004876";"193Â 073";"B01";"1";"32";"0";"2";"8";"1";"1";""
"202100004877";"193Â 069";"A01";"2";"7";"0";"2";"1";"1";"1";""
"202100004877";"193Â 070";"B01";"1";"7";"0";"2";"3";"1";"0";""
"202100004878";"193Â 065";"D01";"1";"7";"0";"2";"1";"17";"1";""
"202100004878";"193Â 066";"C01";"2";"7";"0";"2";"1";"26";"1";""
"202100004878";"193Â 067";"B01";"1";"7";"0";"0";"7";"26";"1";""
"202100004878";"193Â 068";"A01";"2";"7";"2";"0";"0";"14";"1";""
"202100004879";"193Â 064";"A01";"1";"7";"0";"1";"2";"20";"1";""
"202100004880";"193Â 063";"A01";"3";"31";"0";"0";"1";"1";"1";""
"202100004881";"193Â 062";"A01";"1";"7";"0";"1";"2";"1";"1";""
"202100004882";"193Â 061";"A01";"2";"7";"2";"0";"1";"26";"6";""
"202100004883";"193Â 060";"A01";"1";"7";"9";"0";"3";"6";"1";""
"202100004884";"193Â 057";"A01";"1";"7";"0";"2";"3";"13";"1";""
"202100004884";"193Â 058";"B01";"2";"7";"0";"2";"8";"1";"1";""
"202100004884";"193Â 059";"C01";"2";"7";"0";"2";"1";"1";"1";""
"202100004885";"193Â 056";"A01";"2";"7";"13";"0";"2";"1";"1";""
"202100004886";"193Â 055";"A01";"1";"7";"0";"1";"1";"2";"1";""
"202100004887";"193Â 054";"A01";"2";"7";"0";"1";"2";"1";"1";""
"202100004888";"193Â 052";"A01";"1";"10";"0";"9";"3";"15";"1";""
"202100004888";"193Â 053";"B01";"2";"2";"0";"2";"1";"1";"1";""
"202100004889";"193Â 051";"A01";"1";"7";"2";"0";"1";"1";"1";""
"202100004890";"193Â 049";"B01";"2";"7";"0";"2";"1";"1";"1";""
"202100004890";"193Â 050";"A01";"1";"7";"0";"2";"1";"5";"1";""
"202100004891";"193Â 047";"B01";"1";"33";"0";"2";"1";"1";"1";""
"202100004891";"193Â 048";"A01";"1";"7";"0";"2";"2";"9";"1";""
"202100004892";"193Â 044";"A01";"3";"7";"0";"2";"1";"2";"1";""
"202100004892";"193Â 045";"B01";"3";"10";"0";"2";"1";"2";"1";""
"202100004892";"193Â 046";"C01";"3";"7";"0";"2";"1";"2";"1";""
"202100004893";"193Â 042";"A01";"2";"7";"1";"0";"1";"1";"1";""
"202100004893";"193Â 043";"B01";"2";"7";"0";"2";"5";"2";"1";""
"202100004894";"193Â 041";"A01";"2";"7";"4";"0";"1";"2";"1";""
"202100004895";"193Â 038";"C01";"1";"7";"0";"2";"4";"2";"1";""
"202100004895";"193Â 039";"B01";"1";"7";"0";"2";"4";"2";"1";""
"202100004895";"193Â 040";"A01";"1";"7";"0";"2";"1";"2";"1";""
"202100004896";"193Â 036";"B01";"2";"7";"0";"2";"6";"11";"1";""
"202100004896";"193Â 037";"A01";"2";"7";"0";"2";"2";"1";"1";""
"202100004897";"193Â 035";"A01";"2";"10";"4";"0";"2";"1";"1";""
"202100004898";"193Â 033";"B01";"1";"7";"0";"2";"4";"23";"1";""
"202100004898";"193Â 034";"A01";"1";"17";"1";"0";"1";"11";"1";""
"202100004899";"193Â 032";"A01";"2";"7";"4";"0";"9";"15";"1";""
"202100004900";"193Â 031";"A01";"1";"7";"4";"0";"3";"13";"1";""
"202100004901";"193Â 030";"A01";"1";"7";"4";"0";"1";"1";"1";""
"202100004902";"193Â 028";"B01";"2";"7";"0";"2";"1";"2";"2";""
"202100004902";"193Â 029";"A01";"2";"7";"4";"2";"2";"2";"1";""
"202100004903";"193Â 026";"A01";"1";"7";"0";"2";"1";"1";"1";""
"202100004903";"193Â 027";"B01";"1";"7";"0";"2";"4";"23";"1";""
"202100004904";"193Â 024";"A01";"1";"7";"0";"2";"1";"1";"1";""
"202100004904";"193Â 025";"B01";"1";"7";"0";"2";"6";"2";"1";""
"202100004905";"193Â 023";"A01";"2";"33";"0";"2";"4";"3";"1";""
"202100004906";"193Â 021";"B01";"2";"7";"0";"2";"4";"1";"1";""
"202100004906";"193Â 022";"A01";"2";"7";"0";"2";"1";"2";"1";""
"202100004907";"193Â 018";"C01";"2";"10";"0";"2";"1";"2";"1";""
"202100004907";"193Â 019";"A01";"2";"7";"0";"2";"4";"23";"1";""
"202100004907";"193Â 020";"B01";"2";"7";"0";"2";"1";"2";"1";""
"202100004908";"193Â 015";"B01";"2";"7";"5";"2";"4";"12";"1";""
"202100004908";"193Â 016";"C01";"1";"7";"4";"2";"1";"12";"1";""
"202100004908";"193Â 017";"A01";"1";"7";"4";"2";"3";"2";"1";""
"202100004909";"193Â 012";"C01";"2";"7";"0";"2";"4";"2";"1";""
"202100004909";"193Â 013";"B01";"2";"33";"0";"2";"4";"2";"1";""
"202100004909";"193Â 014";"A01";"2";"7";"0";"2";"3";"11";"1";""
"202100004910";"193Â 011";"A01";"1";"7";"1";"1";"9";"14";"1";""
"202100004911";"193Â 009";"B01";"2";"50";"0";"4";"3";"19";"3";""
"202100004911";"193Â 010";"A01";"2";"40";"0";"2";"3";"1";"3";""
"202100004912";"193Â 008";"A01";"1";"10";"0";"1";"3";"1";"1";""
"202100004913";"193Â 007";"A01";"1";"7";"0";"1";"4";"4";"1";""
"202100004914";"193Â 005";"Z01";"2";"7";"0";"2";"1";"16";"0";""
"202100004914";"193Â 006";"A01";"2";"50";"0";"2";"8";"1";"3";""
"202100004915";"193Â 003";"B01";"1";"7";"0";"2";"6";"2";"1";""
"202100004915";"193Â 004";"A01";"2";"7";"0";"2";"1";"2";"1";""
"202100004916";"193Â 001";"A01";"2";"1";"0";"2";"7";"1";"5";""
"202100004916";"193Â 002";"B01";"2";"7";"0";"2";"1";"1";"1";""
"202100004917";"193Â 000";"A01";"2";"50";"0";"0";"1";"1";"3";""
"202100004918";"192Â 998";"A01";"2";"7";"0";"2";"3";"10";"3";""
"202100004918";"192Â 999";"B01";"2";"2";"0";"2";"2";"17";"1";""
"202100004919";"192Â 997";"A01";"2";"32";"0";"1";"3";"1";"1";""
"202100004920";"192Â 996";"Z01";"1";"30";"0";"1";"1";"1";"0";""
"202100004921";"192Â 994";"A01";"2";"30";"0";"2";"7";"16";"3";""
"202100004921";"192Â 995";"B01";"2";"33";"0";"2";"1";"1";"1";""
"202100004922";"192Â 992";"A01";"2";"1";"0";"0";"7";"5";"5";""
"202100004922";"192Â 993";"B01";"1";"7";"0";"0";"2";"1";"2";""
"202100004923";"192Â 991";"A01";"2";"7";"0";"1";"3";"1";"2";""
"202100004924";"192Â 990";"A01";"2";"30";"0";"0";"7";"1";"1";""
"202100004925";"192Â 988";"B01";"2";"1";"1";"0";"1";"1";"5";""
"202100004925";"192Â 989";"A01";"2";"10";"1";"0";"2";"22";"1";""
"202100004926";"192Â 987";"A01";"2";"32";"0";"0";"0";"1";"1";""