"Num_Acc";"id_vehicule";"num_veh";"senc";"catv";"obs";"obsm";"choc";"manv";"motor";"occutc"
"202100004927";"192Â 985";"Z01";"3";"7";"0";"0";"0";"11";"0";""
"202100004927";"192Â 986";"A01";"3";"31";"0";"2";"7";"1";"1";""
"202100004928";"192Â 983";"B01";"1";"2";"0";"2";"2";"1";"1";""
"202100004928";"192Â 984";"A01";"1";"7";"0";"2";"3";"26";"1";""
"202100004929";"192Â 981";"A01";"0";"7";"1";"1";"1";"1";"1";""
"202100004929";"192Â 982";"B01";"0";"7";"0";"2";"8";"24";"1";""
"202100004930";"192Â 979";"A01";"3";"7";"0";"2";"1";"1";"1";""
"202100004930";"192Â 980";"B01";"3";"7";"0";"2";"6";"23";"1";""
"202100004931";"192Â 977";"A01";"1";"7";"0";"2";"7";"1";"1";""
"202100004931";"192Â 978";"B01";"1";"13";"0";"2";"8";"13";"1";""
"202100004932";"192Â 976";"A01";"0";"7";"8";"0";"2";"26";"1";""
"202100004933";"192Â 974";"A01";"1";"10";"0";"2";"7";"19";"1";""
"202100004933";"192Â 975";"B01";"1";"7";"0";"2";"2";"1";"1";""
"202100004934";"192Â 973";"A01";"1";"2";"0";"1";"1";"17";"1";""
"202100004935";"192Â 971";"A01";"1";"7";"0";"2";"2";"19";"1";""
"202100004935";"192Â 972";"B01";"1";"10";"0";"2";"1";"1";"1";""
"202100004936";"192Â 969";"A01";"1";"10";"0";"2";"3";"15";"1";""
"202100004936";"192Â 970";"B01";"1";"34";"0";"2";"3";"2";"1";""
"202100004937";"192Â 967";"B01";"1";"99";"0";"2";"3";"1";"0";""
"202100004937";"192Â 968";"A01";"1";"7";"0";"2";"8";"15";"1";""
"202100004938";"192Â 964";"C01";"1";"33";"0";"2";"6";"3";"1";""
"202100004938";"192Â 965";"B01";"1";"7";"0";"0";"0";"0";"0";""
"202100004938";"192Â 966";"A01";"1";"15";"0";"2";"7";"9";"0";""
"202100004939";"192Â 962";"B01";" -1";"7";"0";"2";"2";"17";"1";""
"202100004939";"192Â 963";"A01";" -1";"7";"0";"2";"6";"17";"1";""
"202100004940";"192Â 960";"B01";"3";"7";"14";"0";"1";"2";"0";""
"202100004940";"192Â 961";"XA01";"1";"32";"14";"0";"4";"23";"1";""
"202100004941";"192Â 958";"A01";"2";"7";"0";"2";"5";"15";"2";""
"202100004941";"192Â 959";"B01";"1";"31";"0";"2";"1";"1";"1";""
"202100004942";"192Â 956";"B01";"1";"60";"0";"2";"3";"1";"5";""
"202100004942";"192Â 957";"A01";"1";"7";"0";"2";"2";"16";"1";""
"202100004943";"192Â 954";"A01";"1";"30";"0";"2";"8";"1";"3";""
"202100004943";"192Â 955";"B01";"1";"7";"0";"2";"1";"15";"1";""
"202100004944";"192Â 952";"A01";"3";"1";"0";"2";"0";"0";"0";""
"202100004944";"192Â 953";"B01";"3";"7";"0";"2";"1";"1";"1";""
"202100004945";"192Â 951";"A01";"3";"7";"0";"1";"2";"1";"1";""
"202100004946";"192Â 950";"A01";"1";"14";"0";"1";"2";"5";"1";""
"202100004947";"192Â 948";"A01";"3";"7";"0";"2";"3";"19";"1";""
"202100004947";"192Â 949";"B01";"1";"33";"0";"2";"1";"1";"1";""
"202100004948";"192Â 947";"A01";"3";"7";"0";"1";"1";"1";"1";""
"202100004949";"192Â 945";"A01";"3";"7";"0";"2";"1";"13";"2";""
"202100004949";"192Â 946";"B01";"3";"7";"0";"2";"1";"1";"1";""
"202100004950";"192Â 942";"C01";"1";"7";"0";"2";"1";"1";"1";""
"202100004950";"192Â 943";"B01";"1";"7";"0";"2";"4";"23";"1";""
"202100004950";"192Â 944";"A01";"1";"7";"0";"0";"4";"23";"1";""
"202100004951";"192Â 939";"A01";"2";"15";"4";"2";"3";"6";"1";""
"202100004951";"192Â 940";"B01";"1";"7";"0";"2";"1";"1";"1";""
"202100004951";"192Â 941";"C01";"1";"7";"4";"2";"2";"1";"1";""
"202100004952";"192Â 938";"A01";"3";"2";"13";"0";"1";"0";"1";""
"202100004953";"192Â 937";"A01";"2";"7";"0";"1";"2";"1";"1";""
"202100004954";"192Â 935";"B01";"1";"7";"0";"2";"1";"1";"1";""
"202100004954";"192Â 936";"A01";"1";"1";"0";"2";"4";"15";"5";""
"202100004955";"192Â 933";"A01";"3";"2";"0";"2";"1";"15";"1";""
"202100004955";"192Â 934";"B01";"0";"7";"0";"2";"3";"1";"1";""
"202100004956";"192Â 931";"A01";"2";"7";"0";"2";"2";"1";"1";""
"202100004956";"192Â 932";"D01";"1";"7";"0";" -1";"3";"1";" -1";""
"202100004957";"192Â 930";"A01";"2";"7";"2";"0";"3";"1";"1";""
"202100004958";"192Â 928";"B01";"2";"7";"0";"2";"1";"1";"3";""
"202100004958";"192Â 929";"A01";"1";"7";"0";"2";"1";"13";"1";""
"202100004959";"192Â 924";"B01";"1";"7";"0";"2";"1";"1";"1";""
"202100004959";"192Â 925";"A01";"2";"7";"0";"2";"4";"10";"1";""
"202100004960";"192Â 923";"A01";"2";"7";"13";"0";"2";"1";"1";""
"202100004961";"192Â 921";"A01";"1";"33";"10";"0";"2";"14";"1";""
"202100004962";"192Â 919";"A01";"2";"7";"0";"2";"6";"15";"1";""
"202100004962";"192Â 920";"B01";"2";"7";"0";"2";"2";"1";"1";""
"202100004963";"192Â 917";"B01";"1";"1";"0";"2";"3";"1";"5";""
"202100004963";"192Â 918";"A01";"1";"7";"0";"2";"2";"19";"2";""
"202100004964";"192Â 915";"A01";"2";"7";"1";"0";"2";"14";"1";""
"202100004964";"192Â 916";"B01";"2";"7";"0";"2";"6";"23";"1";""
"202100004965";"192Â 914";"A01";"1";"7";"0";"1";"7";"1";"1";""
"202100004966";"192Â 913";"A01";"1";"7";"6";"0";"1";"1";"2";""
"202100004967";"192Â 911";"B01";"1";"7";"0";"2";"1";"1";"1";""
"202100004967";"192Â 912";"A01";"2";"7";"0";"2";"7";"15";"1";""
"202100004968";"192Â 910";"A01";"1";"7";"6";"0";"1";"1";"1";""
"202100004969";"192Â 907";"B01";"2";"7";"0";"2";"1";"1";"1";""
"202100004969";"192Â 908";"A01";"1";"7";"0";"2";"8";"19";"1";""
"202100004970";"192Â 906";"A01";"1";"7";"13";"0";"2";"0";"1";""
"202100004971";"192Â 902";"B01";"1";"10";"0";"2";"1";"1";"1";""
"202100004971";"192Â 903";"A01";"2";"10";"0";"2";"1";"13";"1";""
"202100004972";"192Â 900";"B01";"1";"2";"0";"2";"8";"1";"1";""
"202100004972";"192Â 901";"A01";"2";"7";"0";"2";"1";"15";"1";""
"202100004973";"192Â 899";"A01";"2";"2";"0";"0";"0";"1";"1";""
"202100004974";"192Â 898";"A01";"2";"17";"3";"0";"2";"1";"1";""
"202100004975";"192Â 897";"A01";"3";"13";"0";"1";"4";"4";"1";""
"202100004976";"192Â 894";"A01";"1";"17";"3";"2";"1";"13";"1";""
"202100004976";"192Â 895";"C01";"2";"7";"0";"2";"1";"26";"1";""
"202100004976";"192Â 896";"B01";"1";"7";"0";"2";"1";"21";"1";""
"202100004977";"192Â 893";"A01";"1";"7";"4";"0";"1";"1";"1";""
"202100004978";"192Â 891";"A01";"1";"2";"0";"2";"7";"19";"1";""
"202100004978";"192Â 892";"B01";"2";"7";"0";"2";"1";"1";"1";""
"202100004979";"192Â 889";"A01";"2";"10";"0";"2";"1";"13";"1";""
"202100004979";"192Â 890";"B01";"1";"7";"0";"2";"1";"1";"1";""
"202100004980";"192Â 887";"B01";"2";"7";"0";"2";"1";"1";"1";""
"202100004980";"192Â 888";"A01";"2";"7";"13";"2";"3";"9";"1";""
"202100004981";"192Â 885";"B01";"0";"13";"0";"0";"4";"23";"1";""
"202100004981";"192Â 886";"A01";"0";"7";"0";"2";"1";"1";"1";""
"202100004982";"192Â 882";"A01";"2";"10";"0";"2";"1";"13";"1";""
"202100004982";"192Â 883";"B01";"1";"3";"0";"2";"3";"1";"1";""
"202100004982";"192Â 884";"C01";"1";"7";"0";"2";"1";"1";"1";""
"202100004983";"192Â 880";"A01";"2";"33";"0";"2";"1";"1";"1";""
"202100004983";"192Â 881";"B01";"2";"7";"0";"2";"1";"15";"0";""
"202100004984";"192Â 879";"A01";"2";"7";"0";"0";"0";"17";"1";""
"202100004985";"192Â 876";"B01";"0";"7";"0";"2";"1";"1";"1";""
"202100004985";"192Â 877";"C01";"3";"10";"0";"2";"3";"1";"1";""
"202100004985";"192Â 878";"A01";"3";"7";"0";"2";"1";"13";"1";""
"202100004986";"192Â 874";"B01";"2";"7";"3";"2";"7";"1";"1";""
"202100004986";"192Â 875";"A01";"1";"7";"0";"2";"3";"16";"1";""
"202100004987";"192Â 873";"A01";"1";"7";"6";"0";"3";"1";"1";""
"202100004988";"192Â 871";"B01";"1";"7";"0";"2";"3";"2";"1";""
"202100004988";"192Â 872";"A01";"1";"7";"3";"0";"3";"2";"1";""
"202100004989";"192Â 870";"A01";"1";"7";"7";"0";"0";"1";"1";""
"202100004990";"192Â 869";"A01";"3";"7";"0";"1";"0";"1";"0";""
"202100004991";"192Â 866";"C01";"1";"7";"0";"2";"2";"1";"1";""
"202100004991";"192Â 867";"B01";"2";"7";"0";"2";"3";"1";"1";""
"202100004991";"192Â 868";"A01";"1";"2";"0";"2";"1";"17";"1";""
"202100004992";"192Â 864";"B01";"2";"2";"0";"2";"1";"1";"1";""
"202100004992";"192Â 865";"A01";"1";"7";"0";"2";"1";"15";"1";""
"202100004993";"192Â 863";"A01";"3";"7";"0";"1";"3";"8";"1";""
"202100004994";"192Â 861";"B01";"2";"7";"0";"0";"1";"1";"1";""
"202100004994";"192Â 862";"A01";"2";"7";"0";"0";"4";"1";"3";""
"202100004995";"192Â 860";"A01";"1";"7";"13";"0";"1";"0";"1";""
"202100004996";"192Â 858";"A01";"1";"7";"0";"2";"3";"2";"1";""
"202100004996";"192Â 859";"B01";"1";"1";"0";"2";"7";"1";"5";""
"202100004997";"192Â 856";"A01";"1";"7";"0";"2";"4";"1";"1";""
"202100004997";"192Â 857";"B01";"1";"7";"0";"2";"1";"2";"1";""
"202100004998";"192Â 854";"C01";"2";"17";"0";"2";"2";"2";"1";""
"202100004998";"192Â 855";"A01";"2";"17";"0";"2";"6";"24";"1";""
"202100004999";"192Â 852";"A01";"2";"10";"3";"2";"1";"2";"1";""
"202100004999";"192Â 853";"B01";"2";"7";"0";"2";"4";"1";"1";""
"202100005000";"192Â 850";"B01";"1";"10";"0";"2";"4";"2";"1";""
"202100005000";"192Â 851";"Z01";"1";"7";"3";"2";"1";"2";"1";""
"202100005001";"192Â 847";"C01";"2";"7";"0";"2";"4";"1";"0";""
"202100005001";"192Â 848";"B01";"2";"7";"0";"2";"5";"1";"0";""
"202100005001";"192Â 849";"A01";"2";"7";"0";"2";"2";"1";"0";""
"202100005002";"192Â 845";"B01";"2";"7";"0";"2";"4";"1";"1";""
"202100005002";"192Â 846";"A01";"2";"7";"0";"2";"1";"13";"1";""
"202100005003";"192Â 843";"A01";"1";"7";"0";"2";"3";"2";"1";""
"202100005003";"192Â 844";"B01";"1";"7";"0";"2";"6";"2";"1";""
"202100005004";"192Â 841";"A01";"1";"7";"0";"2";"5";"12";"1";""
"202100005004";"192Â 842";"B01";"1";"33";"0";"2";"1";"3";"1";""
"202100005005";"192Â 838";"C01";"2";"10";"0";"2";"1";"2";"1";""
"202100005005";"192Â 839";"B01";"2";"17";"0";"2";"2";"2";"1";""
"202100005005";"192Â 840";"A01";"2";"7";"0";"2";"3";"13";"1";""
"202100005006";"192Â 835";"A01";"2";"7";"0";"2";"5";"14";"1";""
"202100005006";"192Â 836";"B01";"2";"33";"0";"2";"1";"2";"1";""
"202100005006";"192Â 837";"C01";"2";"33";"0";"2";"7";"1";"1";""
"202100005007";"192Â 832";"Z01";"2";"7";"0";"2";"0";"26";"0";""
"202100005007";"192Â 833";"A01";"2";"7";"4";"2";"7";"9";"1";""
"202100005007";"192Â 834";"B01";"2";"15";"0";"2";"7";"1";"1";""
"202100005008";"192Â 830";"A01";"1";"7";"0";"2";"6";"11";"1";""
"202100005008";"192Â 831";"B01";"1";"33";"0";"2";"3";"26";"1";""
"202100005009";"192Â 829";"A01";"2";"7";"0";"1";"1";"1";"1";""
"202100005010";"192Â 828";"A01";"2";"7";"4";"0";"3";"13";"1";""
"202100005011";"192Â 825";"C01";"2";"7";"0";"2";"4";"2";"1";""
"202100005011";"192Â 826";"B01";"2";"7";"0";"2";"1";"2";"1";""
"202100005011";"192Â 827";"A01";"2";"10";"0";"2";"1";"1";"1";""
"202100005012";"192Â 823";"A01";"2";"7";"15";"0";"9";"1";"1";""
"202100005012";"192Â 824";"B01";"2";"7";"0";"0";"0";"14";"1";""
"202100005013";"192Â 822";"A01";"2";"7";"3";"0";"1";"1";"1";""
"202100005014";"192Â 821";"A01";"1";"7";"0";"0";"0";"1";"0";""
"202100005015";"192Â 820";"A01";"3";"80";"0";"1";"1";"19";"3";""
"202100005016";"192Â 817";"A01";"1";"7";"0";"1";"1";"26";"1";""
"202100005017";"192Â 816";"A01";"1";"3";"0";"1";"1";"1";"1";""
"202100005018";"192Â 815";"A01";"1";"7";"0";"1";"2";"16";"1";""
"202100005019";"192Â 814";"A01";"1";"7";"0";"1";"2";"1";"1";""
"202100005020";"192Â 812";"A01";"1";"7";"0";"2";"1";"13";"1";""
"202100005020";"192Â 813";"B01";"1";"7";"0";"2";"1";"1";"1";""
"202100005021";"192Â 810";"A01";"1";"7";"0";"4";"3";"1";"1";""
"202100005021";"192Â 811";"B01";"3";"40";"0";"2";"7";"1";"3";""
"202100005022";"192Â 809";"A01";"2";"7";"13";"0";"7";"14";"1";""
"202100005023";"192Â 807";"A01";"3";"7";"0";"2";"7";"1";"2";""
"202100005023";"192Â 808";"B01";"3";"7";"0";"2";"1";"1";"1";""
"202100005024";"192Â 806";"Z01";"3";"33";"9";"1";"9";"26";"0";""
"202100005025";"192Â 804";"A01";"3";"7";"0";"2";"3";"1";"1";""
"202100005025";"192Â 805";"B01";"3";"7";"0";"2";"1";"1";"1";""
"202100005026";"192Â 803";"A01";"1";"30";"0";"1";"1";"12";"1";""
"202100005027";"192Â 801";"A01";"1";"7";"0";"2";"2";"2";"1";""
"202100005027";"192Â 802";"B01";"1";"1";"0";"2";"3";"2";"0";""
"202100005028";"192Â 799";"A01";"1";"1";"0";"2";"3";"26";"5";""
"202100005028";"192Â 800";"B01";"1";"7";"0";"2";"2";"1";"1";""
"202100005029";"192Â 798";"A01";"2";"7";"0";"1";"1";"19";"1";""
"202100005030";"192Â 797";"A01";"2";"3";"0";"1";"2";"23";"1";""
"202100005031";"192Â 796";"A01";"2";"50";"12";"0";"0";"1";"3";""
"202100005032";"192Â 795";"A01";"2";"7";"0";"1";"1";"1";"1";""
"202100005033";"192Â 792";"C01";"2";"7";"0";"2";"5";"1";"1";""
"202100005033";"192Â 793";"B01";"2";"7";"0";"2";"3";"1";"1";""
"202100005033";"192Â 794";"A01";"1";"7";"0";"2";"1";"5";"1";""
"202100005034";"192Â 789";"C01";"1";"7";"0";"2";"1";"1";"1";""
"202100005034";"192Â 790";"B01";"1";"7";"0";"2";"4";"23";"1";""
"202100005034";"192Â 791";"A01";"1";"7";"0";"2";"4";"23";"1";""
"202100005035";"192Â 788";"A01";"1";"7";"0";"2";"1";"21";"1";""
"202100005036";"192Â 785";"A01";"2";"7";"0";"2";"1";"21";"1";""
"202100005036";"192Â 786";"B01";"2";"7";"0";"2";"4";"23";"1";""
"202100005036";"192Â 787";"C01";"2";"7";"0";"2";"1";"26";"0";""
"202100005037";"192Â 784";"A01";"3";"7";"0";"1";"1";"26";"1";""
"202100005038";"192Â 782";"B01";"1";"7";"0";"2";"1";"1";"1";""
"202100005038";"192Â 783";"A01";"1";"7";"0";"2";"3";"23";"1";""
"202100005039";"192Â 780";"A01";"2";"15";"0";"2";"1";"2";"1";""
"202100005039";"192Â 781";"B01";"2";"10";"0";"0";"4";"2";"1";""
"202100005040";"192Â 779";"A01";"3";"7";"0";"1";"1";"1";"1";""
"202100005041";"192Â 776";"C01";"1";"7";"0";"2";"5";"23";"1";""
"202100005041";"192Â 777";"B01";"1";"7";"0";"2";"4";"2";"1";""
"202100005041";"192Â 778";"A01";"1";"7";"0";"2";"1";"1";"1";""
"202100005042";"192Â 772";"B01";"0";"1";"0";"2";"7";"1";"0";""
"202100005042";"192Â 773";"A01";"0";"7";"0";"2";"3";"15";"1";""
"202100005043";"192Â 771";"A01";"0";"7";"0";"0";"1";"1";"1";""
"202100005044";"192Â 769";"A01";"2";"7";"3";"0";"1";"9";"1";""
"202100005044";"192Â 770";"B01";"2";"10";"0";"2";"1";"1";"1";""
"202100005045";"192Â 768";"A01";"3";"7";"0";"1";"2";"1";"1";""
"202100005046";"192Â 766";"A01";"0";"31";"0";"2";"6";"0";"0";""
"202100005046";"192Â 767";"B01";"0";"10";"0";"2";"6";"0";"1";""
"202100005047";"192Â 765";"A01";"0";"7";"0";"1";"1";"20";"1";""
"202100005048";"192Â 759";"A01";"3";"7";"0";"2";"1";"17";"1";""
"202100005048";"192Â 760";"B01";"3";"3";"0";"2";"1";"1";"1";""
"202100005049";"192Â 757";"A01";"2";"50";"0";"2";"3";"15";"3";""
"202100005049";"192Â 758";"B01";"2";"7";"0";"2";"7";"1";"1";""
"202100005050";"192Â 756";"A01";"3";"7";"0";"1";"0";"20";"1";""
"202100005051";"192Â 753";"A01";"2";"7";"0";"2";"3";"7";"1";""
"202100005051";"192Â 754";"C01";"2";"10";"0";"2";"5";"1";"1";""
"202100005051";"192Â 755";"B01";"2";"7";"0";"2";"5";"9";"1";""
"202100005052";"192Â 751";"A01";"1";"7";"0";"2";"1";"26";"1";""
"202100005052";"192Â 752";"B01";"2";"7";"8";"2";"8";"1";"1";""
"202100005053";"192Â 748";"B01";"2";"7";"0";"2";"4";"2";"1";""
"202100005053";"192Â 749";"A01";"2";"7";"0";"2";"1";"2";"1";""
"202100005053";"192Â 750";"C01";"2";"10";"0";"2";"4";"2";"1";""
"202100005054";"192Â 746";"A01";"3";"7";"0";"2";"1";"2";"1";""
"202100005054";"192Â 747";"B01";"3";"7";"0";"2";"4";"2";"1";""
"202100005055";"192Â 744";"B01";"3";"7";"16";"2";"1";"2";"1";""
"202100005055";"192Â 745";"A01";"3";"10";"16";"2";"3";"9";"1";""
"202100005056";"192Â 741";"A01";"1";"7";"0";"2";"1";"1";"1";""
"202100005056";"192Â 742";"B01";"1";"7";"0";"2";"1";"1";"1";""
"202100005056";"192Â 743";"C01";"1";"7";"0";"2";"4";"1";"1";""
"202100005057";"192Â 739";"A01";"1";"37";"0";"2";"4";"1";"1";"2"
"202100005057";"192Â 740";"B01";"0";"33";"0";"2";"4";"23";"1";""
"202100005058";"192Â 737";"A01";"1";"7";"0";"2";"1";"13";"1";""
"202100005058";"192Â 738";"B01";"2";"7";"0";"2";"3";"1";"1";""
"202100005059";"192Â 735";"B01";"1";"7";"0";"2";"7";"15";"1";""
"202100005059";"192Â 736";"A01";"2";"30";"0";"2";"1";"1";"1";""
"202100005060";"192Â 734";"A01";"1";"7";"0";"1";"1";"1";"1";""
"202100005061";"192Â 732";"A01";"1";"7";"0";"9";"3";"1";"1";""
"202100005061";"192Â 733";"B01";"1";"30";"0";"2";"4";"1";"1";""
"202100005062";"192Â 731";"A01";"1";"7";"0";"1";"7";"15";"1";""
"202100005063";"192Â 727";"A01";"1";"7";"5";"0";"1";"1";"1";""
"202100005064";"192Â 726";"A01";"1";"32";"0";"0";"5";"26";"1";""
"202100005065";"192Â 725";"A01";"2";"7";"2";"0";"1";"9";"1";""
"202100005066";"192Â 721";"A01";"3";"7";"0";"2";"2";"17";"1";""
"202100005066";"192Â 722";"B01";"2";"7";"0";"2";"7";"1";"1";""
"202100005067";"192Â 720";"A01";"1";"10";"6";"0";"2";"14";"1";""
"202100005068";"192Â 718";"A01";"0";"10";"0";"2";"2";"1";"1";""
"202100005068";"192Â 719";"B01";"3";"7";"0";"2";"1";"16";"1";""
"202100005069";"192Â 716";"A01";"2";"7";"0";"1";"7";"1";"1";""
"202100005069";"192Â 717";"B01";"2";"7";"0";"0";"0";"2";"1";""
"202100005070";"192Â 714";"B01";"3";"7";"0";"2";"3";"1";"1";""
"202100005070";"192Â 715";"A01";"0";"7";"0";"2";"1";"15";"1";""
"202100005071";"192Â 712";"A01";"1";"10";"0";"2";"1";"1";"1";""
"202100005071";"192Â 713";"B01";"1";"7";"0";"2";"4";"2";"1";""
"202100005072";"192Â 710";"B01";"0";"7";"0";"2";"2";"1";"1";""
"202100005072";"192Â 711";"A01";"0";"80";"0";"2";"1";"5";"3";""
"202100005073";"192Â 709";"A01";"0";"33";"0";"1";"3";"1";"1";""
"202100005074";"192Â 707";"A01";"0";"30";"0";"2";"1";"20";"1";""
"202100005074";"192Â 708";"B01";"1";"32";"0";"2";"3";"1";"1";""
"202100005075";"192Â 705";"B01";"2";"7";"0";"2";"4";"2";"1";""
"202100005075";"192Â 706";"A01";"2";"7";"0";"2";"1";"2";"1";""
"202100005076";"192Â 703";"B01";"2";"33";"0";"2";"1";"1";"1";""
"202100005076";"192Â 704";"A01";"2";"7";"0";"2";"6";"13";"1";""
"202100005077";"192Â 701";"A01";"2";"7";"0";"2";"1";"15";"1";""
"202100005077";"192Â 702";"B01";"1";"2";"0";"2";"1";"1";"1";""
"202100005078";"192Â 700";"A01";"2";"7";"6";"0";"1";"13";"1";""
"202100005079";"192Â 699";"A01";"3";"10";"0";"1";"2";"16";"1";""
"202100005080";"192Â 696";"A01";"0";"30";"0";"0";"3";"15";"3";""
"202100005081";"192Â 694";"A01";"1";"7";"0";"2";"1";"1";"1";""
"202100005081";"192Â 695";"B01";"1";"7";"0";"2";"4";"1";"1";""
"202100005082";"192Â 692";"B01";"3";"7";"0";"2";"6";"1";"1";""
"202100005082";"192Â 693";"A01";"1";"34";"0";"2";"1";"1";"1";""
"202100005083";"192Â 686";"C01";"1";"7";"0";"2";"3";"1";"1";""
"202100005083";"192Â 687";"B01";"1";"7";"0";"2";"8";"1";"1";""
"202100005084";"192Â 685";"A01";"3";"7";"0";"1";"2";"12";"1";""
"202100005085";"192Â 683";"B01";"0";"2";"0";"2";"1";"1";"1";""
"202100005085";"192Â 684";"A01";"0";"10";"0";"2";"2";"15";"1";""
"202100005086";"192Â 682";"A01";"1";"30";"3";"0";"8";"13";"1";""
"202100005087";"192Â 680";"B01";"2";"7";"0";"2";"4";"2";"1";""
"202100005087";"192Â 681";"A01";"2";"7";"0";"2";"2";"2";"1";""
"202100005088";"192Â 678";"B01";"3";"10";"0";"2";"3";"1";"3";""
"202100005088";"192Â 679";"A01";"3";"7";"0";"2";"2";"11";"1";""
"202100005089";"192Â 676";"B01";"1";"50";"0";"2";"0";"1";"3";""
"202100005089";"192Â 677";"A01";"2";"7";"0";"9";"3";"9";"1";""
"202100005090";"192Â 674";"A01";"2";"10";"0";"2";"2";"19";"1";""
"202100005090";"192Â 675";"B01";"1";"2";"0";"2";"1";"1";"1";""
"202100005091";"192Â 672";"A01";"2";"7";"0";"2";"1";"13";"1";""
"202100005091";"192Â 673";"B01";"1";"10";"0";"2";"1";"1";"1";""
"202100005092";"192Â 671";"A01";"1";"10";"0";"1";"1";"15";"1";""
"202100005093";"192Â 669";"B01";"3";"7";"0";"2";"0";"0";"1";""
"202100005093";"192Â 670";"A01";"3";"7";"0";"2";"2";"9";"1";""
"202100005094";"192Â 667";"A01";"2";"7";"0";"2";"1";"2";"1";""
"202100005094";"192Â 668";"B01";"2";"10";"0";"2";"4";"23";"1";""
"202100005095";"192Â 665";"A01";"1";"7";"0";"2";"6";"11";"1";""
"202100005095";"192Â 666";"B01";"1";"32";"0";"2";"1";"3";"1";""
"202100005096";"192Â 664";"A01";"1";"30";"0";"0";"0";"21";"1";""
"202100005097";"192Â 661";"A01";"2";"10";"0";"2";"1";"2";"1";""
"202100005097";"192Â 662";"B01";"2";"10";"0";"2";"4";"23";"1";""
"202100005097";"192Â 663";"C01";"2";"7";"0";"2";"4";"23";"1";""
"202100005098";"192Â 660";"A01";"1";"30";"0";"1";"1";"1";"1";""
"202100005099";"192Â 658";"A01";"2";"10";"0";"2";"3";"22";"1";""
"202100005099";"192Â 659";"B01";"2";"1";"0";"2";"1";"1";"5";""
"202100005100";"192Â 657";"Z01";"1";"1";"0";"1";"0";"5";"5";""
"202100005101";"192Â 655";"A01";"3";"10";"0";"2";"2";"22";"1";""
"202100005101";"192Â 656";"B01";"1";"1";"0";"2";"0";"1";"5";""
"202100005102";"192Â 653";"B01";"2";"34";"0";"2";"2";"1";"1";""
"202100005102";"192Â 654";"A01";"2";"10";"0";"2";"3";"9";"1";""
"202100005103";"192Â 652";"A01";"2";"7";"0";"1";"2";"15";"1";""
"202100005104";"192Â 650";"A01";"1";"32";"0";"2";"1";"1";"1";""
"202100005104";"192Â 651";"B01";"3";"50";"0";"2";"0";"1";"3";""
"202100005105";"192Â 648";"A01";"1";"7";"0";"2";"2";"15";"1";""
"202100005105";"192Â 649";"B01";"2";"30";"0";"2";"1";"1";"1";""
"202100005106";"192Â 647";"A01";"1";"7";"0";"1";"2";"1";"2";""
"202100005107";"192Â 645";"A01";"1";"7";"0";"2";"4";"23";"1";""
"202100005107";"192Â 646";"B01";"1";"7";"0";"2";"1";"1";"1";""
"202100005108";"192Â 643";"A01";"1";"1";"0";"2";"1";"1";"5";""
"202100005108";"192Â 644";"B01";"2";"7";"0";"9";"1";"15";"1";""
"202100005109";"192Â 641";"A01";"3";"31";"0";"2";"7";"1";"1";""
"202100005109";"192Â 642";"B01";"3";"7";"0";"2";"3";"2";"1";""
"202100005110";"192Â 640";"A01";"2";"1";"8";"1";"1";"1";"5";""
"202100005111";"192Â 639";"A01";"3";"7";"1";"0";"0";"1";"1";""
"202100005112";"192Â 636";"B01";"1";"33";"0";"0";"1";"1";"1";""
"202100005112";"192Â 637";"A01";"1";"7";"8";"2";"1";"15";"1";""
"202100005113";"192Â 635";"A01";"3";"7";"0";"1";"3";"1";"1";""
"202100005114";"192Â 634";"A01";"3";"10";"0";"1";"1";"9";"1";""
"202100005115";"192Â 632";"A01";"1";"7";"0";"2";"8";"9";"0";""
"202100005115";"192Â 633";"B01";"1";"50";"0";"2";"1";"19";"3";""
"202100005116";"192Â 631";"A01";"2";"7";"0";"1";"1";"16";"1";""
"202100005117";"192Â 629";"B01";"3";"10";"0";"2";"3";"26";"1";""
"202100005117";"192Â 630";"A01";"3";"7";"0";"2";"1";"13";"1";""
"202100005118";"192Â 628";"A01";"2";"34";"0";"2";"7";"16";"1";""
"202100005119";"192Â 627";"A01";"1";"7";"0";"1";"3";"19";"2";""
"202100005120";"192Â 626";"A01";"3";"7";"0";"9";"3";"13";"1";""
"202100005121";"192Â 624";"A01";"1";"7";"0";"2";"5";"15";"1";""
"202100005121";"192Â 625";"B01";"1";"33";"0";"2";"0";"17";"1";""
"202100005122";"192Â 623";"A01";" -1";"7";"0";"1";"1";"16";"2";""
"202100005123";"192Â 622";"A01";"3";"37";"0";"1";"2";"26";"2";"1"
"202100005124";"192Â 620";"A01";"2";"50";"1";"2";"1";"2";"3";""
"202100005124";"192Â 621";"B01";"0";"7";"0";"2";"0";"0";"0";""
"202100005125";"192Â 618";"A01";"1";"7";"0";"2";"1";"1";"3";""
"202100005125";"192Â 619";"Y01";"3";"60";"0";"2";"8";"19";"5";""
"202100005126";"192Â 616";"B01";"2";"7";"1";"2";"3";"15";"3";""
"202100005126";"192Â 617";"A01";"2";"30";"1";"2";"7";"26";"1";""
"202100005127";"192Â 615";"A01";"3";"14";"9";"1";"2";"20";"1";""
"202100005128";"192Â 613";"Y01";"0";"0";"0";"2";"0";"0";" -1";""