"Num_Acc";"id_vehicule";"num_veh";"senc";"catv";"obs";"obsm";"choc";"manv";"motor";"occutc"
"202100005128";"192Â 614";"A01";"1";"32";"1";"0";"1";"2";"1";""
"202100005129";"192Â 609";"B01";"3";"1";"1";"0";"1";"1";"5";""
"202100005129";"192Â 610";"A01";"3";"7";"0";"2";"7";"24";"1";""
"202100005130";"192Â 607";"A01";"3";"3";"0";"9";"8";"24";"1";""
"202100005130";"192Â 608";"B01";"3";"1";"1";"0";"1";"1";"5";""
"202100005131";"192Â 605";"A01";"3";"7";"0";"2";"3";"1";"1";""
"202100005131";"192Â 606";"B01";"3";"2";"0";"2";"0";"0";"1";""
"202100005132";"192Â 604";"A01";"2";"3";"0";"1";"2";"16";"1";""
"202100005133";"192Â 601";"B01";"1";"15";"0";"2";"4";"2";"0";""
"202100005133";"192Â 602";"A01";"1";"7";"0";"2";"1";"2";"1";""
"202100005134";"192Â 599";"B01";"0";"7";"0";"2";"1";"1";"3";""
"202100005134";"192Â 600";"A01";"1";"7";"0";"2";"7";"1";"1";""
"202100005135";"192Â 598";"A01";"2";"7";"0";"1";"3";"1";"1";""
"202100005136";"192Â 596";"A01";"1";"7";"0";"2";"6";"4";"1";""
"202100005136";"192Â 597";"B01";"1";"33";"0";"2";"1";"17";"1";""
"202100005137";"192Â 595";"A01";"1";"7";"0";"1";"2";"2";"1";""
"202100005138";"192Â 594";"A01";"1";"7";"2";"0";"1";"13";"1";""
"202100005139";"192Â 591";"A01";"2";"7";"0";"2";"1";"2";"1";""
"202100005139";"192Â 592";"B01";"2";"7";"0";"2";"4";"1";"1";""
"202100005139";"192Â 593";"C01";"2";"10";"0";"2";"4";"1";"1";""
"202100005140";"192Â 589";"B01";"2";"15";"0";"0";"4";"0";"0";""
"202100005140";"192Â 590";"A01";"2";"7";"3";"2";"1";"17";"1";""
"202100005141";"192Â 587";"A01";"1";"33";"0";"2";"1";"2";"1";""
"202100005141";"192Â 588";"B01";"1";"7";"0";"2";"4";"2";"1";""
"202100005142";"192Â 585";"B01";"1";"7";"0";"2";"3";"1";"1";""
"202100005142";"192Â 586";"A01";"1";"7";"0";"2";"2";"15";"1";""
"202100005143";"192Â 584";"A01";"3";"7";"0";"1";"1";"1";"1";""
"202100005144";"192Â 582";"B01";"1";"10";"0";"2";"3";"16";"1";""
"202100005144";"192Â 583";"A01";"1";"2";"0";"2";"3";"17";"1";""
"202100005145";"192Â 577";"A01";"1";"33";"0";"2";"1";"18";"1";""
"202100005145";"192Â 578";"B01";"1";"7";"0";"2";"5";"1";"1";""
"202100005145";"192Â 579";"C01";"1";"7";"3";"2";"1";"1";"1";""
"202100005146";"192Â 575";"B01";"1";"7";"0";"2";"1";"1";"2";""
"202100005146";"192Â 576";"A01";"2";"7";"0";"2";"1";"13";"3";""
"202100005147";"192Â 572";"C01";"1";"7";"0";"2";"1";"1";"1";""
"202100005147";"192Â 573";"B01";"2";"7";"0";"2";"1";"2";"1";""
"202100005147";"192Â 574";"A01";"1";"7";"0";"2";"7";"15";"1";""
"202100005148";"192Â 570";"A01";"3";"7";"0";"2";"6";"10";"1";""
"202100005148";"192Â 571";"B01";"3";"33";"0";"2";"1";"2";"1";""
"202100005149";"192Â 569";"A01";"2";"7";"0";"1";"2";"1";"1";""
"202100005150";"192Â 568";"A01";"1";"7";"7";"0";"1";"13";"1";""
"202100005151";"192Â 567";"A01";"2";"7";"13";"0";"1";"1";"1";""
"202100005152";"192Â 566";"A01";"1";"7";"0";"0";"1";"0";"1";""
"202100005153";"192Â 564";"B01";"1";"7";"0";"0";"6";"23";"1";""
"202100005153";"192Â 565";"A01";"1";"7";"1";"1";"5";"2";"1";""
"202100005154";"192Â 563";"A01";"2";"7";"3";"0";"1";"26";"1";""
"202100005155";"192Â 561";"B01";"1";"2";"0";"2";"1";"2";"1";""
"202100005155";"192Â 562";"A01";"1";"10";"0";"0";"5";"2";"1";""
"202100005156";"192Â 560";"A01";"3";"10";"0";"1";"2";"1";"1";""
"202100005157";"192Â 558";"B01";"0";"7";"0";"2";"7";"0";"1";""
"202100005157";"192Â 559";"A01";"0";"2";"0";"2";"7";"17";"1";""
"202100005158";"192Â 557";"A01";"3";"10";"0";"1";"3";"1";"1";""
"202100005159";"192Â 555";"B01";"2";"2";"0";"2";"1";"1";"1";""
"202100005159";"192Â 556";"A01";"1";"10";"0";"2";"2";"15";"1";""
"202100005160";"192Â 553";"B01";"2";"99";"0";"2";"1";"1";"1";""
"202100005160";"192Â 554";"A01";"1";"7";"0";"2";"2";"1";"1";""
"202100005161";"192Â 551";"A01";"2";"10";"0";"2";"3";"13";"1";""
"202100005161";"192Â 552";"B01";"1";"7";"0";"2";"3";"13";"1";""
"202100005162";"192Â 549";"A01";"2";"7";"13";"0";"8";"15";"1";""
"202100005163";"192Â 548";"A01";"1";"7";"11";"0";"1";"26";"1";""
"202100005164";"192Â 547";"A01";"2";"15";"6";"0";"3";"1";"1";""
"202100005165";"192Â 545";"A01";"2";"10";"0";"2";"1";"2";"1";""
"202100005165";"192Â 546";"B01";"2";"17";"0";"2";"4";"2";"1";""
"202100005166";"192Â 543";"A01";"2";"7";"0";"2";"1";"2";"1";""
"202100005166";"192Â 544";"B01";"2";"7";"0";"0";"4";"2";"2";""
"202100005167";"192Â 542";"A01";"2";"7";"0";"1";"1";"1";"1";""
"202100005168";"192Â 541";"A01";"2";"0";"0";"1";"7";"1";"0";""
"202100005169";"192Â 538";"A01";"1";"7";"0";"2";"3";"2";"1";""
"202100005169";"192Â 539";"B01";"1";"7";"0";"2";"1";"2";"1";""
"202100005169";"192Â 540";"C01";"1";"17";"0";"0";"4";"2";"1";""
"202100005170";"192Â 537";"A01";"3";"7";"0";"1";"1";"1";"1";""
"202100005171";"192Â 535";"B01";"2";"17";"0";"2";"1";"1";"1";""
"202100005171";"192Â 536";"A01";"1";"7";"0";"2";"1";"1";"1";""
"202100005172";"192Â 533";"A01";"1";"10";"0";"2";"1";"19";"1";""
"202100005172";"192Â 534";"B01";"2";"7";"0";"0";"7";"1";"1";""
"202100005173";"192Â 532";"A01";"1";"7";"13";"0";"1";"21";"1";""
"202100005174";"192Â 531";"A01";"2";"0";"0";"1";"0";"2";"0";""
"202100005175";"192Â 530";"A01";"2";"7";"10";"0";"1";"14";"1";""
"202100005176";"192Â 528";"A01";"1";"7";"0";"0";"6";"9";"1";""
"202100005176";"192Â 529";"B01";"1";"31";"0";"2";"1";"1";"1";""
"202100005177";"192Â 527";"A01";"1";"7";"6";"0";"1";"1";"1";""
"202100005178";"192Â 525";"A01";"1";"7";"0";"2";"3";"13";"1";""
"202100005178";"192Â 526";"B01";"2";"7";"0";"2";"3";"1";"1";""
"202100005179";"192Â 524";"A01";"0";"7";"2";"0";"1";"1";"1";""
"202100005180";"192Â 523";"A01";"1";"7";"0";"1";"2";"1";"1";""
"202100005181";"192Â 520";"A01";"2";"7";"0";"2";"3";"13";"1";""
"202100005181";"192Â 521";"B01";"1";"7";"0";"2";"3";"1";"1";""
"202100005181";"192Â 522";"C01";"1";"7";"0";"2";"8";"1";"1";""
"202100005182";"192Â 517";"C01";"1";"7";"0";"2";"8";"1";"1";""
"202100005182";"192Â 518";"B01";"1";"7";"0";"2";"8";"1";"1";""
"202100005182";"192Â 519";"A01";"1";"10";"0";"2";"1";"1";"1";""
"202100005183";"192Â 514";"A01";"1";"7";"0";"2";"4";"0";"1";""
"202100005183";"192Â 515";"B01";"1";"7";"0";"2";"4";"0";"1";""
"202100005183";"192Â 516";"C01";"1";"10";"0";"2";"1";"0";"1";""
"202100005184";"192Â 511";"A01";"2";"7";"0";"2";"4";"2";"1";""
"202100005184";"192Â 512";"B01";"2";"7";"0";"2";"4";"2";"1";""
"202100005184";"192Â 513";"C01";"2";"7";"0";"2";"1";"2";"1";""
"202100005185";"192Â 508";"A01";"2";"7";"0";"2";"4";"1";"1";""
"202100005185";"192Â 509";"B01";"2";"7";"0";"2";"1";"1";"1";""
"202100005185";"192Â 510";"C01";"1";"13";"0";"2";"1";"2";"1";""
"202100005186";"192Â 506";"B01";"1";"7";"0";"2";"1";"2";"1";""
"202100005186";"192Â 507";"A01";"1";"7";"0";"2";"4";"2";"1";""
"202100005187";"192Â 504";"A01";"1";"7";"0";"2";"4";"2";"1";""
"202100005187";"192Â 505";"B01";"1";"10";"0";"2";"1";"2";"1";""
"202100005188";"192Â 503";"A01";"1";"7";"4";"0";"8";"12";"1";""
"202100005189";"192Â 502";"A01";"2";"7";"2";"0";"1";"0";"1";""
"202100005190";"192Â 500";"B01";"1";"17";"1";"0";"2";"1";"1";""
"202100005190";"192Â 501";"A01";"1";"7";"1";"2";"8";"24";"1";""
"202100005191";"192Â 498";"B01";"2";"7";"0";"2";"1";"1";"1";""
"202100005191";"192Â 499";"A01";"1";"7";"0";"2";"7";"15";"2";""
"202100005192";"192Â 496";"A01";"2";"7";"0";"2";"1";"2";"1";""
"202100005192";"192Â 497";"B01";"2";"7";"0";"2";"4";"2";"1";""
"202100005193";"192Â 494";"B01";"1";"7";"0";"2";"4";"2";"1";""
"202100005193";"192Â 495";"A01";"1";"7";"0";"2";"0";"2";"1";""
"202100005194";"192Â 492";"A01";"2";"14";"0";"2";"2";"1";"1";""
"202100005194";"192Â 493";"B01";"2";"7";"0";"2";"8";"11";"1";""
"202100005195";"192Â 489";"C01";"1";"7";"0";"2";"4";"2";"1";""
"202100005195";"192Â 490";"B01";"1";"7";"0";"2";"1";"2";"2";""
"202100005195";"192Â 491";"A01";"1";"10";"0";"2";"1";"2";"1";""
"202100005196";"192Â 486";"C01";"1";"7";"0";"2";"4";"2";"1";""
"202100005196";"192Â 487";"A01";"1";"13";"0";"2";"0";"2";"1";""
"202100005196";"192Â 488";"B01";"1";"7";"0";"2";"0";"2";"1";""
"202100005197";"192Â 483";"C01";"1";"7";"0";"2";"4";"2";"1";""
"202100005197";"192Â 484";"B01";"1";"7";"0";"2";"4";"2";"1";""
"202100005197";"192Â 485";"A01";"1";"7";"0";"2";"1";"2";"1";""
"202100005198";"192Â 481";"B01";"2";"33";"0";"2";"1";"3";"1";""
"202100005198";"192Â 482";"A01";"2";"7";"0";"2";"2";"11";"1";""
"202100005199";"192Â 479";"A01";"2";"7";"0";"2";"5";"23";"1";""
"202100005199";"192Â 480";"B01";"2";"7";"14";"2";"3";"26";"1";""
"202100005200";"192Â 477";"B01";"2";"7";"4";"2";"7";"3";"1";""
"202100005200";"192Â 478";"A01";"2";"7";"0";"2";"6";"11";"1";""
"202100005201";"192Â 474";"C01";"2";"10";"0";"2";"6";"1";"1";""
"202100005201";"192Â 475";"B01";"2";"7";"0";"2";"2";"14";"1";""
"202100005201";"192Â 476";"A01";"2";"32";"0";"2";"1";"3";"1";""
"202100005202";"192Â 472";"A01";"2";"7";"0";"2";"1";"1";"1";""
"202100005202";"192Â 473";"B01";"2";"7";"0";"2";"4";"1";"1";""
"202100005203";"192Â 471";"A01";"1";"7";"0";"0";"4";"26";"1";""
"202100005204";"192Â 469";"A01";"3";"7";"1";"0";"3";"26";"1";""
"202100005204";"192Â 470";"B01";"3";"7";"0";"2";"1";"1";"1";""
"202100005205";"192Â 468";"A01";"2";"7";"0";"1";"2";"2";"1";""
"202100005206";"192Â 467";"A01";"2";"37";"0";"1";"3";"26";"2";"1"
"202100005207";"192Â 466";"A01";"1";"7";"0";"1";"2";"1";"1";""
"202100005208";"192Â 465";"A01";"0";"7";"0";"1";"3";"15";"1";""
"202100005209";"192Â 464";"Z01";"3";"7";"0";"1";"0";"0";"1";""
"202100005210";"192Â 463";"A01";"2";"30";"0";"0";"3";"15";"1";""
"202100005211";"192Â 462";"A01";"2";"30";"0";"0";"0";"13";"1";""
"202100005212";"192Â 460";"A01";"1";"30";"0";"2";"1";"9";"1";""
"202100005212";"192Â 461";"B01";"2";"7";"0";"2";"7";"1";"1";""
"202100005213";"192Â 458";"A01";"1";"7";"0";"2";"1";"2";"1";""
"202100005213";"192Â 459";"B01";"2";"7";"0";"2";"4";"2";"1";""
"202100005214";"192Â 456";"B01";"2";"7";"0";"2";"1";"1";"1";""
"202100005214";"192Â 457";"A01";"1";"30";"0";"2";"1";"13";"1";""
"202100005215";"192Â 453";"A01";"1";"7";"0";"1";"2";"1";"1";""
"202100005216";"192Â 451";"B01";"3";"30";"0";"2";"2";"13";"1";""
"202100005216";"192Â 452";"A01";"3";"7";"0";"2";"6";"2";"1";""
"202100005217";"192Â 450";"A01";"1";"37";"0";"1";"7";"1";"1";"1"
"202100005218";"192Â 449";"A01";"1";"7";"0";"1";"1";"15";"1";""
"202100005219";"192Â 447";"B01";"2";"31";"0";"2";"3";"3";"1";""
"202100005219";"192Â 448";"A01";"2";"7";"0";"2";"5";"12";"1";""
"202100005220";"192Â 446";"A01";"1";"10";"0";"0";"1";"14";"1";""
"202100005221";"192Â 445";"A01";"0";"37";"0";"0";"0";"0";"0";"1"
"202100005222";"192Â 444";"A01";"0";"99";"0";"0";"0";"0";"3";""
"202100005223";"192Â 442";"B01";"2";"33";"0";"2";"1";"1";"1";""
"202100005223";"192Â 443";"A01";"1";"7";"0";"2";"1";"15";"1";""
"202100005224";"192Â 441";"A01";"3";"33";"14";"0";"1";"17";"1";""
"202100005225";"192Â 439";"B01";"2";"7";"0";"2";"1";"12";"1";""
"202100005225";"192Â 440";"A01";"2";"7";"0";"2";"4";"1";"1";""
"202100005226";"192Â 438";"A01";"2";"7";"1";"0";"1";"14";"1";""
"202100005227";"192Â 437";"A01";"3";"32";"12";"0";"1";"0";"1";""
"202100005228";"192Â 436";"A01";"2";"7";"4";"0";"3";"1";"1";""
"202100005229";"192Â 434";"A01";"1";"10";"0";"2";"1";"0";"1";""
"202100005229";"192Â 435";"B01";"1";"34";"0";"2";"8";"0";"1";""
"202100005230";"192Â 432";"B01";"1";"31";"0";"2";"8";"1";"1";""
"202100005230";"192Â 433";"A01";"2";"7";"0";"2";"3";"15";"1";""
"202100005231";"192Â 430";"A01";"1";"7";"0";"2";"3";"19";"1";""
"202100005231";"192Â 431";"B01";"1";"99";"0";"0";"0";"0";"0";""
"202100005232";"192Â 428";"A01";"1";"10";"0";"2";"3";"13";"1";""
"202100005232";"192Â 429";"B01";"2";"7";"0";"2";"1";"1";"1";""
"202100005233";"192Â 427";"A01";"1";"10";"0";"1";"2";"16";"1";""
"202100005234";"192Â 426";"A01";"3";"7";"0";"1";"2";"1";"1";""
"202100005235";"192Â 424";"A01";"1";"7";"6";"2";"8";"1";"1";""
"202100005235";"192Â 425";"B01";"1";"10";"0";"2";"0";"13";"1";""
"202100005236";"192Â 422";"B01";"1";"32";"0";"9";"0";"0";"1";""
"202100005236";"192Â 423";"A01";"1";"7";"0";"9";"0";"26";"1";""
"202100005237";"192Â 419";"A01";"2";"7";"0";"2";"1";"1";"1";""
"202100005237";"192Â 420";"B01";"2";"7";"0";"2";"3";"1";"1";""
"202100005238";"192Â 417";"A01";"1";"7";"0";"2";"7";"1";"1";""
"202100005238";"192Â 418";"B01";"1";"2";"0";"2";"1";"1";"1";""
"202100005239";"192Â 416";"A01";"1";"7";"0";"1";"5";"1";"1";""
"202100005240";"192Â 414";"A01";"2";"7";"0";"2";"6";"10";"1";""
"202100005240";"192Â 415";"B01";"2";"37";"0";"2";"2";"1";"1";"1"
"202100005241";"192Â 412";"A01";"1";"7";"0";"2";"3";"1";"1";""
"202100005241";"192Â 413";"B01";"2";"7";"0";"2";"2";"1";"1";""
"202100005242";"192Â 411";"A01";"1";"7";"0";"1";"0";"1";"1";""
"202100005243";"192Â 410";"Z01";"3";"0";"1";"1";"0";"0";"0";""
"202100005244";"192Â 409";"A01";"3";"7";"0";"1";"1";"1";"1";""
"202100005245";"192Â 407";"B01";"3";"7";"0";"2";"4";"1";"1";""
"202100005245";"192Â 408";"A01";"3";"2";"0";"2";"1";"2";"1";""
"202100005246";"192Â 406";"A01";"3";"7";"0";"1";"1";"1";"1";""
"202100005247";"192Â 404";"A01";"1";"10";"0";"2";"7";"15";"1";""
"202100005247";"192Â 405";"B01";"2";"33";"0";"2";"1";"1";"1";""
"202100005248";"192Â 402";"A01";"1";"7";"0";"9";"3";"1";"1";""
"202100005248";"192Â 403";"B01";"1";"1";"0";"2";"6";"15";"5";""
"202100005249";"192Â 401";"A01";"1";"10";"0";"1";"2";"1";"1";""
"202100005250";"192Â 400";"A01";"1";"7";"0";"1";"2";"2";"1";""
"202100005251";"192Â 399";"A01";"0";"7";"9";"0";"1";"1";"1";""
"202100005252";"192Â 396";"A01";"3";"7";"0";"2";"1";"2";"1";""
"202100005252";"192Â 397";"B01";"3";"7";"0";"2";"4";"2";"1";""
"202100005252";"192Â 398";"C01";"3";"7";"0";"2";"4";"1";"1";""
"202100005253";"192Â 394";"A01";"2";"33";"0";"2";"1";"1";"1";""
"202100005253";"192Â 395";"B01";"2";"7";"0";"2";"4";"1";"1";""
"202100005254";"192Â 391";"A01";"2";"7";"0";"2";"1";"13";"1";""
"202100005254";"192Â 392";"B01";"1";"7";"0";"2";"3";"1";"1";""
"202100005255";"192Â 388";"B01";"1";"10";"0";"2";"5";"15";"1";""
"202100005255";"192Â 389";"A01";"2";"33";"0";"2";"1";"1";"1";""
"202100005256";"192Â 384";"B01";"3";"7";"13";"2";"2";"26";"1";""
"202100005256";"192Â 385";"A01";"3";"7";"13";"2";"1";"26";"1";""
"202100005257";"192Â 383";"A01";"0";"31";"0";"0";"0";"14";"1";""
"202100005258";"192Â 382";"A01";"1";"7";"0";"9";"1";"1";"1";""
"202100005259";"192Â 381";"Z01";"3";"3";"0";"1";"1";"1";"0";""
"202100005260";"192Â 379";"A01";"3";"50";"0";"2";"1";"1";"3";""
"202100005260";"192Â 380";"B01";"3";"7";"0";"2";"2";"1";"1";""
"202100005261";"192Â 377";"B01";"2";"7";"0";"2";"1";"1";"1";""
"202100005261";"192Â 378";"A01";"2";"7";"0";"2";"1";"15";"1";""
"202100005262";"192Â 376";"A01";"3";"32";"8";"0";"1";"1";"1";""
"202100005263";"192Â 375";"A01";"3";"7";"0";"1";"1";"17";"1";""
"202100005264";"192Â 374";"A01";"1";"7";"0";"1";"3";"9";"1";""
"202100005265";"192Â 372";"B01";"1";"7";"0";"2";"5";"2";"1";""
"202100005265";"192Â 373";"A01";"1";"7";"0";"2";"2";"2";"1";""
"202100005266";"192Â 371";"A01";"1";"7";"0";"1";"1";"1";"3";""
"202100005267";"192Â 370";"A01";"1";"7";"0";"1";"2";"1";"1";""
"202100005268";"192Â 368";"B01";"2";"2";"0";"2";"7";"1";"1";""
"202100005268";"192Â 369";"A01";"1";"10";"0";"2";"3";"9";"1";""
"202100005269";"192Â 367";"A01";"1";"7";"9";"0";"1";"13";"1";""
"202100005270";"192Â 365";"B01";"2";"7";"0";"2";"1";"1";"1";""
"202100005270";"192Â 366";"A01";"2";"7";"0";"2";"1";"9";"1";""
"202100005271";"192Â 363";"A01";"2";"7";"0";"2";"1";"9";"1";""
"202100005271";"192Â 364";"B01";"1";"7";"0";"1";"2";"1";"1";""
"202100005272";"192Â 362";"A01";"1";"7";"0";"1";"1";"1";"1";""
"202100005273";"192Â 361";"Z01";"2";"7";"0";"1";"1";"1";"1";""
"202100005274";"192Â 359";"B01";"1";"7";"0";"2";"2";"1";"1";""
"202100005274";"192Â 360";"A01";"2";"30";"0";"2";"1";"16";"1";""
"202100005275";"192Â 357";"B01";"1";"7";"0";"2";"4";"2";"1";""
"202100005275";"192Â 358";"A01";"1";"10";"0";"2";"1";"2";"1";""
"202100005276";"192Â 355";"A01";"1";"7";"0";"2";"1";"2";"1";""
"202100005276";"192Â 356";"B01";"1";"7";"0";"2";"4";"2";"1";""
"202100005277";"192Â 353";"B01";"3";"33";"0";"2";"7";"1";"1";""
"202100005277";"192Â 354";"A01";"3";"10";"0";"2";"2";"15";"1";""
"202100005278";"192Â 351";"A01";"1";"7";"0";"2";"1";"5";"1";""
"202100005278";"192Â 352";"B01";"2";"7";"0";"2";"1";"1";"1";""
"202100005279";"192Â 349";"A01";"2";"7";"0";"2";"1";"5";"1";""
"202100005279";"192Â 350";"B01";"1";"2";"0";"2";"1";"1";"0";""
"202100005280";"192Â 347";"B01";"1";"1";"0";"2";"1";"1";"0";""
"202100005280";"192Â 348";"A01";"1";"7";"0";"2";"1";"11";"1";""
"202100005281";"192Â 345";"A01";"1";"7";"0";"2";"4";"2";"1";""
"202100005281";"192Â 346";"B01";"1";"7";"0";"2";"1";"2";"1";""
"202100005282";"192Â 343";"A01";"3";"7";"0";"2";"1";"1";"3";""
"202100005282";"192Â 344";"B01";"3";"7";"0";"2";"6";"0";"1";""
"202100005283";"192Â 342";"A01";"1";"7";"0";"1";"2";"13";"1";""
"202100005284";"192Â 341";"Z01";"2";"7";"0";"1";"0";"26";"0";""
"202100005285";"192Â 339";"B01";"2";"50";"0";"2";"1";"19";"3";""
"202100005285";"192Â 340";"A01";"2";"7";"0";"9";"2";"15";"1";""
"202100005286";"192Â 338";"A01";"3";"7";"0";"1";"3";"15";"1";""
"202100005287";"192Â 336";"A01";"3";"15";"0";"2";"1";"1";"1";""
"202100005287";"192Â 337";"B01";"3";"7";"0";"2";"1";"11";"1";""
"202100005288";"192Â 333";"A01";"1";"7";"0";"1";"5";"1";"1";""
"202100005289";"192Â 331";"B01";"2";"10";"0";"2";"1";"1";"1";""
"202100005289";"192Â 332";"A01";"1";"7";"0";"2";"8";"9";"1";""
"202100005290";"192Â 330";"A01";"2";"7";"0";"1";"3";"1";"1";""
"202100005291";"192Â 328";"A01";"2";"7";"0";"2";"1";"13";"1";""
"202100005291";"192Â 329";"B01";"1";"7";"0";"2";"2";"1";"1";""
"202100005292";"192Â 327";"A01";"1";"7";"15";"2";"1";"5";"1";""
"202100005293";"192Â 325";"B01";"1";"7";"0";"2";"3";"1";"1";""
"202100005293";"192Â 326";"A01";"2";"7";"0";"2";"2";"19";"1";""
"202100005294";"192Â 324";"A01";"0";"7";"0";"1";"8";"15";"1";""
"202100005295";"192Â 322";"B01";"2";"7";"0";"9";"7";"16";"1";""
"202100005295";"192Â 323";"A01";"2";"2";"0";"2";"1";"7";"1";""
"202100005296";"192Â 321";"A01";"1";"7";"0";"1";"3";"1";"1";""
"202100005297";"192Â 319";"A01";"1";"7";"0";"2";"8";"26";"1";""
"202100005297";"192Â 320";"B01";"1";"7";"0";"2";"1";"26";"1";""
"202100005298";"192Â 318";"A01";"1";"7";"0";"1";"1";"1";"1";""
"202100005299";"192Â 317";"A01";"1";"7";"8";"0";"9";"21";"1";""
"202100005300";"192Â 316";"A01";"2";"32";"0";"0";"0";"15";"1";""
"202100005301";"192Â 314";"A01";"1";"7";"0";"9";"3";"9";"1";""
"202100005301";"192Â 315";"B01";"1";"1";"0";"2";"2";"1";"5";""
"202100005302";"192Â 312";"B01";"2";"33";"0";"2";"7";"1";"1";""
"202100005302";"192Â 313";"A01";"1";"7";"0";"2";"5";"15";"1";""
"202100005303";"192Â 309";"A01";"1";"3";"0";"2";"1";"13";"1";""
"202100005303";"192Â 310";"B01";"2";"7";"0";"2";"1";"1";"1";""
"202100005303";"192Â 311";"C01";"2";"7";"0";"2";"8";"1";"1";""
"202100005304";"192Â 307";"B01";"1";"2";"0";"2";"1";"1";"1";""
"202100005304";"192Â 308";"A01";"1";"7";"0";"2";"3";"19";"1";""
"202100005305";"192Â 305";"Z01";"1";"7";"0";"2";"8";"5";"1";""
"202100005305";"192Â 306";"B01";"1";"7";"0";"2";"1";"1";"1";""
"202100005306";"192Â 303";"A01";"1";"7";"0";"2";"3";"16";"1";""
"202100005306";"192Â 304";"B01";"1";"32";"0";"2";"1";"1";"1";""
"202100005307";"192Â 301";"A01";"1";"15";"1";"0";"1";"14";"1";""
"202100005307";"192Â 302";"B01";"1";"7";"0";"2";"8";"23";"1";""
"202100005308";"192Â 300";"A01";"3";"7";"1";"0";"1";"0";"1";""
"202100005309";"192Â 299";"A01";"3";"7";"15";"0";"2";"14";"1";""
"202100005310";"192Â 298";"A01";"3";"1";"14";"0";"1";"1";"5";""
"202100005311";"192Â 296";"A01";"3";"7";"0";"2";"2";"15";"1";""
"202100005311";"192Â 297";"B01";"3";"2";"0";"2";"1";"1";"1";""
"202100005312";"192Â 294";"B01";"2";"2";"0";"2";"4";"2";"1";""
"202100005312";"192Â 295";"A01";"2";"7";"0";"2";"1";"2";"1";""
"202100005313";"192Â 292";"B01";"3";"2";"0";"2";"1";"1";"1";""
"202100005313";"192Â 293";"A01";"3";"7";"0";"2";"7";"15";"1";""
"202100005314";"192Â 290";"B01";"1";"33";"0";"2";"8";"1";"1";""
"202100005314";"192Â 291";"A01";"2";"7";"0";"2";"3";"15";"1";""
"202100005315";"192Â 288";"A01";"3";"7";"0";"2";"1";"1";"1";""
"202100005315";"192Â 289";"B01";"0";"7";"0";"2";"5";"1";"1";""
"202100005316";"192Â 287";"A01";"0";"37";"0";"1";"2";"16";"1";"1"
"202100005317";"192Â 285";"A01";"1";"7";"0";"2";"1";"2";"1";""
"202100005317";"192Â 286";"B01";"1";"7";"0";"1";"1";"1";"1";""
"202100005318";"192Â 283";"A01";"3";"7";"0";"2";"5";"20";"1";""
"202100005318";"192Â 284";"B01";"2";"1";"0";"2";"5";"1";"5";""
"202100005319";"192Â 281";"B01";"2";"1";"0";"2";"2";"15";"5";""
"202100005319";"192Â 282";"A01";"1";"7";"0";"2";"1";"2";"1";""
"202100005320";"192Â 279";"A01";"2";"10";"0";"2";"1";"1";"1";""
"202100005320";"192Â 280";"B01";"3";"38";"0";"0";"4";"2";"1";"1"
"202100005321";"192Â 276";"C01";"1";"7";"0";"2";"4";"1";"1";""
"202100005321";"192Â 277";"B01";"1";"7";"0";"2";"4";"1";"1";""
"202100005321";"192Â 278";"A01";"1";"37";"0";"2";"1";"1";"1";"1"
"202100005322";"192Â 275";"A01";"3";"7";"0";"1";"1";"26";"1";""
"202100005323";"192Â 273";"A01";"1";"7";"0";"2";"8";"2";"1";""
"202100005323";"192Â 274";"B01";"2";"31";"0";"2";"8";"17";"1";""
"202100005324";"192Â 272";"A01";"1";"3";"0";"1";"1";"1";"3";""
"202100005325";"192Â 270";"B01";"2";"80";"0";"2";"7";"1";"3";""
"202100005325";"192Â 271";"A01";"2";"7";"0";"2";"1";"9";"1";""
"202100005326";"192Â 269";"A01";"1";"30";"8";"0";"1";"26";"1";""
"202100005327";"192Â 267";"A01";"2";"7";"0";"2";"5";"15";"1";""
"202100005327";"192Â 268";"B01";"1";"1";"0";"2";"0";"0";"0";""
"202100005328";"192Â 266";"A01";"1";"7";"17";"0";"1";"13";"1";""
"202100005329";"192Â 264";"A01";"3";"7";"0";"2";"3";"17";"1";""
"202100005329";"192Â 265";"B01";"3";"17";"0";"2";"6";"1";"1";""
"202100005330";"192Â 262";"B01";"2";"7";"0";"2";"3";"1";"1";""
"202100005330";"192Â 263";"A01";"1";"7";"0";"2";"3";"13";"1";""
"202100005331";"192Â 261";"A01";"2";"31";"4";"0";"1";"13";"1";""
"202100005332";"192Â 259";"A01";"1";"7";"0";"2";"2";"15";"1";""
"202100005332";"192Â 260";"B01";"2";"33";"0";"2";"1";"1";"1";""
"202100005333";"192Â 257";"B01";"0";"30";"0";"2";"2";"1";"3";""
"202100005333";"192Â 258";"A01";"0";"7";"0";"2";"4";"4";"1";""
"202100005334";"192Â 256";"A01";"0";"30";"0";"0";"2";"1";"1";""
"202100005335";"192Â 255";"A01";"0";"1";"12";"0";"1";"1";"5";""
"202100005336";"192Â 254";"A01";"0";"33";"0";"0";"2";"1";"1";""
"202100005337";"192Â 253";"A01";"0";"7";"8";"0";"2";"16";"1";""
"202100005338";"192Â 249";"A01";"1";"7";"0";"2";"2";"13";"1";""
"202100005338";"192Â 250";"B01";"2";"7";"0";"2";"1";"1";"1";""