"Num_Acc";"id_vehicule";"num_veh";"senc";"catv";"obs";"obsm";"choc";"manv";"motor";"occutc"
"202100005339";"192Â 247";"B01";"2";"7";"0";"2";"7";"1";"1";""
"202100005339";"192Â 248";"A01";"2";"7";"0";"2";"1";"9";"1";""
"202100005340";"192Â 245";"A01";"1";"7";"0";"1";"3";"1";"1";""
"202100005340";"192Â 246";"B01";"2";"7";"0";"1";"3";"1";"2";""
"202100005341";"192Â 243";"A01";"2";"50";"0";"2";"1";"21";"3";""
"202100005341";"192Â 244";"B01";"2";"13";"0";"2";"5";"16";"1";""
"202100005342";"192Â 239";"B01";"3";"30";"0";"2";"1";"17";"1";""
"202100005342";"192Â 240";"A01";"3";"7";"0";"2";"1";"15";"1";""
"202100005343";"192Â 237";"B01";"0";"2";"0";"2";"1";"1";"1";""
"202100005343";"192Â 238";"A01";"0";"7";"0";"2";"2";"11";"1";""
"202100005344";"192Â 235";"B01";"1";"2";"0";"2";"7";"1";"1";""
"202100005344";"192Â 236";"A01";"1";"7";"0";"2";"8";"13";"1";""
"202100005345";"192Â 233";"B01";"3";"7";"0";"2";"3";"1";"1";""
"202100005345";"192Â 234";"A01";"3";"7";"0";"2";"2";"19";"1";""
"202100005346";"192Â 231";"A01";"1";"7";"0";"2";"8";"10";"1";""
"202100005346";"192Â 232";"B01";"1";"43";"0";"2";"1";"1";"1";""
"202100005347";"192Â 229";"A01";"0";"7";"0";"2";"2";"20";"1";""
"202100005347";"192Â 230";"B01";"0";"7";"0";"2";"2";"1";"1";""
"202100005348";"192Â 226";"A01";"2";"30";"0";"2";"1";"17";"1";""
"202100005348";"192Â 227";"C01";"1";"7";"0";"0";"3";"1";"1";""
"202100005348";"192Â 228";"B01";"0";"7";"0";"0";"3";"0";"1";""
"202100005349";"192Â 225";"Z01";"1";"7";"0";"1";"1";"26";"0";""
"202100005350";"192Â 224";"A01";"1";"7";"6";"0";"3";"1";"1";""
"202100005351";"192Â 222";"B01";"3";"7";"8";"2";"1";"1";"1";""
"202100005351";"192Â 223";"Z01";"3";"7";"0";"2";"3";"19";"1";""
"202100005352";"192Â 220";"B01";"1";"31";"0";"2";"1";"0";"1";""
"202100005352";"192Â 221";"A01";"1";"7";"0";"2";"4";"23";"1";""
"202100005353";"192Â 218";"B01";"3";"7";"0";"2";"4";"1";"1";""
"202100005353";"192Â 219";"A01";"3";"33";"0";"2";"1";"1";"1";""
"202100005354";"192Â 217";"Z01";"1";"0";"0";"1";"3";"1";"0";""
"202100005355";"192Â 215";"B01";"3";"50";"0";"2";"0";"5";"3";""
"202100005355";"192Â 216";"Z01";"3";"7";"0";"9";"0";"1";"1";""
"202100005356";"192Â 211";"A01";"3";"15";"0";"2";"1";"2";"1";""
"202100005356";"192Â 212";"B01";"3";"7";"0";"2";"4";"2";"1";""
"202100005356";"192Â 213";"C01";"3";"7";"0";"2";"4";"2";"1";""
"202100005356";"192Â 214";"D01";"3";"7";"0";"2";"4";"2";"1";""
"202100005357";"192Â 209";"A01";"2";"80";"0";"2";"1";"17";"3";""
"202100005357";"192Â 210";"B01";"1";"7";"0";"2";"3";"15";"1";""
"202100005358";"192Â 207";"B01";"3";"7";"1";"2";"3";"16";"1";""
"202100005358";"192Â 208";"A01";"3";"2";"0";"2";"1";"1";"1";""
"202100005359";"192Â 205";"A01";"3";"80";"0";"2";"7";"15";"3";""
"202100005359";"192Â 206";"Z01";"3";"7";"0";"2";"0";"15";"0";""
"202100005360";"192Â 204";"A01";"0";"7";"2";"0";"1";"13";"1";""
"202100005361";"192Â 202";"A01";"1";"10";"0";"2";"1";"1";"1";""
"202100005361";"192Â 203";"B01";"3";"10";"0";"2";"7";"15";"0";""
"202100005362";"192Â 200";"A01";"3";"50";"0";"0";"7";"2";"3";""
"202100005362";"192Â 201";"B01";"1";"1";"0";"0";"6";"2";"5";""
"202100005363";"192Â 199";"A01";"1";"7";"0";"1";"0";"1";"1";""
"202100005364";"192Â 197";"B01";"1";"7";"0";"0";"0";"0";"1";""
"202100005364";"192Â 198";"A01";"0";"2";"0";"2";"1";"2";"1";""
"202100005365";"192Â 195";"B01";"1";"34";"1";"2";"1";"1";"1";""
"202100005365";"192Â 196";"A01";"3";"13";"0";"2";"4";"4";"1";""
"202100005366";"192Â 194";"A01";"1";"7";"0";"1";"1";"15";"1";""
"202100005367";"192Â 192";"A01";"3";"7";"0";"2";"1";"1";"1";""
"202100005367";"192Â 193";"B01";"3";"80";"0";"2";"7";"1";"5";""
"202100005368";"192Â 188";"D01";"2";"7";"0";"2";"0";"15";"1";""
"202100005368";"192Â 189";"C01";"1";"10";"0";"2";"3";"1";"1";""
"202100005368";"192Â 190";"B01";"2";"7";"0";"2";"6";"23";"1";""
"202100005368";"192Â 191";"A01";"2";"7";"0";"2";"2";"21";"1";""
"202100005369";"192Â 187";"A01";"1";"7";"0";"1";"1";"0";"1";""
"202100005370";"192Â 186";"A01";"2";"10";"0";"1";"3";"15";"1";""
"202100005371";"192Â 185";"A01";"2";"7";"0";"1";"1";"1";"2";""
"202100005372";"192Â 184";"A01";"2";"7";"0";"1";"7";"1";"1";""
"202100005373";"192Â 182";"B01";"1";"32";"0";"2";"1";"1";"1";""
"202100005373";"192Â 183";"A01";"1";"1";"0";"2";"8";"1";"5";""
"202100005374";"192Â 180";"A01";"1";"30";"0";"2";"1";"2";"1";""
"202100005374";"192Â 181";"B01";"1";"7";"0";"2";"4";"23";"2";""
"202100005375";"192Â 179";"A01";"1";"30";"0";"1";"2";"15";"1";""
"202100005376";"192Â 178";"A01";"1";"30";"0";"0";"8";"1";"1";""
"202100005377";"192Â 177";"A01";"1";"32";"0";"0";"8";"1";"1";""
"202100005378";"192Â 176";"A01";"1";"30";"0";"0";"2";"1";"1";""
"202100005379";"192Â 174";"A01";"2";"30";"0";"2";"7";"1";"1";""
"202100005379";"192Â 175";"B01";"1";"7";"0";"2";"1";"1";"1";""
"202100005380";"192Â 173";"A01";"1";"50";"0";"1";"8";"1";"3";""
"202100005381";"192Â 171";"A01";"1";"7";"0";"2";"5";"16";"1";""
"202100005381";"192Â 172";"B01";"2";"50";"0";"2";"1";"1";"3";""
"202100005382";"192Â 170";"A01";"2";"10";"0";"1";"2";"5";"1";""
"202100005383";"192Â 168";"A01";"1";"1";"0";"2";"1";"17";"5";""
"202100005383";"192Â 169";"B01";"1";"80";"0";"2";"6";"1";"3";""
"202100005384";"192Â 167";"A01";"1";"32";"0";"1";"8";"1";"1";""
"202100005385";"192Â 165";"B01";"2";"33";"0";"2";"1";"1";"1";""
"202100005385";"192Â 166";"A01";"1";"7";"0";"2";"6";"15";"1";""
"202100005386";"192Â 163";"B01";"2";"33";"0";"2";"1";"5";"1";""
"202100005386";"192Â 164";"A01";"2";"7";"0";"2";"8";"10";"1";""
"202100005387";"192Â 162";"A01";"1";"31";"0";"0";"7";"1";"1";""
"202100005388";"192Â 161";"A01";"1";"7";"0";"1";"2";"1";"1";""
"202100005389";"192Â 159";"B01";"1";"7";"0";"2";"5";"1";"1";""
"202100005389";"192Â 160";"A01";"1";"34";"0";"2";"2";"9";"1";""
"202100005390";"192Â 156";"A01";"2";"10";"0";"1";"1";"16";"0";""
"202100005391";"192Â 155";"A01";"2";"7";"0";"1";"3";"2";"1";""
"202100005392";"192Â 153";"A01";"1";"7";"0";"2";"7";"0";"0";""
"202100005392";"192Â 154";"B01";"2";"32";"0";"2";"1";"0";"0";""
"202100005393";"192Â 152";"A01";"0";"10";"0";"1";"3";"15";"1";""
"202100005394";"192Â 151";"A01";"1";"10";"0";"1";"2";"1";"1";""
"202100005395";"192Â 149";"B01";" -1";"7";"2";"0";"4";"23";"1";""
"202100005395";"192Â 150";"A01";" -1";"3";"0";"2";"1";"1";"1";""
"202100005396";"192Â 148";"A01";"0";"34";"0";"0";"1";"17";"1";""
"202100005397";"192Â 146";"B01";"2";"33";"0";"2";"1";"1";"1";""
"202100005397";"192Â 147";"A01";"2";"7";"0";"2";"6";"15";"1";""
"202100005398";"192Â 145";"A01";"2";"7";"0";"1";"8";"22";"1";""
"202100005399";"192Â 143";"A01";"1";"33";"12";"2";"1";"5";"1";""
"202100005399";"192Â 144";"B01";"1";"10";"0";"0";"3";"1";"1";""
"202100005400";"192Â 141";"B01";"2";"2";"0";"2";"3";"1";"1";""
"202100005400";"192Â 142";"A01";"1";"10";"0";"2";"3";"13";"1";""
"202100005401";"192Â 139";"B01";"2";"10";"0";"2";"8";"1";"1";""
"202100005401";"192Â 140";"A01";"2";"30";"0";"2";"7";"1";"1";""
"202100005402";"192Â 137";"B01";"1";"30";"0";"0";"0";"0";"1";""
"202100005402";"192Â 138";"A01";"1";"50";"0";"2";"1";"1";"3";""
"202100005403";"192Â 136";"A01";"1";"32";"0";"0";"0";"1";"1";""
"202100005404";"192Â 134";"A01";"1";"2";"0";"2";"7";"9";"1";""
"202100005404";"192Â 135";"B01";"3";"7";"0";"2";"2";"9";"1";""
"202100005405";"192Â 133";"A01";"3";"7";"13";"0";"2";"2";"1";""
"202100005406";"192Â 132";"A01";"1";"7";"0";"1";"1";"1";"1";""
"202100005407";"192Â 130";"B01";"2";"14";"0";"0";"4";"1";"1";""
"202100005407";"192Â 131";"A01";"2";"10";"0";"2";"1";"2";"1";""
"202100005408";"192Â 129";"A01";"2";"7";"0";"0";"3";"16";"1";""
"202100005409";"192Â 127";"B01";"2";"2";"0";"2";"7";"1";"1";""
"202100005409";"192Â 128";"A01";"3";"7";"0";"2";"2";"19";"1";""
"202100005410";"192Â 125";"A01";"2";"7";"2";"0";"2";"0";"1";""
"202100005411";"192Â 121";"A01";"2";"7";"0";"2";"4";"2";"1";""
"202100005411";"192Â 122";"B01";"2";"7";"0";"2";"1";"2";"1";""
"202100005412";"192Â 120";"A01";"1";"7";"2";"0";"3";"1";"1";""
"202100005413";"192Â 118";"B01";"2";"7";"0";"2";"1";"1";"1";""
"202100005413";"192Â 119";"A01";"1";"7";"7";"2";"9";"13";"1";""
"202100005414";"192Â 116";"B01";"1";"15";"13";"2";"3";"1";"1";""
"202100005414";"192Â 117";"A01";"2";"7";"13";"2";"3";"13";"1";""
"202100005415";"192Â 115";"A01";"1";"7";"9";"0";"2";"1";"1";""
"202100005416";"192Â 113";"A01";"2";"7";"0";"9";"8";"9";"1";""
"202100005416";"192Â 114";"B01";"2";"80";"0";"2";"1";"26";"3";""
"202100005417";"192Â 112";"A01";"1";"7";"2";"0";"7";"14";"1";""
"202100005418";"192Â 111";"A01";"2";"10";"0";"1";"2";"23";"1";""
"202100005419";"192Â 110";"A01";"2";"7";"0";"0";"1";"1";"1";""
"202100005420";"192Â 108";"B01";"2";"7";"0";"2";"3";"1";"1";""
"202100005420";"192Â 109";"A01";"1";"7";"0";"2";"3";"11";"1";""
"202100005421";"192Â 106";"B01";"0";"7";"0";"2";"1";"0";"1";""
"202100005421";"192Â 107";"A01";"0";"7";"0";"2";"1";"0";"1";""
"202100005422";"192Â 104";"A01";"2";"3";"6";"0";"3";"1";"1";""
"202100005423";"192Â 102";"A01";"0";"7";"0";"2";"2";"13";"1";""
"202100005423";"192Â 103";"B01";"0";"7";"0";"2";"1";"1";"1";""
"202100005424";"192Â 101";"A01";"1";"7";"13";"0";"1";"1";"1";""
"202100005425";"192Â 100";"A01";"1";"33";"10";"0";"2";"1";"1";""
"202100005426";"192Â 098";"B01";"1";"7";"0";"9";"3";"1";"1";""
"202100005426";"192Â 099";"A01";"2";"2";"0";"2";"1";"0";"1";""
"202100005427";"192Â 095";"C01";"2";"7";"0";"2";"1";"1";"1";""
"202100005427";"192Â 096";"B01";"2";"7";"14";"2";"1";"1";"1";""
"202100005427";"192Â 097";"A01";"2";"7";"0";"2";"4";"1";"1";""
"202100005428";"192Â 091";"A01";"1";"7";"7";"2";"1";"17";"1";""
"202100005428";"192Â 092";"B01";"2";"7";"0";"2";"1";"1";"1";""
"202100005428";"192Â 093";"C01";"1";"15";"0";"0";"8";"2";"1";""
"202100005429";"192Â 090";"A01";"2";"10";"10";"0";"1";"1";"1";""
"202100005430";"192Â 088";"B01";"2";"7";"0";"2";"6";"1";"1";""
"202100005430";"192Â 089";"A01";"1";"7";"0";"2";"3";"13";"1";""
"202100005431";"192Â 087";"A01";"2";"7";"2";"0";"7";"13";"1";""
"202100005432";"192Â 086";"A01";"2";"3";"0";"1";"1";"1";"1";""
"202100005433";"192Â 085";"A01";"1";"7";"0";"1";"1";"1";"1";""
"202100005434";"192Â 084";"A01";"2";"7";"13";"0";"1";"14";"1";""
"202100005435";"192Â 082";"B01";"2";"7";"0";"2";"3";"1";"1";""
"202100005435";"192Â 083";"A01";"1";"32";"0";"2";"1";"0";"1";""
"202100005436";"192Â 080";"A01";"2";"15";"0";"2";"1";"13";"1";""
"202100005436";"192Â 081";"B01";"1";"10";"0";"2";"1";"1";"1";""
"202100005437";"192Â 078";"A01";"1";"7";"0";"2";"1";"13";"1";""
"202100005437";"192Â 079";"B01";"2";"7";"0";"2";"1";"13";"1";""
"202100005438";"192Â 076";"A01";"1";"10";"0";"2";"1";"1";"1";""
"202100005438";"192Â 077";"B01";"2";"7";"0";"2";"1";"1";"1";""
"202100005439";"192Â 073";"A01";"0";"20";"12";"0";"0";"1";"1";""
"202100005440";"192Â 071";"A01";"2";"7";"0";"2";"2";"15";"1";""
"202100005440";"192Â 072";"B01";"2";"50";"0";"2";"1";"17";"3";""
"202100005441";"192Â 069";"B01";"1";"15";"0";"0";"6";"24";"1";""
"202100005441";"192Â 070";"A01";"1";"15";"1";"0";"2";"1";"1";""
"202100005442";"192Â 067";"A01";"2";"14";"0";"2";"5";"10";"1";""
"202100005442";"192Â 068";"B01";"1";"38";"0";"2";"1";"21";"1";"11"
"202100005443";"192Â 065";"A01";"2";"7";"0";"2";"8";"2";"1";""
"202100005443";"192Â 066";"B01";"2";"15";"0";"2";"2";"17";"1";""
"202100005444";"192Â 061";"D01";"1";"7";"0";"2";"1";"2";"1";""
"202100005444";"192Â 062";"C01";"1";"7";"0";"2";"2";"2";"1";""
"202100005444";"192Â 063";"B01";"1";"7";"0";"2";"4";"2";"1";""
"202100005444";"192Â 064";"A01";"1";"7";"0";"2";"5";"2";"1";""
"202100005445";"192Â 060";"A01";"1";"7";"0";"1";"1";"1";"1";""
"202100005446";"192Â 059";"A01";"2";"7";"16";"0";"0";"1";"0";""
"202100005447";"192Â 058";"A01";"1";"7";"0";"0";"1";"0";"1";""
"202100005448";"192Â 056";"A01";"1";"33";"9";"2";"7";"1";"1";""
"202100005448";"192Â 057";"B01";"1";"7";"0";"2";"8";"17";"1";""
"202100005449";"192Â 054";"A01";"0";"7";"0";"2";"7";"0";"1";""
"202100005449";"192Â 055";"B01";"0";"7";"0";"2";"1";"1";"1";""
"202100005450";"192Â 052";"A01";"1";"7";"0";"2";"6";"15";"1";""
"202100005450";"192Â 053";"B01";"2";"33";"0";"2";"1";"1";"1";""
"202100005451";"192Â 050";"B01";"2";"7";"0";"2";"1";"1";"1";""
"202100005451";"192Â 051";"A01";"1";"7";"0";"2";"1";"13";"1";""
"202100005452";"192Â 046";"D01";"0";"7";"0";"2";"4";"1";"1";""
"202100005452";"192Â 047";"C01";"0";"7";"0";"2";"1";"1";"1";""
"202100005452";"192Â 048";"B01";"0";"7";"0";"2";"1";"1";"1";""
"202100005452";"192Â 049";"A01";"0";"7";"0";"2";"1";"1";"1";""
"202100005453";"192Â 042";"A01";"1";"7";"0";"2";"1";"5";"1";""
"202100005453";"192Â 043";"B01";"2";"15";"0";"2";"3";"1";"1";""
"202100005454";"192Â 040";"A01";"1";"2";"0";"2";"0";"0";"1";""
"202100005454";"192Â 041";"B01";"1";"10";"0";"2";"1";"1";"1";""
"202100005455";"192Â 039";"A01";"3";"7";"15";"0";"1";"13";"1";""
"202100005456";"192Â 037";"A01";"2";"7";"0";"2";"1";"15";"1";""
"202100005456";"192Â 038";"B01";"1";"7";"0";"2";"1";"1";"1";""
"202100005457";"192Â 036";"A01";"3";"7";"0";"1";"2";"1";"1";""
"202100005458";"192Â 034";"A01";"3";"1";"0";"2";"1";"25";"5";""
"202100005458";"192Â 035";"B01";"0";"10";"0";"2";"2";"1";"1";""
"202100005459";"192Â 032";"A01";"2";"7";"0";"2";"3";"9";"1";""
"202100005459";"192Â 033";"B01";"1";"10";"0";"2";"1";"1";"1";""
"202100005460";"192Â 029";"C01";"1";"10";"0";"2";"4";"2";"1";""
"202100005460";"192Â 030";"B01";"1";"7";"0";"2";"4";"2";"1";""
"202100005460";"192Â 031";"A01";"1";"10";"0";"2";"1";"1";"1";""
"202100005461";"192Â 027";"B01";"2";"7";"0";"2";"6";"1";"1";""
"202100005461";"192Â 028";"A01";"2";"7";"0";"2";"2";"12";"1";""
"202100005462";"192Â 026";"A01";"1";"34";"4";"0";"7";"21";"1";""
"202100005463";"192Â 021";"C01";"1";"10";"0";"2";"1";"2";"1";""
"202100005463";"192Â 022";"D01";"1";"7";"0";"2";"1";"2";"1";""
"202100005463";"192Â 023";"E01";"1";"7";"0";"2";"4";"2";"1";""
"202100005463";"192Â 024";"B01";"1";"10";"0";"2";"1";"0";"1";""
"202100005463";"192Â 025";"A01";"1";"7";"0";"2";"1";"2";"1";""
"202100005464";"192Â 018";"C01";"2";"7";"0";"2";"3";"11";"2";""
"202100005464";"192Â 019";"B01";"2";"7";"0";"2";"7";"1";"0";""
"202100005464";"192Â 020";"A01";"2";"33";"0";"2";"1";"3";"1";""
"202100005465";"192Â 017";"A01";"1";"7";"4";"0";"1";"1";"1";""
"202100005466";"192Â 015";"A01";"1";"33";"0";"2";"1";"1";"1";""
"202100005466";"192Â 016";"B01";"1";"7";"0";"2";"6";"13";"1";""
"202100005467";"192Â 014";"A01";"1";"7";"1";"0";"1";"1";"1";""
"202100005468";"192Â 012";"B01";"2";"1";"0";"2";"1";"1";"0";""
"202100005468";"192Â 013";"A01";"1";"7";"0";"9";"3";"1";"1";""
"202100005469";"192Â 010";"A01";"1";"31";"0";"2";"7";"0";"1";""
"202100005469";"192Â 011";"B01";"2";"7";"0";"2";"2";"23";"1";""
"202100005470";"192Â 009";"A01";"1";"7";"0";"1";"2";"1";"1";""
"202100005471";"192Â 007";"A01";"1";"33";"0";"6";"1";"1";"1";""
"202100005471";"192Â 008";"B01";"2";"7";"0";"2";"1";"1";"1";""
"202100005472";"192Â 006";"A01";"2";"7";"1";"2";"7";"26";"1";""
"202100005473";"192Â 004";"A01";"1";"10";"0";"9";"4";"20";"1";""
"202100005473";"192Â 005";"B01";"1";"80";"0";"2";"1";"1";"3";""
"202100005474";"192Â 003";"A01";"3";"2";"0";"0";"2";"26";"1";""
"202100005475";"192Â 001";"B01";"3";"1";"0";"2";"1";"1";"5";""
"202100005475";"192Â 002";"A01";"0";"10";"0";"1";"8";"0";"0";""
"202100005476";"192Â 000";"A01";"0";"7";"0";"1";"3";"15";"1";""
"202100005477";"191Â 998";"B01";"2";"34";"0";"2";"1";"17";"1";""
"202100005477";"191Â 999";"A01";"2";"7";"0";"9";"1";"26";"1";""
"202100005478";"191Â 997";"A01";"2";"7";"0";"2";"7";"19";"1";""
"202100005479";"191Â 996";"A01";"1";"30";"0";"1";"5";"17";"1";""
"202100005480";"191Â 994";"B01";"1";"10";"0";"2";"8";"11";"1";""
"202100005480";"191Â 995";"A01";"1";"15";"0";"2";"5";"1";"1";""
"202100005481";"191Â 993";"A01";"3";"7";"8";"1";"2";"16";"1";""
"202100005482";"191Â 992";"A01";"1";"7";"4";"0";"1";"19";"1";""
"202100005483";"191Â 990";"B01";"3";"1";"12";"0";"1";"2";"5";""
"202100005483";"191Â 991";"A01";"3";"10";"0";"0";"2";"16";"1";""
"202100005484";"191Â 989";"A01";"1";"7";"8";"0";"1";"14";"1";""
"202100005485";"191Â 987";"B01";"2";"7";"0";"2";"1";"1";"1";""
"202100005485";"191Â 988";"A01";"2";"7";"0";"2";"1";"15";"1";""
"202100005486";"191Â 986";"A01";"3";"7";"6";"0";"2";"21";"1";""
"202100005487";"191Â 985";"A01";"1";"7";"0";"1";"2";"15";"1";""
"202100005488";"191Â 983";"A01";"0";"7";"9";"2";"1";"1";"1";""
"202100005488";"191Â 984";"B01";"0";"7";"0";"2";"3";"1";"1";""
"202100005489";"191Â 982";"A01";"0";"2";"0";"0";"0";"15";"1";""
"202100005490";"191Â 980";"B01";"2";"7";"0";"2";"1";"1";"1";""
"202100005490";"191Â 981";"A01";"2";"7";"0";"2";"1";"1";"1";""
"202100005491";"191Â 978";"A01";"3";"7";"8";"0";"1";"0";"1";""
"202100005492";"191Â 976";"A01";"3";"0";"0";"2";"1";"0";"0";""
"202100005492";"191Â 977";"B01";"2";"2";"0";"2";"4";"1";"1";""
"202100005493";"191Â 973";"C01";"1";"7";"0";"2";"1";"1";"1";""
"202100005493";"191Â 974";"B01";"2";"7";"0";"2";"4";"1";"1";""
"202100005493";"191Â 975";"A01";"2";"7";"0";"2";"1";"2";"1";""
"202100005494";"191Â 971";"B01";"2";"10";"0";"2";"1";"16";"1";""
"202100005494";"191Â 972";"A01";"1";"1";"0";"2";"3";"5";"5";""
"202100005495";"191Â 969";"B01";"2";"34";"0";"2";"1";"1";"1";""
"202100005495";"191Â 970";"A01";"1";"7";"0";"2";"2";"15";"1";""
"202100005496";"191Â 967";"B01";"1";"10";"0";"2";"1";"1";"1";""
"202100005496";"191Â 968";"A01";"2";"7";"0";"2";"1";"13";"1";""
"202100005497";"191Â 965";"B01";"1";"2";"0";"2";"2";"1";"1";""
"202100005497";"191Â 966";"A01";"1";"7";"0";"2";"3";"9";"1";""
"202100005498";"191Â 964";"A01";"1";"7";"0";"1";"1";"1";"1";""
"202100005499";"191Â 962";"B01";"2";"37";"0";"2";"1";"1";"1";"2"
"202100005499";"191Â 963";"A01";"1";"7";"0";"2";"3";"15";"1";""
"202100005500";"191Â 961";"A01";"3";"7";"0";"1";"8";"26";"1";""
"202100005501";"191Â 960";"A01";"1";"7";"0";"1";"7";"1";"1";""
"202100005502";"191Â 958";"A01";"3";"7";"0";"2";"7";"1";"1";""
"202100005502";"191Â 959";"B01";"3";"1";"0";"2";"8";"9";"0";""
"202100005503";"191Â 957";"A01";"1";"7";"15";"0";"1";"1";"1";""
"202100005504";"191Â 955";"A01";"1";"2";"0";"2";"1";"2";"1";""
"202100005504";"191Â 956";"B01";"1";"7";"0";"2";"4";"2";"0";""
"202100005505";"191Â 954";"A01";"1";"7";"0";"1";"4";"4";"1";""
"202100005506";"191Â 952";"A01";"2";"7";"0";"1";"3";"1";"1";""
"202100005507";"191Â 950";"B01";"2";"7";"0";"2";"4";"2";"1";""
"202100005507";"191Â 951";"A01";"2";"7";"0";"2";"2";"2";"1";""
"202100005508";"191Â 949";"A01";"2";"7";"0";"1";"3";"15";"1";""
"202100005509";"191Â 948";"A01";"1";"7";"3";"0";"2";"1";"1";""
"202100005510";"191Â 946";"B01";"1";"60";"0";"0";"8";"1";"5";""
"202100005510";"191Â 947";"A01";"1";"1";"0";"9";"2";"1";"5";""
"202100005511";"191Â 945";"A01";"2";"7";"0";"1";"2";"1";"1";""
"202100005512";"191Â 943";"B01";"2";"31";"0";"2";"1";"26";"1";""
"202100005512";"191Â 944";"A01";"2";"7";"0";"2";"3";"10";"1";""
"202100005513";"191Â 940";"C01";"1";"7";"0";"2";"6";"1";"1";""
"202100005513";"191Â 941";"B01";"1";"7";"0";"2";"6";"1";"1";""
"202100005513";"191Â 942";"A01";"3";"7";"0";"2";"9";"26";"1";""
"202100005514";"191Â 938";"B01";"0";"7";"0";"2";"4";"2";"1";""
"202100005514";"191Â 939";"A01";"0";"30";"0";"2";"1";"2";"1";""
"202100005515";"191Â 936";"A01";"3";"7";"0";"1";"2";"1";"1";""
"202100005516";"191Â 934";"B01";"1";"1";"0";"2";"1";"1";"5";""
"202100005516";"191Â 935";"A01";"1";"10";"0";"2";"8";"9";"1";""
"202100005517";"191Â 933";"A01";"1";"7";"4";"0";"2";"26";"1";""
"202100005518";"191Â 931";"A01";"0";"7";"0";"2";"4";"1";"1";""
"202100005518";"191Â 932";"Z01";"0";"10";"0";"2";"1";"1";"0";""
"202100005519";"191Â 930";"A01";"3";"32";"14";"0";"8";"17";"1";""
"202100005520";"191Â 928";"B01";"1";"7";"0";"2";"1";"15";"0";""
"202100005520";"191Â 929";"A01";"2";"7";"0";"2";"1";"1";"0";""
"202100005521";"191Â 927";"A01";"0";"34";"0";"0";"0";"1";"1";""
"202100005522";"191Â 925";"B01";"1";"7";"0";"2";"0";"1";"1";""
"202100005522";"191Â 926";"A01";"2";"2";"0";"2";"1";"1";"1";""
"202100005523";"191Â 923";"A01";"1";"7";"0";"2";"7";"9";"1";""
"202100005523";"191Â 924";"Z01";"1";"7";"0";"2";"1";"1";"0";""
"202100005524";"191Â 921";"A01";"1";"10";"0";" -1";"1";"1";"1";""
"202100005524";"191Â 922";"B01";"1";"10";"0";"2";"4";"2";"0";""
"202100005525";"191Â 919";"A01";"1";"33";"12";"0";"1";"1";"1";""
"202100005525";"191Â 920";"B01";"2";"7";"0";"2";"1";"1";"1";""
"202100005526";"191Â 918";"A01";"1";"33";"12";"0";"7";"0";"0";""
"202100005527";"191Â 916";"B01";"2";"7";"0";"2";"0";"1";"1";""
"202100005527";"191Â 917";"A01";"2";"7";"0";"2";"0";"1";"1";""
"202100005528";"191Â 915";"A01";"2";"7";"7";"0";"9";"1";"1";""
"202100005529";"191Â 913";"A01";"2";"7";"0";"2";"1";"2";"1";""
"202100005529";"191Â 914";"B01";"2";"7";"0";"2";"4";"2";"2";""
"202100005530";"191Â 912";"A01";"2";"7";"0";"1";"2";"1";"1";""
"202100005531";"191Â 911";"A01";"2";"1";"0";"1";"7";"17";"5";""
"202100005532";"191Â 909";"B01";"2";"7";"0";"2";"5";"15";"1";""
"202100005532";"191Â 910";"A01";"1";"32";"0";"2";"1";"1";"1";""
"202100005533";"191Â 907";"A01";"3";"10";"0";"2";"1";"2";"1";""
"202100005533";"191Â 908";"B01";"3";"10";"0";"2";"4";"2";"1";""
"202100005534";"191Â 905";"B01";"1";"7";"0";"2";"2";"15";"1";""
"202100005534";"191Â 906";"A01";"1";"33";"0";"2";"1";"1";"1";""
"202100005535";"191Â 904";"A01";"1";"34";"0";"1";"2";"1";"1";""
"202100005536";"191Â 902";"B01";"1";"80";"0";"2";"0";"1";"3";""
"202100005536";"191Â 903";"A01";"2";"7";"0";"2";"0";"15";"1";""
"202100005537";"191Â 901";"A01";"1";"7";"0";"1";"1";"15";"1";""
"202100005538";"191Â 900";"A01";"1";"10";"0";"1";"5";"1";"1";""
"202100005539";"191Â 899";"A01";"2";"7";"0";"1";"2";"16";"1";""
"202100005540";"191Â 898";"A01";"2";"7";"0";"1";"4";"4";"1";""
"202100005541";"191Â 896";"A01";"0";"7";"1";"0";"3";"24";"1";""
"202100005541";"191Â 897";"B01";"0";"7";"0";"2";"2";"15";"2";""
"202100005542";"191Â 894";"B01";"2";"7";"0";"2";"3";"1";"2";""
"202100005542";"191Â 895";"A01";"2";"33";"0";"2";"2";"1";"1";""
"202100005543";"191Â 893";"A01";"2";"33";"0";"2";"0";"1";"1";""
"202100005544";"191Â 891";"A01";"2";"7";"0";"2";"3";"13";"1";""
"202100005544";"191Â 892";"B01";"2";"32";"0";"2";"1";"17";"1";""
"202100005545";"191Â 890";"A01";"1";"1";"0";"0";"0";"1";"5";""
"202100005546";"191Â 888";"B01";"2";"10";"0";"2";"1";"1";"1";""
"202100005546";"191Â 889";"A01";"2";"7";"0";"2";"5";"1";"1";""
"202100005547";"191Â 886";"A01";"2";"34";"12";"2";"6";"15";"1";""
"202100005547";"191Â 887";"B01";"2";"7";"0";"2";"1";"1";"1";""
"202100005548";"191Â 884";"A01";"2";"7";"0";"2";"3";"15";"1";""