"Num_Acc";"id_vehicule";"num_veh";"senc";"catv";"obs";"obsm";"choc";"manv";"motor";"occutc"
"202100005548";"191Â 885";"B01";"2";"2";"0";"2";"7";"17";"1";""
"202100005549";"191Â 883";"A01";"1";"7";"1";"0";"2";"1";"1";""
"202100005550";"191Â 881";"B01";"2";"7";"0";"2";"8";"1";"1";""
"202100005550";"191Â 882";"A01";"2";"30";"0";"2";"1";"1";"1";""
"202100005551";"191Â 879";"A01";"2";"31";"0";"2";"7";"2";"1";""
"202100005551";"191Â 880";"B01";"2";"37";"0";"2";"8";"24";"2";"1"
"202100005552";"191Â 878";"A01";"1";"10";"0";"1";"2";"13";"1";""
"202100005553";"191Â 874";"A01";"1";"7";"0";"2";"5";"23";"1";""
"202100005553";"191Â 875";"B01";"1";"1";"0";"2";"1";"2";"5";""
"202100005554";"191Â 872";"B01";"1";"33";"0";"2";"1";"1";"1";""
"202100005554";"191Â 873";"A01";"2";"7";"0";"2";"2";"15";"2";""
"202100005555";"191Â 870";"B01";"2";"1";"1";"0";"1";"1";"5";""
"202100005555";"191Â 871";"A01";"2";"7";"0";"0";"6";"22";"1";""
"202100005556";"191Â 866";"A01";"2";"7";"0";"1";"3";"19";"1";""
"202100005557";"191Â 865";"A01";"1";"7";"1";"0";"3";"14";"1";""
"202100005558";"191Â 863";"A01";"0";"7";"0";"2";"7";"1";"1";""
"202100005558";"191Â 864";"B01";"0";"7";"0";"2";"1";"1";"1";""
"202100005559";"191Â 861";"B01";"3";"7";"0";"2";"1";"1";"1";""
"202100005559";"191Â 862";"A01";"3";"7";"0";"2";"2";"1";"1";""
"202100005560";"191Â 859";"A01";"1";"7";"0";"2";"8";"1";"0";""
"202100005560";"191Â 860";"B01";"1";"7";"0";"2";"1";"15";"0";""
"202100005561";"191Â 857";"A01";"2";"7";"0";"2";"1";"1";"2";""
"202100005561";"191Â 858";"B01";"2";"7";"0";"2";"8";"20";"1";""
"202100005562";"191Â 856";"A01";"1";"10";"0";"1";"2";"1";"1";""
"202100005563";"191Â 854";"A01";"3";"7";"0";"2";"3";"9";"0";""
"202100005563";"191Â 855";"B01";"3";"7";"0";"2";"2";"2";"1";""
"202100005564";"191Â 853";"A01";"1";"80";"0";"1";"1";"1";"3";""
"202100005565";"191Â 851";"A01";"0";"7";"0";"2";"3";"26";"0";""
"202100005565";"191Â 852";"B01";"0";"1";"0";"2";"3";"15";"0";""
"202100005566";"191Â 849";"A01";"2";"37";"0";"2";"7";"1";"1";"1"
"202100005566";"191Â 850";"B01";"2";"50";"0";"2";"0";"0";"3";""
"202100005567";"191Â 848";"A01";"2";"1";"0";"0";"0";"0";"0";""
"202100005568";"191Â 847";"A01";"1";"50";"0";"0";"7";"19";"3";""
"202100005569";"191Â 846";"A01";"3";"32";"0";"1";"1";"26";"1";""
"202100005570";"191Â 844";"B01";"3";"50";"0";"2";"7";"19";"3";""
"202100005570";"191Â 845";"A01";"1";"7";"0";"9";"2";"1";"3";""
"202100005571";"191Â 842";"A01";"1";"7";"1";"0";"6";"24";"1";""
"202100005571";"191Â 843";"Y01";"1";"1";"1";"0";"1";"14";"5";""
"202100005572";"191Â 841";"A01";"1";"10";"0";"1";"1";"16";"1";""
"202100005573";"191Â 839";"A01";"1";"1";"0";"2";"7";"15";"5";""
"202100005573";"191Â 840";"B01";"2";"7";"0";"2";"1";"1";"1";""
"202100005574";"191Â 837";"B01";"2";"10";"0";"2";"1";"1";"1";""
"202100005574";"191Â 838";"A01";"2";"7";"3";"2";"8";"13";"6";""
"202100005575";"191Â 836";"A01";"3";"7";"0";"1";"1";"1";"1";""
"202100005576";"191Â 835";"A01";"3";"7";"0";"1";"2";"1";"1";""
"202100005577";"191Â 834";"A01";"2";"7";"0";"1";"3";"1";"1";""
"202100005578";"191Â 832";"B01";"2";"1";"0";"2";"7";"1";"5";""
"202100005578";"191Â 833";"A01";"1";"7";"0";"2";"1";"17";"1";""
"202100005579";"191Â 830";"A01";"0";"7";"0";"2";"7";"15";"1";""
"202100005579";"191Â 831";"B01";"3";"33";"0";"2";"1";"1";"1";""
"202100005580";"191Â 828";"A01";"2";"7";"8";"2";"1";"6";"1";""
"202100005580";"191Â 829";"B01";"1";"10";"0";"2";"1";"1";"1";""
"202100005581";"191Â 827";"A01";"0";"31";"13";"0";"7";"1";"1";""
"202100005582";"191Â 825";"A01";"3";"7";"0";"0";"2";"1";"1";""
"202100005582";"191Â 826";"B01";"3";"7";"0";"2";"1";"1";"1";""
"202100005583";"191Â 824";"A01";"1";"7";"0";"1";"1";"1";"1";""
"202100005584";"191Â 820";"B01";"3";"7";"0";"2";"1";"13";"1";""
"202100005584";"191Â 821";"A01";"3";"30";"0";"0";"1";"1";"3";""
"202100005585";"191Â 819";"A01";"1";"1";"0";"0";"0";"1";"5";""
"202100005586";"191Â 818";"A01";"2";"31";"0";"6";"1";"1";"1";""
"202100005587";"191Â 817";"A01";"1";"7";"0";"1";"1";"1";"1";""
"202100005588";"191Â 815";"B01";"1";"2";"0";"2";"8";"15";"1";""
"202100005588";"191Â 816";"A01";"1";"7";"0";"2";"2";"17";"1";""
"202100005589";"191Â 813";"B01";"2";"30";"0";"2";"1";"16";"1";""
"202100005589";"191Â 814";"A01";"1";"7";"0";"2";"3";"1";"1";""
"202100005590";"191Â 812";"A01";"1";"2";"11";"0";"3";"1";"1";""
"202100005591";"191Â 811";"A01";"1";"7";"0";"1";"1";"9";"1";""
"202100005592";"191Â 810";"A01";"1";"7";"0";"0";"9";"1";"1";""
"202100005593";"191Â 808";"B01";"1";"33";"0";"2";"1";"1";"1";""
"202100005593";"191Â 809";"A01";"1";"7";"0";"0";"4";"15";"1";""
"202100005594";"191Â 807";"A01";"2";"7";"16";"0";"0";"1";"2";""
"202100005595";"191Â 806";"A01";"1";"7";"0";"1";"1";"1";"1";""
"202100005596";"191Â 805";"A01";"1";"7";"0";"1";"1";"1";"1";""
"202100005597";"191Â 803";"A01";"1";"2";"0";"2";"0";"0";"1";""
"202100005597";"191Â 804";"B01";"2";"7";"0";"2";"7";"0";"1";""
"202100005598";"191Â 801";"A01";"2";"10";"2";"2";"7";"0";"1";""
"202100005598";"191Â 802";"B01";"3";"7";"0";"2";"3";"19";"1";""
"202100005599";"191Â 799";"B01";"2";"1";"0";"2";"3";"19";"5";""
"202100005599";"191Â 800";"A01";"2";"21";"0";"2";"7";"1";"1";""
"202100005600";"191Â 798";"A01";"1";"7";"0";"1";"2";"0";"0";""
"202100005601";"191Â 794";"A01";"1";"7";"0";"2";"9";"2";"1";""
"202100005601";"191Â 795";"B01";"1";"33";"0";"2";"9";"2";"1";""
"202100005601";"191Â 796";"C01";"1";"7";"0";"2";"1";"2";"1";""
"202100005601";"191Â 797";"D01";"1";"7";"0";"2";"4";"2";"1";""
"202100005602";"191Â 792";"A01";"2";"15";"0";"2";"4";"17";"1";""
"202100005602";"191Â 793";"B01";"2";"10";"0";"2";"1";"1";"1";""
"202100005603";"191Â 788";"D01";"2";"15";"0";"2";"6";"11";"1";""
"202100005603";"191Â 789";"C01";"2";"17";"0";"0";"0";"11";"1";""
"202100005603";"191Â 790";"B01";"2";"7";"1";"0";"1";"2";"1";""
"202100005603";"191Â 791";"A01";"2";"7";"3";"0";"1";"11";"1";""
"202100005604";"191Â 786";"B01";"3";"10";"0";"0";"3";"1";"1";""
"202100005604";"191Â 787";"A01";"3";"2";"0";"2";"6";"1";"1";""
"202100005605";"191Â 784";"A01";"1";"7";"0";"2";"3";"1";"1";""
"202100005605";"191Â 785";"B01";"2";"80";"0";"2";"7";"14";"3";""
"202100005606";"191Â 782";"B01";"2";"7";"0";"2";"1";"5";"1";""
"202100005606";"191Â 783";"A01";"1";"7";"0";"0";"1";"1";"1";""
"202100005607";"191Â 781";"A01";"1";"10";"0";"1";"1";"1";"1";""
"202100005608";"191Â 780";"A01";"0";"3";"0";"1";"1";"1";"1";""
"202100005609";"191Â 778";"A01";"1";"7";"3";"2";"1";"13";"1";""
"202100005609";"191Â 779";"B01";"1";"3";"0";"0";"4";"1";"1";""
"202100005610";"191Â 776";"A01";"2";"15";"0";"0";"4";"2";"1";""
"202100005610";"191Â 777";"B01";"2";"14";"0";"2";"1";"2";"1";""
"202100005611";"191Â 772";"D01";"0";"7";"0";"2";"8";"1";"3";""
"202100005611";"191Â 773";"C01";"0";"7";"0";"2";"8";"1";"1";""
"202100005611";"191Â 774";"B01";"0";"7";"0";"0";"8";"2";"1";""
"202100005611";"191Â 775";"A01";"0";"7";"0";"2";"7";"17";"1";""
"202100005612";"191Â 771";"A01";"2";"7";"0";"1";"3";"1";"2";""
"202100005613";"191Â 766";"E01";"2";"7";"0";"2";"4";"2";"1";""
"202100005613";"191Â 767";"D01";"2";"7";"0";"2";"4";"2";"1";""
"202100005613";"191Â 768";"C01";"2";"7";"0";"2";"4";"2";"1";""
"202100005613";"191Â 769";"B01";"2";"7";"0";"2";"4";"2";"1";""
"202100005613";"191Â 770";"A01";"2";"7";"0";"2";"1";"1";"1";""
"202100005614";"191Â 763";"C01";"2";"7";"4";"2";"1";"2";"1";""
"202100005614";"191Â 764";"B01";"2";"7";"4";"2";"4";"2";"1";""
"202100005614";"191Â 765";"A01";"2";"7";"4";"2";"4";"2";"1";""
"202100005615";"191Â 761";"B01";"1";"7";"0";"2";"1";"0";"1";""
"202100005615";"191Â 762";"A01";"1";"10";"0";"2";"4";"23";"1";""
"202100005616";"191Â 757";"A01";"2";"7";"0";"2";"1";"2";"1";""
"202100005616";"191Â 758";"B01";"2";"7";"0";"2";"4";"2";"1";""
"202100005616";"191Â 759";"C01";"2";"7";"0";"2";"4";"2";"1";""
"202100005616";"191Â 760";"D01";"2";"7";"0";"2";"4";"2";"1";""
"202100005617";"191Â 749";"H01";"2";"7";"0";"9";"8";"1";"1";""
"202100005617";"191Â 750";"G01";"2";"7";"0";"2";"2";"1";"1";""
"202100005617";"191Â 751";"F01";"2";"7";"0";"2";"8";"2";"1";""
"202100005617";"191Â 752";"E01";"2";"7";"0";"2";"4";"1";"1";""
"202100005617";"191Â 753";"D01";"2";"7";"0";"9";"6";"1";"1";""
"202100005617";"191Â 754";"C01";"2";"10";"0";"2";"7";"11";"1";""
"202100005617";"191Â 755";"B01";"2";"7";"0";"2";"1";"2";"2";""
"202100005617";"191Â 756";"A01";"2";"7";"0";"2";"4";"2";"1";""
"202100005618";"191Â 748";"A01";"1";"7";"5";"0";"1";"0";"1";""
"202100005619";"191Â 746";"A01";"2";"7";"0";"2";"4";"1";"1";""
"202100005619";"191Â 747";"B01";"2";"33";"0";"2";"1";"3";"1";""
"202100005620";"191Â 743";"A01";"2";"10";"0";"2";"1";"2";"1";""
"202100005620";"191Â 744";"C01";"2";"7";"0";"2";"4";"2";"1";""
"202100005620";"191Â 745";"B01";"2";"7";"0";"2";"4";"2";"1";""
"202100005621";"191Â 741";"B01";"2";"7";"0";"2";"5";"11";"0";""
"202100005621";"191Â 742";"A01";"2";"43";"0";"2";"3";"3";"1";""
"202100005622";"191Â 740";"A01";"2";"31";"0";"0";"0";"3";"1";""
"202100005623";"191Â 737";"C01";"2";"7";"0";"2";"4";"2";"1";""
"202100005623";"191Â 738";"B01";"2";"7";"0";"2";"4";"2";"1";""
"202100005623";"191Â 739";"A01";"2";"7";"0";"2";"1";"1";"1";""
"202100005624";"191Â 735";"B01";"1";"7";"0";"2";"2";"1";"1";""
"202100005624";"191Â 736";"A01";"1";"2";"0";"2";"3";"6";"0";""
"202100005625";"191Â 733";"B01";"2";"31";"0";"2";"1";"2";"1";""
"202100005625";"191Â 734";"A01";"2";"7";"0";"0";"6";"11";"2";""
"202100005626";"191Â 729";"A01";"1";"32";"0";"2";"2";"3";"1";""
"202100005626";"191Â 730";"B01";"1";"10";"0";"2";"4";"1";"1";""
"202100005626";"191Â 731";"C01";"1";"10";"0";"2";"4";"11";"1";""
"202100005626";"191Â 732";"D01";"1";"7";"0";"2";"4";"1";"1";""
"202100005627";"191Â 727";"B01";"2";"7";"0";"2";"1";"11";"1";""
"202100005627";"191Â 728";"A01";"2";"33";"0";"2";"1";"3";"1";""
"202100005628";"191Â 724";"A01";"2";"7";"0";"2";"1";"1";"3";""
"202100005628";"191Â 725";"B01";"2";"7";"0";"2";"4";"1";"1";""
"202100005628";"191Â 726";"C01";"2";"7";"0";"2";"4";"2";"1";""
"202100005629";"191Â 723";"A01";"1";"33";"0";"0";"0";"21";"1";""
"202100005630";"191Â 721";"A01";"1";"7";"0";"2";"5";"1";"1";""
"202100005630";"191Â 722";"B01";"0";"10";"0";"2";"3";"9";"1";""
"202100005631";"191Â 720";"A01";"1";"7";"0";"1";"1";"16";"1";""
"202100005632";"191Â 719";"A01";"2";"50";"0";"0";"0";"5";"3";""
"202100005633";"191Â 718";"A01";"1";"32";"0";"0";"8";"3";"1";""
"202100005634";"191Â 717";"A01";"1";"50";"14";"0";"1";"13";"3";""
"202100005635";"191Â 715";"A01";"2";"10";"0";"2";"7";"16";"1";""
"202100005635";"191Â 716";"B01";"2";"1";"0";"2";"3";"18";"5";""
"202100005636";"191Â 714";"A01";"1";"50";"0";"0";"0";"21";"3";""
"202100005637";"191Â 713";"Z01";"1";"30";"0";"1";"1";"1";"1";""
"202100005638";"191Â 711";"A01";"1";"33";"0";"2";"2";"1";"1";""
"202100005638";"191Â 712";"B01";"1";"1";"0";"2";"3";"9";"5";""
"202100005639";"191Â 710";"A01";"1";"1";"0";"1";"2";"1";"5";""
"202100005640";"191Â 708";"A01";"3";"7";"0";"2";"2";"16";"1";""
"202100005640";"191Â 709";"B01";"3";"80";"0";"2";"3";"1";"3";""
"202100005641";"191Â 706";"A01";"1";"30";"0";"2";"1";"1";"1";""
"202100005641";"191Â 707";"B01";"1";"7";"0";"2";"7";"9";"2";""
"202100005642";"191Â 704";"B01";"3";"1";"0";"2";"8";"19";"5";""
"202100005642";"191Â 705";"A01";"3";"30";"0";"2";"1";"1";"1";""
"202100005643";"191Â 702";"B01";"1";"30";"0";"2";"8";"1";"1";""
"202100005643";"191Â 703";"A01";"1";"7";"0";"2";"5";"12";"1";""
"202100005644";"191Â 700";"B01";"2";"80";"0";"2";"1";"1";"3";""
"202100005644";"191Â 701";"A01";"1";"7";"0";"2";"5";"15";"1";""
"202100005645";"191Â 698";"B01";"3";"7";"0";"2";"8";"1";"1";""
"202100005645";"191Â 699";"A01";"3";"7";"0";"2";"1";"5";"1";""
"202100005646";"191Â 696";"A01";"2";"80";"0";"2";"8";"19";"3";""
"202100005646";"191Â 697";"Z01";"2";"7";"0";"2";"2";"16";"1";""
"202100005647";"191Â 694";"B01";"1";"50";"0";"2";"1";"1";"3";""
"202100005647";"191Â 695";"A01";"1";"10";"0";"2";"3";"1";"1";""
"202100005648";"191Â 692";"B01";"3";"1";"0";"2";"8";"19";"5";""
"202100005648";"191Â 693";"A01";"1";"30";"0";"2";"1";"7";"1";""
"202100005649";"191Â 690";"B01";"1";"30";"0";"2";"2";"17";"1";""
"202100005649";"191Â 691";"A01";"2";"7";"0";"2";"3";"15";"1";""
"202100005650";"191Â 689";"Z01";"1";"7";"1";"1";"3";"18";"1";""
"202100005651";"191Â 687";"A01";"1";"1";"0";"2";"0";"1";"5";""
"202100005651";"191Â 688";"B01";"1";"32";"0";"2";"3";"1";"1";""
"202100005652";"191Â 686";"Z01";"1";"7";"14";"0";"9";"1";"1";""
"202100005653";"191Â 685";"A01";"1";"30";"0";"1";"1";"5";"1";""
"202100005654";"191Â 684";"A01";"2";"7";"1";"0";"1";"1";"1";""
"202100005655";"191Â 682";"A01";"2";"37";"0";"2";"3";"2";"1";"1"
"202100005655";"191Â 683";"B01";"2";"37";"0";"2";"5";"0";"1";"1"
"202100005656";"191Â 680";"B01";"1";"7";"0";"2";"6";"11";"1";""
"202100005656";"191Â 681";"A01";"1";"33";"0";"2";"0";"0";"1";""
"202100005657";"191Â 679";"A01";"2";"7";"0";"1";"3";"15";"1";""
"202100005658";"191Â 677";"B01";"2";"2";"0";"2";"4";"1";"1";""
"202100005658";"191Â 678";"A01";"1";"7";"0";"2";"2";"17";"1";""
"202100005659";"191Â 676";"A01";"3";"7";"0";"1";"2";"16";"1";""
"202100005660";"191Â 675";"A01";"1";"7";"1";"2";"2";"2";"1";""
"202100005661";"191Â 674";"A01";"1";"15";"0";"1";"1";"1";"1";""
"202100005662";"191Â 673";"A01";"2";"33";"16";"0";"8";"15";"1";""
"202100005663";"191Â 672";"A01";" -1";"30";"0";"1";"1";"19";"1";""
"202100005664";"191Â 671";"A01";"1";"99";"0";"1";"8";"1";"6";""
"202100005665";"191Â 669";"B01";"1";"33";"0";"2";"0";"3";"1";""
"202100005665";"191Â 670";"A01";"1";"7";"0";"0";"0";"14";"1";""
"202100005666";"191Â 668";"A01";"1";"10";"3";"2";"1";"14";"1";""
"202100005667";"191Â 666";"B01";"2";"7";"0";"2";"8";"1";"1";""
"202100005667";"191Â 667";"A01";"1";"7";"0";"2";"3";"15";"1";""
"202100005668";"191Â 665";"A01";"0";"7";"0";"1";"3";"15";"1";""
"202100005669";"191Â 663";"A01";"1";"7";"0";"2";"1";"1";"0";""
"202100005669";"191Â 664";"B01";" -1";"99";"0";"2";"7";"19";"0";""
"202100005670";"191Â 662";"A01";"1";"7";"0";"1";"1";"1";"1";""
"202100005671";"191Â 660";"B01";"1";"7";"0";"0";"4";"24";"1";""
"202100005671";"191Â 661";"A01";"1";"7";"1";"0";"1";"3";"1";""
"202100005672";"191Â 659";"A01";"1";"7";"2";"0";"1";"0";"1";""
"202100005673";"191Â 658";"A01";"1";"7";"9";"1";"1";"1";"2";""
"202100005674";"191Â 656";"A01";"1";"34";"0";"2";"7";"1";"1";""
"202100005674";"191Â 657";"B01";"1";"7";"0";"2";"1";"1";"1";""
"202100005675";"191Â 653";"A01";"2";"7";"0";"9";"4";"2";"1";""
"202100005675";"191Â 654";"B01";"2";"7";"0";"2";"1";"1";"1";""
"202100005675";"191Â 655";"C01";"2";"15";"0";"2";"1";"1";"1";""
"202100005676";"191Â 652";"A01";"1";"7";"0";"1";"2";"1";"1";""
"202100005677";"191Â 650";"A01";"2";"7";"0";"2";"1";"13";"1";""
"202100005677";"191Â 651";"B01";"1";"7";"0";"2";"1";"1";"1";""
"202100005678";"191Â 648";"B01";"2";"7";"0";"2";"3";"2";"0";""
"202100005678";"191Â 649";"A01";"1";"33";"0";"2";"6";"1";"1";""
"202100005679";"191Â 646";"B01";"2";"7";"0";"2";"2";"1";"1";""
"202100005679";"191Â 647";"A01";"1";"7";"0";"2";"1";"19";"1";""
"202100005680";"191Â 645";"A01";"0";"10";"0";"1";"5";"4";"1";""
"202100005681";"191Â 643";"B01";"1";"7";"0";"1";"2";"1";"1";""
"202100005681";"191Â 644";"A01";"1";"7";"0";"2";"3";"1";"1";""
"202100005682";"191Â 642";"A01";"0";"7";"13";"0";"3";"13";"1";""
"202100005683";"191Â 639";"A01";"2";"7";"0";"2";"2";"5";"0";""
"202100005683";"191Â 640";"B01";"1";"7";"0";"2";"1";"1";"1";""
"202100005683";"191Â 641";"C01";"1";"7";"0";"2";"8";"1";"1";""
"202100005684";"191Â 637";"A01";"1";"10";"0";"2";"2";"1";"1";""
"202100005684";"191Â 638";"B01";"1";"1";"0";"0";"4";"1";"5";""
"202100005685";"191Â 635";"A01";"2";"7";"0";"2";"2";"13";"1";""
"202100005685";"191Â 636";"B01";"1";"7";"0";"2";"3";"1";"1";""
"202100005686";"191Â 634";"A01";"1";"7";"0";"1";"1";"1";"1";""
"202100005687";"191Â 632";"A01";"1";"7";"13";"0";"0";"1";"1";""
"202100005688";"191Â 630";"A01";"2";"7";"0";"2";"3";"13";"1";""
"202100005688";"191Â 631";"B01";"1";"15";"0";"2";"3";"1";"1";""
"202100005689";"191Â 628";"B01";"1";"7";"13";"2";"3";"11";"1";""
"202100005689";"191Â 629";"A01";"3";"7";"0";"2";"3";"1";"1";""
"202100005690";"191Â 627";"A01";"1";"7";"0";"1";"3";"1";"1";""
"202100005691";"191Â 626";"A01";"1";"34";"6";"0";"7";"1";"1";""
"202100005692";"191Â 624";"B01";"1";"7";"0";"2";"6";"1";"1";""
"202100005692";"191Â 625";"A01";"1";"1";"0";"2";"2";"15";"5";""
"202100005693";"191Â 623";"A01";"1";"2";"13";"0";"1";"1";"1";""
"202100005694";"191Â 621";"A01";"1";"7";"0";"2";"3";"1";"1";""
"202100005694";"191Â 622";"B01";"2";"10";"0";"0";"8";"15";"1";""
"202100005695";"191Â 619";"B01";"2";"15";"0";"2";"3";"1";"1";""
"202100005695";"191Â 620";"A01";"1";"7";"0";"2";"3";"13";"1";""
"202100005696";"191Â 618";"A01";"1";"7";"0";"1";"3";"1";"1";""
"202100005697";"191Â 617";"A01";"1";"7";"2";"0";"1";"0";"1";""
"202100005698";"191Â 616";"A01";"2";"37";"6";"0";"1";"1";"1";"1"
"202100005699";"191Â 614";"B01";"1";"30";"0";"0";"4";"15";"1";""
"202100005699";"191Â 615";"A01";"1";"31";"0";"9";"1";"2";"1";""
"202100005700";"191Â 612";"A01";"2";"15";"0";"0";"4";"24";"1";""
"202100005700";"191Â 613";"B01";"2";"7";"1";"0";"1";"1";"2";""
"202100005701";"191Â 611";"A01";"3";"7";"0";"1";"3";"1";"1";""
"202100005702";"191Â 609";"A01";"1";"7";"0";"2";"1";"15";"1";""
"202100005702";"191Â 610";"B01";"1";"2";"0";"2";"4";"2";"1";""
"202100005703";"191Â 607";"B01";"2";"10";"6";"0";"2";"24";"1";""
"202100005703";"191Â 608";"A01";"2";"10";"1";"0";"2";"14";"1";""
"202100005704";"191Â 606";"A01";"1";"7";"4";"0";"1";"1";"1";""
"202100005705";"191Â 605";"A01";"0";"10";"0";"1";"1";"16";"1";""
"202100005706";"191Â 603";"B01";"2";"7";"0";"2";"3";"0";"1";""
"202100005706";"191Â 604";"A01";"1";"7";"0";"2";"3";"0";"1";""
"202100005707";"191Â 602";"A01";"0";"7";"0";"1";"8";"1";"1";""
"202100005708";"191Â 600";"B01";"3";"7";"0";"2";"6";"2";"1";""
"202100005708";"191Â 601";"A01";"3";"7";"0";"2";"0";"0";"1";""
"202100005709";"191Â 599";"A01";"3";"7";"0";"1";"1";"1";"1";""
"202100005710";"191Â 598";"A01";"1";"7";"0";"1";"2";"2";"1";""
"202100005711";"191Â 597";"A01";"1";"7";"0";"1";"1";"1";"1";""
"202100005712";"191Â 596";"A01";"1";"7";"0";"1";"5";"1";"1";""
"202100005713";"191Â 594";"A01";"2";"7";"0";"2";"4";"1";"1";""
"202100005713";"191Â 595";"B01";"2";"13";"0";"2";"1";"2";"0";""
"202100005714";"191Â 592";"A01";"1";"10";"0";"2";"1";"1";"1";""
"202100005714";"191Â 593";"B01";"1";"7";"0";"2";"4";"1";"2";""
"202100005715";"191Â 590";"B01";"2";"14";"0";"2";"4";"2";"1";""
"202100005715";"191Â 591";"A01";"2";"17";"0";"2";"1";"1";"1";""
"202100005716";"191Â 589";"A01";"1";"10";"4";"0";"1";"13";"1";""
"202100005717";"191Â 587";"B01";"1";"7";"0";"2";"4";"26";"1";""
"202100005717";"191Â 588";"A01";"1";"33";"0";"2";"1";"3";"1";""
"202100005718";"191Â 584";"A01";"1";"7";"0";"2";"1";"2";"1";""
"202100005718";"191Â 585";"B01";"1";"7";"0";"2";"4";"2";"1";""
"202100005718";"191Â 586";"C01";"1";"7";"0";"2";"4";"23";"1";""
"202100005719";"191Â 578";"A01";"2";"10";"0";"2";"1";"2";"1";""
"202100005719";"191Â 579";"B01";"2";"10";"0";"2";"4";"2";"1";""
"202100005719";"191Â 580";"C01";"2";"7";"0";"2";"4";"2";"1";""
"202100005719";"191Â 581";"D01";"2";"15";"0";"2";"4";"0";"1";""
"202100005719";"191Â 582";"E01";"2";"7";"0";"2";"5";"2";"1";""
"202100005719";"191Â 583";"F01";"2";"7";"0";"2";"5";"2";"1";""
"202100005720";"191Â 577";"A01";"2";"7";"3";"0";"3";"11";"1";""
"202100005721";"191Â 575";"B01";"2";"7";"0";"2";"6";"2";"1";""
"202100005721";"191Â 576";"A01";"2";"31";"0";"2";"2";"1";"1";""
"202100005722";"191Â 573";"B01";"1";"15";"0";"2";"2";"1";"1";""
"202100005722";"191Â 574";"A01";"1";"7";"0";"2";"2";"9";"1";""
"202100005723";"191Â 571";"B01";"2";"7";"0";"2";"4";"2";"1";""
"202100005723";"191Â 572";"A01";"2";"7";"0";"2";"1";"1";"1";""
"202100005724";"191Â 569";"B01";"2";"33";"0";"2";"3";"3";"1";""
"202100005724";"191Â 570";"A01";"2";"7";"0";"2";"5";"12";"1";""
"202100005725";"191Â 566";"A01";"2";"7";"0";"2";"0";"1";"1";""
"202100005725";"191Â 567";"B01";"2";"7";"0";"2";"4";"1";"1";""
"202100005725";"191Â 568";"C01";"2";"7";"0";"2";"4";"1";"1";""
"202100005726";"191Â 565";"A01";"1";"7";"3";"0";"1";"21";"1";""
"202100005727";"191Â 563";"B01";"1";"7";"0";"2";"8";"0";"1";""
"202100005727";"191Â 564";"A01";"1";"33";"0";"2";"7";"3";"1";""
"202100005728";"191Â 561";"A01";"1";"33";"0";"2";"8";"3";"1";""
"202100005728";"191Â 562";"B01";"1";"10";"0";"0";"2";"1";"1";""
"202100005729";"191Â 558";"C01";"1";"15";"0";"2";"2";"12";"1";""
"202100005729";"191Â 559";"B01";"1";"37";"0";"2";"3";"1";"1";"1"
"202100005729";"191Â 560";"A01";"1";"7";"4";"2";"8";"1";"1";""
"202100005730";"191Â 555";"A01";"2";"31";"0";"2";"8";"2";"1";""
"202100005730";"191Â 556";"B01";"2";"15";"0";"2";"3";"2";"1";""
"202100005730";"191Â 557";"C01";"2";"7";"0";"2";"3";"2";"1";""
"202100005731";"191Â 554";"A01";"1";"7";"3";"0";"1";"16";"2";""
"202100005732";"191Â 552";"B01";"2";"7";"0";"2";"1";"1";"1";""
"202100005732";"191Â 553";"A01";"2";"7";"3";"0";"1";"1";"1";""
"202100005733";"191Â 549";"B01";"1";"7";"0";"2";"1";"2";"1";""
"202100005733";"191Â 550";"C01";"1";"7";"0";"2";"4";"2";"1";""
"202100005733";"191Â 551";"A01";"1";"7";"0";"2";"3";"2";"1";""
"202100005734";"191Â 547";"B01";"2";"15";"0";"0";"6";"1";"1";""
"202100005734";"191Â 548";"A01";"2";"7";"5";"2";"2";"12";"1";""
"202100005735";"191Â 546";"A01";"2";"7";"0";"1";"2";"1";"1";""
"202100005736";"191Â 544";"A01";"1";"7";"0";"2";"3";"9";"1";""
"202100005736";"191Â 545";"B01";"1";"30";"0";"2";"6";"1";"1";""
"202100005737";"191Â 543";"A01";"2";"7";"0";"1";"2";"1";"1";""
"202100005738";"191Â 541";"B01";"0";"7";"0";"2";"5";"15";"1";""
"202100005738";"191Â 542";"A01";"0";"31";"0";"2";"1";"18";"1";""
"202100005739";"191Â 540";"A01";"2";"7";"8";"0";"1";"26";"1";""
"202100005740";"191Â 538";"A01";"1";"7";"1";"2";"2";"14";"1";""
"202100005740";"191Â 539";"B01";"2";"7";"0";"2";"6";"0";"1";""
"202100005741";"191Â 537";"A01";"1";"30";"14";"0";"0";"26";"0";""
"202100005742";"191Â 534";"A01";"1";"7";"0";"2";"1";"1";"1";""
"202100005742";"191Â 535";"B01";"1";"7";"0";"2";"1";"2";"1";""
"202100005742";"191Â 536";"C01";"1";"7";"0";"2";"4";"23";"1";""
"202100005743";"191Â 532";"B01";"2";"7";"0";"2";"2";"21";"1";""
"202100005743";"191Â 533";"A01";"1";"7";"0";"2";"5";"15";"1";""
"202100005744";"191Â 531";"A01";"3";"7";"0";"1";"1";"1";"1";""
"202100005745";"191Â 528";"A01";"1";"7";"0";"2";"5";"26";"1";""
"202100005745";"191Â 529";"B01";"2";"7";"0";"2";"0";"1";"1";""