"Num_Acc";"id_vehicule";"num_veh";"senc";"catv";"obs";"obsm";"choc";"manv";"motor";"occutc"
"202100005745";"191Â 530";"C01";"2";"7";"0";"2";"3";"1";"1";""
"202100005746";"191Â 526";"A01";"2";"7";"2";"0";"1";"14";"1";""
"202100005747";"191Â 524";"A01";"1";"7";"0";"2";"0";"15";"1";""
"202100005747";"191Â 525";"B01";"1";"7";"0";"2";"3";"1";"1";""
"202100005748";"191Â 523";"A01";"2";"7";"6";"0";"1";"2";"2";""
"202100005749";"191Â 520";"C01";"2";"7";"0";"2";"8";"1";"1";""
"202100005749";"191Â 521";"B01";"1";"7";"0";"2";"7";"1";"1";""
"202100005749";"191Â 522";"A01";"2";"10";"0";"2";"1";"15";"1";""
"202100005750";"191Â 518";"A01";"1";"7";"0";"2";"1";"5";"2";""
"202100005750";"191Â 519";"B01";"1";"7";"0";"2";"1";"1";"1";""
"202100005751";"191Â 517";"Z01";"2";"7";"0";"1";"2";"16";"1";""
"202100005752";"191Â 516";"A01";"1";"7";"0";"1";"1";"1";"6";""
"202100005753";"191Â 514";"A01";"1";"7";"0";"9";"8";"1";"1";""
"202100005753";"191Â 515";"B01";"1";"50";"0";"2";"1";"1";"3";""
"202100005754";"191Â 512";"A01";"0";"7";"0";"2";"3";"16";"1";""
"202100005754";"191Â 513";"B01";"2";"7";"0";"2";"2";"1";"1";""
"202100005755";"191Â 510";"A01";"2";"7";"0";"2";"2";"15";"1";""
"202100005755";"191Â 511";"B01";"2";"7";"0";"2";"7";"1";"1";""
"202100005756";"191Â 508";"B01";"2";"7";"0";"2";"9";"1";"2";""
"202100005756";"191Â 509";"A01";"1";"7";"9";"2";"2";"13";"1";""
"202100005757";"191Â 506";"A01";"1";"7";"0";"2";"1";"14";"1";""
"202100005757";"191Â 507";"B01";"1";"7";"0";"2";"8";"1";"1";""
"202100005758";"191Â 504";"A01";"2";"7";"4";"0";"5";"26";"1";""
"202100005758";"191Â 505";"Z01";"1";"7";"0";"0";"0";"0";"0";""
"202100005759";"191Â 502";"A01";"1";"7";"0";"2";"3";"13";"1";""
"202100005759";"191Â 503";"B01";"2";"7";"0";"2";"3";"1";"1";""
"202100005760";"191Â 501";"A01";"2";"7";"1";"0";"8";"1";"1";""
"202100005761";"191Â 500";"A01";"2";"7";"13";"0";"3";"13";"1";""
"202100005762";"191Â 499";"A01";"3";"7";"0";"1";"1";"1";"1";""
"202100005763";"191Â 497";"Z01";"0";"7";"0";"2";"4";"4";"0";""
"202100005763";"191Â 498";"B01";"0";"30";"0";"2";"1";"1";"1";""
"202100005764";"191Â 495";"B01";"2";"32";"0";"2";"7";"1";"1";""
"202100005764";"191Â 496";"A01";"2";"7";"0";"2";"3";"10";"1";""
"202100005765";"191Â 491";"D01";"3";"7";"0";"2";"1";"1";"1";""
"202100005765";"191Â 492";"C01";"3";"7";"0";"2";"1";"1";"1";""
"202100005765";"191Â 493";"B01";"3";"7";"0";"2";"1";"0";"1";""
"202100005765";"191Â 494";"A01";"3";"7";"0";"2";"1";"5";"1";""
"202100005766";"191Â 487";"A01";"1";"2";"0";"2";"1";"17";"1";""
"202100005766";"191Â 488";"B01";"1";"7";"0";"2";"0";"0";"0";""
"202100005767";"191Â 483";"B01";"2";"7";"0";"2";"8";"1";"1";""
"202100005767";"191Â 484";"A01";"1";"7";"0";"2";"3";"13";"1";""
"202100005767";"191Â 485";"C01";"2";"7";"0";"2";"8";"1";"1";""
"202100005767";"191Â 486";"D01";"2";"7";"0";"2";"1";"0";"1";""
"202100005768";"191Â 482";"A01";"1";"33";"6";"0";"0";"1";"1";""
"202100005769";"191Â 481";"A01";"3";"2";"0";"1";"1";"17";"1";""
"202100005770";"191Â 479";"B01";"1";"2";"0";"2";"0";"0";"1";""
"202100005770";"191Â 480";"A01";"1";"7";"0";"2";"0";"0";"1";""
"202100005771";"191Â 477";"B01";"1";"33";"0";"2";"8";"1";"0";""
"202100005771";"191Â 478";"A01";"1";"33";"0";"2";"7";"9";"1";""
"202100005772";"191Â 475";"B01";"1";"7";"0";"2";"1";"2";"1";""
"202100005772";"191Â 476";"A01";"1";"7";"0";"2";"4";"2";"1";""
"202100005773";"191Â 474";"A01";"1";"10";"0";"1";"2";"1";"1";""
"202100005774";"191Â 473";"A01";"3";"30";"0";"0";"9";"21";"1";""
"202100005775";"191Â 471";"B01";"1";"10";"0";"2";"3";"1";"1";""
"202100005775";"191Â 472";"A01";"3";"7";"0";"2";"3";"13";"1";""
"202100005776";"191Â 470";"A01";"1";"7";"0";"1";"7";"1";"1";""
"202100005777";"191Â 469";"A01";"2";"43";"12";"0";"2";"14";"1";""
"202100005778";"191Â 468";"A01";"1";"50";"1";"0";"4";"2";"3";""
"202100005779";"191Â 466";"Z01";"1";"7";"0";"0";"0";"10";"0";""
"202100005779";"191Â 467";"A01";"1";"30";"0";"0";"0";"21";"1";""
"202100005780";"191Â 464";"A01";"1";"32";"0";"2";"2";"1";"1";""
"202100005780";"191Â 465";"B01";"1";"7";"0";"2";"3";"15";"1";""
"202100005781";"191Â 462";"B01";"1";"30";"0";"2";"0";"1";"1";""
"202100005781";"191Â 463";"A01";"2";"7";"0";"2";"0";"1";"3";""
"202100005782";"191Â 460";"B01";"2";"7";"0";"2";"8";"10";"1";""
"202100005782";"191Â 461";"A01";"2";"32";"0";"2";"2";"1";"1";""
"202100005783";"191Â 458";"B01";"1";"33";"0";"0";"3";"3";"1";""
"202100005783";"191Â 459";"A01";"1";"13";"0";"0";"5";"12";"1";""
"202100005784";"191Â 455";"C01";"3";"7";"0";"2";"4";"26";"1";""
"202100005784";"191Â 456";"B01";"3";"7";"0";"2";"0";"26";"1";""
"202100005784";"191Â 457";"A01";"0";"7";"0";"2";"1";"26";"1";""
"202100005785";"191Â 450";"E01";"3";"7";"0";"2";"1";"2";"1";""
"202100005785";"191Â 451";"D01";"3";"7";"0";"2";"9";"1";"1";""
"202100005785";"191Â 452";"C01";"3";"7";"0";"2";"1";"2";"0";""
"202100005785";"191Â 453";"B01";"3";"7";"0";"2";"6";"2";"2";""
"202100005785";"191Â 454";"A01";"3";"10";"0";"2";"1";"13";"0";""
"202100005786";"191Â 448";"B01";"0";"7";"0";"0";"6";"0";"1";""
"202100005786";"191Â 449";"A01";"0";"99";"0";"2";"0";"26";"0";""
"202100005787";"191Â 447";"A01";" -1";"10";"2";"0";"8";"1";"1";""
"202100005788";"191Â 445";"A01";"1";"7";"0";"2";"1";"1";"0";""
"202100005788";"191Â 446";"B01";"2";"43";"0";"2";"3";"1";"0";""
"202100005789";"191Â 444";"A01";"1";"15";"0";"0";"0";"0";"1";""
"202100005790";"191Â 443";"A01";"2";"7";"2";"0";"1";"2";"1";""
"202100005791";"191Â 440";"C01";"1";"10";"0";"2";"1";"1";"1";""
"202100005791";"191Â 441";"B01";"1";"2";"0";"2";"8";"1";"1";""
"202100005791";"191Â 442";"A01";"1";"2";"0";"2";"6";"2";"1";""
"202100005792";"191Â 438";"B01";"1";"7";"0";"2";"1";"1";"1";""
"202100005792";"191Â 439";"A01";"1";"7";"0";"2";"5";"1";"1";""
"202100005793";"191Â 437";"A01";"1";"7";"6";"0";"1";"0";"1";""
"202100005794";"191Â 435";"B01";"1";"33";"0";"2";"4";"1";"1";""
"202100005794";"191Â 436";"A01";"1";"7";"0";"2";"2";"1";"1";""
"202100005795";"191Â 432";"A01";"1";"10";"0";"2";"1";"17";"1";""
"202100005795";"191Â 433";"B01";"2";"7";"0";"2";"1";"1";"1";""
"202100005795";"191Â 434";"C01";"1";"7";"0";"2";"1";"1";"1";""
"202100005796";"191Â 431";"A01";"1";"7";"3";"0";"2";"9";"1";""
"202100005797";"191Â 429";"A01";"2";"7";"0";"2";"1";"17";"1";""
"202100005797";"191Â 430";"B01";"2";"15";"0";"0";"4";"11";"6";""
"202100005798";"191Â 428";"A01";"2";"7";"0";"0";"0";"0";"1";""
"202100005799";"191Â 427";"A01";"2";"7";"2";"0";"2";"1";"1";""
"202100005800";"191Â 425";"B01";"1";"7";"0";"2";"1";"1";"1";""
"202100005800";"191Â 426";"A01";"2";"7";"0";"2";"2";"1";"1";""
"202100005801";"191Â 423";"A01";"1";"7";"0";"2";"3";"13";"1";""
"202100005801";"191Â 424";"B01";"2";"7";"0";"2";"3";"1";"1";""
"202100005802";"191Â 421";"B01";"1";"7";"0";"2";"3";"1";"1";""
"202100005802";"191Â 422";"A01";"2";"7";"0";"2";"3";"13";"1";""
"202100005803";"191Â 419";"A01";"0";"7";"0";"9";"3";"15";"1";""
"202100005803";"191Â 420";"B01";"3";"1";"0";"2";"1";"1";"5";""
"202100005804";"191Â 418";"A01";"2";"7";"15";"0";"9";"0";"1";""
"202100005805";"191Â 416";"B01";"2";"7";"0";"2";"1";"1";"1";""
"202100005805";"191Â 417";"A01";"2";"7";"0";"2";"7";"1";"1";""
"202100005806";"191Â 414";"A01";"1";"7";"0";"2";"1";"1";"1";""
"202100005806";"191Â 415";"B01";"2";"7";"0";"2";"3";"1";"0";""
"202100005807";"191Â 411";"C01";"2";"7";"0";"2";"1";"1";"1";""
"202100005807";"191Â 412";"B01";"1";"17";"0";"2";"1";"1";"1";""
"202100005807";"191Â 413";"A01";"2";"7";"0";"2";"1";"13";"1";""
"202100005808";"191Â 410";"A01";"2";"7";"12";"1";"5";"1";"1";""
"202100005809";"191Â 409";"A01";"3";"7";"0";"1";"2";"1";"1";""
"202100005810";"191Â 406";"C01";"1";"7";"0";"0";"4";"15";"1";""
"202100005810";"191Â 407";"B01";"1";"7";"0";"2";"4";"1";"1";""
"202100005810";"191Â 408";"A01";"1";"10";"0";"2";"1";"1";"1";""
"202100005811";"191Â 405";"A01";"3";"7";"2";"0";"3";"1";"1";""
"202100005812";"191Â 404";"A01";"2";"7";"1";"1";"2";"19";"1";""
"202100005813";"191Â 403";"A01";"2";"7";"0";"0";"0";"17";"1";""
"202100005814";"191Â 401";"A01";"0";"2";"1";"0";"0";"1";"1";""
"202100005815";"191Â 399";"B01";"1";"7";"0";"2";"8";"15";"1";""
"202100005815";"191Â 400";"A01";"2";"7";"0";"2";"3";"17";"1";""
"202100005816";"191Â 397";"B01";"1";"7";"0";"2";"3";"1";"1";""
"202100005816";"191Â 398";"A01";"2";"7";"0";"2";"1";"1";"1";""
"202100005817";"191Â 395";"B01";"2";"2";"0";"2";"8";"1";"1";""
"202100005817";"191Â 396";"A01";"2";"2";"0";"2";"7";"1";"1";""
"202100005818";"191Â 393";"B01";"1";"3";"0";"0";"3";"15";"1";""
"202100005818";"191Â 394";"A01";"1";"7";"0";"2";"1";"1";"1";""
"202100005819";"191Â 391";"A01";"1";"7";"0";"2";"1";"13";"1";""
"202100005819";"191Â 392";"B01";"2";"7";"0";"2";"1";"1";"1";""
"202100005820";"191Â 390";"A01";"2";"7";"6";"0";"1";"0";"1";""
"202100005821";"191Â 387";"B01";"3";"7";"0";"2";"7";"11";"1";""
"202100005821";"191Â 388";"A01";"3";"33";"0";"2";"1";"1";"1";""
"202100005821";"191Â 389";"C01";"3";"7";"0";"2";"3";"23";"1";""
"202100005822";"191Â 385";"A01";"2";"17";"0";"0";"4";"2";"1";""
"202100005822";"191Â 386";"B01";"2";"7";"0";"2";"1";"2";"1";""
"202100005823";"191Â 383";"B01";"0";"7";"0";"2";"2";"17";"1";""
"202100005823";"191Â 384";"A01";"0";"2";"0";"2";"1";"16";"1";""
"202100005824";"191Â 381";"A01";"1";"7";"0";"2";"1";"15";"1";""
"202100005824";"191Â 382";"B01";"1";"7";"6";"2";"8";"1";"1";""
"202100005825";"191Â 380";"A01";"1";"7";"2";"0";"1";"14";"1";""
"202100005826";"191Â 378";"A01";"3";"10";"0";"2";"3";"13";"1";""
"202100005826";"191Â 379";"B01";"3";"7";"0";"2";"3";"15";"3";""
"202100005827";"191Â 377";"A01";"2";"7";"6";"0";"2";"14";"1";""
"202100005828";"191Â 376";"A01";"0";"7";"2";"0";"8";"21";"1";""
"202100005829";"191Â 374";"A01";"1";"7";"0";"2";"1";"17";"1";""
"202100005829";"191Â 375";"B01";"2";"7";"0";"2";"1";"1";"1";""
"202100005830";"191Â 372";"A01";"2";"7";"0";"2";"2";"13";"1";""
"202100005830";"191Â 373";"B01";"1";"7";"0";"2";"1";"1";"1";""
"202100005831";"191Â 371";"A01";"0";"7";"1";"1";"1";"1";"1";""
"202100005832";"191Â 369";"B01";"2";"7";"0";"0";"1";"1";"0";""
"202100005832";"191Â 370";"A01";"2";"7";"7";"2";"2";"1";"1";""
"202100005833";"191Â 368";"A01";"0";"99";"0";"0";"0";"0";"1";""
"202100005834";"191Â 366";"A01";"3";"7";"0";"2";"1";"1";"1";""
"202100005834";"191Â 367";"B01";"3";"7";"0";"2";"3";"1";"1";""
"202100005835";"191Â 365";"A01";"2";"7";"8";"0";"1";"1";"1";""
"202100005836";"191Â 360";"B01";"1";"7";"0";"2";"1";"2";"1";""
"202100005836";"191Â 361";"A01";"1";"7";"0";"2";"4";"2";"1";""
"202100005837";"191Â 358";"B01";"2";"7";"0";"2";"6";"1";"2";""
"202100005837";"191Â 359";"A01";"2";"7";"0";"2";"2";"2";"1";""
"202100005838";"191Â 357";"A01";"1";"7";"2";"0";"9";"0";"1";""
"202100005839";"191Â 355";"A01";"1";"7";"0";"2";"1";"2";"1";""
"202100005839";"191Â 356";"B01";"1";"7";"0";"2";"4";"2";"1";""
"202100005840";"191Â 353";"B01";"1";"7";"0";"2";"4";"0";"1";""
"202100005840";"191Â 354";"A01";"1";"7";"4";"2";"2";"2";"1";""
"202100005841";"191Â 349";"A01";"2";"7";"0";"2";"1";"2";"1";""
"202100005841";"191Â 350";"B01";"2";"7";"0";"2";"5";"2";"2";""
"202100005841";"191Â 351";"D01";"2";"7";"0";"2";"4";"2";"1";""
"202100005841";"191Â 352";"C01";"2";"7";"0";"2";"1";"2";"1";""
"202100005842";"191Â 347";"B01";"2";"7";"0";"2";"4";"2";"1";""
"202100005842";"191Â 348";"A01";"2";"7";"0";"2";"3";"2";"1";""
"202100005843";"191Â 346";"A01";"2";"33";"3";"0";"2";"1";"1";""
"202100005844";"191Â 345";"A01";"1";"7";"13";"0";"2";"1";"1";""
"202100005845";"191Â 344";"A01";"2";"7";"4";"0";"1";"1";"1";""
"202100005846";"191Â 343";"A01";"2";"7";"4";"0";"3";"1";"1";""
"202100005847";"191Â 333";"C01";"2";"7";"0";"2";"0";"0";"1";""
"202100005847";"191Â 334";"D01";"2";"7";"0";"2";"0";"0";"1";""
"202100005847";"191Â 335";"B01";"2";"7";"0";"2";"1";"0";"1";""
"202100005847";"191Â 336";"A01";"2";"7";"0";"2";"4";"2";"1";""
"202100005847";"191Â 337";"I01";"2";"7";"0";"2";"0";"0";"1";""
"202100005847";"191Â 338";"E01";"2";"7";"0";"2";"0";"0";"1";""
"202100005847";"191Â 339";"H01";"2";"7";"0";"2";"0";"0";"1";""
"202100005847";"191Â 340";"G01";"2";"7";"0";"2";"0";"0";"1";""
"202100005847";"191Â 341";"F01";"2";"7";"0";"2";"0";"0";"1";""
"202100005847";"191Â 342";"J01";"2";"10";"0";"2";"0";"0";"1";""
"202100005848";"191Â 331";"A01";"1";"7";"0";"2";"1";"1";"1";""
"202100005848";"191Â 332";"B01";"1";"7";"3";"0";"4";"1";"1";""
"202100005849";"191Â 329";"B01";"2";"17";"0";"2";"6";"1";"1";""
"202100005849";"191Â 330";"A01";"2";"7";"0";"2";"2";"1";"1";""
"202100005850";"191Â 328";"A01";"2";"7";"4";"0";"1";"1";"1";""
"202100005851";"191Â 327";"A01";"1";"7";"4";"0";"1";"13";"1";""
"202100005852";"191Â 326";"A01";"1";"7";"3";"0";"1";"2";"1";""
"202100005853";"191Â 325";"A01";"1";"7";"4";"0";"1";"1";"1";""
"202100005854";"191Â 324";"A01";"1";"7";"0";"2";"3";"1";"1";""
"202100005855";"191Â 323";"A01";"2";"7";"0";"0";"3";"1";"1";""
"202100005856";"191Â 322";"A01";"1";"7";"4";"0";"1";"26";"1";""
"202100005857";"191Â 321";"A01";" -1";"7";"0";"2";"1";"0";"1";""
"202100005858";"191Â 319";"B01";"1";"7";"0";"2";"4";"2";"1";""
"202100005858";"191Â 320";"A01";"1";"7";"0";"2";"1";"1";"1";""
"202100005859";"191Â 317";"A01";"2";"7";"0";"2";"1";"2";"1";""
"202100005859";"191Â 318";"B01";"2";"33";"0";"2";"4";"2";"1";""
"202100005860";"191Â 314";"B01";"2";"7";"0";"2";"3";"1";"1";""
"202100005860";"191Â 315";"A01";"1";"50";"12";"2";"3";"17";"3";""
"202100005861";"191Â 313";"A01";"3";"7";"0";"1";"3";"1";"1";""
"202100005862";"191Â 312";"A01";"1";"7";"0";"1";"1";"1";"1";""
"202100005863";"191Â 311";"A01";"2";"7";"2";"0";"2";"14";"1";""
"202100005864";"191Â 309";"A01";"1";"31";"0";"2";"1";"1";"1";""
"202100005864";"191Â 310";"B01";"3";"30";"0";"2";"8";"15";"1";""
"202100005865";"191Â 307";"B01";"2";"32";"0";"2";"7";"17";"1";""
"202100005865";"191Â 308";"A01";"2";"7";"0";"2";"1";"19";"1";""
"202100005866";"191Â 305";"B01";"1";"7";"0";"2";"1";"6";"1";""
"202100005866";"191Â 306";"A01";"1";"7";"0";"2";"2";"1";"1";""
"202100005867";"191Â 303";"A01";"2";"7";"0";"2";"6";"11";"1";""
"202100005867";"191Â 304";"B01";"1";"33";"0";"2";"1";"1";"1";""
"202100005868";"191Â 301";"A01";"1";"7";"0";"2";"3";"15";"1";""
"202100005868";"191Â 302";"B01";"1";"2";"0";"2";"1";"1";"1";""
"202100005869";"191Â 299";"B01";"2";"2";"0";"2";"1";"1";"1";""
"202100005869";"191Â 300";"A01";"2";"7";"0";"2";"7";"1";"1";""
"202100005870";"191Â 297";"Z01";"2";"2";"0";"2";"1";"17";"0";""
"202100005870";"191Â 298";"A01";"1";"7";"0";"2";"3";"15";"2";""
"202100005871";"191Â 295";"A01";"1";"7";"0";"2";"1";"15";"1";""
"202100005871";"191Â 296";"B01";"2";"7";"0";"2";"1";"1";"1";""
"202100005872";"191Â 294";"A01";" -1";"7";"3";"0";"7";"0";"1";""
"202100005873";"191Â 293";"A01";"2";"7";"0";"1";"3";"1";"1";""
"202100005874";"191Â 291";"B01";"1";"7";"0";"2";"3";"1";"1";""
"202100005874";"191Â 292";"A01";"1";"33";"7";"2";"4";"23";"1";""
"202100005875";"191Â 289";"B01";"2";"50";"0";"2";"8";"19";"3";""
"202100005875";"191Â 290";"A01";"2";"10";"0";"2";"2";"17";"1";""
"202100005876";"191Â 288";"A01";"2";"33";"3";"0";"3";"14";"1";""
"202100005877";"191Â 287";"A01";"2";"7";"8";"0";"1";"1";"1";""
"202100005878";"191Â 286";"A01";"3";"7";"2";"0";"1";"1";"1";""
"202100005879";"191Â 281";"A01";"1";"43";"0";"2";"1";"17";"1";""
"202100005879";"191Â 282";"B01";"2";"33";"0";"2";"1";"1";"1";""
"202100005879";"191Â 283";"C01";"2";"14";"0";"2";"8";"1";"1";""
"202100005879";"191Â 284";"D01";"2";"7";"0";"2";"3";"1";"1";""
"202100005879";"191Â 285";"E01";"1";"7";"0";"2";"8";"1";"1";""
"202100005880";"191Â 278";"C01";"2";"7";"0";"0";"4";"23";"2";""
"202100005880";"191Â 279";"B01";"2";"7";"0";"2";"4";"23";"1";""
"202100005880";"191Â 280";"A01";"2";"7";"0";"2";"1";"1";"1";""
"202100005881";"191Â 277";"A01";"1";"10";"0";"1";"1";"16";"1";""
"202100005882";"191Â 276";"A01";"2";"32";"0";"1";"2";"1";"1";""
"202100005883";"191Â 274";"A01";"2";"7";"0";"2";"2";"1";"1";""
"202100005883";"191Â 275";"B01";"2";"7";"0";"2";"4";"1";"1";""
"202100005884";"191Â 272";"A01";"2";"30";"0";"2";"2";"1";"1";""
"202100005884";"191Â 273";"B01";"2";"7";"0";"2";"6";"16";"1";""
"202100005885";"191Â 270";"B01";"0";"43";"0";"2";"1";"1";"1";""
"202100005885";"191Â 271";"A01";"0";"7";"0";"2";"0";"15";"1";""
"202100005886";"191Â 268";"A01";"2";"37";"0";"1";"7";"1";"1";"1"
"202100005886";"191Â 269";"B01";"2";"1";"0";"2";"1";"9";"0";""
"202100005887";"191Â 267";"A01";"0";"10";"0";"1";"1";"1";"1";""
"202100005888";"191Â 266";"A01";"2";"32";"0";"0";"7";"1";"1";""
"202100005889";"191Â 265";"A01";"1";"7";"0";"2";"1";"2";"1";""
"202100005890";"191Â 264";"A01";"2";"7";"1";"1";"1";"13";"1";""
"202100005891";"191Â 260";"A01";"2";"7";"0";"1";"1";"9";"1";""
"202100005892";"191Â 258";"B01";"3";"30";"0";"2";"1";"26";"1";""
"202100005892";"191Â 259";"A01";"3";"7";"0";"2";"8";"1";"1";""
"202100005893";"191Â 257";"A01";"1";"30";"0";"1";"1";"17";"1";""
"202100005894";"191Â 255";"B01";"2";"32";"0";"2";"1";"1";"1";""
"202100005894";"191Â 256";"A01";"1";"7";"0";"2";"3";"15";"1";""
"202100005895";"191Â 254";"A01";"3";"7";"0";"1";"1";"9";"1";""
"202100005896";"191Â 251";"A01";"2";"17";"0";"1";"7";"1";"1";""
"202100005897";"191Â 249";"B01";"0";"1";"0";"2";"1";"5";"0";""
"202100005897";"191Â 250";"A01";"0";"1";"0";"2";"1";"5";"0";""
"202100005898";"191Â 246";"A01";"2";"7";"0";"1";"1";"1";"1";""
"202100005899";"191Â 244";"A01";"3";"7";"0";"2";"1";"9";"1";""
"202100005899";"191Â 245";"B01";"3";"1";"0";"2";"5";"16";"5";""
"202100005900";"191Â 242";"B01";"3";"30";"0";"2";"1";"1";"1";""
"202100005900";"191Â 243";"A01";"3";"7";"0";"2";"8";"9";"1";""
"202100005901";"191Â 240";"A01";"1";"30";"0";"2";"1";"5";"1";""
"202100005901";"191Â 241";"B01";"2";"7";"0";"2";"3";"1";"1";""
"202100005902";"191Â 239";"A01";"3";"31";"0";"1";"7";"1";"1";""
"202100005903";"191Â 238";"A01";"2";"40";"0";"1";"0";"1";"0";""
"202100005904";"191Â 234";"A01";"2";"7";"0";"2";"1";"2";"1";""
"202100005904";"191Â 235";"B01";"2";"7";"0";"2";"4";"2";"1";""
"202100005905";"191Â 233";"A01";"3";"7";"0";"1";"1";"1";"1";""
"202100005906";"191Â 232";"A01";"3";"7";"0";"1";"2";"1";"1";""
"202100005907";"191Â 230";"A01";"3";"7";"0";"2";"1";"2";"1";""
"202100005907";"191Â 231";"B01";"0";"10";"0";"2";"4";"2";"1";""
"202100005908";"191Â 228";"B01";"0";"7";"0";"2";"1";"1";"1";""
"202100005908";"191Â 229";"A01";"0";"10";"0";"2";"8";"1";"1";""
"202100005909";"191Â 227";"A01";"2";"7";"0";"1";"1";"1";"1";""
"202100005910";"191Â 225";"A01";"1";"7";"0";"2";"2";"15";"2";""
"202100005910";"191Â 226";"B01";"1";"7";"0";"2";"1";"1";"1";""
"202100005911";"191Â 223";"A01";"3";"1";"0";"2";"7";"2";"5";""
"202100005911";"191Â 224";"Z01";"3";"7";"0";"2";"1";"9";"1";""
"202100005912";"191Â 222";"A01";"1";"7";"0";"1";"3";"15";"2";""
"202100005913";"191Â 220";"A01";"1";"30";"0";"2";"1";"2";"3";""
"202100005913";"191Â 221";"B01";"1";"7";"0";"2";"4";"1";"1";""
"202100005914";"191Â 218";"B01";"3";"1";"0";"2";"1";"1";"5";""
"202100005914";"191Â 219";"A01";"1";"7";"0";"2";"5";"1";"1";""
"202100005915";"191Â 217";"A01";"1";"7";"0";"1";"1";"1";"1";""
"202100005916";"191Â 215";"B01";"3";"7";"0";"9";"2";"15";"1";""
"202100005916";"191Â 216";"A01";"3";"1";"0";"2";"1";"1";"5";""
"202100005917";"191Â 213";"B01";"1";"7";"0";"2";"1";"1";"1";""
"202100005917";"191Â 214";"A01";"2";"50";"0";"2";"1";"5";"3";""
"202100005918";"191Â 211";"A01";"1";"30";"3";"2";"1";"18";"1";""
"202100005918";"191Â 212";"B01";"1";"7";"1";"0";"5";"2";"1";""
"202100005919";"191Â 210";"A01";"2";"7";"0";"1";"3";"9";"1";""
"202100005920";"191Â 208";"A01";"0";"7";"0";"2";"1";"1";"1";""
"202100005920";"191Â 209";"B01";"0";"7";"0";"0";"0";"0";"0";""
"202100005921";"191Â 207";"A01";"2";"7";"0";"1";"1";"1";"1";""
"202100005922";"191Â 205";"B01";"1";"33";"0";"2";"1";"1";"1";""
"202100005922";"191Â 206";"A01";"1";"7";"0";"2";"4";"20";"1";""
"202100005923";"191Â 204";"Z01";"0";"10";"0";"1";"0";"0";"0";""
"202100005924";"191Â 202";"B01";"1";"80";"0";"2";"3";"16";"3";""
"202100005924";"191Â 203";"A01";"1";"7";"0";"2";"8";"1";"1";""
"202100005925";"191Â 200";"A01";"2";"7";"0";"2";"8";"22";"1";""
"202100005925";"191Â 201";"B01";"2";"1";"1";"0";"1";"1";"5";""
"202100005926";"191Â 198";"A01";"1";"7";"0";"1";"7";"1";"1";""
"202100005926";"191Â 199";"B01";"3";"60";"0";"2";"0";"0";"5";""
"202100005927";"191Â 197";"A01";"1";"7";"0";"1";"1";"1";"1";""
"202100005928";"191Â 196";"A01";"3";"7";"0";"1";"1";"1";"1";""
"202100005929";"191Â 195";"A01";"1";"1";"14";"0";"1";"13";"5";""
"202100005930";"191Â 193";"B01";"1";"7";"0";"2";"4";"23";"1";""
"202100005930";"191Â 194";"A01";"1";"10";"0";"2";"1";"2";"1";""
"202100005931";"191Â 191";"B01";"1";"7";"0";"2";"1";"1";"1";""
"202100005931";"191Â 192";"A01";"1";"7";"0";"2";"2";"1";"1";""
"202100005932";"191Â 189";"B01";"1";"2";"0";"2";"8";"1";"1";""
"202100005932";"191Â 190";"A01";"1";"7";"0";"9";"2";"1";"1";""
"202100005933";"191Â 188";"A01";"1";"7";"0";"1";"3";"15";"1";""
"202100005934";"191Â 186";"B01";"1";"2";"0";"2";"1";"1";"1";""
"202100005934";"191Â 187";"A01";"1";"7";"0";"9";"8";"15";"1";""
"202100005935";"191Â 184";"A01";"1";"1";"0";"2";"1";"26";"5";""
"202100005935";"191Â 185";"B01";"1";"7";"0";"9";"7";"1";"1";""
"202100005936";"191Â 183";"A01";"2";"7";"6";"0";"2";"1";"1";""
"202100005937";"191Â 181";"A01";"3";"7";"0";"2";"1";"13";"1";""
"202100005937";"191Â 182";"B01";"3";"7";"0";"2";"1";"1";"1";""
"202100005938";"191Â 179";"B01";"1";"7";"0";"2";"3";"1";"1";""
"202100005938";"191Â 180";"A01";"1";"7";"0";"2";"2";"1";"1";""
"202100005939";"191Â 178";"A01";"1";"7";"0";"1";"1";"1";"1";""
"202100005940";"191Â 176";"B01";"0";"7";"0";"2";"6";"15";"1";""
"202100005940";"191Â 177";"A01";"0";"32";"0";"2";"1";"17";"1";""
"202100005941";"191Â 174";"B01";"1";"7";"0";"2";"4";"2";"1";""
"202100005941";"191Â 175";"A01";"1";"7";"0";"2";"1";"2";"1";""
"202100005942";"191Â 173";"A01";"3";"10";"0";"1";"6";"4";"1";""
"202100005943";"191Â 171";"A01";"2";"10";"0";"2";"1";"7";"1";""
"202100005943";"191Â 172";"B01";"1";"7";"0";"2";"7";"1";"1";""
"202100005944";"191Â 169";"A01";"2";"7";"0";"2";"2";"1";"1";""
"202100005944";"191Â 170";"B01";"1";"7";"0";"2";"2";"0";"1";""
"202100005945";"191Â 167";"B01";"1";"7";"0";"2";"1";"1";"1";""
"202100005945";"191Â 168";"A01";"1";"7";"0";"2";"1";"13";"1";""
"202100005946";"191Â 166";"A01";"1";"30";"0";"0";"7";"16";"3";""
"202100005947";"191Â 165";"A01";"2";"30";"0";"0";"7";"9";"1";""
"202100005948";"191Â 163";"A01";"0";"7";"0";"2";"4";"9";"1";""