"Num_Acc";"id_vehicule";"num_veh";"senc";"catv";"obs";"obsm";"choc";"manv";"motor";"occutc"
"202100005948";"191Â 164";"B01";"3";"7";"0";"2";"9";"1";"1";""
"202100005949";"191Â 161";"B01";"3";"1";"0";"2";"1";"1";"5";""
"202100005949";"191Â 162";"A01";"2";"7";"0";"2";"7";"16";"2";""
"202100005950";"191Â 157";"A01";"1";"7";"0";"2";"1";"0";"1";""
"202100005950";"191Â 158";"B01";"1";"7";"0";"2";"4";"1";"1";""
"202100005950";"191Â 159";"C01";"1";"7";"0";"2";"7";"1";"1";""
"202100005950";"191Â 160";"D01";"1";"7";"0";"2";"4";"1";"1";""
"202100005951";"191Â 156";"A01";"1";"7";"0";"1";"1";"2";"1";""
"202100005952";"191Â 155";"A01";"3";"7";"0";"1";"1";"25";"1";""
"202100005953";"191Â 154";"A01";"1";"7";"0";"0";"9";"0";"1";""
"202100005954";"191Â 152";"B01";"3";"1";"0";"2";"0";"0";"5";""
"202100005954";"191Â 153";"Z01";"0";"7";"0";"2";"0";"0";"0";""
"202100005955";"191Â 151";"A01";"2";"7";"0";"1";"1";"1";"1";""
"202100005956";"191Â 149";"B01";"2";"7";"0";"2";"1";"1";"0";""
"202100005956";"191Â 150";"A01";"2";"50";"0";"2";"4";"1";"3";""
"202100005957";"191Â 147";"A01";"2";"7";"0";"2";"1";"9";"1";""
"202100005957";"191Â 148";"B01";"1";"7";"0";"2";"7";"1";"1";""
"202100005958";"191Â 145";"A01";"2";"7";"0";"2";"1";"15";"1";""
"202100005958";"191Â 146";"B01";"1";"32";"0";"2";"1";"1";"1";""
"202100005959";"191Â 141";"A01";"1";"7";"0";"2";"1";"1";"1";""
"202100005959";"191Â 142";"C01";"1";"7";"0";"2";"4";"1";"1";""
"202100005959";"191Â 143";"D01";"1";"7";"0";"2";"4";"1";"1";""
"202100005959";"191Â 144";"B01";"1";"7";"0";"2";"4";"1";"1";""
"202100005960";"191Â 140";"A01";"2";"7";"0";"1";"1";"1";"1";""
"202100005961";"191Â 138";"A01";"3";"7";"0";"9";"3";"15";"1";""
"202100005961";"191Â 139";"B01";"3";"1";"0";"2";"8";"1";"5";""
"202100005962";"191Â 136";"A01";"2";"7";"0";"2";"1";"1";"1";""
"202100005962";"191Â 137";"B01";"2";"7";"0";"0";"4";"23";"1";""
"202100005963";"191Â 135";"A01";"1";"7";"13";"0";"2";"1";"1";""
"202100005964";"191Â 134";"A01";"3";"7";"13";"0";"2";"14";"1";""
"202100005965";"191Â 133";"A01";"1";"10";"0";"0";"1";"16";"1";""
"202100005966";"191Â 132";"A01";"1";"7";"0";"5";"1";"21";"1";""
"202100005967";"191Â 130";"A01";"0";"0";"0";"2";"1";"1";"1";""
"202100005967";"191Â 131";"B01";"0";"1";"0";"2";"3";"1";"5";""
"202100005968";"191Â 128";"B01";"3";"33";"0";"2";"4";"1";"1";""
"202100005968";"191Â 129";"A01";"3";"7";"0";"2";"1";"1";"1";""
"202100005969";"191Â 126";"B01";"1";"7";"0";"2";"3";"13";"0";""
"202100005969";"191Â 127";"A01";"2";"30";"0";"2";"8";"26";"1";""
"202100005970";"191Â 124";"B01";"3";"1";"0";"2";"3";"9";"5";""
"202100005970";"191Â 125";"A01";"3";"1";"0";"2";"3";"9";"5";""
"202100005971";"191Â 122";"A01";"1";"13";"0";"2";"5";"23";"1";""
"202100005971";"191Â 123";"B01";"1";"2";"0";"2";"1";"26";"1";""
"202100005972";"191Â 121";"A01";" -1";"7";"0";"1";"2";"26";"1";""
"202100005973";"191Â 120";"A01";"3";"7";"0";"1";"1";"20";"1";""
"202100005974";"191Â 118";"A01";"1";"7";"0";"2";"1";"26";"2";""
"202100005974";"191Â 119";"B01";"3";"1";"0";"2";"7";"19";"5";""
"202100005975";"191Â 117";"Z01";"3";"7";"0";"1";"1";"0";"0";""
"202100005976";"191Â 116";"Z01";"1";"7";"0";"1";"1";"14";"1";""
"202100005977";"191Â 114";"A01";"0";"7";"0";"2";"2";"1";"1";""
"202100005977";"191Â 115";"B01";"0";"7";"0";"2";"6";"1";"1";""
"202100005978";"191Â 112";"B01";"1";"7";"0";"2";"0";"15";"1";""
"202100005978";"191Â 113";"A01";"1";"33";"0";"2";"0";"5";"1";""
"202100005979";"191Â 110";"A01";"2";"7";"0";"2";"2";"1";"1";""
"202100005979";"191Â 111";"B01";"2";"7";"0";"2";"6";"0";"1";""
"202100005980";"191Â 108";"A01";"0";"7";"0";"2";"1";"1";"1";""
"202100005980";"191Â 109";"B01";"0";"7";"0";"2";"4";"1";"1";""
"202100005981";"191Â 106";"B01";"2";"31";"0";"2";"1";"1";"1";""
"202100005981";"191Â 107";"A01";"2";"7";"0";"2";"3";"15";"2";""
"202100005982";"191Â 104";"Y01";"3";"7";"0";"2";"3";"15";"1";""
"202100005982";"191Â 105";"B01";"1";"7";"0";"2";"3";"1";"1";""
"202100005983";"191Â 101";"A01";"2";"7";"0";"2";"1";"1";"1";""
"202100005983";"191Â 102";"B01";"2";"7";"0";"2";"4";"1";"1";""
"202100005983";"191Â 103";"C01";"2";"7";"0";"2";"4";"1";"1";""
"202100005984";"191Â 100";"A01";"3";"10";"0";"1";"3";"15";"1";""
"202100005985";"191Â 098";"B01";"1";"7";"0";"2";"6";"15";"1";""
"202100005985";"191Â 099";"A01";"1";"2";"0";"2";"1";"17";"1";""
"202100005986";"191Â 096";"B01";"2";"7";"0";"2";"3";"1";"1";""
"202100005986";"191Â 097";"A01";"1";"2";"0";"2";"1";"5";"1";""
"202100005987";"191Â 095";"A01";"2";"7";"6";"0";"1";"15";"1";""
"202100005988";"191Â 094";"A01";"1";"7";"8";"0";"2";"16";"1";""
"202100005989";"191Â 092";"B01";"1";"32";"0";"2";"1";"1";"1";""
"202100005989";"191Â 093";"A01";"2";"7";"0";"2";"1";"15";"1";""
"202100005990";"191Â 090";"B01";"2";"7";"0";"2";"0";"15";"1";""
"202100005990";"191Â 091";"A01";"1";"32";"0";"2";"6";"17";"1";""
"202100005991";"191Â 088";"A01";"2";"10";"0";"2";"1";"1";"6";""
"202100005991";"191Â 089";"B01";"1";"2";"0";"2";"1";"1";"1";""
"202100005992";"191Â 087";"A01";"2";"50";"0";"1";"8";"25";"3";""
"202100005993";"191Â 085";"A01";"2";"1";"0";"2";"1";"2";"5";""
"202100005993";"191Â 086";"B01";"2";"7";"0";"2";"6";"23";"1";""
"202100005994";"191Â 083";"B01";"1";"2";"1";"2";"1";"18";"1";""
"202100005994";"191Â 084";"A01";"1";"10";"0";"2";"5";"22";"1";""
"202100005995";"191Â 082";"A01";"1";"31";"0";"0";"0";"1";"1";""
"202100005996";"191Â 080";"A01";"1";"1";"0";"2";"3";"1";"5";""
"202100005996";"191Â 081";"B01";"1";"7";"0";"2";"5";"22";"2";""
"202100005997";"191Â 078";"A01";"2";"1";"0";"2";"9";"18";"5";""
"202100005997";"191Â 079";"B01";"2";"38";"0";"2";"7";"16";"1";"1"
"202100005998";"191Â 076";"A01";"2";"7";"0";"2";"4";"2";"1";""
"202100005998";"191Â 077";"B01";"1";"2";"0";"2";"1";"2";"3";""
"202100005999";"191Â 075";"A01";"2";"7";"0";"1";"3";"1";"1";""
"202100006000";"191Â 073";"A01";"2";"50";"0";"2";"8";"1";"3";""
"202100006000";"191Â 074";"Z01";"0";"7";"0";"2";"2";"17";"0";""
"202100006001";"191Â 071";"B01";"2";"31";"0";"2";"7";"17";"1";""
"202100006001";"191Â 072";"A01";"2";"7";"8";"2";"3";"13";"2";""
"202100006002";"191Â 069";"A01";"3";"7";"0";"2";"1";"2";"1";""
"202100006002";"191Â 070";"B01";"3";"7";"0";"2";"4";"2";"1";""
"202100006003";"191Â 067";"A01";"2";"7";"0";"2";"1";"2";"1";""
"202100006003";"191Â 068";"B01";"2";"7";"0";"0";"4";"2";"1";""
"202100006004";"191Â 065";"B01";"1";"7";"0";"2";"4";"2";"1";""
"202100006004";"191Â 066";"A01";"1";"34";"0";"2";"1";"2";"1";""
"202100006005";"191Â 061";"A01";"3";"7";"1";"2";"5";"26";"1";""
"202100006005";"191Â 062";"B01";"3";"7";"1";"2";"1";"20";"1";""
"202100006005";"191Â 063";"C01";"3";"7";"1";"2";"1";"5";"1";""
"202100006005";"191Â 064";"D01";"3";"7";"0";"2";"3";"5";"1";""
"202100006006";"191Â 060";"A01";"2";"30";"1";"2";"0";"21";"1";""
"202100006007";"191Â 058";"A01";"1";"7";"0";"2";"2";"15";"1";""
"202100006007";"191Â 059";"B01";"2";"32";"0";"2";"1";"1";"1";""
"202100006008";"191Â 056";"B01";"1";"7";"0";"2";"6";"1";"1";""
"202100006008";"191Â 057";"A01";"2";"7";"14";"2";"1";"0";"1";""
"202100006009";"191Â 055";"A01";"3";"7";"0";"1";"1";"2";"1";""
"202100006010";"191Â 052";"A01";" -1";"7";"0";"9";"4";"23";"1";""
"202100006010";"191Â 053";"B01";" -1";"7";"0";"2";"4";"23";"1";""
"202100006010";"191Â 054";"C01";"3";"7";"0";"2";"1";"1";"1";""
"202100006011";"191Â 050";"A01";"2";"0";"8";"2";"3";"16";"0";""
"202100006011";"191Â 051";"B01";"2";"30";"12";"2";"1";"1";"0";""
"202100006012";"191Â 048";"A01";"3";"7";"0";"2";"1";"9";"1";""
"202100006012";"191Â 049";"B01";" -1";"30";"0";"2";"7";"0";"1";""
"202100006013";"191Â 046";"A01";"0";"30";"0";"2";"1";"26";"1";""
"202100006013";"191Â 047";"B01";"0";"7";"0";"2";"3";"0";"1";""
"202100006014";"191Â 044";"A01";"1";"7";"0";"2";"4";"26";"1";""
"202100006014";"191Â 045";"B01";"1";"7";"0";"2";"2";"9";"1";""
"202100006015";"191Â 042";"B01";"1";"7";"0";"2";"1";"16";"1";""
"202100006015";"191Â 043";"A01";"2";"50";"0";"2";"1";"5";"3";""
"202100006016";"191Â 040";"B01";"1";"31";"0";"2";"1";"17";"1";""
"202100006016";"191Â 041";"A01";"1";"7";"0";"2";"8";"15";"2";""
"202100006017";"191Â 039";"A01";"3";"10";"0";"1";"4";"20";"1";""
"202100006018";"191Â 037";"B01";"0";"7";"0";"2";"4";"26";"1";""
"202100006018";"191Â 038";"A01";"0";"7";"0";"2";"1";"26";"1";""
"202100006019";"191Â 035";"B01";"3";"10";"0";"9";"5";"23";"1";""
"202100006019";"191Â 036";"A01";"3";"60";"0";"2";"1";"0";"5";""
"202100006020";"191Â 034";"A01";"2";"7";"0";"1";"2";"15";"1";""
"202100006021";"191Â 032";"B01";"2";"33";"0";"2";"0";"1";"1";""
"202100006021";"191Â 033";"A01";"1";"7";"0";"2";"0";"1";"1";""
"202100006022";"191Â 031";"A01";"2";"7";"13";"0";"2";"26";"1";""
"202100006023";"191Â 030";"A01";"2";"7";"0";"1";"2";"1";"1";""
"202100006024";"191Â 025";"B01";"2";"15";"0";"0";"6";"1";"1";""
"202100006024";"191Â 026";"E01";"2";"7";"0";"9";"1";"21";"1";""
"202100006024";"191Â 027";"D01";"2";"7";"0";"9";"1";"2";"1";""
"202100006024";"191Â 028";"C01";"2";"7";"0";"2";"2";"1";"1";""
"202100006024";"191Â 029";"A01";"2";"7";"0";"2";"2";"14";"1";""
"202100006025";"191Â 021";"D01";"2";"10";"0";"2";"8";"1";"1";""
"202100006025";"191Â 022";"C01";"2";"7";"0";"2";"8";"1";"1";""
"202100006025";"191Â 023";"B01";"1";"7";"0";"2";"3";"1";"1";""
"202100006025";"191Â 024";"A01";"2";"33";"0";"2";"1";"17";"1";""
"202100006026";"191Â 020";"A01";"2";"7";"2";"0";"1";"1";"2";""
"202100006027";"191Â 019";"A01";"2";"7";"2";"0";"2";"1";"1";""
"202100006028";"191Â 017";"A01";"1";"7";"6";"0";"1";"1";"1";""
"202100006029";"191Â 016";"A01";"1";"7";"13";"0";"1";"1";"1";""
"202100006030";"191Â 015";"A01";"2";"7";"4";"0";"3";"13";"1";""
"202100006031";"191Â 013";"A01";"1";"1";"0";"2";"1";"1";"5";""
"202100006031";"191Â 014";"B01";"2";"7";"0";"2";"3";"9";"1";""
"202100006032";"191Â 012";"A01";"1";"7";"13";"0";"3";"1";"1";""
"202100006033";"191Â 011";"A01";"2";"7";"0";"1";"1";"15";"1";""
"202100006034";"191Â 009";"B01";"2";"7";"0";"2";"1";"1";"1";""
"202100006034";"191Â 010";"A01";"1";"7";"0";"2";"1";"1";"1";""
"202100006035";"191Â 008";"A01";"2";"2";"1";"0";"1";"14";"1";""
"202100006036";"191Â 007";"A01";"0";"7";"13";"0";"2";"0";"1";""
"202100006037";"191Â 005";"B01";"1";"7";"0";"2";"1";"1";"1";""
"202100006037";"191Â 006";"A01";"2";"7";"0";"2";"3";"13";"1";""
"202100006038";"191Â 002";"A01";"2";"7";"2";"0";"1";"1";"1";""
"202100006039";"190Â 999";"B01";"2";"7";"0";"2";"1";"0";"1";""
"202100006039";"191Â 000";"A01";"1";"7";"0";"2";"1";"0";"1";""
"202100006040";"190Â 997";"A01";"2";"7";"0";"2";"1";"13";"1";""
"202100006040";"190Â 998";"B01";"1";"15";"0";"2";"1";"1";"1";""
"202100006041";"190Â 996";"A01";"2";"33";"11";"0";"1";"0";"1";""
"202100006042";"190Â 994";"B01";"1";"7";"0";"2";"8";"1";"1";""
"202100006042";"190Â 995";"A01";"0";"7";"0";"2";"1";"9";"1";""
"202100006043";"190Â 993";"A01";"1";"7";"0";"1";"2";"16";"1";""
"202100006044";"190Â 992";"A01";"1";"2";"13";"0";"0";"1";"1";""
"202100006045";"190Â 990";"B01";"2";"31";"0";"2";"1";"17";"1";""
"202100006045";"190Â 991";"A01";"2";"7";"0";"2";"6";"15";"1";""
"202100006046";"190Â 988";"B01";"1";"7";"0";"2";"6";"19";"1";""
"202100006046";"190Â 989";"A01";"1";"7";"0";"2";"1";"1";"1";""
"202100006047";"190Â 986";"A01";"3";"10";"0";"2";"8";"19";"1";""
"202100006047";"190Â 987";"B01";"3";"33";"0";"2";"8";"1";"1";""
"202100006048";"190Â 985";"A01";"3";"7";"4";"0";"0";"0";"1";""
"202100006049";"190Â 982";"B01";"1";"7";"0";"2";"2";"17";"1";""
"202100006049";"190Â 983";"A01";"1";"7";"3";"2";"1";"1";"1";""
"202100006049";"190Â 984";"C01";"1";"13";"0";"2";"4";"1";"1";""
"202100006050";"190Â 981";"A01";"3";"30";"2";"0";"3";"14";"1";""
"202100006051";"190Â 980";"A01";"1";"10";"16";"0";"9";"14";"1";""
"202100006052";"190Â 979";"A01";"2";"7";"0";"1";"2";"9";"1";""
"202100006053";"190Â 978";"A01";"1";"2";"12";"0";"7";"16";"1";""
"202100006054";"190Â 977";"A01";"2";"7";"0";"1";"3";"26";"1";""
"202100006055";"190Â 976";"A01";"2";"7";"2";"0";"2";"5";"1";""
"202100006056";"190Â 975";"A01";"3";"7";"0";"1";"0";"1";"1";""
"202100006057";"190Â 973";"B01";"1";"7";"0";"2";"1";"1";"1";""
"202100006057";"190Â 974";"A01";"2";"7";"0";"2";"1";"13";"1";""
"202100006058";"190Â 971";"B01";"0";"7";"0";"2";"3";"0";"1";""
"202100006058";"190Â 972";"A01";"0";"7";"0";"2";"3";"0";"1";""
"202100006059";"190Â 970";"A01";"2";"7";"2";"0";"1";"1";"1";""
"202100006060";"190Â 969";"A01";"1";"7";"2";"0";"3";"13";"1";""
"202100006061";"190Â 967";"A01";"1";"7";"2";"2";"1";"2";"1";""
"202100006061";"190Â 968";"B01";"1";"7";"3";"2";"4";"2";"1";""
"202100006062";"190Â 966";"A01";"2";"7";"2";"0";"1";"13";"1";""
"202100006063";"190Â 965";"A01";"3";"7";"0";"1";"4";"20";"1";""
"202100006064";"190Â 962";"C01";"1";"7";"0";"2";"1";"17";"1";""
"202100006064";"190Â 963";"B01";"2";"7";"0";"2";"1";"1";"1";""
"202100006064";"190Â 964";"A01";"1";"7";"0";"0";"1";"15";"1";""
"202100006065";"190Â 960";"A01";"3";"7";"0";"9";"2";"2";"1";""
"202100006065";"190Â 961";"B01";"3";"1";"0";"2";"6";"2";"5";""
"202100006066";"190Â 959";"A01";"3";"7";"0";"1";"1";"1";"1";""
"202100006067";"190Â 957";"B01";"0";"2";"0";"2";"1";"1";"1";""
"202100006067";"190Â 958";"A01";"0";"7";"0";"2";"1";"13";"1";""
"202100006068";"190Â 956";"A01";"2";"7";"13";"0";"1";"2";"1";""
"202100006069";"190Â 955";"A01";"2";"7";"8";"0";"1";"1";"1";""
"202100006070";"190Â 954";"A01";"1";"7";"4";"0";"3";"13";"1";""
"202100006071";"190Â 951";"A01";"2";"7";"0";"2";"1";"2";"3";""
"202100006071";"190Â 952";"C01";"2";"7";"0";"2";"4";"2";"1";""
"202100006071";"190Â 953";"B01";"2";"7";"0";"2";"4";"2";"1";""
"202100006072";"190Â 949";"A01";"2";"13";"0";"2";"8";"1";"1";""
"202100006072";"190Â 950";"B01";"2";"7";"0";"2";"1";"26";"1";""
"202100006073";"190Â 947";"B01";"1";"7";"0";"2";"4";"1";"1";""
"202100006073";"190Â 948";"A01";"1";"14";"0";"2";"1";"1";"1";""
"202100006074";"190Â 945";"B01";"1";"7";"0";"2";"4";"2";"2";""
"202100006074";"190Â 946";"A01";"1";"7";"0";"2";"1";"2";"1";""
"202100006075";"190Â 944";"A01";"2";"10";"4";"0";"9";"26";"1";""
"202100006076";"190Â 941";"C01";"1";"7";"0";"2";"4";"2";"1";""
"202100006076";"190Â 942";"A01";"1";"7";"0";"2";"1";"2";"1";""
"202100006076";"190Â 943";"B01";"1";"7";"0";"2";"4";"2";"1";""
"202100006077";"190Â 940";"A01";"2";"7";"4";"0";"1";"1";"1";""
"202100006078";"190Â 939";"A01";"2";"7";"4";"0";"1";"1";"2";""
"202100006079";"190Â 936";"C01";"2";"7";"0";"2";"1";"2";"1";""
"202100006079";"190Â 937";"B01";"1";"7";"0";"2";"0";"2";"1";""
"202100006079";"190Â 938";"A01";"1";"10";"0";"2";"4";"2";"1";""
"202100006080";"190Â 935";"A01";"2";"43";"0";"0";"7";"21";"1";""
"202100006081";"190Â 932";"A01";"2";"7";"0";"2";"0";"0";"1";""
"202100006081";"190Â 933";"B01";"2";"7";"0";"2";"1";"0";"1";""
"202100006081";"190Â 934";"C01";"2";"7";"0";"2";"1";"1";"1";""
"202100006082";"190Â 930";"A01";"1";"7";"0";"2";"1";"2";"1";""
"202100006082";"190Â 931";"B01";"1";"7";"0";"2";"5";"2";"1";""
"202100006083";"190Â 928";"B01";"1";"7";"0";"2";"4";"2";"1";""
"202100006083";"190Â 929";"A01";"1";"7";"0";"2";"1";"2";"1";""
"202100006084";"190Â 926";"A01";"1";"7";"0";"2";"1";"2";"1";""
"202100006084";"190Â 927";"B01";"1";"7";"0";"2";"4";"2";"1";""
"202100006085";"190Â 925";"A01";"2";"7";"0";"1";"0";"26";"1";""
"202100006086";"190Â 923";"B01";"1";"32";"0";"2";"1";"1";"1";""
"202100006086";"190Â 924";"A01";"1";"7";"0";"2";"2";"20";"1";""
"202100006087";"190Â 921";"B01";"1";"50";"0";"2";"7";"26";"3";""
"202100006087";"190Â 922";"A01";"1";"7";"0";"2";"3";"15";"1";""
"202100006088";"190Â 920";"A01";"1";"7";"0";"1";"6";"4";"1";""
"202100006089";"190Â 919";"A01";"1";"30";"0";"0";"0";"1";"1";""
"202100006090";"190Â 917";"A01";"2";"7";"0";"2";"3";"15";"1";""
"202100006090";"190Â 918";"B01";"1";"2";"0";"2";"1";"1";"1";""
"202100006091";"190Â 915";"B01";"1";"7";"4";"2";"8";"1";"1";""
"202100006091";"190Â 916";"A01";"1";"13";"0";"2";"1";"12";"0";""
"202100006092";"190Â 912";"A01";"2";"32";"0";"2";"7";"1";"1";""
"202100006092";"190Â 913";"B01";"2";"10";"0";"2";"8";"9";"1";""
"202100006093";"190Â 911";"A01";"2";"80";"0";"1";"1";"1";"3";""
"202100006094";"190Â 909";"B01";"3";"1";"0";"2";"8";"1";"5";""
"202100006094";"190Â 910";"A01";"3";"7";"0";"2";"2";"16";"1";""
"202100006095";"190Â 907";"B01";"2";"14";"0";"2";"3";"17";"1";""
"202100006095";"190Â 908";"A01";"2";"30";"0";"2";"2";"1";"3";""
"202100006096";"190Â 905";"B01";"1";"31";"1";"2";"2";"1";"1";""
"202100006096";"190Â 906";"A01";"1";"1";"0";"2";"6";"18";"5";""
"202100006097";"190Â 904";"Z01";"1";"50";"0";"1";"0";"1";"3";""
"202100006098";"190Â 903";"A01";"2";"2";"0";"1";"2";"1";"1";""
"202100006099";"190Â 902";"A01";"2";"1";"0";"0";"1";"1";"5";""
"202100006100";"190Â 901";"A01";"1";"30";"1";"1";"1";"17";"3";""
"202100006101";"190Â 900";"Z01";"2";"50";"0";"1";"1";"19";"3";""
"202100006102";"190Â 898";"A01";"3";"33";"0";"2";"3";"1";"1";""
"202100006102";"190Â 899";"B01";"3";"43";"0";"2";"8";"15";"1";""
"202100006103";"190Â 897";"A01";"3";"7";"0";"1";"3";"15";"1";""
"202100006104";"190Â 894";"B01";"2";"7";"0";"2";"9";"2";"1";""
"202100006104";"190Â 895";"C01";"2";"10";"0";"2";"4";"2";"0";""
"202100006104";"190Â 896";"A01";"2";"7";"0";"2";"1";"2";"1";""
"202100006105";"190Â 892";"A01";"3";"7";"0";"2";"1";"1";"1";""
"202100006105";"190Â 893";"B01";"3";"1";"0";"2";"8";"5";"5";""
"202100006106";"190Â 890";"A01";"1";"30";"0";"2";"7";"26";"1";""
"202100006106";"190Â 891";"B01";"2";"7";"0";"2";"3";"1";"1";""
"202100006107";"190Â 888";"B01";"1";"7";"0";"2";"1";"23";"1";""
"202100006107";"190Â 889";"A01";"2";"30";"0";"2";"1";"1";"1";""
"202100006108";"190Â 886";"B01";"1";"7";"0";"2";"7";"26";"1";""
"202100006108";"190Â 887";"A01";"1";"7";"0";"2";"1";"15";"0";""
"202100006109";"190Â 885";"A01";"2";"30";"0";"0";"0";"1";"1";""
"202100006110";"190Â 882";"A01";"2";"7";"0";"2";"1";"2";"1";""
"202100006110";"190Â 883";"B01";"2";"7";"0";"2";"4";"2";"1";""
"202100006110";"190Â 884";"C01";"2";"10";"0";"2";"4";"2";"1";""
"202100006111";"190Â 880";"A01";"1";"7";"0";"9";"1";"17";"1";""
"202100006111";"190Â 881";"B01";"3";"50";"0";"2";"0";"0";"3";""
"202100006112";"190Â 878";"B01";"1";"7";"0";"2";"8";"0";"1";""
"202100006112";"190Â 879";"A01";"1";"7";"0";"2";"7";"1";"1";""
"202100006113";"190Â 876";"A01";"1";"7";"0";"2";"3";"0";"1";""
"202100006113";"190Â 877";"B01";"1";"7";"4";"2";"0";"0";"1";""
"202100006114";"190Â 875";"A01";"3";"7";"0";"1";"1";"0";"1";""
"202100006115";"190Â 873";"B01";"2";"37";"0";"2";"2";"2";"1";"2"
"202100006115";"190Â 874";"A01";"2";"7";"0";"2";"1";"15";"1";""
"202100006116";"190Â 871";"A01";"3";"31";"0";"2";"7";"1";"1";""
"202100006116";"190Â 872";"B01";"3";"7";"0";"2";"1";"1";"1";""
"202100006117";"190Â 870";"A01";"2";"10";"0";"0";"9";"26";"1";""
"202100006118";"190Â 868";"B01";"1";"7";"0";"2";"3";"1";"1";""
"202100006118";"190Â 869";"A01";"1";"7";"0";"2";"1";"1";"1";""
"202100006119";"190Â 866";"A01";"2";"7";"0";"2";"3";"11";"1";""
"202100006119";"190Â 867";"B01";"3";"1";"0";"2";"7";"19";"5";""
"202100006120";"190Â 864";"A01";"1";"10";"12";"2";"1";"26";"1";""
"202100006120";"190Â 865";"B01";"1";"7";"12";"2";"4";"26";"1";""
"202100006121";"190Â 862";"B01";"1";"30";"0";"2";"3";"1";"1";""
"202100006121";"190Â 863";"A01";"1";"10";"0";"2";"7";"20";"1";""
"202100006122";"190Â 860";"B01";"3";"50";"0";"2";"1";"1";"3";""
"202100006122";"190Â 861";"A01";"3";"7";"0";"2";"7";"19";"1";""
"202100006123";"190Â 858";"B01";"2";"2";"0";"2";"1";"1";"6";""
"202100006123";"190Â 859";"A01";"1";"7";"0";"2";"3";"17";"6";""
"202100006124";"190Â 856";"B01";"3";"1";"0";"2";"7";"1";"6";""
"202100006124";"190Â 857";"A01";"0";"99";"0";"2";"7";"15";"1";""
"202100006125";"190Â 855";"A01";"2";"30";"0";"0";"0";"21";"1";""
"202100006126";"190Â 853";"B01";"1";"7";"0";"2";"1";"1";"1";""
"202100006126";"190Â 854";"A01";"1";"7";"0";"2";"8";"10";"1";""
"202100006127";"190Â 852";"A01";"2";"34";"0";"1";"2";"21";"1";""
"202100006128";"190Â 851";"A01";"1";"32";"0";"0";"0";"1";"1";""
"202100006129";"190Â 849";"B01";"1";"32";"0";"2";"8";"1";"1";""
"202100006129";"190Â 850";"A01";"2";"7";"0";"2";"2";"1";"1";""
"202100006130";"190Â 848";"A01";"1";"7";"0";"1";"1";"1";"1";""
"202100006131";"190Â 847";"A01";"1";"7";"0";"1";"1";"1";"1";""
"202100006132";"190Â 846";"A01";"3";"33";"0";"9";"1";"0";"1";""
"202100006133";"190Â 845";"A01";"0";"7";"0";"1";"3";"17";"1";""
"202100006134";"190Â 844";"A01";"2";"7";"0";"0";"0";"1";"1";""
"202100006135";"190Â 843";"A01";"2";"7";"0";"0";"0";"0";"1";""
"202100006136";"190Â 842";"A01";"2";"7";"13";"0";"1";"1";"1";""
"202100006137";"190Â 840";"B01";"2";"7";"0";"2";"3";"1";"1";""
"202100006137";"190Â 841";"A01";"1";"10";"0";"2";"1";"13";"1";""
"202100006138";"190Â 838";"B01";"1";"7";"0";"2";"1";"1";"1";""
"202100006138";"190Â 839";"A01";"1";"7";"0";"2";"3";"19";"1";""
"202100006139";"190Â 837";"A01";"3";"7";"2";"0";"3";"1";"1";""
"202100006140";"190Â 836";"A01";"2";"7";"2";"0";"2";"1";"1";""
"202100006141";"190Â 834";"B01";"2";"2";"0";"2";"1";"1";"1";""
"202100006141";"190Â 835";"A01";"3";"7";"0";"2";"3";"9";"1";""
"202100006142";"190Â 833";"A01";"1";"7";"2";"0";"1";"1";"1";""
"202100006143";"190Â 832";"A01";"2";"7";"0";"1";"1";"1";"1";""
"202100006144";"190Â 831";"A01";"3";"2";"14";"0";"1";"1";"1";""
"202100006145";"190Â 830";"A01";"2";"7";"2";"0";"8";"14";"1";""
"202100006146";"190Â 828";"B01";"2";"1";"0";"0";"6";"1";"5";""
"202100006146";"190Â 829";"A01";"3";"7";"0";"2";"3";"15";"1";""
"202100006147";"190Â 824";"A01";"1";"2";"0";"0";"8";"12";"1";""
"202100006148";"190Â 822";"B01";"1";"7";"0";"2";"1";"1";"1";""
"202100006148";"190Â 823";"A01";"2";"10";"0";"2";"1";"13";"1";""
"202100006149";"190Â 820";"A01";"1";"7";"2";"0";"0";"1";"1";""
"202100006149";"190Â 821";"B01";"1";"7";"2";"0";"0";"1";"1";""
"202100006150";"190Â 819";"A01";"2";"7";"2";"0";"1";"1";"1";""
"202100006151";"190Â 817";"A01";"2";"7";"0";"2";"5";"15";"1";""
"202100006151";"190Â 818";"B01";"1";"2";"0";"2";"1";"1";"1";""
"202100006152";"190Â 815";"A01";"2";"7";"0";"2";"8";"19";"1";""
"202100006152";"190Â 816";"B01";"1";"7";"0";"2";"1";"1";"1";""
"202100006153";"190Â 813";"A01";"2";"7";"0";"2";"1";"13";"1";""
"202100006153";"190Â 814";"B01";"1";"7";"0";"2";"1";"1";"1";""
"202100006154";"190Â 811";"B01";"3";"2";"0";"2";"7";"1";"1";""
"202100006154";"190Â 812";"A01";"3";"7";"0";"2";"3";"9";"1";""
"202100006155";"190Â 809";"A01";"1";"7";"0";"2";"6";"15";"1";""
"202100006155";"190Â 810";"B01";"1";"34";"0";"2";"2";"17";"1";""
"202100006156";"190Â 807";"B01";"3";"2";"0";"0";"0";"17";"0";""