"Num_Acc";"id_vehicule";"num_veh";"senc";"catv";"obs";"obsm";"choc";"manv";"motor";"occutc"
"202100006156";"190Â 808";"A01";"0";"7";"0";"0";"3";"15";"0";""
"202100006157";"190Â 806";"A01";"1";"10";"0";"1";"2";"0";"1";""
"202100006158";"190Â 804";"A01";"1";"7";"3";"2";"6";"1";"1";""
"202100006158";"190Â 805";"B01";"1";"7";"0";"2";"2";"1";"1";""
"202100006159";"190Â 802";"B01";"2";"33";"0";"2";"1";"1";"1";""
"202100006159";"190Â 803";"A01";"1";"7";"0";"2";"3";"19";"1";""
"202100006160";"190Â 800";"B01";"1";"7";"0";"2";"1";"1";"1";""
"202100006160";"190Â 801";"A01";"2";"7";"0";"2";"1";"13";"1";""
"202100006161";"190Â 798";"B01";"2";"31";"0";"2";"4";"1";"1";""
"202100006161";"190Â 799";"A01";"2";"32";"0";"2";"1";"1";"1";""
"202100006162";"190Â 796";"A01";"3";"7";"0";"2";"3";"15";"1";""
"202100006162";"190Â 797";"B01";"0";"1";"0";"2";"1";"1";"5";""
"202100006163";"190Â 795";"A01";"3";"7";"0";"1";"0";"1";"1";""
"202100006164";"190Â 794";"A01";"2";"7";"9";"0";"1";"2";"1";""
"202100006165";"190Â 792";"C01";"1";"15";"1";"0";"1";"2";"1";""
"202100006165";"190Â 793";"B01";"1";"7";"1";"2";"4";"24";"2";""
"202100006166";"190Â 789";"D01";"1";"7";"4";"2";"5";"1";"1";""
"202100006166";"190Â 790";"A01";"1";"7";"0";"2";"1";"11";"1";""
"202100006166";"190Â 791";"B01";"1";"17";"0";"0";"5";"1";"1";""
"202100006167";"190Â 788";"A01";"1";"7";"2";"0";"9";"14";"1";""
"202100006168";"190Â 784";"D01";"2";"7";"0";"2";"1";"1";"1";""
"202100006168";"190Â 785";"C01";"2";"7";"13";"2";"8";"1";"1";""
"202100006168";"190Â 786";"B01";"2";"7";"0";"2";"8";"1";"1";""
"202100006168";"190Â 787";"A01";"2";"7";"0";"2";"3";"13";"1";""
"202100006169";"190Â 783";"A01";"1";"33";"0";"6";"1";"1";"1";""
"202100006170";"190Â 781";"A01";"1";"10";"0";"1";"3";"1";"1";""
"202100006171";"190Â 780";"A01";"2";"7";"0";"1";"2";"1";"1";""
"202100006172";"190Â 779";"A01";"1";"7";"0";"0";"0";"21";"1";""
"202100006173";"190Â 777";"A01";"2";"7";"0";"2";"2";"5";"1";""
"202100006173";"190Â 778";"B01";"1";"7";"0";"2";"2";"5";"1";""
"202100006174";"190Â 775";"B01";"1";"7";"0";"2";"4";"1";"1";""
"202100006174";"190Â 776";"A01";"1";"10";"0";"2";"1";"1";"1";""
"202100006175";"190Â 774";"A01";"1";"7";"0";"0";"1";"1";"1";""
"202100006176";"190Â 773";"A01";"1";"2";"0";"0";"0";"1";"1";""
"202100006177";"190Â 772";"A01";"2";"7";"13";"0";"1";"0";"1";""
"202100006178";"190Â 771";"A01";"3";"7";"0";"1";"2";"1";"1";""
"202100006179";"190Â 769";"B01";"1";"21";"0";"2";"3";"21";"1";""
"202100006179";"190Â 770";"A01";"2";"7";"0";"2";"3";"13";"1";""
"202100006180";"190Â 768";"A01";"1";"7";"0";"1";"7";"1";"1";""
"202100006181";"190Â 767";"A01";"3";"7";"13";"0";"1";"9";"1";""
"202100006182";"190Â 765";"A01";"2";"32";"0";"0";"4";"15";"1";""
"202100006182";"190Â 766";"B01";"2";"7";"0";"2";"3";"2";"1";""
"202100006183";"190Â 764";"A01";"1";"10";"8";"0";"2";"1";"1";""
"202100006184";"190Â 763";"A01";"2";"3";"0";"1";"4";"20";"1";""
"202100006185";"190Â 760";"C01";"0";"7";"1";"0";"4";"0";"1";""
"202100006185";"190Â 761";"B01";"2";"10";"0";"0";"1";"1";"1";""
"202100006185";"190Â 762";"A01";"1";"7";"1";"2";"1";"1";"1";""
"202100006186";"190Â 756";"D01";"1";"7";"0";"0";"4";"2";"1";""
"202100006186";"190Â 757";"C01";"1";"7";"0";"2";"4";"2";"1";""
"202100006186";"190Â 758";"B01";"1";"7";"0";"2";"4";"2";"1";""
"202100006186";"190Â 759";"A01";"1";"7";"0";"2";"1";"2";"1";""
"202100006187";"190Â 755";"A01";"1";"7";"0";"1";"2";"1";"1";""
"202100006188";"190Â 753";"A01";"1";"7";"0";"2";"4";"2";"1";""
"202100006188";"190Â 754";"B01";"1";"7";"0";"2";"1";"2";"1";""
"202100006189";"190Â 752";"A01";"1";"7";"4";"0";"1";"14";"1";""
"202100006190";"190Â 748";"D01";"2";"7";"0";"9";"1";"2";"1";""
"202100006190";"190Â 749";"C01";"2";"10";"0";"9";"1";"0";"1";""
"202100006190";"190Â 750";"B01";"2";"10";"0";"2";"1";"2";"1";""
"202100006190";"190Â 751";"A01";"2";"7";"10";"0";"2";"13";"1";""
"202100006191";"190Â 744";"A01";"1";"7";"0";"2";"1";"2";"1";""
"202100006191";"190Â 745";"D01";"1";"7";"0";"2";"1";"2";"1";""
"202100006191";"190Â 746";"C01";"1";"7";"0";"2";"4";"2";"1";""
"202100006191";"190Â 747";"B01";"1";"7";"0";"2";"4";"2";"2";""
"202100006192";"190Â 741";"C01";"1";"10";"0";"2";"4";"2";"1";""
"202100006192";"190Â 742";"B01";"1";"7";"0";"2";"4";"2";"1";""
"202100006192";"190Â 743";"A01";"1";"10";"0";"2";"1";"2";"1";""
"202100006193";"190Â 740";"A01";"1";"7";"0";"2";"1";"1";"1";""
"202100006194";"190Â 738";"A01";"2";"7";"0";"2";"3";"11";"1";""
"202100006194";"190Â 739";"B01";"2";"34";"0";"2";"2";"3";"1";""
"202100006195";"190Â 737";"A01";"1";"7";"4";"0";"8";"1";"1";""
"202100006196";"190Â 732";"E01";"1";"7";"0";"2";"0";"2";"1";""
"202100006196";"190Â 733";"D01";"1";"7";"0";"2";"0";"2";"1";""
"202100006196";"190Â 734";"C01";"1";"7";"0";"2";"0";"2";"1";""
"202100006196";"190Â 735";"B01";"1";"7";"0";"2";"0";"2";"1";""
"202100006196";"190Â 736";"A01";"1";"7";"0";"2";"1";"2";"1";""
"202100006197";"190Â 730";"A01";"1";"7";"4";"2";"3";"5";"1";""
"202100006197";"190Â 731";"B01";"2";"7";"0";"2";"3";"1";"1";""
"202100006198";"190Â 729";"A01";"1";"33";"0";"0";"0";"0";"1";""
"202100006199";"190Â 727";"A01";"2";"7";"0";"2";"7";"14";"1";""
"202100006199";"190Â 728";"B01";"2";"33";"0";"2";"1";"1";"1";""
"202100006200";"190Â 726";"A01";"2";"7";"4";"0";"3";"1";"1";""
"202100006201";"190Â 724";"A01";"1";"7";"0";"2";"1";"1";"1";""
"202100006201";"190Â 725";"B01";"1";"7";"0";"2";"4";"2";"1";""
"202100006202";"190Â 722";"B01";"3";"30";"0";"0";"1";"1";"1";""
"202100006202";"190Â 723";"A01";"3";"7";"1";"0";"3";"9";"1";""
"202100006203";"190Â 721";"A01";"1";"37";"0";"1";"7";"26";"1";"1"
"202100006204";"190Â 719";"B01";"2";"7";"0";"2";"7";"1";"1";""
"202100006204";"190Â 720";"A01";"2";"30";"0";"2";"7";"19";"1";""
"202100006205";"190Â 718";"A01";"3";"33";"4";"0";"2";"14";"1";""
"202100006206";"190Â 716";"A01";"3";"30";"0";"2";"3";"17";"1";""
"202100006206";"190Â 717";"B01";"3";"30";"0";"2";"7";"17";"1";""
"202100006207";"190Â 715";"A01";"1";"7";"6";"0";"1";"14";"1";""
"202100006208";"190Â 712";"A01";"3";"7";"0";"2";"1";"17";"1";""
"202100006208";"190Â 713";"B01";"3";"7";"0";"2";"1";"1";"1";""
"202100006208";"190Â 714";"C01";"3";"7";"0";"2";"1";"2";"1";""
"202100006209";"190Â 710";"A01";"1";"7";"9";"2";"1";"15";"1";""
"202100006209";"190Â 711";"B01";"2";"7";"0";"2";"3";"1";"1";""
"202100006210";"190Â 709";"A01";"1";"2";"3";"0";"1";"9";"1";""
"202100006211";"190Â 707";"A01";"1";"7";"0";"2";"4";"23";"1";""
"202100006211";"190Â 708";"B01";"1";"7";"14";"2";"1";"2";"1";""
"202100006212";"190Â 706";"A01";"1";"1";"0";"1";"1";"1";"5";""
"202100006213";"190Â 704";"B01";"3";"50";"0";"2";"1";"0";"3";""
"202100006213";"190Â 705";"A01";"3";"7";"0";"2";"1";"1";"1";""
"202100006214";"190Â 702";"A01";"1";"7";"0";"2";"1";"2";"1";""
"202100006214";"190Â 703";"B01";"1";"7";"0";"2";"3";"1";"1";""
"202100006215";"190Â 700";"A01";"1";"30";"0";"2";"1";"17";"1";""
"202100006215";"190Â 701";"B01";"3";"7";"0";"2";"3";"15";"1";""
"202100006216";"190Â 698";"A01";"1";"7";"0";"2";"2";"15";"1";""
"202100006216";"190Â 699";"B01";"2";"7";"0";"2";"1";"1";"1";""
"202100006217";"190Â 696";"B01";"1";"7";"0";"2";"1";"1";"1";""
"202100006217";"190Â 697";"A01";"1";"7";"0";"2";"2";"13";"1";""
"202100006218";"190Â 694";"A01";"1";"7";"0";"2";"5";"12";"1";""
"202100006218";"190Â 695";"B01";"1";"34";"0";"2";"3";"26";"1";""
"202100006219";"190Â 691";"C01";"2";"7";"0";"2";"4";"2";"1";""
"202100006219";"190Â 692";"B01";"2";"10";"0";"2";"4";"2";"1";""
"202100006219";"190Â 693";"A01";"2";"7";"0";"2";"1";"2";"1";""
"202100006220";"190Â 689";"B01";"1";"37";"0";"2";"2";"1";"1";"2"
"202100006220";"190Â 690";"A01";"1";"7";"0";"2";"8";"10";"1";""
"202100006221";"190Â 688";"A01";"2";"3";"11";"0";"9";"13";"1";""
"202100006222";"190Â 686";"A01";"2";"7";"0";"2";"3";"15";"1";""
"202100006222";"190Â 687";"B01";"1";"33";"0";"2";"1";"1";"1";""
"202100006223";"190Â 683";"A01";"1";"14";"0";"2";"1";"2";"1";""
"202100006223";"190Â 684";"B01";"1";"7";"0";"2";"4";"2";"1";""
"202100006223";"190Â 685";"C01";"2";"7";"0";"2";"1";"1";"1";""
"202100006224";"190Â 682";"A01";"1";"7";"0";"1";"1";"1";"1";""
"202100006225";"190Â 680";"B01";"1";"30";"0";"2";"6";"13";"1";""
"202100006225";"190Â 681";"A01";"1";"7";"0";"2";"2";"1";"1";""
"202100006226";"190Â 678";"B01";"3";"1";"0";"2";"8";"1";"5";""
"202100006226";"190Â 679";"A01";"3";"7";"0";"2";"1";"9";"2";""
"202100006227";"190Â 676";"A01";"0";"7";"0";"2";"1";"2";"1";""
"202100006227";"190Â 677";"B01";"1";"10";"0";"2";"4";"2";"1";""
"202100006228";"190Â 671";"B01";"3";"31";"0";"2";"1";"17";"1";""
"202100006228";"190Â 672";"A01";"3";"7";"0";"2";"3";"15";"1";""
"202100006229";"190Â 669";"A01";"1";"2";"0";"2";"1";"17";"1";""
"202100006229";"190Â 670";"B01";"1";"99";"0";"2";"3";"15";"1";""
"202100006230";"190Â 667";"A01";"1";"7";"0";"2";"1";"1";"1";""
"202100006230";"190Â 668";"B01";"2";"7";"0";"2";"3";"15";"1";""
"202100006231";"190Â 665";"B01";"1";"31";"0";"2";"0";"1";"1";""
"202100006231";"190Â 666";"A01";"1";"10";"0";"0";"0";"15";"1";""
"202100006232";"190Â 664";"A01";"1";"7";"0";"1";"1";"16";"1";""
"202100006233";"190Â 662";"A01";"2";"50";"12";"2";"1";"15";"3";""
"202100006233";"190Â 663";"B01";"2";"7";"0";"9";"7";"1";"1";""
"202100006234";"190Â 660";"B01";"2";"7";"0";"2";"8";"15";"1";""
"202100006234";"190Â 661";"A01";"2";"2";"0";"2";"7";"2";"1";""
"202100006235";"190Â 658";"B01";"3";"43";"0";"2";"1";"1";"1";""
"202100006235";"190Â 659";"A01";"3";"7";"0";"2";"2";"19";"1";""
"202100006236";"190Â 657";"A01";"3";"30";"0";"0";"0";"26";"1";""
"202100006237";"190Â 656";"A01";"1";"7";"0";"1";"1";"1";"3";""
"202100006238";"190Â 654";"A01";"1";"7";"0";"0";"6";"15";"1";""
"202100006238";"190Â 655";"B01";"1";"33";"0";"2";"1";"21";"1";""
"202100006239";"190Â 652";"B01";"3";"7";"0";"2";"3";"1";"1";""
"202100006239";"190Â 653";"A01";"3";"7";"0";"2";"1";"1";"1";""
"202100006240";"190Â 651";"A01";"1";"7";"0";"1";"2";"1";"1";""
"202100006241";"190Â 645";"B01";"0";"7";"0";"2";"4";"2";"1";""
"202100006241";"190Â 646";"A01";"2";"7";"0";"2";"1";"0";"1";""
"202100006242";"190Â 644";"A01";"0";"7";"0";"1";"3";"15";"1";""
"202100006243";"190Â 642";"B01";"1";"1";"0";"2";"1";"1";"5";""
"202100006243";"190Â 643";"A01";"1";"7";"0";"2";"0";"26";"1";""
"202100006244";"190Â 641";"A01";"1";"1";"0";"1";"1";"25";"5";""
"202100006245";"190Â 633";"A01";"2";"10";"3";"2";"2";"1";"1";""
"202100006245";"190Â 634";"B01";"2";"7";"0";"2";"1";"2";"1";""
"202100006245";"190Â 635";"C01";"2";"7";"0";"2";"4";"2";"1";""
"202100006245";"190Â 636";"D01";"2";"7";"0";"2";"1";"2";"1";""
"202100006245";"190Â 637";"E01";"2";"7";"0";"2";"0";"0";"1";""
"202100006245";"190Â 638";"F01";"2";"10";"0";"2";"6";"2";"1";""
"202100006245";"190Â 639";"G01";"2";"7";"0";"2";"1";"2";"1";""
"202100006245";"190Â 640";"H01";"2";"7";"0";"2";"6";"2";"1";""
"202100006246";"190Â 630";"C01";"0";"7";"0";"2";"3";"13";"0";""
"202100006246";"190Â 631";"A01";"0";"7";"0";"2";"3";"1";"1";""
"202100006246";"190Â 632";"B01";"0";"7";"0";"2";"3";"1";"1";""
"202100006247";"190Â 629";"A01";"2";"7";"8";"0";"2";"13";"1";""
"202100006248";"190Â 627";"A01";"1";"15";"0";"2";"1";"9";"1";""
"202100006248";"190Â 628";"B01";"1";"7";"0";"6";"4";"9";"1";""
"202100006249";"190Â 625";"B01";" -1";"7";"0";" -1";" -1";"1";" -1";""
"202100006249";"190Â 626";"A01";" -1";"30";"0";" -1";" -1";" -1";" -1";""
"202100006250";"190Â 623";"B01";"3";"33";"0";"2";"6";"1";"1";""
"202100006250";"190Â 624";"A01";"3";"10";"0";"2";"2";"15";"1";""
"202100006251";"190Â 622";"A01";"2";"7";"2";"0";"1";"14";"1";""
"202100006252";"190Â 621";"A01";"1";"7";"1";"0";"2";"14";"1";""
"202100006253";"190Â 619";"B01";"2";"37";"0";"2";"2";"1";"1";"3"
"202100006253";"190Â 620";"A01";"2";"7";"0";"2";"3";"10";"1";""
"202100006254";"190Â 618";"A01";"3";"7";"0";"1";"3";"1";"1";""
"202100006255";"190Â 616";"A01";"1";"7";"0";"2";"2";"20";"1";""
"202100006255";"190Â 617";"B01";"1";"1";"0";"1";"3";"18";"5";""
"202100006256";"190Â 615";"A01";"3";"32";"14";"0";"1";"25";"1";""
"202100006257";"190Â 613";"A01";"3";"7";"0";"2";"2";"1";"1";""
"202100006257";"190Â 614";"B01";"3";"7";"0";"2";"8";"10";"1";""
"202100006258";"190Â 610";"A01";"1";"7";"0";"2";"1";"2";"1";""
"202100006258";"190Â 611";"B01";"1";"7";"0";"2";"4";"2";"1";""
"202100006258";"190Â 612";"C01";"1";"7";"0";"2";"4";"2";"1";""
"202100006259";"190Â 606";"A01";"1";"7";"1";"0";"1";"1";"1";""
"202100006259";"190Â 607";"B01";"1";"7";"1";"0";"1";"2";"1";""
"202100006259";"190Â 608";"C01";"1";"7";"0";"0";"4";"1";"1";""
"202100006259";"190Â 609";"D01";"1";"7";"0";"0";"4";"1";"2";""
"202100006260";"190Â 601";"A01";"0";"7";"0";"2";"1";"9";"1";""
"202100006260";"190Â 602";"B01";"0";"7";"0";"2";"7";"1";"1";""
"202100006261";"190Â 599";"A01";"3";"7";"0";"2";"1";"1";"1";""
"202100006261";"190Â 600";"B01";"3";"7";"0";"2";"1";"1";"1";""
"202100006262";"190Â 597";"B01";"1";"7";"0";"2";"1";"0";"3";""
"202100006262";"190Â 598";"A01";"1";"7";"0";"2";"1";"13";"1";""
"202100006263";"190Â 596";"A01";"1";"7";"0";"1";"2";"9";"1";""
"202100006264";"190Â 594";"B01";"3";"2";"0";"2";"1";"1";"1";""
"202100006264";"190Â 595";"A01";"3";"10";"0";"2";"7";"15";"1";""
"202100006265";"190Â 592";"B01";"2";"7";"0";"2";"8";"0";"1";""
"202100006265";"190Â 593";"A01";"1";"7";"0";"2";"1";"26";"1";""
"202100006266";"190Â 591";"A01";"1";"7";"0";"1";"1";"1";"1";""
"202100006267";"190Â 589";"A01";"3";"32";"0";"2";"0";"9";"1";""
"202100006267";"190Â 590";"B01";"3";"7";"0";"2";"6";"9";"1";""
"202100006268";"190Â 587";"A01";"3";"7";"0";"2";"1";"14";"0";""
"202100006268";"190Â 588";"B01";"2";"7";"0";"2";"4";"0";"0";""
"202100006269";"190Â 585";"A01";"3";"7";"0";"2";"5";"10";"1";""
"202100006269";"190Â 586";"B01";"3";"7";"0";"2";"1";"1";"1";""
"202100006270";"190Â 584";"A01";"2";"7";"0";"1";"2";"1";"1";""
"202100006271";"190Â 583";"A01";"3";"7";"9";"0";"3";"15";"3";""
"202100006272";"190Â 582";"A01";"3";"7";"0";"1";"1";"1";"1";""
"202100006273";"190Â 580";"A01";"2";"7";"0";"2";"1";"2";"1";""
"202100006273";"190Â 581";"B01";"2";"7";"0";"2";"4";"2";"1";""
"202100006274";"190Â 578";"B01";"1";"2";"0";"2";"1";"0";"1";""
"202100006274";"190Â 579";"A01";"1";"7";"0";"2";"5";"0";"1";""
"202100006275";"190Â 577";"A01";"2";"31";"15";"0";"2";"2";"1";""
"202100006276";"190Â 575";"A01";"1";"7";"0";"2";"1";"1";"1";""
"202100006276";"190Â 576";"B01";"2";"2";"0";"2";"1";"1";"1";""
"202100006277";"190Â 573";"B01";"3";"7";"0";"2";"8";"1";"1";""
"202100006277";"190Â 574";"A01";"3";"30";"0";"2";"3";"0";"1";""
"202100006278";"190Â 571";"B01";"1";"7";"0";"2";"1";"1";"1";""
"202100006278";"190Â 572";"A01";"1";"10";"0";"2";"8";"19";"1";""
"202100006279";"190Â 570";"A01";"2";"7";"3";"0";"1";"9";"1";""
"202100006280";"190Â 569";"A01";"2";"7";"7";"0";"9";"1";"1";""
"202100006281";"190Â 567";"B01";"3";"50";"0";"2";"1";"25";"3";""
"202100006281";"190Â 568";"A01";"3";"7";"0";"2";"3";"15";"1";""
"202100006282";"190Â 566";"A01";"2";"34";"0";"1";"8";"1";"1";""
"202100006283";"190Â 565";"A01";"1";"30";"0";"1";"1";"1";"1";""
"202100006284";"190Â 563";"B01";"1";"7";"0";"2";"8";"15";"1";""
"202100006284";"190Â 564";"A01";"2";"14";"0";"2";"5";"16";"1";""
"202100006285";"190Â 561";"A01";"1";"1";"0";"2";"4";"1";"5";""
"202100006285";"190Â 562";"Z01";"1";"7";"0";"2";"1";"1";"1";""
"202100006286";"190Â 559";"A01";"1";"7";"0";"2";"2";"1";"1";""
"202100006286";"190Â 560";"B01";"2";"2";"0";"2";"1";"1";"1";""
"202100006287";"190Â 556";"A01";"3";"33";"0";"2";"3";"1";"1";""
"202100006287";"190Â 557";"B01";"3";"7";"0";"2";"2";"15";"1";""
"202100006288";"190Â 554";"A01";"1";"7";"0";"2";"1";"15";"2";""
"202100006288";"190Â 555";"B01";"2";"33";"0";"2";"8";"1";"1";""
"202100006289";"190Â 552";"A01";"1";"7";"0";"2";"3";"1";"1";""
"202100006289";"190Â 553";"B01";"2";"33";"0";"2";"8";"1";"1";""
"202100006290";"190Â 550";"B01";"3";"7";"0";"2";"4";"1";"1";""
"202100006290";"190Â 551";"A01";"3";"7";"0";"2";"1";"1";"1";""
"202100006291";"190Â 548";"A01";"2";"1";"0";"2";"4";"7";"5";""
"202100006291";"190Â 549";"Z01";"2";"7";"0";"2";"0";"7";"1";""
"202100006292";"190Â 546";"B01";"2";"7";"0";"2";"1";"1";"1";""
"202100006292";"190Â 547";"A01";"2";"1";"0";"2";"1";"19";"5";""
"202100006293";"190Â 545";"A01";"1";"7";"0";"1";"2";"1";"1";""
"202100006294";"190Â 542";"A01";"1";"10";"0";"2";"3";"11";"3";""
"202100006294";"190Â 543";"C01";"2";"43";"0";"2";"0";"1";"1";""
"202100006294";"190Â 544";"B01";"1";"7";"0";"2";"5";"1";"1";""
"202100006295";"190Â 541";"A01";"1";"2";"0";"1";"1";"1";"3";""
"202100006296";"190Â 540";"A01";"2";"1";"0";"1";"1";"1";"5";""
"202100006297";"190Â 539";"A01";"2";"1";"0";"1";"1";"1";"5";""
"202100006298";"190Â 537";"Z01";"1";"7";"0";"2";"1";"16";"0";""
"202100006298";"190Â 538";"A01";"1";"1";"0";"2";"4";"7";"5";""
"202100006299";"190Â 535";"A01";"3";"7";"0";"2";"2";"1";"1";""
"202100006299";"190Â 536";"B01";"3";"7";"8";"2";"3";"1";"1";""
"202100006300";"190Â 534";"A01";"2";"7";"0";"1";"6";"15";"1";""
"202100006301";"190Â 532";"A01";"3";"7";"0";"2";"7";"1";"1";""
"202100006301";"190Â 533";"B01";"1";"1";"0";"2";"3";"1";"5";""
"202100006302";"190Â 529";"C01";"1";"7";"0";"2";"4";"2";"1";""
"202100006302";"190Â 530";"B01";"1";"7";"0";"2";"0";"2";"1";""
"202100006302";"190Â 531";"A01";"1";"37";"0";"2";"1";"2";"1";"1"
"202100006303";"190Â 527";"B01";"1";"1";"0";"2";"1";"1";"5";""
"202100006303";"190Â 528";"A01";"2";"7";"0";"2";"3";"16";"2";""
"202100006304";"190Â 523";"A01";"2";"7";"1";"1";"3";"1";"1";""
"202100006305";"190Â 522";"A01";"2";"33";"0";"0";"8";"1";"1";""
"202100006306";"190Â 520";"B01";"2";"7";"0";"2";"3";"0";"1";""
"202100006306";"190Â 521";"A01";"3";"32";"0";"2";"2";"9";"1";""
"202100006307";"190Â 518";"A01";" -1";"7";"0";"2";"5";"15";"1";""
"202100006307";"190Â 519";"B01";" -1";"7";"0";"2";"1";"1";"1";""
"202100006308";"190Â 515";"C01";"1";"7";"0";"1";"0";"23";"0";""
"202100006308";"190Â 516";"B01";"1";"7";"0";"2";"4";"23";"0";""
"202100006308";"190Â 517";"A01";"1";"30";"0";"1";"1";"13";"6";""
"202100006309";"190Â 514";"A01";"3";"7";"0";"1";"3";"16";"1";""
"202100006310";"190Â 505";"A01";"1";"7";"0";"2";"7";"17";"0";""
"202100006310";"190Â 506";"B01";"1";"31";"0";"2";"3";"0";"0";""
"202100006310";"190Â 507";"C01";"1";"7";"0";"2";"8";"0";"0";""
"202100006310";"190Â 508";"D01";"1";"7";"0";"2";"8";"0";"0";""
"202100006310";"190Â 509";"E01";"1";"2";"0";"2";"8";"0";"0";""
"202100006310";"190Â 510";"F01";"1";"7";"0";"2";"8";"0";"0";""
"202100006310";"190Â 511";"G01";"1";"7";"0";"2";"8";"0";"0";""
"202100006310";"190Â 512";"H01";"1";"7";"0";"2";"8";"0";"0";""
"202100006310";"190Â 513";"I01";"1";"7";"0";"2";"8";"0";"0";""
"202100006311";"190Â 503";"B01";" -1";"43";"0";"2";"1";"1";"1";""
"202100006311";"190Â 504";"A01";" -1";"7";"0";"2";"2";"15";"1";""
"202100006312";"190Â 501";"A01";"1";"7";"0";"0";"1";"19";"1";""
"202100006312";"190Â 502";"C01";"1";"1";"0";"2";"7";"19";"5";""
"202100006313";"190Â 500";"A01";"2";"7";"0";"1";"2";"1";"1";""
"202100006314";"190Â 498";"B01";"3";"1";"0";"2";"7";"19";"5";""
"202100006314";"190Â 499";"A01";"2";"7";"0";"2";"1";"1";"1";""
"202100006315";"190Â 496";"B01";"0";"43";"0";"2";"2";"0";"1";""
"202100006315";"190Â 497";"A01";"0";"7";"0";"2";"3";"9";"1";""
"202100006316";"190Â 495";"A01";"2";"43";"0";"1";"8";"1";"1";""
"202100006317";"190Â 493";"A01";"3";"10";"0";"2";"0";"15";"1";""
"202100006317";"190Â 494";"B01";"3";"32";"3";"2";"2";"1";"1";""
"202100006318";"190Â 492";"A01";"1";"7";"8";"2";"2";"14";"1";""
"202100006319";"190Â 490";"B01";"3";"7";"12";"2";"3";"0";"1";""
"202100006319";"190Â 491";"A01";"1";"7";"0";"2";"4";"1";"1";""
"202100006320";"190Â 489";"A01";"1";"10";"7";"0";"1";"0";"1";""
"202100006321";"190Â 487";"B01";"1";"15";"0";"2";"4";"2";"1";""
"202100006321";"190Â 488";"A01";"1";"7";"0";"2";"1";"2";"1";""
"202100006322";"190Â 486";"A01";"1";"7";"4";"0";"1";"1";"1";""
"202100006323";"190Â 485";"A01";"0";"2";"0";"0";"0";"0";"1";""
"202100006324";"190Â 483";"A01";"2";"7";"0";"2";"5";"15";"1";""
"202100006324";"190Â 484";"B01";"1";"33";"0";"2";"1";"1";"1";""
"202100006325";"190Â 482";"A01";"0";"7";"0";"1";"1";"14";"1";""
"202100006326";"190Â 479";"C01";"2";"10";"0";"0";"7";"1";"1";""
"202100006326";"190Â 480";"A01";"2";"33";"0";"2";"1";"1";"1";""
"202100006326";"190Â 481";"B01";"2";"7";"0";"2";"5";"21";"1";""
"202100006327";"190Â 478";"A01";"1";"7";"0";"0";"9";"1";"1";""
"202100006328";"190Â 476";"A01";"1";"10";"0";"2";"1";"15";"1";""
"202100006328";"190Â 477";"B01";"2";"7";"0";"2";"1";"1";"1";""
"202100006329";"190Â 475";"A01";"2";"7";"0";"1";"2";"1";"1";""
"202100006330";"190Â 474";"A01";"2";"7";"16";"0";"9";"14";"1";""
"202100006331";"190Â 473";"A01";"3";"21";"0";"0";"7";"15";"1";""
"202100006332";"190Â 472";"A01";"3";"7";"0";"1";"4";"20";"1";""
"202100006333";"190Â 471";"A01";"1";"10";"2";"0";"3";"9";"1";""
"202100006334";"190Â 470";"A01";"2";"7";"0";"1";"2";"1";"1";""
"202100006335";"190Â 468";"A01";"1";"30";"0";"2";"1";"1";"0";""
"202100006335";"190Â 469";"B01";"1";"7";"0";"0";"4";"1";"1";""
"202100006336";"190Â 467";"A01";"3";"10";"0";"1";"4";"20";"1";""
"202100006337";"190Â 465";"B01";"1";"7";"0";"2";"1";"1";"1";""
"202100006337";"190Â 466";"A01";"2";"7";"0";"2";"1";"13";"1";""
"202100006338";"190Â 463";"A01";"3";"7";"0";"2";"2";"15";"1";""
"202100006338";"190Â 464";"B01";"3";"34";"0";"2";"1";"1";"1";""
"202100006339";"190Â 460";"A01";"2";"7";"0";"1";"2";"1";"1";""
"202100006340";"190Â 458";"B01";"3";"7";"0";"2";"8";"16";"1";""
"202100006340";"190Â 459";"A01";"3";"31";"0";"2";"1";"1";"1";""
"202100006341";"190Â 457";"A01";"1";"2";"6";"0";"1";"21";"1";""
"202100006342";"190Â 456";"A01";"1";"80";"0";"0";"0";"2";"3";""
"202100006343";"190Â 454";"B01";"2";"2";"0";"0";"8";"21";"1";""
"202100006343";"190Â 455";"A01";"1";"7";"0";"2";"3";"15";"1";""
"202100006344";"190Â 453";"A01";"2";"7";"4";"0";"1";"1";"1";""
"202100006345";"190Â 452";"A01";"2";"32";"0";"1";"1";"1";"1";""
"202100006346";"190Â 450";"B01";"2";"7";"0";"2";"3";"1";"1";""
"202100006346";"190Â 451";"A01";"1";"32";"0";"2";"1";"13";"1";""
"202100006347";"190Â 449";"A01";"1";"7";"0";"1";"2";"0";"1";""
"202100006348";"190Â 448";"A01";"3";"3";"0";"1";"4";"4";"1";""
"202100006349";"190Â 447";"A01";"1";"7";"0";"1";"1";"19";"1";""
"202100006350";"190Â 446";"A01";"1";"33";"0";"0";"0";"1";"1";""
"202100006351";"190Â 445";"A01";"0";"7";"15";"0";"9";"1";"1";""
"202100006352";"190Â 443";"B01";"1";"17";"0";"0";"4";"1";"1";""
"202100006352";"190Â 444";"A01";"1";"7";"12";"2";"1";"6";"1";""