"Num_Acc";"id_vehicule";"num_veh";"senc";"catv";"obs";"obsm";"choc";"manv";"motor";"occutc"
"202100006353";"190Â 441";"A01";"3";"33";"0";"0";"8";"1";"1";""
"202100006353";"190Â 442";"B01";"1";"7";"0";"0";"1";"16";"1";""
"202100006354";"190Â 440";"A01";"1";"7";"0";"0";"7";"13";"1";""
"202100006355";"190Â 438";"B01";"3";"15";"0";"2";"3";"1";"1";""
"202100006355";"190Â 439";"A01";"3";"7";"0";"2";"1";"1";"1";""
"202100006356";"190Â 436";"B01";"3";"7";"0";"2";"3";"15";"1";""
"202100006356";"190Â 437";"A01";"2";"2";"0";"0";"2";"1";"1";""
"202100006357";"190Â 435";"A01";"2";"10";"2";"0";"2";"1";"1";""
"202100006358";"190Â 433";"B01";"3";"10";"0";"2";"6";"23";"1";""
"202100006358";"190Â 434";"A01";"3";"10";"0";"2";"2";"1";"1";""
"202100006359";"190Â 431";"A01";"2";"31";"0";"0";"1";"0";"1";""
"202100006359";"190Â 432";"B01";"1";"7";"0";"0";"8";"0";"1";""
"202100006360";"190Â 429";"B01";"1";"33";"0";"2";"1";"1";"1";""
"202100006360";"190Â 430";"A01";"1";"7";"0";"2";"7";"15";"1";""
"202100006361";"190Â 427";"B01";"3";"1";"0";"2";"8";"1";"5";""
"202100006361";"190Â 428";"A01";"3";"7";"0";"2";"8";"15";"1";""
"202100006362";"190Â 425";"A01";"3";"10";"1";"2";"1";"1";"1";""
"202100006362";"190Â 426";"B01";"3";"7";"0";"2";"1";"1";"1";""
"202100006363";"190Â 422";"C01";"2";"10";"0";"2";"4";"2";"1";""
"202100006363";"190Â 423";"B01";"2";"7";"0";"2";"4";"2";"1";""
"202100006363";"190Â 424";"A01";"2";"7";"0";"2";"1";"0";"1";""
"202100006364";"190Â 421";"A01";"2";"10";"3";"0";"9";"0";"1";""
"202100006365";"190Â 420";"A01";" -1";"7";" -1";" -1";" -1";" -1";" -1";""
"202100006366";"190Â 418";"A01";"1";"7";"0";"2";"3";"9";"1";""
"202100006366";"190Â 419";"B01";"1";"15";"0";"2";"2";"1";"1";""
"202100006367";"190Â 416";"A01";"1";"7";"0";"2";"1";"2";"1";""
"202100006367";"190Â 417";"B01";"1";"7";"0";"2";"4";"2";"1";""
"202100006368";"190Â 413";"C01";"1";"7";"0";"2";"4";"2";"1";""
"202100006368";"190Â 414";"B01";"1";"7";"0";"2";"4";"2";"1";""
"202100006368";"190Â 415";"A01";"1";"7";"0";"2";"1";"2";"1";""
"202100006369";"190Â 411";"B01";"2";"7";"0";"2";"4";"2";"1";""
"202100006369";"190Â 412";"A01";"2";"33";"0";"2";"1";"2";"1";""
"202100006370";"190Â 410";"A01";"1";"7";"4";"0";"3";"1";"1";""
"202100006371";"190Â 408";"A01";"1";"7";"0";"2";"0";"0";"0";""
"202100006371";"190Â 409";"B01";"1";"7";"0";"2";"4";"1";"1";""
"202100006372";"190Â 406";"A01";"1";"0";"0";"2";"7";"12";"0";""
"202100006372";"190Â 407";"B01";"1";"32";"0";"2";"6";"1";"1";""
"202100006373";"190Â 403";"C01";"1";"10";"0";"2";"4";"2";"1";""
"202100006373";"190Â 404";"B01";"1";"10";"0";"2";"4";"2";"1";""
"202100006373";"190Â 405";"A01";"1";"7";"0";"2";"1";"1";"1";""
"202100006374";"190Â 401";"A01";"1";"15";"0";"2";"2";"12";"0";""
"202100006374";"190Â 402";"B01";"1";"7";"0";"2";"6";"2";"0";""
"202100006375";"190Â 399";"B01";"1";"33";"0";"2";"4";"2";"1";""
"202100006375";"190Â 400";"A01";"1";"7";"0";"2";"4";"1";"1";""
"202100006376";"190Â 397";"A01";"1";"15";"0";"2";"5";"14";"1";""
"202100006376";"190Â 398";"B01";"1";"7";"0";"2";"1";"1";"1";""
"202100006377";"190Â 394";"A01";"1";"7";"0";"2";"4";"2";"1";""
"202100006377";"190Â 395";"B01";"1";"7";"0";"2";"4";"2";"3";""
"202100006377";"190Â 396";"C01";"1";"7";"0";"2";"1";"2";"1";""
"202100006378";"190Â 393";"A01";"1";"7";"5";"0";"3";"1";"1";""
"202100006379";"190Â 392";"A01";"3";"7";"0";"1";"2";"20";"1";""
"202100006380";"190Â 390";"B01";"2";"7";"0";"2";"1";"1";"1";""
"202100006380";"190Â 391";"A01";"1";"7";"0";"2";"3";"13";"1";""
"202100006381";"190Â 389";"A01";"1";"30";"12";"0";"0";"13";"1";""
"202100006382";"190Â 385";"D01";"2";"7";"0";"2";"1";"1";"3";""
"202100006382";"190Â 386";"C01";"2";"7";"0";"2";"4";"2";"1";""
"202100006382";"190Â 387";"B01";"2";"7";"0";"2";"4";"2";"1";""
"202100006382";"190Â 388";"A01";"2";"7";"0";"2";"1";"2";"1";""
"202100006383";"190Â 384";"A01";"1";"7";"1";"0";"2";"14";"1";""
"202100006384";"190Â 382";"B01";"1";"7";"0";"2";"4";"26";"1";""
"202100006384";"190Â 383";"A01";"1";"31";"0";"2";"1";"26";"1";""
"202100006385";"190Â 381";"A01";"1";"7";"0";"1";"1";"26";"1";""
"202100006386";"190Â 379";"B01";"2";"33";"0";"2";"1";"1";"1";""
"202100006386";"190Â 380";"A01";"1";"7";"0";"2";"7";"16";"1";""
"202100006387";"190Â 378";"A01";"3";"7";"1";"0";"1";"20";"1";""
"202100006388";"190Â 377";"A01";"3";"7";"0";"1";"2";"1";"1";""
"202100006389";"190Â 375";"B01";"2";"7";"0";"2";"2";"19";"1";""
"202100006389";"190Â 376";"A01";"1";"32";"0";"2";"1";"1";"1";""
"202100006390";"190Â 373";"A01";"3";"7";"3";"0";"2";"13";"1";""
"202100006390";"190Â 374";"B01";"3";"7";"3";"0";"2";"1";"1";""
"202100006391";"190Â 371";"A01";"2";"7";"0";"2";"3";"15";"1";""
"202100006391";"190Â 372";"B01";"1";"33";"0";"2";"1";"17";"1";""
"202100006392";"190Â 369";"A01";"3";"10";"1";"0";"2";"1";"1";""
"202100006392";"190Â 370";"B01";"3";"7";"0";"2";"6";"23";"1";""
"202100006393";"190Â 368";"A01";"1";"7";"0";"1";"7";"1";"1";""
"202100006394";"190Â 366";"A01";"1";"7";"0";"2";"2";"15";"1";""
"202100006394";"190Â 367";"B01";"1";"30";"0";"2";"6";"17";"1";""
"202100006395";"190Â 365";"A01";"2";"7";"0";"1";"2";"17";"1";""
"202100006396";"190Â 363";"A01";"1";"7";"0";"2";"6";"15";"1";""
"202100006396";"190Â 364";"B01";"1";"33";"0";"2";"1";"17";"1";""
"202100006397";"190Â 361";"A01";"1";"7";"0";"2";"2";"17";"1";""
"202100006397";"190Â 362";"B01";"1";"1";"0";"2";"6";"1";"5";""
"202100006398";"190Â 360";"A01";"2";"1";"0";"0";"7";"1";"5";""
"202100006399";"190Â 358";"A01";"0";"7";"0";"1";"1";"16";"1";""
"202100006400";"190Â 356";"B01";"3";"7";"0";"2";"4";"1";"1";""
"202100006400";"190Â 357";"A01";"3";"7";"0";"2";"1";"1";"1";""
"202100006401";"190Â 355";"A01";"1";"7";"0";"1";"1";"16";"1";""
"202100006402";"190Â 353";"B01";"2";"2";"0";"2";"1";"17";"1";""
"202100006402";"190Â 354";"A01";"1";"10";"0";"2";"1";"15";"1";""
"202100006403";"190Â 352";"A01";"2";"10";"0";"1";"1";"15";"1";""
"202100006404";"190Â 351";"A01";"3";"7";"8";"0";"6";"4";"1";""
"202100006405";"190Â 350";"A01";"2";"30";"0";"1";"1";"1";"1";""
"202100006406";"190Â 349";"A01";"3";"7";"1";"0";"1";"14";"1";""
"202100006407";"190Â 348";"A01";"1";"7";"0";"1";"8";"9";"1";""
"202100006408";"190Â 347";"A01";"2";"7";"0";"1";"1";"1";"1";""
"202100006409";"190Â 345";"B01";"2";"15";"0";"2";"1";"1";"1";""
"202100006409";"190Â 346";"A01";"2";"15";"0";"2";"1";"5";"1";""
"202100006410";"190Â 343";"B01";"1";"30";"0";"2";"4";"1";"1";""
"202100006410";"190Â 344";"A01";"1";"7";"0";"2";"1";"1";"1";""
"202100006411";"190Â 342";"A01";"1";"7";"0";"1";"2";"15";"1";""
"202100006412";"190Â 339";"A01";"1";"7";"0";"2";"1";"1";"1";""
"202100006412";"190Â 340";"B01";"2";"10";"0";"2";"1";"1";"1";""
"202100006413";"190Â 330";"Z01";"1";"7";"0";"2";"1";"9";"0";""
"202100006413";"190Â 331";"B01";"1";"1";"0";"2";"2";"1";"5";""
"202100006414";"190Â 328";"B01";"1";"2";"0";"2";"8";"1";"1";""
"202100006414";"190Â 329";"A01";"3";"7";"0";"2";"1";"15";"1";""
"202100006415";"190Â 326";"A01";"3";"7";"0";"2";"3";"9";"1";""
"202100006415";"190Â 327";"B01";"3";"1";"0";"2";"1";"1";"5";""
"202100006416";"190Â 325";"A01";"2";"7";"0";"1";"1";"1";"1";""
"202100006417";"190Â 323";"A01";"2";"30";"0";"2";"1";"1";"1";""
"202100006417";"190Â 324";"B01";"1";"7";"0";"2";"3";"23";"1";""
"202100006418";"190Â 322";"A01";"1";"30";"0";"0";"1";"1";"1";""
"202100006419";"190Â 320";"A01";"3";"7";"0";"2";"8";"15";"1";""
"202100006419";"190Â 321";"B01";"1";"2";"0";"2";"2";"1";"1";""
"202100006420";"190Â 319";"A01";"3";"10";"0";"1";"4";"4";"0";""
"202100006421";"190Â 317";"A01";"1";"10";"0";"2";"8";"10";"1";""
"202100006421";"190Â 318";"B01";"1";"31";"0";"2";"1";"1";"1";""
"202100006422";"190Â 314";"A01";"1";"7";"0";"1";"2";"9";"1";""
"202100006423";"190Â 313";"A01";"0";"7";"0";"1";"0";"0";"0";""
"202100006424";"190Â 312";"A01";"1";"7";"8";"0";"1";"13";"1";""
"202100006425";"190Â 311";"A01";"1";"7";"0";"1";"2";"16";"1";""
"202100006426";"190Â 309";"B01";"3";"33";"0";"2";"0";"0";"0";""
"202100006426";"190Â 310";"A01";"0";"7";"0";"2";"6";"13";"0";""
"202100006427";"190Â 308";"A01";"2";"7";"0";"1";"2";"1";"1";""
"202100006428";"190Â 306";"A01";"1";"7";"0";"2";"2";"15";"1";""
"202100006428";"190Â 307";"B01";"2";"1";"0";"2";"1";"1";"5";""
"202100006429";"190Â 304";"A01";"2";"7";"0";"2";"3";"15";"1";""
"202100006429";"190Â 305";"B01";"1";"2";"0";"2";"8";"1";"1";""
"202100006430";"190Â 303";"A01";"3";"7";"0";"1";"1";"17";"1";""
"202100006431";"190Â 301";"A01";"3";"7";"0";"2";"1";"15";"1";""
"202100006431";"190Â 302";"B01";"3";"1";"0";"2";"8";"23";"5";""
"202100006432";"190Â 297";"A01";"1";"7";"0";"2";"3";"9";"1";""
"202100006432";"190Â 298";"B01";"1";"2";"0";"2";"7";"9";"1";""
"202100006433";"190Â 296";"A01";"1";"7";"0";"1";"1";"19";"1";""
"202100006434";"190Â 294";"A01";"3";"7";"0";"9";"3";"16";"1";""
"202100006434";"190Â 295";"B01";"3";"1";"0";"2";"2";"13";"5";""
"202100006435";"190Â 292";"B01";"1";"7";"0";"2";"5";"0";"1";""
"202100006435";"190Â 293";"A01";"1";"7";"14";"2";"1";"1";"3";""
"202100006436";"190Â 290";"B01";"3";"7";"0";"2";"3";"9";"1";""
"202100006436";"190Â 291";"A01";"3";"2";"0";"2";"1";"1";"1";""
"202100006437";"190Â 289";"A01";"2";"10";"0";"1";"1";"9";"1";""
"202100006438";"190Â 287";"B01";"1";"7";"0";"2";"3";"15";"1";""
"202100006438";"190Â 288";"A01";"2";"10";"0";"2";"1";"1";"1";""
"202100006439";"190Â 285";"B01";"1";"7";"0";"9";"2";"0";"3";""
"202100006439";"190Â 286";"A01";"1";"1";"0";"2";"2";"26";"5";""
"202100006440";"190Â 283";"Z01";"1";"7";"0";"2";"1";"1";"1";""
"202100006440";"190Â 284";"A01";"1";"7";"0";"2";"8";"1";"1";""
"202100006441";"190Â 282";"A01";"1";"34";"0";"1";"0";"0";"0";""
"202100006442";"190Â 281";"Z01";"1";"10";"0";"1";"0";"1";"0";""
"202100006443";"190Â 280";"A01";"3";"7";"0";"1";"1";"15";"1";""
"202100006444";"190Â 278";"A01";"3";"30";"0";"2";"7";"16";"1";""
"202100006444";"190Â 279";"B01";"3";"10";"0";"2";"3";"1";"1";""
"202100006445";"190Â 277";"A01";"2";"7";"0";"1";"2";"1";"1";""
"202100006446";"190Â 275";"B01";"3";"34";"0";"2";"8";"1";"1";""
"202100006446";"190Â 276";"A01";"3";"7";"0";"2";"1";"1";"1";""
"202100006447";"190Â 274";"A01";"1";"32";"0";"1";"1";"1";"1";""
"202100006448";"190Â 273";"A01";"1";"37";"0";"1";"2";"1";"1";"1"
"202100006449";"190Â 271";"A01";"1";"7";"0";"2";"1";"15";"1";""
"202100006449";"190Â 272";"B01";"1";"33";"0";"2";"1";"1";"1";""
"202100006450";"190Â 268";"A01";"3";"7";"0";"2";"7";"15";"1";""
"202100006450";"190Â 269";"B01";"2";"43";"0";"2";"1";"1";"1";""
"202100006450";"190Â 270";"C01";"1";"7";"0";"2";"1";"1";"1";""
"202100006451";"190Â 266";"A01";"0";"7";"0";"2";"1";"1";"1";""
"202100006451";"190Â 267";"B01";"1";"33";"0";"2";"8";"0";"1";""
"202100006452";"190Â 264";"A01";"1";"7";"0";"9";"4";"26";"1";""
"202100006452";"190Â 265";"B01";"1";"1";"0";"2";"4";"26";"5";""
"202100006453";"190Â 261";"B01";"1";"10";"0";"2";"4";"1";"1";""
"202100006453";"190Â 262";"C01";"1";"7";"0";"2";"4";"2";"1";""
"202100006453";"190Â 263";"A01";"1";"7";"0";"2";"1";"1";"1";""
"202100006454";"190Â 259";"A01";"1";"14";"0";"2";"2";"1";"1";""
"202100006454";"190Â 260";"B01";"1";"10";"0";"2";"8";"9";"1";""
"202100006455";"190Â 256";"A01";"1";"7";"0";"2";"3";"11";"2";""
"202100006455";"190Â 257";"B01";"1";"43";"0";"2";"2";"1";"1";""
"202100006455";"190Â 258";"C01";"1";"7";"0";"2";"2";"1";"1";""
"202100006456";"190Â 254";"B01";"2";"33";"0";"2";"7";"3";"1";""
"202100006456";"190Â 255";"A01";"2";"7";"0";"2";"8";"11";"1";""
"202100006457";"190Â 253";"A01";"2";"7";"6";"1";"1";"20";"1";""
"202100006458";"190Â 252";"A01";"2";"1";"12";"0";"3";"13";"5";""
"202100006459";"190Â 250";"B01";"1";"1";"0";"2";"4";"23";"5";""
"202100006459";"190Â 251";"A01";"1";"1";"0";"2";"1";"2";"5";""
"202100006460";"190Â 248";"B01";"3";"10";"0";"2";"4";"1";"1";""
"202100006460";"190Â 249";"A01";"3";"32";"0";"2";"1";"1";"1";""
"202100006461";"190Â 247";"A01";"2";"7";"0";"1";"6";"4";"1";""
"202100006462";"190Â 246";"A01";"2";"1";"0";"1";"7";"1";"5";""
"202100006463";"190Â 244";"A01";"1";"7";"0";"2";"5";"22";"1";""
"202100006463";"190Â 245";"B01";"1";"1";"0";"2";"5";"1";"5";""
"202100006464";"190Â 242";"A01";"2";"50";"0";"2";"3";"1";"3";""
"202100006464";"190Â 243";"Z01";"3";"10";"0";"2";"5";"16";"0";""
"202100006465";"190Â 240";"A01";"1";"10";"0";"2";"7";"1";"1";""
"202100006465";"190Â 241";"B01";"2";"7";"0";"2";"1";"1";"1";""
"202100006466";"190Â 239";"A01";"2";"7";"0";"1";"4";"4";"1";""
"202100006467";"190Â 238";"A01";"2";"30";"0";"1";"1";"17";"1";""
"202100006468";"190Â 236";"A01";"3";"32";"0";"2";"6";"18";"1";""
"202100006468";"190Â 237";"B01";"3";"7";"0";"2";"2";"1";"1";""
"202100006469";"190Â 234";"B01";"2";"50";"0";"2";"1";"1";"3";""
"202100006469";"190Â 235";"A01";"2";"7";"0";"2";"3";"22";"1";""
"202100006470";"190Â 233";"A01";"1";"33";"0";"0";"1";"1";"1";""
"202100006471";"190Â 231";"B01";"1";"1";"0";"2";"4";"1";"5";""
"202100006471";"190Â 232";"A01";"1";"14";"0";"2";"2";"16";"1";""
"202100006472";"190Â 229";"A01";"1";"7";"0";"2";"3";"11";"1";""
"202100006472";"190Â 230";"B01";"1";"33";"0";"2";"7";"1";"1";""
"202100006473";"190Â 228";"A01";"1";"33";"0";"1";"3";"1";"1";""
"202100006474";"190Â 227";"A01";"1";"50";"0";"1";"0";"0";"3";""
"202100006475";"190Â 226";"A01";"2";"7";"0";"1";"1";"15";"1";""
"202100006476";"190Â 225";"A01";"2";"34";"15";"0";"0";"1";"1";""
"202100006477";"190Â 223";"A01";"1";"7";"0";"2";"7";"15";"1";""
"202100006477";"190Â 224";"B01";"2";"10";"0";"2";"1";"2";"1";""
"202100006478";"190Â 222";"A01";"3";"7";"0";"1";"1";"1";"1";""
"202100006479";"190Â 220";"A01";" -1";"7";"0";"1";"5";"26";"1";""
"202100006480";"190Â 218";"A01";"0";"7";"0";"2";"0";"2";"1";""
"202100006480";"190Â 219";"B01";"0";"1";"0";"2";"4";"2";"0";""
"202100006481";"190Â 216";"A01";"2";"30";"0";"2";"1";"1";"1";""
"202100006481";"190Â 217";"B01";"2";"7";"0";"2";"2";"16";"1";""
"202100006482";"190Â 214";"A01";"1";"43";"0";"2";"7";"17";"0";""
"202100006482";"190Â 215";"B01";"1";"10";"0";"2";"8";"15";"0";""
"202100006483";"190Â 212";"A01";"0";"7";"0";"0";"0";"0";"0";""
"202100006483";"190Â 213";"B01";"2";"2";"0";"2";"1";"1";"1";""
"202100006484";"190Â 210";"B01";"1";"7";"0";"2";"8";"16";"1";""
"202100006484";"190Â 211";"A01";"1";"7";"0";"2";"1";"1";"1";""
"202100006485";"190Â 208";"B01";"1";"7";"0";"2";"0";"9";"1";""
"202100006485";"190Â 209";"A01";"1";"30";"0";"2";"0";"1";"1";""
"202100006486";"190Â 207";"A01";"1";"7";"6";"0";"1";"1";"1";""
"202100006487";"190Â 205";"B01";"0";"34";"0";"2";"1";"2";"1";""
"202100006487";"190Â 206";"A01";"0";"7";"0";"2";"5";"23";"1";""
"202100006488";"190Â 203";"B01";"0";"33";"0";"2";"1";"0";"1";""
"202100006488";"190Â 204";"A01";"0";"7";"0";"2";"3";"11";"1";""
"202100006489";"190Â 202";"A01";"1";"1";"0";"0";"0";"26";"5";""
"202100006490";"190Â 201";"A01";"0";"50";"0";"0";"1";"21";"3";""
"202100006491";"190Â 200";"A01";"1";"7";"0";"1";"2";"26";"1";""
"202100006492";"190Â 198";"A01";"1";"33";"0";"2";"3";"13";"1";""
"202100006492";"190Â 199";"B01";"1";"7";"0";"2";"4";"26";"2";""
"202100006493";"190Â 197";"A01";"1";"7";"0";"1";"2";"9";"1";""
"202100006494";"190Â 195";"A01";"2";"7";"0";"2";"2";"15";"1";""
"202100006494";"190Â 196";"B01";"1";"7";"0";"2";"3";"1";"1";""
"202100006495";"190Â 193";"A01";"3";"7";"6";"0";"6";"23";"1";""
"202100006496";"190Â 191";"A01";"3";"33";"0";"2";"1";"1";"1";""
"202100006496";"190Â 192";"B01";"3";"31";"0";"2";"5";"1";"1";""
"202100006497";"190Â 188";"A01";"3";"7";"0";"2";"1";"5";"1";""
"202100006497";"190Â 189";"B01";"3";"7";"0";"2";"1";"1";"1";""
"202100006498";"190Â 187";"A01";"1";"10";"0";"1";"3";"1";"1";""
"202100006499";"190Â 185";"A01";"1";"7";"0";"2";"1";"5";"1";""
"202100006499";"190Â 186";"B01";"2";"7";"0";"2";"1";"1";"1";""
"202100006500";"190Â 182";"C01";"1";"7";"0";"0";"1";"1";"1";""
"202100006500";"190Â 183";"B01";"1";"17";"0";"0";"2";"1";"1";""
"202100006500";"190Â 184";"A01";"2";"17";"0";"2";"2";"1";"1";""
"202100006501";"190Â 180";"A01";"1";"2";"0";"2";"2";"1";"1";""
"202100006501";"190Â 181";"B01";"1";"7";"0";"2";"2";"19";"1";""
"202100006502";"190Â 179";"A01";"1";"7";"8";"0";"1";"1";"1";""
"202100006503";"190Â 177";"A01";"2";"7";"0";"2";"9";"1";"1";""
"202100006503";"190Â 178";"B01";"1";"7";"0";"2";"3";"1";"1";""
"202100006504";"190Â 176";"A01";"2";"38";"6";"0";"3";"0";"1";"1"
"202100006505";"190Â 174";"A01";"1";"17";"0";"2";"1";"17";"1";""
"202100006505";"190Â 175";"B01";"1";"21";"0";"0";"8";"15";"1";""
"202100006506";"190Â 173";"A01";"1";"7";"0";"1";"7";"0";"1";""
"202100006507";"190Â 170";"A01";"1";"1";"0";"2";"8";"1";"5";""
"202100006507";"190Â 171";"B01";"1";"7";"0";"9";"7";"1";"1";""
"202100006507";"190Â 172";"C01";"1";"7";"0";"2";"1";"2";"1";""
"202100006508";"190Â 169";"A01";"1";"2";"6";"0";"2";"1";"1";""
"202100006509";"190Â 168";"A01";"0";"7";"0";"1";"1";"9";"1";""
"202100006510";"190Â 167";"A01";"2";"7";"16";"0";"9";"1";"1";""
"202100006511";"190Â 166";"A01";"1";"7";"0";"1";"2";"1";"1";""
"202100006512";"190Â 165";"A01";"3";"7";"6";"0";"1";"14";"1";""
"202100006513";"190Â 163";"A01";"2";"10";"0";"2";"3";"1";"1";""
"202100006513";"190Â 164";"B01";"1";"7";"0";"2";"3";"1";"1";""
"202100006514";"190Â 162";"A01";"1";"7";"8";"0";"5";"1";"2";""
"202100006515";"190Â 160";"B01";"1";"15";"0";"2";"1";"1";"1";""
"202100006515";"190Â 161";"A01";"2";"7";"0";"2";"1";"13";"1";""
"202100006516";"190Â 159";"A01";"3";"7";"13";"0";"3";"0";"1";""
"202100006517";"190Â 157";"B01";"1";"7";"0";"2";"1";"5";"1";""
"202100006517";"190Â 158";"A01";"2";"7";"0";"2";"1";"1";"1";""
"202100006518";"190Â 154";"A01";"2";"10";"3";"2";"3";"5";"1";""
"202100006518";"190Â 155";"C01";"1";"17";"0";"2";"3";"1";"1";""
"202100006518";"190Â 156";"B01";"1";"7";"0";"2";"3";"17";"1";""
"202100006519";"190Â 152";"B01";"2";"14";"0";"2";"3";"1";"1";""
"202100006519";"190Â 153";"A01";"1";"7";"0";"2";"1";"5";"1";""
"202100006520";"190Â 150";"A01";"2";"33";"0";"2";"8";"1";"1";""
"202100006520";"190Â 151";"B01";"2";"7";"0";"2";"3";"1";"0";""
"202100006521";"190Â 148";"B01";"1";"7";"0";"2";"1";"1";"1";""
"202100006521";"190Â 149";"A01";"3";"7";"0";"2";"8";"19";"1";""
"202100006522";"190Â 146";"A01";"1";"7";"0";"0";"6";"24";"1";""
"202100006522";"190Â 147";"B01";"1";"7";"1";"0";"2";"14";"1";""
"202100006523";"190Â 144";"B01";"1";"7";"0";"2";"1";"1";"1";""
"202100006523";"190Â 145";"A01";"1";"2";"0";"2";"7";"15";"1";""
"202100006524";"190Â 141";"C01";"2";"7";"0";"0";"0";"13";"0";""
"202100006524";"190Â 142";"B01";"2";"7";"0";"2";"3";"21";"1";""
"202100006524";"190Â 143";"A01";"1";"7";"0";"2";"3";"21";"1";""
"202100006525";"190Â 139";"A01";"1";"7";"14";"9";"2";"17";"1";""
"202100006525";"190Â 140";"B01";"1";"1";"0";"0";"8";"15";"5";""
"202100006526";"190Â 137";"B01";"1";"7";"0";"2";"1";"1";"1";""
"202100006526";"190Â 138";"A01";"2";"7";"0";"2";"1";"13";"3";""
"202100006527";"190Â 136";"A01";"1";"15";"8";"0";"0";"1";"1";""
"202100006528";"190Â 134";"B01";"2";"7";"0";"2";"3";"15";"1";""
"202100006528";"190Â 135";"A01";"2";"33";"0";"2";"1";"1";"1";""
"202100006529";"190Â 131";"A01";"2";"15";"0";"1";"7";"20";"1";""
"202100006530";"190Â 129";"A01";"1";"7";"0";"2";"1";"13";"1";""
"202100006530";"190Â 130";"B01";"2";"7";"0";"2";"1";"1";"1";""
"202100006531";"190Â 126";"A01";"1";"7";"0";"2";"2";"1";"1";""
"202100006531";"190Â 127";"B01";"1";"7";"0";"2";"4";"2";"1";""
"202100006531";"190Â 128";"C01";"0";"7";"0";"2";"1";"2";"1";""
"202100006532";"190Â 124";"A01";"2";"7";"0";"9";"8";"1";"1";""
"202100006532";"190Â 125";"B01";"2";"15";"0";"2";"2";"12";"1";""
"202100006533";"190Â 121";"A01";"1";"7";"0";"2";"3";"15";"1";""
"202100006533";"190Â 122";"B01";"1";"7";"0";"2";"3";"2";"1";""
"202100006533";"190Â 123";"C01";"1";"14";"0";"2";"1";"2";"1";""
"202100006534";"190Â 118";"A01";"2";"7";"0";"2";"1";"2";"1";""
"202100006534";"190Â 119";"B01";"2";"7";"0";"2";"4";"2";"1";""
"202100006534";"190Â 120";"C01";"2";"7";"0";"2";"4";"2";"1";""
"202100006535";"190Â 117";"A01";"2";"7";"4";"0";"2";"2";"1";""
"202100006536";"190Â 114";"A01";"2";"7";"0";"2";"1";"2";"1";""
"202100006536";"190Â 115";"B01";"2";"7";"0";"2";"4";"2";"1";""
"202100006536";"190Â 116";"C01";"2";"10";"0";"2";"4";"2";"1";""
"202100006537";"190Â 112";"A01";"1";"7";"0";"2";"1";"2";"1";""
"202100006537";"190Â 113";"B01";"1";"7";"0";"2";"4";"2";"1";""
"202100006538";"190Â 111";"A01";"1";"7";"13";"0";"7";"1";"1";""
"202100006539";"190Â 108";"A01";"1";"15";"4";"2";"1";"14";"1";""
"202100006539";"190Â 109";"B01";"1";"15";"0";"2";"3";"1";"1";""
"202100006539";"190Â 110";"C01";"1";"7";"0";"2";"8";"2";"1";""
"202100006540";"190Â 106";"Z01";"1";"10";"0";"2";"8";"13";"0";""
"202100006540";"190Â 107";"A01";"1";"33";"0";"2";"7";"3";"1";""
"202100006541";"190Â 104";"Z01";"1";"7";"0";"2";"7";"12";"1";""
"202100006541";"190Â 105";"A01";"1";"33";"0";"2";"8";"3";"1";""
"202100006542";"190Â 102";"B01";"2";"7";"0";"2";"1";"2";"1";""
"202100006542";"190Â 103";"A01";"2";"7";"0";"2";"4";"2";"1";""
"202100006543";"190Â 101";"A01";"1";"7";"1";"0";"7";"14";"1";""
"202100006544";"190Â 099";"B01";"2";"41";"0";"2";"8";"15";"1";""
"202100006544";"190Â 100";"A01";"1";"7";"0";"2";"2";"1";"1";""
"202100006545";"190Â 097";"B01";"1";"7";"0";"4";"3";"19";"1";""
"202100006545";"190Â 098";"A01";"1";"40";"0";"2";"2";"1";"3";""
"202100006546";"190Â 096";"A01";"3";"7";"0";"1";"1";"1";"1";""
"202100006547";"190Â 095";"A01";"2";"7";"0";"1";"7";"12";"1";""
"202100006548";"190Â 094";"A01";"2";"0";"6";"0";"3";"16";"1";""
"202100006549";"190Â 093";"A01";"1";"7";"0";"1";"1";"26";"1";""
"202100006550";"190Â 092";"A01";"1";"7";"0";"1";"2";"1";"1";""
"202100006551";"190Â 091";"A01";"2";"7";"0";"1";"2";"1";"1";""
"202100006552";"190Â 090";"A01";"1";"7";"0";"1";"1";"1";"1";""
"202100006553";"190Â 088";"A01";"1";"7";"0";"2";"1";"13";"1";""
"202100006553";"190Â 089";"B01";"1";"7";"0";"2";"1";"0";"1";""
"202100006554";"190Â 084";"Z01";"2";"3";"0";"2";"1";"19";"1";""
"202100006554";"190Â 085";"B01";"1";"33";"0";"2";"5";"1";"1";""
"202100006555";"190Â 083";"A01";"3";"7";"0";"2";"8";"21";"1";""
"202100006556";"190Â 081";"A01";"1";"32";"0";"2";"0";"21";"1";""
"202100006556";"190Â 082";"B01";"1";"30";"0";"2";"0";"26";"1";""
"202100006557";"190Â 079";"B01";"1";"7";"0";"2";"3";"1";"1";""
"202100006557";"190Â 080";"A01";"1";"33";"0";"2";"2";"17";"1";""
"202100006558";"190Â 078";"A01";"2";"30";"0";"1";"1";"26";"1";""
"202100006559";"190Â 077";"A01";"1";"33";"12";"0";"0";"26";"0";""
"202100006560";"190Â 075";"A01";"2";"7";"0";"2";"8";"15";"1";""