"Num_Acc";"id_vehicule";"num_veh";"senc";"catv";"obs";"obsm";"choc";"manv";"motor";"occutc"
"202100006560";"190Â 076";"B01";"2";"2";"0";"2";"7";"1";"1";""
"202100006561";"190Â 073";"B01";"2";"7";"0";"0";"8";"1";"1";""
"202100006561";"190Â 074";"A01";"1";"7";"0";"2";"1";"15";"1";""
"202100006562";"190Â 070";"C01";"1";"7";"0";"2";"4";"23";"1";""
"202100006562";"190Â 071";"B01";"1";"10";"0";"2";"1";"1";"1";""
"202100006562";"190Â 072";"A01";"1";"7";"0";"2";"1";"1";"1";""
"202100006563";"190Â 069";"A01";"1";"7";"0";"1";"3";"1";"1";""
"202100006564";"190Â 067";"B01";"2";"7";"0";"2";"1";"1";"1";""
"202100006564";"190Â 068";"A01";"2";"30";"8";"2";"7";"19";"1";""
"202100006565";"190Â 065";"A01";"1";"2";"0";"2";"4";"15";"1";""
"202100006565";"190Â 066";"B01";"2";"7";"0";"2";"2";"1";"1";""
"202100006566";"190Â 063";"Z01";"3";"7";"0";"2";"1";"2";"1";""
"202100006566";"190Â 064";"A01";"3";"33";"0";"2";"4";"1";"1";""
"202100006567";"190Â 062";"A01";"2";"7";"0";"1";"1";"1";"1";""
"202100006568";"190Â 061";"A01";"1";"10";"0";"1";"5";"20";"1";""
"202100006569";"190Â 058";"C01";"1";"7";"0";"2";"4";"1";"1";""
"202100006569";"190Â 059";"B01";"1";"7";"0";"2";"4";"1";"1";""
"202100006569";"190Â 060";"A01";"1";"7";"0";"2";"1";"1";"1";""
"202100006570";"190Â 056";"B01";"2";"7";"0";"2";"2";"16";"1";""
"202100006570";"190Â 057";"A01";"2";"32";"0";"2";"1";"18";"1";""
"202100006571";"190Â 054";"A01";"3";"30";"1";"2";"1";"1";"1";""
"202100006571";"190Â 055";"B01";"3";"7";"0";"2";"3";"19";"1";""
"202100006572";"190Â 050";"B01";"1";"7";"0";"2";"3";"9";"1";""
"202100006572";"190Â 051";"A01";"1";"2";"0";"2";"4";"23";"1";""
"202100006573";"190Â 048";"B01";"1";"7";"0";"2";"1";"1";"3";""
"202100006573";"190Â 049";"A01";"2";"7";"0";"2";"3";"15";"1";""
"202100006574";"190Â 046";"B01";"1";"10";"0";"2";"1";"1";"0";""
"202100006574";"190Â 047";"A01";"1";"10";"0";"2";"6";"10";"0";""
"202100006575";"190Â 044";"A01";"3";"7";"0";"2";"3";"15";"1";""
"202100006575";"190Â 045";"B01";"3";"33";"0";"2";"1";"1";"0";""
"202100006576";"190Â 042";"B01";"2";"32";"0";"2";"1";"2";"1";""
"202100006576";"190Â 043";"A01";"2";"7";"0";"2";"3";"9";"1";""
"202100006577";"190Â 039";"C01";"2";"7";"0";"2";"2";"0";"1";""
"202100006577";"190Â 040";"B01";"2";"7";"0";"2";"6";"0";"1";""
"202100006577";"190Â 041";"A01";"2";"7";"0";"2";"8";"26";"1";""
"202100006578";"190Â 037";"B01";"1";"60";"0";"2";"0";"0";"5";""
"202100006578";"190Â 038";"A01";"1";"7";"0";"2";"1";"13";"1";""
"202100006579";"190Â 036";"A01";"2";"7";"0";"1";"2";"15";"1";""
"202100006580";"190Â 035";"A01";"1";"2";"12";"0";"7";"18";"1";""
"202100006581";"190Â 032";"C01";"1";"7";"0";"2";"4";"23";"1";""
"202100006581";"190Â 033";"B01";"1";"7";"0";"2";"4";"1";"1";""
"202100006581";"190Â 034";"A01";"1";"7";"0";"2";"1";"2";"1";""
"202100006582";"190Â 031";"A01";"1";"33";"0";"0";"0";"1";"1";""
"202100006583";"190Â 030";"A01";"2";"7";"0";"1";"1";"15";"1";""
"202100006584";"190Â 029";"A01";"2";"1";"0";"1";"1";"1";"5";""
"202100006585";"190Â 027";"B01";"3";"7";"0";"2";"1";"15";"1";""
"202100006585";"190Â 028";"A01";"3";"7";"0";"2";"2";"1";"1";""
"202100006586";"190Â 025";"B01";"2";"32";"0";"2";"3";"1";"1";""
"202100006586";"190Â 026";"A01";"2";"7";"0";"2";"3";"15";"1";""
"202100006587";"190Â 023";"B01";"1";"2";"0";"2";"4";"0";"3";""
"202100006587";"190Â 024";"A01";"1";"7";"0";"2";"2";"2";"1";""
"202100006588";"190Â 022";"A01";"3";"34";"0";"1";"1";"17";"1";""
"202100006589";"190Â 021";"A01";"0";"7";"0";"1";"2";"1";"1";""
"202100006590";"190Â 020";"A01";"3";"31";"0";"1";"2";"21";"1";""
"202100006591";"190Â 016";"A01";"1";"7";"0";"2";"3";"9";"1";""
"202100006591";"190Â 017";"B01";"1";"33";"0";"2";"5";"1";"1";""
"202100006591";"190Â 018";"C01";"2";"7";"0";"2";"3";"1";"1";""
"202100006591";"190Â 019";"D01";"2";"7";"0";"2";"2";"1";"1";""
"202100006592";"190Â 013";"B01";"1";"10";"0";"2";"6";"23";"1";""
"202100006592";"190Â 014";"C01";"2";"7";"0";"2";"1";"1";"1";""
"202100006592";"190Â 015";"A01";"1";"30";"0";"2";"1";"21";"1";""
"202100006593";"190Â 011";"B01";"0";"7";"0";"2";"1";"1";"1";""
"202100006593";"190Â 012";"A01";"0";"7";"0";"2";"8";"20";"1";""
"202100006594";"190Â 009";"B01";"0";"37";"0";"2";"2";"1";"3";"1"
"202100006594";"190Â 010";"A01";"0";"7";"0";"2";"3";"16";"1";""
"202100006595";"190Â 007";"A01";"0";"7";"0";"2";"2";"13";"1";""
"202100006595";"190Â 008";"B01";"0";"7";"0";"2";"3";"1";"1";""
"202100006596";"190Â 005";"A01";"0";"7";"0";"2";"3";"13";"1";""
"202100006596";"190Â 006";"B01";"0";"7";"0";"2";"1";"1";"1";""
"202100006597";"190Â 003";"B01";"1";"1";"0";"2";"8";"9";"5";""
"202100006597";"190Â 004";"A01";"1";"37";"0";"2";"1";"1";"1";"2"
"202100006598";"190Â 002";"A01";"3";"7";"1";"1";"1";"0";"1";""
"202100006599";"190Â 000";"NA01";"1";"1";"0";"2";"8";"19";"5";""
"202100006599";"190Â 001";"B01";"1";"7";"0";"2";"1";"15";"1";""
"202100006600";"189Â 999";"A01";"1";"7";"0";"1";"1";"15";"1";""
"202100006601";"189Â 997";"A01";"3";"33";"0";"2";"2";"18";"1";""
"202100006601";"189Â 998";"B01";"3";"7";"0";"2";"2";"2";"1";""
"202100006602";"189Â 995";"A01";"1";"7";"0";"2";"1";"1";"1";""
"202100006602";"189Â 996";"B01";"3";"10";"0";"2";"3";"16";"1";""
"202100006603";"189Â 987";"A01";"2";"7";"0";"1";"1";"1";"1";""
"202100006604";"189Â 985";"A01";"3";"7";"0";"2";"1";"13";"1";""
"202100006604";"189Â 986";"B01";"3";"7";"0";"2";"1";"1";"1";""
"202100006605";"189Â 983";"B01";"3";"2";"0";"2";"3";"1";"1";""
"202100006605";"189Â 984";"A01";"3";"0";"0";"2";"0";"0";"0";""
"202100006606";"189Â 981";"A01";"3";"7";"0";"9";"3";"2";"1";""
"202100006606";"189Â 982";"B01";"3";"60";"0";"2";"2";"2";"5";""
"202100006607";"189Â 979";"A01";"3";"7";"0";"2";"1";"26";"1";""
"202100006607";"189Â 980";"B01";"3";"7";"0";"2";"2";"26";"1";""
"202100006608";"189Â 977";"A01";"3";"7";"0";"2";"1";"1";"1";""
"202100006608";"189Â 978";"B01";"3";"1";"0";"2";"1";"0";"5";""
"202100006609";"189Â 975";"B01";"2";"7";"0";"2";"3";"0";"1";""
"202100006609";"189Â 976";"A01";"1";"7";"0";"2";"2";"0";"1";""
"202100006610";"189Â 973";"A01";"3";"7";"0";"2";"1";"5";"1";""
"202100006610";"189Â 974";"B01";"3";"2";"0";"2";"7";"1";"1";""
"202100006611";"189Â 971";"A01";"3";"7";"0";"2";"2";"1";"1";""
"202100006611";"189Â 972";"B01";"3";"7";"0";"2";"8";"16";"1";""
"202100006612";"189Â 969";"B01";"3";"40";"0";"2";"1";"1";"3";""
"202100006612";"189Â 970";"A01";"3";"7";"0";"2";"8";"15";"1";""
"202100006613";"189Â 967";"B01";"3";"50";"0";"2";"7";"1";"3";""
"202100006613";"189Â 968";"A01";"3";"7";"0";"2";"1";"9";"1";""
"202100006614";"189Â 966";"A01";"3";"7";"0";"1";"1";"1";"1";""
"202100006615";"189Â 965";"A01";"1";"30";"0";"0";"0";"1";"1";""
"202100006616";"189Â 963";"A01";"1";"7";"0";"2";"6";"1";"1";""
"202100006616";"189Â 964";"B01";"1";"50";"0";"2";"1";"2";"3";""
"202100006617";"189Â 961";"A01";"3";"7";"0";"2";"1";"26";"1";""
"202100006617";"189Â 962";"B01";"3";"7";"0";"2";"3";"19";"1";""
"202100006618";"189Â 959";"A01";"2";"7";"0";"2";"0";"19";"1";""
"202100006618";"189Â 960";"B01";"1";"3";"0";"2";"5";"1";"1";""
"202100006619";"189Â 958";"A01";"1";"30";"8";"1";"1";"2";"3";""
"202100006620";"189Â 957";"A01";"1";"7";"0";"1";"1";"1";"1";""
"202100006621";"189Â 955";"B01";"2";"7";"8";"2";"8";"16";"1";""
"202100006621";"189Â 956";"A01";"2";"7";"0";"2";"1";"1";"1";""
"202100006622";"189Â 953";"A01";"1";"7";"0";"2";"2";"15";"1";""
"202100006622";"189Â 954";"B01";"2";"1";"0";"2";"1";"1";"5";""
"202100006623";"189Â 951";"A01";"1";"33";"0";"2";"2";"5";"1";""
"202100006623";"189Â 952";"B01";"2";"7";"0";"2";"2";"1";"1";""
"202100006624";"189Â 949";"B01";"1";"7";"0";"2";"2";"9";"1";""
"202100006624";"189Â 950";"A01";"1";"7";"0";"2";"3";"9";"1";""
"202100006625";"189Â 948";"A01";"1";"7";"0";"2";"3";"1";"1";""
"202100006626";"189Â 946";"B01";"1";"1";"0";"2";"3";"1";"5";""
"202100006626";"189Â 947";"A01";"1";"7";"0";"2";"2";"14";"1";""
"202100006627";"189Â 944";"A01";"2";"7";"0";"2";"3";"16";"1";""
"202100006627";"189Â 945";"B01";"2";"1";"0";"2";"1";"1";"5";""
"202100006628";"189Â 942";"A01";"2";"7";"0";"2";"1";"15";"1";""
"202100006628";"189Â 943";"B01";"2";"31";"0";"2";"1";"1";"1";""
"202100006629";"189Â 941";"A01";"1";"31";"0";"0";"8";"1";"1";""
"202100006630";"189Â 939";"A01";"1";"7";"0";"2";"1";"1";"1";""
"202100006630";"189Â 940";"B01";"1";"7";"0";"2";"4";"1";"2";""
"202100006631";"189Â 938";"A01";"3";"7";"0";"1";"1";"1";"1";""
"202100006632";"189Â 936";"B01";"3";"33";"0";"2";"1";"1";"1";""
"202100006632";"189Â 937";"A01";"3";"7";"0";"2";"2";"15";"1";""
"202100006633";"189Â 933";"C01";"2";"7";"0";"2";"1";"1";"1";""
"202100006633";"189Â 934";"B01";"1";"7";"0";"2";"1";"1";"1";""
"202100006633";"189Â 935";"A01";"2";"7";"0";"2";"1";"13";"1";""
"202100006634";"189Â 931";"A01";"2";"7";"0";"2";"0";"0";"1";""
"202100006634";"189Â 932";"B01";"2";"2";"0";"2";"1";"1";"1";""
"202100006635";"189Â 928";"A01";"2";"7";"0";"2";"8";"13";"1";""
"202100006635";"189Â 929";"B01";"1";"17";"0";"2";"3";"1";"1";""
"202100006635";"189Â 930";"C01";"1";"17";"0";"2";"3";"1";"1";""
"202100006636";"189Â 927";"A01";"0";"7";"0";"1";"1";"1";" -1";""
"202100006637";"189Â 924";"A01";"0";"7";"0";"2";"1";"2";"1";""
"202100006637";"189Â 925";"B01";"0";"7";"0";"2";"4";"2";"1";""
"202100006637";"189Â 926";"C01";"0";"7";"0";"2";"4";"2";"1";""
"202100006638";"189Â 923";"A01";"2";"15";"0";"1";"3";"1";"1";""
"202100006639";"189Â 919";"A01";"3";"7";"0";"2";"1";"1";"1";""
"202100006639";"189Â 920";"B01";"3";"50";"0";"2";"7";"19";"3";""
"202100006640";"189Â 917";"B01";"1";"7";"0";"2";"4";"1";"1";""
"202100006640";"189Â 918";"A01";"1";"33";"0";"2";"1";"2";"1";""
"202100006641";"189Â 916";"A01";"2";"7";"6";"0";"2";"14";"1";""
"202100006642";"189Â 914";"B01";"1";"33";"0";"2";"1";"1";"1";""
"202100006642";"189Â 915";"A01";"1";"10";"0";"9";"3";"15";"1";""
"202100006643";"189Â 912";"A01";"1";"10";"0";"2";"7";"16";"1";""
"202100006643";"189Â 913";"B01";"1";"7";"0";"2";"8";"1";"1";""
"202100006644";"189Â 909";"A01";"3";"7";"0";"1";"1";"1";"1";""
"202100006645";"189Â 908";"A01";"0";"7";"0";"1";"3";"16";"3";""
"202100006646";"189Â 907";"A01";"1";"7";"0";"1";"2";"1";"1";""
"202100006647";"189Â 905";"B01";"1";"7";"8";"0";"1";"1";"1";""
"202100006647";"189Â 906";"A01";"2";"7";"8";"0";"1";"13";"1";""
"202100006648";"189Â 903";"A01";"2";"50";"0";"2";"1";"19";"3";""
"202100006648";"189Â 904";"B01";"2";"38";"0";"2";"7";"16";"1";"1"
"202100006649";"189Â 902";"A01";"2";"7";"0";"1";"1";"9";"1";""
"202100006650";"189Â 901";"A01";"2";"2";"0";"0";"0";"1";"1";""
"202100006651";"189Â 899";"B01";"1";"7";"0";"2";"4";"1";"1";""
"202100006651";"189Â 900";"A01";"1";"7";"0";"2";"1";"1";"1";""
"202100006652";"189Â 897";"A01";"1";"7";"0";"2";"1";"1";"1";""
"202100006652";"189Â 898";"B01";"1";"7";"0";"2";"4";"1";"1";""
"202100006653";"189Â 895";"A01";"1";"7";"0";"2";"3";"1";"1";""
"202100006653";"189Â 896";"B01";"1";"2";"0";"2";"7";"26";"1";""
"202100006654";"189Â 894";"A01";"1";"33";"0";"0";"7";"9";"1";""
"202100006655";"189Â 892";"B01";"2";"10";"0";"2";"3";"1";"1";""
"202100006655";"189Â 893";"A01";"0";"33";"0";"2";"3";"17";"1";""
"202100006656";"189Â 890";"A01";"1";"30";"0";"2";"1";"1";"1";""
"202100006656";"189Â 891";"B01";"1";"7";"0";"2";"3";"1";"1";""
"202100006657";"189Â 888";"Z01";"2";"7";"0";"2";"1";"15";"1";""
"202100006657";"189Â 889";"B01";"2";"7";"0";"2";"2";"26";"1";""
"202100006658";"189Â 886";"B01";"1";"40";"0";"2";"1";"1";"0";""
"202100006658";"189Â 887";"A01";"1";"7";"0";"4";"8";"1";"1";""
"202100006659";"189Â 884";"A01";"0";"7";"0";"2";"1";"13";"1";""
"202100006659";"189Â 885";"B01";"0";"7";"0";"2";"1";"0";"2";""
"202100006660";"189Â 881";"C01";"3";"7";"1";"2";"5";"0";"1";""
"202100006660";"189Â 882";"B01";"2";"7";"0";"2";"3";"2";"1";""
"202100006660";"189Â 883";"A01";"2";"10";"0";"2";"3";"17";"1";""
"202100006661";"189Â 880";"A01";"1";"7";"0";"0";"0";"0";"1";""
"202100006662";"189Â 878";"B01";"1";"7";"0";"2";"3";"1";"1";""
"202100006662";"189Â 879";"A01";"2";"7";"0";"2";"3";"1";"1";""
"202100006663";"189Â 876";"B01";"1";"33";"0";"2";"1";"1";"1";""
"202100006663";"189Â 877";"A01";"1";"7";"0";"2";"3";"19";"1";""
"202100006664";"189Â 873";"A01";"1";"7";"0";"2";"2";"26";"1";""
"202100006664";"189Â 874";"B01";"1";"7";"0";"2";"8";"0";"1";""
"202100006664";"189Â 875";"C01";"1";"7";"0";"2";"4";"26";"1";""
"202100006665";"189Â 871";"A01";"1";"33";"0";"2";"3";"1";"1";""
"202100006665";"189Â 872";"B01";"3";"32";"0";"2";"2";"1";"1";""
"202100006666";"189Â 869";"A01";"1";"1";"0";"2";"8";"15";"5";""
"202100006666";"189Â 870";"B01";"1";"7";"0";"2";"1";"1";"1";""
"202100006667";"189Â 868";"A01";"1";"31";"8";"0";"1";"13";"1";""
"202100006668";"189Â 866";"A01";"1";"7";"0";"9";"3";"16";"1";""
"202100006668";"189Â 867";"B01";"3";"1";"0";"2";"1";"19";"6";""
"202100006669";"189Â 864";"A01";"1";"7";"0";"2";"1";"15";"2";""
"202100006669";"189Â 865";"B01";"2";"30";"0";"2";"1";"1";"1";""
"202100006670";"189Â 861";"A01";"1";"7";"0";"2";"9";"18";"1";""
"202100006670";"189Â 862";"B01";"1";"33";"0";"2";"1";"1";"1";""
"202100006670";"189Â 863";"C01";"2";"7";"0";"2";"8";"1";"1";""
"202100006671";"189Â 858";"C01";"2";"7";"0";"2";"2";"1";"1";""
"202100006671";"189Â 859";"B01";"2";"7";"0";"2";"1";"1";"1";""
"202100006671";"189Â 860";"A01";"2";"7";"0";"0";"9";"9";"1";""
"202100006672";"189Â 856";"B01";"2";"7";"0";"2";"3";"1";"1";""
"202100006672";"189Â 857";"A01";"2";"7";"0";"2";"1";"1";"1";""
"202100006673";"189Â 854";"B01";"1";"7";"0";"2";"4";"2";"1";""
"202100006673";"189Â 855";"A01";"1";"7";"0";"2";"1";"2";"1";""
"202100006674";"189Â 851";"C01";"1";"7";"0";"0";"0";"15";"1";""
"202100006674";"189Â 852";"B01";"2";"7";"0";"2";"3";"1";"1";""
"202100006674";"189Â 853";"A01";"2";"33";"0";"2";"1";"17";"1";""
"202100006675";"189Â 850";"A01";"1";"30";"0";"0";"3";"21";"1";""
"202100006676";"189Â 848";"A01";"1";"7";"0";"2";"1";"9";"1";""
"202100006676";"189Â 849";"B01";"1";"30";"0";"2";"8";"1";"1";""
"202100006677";"189Â 846";"A01";"1";"7";"0";"2";"1";"15";"1";""
"202100006677";"189Â 847";"B01";"2";"7";"0";"2";"2";"1";"1";""
"202100006678";"189Â 844";"A01";"2";"7";"0";"9";"2";"2";"1";""
"202100006678";"189Â 845";"B01";"2";"1";"0";"2";"4";"23";"5";""
"202100006679";"189Â 842";"B01";"2";"7";"0";"2";"1";"1";"0";""
"202100006679";"189Â 843";"A01";"1";"2";"0";"2";"1";"15";"0";""
"202100006680";"189Â 840";"A01";"2";"7";"0";"2";"1";"15";"1";""
"202100006680";"189Â 841";"B01";"1";"2";"0";"2";"1";"1";"1";""
"202100006681";"189Â 839";"A01";"1";"7";"13";"0";"2";"1";"1";""
"202100006682";"189Â 838";"A01";"3";"7";"8";"0";"1";"1";"1";""
"202100006683";"189Â 836";"A01";"3";"7";"0";"2";"1";"9";"1";""
"202100006683";"189Â 837";"B01";"3";"10";"0";"2";"1";"0";"1";""
"202100006684";"189Â 834";"B01";"1";"7";"0";"2";"3";"11";"1";""
"202100006684";"189Â 835";"A01";"2";"7";"9";"9";"3";"11";"1";""
"202100006685";"189Â 832";"A01";"2";"7";"0";"2";"3";"2";"2";""
"202100006685";"189Â 833";"B01";"2";"7";"0";"2";"5";"2";"1";""
"202100006686";"189Â 831";"A01";"2";"7";"0";"1";"7";"1";"1";""
"202100006687";"189Â 827";"B01";"1";"99";"0";"2";"2";"2";"5";""
"202100006687";"189Â 828";"A01";"1";"7";"0";"9";"3";"9";"1";""
"202100006688";"189Â 825";"A01";"1";"2";"0";"2";"1";"19";"1";""
"202100006688";"189Â 826";"B01";"1";"10";"0";"2";"3";"1";"1";""
"202100006689";"189Â 823";"A01";"3";"33";"11";"2";"8";"17";"1";""
"202100006689";"189Â 824";"B01";"3";"7";"0";"2";"6";"1";"1";""
"202100006690";"189Â 821";"A01";"1";"7";"0";"2";"1";"16";"1";""
"202100006690";"189Â 822";"B01";"1";"50";"0";"2";"7";"19";"3";""
"202100006691";"189Â 819";"B01";"1";"10";"0";"2";"6";"1";"1";""
"202100006691";"189Â 820";"A01";"1";"10";"0";"2";"2";"2";"1";""
"202100006692";"189Â 818";"A01";"1";"7";"4";"0";"1";"9";"1";""
"202100006693";"189Â 816";"A01";"1";"7";"0";"2";"1";"19";"1";""
"202100006693";"189Â 817";"B01";"1";"7";"0";"2";"9";"2";"1";""
"202100006694";"189Â 815";"A01";"1";"33";"0";"2";"7";"1";"1";""
"202100006695";"189Â 813";"B01";"1";"7";"0";"2";"4";"2";"1";""
"202100006695";"189Â 814";"C01";"1";"7";"0";"2";"4";"2";"1";""
"202100006696";"189Â 812";"A01";"0";"34";"0";"1";"1";"26";"0";""
"202100006697";"189Â 811";"A01";"0";"7";"8";"0";"3";"1";"1";""
"202100006698";"189Â 810";"A01";"1";"7";"0";"1";"1";"26";"1";""
"202100006699";"189Â 808";"B01";"2";"7";"0";"2";"2";"1";"1";""
"202100006699";"189Â 809";"Z01";"2";"7";"9";"0";"1";"1";"1";""
"202100006700";"189Â 806";"B01";"0";"7";"0";"2";"1";"1";"1";""
"202100006700";"189Â 807";"A01";"0";"7";"0";"2";"4";"9";"1";""
"202100006701";"189Â 802";"A01";"1";"7";"0";"2";"2";"15";"1";""
"202100006701";"189Â 803";"B01";"1";"7";"0";"2";"3";"1";"1";""
"202100006702";"189Â 800";"A01";"3";"31";"0";"2";"1";"17";"1";""
"202100006702";"189Â 801";"B01";"0";"10";"0";"2";"3";"15";"1";""
"202100006703";"189Â 798";"B01";"1";"7";"0";"2";"4";"1";"1";""
"202100006703";"189Â 799";"A01";"1";"7";"0";"2";"1";"19";"1";""
"202100006704";"189Â 796";"B01";"3";"33";"0";"2";"1";"1";"1";""
"202100006704";"189Â 797";"A01";"3";"7";"0";"2";"4";"11";"1";""
"202100006705";"189Â 795";"A01";"2";"7";"0";"1";"1";"1";"1";""
"202100006706";"189Â 793";"A01";"2";"7";"0";"2";"3";"15";"1";""
"202100006706";"189Â 794";"B01";"1";"7";"0";"2";"6";"1";"1";""
"202100006707";"189Â 791";"A01";"1";"1";"0";"2";"7";"15";"5";""
"202100006707";"189Â 792";"B01";"2";"7";"0";"2";"1";"1";"1";""
"202100006708";"189Â 790";"A01";"1";"7";"0";"1";"8";"15";"1";""
"202100006709";"189Â 788";"B01";"3";"33";"0";"2";"7";"12";"1";""
"202100006709";"189Â 789";"A01";"3";"10";"0";"2";"3";"11";"1";""
"202100006710";"189Â 786";"B01";"1";"30";"0";"2";"1";"15";"1";""
"202100006710";"189Â 787";"A01";"2";"30";"0";"2";"3";"1";"1";""
"202100006711";"189Â 785";"A01";"1";"7";"0";"1";"1";"1";"1";""
"202100006712";"189Â 784";"A01";"1";"7";"6";"0";"2";"14";"1";""
"202100006713";"189Â 783";"A01";"1";"33";"13";"0";"1";"17";"1";""
"202100006714";"189Â 782";"A01";"2";"7";"6";"0";"1";"16";"1";""
"202100006715";"189Â 781";"A01";"2";"7";"1";"0";"2";"1";"1";""
"202100006716";"189Â 779";"A01";"1";"43";"0";"2";"1";"1";"1";""
"202100006716";"189Â 780";"B01";"1";"10";"0";"2";"7";"1";"1";""
"202100006717";"189Â 776";"A01";"1";"7";"0";"2";"8";"13";"1";""
"202100006717";"189Â 777";"C01";"1";"43";"0";"2";"2";"1";"1";""
"202100006717";"189Â 778";"B01";"1";"7";"0";"2";"2";"1";"1";""
"202100006718";"189Â 774";"B01";"1";"1";"0";"2";"4";"1";"5";""
"202100006718";"189Â 775";"A01";"1";"14";"0";"2";"3";"16";"1";""
"202100006719";"189Â 772";"A01";"1";"30";"0";"2";"3";"1";"3";""
"202100006719";"189Â 773";"B01";"1";"7";"0";"2";"2";"15";"1";""
"202100006720";"189Â 771";"A01";"2";"34";"1";"1";"8";"1";"1";""
"202100006721";"189Â 769";"A01";"3";"13";"0";"2";"3";"16";"0";""
"202100006721";"189Â 770";"B01";"3";"10";"0";"2";"2";"23";"1";""
"202100006722";"189Â 767";"A01";"1";"34";"0";"0";"4";"9";"1";""
"202100006722";"189Â 768";"B01";"1";"32";"0";"2";"1";"1";"1";""
"202100006723";"189Â 766";"A01";"2";"1";"0";"1";"1";"1";"5";""
"202100006724";"189Â 764";"Z01";"3";"10";"0";"2";"0";"1";"0";""
"202100006724";"189Â 765";"A01";"2";"30";"0";"2";"2";"14";"1";""
"202100006725";"189Â 763";"A01";"2";"2";"0";"1";"3";"1";"1";""
"202100006726";"189Â 761";"A01";"3";"50";"0";"2";"8";"13";"3";""
"202100006726";"189Â 762";"B01";"3";"2";"0";"0";"0";"1";"0";""
"202100006727";"189Â 759";"B01";"1";"32";"0";"2";"1";"23";"1";""
"202100006727";"189Â 760";"A01";"1";"10";"0";"2";"4";"4";"1";""
"202100006728";"189Â 757";"A01";"1";"7";"1";"2";"1";"1";"1";""
"202100006728";"189Â 758";"B01";"1";"7";"0";"2";"3";"24";"1";""
"202100006729";"189Â 756";"A01";"1";"7";"0";"1";"3";"15";"1";""
"202100006730";"189Â 754";"B01";"1";"14";"0";"2";"1";"2";"1";""
"202100006730";"189Â 755";"A01";"1";"7";"0";"2";"4";"2";"1";""
"202100006731";"189Â 752";"B01";"1";"7";"12";"2";"1";"1";"1";""
"202100006731";"189Â 753";"A01";"3";"7";"12";"2";"2";"1";"1";""
"202100006732";"189Â 750";"B01";"1";"7";"0";"2";"0";"1";"0";""
"202100006732";"189Â 751";"A01";"1";"10";"0";"2";"3";"13";"1";""
"202100006733";"189Â 748";"A01";" -1";"7";"0";"2";"3";"15";"1";""
"202100006733";"189Â 749";"B01";" -1";"30";"0";"2";"1";"1";"1";""
"202100006734";"189Â 746";"B01";"1";"1";"0";"2";"3";"17";"5";""
"202100006734";"189Â 747";"A01";"1";"37";"0";"2";"7";"17";"1";"1"
"202100006735";"189Â 744";"B01";"1";"2";"0";"2";"1";"2";"1";""
"202100006735";"189Â 745";"A01";"1";"7";"0";"2";"2";"15";"1";""
"202100006736";"189Â 742";"A01";"1";"7";"0";"2";"3";"11";"1";""
"202100006736";"189Â 743";"B01";"1";"33";"0";"2";"2";"1";"1";""
"202100006737";"189Â 740";"B01";"1";"7";"0";"2";"3";"15";"1";""
"202100006737";"189Â 741";"A01";"2";"2";"0";"2";"3";"1";"1";""
"202100006738";"189Â 739";"A01";"3";"30";"0";"0";"0";"26";"1";""
"202100006739";"189Â 737";"B01";"2";"7";"0";"2";"8";"9";"1";""
"202100006739";"189Â 738";"A01";"2";"7";"0";"2";"2";"5";"1";""
"202100006740";"189Â 735";"A01";"3";"7";"0";"2";"1";"19";"1";""
"202100006740";"189Â 736";"B01";"2";"1";"0";"2";"3";"1";"5";""
"202100006741";"189Â 733";"A01";"1";"7";"0";"2";"2";"15";"1";""
"202100006741";"189Â 734";"B01";"2";"2";"0";"2";"1";"1";"1";""
"202100006742";"189Â 731";"B01";"2";"34";"0";"2";"9";"1";"1";""
"202100006742";"189Â 732";"A01";"2";"7";"0";"2";"7";"9";"1";""
"202100006743";"189Â 730";"A01";"1";"7";"0";"1";"1";"1";"1";""
"202100006744";"189Â 728";"A01";"2";"31";"0";"2";"1";"1";"1";""
"202100006744";"189Â 729";"B01";"3";"7";"0";"2";"0";"0";"1";""
"202100006745";"189Â 726";"A01";"1";"7";"0";"2";"3";"15";"1";""
"202100006745";"189Â 727";"B01";"1";"33";"0";"2";"3";"1";"1";""
"202100006746";"189Â 724";"A01";"2";"1";"0";"2";"1";"5";"5";""
"202100006746";"189Â 725";"B01";"1";"7";"0";"2";"1";"1";"1";""
"202100006747";"189Â 722";"A01";"2";"7";"0";"2";"1";"2";"1";""
"202100006747";"189Â 723";"B01";"2";"7";"0";"0";"4";"2";"1";""
"202100006748";"189Â 719";"A01";"1";"7";"0";"0";"7";"15";"1";""
"202100006748";"189Â 720";"B01";"2";"7";"0";"2";"1";"1";"1";""
"202100006748";"189Â 721";"C01";"2";"7";"0";"0";"2";"23";"1";""
"202100006749";"189Â 717";"B01";"1";"7";"0";"2";"3";"2";"1";""
"202100006749";"189Â 718";"A01";"2";"31";"0";"2";"1";"5";"1";""
"202100006750";"189Â 715";"B01";"1";"7";"0";"2";"3";"1";"1";""
"202100006750";"189Â 716";"A01";"2";"7";"0";"2";"3";"1";"1";""
"202100006751";"189Â 713";"A01";"1";"7";"0";"2";"1";"5";"1";""
"202100006751";"189Â 714";"B01";"2";"7";"0";"2";"1";"1";"1";""
"202100006752";"189Â 712";"A01";"1";"10";"0";"1";"3";"1";"1";""
"202100006753";"189Â 711";"A01";"2";"21";"0";"1";"3";"0";"1";""