"Num_Acc";"id_vehicule";"num_veh";"senc";"catv";"obs";"obsm";"choc";"manv";"motor";"occutc"
"202100006754";"189Â 709";"A01";"1";"33";"0";"2";"1";"1";"1";""
"202100006754";"189Â 710";"B01";"2";"7";"0";"2";"3";"1";"1";""
"202100006755";"189Â 708";"A01";"1";"10";"2";"0";"1";"14";"1";""
"202100006756";"189Â 706";"A01";"1";"10";"0";"2";"6";"1";"1";""
"202100006756";"189Â 707";"B01";"1";"33";"0";"2";"3";"1";"1";""
"202100006757";"189Â 705";"A01";"1";"7";"2";"0";"1";"13";"1";""
"202100006758";"189Â 703";"A01";"1";"7";"0";"2";"3";"15";"1";""
"202100006758";"189Â 704";"B01";"2";"2";"0";"2";"1";"1";"1";""
"202100006759";"189Â 702";"A01";"3";"7";"0";"1";"1";"1";"1";""
"202100006760";"189Â 700";"B01";"2";"7";"0";"2";"3";"1";"1";""
"202100006760";"189Â 701";"A01";"1";"7";"0";"2";"2";"15";"1";""
"202100006761";"189Â 699";"A01";"0";"7";"0";"1";"2";"16";"1";""
"202100006762";"189Â 698";"A01";"1";"2";"8";"0";"1";"1";"1";""
"202100006763";"189Â 696";"B01";"1";"21";"0";"2";"1";"23";"1";""
"202100006763";"189Â 697";"A01";"2";"7";"1";"0";"1";"1";"1";""
"202100006764";"189Â 695";"A01";"2";"7";"2";"0";"1";"14";"1";""
"202100006765";"189Â 693";"B01";"2";"7";"0";"2";"2";"1";"1";""
"202100006765";"189Â 694";"A01";"3";"7";"0";"2";"3";"19";"1";""
"202100006766";"189Â 692";"A01";"2";"10";"13";"0";"1";"1";"1";""
"202100006767";"189Â 691";"A01";"3";"31";"0";"9";"2";"1";"1";""
"202100006768";"189Â 689";"A01";"1";"7";"0";"0";"3";"15";"1";""
"202100006768";"189Â 690";"B01";"2";"2";"1";"2";"7";"17";"1";""
"202100006769";"189Â 688";"A01";"3";"7";"3";"0";"1";"1";"1";""
"202100006770";"189Â 686";"B01";"1";"7";"0";"2";"3";"13";"1";""
"202100006770";"189Â 687";"A01";"0";"7";"0";"2";"3";"0";"1";""
"202100006771";"189Â 685";"A01";"1";"7";"16";"0";"8";"13";"1";""
"202100006772";"189Â 684";"A01";"1";"7";"0";"0";"0";"0";"1";""
"202100006773";"189Â 682";"B01";"1";"1";"0";"0";"3";"2";"5";""
"202100006773";"189Â 683";"A01";"1";"7";"2";"0";"2";"2";"1";""
"202100006774";"189Â 680";"A01";"1";"7";"0";"2";"1";"5";"1";""
"202100006774";"189Â 681";"B01";"2";"14";"0";"2";"3";"1";"1";""
"202100006775";"189Â 676";"A01";"2";"10";"0";"2";"1";"2";"1";""
"202100006775";"189Â 677";"B01";"2";"7";"0";"2";"4";"1";"1";""
"202100006775";"189Â 678";"C01";"2";"7";"0";"2";"4";"26";"1";""
"202100006775";"189Â 679";"D01";"2";"13";"0";"2";"6";"26";"1";""
"202100006776";"189Â 673";"C01";"2";"7";"3";"2";"3";"1";"1";""
"202100006776";"189Â 674";"B01";"2";"33";"0";"2";"9";"1";"1";""
"202100006776";"189Â 675";"A01";"2";"7";"0";"2";"8";"13";"0";""
"202100006777";"189Â 671";"B01";"0";"2";"3";"2";"1";"21";"1";""
"202100006777";"189Â 672";"A01";"0";"7";"0";"2";"3";"15";"1";""
"202100006778";"189Â 669";"A01";"2";"7";"0";"0";"1";"11";"1";""
"202100006778";"189Â 670";"B01";"1";"7";"0";"0";"9";"1";"1";""
"202100006779";"189Â 668";"A01";"1";"17";"3";"0";"2";"2";"1";""
"202100006780";"189Â 666";"A01";"1";"7";"0";"2";"1";"13";"1";""
"202100006780";"189Â 667";"B01";"2";"2";"0";"2";"1";"0";"1";""
"202100006781";"189Â 664";"B01";"0";"2";"0";"2";"1";"1";"1";""
"202100006781";"189Â 665";"A01";"3";"7";"0";"2";"2";"15";"1";""
"202100006782";"189Â 663";"A01";"2";"7";"1";"0";"2";"14";"1";""
"202100006783";"189Â 662";"A01";"1";"2";"0";"1";"1";"1";"1";""
"202100006784";"189Â 660";"A01";"2";"7";"0";"2";"6";"1";"1";""
"202100006784";"189Â 661";"B01";"2";"33";"0";"2";"1";"2";"1";""
"202100006785";"189Â 658";"A01";"1";"7";"0";"2";"1";"9";"1";""
"202100006785";"189Â 659";"B01";"1";"1";"0";"2";"7";"1";"5";""
"202100006786";"189Â 656";"B01";"1";"7";"0";"2";"1";"1";"1";""
"202100006786";"189Â 657";"A01";"2";"7";"0";"2";"4";"1";"1";""
"202100006787";"189Â 652";"C01";"1";"10";"0";"2";"1";"2";"1";""
"202100006787";"189Â 653";"D01";"1";"7";"0";"2";"1";"2";"1";""
"202100006787";"189Â 654";"A01";"1";"7";"0";"2";"4";"1";"1";""
"202100006787";"189Â 655";"B01";"1";"7";"0";"2";"1";"2";"1";""
"202100006788";"189Â 650";"B01";"1";"34";"0";"2";"3";"1";"1";""
"202100006788";"189Â 651";"A01";"1";"10";"0";"2";"5";"17";"1";""
"202100006789";"189Â 648";"A01";"2";"7";"0";"0";"4";"1";"1";""
"202100006789";"189Â 649";"B01";"2";"7";"0";"2";"0";"1";"1";""
"202100006790";"189Â 647";"A01";"2";"33";"0";"0";"9";"0";"1";""
"202100006791";"189Â 643";"C01";"2";"10";"0";"2";"1";"1";"1";""
"202100006791";"189Â 644";"A01";"2";"7";"0";"2";"9";"0";"1";""
"202100006791";"189Â 645";"D01";"2";"7";"0";"2";"1";"1";"1";""
"202100006791";"189Â 646";"B01";"2";"7";"3";"2";"1";"1";"1";""
"202100006792";"189Â 641";"B01";"2";"34";"0";"2";"7";"17";"1";""
"202100006792";"189Â 642";"A01";"2";"7";"0";"2";"6";"11";"1";""
"202100006793";"189Â 639";"A01";"1";"7";"0";"2";"2";"14";"1";""
"202100006793";"189Â 640";"B01";"1";"7";"0";"2";"6";"1";"1";""
"202100006794";"189Â 638";"A01";"2";"7";"15";"0";"2";"2";"1";""
"202100006795";"189Â 637";"A01";"2";"7";"0";"2";"4";"2";"1";""
"202100006796";"189Â 635";"A01";"2";"7";"0";"2";"1";"2";"1";""
"202100006796";"189Â 636";"B01";"2";"7";"0";"2";"4";"2";"1";""
"202100006797";"189Â 633";"B01";"1";"33";"0";"2";"8";"3";"1";""
"202100006797";"189Â 634";"A01";"1";"7";"0";"2";"2";"14";"1";""
"202100006798";"189Â 631";"A01";"2";"10";"0";"5";"0";"0";"1";""
"202100006798";"189Â 632";"B01";"2";"7";"0";"5";"0";"0";"1";""
"202100006799";"189Â 627";"A01";"2";"7";"0";"2";"1";"2";"1";""
"202100006799";"189Â 628";"B01";"2";"10";"0";"2";"4";"2";"1";""
"202100006799";"189Â 629";"C01";"2";"7";"0";"2";"4";"2";"1";""
"202100006799";"189Â 630";"D01";"2";"7";"0";"2";"1";"2";"1";""
"202100006800";"189Â 626";"A01";"1";"7";"0";"1";"2";"1";"1";""
"202100006801";"189Â 623";"A01";"1";"10";"0";"2";"1";"1";"1";""
"202100006801";"189Â 624";"B01";"1";"7";"0";"2";"4";"1";"1";""
"202100006801";"189Â 625";"C01";"1";"7";"0";"2";"4";"1";"1";""
"202100006802";"189Â 621";"A01";"1";"37";"0";"2";"1";"1";"1";"1"
"202100006802";"189Â 622";"B01";"1";"7";"0";"2";"4";"2";"1";""
"202100006803";"189Â 618";"A01";"2";"14";"0";"2";"1";"1";"1";""
"202100006803";"189Â 619";"B01";"2";"7";"0";"2";"4";"2";"1";""
"202100006803";"189Â 620";"C01";"2";"7";"0";"2";"4";"2";"1";""
"202100006804";"189Â 616";"A01";"2";"7";"0";"2";"8";"9";"1";""
"202100006804";"189Â 617";"B01";"2";"33";"0";"2";"7";"9";"1";""
"202100006805";"189Â 612";"A01";"2";"33";"0";"2";"8";"3";"1";""
"202100006805";"189Â 613";"B01";"2";"7";"0";"2";"7";"12";"1";""
"202100006805";"189Â 614";"C01";"2";"7";"0";"2";"7";"1";"1";""
"202100006805";"189Â 615";"D01";"2";"7";"0";"9";"5";"1";"1";""
"202100006806";"189Â 611";"A01";"1";"10";"3";"0";"7";"0";"1";""
"202100006807";"189Â 609";"A01";"1";"10";"0";"2";"1";"2";"1";""
"202100006807";"189Â 610";"B01";"1";"7";"0";"2";"4";"2";"1";""
"202100006808";"189Â 607";"B01";"2";"10";"0";"0";"5";"1";"1";""
"202100006808";"189Â 608";"A01";"2";"43";"0";"2";"1";"21";"1";""
"202100006809";"189Â 605";"A01";"1";"7";"0";"2";"1";"1";"1";""
"202100006809";"189Â 606";"B01";"1";"10";"0";"2";"4";"1";"1";""
"202100006810";"189Â 603";"A01";"2";"7";"0";"2";"2";"1";"1";""
"202100006810";"189Â 604";"B01";"2";"7";"4";"2";"6";"11";"1";""
"202100006811";"189Â 601";"B01";"1";"7";"0";"2";"6";"11";"2";""
"202100006811";"189Â 602";"A01";"1";"33";"4";"2";"2";"3";"1";""
"202100006812";"189Â 599";"B01";"1";"32";"0";"2";"7";"1";"1";""
"202100006812";"189Â 600";"A01";"1";"7";"0";"2";"8";"11";"1";""
"202100006813";"189Â 597";"A01";"2";"31";"0";"2";"4";"1";"1";""
"202100006813";"189Â 598";"Z01";"2";"7";"0";"2";"1";"12";"1";""
"202100006814";"189Â 595";"A01";"2";"33";"0";"2";"1";"2";"1";""
"202100006814";"189Â 596";"B01";"2";"7";"0";"2";"6";"2";"1";""
"202100006815";"189Â 593";"A01";"1";"7";"0";"2";"5";"10";"2";""
"202100006815";"189Â 594";"B01";"1";"43";"0";"2";"1";"1";"1";""
"202100006816";"189Â 592";"A01";"1";"50";"0";"0";"0";"21";"3";""
"202100006817";"189Â 590";"B01";"2";"1";"0";"2";"1";"1";"5";""
"202100006817";"189Â 591";"A01";"2";"14";"0";"2";"2";"16";"1";""
"202100006818";"189Â 588";"Z01";"3";"7";"0";"2";"0";"1";"0";""
"202100006818";"189Â 589";"A01";"2";"50";"0";"2";"8";"1";"3";""
"202100006819";"189Â 586";"A01";"1";"7";"0";"2";"2";"2";"1";""
"202100006819";"189Â 587";"B01";"1";"7";"0";"2";"6";"23";"2";""
"202100006820";"189Â 585";"A01";"2";"30";"0";"1";"1";"3";"3";""
"202100006821";"189Â 584";"A01";"2";"7";"1";"1";"1";"24";"3";""
"202100006822";"189Â 582";"B01";"1";"7";"0";"2";"3";"15";"1";""
"202100006822";"189Â 583";"A01";"2";"7";"0";"2";"8";"1";"1";""
"202100006823";"189Â 581";"A01";"1";"7";"0";"1";"1";"15";"1";""
"202100006824";"189Â 579";"A01";"2";"33";"0";"2";"1";"1";"1";""
"202100006824";"189Â 580";"B01";"1";"7";"0";"2";"3";"1";"1";""
"202100006825";"189Â 577";"B01";" -1";"80";"0";"0";"4";"15";"3";""
"202100006825";"189Â 578";"A01";"1";"7";"0";"2";"1";"26";"1";""
"202100006826";"189Â 576";"TA01";"1";"37";"9";"0";"1";"1";"1";"2"
"202100006827";"189Â 575";"A01";"0";"50";"0";"0";"0";"25";"3";""
"202100006828";"189Â 574";"A01";" -1";"37";"0";"1";"6";"26";"1";"1"
"202100006829";"189Â 573";"A01";"2";"32";"0";"1";"0";"1";"1";""
"202100006830";"189Â 571";"B01";"2";"7";"0";"2";"1";"0";"1";""
"202100006830";"189Â 572";"A01";"2";"7";"0";"2";"5";"23";"1";""
"202100006831";"189Â 569";"B01";"1";"7";"1";"0";"1";"1";"1";""
"202100006831";"189Â 570";"A01";"1";"7";"1";"0";"4";"24";"1";""
"202100006832";"189Â 568";"A01";"3";"7";"0";"1";"2";"19";"1";""
"202100006833";"189Â 567";"A01";"1";"31";"0";"1";"2";"26";"1";""
"202100006834";"189Â 565";"A01";"1";"7";"0";"2";"3";"2";"1";""
"202100006834";"189Â 566";"B01";"1";"10";"0";"2";"6";"1";"1";""
"202100006835";"189Â 564";"A01";"1";"7";"0";"1";"6";"1";"1";""
"202100006836";"189Â 562";"A01";"3";"7";"0";"2";"3";"26";"1";""
"202100006836";"189Â 563";"B01";"3";"30";"0";"2";"1";"0";"1";""
"202100006837";"189Â 561";"A01";"1";"7";"0";"1";"2";"15";"1";""
"202100006838";"189Â 559";"B01";"1";"31";"0";"2";"1";"15";"1";""
"202100006838";"189Â 560";"A01";"1";"7";"0";"2";"6";"15";"1";""
"202100006839";"189Â 558";"A01";"1";"7";"0";"1";"1";"1";"1";""
"202100006840";"189Â 557";"A01";"3";"7";"0";"9";"1";"1";"1";""
"202100006841";"189Â 555";"A01";"3";"1";"0";"2";"1";"5";"5";""
"202100006841";"189Â 556";"B01";"3";"13";"0";"2";"6";"1";"1";""
"202100006842";"189Â 553";"B01";"1";"7";"0";"0";"1";"1";"1";""
"202100006842";"189Â 554";"A01";"1";"7";"0";"0";"8";"9";"2";""
"202100006843";"189Â 552";"A01";"1";"33";"0";"0";"0";"1";"1";""
"202100006844";"189Â 548";"A01";"2";"7";"0";"9";"3";"15";"1";""
"202100006844";"189Â 549";"B01";"1";"1";"0";"2";"1";"1";"5";""
"202100006845";"189Â 546";"A01";"1";"7";"0";"2";"3";"17";"1";""
"202100006845";"189Â 547";"B01";"2";"7";"13";"2";"9";"17";"1";""
"202100006846";"189Â 544";"B01";"1";"7";"0";"2";"4";"1";"1";""
"202100006846";"189Â 545";"A01";"1";"33";"0";"2";"1";"1";"1";""
"202100006847";"189Â 542";"A01";"2";"7";"0";"2";"3";"1";"0";""
"202100006847";"189Â 543";"B01";"2";"7";"0";"2";"0";"17";"0";""
"202100006848";"189Â 539";"C01";"2";"7";"0";"2";"1";"1";"1";""
"202100006848";"189Â 540";"B01";"1";"7";"0";"2";"9";"15";"1";""
"202100006848";"189Â 541";"A01";"1";"7";"0";"2";"3";"1";"1";""
"202100006849";"189Â 538";"A01";"2";"7";"0";"1";"2";"2";"1";""
"202100006850";"189Â 537";"A01";"2";"7";"13";"0";"1";"1";"1";""
"202100006851";"189Â 536";"A01";"2";"7";"13";"0";"2";"1";"1";""
"202100006852";"189Â 534";"A01";"2";"7";"8";"0";"1";"1";"1";""
"202100006853";"189Â 532";"B01";"1";"7";"0";"2";"1";"1";"1";""
"202100006853";"189Â 533";"A01";"2";"7";"0";"2";"3";"13";"2";""
"202100006854";"189Â 530";"A01";"1";"7";"0";"2";"2";"15";"1";""
"202100006854";"189Â 531";"B01";"2";"7";"7";"2";"3";"1";"1";""
"202100006855";"189Â 527";"C01";"2";"7";"0";"2";"3";"1";"1";""
"202100006855";"189Â 528";"B01";"1";"15";"0";"0";"8";"1";"1";""
"202100006855";"189Â 529";"A01";"1";"7";"0";"2";"3";"17";"1";""
"202100006856";"189Â 525";"B01";"2";"2";"0";"2";"1";"2";"1";""
"202100006856";"189Â 526";"A01";"2";"2";"0";"2";"4";"2";"1";""
"202100006857";"189Â 523";"B01";"3";"7";"0";"2";"3";"1";"1";""
"202100006857";"189Â 524";"A01";"3";"7";"0";"2";"3";"13";"1";""
"202100006858";"189Â 522";"A01";"2";"13";"12";"0";"3";"16";"1";""
"202100006859";"189Â 520";"A01";"0";"7";"0";"2";"1";"2";"0";""
"202100006859";"189Â 521";"B01";"0";"21";"0";"2";"4";"2";"1";""
"202100006860";"189Â 519";"A01";"3";"7";"0";"1";"3";"15";"1";""
"202100006861";"189Â 518";"A01";"1";"39";"0";"1";"3";"1";"2";""
"202100006862";"189Â 517";"A01";"2";"7";"2";"0";"1";"1";"1";""
"202100006863";"189Â 516";"A01";"2";"7";"13";"0";"2";"1";"1";""
"202100006864";"189Â 515";"A01";"3";"1";"0";"0";"0";"0";"5";""
"202100006865";"189Â 513";"B01";"0";"33";"0";"2";"2";"2";"1";""
"202100006865";"189Â 514";"A01";"0";"7";"0";"2";"8";"2";"1";""
"202100006866";"189Â 512";"A01";"2";"7";"0";"1";"1";"1";"1";""
"202100006867";"189Â 510";"A01";"1";"7";"0";"2";"1";"13";"1";""
"202100006867";"189Â 511";"B01";"2";"7";"0";"2";"1";"1";"1";""
"202100006868";"189Â 509";"A01";"3";"7";"2";"0";"3";"1";"1";""
"202100006869";"189Â 507";"B01";"1";"7";"0";"2";"1";"1";"1";""
"202100006869";"189Â 508";"A01";"2";"7";"0";"2";"1";"1";"1";""
"202100006870";"189Â 506";"A01";"2";"7";"2";"0";"8";"13";"1";""
"202100006871";"189Â 503";"C01";"1";"7";"0";"2";"3";"1";"1";""
"202100006871";"189Â 504";"B01";"1";"7";"0";"2";"2";"1";"1";""
"202100006871";"189Â 505";"A01";"2";"7";"0";"2";"1";"5";"1";""
"202100006872";"189Â 502";"A01";"1";"7";"0";"1";"2";"1";"1";""
"202100006873";"189Â 501";"A01";"1";"7";"16";"0";"1";"26";"1";""
"202100006874";"189Â 500";"A01";"1";"7";"8";"0";"3";"0";"1";""
"202100006875";"189Â 488";"A01";"2";"7";"0";"2";"1";"2";"1";""
"202100006875";"189Â 489";"B01";"2";"7";"0";"2";"4";"2";"1";""
"202100006875";"189Â 490";"K01";"2";"7";"0";"2";"4";"2";"1";""
"202100006875";"189Â 491";"L01";"2";"7";"0";"2";"4";"2";"1";""
"202100006875";"189Â 492";"C01";"2";"7";"0";"2";"4";"2";"1";""
"202100006875";"189Â 493";"D01";"2";"7";"0";"2";"4";"2";"1";""
"202100006875";"189Â 494";"F01";"2";"7";"0";"2";"4";"2";"1";""
"202100006875";"189Â 495";"G01";"2";"7";"0";"2";"4";"2";"1";""
"202100006875";"189Â 496";"H01";"2";"7";"0";"2";"4";"2";"1";""
"202100006875";"189Â 497";"I01";"2";"16";"0";"2";"1";"1";"1";""
"202100006875";"189Â 498";"J01";"2";"7";"0";"2";"4";"2";"1";""
"202100006875";"189Â 499";"E01";"2";"10";"0";"2";"4";"2";"1";""
"202100006876";"189Â 486";"B01";"2";"38";"0";"2";"3";"1";"1";"1"
"202100006876";"189Â 487";"A01";"1";"7";"0";"2";"1";"13";"1";""
"202100006877";"189Â 484";"B01";"1";"7";"0";"0";"4";"2";"1";""
"202100006877";"189Â 485";"A01";"1";"43";"0";"2";"1";"2";"1";""
"202100006878";"189Â 481";"A01";"2";"7";"0";"2";"1";"13";"1";""
"202100006878";"189Â 482";"B01";"1";"7";"0";"2";"1";"26";"1";""
"202100006878";"189Â 483";"C01";"1";"7";"0";"0";"6";"26";"1";""
"202100006879";"189Â 475";"A01";"2";"7";"0";"0";"4";"2";"1";""
"202100006879";"189Â 476";"F01";"2";"7";"0";"0";"4";"2";"1";""
"202100006879";"189Â 477";"B01";"2";"7";"0";"2";"8";"1";"1";""
"202100006879";"189Â 478";"C01";"2";"10";"0";"2";"8";"1";"1";""
"202100006879";"189Â 479";"D01";"2";"7";"0";"2";"1";"1";"1";""
"202100006879";"189Â 480";"E01";"2";"7";"0";"2";"7";"12";"1";""
"202100006880";"189Â 474";"A01";"2";"7";"0";"0";"1";"1";"1";""
"202100006881";"189Â 473";"A01";"0";"7";"0";"1";"1";"1";"1";""
"202100006882";"189Â 471";"B01";"3";"7";"0";"2";"8";"11";"1";""
"202100006882";"189Â 472";"A01";"3";"7";"0";"0";"2";"12";"1";""
"202100006883";"189Â 469";"A01";"1";"7";"0";"2";"1";"15";"1";""
"202100006883";"189Â 470";"B01";"2";"2";"0";"2";"1";"1";"1";""
"202100006884";"189Â 467";"B01";"1";"7";"0";"2";"4";"2";"1";""
"202100006884";"189Â 468";"A01";"1";"7";"0";"2";"1";"2";"1";""
"202100006885";"189Â 466";"A01";"1";"7";"0";"1";"1";"1";"1";""
"202100006886";"189Â 465";"A01";"3";"7";"0";"0";"0";"1";"1";""
"202100006887";"189Â 459";"B01";"1";"7";"0";"2";"1";"13";"1";""
"202100006887";"189Â 460";"A01";"2";"7";"0";"2";"1";"1";"1";""
"202100006888";"189Â 458";"A01";"0";"14";"0";"1";"0";"16";"0";""
"202100006889";"189Â 457";"A01";"2";"33";"4";"0";"8";"1";"1";""
"202100006890";"189Â 455";"A01";"2";"15";"0";"2";"2";"12";"1";""
"202100006890";"189Â 456";"B01";"2";"7";"0";"2";"8";"1";"1";""
"202100006891";"189Â 454";"A01";"2";"7";"4";"0";"3";"0";"1";""
"202100006892";"189Â 451";"B01";"2";"33";"0";"2";"1";"1";"1";""
"202100006892";"189Â 452";"C01";"2";"7";"0";"2";"8";"1";"1";""
"202100006892";"189Â 453";"A01";"2";"7";"0";"2";"7";"12";"1";""
"202100006893";"189Â 449";"B01";"1";"33";"0";"2";"8";"1";"1";""
"202100006893";"189Â 450";"A01";"1";"7";"0";"2";"2";"12";"1";""
"202100006894";"189Â 447";"B01";"2";"7";"0";"2";"5";"1";"1";""
"202100006894";"189Â 448";"A01";"2";"7";"0";"2";"3";"1";"1";""
"202100006895";"189Â 444";"C01";"1";"7";"0";"2";"2";"2";"1";""
"202100006895";"189Â 445";"B01";"1";"7";"0";"2";"3";"2";"1";""
"202100006895";"189Â 446";"A01";"1";"7";"0";"2";"3";"2";"1";""
"202100006896";"189Â 443";"A01";"2";"7";"3";"0";"1";"26";"1";""
"202100006897";"189Â 441";"B01";"0";"30";"0";"0";"7";"1";"1";""
"202100006897";"189Â 442";"A01";"0";"7";"0";"2";"3";"1";"1";""
"202100006898";"189Â 440";"A01";" -1";"30";"0";"0";"0";"26";"0";""
"202100006899";"189Â 439";"A01";"3";"7";"0";"1";"2";"1";"1";""
"202100006900";"189Â 438";"A01";"2";"7";"0";"1";"3";"1";"1";""
"202100006901";"189Â 436";"B01";"1";"13";"1";"0";"7";"1";"0";""
"202100006901";"189Â 437";"A01";"1";"7";"0";"2";"3";"22";"1";""
"202100006902";"189Â 433";"C01";"1";"7";"0";"2";"5";"1";"1";""
"202100006902";"189Â 434";"B01";"1";"7";"0";"2";"6";"1";"1";""
"202100006902";"189Â 435";"A01";"1";"33";"4";"2";"9";"17";"1";""
"202100006903";"189Â 431";"A01";"1";"10";"0";"2";"3";"1";"1";""
"202100006903";"189Â 432";"B01";"2";"1";"0";"2";"1";"13";"5";""
"202100006904";"189Â 430";"A01";"2";"7";"0";"1";"1";"1";"1";""
"202100006905";"189Â 429";"A01";"2";"7";"8";"0";"1";"1";"1";""
"202100006906";"189Â 427";"B01";"2";"10";"0";"2";"3";"23";"1";""
"202100006906";"189Â 428";"A01";"1";"30";"0";"2";"1";"16";"1";""
"202100006907";"189Â 424";"A01";"1";"7";"14";"0";"2";"1";"1";""
"202100006907";"189Â 425";"B01";"1";"7";"0";"2";"5";"23";"1";""
"202100006907";"189Â 426";"C01";"1";"7";"0";"2";"6";"23";"1";""
"202100006908";"189Â 420";"D01";"1";"7";"0";"2";"4";"2";"1";""
"202100006908";"189Â 421";"C01";"1";"7";"0";"2";"4";"2";"1";""
"202100006908";"189Â 422";"B01";"1";"7";"0";"2";"4";"2";"1";""
"202100006908";"189Â 423";"A01";"1";"10";"0";"2";"1";"2";"1";""
"202100006909";"189Â 417";"B01";"3";"7";"0";"2";"2";"9";"1";""
"202100006909";"189Â 418";"A01";"1";"2";"0";"2";"2";"1";"1";""
"202100006910";"189Â 415";"A01";"3";"7";"0";"2";"1";"13";"1";""
"202100006910";"189Â 416";"B01";"3";"7";"0";"2";"1";"1";"1";""
"202100006911";"189Â 413";"B01";"2";"33";"0";"2";"1";"17";"1";""
"202100006911";"189Â 414";"A01";"2";"7";"0";"2";"8";"15";"1";""
"202100006912";"189Â 412";"A01";"2";"7";"8";"0";"1";"13";"1";""
"202100006913";"189Â 410";"B01";"1";"7";"0";"2";"4";"23";"2";""
"202100006913";"189Â 411";"A01";"1";"7";"0";"2";"1";"2";"1";""
"202100006914";"189Â 408";"B01";"3";"7";"0";"2";"0";"0";"1";""
"202100006914";"189Â 409";"A01";"3";"34";"0";"2";"3";"25";"1";""
"202100006915";"189Â 407";"A01";"1";"1";"0";"0";"1";"1";"2";""
"202100006916";"189Â 405";"B01";"1";"7";"0";"2";"4";"23";"1";""
"202100006916";"189Â 406";"A01";"1";"7";"0";"2";"1";"1";"1";""
"202100006917";"189Â 402";"A01";"0";"7";"0";"1";"1";"15";"1";""
"202100006918";"189Â 401";"A01";"1";"7";"0";"1";"1";"1";"1";""
"202100006919";"189Â 400";"A01";"1";"7";"0";"1";"1";"1";"1";""
"202100006920";"189Â 398";"A01";"2";"10";"0";"2";"1";"1";"1";""
"202100006920";"189Â 399";"B01";"0";"7";"0";"2";"4";"1";"1";""
"202100006921";"189Â 396";"A01";"1";"7";"3";"0";"3";"1";"1";""
"202100006921";"189Â 397";"B01";"1";"7";"14";"0";"3";"21";"1";""
"202100006922";"189Â 394";"A01";"3";"7";"0";"2";"7";"1";"1";""
"202100006922";"189Â 395";"B01";"3";"10";"0";"2";"1";"1";"1";""
"202100006923";"189Â 392";"B01";"3";"1";"0";"2";"1";"0";"6";""
"202100006923";"189Â 393";"A01";"3";"7";"0";"0";"0";"0";"1";""
"202100006924";"189Â 390";"A01";"1";"7";"4";"2";"5";"0";"1";""
"202100006924";"189Â 391";"B01";"1";"7";"0";"2";"1";"2";"1";""
"202100006925";"189Â 388";"A01";"1";"10";"0";"2";"4";"9";"0";""
"202100006925";"189Â 389";"B01";"1";"1";"0";"2";"1";"9";"0";""
"202100006926";"189Â 387";"A01";"2";"32";"1";"2";"2";"14";"1";""
"202100006927";"189Â 384";"A01";"1";"7";"0";"2";"2";"2";"1";""
"202100006927";"189Â 385";"B01";"1";"7";"0";"2";"6";"2";"1";""
"202100006927";"189Â 386";"C01";"1";"7";"0";"2";"4";"2";"1";""
"202100006928";"189Â 382";"A01";"3";"7";"0";"2";"7";"17";"1";""
"202100006928";"189Â 383";"Y01";"3";"1";"0";"2";"8";"2";"5";""
"202100006929";"189Â 380";"A01";"1";"7";"1";"0";"0";"0";"0";""
"202100006929";"189Â 381";"C01";"1";"7";"0";"2";"0";"0";"0";""
"202100006930";"189Â 378";"B01";"1";"7";"0";"2";"8";"15";"1";""
"202100006930";"189Â 379";"A01";"1";"7";"0";"2";"2";"17";"1";""
"202100006931";"189Â 377";"A01";"3";"33";"0";"1";"1";"1";"1";""
"202100006932";"189Â 376";"A01";"2";"7";"0";"1";"1";"26";"1";""
"202100006933";"189Â 374";"B01";"2";"2";"0";"2";"3";"1";"1";""
"202100006933";"189Â 375";"A01";"2";"7";"0";"2";"5";"17";"1";""
"202100006934";"189Â 372";"A01";"3";"7";"0";"2";"2";"2";"1";""
"202100006934";"189Â 373";"B01";"3";"7";"0";"2";"6";"18";"1";""
"202100006935";"189Â 370";"A01";"2";"7";"0";"2";"7";"12";"1";""
"202100006935";"189Â 371";"B01";"2";"34";"0";"2";"8";"3";"1";""
"202100006936";"189Â 368";"A01";"2";"33";"0";"2";"3";"3";"1";""
"202100006936";"189Â 369";"B01";"2";"10";"0";"2";"6";"14";"0";""
"202100006937";"189Â 367";"A01";"2";"40";"0";"1";"7";"1";"3";""
"202100006938";"189Â 366";"A01";"1";"30";"0";"1";"1";"1";"1";""
"202100006939";"189Â 364";"B01";"1";"7";"0";"2";"3";"9";"1";""
"202100006939";"189Â 365";"A01";"2";"43";"0";"2";"8";"5";"1";""
"202100006940";"189Â 363";"A01";"3";"7";"0";"0";"9";"1";"2";""
"202100006941";"189Â 362";"A01";"1";"2";"0";"0";"7";"1";"1";""
"202100006942";"189Â 361";"Z01";"1";"7";"0";"1";"0";"1";"0";""
"202100006943";"189Â 359";"B01";"1";"37";"1";"2";"3";"21";"1";"3"
"202100006943";"189Â 360";"A01";"1";"7";"0";"2";"7";"12";"1";""
"202100006944";"189Â 357";"B01";"2";"7";"0";"2";"3";"1";"1";""
"202100006944";"189Â 358";"A01";"1";"7";"0";"2";"2";"1";"1";""
"202100006945";"189Â 355";"A01";"2";"7";"0";"2";"1";"21";"1";""
"202100006945";"189Â 356";"B01";"1";"34";"0";"2";"1";"1";"1";""
"202100006946";"189Â 353";"A01";"2";"7";"0";"2";"2";"15";"1";""
"202100006946";"189Â 354";"B01";"1";"7";"0";"2";"1";"1";"1";""