"Num_Acc";"id_vehicule";"num_veh";"senc";"catv";"obs";"obsm";"choc";"manv";"motor";"occutc"
"202100006947";"189Â 351";"B01";"1";"7";"0";"2";"3";"1";"2";""
"202100006947";"189Â 352";"A01";"1";"7";"0";"2";"2";"1";"1";""
"202100006948";"189Â 349";"A01";"3";"7";"0";"2";"7";"1";"1";""
"202100006948";"189Â 350";"B01";"3";"7";"0";"2";"1";"1";"1";""
"202100006949";"189Â 347";"B01";"1";"34";"0";"2";"1";"1";"0";""
"202100006949";"189Â 348";"A01";"1";"3";"0";"2";"1";"11";"0";""
"202100006950";"189Â 345";"B01";"0";"7";"0";"2";"6";"24";"1";""
"202100006950";"189Â 346";"A01";"2";"7";"1";"0";"2";"2";"1";""
"202100006951";"189Â 344";"A01";"2";"7";"0";"1";"3";"1";"1";""
"202100006952";"189Â 343";"A01";"1";"7";"13";"0";"2";"1";"1";""
"202100006953";"189Â 339";"A01";"2";"7";"1";"0";"2";"1";"1";""
"202100006954";"189Â 337";"A01";"1";"7";"1";"2";"1";"5";"1";""
"202100006954";"189Â 338";"B01";"2";"7";"0";"2";"1";"5";"1";""
"202100006955";"189Â 333";"B01";"2";"7";"0";"2";"2";"1";"1";""
"202100006955";"189Â 334";"A01";"2";"7";"0";"2";"3";"1";"1";""
"202100006956";"189Â 332";"A01";"1";"2";"13";"0";"3";"16";"1";""
"202100006957";"189Â 330";"B01";"2";"7";"0";"2";"2";"1";"1";""
"202100006957";"189Â 331";"A01";"1";"7";"0";"2";"3";"16";"1";""
"202100006958";"189Â 328";"B01";"1";"33";"0";"2";"1";"2";"1";""
"202100006958";"189Â 329";"A01";"1";"7";"0";"2";"4";"2";"1";""
"202100006959";"189Â 326";"A01";"3";"1";"0";"2";"6";"15";"5";""
"202100006959";"189Â 327";"B01";"1";"7";"0";"9";"3";"1";"1";""
"202100006960";"189Â 323";"A01";"1";"7";"0";"2";"1";"19";"1";""
"202100006960";"189Â 324";"C01";"2";"10";"6";"2";"8";"1";"1";""
"202100006960";"189Â 325";"B01";"1";"10";"0";"2";"1";"1";"1";""
"202100006961";"189Â 321";"B01";"1";"7";"0";"2";"3";"1";"1";""
"202100006961";"189Â 322";"A01";"2";"7";"0";"2";"3";"17";"1";""
"202100006962";"189Â 320";"A01";"2";"7";"13";"0";"7";"1";"1";""
"202100006963";"189Â 319";"A01";"1";"7";"13";"0";"3";"1";"1";""
"202100006964";"189Â 315";"A01";"3";"7";"0";"2";"3";"5";"1";""
"202100006964";"189Â 316";"B01";"3";"2";"0";"2";"1";"1";"1";""
"202100006965";"189Â 314";"A01";"1";"7";"0";"0";"9";"1";"1";""
"202100006966";"189Â 313";"A01";"1";"7";"13";"0";"1";"1";"1";""
"202100006967";"189Â 312";"A01";"2";"7";"3";"0";"2";"1";"1";""
"202100006968";"189Â 309";"A01";"2";"7";"0";"2";"1";"5";"1";""
"202100006968";"189Â 310";"B01";"1";"7";"0";"2";"1";"1";"1";""
"202100006969";"189Â 307";"A01";"2";"7";"0";"2";"1";"2";"1";""
"202100006969";"189Â 308";"B01";"2";"7";"0";"0";"4";"1";"1";""
"202100006970";"189Â 305";"B01";"2";"17";"0";"2";"1";"1";"1";""
"202100006970";"189Â 306";"A01";"1";"7";"0";"2";"1";"13";"1";""
"202100006971";"189Â 303";"A01";"1";"7";"7";"2";"7";"13";"2";""
"202100006971";"189Â 304";"B01";"1";"7";"0";"2";"8";"1";"1";""
"202100006972";"189Â 302";"A01";"3";"10";"8";"0";"9";"14";"1";""
"202100006973";"189Â 301";"A01";"0";"7";"4";"0";"2";"0";"1";""
"202100006974";"189Â 299";"A01";"2";"7";"0";"2";"3";"1";"1";""
"202100006974";"189Â 300";"B01";"1";"7";"0";"2";"3";"1";"1";""
"202100006975";"189Â 298";"A01";"2";"7";"8";"0";"8";"1";"1";""
"202100006976";"189Â 296";"B01";"1";"1";"0";"2";"3";"1";"5";""
"202100006976";"189Â 297";"A01";"2";"99";"0";"9";"2";"15";"1";""
"202100006977";"189Â 295";"A01";"1";"7";"2";"0";"1";"0";"1";""
"202100006978";"189Â 293";"B01";"2";"30";"0";"2";"2";"17";"1";""
"202100006978";"189Â 294";"A01";"2";"7";"0";"2";"3";"15";"1";""
"202100006979";"189Â 291";"A01";"1";"7";"0";"2";"1";"13";"1";""
"202100006979";"189Â 292";"B01";"2";"7";"8";"2";"3";"1";"1";""
"202100006980";"189Â 290";"A01";"3";"7";"0";"1";"1";"1";"1";""
"202100006981";"189Â 288";"A01";"1";"7";"0";"2";"4";"1";"1";""
"202100006981";"189Â 289";"B01";"1";"7";"0";"2";"0";"0";"1";""
"202100006982";"189Â 287";"A01";"1";"7";"4";"0";"3";"21";"1";""
"202100006983";"189Â 282";"A01";"1";"99";"0";"2";"1";"2";"1";""
"202100006983";"189Â 283";"B01";"1";"7";"0";"2";"4";"2";"1";""
"202100006983";"189Â 284";"C01";"1";"7";"0";"2";"4";"2";"1";""
"202100006984";"189Â 279";"A01";"2";"14";"0";"2";"4";"23";"1";""
"202100006984";"189Â 280";"B01";"2";"7";"0";"2";"4";"2";"1";""
"202100006984";"189Â 281";"C01";"2";"13";"0";"2";"1";"2";"1";""
"202100006985";"189Â 278";"A01";"1";"10";"4";"0";"1";"14";"1";""
"202100006986";"189Â 275";"A01";"2";"7";"0";"2";"1";"18";"1";""
"202100006986";"189Â 276";"B01";"2";"7";"0";"2";"6";"2";"1";""
"202100006986";"189Â 277";"C01";"2";"7";"0";"2";"5";"2";"1";""
"202100006987";"189Â 271";"B01";"2";"7";"0";"2";"4";"2";"1";""
"202100006987";"189Â 272";"A01";"2";"7";"0";"2";"1";"2";"1";""
"202100006988";"189Â 269";"B01";"2";"7";"0";"2";"4";"2";"1";""
"202100006988";"189Â 270";"A01";"2";"7";"0";"2";"1";"1";"1";""
"202100006989";"189Â 268";"A01";"1";"7";"4";"0";"3";"13";"1";""
"202100006990";"189Â 265";"C01";"1";"7";"0";"2";"1";"2";"1";""
"202100006990";"189Â 266";"B01";"1";"7";"0";"2";"4";"2";"1";""
"202100006990";"189Â 267";"A01";"1";"10";"0";"2";"4";"1";"1";""
"202100006991";"189Â 262";"A01";"1";"7";"4";"0";"3";"1";"1";""
"202100006992";"189Â 260";"A01";"2";"7";"0";"2";"6";"1";"1";""
"202100006992";"189Â 261";"B01";"2";"7";"0";"2";"2";"2";"1";""
"202100006993";"189Â 257";"B01";"1";"7";"0";"2";"4";"21";"1";""
"202100006993";"189Â 258";"C01";"1";"7";"0";"2";"6";"1";"1";""
"202100006993";"189Â 259";"A01";"1";"7";"0";"2";"1";"21";"1";""
"202100006994";"189Â 256";"A01";"1";"33";"0";"2";"2";"17";"1";""
"202100006995";"189Â 254";"B01";"3";"7";"0";"2";"3";"1";"1";""
"202100006995";"189Â 255";"A01";"3";"30";"0";"2";"1";"1";"1";""
"202100006996";"189Â 252";"A01";"1";"15";"0";"2";"3";"1";"0";""
"202100006996";"189Â 253";"B01";"1";"10";"0";"2";"1";"13";"1";""
"202100006997";"189Â 250";"A01";"2";"7";"0";"2";"7";"11";"1";""
"202100006997";"189Â 251";"B01";"2";"7";"0";"2";"7";"13";"1";""
"202100006998";"189Â 249";"A01";"2";"10";"16";"0";"7";"14";"1";""
"202100006999";"189Â 247";"B01";"1";"7";"0";"2";"5";"2";"2";""
"202100006999";"189Â 248";"A01";"1";"33";"0";"2";"4";"0";"1";""
"202100007000";"189Â 245";"B01";"1";"10";"0";"2";"4";"2";"1";""
"202100007000";"189Â 246";"A01";"1";"7";"0";"2";"1";"2";"1";""
"202100007001";"189Â 244";"A01";"3";"0";"0";"0";"0";"0";"0";""
"202100007002";"189Â 241";"A01";"1";"7";"0";"2";"4";"26";"1";""
"202100007002";"189Â 242";"B01";"1";"7";"0";"2";"4";"1";"3";""
"202100007002";"189Â 243";"C01";"1";"7";"0";"2";"1";"1";"1";""
"202100007003";"189Â 240";"A01";"3";"7";"0";"1";"2";"17";"1";""
"202100007004";"189Â 238";"B01";"2";"7";"0";"2";"3";"15";"1";""
"202100007004";"189Â 239";"A01";"2";"33";"0";"2";"1";"17";"1";""
"202100007005";"189Â 236";"B01";"1";"7";"0";"2";"4";"26";"1";""
"202100007005";"189Â 237";"A01";"1";"31";"0";"2";"1";"21";"1";""
"202100007006";"189Â 234";"A01";"1";"7";"0";"2";"8";"10";"1";""
"202100007006";"189Â 235";"B01";"2";"33";"0";"2";"1";"2";"1";""
"202100007007";"189Â 232";"B01";"3";"1";"0";"0";"0";"0";"5";""
"202100007007";"189Â 233";"A01";"0";"7";"0";"2";"5";"15";"1";""
"202100007008";"189Â 230";"B01";"2";"7";"0";"2";"5";"1";"1";""
"202100007008";"189Â 231";"A01";"2";"33";"0";"2";"9";"17";"1";""
"202100007009";"189Â 228";"A01";"2";"7";"0";"2";"1";"15";"1";""
"202100007009";"189Â 229";"B01";"1";"2";"0";"2";"1";"1";"1";""
"202100007010";"189Â 226";"A01";"2";"7";"0";"2";"1";"15";"1";""
"202100007010";"189Â 227";"B01";"1";"33";"0";"2";"0";"1";"1";""
"202100007011";"189Â 224";"B01";"1";"7";"0";"2";"3";"15";"1";""
"202100007011";"189Â 225";"A01";"1";"32";"8";"2";"1";"17";"1";""
"202100007012";"189Â 223";"A01";"1";"7";"0";"1";"3";"2";"1";""
"202100007013";"189Â 221";"B01";"2";"1";"0";"2";"1";"1";"5";""
"202100007013";"189Â 222";"A01";"1";"7";"0";"2";"3";"15";"1";""
"202100007014";"189Â 219";"A01";"2";"7";"0";"2";"3";"16";"1";""
"202100007014";"189Â 220";"B01";"1";"2";"0";"2";"1";"1";"1";""
"202100007015";"189Â 218";"B01";"1";"33";"0";"2";"4";"1";"1";""
"202100007016";"189Â 216";"Z01";"1";"7";"0";"2";"0";"5";"1";""
"202100007016";"189Â 217";"B01";"1";"2";"0";"2";"1";"1";"1";""
"202100007017";"189Â 215";"A01";"3";"7";"6";"0";"1";"15";"1";""
"202100007018";"189Â 214";"A01";"3";"7";"1";"0";"3";"1";"1";""
"202100007019";"189Â 213";"A01";"1";"30";"0";"1";"7";"1";"1";""
"202100007020";"189Â 211";"A01";"1";"7";"0";"2";"3";"15";"1";""
"202100007020";"189Â 212";"B01";"2";"32";"0";"2";"1";"1";"1";""
"202100007021";"189Â 209";"A01";"1";"33";"0";"2";"4";"12";"1";""
"202100007021";"189Â 210";"B01";"1";"33";"0";"2";"1";"1";"1";""
"202100007022";"189Â 207";"B01";"2";"7";"0";"2";"1";"1";"1";""
"202100007022";"189Â 208";"A01";"1";"7";"0";"2";"1";"5";"1";""
"202100007023";"189Â 205";"B01";"2";"40";"0";"2";"2";"1";"3";""
"202100007023";"189Â 206";"A01";"2";"7";"0";"4";"3";"5";"2";""
"202100007024";"189Â 202";"C01";"2";"7";"0";"2";"3";"2";"1";""
"202100007024";"189Â 203";"A01";"1";"7";"0";"2";"3";"2";"1";""
"202100007024";"189Â 204";"B01";"1";"7";"0";"2";"5";"2";"1";""
"202100007025";"189Â 200";"B01";"1";"7";"0";"2";"1";"1";"0";""
"202100007025";"189Â 201";"A01";"2";"30";"0";"2";"1";"15";"1";""
"202100007026";"189Â 198";"B01";"0";"7";"0";"2";"4";"1";"1";""
"202100007026";"189Â 199";"A01";"0";"7";"0";"2";"1";"9";"1";""
"202100007027";"189Â 196";"A01";"1";"7";"0";"2";"1";"2";"1";""
"202100007027";"189Â 197";"B01";"1";"7";"0";"2";"4";"2";"1";""
"202100007028";"189Â 194";"A01";"0";"7";"0";"2";"6";"15";"1";""
"202100007028";"189Â 195";"B01";"0";"2";"0";"2";"1";"1";"1";""
"202100007029";"189Â 190";"A01";"1";"7";"0";"2";"1";"26";"1";""
"202100007029";"189Â 191";"B01";"1";"10";"0";"2";"4";"26";"1";""
"202100007029";"189Â 192";"C01";"1";"7";"0";"2";"4";"26";"1";""
"202100007029";"189Â 193";"D01";"1";"7";"0";"2";"4";"26";"1";""
"202100007030";"189Â 189";"A01";"1";"7";"0";"1";"1";"12";"1";""
"202100007031";"189Â 187";"A01";"3";"7";"0";"2";"3";"15";"1";""
"202100007031";"189Â 188";"B01";"3";"10";"0";"2";"1";"1";"1";""
"202100007032";"189Â 186";"A01";"1";"7";"0";"1";"2";"1";"1";""
"202100007033";"189Â 185";"A01";"1";"34";"0";"0";"1";"16";"1";""
"202100007034";"189Â 183";"A01";"3";"7";"0";"2";"1";"0";"0";""
"202100007034";"189Â 184";"B01";"2";"7";"0";"2";"2";"0";"0";""
"202100007035";"189Â 181";"T01";"3";"7";"0";"1";"6";"1";"1";""
"202100007035";"189Â 182";"A01";"3";"7";"0";"1";"3";"1";"1";""
"202100007036";"189Â 180";"A01";"3";"7";"8";"0";"1";"13";"1";""
"202100007037";"189Â 178";"B01";"1";"2";"0";"2";"1";"1";"1";""
"202100007037";"189Â 179";"A01";"1";"7";"0";"2";"2";"12";"1";""
"202100007038";"189Â 176";"A01";"2";"1";"0";"2";"1";"19";"5";""
"202100007038";"189Â 177";"B01";"3";"7";"0";"2";"3";"1";"1";""
"202100007039";"189Â 174";"A01";"3";"30";"0";"2";"2";"12";"1";""
"202100007039";"189Â 175";"B01";"3";"7";"0";"2";"3";"1";"1";""
"202100007040";"189Â 172";"A01";"3";"30";"0";"2";"3";"1";"3";""
"202100007040";"189Â 173";"B01";"3";"7";"0";"2";"5";"15";"1";""
"202100007041";"189Â 170";"A01";"1";"31";"0";"2";"1";"13";"1";""
"202100007041";"189Â 171";"B01";"2";"7";"0";"2";"1";"1";"1";""
"202100007042";"189Â 168";"A01";"3";"7";"0";"2";"2";"1";"1";""
"202100007042";"189Â 169";"B01";"3";"7";"0";"2";"3";"15";"1";""
"202100007043";"189Â 165";"C01";"1";"7";"0";"2";"4";"23";"1";""
"202100007043";"189Â 166";"B01";"1";"32";"0";"2";"4";"3";"1";""
"202100007043";"189Â 167";"A01";"1";"43";"0";"2";"1";"3";"1";""
"202100007044";"189Â 164";"A01";"2";"1";"0";"0";"0";"1";"5";""
"202100007045";"189Â 162";"B01";"3";"7";"0";"2";"8";"1";"2";""
"202100007045";"189Â 163";"A01";"3";"7";"0";"2";"1";"1";"1";""
"202100007046";"189Â 160";"B01";"3";"30";"0";"2";"1";"1";"1";""
"202100007046";"189Â 161";"A01";"3";"1";"0";"2";"8";"15";"5";""
"202100007047";"189Â 159";"A01";"3";"7";"9";"0";"1";"13";"1";""
"202100007048";"189Â 158";"A01";"3";"3";"1";"0";"1";"13";"3";""
"202100007049";"189Â 157";"A01";"1";"7";"0";"1";"2";"20";"1";""
"202100007050";"189Â 155";"A01";"2";"30";"0";"2";"3";"2";"3";""
"202100007050";"189Â 156";"B01";"2";"7";"0";"2";"5";"23";"1";""
"202100007051";"189Â 152";"A01";"1";"7";"0";"2";"1";"2";"1";""
"202100007051";"189Â 153";"B01";"3";"7";"0";"2";"4";"2";"1";""
"202100007051";"189Â 154";"C01";"2";"7";"0";"2";"4";"1";"2";""
"202100007052";"189Â 150";"A01";"2";"7";"0";"2";"3";"11";"1";""
"202100007052";"189Â 151";"B01";"2";"2";"0";"2";"3";"2";"1";""
"202100007053";"189Â 148";"Z01";"2";"7";"0";"2";"1";"1";"0";""
"202100007053";"189Â 149";"B01";"2";"33";"0";"2";"4";"23";"1";""
"202100007054";"189Â 146";"B01";"2";"7";"0";"2";"7";"2";"1";""
"202100007054";"189Â 147";"A01";"2";"30";"0";"2";"1";"2";"1";""
"202100007055";"189Â 143";"A01";"2";"7";"0";"2";"1";"2";"1";""
"202100007055";"189Â 144";"B01";"2";"7";"0";"2";"1";"2";"1";""
"202100007055";"189Â 145";"C01";"2";"7";"0";"2";"4";"2";"1";""
"202100007056";"189Â 141";"B01";"1";"33";"9";"2";"3";"1";"1";""
"202100007056";"189Â 142";"A01";"0";"7";"9";"0";"1";"19";"1";""
"202100007057";"189Â 139";"B01";"3";"7";"0";"2";"4";"2";"1";""
"202100007057";"189Â 140";"A01";"3";"7";"0";"2";"1";"2";"1";""
"202100007058";"189Â 137";"B01";"1";"31";"1";"0";"0";"0";"0";""
"202100007058";"189Â 138";"A01";"1";"7";"1";"2";"1";"1";"1";""
"202100007059";"189Â 136";"A01";"2";"50";"0";"1";"1";"25";"3";""
"202100007060";"189Â 135";"A01";"2";"7";"0";"0";"0";"1";"2";""
"202100007061";"189Â 134";"A01";"1";"7";"0";"1";"1";"1";"1";""
"202100007062";"189Â 133";"A01";"0";"7";"4";"0";"1";"14";"1";""
"202100007063";"189Â 130";"A01";"1";"7";"0";"2";"1";"2";"1";""
"202100007063";"189Â 131";"B01";"1";"7";"0";"2";"1";"23";"2";""
"202100007063";"189Â 132";"C01";"1";"7";"0";"2";"4";"23";"1";""
"202100007064";"189Â 129";"A01";"3";"1";"0";"0";"8";"1";"5";""
"202100007065";"189Â 127";"B01";"2";"7";"12";"2";"4";"1";"1";""
"202100007065";"189Â 128";"A01";"2";"7";"8";"2";"1";"2";"2";""
"202100007066";"189Â 125";"A01";"2";"7";"0";"2";"3";"13";"3";""
"202100007066";"189Â 126";"B01";"1";"34";"0";"2";"8";"1";"1";""
"202100007067";"189Â 123";"B01";"1";"7";"0";"2";"1";"1";"1";""
"202100007067";"189Â 124";"A01";"2";"10";"0";"2";"2";"1";"2";""
"202100007068";"189Â 121";"A01";"2";"7";"0";"2";"1";"13";"1";""
"202100007068";"189Â 122";"B01";"1";"7";"0";"2";"1";"1";"1";""
"202100007069";"189Â 119";"A01";"2";"2";"0";"2";"1";"17";"1";""
"202100007069";"189Â 120";"B01";"2";"10";"0";"2";"3";"15";"1";""
"202100007070";"189Â 118";"A01";"1";"7";"13";"0";"1";"1";"1";""
"202100007071";"189Â 117";"A01";"1";"31";"13";"0";"1";"1";"1";""
"202100007072";"189Â 116";"A01";"1";"7";"2";"0";"2";"1";"1";""
"202100007073";"189Â 115";"A01";"1";"36";"2";"0";"0";"1";"1";""
"202100007074";"189Â 113";"A01";"2";"7";"0";"2";"1";"17";"1";""
"202100007074";"189Â 114";"B01";"1";"2";"0";"2";"1";"1";"1";""
"202100007075";"189Â 111";"B01";"2";"2";"13";"9";"2";"21";"1";""
"202100007075";"189Â 112";"A01";"1";"10";"0";"2";"6";"9";"1";""
"202100007076";"189Â 110";"A01";"2";"10";"13";"0";"3";"1";"1";""
"202100007077";"189Â 108";"B01";"2";"7";"0";"2";"1";"1";"1";""
"202100007077";"189Â 109";"A01";"1";"7";"0";"2";"8";"1";"1";""
"202100007078";"189Â 106";"A01";"2";"10";"0";"2";"3";"1";"1";""
"202100007078";"189Â 107";"B01";"1";"7";"0";"0";"2";"21";"1";""
"202100007079";"189Â 105";"A01";"1";"30";"0";"0";"0";"0";"1";""
"202100007080";"189Â 104";"A01";"2";"7";"5";"0";"1";"1";"1";""
"202100007081";"189Â 102";"B01";"3";"7";"0";"2";"3";"1";"1";""
"202100007081";"189Â 103";"A01";"3";"7";"0";"2";"1";"1";"1";""
"202100007082";"189Â 101";"A01";"3";"36";"0";"0";"2";"16";"1";""
"202100007083";"189Â 100";"A01";"2";"7";"0";"5";"1";"1";"1";""
"202100007084";"189Â 097";"A01";"1";"33";"0";"0";"8";"1";"1";""
"202100007085";"189Â 095";"B01";"1";"7";"0";"0";"6";"1";"1";""
"202100007085";"189Â 096";"A01";"1";"33";"0";"2";"0";"11";"1";""
"202100007086";"189Â 094";"A01";"1";"7";"13";"0";"1";"1";"1";""
"202100007087";"189Â 092";"A01";"1";"33";"0";"2";"1";"1";"1";""
"202100007087";"189Â 093";"B01";"1";"7";"0";"2";"3";"17";"1";""
"202100007088";"189Â 091";"A01";"1";"7";"0";"1";"2";"1";"1";""
"202100007089";"189Â 090";"A01";"1";"7";"0";"0";"2";"1";"1";""
"202100007090";"189Â 089";"A01";"3";"7";"8";"0";"3";"1";"1";""
"202100007091";"189Â 087";"B01";"0";"7";"0";"2";"2";"1";"1";""
"202100007091";"189Â 088";"A01";"0";"7";"6";"2";"3";"19";"1";""
"202100007092";"189Â 085";"A01";"2";"7";"0";"2";"3";"1";"1";""
"202100007092";"189Â 086";"B01";"2";"14";"0";"0";"5";"1";"1";""
"202100007093";"189Â 084";"A01";"3";"36";"13";"0";"1";"1";"1";""
"202100007094";"189Â 083";"A01";"1";"7";"0";"1";"0";"1";"1";""
"202100007095";"189Â 082";"A01";"1";"7";"13";"0";"1";"1";"1";""
"202100007096";"189Â 081";"A01";"1";"7";"0";"1";"1";"1";"1";""
"202100007097";"189Â 080";"A01";"0";"7";"2";"0";"2";"0";"1";""
"202100007098";"189Â 079";"A01";"1";"7";"2";"0";"8";"1";"1";""
"202100007099";"189Â 078";"A01";"2";"33";"0";"0";"0";"1";"1";""
"202100007100";"189Â 077";"A01";"2";"7";"2";"0";"1";"1";"1";""
"202100007101";"189Â 072";"D01";"3";"7";"0";"0";"4";"1";"1";""
"202100007101";"189Â 073";"C01";"3";"7";"2";"0";"4";"1";"1";""
"202100007101";"189Â 074";"B01";"3";"10";"0";"2";"5";"1";"1";""
"202100007101";"189Â 075";"A01";"3";"10";"0";"2";"1";"17";"1";""
"202100007102";"189Â 070";"B01";"3";"21";"0";"2";"1";"19";"1";""
"202100007102";"189Â 071";"A01";"0";"7";"0";"2";"1";"1";"1";""
"202100007103";"189Â 069";"A01";"1";"7";"2";"0";"8";"1";"1";""
"202100007104";"189Â 067";"A01";"1";"7";"13";"0";"0";"26";"1";""
"202100007105";"189Â 066";"A01";"1";"7";"4";"0";"3";"16";"1";""
"202100007106";"189Â 064";"A01";"2";"7";"0";"2";"5";"12";"1";""
"202100007106";"189Â 065";"B01";"2";"33";"0";"2";"3";"3";"1";""
"202100007107";"189Â 063";"A01";"2";"7";"4";"0";"7";"9";"1";""
"202100007108";"189Â 060";"C01";"2";"10";"0";"1";"1";"1";"1";""
"202100007108";"189Â 061";"B01";"2";"7";"0";"1";"1";"1";"1";""
"202100007108";"189Â 062";"A01";"2";"7";"0";"1";"6";"1";"3";""
"202100007109";"189Â 058";"A01";"2";"7";"3";"2";"7";"14";"1";""
"202100007109";"189Â 059";"B01";"2";"7";"0";"2";"8";"1";"1";""
"202100007110";"189Â 056";"A01";"2";"7";"0";"2";"1";"9";"1";""
"202100007110";"189Â 057";"B01";"2";"7";"4";"2";"5";"2";"1";""
"202100007111";"189Â 054";"B01";"2";"31";"0";"2";"3";"3";"1";""
"202100007111";"189Â 055";"Z01";"2";"7";"0";"2";"2";"12";"0";""
"202100007112";"189Â 053";"A01";"2";"7";"3";"0";"1";"1";"1";""
"202100007113";"189Â 051";"A01";"1";"7";"0";"2";"1";"1";"1";""
"202100007113";"189Â 052";"B01";"1";"7";"0";"2";"4";"1";"1";""
"202100007114";"189Â 049";"A01";"1";"7";"0";"2";"4";"1";"1";""
"202100007114";"189Â 050";"B01";"1";"7";"0";"2";"1";"2";"1";""
"202100007115";"189Â 048";"A01";"1";"7";"3";"0";"9";"1";"0";""
"202100007116";"189Â 046";"A01";"2";"10";"0";"2";"2";"21";"1";""
"202100007116";"189Â 047";"B01";"2";"7";"0";"2";"6";"6";"1";""
"202100007117";"189Â 045";"A01";"1";"7";"0";"1";"2";"1";"1";""
"202100007118";"189Â 044";"A01";"2";"30";"0";"1";"0";"0";"1";""
"202100007119";"189Â 042";"A01";"1";"10";"0";"1";"1";"1";"1";""
"202100007120";"189Â 041";"A01";"1";"7";"0";"1";"8";"1";"1";""
"202100007121";"189Â 040";"A01";"1";"7";"0";"1";"1";"9";"1";""
"202100007122";"189Â 039";"A01";"2";"7";"0";"1";"3";"1";"1";""
"202100007123";"189Â 037";"B01";"1";"7";"0";"2";"4";"23";"1";""
"202100007123";"189Â 038";"A01";"2";"7";"0";"2";"1";"23";"1";""
"202100007124";"189Â 036";"Z01";"0";"0";"0";"1";"2";"26";"0";""
"202100007125";"189Â 035";"A01";"2";"0";"0";"1";"7";"14";"0";""
"202100007126";"189Â 033";"Z01";"1";"7";"0";"2";"1";"0";"1";""
"202100007126";"189Â 034";"B01";"1";"1";"0";"2";"4";"0";"5";""
"202100007127";"189Â 029";"A01";"1";"7";"0";"1";"5";"16";"1";""
"202100007128";"189Â 027";"A01";"2";"7";"0";"2";"1";"9";"1";""
"202100007128";"189Â 028";"B01";"2";"7";"0";"2";"8";"1";"1";""
"202100007129";"189Â 025";"A01";"2";"3";"0";"2";"7";"16";"1";""
"202100007129";"189Â 026";"B01";"2";"80";"0";"2";"1";"2";"3";""
"202100007130";"189Â 024";"A01";"2";"7";"1";"0";"2";"14";"1";""
"202100007131";"189Â 022";"A01";"1";"33";"0";"2";"1";"21";"1";""
"202100007131";"189Â 023";"B01";"1";"7";"0";"2";"6";"2";"1";""
"202100007132";"189Â 021";"A01";"1";"7";"0";"0";"0";"1";"1";""
"202100007133";"189Â 019";"B01";"1";"7";"0";"2";"3";"1";"1";""
"202100007133";"189Â 020";"A01";"1";"7";"0";"2";"1";"1";"1";""
"202100007134";"189Â 018";"A01";"1";"7";"1";"0";"2";"1";"3";""
"202100007135";"189Â 016";"A01";"1";"7";"16";"2";"3";"13";"1";""
"202100007135";"189Â 017";"B01";"2";"7";"0";"2";"3";"1";"1";""
"202100007136";"189Â 014";"B01";"2";"1";"0";"2";"4";"0";"5";""
"202100007136";"189Â 015";"A01";"1";"7";"0";"2";"3";"15";"1";""
"202100007137";"189Â 012";"A01";"1";"7";"0";"2";"2";"15";"1";""
"202100007137";"189Â 013";"B01";"2";"2";"0";"2";"1";"1";"3";""
"202100007138";"189Â 010";"A01";"2";"7";"0";"2";"1";"15";"1";""
"202100007138";"189Â 011";"B01";"2";"30";"0";"2";"1";"11";"1";""
"202100007139";"189Â 009";"A01";"1";"2";"0";"1";"1";"17";"1";""
"202100007140";"189Â 007";"B01";"1";"7";"0";"0";"8";"15";"1";""
"202100007140";"189Â 008";"A01";"1";"33";"0";"0";"1";"2";"1";""
"202100007141";"189Â 005";"A01";"1";"7";"0";"2";"1";"15";"1";""
"202100007141";"189Â 006";"B01";"1";"2";"0";"2";"1";"1";"1";""
"202100007142";"189Â 003";"A01";"2";"7";"0";"2";"4";"2";"1";""
"202100007142";"189Â 004";"B01";"2";"7";"0";"2";"1";"2";"1";""
"202100007143";"189Â 001";"A01";"1";"7";"0";"2";"3";"9";"0";""
"202100007143";"189Â 002";"B01";"2";"30";"0";"2";"1";"26";"1";""
"202100007144";"188Â 999";"A01";"2";"7";"0";"2";"1";"2";"1";""
"202100007144";"189Â 000";"B01";"2";"1";"0";"2";"7";"2";"0";""
"202100007145";"188Â 997";"B01";"1";"3";"0";"2";"3";"15";"1";""
"202100007145";"188Â 998";"A01";"1";"33";"0";"2";"7";"15";"1";""
"202100007146";"188Â 995";"A01";"2";"7";"0";"2";"2";"16";"1";""
"202100007146";"188Â 996";"B01";"2";"7";"0";"2";"3";"2";"1";""
"202100007147";"188Â 993";"B01";"3";"10";"0";"0";"4";"2";"1";""
"202100007147";"188Â 994";"A01";"3";"7";"0";"2";"1";"2";"1";""
"202100007148";"188Â 992";"A01";"1";"30";"0";"1";"1";"19";"1";""
"202100007149";"188Â 990";"A01";"3";"7";"0";"2";"3";"1";"1";""
"202100007149";"188Â 991";"B01";"3";"1";"0";"2";"1";"9";"5";""
"202100007150";"188Â 988";"A01";"1";"30";"0";"2";"1";"2";"1";""
"202100007150";"188Â 989";"B01";"2";"34";"0";"2";"0";"0";"0";""
"202100007151";"188Â 986";"B01";"3";"7";"0";"2";"1";"1";"1";""
"202100007151";"188Â 987";"A01";"2";"7";"8";"2";"1";"1";"1";""
"202100007152";"188Â 984";"B01";"2";"7";"0";"2";"4";"2";"1";""
"202100007152";"188Â 985";"A01";"2";"7";"0";"2";"1";"2";"1";""
"202100007153";"188Â 982";"A01";"3";"7";"0";"2";"5";"9";"0";""