"Num_Acc";"id_vehicule";"num_veh";"senc";"catv";"obs";"obsm";"choc";"manv";"motor";"occutc"
"202100007153";"188Â 983";"B01";"3";"7";"0";"2";"1";"15";"1";""
"202100007154";"188Â 980";"A01";"2";"7";"0";"2";"1";"1";"1";""
"202100007154";"188Â 981";"B01";"2";"7";"0";"2";"4";"1";"1";""
"202100007155";"188Â 979";"A01";"1";"7";"0";"1";"3";"1";"0";""
"202100007156";"188Â 978";"A01";"1";"33";"0";"1";"2";"19";"1";""
"202100007157";"188Â 976";"B01";"2";"7";"0";"2";"4";"2";"2";""
"202100007157";"188Â 977";"A01";"2";"7";"0";"2";"1";"2";"1";""
"202100007158";"188Â 974";"B01";"1";"7";"0";"2";"0";"9";"1";""
"202100007158";"188Â 975";"A01";"1";"2";"14";"2";"8";"21";"1";""
"202100007159";"188Â 972";"A01";"2";"7";"0";"2";"3";"10";"3";""
"202100007159";"188Â 973";"B01";"2";"33";"0";"2";"1";"17";"1";""
"202100007160";"188Â 970";"B01";"1";"33";"0";"2";"1";"1";"1";""
"202100007160";"188Â 971";"A01";"3";"7";"0";"2";"3";"15";"1";""
"202100007161";"188Â 966";"A01";"2";"7";"0";"2";"1";"16";"1";""
"202100007161";"188Â 967";"D01";"3";"7";"0";"2";"3";"23";"2";""
"202100007161";"188Â 968";"B01";"3";"7";"0";"2";"6";"23";"1";""
"202100007161";"188Â 969";"C01";"3";"7";"0";"2";"1";"23";"1";""
"202100007162";"188Â 964";"B01";"0";"7";"0";"2";"4";"0";"1";""
"202100007162";"188Â 965";"A01";"1";"7";"0";"2";"1";"2";"1";""
"202100007163";"188Â 962";"A01";"3";"7";"0";"2";"2";"15";"1";""
"202100007163";"188Â 963";"B01";"3";"7";"0";"2";"1";"1";"1";""
"202100007164";"188Â 959";"A01";"2";"33";"0";"2";"7";"12";"1";""
"202100007164";"188Â 960";"B01";"1";"7";"0";"2";"3";"1";"1";""
"202100007165";"188Â 957";"B01";"1";"33";"0";"2";"1";"1";"1";""
"202100007165";"188Â 958";"A01";"1";"7";"0";"2";"2";"9";"1";""
"202100007166";"188Â 948";"A01";"3";"7";"0";"1";"3";"9";"1";""
"202100007167";"188Â 947";"A01";"1";"7";"0";"1";"1";"1";"1";""
"202100007168";"188Â 946";"Z01";"3";"10";"0";"1";"2";"1";"1";""
"202100007169";"188Â 944";"A01";"1";"7";"0";"2";"2";"15";"1";""
"202100007169";"188Â 945";"B01";"2";"7";"0";"2";"2";"1";"1";""
"202100007170";"188Â 942";"A01";"1";"7";"0";"2";"1";"2";"1";""
"202100007170";"188Â 943";"B01";"1";"33";"0";"2";"4";"2";"1";""
"202100007171";"188Â 940";"A01";"1";"7";"0";"2";"5";"13";"1";""
"202100007171";"188Â 941";"B01";"1";"31";"0";"2";"1";"16";"1";""
"202100007172";"188Â 938";"B01";"0";"7";"0";"2";"4";"1";"1";""
"202100007172";"188Â 939";"A01";"0";"7";"0";"2";"1";"1";"1";""
"202100007173";"188Â 936";"B01";"0";"50";"0";"2";"1";"16";"3";""
"202100007173";"188Â 937";"A01";"0";"7";"0";"2";"1";"15";"1";""
"202100007174";"188Â 933";"C01";"2";"7";"0";"2";"3";"1";"1";""
"202100007174";"188Â 934";"B01";"2";"7";"0";"2";"0";"1";"1";""
"202100007174";"188Â 935";"A01";"2";"15";"0";"2";"1";"1";"1";""
"202100007175";"188Â 932";"A01";"3";"10";"0";"1";"4";"4";"1";""
"202100007176";"188Â 928";"A01";"3";"7";"0";"2";"2";"2";"1";""
"202100007176";"188Â 929";"C01";"3";"7";"14";"0";"0";"0";"1";""
"202100007177";"188Â 926";"A01";"2";"33";"3";"2";"1";"1";"1";""
"202100007177";"188Â 927";"B01";"2";"33";"3";"0";"4";"1";"1";""
"202100007178";"188Â 924";"B01";"3";"7";"0";"2";"1";"1";"1";""
"202100007178";"188Â 925";"A01";"3";"7";"0";"2";"1";"5";"1";""
"202100007179";"188Â 919";"B01";"3";"7";"0";"0";"4";"1";"1";""
"202100007179";"188Â 920";"A01";"3";"7";"0";"2";"1";"1";"1";""
"202100007180";"188Â 918";"A01";"3";"7";"6";"0";"1";"9";"1";""
"202100007181";"188Â 917";"A01";"1";"7";"0";"1";"1";"16";"1";""
"202100007182";"188Â 915";"B01";"1";"7";"0";"2";"2";"1";"2";""
"202100007182";"188Â 916";"A01";"1";"7";"0";"2";"1";"1";"1";""
"202100007183";"188Â 913";"B01";"1";"7";"4";"2";"4";"1";"1";""
"202100007183";"188Â 914";"A01";"1";"7";"4";"2";"9";"0";"1";""
"202100007184";"188Â 912";"A01";"3";"7";"0";"1";"1";"1";"1";""
"202100007185";"188Â 911";"A01";"0";"1";"0";"0";"0";"1";"5";""
"202100007186";"188Â 910";"A01";"1";"30";"11";"0";"0";"26";"1";""
"202100007187";"188Â 908";"B01";"3";"50";"0";"2";"7";"19";"3";""
"202100007187";"188Â 909";"A01";"3";"7";"0";"9";"1";"26";"1";""
"202100007188";"188Â 906";"B01";"3";"7";"0";"2";"4";"2";"1";""
"202100007188";"188Â 907";"A01";"3";"7";"0";"2";"1";"2";"1";""
"202100007189";"188Â 904";"B01";"3";"7";"0";"2";"1";"1";"1";""
"202100007189";"188Â 905";"A01";"3";"50";"0";"2";"1";"1";"3";""
"202100007190";"188Â 902";"A01";"3";"1";"0";"2";"1";"1";"5";""
"202100007190";"188Â 903";"B01";"3";"7";"0";"2";"7";"23";"1";""
"202100007191";"188Â 900";"B01";"3";"1";"0";"2";"1";"1";"5";""
"202100007191";"188Â 901";"A01";"3";"7";"0";"2";"3";"26";"1";""
"202100007192";"188Â 898";"A01";"3";"7";"0";"2";"5";"16";"1";""
"202100007192";"188Â 899";"B01";"3";"1";"0";"2";"0";"16";"5";""
"202100007193";"188Â 897";"A01";"1";"7";"9";"0";"3";"1";"1";""
"202100007194";"188Â 896";"A01";"1";"7";"12";"0";"1";"1";"1";""
"202100007195";"188Â 894";"B01";"0";"7";"1";"2";"6";"1";"1";""
"202100007195";"188Â 895";"A01";"2";"7";"0";"2";"1";"19";"1";""
"202100007196";"188Â 892";"B01";"1";"7";"0";"2";"2";"2";"6";""
"202100007196";"188Â 893";"A01";"1";"7";"0";"2";"3";"9";"6";""
"202100007197";"188Â 889";"C01";"2";"7";"0";"2";"1";"1";"1";""
"202100007197";"188Â 890";"B01";"2";"7";"0";"2";"1";"1";"1";""
"202100007197";"188Â 891";"A01";"2";"7";"0";"2";"4";"1";"1";""
"202100007198";"188Â 888";"A01";"1";"7";"6";"0";"1";"26";"1";""
"202100007199";"188Â 886";"A01";"2";"7";"0";"2";"3";"13";"1";""
"202100007199";"188Â 887";"B01";"1";"7";"0";"2";"3";"1";"1";""
"202100007200";"188Â 884";"A01";"2";"32";"0";"2";"2";"17";"1";""
"202100007200";"188Â 885";"B01";"2";"7";"0";"2";"3";"15";"1";""
"202100007201";"188Â 882";"A01";"2";"7";"0";"2";"3";"9";"1";""
"202100007201";"188Â 883";"B01";"0";"1";"0";"2";"1";"1";"5";""
"202100007202";"188Â 880";"B01";"1";"2";"0";"2";"1";"1";"1";""
"202100007202";"188Â 881";"A01";"2";"7";"0";"2";"2";"15";"1";""
"202100007203";"188Â 878";"B01";"2";"7";"0";"2";"2";"16";"1";""
"202100007203";"188Â 879";"A01";"2";"30";"0";"2";"1";"1";"1";""
"202100007204";"188Â 876";"B01";"1";"7";"0";"2";"1";"15";"1";""
"202100007204";"188Â 877";"A01";"1";"30";"0";"2";"2";"1";"1";""
"202100007205";"188Â 875";"A01";"3";"7";"0";"1";"4";"26";"2";""
"202100007206";"188Â 874";"A01";"2";"30";"11";"0";"3";"13";"1";""
"202100007207";"188Â 872";"A01";"2";"7";"0";"2";"1";"15";"1";""
"202100007207";"188Â 873";"B01";"1";"33";"0";"2";"1";"1";"1";""
"202100007208";"188Â 870";"B01";"3";"7";"0";"2";"4";"2";"2";""
"202100007208";"188Â 871";"A01";"3";"7";"0";"2";"1";"2";"1";""
"202100007209";"188Â 868";"B01";"2";"7";"0";"2";"8";"1";"1";""
"202100007209";"188Â 869";"A01";"1";"33";"0";"2";"1";"1";"1";""
"202100007210";"188Â 867";"A01";"3";"7";"0";"1";"1";"1";"1";""
"202100007211";"188Â 866";"A01";"3";"7";"0";"1";"1";"1";"1";""
"202100007212";"188Â 864";"B01";"1";"1";"0";"2";"1";"1";"5";""
"202100007212";"188Â 865";"A01";"1";"7";"0";"9";"8";"1";"1";""
"202100007213";"188Â 861";"B01";"3";"7";"0";"2";"9";"1";"1";""
"202100007213";"188Â 862";"C01";"3";"7";"0";"2";"4";"1";"1";""
"202100007213";"188Â 863";"A01";"3";"7";"0";"2";"1";"1";"1";""
"202100007214";"188Â 860";"A01";"3";"7";"0";"2";"1";"26";"0";""
"202100007215";"188Â 859";"B01";"1";"7";"0";"1";"7";"15";"1";""
"202100007216";"188Â 857";"B01";"1";"7";"0";"2";"0";"0";"1";""
"202100007216";"188Â 858";"A01";"1";"7";"0";"2";"0";"0";"1";""
"202100007217";"188Â 856";"A01";"3";"7";"0";"1";"4";"26";"1";""
"202100007218";"188Â 852";"Z01";"1";"7";"0";"2";"1";"1";"1";""
"202100007218";"188Â 853";"C01";"1";"7";"0";"2";"4";"23";"1";""
"202100007218";"188Â 854";"D01";"1";"7";"0";"2";"4";"23";"1";""
"202100007218";"188Â 855";"B01";"1";"7";"0";"2";"4";"23";"1";""
"202100007219";"188Â 849";"C01";"3";"10";"0";"2";"1";"3";"1";""
"202100007219";"188Â 850";"B01";"3";"7";"0";"2";"2";"1";"1";""
"202100007219";"188Â 851";"A01";"3";"10";"0";"2";"6";"1";"1";""
"202100007220";"188Â 847";"B01";"3";"60";"0";"0";"0";"0";"5";""
"202100007220";"188Â 848";"A01";"3";"80";"0";"9";"1";"7";"3";""
"202100007221";"188Â 846";"A01";"1";"7";"0";"1";"1";"14";"1";""
"202100007222";"188Â 845";"A01";"1";"7";"0";"1";"1";"1";"1";""
"202100007223";"188Â 844";"A01";"2";"7";"0";"1";"2";"1";"1";""
"202100007224";"188Â 842";"A01";"1";"1";"0";"2";"7";"5";"5";""
"202100007224";"188Â 843";"B01";"3";"7";"0";"2";"2";"15";"1";""
"202100007225";"188Â 840";"B01";"2";"7";"0";"2";"3";"16";"1";""
"202100007225";"188Â 841";"A01";"2";"7";"0";"2";"3";"15";"1";""
"202100007226";"188Â 838";"A01";"2";"7";"0";"2";"2";"9";"1";""
"202100007226";"188Â 839";"B01";"3";"7";"0";"2";"5";"1";"1";""
"202100007227";"188Â 837";"A01";"1";"30";"0";"0";"7";"15";"1";""
"202100007228";"188Â 835";"B01";"2";"10";"0";"2";"4";"1";"1";""
"202100007228";"188Â 836";"A01";"2";"30";"0";"2";"1";"2";"1";""
"202100007229";"188Â 833";"B01";"3";"30";"0";"2";"4";"23";"1";""
"202100007229";"188Â 834";"Z01";"3";"7";"0";"9";"2";"1";"1";""
"202100007230";"188Â 832";"A01";"3";"7";"0";"2";"1";"1";"1";""
"202100007231";"188Â 831";"A01";"1";"7";"0";"1";"1";"1";"1";""
"202100007232";"188Â 829";"B01";"1";"7";"0";"2";"1";"1";"2";""
"202100007232";"188Â 830";"A01";"1";"7";"0";"2";"1";"15";"1";""
"202100007233";"188Â 828";"Z01";"1";"7";"0";"1";"7";"1";"1";""
"202100007234";"188Â 824";"B01";"1";"33";"0";"2";"1";"2";"1";""
"202100007234";"188Â 825";"A01";"1";"7";"0";"2";"6";"17";"1";""
"202100007235";"188Â 821";"C01";"3";"10";"0";"2";"4";"2";"1";""
"202100007235";"188Â 822";"B01";"3";"10";"0";"2";"9";"2";"1";""
"202100007235";"188Â 823";"A01";"0";"7";"0";"2";"1";"2";"1";""
"202100007236";"188Â 819";"B01";"3";"30";"0";"2";"8";"1";"1";""
"202100007236";"188Â 820";"A01";"3";"7";"0";"2";"3";"9";"1";""
"202100007237";"188Â 818";"A01";"2";"7";"0";"1";"1";"15";"1";""
"202100007238";"188Â 817";"A01";"0";"7";"0";"1";"4";"4";"1";""
"202100007239";"188Â 815";"A01";"2";"7";"0";"2";"7";"9";"1";""
"202100007239";"188Â 816";"B01";"2";"2";"0";"2";"4";"1";"1";""
"202100007240";"188Â 814";"A01";"1";"7";"0";"0";"1";"26";"1";""
"202100007241";"188Â 812";"B01";"1";"2";"0";"2";"1";"1";"1";""
"202100007241";"188Â 813";"A01";"1";"7";"0";"2";"4";"1";"1";""
"202100007242";"188Â 810";"A01";"1";"7";"0";"2";"3";"26";"1";""
"202100007242";"188Â 811";"B01";"1";"1";"0";"2";"2";"26";"5";""
"202100007243";"188Â 808";"A01";"1";"1";"0";"2";"6";"26";"5";""
"202100007243";"188Â 809";"B01";"1";"31";"0";"2";"0";"26";"1";""
"202100007244";"188Â 806";"B01";"1";"50";"0";"2";"1";"26";"3";""
"202100007244";"188Â 807";"A01";"1";"7";"0";"2";"8";"26";"1";""
"202100007245";"188Â 804";"B01";"1";"7";"0";"2";"4";"1";"1";""
"202100007245";"188Â 805";"A01";"1";"38";"0";"2";"1";"1";"1";"1"
"202100007246";"188Â 802";"A01";"1";"7";"0";"2";"1";"26";"1";""
"202100007246";"188Â 803";"B01";"1";"1";"0";"2";"1";"26";"5";""
"202100007247";"188Â 801";"A01";"1";"50";"0";"0";"0";"26";"3";""
"202100007248";"188Â 799";"B01";"1";"7";"0";"2";"1";"1";"1";""
"202100007248";"188Â 800";"A01";"1";"7";"0";"2";"7";"1";"1";""
"202100007249";"188Â 797";"B01";"3";"7";"0";"2";"4";"2";"1";""
"202100007249";"188Â 798";"A01";"3";"10";"0";"2";"1";"2";"0";""
"202100007250";"188Â 795";"A01";"2";"7";"0";"2";"5";"1";"1";""
"202100007250";"188Â 796";"B01";"1";"33";"0";"2";"1";"1";"1";""
"202100007251";"188Â 793";"B01";"1";"80";"0";"2";"7";"19";"3";""
"202100007251";"188Â 794";"A01";"1";"7";"0";"2";"1";"1";"1";""
"202100007252";"188Â 792";"A01";"3";"30";"0";"0";"1";"1";"1";""
"202100007253";"188Â 791";"A01";"1";"7";"3";"0";"1";"1";"1";""
"202100007254";"188Â 790";"A01";"1";"7";"0";"1";"3";"1";"1";""
"202100007255";"188Â 788";"B01";"1";"33";"0";"2";"8";"1";"1";""
"202100007255";"188Â 789";"Z01";"1";"7";"0";"2";"7";"1";"1";""
"202100007256";"188Â 787";"A01";"3";"30";"0";"0";"7";"1";"1";""
"202100007257";"188Â 784";"A01";"2";"10";"0";"2";"8";"20";"1";""
"202100007257";"188Â 785";"B01";"2";"3";"0";"2";"2";"1";"1";""
"202100007257";"188Â 786";"C01";"1";"33";"0";"2";"1";"1";" -1";""
"202100007258";"188Â 783";"A01";"3";"7";"0";"1";"1";"1";"1";""
"202100007259";"188Â 781";"B01";"3";"7";"0";"2";"8";"1";"1";""
"202100007259";"188Â 782";"A01";"3";"7";"0";"2";"3";"13";"1";""
"202100007260";"188Â 779";"A01";"2";"7";"0";"2";"3";"15";"1";""
"202100007260";"188Â 780";"B01";"2";"32";"0";"2";"1";"1";"1";""
"202100007261";"188Â 777";"A01";"1";"2";"0";"2";"1";"1";"1";""
"202100007261";"188Â 778";"B01";"2";"7";"0";"2";"1";"19";"1";""
"202100007262";"188Â 775";"B01";"1";"7";"0";"2";"1";"1";"1";""
"202100007262";"188Â 776";"A01";"2";"30";"0";"2";"1";"1";"0";""
"202100007263";"188Â 773";"A01";"3";"7";"0";"2";"1";"15";"1";""
"202100007263";"188Â 774";"B01";"3";"7";"0";"2";"3";"1";"1";""
"202100007264";"188Â 771";"A01";"3";"7";"0";"2";"1";"1";"1";""
"202100007264";"188Â 772";"B01";"3";"7";"0";"2";"4";"2";"1";""
"202100007265";"188Â 770";"A01";"1";"7";"0";"1";"2";"2";"1";""
"202100007266";"188Â 768";"A01";"1";"7";"0";"2";"1";"2";"1";""
"202100007266";"188Â 769";"B01";"1";"7";"0";"2";"4";"2";"1";""
"202100007267";"188Â 766";"A01";"0";"7";"0";"2";"8";"22";"1";""
"202100007267";"188Â 767";"B01";"0";"80";"1";"0";"1";"1";"3";""
"202100007268";"188Â 764";"A01";"0";"7";"0";"2";"3";"9";"1";""
"202100007268";"188Â 765";"B01";"0";"1";"0";"2";"1";"1";"5";""
"202100007269";"188Â 762";"A01";"3";"7";"0";"2";"2";"19";"1";""
"202100007269";"188Â 763";"B01";"1";"7";"8";"2";"1";"1";"1";""
"202100007270";"188Â 759";"A01";"1";"33";"0";"2";"3";"17";"1";""
"202100007270";"188Â 760";"B01";"1";"7";"0";"2";"3";"15";"1";""
"202100007270";"188Â 761";"C01";"1";"7";"0";"2";"6";"1";"1";""
"202100007271";"188Â 757";"A01";"2";"7";"0";"2";"1";"2";"1";""
"202100007271";"188Â 758";"B01";"2";"7";"0";"2";"4";"23";"1";""
"202100007272";"188Â 755";"B01";"2";"10";"0";"2";"1";"19";"1";""
"202100007272";"188Â 756";"A01";"2";"32";"0";"2";"7";"1";"1";""
"202100007273";"188Â 753";"B01";"2";"7";"0";"2";"1";"1";"1";""
"202100007273";"188Â 754";"A01";"2";"30";"0";"2";"4";"1";"1";""
"202100007274";"188Â 751";"A01";"1";"20";"0";"2";"4";"1";"1";""
"202100007274";"188Â 752";"B01";"1";"7";"0";"2";"1";"1";"1";""
"202100007275";"188Â 748";"C01";"2";"7";"0";"2";"6";"1";"1";""
"202100007275";"188Â 749";"B01";"2";"7";"0";"2";"8";"1";"1";""
"202100007275";"188Â 750";"A01";"2";"7";"0";"2";"0";"0";"1";""
"202100007276";"188Â 744";"D01";"2";"7";"0";"2";"4";"23";"1";""
"202100007276";"188Â 745";"C01";"2";"7";"0";"2";"1";"23";"1";""
"202100007276";"188Â 746";"B01";"2";"7";"0";"2";"1";"23";"1";""
"202100007276";"188Â 747";"A01";"2";"7";"0";"2";"1";"9";"1";""
"202100007277";"188Â 742";"A01";"2";"7";"0";"2";"3";"15";"1";""
"202100007277";"188Â 743";"B01";"2";"33";"0";"2";"2";"15";"1";""
"202100007278";"188Â 740";"B01";"0";"7";"0";"2";"2";"15";"1";""
"202100007278";"188Â 741";"A01";"1";"32";"0";"2";"1";"17";"1";""
"202100007279";"188Â 739";"A01";"1";"7";"4";"0";"3";"26";"1";""
"202100007280";"188Â 738";"A01";"0";"10";"0";"1";"8";"15";"1";""
"202100007281";"188Â 736";"B01";"2";"7";"0";"2";"8";"0";"1";""
"202100007281";"188Â 737";"A01";"2";"7";"0";"2";"3";"17";"1";""
"202100007282";"188Â 734";"B01";"1";"1";"0";"2";"4";"1";"5";""
"202100007282";"188Â 735";"A01";"1";"7";"0";"2";"1";"9";"1";""
"202100007283";"188Â 732";"B01";"1";"40";"0";"2";"1";"1";"3";""
"202100007283";"188Â 733";"A01";"1";"1";"0";"4";"1";"19";"5";""
"202100007284";"188Â 729";"A01";"3";"10";"0";"1";"2";"17";"1";""
"202100007285";"188Â 726";"C01";"0";"7";"0";"2";"1";"0";"1";""
"202100007285";"188Â 727";"B01";"3";"7";"0";"2";"1";"1";"1";""
"202100007285";"188Â 728";"A01";"3";"7";"0";"2";"1";"2";"1";""
"202100007286";"188Â 724";"B01";"3";"7";"0";"2";"1";"1";"1";""
"202100007286";"188Â 725";"A01";"3";"15";"0";"2";"1";"1";"1";""
"202100007287";"188Â 720";"B01";"2";"7";"0";"2";"7";"1";"0";""
"202100007287";"188Â 721";"A01";"1";"14";"0";"2";"1";"1";"0";""
"202100007288";"188Â 718";"B01";"3";"33";"0";"2";"1";"1";"1";""
"202100007288";"188Â 719";"A01";"3";"7";"0";"2";"7";"15";"1";""
"202100007289";"188Â 716";"B01";"2";"1";"0";"2";"8";"2";"0";""
"202100007289";"188Â 717";"A01";"2";"7";"0";"2";"7";"16";"1";""
"202100007290";"188Â 715";"A01";"1";"7";"7";"0";"1";"1";"1";""
"202100007291";"188Â 714";"A01";"1";"7";"13";"0";"1";"1";"1";""
"202100007292";"188Â 712";"B01";"3";"31";"0";"2";"7";"1";"1";""
"202100007292";"188Â 713";"A01";"3";"7";"0";"2";"3";"9";"1";""
"202100007293";"188Â 711";"A01";"3";"7";"0";"1";"4";"4";"1";""
"202100007294";"188Â 709";"B01";"2";"7";"0";"2";"1";"1";"1";""
"202100007294";"188Â 710";"A01";"2";"7";"0";"2";"7";"15";"1";""
"202100007295";"188Â 705";"D01";"1";"13";"0";"2";"1";"0";"1";""
"202100007295";"188Â 706";"C01";"1";"7";"0";"2";"4";"0";"1";""
"202100007295";"188Â 707";"A01";"2";"7";"0";"2";"4";"2";"1";""
"202100007295";"188Â 708";"B01";"1";"7";"0";"2";"4";"1";"1";""
"202100007296";"188Â 704";"A01";"1";"7";"4";"0";"1";"2";"1";""
"202100007297";"188Â 702";"B01";"1";"33";"0";"2";"4";"23";"1";""
"202100007297";"188Â 703";"A01";"1";"33";"0";"2";"1";"1";"1";""
"202100007298";"188Â 701";"A01";"3";"7";"0";"1";"2";"1";"1";""
"202100007299";"188Â 699";"A01";"1";"34";"0";"2";"1";"2";"1";""
"202100007299";"188Â 700";"B01";"1";"7";"0";"2";"6";"1";"1";""
"202100007300";"188Â 698";"A01";"1";"7";"0";"1";"2";"1";"0";""
"202100007301";"188Â 697";"A01";"1";"33";"1";"0";"1";"13";"1";""
"202100007302";"188Â 695";"B01";"2";"32";"0";"2";"1";"1";"1";""
"202100007302";"188Â 696";"A01";"2";"10";"15";"0";"3";"10";"1";""
"202100007303";"188Â 693";"A01";"1";"7";"0";"2";"7";"15";"1";""
"202100007303";"188Â 694";"B01";"0";"34";"0";"2";"1";"1";"1";""
"202100007304";"188Â 692";"A01";"0";"7";"0";"1";"3";"1";"1";""
"202100007305";"188Â 690";"B01";"1";"7";"0";"2";"4";"2";"1";""
"202100007305";"188Â 691";"A01";"1";"37";"0";"2";"1";"2";"1";"1"
"202100007306";"188Â 689";"A01";"3";"7";"0";"1";"2";"1";"1";""
"202100007307";"188Â 687";"A01";"0";"2";"0";"2";"1";"0";"3";""
"202100007307";"188Â 688";"B01";"0";"7";"0";"0";"3";"1";"1";""
"202100007308";"188Â 686";"A01";"2";"17";"11";"0";"1";"6";"1";""
"202100007309";"188Â 684";"A01";"3";"7";"0";"2";"2";"15";"1";""
"202100007309";"188Â 685";"B01";"3";"30";"0";"2";"1";"1";"1";""
"202100007310";"188Â 683";"A01";"2";"7";"6";"0";"1";"16";"1";""
"202100007311";"188Â 681";"A01";"2";"7";"0";"2";"3";"15";"1";""
"202100007311";"188Â 682";"B01";"1";"7";"0";"2";"3";"1";"1";""
"202100007312";"188Â 680";"A01";"1";"7";"0";"1";"4";"4";"1";""
"202100007313";"188Â 679";"A01";"3";"7";"2";"0";"1";"1";"1";""
"202100007314";"188Â 677";"B01";"3";"33";"0";"2";"3";"1";"1";""
"202100007314";"188Â 678";"A01";"3";"7";"0";"2";"5";"12";"1";""
"202100007315";"188Â 676";"A01";"2";"7";"0";"1";"1";"1";"1";""
"202100007316";"188Â 674";"B01";"2";"7";"0";"2";"3";"0";"1";""
"202100007316";"188Â 675";"A01";"1";"7";"0";"2";"3";"26";"1";""
"202100007317";"188Â 672";"A01";"2";"50";"0";"2";"1";"1";"2";""
"202100007317";"188Â 673";"B01";"3";"1";"0";"2";"0";"19";"5";""
"202100007318";"188Â 670";"A01";"1";"10";"0";"2";"5";"15";"1";""
"202100007318";"188Â 671";"B01";"2";"33";"0";"2";"1";"1";"1";""
"202100007319";"188Â 667";"A01";"1";"30";"0";"2";"7";"26";"1";""
"202100007319";"188Â 668";"C01";"3";"7";"0";"0";"8";"26";"1";""
"202100007319";"188Â 669";"B01";"2";"7";"0";"2";"3";"1";"1";""
"202100007320";"188Â 666";"A01";"1";"7";"0";"1";"1";"9";"1";""
"202100007321";"188Â 664";"A01";"1";"33";"0";"2";"1";"2";"1";""
"202100007321";"188Â 665";"B01";"1";"32";"0";"2";"1";"2";"3";""
"202100007322";"188Â 662";"A01";"2";"7";"0";"2";"1";"13";"1";""
"202100007322";"188Â 663";"B01";"1";"7";"0";"2";"3";"1";"1";""
"202100007323";"188Â 661";"A01";"3";"10";"15";"0";"1";"0";"1";""
"202100007324";"188Â 659";"A01";"2";"32";"0";"2";"1";"17";"1";""
"202100007324";"188Â 660";"B01";"2";"7";"0";"2";"6";"13";"1";""
"202100007325";"188Â 658";"A01";"2";"30";"0";"1";"2";"1";"1";""
"202100007326";"188Â 656";"B01";"3";"7";"0";"2";"3";"21";"1";""
"202100007326";"188Â 657";"A01";"3";"3";"0";"2";"1";"13";"1";""
"202100007327";"188Â 654";"A01";"1";"7";"0";"2";"1";"1";"1";""
"202100007327";"188Â 655";"B01";"1";"14";"0";"2";"2";"0";"1";""
"202100007328";"188Â 652";"A01";"2";"33";"0";"2";"1";"1";"1";""
"202100007328";"188Â 653";"B01";"2";"7";"6";"0";"7";"15";"1";""
"202100007329";"188Â 651";"A01";"1";"32";"0";"9";"0";"3";"1";""
"202100007330";"188Â 649";"A01";"2";"7";"0";"2";"5";"12";"1";""
"202100007330";"188Â 650";"B01";"2";"31";"0";"2";"3";"3";"1";""
"202100007331";"188Â 647";"A01";"1";"10";"0";"2";"2";"12";"1";""
"202100007331";"188Â 648";"B01";"1";"43";"0";"2";"8";"21";"1";""
"202100007332";"188Â 646";"A01";"2";"80";"0";"0";"0";"21";"3";""
"202100007333";"188Â 645";"A01";"3";"14";"0";"1";"2";"1";"1";""
"202100007334";"188Â 643";"B01";"2";"1";"0";"2";"1";"1";"5";""
"202100007334";"188Â 644";"A01";"2";"30";"0";"2";"4";"17";"1";""
"202100007335";"188Â 641";"A01";"2";"32";"0";"2";"1";"17";"1";""
"202100007335";"188Â 642";"Z01";"1";"32";"0";"2";"1";"13";"1";""
"202100007336";"188Â 639";"A01";"3";"7";"0";"2";"8";"11";"1";""
"202100007336";"188Â 640";"B01";"3";"32";"0";"2";"7";"15";"1";""
"202100007337";"188Â 637";"A01";"2";"10";"0";"2";"1";"15";"1";""
"202100007337";"188Â 638";"B01";"2";"50";"0";"2";"1";"16";"3";""
"202100007338";"188Â 636";"A01";"3";"7";"7";"0";"1";"13";"3";""
"202100007339";"188Â 634";"B01";"2";"33";"0";"2";"0";"1";"1";""
"202100007339";"188Â 635";"A01";"2";"1";"0";"2";"0";"15";"5";""
"202100007340";"188Â 633";"A01";"2";"7";"0";"1";"7";"1";"1";""
"202100007341";"188Â 631";"A01";"1";"7";"0";"2";"0";"9";"1";""
"202100007341";"188Â 632";"B01";"1";"80";"0";"2";"0";"21";"3";""
"202100007342";"188Â 629";"A01";"2";"7";"0";"2";"5";"22";"3";""
"202100007342";"188Â 630";"B01";"2";"1";"0";"2";"5";"18";"5";""
"202100007343";"188Â 627";"A01";"2";"7";"0";"2";"3";"22";"2";""
"202100007343";"188Â 628";"B01";"2";"1";"0";"2";"1";"1";"5";""
"202100007344";"188Â 625";"A01";"1";"10";"0";"2";"1";"13";"1";""
"202100007344";"188Â 626";"B01";"2";"50";"0";"2";"0";"1";"3";""
"202100007345";"188Â 624";"A01";"3";"32";"12";"0";"1";"14";"1";""
"202100007346";"188Â 622";"A01";"1";"10";"0";"2";"7";"2";"1";""
"202100007346";"188Â 623";"B01";"1";"1";"0";"2";"8";"1";"5";""
"202100007347";"188Â 620";"B01";"2";"50";"0";"2";"1";"1";"3";""
"202100007347";"188Â 621";"A01";"2";"10";"0";"2";"3";"15";"1";""
"202100007348";"188Â 618";"B01";"2";"7";"0";"2";"3";"1";"2";""
"202100007348";"188Â 619";"A01";"2";"30";"0";"2";"1";"1";"1";""
"202100007349";"188Â 616";"B01";"2";"30";"0";"2";"2";"2";"1";""
"202100007349";"188Â 617";"A01";"2";"7";"1";"2";"3";"13";"1";""
"202100007350";"188Â 614";"B01";"1";"50";"0";"2";"8";"19";"3";""