"Num_Acc";"id_vehicule";"num_veh";"senc";"catv";"obs";"obsm";"choc";"manv";"motor";"occutc"
"202100007350";"188Â 615";"A01";"2";"7";"0";"9";"1";"15";"1";""
"202100007351";"188Â 612";"A01";"2";"3";"0";"2";"3";"12";"1";""
"202100007351";"188Â 613";"B01";"2";"32";"0";"2";"1";"1";"1";""
"202100007352";"188Â 610";"B01";"3";"7";"0";"2";"1";"1";"1";""
"202100007352";"188Â 611";"A01";"2";"1";"0";"2";"0";"0";"5";""
"202100007353";"188Â 609";"A01";"1";"17";"0";"1";"1";"2";"1";""
"202100007354";"188Â 607";"A01";"1";"7";"0";"2";"3";"15";"1";""
"202100007354";"188Â 608";"B01";"1";"31";"0";"2";"2";"21";"1";""
"202100007355";"188Â 605";"B01";"1";"37";"0";"2";"2";"1";"1";"3"
"202100007355";"188Â 606";"A01";"1";"7";"0";"2";"6";"9";"1";""
"202100007356";"188Â 603";"B01";"2";"7";"1";"0";"3";"5";"1";""
"202100007356";"188Â 604";"A01";"2";"7";"1";"0";"6";"24";"1";""
"202100007357";"188Â 601";"A01";"1";"7";"1";"2";"3";"9";"1";""
"202100007357";"188Â 602";"B01";"1";"60";"1";"2";"7";"1";"5";""
"202100007358";"188Â 600";"A01";"1";"7";"0";"1";"2";"1";"1";""
"202100007359";"188Â 599";"A01";"1";"7";"8";"0";"1";"15";"1";""
"202100007360";"188Â 597";"B01";"1";"7";"0";"2";"4";"2";"1";""
"202100007360";"188Â 598";"A01";"1";"37";"0";"2";"1";"2";"2";"1"
"202100007361";"188Â 595";"B01";"3";"60";"0";"2";"0";"0";"5";""
"202100007361";"188Â 596";"Z01";"3";"0";"0";"9";"0";"0";"0";""
"202100007362";"188Â 593";"A01";" -1";"7";"14";"2";"1";"13";"0";""
"202100007362";"188Â 594";"B01";"3";"7";"0";"2";"1";"16";"1";""
"202100007363";"188Â 592";"A01";"1";"7";"0";"1";"4";"4";"1";""
"202100007364";"188Â 590";"B01";" -1";"50";"0";"2";"1";"1";"3";""
"202100007364";"188Â 591";"A01";"3";"7";"0";"9";"3";"10";"0";""
"202100007365";"188Â 589";"A01";"2";"2";"0";"1";"1";"17";"1";""
"202100007366";"188Â 587";"A01";"1";"32";"0";"2";"1";"18";"1";""
"202100007366";"188Â 588";"B01";"1";"2";"0";"2";"7";"16";"3";""
"202100007367";"188Â 585";"B01";" -1";"33";"0";"2";"3";"1";"1";""
"202100007367";"188Â 586";"A01";"3";"7";"0";"2";"7";"9";"1";""
"202100007368";"188Â 583";"A01";"3";"32";"0";"2";"6";"19";"1";""
"202100007368";"188Â 584";"B01";" -1";"7";"0";"2";"3";"1";"1";""
"202100007369";"188Â 582";"A01";"2";"10";"0";"1";"6";"20";"1";""
"202100007370";"188Â 580";"B01";"3";"1";"0";"2";"1";"19";"5";""
"202100007370";"188Â 581";"A01";"1";"7";"0";"2";"0";"0";"1";""
"202100007371";"188Â 578";"A01";"1";"10";"0";"2";"3";"15";"1";""
"202100007371";"188Â 579";"B01";"2";"1";"0";"2";"1";"1";"5";""
"202100007372";"188Â 576";"B01";"3";"7";"0";"2";"2";"24";"1";""
"202100007372";"188Â 577";"A01";"2";"1";"1";"0";"2";"13";"5";""
"202100007373";"188Â 575";"A01";"3";"32";"0";"0";"7";"26";"1";""
"202100007374";"188Â 574";"A01";"0";"7";"8";"0";"2";"0";"1";""
"202100007375";"188Â 573";"A01";"1";"7";"13";"0";"0";"0";"1";""
"202100007376";"188Â 572";"A01";"3";"10";"0";"1";"4";"4";"1";""
"202100007377";"188Â 571";"A01";"1";"7";"2";"0";"1";"1";"1";""
"202100007378";"188Â 569";"B01";"2";"7";"0";"2";"1";"1";"1";""
"202100007378";"188Â 570";"A01";"1";"7";"0";"2";"5";"13";"1";""
"202100007379";"188Â 567";"B01";"2";"17";"0";"0";"4";"1";"1";""
"202100007379";"188Â 568";"A01";"2";"10";"0";"2";"1";"2";"1";""
"202100007380";"188Â 565";"B01";"1";"1";"0";"2";"8";"1";"5";""
"202100007380";"188Â 566";"A01";"1";"10";"0";"9";"7";"17";"1";""
"202100007381";"188Â 564";"A01";"3";"7";"0";"1";"7";"1";"1";""
"202100007382";"188Â 563";"A01";"1";"7";"16";"0";"0";"17";"1";""
"202100007383";"188Â 561";"A01";"1";"7";"0";"0";"8";"19";"1";""
"202100007383";"188Â 562";"B01";"1";"2";"0";"2";"1";"1";"1";""
"202100007384";"188Â 558";"B01";"2";"3";"0";"2";"8";"1";"1";""
"202100007384";"188Â 559";"C01";"2";"10";"0";"2";"8";"23";"1";""
"202100007384";"188Â 560";"A01";"3";"7";"0";"2";"1";"9";"1";""
"202100007385";"188Â 556";"A01";"1";"7";"0";"2";"5";"1";"1";""
"202100007385";"188Â 557";"B01";"1";"31";"0";"2";"1";"1";"1";""
"202100007386";"188Â 555";"A01";"2";"10";"0";"1";"1";"19";"1";""
"202100007387";"188Â 553";"A01";"1";"10";"0";"2";"3";"0";"1";""
"202100007387";"188Â 554";"B01";"2";"7";"0";"2";"3";"1";"1";""
"202100007388";"188Â 550";"A01";"2";"7";"1";"0";"2";"14";"1";""
"202100007388";"188Â 551";"B01";"2";"17";"0";"0";"6";"24";"1";""
"202100007388";"188Â 552";"C01";"2";"7";"14";"1";"1";"1";"1";""
"202100007389";"188Â 549";"A01";"1";"10";"2";"0";"1";"1";"1";""
"202100007390";"188Â 547";"B01";"1";"7";"0";"2";"3";"15";"1";""
"202100007390";"188Â 548";"A01";"1";"33";"0";"2";"3";"17";"1";""
"202100007391";"188Â 546";"A01";"1";"7";"0";"1";"1";"1";"1";""
"202100007392";"188Â 544";"B01";"1";"7";"0";"2";"1";"1";"1";""
"202100007392";"188Â 545";"A01";"1";"7";"0";"2";"3";"19";"1";""
"202100007393";"188Â 543";"A01";"1";"7";"0";"0";"0";"17";"1";""
"202100007394";"188Â 542";"A01";"1";"7";"6";"0";"1";"1";"1";""
"202100007395";"188Â 539";"B01";"0";"10";"13";"2";"3";"0";"1";""
"202100007395";"188Â 540";"A01";"3";"7";"0";"2";"1";"1";"1";""
"202100007396";"188Â 537";"A01";"1";"7";"0";"0";"4";"23";"1";""
"202100007396";"188Â 538";"B01";"1";"7";"0";"2";"1";"2";"1";""
"202100007397";"188Â 536";"A01";"2";"7";"13";"0";"2";"1";"1";""
"202100007398";"188Â 534";"B01";"2";"7";"0";"0";"4";"2";"1";""
"202100007398";"188Â 535";"A01";"2";"7";"0";"2";"1";"2";"1";""
"202100007399";"188Â 532";"B01";"2";"21";"0";"0";"4";"1";"1";""
"202100007399";"188Â 533";"A01";"2";"10";"0";"2";"2";"0";"1";""
"202100007400";"188Â 529";"A01";"1";"7";"0";"0";"3";"15";"1";""
"202100007400";"188Â 530";"B01";"2";"33";"0";"2";"1";"1";"1";""
"202100007401";"188Â 526";"A01";"1";"2";"0";"2";"2";"17";"1";""
"202100007401";"188Â 527";"C01";"2";"7";"0";"2";"3";"1";"1";""
"202100007401";"188Â 528";"B01";"1";"10";"0";"2";"3";"15";"1";""
"202100007402";"188Â 524";"A01";"2";"7";"13";"2";"3";"13";"1";""
"202100007402";"188Â 525";"B01";"1";"7";"13";"2";"3";"1";"1";""
"202100007403";"188Â 523";"A01";"2";"7";"13";"0";"0";"13";"1";""
"202100007404";"188Â 521";"A01";"2";"7";"0";"2";"1";"1";"1";""
"202100007404";"188Â 522";"B01";"2";"10";"0";"2";"4";"1";"1";""
"202100007405";"188Â 519";"A01";"1";"7";"0";"2";"3";"17";"1";""
"202100007405";"188Â 520";"B01";"2";"1";"0";"2";"1";"13";"0";""
"202100007406";"188Â 518";"A01";"1";"7";"2";"0";"8";"17";"1";""
"202100007407";"188Â 516";"B01";"3";"7";"0";"2";"1";"1";"1";""
"202100007407";"188Â 517";"A01";"3";"7";"0";"2";"3";"13";"1";""
"202100007408";"188Â 514";"A01";"1";"31";"0";"2";"1";"13";"1";""
"202100007408";"188Â 515";"B01";"2";"7";"0";"2";"8";"1";"1";""
"202100007409";"188Â 513";"A01";"2";"7";"16";"0";"2";"1";"1";""
"202100007410";"188Â 511";"A01";"1";"7";"0";"2";"1";"2";"1";""
"202100007410";"188Â 512";"B01";"3";"7";"7";"0";"8";"19";"1";""
"202100007411";"188Â 509";"A01";"1";"7";"0";"2";"2";"1";"1";""
"202100007411";"188Â 510";"B01";"2";"7";"0";"0";"2";"1";"1";""
"202100007412";"188Â 508";"A01";"2";"7";"2";"0";"1";"26";"1";""
"202100007413";"188Â 507";"A01";"3";"10";"0";"1";"8";"1";"1";""
"202100007414";"188Â 505";"B01";"2";"32";"13";"0";"0";"1";"1";""
"202100007414";"188Â 506";"A01";"1";"10";"0";"0";"0";"13";"1";""
"202100007415";"188Â 504";"A01";"1";"7";"2";"0";"3";"1";"1";""
"202100007416";"188Â 502";"A01";"1";"7";"0";"2";"3";"17";"1";""
"202100007416";"188Â 503";"B01";"2";"2";"0";"2";"1";"1";"1";""
"202100007417";"188Â 500";"A01";"2";"7";"0";"2";"3";"17";"1";""
"202100007417";"188Â 501";"B01";"1";"50";"0";"2";"1";"1";"3";""
"202100007418";"188Â 499";"A01";"1";"33";"0";"0";"0";"2";"1";""
"202100007419";"188Â 498";"A01";"3";"7";"0";"0";"3";"1";"1";""
"202100007420";"188Â 496";"B01";"2";"7";"0";"2";"1";"2";"3";""
"202100007420";"188Â 497";"A01";"2";"7";"0";"2";"4";"2";"1";""
"202100007421";"188Â 492";"D01";"2";"7";"0";"2";"7";"1";"1";""
"202100007421";"188Â 493";"C01";"2";"7";"0";"2";"4";"2";"1";""
"202100007421";"188Â 494";"B01";"2";"7";"0";"2";"5";"2";"1";""
"202100007421";"188Â 495";"A01";"2";"7";"0";"2";"3";"2";"1";""
"202100007422";"188Â 490";"B01";"2";"15";"0";"2";"6";"1";"1";""
"202100007422";"188Â 491";"A01";"2";"7";"0";"2";"1";"2";"0";""
"202100007423";"188Â 488";"A01";"2";"43";"0";"2";"3";"1";"1";""
"202100007423";"188Â 489";"B01";"2";"7";"0";"2";"7";"15";"1";""
"202100007424";"188Â 486";"B01";"2";"10";"0";"2";"5";"2";"1";""
"202100007424";"188Â 487";"A01";"2";"7";"0";"2";"1";"2";"1";""
"202100007425";"188Â 484";"B01";"2";"10";"0";"2";"7";"1";"1";""
"202100007425";"188Â 485";"A01";"2";"33";"4";"2";"7";"16";"1";""
"202100007426";"188Â 482";"B01";"2";"7";"0";"2";"8";"26";"1";""
"202100007426";"188Â 483";"A01";"2";"32";"0";"2";"8";"26";"1";""
"202100007427";"188Â 480";"A01";"1";"32";"0";"2";"1";"3";"1";""
"202100007427";"188Â 481";"B01";"1";"3";"0";"2";"7";"12";"3";""
"202100007428";"188Â 477";"C01";"2";"7";"14";"0";"0";"0";"1";""
"202100007428";"188Â 478";"B01";"2";"10";"1";"0";"1";"1";"1";""
"202100007428";"188Â 479";"A01";"2";"7";"0";"2";"4";"23";"1";""
"202100007429";"188Â 472";"A01";"1";"7";"0";"2";"4";"1";"2";""
"202100007429";"188Â 473";"E01";"1";"7";"0";"2";"4";"1";"2";""
"202100007429";"188Â 474";"B01";"1";"7";"0";"2";"4";"1";"1";""
"202100007429";"188Â 475";"C01";"1";"7";"0";"2";"4";"1";"1";""
"202100007429";"188Â 476";"D01";"1";"43";"0";"2";"1";"1";"1";""
"202100007430";"188Â 468";"D01";"1";"7";"0";"2";"4";"2";"1";""
"202100007430";"188Â 469";"C01";"1";"7";"0";"2";"4";"2";"1";""
"202100007430";"188Â 470";"B01";"1";"7";"0";"2";"4";"2";"1";""
"202100007430";"188Â 471";"A01";"1";"7";"0";"2";"1";"2";"1";""
"202100007431";"188Â 466";"Z01";"3";"32";"0";"2";"0";"0";"0";""
"202100007431";"188Â 467";"A01";"3";"50";"0";"2";"2";"19";"3";""
"202100007432";"188Â 464";"A01";"2";"10";"0";"2";"6";"11";"1";""
"202100007432";"188Â 465";"B01";"2";"32";"0";"2";"2";"1";"1";""
"202100007433";"188Â 462";"A01";"1";"1";"0";"2";"1";"13";"5";""
"202100007433";"188Â 463";"B01";"2";"1";"0";"2";"1";"1";"5";""
"202100007434";"188Â 460";"B01";"2";"80";"0";"2";"1";"1";"3";""
"202100007434";"188Â 461";"A01";"2";"7";"0";"2";"5";"22";"2";""
"202100007435";"188Â 459";"A01";"2";"34";"0";"1";"1";"3";"1";""
"202100007436";"188Â 458";"Z01";"1";"30";"0";"1";"0";"1";"0";""
"202100007437";"188Â 456";"B01";"1";"1";"0";"2";"1";"1";"5";""
"202100007437";"188Â 457";"A01";"2";"1";"0";"2";"1";"13";"5";""
"202100007438";"188Â 454";"A01";"1";"7";"0";"2";"8";"15";"1";""
"202100007438";"188Â 455";"B01";"1";"43";"0";"2";"1";"1";"1";""
"202100007439";"188Â 453";"A01";"3";"7";"0";"1";"4";"4";"1";""
"202100007440";"188Â 452";"A01";"1";"1";"0";"1";"7";"1";"5";""
"202100007441";"188Â 450";"B01";"3";"50";"0";"2";"7";"19";"3";""
"202100007441";"188Â 451";"A01";"2";"33";"0";"2";"1";"1";"1";""
"202100007442";"188Â 448";"B01";"1";"10";"0";"2";"4";"23";"1";""
"202100007442";"188Â 449";"A01";"1";"1";"0";"2";"1";"1";"5";""
"202100007443";"188Â 446";"A01";"1";"7";"0";"2";"4";"23";"1";""
"202100007443";"188Â 447";"B01";"1";"7";"0";"2";"1";"1";"1";""
"202100007444";"188Â 445";"A01";"1";"33";"0";"0";"0";"1";"1";""
"202100007445";"188Â 444";"A01";"3";"7";"1";"0";"1";"13";"1";""
"202100007446";"188Â 443";"A01";"3";"7";"0";"1";"2";"15";"1";""
"202100007447";"188Â 442";"A01";"3";"1";"0";"1";"1";"1";"5";""
"202100007448";"188Â 440";"A01";"1";"10";"0";"2";"3";"15";"1";""
"202100007448";"188Â 441";"B01";"1";"32";"0";"2";"2";"1";"1";""
"202100007449";"188Â 438";"A01";"2";"7";"0";"2";"1";"1";"1";""
"202100007449";"188Â 439";"B01";"2";"1";"0";"2";"3";"0";"5";""
"202100007450";"188Â 437";"A01";"2";"7";"4";"0";"1";"1";"1";""
"202100007451";"188Â 435";"A01";"1";"7";"0";"2";"1";"15";"1";""
"202100007451";"188Â 436";"B01";"2";"2";"0";"2";"8";"1";"1";""
"202100007452";"188Â 432";"B01";"1";"50";"0";"2";"4";"1";"3";""
"202100007452";"188Â 433";"A01";"1";"7";"0";"2";"1";"9";"1";""
"202100007453";"188Â 430";"B01";"3";"7";"0";"2";"2";"1";"1";""
"202100007453";"188Â 431";"A01";"3";"7";"0";"2";"3";"1";"1";""
"202100007454";"188Â 428";"A01";"3";"7";"8";"2";"2";"23";"1";""
"202100007454";"188Â 429";"B01";"0";"7";"0";"0";"0";"0";"1";""
"202100007455";"188Â 426";"B01";"1";"32";"0";"2";"3";"1";"1";""
"202100007455";"188Â 427";"A01";"1";"7";"0";"2";"2";"16";"1";""
"202100007456";"188Â 424";"B01";"1";"1";"0";"2";"1";"2";"0";""
"202100007456";"188Â 425";"A01";"1";"7";"0";"2";"8";"13";"1";""
"202100007457";"188Â 422";"B01";"1";"7";"1";"0";"6";"26";"1";""
"202100007457";"188Â 423";"A01";"1";"7";"0";"2";"2";"21";"1";""
"202100007458";"188Â 421";"A01";"1";"7";"0";"1";"1";"14";"0";""
"202100007459";"188Â 419";"B01";"1";"7";"0";"0";"0";"0";"1";""
"202100007459";"188Â 420";"A01";"1";"7";"0";"2";"1";"13";"1";""
"202100007460";"188Â 416";"C01";"1";"7";"0";"2";"6";"1";"1";""
"202100007460";"188Â 417";"B01";"1";"32";"0";"2";"8";"3";"1";""
"202100007460";"188Â 418";"A01";"1";"10";"0";"2";"2";"22";"1";""
"202100007461";"188Â 413";"A01";"2";"10";"0";"2";"1";"2";"1";""
"202100007461";"188Â 414";"B01";"2";"10";"0";"2";"4";"1";"1";""
"202100007461";"188Â 415";"C01";"2";"7";"0";"2";"4";"1";"1";""
"202100007462";"188Â 411";"A01";"2";"7";"0";"1";"1";"1";"1";""
"202100007462";"188Â 412";"Y01";"2";"0";"0";"0";"0";"0";"0";""
"202100007463";"188Â 409";"A01";"1";"33";"0";"2";"1";"1";"1";""
"202100007463";"188Â 410";"B01";"1";"7";"0";"2";"0";"10";"1";""
"202100007464";"188Â 407";"B01";"2";"1";"0";"2";"1";"1";"5";""
"202100007464";"188Â 408";"A01";"2";"10";"0";"2";"3";"9";"1";""
"202100007465";"188Â 405";"A01";"0";"7";"0";"2";"7";"15";"1";""
"202100007465";"188Â 406";"B01";"0";"1";"0";"2";"1";"1";"0";""
"202100007466";"188Â 404";"A01";"1";"33";"8";"2";"0";"23";"0";""
"202100007467";"188Â 403";"A01";"1";"33";"14";"0";"1";"1";"1";""
"202100007468";"188Â 401";"B01";"2";"30";"0";"2";"2";"0";"1";""
"202100007468";"188Â 402";"A01";"1";"30";"0";"2";"2";"26";"1";""
"202100007469";"188Â 399";"A01";"1";"7";"0";"2";"5";"20";"1";""
"202100007469";"188Â 400";"B01";"1";"32";"0";"2";"1";"1";"1";""
"202100007470";"188Â 397";"A01";"1";"34";"9";"2";"7";"15";"1";""
"202100007470";"188Â 398";"B01";"2";"7";"9";"2";"1";"1";"1";""
"202100007471";"188Â 395";"B01";"2";"37";"0";"2";"0";"1";"1";"2"
"202100007471";"188Â 396";"A01";"2";"7";"0";"2";"0";"16";"1";""
"202100007472";"188Â 394";"A01";"2";"7";"1";"0";"1";"13";"2";""
"202100007473";"188Â 393";"A01";"1";"7";"0";"2";"3";"18";"1";""
"202100007474";"188Â 392";"A01";"2";"7";"13";"0";"3";"5";"1";""
"202100007475";"188Â 391";"A01";"1";"7";"0";"1";"1";"16";"1";""
"202100007476";"188Â 389";"A01";"1";"10";"0";"2";"3";"13";"1";""
"202100007476";"188Â 390";"B01";"2";"7";"14";"2";"3";"1";"3";""
"202100007477";"188Â 388";"A01";"2";"7";"1";"0";"6";"21";"1";""
"202100007478";"188Â 386";"B01";"1";"16";"0";"2";"1";"1";"1";""
"202100007478";"188Â 387";"A01";"2";"7";"0";"2";"1";"13";"1";""
"202100007479";"188Â 385";"A01";"2";"33";"0";"0";"8";"1";"1";""
"202100007480";"188Â 383";"A01";"1";"7";"0";"2";"3";"11";"1";""
"202100007480";"188Â 384";"B01";"1";"7";"0";"2";"2";"1";"1";""
"202100007481";"188Â 381";"B01";"2";"15";"0";"2";"3";"1";"1";""
"202100007481";"188Â 382";"A01";"1";"7";"0";"2";"3";"5";"1";""
"202100007482";"188Â 380";"A01";"2";"7";"2";"0";"1";"1";"1";""
"202100007483";"188Â 378";"B01";"2";"7";"0";"2";"1";"1";"1";""
"202100007483";"188Â 379";"A01";"1";"7";"0";"2";"1";"13";"1";""
"202100007484";"188Â 377";"A01";"2";"7";"13";"0";"2";"0";"1";""
"202100007485";"188Â 376";"A01";"1";"2";"13";"0";"1";"1";"1";""
"202100007486";"188Â 375";"A01";"2";"33";"0";"0";"9";"1";"1";""
"202100007487";"188Â 372";"A01";"1";"10";"0";"2";"3";"23";"1";""
"202100007487";"188Â 373";"B01";"2";"7";"0";"2";"1";"1";"1";""
"202100007487";"188Â 374";"C01";"1";"7";"0";"2";"7";"15";"1";""
"202100007488";"188Â 371";"A01";"1";"7";"0";"1";"3";"1";"1";""
"202100007489";"188Â 369";"B01";"2";"7";"0";"0";"8";"1";"1";""
"202100007489";"188Â 370";"A01";"1";"10";"0";"2";"1";"15";"1";""
"202100007490";"188Â 367";"B01";"1";"7";"0";"2";"1";"2";"1";""
"202100007490";"188Â 368";"A01";"1";"7";"0";"0";"4";"23";"1";""
"202100007491";"188Â 365";"B01";"1";"32";"0";"2";"1";"1";"1";""
"202100007491";"188Â 366";"A01";"1";"7";"0";"2";"2";"9";"1";""
"202100007492";"188Â 364";"A01";"1";"10";"0";"0";"1";"14";"1";""
"202100007493";"188Â 362";"B01";"1";"1";"0";"2";"0";"1";"5";""
"202100007493";"188Â 363";"A01";"2";"7";"0";"9";"1";"9";"1";""
"202100007494";"188Â 360";"B01";"2";"2";"0";"2";"1";"1";"1";""
"202100007494";"188Â 361";"A01";"1";"7";"0";"2";"2";"1";"1";""
"202100007495";"188Â 359";"A01";"2";"33";"15";"0";"1";"15";"1";""
"202100007496";"188Â 358";"A01";"2";"7";"2";"0";"1";"1";"1";""
"202100007497";"188Â 356";"A01";"1";"33";"0";"0";"0";"1";"1";""
"202100007498";"188Â 354";"B01";"0";"2";"0";"2";"1";"1";"1";""
"202100007498";"188Â 355";"A01";"0";"7";"0";"2";"1";"15";"1";""
"202100007499";"188Â 352";"B01";"1";"32";"0";"2";"8";"1";"1";""
"202100007499";"188Â 353";"A01";"2";"7";"0";"2";"3";"15";"1";""
"202100007500";"188Â 350";"B01";"1";"7";"0";"2";"1";"1";"1";""
"202100007500";"188Â 351";"A01";"2";"7";"0";"2";"1";"13";"1";""
"202100007501";"188Â 349";"A01";"2";"33";"7";"0";"1";"14";"1";""
"202100007502";"188Â 348";"A01";"2";"7";"13";"0";"1";"2";"1";""
"202100007503";"188Â 346";"A01";"0";"7";"0";"0";"7";"0";"1";""
"202100007503";"188Â 347";"B01";"0";"7";"0";"2";"1";"19";"1";""
"202100007504";"188Â 345";"A01";"1";"21";"0";"0";"3";"1";"1";""
"202100007505";"188Â 343";"A01";"2";"7";"0";"2";"1";"11";"1";""
"202100007505";"188Â 344";"B01";"2";"32";"0";"0";"4";"1";"1";""
"202100007506";"188Â 341";"A01";"1";"14";"0";"2";"1";"1";"1";""
"202100007506";"188Â 342";"B01";"2";"7";"0";"2";"6";"1";"1";""
"202100007507";"188Â 339";"A01";"1";"7";"1";"0";"1";"1";"1";""
"202100007507";"188Â 340";"B01";"1";"7";"0";"0";"4";"1";"1";""
"202100007508";"188Â 337";"A01";"2";"99";"3";"0";"8";"0";"6";""
"202100007508";"188Â 338";"B01";"2";"7";"0";"9";"2";"17";"1";""
"202100007509";"188Â 335";"B01";"1";"15";"0";"2";"1";"23";"1";""
"202100007509";"188Â 336";"A01";"2";"7";"0";"2";"1";"5";"2";""
"202100007510";"188Â 334";"A01";"1";"33";"0";"0";"0";"3";"1";""
"202100007511";"188Â 331";"A01";"2";"7";"0";"0";"4";"9";"1";""
"202100007511";"188Â 332";"B01";"2";"7";"0";"2";"1";"1";"1";""
"202100007511";"188Â 333";"C01";"2";"33";"0";"2";"1";"23";"1";""
"202100007512";"188Â 330";"A01";"1";"7";"0";"1";"1";"1";"0";""
"202100007513";"188Â 329";"A01";"1";"7";"2";"0";"1";"14";"1";""
"202100007514";"188Â 327";"A01";"0";"7";"0";"9";"2";"15";"1";""
"202100007514";"188Â 328";"B01";"0";"30";"0";"2";"0";"5";"1";""
"202100007515";"188Â 325";"B01";"2";"7";"0";"9";"0";"15";"0";""
"202100007515";"188Â 326";"A01";"2";"1";"0";"2";"0";"1";"5";""
"202100007516";"188Â 323";"A01";"1";"7";"0";"2";"1";"17";"1";""
"202100007516";"188Â 324";"B01";"2";"7";"0";"2";"1";"26";"1";""
"202100007517";"188Â 322";"A01";"1";"7";"13";"0";"9";"1";"1";""
"202100007518";"188Â 318";"H01";"0";"7";"0";"2";"0";"0";"1";""
"202100007518";"188Â 319";"E01";"0";"7";"0";"2";"0";"0";"1";""
"202100007518";"188Â 320";"B01";"0";"7";"0";"2";"0";"0";"1";""
"202100007518";"188Â 321";"A01";"3";"15";"1";"1";"1";"26";"1";""
"202100007519";"188Â 316";"B01";"2";"10";"8";"2";"1";"1";"1";""
"202100007519";"188Â 317";"A01";"1";"7";"8";"2";"1";"1";"1";""
"202100007520";"188Â 312";"D01";"1";"7";"0";"0";"1";"23";"2";""
"202100007520";"188Â 313";"C01";"1";"7";"0";"0";"6";"23";"1";""
"202100007520";"188Â 314";"B01";"1";"17";"0";"0";"6";"16";"1";""
"202100007520";"188Â 315";"A01";"2";"7";"0";"2";"3";"1";"1";""
"202100007521";"188Â 310";"A01";"2";"7";"0";"2";"3";"17";"1";""
"202100007521";"188Â 311";"B01";"1";"33";"0";"2";"3";"1";"1";""
"202100007522";"188Â 308";"B01";"3";"10";"0";"0";"1";"1";"1";""
"202100007522";"188Â 309";"A01";"3";"7";"0";"0";"4";"23";"1";""
"202100007523";"188Â 301";"A01";"0";"7";"2";"0";"1";"1";"1";""
"202100007524";"188Â 300";"A01";"2";"7";"13";"0";"1";"1";"1";""
"202100007525";"188Â 298";"A01";"1";"7";"0";"2";"3";"15";"1";""
"202100007525";"188Â 299";"B01";"2";"7";"6";"2";"6";"1";"1";""
"202100007526";"188Â 297";"A01";"1";"7";"0";"1";"2";"1";"1";""
"202100007527";"188Â 295";"A01";"2";"7";"0";"2";"2";"1";"1";""
"202100007527";"188Â 296";"B01";"2";"1";"0";"2";"3";"16";"5";""
"202100007528";"188Â 293";"A01";"2";"7";"0";"2";"3";"13";"1";""
"202100007528";"188Â 294";"B01";"1";"7";"0";"2";"1";"1";"1";""
"202100007529";"188Â 292";"A01";"0";"1";"6";"0";"1";"1";"5";""
"202100007530";"188Â 289";"A01";"0";"7";"0";"0";"4";"23";"1";""
"202100007530";"188Â 290";"B01";"0";"7";"0";"2";"4";"23";"1";""
"202100007530";"188Â 291";"C01";"0";"7";"0";"2";"1";"2";"1";""
"202100007531";"188Â 288";"A01";"2";"10";"13";"0";"1";"1";"1";""
"202100007532";"188Â 287";"A01";"0";"7";"0";"6";"1";"1";"1";""
"202100007533";"188Â 283";"A01";"2";"17";"0";"2";"6";"1";"1";""
"202100007533";"188Â 284";"B01";"2";"10";"0";"2";"1";"17";"1";""
"202100007533";"188Â 285";"C01";"2";"7";"0";"2";"1";"1";"1";""
"202100007533";"188Â 286";"D01";"2";"7";"0";"2";"3";"1";"1";""
"202100007534";"188Â 282";"A01";"1";"31";"0";"0";"0";"16";"1";""
"202100007535";"188Â 279";"C01";"2";"10";"0";"0";"0";"0";"1";""
"202100007535";"188Â 280";"B01";"2";"7";"0";"2";"8";"1";"1";""
"202100007535";"188Â 281";"A01";"2";"7";"0";"2";"4";"1";"1";""
"202100007536";"188Â 277";"B01";"1";"7";"0";"2";"2";"2";"1";""
"202100007536";"188Â 278";"A01";"1";"7";"0";"2";"4";"2";"1";""
"202100007537";"188Â 274";"C01";"1";"7";"0";"2";"1";"1";"1";""
"202100007537";"188Â 275";"B01";"1";"7";"0";"2";"4";"1";"1";""
"202100007537";"188Â 276";"A01";"1";"10";"0";"2";"4";"1";"1";""
"202100007538";"188Â 272";"A01";"1";"7";"0";"2";"4";"14";"1";""
"202100007538";"188Â 273";"B01";"1";"34";"0";"2";"1";"1";"1";""
"202100007539";"188Â 269";"A01";"2";"7";"0";"2";"2";"12";"1";""
"202100007539";"188Â 270";"B01";"2";"7";"0";"2";"6";"1";"1";""
"202100007539";"188Â 271";"C01";"2";"10";"0";"2";"5";"23";"1";""
"202100007540";"188Â 268";"A01";"2";"7";"4";"0";"2";"2";"1";""
"202100007541";"188Â 265";"B01";"1";"10";"0";"2";"6";"2";"1";""
"202100007541";"188Â 266";"A01";"1";"33";"0";"2";"2";"3";"1";""
"202100007541";"188Â 267";"C01";"1";"10";"0";"2";"5";"2";"1";""
"202100007542";"188Â 263";"B01";"1";"10";"0";"2";"1";"2";"1";""
"202100007542";"188Â 264";"A01";"1";"17";"0";"2";"4";"2";"1";""
"202100007543";"188Â 260";"A01";"2";"15";"0";"2";"0";"0";"1";""
"202100007543";"188Â 261";"B01";"2";"7";"0";"2";"0";"0";"1";""
"202100007543";"188Â 262";"C01";"2";"10";"0";"0";"0";"0";"1";""
"202100007544";"188Â 258";"B01";"2";"7";"0";"2";"6";"1";"1";""
"202100007544";"188Â 259";"A01";"2";"7";"0";"2";"1";"12";"1";""