"Num_Acc";"id_vehicule";"num_veh";"senc";"catv";"obs";"obsm";"choc";"manv";"motor";"occutc"
"202100007545";"188Â 256";"B01";"2";"7";"0";"2";"0";"12";"1";""
"202100007545";"188Â 257";"A01";"2";"33";"0";"2";"3";"1";"1";""
"202100007546";"188Â 254";"A01";"2";"0";"0";"2";"7";"0";"0";""
"202100007546";"188Â 255";"B01";"2";"33";"0";"2";"8";"3";"1";""
"202100007547";"188Â 252";"A01";"1";"10";"0";"2";"7";"12";"1";""
"202100007547";"188Â 253";"B01";"1";"31";"0";"2";"8";"1";"1";""
"202100007548";"188Â 250";"A01";"2";"7";"0";"2";"6";"9";"1";""
"202100007548";"188Â 251";"B01";"2";"15";"0";"2";"7";"1";"1";""
"202100007549";"188Â 247";"Z01";"1";"0";"0";"2";"1";"0";"0";""
"202100007549";"188Â 248";"C01";"1";"7";"0";"2";"4";"2";"1";""
"202100007549";"188Â 249";"B01";"1";"7";"0";"2";"4";"2";"1";""
"202100007550";"188Â 245";"B01";"1";"10";"0";"2";"5";"14";"1";""
"202100007550";"188Â 246";"A01";"1";"32";"0";"2";"8";"2";"1";""
"202100007551";"188Â 243";"B01";"2";"7";"0";"2";"8";"1";"0";""
"202100007551";"188Â 244";"A01";"2";"15";"0";"2";"2";"12";"0";""
"202100007552";"188Â 242";"A01";"2";"33";"0";"2";"1";"1";"1";""
"202100007553";"188Â 240";"B01";"2";"7";"0";"2";"4";"1";"1";""
"202100007553";"188Â 241";"A01";"2";"33";"0";"2";"1";"1";"1";""
"202100007554";"188Â 238";"B01";"1";"7";"0";"2";"4";"2";"1";""
"202100007554";"188Â 239";"A01";"1";"10";"0";"2";"1";"2";"1";""
"202100007555";"188Â 237";"A01";"3";"7";"4";"0";"1";"1";"1";""
"202100007556";"188Â 235";"B01";"2";"33";"0";"2";"3";"3";"1";""
"202100007556";"188Â 236";"A01";"2";"7";"0";"2";"2";"12";"1";""
"202100007557";"188Â 234";"A01";"2";"7";"13";"0";"3";"1";"1";""
"202100007558";"188Â 233";"A01";"2";"7";"8";"0";"9";"1";"1";""
"202100007559";"188Â 232";"A01";"3";"21";"0";"1";"4";"4";"1";""
"202100007560";"188Â 229";"A01";"2";"10";"0";"2";"1";"1";"1";""
"202100007560";"188Â 230";"C01";"1";"13";"0";"2";"3";"1";"1";""
"202100007560";"188Â 231";"B01";"2";"36";"0";"2";"4";"15";"1";""
"202100007561";"188Â 227";"B01";"1";"7";"0";"2";"1";"1";"1";""
"202100007561";"188Â 228";"A01";"1";"7";"0";"2";"1";"13";"1";""
"202100007562";"188Â 225";"A01";"0";"7";"0";"2";"4";"2";"1";""
"202100007562";"188Â 226";"B01";"0";"7";"0";"2";"6";"15";"1";""
"202100007563";"188Â 223";"A01";"3";"31";"0";"2";"8";"15";"1";""
"202100007563";"188Â 224";"Z01";"3";"99";"0";"2";"3";"17";"0";""
"202100007564";"188Â 221";"A01";"1";"7";"0";"2";"7";"15";"1";""
"202100007564";"188Â 222";"B01";"1";"2";"0";"2";"1";"1";"1";""
"202100007565";"188Â 219";"B01";"2";"3";"0";"2";"2";"1";"0";""
"202100007565";"188Â 220";"A01";"1";"7";"0";"2";"7";"15";"1";""
"202100007566";"188Â 217";"A01";"1";"7";"0";"2";"7";"16";"1";""
"202100007566";"188Â 218";"B01";"1";"33";"0";"2";"1";"1";"1";""
"202100007567";"188Â 215";"A01";"2";"31";"0";"2";"2";"1";"1";""
"202100007567";"188Â 216";"B01";"2";"7";"0";"2";"3";"1";"1";""
"202100007568";"188Â 214";"A01";"2";"7";"0";"0";"9";"1";"1";""
"202100007569";"188Â 212";"B01";"1";"7";"0";"2";"4";"2";"1";""
"202100007569";"188Â 213";"A01";"1";"34";"0";"2";"1";"2";"1";""
"202100007570";"188Â 210";"A01";"1";"7";"0";"2";"2";"2";"1";""
"202100007570";"188Â 211";"B01";"0";"32";"0";"2";"8";"3";"1";""
"202100007571";"188Â 208";"B01";"1";"37";"0";"2";"2";"2";"1";"4"
"202100007571";"188Â 209";"A01";"1";"7";"0";"2";"6";"1";"1";""
"202100007572";"188Â 207";"A01";"2";"7";"0";"1";"1";"1";"1";""
"202100007573";"188Â 205";"A01";"2";"7";"0";"2";"3";"1";"1";""
"202100007573";"188Â 206";"B01";"2";"14";"0";"2";"5";"23";"1";""
"202100007574";"188Â 203";"B01";"3";"7";"0";"2";"2";"23";"1";""
"202100007574";"188Â 204";"A01";"3";"43";"0";"2";"1";"1";"1";""
"202100007575";"188Â 202";"A01";"3";"7";"0";"1";"1";"15";"1";""
"202100007576";"188Â 200";"B01";"1";"10";"0";"2";"5";"1";"1";""
"202100007576";"188Â 201";"A01";"1";"33";"0";"2";"1";"18";"1";""
"202100007577";"188Â 199";"A01";"2";"7";"0";"1";"1";"1";"1";""
"202100007578";"188Â 197";"A01";"1";"37";"0";"2";"3";"7";"1";"2"
"202100007578";"188Â 198";"B01";"2";"7";"0";"2";"5";"16";"1";""
"202100007579";"188Â 193";"A01";"3";"33";"0";"2";"4";"2";"1";""
"202100007579";"188Â 194";"B01";"3";"2";"0";"2";"1";"2";"1";""
"202100007580";"188Â 190";"A01";"1";"7";"0";"2";"1";"2";"1";""
"202100007580";"188Â 191";"B01";"3";"7";"0";"2";"4";"2";"1";""
"202100007581";"188Â 187";"A01";"1";"7";"0";"2";"1";"2";"1";""
"202100007581";"188Â 188";"B01";"1";"7";"0";"2";"4";"2";"1";""
"202100007581";"188Â 189";"C01";"1";"7";"0";"5";"4";"2";"1";""
"202100007582";"188Â 185";"B01";"0";"30";"0";"2";"1";"1";"1";""
"202100007582";"188Â 186";"A01";"1";"7";"0";"2";"6";"1";"1";""
"202100007583";"188Â 183";"A01";"0";"7";"0";"2";"1";"1";"1";""
"202100007583";"188Â 184";"B01";"0";"7";"0";"2";"4";"1";"1";""
"202100007584";"188Â 182";"A01";"2";"7";"12";"0";"1";"1";"1";""
"202100007585";"188Â 180";"A01";"3";"7";"0";"2";"5";"14";"1";""
"202100007585";"188Â 181";"B01";"3";"1";"0";"2";"1";"1";"5";""
"202100007586";"188Â 178";"B01";"2";"7";"0";"2";"1";"2";"1";""
"202100007586";"188Â 179";"A01";"2";"7";"0";"2";"4";"23";"1";""
"202100007587";"188Â 177";"A01";"3";"50";"0";"1";"1";"1";"3";""
"202100007588";"188Â 175";"A01";"0";"32";"0";"0";"2";"15";"1";""
"202100007588";"188Â 176";"B01";"2";"7";"0";"0";"1";"1";"1";""
"202100007589";"188Â 173";"A01";"1";"7";"0";"2";"1";"16";"1";""
"202100007589";"188Â 174";"B01";"2";"50";"0";"2";"1";"1";"3";""
"202100007590";"188Â 172";"A01";"1";"30";"0";"0";"7";"1";"1";""
"202100007591";"188Â 170";"A01";"2";"7";"0";"2";"8";"15";"1";""
"202100007591";"188Â 171";"B01";"2";"33";"0";"2";"7";"17";"1";""
"202100007592";"188Â 168";"A01";"2";"2";"0";"2";"3";"1";"1";""
"202100007592";"188Â 169";"B01";"1";"7";"0";"2";"7";"19";"1";""
"202100007593";"188Â 166";"A01";"1";"2";"0";"2";"1";"1";"1";""
"202100007593";"188Â 167";"B01";"2";"7";"0";"2";"1";"15";"2";""
"202100007594";"188Â 164";"A01";"1";"7";"0";"2";"4";"15";"1";""
"202100007594";"188Â 165";"B01";"2";"7";"0";"2";"3";"0";"1";""
"202100007595";"188Â 162";"A01";"1";"7";"0";"2";"1";"2";"1";""
"202100007595";"188Â 163";"B01";"1";"7";"0";"2";"4";"2";"1";""
"202100007596";"188Â 161";"A01";"1";"7";"0";"1";"1";"16";"1";""
"202100007597";"188Â 160";"A01";"2";"2";"1";"0";"1";"14";"1";""
"202100007598";"188Â 157";"C01";"2";"7";"0";"2";"4";"1";"1";""
"202100007598";"188Â 158";"B01";"2";"7";"0";"2";"4";"1";"1";""
"202100007598";"188Â 159";"A01";"2";"7";"0";"2";"3";"1";"1";""
"202100007599";"188Â 155";"A01";"1";"7";"0";"2";"1";"13";"1";""
"202100007599";"188Â 156";"B01";"2";"7";"0";"2";"1";"1";"1";""
"202100007600";"188Â 154";"A01";"3";"7";"0";"1";"1";"1";"1";""
"202100007601";"188Â 152";"B01";"3";"50";"0";"2";"5";"9";"3";""
"202100007601";"188Â 153";"A01";"3";"10";"0";"2";"7";"26";"1";""
"202100007602";"188Â 150";"A01";"3";"3";"1";"9";"3";"16";"1";""
"202100007602";"188Â 151";"B01";"3";"50";"0";"2";"0";"0";"3";""
"202100007603";"188Â 149";"A01";"3";"7";"0";"1";"2";"1";"0";""
"202100007604";"188Â 147";"B01";"3";"30";"0";"2";"3";"0";"1";""
"202100007604";"188Â 148";"A01";"3";"7";"0";"2";"2";"9";"1";""
"202100007605";"188Â 145";"A01";"2";"7";"0";"2";"3";"5";"1";""
"202100007605";"188Â 146";"B01";"1";"7";"0";"2";"3";"1";"1";""
"202100007606";"188Â 144";"A01";"1";"7";"1";"0";"9";"1";"1";""
"202100007607";"188Â 143";"A01";"2";"7";"0";"1";"1";"0";"1";""
"202100007608";"188Â 141";"A01";"0";"30";"0";"2";"1";"2";"1";""
"202100007608";"188Â 142";"B01";"0";"7";"0";"2";"4";"15";"1";""
"202100007609";"188Â 140";"A01";"3";"7";"0";"1";"8";"1";"1";""
"202100007610";"188Â 139";"A01";"3";"7";"0";"1";"1";"1";"1";""
"202100007611";"188Â 138";"A01";"0";"38";"0";"1";"7";"16";"1";"1"
"202100007612";"188Â 136";"B01";"3";"10";"0";"2";"3";"15";"1";""
"202100007612";"188Â 137";"A01";"0";"10";"0";"2";"1";"0";"1";""
"202100007613";"188Â 135";"A01";"2";"7";"8";"0";"3";"1";"1";""
"202100007614";"188Â 134";"A01";"2";"7";"1";"0";"1";"13";"1";""
"202100007615";"188Â 133";"A01";"3";"7";"0";"1";"2";"15";"1";""
"202100007616";"188Â 132";"A01";"1";"7";"0";"1";"1";"21";"1";""
"202100007617";"188Â 128";"A01";"1";"7";"0";"2";"1";"1";"1";""
"202100007617";"188Â 129";"B01";"1";"7";"0";"2";"1";"1";"1";""
"202100007617";"188Â 130";"C01";"2";"7";"0";"2";"1";"1";"1";""
"202100007617";"188Â 131";"D01";"2";"7";"0";"2";"1";"1";"1";""
"202100007618";"188Â 126";"A01";"3";"7";"0";"2";"3";"1";"1";""
"202100007618";"188Â 127";"B01";"3";"1";"0";"2";"1";"1";"5";""
"202100007619";"188Â 125";"A01";"3";"7";"1";"0";"2";"14";"1";""
"202100007620";"188Â 123";"Z01";"1";"7";"0";"2";"2";"26";"1";""
"202100007620";"188Â 124";"A01";"1";"1";"0";"2";"8";"26";"5";""
"202100007621";"188Â 122";"A01";"2";"7";"0";"1";"2";"1";"1";""
"202100007622";"188Â 120";"A01";"2";"7";"0";"2";"8";"15";"1";""
"202100007622";"188Â 121";"B01";"2";"2";"0";"2";"1";"1";"1";""
"202100007623";"188Â 119";"A01";"1";"7";"0";"1";"2";"1";"1";""
"202100007624";"188Â 117";"B01";"1";"31";"0";"2";"8";"1";"1";""
"202100007624";"188Â 118";"Z01";"2";"7";"0";"2";"1";"15";"1";""
"202100007625";"188Â 115";"A01";"1";"7";"0";"2";"1";"0";"1";""
"202100007625";"188Â 116";"B01";"2";"1";"0";"2";"1";"0";"5";""
"202100007626";"188Â 113";"B01";"2";"31";"0";"2";"1";"1";"1";""
"202100007626";"188Â 114";"A01";"1";"7";"0";"2";"5";"15";"1";""
"202100007627";"188Â 111";"B01";"2";"43";"0";"2";"1";"9";"1";""
"202100007627";"188Â 112";"A01";"2";"14";"0";"2";"6";"10";"1";""
"202100007628";"188Â 109";"A01";"1";"7";"0";"2";"3";"13";"1";""
"202100007628";"188Â 110";"B01";"2";"7";"2";"2";"6";"1";"1";""
"202100007629";"188Â 108";"A01";"1";"7";"0";"1";"2";"15";"1";""
"202100007630";"188Â 105";"A01";"2";"7";"16";"0";"4";"26";"1";""
"202100007631";"188Â 104";"A01";"1";"7";"4";"0";"3";"1";"1";""
"202100007632";"188Â 102";"A01";"3";"7";"0";"2";"1";"16";"1";""
"202100007632";"188Â 103";"B01";"3";"7";"0";"2";"2";"1";"1";""
"202100007633";"188Â 101";"A01";"1";"7";"12";"1";"2";"14";"1";""
"202100007634";"188Â 100";"A01";"2";"7";"0";"1";"3";"1";"1";""
"202100007635";"188Â 098";"B01";"3";"1";"1";"0";"1";"1";"5";""
"202100007635";"188Â 099";"A01";"3";"10";"0";"2";"8";"22";"1";""
"202100007636";"188Â 097";"A01";"1";"7";"0";"1";"2";"20";"1";""
"202100007637";"188Â 095";"B01";"0";"7";"0";"2";"3";"15";"1";""
"202100007637";"188Â 096";"A01";"0";"7";"0";"2";"2";"17";"1";""
"202100007638";"188Â 093";"B01";"3";"7";"0";"2";"3";"1";"1";""
"202100007638";"188Â 094";"A01";"3";"7";"0";"2";"8";"15";"2";""
"202100007639";"188Â 091";"A01";"3";"43";"0";"2";"2";"12";"1";""
"202100007639";"188Â 092";"B01";"3";"7";"0";"2";"6";"1";"1";""
"202100007640";"188Â 090";"A01";"2";"7";"0";"1";"1";"1";"1";""
"202100007641";"188Â 087";"A01";"1";"7";"0";"2";"6";"2";"1";""
"202100007641";"188Â 088";"B01";"1";"10";"0";"2";"2";"2";"1";""
"202100007641";"188Â 089";"C01";"1";"10";"0";"2";"2";"2";"1";""
"202100007642";"188Â 086";"A01";"3";"7";"0";"1";"2";"16";"2";""
"202100007643";"188Â 085";"A01";"3";"1";"0";"0";"1";"1";"5";""
"202100007644";"188Â 084";"A01";"3";"10";"0";"1";"1";"1";"1";""
"202100007645";"188Â 082";"A01";"1";"50";"0";"2";"1";"25";"3";""
"202100007645";"188Â 083";"B01";"3";"7";"0";"2";"2";"1";"1";""
"202100007646";"188Â 081";"A01";"1";"7";"0";"1";"5";"20";"1";""
"202100007647";"188Â 080";"A01";"2";"7";"0";"1";"5";"13";"1";""
"202100007648";"188Â 078";"B01";"1";"10";"0";"2";"5";"1";"1";""
"202100007648";"188Â 079";"A01";"1";"7";"0";"2";"3";"11";"1";""
"202100007649";"188Â 075";"A01";"2";"7";"0";"2";"7";"14";"1";""
"202100007649";"188Â 076";"B01";"2";"33";"0";"2";"3";"3";"1";""
"202100007649";"188Â 077";"C01";"2";"10";"0";"2";"8";"1";"1";""
"202100007650";"188Â 074";"A01";"3";"7";"0";"1";"2";"1";"1";""
"202100007651";"188Â 072";"A01";"1";"33";"0";"2";"1";"1";"1";""
"202100007651";"188Â 073";"B01";"1";"32";"0";"2";"4";"23";"1";""
"202100007652";"188Â 070";"A01";"2";"10";"0";"2";"3";"1";"1";""
"202100007652";"188Â 071";"B01";"2";"7";"0";"2";"4";"23";"1";""
"202100007653";"188Â 069";"A01";"2";"2";"0";"0";"0";"21";"3";""
"202100007654";"188Â 068";"A01";"2";"80";"0";"1";"0";"1";"3";""
"202100007655";"188Â 066";"A01";"2";"10";"0";"2";"3";"2";"1";""
"202100007655";"188Â 067";"B01";"2";"33";"0";"2";"4";"2";"1";""
"202100007656";"188Â 064";"A01";"1";"7";"0";"2";"1";"15";"1";""
"202100007656";"188Â 065";"B01";"1";"60";"0";"2";"8";"19";"5";""
"202100007657";"188Â 063";"A01";"2";"1";"0";"2";"7";"21";"5";""
"202100007658";"188Â 061";"B01";"1";"7";"0";"2";"6";"15";"3";""
"202100007658";"188Â 062";"A01";"1";"30";"0";"2";"2";"5";"1";""
"202100007659";"188Â 059";"A01";"3";"7";"0";"2";"3";"15";"1";""
"202100007659";"188Â 060";"B01";"3";"33";"0";"2";"0";"17";"1";""
"202100007660";"188Â 057";"A01";"1";"30";"0";"2";"1";"1";"3";""
"202100007660";"188Â 058";"B01";"2";"80";"0";"2";"1";"1";"3";""
"202100007661";"188Â 056";"A01";"2";"7";"1";"1";"2";"1";"2";""
"202100007662";"188Â 054";"A01";"3";"7";"0";"2";"8";"10";"2";""
"202100007662";"188Â 055";"B01";"3";"32";"0";"2";"1";"17";"1";""
"202100007663";"188Â 053";"A01";"3";"7";"0";"1";"2";"1";"1";""
"202100007664";"188Â 051";"A01";"2";"7";"0";"2";"3";"15";"1";""
"202100007664";"188Â 052";"B01";"2";"43";"0";"2";"2";"17";"1";""
"202100007665";"188Â 049";"B01";"1";"34";"0";"2";"1";"17";"1";""
"202100007665";"188Â 050";"A01";"2";"1";"0";"2";"1";"5";"5";""
"202100007666";"188Â 046";"A01";"2";"10";"0";"2";"1";"1";"1";""
"202100007666";"188Â 047";"B01";"2";"7";"0";"2";"4";"1";"1";""
"202100007666";"188Â 048";"C01";"2";"33";"0";"2";"4";"23";"1";""
"202100007667";"188Â 045";"A01";"1";"32";"0";"0";"8";"1";"1";""
"202100007668";"188Â 044";"A01";"1";"30";"0";"0";"8";"16";"1";""
"202100007669";"188Â 040";"B01";"1";"30";"0";"2";"2";"11";"1";""
"202100007669";"188Â 041";"A01";"2";"7";"0";"2";"2";"11";"1";""
"202100007670";"188Â 038";"B01";"1";"7";"0";"2";"0";"0";"1";""
"202100007670";"188Â 039";"A01";"1";"50";"0";"2";"7";"0";"3";""
"202100007671";"188Â 036";"B01";"0";"33";"0";"2";"2";"3";"1";""
"202100007671";"188Â 037";"A01";"0";"7";"0";"2";"3";"15";"1";""
"202100007672";"188Â 035";"A01";"2";"7";"0";"1";"1";"15";"1";""
"202100007673";"188Â 034";"A01";"1";"33";"0";"1";"2";"19";"1";""
"202100007674";"188Â 032";"B01";"1";"7";"0";"2";"4";"2";"1";""
"202100007674";"188Â 033";"A01";"1";"7";"0";"2";"1";"1";"1";""
"202100007675";"188Â 031";"A01";"3";"14";"0";"1";"0";"15";"0";""
"202100007676";"188Â 030";"A01";" -1";"7";"0";"1";"3";"23";"1";""
"202100007677";"188Â 028";"A01";"0";"7";"0";"1";"1";"1";"1";""
"202100007677";"188Â 029";"B01";"0";"7";"1";"0";"4";"1";"1";""
"202100007678";"188Â 026";"A01";"0";"7";"0";"2";"2";"15";"1";""
"202100007678";"188Â 027";"B01";"1";"1";"0";"2";"7";"1";"5";""
"202100007679";"188Â 024";"B01";"2";"7";"0";"2";"1";"2";"1";""
"202100007679";"188Â 025";"A01";"2";"7";"0";"2";"4";"2";"1";""
"202100007680";"188Â 022";"B01";"1";"7";"0";"2";"8";"1";"1";""
"202100007680";"188Â 023";"A01";"2";"7";"0";"2";"1";"1";"1";""
"202100007681";"188Â 021";"A01";"1";"7";"0";"1";"2";"21";"2";""
"202100007682";"188Â 019";"B01";"1";"7";"0";"2";"2";"16";"1";""
"202100007682";"188Â 020";"A01";"1";"2";"0";"2";"3";"18";"1";""
"202100007683";"188Â 018";"A01";"1";"7";"6";"0";"1";"1";"1";""
"202100007684";"188Â 017";"A01";"2";"32";"0";"1";"7";"21";"1";""
"202100007685";"188Â 015";"A01";"2";"33";"0";"2";"3";"21";"1";""
"202100007685";"188Â 016";"B01";"2";"7";"0";"2";"5";"1";"1";""
"202100007686";"188Â 014";"A01";"2";"7";"0";"1";"3";"15";"1";""
"202100007687";"188Â 012";"A01";"1";"7";"0";"2";"8";"20";"1";""
"202100007687";"188Â 013";"B01";"1";"32";"0";"2";"1";"1";"1";""
"202100007688";"188Â 010";"A01";"1";"10";"0";"2";"3";"24";"1";""
"202100007688";"188Â 011";"B01";"1";"1";"1";"0";"1";"1";"5";""
"202100007689";"188Â 009";"A01";"2";"43";"14";"0";"1";"1";"1";""
"202100007690";"188Â 008";"A01";"2";"30";"0";"0";"7";"26";"1";""
"202100007691";"188Â 007";"A01";"1";"7";"0";"1";"1";"1";"1";""
"202100007692";"188Â 005";"A01";"1";"10";"0";"2";"8";"13";"1";""
"202100007692";"188Â 006";"B01";"1";"33";"0";"2";"7";"11";"1";""
"202100007693";"188Â 001";"B01";"1";"7";"0";"2";"4";"23";"1";""
"202100007693";"188Â 002";"A01";"1";"10";"0";"2";"1";"1";"1";""
"202100007693";"188Â 003";"C01";"1";"7";"0";"2";"4";"23";"1";""
"202100007693";"188Â 004";"D01";"1";"7";"0";"2";"4";"23";"1";""
"202100007694";"188Â 000";"A01";"1";"7";"0";"1";"1";"1";"1";""
"202100007695";"187Â 999";"A01";"1";"10";"0";"0";"9";"14";"1";""
"202100007696";"187Â 997";"B01";"2";"7";"0";"2";"2";"1";"1";""
"202100007696";"187Â 998";"A01";"2";"30";"3";"2";"3";"19";"1";""
"202100007697";"187Â 995";"B01";"2";"15";"0";"0";"6";"24";"1";""
"202100007697";"187Â 996";"A01";"2";"7";"1";"0";"2";"1";"1";""
"202100007698";"187Â 994";"A01";"2";"7";"10";"0";"3";"1";"6";""
"202100007699";"187Â 992";"A01";"2";"10";"0";"2";"2";"19";"1";""
"202100007699";"187Â 993";"B01";"2";"7";"9";"2";"2";"1";"1";""
"202100007700";"187Â 990";"B01";"3";"7";"0";"2";"0";"9";"1";""
"202100007700";"187Â 991";"A01";"3";"2";"0";"2";"0";"1";"1";""
"202100007701";"187Â 988";"A01";"1";"2";"0";"0";"8";"1";"1";""
"202100007701";"187Â 989";"B01";"1";"10";"0";"0";"0";"15";"1";""
"202100007702";"187Â 986";"B01";"2";"2";"0";"2";"1";"1";"1";""
"202100007702";"187Â 987";"A01";"1";"7";"0";"2";"2";"15";"1";""
"202100007703";"187Â 984";"B01";"2";"7";"0";"0";"3";"1";"1";""
"202100007703";"187Â 985";"A01";"1";"13";"0";"0";"1";"15";"1";""
"202100007704";"187Â 983";"A01";"3";"7";"0";"1";"1";"1";"1";""
"202100007705";"187Â 981";"B01";"2";"7";"0";"2";"3";"1";"1";""
"202100007705";"187Â 982";"A01";"1";"7";"0";"2";"3";"13";"1";""
"202100007706";"187Â 980";"A01";"2";"2";"14";"0";"0";"1";"1";""
"202100007707";"187Â 979";"A01";"1";"7";"8";"6";"1";"21";"1";""
"202100007708";"187Â 978";"A01";"2";"7";"2";"0";"1";"14";"1";""
"202100007709";"187Â 977";"A01";"1";"2";"0";"0";"0";"1";"1";""
"202100007710";"187Â 975";"B01";"1";"7";"0";"2";"3";"1";"1";""
"202100007710";"187Â 976";"A01";"2";"7";"0";"2";"3";"1";"1";""
"202100007711";"187Â 974";"A01";"2";"7";"6";"1";"3";"4";"2";""
"202100007712";"187Â 972";"B01";"1";"10";"0";"2";"3";"2";"1";""
"202100007712";"187Â 973";"A01";"1";"10";"0";"0";"6";"15";"1";""
"202100007713";"187Â 971";"A01";"1";"7";"13";"0";"9";"1";"1";""
"202100007714";"187Â 970";"A01";"2";"1";"0";"0";"0";"1";"5";""
"202100007715";"187Â 968";"A01";"2";"7";"0";"2";"2";"17";"1";""
"202100007715";"187Â 969";"B01";"2";"7";"3";"2";"3";"1";"1";""
"202100007716";"187Â 967";"A01";"1";"7";"7";"0";"3";"6";"1";""
"202100007717";"187Â 965";"A01";"1";"32";"0";"2";"1";"17";"1";""
"202100007717";"187Â 966";"B01";"1";"7";"0";"2";"6";"15";"1";""
"202100007718";"187Â 963";"B01";"1";"32";"0";"2";"2";"1";"1";""
"202100007718";"187Â 964";"A01";"1";"10";"0";"2";"3";"15";"1";""
"202100007719";"187Â 961";"B01";"2";"30";"0";"2";"1";"1";"1";""
"202100007719";"187Â 962";"A01";"2";"7";"0";"0";"2";"15";"1";""
"202100007720";"187Â 959";"B01";"3";"13";"0";"2";"3";"1";"1";""
"202100007720";"187Â 960";"A01";"3";"7";"0";"2";"1";"13";"1";""
"202100007721";"187Â 958";"A01";"1";"7";"0";"1";"3";"9";"1";""
"202100007722";"187Â 957";"A01";"3";"7";"6";"0";"3";"1";"1";""
"202100007723";"187Â 955";"B01";"2";"14";"0";"2";"3";"0";"1";""
"202100007723";"187Â 956";"A01";"1";"10";"3";"2";"3";"13";"1";""
"202100007724";"187Â 954";"A01";"2";"14";"0";"0";"8";"16";"1";""
"202100007725";"187Â 950";"A01";"2";"7";"0";"2";"3";"15";"1";""
"202100007725";"187Â 951";"D01";"2";"7";"0";"2";"1";"1";"1";""
"202100007725";"187Â 952";"C01";"2";"7";"0";"2";"1";"1";"1";""
"202100007725";"187Â 953";"B01";"1";"7";"0";"2";"8";"1";"1";""
"202100007726";"187Â 949";"A01";"1";"7";"0";"1";"1";"1";"1";""
"202100007727";"187Â 946";"A01";"2";"7";"0";"0";"1";"17";"1";""
"202100007727";"187Â 947";"B01";"1";"7";"0";"0";"1";"1";"1";""
"202100007727";"187Â 948";"C01";"2";"17";"0";"2";"6";"1";"1";""
"202100007728";"187Â 944";"A01";"1";"13";"0";" -1";"5";"17";"6";""
"202100007728";"187Â 945";"B01";"1";"1";"0";"2";"1";"11";"5";""
"202100007729";"187Â 942";"A01";"2";"7";"0";"2";"6";"15";"1";""
"202100007729";"187Â 943";"B01";"2";"33";"0";"2";"1";"17";"1";""
"202100007730";"187Â 940";"B01";"1";"7";"0";"2";"3";"15";"1";""
"202100007730";"187Â 941";"A01";"1";"2";"0";"2";"5";"17";"1";""
"202100007731";"187Â 938";"B01";"2";"7";"3";"0";"4";"1";"1";""
"202100007731";"187Â 939";"A01";"2";"7";"0";"2";"2";"18";"1";""
"202100007732";"187Â 936";"A01";"2";"7";"0";"2";"3";"13";"1";""
"202100007732";"187Â 937";"B01";"1";"7";"0";"2";"3";"1";"1";""
"202100007733";"187Â 935";"A01";"0";"33";"0";"6";"2";"0";"1";""
"202100007734";"187Â 933";"A01";"1";"7";"15";"0";"5";"2";"1";""
"202100007735";"187Â 931";"B01";"0";"37";"0";"2";"3";"0";"1";"2"
"202100007735";"187Â 932";"A01";"2";"7";"0";"2";"4";"0";"1";""
"202100007736";"187Â 929";"A01";"1";"17";"0";"2";"2";"12";"1";""
"202100007736";"187Â 930";"B01";"1";"7";"4";"2";"6";"1";"1";""
"202100007737";"187Â 927";"A01";"1";"7";"0";"2";"1";"2";"1";""
"202100007737";"187Â 928";"B01";"1";"7";"0";"2";"4";"2";"1";""
"202100007738";"187Â 925";"A01";"1";"7";"0";"2";"6";"11";"1";""
"202100007738";"187Â 926";"B01";"2";"33";"0";"2";"2";"3";"1";""
"202100007739";"187Â 924";"A01";"1";"10";"4";"2";"1";"1";"1";""
"202100007740";"187Â 921";"C01";"2";"7";"0";"2";"1";"1";"1";""
"202100007740";"187Â 922";"A01";"2";"13";"0";"2";"2";"2";"1";""
"202100007740";"187Â 923";"B01";"2";"7";"0";"2";"6";"2";"1";""
"202100007741";"187Â 919";"B01";"1";"7";"0";"2";"8";"1";"1";""
"202100007741";"187Â 920";"A01";"1";"13";"0";"2";"2";"14";"1";""
"202100007742";"187Â 918";"A01";"3";"7";"14";"1";"2";"15";"0";""
"202100007743";"187Â 916";"A01";"1";"7";"0";"2";"1";"7";"1";""
"202100007743";"187Â 917";"B01";"2";"50";"0";"2";"4";"1";"3";""
"202100007744";"187Â 915";"A01";"1";"2";"0";"1";"2";"1";"1";""
"202100007745";"187Â 909";"A01";"2";"7";"9";"1";"1";"14";"1";""
"202100007746";"187Â 908";"A01";"3";"31";"0";"1";"1";"15";"1";""
"202100007747";"187Â 906";"B01";"1";"30";"0";"2";"1";"2";"1";""
"202100007747";"187Â 907";"A01";"1";"7";"0";"2";"4";"21";"1";""
"202100007748";"187Â 904";"B01";"2";"1";"0";"2";"6";"1";"5";""
"202100007748";"187Â 905";"A01";"1";"7";"0";"2";"1";"15";"1";""
"202100007749";"187Â 902";"A01";"3";"7";"0";"2";"2";"26";"1";""
"202100007749";"187Â 903";"B01";"3";"7";"0";"2";"6";"26";"1";""
"202100007750";"187Â 900";"B01";"2";"2";"0";"2";"1";"1";"1";""
"202100007750";"187Â 901";"A01";"1";"7";"0";"2";"8";"15";"1";""
"202100007751";"187Â 899";"A01";"1";"7";"0";"1";"0";"0";"0";""
"202100007752";"187Â 897";"B01";"1";"99";"0";"2";"7";"26";"3";""