"Num_Acc";"id_vehicule";"num_veh";"senc";"catv";"obs";"obsm";"choc";"manv";"motor";"occutc"
"202100007752";"187Â 898";"A01";"2";"7";"0";"2";"7";"16";"1";""
"202100007753";"187Â 896";"A01";"3";"7";"0";"1";"0";"1";"1";""
"202100007754";"187Â 895";"A01";"2";"7";"0";"1";"1";"15";"3";""
"202100007755";"187Â 894";"A01";"1";"30";"0";"2";"0";"21";"0";""
"202100007756";"187Â 893";"A01";"1";"7";"0";"9";"1";"16";"1";""
"202100007757";"187Â 892";"A01";"2";"7";"1";"2";"3";"26";"1";""
"202100007758";"187Â 890";"A01";"2";"30";"1";"0";"1";"25";"1";""
"202100007758";"187Â 891";"B01";"2";"7";"0";"2";"3";"22";"1";""
"202100007759";"187Â 889";"A01";"2";"30";"0";"0";"0";"0";"1";""
"202100007760";"187Â 888";"A01";"1";"7";"2";"0";"1";"2";"1";""
"202100007761";"187Â 886";"A01";"1";"7";"0";"2";"2";"9";"1";""
"202100007761";"187Â 887";"B01";"2";"2";"0";"2";"7";"17";"1";""
"202100007762";"187Â 885";"A01";"1";"7";"0";"1";"1";"1";"1";""
"202100007763";"187Â 883";"B01";"3";"50";"0";"2";"0";"19";"3";""
"202100007763";"187Â 884";"A01";"3";"7";"0";"2";"0";"1";"1";""
"202100007764";"187Â 881";"A01";"1";"10";"0";"2";"1";"2";"1";""
"202100007764";"187Â 882";"B01";"1";"7";"0";"2";"4";"2";"1";""
"202100007765";"187Â 879";"A01";"2";"7";"0";"2";"2";"15";"1";""
"202100007765";"187Â 880";"B01";"1";"2";"0";"2";"1";"1";"1";""
"202100007766";"187Â 876";"A01";"1";"7";"0";"2";"1";"2";"1";""
"202100007766";"187Â 877";"B01";"1";"7";"0";"2";"4";"2";"1";""
"202100007766";"187Â 878";"C01";"1";"7";"0";"2";"4";"0";"1";""
"202100007767";"187Â 873";"A01";"1";"10";"0";"1";"1";"1";"1";""
"202100007768";"187Â 867";"A01";"1";"7";"0";"2";"3";"15";"1";""
"202100007768";"187Â 868";"B01";"2";"31";"0";"2";"1";"1";"1";""
"202100007769";"187Â 865";"A01";"2";"1";"0";"2";"2";"15";"5";""
"202100007769";"187Â 866";"B01";"2";"7";"0";"2";"3";"9";"1";""
"202100007770";"187Â 863";"B01";"1";"33";"0";"2";"2";"2";"1";""
"202100007770";"187Â 864";"A01";"1";"7";"0";"2";"1";"9";"1";""
"202100007771";"187Â 861";"B01";"2";"50";"0";"0";"5";"19";"3";""
"202100007771";"187Â 862";"A01";"2";"33";"0";"9";"1";"1";"1";""
"202100007772";"187Â 858";"B01";"0";"7";"0";"2";"4";"1";"1";""
"202100007772";"187Â 859";"A01";"0";"7";"0";"2";"1";"0";"1";""
"202100007772";"187Â 860";"C01";"0";"7";"0";"2";"4";"1";"1";""
"202100007773";"187Â 856";"A01";"0";"7";"0";"2";"3";"9";"1";""
"202100007773";"187Â 857";"B01";"0";"33";"0";"2";"7";"9";"1";""
"202100007774";"187Â 854";"A01";"2";"7";"0";"2";"3";"13";"1";""
"202100007774";"187Â 855";"B01";"1";"7";"0";"2";"3";"1";"1";""
"202100007775";"187Â 853";"A01";"1";"7";"0";"1";"3";"15";"1";""
"202100007776";"187Â 851";"B01";"1";"1";"0";"2";"0";"5";" -1";""
"202100007776";"187Â 852";"A01";"3";"7";"0";"2";"1";"9";"1";""
"202100007777";"187Â 850";"A01";"3";"7";"0";"1";"3";"0";"0";""
"202100007778";"187Â 848";"B01";"1";"7";"0";"2";"3";"0";"1";""
"202100007778";"187Â 849";"A01";"2";"2";"0";"2";"6";"15";"1";""
"202100007779";"187Â 845";"A01";"2";"1";"0";"2";"5";"15";"5";""
"202100007779";"187Â 846";"B01";"2";"7";"0";"2";"2";"1";"1";""
"202100007780";"187Â 843";"A01";"0";"7";"0";"2";"1";"1";"1";""
"202100007780";"187Â 844";"B01";"0";"7";"0";"2";"1";"1";"1";""
"202100007781";"187Â 842";"A01";"2";"7";"0";"1";"1";"15";"2";""
"202100007782";"187Â 840";"B01";"3";"7";"0";"2";"1";"1";"1";""
"202100007782";"187Â 841";"A01";"3";"7";"0";"2";"1";"2";"1";""
"202100007783";"187Â 838";"B01";"1";"7";"0";"0";"0";"0";"1";""
"202100007783";"187Â 839";"A01";"1";"33";"0";"0";"0";"12";"1";""
"202100007784";"187Â 836";"A01";"2";"7";"0";"9";"1";"26";"1";""
"202100007784";"187Â 837";"B01";"1";"50";"0";"2";"7";"26";"3";""
"202100007785";"187Â 833";"B01";"1";"7";"0";"2";"4";"2";"1";""
"202100007785";"187Â 834";"A01";"1";"7";"0";"2";"1";"2";"2";""
"202100007785";"187Â 835";"C01";"1";"7";"0";"2";"4";"2";"1";""
"202100007786";"187Â 831";"B01";"2";"7";"0";"2";"0";"0";"1";""
"202100007786";"187Â 832";"A01";"1";"30";"0";"2";"1";"1";"1";""
"202100007787";"187Â 830";"A01";"1";"7";"1";"0";"1";"14";"1";""
"202100007788";"187Â 829";"A01";"1";"2";"0";"1";"1";"25";"1";""
"202100007789";"187Â 827";"B01";"2";"7";"0";"2";"1";"1";"1";""
"202100007789";"187Â 828";"A01";"1";"50";"0";"2";"2";"19";"3";""
"202100007790";"187Â 826";"A01";"1";"7";"2";"0";"3";"1";"1";""
"202100007791";"187Â 824";"B01";"0";"7";"0";"2";"8";"0";"1";""
"202100007791";"187Â 825";"A01";"0";"30";"0";"2";"1";"17";"1";""
"202100007792";"187Â 822";"B01";"2";"7";"0";"2";"4";"1";"1";""
"202100007792";"187Â 823";"A01";"2";"30";"0";"2";"1";"1";"1";""
"202100007793";"187Â 820";"B01";"1";"80";"0";"2";"8";"6";"3";""
"202100007793";"187Â 821";"A01";"1";"7";"0";"9";"8";"12";"1";""
"202100007794";"187Â 819";"A01";"2";"50";"0";"1";"1";"1";"3";""
"202100007795";"187Â 818";"A01";"2";"7";"0";"1";"3";"1";"1";""
"202100007796";"187Â 817";"A01";"1";"7";"0";"1";"1";"15";"1";""
"202100007797";"187Â 813";"B01";"1";"7";"0";"1";"6";"1";"1";""
"202100007797";"187Â 814";"A01";"1";"7";"0";"2";"6";"2";"1";""
"202100007798";"187Â 808";"B01";"2";"7";"0";"2";"4";"1";"1";""
"202100007798";"187Â 809";"A01";"2";"7";"0";"2";"1";"2";"1";""
"202100007799";"187Â 806";"A01";"1";"7";"0";"2";"1";"9";"1";""
"202100007799";"187Â 807";"B01";"1";"1";"0";"2";"7";"1";"5";""
"202100007800";"187Â 804";"A01";"1";"7";"0";"2";"2";"1";"1";""
"202100007800";"187Â 805";"B01";"2";"50";"0";"2";"1";"5";"3";""
"202100007801";"187Â 803";"A01";"3";"1";"0";"0";"0";"0";"5";""
"202100007802";"187Â 801";"B01";"1";"7";"0";"2";"8";"1";"2";""
"202100007802";"187Â 802";"A01";"1";"7";"0";"2";"3";"1";"1";""
"202100007803";"187Â 799";"A01";"1";"7";"0";"9";"1";"1";"1";""
"202100007803";"187Â 800";"B01";"1";"50";"0";"2";"8";"1";"3";""
"202100007804";"187Â 797";"A01";"1";"7";"0";"2";"8";"1";"1";""
"202100007804";"187Â 798";"B01";"1";"7";"0";"2";"2";"1";"1";""
"202100007805";"187Â 795";"A01";"1";"10";"0";"2";"3";"15";"1";""
"202100007805";"187Â 796";"B01";"1";"7";"0";"2";"2";"1";"1";""
"202100007806";"187Â 793";"B01";"2";"7";"0";"2";"3";"1";"1";""
"202100007806";"187Â 794";"A01";"1";"7";"0";"2";"1";"1";"1";""
"202100007807";"187Â 792";"A01";"1";"7";"0";"1";"2";"1";"1";""
"202100007808";"187Â 790";"A01";"2";"7";"0";"2";"7";"14";"1";""
"202100007808";"187Â 791";"B01";"2";"33";"0";"2";"8";"1";"1";""
"202100007809";"187Â 788";"B01";"1";"2";"0";"2";"1";"1";"1";""
"202100007809";"187Â 789";"A01";"1";"7";"0";"2";"2";"10";"1";""
"202100007810";"187Â 786";"A01";"1";"7";"0";"2";"1";"1";"1";""
"202100007810";"187Â 787";"B01";"2";"7";"0";"2";"1";"1";"1";""
"202100007811";"187Â 785";"A01";"1";"7";"0";"1";"0";"26";"1";""
"202100007812";"187Â 782";"C01";"1";"7";"0";"2";"1";"1";"1";""
"202100007812";"187Â 783";"B01";"1";"7";"0";"2";"1";"11";"1";""
"202100007812";"187Â 784";"A01";"1";"7";"0";"2";"4";"13";"1";""
"202100007813";"187Â 781";"A01";"1";"7";"0";"1";"2";"1";"1";""
"202100007814";"187Â 779";"A01";"0";"7";"0";"9";"2";"22";"1";""
"202100007814";"187Â 780";"B01";"0";"1";"0";"9";"1";"0";"5";""
"202100007815";"187Â 777";"A01";"0";"7";"0";"2";"3";"15";"1";""
"202100007815";"187Â 778";"B01";"2";"1";"0";"2";"8";"1";"0";""
"202100007816";"187Â 774";"B01";"2";"7";"0";"2";"4";"1";"1";""
"202100007816";"187Â 775";"C01";"2";"7";"0";"2";"4";"1";"1";""
"202100007816";"187Â 776";"A01";"2";"7";"0";"2";"1";"1";"1";""
"202100007817";"187Â 773";"A01";"2";"7";"0";"1";"2";"19";"1";""
"202100007818";"187Â 771";"B01";"3";"7";"0";"2";"2";"16";"1";""
"202100007818";"187Â 772";"A01";"1";"1";"0";"2";"4";"1";"5";""
"202100007819";"187Â 769";"A01";"3";"7";"0";"2";"3";"20";"1";""
"202100007819";"187Â 770";"B01";"1";"7";"0";"2";"2";"1";"1";""
"202100007820";"187Â 767";"B01";"3";"7";"0";"2";"6";"9";"1";""
"202100007820";"187Â 768";"A01";"1";"7";"0";"2";"1";"1";"1";""
"202100007821";"187Â 766";"A01";"3";"7";"6";"0";"1";"16";"1";""
"202100007822";"187Â 764";"A01";"1";"10";"0";"2";"1";"1";"1";""
"202100007822";"187Â 765";"B01";"1";"7";"0";"2";"4";"1";"1";""
"202100007823";"187Â 762";"A01";"0";"7";"0";"0";"0";"0";"1";""
"202100007823";"187Â 763";"B01";"0";"2";"0";"0";"0";"0";"0";""
"202100007824";"187Â 760";"B01";"0";"7";"0";"2";"8";"1";"1";""
"202100007824";"187Â 761";"A01";"0";"7";"0";"2";"1";"9";"1";""
"202100007825";"187Â 758";"B01";"0";"7";"0";"2";"4";"1";"1";""
"202100007825";"187Â 759";"A01";"0";"7";"0";"2";"1";"1";"1";""
"202100007826";"187Â 754";"D01";"0";"7";"0";"2";"4";"1";"1";""
"202100007826";"187Â 755";"C01";"0";"7";"0";"2";"1";"1";"1";""
"202100007826";"187Â 756";"B01";"0";"10";"0";"2";"1";"1";"1";""
"202100007826";"187Â 757";"A01";"0";"7";"0";"2";"1";"1";"1";""
"202100007827";"187Â 750";"A01";"1";"7";"0";"2";"1";"2";"1";""
"202100007827";"187Â 751";"B01";"1";"7";"0";"2";"4";"2";"1";""
"202100007828";"187Â 746";"B01";"2";"7";"1";"2";"3";"1";"1";""
"202100007828";"187Â 747";"A01";"1";"7";"0";"2";"3";"13";"1";""
"202100007829";"187Â 744";"A01";"1";"7";"0";"2";"2";"1";"1";""
"202100007829";"187Â 745";"Z01";"2";"7";"0";"2";"0";"15";"1";""
"202100007830";"187Â 742";"B01";"2";"7";"0";"2";"8";"24";"1";""
"202100007830";"187Â 743";"A01";"2";"7";"1";"0";"7";"14";"2";""
"202100007831";"187Â 740";"A01";"1";"7";"0";"2";"3";"15";"1";""
"202100007831";"187Â 741";"B01";"2";"33";"0";"2";"1";"1";"1";""
"202100007832";"187Â 738";"B01";"3";"7";"12";"2";"2";"1";"1";""
"202100007832";"187Â 739";"A01";"3";"7";"0";"2";"3";"19";"1";""
"202100007833";"187Â 736";"A01";"2";"7";"0";"2";"7";"15";"1";""
"202100007833";"187Â 737";"B01";"1";"33";"0";"2";"1";"14";"1";""
"202100007834";"187Â 735";"A01";"1";"7";"0";"1";"1";"1";"1";""
"202100007835";"187Â 733";"A01";"1";"7";"6";"2";"3";"13";"1";""
"202100007835";"187Â 734";"B01";"2";"7";"0";"2";"8";"1";"1";""
"202100007836";"187Â 731";"A01";"1";"7";"6";"2";"2";"17";"1";""
"202100007836";"187Â 732";"B01";"1";"7";"0";"2";"6";"17";"1";""
"202100007837";"187Â 729";"B01";"2";"7";"0";"2";"1";"2";"1";""
"202100007837";"187Â 730";"A01";"2";"7";"0";"1";"4";"2";"1";""
"202100007838";"187Â 727";"B01";"1";"7";"0";"2";"4";"23";"1";""
"202100007838";"187Â 728";"A01";"1";"7";"0";"2";"1";"1";"1";""
"202100007839";"187Â 725";"B01";"1";"1";"0";"2";"0";"0";"0";""
"202100007839";"187Â 726";"A01";"1";"7";"0";"9";"0";"0";"1";""
"202100007840";"187Â 723";"A01";"1";"7";"0";"2";"3";"15";"1";""
"202100007840";"187Â 724";"B01";"1";"1";"0";"2";"1";"1";"0";""
"202100007841";"187Â 721";"A01";"2";"30";"0";"2";"2";"16";"1";""
"202100007841";"187Â 722";"B01";"2";"7";"0";"2";"8";"1";"1";""
"202100007842";"187Â 720";"A01";"3";"7";"2";"0";"1";"0";"1";""
"202100007843";"187Â 718";"A01";"2";"7";"0";"2";"8";"11";"1";""
"202100007843";"187Â 719";"B01";"2";"14";"0";"2";"2";"1";"1";""
"202100007844";"187Â 716";"B01";"1";"7";"0";"2";"4";"2";"2";""
"202100007844";"187Â 717";"A01";"1";"10";"0";"2";"1";"2";"1";""
"202100007845";"187Â 714";"A01";"2";"32";"0";"2";"2";"3";"1";""
"202100007845";"187Â 715";"B01";"2";"7";"0";"2";"8";"11";"1";""
"202100007846";"187Â 711";"C01";"1";"7";"0";"2";"0";"2";"1";""
"202100007846";"187Â 712";"B01";"1";"10";"0";"2";"0";"2";"1";""
"202100007846";"187Â 713";"A01";"1";"33";"0";"2";"8";"3";"1";""
"202100007847";"187Â 710";"Z01";"3";"10";"0";"1";"1";"16";"0";""
"202100007848";"187Â 708";"B01";"1";"7";"0";"2";"3";"15";"2";""
"202100007848";"187Â 709";"A01";"1";"50";"0";"2";"3";"1";"3";""
"202100007849";"187Â 706";"A01";"2";"43";"0";"2";"2";"17";"1";""
"202100007849";"187Â 707";"B01";"2";"7";"0";"2";"3";"15";"1";""
"202100007850";"187Â 704";"B01";"1";"30";"0";"2";"8";"1";"1";""
"202100007850";"187Â 705";"A01";"1";"50";"0";"2";"7";"12";"3";""
"202100007851";"187Â 702";"A01";"1";"7";"0";"2";"2";"16";"1";""
"202100007851";"187Â 703";"B01";"1";"60";"0";"2";"1";"19";"5";""
"202100007852";"187Â 700";"A01";"1";"7";"0";"2";"8";"1";"1";""
"202100007852";"187Â 701";"Z01";"1";"7";"0";"2";"7";"12";"1";""
"202100007853";"187Â 699";"A01";"2";"31";"0";"1";"1";"1";"1";""
"202100007854";"187Â 697";"A01";"1";"31";"0";"2";"2";"2";"1";""
"202100007854";"187Â 698";"Z01";"1";"7";"0";"2";"4";"23";"1";""
"202100007855";"187Â 696";"A01";"1";"30";"0";"1";"2";"1";"1";""
"202100007856";"187Â 694";"A01";"2";"32";"0";"2";"1";"2";"1";""
"202100007856";"187Â 695";"B01";"2";"32";"0";"2";"4";"2";"1";""
"202100007857";"187Â 692";"A01";"1";"7";"0";"2";"2";"15";"1";""
"202100007857";"187Â 693";"B01";"2";"33";"0";"2";"1";"1";"1";""
"202100007858";"187Â 691";"A01";"1";"7";"11";"0";"3";"13";"1";""
"202100007859";"187Â 690";"A01";"2";"7";"0";"1";"3";"1";"1";""
"202100007860";"187Â 688";"A01";"1";"30";"0";"2";"1";"2";"1";""
"202100007860";"187Â 689";"B01";"1";"7";"0";"2";"5";"2";"1";""
"202100007861";"187Â 686";"A01";"3";"7";"8";"2";"3";"1";"1";""
"202100007861";"187Â 687";"B01";"3";"7";"0";"2";"8";"24";"1";""
"202100007862";"187Â 685";"A01";"1";"10";"0";"1";"4";"20";"3";""
"202100007863";"187Â 683";"B01";"1";"7";"0";"2";"1";"2";"1";""
"202100007863";"187Â 684";"A01";"1";"7";"0";"2";"4";"1";"2";""
"202100007864";"187Â 682";"A01";"1";"7";"0";"1";"1";"15";"0";""
"202100007865";"187Â 680";"B01";"1";"7";"0";"2";"5";"0";"1";""
"202100007865";"187Â 681";"A01";"2";"31";"0";"2";"1";"18";"3";""
"202100007866";"187Â 679";"A01";"2";"2";"0";"1";"1";"26";"1";""
"202100007867";"187Â 678";"A01";" -1";"7";"9";"0";"1";"26";"1";""
"202100007868";"187Â 676";"A01";"2";"32";"0";"2";"1";"2";"1";""
"202100007868";"187Â 677";"B01";"2";"33";"0";"0";"4";"26";"1";""
"202100007869";"187Â 674";"A01";"2";"7";"0";"2";"0";"0";"0";""
"202100007869";"187Â 675";"B01";"1";"2";"0";"2";"0";"0";"0";""
"202100007870";"187Â 673";"A01";"0";"30";"0";"1";"0";"1";"1";""
"202100007871";"187Â 671";"A01";"1";"7";"0";"2";"3";"9";"1";""
"202100007871";"187Â 672";"B01";"2";"15";"0";"2";"2";"2";"1";""
"202100007872";"187Â 669";"A01";"1";"32";"0";"2";"1";"1";"1";""
"202100007872";"187Â 670";"B01";"2";"7";"0";"2";"1";"15";"1";""
"202100007873";"187Â 667";"A01";"1";"10";"0";"2";"3";"1";"1";""
"202100007873";"187Â 668";"B01";"0";"7";"0";"2";"1";"9";"1";""
"202100007874";"187Â 666";"A01";"3";"7";"0";"1";"3";"26";"1";""
"202100007875";"187Â 665";"A01";"1";"34";"2";"0";"0";"0";"1";""
"202100007876";"187Â 663";"A01";"2";"7";"0";"2";"2";"15";"1";""
"202100007876";"187Â 664";"B01";"1";"43";"0";"2";"1";"1";"1";""
"202100007877";"187Â 661";"A01";"1";"7";"0";"2";"4";"1";"1";""
"202100007877";"187Â 662";"B01";"1";"37";"0";"2";"4";"2";"2";"1"
"202100007878";"187Â 660";"A01";"2";"33";"12";"0";"1";"0";"1";""
"202100007879";"187Â 658";"B01";"2";"7";"0";"2";"8";"1";"1";""
"202100007879";"187Â 659";"A01";"1";"7";"0";"2";"1";"15";"1";""
"202100007880";"187Â 655";"C01";"2";"7";"0";"0";"8";"1";"1";""
"202100007880";"187Â 656";"B01";"2";"7";"0";"0";"1";"1";"1";""
"202100007880";"187Â 657";"A01";"1";"7";"0";"0";"1";"13";"1";""
"202100007881";"187Â 654";"A01";"2";"43";"8";"0";"1";"14";"1";""
"202100007882";"187Â 652";"B01";"2";"7";"0";"2";"5";"2";"1";""
"202100007882";"187Â 653";"A01";"2";"7";"0";"2";"6";"1";"1";""
"202100007883";"187Â 649";"C01";"2";"10";"0";"2";"1";"1";"1";""
"202100007883";"187Â 650";"A01";"1";"7";"8";"2";"2";"19";"1";""
"202100007883";"187Â 651";"B01";"2";"7";"0";"2";"3";"23";"1";""
"202100007884";"187Â 647";"B01";"2";"7";"0";"2";"1";"0";"1";""
"202100007884";"187Â 648";"A01";"1";"7";"0";"2";"2";"13";"1";""
"202100007885";"187Â 645";"B01";"2";"1";"0";"2";"7";"0";"5";""
"202100007885";"187Â 646";"A01";"1";"7";"0";"0";"2";"19";"1";""
"202100007886";"187Â 643";"B01";"3";"7";"0";"2";"1";"26";"1";""
"202100007886";"187Â 644";"A01";"3";"2";"0";"2";"3";"1";"1";""
"202100007887";"187Â 641";"B01";"1";"33";"0";"2";"0";"1";"1";""
"202100007887";"187Â 642";"A01";"0";"7";"0";"2";"6";"10";"1";""
"202100007888";"187Â 640";"A01";"1";"16";"13";"0";"1";"14";"1";""
"202100007889";"187Â 638";"A01";"1";"7";"0";"2";"1";"1";"1";""
"202100007889";"187Â 639";"B01";"2";"3";"0";"2";"1";"1";"1";""
"202100007890";"187Â 636";"A01";"2";"13";"0";"2";"2";"9";"1";""
"202100007890";"187Â 637";"B01";"2";"7";"0";"2";"5";"15";"1";""
"202100007891";"187Â 635";"A01";"1";"7";"2";"6";"9";"1";"1";""
"202100007892";"187Â 634";"A01";"1";"3";"2";"0";"1";"0";"0";""
"202100007893";"187Â 631";"B01";"1";"7";"0";"2";"0";"2";"0";""
"202100007893";"187Â 632";"A01";"1";"7";"2";"0";"3";"17";"1";""
"202100007894";"187Â 627";"B01";"1";"33";"0";"2";"1";"1";"1";""
"202100007894";"187Â 628";"A01";"2";"7";"0";"2";"2";"15";"1";""
"202100007895";"187Â 624";"C01";"1";"13";"0";"2";"6";"1";"1";""
"202100007895";"187Â 625";"B01";"2";"13";"0";"2";"1";"1";"1";""
"202100007895";"187Â 626";"A01";"1";"7";"0";"2";"1";"17";"1";""
"202100007896";"187Â 622";"A01";"2";"7";"0";"2";"1";"1";"1";""
"202100007896";"187Â 623";"B01";"3";"7";"13";"0";"8";"19";"1";""
"202100007897";"187Â 621";"A01";"1";"31";"1";"0";"1";"0";"1";""
"202100007898";"187Â 620";"A01";"2";"7";"13";"0";"1";"14";"1";""
"202100007899";"187Â 619";"A01";"1";"7";"0";"1";"2";"15";"1";""
"202100007900";"187Â 618";"A01";"3";"7";"8";"0";"8";"1";"1";""
"202100007901";"187Â 616";"A01";"1";"7";"0";"0";"3";"0";"1";""
"202100007901";"187Â 617";"B01";"2";"7";"0";"2";"3";"0";"1";""
"202100007902";"187Â 615";"A01";"3";"7";"0";"1";"2";"1";"1";""
"202100007903";"187Â 613";"B01";"2";"7";"0";"2";"1";"0";"1";""
"202100007903";"187Â 614";"A01";"1";"7";"0";"2";"1";"5";"1";""
"202100007904";"187Â 611";"A01";"2";"7";"0";"2";"5";"15";"1";""
"202100007904";"187Â 612";"B01";"1";"33";"0";"2";"1";"1";"1";""
"202100007905";"187Â 608";"A01";"1";"10";"0";"2";"3";"2";"1";""
"202100007905";"187Â 609";"B01";"1";"7";"0";"2";"4";"23";"1";""
"202100007905";"187Â 610";"C01";"2";"7";"0";"2";"8";"1";"1";""
"202100007906";"187Â 606";"B01";"1";"14";"0";"0";"4";"9";"6";""
"202100007906";"187Â 607";"A01";"1";"7";"0";"2";"1";"13";"1";""
"202100007907";"187Â 605";"A01";"1";"10";"8";"0";"1";"1";"1";""
"202100007908";"187Â 603";"B01";"3";"34";"0";"0";"1";"1";"1";""
"202100007908";"187Â 604";"A01";"3";"7";"0";"0";"3";"15";"1";""
"202100007909";"187Â 602";"A01";"2";"36";"15";"0";"3";"1";"1";""
"202100007910";"187Â 600";"B01";"1";"15";"0";"2";"1";"2";"1";""
"202100007910";"187Â 601";"A01";"1";"7";"0";"2";"4";"0";"1";""
"202100007911";"187Â 599";"A01";"2";"10";"0";"1";"8";"1";"1";""
"202100007912";"187Â 597";"A01";"1";"7";"0";"2";"3";"17";"1";""
"202100007912";"187Â 598";"B01";"2";"33";"0";"2";"1";"1";"1";""
"202100007913";"187Â 596";"A01";"1";"7";"0";"1";"2";"17";"1";""
"202100007914";"187Â 594";"B01";"2";"7";"0";"2";"3";"9";"1";""
"202100007914";"187Â 595";"A01";"1";"33";"0";"2";"1";"1";"1";""
"202100007915";"187Â 592";"A01";"1";"7";"0";"2";"1";"15";"1";""
"202100007915";"187Â 593";"B01";"2";"32";"0";"2";"8";"1";"1";""
"202100007916";"187Â 591";"A01";"2";"7";"2";"0";"2";"1";"1";""
"202100007917";"187Â 590";"A01";"3";"33";"9";"0";"0";"17";"1";""
"202100007918";"187Â 589";"A01";"2";"7";"16";"0";"0";"1";"1";""
"202100007919";"187Â 587";"A01";"1";"7";"0";"2";"6";"16";"1";""
"202100007919";"187Â 588";"B01";"1";"7";"0";"2";"2";"1";"1";""
"202100007920";"187Â 585";"A01";"2";"7";"0";"2";"8";"15";"1";""
"202100007920";"187Â 586";"B01";"2";"33";"0";"2";"1";"17";"1";""
"202100007921";"187Â 584";"A01";"1";"7";"0";"1";"1";"1";"1";""
"202100007922";"187Â 582";"A01";"2";"10";"0";"2";"2";"15";"1";""
"202100007922";"187Â 583";"B01";"1";"33";"0";"2";"7";"1";"1";""
"202100007923";"187Â 581";"A01";"0";"7";"0";"1";"2";"1";"1";""
"202100007924";"187Â 579";"B01";"2";"7";"0";"2";"1";"1";"1";""
"202100007924";"187Â 580";"A01";"1";"7";"0";"2";"1";"13";"1";""
"202100007925";"187Â 574";"B01";"2";"1";"0";"2";"1";"1";"5";""
"202100007925";"187Â 575";"E01";"2";"1";"0";"2";"1";"1";"5";""
"202100007925";"187Â 576";"D01";"2";"1";"0";"2";"1";"1";"5";""
"202100007925";"187Â 577";"C01";"2";"1";"0";"2";"1";"1";"5";""
"202100007925";"187Â 578";"A01";"1";"7";"0";"2";"2";"15";"1";""
"202100007926";"187Â 572";"A01";"3";"7";"0";"0";"2";"17";"2";""
"202100007926";"187Â 573";"B01";"3";"30";"0";"0";"8";"13";"1";""
"202100007927";"187Â 570";"B01";"3";"7";"0";"2";"6";"15";"1";""
"202100007927";"187Â 571";"A01";"3";"7";"0";"2";"3";"1";"1";""
"202100007928";"187Â 569";"A01";"3";"7";"0";"0";"1";"1";"1";""
"202100007929";"187Â 567";"A01";"1";"7";"0";"0";"0";"26";"1";""
"202100007929";"187Â 568";"B01";"2";"31";"0";"2";"1";"26";"1";""
"202100007930";"187Â 565";"B01";"2";"7";"0";"2";"1";"1";"1";""
"202100007930";"187Â 566";"A01";"2";"7";"6";"2";"4";"1";"1";""
"202100007931";"187Â 563";"B01";"1";"7";"0";"2";"1";"2";"1";""
"202100007931";"187Â 564";"A01";"1";"10";"0";"2";"4";"2";"1";""
"202100007932";"187Â 562";"A01";"1";"7";"4";"0";"1";"16";"1";""
"202100007933";"187Â 561";"A01";"1";"7";"4";"0";"9";"13";"1";""
"202100007934";"187Â 559";"B01";"1";"7";"0";"2";"4";"1";"1";""
"202100007934";"187Â 560";"A01";"1";"7";"0";"2";"1";"2";"1";""
"202100007935";"187Â 557";"B01";"1";"7";"0";"2";"4";"1";"1";""
"202100007935";"187Â 558";"Z01";"1";"7";"0";"2";"1";"2";"1";""
"202100007936";"187Â 555";"B01";"2";"10";"0";"2";"5";"2";"1";""
"202100007936";"187Â 556";"A01";"2";"7";"0";"2";"5";"2";"1";""
"202100007937";"187Â 553";"B01";"2";"33";"0";"2";"1";"2";"1";""
"202100007937";"187Â 554";"A01";"2";"10";"0";"2";"3";"2";"1";""
"202100007938";"187Â 551";"B01";"1";"7";"0";"2";"6";"1";"1";""
"202100007938";"187Â 552";"A01";"1";"14";"0";"2";"2";"12";"1";""
"202100007939";"187Â 550";"A01";"2";"10";"3";"0";"1";"2";"1";""
"202100007940";"187Â 548";"B01";"1";"7";"0";"2";"8";"1";"1";""
"202100007940";"187Â 549";"A01";"1";"15";"0";"2";"2";"12";"1";""
"202100007941";"187Â 546";"A01";"2";"7";"0";"2";"3";"2";"1";""
"202100007941";"187Â 547";"B01";"2";"31";"0";"2";"5";"9";"1";""
"202100007942";"187Â 543";"A01";"2";"17";"0";"2";"3";"13";"1";""
"202100007942";"187Â 544";"B01";"2";"33";"0";"2";"7";"0";"1";""
"202100007942";"187Â 545";"C01";"2";"33";"0";"2";"7";"0";"1";""
"202100007943";"187Â 541";"B01";"2";"33";"0";"2";"8";"11";"1";""
"202100007943";"187Â 542";"A01";"2";"7";"0";"2";"5";"1";"1";""
"202100007944";"187Â 539";"B01";"2";"10";"0";"2";"5";"23";"1";""
"202100007944";"187Â 540";"A01";"2";"7";"0";"2";"1";"9";"1";""
"202100007945";"187Â 538";"A01";"2";"33";"0";"0";"8";"15";"1";""
"202100007946";"187Â 531";"G01";"1";"7";"0";"2";"1";"1";"2";""
"202100007946";"187Â 532";"F01";"1";"7";"0";"2";"4";"1";"1";""
"202100007946";"187Â 533";"E01";"1";"7";"0";"2";"0";"0";"1";""
"202100007946";"187Â 534";"D01";"1";"7";"0";"2";"4";"1";"1";""
"202100007946";"187Â 535";"C01";"1";"7";"0";"2";"1";"2";"1";""
"202100007946";"187Â 536";"B01";"1";"7";"0";"2";"4";"23";"1";""
"202100007946";"187Â 537";"A01";"1";"10";"0";"2";"1";"9";"1";""