"Num_Acc";"id_vehicule";"num_veh";"senc";"catv";"obs";"obsm";"choc";"manv";"motor";"occutc"
"202100007947";"187Â 528";"A01";"1";"33";"0";"2";"3";"3";"1";""
"202100007947";"187Â 529";"B01";"1";"7";"0";"2";"2";"12";"1";""
"202100007947";"187Â 530";"C01";"1";"7";"0";"2";"8";"1";"1";""
"202100007948";"187Â 525";"C01";"1";"7";"0";"2";"4";"2";"1";""
"202100007948";"187Â 526";"B01";"1";"10";"0";"2";"4";"2";"1";""
"202100007948";"187Â 527";"A01";"1";"14";"0";"2";"1";"2";"1";""
"202100007949";"187Â 523";"A01";"1";"34";"0";"2";"4";"2";"1";""
"202100007949";"187Â 524";"B01";"1";"34";"0";"0";"1";"2";"1";""
"202100007950";"187Â 521";"B01";"1";"33";"0";"2";"1";"3";"1";""
"202100007950";"187Â 522";"A01";"1";"7";"0";"2";"8";"13";"1";""
"202100007951";"187Â 518";"A01";"2";"7";"0";"2";"4";"23";"1";""
"202100007951";"187Â 519";"C01";"2";"7";"0";"2";"1";"2";"0";""
"202100007951";"187Â 520";"B01";"2";"7";"0";"2";"4";"23";"1";""
"202100007952";"187Â 516";"A01";"2";"7";"0";"2";"6";"11";"1";""
"202100007952";"187Â 517";"B01";"2";"15";"0";"2";"2";"1";"1";""
"202100007953";"187Â 514";"A01";"1";"7";"0";"2";"4";"1";"1";""
"202100007953";"187Â 515";"B01";"1";"7";"0";"2";"2";"14";"1";""
"202100007954";"187Â 512";"B01";"2";"33";"0";"2";"7";"3";"1";""
"202100007954";"187Â 513";"A01";"2";"7";"0";"2";"8";"11";"1";""
"202100007955";"187Â 510";"B01";"1";"31";"0";"2";"1";"3";"1";""
"202100007955";"187Â 511";"A01";"1";"7";"0";"2";"6";"11";"1";""
"202100007956";"187Â 509";"A01";"2";"7";"0";"0";"0";"21";"1";""
"202100007957";"187Â 508";"A01";"3";"7";"0";"1";"8";"1";"1";""
"202100007958";"187Â 506";"A01";"3";"13";"0";"2";"2";"1";"1";""
"202100007958";"187Â 507";"B01";"3";"7";"0";"2";"4";"1";"1";""
"202100007959";"187Â 503";"A01";"3";"7";"0";"2";"1";"26";"1";""
"202100007959";"187Â 504";"B01";"3";"7";"0";"2";"4";"0";"1";""
"202100007959";"187Â 505";"C01";"3";"7";"0";"2";"4";"0";"1";""
"202100007960";"187Â 502";"A01";"1";"7";"0";"1";"1";"1";"1";""
"202100007961";"187Â 500";"A01";"2";"7";"0";"2";"2";"15";"1";""
"202100007961";"187Â 501";"B01";"1";"1";"0";"2";"1";"1";"5";""
"202100007962";"187Â 496";"B01";"1";"2";"0";"2";"8";"15";"1";""
"202100007962";"187Â 497";"A01";"1";"7";"0";"2";"1";"17";"1";""
"202100007963";"187Â 494";"A01";"3";"1";"0";"2";"1";"1";"5";""
"202100007963";"187Â 495";"B01";"3";"7";"0";"2";"0";"1";"1";""
"202100007964";"187Â 493";"B01";"2";"33";"0";"4";"1";"1";"1";""
"202100007965";"187Â 491";"A01";"1";"7";"0";"9";"5";"14";"1";""
"202100007965";"187Â 492";"B01";"1";"1";"0";"2";"8";"1";"0";""
"202100007966";"187Â 489";"B01";"2";"2";"0";"2";"1";"1";"1";""
"202100007966";"187Â 490";"A01";"1";"7";"0";"2";"3";"9";"1";""
"202100007967";"187Â 488";"A01";"2";"50";"0";"1";"1";"1";"3";""
"202100007968";"187Â 487";"A01";"0";"1";"0";"9";"1";"0";"5";""
"202100007969";"187Â 486";"A01";"2";"33";"5";"0";"0";"0";"0";""
"202100007970";"187Â 485";"A01";"2";"7";"8";"0";"1";"21";"1";""
"202100007971";"187Â 483";"A01";"2";"30";"0";"2";"1";"0";"1";""
"202100007971";"187Â 484";"B01";"3";"7";"0";"2";"1";"15";"1";""
"202100007972";"187Â 482";"A01";"3";"7";"9";"1";"2";"15";"1";""
"202100007973";"187Â 480";"A01";"2";"7";"0";"2";"3";"1";"1";""
"202100007973";"187Â 481";"B01";"1";"37";"0";"2";"2";"1";"1";"3"
"202100007974";"187Â 478";"B01";"1";"33";"0";"2";"1";"17";"1";""
"202100007974";"187Â 479";"A01";"2";"7";"0";"2";"8";"15";"1";""
"202100007975";"187Â 476";"B01";"2";"7";"0";"2";"3";"1";"1";""
"202100007975";"187Â 477";"A01";"1";"33";"0";"2";"1";"19";"1";""
"202100007976";"187Â 474";"B01";"1";"7";"0";"2";"1";"1";"1";""
"202100007976";"187Â 475";"A01";"1";"7";"0";"2";"1";"15";"1";""
"202100007977";"187Â 473";"A01";"3";"7";"14";"1";"1";"1";"1";""
"202100007978";"187Â 472";"A01";"3";"7";"11";"0";"9";"21";"1";""
"202100007979";"187Â 470";"A01";"3";"7";"0";"2";"2";"15";"2";""
"202100007979";"187Â 471";"B01";"3";"34";"0";"2";"2";"1";"1";""
"202100007980";"187Â 469";"A01";"2";"7";"0";"1";"8";"26";"1";""
"202100007981";"187Â 467";"A01";"2";"7";"0";"2";"1";"2";"1";""
"202100007981";"187Â 468";"B01";"2";"7";"0";"2";"4";"1";"1";""
"202100007982";"187Â 464";"A01";"2";"7";"0";"2";"1";"26";"1";""
"202100007982";"187Â 465";"B01";"2";"7";"0";"2";"9";"26";"1";""
"202100007982";"187Â 466";"C01";"1";"7";"0";"2";"4";"0";"1";""
"202100007983";"187Â 463";"A01";"1";"7";"0";"1";"1";"1";"1";""
"202100007984";"187Â 462";"A01";"3";"10";"12";"0";"1";"26";"1";""
"202100007985";"187Â 461";"A01";"2";"7";"0";"1";"3";"1";"2";""
"202100007986";"187Â 459";"B01";"1";"10";"0";"2";"1";"9";"1";""
"202100007986";"187Â 460";"A01";"2";"7";"0";"2";"3";"9";"1";""
"202100007987";"187Â 457";"A01";"1";"1";"0";"0";"8";"1";"5";""
"202100007988";"187Â 453";"B01";"3";"50";"0";"2";"8";"9";"3";""
"202100007988";"187Â 454";"A01";"2";"7";"0";"9";"2";"1";"1";""
"202100007989";"187Â 451";"B01";"3";"2";"0";"2";"1";"1";"1";""
"202100007989";"187Â 452";"A01";"3";"7";"0";"2";"1";"15";"1";""
"202100007990";"187Â 449";"B01";"1";"7";"0";"2";"2";"1";"1";""
"202100007990";"187Â 450";"A01";"2";"2";"0";"2";"1";"13";"1";""
"202100007991";"187Â 447";"B01";"0";"10";"0";"2";"2";"15";"1";""
"202100007991";"187Â 448";"A01";"3";"2";"0";"2";"1";"1";"1";""
"202100007992";"187Â 446";"A01";"0";"7";"0";"1";"1";"1";"1";""
"202100007993";"187Â 444";"A01";"0";"30";"0";"2";"1";"2";"1";""
"202100007993";"187Â 445";"B01";"3";"7";"0";"2";"4";"23";"1";""
"202100007994";"187Â 442";"A01";"2";"7";"0";"2";"2";"1";"1";""
"202100007994";"187Â 443";"B01";"1";"50";"0";"2";"0";"19";"3";""
"202100007995";"187Â 441";"A01";"1";"7";"1";"0";"5";"1";"1";""
"202100007996";"187Â 439";"A01";"1";"7";"0";"2";"5";"15";"1";""
"202100007996";"187Â 440";"B01";"2";"31";"0";"2";"1";"1";"1";""
"202100007997";"187Â 437";"A01";"2";"10";"0";"2";"7";"15";"1";""
"202100007997";"187Â 438";"B01";"1";"7";"0";"2";"2";"1";"1";""
"202100007998";"187Â 435";"A01";"0";"7";"0";"2";"1";"2";"1";""
"202100007998";"187Â 436";"B01";"0";"7";"0";"2";"4";"2";"1";""
"202100007999";"187Â 434";"A01";"1";"7";"15";"0";"1";"14";"1";""
"202100008000";"187Â 433";"A01";"1";"10";"0";"1";"4";"4";"1";""
"202100008001";"187Â 431";"A01";"0";"7";"0";"2";"1";"9";"1";""
"202100008001";"187Â 432";"B01";"0";"2";"0";"2";"7";"1";"1";""
"202100008002";"187Â 429";"A01";"2";"30";"0";"2";"1";"1";"1";""
"202100008002";"187Â 430";"B01";"2";"7";"0";"2";"4";"1";"3";""
"202100008003";"187Â 428";"A01";"1";"2";"0";"0";"7";"15";"1";""
"202100008004";"187Â 427";"A01";"2";"7";"8";"0";"2";"14";"1";""
"202100008005";"187Â 425";"A01";"3";"7";"0";"2";"2";"15";"1";""
"202100008005";"187Â 426";"B01";"3";"50";"0";"2";"1";"1";"3";""
"202100008006";"187Â 423";"A01";"1";"1";"0";"2";"1";"26";"5";""
"202100008006";"187Â 424";"B01";"1";"7";"0";"2";"4";"1";"1";""
"202100008007";"187Â 422";"A01";"3";"7";"0";"1";"1";"1";"1";""
"202100008008";"187Â 418";"B01";"1";"7";"0";"9";"2";"1";"1";""
"202100008008";"187Â 419";"A01";"1";"1";"0";"2";"8";"13";"5";""
"202100008009";"187Â 416";"B01";"1";"2";"0";"2";"1";"1";"1";""
"202100008009";"187Â 417";"A01";"1";"7";"0";"9";"7";"15";"1";""
"202100008010";"187Â 414";"A01";"1";"7";"0";"2";"1";"2";"1";""
"202100008010";"187Â 415";"B01";"1";"7";"0";"2";"4";"2";"1";""
"202100008011";"187Â 412";"B01";"3";"7";"0";"2";"3";"0";"1";""
"202100008011";"187Â 413";"A01";"3";"7";"0";"2";"1";"19";"1";""
"202100008012";"187Â 410";"B01";"2";"7";"0";"2";"6";"10";"1";""
"202100008012";"187Â 411";"A01";"1";"33";"0";"2";"0";"1";"1";""
"202100008013";"187Â 408";"A01";"1";"2";"0";"2";"1";"7";"1";""
"202100008013";"187Â 409";"B01";"1";"7";"0";"2";"2";"16";"1";""
"202100008014";"187Â 407";"A01";"1";"7";"0";"0";"1";"26";"1";""
"202100008015";"187Â 405";"A01";"1";"7";"0";"2";"3";"1";"1";""
"202100008015";"187Â 406";"B01";"1";"60";"0";"2";"2";"26";"5";""
"202100008016";"187Â 404";"A01";"3";"1";"0";"1";"3";"1";"5";""
"202100008017";"187Â 402";"A01";"1";"7";"0";"2";"1";"19";"1";""
"202100008017";"187Â 403";"B01";"1";"1";"0";"2";"6";"1";"5";""
"202100008018";"187Â 401";"A01";"0";"33";"0";"0";"0";"26";"1";""
"202100008019";"187Â 399";"B01";"1";"7";"12";"0";"3";"9";"1";""
"202100008020";"187Â 396";"C01";"1";"7";"0";"2";"4";"1";"1";""
"202100008020";"187Â 397";"B01";"1";"7";"0";"2";"4";"1";"1";""
"202100008020";"187Â 398";"A01";"1";"7";"0";"2";"1";"1";"1";""
"202100008021";"187Â 394";"B01";"1";"7";"0";"9";"2";"1";"1";""
"202100008021";"187Â 395";"A01";"1";"50";"0";"2";"3";"19";"3";""
"202100008022";"187Â 393";"A01";"2";"7";"0";"1";"2";"1";"1";""
"202100008023";"187Â 390";"A01";"3";"7";"0";"2";"1";"2";"1";""
"202100008023";"187Â 391";"B01";"3";"7";"0";"2";"4";"2";"1";""
"202100008023";"187Â 392";"C01";"3";"7";"0";"2";"4";"2";"1";""
"202100008024";"187Â 386";"D01";"2";"7";"0";"2";"4";"2";"1";""
"202100008024";"187Â 387";"C01";"2";"7";"0";"2";"4";"2";"1";""
"202100008024";"187Â 388";"B01";"2";"7";"0";"2";"4";"2";"1";""
"202100008024";"187Â 389";"A01";"2";"7";"0";"2";"1";"2";"1";""
"202100008025";"187Â 384";"A01";"2";"7";"0";"2";"1";"2";"1";""
"202100008025";"187Â 385";"B01";"2";"7";"0";"2";"4";"1";"2";""
"202100008026";"187Â 383";"A01";"3";"7";"7";"0";"1";"1";"1";""
"202100008027";"187Â 382";"A01";"1";"32";"1";"0";"1";"1";"1";""
"202100008028";"187Â 380";"A01";"1";"32";"0";"2";"1";"18";"1";""
"202100008028";"187Â 381";"B01";"1";"60";"0";"2";"0";"1";"5";""
"202100008029";"187Â 377";"A01";"2";"99";"0";"2";"1";"2";"1";""
"202100008029";"187Â 378";"C01";"1";"7";"0";"0";"4";"2";"1";""
"202100008029";"187Â 379";"B01";"2";"7";"0";"2";"4";"23";"1";""
"202100008030";"187Â 375";"A01";"2";"7";"0";"2";"3";"16";"1";""
"202100008030";"187Â 376";"B01";"2";"31";"1";"2";"1";"1";"1";""
"202100008031";"187Â 373";"A01";"1";"7";"0";"2";"2";"19";"1";""
"202100008031";"187Â 374";"B01";"1";"33";"0";"2";"1";"1";"1";""
"202100008032";"187Â 372";"A01";"1";"7";"0";"1";"2";"1";"1";""
"202100008033";"187Â 370";"A01";"1";"2";"0";"2";"1";"1";"1";""
"202100008033";"187Â 371";"B01";"1";"7";"0";"2";"1";"1";"1";""
"202100008034";"187Â 368";"B01";"3";"1";"0";"2";"3";"1";"5";""
"202100008034";"187Â 369";"A01";"3";"7";"0";"2";"3";"15";"1";""
"202100008035";"187Â 366";"B01";"1";"1";"0";"2";"4";"1";"5";""
"202100008035";"187Â 367";"A01";"1";"7";"0";"2";"2";"2";"1";""
"202100008036";"187Â 364";"B01";"1";"7";"0";"2";"4";"23";"1";""
"202100008036";"187Â 365";"A01";"1";"30";"0";"2";"1";"1";"1";""
"202100008037";"187Â 363";"A01";"3";"32";"0";"1";"1";"1";"1";""
"202100008038";"187Â 362";"A01";"1";"7";"0";"1";"0";"1";"1";""
"202100008039";"187Â 360";"A01";"1";"7";"0";"2";"2";"1";"1";""
"202100008039";"187Â 361";"B01";"1";"1";"0";"2";"4";"0";"5";""
"202100008040";"187Â 358";"B01";"1";"7";"1";"2";"3";"19";"1";""
"202100008040";"187Â 359";"A01";"3";"7";"0";"2";"1";"19";"1";""
"202100008041";"187Â 356";"B01";"1";"32";"0";"2";"1";"1";"1";""
"202100008041";"187Â 357";"A01";"1";"7";"0";"2";"2";"19";"1";""
"202100008042";"187Â 354";"A01";"1";"33";"0";"2";"8";"3";"1";""
"202100008042";"187Â 355";"Z01";"1";"7";"0";"2";"5";"12";"0";""
"202100008043";"187Â 353";"A01";"2";"7";"4";"0";"1";"11";"1";""
"202100008044";"187Â 351";"A01";"2";"34";"0";"2";"2";"3";"1";""
"202100008044";"187Â 352";"B01";"2";"7";"0";"2";"6";"1";"1";""
"202100008045";"187Â 349";"A01";"1";"10";"0";"2";"8";"10";"1";""
"202100008045";"187Â 350";"B01";"1";"34";"0";"2";"1";"1";"1";""
"202100008046";"187Â 347";"A01";"2";"7";"0";"2";"8";"22";"1";""
"202100008046";"187Â 348";"B01";"2";"1";"0";"2";"1";"1";"5";""
"202100008047";"187Â 346";"A01";"1";"50";"0";"0";"1";"1";"3";""
"202100008048";"187Â 345";"A01";"2";"7";"0";"1";"6";"4";"1";""
"202100008049";"187Â 343";"B01";"2";"7";"0";"2";"6";"1";"1";""
"202100008049";"187Â 344";"A01";"2";"32";"0";"2";"1";"14";"1";""
"202100008050";"187Â 341";"A01";"2";"7";"0";"2";"8";"22";"1";""
"202100008050";"187Â 342";"B01";"2";"1";"0";"2";"1";"1";"5";""
"202100008051";"187Â 340";"A01";"1";"7";"7";"0";"1";"12";"1";""
"202100008052";"187Â 339";"Z01";"1";"1";"0";"1";"1";"5";"5";""
"202100008053";"187Â 337";"A01";"2";"32";"0";"2";"8";"1";"1";""
"202100008053";"187Â 338";"B01";"1";"7";"0";"2";"2";"15";"1";""
"202100008054";"187Â 335";"A01";"2";"7";"0";"2";"2";"16";"1";""
"202100008054";"187Â 336";"B01";"2";"1";"0";"2";"1";"1";"5";""
"202100008055";"187Â 333";"B01";"1";"1";"0";"2";"8";"13";"5";""
"202100008055";"187Â 334";"A01";"1";"37";"0";"2";"2";"7";"2";"1"
"202100008056";"187Â 332";"Z01";"2";"10";"0";"1";"2";"16";"0";""
"202100008057";"187Â 330";"B01";"2";"7";"0";"2";"8";"15";"1";""
"202100008057";"187Â 331";"A01";"1";"2";"0";"2";"1";"1";"0";""
"202100008058";"187Â 328";"B01";"2";"33";"0";"2";"1";"1";"1";""
"202100008058";"187Â 329";"A01";"1";"7";"0";"2";"8";"1";"1";""
"202100008059";"187Â 327";"A01";"1";"10";"0";"1";"1";"1";"1";""
"202100008060";"187Â 325";"B01";"2";"7";"0";"2";"3";"15";"1";""
"202100008060";"187Â 326";"A01";"1";"33";"0";"2";"2";"5";"1";""
"202100008061";"187Â 324";"A01";"2";"7";"0";"1";"3";"1";"1";""
"202100008062";"187Â 320";"B01";"1";"7";"0";"2";"2";"16";"1";""
"202100008062";"187Â 321";"A01";"1";"32";"0";"2";"2";"16";"1";""
"202100008063";"187Â 317";"C01";"2";"99";"0";"2";"1";"2";"0";""
"202100008063";"187Â 318";"B01";"2";"99";"0";"2";"4";"2";"1";""
"202100008063";"187Â 319";"A01";"2";"99";"0";"2";"4";"2";"1";""
"202100008064";"187Â 316";"Z01";"1";"2";"0";"1";"1";"1";"0";""
"202100008065";"187Â 315";"A01";"1";"10";"0";"1";"1";"1";"1";""
"202100008066";"187Â 314";"A01";"1";"7";"0";"1";"1";"1";"1";""
"202100008067";"187Â 312";"B01";"2";"37";"0";"2";"8";"1";"1";"1"
"202100008067";"187Â 313";"A01";"2";"7";"0";"2";"3";"16";"1";""
"202100008068";"187Â 311";"A01";"1";"7";"0";"1";"1";"16";"2";""
"202100008069";"187Â 309";"A01";"2";"7";"0";"2";"4";"20";"6";""
"202100008069";"187Â 310";"B01";"2";"1";"0";"2";"1";"0";"0";""
"202100008070";"187Â 307";"B01";"2";"7";"0";"2";"6";"15";"1";""
"202100008070";"187Â 308";"A01";"2";"34";"0";"2";"1";"13";"1";""
"202100008071";"187Â 306";"A01";"1";"30";"0";"0";"1";"15";"1";""
"202100008072";"187Â 304";"B01";"1";"32";"0";"2";"1";"1";"1";""
"202100008072";"187Â 305";"A01";"1";"7";"0";"2";"8";"19";"1";""
"202100008073";"187Â 303";"A01";"1";"31";"0";"0";"0";"13";"0";""
"202100008074";"187Â 301";"A01";"2";"10";"0";"2";"3";"17";"1";""
"202100008074";"187Â 302";"B01";"1";"1";"0";"2";"3";"1";"5";""
"202100008075";"187Â 299";"B01";"1";"3";"0";"2";"1";"1";"1";""
"202100008075";"187Â 300";"A01";"1";"7";"0";"2";"4";"23";"1";""
"202100008076";"187Â 297";"B01";"1";"7";"0";"9";"1";"0";"1";""
"202100008076";"187Â 298";"A01";"1";"33";"0";"2";"1";"17";"1";""
"202100008077";"187Â 296";"A01";"1";"3";"0";"1";"1";"16";"3";""
"202100008078";"187Â 294";"B01";"2";"7";"0";"2";"2";"5";"1";""
"202100008078";"187Â 295";"A01";"1";"14";"0";"2";"2";"1";"1";""
"202100008079";"187Â 293";"A01";"1";"7";"0";"0";"7";"1";"1";""
"202100008080";"187Â 291";"B01";"0";"33";"0";"2";"1";"1";"1";""
"202100008080";"187Â 292";"A01";"0";"7";"0";"2";"6";"9";"1";""
"202100008081";"187Â 289";"A01";"2";"7";"0";"2";"1";"13";"2";""
"202100008081";"187Â 290";"B01";"1";"7";"0";"2";"1";"1";"1";""
"202100008082";"187Â 288";"A01";"3";"10";"10";"0";"2";"0";"1";""
"202100008083";"187Â 286";"B01";"1";"7";"0";"2";"2";"1";"1";""
"202100008083";"187Â 287";"A01";"1";"7";"8";"2";"3";"1";"1";""
"202100008084";"187Â 284";"A01";"2";"7";"0";"2";"3";"13";"2";""
"202100008084";"187Â 285";"B01";"1";"7";"0";"2";"1";"1";"1";""
"202100008085";"187Â 282";"A01";"0";"10";"0";"2";"2";"15";"1";""
"202100008085";"187Â 283";"B01";"0";"2";"0";"2";"1";"1";"1";""
"202100008086";"187Â 280";"B01";"2";"10";"0";"2";"1";"1";"1";""
"202100008086";"187Â 281";"A01";"0";"7";"0";"2";"7";"1";"1";""
"202100008087";"187Â 278";"A01";"3";"10";"13";"2";"7";"19";"1";""
"202100008087";"187Â 279";"B01";"2";"17";"0";"2";"3";"1";"1";""
"202100008088";"187Â 276";"B01";"2";"10";"0";"2";"1";"2";"1";""
"202100008088";"187Â 277";"A01";"1";"7";"0";"2";"3";"13";"1";""
"202100008089";"187Â 274";"B01";"1";"7";"4";"0";"4";"2";"1";""
"202100008089";"187Â 275";"A01";"1";"7";"0";"2";"3";"2";"1";""
"202100008090";"187Â 272";"A01";"3";"7";"0";"2";"1";"13";"1";""
"202100008090";"187Â 273";"B01";"3";"7";"0";"2";"1";"1";"1";""
"202100008091";"187Â 271";"A01";"0";"7";"2";"0";"1";"15";"1";""
"202100008092";"187Â 270";"A01";"1";"2";"0";"0";"0";"1";"1";""
"202100008093";"187Â 269";"A01";"2";"7";"2";"0";"3";"1";"1";""
"202100008094";"187Â 268";"A01";"1";"7";"6";"0";"1";"1";"2";""
"202100008095";"187Â 266";"A01";"1";"7";"0";"0";"7";"15";"1";""
"202100008095";"187Â 267";"B01";"2";"33";"0";"2";"1";"1";"1";""
"202100008096";"187Â 265";"A01";"1";"7";"16";"0";"9";"1";"1";""
"202100008097";"187Â 263";"B01";"2";"14";"0";"0";"6";"1";"1";""
"202100008097";"187Â 264";"A01";"2";"10";"3";"2";"2";"2";"1";""
"202100008098";"187Â 261";"A01";"3";"7";"0";"2";"2";"1";"1";""
"202100008098";"187Â 262";"B01";"3";"7";"0";"2";"3";"9";"1";""
"202100008099";"187Â 259";"A01";"1";"7";"0";"2";"1";"15";"1";""
"202100008099";"187Â 260";"B01";"2";"7";"15";"2";"8";"1";"1";""
"202100008100";"187Â 258";"A01";"1";"7";"0";"6";"3";"1";"1";""
"202100008101";"187Â 256";"A01";"2";"17";"0";"2";"2";"2";"1";""
"202100008101";"187Â 257";"B01";"2";"17";"0";"2";"6";"2";"1";""
"202100008102";"187Â 255";"A01";"2";"32";"13";"0";"2";"1";"1";""
"202100008103";"187Â 254";"A01";"2";"2";"2";"0";"1";"1";"1";""
"202100008104";"187Â 252";"B01";"1";"10";"0";"2";"3";"1";"1";""
"202100008104";"187Â 253";"A01";"2";"7";"0";"2";"3";"1";"1";""
"202100008105";"187Â 250";"B01";"2";"7";"0";"2";"1";"1";"1";""
"202100008105";"187Â 251";"A01";"1";"7";"0";"2";"1";"17";"1";""
"202100008106";"187Â 248";"A01";"0";"38";"0";"2";"0";"20";"1";"1"
"202100008106";"187Â 249";"B01";"0";"30";"0";"0";"0";"0";"1";""
"202100008107";"187Â 245";"A01";"2";"7";"0";"2";"0";"13";"1";""
"202100008107";"187Â 246";"B01";"1";"7";"0";"2";"1";"1";"1";""
"202100008107";"187Â 247";"C01";"1";"10";"0";"2";"6";"1";"1";""
"202100008108";"187Â 243";"B01";"2";"32";"0";"2";"8";"1";"1";""
"202100008108";"187Â 244";"A01";"1";"7";"0";"2";"3";"13";"1";""
"202100008109";"187Â 236";"C01";"1";"7";"0";"0";"4";"2";"1";""
"202100008109";"187Â 237";"B01";"1";"7";"0";"2";"1";"1";"1";""
"202100008109";"187Â 238";"A01";"1";"7";"0";"2";"1";"2";"1";""
"202100008110";"187Â 235";"A01";"1";"7";"0";"1";"1";"1";"1";""
"202100008111";"187Â 234";"A01";"1";"33";"0";"6";"3";"21";"1";""
"202100008112";"187Â 230";"A01";"1";"7";"13";"0";"1";"14";"1";""
"202100008113";"187Â 227";"B01";"2";"33";"0";"2";"7";"3";"1";""
"202100008113";"187Â 228";"C01";"2";"7";"0";"2";"7";"1";"1";""
"202100008113";"187Â 229";"A01";"2";"33";"0";"2";"3";"11";"1";""
"202100008114";"187Â 226";"A01";"2";"7";"3";"0";"9";"2";"1";""
"202100008115";"187Â 225";"A01";"2";"7";"13";"0";"1";"1";"1";""
"202100008116";"187Â 221";"C01";"2";"7";"0";"2";"4";"2";"1";""
"202100008116";"187Â 222";"B01";"2";"7";"0";"2";"4";"2";"1";""
"202100008116";"187Â 223";"A01";"2";"10";"0";"2";"1";"2";"1";""
"202100008116";"187Â 224";"D01";"2";"7";"0";"2";"4";"2";"1";""
"202100008117";"187Â 219";"A01";"2";"10";"0";"2";"8";"11";"1";""
"202100008117";"187Â 220";"B01";"2";"31";"0";"2";"1";"3";"1";""
"202100008118";"187Â 217";"A01";"1";"7";"0";"2";"1";"2";"1";""
"202100008118";"187Â 218";"B01";"1";"7";"0";"2";"4";"2";"1";""
"202100008119";"187Â 215";"B01";"2";"7";"0";"2";"3";"11";"1";""
"202100008119";"187Â 216";"A01";"2";"34";"0";"2";"2";"3";"1";""
"202100008120";"187Â 214";"A01";"1";"7";"4";"0";"1";"13";"1";""
"202100008121";"187Â 212";"B01";"2";"7";"0";"2";"4";"2";"1";""
"202100008121";"187Â 213";"A01";"2";"33";"0";"2";"1";"3";"1";""
"202100008122";"187Â 210";"A01";"1";"7";"0";"2";"3";"11";"1";""
"202100008122";"187Â 211";"B01";"1";"15";"0";"2";"2";"1";"0";""
"202100008123";"187Â 206";"A01";"2";"33";"0";"2";"7";"3";"1";""
"202100008123";"187Â 207";"B01";"2";"7";"0";"2";"8";"1";"1";""
"202100008123";"187Â 208";"C01";"2";"7";"0";"2";"7";"0";"1";""
"202100008123";"187Â 209";"D01";"2";"7";"0";"2";"4";"1";"1";""
"202100008124";"187Â 205";"A01";"1";"33";"0";"0";"9";"26";"1";""
"202100008125";"187Â 203";"B01";"1";"7";"0";"9";"2";"1";"1";""
"202100008125";"187Â 204";"A01";"1";"7";"0";"9";"1";"1";"1";""
"202100008126";"187Â 201";"A01";"2";"7";"0";"2";"1";"1";"1";""
"202100008126";"187Â 202";"B01";"2";"7";"0";"2";"4";"12";"1";""
"202100008127";"187Â 197";"D01";"1";"7";"0";"2";"1";"2";"1";""
"202100008127";"187Â 198";"C01";"1";"7";"0";"2";"4";"2";"2";""
"202100008127";"187Â 199";"B01";"1";"7";"0";"2";"4";"2";"1";""
"202100008127";"187Â 200";"A01";"1";"7";"0";"2";"4";"1";"1";""
"202100008128";"187Â 193";"B01";"1";"7";"0";"2";"4";"2";"1";""
"202100008128";"187Â 194";"A01";"1";"7";"0";"2";"4";"1";"1";""
"202100008128";"187Â 195";"C01";"1";"7";"0";"2";"4";"2";"1";""
"202100008128";"187Â 196";"D01";"1";"7";"0";"2";"1";"2";"1";""
"202100008129";"187Â 190";"A01";"1";"17";"1";"0";"2";"1";"0";""
"202100008129";"187Â 191";"C01";"1";"10";"0";"0";"6";"24";"0";""
"202100008129";"187Â 192";"B01";"1";"10";"0";"0";"8";"23";"1";""
"202100008130";"187Â 188";"B01";"1";"7";"0";"2";"7";"12";"1";""
"202100008130";"187Â 189";"A01";"1";"43";"0";"2";"8";"1";"1";""
"202100008131";"187Â 186";"B01";"1";"7";"0";"2";"6";"1";"1";""
"202100008131";"187Â 187";"A01";"1";"15";"0";"2";"2";"14";"1";""
"202100008132";"187Â 184";"A01";"1";"7";"1";"0";"2";"1";"1";""
"202100008132";"187Â 185";"B01";"1";"15";"0";"2";"6";"23";"1";""
"202100008133";"187Â 183";"A01";"1";"33";"0";"2";"8";"3";"1";""
"202100008134";"187Â 181";"B01";"2";"7";"0";"2";"7";"12";"1";""
"202100008134";"187Â 182";"A01";"2";"31";"0";"2";"8";"3";"1";""
"202100008135";"187Â 179";"B01";"2";"33";"0";"2";"1";"3";"1";""
"202100008135";"187Â 180";"A01";"2";"7";"0";"2";"4";"3";"1";""
"202100008136";"187Â 176";"A01";"2";"30";"0";"2";"7";"1";"1";""
"202100008136";"187Â 177";"B01";"2";"7";"0";"2";"1";"15";"1";""
"202100008137";"187Â 175";"A01";"0";"80";"1";"0";"1";"0";"3";""
"202100008138";"187Â 171";"B01";"2";"7";"0";"2";"1";"1";"1";""
"202100008138";"187Â 172";"A01";"1";"7";"0";"2";"8";"19";"1";""
"202100008139";"187Â 170";"A01";"2";"7";"0";"1";"1";"1";"1";""
"202100008140";"187Â 168";"A01";"1";"7";"0";"2";"3";"9";"1";""
"202100008140";"187Â 169";"B01";"1";"33";"0";"2";"6";"1";"1";""
"202100008141";"187Â 165";"C01";"1";"7";"0";"2";"1";"1";"1";""
"202100008141";"187Â 166";"A01";"2";"7";"0";"2";"3";"18";"1";""
"202100008141";"187Â 167";"B01";"2";"7";"0";"2";"7";"1";"1";""
"202100008142";"187Â 163";"A01";"2";"7";"0";"2";"7";"12";"1";""
"202100008142";"187Â 164";"B01";"2";"32";"0";"2";"8";"1";"1";""