"Num_Acc";"id_vehicule";"num_veh";"senc";"catv";"obs";"obsm";"choc";"manv";"motor";"occutc"
"202100008143";"187Â 161";"Z01";"2";"7";"0";"2";"0";"15";"0";""
"202100008143";"187Â 162";"A01";"1";"30";"0";"2";"4";"1";"1";""
"202100008144";"187Â 159";"B01";"2";"7";"0";"2";"2";"1";"1";""
"202100008144";"187Â 160";"A01";"3";"7";"0";"2";"5";"4";"1";""
"202100008145";"187Â 157";"B01";"2";"1";"0";"2";"4";"1";"5";""
"202100008145";"187Â 158";"A01";"2";"7";"0";"2";"1";"1";"1";""
"202100008146";"187Â 155";"A01";"3";"7";"0";"2";"3";"9";"1";""
"202100008146";"187Â 156";"B01";"3";"7";"0";"2";"5";"1";"1";""
"202100008147";"187Â 154";"A01";"3";"30";"0";"1";"1";"1";"1";""
"202100008148";"187Â 153";"A01";"2";"50";"0";"0";"0";"1";"3";""
"202100008149";"187Â 152";"A01";"1";"80";"0";"1";"1";"1";"3";""
"202100008150";"187Â 150";"B01";"2";"7";"0";"2";"4";"23";"1";""
"202100008150";"187Â 151";"A01";"2";"30";"0";"2";"1";"1";"3";""
"202100008151";"187Â 148";"B01";"2";"2";"0";"2";"1";"1";"1";""
"202100008151";"187Â 149";"A01";"1";"7";"0";"2";"2";"1";"1";""
"202100008152";"187Â 147";"A01";"3";"7";"0";"1";"2";"16";"1";""
"202100008153";"187Â 146";"A01";"3";"40";"0";"1";"0";"0";"3";""
"202100008154";"187Â 144";"B01";"1";"7";"0";"2";"1";"1";"1";""
"202100008154";"187Â 145";"A01";"1";"7";"9";"2";"7";"15";"1";""
"202100008155";"187Â 142";"B01";" -1";"7";"0";"2";"4";"2";"1";""
"202100008155";"187Â 143";"A01";" -1";"7";"0";"2";"1";"2";"1";""
"202100008156";"187Â 140";"B01";"1";"2";"0";"2";"1";"1";"1";""
"202100008156";"187Â 141";"A01";" -1";"7";"0";"0";"8";"10";"1";""
"202100008157";"187Â 139";"A01";"2";"32";"0";"0";"0";"23";"1";""
"202100008158";"187Â 137";"A01";"1";"30";"0";"2";"7";"1";"3";""
"202100008158";"187Â 138";"B01";"1";"30";"0";"2";"8";"13";"0";""
"202100008159";"187Â 136";"A01";"1";"7";"0";"0";" -1";"1";"1";""
"202100008160";"187Â 135";"A01";"1";"2";"9";"0";"0";"1";"1";""
"202100008161";"187Â 133";"A01";"0";"7";"0";"0";"6";"9";"1";""
"202100008161";"187Â 134";"B01";"1";"7";"0";"2";"1";"1";"1";""
"202100008162";"187Â 131";"B01";"3";"2";"0";"2";"1";"1";"1";""
"202100008162";"187Â 132";"A01";"3";"7";"0";"2";"1";"26";"1";""
"202100008163";"187Â 128";"A01";"2";"7";"0";"2";"1";"0";"1";""
"202100008163";"187Â 129";"B01";"1";"7";"0";"2";"1";"1";"1";""
"202100008163";"187Â 130";"C01";"1";"7";"0";"2";"4";"1";"1";""
"202100008164";"187Â 127";"A01";"1";"80";"0";"0";"0";"0";"3";""
"202100008165";"187Â 125";"B01";"1";"7";"13";"2";"3";"11";"1";""
"202100008165";"187Â 126";"A01";"2";"7";"3";"2";"3";"1";"1";""
"202100008166";"187Â 124";"A01";"2";"7";"0";"1";"2";"1";"1";""
"202100008167";"187Â 122";"B01";"1";"10";"0";"2";"1";"1";"1";""
"202100008167";"187Â 123";"A01";"2";"7";"0";"2";"1";"13";"1";""
"202100008168";"187Â 120";"B01";"2";"7";"0";"2";"1";"1";"1";""
"202100008168";"187Â 121";"A01";"1";"7";"0";"2";"2";"1";"1";""
"202100008169";"187Â 118";"B01";"2";"7";"7";"2";"1";"1";"1";""
"202100008169";"187Â 119";"A01";"2";"7";"0";"0";"8";"1";"1";""
"202100008170";"187Â 117";"A01";"1";"2";"13";"0";"0";"0";"1";""
"202100008171";"187Â 115";"A01";"1";"7";"0";"2";"1";"11";"1";""
"202100008171";"187Â 116";"B01";"2";"10";"0";"2";"2";"1";"1";""
"202100008172";"187Â 113";"A01";"1";"7";"0";"2";"1";"13";"1";""
"202100008172";"187Â 114";"B01";"2";"7";"0";"2";"8";"1";"1";""
"202100008173";"187Â 111";"A01";"2";"7";"0";"2";"7";"1";"1";""
"202100008173";"187Â 112";"B01";"3";"1";"0";"2";"8";"15";"5";""
"202100008174";"187Â 110";"A01";"2";"7";"8";"0";"1";"1";"1";""
"202100008175";"187Â 108";"B01";"1";"7";"0";"2";"3";"1";"1";""
"202100008175";"187Â 109";"A01";"2";"7";"0";"2";"3";"13";"1";""
"202100008176";"187Â 107";"A01";"2";"7";"0";"1";"4";"4";"1";""
"202100008177";"187Â 106";"A01";"1";"7";"14";"0";"1";"1";"1";""
"202100008178";"187Â 105";"A01";"1";"7";"6";"0";"1";"15";"1";""
"202100008179";"187Â 104";"A01";"1";"2";"0";"0";"0";"1";"1";""
"202100008180";"187Â 103";"A01";"1";"7";"2";"0";"3";"1";"1";""
"202100008181";"187Â 102";"A01";"0";"7";"2";"0";"1";"1";"1";""
"202100008182";"187Â 100";"A01";"2";"7";"0";"2";"3";"1";"1";""
"202100008182";"187Â 101";"B01";"1";"7";"0";"2";"3";"13";"1";""
"202100008183";"187Â 098";"A01";"3";"15";"0";"2";"3";"1";"1";""
"202100008183";"187Â 099";"B01";"3";"7";"0";"2";"8";"1";"1";""
"202100008184";"187Â 097";"A01";"3";"36";"0";"0";"0";"1";"1";""
"202100008185";"187Â 096";"A01";"0";"7";"2";"0";"3";"1";"1";""
"202100008186";"187Â 094";"A01";"2";"7";"0";"2";"6";"1";"1";""
"202100008186";"187Â 095";"B01";"2";"7";"0";"0";"3";"1";"1";""
"202100008187";"187Â 091";"C01";"3";"7";"0";"2";"4";"2";"1";""
"202100008187";"187Â 092";"B01";"3";"7";"0";"2";"1";"2";"1";""
"202100008187";"187Â 093";"A01";"3";"7";"0";"2";"1";"1";"1";""
"202100008188";"187Â 088";"C01";"2";"7";"0";"2";"7";"26";"1";""
"202100008188";"187Â 089";"B01";"2";"7";"0";"2";"1";"1";"1";""
"202100008188";"187Â 090";"A01";"1";"10";"0";"2";"1";"13";"1";""
"202100008189";"187Â 084";"D01";"1";"7";"0";"2";"2";"13";"1";""
"202100008189";"187Â 085";"C01";"1";"7";"0";"2";"1";"2";"1";""
"202100008189";"187Â 086";"B01";"1";"7";"0";"2";"4";"15";"1";""
"202100008189";"187Â 087";"A01";"2";"7";"0";"2";"3";"1";"1";""
"202100008190";"187Â 082";"A01";"1";"7";"0";"2";"3";"15";"1";""
"202100008190";"187Â 083";"B01";"2";"7";"0";"2";"2";"1";"1";""
"202100008191";"187Â 079";"A01";"3";"7";"17";"0";"2";"1";"1";""
"202100008192";"187Â 077";"A01";"1";"7";"0";"2";"1";"15";"1";""
"202100008192";"187Â 078";"B01";"2";"7";"0";"2";"1";"1";"1";""
"202100008193";"187Â 076";"A01";"2";"7";"15";"0";"2";"1";"1";""
"202100008194";"187Â 075";"A01";"1";"7";"0";"0";"0";"0";"1";""
"202100008195";"187Â 073";"A01";"1";"7";"0";"0";"5";"15";"1";""
"202100008195";"187Â 074";"B01";"1";"33";"0";"2";"1";"1";"1";""
"202100008196";"187Â 071";"A01";"1";"2";"0";"2";"8";"1";"1";""
"202100008196";"187Â 072";"B01";"3";"7";"0";"2";"1";"19";"1";""
"202100008197";"187Â 069";"B01";"2";"7";"0";"2";"3";"13";"1";""
"202100008197";"187Â 070";"A01";"1";"7";"0";"2";"1";"1";"1";""
"202100008198";"187Â 067";"A01";"2";"7";"0";"2";"1";"13";"1";""
"202100008198";"187Â 068";"B01";"1";"7";"0";"2";"3";"1";"1";""
"202100008199";"187Â 065";"A01";"1";"7";"2";"2";"1";"1";"1";""
"202100008199";"187Â 066";"B01";"1";"7";"0";"2";"4";"15";"1";""
"202100008200";"187Â 063";"A01";"1";"7";"0";"2";"3";"9";"1";""
"202100008200";"187Â 064";"B01";"2";"34";"0";"2";"7";"1";"1";""
"202100008201";"187Â 061";"B01";"1";"7";"3";"0";"4";"2";"1";""
"202100008201";"187Â 062";"A01";"1";"10";"0";"2";"1";"2";"1";""
"202100008202";"187Â 059";"A01";"2";"38";"0";"2";"7";"15";"1";"1"
"202100008202";"187Â 060";"B01";"1";"2";"0";"2";"1";"1";"1";""
"202100008203";"187Â 056";"A01";"1";"7";"0";"2";"3";"13";"1";""
"202100008203";"187Â 057";"C01";"2";"17";"0";"2";"3";"1";"1";""
"202100008203";"187Â 058";"B01";"2";"7";"0";"2";"3";"1";"1";""
"202100008204";"187Â 055";"A01";"3";"7";"0";"1";"1";"0";"1";""
"202100008205";"187Â 054";"A01";"2";"7";"0";"1";"3";"1";"1";""
"202100008206";"187Â 052";"B01";"1";"7";"0";"2";"1";"1";"1";""
"202100008206";"187Â 053";"A01";"1";"7";"0";"0";"4";"2";"1";""
"202100008207";"187Â 049";"C01";"2";"33";"0";"2";"1";"21";"1";""
"202100008207";"187Â 050";"B01";"2";"33";"0";"2";"1";"21";"1";""
"202100008207";"187Â 051";"A01";"1";"7";"0";"2";"1";"13";"1";""
"202100008208";"187Â 047";"A01";"2";"33";"0";"2";"1";"2";"1";""
"202100008208";"187Â 048";"B01";"2";"7";"0";"0";"4";"2";"1";""
"202100008209";"187Â 046";"A01";"3";"7";"0";"1";"1";"1";"3";""
"202100008210";"187Â 045";"A01";"0";"37";"0";"1";"2";"1";"1";"1"
"202100008211";"187Â 043";"A01";"2";"7";"0";"2";"3";"13";"1";""
"202100008211";"187Â 044";"B01";"1";"7";"0";"2";"3";"1";"1";""
"202100008212";"187Â 041";"A01";"2";"33";"0";"2";"2";"17";"1";""
"202100008212";"187Â 042";"B01";"2";"7";"0";"2";"3";"15";"1";""
"202100008213";"187Â 039";"A01";"2";"7";"0";"2";"1";"1";"1";""
"202100008213";"187Â 040";"B01";"0";"7";"0";"2";"1";"0";"1";""
"202100008214";"187Â 033";"D01";"2";"7";"0";"2";"1";"1";"1";""
"202100008214";"187Â 034";"C01";"2";"7";"0";"2";"1";"1";"1";""
"202100008214";"187Â 035";"B01";"2";"7";"0";"2";"1";"1";"1";""
"202100008214";"187Â 036";"A01";"2";"7";"0";"2";"2";"1";"1";""
"202100008215";"187Â 031";"B01";"1";"10";"0";"2";"4";"1";"1";""
"202100008215";"187Â 032";"A01";"1";"7";"0";"2";"1";"21";"1";""
"202100008216";"187Â 028";"B01";"2";"7";"0";"2";"2";"0";"1";""
"202100008216";"187Â 029";"Z01";"2";"7";"0";"2";"1";"0";"1";""
"202100008216";"187Â 030";"C01";"2";"10";"0";"2";"4";"0";"1";""
"202100008217";"187Â 027";"A01";"2";"7";"4";"0";"1";"13";"1";""
"202100008218";"187Â 026";"A01";"1";"7";"0";"0";"2";"14";"1";""
"202100008219";"187Â 025";"A01";"1";"7";"4";"0";"8";"2";"1";""
"202100008220";"187Â 022";"B01";"2";"7";"0";"2";"4";"2";"1";""
"202100008220";"187Â 023";"C01";"2";"7";"0";"2";"6";"0";"1";""
"202100008220";"187Â 024";"A01";"2";"7";"0";"2";"1";"2";"1";""
"202100008221";"187Â 020";"A01";"1";"10";"0";"2";"1";"2";"1";""
"202100008221";"187Â 021";"B01";"1";"10";"0";"2";"4";"2";"1";""
"202100008222";"187Â 016";"A01";"1";"7";"0";"2";"3";"2";"2";""
"202100008222";"187Â 017";"B01";"1";"10";"0";"2";"5";"2";"1";""
"202100008222";"187Â 018";"C01";"1";"7";"0";"2";"8";"2";"1";""
"202100008222";"187Â 019";"D01";"1";"7";"0";"2";"4";"2";"1";""
"202100008223";"187Â 015";"A01";"1";"7";"3";"0";"4";"9";"1";""
"202100008224";"187Â 012";"A01";"1";"7";"0";"2";"1";"1";"2";""
"202100008224";"187Â 013";"B01";"1";"7";"0";"2";"4";"2";"1";""
"202100008224";"187Â 014";"C01";"1";"7";"0";"0";"4";"2";"2";""
"202100008225";"187Â 010";"A01";"1";"7";"0";"2";"1";"1";"1";""
"202100008225";"187Â 011";"B01";"1";"7";"0";"2";"4";"2";"1";""
"202100008226";"187Â 008";"B01";"1";"7";"0";"2";"3";"1";"0";""
"202100008226";"187Â 009";"A01";"1";"7";"0";"2";"2";"1";"1";""
"202100008227";"187Â 006";"B01";"2";"7";"0";"2";"4";"2";"1";""
"202100008227";"187Â 007";"A01";"2";"7";"0";"2";"1";"1";"1";""
"202100008228";"187Â 004";"B01";"1";"7";"0";"2";"3";"1";"1";""
"202100008228";"187Â 005";"A01";"1";"7";"0";"2";"2";"12";"1";""
"202100008229";"187Â 001";"C01";"3";"7";"0";"2";"1";"2";"1";""
"202100008229";"187Â 002";"B01";"2";"7";"0";"2";"4";"1";"1";""
"202100008229";"187Â 003";"A01";"2";"7";"0";"2";"1";"1";"1";""
"202100008230";"186Â 999";"A01";"1";"7";"0";"2";"6";"11";"1";""
"202100008230";"187Â 000";"B01";"1";"32";"0";"2";"2";"3";"1";""
"202100008231";"186Â 996";"A01";"2";"7";"0";"2";"1";"2";"1";""
"202100008231";"186Â 997";"B01";"2";"10";"0";"2";"1";"2";"1";""
"202100008231";"186Â 998";"C01";"2";"7";"0";"2";"4";"2";"1";""
"202100008232";"186Â 995";"Z01";"3";"7";"0";"1";"1";"26";"0";""
"202100008233";"186Â 993";"A01";"2";"7";"0";"2";"0";"17";"0";""
"202100008233";"186Â 994";"B01";"2";"7";"0";"2";"0";"15";"1";""
"202100008234";"186Â 991";"A01";"2";"10";"0";"2";"4";"23";"1";""
"202100008234";"186Â 992";"B01";"2";"32";"0";"2";"1";"1";"1";""
"202100008235";"186Â 990";"A01";"3";"10";"0";"1";"1";"2";"1";""
"202100008236";"186Â 989";"A01";"2";"33";"0";"1";"1";"1";"1";""
"202100008237";"186Â 988";"A01";"1";"33";"0";"0";"0";"16";" -1";""
"202100008238";"186Â 987";"A01";"2";"2";"0";"1";"1";"1";"1";""
"202100008239";"186Â 986";"A01";"0";"30";"14";"0";"1";"2";"1";""
"202100008240";"186Â 984";"A01";"3";"7";"0";"2";"1";"1";"1";""
"202100008240";"186Â 985";"B01";"3";"7";"0";"2";"4";"23";"1";""
"202100008241";"186Â 983";"A01";"1";"7";"1";"0";"1";"16";"1";""
"202100008242";"186Â 980";"A01";"2";"7";"0";"2";"4";"2";"1";""
"202100008242";"186Â 981";"B01";"2";"7";"0";"2";"1";"2";"1";""
"202100008242";"186Â 982";"C01";"2";"7";"0";"2";"1";"2";"1";""
"202100008243";"186Â 979";"A01";"2";"80";"0";"0";"0";"2";"3";""
"202100008244";"186Â 977";"B01";"3";"7";"0";"2";"3";"15";"1";""
"202100008244";"186Â 978";"A01";"3";"30";"0";"2";"2";"1";"1";""
"202100008245";"186Â 975";"B01";"2";"2";"0";"2";"1";"1";"1";""
"202100008245";"186Â 976";"A01";"1";"7";"0";"2";"2";"15";"1";""
"202100008246";"186Â 974";"A01";"3";"7";"2";"0";"1";"13";"1";""
"202100008247";"186Â 972";"A01";"1";"7";"0";"2";"3";"10";"1";""
"202100008247";"186Â 973";"B01";"1";"33";"0";"2";"1";"1";"1";""
"202100008248";"186Â 971";"A01";"2";"7";"1";"0";"2";"1";"1";""
"202100008249";"186Â 969";"A01";"1";"7";"0";"2";"2";"17";"1";""
"202100008249";"186Â 970";"B01";"1";"30";"0";"2";"6";"1";"1";""
"202100008250";"186Â 967";"B01";"0";"2";"0";"2";"8";"1";"3";""
"202100008250";"186Â 968";"A01";"0";"7";"0";"2";"1";"13";"1";""
"202100008251";"186Â 964";"A01";"2";"33";"0";"2";"1";"3";"1";""
"202100008251";"186Â 965";"B01";"2";"10";"0";"2";"6";"1";"1";""
"202100008251";"186Â 966";"C01";"2";"7";"0";"2";"7";"1";"1";""
"202100008252";"186Â 962";"A01";"1";"32";"0";"2";"1";"17";"1";""
"202100008252";"186Â 963";"B01";"1";"7";"0";"2";"3";"15";"1";""
"202100008253";"186Â 960";"B01";"2";"33";"0";"2";"7";"17";"1";""
"202100008253";"186Â 961";"A01";"1";"7";"0";"2";"3";"10";"1";""
"202100008254";"186Â 959";"A01";"1";"33";"6";"0";"1";"1";"1";""
"202100008255";"186Â 958";"Z01";"1";"7";"0";"1";"1";"1";"0";""
"202100008256";"186Â 957";"A01";"1";"80";"0";"1";"1";"17";"3";""
"202100008257";"186Â 954";"A01";"1";"30";"0";"2";"2";"1";"1";""
"202100008257";"186Â 955";"B01";"1";"7";"0";"2";"3";"7";"1";""
"202100008257";"186Â 956";"C01";"1";"7";"0";"2";"6";"1";"1";""
"202100008258";"186Â 951";"C01";"1";"7";"0";"2";"3";"15";"1";""
"202100008258";"186Â 952";"B01";"1";"7";"0";"2";"2";"16";"1";""
"202100008258";"186Â 953";"A01";"1";"31";"1";"2";"1";"18";"1";""
"202100008259";"186Â 949";"B01";"3";"30";"0";"2";"8";"1";"1";""
"202100008259";"186Â 950";"A01";"3";"7";"0";"2";"1";"15";"1";""
"202100008260";"186Â 947";"B01";"1";"30";"0";"2";"3";"1";"1";""
"202100008260";"186Â 948";"A01";"1";"7";"0";"2";"5";"13";"1";""
"202100008261";"186Â 945";"B01";"1";"7";"0";"2";"6";"2";"2";""
"202100008261";"186Â 946";"A01";"1";"10";"0";"2";"2";"2";"1";""
"202100008262";"186Â 944";"A01";"1";"33";"0";"1";"3";"1";"3";""
"202100008263";"186Â 943";"A01";"1";"33";"0";"1";"3";"1";"1";""
"202100008264";"186Â 941";"B01";"1";"7";"0";"2";"2";"1";"2";""
"202100008264";"186Â 942";"A01";"1";"30";"0";"2";"8";"18";"1";""
"202100008265";"186Â 938";"C01";"2";"7";"0";"2";"4";"2";"1";""
"202100008265";"186Â 939";"B01";"2";"7";"0";"2";"3";"2";"2";""
"202100008265";"186Â 940";"A01";"2";"33";"0";"2";"1";"3";"1";""
"202100008266";"186Â 937";"A01";"2";"10";"0";"1";"7";"16";"1";""
"202100008267";"186Â 935";"A01";"1";"7";"0";"2";"6";"1";"1";""
"202100008267";"186Â 936";"B01";"2";"7";"0";"2";"1";"2";"1";""
"202100008268";"186Â 934";"A01";"1";"32";"12";"0";"1";"17";"1";""
"202100008269";"186Â 933";"A01";"1";"7";"12";"0";"1";"14";"1";""
"202100008270";"186Â 931";"A01";"3";"7";"0";"2";"3";"15";"1";""
"202100008270";"186Â 932";"B01";" -1";"7";"0";"2";"3";"1";"1";""
"202100008271";"186Â 929";"B01";"0";"10";"0";"2";"7";"15";"1";""
"202100008271";"186Â 930";"A01";"0";"7";"0";"2";"1";"1";"1";""
"202100008272";"186Â 926";"A01";"2";"7";"0";"2";"2";"5";"1";""
"202100008272";"186Â 927";"B01";"1";"7";"0";"2";"2";"1";"1";""
"202100008272";"186Â 928";"C01";"1";"7";"0";"2";"6";"1";"1";""
"202100008273";"186Â 925";"A01";" -1";"10";"0";"0";"7";"14";"1";""
"202100008274";"186Â 923";"A01";" -1";"34";"0";"2";"1";"21";"1";""
"202100008274";"186Â 924";"B01";" -1";"7";"0";"2";"0";"0";"1";""
"202100008275";"186Â 921";"A01";"0";"7";"0";"2";"3";"15";"1";""
"202100008275";"186Â 922";"B01";"0";"2";"0";"2";"1";"1";"1";""
"202100008276";"186Â 919";"B01";"1";"7";"0";"2";"4";"12";"1";""
"202100008276";"186Â 920";"A01";"1";"7";"0";"2";"1";"12";"1";""
"202100008277";"186Â 917";"A01";"2";"99";"0";"2";"0";"16";"0";""
"202100008277";"186Â 918";"B01";"1";"31";"0";"2";"2";"2";"1";""
"202100008278";"186Â 916";"A01";"2";"7";"0";"1";"3";"1";"1";""
"202100008279";"186Â 915";"A01";"2";"7";"1";"0";"2";"14";"1";""
"202100008280";"186Â 914";"A01";"2";"7";"13";"0";"3";"1";"1";""
"202100008281";"186Â 913";"A01";"1";"10";"0";"1";"2";"1";"1";""
"202100008282";"186Â 912";"A01";"1";"33";"0";"6";"8";"1";"1";""
"202100008283";"186Â 910";"A01";"1";"7";"13";"0";"1";"5";"2";""
"202100008283";"186Â 911";"B01";"2";"7";"13";"2";"2";"1";"1";""
"202100008284";"186Â 908";"B01";"1";"30";"0";"2";"1";"1";"1";""
"202100008284";"186Â 909";"A01";"2";"7";"0";"2";"3";"26";"1";""
"202100008285";"186Â 907";"A01";"1";"33";"0";"0";"0";"1";"1";""
"202100008286";"186Â 906";"A01";"2";"7";"12";"0";"0";"1";"1";""
"202100008287";"186Â 904";"A01";"1";"7";"1";"0";"1";"1";"1";""
"202100008287";"186Â 905";"B01";"1";"10";"0";"2";"4";"23";"1";""
"202100008288";"186Â 903";"A01";"1";"7";"17";"0";"3";"13";"1";""
"202100008289";"186Â 901";"A01";"2";"10";"0";"2";"2";"2";"1";""
"202100008289";"186Â 902";"B01";"2";"21";"0";"0";"6";"2";"1";""
"202100008290";"186Â 900";"A01";"2";"7";"0";"1";"1";"2";"1";""
"202100008291";"186Â 899";"A01";"0";"2";"0";"1";"1";"1";"1";""
"202100008292";"186Â 897";"B01";"2";"7";"0";"2";"1";"1";"1";""
"202100008292";"186Â 898";"A01";"1";"7";"12";"2";"1";"13";"1";""
"202100008293";"186Â 895";"B01";"1";"7";"0";"2";"1";"1";"1";""
"202100008293";"186Â 896";"A01";"2";"7";"0";"2";"7";"17";"1";""
"202100008294";"186Â 894";"A01";"2";"7";"13";"0";"1";"1";"1";""
"202100008295";"186Â 893";"A01";"2";"7";"13";"0";"7";"1";"1";""
"202100008296";"186Â 892";"A01";"3";"7";"6";"0";"1";"1";"1";""
"202100008297";"186Â 891";"A01";"1";"7";"13";"0";"8";"1";"1";""
"202100008298";"186Â 888";"C01";"1";"7";"0";"2";"3";"1";"1";""
"202100008298";"186Â 889";"B01";"1";"7";"0";"2";"3";"1";"2";""
"202100008298";"186Â 890";"A01";"2";"7";"0";"2";"3";"13";"1";""
"202100008299";"186Â 887";"A01";"2";"7";"6";"0";"3";"1";"1";""
"202100008300";"186Â 885";"B01";"1";"33";"0";"2";"1";"26";"1";""
"202100008300";"186Â 886";"A01";"1";"7";"0";"0";"2";"9";"1";""
"202100008301";"186Â 883";"B01";"1";"7";"0";"2";"3";"1";"1";""
"202100008301";"186Â 884";"A01";"2";"7";"0";"2";"3";"1";"1";""
"202100008302";"186Â 882";"A01";"0";"33";"4";"0";"1";"0";"1";""
"202100008303";"186Â 881";"A01";"0";"7";"15";"0";"1";"0";"1";""
"202100008304";"186Â 880";"A01";"3";"7";"13";"0";"1";"21";"1";""
"202100008305";"186Â 879";"A01";"3";"7";"6";"0";"1";"0";"1";""
"202100008306";"186Â 876";"A01";"1";"7";"0";"2";"1";"5";"1";""
"202100008306";"186Â 877";"B01";"2";"7";"0";"2";"8";"1";"1";""
"202100008306";"186Â 878";"C01";"2";"7";"0";"2";"1";"1";"1";""
"202100008307";"186Â 875";"A01";"1";"7";"13";"0";"2";"17";"1";""
"202100008308";"186Â 872";"B01";"1";"7";"0";"2";"1";"0";"1";""
"202100008308";"186Â 873";"A01";"1";"7";"16";"2";"4";"0";"1";""
"202100008309";"186Â 871";"A01";"1";"7";"13";"0";"2";"14";"1";""
"202100008310";"186Â 870";"A01";"1";"33";"13";"0";"0";"1";"1";""
"202100008311";"186Â 869";"A01";"1";"7";"2";"0";"2";"2";"1";""
"202100008312";"186Â 868";"A01";"2";"7";"13";"0";"2";"0";"1";""
"202100008313";"186Â 866";"A01";"1";"10";"0";"2";"3";"2";"1";""
"202100008313";"186Â 867";"B01";"1";"7";"0";"2";"6";"2";"2";""
"202100008314";"186Â 865";"A01";"3";"2";"2";"0";"3";"1";"1";""
"202100008315";"186Â 864";"A01";"0";"0";"0";"0";"0";"1";"0";""
"202100008316";"186Â 863";"A01";"2";"7";"3";"0";"2";"0";"1";""
"202100008317";"186Â 860";"C01";"1";"7";"0";"0";"6";"1";"1";""
"202100008317";"186Â 861";"B01";"1";"7";"0";"0";"6";"1";"1";""
"202100008317";"186Â 862";"A01";"1";"7";"0";"2";"3";"1";"1";""
"202100008318";"186Â 858";"A01";"1";"7";"12";"0";"9";"13";"1";""
"202100008319";"186Â 856";"B01";"1";"7";"0";"2";"3";"1";"1";""
"202100008319";"186Â 857";"A01";"2";"7";"0";"2";"3";"13";"1";""
"202100008320";"186Â 855";"A01";"1";"7";"13";"0";"0";"14";"1";""
"202100008321";"186Â 853";"A01";"2";"7";"0";"2";"8";"15";"1";""
"202100008321";"186Â 854";"B01";"2";"33";"0";"2";"1";"17";"1";""
"202100008322";"186Â 850";"C01";"1";"7";"0";"2";"1";"0";"1";""
"202100008322";"186Â 851";"B01";"1";"7";"0";"2";"1";"2";"1";""
"202100008322";"186Â 852";"A01";"1";"7";"0";"0";"4";"15";"1";""
"202100008323";"186Â 848";"A01";"2";"2";"0";"2";"3";"1";"1";""
"202100008323";"186Â 849";"B01";"1";"7";"0";"2";"3";"15";"1";""
"202100008324";"186Â 846";"A01";"1";"7";"0";"2";"3";"17";"1";""
"202100008324";"186Â 847";"B01";"2";"7";"0";"0";"8";"16";"1";""
"202100008325";"186Â 845";"A01";"3";"7";"2";"0";"1";"1";"1";""
"202100008326";"186Â 844";"A01";"1";"3";"6";"0";"1";"14";"1";""
"202100008327";"186Â 842";"A01";"2";"30";"0";"2";"1";"1";"1";""
"202100008327";"186Â 843";"B01";"1";"7";"0";"2";"2";"9";"2";""
"202100008328";"186Â 840";"A01";"3";"33";"0";"0";"0";"17";"1";""
"202100008329";"186Â 839";"A01";"2";"7";"16";"0";"7";"1";"1";""
"202100008330";"186Â 837";"B01";"2";"33";"0";"2";"1";"1";"1";""
"202100008330";"186Â 838";"A01";"2";"7";"0";"0";"5";"15";"1";""
"202100008331";"186Â 836";"A01";"1";"7";"13";"0";"1";"21";"1";""
"202100008332";"186Â 834";"B01";"2";"7";"0";"2";"2";"15";"1";""
"202100008332";"186Â 835";"A01";"1";"2";"0";"2";"1";"1";"1";""
"202100008333";"186Â 832";"B01";"3";"7";"0";"2";"1";"1";"1";""
"202100008333";"186Â 833";"A01";"3";"7";"9";"2";"1";"13";"1";""
"202100008334";"186Â 831";"A01";"0";"7";"0";"1";"2";"4";"1";""
"202100008335";"186Â 828";"A01";"1";"10";"0";"2";"4";"2";"1";""
"202100008335";"186Â 829";"B01";"1";"7";"0";"2";"4";"2";"1";""
"202100008335";"186Â 830";"C01";"1";"7";"0";"2";"1";"2";"1";""
"202100008336";"186Â 826";"A01";"1";"7";"0";"2";"4";"2";"1";""
"202100008336";"186Â 827";"B01";"1";"7";"0";"2";"1";"2";"1";""
"202100008337";"186Â 824";"A01";"1";"7";"2";"2";"1";"2";"1";""
"202100008337";"186Â 825";"B01";"1";"15";"0";"2";"4";"2";"1";""
"202100008338";"186Â 823";"A01";"2";"14";"4";"0";"1";"0";"1";""
"202100008339";"186Â 819";"B01";"1";"7";"0";"2";"1";"0";"1";""
"202100008339";"186Â 820";"D01";"1";"7";"0";"2";"2";"0";"1";""
"202100008339";"186Â 821";"C01";"1";"7";"0";"2";"3";"2";"1";""
"202100008339";"186Â 822";"A01";"1";"17";"0";"2";"6";"13";"1";""
"202100008340";"186Â 817";"A01";"1";"7";"0";"2";"6";"9";"1";""
"202100008340";"186Â 818";"B01";"1";"7";"0";"2";"2";"0";"1";""
"202100008341";"186Â 815";"A01";"2";"7";"3";"2";"1";"2";"1";""
"202100008341";"186Â 816";"B01";"2";"7";"3";"2";"4";"2";"3";""
"202100008342";"186Â 813";"A01";"2";"7";"0";"2";"1";"1";"1";""
"202100008342";"186Â 814";"B01";"2";"7";"0";"2";"4";"2";"1";""
"202100008343";"186Â 812";"A01";"2";"7";"3";"0";"2";"14";"1";""
"202100008344";"186Â 809";"A01";"1";"33";"0";"2";"2";"17";"1";""
"202100008344";"186Â 810";"B01";"1";"7";"0";"2";"3";"11";"1";""
"202100008344";"186Â 811";"C01";"1";"7";"0";"2";"6";"1";"3";""
"202100008345";"186Â 807";"A01";"3";"2";"0";"2";"3";"19";"1";""