"Num_Acc";"id_vehicule";"num_veh";"senc";"catv";"obs";"obsm";"choc";"manv";"motor";"occutc"
"202100008345";"186Â 808";"B01";"1";"2";"0";"2";"1";"1";"1";""
"202100008346";"186Â 806";"A01";"3";"7";"0";"1";"1";"15";"1";""
"202100008347";"186Â 805";"A01";"1";"7";"0";"0";"1";"0";"1";""
"202100008348";"186Â 804";"A01";"1";"7";"0";"1";"3";"15";"1";""
"202100008349";"186Â 802";"A01";"1";"7";"0";"9";"4";"1";"1";""
"202100008349";"186Â 803";"B01";"1";"80";"0";"2";"4";"1";"3";""
"202100008350";"186Â 801";"A01";"1";"7";"0";"1";"3";"1";"1";""
"202100008351";"186Â 799";"B01";"3";"2";"0";"2";"8";"16";"1";""
"202100008351";"186Â 800";"A01";"3";"7";"0";"2";"2";"16";"1";""
"202100008352";"186Â 798";"A01";"2";"7";"0";"1";"2";"1";"1";""
"202100008353";"186Â 796";"B01";"2";"2";"0";"2";"0";"21";"1";""
"202100008353";"186Â 797";"Z01";"2";"7";"0";"9";"0";"9";"1";""
"202100008354";"186Â 795";"A01";"1";"1";"0";"2";"0";"26";"0";""
"202100008355";"186Â 794";"A01";"1";"7";"11";"0";"2";"1";"1";""
"202100008356";"186Â 792";"A01";"1";"7";"0";"2";"2";"16";"0";""
"202100008356";"186Â 793";"B01";"1";"1";"0";"2";"3";"1";"0";""
"202100008357";"186Â 791";"A01";"1";"99";"0";"1";"2";"26";"0";""
"202100008358";"186Â 789";"B01";"2";"31";"0";"2";"3";"3";"1";""
"202100008358";"186Â 790";"A01";"2";"7";"0";"2";"2";"12";"1";""
"202100008359";"186Â 788";"A01";"2";"33";"4";"0";"7";"21";"1";""
"202100008360";"186Â 787";"A01";"1";"10";"0";"1";"2";"1";"1";""
"202100008361";"186Â 785";"A01";"2";"7";"0";"2";"2";"16";"1";""
"202100008361";"186Â 786";"B01";"2";"1";"0";"2";"1";"1";"5";""
"202100008362";"186Â 783";"B01";"3";"7";"0";"2";"3";"15";"1";""
"202100008362";"186Â 784";"A01";"3";"33";"0";"2";"8";"1";"1";""
"202100008363";"186Â 782";"A01";"3";"1";"0";"1";"1";"1";"5";""
"202100008364";"186Â 781";"A01";"2";"7";"0";"1";"4";"4";"1";""
"202100008365";"186Â 779";"A01";"3";"7";"0";"2";"1";"15";"1";""
"202100008365";"186Â 780";"B01";"3";"7";"0";"2";"8";"1";"3";""
"202100008366";"186Â 778";"Z01";"2";"7";"0";"1";"1";"1";"1";""
"202100008367";"186Â 776";"A01";"2";"7";"0";"2";"3";"9";"2";""
"202100008367";"186Â 777";"B01";"2";"2";"0";"2";"7";"1";"1";""
"202100008368";"186Â 774";"B01";"1";"7";"0";"2";"3";"1";"1";""
"202100008368";"186Â 775";"A01";"2";"33";"0";"2";"8";"5";"1";""
"202100008369";"186Â 772";"Z01";"1";"30";"0";"2";"1";"17";"0";""
"202100008369";"186Â 773";"A01";"1";"1";"0";"2";"4";"13";"5";""
"202100008370";"186Â 770";"B01";"1";"2";"0";"2";"1";"18";"1";""
"202100008370";"186Â 771";"A01";"1";"7";"0";"2";"5";"22";"2";""
"202100008371";"186Â 768";"A01";"3";"7";"0";"2";"3";"9";"1";""
"202100008371";"186Â 769";"B01";"3";"32";"0";"2";"1";"1";"1";""
"202100008372";"186Â 766";"B01";"1";"2";"0";"2";"1";"1";"1";""
"202100008372";"186Â 767";"A01";"3";"7";"0";"2";"5";"15";"1";""
"202100008373";"186Â 765";"A01";"3";"7";"0";"1";"1";"9";"1";""
"202100008374";"186Â 763";"B01";"1";"1";"1";"0";"8";"2";"0";""
"202100008374";"186Â 764";"A01";"1";"7";"0";"9";"7";"24";"0";""
"202100008375";"186Â 761";"B01";"2";"2";"0";"2";"7";"18";"1";""
"202100008375";"186Â 762";"A01";"2";"10";"0";"2";"7";"16";"1";""
"202100008376";"186Â 759";"B01";"2";"50";"4";"2";"0";"5";"3";""
"202100008376";"186Â 760";"A01";"3";"7";"4";"9";"1";"1";"1";""
"202100008377";"186Â 757";"A01";"2";"7";"0";"2";"3";"0";"2";""
"202100008377";"186Â 758";"B01";"2";"7";"9";"2";"1";"0";"1";""
"202100008378";"186Â 755";"A01";"1";"7";"3";"0";"3";"11";"0";""
"202100008378";"186Â 756";"B01";"1";"32";"0";"2";"0";"0";"0";""
"202100008379";"186Â 753";"B01";"1";"7";"0";"2";"3";"1";"1";""
"202100008379";"186Â 754";"A01";"2";"1";"0";"2";"1";"1";"5";""
"202100008380";"186Â 751";"A01";"3";"7";"0";"2";"3";"1";"0";""
"202100008380";"186Â 752";"B01";"3";"7";"0";"2";"0";"0";"0";""
"202100008381";"186Â 749";"A01";"1";"7";"0";"2";"3";"1";"1";""
"202100008381";"186Â 750";"B01";"1";"2";"0";"2";"1";"1";"1";""
"202100008382";"186Â 748";"A01";"1";"1";"0";"0";"0";"1";"5";""
"202100008383";"186Â 747";"A01";"1";"1";"1";"0";"2";"14";"5";""
"202100008384";"186Â 745";"B01";"2";"7";"0";"0";"1";"1";"1";""
"202100008384";"186Â 746";"A01";"1";"7";"0";"2";"1";"1";"1";""
"202100008385";"186Â 743";"A01";"3";"7";"0";"2";"7";"15";"0";""
"202100008385";"186Â 744";"B01";"1";"7";"0";"2";"1";"1";"1";""
"202100008386";"186Â 741";"A01";"0";"10";"0";"9";"3";"11";"1";""
"202100008386";"186Â 742";"B01";"0";"1";"0";"2";"6";"1";"5";""
"202100008387";"186Â 740";"A01";"2";"7";"4";"0";"3";"11";"1";""
"202100008388";"186Â 736";"D01";"3";"7";"0";"9";"0";"1";"1";""
"202100008388";"186Â 737";"C01";"3";"7";"0";"2";"1";"1";"1";""
"202100008388";"186Â 738";"B01";"3";"7";"0";"2";"8";"1";"1";""
"202100008388";"186Â 739";"A01";"3";"7";"0";"2";"1";"17";"1";""
"202100008389";"186Â 735";"A01";"0";"2";"11";"0";"9";"0";"1";""
"202100008390";"186Â 734";"A01";"2";"7";"3";"0";"0";"1";"1";""
"202100008391";"186Â 733";"A01";"1";"7";"0";"0";"9";"1";"1";""
"202100008392";"186Â 731";"A01";"2";"7";"0";"2";"1";"2";"2";""
"202100008392";"186Â 732";"B01";"2";"2";"0";"2";"4";"1";"1";""
"202100008393";"186Â 730";"A01";"3";"7";"8";"0";"9";"1";"6";""
"202100008394";"186Â 729";"A01";"1";"1";"0";"0";"9";"1";"5";""
"202100008395";"186Â 728";"A01";"2";"7";"2";"0";"9";"13";"1";""
"202100008396";"186Â 722";"B01";"1";"7";"0";"2";"3";"15";"1";""
"202100008396";"186Â 723";"A01";"1";"2";"0";"2";"1";"2";"1";""
"202100008397";"186Â 721";"A01";"0";"7";"8";"0";"1";"1";"1";""
"202100008398";"186Â 719";"A01";"2";"7";"0";"2";"6";"1";"1";""
"202100008398";"186Â 720";"B01";"2";"2";"0";"2";"1";"1";"1";""
"202100008399";"186Â 718";"A01";"2";"7";"16";"0";"3";"1";"1";""
"202100008400";"186Â 717";"A01";"1";"7";"2";"0";"1";"13";"1";""
"202100008401";"186Â 715";"A01";"3";"7";"0";"2";"2";"1";"1";""
"202100008401";"186Â 716";"B01";"2";"7";"0";"2";"3";"1";"1";""
"202100008402";"186Â 714";"A01";"1";"7";"2";"0";"1";"0";"1";""
"202100008403";"186Â 713";"A01";"1";"33";"3";"0";"8";"12";"1";""
"202100008404";"186Â 711";"A01";"1";"7";"0";"2";"2";"2";"1";""
"202100008404";"186Â 712";"B01";"1";"30";"0";"0";"6";"1";"1";""
"202100008405";"186Â 709";"B01";"1";"17";"0";"2";"3";"1";"1";""
"202100008405";"186Â 710";"A01";"2";"7";"10";"2";"3";"13";"1";""
"202100008406";"186Â 707";"A01";"2";"7";"0";"0";"4";"2";"1";""
"202100008406";"186Â 708";"B01";"2";"7";"0";"2";"1";"2";"1";""
"202100008407";"186Â 705";"B01";"1";"33";"14";"2";"1";"1";"1";""
"202100008407";"186Â 706";"A01";"2";"7";"0";"2";"2";"15";"1";""
"202100008408";"186Â 704";"A01";"1";"7";"8";"0";"9";"13";"1";""
"202100008409";"186Â 702";"B01";"3";"7";"0";"0";"3";"1";"1";""
"202100008409";"186Â 703";"A01";"2";"7";"13";"0";"2";"1";"1";""
"202100008410";"186Â 701";"A01";"2";"7";"2";"0";"3";"1";"1";""
"202100008411";"186Â 700";"A01";"2";"7";"15";"0";"2";"1";"1";""
"202100008412";"186Â 698";"A01";"2";"33";"0";"2";"1";"1";"1";""
"202100008412";"186Â 699";"B01";"2";"10";"0";"2";"7";"15";"1";""
"202100008413";"186Â 697";"A01";"1";"7";"0";"1";"1";"1";"1";""
"202100008414";"186Â 696";"A01";"0";"7";"0";"1";"2";"20";"1";""
"202100008415";"186Â 694";"B01";"1";"17";"0";"0";"1";"21";"1";""
"202100008415";"186Â 695";"A01";"1";"7";"0";"0";"8";"0";"1";""
"202100008416";"186Â 693";"A01";"2";"7";"6";"0";"1";"14";"1";""
"202100008417";"186Â 691";"B01";"2";"7";"0";"2";"1";"1";"1";""
"202100008417";"186Â 692";"A01";"1";"7";"0";"2";"7";"15";"1";""
"202100008418";"186Â 690";"A01";"0";"7";"15";"1";"1";"0";"1";""
"202100008419";"186Â 689";"A01";"3";"10";"0";"1";"6";"4";"1";""
"202100008420";"186Â 688";"A01";"2";"7";"13";"0";"1";"1";"1";""
"202100008421";"186Â 687";"A01";"1";"7";"13";"0";"9";"1";"1";""
"202100008422";"186Â 685";"B01";"1";"7";"0";"2";"3";"16";"1";""
"202100008422";"186Â 686";"A01";"2";"7";"0";"2";"3";"16";"1";""
"202100008423";"186Â 684";"A01";"1";"2";"0";"0";"0";"2";"1";""
"202100008424";"186Â 683";"A01";"2";"7";"0";"1";"1";"11";"1";""
"202100008425";"186Â 682";"A01";"1";"7";"0";"0";"1";"1";"1";""
"202100008426";"186Â 681";"A01";"2";"10";"15";"0";"1";"1";"1";""
"202100008427";"186Â 679";"B01";"1";"1";"0";"2";"1";"1";"5";""
"202100008427";"186Â 680";"A01";"1";"7";"0";"2";"3";"1";"1";""
"202100008428";"186Â 677";"B01";"1";"7";"0";"2";"7";"14";"1";""
"202100008428";"186Â 678";"A01";"1";"7";"0";"2";"3";"1";"1";""
"202100008429";"186Â 675";"Z01";"1";"7";"0";"2";"7";"12";"1";""
"202100008429";"186Â 676";"A01";"1";"33";"0";"2";"8";"0";"1";""
"202100008430";"186Â 668";"G01";"2";"7";"0";"2";"4";"23";"1";""
"202100008430";"186Â 669";"F01";"2";"7";"0";"2";"4";"23";"1";""
"202100008430";"186Â 670";"A01";"2";"10";"0";"2";"1";"12";"1";""
"202100008430";"186Â 671";"B01";"2";"7";"0";"2";"4";"23";"1";""
"202100008430";"186Â 672";"C01";"2";"10";"0";"2";"4";"23";"1";""
"202100008430";"186Â 673";"D01";"2";"7";"0";"2";"4";"23";"1";""
"202100008430";"186Â 674";"E01";"2";"7";"0";"2";"4";"23";"2";""
"202100008431";"186Â 667";"A01";"2";"7";"2";"0";"1";"1";"2";""
"202100008432";"186Â 665";"A01";"2";"13";"0";"2";"2";"1";"1";""
"202100008432";"186Â 666";"B01";"2";"7";"0";"2";"8";"2";"1";""
"202100008433";"186Â 664";"A01";"1";"10";"0";"1";"1";"1";"1";""
"202100008434";"186Â 663";"A01";"1";"7";"0";"1";"2";"1";"1";""
"202100008435";"186Â 661";"B01";"1";"33";"0";"2";"7";"1";"1";""
"202100008435";"186Â 662";"A01";"1";"7";"0";"2";"8";"13";"1";""
"202100008436";"186Â 659";"A01";"2";"7";"0";"2";"1";"15";"1";""
"202100008436";"186Â 660";"B01";"1";"31";"0";"2";"7";"1";"1";""
"202100008437";"186Â 657";"B01";"1";"2";"0";"2";"4";"23";"6";""
"202100008437";"186Â 658";"A01";"1";"10";"0";"2";"2";"2";"0";""
"202100008438";"186Â 655";"B01";"1";"7";"0";"2";"3";"1";"1";""
"202100008438";"186Â 656";"A01";"1";"7";"0";"2";"2";"15";"0";""
"202100008439";"186Â 651";"A01";"1";"0";"5";"2";"0";"0";"0";""
"202100008439";"186Â 652";"B01";"1";"7";"0";"2";"2";"1";"1";""
"202100008439";"186Â 653";"C01";"1";"7";"0";"2";"9";"0";"1";""
"202100008439";"186Â 654";"D01";"1";"7";"0";"2";"4";"0";"1";""
"202100008440";"186Â 650";"A01";"2";"7";"0";"1";"2";"1";"1";""
"202100008441";"186Â 649";"A01";"3";"34";"0";"1";"8";"26";"1";""
"202100008442";"186Â 647";"A01";"1";"7";"0";"2";"1";"1";"1";""
"202100008442";"186Â 648";"B01";"1";"7";"0";"2";"4";"1";"1";""
"202100008443";"186Â 646";"A01";"2";"7";"4";"0";"2";"26";"1";""
"202100008444";"186Â 644";"A01";"1";"7";"0";"2";"7";"10";"1";""
"202100008444";"186Â 645";"B01";"2";"7";"0";"2";"1";"1";"1";""
"202100008445";"186Â 643";"A01";"1";"10";"0";"1";"4";"20";"1";""
"202100008446";"186Â 642";"A01";"1";"7";"0";"1";"1";"1";"1";""
"202100008447";"186Â 640";"A01";"2";"7";"1";"2";"1";"1";"1";""
"202100008447";"186Â 641";"B01";"2";"7";"0";"2";"8";"1";"1";""
"202100008448";"186Â 638";"A01";"0";"7";"0";"2";"1";"1";"2";""
"202100008448";"186Â 639";"B01";"0";"7";"0";"2";"6";"1";"1";""
"202100008449";"186Â 636";"A01";"3";"7";"0";"2";"3";"9";"1";""
"202100008449";"186Â 637";"B01";"3";"1";"0";"2";"7";"1";"0";""
"202100008450";"186Â 634";"A01";"2";"10";"0";"2";"1";"2";"1";""
"202100008450";"186Â 635";"B01";"2";"7";"0";"2";"4";"1";"1";""
"202100008451";"186Â 632";"A01";"2";"7";"0";"2";"1";"1";"0";""
"202100008451";"186Â 633";"B01";"2";"10";"0";"2";"4";"23";"0";""
"202100008452";"186Â 631";"A01";"1";"39";"0";"1";"1";"26";"3";""
"202100008453";"186Â 629";"A01";"3";"2";"15";"0";"1";"1";"1";""
"202100008454";"186Â 627";"A01";"1";"1";"0";"2";"4";"9";"6";""
"202100008454";"186Â 628";"B01";"1";"7";"0";"2";"1";"1";"1";""
"202100008455";"186Â 625";"A01";"3";"7";"0";"2";"3";"13";"1";""
"202100008455";"186Â 626";"B01";"3";"80";"0";"2";"1";"1";"3";""
"202100008456";"186Â 623";"Z01";"3";"7";"0";"2";"0";"0";"0";""
"202100008456";"186Â 624";"B01";"3";"1";"0";"2";"0";"26";"5";""
"202100008457";"186Â 621";"B01";"3";"50";"0";"2";"1";"19";"3";""
"202100008457";"186Â 622";"A01";"3";"7";"0";"2";"1";"5";"1";""
"202100008458";"186Â 620";"A01";"1";"2";"1";"0";"0";"14";"1";""
"202100008459";"186Â 618";"A01";"3";"7";"0";"2";"8";"8";"1";""
"202100008459";"186Â 619";"B01";"3";"37";"0";"2";"0";"1";"3";"2"
"202100008460";"186Â 616";"B01";"1";"7";"0";"2";"4";"20";"1";""
"202100008460";"186Â 617";"A01";"1";"7";"0";"2";"1";"1";"1";""
"202100008461";"186Â 614";"B01";"2";"1";"0";"2";"1";"2";"5";""
"202100008461";"186Â 615";"A01";"1";"7";"0";"2";"1";"15";"1";""
"202100008462";"186Â 613";"A01";"1";"7";"0";"2";"1";"13";"0";""
"202100008463";"186Â 611";"B01";"1";"2";"0";"2";"0";"0";"1";""
"202100008463";"186Â 612";"A01";"2";"7";"0";"2";"0";"0";"1";""
"202100008464";"186Â 609";"A01";"1";"7";"0";"9";"1";"1";"1";""
"202100008464";"186Â 610";"B01";"1";"1";"0";"2";"1";"1";"5";""
"202100008465";"186Â 607";"A01";"1";"7";"0";"2";"1";"2";"1";""
"202100008465";"186Â 608";"B01";"1";"7";"0";"2";"4";"2";"1";""
"202100008466";"186Â 605";"B01";"1";"1";"0";"2";"8";"1";"5";""
"202100008466";"186Â 606";"A01";"1";"7";"0";"9";"7";"17";"1";""
"202100008467";"186Â 603";"B01";"0";"2";"0";"2";"7";"1";"1";""
"202100008467";"186Â 604";"A01";"0";"7";"0";"2";"6";"10";"1";""
"202100008468";"186Â 601";"A01";"1";"30";"0";"2";"2";"17";"1";""
"202100008468";"186Â 602";"B01";"1";"7";"0";"2";"8";"1";"1";""
"202100008469";"186Â 599";"Z01";"0";"7";"0";"2";"7";"1";"0";""
"202100008469";"186Â 600";"B01";"1";"1";"0";"2";"8";"1";"5";""
"202100008470";"186Â 597";"A01";"1";"7";"0";"2";"3";"9";"1";""
"202100008470";"186Â 598";"B01";"1";"7";"0";"2";"2";"1";"1";""
"202100008471";"186Â 595";"B01";"1";"30";"0";"2";"1";"1";"1";""
"202100008471";"186Â 596";"A01";"1";"7";"0";"2";"2";"15";"1";""
"202100008472";"186Â 594";"A01";"3";"1";"12";"0";"0";"13";"5";""
"202100008473";"186Â 592";"B01";"2";"10";"11";"2";"1";"2";"1";""
"202100008473";"186Â 593";"A01";"2";"7";"11";"2";"3";"15";"1";""
"202100008474";"186Â 590";"A01";"2";"7";"0";"2";"1";"1";"1";""
"202100008474";"186Â 591";"B01";"2";"7";"0";"2";"4";"1";"1";""
"202100008475";"186Â 588";"B01";"1";"31";"0";"2";"0";"1";"1";""
"202100008475";"186Â 589";"A01";"0";"7";"0";"2";"0";"9";"1";""
"202100008476";"186Â 586";"B01";"3";"50";"0";"2";"1";"1";"3";""
"202100008476";"186Â 587";"A01";"1";"7";"1";"0";"1";"1";"1";""
"202100008477";"186Â 584";"B01";"2";"7";"0";"2";"1";"1";"1";""
"202100008477";"186Â 585";"A01";"3";"1";"0";"2";"8";"19";"5";""
"202100008478";"186Â 582";"A01";"2";"7";"0";"2";"4";"20";"1";""
"202100008478";"186Â 583";"B01";"2";"7";"1";"2";"1";"1";"1";""
"202100008479";"186Â 580";"Z01";"1";"7";"14";"2";"1";"1";"1";""
"202100008479";"186Â 581";"B01";"1";"1";"0";"2";"8";"19";"5";""
"202100008480";"186Â 578";"B01";"1";"7";"0";"2";"2";"20";"1";""
"202100008480";"186Â 579";"A01";"1";"30";"0";"2";"1";"18";"1";""
"202100008481";"186Â 576";"B01";"1";"99";"0";"2";"2";"0";"1";""
"202100008481";"186Â 577";"Z01";"1";"7";"0";"2";"3";"15";"1";""
"202100008482";"186Â 574";"A01";"2";"7";"0";"2";"3";"17";"1";""
"202100008482";"186Â 575";"B01";"1";"80";"0";"2";"1";"0";"3";""
"202100008483";"186Â 572";"A01";"3";"7";"0";"2";"1";"9";"1";""
"202100008483";"186Â 573";"B01";"3";"2";"0";"2";"1";"1";"1";""
"202100008484";"186Â 570";"B01";"3";"7";"0";"2";"3";"1";"1";""
"202100008484";"186Â 571";"A01";"1";"7";"0";"2";"3";"9";"1";""
"202100008485";"186Â 568";"B01";"1";"30";"0";"2";"4";"1";"1";""
"202100008485";"186Â 569";"A01";"1";"7";"0";"2";"2";"1";"1";""
"202100008486";"186Â 566";"A01";"1";"7";"0";"2";"1";"1";"1";""
"202100008486";"186Â 567";"B01";"1";"7";"0";"0";"4";"15";"1";""
"202100008487";"186Â 564";"B01";"2";"2";"0";"2";"1";"9";"1";""
"202100008487";"186Â 565";"A01";"2";"7";"0";"2";"4";"1";"1";""
"202100008488";"186Â 557";"A01";"2";"7";"0";"2";"9";"17";"1";""
"202100008488";"186Â 558";"B01";"2";"7";"0";"2";"8";"17";"1";""
"202100008489";"186Â 556";"Z01";"2";"7";"0";"1";"2";"1";"0";""
"202100008490";"186Â 554";"B01";"3";"1";"0";"2";"3";"1";"5";""
"202100008490";"186Â 555";"A01";"3";"7";"0";"2";"2";"15";"1";""
"202100008491";"186Â 553";"A01";"3";"7";"0";"1";"3";"1";"1";""
"202100008492";"186Â 551";"A01";"2";"7";"1";"0";"1";"2";"1";""
"202100008492";"186Â 552";"B01";"3";"7";"9";"2";"4";"24";"0";""
"202100008493";"186Â 550";"A01";"1";"10";"8";"0";"1";"1";"1";""
"202100008494";"186Â 548";"B01";"2";"10";"0";"2";"1";"1";"1";""
"202100008494";"186Â 549";"A01";"1";"7";"0";"2";"1";"1";"1";""
"202100008495";"186Â 547";"A01";"3";"7";"0";"1";"3";"1";"1";""
"202100008496";"186Â 545";"A01";"3";"7";"0";"2";"1";"1";"1";""
"202100008496";"186Â 546";"B01";"3";"30";"0";"2";"4";"23";"1";""
"202100008497";"186Â 544";"A01";"2";"34";"0";"1";"1";"2";"1";""
"202100008498";"186Â 543";"A01";"3";"7";"0";"1";"1";"9";"1";""
"202100008499";"186Â 541";"A01";"2";"7";"0";"1";"2";"5";"1";""
"202100008499";"186Â 542";"B01";"1";"7";"0";"2";"2";"1";"2";""
"202100008500";"186Â 540";"A01";"1";"7";"0";"1";"1";"16";"1";""
"202100008501";"186Â 539";"A01";"1";"1";"12";"0";"0";"14";"5";""
"202100008502";"186Â 537";"A01";"2";"7";"0";"2";"1";"1";"2";""
"202100008502";"186Â 538";"B01";"1";"1";"0";"2";"7";"1";"5";""
"202100008503";"186Â 535";"A01";"2";"50";"0";"2";"1";"1";"3";""
"202100008503";"186Â 536";"Z01";"1";"7";"0";"2";"2";"15";"0";""
"202100008504";"186Â 533";"A01";"1";"30";"0";"2";"1";"7";"1";""
"202100008504";"186Â 534";"B01";"1";"7";"0";"2";"5";"22";"1";""
"202100008505";"186Â 532";"A01";"2";"7";"1";"0";"2";"14";"3";""
"202100008506";"186Â 531";"A01";"2";"33";"11";"0";"3";"1";"1";""
"202100008507";"186Â 529";"B01";"1";"2";"0";"2";"2";"14";"1";""
"202100008507";"186Â 530";"A01";"1";"7";"0";"2";"3";"1";"1";""
"202100008508";"186Â 527";"B01";"2";"7";"0";"0";"4";"23";"1";""
"202100008508";"186Â 528";"A01";"2";"7";"0";"2";"1";"2";"1";""
"202100008509";"186Â 525";"A01";"3";"7";"0";"2";"1";"2";"1";""
"202100008509";"186Â 526";"B01";"3";"50";"0";"2";"4";"2";"3";""
"202100008510";"186Â 523";"A01";" -1";"7";"0";"2";"1";"2";"1";""
"202100008510";"186Â 524";"B01";" -1";"7";"0";"2";"4";"2";"1";""
"202100008511";"186Â 521";"A01";"3";"7";"0";"2";"3";"26";"1";""
"202100008511";"186Â 522";"B01";"1";"7";"1";"0";"0";"0";"1";""
"202100008512";"186Â 519";"B01";"1";"7";"0";"0";"4";"2";"2";""
"202100008512";"186Â 520";"A01";"1";"7";"1";"2";"1";"2";"1";""
"202100008513";"186Â 517";"A01";"1";"7";"0";"2";"2";"9";"1";""
"202100008513";"186Â 518";"B01";"2";"10";"0";"2";"7";"1";"1";""
"202100008514";"186Â 515";"B01";"1";"33";"0";"2";"4";"23";"1";""
"202100008514";"186Â 516";"A01";"1";"33";"0";"2";"1";"26";"1";""
"202100008515";"186Â 512";"C01";"0";"7";"0";"2";"2";"1";"1";""
"202100008515";"186Â 513";"B01";"0";"7";"0";"2";"1";"1";"2";""
"202100008515";"186Â 514";"A01";"0";"7";"0";"2";"5";"1";"1";""
"202100008516";"186Â 510";"A01";"1";"33";"0";"2";"1";"2";"1";""
"202100008516";"186Â 511";"B01";"1";"7";"0";"2";"4";"1";"3";""
"202100008517";"186Â 509";"A01";"3";"10";"0";"1";"3";"20";"0";""
"202100008518";"186Â 507";"A01";"2";"7";"0";"2";"8";"13";"1";""
"202100008518";"186Â 508";"B01";"1";"7";"0";"2";"8";"13";"1";""
"202100008519";"186Â 506";"A01";"0";"7";"0";"1";"1";"1";"1";""
"202100008520";"186Â 504";"A01";"2";"7";"0";"0";"4";"23";"1";""
"202100008520";"186Â 505";"B01";"2";"99";"0";"2";"1";"1";"6";""
"202100008521";"186Â 503";"A01";"3";"7";"6";"0";"2";"1";"1";""
"202100008522";"186Â 501";"A01";"2";"7";"0";"2";"2";"1";"1";""
"202100008522";"186Â 502";"B01";"1";"7";"0";"2";"1";"1";"1";""
"202100008523";"186Â 499";"B01";"2";"10";"0";"2";"2";"2";"1";""
"202100008523";"186Â 500";"A01";"2";"7";"0";"0";"4";"23";"1";""
"202100008524";"186Â 497";"A01";"1";"31";"0";"2";"1";"17";"1";""
"202100008524";"186Â 498";"B01";"2";"7";"0";"9";"3";"1";"1";""
"202100008525";"186Â 492";"A01";"2";"7";"0";"2";"1";"13";"1";""
"202100008525";"186Â 493";"B01";"1";"15";"0";"2";"3";"1";"1";""
"202100008526";"186Â 491";"A01";"2";"7";"2";"0";"2";"1";"1";""
"202100008527";"186Â 490";"A01";"1";"15";"0";"0";"0";"1";"1";""
"202100008528";"186Â 489";"A01";"1";"7";"2";"0";"1";"1";"1";""
"202100008529";"186Â 488";"A01";"3";"10";"7";"0";"0";"1";"1";""
"202100008530";"186Â 487";"A01";"1";"7";"0";"1";"1";"1";"1";""
"202100008531";"186Â 486";"A01";"2";"21";"0";"0";"9";"1";"1";""
"202100008532";"186Â 484";"B01";"2";"7";"0";"2";"1";"1";"1";""
"202100008532";"186Â 485";"A01";"1";"10";"0";"2";"2";"13";"1";""
"202100008533";"186Â 483";"A01";"0";"7";"2";"0";"2";"1";"1";""
"202100008534";"186Â 481";"B01";"1";"14";"0";"2";"1";"1";"1";""
"202100008534";"186Â 482";"A01";"2";"7";"0";"2";"8";"10";"1";""
"202100008535";"186Â 480";"A01";"1";"7";"10";"0";"3";"19";"1";""
"202100008536";"186Â 478";"B01";"2";"10";"0";"2";"1";"1";"0";""
"202100008536";"186Â 479";"A01";"1";"7";"0";"2";"7";"19";"0";""
"202100008537";"186Â 476";"A01";"2";"7";"0";"1";"0";"0";"1";""
"202100008537";"186Â 477";"B01";"2";"2";"0";"1";"1";"1";"1";""
"202100008538";"186Â 474";"A01";"1";"80";"0";"2";"5";"1";"3";""
"202100008538";"186Â 475";"B01";"1";"7";"0";"2";"3";"2";"1";""
"202100008539";"186Â 472";"B01";"1";"10";"0";"2";"1";"1";"1";""
"202100008539";"186Â 473";"A01";"2";"7";"0";"2";"5";"13";"1";""
"202100008540";"186Â 471";"A01";"1";"7";"6";"0";"1";"6";"1";""
"202100008541";"186Â 470";"A01";"2";"7";"1";"0";"2";"26";"1";""
"202100008542";"186Â 469";"A01";"1";"7";"0";"1";"0";"1";"1";""
"202100008543";"186Â 468";"A01";"2";"10";"0";"1";"2";"1";"1";""
"202100008544";"186Â 465";"C01";"1";"7";"0";"2";"3";"1";"1";""
"202100008544";"186Â 466";"B01";"2";"10";"0";"2";"1";"1";"1";""
"202100008544";"186Â 467";"A01";"2";"10";"0";"2";"3";"13";"1";""
"202100008545";"186Â 463";"A01";"1";"7";"0";"2";"2";"13";"1";""
"202100008545";"186Â 464";"B01";"2";"10";"0";"2";"1";"1";"1";""
"202100008546";"186Â 461";"B01";"1";"7";"0";"2";"2";"5";"1";""
"202100008546";"186Â 462";"A01";"2";"7";"0";"2";"7";"1";"1";""
"202100008547";"186Â 459";"B01";"1";"10";"0";"2";"3";"13";"1";""
"202100008547";"186Â 460";"A01";"2";"7";"6";"2";"3";"1";"1";""
"202100008548";"186Â 457";"A01";"1";"7";"1";"0";"2";"17";"1";""
"202100008548";"186Â 458";"B01";"1";"15";"0";"2";"6";"24";"1";""
"202100008549";"186Â 454";"A01";"1";"7";"0";"0";"4";"26";"1";""
"202100008549";"186Â 455";"B01";"1";"7";"0";"2";"1";"1";"1";""
"202100008549";"186Â 456";"C01";"1";"10";"1";"0";"2";"21";"1";""
"202100008550";"186Â 453";"A01";"3";"36";"8";"0";"1";"1";"1";""
"202100008551";"186Â 450";"A01";"0";"7";"0";"1";"5";"21";"1";""
"202100008552";"186Â 448";"B01";"1";"10";"0";"2";"1";"1";"1";""
"202100008552";"186Â 449";"A01";"2";"7";"0";"2";"1";"5";"1";""
"202100008553";"186Â 446";"B01";"2";"7";"0";"2";"1";"1";"1";""
"202100008553";"186Â 447";"A01";"1";"7";"0";"2";"1";"5";"1";""
"202100008554";"186Â 444";"A01";"2";"7";"13";"0";"4";"2";"1";""