"Num_Acc";"id_vehicule";"num_veh";"senc";"catv";"obs";"obsm";"choc";"manv";"motor";"occutc"
"202100008554";"186Â 445";"B01";"2";"7";"0";"2";"1";"2";"1";""
"202100008555";"186Â 443";"A01";"2";"7";"2";"0";"1";"14";"1";""
"202100008556";"186Â 442";"A01";"2";"31";"0";"0";"7";"1";"1";""
"202100008557";"186Â 440";"B01";"1";"33";"0";"2";"1";"2";"1";""
"202100008557";"186Â 441";"A01";"2";"7";"0";"2";"1";"15";"1";""
"202100008558";"186Â 438";"A01";"1";"7";"0";"2";"6";"4";"1";""
"202100008558";"186Â 439";"B01";"1";"2";"0";"0";"1";"1";"1";""
"202100008559";"186Â 436";"A01";"2";"7";"0";"2";"3";"1";"1";""
"202100008559";"186Â 437";"B01";"1";"31";"0";"2";"1";"16";"1";""
"202100008560";"186Â 434";"A01";"1";"7";"0";"2";"2";"5";"1";""
"202100008560";"186Â 435";"C01";"2";"7";"15";"2";"1";"1";"1";""
"202100008561";"186Â 432";"B01";"1";"7";"3";"2";"1";"1";"1";""
"202100008561";"186Â 433";"A01";"2";"7";"0";"2";"1";"13";"1";""
"202100008562";"186Â 430";"A01";"2";"7";"0";"2";"8";"15";"1";""
"202100008562";"186Â 431";"B01";"1";"2";"3";"2";"8";"19";"1";""
"202100008563";"186Â 428";"B01";"0";"31";"0";"2";"1";"19";"1";""
"202100008563";"186Â 429";"A01";"0";"7";"0";"2";"7";"1";"1";""
"202100008564";"186Â 427";"A01";"1";"7";"2";"0";"0";"0";"1";""
"202100008565";"186Â 426";"A01";"2";"33";"3";"0";"1";"2";"1";""
"202100008566";"186Â 424";"A01";"1";"7";"1";"0";"1";"1";"1";""
"202100008566";"186Â 425";"B01";"2";"7";"0";"2";"2";"24";"1";""
"202100008567";"186Â 423";"A01";"0";"33";"2";"0";"1";"0";"1";""
"202100008568";"186Â 421";"B01";"1";"7";"0";"2";"1";"1";"0";""
"202100008568";"186Â 422";"A01";"2";"7";"0";"2";"2";"15";"1";""
"202100008569";"186Â 419";"B01";"2";"2";"0";"2";"1";"1";"1";""
"202100008569";"186Â 420";"A01";"1";"7";"0";"2";"3";"1";"1";""
"202100008570";"186Â 417";"B01";"1";"1";"0";"2";"4";"15";"5";""
"202100008570";"186Â 418";"A01";"1";"7";"0";"2";"1";"15";"1";""
"202100008571";"186Â 416";"A01";"1";"33";"15";"0";"0";"1";"1";""
"202100008572";"186Â 415";"A01";"1";"7";"0";"0";"9";"2";"1";""
"202100008573";"186Â 414";"A01";"0";"7";"12";"0";"1";"0";"1";""
"202100008574";"186Â 411";"A01";"2";"15";"0";"2";"2";"14";"1";""
"202100008574";"186Â 412";"B01";"2";"7";"0";"2";"6";"11";"1";""
"202100008575";"186Â 409";"A01";"1";"7";"0";"2";"6";"1";"1";""
"202100008575";"186Â 410";"B01";"1";"7";"0";"2";"1";"2";"1";""
"202100008576";"186Â 407";"A01";"1";"7";"0";"2";"2";"26";"1";""
"202100008576";"186Â 408";"B01";"1";"7";"0";"2";"6";"23";"1";""
"202100008577";"186Â 404";"B01";"1";"7";"0";"2";"6";"1";"1";""
"202100008577";"186Â 405";"A01";"1";"7";"0";"2";"2";"1";"1";""
"202100008577";"186Â 406";"C01";"1";"10";"0";"2";"8";"1";"1";""
"202100008578";"186Â 403";"A01";"2";"7";"3";"0";"1";"17";"1";""
"202100008579";"186Â 402";"A01";"1";"7";"4";"0";"1";"16";"1";""
"202100008580";"186Â 399";"C01";"1";"33";"0";"2";"0";"0";"1";""
"202100008580";"186Â 400";"B01";"1";"33";"0";"2";"5";"1";"1";""
"202100008580";"186Â 401";"A01";"1";"33";"0";"2";"3";"3";"0";""
"202100008581";"186Â 395";"A01";"2";"7";"14";"0";"4";"2";"2";""
"202100008581";"186Â 396";"B01";"1";"7";"0";"2";"4";"1";"1";""
"202100008581";"186Â 397";"C01";"1";"7";"0";"2";"4";"2";"1";""
"202100008581";"186Â 398";"Z01";"1";"7";"0";"2";"1";"1";"1";""
"202100008582";"186Â 393";"A01";"1";"7";"0";"2";"1";"17";"1";""
"202100008582";"186Â 394";"B01";"1";"7";"0";"2";"4";"2";"1";""
"202100008583";"186Â 392";"A01";"2";"7";"13";"0";"1";"17";"1";""
"202100008584";"186Â 388";"D01";"2";"7";"0";"2";"4";"2";"1";""
"202100008584";"186Â 389";"C01";"2";"7";"0";"2";"4";"2";"1";""
"202100008584";"186Â 390";"B01";"2";"7";"0";"2";"4";"2";"1";""
"202100008584";"186Â 391";"A01";"2";"7";"0";"2";"1";"1";"1";""
"202100008585";"186Â 386";"B01";"1";"10";"0";"2";"4";"1";"1";""
"202100008585";"186Â 387";"A01";"1";"7";"0";"2";"1";"2";"1";""
"202100008586";"186Â 384";"B01";"1";"10";"0";"2";"8";"1";"1";""
"202100008586";"186Â 385";"A01";"1";"33";"0";"2";"3";"3";"1";""
"202100008587";"186Â 382";"B01";"1";"10";"0";"2";"7";"1";"1";""
"202100008587";"186Â 383";"A01";"1";"33";"0";"2";"8";"3";"1";""
"202100008588";"186Â 379";"A01";"2";"33";"0";"2";"3";"3";"1";""
"202100008588";"186Â 380";"B01";"2";"7";"0";"2";"5";"1";"1";""
"202100008588";"186Â 381";"C01";"1";"7";"0";"2";"3";"1";"1";""
"202100008589";"186Â 377";"B01";"2";"10";"0";"2";"7";"12";"1";""
"202100008589";"186Â 378";"A01";"2";"43";"0";"2";"3";"3";"1";""
"202100008590";"186Â 375";"A01";"2";"32";"0";"2";"1";"1";"1";""
"202100008590";"186Â 376";"B01";"2";"7";"0";"2";"5";"11";"1";""
"202100008591";"186Â 374";"A01";"2";"32";"0";"0";"7";"3";"1";""
"202100008592";"186Â 373";"A01";"3";"33";"12";"0";"3";"13";"1";""
"202100008593";"186Â 371";"B01";"1";"7";"0";"1";"4";"23";"1";""
"202100008593";"186Â 372";"A01";"1";"7";"0";"2";"1";"1";"1";""
"202100008594";"186Â 370";"A01";"1";"33";"0";"1";"1";"1";"1";""
"202100008595";"186Â 369";"A01";"1";"7";"0";"1";"1";"15";"1";""
"202100008596";"186Â 368";"A01";"1";"33";"12";"0";"3";"13";"1";""
"202100008597";"186Â 367";"A01";"2";"1";"0";"0";"1";"1";"5";""
"202100008598";"186Â 365";"B01";"1";"7";"0";"2";"7";"15";"1";""
"202100008598";"186Â 366";"A01";"2";"50";"0";"2";"1";"19";"3";""
"202100008599";"186Â 364";"A01";"1";"1";"0";"1";"1";"25";"5";""
"202100008600";"186Â 363";"A01";"2";"43";"0";"1";"2";"17";"1";""
"202100008601";"186Â 362";"A01";"2";"30";"0";"2";"8";"21";"1";""
"202100008602";"186Â 361";"A01";"1";"7";"0";"1";"3";"1";"1";""
"202100008603";"186Â 359";"A01";"2";"7";"0";"2";"3";"13";"1";""
"202100008603";"186Â 360";"B01";"2";"2";"0";"2";"7";"17";"1";""
"202100008604";"186Â 358";"A01";"1";"43";"9";"0";"2";"1";"1";""
"202100008605";"186Â 356";"B01";"3";"1";"0";"2";"5";"19";"5";""
"202100008605";"186Â 357";"A01";"3";"32";"0";"2";"1";"1";"0";""
"202100008606";"186Â 355";"A01";"1";"2";"0";"0";"7";"1";"1";""
"202100008607";"186Â 353";"B01";"2";"7";"0";"2";"3";"1";"1";""
"202100008607";"186Â 354";"A01";"1";"50";"0";"2";"1";"5";"3";""
"202100008608";"186Â 352";"A01";"1";"10";"0";"1";"2";"16";"1";""
"202100008609";"186Â 350";"A01";"2";"50";"8";"2";"1";"1";"3";""
"202100008609";"186Â 351";"B01";"1";"7";"14";"2";"2";"2";"1";""
"202100008610";"186Â 349";"A01";"2";"37";"0";"1";"7";"16";"1";"1"
"202100008611";"186Â 347";"B01";"3";"7";"0";"0";"0";"0";"1";""
"202100008611";"186Â 348";"A01";"3";"1";"0";"2";"0";"0";"5";""
"202100008612";"186Â 345";"B01";"3";"34";"0";"2";"1";"1";"1";""
"202100008612";"186Â 346";"A01";"3";"7";"0";"2";"3";"10";"1";""
"202100008613";"186Â 344";"A01";"0";"7";"0";"1";"3";"26";"1";""
"202100008614";"186Â 342";"B01";"1";"7";"0";"2";"3";"9";"1";""
"202100008614";"186Â 343";"A01";"1";"32";"0";"2";"1";"5";"1";""
"202100008615";"186Â 341";"A01";"0";"3";"0";"1";"2";"9";"0";""
"202100008616";"186Â 339";"A01";"2";"7";"0";"2";"3";"19";"1";""
"202100008616";"186Â 340";"B01";"1";"7";"0";"2";"1";"19";"1";""
"202100008617";"186Â 337";"B01";"2";"2";"4";"0";"3";"7";"1";""
"202100008617";"186Â 338";"A01";"2";"15";"4";"0";"2";"1";"1";""
"202100008618";"186Â 335";"B01";"1";"7";"0";"9";"3";"0";"1";""
"202100008618";"186Â 336";"A01";"1";"30";"1";"2";"1";"9";"1";""
"202100008619";"186Â 334";"A01";"2";"33";"0";"0";"8";"1";"1";""
"202100008620";"186Â 333";"A01";"1";"7";"0";"1";"3";"1";"0";""
"202100008621";"186Â 332";"A01";"1";"7";"0";"1";"1";"15";"1";""
"202100008622";"186Â 329";"C01";"2";"7";"0";"2";"3";"1";"1";""
"202100008622";"186Â 330";"B01";"2";"7";"0";"2";"7";"15";"1";""
"202100008622";"186Â 331";"A01";"1";"32";"0";"2";"2";"21";"1";""
"202100008623";"186Â 327";"A01";"1";"7";"0";"2";"4";"1";"1";""
"202100008623";"186Â 328";"B01";"2";"1";"0";"2";"4";"1";"5";""
"202100008624";"186Â 326";"A01";"3";"7";"0";"1";"3";"1";"1";""
"202100008625";"186Â 325";"A01";"0";"50";"0";"0";"0";"0";"3";""
"202100008626";"186Â 321";"A01";"1";"7";"0";"2";"3";"13";"1";""
"202100008626";"186Â 322";"B01";"2";"7";"0";"2";"3";"23";"1";""
"202100008626";"186Â 323";"C01";"2";"7";"0";"2";"6";"23";"2";""
"202100008626";"186Â 324";"D01";"2";"7";"0";"2";"1";"23";"1";""
"202100008627";"186Â 319";"A01";"1";"50";"0";"2";"3";"1";"3";""
"202100008627";"186Â 320";"B01";"2";"7";"0";"2";"1";"11";"0";""
"202100008628";"186Â 317";"A01";"0";"7";"0";"2";"7";"17";"1";""
"202100008628";"186Â 318";"B01";"3";"2";"0";"2";"1";"26";"0";""
"202100008629";"186Â 315";"A01";"2";"7";"0";"2";"3";"1";"1";""
"202100008629";"186Â 316";"B01";"1";"3";"0";"2";"3";"13";"1";""
"202100008630";"186Â 314";"A01";"2";"21";"0";"0";"0";"0";"1";""
"202100008631";"186Â 313";"A01";"2";"1";"0";"0";"0";"1";"6";""
"202100008632";"186Â 311";"A01";"2";"33";"0";"2";"5";"17";"1";""
"202100008632";"186Â 312";"B01";"2";"7";"0";"2";"3";"1";"1";""
"202100008633";"186Â 310";"A01";"1";"7";"2";"0";"1";"13";"1";""
"202100008634";"186Â 308";"B01";"3";"14";"0";"2";"8";"1";"1";""
"202100008634";"186Â 309";"A01";"3";"7";"0";"2";"1";"15";"0";""
"202100008635";"186Â 307";"A01";"1";"7";"13";"0";"2";"1";"0";""
"202100008636";"186Â 306";"A01";"0";"7";"0";"1";"6";"4";"1";""
"202100008637";"186Â 305";"A01";"2";"10";"0";"1";"1";"1";"1";""
"202100008638";"186Â 304";"A01";"2";"7";"13";"0";"3";"13";"1";""
"202100008639";"186Â 302";"A01";"1";"7";"0";"0";"8";"15";"1";""
"202100008639";"186Â 303";"B01";"2";"7";"0";"2";"1";"1";"1";""
"202100008640";"186Â 301";"A01";"3";"33";"0";"0";"1";"1";"1";""
"202100008641";"186Â 299";"A01";"2";"7";"0";"2";"1";"1";"1";""
"202100008641";"186Â 300";"B01";"2";"21";"0";"0";"4";"1";"1";""
"202100008642";"186Â 298";"A01";"2";"7";"13";"0";"9";"1";"1";""
"202100008643";"186Â 296";"A01";"2";"7";"0";"2";"1";"1";"1";""
"202100008643";"186Â 297";"B01";"1";"21";"0";"2";"1";"1";"1";""
"202100008644";"186Â 294";"B01";"1";"7";"0";"0";"1";"1";"1";""
"202100008644";"186Â 295";"A01";"2";"7";"0";"0";"2";"5";"1";""
"202100008645";"186Â 293";"A01";"0";"7";"13";"0";"9";"17";"1";""
"202100008646";"186Â 292";"A01";"2";"7";"2";"0";"0";"0";"1";""
"202100008647";"186Â 290";"A01";"1";"7";"0";"2";"3";"0";"1";""
"202100008647";"186Â 291";"B01";"2";"7";"0";"2";"3";"0";"1";""
"202100008648";"186Â 288";"A01";"2";"7";"0";"2";"2";"15";"1";""
"202100008648";"186Â 289";"B01";"1";"15";"0";"2";"1";"1";"1";""
"202100008649";"186Â 286";"A01";"1";"10";"0";"2";"1";"13";"1";""
"202100008649";"186Â 287";"B01";"2";"7";"0";"2";"1";"21";"1";""
"202100008650";"186Â 285";"A01";"2";"7";"0";"0";"9";"12";"1";""
"202100008651";"186Â 283";"A01";"2";"7";"3";"2";"8";"17";"1";""
"202100008651";"186Â 284";"B01";"2";"7";"3";"2";"1";"21";"1";""
"202100008652";"186Â 282";"A01";"1";"7";"0";"0";"0";"0";"1";""
"202100008653";"186Â 278";"A01";"1";"7";"0";"0";"4";"1";"1";""
"202100008653";"186Â 279";"B01";"1";"10";"0";"2";"4";"1";"1";""
"202100008653";"186Â 280";"C01";"1";"7";"0";"2";"1";"1";"1";""
"202100008653";"186Â 281";"D01";"1";"7";"0";"2";"1";"1";"1";""
"202100008654";"186Â 276";"B01";"1";"7";"0";"2";"1";"1";"1";""
"202100008654";"186Â 277";"A01";"2";"7";"0";"2";"1";"13";"1";""
"202100008655";"186Â 274";"A01";"1";"7";"0";"2";"3";"5";"1";""
"202100008655";"186Â 275";"B01";"2";"2";"0";"2";"1";"1";"1";""
"202100008656";"186Â 272";"B01";"2";"2";"0";"2";"3";"1";"1";""
"202100008656";"186Â 273";"A01";"1";"7";"0";"2";"3";"15";"1";""
"202100008657";"186Â 270";"A01";"1";"7";"0";"2";"2";"21";"1";""
"202100008657";"186Â 271";"B01";"2";"10";"0";"2";"2";"1";"1";""
"202100008658";"186Â 267";"A01";"2";"7";"0";"2";"1";"9";"0";""
"202100008658";"186Â 268";"B01";"2";"7";"0";"2";"7";"1";"1";""
"202100008659";"186Â 265";"B01";"3";"7";"0";"2";"3";"1";"1";""
"202100008659";"186Â 266";"A01";"3";"3";"0";"2";"1";"13";"0";""
"202100008660";"186Â 264";"A01";"2";"7";"0";"0";"1";"1";"1";""
"202100008661";"186Â 262";"B01";"2";"33";"0";"2";"1";"1";"1";""
"202100008661";"186Â 263";"A01";"1";"7";"0";"2";"7";"15";"2";""
"202100008662";"186Â 260";"A01";"1";"7";"3";"2";"4";"2";"2";""
"202100008662";"186Â 261";"B01";"1";"7";"3";"2";"1";"2";"1";""
"202100008663";"186Â 255";"A01";"2";"7";"0";"2";"1";"2";"1";""
"202100008663";"186Â 256";"B01";"2";"7";"0";"2";"4";"1";"1";""
"202100008663";"186Â 257";"C01";"2";"7";"0";"2";"4";"1";"1";""
"202100008663";"186Â 258";"D01";"2";"7";"0";"2";"4";"1";"1";""
"202100008663";"186Â 259";"E01";"2";"7";"0";"2";"4";"1";"1";""
"202100008664";"186Â 254";"A01";"2";"7";"13";"0";"2";"2";"1";""
"202100008665";"186Â 252";"B01";"1";"7";"0";"2";"4";"2";"1";""
"202100008665";"186Â 253";"A01";"1";"7";"0";"2";"1";"2";"1";""
"202100008666";"186Â 251";"A01";"2";"10";"0";"2";"8";"12";"1";""
"202100008667";"186Â 248";"A01";"2";"10";"0";"2";"1";"1";"1";""
"202100008667";"186Â 249";"B01";"2";"7";"0";"2";"4";"1";"1";""
"202100008667";"186Â 250";"C01";"2";"7";"0";"2";"4";"1";"1";""
"202100008668";"186Â 246";"B01";"1";"33";"0";"2";"2";"1";"1";""
"202100008668";"186Â 247";"A01";"1";"7";"0";"2";"6";"11";"1";""
"202100008669";"186Â 243";"A01";"1";"7";"0";"2";"4";"1";"1";""
"202100008669";"186Â 244";"C01";"1";"14";"0";"2";"1";"2";"1";""
"202100008669";"186Â 245";"B01";"1";"7";"0";"2";"4";"2";"1";""
"202100008670";"186Â 241";"B01";"2";"33";"0";"2";"7";"3";"1";""
"202100008670";"186Â 242";"A01";"2";"7";"0";"2";"8";"11";"2";""
"202100008671";"186Â 239";"B01";"2";"7";"0";"2";"3";"1";"1";""
"202100008671";"186Â 240";"A01";"1";"2";"0";"2";"3";"13";"1";""
"202100008672";"186Â 237";"B01";"3";"7";"0";"2";"2";"21";"1";""
"202100008672";"186Â 238";"A01";"3";"7";"0";"2";"2";"11";"1";""
"202100008673";"186Â 236";"A01";"2";"31";"0";"1";"1";"1";"1";""
"202100008674";"186Â 234";"A01";"3";"0";"0";"2";"0";"21";"0";""
"202100008674";"186Â 235";"B01";"3";"33";"0";"2";"0";"21";"1";""
"202100008675";"186Â 232";"A01";"2";"7";"0";"9";"6";"10";"1";""
"202100008675";"186Â 233";"B01";"1";"34";"0";"2";"1";"3";"1";""
"202100008676";"186Â 230";"B01";"1";"2";"0";"2";"3";"9";"1";""
"202100008676";"186Â 231";"A01";"1";"15";"0";"2";"5";"9";"1";""
"202100008677";"186Â 228";"A01";"1";"7";"0";"2";"3";"10";"1";""
"202100008677";"186Â 229";"B01";"2";"31";"0";"2";"7";"2";"1";""
"202100008678";"186Â 226";"A01";"1";"33";"0";"2";"1";"18";"1";""
"202100008678";"186Â 227";"B01";"1";"7";"0";"2";"7";"16";"1";""
"202100008679";"186Â 225";"B01";"0";"34";"0";"1";"1";"26";" -1";""
"202100008680";"186Â 223";"A01";"1";"37";"0";"2";"2";"16";"1";"1"
"202100008680";"186Â 224";"B01";"1";"1";"0";"2";"3";"1";"5";""
"202100008681";"186Â 221";"B01";"2";"7";"0";"2";"1";"1";"1";""
"202100008681";"186Â 222";"A01";"1";"7";"8";"2";"1";"5";"1";""
"202100008682";"186Â 218";"B01";"1";"32";"1";"2";"1";"3";"1";""
"202100008682";"186Â 219";"C01";"2";"7";"0";"2";"6";"24";"1";""
"202100008682";"186Â 220";"A01";"1";"10";"0";"2";"5";"1";"1";""
"202100008683";"186Â 217";"A01";"1";"10";"0";"1";"3";"1";"1";""
"202100008684";"186Â 214";"C01";"1";"37";"0";"2";"4";"23";"1";"1"
"202100008684";"186Â 215";"B01";"1";"7";"0";"2";"4";"23";"1";""
"202100008684";"186Â 216";"A01";"1";"7";"0";"2";"1";"1";"1";""
"202100008685";"186Â 212";"B01";"3";"7";"0";"2";"3";"1";"2";""
"202100008685";"186Â 213";"A01";"1";"7";"0";"2";"2";"12";"1";""
"202100008686";"186Â 210";"B01";"2";"32";"0";"2";"1";"1";"1";""
"202100008686";"186Â 211";"A01";"2";"3";"0";"2";"3";"15";"1";""
"202100008687";"186Â 208";"Z01";"3";"7";"0";"2";"1";"5";"1";""
"202100008687";"186Â 209";"B01";"3";"43";"0";"2";"1";"1";"1";""
"202100008688";"186Â 205";"Z01";"3";"7";"0";"2";"4";"2";"0";""
"202100008688";"186Â 206";"B01";"3";"30";"0";"2";"1";"0";"1";""
"202100008688";"186Â 207";"A01";"1";"33";"0";"2";"7";"26";"1";""
"202100008689";"186Â 203";"A01";"1";"7";"0";"2";"2";"15";"1";""
"202100008689";"186Â 204";"B01";"2";"1";"0";"2";"1";"1";"5";""
"202100008690";"186Â 201";"A01";"1";"33";"0";"2";"8";"1";"1";""
"202100008690";"186Â 202";"B01";"1";"7";"0";"2";"2";"14";"1";""
"202100008691";"186Â 200";"A01";"1";"7";"12";"0";"7";"14";"1";""
"202100008692";"186Â 198";"A01";"0";"7";"3";"2";"1";"5";"1";""
"202100008692";"186Â 199";"B01";"0";"7";"0";"2";"1";"1";"1";""
"202100008693";"186Â 197";"A01";"0";"7";"0";"1";"3";"20";"1";""
"202100008694";"186Â 195";"A01";"2";"7";"0";"2";"1";"2";"1";""
"202100008694";"186Â 196";"B01";"2";"10";"0";"2";"4";"2";"1";""
"202100008695";"186Â 193";"A01";"1";"7";"0";"2";"3";"9";"1";""
"202100008695";"186Â 194";"B01";"1";"50";"0";"2";"0";"0";"3";""
"202100008696";"186Â 192";"A01";"1";"7";"1";"0";"3";"14";"1";""
"202100008697";"186Â 191";"A01";"3";"7";"0";"1";"1";"26";"1";""
"202100008698";"186Â 190";"A01";"2";"7";"3";"0";"2";"1";"1";""
"202100008699";"186Â 189";"B01";"3";"39";"0";"1";"1";"1";"3";""
"202100008700";"186Â 187";"A01";"1";"30";"0";"2";"1";"0";"1";""
"202100008700";"186Â 188";"B01";"2";"30";"0";"2";"3";"0";"1";""
"202100008701";"186Â 184";"A01";"3";"7";"9";"0";"1";"1";"1";""
"202100008702";"186Â 182";"B01";"2";"50";"0";"2";"1";"15";"3";""
"202100008702";"186Â 183";"A01";"1";"14";"0";"2";"3";"15";"1";""
"202100008703";"186Â 180";"A01";"3";"7";"0";"2";"2";"1";"1";""
"202100008703";"186Â 181";"B01";"3";"7";"0";"2";"5";"15";"0";""
"202100008704";"186Â 179";"A01";"1";"1";"0";"1";"3";"1";"5";""
"202100008705";"186Â 177";"A01";"1";"31";"0";"2";"0";"17";"1";""
"202100008705";"186Â 178";"B01";"2";"7";"0";"2";"3";"15";"1";""
"202100008706";"186Â 174";"B01";"2";"7";"0";"2";"1";"15";"1";""
"202100008706";"186Â 175";"C01";"2";"7";"0";"2";"3";"1";"1";""
"202100008706";"186Â 176";"A01";"1";"2";"0";"2";"1";"1";"1";""
"202100008707";"186Â 172";"A01";"1";"10";"0";"2";"1";"1";"1";""
"202100008707";"186Â 173";"B01";"1";"7";"0";"2";"4";"1";"1";""
"202100008708";"186Â 169";"B01";"2";"7";"0";"2";"4";"15";"1";""
"202100008708";"186Â 170";"A01";"2";"31";"0";"2";"1";"1";"1";""
"202100008709";"186Â 167";"B01";"3";"7";"0";"2";"1";"1";"1";""
"202100008709";"186Â 168";"A01";"3";"33";"0";"2";"1";"13";"1";""
"202100008710";"186Â 165";"B01";"1";"32";"0";"2";"1";"1";"1";""
"202100008710";"186Â 166";"A01";"1";"7";"0";"2";"1";"9";"1";""
"202100008711";"186Â 163";"B01";"2";"7";"0";"2";"1";"1";"1";""
"202100008711";"186Â 164";"A01";"2";"7";"0";"2";"2";"9";"1";""
"202100008712";"186Â 161";"A01";"2";"31";"0";"2";"1";"17";"1";""
"202100008712";"186Â 162";"B01";"2";"7";"0";"2";"8";"15";"1";""
"202100008713";"186Â 159";"B01";"1";"7";"0";"2";"1";"2";"1";""
"202100008713";"186Â 160";"A01";"1";"1";"0";"2";"1";"1";" -1";""
"202100008714";"186Â 158";"A01";"2";"50";"0";"2";"0";"2";"3";""
"202100008715";"186Â 156";"A01";"1";"33";"0";"2";"1";"26";"1";""
"202100008715";"186Â 157";"B01";"3";"7";"0";"2";"8";"19";"1";""
"202100008716";"186Â 153";"A01";"1";"7";"0";"2";"4";"1";"1";""
"202100008716";"186Â 154";"C01";"1";"7";"0";"2";"1";"1";"1";""
"202100008716";"186Â 155";"B01";"1";"7";"0";"2";"1";"1";"1";""
"202100008717";"186Â 151";"A01";"1";"7";"0";"2";"1";"1";"1";""
"202100008717";"186Â 152";"B01";"1";"50";"0";"2";"8";"0";"3";""
"202100008718";"186Â 150";"A01";"1";"7";"0";"1";"2";"1";"1";""
"202100008719";"186Â 148";"A01";"1";"7";"0";"2";"1";"1";"1";""
"202100008719";"186Â 149";"B01";"1";"1";"0";"2";"4";"1";"5";""
"202100008720";"186Â 146";"B01";"2";"2";"15";"2";"8";"1";"1";""
"202100008720";"186Â 147";"A01";"1";"7";"0";"2";"1";"15";"1";""
"202100008721";"186Â 144";"B01";"1";"7";"0";"2";"1";"1";"1";""
"202100008721";"186Â 145";"A01";"1";"1";"0";"2";"3";"26";"5";""
"202100008722";"186Â 143";"A01";"2";"33";"0";"0";"0";"1";"1";""
"202100008723";"186Â 142";"A01";"3";"1";"0";"2";"1";"19";"5";""
"202100008724";"186Â 140";"A01";"3";"7";"0";"2";"7";"15";"1";""
"202100008724";"186Â 141";"B01";"3";"33";"0";"2";"1";"1";"1";""
"202100008725";"186Â 136";"D01";"1";"7";"0";"2";"4";"2";"1";""
"202100008725";"186Â 137";"C01";"1";"7";"0";"2";"4";"2";"1";""
"202100008725";"186Â 138";"B01";"1";"7";"0";"2";"1";"2";"1";""
"202100008725";"186Â 139";"A01";"1";"7";"0";"2";"1";"2";"1";""
"202100008726";"186Â 134";"B01";"0";"7";"0";"2";"2";"23";"1";""
"202100008726";"186Â 135";"A01";"0";"80";"14";"0";"0";"1";"3";""
"202100008727";"186Â 133";"A01";"1";"7";"0";"1";"1";"16";"1";""
"202100008728";"186Â 132";"A01";"1";"7";"0";"1";"1";"1";"1";""
"202100008729";"186Â 130";"A01";"1";"7";"15";"2";"1";"15";"1";""
"202100008729";"186Â 131";"B01";"2";"7";"0";"2";"1";"1";"1";""
"202100008730";"186Â 129";"A01";"3";"7";"6";"0";"1";"14";"1";""
"202100008731";"186Â 127";"B01";"3";"33";"0";"2";"8";"1";"1";""
"202100008731";"186Â 128";"A01";"3";"7";"0";"2";"2";"15";"1";""
"202100008732";"186Â 126";"A01";"1";"7";"0";"1";"1";"9";"1";""
"202100008733";"186Â 124";"A01";"1";"32";"1";"2";"3";"9";"1";""
"202100008733";"186Â 125";"D01";"0";"7";"0";"2";"4";"24";"1";""
"202100008734";"186Â 122";"B01";"1";"1";"0";"2";"1";"1";"5";""
"202100008734";"186Â 123";"A01";"1";"21";"0";"9";"7";"15";"1";""
"202100008735";"186Â 120";"B01";"2";"7";"0";"2";"3";"1";"1";""
"202100008735";"186Â 121";"A01";"1";"10";"0";"2";"3";"5";"1";""
"202100008736";"186Â 118";"A01";"2";"7";"0";"2";"3";"15";"1";""
"202100008736";"186Â 119";"B01";"1";"32";"0";"2";"8";"1";"1";""
"202100008737";"186Â 116";"A01";"1";"99";"0";"2";"3";"10";"1";""
"202100008737";"186Â 117";"B01";"2";"31";"0";"2";"3";"1";"1";""
"202100008738";"186Â 115";"A01";"3";"7";"0";"1";"1";"2";"1";""
"202100008739";"186Â 114";"A01";"0";"7";"0";"1";"1";"1";"1";""
"202100008740";"186Â 112";"A01";"3";"7";"0";"2";"1";"16";"1";""
"202100008740";"186Â 113";"B01";"3";"1";"0";"2";"1";"5";"0";""
"202100008741";"186Â 110";"A01";"3";"31";"0";"2";"0";"1";"1";""
"202100008741";"186Â 111";"B01";"3";"10";"0";"2";"3";"15";"0";""
"202100008742";"186Â 108";"A01";"1";"2";"0";"2";"3";"11";"1";""
"202100008742";"186Â 109";"B01";"1";"7";"0";"2";"7";"1";"1";""
"202100008743";"186Â 106";"B01";"2";"7";"0";"2";"8";"1";"1";""
"202100008743";"186Â 107";"A01";"2";"33";"0";"2";"2";"3";"1";""
"202100008744";"186Â 105";"A01";"1";"33";"4";"0";"7";"3";"1";""
"202100008745";"186Â 103";"A01";"1";"7";"0";"2";"2";"15";"1";""
"202100008745";"186Â 104";"B01";"2";"30";"0";"2";"1";"1";"1";""
"202100008746";"186Â 101";"A01";"1";"7";"0";"2";"8";"22";"1";""
"202100008746";"186Â 102";"B01";"1";"50";"0";"2";"7";"1";"3";""
"202100008747";"186Â 099";"B01";"1";"32";"0";"2";"2";"1";"1";""
"202100008747";"186Â 100";"A01";"1";"30";"0";"2";"8";"7";"1";""
"202100008748";"186Â 098";"A01";"2";"7";"0";"1";"1";"1";"1";""
"202100008749";"186Â 096";"B01";"2";"1";"0";"2";"4";"15";"5";""
"202100008749";"186Â 097";"A01";"2";"32";"0";"2";"1";"14";"1";""
"202100008750";"186Â 095";"A01";"1";"43";"0";"2";"8";"21";"1";""
"202100008751";"186Â 093";"Z01";"3";"30";"0";"2";"0";"1";"0";""
"202100008751";"186Â 094";"A01";"1";"50";"0";"2";"7";"19";"3";""