"Num_Acc";"id_vehicule";"num_veh";"senc";"catv";"obs";"obsm";"choc";"manv";"motor";"occutc"
"202100008752";"186Â 091";"B01";"3";"50";"0";"2";"8";"19";"3";""
"202100008752";"186Â 092";"A01";"1";"33";"0";"2";"1";"8";"1";""
"202100008753";"186Â 090";"A01";"2";"7";"0";"1";"1";"16";"1";""
"202100008754";"186Â 089";"A01";"2";"7";"0";"1";"1";"1";"1";""
"202100008755";"186Â 088";"A01";"1";"30";"0";"0";"0";"1";"3";""
"202100008756";"186Â 086";"B01";"1";"10";"0";"2";"6";"1";"1";""
"202100008756";"186Â 087";"A01";"3";"32";"0";"2";"6";"11";"1";""
"202100008757";"186Â 084";"Z01";"1";"7";"0";"2";"0";"17";"0";""
"202100008757";"186Â 085";"A01";"1";"1";"0";"2";"8";"13";"5";""
"202100008758";"186Â 083";"A01";"1";"1";"0";"1";"5";"1";"5";""
"202100008759";"186Â 081";"B01";"1";"80";"0";"2";"1";"1";"3";""
"202100008759";"186Â 082";"A01";"2";"50";"0";"2";"1";"5";"3";""
"202100008760";"186Â 079";"B01";"3";"33";"0";"2";"1";"16";"1";""
"202100008760";"186Â 080";"A01";"3";"7";"0";"2";"7";"14";"1";""
"202100008761";"186Â 077";"A01";"1";"1";"0";"2";"7";"5";"5";""
"202100008761";"186Â 078";"B01";"1";"7";"0";"2";"3";"15";"2";""
"202100008762";"186Â 075";"A01";"2";"7";"0";"2";"2";"9";"1";""
"202100008762";"186Â 076";"B01";"2";"7";"0";"2";"1";"1";"1";""
"202100008763";"186Â 073";"A01";"1";"43";"0";"9";"3";"18";"1";""
"202100008763";"186Â 074";"B01";"1";"13";"0";"9";"2";"0";"1";""
"202100008764";"186Â 071";"B01";"2";"43";"0";"2";"1";"19";"1";""
"202100008764";"186Â 072";"A01";"2";"7";"0";"2";"3";"15";"1";""
"202100008765";"186Â 070";"A01";"1";"7";"0";"2";"8";"1";"1";""
"202100008766";"186Â 069";"A01";"2";"50";"15";"0";"1";"25";"3";""
"202100008767";"186Â 067";"A01";"3";"7";"0";"2";"2";"15";"1";""
"202100008767";"186Â 068";"VB01";"3";"34";"0";"2";"1";"1";"1";""
"202100008768";"186Â 065";"Z01";"2";"13";"0";"2";"4";"1";"0";""
"202100008768";"186Â 066";"A01";"2";"7";"0";"2";"1";"1";"1";""
"202100008769";"186Â 064";"A01";" -1";"7";"6";"0";"1";"2";"1";""
"202100008770";"186Â 063";"A01";"1";"30";"1";"0";"8";"1";"1";""
"202100008771";"186Â 062";"A01";"2";"20";"6";"0";"1";"1";"1";""
"202100008772";"186Â 060";"A01";"1";"40";"0";"2";"1";"26";"3";""
"202100008772";"186Â 061";"B01";"3";"60";"0";" -1";"4";"26";"5";""
"202100008773";"186Â 058";"A01";"1";"99";"0";"2";"1";"2";"0";""
"202100008773";"186Â 059";"B01";"1";"37";"0";"2";"4";"1";"1";"2"
"202100008774";"186Â 056";"B01";"3";"7";"0";"2";"0";"0";"0";""
"202100008774";"186Â 057";"A01";"0";"33";"0";"2";"1";"17";"0";""
"202100008775";"186Â 055";"A01";"1";"7";"0";"1";"2";"1";"1";""
"202100008776";"186Â 054";"A01";"2";"32";"1";"0";"7";"21";"1";""
"202100008777";"186Â 053";"A01";"1";"7";"9";"1";"3";"26";"1";""
"202100008778";"186Â 052";"A01";"1";"7";"0";"1";"2";"15";"2";""
"202100008779";"186Â 051";"A01";"1";"7";"0";"1";"1";"15";"1";""
"202100008780";"186Â 050";"A01";"2";"7";"0";"1";"1";"1";"3";""
"202100008781";"186Â 049";"A01";"1";"7";"0";"1";"6";"4";"2";""
"202100008782";"186Â 048";"A01";"1";"30";"0";"0";"0";"1";"1";""
"202100008783";"186Â 046";"A01";"2";"7";"0";"0";"8";"15";"1";""
"202100008783";"186Â 047";"B01";"2";"31";"0";"2";"2";"17";"1";""
"202100008784";"186Â 044";"B01";"3";"7";"0";"2";"3";"15";"1";""
"202100008784";"186Â 045";"A01";"2";"2";"0";"2";"1";"1";"1";""
"202100008785";"186Â 042";"A01";"1";"33";"0";"0";"0";"21";"1";""
"202100008785";"186Â 043";"B01";"2";"7";"0";"0";"0";"5";"1";""
"202100008786";"186Â 039";"A01";"1";"7";"0";"2";"1";"5";"0";""
"202100008786";"186Â 040";"B01";"2";"7";"0";"2";"1";"1";"0";""
"202100008786";"186Â 041";"C01";"2";"38";"0";"2";"8";"1";"1";"1"
"202100008787";"186Â 038";"A01";"1";"7";"13";"0";"1";"16";"1";""
"202100008788";"186Â 036";"B01";"2";"2";"0";"2";"1";"1";"1";""
"202100008788";"186Â 037";"A01";"1";"7";"0";"2";"3";"5";"1";""
"202100008789";"186Â 035";"A01";"3";"33";"0";"1";"2";"1";"1";""
"202100008790";"186Â 034";"A01";"1";"7";"13";"0";"2";"1";"1";""
"202100008791";"186Â 033";"A01";"1";"7";"6";"2";"2";"1";"1";""
"202100008792";"186Â 031";"A01";"3";"21";"0";"2";"3";"13";"1";""
"202100008792";"186Â 032";"B01";"3";"7";"0";"2";"1";"1";"1";""
"202100008793";"186Â 030";"A01";"1";"7";"6";"0";"1";"1";"1";""
"202100008794";"186Â 029";"A01";"1";"7";"2";"0";"1";"1";"0";""
"202100008795";"186Â 027";"B01";"3";"3";"0";"2";"1";"1";"1";""
"202100008795";"186Â 028";"A01";"3";"7";"0";"2";"1";"13";"1";""
"202100008796";"186Â 026";"A01";"3";"2";"9";"0";"1";"1";"1";""
"202100008797";"186Â 024";"B01";"1";"7";"0";"0";"1";"1";"1";""
"202100008797";"186Â 025";"A01";"1";"14";"0";"0";"7";"16";"1";""
"202100008798";"186Â 023";"A01";"1";"2";"0";"1";"1";"1";"1";""
"202100008799";"186Â 020";"C01";"1";"7";"0";"2";"1";"1";"1";""
"202100008799";"186Â 021";"B01";"1";"15";"0";"2";"8";"1";"1";""
"202100008799";"186Â 022";"A01";"2";"33";"0";"2";"8";"13";"1";""
"202100008800";"186Â 017";"A01";"2";"7";"4";"0";"3";"0";"1";""
"202100008801";"186Â 013";"A01";"2";"7";"6";"0";"2";"1";"1";""
"202100008802";"186Â 010";"A01";"2";"7";"0";"0";"5";"15";"1";""
"202100008802";"186Â 011";"B01";"2";"32";"0";"2";"1";"17";"1";""
"202100008803";"186Â 009";"A01";"3";"7";"0";"1";"8";"1";"1";""
"202100008804";"186Â 008";"A01";"2";"7";"1";"0";"3";"13";"1";""
"202100008805";"186Â 006";"B01";"1";"7";"0";"2";"1";"15";"1";""
"202100008805";"186Â 007";"A01";"1";"33";"0";"2";"1";"2";"1";""
"202100008806";"186Â 004";"B01";"0";"7";"0";"2";"1";"1";"1";""
"202100008806";"186Â 005";"A01";"0";"7";"0";"2";"7";"19";"1";""
"202100008807";"186Â 003";"A01";"1";"10";"0";"1";"2";"1";"1";""
"202100008808";"186Â 001";"A01";"1";"7";"0";"2";"3";"13";"1";""
"202100008808";"186Â 002";"B01";"2";"7";"0";"2";"1";"1";"1";""
"202100008809";"186Â 000";"A01";"0";"2";"0";"0";"0";"0";"1";""
"202100008810";"185Â 998";"B01";"3";"7";"0";"2";"3";"9";"1";""
"202100008810";"185Â 999";"A01";"3";"50";"0";"2";"2";"1";"3";""
"202100008811";"185Â 997";"A01";"3";"7";"0";"1";"0";"1";"1";""
"202100008812";"185Â 996";"A01";"2";"7";"2";"0";"3";"5";"1";""
"202100008813";"185Â 994";"B01";"2";"7";"0";"2";"1";"1";"1";""
"202100008813";"185Â 995";"A01";"2";"7";"0";"2";"3";"9";"1";""
"202100008814";"185Â 992";"B01";"1";"10";"0";"2";"4";"24";"1";""
"202100008814";"185Â 993";"A01";"1";"7";"0";"2";"1";"1";"1";""
"202100008815";"185Â 990";"A01";"1";"7";"0";"2";"1";"13";"1";""
"202100008815";"185Â 991";"B01";"2";"7";"0";"2";"1";"1";"1";""
"202100008816";"185Â 988";"B01";"3";"33";"0";"2";"1";"1";"1";""
"202100008816";"185Â 989";"A01";"3";"10";"0";"0";"5";"15";"1";""
"202100008817";"185Â 987";"A01";"1";"7";"0";"1";"1";"1";"1";""
"202100008818";"185Â 985";"A01";"2";"7";"0";"2";"4";"1";"1";""
"202100008818";"185Â 986";"B01";"2";"7";"0";"2";"1";"1";"1";""
"202100008819";"185Â 982";"A01";"2";"10";"0";"2";"4";"2";"1";""
"202100008819";"185Â 983";"B01";"2";"7";"0";"2";"4";"2";"1";""
"202100008819";"185Â 984";"C01";"2";"7";"0";"2";"1";"0";"1";""
"202100008820";"185Â 980";"B01";"0";"7";"0";"2";"4";"1";"1";""
"202100008820";"185Â 981";"A01";"2";"7";"0";"2";"1";"1";"1";""
"202100008821";"185Â 978";"B01";"1";"7";"0";"2";"1";"1";"1";""
"202100008821";"185Â 979";"A01";"1";"7";"0";"2";"4";"1";"1";""
"202100008822";"185Â 975";"B01";"1";"7";"4";"2";"8";"1";"1";""
"202100008822";"185Â 976";"A01";"1";"17";"0";"2";"2";"12";"1";""
"202100008822";"185Â 977";"C01";"1";"10";"14";"0";"8";"1";"1";""
"202100008823";"185Â 970";"A01";"1";"10";"0";"2";"1";"2";"1";""
"202100008823";"185Â 971";"B01";"1";"7";"0";"2";"4";"1";"1";""
"202100008823";"185Â 972";"C01";"1";"15";"0";"2";"1";"1";"1";""
"202100008823";"185Â 973";"D01";"1";"7";"0";"2";"1";"2";"1";""
"202100008823";"185Â 974";"E01";"1";"7";"0";"2";"4";"1";"1";""
"202100008824";"185Â 968";"B01";"1";"33";"0";"2";"1";"3";"1";""
"202100008824";"185Â 969";"A01";"1";"7";"3";"2";"4";"23";"1";""
"202100008825";"185Â 966";"A01";"1";"33";"0";"0";"8";"1";"1";""
"202100008825";"185Â 967";"Z01";"1";"7";"0";"0";"0";"11";"1";""
"202100008826";"185Â 964";"B01";"2";"7";"0";"2";"4";"1";"1";""
"202100008826";"185Â 965";"A01";"2";"7";"0";"2";"1";"1";"1";""
"202100008827";"185Â 962";"A01";"2";"10";"0";"2";"0";"0";"1";""
"202100008827";"185Â 963";"B01";"2";"33";"0";"2";"0";"2";"1";""
"202100008828";"185Â 960";"B01";"2";"7";"0";"2";"4";"1";"1";""
"202100008828";"185Â 961";"A01";"2";"33";"0";"2";"1";"1";"1";""
"202100008829";"185Â 959";"A01";"2";"7";"6";"0";"0";"14";"1";""
"202100008830";"185Â 957";"B01";"1";"33";"0";"2";"8";"1";"1";""
"202100008830";"185Â 958";"A01";"1";"10";"0";"2";"2";"14";"1";""
"202100008831";"185Â 955";"B01";"2";"7";"0";"2";"5";"2";"1";""
"202100008831";"185Â 956";"A01";"2";"31";"0";"2";"1";"1";"1";""
"202100008832";"185Â 952";"C01";"1";"10";"0";"2";"4";"2";"1";""
"202100008832";"185Â 953";"B01";"1";"7";"0";"2";"4";"2";"1";""
"202100008832";"185Â 954";"A01";"1";"7";"3";"2";"1";"1";"1";""
"202100008833";"185Â 951";"A01";"2";"33";"0";"9";"1";"12";"1";""
"202100008834";"185Â 949";"B01";"2";"33";"4";"2";"1";"3";"1";""
"202100008834";"185Â 950";"A01";"2";"17";"3";"2";"2";"1";"1";""
"202100008835";"185Â 947";"B01";"1";"7";"0";"2";"4";"2";"1";""
"202100008835";"185Â 948";"A01";"1";"7";"0";"2";"1";"1";"1";""
"202100008836";"185Â 946";"A01";"2";"7";"0";"2";"1";"0";"1";""
"202100008837";"185Â 945";"A01";"3";"33";"0";"0";"8";"1";"1";""
"202100008838";"185Â 944";"A01";"1";"32";"3";"0";"1";"6";"1";""
"202100008839";"185Â 942";"B01";"1";"7";"0";"2";"7";"1";"1";""
"202100008839";"185Â 943";"A01";"1";"7";"0";"2";"1";"1";"1";""
"202100008840";"185Â 940";"Z01";"1";"30";"0";"2";"1";"18";"0";""
"202100008840";"185Â 941";"A01";"2";"30";"0";"2";"1";"15";"1";""
"202100008841";"185Â 938";"A01";"1";"7";"0";"2";"8";"16";"1";""
"202100008841";"185Â 939";"B01";"2";"80";"0";"2";"1";"1";"3";""
"202100008842";"185Â 935";"B01";"1";"7";"0";"2";"3";"1";"1";""
"202100008842";"185Â 936";"A01";"1";"30";"0";"2";"1";"15";"1";""
"202100008843";"185Â 933";"A01";"1";"1";"0";"2";"1";"2";"5";""
"202100008843";"185Â 934";"B01";"1";"7";"0";"2";"5";"23";"1";""
"202100008844";"185Â 931";"A01";"1";"7";"0";"2";"7";"15";"1";""
"202100008844";"185Â 932";"B01";"2";"43";"0";"2";"1";"1";"1";""
"202100008845";"185Â 929";"B01";"3";"7";"0";"2";"8";"1";"3";""
"202100008845";"185Â 930";"A01";"1";"1";"0";"2";"1";"1";"5";""
"202100008846";"185Â 927";"A01";"1";"32";"0";"2";"1";"17";"1";""
"202100008846";"185Â 928";"B01";"3";"80";"0";"2";"8";"19";"3";""
"202100008847";"185Â 926";"A01";"1";"10";"0";"1";"3";"1";"1";""
"202100008848";"185Â 925";"Z01";"2";"30";"0";"1";"1";"15";"0";""
"202100008849";"185Â 922";"Z01";"2";"37";"0";"0";"7";"16";"0";"1"
"202100008849";"185Â 923";"A01";"2";"7";"0";"2";"5";"23";"1";""
"202100008849";"185Â 924";"B01";"2";"1";"0";"2";"8";"23";"5";""
"202100008850";"185Â 920";"A01";"1";"7";"0";"2";"8";"22";"2";""
"202100008850";"185Â 921";"B01";"1";"1";"1";"0";"2";"1";"5";""
"202100008851";"185Â 918";"A01";"1";"7";"0";"2";"1";"1";"1";""
"202100008851";"185Â 919";"B01";"1";"7";"0";"2";"3";"9";"1";""
"202100008852";"185Â 916";"A01";"2";"60";"0";"2";"5";"2";"5";""
"202100008852";"185Â 917";"B01";"2";"7";"0";"2";"5";"2";"1";""
"202100008853";"185Â 914";"B01";"1";"7";"0";"2";"4";"23";"1";""
"202100008853";"185Â 915";"A01";"2";"7";"0";"2";"1";"1";"0";""
"202100008854";"185Â 912";"A01";"1";"7";"0";"2";"3";"13";"1";""
"202100008854";"185Â 913";"B01";"1";"10";"0";"2";"3";"1";"1";""
"202100008855";"185Â 910";"A01";" -1";"34";"0";"2";"1";"26";"1";""
"202100008855";"185Â 911";"B01";" -1";"7";"0";"2";"6";"26";"1";""
"202100008856";"185Â 909";"A01";"1";"10";"0";"1";"3";"26";"0";""
"202100008857";"185Â 907";"B01";"3";"33";"0";"2";"1";"1";"1";""
"202100008857";"185Â 908";"A01";"3";"7";"0";"2";"2";"10";"1";""
"202100008858";"185Â 906";"A01";"3";"33";"0";"1";"1";"1";"1";""
"202100008859";"185Â 905";"A01";"1";"7";"0";"1";"1";"1";"1";""
"202100008860";"185Â 904";"A01";"3";"1";"0";"1";"1";"26";"5";""
"202100008861";"185Â 901";"A01";"1";"7";"0";"2";"9";"1";"1";""
"202100008861";"185Â 902";"B01";"1";"7";"0";"2";"5";"15";"1";""
"202100008861";"185Â 903";"C01";"1";"7";"0";"2";"8";"1";"1";""
"202100008862";"185Â 899";"B01";"1";"30";"0";"2";"1";"0";"1";""
"202100008862";"185Â 900";"A01";"1";"30";"0";"2";"7";"15";"1";""
"202100008863";"185Â 898";"A01";"1";"50";"0";"1";"1";"1";"3";""
"202100008864";"185Â 896";"A01";"1";"30";"0";"2";"2";"9";"1";""
"202100008864";"185Â 897";"B01";"1";"50";"0";"2";"3";"0";"3";""
"202100008865";"185Â 894";"B01";"2";"10";"0";"2";"5";"23";"1";""
"202100008865";"185Â 895";"A01";"2";"33";"0";"2";"8";"9";"1";""
"202100008866";"185Â 892";"A01";"3";"10";"0";"2";"1";"19";"1";""
"202100008866";"185Â 893";"B01";"3";"2";"0";"2";"8";"1";"1";""
"202100008867";"185Â 891";"A01";"3";"7";"6";"0";"2";"1";"1";""
"202100008868";"185Â 889";"B01";"2";"15";"0";"0";"6";"2";"1";""
"202100008868";"185Â 890";"A01";"2";"10";"0";"2";"1";"2";"1";""
"202100008869";"185Â 887";"B01";"1";"7";"0";"2";"8";"2";"1";""
"202100008869";"185Â 888";"A01";"2";"7";"0";"2";"3";"1";"1";""
"202100008870";"185Â 883";"A01";"1";"15";"3";"0";"2";"1";"1";""
"202100008870";"185Â 884";"B01";"2";"7";"3";"0";"1";"1";"1";""
"202100008870";"185Â 885";"C01";"2";"7";"0";"2";"4";"1";"1";""
"202100008870";"185Â 886";"D01";"2";"7";"3";"2";"1";"1";"1";""
"202100008871";"185Â 882";"A01";"1";"7";"0";"1";"1";"17";"2";""
"202100008872";"185Â 881";"A01";"1";"17";"13";"0";"2";"1";"1";""
"202100008873";"185Â 879";"A01";"1";"10";"0";"2";"1";"2";"1";""
"202100008873";"185Â 880";"B01";"1";"7";"0";"2";"4";"2";"1";""
"202100008874";"185Â 878";"A01";"1";"7";"0";"1";"3";"1";"1";""
"202100008875";"185Â 876";"B01";"2";"2";"15";"2";"3";"1";"1";""
"202100008875";"185Â 877";"A01";"1";"7";"0";"2";"3";"15";"1";""
"202100008876";"185Â 875";"A01";"2";"7";"6";"0";"1";"2";"1";""
"202100008877";"185Â 874";"A01";"2";"7";"13";"0";"1";"13";"1";""
"202100008878";"185Â 872";"A01";"1";"80";"0";"0";"4";"2";"3";""
"202100008878";"185Â 873";"B01";"1";"7";"0";"2";"2";"2";"1";""
"202100008879";"185Â 870";"A01";"1";"10";"0";"2";"3";"19";"3";""
"202100008879";"185Â 871";"B01";"1";"7";"0";"2";"1";"1";"1";""
"202100008880";"185Â 866";"A01";"2";"7";"0";"2";"1";"17";"1";""
"202100008880";"185Â 867";"B01";"1";"7";"0";"2";"3";"2";"1";""
"202100008880";"185Â 868";"C01";"1";"7";"0";"2";"1";"2";"1";""
"202100008880";"185Â 869";"D01";"2";"7";"0";"9";"1";"2";"1";""
"202100008881";"185Â 865";"A01";"1";"7";"2";"0";"3";"1";"1";""
"202100008882";"185Â 864";"A01";"1";"7";"0";"1";"2";"16";"1";""
"202100008883";"185Â 862";"A01";"2";"1";"0";"2";"1";"2";"5";""
"202100008883";"185Â 863";"B01";"2";"7";"0";"0";"5";"2";"1";""
"202100008884";"185Â 861";"A01";"2";"7";"6";"0";"3";"1";"1";""
"202100008885";"185Â 857";"B01";"1";"1";"0";"2";"3";"2";"5";""
"202100008885";"185Â 858";"A01";"1";"7";"0";"9";"2";"2";"1";""
"202100008886";"185Â 856";"A01";"2";"7";"0";"1";"2";"21";"1";""
"202100008887";"185Â 854";"B01";"1";"7";"0";"2";"2";"15";"1";""
"202100008887";"185Â 855";"A01";"1";"2";"0";"0";"4";"1";"1";""
"202100008888";"185Â 852";"A01";"1";"7";"0";"2";"2";"15";"1";""
"202100008888";"185Â 853";"B01";"2";"30";"0";"2";"1";"1";"1";""
"202100008889";"185Â 850";"A01";"1";"7";"0";"2";"7";"15";"1";""
"202100008889";"185Â 851";"B01";"2";"33";"0";"2";"1";"1";"1";""
"202100008890";"185Â 847";"A01";"1";"7";"0";"2";"4";"1";"1";""
"202100008890";"185Â 848";"B01";"1";"7";"0";"2";"4";"1";"1";""
"202100008890";"185Â 849";"C01";"1";"10";"0";"2";"1";"1";"1";""
"202100008891";"185Â 846";"A01";"1";"10";"0";"1";"3";"1";"1";""
"202100008892";"185Â 845";"A01";"2";"7";"4";"0";"3";"0";"1";""
"202100008893";"185Â 843";"A01";"3";"7";"0";"2";"3";"13";"1";""
"202100008893";"185Â 844";"B01";"0";"37";"0";"2";"3";"1";"1";"2"
"202100008894";"185Â 842";"A01";"1";"7";"0";"0";"2";"1";"1";""
"202100008895";"185Â 839";"A01";"1";"7";"0";"2";"1";"13";"1";""
"202100008895";"185Â 840";"B01";"2";"10";"0";"0";"1";"1";"1";""
"202100008895";"185Â 841";"C01";"1";"7";"0";"0";"2";"2";"1";""
"202100008896";"185Â 837";"B01";"2";"7";"0";"0";"1";"1";"1";""
"202100008896";"185Â 838";"A01";"1";"7";"0";"2";"1";"17";"1";""
"202100008897";"185Â 836";"A01";"3";"36";"0";"0";"9";"1";"1";""
"202100008898";"185Â 835";"A01";"1";"10";"0";"2";"2";"2";"1";""
"202100008899";"185Â 832";"C01";"2";"7";"0";"2";"1";"1";"1";""
"202100008899";"185Â 833";"B01";"2";"7";"0";"2";"1";"1";"1";""
"202100008899";"185Â 834";"A01";"2";"7";"0";"0";"4";"1";"1";""
"202100008900";"185Â 830";"B01";"1";"7";"0";"2";"1";"1";"1";""
"202100008900";"185Â 831";"A01";"2";"7";"0";"2";"1";"13";"1";""
"202100008901";"185Â 829";"A01";"1";"33";"0";"0";"0";"0";"1";""
"202100008902";"185Â 827";"B01";"1";"7";"0";"2";"2";"1";"1";""
"202100008902";"185Â 828";"A01";"2";"7";"0";"2";"1";"16";"1";""
"202100008903";"185Â 825";"B01";"1";"33";"0";"2";"1";"1";"1";""
"202100008903";"185Â 826";"A01";"2";"7";"0";"0";"8";"9";"1";""
"202100008904";"185Â 824";"A01";"2";"7";"0";"0";"8";"1";"1";""
"202100008905";"185Â 822";"B01";"2";"20";"0";"2";"3";"1";"1";""
"202100008905";"185Â 823";"A01";"1";"7";"0";"2";"3";"1";"1";""
"202100008906";"185Â 819";"A01";"2";"7";"12";"0";"0";"0";"1";""
"202100008907";"185Â 817";"B01";"3";"21";"0";"2";"4";"1";"1";""
"202100008907";"185Â 818";"A01";"3";"7";"0";"2";"1";"1";"1";""
"202100008908";"185Â 813";"A01";"2";"10";"0";"2";"4";"2";"1";""
"202100008908";"185Â 814";"B01";"2";"7";"0";"2";"1";"2";"1";""
"202100008908";"185Â 815";"C01";"2";"7";"0";"2";"1";"2";"1";""
"202100008908";"185Â 816";"D01";"2";"7";"0";"2";"7";"1";"1";""
"202100008909";"185Â 810";"C01";"1";"15";"0";"2";"1";"2";"1";""
"202100008909";"185Â 811";"A01";"1";"7";"0";"2";"4";"2";"1";""
"202100008909";"185Â 812";"B01";"1";"7";"0";"2";"4";"2";"1";""
"202100008910";"185Â 806";"D01";"2";"33";"0";"2";"4";"1";"1";""
"202100008910";"185Â 807";"C01";"2";"7";"0";"2";"4";"1";"1";""
"202100008910";"185Â 808";"B01";"2";"7";"0";"2";"3";"1";"1";""
"202100008910";"185Â 809";"A01";"2";"7";"3";"2";"2";"17";"1";""
"202100008911";"185Â 804";"B01";"1";"33";"0";"2";"8";"1";"1";""
"202100008911";"185Â 805";"A01";"1";"10";"0";"2";"7";"12";"1";""
"202100008912";"185Â 802";"B01";"1";"7";"0";"2";"5";"23";"1";""
"202100008912";"185Â 803";"A01";"1";"7";"0";"2";"3";"2";"1";""
"202100008913";"185Â 797";"A01";"2";"33";"0";"2";"1";"3";"1";""
"202100008913";"185Â 798";"E01";"2";"10";"0";"2";"3";"2";"1";""
"202100008913";"185Â 799";"B01";"2";"7";"0";"2";"6";"2";"1";""
"202100008913";"185Â 800";"D01";"2";"7";"0";"2";"4";"2";"1";""
"202100008913";"185Â 801";"C01";"2";"7";"0";"2";"2";"2";"1";""
"202100008914";"185Â 786";"I01";"1";"10";"0";"2";"1";"1";"1";""
"202100008914";"185Â 787";"K01";"1";"7";"0";"2";"4";"1";"1";""
"202100008914";"185Â 788";"J01";"1";"7";"0";"2";"4";"1";"1";""
"202100008914";"185Â 789";"A01";"1";"7";"0";"2";"7";"12";"1";""
"202100008914";"185Â 790";"B01";"1";"33";"0";"2";"8";"1";"1";""
"202100008914";"185Â 791";"C01";"1";"15";"0";"2";"3";"1";"1";""
"202100008914";"185Â 792";"F01";"1";"7";"0";"2";"4";"2";"1";""
"202100008914";"185Â 793";"D01";"1";"10";"0";"2";"4";"1";"0";""
"202100008914";"185Â 794";"E01";"1";"7";"0";"2";"4";"1";"1";""
"202100008914";"185Â 795";"G01";"1";"7";"0";"2";"1";"1";"0";""
"202100008914";"185Â 796";"H01";"1";"10";"0";"2";"1";"2";"1";""
"202100008915";"185Â 784";"B01";"2";"17";"4";"2";"2";"12";"1";""
"202100008915";"185Â 785";"A01";"2";"7";"4";"2";"3";"18";"1";""
"202100008916";"185Â 782";"B01";"1";"7";"0";"2";"3";"2";"1";""
"202100008916";"185Â 783";"A01";"1";"30";"4";"2";"4";"2";"1";""
"202100008917";"185Â 781";"A01";"1";"33";"0";"9";"7";"1";"1";""
"202100008918";"185Â 779";"B01";"1";"1";"0";"2";"7";"2";"5";""
"202100008918";"185Â 780";"A01";"2";"7";"0";"2";"1";"1";"1";""
"202100008919";"185Â 777";"A01";"1";"7";"0";"2";"1";"10";"1";""
"202100008919";"185Â 778";"B01";"1";"33";"0";"2";"1";"1";"1";""
"202100008920";"185Â 775";"A01";"3";"7";"0";"2";"2";"15";"1";""
"202100008920";"185Â 776";"B01";"3";"7";"0";"2";"1";"1";"1";""
"202100008921";"185Â 774";"A01";"1";"7";"0";"1";"1";"20";"1";""
"202100008922";"185Â 772";"B01";"2";"7";"0";"2";"6";"15";"1";""
"202100008922";"185Â 773";"A01";"2";"7";"0";"2";"1";"13";"1";""
"202100008923";"185Â 768";"A01";"1";"7";"0";"2";"1";"13";"1";""
"202100008923";"185Â 769";"B01";"2";"7";"0";"2";"1";"26";"1";""
"202100008924";"185Â 766";"B01";"1";"7";"0";"2";"1";"26";"0";""
"202100008924";"185Â 767";"A01";"1";"99";"0";"2";"3";"26";"0";""
"202100008925";"185Â 764";"B01";"2";"7";"0";"2";"6";"1";"1";""
"202100008925";"185Â 765";"A01";"1";"7";"0";"2";"1";"13";"1";""
"202100008926";"185Â 763";"A01";"1";"32";"0";"1";"7";"1";"1";""
"202100008927";"185Â 761";"B01";"2";"7";"0";"2";"8";"19";"1";""
"202100008927";"185Â 762";"A01";"2";"50";"0";"2";"1";"19";"3";""
"202100008928";"185Â 758";"C01";"1";"7";"0";"2";"4";"2";"1";""
"202100008928";"185Â 759";"B01";"1";"7";"0";"2";"9";"2";"1";""
"202100008928";"185Â 760";"A01";"1";"7";"0";"2";"1";"2";"1";""
"202100008929";"185Â 756";"A01";"1";"32";"0";"2";"7";"1";"1";""
"202100008929";"185Â 757";"B01";"1";"7";"0";"2";"5";"1";"1";""
"202100008930";"185Â 754";"B01";"2";"10";"0";"2";"8";"9";"1";""
"202100008930";"185Â 755";"A01";"2";"7";"0";"2";"2";"1";"2";""
"202100008931";"185Â 753";"A01";"2";"33";"12";"0";"7";"2";"1";""
"202100008932";"185Â 751";"A01";"1";"30";"12";"0";"8";"26";"1";""
"202100008932";"185Â 752";"Z01";"2";"7";"1";"0";"3";"21";"1";""
"202100008933";"185Â 750";"A01";"1";"36";"12";"0";"1";"14";"1";""
"202100008934";"185Â 749";"A01";"1";"7";"2";"0";"1";"1";"1";""
"202100008935";"185Â 747";"A01";"2";"7";"0";"2";"1";"1";"1";""
"202100008935";"185Â 748";"B01";"2";"2";"0";"2";"8";"26";"1";""
"202100008936";"185Â 745";"B01";"1";"1";"0";"2";"0";"16";"5";""
"202100008936";"185Â 746";"A01";"1";"7";"0";"2";"0";"15";"1";""
"202100008937";"185Â 743";"B01";"0";"7";"0";"2";"8";"15";"1";""
"202100008937";"185Â 744";"A01";"0";"7";"0";"2";"1";"15";"1";""
"202100008938";"185Â 741";"A01";"1";"7";"9";"0";"3";"1";"1";""
"202100008938";"185Â 742";"B01";"1";"30";"0";"2";"4";"1";"1";""
"202100008939";"185Â 737";"B01";"1";"0";"0";"2";"0";"0";"0";""
"202100008939";"185Â 738";"A01";"1";"30";"12";"0";"0";"1";"1";""
"202100008940";"185Â 735";"A01";"1";"10";"0";"2";"3";"2";"1";""
"202100008940";"185Â 736";"B01";"1";"7";"0";"2";"4";"2";"1";""
"202100008941";"185Â 733";"A01";"2";"7";"0";"2";"3";"2";"1";""
"202100008941";"185Â 734";"B01";"2";"7";"0";"2";"5";"2";"1";""
"202100008942";"185Â 731";"A01";"1";"99";"0";"2";"1";"19";"3";""
"202100008942";"185Â 732";"B01";"1";"7";"0";"2";"3";"1";"1";""
"202100008943";"185Â 729";"B01";"3";"2";"0";"2";"1";"1";"1";""