"Num_Acc";"id_vehicule";"num_veh";"senc";"catv";"obs";"obsm";"choc";"manv";"motor";"occutc"
"202100008943";"185Â 730";"A01";"3";"7";"0";"2";"3";"15";"1";""
"202100008944";"185Â 727";"B01";"1";"10";"0";"2";"2";"1";"1";""
"202100008944";"185Â 728";"A01";"2";"7";"0";"2";"0";"26";"1";""
"202100008945";"185Â 726";"A01";"0";"7";"14";"0";"1";"1";"1";""
"202100008946";"185Â 724";"Z01";"2";"7";"0";"2";"7";"17";"0";""
"202100008946";"185Â 725";"A01";"2";"50";"0";"2";"8";"26";"3";""
"202100008947";"185Â 723";"Z01";"1";"7";"0";"1";"2";"26";"1";""
"202100008948";"185Â 721";"Z01";"3";"7";"0";"1";"0";"1";"0";""
"202100008949";"185Â 720";"A01";"1";"7";"0";"1";"2";"21";"1";""
"202100008950";"185Â 718";"A01";"1";"7";"2";"2";"1";"1";"1";""
"202100008950";"185Â 719";"B01";"1";"7";"0";"2";"4";"23";"1";""
"202100008951";"185Â 716";"A01";"1";"30";"0";"2";"1";"9";"1";""
"202100008951";"185Â 717";"B01";"2";"7";"0";"2";"3";"9";"1";""
"202100008952";"185Â 713";"A01";"2";"7";"0";"2";"1";"1";"1";""
"202100008952";"185Â 714";"C01";"2";"7";"0";"2";"4";"1";"1";""
"202100008952";"185Â 715";"B01";"2";"7";"0";"2";"4";"1";"1";""
"202100008953";"185Â 711";"A01";"3";"7";"0";"2";"1";"19";"1";""
"202100008953";"185Â 712";"B01";"3";"32";"0";"2";"7";"15";"1";""
"202100008954";"185Â 709";"B01";"0";"7";"0";"2";"2";"11";"1";""
"202100008954";"185Â 710";"A01";"0";"7";"0";"2";"1";"8";"1";""
"202100008955";"185Â 708";"Z01";"2";"7";"1";"1";"1";"1";"1";""
"202100008956";"185Â 707";"A01";"2";"7";"0";"1";"1";"1";"1";""
"202100008957";"185Â 706";"A01";"3";"7";"0";"5";"1";"26";"1";""
"202100008958";"185Â 705";"A01";"3";"7";"13";"0";"9";"13";"1";""
"202100008959";"185Â 704";"A01";"3";"7";"0";"1";"4";"26";"1";""
"202100008960";"185Â 701";"B01";"2";"7";"0";"2";"1";"23";"1";""
"202100008960";"185Â 702";"A01";"1";"7";"0";"2";"1";"5";"1";""
"202100008960";"185Â 703";"C01";"2";"7";"0";"2";"1";"23";"1";""
"202100008961";"185Â 699";"B01";"2";"7";"0";"2";"1";"1";"1";""
"202100008961";"185Â 700";"A01";"1";"7";"0";"2";"7";"21";"1";""
"202100008962";"185Â 697";"B01";"1";"34";"0";"2";"8";"1";"1";""
"202100008962";"185Â 698";"A01";"1";"7";"0";"2";"3";"15";"1";""
"202100008963";"185Â 695";"A01";"1";"1";"0";"2";"4";"11";"5";""
"202100008963";"185Â 696";"B01";"1";"7";"0";"2";"2";"1";"1";""
"202100008964";"185Â 694";"A01";"1";"30";"0";"1";"1";"18";"1";""
"202100008965";"185Â 692";"A01";"1";"30";"0";"2";"0";"21";"1";""
"202100008965";"185Â 693";"B01";"2";"7";"0";"2";"0";"15";"3";""
"202100008966";"185Â 690";"Z01";"2";"7";"0";"2";"0";"10";"1";""
"202100008966";"185Â 691";"A01";"2";"1";"0";"2";"1";"1";"5";""
"202100008967";"185Â 688";"B01";"1";"80";"0";"2";"1";"1";"3";""
"202100008967";"185Â 689";"A01";"1";"7";"0";"2";"2";"15";"1";""
"202100008968";"185Â 686";"A01";"3";"1";"0";"2";"1";"17";"5";""
"202100008968";"185Â 687";"B01";"3";"50";"0";"2";"8";"10";"3";""
"202100008969";"185Â 684";"A01";"2";"1";"0";"2";"1";"19";"5";""
"202100008969";"185Â 685";"Z01";"1";"7";"0";"2";"4";"16";"0";""
"202100008970";"185Â 682";"A01";"1";"33";"0";"2";"2";"1";"1";""
"202100008970";"185Â 683";"Z01";"1";"10";"0";"2";"6";"15";"1";""
"202100008971";"185Â 680";"A01";"1";"30";"0";"2";"1";"15";"1";""
"202100008971";"185Â 681";"B01";"2";"1";"0";"2";"1";"16";"5";""
"202100008972";"185Â 678";"B01";"2";"7";"0";"2";"1";"2";"1";""
"202100008972";"185Â 679";"A01";"2";"7";"0";"2";"4";"23";"1";""
"202100008973";"185Â 676";"A01";"1";"1";"0";"2";"2";"19";"5";""
"202100008973";"185Â 677";"B01";"1";"7";"0";"9";"2";"1";"1";""
"202100008974";"185Â 674";"A01";"0";"7";"0";"2";"1";"13";"1";""
"202100008974";"185Â 675";"B01";"0";"10";"0";"2";"1";"2";"1";""
"202100008975";"185Â 671";"C01";"1";"7";"0";"0";"0";"0";"0";""
"202100008975";"185Â 672";"B01";"1";"7";"0";"2";"4";"0";"1";""
"202100008975";"185Â 673";"A01";"1";"7";"0";"2";"1";"0";"1";""
"202100008976";"185Â 669";"A01";"1";"34";"0";"2";"7";"9";"1";""
"202100008976";"185Â 670";"B01";"2";"7";"0";"0";"0";"26";"1";""
"202100008977";"185Â 667";"A01";"2";"50";"0";"2";"3";"16";"3";""
"202100008977";"185Â 668";"B01";"2";"7";"0";"2";"8";"1";"1";""
"202100008978";"185Â 666";"A01";"3";"7";"0";"2";"1";"1";"1";""
"202100008979";"185Â 665";"A01";"2";"33";"12";"0";"2";"14";"1";""
"202100008980";"185Â 664";"A01";"3";"7";"0";"1";"1";"19";"4";""
"202100008981";"185Â 663";"A01";"1";"36";"3";"0";"1";"26";"1";""
"202100008982";"185Â 662";"A01";"2";"7";"0";"1";"2";"1";"1";""
"202100008983";"185Â 661";"A01";"1";"7";"0";"1";"1";"1";"1";""
"202100008984";"185Â 659";"B01";"3";"10";"0";"2";"1";"15";"1";""
"202100008984";"185Â 660";"A01";"3";"10";"0";"2";"1";"1";"1";""
"202100008985";"185Â 657";"A01";"1";"7";"0";"2";"2";"14";"1";""
"202100008985";"185Â 658";"B01";"1";"7";"0";"2";"3";"1";"1";""
"202100008986";"185Â 655";"A01";"2";"7";"0";"2";"2";"2";"1";""
"202100008986";"185Â 656";"B01";"2";"7";"0";"0";"4";"1";"1";""
"202100008987";"185Â 653";"A01";"1";"33";"0";"2";"2";"21";"1";""
"202100008987";"185Â 654";"B01";"2";"7";"0";"2";"2";"15";"1";""
"202100008988";"185Â 652";"A01";"0";"7";"0";"1";"2";"19";"1";""
"202100008989";"185Â 650";"A01";"1";"7";"0";"0";"3";"1";"1";""
"202100008989";"185Â 651";"B01";"0";"1";"0";"2";"2";"1";"5";""
"202100008990";"185Â 648";"B01";"3";"7";"0";"2";"1";"1";"1";""
"202100008990";"185Â 649";"A01";"3";"7";"0";"2";"6";"19";"1";""
"202100008991";"185Â 646";"A01";"3";"7";"0";"2";"1";"13";"1";""
"202100008991";"185Â 647";"B01";"3";"99";"0";"2";"1";"1";"1";""
"202100008992";"185Â 642";"B01";"1";"10";"0";"2";"1";"1";"1";""
"202100008992";"185Â 643";"A01";"1";"7";"0";"2";"4";"1";"1";""
"202100008993";"185Â 641";"A01";"2";"33";"0";"6";"1";"1";"1";""
"202100008994";"185Â 638";"A01";"1";"7";"2";"0";"2";"1";"1";""
"202100008995";"185Â 637";"A01";"2";"7";"2";"0";"9";"13";"1";""
"202100008996";"185Â 636";"A01";"1";"33";"0";"0";"0";"26";"1";""
"202100008997";"185Â 635";"A01";"2";"7";"0";"0";"0";"0";"1";""
"202100008998";"185Â 634";"A01";"3";"7";"2";"0";"1";"1";"1";""
"202100008999";"185Â 631";"B01";"1";"7";"0";"2";"6";"15";"1";""
"202100008999";"185Â 632";"C01";"2";"7";"0";"2";"3";"1";"1";""
"202100008999";"185Â 633";"A01";"1";"7";"0";"2";"1";"13";"1";""
"202100009000";"185Â 629";"B01";"2";"1";"0";"2";"1";"1";"5";""
"202100009000";"185Â 630";"A01";"2";"16";"0";"2";"0";"19";"1";""
"202100009001";"185Â 627";"A01";"2";"10";"3";"2";"1";"13";"1";""
"202100009001";"185Â 628";"B01";"1";"7";"0";"2";"1";"1";"1";""
"202100009002";"185Â 625";"A01";"1";"7";"0";"2";"1";"13";"1";""
"202100009002";"185Â 626";"B01";"2";"14";"0";"2";"1";"1";"1";""
"202100009003";"185Â 624";"A01";"3";"16";"16";"0";"8";"16";"1";""
"202100009004";"185Â 622";"B01";"1";"7";"0";"2";"2";"1";"1";""
"202100009004";"185Â 623";"A01";"2";"7";"0";"2";"1";"13";"1";""
"202100009005";"185Â 620";"A01";"2";"7";"0";"2";"7";"13";"1";""
"202100009005";"185Â 621";"B01";"1";"10";"0";"2";"1";"1";"1";""
"202100009006";"185Â 618";"A01";"2";"2";"0";"2";"1";"0";"1";""
"202100009006";"185Â 619";"B01";"1";"7";"0";"2";"3";"0";"1";""
"202100009007";"185Â 617";"A01";"1";"33";"0";"0";"1";"1";"1";""
"202100009008";"185Â 616";"A01";"2";"7";"2";"0";"1";"13";"1";""
"202100009009";"185Â 614";"B01";"1";"7";"0";"2";"2";"13";"1";""
"202100009009";"185Â 615";"A01";"2";"7";"0";"2";"2";"21";"1";""
"202100009010";"185Â 612";"B01";"2";"7";"0";"0";"0";"2";"1";""
"202100009010";"185Â 613";"A01";"2";"7";"2";"0";"2";"17";"1";""
"202100009011";"185Â 610";"B01";"2";"1";"0";"2";"0";"1";"5";""
"202100009011";"185Â 611";"A01";"1";"7";"0";"2";"3";"15";"1";""
"202100009012";"185Â 609";"A01";"3";"7";"2";"0";"1";"1";"1";""
"202100009013";"185Â 608";"A01";"3";"21";"2";"0";"1";"26";"6";""
"202100009014";"185Â 606";"B01";"2";"7";"0";"1";"7";"1";"1";""
"202100009014";"185Â 607";"A01";"3";"7";"0";"2";"1";"5";"1";""
"202100009015";"185Â 604";"B01";"1";"7";"0";"2";"8";"15";"1";""
"202100009015";"185Â 605";"A01";"1";"43";"0";"2";"1";"3";"1";""
"202100009016";"185Â 601";"B01";"1";"1";"0";"2";"1";"1";"5";""
"202100009016";"185Â 602";"A01";"2";"10";"0";"9";"3";"9";"1";""
"202100009017";"185Â 596";"E01";"2";"7";"14";"0";"0";"2";"1";""
"202100009017";"185Â 597";"D01";"2";"7";"14";"0";"0";"17";"1";""
"202100009017";"185Â 598";"C01";"2";"7";"14";"0";"0";"17";"1";""
"202100009017";"185Â 599";"B01";"2";"17";"0";"0";"4";"2";"1";""
"202100009017";"185Â 600";"A01";"2";"7";"0";"2";"1";"2";"1";""
"202100009018";"185Â 594";"A01";"2";"7";"0";"2";"1";"2";"1";""
"202100009018";"185Â 595";"B01";"1";"7";"0";"0";"4";"1";"1";""
"202100009019";"185Â 591";"C01";"2";"10";"0";"0";"4";"23";"1";""
"202100009019";"185Â 592";"B01";"2";"7";"0";"2";"1";"1";"1";""
"202100009019";"185Â 593";"A01";"2";"7";"3";"2";"2";"17";"1";""
"202100009020";"185Â 590";"A01";"1";"7";"13";"0";"9";"2";"1";""
"202100009021";"185Â 589";"A01";"2";"7";"3";"0";"3";"13";"1";""
"202100009022";"185Â 587";"A01";"1";"7";"0";"2";"4";"1";"1";""
"202100009022";"185Â 588";"B01";"1";"10";"0";"2";"1";"1";"1";""
"202100009023";"185Â 584";"A01";"2";"7";"0";"2";"1";"1";"1";""
"202100009023";"185Â 585";"B01";"2";"7";"0";"0";"4";"1";"1";""
"202100009023";"185Â 586";"C01";"2";"7";"0";"0";"7";"17";"1";""
"202100009024";"185Â 582";"B01";"1";"33";"0";"2";"1";"1";"1";""
"202100009024";"185Â 583";"A01";"2";"10";"0";"2";"2";"15";"1";""
"202100009025";"185Â 581";"A01";"1";"10";"0";"1";"6";"1";"1";""
"202100009026";"185Â 580";"A01";"1";"33";"13";"0";"1";"1";"1";""
"202100009027";"185Â 575";"B01";"2";"7";"0";"2";"1";"1";"1";""
"202100009027";"185Â 576";"A01";"1";"7";"0";"2";"1";"13";"6";""
"202100009027";"185Â 577";"C01";"2";"7";"0";"2";"1";"1";"1";""
"202100009028";"185Â 574";"A01";"1";"33";"4";"0";"0";"1";"1";""
"202100009029";"185Â 572";"A01";"1";"7";"0";"2";"3";"1";"1";""
"202100009029";"185Â 573";"B01";"3";"7";"0";"2";"2";"19";"1";""
"202100009030";"185Â 570";"A01";"1";"33";"0";"2";"7";"1";"1";""
"202100009030";"185Â 571";"B01";"2";"7";"0";"2";"2";"9";"2";""
"202100009031";"185Â 569";"A01";"2";"2";"0";"0";"0";"1";"1";""
"202100009032";"185Â 566";"B01";"2";"2";"0";"2";"1";"1";"1";""
"202100009032";"185Â 567";"A01";"1";"7";"0";"2";"2";"15";"1";""
"202100009033";"185Â 565";"A01";"3";"36";"2";"0";"2";"1";"1";""
"202100009034";"185Â 564";"A01";"1";"7";"13";"0";"2";"1";"1";""
"202100009035";"185Â 562";"A01";"2";"7";"0";"2";"1";"16";"1";""
"202100009035";"185Â 563";"B01";"0";"80";"0";"2";"7";"19";"3";""
"202100009036";"185Â 559";"A01";"0";"7";"0";"2";"3";"1";"1";""
"202100009036";"185Â 560";"B01";"0";"7";"0";"2";"3";"1";"1";""
"202100009037";"185Â 557";"B01";"2";"7";"0";"2";"8";"1";"1";""
"202100009037";"185Â 558";"A01";"2";"7";"0";"2";"5";"14";"1";""
"202100009038";"185Â 555";"B01";"1";"7";"0";"2";"1";"0";"1";""
"202100009038";"185Â 556";"A01";"1";"7";"0";"2";"4";"1";"1";""
"202100009039";"185Â 552";"C01";"1";"32";"0";"2";"8";"1";"1";""
"202100009039";"185Â 553";"B01";"1";"10";"0";"2";"3";"14";"1";""
"202100009039";"185Â 554";"A01";"1";"7";"0";"2";"5";"2";"1";""
"202100009040";"185Â 550";"B01";"1";"7";"0";"2";"4";"1";"1";""
"202100009040";"185Â 551";"A01";"1";"10";"0";"2";"1";"9";"1";""
"202100009041";"185Â 547";"A01";"1";"7";"0";"2";"4";"1";"1";""
"202100009041";"185Â 548";"B01";"1";"7";"1";"0";"1";"1";"1";""
"202100009041";"185Â 549";"C01";"1";"7";"0";"2";"0";"0";"1";""
"202100009042";"185Â 543";"D01";"1";"7";"0";"2";"4";"1";"1";""
"202100009042";"185Â 544";"C01";"1";"7";"0";"2";"4";"0";"1";""
"202100009042";"185Â 545";"B01";"1";"7";"0";"2";"6";"1";"1";""
"202100009042";"185Â 546";"A01";"1";"7";"0";"2";"1";"2";"1";""
"202100009043";"185Â 542";"A01";"2";"7";"4";"0";"2";"14";"1";""
"202100009044";"185Â 541";"A01";"2";"7";"13";"0";"1";"16";"1";""
"202100009045";"185Â 538";"C01";"2";"7";"0";"2";"4";"2";"2";""
"202100009045";"185Â 539";"B01";"2";"7";"0";"2";"1";"2";"1";""
"202100009045";"185Â 540";"A01";"2";"7";"0";"2";"1";"2";"1";""
"202100009046";"185Â 536";"B01";"1";"7";"0";"0";"4";"2";"1";""
"202100009046";"185Â 537";"A01";"1";"7";"0";"2";"1";"2";"2";""
"202100009047";"185Â 533";"A01";"1";"7";"1";"2";"1";"2";"1";""
"202100009047";"185Â 534";"B01";"1";"10";"1";"2";"4";"0";"1";""
"202100009047";"185Â 535";"C01";"1";"7";"1";"2";"4";"0";"1";""
"202100009048";"185Â 531";"A01";"1";"7";"0";"2";"8";"13";"1";""
"202100009048";"185Â 532";"B01";"1";"7";"0";"2";"2";"1";"2";""
"202100009049";"185Â 530";"A01";"1";"7";"13";"0";"1";"2";"1";""
"202100009050";"185Â 528";"A01";"2";"10";"0";"2";"2";"17";"1";""
"202100009050";"185Â 529";"B01";"2";"7";"0";"2";"6";"1";"1";""
"202100009051";"185Â 525";"A01";"1";"10";"0";"2";"1";"14";"1";""
"202100009051";"185Â 526";"B01";"1";"7";"0";"2";"4";"1";"1";""
"202100009051";"185Â 527";"C01";"1";"7";"0";"2";"5";"1";"1";""
"202100009052";"185Â 523";"B01";"2";"7";"0";"2";"4";"24";"1";""
"202100009052";"185Â 524";"A01";"2";"10";"1";"0";"1";"1";"1";""
"202100009053";"185Â 521";"A01";"2";"7";"0";"2";"1";"2";"1";""
"202100009053";"185Â 522";"B01";"2";"7";"0";"2";"4";"2";"1";""
"202100009054";"185Â 519";"B01";"1";"7";"0";"2";"8";"1";"1";""
"202100009054";"185Â 520";"A01";"1";"7";"0";"2";"7";"1";"1";""
"202100009055";"185Â 516";"C01";"2";"7";"0";"2";"3";"13";"1";""
"202100009055";"185Â 517";"B01";"2";"7";"0";"2";"7";"1";"1";""
"202100009055";"185Â 518";"A01";"2";"7";"0";"2";"5";"1";"1";""
"202100009056";"185Â 515";"A01";"1";"33";"0";"0";"0";"1";"1";""
"202100009057";"185Â 513";"B01";"1";"7";"0";"2";"4";"1";"1";""
"202100009057";"185Â 514";"A01";"1";"7";"0";"2";"1";"2";"1";""
"202100009058";"185Â 512";"A01";"1";"7";"4";"2";"3";"26";"1";""
"202100009059";"185Â 509";"A01";"2";"7";"0";"2";"1";"9";"2";""
"202100009059";"185Â 510";"B01";"2";"7";"0";"2";"1";"2";"1";""
"202100009059";"185Â 511";"C01";"2";"7";"0";"2";"4";"1";"1";""
"202100009060";"185Â 508";"A01";"1";"7";"0";"1";"2";"1";"1";""
"202100009061";"185Â 507";"A01";"3";"7";"0";"1";"1";"1";"1";""
"202100009062";"185Â 506";"A01";"1";"31";"0";"1";"7";"1";"1";""
"202100009063";"185Â 505";"A01";"3";"7";"0";"0";"0";"26";"0";""
"202100009064";"185Â 504";"A01";"1";"7";"12";"0";"1";"26";"1";""
"202100009065";"185Â 503";"A01";"2";"7";"0";"0";"9";"14";"1";""
"202100009066";"185Â 501";"A01";"2";"32";"0";"2";"6";"13";"1";""
"202100009066";"185Â 502";"B01";"2";"30";"0";"2";"8";"13";"1";""
"202100009067";"185Â 499";"A01";"1";"14";"0";"2";"8";"13";"1";""
"202100009067";"185Â 500";"B01";"1";"34";"0";"9";"7";"1";"6";""
"202100009068";"185Â 497";"B01";"1";"1";"0";"0";"0";"0";"0";""
"202100009068";"185Â 498";"A01";"1";"2";"0";"2";"8";"26";"0";""
"202100009069";"185Â 495";"B01";"0";"7";"0";"2";"1";"2";"1";""
"202100009069";"185Â 496";"A01";"0";"7";"0";"2";"3";"16";"1";""
"202100009070";"185Â 493";"A01";"0";"7";"0";"2";"1";"2";"0";""
"202100009070";"185Â 494";"B01";"0";"33";"0";"2";"3";"2";"1";""
"202100009071";"185Â 492";"A01";"2";"32";"0";"1";"1";"1";"1";""
"202100009072";"185Â 490";"A01";"0";"32";"0";"2";"5";"1";"1";""
"202100009072";"185Â 491";"B01";"3";"10";"0";"2";"3";"15";"1";""
"202100009073";"185Â 488";"B01";"1";"7";"0";"2";"3";"1";"1";""
"202100009073";"185Â 489";"A01";"1";"7";"0";"2";"2";"13";"1";""
"202100009074";"185Â 486";"B01";"3";"34";"0";"2";"2";"1";"1";""
"202100009074";"185Â 487";"A01";"3";"7";"0";"2";"1";"15";"1";""
"202100009075";"185Â 484";"B01";"1";"2";"10";"0";"2";"1";"1";""
"202100009075";"185Â 485";"A01";"1";"7";"10";"0";"2";"26";"1";""
"202100009076";"185Â 482";"B01";"1";"31";"0";"2";"1";"1";"1";""
"202100009076";"185Â 483";"A01";"2";"7";"0";"2";"2";"15";"1";""
"202100009077";"185Â 480";"B01";"2";"7";"0";"2";"1";"1";"1";""
"202100009077";"185Â 481";"A01";"1";"7";"0";"2";"2";"15";"1";""
"202100009078";"185Â 478";"A01";"0";"32";"0";"2";"1";"1";"1";""
"202100009078";"185Â 479";"B01";"0";"3";"0";"2";"1";"1";"1";""
"202100009079";"185Â 477";"A01";"2";"7";"0";"1";"2";"15";"1";""
"202100009080";"185Â 475";"B01";"2";"33";"0";"2";"0";"1";"1";""
"202100009080";"185Â 476";"A01";"2";"7";"0";"0";"0";"15";"1";""
"202100009081";"185Â 474";"A01";"0";"7";"0";"0";"3";"9";"1";""
"202100009082";"185Â 472";"B01";"2";"33";"0";"2";"7";"2";"1";""
"202100009082";"185Â 473";"Z01";"2";"7";"0";"2";"8";"15";"6";""
"202100009083";"185Â 470";"B01";"2";"7";"0";"2";"2";"1";"1";""
"202100009083";"185Â 471";"A01";"2";"50";"0";"2";"3";"1";"3";""
"202100009084";"185Â 468";"B01";"3";"7";"0";"2";"3";"1";"1";""
"202100009084";"185Â 469";"A01";"3";"7";"0";"2";"1";"13";"1";""
"202100009085";"185Â 466";"C01";"0";"50";"0";"2";"1";"26";"3";""
"202100009085";"185Â 467";"A01";"3";"7";"0";"9";"6";"1";"1";""
"202100009086";"185Â 465";"A01";"1";"7";"0";"1";"2";"1";"0";""
"202100009087";"185Â 464";"A01";"2";"7";"12";"0";"7";"1";"1";""
"202100009088";"185Â 462";"B01";"1";"7";"0";"2";"3";"19";"1";""
"202100009088";"185Â 463";"A01";"1";"7";"0";"2";"2";"19";"1";""
"202100009089";"185Â 460";"B01";"1";"10";"0";"2";"4";"1";"1";""
"202100009089";"185Â 461";"A01";"1";"7";"0";"2";"1";"1";"1";""
"202100009090";"185Â 458";"A01";"1";"7";"0";"2";"1";"2";"1";""
"202100009090";"185Â 459";"B01";"1";"7";"0";"2";"4";"2";"1";""
"202100009091";"185Â 455";"A01";"1";"7";"8";"0";"2";"1";"1";""
"202100009092";"185Â 454";"A01";"1";"7";"0";"1";"1";"1";"2";""
"202100009093";"185Â 452";"B01";"0";"7";"0";"2";"1";"1";"1";""
"202100009093";"185Â 453";"A01";"1";"7";"0";"2";"1";"21";"1";""
"202100009094";"185Â 451";"A01";"1";"33";"0";"1";"1";"1";"1";""
"202100009095";"185Â 449";"A01";"3";"33";"0";"2";"1";"5";"1";""
"202100009095";"185Â 450";"B01";"3";"7";"0";"2";"3";"1";"1";""
"202100009096";"185Â 447";"B01";"3";"7";"0";"9";"1";"1";"1";""
"202100009096";"185Â 448";"A01";"3";"1";"0";"2";"1";"5";"5";""
"202100009097";"185Â 446";"A01";"3";"10";"0";"1";"1";"0";"1";""
"202100009098";"185Â 444";"Z01";"3";"7";"0";"2";"0";"15";"1";""
"202100009098";"185Â 445";"B01";"3";"1";"0";"2";"8";"1";"5";""
"202100009099";"185Â 442";"B01";"2";"30";"0";"2";"1";"1";"1";""
"202100009099";"185Â 443";"A01";"2";"7";"0";"2";"6";"20";"1";""
"202100009100";"185Â 441";"A01";"2";"7";"0";"1";"1";"1";"1";""
"202100009101";"185Â 439";"A01";"1";"7";"0";"2";"1";"2";"1";""
"202100009101";"185Â 440";"B01";"1";"7";"0";"2";"4";"2";"1";""
"202100009102";"185Â 437";"A01";"3";"10";"0";"2";"1";"1";"1";""
"202100009102";"185Â 438";"B01";"0";"7";"0";"2";"4";"1";"1";""
"202100009103";"185Â 434";"A01";"1";"15";"6";"0";"1";"26";"1";""
"202100009104";"185Â 432";"B01";"0";"7";"0";"2";"0";"0";"0";""
"202100009104";"185Â 433";"A01";"0";"7";"0";"2";"3";"0";"0";""
"202100009105";"185Â 431";"A01";"1";"7";"4";"0";"8";"9";"1";""
"202100009106";"185Â 430";"A01";"1";"7";"2";"0";"3";"1";"1";""
"202100009107";"185Â 428";"B01";"2";"7";"0";"2";"1";"1";"1";""
"202100009107";"185Â 429";"A01";"1";"7";"0";"2";"1";"13";"1";""
"202100009108";"185Â 427";"A01";"1";"10";"0";"0";"1";"9";"1";""
"202100009109";"185Â 425";"A01";"1";"7";"0";"2";"5";"16";"1";""
"202100009109";"185Â 426";"B01";"1";"7";"0";"2";"1";"2";"1";""
"202100009110";"185Â 424";"Z01";"2";"30";"0";"1";"1";"5";"1";""
"202100009111";"185Â 422";"A01";"1";"7";"0";"2";"1";"1";"1";""
"202100009111";"185Â 423";"B01";"2";"13";"0";"2";"8";"15";"0";""
"202100009112";"185Â 421";"A01";"1";"31";"0";"0";"8";"14";"1";""
"202100009113";"185Â 419";"B01";"3";"1";"0";"2";"7";"1";"0";""
"202100009113";"185Â 420";"A01";"3";"7";"0";"2";"1";"9";"1";""
"202100009114";"185Â 418";"A01";"1";"7";"13";"0";"6";"13";"1";""
"202100009115";"185Â 417";"A01";"3";"7";"6";"0";"1";"15";"1";""
"202100009116";"185Â 415";"A01";"1";"31";"0";"2";"8";"3";"1";""
"202100009116";"185Â 416";"Z01";"1";"7";"0";"2";"7";"13";"0";""
"202100009117";"185Â 413";"A01";"2";"7";"0";"2";"1";"2";"1";""
"202100009117";"185Â 414";"B01";"2";"7";"0";"2";"4";"2";"1";""
"202100009118";"185Â 411";"B01";"1";"1";"0";"2";"1";"1";"5";""
"202100009118";"185Â 412";"A01";"1";"7";"0";"2";"5";"16";"1";""
"202100009119";"185Â 409";"B01";"1";"32";"0";"2";"8";"1";"1";""
"202100009119";"185Â 410";"A01";"1";"7";"0";"2";"7";"16";"1";""
"202100009120";"185Â 408";"A01";"2";"1";"0";"0";"0";"1";"5";""
"202100009121";"185Â 406";"A01";"2";"34";"0";"2";"2";"1";"1";""
"202100009121";"185Â 407";"B01";"1";"7";"0";"2";"5";"15";"1";""
"202100009122";"185Â 404";"B01";"2";"2";"0";"2";"8";"1";"1";""
"202100009122";"185Â 405";"A01";"1";"37";"0";"2";"1";"1";"3";"2"
"202100009123";"185Â 402";"B01";"1";"50";"0";"2";"8";"13";"3";""
"202100009123";"185Â 403";"A01";"1";"37";"0";"2";"5";"17";"3";"1"
"202100009124";"185Â 401";"Z01";"3";"0";"0";"1";"0";"0";"0";""
"202100009125";"185Â 399";"A01";"2";"50";"0";"2";"6";"16";"3";""
"202100009125";"185Â 400";"B01";"1";"10";"0";"2";"6";"1";"0";""
"202100009126";"185Â 397";"B01";"1";"7";"0";"0";"5";"19";"1";""
"202100009126";"185Â 398";"A01";"2";"33";"0";"2";"1";"0";"1";""
"202100009127";"185Â 396";"A01";"3";"7";"1";"0";"1";"2";"1";""
"202100009128";"185Â 393";"A01";"3";"7";"0";"2";"1";"26";"1";""
"202100009128";"185Â 394";"B01";"3";"33";"0";"2";"7";"26";"1";""
"202100009128";"185Â 395";"C01";"3";"7";"0";"2";"4";"24";"1";""
"202100009129";"185Â 392";"A01";"1";"7";"12";"0";"1";"1";"1";""
"202100009130";"185Â 390";"B01";" -1";"7";"0";"2";"4";"2";"1";""
"202100009130";"185Â 391";"A01";" -1";"7";"0";"2";"1";"2";"1";""
"202100009131";"185Â 389";"A01";"1";"10";"0";"1";"2";"2";"1";""
"202100009132";"185Â 386";"A01";"2";"43";"0";"0";"0";"0";"1";""
"202100009132";"185Â 387";"B01";"2";"7";"2";"2";"3";"15";"1";""
"202100009132";"185Â 388";"C01";"1";"7";"2";"2";"1";"15";"1";""
"202100009133";"185Â 384";"A01";"1";"7";"0";"2";"8";"9";"1";""
"202100009133";"185Â 385";"B01";"1";"1";"0";"2";"7";"1";"5";""
"202100009134";"185Â 382";"B01";"1";"2";"0";"2";"2";"3";"1";""
"202100009134";"185Â 383";"A01";"1";"7";"0";"2";"3";"15";"1";""
"202100009135";"185Â 381";"A01";"2";"7";"3";"0";"1";"1";"1";""
"202100009136";"185Â 379";"A01";"1";"7";"0";"2";"1";"26";"1";""
"202100009136";"185Â 380";"B01";"1";"33";"0";"2";"4";"23";"1";""
"202100009137";"185Â 378";"A01";"1";"2";"9";"0";"1";"1";"1";""
"202100009138";"185Â 376";"A01";"1";"7";"0";"2";"3";"0";"0";""
"202100009138";"185Â 377";"B01";"1";"31";"0";"2";"2";"0";"1";""
"202100009139";"185Â 374";"A01";"1";"2";"0";"2";"3";"19";"1";""
"202100009139";"185Â 375";"B01";"1";"7";"0";"2";"2";"1";"1";""
"202100009140";"185Â 372";"A01";"2";"7";"0";"2";"1";"2";"1";""
"202100009140";"185Â 373";"B01";"2";"7";"0";"0";"4";"2";"1";""
"202100009141";"185Â 371";"A01";"2";"7";"6";"0";"8";"1";"1";""
"202100009142";"185Â 369";"B01";"1";"7";"0";"2";"1";"1";"2";""
"202100009142";"185Â 370";"A01";"2";"7";"0";"0";"3";"15";"1";""