"Num_Acc";"id_vehicule";"num_veh";"senc";"catv";"obs";"obsm";"choc";"manv";"motor";"occutc"
"202100009143";"185Â 368";"A01";"1";"33";"6";"0";"2";"1";"1";""
"202100009144";"185Â 366";"B01";"1";"7";"0";"2";"3";"0";"1";""
"202100009144";"185Â 367";"A01";"2";"7";"0";"2";"2";"0";"1";""
"202100009145";"185Â 364";"B01";"1";"7";"0";"2";"3";"1";"1";""
"202100009145";"185Â 365";"A01";"2";"7";"0";"2";"3";"1";"1";""
"202100009146";"185Â 362";"B01";"2";"33";"0";"2";"5";"2";"1";""
"202100009146";"185Â 363";"A01";"2";"7";"0";"2";"3";"9";"1";""
"202100009147";"185Â 361";"A01";"1";"7";"2";"0";"1";"16";"1";""
"202100009148";"185Â 359";"A01";"2";"7";"0";"2";"3";"9";"1";""
"202100009148";"185Â 360";"B01";"1";"2";"0";"2";"1";"11";"1";""
"202100009149";"185Â 357";"B01";"1";"7";"0";"2";"3";"1";"1";""
"202100009149";"185Â 358";"A01";"2";"7";"0";"2";"3";"15";"1";""
"202100009150";"185Â 356";"A01";"1";"7";"0";"1";"2";"1";"1";""
"202100009151";"185Â 354";"B01";"2";"7";"0";"2";"7";"1";"1";""
"202100009151";"185Â 355";"A01";"2";"7";"0";"2";"1";"9";"1";""
"202100009152";"185Â 352";"B01";"2";"7";"0";"2";"1";"1";"1";""
"202100009152";"185Â 353";"A01";"1";"7";"0";"2";"1";"13";"1";""
"202100009153";"185Â 350";"A01";"1";"7";"0";"2";"2";"1";"1";""
"202100009153";"185Â 351";"B01";"2";"33";"3";"2";"1";"13";"1";""
"202100009154";"185Â 348";"B01";"2";"7";"0";"2";"1";"1";"1";""
"202100009154";"185Â 349";"A01";"1";"7";"0";"2";"2";"15";"1";""
"202100009155";"185Â 347";"A01";"2";"7";"8";"0";"8";"14";"1";""
"202100009156";"185Â 345";"B01";"1";"7";"0";"2";"3";"1";"1";""
"202100009156";"185Â 346";"A01";"2";"7";"0";"2";"1";"13";"1";""
"202100009157";"185Â 343";"B01";"1";"7";"6";"2";"3";"1";"1";""
"202100009157";"185Â 344";"A01";"2";"7";"0";"2";"3";"13";"1";""
"202100009158";"185Â 342";"A01";"1";"80";"2";"0";"0";"0";"3";""
"202100009159";"185Â 341";"A01";"2";"33";"13";"0";"1";"16";"1";""
"202100009160";"185Â 340";"A01";"2";"33";"16";"0";"8";"0";"0";""
"202100009161";"185Â 339";"A01";"1";"7";"13";"0";"8";"1";"1";""
"202100009162";"185Â 337";"A01";"1";"7";"0";"2";"3";"13";"1";""
"202100009162";"185Â 338";"B01";"2";"7";"0";"2";"3";"1";"1";""
"202100009163";"185Â 336";"A01";"1";"7";"13";"0";"3";"1";"1";""
"202100009164";"185Â 334";"A01";"1";"7";"0";"2";"2";"15";"1";""
"202100009164";"185Â 335";"B01";"2";"33";"0";"2";"1";"1";"1";""
"202100009165";"185Â 333";"A01";"1";"36";"8";"0";"1";"1";"1";""
"202100009166";"185Â 331";"B01";"0";"30";"0";"2";"1";"1";"1";""
"202100009166";"185Â 332";"A01";"0";"32";"0";"2";"1";"1";"1";""
"202100009167";"185Â 330";"A01";"1";"7";"11";"0";"0";"1";"1";""
"202100009168";"185Â 329";"A01";"1";"7";"7";"0";"9";"1";"1";""
"202100009169";"185Â 325";"A01";"3";"33";"0";"2";"1";"1";"1";""
"202100009169";"185Â 326";"B01";"3";"7";"0";"2";"2";"1";"1";""
"202100009170";"185Â 323";"A01";"1";"33";"0";"2";"3";"0";"1";""
"202100009170";"185Â 324";"B01";"2";"7";"0";"2";"3";"0";"1";""
"202100009171";"185Â 319";"A01";"1";"3";"0";"2";"3";"9";"1";""
"202100009171";"185Â 320";"B01";"1";"33";"0";"2";"1";"1";"1";""
"202100009172";"185Â 318";"A01";"2";"7";"8";"0";"2";"1";"1";""
"202100009173";"185Â 317";"A01";"2";"7";"13";"0";"2";"14";"1";""
"202100009174";"185Â 316";"A01";"1";"7";"15";"0";"1";"1";"1";""
"202100009175";"185Â 314";"B01";"1";"7";"0";"2";"1";"1";"1";""
"202100009175";"185Â 315";"A01";"2";"7";"0";"2";"1";"13";"1";""
"202100009176";"185Â 312";"B01";"2";"7";"0";"2";"1";"1";"1";""
"202100009176";"185Â 313";"A01";" -1";"7";"0";"2";"3";"19";"1";""
"202100009177";"185Â 311";"A01";"2";"7";"17";"0";"1";"11";"1";""
"202100009178";"185Â 310";"A01";"1";"33";"0";"6";"1";"1";"1";""
"202100009179";"185Â 308";"B01";"2";"1";"0";"2";"3";"1";"5";""
"202100009179";"185Â 309";"A01";"1";"7";"0";"0";"5";"17";"1";""
"202100009180";"185Â 300";"C01";"2";"7";"0";"2";"1";"2";"1";""
"202100009180";"185Â 301";"B01";"2";"7";"0";"2";"4";"2";"1";""
"202100009180";"185Â 302";"A01";"2";"7";"0";"2";"4";"1";"1";""
"202100009181";"185Â 299";"A01";"1";"7";"6";"0";"3";"1";"1";""
"202100009182";"185Â 297";"A01";"1";"7";"0";"2";"6";"2";"1";""
"202100009182";"185Â 298";"B01";"1";"7";"0";"2";"2";"2";"1";""
"202100009183";"185Â 295";"B01";"1";"7";"0";"2";"6";"1";"1";""
"202100009183";"185Â 296";"A01";"1";"7";"0";"2";"2";"1";"1";""
"202100009184";"185Â 293";"B01";"2";"7";"0";"2";"4";"23";"1";""
"202100009184";"185Â 294";"A01";"2";"7";"0";"2";"1";"1";"1";""
"202100009185";"185Â 292";"A01";"1";"32";"4";"0";"1";"9";"1";""
"202100009186";"185Â 291";"A01";"1";"43";"16";"0";"1";"1";"1";""
"202100009187";"185Â 286";"A01";"2";"7";"0";"2";"1";"2";"1";""
"202100009187";"185Â 287";"B01";"2";"7";"0";"2";"9";"2";"1";""
"202100009187";"185Â 288";"C01";"2";"7";"0";"2";"9";"2";"1";""
"202100009187";"185Â 289";"D01";"2";"7";"0";"2";"9";"2";"1";""
"202100009187";"185Â 290";"E01";"2";"7";"0";"2";"4";"2";"1";""
"202100009188";"185Â 284";"B01";"2";"7";"0";"2";"1";"2";"1";""
"202100009188";"185Â 285";"A01";"2";"7";"0";"2";"1";"2";"1";""
"202100009189";"185Â 283";"A01";"2";"33";"4";"0";"1";"1";"1";""
"202100009190";"185Â 279";"D01";"2";"7";"0";"2";"4";"2";"1";""
"202100009190";"185Â 280";"C01";"2";"7";"0";"2";"4";"2";"1";""
"202100009190";"185Â 281";"B01";"2";"7";"0";"2";"4";"2";"1";""
"202100009190";"185Â 282";"A01";"2";"10";"0";"2";"1";"2";"1";""
"202100009191";"185Â 278";"A01";"2";"7";"0";"1";"1";"15";"1";""
"202100009192";"185Â 277";"A01";"2";"2";"0";"1";"1";"17";"1";""
"202100009193";"185Â 275";"B01";"1";"7";"6";"2";"3";"1";"1";""
"202100009193";"185Â 276";"A01";"1";"10";"0";"2";"2";"1";"1";""
"202100009194";"185Â 274";"A01";"2";"3";"0";"2";"4";"1";"1";""
"202100009195";"185Â 272";"A01";"1";"7";"0";"2";"3";"15";"1";""
"202100009195";"185Â 273";"B01";"1";"33";"0";"2";"2";"7";"1";""
"202100009196";"185Â 271";"A01";"1";"7";"0";"1";"3";"1";"1";""
"202100009197";"185Â 269";"B01";"1";"7";"0";"1";"1";"0";"1";""
"202100009197";"185Â 270";"A01";"1";"10";"0";"2";"2";"0";"1";""
"202100009198";"185Â 267";"B01";"1";"2";"0";"2";"7";"1";"1";""
"202100009198";"185Â 268";"A01";"1";"7";"0";"2";"1";"9";"1";""
"202100009199";"185Â 265";"B01";"1";"7";"0";"2";"1";"1";"1";""
"202100009199";"185Â 266";"A01";"1";"30";"0";"2";"5";"1";"1";""
"202100009200";"185Â 263";"A01";"0";"7";"0";"2";"0";"0";"0";""
"202100009200";"185Â 264";"B01";"0";"2";"0";"2";"1";"1";"1";""
"202100009201";"185Â 261";"A01";"3";"7";"0";"2";"2";"0";"1";""
"202100009201";"185Â 262";"B01";"1";"30";"0";"2";"8";"1";"1";""
"202100009202";"185Â 259";"A01";" -1";"32";"0";"2";"2";"15";"1";""
"202100009202";"185Â 260";"B01";" -1";"10";"0";"0";"0";"0";"0";""
"202100009203";"185Â 258";"A01";"1";"7";"0";"1";"3";"2";"1";""
"202100009204";"185Â 256";"B01";"1";"7";"0";"2";"8";"16";"1";""
"202100009204";"185Â 257";"A01";"2";"99";"0";"2";"1";"25";"3";""
"202100009205";"185Â 255";"A01";"3";"33";"0";"0";"8";"1";"1";""
"202100009206";"185Â 254";"A01";"1";"7";"0";"1";"3";"0";"1";""
"202100009207";"185Â 253";"A01";"3";"99";"0";"0";"0";"1";"5";""
"202100009208";"185Â 252";"A01";"2";"7";"0";"1";"3";"1";"2";""
"202100009209";"185Â 250";"A01";"3";"7";"0";"2";"2";"15";"1";""
"202100009209";"185Â 251";"B01";" -1";"33";"0";"2";"1";"1";"1";""
"202100009210";"185Â 248";"B01";"3";"1";"0";"2";"6";"1";"5";""
"202100009210";"185Â 249";"A01";"1";"7";"0";"2";"3";"15";"1";""
"202100009211";"185Â 247";"A01";"3";"7";"12";"0";"1";"26";"1";""
"202100009212";"185Â 245";"Z01";"1";"7";"0";"2";"0";"1";"0";""
"202100009212";"185Â 246";"B01";"1";"1";"0";"2";"0";"19";"5";""
"202100009213";"185Â 243";"A01";"3";"7";"0";"2";"3";"1";"1";""
"202100009213";"185Â 244";"B01";"3";"1";"0";"2";"1";"16";"5";""
"202100009214";"185Â 241";"B01";"2";"7";"0";"2";"6";"9";"1";""
"202100009214";"185Â 242";"A01";"2";"33";"0";"2";"1";"21";"1";""
"202100009215";"185Â 240";"A01";"2";"7";"0";"0";"2";"17";"2";""
"202100009216";"185Â 239";"A01";"2";"7";"1";"0";"2";"1";"2";""
"202100009217";"185Â 237";"B01";"3";"10";"0";"2";"6";"24";"1";""
"202100009217";"185Â 238";"A01";"3";"7";"1";"0";"3";"14";"1";""
"202100009218";"185Â 234";"C01";"1";"7";"0";"2";"2";"26";"3";""
"202100009218";"185Â 235";"A01";"1";"10";"0";"2";"3";"9";"1";""
"202100009218";"185Â 236";"B01";"1";"30";"0";"2";"5";"2";"1";""
"202100009219";"185Â 233";"A01";"1";"7";"0";"1";"1";"9";"1";""
"202100009220";"185Â 232";"A01";"2";"7";"0";"1";"1";"1";"1";""
"202100009221";"185Â 230";"A01";"2";"15";"0";"2";"3";"1";"1";""
"202100009221";"185Â 231";"B01";"1";"15";"0";"2";"1";"1";"1";""
"202100009222";"185Â 229";"A01";"2";"7";"0";"1";"2";"1";"1";""
"202100009223";"185Â 228";"A01";"1";"14";"0";"1";"3";"15";"1";""
"202100009224";"185Â 225";"C01";"1";"10";"0";"2";"4";"2";"1";""
"202100009224";"185Â 226";"B01";"1";"7";"0";"2";"4";"0";"1";""
"202100009224";"185Â 227";"A01";"1";"7";"0";"2";"1";"26";"1";""
"202100009225";"185Â 223";"A01";"3";"7";"0";"2";"3";"15";"1";""
"202100009225";"185Â 224";"B01";"3";"2";"0";"2";"8";"1";"1";""
"202100009226";"185Â 220";"C01";"1";"7";"0";"2";"4";"23";"1";""
"202100009226";"185Â 221";"B01";"1";"7";"0";"2";"4";"23";"1";""
"202100009226";"185Â 222";"A01";"1";"7";"0";"2";"1";"2";"1";""
"202100009227";"185Â 218";"A01";"1";"7";"0";"2";"6";"16";"1";""
"202100009227";"185Â 219";"B01";"1";"33";"0";"2";"1";"11";"1";""
"202100009228";"185Â 215";"C01";"2";"7";"1";"2";"6";"1";"1";""
"202100009228";"185Â 216";"B01";"2";"7";"0";"2";"3";"1";"1";""
"202100009228";"185Â 217";"A01";"2";"7";"0";"2";"2";"14";"1";""
"202100009229";"185Â 212";"B01";"1";"7";"0";"0";"4";"23";"1";""
"202100009229";"185Â 213";"A01";"1";"7";"0";"2";"1";"23";"1";""
"202100009229";"185Â 214";"C01";"1";"7";"0";"2";"1";"1";"0";""
"202100009230";"185Â 210";"B01";"2";"7";"0";"2";"1";"1";"1";""
"202100009230";"185Â 211";"A01";"1";"7";"0";"2";"2";"1";"1";""
"202100009231";"185Â 208";"B01";"2";"1";"0";"2";"2";"19";"5";""
"202100009231";"185Â 209";"A01";"1";"7";"0";"2";"2";"1";"1";""
"202100009232";"185Â 207";"A01";"0";"7";"0";"1";"2";"16";"1";""
"202100009233";"185Â 206";"A01";"1";"1";"0";"1";"0";"25";"5";""
"202100009234";"185Â 205";"A01";"2";"7";"0";"1";"1";"15";"1";""
"202100009235";"185Â 203";"B01";"2";"33";"0";"2";"7";"17";"1";""
"202100009235";"185Â 204";"A01";"3";"7";"0";"2";"0";"15";"0";""
"202100009236";"185Â 202";"A01";"2";"10";"0";"1";"3";"15";"1";""
"202100009237";"185Â 201";"A01";"1";"7";"1";"0";"1";"14";"1";""
"202100009238";"185Â 200";"A01";"1";"7";"0";"0";"1";"1";"1";""
"202100009239";"185Â 198";"A01";"3";"7";"0";"2";"1";"16";"1";""
"202100009239";"185Â 199";"B01";"3";"50";"1";"2";"1";"19";"3";""
"202100009240";"185Â 196";"A01";"3";"7";"0";"2";"2";"1";"1";""
"202100009240";"185Â 197";"B01";"3";"7";"0";"2";"1";"1";"1";""
"202100009241";"185Â 194";"A01";"1";"7";"0";"2";"7";"15";"1";""
"202100009241";"185Â 195";"B01";"1";"7";"0";"2";"1";"1";"1";""
"202100009242";"185Â 193";"A01";"1";"7";"0";"1";"4";"4";"1";""
"202100009243";"185Â 188";"A01";"1";"7";"0";"2";"3";"1";"1";""
"202100009243";"185Â 189";"B01";"1";"2";"0";"2";"2";"1";"1";""
"202100009244";"185Â 186";"B01";"2";"7";"0";"2";"1";"13";"1";""
"202100009244";"185Â 187";"A01";"1";"14";"0";"2";"1";"1";"1";""
"202100009245";"185Â 184";"A01";"0";"7";"0";"2";"4";"4";"1";""
"202100009245";"185Â 185";"B01";"0";"1";"0";"2";"4";"2";"5";""
"202100009246";"185Â 182";"A01";"0";"7";"0";"2";"6";"15";"1";""
"202100009246";"185Â 183";"B01";"0";"33";"0";"2";"1";"17";"1";""
"202100009247";"185Â 180";"A01";"2";"7";"0";"2";"1";"0";"1";""
"202100009247";"185Â 181";"B01";"1";"7";"0";"2";"3";"2";"1";""
"202100009248";"185Â 178";"B01";"1";"1";"0";"2";"8";"23";"5";""
"202100009248";"185Â 179";"A01";"2";"7";"0";"2";"3";"15";"1";""
"202100009249";"185Â 176";"A01";"2";"1";"9";"2";"7";"1";"5";""
"202100009249";"185Â 177";"B01";"1";"7";"9";"2";"7";"19";"6";""
"202100009250";"185Â 173";"A01";"3";"33";"0";"1";"1";"16";"1";""
"202100009251";"185Â 170";"C01";"1";"7";"0";"2";"4";"1";"1";""
"202100009251";"185Â 171";"B01";"1";"7";"0";"2";"4";"2";"1";""
"202100009251";"185Â 172";"A01";"1";"7";"0";"2";"1";"2";"3";""
"202100009252";"185Â 169";"A01";"2";"7";"15";"0";"3";"1";"1";""
"202100009253";"185Â 168";"A01";"1";"7";"3";"0";"1";"1";"1";""
"202100009254";"185Â 167";"A01";"0";"7";"0";"1";"1";"1";"1";""
"202100009255";"185Â 165";"A01";"2";"7";"0";"2";"2";"15";"1";""
"202100009255";"185Â 166";"B01";"1";"30";"0";"2";"1";"1";"1";""
"202100009256";"185Â 163";"A01";"1";"7";"0";"2";"3";"15";"1";""
"202100009256";"185Â 164";"B01";"1";"31";"0";"2";"1";"1";"1";""
"202100009257";"185Â 161";"A01";"3";"31";"0";"2";"1";"2";"1";""
"202100009257";"185Â 162";"B01";"3";"7";"0";"2";"4";"2";"1";""
"202100009258";"185Â 159";"A01";"1";"7";"0";"2";"3";"9";"1";""
"202100009258";"185Â 160";"B01";"1";"2";"0";"2";"7";"26";"1";""
"202100009259";"185Â 156";"B01";"1";"7";"0";"2";"1";"2";"1";""
"202100009259";"185Â 157";"C01";"1";"7";"0";"2";"1";"2";"1";""
"202100009259";"185Â 158";"A01";"1";"7";"0";"2";"4";"1";"1";""
"202100009260";"185Â 154";"B01";"1";"7";"0";"2";"1";"2";"1";""
"202100009260";"185Â 155";"A01";"1";"10";"0";"2";"4";"16";"1";""
"202100009261";"185Â 152";"B01";"1";"50";"0";"0";"0";"0";"3";""
"202100009261";"185Â 153";"A01";"1";"7";"0";"2";"3";"26";"1";""
"202100009262";"185Â 148";"B01";"3";"7";"0";"2";"3";"1";"1";""
"202100009262";"185Â 149";"A01";"3";"14";"0";"2";"2";"1";"1";""
"202100009263";"185Â 146";"A01";"0";"10";"0";"2";"3";"15";"1";""
"202100009263";"185Â 147";"B01";"0";"2";"0";"2";"1";"17";"1";""
"202100009264";"185Â 142";"B01";"1";"33";"0";"2";"4";"2";"1";""
"202100009264";"185Â 143";"A01";"1";"33";"0";"2";"1";"2";"1";""
"202100009265";"185Â 135";"D01";"1";"7";"0";"2";"4";"1";"3";""
"202100009265";"185Â 136";"G01";"1";"7";"0";"2";"4";"1";"1";""
"202100009265";"185Â 137";"F01";"1";"7";"0";"2";"4";"1";"1";""
"202100009265";"185Â 138";"C01";"1";"7";"0";"2";"4";"1";"0";""
"202100009265";"185Â 139";"E01";"1";"7";"0";"2";"4";"1";"0";""
"202100009265";"185Â 140";"B01";"1";"7";"0";"2";"4";"1";"1";""
"202100009265";"185Â 141";"A01";"1";"7";"0";"2";"1";"1";"0";""
"202100009266";"185Â 134";"Z01";"1";"7";"0";"1";"1";"1";"0";""
"202100009267";"185Â 132";"A01";"1";"33";"0";"2";"2";"17";"1";""
"202100009267";"185Â 133";"B01";"1";"7";"0";"2";"3";"15";"0";""
"202100009268";"185Â 130";"A01";"3";"7";"0";"2";"1";"0";"1";""
"202100009268";"185Â 131";"B01";"1";"7";"0";"2";"9";"2";"1";""
"202100009269";"185Â 128";"B01";"0";"7";"0";"2";"5";"1";"1";""
"202100009269";"185Â 129";"A01";"2";"37";"0";"2";"8";"13";"2";"3"
"202100009270";"185Â 127";"A01";"2";"7";"8";"0";"7";"13";"1";""
"202100009271";"185Â 126";"A01";"3";"7";"7";"0";"1";"1";"1";""
"202100009272";"185Â 125";"A01";"2";"7";"0";"0";"1";"1";"1";""
"202100009273";"185Â 123";"A01";"1";"1";"0";"2";"7";"1";"5";""
"202100009273";"185Â 124";"B01";"1";"7";"0";"2";"3";"15";"1";""
"202100009274";"185Â 121";"A01";"2";"7";"0";"2";"1";"0";"1";""
"202100009274";"185Â 122";"B01";"2";"7";"0";"2";"4";"0";"1";""
"202100009275";"185Â 119";"A01";"1";"32";"0";"2";"8";"13";"1";""
"202100009275";"185Â 120";"B01";"1";"7";"0";"2";"7";"1";"2";""
"202100009276";"185Â 117";"B01";"2";"7";"0";"2";"1";"1";"3";""
"202100009276";"185Â 118";"A01";"1";"7";"0";"2";"1";"13";"4";""
"202100009277";"185Â 116";"A01";"1";"7";"0";"1";"4";"20";"1";""
"202100009278";"185Â 115";"A01";"2";"31";"8";"0";"1";"1";"1";""
"202100009279";"185Â 113";"B01";"3";"7";"0";"2";"1";"19";"0";""
"202100009279";"185Â 114";"A01";"2";"7";"0";"2";"0";"1";"1";""
"202100009280";"185Â 111";"A01";"1";"2";"0";"2";"4";"1";"1";""
"202100009280";"185Â 112";"Z01";"1";"7";"0";"2";"1";"1";"1";""
"202100009281";"185Â 109";"B01";"1";"7";"0";"2";"5";"2";"1";""
"202100009281";"185Â 110";"A01";"1";"33";"0";"2";"1";"2";"1";""
"202100009282";"185Â 107";"A01";"1";"14";"0";"2";"2";"16";"1";""
"202100009282";"185Â 108";"B01";"1";"1";"0";"2";"4";"1";"5";""
"202100009283";"185Â 106";"A01";"1";"33";"1";"1";"1";"1";"1";""
"202100009284";"185Â 105";"A01";"1";"1";"0";"1";"2";"1";"5";""
"202100009285";"185Â 102";"A01";"1";"7";"0";"2";"0";"1";"0";""
"202100009285";"185Â 103";"C01";"1";"7";"0";"2";"4";"1";"1";""
"202100009285";"185Â 104";"B01";"1";"7";"0";"2";"4";"1";"1";""
"202100009286";"185Â 100";"A01";"1";"7";"0";"2";"1";"1";"1";""
"202100009286";"185Â 101";"B01";"1";"1";"0";"2";"4";"13";"5";""
"202100009287";"185Â 098";"B01";"3";"33";"0";"2";"1";"1";"1";""
"202100009287";"185Â 099";"A01";"1";"7";"0";"2";"2";"15";"1";""
"202100009288";"185Â 097";"A01";"2";"7";"0";"1";"1";"1";"1";""
"202100009289";"185Â 095";"A01";"2";"33";"0";"2";"4";"1";"1";""
"202100009289";"185Â 096";"B01";"2";"7";"0";"2";"4";"23";"1";""
"202100009290";"185Â 093";"A01";"1";"7";"0";"2";"1";"1";"1";""
"202100009290";"185Â 094";"B01";"2";"31";"0";"2";"4";"1";"1";""
"202100009291";"185Â 092";"A01";"2";"43";"0";"1";"1";"1";"1";""
"202100009292";"185Â 091";"A01";"1";"50";"0";"1";"1";"5";"3";""
"202100009293";"185Â 089";"A01";"1";"7";"0";"2";"2";"15";"1";""
"202100009293";"185Â 090";"B01";"2";"1";"0";"2";"1";"1";"5";""
"202100009294";"185Â 087";"A01";"2";"80";"12";"2";"1";"13";"3";""
"202100009294";"185Â 088";"B01";"1";"1";"0";"2";"1";"1";"5";""
"202100009295";"185Â 086";"Z01";"1";"1";"0";"1";"1";"1";"5";""
"202100009296";"185Â 084";"B01";"0";"33";"0";"2";"1";"1";"1";""
"202100009296";"185Â 085";"A01";"3";"7";"0";"2";"5";"9";"1";""
"202100009297";"185Â 082";"B01";"2";"2";"0";"2";"1";"2";"1";""
"202100009297";"185Â 083";"A01";"2";"7";"0";"2";"4";"2";"1";""
"202100009298";"185Â 080";"B01";"1";"7";"0";"2";"1";"0";"1";""
"202100009298";"185Â 081";"A01";"1";"31";"0";"2";"5";"0";"1";""
"202100009299";"185Â 079";"A01";"1";"7";"0";"1";"1";"15";"3";""
"202100009300";"185Â 077";"A01";"2";"2";"0";"2";"1";"1";"1";""
"202100009300";"185Â 078";"B01";"1";"7";"0";"2";"3";"15";"1";""
"202100009301";"185Â 075";"A01";"2";"10";"0";"2";"1";"9";"1";""
"202100009301";"185Â 076";"B01";"3";"33";"0";"2";"0";"0";"1";""
"202100009302";"185Â 073";"A01";"2";"32";"0";"2";"1";"1";"1";""
"202100009302";"185Â 074";"Z01";"3";"7";"0";"2";"4";"2";"1";""
"202100009303";"185Â 071";"B01";"1";"7";"0";"2";"1";"1";"1";""
"202100009303";"185Â 072";"A01";"1";"7";"0";"2";"1";"0";"1";""
"202100009304";"185Â 070";"A01";"2";"10";"0";"1";"1";"1";"1";""
"202100009305";"185Â 069";"A01";"1";"7";"0";"1";"2";"15";"1";""
"202100009306";"185Â 068";"A01";"1";"7";"0";"1";"1";"26";"1";""
"202100009307";"185Â 066";"A01";"3";"7";"0";"2";"1";"15";"1";""
"202100009307";"185Â 067";"B01";"3";"15";"0";"2";"1";"1";"1";""
"202100009308";"185Â 065";"A01";"1";"7";"0";"1";"1";"14";"1";""
"202100009309";"185Â 063";"B01";" -1";"31";"0";"2";"1";"2";"1";""
"202100009309";"185Â 064";"A01";" -1";"3";"0";"0";"4";"1";"1";""
"202100009310";"185Â 061";"A01";"1";"7";"0";"2";"6";"4";"1";""
"202100009310";"185Â 062";"B01";"1";"34";"6";"2";"2";"1";"1";""
"202100009311";"185Â 059";"B01";"2";"2";"0";"2";"2";"23";"1";""
"202100009311";"185Â 060";"A01";"1";"7";"0";"2";"3";"1";"1";""
"202100009312";"185Â 058";"A01";"1";"7";"0";"1";"2";"9";"0";""
"202100009313";"185Â 056";"B01";"1";"7";"0";"2";"6";"9";"1";""
"202100009313";"185Â 057";"A01";"2";"34";"0";"2";"1";"21";"1";""
"202100009314";"185Â 054";"B01";"3";"7";"0";"2";"3";"2";"0";""
"202100009314";"185Â 055";"A01";"3";"2";"0";"2";"1";"2";"0";""
"202100009315";"185Â 053";"A01";"1";"7";"0";"1";"2";"19";"1";""
"202100009316";"185Â 051";"B01";"1";"3";"0";"0";"5";"15";"1";""
"202100009316";"185Â 052";"A01";"0";"43";"0";"2";"1";"18";"1";""
"202100009317";"185Â 050";"A01";"0";"7";"0";"1";"8";"26";"1";""
"202100009318";"185Â 049";"A01";"3";"30";"0";"0";"0";"0";"6";""
"202100009319";"185Â 046";"A01";"1";"7";"0";"1";"3";"1";"1";""
"202100009320";"185Â 044";"A01";"1";"2";"0";"2";"1";"1";"1";""
"202100009320";"185Â 045";"B01";"1";"37";"0";"2";"8";"1";"1";"1"
"202100009321";"185Â 042";"B01";"3";"33";"0";"2";"1";"1";"1";""
"202100009321";"185Â 043";"A01";"3";"7";"0";"2";"6";"26";"1";""
"202100009322";"185Â 040";"B01";"1";"30";"0";"2";"8";"18";"1";""
"202100009322";"185Â 041";"A01";"1";"7";"0";"2";"2";"16";"1";""
"202100009323";"185Â 038";"A01";"2";"7";"0";"2";"3";"15";"1";""
"202100009323";"185Â 039";"B01";"2";"32";"0";"2";"7";"1";"1";""
"202100009324";"185Â 037";"A01";"0";"30";"0";"0";"0";"26";"0";""
"202100009325";"185Â 035";"A01";"1";"30";"0";"2";"2";"1";"1";""
"202100009325";"185Â 036";"B01";"3";"7";"0";"2";"3";"15";"1";""
"202100009326";"185Â 033";"A01";"3";"7";"0";"2";"4";"2";"1";""
"202100009326";"185Â 034";"B01";"3";"33";"0";"2";"1";"2";"1";""
"202100009327";"185Â 031";"B01";"1";"1";"0";"2";"3";"19";"5";""
"202100009327";"185Â 032";"A01";"2";"43";"0";"2";"3";"1";"1";""
"202100009328";"185Â 030";"A01";"0";"31";"12";"0";"8";"1";"1";""
"202100009329";"185Â 028";"A01";"1";"7";"0";"2";"1";"1";"1";""
"202100009329";"185Â 029";"B01";"2";"20";"0";"2";"3";"1";"1";""
"202100009330";"185Â 027";"A01";"2";"7";"13";"0";"2";"1";"1";""
"202100009331";"185Â 026";"A01";"1";"7";"13";"0";"9";"6";"1";""
"202100009332";"185Â 025";"A01";"2";"7";"0";"1";"2";"1";"1";""
"202100009333";"185Â 023";"A01";"1";"7";"2";"6";"2";"21";"1";""
"202100009334";"185Â 021";"B01";"2";"7";"0";"2";"1";"1";"1";""
"202100009334";"185Â 022";"A01";"1";"7";"0";"0";"7";"1";"1";""
"202100009335";"185Â 018";"A01";"1";"7";"6";"0";"1";"1";"1";""
"202100009336";"185Â 016";"B01";"1";"1";"0";"2";"5";"1";"5";""
"202100009336";"185Â 017";"A01";"1";"7";"0";"9";"2";"1";"1";""
"202100009337";"185Â 015";"A01";"3";"7";"2";"0";"1";"0";"1";""
"202100009338";"185Â 013";"B01";"1";"7";"0";"2";"3";"1";"1";""
"202100009338";"185Â 014";"A01";"2";"33";"8";"2";"1";"1";"1";""
"202100009339";"185Â 012";"A01";"1";"33";"5";"0";"7";"14";"1";""
"202100009340";"185Â 010";"B01";"1";"7";"0";"2";"3";"1";"1";""
"202100009340";"185Â 011";"A01";"2";"7";"0";"2";"3";"13";"1";""
"202100009341";"185Â 009";"A01";"3";"7";"0";"1";"1";"1";"0";""
"202100009342";"185Â 007";"B01";"1";"7";"0";"2";"3";"2";"1";""
"202100009342";"185Â 008";"A01";"1";"80";"0";"2";"1";"2";"3";""
"202100009343";"185Â 005";"B01";"1";"10";"0";"2";"1";"1";"1";""
"202100009343";"185Â 006";"A01";"1";"7";"8";"2";"4";"1";"1";""
"202100009344";"185Â 003";"B01";"1";"7";"0";"2";"8";"15";"1";""
"202100009344";"185Â 004";"A01";"1";"33";"0";"2";"1";"17";"1";""
"202100009345";"185Â 002";"A01";"1";"7";"15";"0";"1";"1";"1";""
"202100009346";"185Â 001";"A01";"1";"7";"13";"0";"2";"1";"1";""
"202100009347";"184Â 999";"B01";"2";"7";"0";"2";"9";"0";"1";""
"202100009347";"185Â 000";"A01";"1";"7";"0";"2";"1";"1";"1";""
"202100009348";"184Â 998";"A01";"1";"7";"0";"1";"2";"1";"1";""