"Num_Acc";"id_vehicule";"num_veh";"senc";"catv";"obs";"obsm";"choc";"manv";"motor";"occutc"
"202100009349";"184Â 995";"B01";"1";"7";"0";"2";"4";"15";"1";""
"202100009349";"184Â 996";"A01";"1";"7";"0";"2";"3";"1";"1";""
"202100009349";"184Â 997";"C01";"2";"7";"0";"2";"1";"1";"1";""
"202100009350";"184Â 993";"B01";"1";"7";"0";"2";"3";"1";"1";""
"202100009350";"184Â 994";"A01";"2";"33";"0";"2";"1";"17";"1";""
"202100009351";"184Â 991";"B01";"1";"7";"0";"2";"6";"1";"1";""
"202100009351";"184Â 992";"A01";"1";"10";"0";"0";"1";"1";"1";""
"202100009352";"184Â 989";"A01";"3";"7";"0";"2";"3";"19";"1";""
"202100009352";"184Â 990";"B01";"3";"2";"0";"2";"1";"1";"1";""
"202100009353";"184Â 987";"B01";"1";"30";"0";"6";"1";"2";"1";""
"202100009353";"184Â 988";"A01";"1";"7";"0";"2";"1";"2";"1";""
"202100009354";"184Â 985";"B01";"1";"7";"0";"2";"8";"19";"1";""
"202100009354";"184Â 986";"A01";"2";"7";"0";"2";"1";"1";"1";""
"202100009355";"184Â 983";"B01";"2";"15";"0";"2";"3";"1";"1";""
"202100009355";"184Â 984";"A01";"1";"10";"0";"2";"8";"1";"1";""
"202100009356";"184Â 982";"A01";"2";"7";"2";"0";"1";"19";"1";""
"202100009357";"184Â 979";"A01";"1";"2";"0";"2";"1";"21";"1";""
"202100009357";"184Â 980";"B01";"1";"10";"0";"0";"2";"11";"0";""
"202100009357";"184Â 981";"C01";"1";"7";"0";"2";"1";"1";"1";""
"202100009358";"184Â 978";"A01";"0";"2";"14";"9";"0";"0";"0";""
"202100009359";"184Â 976";"B01";"1";"7";"0";"2";"4";"0";"1";""
"202100009359";"184Â 977";"A01";"1";"33";"0";"2";"1";"1";"1";""
"202100009360";"184Â 974";"A01";"2";"7";"0";"2";"1";"2";"1";""
"202100009360";"184Â 975";"B01";"2";"15";"0";"0";"4";"2";"1";""
"202100009361";"184Â 973";"A01";"2";"2";"0";"0";"0";"0";"1";""
"202100009362";"184Â 970";"C01";"1";"7";"0";"2";"3";"1";"1";""
"202100009362";"184Â 971";"A01";"2";"7";"1";"2";"3";"13";"1";""
"202100009362";"184Â 972";"B01";"2";"7";"0";"0";"6";"15";"1";""
"202100009363";"184Â 969";"A01";"2";"2";"15";"0";"2";"14";"1";""
"202100009364";"184Â 967";"A01";"1";"2";"0";"2";"1";"17";"1";""
"202100009364";"184Â 968";"B01";"1";"7";"0";"2";"6";"15";"1";""
"202100009365";"184Â 965";"B01";"2";"7";"0";"2";"1";"1";"1";""
"202100009365";"184Â 966";"A01";"1";"7";"0";"2";"1";"1";"1";""
"202100009366";"184Â 963";"A01";"1";"7";"0";"2";"8";"15";"1";""
"202100009366";"184Â 964";"B01";"1";"33";"0";"2";"1";"17";"1";""
"202100009367";"184Â 961";"B01";"3";"2";"0";"2";"1";"1";"1";""
"202100009367";"184Â 962";"A01";"3";"7";"0";"0";"2";"15";"1";""
"202100009368";"184Â 959";"A01";"2";"7";"0";"0";"3";"15";"1";""
"202100009368";"184Â 960";"B01";"1";"1";"0";"0";"7";"1";"5";""
"202100009369";"184Â 957";"A01";"3";"7";"0";"2";"8";"15";"1";""
"202100009369";"184Â 958";"B01";"2";"7";"0";"2";"3";"1";"1";""
"202100009370";"184Â 956";"A01";"3";"7";"0";"1";"4";"4";"1";""
"202100009371";"184Â 955";"A01";"1";"7";"6";"0";"1";"1";"1";""
"202100009372";"184Â 953";"B01";"3";"1";"0";"0";"8";"1";"5";""
"202100009372";"184Â 954";"A01";"3";"7";"0";"9";"3";"2";"1";""
"202100009373";"184Â 950";"A01";"2";"7";"0";"2";"1";"1";"1";""
"202100009373";"184Â 951";"B01";"2";"33";"0";"2";"4";"1";"1";""
"202100009373";"184Â 952";"C01";"2";"7";"0";"2";"4";"1";"1";""
"202100009374";"184Â 948";"B01";"1";"7";"0";"2";"1";"1";"1";""
"202100009374";"184Â 949";"A01";"0";"7";"0";"2";"3";"26";"1";""
"202100009375";"184Â 946";"A01";"1";"33";"0";"0";"4";"16";"1";""
"202100009375";"184Â 947";"B01";"1";"7";"0";"2";"1";"1";"1";""
"202100009376";"184Â 944";"B01";"1";"33";"0";"2";"8";"1";"1";""
"202100009376";"184Â 945";"A01";"1";"7";"0";"2";"7";"1";"1";""
"202100009377";"184Â 942";"A01";"1";"17";"0";"2";"2";"1";"1";""
"202100009377";"184Â 943";"B01";"1";"7";"0";"2";"9";"17";"1";""
"202100009378";"184Â 940";"A01";"2";"7";"0";"2";"1";"2";"1";""
"202100009378";"184Â 941";"B01";"2";"7";"0";"2";"4";"1";"1";""
"202100009379";"184Â 938";"A01";"1";"7";"0";"2";"2";"14";"1";""
"202100009379";"184Â 939";"B01";"1";"7";"4";"2";"3";"1";"1";""
"202100009380";"184Â 936";"B01";"2";"7";"0";"2";"4";"1";"1";""
"202100009380";"184Â 937";"A01";"2";"7";"0";"2";"2";"1";"1";""
"202100009381";"184Â 931";"A01";"2";"10";"0";"2";"1";"2";"1";""
"202100009381";"184Â 932";"B01";"2";"7";"0";"2";"4";"2";"1";""
"202100009381";"184Â 933";"C01";"2";"10";"0";"2";"4";"2";"1";""
"202100009381";"184Â 934";"E01";"2";"7";"0";"2";"4";"2";"1";""
"202100009381";"184Â 935";"D01";"2";"7";"0";"2";"4";"2";"1";""
"202100009382";"184Â 927";"C01";"2";"7";"1";"2";"1";"2";"1";""
"202100009382";"184Â 928";"D01";"2";"7";"1";"2";"4";"2";"1";""
"202100009382";"184Â 929";"B01";"2";"7";"1";"2";"5";"2";"2";""
"202100009382";"184Â 930";"A01";"2";"10";"1";"0";"1";"2";"1";""
"202100009383";"184Â 926";"A01";"2";"33";"3";"0";"7";"18";"1";""
"202100009384";"184Â 925";"A01";"1";"7";"2";"0";"1";"0";"1";""
"202100009385";"184Â 924";"A01";"2";"7";"4";"0";"3";"1";"1";""
"202100009386";"184Â 923";"A01";"2";"7";"5";"0";"1";"1";"1";""
"202100009387";"184Â 921";"B01";"2";"7";"0";"0";"5";"2";"1";""
"202100009387";"184Â 922";"A01";"2";"31";"0";"2";"3";"2";"1";""
"202100009388";"184Â 920";"A01";"2";"7";"4";"0";"1";"1";"1";""
"202100009389";"184Â 919";"A01";"1";"7";"4";"0";"1";"1";"1";""
"202100009390";"184Â 918";"A01";"1";"7";"4";"0";"1";"1";"1";""
"202100009391";"184Â 914";"D01";"1";"7";"0";"2";"4";"2";"1";""
"202100009391";"184Â 915";"C01";"1";"7";"0";"2";"4";"2";"1";""
"202100009391";"184Â 916";"B01";"1";"7";"0";"2";"4";"2";"3";""
"202100009391";"184Â 917";"A01";"1";"10";"0";"2";"1";"2";"1";""
"202100009392";"184Â 912";"B01";"1";"33";"0";"2";"2";"3";"1";""
"202100009392";"184Â 913";"A01";"1";"10";"0";"2";"6";"11";"1";""
"202100009393";"184Â 911";"A01";"2";"1";"0";"1";"1";"1";"5";""
"202100009394";"184Â 908";"C01";"1";"7";"0";"2";"7";"1";"1";""
"202100009394";"184Â 909";"A01";"1";"7";"0";"2";"2";"14";"1";""
"202100009394";"184Â 910";"B01";"1";"7";"0";"2";"3";"1";"1";""
"202100009395";"184Â 906";"A01";"1";"34";"0";"2";"1";"2";"1";""
"202100009395";"184Â 907";"B01";"1";"10";"0";"2";"4";"2";"1";""
"202100009396";"184Â 904";"B01";"1";"2";"0";"2";"3";"1";"1";""
"202100009396";"184Â 905";"A01";"3";"7";"0";"2";"1";"15";"1";""
"202100009397";"184Â 903";"A01";"3";"33";"6";"0";"0";"16";"1";""
"202100009398";"184Â 901";"A01";"1";"7";"0";"2";"1";"13";"1";""
"202100009398";"184Â 902";"B01";"2";"7";"0";"2";"8";"0";"1";""
"202100009399";"184Â 899";"B01";"3";"2";"0";"2";"1";"1";"1";""
"202100009399";"184Â 900";"A01";"1";"7";"0";"2";"2";"15";"1";""
"202100009400";"184Â 898";"A01";"1";"7";"0";"1";"7";"1";"1";""
"202100009401";"184Â 896";"A01";"2";"10";"0";"2";"1";"1";"1";""
"202100009401";"184Â 897";"B01";"2";"7";"0";"2";"4";"1";"1";""
"202100009402";"184Â 895";"C01";"0";"0";"0";"1";"0";"26";"0";""
"202100009403";"184Â 893";"A01";"1";"3";"0";"2";"2";"15";"6";""
"202100009403";"184Â 894";"B01";"2";"34";"0";"2";"8";"8";"1";""
"202100009404";"184Â 891";"A01";"2";"7";"0";"2";"3";"15";"0";""
"202100009404";"184Â 892";"B01";"3";"7";"0";"2";"0";"1";"0";""
"202100009405";"184Â 889";"B01";"1";"7";"16";"0";"0";"0";"1";""
"202100009405";"184Â 890";"A01";"1";"7";"0";"2";"1";"2";"2";""
"202100009406";"184Â 887";"B01";"3";"1";"0";"2";"1";"19";"5";""
"202100009406";"184Â 888";"A01";"2";"7";"0";"9";"2";"1";"1";""
"202100009407";"184Â 885";"A01";"1";"30";"0";"2";"1";"3";"1";""
"202100009407";"184Â 886";"B01";"1";"7";"0";"2";"6";"11";"1";""
"202100009408";"184Â 884";"A01";"1";"30";"0";"1";"1";"1";"1";""
"202100009409";"184Â 883";"A01";"3";"7";"0";"1";"1";"26";"1";""
"202100009410";"184Â 881";"A01";"3";"7";"0";"2";"1";"15";"2";""
"202100009410";"184Â 882";"B01";"3";"30";"0";"2";"1";"1";"1";""
"202100009411";"184Â 879";"A01";"1";"7";"0";"2";"3";"20";"1";""
"202100009411";"184Â 880";"B01";"1";"2";"0";"2";"1";"1";"1";""
"202100009412";"184Â 877";"B01";"1";"7";"0";"2";"4";"2";"1";""
"202100009412";"184Â 878";"Y01";"1";"7";"0";"2";"1";"2";"1";""
"202100009413";"184Â 875";"B01";"2";"7";"0";"2";"3";"1";"1";""
"202100009413";"184Â 876";"A01";"2";"7";"0";"2";"1";"1";"1";""
"202100009414";"184Â 873";"B01";"1";"1";"0";"2";"4";"1";"5";""
"202100009414";"184Â 874";"A01";"1";"7";"0";"2";"2";"1";"1";""
"202100009415";"184Â 871";"A01";"2";"7";"0";"2";"3";"22";"1";""
"202100009415";"184Â 872";"B01";"2";"1";"1";"0";"1";"1";"0";""
"202100009416";"184Â 869";"A01";"0";"7";"0";"2";"3";"15";"1";""
"202100009416";"184Â 870";"B01";"0";"7";"0";"2";"3";"1";"1";""
"202100009417";"184Â 867";"A01";"3";"7";"8";"0";"3";"13";"1";""
"202100009418";"184Â 865";"B01";"0";"2";"0";"2";"4";"1";"1";""
"202100009418";"184Â 866";"A01";"0";"7";"0";"2";"1";"15";"1";""
"202100009419";"184Â 861";"A01";"1";"7";"0";"2";"2";"1";"1";""
"202100009419";"184Â 862";"B01";"1";"1";"0";"2";"3";"15";"5";""
"202100009420";"184Â 859";"A01";"1";"7";"0";"2";"1";"15";"1";""
"202100009420";"184Â 860";"B01";"2";"32";"0";"2";"1";"1";"1";""
"202100009421";"184Â 857";"B01";"1";"7";"0";"2";"1";"15";"1";""
"202100009421";"184Â 858";"A01";"0";"7";"0";"2";"3";"26";"1";""
"202100009422";"184Â 856";"A01";"3";"10";"0";"1";"3";"1";"1";""
"202100009423";"184Â 854";"B01";"3";"30";"9";"0";"1";"5";"1";""
"202100009423";"184Â 855";"A01";"3";"7";"9";"0";"0";"0";"1";""
"202100009424";"184Â 853";"Z01";"3";"7";"0";"2";"1";"17";"0";""
"202100009425";"184Â 851";"B01";"2";"7";"0";"2";"3";"1";"1";""
"202100009425";"184Â 852";"A01";"1";"7";"0";"2";"3";"13";"1";""
"202100009426";"184Â 849";"B01";"1";"7";"0";"2";"4";"1";"1";""
"202100009426";"184Â 850";"A01";"1";"7";"0";"2";"1";"2";"1";""
"202100009427";"184Â 848";"A01";"1";"7";"0";"1";"2";"1";"1";""
"202100009428";"184Â 846";"B01";"1";"2";"0";"2";"4";"2";"3";""
"202100009428";"184Â 847";"A01";"1";"7";"0";"9";"1";"2";"1";""
"202100009429";"184Â 844";"B01";"1";"7";"0";"2";"4";"1";"1";""
"202100009429";"184Â 845";"A01";"1";"7";"0";"2";"1";"1";"1";""
"202100009430";"184Â 842";"B01";"0";" -1";"1";"0";"5";"24";" -1";""
"202100009430";"184Â 843";"A01";"0";"7";"1";"0";"2";"1";"1";""
"202100009431";"184Â 840";"B01";"1";"50";"0";"2";"0";"26";"3";""
"202100009431";"184Â 841";"A01";"1";"7";"0";"2";"0";"26";"1";""
"202100009432";"184Â 838";"B01";"1";"38";"0";"2";"2";"24";"1";"1"
"202100009432";"184Â 839";"A01";"1";"7";"1";"0";"1";"26";"1";""
"202100009433";"184Â 836";"B01";"3";"7";"0";"2";"3";"16";"1";""
"202100009433";"184Â 837";"A01";"3";"7";"0";"2";"2";"1";"1";""
"202100009434";"184Â 835";"A01";"3";"7";"0";"1";"3";"1";"1";""
"202100009435";"184Â 833";"B01";"2";"7";"0";"2";"2";"16";"1";""
"202100009435";"184Â 834";"A01";"2";"2";"0";"2";"3";"1";"1";""
"202100009436";"184Â 831";"A01";"3";"7";"0";"2";"1";"15";"1";""
"202100009436";"184Â 832";"B01";"3";"1";"0";"2";"1";"1";"5";""
"202100009437";"184Â 829";"B01";"2";"10";"0";"2";"4";"2";"1";""
"202100009437";"184Â 830";"A01";"2";"10";"0";"2";"1";"2";"1";""
"202100009438";"184Â 827";"Z01";"2";"7";"0";"2";"0";"0";"0";""
"202100009438";"184Â 828";"A01";"2";"7";"0";"2";"4";"1";"1";""
"202100009439";"184Â 825";"A01";"1";"7";"0";"2";"1";"16";"1";""
"202100009439";"184Â 826";"B01";"1";"1";"0";"2";"0";"1";"5";""
"202100009440";"184Â 824";"A01";"3";"7";"0";"1";"0";"15";"1";""
"202100009441";"184Â 823";"A01";"2";"30";"0";"2";"1";"1";"1";""
"202100009442";"184Â 821";"B01";"1";"32";"0";"2";"7";"17";"1";""
"202100009442";"184Â 822";"A01";"1";"7";"0";"2";"3";"1";"1";""
"202100009443";"184Â 819";"B01";"1";"1";"0";"2";"0";"1";"5";""
"202100009443";"184Â 820";"A01";"1";"7";"0";"2";"3";"15";"1";""
"202100009444";"184Â 818";"A01";"3";"7";"0";"1";"2";"0";"1";""
"202100009445";"184Â 817";"A01";"3";"7";"0";"1";"2";"2";"1";""
"202100009446";"184Â 815";"B01";"1";"7";"0";"2";"3";"1";"1";""
"202100009446";"184Â 816";"A01";"1";"10";"0";"2";"2";"15";"1";""
"202100009447";"184Â 814";"A01";"0";"0";"0";"1";"0";"26";"0";""
"202100009448";"184Â 813";"A01";"0";"32";"15";"0";"7";"1";"1";""
"202100009449";"184Â 811";"A01";"2";"30";"0";"2";"0";"9";"1";""
"202100009449";"184Â 812";"B01";"2";"2";"0";"2";"0";"9";"1";""
"202100009450";"184Â 809";"B01";"3";"34";"0";"2";"1";"1";"1";""
"202100009450";"184Â 810";"A01";"3";"7";"0";"2";"3";"15";"3";""
"202100009451";"184Â 808";"A01";"1";"7";"0";"1";"1";"1";"1";""
"202100009452";"184Â 807";"A01";"2";"7";"0";"0";"1";"14";"1";""
"202100009453";"184Â 806";"A01";"1";"10";"0";"0";"9";"1";"1";""
"202100009454";"184Â 804";"B01";"3";"33";"0";"2";"3";"1";"1";""
"202100009454";"184Â 805";"A01";"1";"30";"0";"2";"1";"26";"1";""
"202100009455";"184Â 802";"A01";"1";"7";"0";"2";"2";"26";"1";""
"202100009455";"184Â 803";"B01";"1";"7";"0";"2";"2";"26";"1";""
"202100009456";"184Â 800";"A01";"1";"17";"0";"2";"7";"12";"1";""
"202100009456";"184Â 801";"B01";"1";"7";"4";"2";"8";"1";"2";""
"202100009457";"184Â 798";"B01";"1";"7";"0";"2";"8";"11";"1";""
"202100009457";"184Â 799";"A01";"1";"34";"0";"2";"1";"3";"1";""
"202100009458";"184Â 796";"B01";"2";"7";"4";"2";"6";"1";"1";""
"202100009458";"184Â 797";"A01";"2";"7";"0";"2";"2";"14";"2";""
"202100009459";"184Â 794";"B01";"1";"1";"0";"2";"0";"19";"5";""
"202100009459";"184Â 795";"A01";"2";"32";"0";"2";"5";"1";"1";""
"202100009460";"184Â 793";"A01";"1";"33";"12";"0";"0";"1";"1";""
"202100009461";"184Â 792";"A01";"2";"1";"0";"0";"0";"1";"5";""
"202100009462";"184Â 791";"A01";"1";"1";"9";"0";"1";"1";"5";""
"202100009463";"184Â 790";"A01";"2";"33";"0";"1";"2";"17";"1";""
"202100009464";"184Â 789";"A01";"3";"7";"4";"0";"1";"13";"1";""
"202100009465";"184Â 788";"A01";"1";"1";"0";"0";"0";"21";"5";""
"202100009466";"184Â 787";"A01";"1";"30";"0";"0";"7";"1";"1";""
"202100009467";"184Â 786";"A01";"1";"33";"0";"2";"1";"1";"1";""
"202100009468";"184Â 785";"A01";"2";"7";"1";"0";"3";"13";"1";""
"202100009469";"184Â 783";"A01";"2";"10";"8";"2";"7";"1";"1";""
"202100009469";"184Â 784";"B01";"1";"7";"0";"0";"0";"0";"1";""
"202100009470";"184Â 782";"A01";"1";"10";"0";"1";"3";"15";"1";""
"202100009471";"184Â 779";"C01";"3";"7";"0";"2";"4";"23";"1";""
"202100009471";"184Â 780";"B01";"3";"7";"0";"2";"4";"23";"1";""
"202100009471";"184Â 781";"A01";"3";"7";"0";"2";"1";"2";"1";""
"202100009472";"184Â 777";"A01";"1";"7";"0";"2";"2";"15";"1";""
"202100009472";"184Â 778";"B01";"1";"32";"0";"2";"3";"0";"1";""
"202100009473";"184Â 775";"B01";"1";"7";"0";"9";"1";"1";"1";""
"202100009473";"184Â 776";"A01";"1";"1";"0";"2";"4";"23";"5";""
"202100009474";"184Â 773";"B01";"1";"7";"0";"2";"3";"9";"1";""
"202100009474";"184Â 774";"A01";"1";"10";"0";"2";"1";"1";"1";""
"202100009475";"184Â 771";"A01";"1";"32";"0";"2";"2";"17";"1";""
"202100009475";"184Â 772";"B01";"1";"7";"0";"2";"6";"23";"1";""
"202100009476";"184Â 770";"A01";"3";"30";"1";"0";"1";"14";"1";""
"202100009477";"184Â 768";"B01";"2";"7";"0";"2";"3";"1";"1";""
"202100009477";"184Â 769";"A01";"1";"7";"0";"2";"1";"15";"1";""
"202100009478";"184Â 766";"A01";"2";"15";"0";"2";"1";"26";"1";""
"202100009478";"184Â 767";"B01";"2";"15";"0";"2";"4";"1";"1";""
"202100009479";"184Â 763";"A01";"1";"7";"0";"2";"1";"2";"1";""
"202100009479";"184Â 764";"B01";"1";"7";"0";"2";"4";"2";"1";""
"202100009479";"184Â 765";"C01";"1";"7";"0";"2";"4";"2";"1";""
"202100009480";"184Â 762";"A01";"2";"7";"0";"1";"1";"16";"2";""
"202100009481";"184Â 760";"A01";"1";"7";"0";"2";"1";"11";"1";""
"202100009481";"184Â 761";"B01";"2";"7";"0";"2";"3";"9";"1";""
"202100009482";"184Â 758";"A01";"1";"7";"0";"2";"1";"19";"2";""
"202100009482";"184Â 759";"B01";"2";"31";"0";"2";"8";"19";"1";""
"202100009483";"184Â 756";"A01";"1";"7";"0";"2";"3";"19";"1";""
"202100009483";"184Â 757";"B01";"1";"7";"0";"2";"1";"19";"1";""
"202100009484";"184Â 755";"A01";"0";"7";"0";"1";"6";"26";"0";""
"202100009485";"184Â 754";"A01";"1";"7";"0";"1";"1";"1";"1";""
"202100009486";"184Â 752";"B01";"2";"10";"0";"2";"5";"1";"1";""
"202100009486";"184Â 753";"A01";"2";"33";"0";"2";"1";"1";"1";""
"202100009487";"184Â 751";"A01";"3";"7";"0";"1";"1";"1";"1";""
"202100009488";"184Â 749";"B01";"3";"7";"0";"2";"3";"0";"1";""
"202100009488";"184Â 750";"A01";"3";"34";"0";"2";"8";"1";"1";""
"202100009489";"184Â 747";"A01";"2";"7";"0";"2";"1";"1";"2";""
"202100009489";"184Â 748";"B01";"2";"10";"0";"2";"4";"2";"1";""
"202100009490";"184Â 745";"Z01";"1";"7";"9";"2";"1";"1";"0";""
"202100009490";"184Â 746";"B01";"1";"33";"9";"2";"4";"1";"1";""
"202100009491";"184Â 743";"A01";"2";"7";"0";"2";"2";"1";"1";""
"202100009491";"184Â 744";"B01";"0";"32";"0";"2";"0";"0";"1";""
"202100009492";"184Â 742";"A01";"1";"7";"2";"0";"3";"11";"1";""
"202100009493";"184Â 740";"B01";"1";"21";"0";"2";"3";"15";"1";""
"202100009493";"184Â 741";"A01";"1";"7";"0";"2";"9";"17";"1";""
"202100009494";"184Â 739";"A01";"2";"7";"2";"0";"3";"1";"1";""
"202100009495";"184Â 737";"A01";"2";"7";"0";"2";"1";"12";"1";""
"202100009495";"184Â 738";"B01";"1";"33";"0";"2";"3";"1";"1";""
"202100009496";"184Â 735";"A01";"0";"36";"0";"2";"1";"1";"1";""
"202100009496";"184Â 736";"B01";"0";"7";"0";"0";"1";"23";"1";""
"202100009497";"184Â 733";"B01";"1";"34";"0";"2";"4";"2";"1";""
"202100009497";"184Â 734";"A01";"1";"10";"0";"0";"1";"1";"1";""
"202100009498";"184Â 732";"A01";"1";"10";"13";"0";"9";"1";"1";""
"202100009499";"184Â 731";"A01";"2";"7";"0";"1";"2";"1";"1";""
"202100009500";"184Â 730";"A01";"3";"7";"6";"0";"1";"1";"1";""
"202100009501";"184Â 728";"A01";"3";"7";"0";"1";"5";"4";"1";""
"202100009501";"184Â 729";"B01";"0";"7";"0";"1";"2";"23";"1";""
"202100009502";"184Â 727";"A01";"1";"7";"0";"1";"1";"1";"1";""
"202100009503";"184Â 726";"A01";"2";"7";"15";"0";"9";"1";"1";""
"202100009504";"184Â 724";"A01";"1";"1";"0";"0";"4";"2";"5";""
"202100009504";"184Â 725";"B01";"1";"7";"0";"2";"2";"2";"1";""
"202100009505";"184Â 722";"B01";"1";"7";"0";"2";"6";"1";"1";""
"202100009505";"184Â 723";"A01";"1";"2";"0";"2";"1";"1";"1";""
"202100009506";"184Â 720";"A01";"1";"10";"3";"2";"3";"2";"1";""
"202100009506";"184Â 721";"B01";"2";"20";"0";"2";"3";"24";"1";""
"202100009507";"184Â 719";"A01";"2";"7";"15";"0";"7";"13";"1";""
"202100009508";"184Â 717";"B01";"2";"7";"0";"0";"4";"23";"1";""
"202100009508";"184Â 718";"A01";"2";"7";"0";"2";"1";"2";"1";""
"202100009509";"184Â 716";"A01";"1";"2";"5";"0";"7";"1";"1";""
"202100009510";"184Â 714";"A01";"2";"10";"0";"2";"1";"2";"1";""
"202100009510";"184Â 715";"B01";"2";"7";"0";"0";"4";"2";"1";""
"202100009511";"184Â 711";"A01";"2";"7";"0";"2";"1";"2";"1";""
"202100009511";"184Â 712";"B01";"2";"7";"0";"2";"4";"2";"1";""
"202100009511";"184Â 713";"C01";"2";"7";"0";"2";"4";"2";"1";""
"202100009512";"184Â 710";"A01";"1";"30";"0";"0";"2";"1";"1";""
"202100009513";"184Â 708";"B01";"1";"2";"0";"2";"1";"1";"1";""
"202100009513";"184Â 709";"A01";"2";"10";"0";"0";"3";"15";"1";""
"202100009514";"184Â 706";"A01";"2";"7";"0";"2";"1";"17";"1";""
"202100009514";"184Â 707";"B01";"1";"7";"0";"2";"1";"1";"1";""
"202100009515";"184Â 704";"B01";"0";"1";"0";"2";"1";"2";"6";""
"202100009515";"184Â 705";"A01";"3";"7";"0";"9";"7";"19";"1";""
"202100009516";"184Â 703";"A01";"2";"10";"8";"0";"3";"13";"1";""
"202100009517";"184Â 701";"A01";"1";"13";"0";"0";"2";"0";"1";""
"202100009517";"184Â 702";"B01";"2";"33";"0";"0";"0";"17";"1";""
"202100009518";"184Â 699";"A01";"2";"7";"0";"2";"1";"13";"1";""
"202100009518";"184Â 700";"B01";"1";"7";"0";"2";"1";"1";"1";""
"202100009519";"184Â 697";"B01";"3";"7";"0";"2";"3";"1";"1";""
"202100009519";"184Â 698";"A01";"3";"14";"0";"2";"3";"1";"1";""
"202100009520";"184Â 693";"B01";"3";"10";"0";"2";"1";"2";"1";""
"202100009520";"184Â 694";"A01";"3";"7";"0";"2";"4";"2";"1";""
"202100009521";"184Â 692";"A01";"2";"32";"0";"0";"0";"1";"1";""
"202100009522";"184Â 689";"B01";"1";"2";"0";"2";"1";"1";"1";""
"202100009522";"184Â 690";"A01";"1";"7";"0";"2";"2";"15";"1";""
"202100009523";"184Â 688";"A01";"1";"7";"13";"0";"9";"1";"1";""
"202100009524";"184Â 687";"A01";"1";"33";"0";"0";"0";"2";"1";""
"202100009525";"184Â 685";"B01";"1";"7";"0";"2";"1";"19";"1";""
"202100009525";"184Â 686";"A01";"2";"7";"0";"2";"2";"21";"1";""
"202100009526";"184Â 683";"A01";"2";"7";"0";"2";"2";"1";"1";""
"202100009526";"184Â 684";"B01";"2";"10";"0";"2";"6";"1";"1";""
"202100009527";"184Â 680";"C01";"2";"10";"0";"2";"1";"1";"1";""
"202100009527";"184Â 681";"B01";"2";"7";"13";"2";"3";"1";"1";""
"202100009527";"184Â 682";"A01";"1";"7";"0";"2";"1";"13";"1";""
"202100009528";"184Â 679";"A01";"2";"7";"2";"0";"3";"17";"1";""
"202100009529";"184Â 677";"A01";"2";"7";"0";"0";"1";"0";"2";""
"202100009529";"184Â 678";"B01";"2";"7";"0";"2";"7";"0";"1";""
"202100009530";"184Â 675";"B01";"2";"10";"0";"9";"8";"14";"1";""
"202100009530";"184Â 676";"A01";"1";"33";"0";"0";"0";"1";"1";""
"202100009531";"184Â 674";"A01";"1";"7";"8";"0";"3";"0";"1";""
"202100009532";"184Â 672";"B01";"3";"7";"0";"2";"6";"14";"1";""
"202100009532";"184Â 673";"A01";"3";"7";"3";"2";"7";"13";"1";""
"202100009533";"184Â 670";"B01";"2";"7";"0";"0";"4";"15";"1";""
"202100009533";"184Â 671";"A01";"2";"7";"0";"2";"1";"26";"1";""
"202100009534";"184Â 668";"B01";" -1";"7";"0";"0";"6";"23";"1";""
"202100009534";"184Â 669";"A01";" -1";"33";"0";"2";"1";"2";"1";""
"202100009535";"184Â 667";"A01";"3";"7";"0";"1";"5";"4";"1";""
"202100009536";"184Â 666";"A01";"1";"7";"13";"0";"2";"1";"1";""
"202100009537";"184Â 664";"A01";"1";"7";"0";"2";"1";"13";"1";""
"202100009537";"184Â 665";"B01";"2";"7";"0";"2";"1";"1";"1";""
"202100009538";"184Â 663";"A01";"3";"10";"0";"1";"1";"0";"1";""
"202100009539";"184Â 660";"A01";"2";"10";"0";"2";"3";"13";"1";""
"202100009539";"184Â 661";"B01";"1";"7";"0";"2";"3";"1";"1";""
"202100009539";"184Â 662";"C01";"2";"10";"0";"2";"1";"1";"1";""
"202100009540";"184Â 658";"B01";"0";"50";"0";"2";"8";"19";"3";""
"202100009540";"184Â 659";"A01";"0";"7";"0";"2";"1";"2";"1";""
"202100009541";"184Â 656";"A01";"0";"7";"15";"2";"1";"1";"1";""
"202100009541";"184Â 657";"B01";"0";"7";"0";"2";"7";"9";"1";""
"202100009542";"184Â 653";"C01";"0";"7";"0";"2";"3";"23";"1";""
"202100009542";"184Â 654";"A01";"0";"10";"0";"2";"2";"19";"1";""
"202100009542";"184Â 655";"B01";"0";"7";"14";"2";"1";"1";"1";""
"202100009543";"184Â 646";"A01";"2";"10";"0";"2";"3";"13";"1";""
"202100009543";"184Â 647";"B01";"1";"7";"0";"9";"1";"11";"1";""
"202100009543";"184Â 648";"C01";"1";"15";"0";"2";"3";"1";"1";""
"202100009543";"184Â 649";"D01";"1";"7";"0";"2";"1";"1";"1";""
"202100009543";"184Â 650";"E01";"1";"7";"0";"2";"1";"1";"1";""
"202100009544";"184Â 644";"A01";"2";"10";"0";"2";"4";"2";"1";""
"202100009544";"184Â 645";"B01";"2";"10";"0";"2";"1";"2";"1";""
"202100009545";"184Â 642";"B01";"1";"32";"0";"2";"1";"3";"1";""
"202100009545";"184Â 643";"A01";"1";"7";"0";"2";"5";"23";"1";""