"Num_Acc";"id_vehicule";"num_veh";"senc";"catv";"obs";"obsm";"choc";"manv";"motor";"occutc"
"202100009546";"184Â 640";"A01";"2";"7";"0";"2";"7";"12";"1";""
"202100009546";"184Â 641";"B01";"2";"33";"0";"2";"1";"3";"1";""
"202100009547";"184Â 639";"A01";"3";"7";"0";"0";"0";"1";"1";""
"202100009548";"184Â 638";"A01";"1";"33";"0";"2";"8";"1";"1";""
"202100009549";"184Â 636";"B01";"2";"7";"0";"2";"0";"11";"1";""
"202100009549";"184Â 637";"A01";"2";"31";"0";"2";"0";"3";"1";""
"202100009550";"184Â 635";"A01";"1";"7";"14";"0";"1";"0";"1";""
"202100009551";"184Â 634";"A01";"2";"7";"3";"0";"3";"26";"1";""
"202100009552";"184Â 632";"B01";"1";"7";"0";"2";"2";"2";"1";""
"202100009552";"184Â 633";"A01";"1";"7";"0";"2";"4";"11";"2";""
"202100009553";"184Â 629";"C01";"1";"7";"0";"2";"0";"1";"1";""
"202100009553";"184Â 630";"B01";"1";"33";"0";"2";"0";"1";"1";""
"202100009553";"184Â 631";"A01";"1";"33";"0";"2";"0";"11";"1";""
"202100009554";"184Â 627";"B01";"1";"33";"0";"2";"8";"3";"1";""
"202100009554";"184Â 628";"A01";"1";"7";"0";"2";"7";"12";"1";""
"202100009555";"184Â 626";"A01";"2";"7";"3";"0";"1";"1";"1";""
"202100009556";"184Â 624";"A01";"1";"7";"4";"2";"1";"1";"1";""
"202100009556";"184Â 625";"B01";"1";"7";"4";"2";"4";"1";"1";""
"202100009557";"184Â 623";"A01";"2";"7";"4";"0";"1";"1";"1";""
"202100009558";"184Â 621";"Z01";"2";"7";"0";"2";"0";"0";"0";""
"202100009558";"184Â 622";"A01";"2";"7";"0";"2";"6";"1";"1";""
"202100009559";"184Â 619";"A01";"1";"7";"0";"2";"8";"11";"1";""
"202100009559";"184Â 620";"B01";"1";"33";"0";"2";"7";"3";"1";""
"202100009560";"184Â 616";"A01";"2";"7";"0";"2";"1";"2";"1";""
"202100009560";"184Â 617";"B01";"2";"10";"0";"2";"4";"2";"1";""
"202100009560";"184Â 618";"C01";"2";"7";"0";"2";"4";"2";"1";""
"202100009561";"184Â 615";"A01";"1";"7";"3";"0";"1";"1";"1";""
"202100009562";"184Â 614";"A01";"1";"7";"3";"0";"1";"1";"1";""
"202100009563";"184Â 612";"A01";"1";"7";"0";"2";"2";"14";"1";""
"202100009563";"184Â 613";"B01";"1";"7";"3";"2";"6";"11";"1";""
"202100009564";"184Â 611";"A01";"2";"7";"6";"0";"1";"1";"1";""
"202100009565";"184Â 610";"A01";"1";"7";"0";"1";"3";"1";"1";""
"202100009566";"184Â 607";"A01";"2";"14";"0";"2";"6";"23";"1";""
"202100009566";"184Â 608";"B01";"2";"33";"14";"0";"1";"2";"1";""
"202100009566";"184Â 609";"C01";"2";"33";"0";"2";"0";"0";"1";""
"202100009567";"184Â 605";"B01";"2";"7";"0";"2";"3";"15";"6";""
"202100009567";"184Â 606";"A01";"1";"34";"0";"2";"3";"16";"6";""
"202100009568";"184Â 604";"A01";"3";"7";"0";"0";"0";"1";"1";""
"202100009569";"184Â 603";"B01";"1";"7";"0";"1";"0";"15";"0";""
"202100009570";"184Â 601";"A01";"2";"7";"0";"2";"1";"15";"1";""
"202100009570";"184Â 602";"B01";"1";"2";"0";"2";"1";"1";"1";""
"202100009571";"184Â 599";"C01";"2";"7";"0";"2";"7";"16";" -1";""
"202100009571";"184Â 600";"B01";"2";"0";"0";"2";"7";"1";"0";""
"202100009572";"184Â 597";"A01";"1";"7";"0";"2";"5";"15";"1";""
"202100009572";"184Â 598";"B01";"1";"7";"0";"2";"2";"1";"1";""
"202100009573";"184Â 595";"A01";"1";"7";"0";"2";"3";"15";"1";""
"202100009573";"184Â 596";"B01";"1";"32";"0";"2";"0";"0";"1";""
"202100009574";"184Â 592";"C01";"2";"10";"0";"2";"4";"1";"1";""
"202100009574";"184Â 593";"A01";"2";"7";"0";"2";"1";"2";"1";""
"202100009574";"184Â 594";"B01";"2";"7";"0";"2";"4";"2";"1";""
"202100009575";"184Â 591";"A01";"1";"34";"0";"1";"1";"17";"1";""
"202100009576";"184Â 589";"B01";"2";"34";"0";"2";"2";"1";"1";""
"202100009576";"184Â 590";"A01";"1";"7";"0";"2";"2";"15";"1";""
"202100009577";"184Â 587";"A01";"2";"99";"0";"2";"1";"1";"3";""
"202100009577";"184Â 588";"B01";"2";"7";"0";"2";"3";"1";"1";""
"202100009578";"184Â 585";"A01";"2";"7";"15";"2";"1";"1";"1";""
"202100009578";"184Â 586";"B01";"2";"7";"0";"2";"4";"1";"1";""
"202100009579";"184Â 583";"B01";"1";"31";"0";"2";"1";"9";"1";""
"202100009579";"184Â 584";"A01";"2";"7";"0";"2";"7";"1";"1";""
"202100009580";"184Â 581";"A01";"2";"10";"0";"9";"3";"9";"1";""
"202100009580";"184Â 582";"B01";"3";"50";"0";"2";"1";"1";"3";""
"202100009581";"184Â 580";"A01";"2";"7";"0";"1";"1";"9";"1";""
"202100009582";"184Â 579";"A01";"0";"2";"0";"0";"0";"1";"1";""
"202100009583";"184Â 578";"A01";"2";"7";"0";"1";"3";"26";"1";""
"202100009584";"184Â 576";"A01";"2";"3";"0";"2";"1";"15";"1";""
"202100009584";"184Â 577";"B01";"1";"50";"0";"2";"7";"19";"3";""
"202100009585";"184Â 573";"C01";"1";"10";"1";"0";"2";"9";"1";""
"202100009585";"184Â 574";"B01";"2";"7";"0";"2";"2";"1";"1";""
"202100009585";"184Â 575";"A01";"1";"10";"0";"2";"8";"22";"1";""
"202100009586";"184Â 571";"B01";"2";"2";"0";"2";"2";"1";"3";""
"202100009586";"184Â 572";"A01";"1";"7";"0";"2";"3";"15";"1";""
"202100009587";"184Â 569";"B01";"0";"2";"0";"2";"1";"1";"1";""
"202100009587";"184Â 570";"A01";"0";"7";"0";"2";"8";"9";"1";""
"202100009588";"184Â 568";"A01";"2";"30";"0";"9";"1";"1";"1";""
"202100009589";"184Â 566";"A01";"1";"7";"0";"2";"8";"22";"1";""
"202100009589";"184Â 567";"B01";"1";"1";"1";"0";"1";"1";"5";""
"202100009590";"184Â 565";"A01";"1";"7";"0";"1";"2";"1";"1";""
"202100009591";"184Â 563";"A01";"1";"7";"0";"2";"2";"15";"1";""
"202100009591";"184Â 564";"B01";"2";"33";"0";"2";"1";"17";"1";""
"202100009592";"184Â 560";"A01";"2";"7";"0";"1";"3";"1";"1";""
"202100009593";"184Â 559";"A01";"2";"37";"0";"1";"1";"1";"1";"1"
"202100009594";"184Â 557";"A01";"3";"7";"0";"2";"3";"9";"1";""
"202100009594";"184Â 558";"B01";"0";"50";"0";"0";"0";"0";"3";""
"202100009595";"184Â 555";"A01";"1";"7";"0";"2";"3";"13";"1";""
"202100009595";"184Â 556";"B01";"2";"10";"0";"2";"3";"0";"1";""
"202100009596";"184Â 553";"B01";"1";"7";"0";"2";"4";"1";"1";""
"202100009596";"184Â 554";"A01";"1";"13";"0";"2";"1";"1";"0";""
"202100009597";"184Â 552";"A01";"1";"3";"4";"0";"3";"26";"1";""
"202100009598";"184Â 551";"A01";"1";"43";"0";"0";"8";"0";"1";""
"202100009599";"184Â 549";"Z01";"1";"7";"0";"2";"0";"1";"1";""
"202100009599";"184Â 550";"B01";"2";"7";"0";"2";"2";"1";"1";""
"202100009600";"184Â 548";"A01";"1";"7";"15";"0";"1";"14";"1";""
"202100009601";"184Â 547";"A01";"2";"7";"4";"0";"3";"0";"1";""
"202100009602";"184Â 543";"A01";"3";"7";"0";"2";"1";"1";"1";""
"202100009602";"184Â 544";"B01";"3";"7";"0";"2";"1";"1";"1";""
"202100009602";"184Â 545";"C01";"3";"7";"0";"2";"1";"1";"1";""
"202100009602";"184Â 546";"D01";"3";"7";"0";"2";"1";"0";"1";""
"202100009603";"184Â 542";"A01";"2";"7";"1";"0";"1";"13";"1";""
"202100009604";"184Â 539";"C01";"1";"7";"0";"2";"4";"1";"1";""
"202100009604";"184Â 540";"B01";"1";"7";"0";"2";"1";"1";"1";""
"202100009604";"184Â 541";"A01";"1";"7";"0";"2";"1";"9";"1";""
"202100009605";"184Â 537";"A01";"2";"7";"0";"2";"3";"2";"1";""
"202100009605";"184Â 538";"B01";"3";"80";"0";"2";"8";"19";"3";""
"202100009606";"184Â 535";"B01";"0";"2";"0";"2";"1";"1";"1";""
"202100009606";"184Â 536";"A01";"0";"7";"0";"2";"5";"15";"1";""
"202100009607";"184Â 532";"A01";" -1";"7";"0";"2";"2";"15";"1";""
"202100009607";"184Â 533";"B01";" -1";"2";"0";"2";"1";"26";"1";""
"202100009608";"184Â 530";"A01";"0";"7";"0";"2";"2";"1";"1";""
"202100009608";"184Â 531";"B01";"0";"2";"0";"2";"8";"1";"1";""
"202100009609";"184Â 529";"A01";"2";"7";"0";"1";"1";"1";"1";""
"202100009610";"184Â 527";"B01";"3";"1";"0";"2";"7";"1";"0";""
"202100009610";"184Â 528";"A01";"2";"7";"0";"2";"1";"9";"1";""
"202100009611";"184Â 525";"A01";"1";"7";"0";"2";"8";"10";"1";""
"202100009611";"184Â 526";"B01";"1";"33";"0";"2";"1";"1";"1";""
"202100009612";"184Â 523";"B01";"3";"30";"0";"2";"1";"1";"1";""
"202100009612";"184Â 524";"A01";"3";"7";"0";"2";"7";"15";"2";""
"202100009613";"184Â 521";"B01";"1";"32";"0";"2";"2";"17";"1";""
"202100009613";"184Â 522";"A01";"1";"1";"0";"2";"8";"13";"5";""
"202100009614";"184Â 518";"C01";"1";"7";"0";"2";"8";"1";"1";""
"202100009614";"184Â 519";"B01";"1";"33";"0";"2";"7";"12";"1";""
"202100009614";"184Â 520";"A01";"1";"33";"0";"2";"8";"3";"1";""
"202100009615";"184Â 515";"A01";"2";"7";"0";"2";"1";"13";"1";""
"202100009615";"184Â 516";"B01";"1";"7";"0";"2";"8";"1";"1";""
"202100009615";"184Â 517";"C01";"2";"32";"0";"2";"8";"7";"1";""
"202100009616";"184Â 513";"A01";"1";"80";"0";"2";"2";"1";"3";""
"202100009616";"184Â 514";"Z01";"1";"30";"0";"2";"0";"13";"1";""
"202100009617";"184Â 512";"A01";"1";"32";"0";"1";"1";"1";"1";""
"202100009618";"184Â 511";"A01";"2";"43";"12";"0";"1";"13";"1";""
"202100009619";"184Â 509";"B01";"1";"7";"0";"2";"4";"23";"1";""
"202100009619";"184Â 510";"A01";"1";"30";"0";"2";"1";"2";"1";""
"202100009620";"184Â 508";"A01";"2";"7";"0";"1";"1";"15";"1";""
"202100009621";"184Â 506";"A01";"3";"7";"0";"2";"2";"1";"1";""
"202100009621";"184Â 507";"B01";"3";"2";"0";"2";"8";"1";"1";""
"202100009622";"184Â 504";"B01";"2";"7";"0";"2";"3";"1";"1";""
"202100009622";"184Â 505";"A01";"1";"7";"0";"2";"2";"15";"1";""
"202100009623";"184Â 503";"A01";"2";"10";"0";"1";"3";"15";"1";""
"202100009624";"184Â 502";"A01";"2";"1";"0";"0";"1";"21";"5";""
"202100009625";"184Â 501";"A01";"1";"31";"0";"1";"1";"1";"3";""
"202100009626";"184Â 499";"A01";"1";"32";"0";"2";"2";"16";"1";""
"202100009626";"184Â 500";"B01";"2";"1";"0";"2";"8";"7";"5";""
"202100009627";"184Â 497";"A01";"3";"7";"0";"2";"1";"1";"2";""
"202100009627";"184Â 498";"B01";"3";"7";"0";"2";"5";"1";"3";""
"202100009628";"184Â 495";"A01";"1";"7";"0";"2";"0";"1";"1";""
"202100009628";"184Â 496";"B01";"2";"33";"0";"2";"0";"1";"1";""
"202100009629";"184Â 494";"A01";"1";"30";"1";"1";"1";"14";"1";""
"202100009630";"184Â 493";"A01";"1";"32";"0";"0";"0";"1";"1";""
"202100009631";"184Â 492";"A01";"1";"7";"1";"0";"1";"16";"1";""
"202100009632";"184Â 490";"A01";"1";"14";"0";"2";"3";"15";"1";""
"202100009632";"184Â 491";"B01";"1";"43";"0";"2";"2";"17";"1";""
"202100009633";"184Â 489";"A01";"1";"10";"0";"1";"2";"16";"1";""
"202100009634";"184Â 487";"B01";"1";"7";"0";"2";"4";"1";"1";""
"202100009634";"184Â 488";"A01";"1";"7";"0";"2";"1";"1";"1";""
"202100009635";"184Â 485";"B01";"2";"33";"0";"2";"1";"1";"1";""
"202100009635";"184Â 486";"A01";"3";"7";"0";"2";"2";"15";"1";""
"202100009636";"184Â 483";"B01";"1";"7";"0";"2";"0";"0";"1";""
"202100009636";"184Â 484";"A01";"1";"7";"0";"2";"0";"9";"1";""
"202100009637";"184Â 481";"B01";"2";"7";"0";"0";"4";"23";"2";""
"202100009637";"184Â 482";"A01";"2";"7";"0";"2";"1";"1";"1";""
"202100009638";"184Â 479";"B01";"1";"7";"1";"0";"7";"1";"1";""
"202100009638";"184Â 480";"A01";"1";"15";"0";"2";"7";"22";"1";""
"202100009639";"184Â 477";"B01";"1";"7";"0";"0";"5";"19";"0";""
"202100009639";"184Â 478";"A01";"1";"7";"0";"2";"1";"19";"1";""
"202100009640";"184Â 475";"B01";"1";"32";"0";"2";"1";"18";"1";""
"202100009640";"184Â 476";"A01";"1";"7";"0";"2";"2";"16";"1";""
"202100009641";"184Â 473";"A01";"1";"10";"1";"2";"1";"5";"0";""
"202100009641";"184Â 474";"B01";"2";"7";"0";"2";"2";"1";"0";""
"202100009642";"184Â 471";"A01";"1";"10";"14";"0";"8";"13";"1";""
"202100009642";"184Â 472";"B01";"1";"2";"14";"0";"2";"17";"1";""
"202100009643";"184Â 469";"B01";"3";"7";"0";"2";"2";"15";"1";""
"202100009643";"184Â 470";"A01";"3";"31";"0";"2";"1";"1";"1";""
"202100009644";"184Â 467";"A01";"1";"32";"0";"2";"1";"18";"1";""
"202100009644";"184Â 468";"B01";"1";"7";"0";"2";"2";"16";"1";""
"202100009645";"184Â 466";"A01";"0";"7";"0";"1";"1";"9";"1";""
"202100009646";"184Â 464";"B01";"2";"10";"0";"2";"3";"16";"0";""
"202100009646";"184Â 465";"A01";"2";"10";"14";"2";"3";"9";"0";""
"202100009647";"184Â 462";"B01";" -1";"99";"0";"2";"7";"15";"0";""
"202100009647";"184Â 463";"A01";" -1";"33";"0";"9";"7";"0";"0";""
"202100009648";"184Â 460";"B01";"3";"32";"0";"2";"7";"17";"6";""
"202100009648";"184Â 461";"A01";"3";"99";"0";"0";"8";"1";"6";""
"202100009649";"184Â 459";"A01";"1";"7";"0";"1";"1";"2";"0";""
"202100009650";"184Â 458";"A01";"1";"7";"0";"1";"2";"2";"1";""
"202100009651";"184Â 456";"Z01";"0";"7";"0";"2";"0";"0";"0";""
"202100009651";"184Â 457";"A01";"3";"7";"0";"2";"3";"15";"1";""
"202100009652";"184Â 454";"B01";"1";"7";"0";"9";"2";"1";"1";""
"202100009652";"184Â 455";"A01";"1";"2";"0";"0";"8";"10";"1";""
"202100009653";"184Â 451";"D01";"3";"7";"0";"2";"1";"23";"1";""
"202100009653";"184Â 452";"A01";"3";"7";"0";"2";"3";"1";"1";""
"202100009653";"184Â 453";"B01";"3";"7";"0";"2";"3";"13";"1";""
"202100009654";"184Â 449";"A01";"3";"7";"0";"0";"8";"17";"1";""
"202100009654";"184Â 450";"B01";"3";"1";"0";"0";"7";"11";"5";""
"202100009655";"184Â 448";"A01";"1";"33";"0";"0";"7";"1";"1";""
"202100009656";"184Â 447";"A01";"2";"2";"0";"1";"0";"2";"1";""
"202100009657";"184Â 444";"C01";"1";"7";"0";"2";"3";"1";"0";""
"202100009657";"184Â 445";"B01";"2";"7";"0";"2";"8";"1";"0";""
"202100009657";"184Â 446";"A01";"2";"7";"0";"2";"3";"15";"0";""
"202100009658";"184Â 442";"A01";"2";"7";"0";"9";"2";"1";"1";""
"202100009658";"184Â 443";"B01";"2";"1";"0";"2";"7";"1";"5";""
"202100009659";"184Â 441";"A01";"2";"7";"0";"1";"2";"1";"1";""
"202100009660";"184Â 440";"A01";"1";"7";"6";"0";"1";"1";"1";""
"202100009661";"184Â 439";"A01";"0";"7";"0";"1";"2";"1";"1";""
"202100009662";"184Â 438";"A01";"2";"33";"0";"0";"3";"1";"1";""
"202100009663";"184Â 437";"A01";"1";"7";"5";"0";"8";"13";"1";""
"202100009664";"184Â 435";"A01";"1";"33";"0";"2";"1";"1";"1";""
"202100009664";"184Â 436";"B01";"1";"7";"0";"2";"1";"16";"1";""
"202100009665";"184Â 434";"A01";"3";"7";"0";"1";"1";"1";"1";""
"202100009666";"184Â 431";"B01";"1";"7";"0";"2";"1";"1";"1";""
"202100009666";"184Â 432";"C01";"1";"7";"0";"0";"3";"1";"1";""
"202100009666";"184Â 433";"A01";"2";"7";"0";"2";"0";"13";"1";""
"202100009667";"184Â 429";"A01";"1";"7";"0";"2";"0";"1";"1";""
"202100009667";"184Â 430";"B01";"0";"7";"0";"2";"0";"16";"1";""
"202100009668";"184Â 428";"A01";"2";"7";"0";"1";"1";"1";"1";""
"202100009669";"184Â 426";"B01";"2";"10";"0";"2";"1";"9";"1";""
"202100009669";"184Â 427";"A01";"1";"10";"11";"2";"1";"1";"1";""
"202100009670";"184Â 424";"A01";"1";"7";"4";"2";"3";"0";"1";""
"202100009670";"184Â 425";"B01";"2";"15";"0";"0";"8";"1";"1";""
"202100009671";"184Â 423";"A01";"2";"7";"3";"0";"0";"1";"1";""
"202100009672";"184Â 421";"B01";"1";"2";"0";"2";"0";"1";"1";""
"202100009672";"184Â 422";"A01";"2";"0";"0";"2";"0";"15";"1";""
"202100009673";"184Â 420";"A01";"1";"7";"13";"0";"7";"1";"1";""
"202100009674";"184Â 416";"C01";"2";"7";"0";"2";"1";"0";"1";""
"202100009674";"184Â 417";"B01";"2";"7";"0";"2";"4";"0";"1";""
"202100009674";"184Â 418";"A01";"2";"10";"0";"2";"1";"0";"1";""
"202100009674";"184Â 419";"D01";"2";"7";"0";"2";"4";"0";"1";""
"202100009675";"184Â 415";"A01";"1";"7";"0";"0";"0";"1";"1";""
"202100009676";"184Â 413";"A01";"1";"7";"0";"2";"2";"9";"1";""
"202100009676";"184Â 414";"B01";"1";"7";"0";"2";"6";"1";"1";""
"202100009677";"184Â 411";"A01";"1";"7";"0";"2";"1";"1";"1";""
"202100009677";"184Â 412";"B01";"2";"7";"0";"2";"1";"1";"1";""
"202100009678";"184Â 409";"A01";"2";"10";"0";"2";"2";"2";"1";""
"202100009678";"184Â 410";"B01";"2";"15";"0";"0";"6";"1";"1";""
"202100009679";"184Â 408";"A01";"1";"7";"13";"0";"9";"26";"1";""
"202100009680";"184Â 404";"B01";"2";"7";"0";"2";"4";"1";"1";""
"202100009680";"184Â 405";"C01";"2";"7";"0";"2";"5";"1";"1";""
"202100009680";"184Â 406";"D01";"2";"7";"3";"2";"5";"1";"1";""
"202100009680";"184Â 407";"A01";"2";"99";"0";"2";"3";"1";"1";""
"202100009681";"184Â 402";"B01";"1";"7";"0";"0";"4";"2";"1";""
"202100009681";"184Â 403";"A01";"1";"14";"0";"2";"1";"2";"1";""
"202100009682";"184Â 399";"B01";"2";"10";"0";"2";"4";"2";"1";""
"202100009682";"184Â 400";"A01";"2";"2";"0";"2";"1";"2";"1";""
"202100009683";"184Â 397";"A01";"3";"2";"0";"2";"3";"13";"1";""
"202100009683";"184Â 398";"B01";"3";"10";"0";"2";"3";"21";"1";""
"202100009684";"184Â 395";"B01";"1";"7";"0";"2";"3";"1";"1";""
"202100009684";"184Â 396";"A01";"2";"7";"0";"2";"3";"13";"1";""
"202100009685";"184Â 393";"A01";"1";"7";"0";"2";"1";"17";"1";""
"202100009685";"184Â 394";"B01";"2";"13";"0";"2";"1";"26";"1";""
"202100009686";"184Â 391";"B01";"1";"7";"0";"2";"3";"1";"1";""
"202100009686";"184Â 392";"A01";"1";"7";"0";"2";"3";"13";"1";""
"202100009687";"184Â 389";"B01";"0";"99";"0";"2";"3";"1";"1";""
"202100009687";"184Â 390";"A01";"0";"7";"0";"2";"1";"1";"1";""
"202100009688";"184Â 388";"A01";"3";"7";"0";"1";"1";"19";"1";""
"202100009689";"184Â 387";"A01";"1";"7";"2";"0";"1";"1";"2";""
"202100009690";"184Â 382";"A01";"1";"7";"0";"2";"1";"13";"1";""
"202100009690";"184Â 383";"B01";"2";"7";"0";"2";"1";"0";"1";""
"202100009690";"184Â 384";"E01";"1";"7";"0";"2";"1";"21";"1";""
"202100009690";"184Â 385";"D01";"2";"7";"0";"0";"3";"0";"2";""
"202100009690";"184Â 386";"C01";"2";"7";"14";"0";"1";"2";"1";""
"202100009691";"184Â 381";"A01";"3";"7";"8";"0";"1";"0";"1";""
"202100009692";"184Â 380";"A01";"1";"2";"0";"6";"3";"0";"1";""
"202100009693";"184Â 378";"A01";"1";"7";"0";"2";"3";"15";"1";""
"202100009693";"184Â 379";"B01";"2";"7";"0";"2";"1";"1";"1";""
"202100009694";"184Â 375";"A01";"2";"7";"13";"2";"7";"1";"1";""
"202100009694";"184Â 376";"C01";"1";"7";"0";"0";"6";"1";"1";""
"202100009694";"184Â 377";"B01";"1";"10";"0";"2";"2";"1";"1";""
"202100009695";"184Â 373";"B01";"1";"1";"0";"2";"7";"1";"5";""
"202100009695";"184Â 374";"A01";"1";"7";"0";"2";"2";"1";"2";""
"202100009696";"184Â 372";"A01";"3";"7";"0";"0";"1";"0";"1";""
"202100009697";"184Â 370";"A01";"2";"7";"0";"9";"3";"15";"1";""
"202100009697";"184Â 371";"B01";"3";"1";"0";"2";"7";"1";"5";""
"202100009698";"184Â 368";"A01";"3";"7";"0";"2";"8";"1";"1";""
"202100009698";"184Â 369";"B01";"3";"7";"0";"2";"1";"19";"1";""
"202100009699";"184Â 367";"A01";"2";"7";"13";"0";"9";"13";"1";""
"202100009700";"184Â 366";"A01";"1";"7";"4";"0";"8";"19";"1";""
"202100009701";"184Â 364";"B01";"2";"7";"0";"2";"4";"2";"1";""
"202100009701";"184Â 365";"A01";"1";"7";"0";"2";"1";"2";"1";""
"202100009702";"184Â 361";"C01";"1";"17";"0";"2";"1";"1";"1";""
"202100009702";"184Â 362";"B01";"1";"7";"0";"2";"3";"1";"1";""
"202100009702";"184Â 363";"A01";"1";"10";"0";"2";"5";"11";"1";""
"202100009703";"184Â 357";"A01";"1";"99";"0";"0";"0";"23";"1";""
"202100009703";"184Â 358";"D01";"1";"15";"1";"0";"3";"21";"1";""
"202100009703";"184Â 359";"C01";"1";"7";"1";"0";"0";"22";"1";""
"202100009703";"184Â 360";"B01";"1";"10";"1";"0";"1";"21";"1";""
"202100009704";"184Â 356";"A01";"1";"7";"3";"0";"0";"1";"1";""
"202100009705";"184Â 354";"A01";"2";"7";"0";"2";"0";"0";"1";""
"202100009705";"184Â 355";"B01";"1";"7";"0";"2";"0";"0";"1";""
"202100009706";"184Â 352";"A01";"2";"7";"0";"2";"0";"0";"1";""
"202100009706";"184Â 353";"B01";"2";"33";"0";"2";"0";"0";"1";""
"202100009707";"184Â 350";"A01";"2";"7";"0";"2";"5";"12";"1";""
"202100009707";"184Â 351";"B01";"2";"33";"0";"2";"3";"3";"1";""
"202100009708";"184Â 348";"B01";"2";"7";"0";"2";"6";"1";"1";""
"202100009708";"184Â 349";"A01";"2";"15";"0";"2";"2";"14";"1";""
"202100009709";"184Â 346";"A01";"1";"7";"0";"2";"4";"13";"1";""
"202100009709";"184Â 347";"B01";"1";"33";"0";"2";"1";"3";"1";""
"202100009710";"184Â 344";"B01";"1";"7";"0";"2";"4";"2";"1";""
"202100009710";"184Â 345";"A01";"1";"7";"0";"2";"1";"2";"1";""
"202100009711";"184Â 343";"A01";"1";"33";"0";"0";"0";"21";"1";""
"202100009712";"184Â 341";"A01";"2";"32";"0";"2";"1";"3";"1";""
"202100009712";"184Â 342";"B01";"2";"7";"0";"2";"2";"12";"1";""
"202100009713";"184Â 339";"B01";"2";"32";"0";"2";"3";"1";"1";""
"202100009713";"184Â 340";"A01";"2";"7";"0";"2";"5";"12";"1";""
"202100009714";"184Â 337";"B01";"1";"33";"0";"2";"2";"3";"1";""
"202100009714";"184Â 338";"A01";"1";"7";"0";"2";"8";"11";"2";""
"202100009715";"184Â 333";"A01";"2";"7";"0";"2";"2";"14";"1";""
"202100009715";"184Â 334";"B01";"2";"7";"0";"2";"3";"1";"1";""
"202100009715";"184Â 335";"C01";"2";"7";"0";"2";"1";"1";"1";""
"202100009715";"184Â 336";"D01";"2";"14";"0";"2";"2";"1";"1";""
"202100009716";"184Â 332";"A01";"2";"32";"0";"0";"7";"21";"1";""
"202100009717";"184Â 330";"A01";"2";"10";"0";"2";"3";"15";"1";""
"202100009717";"184Â 331";"B01";"2";"2";"0";"2";"1";"2";"1";""
"202100009718";"184Â 329";"A01";"1";"7";"0";"1";"2";"1";"2";""
"202100009719";"184Â 328";"A01";"1";"7";"0";"1";"2";"9";"1";""
"202100009720";"184Â 326";"A01";"3";"30";"0";"2";"1";"19";"1";""
"202100009720";"184Â 327";"B01";"1";"7";"0";"2";"8";"1";"1";""
"202100009721";"184Â 325";"A01";"0";"7";"0";"1";"1";"9";"1";""
"202100009722";"184Â 324";"A01";"1";"7";"0";"1";"1";"1";"1";""
"202100009723";"184Â 322";"B01";"1";"7";"0";"9";"6";"15";"1";""
"202100009723";"184Â 323";"A01";"2";"2";"0";"2";"0";"15";"1";""
"202100009724";"184Â 320";"B01";"2";"2";"0";"2";"1";"15";"1";""
"202100009724";"184Â 321";"A01";"2";"7";"0";"2";"3";"15";"1";""
"202100009725";"184Â 318";"B01";"2";"2";"0";"2";"7";"1";"1";""
"202100009725";"184Â 319";"A01";"1";"7";"0";"2";"1";"15";"1";""
"202100009726";"184Â 316";"B01";"2";"7";"0";"2";"4";"1";"1";""
"202100009726";"184Â 317";"A01";"2";"7";"0";"2";"1";"26";"1";""
"202100009727";"184Â 315";"A01";"2";"10";"0";"1";"6";"15";"1";""
"202100009728";"184Â 314";"A01";"0";"99";"8";"0";"1";"15";"3";""
"202100009729";"184Â 312";"B01";"1";"33";"0";"2";"4";"2";"1";""
"202100009729";"184Â 313";"A01";"1";"7";"0";"2";"2";"26";"4";""
"202100009730";"184Â 310";"A01";"1";"99";"0";"2";"1";"1";"0";""
"202100009730";"184Â 311";"B01";"2";"99";"0";"2";"8";"15";"0";""
"202100009731";"184Â 308";"B01";"2";"7";"0";"2";"4";"23";"1";""
"202100009731";"184Â 309";"A01";"2";"7";"0";"2";"1";"2";"1";""
"202100009732";"184Â 306";"A01";"1";"43";"13";"2";"7";"14";"1";""
"202100009732";"184Â 307";"B01";"1";"7";"0";"2";"1";"9";"1";""
"202100009733";"184Â 305";"A01";"3";"7";"0";"1";"2";"19";"1";""
"202100009734";"184Â 304";"A01";"1";"10";"0";"1";"3";"26";"1";""
"202100009735";"184Â 302";"B01";"2";"1";"1";"0";"1";"1";"5";""
"202100009735";"184Â 303";"A01";"1";"7";"0";"0";"0";"0";"1";""
"202100009736";"184Â 300";"A01";"1";"7";"0";"2";"1";"1";"1";""
"202100009736";"184Â 301";"B01";"1";"7";"0";"2";"3";"0";"1";""
"202100009737";"184Â 298";"Z01";"1";"10";"0";"2";"1";"1";"1";""
"202100009737";"184Â 299";"A01";"1";"7";"0";"2";"4";"4";"1";""
"202100009738";"184Â 297";"A01";"2";"7";"13";"0";"1";"14";"1";""
"202100009739";"184Â 294";"B01";"2";"7";"0";"2";"4";"2";"1";""
"202100009739";"184Â 295";"C01";"2";"7";"0";"2";"4";"2";"1";""
"202100009739";"184Â 296";"A01";"2";"7";"0";"2";"1";"2";"1";""
"202100009740";"184Â 293";"A01";"1";"50";"0";"0";"8";"1";"3";""
"202100009741";"184Â 291";"B01";"2";"7";"3";"2";"4";"2";"1";""
"202100009741";"184Â 292";"A01";"2";"7";"3";"2";"1";"2";"1";""