"Num_Acc";"id_vehicule";"num_veh";"senc";"catv";"obs";"obsm";"choc";"manv";"motor";"occutc"
"202100009742";"184Â 287";"A01";"2";"7";"0";"1";"0";"1";"1";""
"202100009742";"184Â 288";"B01";"2";"7";"0";"2";"1";"2";"1";""
"202100009743";"184Â 286";"A01";"0";"7";"0";"1";"1";"1";"1";""
"202100009744";"184Â 285";"A01";"0";"10";"0";"1";"6";"15";"1";""
"202100009745";"184Â 277";"B01";"0";"3";"0";"2";"3";"1";"1";""
"202100009745";"184Â 278";"A01";"0";"7";"0";"2";"1";"15";"1";""
"202100009746";"184Â 276";"A01";"2";"32";"6";"0";"7";"14";"1";""
"202100009747";"184Â 275";"A01";"2";"7";"0";"1";"7";"26";"1";""
"202100009748";"184Â 274";"A01";"0";"7";"0";"0";"2";"9";"1";""
"202100009749";"184Â 273";"A01";"3";"7";"0";"1";"2";"26";"1";""
"202100009750";"184Â 272";"A01";"1";"7";"0";"1";"2";"1";"1";""
"202100009751";"184Â 270";"B01";"2";"7";"0";"2";"2";"0";"1";""
"202100009751";"184Â 271";"A01";"1";"7";"1";"2";"3";"0";"1";""
"202100009752";"184Â 269";"A01";"1";"7";"0";"2";"3";"15";"1";""
"202100009753";"184Â 267";"B01";"2";"7";"0";"2";"3";"1";"1";""
"202100009753";"184Â 268";"A01";"1";"1";"0";"2";"1";"19";"5";""
"202100009754";"184Â 265";"A01";"1";"7";"0";"2";"5";"16";"1";""
"202100009754";"184Â 266";"B01";"2";"1";"0";"2";"1";"19";"5";""
"202100009755";"184Â 263";"A01";"2";"7";"0";"2";"6";"9";"1";""
"202100009755";"184Â 264";"B01";"2";"7";"0";"2";"2";"1";"0";""
"202100009756";"184Â 262";"A01";"1";"43";"0";"1";"1";"1";"1";""
"202100009757";"184Â 259";"A01";"1";"10";"0";"2";"1";"1";"1";""
"202100009757";"184Â 260";"B01";"1";"7";"0";"2";"4";"1";"1";""
"202100009757";"184Â 261";"C01";"1";"7";"0";"2";"4";"1";"1";""
"202100009758";"184Â 256";"C01";"1";"7";"0";"2";"1";"1";"1";""
"202100009758";"184Â 257";"B01";"1";"7";"0";"2";"1";"1";"1";""
"202100009758";"184Â 258";"A01";"2";"7";"0";"2";"2";"15";"1";""
"202100009759";"184Â 253";"A01";"3";"7";"1";"0";"1";"2";"1";""
"202100009759";"184Â 254";"B01";"3";"7";"1";"0";"4";"23";"1";""
"202100009759";"184Â 255";"C01";"3";"7";"0";"2";"4";"23";"1";""
"202100009760";"184Â 251";"B01";"2";"7";"0";"2";"4";"15";"1";""
"202100009760";"184Â 252";"A01";"2";"7";"0";"2";"3";"17";"1";""
"202100009761";"184Â 250";"A01";"0";"14";"0";"1";"5";"26";"1";""
"202100009762";"184Â 248";"B01";"3";"30";"0";"2";"1";"1";"0";""
"202100009762";"184Â 249";"A01";"3";"7";"0";"2";"3";"15";"1";""
"202100009763";"184Â 246";"A01";"3";"7";"0";"9";"8";"11";"1";""
"202100009763";"184Â 247";"B01";"3";"31";"0";"2";"7";"1";"1";""
"202100009764";"184Â 244";"B01";"1";"7";"0";"2";"4";"1";"1";""
"202100009764";"184Â 245";"A01";"1";"7";"0";"2";"1";"16";"1";""
"202100009765";"184Â 240";"A01";"3";"7";"0";"2";"4";"20";"1";""
"202100009765";"184Â 241";"B01";"3";"7";"0";"2";"1";"24";"1";""
"202100009766";"184Â 239";"A01";"1";"10";"0";"1";"2";"1";"1";""
"202100009767";"184Â 238";"A01";"1";"7";"6";"0";"9";"1";"1";""
"202100009768";"184Â 236";"B01";"2";"7";"0";"2";"1";"2";"1";""
"202100009768";"184Â 237";"A01";"1";"7";"6";"2";"5";"19";"1";""
"202100009769";"184Â 234";"A01";"1";"7";"0";"2";"1";"1";"1";""
"202100009769";"184Â 235";"B01";"2";"7";"0";"2";"1";"1";"1";""
"202100009770";"184Â 232";"A01";"1";"7";"0";"2";"3";"2";"3";""
"202100009770";"184Â 233";"B01";"1";"7";"0";"2";"4";"2";"1";""
"202100009771";"184Â 229";"A01";"2";"7";"0";"2";"6";"1";"2";""
"202100009771";"184Â 230";"C01";"0";"10";"1";"0";"0";"24";"1";""
"202100009771";"184Â 231";"B01";"2";"2";"0";"2";"1";"1";"1";""
"202100009772";"184Â 227";"B01";"2";"7";"0";"2";"6";"1";"1";""
"202100009772";"184Â 228";"A01";"1";"7";"0";"2";"1";"1";"1";""
"202100009773";"184Â 225";"B01";"0";"7";"0";"2";"0";"1";" -1";""
"202100009773";"184Â 226";"A01";"0";"7";"0";"2";"1";"1";"1";""
"202100009774";"184Â 223";"A01";"2";"10";"0";"2";"2";"15";"1";""
"202100009774";"184Â 224";"B01";"1";"7";"0";"2";"3";"1";"1";""
"202100009775";"184Â 221";"A01";"1";"7";"0";"2";"1";"19";"1";""
"202100009775";"184Â 222";"B01";"1";"7";"0";"2";"8";"19";"1";""
"202100009776";"184Â 220";"A01";"1";"7";"6";"0";"3";"14";"1";""
"202100009777";"184Â 218";"A01";"2";"7";"0";"2";"2";"16";"1";""
"202100009777";"184Â 219";"B01";"2";"30";"0";"2";"1";"18";"1";""
"202100009778";"184Â 216";"B01";"2";"7";"0";"2";"4";"2";"1";""
"202100009778";"184Â 217";"A01";"2";"1";"0";"2";"1";"1";"5";""
"202100009779";"184Â 215";"A01";"1";"14";"0";"1";"2";"1";"1";""
"202100009780";"184Â 214";"Z01";"2";"7";"0";"1";"1";"0";"1";""
"202100009781";"184Â 213";"A01";"1";"7";"1";"0";"2";"2";"1";""
"202100009782";"184Â 212";"A01";"0";"7";"4";"0";"1";"1";"1";""
"202100009783";"184Â 211";"A01";"1";"7";"13";"0";"1";"16";"1";""
"202100009784";"184Â 210";"A01";"0";"7";"0";"0";"3";"16";"0";""
"202100009785";"184Â 205";"A01";"1";"7";"0";"2";"3";"1";"0";""
"202100009785";"184Â 206";"B01";"2";"7";"0";"2";"3";"1";"1";""
"202100009786";"184Â 203";"A01";"1";"7";"0";"2";"2";"15";"1";""
"202100009786";"184Â 204";"B01";"1";"33";"0";"2";"1";"1";"1";""
"202100009787";"184Â 201";"B01";"3";"7";"0";"2";"1";"1";"1";""
"202100009787";"184Â 202";"A01";"3";"30";"0";"2";"1";"1";"1";""
"202100009788";"184Â 199";"B01";"2";"1";"0";"2";"1";"0";"0";""
"202100009788";"184Â 200";"A01";"1";"30";"0";"2";"1";"2";"1";""
"202100009789";"184Â 196";"B01";"2";"7";"0";"2";"1";"1";"1";""
"202100009789";"184Â 197";"A01";"2";"7";"0";"2";"4";"1";"1";""
"202100009790";"184Â 192";"A01";"1";"7";"0";"2";"1";"2";"1";""
"202100009790";"184Â 193";"B01";"1";"7";"0";"2";"4";"2";"1";""
"202100009790";"184Â 194";"C01";"1";"7";"0";"2";"4";"2";"1";""
"202100009790";"184Â 195";"D01";"1";"7";"0";"2";"1";"2";"1";""
"202100009791";"184Â 190";"B01";"2";"7";"0";"2";"4";"2";"1";""
"202100009791";"184Â 191";"A01";"2";"7";"0";"2";"1";"1";"1";""
"202100009792";"184Â 188";"A01";"1";"7";"0";"2";"1";"15";"1";""
"202100009792";"184Â 189";"B01";"2";"31";"0";"2";"1";"1";"1";""
"202100009793";"184Â 187";"A01";"3";"7";"8";"0";"8";"1";"1";""
"202100009794";"184Â 185";"B01";"1";"14";"0";"2";"7";"16";"1";""
"202100009794";"184Â 186";"A01";"1";"32";"0";"2";"1";"21";"1";""
"202100009795";"184Â 184";"A01";"3";"30";"0";"1";"2";"3";"1";""
"202100009796";"184Â 183";"A01";"2";"7";"1";"0";"2";"1";"1";""
"202100009797";"184Â 181";"B01";"1";"10";"0";"2";"4";"1";"1";""
"202100009797";"184Â 182";"A01";"1";"33";"0";"2";"1";"1";"1";""
"202100009798";"184Â 180";"A01";"1";"2";"12";"0";"1";"12";"1";""
"202100009799";"184Â 178";"B01";"1";"7";"4";"2";"4";"2";"1";""
"202100009799";"184Â 179";"A01";"1";"7";"4";"2";"1";"11";"1";""
"202100009800";"184Â 176";"A01";"2";"32";"0";"2";"7";"12";"1";""
"202100009800";"184Â 177";"B01";"2";"7";"0";"2";"8";"1";"1";""
"202100009801";"184Â 174";"B01";"1";"7";"0";"2";"6";"11";"1";""
"202100009801";"184Â 175";"A01";"1";"32";"0";"2";"1";"3";"1";""
"202100009802";"184Â 173";"A01";"1";"7";"6";"1";"2";"14";"1";""
"202100009803";"184Â 172";"Z01";"1";"32";"0";"1";"0";"1";"0";""
"202100009804";"184Â 171";"A01";"1";"2";"0";"0";"0";"21";"1";""
"202100009805";"184Â 170";"A01";"1";"30";"0";"1";"1";"7";"0";""
"202100009806";"184Â 169";"A01";"2";"30";"0";"1";"2";"1";"1";""
"202100009807";"184Â 166";"Z01";"3";"7";"0";"2";"8";"13";"0";""
"202100009807";"184Â 167";"B01";"3";"33";"0";"2";"7";"3";"1";""
"202100009807";"184Â 168";"A01";"3";"14";"0";"2";"2";"1";"1";""
"202100009808";"184Â 164";"A01";"1";"7";"0";"2";"2";"1";"1";""
"202100009808";"184Â 165";"B01";"1";"34";"0";"2";"3";"1";"1";""
"202100009809";"184Â 162";"A01";"1";"30";"0";"2";"3";"3";"1";""
"202100009809";"184Â 163";"Z01";"1";"10";"0";"2";"2";"14";"0";""
"202100009810";"184Â 160";"B01";"1";"32";"0";"2";"1";"17";"1";""
"202100009810";"184Â 161";"A01";"1";"7";"0";"2";"3";"15";"1";""
"202100009811";"184Â 159";"A01";"1";"30";"0";"0";"1";"1";"1";""
"202100009812";"184Â 157";"B01";"1";"7";"0";"2";"4";"1";"1";""
"202100009812";"184Â 158";"A01";"1";"7";"0";"2";"1";"1";"1";""
"202100009813";"184Â 155";"A01";"1";"7";"0";"2";"2";"10";"1";""
"202100009813";"184Â 156";"B01";"1";"33";"0";"2";"1";"1";"1";""
"202100009814";"184Â 154";"A01";"0";"7";"3";"0";"3";"16";"1";""
"202100009815";"184Â 152";"B01";"1";"1";"0";"2";"8";"0";"0";""
"202100009815";"184Â 153";"A01";"1";"7";"0";"2";"1";"15";"1";""
"202100009816";"184Â 150";"B01";"1";"0";"0";"2";"1";"19";"0";""
"202100009816";"184Â 151";"A01";"1";"33";"0";"2";"7";"9";"0";""
"202100009817";"184Â 147";"A01";"2";"7";"0";"1";"2";"1";"1";""
"202100009818";"184Â 145";"B01";"1";"2";"0";"2";"1";"1";"1";""
"202100009818";"184Â 146";"A01";" -1";"7";"0";"0";"2";"15";"1";""
"202100009819";"184Â 143";"A01";"3";"31";"0";"2";"3";"18";"0";""
"202100009819";"184Â 144";"B01";"3";"3";"0";"2";"5";"1";"0";""
"202100009820";"184Â 141";"B01";"1";"31";"0";"2";"0";"0";"0";""
"202100009820";"184Â 142";"A01";"2";"7";"0";"2";"3";"0";"1";""
"202100009821";"184Â 139";"B01";"2";"30";"0";"2";"1";"1";"1";""
"202100009821";"184Â 140";"A01";"2";"7";"0";"2";"2";"15";"1";""
"202100009822";"184Â 138";"A01";"2";"7";"0";"1";"7";"26";"1";""
"202100009823";"184Â 137";"A01";"2";"33";"6";"0";"8";"1";"1";""
"202100009824";"184Â 136";"A01";"2";"7";"13";"0";"9";"1";"1";""
"202100009825";"184Â 134";"B01";"1";"1";"0";"2";"3";"1";"5";""
"202100009825";"184Â 135";"A01";"1";"37";"0";"9";"5";"17";"0";"1"
"202100009826";"184Â 133";"A01";"1";"7";"0";"1";"1";"1";"1";""
"202100009827";"184Â 130";"A01";"2";"7";"0";"2";"2";"14";"1";""
"202100009827";"184Â 131";"B01";"2";"7";"1";"0";"2";"1";"1";""
"202100009827";"184Â 132";"C01";"2";"15";"0";"2";"6";"1";"1";""
"202100009828";"184Â 128";"A01";"1";"7";"0";"2";"1";"17";"1";""
"202100009828";"184Â 129";"B01";"2";"2";"0";"2";"1";"1";"1";""
"202100009829";"184Â 127";"A01";"2";"7";"2";"0";"1";"26";"1";""
"202100009830";"184Â 125";"A01";"2";"38";"0";"1";"2";"7";"1";"1"
"202100009831";"184Â 123";"A01";"1";"7";"0";"2";"3";"17";"1";""
"202100009831";"184Â 124";"B01";"2";"15";"0";"2";"3";"1";"1";""
"202100009832";"184Â 120";"A01";"0";"7";"0";"2";"1";"15";"2";""
"202100009832";"184Â 121";"B01";"0";"33";"0";"2";"1";"1";"1";""
"202100009833";"184Â 119";"A01";"2";"7";"8";"0";"1";"1";"1";""
"202100009834";"184Â 118";"A01";"2";"7";"0";"1";"2";"2";"1";""
"202100009835";"184Â 116";"A01";"2";"2";"0";"2";"1";"1";"1";""
"202100009835";"184Â 117";"B01";"1";"7";"0";"2";"3";"26";"1";""
"202100009836";"184Â 114";"A01";"2";"7";"0";"2";"3";"1";"1";""
"202100009836";"184Â 115";"B01";"2";"7";"0";"0";"6";"1";"1";""
"202100009837";"184Â 112";"B01";"3";"7";"0";"0";"3";"19";"1";""
"202100009837";"184Â 113";"A01";"3";"7";"0";"2";"3";"1";"1";""
"202100009838";"184Â 111";"A01";"1";"7";"6";"0";"2";"1";"1";""
"202100009839";"184Â 110";"A01";"0";"7";"13";"0";"2";"1";"1";""
"202100009840";"184Â 108";"A01";"1";"10";"0";"2";"8";"15";"1";""
"202100009840";"184Â 109";"B01";"1";"32";"0";"2";"7";"2";"1";""
"202100009841";"184Â 106";"A01";"0";"7";"0";"2";"3";"15";"1";""
"202100009841";"184Â 107";"B01";"0";"7";"0";"2";"1";"1";"1";""
"202100009842";"184Â 104";"B01";"2";"7";"0";"0";"4";"23";"1";""
"202100009842";"184Â 105";"A01";"2";"7";"0";"0";"1";"2";"1";""
"202100009843";"184Â 103";"A01";"1";"7";"13";"0";"1";"1";"1";""
"202100009844";"184Â 101";"B01";"1";"7";"0";"0";"3";"1";"1";""
"202100009844";"184Â 102";"A01";"2";"15";"0";"0";"3";"1";"1";""
"202100009845";"184Â 100";"A01";"3";"1";"13";"0";"0";"13";"5";""
"202100009846";"184Â 098";"A01";"2";"7";"0";"1";"2";"2";"1";""
"202100009846";"184Â 099";"B01";"2";"7";"0";"0";"4";"23";"1";""
"202100009847";"184Â 096";"B01";"1";"10";"0";"2";"3";"1";"1";""
"202100009847";"184Â 097";"A01";"1";"7";"0";"2";"3";"19";"1";""
"202100009848";"184Â 095";"A01";"0";"7";"2";"0";"1";"0";"1";""
"202100009849";"184Â 093";"B01";"1";"21";"0";"2";"3";"1";"1";""
"202100009849";"184Â 094";"A01";"2";"7";"0";"2";"3";"13";"1";""
"202100009850";"184Â 092";"A01";"1";"7";"13";"0";"3";"1";"1";""
"202100009851";"184Â 089";"A01";"2";"17";"3";"0";"1";"0";"1";""
"202100009852";"184Â 088";"A01";"1";"31";"0";"0";"0";"26";"1";""
"202100009853";"184Â 086";"A01";"2";"7";"0";"2";"3";"5";"1";""
"202100009853";"184Â 087";"B01";"1";"31";"0";"2";"1";"1";"1";""
"202100009854";"184Â 085";"A01";"2";"15";"0";"0";"0";"1";"1";""
"202100009855";"184Â 084";"A01";"1";"7";"6";"0";"2";"1";"1";""
"202100009856";"184Â 082";"B01";"2";"99";"0";"0";"4";"1";"1";""
"202100009856";"184Â 083";"A01";"2";"99";"0";"2";"1";"1";"1";""
"202100009857";"184Â 081";"A01";"1";"7";"2";"0";"2";"17";"1";""
"202100009858";"184Â 079";"A01";"2";"7";"0";"2";"1";"1";"1";""
"202100009858";"184Â 080";"B01";"2";"7";"0";"0";"4";"2";"1";""
"202100009859";"184Â 077";"A01";"3";"7";"0";"2";"1";"15";"1";""
"202100009859";"184Â 078";"B01";"0";"2";"0";"2";"1";"1";"1";""
"202100009860";"184Â 076";"A01";"1";"33";"12";"0";"1";"2";"1";""
"202100009861";"184Â 074";"B01";"1";"33";"0";"2";"1";"1";"1";""
"202100009861";"184Â 075";"A01";"2";"7";"0";"2";"7";"15";"1";""
"202100009862";"184Â 073";"A01";"3";"10";"0";"1";"1";"1";"1";""
"202100009863";"184Â 071";"A01";"1";"7";"0";"0";"6";"19";"1";""
"202100009863";"184Â 072";"B01";"2";"15";"0";"2";"3";"21";"1";""
"202100009864";"184Â 070";"A01";"3";"7";"0";"1";"1";"16";"1";""
"202100009865";"184Â 069";"A01";"3";"10";"0";"1";"4";"20";"1";""
"202100009866";"184Â 067";"B01";"2";"7";"0";"2";"1";"5";"1";""
"202100009866";"184Â 068";"A01";"1";"7";"0";"2";"1";"1";"1";""
"202100009867";"184Â 065";"A01";"1";"10";"0";"2";"3";"11";"1";""
"202100009867";"184Â 066";"B01";"1";"7";"0";"2";"2";"1";"1";""
"202100009868";"184Â 064";"A01";"1";"7";"4";"0";"2";"1";"1";""
"202100009869";"184Â 063";"A01";"2";"33";"0";"0";"1";"26";"1";""
"202100009870";"184Â 062";"A01";"0";"33";"0";"0";"0";"0";"1";""
"202100009871";"184Â 060";"A01";"2";"7";"0";"2";"6";"11";"1";""
"202100009871";"184Â 061";"B01";"2";"33";"0";"2";"1";"3";"1";""
"202100009872";"184Â 057";"A01";"2";"7";"0";"2";"1";"1";"1";""
"202100009872";"184Â 058";"B01";"2";"7";"0";"2";"4";"2";"1";""
"202100009872";"184Â 059";"C01";"2";"7";"0";"2";"4";"2";"1";""
"202100009873";"184Â 056";"A01";"2";"7";"0";"0";"0";"2";"1";""
"202100009874";"184Â 054";"A01";"1";"10";"0";"2";"1";"2";"1";""
"202100009874";"184Â 055";"B01";"1";"7";"0";"2";"4";"2";"0";""
"202100009875";"184Â 052";"A01";"2";"7";"0";"2";"1";"1";"1";""
"202100009875";"184Â 053";"B01";"2";"14";"0";"2";"1";"1";"1";""
"202100009876";"184Â 050";"B01";"1";"7";"0";"2";"3";"1";"2";""
"202100009876";"184Â 051";"A01";"1";"7";"4";"2";"3";"5";"2";""
"202100009877";"184Â 048";"B01";"1";"7";"0";"2";"4";"12";"1";""
"202100009877";"184Â 049";"A01";"1";"33";"0";"2";"1";"3";"1";""
"202100009878";"184Â 046";"B01";"1";"7";"0";"2";"8";"11";"1";""
"202100009878";"184Â 047";"A01";"1";"31";"0";"2";"1";"3";"1";""
"202100009879";"184Â 044";"A01";"2";"7";"0";"2";"1";"11";"1";""
"202100009879";"184Â 045";"B01";"2";"7";"0";"2";"4";"1";"1";""
"202100009880";"184Â 043";"A01";"2";"3";"4";"0";"9";"13";"3";""
"202100009881";"184Â 041";"B01";"2";"17";"0";"2";"6";"1";"1";""
"202100009881";"184Â 042";"A01";"2";"7";"0";"2";"2";"1";"1";""
"202100009882";"184Â 040";"A01";"1";"3";"0";"2";"1";"17";"3";""
"202100009883";"184Â 036";"A01";"1";"7";"0";"2";"1";"2";"0";""
"202100009883";"184Â 037";"B01";"2";"7";"0";"2";"4";"23";"0";""
"202100009883";"184Â 038";"C01";"1";"7";"0";"2";"1";"2";"1";""
"202100009883";"184Â 039";"D01";"1";"7";"0";"2";"4";"2";"0";""
"202100009884";"184Â 035";"A01";"1";"7";"4";"0";"3";"13";"1";""
"202100009885";"184Â 031";"D01";" -1";"7";"0";"2";"4";"2";"0";""
"202100009885";"184Â 032";"C01";"2";"7";"0";"2";"4";"2";"1";""
"202100009885";"184Â 033";"B01";"2";"7";"0";"2";"1";"2";"1";""
"202100009885";"184Â 034";"A01";"2";"7";"0";"2";"1";"2";"1";""
"202100009886";"184Â 027";"A01";"1";"7";"0";"2";"1";"2";"1";""
"202100009886";"184Â 028";"B01";"1";"7";"0";"2";"4";"2";"1";""
"202100009886";"184Â 029";"C01";"1";"10";"0";"2";"4";"2";"1";""
"202100009886";"184Â 030";"D01";"1";"7";"0";"2";"4";"2";"1";""
"202100009887";"184Â 025";"A01";"2";"32";"0";"2";"1";"3";"1";""
"202100009887";"184Â 026";"B01";"2";"7";"0";"2";"5";"11";"1";""
"202100009888";"184Â 021";"C01";"1";"7";"0";"2";"1";"2";"1";""
"202100009888";"184Â 022";"D01";"1";"7";"0";"2";"1";"2";"1";""
"202100009888";"184Â 023";"A01";"1";"7";"0";"2";"4";"2";"1";""
"202100009888";"184Â 024";"B01";"1";"7";"0";"2";"4";"0";"1";""
"202100009889";"184Â 020";"A01";"1";"7";"0";"0";"1";"1";"1";""
"202100009890";"184Â 019";"A01";"3";"30";"9";"0";"1";"1";"1";""
"202100009891";"184Â 015";"B01";"3";"7";"0";"2";"1";"1";"1";""
"202100009891";"184Â 016";"A01";"3";"7";"6";"2";"7";"1";"3";""
"202100009892";"184Â 014";"A01";"3";"7";"0";"4";"7";"2";"1";""
"202100009893";"184Â 012";"A01";"2";"7";"0";"2";"4";"23";"1";""
"202100009893";"184Â 013";"B01";"2";"7";"0";"2";"1";"2";"1";""
"202100009894";"184Â 009";"C01";"2";"14";"0";"2";"3";"0";"1";""
"202100009894";"184Â 010";"B01";"1";"7";"14";"2";"5";"15";"1";""
"202100009894";"184Â 011";"A01";"2";"7";"12";"2";"2";"1";"1";""
"202100009895";"184Â 007";"B01";"1";"10";"0";"2";"1";"1";"1";""
"202100009895";"184Â 008";"A01";"2";"7";"0";"2";"1";"17";"1";""
"202100009896";"184Â 006";"A01";"3";"7";"0";"1";"2";"1";"1";""
"202100009897";"184Â 003";"C01";"2";"7";"0";"2";"4";"23";"1";""
"202100009897";"184Â 004";"B01";"1";"7";"14";"0";"4";"23";"1";""
"202100009897";"184Â 005";"A01";"1";"7";"14";"0";"1";"26";"1";""
"202100009898";"184Â 000";"B01";"1";"7";"0";"2";"1";"1";"1";""
"202100009898";"184Â 001";"C01";"1";"7";"0";"2";"4";"1";"1";""
"202100009898";"184Â 002";"A01";"2";"7";"0";"2";"1";"5";"1";""
"202100009899";"183Â 999";"A01";"1";"7";"0";"1";"1";"1";"0";""
"202100009900";"183Â 995";"A01";"1";"7";"6";"0";"3";"1";"1";""
"202100009901";"183Â 994";"A01";"1";"7";"13";"0";"1";"1";"1";""
"202100009902";"183Â 992";"A01";"1";"7";"14";"0";"1";"1";"1";""
"202100009902";"183Â 993";"B01";"1";"33";"0";"0";"4";"23";"1";""
"202100009903";"183Â 990";"B01";"1";"7";"0";"2";"5";"1";"1";""
"202100009903";"183Â 991";"A01";"1";"7";"0";"2";"3";"1";"1";""
"202100009904";"183Â 989";"A01";"3";"33";"0";"0";"7";"1";"1";""
"202100009905";"183Â 987";"A01";"1";"7";"0";"2";"1";"1";"1";""
"202100009905";"183Â 988";"B01";"2";"10";"0";"2";"0";"0";"1";""
"202100009906";"183Â 986";"A01";"1";"7";"13";"0";"9";"1";"1";""
"202100009907";"183Â 984";"A01";"1";"7";"0";"2";"4";"1";"1";""
"202100009907";"183Â 985";"B01";"1";"33";"0";"2";"1";"1";"1";""
"202100009908";"183Â 982";"A01";"1";"7";"9";"2";"4";"23";"1";""
"202100009908";"183Â 983";"B01";"1";"7";"0";"2";"2";"14";"1";""
"202100009909";"183Â 981";"A01";"0";"7";"13";"0";"1";"26";"1";""
"202100009910";"183Â 979";"B01";"0";"7";"0";"2";"3";"1";"1";""
"202100009910";"183Â 980";"A01";"0";"7";"0";"2";"3";"1";"1";""
"202100009911";"183Â 975";"B01";"1";"33";"0";"2";"1";"1";"1";""
"202100009911";"183Â 976";"A01";"3";"7";"0";"2";"5";"15";"1";""
"202100009912";"183Â 974";"A01";"1";"7";"1";"0";"2";"14";"0";""
"202100009913";"183Â 970";"B01";"1";"36";"0";"2";"1";"2";"1";""
"202100009913";"183Â 971";"A01";"1";"10";"0";"2";"6";"11";"1";""
"202100009914";"183Â 969";"A01";"1";"39";"0";"1";"8";"26";"2";""
"202100009915";"183Â 967";"B01";"1";"3";"0";"2";"7";"1";"1";""
"202100009915";"183Â 968";"A01";"1";"7";"0";"2";"1";"1";"1";""
"202100009916";"183Â 965";"A01";"1";"7";"0";"2";"5";"2";"1";""
"202100009916";"183Â 966";"Z01";"2";"7";"0";"2";"3";"2";"0";""
"202100009917";"183Â 964";"A01";"1";"34";"4";"0";"1";"1";"1";""
"202100009918";"183Â 962";"Z01";"2";"7";"9";"2";"3";"13";"1";""
"202100009918";"183Â 963";"A01";"1";"31";"1";"2";"1";"1";"1";""
"202100009919";"183Â 961";"A01";"1";"50";"0";"0";"0";"1";"3";""
"202100009920";"183Â 959";"A01";"2";"7";"0";"2";"4";"2";"1";""
"202100009920";"183Â 960";"B01";"2";"7";"0";"2";"4";"2";"1";""
"202100009921";"183Â 958";"A01";"2";"7";"0";"1";"7";"1";"1";""
"202100009922";"183Â 956";"B01";"1";"7";"0";"2";"5";"16";"1";""
"202100009922";"183Â 957";"A01";"1";"50";"0";"2";"4";"1";"3";""
"202100009923";"183Â 954";"A01";"1";"32";"0";"2";"1";"1";"1";""
"202100009923";"183Â 955";"B01";"1";"7";"0";"2";"7";"1";"1";""
"202100009924";"183Â 952";"A01";"1";"7";"0";"2";"1";"7";"1";""
"202100009924";"183Â 953";"B01";"2";"10";"0";"2";"3";"16";"1";""
"202100009925";"183Â 950";"B01";"2";"34";"0";"2";"3";"1";"1";""
"202100009925";"183Â 951";"A01";"1";"30";"0";"2";"1";"1";"3";""
"202100009926";"183Â 948";"A01";"1";"34";"0";"2";"8";"18";"1";""
"202100009926";"183Â 949";"B01";"1";"7";"0";"2";"2";"16";"1";""
"202100009927";"183Â 947";"A01";"2";"33";"0";"1";"3";"1";"1";""
"202100009928";"183Â 945";"B01";"1";"7";"0";"2";"4";"15";"1";""
"202100009928";"183Â 946";"A01";"1";"7";"0";"2";"1";"1";"1";""
"202100009929";"183Â 944";"A01";"1";"50";"1";"0";"0";"13";"3";""
"202100009930";"183Â 943";"A01";"1";"30";"0";"0";"3";"1";"1";""
"202100009931";"183Â 942";"A01";"2";"50";"11";"0";"1";"13";"3";""
"202100009932";"183Â 940";"B01";"2";"7";"0";"2";"2";"1";"1";""
"202100009932";"183Â 941";"A01";"3";"7";"0";"2";"3";"1";"1";""
"202100009933";"183Â 938";"A01";"3";"15";"0";"2";"1";"1";"6";""
"202100009933";"183Â 939";"B01";"3";"7";"0";"2";"4";"1";"1";""
"202100009934";"183Â 937";"A01";" -1";"99";"1";"1";"2";"1";"1";""
"202100009935";"183Â 935";"A01";"1";"7";"0";"2";"3";"9";"0";""
"202100009935";"183Â 936";"B01";"1";"7";"0";"2";"5";"26";"0";""
"202100009936";"183Â 932";"C01";"1";"99";"1";"0";"6";"23";"1";""
"202100009936";"183Â 933";"B01";"1";"7";"1";"0";"2";"17";"1";""
"202100009936";"183Â 934";"A01";"1";"7";"0";"2";"7";"1";"1";""
"202100009937";"183Â 930";"B01";"1";"10";"12";"2";"3";"1";"1";""
"202100009937";"183Â 931";"A01";"2";"10";"12";"2";"2";"9";"1";""
"202100009938";"183Â 929";"A01";"2";"7";"0";"1";"1";"1";"2";""
"202100009939";"183Â 927";"B01";"2";"30";"0";"2";"1";"1";"0";""
"202100009939";"183Â 928";"A01";"1";"7";"0";"2";"7";"1";"0";""
"202100009940";"183Â 925";"B01";"3";"50";"0";"2";"0";"0";"3";""
"202100009940";"183Â 926";"A01";"3";"30";"0";"2";"3";"9";"1";""
"202100009941";"183Â 924";"A01";"1";"30";"0";"0";"0";"1";"1";""
"202100009942";"183Â 923";"A01";"1";"7";"4";"0";"3";"1";"1";""
"202100009943";"183Â 921";"A01";"1";"7";"0";"2";"1";"14";"1";""
"202100009943";"183Â 922";"B01";"1";"17";"0";"0";"4";"2";"1";""
"202100009944";"183Â 919";"B01";"1";"7";"0";"2";"3";"26";"1";""
"202100009944";"183Â 920";"A01";"1";"2";"0";"2";"1";"1";"1";""
"202100009945";"183Â 918";"A01";"1";"10";"2";"0";"3";"0";"1";""
"202100009946";"183Â 917";"A01";"1";"2";"0";"0";"0";"16";"1";""
"202100009947";"183Â 916";"A01";"1";"7";"13";"0";"1";"1";"1";""
"202100009948";"183Â 914";"A01";"1";"13";"0";"9";"0";"2";"1";""
"202100009948";"183Â 915";"B01";"1";"1";"0";"2";"0";"2";"5";""