"Num_Acc";"id_vehicule";"num_veh";"senc";"catv";"obs";"obsm";"choc";"manv";"motor";"occutc"
"202100009949";"183Â 912";"A01";"2";"7";"0";"2";"1";"19";"1";""
"202100009949";"183Â 913";"B01";"1";"7";"13";"0";"5";"1";"1";""
"202100009950";"183Â 911";"A01";"1";"7";"2";"0";"1";"13";"1";""
"202100009951";"183Â 909";"B01";"1";"10";"13";"2";"6";"1";"1";""
"202100009951";"183Â 910";"A01";"1";"7";"13";"2";"2";"17";"1";""
"202100009952";"183Â 906";"A01";"2";"7";"0";"2";"3";"13";"1";""
"202100009952";"183Â 907";"B01";"1";"7";"0";"2";"1";"1";"1";""
"202100009952";"183Â 908";"C01";"1";"7";"0";"2";"3";"1";"1";""
"202100009953";"183Â 905";"A01";"1";"7";"1";"1";"7";"1";"1";""
"202100009954";"183Â 904";"A01";"2";"7";"13";"0";"2";"1";"1";""
"202100009955";"183Â 903";"A01";"1";"7";"2";"0";"2";"14";"1";""
"202100009956";"183Â 902";"A01";"1";"7";"13";"0";"2";"1";"1";""
"202100009957";"183Â 901";"A01";"1";"33";"8";"0";"1";"14";"1";""
"202100009958";"183Â 897";"B01";"2";"10";"0";"2";"1";"1";"1";""
"202100009958";"183Â 898";"A01";"1";"7";"0";"2";"1";"5";"1";""
"202100009959";"183Â 895";"B01";"3";"10";"0";"2";"4";"2";"1";""
"202100009959";"183Â 896";"A01";"3";"33";"0";"2";"1";"2";"1";""
"202100009960";"183Â 894";"A01";"2";"2";"0";"1";"1";"1";"1";""
"202100009961";"183Â 893";"A01";"1";"7";"0";"1";"3";"1";"1";""
"202100009962";"183Â 891";"B01";"1";"7";"1";"0";"2";"1";"1";""
"202100009962";"183Â 892";"A01";"1";"17";"0";"0";"6";"23";"1";""
"202100009963";"183Â 889";"B01";"1";"7";"0";"0";"7";"15";"1";""
"202100009963";"183Â 890";"A01";"2";"7";"0";"2";"1";"1";"1";""
"202100009964";"183Â 888";"A01";"2";"7";"8";"0";"3";"13";"1";""
"202100009965";"183Â 887";"A01";"1";"7";"14";"0";"9";"1";"1";""
"202100009966";"183Â 886";"A01";"3";"7";"0";"1";"1";"0";"1";""
"202100009967";"183Â 884";"B01";"2";"17";"0";"2";"1";"1";"1";""
"202100009967";"183Â 885";"A01";"2";"17";"0";"2";"4";"1";"1";""
"202100009968";"183Â 882";"B01";"2";"7";"0";"0";"6";"0";"1";""
"202100009968";"183Â 883";"A01";"2";"7";"0";"2";"2";"0";"1";""
"202100009969";"183Â 881";"A01";"3";"7";"0";"1";"2";"26";"1";""
"202100009970";"183Â 879";"A01";"1";"7";"0";"2";"1";"2";"1";""
"202100009970";"183Â 880";"B01";"1";"50";"0";"0";"6";"2";"3";""
"202100009971";"183Â 877";"B01";"2";"7";"0";"2";"1";"1";"1";""
"202100009971";"183Â 878";"A01";"1";"2";"0";"0";"3";"1";"1";""
"202100009972";"183Â 876";"A01";"1";"7";"13";"0";"1";"16";"1";""
"202100009973";"183Â 875";"A01";"1";"7";"0";"1";"1";"9";"1";""
"202100009974";"183Â 874";"A01";"0";"7";"0";"1";"1";"11";"1";""
"202100009975";"183Â 872";"B01";"2";"32";"0";"2";"1";"1";"1";""
"202100009975";"183Â 873";"A01";"1";"7";"0";"2";"2";"15";"1";""
"202100009976";"183Â 871";"A01";"2";"7";"2";"0";"3";"1";"1";""
"202100009977";"183Â 870";"A01";"0";"7";"0";"1";"2";"1";"1";""
"202100009978";"183Â 868";"B01";"2";"7";"0";"2";"3";"1";"1";""
"202100009978";"183Â 869";"A01";"1";"32";"0";"2";"1";"15";"1";""
"202100009979";"183Â 866";"A01";"1";"7";"0";"2";"7";"15";"1";""
"202100009979";"183Â 867";"B01";"2";"2";"0";"2";"1";"1";"1";""
"202100009980";"183Â 864";"A01";"2";"2";"0";"2";"1";"1";"1";""
"202100009980";"183Â 865";"B01";"1";"7";"0";"0";"6";"1";"1";""
"202100009981";"183Â 860";"D01";"1";"7";"0";"2";"4";"2";"1";""
"202100009981";"183Â 861";"C01";"1";"7";"0";"2";"4";"2";"1";""
"202100009981";"183Â 862";"B01";"1";"7";"0";"2";"4";"2";"1";""
"202100009981";"183Â 863";"A01";"1";"7";"0";"2";"1";"2";"1";""
"202100009982";"183Â 858";"A01";"1";"7";"0";"2";"1";"11";"1";""
"202100009982";"183Â 859";"B01";"2";"7";"0";"2";"1";"1";"2";""
"202100009983";"183Â 856";"A01";"1";"7";"0";"2";"4";"10";"1";""
"202100009983";"183Â 857";"B01";"1";"7";"0";"2";"1";"1";"1";""
"202100009984";"183Â 855";"A01";"0";"7";"0";"1";"8";"1";"1";""
"202100009985";"183Â 852";"A01";"2";"14";"0";"2";"1";"1";"1";""
"202100009985";"183Â 853";"B01";"2";"7";"0";"2";"4";"2";"1";""
"202100009985";"183Â 854";"C01";"2";"10";"0";"2";"4";"2";"1";""
"202100009986";"183Â 850";"A01";"1";"7";"0";"0";"1";"13";"1";""
"202100009987";"183Â 849";"A01";"2";"7";"4";"0";"1";"13";"1";""
"202100009988";"183Â 845";"A01";"1";"7";"0";"2";"1";"2";"1";""
"202100009988";"183Â 846";"B01";"1";"7";"0";"2";"9";"0";"0";""
"202100009988";"183Â 847";"D01";"1";"7";"0";"2";"4";"2";"2";""
"202100009988";"183Â 848";"C01";"1";"7";"0";"2";"9";"2";"1";""
"202100009989";"183Â 842";"A01";"2";"7";"0";"2";"1";"2";"1";""
"202100009989";"183Â 843";"B01";"2";"7";"0";"2";"4";"2";"1";""
"202100009989";"183Â 844";"C01";"2";"7";"0";"2";"4";"2";"1";""
"202100009990";"183Â 840";"B01";"1";"7";"0";"2";"1";"1";"1";""
"202100009990";"183Â 841";"A01";"1";"7";"3";"2";"7";"2";"1";""
"202100009991";"183Â 839";"A01";"1";"7";"16";"0";"9";"1";"1";""
"202100009992";"183Â 837";"B01";"2";"7";"0";"2";"8";"1";"1";""
"202100009992";"183Â 838";"A01";"1";"7";"0";"2";"3";"13";"1";""
"202100009993";"183Â 835";"A01";"2";"7";"0";"2";"5";"1";"1";""
"202100009993";"183Â 836";"B01";"2";"33";"0";"2";"1";"2";"1";""
"202100009994";"183Â 834";"A01";"1";"7";"15";"0";"3";"21";"1";""
"202100009995";"183Â 832";"A01";"2";"7";"0";"0";"1";"1";"0";""
"202100009995";"183Â 833";"B01";"2";"50";"0";"2";"7";"1";"3";""
"202100009996";"183Â 831";"A01";"1";"34";"0";"2";"0";"2";"0";""
"202100009997";"183Â 829";"A01";"2";"31";"0";"2";"8";"1";"1";""
"202100009997";"183Â 830";"B01";"2";"7";"0";"2";"1";"1";"1";""
"202100009998";"183Â 827";"B01";"1";"7";"0";"2";"5";"23";"1";""
"202100009998";"183Â 828";"A01";"1";"7";"0";"2";"3";"9";"1";""
"202100009999";"183Â 825";"B01";"2";"33";"0";"2";"1";"17";"1";""
"202100009999";"183Â 826";"A01";"2";"7";"0";"2";"6";"15";"1";""
"202100010000";"183Â 823";"B01";"2";"7";"0";"2";"0";"0";"1";""
"202100010000";"183Â 824";"A01";"1";"32";"0";"2";"1";"13";"1";""
"202100010001";"183Â 821";"B01";"1";"7";"0";"2";"1";"1";"1";""
"202100010001";"183Â 822";"A01";"1";"32";"0";"2";"1";"13";"1";""
"202100010002";"183Â 820";"A01";"3";"7";"0";"1";"2";"1";"1";""
"202100010003";"183Â 819";"A01";"1";"33";"12";"0";"2";"14";"1";""
"202100010004";"183Â 818";"A01";"0";"3";"0";"9";"2";"26";"1";""
"202100010005";"183Â 817";"A01";"2";"7";"0";"1";"7";"1";"1";""
"202100010006";"183Â 815";"A01";"0";"7";"0";"2";"1";"9";"1";""
"202100010006";"183Â 816";"B01";"1";"7";"0";"2";"1";"1";"1";""
"202100010007";"183Â 813";"B01";"1";"7";"0";"2";"4";"2";"1";""
"202100010007";"183Â 814";"A01";"1";"7";"0";"2";"1";"2";"1";""
"202100010008";"183Â 811";"A01";"1";"7";"0";"0";"3";"4";"1";""
"202100010008";"183Â 812";"B01";"1";"32";"0";"2";"1";"1";"1";""
"202100010009";"183Â 810";"A01";"2";"7";"0";"1";"1";"16";"1";""
"202100010010";"183Â 808";"A01";"2";"7";"1";"2";"8";"22";"1";""
"202100010010";"183Â 809";"B01";"2";"1";"0";"0";"0";"1";"0";""
"202100010011";"183Â 807";"A01";"1";"7";"0";"1";"1";"1";"1";""
"202100010012";"183Â 803";"A01";"1";"31";"0";"2";"1";"1";"1";""
"202100010012";"183Â 804";"B01";"1";"7";"0";"2";"5";"19";"1";""
"202100010013";"183Â 801";"A01";"1";"7";"0";"2";"3";"15";"1";""
"202100010013";"183Â 802";"B01";"1";"99";"0";"2";"1";"19";"3";""
"202100010014";"183Â 799";"B01";"3";"1";"0";"2";"1";"1";"5";""
"202100010014";"183Â 800";"A01";"3";"7";"0";"2";"5";"16";"1";""
"202100010015";"183Â 794";"A01";"2";"7";"0";"2";"1";"1";"1";""
"202100010015";"183Â 795";"B01";"2";"10";"0";"2";"6";"1";"1";""
"202100010016";"183Â 793";"A01";"1";"7";"8";"0";"1";"0";"1";""
"202100010017";"183Â 791";"B01";"0";"7";"0";"0";"0";"0";"1";""
"202100010017";"183Â 792";"A01";"0";"7";"0";"2";"0";"9";"1";""
"202100010018";"183Â 789";"A01";"1";"7";"0";"2";"1";"13";"1";""
"202100010018";"183Â 790";"B01";"1";"7";"0";"2";"1";"1";"1";""
"202100010019";"183Â 788";"A01";"1";"7";"0";"0";"1";"26";"1";""
"202100010020";"183Â 787";"A01";"0";"7";"0";"1";"1";"9";"1";""
"202100010021";"183Â 786";"A01";"3";"7";"15";"0";"1";"1";"1";""
"202100010022";"183Â 784";"B01";"2";"7";"0";"2";"5";"1";"1";""
"202100010022";"183Â 785";"A01";"2";"7";"0";"2";"1";"26";"1";""
"202100010023";"183Â 783";"A01";"0";"33";"1";"0";"1";"15";"1";""
"202100010024";"183Â 781";"B01";"0";"7";"0";"2";"1";"1";"1";""
"202100010024";"183Â 782";"A01";"0";"7";"0";"2";"1";"1";"1";""
"202100010025";"183Â 779";"B01";"2";"7";"0";"2";"1";"0";"1";""
"202100010025";"183Â 780";"A01";"2";"7";"0";"2";"4";"0";"1";""
"202100010026";"183Â 778";"A01";"1";"33";"0";"0";"0";"15";"1";""
"202100010027";"183Â 777";"A01";"3";"10";"0";"1";"4";"20";"1";""
"202100010028";"183Â 772";"A01";"1";"10";"0";"2";"4";"2";"1";""
"202100010028";"183Â 773";"B01";"1";"7";"3";"2";"4";"2";"1";""
"202100010028";"183Â 774";"C01";"1";"10";"0";"2";"6";"2";"1";""
"202100010029";"183Â 771";"A01";"3";"7";"4";"0";"1";"21";"1";""
"202100010030";"183Â 769";"Z01";"3";"30";"0";"2";"0";"0";"0";""
"202100010030";"183Â 770";"B01";"3";"7";"0";"2";"2";"16";"1";""
"202100010031";"183Â 767";"A01";"1";"3";"8";"2";"2";"1";"1";""
"202100010031";"183Â 768";"B01";"2";"7";"0";"2";"1";"1";"1";""
"202100010032";"183Â 765";"A01";"3";"7";"0";"2";"1";"1";"1";""
"202100010032";"183Â 766";"B01";"3";"7";"0";"2";"6";"1";"1";""
"202100010033";"183Â 763";"B01";"1";"2";"0";"2";"7";"1";"1";""
"202100010033";"183Â 764";"A01";"1";"7";"0";"2";"1";"1";"1";""
"202100010034";"183Â 761";"A01";"3";"7";"0";"2";"4";"11";"1";""
"202100010034";"183Â 762";"B01";"3";"7";"0";"2";"3";"1";"2";""
"202100010035";"183Â 760";"A01";"1";"7";"6";"0";"1";"1";"1";""
"202100010036";"183Â 758";"B01";"1";"7";"0";"2";"3";"15";"1";""
"202100010036";"183Â 759";"A01";"1";"30";"0";"2";"1";"17";"1";""
"202100010037";"183Â 756";"A01";"1";"32";"0";"2";"1";"3";"1";""
"202100010037";"183Â 757";"B01";"1";"10";"0";"2";"4";"11";"1";""
"202100010038";"183Â 754";"B01";"1";"7";"0";"2";"5";"1";"1";""
"202100010038";"183Â 755";"A01";"1";"7";"0";"2";"1";"12";"1";""
"202100010039";"183Â 752";"B01";"1";"7";"0";"2";"5";"12";"0";""
"202100010039";"183Â 753";"A01";"1";"33";"0";"2";"3";"3";"1";""
"202100010040";"183Â 749";"B01";"2";"7";"0";"2";"4";"23";"1";""
"202100010040";"183Â 750";"A01";"2";"7";"0";"2";"1";"2";"1";""
"202100010040";"183Â 751";"C01";"2";"7";"0";"2";"7";"23";"1";""
"202100010041";"183Â 746";"C01";"1";"7";"0";"4";"5";"1";"1";""
"202100010041";"183Â 747";"B01";"3";"40";"0";"2";"0";"1";"3";""
"202100010041";"183Â 748";"A01";"1";"7";"0";"4";"7";"15";"2";""
"202100010042";"183Â 744";"A01";"1";"7";"0";"2";"5";"9";"1";""
"202100010042";"183Â 745";"B01";"1";"1";"0";"2";"1";"1";"5";""
"202100010043";"183Â 742";"B01";"2";"7";"0";"2";"3";"1";"1";""
"202100010043";"183Â 743";"A01";"1";"7";"0";"2";"3";"13";"1";""
"202100010044";"183Â 740";"B01";"1";"30";"0";"2";"0";"17";"1";""
"202100010044";"183Â 741";"A01";"1";"7";"0";"2";"6";"22";"2";""
"202100010045";"183Â 739";"A01";"2";"30";"0";"0";"0";"18";"1";""
"202100010046";"183Â 737";"A01";"1";"7";"0";"2";"1";"1";"2";""
"202100010046";"183Â 738";"Z01";"1";"7";"0";"2";"6";"4";"1";""
"202100010047";"183Â 736";"A01";"1";"10";"0";"1";"7";"2";"1";""
"202100010048";"183Â 734";"A01";"1";"38";"0";"2";"6";"15";"1";"1"
"202100010048";"183Â 735";"B01";"2";"38";"0";"2";"6";"1";"1";"3"
"202100010049";"183Â 733";"A01";"3";"7";"2";"0";"7";"1";"1";""
"202100010050";"183Â 732";"A01";"3";"7";"9";"1";"1";"16";"1";""
"202100010051";"183Â 730";"A01";"1";"10";"0";"2";"2";"1";"1";""
"202100010051";"183Â 731";"B01";"2";"31";"0";"2";"3";"15";"1";""
"202100010052";"183Â 728";"B01";"1";"7";"1";"2";"1";"1";"1";""
"202100010052";"183Â 729";"A01";"1";"7";"0";"2";"1";"16";"1";""
"202100010053";"183Â 726";"Y01";" -1";"0";"0";"0";" -1";" -1";" -1";""
"202100010053";"183Â 727";"A01";"1";"7";"0";"1";"7";"21";"0";""
"202100010054";"183Â 724";"A01";"1";"7";"1";"0";"2";"1";"1";""
"202100010054";"183Â 725";"B01";"1";"7";"0";"2";"6";"24";"1";""
"202100010055";"183Â 722";"A01";"0";"7";"0";"2";"4";"1";"1";""
"202100010055";"183Â 723";"B01";"1";"7";"0";"2";"1";"1";"1";""
"202100010056";"183Â 720";"A01";"1";"7";"0";"2";"3";"15";"1";""
"202100010056";"183Â 721";"B01";"1";"33";"0";"2";"1";"1";"1";""
"202100010057";"183Â 718";"A01";"3";"7";"0";"2";"1";"21";"1";""
"202100010057";"183Â 719";"B01";"3";"7";"0";"2";"8";"15";"1";""
"202100010058";"183Â 717";"A01";"1";"32";"0";"0";"0";"0";"1";""
"202100010059";"183Â 715";"A01";"3";"7";"8";"0";"7";"19";"1";""
"202100010059";"183Â 716";"B01";"1";"7";"0";"2";"1";"1";"1";""
"202100010060";"183Â 714";"A01";"2";"7";"12";"0";"0";"1";"1";""
"202100010061";"183Â 710";"B01";"2";"7";"0";"2";"1";"1";"1";""
"202100010061";"183Â 711";"A01";"1";"7";"0";"2";"1";"13";"1";""
"202100010062";"183Â 707";"A01";"2";"7";"7";"0";"1";"1";"1";""
"202100010062";"183Â 708";"C01";"3";"7";"1";"0";"5";"24";"1";""
"202100010062";"183Â 709";"D01";"1";"10";"0";"2";"1";"20";"1";""
"202100010063";"183Â 706";"A01";"3";"7";"16";"0";"0";"1";"1";""
"202100010064";"183Â 705";"A01";"1";"33";"13";"0";"1";"1";"1";""
"202100010065";"183Â 703";"B01";"1";"7";"0";"2";"3";"9";"1";""
"202100010065";"183Â 704";"A01";"2";"7";"0";"2";"3";"26";"1";""
"202100010066";"183Â 701";"B01";"2";"7";"0";"2";"1";"1";"1";""
"202100010066";"183Â 702";"A01";"1";"7";"0";"2";"1";"1";"1";""
"202100010067";"183Â 699";"A01";"2";"7";"0";"2";"8";"1";"1";""
"202100010067";"183Â 700";"B01";"1";"7";"0";"2";"2";"1";"1";""
"202100010068";"183Â 698";"A01";"0";"7";"2";"0";"8";"1";"1";""
"202100010069";"183Â 696";"B01";"1";"7";"0";"0";"2";"1";"1";""
"202100010069";"183Â 697";"A01";"2";"7";"0";"2";"1";"9";"1";""
"202100010070";"183Â 695";"A01";"2";"7";"13";"0";"7";"1";"1";""
"202100010071";"183Â 694";"A01";"2";"7";"0";"5";"1";"1";"1";""
"202100010072";"183Â 693";"A01";"1";"7";"0";"0";"0";"1";"1";""
"202100010073";"183Â 691";"A01";"2";"7";"0";"2";"1";"1";"1";""
"202100010073";"183Â 692";"B01";"2";"7";"0";"0";"4";"15";"1";""
"202100010074";"183Â 690";"A01";"2";"1";"0";"0";"0";"26";"5";""
"202100010075";"183Â 689";"A01";"3";"7";"0";"1";"3";"20";"1";""
"202100010076";"183Â 687";"B01";"2";"7";"3";"2";"8";"1";"1";""
"202100010076";"183Â 688";"A01";"1";"7";"0";"2";"3";"1";"1";""
"202100010077";"183Â 685";"A01";"1";"10";"0";"2";"3";"13";"1";""
"202100010077";"183Â 686";"B01";"2";"7";"0";"2";"3";"1";"1";""
"202100010078";"183Â 684";"A01";"1";"2";"1";"0";"1";"1";"1";""
"202100010079";"183Â 682";"A01";"1";"2";"0";"2";"7";"1";"1";""
"202100010079";"183Â 683";"B01";"2";"7";"0";"2";"1";"1";"1";""
"202100010080";"183Â 681";"A01";"0";"7";"13";"0";"1";"1";"1";""
"202100010081";"183Â 679";"A01";"1";"2";"0";"2";"1";"1";"1";""
"202100010081";"183Â 680";"B01";"1";"7";"0";"2";"6";"1";"1";""
"202100010082";"183Â 678";"A01";"1";"30";"16";"0";"0";"1";"1";""
"202100010083";"183Â 677";"A01";"1";"7";"16";"0";"1";"0";"1";""
"202100010084";"183Â 676";"A01";"1";"7";"6";"0";"2";"2";"1";""
"202100010085";"183Â 674";"B01";"2";"10";"0";"2";"3";"0";"1";""
"202100010085";"183Â 675";"A01";"1";"7";"0";"2";"6";"13";"1";""
"202100010086";"183Â 672";"A01";"0";"7";"0";"0";"7";"13";"1";""
"202100010086";"183Â 673";"B01";"0";"7";"0";"2";"8";"10";"1";""
"202100010087";"183Â 671";"A01";"2";"10";"0";"0";"9";"1";"1";""
"202100010088";"183Â 670";"A01";"1";"7";"0";"1";"3";"1";"1";""
"202100010089";"183Â 669";"A01";"1";"7";"0";"1";"2";"2";"1";""
"202100010090";"183Â 668";"A01";"3";"33";"0";"0";"0";"0";"1";""
"202100010091";"183Â 667";"A01";"1";"33";"0";"6";"1";"1";"1";""
"202100010092";"183Â 666";"A01";"1";"7";"6";"0";"9";"1";"1";""
"202100010093";"183Â 665";"A01";"0";"33";"0";"0";"0";"1";"0";""
"202100010094";"183Â 662";"C01";"3";"7";"0";"2";"1";"1";"1";""
"202100010094";"183Â 663";"B01";"0";"7";"0";"2";"9";"1";"1";""
"202100010094";"183Â 664";"A01";"3";"7";"0";"2";"1";"5";"1";""
"202100010095";"183Â 659";"A01";"1";"1";"0";"2";"1";"13";"5";""
"202100010095";"183Â 660";"B01";"1";"1";"0";"2";"3";"13";"5";""
"202100010095";"183Â 661";"C01";"1";"7";"0";"2";"7";"1";"1";""
"202100010096";"183Â 657";"B01";"1";"7";"0";"2";"4";"2";"1";""
"202100010096";"183Â 658";"A01";"1";"7";"0";"2";"1";"21";"1";""
"202100010097";"183Â 655";"A01";"2";"7";"0";"2";"7";"1";"1";""
"202100010097";"183Â 656";"B01";"1";"7";"0";"2";"2";"1";"1";""
"202100010098";"183Â 654";"A01";"1";"7";"16";"0";"9";"1";"1";""
"202100010099";"183Â 652";"B01";"3";"7";"0";"2";"1";"1";"1";""
"202100010099";"183Â 653";"A01";"3";"33";"0";"2";"1";"1";"1";""
"202100010100";"183Â 650";"B01";"1";"21";"0";"0";"6";"2";"1";""
"202100010100";"183Â 651";"A01";"1";"7";"0";"2";"2";"17";"1";""
"202100010101";"183Â 647";"A01";"2";"31";"0";"2";"3";"2";"1";""
"202100010101";"183Â 648";"B01";"1";"33";"0";"2";"3";"2";"1";""
"202100010102";"183Â 646";"A01";"1";"33";"12";"0";"1";"1";"1";""
"202100010103";"183Â 645";"A01";"3";"2";"0";"0";"8";"1";"1";""
"202100010104";"183Â 643";"A01";"3";"7";"0";"2";"8";"0";"1";""
"202100010104";"183Â 644";"B01";"3";"7";"0";"2";"3";"5";"1";""
"202100010105";"183Â 642";"A01";"1";"7";"4";"0";"3";"1";"1";""
"202100010106";"183Â 641";"A01";"2";"10";"7";"0";"1";"6";"1";""
"202100010107";"183Â 640";"A01";"2";"7";"13";"0";"1";"0";"1";""
"202100010108";"183Â 639";"A01";"3";"7";"0";"0";"9";"1";"1";""
"202100010109";"183Â 636";"C01";"1";"7";"0";"2";"4";"2";"1";""
"202100010109";"183Â 637";"B01";"1";"7";"0";"2";"4";"2";"1";""
"202100010109";"183Â 638";"A01";"1";"7";"0";"2";"1";"2";"1";""
"202100010110";"183Â 635";"A01";"2";"7";"6";"0";"0";"1";"1";""
"202100010111";"183Â 632";"C01";"1";"7";"4";"2";"4";"2";"1";""
"202100010111";"183Â 633";"B01";"1";"7";"4";"2";"4";"2";"1";""
"202100010111";"183Â 634";"A01";"1";"7";"4";"2";"1";"2";"1";""
"202100010112";"183Â 631";"A01";"2";"7";"4";"0";"1";"1";"1";""
"202100010113";"183Â 629";"A01";"2";"7";"0";"2";"1";"2";"1";""
"202100010113";"183Â 630";"B01";"2";"7";"0";"2";"4";"2";"1";""
"202100010114";"183Â 627";"B01";"1";"7";"4";"2";"4";"2";"1";""
"202100010114";"183Â 628";"A01";"1";"7";"0";"2";"1";"1";"1";""
"202100010115";"183Â 625";"B01";"2";"7";"0";"2";"4";"2";"1";""
"202100010115";"183Â 626";"A01";"2";"7";"0";"2";"1";"1";"1";""
"202100010116";"183Â 624";"A01";"1";"7";"4";"0";"1";"13";"1";""
"202100010117";"183Â 622";"A01";"1";"7";"4";"2";"1";"1";"1";""
"202100010117";"183Â 623";"B01";"1";"7";"4";"2";"6";"2";"1";""
"202100010118";"183Â 620";"B01";"0";"15";"0";"2";"7";"9";"1";""
"202100010118";"183Â 621";"A01";"0";"7";"0";"2";"3";"1";"1";""
"202100010119";"183Â 617";"C01";"2";"7";"14";"0";"2";"2";"2";""
"202100010119";"183Â 618";"B01";"2";"7";"0";"2";"6";"23";"1";""
"202100010119";"183Â 619";"A01";"2";"7";"1";"0";"2";"26";"1";""
"202100010120";"183Â 616";"A01";"1";"7";"4";"0";"1";"1";"1";""
"202100010121";"183Â 615";"A01";"1";"7";"3";"0";"1";"2";"1";""
"202100010122";"183Â 611";"A01";"1";"7";"0";"2";"1";"1";"1";""
"202100010122";"183Â 612";"B01";"1";"7";"0";"2";"4";"2";"1";""
"202100010122";"183Â 613";"C01";"1";"7";"0";"2";"1";"2";"1";""
"202100010122";"183Â 614";"D01";"1";"7";"0";"2";"4";"2";"1";""
"202100010123";"183Â 609";"B01";"1";"7";"0";"2";"4";"24";"1";""
"202100010123";"183Â 610";"A01";"1";"7";"0";"2";"1";"1";"1";""
"202100010124";"183Â 607";"B01";"2";"33";"0";"2";"2";"3";"1";""
"202100010124";"183Â 608";"A01";"2";"7";"0";"2";"3";"11";"1";""
"202100010125";"183Â 604";"A01";"1";"7";"0";"2";"4";"1";"1";""
"202100010125";"183Â 605";"B01";"1";"7";"0";"2";"1";"26";"1";""
"202100010125";"183Â 606";"C01";"1";"7";"0";"2";"4";"1";"1";""
"202100010126";"183Â 602";"B01";"3";"7";"0";"2";"3";"10";"1";""
"202100010126";"183Â 603";"Y01";"3";"7";"0";"2";"2";"1";"1";""
"202100010127";"183Â 600";"B01";"3";"7";"0";"2";"4";"1";"1";""
"202100010127";"183Â 601";"A01";"3";"7";"0";"2";"1";"26";"1";""
"202100010128";"183Â 598";"A01";"1";"7";"0";"2";"1";"2";"1";""
"202100010128";"183Â 599";"B01";"1";"7";"0";"2";"5";"2";"1";""
"202100010129";"183Â 593";"B01";"3";"30";"0";"2";"3";"2";"1";""
"202100010129";"183Â 594";"A01";"3";"0";"0";"2";"2";"15";"0";""
"202100010130";"183Â 591";"A01";"1";"7";"0";"2";"3";"15";"1";""
"202100010130";"183Â 592";"B01";"1";"7";"0";"2";"2";"15";"1";""
"202100010131";"183Â 590";"A01";"1";"7";"0";"1";"1";"1";"1";""
"202100010132";"183Â 588";"A01";"2";"7";"0";"2";"3";"19";"1";""
"202100010132";"183Â 589";"B01";"1";"37";"0";"2";"3";"19";"3";"1"
"202100010133";"183Â 584";"D01";"2";"7";"0";"0";"6";"1";"1";""
"202100010133";"183Â 585";"C01";"2";"7";"0";"2";"1";"1";"1";""
"202100010133";"183Â 586";"B01";"2";"7";"0";"2";"5";"9";"1";""
"202100010133";"183Â 587";"A01";"2";"99";"0";"2";"3";"1";"1";""
"202100010134";"183Â 582";"A01";"2";"7";"0";"2";"7";"6";"1";""
"202100010134";"183Â 583";"B01";"1";"7";"0";"2";"1";"2";"1";""
"202100010135";"183Â 581";"A01";"2";"7";"8";"0";"3";"1";"1";""
"202100010136";"183Â 580";"A01";"1";"7";"0";"1";"1";"16";"1";""
"202100010137";"183Â 578";"A01";"1";"7";"0";"2";"1";"1";"1";""
"202100010137";"183Â 579";"B01";"2";"7";"0";"2";"4";"1";"1";""
"202100010138";"183Â 575";"A01";"3";"7";"0";"2";"3";"1";"1";""
"202100010138";"183Â 576";"B01";"3";"1";"0";"2";"1";"1";"5";""
"202100010139";"183Â 574";"A01";"2";"7";"0";"1";"2";"21";"1";""
"202100010140";"183Â 573";"A01";"1";"33";"6";"0";"1";"1";"1";""
"202100010141";"183Â 571";"B01";"3";"7";"0";"2";"3";"1";"1";""
"202100010141";"183Â 572";"A01";"3";"37";"0";"2";"5";"12";"1";"1"
"202100010142";"183Â 570";"A01";"1";"33";"0";"0";"3";"14";"1";""
"202100010143";"183Â 569";"B01";"1";"7";"0";"1";"8";"1";"1";""
"202100010144";"183Â 568";"A01";"3";"7";"0";"1";"1";"1";"1";""
"202100010145";"183Â 566";"B01";"1";"80";"0";"2";"8";"19";"3";""
"202100010145";"183Â 567";"A01";"1";"7";"0";"9";"1";"1";"1";""
"202100010146";"183Â 564";"A01";"1";"7";"1";"0";"1";"1";"1";""
"202100010147";"183Â 562";"B01";"1";"30";"0";"2";"1";"26";"1";""
"202100010147";"183Â 563";"A01";"1";"7";"0";"2";"1";"26";"1";""
"202100010148";"183Â 559";"B01";"1";"7";"0";"2";"1";"1";"1";""
"202100010148";"183Â 560";"A01";"1";"7";"0";"2";"3";"9";"1";""
"202100010148";"183Â 561";"C01";"1";"10";"0";"2";"1";"1";"1";""
"202100010149";"183Â 557";"A01";"0";"7";"0";"2";"1";"2";"1";""
"202100010149";"183Â 558";"B01";"0";"7";"0";"2";"4";"2";"1";""
"202100010150";"183Â 554";"A01";"3";"7";"0";"2";"1";"2";"1";""
"202100010150";"183Â 555";"B01";"3";"7";"0";"2";"4";"2";"1";""
"202100010150";"183Â 556";"C01";"3";"7";"0";"2";"4";"2";"1";""
"202100010151";"183Â 552";"B01";"1";"7";"0";"2";"4";"1";"1";""
"202100010151";"183Â 553";"A01";"1";"7";"0";"2";"1";"1";"1";""
"202100010152";"183Â 551";"A01";"1";"7";"0";"1";"7";"1";"1";""
"202100010153";"183Â 549";"A01";"2";"7";"0";"2";"8";"1";"1";""
"202100010153";"183Â 550";"B01";"2";"7";"0";"2";"1";"1";"1";""
"202100010154";"183Â 547";"A01";"1";"2";"0";"2";"1";"15";"1";""