"Num_Acc";"id_vehicule";"num_veh";"senc";"catv";"obs";"obsm";"choc";"manv";"motor";"occutc"
"202100010154";"183Â 548";"B01";"2";"7";"0";"2";"8";"1";"1";""
"202100010155";"183Â 545";"B01";"1";"33";"0";"2";"8";"1";"1";""
"202100010155";"183Â 546";"A01";"2";"7";"0";"2";"2";"15";"1";""
"202100010156";"183Â 543";"B01";"1";"1";"0";"2";"1";"8";"0";""
"202100010156";"183Â 544";"A01";"2";"7";"0";"9";"2";"15";"2";""
"202100010157";"183Â 541";"B01";"1";"7";"0";"2";"4";"26";"1";""
"202100010157";"183Â 542";"A01";"1";"10";"0";"2";"2";"26";"1";""
"202100010158";"183Â 540";"A01";"3";"7";"1";"0";"1";"1";"1";""
"202100010159";"183Â 539";"A01";"1";"7";"0";"1";"0";"1";"6";""
"202100010160";"183Â 538";"A01";"3";"7";"4";"0";"3";"1";"1";""
"202100010161";"183Â 537";"A01";"1";"7";"0";"1";"1";"26";"1";""
"202100010162";"183Â 536";"A01";"1";"7";"0";"1";"1";"1";"1";""
"202100010163";"183Â 535";"A01";"1";"31";"0";"0";"1";"9";"1";""
"202100010164";"183Â 533";"A01";"2";"33";"0";"2";"1";"3";"1";""
"202100010164";"183Â 534";"B01";"2";"7";"0";"2";"5";"12";"1";""
"202100010165";"183Â 531";"A01";"1";"7";"0";"2";"2";"12";"1";""
"202100010165";"183Â 532";"B01";"1";"43";"0";"2";"3";"3";"1";""
"202100010166";"183Â 529";"B01";"2";"80";"0";"2";"1";"1";"3";""
"202100010166";"183Â 530";"A01";"1";"7";"0";"2";"3";"15";"1";""
"202100010167";"183Â 527";"Z01";"1";"30";"0";"2";"2";"16";"5";""
"202100010167";"183Â 528";"A01";"1";"1";"0";"2";"1";"17";"5";""
"202100010168";"183Â 525";"B01";"1";"50";"0";"2";"7";"17";"3";""
"202100010168";"183Â 526";"A01";"1";"7";"0";"0";"3";"13";"1";""
"202100010169";"183Â 523";"B01";"1";"7";"0";"2";"3";"15";"1";""
"202100010169";"183Â 524";"A01";"1";"32";"0";"2";"2";"1";"1";""
"202100010170";"183Â 521";"A01";"1";"7";"0";"2";"7";"4";"1";""
"202100010170";"183Â 522";"B01";"2";"32";"0";"2";"1";"1";"1";""
"202100010171";"183Â 520";"Z01";"1";"7";"0";"1";"8";"15";"0";""
"202100010172";"183Â 519";"A01";"2";"32";"4";"0";"8";"13";"1";""
"202100010173";"183Â 517";"A01";"2";"7";"0";"2";"1";"1";"1";""
"202100010173";"183Â 518";"B01";"2";"30";"0";"2";"3";"15";"1";""
"202100010174";"183Â 515";"B01";"3";"7";"0";"2";"4";"23";"1";""
"202100010174";"183Â 516";"A01";"3";"7";"0";"2";"1";"1";"1";""
"202100010175";"183Â 514";"A01";"1";"1";"0";"0";"8";"1";"5";""
"202100010176";"183Â 512";"B01";"1";"7";"0";"2";"7";"1";"1";""
"202100010176";"183Â 513";"A01";"1";"7";"0";"2";"1";"1";"1";""
"202100010177";"183Â 510";"B01";"3";"7";"0";"2";"1";"0";"1";""
"202100010177";"183Â 511";"A01";"3";"7";"0";"2";"1";"0";"1";""
"202100010178";"183Â 509";"A01";"1";"7";"0";"1";"1";"1";"0";""
"202100010179";"183Â 507";"A01";"1";"50";"0";"2";"1";"1";"3";""
"202100010179";"183Â 508";"B01";"1";"37";"0";"2";"5";"1";"2";"1"
"202100010180";"183Â 505";"A01";" -1";"7";"0";"2";"1";"21";"1";""
"202100010180";"183Â 506";"B01";"3";"7";"0";"2";"8";"1";"1";""
"202100010181";"183Â 504";"A01";"2";"7";"0";"1";"6";"20";"1";""
"202100010182";"183Â 502";"A01";"1";"7";"1";"2";"0";"1";"1";""
"202100010182";"183Â 503";"B01";"1";"10";"1";"2";"1";"1";"1";""
"202100010183";"183Â 501";"A01";"3";"7";"8";"0";"3";"0";"1";""
"202100010184";"183Â 499";"B01";"2";"7";"0";"2";"1";"2";"1";""
"202100010184";"183Â 500";"A01";"2";"7";"0";"2";"4";"23";"1";""
"202100010185";"183Â 497";"A01";"1";"2";"0";"2";"1";"15";"1";""
"202100010185";"183Â 498";"B01";"2";"7";"0";"2";"1";"1";"1";""
"202100010186";"183Â 495";"B01";"0";"7";"0";"2";"1";"26";"1";""
"202100010186";"183Â 496";"A01";"0";"7";"0";"2";"8";"19";"1";""
"202100010187";"183Â 493";"A01";"2";"31";"0";"2";"1";"2";"1";""
"202100010187";"183Â 494";"B01";"2";"10";"0";"2";"0";"2";"1";""
"202100010188";"183Â 491";"Z01";"1";"7";"0";"2";"1";"9";"0";""
"202100010188";"183Â 492";"B01";"0";"1";"0";"2";"4";"9";"0";""
"202100010189";"183Â 490";"A01";"1";"7";"1";"2";"3";"19";"1";""
"202100010190";"183Â 489";"A01";"1";"7";"12";"0";"2";"0";"1";""
"202100010191";"183Â 487";"B01";"0";"7";"0";"0";"3";"0";"1";""
"202100010191";"183Â 488";"A01";"1";"7";"0";"0";"0";"0";"1";""
"202100010192";"183Â 486";"A01";"1";"7";"2";"0";"1";"1";"1";""
"202100010193";"183Â 483";"B01";"2";"7";"0";"0";"2";"17";"1";""
"202100010193";"183Â 484";"A01";"2";"7";"0";"0";"8";"15";"1";""
"202100010194";"183Â 482";"A01";"3";"7";"6";"0";"1";"14";"1";""
"202100010195";"183Â 480";"A01";"1";"7";"0";"2";"1";"0";"1";""
"202100010195";"183Â 481";"B01";"1";"7";"0";"0";"4";"1";"1";""
"202100010196";"183Â 479";"A01";"2";"7";"17";"0";"2";"1";"1";""
"202100010197";"183Â 477";"B01";"2";"7";"0";"2";"1";"1";"1";""
"202100010197";"183Â 478";"A01";"2";"7";"0";"2";"2";"19";"1";""
"202100010198";"183Â 475";"A01";"2";"7";"3";"2";"1";"1";"1";""
"202100010198";"183Â 476";"B01";"2";"7";"0";"2";"1";"1";"1";""
"202100010199";"183Â 473";"A01";"3";"7";"0";"2";"1";"6";"1";""
"202100010199";"183Â 474";"B01";"0";"7";"0";"2";"1";"1";"1";""
"202100010200";"183Â 472";"A01";"1";"10";"0";"1";"1";"1";"1";""
"202100010201";"183Â 469";"A01";"1";"7";"0";"1";"1";"1";"1";""
"202100010202";"183Â 468";"A01";"1";"2";"0";"0";"0";"13";"1";""
"202100010203";"183Â 467";"A01";"1";"36";"6";"0";"1";"15";"1";""
"202100010204";"183Â 466";"A01";"2";"10";"10";"0";"5";"1";"1";""
"202100010205";"183Â 464";"A01";"3";"2";"0";"2";"1";"2";"1";""
"202100010205";"183Â 465";"B01";"3";"7";"0";"9";"7";"10";"1";""
"202100010206";"183Â 463";"A01";"1";"7";"0";"1";"2";"20";"1";""
"202100010207";"183Â 462";"A01";"1";"7";"8";"0";"0";"0";"1";""
"202100010208";"183Â 461";"B01";"3";"7";"0";"1";"4";"23";"0";""
"202100010209";"183Â 459";"A01";"0";"7";"0";"2";"2";"1";"1";""
"202100010209";"183Â 460";"B01";"0";"1";"0";"2";"7";"23";"5";""
"202100010210";"183Â 456";"A01";"2";"2";"0";"2";"1";"1";"1";""
"202100010210";"183Â 457";"B01";"1";"33";"0";"2";"1";"17";"1";""
"202100010210";"183Â 458";"C01";"1";"7";"0";"0";"8";"1";"1";""
"202100010211";"183Â 454";"A01";"2";"2";"0";"2";"1";"1";"1";""
"202100010211";"183Â 455";"B01";"2";"10";"0";"2";"6";"1";"1";""
"202100010212";"183Â 452";"B01";"2";"7";"0";"2";"3";"1";"1";""
"202100010212";"183Â 453";"A01";"2";"7";"0";"2";"8";"9";"1";""
"202100010213";"183Â 451";"A01";"2";"7";"13";"0";"2";"1";"1";""
"202100010214";"183Â 450";"A01";"0";"7";"2";"0";"1";"1";"1";""
"202100010215";"183Â 449";"A01";"3";"36";"0";"0";"0";"0";"1";""
"202100010216";"183Â 448";"A01";"1";"7";"3";"0";"3";"0";"1";""
"202100010217";"183Â 446";"B01";"2";"10";"0";"2";"2";"1";"1";""
"202100010217";"183Â 447";"A01";"1";"7";"0";"2";"2";"1";"1";""
"202100010218";"183Â 444";"B01";"2";"2";"0";"2";"1";"1";"1";""
"202100010218";"183Â 445";"A01";"1";"7";"0";"2";"1";"15";"1";""
"202100010219";"183Â 442";"B01";"2";"7";"0";"2";"3";"1";"1";""
"202100010219";"183Â 443";"A01";"1";"2";"0";"2";"7";"19";"1";""
"202100010220";"183Â 440";"A01";"1";"7";"0";"2";"3";"15";"1";""
"202100010220";"183Â 441";"B01";"2";"7";"0";"2";"1";"1";"1";""
"202100010221";"183Â 439";"A01";"2";"7";"6";"0";"1";"1";"1";""
"202100010222";"183Â 438";"A01";"0";"7";"2";"0";"1";"1";"1";""
"202100010223";"183Â 436";"A01";"2";"7";"0";"2";"1";"5";"1";""
"202100010223";"183Â 437";"B01";"1";"7";"0";"2";"2";"1";"1";""
"202100010224";"183Â 435";"A01";"1";"7";"4";"0";"3";"0";"1";""
"202100010225";"183Â 432";"B01";"3";"2";"0";"2";"4";"1";"1";""
"202100010225";"183Â 433";"A01";"3";"2";"0";"2";"1";"1";"1";""
"202100010226";"183Â 431";"A01";"0";"3";"2";"0";"1";"1";"3";""
"202100010227";"183Â 429";"B01";"2";"33";"0";"2";"1";"1";"1";""
"202100010227";"183Â 430";"A01";"1";"7";"0";"2";"3";"15";"1";""
"202100010228";"183Â 427";"B01";"1";"7";"0";"2";"1";"1";"1";""
"202100010228";"183Â 428";"A01";"1";"7";"0";"2";"1";"5";"1";""
"202100010229";"183Â 426";"A01";"0";"10";"0";"1";"4";"4";"1";""
"202100010230";"183Â 425";"A01";"2";"2";"0";"0";"8";"1";"1";""
"202100010231";"183Â 423";"A01";"1";"7";"0";"2";"1";"5";"1";""
"202100010231";"183Â 424";"B01";"2";"7";"0";"2";"1";"1";"1";""
"202100010232";"183Â 421";"B01";"0";"7";"1";"0";"2";"0";"1";""
"202100010232";"183Â 422";"A01";"0";"7";"0";"2";"3";"0";"1";""
"202100010233";"183Â 419";"B01";"0";"7";"0";"2";"1";"1";"1";""
"202100010233";"183Â 420";"A01";"0";"33";"0";"2";"1";"26";"1";""
"202100010234";"183Â 418";"A01";"2";"7";"8";"0";"9";"13";"1";""
"202100010235";"183Â 417";"A01";"0";"7";"0";"1";"4";"20";"1";""
"202100010236";"183Â 416";"A01";"2";"7";"8";"0";"0";"1";"1";""
"202100010237";"183Â 414";"A01";"2";"7";"8";"2";"3";"1";"1";""
"202100010237";"183Â 415";"B01";"1";"10";"8";"2";"1";"13";"1";""
"202100010238";"183Â 408";"B01";"2";"7";"0";"2";"4";"0";"2";""
"202100010238";"183Â 409";"A01";"2";"7";"0";"2";"4";"0";"1";""
"202100010238";"183Â 410";"C01";"2";"7";"0";"2";"4";"0";"1";""
"202100010238";"183Â 411";"D01";"2";"7";"0";"2";"4";"0";"1";""
"202100010238";"183Â 412";"E01";"2";"7";"0";"2";"4";"0";"1";""
"202100010238";"183Â 413";"F01";"2";"10";"0";"2";"1";"0";"2";""
"202100010239";"183Â 407";"A01";"1";"7";"4";"0";"8";"1";"1";""
"202100010240";"183Â 406";"A01";"1";"33";"4";"0";"9";"1";"1";""
"202100010241";"183Â 403";"C01";"2";"7";"0";"2";"1";"0";"1";""
"202100010241";"183Â 404";"B01";"2";"7";"0";"2";"1";"0";"1";""
"202100010241";"183Â 405";"A01";"2";"7";"0";"2";"1";"0";"1";""
"202100010242";"183Â 401";"B01";"2";"33";"0";"2";"9";"3";"1";""
"202100010242";"183Â 402";"A01";"2";"10";"0";"2";"3";"11";"1";""
"202100010243";"183Â 400";"A01";"2";"7";"3";"0";"2";"1";"1";""
"202100010244";"183Â 398";"A01";"1";"7";"15";"2";"9";"12";"1";""
"202100010244";"183Â 399";"B01";"1";"7";"15";"0";"9";"21";"1";""
"202100010245";"183Â 396";"A01";"2";"17";"0";"2";"2";"12";"1";""
"202100010245";"183Â 397";"B01";"2";"7";"0";"2";"6";"1";"1";""
"202100010246";"183Â 394";"B01";"1";"34";"0";"2";"1";"3";"1";""
"202100010246";"183Â 395";"A01";"1";"7";"0";"2";"5";"12";"1";""
"202100010247";"183Â 393";"A01";"1";"7";"3";"0";"1";"2";"1";""
"202100010248";"183Â 388";"E01";"1";"7";"0";"2";"4";"0";"1";""
"202100010248";"183Â 389";"D01";"1";"7";"0";"2";"4";"1";"1";""
"202100010248";"183Â 390";"C01";"1";"7";"0";"2";"4";"1";"1";""
"202100010248";"183Â 391";"B01";"1";"7";"0";"2";"4";"1";"1";""
"202100010248";"183Â 392";"A01";"1";"10";"0";"2";"1";"1";"1";""
"202100010249";"183Â 387";"A01";"2";"10";"0";"0";"8";"1";"1";""
"202100010250";"183Â 386";"A01";"2";"7";"4";"0";"1";"1";"1";""
"202100010251";"183Â 380";"A01";"1";"7";"0";"2";"1";"1";"1";""
"202100010251";"183Â 381";"B01";"1";"7";"0";"2";"4";"1";"1";""
"202100010251";"183Â 382";"C01";"1";"7";"0";"2";"5";"1";"1";""
"202100010251";"183Â 383";"D01";"1";"7";"0";"2";"1";"1";"1";""
"202100010251";"183Â 384";"E01";"1";"10";"0";"2";"1";"1";"1";""
"202100010251";"183Â 385";"F01";"1";"10";"0";"2";"1";"1";"1";""
"202100010252";"183Â 378";"A01";"2";"7";"0";"2";"0";"26";"1";""
"202100010252";"183Â 379";"B01";"2";"7";"0";"2";"0";"26";"1";""
"202100010253";"183Â 375";"A01";" -1";"7";"14";"2";"2";"6";"1";""
"202100010253";"183Â 376";"B01";" -1";"7";"0";"2";"3";"1";"1";""
"202100010253";"183Â 377";"C01";" -1";"7";"1";"2";"1";"1";"2";""
"202100010254";"183Â 373";"B01";"1";"7";"0";"2";"4";"1";"1";""
"202100010254";"183Â 374";"A01";"1";"13";"0";"2";"1";"1";"1";""
"202100010255";"183Â 372";"A01";"2";"7";"0";"0";"1";"1";"1";""
"202100010256";"183Â 371";"A01";"2";"10";"3";"0";"1";"21";"1";""
"202100010257";"183Â 370";"A01";"2";"7";"0";"0";"1";"15";"1";""
"202100010258";"183Â 369";"A01";"2";"7";"4";"2";"2";"1";"1";""
"202100010259";"183Â 368";"A01";"1";"7";"4";"0";"7";"17";"1";""
"202100010260";"183Â 364";"C01";"1";"7";"0";"2";"4";"2";"1";""
"202100010260";"183Â 365";"D01";"1";"7";"0";"2";"4";"2";"1";""
"202100010260";"183Â 366";"B01";"1";"7";"0";"2";"1";"2";"1";""
"202100010260";"183Â 367";"A01";"1";"7";"0";"2";"1";"1";"1";""
"202100010261";"183Â 363";"A01";"3";"37";"0";"1";"1";"16";"1";"1"
"202100010262";"183Â 362";"A01";"1";"7";"0";"1";"8";"1";"1";""
"202100010263";"183Â 360";"A01";"1";"32";"14";"0";"7";"21";"1";""
"202100010264";"183Â 358";"B01";"1";"2";"0";"2";"7";"17";"1";""
"202100010264";"183Â 359";"A01";"1";"7";"0";"2";"3";"15";"1";""
"202100010265";"183Â 356";"A01";"2";"7";"0";"9";"2";"2";"1";""
"202100010265";"183Â 357";"B01";"2";"50";"0";"2";"4";"2";"3";""
"202100010266";"183Â 355";"A01";"1";"33";"0";"1";"1";"1";"1";""
"202100010267";"183Â 354";"A01";"1";"33";"0";"4";"1";"1";"1";""
"202100010268";"183Â 352";"A01";"2";"7";"0";"2";"2";"1";"1";""
"202100010268";"183Â 353";"B01";"1";"7";"0";"2";"6";"15";"1";""
"202100010269";"183Â 351";"A01";"1";"7";"0";"1";"1";"16";"1";""
"202100010270";"183Â 349";"A01";"2";"7";"0";"2";"3";"9";"1";""
"202100010270";"183Â 350";"B01";"2";"2";"0";"2";"1";"1";"3";""
"202100010271";"183Â 347";"B01";"2";"7";"0";"2";"1";"1";"1";""
"202100010271";"183Â 348";"A01";"1";"7";"0";"2";"5";"19";"1";""
"202100010272";"183Â 346";"A01";"2";"7";"0";"1";"3";"1";"1";""
"202100010273";"183Â 344";"B01";"2";"7";"0";"2";"4";"2";"1";""
"202100010273";"183Â 345";"A01";"2";"7";"0";"2";"1";"2";"1";""
"202100010274";"183Â 342";"B01";"3";"33";"0";"2";"7";"17";"1";""
"202100010274";"183Â 343";"A01";"3";"7";"0";"2";"8";"15";"1";""
"202100010275";"183Â 340";"A01";"1";"7";"0";"2";"2";"1";"1";""
"202100010275";"183Â 341";"B01";"1";"7";"0";"2";"3";"1";"1";""
"202100010276";"183Â 338";"B01";"1";"2";"0";"2";"1";"1";"1";""
"202100010276";"183Â 339";"A01";"1";"21";"0";"2";"7";"9";"1";""
"202100010277";"183Â 337";"A01";"3";"7";"0";"1";"3";"1";"1";""
"202100010278";"183Â 335";"A01";"3";"13";"0";"1";"3";"19";"1";""
"202100010279";"183Â 334";"A01";"1";"7";"0";"2";"2";"16";"1";""
"202100010280";"183Â 332";"B01";"0";"80";"0";"2";"4";"26";"3";""
"202100010280";"183Â 333";"A01";"0";"7";"0";"0";"0";"0";"1";""
"202100010281";"183Â 331";"A01";"2";"7";"0";"1";"1";"1";"2";""
"202100010282";"183Â 329";"A01";"2";"1";"0";"2";"1";"1";"5";""
"202100010282";"183Â 330";"B01";"3";"7";"0";"2";"7";"1";"1";""
"202100010283";"183Â 327";"A01";"2";"7";"0";"9";"2";"17";"0";""
"202100010283";"183Â 328";"B01";"2";"1";"0";"2";"3";"2";"0";""
"202100010284";"183Â 325";"A01";"2";"7";"0";"2";"3";"15";"1";""
"202100010284";"183Â 326";"B01";"1";"33";"0";"2";"3";"1";"1";""
"202100010285";"183Â 323";"B01";"1";"32";"0";"2";"7";"9";"1";""
"202100010285";"183Â 324";"A01";"2";"7";"0";"2";"2";"9";"1";""
"202100010286";"183Â 321";"B01";"1";"37";"0";"2";"1";"15";"1";"1"
"202100010286";"183Â 322";"A01";"2";"7";"0";"2";"3";"19";"1";""
"202100010287";"183Â 320";"A01";"2";"7";"0";"1";"2";"21";"1";""
"202100010288";"183Â 318";"A01";"1";"50";"0";"2";"1";"19";"3";""
"202100010288";"183Â 319";"B01";"1";"7";"0";"2";"8";"1";"1";""
"202100010289";"183Â 316";"B01";"2";"7";"0";"2";"7";"1";"1";""
"202100010289";"183Â 317";"A01";"1";"7";"0";"2";"1";"1";"1";""
"202100010290";"183Â 314";"A01";"2";"7";"0";"2";"1";"1";"1";""
"202100010290";"183Â 315";"B01";"2";"10";"0";"2";"2";"15";"1";""
"202100010291";"183Â 311";"A01";"1";"7";"0";"2";"1";"1";"1";""
"202100010291";"183Â 312";"B01";"1";"7";"0";"2";"4";"1";"1";""
"202100010291";"183Â 313";"C01";"1";"7";"0";"2";"5";"2";"1";""
"202100010292";"183Â 309";"B01";"3";"7";"0";"2";"6";"1";"1";""
"202100010292";"183Â 310";"A01";"3";"30";"0";"2";"1";"5";"1";""
"202100010293";"183Â 308";"A01";"3";"33";"0";"0";"7";"16";"1";""
"202100010294";"183Â 306";"A01";"2";"7";"0";"2";"1";"2";"1";""
"202100010294";"183Â 307";"B01";"2";"10";"0";"2";"5";"16";"1";""
"202100010295";"183Â 302";"D01";"2";"7";"0";"2";"4";"1";"1";""
"202100010295";"183Â 303";"A01";"2";"10";"0";"2";"1";"1";"1";""
"202100010295";"183Â 304";"B01";"2";"7";"4";"0";"4";"1";"1";""
"202100010295";"183Â 305";"C01";"2";"7";"0";"2";"4";"1";"1";""
"202100010296";"183Â 300";"A01";"3";"99";"0";"2";"1";"5";"1";""
"202100010296";"183Â 301";"B01";"3";"7";"0";"2";"2";"16";"1";""
"202100010297";"183Â 299";"A01";"1";"7";"0";"1";"2";"26";"1";""
"202100010298";"183Â 298";"A01";"0";"7";"9";"0";"1";"1";"1";""
"202100010299";"183Â 296";"Z01";"1";"7";"0";"2";"2";"14";"1";""
"202100010299";"183Â 297";"B01";"1";"1";"0";"2";"3";"26";"5";""
"202100010300";"183Â 294";"B01";"1";"1";"0";"2";"7";"1";"5";""
"202100010300";"183Â 295";"A01";"3";"7";"0";"2";"1";"16";"1";""
"202100010301";"183Â 292";"B01";"1";"1";"0";"0";"4";"2";"5";""
"202100010301";"183Â 293";"A01";"1";"7";"0";"2";"1";"1";"1";""
"202100010302";"183Â 290";"B01";"3";"32";"0";"2";"1";"1";"1";""
"202100010302";"183Â 291";"A01";"3";"7";"0";"2";"5";"15";"1";""
"202100010303";"183Â 289";"A01";"1";"10";"0";"1";"4";"20";"1";""
"202100010304";"183Â 287";"B01";"1";"7";"0";"2";"2";"15";"1";""
"202100010304";"183Â 288";"A01";"1";"7";"0";"2";"3";"1";"1";""
"202100010305";"183Â 284";"C01";"2";"1";"0";"2";"4";"1";"5";""
"202100010305";"183Â 285";"B01";"2";"1";"0";"2";"4";"1";"5";""
"202100010305";"183Â 286";"A01";"2";"10";"0";"9";"1";"26";"1";""
"202100010306";"183Â 281";"B01";"0";"7";"7";"2";"3";"1";"1";""
"202100010306";"183Â 282";"C01";"0";"7";"0";"2";"1";"23";"1";""
"202100010306";"183Â 283";"A01";"1";"37";"0";"2";"1";"19";"1";"1"
"202100010307";"183Â 280";"A01";"1";"7";"0";"1";"3";"9";"1";""
"202100010308";"183Â 279";"A01";"1";"7";"0";"1";"3";"26";"1";""
"202100010309";"183Â 277";"B01";"1";"33";"0";"2";"7";"26";"1";""
"202100010309";"183Â 278";"A01";"1";"7";"0";"2";"6";"26";"1";""
"202100010310";"183Â 276";"A01";"1";"30";"0";"0";"7";"26";"1";""
"202100010311";"183Â 275";"A01";"1";"7";"0";"0";"0";"26";"1";""
"202100010312";"183Â 274";"A01";"1";"7";"2";"0";"1";"26";"1";""
"202100010313";"183Â 272";"A01";"1";"2";"0";"2";"1";"1";"1";""
"202100010313";"183Â 273";"B01";"1";"10";"0";"2";"2";"15";"1";""
"202100010314";"183Â 270";"A01";"0";"7";"0";"2";"1";"1";"0";""
"202100010314";"183Â 271";"B01";"0";"1";"0";"2";"4";"16";"0";""
"202100010315";"183Â 268";"B01";"0";"1";"0";"2";"8";"16";"0";""
"202100010315";"183Â 269";"A01";"0";"7";"0";"2";"7";"16";"1";""
"202100010316";"183Â 267";"A01";"3";"7";"10";"0";"3";"13";"1";""
"202100010317";"183Â 265";"A01";"0";"30";"0";"2";"1";"1";"1";""
"202100010317";"183Â 266";"B01";"0";"7";"0";"2";"6";"15";"1";""
"202100010318";"183Â 263";"A01";"2";"7";"0";"2";"2";"1";"1";""
"202100010318";"183Â 264";"B01";"2";"1";"0";"2";"4";"1";"5";""
"202100010319";"183Â 261";"A01";"1";"2";"0";"2";"1";"1";"3";""
"202100010319";"183Â 262";"B01";"3";"1";"0";"2";"0";"19";"5";""
"202100010320";"183Â 259";"A01";"3";"7";"0";"2";"3";"1";"1";""
"202100010320";"183Â 260";"B01";"3";"50";"0";"2";"1";"11";"3";""
"202100010321";"183Â 258";"A01";"3";"10";"0";"1";"1";"15";"1";""
"202100010322";"183Â 256";"A01";"1";"7";"0";"9";"2";"2";"1";""
"202100010322";"183Â 257";"B01";"1";"50";"0";"2";"0";"2";"3";""
"202100010323";"183Â 254";"B01";"1";"33";"0";"2";"0";"1";"1";""
"202100010323";"183Â 255";"A01";"3";"14";"0";"2";"3";"9";"1";""
"202100010324";"183Â 250";"B01";"0";"7";"0";"0";"4";"1";"1";""
"202100010324";"183Â 251";"A01";"0";"7";"0";"0";"1";"1";"1";""
"202100010325";"183Â 248";"A01";"0";"7";"0";"2";"3";"15";"1";""
"202100010325";"183Â 249";"B01";"0";"7";"0";"2";"1";"0";"1";""
"202100010326";"183Â 242";"B01";"2";"30";"0";"2";"1";"1";"1";""
"202100010326";"183Â 243";"A01";"1";"7";"0";"2";"2";"15";"1";""
"202100010327";"183Â 240";"B01";"3";"7";"0";"2";"4";"1";"1";""
"202100010327";"183Â 241";"A01";"3";"7";"0";"2";"1";"1";"1";""
"202100010328";"183Â 239";"A01";"1";"7";"8";"0";"1";"1";"1";""
"202100010329";"183Â 237";"B01";"1";"7";"0";"2";"2";"1";"1";""
"202100010329";"183Â 238";"A01";"1";"7";"0";"2";"1";"10";"1";""
"202100010330";"183Â 236";"A01";"3";"10";"0";"1";"2";"1";"1";""
"202100010331";"183Â 234";"B01";"1";"7";"0";"2";"3";"1";"1";""
"202100010331";"183Â 235";"A01";"1";"7";"0";"2";"1";"11";"1";""
"202100010332";"183Â 232";"A01";"3";"7";"0";"2";"6";"1";"1";""
"202100010332";"183Â 233";"Z01";"3";"7";"0";"2";"2";"0";"0";""
"202100010333";"183Â 231";"A01";"2";"7";"0";"1";"1";"26";"2";""
"202100010334";"183Â 229";"B01";"2";"99";"0";"2";"1";"1";"3";""
"202100010334";"183Â 230";"A01";"1";"7";"0";"2";"3";"1";"1";""
"202100010335";"183Â 228";"A01";"1";"7";"0";"1";"7";"1";"1";""
"202100010336";"183Â 226";"A01";"1";"10";"0";"2";"2";"1";"1";""
"202100010336";"183Â 227";"B01";"1";"1";"0";"2";"0";"0";"0";""
"202100010337";"183Â 225";"A01";"1";"33";"0";"1";"1";"26";"1";""
"202100010338";"183Â 224";"A01";"3";"99";"0";"1";"1";"1";"3";""
"202100010339";"183Â 223";"A01";"1";"7";"0";"1";"1";"1";"3";""
"202100010340";"183Â 221";"B01";"1";"7";"0";"2";"4";"2";"1";""
"202100010340";"183Â 222";"A01";"1";"7";"0";"2";"1";"2";"1";""
"202100010341";"183Â 219";"Z01";"1";"17";"0";"2";"2";"14";"0";""
"202100010341";"183Â 220";"A01";"2";"7";"0";"2";"6";"1";"1";""
"202100010342";"183Â 218";"A01";"1";"50";"12";"0";"1";"14";"3";""
"202100010343";"183Â 216";"B01";"1";"33";"0";"2";"1";"1";"1";""
"202100010343";"183Â 217";"A01";"1";"10";"0";"2";"7";"14";"1";""
"202100010344";"183Â 214";"A01";"3";"30";"0";"2";"3";"1";"1";""
"202100010344";"183Â 215";"B01";"3";"1";"0";"2";"2";"1";"5";""
"202100010345";"183Â 212";"A01";"2";"10";"0";"2";"3";"9";"1";""
"202100010345";"183Â 213";"B01";"2";"50";"0";"2";"7";"1";"3";""
"202100010346";"183Â 211";"A01";"2";"7";"0";"1";"1";"15";"1";""
"202100010347";"183Â 209";"A01";"1";"1";"0";"2";"4";"19";"5";""
"202100010347";"183Â 210";"B01";"3";"33";"0";"2";"1";"1";"1";""
"202100010348";"183Â 208";"A01";"1";"30";"0";"0";"1";"21";"3";""
"202100010349";"183Â 206";"B01";"1";"1";"0";"2";"1";"1";"5";""
"202100010349";"183Â 207";"A01";"1";"43";"0";"2";"3";"9";"1";""
"202100010350";"183Â 205";"A01";"1";"34";"0";"0";"1";"16";"1";""
"202100010351";"183Â 203";"A01";"2";"33";"0";"2";"1";"1";"1";""
"202100010351";"183Â 204";"B01";"2";"7";"0";"2";"5";"1";"1";""
"202100010352";"183Â 201";"A01";"2";"30";"0";"2";"1";"2";"1";""
"202100010352";"183Â 202";"B01";"2";"10";"0";"2";"6";"23";"1";""
"202100010353";"183Â 200";"A01";"1";"30";"0";"1";"1";"1";"1";""
"202100010354";"183Â 199";"A01";"2";"32";"14";"0";"1";"21";"1";""
"202100010355";"183Â 198";"A01";"1";"50";"12";"0";"1";"14";"3";""
"202100010356";"183Â 196";"A01";"2";"7";"0";"2";"1";"10";"2";""
"202100010356";"183Â 197";"B01";"1";"34";"0";"2";"1";"1";"1";""
"202100010357";"183Â 193";"A01";"1";"7";"0";"2";"1";"9";"1";""
"202100010357";"183Â 194";"B01";"3";"7";"0";"2";"7";"1";"2";""
"202100010357";"183Â 195";"C01";"3";"7";"0";"2";"7";"1";"1";""
"202100010358";"183Â 191";"B01";"2";"32";"0";"2";"1";"2";"1";""
"202100010358";"183Â 192";"A01";"2";"7";"0";"2";"2";"15";"1";""
"202100010359";"183Â 190";"A01";"1";"7";"0";"1";"1";"15";"1";""
"202100010360";"183Â 189";"A01";"1";"7";"0";"1";"1";"1";"1";""
"202100010361";"183Â 187";"B01";"1";"37";"0";"2";"3";"15";"6";"1"