"Num_Acc";"id_vehicule";"num_veh";"senc";"catv";"obs";"obsm";"choc";"manv";"motor";"occutc"
"202100010361";"183Â 188";"A01";"2";"7";"0";"2";"3";"5";"1";""
"202100010362";"183Â 185";"B01";"1";"7";"0";"2";"8";"9";"1";""
"202100010362";"183Â 186";"A01";"1";"7";"0";"2";"3";"2";"1";""
"202100010363";"183Â 184";"A01";"2";"10";"0";"1";"4";"20";"1";""
"202100010364";"183Â 182";"B01";"1";"50";"0";"2";"7";"19";"3";""
"202100010364";"183Â 183";"A01";"2";"37";"15";"2";"1";"10";"1";"1"
"202100010365";"183Â 180";"A01";"2";"7";"0";"2";"1";"15";"1";""
"202100010365";"183Â 181";"B01";"2";"7";"0";"2";"3";"2";"1";""
"202100010366";"183Â 178";"A01";"1";"7";"0";"0";"2";"15";"1";""
"202100010366";"183Â 179";"B01";"2";"33";"0";"0";"1";"0";"1";""
"202100010367";"183Â 177";"A01";"3";"7";"12";"0";"1";"15";"1";""
"202100010368";"183Â 175";"B01";"0";"7";"0";"2";"2";"1";"1";""
"202100010368";"183Â 176";"A01";"3";"7";"0";"2";"8";"16";"1";""
"202100010369";"183Â 173";"B01";" -1";"0";"0";"2";"0";"0";"0";""
"202100010369";"183Â 174";"A01";"1";"3";"0";"2";"6";"16";"0";""
"202100010370";"183Â 172";"A01";" -1";"33";"0";"1";"2";"1";"1";""
"202100010371";"183Â 170";"A01";"1";"7";"0";"2";"7";"1";"1";""
"202100010371";"183Â 171";"B01";"2";"7";"0";"2";"1";"1";"1";""
"202100010372";"183Â 168";"B01";"2";"1";"0";"2";"1";"1";"5";""
"202100010372";"183Â 169";"A01";"2";"37";"0";"2";"7";"16";"1";"1"
"202100010373";"183Â 167";"A01";"2";"7";"0";"1";"2";"1";"1";""
"202100010374";"183Â 165";"A01";"1";"7";"0";"2";"2";"19";"1";""
"202100010374";"183Â 166";"B01";"1";"33";"0";"2";"1";"19";"1";""
"202100010375";"183Â 163";"A01";"3";"7";"0";"2";"3";"9";"1";""
"202100010375";"183Â 164";"B01";"2";"2";"0";"2";"1";"2";"1";""
"202100010376";"183Â 161";"B01";"3";"50";"0";"2";"1";"26";"3";""
"202100010376";"183Â 162";"A01";"3";"7";"0";"2";"2";"16";"6";""
"202100010377";"183Â 160";"A01";" -1";"37";"0";"1";"3";"26";"2";"11"
"202100010378";"183Â 159";"A01";"1";"7";"0";"1";"3";"0";"6";""
"202100010379";"183Â 158";"A01";"1";"7";"0";"1";"1";"1";"1";""
"202100010380";"183Â 154";"D01";"1";"7";"0";"2";"4";"2";"0";""
"202100010380";"183Â 155";"C01";"1";"7";"0";"2";"1";"2";"0";""
"202100010380";"183Â 156";"B01";"1";"7";"0";"2";"5";"2";"0";""
"202100010380";"183Â 157";"A01";"1";"7";"9";"0";"6";"13";"0";""
"202100010381";"183Â 152";"B01";"1";"1";"1";"0";"1";"2";"5";""
"202100010381";"183Â 153";"A01";"1";"7";"1";"0";"8";"24";"1";""
"202100010382";"183Â 151";"A01";"1";"32";"9";"0";"2";"1";"1";""
"202100010383";"183Â 150";"A01";"2";"30";"0";"0";"8";"26";"1";""
"202100010384";"183Â 149";"A01";"1";"30";"0";"0";"0";"0";"1";""
"202100010385";"183Â 148";"A01";"2";"30";"0";"0";"0";"26";"4";""
"202100010386";"183Â 147";"A01";"2";"50";"0";"1";"1";"1";"3";""
"202100010387";"183Â 146";"A01";"1";"34";"0";"1";"3";"26";"1";""
"202100010388";"183Â 145";"A01";"1";"30";"0";"0";"3";"1";"3";""
"202100010389";"183Â 143";"A01";"1";"7";"0";"2";"2";"23";"2";""
"202100010389";"183Â 144";"B01";"1";"50";"14";"2";"1";"1";"3";""
"202100010390";"183Â 141";"A01";"2";"7";"12";"2";"1";"13";"1";""
"202100010390";"183Â 142";"B01";"1";"7";"0";"2";"8";"1";"1";""
"202100010391";"183Â 139";"A01";"2";"7";"9";"2";"0";"1";"1";""
"202100010391";"183Â 140";"B01";"2";"7";"0";"0";"5";"19";"1";""
"202100010392";"183Â 138";"A01";"1";"7";"0";"0";"0";"1";"1";""
"202100010393";"183Â 135";"C01";"1";"7";"0";"2";"1";"17";"1";""
"202100010393";"183Â 136";"B01";"1";"10";"0";"2";"6";"23";"1";""
"202100010393";"183Â 137";"A01";"1";"7";"1";"0";"9";"1";"1";""
"202100010394";"183Â 133";"A01";"1";"7";"0";"2";"3";"0";"1";""
"202100010394";"183Â 134";"B01";"2";"31";"0";"2";"3";"17";"1";""
"202100010395";"183Â 129";"A01";"1";"10";"8";"0";"1";"13";"1";""
"202100010396";"183Â 128";"A01";"2";"7";"3";"0";"1";"0";"1";""
"202100010397";"183Â 127";"A01";"1";"7";"1";"0";"2";"1";"1";""
"202100010398";"183Â 125";"B01";"2";"7";"0";"2";"4";"2";"1";""
"202100010398";"183Â 126";"A01";"2";"13";"0";"2";"3";"2";"0";""
"202100010399";"183Â 124";"A01";"2";"1";"0";"0";"0";"1";"5";""
"202100010400";"183Â 123";"A01";"2";"7";"2";"0";"1";"3";"1";""
"202100010401";"183Â 122";"A01";"2";"7";"15";"0";"1";"1";"1";""
"202100010402";"183Â 120";"B01";"1";"10";"0";"2";"2";"1";"1";""
"202100010402";"183Â 121";"A01";"2";"7";"1";"2";"9";"14";"1";""
"202100010403";"183Â 119";"A01";"1";"33";"0";"0";"0";"1";"1";""
"202100010404";"183Â 118";"A01";"1";"7";"6";"0";"5";"1";"1";""
"202100010405";"183Â 117";"A01";"2";"10";"13";"0";"2";"1";"1";""
"202100010406";"183Â 116";"A01";"3";"7";"1";"0";"2";"1";"1";""
"202100010407";"183Â 115";"A01";"1";"7";"14";"0";"9";"13";"1";""
"202100010408";"183Â 113";"B01";"1";"1";"0";"2";"3";"16";"5";""
"202100010408";"183Â 114";"A01";"1";"7";"0";"9";"2";"16";"0";""
"202100010409";"183Â 111";"A01";"1";"33";"0";"0";"9";"21";"1";""
"202100010409";"183Â 112";"B01";"2";"7";"0";"0";"0";"10";"1";""
"202100010410";"183Â 109";"A01";"1";"7";"0";"2";"8";"1";"1";""
"202100010410";"183Â 110";"B01";"1";"33";"11";"2";"0";"1";"1";""
"202100010411";"183Â 108";"A01";"3";"7";"0";"1";"2";"1";"1";""
"202100010412";"183Â 107";"A01";"1";"7";"2";"0";"2";"1";"1";""
"202100010413";"183Â 106";"A01";"0";"2";"3";"0";"3";"13";"1";""
"202100010414";"183Â 105";"A01";"2";"33";"13";"0";"1";"13";"1";""
"202100010415";"183Â 104";"A01";"2";"7";"6";"0";"1";"5";"1";""
"202100010416";"183Â 102";"A01";"1";"7";"2";"2";"8";"13";"1";""
"202100010416";"183Â 103";"B01";"2";"7";"2";"2";"8";"1";"1";""
"202100010417";"183Â 101";"A01";"2";"7";"16";"0";"0";"21";"1";""
"202100010418";"183Â 100";"A01";"1";"7";"13";"0";"1";"26";"1";""
"202100010419";"183Â 099";"A01";"2";"10";"6";"0";"2";"1";"1";""
"202100010420";"183Â 098";"A01";"2";"7";"0";"1";"2";"1";"1";""
"202100010421";"183Â 097";"A01";"1";"17";"15";"0";"0";"14";"1";""
"202100010422";"183Â 095";"A01";"1";"33";"11";"2";"1";"12";"1";""
"202100010422";"183Â 096";"B01";"2";"7";"0";"0";"3";"1";"1";""
"202100010423";"183Â 093";"A01";"1";"7";"0";"2";"1";"17";"1";""
"202100010423";"183Â 094";"B01";"1";"2";"0";"2";"7";"19";"1";""
"202100010424";"183Â 091";"B01";"1";"7";"0";"0";"4";"23";"1";""
"202100010424";"183Â 092";"A01";"1";"32";"0";"2";"1";"2";"1";""
"202100010425";"183Â 089";"A01";"1";"2";"0";"2";"2";"1";"0";""
"202100010425";"183Â 090";"B01";"2";"2";"0";"2";"3";"15";"0";""
"202100010426";"183Â 087";"B01";"1";"7";"0";"0";"4";"2";"1";""
"202100010426";"183Â 088";"A01";"1";"7";"0";"2";"1";"3";"0";""
"202100010427";"183Â 085";"A01";"2";"7";"3";"2";"1";"1";"2";""
"202100010427";"183Â 086";"B01";"1";"7";"1";"0";"3";"1";"1";""
"202100010428";"183Â 082";"A01";"1";"7";"4";"2";"2";"26";"1";""
"202100010428";"183Â 083";"B01";"1";"7";"0";"2";"1";"1";"1";""
"202100010428";"183Â 084";"C01";"1";"15";"0";"0";"0";"23";"1";""
"202100010429";"183Â 080";"B01";"1";"7";"4";"0";"5";"1";"1";""
"202100010429";"183Â 081";"A01";"1";"7";"0";"2";"3";"26";"0";""
"202100010430";"183Â 078";"B01";"1";"7";"0";"2";"4";"1";"1";""
"202100010430";"183Â 079";"A01";"1";"7";"0";"2";"1";"1";"1";""
"202100010431";"183Â 076";"B01";"1";"7";"0";"2";"7";"9";"1";""
"202100010431";"183Â 077";"A01";"1";"7";"0";"2";"1";"1";"1";""
"202100010432";"183Â 074";"B01";"1";"10";"0";"2";"1";"1";"1";""
"202100010432";"183Â 075";"A01";"1";"7";"0";"0";"4";"23";"1";""
"202100010433";"183Â 073";"A01";"2";"7";"2";"0";"2";"1";"1";""
"202100010434";"183Â 071";"A01";"1";"7";"0";"2";"3";"0";"1";""
"202100010434";"183Â 072";"B01";"2";"7";"0";"2";"3";"0";"1";""
"202100010435";"183Â 070";"A01";"1";"7";"0";"0";"0";"1";"1";""
"202100010436";"183Â 067";"A01";"3";"7";"0";"2";"1";"13";"1";""
"202100010436";"183Â 068";"B01";"3";"7";"0";"2";"8";"1";"1";""
"202100010436";"183Â 069";"C01";"3";"33";"0";"2";"1";"1";"1";""
"202100010437";"183Â 066";"A01";"2";"7";"13";"0";"1";"0";"1";""
"202100010438";"183Â 064";"A01";"1";"10";"0";"2";"1";"19";"1";""
"202100010438";"183Â 065";"B01";"1";"7";"0";"2";"2";"1";"1";""
"202100010439";"183Â 063";"A01";"2";"7";"0";"1";"1";"1";"1";""
"202100010440";"183Â 061";"A01";"2";"7";"0";"2";"1";"13";"1";""
"202100010440";"183Â 062";"B01";"1";"7";"0";"2";"1";"1";"1";""
"202100010441";"183Â 060";"A01";"1";"7";"0";"1";"1";"1";"1";""
"202100010442";"183Â 058";"A01";"3";"7";"0";"2";"3";"1";"1";""
"202100010442";"183Â 059";"B01";"3";"50";"0";"2";"7";"19";"3";""
"202100010443";"183Â 056";"B01";"1";"1";"0";"2";"5";"1";"5";""
"202100010443";"183Â 057";"A01";"2";"7";"0";"9";"3";"9";"1";""
"202100010444";"183Â 054";"A01";"3";"7";"0";"2";"1";"1";"1";""
"202100010444";"183Â 055";"B01";"3";"7";"1";"2";"1";"1";"1";""
"202100010445";"183Â 052";"A01";"3";"7";"0";"2";"3";"17";"1";""
"202100010445";"183Â 053";"B01";"3";"7";"0";"2";"3";"1";"1";""
"202100010446";"183Â 050";"A01";"2";"7";"0";"2";"1";"1";"1";""
"202100010446";"183Â 051";"B01";"2";"7";"0";"2";"7";"1";"1";""
"202100010447";"183Â 049";"A01";"1";"7";"2";"0";"1";"1";"1";""
"202100010448";"183Â 046";"A01";"1";"7";"0";"2";"1";"1";"1";""
"202100010448";"183Â 047";"B01";"2";"7";"0";"2";"1";"1";"1";""
"202100010449";"183Â 044";"A01";"2";"7";"0";"2";"4";"0";"1";""
"202100010449";"183Â 045";"B01";"2";"10";"0";"2";"1";"0";"1";""
"202100010450";"183Â 042";"A01";"1";"33";"0";"2";"5";"1";"1";""
"202100010450";"183Â 043";"Z01";"1";"0";"0";"2";"3";"0";"0";""
"202100010451";"183Â 040";"Z01";"2";"7";"0";"2";"1";"2";"0";""
"202100010451";"183Â 041";"B01";"2";"7";"0";"2";"4";"2";"1";""
"202100010452";"183Â 038";"B01";"2";"7";"0";"2";"4";"2";"2";""
"202100010452";"183Â 039";"A01";"2";"7";"0";"2";"1";"2";"1";""
"202100010453";"183Â 036";"B01";"2";"32";"0";"2";"8";"1";"1";""
"202100010453";"183Â 037";"A01";"2";"7";"0";"2";"7";"14";"1";""
"202100010454";"183Â 035";"A01";"2";"15";"0";"0";"1";"1";"1";""
"202100010455";"183Â 033";"B01";"2";"33";"0";"2";"3";"3";"1";""
"202100010455";"183Â 034";"A01";"2";"7";"0";"2";"2";"12";"1";""
"202100010456";"183Â 031";"A01";"1";"7";"0";"2";"3";"1";"1";""
"202100010456";"183Â 032";"B01";"1";"7";"0";"2";"7";"12";"1";""
"202100010457";"183Â 029";"B01";"1";"7";"0";"2";"4";"2";"1";""
"202100010457";"183Â 030";"A01";"1";"31";"0";"2";"1";"2";"1";""
"202100010458";"183Â 028";"A01";"2";"43";"0";"0";"0";"1";"1";""
"202100010459";"183Â 026";"B01";"2";"10";"0";"2";"8";"1";"1";""
"202100010459";"183Â 027";"A01";"2";"31";"0";"2";"7";"3";"1";""
"202100010460";"183Â 025";"A01";"2";"7";"0";"0";"0";"0";"0";""
"202100010461";"183Â 024";"A01";"2";"7";"4";"0";"1";"1";"1";""
"202100010462";"183Â 022";"A01";"1";"33";"0";"2";"7";"14";"1";""
"202100010462";"183Â 023";"B01";"1";"7";"0";"2";"8";"2";"1";""
"202100010463";"183Â 021";"A01";"1";"14";"0";"9";"7";"17";"6";""
"202100010464";"183Â 019";"A01";"2";"7";"0";"2";"2";"1";"1";""
"202100010464";"183Â 020";"B01";"2";"7";"0";"2";"6";"1";"1";""
"202100010465";"183Â 018";"Z01";"2";"32";"0";"1";"0";"17";"1";""
"202100010466";"183Â 014";"E01";"2";"7";"0";"2";"1";"2";"1";""
"202100010466";"183Â 015";"C01";"2";"7";"0";"0";"0";"1";"1";""
"202100010466";"183Â 016";"B01";"2";"7";"0";"2";"8";"1";"1";""
"202100010466";"183Â 017";"A01";"2";"7";"0";"2";"7";"14";"1";""
"202100010467";"183Â 013";"A01";"3";"7";"0";"2";"0";"0";"1";""
"202100010468";"183Â 011";"A01";"3";"7";"0";"2";"2";"19";"1";""
"202100010468";"183Â 012";"B01";"3";"1";"0";"2";"7";"5";"5";""
"202100010469";"183Â 009";"B01";"1";"2";"0";"2";"1";"18";"1";""
"202100010469";"183Â 010";"A01";"2";"7";"0";"2";"5";"0";"1";""
"202100010470";"183Â 007";"A01";"3";"7";"0";"2";"8";"15";"1";""
"202100010470";"183Â 008";"B01";"3";"1";"0";"2";"1";"1";"5";""
"202100010471";"183Â 006";"A01";"1";"7";"0";"1";"2";"1";"1";""
"202100010472";"183Â 005";"A01";"1";"43";"0";"1";"2";"1";"1";""
"202100010473";"183Â 003";"B01";"1";"1";"1";"0";"1";"1";"2";""
"202100010473";"183Â 004";"A01";"1";"1";"1";"2";"7";"9";"5";""
"202100010474";"183Â 001";"A01";"3";"7";"0";"2";"0";"0";"0";""
"202100010474";"183Â 002";"B01";"1";"99";"0";"2";"5";"2";"0";""
"202100010475";"183Â 000";"A01";"1";"7";"0";"1";"2";"1";"1";""
"202100010476";"182Â 998";"A01";"3";"7";"0";"2";"2";"13";"1";""
"202100010476";"182Â 999";"B01";"0";"1";"0";"2";"7";"13";"5";""
"202100010477";"182Â 996";"B01";"1";"7";"0";"2";"0";"15";"1";""
"202100010477";"182Â 997";"A01";"1";"7";"0";"2";"2";"12";"1";""
"202100010478";"182Â 993";"C01";"1";"7";"0";"2";"1";"1";"1";""
"202100010478";"182Â 994";"A01";"2";"31";"0";"2";"2";"1";"1";""
"202100010478";"182Â 995";"B01";"1";"7";"0";"2";"5";"16";"1";""
"202100010479";"182Â 991";"B01";"2";"2";"0";"0";"1";"0";"1";""
"202100010479";"182Â 992";"A01";"2";"7";"0";"2";"4";"1";"1";""
"202100010480";"182Â 990";"A01";"2";"7";"0";"1";"8";"16";"1";""
"202100010481";"182Â 989";"A01";"1";"7";"0";"1";"1";"26";"1";""
"202100010482";"182Â 987";"B01";"1";"15";"0";"2";"2";"1";"0";""
"202100010482";"182Â 988";"A01";"1";"7";"0";"2";"6";"16";"1";""
"202100010483";"182Â 986";"A01";"1";"7";"0";"1";"1";"1";"1";""
"202100010484";"182Â 984";"A01";"2";"10";"0";"2";"1";"9";"1";""
"202100010484";"182Â 985";"B01";"3";"2";"0";"2";"7";"1";"1";""
"202100010485";"182Â 982";"A01";"2";"50";"0";"2";"1";"1";"3";""
"202100010485";"182Â 983";"B01";"2";"7";"0";"2";"3";"1";"1";""
"202100010486";"182Â 981";"A01";"3";"7";"2";"0";"1";"1";"1";""
"202100010487";"182Â 979";"B01";"0";"2";"0";"2";"1";"1";"1";""
"202100010487";"182Â 980";"A01";"0";"10";"0";"2";"2";"15";"1";""
"202100010488";"182Â 976";"A01";"1";"7";"0";"2";"1";"13";"1";""
"202100010488";"182Â 977";"B01";"2";"7";"0";"2";"8";"0";"1";""
"202100010489";"182Â 974";"B01";"0";"7";"0";"2";"2";"1";"0";""
"202100010489";"182Â 975";"A01";"0";"31";"0";"2";"1";"7";"1";""
"202100010490";"182Â 973";"A01";"0";"7";"0";"1";"1";"1";"1";""
"202100010491";"182Â 970";"B01";"1";"33";"0";"2";"1";"1";"1";""
"202100010491";"182Â 971";"A01";"2";"7";"0";"2";"2";"15";"1";""
"202100010492";"182Â 968";"A01";"2";"1";"0";"2";"1";"2";"5";""
"202100010492";"182Â 969";"B01";"2";"14";"0";"2";"4";"2";"1";""
"202100010493";"182Â 967";"A01";"1";"7";"0";"1";"1";"15";"1";""
"202100010494";"182Â 963";"A01";"2";"7";"0";"2";"3";"9";"1";""
"202100010494";"182Â 964";"B01";"2";"31";"0";"2";"2";"1";"1";""
"202100010495";"182Â 960";"A01";"3";"7";"0";"2";"4";"1";"1";""
"202100010495";"182Â 961";"B01";"3";"7";"0";"2";"3";"1";"1";""
"202100010495";"182Â 962";"Z01";"3";"7";"0";"2";"0";"0";"1";""
"202100010496";"182Â 959";"A01";"1";"33";"0";"0";"0";"0";"1";""
"202100010497";"182Â 957";"B01";"0";"7";"0";"2";"7";"16";"1";""
"202100010497";"182Â 958";"A01";"2";"10";"0";"2";"3";"9";"1";""
"202100010498";"182Â 956";"A01";"1";"33";"0";"2";"7";"14";"1";""
"202100010499";"182Â 954";"A01";"1";"7";"0";"2";"3";"15";"1";""
"202100010499";"182Â 955";"B01";"2";"7";"0";"2";"0";"0";"1";""
"202100010500";"182Â 953";"A01";"1";"30";"0";"0";"0";"26";"1";""
"202100010501";"182Â 952";"A01";"1";"7";"0";"1";"1";"26";"1";""
"202100010502";"182Â 950";"A01";"3";"7";"0";"2";"1";"13";"1";""
"202100010502";"182Â 951";"B01";"3";"7";"0";"2";"3";"1";"1";""
"202100010503";"182Â 949";"A01";"2";"7";"0";"1";"1";"15";"1";""
"202100010504";"182Â 948";"A01";"1";"7";"8";"0";"1";"1";"1";""
"202100010505";"182Â 947";"A01";"3";"7";"0";"1";"1";"16";"0";""
"202100010506";"182Â 944";"C01";"2";"7";"0";"2";"4";"23";"1";""
"202100010506";"182Â 945";"B01";"2";"7";"0";"2";"4";"2";"1";""
"202100010506";"182Â 946";"A01";"2";"7";"0";"2";"1";"2";"1";""
"202100010507";"182Â 942";"A01";"3";"80";"0";"2";"1";"26";"3";""
"202100010507";"182Â 943";"B01";"2";"7";"0";"9";"8";"9";"1";""
"202100010508";"182Â 940";"A01";"2";"30";"0";"2";"0";"15";"1";""
"202100010508";"182Â 941";"B01";"2";"7";"0";"2";"3";"15";"2";""
"202100010509";"182Â 938";"A01";"2";"7";"0";"2";"2";"15";"0";""
"202100010509";"182Â 939";"B01";"1";"1";"0";"2";"1";"1";" -1";""
"202100010510";"182Â 936";"A01";"1";"7";"0";"2";"3";"26";"0";""
"202100010510";"182Â 937";"B01";"2";"50";"0";"2";"0";"0";"3";""
"202100010511";"182Â 935";"A01";"1";"7";"0";"1";"1";"1";"1";""
"202100010512";"182Â 934";"A01";"1";"10";"0";"1";"2";"16";"1";""
"202100010513";"182Â 932";"B01";"1";"33";"0";"2";"7";"1";"1";""
"202100010513";"182Â 933";"A01";"2";"7";"0";"2";"1";"0";"1";""
"202100010514";"182Â 931";"A01";"2";"7";"0";"1";"1";"1";"1";""
"202100010515";"182Â 929";"A01";"3";"7";"0";"2";"1";"13";"1";""
"202100010515";"182Â 930";"B01";"1";"17";"0";"2";"1";"1";"1";""
"202100010516";"182Â 928";"A01";"3";"7";"15";"1";"1";"26";"1";""
"202100010517";"182Â 927";"A01";"3";"7";"0";"1";"1";"26";"1";""
"202100010518";"182Â 926";"A01";"2";"3";"0";"1";"2";"19";"1";""
"202100010519";"182Â 924";"A01";"2";"7";"0";"2";"1";"15";"2";""
"202100010519";"182Â 925";"B01";"2";"1";"0";"2";"7";"1";"5";""
"202100010520";"182Â 921";"C01";"2";"7";"0";"2";"3";"1";"1";""
"202100010520";"182Â 922";"B01";"1";"7";"0";"2";"7";"1";"1";""
"202100010520";"182Â 923";"A01";"1";"7";"0";"2";"1";"15";"1";""
"202100010521";"182Â 919";"B01";"1";"7";"0";"2";"8";"26";"1";""
"202100010521";"182Â 920";"A01";"1";"15";"0";"2";"2";"26";"1";""
"202100010522";"182Â 918";"A01";"1";"10";"0";"0";"3";"20";"1";""
"202100010523";"182Â 916";"A01";"1";"7";"0";"2";"3";"26";"1";""
"202100010523";"182Â 917";"B01";"1";"1";"0";"2";"2";"1";"5";""
"202100010524";"182Â 914";"A01";"1";"7";"0";"2";"2";"15";"1";""
"202100010524";"182Â 915";"B01";"1";"31";"0";"2";"1";"26";"1";""
"202100010525";"182Â 912";"B01";"1";"1";"0";"2";"2";"26";"5";""
"202100010525";"182Â 913";"A01";"1";"30";"0";"2";"0";"26";"1";""
"202100010526";"182Â 910";"A01";"3";"7";"0";"2";"8";"16";"1";""
"202100010526";"182Â 911";"B01";"3";"50";"0";"2";"1";"0";"3";""
"202100010527";"182Â 909";"A01";"3";"33";"0";"9";"1";"1";"1";""
"202100010528";"182Â 908";"A01";"1";"7";"6";"0";"1";"1";"1";""
"202100010529";"182Â 907";"A01";"1";"7";"0";"1";"1";"19";"1";""
"202100010530";"182Â 906";"A01";"0";"7";"1";"0";"1";"13";"1";""
"202100010531";"182Â 904";"A01";"2";"7";"0";"2";"2";"11";"1";""
"202100010531";"182Â 905";"B01";"2";"7";"0";"2";"2";"1";"1";""
"202100010532";"182Â 902";"B01";"2";"37";"8";"1";"2";"1";"1";"1"
"202100010532";"182Â 903";"A01";"3";"60";"9";"2";"8";"19";"5";""
"202100010533";"182Â 901";"A01";"2";"7";"0";"1";"1";"19";"1";""
"202100010534";"182Â 899";"A01";"1";"31";"0";"2";"1";"15";"1";""
"202100010534";"182Â 900";"B01";"1";"33";"0";"2";"1";"1";"1";""
"202100010535";"182Â 897";"B01";"3";"7";"0";"2";"4";"26";"1";""
"202100010535";"182Â 898";"A01";"3";"7";"0";"2";"1";"26";"1";""
"202100010536";"182Â 895";"B01";"2";"33";"0";"2";"8";"1";"1";""
"202100010536";"182Â 896";"A01";"3";"14";"0";"2";"2";"15";"1";""
"202100010537";"182Â 893";"B01";"3";"7";"0";"2";"2";"1";"1";""
"202100010537";"182Â 894";"A01";"3";"7";"0";"2";"3";"9";"1";""
"202100010538";"182Â 891";"A01";"2";"30";"0";"2";"2";"21";"1";""
"202100010538";"182Â 892";"B01";"0";"7";"0";"0";"5";"1";"3";""
"202100010539";"182Â 889";"A01";"0";"34";"0";"2";"1";"1";"1";""
"202100010539";"182Â 890";"B01";"0";"7";"0";"2";"3";"0";"1";""
"202100010540";"182Â 885";"B01";"2";"13";"0";"2";"2";"1";"1";""
"202100010540";"182Â 886";"A01";"1";"7";"0";"2";"3";"15";"1";""
"202100010541";"182Â 883";"B01";"2";"7";"0";"2";"6";"10";"1";""
"202100010541";"182Â 884";"A01";"2";"32";"0";"2";"1";"1";"1";""
"202100010542";"182Â 882";"Z01";"1";"30";"0";"1";"1";"26";"1";""
"202100010543";"182Â 881";"A01";"3";"7";"0";"0";"0";"0";"0";""
"202100010544";"182Â 879";"B01";"1";"7";"0";"2";"4";"1";"1";""
"202100010544";"182Â 880";"A01";"1";"7";"0";"2";"1";"1";"1";""
"202100010545";"182Â 877";"A01";"2";"7";"0";"9";"2";"1";"1";""
"202100010545";"182Â 878";"B01";"3";"50";"0";"2";"8";"19";"3";""
"202100010546";"182Â 875";"A01";"2";"14";"0";"2";"1";"1";"1";""
"202100010546";"182Â 876";"B01";"2";"17";"0";"2";"4";"1";"1";""
"202100010547";"182Â 873";"A01";"1";"33";"0";"2";"3";"9";"1";""
"202100010547";"182Â 874";"B01";"1";"7";"0";"2";"2";"1";"1";""
"202100010548";"182Â 872";"A01";"3";"80";"0";"1";"3";"1";"3";""
"202100010549";"182Â 871";"A01";"1";"33";"0";"0";"1";"1";"1";""
"202100010550";"182Â 869";"A01";"1";"7";"0";"2";"1";"10";"1";""
"202100010550";"182Â 870";"B01";"1";"33";"0";"2";"1";"17";"1";""
"202100010551";"182Â 868";"A01";"1";"7";"0";"1";"1";"1";"1";""
"202100010552";"182Â 867";"A01";"2";"7";"0";"1";"3";"1";"1";""
"202100010553";"182Â 866";"A01";"2";"7";"0";"1";"2";"1";"2";""
"202100010554";"182Â 865";"Z01";"2";"30";"0";"1";"7";"5";"1";""
"202100010555";"182Â 864";"A01";"1";"30";"0";"2";"3";"21";"1";""
"202100010556";"182Â 862";"B01";"1";"10";"0";"2";"4";"2";"1";""
"202100010556";"182Â 863";"A01";"1";"32";"0";"2";"1";"2";"1";""
"202100010557";"182Â 860";"A01";"1";"7";"0";"2";"3";"15";"1";""
"202100010557";"182Â 861";"B01";"2";"30";"0";"2";"1";"1";"1";""
"202100010558";"182Â 858";"B01";"2";"7";"0";"2";"3";"1";"1";""
"202100010558";"182Â 859";"A01";"2";"50";"0";"2";"1";"17";"3";""
"202100010559";"182Â 857";"A01";"2";"1";"0";"1";"1";"1";"5";""
"202100010560";"182Â 856";"A01";"1";"7";"0";"1";"1";"15";"1";""
"202100010561";"182Â 854";"A01";"2";"50";"0";"2";"4";"2";"3";""
"202100010561";"182Â 855";"Z01";"1";"7";"0";"2";"1";"2";"0";""
"202100010562";"182Â 853";"A01";"3";"7";"14";"0";"2";"13";"1";""
"202100010563";"182Â 851";"A01";"2";"1";"0";"2";"8";"1";"5";""
"202100010563";"182Â 852";"Z01";"2";"2";"0";"2";"2";"16";"0";""
"202100010564";"182Â 849";"A01";"1";"2";"0";"2";"2";"1";"3";""
"202100010564";"182Â 850";"Z01";"1";"1";"0";"2";"0";"15";"0";""
"202100010565";"182Â 846";"B01";"2";"7";"0";"2";"6";"13";"1";""
"202100010565";"182Â 847";"C01";"1";"7";"0";"2";"3";"1";"2";""
"202100010565";"182Â 848";"A01";"2";"33";"0";"2";"1";"17";"1";""
"202100010566";"182Â 844";"B01";"3";"7";"0";"2";"5";"1";"1";""
"202100010566";"182Â 845";"A01";"1";"7";"0";"2";"3";"7";"1";""
"202100010567";"182Â 842";"B01";"2";"30";"0";"2";"4";"2";"1";""
"202100010567";"182Â 843";"A01";"2";"10";"0";"2";"1";"2";"1";""
"202100010568";"182Â 840";"A01";"1";"7";"0";"2";"3";"9";"2";""
"202100010568";"182Â 841";"B01";"1";"30";"0";"2";"1";"1";"1";""
"202100010569";"182Â 837";"A01";"1";"10";"0";"2";"3";"15";"1";""
"202100010569";"182Â 838";"B01";"1";"7";"0";"2";"7";"24";"3";""
"202100010569";"182Â 839";"C01";"1";"32";"0";"2";"2";"1";"3";""
"202100010570";"182Â 835";"A01";"2";"1";"0";"2";"8";"1";"5";""
"202100010570";"182Â 836";"B01";"2";"1";"0";"2";"1";"1";"5";""
"202100010571";"182Â 833";"B01";"1";"33";"0";"2";"7";"1";"1";""
"202100010571";"182Â 834";"A01";"1";"7";"0";"2";"0";"14";"1";""
"202100010572";"182Â 832";"A01";"2";"33";"0";"1";"7";"1";"1";""
"202100010573";"182Â 831";"A01";"1";"30";"0";"1";"1";"1";"1";""