"Num_Acc";"id_vehicule";"num_veh";"senc";"catv";"obs";"obsm";"choc";"manv";"motor";"occutc"
"202100010574";"182Â 829";"A01";"3";"7";"0";"2";"1";"1";"1";""
"202100010574";"182Â 830";"B01";"3";"10";"8";"2";"8";"1";"1";""
"202100010575";"182Â 827";"A01";"1";"7";"0";"2";"2";"15";"1";""
"202100010575";"182Â 828";"B01";"1";"33";"0";"2";"2";"1";"1";""
"202100010576";"182Â 825";"B01";"1";"10";"0";"2";"0";"0";"1";""
"202100010576";"182Â 826";"A01";"1";"2";"0";"2";"3";"17";"1";""
"202100010577";"182Â 823";"A01";"1";"30";"0";"2";"7";"1";"1";""
"202100010577";"182Â 824";"B01";"1";"7";"0";"2";"1";"15";"1";""
"202100010578";"182Â 819";"A01";"2";"33";"0";"2";"1";"1";"1";""
"202100010578";"182Â 820";"B01";"1";"7";"0";"2";"5";"15";"1";""
"202100010579";"182Â 817";"B01";"2";"7";"0";"1";"1";"1";"1";""
"202100010579";"182Â 818";"A01";"2";"7";"0";"2";"1";"1";"1";""
"202100010580";"182Â 815";"A01";"1";"7";"0";"2";"1";"15";"1";""
"202100010580";"182Â 816";"B01";"2";"7";"0";"2";"1";"1";"1";""
"202100010581";"182Â 813";"B01";"2";"7";"0";"2";"1";"1";"1";""
"202100010581";"182Â 814";"A01";"2";"31";"0";"2";"4";"26";"1";""
"202100010582";"182Â 812";"A01";"2";"7";"0";"1";"7";"1";"1";""
"202100010583";"182Â 810";"B01";" -1";"7";"0";"0";"3";"9";"1";""
"202100010583";"182Â 811";"A01";" -1";"30";"0";"2";"0";"0";"1";""
"202100010584";"182Â 808";"A01";"2";"7";"0";"2";"3";"19";"1";""
"202100010584";"182Â 809";"B01";"1";"31";"0";"2";"1";"3";"1";""
"202100010585";"182Â 806";"B01";"2";"32";"0";"2";"8";"1";"1";""
"202100010585";"182Â 807";"A01";"1";"7";"0";"2";"2";"1";"1";""
"202100010586";"182Â 805";"A01";"2";"7";"0";"1";"1";"2";"2";""
"202100010587";"182Â 803";"A01";"3";"7";"0";"2";"3";"9";"1";""
"202100010587";"182Â 804";"B01";"3";"33";"0";"2";"2";"0";"1";""
"202100010588";"182Â 802";"A01";"1";"33";"12";"0";"7";"1";"1";""
"202100010589";"182Â 800";"B01";" -1";"7";"0";"2";"4";"2";"1";""
"202100010589";"182Â 801";"A01";" -1";"7";"0";"2";"1";"2";"1";""
"202100010590";"182Â 798";"A01";"1";"3";"1";"0";"3";"24";"1";""
"202100010590";"182Â 799";"B01";"1";"1";"1";"0";"3";"0";"0";""
"202100010591";"182Â 797";"A01";"2";"30";"9";"0";"1";"13";"1";""
"202100010592";"182Â 796";"A01";"2";"13";"0";"1";"2";"16";"6";""
"202100010593";"182Â 794";"B01";"0";"33";"0";"2";"4";"0";"0";""
"202100010593";"182Â 795";"A01";"0";"43";"0";"2";"1";"26";"0";""
"202100010594";"182Â 793";"A01";"3";"33";"0";"0";"0";"26";"1";""
"202100010595";"182Â 791";"A01";"2";"10";"9";"2";"1";"5";"3";""
"202100010595";"182Â 792";"B01";"2";"7";"9";"2";"7";"1";"1";""
"202100010596";"182Â 789";"A01";"3";"7";"8";"2";"1";"9";"1";""
"202100010596";"182Â 790";"B01";"3";"7";"0";"2";"3";"1";"1";""
"202100010597";"182Â 787";"B01";"3";"1";"0";"2";"7";"19";"5";""
"202100010597";"182Â 788";"A01";"1";"7";"0";"2";"1";"1";"1";""
"202100010598";"182Â 785";"A01";"2";"31";"0";"2";"1";"1";"1";""
"202100010598";"182Â 786";"B01";"1";"7";"0";"2";"1";"15";"1";""
"202100010599";"182Â 783";"B01";"2";"7";"8";"2";"3";"1";"2";""
"202100010599";"182Â 784";"A01";"2";"7";"0";"2";"6";"1";"1";""
"202100010600";"182Â 781";"A01";"3";"7";"0";"2";"3";"1";"1";""
"202100010600";"182Â 782";"F01";"3";"32";"0";"2";"1";"17";"1";""
"202100010601";"182Â 779";"B01";"1";"1";"0";"0";"4";"1";"5";""
"202100010601";"182Â 780";"A01";"1";"7";"0";"2";"2";"1";"1";""
"202100010602";"182Â 777";"A01";"0";"7";"0";"9";"3";"1";"1";""
"202100010602";"182Â 778";"B01";"0";"1";"0";"2";"1";"19";"5";""
"202100010603";"182Â 775";"A01";"1";"7";"0";"2";"1";"13";"1";""
"202100010603";"182Â 776";"B01";"2";"17";"0";"2";"3";"1";"1";""
"202100010604";"182Â 774";"A01";"1";"33";"15";"0";"2";"1";"1";""
"202100010605";"182Â 773";"A01";"2";"33";"13";"0";"0";"13";"1";""
"202100010606";"182Â 772";"A01";"1";"7";"0";"0";"9";"0";"1";""
"202100010607";"182Â 770";"B01";"2";"7";"0";"2";"1";"1";"1";""
"202100010607";"182Â 771";"A01";"2";"10";"0";"0";"4";"11";"1";""
"202100010608";"182Â 769";"A01";"0";"7";"2";"0";"2";"11";"1";""
"202100010609";"182Â 768";"A01";"2";"7";"13";"0";"0";"1";"1";""
"202100010610";"182Â 767";"A01";"1";"7";"2";"0";"2";"14";"1";""
"202100010611";"182Â 766";"A01";"1";"7";"13";"0";"5";"1";"1";""
"202100010612";"182Â 764";"A01";"2";"33";"0";"2";"2";"1";"1";""
"202100010612";"182Â 765";"B01";"1";"7";"0";"2";"7";"5";"1";""
"202100010613";"182Â 762";"A01";"1";"7";"0";"2";"1";"13";"1";""
"202100010613";"182Â 763";"B01";"2";"7";"0";"2";"1";"21";"1";""
"202100010614";"182Â 761";"A01";"1";"7";"2";"0";"1";"1";"1";""
"202100010615";"182Â 760";"A01";"3";"33";"0";"0";"7";"1";"1";""
"202100010616";"182Â 758";"A01";"3";"7";"0";"0";"5";"12";"1";""
"202100010616";"182Â 759";"B01";"3";"1";"0";"0";"6";"1";"5";""
"202100010617";"182Â 757";"A01";"2";"33";"6";"0";"7";"2";"1";""
"202100010618";"182Â 755";"B01";"0";"2";"0";"2";"1";"1";"1";""
"202100010618";"182Â 756";"A01";"0";"7";"0";"2";"2";"15";"1";""
"202100010619";"182Â 752";"A01";"1";"7";"0";"1";"3";"1";"1";""
"202100010620";"182Â 750";"A01";"1";"7";"0";"0";"2";"5";"1";""
"202100010620";"182Â 751";"B01";"2";"33";"0";"0";"1";"3";"1";""
"202100010621";"182Â 749";"A01";"3";"2";"12";"0";"7";"1";"1";""
"202100010622";"182Â 747";"B01";"1";"39";"0";"4";"3";"1";"3";""
"202100010622";"182Â 748";"A01";"2";"7";"0";"4";"1";"0";"1";""
"202100010623";"182Â 745";"B01";"1";"1";"0";"2";"1";"1";"5";""
"202100010623";"182Â 746";"A01";"2";"7";"0";"2";"7";"15";"1";""
"202100010624";"182Â 744";"A01";"3";"7";"0";"0";"3";"0";"1";""
"202100010625";"182Â 742";"A01";"3";"7";"0";"2";"3";"19";"1";""
"202100010625";"182Â 743";"B01";"2";"7";"0";"2";"1";"1";"1";""
"202100010626";"182Â 740";"A01";"1";"2";"7";"2";"1";"1";"1";""
"202100010626";"182Â 741";"B01";"3";"21";"0";"2";"6";"1";"1";""
"202100010627";"182Â 739";"A01";"2";"7";"8";"1";"2";"1";"1";""
"202100010628";"182Â 737";"B01";"1";"7";"0";"2";"1";"1";"1";""
"202100010628";"182Â 738";"A01";"2";"7";"0";"2";"7";"1";"1";""
"202100010629";"182Â 736";"A01";"3";"7";"0";"0";"9";"0";"1";""
"202100010630";"182Â 735";"A01";"1";"7";"3";"0";"1";"1";"1";""
"202100010631";"182Â 734";"A01";"1";"1";"0";"0";"8";"1";"5";""
"202100010632";"182Â 732";"B01";"2";"7";"2";"2";"3";"1";"1";""
"202100010632";"182Â 733";"A01";"1";"17";"2";"2";"3";"13";"1";""
"202100010633";"182Â 731";"A01";"1";"13";"0";"0";"3";"1";"1";""
"202100010634";"182Â 729";"B01";"2";"15";"0";"2";"2";"15";"1";""
"202100010634";"182Â 730";"A01";"1";"7";"0";"2";"1";"1";"1";""
"202100010635";"182Â 727";"B01";"1";"2";"0";"0";"1";"1";"1";""
"202100010635";"182Â 728";"A01";"1";"10";"0";"0";"5";"1";"1";""
"202100010636";"182Â 726";"A01";"2";"7";"8";"0";"3";"0";"1";""
"202100010637";"182Â 724";"B01";"2";"7";"0";"2";"8";"19";"1";""
"202100010637";"182Â 725";"A01";"2";"43";"0";"2";"3";"17";"1";""
"202100010638";"182Â 723";"A01";"0";"7";"0";"0";"9";"1";"1";""
"202100010639";"182Â 721";"B01";"3";"7";"0";"2";"3";"1";"1";""
"202100010639";"182Â 722";"A01";"3";"7";"0";"2";"5";"10";"1";""
"202100010640";"182Â 719";"A01";"2";"7";"0";"2";"3";"13";"1";""
"202100010640";"182Â 720";"B01";"1";"7";"0";"2";"3";"1";"1";""
"202100010641";"182Â 717";"B01";"1";"1";"0";"2";"1";"1";"5";""
"202100010641";"182Â 718";"A01";"2";"7";"0";"2";"2";"15";"1";""
"202100010642";"182Â 715";"A01";"1";"2";"0";"0";"6";"15";"1";""
"202100010642";"182Â 716";"B01";"1";"0";"0";"2";"1";"17";"0";""
"202100010643";"182Â 713";"A01";"0";"7";"0";"2";"1";"15";"1";""
"202100010643";"182Â 714";"B01";"0";"7";"0";"2";"1";"1";"1";""
"202100010644";"182Â 712";"A01";"2";"7";"8";"0";"7";"1";"1";""
"202100010645";"182Â 709";"B01";"1";"7";"0";"0";"6";"1";"1";""
"202100010645";"182Â 710";"A01";"2";"7";"0";"0";"7";"15";"1";""
"202100010645";"182Â 711";"C01";"1";"33";"0";"2";"1";"1";"1";""
"202100010646";"182Â 707";"A01";"1";"2";"0";"2";"1";"9";"1";""
"202100010646";"182Â 708";"B01";"2";"37";"0";"2";"1";"1";"1";"1"
"202100010647";"182Â 705";"B01";"2";"7";"0";"2";"3";"2";"1";""
"202100010647";"182Â 706";"A01";"1";"7";"0";"2";"3";"2";"1";""
"202100010648";"182Â 704";"A01";"2";"32";"0";"0";"0";"0";"1";""
"202100010649";"182Â 702";"A01";"2";"7";"0";"2";"7";"15";"1";""
"202100010649";"182Â 703";"B01";"1";"7";"0";"2";"5";"1";"1";""
"202100010650";"182Â 699";"A01";"3";"7";"0";"2";"1";"19";"6";""
"202100010650";"182Â 700";"C01";"1";"7";"0";"2";"1";"1";"1";""
"202100010650";"182Â 701";"B01";"2";"7";"0";"2";"8";"1";"1";""
"202100010651";"182Â 698";"A01";"3";"7";"0";"1";"2";"2";"1";""
"202100010652";"182Â 695";"A01";"2";"7";"0";"2";"1";"17";"1";""
"202100010652";"182Â 696";"B01";"2";"7";"0";"2";"3";"1";"1";""
"202100010652";"182Â 697";"C01";"1";"7";"0";"2";"1";"1";"1";""
"202100010653";"182Â 693";"B01";"1";"33";"0";"2";"1";"1";"1";""
"202100010653";"182Â 694";"A01";"1";"7";"0";"2";"6";"9";"1";""
"202100010654";"182Â 692";"A01";"1";"7";"0";"0";"9";"1";"1";""
"202100010655";"182Â 690";"A01";"1";"2";"0";"2";"2";"17";"1";""
"202100010655";"182Â 691";"B01";"1";"10";"0";"0";"3";"15";"1";""
"202100010656";"182Â 688";"A01";"2";"10";"0";"2";"3";"2";"1";""
"202100010656";"182Â 689";"B01";"2";"1";"0";"2";"1";"2";"5";""
"202100010657";"182Â 686";"A01";"1";"7";"0";"2";"7";"12";"1";""
"202100010657";"182Â 687";"B01";"1";"33";"0";"0";"1";"3";"1";""
"202100010658";"182Â 682";"A01";"3";"7";"0";"2";"1";"2";"1";""
"202100010658";"182Â 683";"B01";"3";"7";"0";"2";"4";"23";"1";""
"202100010658";"182Â 684";"C01";"3";"7";"0";"2";"4";"23";"1";""
"202100010658";"182Â 685";"D01";"3";"7";"0";"2";"4";"23";"1";""
"202100010659";"182Â 679";"A01";"1";"7";"0";"2";"4";"1";"1";""
"202100010659";"182Â 680";"B01";"1";"7";"0";"2";"1";"2";"1";""
"202100010659";"182Â 681";"C01";"1";"7";"0";"2";"3";"0";"1";""
"202100010660";"182Â 678";"A01";"1";"7";"6";"0";"1";"1";"1";""
"202100010661";"182Â 676";"B01";"2";"33";"0";"2";"2";"1";"1";""
"202100010661";"182Â 677";"A01";"2";"7";"0";"2";"6";"11";"1";""
"202100010662";"182Â 673";"B01";"1";"33";"0";"2";"7";"3";"1";""
"202100010662";"182Â 674";"C01";"1";"7";"0";"2";"6";"1";"1";""
"202100010662";"182Â 675";"A01";"1";"7";"0";"2";"8";"11";"1";""
"202100010663";"182Â 670";"A01";"2";"17";"0";"2";"1";"2";"1";""
"202100010663";"182Â 671";"B01";"2";"7";"0";"2";"4";"2";"1";""
"202100010663";"182Â 672";"C01";"2";"10";"0";"2";"1";"2";"1";""
"202100010664";"182Â 665";"E01";"2";"7";"0";"2";"1";"2";"0";""
"202100010664";"182Â 666";"B01";"2";"7";"0";"2";"1";"2";"0";""
"202100010664";"182Â 667";"D01";"2";"7";"0";"2";"1";"2";"2";""
"202100010664";"182Â 668";"C01";"2";"7";"0";"2";"1";"2";"1";""
"202100010664";"182Â 669";"A01";"2";"7";"0";"2";"1";"2";"1";""
"202100010665";"182Â 663";"B01";"2";"7";"0";"2";"2";"12";"1";""
"202100010665";"182Â 664";"A01";"2";"31";"0";"2";"1";"3";"1";""
"202100010666";"182Â 658";"B01";"2";"7";"0";"2";"4";"1";"1";""
"202100010666";"182Â 659";"D01";"2";"7";"0";"2";"1";"1";"1";""
"202100010666";"182Â 660";"C01";"2";"7";"0";"2";"1";"1";"1";""
"202100010666";"182Â 661";"A01";"2";"17";"0";"2";"8";"11";"1";""
"202100010666";"182Â 662";"E01";"2";"10";"0";"2";"1";"2";"1";""
"202100010667";"182Â 656";"Z01";"2";"10";"0";"2";"0";"12";"0";""
"202100010667";"182Â 657";"A01";"2";"33";"0";"2";"7";"3";"1";""
"202100010668";"182Â 654";"A01";"2";"7";"0";"2";"1";"2";"1";""
"202100010668";"182Â 655";"B01";"2";"33";"0";"2";"4";"2";"1";""
"202100010669";"182Â 652";"B01";"1";"7";"0";"2";"1";"1";"3";""
"202100010669";"182Â 653";"A01";"1";"7";"0";"2";"1";"26";"1";""
"202100010670";"182Â 650";"B01";"1";"7";"0";"2";"4";"2";"1";""
"202100010670";"182Â 651";"A01";"1";"7";"0";"2";"1";"2";"1";""
"202100010671";"182Â 648";"B01";"1";"7";"0";"2";"4";"1";"1";""
"202100010671";"182Â 649";"A01";"1";"10";"0";"2";"1";"1";"1";""
"202100010672";"182Â 645";"C01";"1";"7";"0";"2";"4";"2";"0";""
"202100010672";"182Â 646";"B01";"2";"7";"0";"2";"7";"2";"0";""
"202100010672";"182Â 647";"A01";"2";"33";"0";"2";"1";"3";"0";""
"202100010673";"182Â 643";"B01";"2";"7";"0";"2";"1";"1";"1";""
"202100010673";"182Â 644";"A01";"2";"33";"0";"2";"3";"1";"1";""
"202100010674";"182Â 639";"C01";"1";"7";"0";"2";"4";"2";"1";""
"202100010674";"182Â 640";"B01";"1";"7";"0";"2";"6";"2";"1";""
"202100010674";"182Â 641";"A01";"1";"10";"0";"2";"1";"1";"1";""
"202100010674";"182Â 642";"D01";"1";"7";"0";"2";"4";"2";"1";""
"202100010675";"182Â 637";"A01";"1";"7";"0";"2";"1";"2";"1";""
"202100010675";"182Â 638";"B01";"1";"7";"0";"2";"0";"0";"0";""
"202100010676";"182Â 635";"B01";"1";"7";"0";"2";"4";"23";"1";""
"202100010676";"182Â 636";"A01";"1";"10";"1";"0";"1";"2";"1";""
"202100010677";"182Â 632";"B01";"2";"33";"0";"2";"1";"0";"1";""
"202100010677";"182Â 633";"C01";"2";"10";"0";"2";"8";"1";"1";""
"202100010677";"182Â 634";"A01";"2";"10";"0";"2";"5";"1";"1";""
"202100010678";"182Â 630";"A01";"1";"7";"0";"2";"4";"11";"1";""
"202100010678";"182Â 631";"B01";"1";"33";"0";"2";"1";"3";"1";""
"202100010679";"182Â 629";"A01";"1";"50";"0";"1";"1";"25";"3";""
"202100010680";"182Â 628";"A01";"3";"7";"0";"1";"1";"17";"1";""
"202100010681";"182Â 626";"B01";"1";"7";"0";"2";"8";"1";"1";""
"202100010681";"182Â 627";"A01";"1";"14";"0";"2";"7";"17";"1";""
"202100010682";"182Â 625";"A01";"1";"7";"0";"1";"1";"11";"1";""
"202100010683";"182Â 623";"B01";"2";"7";"0";"2";"2";"0";"2";""
"202100010683";"182Â 624";"A01";"3";"50";"0";"2";"1";"1";"3";""
"202100010684";"182Â 621";"B01";"2";"50";"0";"2";"1";"1";"3";""
"202100010684";"182Â 622";"A01";"1";"7";"0";"2";"3";"15";"1";""
"202100010685";"182Â 620";"A01";"1";"33";"0";"1";"0";"1";"1";""
"202100010686";"182Â 619";"A01";"3";"7";"4";"0";"2";"14";"1";""
"202100010687";"182Â 617";"A01";"1";"10";"0";"2";"1";"26";"1";""
"202100010687";"182Â 618";"B01";"1";"7";"0";"2";"4";"1";"1";""
"202100010688";"182Â 615";"B01";"1";"7";"0";"2";"1";"1";"1";""
"202100010688";"182Â 616";"A01";"2";"7";"0";"2";"2";"15";"1";""
"202100010689";"182Â 614";"A01";"2";"7";"0";"1";"1";"16";"1";""
"202100010690";"182Â 612";"B01";"2";"33";"0";"2";"1";"1";"1";""
"202100010690";"182Â 613";"A01";"1";"7";"0";"2";"3";"9";"1";""
"202100010691";"182Â 611";"A01";"2";"10";"0";"1";"2";"1";"1";""
"202100010692";"182Â 609";"B01";"1";"7";"0";"2";"1";"1";"1";""
"202100010692";"182Â 610";"A01";"2";"7";"0";"2";"1";"13";"1";""
"202100010693";"182Â 608";"A01";"0";"7";"0";"1";"1";"1";"3";""
"202100010694";"182Â 606";"A01";"3";"7";"0";"2";"1";"16";"1";""
"202100010694";"182Â 607";"B01";"3";"1";"0";"2";"1";"19";"5";""
"202100010695";"182Â 605";"A01";"2";"10";"6";"0";"1";"14";"1";""
"202100010696";"182Â 604";"A01";"3";"7";"0";"0";"9";"17";"1";""
"202100010697";"182Â 602";"B01";"1";"50";"0";"2";"1";"19";"3";""
"202100010697";"182Â 603";"Z01";"2";"7";"0";"2";"2";"15";"1";""
"202100010698";"182Â 601";"A01";"1";"31";"0";"1";"1";"1";"1";""
"202100010699";"182Â 599";"A01";"1";"7";"0";"2";"1";"1";"1";""
"202100010699";"182Â 600";"B01";"1";"7";"0";"2";"4";"1";"1";""
"202100010700";"182Â 598";"A01";"1";"7";"0";"1";"2";"26";"1";""
"202100010701";"182Â 596";"A01";"3";"7";"0";"2";"1";"1";"1";""
"202100010701";"182Â 597";"B01";"3";"1";"0";"2";"4";"0";"5";""
"202100010702";"182Â 595";"A01";"2";"7";"0";"1";"2";"1";"1";""
"202100010703";"182Â 594";"A01";"1";"7";"0";"1";"1";"1";"1";""
"202100010704";"182Â 592";"A01";"3";"7";"0";"2";"1";"15";"1";""
"202100010704";"182Â 593";"B01";"3";"7";"0";"2";"3";"1";"1";""
"202100010705";"182Â 590";"A01";"1";"7";"0";"2";"3";"15";"1";""
"202100010705";"182Â 591";"B01";"2";"2";"0";"2";"8";"1";"1";""
"202100010706";"182Â 588";"B01";"1";"7";"0";"2";"3";"1";"1";""
"202100010706";"182Â 589";"A01";"2";"2";"0";"2";"3";"13";"1";""
"202100010707";"182Â 586";"B01";"2";"2";"0";"2";"1";"1";"1";""
"202100010707";"182Â 587";"A01";"1";"7";"0";"2";"3";"15";"1";""
"202100010708";"182Â 584";"A01";"1";"50";"0";"2";"3";"26";"3";""
"202100010708";"182Â 585";"B01";"1";"7";"0";"2";"0";"26";"1";""
"202100010709";"182Â 582";"A01";"1";"30";"0";"2";"3";"16";"1";""
"202100010709";"182Â 583";"B01";"1";"7";"0";"2";"7";"16";"1";""
"202100010710";"182Â 580";"B01";"2";"7";"0";"1";"4";"1";"1";""
"202100010710";"182Â 581";"A01";"2";"7";"0";"2";"1";"12";"1";""
"202100010711";"182Â 579";"A01";"3";"7";"2";"0";"1";"1";"1";""
"202100010712";"182Â 578";"A01";"1";"33";"11";"0";"1";"17";"1";""
"202100010713";"182Â 576";"B01";"3";"10";"0";"2";"4";"2";"0";""
"202100010713";"182Â 577";"A01";"3";"10";"0";"2";"1";"16";"1";""
"202100010714";"182Â 575";"A01";"1";"33";"8";"0";"0";"15";"1";""
"202100010715";"182Â 573";"A01";"1";"30";"0";"2";"1";"1";"1";""
"202100010715";"182Â 574";"B01";"1";"7";"0";"2";"4";"1";"1";""
"202100010716";"182Â 572";"A01";"2";"7";"0";"1";"1";"15";"1";""
"202100010717";"182Â 571";"A01";"2";"7";"0";"1";"4";"26";"1";""
"202100010718";"182Â 569";"B01";"1";"15";"0";"2";"2";"1";"1";""
"202100010718";"182Â 570";"A01";"1";"7";"0";"2";"3";"18";"1";""
"202100010719";"182Â 566";"C01";"1";"7";"0";"2";"1";"14";"1";""
"202100010719";"182Â 567";"B01";"2";"7";"0";"2";"7";"17";"1";""
"202100010719";"182Â 568";"A01";"2";"7";"0";"2";"8";"13";"1";""
"202100010720";"182Â 565";"A01";"2";"7";"2";"0";"1";"14";"1";""
"202100010721";"182Â 564";"A01";"1";"15";"0";"1";"1";"1";"1";""
"202100010722";"182Â 563";"A01";"1";"7";"0";"1";"2";"1";"1";""
"202100010723";"182Â 561";"A01";"1";"1";"14";"2";"9";"21";"5";""
"202100010723";"182Â 562";"B01";"1";"10";"14";"9";"3";"15";"1";""
"202100010724";"182Â 559";"A01";"2";"30";"0";"9";"2";"26";"1";""
"202100010724";"182Â 560";"B01";"2";"99";"0";"0";"0";"0";"3";""
"202100010725";"182Â 558";"A01";"3";"7";"9";"0";"2";"14";"1";""
"202100010726";"182Â 556";"B01";"1";"7";"0";"2";"4";"2";"1";""
"202100010726";"182Â 557";"A01";"1";"30";"0";"2";"1";"2";"1";""
"202100010727";"182Â 554";"A01";"2";"7";"0";"2";"3";"20";"1";""
"202100010727";"182Â 555";"B01";"2";"30";"0";"2";"1";"1";"1";""
"202100010728";"182Â 553";"Z01";"1";"99";"0";"1";"2";"17";"0";""
"202100010729";"182Â 552";"A01";"3";"7";"0";"1";"1";"16";"1";""
"202100010730";"182Â 551";"A01";"2";"30";"8";"1";"2";"1";"1";""
"202100010731";"182Â 547";"A01";"1";"7";"0";"2";"1";"2";"1";""
"202100010731";"182Â 548";"B01";"1";"7";"0";"2";"4";"2";"1";""
"202100010731";"182Â 549";"C01";"1";"7";"0";"2";"4";"2";"1";""
"202100010731";"182Â 550";"D01";"1";"7";"0";"2";"4";"2";"1";""
"202100010732";"182Â 545";"A01";"1";"33";"0";"2";"7";"3";"1";""
"202100010732";"182Â 546";"Z01";"1";"10";"0";"2";"3";"11";"1";""
"202100010733";"182Â 544";"A01";"1";"34";"0";"9";"1";"21";"1";""
"202100010734";"182Â 540";"Z01";"2";"7";"0";"2";"3";"11";"0";""
"202100010734";"182Â 541";"ZZ01";"2";"7";"0";"2";"6";"13";"0";""
"202100010734";"182Â 542";"B01";"2";"33";"0";"2";"2";"1";"1";""
"202100010734";"182Â 543";"A01";"2";"7";"4";"2";"7";"1";"1";""
"202100010735";"182Â 539";"A01";"2";"50";"0";"1";"2";"1";"3";""
"202100010736";"182Â 537";"Z01";"3";"7";"0";"2";"0";"1";"1";""
"202100010736";"182Â 538";"A01";"3";"33";"0";"2";"8";"9";"1";""
"202100010737";"182Â 535";"A01";"2";"30";"0";"2";"2";"1";"1";""
"202100010737";"182Â 536";"Z01";"2";"7";"0";"2";"0";"1";"1";""
"202100010738";"182Â 533";"B01";"1";"1";"0";"2";"4";"2";"5";""
"202100010738";"182Â 534";"A01";"1";"7";"0";"2";"1";"2";"1";""
"202100010739";"182Â 532";"A01";"1";"7";"0";"1";"2";"16";"1";""
"202100010740";"182Â 531";"A01";"1";"50";"0";"0";"0";"16";"3";""
"202100010741";"182Â 529";"A01";"2";"30";"0";"2";"1";"2";"1";""
"202100010741";"182Â 530";"B01";"2";"10";"0";"2";"4";"15";"1";""
"202100010742";"182Â 528";"A01";"2";"1";"0";"1";"1";"1";"5";""
"202100010743";"182Â 526";"A01";"1";"7";"0";"2";"8";"15";"2";""
"202100010743";"182Â 527";"B01";"1";"32";"0";"2";"2";"1";"1";""
"202100010744";"182Â 524";"A01";"2";"7";"14";"0";"3";"1";"1";""
"202100010744";"182Â 525";"B01";"2";"30";"0";"2";"5";"15";"1";""
"202100010745";"182Â 522";"A01";"3";"10";"0";"2";"6";"1";"0";""
"202100010745";"182Â 523";"B01";"3";"50";"0";"2";"1";"0";"3";""
"202100010746";"182Â 520";"B01";"1";"1";"0";"2";"0";"1";"5";""
"202100010746";"182Â 521";"A01";"2";"10";"0";"2";"3";"15";"1";""
"202100010747";"182Â 519";"A01";"0";"7";"0";"1";"1";"0";"1";""
"202100010748";"182Â 518";"A01";"1";"7";"0";"1";"1";"1";"1";""
"202100010749";"182Â 516";"B01";"1";"31";"0";"2";"5";"2";"0";""
"202100010749";"182Â 517";"A01";"1";"7";"0";"2";"3";"2";"1";""
"202100010750";"182Â 514";"A01";"1";"33";"0";"2";"1";"13";"3";""
"202100010750";"182Â 515";"B01";"1";"7";"0";"2";"3";"13";"1";""
"202100010751";"182Â 512";"B01";"0";"30";"0";"2";"1";"1";"1";""
"202100010751";"182Â 513";"A01";"0";"7";"0";"2";"2";"15";"1";""
"202100010752";"182Â 510";"A01";"2";"7";"0";"2";"1";"1";"1";""
"202100010752";"182Â 511";"B01";" -1";"50";"0";"2";"7";"19";"3";""
"202100010753";"182Â 509";"A01";"2";"7";"0";"1";"2";"1";"1";""
"202100010754";"182Â 507";"A01";"0";"31";"0";"2";"8";"15";"1";""
"202100010754";"182Â 508";"B01";"1";"7";"0";"2";"3";"1";"1";""
"202100010755";"182Â 506";"A01";"2";"32";"0";"1";"2";"1";"1";""
"202100010756";"182Â 504";"A01";"1";"37";"0";"2";"3";"24";"1";"2"
"202100010756";"182Â 505";"B01";"1";"10";"0";"2";"5";"17";"1";""
"202100010757";"182Â 502";"B01";"1";"7";"0";"2";"5";"24";"1";""
"202100010757";"182Â 503";"A01";"1";"80";"1";"0";"1";"1";"3";""
"202100010758";"182Â 501";"A01";"2";"30";"0";"1";"1";"25";"1";""
"202100010759";"182Â 500";"A01";"1";"31";"0";"0";"0";"1";"1";""
"202100010760";"182Â 498";"A01";"2";"7";"0";"2";"8";"13";"1";""
"202100010760";"182Â 499";"B01";"1";"7";"0";"2";"8";"26";"1";""
"202100010761";"182Â 496";"A01";"1";"7";"0";"9";"2";"2";"1";""
"202100010761";"182Â 497";"B01";"1";"1";"0";"2";"4";"2";"5";""
"202100010762";"182Â 495";"A01";"1";"7";"1";"0";"1";"13";"1";""
"202100010763";"182Â 493";"B01";"1";"7";"9";"0";"5";"24";"1";""
"202100010763";"182Â 494";"A01";"1";"7";"1";"0";"3";"1";"1";""
"202100010764";"182Â 492";"A01";"1";"7";"8";"0";"1";"1";"1";""
"202100010765";"182Â 490";"B01";"2";"7";"0";"0";"1";"1";"1";""
"202100010765";"182Â 491";"A01";"1";"7";"0";"2";"1";"1";"1";""
"202100010766";"182Â 489";"A01";"1";"7";"2";"0";"3";"2";"1";""
"202100010767";"182Â 488";"A01";"0";"2";"0";"0";"0";"1";"1";""
"202100010768";"182Â 487";"A01";"3";"7";"2";"0";"8";"0";"1";""
"202100010769";"182Â 485";"A01";"0";"7";"0";"2";"8";"9";"1";""
"202100010769";"182Â 486";"B01";"1";"7";"0";"2";"1";"1";"1";""
"202100010770";"182Â 483";"A01";"2";"33";"0";"9";"7";"21";"1";""
"202100010770";"182Â 484";"B01";"1";"21";"0";"2";"7";"19";"1";""
"202100010771";"182Â 481";"A01";"1";"15";"0";"2";"1";"1";"1";""
"202100010771";"182Â 482";"B01";"1";"7";"0";"0";"4";"2";"1";""
"202100010772";"182Â 480";"A01";"3";"7";"13";"0";"3";"1";"1";""
"202100010773";"182Â 478";"A01";"2";"14";"0";"0";"4";"1";"1";""