"Num_Acc";"id_vehicule";"num_veh";"senc";"catv";"obs";"obsm";"choc";"manv";"motor";"occutc"
"202100010773";"182Â 479";"B01";"2";"10";"0";"2";"1";"0";"1";""
"202100010774";"182Â 477";"A01";"1";"7";"2";"0";"1";"14";"1";""
"202100010775";"182Â 475";"B01";"3";"33";"0";"2";"1";"1";"1";""
"202100010775";"182Â 476";"A01";"3";"33";"0";"2";"1";"5";"1";""
"202100010776";"182Â 474";"A01";"3";"2";"13";"1";"2";"1";"1";""
"202100010777";"182Â 473";"A01";"1";"7";"4";"0";"1";"26";"1";""
"202100010778";"182Â 472";"A01";"3";"2";"0";"0";"0";"0";"0";""
"202100010779";"182Â 471";"A01";"0";"7";"0";"1";"2";"16";"1";""
"202100010780";"182Â 469";"B01";"0";"7";"0";"2";"1";"1";"1";""
"202100010780";"182Â 470";"A01";"0";"7";"0";"2";"3";"19";"1";""
"202100010781";"182Â 467";"B01";"1";"14";"0";"2";"3";"1";"1";""
"202100010781";"182Â 468";"A01";"2";"10";"0";"2";"3";"13";"1";""
"202100010782";"182Â 465";"A01";"2";"7";"0";"2";"5";"13";"1";""
"202100010782";"182Â 466";"B01";"1";"7";"0";"2";"3";"1";"1";""
"202100010783";"182Â 463";"A01";"2";"7";"0";"2";"2";"15";"1";""
"202100010783";"182Â 464";"B01";"1";"32";"0";"2";"1";"1";"1";""
"202100010784";"182Â 462";"A01";"2";"7";"0";"1";"3";"1";"1";""
"202100010785";"182Â 460";"A01";"1";"10";"0";"0";"5";"19";"1";""
"202100010785";"182Â 461";"B01";"2";"33";"0";"2";"1";"1";"1";""
"202100010786";"182Â 459";"A01";"1";"7";"6";"0";"2";"14";"1";""
"202100010787";"182Â 457";"A01";"3";"7";"0";"2";"6";"1";"1";""
"202100010787";"182Â 458";"B01";"3";"7";"0";"2";"1";"1";"1";""
"202100010788";"182Â 455";"A01";"1";"7";"0";"0";"6";"1";"1";""
"202100010788";"182Â 456";"B01";"1";"33";"0";"2";"1";"2";"1";""
"202100010789";"182Â 451";"A01";"1";"7";"0";"2";"1";"17";"1";""
"202100010789";"182Â 452";"B01";"1";"21";"0";"2";"4";"15";"1";""
"202100010790";"182Â 449";"B01";"1";"1";"0";"2";"0";"1";"5";""
"202100010790";"182Â 450";"A01";"1";"7";"0";"9";"2";"1";"1";""
"202100010791";"182Â 448";"A01";"2";"7";"0";"1";"2";"1";"1";""
"202100010792";"182Â 446";"B01";"2";"7";"0";"2";"1";"1";"1";""
"202100010792";"182Â 447";"A01";"1";"7";"0";"2";"3";"13";"1";""
"202100010793";"182Â 445";"A01";"3";"7";"0";"1";"0";"0";"0";""
"202100010794";"182Â 444";"A01";"1";"7";"13";"0";"3";"1";"1";""
"202100010795";"182Â 442";"A01";"0";"2";"0";"2";"1";"1";"1";""
"202100010795";"182Â 443";"B01";"3";"7";"0";"2";"8";"15";"1";""
"202100010796";"182Â 440";"A01";"2";"7";"0";"2";"2";"15";"1";""
"202100010796";"182Â 441";"B01";"1";"7";"0";"0";"2";"1";"1";""
"202100010797";"182Â 436";"B01";"3";"7";"0";"0";"1";"19";"1";""
"202100010797";"182Â 437";"A01";"2";"33";"0";"0";"7";"1";"1";""
"202100010798";"182Â 427";"F01";"1";"7";"0";"2";"1";"2";"1";""
"202100010798";"182Â 428";"E01";"1";"7";"0";"2";"1";"2";"1";""
"202100010798";"182Â 429";"C01";"1";"7";"0";"2";"1";"2";"1";""
"202100010798";"182Â 430";"B01";"1";"7";"0";"0";"4";"1";"1";""
"202100010798";"182Â 431";"A01";"1";"7";"0";"2";"1";"2";"1";""
"202100010798";"182Â 432";"D01";"1";"7";"0";"2";"1";"2";"3";""
"202100010799";"182Â 426";"A01";"1";"7";"13";"0";"2";"12";"1";""
"202100010800";"182Â 425";"A01";"2";"7";"0";"0";"3";"1";"1";""
"202100010801";"182Â 423";"A01";"2";"7";"0";"0";"7";"15";"1";""
"202100010801";"182Â 424";"B01";"2";"13";"0";"2";"3";"1";"1";""
"202100010802";"182Â 422";"A01";"2";"33";"9";"0";"1";"1";"1";""
"202100010803";"182Â 421";"A01";"2";"33";"13";"0";"0";"1";"1";""
"202100010804";"182Â 419";"B01";"0";"7";"0";"2";"1";"1";"1";""
"202100010804";"182Â 420";"A01";"3";"7";"3";"2";"3";"9";"6";""
"202100010805";"182Â 418";"A01";"1";"7";"0";"1";"3";"1";"1";""
"202100010806";"182Â 416";"A01";"1";"43";"0";"2";"1";"1";"1";""
"202100010806";"182Â 417";"B01";"2";"7";"0";"2";"3";"11";"1";""
"202100010807";"182Â 414";"A01";"1";"7";"0";"2";"2";"1";"1";""
"202100010807";"182Â 415";"B01";"3";"1";"0";"2";"3";"19";"5";""
"202100010808";"182Â 412";"A01";"1";"7";"0";"2";"2";"1";"1";""
"202100010808";"182Â 413";"B01";"1";"21";"0";"2";"6";"1";"1";""
"202100010809";"182Â 410";"A01";"0";"7";"0";"0";"5";"1";"1";""
"202100010809";"182Â 411";"B01";"2";"31";"0";"2";"1";"1";"1";""
"202100010810";"182Â 407";"C01";"1";"1";"0";"2";"1";"1";"5";""
"202100010810";"182Â 408";"B01";"1";"1";"0";"2";"1";"1";"5";""
"202100010810";"182Â 409";"A01";"2";"7";"0";"9";"3";"15";"1";""
"202100010811";"182Â 404";"B01";"3";"33";"0";"2";"1";"1";"1";""
"202100010811";"182Â 405";"A01";"3";"7";"0";"2";"2";"15";"1";""
"202100010812";"182Â 402";"B01";"3";"31";"0";"2";"7";"19";"1";""
"202100010812";"182Â 403";"A01";"1";"7";"0";"2";"2";"1";"1";""
"202100010813";"182Â 401";"A01";"2";"7";"0";"1";"0";"16";"1";""
"202100010814";"182Â 400";"A01";"1";"7";"9";"1";"1";"13";"1";""
"202100010815";"182Â 398";"B01";"1";"10";"0";"2";"1";"1";"1";""
"202100010815";"182Â 399";"A01";"2";"10";"0";"2";"1";"13";"1";""
"202100010816";"182Â 396";"A01";"1";"7";"0";"2";"6";"15";"1";""
"202100010816";"182Â 397";"B01";"1";"33";"0";"2";"1";"17";"1";""
"202100010817";"182Â 394";"B01";"3";"1";"0";"2";"8";"12";"6";""
"202100010817";"182Â 395";"A01";"0";"7";"0";"9";"1";"11";"1";""
"202100010818";"182Â 393";"A01";"3";"7";"0";"1";"4";"4";"1";""
"202100010819";"182Â 391";"A01";"1";"10";"0";"2";"2";"2";"1";""
"202100010819";"182Â 392";"B01";"1";"7";"16";"0";"4";"15";"1";""
"202100010820";"182Â 390";"A01";"1";"7";"0";"0";"1";"1";"1";""
"202100010821";"182Â 389";"A01";"3";"7";"0";"1";"1";"15";"1";""
"202100010822";"182Â 387";"A01";"1";"7";"0";"2";"4";"1";"1";""
"202100010822";"182Â 388";"B01";"1";"7";"0";"2";"2";"2";"2";""
"202100010823";"182Â 384";"Z01";"1";"7";"0";"2";"1";"0";"0";""
"202100010823";"182Â 385";"B01";"1";"7";"0";"2";"4";"2";"1";""
"202100010823";"182Â 386";"A01";"1";"7";"0";"0";"4";"2";"1";""
"202100010824";"182Â 382";"A01";"1";"7";"0";"2";"2";"12";"1";""
"202100010824";"182Â 383";"B01";"1";"43";"0";"2";"3";"3";"1";""
"202100010825";"182Â 378";"D01";"2";"7";"0";"2";"4";"1";"1";""
"202100010825";"182Â 379";"B01";"2";"7";"0";"2";"4";"2";"1";""
"202100010825";"182Â 380";"C01";"2";"7";"0";"2";"4";"2";"1";""
"202100010825";"182Â 381";"A01";"2";"7";"0";"2";"1";"2";"1";""
"202100010826";"182Â 375";"A01";"1";"7";"0";"2";"1";"2";"1";""
"202100010826";"182Â 376";"B01";"1";"7";"0";"2";"4";"2";"1";""
"202100010826";"182Â 377";"C01";"1";"7";"0";"2";"4";"2";"1";""
"202100010827";"182Â 373";"B01";"2";"10";"0";"2";"4";"1";"1";""
"202100010827";"182Â 374";"A01";"2";"7";"0";"2";"1";"1";"1";""
"202100010828";"182Â 371";"A01";"1";"30";"0";"2";"1";"19";"0";""
"202100010828";"182Â 372";"B01";"1";"14";"0";"2";"5";"0";"0";""
"202100010829";"182Â 369";"B01";"2";"33";"0";"2";"8";"2";"1";""
"202100010829";"182Â 370";"A01";"2";"7";"0";"2";"7";"2";"1";""
"202100010830";"182Â 366";"C01";"2";"7";"0";"2";"5";"1";"1";""
"202100010830";"182Â 367";"B01";"2";"7";"0";"2";"3";"1";"1";""
"202100010830";"182Â 368";"A01";"2";"32";"0";"2";"7";"3";"1";""
"202100010831";"182Â 365";"A01";"2";"7";"0";"5";"1";"21";"1";""
"202100010832";"182Â 363";"B01";"2";"7";"0";"2";"4";"1";"1";""
"202100010832";"182Â 364";"A01";"2";"7";"0";"2";"1";"2";"1";""
"202100010833";"182Â 361";"B01";"2";"7";"0";"2";"6";"1";"1";""
"202100010833";"182Â 362";"A01";"2";"33";"0";"2";"1";"3";"1";""
"202100010834";"182Â 359";"B01";"2";"7";"0";"2";"2";"1";"1";""
"202100010834";"182Â 360";"A01";"2";"7";"0";"2";"8";"11";"1";""
"202100010835";"182Â 358";"A01";"2";"7";"0";"0";"1";"14";"1";""
"202100010836";"182Â 356";"B01";"2";"7";"0";"2";"1";"2";"1";""
"202100010836";"182Â 357";"A01";"2";"7";"0";"2";"6";"1";"1";""
"202100010837";"182Â 354";"A01";"1";"10";"0";"2";"4";"0";"1";""
"202100010837";"182Â 355";"B01";"1";"33";"0";"2";"1";"3";"1";""
"202100010838";"182Â 352";"B01";"2";"30";"0";"2";"1";"19";"3";""
"202100010838";"182Â 353";"A01";"1";"7";"0";"2";"2";"1";"1";""
"202100010839";"182Â 351";"A01";"2";"10";"0";"1";"2";"1";"1";""
"202100010840";"182Â 349";"A01";"1";"7";"0";"2";"1";"1";"1";""
"202100010840";"182Â 350";"B01";"1";"7";"0";"2";"4";"2";"1";""
"202100010841";"182Â 347";"A01";"3";"7";"1";"0";"1";"1";"1";""
"202100010841";"182Â 348";"B01";"3";"7";"16";"0";"6";"1";"1";""
"202100010842";"182Â 345";"B01";"1";"7";"0";"2";"3";"1";"1";""
"202100010842";"182Â 346";"A01";"2";"33";"0";"2";"1";"13";"1";""
"202100010843";"182Â 343";"A01";"1";"7";"0";"2";"1";"15";"1";""
"202100010843";"182Â 344";"B01";"2";"1";"0";"2";"8";"1";"5";""
"202100010844";"182Â 342";"A01";"3";"7";"0";"1";"1";"26";"1";""
"202100010845";"182Â 340";"B01";"1";"7";"0";"2";"4";"23";"1";""
"202100010845";"182Â 341";"A01";"1";"10";"0";"2";"1";"1";"1";""
"202100010846";"182Â 339";"B01";"1";"1";"1";"0";"1";"1";"0";""
"202100010847";"182Â 337";"A01";"1";"7";"0";"2";"3";"23";"1";""
"202100010847";"182Â 338";"B01";"2";"7";"0";"2";"8";"15";"1";""
"202100010848";"182Â 335";"B01";"1";"1";"0";"2";"8";"25";"5";""
"202100010848";"182Â 336";"A01";"2";"7";"0";"2";"2";"1";"1";""
"202100010849";"182Â 333";"B01";"1";"7";"0";"2";"2";"1";"1";""
"202100010849";"182Â 334";"A01";"1";"1";"0";"2";"8";"1";"5";""
"202100010850";"182Â 331";"A01";"1";"2";"0";"2";"1";"19";"1";""
"202100010850";"182Â 332";"B01";"1";"7";"0";"2";"8";"19";"1";""
"202100010851";"182Â 330";"A01";"2";"30";"0";"0";"3";"15";"1";""
"202100010852";"182Â 329";"A01";"1";"7";"0";"1";"8";"11";"0";""
"202100010853";"182Â 327";"Z01";"2";"7";"0";"2";"1";"1";"3";""
"202100010853";"182Â 328";"B01";"1";"7";"0";"2";"4";"1";"1";""
"202100010854";"182Â 326";"A01";"2";"7";"0";"1";"1";"16";"1";""
"202100010855";"182Â 324";"B01";"1";"7";"0";"2";"8";"1";"1";""
"202100010855";"182Â 325";"A01";"1";"7";"0";"2";"1";"1";"1";""
"202100010856";"182Â 323";"A01";"2";"2";"0";"0";"8";"16";"1";""
"202100010857";"182Â 321";"B01";"1";"7";"0";"2";"1";"1";"1";""
"202100010857";"182Â 322";"A01";"1";"7";"0";"2";"1";"15";"1";""
"202100010858";"182Â 319";"A01";"1";"7";"0";"2";"1";"9";"1";""
"202100010858";"182Â 320";"B01";"1";"7";"0";"2";"7";"1";"1";""
"202100010859";"182Â 317";"A01";"2";"7";"0";"2";"2";"15";"1";""
"202100010859";"182Â 318";"B01";"2";"32";"0";"2";"1";"1";"1";""
"202100010860";"182Â 316";"A01";"2";"7";"0";"1";"5";"26";"1";""
"202100010861";"182Â 314";"A01";"0";"14";"0";"2";"5";"1";"1";""
"202100010861";"182Â 315";"B01";"0";"7";"0";"2";"1";"15";"1";""
"202100010862";"182Â 310";"B01";"3";"7";"0";"2";"3";"1";"1";""
"202100010862";"182Â 311";"A01";"3";"7";"0";"2";"3";"13";"1";""
"202100010863";"182Â 309";"A01";"3";"7";"0";"1";"2";"1";"1";""
"202100010864";"182Â 307";"B01";"1";"2";"0";"2";"4";"1";"1";""
"202100010864";"182Â 308";"Z01";"1";"0";"0";"2";"0";"26";"0";""
"202100010865";"182Â 305";"A01";"3";"50";"0";"2";"1";"19";"3";""
"202100010865";"182Â 306";"B01";"3";"10";"0";"2";"6";"0";"1";""
"202100010866";"182Â 303";"A01";"3";"7";"0";"1";"3";"1";"1";""
"202100010866";"182Â 304";"B01";"3";"7";"0";"1";"3";"1";"1";""
"202100010867";"182Â 301";"B01";"2";"7";"0";"2";"4";"23";"1";""
"202100010867";"182Â 302";"A01";"2";"1";"0";"2";"1";"2";"5";""
"202100010868";"182Â 299";"A01";"2";"7";"0";"2";"1";"19";"1";""
"202100010868";"182Â 300";"B01";"1";"7";"0";"2";"2";"15";"1";""
"202100010869";"182Â 298";"A01";"1";"7";"13";"0";"2";"14";"1";""
"202100010870";"182Â 296";"A01";"1";"7";"0";"2";"4";"2";"1";""
"202100010870";"182Â 297";"B01";"1";"7";"0";"2";"1";"2";"1";""
"202100010871";"182Â 295";"A01";"1";"7";"0";"1";"1";"1";"1";""
"202100010872";"182Â 293";"A01";"1";"7";"0";"2";"3";"5";"1";""
"202100010872";"182Â 294";"B01";"2";"7";"0";"2";"8";"1";"1";""
"202100010873";"182Â 291";"B01";"1";"7";"0";"2";"8";"1";"1";""
"202100010873";"182Â 292";"A01";"1";"7";"0";"2";"3";"1";"1";""
"202100010874";"182Â 289";"B01";"2";"7";"0";"2";"3";"15";"1";""
"202100010874";"182Â 290";"A01";"2";"2";"0";"2";"1";"17";"1";""
"202100010875";"182Â 287";"A01";"2";"31";"0";"2";"1";"13";"1";""
"202100010875";"182Â 288";"B01";"2";"7";"0";"2";"6";"15";"1";""
"202100010876";"182Â 285";"A01";"3";"1";"0";"2";"1";"19";"5";""
"202100010876";"182Â 286";"B01";"3";"7";"0";"2";"5";"21";"1";""
"202100010877";"182Â 284";"A01";"1";"7";"0";"1";"2";"1";"1";""
"202100010878";"182Â 282";"A01";"1";"33";"0";"2";"1";"1";"1";""
"202100010878";"182Â 283";"B01";"1";"10";"0";"2";"5";"1";"1";""
"202100010879";"182Â 281";"A01";"1";"7";"1";"0";"1";"26";"1";""
"202100010880";"182Â 280";"A01";"1";"7";"0";"2";"1";"26";"1";""
"202100010881";"182Â 278";"A01";"2";"7";"0";"2";"1";"19";"1";""
"202100010881";"182Â 279";"B01";"2";"7";"0";"2";"1";"1";"1";""
"202100010882";"182Â 276";"A01";"1";"7";"0";"2";"1";"1";"1";""
"202100010882";"182Â 277";"B01";"1";"7";"0";"2";"1";"19";"1";""
"202100010883";"182Â 274";"A01";"3";"7";"0";"2";"1";"3";"1";""
"202100010883";"182Â 275";"B01";"3";"7";"0";"2";"2";"3";"1";""
"202100010884";"182Â 273";"A01";"1";"33";"0";"0";"0";"1";"1";""
"202100010885";"182Â 272";"A01";"3";"7";"0";"1";"1";"16";"1";""
"202100010886";"182Â 270";"A01";"2";"30";"0";"2";"1";"1";"1";""
"202100010886";"182Â 271";"B01";"2";"7";"0";"2";"6";"15";"1";""
"202100010887";"182Â 268";"B01";"3";"7";"0";"2";"3";"26";"2";""
"202100010887";"182Â 269";"A01";"2";"33";"0";"2";"1";"1";"1";""
"202100010888";"182Â 266";"A01";"0";"30";"0";"9";"0";"26";"1";""
"202100010888";"182Â 267";"Z01";"3";"7";"0";"0";"0";"0";"2";""
"202100010889";"182Â 265";"A01";"1";"7";"0";"1";"1";"1";"1";""
"202100010890";"182Â 263";"A01";"1";"30";"0";"2";"1";"1";"1";""
"202100010890";"182Â 264";"B01";"1";"10";"0";"2";"4";"1";"1";""
"202100010891";"182Â 261";"B01";"3";"33";"0";"2";"1";"1";"1";""
"202100010891";"182Â 262";"A01";"3";"38";"0";"2";"1";"15";"1";"1"
"202100010892";"182Â 258";"C01";"2";"7";"0";"2";"4";"1";"1";""
"202100010892";"182Â 259";"A01";"2";"7";"0";"2";"2";"2";"1";""
"202100010892";"182Â 260";"B01";"2";"7";"0";"2";"4";"1";"1";""
"202100010893";"182Â 256";"A01";"1";"50";"0";"9";"7";"14";"3";""
"202100010893";"182Â 257";"B01";"1";"50";"0";"9";"1";"1";"3";""
"202100010894";"182Â 254";"B01";"1";"33";"0";"2";"1";"1";"1";""
"202100010894";"182Â 255";"A01";"1";"7";"0";"9";"8";"26";"1";""
"202100010895";"182Â 252";"B01";"1";"7";"0";"2";"4";"2";"1";""
"202100010895";"182Â 253";"A01";"1";"7";"0";"2";"1";"2";"1";""
"202100010896";"182Â 250";"B01";"1";"15";"0";"2";"3";"1";"1";""
"202100010896";"182Â 251";"A01";"2";"10";"0";"2";"3";"13";"1";""
"202100010897";"182Â 248";"B01";"3";"7";"0";"2";"1";"1";"1";""
"202100010897";"182Â 249";"A01";"3";"7";"0";"2";"8";"19";"1";""
"202100010898";"182Â 247";"A01";"1";"7";"6";"0";"1";"5";"1";""
"202100010899";"182Â 245";"B01";"1";"1";"0";"2";"1";"1";"5";""
"202100010899";"182Â 246";"A01";"2";"7";"0";"2";"1";"16";"1";""
"202100010900";"182Â 244";"A01";"1";"7";"10";"0";"1";"13";"1";""
"202100010901";"182Â 243";"A01";"1";"30";"0";"0";"3";"26";"1";""
"202100010902";"182Â 241";"B01";"1";"1";"0";"2";"4";"1";"5";""
"202100010902";"182Â 242";"A01";"1";"7";"0";"2";"1";"9";"1";""
"202100010903";"182Â 239";"A01";"0";"7";"0";"1";"1";"1";"1";""
"202100010904";"182Â 237";"A01";"0";"7";"0";"2";"8";"1";"1";""
"202100010904";"182Â 238";"B01";"0";"7";"0";"2";"1";"1";"1";""
"202100010905";"182Â 236";"A01";"0";"7";"0";"1";"1";"1";"1";""
"202100010906";"182Â 235";"A01";"1";"7";"0";"1";"1";"1";"1";""
"202100010907";"182Â 233";"B01";"1";"7";"0";"2";"5";"23";"1";""
"202100010907";"182Â 234";"A01";"1";"1";"0";"2";"1";"1";"0";""
"202100010908";"182Â 232";"A01";"2";"7";"0";"1";"0";"1";"0";""
"202100010909";"182Â 230";"B01";"1";"7";"0";"2";"5";"2";"1";""
"202100010909";"182Â 231";"A01";"1";"33";"0";"2";"1";"2";"1";""
"202100010910";"182Â 228";"A01";"1";"7";"0";"2";"8";"9";"1";""
"202100010910";"182Â 229";"B01";"2";"1";"0";"2";"1";"1";"0";""
"202100010911";"182Â 226";"B01";"2";"2";"0";"2";"3";"1";"1";""
"202100010911";"182Â 227";"A01";"1";"7";"0";"2";"1";"15";"1";""
"202100010912";"182Â 224";"A01";"3";"7";"0";"2";"2";"19";"1";""
"202100010912";"182Â 225";"B01";"1";"33";"0";"2";"1";"1";"1";""
"202100010913";"182Â 221";"B01";"3";"7";"0";"2";"1";"1";"1";""
"202100010913";"182Â 222";"C01";"3";"7";"0";"2";"4";"1";"1";""
"202100010913";"182Â 223";"A01";"3";"7";"0";"2";"1";"21";"1";""
"202100010914";"182Â 219";"B01";"2";"7";"0";"2";"1";"1";"1";""
"202100010914";"182Â 220";"A01";"1";"50";"0";"2";"7";"15";"3";""
"202100010915";"182Â 217";"B01";"2";"7";"0";"2";"3";"15";"1";""
"202100010915";"182Â 218";"A01";"1";"7";"0";"2";"2";"1";"1";""
"202100010916";"182Â 214";"C01";"1";"7";"0";"2";"4";"1";"1";""
"202100010916";"182Â 215";"B01";"1";"7";"0";"2";"4";"1";"1";""
"202100010916";"182Â 216";"A01";"1";"10";"0";"2";"1";"1";"1";""
"202100010917";"182Â 210";"A01";"1";"7";"0";"2";"3";"20";"1";""
"202100010917";"182Â 211";"B01";"1";"34";"0";"2";"1";"1";"1";""
"202100010918";"182Â 208";"B01";"1";"1";"0";"2";"0";"2";"5";""
"202100010918";"182Â 209";"A01";"1";"7";"0";"1";"0";"0";"1";""
"202100010919";"182Â 206";"B01";"2";"37";"0";"2";"1";"1";"1";"1"
"202100010919";"182Â 207";"A01";"1";"7";"0";"2";"1";"1";"1";""
"202100010920";"182Â 205";"A01";"1";"33";"0";"0";"3";"21";"1";""
"202100010921";"182Â 203";"B01";"3";"7";"0";"0";"3";"0";"1";""
"202100010921";"182Â 204";"A01";"2";"37";"0";"2";"2";"26";"1";"2"
"202100010922";"182Â 202";"B01";"1";"33";"0";"2";"7";"16";"1";""
"202100010923";"182Â 200";"B01";"2";"1";"0";"2";"4";"1";"5";""
"202100010923";"182Â 201";"A01";"2";"7";"0";"2";"1";"2";"1";""
"202100010924";"182Â 198";"A01";"1";"7";"0";"2";"3";"13";"1";""
"202100010924";"182Â 199";"B01";"2";"7";"12";"2";"3";"1";"1";""
"202100010925";"182Â 196";"A01";"1";"7";"0";"2";"1";"1";"1";""
"202100010925";"182Â 197";"B01";"1";"7";"0";"2";"4";"0";"1";""
"202100010926";"182Â 195";"A01";"3";"2";"0";"0";"8";"15";"1";""
"202100010927";"182Â 194";"SA01";"1";"30";"12";"0";"2";"1";"1";""
"202100010928";"182Â 193";"A01";"1";"33";"0";"0";"7";"12";"1";""
"202100010929";"182Â 192";"A01";"2";"32";"0";"0";"7";"3";"1";""
"202100010930";"182Â 191";"A01";"1";"10";"0";"1";"1";"1";"3";""
"202100010931";"182Â 190";"A01";"3";"33";"14";"0";"7";"13";"1";""
"202100010932";"182Â 188";"B01";"2";"7";"0";"2";"4";"7";"1";""
"202100010932";"182Â 189";"A01";"2";"7";"0";"2";"1";"7";"1";""
"202100010933";"182Â 186";"B01";"1";"7";"0";"2";"3";"1";"1";""
"202100010933";"182Â 187";"A01";"2";"50";"0";"2";"1";"15";"3";""
"202100010934";"182Â 184";"B01";"1";"7";"0";"2";"8";"1";"1";""
"202100010934";"182Â 185";"A01";"2";"50";"0";"2";"1";"1";"3";""
"202100010935";"182Â 182";"A01";"3";"2";"0";"2";"7";"17";"1";""
"202100010935";"182Â 183";"B01";"3";"32";"0";"2";"7";"1";"1";""
"202100010936";"182Â 181";"A01";"2";"30";"0";"0";"0";"1";"1";""
"202100010937";"182Â 176";"A01";"2";"7";"0";"2";"3";"13";"1";""
"202100010937";"182Â 177";"B01";"2";"30";"0";"2";"2";"17";"1";""
"202100010938";"182Â 174";"A01";"2";"7";"0";"2";"1";"13";"1";""
"202100010938";"182Â 175";"B01";"1";"1";"0";"2";"1";"1";"5";""
"202100010939";"182Â 172";"A01";"1";"32";"0";"2";"1";"17";"1";""
"202100010939";"182Â 173";"B01";"1";"7";"0";"2";"3";"15";"2";""
"202100010940";"182Â 170";"A01";"2";"7";"0";"2";"0";"15";"1";""
"202100010940";"182Â 171";"B01";"2";"50";"0";"2";"0";"21";"3";""
"202100010941";"182Â 168";"B01";"1";"32";"0";"2";"2";"1";"1";""
"202100010941";"182Â 169";"A01";"1";"7";"0";"2";"1";"13";"1";""
"202100010942";"182Â 167";"A01";"3";"7";"14";"0";"2";"9";"1";""
"202100010943";"182Â 165";"B01";"1";"7";"0";"2";"3";"1";"1";""
"202100010943";"182Â 166";"A01";"2";"7";"0";"2";"2";"1";"1";""
"202100010944";"182Â 163";"A01";"1";"7";"0";"2";"1";"0";"1";""
"202100010944";"182Â 164";"B01";"1";"7";"0";"2";"4";"0";"1";""
"202100010945";"182Â 161";"A01";"2";"7";"0";"2";"8";"15";"1";""
"202100010945";"182Â 162";"B01";"2";"30";"0";"2";"1";"17";"1";""
"202100010946";"182Â 159";"B01";"2";"7";"9";"2";"1";"2";"1";""
"202100010946";"182Â 160";"A01";"3";"7";"9";"1";"8";"15";"1";""
"202100010947";"182Â 157";"B01";" -1";"1";"0";"2";"7";"25";"5";""
"202100010947";"182Â 158";"A01";"3";"7";"0";"2";"1";"9";"1";""
"202100010948";"182Â 156";"A01";"1";"7";"8";"0";"1";"1";"1";""
"202100010949";"182Â 154";"B01";"1";"7";"0";"2";"1";"15";"1";""
"202100010949";"182Â 155";"A01";"1";"30";"0";"2";"1";"2";"0";""
"202100010950";"182Â 152";"B01";"1";"50";"0";"2";"0";"1";"3";""
"202100010950";"182Â 153";"A01";"1";"14";"0";"2";"7";"16";"1";""
"202100010951";"182Â 151";"A01";"1";"30";"0";"0";"0";"1";"1";""
"202100010952";"182Â 149";"B01";"2";"30";"0";"2";"8";"1";"1";""
"202100010952";"182Â 150";"A01";"1";"7";"0";"2";"2";"15";"1";""
"202100010953";"182Â 148";"A01";"3";"7";"0";"1";"1";"1";"1";""
"202100010954";"182Â 147";"A01";"1";"7";"0";"1";"1";"1";"1";""
"202100010955";"182Â 145";"A01";"1";"7";"0";"2";"7";"15";"1";""
"202100010955";"182Â 146";"B01";"2";"33";"0";"2";"1";"1";"1";""
"202100010956";"182Â 143";"B01";"2";"30";"0";"2";"1";"1";"1";""
"202100010956";"182Â 144";"A01";"2";"7";"0";"2";"5";"15";"1";""
"202100010957";"182Â 142";"A01";"2";"15";"1";"0";"2";"11";"1";""
"202100010958";"182Â 139";"B01";"1";"7";"8";"2";"1";"17";"1";""
"202100010958";"182Â 140";"A01";"1";"33";"0";"2";"3";"15";"1";""
"202100010959";"182Â 137";"A01";"2";"7";"0";"0";"3";"15";"1";""
"202100010959";"182Â 138";"B01";"1";"32";"0";"0";"8";"1";"1";""
"202100010960";"182Â 135";"A01";"3";"7";"0";"2";"3";"1";"1";""
"202100010960";"182Â 136";"B01";"3";"1";"0";"2";"1";"1";"5";""
"202100010961";"182Â 133";"B01";"1";"33";"0";"2";"2";"1";"1";""
"202100010961";"182Â 134";"A01";"2";"7";"0";"2";"2";"17";"1";""
"202100010962";"182Â 131";"A01";"1";"0";"0";"0";"5";"15";"0";""
"202100010962";"182Â 132";"B01";"2";"33";"0";"2";"1";"1";"6";""
"202100010963";"182Â 129";"A01";"1";"7";"0";"2";"3";"15";"1";""
"202100010963";"182Â 130";"B01";"2";"34";"0";"2";"1";"17";"1";""
"202100010964";"182Â 127";"A01";"2";"13";"0";"9";"2";"17";"1";""
"202100010964";"182Â 128";"B01";"2";"1";"0";"0";"4";"1";"5";""
"202100010965";"182Â 124";"B01";"1";"7";"16";"2";"3";"1";"1";""
"202100010965";"182Â 125";"A01";"2";"7";"0";"2";"3";"13";"1";""
"202100010965";"182Â 126";"C01";"2";"7";"0";"2";"8";"23";"1";""
"202100010966";"182Â 122";"B01";"1";"10";"0";"2";"1";"1";"1";""
"202100010966";"182Â 123";"A01";"2";"7";"0";"2";"1";"5";"1";""
"202100010967";"182Â 120";"B01";"1";"7";"0";"2";"3";"15";"1";""
"202100010967";"182Â 121";"A01";"1";"33";"5";"2";"1";"17";"1";""
"202100010968";"182Â 118";"A01";"2";"7";"0";"2";"2";"15";"1";""
"202100010968";"182Â 119";"B01";"1";"2";"0";"2";"1";"1";"1";""
"202100010969";"182Â 116";"B01";"1";"7";"0";"2";"4";"2";"1";""
"202100010969";"182Â 117";"A01";"1";"7";"0";"2";"1";"2";"1";""
"202100010970";"182Â 115";"A01";"2";"10";"0";"1";"2";"1";"1";""