"Num_Acc";"id_vehicule";"num_veh";"senc";"catv";"obs";"obsm";"choc";"manv";"motor";"occutc"
"202100010971";"182Â 114";"A01";"1";"7";"2";"0";"3";"13";"1";""
"202100010972";"182Â 113";"A01";"2";"7";"13";"0";"2";"26";"1";""
"202100010973";"182Â 111";"B01";"1";"7";"0";"2";"1";"1";"1";""
"202100010973";"182Â 112";"A01";"2";"7";"0";"2";"1";"5";"1";""
"202100010974";"182Â 110";"A01";"1";"7";"0";"5";"3";"1";"1";""
"202100010975";"182Â 109";"A01";"2";"7";"1";"1";"7";"1";"1";""
"202100010976";"182Â 108";"A01";"3";"36";"13";"0";"1";"24";"1";""
"202100010977";"182Â 106";"B01";"1";"33";"0";"2";"8";"1";"1";""
"202100010977";"182Â 107";"A01";"2";"7";"0";"2";"2";"15";"1";""
"202100010978";"182Â 104";"B01";"1";"1";"0";"2";"7";"1";"5";""
"202100010978";"182Â 105";"A01";"1";"7";"0";"9";"1";"2";"1";""
"202100010979";"182Â 102";"A01";"2";"10";"0";"9";"2";"20";"1";""
"202100010979";"182Â 103";"B01";"2";"1";"0";"2";"1";"9";"5";""
"202100010980";"182Â 101";"A01";"2";"7";"0";"1";"5";"1";"1";""
"202100010981";"182Â 098";"A01";"1";"7";"13";"0";"2";"1";"1";""
"202100010982";"182Â 096";"A01";"1";"33";"0";"2";"1";"17";"1";""
"202100010982";"182Â 097";"B01";"1";"7";"0";"2";"3";"15";"2";""
"202100010983";"182Â 095";"A01";"1";"2";"0";"0";"2";"1";"1";""
"202100010984";"182Â 094";"A01";"1";"1";"0";"0";"8";"1";"5";""
"202100010985";"182Â 092";"A01";"2";"7";"0";"2";"3";"1";"1";""
"202100010985";"182Â 093";"B01";"3";"10";"0";"2";"2";"19";"1";""
"202100010986";"182Â 090";"B01";"1";"7";"0";"2";"1";"2";"1";""
"202100010986";"182Â 091";"A01";"1";"7";"0";"0";"4";"2";"1";""
"202100010987";"182Â 088";"A01";"2";"7";"0";"2";"3";"17";"1";""
"202100010987";"182Â 089";"B01";"1";"33";"0";"2";"1";"1";"1";""
"202100010988";"182Â 087";"A01";"3";"10";"0";"0";"2";"0";"0";""
"202100010989";"182Â 085";"C01";"0";"60";"0";"1";"1";"0";" -1";""
"202100010989";"182Â 086";"A01";"1";"7";"0";"1";"3";"26";"1";""
"202100010990";"182Â 083";"A01";"2";"10";"0";"2";"1";"13";"1";""
"202100010990";"182Â 084";"B01";"1";"10";"0";"2";"1";"1";"1";""
"202100010991";"182Â 081";"B01";"2";"7";"0";"2";"1";"1";"1";""
"202100010991";"182Â 082";"A01";"3";"7";"0";"2";"3";"15";"1";""
"202100010992";"182Â 079";"A01";"2";"7";"0";"2";"1";"13";"1";""
"202100010992";"182Â 080";"B01";"1";"99";"0";"2";"3";"1";"1";""
"202100010993";"182Â 074";"D01";"1";"10";"0";"0";"7";"1";"1";""
"202100010993";"182Â 075";"C01";"1";"7";"0";"0";"8";"1";"1";""
"202100010993";"182Â 076";"B01";"1";"7";"0";"0";"5";"1";"2";""
"202100010993";"182Â 077";"A01";"1";"7";"3";"2";"3";"2";"1";""
"202100010993";"182Â 078";"E01";"1";"7";"0";"0";"5";"1";"1";""
"202100010994";"182Â 073";"A01";"2";"7";"3";"0";"1";"21";"1";""
"202100010995";"182Â 072";"A01";"1";"10";"17";"0";"1";"1";"1";""
"202100010996";"182Â 070";"B01";"0";"1";"0";"2";"1";"9";"5";""
"202100010996";"182Â 071";"A01";"0";"7";"0";"2";"3";"0";"1";""
"202100010997";"182Â 069";"A01";"0";"10";"0";"0";"0";"0";"1";""
"202100010998";"182Â 067";"A01";"2";"7";"0";"2";"3";"0";"3";""
"202100010998";"182Â 068";"B01";"1";"33";"0";"2";"1";"0";"1";""
"202100010999";"182Â 065";"A01";"3";"2";"0";"2";"2";"1";"1";""
"202100010999";"182Â 066";"B01";"3";"10";"0";"2";"3";"9";"1";""
"202100011000";"182Â 062";"A01";"2";"10";"0";"9";"2";"2";"1";""
"202100011000";"182Â 063";"B01";"1";"1";"0";"0";"4";"2";"5";""
"202100011000";"182Â 064";"C01";"1";"1";"0";"0";"4";"2";"5";""
"202100011001";"182Â 060";"A01";"1";"7";"4";"2";"2";"1";"1";""
"202100011001";"182Â 061";"B01";"1";"15";"0";"2";"3";"1";"1";""
"202100011002";"182Â 059";"A01";"1";"7";"2";"0";"8";"1";"1";""
"202100011003";"182Â 057";"B01";"3";"7";"0";"2";"2";"1";"1";""
"202100011003";"182Â 058";"A01";"3";"2";"0";"2";"1";"5";"1";""
"202100011004";"182Â 056";"A01";"0";"2";"8";"0";"1";"1";"1";""
"202100011005";"182Â 055";"A01";"2";"2";"12";"0";"0";"1";"1";""
"202100011006";"182Â 053";"A01";"2";"10";"0";"2";"3";"17";"1";""
"202100011006";"182Â 054";"B01";"2";"33";"0";"2";"7";"17";"1";""
"202100011007";"182Â 052";"A01";"1";"7";"0";"1";"2";"16";"1";""
"202100011008";"182Â 051";"A01";"0";"7";"0";"1";"5";"4";"1";""
"202100011009";"182Â 049";"A01";"1";"7";"0";"2";"1";"1";"1";""
"202100011009";"182Â 050";"B01";"2";"7";"0";"2";"3";"1";"1";""
"202100011010";"182Â 047";"A01";"0";"10";"0";"2";"7";"15";"1";""
"202100011010";"182Â 048";"B01";"0";"31";"0";"2";"1";"1";"1";""
"202100011011";"182Â 046";"A01";"3";"7";"1";"0";"1";"1";"1";""
"202100011012";"182Â 045";"A01";"2";"10";"0";"1";"1";"21";"1";""
"202100011013";"182Â 044";"A01";"1";"15";"3";"0";"7";"0";"1";""
"202100011014";"182Â 043";"A01";"0";"7";"8";"0";"1";"1";"1";""
"202100011015";"182Â 042";"A01";"3";"10";"0";"1";"2";"1";"1";""
"202100011016";"182Â 041";"A01";"1";"7";"3";"0";"3";"1";"1";""
"202100011017";"182Â 039";"A01";"1";"7";"0";"2";"4";"26";"1";""
"202100011017";"182Â 040";"Z01";"1";"7";"0";"0";"0";"0";"0";""
"202100011018";"182Â 036";"A01";"1";"7";"0";"2";"1";"1";"1";""
"202100011018";"182Â 037";"B01";"1";"7";"0";"2";"9";"1";"1";""
"202100011018";"182Â 038";"C01";"1";"7";"0";"0";"1";"1";"1";""
"202100011019";"182Â 034";"B01";"1";"10";"0";"2";"1";"2";"1";""
"202100011019";"182Â 035";"A01";"1";"7";"0";"2";"4";"1";"1";""
"202100011020";"182Â 027";"A01";"2";"7";"0";"2";"4";"2";"1";""
"202100011020";"182Â 028";"B01";"2";"7";"0";"2";"4";"2";"1";""
"202100011020";"182Â 029";"C01";"2";"7";"0";"2";"1";"2";"1";""
"202100011021";"182Â 024";"B01";"2";"7";"0";"2";"4";"11";"1";""
"202100011021";"182Â 025";"A01";"2";"7";"0";"2";"1";"1";"1";""
"202100011021";"182Â 026";"C01";"2";"7";"3";"2";"9";"1";"1";""
"202100011022";"182Â 022";"B01";"2";"7";"0";"2";"6";"1";"1";""
"202100011022";"182Â 023";"A01";"2";"33";"0";"2";"1";"3";"1";""
"202100011023";"182Â 019";"C01";"1";"17";"0";"2";"4";"2";"1";""
"202100011023";"182Â 020";"B01";"1";"7";"0";"2";"4";"2";"1";""
"202100011023";"182Â 021";"A01";"1";"17";"0";"2";"1";"2";"1";""
"202100011024";"182Â 017";"B01";"2";"7";"0";"0";"4";"11";"1";""
"202100011024";"182Â 018";"A01";"2";"33";"0";"2";"1";"1";"1";""
"202100011025";"182Â 015";"B01";"2";"7";"0";"2";"5";"1";"1";""
"202100011025";"182Â 016";"A01";"2";"33";"0";"2";"1";"1";"1";""
"202100011026";"182Â 014";"A01";"2";"32";"0";"2";"0";"1";"1";""
"202100011027";"182Â 012";"B01";"1";"7";"0";"2";"4";"2";"1";""
"202100011027";"182Â 013";"A01";"3";"33";"0";"2";"1";"2";"1";""
"202100011028";"182Â 011";"A01";"2";"7";"4";"0";"3";"21";"1";""
"202100011029";"182Â 008";"Z01";"2";"7";"0";"2";"0";"12";"0";""
"202100011029";"182Â 009";"B01";"2";"10";"0";"2";"8";"1";"1";""
"202100011029";"182Â 010";"A01";"2";"33";"0";"2";"8";"1";"1";""
"202100011030";"182Â 006";"A01";"2";"7";"0";"2";"1";"1";"1";""
"202100011030";"182Â 007";"B01";"2";"10";"0";"2";"4";"1";"1";""
"202100011031";"182Â 004";"A01";"1";"17";"0";"2";"2";"12";"1";""
"202100011031";"182Â 005";"B01";"1";"7";"0";"2";"6";"1";"1";""
"202100011032";"182Â 001";"A01";"1";"10";"0";"2";"6";"23";"1";""
"202100011032";"182Â 002";"B01";"1";"7";"1";"0";"2";"1";"1";""
"202100011032";"182Â 003";"C01";"1";"7";"0";"2";"2";"1";"1";""
"202100011033";"181Â 999";"B01";"1";"7";"0";"2";"4";"0";"1";""
"202100011033";"182Â 000";"A01";"1";"43";"0";"2";"0";"0";"1";""
"202100011034";"181Â 996";"A01";"2";"33";"0";"2";"8";"3";"1";""
"202100011034";"181Â 997";"B01";"2";"7";"0";"2";"2";"18";"1";""
"202100011034";"181Â 998";"C01";"2";"7";"0";"2";"4";"1";"1";""
"202100011035";"181Â 993";"Z01";"2";"13";"0";"2";"1";"2";"0";""
"202100011035";"181Â 994";"B01";"2";"31";"0";"2";"7";"1";"1";""
"202100011035";"181Â 995";"A01";"2";"7";"0";"2";"4";"2";"1";""
"202100011036";"181Â 991";"B01";"1";"17";"0";"0";"6";"1";"1";""
"202100011036";"181Â 992";"A01";"1";"10";"0";"2";"1";"26";"1";""
"202100011037";"181Â 988";"C01";"2";"17";"0";"2";"6";"1";"1";""
"202100011037";"181Â 989";"B01";"2";"43";"0";"2";"5";"1";"1";""
"202100011037";"181Â 990";"A01";"2";"33";"0";"2";"2";"1";"1";""
"202100011038";"181Â 986";"B01";"2";"33";"0";"2";"2";"1";"1";""
"202100011038";"181Â 987";"A01";"2";"7";"0";"2";"6";"11";"1";""
"202100011039";"181Â 985";"A01";"2";"33";"9";"1";"1";"1";"0";""
"202100011040";"181Â 983";"A01";"1";"1";"0";"2";"6";"20";"5";""
"202100011040";"181Â 984";"B01";"1";"7";"12";"0";"0";"0";"1";""
"202100011041";"181Â 982";"A01";"1";"7";"0";"1";"3";"1";"1";""
"202100011042";"181Â 981";"A01";"2";"1";"0";"1";"1";"1";"5";""
"202100011043";"181Â 979";"A01";"2";"7";"0";"2";"1";"1";"1";""
"202100011043";"181Â 980";"B01";"1";"30";"0";"2";"4";"0";"1";""
"202100011044";"181Â 978";"A01";"3";"7";"0";"1";"3";"1";"1";""
"202100011045";"181Â 977";"A01";"3";"50";"0";"1";"2";"16";"3";""
"202100011046";"181Â 976";"A01";"2";"1";"0";"1";"1";"15";"5";""
"202100011047";"181Â 975";"A01";"2";"7";"0";"1";"2";"1";"1";""
"202100011048";"181Â 973";"B01";"3";"10";"0";"2";"3";"24";"1";""
"202100011048";"181Â 974";"A01";"3";"7";"0";"2";"3";"13";"1";""
"202100011049";"181Â 971";"A01";"3";"50";"0";"2";"3";"1";"3";""
"202100011049";"181Â 972";"B01";"3";"7";"0";"9";"3";"0";"0";""
"202100011050";"181Â 969";"A01";"3";"7";"0";"2";"3";"15";"1";""
"202100011050";"181Â 970";"B01";"3";"30";"0";"2";"7";"1";"1";""
"202100011051";"181Â 968";"A01";"3";"7";"2";"0";"1";"15";"1";""
"202100011052";"181Â 966";"A01";"1";"7";"0";"2";"1";"5";"1";""
"202100011052";"181Â 967";"B01";"2";"7";"0";"2";"1";"1";"1";""
"202100011053";"181Â 964";"A01";"3";"7";"0";"2";"3";"9";"1";""
"202100011053";"181Â 965";"B01";"1";"7";"0";"2";"1";"1";"1";""
"202100011054";"181Â 963";"A01";"2";"7";"8";"0";"1";"9";"1";""
"202100011055";"181Â 961";"A01";"1";"33";"0";"2";"7";"1";"1";""
"202100011055";"181Â 962";"B01";"3";"7";"0";"2";"1";"9";"0";""
"202100011056";"181Â 959";"A01";"1";"30";"0";"0";"0";"26";"3";""
"202100011056";"181Â 960";"B01";"1";"7";"0";"0";"0";"16";"1";""
"202100011057";"181Â 957";"A01";"1";"7";"0";"2";"7";"16";"1";""
"202100011057";"181Â 958";"B01";"3";"80";"0";"2";"8";"16";"3";""
"202100011058";"181Â 955";"A01";"1";"30";"0";"2";"1";"2";"1";""
"202100011058";"181Â 956";"B01";"1";"7";"0";"2";"4";"2";"1";""
"202100011059";"181Â 953";"B01";"1";"33";"0";"2";"1";"17";"1";""
"202100011059";"181Â 954";"A01";"1";"7";"0";"2";"3";"15";"1";""
"202100011060";"181Â 951";"A01";"1";"7";"0";"2";"2";"9";"1";""
"202100011060";"181Â 952";"B01";"1";"7";"9";"2";"3";"1";"1";""
"202100011061";"181Â 950";"A01";"1";"7";"8";"0";"8";"14";"1";""
"202100011062";"181Â 948";"A01";"1";"7";"0";"2";"1";"2";"1";""
"202100011062";"181Â 949";"B01";"1";"7";"0";"2";"4";"2";"1";""
"202100011063";"181Â 947";"A01";"1";"7";"0";"1";"2";"1";"1";""
"202100011064";"181Â 946";"A01";"0";"7";"8";"0";"3";"13";"1";""
"202100011065";"181Â 945";"Z01";"3";"7";"0";"1";"0";"0";"0";""
"202100011066";"181Â 943";"A01";"3";"7";"0";"2";"8";"11";"1";""
"202100011066";"181Â 944";"B01";"3";"7";"0";"2";"3";"1";"1";""
"202100011067";"181Â 941";"A01";"1";"7";"0";"2";"3";"13";"1";""
"202100011067";"181Â 942";"B01";"2";"7";"0";"2";"3";"1";"1";""
"202100011068";"181Â 939";"A01";"2";"7";"0";"2";"4";"23";"1";""
"202100011068";"181Â 940";"B01";"2";"10";"14";"0";"1";"1";"1";""
"202100011069";"181Â 938";"A01";"1";"7";"1";"0";"9";"5";"1";""
"202100011070";"181Â 936";"B01";"1";"1";"0";"2";"4";"1";"5";""
"202100011070";"181Â 937";"Z01";"2";"10";"0";"2";"1";"15";"1";""
"202100011071";"181Â 935";"A01";"1";"7";"0";"1";"2";"17";"1";""
"202100011072";"181Â 933";"B01";"2";"1";"0";"4";"1";"1";"5";""
"202100011072";"181Â 934";"A01";"1";"40";"0";"2";"2";"1";"3";""
"202100011073";"181Â 931";"A01";"2";"10";"0";"2";"4";"4";"1";""
"202100011073";"181Â 932";"B01";"2";"32";"0";"2";"1";"1";"1";""
"202100011074";"181Â 929";"B01";"1";"7";"0";"2";"3";"15";"1";""
"202100011074";"181Â 930";"A01";"2";"30";"0";"2";"3";"5";"1";""
"202100011075";"181Â 927";"A01";"2";"7";"8";"2";"1";"19";"1";""
"202100011075";"181Â 928";"B01";"1";"7";"14";"2";"3";"0";"1";""
"202100011076";"181Â 926";"A01";"0";"7";"0";"1";"1";"1";"1";""
"202100011077";"181Â 924";"B01";"1";"1";"0";"2";"8";"2";"5";""
"202100011077";"181Â 925";"A01";"1";"7";"0";"2";"7";"14";"0";""
"202100011078";"181Â 923";"A01";"1";"7";"0";"1";"1";"1";"1";""
"202100011079";"181Â 921";"B01";"3";"7";"0";"2";"1";"1";"2";""
"202100011079";"181Â 922";"A01";"3";"7";"0";"2";"8";"9";"1";""
"202100011080";"181Â 920";"A01";"1";"7";"0";"1";"1";"1";"1";""
"202100011081";"181Â 919";"A01";"2";"30";"0";"0";"0";"1";"1";""
"202100011082";"181Â 917";"B01";"3";"1";"0";"2";"1";"1";"5";""
"202100011082";"181Â 918";"A01";"1";"7";"0";"2";"8";"9";"1";""
"202100011083";"181Â 915";"B01";"2";"50";"0";"2";"7";"1";"3";""
"202100011083";"181Â 916";"A01";"2";"7";"0";"2";"2";"9";"1";""
"202100011084";"181Â 914";"A01";"1";"7";"0";"1";"2";"1";"2";""
"202100011085";"181Â 912";"A01";"1";"2";"0";"2";"1";"2";"1";""
"202100011085";"181Â 913";"B01";"1";"7";"0";"9";"4";"2";"1";""
"202100011086";"181Â 910";"A01";"1";"7";"0";"2";"8";"9";"1";""
"202100011086";"181Â 911";"B01";"1";"10";"0";"2";"2";"1";"1";""
"202100011087";"181Â 909";"A01";"3";"7";"0";"1";"1";"16";"1";""
"202100011088";"181Â 907";"B01";"1";"31";"0";"2";"1";"1";"0";""
"202100011088";"181Â 908";"A01";"2";"7";"0";"2";"1";"15";"1";""
"202100011089";"181Â 906";"A01";" -1";"31";"12";"0";"1";"1";"1";""
"202100011090";"181Â 904";"B01";"1";"1";"0";"2";"1";"1";"5";""
"202100011090";"181Â 905";"A01";"1";"7";"0";"2";"6";"9";"1";""
"202100011091";"181Â 902";"A01";"1";"7";"0";"2";"1";"2";"1";""
"202100011091";"181Â 903";"B01";"1";"7";"0";"2";"4";"23";"1";""
"202100011092";"181Â 900";"A01";"1";"7";"0";"2";"0";"9";"1";""
"202100011092";"181Â 901";"B01";"3";"1";"0";"2";"7";"9";"5";""
"202100011093";"181Â 898";"A01";"2";"7";"0";"2";"3";"15";"0";""
"202100011093";"181Â 899";"B01";"1";"31";"0";"2";"1";"17";"0";""
"202100011094";"181Â 897";"A01";"2";"10";"0";"1";"0";"1";"1";""
"202100011095";"181Â 895";"A01";"1";"7";"0";"2";"1";"15";"1";""
"202100011095";"181Â 896";"B01";"1";"1";"0";"2";"1";"1";"5";""
"202100011096";"181Â 893";"B01";"3";"7";"0";"2";"6";"1";"1";""
"202100011096";"181Â 894";"A01";"3";"7";"0";"2";"2";"1";"1";""
"202100011097";"181Â 892";"A01";"1";"7";"2";"0";"1";"16";"1";""
"202100011098";"181Â 890";"B01";"2";"50";"0";"2";"1";"19";"3";""
"202100011098";"181Â 891";"A01";"2";"7";"0";"2";"3";"15";"1";""
"202100011099";"181Â 888";"A01";"1";"7";"0";"2";"3";"10";"2";""
"202100011099";"181Â 889";"B01";"1";"7";"0";"2";"2";"17";"1";""
"202100011100";"181Â 887";"A01";"3";"10";"0";"1";"2";"15";"1";""
"202100011101";"181Â 885";"A01";"1";"7";"0";"2";"3";"15";"1";""
"202100011101";"181Â 886";"B01";"2";"32";"0";"2";"1";"17";"1";""
"202100011102";"181Â 883";"A01";"0";"10";"0";"2";"5";"26";"1";""
"202100011102";"181Â 884";"B01";"3";"10";"0";"2";"0";"26";"1";""
"202100011103";"181Â 881";"B01";"1";"7";"0";"2";"3";"15";"0";""
"202100011103";"181Â 882";"A01";"2";"32";"0";"2";"2";"13";"1";""
"202100011104";"181Â 880";"A01";"1";"7";"1";"0";"2";"14";"1";""
"202100011105";"181Â 878";"A01";"1";"7";"0";"2";"4";"2";"1";""
"202100011105";"181Â 879";"B01";"1";"7";"0";"2";"1";"2";"1";""
"202100011106";"181Â 877";"A01";"3";"1";"0";"0";"0";"0";"5";""
"202100011107";"181Â 875";"A01";"1";"30";"0";"2";"1";"1";"1";""
"202100011107";"181Â 876";"B01";"1";"10";"0";"2";"4";"1";"1";""
"202100011108";"181Â 873";"A01";"2";"7";"0";"2";"6";"2";"1";""
"202100011108";"181Â 874";"Z01";"2";"7";"0";"2";"2";"2";"0";""
"202100011109";"181Â 872";"A01";"1";"10";"0";"1";"3";"15";"1";""
"202100011110";"181Â 870";"A01";"1";"1";"0";"2";"1";"1";"5";""
"202100011110";"181Â 871";"Z01";"2";"1";"0";"2";"1";"13";"5";""
"202100011111";"181Â 869";"A01";"1";"30";"0";"1";"1";"1";"3";""
"202100011112";"181Â 868";"A01";"1";"33";"0";"1";"2";"25";"1";""
"202100011113";"181Â 866";"B01";"1";"14";"0";"2";"2";"1";"1";""
"202100011113";"181Â 867";"A01";"1";"7";"0";"2";"3";"22";"1";""
"202100011114";"181Â 865";"A01";"1";"7";"0";"1";"8";"1";"2";""
"202100011115";"181Â 864";"A01";"1";"30";"0";"1";"1";"1";"1";""
"202100011116";"181Â 863";"Z01";"1";"10";"0";"1";"4";"20";"0";""
"202100011117";"181Â 862";"A01";"2";"2";"0";"1";"1";"7";"1";""
"202100011118";"181Â 860";"B01";"3";"34";"0";"2";"1";"1";"1";""
"202100011118";"181Â 861";"A01";"3";"7";"0";"2";"7";"1";"1";""
"202100011119";"181Â 859";"A01";"1";"43";"0";"0";"0";"1";"1";""
"202100011120";"181Â 857";"B01";"2";"50";"0";"2";"3";"1";"3";""
"202100011120";"181Â 858";"A01";"2";"7";"14";"0";"3";"9";"1";""
"202100011121";"181Â 855";"A01";"2";"7";"0";"0";"0";"0";"1";""
"202100011121";"181Â 856";"B01";"1";"7";"0";"2";"7";"15";"1";""
"202100011122";"181Â 853";"B01";"2";"7";"0";"2";"6";"15";"1";""
"202100011122";"181Â 854";"A01";"2";"33";"0";"2";"2";"15";"1";""
"202100011123";"181Â 852";"A01";"3";"7";"0";"1";"1";"1";"1";""
"202100011124";"181Â 849";"A01";"2";"7";"14";"0";"1";"2";"1";""
"202100011124";"181Â 850";"B01";"2";"7";"0";"2";"4";"23";"1";""
"202100011124";"181Â 851";"C01";"2";"7";"0";"2";"4";"23";"1";""
"202100011125";"181Â 847";"A01";"0";"7";"0";"2";"3";"1";"2";""
"202100011125";"181Â 848";"B01";"0";"10";"0";"2";"9";"1";"1";""
"202100011126";"181Â 845";"B01";"1";"34";"14";"2";"2";"26";"1";""
"202100011126";"181Â 846";"A01";"1";"7";"0";"2";"2";"19";"1";""
"202100011127";"181Â 843";"A01";"2";"7";"0";"0";"3";"11";"1";""
"202100011127";"181Â 844";"B01";"2";"33";"0";"0";"2";"17";"1";""
"202100011128";"181Â 842";"A01";" -1";"7";"0";"1";"3";"1";"1";""
"202100011129";"181Â 841";"A01";"1";"10";"0";"1";"1";"15";"1";""
"202100011130";"181Â 839";"B01";"1";"33";"0";"2";"1";"1";"1";""
"202100011130";"181Â 840";"A01";"1";"10";"0";"2";"3";"16";"1";""
"202100011131";"181Â 837";"A01";"0";"7";"0";"0";"0";"21";"2";""
"202100011131";"181Â 838";"B01";"0";"1";"0";"0";"0";"0";"0";""
"202100011132";"181Â 835";"A01";"1";"14";"0";"2";"5";"15";"1";""
"202100011132";"181Â 836";"B01";"3";"32";"0";"2";"2";"1";"1";""
"202100011133";"181Â 833";"A01";"2";"7";"0";"2";"2";"16";"1";""
"202100011133";"181Â 834";"B01";"2";"32";"0";"2";"8";"1";"1";""
"202100011134";"181Â 831";"A01";"2";"34";"0";"2";"1";"16";"1";""
"202100011134";"181Â 832";"B01";"1";"7";"0";"2";"2";"1";"2";""
"202100011135";"181Â 829";"B01";"1";"7";"0";"2";"4";"9";"0";""
"202100011135";"181Â 830";"A01";"2";"7";"0";"2";"1";"2";"3";""
"202100011136";"181Â 827";"A01";"2";"7";"0";"2";"1";"13";"1";""
"202100011136";"181Â 828";"B01";"1";"7";"0";"2";"1";"1";"1";""
"202100011137";"181Â 826";"A01";"2";"7";"0";"1";"1";"1";"1";""
"202100011138";"181Â 824";"B01";"1";"7";"0";"0";"1";"1";"1";""
"202100011138";"181Â 825";"A01";"2";"7";"0";"2";"1";"13";"1";""
"202100011139";"181Â 821";"A01";"2";"33";"0";"2";"1";"5";"0";""
"202100011139";"181Â 822";"B01";"1";"7";"0";"2";"6";"1";"1";""
"202100011139";"181Â 823";"C01";"1";"7";"0";"2";"1";"1";"1";""
"202100011140";"181Â 819";"B01";"1";"2";"0";"2";"1";"1";"1";""
"202100011140";"181Â 820";"A01";"1";"2";"0";"2";"3";"15";"1";""
"202100011141";"181Â 818";"A01";"2";"15";"3";"0";"2";"1";"1";""
"202100011142";"181Â 817";"A01";"1";"7";"3";"0";"2";"1";"1";""
"202100011143";"181Â 815";"B01";"1";"2";"0";"2";"1";"2";"1";""
"202100011143";"181Â 816";"A01";"1";"7";"0";"2";"4";"0";"1";""
"202100011144";"181Â 813";"B01";"2";"7";"15";"0";"7";"1";"1";""
"202100011144";"181Â 814";"A01";"1";"7";"6";"0";"3";"5";"1";""
"202100011145";"181Â 809";"A01";"1";"7";"11";"2";"7";"6";"1";""
"202100011145";"181Â 810";"B01";"1";"7";"6";"2";"8";"2";"1";""
"202100011146";"181Â 808";"A01";"0";"7";"13";"0";"9";"1";"1";""
"202100011147";"181Â 806";"A01";"1";"7";"0";"5";"4";"26";"1";""
"202100011147";"181Â 807";"B01";"1";"7";"0";"2";"1";"1";"1";""
"202100011148";"181Â 805";"A01";"0";"7";"2";"0";"1";"1";"1";""
"202100011149";"181Â 801";"B01";"2";"1";"0";"2";"1";"0";"5";""
"202100011149";"181Â 802";"A01";"2";"7";"0";"9";"7";"1";"1";""
"202100011150";"181Â 800";"A01";"2";"7";"0";"0";"1";"1";"1";""
"202100011151";"181Â 799";"A01";"0";"7";"0";"0";"9";"1";"1";""
"202100011152";"181Â 798";"A01";"1";"14";"3";"0";"8";"1";"1";""
"202100011153";"181Â 796";"B01";"1";"1";"0";"0";"8";"16";"5";""
"202100011153";"181Â 797";"A01";"2";"7";"0";"2";"3";"15";"1";""
"202100011154";"181Â 794";"B01";"3";"33";"0";"2";"1";"1";"1";""
"202100011154";"181Â 795";"A01";"3";"7";"0";"0";"7";"15";"1";""
"202100011155";"181Â 793";"A01";"2";"7";"13";"0";"2";"1";"1";""
"202100011156";"181Â 792";"A01";"1";"10";"6";"0";"2";"0";"1";""
"202100011157";"181Â 790";"A01";"2";"10";"0";"2";"8";"19";"1";""
"202100011157";"181Â 791";"B01";"2";"33";"0";"2";"1";"1";"1";""
"202100011158";"181Â 788";"B01";"1";"7";"0";"2";"7";"1";"1";""
"202100011158";"181Â 789";"A01";"3";"7";"0";"2";"3";"9";"1";""
"202100011159";"181Â 784";"A01";"1";"2";"0";"2";"1";"17";"1";""
"202100011159";"181Â 785";"B01";"2";"2";"0";"2";"1";"1";"1";""
"202100011160";"181Â 782";"B01";"2";"1";"0";"2";"1";"1";"5";""
"202100011160";"181Â 783";"A01";"1";"3";"0";"2";"1";"15";"1";""
"202100011161";"181Â 781";"A01";"2";"33";"0";"0";"8";"17";"1";""
"202100011162";"181Â 779";"B01";"2";"15";"0";"2";"2";"13";"1";""
"202100011162";"181Â 780";"A01";"1";"7";"0";"2";"1";"5";"1";""
"202100011163";"181Â 777";"B01";"2";"7";"13";"2";"3";"1";"1";""
"202100011163";"181Â 778";"A01";"1";"33";"0";"2";"9";"1";"1";""
"202100011164";"181Â 775";"A01";"2";"17";"0";"0";"3";"16";"1";""
"202100011165";"181Â 773";"B01";"0";"7";"0";"2";"8";"15";"1";""
"202100011165";"181Â 774";"A01";"3";"14";"0";"2";"2";"1";"6";""
"202100011166";"181Â 771";"B01";"2";"7";"0";"2";"3";"23";"1";""
"202100011166";"181Â 772";"A01";"2";"33";"0";"2";"8";"1";"1";""
"202100011167";"181Â 769";"B01";"2";"17";"0";"2";"3";"1";"1";""
"202100011167";"181Â 770";"A01";"1";"10";"0";"2";"1";"13";"1";""
"202100011168";"181Â 767";"A01";"3";"2";"0";"9";"2";"13";"1";""
"202100011168";"181Â 768";"B01";"3";"1";"0";"2";"1";"1";"6";""
"202100011169";"181Â 765";"A01";"1";"7";"0";"2";"7";"2";"1";""
"202100011169";"181Â 766";"B01";"1";"80";"0";"2";"8";"2";"3";""
"202100011170";"181Â 763";"B01";"1";"21";"0";"0";"4";"2";"0";""
"202100011170";"181Â 764";"A01";"1";"7";"0";"2";"1";"0";"1";""
"202100011171";"181Â 761";"A01";"2";"7";"0";"2";"2";"1";"1";""
"202100011171";"181Â 762";"B01";"1";"33";"0";"2";"1";"16";"1";""
"202100011172";"181Â 759";"A01";"2";"10";"0";"2";"1";"1";"1";""
"202100011172";"181Â 760";"B01";"2";"7";"0";"2";"3";"1";"1";""
"202100011173";"181Â 757";"A01";"2";"7";"0";"0";"3";"15";"1";""
"202100011173";"181Â 758";"B01";"1";"1";"0";"2";"8";"1";"5";""
"202100011174";"181Â 755";"A01";"1";"7";"0";"2";"2";"2";"1";""
"202100011174";"181Â 756";"B01";"1";"14";"0";"0";"5";"2";"1";""
"202100011175";"181Â 753";"B01";"2";"7";"3";"2";"2";"13";"1";""