"Num_Acc";"id_vehicule";"num_veh";"senc";"catv";"obs";"obsm";"choc";"manv";"motor";"occutc"
"202100011175";"181Â 754";"A01";"1";"7";"3";"2";"1";"1";"1";""
"202100011176";"181Â 752";"A01";"2";"7";"0";"1";"3";"2";"1";""
"202100011177";"181Â 751";"A01";"1";"7";"6";"0";"1";"1";"1";""
"202100011178";"181Â 750";"A01";"2";"7";"14";"0";"1";"1";"1";""
"202100011179";"181Â 749";"A01";"1";"33";"0";"0";"0";"16";"1";""
"202100011180";"181Â 744";"E01";"1";"10";"0";"2";"1";"2";"1";""
"202100011180";"181Â 745";"D01";"1";"10";"0";"2";"4";"2";"1";""
"202100011180";"181Â 746";"C01";"1";"7";"0";"2";"4";"1";"1";""
"202100011180";"181Â 747";"B01";"1";"10";"0";"2";"4";"2";"1";""
"202100011180";"181Â 748";"A01";"1";"7";"0";"2";"4";"1";"1";""
"202100011181";"181Â 743";"A01";"1";"7";"0";"5";"1";"1";"1";""
"202100011182";"181Â 742";"A01";"1";"7";"4";"0";"1";"2";"1";""
"202100011183";"181Â 741";"A01";"3";"33";"0";"0";"1";"1";"1";""
"202100011184";"181Â 738";"C01";"0";"7";"0";"0";"0";"1";"1";""
"202100011184";"181Â 739";"B01";"0";"7";"0";"0";"0";"1";"1";""
"202100011184";"181Â 740";"A01";"0";"31";"0";"0";"0";"3";"1";""
"202100011185";"181Â 736";"A01";"2";"31";"0";"2";"1";"3";"1";""
"202100011185";"181Â 737";"B01";"2";"7";"0";"2";"4";"1";"1";""
"202100011186";"181Â 735";"A01";"2";"32";"0";"2";"8";"1";"1";""
"202100011187";"181Â 733";"A01";"2";"7";"0";"1";"1";"16";"1";""
"202100011187";"181Â 734";"B01";"3";"50";"0";"2";"1";"26";"3";""
"202100011188";"181Â 731";"B01";"3";"3";"0";"0";"5";"1";"1";""
"202100011188";"181Â 732";"A01";"1";"3";"0";"0";"1";"1";"1";""
"202100011189";"181Â 730";"A01";"1";"7";"2";"0";"1";"13";"1";""
"202100011190";"181Â 728";"B01";"2";"7";"0";"2";"1";"9";"3";""
"202100011190";"181Â 729";"A01";"2";"7";"0";"2";"1";"13";"1";""
"202100011191";"181Â 727";"A01";"2";"7";"14";"0";"1";"26";"1";""
"202100011192";"181Â 725";"B01";"2";"7";"0";"2";"0";"0";"1";""
"202100011192";"181Â 726";"A01";"1";"7";"0";"2";"1";"26";"1";""
"202100011193";"181Â 723";"A01";"1";"7";"9";"2";"2";"1";"1";""
"202100011193";"181Â 724";"B01";"2";"7";"0";"2";"1";"1";"1";""
"202100011194";"181Â 720";"A01";"1";"7";"0";"2";"1";"13";"1";""
"202100011194";"181Â 721";"B01";"1";"7";"0";"2";"8";"1";"1";""
"202100011194";"181Â 722";"C01";"2";"7";"0";"2";"1";"1";"2";""
"202100011195";"181Â 718";"A01";"1";"31";"1";"2";"1";"17";"1";""
"202100011195";"181Â 719";"B01";"1";"7";"0";"2";"5";"15";"1";""
"202100011196";"181Â 717";"A01";"2";"31";"12";"0";"1";"1";"1";""
"202100011197";"181Â 716";"A01";"0";"7";"1";"1";"1";"20";"1";""
"202100011198";"181Â 714";"A01";"3";"50";"0";"2";"1";"1";"3";""
"202100011198";"181Â 715";"B01";"3";"7";"0";"2";"0";"1";"1";""
"202100011199";"181Â 713";"A01";"2";"30";"0";"1";"1";"1";"1";""
"202100011200";"181Â 712";"A01";"2";"7";"0";"1";"2";"15";"1";""
"202100011201";"181Â 711";"A01";"2";"7";"1";"0";"2";"14";"1";""
"202100011202";"181Â 709";"A01";"2";"2";"0";"2";"1";"1";"1";""
"202100011202";"181Â 710";"B01";"3";"7";"0";"2";"8";"15";"1";""
"202100011203";"181Â 707";"B01";"1";"7";"0";"2";"1";"1";"1";""
"202100011203";"181Â 708";"A01";"1";"7";"0";"2";"3";"1";"1";""
"202100011204";"181Â 706";"A01";"1";"7";"0";"1";"2";"1";"1";""
"202100011205";"181Â 704";"B01";"3";"31";"0";"2";"0";"1";"1";""
"202100011205";"181Â 705";"A01";"3";"7";"0";"2";"0";"15";"1";""
"202100011206";"181Â 702";"A01";"1";"37";"0";"2";"7";"1";"1";"1"
"202100011206";"181Â 703";"B01";"1";"1";"0";"2";"8";"1";"5";""
"202100011207";"181Â 700";"A01";"3";"7";"0";"2";"3";"15";"1";""
"202100011207";"181Â 701";"B01";"3";"50";"0";"2";"2";"1";"3";""
"202100011208";"181Â 698";"A01";"2";"7";"0";"2";"1";"1";"1";""
"202100011208";"181Â 699";"B01";"1";"1";"0";"2";"1";"13";"5";""
"202100011209";"181Â 696";"B01";"2";"30";"0";"2";"8";"1";"3";""
"202100011209";"181Â 697";"A01";"2";"7";"0";"2";"2";"1";"1";""
"202100011210";"181Â 694";"A01";"3";"50";"0";"2";"1";"19";"3";""
"202100011210";"181Â 695";"B01";"1";"7";"0";"2";"1";"1";"1";""
"202100011211";"181Â 692";"B01";"0";"2";"0";"2";"1";"1";"1";""
"202100011211";"181Â 693";"A01";"0";"7";"0";"2";"1";"1";"1";""
"202100011212";"181Â 691";"A01";"1";"7";"0";"1";"2";"1";"1";""
"202100011213";"181Â 689";"B01";"0";"7";"0";"2";"3";"1";"1";""
"202100011213";"181Â 690";"A01";"0";"30";"0";"2";"1";"19";"1";""
"202100011214";"181Â 686";"A01";"1";"7";"0";"2";"9";"18";"1";""
"202100011214";"181Â 687";"B01";"1";"7";"0";"2";"5";"2";"1";""
"202100011214";"181Â 688";"C01";"1";"7";"0";"2";"6";"0";"1";""
"202100011215";"181Â 684";"A01";"3";"7";"0";"2";"2";"9";"1";""
"202100011215";"181Â 685";"B01";"3";"33";"0";"2";"1";"1";"1";""
"202100011216";"181Â 682";"A01";"0";"7";"0";"2";"6";"19";"2";""
"202100011216";"181Â 683";"B01";"1";"50";"0";"2";"1";"1";"3";""
"202100011217";"181Â 681";"A01";"1";"7";"0";"1";"1";"1";"1";""
"202100011218";"181Â 679";"A01";"2";"7";"12";"0";"3";"20";"1";""
"202100011218";"181Â 680";"B01";"2";"50";"0";"2";"0";"1";"3";""
"202100011219";"181Â 678";"A01";"1";"7";"8";"0";"0";"0";"1";""
"202100011220";"181Â 677";"A01";"2";"7";"0";"1";"3";"1";"1";""
"202100011221";"181Â 675";"A01";"1";"7";"0";"2";"2";"26";"1";""
"202100011221";"181Â 676";"B01";"1";"33";"0";"2";"1";"15";"0";""
"202100011222";"181Â 674";"A01";"2";"7";"13";"0";"9";"1";"1";""
"202100011223";"181Â 672";"A01";"2";"7";"0";"2";"4";"9";"1";""
"202100011223";"181Â 673";"B01";"2";"33";"0";"2";"5";"9";"1";""
"202100011224";"181Â 670";"B01";"0";"33";"0";"2";"8";"1";"1";""
"202100011224";"181Â 671";"A01";"3";"7";"0";"2";"1";"23";"1";""
"202100011225";"181Â 666";"B01";"3";"7";"0";"2";"3";"1";"1";""
"202100011225";"181Â 667";"A01";"3";"7";"0";"2";"3";"1";"1";""
"202100011226";"181Â 664";"B01";"2";"7";"0";"2";"1";"1";"1";""
"202100011226";"181Â 665";"A01";"1";"7";"0";"2";"1";"15";"1";""
"202100011227";"181Â 663";"A01";"0";"7";"6";"0";"1";"10";"1";""
"202100011228";"181Â 661";"A01";"1";"10";"0";"9";"1";"9";"0";""
"202100011228";"181Â 662";"V01";"3";"1";"0";"2";"4";"19";"5";""
"202100011229";"181Â 659";"A01";"2";"15";"0";"2";"3";"1";"1";""
"202100011229";"181Â 660";"B01";"2";"7";"0";"2";"5";"12";"1";""
"202100011230";"181Â 658";"A01";"1";"7";"4";"0";"2";"14";"1";""
"202100011231";"181Â 657";"A01";"1";"7";"0";"1";"2";"16";"1";""
"202100011232";"181Â 655";"A01";"2";"7";"0";"2";"3";"13";"1";""
"202100011232";"181Â 656";"B01";"2";"30";"0";"2";"7";"5";"1";""
"202100011233";"181Â 653";"A01";"1";"32";"0";"2";"2";"1";"1";""
"202100011233";"181Â 654";"B01";"1";"1";"0";"2";"1";"1";"5";""
"202100011234";"181Â 651";"A01";"1";"33";"0";"2";"1";"5";"1";""
"202100011234";"181Â 652";"B01";"1";"30";"0";"2";"8";"5";"1";""
"202100011235";"181Â 649";"A01";"2";"50";"0";"2";"0";"16";"3";""
"202100011235";"181Â 650";"B01";"3";"43";"0";"2";"2";"1";"1";""
"202100011236";"181Â 647";"A01";"1";"7";"0";"2";"2";"2";"1";""
"202100011236";"181Â 648";"B01";"1";"30";"0";"2";"4";"23";"1";""
"202100011237";"181Â 646";"A01";"1";"43";"0";"1";"1";"16";"1";""
"202100011238";"181Â 644";"A01";"1";"32";"0";"2";"1";"1";"1";""
"202100011238";"181Â 645";"B01";"1";"7";"0";"2";"7";"15";"2";""
"202100011239";"181Â 642";"A01";"1";"30";"0";"2";"7";"18";"1";""
"202100011239";"181Â 643";"B01";"1";"7";"0";"2";"7";"16";"1";""
"202100011240";"181Â 640";"A01";"3";"1";"0";"2";"6";"1";"5";""
"202100011240";"181Â 641";"Z01";"3";"7";"0";"2";"1";"15";"0";""
"202100011241";"181Â 639";"Z01";"1";"10";"0";"1";"1";"1";"1";""
"202100011242";"181Â 637";"A01";"1";"31";"0";"2";"7";"17";"1";""
"202100011242";"181Â 638";"B01";"1";"7";"0";"2";"8";"15";"1";""
"202100011243";"181Â 635";"B01";"1";"1";"0";"2";"1";"1";"5";""
"202100011243";"181Â 636";"A01";"1";"7";"0";"2";"3";"15";"2";""
"202100011244";"181Â 633";"Z01";"2";"1";"0";"2";"0";"13";"5";""
"202100011244";"181Â 634";"A01";"1";"1";"0";"2";"1";"1";"5";""
"202100011245";"181Â 632";"A01";"2";"7";"0";"1";"2";"1";"1";""
"202100011246";"181Â 630";"A01";"2";"32";"0";"0";"1";"1";"1";""
"202100011246";"181Â 631";"B01";"1";"7";"0";"0";"1";"1";"1";""
"202100011247";"181Â 629";"A01";"3";"7";"0";"1";"2";"16";"1";""
"202100011248";"181Â 627";"B01";" -1";"37";"0";"2";"4";"1";"1";"1"
"202100011248";"181Â 628";"A01";" -1";"37";"0";"2";"1";"1";"2";"1"
"202100011249";"181Â 625";"B01";"0";"30";"0";"2";"1";"7";"0";""
"202100011249";"181Â 626";"A01";"1";"30";"12";"2";"4";"11";"1";""
"202100011250";"181Â 623";"B01";"1";"2";"0";"2";"1";"19";"3";""
"202100011250";"181Â 624";"A01";"2";"7";"0";"2";"3";"1";"1";""
"202100011251";"181Â 620";"A01";" -1";"3";"0";"2";"2";"12";"1";""
"202100011251";"181Â 621";"B01";" -1";"3";"1";"2";"8";"1";"1";""
"202100011251";"181Â 622";"C01";" -1";"3";"1";"0";"6";"0";"1";""
"202100011252";"181Â 618";"B01";" -1";"7";"12";"0";"0";"16";"0";""
"202100011252";"181Â 619";"A01";"3";"7";"12";"0";"3";"14";"1";""
"202100011253";"181Â 616";"B01";"1";"7";"0";"2";"3";"0";"1";""
"202100011253";"181Â 617";"A01";"1";"7";"0";"2";"2";"26";"1";""
"202100011254";"181Â 615";"A01";"2";"0";"0";"1";"8";"1";"0";""
"202100011255";"181Â 613";"A01";"3";"7";"0";"2";"3";"15";"3";""
"202100011255";"181Â 614";"B01";"3";"31";"0";"2";"4";"23";"1";""
"202100011256";"181Â 611";"A01";"1";"33";"0";"2";"1";"2";"1";""
"202100011256";"181Â 612";"B01";"1";"7";"0";"2";"4";"23";"1";""
"202100011257";"181Â 609";"B01";"1";"14";"0";"2";"3";"1";"1";""
"202100011257";"181Â 610";"A01";"2";"14";"0";"2";"3";"15";"1";""
"202100011258";"181Â 608";"A01";"3";"7";"0";"1";"4";"20";"1";""
"202100011259";"181Â 607";"A01";"0";"33";"8";"0";"7";"1";"1";""
"202100011260";"181Â 606";"A01";"3";"7";"13";"0";"3";"1";"1";""
"202100011261";"181Â 605";"A01";"2";"33";"4";"0";"8";"0";"1";""
"202100011262";"181Â 604";"A01";"3";"33";"0";"0";"0";"2";"1";""
"202100011263";"181Â 603";"A01";"1";"7";"0";"1";"2";"1";"1";""
"202100011264";"181Â 602";"A01";"1";"7";"2";"0";"1";"1";"1";""
"202100011265";"181Â 600";"B01";"2";"7";"0";"2";"1";"1";"1";""
"202100011265";"181Â 601";"A01";"1";"7";"0";"2";"1";"1";"1";""
"202100011266";"181Â 599";"A01";"1";"7";"13";"0";"3";"21";"1";""
"202100011267";"181Â 598";"A01";"2";"13";"13";"0";"3";"1";"1";""
"202100011268";"181Â 596";"A01";"1";"7";"0";"2";"3";"1";"1";""
"202100011268";"181Â 597";"B01";"2";"21";"0";"2";"3";"13";"1";""
"202100011269";"181Â 594";"A01";"3";"2";"0";"2";"3";"1";"1";""
"202100011269";"181Â 595";"B01";"3";"7";"0";"2";"3";"1";"1";""
"202100011270";"181Â 589";"C01";"1";"7";"0";"2";"3";"1";"1";""
"202100011270";"181Â 590";"A01";"1";"7";"0";"2";"2";"21";"1";""
"202100011270";"181Â 591";"D01";"1";"7";"0";"2";"3";"1";"1";""
"202100011270";"181Â 592";"B01";"2";"7";"0";"2";"1";"1";"1";""
"202100011270";"181Â 593";"E01";"1";"7";"0";"2";"6";"15";"1";""
"202100011271";"181Â 588";"A01";"3";"7";"0";"1";"1";"15";"1";""
"202100011272";"181Â 586";"A01";"2";"7";"0";"2";"3";"1";"1";""
"202100011272";"181Â 587";"B01";"1";"7";"0";"2";"3";"1";"1";""
"202100011273";"181Â 583";"B01";"2";"7";"0";"0";"2";"1";"1";""
"202100011273";"181Â 584";"A01";"2";"7";"0";"0";"8";"19";"1";""
"202100011274";"181Â 582";"A01";"2";"7";"14";"0";"2";"2";"1";""
"202100011275";"181Â 581";"A01";"3";"7";"0";"1";"8";"1";"1";""
"202100011276";"181Â 580";"A01";"3";"7";"0";"1";"2";"20";"1";""
"202100011277";"181Â 579";"A01";"2";"1";"0";"0";"0";"1";"5";""
"202100011278";"181Â 577";"A01";"2";"33";"0";"2";"3";"2";"1";""
"202100011278";"181Â 578";"B01";"2";"33";"0";"2";"5";"2";"1";""
"202100011279";"181Â 575";"B01";"2";"33";"0";"2";"1";"1";"1";""
"202100011279";"181Â 576";"A01";"2";"7";"0";"2";"7";"19";"2";""
"202100011280";"181Â 573";"A01";"0";"21";"0";"2";"2";"0";"1";""
"202100011280";"181Â 574";"B01";"3";"33";"0";"2";"1";"26";"1";""
"202100011281";"181Â 571";"A01";"1";"7";"0";"2";"2";"2";"1";""
"202100011281";"181Â 572";"B01";"1";"2";"0";"0";"4";"2";"1";""
"202100011282";"181Â 569";"A01";"2";"7";"0";"2";"6";"15";"1";""
"202100011282";"181Â 570";"B01";"1";"33";"0";"2";"1";"1";"1";""
"202100011283";"181Â 568";"A01";"1";"7";"0";"2";"3";"1";"1";""
"202100011284";"181Â 566";"A01";"1";"1";"0";"2";"0";"0";"5";""
"202100011284";"181Â 567";"B01";"1";"7";"0";"2";"2";"2";"1";""
"202100011285";"181Â 564";"A01";"2";"10";"0";"0";"7";"1";"1";""
"202100011285";"181Â 565";"B01";"2";"7";"0";"2";"3";"16";"1";""
"202100011286";"181Â 563";"A01";"3";"7";"0";"0";"1";"26";"1";""
"202100011287";"181Â 560";"A01";"2";"7";"13";"0";"0";"1";"1";""
"202100011288";"181Â 559";"A01";"1";"33";"7";"0";"0";"6";"1";""
"202100011289";"181Â 557";"B01";"0";"7";"0";"0";"3";"1";"1";""
"202100011289";"181Â 558";"A01";"0";"33";"0";"2";"1";"1";"1";""
"202100011290";"181Â 554";"B01";"1";"7";"2";"2";"2";"1";"1";""
"202100011290";"181Â 555";"A01";"1";"7";"13";"2";"1";"19";"1";""
"202100011291";"181Â 552";"B01";"2";"7";"0";"2";"1";"1";"1";""
"202100011291";"181Â 553";"A01";"1";"7";"0";"2";"1";"17";"1";""
"202100011292";"181Â 551";"A01";"1";"2";"0";"1";"1";"3";"1";""
"202100011293";"181Â 550";"A01";"2";"7";"17";"0";"1";"14";"1";""
"202100011294";"181Â 549";"A01";"0";"33";"8";"0";"0";"1";"1";""
"202100011295";"181Â 547";"B01";"2";"33";"0";"2";"4";"1";"1";""
"202100011295";"181Â 548";"A01";"2";"7";"0";"2";"1";"1";"1";""
"202100011296";"181Â 545";"B01";"1";"7";"0";"0";"4";"1";"1";""
"202100011296";"181Â 546";"A01";"1";"7";"0";"2";"1";"1";"2";""
"202100011297";"181Â 542";"A01";"2";"7";"0";"0";"2";"23";"1";""
"202100011297";"181Â 543";"B01";"2";"7";"0";"2";"1";"1";"1";""
"202100011298";"181Â 540";"A01";"0";"7";"0";"2";"1";"1";"1";""
"202100011298";"181Â 541";"B01";"3";"7";"0";"0";"5";"10";"1";""
"202100011299";"181Â 539";"A01";"0";"32";"0";"0";"0";"1";"1";""
"202100011300";"181Â 538";"A01";"0";"2";"0";"0";"0";"1";"1";""
"202100011301";"181Â 537";"A01";"3";"7";"0";"1";"3";"13";"1";""
"202100011302";"181Â 536";"A01";"2";"33";"0";"1";"1";"1";"1";""
"202100011303";"181Â 535";"A01";"2";"7";"2";"0";"9";"13";"1";""
"202100011304";"181Â 534";"A01";"1";"7";"2";"0";"1";"2";"1";""
"202100011305";"181Â 532";"A01";"1";"32";"0";"2";"1";"2";"1";""
"202100011305";"181Â 533";"B01";"1";"1";"0";"2";"4";"2";"5";""
"202100011306";"181Â 530";"A01";"1";"7";"0";"2";"1";"15";"1";""
"202100011306";"181Â 531";"B01";"2";"2";"0";"2";"1";"1";"1";""
"202100011307";"181Â 528";"A01";"3";"7";"0";"2";"2";"6";"1";""
"202100011307";"181Â 529";"B01";"3";"33";"0";"2";"1";"1";"1";""
"202100011308";"181Â 525";"C01";"2";"17";"0";"2";"8";"1";"1";""
"202100011308";"181Â 526";"B01";"2";"7";"0";"2";"9";"1";"1";""
"202100011308";"181Â 527";"A01";"2";"7";"0";"2";"1";"2";"1";""
"202100011309";"181Â 524";"A01";"1";"33";"0";"0";"0";"0";"1";""
"202100011310";"181Â 522";"A01";"1";"7";"0";"2";"3";"19";"1";""
"202100011310";"181Â 523";"B01";"1";"7";"0";"2";"2";"1";"1";""
"202100011311";"181Â 521";"A01";"2";"7";"0";"1";"2";"1";"1";""
"202100011312";"181Â 519";"A01";"1";"7";"0";"2";"3";"15";"1";""
"202100011312";"181Â 520";"B01";"2";"2";"0";"2";"1";"15";"1";""
"202100011313";"181Â 517";"A01";"2";"43";"0";"2";"3";"17";"1";""
"202100011313";"181Â 518";"B01";"2";"21";"0";"2";"6";"1";"1";""
"202100011314";"181Â 516";"A01";"2";"7";"16";"0";"1";"0";"1";""
"202100011315";"181Â 515";"A01";"0";"7";"0";"1";"3";"1";"0";""
"202100011316";"181Â 512";"B01";"3";"32";"0";"0";"4";"9";"1";""
"202100011316";"181Â 513";"A01";"3";"7";"0";"2";"1";"2";"1";""
"202100011317";"181Â 510";"A01";"1";"7";"0";"0";"1";"15";"1";""
"202100011317";"181Â 511";"B01";"1";"7";"0";"2";"1";"1";"1";""
"202100011318";"181Â 508";"B01";"0";"7";"0";"2";"1";"1";"1";""
"202100011318";"181Â 509";"A01";"0";"10";"0";"2";"1";"1";"1";""
"202100011319";"181Â 507";"A01";"2";"7";"2";"0";"1";"1";"1";""
"202100011320";"181Â 502";"D01";"2";"7";"0";"2";"4";"2";"1";""
"202100011320";"181Â 503";"E01";"2";"7";"0";"2";"4";"2";"1";""
"202100011320";"181Â 504";"A01";"2";"38";"0";"2";"1";"2";"1";"1"
"202100011320";"181Â 505";"B01";"2";"7";"0";"2";"4";"2";"3";""
"202100011320";"181Â 506";"C01";"2";"10";"0";"2";"4";"2";"1";""
"202100011321";"181Â 500";"B01";"2";"7";"0";"2";"1";"1";"1";""
"202100011321";"181Â 501";"A01";"2";"7";"0";"0";"4";"1";"1";""
"202100011322";"181Â 496";"C01";"2";"7";"0";"2";"4";"2";"1";""
"202100011322";"181Â 497";"B01";"2";"7";"0";"2";"4";"2";"1";""
"202100011322";"181Â 498";"A01";"2";"10";"0";"2";"1";"2";"1";""
"202100011322";"181Â 499";"D01";"2";"7";"0";"2";"4";"2";"1";""
"202100011323";"181Â 494";"B01";"2";"7";"0";"2";"4";"26";"1";""
"202100011323";"181Â 495";"A01";"2";"7";"0";"2";"2";"12";"1";""
"202100011324";"181Â 491";"A01";"1";"7";"0";"2";"2";"12";"1";""
"202100011324";"181Â 492";"B01";"1";"7";"0";"0";"8";"1";"1";""
"202100011324";"181Â 493";"C01";"1";"7";"0";"2";"6";"1";"1";""
"202100011325";"181Â 488";"B01";"2";"7";"0";"2";"3";"1";"1";""
"202100011325";"181Â 489";"C01";"2";"7";"0";"2";"5";"1";"1";""
"202100011325";"181Â 490";"A01";"2";"33";"0";"2";"2";"3";"1";""
"202100011326";"181Â 485";"C01";"2";"7";"0";"2";"4";"1";"1";""
"202100011326";"181Â 486";"B01";"2";"7";"0";"2";"4";"2";"1";""
"202100011326";"181Â 487";"A01";"2";"7";"0";"2";"1";"2";"1";""
"202100011327";"181Â 481";"A01";"1";"7";"0";"2";"1";"2";"1";""
"202100011327";"181Â 482";"B01";"1";"7";"0";"2";"1";"2";"1";""
"202100011327";"181Â 483";"C01";"1";"7";"0";"2";"4";"1";"1";""
"202100011327";"181Â 484";"D01";"1";"7";"0";"2";"4";"2";"1";""
"202100011328";"181Â 479";"B01";"2";"7";"0";"2";"4";"1";"1";""
"202100011328";"181Â 480";"A01";"2";"7";"0";"2";"1";"1";"1";""
"202100011329";"181Â 477";"B01";"1";"7";"0";"2";"7";"14";"1";""
"202100011329";"181Â 478";"A01";"1";"7";"0";"2";"4";"23";"1";""
"202100011330";"181Â 475";"A01";"1";"15";"0";"2";"2";"1";"1";""
"202100011330";"181Â 476";"B01";"1";"7";"4";"2";"6";"11";"2";""
"202100011331";"181Â 474";"A01";"1";"7";"0";"0";"0";"1";"1";""
"202100011332";"181Â 472";"B01";"1";"7";"0";"2";"1";"2";"1";""
"202100011332";"181Â 473";"A01";"1";"7";"0";"2";"4";"2";"1";""
"202100011333";"181Â 469";"A01";"1";"7";"0";"2";"7";"12";"1";""
"202100011333";"181Â 470";"B01";"1";"33";"0";"2";"3";"3";"1";""
"202100011333";"181Â 471";"C01";"1";"7";"0";"2";"5";"0";"1";""
"202100011334";"181Â 467";"A01";"1";"7";"0";"0";"4";"23";"1";""
"202100011334";"181Â 468";"B01";"1";"7";"0";"0";"0";"0";"1";""
"202100011335";"181Â 465";"A01";"2";"10";"0";"2";"6";"23";"1";""
"202100011335";"181Â 466";"B01";"2";"2";"0";"2";"1";"1";"1";""
"202100011336";"181Â 462";"C01";"1";"7";"14";"0";"1";"1";"1";""
"202100011336";"181Â 463";"A01";"1";"7";"0";"9";"7";"21";"1";""
"202100011336";"181Â 464";"B01";"1";"33";"0";"2";"1";"21";"1";""
"202100011337";"181Â 461";"A01";"1";"10";"0";"0";"0";"14";"1";""
"202100011338";"181Â 460";"A01";"3";"31";"0";"1";"1";"1";"1";""
"202100011339";"181Â 459";"A01";"3";"1";"0";"1";"4";"25";"6";""
"202100011340";"181Â 458";"A01";"0";"10";"0";"1";"4";"26";"1";""
"202100011341";"181Â 456";"B01";"3";"7";"0";"1";"4";"2";"1";""
"202100011341";"181Â 457";"A01";"3";"7";"0";"2";"1";"2";"1";""
"202100011342";"181Â 455";"A01";"3";"7";"0";"1";"1";"1";"1";""
"202100011343";"181Â 453";"B01";"2";"10";"0";"2";"1";"2";"1";""
"202100011343";"181Â 454";"A01";"1";"30";"0";"2";"4";"23";"1";""
"202100011344";"181Â 451";"A01";"2";"7";"0";"2";"8";"19";"1";""
"202100011344";"181Â 452";"B01";"2";"7";"0";"2";"1";"1";"1";""
"202100011345";"181Â 450";"A01";"1";"7";"0";"1";"1";"1";"1";""
"202100011346";"181Â 448";"B01";"1";"80";"0";"2";"0";"2";"3";""
"202100011346";"181Â 449";"A01";"0";"14";"0";"2";"0";"16";"1";""
"202100011347";"181Â 446";"A01";"1";"33";"0";"2";"1";"18";"0";""
"202100011347";"181Â 447";"B01";"1";"7";"0";"2";"4";"12";"0";""
"202100011348";"181Â 445";"A01";"2";"7";"0";"2";"7";"1";"1";""
"202100011349";"181Â 443";"A01";"1";"7";"0";"2";"6";"9";"1";""
"202100011349";"181Â 444";"B01";"1";"32";"0";"2";"3";"1";"1";""
"202100011350";"181Â 441";"B01";"1";"2";"0";"2";"8";"17";"1";""
"202100011350";"181Â 442";"A01";"1";"7";"0";"2";"7";"1";"1";""
"202100011351";"181Â 439";"A01";"1";"7";"0";"2";"3";"1";"1";""
"202100011351";"181Â 440";"B01";"1";"50";"0";"2";"8";"0";"3";""
"202100011352";"181Â 437";"B01";"2";"7";"0";"2";"3";"15";"1";""
"202100011352";"181Â 438";"A01";"2";"30";"9";"2";"2";"17";"1";""
"202100011353";"181Â 436";"A01";"1";"7";"4";"0";"1";"13";"1";""
"202100011354";"181Â 434";"B01";"2";"7";"0";"2";"5";"1";"1";""
"202100011354";"181Â 435";"A01";"1";"7";"0";"2";"2";"13";"1";""
"202100011355";"181Â 432";"B01";"2";"7";"0";"2";"3";"9";"1";""
"202100011355";"181Â 433";"A01";"2";"2";"0";"2";"7";"9";"1";""
"202100011356";"181Â 430";"B01";"1";"32";"0";"2";"1";"13";"1";""
"202100011356";"181Â 431";"A01";"2";"7";"0";"2";"3";"1";"1";""
"202100011357";"181Â 428";"A01";"2";"7";"0";"2";"1";"1";"1";""
"202100011357";"181Â 429";"B01";"2";"7";"8";"2";"4";"16";"1";""
"202100011358";"181Â 427";"A01";"1";"7";"14";"0";"2";"1";"1";""
"202100011359";"181Â 425";"B01";"1";"10";"0";"2";"2";"1";"1";""
"202100011359";"181Â 426";"A01";"1";"10";"0";"2";"1";"9";"1";""
"202100011360";"181Â 422";"A01";"1";"7";"0";"2";"9";"26";"1";""
"202100011360";"181Â 423";"B01";"2";"7";"0";"2";"2";"1";"1";""
"202100011360";"181Â 424";"C01";"2";"7";"0";"9";"1";"1";"1";""
"202100011361";"181Â 420";"B01";"2";"7";"0";"2";"4";"2";"1";""
"202100011361";"181Â 421";"A01";"2";"7";"0";"2";"1";"26";"1";""
"202100011362";"181Â 418";"B01";"1";"33";"0";"2";"1";"1";"1";""
"202100011362";"181Â 419";"A01";"1";"7";"0";"2";"8";"9";"1";""
"202100011363";"181Â 416";"B01";"1";"7";"0";"2";"1";"2";"1";""
"202100011363";"181Â 417";"A01";"2";"7";"0";"2";"2";"15";"1";""
"202100011364";"181Â 414";"A01";"2";"30";"0";"2";"1";"1";"1";""
"202100011364";"181Â 415";"B01";"3";"7";"0";"2";"6";"1";"1";""
"202100011365";"181Â 410";"B01";"2";"34";"0";"2";"1";"1";"1";""
"202100011365";"181Â 411";"A01";"1";"10";"0";"2";"6";"10";"1";""
"202100011366";"181Â 408";"A01";"1";"7";"0";"2";"1";"1";"1";""
"202100011366";"181Â 409";"B01";"1";"2";"0";"2";"5";"1";"1";""
"202100011367";"181Â 407";"A01";"1";"7";"11";"0";"9";"1";"1";""
"202100011368";"181Â 405";"B01";"1";"7";"0";"2";"6";"1";"1";""
"202100011368";"181Â 406";"A01";"1";"30";"0";"2";"1";"1";"1";""
"202100011369";"181Â 403";"B01";"2";"2";"0";"2";"1";"1";"1";""
"202100011369";"181Â 404";"A01";"3";"7";"0";"2";"8";"9";"1";""
"202100011370";"181Â 399";"A01";"2";"7";"0";"2";"2";"15";"1";""
"202100011370";"181Â 400";"B01";"1";"31";"0";"2";"1";"1";"1";""
"202100011371";"181Â 397";"A01";"2";"30";"0";"2";"1";"19";"1";""
"202100011371";"181Â 398";"B01";"2";"33";"0";"2";"1";"1";"1";""
"202100011372";"181Â 396";"A01";"3";"10";"0";"1";"3";"1";"1";""
"202100011373";"181Â 394";"B01";"1";"2";"0";"2";"8";"1";"1";""
"202100011373";"181Â 395";"A01";"2";"7";"0";"2";"3";"15";"1";""