"Num_Acc";"id_vehicule";"num_veh";"senc";"catv";"obs";"obsm";"choc";"manv";"motor";"occutc"
"202100011374";"181Â 392";"A01";"3";"33";"14";"2";"3";"5";"1";""
"202100011374";"181Â 393";"B01";"3";"7";"0";"2";"8";"15";"1";""
"202100011375";"181Â 390";"A01";"2";"7";"0";"2";"2";"26";"0";""
"202100011375";"181Â 391";"B01";"1";"7";"0";"2";"1";"21";"1";""
"202100011376";"181Â 387";"A01";"2";"7";"0";"2";"1";"26";"1";""
"202100011376";"181Â 388";"B01";"2";"7";"0";"2";"4";"2";"1";""
"202100011376";"181Â 389";"C01";"2";"7";"0";"2";"4";"0";"1";""
"202100011377";"181Â 386";"A01";"1";"7";"8";"2";"1";"13";"1";""
"202100011378";"181Â 385";"A01";"1";"7";"0";"1";"1";"16";"1";""
"202100011379";"181Â 383";"B01";"1";"33";"0";"2";"1";"1";"1";""
"202100011379";"181Â 384";"A01";"1";"7";"0";"9";"2";"15";"1";""
"202100011380";"181Â 381";"B01";"3";"2";"0";"2";"1";"17";"1";""
"202100011380";"181Â 382";"A01";"3";"10";"0";"2";"3";"15";"1";""
"202100011381";"181Â 378";"A01";"1";"7";"0";"2";"4";"26";"1";""
"202100011381";"181Â 379";"B01";"1";"7";"0";"2";"1";"1";"1";""
"202100011381";"181Â 380";"C01";"1";"7";"0";"2";"9";"1";"1";""
"202100011382";"181Â 376";"A01";"1";"7";"0";"9";"2";"12";"1";""
"202100011382";"181Â 377";"B01";"1";"7";"0";"2";"3";"19";"1";""
"202100011383";"181Â 374";"B01";"2";"1";"0";"2";"1";"19";"5";""
"202100011383";"181Â 375";"A01";"2";"7";"0";"2";"1";"9";"1";""
"202100011384";"181Â 372";"A01";"0";"7";"0";"2";"4";"4";"1";""
"202100011384";"181Â 373";"B01";"3";"33";"0";"2";"7";"1";"1";""
"202100011385";"181Â 370";"A01";"2";"7";"0";"2";"2";"15";"1";""
"202100011385";"181Â 371";"B01";"1";"31";"0";"0";"0";"0";"1";""
"202100011386";"181Â 368";"A01";"2";"7";"0";"2";"1";"13";"1";""
"202100011386";"181Â 369";"B01";"1";"7";"0";"2";"1";"1";"1";""
"202100011387";"181Â 367";"A01";"1";"7";"2";"0";"9";"14";"1";""
"202100011388";"181Â 365";"A01";"0";"7";"0";"2";"3";"10";"1";""
"202100011388";"181Â 366";"B01";"2";"7";"0";"2";"1";"1";"1";""
"202100011389";"181Â 364";"A01";"1";"7";"1";"9";"1";"20";"1";""
"202100011390";"181Â 362";"B01";"2";"7";"0";"9";"1";"1";"1";""
"202100011390";"181Â 363";"A01";"1";"1";"0";"2";"7";"6";"5";""
"202100011391";"181Â 360";"B01";"3";"30";"0";"2";"7";"0";"1";""
"202100011391";"181Â 361";"A01";"3";"7";"0";"2";"1";"9";"1";""
"202100011392";"181Â 358";"B01";"2";"1";"0";"2";"1";"1";"5";""
"202100011392";"181Â 359";"A01";"1";"7";"0";"9";"3";"9";"1";""
"202100011393";"181Â 355";"A01";"1";"7";"2";"0";"3";"16";"2";""
"202100011394";"181Â 354";"Z01";"1";"99";"0";"1";"0";"26";"0";""
"202100011395";"181Â 351";"A01";"1";"7";"1";"0";"2";"14";"1";""
"202100011395";"181Â 352";"B01";"0";"7";"1";"2";"5";"24";"2";""
"202100011395";"181Â 353";"C01";"0";"7";"0";"2";"4";"24";"1";""
"202100011396";"181Â 349";"A01";"2";"7";"0";"2";"3";"13";"1";""
"202100011396";"181Â 350";"B01";"2";"7";"0";"2";"3";"23";"1";""
"202100011397";"181Â 348";"B01";"1";"30";"0";"1";"3";"1";"1";""
"202100011398";"181Â 346";"A01";"3";"7";"0";"2";"2";"26";"1";""
"202100011398";"181Â 347";"B01";"1";"34";"0";"2";"1";"1";"1";""
"202100011399";"181Â 344";"B01";"2";"7";"0";"2";"7";"1";"1";""
"202100011399";"181Â 345";"A01";"1";"7";"0";"2";"3";"1";"1";""
"202100011400";"181Â 343";"A01";"1";"7";"0";"0";"0";"0";"1";""
"202100011401";"181Â 342";"A01";"1";"7";"3";"0";"1";"1";"1";""
"202100011402";"181Â 340";"B01";"1";"7";"0";"9";"2";"26";"1";""
"202100011402";"181Â 341";"A01";"2";"10";"10";"0";"1";"1";"1";""
"202100011403";"181Â 338";"B01";"3";"7";"0";"2";"4";"1";"1";""
"202100011403";"181Â 339";"A01";"3";"7";"0";"2";"1";"1";"1";""
"202100011404";"181Â 336";"A01";"2";"7";"0";"2";"1";"15";"1";""
"202100011404";"181Â 337";"B01";"1";"2";"0";"2";"1";"1";"1";""
"202100011405";"181Â 335";"A01";"1";"7";"0";"1";"2";"1";"1";""
"202100011406";"181Â 333";"A01";"3";"31";"0";"2";"1";"1";"1";""
"202100011406";"181Â 334";"B01";"3";"7";"0";"2";"6";"15";"1";""
"202100011407";"181Â 331";"A01";"1";"7";"0";"2";"1";"26";"1";""
"202100011407";"181Â 332";"B01";"1";"7";"0";"0";"4";"23";"1";""
"202100011408";"181Â 329";"B01";"1";"7";"0";"2";"6";"1";"1";""
"202100011408";"181Â 330";"A01";"1";"33";"0";"2";"2";"12";"1";""
"202100011409";"181Â 326";"A01";"1";"32";"0";"2";"4";"1";"1";""
"202100011409";"181Â 327";"B01";"1";"7";"0";"2";"4";"1";"1";""
"202100011409";"181Â 328";"Z01";"1";"7";"0";"2";"1";"1";"0";""
"202100011410";"181Â 324";"A01";"2";"7";"0";"2";"1";"2";"1";""
"202100011410";"181Â 325";"B01";"2";"31";"0";"2";"4";"2";"1";""
"202100011411";"181Â 322";"A01";"1";"7";"0";"2";"1";"2";"1";""
"202100011411";"181Â 323";"B01";"1";"7";"0";"2";"4";"23";"1";""
"202100011412";"181Â 320";"A01";"2";"33";"0";"2";"8";"11";"1";""
"202100011412";"181Â 321";"B01";"2";"33";"0";"2";"7";"3";"1";""
"202100011413";"181Â 319";"A01";"3";"34";"12";"0";"8";"13";"1";""
"202100011414";"181Â 318";"A01";"1";"7";"0";"1";"1";"5";"1";""
"202100011415";"181Â 317";"A01";"2";"1";"0";"0";"0";"1";"5";""
"202100011416";"181Â 315";"B01";"1";"1";"0";"2";"8";"19";"5";""
"202100011416";"181Â 316";"A01";"2";"30";"0";"2";"0";"1";"1";""
"202100011417";"181Â 313";"A01";"1";"7";"0";"2";"3";"9";"1";""
"202100011417";"181Â 314";"B01";"1";"30";"0";"2";"7";"1";"1";""
"202100011418";"181Â 312";"A01";"1";"37";"0";"0";"0";"16";"1";"2"
"202100011419";"181Â 310";"B01";"3";"30";"0";"2";"7";"1";"3";""
"202100011419";"181Â 311";"A01";"3";"7";"0";"2";"1";"15";"1";""
"202100011420";"181Â 309";"A01";"2";"33";"1";"0";"1";"21";"1";""
"202100011421";"181Â 307";"B01";"2";"7";"0";"2";"3";"1";"1";""
"202100011421";"181Â 308";"A01";"2";"32";"0";"2";"2";"14";"1";""
"202100011422";"181Â 305";"B01";"2";"33";"0";"2";"7";"1";"1";""
"202100011422";"181Â 306";"A01";"1";"7";"0";"2";"1";"15";"1";""
"202100011423";"181Â 303";"B01";"1";"30";"0";"2";"1";"1";"1";""
"202100011423";"181Â 304";"A01";"3";"7";"0";"2";"1";"16";"2";""
"202100011424";"181Â 302";"A01";"2";"33";"0";"1";"1";"1";"1";""
"202100011425";"181Â 300";"B01";"2";"7";"0";"2";"3";"15";"2";""
"202100011425";"181Â 301";"A01";"2";"30";"0";"2";"3";"1";"1";""
"202100011426";"181Â 298";"B01";"3";"34";"0";"2";"7";"1";"1";""
"202100011426";"181Â 299";"A01";"3";"30";"0";"2";"7";"1";"1";""
"202100011427";"181Â 297";"A01";"1";"1";"0";"0";"1";"1";"5";""
"202100011428";"181Â 295";"B01";"2";"1";"0";"2";"7";"1";"5";""
"202100011428";"181Â 296";"A01";"1";"7";"0";"2";"1";"1";"1";""
"202100011429";"181Â 293";"A01";"2";"7";"0";"0";"6";"15";"1";""
"202100011429";"181Â 294";"B01";"2";"30";"0";"0";"1";"1";"1";""
"202100011430";"181Â 291";"A01";"1";"30";"0";"2";"1";"18";"1";""
"202100011430";"181Â 292";"B01";"1";"7";"0";"0";"0";"0";"1";""
"202100011431";"181Â 290";"A01";"2";"7";"8";"0";"1";"1";"1";""
"202100011432";"181Â 288";"A01";"2";"7";"0";"2";"4";"23";"1";""
"202100011432";"181Â 289";"B01";"2";"1";"0";"2";"1";"1";"5";""
"202100011433";"181Â 287";"A01";"2";"32";"0";"1";"1";"17";"1";""
"202100011434";"181Â 285";"B01";"1";"7";"0";"9";"1";"1";"1";""
"202100011434";"181Â 286";"A01";"1";"50";"0";"2";"4";"1";"3";""
"202100011435";"181Â 283";"A01";"1";"99";"1";"0";"3";"12";"1";""
"202100011435";"181Â 284";"B01";"1";"99";"0";"2";"5";"23";"1";""
"202100011436";"181Â 281";"A01";"1";"7";"7";"0";"4";"23";"1";""
"202100011436";"181Â 282";"B01";"1";"10";"0";"2";"1";"2";"1";""
"202100011437";"181Â 279";"A01";"2";"34";"12";"2";"2";"18";"1";""
"202100011437";"181Â 280";"B01";"2";"7";"0";"2";"7";"11";"1";""
"202100011438";"181Â 277";"A01";"3";"7";"0";"2";"3";"15";"1";""
"202100011438";"181Â 278";"B01";"3";"2";"14";"2";"2";"2";"1";""
"202100011439";"181Â 275";"B01";"1";"32";"0";"2";"2";"1";"1";""
"202100011439";"181Â 276";"A01";"2";"32";"0";"2";"3";"9";"1";""
"202100011440";"181Â 273";"A01";"0";"7";"0";"2";"3";"18";"1";""
"202100011440";"181Â 274";"B01";"0";"1";"0";"2";"0";"0";"5";""
"202100011441";"181Â 272";"A01";"2";"7";"8";"0";"1";"1";"1";""
"202100011442";"181Â 270";"B01";"1";"30";"0";"2";"2";"1";"1";""
"202100011442";"181Â 271";"A01";"3";"10";"0";"2";"1";"9";"3";""
"202100011443";"181Â 267";"A01";"1";"7";"2";"0";"2";"13";"1";""
"202100011444";"181Â 263";"B01";"1";"7";"0";"2";"3";"1";"1";""
"202100011444";"181Â 264";"D01";"2";"10";"0";"2";"8";"2";"1";""
"202100011444";"181Â 265";"A01";"2";"7";"0";"2";"2";"15";"1";""
"202100011444";"181Â 266";"C01";"3";"10";"0";"2";"3";"23";"1";""
"202100011445";"181Â 262";"A01";"3";"7";"15";"0";"1";"14";"1";""
"202100011446";"181Â 260";"B01";"2";"7";"0";"2";"3";"15";"1";""
"202100011446";"181Â 261";"A01";"1";"2";"0";"2";"1";"1";"1";""
"202100011447";"181Â 258";"A01";"1";"7";"0";"2";"7";"26";"1";""
"202100011447";"181Â 259";"B01";"1";"2";"0";"2";"0";"1";"1";""
"202100011448";"181Â 257";"A01";"1";"30";"12";"0";"0";"0";"1";""
"202100011449";"181Â 255";"A01";"0";"33";"0";"2";"1";"5";"1";""
"202100011449";"181Â 256";"B01";"3";"7";"0";"2";"3";"0";"1";""
"202100011450";"181Â 252";"A01";"2";"33";"0";"2";"1";"17";"1";""
"202100011450";"181Â 253";"B01";"1";"7";"0";"2";"1";"1";"1";""
"202100011450";"181Â 254";"C01";"2";"7";"0";"0";"6";"1";"1";""
"202100011451";"181Â 251";"A01";"1";"33";"2";"0";"1";"0";"1";""
"202100011452";"181Â 248";"A01";"1";"7";"0";"0";"1";"0";"1";""
"202100011453";"181Â 246";"A01";"0";"33";"0";"0";"0";"1";"1";""
"202100011453";"181Â 247";"B01";"3";"33";"0";"2";"0";"2";"1";""
"202100011454";"181Â 244";"B01";"2";"33";"0";"2";"8";"1";"1";""
"202100011454";"181Â 245";"A01";"1";"7";"0";"2";"2";"19";"1";""
"202100011455";"181Â 243";"A01";"1";"7";"15";"0";"3";"13";"1";""
"202100011456";"181Â 241";"A01";"1";"7";"0";"2";"2";"15";"1";""
"202100011456";"181Â 242";"B01";"2";"33";"0";"2";"2";"1";"1";""
"202100011457";"181Â 240";"A01";"1";"7";"13";"0";"1";"1";"1";""
"202100011458";"181Â 238";"A01";"2";"10";"0";"2";"1";"13";"1";""
"202100011458";"181Â 239";"B01";"1";"7";"0";"2";"1";"1";"1";""
"202100011459";"181Â 237";"A01";"2";"33";"13";"0";"1";"0";"1";""
"202100011460";"181Â 235";"B01";"2";"1";"0";"2";"4";"1";"5";""
"202100011460";"181Â 236";"A01";"2";"1";"0";"2";"1";"1";"5";""
"202100011461";"181Â 234";"A01";"2";"7";"17";"0";"2";"1";"1";""
"202100011462";"181Â 233";"A01";"3";"7";"2";"0";"3";"1";"1";""
"202100011463";"181Â 232";"A01";"1";"33";"0";"0";"0";"26";"1";""
"202100011464";"181Â 231";"A01";"1";"32";"16";"0";"7";"1";"1";""
"202100011465";"181Â 228";"A01";"1";"2";"0";"2";"1";"14";"1";""
"202100011465";"181Â 229";"B01";"1";"7";"0";"2";"5";"26";"1";""
"202100011466";"181Â 226";"A01";"3";"7";"0";"2";"6";"19";"1";""
"202100011466";"181Â 227";"B01";"2";"7";"7";"2";"1";"1";"1";""
"202100011467";"181Â 225";"A01";"1";"7";"0";"1";"3";"1";"1";""
"202100011468";"181Â 224";"A01";"1";"7";"13";"0";"1";"1";"1";""
"202100011469";"181Â 223";"A01";"3";"7";"0";"1";"1";"1";"1";""
"202100011470";"181Â 222";"A01";"2";"36";"6";"9";"2";"1";"1";""
"202100011471";"181Â 221";"A01";"2";"1";"0";"0";"0";"1";"5";""
"202100011472";"181Â 220";"A01";"0";"7";"13";"0";"1";"0";"1";""
"202100011473";"181Â 219";"A01";"1";"7";"5";"1";"1";"1";"1";""
"202100011474";"181Â 215";"B01";"1";"7";"0";"0";"1";"1";"1";""
"202100011474";"181Â 216";"A01";"2";"7";"0";"2";"7";"19";"1";""
"202100011475";"181Â 214";"A01";"2";"7";"0";"0";"2";"15";"1";""
"202100011476";"181Â 212";"A01";"1";"7";"0";"9";"7";"2";"1";""
"202100011476";"181Â 213";"B01";"1";"1";"0";"2";"8";"2";"5";""
"202100011477";"181Â 210";"A01";"1";"2";"0";"2";"8";"13";"1";""
"202100011477";"181Â 211";"B01";"1";"7";"0";"2";"2";"17";"1";""
"202100011478";"181Â 209";"A01";"2";"7";"2";"0";"1";"1";"1";""
"202100011479";"181Â 208";"A01";"0";"30";"15";"0";"0";"0";"1";""
"202100011480";"181Â 206";"A01";"0";"7";"0";"2";"2";"1";"0";""
"202100011480";"181Â 207";"B01";"1";"7";"0";"2";"1";"1";"1";""
"202100011481";"181Â 204";"B01";"2";"33";"0";"2";"2";"17";"1";""
"202100011481";"181Â 205";"A01";"2";"7";"0";"2";"3";"15";"1";""
"202100011482";"181Â 203";"A01";"1";"7";"0";"1";"2";"21";"1";""
"202100011483";"181Â 202";"A01";"1";"7";"15";"0";"3";"1";"1";""
"202100011484";"181Â 201";"A01";"1";"7";"0";"0";"1";"1";"1";""
"202100011485";"181Â 199";"B01";"2";"7";"0";"2";"1";"13";"1";""
"202100011485";"181Â 200";"A01";"1";"7";"0";"2";"3";"1";"2";""
"202100011486";"181Â 197";"A01";"1";"7";"0";"2";"7";"15";"1";""
"202100011486";"181Â 198";"B01";"2";"1";"0";"2";"1";"1";"5";""
"202100011487";"181Â 195";"B01";"1";"7";"0";"2";"1";"1";"1";""
"202100011487";"181Â 196";"A01";"3";"7";"0";"2";"8";"19";"1";""
"202100011488";"181Â 194";"A01";"1";"7";"6";"0";"2";"1";"1";""
"202100011489";"181Â 191";"A01";"2";"10";"0";"2";"1";"15";"1";""
"202100011489";"181Â 192";"B01";"1";"2";"0";"2";"2";"1";"1";""
"202100011490";"181Â 189";"A01";"3";"7";"0";"2";"5";"11";"1";""
"202100011490";"181Â 190";"B01";"3";"34";"0";"2";"1";"1";"1";""
"202100011491";"181Â 187";"A01";"3";"1";"0";"2";"7";"1";"5";""
"202100011491";"181Â 188";"B01";"3";"7";"0";"2";"1";"1";"2";""
"202100011492";"181Â 184";"C01";"2";"7";"0";"2";"1";"1";"1";""
"202100011492";"181Â 185";"A01";"2";"7";"0";"2";"3";"13";"1";""
"202100011492";"181Â 186";"B01";"1";"7";"0";"2";"3";"1";"1";""
"202100011493";"181Â 182";"B01";"1";"2";"0";"0";"1";"5";"1";""
"202100011493";"181Â 183";"A01";"2";"7";"0";"0";"3";"1";"1";""
"202100011494";"181Â 181";"A01";"2";"7";"8";"0";"0";"14";"1";""
"202100011495";"181Â 177";"D01";"2";"7";"0";"0";"8";"1";"0";""
"202100011495";"181Â 178";"C01";"2";"7";"0";"0";"6";"1";"2";""
"202100011495";"181Â 179";"B01";"1";"7";"0";"0";"8";"2";"1";""
"202100011495";"181Â 180";"A01";"1";"2";"0";"2";"0";"17";"1";""
"202100011496";"181Â 175";"B01";"2";"2";"0";"2";"7";"1";"1";""
"202100011496";"181Â 176";"A01";"1";"7";"0";"2";"1";"15";"1";""
"202100011497";"181Â 173";"B01";"1";"7";"0";"2";"3";"1";"1";""
"202100011497";"181Â 174";"A01";"2";"7";"6";"2";"1";"15";"1";""
"202100011498";"181Â 170";"B01";"2";"7";"0";"0";"4";"1";"1";""
"202100011498";"181Â 171";"A01";"2";"33";"0";"2";"1";"2";"1";""
"202100011499";"181Â 168";"B01";"2";"2";"0";"2";"2";"1";"1";""
"202100011499";"181Â 169";"A01";"1";"7";"0";"2";"3";"26";"1";""
"202100011500";"181Â 165";"C01";"2";"7";"0";"2";"3";"1";"1";""
"202100011500";"181Â 166";"B01";"2";"7";"0";"2";"8";"1";"1";""
"202100011500";"181Â 167";"A01";"1";"32";"0";"2";"8";"13";"1";""
"202100011501";"181Â 164";"A01";"1";"7";"0";"1";"1";"1";"1";""
"202100011502";"181Â 162";"A01";"2";"7";"0";"2";"3";"15";"1";""
"202100011502";"181Â 163";"B01";"1";"2";"0";"2";"1";"15";"1";""
"202100011503";"181Â 161";"A01";"1";"31";"7";"0";"3";"1";"1";""
"202100011504";"181Â 160";"A01";"2";"7";"0";"0";"9";"14";"1";""
"202100011505";"181Â 158";"A01";"1";"7";"0";"2";"8";"10";"1";""
"202100011505";"181Â 159";"B01";"1";"15";"0";"2";"2";"1";"1";""
"202100011506";"181Â 154";"D01";"1";"10";"0";"2";"4";"1";"1";""
"202100011506";"181Â 155";"C01";"1";"7";"0";"0";"0";"0";"1";""
"202100011506";"181Â 156";"B01";"1";"7";"0";"2";"4";"1";"1";""
"202100011506";"181Â 157";"A01";"1";"10";"0";"2";"1";"1";"1";""
"202100011507";"181Â 153";"A01";"3";"7";"4";"0";"8";"1";"1";""
"202100011508";"181Â 152";"A01";"2";"33";"14";"0";"1";"1";"1";""
"202100011509";"181Â 150";"A01";"1";"10";"1";"0";"1";"1";"1";""
"202100011509";"181Â 151";"B01";"1";"7";"0";"0";"4";"1";"1";""
"202100011510";"181Â 148";"A01";"1";"33";"0";"2";"1";"12";"0";""
"202100011510";"181Â 149";"B01";"0";"10";"0";"2";"5";"2";"1";""
"202100011511";"181Â 146";"B01";"1";"7";"0";"2";"8";"1";"1";""
"202100011511";"181Â 147";"A01";"2";"10";"0";"2";"3";"5";"1";""
"202100011512";"181Â 144";"B01";"2";"7";"0";"2";"1";"11";"0";""
"202100011512";"181Â 145";"A01";"2";"7";"0";"2";"4";"1";"0";""
"202100011513";"181Â 142";"A01";"2";"7";"0";"2";"0";"0";"1";""
"202100011513";"181Â 143";"B01";"2";"7";"0";"2";"4";"1";"1";""
"202100011514";"181Â 139";"C01";"2";"33";"4";"2";"9";"1";"0";""
"202100011514";"181Â 140";"A01";"2";"7";"0";"2";"1";"1";"1";""
"202100011514";"181Â 141";"B01";"2";"7";"4";"2";"9";"1";"1";""
"202100011515";"181Â 135";"C01";"1";"7";"0";"2";"5";"1";"1";""
"202100011515";"181Â 136";"B01";"1";"33";"0";"2";"7";"3";"1";""
"202100011515";"181Â 137";"A01";"1";"7";"0";"2";"6";"11";"1";""
"202100011515";"181Â 138";"D01";"1";"7";"0";"2";"8";"1";"1";""
"202100011516";"181Â 133";"A01";"1";"7";"0";"2";"8";"11";"1";""
"202100011516";"181Â 134";"B01";"1";"33";"0";"2";"7";"1";"1";""
"202100011517";"181Â 130";"B01";"1";"7";"0";"0";"4";"2";"1";""
"202100011517";"181Â 131";"A01";"1";"7";"0";"2";"1";"1";"1";""
"202100011517";"181Â 132";"C01";"1";"10";"0";"2";"1";"2";"1";""
"202100011518";"181Â 129";"A01";"2";"33";"0";"2";"0";"3";"0";""
"202100011519";"181Â 127";"A01";"1";"99";"0";"2";"8";"23";"1";""
"202100011519";"181Â 128";"Z01";"1";"7";"0";"2";"0";"0";"0";""
"202100011520";"181Â 125";"B01";"2";"7";"0";"2";"1";"2";"1";""
"202100011520";"181Â 126";"A01";"2";"2";"3";"2";"4";"14";"1";""
"202100011521";"181Â 123";"A01";"2";"7";"0";"2";"6";"1";"2";""
"202100011521";"181Â 124";"B01";"2";"33";"0";"2";"2";"3";"1";""
"202100011522";"181Â 122";"A01";"1";"7";"0";"0";"1";"1";"1";""
"202100011523";"181Â 120";"B01";"1";"7";"15";"2";"2";"1";"1";""
"202100011523";"181Â 121";"A01";"1";"7";"15";"1";"1";"1";"1";""
"202100011524";"181Â 118";"B01";"1";"7";"0";"2";"7";"9";"1";""
"202100011524";"181Â 119";"A01";"1";"2";"0";"2";"8";"17";"1";""
"202100011525";"181Â 116";"B01";"1";"2";"0";"0";"0";"0";"1";""
"202100011525";"181Â 117";"A01";"1";"7";"0";"2";"6";"15";"1";""
"202100011526";"181Â 114";"A01";"1";"7";"0";"2";"7";"12";"1";""
"202100011526";"181Â 115";"B01";"1";"33";"0";"2";"8";"7";"1";""
"202100011527";"181Â 112";"B01";"1";"33";"0";"2";"8";"2";"1";""
"202100011527";"181Â 113";"A01";"1";"30";"0";"2";"7";"17";"1";""
"202100011528";"181Â 110";"B01";"3";"33";"0";"2";"1";"1";"0";""
"202100011528";"181Â 111";"A01";"3";"7";"0";"2";"2";"15";"1";""
"202100011529";"181Â 108";"A01";"1";"7";"0";"2";"1";"9";"1";""
"202100011529";"181Â 109";"B01";"2";"33";"0";"2";"8";"1";"1";""
"202100011530";"181Â 107";"A01";"1";"7";"0";"1";"2";"1";"1";""
"202100011531";"181Â 106";"A01";"1";"30";"12";"0";"8";"1";"1";""
"202100011532";"181Â 104";"B01";"2";"31";"0";"2";"1";"1";"1";""
"202100011532";"181Â 105";"A01";"2";"7";"0";"2";"3";"15";"1";""
"202100011533";"181Â 102";"A01";"2";"80";"0";"2";"8";"1";"3";""
"202100011533";"181Â 103";"B01";"2";"7";"0";"9";"1";"1";"1";""
"202100011534";"181Â 101";"A01";"1";"7";"0";"2";"4";"25";"1";""
"202100011535";"181Â 099";"B01";"1";"7";"0";"2";"3";"15";"1";""
"202100011535";"181Â 100";"A01";"1";"2";"0";"2";"2";"17";"1";""
"202100011536";"181Â 097";"A01";" -1";"7";"0";"2";"1";"5";"0";""
"202100011536";"181Â 098";"B01";" -1";"7";"0";"2";"1";"1";"0";""
"202100011537";"181Â 095";"B01";"1";"34";"0";"2";"4";"1";"1";""
"202100011537";"181Â 096";"A01";"1";"7";"0";"2";"1";"1";"1";""
"202100011538";"181Â 093";"A01";"2";"99";"0";"2";"1";"1";"1";""
"202100011538";"181Â 094";"B01";"1";"7";"0";"9";"3";"19";"1";""
"202100011539";"181Â 091";"A01";"1";"33";"0";"2";"2";"21";"1";""
"202100011539";"181Â 092";"B01";"1";"10";"0";"2";"6";"2";"1";""
"202100011540";"181Â 090";"A01";"1";"7";"15";"0";"1";"1";"1";""
"202100011541";"181Â 088";"A01";"1";"7";"0";"1";"1";"26";"0";""
"202100011541";"181Â 089";"B01";"1";"1";"0";"2";"4";"1";"5";""
"202100011542";"181Â 087";"A01";"1";"7";"0";"1";"3";"17";"1";""
"202100011543";"181Â 085";"A01";"2";"7";"8";"2";"7";"1";"1";""
"202100011543";"181Â 086";"B01";"2";"7";"0";"2";"1";"1";"1";""
"202100011544";"181Â 082";"B01";"1";"7";"0";"2";"4";"23";"1";""
"202100011544";"181Â 083";"A01";"1";"7";"0";"2";"1";"26";"2";""
"202100011544";"181Â 084";"C01";"3";"7";"0";"2";"4";"23";"1";""
"202100011545";"181Â 080";"A01";"2";"2";"0";"2";"1";"17";"1";""
"202100011545";"181Â 081";"B01";"2";"10";"0";"2";"3";"15";"1";""
"202100011546";"181Â 079";"A01";"2";"10";"0";"1";"3";"15";"0";""
"202100011547";"181Â 078";"A01";"1";"7";"0";"1";"1";"1";"1";""
"202100011548";"181Â 076";"B01";"1";"7";"0";"2";"8";"1";"1";""
"202100011548";"181Â 077";"A01";"1";"7";"0";"2";"1";"19";"3";""
"202100011549";"181Â 074";"A01";"2";"99";"0";"2";"1";"1";"5";""
"202100011549";"181Â 075";"B01";"1";"7";"0";"2";"3";"1";"1";""
"202100011550";"181Â 072";"B01";"2";"7";"0";"2";"0";"0";"2";""
"202100011550";"181Â 073";"A01";"1";"7";"0";"2";"1";"15";"1";""
"202100011551";"181Â 070";"A01";"1";"7";"0";"2";"1";"2";"1";""
"202100011551";"181Â 071";"B01";"1";"7";"0";"2";"4";"2";"1";""
"202100011552";"181Â 069";"A01";"3";"7";"0";"1";"3";"15";"1";""
"202100011553";"181Â 068";"A01";"0";"50";"0";"1";"1";"1";"3";""
"202100011554";"181Â 067";"A01";"3";"7";"0";"1";"2";"1";"1";""
"202100011555";"181Â 066";"A01";"2";"7";"0";"1";"1";"1";"1";""
"202100011556";"181Â 064";"B01";"1";"2";"0";"2";"1";"1";"1";""
"202100011556";"181Â 065";"A01";"2";"7";"0";"2";"2";"15";"1";""
"202100011557";"181Â 063";"A01";"2";"7";"0";"1";"1";"1";"1";""
"202100011558";"181Â 062";"A01";"1";"50";"8";"0";"1";"14";"3";""
"202100011559";"181Â 060";"A01";"1";"33";"0";"2";"1";"1";"1";""
"202100011559";"181Â 061";"B01";"1";"7";"0";"2";"4";"1";"1";""
"202100011560";"181Â 059";"A01";"1";"7";"0";"1";"1";"1";"1";""
"202100011561";"181Â 058";"A01";"0";"7";"0";"1";"8";"1";"1";""
"202100011562";"181Â 055";"A01";"1";"10";"0";"2";"1";"1";"1";""
"202100011562";"181Â 056";"C01";"1";"7";"0";"2";"4";"15";"1";""
"202100011562";"181Â 057";"B01";"1";"7";"0";"2";"4";"1";"1";""
"202100011563";"181Â 053";"A01";"1";"7";"0";"2";"1";"1";"1";""
"202100011563";"181Â 054";"B01";"1";"7";"0";"2";"4";"1";"1";""
"202100011564";"181Â 051";"B01";"1";"2";"0";"2";"1";"1";"1";""
"202100011564";"181Â 052";"A01";"2";"7";"0";"2";"7";"15";"1";""
"202100011565";"181Â 050";"A01";"2";"37";"0";"2";"0";"21";"2";"2"
"202100011566";"181Â 048";"B01";"1";"7";"0";"2";"5";"23";"1";""
"202100011566";"181Â 049";"A01";"1";"7";"0";"2";"3";"1";"0";""
"202100011567";"181Â 046";"A01";"3";"30";"0";"2";"1";"2";"1";""
"202100011567";"181Â 047";"B01";"3";"7";"0";"2";"4";"2";"2";""
"202100011568";"181Â 044";"A01";"3";"30";"1";"0";"1";"21";"1";""
"202100011568";"181Â 045";"B01";"3";"7";"0";"2";"8";"26";"1";""
"202100011569";"181Â 043";"A01";"2";"30";"0";"0";"8";"1";"1";""
"202100011570";"181Â 042";"A01";"2";"7";"0";"0";"9";"13";"1";""
"202100011571";"181Â 040";"B01";"2";"1";"0";"2";"1";"1";"5";""
"202100011571";"181Â 041";"A01";"1";"7";"0";"9";"1";"15";"1";""
"202100011572";"181Â 039";"Z01";"3";"7";"0";"1";"1";"1";"0";""
"202100011573";"181Â 037";"A01";"3";"30";"0";"2";"1";"17";"1";""
"202100011573";"181Â 038";"B01";"3";"50";"0";"2";"8";"19";"3";""
"202100011574";"181Â 035";"Z01";"2";"2";"0";"2";"0";"1";"0";""