"Num_Acc";"id_vehicule";"num_veh";"senc";"catv";"obs";"obsm";"choc";"manv";"motor";"occutc"
"202100011574";"181Â 036";"A01";"1";"7";"0";"2";"3";"15";"1";""
"202100011575";"181Â 033";"A01";"1";"1";"0";"0";"0";"9";"5";""
"202100011575";"181Â 034";"Z01";"0";"7";"0";"2";"0";"0";"0";""
"202100011576";"181Â 031";"A01";"2";"30";"0";"2";"2";"15";"1";""
"202100011576";"181Â 032";"B01";"1";"7";"0";"2";"2";"1";"1";""
"202100011577";"181Â 030";"A01";"1";"7";"2";"0";"9";"1";"1";""
"202100011578";"181Â 029";"A01";"1";"7";"0";"1";"7";"1";"1";""
"202100011579";"181Â 027";"B01";"1";"7";"0";"2";"3";"1";"1";""
"202100011579";"181Â 028";"A01";"1";"7";"0";"2";"3";"13";"1";""
"202100011580";"181Â 026";"A01";"3";"60";"14";"0";"1";"1";"5";""
"202100011581";"181Â 024";"B01";"0";"1";"0";"2";"5";"3";"5";""
"202100011581";"181Â 025";"A01";"0";"7";"0";"2";"3";"15";"1";""
"202100011582";"181Â 021";"A01";"2";"7";"0";"2";"2";"1";"1";""
"202100011582";"181Â 022";"C01";"1";"7";"0";"2";"1";"1";"1";""
"202100011582";"181Â 023";"B01";"2";"7";"0";"2";"3";"16";"1";""
"202100011583";"181Â 020";"A01";"0";"7";"0";"1";"1";"15";"1";""
"202100011584";"181Â 019";"A01";"3";"7";"2";"0";"2";"13";"0";""
"202100011585";"181Â 018";"A01";"3";"7";"13";"0";"5";"1";"1";""
"202100011586";"181Â 016";"A01";"1";"7";"0";"2";"3";"26";"1";""
"202100011586";"181Â 017";"B01";"1";"80";"0";"2";"2";"26";"3";""
"202100011587";"181Â 014";"A01";"1";"1";"0";"2";"3";"26";"5";""
"202100011587";"181Â 015";"B01";"1";"7";"0";"2";"1";"26";"1";""
"202100011588";"181Â 012";"B01";"1";"2";"0";"2";"7";"17";"1";""
"202100011588";"181Â 013";"A01";"1";"7";"0";"2";"3";"26";"1";""
"202100011589";"181Â 010";"B01";"1";"7";"0";"2";"4";"2";"1";""
"202100011589";"181Â 011";"A01";"1";"30";"0";"2";"1";"2";"1";""
"202100011590";"181Â 009";"A01";"1";"1";"0";"0";"0";"26";"5";""
"202100011591";"181Â 007";"B01";"2";"7";"0";"2";"6";"2";"2";""
"202100011591";"181Â 008";"A01";"2";"32";"0";"2";"2";"2";"1";""
"202100011592";"181Â 006";"A01";"1";"30";"0";"0";"8";"1";"1";""
"202100011593";"181Â 004";"B01";"1";"50";"0";"2";"3";"1";"3";""
"202100011593";"181Â 005";"A01";"1";"10";"0";"2";"3";"16";"1";""
"202100011594";"181Â 002";"A01";"0";"7";"0";"2";"7";"15";"1";""
"202100011594";"181Â 003";"B01";"0";"2";"0";"2";"1";"1";"1";""
"202100011595";"181Â 001";"A01";"3";"7";"8";"0";"1";"13";"1";""
"202100011596";"181Â 000";"A01";"1";"7";"0";"1";"3";"1";"1";""
"202100011597";"180Â 998";"A01";"2";"7";"0";"2";"1";"1";"1";""
"202100011597";"180Â 999";"B01";"2";"7";"0";"2";"4";"1";"1";""
"202100011598";"180Â 996";"B01";"2";"2";"0";"2";"1";"1";"1";""
"202100011598";"180Â 997";"A01";"1";"7";"0";"2";"3";"15";"1";""
"202100011599";"180Â 994";"B01";"2";"31";"0";"2";"7";"2";"1";""
"202100011599";"180Â 995";"A01";"2";"7";"0";"2";"3";"15";"1";""
"202100011600";"180Â 992";"B01";"0";"33";"0";"2";"8";"1";"1";""
"202100011600";"180Â 993";"A01";"3";"7";"0";"2";"1";"15";"1";""
"202100011601";"180Â 990";"B01";"1";"2";"14";"2";"1";"1";"1";""
"202100011601";"180Â 991";"A01";"1";"7";"14";"2";"5";"15";"1";""
"202100011602";"180Â 988";"B01";"2";"50";"0";"2";"8";"1";"3";""
"202100011602";"180Â 989";"A01";"1";"7";"0";"9";"1";"15";"1";""
"202100011603";"180Â 986";"B01";"1";"7";"0";"2";"5";"2";"6";""
"202100011603";"180Â 987";"A01";"1";"33";"0";"2";"1";"26";"1";""
"202100011604";"180Â 984";"A01";"1";"30";"1";"0";"1";"26";"1";""
"202100011604";"180Â 985";"B01";"1";"7";"0";"2";"2";"24";"1";""
"202100011605";"180Â 982";"A01";"3";"33";"0";"2";"7";"1";"1";""
"202100011605";"180Â 983";"B01";"3";"7";"0";"2";"0";"0";"1";""
"202100011606";"180Â 980";"B01";"3";"7";"0";"2";"0";"1";"1";""
"202100011606";"180Â 981";"A01";"3";"7";"0";"2";"2";"15";"1";""
"202100011607";"180Â 978";"A01";"1";"10";"0";"2";"3";"15";"1";""
"202100011607";"180Â 979";"B01";"1";"33";"0";"2";"2";"1";"1";""
"202100011608";"180Â 976";"B01";"1";"32";"0";"2";"4";"23";"1";""
"202100011608";"180Â 977";"A01";"1";"7";"0";"2";"3";"1";"1";""
"202100011609";"180Â 974";"B01";"3";"7";"0";"2";"7";"1";"1";""
"202100011609";"180Â 975";"A01";"3";"7";"0";"2";"5";"20";"1";""
"202100011610";"180Â 972";"A01";"1";"7";"0";"0";"0";"0";"0";""
"202100011610";"180Â 973";"B01";"3";"7";"0";"0";"3";"0";"0";""
"202100011611";"180Â 970";"B01";"0";"7";"0";"2";"2";"15";"1";""
"202100011611";"180Â 971";"A01";"2";"32";"0";"2";"1";"7";"1";""
"202100011612";"180Â 968";"A01";"0";"7";"0";"2";"1";"9";"1";""
"202100011612";"180Â 969";"B01";"0";"7";"0";"2";"7";"1";"1";""
"202100011613";"180Â 964";"B01";"2";"17";"0";"2";"1";"21";"1";""
"202100011613";"180Â 965";"A01";"1";"7";"0";"2";"1";"13";"1";""
"202100011614";"180Â 963";"A01";"1";"7";"3";"0";"1";"14";"1";""
"202100011615";"180Â 962";"A01";"3";"1";"12";"0";"1";"0";"5";""
"202100011616";"180Â 960";"B01";"1";"7";"0";"2";"1";"1";"1";""
"202100011616";"180Â 961";"A01";"1";"7";"0";"2";"4";"1";"1";""
"202100011617";"180Â 959";"A01";"1";"7";"0";"0";"0";"1";"1";""
"202100011618";"180Â 957";"A01";"2";"7";"0";"2";"3";"15";"1";""
"202100011618";"180Â 958";"B01";"1";"30";"0";"2";"1";"1";"1";""
"202100011619";"180Â 955";"A01";"2";"7";"0";"2";"1";"1";"1";""
"202100011619";"180Â 956";"B01";"3";"7";"0";"2";"4";"16";"1";""
"202100011620";"180Â 954";"A01";"2";"7";"15";"0";"2";"2";"1";""
"202100011621";"180Â 952";"A01";"1";"34";"0";"2";"4";"1";"1";""
"202100011621";"180Â 953";"Z01";"1";"7";"0";"2";"1";"11";"1";""
"202100011622";"180Â 949";"A01";"1";"7";"0";"2";"1";"5";"1";""
"202100011622";"180Â 950";"B01";"1";"7";"0";"2";"1";"0";"1";""
"202100011622";"180Â 951";"C01";"1";"7";"0";"2";"1";"0";"1";""
"202100011623";"180Â 944";"A01";"3";"15";"0";"2";"1";"1";"1";""
"202100011623";"180Â 945";"B01";"3";"7";"0";"2";"4";"1";"1";""
"202100011624";"180Â 942";"B01";"3";"10";"0";"2";"0";"10";"1";""
"202100011624";"180Â 943";"A01";"1";"33";"0";"2";"0";"0";"1";""
"202100011625";"180Â 941";"A01";"1";"7";"0";"1";"0";"9";"1";""
"202100011626";"180Â 940";"A01";"1";"7";"0";"1";"1";"1";"1";""
"202100011627";"180Â 938";"B01";"1";"1";"0";"2";"0";"0";"0";""
"202100011627";"180Â 939";"A01";"1";"7";"0";"2";"3";"9";"1";""
"202100011628";"180Â 936";"B01";"2";"1";"0";"2";"8";"1";"0";""
"202100011628";"180Â 937";"A01";"1";"7";"0";"9";"3";"15";"2";""
"202100011629";"180Â 935";"A01";"1";"7";"0";"1";"2";"2";"1";""
"202100011630";"180Â 933";"B01";"1";"10";"0";"2";"5";"1";"1";""
"202100011630";"180Â 934";"A01";"1";"43";"0";"2";"3";"3";"1";""
"202100011631";"180Â 931";"B01";"2";"7";"0";"2";"4";"2";"1";""
"202100011631";"180Â 932";"A01";"2";"10";"0";"2";"1";"2";"1";""
"202100011632";"180Â 930";"A01";"2";"32";"0";"0";"8";"3";"1";""
"202100011633";"180Â 929";"A01";"3";"30";"0";"0";"3";"1";"3";""
"202100011634";"180Â 927";"B01";"2";"33";"0";"2";"3";"11";"1";""
"202100011634";"180Â 928";"A01";"1";"7";"0";"2";"2";"12";"1";""
"202100011635";"180Â 925";"B01";"1";"1";"0";"2";"1";"18";"5";""
"202100011635";"180Â 926";"A01";"1";"7";"0";"2";"7";"16";"1";""
"202100011636";"180Â 923";"A01";"3";"7";"0";"2";"3";"16";"0";""
"202100011636";"180Â 924";"B01";"1";"32";"0";"2";"4";"1";"1";""
"202100011637";"180Â 921";"B01";"3";"43";"0";"2";"1";"1";"1";""
"202100011637";"180Â 922";"A01";"3";"7";"0";"2";"5";"15";"1";""
"202100011638";"180Â 920";"A01";"3";"7";"2";"0";"2";"14";"1";""
"202100011639";"180Â 918";"B01";"2";"7";"0";"2";"2";"1";"1";""
"202100011639";"180Â 919";"A01";"2";"7";"0";"2";"2";"15";"1";""
"202100011640";"180Â 917";"A01";"1";"50";"0";"0";"0";"1";"3";""
"202100011641";"180Â 915";"B01";"2";"1";"8";"2";"6";"1";"5";""
"202100011641";"180Â 916";"A01";"2";"37";"0";"2";"7";"14";"2";"1"
"202100011642";"180Â 914";"A01";"1";"10";"0";"1";"3";"15";"1";""
"202100011643";"180Â 913";"A01";"2";"33";"0";"1";"7";"1";"1";""
"202100011644";"180Â 911";"B01";"3";"7";"0";"2";"8";"15";"1";""
"202100011644";"180Â 912";"A01";"3";"32";"0";"2";"3";"1";"1";""
"202100011645";"180Â 910";"A01";"1";"1";"12";"0";"7";"14";"5";""
"202100011646";"180Â 908";"B01";"1";"2";"0";"2";"4";"23";"3";""
"202100011646";"180Â 909";"A01";"1";"7";"0";"2";"1";"2";"1";""
"202100011647";"180Â 906";"B01";"1";"7";"0";"2";"3";"1";"1";""
"202100011647";"180Â 907";"A01";"1";"7";"0";"2";"0";"0";"1";""
"202100011648";"180Â 904";"A01";"3";"50";"0";"2";"1";"1";"3";""
"202100011648";"180Â 905";"B01";"3";"7";"0";"9";"3";"16";"1";""
"202100011649";"180Â 902";"A01";"2";"32";"1";"0";"3";"1";"1";""
"202100011649";"180Â 903";"B01";"2";"1";"1";"0";"3";"1";"5";""
"202100011650";"180Â 900";"B01";"2";"31";"0";"2";"2";"1";"1";""
"202100011650";"180Â 901";"A01";"2";"7";"0";"2";"3";"13";"1";""
"202100011651";"180Â 899";"A01";"1";"7";"0";"1";"1";"1";"1";""
"202100011652";"180Â 896";"A01";"2";"10";"0";"2";"1";"2";"0";""
"202100011652";"180Â 897";"B01";"2";"7";"0";"2";"4";"2";"1";""
"202100011652";"180Â 898";"C01";"2";"10";"0";"2";"0";"0";"1";""
"202100011653";"180Â 894";"A01";"2";"7";"0";"2";"0";"26";"1";""
"202100011653";"180Â 895";"B01";"2";"7";"0";"2";"0";"0";"1";""
"202100011654";"180Â 893";"A01";"1";"7";"0";"1";"2";"1";"1";""
"202100011655";"180Â 891";"A01";"2";"14";"0";"2";"4";"2";"1";""
"202100011655";"180Â 892";"B01";"2";"7";"0";"2";"4";"0";"2";""
"202100011656";"180Â 890";"A01";"3";"13";"0";"1";"3";"1";"0";""
"202100011657";"180Â 889";"A01";"0";"7";"0";"1";"2";"15";"1";""
"202100011658";"180Â 887";"B01";"1";"33";"0";"2";"7";"1";"1";""
"202100011658";"180Â 888";"A01";"1";"7";"0";"2";"1";"15";"1";""
"202100011659";"180Â 885";"B01";"1";"7";"0";"2";"4";"1";"1";""
"202100011659";"180Â 886";"A01";"1";"7";"0";"2";"4";"2";"1";""
"202100011660";"180Â 883";"A01";"2";"33";"0";"2";"1";"3";"1";""
"202100011660";"180Â 884";"B01";"2";"7";"0";"2";"3";"23";"1";""
"202100011661";"180Â 881";"A01";"2";"7";"0";"2";"6";"10";"1";""
"202100011661";"180Â 882";"B01";"2";"32";"0";"2";"1";"1";"1";""
"202100011662";"180Â 879";"A01";"2";"7";"0";"1";"1";"15";"1";""
"202100011662";"180Â 880";"B01";"1";"7";"0";"2";"1";"23";"1";""
"202100011663";"180Â 877";"B01";"1";"50";"0";"2";"0";"1";"3";""
"202100011663";"180Â 878";"A01";"1";"50";"0";"2";"0";"1";"3";""
"202100011664";"180Â 875";"B01";"3";"14";"0";"2";"1";"1";"0";""
"202100011664";"180Â 876";"A01";"3";"7";"0";"2";"1";"26";"1";""
"202100011665";"180Â 872";"A01";"1";"7";"0";"2";"1";"13";"1";""
"202100011665";"180Â 873";"B01";"2";"10";"0";"0";"3";"23";"1";""
"202100011665";"180Â 874";"C01";"2";"7";"0";"0";"1";"2";"1";""
"202100011666";"180Â 870";"B01";"1";"43";"0";"2";"1";"2";"1";""
"202100011666";"180Â 871";"A01";"1";"7";"0";"2";"3";"10";"1";""
"202100011667";"180Â 868";"A01";"1";"7";"0";"2";"2";"15";"1";""
"202100011667";"180Â 869";"B01";"2";"2";"0";"2";"7";"1";"1";""
"202100011668";"180Â 866";"B01";"1";"43";"0";"2";"1";"1";"1";""
"202100011668";"180Â 867";"A01";"2";"10";"0";"2";"7";"15";"1";""
"202100011669";"180Â 864";"A01";"0";"7";"0";"2";"3";"15";"1";""
"202100011669";"180Â 865";"B01";"0";"50";"0";"2";"1";"1";"3";""
"202100011670";"180Â 863";"A01";"2";"7";"0";"1";"2";"1";"1";""
"202100011671";"180Â 861";"B01";"2";"7";"0";"2";"4";"1";"1";""
"202100011671";"180Â 862";"A01";"2";"7";"0";"2";"1";"1";"1";""
"202100011672";"180Â 860";"A01";" -1";"7";"0";"1";"1";"19";"1";""
"202100011673";"180Â 858";"A01";"0";"7";"0";"2";"6";"20";"1";""
"202100011673";"180Â 859";"B01";"0";"2";"0";"2";"1";"1";"1";""
"202100011674";"180Â 857";"A01";"1";"7";"0";"1";"2";"26";"1";""
"202100011675";"180Â 855";"B01";"2";"2";"0";"2";"1";"1";"1";""
"202100011675";"180Â 856";"A01";"2";"7";"16";"2";"1";"15";"1";""
"202100011676";"180Â 854";"A01";"1";"43";"0";"0";"9";"17";"1";""
"202100011677";"180Â 853";"A01";"2";"13";"0";"1";"3";"1";"1";""
"202100011678";"180Â 851";"B01";"2";"7";"0";"2";"7";"25";"1";""
"202100011678";"180Â 852";"A01";"2";"50";"0";"2";"1";"25";"3";""
"202100011679";"180Â 850";"A01";"0";"33";"0";"0";"0";"1";"1";""
"202100011680";"180Â 848";"A01";"2";"7";"0";"1";"1";"2";"0";""
"202100011680";"180Â 849";"B01";"2";"7";"0";"2";"1";"2";"1";""
"202100011681";"180Â 847";"A01";"2";"50";"0";"1";"1";"1";"3";""
"202100011682";"180Â 846";"A01";"2";"2";"0";"1";"2";"21";"3";""
"202100011683";"180Â 844";"A01";"2";"33";"0";"2";"3";"1";"1";""
"202100011683";"180Â 845";"B01";"1";"7";"0";"2";"3";"15";"1";""
"202100011684";"180Â 842";"A01";"1";"7";"0";"2";"1";"1";"1";""
"202100011684";"180Â 843";"B01";"2";"10";"0";"2";"1";"1";"1";""
"202100011685";"180Â 839";"C01";"2";"7";"0";"2";"7";"1";"1";""
"202100011685";"180Â 840";"B01";"2";"7";"0";"2";"3";"21";"1";""
"202100011685";"180Â 841";"A01";"1";"7";"0";"2";"3";"5";"1";""
"202100011686";"180Â 838";"A01";"2";"7";"6";"0";"2";"14";"1";""
"202100011687";"180Â 837";"A01";"1";"17";"0";"1";"7";"14";"1";""
"202100011688";"180Â 835";"A01";"1";"34";"0";"2";"7";"1";"1";""
"202100011688";"180Â 836";"B01";"3";"7";"0";"2";"1";"19";"1";""
"202100011689";"180Â 834";"A01";"2";"7";"0";"1";"1";"16";"1";""
"202100011690";"180Â 832";"A01";"2";"7";"0";"2";"1";"1";"1";""
"202100011690";"180Â 833";"B01";"1";"7";"0";"2";"1";"13";"1";""
"202100011691";"180Â 831";"A01";"1";"33";"13";"0";"3";"17";"1";""
"202100011692";"180Â 830";"A01";"1";"7";"1";"9";"1";"1";"1";""
"202100011693";"180Â 829";"A01";"1";"31";"0";"0";"8";"1";"1";""
"202100011694";"180Â 827";"A01";"1";"33";"0";"2";"3";"17";"1";""
"202100011694";"180Â 828";"B01";"2";"7";"0";"2";"3";"1";"1";""
"202100011695";"180Â 826";"A01";"2";"7";"16";"0";"9";"1";"1";""
"202100011696";"180Â 825";"A01";"2";"7";"0";"0";"9";"1";"1";""
"202100011697";"180Â 823";"B01";"1";"7";"0";"2";"1";"13";"1";""
"202100011697";"180Â 824";"A01";"2";"15";"4";"2";"2";"1";"1";""
"202100011698";"180Â 822";"A01";"1";"7";"0";"1";"3";"1";"1";""
"202100011699";"180Â 821";"A01";"3";"2";"14";"0";"1";"1";"1";""
"202100011700";"180Â 819";"A01";"2";"33";"0";"2";"7";"17";"1";""
"202100011700";"180Â 820";"B01";"2";"7";"0";"2";"8";"17";"1";""
"202100011701";"180Â 818";"A01";"3";"7";"8";"0";"2";"1";"1";""
"202100011702";"180Â 816";"B01";"1";"7";"0";"2";"1";"13";"1";""
"202100011702";"180Â 817";"A01";"2";"7";"0";"2";"1";"1";"1";""
"202100011703";"180Â 815";"A01";"2";"7";"6";"0";"1";"1";"1";""
"202100011704";"180Â 813";"B01";"2";"7";"0";"2";"1";"1";"1";""
"202100011704";"180Â 814";"A01";"1";"2";"0";"2";"1";"5";"1";""
"202100011705";"180Â 811";"A01";"1";"10";"0";"2";"2";"10";"1";""
"202100011705";"180Â 812";"B01";"2";"1";"0";"2";"1";"1";"5";""
"202100011706";"180Â 809";"A01";"0";"7";"0";"2";"3";"15";"1";""
"202100011706";"180Â 810";"B01";"0";"33";"0";"2";"2";"17";"1";""
"202100011707";"180Â 807";"B01";"2";"2";"0";"2";"4";"15";"1";""
"202100011707";"180Â 808";"A01";"2";"7";"0";"2";"2";"17";"1";""
"202100011708";"180Â 805";"B01";"2";"7";"0";"2";"1";"1";"1";""
"202100011708";"180Â 806";"A01";"3";"10";"0";"2";"7";"19";"1";""
"202100011709";"180Â 800";"A01";"1";"33";"0";"2";"9";"13";"1";""
"202100011709";"180Â 801";"B01";"2";"33";"8";"2";"8";"1";"1";""
"202100011709";"180Â 802";"C01";"2";"33";"0";"2";"1";"1";"1";""
"202100011710";"180Â 799";"A01";"2";"33";"0";"0";"8";"1";"1";""
"202100011711";"180Â 796";"A01";"1";"7";"0";"2";"1";"15";"1";""
"202100011711";"180Â 797";"B01";"2";"7";"0";"2";"1";"1";"1";""
"202100011712";"180Â 794";"A01";"1";"7";"0";"2";"1";"15";"1";""
"202100011712";"180Â 795";"B01";"0";"33";"0";"2";"1";"1";"1";""
"202100011713";"180Â 793";"A01";"2";"33";"3";"0";"0";"1";"1";""
"202100011714";"180Â 792";"A01";"2";"7";"7";"0";"1";"16";"1";""
"202100011715";"180Â 788";"D01";"1";"7";"0";"2";"4";"13";"1";""
"202100011715";"180Â 789";"C01";"2";"7";"0";"2";"8";"1";"1";""
"202100011715";"180Â 790";"B01";"1";"7";"0";"2";"6";"23";"1";""
"202100011715";"180Â 791";"A01";"1";"7";"0";"2";"2";"1";"1";""
"202100011716";"180Â 787";"A01";"2";"1";"0";"0";"0";"1";"5";""
"202100011717";"180Â 785";"B01";"3";"7";"0";"2";"1";"1";"1";""
"202100011717";"180Â 786";"A01";"3";"7";"0";"2";"8";"16";"1";""
"202100011718";"180Â 782";"A01";"2";"2";"0";"2";"1";"1";"1";""
"202100011718";"180Â 783";"B01";"2";"7";"0";"0";"3";"23";"1";""
"202100011718";"180Â 784";"C01";"2";"10";"0";"0";"5";"15";"1";""
"202100011719";"180Â 780";"B01";"2";"7";"0";"2";"3";"1";"1";""
"202100011719";"180Â 781";"A01";"1";"7";"0";"2";"6";"5";"1";""
"202100011720";"180Â 778";"A01";"2";"7";"0";"0";"6";"15";"1";""
"202100011720";"180Â 779";"B01";"2";"10";"0";"2";"2";"17";"1";""
"202100011721";"180Â 776";"A01";"3";"7";"13";"2";"3";"13";"1";""
"202100011721";"180Â 777";"B01";"3";"20";"0";"2";"3";"1";"1";""
"202100011722";"180Â 775";"A01";"1";"7";"11";"0";"1";"1";"1";""
"202100011723";"180Â 774";"A01";"1";"7";"15";"0";"9";"13";"1";""
"202100011724";"180Â 773";"A01";"1";"10";"0";"1";"1";"16";"1";""
"202100011725";"180Â 771";"A01";"2";"33";"14";"0";"1";"1";"1";""
"202100011726";"180Â 769";"A01";"1";"10";"0";"2";"3";"15";"1";""
"202100011726";"180Â 770";"B01";"2";"2";"0";"2";"1";"1";"1";""
"202100011727";"180Â 767";"A01";"2";"7";"0";"9";"2";"1";"1";""
"202100011727";"180Â 768";"B01";"1";"1";"0";"0";"8";"1";"5";""
"202100011728";"180Â 766";"A01";"1";"7";"6";"0";"2";"1";"1";""
"202100011729";"180Â 765";"A01";"1";"3";"0";"1";"1";"11";"0";""
"202100011730";"180Â 763";"A01";"1";"7";"0";"2";"1";"5";"1";""
"202100011730";"180Â 764";"B01";"2";"7";"0";"2";"1";"1";"1";""
"202100011731";"180Â 761";"A01";"2";"2";"0";"2";"1";"1";"1";""
"202100011731";"180Â 762";"B01";"1";"7";"0";"2";"5";"15";"1";""
"202100011732";"180Â 760";"A01";"1";"7";"4";"0";"1";"0";"1";""
"202100011733";"180Â 758";"A01";"2";"7";"0";"2";"2";"12";"1";""
"202100011733";"180Â 759";"B01";"2";"7";"0";"2";"3";"1";"1";""
"202100011734";"180Â 755";"C01";"1";"7";"0";"2";"5";"1";"1";""
"202100011734";"180Â 756";"B01";"1";"33";"0";"2";"0";"0";"1";""
"202100011734";"180Â 757";"A01";"1";"7";"0";"2";"3";"11";"1";""
"202100011735";"180Â 752";"B01";"2";"7";"0";"2";"4";"0";"6";""
"202100011735";"180Â 753";"A01";"2";"7";"0";"2";"4";"2";"1";""
"202100011735";"180Â 754";"Z01";"2";"7";"0";"2";"1";"2";"0";""
"202100011736";"180Â 749";"A01";"1";"17";"0";"9";"0";"2";"1";""
"202100011736";"180Â 750";"B01";"1";"7";"14";"2";"1";"2";"1";""
"202100011736";"180Â 751";"C01";"1";"7";"0";"2";"1";"2";"1";""
"202100011737";"180Â 747";"B01";"1";"17";"0";"2";"4";"2";"1";""
"202100011737";"180Â 748";"A01";"1";"17";"3";"2";"1";"2";"1";""
"202100011738";"180Â 743";"D01";"2";"7";"0";"2";"4";"2";"1";""
"202100011738";"180Â 744";"C01";"2";"7";"0";"2";"4";"2";"1";""
"202100011738";"180Â 745";"B01";"2";"7";"0";"2";"4";"2";"1";""
"202100011738";"180Â 746";"A01";"2";"7";"0";"2";"1";"1";"1";""
"202100011739";"180Â 741";"A01";"2";"10";"0";"2";"5";"1";"1";""
"202100011739";"180Â 742";"B01";"2";"33";"0";"2";"1";"21";"1";""
"202100011740";"180Â 738";"A01";"2";"7";"0";"2";"1";"2";"1";""
"202100011740";"180Â 739";"B01";"2";"7";"0";"2";"4";"2";"1";""
"202100011740";"180Â 740";"C01";"2";"7";"0";"2";"4";"2";"1";""
"202100011741";"180Â 737";"A01";"1";"7";"4";"0";"3";"21";"1";""
"202100011742";"180Â 735";"A01";"1";"7";"0";"2";"1";"2";"1";""
"202100011742";"180Â 736";"B01";"1";"10";"0";"2";"4";"2";"1";""
"202100011743";"180Â 728";"E01";"2";"7";"0";"2";"4";"1";"1";""
"202100011743";"180Â 729";"F01";"2";"7";"0";"2";"4";"1";"1";""
"202100011743";"180Â 730";"G01";"2";"10";"0";"2";"4";"23";"1";""
"202100011743";"180Â 731";"A01";"2";"7";"0";"2";"1";"1";"1";""
"202100011743";"180Â 732";"B01";"2";"10";"0";"2";"1";"1";"1";""
"202100011743";"180Â 733";"D01";"2";"7";"0";"2";"4";"1";"0";""
"202100011743";"180Â 734";"C01";"2";"7";"0";"2";"4";"1";"1";""
"202100011744";"180Â 725";"C01";"1";"7";"0";"2";"4";"2";"1";""
"202100011744";"180Â 726";"B01";"1";"7";"0";"2";"4";"2";"1";""
"202100011744";"180Â 727";"A01";"1";"7";"0";"2";"1";"2";"1";""
"202100011745";"180Â 722";"C01";"2";"7";"0";"2";"4";"1";"1";""
"202100011745";"180Â 723";"B01";"2";"10";"0";"2";"4";"1";"0";""
"202100011745";"180Â 724";"A01";"2";"10";"0";"2";"1";"1";"1";""
"202100011746";"180Â 721";"A01";"2";"10";"0";"1";"1";"21";"1";""
"202100011747";"180Â 719";"B01";"2";"7";"4";"0";"0";"0";"1";""
"202100011747";"180Â 720";"A01";"2";"7";"4";"0";"0";"26";"1";""
"202100011748";"180Â 717";"B01";"2";"7";"0";"2";"4";"2";"1";""
"202100011748";"180Â 718";"A01";"2";"10";"0";"2";"1";"2";"1";""
"202100011749";"180Â 716";"A01";" -1";"32";"4";"0";"2";"1";"1";""
"202100011750";"180Â 711";"Z01";"2";"7";"0";"2";"1";"1";"1";""
"202100011750";"180Â 712";"D01";"2";"13";"0";"2";"4";"1";"1";""
"202100011750";"180Â 713";"C01";"2";"7";"0";"2";"4";"1";"1";""
"202100011750";"180Â 714";"B01";"2";"7";"0";"2";"4";"1";"1";""
"202100011750";"180Â 715";"A01";"2";"7";"0";"2";"1";"1";"1";""
"202100011751";"180Â 709";"A01";"2";"7";"0";"2";"1";"1";"1";""
"202100011751";"180Â 710";"B01";"2";"7";"4";"2";"7";"13";"1";""
"202100011752";"180Â 708";"A01";"2";"80";"0";"1";"1";"0";"3";""
"202100011753";"180Â 707";"A01";"0";"7";"0";"1";"1";"1";"1";""
"202100011754";"180Â 706";"A01";"2";"7";"0";"1";"1";"0";"1";""
"202100011755";"180Â 705";"A01";"3";"7";"0";"1";"1";"16";"1";""
"202100011756";"180Â 701";"A01";"1";"7";"0";"2";"7";"19";"1";""
"202100011756";"180Â 702";"B01";"1";"7";"0";"2";"1";"1";"1";""
"202100011757";"180Â 699";"A01";"2";"30";"0";"2";"1";"1";"1";""
"202100011757";"180Â 700";"B01";"2";"30";"0";"2";"4";"23";"0";""
"202100011758";"180Â 696";"A01";"1";"10";"0";"1";"1";"26";"1";""
"202100011759";"180Â 694";"A01";"1";"7";"0";"2";"3";"1";"1";""
"202100011759";"180Â 695";"B01";"1";"31";"0";"2";"4";"15";"1";""
"202100011760";"180Â 691";"B01";"2";"7";"0";"0";"7";"2";"1";""
"202100011760";"180Â 692";"A01";"2";"7";"0";"2";"4";"23";"1";""
"202100011760";"180Â 693";"C01";"2";"33";"0";"2";"1";"2";"1";""
"202100011761";"180Â 690";"A01";"2";"10";"0";"9";"8";"1";"1";""
"202100011762";"180Â 688";"A01";"2";"33";"0";"2";"0";"0";"1";""
"202100011762";"180Â 689";"B01";"1";"32";"0";"2";"0";"0";"1";""
"202100011763";"180Â 686";"A01";"1";"7";"0";"2";"8";"13";"1";""
"202100011763";"180Â 687";"B01";"1";"33";"0";"2";"7";"1";"1";""
"202100011764";"180Â 685";"A01";"3";"33";"0";"1";"0";"26";"1";""
"202100011765";"180Â 682";"A01";"1";"7";"0";"2";"1";"26";"1";""
"202100011765";"180Â 683";"B01";"1";"7";"0";"2";"4";"26";"1";""
"202100011765";"180Â 684";"C01";"1";"7";"0";"2";"1";"26";"1";""
"202100011766";"180Â 681";"A01";"0";"50";"0";"0";"0";"25";"3";""
"202100011767";"180Â 679";"B01";"2";"7";"0";"2";"0";"0";"1";""
"202100011767";"180Â 680";"A01";"2";"7";"0";"2";"1";"1";"1";""
"202100011768";"180Â 675";"A01";"1";"7";"0";"2";"8";"11";"1";""
"202100011768";"180Â 676";"B01";"1";"7";"0";"2";"1";"1";"1";""
"202100011769";"180Â 674";"A01";"1";"7";"0";"1";"1";"1";"1";""