"Num_Acc";"id_vehicule";"num_veh";"senc";"catv";"obs";"obsm";"choc";"manv";"motor";"occutc"
"202100011770";"180Â 672";"A01";"1";"7";"0";"2";"1";"1";"1";""
"202100011770";"180Â 673";"B01";"3";"7";"0";"2";"8";"1";"2";""
"202100011771";"180Â 669";"A01";"3";"1";"0";"2";"1";"21";"0";""
"202100011771";"180Â 670";"B01";"3";"7";"0";"2";"6";"1";"1";""
"202100011771";"180Â 671";"C01";"3";"7";"0";"2";"1";"1";"1";""
"202100011772";"180Â 667";"B01";"2";"1";"0";"2";"7";"25";"0";""
"202100011772";"180Â 668";"A01";"2";"7";"0";"2";"1";"1";"1";""
"202100011773";"180Â 666";"A01";"2";"10";"0";"1";"2";"1";"1";""
"202100011774";"180Â 665";"A01";"1";"7";"0";"1";"1";"1";"1";""
"202100011775";"180Â 663";"A01";"2";"31";"0";"2";"1";"13";"1";""
"202100011775";"180Â 664";"B01";"1";"7";"0";"2";"1";"1";"1";""
"202100011776";"180Â 661";"A01";"1";"10";"2";"2";"3";"9";"1";""
"202100011776";"180Â 662";"B01";"1";"31";"2";"2";"1";"1";"1";""
"202100011777";"180Â 659";"B01";"1";"7";"0";"2";"7";"15";"1";""
"202100011777";"180Â 660";"A01";"2";"32";"0";"2";"1";"8";"1";""
"202100011778";"180Â 658";"A01";"2";"7";"9";"0";"2";"14";"1";""
"202100011779";"180Â 657";"A01";"0";"30";"0";"1";"1";"13";"1";""
"202100011780";"180Â 654";"A01";"0";"7";"0";"2";"1";"1";"1";""
"202100011780";"180Â 655";"C01";"0";"7";"0";"2";"4";"1";"1";""
"202100011780";"180Â 656";"B01";"0";"7";"0";"2";"4";"1";"1";""
"202100011781";"180Â 653";"A01";"0";"2";"0";"1";"2";"1";"1";""
"202100011782";"180Â 651";"B01";"3";"7";"0";"2";"4";"2";"1";""
"202100011782";"180Â 652";"A01";"3";"43";"0";"2";"1";"2";"1";""
"202100011783";"180Â 650";"A01";"1";"7";"0";"0";"9";"26";"1";""
"202100011784";"180Â 648";"B01";"1";"7";"0";"2";"6";"2";"1";""
"202100011784";"180Â 649";"A01";"1";"10";"0";"2";"2";"2";"1";""
"202100011785";"180Â 647";"A01";"1";"7";"12";"0";"1";"1";"1";""
"202100011786";"180Â 645";"B01";"0";"7";"0";"2";"3";"15";"1";""
"202100011786";"180Â 646";"A01";"0";"50";"0";"2";"3";"5";"3";""
"202100011787";"180Â 643";"A01";"1";"7";"0";"2";"2";"15";"1";""
"202100011787";"180Â 644";"B01";"2";"7";"0";"2";"3";"1";"1";""
"202100011788";"180Â 642";"A01";"3";"1";"0";"1";"0";"25";"5";""
"202100011789";"180Â 641";"A01";"0";"7";"0";"1";"0";"0";"1";""
"202100011790";"180Â 639";"B01";"3";"7";"0";"2";"2";"0";"1";""
"202100011790";"180Â 640";"A01";"3";"7";"0";"2";"0";"0";"1";""
"202100011791";"180Â 638";"Z01";"2";"10";"0";"1";"1";"1";"1";""
"202100011792";"180Â 636";"B01";"2";"1";"0";"2";"2";"19";"5";""
"202100011792";"180Â 637";"A01";"1";"7";"0";"2";"3";"1";"1";""
"202100011793";"180Â 634";"A01";"2";"7";"0";"2";"1";"2";"1";""
"202100011793";"180Â 635";"B01";"2";"7";"0";"2";"4";"2";"1";""
"202100011794";"180Â 633";"A01";"1";"7";"0";"1";"1";"1";"1";""
"202100011795";"180Â 632";"A01";"1";"14";"0";"1";"0";"15";"1";""
"202100011796";"180Â 630";"B01";"1";"7";"0";"2";"1";"1";"0";""
"202100011796";"180Â 631";"A01";"2";"7";"0";"2";"1";"13";"0";""
"202100011797";"180Â 629";"A01";"1";"7";"0";"0";"9";"0";"1";""
"202100011798";"180Â 627";"A01";"1";"31";"0";"2";"3";"26";"1";""
"202100011798";"180Â 628";"B01";"1";"7";"0";"2";"0";"0";"1";""
"202100011799";"180Â 625";"B01";"1";"60";"0";"2";"1";"1";"5";""
"202100011799";"180Â 626";"A01";"2";"7";"0";"9";"2";"12";"1";""
"202100011800";"180Â 623";"B01";"2";"15";"0";"2";"3";"1";"1";""
"202100011800";"180Â 624";"A01";"1";"7";"0";"2";"1";"13";"1";""
"202100011801";"180Â 622";"A01";"0";"7";"0";"1";"2";"15";"1";""
"202100011802";"180Â 621";"A01";"2";"7";"0";"1";"1";"16";"1";""
"202100011803";"180Â 620";"Z01";"1";"7";"0";"1";"7";"1";"0";""
"202100011804";"180Â 618";"B01";"1";"60";"0";"2";"3";"26";"5";""
"202100011804";"180Â 619";"A01";"1";"7";"0";"2";"2";"1";"1";""
"202100011805";"180Â 616";"A01";"1";"7";"0";"2";"3";"2";"1";""
"202100011805";"180Â 617";"B01";"1";"1";"0";"2";"4";"2";"5";""
"202100011806";"180Â 615";"A01";"1";"30";"0";"0";"7";"26";"3";""
"202100011807";"180Â 614";"A01";"1";"1";"0";"0";"1";"26";"5";""
"202100011808";"180Â 612";"B01";"3";"40";"0";"2";"1";"1";"3";""
"202100011808";"180Â 613";"A01";"3";"1";"0";"4";"2";"14";"5";""
"202100011809";"180Â 610";"A01";"2";"7";"0";"2";"2";"15";"1";""
"202100011809";"180Â 611";"B01";"1";"33";"0";"2";"1";"0";"1";""
"202100011810";"180Â 609";"A01";"1";"7";"4";"0";"1";"9";"1";""
"202100011811";"180Â 608";"A01";"1";"10";"0";"1";"1";"9";"1";""
"202100011812";"180Â 607";"A01";"1";"33";"0";"1";"1";"1";"1";""
"202100011813";"180Â 605";"B01";"0";"1";"0";"2";"4";"19";"5";""
"202100011813";"180Â 606";"A01";"0";"30";"0";"2";"1";"19";"1";""
"202100011814";"180Â 603";"A01";"0";"7";"0";"2";"1";"1";"1";""
"202100011814";"180Â 604";"B01";"0";"31";"0";"2";"1";"1";"2";""
"202100011815";"180Â 601";"A01";"1";"7";"1";"2";"3";"21";"1";""
"202100011815";"180Â 602";"B01";"3";"1";"0";"2";"3";"19";"5";""
"202100011816";"180Â 600";"A01";"3";"7";"0";"1";"3";"26";"1";""
"202100011817";"180Â 598";"A01";"1";"7";"0";"2";"3";"11";"1";""
"202100011817";"180Â 599";"B01";"1";"30";"0";"2";"3";"0";"1";""
"202100011818";"180Â 597";"A01";"2";"1";"1";"0";"1";"1";"5";""
"202100011819";"180Â 596";"A01";"0";"10";"0";"1";"2";"1";"1";""
"202100011820";"180Â 594";"B01";"1";"7";"0";"0";"4";"2";"1";""
"202100011820";"180Â 595";"A01";"1";"7";"0";"2";"1";"12";"1";""
"202100011821";"180Â 592";"B01";"0";"1";"1";"0";"1";"1";"5";""
"202100011821";"180Â 593";"A01";"0";"7";"0";"9";"3";"9";"1";""
"202100011822";"180Â 591";"A01";"3";"7";"0";"1";"2";"15";"1";""
"202100011823";"180Â 589";"B01";"2";"7";"0";"2";"5";"23";"0";""
"202100011823";"180Â 590";"A01";"2";"7";"5";"2";"3";"26";"1";""
"202100011824";"180Â 587";"A01";"1";"7";"0";"2";"5";"15";"1";""
"202100011824";"180Â 588";"B01";"2";"2";"0";"2";"3";"2";"1";""
"202100011825";"180Â 584";"A01";"2";"30";"0";"0";"0";"9";"1";""
"202100011826";"180Â 583";"A01";"0";"7";"2";"0";"2";"15";"1";""
"202100011827";"180Â 581";"Z01";"0";"3";"0";"2";"0";"0";"0";""
"202100011827";"180Â 582";"A01";"1";"32";"0";"2";"8";"1";"1";""
"202100011828";"180Â 579";"B01";"1";"7";"0";"2";"7";"15";"1";""
"202100011828";"180Â 580";"A01";"1";"7";"0";"2";"3";"19";"1";""
"202100011829";"180Â 577";"A01";"0";"7";"0";"2";"3";"9";"1";""
"202100011829";"180Â 578";"B01";"0";"34";"0";"2";"1";"1";"1";""
"202100011830";"180Â 576";"A01";"3";"30";"0";"1";"1";"1";"1";""
"202100011831";"180Â 575";"A01";"2";"30";"1";"0";"7";"14";"1";""
"202100011832";"180Â 573";"A01";"3";"30";"0";"9";"1";"1";"1";""
"202100011832";"180Â 574";"B01";"3";"30";"0";"9";"4";"1";"1";""
"202100011833";"180Â 571";"B01";"1";"7";"0";"2";"4";"1";"1";""
"202100011833";"180Â 572";"A01";"1";"2";"0";"2";"1";"2";"1";""
"202100011834";"180Â 569";"B01";"2";"7";"0";"2";"1";"1";"1";""
"202100011834";"180Â 570";"A01";"1";"1";"0";"2";"1";"1";"5";""
"202100011835";"180Â 566";"C01";"1";"7";"0";"2";"4";"2";"1";""
"202100011835";"180Â 567";"A01";"1";"7";"1";"0";"0";"0";"1";""
"202100011835";"180Â 568";"B01";"1";"7";"1";"0";"0";"0";"1";""
"202100011836";"180Â 564";"B01";"3";"1";"0";"2";"1";"25";"0";""
"202100011836";"180Â 565";"A01";"3";"7";"0";"9";"2";"26";"1";""
"202100011837";"180Â 563";"A01";"2";"7";"9";"0";"1";"0";"1";""
"202100011838";"180Â 558";"D01";"2";"7";"0";"2";"1";"1";"1";""
"202100011838";"180Â 559";"E01";"2";"32";"0";"2";"1";"2";"1";""
"202100011838";"180Â 560";"C01";"2";"7";"0";"2";"4";"2";"1";""
"202100011838";"180Â 561";"B01";"2";"7";"0";"2";"6";"1";"1";""
"202100011838";"180Â 562";"A01";"2";"43";"0";"2";"2";"3";"1";""
"202100011839";"180Â 556";"A01";"1";"17";"0";"2";"1";"1";"1";""
"202100011839";"180Â 557";"B01";"1";"7";"0";"2";"4";"11";"2";""
"202100011840";"180Â 555";"A01";"1";"33";"0";"1";"3";"1";"1";""
"202100011841";"180Â 553";"A01";"1";"37";"0";"2";"1";"1";"2";"1"
"202100011841";"180Â 554";"B01";"2";"80";"0";"2";"1";"5";"3";""
"202100011842";"180Â 552";"A01";"2";"80";"0";"1";"1";"8";"3";""
"202100011843";"180Â 549";"A01";"1";"33";"0";"2";"8";"17";"1";""
"202100011843";"180Â 550";"B01";"1";"7";"0";"2";"8";"13";"1";""
"202100011843";"180Â 551";"C01";"1";"7";"0";"2";"3";"24";"1";""
"202100011844";"180Â 547";"B01";"2";"1";"0";"2";"1";"1";"5";""
"202100011844";"180Â 548";"A01";"1";"7";"0";"2";"2";"16";"1";""
"202100011845";"180Â 546";"A01";"1";"30";"0";"1";"1";"7";"1";""
"202100011846";"180Â 544";"B01";"2";"30";"0";"2";"3";"7";"3";""
"202100011846";"180Â 545";"A01";"2";"7";"0";"2";"5";"16";"1";""
"202100011847";"180Â 543";"A01";"1";"33";"0";"0";"7";"9";"1";""
"202100011848";"180Â 542";"A01";"2";"32";"14";"2";"3";"21";"1";""
"202100011849";"180Â 541";"A01";"1";"1";"0";"1";"1";"1";"5";""
"202100011850";"180Â 540";"A01";"3";"1";"0";"0";"0";"1";"5";""
"202100011851";"180Â 539";"A01";"2";"1";"0";"1";"1";"21";"5";""
"202100011852";"180Â 537";"B01";"2";"1";"0";"2";"8";"1";"5";""
"202100011852";"180Â 538";"A01";"1";"14";"0";"2";"2";"15";"1";""
"202100011853";"180Â 536";"A01";"1";"32";"0";"1";"1";"17";"1";""
"202100011854";"180Â 534";"A01";"2";"7";"0";"2";"1";"5";"1";""
"202100011854";"180Â 535";"B01";"1";"30";"0";"2";"1";"1";"1";""
"202100011855";"180Â 533";"A01";"1";"32";"0";"1";"0";"1";"1";""
"202100011856";"180Â 531";"B01";"2";"31";"0";"2";"4";"1";"1";""
"202100011856";"180Â 532";"A01";"2";"10";"0";"2";"3";"2";"1";""
"202100011857";"180Â 529";"B01";"1";"10";"0";"2";"1";"1";"1";""
"202100011857";"180Â 530";"A01";"1";"1";"0";"2";"7";"1";"5";""
"202100011858";"180Â 527";"B01";"1";"7";"0";"2";"1";"1";"1";""
"202100011858";"180Â 528";"Z01";"2";"7";"0";"2";"1";"10";"1";""
"202100011859";"180Â 525";"A01";"3";"7";"0";"2";"1";"1";"1";""
"202100011859";"180Â 526";"B01";"3";"2";"0";"2";"3";"16";"3";""
"202100011860";"180Â 522";"B01";"3";"2";"0";"2";"1";"0";"1";""
"202100011860";"180Â 523";"A01";"1";"10";"0";"2";"3";"15";"1";""
"202100011861";"180Â 521";"A01";"3";"7";"0";"1";"1";"15";"1";""
"202100011862";"180Â 519";"B01";"2";"13";"0";"2";"3";"16";"1";""
"202100011862";"180Â 520";"A01";"1";"7";"0";"2";"3";"13";"1";""
"202100011863";"180Â 516";"Z01";"1";"10";"0";"2";"0";"2";"1";""
"202100011863";"180Â 517";"C01";"1";"10";"0";"2";"4";"2";"1";""
"202100011863";"180Â 518";"B01";"1";"7";"0";"2";"4";"2";"1";""
"202100011864";"180Â 514";"B01";"2";"33";"0";"2";"1";"1";"1";""
"202100011864";"180Â 515";"A01";"1";"10";"0";"2";"7";"15";"1";""
"202100011865";"180Â 511";"B01";"1";"34";"0";"0";"0";"0";"0";""
"202100011865";"180Â 512";"A01";"1";"7";"0";"2";"3";"11";"0";""
"202100011866";"180Â 509";"A01";"1";"2";"0";"2";"1";"21";"0";""
"202100011866";"180Â 510";"B01";"1";"3";"0";"2";"3";"1";"0";""
"202100011867";"180Â 507";"B01";"1";"7";"0";"2";"4";"2";"0";""
"202100011867";"180Â 508";"A01";"1";"33";"0";"2";"1";"2";"0";""
"202100011868";"180Â 506";"A01";"1";"32";"0";"2";"7";"1";"1";""
"202100011869";"180Â 505";"A01";"2";"30";"12";"2";"8";"17";"1";""
"202100011870";"180Â 502";"C01";"1";"7";"0";"2";"3";"23";"1";""
"202100011870";"180Â 503";"B01";"1";"10";"0";"2";"8";"1";"1";""
"202100011870";"180Â 504";"A01";"2";"10";"0";"2";"1";"11";"1";""
"202100011871";"180Â 501";"A01";"3";"7";"9";"0";"1";"16";"1";""
"202100011872";"180Â 500";"A01";"0";"31";"0";"0";"2";"1";"1";""
"202100011873";"180Â 499";"A01";"1";"13";"0";"1";"3";"1";"1";""
"202100011874";"180Â 498";"A01";"1";"7";"0";"1";"6";"1";"1";""
"202100011875";"180Â 496";"B01";"1";"7";"0";"2";"1";"1";"1";""
"202100011875";"180Â 497";"A01";"2";"7";"0";"2";"2";"9";"1";""
"202100011876";"180Â 495";"A01";"3";"7";"0";"1";"4";"26";"0";""
"202100011877";"180Â 493";"A01";"1";"7";"0";"0";"3";"13";"1";""
"202100011877";"180Â 494";"B01";"1";"7";"0";"0";"8";"26";"1";""
"202100011878";"180Â 491";"B01";"0";"60";"0";"2";"3";"1";"5";""
"202100011878";"180Â 492";"A01";"0";"7";"0";"2";"1";"25";"1";""
"202100011879";"180Â 490";"A01";"3";"99";"13";"0";"8";"13";"1";""
"202100011880";"180Â 488";"A01";"2";"7";"0";"2";"3";"11";"1";""
"202100011880";"180Â 489";"B01";"2";"33";"0";"2";"7";"1";"1";""
"202100011881";"180Â 487";"A01";"2";"10";"0";"1";"2";"16";"1";""
"202100011882";"180Â 485";"A01";"3";"7";"0";"2";"3";"15";"1";""
"202100011882";"180Â 486";"B01";"3";"32";"0";"2";"2";"13";"1";""
"202100011883";"180Â 484";"A01";"2";"7";"0";"1";"2";"1";"1";""
"202100011884";"180Â 482";"B01";"1";"7";"0";"2";"1";"1";"1";""
"202100011884";"180Â 483";"A01";"2";"7";"0";"2";"1";"5";"1";""
"202100011885";"180Â 481";"A01";"2";"7";"0";"1";"1";"1";"1";""
"202100011886";"180Â 478";"C01";"2";"50";"0";"2";"8";"19";"3";""
"202100011886";"180Â 479";"B01";"1";"7";"0";"2";"1";"1";"1";""
"202100011886";"180Â 480";"A01";"2";"7";"0";"2";"3";"1";"1";""
"202100011887";"180Â 476";"A01";"1";"7";"0";"2";"1";"13";"1";""
"202100011887";"180Â 477";"B01";"2";"7";"0";"2";"1";"1";"1";""
"202100011888";"180Â 474";"A01";"1";"7";"0";"2";"1";"13";"1";""
"202100011888";"180Â 475";"B01";"2";"7";"0";"2";"1";"1";"1";""
"202100011889";"180Â 473";"A01";"1";"7";"6";"0";"8";"20";"1";""
"202100011890";"180Â 472";"A01";"0";"7";"0";"1";"6";"15";"1";""
"202100011891";"180Â 470";"B01";"3";"2";"0";"2";"1";"1";"1";""
"202100011891";"180Â 471";"A01";"3";"7";"0";"2";"3";"1";"1";""
"202100011892";"180Â 469";"A01";"1";"7";"3";"0";"3";"12";"1";""
"202100011893";"180Â 467";"A01";"0";"1";"0";"2";"8";"1";"5";""
"202100011893";"180Â 468";"B01";"0";"10";"0";"2";"0";"1";"0";""
"202100011894";"180Â 465";"A01";"2";"33";"0";"0";"1";"2";"1";""
"202100011894";"180Â 466";"B01";"2";"7";"0";"0";"4";"15";"1";""
"202100011895";"180Â 463";"A01";"1";"7";"0";"2";"2";"0";"1";""
"202100011895";"180Â 464";"B01";"2";"13";"0";"2";"2";"0";"1";""
"202100011896";"180Â 462";"A01";"2";"7";"0";"1";"2";"1";"1";""
"202100011897";"180Â 460";"B01";"1";"1";"0";"2";"1";"1";"5";""
"202100011897";"180Â 461";"A01";"2";"7";"0";"2";"1";"1";"1";""
"202100011898";"180Â 458";"C01";"3";"7";"0";"0";"8";"9";"1";""
"202100011898";"180Â 459";"B01";"1";"10";"0";"2";"1";"1";"1";""
"202100011899";"180Â 456";"A01";"1";"7";"0";"2";"3";"0";"1";""
"202100011899";"180Â 457";"B01";"2";"7";"0";"2";"3";"0";"1";""
"202100011900";"180Â 454";"B01";"2";"7";"0";"2";"3";"19";"1";""
"202100011900";"180Â 455";"A01";"2";"34";"0";"2";"1";"17";"1";""
"202100011901";"180Â 453";"A01";"1";"13";"10";"0";"4";"1";"1";""
"202100011902";"180Â 450";"B01";"2";"16";"0";"0";"0";"0";"1";""
"202100011902";"180Â 451";"D01";"2";"7";"1";"0";"1";"21";"1";""
"202100011902";"180Â 452";"A01";"2";"7";"0";"2";"2";"17";"1";""
"202100011903";"180Â 448";"A01";"0";"7";"0";"2";"2";"26";"1";""
"202100011903";"180Â 449";"B01";"0";"2";"0";"2";"1";"1";"1";""
"202100011904";"180Â 447";"A01";"2";"7";"2";"0";"1";"13";"1";""
"202100011905";"180Â 445";"A01";"2";"7";"0";"2";"3";"13";"3";""
"202100011905";"180Â 446";"B01";"1";"13";"0";"2";"1";"21";"1";""
"202100011906";"180Â 443";"A01";"1";"31";"0";"2";"1";"1";"1";""
"202100011906";"180Â 444";"B01";"1";"7";"0";"0";"4";"23";"1";""
"202100011907";"180Â 441";"A01";"1";"7";"0";"2";"1";"1";"1";""
"202100011907";"180Â 442";"B01";"2";"7";"0";"2";"2";"15";"1";""
"202100011908";"180Â 437";"A01";"0";"7";"0";"2";"1";"15";"1";""
"202100011908";"180Â 438";"B01";"0";"2";"0";"0";"2";"1";"1";""
"202100011909";"180Â 436";"A01";"2";"7";"2";"0";"7";"1";"0";""
"202100011910";"180Â 435";"A01";"3";"10";"0";"1";"3";"13";"1";""
"202100011911";"180Â 433";"B01";"1";"7";"8";"0";"3";"1";"1";""
"202100011911";"180Â 434";"A01";"2";"7";"8";"0";"2";"14";"1";""
"202100011912";"180Â 432";"A01";"3";"7";"2";"0";"1";"0";"1";""
"202100011913";"180Â 431";"A01";"1";"7";"13";"0";"2";"13";"1";""
"202100011914";"180Â 430";"A01";"2";"7";"2";"0";"9";"0";"1";""
"202100011915";"180Â 428";"B01";"1";"7";"0";"2";"6";"15";"0";""
"202100011915";"180Â 429";"A01";"1";"32";"0";"2";"7";"17";"1";""
"202100011916";"180Â 427";"A01";"2";"7";"0";"1";"1";"1";"1";""
"202100011917";"180Â 425";"B01";"1";"1";"0";"2";"1";"15";"5";""
"202100011917";"180Â 426";"A01";"2";"7";"0";"2";"1";"6";"1";""
"202100011918";"180Â 424";"A01";"1";"13";"2";"0";"3";"1";"1";""
"202100011919";"180Â 421";"A01";"1";"17";"0";"1";"2";"1";"1";""
"202100011920";"180Â 419";"A01";"1";"7";"0";"2";"1";"13";"1";""
"202100011920";"180Â 420";"B01";"2";"7";"0";"2";"1";"1";"1";""
"202100011921";"180Â 417";"A01";"0";"14";"0";"2";"6";"26";"1";""
"202100011921";"180Â 418";"B01";"2";"7";"0";"2";"2";"1";"1";""
"202100011922";"180Â 415";"A01";"1";"7";"0";"0";"4";"2";"1";""
"202100011922";"180Â 416";"B01";"1";"7";"0";"2";"1";"2";"1";""
"202100011923";"180Â 411";"B01";"2";"31";"0";"6";"1";"1";"1";""
"202100011923";"180Â 412";"A01";"2";"7";"0";"6";"3";"1";"1";""
"202100011924";"180Â 409";"B01";"1";"7";"0";"2";"3";"17";"1";""
"202100011924";"180Â 410";"A01";"2";"7";"0";"2";"8";"1";"1";""
"202100011925";"180Â 408";"A01";"2";"7";"0";"1";"1";"1";"1";""
"202100011926";"180Â 407";"A01";"1";"31";"0";"0";"0";"0";"1";""
"202100011927";"180Â 405";"A01";"2";"7";"7";"0";"4";"16";"1";""
"202100011927";"180Â 406";"B01";"2";"7";"0";"2";"1";"1";"1";""
"202100011928";"180Â 403";"B01";"2";"31";"0";"2";"1";"17";"1";""
"202100011928";"180Â 404";"A01";"2";"7";"0";"2";"3";"15";"1";""
"202100011929";"180Â 401";"A01";"2";"7";"0";"2";"1";"15";"1";""
"202100011929";"180Â 402";"B01";"1";"2";"0";"2";"8";"0";"1";""
"202100011930";"180Â 399";"B01";"1";"7";"13";"2";"4";"2";"1";""
"202100011930";"180Â 400";"A01";"1";"10";"0";"2";"1";"2";"1";""
"202100011931";"180Â 397";"A01";"2";"7";"0";"0";"5";"1";"1";""
"202100011931";"180Â 398";"B01";"3";"10";"0";"2";"1";"9";"1";""
"202100011932";"180Â 396";"A01";"0";"7";"9";"0";"9";"1";"1";""
"202100011933";"180Â 395";"A01";"0";"7";"0";"1";"1";"0";"1";""
"202100011934";"180Â 394";"A01";"1";"7";"0";"1";"2";"1";"1";""
"202100011935";"180Â 393";"A01";"1";"7";"0";"1";"2";"1";"1";""
"202100011936";"180Â 390";"C01";"1";"7";"0";"2";"8";"1";"1";""
"202100011936";"180Â 391";"B01";"2";"7";"0";"2";"3";"9";"3";""
"202100011936";"180Â 392";"A01";"1";"7";"0";"2";"3";"17";"1";""
"202100011937";"180Â 388";"A01";"1";"7";"0";"2";"1";"1";"1";""
"202100011937";"180Â 389";"B01";"2";"7";"0";"0";"3";"1";"1";""
"202100011938";"180Â 386";"B01";"1";"7";"0";"2";"1";"0";"1";""
"202100011938";"180Â 387";"A01";"1";"7";"0";"2";"4";"24";"1";""
"202100011939";"180Â 385";"A01";"2";"7";"4";"0";"3";"1";"1";""
"202100011940";"180Â 383";"A01";"1";"10";"0";"2";"4";"2";"1";""
"202100011940";"180Â 384";"B01";"1";"10";"0";"2";"1";"2";"1";""
"202100011941";"180Â 382";"A01";"1";"33";"14";"0";"2";"1";"1";""
"202100011942";"180Â 379";"C01";"2";"10";"0";"2";"8";"1";"1";""
"202100011942";"180Â 380";"B01";"2";"7";"0";"2";"7";"1";"1";""
"202100011942";"180Â 381";"A01";"2";"7";"0";"2";"8";"2";"1";""
"202100011943";"180Â 375";"D01";"1";"7";"0";"2";"4";"2";"3";""
"202100011943";"180Â 376";"C01";"1";"7";"0";"2";"4";"2";"1";""
"202100011943";"180Â 377";"B01";"1";"7";"0";"2";"4";"2";"1";""
"202100011943";"180Â 378";"A01";"1";"7";"0";"2";"1";"2";"1";""
"202100011944";"180Â 373";"A01";"1";"10";"0";"2";"5";"12";"1";""
"202100011944";"180Â 374";"B01";"1";"31";"0";"2";"1";"3";"1";""
"202100011945";"180Â 371";"B01";"1";"31";"0";"2";"1";"3";"1";""
"202100011945";"180Â 372";"A01";"1";"10";"0";"2";"7";"12";"1";""
"202100011946";"180Â 369";"A01";"1";"7";"4";"2";"7";"1";"1";""
"202100011946";"180Â 370";"B01";"1";"7";"0";"2";"8";"11";"1";""
"202100011947";"180Â 367";"B01";"1";"7";"0";"2";"4";"2";"1";""
"202100011947";"180Â 368";"A01";"1";"7";"0";"2";"1";"2";"1";""
"202100011948";"180Â 365";"A01";"2";"33";"0";"2";"8";"3";"1";""
"202100011948";"180Â 366";"Z01";"2";"10";"0";"2";"0";"0";"1";""
"202100011949";"180Â 364";"A01";"2";"33";"3";"0";"9";"1";"1";""
"202100011950";"180Â 363";"A01";"2";"7";"4";"0";"8";"1";"1";""
"202100011951";"180Â 361";"B01";"2";"7";"0";"2";"6";"0";"1";""
"202100011951";"180Â 362";"A01";"2";"7";"4";"2";"1";"2";"1";""
"202100011952";"180Â 359";"A01";"2";"7";"0";"2";"8";"11";"1";""
"202100011952";"180Â 360";"B01";"2";"32";"0";"2";"7";"3";"1";""
"202100011953";"180Â 357";"A01";"1";"7";"0";"2";"1";"1";"1";""
"202100011953";"180Â 358";"B01";"1";"10";"0";"2";"4";"1";"1";""
"202100011954";"180Â 354";"A01";"1";"7";"0";"2";"2";"12";"1";""
"202100011954";"180Â 355";"B01";"1";"10";"0";"2";"6";"1";"1";""
"202100011954";"180Â 356";"C01";"1";"15";"0";"2";"6";"1";"1";""
"202100011955";"180Â 352";"B01";"2";"33";"0";"2";"8";"3";"1";""
"202100011955";"180Â 353";"A01";"2";"7";"0";"2";"5";"12";"3";""
"202100011956";"180Â 351";"A01";"2";"7";"15";"0";"0";"1";"1";""
"202100011957";"180Â 349";"B01";"3";"60";"0";"2";"7";"1";"5";""
"202100011957";"180Â 350";"A01";"3";"7";"0";"9";"1";"9";"1";""
"202100011958";"180Â 348";"A01";"2";"7";"2";"0";"2";"1";"1";""
"202100011959";"180Â 346";"B01";"1";"1";"0";"2";"4";"1";"5";""
"202100011959";"180Â 347";"Z01";"3";"7";"0";"2";"1";"1";"1";""
"202100011960";"180Â 342";"B01";"1";"7";"0";"2";"4";"1";"1";""
"202100011960";"180Â 343";"A01";"1";"7";"0";"2";"1";"1";"1";""
"202100011961";"180Â 340";"A01";"3";"33";"0";"2";"1";"1";"1";""
"202100011961";"180Â 341";"B01";"3";"7";"0";"2";"2";"15";"2";""
"202100011962";"180Â 339";"A01";"3";"7";"13";"0";"0";"0";"1";""
"202100011963";"180Â 336";"A01";"2";"7";"0";"2";"3";"1";"1";""
"202100011963";"180Â 337";"C01";"2";"1";"0";"2";"1";"1";"5";""
"202100011963";"180Â 338";"B01";"1";"33";"0";"2";"1";"17";"1";""
"202100011964";"180Â 334";"B01";"1";"80";"0";"2";"1";"2";"3";""
"202100011964";"180Â 335";"A01";"1";"15";"0";"2";"4";"1";"1";""
"202100011965";"180Â 332";"Z01";"1";"7";"0";"2";"1";"2";"0";""
"202100011965";"180Â 333";"A01";"1";"2";"0";"2";"6";"2";"1";""
"202100011966";"180Â 330";"A01";"3";"7";"0";"9";"3";"15";"1";""
"202100011966";"180Â 331";"B01";"2";"1";"0";"2";"3";"1";"5";""
"202100011967";"180Â 328";"A01";"1";"2";"0";"2";"1";"1";"1";""
"202100011967";"180Â 329";"B01";"1";"1";"0";"2";"7";"19";"0";""
"202100011968";"180Â 326";"B01";"2";"10";"0";"2";"3";"15";"1";""
"202100011968";"180Â 327";"A01";"2";"30";"0";"2";"7";"17";"1";""
"202100011969";"180Â 325";"A01";"2";"31";"12";"0";"1";"1";"1";""
"202100011970";"180Â 323";"A01";"2";"7";"0";"2";"3";"15";"0";""
"202100011970";"180Â 324";"B01";"3";"30";"0";"2";"2";"5";"1";""
"202100011971";"180Â 321";"A01";"1";"10";"0";"2";"2";"1";"1";""
"202100011971";"180Â 322";"B01";"0";"1";"0";"2";"0";"0";" -1";""
"202100011972";"180Â 319";"B01";"2";"50";"0";"2";"7";"1";"3";""
"202100011972";"180Â 320";"A01";"1";"7";"0";"2";"1";"1";"2";""
"202100011973";"180Â 317";"B01";"2";"7";"0";"2";"8";"2";"1";""
"202100011973";"180Â 318";"A01";"2";"7";"0";"2";"0";"0";"1";""
"202100011974";"180Â 314";"C01";"3";"7";"1";"2";"5";"24";"1";""
"202100011974";"180Â 315";"B01";"1";"7";"1";"2";"3";"1";"1";""
"202100011974";"180Â 316";"A01";"1";"7";"0";"2";"1";"9";"1";""