"Num_Acc";"id_vehicule";"num_veh";"senc";"catv";"obs";"obsm";"choc";"manv";"motor";"occutc"
"202100011975";"180Â 313";"A01";"3";"7";"0";"1";"3";"1";"0";""
"202100011976";"180Â 311";"B01";"3";"7";"0";"2";"1";"13";"1";""
"202100011976";"180Â 312";"A01";"3";"15";"0";"2";"2";"21";"1";""
"202100011977";"180Â 310";"A01";"1";"7";"0";"1";"3";"1";"1";""
"202100011978";"180Â 308";"B01";"3";"50";"0";"2";"1";"1";"3";""
"202100011978";"180Â 309";"A01";"3";"7";"0";"2";"3";"9";"1";""
"202100011979";"180Â 306";"A01";"1";"7";"0";"2";"2";"17";"1";""
"202100011979";"180Â 307";"B01";"1";"33";"0";"2";"8";"1";"1";""
"202100011980";"180Â 305";"A01";"2";"7";"0";"1";"1";"1";"1";""
"202100011981";"180Â 302";"A01";"2";"10";"0";"2";"1";"2";"1";""
"202100011981";"180Â 303";"B01";"2";"7";"0";"2";"4";"2";"1";""
"202100011981";"180Â 304";"C01";"2";"7";"0";"0";"4";"2";"1";""
"202100011982";"180Â 300";"A01";"1";"10";"0";"2";"2";"15";"1";""
"202100011982";"180Â 301";"B01";"2";"7";"0";"2";"1";"1";"1";""
"202100011983";"180Â 298";"B01";"1";"31";"0";"2";"1";"1";"1";""
"202100011983";"180Â 299";"A01";"1";"7";"0";"2";"7";"10";"1";""
"202100011984";"180Â 297";"A01";"1";"33";"14";"0";"1";"1";"1";""
"202100011985";"180Â 295";"A01";"2";"7";"0";"2";"1";"13";"1";""
"202100011985";"180Â 296";"B01";"2";"7";"0";"2";"0";"0";"1";""
"202100011986";"180Â 291";"D01";"2";"10";"0";"2";"8";"2";"1";""
"202100011986";"180Â 292";"C01";"2";"10";"0";"2";"8";"1";"1";""
"202100011986";"180Â 293";"B01";"2";"7";"0";"2";"8";"1";"1";""
"202100011986";"180Â 294";"A01";"2";"33";"0";"2";"3";"17";"1";""
"202100011987";"180Â 289";"B01";"2";"33";"0";"2";"1";"17";"1";""
"202100011987";"180Â 290";"A01";"2";"7";"0";"2";"0";"15";"1";""
"202100011988";"180Â 288";"A01";"1";"7";"14";"0";"1";"1";"1";""
"202100011989";"180Â 284";"D01";"2";"10";"0";"2";"1";"2";"1";""
"202100011989";"180Â 285";"C01";"2";"7";"0";"2";"1";"2";"1";""
"202100011989";"180Â 286";"B01";"2";"10";"0";"2";"1";"2";"1";""
"202100011989";"180Â 287";"A01";"2";"7";"0";"2";"4";"2";"1";""
"202100011990";"180Â 282";"B01";"2";"31";"0";"2";"7";"0";"1";""
"202100011990";"180Â 283";"A01";"0";"7";"0";"2";"1";"9";"1";""
"202100011991";"180Â 281";"A01";"1";"7";"1";"0";"1";"13";"1";""
"202100011992";"180Â 279";"A01";"2";"30";"0";"2";"7";"1";"1";""
"202100011992";"180Â 280";"B01";"2";"7";"0";"2";"8";"1";"1";""
"202100011993";"180Â 277";"A01";"2";"7";"0";"2";"1";"2";"1";""
"202100011993";"180Â 278";"B01";"2";"7";"0";"2";"4";"2";"1";""
"202100011994";"180Â 276";"A01";"2";"7";"0";"1";"2";"1";"1";""
"202100011995";"180Â 274";"B01";"2";"7";"0";"2";"1";"1";"1";""
"202100011995";"180Â 275";"A01";"1";"7";"0";"2";"1";"15";"1";""
"202100011996";"180Â 272";"A01";"2";"7";"0";"9";"1";"1";"1";""
"202100011996";"180Â 273";"B01";"1";"50";"0";"2";"7";"26";"3";""
"202100011997";"180Â 268";"D01";"2";"7";"0";"2";"4";"2";"2";""
"202100011997";"180Â 269";"C01";"2";"7";"0";"2";"4";"2";"1";""
"202100011997";"180Â 270";"B01";"2";"7";"0";"2";"4";"2";"1";""
"202100011997";"180Â 271";"A01";"2";"7";"0";"2";"1";"2";"1";""
"202100011998";"180Â 266";"B01";"2";"37";"0";"2";"7";"0";"1";"1"
"202100011998";"180Â 267";"A01";"1";"33";"0";"2";"1";"9";"1";""
"202100011999";"180Â 264";"B01";"2";"7";"0";"2";"4";"2";"1";""
"202100011999";"180Â 265";"A01";"2";"7";"0";"2";"1";"2";"1";""
"202100012000";"180Â 262";"A01";"3";"30";"0";"2";"1";"26";"1";""
"202100012000";"180Â 263";"B01";"3";"7";"0";"2";"1";"1";"1";""
"202100012001";"180Â 261";"A01";"2";"7";"1";"0";"3";"13";"1";""
"202100012002";"180Â 259";"B01";"1";"2";"0";"2";"1";"1";"3";""
"202100012002";"180Â 260";"A01";"1";"7";"0";"2";"2";"19";"1";""
"202100012003";"180Â 257";"B01";"3";"1";"0";"2";"1";"0";"5";""
"202100012003";"180Â 258";"A01";"3";"7";"0";"2";"3";"9";"1";""
"202100012004";"180Â 255";"B01";"1";"31";"0";"2";"1";"1";"1";""
"202100012004";"180Â 256";"A01";"1";"7";"0";"2";"5";"15";"1";""
"202100012005";"180Â 253";"A01";"1";"3";"0";"2";"3";"15";"1";""
"202100012005";"180Â 254";"B01";"2";"2";"0";"2";"1";"1";"1";""
"202100012006";"180Â 251";"B01";"3";"7";"0";"2";"4";"23";"1";""
"202100012006";"180Â 252";"A01";"3";"33";"0";"2";"1";"2";"1";""
"202100012007";"180Â 249";"A01";"2";"30";"0";"2";"1";"1";"1";""
"202100012007";"180Â 250";"B01";"2";"7";"0";"2";"5";"23";"1";""
"202100012008";"180Â 246";"B01";"1";"7";"0";"2";"4";"26";"1";""
"202100012008";"180Â 247";"A01";"1";"7";"0";"2";"1";"26";"1";""
"202100012008";"180Â 248";"C01";"1";"7";"0";"2";"4";"26";"1";""
"202100012009";"180Â 244";"B01";"1";"7";"0";"2";"1";"1";"1";""
"202100012009";"180Â 245";"A01";"1";"7";"0";"2";"7";"15";"1";""
"202100012010";"180Â 242";"A01";"2";"7";"0";"2";"1";"26";"1";""
"202100012010";"180Â 243";"B01";"2";"7";"0";"0";"5";"1";"1";""
"202100012011";"180Â 240";"B01";"0";"50";"0";"9";"7";"1";"3";""
"202100012011";"180Â 241";"A01";"0";"7";"14";"0";"1";"19";"0";""
"202100012012";"180Â 239";"A01";"1";"7";"0";"1";"1";"9";"1";""
"202100012013";"180Â 238";"A01";"3";"7";"0";"1";"1";"1";"1";""
"202100012014";"180Â 237";"A01";"3";"7";"13";"0";"1";"14";"1";""
"202100012015";"180Â 235";"B01";"1";"33";"0";"2";"1";"1";"1";""
"202100012015";"180Â 236";"A01";"1";"7";"0";"2";"3";"20";"1";""
"202100012016";"180Â 232";"A01";"2";"7";"0";"1";"5";"1";"1";""
"202100012017";"180Â 231";"A01";"1";"7";"0";"1";"2";"7";"1";""
"202100012018";"180Â 229";"B01";"1";"7";"0";"2";"3";"26";"1";""
"202100012018";"180Â 230";"A01";"1";"30";"0";"2";"2";"17";"1";""
"202100012019";"180Â 227";"A01";"2";"7";"0";"2";"3";"9";"1";""
"202100012019";"180Â 228";"B01";"3";"30";"0";"2";"7";"1";"1";""
"202100012020";"180Â 225";"A01";"1";"7";"0";"2";"8";"10";"1";""
"202100012020";"180Â 226";"B01";"1";"33";"0";"2";"1";"1";"1";""
"202100012021";"180Â 223";"B01";"1";"33";"0";"2";"1";"1";"1";""
"202100012021";"180Â 224";"A01";"2";"7";"0";"2";"7";"15";"1";""
"202100012022";"180Â 221";"B01";"0";"43";"0";"2";"8";"9";"1";""
"202100012022";"180Â 222";"A01";"2";"7";"0";"2";"1";"9";"1";""
"202100012023";"180Â 219";"A01";"1";"10";"0";"2";"5";"17";"1";""
"202100012023";"180Â 220";"B01";"1";"1";"0";"2";"3";"1";"5";""
"202100012024";"180Â 217";"A01";"3";"7";"0";"2";"8";"1";"1";""
"202100012024";"180Â 218";"B01";"3";"7";"0";"2";"3";"1";"1";""
"202100012025";"180Â 215";"B01";"3";"1";"0";"2";"1";"2";"5";""
"202100012025";"180Â 216";"A01";"3";"7";"0";"2";"3";"9";"1";""
"202100012026";"180Â 213";"B01";"1";"37";"0";"2";"2";"1";"1";"1"
"202100012026";"180Â 214";"A01";"2";"7";"8";"2";"2";"19";"1";""
"202100012027";"180Â 212";"A01";"3";"7";"0";"1";"2";"1";"1";""
"202100012028";"180Â 209";"B01";"2";"7";"0";"2";"4";"2";"1";""
"202100012028";"180Â 210";"C01";"2";"7";"7";"0";"4";"2";"1";""
"202100012028";"180Â 211";"A01";"2";"7";"0";"2";"1";"26";"1";""
"202100012029";"180Â 208";"A01";"3";"7";"2";"0";"1";"13";"1";""
"202100012030";"180Â 206";"A01";"3";"7";"14";"2";"1";"1";"1";""
"202100012030";"180Â 207";"B01";"3";"10";"10";"2";"3";"1";"1";""
"202100012031";"180Â 204";"B01";"1";"43";"0";"2";"2";"1";"1";""
"202100012031";"180Â 205";"A01";"1";"7";"0";"2";"3";"15";"1";""
"202100012032";"180Â 202";"A01";"1";"34";"0";"2";"8";"1";"1";""
"202100012032";"180Â 203";"Z01";"1";"7";"0";"2";"1";"1";"0";""
"202100012033";"180Â 200";"B01";"1";"7";"0";"2";"1";"2";"1";""
"202100012033";"180Â 201";"A01";"2";"7";"0";"2";"1";"17";"1";""
"202100012034";"180Â 199";"A01";"0";"7";"0";"1";"3";"1";"1";""
"202100012035";"180Â 197";"B01";"1";"32";"0";"2";"7";"1";"1";""
"202100012035";"180Â 198";"A01";"1";"10";"0";"2";"1";"1";"0";""
"202100012036";"180Â 195";"A01";"3";"7";"0";"2";"3";"9";"1";""
"202100012036";"180Â 196";"B01";"3";"7";"0";"2";"2";"1";"1";""
"202100012037";"180Â 193";"B01";"2";"30";"0";"2";"2";"1";"1";""
"202100012037";"180Â 194";"A01";"2";"7";"0";"2";"1";"1";"1";""
"202100012038";"180Â 192";"A01";"1";"7";"0";"2";"1";"1";"1";""
"202100012039";"180Â 191";"A01";"3";"10";"6";"0";"1";"0";"1";""
"202100012040";"180Â 188";"A01";"1";"7";"0";"2";"8";"11";"1";""
"202100012040";"180Â 189";"B01";"1";"34";"0";"2";"7";"3";"1";""
"202100012040";"180Â 190";"C01";"1";"7";"0";"2";"7";"1";"1";""
"202100012041";"180Â 185";"A01";"2";"7";"0";"2";"1";"2";"1";""
"202100012041";"180Â 186";"B01";"2";"7";"0";"2";"4";"2";"1";""
"202100012041";"180Â 187";"C01";"2";"7";"0";"2";"4";"2";"2";""
"202100012042";"180Â 183";"A01";"2";"7";"0";"2";"6";"4";"1";""
"202100012042";"180Â 184";"B01";"2";"30";"0";"2";"1";"2";"3";""
"202100012043";"180Â 181";"A01";"1";"14";"0";"2";"7";"14";"1";""
"202100012043";"180Â 182";"B01";"1";"1";"0";"2";"3";"1";"5";""
"202100012044";"180Â 180";"A01";"1";"30";"0";"0";"0";"1";"3";""
"202100012045";"180Â 178";"A01";"2";"10";"0";"4";"8";"10";"1";""
"202100012045";"180Â 179";"B01";"2";"40";"0";"2";"2";"1";"3";""
"202100012046";"180Â 176";"A01";"1";"50";"0";"2";"3";"1";"3";""
"202100012046";"180Â 177";"Z01";"1";"7";"0";"2";"2";"17";"0";""
"202100012047";"180Â 175";"A01";"2";"7";"8";"0";"3";"9";"1";""
"202100012048";"180Â 173";"A01";"1";"7";"0";"2";"4";"4";"1";""
"202100012048";"180Â 174";"B01";"1";"1";"0";"2";"7";"9";"5";""
"202100012049";"180Â 172";"A01";"1";"43";"0";"1";"1";"1";"1";""
"202100012050";"180Â 171";"A01";"1";"43";"0";"1";"1";"1";"1";""
"202100012051";"180Â 170";"A01";"1";"32";"0";"0";"0";"18";"1";""
"202100012052";"180Â 168";"A01";"1";"7";"0";"2";"3";"16";"1";""
"202100012052";"180Â 169";"B01";"2";"50";"0";"2";"1";"1";"3";""
"202100012053";"180Â 166";"A01";"2";"10";"0";"2";"8";"22";"1";""
"202100012053";"180Â 167";"B01";"2";"1";"0";"2";"1";"1";"5";""
"202100012054";"180Â 164";"A01";"2";"32";"0";"2";"1";"13";"1";""
"202100012054";"180Â 165";"B01";"2";"7";"0";"2";"1";"1";"1";""
"202100012055";"180Â 162";"B01";"1";"7";"0";"2";"2";"1";"1";""
"202100012055";"180Â 163";"A01";"1";"80";"0";"2";"3";"1";"3";""
"202100012056";"180Â 160";"B01";"2";"7";"0";"2";"5";"23";"1";""
"202100012056";"180Â 161";"A01";"2";"33";"1";"0";"1";"26";"1";""
"202100012057";"180Â 158";"B01";"0";"7";"0";"2";"3";"1";"1";""
"202100012057";"180Â 159";"A01";"3";"7";"0";"2";"1";"19";"1";""
"202100012058";"180Â 156";"B01";"2";"7";"0";"2";"2";"1";"1";""
"202100012058";"180Â 157";"A01";"2";"7";"0";"2";"1";"15";"1";""
"202100012059";"180Â 154";"B01";"3";"7";"0";"2";"1";"2";"1";""
"202100012059";"180Â 155";"A01";"3";"7";"0";"2";"3";"9";"1";""
"202100012060";"180Â 153";"A01";"2";"7";"0";"1";"3";"1";"1";""
"202100012061";"180Â 152";"A01";"1";"7";"0";"1";"2";"26";"0";""
"202100012062";"180Â 151";"A01";"2";"31";"0";"0";"8";"1";"1";""
"202100012063";"180Â 150";"A01";"1";"7";"0";"1";"3";"16";"1";""
"202100012064";"180Â 148";"A01";"3";"7";"0";"2";"1";"1";"1";""
"202100012064";"180Â 149";"B01";"3";"7";"0";"2";"3";"15";"1";""
"202100012065";"180Â 147";"A01";"2";"7";"0";"1";"3";"1";"1";""
"202100012066";"180Â 144";"C01";" -1";"10";"1";"2";"6";"0";"1";""
"202100012066";"180Â 145";"B01";" -1";"7";"2";"2";"1";"12";"1";""
"202100012066";"180Â 146";"A01";" -1";"7";"16";"2";"4";"1";"1";""
"202100012067";"180Â 142";"A01";"0";"7";"1";"2";"3";"1";"1";""
"202100012067";"180Â 143";"B01";"3";"10";"0";"0";"0";"0";"1";""
"202100012068";"180Â 140";"B01";" -1";"43";"0";"2";"1";"1";"1";""
"202100012068";"180Â 141";"A01";" -1";"10";"0";"2";"4";"26";"1";""
"202100012069";"180Â 139";"A01";"3";"10";"0";"1";"3";"15";"1";""
"202100012070";"180Â 138";"A01";"3";"50";"0";"0";"0";"1";"3";""
"202100012071";"180Â 136";"A01";"1";"10";"0";"2";"5";"16";"1";""
"202100012071";"180Â 137";"B01";"1";"1";"0";"2";"8";"16";"5";""
"202100012072";"180Â 134";"A01";"3";"7";"0";"2";"0";"2";"1";""
"202100012072";"180Â 135";"B01";"3";"7";"0";"2";"0";"0";"1";""
"202100012073";"180Â 133";"A01";"3";"30";"0";"0";"0";"3";"1";""
"202100012074";"180Â 131";"B01";"1";"7";"0";"2";"0";"13";"3";""
"202100012074";"180Â 132";"A01";"1";"2";"0";"2";"7";"17";"3";""
"202100012075";"180Â 130";"A01";"2";"13";"6";"0";"3";"1";"1";""
"202100012076";"180Â 129";"A01";"2";"7";"15";"1";"1";"16";"1";""
"202100012077";"180Â 127";"A01";"2";"50";"0";"2";"1";"25";"3";""
"202100012077";"180Â 128";"B01";"1";"1";"0";"2";"1";"5";"5";""
"202100012078";"180Â 126";"A01";"1";"1";"0";"1";"1";"1";"5";""
"202100012079";"180Â 124";"B01";"1";"31";"0";"2";"1";"1";"1";""
"202100012079";"180Â 125";"A01";"1";"10";"0";"2";"5";"12";"1";""
"202100012080";"180Â 122";"B01";"1";"20";"0";"2";"1";"1";"1";""
"202100012080";"180Â 123";"A01";"2";"32";"6";"2";"1";"17";"1";""
"202100012081";"180Â 119";"A01";"2";"7";"1";"0";"1";"2";"1";""
"202100012081";"180Â 120";"B01";"2";"10";"0";"2";"4";"23";"1";""
"202100012081";"180Â 121";"C01";"2";"7";"0";"2";"4";"23";"1";""
"202100012082";"180Â 117";"A01";"1";"7";"0";"2";"6";"13";"1";""
"202100012082";"180Â 118";"B01";"2";"37";"0";"2";"1";"1";"1";"5"
"202100012083";"180Â 115";"B01";"1";"31";"0";"2";"1";"1";"1";""
"202100012083";"180Â 116";"A01";"2";"7";"0";"2";"3";"15";"0";""
"202100012084";"180Â 114";"A01";"0";"7";"0";"1";"1";"1";"1";""
"202100012085";"180Â 112";"B01";"2";"15";"0";"0";"4";"2";"1";""
"202100012085";"180Â 113";"A01";"2";"7";"0";"2";"1";"2";"1";""
"202100012086";"180Â 111";"A01";"1";"7";"0";"1";"1";"1";"1";""
"202100012087";"180Â 110";"A01";"1";"31";"12";"0";"1";"1";"1";""
"202100012088";"180Â 109";"A01";"0";"33";"0";"0";"7";"26";"1";""
"202100012089";"180Â 107";"B01";"2";"33";"0";"2";"1";"1";"1";""
"202100012089";"180Â 108";"A01";"2";"7";"0";"0";"7";"19";"1";""
"202100012090";"180Â 104";"B01";"3";"7";"0";"2";"2";"1";"1";""
"202100012090";"180Â 105";"A01";"3";"35";"0";"2";"3";"9";"1";""
"202100012091";"180Â 103";"A01";"2";"7";"2";"0";"3";"0";"1";""
"202100012092";"180Â 101";"B01";"2";"21";"0";"0";"4";"15";"1";""
"202100012092";"180Â 102";"A01";"2";"2";"0";"9";"1";"17";"1";""
"202100012093";"180Â 100";"A01";"2";"7";"4";"0";"9";"1";"1";""
"202100012094";"180Â 098";"A01";"3";"7";"0";"2";"1";"1";"1";""
"202100012094";"180Â 099";"B01";"3";"7";"0";"2";"8";"1";"1";""
"202100012095";"180Â 097";"A01";"1";"7";"17";"0";"1";"5";"1";""
"202100012096";"180Â 095";"A01";"1";"10";"0";"9";"2";"1";"1";""
"202100012096";"180Â 096";"B01";"1";"1";"0";"2";"4";"1";"0";""
"202100012097";"180Â 093";"B01";"2";"7";"0";"2";"1";"1";"1";""
"202100012097";"180Â 094";"A01";"1";"7";"0";"2";"8";"17";"1";""
"202100012098";"180Â 091";"B01";"1";"31";"0";"2";"1";"17";"1";""
"202100012098";"180Â 092";"A01";"1";"10";"0";"0";"6";"11";"1";""
"202100012099";"180Â 090";"A01";"2";"3";"0";"0";"9";"14";"1";""
"202100012100";"180Â 089";"A01";"3";"7";"0";"1";"2";"0";"1";""
"202100012101";"180Â 086";"A01";"1";"7";"13";"0";"2";"1";"1";""
"202100012102";"180Â 082";"B01";"1";"33";"0";"2";"1";"1";"1";""
"202100012102";"180Â 083";"A01";"2";"7";"0";"2";"2";"15";"1";""
"202100012103";"180Â 080";"A01";"2";"7";"0";"2";"1";"13";"1";""
"202100012103";"180Â 081";"B01";"1";"7";"0";"2";"1";"0";"1";""
"202100012104";"180Â 078";"B01";"0";"7";"0";"2";"8";"19";"1";""
"202100012104";"180Â 079";"A01";"1";"10";"0";"2";"1";"1";"1";""
"202100012105";"180Â 076";"A01";"1";"7";"0";"2";"1";"1";"1";""
"202100012105";"180Â 077";"B01";"2";"7";"0";"2";"2";"19";"1";""
"202100012106";"180Â 074";"B01";"1";"10";"3";"2";"3";"1";"1";""
"202100012106";"180Â 075";"A01";"2";"17";"0";"2";"6";"1";"1";""
"202100012107";"180Â 072";"A01";" -1";"7";"0";"2";"2";"25";"2";""
"202100012107";"180Â 073";"B01";" -1";"50";"0";"2";"2";"25";"3";""
"202100012108";"180Â 070";"B01";"1";"17";"0";"2";"1";"0";"1";""
"202100012108";"180Â 071";"A01";"2";"7";"0";"2";"1";"0";"1";""
"202100012109";"180Â 069";"A01";"2";"7";"4";"0";"1";"14";"1";""
"202100012110";"180Â 064";"A01";"1";"7";"3";"2";"2";"12";"1";""
"202100012110";"180Â 065";"C01";"1";"7";"1";"0";"1";"1";"1";""
"202100012110";"180Â 066";"D01";"1";"7";"1";"0";"1";"1";"1";""
"202100012110";"180Â 067";"E01";"1";"7";"14";"0";"1";"1";"1";""
"202100012110";"180Â 068";"B01";"1";"15";"0";"2";"3";"1";"1";""
"202100012111";"180Â 062";"A01";"1";"7";"3";"2";"0";"1";"1";""
"202100012111";"180Â 063";"B01";"1";"7";"0";"2";"3";"1";"1";""
"202100012112";"180Â 060";"A01";"2";"7";"4";"0";"3";"1";"1";""
"202100012112";"180Â 061";"B01";"2";"7";"14";"0";"1";"2";"1";""
"202100012113";"180Â 059";"A01";"2";"7";"13";"0";"1";"17";"1";""
"202100012114";"180Â 057";"B01";"2";"7";"0";"2";"3";"1";"3";""
"202100012114";"180Â 058";"A01";"1";"7";"0";"2";"1";"5";"1";""
"202100012115";"180Â 055";"A01";"1";"7";"0";"2";"1";"1";"1";""
"202100012115";"180Â 056";"B01";"2";"7";"0";"2";"1";"1";"1";""
"202100012116";"180Â 053";"B01";"0";"7";"0";"0";"6";"19";"1";""
"202100012116";"180Â 054";"A01";"0";"33";"0";"2";"1";"2";"1";""
"202100012117";"180Â 052";"A01";"2";"7";"0";"1";"1";"1";"1";""
"202100012118";"180Â 050";"A01";"1";"7";"0";"2";"3";"19";"1";""
"202100012118";"180Â 051";"B01";"2";"1";"0";"2";"1";"2";"0";""
"202100012119";"180Â 049";"A01";"1";"10";"1";"1";"6";"20";"1";""
"202100012120";"180Â 048";"A01";"0";"36";"0";"0";"0";"0";"1";""
"202100012121";"180Â 046";"A01";"1";"7";"0";"2";"3";"10";"1";""
"202100012121";"180Â 047";"B01";"1";"33";"0";"2";"1";"17";"1";""
"202100012122";"180Â 044";"A01";"2";"30";"0";"2";"1";"5";"1";""
"202100012122";"180Â 045";"B01";"1";"7";"0";"2";"1";"1";"1";""
"202100012123";"180Â 042";"B01";"1";"1";"0";"2";"6";"15";"5";""
"202100012123";"180Â 043";"A01";"1";"31";"0";"2";"2";"17";"1";""
"202100012124";"180Â 041";"A01";"1";"7";"0";"1";"2";"20";"1";""
"202100012125";"180Â 040";"A01";"1";"7";"13";"0";"2";"1";"1";""
"202100012126";"180Â 038";"B01";"3";"1";"0";"0";"8";"1";"5";""
"202100012126";"180Â 039";"A01";"3";"7";"0";"2";"3";"15";"1";""
"202100012127";"180Â 035";"C01";"1";"7";"0";"0";"6";"2";"1";""
"202100012127";"180Â 036";"B01";"1";"7";"3";"2";"9";"2";"1";""
"202100012127";"180Â 037";"A01";"1";"10";"0";"0";"0";"2";"1";""
"202100012128";"180Â 033";"A01";"2";"10";"0";"9";"1";"9";"1";""
"202100012128";"180Â 034";"B01";"1";"50";"0";"2";"7";"1";"3";""
"202100012129";"180Â 031";"A01";"1";"7";"0";"2";"1";"13";"1";""
"202100012129";"180Â 032";"B01";"2";"15";"0";"2";"1";"1";"1";""
"202100012130";"180Â 029";"A01";"1";"7";"0";"2";"7";"17";"1";""
"202100012130";"180Â 030";"B01";"1";"7";"0";"2";"3";"15";"1";""
"202100012131";"180Â 028";"A01";"2";"7";"0";"1";"2";"1";"1";""
"202100012132";"180Â 026";"A01";"3";"7";"0";"0";"2";"17";"1";""
"202100012132";"180Â 027";"B01";"3";"1";"0";"2";"8";"26";"5";""
"202100012133";"180Â 025";"A01";"1";"7";"3";"0";"3";"1";"1";""
"202100012134";"180Â 024";"B01";"2";"17";"0";"1";"3";"21";"1";""
"202100012135";"180Â 022";"B01";"2";"31";"0";"2";"2";"1";"1";""
"202100012135";"180Â 023";"A01";"2";"7";"0";"2";"7";"12";"1";""
"202100012136";"180Â 020";"A01";"0";"7";"0";"0";"0";"26";"1";""
"202100012136";"180Â 021";"B01";"0";"31";"0";"0";"0";"0";"1";""
"202100012137";"180Â 018";"A01";"1";"7";"0";"2";"1";"2";"1";""
"202100012137";"180Â 019";"B01";"1";"7";"0";"0";"4";"2";"1";""
"202100012138";"180Â 017";"A01";"1";"7";"4";"0";"1";"1";"1";""
"202100012139";"180Â 015";"A01";"2";"33";"0";"2";"7";"3";"1";""
"202100012139";"180Â 016";"B01";"2";"7";"0";"2";"8";"11";"1";""
"202100012140";"180Â 013";"B01";"1";"7";"0";"2";"1";"2";"1";""
"202100012140";"180Â 014";"A01";"1";"7";"0";"2";"2";"12";"1";""
"202100012141";"180Â 012";"A01";"2";"15";"3";"0";"1";"1";"1";""
"202100012142";"180Â 011";"A01";"2";"7";"0";"1";"3";"16";"1";""
"202100012143";"180Â 010";"A01";"0";"0";"0";"1";"0";"26";"0";""
"202100012144";"180Â 009";"A01";"1";"80";"0";"1";"1";"1";"3";""
"202100012145";"180Â 007";"A01";"3";"7";"0";"2";"5";"15";"1";""
"202100012145";"180Â 008";"B01";"3";"31";"0";"2";"2";"1";"1";""
"202100012146";"180Â 006";"A01";"2";"7";"0";"1";"1";"1";"1";""
"202100012147";"180Â 005";"A01";"1";"7";"0";"1";"2";"1";"1";""
"202100012148";"180Â 004";"A01";"1";"99";"0";"1";"1";"26";"1";""
"202100012149";"180Â 003";"A01";"1";"10";"0";"1";"7";"1";"1";""
"202100012150";"180Â 002";"A01";"1";"32";"0";"1";"1";"1";"1";""
"202100012151";"180Â 001";"A01";"1";"14";"0";"1";"1";"1";"1";""
"202100012152";"180Â 000";"A01";"2";"33";"0";"1";"1";"1";"1";""
"202100012153";"179Â 998";"A01";"3";"7";"0";"2";"3";"15";"1";""
"202100012153";"179Â 999";"B01";"3";"33";"0";"2";"2";"3";"1";""
"202100012154";"179Â 997";"A01";"2";"30";"0";"1";"1";"16";"1";""
"202100012155";"179Â 996";"A01";"1";"7";"0";"1";"1";"1";"1";""
"202100012156";"179Â 995";"A01";"1";"7";"0";"1";"1";"0";"1";""
"202100012157";"179Â 993";"A01";"2";"33";"0";"2";"1";"11";"1";""
"202100012157";"179Â 994";"B01";"2";"33";"0";"2";"6";"1";"1";""
"202100012158";"179Â 992";"A01";"1";"3";"12";"1";"1";"15";"1";""
"202100012159";"179Â 991";"A01";"3";"7";"0";"1";"2";"1";"1";""
"202100012160";"179Â 988";"B01";"3";"7";"0";"2";"4";"1";"1";""
"202100012160";"179Â 989";"A01";"3";"7";"0";"2";"1";"1";"1";""
"202100012161";"179Â 986";"A01";"3";"7";"0";"2";"2";"15";"1";""
"202100012161";"179Â 987";"B01";"3";"2";"0";"2";"1";"1";"1";""
"202100012162";"179Â 985";"A01";"2";"30";"9";"0";"1";"11";"1";""
"202100012163";"179Â 982";"B01";"1";"50";"0";"2";"3";"3";"3";""
"202100012163";"179Â 983";"C01";"1";"37";"0";"2";"6";"11";"2";"1"
"202100012163";"179Â 984";"A01";"1";"10";"0";"2";"7";"1";"1";""
"202100012164";"179Â 980";"B01";"1";"50";"0";"2";"1";"1";"3";""
"202100012164";"179Â 981";"A01";"2";"7";"0";"2";"2";"15";"1";""
"202100012165";"179Â 978";"A01";"2";"80";"0";"2";"1";"1";"3";""
"202100012165";"179Â 979";"B01";"1";"7";"0";"2";"1";"5";"1";""
"202100012166";"179Â 976";"B01";"2";"50";"1";"0";"0";"17";"3";""
"202100012166";"179Â 977";"A01";"2";"7";"0";"2";"0";"24";"0";""
"202100012167";"179Â 972";"A01";"3";"7";"0";"2";"4";"4";"0";""
"202100012167";"179Â 973";"B01";" -1";"10";"0";"2";"7";"1";"1";""
"202100012168";"179Â 970";"B01";"2";"7";"0";"2";"2";"1";"1";""
"202100012168";"179Â 971";"A01";"2";"33";"0";"2";"8";"3";"1";""
"202100012169";"179Â 968";"A01";"2";"1";"0";"2";"1";"1";"0";""
"202100012169";"179Â 969";"B01";"1";"2";"0";"2";"1";"5";"1";""
"202100012170";"179Â 966";"A01";"2";"7";"0";"2";"3";"26";"1";""
"202100012170";"179Â 967";"B01";"2";"7";"0";"2";"1";"0";"1";""
"202100012171";"179Â 965";"A01";"2";"10";"0";"1";"1";"1";"1";""
"202100012172";"179Â 963";"B01";"1";"2";"0";"2";"1";"1";"1";""
"202100012172";"179Â 964";"A01";"0";"7";"0";"2";"7";"15";"1";""
"202100012173";"179Â 961";"B01";"3";"7";"0";"2";"7";"1";"1";""
"202100012173";"179Â 962";"A01";"1";"80";"0";"2";"1";"26";"3";""
"202100012174";"179Â 959";"B01";"2";"7";"0";"2";"1";"1";"1";""
"202100012174";"179Â 960";"A01";"2";"7";"4";"2";"1";"10";"1";""
"202100012175";"179Â 957";"B01";"1";"33";"0";"2";"2";"0";"1";""
"202100012175";"179Â 958";"A01";"2";"7";"0";"2";"2";"9";"1";""