"Num_Acc";"id_vehicule";"num_veh";"senc";"catv";"obs";"obsm";"choc";"manv";"motor";"occutc"
"202100012176";"179Â 955";"B01";"1";"2";"0";"2";"1";"2";"1";""
"202100012176";"179Â 956";"A01";"1";"7";"0";"2";"4";"9";"1";""
"202100012177";"179Â 953";"A01";"3";"7";"0";"2";"3";"15";"1";""
"202100012177";"179Â 954";"B01";"3";"7";"0";"2";"8";"1";"1";""
"202100012178";"179Â 951";"A01";"3";"7";"0";"2";"2";"15";"1";""
"202100012178";"179Â 952";"B01";"1";"31";"0";"2";"1";"1";"1";""
"202100012179";"179Â 949";"B01";"0";"7";"0";"2";"1";"15";"1";""
"202100012179";"179Â 950";"A01";"0";"50";"0";"2";"1";"1";"3";""
"202100012180";"179Â 946";"C01";"3";"10";"14";"0";"1";"0";"0";""
"202100012180";"179Â 947";"B01";"3";"10";"14";"0";"4";"0";"0";""
"202100012180";"179Â 948";"A01";"3";"10";"14";"0";"4";"26";"0";""
"202100012181";"179Â 944";"B01";"3";"7";"0";"2";"2";"1";"1";""
"202100012181";"179Â 945";"A01";"3";"7";"0";"2";"6";"19";"1";""
"202100012182";"179Â 941";"B01";"1";"7";"0";"1";"3";"1";"1";""
"202100012183";"179Â 939";"B01";"1";"7";"0";"2";"3";"0";"1";""
"202100012183";"179Â 940";"A01";"2";"30";"0";"2";"1";"26";"1";""
"202100012184";"179Â 938";"A01";"0";"7";"16";"0";"1";"1";"1";""
"202100012185";"179Â 936";"B01";"1";"7";"0";"2";"3";"15";"1";""
"202100012185";"179Â 937";"A01";"1";"33";"0";"2";"2";"17";"1";""
"202100012186";"179Â 935";"A01";"1";"7";"0";"1";"2";"1";"1";""
"202100012187";"179Â 934";"A01";"3";"7";"0";"1";"2";"9";"1";""
"202100012188";"179Â 932";"A01";"3";"7";"0";"2";"1";"1";"1";""
"202100012188";"179Â 933";"B01";"3";"1";"0";"2";"7";"19";"5";""
"202100012189";"179Â 930";"A01";"1";"7";"1";"2";"5";"15";"1";""
"202100012189";"179Â 931";"B01";"2";"7";"0";"2";"2";"1";"3";""
"202100012190";"179Â 929";"A01";"3";"7";"0";"1";"1";"1";"1";""
"202100012191";"179Â 927";"A01";"1";"7";"0";"2";"3";"13";"1";""
"202100012191";"179Â 928";"B01";"2";"1";"0";"2";"1";"1";"5";""
"202100012192";"179Â 925";"B01";"3";"60";"0";"2";"7";"19";"5";""
"202100012192";"179Â 926";"A01";"3";"7";"0";"9";"1";"15";"1";""
"202100012193";"179Â 923";"B01";"1";"7";"8";"2";"1";"24";"1";""
"202100012193";"179Â 924";"A01";"1";"7";"1";"0";"1";"1";"1";""
"202100012194";"179Â 921";"B01";"2";"1";"0";"2";"4";"1";"0";""
"202100012194";"179Â 922";"A01";"2";"7";"0";"2";"1";"16";"1";""
"202100012195";"179Â 919";"A01";"2";"2";"0";"2";"3";"19";"1";""
"202100012195";"179Â 920";"B01";"1";"7";"0";"2";"2";"2";"1";""
"202100012196";"179Â 917";"A01";"1";"7";"14";"2";"8";"26";"1";""
"202100012196";"179Â 918";"B01";"1";"7";"0";"2";"7";"15";"1";""
"202100012197";"179Â 913";"A01";"1";"7";"0";"2";"1";"2";"1";""
"202100012197";"179Â 914";"B01";"1";"7";"0";"2";"4";"2";"1";""
"202100012197";"179Â 915";"C01";"1";"7";"0";"2";"4";"1";"1";""
"202100012197";"179Â 916";"D01";"1";"7";"0";"2";"4";"1";"1";""
"202100012198";"179Â 911";"A01";"1";"7";"0";"2";"1";"0";"6";""
"202100012198";"179Â 912";"B01";"1";"7";"0";"2";"8";"0";"6";""
"202100012199";"179Â 909";"B01";"1";"50";"0";"2";"1";"1";"3";""
"202100012199";"179Â 910";"A01";"1";"7";"0";"9";"3";"15";"1";""
"202100012200";"179Â 908";"A01";"3";"7";"0";"1";"3";"15";"1";""
"202100012201";"179Â 906";"Z01";"1";"7";"0";"2";"1";"2";"0";""
"202100012201";"179Â 907";"B01";"1";"7";"0";"2";"4";"1";"1";""
"202100012202";"179Â 904";"B01";"0";"1";"0";"0";"0";"15";"5";""
"202100012202";"179Â 905";"A01";"0";"3";"0";"2";"5";"17";"1";""
"202100012203";"179Â 903";"A01";"1";"80";"0";"0";"0";"15";"3";""
"202100012204";"179Â 902";"A01";"1";"7";"0";"1";"3";"1";"1";""
"202100012205";"179Â 900";"B01";"2";"1";"1";"2";"1";"1";"5";""
"202100012205";"179Â 901";"A01";"1";"7";"0";"2";"1";"22";"1";""
"202100012206";"179Â 897";"A01";"2";"33";"0";"2";"5";"3";"1";""
"202100012206";"179Â 898";"B01";"2";"7";"0";"0";"8";"23";"1";""
"202100012206";"179Â 899";"C01";"2";"7";"0";"0";"8";"23";"1";""
"202100012207";"179Â 895";"A01";"3";"7";"0";"2";"3";"9";"1";""
"202100012207";"179Â 896";"B01";" -1";"7";"0";"2";"2";"1";"1";""
"202100012208";"179Â 894";"A01";"1";"3";"0";"1";"2";"26";"1";""
"202100012209";"179Â 892";"B01";"2";"33";"0";"2";"5";"1";"1";""
"202100012209";"179Â 893";"A01";"2";"7";"0";"2";"2";"15";"1";""
"202100012210";"179Â 891";"A01";"3";"7";"0";"1";"1";"1";"1";""
"202100012211";"179Â 888";"C01";"0";"1";"0";"9";"1";"1";"5";""
"202100012211";"179Â 889";"B01";"0";"1";"0";"2";"1";"1";"5";""
"202100012211";"179Â 890";"A01";"0";"7";"0";"9";"3";"15";"1";""
"202100012212";"179Â 886";"A01";"3";"30";"0";"2";"2";"15";"1";""
"202100012212";"179Â 887";"B01";"3";"7";"0";"2";"3";"1";"1";""
"202100012213";"179Â 884";"B01";"1";"10";"0";"2";"6";"2";"1";""
"202100012213";"179Â 885";"A01";"1";"7";"0";"2";"2";"1";"1";""
"202100012214";"179Â 883";"D01";"1";"7";"0";"1";"1";"17";" -1";""
"202100012215";"179Â 882";"A01";"2";"30";"0";"0";"2";"2";"1";""
"202100012216";"179Â 881";"A01";"3";"7";"15";"0";"7";"1";"1";""
"202100012217";"179Â 880";"A01";"0";"7";"0";"1";"1";"9";"1";""
"202100012218";"179Â 879";"A01";"0";"1";"12";"0";"1";"1";"5";""
"202100012219";"179Â 877";"A01";"0";"7";"0";"2";"1";"13";"1";""
"202100012219";"179Â 878";"B01";"0";"1";"0";"2";"2";"1";"5";""
"202100012220";"179Â 876";"A01";"0";"1";"0";"0";"0";"1";"5";""
"202100012221";"179Â 874";"A01";"1";"7";"0";"2";"3";"15";"1";""
"202100012221";"179Â 875";"B01";"1";"2";"0";"2";"7";"1";"1";""
"202100012222";"179Â 873";"A01";"2";"7";"0";"1";"1";"1";"1";""
"202100012223";"179Â 871";"A01";"1";"7";"0";"2";"1";"13";"1";""
"202100012223";"179Â 872";"B01";"2";"1";"0";"2";"1";"1";"0";""
"202100012224";"179Â 869";"GB01";"3";"50";"0";"2";"1";"1";"3";""
"202100012224";"179Â 870";"A01";"3";"7";"0";"2";"2";"19";"1";""
"202100012225";"179Â 867";"A01";"3";"50";"0";"2";"7";"1";"3";""
"202100012225";"179Â 868";"B01";"2";"10";"0";"2";"1";"9";"1";""
"202100012226";"179Â 866";"A01";"1";"10";"0";"1";"1";"1";"1";""
"202100012227";"179Â 865";"A01";"0";"7";"1";"0";"1";"1";"1";""
"202100012228";"179Â 864";"Z01";"3";"7";"0";"1";"2";"1";"0";""
"202100012229";"179Â 862";"A01";"2";"1";"0";"2";"1";"8";"5";""
"202100012229";"179Â 863";"B01";"1";"3";"0";"2";"3";"15";"1";""
"202100012230";"179Â 861";"A01";"3";"7";"0";"1";"3";"1";"1";""
"202100012231";"179Â 859";"B01";"2";"33";"0";"2";"1";"7";"1";""
"202100012231";"179Â 860";"A01";"3";"7";"0";"2";"3";"15";"1";""
"202100012232";"179Â 858";"A01";"2";"7";"0";"1";"7";"1";"1";""
"202100012233";"179Â 856";"B01";"1";"7";"0";"2";"3";"1";"1";""
"202100012233";"179Â 857";"A01";"2";"7";"0";"2";"2";"15";"1";""
"202100012234";"179Â 854";"C01";"1";"7";"0";"2";"1";"1";"1";""
"202100012234";"179Â 855";"A01";"1";"7";"1";"2";"2";"1";"1";""
"202100012235";"179Â 852";"A01";"1";"7";"16";"0";"4";"23";"1";""
"202100012235";"179Â 853";"B01";"1";"7";"0";"2";"1";"24";"1";""
"202100012236";"179Â 849";"C01";"2";"7";"0";"2";"3";"1";"1";""
"202100012236";"179Â 850";"B01";"1";"10";"0";"2";"4";"15";"0";""
"202100012236";"179Â 851";"A01";"1";"10";"0";"2";"1";"1";"1";""
"202100012237";"179Â 847";"A01";"2";"50";"0";"2";"3";"1";"3";""
"202100012237";"179Â 848";"B01";"1";"7";"0";"2";"1";"9";"1";""
"202100012238";"179Â 846";"A01";"2";"7";"4";"0";"1";"21";"1";""
"202100012239";"179Â 844";"B01";"2";"10";"0";"2";"7";"1";"1";""
"202100012239";"179Â 845";"A01";"2";"14";"0";"2";"3";"11";"1";""
"202100012240";"179Â 842";"B01";"1";"10";"0";"2";"5";"2";"1";""
"202100012240";"179Â 843";"A01";"1";"32";"0";"2";"3";"2";"1";""
"202100012241";"179Â 840";"A01";"2";"31";"0";"2";"1";"21";"1";""
"202100012241";"179Â 841";"B01";"2";"7";"0";"2";"6";"1";"1";""
"202100012242";"179Â 839";"A01";"1";"1";"0";"1";"6";"1";"5";""
"202100012243";"179Â 838";"Z01";"1";"7";"0";"1";"1";"1";"1";""
"202100012244";"179Â 836";"A01";"2";"30";"0";"2";"1";"1";"1";""
"202100012244";"179Â 837";"Z01";"1";"34";"9";"2";"1";"13";"0";""
"202100012245";"179Â 834";"B01";"1";"32";"0";"2";"3";"1";"1";""
"202100012245";"179Â 835";"A01";"2";"7";"0";"2";"1";"15";"1";""
"202100012246";"179Â 832";"B01";"2";"32";"0";"2";"1";"1";"1";""
"202100012246";"179Â 833";"A01";"1";"30";"0";"2";"1";"9";"1";""
"202100012247";"179Â 830";"A01";"1";"33";"0";"2";"1";"7";"0";""
"202100012247";"179Â 831";"B01";"1";"1";"0";"2";"6";"11";"5";""
"202100012248";"179Â 829";"A01";"1";"1";"0";"1";"1";"1";"5";""
"202100012249";"179Â 828";"A01";"1";"7";"0";"1";"2";"1";"1";""
"202100012250";"179Â 827";"A01";"1";"7";"0";"1";"1";"1";"1";""
"202100012251";"179Â 825";"A01";"1";"1";"0";"2";"1";"1";"5";""
"202100012251";"179Â 826";"B01";"1";"7";"0";"2";"8";"1";"1";""
"202100012252";"179Â 823";"B01";"1";"37";"0";"2";"7";"15";"2";"1"
"202100012252";"179Â 824";"A01";"1";"1";"0";"2";"8";"13";"5";""
"202100012253";"179Â 822";"A01";"3";"60";"0";"0";"1";"25";"5";""
"202100012254";"179Â 820";"B01";"2";"33";"0";"2";"1";"1";"1";""
"202100012254";"179Â 821";"A01";"0";"7";"8";"2";"3";"9";"1";""
"202100012255";"179Â 819";"A01";"2";"7";"0";"1";"3";"26";"1";""
"202100012256";"179Â 818";"A01";"1";"7";"0";"1";"2";"12";"1";""
"202100012257";"179Â 816";"B01";"3";"33";"0";"2";"7";"1";"1";""
"202100012257";"179Â 817";"A01";"3";"7";"0";"2";"6";"11";"1";""
"202100012258";"179Â 814";"A01";"1";"7";"0";"2";"5";"1";"1";""
"202100012258";"179Â 815";"B01";"1";"2";"0";"2";"1";"1";"1";""
"202100012259";"179Â 812";"B01";"1";"50";"0";"2";"0";"0";"3";""
"202100012259";"179Â 813";"A01";"1";"7";"0";"2";"3";"1";"1";""
"202100012260";"179Â 810";"B01";"3";"7";"0";"0";"2";"2";"1";""
"202100012260";"179Â 811";"A01";"3";"7";"0";"0";"6";"24";"1";""
"202100012261";"179Â 807";"A01";"3";"7";"0";"2";"2";"15";"1";""
"202100012261";"179Â 808";"B01";"3";"7";"0";"2";"1";"1";"1";""
"202100012261";"179Â 809";"C01";"3";"7";"0";"2";"1";"1";"1";""
"202100012262";"179Â 805";"P01";"2";"0";"0";"2";"8";"19";"0";""
"202100012262";"179Â 806";"A01";"2";"7";"0";"1";"8";"1";"0";""
"202100012263";"179Â 804";"A01";"1";"7";"0";"1";"1";"15";"1";""
"202100012264";"179Â 803";"A01";"1";"7";"0";"1";"2";"1";"1";""
"202100012265";"179Â 801";"B01";"1";"32";"0";"2";"1";"1";"1";""
"202100012265";"179Â 802";"A01";"2";"7";"0";"2";"3";"9";"1";""
"202100012266";"179Â 799";"B01";"1";"7";"0";"2";"6";"1";"1";""
"202100012266";"179Â 800";"A01";"1";"30";"0";"2";"2";"21";"1";""
"202100012267";"179Â 797";"B01";"2";"33";"0";"2";"1";"3";"1";""
"202100012267";"179Â 798";"A01";"3";"7";"0";"2";"3";"15";"1";""
"202100012268";"179Â 795";"B01";"1";"2";"0";"2";"3";"1";"1";""
"202100012268";"179Â 796";"A01";"1";"13";"0";"2";"5";"12";"1";""
"202100012269";"179Â 793";"A01";" -1";"30";"1";"0";"0";"0";"1";""
"202100012269";"179Â 794";"B01";"1";"1";"0";"0";"0";"0";"5";""
"202100012270";"179Â 792";"A01";"0";"0";"0";"1";"1";"26";"0";""
"202100012271";"179Â 790";"B01";"1";"50";"0";"2";"1";"9";"3";""
"202100012271";"179Â 791";"A01";"1";"7";"0";"2";"1";"9";"1";""
"202100012272";"179Â 789";"A01";"3";"10";"1";"1";"1";"9";"1";""
"202100012273";"179Â 788";"A01";"3";"33";"12";"0";"0";"23";"1";""
"202100012274";"179Â 787";"A01";"1";"30";"0";"1";"1";"1";"1";""
"202100012275";"179Â 785";"A01";"1";"7";"0";"2";"2";"1";"1";""
"202100012275";"179Â 786";"B01";"2";"34";"0";"2";"1";"15";"1";""
"202100012276";"179Â 783";"B01";"0";"7";"0";"2";"6";"1";"1";""
"202100012276";"179Â 784";"A01";"0";"30";"0";"2";"0";"0";"1";""
"202100012277";"179Â 781";"B01";"3";"1";"0";"2";"3";"9";"5";""
"202100012277";"179Â 782";"A01";"3";"32";"0";"2";"2";"9";"1";""
"202100012278";"179Â 780";"A01";"2";"7";"1";"1";"6";"24";"1";""
"202100012279";"179Â 779";"A01";"1";"30";"0";"0";"0";"17";"1";""
"202100012280";"179Â 777";"A01";"2";"7";"0";"2";"3";"1";"1";""
"202100012280";"179Â 778";"B01";"1";"1";"0";"2";"1";"1";"0";""
"202100012281";"179Â 775";"B01";"2";"37";"0";"2";"4";"23";"6";"1"
"202100012281";"179Â 776";"A01";"2";"43";"0";"2";"2";"18";"1";""
"202100012282";"179Â 774";"A01";"3";"7";"6";"0";"1";"1";"0";""
"202100012283";"179Â 773";"A01";"1";"7";"13";"0";"1";"1";"1";""
"202100012284";"179Â 771";"A01";"1";"7";"0";"2";"3";"13";"1";""
"202100012284";"179Â 772";"B01";"2";"7";"0";"2";"3";"1";"1";""
"202100012285";"179Â 770";"A01";"2";"10";"8";"1";"1";"1";"1";""
"202100012286";"179Â 768";"A01";"1";"1";"0";"2";"3";"1";"5";""
"202100012286";"179Â 769";"B01";"2";"2";"0";"9";"2";"17";"1";""
"202100012287";"179Â 767";"A01";"3";"33";"8";"9";"6";"17";"1";""
"202100012288";"179Â 766";"A01";"1";"7";"6";"0";"1";"1";"1";""
"202100012289";"179Â 765";"A01";"2";"33";"13";"0";"1";"1";"1";""
"202100012290";"179Â 764";"A01";"1";"2";"7";"0";"1";"1";"0";""
"202100012291";"179Â 763";"A01";"1";"7";"0";"4";"1";"26";"3";""
"202100012292";"179Â 762";"A01";"2";"2";"0";"1";"1";"5";"1";""
"202100012293";"179Â 760";"B01";"2";"33";"0";"2";"8";"1";"1";""
"202100012293";"179Â 761";"A01";"2";"7";"0";"2";"2";"12";"1";""
"202100012294";"179Â 758";"B01";"1";"7";"0";"9";"3";"1";"1";""
"202100012294";"179Â 759";"A01";"2";"1";"0";"2";"1";"11";"0";""
"202100012295";"179Â 756";"B01";"1";"7";"0";"0";"5";"15";"1";""
"202100012295";"179Â 757";"A01";"1";"33";"0";"2";"1";"2";"1";""
"202100012296";"179Â 754";"B01";"2";"7";"6";"0";"6";"23";"1";""
"202100012296";"179Â 755";"A01";"2";"7";"0";"2";"2";"1";"1";""
"202100012297";"179Â 752";"B01";"2";"20";"0";"2";"5";"19";"1";""
"202100012297";"179Â 753";"A01";"2";"7";"0";"2";"2";"1";"1";""
"202100012298";"179Â 751";"A01";"3";"7";"0";"1";"3";"1";"1";""
"202100012299";"179Â 748";"B01";"2";"7";"0";"2";"1";"1";"1";""
"202100012299";"179Â 749";"A01";"1";"7";"0";"2";"1";"13";"0";""
"202100012299";"179Â 750";"C01";"1";"3";"0";"2";"8";"1";"0";""
"202100012300";"179Â 746";"A01";"3";"7";"0";"2";"3";"9";"1";""
"202100012300";"179Â 747";"B01";"3";"33";"0";"2";"1";"1";"1";""
"202100012301";"179Â 744";"A01";"2";"10";"0";"2";"1";"16";"1";""
"202100012301";"179Â 745";"B01";"2";"7";"7";"0";"7";"1";"1";""
"202100012302";"179Â 743";"A01";"3";"7";"8";"0";"3";"1";"1";""
"202100012303";"179Â 742";"A01";"1";"33";"12";"0";"1";"2";"1";""
"202100012304";"179Â 740";"A01";"2";"2";"0";"2";"2";"15";"1";""
"202100012304";"179Â 741";"B01";"1";"7";"0";"2";"3";"1";"1";""
"202100012305";"179Â 738";"A01";"1";"7";"0";"2";"2";"2";"1";""
"202100012305";"179Â 739";"B01";"1";"2";"0";"0";"4";"1";"1";""
"202100012306";"179Â 736";"B01";"2";"7";"0";"2";"1";"1";"1";""
"202100012306";"179Â 737";"A01";"1";"7";"0";"2";"1";"13";"1";""
"202100012307";"179Â 734";"A01";"1";"7";"0";"2";"3";"9";"2";""
"202100012307";"179Â 735";"B01";"2";"1";"0";"2";"4";"1";"5";""
"202100012308";"179Â 733";"A01";"2";"7";"2";"0";"3";"13";"1";""
"202100012309";"179Â 731";"B01";"2";"33";"0";"2";"1";"1";"1";""
"202100012309";"179Â 732";"A01";"1";"7";"0";"2";"2";"15";"1";""
"202100012310";"179Â 729";"B01";"2";"1";"0";"2";"1";"1";"5";""
"202100012310";"179Â 730";"A01";"1";"7";"0";"9";"2";"15";"1";""
"202100012311";"179Â 727";"A01";"2";"7";"0";"2";"7";"9";"1";""
"202100012311";"179Â 728";"B01";"1";"15";"0";"2";"1";"1";"1";""
"202100012312";"179Â 726";"A01";"1";"7";"1";"1";"2";"1";"1";""
"202100012313";"179Â 725";"A01";"2";"7";"3";"0";"3";"21";"1";""
"202100012314";"179Â 722";"A01";"2";"2";"0";"0";"0";"1";"1";""
"202100012315";"179Â 721";"A01";"2";"7";"13";"0";"2";"1";"1";""
"202100012316";"179Â 719";"B01";"3";"33";"0";"2";"7";"17";"1";""
"202100012316";"179Â 720";"A01";"3";"7";"0";"2";"3";"15";"1";""
"202100012317";"179Â 718";"A01";"2";"7";"8";"0";"1";"1";"1";""
"202100012318";"179Â 716";"A01";"1";"1";"0";"2";"2";"1";"5";""
"202100012318";"179Â 717";"B01";"1";"7";"0";"2";"3";"9";"1";""
"202100012319";"179Â 715";"A01";"1";"7";"0";"1";"3";"1";"1";""
"202100012320";"179Â 712";"B01";"1";"7";"0";"2";"4";"2";"1";""
"202100012320";"179Â 713";"A01";"1";"7";"0";"2";"1";"2";"1";""
"202100012320";"179Â 714";"C01";"1";"7";"0";"2";"5";"2";"1";""
"202100012321";"179Â 710";"A01";"1";"7";"0";"2";"2";"14";"1";""
"202100012321";"179Â 711";"B01";"1";"7";"4";"0";"9";"1";"1";""
"202100012322";"179Â 709";"A01";"3";"2";"4";"0";"1";"1";"1";""
"202100012323";"179Â 706";"C01";"2";"15";"0";"0";"4";"23";"1";""
"202100012323";"179Â 707";"B01";"2";"7";"0";"2";"4";"23";"1";""
"202100012323";"179Â 708";"A01";"2";"10";"0";"2";"1";"2";"1";""
"202100012324";"179Â 705";"A01";"3";"10";"0";"0";"0";"1";"1";""
"202100012325";"179Â 703";"A01";"1";"7";"0";"2";"1";"2";"1";""
"202100012325";"179Â 704";"B01";"1";"15";"0";"2";"4";"2";"1";""
"202100012326";"179Â 702";"A01";"1";"7";"10";"0";"1";"0";"1";""
"202100012327";"179Â 700";"B01";"0";"33";"0";"2";"1";"1";"1";""
"202100012327";"179Â 701";"A01";"0";"7";"0";"2";"8";"15";"1";""
"202100012328";"179Â 698";"B01";"3";"7";"12";"2";"1";"15";"1";""
"202100012328";"179Â 699";"A01";"3";"7";"0";"0";"6";"15";"2";""
"202100012329";"179Â 697";"A01";"2";"1";"0";"1";"1";"1";"5";""
"202100012330";"179Â 695";"A01";"1";"7";"0";"2";"3";"0";"1";""
"202100012330";"179Â 696";"B01";"3";"30";"0";"2";"1";"1";"1";""
"202100012331";"179Â 693";"B01";"2";"33";"0";"2";"1";"2";"1";""
"202100012331";"179Â 694";"A01";"2";"10";"0";"2";"2";"19";"1";""
"202100012332";"179Â 692";"A01";"1";"7";"2";"6";"3";"1";"1";""
"202100012333";"179Â 690";"B01";"1";"2";"0";"2";"1";"1";"1";""
"202100012333";"179Â 691";"A01";"2";"7";"0";"2";"3";"1";"1";""
"202100012334";"179Â 688";"A01";"2";"33";"0";"2";"2";"17";"1";""
"202100012334";"179Â 689";"B01";"2";"21";"0";"0";"8";"15";"1";""
"202100012335";"179Â 686";"A01";"2";"10";"0";"2";"2";"1";"1";""
"202100012335";"179Â 687";"B01";"2";"1";"0";"0";"4";"0";"5";""
"202100012336";"179Â 685";"A01";"0";"7";"0";"1";"1";"1";"1";""
"202100012337";"179Â 683";"B01";"0";"32";"0";"2";"3";"1";"1";""
"202100012337";"179Â 684";"A01";"0";"7";"0";"2";"1";"9";"1";""
"202100012338";"179Â 681";"A01";"1";"32";"0";"2";"7";"1";"1";""
"202100012338";"179Â 682";"B01";"0";"7";"0";"2";"1";"0";"1";""
"202100012339";"179Â 679";"B01";"1";"50";"0";"0";"8";"1";"3";""
"202100012339";"179Â 680";"A01";"1";"7";"0";"2";"7";"2";"1";""
"202100012340";"179Â 677";"A01";"3";"7";"0";"2";"1";"13";"1";""
"202100012340";"179Â 678";"B01";"3";"10";"0";"2";"1";"1";"1";""
"202100012341";"179Â 675";"A01";"0";"7";"0";"2";"3";"19";"1";""
"202100012341";"179Â 676";"B01";"0";"7";"0";"2";"1";"1";"1";""
"202100012342";"179Â 673";"B01";"2";"7";"0";"2";"1";"1";"1";""
"202100012342";"179Â 674";"A01";"2";"7";"6";"0";"8";"15";"1";""
"202100012343";"179Â 663";"A01";"1";"7";"4";"2";"5";"2";"1";""
"202100012343";"179Â 664";"B01";"1";"7";"4";"2";"1";"9";"1";""
"202100012343";"179Â 665";"C01";"1";"7";"4";"2";"4";"9";"1";""
"202100012344";"179Â 661";"A01";"2";"7";"3";"2";"4";"18";"1";""
"202100012344";"179Â 662";"B01";"2";"7";"3";"2";"1";"2";"1";""
"202100012345";"179Â 658";"B01";"1";"7";"0";"2";"4";"0";"1";""
"202100012345";"179Â 659";"C01";"1";"10";"0";"2";"1";"0";"1";""
"202100012345";"179Â 660";"A01";"1";"10";"0";"2";"4";"0";"1";""
"202100012346";"179Â 655";"A01";"2";"7";"4";"2";"4";"2";"1";""
"202100012346";"179Â 656";"B01";"2";"7";"4";"2";"4";"2";"1";""
"202100012346";"179Â 657";"C01";"2";"7";"4";"2";"1";"2";"1";""
"202100012347";"179Â 653";"B01";"2";"10";"0";"2";"8";"11";"1";""
"202100012347";"179Â 654";"A01";"2";"33";"0";"2";"7";"3";"1";""
"202100012348";"179Â 650";"C01";"2";"43";"0";"2";"4";"0";"1";""
"202100012348";"179Â 651";"B01";"2";"10";"0";"2";"1";"0";"1";""
"202100012348";"179Â 652";"A01";"2";"10";"0";"2";"7";"1";"1";""
"202100012349";"179Â 648";"A01";"1";"7";"0";"2";"1";"2";"1";""
"202100012349";"179Â 649";"B01";"1";"7";"0";"2";"4";"2";"1";""
"202100012350";"179Â 646";"A01";"2";"7";"14";"0";"1";"2";"1";""
"202100012350";"179Â 647";"B01";"2";"17";"0";"0";"0";"2";"1";""
"202100012351";"179Â 644";"A01";"2";"7";"0";"2";"1";"2";"1";""
"202100012351";"179Â 645";"B01";"2";"33";"0";"2";"4";"2";"1";""
"202100012352";"179Â 641";"C01";"2";"7";"0";"2";"4";"2";"1";""
"202100012352";"179Â 642";"B01";"2";"7";"0";"2";"4";"2";"1";""
"202100012352";"179Â 643";"A01";"2";"7";"0";"2";"1";"2";"1";""
"202100012353";"179Â 639";"A01";"2";"33";"0";"2";"2";"3";"1";""
"202100012353";"179Â 640";"B01";"2";"7";"0";"2";"8";"11";"1";""
"202100012354";"179Â 635";"D01";"2";"7";"0";"2";"4";"2";"1";""
"202100012354";"179Â 636";"C01";"2";"7";"0";"2";"1";"2";"1";""
"202100012354";"179Â 637";"B01";"2";"7";"0";"2";"4";"2";"1";""
"202100012354";"179Â 638";"A01";"2";"33";"0";"2";"1";"2";"1";""
"202100012355";"179Â 633";"Z01";"1";"7";"0";"2";"0";"12";"1";""
"202100012355";"179Â 634";"B01";"1";"33";"0";"2";"6";"3";"1";""
"202100012356";"179Â 631";"B01";"2";"10";"0";"2";"0";"0";"1";""
"202100012356";"179Â 632";"A01";"2";"33";"0";"2";"5";"1";"1";""
"202100012357";"179Â 630";"A01";"2";"33";"0";"0";"8";"1";"1";""
"202100012358";"179Â 626";"D01";"1";"7";"0";"2";"5";"1";"1";""
"202100012358";"179Â 627";"C01";"1";"7";"0";"2";"4";"1";"1";""
"202100012358";"179Â 628";"B01";"1";"7";"0";"2";"3";"1";"1";""
"202100012358";"179Â 629";"A01";"1";"7";"0";"2";"1";"1";"1";""
"202100012359";"179Â 624";"B01";"1";"7";"3";"0";"4";"11";"1";""
"202100012359";"179Â 625";"A01";"1";"7";"3";"2";"1";"23";"2";""
"202100012360";"179Â 622";"B01";"2";"7";"0";"2";"4";"2";"1";""
"202100012360";"179Â 623";"A01";"2";"10";"0";"2";"1";"2";"1";""
"202100012361";"179Â 620";"B01";"1";"7";"0";"2";"4";"2";"1";""
"202100012361";"179Â 621";"A01";"1";"7";"0";"2";"1";"1";"1";""
"202100012362";"179Â 619";"A01";"2";"7";"3";"0";"1";"1";"1";""
"202100012363";"179Â 617";"A01";"2";"33";"0";"2";"1";"2";"1";""
"202100012363";"179Â 618";"B01";"2";"7";"0";"2";"4";"2";"1";""
"202100012364";"179Â 616";"A01";"1";"33";"0";"2";"8";"11";"1";""
"202100012365";"179Â 613";"A01";"2";"10";"0";"2";"1";"1";"1";""
"202100012365";"179Â 614";"B01";"2";"10";"0";"2";"4";"2";"1";""
"202100012365";"179Â 615";"C01";"2";"10";"0";"2";"4";"2";"1";""
"202100012366";"179Â 612";"A01";"2";"7";"4";"0";"3";"18";"1";""
"202100012367";"179Â 611";"A01";"2";"7";"4";"0";"8";"21";"1";""
"202100012368";"179Â 609";"B01";"1";"34";"0";"2";"0";"17";"1";""
"202100012368";"179Â 610";"A01";"1";"10";"0";"2";"6";"23";"1";""
"202100012369";"179Â 607";"A01";"2";"10";"0";"2";"1";"1";"1";""
"202100012369";"179Â 608";"B01";"2";"32";"0";"2";"8";"11";"3";""
"202100012370";"179Â 604";"C01";"2";"7";"0";"2";"4";"2";"1";""
"202100012370";"179Â 605";"B01";"2";"7";"0";"2";"9";"2";"1";""
"202100012370";"179Â 606";"A01";"2";"7";"0";"2";"1";"11";"1";""
"202100012371";"179Â 602";"B01";"1";"10";"0";"2";"6";"12";"1";""
"202100012371";"179Â 603";"A01";"1";"33";"0";"2";"1";"3";"1";""
"202100012372";"179Â 600";"B01";"2";"7";"0";"0";"0";"0";"1";""
"202100012372";"179Â 601";"A01";"2";"15";"0";"0";"6";"1";"1";""
"202100012373";"179Â 597";"A01";"1";"7";"0";"2";"4";"1";"1";""
"202100012373";"179Â 598";"B01";"1";"10";"0";"2";"1";"12";"1";""