"Num_Acc";"id_vehicule";"num_veh";"senc";"catv";"obs";"obsm";"choc";"manv";"motor";"occutc"
"202100012373";"179Â 599";"C01";"1";"15";"0";"2";"1";"1";"1";""
"202100012374";"179Â 594";"C01";"2";"7";"0";"2";"5";"1";"1";""
"202100012374";"179Â 595";"B01";"2";"10";"0";"2";"3";"11";"1";""
"202100012374";"179Â 596";"A01";"2";"31";"0";"2";"2";"3";"1";""
"202100012375";"179Â 592";"A01";"2";"33";"0";"2";"3";"3";"1";""
"202100012375";"179Â 593";"B01";"2";"7";"0";"2";"2";"1";"1";""
"202100012376";"179Â 591";"A01";"3";"99";"6";"0";"1";"14";"1";""
"202100012377";"179Â 589";"B01";"3";"7";"0";"2";"5";"15";"1";""
"202100012377";"179Â 590";"A01";"3";"33";"0";"2";"2";"3";"1";""
"202100012378";"179Â 587";"B01";"3";"32";"0";"2";"1";"17";"1";""
"202100012378";"179Â 588";"A01";"2";"7";"0";"2";"1";"15";"1";""
"202100012379";"179Â 584";"C01";"2";"10";"0";"2";"2";"1";"1";""
"202100012379";"179Â 585";"B01";"1";"2";"0";"2";"1";"17";"1";""
"202100012379";"179Â 586";"A01";"2";"7";"0";"2";"1";"15";"1";""
"202100012380";"179Â 582";"B01";"1";"7";"0";"2";"3";"15";"1";""
"202100012380";"179Â 583";"A01";"1";"7";"0";"2";"2";"1";"1";""
"202100012381";"179Â 581";"A01";"1";"7";"0";"0";"3";"1";"2";""
"202100012382";"179Â 579";"B01";"2";"1";"0";"2";"2";"0";"5";""
"202100012382";"179Â 580";"A01";"1";"30";"0";"2";"2";"1";"0";""
"202100012383";"179Â 577";"B01";"1";"1";"0";"2";"1";"1";"0";""
"202100012383";"179Â 578";"A01";"1";"7";"0";"9";"3";"20";"1";""
"202100012384";"179Â 574";"A01";"1";"7";"0";"2";"1";"2";"1";""
"202100012384";"179Â 575";"B01";"1";"7";"0";"2";"4";"2";"1";""
"202100012384";"179Â 576";"C01";"1";"7";"0";"2";"4";"2";"6";""
"202100012385";"179Â 573";"A01";"2";"7";"0";"1";"1";"1";"1";""
"202100012386";"179Â 571";"A01";"1";"33";"0";"2";"9";"3";"0";""
"202100012386";"179Â 572";"B01";"2";"7";"0";"2";"1";"9";"1";""
"202100012387";"179Â 569";"B01";"1";"50";"0";"2";"4";"1";"3";""
"202100012387";"179Â 570";"Z01";"1";"7";"0";"2";"2";"1";"0";""
"202100012388";"179Â 567";"A01";" -1";"7";"0";"2";"2";"0";"1";""
"202100012388";"179Â 568";"B01";" -1";"1";"0";"2";"0";"0";"0";""
"202100012389";"179Â 565";"A01";"2";"7";"0";"2";"1";"2";"0";""
"202100012389";"179Â 566";"B01";"2";"7";"0";"2";"4";"0";"0";""
"202100012390";"179Â 563";"A01";"1";"7";"0";"2";"1";"13";"1";""
"202100012390";"179Â 564";"B01";"2";"7";"0";"2";"1";"1";"1";""
"202100012391";"179Â 560";"B01";"2";"7";"0";"2";"3";"2";"1";""
"202100012391";"179Â 561";"A01";"2";"7";"0";"2";"1";"2";"2";""
"202100012391";"179Â 562";"C01";"2";"7";"0";"2";"3";"1";"1";""
"202100012392";"179Â 559";"A01";"3";"30";"9";"0";"1";"25";"1";""
"202100012393";"179Â 557";"A01";"1";"10";"0";"9";"2";"14";"1";""
"202100012393";"179Â 558";"B01";"1";"1";"0";"2";"3";"1";"5";""
"202100012394";"179Â 554";"A01";"3";"30";"0";"2";"1";"1";"1";""
"202100012394";"179Â 555";"C01";"2";"7";"0";"2";"3";"15";"1";""
"202100012394";"179Â 556";"B01";"1";"33";"0";"2";"2";"2";"1";""
"202100012395";"179Â 551";"B01";"3";"7";"0";"2";"4";"2";"1";""
"202100012395";"179Â 552";"C01";"3";"7";"0";"2";"1";"1";"1";""
"202100012395";"179Â 553";"A01";"3";"33";"0";"2";"1";"2";"1";""
"202100012396";"179Â 549";"B01";"1";"14";"0";"2";"1";"0";"1";""
"202100012396";"179Â 550";"A01";"1";"7";"0";"2";"1";"13";"1";""
"202100012397";"179Â 546";"C01";"1";"7";"0";"2";"4";"2";"1";""
"202100012397";"179Â 547";"A01";"1";"7";"0";"2";"1";"2";"1";""
"202100012397";"179Â 548";"B01";"1";"7";"0";"2";"1";"2";"1";""
"202100012398";"179Â 545";"A01";"2";"7";"0";"1";"2";"1";"1";""
"202100012399";"179Â 543";"Z01";"1";"7";"0";"0";"0";"0";"0";""
"202100012399";"179Â 544";"A01";"2";"7";"8";"0";"1";"21";"1";""
"202100012400";"179Â 541";"B01";"2";"7";"0";"2";"4";"23";"1";""
"202100012400";"179Â 542";"A01";"2";"30";"0";"2";"1";"2";"1";""
"202100012401";"179Â 540";"A01";"1";"32";"3";"0";"1";"16";"3";""
"202100012402";"179Â 538";"B01";"0";"7";"0";"2";"5";"0";"1";""
"202100012402";"179Â 539";"A01";"0";"33";"0";"2";"1";"9";"1";""
"202100012403";"179Â 535";"B01";"0";"30";"0";"2";"8";"0";"1";""
"202100012403";"179Â 536";"A01";"0";"7";"0";"2";"1";"1";"1";""
"202100012403";"179Â 537";"C01";"0";"7";"0";"2";"1";"1";"1";""
"202100012404";"179Â 533";"A01";"0";"50";"0";"2";"1";"25";"3";""
"202100012404";"179Â 534";"B01";"0";"7";"0";"2";"2";"16";"1";""
"202100012405";"179Â 532";"A01";"0";"7";"0";"1";"1";"15";"1";""
"202100012406";"179Â 530";"A01";"0";"80";"0";"2";"2";"25";"3";""
"202100012406";"179Â 531";"B01";"0";"7";"0";"1";"1";"15";"1";""
"202100012407";"179Â 527";"A01";"0";"40";"0";"1";"1";"1";"3";""
"202100012408";"179Â 525";"B01";"2";"7";"0";"2";"8";"0";"1";""
"202100012408";"179Â 526";"A01";"1";"7";"0";"2";"1";"0";"1";""
"202100012409";"179Â 523";"A01";"1";"32";"0";"2";"1";"1";"1";""
"202100012409";"179Â 524";"B01";"1";"7";"0";"2";"8";"0";"0";""
"202100012410";"179Â 522";"A01";"0";"7";"15";"0";"3";"26";"1";""
"202100012411";"179Â 521";"A01";"1";"7";"0";"1";"1";"1";"1";""
"202100012412";"179Â 518";"A01";"2";"7";"0";"2";"2";"9";"1";""
"202100012412";"179Â 519";"B01";"1";"7";"0";"2";"1";"1";"1";""
"202100012412";"179Â 520";"C01";"3";"7";"0";"2";"3";"23";"1";""
"202100012413";"179Â 516";"A01";"2";"7";"0";"2";"1";"13";"1";""
"202100012413";"179Â 517";"B01";"1";"32";"0";"2";"1";"1";"1";""
"202100012414";"179Â 515";"A01";" -1";"7";"0";"5";"1";"1";"1";""
"202100012415";"179Â 514";"A01";"3";"7";"0";"1";"6";"20";"3";""
"202100012416";"179Â 512";"A01";"1";"7";"0";"2";"0";"1";"1";""
"202100012416";"179Â 513";"B01";"2";"7";"0";"2";"0";"1";"1";""
"202100012417";"179Â 511";"A01";"3";"7";"0";"1";"3";"1";"1";""
"202100012418";"179Â 510";"A01";"1";"40";"0";"1";"3";"1";"3";""
"202100012419";"179Â 508";"A01";"1";"7";"1";"2";"1";"17";"1";""
"202100012419";"179Â 509";"B01";"1";"7";"0";"2";"6";"1";"1";""
"202100012420";"179Â 506";"B01";"1";"10";"0";"2";"1";"17";"1";""
"202100012420";"179Â 507";"A01";"1";"7";"0";"2";"8";"15";"1";""
"202100012421";"179Â 505";"A01";"2";"7";"13";"0";"1";"9";"1";""
"202100012422";"179Â 503";"B01";"2";"31";"0";"2";"1";"1";"1";""
"202100012422";"179Â 504";"A01";"1";"7";"0";"2";"7";"15";"1";""
"202100012423";"179Â 501";"A01";"0";"50";"0";"2";"1";"9";"3";""
"202100012423";"179Â 502";"B01";"1";"7";"0";"2";"2";"1";"1";""
"202100012424";"179Â 499";"A01";"1";"7";"0";"2";"1";"2";"1";""
"202100012424";"179Â 500";"B01";"1";"7";"0";"2";"4";"14";"1";""
"202100012425";"179Â 498";"A01";"2";"7";"13";"0";"1";"14";"1";""
"202100012426";"179Â 496";"A01";"2";"7";"0";"2";"1";"1";"1";""
"202100012426";"179Â 497";"B01";"2";"7";"0";"2";"4";"23";"1";""
"202100012427";"179Â 494";"A01";"1";"7";"0";"2";"8";"13";"0";""
"202100012427";"179Â 495";"B01";"1";"80";"0";"2";"7";"17";"3";""
"202100012428";"179Â 492";"B01";"2";"80";"0";"2";"1";"19";"3";""
"202100012428";"179Â 493";"A01";"1";"38";"0";"2";"1";"26";"1";"1"
"202100012429";"179Â 490";"A01";"3";"1";"0";"2";"4";"5";"5";""
"202100012429";"179Â 491";"B01";"3";"7";"0";"2";"2";"1";"1";""
"202100012430";"179Â 488";"B01";"1";"7";"0";"2";"2";"1";"1";""
"202100012430";"179Â 489";"A01";"1";"7";"0";"2";"1";"9";"1";""
"202100012431";"179Â 486";"B01";"1";"7";"0";"2";"8";"1";"1";""
"202100012431";"179Â 487";"A01";"2";"7";"0";"2";"3";"13";"1";""
"202100012432";"179Â 485";"A01";"3";"2";"1";"0";"1";"13";"1";""
"202100012433";"179Â 483";"B01";"3";"7";"0";"2";"8";"1";"1";""
"202100012433";"179Â 484";"A01";"3";"7";"0";"2";"1";"15";"1";""
"202100012434";"179Â 482";"A01";"3";"7";"0";"1";"1";"1";"1";""
"202100012435";"179Â 481";"A01";"3";"7";"0";"1";"1";"1";"1";""
"202100012436";"179Â 480";"A01";"1";"7";"0";"1";"7";"2";"0";""
"202100012437";"179Â 479";"A01";"1";"7";"3";"0";"1";"13";"1";""
"202100012438";"179Â 477";"A01";"2";"30";"0";"0";"0";"1";"1";""
"202100012438";"179Â 478";"B01";"2";"60";"0";"0";"1";"26";"5";""
"202100012439";"179Â 476";"A01";"1";"7";"0";"1";"2";"1";"1";""
"202100012440";"179Â 474";"A01";"2";"7";"0";"2";"3";"15";"1";""
"202100012440";"179Â 475";"B01";"2";"7";"0";"2";"1";"1";"1";""
"202100012441";"179Â 473";"A01";"2";"7";"0";"1";"2";"2";"1";""
"202100012442";"179Â 469";"B01";"0";"7";"0";"2";"6";"2";"1";""
"202100012442";"179Â 470";"A01";"0";"32";"0";"2";"1";"9";"1";""
"202100012443";"179Â 467";"A01";"1";"7";"0";"2";"3";"9";"1";""
"202100012443";"179Â 468";"B01";"1";"80";"0";"2";"1";"1";"3";""
"202100012444";"179Â 465";"A01";"2";"7";"0";"2";"3";"9";"0";""
"202100012444";"179Â 466";"B01";"1";"30";"0";"2";"1";"1";"1";""
"202100012445";"179Â 463";"A01";"3";"7";"0";"2";"1";"1";"1";""
"202100012445";"179Â 464";"B01";"3";"7";"0";"2";"7";"1";"1";""
"202100012446";"179Â 462";"A01";"3";"10";"0";"1";"7";"1";"1";""
"202100012447";"179Â 461";"A01";"2";"7";"2";"0";"1";"1";"1";""
"202100012448";"179Â 460";"A01";"3";"14";"0";"1";"3";"15";"1";""
"202100012449";"179Â 459";"A01";"0";"7";"0";"1";"1";"1";"1";""
"202100012450";"179Â 457";"A01";"1";"7";"0";"2";"1";"1";"1";""
"202100012450";"179Â 458";"B01";"3";"60";"0";"2";"7";"19";"5";""
"202100012451";"179Â 455";"B01";"1";"1";"0";"2";"1";"1";"0";""
"202100012451";"179Â 456";"A01";"1";"7";"0";"9";"3";"22";"1";""
"202100012452";"179Â 453";"A01";"1";"1";"0";"2";"4";"1";"5";""
"202100012452";"179Â 454";"Z01";"1";"7";"0";"2";"2";"2";"0";""
"202100012453";"179Â 451";"A01";"1";"7";"3";"2";"7";"13";"1";""
"202100012453";"179Â 452";"B01";"1";"7";"0";"2";"1";"1";"1";""
"202100012454";"179Â 449";"A01";"1";"7";"0";"2";"2";"9";"1";""
"202100012454";"179Â 450";"B01";"1";"1";"0";"2";"7";"19";"5";""
"202100012455";"179Â 448";"A01";"1";"7";"0";"1";"1";"1";"1";""
"202100012456";"179Â 446";"B01";"1";"1";"0";"2";"0";"1";"5";""
"202100012456";"179Â 447";"A01";"1";"10";"0";"2";"8";"9";"1";""
"202100012457";"179Â 439";"A01";"3";"7";"0";"2";"1";"2";"1";""
"202100012457";"179Â 440";"B01";"3";"10";"0";"2";"4";"2";"1";""
"202100012458";"179Â 437";"A01";"1";"33";"8";"0";"9";"0";"1";""
"202100012459";"179Â 436";"A01";"3";"7";"0";"1";"6";"20";"1";""
"202100012460";"179Â 435";"A01";"1";"7";"0";"1";"1";"16";"1";""
"202100012461";"179Â 432";"A01";"1";"33";"0";"2";"0";"0";"1";""
"202100012461";"179Â 433";"B01";"1";"7";"0";"2";"4";"2";"1";""
"202100012461";"179Â 434";"C01";"1";"7";"0";"2";"6";"2";"1";""
"202100012462";"179Â 431";"A01";"3";"33";"0";"0";"8";"1";"1";""
"202100012463";"179Â 429";"B01";"2";"32";"0";"2";"8";"19";"1";""
"202100012463";"179Â 430";"A01";"3";"7";"0";"2";"1";"1";"1";""
"202100012464";"179Â 427";"B01";"1";"33";"0";"2";"3";"2";"1";""
"202100012464";"179Â 428";"A01";"2";"7";"0";"2";"3";"15";"1";""
"202100012465";"179Â 426";"A01";"1";"7";"0";"1";"2";"1";"1";""
"202100012466";"179Â 424";"A01";"1";"2";"0";"2";"1";"17";"1";""
"202100012466";"179Â 425";"B01";"1";"7";"0";"2";"8";"15";"1";""
"202100012467";"179Â 423";"A01";"3";"1";"0";"1";"0";"16";"0";""
"202100012468";"179Â 421";"A01";"2";"7";"0";"2";"1";"1";"1";""
"202100012468";"179Â 422";"B01";"0";"7";"0";"0";"8";"9";"1";""
"202100012469";"179Â 418";"B01";"1";"7";"1";"2";"2";"1";"1";""
"202100012469";"179Â 419";"A01";"1";"7";"1";"2";"3";"1";"1";""
"202100012469";"179Â 420";"C01";"1";"7";"0";"2";"4";"1";"1";""
"202100012470";"179Â 417";"A01";"1";"7";"0";"1";"1";"1";"1";""
"202100012471";"179Â 416";"A01";"1";"32";"0";"1";"1";"17";"1";""
"202100012472";"179Â 414";"A01";"1";"7";"0";"9";"1";"1";"1";""
"202100012472";"179Â 415";"B01";"1";"1";"0";"2";"7";"15";"5";""
"202100012473";"179Â 413";"A01";"3";"43";"2";"0";"0";"13";"1";""
"202100012474";"179Â 411";"A01";"1";"34";"6";"2";"2";"1";"1";""
"202100012474";"179Â 412";"B01";"1";"7";"0";"2";"0";"1";"1";""
"202100012475";"179Â 408";"B01";"1";"33";"0";"2";"1";"1";"1";""
"202100012475";"179Â 409";"C01";"1";"7";"0";"2";"1";"1";"1";""
"202100012475";"179Â 410";"A01";"2";"7";"0";"2";"1";"13";"1";""
"202100012476";"179Â 407";"A01";"2";"15";"0";"1";"2";"16";"6";""
"202100012477";"179Â 405";"A01";"2";"1";"0";"2";"8";"1";"5";""
"202100012477";"179Â 406";"B01";"2";"7";"0";"2";"2";"16";"1";""
"202100012478";"179Â 403";"B01";"2";"10";"0";"2";"1";"23";"1";""
"202100012478";"179Â 404";"A01";"2";"3";"0";"2";"1";"2";"3";""
"202100012479";"179Â 401";"A01";"1";"7";"0";"0";"4";"23";"1";""
"202100012479";"179Â 402";"B01";"1";"1";"0";"2";"1";"2";"5";""
"202100012480";"179Â 398";"B01";"1";"10";"0";"2";"7";"1";"1";""
"202100012480";"179Â 399";"C01";"1";"80";"0";"2";"8";"1";"3";""
"202100012480";"179Â 400";"A01";"1";"7";"0";"2";"0";"22";"1";""
"202100012481";"179Â 397";"A01";"1";"7";"0";"1";"2";"4";"1";""
"202100012482";"179Â 395";"A01";"2";"7";"0";"2";"6";"15";"1";""
"202100012482";"179Â 396";"B01";"1";"34";"0";"2";"2";"17";"1";""
"202100012483";"179Â 393";"Z01";"1";"7";"0";"2";"0";"10";"0";""
"202100012483";"179Â 394";"B01";"1";"2";"0";"2";"8";"1";"3";""
"202100012484";"179Â 391";"A01";"1";"7";"0";"2";"7";"22";"2";""
"202100012484";"179Â 392";"B01";"1";"30";"0";"2";"1";"18";"1";""
"202100012485";"179Â 389";"B01";"3";"7";"0";"2";"4";"23";"1";""
"202100012485";"179Â 390";"A01";"3";"7";"0";"2";"1";"1";"1";""
"202100012486";"179Â 387";"B01";"1";"80";"0";"2";"4";"1";"3";""
"202100012486";"179Â 388";"A01";"1";"14";"0";"2";"3";"16";"6";""
"202100012487";"179Â 386";"A01";"3";"10";"0";"1";"7";"1";"1";""
"202100012488";"179Â 384";"B01";"2";"32";"0";"2";"0";"1";"1";""
"202100012488";"179Â 385";"A01";"2";"10";"0";"2";"1";"1";"1";""
"202100012489";"179Â 382";"A01";"3";"30";"0";"2";"1";"2";"1";""
"202100012489";"179Â 383";"B01";"3";"7";"0";"2";"4";"23";"1";""
"202100012490";"179Â 380";"B01";"1";"43";"0";"2";"1";"1";"1";""
"202100012490";"179Â 381";"A01";"2";"7";"0";"2";"1";"15";"1";""
"202100012491";"179Â 379";"A01";"1";"37";"0";"1";"2";"2";"1";"1"
"202100012492";"179Â 377";"B01";"1";"30";"0";"2";"2";"1";"1";""
"202100012492";"179Â 378";"A01";"0";"7";"0";"0";"0";"0";"0";""
"202100012493";"179Â 376";"A01";"1";"30";"0";"2";"3";"18";"0";""
"202100012494";"179Â 374";"B01";"2";"7";"0";"2";"7";"0";"1";""
"202100012494";"179Â 375";"A01";"1";"7";"0";"2";"1";"0";"1";""
"202100012495";"179Â 372";"B01";"1";"7";"0";"2";"1";"1";"1";""
"202100012495";"179Â 373";"A01";"2";"7";"0";"2";"5";"15";"1";""
"202100012496";"179Â 370";"B01";"2";"7";"0";"2";"4";"23";"3";""
"202100012496";"179Â 371";"A01";"1";"30";"0";"2";"1";"2";"1";""
"202100012497";"179Â 368";"A01";"0";"30";"0";"2";"1";"26";"1";""
"202100012497";"179Â 369";"B01";"0";"10";"0";"2";"1";"26";"1";""
"202100012498";"179Â 367";"A01";"0";"7";"0";"1";"2";"2";"3";""
"202100012499";"179Â 366";"A01";" -1";"7";"4";"0";"1";"9";"1";""
"202100012500";"179Â 364";"B01";"2";"7";"0";"2";"0";"15";"1";""
"202100012500";"179Â 365";"A01";" -1";"32";"0";"2";"1";"1";"0";""
"202100012501";"179Â 362";"A01";" -1";"13";"0";"2";"1";"16";"0";""
"202100012501";"179Â 363";"B01";" -1";"33";"0";"2";"8";"0";"1";""
"202100012502";"179Â 361";"A01";"1";"7";"0";"1";"4";"20";"1";""
"202100012503";"179Â 359";"A01";"1";"7";"0";"2";"0";"11";"1";""
"202100012503";"179Â 360";"B01";"1";"10";"0";"2";"0";"1";"1";""
"202100012504";"179Â 357";"A01";"2";"7";"0";"2";"2";"2";"1";""
"202100012504";"179Â 358";"B01";"2";"34";"0";"2";"6";"2";"1";""
"202100012505";"179Â 356";"A01";"3";"34";"0";"1";"1";"1";"1";""
"202100012506";"179Â 355";"A01";"1";"34";"0";"1";"1";"1";"1";""
"202100012507";"179Â 353";"A01";"1";"7";"0";"2";"8";"1";"1";""
"202100012507";"179Â 354";"B01";"1";"33";"0";"2";"0";"1";"1";""
"202100012508";"179Â 351";"A01";"2";"32";"0";"2";"6";"1";"1";""
"202100012508";"179Â 352";"B01";"2";"14";"0";"2";"2";"2";"1";""
"202100012509";"179Â 349";"B01";"2";"7";"0";"2";"3";"13";"1";""
"202100012509";"179Â 350";"A01";"1";"21";"0";"2";"3";"1";"1";""
"202100012510";"179Â 347";"B01";"2";"1";"0";"2";"1";"1";"5";""
"202100012510";"179Â 348";"A01";"1";"1";"0";"0";"4";"1";"5";""
"202100012511";"179Â 346";"A01";"1";"7";"0";"1";"3";"1";"1";""
"202100012512";"179Â 345";"B01";"3";"80";"4";"0";"8";"1";"3";""
"202100012513";"179Â 343";"B01";"0";"2";"0";"2";"2";"1";"1";""
"202100012513";"179Â 344";"A01";"0";"7";"0";"2";"3";"9";"1";""
"202100012514";"179Â 342";"A01";"2";"7";"8";"0";"7";"13";"1";""
"202100012515";"179Â 340";"A01";"1";"7";"0";"2";"1";"2";"1";""
"202100012515";"179Â 341";"B01";"1";"7";"0";"2";"4";"2";"1";""
"202100012516";"179Â 338";"B01";"2";"7";"4";"0";"4";"2";"1";""
"202100012516";"179Â 339";"A01";"2";"7";"0";"0";"3";"2";"0";""
"202100012517";"179Â 337";"A01";"2";"7";"4";"0";"3";"13";"1";""
"202100012518";"179Â 336";"A01";"2";"7";"0";"0";"0";"1";"1";""
"202100012519";"179Â 334";"A01";"1";"7";"0";"2";"8";"1";"1";""
"202100012519";"179Â 335";"B01";"1";"7";"0";"2";"1";"19";"1";""
"202100012520";"179Â 333";"A01";"1";"34";"12";"0";"1";"1";"1";""
"202100012521";"179Â 332";"A01";"1";"7";"13";"0";"2";"2";"1";""
"202100012522";"179Â 331";"A01";"1";"7";"0";"1";"1";"15";"1";""
"202100012523";"179Â 327";"B01";"2";"7";"0";"2";"3";"0";"1";""
"202100012523";"179Â 328";"A01";"1";"7";"0";"2";"3";"0";"1";""
"202100012524";"179Â 325";"B01";"2";"21";"0";"2";"2";"1";"1";""
"202100012524";"179Â 326";"A01";"1";"10";"0";"2";"2";"13";"1";""
"202100012525";"179Â 323";"A01";"0";"7";"0";"2";"1";"1";"1";""
"202100012525";"179Â 324";"B01";"0";"15";"0";"2";"1";"1";"1";""
"202100012526";"179Â 322";"A01";"2";"7";"0";"0";"0";"1";"1";""
"202100012527";"179Â 320";"A01";"2";"7";"0";"2";"1";"13";"1";""
"202100012527";"179Â 321";"B01";"1";"7";"0";"2";"1";"1";"1";""
"202100012528";"179Â 318";"A01";"2";"33";"0";"2";"1";"17";"1";""
"202100012528";"179Â 319";"B01";"2";"10";"0";"2";"8";"15";"1";""
"202100012529";"179Â 317";"A01";"2";"7";"0";"1";"2";"16";"1";""
"202100012530";"179Â 315";"B01";"3";"7";"0";"2";"1";"1";"1";""
"202100012530";"179Â 316";"A01";"3";"36";"0";"2";"5";"15";"1";""
"202100012531";"179Â 313";"B01";"1";"7";"0";"2";"8";"1";"1";""
"202100012531";"179Â 314";"A01";"2";"7";"0";"2";"1";"1";"1";""
"202100012532";"179Â 311";"A01";"2";"31";"0";"2";"1";"2";"1";""
"202100012532";"179Â 312";"B01";"2";"10";"0";"2";"4";"2";"1";""
"202100012533";"179Â 309";"B01";"2";"14";"0";"2";"1";"1";"1";""
"202100012533";"179Â 310";"A01";"1";"7";"0";"2";"7";"19";"1";""
"202100012534";"179Â 308";"A01";"1";"7";"13";"0";"2";"14";"1";""
"202100012535";"179Â 307";"A01";"1";"7";"0";"1";"6";"1";"1";""
"202100012536";"179Â 305";"A01";"2";"7";"5";"0";"8";"1";"1";""
"202100012537";"179Â 303";"A01";"0";"7";"0";"0";"3";"24";"1";""
"202100012537";"179Â 304";"B01";"1";"33";"0";"2";"1";"1";"1";""
"202100012538";"179Â 301";"B01";"3";"7";"0";"2";"3";"0";"1";""
"202100012538";"179Â 302";"A01";"3";"7";"0";"2";"3";"1";"1";""
"202100012539";"179Â 299";"B01";"2";"1";"0";"2";"7";"1";"5";""
"202100012539";"179Â 300";"A01";"2";"7";"0";"9";"1";"1";"1";""
"202100012540";"179Â 298";"A01";"3";"33";"0";"6";"0";"1";"1";""
"202100012541";"179Â 297";"A01";"3";"7";"0";"1";"3";"20";"1";""
"202100012542";"179Â 295";"A01";"2";"33";"0";"2";"7";"17";"1";""
"202100012542";"179Â 296";"B01";"2";"21";"0";"2";"3";"15";"1";""
"202100012543";"179Â 294";"A01";"1";"7";"11";"0";"1";"16";"1";""
"202100012544";"179Â 292";"B01";"0";"33";"14";"9";"0";"1";"1";""
"202100012544";"179Â 293";"A01";"0";"7";"13";"0";"2";"1";"1";""
"202100012545";"179Â 290";"B01";"1";"10";"0";"0";"4";"15";"1";""
"202100012545";"179Â 291";"A01";"1";"7";"0";"2";"1";"2";"1";""
"202100012546";"179Â 288";"B01";"1";"34";"0";"2";"7";"21";"1";""
"202100012546";"179Â 289";"A01";"1";"7";"0";"2";"3";"9";"2";""
"202100012547";"179Â 287";"A01";"1";"7";"0";"1";"2";"2";"1";""
"202100012548";"179Â 285";"A01";"1";"7";"3";"2";"5";"1";"1";""
"202100012548";"179Â 286";"B01";"2";"14";"0";"2";"3";"1";"1";""
"202100012549";"179Â 284";"A01";"1";"15";"0";"0";"7";"26";"1";""
"202100012550";"179Â 282";"B01";"3";"33";"0";"2";"1";"13";"1";""
"202100012550";"179Â 283";"A01";"3";"7";"0";"2";"3";"1";"1";""
"202100012551";"179Â 280";"B01";"1";"33";"0";"2";"1";"1";"1";""
"202100012551";"179Â 281";"A01";"0";"7";"0";"2";"1";"9";"1";""
"202100012552";"179Â 279";"A01";"2";"33";"0";"6";"1";"1";"1";""
"202100012553";"179Â 278";"A01";"1";"2";"13";"0";"7";"1";"1";""
"202100012554";"179Â 277";"A01";"1";"7";"13";"0";"2";"1";"1";""
"202100012555";"179Â 275";"A01";"2";"33";"0";"2";"1";"17";"1";""
"202100012555";"179Â 276";"B01";"2";"14";"0";"0";"3";"15";"1";""
"202100012556";"179Â 274";"A01";"2";"7";"4";"0";"3";"2";"1";""
"202100012557";"179Â 271";"B01";"2";"10";"0";"9";"2";"17";"1";""
"202100012557";"179Â 272";"A01";"2";"15";"0";"2";"6";"1";"1";""
"202100012557";"179Â 273";"C01";"1";"7";"0";"9";"1";"17";"1";""
"202100012558";"179Â 269";"B01";"1";"7";"0";"2";"1";"0";"1";""
"202100012558";"179Â 270";"A01";"1";"15";"0";"2";"5";"0";"1";""
"202100012559";"179Â 268";"A01";"0";"7";"15";"0";"0";"1";"0";""
"202100012560";"179Â 267";"A01";"1";"7";"17";"0";"1";"0";"1";""
"202100012561";"179Â 265";"A01";"1";"7";"0";"2";"3";"13";"1";""
"202100012561";"179Â 266";"B01";"2";"7";"0";"2";"3";"1";"1";""
"202100012562";"179Â 261";"D01";"1";"10";"0";"2";"1";"2";"1";""
"202100012562";"179Â 262";"C01";"1";"7";"0";"2";"4";"2";"1";""
"202100012562";"179Â 263";"B01";"1";"10";"0";"2";"4";"2";"1";""
"202100012562";"179Â 264";"A01";"1";"7";"0";"2";"4";"2";"1";""
"202100012563";"179Â 258";"C01";"1";"7";"0";"0";"0";"14";"0";""
"202100012563";"179Â 259";"B01";"1";"7";"3";"2";"3";"14";"3";""
"202100012563";"179Â 260";"A01";"1";"7";"4";"2";"3";"14";"1";""
"202100012564";"179Â 256";"A01";"2";"2";"0";"2";"7";"1";"1";""
"202100012564";"179Â 257";"B01";"2";"7";"0";"2";"3";"0";"1";""
"202100012565";"179Â 254";"A01";"2";"7";"0";"2";"8";"15";"1";""
"202100012565";"179Â 255";"B01";"2";"33";"0";"2";"9";"1";"1";""
"202100012566";"179Â 252";"B01";"2";"7";"0";"2";"1";"12";"1";""
"202100012566";"179Â 253";"A01";"2";"7";"0";"2";"3";"1";"0";""
"202100012567";"179Â 250";"B01";"1";"7";"0";"2";"1";"1";"1";""
"202100012567";"179Â 251";"A01";"2";"7";"0";"2";"1";"13";"1";""
"202100012568";"179Â 248";"B01";"2";"31";"0";"2";"1";"17";"1";""
"202100012568";"179Â 249";"A01";"1";"7";"0";"2";"6";"15";"1";""
"202100012569";"179Â 245";"B01";"1";"7";"0";"0";"6";"15";"1";""
"202100012569";"179Â 246";"A01";"1";"33";"0";"2";"1";"2";"1";""
"202100012570";"179Â 244";"A01";"1";"30";"0";"0";"9";"9";"1";""
"202100012571";"179Â 243";"A01";"1";"2";"0";"0";"9";"1";"1";""
"202100012572";"179Â 242";"A01";"2";"7";"0";"1";"2";"1";"1";""
"202100012573";"179Â 241";"A01";"2";"7";"0";"0";"9";"1";"1";""
"202100012574";"179Â 240";"A01";"2";"33";"3";"0";"8";"1";"1";""
"202100012575";"179Â 238";"B01";"2";"1";"0";"2";"3";"1";"5";""
"202100012575";"179Â 239";"A01";"2";"7";"0";"2";"7";"1";"1";""
"202100012576";"179Â 236";"B01";"2";"7";"0";"2";"2";"15";"1";""