"Num_Acc";"id_vehicule";"num_veh";"senc";"catv";"obs";"obsm";"choc";"manv";"motor";"occutc"
"202100012576";"179Â 237";"A01";"1";"7";"0";"2";"1";"1";"1";""
"202100012577";"179Â 234";"B01";"0";"30";"0";"0";"8";"23";"1";""
"202100012577";"179Â 235";"A01";"1";"33";"0";"2";"1";"1";"1";""
"202100012578";"179Â 233";"A01";"3";"31";"6";"0";"1";"19";"0";""
"202100012579";"179Â 232";"A01";"1";"7";"6";"0";"4";"17";"1";""
"202100012580";"179Â 230";"A01";"1";"7";"0";"2";"1";"2";"1";""
"202100012580";"179Â 231";"B01";"1";"7";"0";"0";"4";"15";"1";""
"202100012581";"179Â 228";"A01";"2";"7";"15";"2";"3";"1";"1";""
"202100012581";"179Â 229";"B01";"1";"7";"0";"2";"2";"19";"1";""
"202100012582";"179Â 227";"A01";"3";"1";"0";"0";"0";"0";"5";""
"202100012583";"179Â 226";"A01";"2";"7";"13";"0";"2";"1";"1";""
"202100012584";"179Â 224";"A01";"1";"2";"0";"2";"0";"21";"1";""
"202100012584";"179Â 225";"B01";"2";"7";"0";"2";"3";"23";"1";""
"202100012585";"179Â 223";"A01";"3";"3";"6";"0";"1";"1";"1";""
"202100012586";"179Â 221";"B01";"1";"7";"0";"2";"2";"1";"1";""
"202100012586";"179Â 222";"A01";"1";"10";"0";"2";"3";"19";"1";""
"202100012587";"179Â 219";"B01";"2";"7";"0";"0";"4";"2";"1";""
"202100012587";"179Â 220";"A01";"2";"7";"0";"2";"1";"2";"1";""
"202100012588";"179Â 217";"A01";"3";"7";"0";"9";"3";"15";"1";""
"202100012588";"179Â 218";"B01";"3";"1";"0";"2";"1";"19";"5";""
"202100012589";"179Â 215";"A01";"2";"7";"0";"2";"1";"1";"1";""
"202100012589";"179Â 216";"B01";"1";"7";"0";"2";"5";"11";"1";""
"202100012590";"179Â 213";"A01";"1";"7";"0";"2";"1";"12";"1";""
"202100012590";"179Â 214";"B01";"1";"15";"0";"0";"4";"1";"1";""
"202100012591";"179Â 211";"B01";"1";"37";"0";"2";"2";"1";"1";"1"
"202100012591";"179Â 212";"A01";"1";"7";"1";"0";"6";"26";"1";""
"202100012592";"179Â 209";"B01";"1";"10";"0";"2";"1";"1";"1";""
"202100012592";"179Â 210";"A01";"1";"10";"0";"2";"4";"1";"1";""
"202100012593";"179Â 207";"B01";"1";"10";"0";"2";"7";"12";"1";""
"202100012593";"179Â 208";"A01";"1";"33";"0";"2";"3";"3";"1";""
"202100012594";"179Â 205";"B01";"1";"7";"0";"0";"3";"1";"1";""
"202100012594";"179Â 206";"A01";"1";"7";"0";"2";"5";"23";"1";""
"202100012595";"179Â 202";"A01";"1";"7";"0";"2";"1";"14";"1";""
"202100012595";"179Â 203";"B01";"1";"7";"0";"2";"4";"2";"2";""
"202100012595";"179Â 204";"C01";"1";"7";"0";"2";"7";"1";"1";""
"202100012596";"179Â 200";"B01";"2";"33";"0";"2";"7";"3";"1";""
"202100012596";"179Â 201";"A01";"2";"7";"0";"2";"3";"11";"1";""
"202100012597";"179Â 198";"B01";"2";"7";"0";"2";"6";"2";"1";""
"202100012597";"179Â 199";"A01";"2";"14";"0";"2";"2";"12";"1";""
"202100012598";"179Â 196";"B01";"2";"7";"4";"0";"9";"0";"1";""
"202100012598";"179Â 197";"A01";"2";"7";"0";"0";" -1";"18";"1";""
"202100012599";"179Â 193";"A01";"1";"33";"0";"2";"3";"3";"1";""
"202100012599";"179Â 194";"B01";"1";"7";"0";"2";"2";"2";"1";""
"202100012599";"179Â 195";"C01";"1";"10";"0";"2";"4";"2";"1";""
"202100012600";"179Â 192";"A01";"1";"33";"14";"0";"1";"1";"1";""
"202100012601";"179Â 191";"A01";"1";"7";"13";"0";"9";"21";"1";""
"202100012602";"179Â 188";"A01";"1";"7";"0";"2";"1";"2";"1";""
"202100012602";"179Â 189";"B01";"1";"7";"0";"2";"4";"2";"1";""
"202100012602";"179Â 190";"C01";"1";"7";"0";"2";"4";"2";"1";""
"202100012603";"179Â 187";"A01";"1";"7";"4";"0";"1";"2";"0";""
"202100012604";"179Â 184";"C01";"1";"7";"1";"2";"4";"0";"1";""
"202100012604";"179Â 185";"B01";"1";"7";"1";"0";"4";"23";"1";""
"202100012604";"179Â 186";"A01";"1";"7";"1";"0";"1";"2";"1";""
"202100012605";"179Â 181";"C01";"1";"7";"0";"2";"4";"2";"1";""
"202100012605";"179Â 182";"B01";"1";"33";"0";"2";"7";"3";"1";""
"202100012605";"179Â 183";"A01";"1";"7";"0";"2";"8";"11";"2";""
"202100012606";"179Â 179";"A01";"1";"7";"0";"2";"1";"2";"1";""
"202100012606";"179Â 180";"B01";"1";"7";"0";"2";"4";"2";"1";""
"202100012607";"179Â 177";"A01";"2";"33";"0";"2";"2";"1";"1";""
"202100012607";"179Â 178";"B01";"1";"7";"0";"2";"1";"1";"1";""
"202100012608";"179Â 175";"B01";"3";"1";"0";"2";"0";"1";"6";""
"202100012608";"179Â 176";"A01";"3";"7";"0";"9";"8";"15";"1";""
"202100012609";"179Â 173";"A01";"3";"7";"0";"2";"3";"1";"1";""
"202100012609";"179Â 174";"B01";"1";"7";"0";"2";"2";"0";"1";""
"202100012610";"179Â 171";"B01";"1";"33";"0";"2";"1";"1";"1";""
"202100012610";"179Â 172";"A01";"1";"7";"0";"2";"2";"1";"1";""
"202100012611";"179Â 170";"A01";"2";"33";"8";"0";"0";"17";"1";""
"202100012612";"179Â 167";"B01";"1";"7";"0";"2";"6";"1";"2";""
"202100012612";"179Â 168";"C01";"1";"7";"0";"2";"1";"1";"1";""
"202100012612";"179Â 169";"A01";"2";"7";"0";"2";"1";"17";"1";""
"202100012613";"179Â 166";"A01";"3";"33";"14";"0";"2";"1";"1";""
"202100012614";"179Â 164";"B01";"0";"1";"0";"2";"1";"1";"5";""
"202100012614";"179Â 165";"A01";"0";"7";"0";"2";"2";"13";"1";""
"202100012615";"179Â 163";"A01";"2";"2";"0";"2";"1";"2";"1";""
"202100012616";"179Â 162";"A01";"1";"2";"12";"0";"0";"26";"1";""
"202100012617";"179Â 160";"B01";"1";"1";"0";"2";"1";"2";"0";""
"202100012617";"179Â 161";"A01";"2";"7";"0";"2";"3";"1";"1";""
"202100012618";"179Â 158";"A01";"1";"30";"1";"0";"1";"1";"1";""
"202100012618";"179Â 159";"B01";"1";"7";"0";"2";"4";"23";"1";""
"202100012619";"179Â 155";"B01";"2";"7";"0";"2";"3";"1";"1";""
"202100012619";"179Â 156";"C01";"1";"7";"0";"2";"1";"1";"1";""
"202100012619";"179Â 157";"A01";"2";"7";"0";"2";"1";"15";"1";""
"202100012620";"179Â 153";"A01";"0";"7";"0";"2";"3";"15";"1";""
"202100012620";"179Â 154";"B01";"0";"32";"0";"2";"8";"5";"1";""
"202100012621";"179Â 151";"B01";"2";"34";"0";"2";"1";"2";"0";""
"202100012621";"179Â 152";"A01";"1";"34";"0";"2";"4";"2";"1";""
"202100012622";"179Â 149";"B01";"1";"50";"9";"2";"4";"1";"3";""
"202100012622";"179Â 150";"Z01";"1";"7";"9";"2";"1";"2";"0";""
"202100012623";"179Â 147";"A01";"1";"7";"0";"2";"2";"15";"1";""
"202100012623";"179Â 148";"B01";"2";"50";"0";"2";"1";"1";"3";""
"202100012624";"179Â 146";"A01";"1";"10";"0";"1";"3";"15";"1";""
"202100012625";"179Â 144";"B01";"1";"7";"0";"2";"3";"1";"1";""
"202100012625";"179Â 145";"A01";"1";"30";"0";"2";"1";"1";"1";""
"202100012626";"179Â 143";"A01";"2";"30";"0";"1";"1";"17";"0";""
"202100012627";"179Â 141";"B01";"2";"7";"0";"0";"3";"1";"1";""
"202100012627";"179Â 142";"A01";"1";"7";"0";"2";"3";"13";"1";""
"202100012628";"179Â 140";"A01";"3";"7";"0";"1";"2";"1";"1";""
"202100012629";"179Â 139";"A01";"2";"7";"0";"1";"2";"1";"1";""
"202100012630";"179Â 137";"B01";"1";"7";"0";"2";"1";"2";"1";""
"202100012630";"179Â 138";"A01";"1";"7";"0";"2";"4";"2";"1";""
"202100012631";"179Â 135";"A01";"3";"30";"0";"2";"1";"26";"1";""
"202100012631";"179Â 136";"B01";"3";"7";"0";"2";"2";"23";"1";""
"202100012632";"179Â 133";"B01";"1";"50";"0";"2";"1";"9";"3";""
"202100012632";"179Â 134";"A01";"1";"7";"0";"2";"8";"1";"1";""
"202100012633";"179Â 131";"B01";"1";"10";"0";"2";"3";"21";"1";""
"202100012633";"179Â 132";"A01";"1";"7";"0";"2";"3";"13";"1";""
"202100012634";"179Â 129";"B01";"3";"7";"0";"2";"4";"1";"1";""
"202100012634";"179Â 130";"A01";"1";"2";"1";"0";"1";"1";"0";""
"202100012635";"179Â 127";"B01";"1";"7";"0";"2";"1";"0";"1";""
"202100012635";"179Â 128";"A01";"1";"10";"0";"2";"4";"4";"1";""
"202100012636";"179Â 125";"B01";"1";"1";"0";"2";"6";"1";"5";""
"202100012636";"179Â 126";"A01";"1";"7";"0";"2";"2";"17";"1";""
"202100012637";"179Â 123";"B01";"1";"7";"0";"2";"0";"0";"0";""
"202100012637";"179Â 124";"A01";"2";"7";"0";"2";"0";"15";"0";""
"202100012638";"179Â 121";"B01";"1";"7";"0";"2";"4";"1";"1";""
"202100012638";"179Â 122";"A01";"1";"7";"0";"2";"1";"1";"1";""
"202100012639";"179Â 119";"B01";"0";"7";"0";"0";"0";"0";"0";""
"202100012639";"179Â 120";"A01";"3";"7";"0";"2";"1";"9";"1";""
"202100012640";"179Â 118";"A01";"2";"30";"0";"2";"8";"1";"1";""
"202100012641";"179Â 116";"A01";"1";"7";"0";"2";"2";"15";"1";""
"202100012641";"179Â 117";"B01";"2";"30";"0";"2";"2";"0";"1";""
"202100012642";"179Â 115";"A01";"1";"32";"0";"1";"1";"1";"1";""
"202100012643";"179Â 114";"A01";"3";"7";"1";"0";"3";"20";"2";""
"202100012644";"179Â 112";"A01";"3";"7";"0";"2";"3";"9";"1";""
"202100012644";"179Â 113";"B01";"3";"7";"0";"2";"5";"1";"1";""
"202100012645";"179Â 110";"B01";"1";"7";"0";"2";"8";"15";"0";""
"202100012645";"179Â 111";"A01";"1";"10";"0";"2";"7";"1";"1";""
"202100012646";"179Â 108";"A01";"1";"7";"16";"0";"3";"9";"1";""
"202100012646";"179Â 109";"B01";"1";"2";"0";"2";"0";"26";"1";""
"202100012647";"179Â 106";"B01";"1";"33";"0";"2";"1";"2";"1";""
"202100012647";"179Â 107";"A01";"1";"7";"0";"2";"3";"20";"1";""
"202100012648";"179Â 104";"A01";"1";"2";"0";"2";"3";"18";"3";""
"202100012648";"179Â 105";"B01";"1";"7";"0";"2";"2";"16";"1";""
"202100012649";"179Â 103";"A01";"2";"7";"0";"1";"1";"9";"0";""
"202100012650";"179Â 102";"A01";"1";"30";"1";"2";"1";"9";"1";""
"202100012651";"179Â 100";"B01";"1";"7";"0";"2";"1";"1";"0";""
"202100012651";"179Â 101";"A01";"1";"7";"0";"2";"1";"5";"1";""
"202100012652";"179Â 098";"A01";"1";"30";"0";"2";"7";"1";"1";""
"202100012652";"179Â 099";"B01";"1";"10";"0";"2";"8";"1";"1";""
"202100012653";"179Â 096";"A01";"1";"50";"0";"2";"1";"1";"3";""
"202100012653";"179Â 097";"B01";"1";"7";"0";"2";"2";"1";"1";""
"202100012654";"179Â 095";"A01";"0";"2";"11";"0";"1";"1";"1";""
"202100012655";"179Â 094";"A01";"2";"80";"0";"1";"1";"1";"3";""
"202100012656";"179Â 093";"A01";"1";"0";"0";"1";" -1";"1";" -1";""
"202100012657";"179Â 091";"A01";"1";"33";"0";"0";"0";"26";"1";""
"202100012657";"179Â 092";"B01";"1";"33";"0";"2";"7";"2";"1";""
"202100012658";"179Â 090";"A01";"3";"7";"0";"1";"1";"1";"1";""
"202100012659";"179Â 088";"A01";"0";"7";"0";"2";"1";"17";"1";""
"202100012659";"179Â 089";"B01";"0";"7";"0";"2";"1";"1";"1";""
"202100012660";"179Â 087";"A01";"2";"7";"4";"0";"8";"13";"1";""
"202100012661";"179Â 086";"A01";"1";"7";"0";"1";"1";"1";"1";""
"202100012662";"179Â 084";"A01";"2";"7";"1";"0";"1";"26";"1";""
"202100012662";"179Â 085";"B01";"0";"7";"0";"0";"6";"0";"1";""
"202100012663";"179Â 082";"A01";"0";"1";"0";"2";"8";"26";"0";""
"202100012663";"179Â 083";"B01";"0";"7";"0";"2";"1";"9";"1";""
"202100012664";"179Â 080";"B01";"2";"7";"0";"2";"1";"2";"1";""
"202100012664";"179Â 081";"A01";"2";"7";"0";"2";"7";"17";"1";""
"202100012665";"179Â 078";"B01";"3";"7";"0";"2";"8";"1";"1";""
"202100012665";"179Â 079";"A01";"3";"7";"0";"2";"7";"1";"1";""
"202100012666";"179Â 076";"A01";"1";"7";"0";"2";"3";"1";"1";""
"202100012666";"179Â 077";"B01";"3";"7";"0";"2";"1";"23";"1";""
"202100012667";"179Â 074";"A01";"2";"30";"0";"2";"4";"2";"1";""
"202100012667";"179Â 075";"B01";" -1";"0";" -1";" -1";" -1";" -1";" -1";""
"202100012668";"179Â 072";"A01";"2";"33";"0";"2";"3";"15";"1";""
"202100012668";"179Â 073";"B01";"2";"10";"0";"2";"2";"1";"1";""
"202100012669";"179Â 070";"B01";"1";"7";"0";"2";"3";"1";"1";""
"202100012669";"179Â 071";"A01";"1";"7";"0";"2";"2";"1";"1";""
"202100012670";"179Â 068";"B01";"2";"10";"0";"2";"2";"12";"1";""
"202100012670";"179Â 069";"A01";"2";"30";"0";"2";"3";"3";"1";""
"202100012671";"179Â 066";"A01";"2";"7";"0";"2";"5";"4";"1";""
"202100012671";"179Â 067";"B01";"2";"32";"0";"2";"1";"23";"1";""
"202100012672";"179Â 064";"B01";"1";"43";"0";"2";"1";"1";"1";""
"202100012672";"179Â 065";"A01";"2";"7";"0";"2";"1";"15";"1";""
"202100012673";"179Â 062";"A01";"1";"7";"0";"2";"2";"12";"1";""
"202100012673";"179Â 063";"B01";"1";"32";"0";"2";"8";"2";"1";""
"202100012674";"179Â 060";"A01";"3";"7";"0";"2";"2";"1";"1";""
"202100012674";"179Â 061";"B01";"3";"30";"0";"2";"1";"1";"1";""
"202100012675";"179Â 059";"A01";"1";"7";"1";"0";"7";"15";"1";""
"202100012676";"179Â 058";"A01";"2";"37";"0";"1";"3";"1";"2";"2"
"202100012677";"179Â 056";"A01";"1";"7";"0";"2";"6";"10";"2";""
"202100012677";"179Â 057";"B01";"1";"43";"0";"2";"1";"17";"1";""
"202100012678";"179Â 054";"A01";"1";"30";"0";"2";"1";"1";"1";""
"202100012678";"179Â 055";"B01";"2";"1";"0";"2";"2";"5";"5";""
"202100012679";"179Â 053";"A01";"2";"32";"0";"0";"0";"1";"1";""
"202100012680";"179Â 052";"A01";"2";"30";"0";"0";"7";"7";"1";""
"202100012681";"179Â 049";"C01";"1";"7";"0";"2";"6";"1";"1";""
"202100012681";"179Â 050";"A01";"1";"7";"0";"2";"3";"22";"1";""
"202100012681";"179Â 051";"B01";"1";"32";"0";"2";"9";"1";"1";""
"202100012682";"179Â 047";"B01";"3";"7";"0";"2";"2";"1";"2";""
"202100012682";"179Â 048";"A01";"3";"34";"0";"2";"4";"1";"1";""
"202100012683";"179Â 045";"A01";"2";"50";"0";"2";"1";"1";"3";""
"202100012683";"179Â 046";"B01";"1";"7";"0";"2";"3";"1";"1";""
"202100012684";"179Â 043";"B01";"2";"1";"0";"2";"1";"1";"5";""
"202100012684";"179Â 044";"A01";"1";"1";"0";"2";"1";"17";"5";""
"202100012685";"179Â 041";"B01";"2";"50";"0";"2";"1";"1";"3";""
"202100012685";"179Â 042";"A01";"2";"7";"0";"2";"4";"9";"1";""
"202100012686";"179Â 039";"B01";"1";"7";"0";"2";"4";"1";"1";""
"202100012686";"179Â 040";"A01";"1";"7";"0";"2";"3";"21";"1";""
"202100012687";"179Â 037";"Z01";"1";"7";"0";"0";"0";"0";"0";""
"202100012687";"179Â 038";"A01";"1";"30";"0";"2";"0";"26";"1";""
"202100012688";"179Â 035";"B01";" -1";"33";"0";"2";"4";"23";"1";""
"202100012688";"179Â 036";"A01";"2";"33";"0";"2";"1";"1";"1";""
"202100012689";"179Â 034";"A01";"1";"7";"2";"0";"1";"26";"1";""
"202100012690";"179Â 033";"A01";"1";"7";"0";"1";"3";"15";"2";""
"202100012691";"179Â 031";"B01";"2";"7";"0";"2";"7";"1";"1";""
"202100012691";"179Â 032";"A01";"2";"33";"0";"2";"8";"15";"1";""
"202100012692";"179Â 029";"B01";"2";"3";"0";"2";"4";"0";"0";""
"202100012692";"179Â 030";"A01";"2";"37";"0";"2";"1";"0";"0";"1"
"202100012693";"179Â 027";"B01";"1";"32";"0";"2";"1";"1";"1";""
"202100012693";"179Â 028";"A01";"2";"7";"0";"2";"3";"10";"1";""
"202100012694";"179Â 026";"A01";"2";"7";"8";"1";"4";"4";"1";""
"202100012695";"179Â 024";"C01";"0";"7";"0";"0";"3";"15";"1";""
"202100012695";"179Â 025";"B01";"2";"7";"0";"0";"2";"1";"1";""
"202100012696";"179Â 023";"A01";"3";"7";"0";"1";"2";"1";"1";""
"202100012697";"179Â 021";"A01";"2";"7";"0";"2";"3";"15";"1";""
"202100012697";"179Â 022";"B01";"1";"36";"0";"2";"3";"1";"1";""
"202100012698";"179Â 019";"B01";"2";"7";"4";"0";"0";"21";"1";""
"202100012698";"179Â 020";"A01";"2";"7";"0";"0";"0";"18";"1";""
"202100012699";"179Â 018";"A01";"1";"1";"6";"0";"7";"1";"5";""
"202100012700";"179Â 016";"B01";"3";"7";"0";"2";"3";"15";"1";""
"202100012700";"179Â 017";"A01";"3";"33";"0";"2";"7";"1";"1";""
"202100012701";"179Â 015";"A01";"2";"33";"0";"0";"8";"0";"1";""
"202100012702";"179Â 013";"A01";"1";"7";"0";"2";"7";"15";"1";""
"202100012702";"179Â 014";"B01";"2";"2";"0";"2";"2";"1";"1";""
"202100012703";"179Â 011";"A01";"2";"10";"3";"2";"1";"2";"1";""
"202100012703";"179Â 012";"B01";"2";"7";"3";"2";"4";"2";"1";""
"202100012704";"179Â 009";"A01";"3";"7";"0";"2";"2";"1";"1";""
"202100012704";"179Â 010";"B01";"3";"50";"0";"0";"4";"16";"3";""
"202100012705";"179Â 007";"B01";"1";"7";"0";"2";"1";"1";"1";""
"202100012705";"179Â 008";"A01";"0";"10";"0";"2";"2";"19";"1";""
"202100012706";"179Â 005";"B01";"2";"34";"0";"2";"1";"1";"1";""
"202100012706";"179Â 006";"A01";"1";"7";"0";"2";"3";"15";"1";""
"202100012707";"179Â 002";"A01";"1";"33";"0";"2";"1";"1";"1";""
"202100012707";"179Â 003";"B01";"2";"10";"0";"2";"5";"15";"1";""
"202100012707";"179Â 004";"C01";"2";"7";"0";"2";"6";"1";"1";""
"202100012708";"179Â 001";"A01";"1";"7";"8";"0";"2";"15";"1";""
"202100012709";"178Â 999";"B01";"2";"7";"0";"2";"1";"1";"1";""
"202100012709";"179Â 000";"A01";"3";"7";"0";"2";"8";"19";"1";""
"202100012710";"178Â 997";"A01";"1";"7";"0";"2";"2";"1";"1";""
"202100012710";"178Â 998";"B01";"3";"2";"0";"2";"1";"1";"1";""
"202100012711";"178Â 995";"B01";"1";"7";"0";"2";"3";"21";"1";""
"202100012711";"178Â 996";"A01";"2";"7";"0";"2";"3";"21";"1";""
"202100012712";"178Â 993";"B01";"2";"7";"0";"2";"5";"17";"0";""
"202100012712";"178Â 994";"A01";"2";"2";"0";"2";"3";"1";"1";""
"202100012713";"178Â 991";"B01";"1";"7";"0";"2";"3";"1";"1";""
"202100012713";"178Â 992";"A01";"2";"7";"0";"2";"3";"15";"1";""
"202100012714";"178Â 990";"A01";"2";"33";"13";"0";"3";"0";"1";""
"202100012715";"178Â 988";"A01";"1";"33";"13";"2";"3";"13";"1";""
"202100012715";"178Â 989";"B01";"2";"7";"0";"2";"8";"1";"1";""
"202100012716";"178Â 987";"A01";"3";"36";"13";"0";"2";"14";"1";""
"202100012717";"178Â 986";"A01";"2";"7";"0";"1";"2";"1";"1";""
"202100012718";"178Â 984";"A01";"3";"10";"0";"2";"2";"1";"1";""
"202100012718";"178Â 985";"B01";"0";"2";"0";"2";"1";"1";"1";""
"202100012719";"178Â 982";"B01";"1";"7";"0";"2";"1";"1";"1";""
"202100012719";"178Â 983";"A01";"0";"7";"0";"2";"1";"1";"1";""
"202100012720";"178Â 980";"A01";"0";"7";"0";"2";"3";"17";"1";""
"202100012720";"178Â 981";"B01";"1";"7";"0";"2";"3";"15";"1";""
"202100012721";"178Â 979";"A01";"2";"7";"13";"0";"1";"15";"1";""
"202100012722";"178Â 978";"A01";"3";"2";"0";"0";"0";"1";"1";""
"202100012723";"178Â 976";"A01";"3";"7";"0";"2";"7";"13";"1";""
"202100012723";"178Â 977";"B01";"3";"7";"0";"2";"1";"1";"1";""
"202100012724";"178Â 975";"A01";"3";"7";"2";"0";"1";"2";"1";""
"202100012725";"178Â 973";"A01";"2";"7";"0";"2";"1";"1";"1";""
"202100012725";"178Â 974";"B01";"1";"7";"0";"0";"3";"19";"1";""
"202100012726";"178Â 970";"A01";"1";"7";"0";"1";"2";"2";"1";""
"202100012727";"178Â 969";"A01";"1";"2";"13";"0";"1";"1";"1";""
"202100012728";"178Â 967";"B01";"2";"15";"0";"2";"6";"24";"1";""
"202100012728";"178Â 968";"A01";"2";"10";"1";"0";"1";"1";"1";""
"202100012729";"178Â 966";"A01";"1";"7";"2";"0";"1";"1";"1";""
"202100012730";"178Â 963";"A01";"2";"7";"0";"2";"3";"5";"1";""
"202100012730";"178Â 964";"B01";"1";"33";"0";"2";"1";"1";"1";""
"202100012731";"178Â 961";"B01";"1";"7";"0";"2";"1";"1";"1";""
"202100012731";"178Â 962";"A01";"1";"7";"0";"2";"4";"1";"2";""
"202100012732";"178Â 960";"A01";"3";"33";"2";"0";"1";"13";"1";""
"202100012733";"178Â 958";"B01";"2";"21";"0";"2";"3";"1";"1";""
"202100012733";"178Â 959";"A01";"1";"7";"0";"2";"3";"1";"1";""
"202100012734";"178Â 956";"B01";"2";"33";"0";"2";"1";"2";"1";""
"202100012734";"178Â 957";"A01";"2";"7";"0";"2";"8";"9";"1";""
"202100012735";"178Â 955";"A01";"2";"7";"13";"0";"9";"1";"1";""
"202100012736";"178Â 953";"B01";"3";"1";"0";"0";"0";"0";"5";""
"202100012736";"178Â 954";"A01";"0";"7";"0";"2";"0";"0";"0";""
"202100012737";"178Â 950";"C01";"3";"7";"0";"0";"0";"26";"1";""
"202100012737";"178Â 951";"B01";"3";"1";"0";"2";"1";"13";"5";""
"202100012737";"178Â 952";"A01";"3";"7";"0";"2";"1";"1";"1";""
"202100012738";"178Â 949";"A01";"3";"33";"0";"0";"0";"0";"1";""
"202100012739";"178Â 947";"B01";"1";"7";"0";"2";"3";"1";"1";""
"202100012739";"178Â 948";"A01";"1";"10";"0";"2";"1";"19";"1";""
"202100012740";"178Â 943";"B01";"2";"7";"0";"2";"8";"15";"1";""
"202100012740";"178Â 944";"A01";"2";"34";"0";"2";"1";"17";"1";""
"202100012741";"178Â 939";"B01";"1";"10";"3";"0";"1";"1";"1";""
"202100012741";"178Â 940";"A01";"1";"7";"3";"0";"4";"23";"1";""
"202100012741";"178Â 941";"D01";"1";"7";"0";"2";"1";"2";"1";""
"202100012741";"178Â 942";"C01";"1";"7";"1";"0";"4";"1";"1";""
"202100012742";"178Â 938";"A01";"2";"14";"0";"0";"9";"1";"1";""
"202100012743";"178Â 936";"B01";"2";"14";"0";"2";"3";"26";"1";""
"202100012743";"178Â 937";"A01";"1";"7";"0";"2";"3";"26";"0";""
"202100012744";"178Â 935";"A01";"1";"7";"0";"0";"4";"1";"1";""
"202100012745";"178Â 934";"A01";" -1";"14";"0";"1";"2";"16";"1";""
"202100012746";"178Â 933";"A01";"2";"7";"3";"0";"3";"21";"1";""
"202100012747";"178Â 932";"A01";"1";"7";"0";"1";"3";"1";"1";""
"202100012748";"178Â 930";"B01";"2";"7";"0";"2";"2";"1";"1";""
"202100012748";"178Â 931";"A01";"2";"7";"0";"2";"3";"1";"1";""
"202100012749";"178Â 929";"A01";"0";"2";"13";"0";"2";"0";"1";""
"202100012750";"178Â 928";"A01";"0";"7";"13";"0";"0";"14";"1";""
"202100012751";"178Â 927";"A01";"1";"10";"2";"0";"1";"13";"1";""
"202100012752";"178Â 926";"A01";"3";"7";"6";"0";"3";"6";"1";""
"202100012753";"178Â 924";"A01";"1";"7";"0";"0";"6";"1";"2";""
"202100012753";"178Â 925";"B01";"1";"33";"0";"2";"1";"1";"1";""
"202100012754";"178Â 922";"B01";"1";"2";"0";"2";"2";"13";"1";""
"202100012754";"178Â 923";"A01";"2";"7";"0";"2";"2";"9";"1";""
"202100012755";"178Â 920";"B01";"2";"7";"0";"2";"4";"2";"1";""
"202100012755";"178Â 921";"A01";"2";"33";"0";"2";"1";"2";"1";""
"202100012756";"178Â 918";"B01";"0";"7";"0";"0";"5";"2";"1";""
"202100012756";"178Â 919";"A01";"0";"10";"0";"2";"3";"2";"1";""
"202100012757";"178Â 916";"B01";"1";"7";"0";"0";"4";"2";"1";""
"202100012757";"178Â 917";"A01";"1";"31";"0";"2";"4";"3";"1";""
"202100012758";"178Â 913";"C01";"2";"7";"0";"2";"1";"1";"1";""
"202100012758";"178Â 914";"B01";"2";"7";"0";"2";"3";"1";"1";""
"202100012758";"178Â 915";"A01";"1";"7";"0";"2";"1";"5";"1";""
"202100012759";"178Â 911";"B01";"1";"7";"0";"2";"1";"2";"1";""
"202100012759";"178Â 912";"A01";"1";"7";"0";"2";"4";"2";"1";""
"202100012760";"178Â 910";"A01";"2";"7";"0";"0";"1";"14";"1";""
"202100012761";"178Â 909";"A01";"2";"7";"17";"0";"1";"0";"1";""
"202100012762";"178Â 908";"A01";"1";"33";"0";"0";"8";"15";"1";""
"202100012763";"178Â 907";"A01";"1";"7";"0";"1";"1";"1";"1";""
"202100012764";"178Â 905";"A01";"2";"34";"0";"2";"2";"17";"1";""
"202100012764";"178Â 906";"B01";"2";"7";"0";"2";"3";"15";"1";""
"202100012765";"178Â 903";"A01";"3";"1";"0";"2";"8";"9";"5";""
"202100012765";"178Â 904";"B01";"2";"7";"0";"2";"2";"1";"1";""
"202100012766";"178Â 902";"A01";"3";"7";"17";"0";"3";"0";"1";""
"202100012767";"178Â 900";"B01";"2";"7";"0";"2";"3";"1";"1";""
"202100012767";"178Â 901";"A01";"1";"7";"0";"2";"3";"1";"1";""
"202100012768";"178Â 899";"A01";"0";"7";"0";"0";"2";"1";"1";""
"202100012769";"178Â 897";"B01";"3";"1";"0";"2";"3";"3";"5";""
"202100012769";"178Â 898";"A01";"3";"7";"0";"2";"3";"1";"2";""
"202100012770";"178Â 895";"B01";" -1";"7";"0";"2";"1";"1";"1";""
"202100012770";"178Â 896";"A01";" -1";"7";"0";"2";"8";"9";"1";""
"202100012771";"178Â 893";"B01";"0";"33";"0";"2";"0";"1";"1";""
"202100012771";"178Â 894";"A01";"3";"7";"0";"2";"3";"0";"1";""
"202100012772";"178Â 891";"A01";"2";"7";"0";"0";"3";"10";"1";""
"202100012772";"178Â 892";"B01";"2";"33";"0";"0";"1";"1";"1";""
"202100012773";"178Â 889";"B01";"3";"1";"0";"2";"1";"0";"5";""
"202100012773";"178Â 890";"A01";"3";"7";"0";"0";"2";"19";"1";""
"202100012774";"178Â 888";"A01";"2";"7";"3";"0";"8";"13";"1";""
"202100012775";"178Â 887";"A01";"2";"7";"0";"1";"1";"1";"1";""
"202100012776";"178Â 885";"B01";"3";"7";"0";"2";"2";"1";"1";""
"202100012776";"178Â 886";"A01";"3";"7";"0";"2";"8";"1";"1";""
"202100012777";"178Â 883";"A01";"3";"33";"6";"0";"6";"11";"1";""