"Num_Acc";"id_vehicule";"num_veh";"senc";"catv";"obs";"obsm";"choc";"manv";"motor";"occutc"
"202100012777";"178Â 884";"B01";"3";"33";"0";"0";"2";"2";"1";""
"202100012778";"178Â 881";"A01";"1";"2";"0";"2";"1";"0";"1";""
"202100012778";"178Â 882";"B01";"2";"7";"0";"2";"1";"1";"1";""
"202100012779";"178Â 879";"A01";"2";"7";"0";"2";"2";"13";"1";""
"202100012779";"178Â 880";"B01";"2";"33";"0";"2";"4";"15";"1";""
"202100012780";"178Â 878";"A01";"3";"32";"0";"6";"6";"1";"1";""
"202100012781";"178Â 876";"A01";"1";"7";"0";"2";"3";"1";"1";""
"202100012781";"178Â 877";"B01";"2";"7";"0";"0";"3";"13";"1";""
"202100012782";"178Â 874";"Z01";"1";"38";"0";"2";"1";"2";"0";"1"
"202100012782";"178Â 875";"A01";"1";"7";"0";"2";"4";"2";"1";""
"202100012783";"178Â 872";"A01";"1";"7";"0";"2";"4";"1";"1";""
"202100012783";"178Â 873";"B01";"0";"7";"0";"2";"2";"14";"0";""
"202100012784";"178Â 870";"A01";"2";"33";"0";"2";"7";"1";"1";""
"202100012784";"178Â 871";"B01";"2";"7";"0";"2";"7";"26";"1";""
"202100012785";"178Â 868";"A01";"1";"7";"0";"2";"4";"1";"1";""
"202100012785";"178Â 869";"B01";"1";"7";"0";"2";"1";"1";"1";""
"202100012786";"178Â 867";"A01";"2";"7";"3";"0";"1";"2";"1";""
"202100012787";"178Â 865";"B01";"2";"7";"0";"2";"4";"1";"1";""
"202100012787";"178Â 866";"A01";"2";"33";"0";"2";"1";"3";"1";""
"202100012788";"178Â 862";"C01";"1";"7";"0";"2";"4";"2";"1";""
"202100012788";"178Â 863";"B01";"1";"7";"0";"2";"4";"2";"1";""
"202100012788";"178Â 864";"A01";"1";"7";"0";"2";"1";"2";"1";""
"202100012789";"178Â 860";"B01";"1";"7";"0";"2";"2";"1";"1";""
"202100012789";"178Â 861";"A01";"1";"7";"3";"2";"3";"9";"1";""
"202100012790";"178Â 859";"A01";"2";"7";"4";"0";"3";"1";"1";""
"202100012791";"178Â 858";"A01";"1";"7";"0";"0";"9";"26";"1";""
"202100012792";"178Â 855";"C01";"1";"7";"0";"2";"8";"1";"1";""
"202100012792";"178Â 856";"B01";"1";"7";"0";"2";"8";"1";"1";""
"202100012792";"178Â 857";"A01";"1";"7";"0";"2";"2";"1";"1";""
"202100012793";"178Â 852";"A01";"1";"7";"0";"2";"1";"2";"1";""
"202100012793";"178Â 853";"B01";"1";"7";"0";"2";"4";"2";"1";""
"202100012793";"178Â 854";"C01";"1";"7";"0";"2";"4";"2";"1";""
"202100012794";"178Â 850";"Z01";"1";"10";"3";"0";"4";"0";"1";""
"202100012794";"178Â 851";"B01";"1";"7";"3";"2";"1";"1";"1";""
"202100012795";"178Â 846";"D01";"1";"7";"1";"0";"1";"1";"1";""
"202100012795";"178Â 847";"A01";"1";"7";"0";"2";"6";"0";"1";""
"202100012795";"178Â 848";"B01";"1";"7";"1";"2";"2";"21";"1";""
"202100012795";"178Â 849";"C01";"1";"7";"1";"2";"1";"1";"1";""
"202100012796";"178Â 844";"B01";"2";"7";"0";"2";"4";"23";"1";""
"202100012796";"178Â 845";"A01";"2";"7";"0";"2";"1";"2";"1";""
"202100012797";"178Â 842";"B01";"1";"7";"0";"2";"4";"2";"1";""
"202100012797";"178Â 843";"A01";"1";"7";"0";"2";"1";"2";"1";""
"202100012798";"178Â 841";"A01";"1";"33";"0";"0";"7";"1";"1";""
"202100012799";"178Â 839";"B01";"2";"7";"0";"2";"6";"1";"1";""
"202100012799";"178Â 840";"A01";"2";"7";"0";"2";"2";"12";"1";""
"202100012800";"178Â 838";"A01";"2";"7";"5";"0";"1";"1";"1";""
"202100012801";"178Â 837";"A01";"1";"33";"0";"2";"4";"1";"1";""
"202100012802";"178Â 835";"A01";"2";"7";"0";"2";"5";"1";"1";""
"202100012802";"178Â 836";"B01";"2";"7";"0";"2";"6";"1";"1";""
"202100012803";"178Â 833";"A01";"3";"7";"0";"2";"3";"9";"1";""
"202100012803";"178Â 834";"B01";"3";"37";"0";"2";"2";"9";"2";"1"
"202100012804";"178Â 831";"B01";"3";"1";"0";"0";"0";"0";"0";""
"202100012804";"178Â 832";"A01";"3";"30";"0";"9";"8";"5";"1";""
"202100012805";"178Â 830";"SA01";"2";"2";"0";"2";"0";"0";"0";""
"202100012806";"178Â 829";"A01";"2";"50";"0";"0";"1";"15";"3";""
"202100012807";"178Â 828";"A01";"1";"7";"0";"1";"3";"1";"1";""
"202100012808";"178Â 826";"B01";"1";"2";"1";"0";"2";"1";"1";""
"202100012808";"178Â 827";"A01";"1";"7";"0";"2";"3";"22";"1";""
"202100012809";"178Â 824";"A01";"2";"2";"0";"2";"1";"2";"1";""
"202100012809";"178Â 825";"B01";"2";"7";"0";"2";"4";"2";"1";""
"202100012810";"178Â 822";"B01";"1";"1";"0";"2";"1";"9";"5";""
"202100012810";"178Â 823";"A01";"2";"1";"0";"2";"1";"1";"5";""
"202100012811";"178Â 820";"A01";"1";"7";"0";"2";"3";"15";"1";""
"202100012811";"178Â 821";"B01";"1";"33";"0";"2";"7";"17";"1";""
"202100012812";"178Â 819";"A01";"3";"7";"3";"0";"1";"5";"1";""
"202100012813";"178Â 817";"B01";"3";"33";"0";"0";"0";"0";"1";""
"202100012813";"178Â 818";"A01";"3";"7";"0";"2";"4";"1";"1";""
"202100012814";"178Â 816";"A01";"1";"7";"2";"0";"1";"14";"1";""
"202100012815";"178Â 814";"A01";"3";"7";"0";"2";"8";"1";"1";""
"202100012815";"178Â 815";"B01";"3";"31";"0";"2";"1";"17";"1";""
"202100012816";"178Â 813";"A01";"1";"33";"0";"1";"0";"17";"1";""
"202100012817";"178Â 811";"B01";"3";"7";"0";"2";"1";"15";"1";""
"202100012817";"178Â 812";"A01";"1";"33";"0";"2";"7";"26";"1";""
"202100012818";"178Â 809";"A01";"2";"33";"0";"2";"1";"2";"1";""
"202100012818";"178Â 810";"B01";"2";"7";"0";"2";"4";"2";"1";""
"202100012819";"178Â 807";"A01";"3";"7";"0";"1";"1";"16";"1";""
"202100012820";"178Â 805";"A01";"3";"33";"0";"2";"1";"1";"1";""
"202100012820";"178Â 806";"B01";"3";"7";"0";"2";"4";"0";"1";""
"202100012821";"178Â 804";"A01";"3";"7";"0";"1";"1";"1";"1";""
"202100012822";"178Â 802";"A01";"1";"7";"0";"2";"1";"15";"1";""
"202100012822";"178Â 803";"B01";"2";"7";"0";"2";"0";"0";"1";""
"202100012823";"178Â 800";"B01";"1";"7";"0";"0";"4";"23";"1";""
"202100012823";"178Â 801";"A01";"1";"7";"1";"0";"1";"2";"1";""
"202100012824";"178Â 796";"A01";"3";"7";"8";"2";"3";"9";"1";""
"202100012824";"178Â 797";"B01";"3";"7";"0";"2";"2";"1";"1";""
"202100012825";"178Â 795";"A01";"3";"7";"0";"1";"0";"9";"0";""
"202100012826";"178Â 794";"A01";"1";"7";"1";"0";"3";"14";"1";""
"202100012827";"178Â 792";"A01";"1";"14";"0";"2";"7";"26";"1";""
"202100012827";"178Â 793";"B01";"2";"60";"0";"2";"7";"25";"5";""
"202100012828";"178Â 791";"A01";"1";"30";"12";"0";"7";"14";"1";""
"202100012829";"178Â 790";"A01";"1";"10";"0";"1";"4";"23";"0";""
"202100012830";"178Â 789";"A01";"1";"7";"0";"1";"3";"2";"1";""
"202100012831";"178Â 788";"A01";"1";"7";"0";"1";"1";"1";"1";""
"202100012832";"178Â 786";"A01";"1";"7";"0";"9";"1";"1";"1";""
"202100012832";"178Â 787";"B01";"1";"1";"0";"2";"4";"1";"5";""
"202100012833";"178Â 784";"B01";"0";"33";"0";"2";"1";"0";"0";""
"202100012833";"178Â 785";"A01";"0";"33";"0";"2";"1";"0";"1";""
"202100012834";"178Â 782";"B01";"2";"1";"0";"2";"1";"9";"0";""
"202100012834";"178Â 783";"A01";"1";"7";"0";"2";"2";"9";"1";""
"202100012835";"178Â 780";"A01";"1";"7";"0";"2";"8";"1";"1";""
"202100012835";"178Â 781";"B01";"2";"32";"0";"2";"1";"1";"1";""
"202100012836";"178Â 778";"B01";"2";"7";"0";"2";"3";"15";"1";""
"202100012836";"178Â 779";"A01";"2";"30";"0";"2";"7";"17";"3";""
"202100012837";"178Â 777";"A01";"1";"1";"1";"0";"1";"1";"5";""
"202100012838";"178Â 775";"B01";"1";"7";"0";"2";"2";"15";"1";""
"202100012838";"178Â 776";"A01";"1";"7";"0";"2";"5";"19";"1";""
"202100012839";"178Â 774";"A01";"1";"40";"0";"1";"2";"1";"3";""
"202100012840";"178Â 772";"A01";"3";"80";"0";"2";"1";"1";"3";""
"202100012840";"178Â 773";"B01";"3";"7";"0";"2";"1";"15";"1";""
"202100012841";"178Â 771";"A01";"1";"7";"0";"1";"2";"15";"1";""
"202100012842";"178Â 769";"B01";"1";"33";"0";"2";"8";"1";"1";""
"202100012842";"178Â 770";"A01";"1";"10";"3";"2";"2";"1";"1";""
"202100012843";"178Â 767";"Z01";"1";"7";"0";"2";"4";"2";"1";""
"202100012843";"178Â 768";"A01";"1";"7";"0";"2";"1";"1";"1";""
"202100012844";"178Â 765";"B01";"1";"34";"0";"2";"1";"5";"1";""
"202100012844";"178Â 766";"A01";"2";"7";"0";"2";"5";"15";"1";""
"202100012845";"178Â 763";"B01";"1";"80";"0";"2";"1";"11";"3";""
"202100012845";"178Â 764";"A01";"1";"37";"0";"9";"8";"15";"6";"1"
"202100012846";"178Â 761";"B01";"1";"7";"0";"0";"4";"23";"1";""
"202100012846";"178Â 762";"A01";"1";"33";"0";"2";"1";"2";"1";""
"202100012847";"178Â 759";"A01";"1";"7";"0";"2";"1";"1";"1";""
"202100012847";"178Â 760";"B01";"1";"33";"0";"2";"4";"23";"1";""
"202100012848";"178Â 758";"A01";"2";"7";"0";"1";"5";"4";"1";""
"202100012849";"178Â 756";"A01";"1";"7";"0";"2";"1";"13";"1";""
"202100012849";"178Â 757";"B01";"2";"7";"0";"2";"1";"1";"1";""
"202100012850";"178Â 755";"A01";"3";"7";"0";"1";"1";"0";"1";""
"202100012851";"178Â 754";"A01";"2";"7";"15";"0";"1";"14";"1";""
"202100012852";"178Â 752";"A01";"1";"7";"0";"2";"4";"2";"1";""
"202100012852";"178Â 753";"B01";"1";"2";"0";"2";"1";"2";"1";""
"202100012853";"178Â 751";"A01";"1";"7";"0";"1";"0";"26";"1";""
"202100012854";"178Â 749";"A01";"2";"7";"0";"2";"3";"2";"2";""
"202100012854";"178Â 750";"B01";"2";"1";"0";"2";"4";"15";"5";""
"202100012855";"178Â 747";"B01";"1";"80";"0";"2";"1";"22";"3";""
"202100012855";"178Â 748";"A01";"3";"7";"0";"9";"8";"0";"1";""
"202100012856";"178Â 746";"A01";"1";"7";"0";"1";"3";"15";"1";""
"202100012857";"178Â 744";"B01";"0";"7";"0";"0";"8";"1";"1";""
"202100012857";"178Â 745";"A01";"0";"7";"0";"2";"1";"1";"1";""
"202100012858";"178Â 743";"Z01";"3";"7";"0";"1";"1";"26";"1";""
"202100012859";"178Â 741";"A01";"2";"7";"0";"2";"3";"0";"1";""
"202100012859";"178Â 742";"B01";"1";"7";"0";"2";"3";"1";"1";""
"202100012860";"178Â 739";"B01";"1";"1";"0";"0";"0";"0";"0";""
"202100012860";"178Â 740";"A01";"1";"7";"0";"2";"2";"19";"1";""
"202100012861";"178Â 737";"A01";"1";"32";"0";"2";"3";"21";"1";""
"202100012861";"178Â 738";"B01";"1";"7";"0";"2";"5";"2";"1";""
"202100012862";"178Â 735";"A01";"1";"7";"0";"2";"7";"12";"1";""
"202100012862";"178Â 736";"B01";"1";"31";"0";"2";"8";"3";"1";""
"202100012863";"178Â 733";"A01";"1";"31";"0";"2";"1";"3";"1";""
"202100012863";"178Â 734";"B01";"1";"10";"0";"2";"6";"11";"1";""
"202100012864";"178Â 731";"B01";"1";"7";"0";"2";"4";"23";"1";""
"202100012864";"178Â 732";"A01";"1";"7";"0";"2";"1";"1";"1";""
"202100012865";"178Â 730";"A01";"1";"7";"0";"1";"5";"1";"1";""
"202100012866";"178Â 728";"A01";"1";"1";"0";"2";"7";"15";"5";""
"202100012866";"178Â 729";"Z01";"2";"30";"0";"2";"0";"1";"0";""
"202100012867";"178Â 726";"A01";"1";"50";"0";"2";"1";"1";"3";""
"202100012867";"178Â 727";"B01";"1";"7";"0";"2";"2";"1";"1";""
"202100012868";"178Â 724";"B01";"2";"33";"0";"2";"1";"1";"1";""
"202100012868";"178Â 725";"A01";"2";"7";"0";"2";"3";"10";"1";""
"202100012869";"178Â 722";"A01";"2";"7";"0";"2";"1";"1";"2";""
"202100012869";"178Â 723";"B01";"2";"7";"0";"2";"4";"23";"1";""
"202100012870";"178Â 721";"A01";"1";"7";"4";"0";"1";"15";"2";""
"202100012871";"178Â 719";"A01";"1";"10";"0";"2";"2";"1";"1";""
"202100012871";"178Â 720";"B01";"1";"32";"0";"2";"3";"1";"1";""
"202100012872";"178Â 717";"B01";"1";"80";"0";"2";"1";"1";"3";""
"202100012872";"178Â 718";"A01";"1";"7";"0";"2";"8";"22";"1";""
"202100012873";"178Â 716";"Z01";"1";"33";"0";"1";"2";"1";"0";""
"202100012874";"178Â 714";"A01";"2";"30";"0";"2";"3";"1";"1";""
"202100012874";"178Â 715";"B01";"1";"7";"0";"2";"2";"15";"1";""
"202100012875";"178Â 712";"B01";"3";"1";"0";"2";"1";"1";"5";""
"202100012875";"178Â 713";"A01";"3";"7";"0";"2";"2";"16";"1";""
"202100012876";"178Â 710";"A01";"1";"43";"0";"2";"2";"3";"1";""
"202100012876";"178Â 711";"B01";"1";"7";"0";"2";"8";"15";"1";""
"202100012877";"178Â 709";"A01";"1";"43";"0";"1";"3";"1";"1";""
"202100012878";"178Â 707";"B01";"1";"7";"0";"2";"4";"24";"1";""
"202100012878";"178Â 708";"Z01";"1";"7";"0";"2";"1";"14";"1";""
"202100012879";"178Â 705";"A01";"2";"7";"0";"2";"2";"1";"1";""
"202100012879";"178Â 706";"B01";"2";"1";"0";"2";"6";"15";"5";""
"202100012880";"178Â 703";"A01";"1";"7";"0";"2";"1";"1";"1";""
"202100012880";"178Â 704";"B01";"1";"7";"0";"2";"8";"1";"1";""
"202100012881";"178Â 702";"A01";"1";"43";"0";"0";"1";"15";"1";""
"202100012882";"178Â 700";"A01";"1";"30";"0";"2";"1";"1";"3";""
"202100012882";"178Â 701";"B01";"1";"7";"0";"2";"4";"23";"1";""
"202100012883";"178Â 699";"A01";"2";"7";"14";"0";"1";"13";"1";""
"202100012884";"178Â 698";"A01";"1";"13";"0";"1";"1";"17";"1";""
"202100012885";"178Â 697";"A01";"2";"50";"0";"1";"1";"0";"3";""
"202100012886";"178Â 695";"A01";"2";"7";"0";"2";"2";"1";"1";""
"202100012886";"178Â 696";"B01";"2";"7";"0";"2";"3";"20";"1";""
"202100012887";"178Â 693";"A01";"3";"7";"0";"2";"1";"19";"1";""
"202100012887";"178Â 694";"B01";"3";"7";"0";"2";"8";"1";"1";""
"202100012888";"178Â 692";"A01";"0";"7";"0";"1";"6";"20";"1";""
"202100012889";"178Â 690";"B01";"1";"32";"0";"2";"4";"2";"1";""
"202100012889";"178Â 691";"A01";"1";"7";"0";"2";"1";"2";"1";""
"202100012890";"178Â 688";"B01";"3";"7";"0";"2";"8";"0";"1";""
"202100012890";"178Â 689";"A01";" -1";"14";"0";"2";"1";"1";"1";""
"202100012891";"178Â 686";"B01";"3";"50";"0";"2";"1";"19";"3";""
"202100012891";"178Â 687";"A01";"3";"10";"0";"2";"8";"2";"1";""
"202100012892";"178Â 684";"B01";"1";"7";"0";"2";"4";"26";"1";""
"202100012892";"178Â 685";"A01";"1";"7";"1";"0";"1";"14";"1";""
"202100012893";"178Â 683";"A01";"0";"7";"15";"0";"0";"16";"1";""
"202100012894";"178Â 681";"B01";"0";"7";"0";"2";"3";"1";"1";""
"202100012894";"178Â 682";"A01";"3";"30";"0";"2";"7";"1";"1";""
"202100012895";"178Â 679";"B01";"0";"0";"0";"2";"1";"0";"0";""
"202100012895";"178Â 680";"A01";"0";"30";"0";"2";"1";"0";"1";""
"202100012896";"178Â 675";"A01";"1";"7";"0";"2";"1";"1";"1";""
"202100012896";"178Â 676";"B01";"1";"7";"0";"2";"4";"0";"1";""
"202100012896";"178Â 677";"C01";"1";"7";"0";"2";"4";"23";"1";""
"202100012896";"178Â 678";"D01";"1";"7";"0";"2";"1";"1";"1";""
"202100012897";"178Â 673";"A01";"1";"7";"0";"2";"1";"15";"1";""
"202100012897";"178Â 674";"B01";"2";"33";"0";"2";"3";"1";"1";""
"202100012898";"178Â 671";"B01";"1";"1";"1";"0";"0";"1";"5";""
"202100012898";"178Â 672";"A01";"1";"10";"0";"2";"0";"24";"1";""
"202100012899";"178Â 670";"A01";"2";"32";"14";"0";"1";"1";"1";""
"202100012900";"178Â 669";"A01";"2";"30";"0";"0";"0";"21";"1";""
"202100012901";"178Â 668";"A01";"1";"7";"0";"1";"1";"15";"1";""
"202100012902";"178Â 667";"A01";"1";"37";"0";"0";"0";"0";"3";"2"
"202100012903";"178Â 666";"A01";"2";"7";"0";"1";"8";"1";"1";""
"202100012904";"178Â 664";"A01";"2";"7";"0";"2";"6";"12";"0";""
"202100012904";"178Â 665";"B01";"2";"2";"0";"2";"2";"11";"0";""
"202100012905";"178Â 661";"A01";"2";"15";"13";"0";"8";"0";"1";""
"202100012906";"178Â 660";"A01";"3";"7";"0";"1";"2";"1";"1";""
"202100012907";"178Â 657";"A01";"2";"7";"0";"2";"1";"0";"1";""
"202100012907";"178Â 658";"C01";"1";"7";"0";"2";"1";"1";"1";""
"202100012907";"178Â 659";"B01";"1";"7";"0";"2";"8";"1";"1";""
"202100012908";"178Â 656";"A01";"1";"7";"6";"0";"7";"1";"1";""
"202100012909";"178Â 655";"A01";"1";"7";"0";"1";"6";"1";"1";""
"202100012910";"178Â 653";"A01";"1";"7";"0";"2";"1";"2";"1";""
"202100012910";"178Â 654";"B01";"1";"15";"0";"0";"4";"2";"1";""
"202100012911";"178Â 652";"A01";"2";"7";"13";"0";"1";"1";"1";""
"202100012912";"178Â 650";"A01";"2";"2";"0";"2";"1";"2";"1";""
"202100012912";"178Â 651";"B01";"2";"7";"0";"0";"6";"2";"1";""
"202100012913";"178Â 648";"B01";"0";"10";"0";"2";"1";"1";"1";""
"202100012913";"178Â 649";"A01";"0";"7";"0";"2";"1";"1";"1";""
"202100012914";"178Â 647";"A01";"3";"7";"0";"1";"1";"1";"1";""
"202100012915";"178Â 645";"B01";"1";"32";"0";"2";"1";"17";"1";""
"202100012915";"178Â 646";"A01";"1";"7";"0";"2";"1";"15";"1";""
"202100012916";"178Â 643";"B01";"2";"7";"0";"2";"5";"15";"1";""
"202100012916";"178Â 644";"A01";"1";"33";"0";"2";"1";"17";"1";""
"202100012917";"178Â 641";"B01";"2";"1";"0";"2";"6";"1";"5";""
"202100012917";"178Â 642";"A01";"2";"7";"0";"2";"2";"2";"1";""
"202100012918";"178Â 640";"A01";"2";"7";"13";"0";"9";"13";"1";""
"202100012919";"178Â 639";"A01";"3";"2";"1";"0";"2";"2";"1";""
"202100012920";"178Â 638";"A01";"1";"2";"0";"0";"8";"1";"1";""
"202100012921";"178Â 637";"A01";"3";"7";"8";"0";"2";"0";"1";""
"202100012922";"178Â 636";"A01";"1";"33";"0";"0";"8";"1";"1";""
"202100012923";"178Â 634";"B01";"1";"33";"0";"2";"1";"1";"1";""
"202100012923";"178Â 635";"A01";"2";"7";"0";"2";"3";"13";"1";""
"202100012924";"178Â 633";"A01";"1";"7";"13";"0";"1";"21";"1";""
"202100012925";"178Â 632";"A01";"1";"33";"15";"0";"2";"1";"1";""
"202100012926";"178Â 631";"A01";"1";"7";"13";"0";"1";"1";"1";""
"202100012927";"178Â 629";"B01";"1";"7";"0";"2";"3";"0";"1";""
"202100012927";"178Â 630";"A01";"2";"2";"0";"2";"1";"5";"1";""
"202100012928";"178Â 627";"A01";"2";"7";"0";"2";"2";"19";"1";""
"202100012928";"178Â 628";"B01";"1";"7";"0";"2";"1";"1";"1";""
"202100012929";"178Â 625";"B01";"2";"10";"0";"2";"1";"1";"1";""
"202100012929";"178Â 626";"A01";"1";"7";"0";"2";"1";"1";"1";""
"202100012930";"178Â 623";"A01";"1";"33";"0";"0";"0";"21";"1";""
"202100012930";"178Â 624";"B01";"1";"33";"0";"0";"0";"1";"1";""
"202100012931";"178Â 622";"A01";"1";"33";"13";"0";"1";"26";"1";""
"202100012932";"178Â 620";"A01";"3";"7";"0";"2";"3";"13";"1";""
"202100012932";"178Â 621";"B01";"3";"7";"0";"2";"6";"1";"1";""
"202100012933";"178Â 619";"A01";"1";"33";"16";"0";"0";"0";"1";""
"202100012934";"178Â 616";"C01";"2";"7";"0";"9";"1";"1";"1";""
"202100012934";"178Â 617";"B01";"2";"7";"0";"0";"3";"1";"1";""
"202100012934";"178Â 618";"A01";"2";"7";"3";"2";"2";"17";"1";""
"202100012935";"178Â 614";"B01";"3";"15";"0";"2";"2";"1";"1";""
"202100012935";"178Â 615";"A01";"3";"2";"0";"2";"2";"13";"1";""
"202100012936";"178Â 612";"B01";"2";"2";"0";"2";"2";"13";"1";""
"202100012936";"178Â 613";"A01";"1";"7";"0";"0";"7";"11";"1";""
"202100012937";"178Â 610";"B01";"3";"30";"0";"2";"4";"2";"1";""
"202100012937";"178Â 611";"A01";"3";"7";"0";"2";"2";"2";"1";""
"202100012938";"178Â 608";"B01";"1";"2";"0";"2";"1";"1";"1";""
"202100012938";"178Â 609";"A01";"2";"7";"0";"2";"2";"11";"1";""
"202100012939";"178Â 606";"B01";"1";"7";"0";"2";"5";"19";"1";""
"202100012939";"178Â 607";"A01";"1";"7";"0";"2";"1";"1";"1";""
"202100012940";"178Â 605";"A01";"2";"7";"0";"1";"2";"1";"1";""
"202100012941";"178Â 604";"A01";"1";"7";"0";"1";"3";"1";"1";""
"202100012942";"178Â 603";"A01";"2";"7";"2";"0";"7";"1";"1";""
"202100012943";"178Â 601";"B01";"2";"7";"0";"2";"1";"1";"1";""
"202100012943";"178Â 602";"A01";"1";"7";"0";"2";"4";"17";"1";""
"202100012944";"178Â 599";"B01";"2";"10";"0";"2";"4";"26";"1";""
"202100012944";"178Â 600";"A01";"2";"7";"0";"2";"1";"26";"1";""
"202100012945";"178Â 598";"A01";"1";"7";"0";"0";"1";"1";"1";""
"202100012946";"178Â 596";"B01";"2";"2";"0";"2";"4";"1";"1";""
"202100012946";"178Â 597";"A01";"0";"7";"0";"2";"0";"0";"0";""
"202100012947";"178Â 593";"C01";"2";"7";"0";"9";"1";"1";"1";""
"202100012947";"178Â 594";"B01";"2";"7";"8";"2";"5";"15";"1";""
"202100012947";"178Â 595";"A01";"1";"33";"0";"2";"1";"1";"1";""
"202100012948";"178Â 591";"B01";"2";"7";"0";"2";"1";"1";"1";""
"202100012948";"178Â 592";"A01";"1";"7";"0";"2";"1";"13";"1";""
"202100012949";"178Â 590";"A01";"3";"1";"0";"0";"0";"0";"5";""
"202100012950";"178Â 588";"B01";"1";"7";"0";"2";"1";"1";"1";""
"202100012950";"178Â 589";"A01";"1";"7";"0";"2";"1";"5";"1";""
"202100012951";"178Â 586";"B01";"2";"7";"0";"2";"1";"13";"2";""
"202100012951";"178Â 587";"A01";"1";"7";"0";"2";"1";"1";"1";""
"202100012952";"178Â 585";"A01";"1";"7";"7";"0";"1";"1";"1";""
"202100012953";"178Â 583";"A01";"1";"7";"0";"2";"2";"21";"1";""
"202100012953";"178Â 584";"B01";"2";"7";"7";"2";"1";"13";"1";""
"202100012954";"178Â 582";"A01";"2";"7";"13";"0";"1";"1";"1";""
"202100012955";"178Â 580";"A01";"2";"7";"5";"0";"1";"1";"1";""
"202100012956";"178Â 578";"B01";"1";"7";"0";"2";"3";"1";"1";""
"202100012956";"178Â 579";"A01";"2";"7";"0";"2";"3";"1";"1";""
"202100012957";"178Â 576";"B01";"2";"7";"0";"2";"1";"1";"1";""
"202100012957";"178Â 577";"A01";"1";"7";"0";"2";"1";"13";"1";""
"202100012958";"178Â 575";"A01";"1";"7";"2";"0";"8";"14";"1";""
"202100012959";"178Â 573";"A01";"1";"7";"0";"2";"1";"5";"1";""
"202100012959";"178Â 574";"B01";"2";"2";"0";"2";"1";"5";"1";""
"202100012960";"178Â 571";"A01";"2";"7";"0";"2";"2";"15";"1";""
"202100012960";"178Â 572";"B01";"2";"2";"0";"2";"2";"1";"1";""
"202100012961";"178Â 570";"A01";"2";"7";"13";"0";"3";"1";"1";""
"202100012962";"178Â 569";"A01";"0";"30";"8";"0";"1";"2";"1";""
"202100012963";"178Â 567";"A01";"1";"7";"0";"2";"1";"2";"1";""
"202100012963";"178Â 568";"B01";"1";"7";"3";"0";"4";"1";"1";""
"202100012964";"178Â 564";"A01";"2";"10";"0";"0";"4";"2";"1";""
"202100012964";"178Â 565";"C01";"2";"7";"0";"2";"1";"2";"2";""
"202100012964";"178Â 566";"B01";"2";"7";"0";"2";"1";"2";"1";""
"202100012965";"178Â 562";"A01";"2";"10";"0";"2";"1";"2";"1";""
"202100012965";"178Â 563";"B01";"2";"15";"0";"2";"4";"1";"1";""
"202100012966";"178Â 560";"B01";"1";"33";"0";"2";"7";"1";"1";""
"202100012966";"178Â 561";"A01";"1";"7";"0";"2";"3";"16";"1";""
"202100012967";"178Â 559";"A01";"1";"7";"0";"1";"2";"1";"1";""
"202100012968";"178Â 558";"A01";"1";"7";"4";"0";"9";"1";"1";""
"202100012969";"178Â 557";"A01";"3";"34";"8";"0";"1";"2";"1";""
"202100012970";"178Â 555";"B01";"2";"7";"0";"2";"2";"17";"1";""
"202100012970";"178Â 556";"A01";"2";"7";"0";"2";"3";"15";"1";""
"202100012971";"178Â 553";"B01";"2";"7";"0";"2";"1";"0";"0";""
"202100012971";"178Â 554";"A01";"2";"1";"0";"0";"0";"0";"5";""
"202100012972";"178Â 552";"A01";"2";"1";"0";"0";"1";"0";"5";""
"202100012973";"178Â 550";"B01";"2";"7";"0";"2";"5";"15";"1";""
"202100012973";"178Â 551";"A01";"1";"2";"0";"2";"1";"1";"1";""
"202100012974";"178Â 548";"B01";"2";"2";"0";"2";"1";"1";"1";""
"202100012974";"178Â 549";"A01";"2";"7";"0";"2";"2";"19";"1";""
"202100012975";"178Â 546";"B01";"1";"33";"0";"2";"2";"17";"1";""
"202100012975";"178Â 547";"A01";"1";"7";"0";"2";"3";"15";"1";""
"202100012976";"178Â 544";"A01";"1";"7";"0";"9";"5";"2";"1";""
"202100012976";"178Â 545";"B01";"1";"1";"0";"2";"3";"1";"5";""
"202100012977";"178Â 542";"B01";"3";"10";"0";"2";"3";"1";"1";""
"202100012977";"178Â 543";"A01";"0";"7";"9";"2";"1";"16";"1";""
"202100012978";"178Â 539";"C01";"2";"10";"0";"2";"2";"2";"1";""
"202100012978";"178Â 540";"B01";"2";"7";"0";"2";"6";"2";"1";""
"202100012978";"178Â 541";"A01";"2";"7";"0";"0";"5";"1";"2";""
"202100012979";"178Â 538";"A01";"1";"7";"13";"0";"9";"1";"1";""
"202100012980";"178Â 536";"A01";"0";"7";"0";"2";"2";"15";"1";""
"202100012980";"178Â 537";"B01";"2";"33";"0";"2";"8";"23";"1";""
"202100012981";"178Â 535";"A01";"1";"33";"0";"0";"9";"1";"1";""
"202100012982";"178Â 534";"A01";"1";"7";"2";"0";"9";"13";"1";""
"202100012983";"178Â 533";"A01";"2";"7";"0";"0";"0";"1";"1";""
"202100012984";"178Â 530";"C01";"1";"7";"14";"0";"1";"1";"1";""
"202100012984";"178Â 531";"B01";"1";"7";"0";"2";"2";"1";"1";""