"Num_Acc";"id_vehicule";"num_veh";"senc";"catv";"obs";"obsm";"choc";"manv";"motor";"occutc"
"202100012984";"178Â 532";"A01";"1";"7";"0";"2";"6";"26";"1";""
"202100012985";"178Â 529";"A01";"1";"7";"0";"1";"1";"1";"1";""
"202100012986";"178Â 528";"A01";"2";"33";"14";"0";"1";"1";"6";""
"202100012987";"178Â 526";"B01";"2";"33";"0";"2";"7";"1";"1";""
"202100012987";"178Â 527";"A01";"2";"7";"0";"2";"3";"15";"1";""
"202100012988";"178Â 525";"A01";"3";"2";"0";"0";"8";"1";"1";""
"202100012989";"178Â 523";"B01";"2";"7";"0";"2";"3";"2";"1";""
"202100012989";"178Â 524";"A01";"1";"7";"0";"2";"1";"2";"1";""
"202100012990";"178Â 522";"A01";"3";"80";"10";"0";"1";"13";"3";""
"202100012991";"178Â 521";"A01";"3";"7";"16";"0";"3";"13";"1";""
"202100012992";"178Â 520";"A01";"3";"7";"0";"1";"1";"1";"1";""
"202100012993";"178Â 519";"A01";"1";"10";"13";"0";"3";"1";"1";""
"202100012994";"178Â 517";"B01";"3";"1";"0";"2";"1";"23";"5";""
"202100012994";"178Â 518";"A01";"3";"7";"0";"2";"0";"1";"1";""
"202100012995";"178Â 516";"A01";"2";"33";"3";"0";"8";"1";"1";""
"202100012996";"178Â 514";"A01";"3";"2";"0";"2";"1";"1";"1";""
"202100012996";"178Â 515";"B01";"3";"7";"0";"2";"3";"15";"1";""
"202100012997";"178Â 513";"A01";"3";"7";"0";"1";"4";"4";"1";""
"202100012998";"178Â 511";"B01";"2";"7";"0";"2";"3";"1";"1";""
"202100012998";"178Â 512";"A01";"1";"7";"0";"2";"3";"17";"1";""
"202100012999";"178Â 509";"A01";"1";"33";"0";"0";"7";"17";"1";""
"202100012999";"178Â 510";"B01";"1";"7";"0";"0";"3";"15";"1";""
"202100013000";"178Â 507";"B01";"2";"2";"0";"2";"1";"1";"1";""
"202100013000";"178Â 508";"A01";"1";"31";"0";"2";"1";"5";"1";""
"202100013001";"178Â 505";"B01";"2";"10";"0";"2";"2";"1";"1";""
"202100013001";"178Â 506";"A01";"2";"7";"0";"0";"4";"1";"1";""
"202100013002";"178Â 503";"A01";"1";"2";"0";"2";"6";"15";"1";""
"202100013002";"178Â 504";"B01";"1";"7";"0";"2";"1";"1";"1";""
"202100013003";"178Â 502";"A01";"3";"7";"13";"0";"8";"0";"1";""
"202100013004";"178Â 501";"A01";"1";"33";"0";"0";"0";"3";"1";""
"202100013005";"178Â 499";"A01";"2";"33";"0";"2";"8";"1";"1";""
"202100013005";"178Â 500";"B01";"2";"10";"0";"2";"2";"14";"1";""
"202100013006";"178Â 498";"A01";"1";"7";"4";"0";"1";"1";"1";""
"202100013007";"178Â 497";"A01";"1";"7";"4";"0";"2";"1";"1";""
"202100013008";"178Â 495";"A01";"2";"7";"0";"2";"3";"2";"1";""
"202100013008";"178Â 496";"B01";"2";"7";"0";"2";"5";"2";"0";""
"202100013009";"178Â 494";"A01";"1";"7";"0";"2";"8";"14";"1";""
"202100013010";"178Â 492";"B01";"1";"7";"0";"2";"3";"1";"1";""
"202100013010";"178Â 493";"A01";"1";"7";"0";"2";"3";"5";"1";""
"202100013011";"178Â 490";"A01";"1";"15";"0";"2";"1";"2";"1";""
"202100013011";"178Â 491";"B01";"1";"7";"0";"2";"4";"2";"1";""
"202100013012";"178Â 488";"B01";"1";"7";"0";"2";"4";"2";"1";""
"202100013012";"178Â 489";"A01";"1";"7";"0";"2";"1";"2";"1";""
"202100013013";"178Â 487";"A01";"1";"7";"3";"0";"1";"0";"1";""
"202100013014";"178Â 484";"A01";"1";"7";"0";"2";"1";"2";"1";""
"202100013014";"178Â 485";"B01";"1";"7";"0";"2";"4";"2";"1";""
"202100013014";"178Â 486";"C01";"1";"7";"0";"2";"1";"2";"1";""
"202100013015";"178Â 483";"A01";"2";"7";"0";"2";"9";"1";"1";""
"202100013016";"178Â 481";"A01";"2";"7";"0";"9";"8";"1";"1";""
"202100013016";"178Â 482";"B01";"2";"34";"0";"2";"0";"0";"0";""
"202100013017";"178Â 479";"A01";"1";"7";"0";"2";"7";"14";"1";""
"202100013017";"178Â 480";"B01";"1";"7";"0";"2";"6";"1";"1";""
"202100013018";"178Â 477";"A01";"2";"7";"0";"2";"6";"2";"1";""
"202100013018";"178Â 478";"B01";"2";"7";"0";"2";"2";"1";"1";""
"202100013019";"178Â 475";"B01";"2";"33";"0";"2";"3";"3";"1";""
"202100013019";"178Â 476";"A01";"2";"7";"0";"2";"2";"12";"1";""
"202100013020";"178Â 473";"A01";"2";"10";"0";"2";"1";"1";"1";""
"202100013020";"178Â 474";"B01";"2";"7";"0";"2";"4";"2";"1";""
"202100013021";"178Â 472";"A01";"2";"7";"0";"9";"1";"1";"1";""
"202100013022";"178Â 470";"B01";"2";"10";"0";"2";"4";"2";"1";""
"202100013022";"178Â 471";"A01";"2";"7";"6";"2";"1";"2";"1";""
"202100013023";"178Â 469";"Z01";"1";"1";"0";"1";"0";"0";"5";""
"202100013024";"178Â 468";"A01";"1";"80";"0";"1";"1";"1";"3";""
"202100013025";"178Â 466";"B01";"3";"7";"0";"2";"5";"1";"1";""
"202100013025";"178Â 467";"A01";"3";"33";"0";"2";"1";"19";"1";""
"202100013026";"178Â 465";"A01";"3";"1";"4";"0";"1";"1";"5";""
"202100013027";"178Â 464";"A01";"2";"7";"2";"0";"1";"6";"1";""
"202100013028";"178Â 462";"A01";"2";"31";"0";"2";"2";"18";"1";""
"202100013028";"178Â 463";"B01";"2";"7";"0";"2";"2";"16";"1";""
"202100013029";"178Â 460";"B01";"1";"33";"0";"2";"1";"17";"1";""
"202100013029";"178Â 461";"A01";"2";"7";"0";"2";"3";"9";"1";""
"202100013030";"178Â 458";"B01";"2";"31";"0";"2";"1";"17";"1";""
"202100013030";"178Â 459";"A01";"2";"7";"0";"2";"3";"15";"1";""
"202100013031";"178Â 456";"A01";"1";"7";"0";"2";"1";"15";"1";""
"202100013031";"178Â 457";"B01";"1";"32";"0";"2";"1";"1";"1";""
"202100013032";"178Â 455";"A01";"2";"10";"0";"1";"0";"4";"1";""
"202100013033";"178Â 453";"A01";"0";"7";"0";"2";"1";"2";"1";""
"202100013033";"178Â 454";"B01";"0";"7";"0";"2";"4";"1";"1";""
"202100013034";"178Â 452";"A01";"3";"1";"0";"0";"0";"0";"5";""
"202100013035";"178Â 450";"B01";"1";"7";"0";"9";"1";"1";"1";""
"202100013035";"178Â 451";"A01";"2";"10";"0";"0";"0";"9";"1";""
"202100013036";"178Â 447";"C01";"2";"7";"0";"2";"4";"0";"1";""
"202100013036";"178Â 448";"B01";"2";"7";"0";"2";"1";"2";"1";""
"202100013036";"178Â 449";"A01";"2";"7";"0";"2";"1";"2";"1";""
"202100013037";"178Â 445";"B01";"2";"50";"0";"2";"7";"1";"3";""
"202100013037";"178Â 446";"A01";"2";"10";"0";"2";"5";"16";"0";""
"202100013038";"178Â 443";"B01";"1";"7";"0";"2";"1";"1";"1";""
"202100013038";"178Â 444";"A01";"2";"7";"0";"2";"1";"13";"1";""
"202100013039";"178Â 442";"A01";"1";"7";"0";"1";"3";"19";"2";""
"202100013040";"178Â 440";"B01";"2";"33";"0";"2";"7";"17";"1";""
"202100013040";"178Â 441";"A01";"2";"7";"0";"2";"6";"15";"1";""
"202100013041";"178Â 435";"A01";" -1";"33";"11";"0";"1";"1";"1";""
"202100013042";"178Â 433";"B01";"3";"7";"0";"2";"3";"1";"1";""
"202100013042";"178Â 434";"A01";"3";"7";"0";"2";"2";"10";"1";""
"202100013043";"178Â 431";"A01";"3";"7";"0";"2";"1";"16";"1";""
"202100013043";"178Â 432";"B01";"3";"50";"0";"2";"8";"1";"3";""
"202100013044";"178Â 429";"A01";"3";"50";"0";"2";"1";"2";"3";""
"202100013044";"178Â 430";"B01";"3";"7";"0";"2";"4";"2";"1";""
"202100013045";"178Â 427";"B01";"1";"7";"0";"2";"1";"1";"1";""
"202100013045";"178Â 428";"A01";"3";"7";"0";"2";"8";"19";"1";""
"202100013046";"178Â 425";"A01";"1";"10";"0";"2";"0";"0";"1";""
"202100013046";"178Â 426";"B01";"2";"10";"0";"2";"0";"0";"1";""
"202100013047";"178Â 423";"A01";"3";"0";"0";"2";"0";"17";"6";""
"202100013047";"178Â 424";"B01";"3";"7";"0";"2";"8";"15";"0";""
"202100013048";"178Â 421";"A01";"2";"50";"1";"1";"1";"21";"3";""
"202100013048";"178Â 422";"C01";"2";"7";"0";"1";"0";"24";"1";""
"202100013049";"178Â 419";"B01";"2";"13";"0";"2";"3";"0";"6";""
"202100013049";"178Â 420";"A01";"1";"7";"0";"2";"3";"13";"1";""
"202100013050";"178Â 417";"A01";"1";"2";"0";"2";"3";"2";"3";""
"202100013050";"178Â 418";"B01";"1";"7";"0";"9";"2";"0";"1";""
"202100013051";"178Â 415";"B01";"1";"7";"0";"2";"3";"1";"1";""
"202100013051";"178Â 416";"A01";"2";"7";"0";"2";"2";"5";"1";""
"202100013052";"178Â 413";"B01";"1";"10";"0";"2";"4";"1";"1";""
"202100013052";"178Â 414";"A01";"1";"10";"0";"2";"1";"1";"1";""
"202100013053";"178Â 412";"A01";"3";"7";"0";"1";"2";"1";"1";""
"202100013054";"178Â 410";"B01";"1";"7";"0";"2";"8";"15";"1";""
"202100013054";"178Â 411";"A01";"1";"2";"0";"2";"2";"17";"0";""
"202100013055";"178Â 409";"B01";"1";"34";"0";"2";"2";"17";"1";""
"202100013056";"178Â 407";"B01";"2";"1";"0";"2";"8";"19";"5";""
"202100013056";"178Â 408";"A01";"2";"7";"0";"2";"1";"1";"3";""
"202100013057";"178Â 405";"A01";"1";"7";"0";"9";"2";"16";"1";""
"202100013057";"178Â 406";"B01";"1";"30";"0";"2";"1";"18";"1";""
"202100013058";"178Â 404";"A01";"2";"7";"0";"1";"2";"1";"1";""
"202100013059";"178Â 402";"B01";"1";"50";"1";"2";"7";"19";"3";""
"202100013059";"178Â 403";"A01";"1";"7";"1";"2";"3";"1";"1";""
"202100013060";"178Â 400";"B01";"3";"10";"0";"2";"6";"0";"1";""
"202100013060";"178Â 401";"A01";"3";"7";"0";"2";"3";"2";"1";""
"202100013061";"178Â 398";"A01";"0";"33";"0";"2";"0";"26";"1";""
"202100013061";"178Â 399";"B01";"0";"10";"0";"2";"0";"15";"1";""
"202100013062";"178Â 396";"A01";"3";"3";"0";"2";"1";"2";"1";""
"202100013062";"178Â 397";"B01";"3";"3";"0";"2";"4";"23";"1";""
"202100013063";"178Â 394";"B01";"3";"7";"0";"2";"1";"1";"1";""
"202100013063";"178Â 395";"A01";"3";"7";"0";"2";"6";"13";"1";""
"202100013064";"178Â 392";"B01";"3";"7";"0";"2";"4";"20";"1";""
"202100013064";"178Â 393";"A01";"3";"50";"0";"2";"4";"2";"3";""
"202100013065";"178Â 390";"B01";"3";"7";"9";"2";"3";"1";"1";""
"202100013065";"178Â 391";"A01";"3";"50";"0";"2";"8";"19";"3";""
"202100013066";"178Â 388";"A01";"1";"1";"0";"2";"1";"2";"5";""
"202100013066";"178Â 389";"B01";"1";"7";"0";"2";"4";"1";"1";""
"202100013067";"178Â 386";"A01";"3";"7";"0";"2";"3";"15";"1";""
"202100013067";"178Â 387";"B01";"2";"80";"0";"2";"8";"1";"3";""
"202100013068";"178Â 384";"A01";"2";"31";"0";"2";"1";"13";"1";""
"202100013068";"178Â 385";"B01";"2";"7";"0";"2";"1";"1";"1";""
"202100013069";"178Â 382";"Z01";"2";"7";"0";"2";"7";"17";"1";""
"202100013069";"178Â 383";"B01";"2";"1";"0";"2";"8";"1";"5";""
"202100013070";"178Â 380";"B01";"2";"7";"0";"2";"4";"15";"1";""
"202100013070";"178Â 381";"A01";"2";"1";"0";"2";"1";"2";"5";""
"202100013071";"178Â 378";"B01";"1";"7";"0";"2";"7";"15";"1";""
"202100013071";"178Â 379";"A01";"2";"7";"0";"2";"1";"9";"1";""
"202100013072";"178Â 377";"A01";"1";"7";"0";"1";"1";"15";"2";""
"202100013073";"178Â 373";"A01";"1";"1";"0";"2";"2";"5";"5";""
"202100013073";"178Â 374";"B01";"1";"7";"0";"2";"2";"1";"1";""
"202100013074";"178Â 372";"A01";"1";"7";"0";"1";"1";"19";"1";""
"202100013075";"178Â 370";"B01";"0";"33";"0";"2";"2";"1";"1";""
"202100013075";"178Â 371";"A01";"0";"7";"0";"2";"3";"10";"1";""
"202100013076";"178Â 368";"A01";"0";"7";"0";"2";"0";"9";"1";""
"202100013076";"178Â 369";"B01";"0";"1";"0";"2";"0";"21";"5";""
"202100013077";"178Â 366";"B01";"1";"7";"0";"2";"3";"26";"1";""
"202100013077";"178Â 367";"A01";"1";"2";"0";"2";"6";"26";"1";""
"202100013078";"178Â 364";"A01";"1";"10";"0";"2";"1";"1";"1";""
"202100013078";"178Â 365";"B01";"1";"7";"0";"2";"4";"15";"1";""
"202100013079";"178Â 363";"A01";"1";"50";"0";"1";"7";"26";"3";""
"202100013080";"178Â 360";"A01";"1";"7";"0";"2";"8";"1";"1";""
"202100013080";"178Â 361";"B01";"0";"1";"0";"2";"1";"1";"5";""
"202100013080";"178Â 362";"C01";"1";"1";"0";"2";"1";"1";"5";""
"202100013081";"178Â 359";"A01";"1";"7";"0";"1";"1";"1";"1";""
"202100013082";"178Â 357";"A01";"1";"7";"0";"2";"2";"9";"1";""
"202100013082";"178Â 358";"B01";"1";"1";"0";"2";"8";"1";"5";""
"202100013083";"178Â 355";"A01";"1";"7";"0";"2";"7";"1";"1";""
"202100013083";"178Â 356";"B01";"1";"1";"0";"2";"8";"1";"5";""
"202100013084";"178Â 354";"A01";"1";"50";"0";"0";"0";"2";"3";""
"202100013085";"178Â 352";"A01";"0";"7";"0";"2";"5";"16";"1";""
"202100013085";"178Â 353";"B01";"2";"50";"0";"0";"0";"0";"3";""
"202100013086";"178Â 350";"B01";"2";"32";"0";"2";"1";"1";"1";""
"202100013086";"178Â 351";"A01";"2";"7";"0";"2";"3";"10";"1";""
"202100013087";"178Â 348";"A01";"3";"3";"0";"2";"1";"9";"1";""
"202100013087";"178Â 349";"B01";"3";"32";"0";"2";"7";"1";"1";""
"202100013088";"178Â 346";"B01";"2";"10";"0";"2";"6";"15";"1";""
"202100013088";"178Â 347";"A01";"2";"34";"6";"2";"1";"17";"1";""
"202100013089";"178Â 344";"B01";"3";"15";"0";"2";"7";"1";"1";""
"202100013089";"178Â 345";"A01";"3";"7";"0";"2";"1";"9";"1";""
"202100013090";"178Â 343";"A01";"1";"7";"3";"0";"3";"13";"1";""
"202100013091";"178Â 341";"B01";"2";"31";"0";"2";"1";"0";"1";""
"202100013091";"178Â 342";"A01";"3";"7";"0";"2";"2";"15";"1";""
"202100013092";"178Â 340";"A01";"0";"3";"0";"1";"2";"19";"1";""
"202100013093";"178Â 337";"B01";"1";"80";"0";"2";"4";"2";"3";""
"202100013093";"178Â 338";"A01";"1";"7";"0";"2";"2";"17";"1";""
"202100013094";"178Â 335";"Z01";"1";"7";"0";"2";"2";"1";"1";""
"202100013094";"178Â 336";"B01";"2";"43";"0";"2";"8";"1";"1";""
"202100013095";"178Â 333";"B01";"1";"7";"0";"2";"4";"1";"1";""
"202100013095";"178Â 334";"A01";"1";"7";"0";"2";"1";"1";"1";""
"202100013096";"178Â 331";"B01";"2";"7";"0";"2";"3";"26";"1";""
"202100013096";"178Â 332";"A01";"1";"30";"0";"2";"1";"13";"1";""
"202100013097";"178Â 330";"A01";"2";"7";"16";"0";"1";"26";"1";""
"202100013098";"178Â 329";"A01";"2";"33";"6";"0";"1";"1";"1";""
"202100013099";"178Â 327";"B01";"1";"7";"0";"2";"4";"1";"1";""
"202100013099";"178Â 328";"A01";"1";"7";"0";"2";"1";"1";"1";""
"202100013100";"178Â 326";"A01";"3";"30";"12";"0";"7";"1";"1";""
"202100013101";"178Â 325";"A01";"1";"7";"0";"1";"1";"1";"1";""
"202100013102";"178Â 323";"B01";"2";"34";"0";"2";"1";"1";"1";""
"202100013102";"178Â 324";"A01";"1";"7";"0";"2";"7";"15";"1";""
"202100013103";"178Â 321";"A01";"1";"7";"0";"9";"3";"15";"1";""
"202100013103";"178Â 322";"B01";"2";"50";"0";"2";"8";"1";"3";""
"202100013104";"178Â 319";"B01";"1";"13";"0";"2";"8";"1";"1";""
"202100013104";"178Â 320";"A01";"1";"31";"0";"2";"7";"3";"1";""
"202100013105";"178Â 318";"A01";"1";"15";"0";"1";"3";"1";"1";""
"202100013106";"178Â 316";"A01";"2";"30";"0";"2";"2";"1";"1";""
"202100013106";"178Â 317";"B01";"2";"7";"0";"2";"3";"1";"1";""
"202100013107";"178Â 315";"A01";"2";"1";"0";"1";"1";"1";"5";""
"202100013108";"178Â 313";"B01";"2";"1";"0";"2";"1";"1";"5";""
"202100013108";"178Â 314";"A01";"1";"50";"0";"2";"1";"13";"3";""
"202100013109";"178Â 311";"A01";"2";"34";"0";"2";"1";"1";"1";""
"202100013109";"178Â 312";"B01";"2";"1";"0";"2";"4";"13";"5";""
"202100013110";"178Â 310";"A01";"2";"32";"0";"1";"1";"1";"1";""
"202100013111";"178Â 308";"B01";"2";"1";"0";"2";"1";"1";"5";""
"202100013111";"178Â 309";"A01";"1";"7";"0";"2";"2";"15";"1";""
"202100013112";"178Â 306";"B01";"1";"33";"0";"2";"1";"1";"1";""
"202100013112";"178Â 307";"A01";"1";"7";"0";"2";"3";"9";"1";""
"202100013113";"178Â 305";"A01";"3";"50";"0";"0";"1";"21";"3";""
"202100013114";"178Â 303";"A01";"1";"50";"0";"2";"1";"1";"3";""
"202100013114";"178Â 304";"Z01";"1";"7";"0";"2";"7";"1";"0";""
"202100013115";"178Â 301";"A01";"1";"30";"0";"2";"1";"1";"3";""
"202100013115";"178Â 302";"B01";"2";"1";"0";"2";"3";"1";"5";""
"202100013116";"178Â 300";"A01";"2";"7";"0";"1";"3";"1";"1";""
"202100013117";"178Â 298";"B01";"0";"7";"0";"2";"8";"15";"1";""
"202100013117";"178Â 299";"A01";"0";"10";"0";"2";"1";"17";"1";""
"202100013118";"178Â 296";"A01";"2";"32";"0";"2";"1";"2";"1";""
"202100013118";"178Â 297";"B01";"2";"7";"0";"2";"3";"2";"1";""
"202100013119";"178Â 294";"B01";"3";"7";"0";"2";"1";"26";"1";""
"202100013119";"178Â 295";"A01";"3";"2";"0";"2";"0";"26";"1";""
"202100013120";"178Â 293";"A01";"2";"7";"0";"1";"1";"16";"1";""
"202100013121";"178Â 292";"A01";"2";"7";"0";"1";"1";"1";"1";""
"202100013122";"178Â 290";"A01";"1";"7";"0";"2";"2";"16";"0";""
"202100013122";"178Â 291";"B01";"1";"1";"0";"2";"1";"1";"5";""
"202100013123";"178Â 289";"A01";"2";"7";"0";"1";"2";"2";"1";""
"202100013124";"178Â 287";"B01";"0";"1";"0";"2";"4";"1";"0";""
"202100013124";"178Â 288";"A01";"0";"7";"0";"2";"2";"1";"1";""
"202100013125";"178Â 286";"A01";"3";"33";"0";"0";"1";"21";"1";""
"202100013126";"178Â 284";"B01";"2";"33";"0";"2";"1";"1";"1";""
"202100013126";"178Â 285";"A01";"2";"7";"0";"2";"8";"2";"1";""
"202100013127";"178Â 282";"B01";"1";"7";"0";"2";"3";"15";"1";""
"202100013127";"178Â 283";"A01";"2";"7";"0";"2";"1";"1";"2";""
"202100013128";"178Â 280";"A01";"1";"30";"16";"0";"2";"9";"1";""
"202100013128";"178Â 281";"B01";"1";"7";"0";"2";"8";"1";"1";""
"202100013129";"178Â 278";"B01";"1";"7";"0";"2";"1";"2";"1";""
"202100013129";"178Â 279";"A01";"1";"7";"0";"0";"4";"2";"1";""
"202100013130";"178Â 277";"A01";"2";"34";"8";"0";"1";"13";"1";""
"202100013131";"178Â 274";"C01";"1";"7";"0";"2";"7";"1";"1";""
"202100013131";"178Â 275";"B01";"1";"33";"1";"2";"2";"18";"1";""
"202100013131";"178Â 276";"A01";"1";"7";"1";"2";"8";"22";"1";""
"202100013132";"178Â 273";"A01";" -1";"7";"0";"2";"1";"1";"0";""
"202100013133";"178Â 271";"B01";"1";"31";"0";"2";"1";"1";"1";""
"202100013133";"178Â 272";"A01";"2";"10";"0";"2";"2";"15";"1";""
"202100013134";"178Â 269";"B01";"1";"7";"0";"2";"0";"11";"2";""
"202100013134";"178Â 270";"A01";"2";"50";"0";"0";"1";"1";"3";""
"202100013135";"178Â 266";"A01";"1";"7";"0";"2";"1";"2";"1";""
"202100013135";"178Â 267";"B01";"1";"7";"0";"2";"4";"23";"1";""
"202100013135";"178Â 268";"C01";"1";"7";"0";"2";"4";"23";"1";""
"202100013136";"178Â 264";"B01";" -1";"7";"0";"2";"8";"1";"0";""
"202100013136";"178Â 265";"A01";" -1";"7";"0";"2";"7";"14";"1";""
"202100013137";"178Â 263";"A01";"2";"10";"0";"1";"7";"1";"1";""
"202100013138";"178Â 262";"A01";" -1";"7";"0";"1";"1";"19";"2";""
"202100013139";"178Â 260";"A01";"0";"10";"0";"2";"3";"1";"1";""
"202100013139";"178Â 261";"B01";"0";"50";"0";"2";"1";"1";"3";""
"202100013140";"178Â 258";"B01";"3";"10";"0";"2";"2";"1";"0";""
"202100013140";"178Â 259";"A01";" -1";"32";"0";"2";"8";"16";"1";""
"202100013141";"178Â 256";"B01";" -1";"7";"0";"2";"2";"15";"1";""
"202100013141";"178Â 257";"A01";" -1";"34";"0";"2";"1";"2";"1";""
"202100013142";"178Â 255";"A01";"2";"30";"0";"0";"7";"17";"1";""
"202100013143";"178Â 253";"B01";"2";"7";"0";"2";"1";"1";"1";""
"202100013143";"178Â 254";"A01";"1";"30";"0";"2";"8";"15";"1";""
"202100013144";"178Â 252";"A01";"1";"7";"0";"1";"1";"2";"1";""
"202100013145";"178Â 250";"B01";"1";"33";"0";"2";"1";"1";"1";""
"202100013145";"178Â 251";"A01";"2";"7";"0";"2";"3";"16";"1";""
"202100013146";"178Â 248";"B01";"1";"1";"1";"0";"1";"1";"5";""
"202100013146";"178Â 249";"A01";"1";"7";"0";"2";"8";"22";"1";""
"202100013147";"178Â 247";"A01";"3";"30";"0";"0";"0";"1";"1";""
"202100013148";"178Â 246";"A01";"2";"7";"15";"1";"1";"6";"0";""
"202100013149";"178Â 244";"A01";"2";"10";"0";"2";"7";"16";"1";""
"202100013149";"178Â 245";"B01";"2";"33";"0";"2";"8";"1";"1";""
"202100013150";"178Â 242";"A01";"1";"7";"0";"2";"3";"13";"1";""
"202100013150";"178Â 243";"B01";"2";"15";"0";"2";"3";"1";"1";""
"202100013151";"178Â 240";"B01";"1";"10";"0";"2";"3";"1";"1";""
"202100013151";"178Â 241";"A01";"2";"7";"0";"2";"3";"13";"1";""
"202100013152";"178Â 239";"A01";"1";"2";"0";"6";"1";"1";"1";""
"202100013153";"178Â 237";"B01";"2";"7";"0";"2";"1";"0";"1";""
"202100013153";"178Â 238";"A01";"1";"7";"0";"2";"1";"5";"1";""
"202100013154";"178Â 235";"B01";"3";"31";"0";"2";"1";"1";"1";""
"202100013154";"178Â 236";"A01";"3";"7";"0";"2";"3";"15";"1";""
"202100013155";"178Â 234";"A01";"1";"7";"13";"0";"3";"1";"1";""
"202100013156";"178Â 231";"C01";"1";"1";"0";"2";"9";"2";"5";""
"202100013156";"178Â 232";"B01";"1";"1";"0";"2";"9";"2";"2";""
"202100013156";"178Â 233";"A01";"1";"7";"0";"2";"2";"17";"1";""
"202100013157";"178Â 229";"B01";"2";"7";"0";"2";"2";"1";"1";""
"202100013157";"178Â 230";"A01";"1";"2";"0";"2";"7";"15";"1";""
"202100013158";"178Â 228";"A01";"2";"7";"9";"0";"1";"1";"1";""
"202100013159";"178Â 226";"B01";"1";"7";"0";"2";"7";"10";"3";""
"202100013159";"178Â 227";"A01";"1";"7";"0";"2";"1";"2";"1";""
"202100013160";"178Â 224";"A01";"2";"7";"0";"2";"3";"13";"1";""
"202100013160";"178Â 225";"B01";"1";"7";"0";"2";"1";"1";"1";""
"202100013161";"178Â 221";"A01";"1";"7";"0";"2";"1";"2";"1";""
"202100013161";"178Â 222";"B01";"1";"7";"0";"2";"4";"2";"1";""
"202100013161";"178Â 223";"C01";"1";"80";"0";"2";"4";"1";"3";""
"202100013162";"178Â 220";"A01";"0";"33";"13";"0";"7";"1";"1";""
"202100013163";"178Â 219";"A01";"1";"7";"14";"0";"1";"6";"1";""
"202100013164";"178Â 217";"B01";"1";"7";"0";"2";"3";"0";"1";""
"202100013164";"178Â 218";"A01";"2";"33";"0";"2";"3";"11";"1";""
"202100013165";"178Â 215";"A01";"2";"7";"0";"0";"1";"13";"1";""
"202100013165";"178Â 216";"B01";"1";"7";"0";"0";"1";"1";"1";""
"202100013166";"178Â 213";"A01";"1";"10";"12";"2";"2";"15";"1";""
"202100013166";"178Â 214";"B01";"2";"7";"0";"2";"1";"1";"1";""
"202100013167";"178Â 211";"A01";"1";"7";"0";"2";"1";"13";"1";""
"202100013167";"178Â 212";"B01";"2";"7";"0";"2";"1";"1";"1";""
"202100013168";"178Â 209";"A01";"2";"1";"0";"2";"2";"13";"6";""
"202100013168";"178Â 210";"B01";"1";"7";"0";"9";"3";"0";"1";""
"202100013169";"178Â 208";"A01";"1";"33";"0";"0";"0";"1";"1";""
"202100013170";"178Â 206";"B01";"1";"1";"0";"2";"7";"19";"5";""
"202100013170";"178Â 207";"A01";"2";"10";"0";"2";"1";"9";"1";""
"202100013171";"178Â 204";"B01";"1";"10";"0";"2";"1";"1";"1";""
"202100013171";"178Â 205";"A01";"2";"7";"0";"2";"8";"1";"1";""
"202100013172";"178Â 202";"A01";"1";"7";"0";"2";"2";"1";"1";""
"202100013172";"178Â 203";"B01";"1";"10";"0";"2";"6";"1";"1";""
"202100013173";"178Â 200";"B01";"2";"15";"0";"2";"3";"1";"1";""
"202100013173";"178Â 201";"A01";"1";"7";"0";"2";"3";"13";"1";""
"202100013174";"178Â 198";"A01";"1";"10";"0";"2";"7";"1";"1";""
"202100013174";"178Â 199";"B01";"1";"7";"0";"2";"1";"1";"1";""
"202100013175";"178Â 197";"A01";"3";"7";"6";"0";"9";"1";"1";""
"202100013176";"178Â 196";"A01";"2";"1";"0";"0";"0";"1";"5";""
"202100013177";"178Â 193";"C01";"1";"7";"3";"2";"1";"0";"1";""
"202100013177";"178Â 194";"B01";"1";"7";"0";"2";"1";"0";"1";""
"202100013177";"178Â 195";"A01";"1";"7";"4";"2";"1";"0";"1";""
"202100013178";"178Â 191";"B01";"1";"15";"0";"2";"1";"1";"1";""
"202100013178";"178Â 192";"A01";"1";"10";"0";"2";"4";"1";"1";""
"202100013179";"178Â 189";"A01";"1";"7";"0";"2";"3";"15";"1";""
"202100013179";"178Â 190";"B01";"1";"7";"0";"2";"2";"17";"1";""
"202100013180";"178Â 187";"B01";"3";"7";"0";"2";"1";"1";"1";""
"202100013180";"178Â 188";"A01";"3";"32";"0";"2";"1";"5";"1";""
"202100013181";"178Â 185";"B01";"2";"7";"13";"0";"0";"1";"1";""
"202100013181";"178Â 186";"A01";"1";"7";"0";"0";"0";"19";"1";""
"202100013182";"178Â 183";"B01";"1";"1";"0";"2";"7";"1";"5";""
"202100013182";"178Â 184";"A01";"0";"7";"0";"9";"3";"19";"1";""
"202100013183";"178Â 181";"B01";"2";"32";"8";"2";"1";"19";"1";""
"202100013183";"178Â 182";"A01";"2";"7";"0";"2";"7";"16";"1";""
"202100013184";"178Â 180";"A01";"2";"7";"2";"0";"1";"1";"1";""
"202100013185";"178Â 178";"B01";"2";"7";"0";"2";"3";"1";"1";""
"202100013185";"178Â 179";"A01";"1";"7";"0";"2";"3";"13";"1";""
"202100013186";"178Â 175";"A01";"1";"7";"9";"0";"2";"2";"1";""
"202100013187";"178Â 174";"A01";"2";"7";"0";"0";"2";"1";"1";""