"Num_Acc";"id_vehicule";"num_veh";"senc";"catv";"obs";"obsm";"choc";"manv";"motor";"occutc"
"202100013188";"178Â 173";"A01";"2";"31";"7";"0";"1";"1";"1";""
"202100013189";"178Â 169";"A01";"2";"7";"0";"2";"5";"1";"1";""
"202100013189";"178Â 170";"D01";"2";"7";"0";"2";"1";"1";"1";""
"202100013189";"178Â 171";"C01";"2";"7";"0";"2";"4";"1";"1";""
"202100013189";"178Â 172";"Z01";"2";"7";"0";"2";"3";"0";"1";""
"202100013190";"178Â 165";"A01";"2";"7";"0";"2";"1";"0";"1";""
"202100013190";"178Â 166";"B01";"2";"7";"0";"2";"0";"1";"1";""
"202100013190";"178Â 167";"C01";"2";"7";"0";"2";"6";"1";"1";""
"202100013190";"178Â 168";"D01";"2";"7";"0";"2";"0";"1";"1";""
"202100013191";"178Â 163";"B01";"1";"7";"0";"2";"4";"2";"1";""
"202100013191";"178Â 164";"A01";"1";"7";"0";"2";"1";"2";"1";""
"202100013192";"178Â 161";"A01";"2";"7";"0";"2";"1";"2";"1";""
"202100013192";"178Â 162";"B01";"2";"7";"0";"2";"4";"2";"1";""
"202100013193";"178Â 158";"A01";"1";"7";"0";"2";"1";"2";"1";""
"202100013193";"178Â 159";"B01";"1";"7";"0";"2";"4";"2";"1";""
"202100013193";"178Â 160";"C01";"1";"7";"0";"2";"4";"2";"1";""
"202100013194";"178Â 156";"A01";"1";"7";"0";"2";"1";"2";"1";""
"202100013194";"178Â 157";"B01";"1";"7";"0";"2";"4";"2";"1";""
"202100013195";"178Â 153";"B01";"1";"7";"0";"2";"1";"1";"1";""
"202100013195";"178Â 154";"A01";"1";"15";"0";"2";"1";"17";"1";""
"202100013195";"178Â 155";"C01";"1";"7";"0";"2";"1";"1";"1";""
"202100013196";"178Â 150";"C01";"2";"7";"0";"2";"2";"12";"1";""
"202100013196";"178Â 151";"B01";"2";"33";"0";"2";"4";"21";"1";""
"202100013196";"178Â 152";"A01";"2";"33";"0";"2";"1";"21";"1";""
"202100013197";"178Â 147";"B01";"1";"7";"0";"2";"3";"2";"1";""
"202100013197";"178Â 148";"C01";"1";"7";"0";"2";"5";"2";"1";""
"202100013197";"178Â 149";"A01";"1";"7";"0";"2";"1";"0";"1";""
"202100013198";"178Â 145";"A01";"2";"33";"0";"2";"2";"3";"1";""
"202100013198";"178Â 146";"B01";"2";"7";"0";"2";"6";"2";"1";""
"202100013199";"178Â 143";"B01";"1";"15";"0";"2";"4";"2";"1";""
"202100013199";"178Â 144";"A01";"1";"7";"0";"2";"1";"2";"1";""
"202100013200";"178Â 140";"C01";"1";"7";"0";"2";"4";"2";"1";""
"202100013200";"178Â 141";"B01";"1";"10";"0";"2";"4";"2";"1";""
"202100013200";"178Â 142";"A01";"1";"10";"0";"2";"1";"2";"1";""
"202100013201";"178Â 139";"Z01";"2";"7";"4";"0";"3";"1";"1";""
"202100013202";"178Â 137";"A01";"1";"7";"0";"2";"1";"2";"1";""
"202100013202";"178Â 138";"B01";"3";"7";"0";"2";"4";"2";"1";""
"202100013203";"178Â 135";"B01";"2";"10";"0";"2";"3";"15";"1";""
"202100013203";"178Â 136";"A01";"2";"33";"0";"2";"1";"1";"1";""
"202100013204";"178Â 134";"A01";"1";"2";"1";"0";"1";"12";"1";""
"202100013205";"178Â 133";"A01";"1";"7";"0";"1";"1";"20";"1";""
"202100013206";"178Â 132";"A01";"3";"7";"0";"1";"3";"9";"1";""
"202100013207";"178Â 130";"B01";"1";"37";"0";"2";"1";"7";"1";"1"
"202100013207";"178Â 131";"A01";"1";"7";"0";"2";"1";"15";"1";""
"202100013208";"178Â 128";"A01";"0";"10";"0";"2";"3";"9";"1";""
"202100013208";"178Â 129";"B01";"0";"7";"0";"2";"2";"15";"1";""
"202100013209";"178Â 126";"B01";"3";"7";"0";"2";"7";"1";"1";""
"202100013209";"178Â 127";"A01";"0";"7";"0";"2";"8";"9";"1";""
"202100013210";"178Â 124";"B01";"2";"1";"0";"2";"1";"19";"5";""
"202100013210";"178Â 125";"A01";"1";"7";"0";"2";"2";"16";"1";""
"202100013211";"178Â 122";"B01";"1";"7";"0";"2";"3";"1";"1";""
"202100013211";"178Â 123";"A01";"2";"7";"0";"2";"1";"13";"1";""
"202100013212";"178Â 121";"A01";" -1";"31";"3";"0";"1";"9";"0";""
"202100013213";"178Â 119";"B01";"1";"33";"0";"2";"8";"1";"1";""
"202100013213";"178Â 120";"A01";"1";"7";"0";"2";"7";"12";"1";""
"202100013214";"178Â 117";"A01";"3";"7";"0";"2";"4";"20";"1";""
"202100013214";"178Â 118";"B01";"2";"30";"0";"2";"1";"21";"1";""
"202100013215";"178Â 116";"A01";"3";"10";"0";"1";"7";"0";"1";""
"202100013216";"178Â 114";"B01";"1";"13";"0";"2";"3";"0";"1";""
"202100013216";"178Â 115";"A01";"1";"30";"0";"2";"1";"1";"1";""
"202100013217";"178Â 113";"A01";"3";"7";"0";"1";"2";"26";"1";""
"202100013218";"178Â 112";"A01";"1";"7";"0";"1";"1";"9";"1";""
"202100013219";"178Â 110";"B01";"3";"10";"0";"2";"3";"1";"1";""
"202100013219";"178Â 111";"A01";"1";"32";"0";"2";"1";"21";"1";""
"202100013220";"178Â 109";"A01";"3";"30";"0";"1";"2";"1";"1";""
"202100013221";"178Â 108";"A01";"2";"7";"0";"1";"3";"1";"1";""
"202100013222";"178Â 107";"A01";"1";"2";"0";"0";"7";"0";"1";""
"202100013223";"178Â 105";"B01";"1";"7";"6";"2";"2";"1";"1";""
"202100013223";"178Â 106";"A01";"1";"7";"1";"2";"3";"1";"1";""
"202100013224";"178Â 103";"B01";"2";"7";"0";"2";"3";"1";"1";""
"202100013224";"178Â 104";"A01";"2";"7";"0";"2";"1";"1";"1";""
"202100013225";"178Â 101";"B01";"1";"2";"0";"2";"8";"1";"1";""
"202100013225";"178Â 102";"A01";"2";"7";"0";"2";"1";"15";"2";""
"202100013226";"178Â 099";"A01";"0";"7";"0";"2";"3";"20";"1";""
"202100013226";"178Â 100";"B01";"0";"7";"0";"2";"2";"1";"1";""
"202100013227";"178Â 096";"A01";"2";"10";"0";"2";"1";"18";"1";""
"202100013227";"178Â 097";"B01";"2";"7";"0";"2";"6";"1";"1";""
"202100013227";"178Â 098";"C01";"2";"7";"0";"2";"2";"1";"1";""
"202100013228";"178Â 094";"B01";"2";"33";"0";"2";"0";"1";"1";""
"202100013228";"178Â 095";"A01";"2";"7";"0";"2";"7";"15";"1";""
"202100013229";"178Â 092";"A01";"3";"7";"0";"2";"3";"15";"1";""
"202100013229";"178Â 093";"B01";"3";"30";"0";"2";"3";"3";"1";""
"202100013230";"178Â 091";"A01";"1";"7";"0";"1";"1";"1";"1";""
"202100013231";"178Â 090";"A01";"0";"7";"0";"1";"1";"1";"1";""
"202100013232";"178Â 088";"B01";"3";"1";"0";"2";"8";"13";"5";""
"202100013232";"178Â 089";"A01";"1";"15";"0";"2";"2";"2";"1";""
"202100013233";"178Â 086";"A01";"1";"7";"0";"2";"2";"1";"1";""
"202100013233";"178Â 087";"B01";"1";"1";"0";"2";"8";"5";"0";""
"202100013234";"178Â 084";"A01";"1";"33";"0";"2";"7";"1";"1";""
"202100013234";"178Â 085";"B01";"1";"10";"0";"2";"6";"1";"1";""
"202100013235";"178Â 082";"A01";"3";"50";"0";" -1";"8";"25";"3";""
"202100013235";"178Â 083";"B01";"3";"40";"0";"9";"7";"1";"3";""
"202100013236";"178Â 081";"A01";"3";"7";"0";"1";"2";"1";"1";""
"202100013237";"178Â 079";"B01";"1";"7";"0";"2";"1";"1";"1";""
"202100013237";"178Â 080";"A01";"3";"7";"1";"2";"6";"19";"1";""
"202100013238";"178Â 078";"A01";"1";"7";"0";"1";"1";"17";"2";""
"202100013239";"178Â 076";"A01";"1";"34";"0";"2";"1";"17";"1";""
"202100013239";"178Â 077";"B01";"1";"7";"0";"2";"6";"15";"1";""
"202100013240";"178Â 074";"B01";"0";"7";"0";"2";"8";"16";"1";""
"202100013240";"178Â 075";"A01";"0";"7";"0";"2";"1";"2";"1";""
"202100013241";"178Â 072";"A01";"1";"7";"0";"2";"1";"15";"1";""
"202100013241";"178Â 073";"B01";"2";"2";"0";"2";"1";"1";"1";""
"202100013242";"178Â 070";"B01";"2";"1";"0";"2";"4";"1";"5";""
"202100013242";"178Â 071";"A01";"2";"7";"0";"2";"2";"9";"1";""
"202100013243";"178Â 069";"A01";"2";"7";"0";"1";"3";"1";"1";""
"202100013244";"178Â 068";"A01";"1";"7";"1";"0";"2";"1";"1";""
"202100013245";"178Â 066";"A01";"1";"7";"0";"2";"7";"1";"1";""
"202100013245";"178Â 067";"B01";"2";"1";"0";"2";"1";"15";"5";""
"202100013246";"178Â 064";"B01";"3";"7";"0";"2";"4";"23";"1";""
"202100013246";"178Â 065";"A01";"3";"7";"0";"2";"1";"1";"1";""
"202100013247";"178Â 063";"A01";"3";"7";"9";"1";"2";"14";"1";""
"202100013248";"178Â 061";"A01";"3";"7";"0";"2";"3";"16";"1";""
"202100013248";"178Â 062";"B01";"3";"1";"0";"2";"1";"5";"5";""
"202100013249";"178Â 059";"B01";"2";"7";"0";"2";"4";"1";"1";""
"202100013249";"178Â 060";"A01";"2";"14";"0";"2";"1";"1";"1";""
"202100013250";"178Â 057";"B01";"1";"60";"0";"2";"1";"19";"5";""
"202100013250";"178Â 058";"A01";"1";"7";"0";"9";"3";"1";"1";""
"202100013251";"178Â 055";"B01";"1";"7";"0";"2";"7";"1";"1";""
"202100013251";"178Â 056";"A01";"1";"7";"0";"2";"1";"1";"1";""
"202100013252";"178Â 053";"B01";"1";"7";"0";"2";"2";"1";"1";""
"202100013252";"178Â 054";"A01";"1";"7";"0";"2";"7";"15";"1";""
"202100013253";"178Â 051";"B01";"1";"1";"0";"2";"1";"1";"5";""
"202100013253";"178Â 052";"A01";"1";"7";"0";"9";"2";"15";"1";""
"202100013254";"178Â 049";"A01";"1";"7";"0";"2";"1";"1";"1";""
"202100013254";"178Â 050";"B01";"1";"7";"0";"2";"4";"1";"1";""
"202100013255";"178Â 047";"B01";"1";"37";"0";"2";"8";"1";"1";"5"
"202100013255";"178Â 048";"Z01";"1";"7";"0";"9";"7";"12";"1";""
"202100013256";"178Â 046";"A01";"1";"7";"0";"1";"1";"1";"1";""
"202100013257";"178Â 044";"A01";"1";"7";"0";"2";"1";"26";"1";""
"202100013257";"178Â 045";"B01";"1";"7";"0";"2";"4";"1";"1";""
"202100013258";"178Â 041";"A01";"1";"7";"0";"2";"1";"2";"1";""
"202100013258";"178Â 042";"B01";"1";"7";"0";"2";"1";"2";"1";""
"202100013258";"178Â 043";"C01";"1";"7";"0";"2";"4";"2";"1";""
"202100013259";"178Â 040";"A01";"1";"1";"0";"0";"0";"19";"5";""
"202100013260";"178Â 039";"A01";"1";"7";"0";"1";"3";"1";"1";""
"202100013261";"178Â 038";"A01";"1";"7";"0";"1";"7";"16";"1";""
"202100013262";"178Â 036";"A01";"2";"7";"0";"2";"1";"2";"1";""
"202100013262";"178Â 037";"B01";"2";"37";"0";"2";"4";"1";"1";"1"
"202100013263";"178Â 032";"A01";"1";"7";"0";"2";"6";"9";"1";""
"202100013263";"178Â 033";"B01";"1";"32";"0";"2";"2";"2";"1";""
"202100013264";"178Â 031";"A01";"1";"7";"0";"1";"1";"1";"1";""
"202100013265";"178Â 030";"A01";"2";"10";"0";"1";"1";"15";"1";""
"202100013266";"178Â 028";"B01";"2";"7";"0";"2";"4";"1";"1";""
"202100013266";"178Â 029";"A01";"2";"7";"0";"2";"1";"1";"1";""
"202100013267";"178Â 026";"B01";"2";"1";"0";"2";"2";"1";"5";""
"202100013267";"178Â 027";"A01";"2";"7";"0";"2";"7";"20";"1";""
"202100013268";"178Â 024";"A01";"2";"7";"0";"2";"1";"1";"1";""
"202100013268";"178Â 025";"B01";"2";"2";"0";"2";"4";"0";"1";""
"202100013269";"178Â 022";"A01";"2";"7";"0";"2";"2";"15";"1";""
"202100013269";"178Â 023";"B01";"1";"80";"0";"2";"1";"1";"3";""
"202100013270";"178Â 020";"A01";"1";"1";"0";"2";"1";"15";"5";""
"202100013270";"178Â 021";"B01";"1";"7";"0";"9";"8";"1";"1";""
"202100013271";"178Â 019";"A01";"2";"7";"0";"1";"2";"15";"1";""
"202100013272";"178Â 017";"B01";"1";"30";"1";"0";"0";"0";"1";""
"202100013272";"178Â 018";"A01";"1";"7";"0";"2";"8";"22";"1";""
"202100013273";"178Â 016";"A01";"2";"7";"0";"1";"3";"20";"1";""
"202100013274";"178Â 015";"A01";"1";"7";"0";"1";"1";"1";"1";""
"202100013275";"178Â 011";"A01";"0";"7";"14";"0";"1";"6";"1";""
"202100013275";"178Â 012";"B01";"0";"7";"0";"0";"8";"23";"1";""
"202100013275";"178Â 013";"C01";"0";"7";"0";"0";"3";"23";"1";""
"202100013275";"178Â 014";"D01";"0";"7";"0";"0";"5";"23";"1";""
"202100013276";"178Â 009";"A01";"1";"2";"0";"2";"1";"1";"1";""
"202100013276";"178Â 010";"B01";"1";"7";"0";"2";"8";"1";"1";""
"202100013277";"178Â 008";"A01";"1";"7";"1";"0";"2";"14";"1";""
"202100013278";"178Â 006";"B01";"0";"7";"0";"0";"4";"2";"1";""
"202100013278";"178Â 007";"A01";"0";"33";"0";"2";"1";"2";"1";""
"202100013279";"178Â 004";"A01";"1";"30";"0";"2";"0";"9";"1";""
"202100013279";"178Â 005";"B01";"2";"7";"0";"2";"3";"15";"1";""
"202100013280";"178Â 002";"A01";"2";"7";"0";"2";"3";"9";"1";""
"202100013280";"178Â 003";"B01";"2";"2";"0";"2";"2";"1";"1";""
"202100013281";"178Â 000";"A01";"1";"7";"0";"2";"1";"15";"1";""
"202100013281";"178Â 001";"B01";"1";"30";"0";"2";"1";"1";"1";""
"202100013282";"177Â 998";"B01";"1";"7";"0";"2";"7";"1";"1";""
"202100013282";"177Â 999";"A01";"1";"7";"0";"2";"3";"17";"1";""
"202100013283";"177Â 996";"B01";"0";"1";"0";"2";"4";"0";"5";""
"202100013283";"177Â 997";"A01";"0";"7";"0";"2";"3";"26";"1";""
"202100013284";"177Â 995";"A01";"3";"30";"0";"0";"7";"26";"1";""
"202100013285";"177Â 993";"A01";"3";"7";"0";"2";"1";"13";"1";""
"202100013285";"177Â 994";"B01";"3";"7";"0";"2";"3";"1";"1";""
"202100013286";"177Â 991";"B01";"1";"80";"0";"2";"8";"0";"3";""
"202100013286";"177Â 992";"A01";"1";"7";"0";"2";"5";"2";"1";""
"202100013287";"177Â 989";"B01";"2";"7";"0";"2";"3";"1";"1";""
"202100013287";"177Â 990";"A01";"1";"7";"0";"2";"3";"1";"1";""
"202100013288";"177Â 987";"B01";"1";"7";"0";"2";"3";"1";"1";""
"202100013288";"177Â 988";"A01";"1";"7";"0";"2";"2";"15";"1";""
"202100013289";"177Â 985";"B01";"2";"7";"0";"2";"2";"1";"1";""
"202100013289";"177Â 986";"A01";"2";"7";"2";"0";"5";"18";"1";""
"202100013290";"177Â 983";"A01";"1";"7";"0";"2";"1";"15";"1";""
"202100013290";"177Â 984";"B01";"1";"31";"0";"2";"1";"17";"1";""
"202100013291";"177Â 982";"A01";"2";"7";"9";"0";"1";"1";"1";""
"202100013292";"177Â 981";"A01";"2";"7";"0";"1";"2";"16";"2";""
"202100013293";"177Â 980";"A01";"0";"7";"0";"1";"0";"1";"1";""
"202100013294";"177Â 978";"B01";"0";"7";"0";"2";"1";"1";"1";""
"202100013294";"177Â 979";"A01";"0";"7";"0";"2";"1";"15";"1";""
"202100013295";"177Â 976";"B01";"3";"32";"13";"2";"3";"1";"1";""
"202100013295";"177Â 977";"A01";"3";"7";"0";"2";"3";"15";"1";""
"202100013296";"177Â 975";"A01";"3";"2";"0";"1";"1";"2";"1";""
"202100013297";"177Â 973";"B01";"1";"32";"0";"2";"8";"1";"1";""
"202100013297";"177Â 974";"A01";"1";"10";"0";"2";"0";"15";"1";""
"202100013298";"177Â 971";"B01";"1";"7";"0";"2";"5";"1";"3";""
"202100013298";"177Â 972";"A01";"1";"33";"0";"1";"1";"14";"1";""
"202100013299";"177Â 969";"B01";"2";"1";"0";"2";"8";"21";"5";""
"202100013299";"177Â 970";"A01";"1";"7";"0";"2";"1";"15";"1";""
"202100013300";"177Â 967";"A01";"1";"50";"0";"2";"6";"13";"3";""
"202100013300";"177Â 968";"B01";"2";"10";"0";"9";"6";"15";"1";""
"202100013301";"177Â 966";"A01";"1";"33";"0";"1";"1";"1";"1";""
"202100013302";"177Â 965";"A01";"2";"31";"0";"1";"3";"1";"1";""
"202100013303";"177Â 963";"A01";"2";"32";"0";"2";"3";"18";"1";""
"202100013303";"177Â 964";"B01";"2";"10";"0";"2";"2";"1";"1";""
"202100013304";"177Â 962";"A01";"1";"1";"0";"0";"1";"1";"5";""
"202100013305";"177Â 960";"A01";"1";"1";"0";"2";"7";"1";"5";""
"202100013305";"177Â 961";"B01";"1";"7";"0";"2";"1";"15";"1";""
"202100013306";"177Â 959";"A01";"2";"43";"12";"0";"8";"18";"1";""
"202100013307";"177Â 958";"A01";"1";"7";"0";"1";"1";"9";"1";""
"202100013308";"177Â 956";"B01";"1";"14";"0";"2";"3";"24";"1";""
"202100013308";"177Â 957";"A01";"1";"37";"0";"2";"5";"17";"1";"3"
"202100013309";"177Â 955";"A01";"2";"1";"1";"0";"2";"13";"5";""
"202100013310";"177Â 953";"B01";"1";"32";"0";"2";"1";"1";"1";""
"202100013310";"177Â 954";"A01";"1";"7";"0";"2";"2";"15";"1";""
"202100013311";"177Â 951";"A01";"2";"7";"0";"2";"3";"15";"1";""
"202100013311";"177Â 952";"B01";"1";"32";"0";"2";"3";"1";"1";""
"202100013312";"177Â 950";"Z01";"1";"30";"0";"1";"2";"1";"0";""
"202100013313";"177Â 949";"A01";"1";"31";"0";"1";"1";"1";"1";""
"202100013314";"177Â 947";"A01";"2";"7";"0";"2";"2";"16";"1";""
"202100013314";"177Â 948";"B01";"2";"50";"0";"2";"1";"1";"3";""
"202100013315";"177Â 946";"A01";"2";"32";"0";"2";"5";"21";"1";""
"202100013316";"177Â 944";"B01";"3";"1";"0";"2";"8";"19";"5";""
"202100013316";"177Â 945";"A01";"3";"32";"0";"2";"1";"1";"1";""
"202100013317";"177Â 942";"Z01";"2";"7";"0";"2";"0";"14";"1";""
"202100013317";"177Â 943";"B01";"2";"33";"0";"2";"7";"2";"1";""
"202100013318";"177Â 940";"B01";"2";"7";"0";"2";"8";"1";"1";""
"202100013318";"177Â 941";"A01";"1";"7";"0";"2";"1";"1";"1";""
"202100013319";"177Â 939";"A01";"0";"7";"1";"0";"2";"1";"1";""
"202100013320";"177Â 937";"A01";"1";"7";"0";"0";"8";"11";"1";""
"202100013320";"177Â 938";"B01";"1";"34";"0";"0";"2";"1";"1";""
"202100013321";"177Â 935";"A01";"1";"7";"0";"2";"7";"14";"1";""
"202100013321";"177Â 936";"B01";"1";"31";"0";"2";"3";"2";"1";""
"202100013322";"177Â 933";"B01";"2";"7";"0";"2";"4";"1";"2";""
"202100013322";"177Â 934";"A01";"2";"33";"1";"2";"1";"1";"1";""
"202100013323";"177Â 932";"A01";"2";"15";"0";"1";"1";"26";"1";""
"202100013324";"177Â 931";"A01";"1";"7";"0";"1";"1";"11";"1";""
"202100013325";"177Â 929";"B01";"1";"33";"0";"2";"4";"2";"1";""
"202100013325";"177Â 930";"A01";"1";"7";"0";"2";"1";"2";"1";""
"202100013326";"177Â 926";"A01";"1";"13";"1";"0";"5";"23";"1";""
"202100013326";"177Â 927";"B01";"1";"10";"1";"2";"9";"24";"1";""
"202100013326";"177Â 928";"C01";"1";"15";"1";"0";"4";"24";"1";""
"202100013327";"177Â 925";"A01";"3";"30";"0";"2";"0";"26";"1";""
"202100013328";"177Â 923";"B01";"1";"43";"0";"2";"1";"13";"1";""
"202100013328";"177Â 924";"A01";"1";"7";"0";"2";"3";"16";"3";""
"202100013329";"177Â 921";"A01";"2";"7";"0";"2";"3";"15";"1";""
"202100013329";"177Â 922";"B01";"2";"2";"0";"2";"0";"0";"1";""
"202100013330";"177Â 920";"A01";" -1";"7";"0";"1";"1";"15";"1";""
"202100013331";"177Â 918";"B01";" -1";"1";"0";"0";"0";"0";"5";""
"202100013331";"177Â 919";"A01";"1";"7";"0";"2";"1";"2";"1";""
"202100013332";"177Â 916";"A01";"1";"7";"0";"2";"2";"2";"1";""
"202100013332";"177Â 917";"B01";"1";"7";"0";"2";"1";"2";"1";""
"202100013333";"177Â 913";"C01";"1";"7";"1";"2";"5";"0";"1";""
"202100013333";"177Â 914";"B01";"1";"7";"0";"2";"3";"9";"1";""
"202100013333";"177Â 915";"A01";"1";"7";"0";"2";"2";"26";"1";""
"202100013334";"177Â 912";"A01";"1";"7";"0";"1";"1";"1";"1";""
"202100013335";"177Â 911";"A01";"3";"7";"0";"1";"1";"9";"0";""
"202100013336";"177Â 909";"A01";"1";"31";"0";"2";"3";"17";"1";""
"202100013336";"177Â 910";"B01";"1";"10";"0";"2";"3";"15";"1";""
"202100013337";"177Â 908";"A01";"1";"7";"1";"0";"3";"13";"1";""
"202100013338";"177Â 907";"A01";"1";"7";"1";"1";"1";"26";"1";""
"202100013339";"177Â 905";"A01";"1";"7";"0";"1";"7";"22";"1";""
"202100013339";"177Â 906";"B01";"1";"1";"1";"0";"1";"1";"5";""
"202100013340";"177Â 903";"B01";"1";"33";"0";"2";"1";"1";"1";""
"202100013340";"177Â 904";"A01";"1";"7";"0";"2";"5";"15";"1";""
"202100013341";"177Â 902";"A01";"2";"7";"0";"1";"3";"1";"1";""
"202100013342";"177Â 900";"B01";"0";"33";"0";"2";"8";"13";"1";""
"202100013342";"177Â 901";"A01";"0";"7";"0";"2";"8";"1";"1";""
"202100013343";"177Â 898";"B01";"2";"7";"0";"2";"1";"1";"1";""
"202100013343";"177Â 899";"A01";"1";"7";"0";"2";"8";"15";"1";""
"202100013344";"177Â 897";"A01";"0";"7";"0";"1";"2";"1";"1";""
"202100013345";"177Â 895";"B01";"2";"2";"0";"2";"4";"26";"1";""
"202100013345";"177Â 896";"A01";"2";"7";"0";"2";"3";"9";"1";""
"202100013346";"177Â 893";"A01";"2";"10";"0";"9";"2";"17";"1";""
"202100013346";"177Â 894";"B01";"1";"2";"0";"2";"1";"13";"6";""
"202100013347";"177Â 891";"A01";"0";"7";"0";"2";"1";"2";"1";""
"202100013347";"177Â 892";"B01";"0";"7";"0";"0";"4";"23";"1";""
"202100013348";"177Â 890";"A01";"1";"33";"0";"0";"0";"0";"1";""
"202100013349";"177Â 888";"A01";"1";"31";"0";"2";"1";"5";"1";""
"202100013349";"177Â 889";"B01";"1";"10";"0";"2";"3";"15";"1";""
"202100013350";"177Â 886";"A01";"1";"7";"0";"2";"1";"2";"1";""
"202100013350";"177Â 887";"B01";"1";"15";"0";"2";"6";"2";"1";""
"202100013351";"177Â 885";"A01";"1";"14";"13";"0";"1";"16";"1";""
"202100013352";"177Â 883";"B01";"0";"37";"0";"2";"3";"1";"1";"1"
"202100013352";"177Â 884";"A01";"3";"7";"0";"2";"1";"1";"1";""
"202100013353";"177Â 882";"A01";"2";"2";"10";"0";"7";"1";"1";""
"202100013354";"177Â 880";"A01";"3";"7";"0";"9";"3";"9";"1";""
"202100013354";"177Â 881";"B01";"3";"1";"0";"2";"7";"1";"5";""
"202100013355";"177Â 879";"A01";"2";"7";"0";"0";"1";"1";"1";""
"202100013356";"177Â 877";"B01";"1";"1";"0";"2";"1";"1";"5";""
"202100013356";"177Â 878";"A01";"2";"7";"0";"0";"8";"19";"1";""
"202100013357";"177Â 873";"B01";"2";"7";"0";"2";"4";"11";"1";""
"202100013357";"177Â 874";"A01";"2";"13";"0";"2";"1";"1";"1";""
"202100013358";"177Â 870";"A01";"1";"7";"0";"2";"4";"1";"2";""
"202100013358";"177Â 871";"B01";"1";"7";"0";"2";"4";"1";"1";""
"202100013358";"177Â 872";"C01";"1";"7";"0";"2";"1";"1";"1";""
"202100013359";"177Â 868";"B01";"1";"7";"14";"0";"1";"1";"1";""
"202100013359";"177Â 869";"A01";"1";"7";"3";"0";"1";"1";"1";""
"202100013360";"177Â 866";"A01";"2";"7";"0";"2";"7";"12";"1";""
"202100013360";"177Â 867";"B01";"2";"33";"0";"2";"1";"2";"1";""
"202100013361";"177Â 863";"B01";"2";"7";"0";"2";"4";"2";"1";""
"202100013361";"177Â 864";"A01";"2";"33";"0";"2";"1";"2";"1";""
"202100013361";"177Â 865";"C01";"2";"7";"0";"2";"3";"1";"1";""
"202100013362";"177Â 861";"A01";"1";"7";"0";"2";"1";"2";"1";""
"202100013362";"177Â 862";"B01";"0";"7";"0";"2";"4";"2";"2";""
"202100013363";"177Â 859";"B01";"2";"33";"0";"2";"1";"0";"1";""
"202100013363";"177Â 860";"A01";"2";"10";"0";"2";"6";"11";"1";""
"202100013364";"177Â 857";"B01";"2";"33";"0";"2";"4";"3";"1";""
"202100013364";"177Â 858";"A01";"2";"34";"0";"2";"1";"3";"1";""
"202100013365";"177Â 853";"D01";"1";"10";"0";"2";"4";"2";"1";""
"202100013365";"177Â 854";"C01";"1";"7";"0";"2";"4";"2";"1";""
"202100013365";"177Â 855";"B01";"1";"7";"0";"2";"4";"2";"1";""
"202100013365";"177Â 856";"A01";"1";"7";"0";"2";"1";"2";"1";""
"202100013366";"177Â 849";"A01";"1";"7";"4";"0";"2";"9";"1";""
"202100013367";"177Â 846";"B01";"2";"33";"0";"2";"1";"3";"0";""
"202100013367";"177Â 847";"A01";"2";"7";"0";"2";"3";"26";"1";""
"202100013367";"177Â 848";"C01";"2";"7";"0";"2";"5";"23";"1";""
"202100013368";"177Â 844";"A01";"1";"7";"4";"2";"2";"1";"1";""
"202100013368";"177Â 845";"Z01";"1";"10";"0";"2";"3";"11";"0";""
"202100013369";"177Â 842";"B01";"1";"7";"0";"2";"3";"11";"1";""
"202100013369";"177Â 843";"A01";"1";"33";"0";"2";"7";"3";"1";""
"202100013370";"177Â 839";"B01";"2";"43";"0";"2";"1";"1";"1";""
"202100013370";"177Â 840";"C01";"2";"7";"0";"2";"4";"1";"1";""
"202100013370";"177Â 841";"A01";"2";"33";"0";"2";"1";"9";"1";""
"202100013371";"177Â 836";"Z01";"2";"10";"0";"2";"1";"9";"1";""
"202100013371";"177Â 837";"B01";"2";"34";"0";"2";"1";"1";"1";""
"202100013371";"177Â 838";"C01";"2";"7";"0";"2";"6";"1";"1";""
"202100013372";"177Â 835";"A01";"1";"10";"0";"0";"3";"1";"1";""
"202100013373";"177Â 831";"A01";"2";"7";"0";"2";"0";"0";"1";""
"202100013373";"177Â 832";"B01";"2";"7";"0";"2";"0";"0";"1";""
"202100013373";"177Â 833";"C01";"2";"7";"0";"2";"2";"0";"1";""
"202100013373";"177Â 834";"Z01";"2";"7";"0";"2";"0";"0";"0";""
"202100013374";"177Â 828";"C01";"2";"7";"0";"2";"4";"2";"1";""
"202100013374";"177Â 829";"B01";"2";"7";"0";"2";"4";"2";"1";""
"202100013374";"177Â 830";"A01";"2";"10";"0";"2";"1";"2";"1";""
"202100013375";"177Â 826";"A01";"2";"15";"0";"2";"4";"1";"1";""
"202100013375";"177Â 827";"B01";"1";"33";"0";"2";"1";"1";"1";""
"202100013376";"177Â 824";"A01";"2";"17";"0";"2";"4";"2";"1";""
"202100013376";"177Â 825";"B01";"2";"17";"0";"2";"1";"2";"1";""
"202100013377";"177Â 822";"A01";"2";"33";"0";"2";"2";"0";"1";""
"202100013377";"177Â 823";"B01";"2";"7";"0";"2";"6";"1";"1";""
"202100013378";"177Â 817";"B01";"1";"7";"0";"2";"6";"1";"1";""
"202100013378";"177Â 818";"A01";"1";"7";"0";"2";"6";"1";"1";""
"202100013378";"177Â 819";"E01";"1";"14";"0";"2";"6";"1";"1";""