"Num_Acc";"id_vehicule";"num_veh";"senc";"catv";"obs";"obsm";"choc";"manv";"motor";"occutc"
"202100013378";"177Â 820";"D01";"1";"7";"0";"2";"3";"1";"1";""
"202100013378";"177Â 821";"C01";"1";"10";"0";"2";"1";"11";"1";""
"202100013379";"177Â 815";"A01";"2";"7";"0";"2";"2";"16";"1";""
"202100013379";"177Â 816";"B01";"1";"2";"0";"2";"1";"17";"1";""
"202100013380";"177Â 814";"A01";"1";"7";"0";"1";"1";"1";"1";""
"202100013381";"177Â 812";"A01";"1";"33";"0";"2";"7";"3";"1";""
"202100013381";"177Â 813";"B01";"1";"7";"0";"2";"5";"1";"1";""
"202100013382";"177Â 810";"B01";"1";"33";"0";"2";"8";"3";"1";""
"202100013382";"177Â 811";"A01";"1";"7";"0";"2";"7";"12";"1";""
"202100013383";"177Â 808";"A01";"2";"32";"0";"2";"3";"3";"1";""
"202100013383";"177Â 809";"B01";"2";"7";"0";"2";"2";"12";"2";""
"202100013384";"177Â 806";"A01";"2";"10";"0";"2";"4";"4";"1";""
"202100013384";"177Â 807";"B01";"1";"32";"0";"2";"7";"1";"1";""
"202100013385";"177Â 804";"A01";"1";"10";"0";"2";"7";"1";"1";""
"202100013385";"177Â 805";"B01";"1";"7";"0";"2";"1";"1";"1";""
"202100013386";"177Â 802";"B01";"2";"1";"0";"2";"3";"18";"5";""
"202100013386";"177Â 803";"A01";"2";"10";"0";"2";"2";"22";"1";""
"202100013387";"177Â 801";"A01";"2";"1";"0";"1";"1";"1";"5";""
"202100013388";"177Â 800";"A01";"2";"7";"0";"1";"3";"2";"1";""
"202100013389";"177Â 798";"B01";"3";"32";"0";"2";"1";"17";"1";""
"202100013389";"177Â 799";"A01";"3";"7";"0";"2";"3";"10";"1";""
"202100013390";"177Â 796";"B01";"1";"1";"0";"2";"1";"1";"5";""
"202100013390";"177Â 797";"A01";"1";"10";"0";"2";"1";"20";"1";""
"202100013391";"177Â 795";"A01";"2";"30";"0";"0";"0";"21";"1";""
"202100013392";"177Â 793";"B01";"1";"30";"0";"2";"8";"1";"1";""
"202100013392";"177Â 794";"A01";"1";"10";"0";"2";"2";"13";"1";""
"202100013393";"177Â 791";"A01";"1";"33";"0";"2";"3";"2";"1";""
"202100013393";"177Â 792";"B01";"1";"13";"0";"2";"5";"2";"1";""
"202100013394";"177Â 788";"C01";"2";"7";"0";"2";"4";"23";"1";""
"202100013394";"177Â 789";"B01";"2";"7";"0";"2";"4";"23";"1";""
"202100013394";"177Â 790";"A01";"2";"7";"14";"0";"1";"2";"1";""
"202100013395";"177Â 787";"A01";"2";"7";"0";"1";"0";"1";"1";""
"202100013396";"177Â 786";"A01";"1";"15";"0";"1";"8";"15";"1";""
"202100013397";"177Â 784";"B01";"1";"33";"0";"2";"7";"1";"1";""
"202100013397";"177Â 785";"A01";"2";"32";"0";"2";"3";"13";"1";""
"202100013398";"177Â 783";"A01";"3";"7";"0";"1";"1";"1";"1";""
"202100013399";"177Â 781";"A01";"2";"32";"0";"2";"1";"9";"1";""
"202100013399";"177Â 782";"B01";"2";"7";"0";"2";"5";"1";"1";""
"202100013400";"177Â 779";"B01";"3";"2";"0";"2";"1";"16";"1";""
"202100013400";"177Â 780";"A01";"3";"7";"0";"2";"4";"15";"3";""
"202100013401";"177Â 778";"A01";"1";"10";"0";"1";"3";"1";"1";""
"202100013402";"177Â 776";"B01";"2";"7";"0";"2";"1";"19";"1";""
"202100013402";"177Â 777";"A01";"1";"7";"6";"2";"7";"1";"1";""
"202100013403";"177Â 773";"A01";" -1";"31";"0";"2";"7";"3";"1";""
"202100013403";"177Â 774";"B01";" -1";"10";"0";"2";"6";"1";"1";""
"202100013403";"177Â 775";"C01";"1";"99";"0";"2";"8";"1";"1";""
"202100013404";"177Â 772";"A01";"1";"7";"0";"1";"1";"1";"1";""
"202100013405";"177Â 770";"A01";"1";"2";"0";"2";"1";"1";"1";""
"202100013405";"177Â 771";"B01";"3";"1";"0";"2";"1";"9";"5";""
"202100013406";"177Â 769";"A01";"1";"10";"0";"1";"2";"1";"1";""
"202100013407";"177Â 768";"A01";"2";"32";"0";"2";"1";"26";"1";""
"202100013408";"177Â 766";"A01";"1";"2";"0";"2";"4";"2";"1";""
"202100013408";"177Â 767";"B01";"1";"7";"0";"2";"1";"2";"1";""
"202100013409";"177Â 764";"B01";"2";"10";"0";"9";"3";"15";"1";""
"202100013409";"177Â 765";"A01";"3";"33";"0";"2";"3";"26";"1";""
"202100013410";"177Â 762";"B01";"1";"1";"0";"2";"8";"19";"5";""
"202100013410";"177Â 763";"A01";"1";"7";"0";"2";"2";"1";"1";""
"202100013411";"177Â 760";"A01";"2";"7";"0";"2";"0";"0";"1";""
"202100013411";"177Â 761";"B01";"2";"14";"0";"2";"1";"19";"1";""
"202100013412";"177Â 758";"A01";"1";"10";"0";"2";"5";"15";"1";""
"202100013412";"177Â 759";"B01";"1";"33";"0";"2";"1";"16";"1";""
"202100013413";"177Â 756";"A01";"1";"10";"0";"2";"1";"19";"1";""
"202100013413";"177Â 757";"B01";"2";"7";"0";"2";"2";"1";"1";""
"202100013414";"177Â 754";"A01";"0";"1";"0";"2";"1";"1";"5";""
"202100013414";"177Â 755";"B01";"0";"7";"0";"2";"2";"15";"1";""
"202100013415";"177Â 752";"B01";"3";"15";"0";"2";"3";"1";"0";""
"202100013415";"177Â 753";"A01";"3";"7";"0";"2";"7";"9";"1";""
"202100013416";"177Â 751";"A01";"2";"1";"1";"0";"1";"1";"5";""
"202100013417";"177Â 749";"A01";"1";"37";"0";"2";"5";"1";"1";"1"
"202100013417";"177Â 750";"B01";"1";"99";"0";"2";"1";"19";"0";""
"202100013418";"177Â 747";"B01";"1";"7";"0";"2";"6";"15";"1";""
"202100013418";"177Â 748";"A01";"1";"31";"0";"2";"2";"15";"1";""
"202100013419";"177Â 745";"B01";"1";"1";"0";"2";"1";"1";"5";""
"202100013419";"177Â 746";"A01";"1";"7";"0";"2";"3";"20";"1";""
"202100013420";"177Â 744";"A01";"2";"50";"0";"0";"0";"0";"3";""
"202100013421";"177Â 743";"A01";"1";"7";"12";"1";"2";"1";"1";""
"202100013422";"177Â 740";"A01";"1";"7";"0";"2";"1";"2";"1";""
"202100013422";"177Â 741";"B01";"1";"7";"0";"2";"4";"2";"1";""
"202100013422";"177Â 742";"C01";"1";"7";"0";"2";"4";"2";"1";""
"202100013423";"177Â 738";"B01";"1";"10";"0";"2";"1";"2";"1";""
"202100013423";"177Â 739";"A01";"1";"7";"0";"2";"6";"11";"1";""
"202100013424";"177Â 737";"A01";"3";"10";"0";"1";"3";"1";"3";""
"202100013425";"177Â 735";"A01";"1";"33";"0";"2";"1";"1";"1";""
"202100013425";"177Â 736";"B01";"1";"2";"12";"2";"6";"15";"1";""
"202100013426";"177Â 733";"B01";"2";"32";"0";"2";"1";"1";"1";""
"202100013426";"177Â 734";"A01";"1";"7";"0";"2";"2";"15";"1";""
"202100013427";"177Â 732";"A01";"3";"7";"0";"1";"2";"0";"1";""
"202100013428";"177Â 730";"A01";"2";"2";"0";"0";"1";"13";"1";""
"202100013428";"177Â 731";"B01";"1";"7";"0";"0";"3";"1";"1";""
"202100013429";"177Â 728";"A01";"2";"15";"0";"0";"7";"1";"1";""
"202100013429";"177Â 729";"B01";"1";"7";"0";"0";"3";"19";"1";""
"202100013430";"177Â 726";"B01";"2";"1";"0";"2";"1";"1";"5";""
"202100013430";"177Â 727";"A01";"1";"1";"0";"2";"1";"1";"5";""
"202100013431";"177Â 725";"A01";"3";"7";"0";"0";"0";"1";"2";""
"202100013432";"177Â 724";"A01";"1";"33";"14";"0";"1";"1";"1";""
"202100013433";"177Â 722";"A01";"2";"7";"0";"2";"1";"2";"1";""
"202100013433";"177Â 723";"B01";"2";"7";"0";"0";"4";"15";"1";""
"202100013434";"177Â 721";"A01";"1";"7";"13";"0";"1";"1";"1";""
"202100013435";"177Â 719";"B01";"1";"15";"0";"0";"4";"1";"1";""
"202100013435";"177Â 720";"A01";"1";"10";"0";"2";"1";"12";"1";""
"202100013436";"177Â 717";"B01";"1";"7";"3";"2";"2";"1";"1";""
"202100013436";"177Â 718";"A01";"2";"7";"0";"2";"3";"15";"1";""
"202100013437";"177Â 715";"B01";"2";"33";"0";"2";"1";"1";"1";""
"202100013437";"177Â 716";"A01";"1";"10";"0";"2";"2";"10";"1";""
"202100013438";"177Â 714";"A01";"1";"31";"17";"0";"0";"21";"1";""
"202100013439";"177Â 712";"A01";"1";"33";"0";"2";"1";"1";"1";""
"202100013439";"177Â 713";"B01";"2";"7";"0";"0";"3";"15";"1";""
"202100013440";"177Â 710";"B01";"1";"7";"0";"2";"1";"1";"1";""
"202100013440";"177Â 711";"A01";"3";"7";"0";"2";"5";"19";"1";""
"202100013441";"177Â 708";"B01";"2";"33";"0";"2";"1";"1";"1";""
"202100013441";"177Â 709";"A01";"1";"7";"0";"2";"2";"15";"1";""
"202100013442";"177Â 707";"A01";"2";"2";"12";"0";"2";"1";"1";""
"202100013443";"177Â 706";"A01";"1";"7";"0";"1";"1";"1";"0";""
"202100013444";"177Â 705";"A01";"2";"7";"13";"0";"1";"15";"1";""
"202100013445";"177Â 703";"B01";"2";"32";"0";"2";"2";"1";"1";""
"202100013445";"177Â 704";"A01";"1";"7";"0";"2";"1";"15";"1";""
"202100013446";"177Â 702";"A01";"1";"7";"0";"1";"3";"1";"1";""
"202100013447";"177Â 701";"A01";"1";"31";"0";"0";"0";"0";"1";""
"202100013448";"177Â 700";"A01";"2";"31";"2";"0";"1";"1";"1";""
"202100013449";"177Â 698";"A01";"1";"7";"0";"9";"8";"1";"1";""
"202100013449";"177Â 699";"B01";"1";"32";"0";"2";"1";"1";"1";""
"202100013450";"177Â 697";"A01";"1";"36";"16";"0";"2";"0";"1";""
"202100013451";"177Â 695";"A01";"1";"7";"0";"2";"2";"15";"2";""
"202100013451";"177Â 696";"B01";"1";"7";"0";"2";"7";"1";"1";""
"202100013452";"177Â 693";"B01";"0";"20";"0";"0";"1";"1";"1";""
"202100013452";"177Â 694";"A01";"0";"1";"0";"0";"4";"1";"5";""
"202100013453";"177Â 692";"A01";"1";"33";"0";"0";"1";"26";"1";""
"202100013454";"177Â 690";"B01";"2";"10";"0";"2";"2";"1";"6";""
"202100013454";"177Â 691";"A01";"1";"7";"0";"2";"5";"15";"1";""
"202100013455";"177Â 689";"A01";"3";"7";"6";"0";"1";"1";"1";""
"202100013456";"177Â 687";"B01";"2";"7";"0";"2";"2";"26";"1";""
"202100013456";"177Â 688";"A01";"2";"2";"0";"2";"1";"18";"1";""
"202100013457";"177Â 686";"A01";"0";"33";"15";"0";"1";"1";"1";""
"202100013458";"177Â 684";"B01";"1";"7";"0";"2";"3";"1";"1";""
"202100013458";"177Â 685";"A01";"2";"15";"0";"2";"3";"13";"1";""
"202100013459";"177Â 682";"B01";"2";"15";"0";"2";"4";"2";"1";""
"202100013459";"177Â 683";"A01";"2";"10";"0";"2";"1";"2";"1";""
"202100013460";"177Â 680";"B01";"1";"7";"0";"0";"4";"2";"1";""
"202100013460";"177Â 681";"A01";"1";"10";"0";"2";"1";"2";"1";""
"202100013461";"177Â 676";"B01";"1";"7";"0";"2";"6";"14";"1";""
"202100013461";"177Â 677";"A01";"1";"2";"0";"2";"5";"17";"1";""
"202100013462";"177Â 674";"A01";"2";"33";"0";"2";"1";"2";"1";""
"202100013462";"177Â 675";"B01";"2";"7";"0";"0";"4";"2";"1";""
"202100013463";"177Â 672";"A01";"3";"7";"0";"0";"4";"4";"1";""
"202100013463";"177Â 673";"B01";"3";"2";"0";"0";"1";"23";"1";""
"202100013464";"177Â 670";"A01";"2";"33";"0";"2";"1";"1";"1";""
"202100013464";"177Â 671";"B01";"1";"7";"0";"2";"5";"15";"1";""
"202100013465";"177Â 667";"C01";"2";"7";"0";"0";"4";"1";"1";""
"202100013465";"177Â 668";"A01";"2";"7";"0";"2";"1";"17";"1";""
"202100013465";"177Â 669";"B01";"2";"7";"0";"2";"4";"1";"1";""
"202100013466";"177Â 665";"A01";"1";"7";"9";"2";"3";"13";"1";""
"202100013466";"177Â 666";"B01";"2";"2";"0";"2";"1";"1";"1";""
"202100013467";"177Â 663";"A01";"2";"7";"0";"2";"3";"15";"1";""
"202100013467";"177Â 664";"B01";"2";"30";"0";"2";"1";"17";"1";""
"202100013468";"177Â 662";"A01";"2";"2";"0";"0";"0";"1";"3";""
"202100013469";"177Â 661";"A01";"1";"33";"3";"0";"1";"1";"1";""
"202100013470";"177Â 659";"B01";"1";"7";"0";"2";"2";"1";"1";""
"202100013470";"177Â 660";"A01";"1";"3";"0";"2";"8";"10";"1";""
"202100013471";"177Â 658";"A01";"3";"3";"0";"9";"1";"0";"1";""
"202100013472";"177Â 656";"B01";"2";"2";"0";"2";"1";"1";"1";""
"202100013472";"177Â 657";"A01";"3";"7";"0";"2";"2";"0";"1";""
"202100013473";"177Â 654";"B01";"0";"30";"0";"2";"1";"1";"1";""
"202100013473";"177Â 655";"A01";"0";"7";"0";"2";"2";"9";"1";""
"202100013474";"177Â 652";"A01";"1";"7";"0";"2";"0";"15";"1";""
"202100013474";"177Â 653";"B01";"1";"32";"0";"2";"0";"17";"1";""
"202100013475";"177Â 650";"B01";"1";"1";"0";"2";"1";"0";"5";""
"202100013475";"177Â 651";"A01";"2";"7";"0";"9";"2";"16";"1";""
"202100013476";"177Â 647";"A01";"1";"10";"0";"2";"2";"1";"1";""
"202100013476";"177Â 648";"B01";"2";"1";"0";"2";"8";"15";"0";""
"202100013476";"177Â 649";"C01";"2";"1";"0";"2";"8";"15";"0";""
"202100013477";"177Â 645";"B01";"2";"7";"0";"2";"1";"1";"1";""
"202100013477";"177Â 646";"A01";"1";"7";"0";"2";"1";"13";"1";""
"202100013478";"177Â 643";"B01";"1";"7";"0";"2";"1";"1";"1";""
"202100013478";"177Â 644";"A01";"2";"7";"0";"2";"1";"13";"1";""
"202100013479";"177Â 642";"A01";"1";"7";"0";"1";"2";"21";"1";""
"202100013480";"177Â 640";"B01";"3";"7";"0";"2";"4";"16";"1";""
"202100013480";"177Â 641";"A01";"3";"7";"0";"2";"2";"16";"1";""
"202100013481";"177Â 638";"B01";"2";"7";"0";"2";"6";"20";"1";""
"202100013481";"177Â 639";"A01";"2";"10";"0";"2";"2";"1";"1";""
"202100013482";"177Â 636";"B01";"2";"80";"0";"2";"7";"1";"3";""
"202100013482";"177Â 637";"A01";"1";"7";"0";"2";"1";"1";"2";""
"202100013483";"177Â 634";"B01";"1";"50";"0";"2";"1";"1";"3";""
"202100013483";"177Â 635";"A01";"1";"7";"0";"2";"3";"1";"1";""
"202100013484";"177Â 632";"B01";"1";"1";"0";"2";"1";"2";"5";""
"202100013484";"177Â 633";"Z01";"1";"1";"0";"2";"0";"10";"5";""
"202100013485";"177Â 630";"A01";"2";"7";"0";"2";"2";"15";"1";""
"202100013485";"177Â 631";"B01";"1";"7";"0";"2";"3";"15";"1";""
"202100013486";"177Â 628";"A01";"1";"7";"0";"2";"3";"1";"3";""
"202100013486";"177Â 629";"B01";"1";"33";"0";"2";"7";"17";"1";""
"202100013487";"177Â 627";"A01";"3";"7";"0";"1";"2";"1";"1";""
"202100013488";"177Â 625";"A01";"1";"7";"0";"2";"3";"15";"1";""
"202100013488";"177Â 626";"B01";"2";"31";"0";"2";"1";"1";"1";""
"202100013489";"177Â 623";"A01";"2";"7";"0";"2";"3";"15";"1";""
"202100013489";"177Â 624";"B01";"1";"30";"0";"2";"1";"1";"1";""
"202100013490";"177Â 622";"A01";"1";"7";"0";"1";"1";"1";"1";""
"202100013491";"177Â 620";"B01";"3";"2";"0";"2";"1";"12";"1";""
"202100013491";"177Â 621";"A01";"3";"7";"0";"2";"3";"9";"1";""
"202100013492";"177Â 619";"A01";"0";"7";"0";"1";"1";"1";"1";""
"202100013493";"177Â 617";"A01";"3";"7";"0";"2";"2";"9";"1";""
"202100013493";"177Â 618";"B01";"3";"1";"0";"2";"6";"2";"0";""
"202100013494";"177Â 613";"D01";"2";"15";"0";"2";"8";"1";"1";""
"202100013494";"177Â 614";"C01";"2";"10";"0";"2";"1";"17";"1";""
"202100013494";"177Â 615";"B01";"2";"7";"0";"2";"3";"17";"1";""
"202100013494";"177Â 616";"A01";"1";"7";"0";"2";"1";"1";"1";""
"202100013495";"177Â 610";"A01";"1";"7";"0";"1";"2";"16";"1";""
"202100013496";"177Â 609";"A01";"3";"3";"3";"0";"2";"15";"1";""
"202100013497";"177Â 605";"B01";"1";"7";"0";"2";"3";"1";"1";""
"202100013497";"177Â 606";"A01";"2";"7";"0";"2";"3";"26";"0";""
"202100013498";"177Â 603";"A01";"2";"7";"0";"2";"1";"15";"1";""
"202100013498";"177Â 604";"B01";"1";"7";"0";"2";"1";"1";"1";""
"202100013499";"177Â 601";"B01";"3";"50";"0";"2";"1";"19";"3";""
"202100013499";"177Â 602";"A01";"3";"7";"0";"2";"2";"15";"0";""
"202100013500";"177Â 599";"B01";"2";"1";"0";"2";"8";"2";"0";""
"202100013500";"177Â 600";"A01";"2";"7";"0";"2";"0";"17";"0";""
"202100013501";"177Â 597";"A01";"2";"7";"0";"2";"3";"9";"1";""
"202100013501";"177Â 598";"B01";"1";"7";"0";"2";"2";"1";"1";""
"202100013502";"177Â 595";"A01";"1";"7";"0";"2";"2";"9";"1";""
"202100013502";"177Â 596";"B01";"2";"1";"0";"2";"0";"25";"5";""
"202100013503";"177Â 592";"C01";"1";"7";"0";"2";"1";"2";"0";""
"202100013503";"177Â 593";"B01";"1";"7";"0";"2";"1";"1";"0";""
"202100013503";"177Â 594";"A01";"2";"33";"0";"2";"1";"17";"0";""
"202100013504";"177Â 590";"A01";"1";"7";"0";"2";"3";"15";"1";""
"202100013504";"177Â 591";"B01";"2";"2";"0";"2";"8";"1";"0";""
"202100013505";"177Â 588";"B01";"1";"50";"0";"2";"5";"1";"3";""
"202100013505";"177Â 589";"A01";"1";"7";"0";"2";"3";"9";"1";""
"202100013506";"177Â 586";"B01";"1";"33";"0";"2";"1";"1";"1";""
"202100013506";"177Â 587";"A01";"1";"7";"0";"2";"2";"15";"1";""
"202100013507";"177Â 584";"A01";"3";"7";"0";"2";"3";"15";"1";""
"202100013507";"177Â 585";"B01";"3";"33";"0";"2";"1";"1";"1";""
"202100013508";"177Â 581";"C01";"2";"2";"0";"2";"8";"1";"1";""
"202100013508";"177Â 582";"B01";"2";"10";"0";"2";"8";"1";"1";""
"202100013508";"177Â 583";"A01";"1";"7";"0";"2";"3";"13";"1";""
"202100013509";"177Â 580";"A01";"3";"33";"0";"0";"7";"1";"1";""
"202100013510";"177Â 578";"A01";"2";"7";"0";"2";"3";"10";"1";""
"202100013510";"177Â 579";"B01";"2";"30";"0";"2";"2";"17";"1";""
"202100013511";"177Â 577";"A01";"3";"7";"0";"1";"1";"1";"1";""
"202100013512";"177Â 575";"B01";"2";"2";"0";"2";"1";"1";"1";""
"202100013512";"177Â 576";"A01";"2";"7";"0";"2";"8";"20";"1";""
"202100013513";"177Â 574";"A01";"3";"30";"0";"1";"1";"17";"1";""
"202100013514";"177Â 572";"B01";"3";"7";"0";"2";"2";"20";"1";""
"202100013514";"177Â 573";"A01";"3";"7";"0";"2";"1";"18";"1";""
"202100013515";"177Â 570";"A01";"3";"7";"0";"9";"1";"26";"2";""
"202100013515";"177Â 571";"B01";"3";"1";"0";"2";"8";"1";"5";""
"202100013516";"177Â 568";"A01";"2";"30";"0";"2";"1";"9";"1";""
"202100013516";"177Â 569";"B01";"1";"7";"0";"2";"6";"19";"1";""
"202100013517";"177Â 566";"B01";"1";"80";"0";"2";"2";"25";"3";""
"202100013517";"177Â 567";"A01";"1";"7";"0";"9";"3";"16";"1";""
"202100013518";"177Â 564";"B01";"1";"7";"0";"2";"5";"1";"1";""
"202100013518";"177Â 565";"A01";"3";"7";"0";"2";"1";"1";"1";""
"202100013519";"177Â 562";"A01";"1";"7";"1";"0";"1";"1";"1";""
"202100013519";"177Â 563";"B01";"0";"7";"1";"2";"6";" -1";"1";""
"202100013520";"177Â 560";"B01";"1";"7";"0";"2";"3";"20";"1";""
"202100013520";"177Â 561";"A01";"1";"33";"0";"2";"1";"1";"1";""
"202100013521";"177Â 559";"A01";"2";"31";"0";"0";"8";"21";"1";""
"202100013522";"177Â 557";"B01";"2";"10";"0";"2";"4";"2";"1";""
"202100013522";"177Â 558";"A01";"2";"7";"0";"2";"1";"2";"1";""
"202100013523";"177Â 555";"A01";"1";"7";"0";"2";"1";"2";"1";""
"202100013523";"177Â 556";"B01";"1";"7";"0";"2";"4";"2";"1";""
"202100013524";"177Â 553";"B01";"1";"7";"0";"2";"8";"26";"1";""
"202100013524";"177Â 554";"A01";"1";"1";"0";"2";"1";"26";"5";""
"202100013525";"177Â 551";"A01";"2";"30";"0";"2";"2";"2";"1";""
"202100013525";"177Â 552";"B01";"2";"7";"0";"2";"6";"18";"1";""
"202100013526";"177Â 549";"B01";"1";"1";"1";"0";"1";"1";"5";""
"202100013526";"177Â 550";"A01";"1";"7";"0";"2";"3";"24";"1";""
"202100013527";"177Â 547";"A01";"1";"7";"0";"2";"7";"0";"0";""
"202100013527";"177Â 548";"B01";"1";"7";"0";"2";"1";"1";"0";""
"202100013528";"177Â 546";"A01";"3";"7";"6";"0";"2";"1";"1";""
"202100013529";"177Â 544";"B01";"1";"2";"0";"2";"1";"1";"1";""
"202100013529";"177Â 545";"A01";"2";"7";"0";"2";"7";"15";"1";""
"202100013530";"177Â 542";"A01";"2";"7";"0";"2";"1";"15";"1";""
"202100013530";"177Â 543";"B01";"1";"2";"0";"2";"3";"1";"1";""
"202100013531";"177Â 538";"A01";"2";"7";"0";"2";"1";"16";"1";""
"202100013531";"177Â 539";"B01";"1";"50";"0";"2";"1";"1";"3";""
"202100013532";"177Â 535";"C01";"2";"37";"0";"2";"3";"1";"1";"2"
"202100013532";"177Â 536";"B01";"2";"7";"0";"2";"3";"1";"1";""
"202100013532";"177Â 537";"A01";"1";"7";"0";"2";"3";"17";"1";""
"202100013533";"177Â 534";"A01";"2";"7";"0";"1";"1";"1";"1";""
"202100013534";"177Â 532";"A01";"1";"7";"13";"2";"0";"17";"1";""
"202100013534";"177Â 533";"B01";"1";"7";"0";"2";"8";"1";"2";""
"202100013535";"177Â 530";"A01";"2";"10";"0";"2";"3";"9";"1";""
"202100013535";"177Â 531";"B01";"2";"10";"0";"2";"5";"1";"1";""
"202100013536";"177Â 529";"A01";"1";"7";"0";"1";"2";"1";"1";""
"202100013537";"177Â 527";"A01";"2";"80";"0";"2";"1";"1";"3";""
"202100013537";"177Â 528";"B01";"3";"7";"0";"2";"3";"12";"1";""
"202100013538";"177Â 525";"B01";"1";"37";"0";"2";"5";"1";"1";"1"
"202100013538";"177Â 526";"A01";"1";"80";"0";"2";"8";"1";"3";""
"202100013539";"177Â 524";"A01";"2";"7";"0";"1";"1";"15";"2";""
"202100013540";"177Â 522";"A01";"3";"10";"0";"2";"1";"2";"1";""
"202100013540";"177Â 523";"B01";"3";"7";"0";"2";"4";"1";"1";""
"202100013541";"177Â 520";"A01";"1";"33";"0";"2";"7";"17";"1";""
"202100013541";"177Â 521";"B01";"2";"7";"0";"9";"1";"19";"1";""
"202100013542";"177Â 519";"A01";"0";"3";"12";"0";"3";"16";"1";""
"202100013543";"177Â 514";"B01";"3";"7";"0";"2";"2";"9";"1";""
"202100013543";"177Â 515";"A01";"3";"33";"0";"2";"1";"1";"1";""
"202100013544";"177Â 513";"A01";"3";"37";"0";"1";"2";"2";"2";"1"
"202100013545";"177Â 509";"B01";"1";"7";"0";"2";"1";"2";"1";""
"202100013545";"177Â 510";"A01";"1";"7";"0";"2";"4";"2";"1";""
"202100013546";"177Â 507";"A01";"2";"33";"0";"2";"1";"21";"1";""
"202100013546";"177Â 508";"B01";"1";"10";"0";"2";"3";"9";"3";""
"202100013547";"177Â 505";"A01";"3";"7";"0";"2";"1";"9";"3";""
"202100013547";"177Â 506";"B01";"3";"7";"0";"2";"7";"9";"1";""
"202100013548";"177Â 503";"A01";"1";"7";"0";"2";"3";"1";"1";""
"202100013548";"177Â 504";"B01";"3";"60";"0";"2";"8";"19";"5";""
"202100013549";"177Â 501";"B01";"1";"33";"0";"2";"3";"1";"1";""
"202100013549";"177Â 502";"A01";"1";"7";"0";"2";"5";"12";"1";""
"202100013550";"177Â 500";"A01";"2";"7";"0";"1";"7";"2";"1";""
"202100013551";"177Â 497";"X01";"3";"30";"0";"9";"1";"0";"0";""
"202100013551";"177Â 498";"C01";"3";"7";"0";"2";"3";"2";"1";""
"202100013551";"177Â 499";"B01";"3";"33";"0";"2";"3";"17";"1";""
"202100013552";"177Â 495";"A01";"1";"32";"0";"2";"1";"17";"1";""
"202100013552";"177Â 496";"B01";"1";"7";"0";"2";"8";"15";"1";""
"202100013553";"177Â 494";"A01";"2";"1";"0";"0";"0";"9";"5";""
"202100013554";"177Â 492";"B01";"1";"7";"0";"2";"3";"15";"2";""
"202100013554";"177Â 493";"A01";"1";"1";"0";"2";"1";"17";"5";""
"202100013555";"177Â 491";"B01";"2";"33";"0";"0";"1";"16";"1";""
"202100013556";"177Â 489";"A01";"2";"7";"0";"2";"1";"2";"1";""
"202100013556";"177Â 490";"B01";"1";"10";"0";"2";"1";"1";"1";""
"202100013557";"177Â 486";"C01";"2";"15";"0";"2";"4";"23";"1";""
"202100013557";"177Â 487";"B01";"2";"7";"0";"2";"4";"23";"1";""
"202100013557";"177Â 488";"A01";"2";"7";"0";"2";"1";"2";"1";""
"202100013558";"177Â 485";"A01";"1";"33";"3";"0";"1";"17";"1";""
"202100013559";"177Â 483";"B01";"2";"10";"0";"2";"4";"2";"1";""
"202100013559";"177Â 484";"A01";"2";"7";"0";"2";"1";"2";"1";""
"202100013560";"177Â 482";"A01";"1";"7";"0";"1";"1";"1";"1";""
"202100013561";"177Â 479";"C01";"1";"7";"0";"2";"4";"2";"1";""
"202100013561";"177Â 480";"B01";"1";"7";"0";"2";"4";"2";"1";""
"202100013561";"177Â 481";"A01";"1";"7";"0";"2";"1";"2";"1";""
"202100013562";"177Â 477";"A01";"1";"10";"0";"2";"7";"14";"1";""
"202100013562";"177Â 478";"B01";"1";"33";"0";"2";"1";"1";"1";""
"202100013563";"177Â 475";"A01";"2";"7";"0";"2";"7";"12";"1";""
"202100013563";"177Â 476";"B01";"2";"33";"0";"2";"8";"3";"1";""
"202100013564";"177Â 474";"A01";"2";"31";"0";"0";"0";"26";"1";""
"202100013565";"177Â 473";"A01";"1";"33";"0";"0";"0";"21";"1";""
"202100013566";"177Â 471";"A01";"2";"7";"0";"2";"1";"3";"1";""
"202100013566";"177Â 472";"B01";"2";"31";"0";"2";"2";"12";"0";""
"202100013567";"177Â 469";"B01";"1";"7";"0";"2";"8";"0";"1";""
"202100013567";"177Â 470";"A01";"1";"14";"0";"2";"2";"0";"1";""
"202100013568";"177Â 467";"A01";"1";"33";"0";"2";"1";"2";"1";""
"202100013568";"177Â 468";"B01";"1";"7";"0";"2";"4";"2";"1";""
"202100013569";"177Â 466";"A01";"1";"7";"0";"2";"6";"23";"1";""
"202100013570";"177Â 464";"B01";"0";"37";"0";"2";"4";"7";"1";"1"
"202100013570";"177Â 465";"A01";"0";"3";"0";"2";"1";"1";"1";""
"202100013571";"177Â 462";"B01";"3";"10";"0";"2";"7";"1";"1";""
"202100013571";"177Â 463";"A01";"3";"14";"0";"2";"1";"1";"1";""
"202100013572";"177Â 460";"B01";"0";"7";"0";"2";"3";"1";"1";""
"202100013572";"177Â 461";"A01";"0";"1";"0";"2";"2";"15";"0";""
"202100013573";"177Â 459";"A01";"2";"7";"13";"0";"1";"14";"1";""