"Num_Acc";"id_vehicule";"num_veh";"senc";"catv";"obs";"obsm";"choc";"manv";"motor";"occutc"
"202100013574";"177Â 457";"B01";"1";"60";"0";"2";"4";"1";"5";""
"202100013574";"177Â 458";"A01";"3";"7";"0";"9";"1";"1";"1";""
"202100013575";"177Â 456";"A01";"1";"7";"0";"1";"1";"1";"1";""
"202100013576";"177Â 451";"B01";"3";"2";"0";"2";"1";"1";"1";""
"202100013576";"177Â 452";"A01";"3";"7";"0";"2";"7";"1";"1";""
"202100013577";"177Â 448";"B01";"2";"7";"0";"2";"8";"1";"1";""
"202100013577";"177Â 449";"C01";"2";"7";"0";"2";"8";"1";"1";""
"202100013577";"177Â 450";"A01";"2";"10";"0";"2";"1";"19";"1";""
"202100013578";"177Â 446";"B01";"3";"33";"0";"2";"1";"17";"1";""
"202100013578";"177Â 447";"A01";"3";"7";"0";"2";"3";"9";"1";""
"202100013579";"177Â 445";"A01";"3";"7";"0";"1";"1";"1";"1";""
"202100013580";"177Â 442";"C01";"1";"10";"0";"2";"1";"1";"1";""
"202100013580";"177Â 443";"B01";"1";"7";"0";"2";"1";"2";"1";""
"202100013580";"177Â 444";"A01";"1";"7";"0";"2";"4";"23";"1";""
"202100013581";"177Â 440";"B01";"1";"7";"0";"2";"1";"1";"1";""
"202100013581";"177Â 441";"A01";"2";"7";"0";"2";"7";"26";"1";""
"202100013582";"177Â 439";"A01";"3";"7";"0";"1";"2";"17";"1";""
"202100013583";"177Â 437";"A01";"3";"7";"0";"2";"0";"26";"0";""
"202100013583";"177Â 438";"B01";"3";"7";"0";"2";"1";"15";"1";""
"202100013584";"177Â 436";"A01";"1";"37";"0";"1";"2";"1";"1";"1"
"202100013585";"177Â 434";"A01";"1";"1";"0";"2";"7";"1";"5";""
"202100013585";"177Â 435";"B01";"2";"7";"0";"2";"1";"9";"1";""
"202100013586";"177Â 432";"A01";"1";"2";"0";"2";"5";"5";"1";""
"202100013586";"177Â 433";"B01";"2";"7";"0";"2";"3";"15";"1";""
"202100013587";"177Â 431";"A01";"3";"37";"0";"1";"7";"26";"3";"1"
"202100013588";"177Â 429";"A01";"0";"7";"0";"2";"2";"9";"1";""
"202100013588";"177Â 430";"B01";"3";"32";"0";"2";"4";"9";"1";""
"202100013589";"177Â 427";"B01";"3";"1";"0";"2";"1";"1";"5";""
"202100013589";"177Â 428";"A01";"3";"50";"0";"2";"1";"13";"3";""
"202100013590";"177Â 426";"A01";"1";"1";"0";"1";"9";"21";"5";""
"202100013591";"177Â 425";"A01";"2";"7";"8";"0";"1";"14";"1";""
"202100013592";"177Â 423";"A01";"1";"7";"0";"2";"2";"17";"1";""
"202100013592";"177Â 424";"B01";"1";"7";"0";"2";"6";"1";"1";""
"202100013593";"177Â 422";"A01";"3";"7";"1";"0";"2";"14";"2";""
"202100013594";"177Â 421";"Z01";"1";"0";"0";"1";"5";"2";"0";""
"202100013595";"177Â 419";"A01";"1";"32";"0";"2";"1";"19";"1";""
"202100013595";"177Â 420";"B01";"1";"7";"0";"2";"3";"15";"2";""
"202100013596";"177Â 418";"A01";"1";"0";"0";"1";"0";"1";" -1";""
"202100013597";"177Â 417";"A01";"3";"7";"0";"1";"0";"20";"1";""
"202100013598";"177Â 415";"B01";"1";"7";"0";"2";"3";"1";"1";""
"202100013598";"177Â 416";"A01";"2";"7";"0";"2";"3";"13";"1";""
"202100013599";"177Â 411";"C01";"3";"7";"0";"2";"1";"23";"1";""
"202100013599";"177Â 412";"D01";"3";"10";"0";"2";"3";"23";"1";""
"202100013599";"177Â 413";"A01";"1";"7";"0";"2";"1";"9";"1";""
"202100013599";"177Â 414";"B01";"2";"2";"0";"2";"3";"1";"1";""
"202100013600";"177Â 410";"A01";"2";"2";"1";"0";"2";"1";"1";""
"202100013601";"177Â 408";"B01";"3";"7";"0";"2";"4";"1";"1";""
"202100013601";"177Â 409";"A01";"3";"7";"0";"2";"1";"2";"1";""
"202100013602";"177Â 406";"A01";"2";"2";"11";"0";"0";"0";"1";""
"202100013602";"177Â 407";"B01";"2";"7";"0";"0";"0";"1";"1";""
"202100013603";"177Â 404";"B01";"2";"7";"0";"2";"1";"1";"1";""
"202100013603";"177Â 405";"A01";"1";"7";"0";"2";"1";"13";"1";""
"202100013604";"177Â 402";"A01";"0";"30";"0";"2";"1";"1";"1";""
"202100013604";"177Â 403";"B01";"0";"7";"0";"2";"4";"1";"1";""
"202100013605";"177Â 400";"B01";"2";"13";"0";"2";"3";"1";"1";""
"202100013605";"177Â 401";"A01";"1";"7";"0";"2";"3";"13";"1";""
"202100013606";"177Â 398";"B01";"3";"1";"0";"2";"3";"16";"5";""
"202100013607";"177Â 397";"A01";"0";"7";"0";"1";"2";"16";"1";""
"202100013608";"177Â 395";"B01";"0";"7";"0";"2";"3";"1";"1";""
"202100013608";"177Â 396";"A01";"0";"7";"0";"2";"2";"1";"1";""
"202100013609";"177Â 393";"B01";"0";"7";"0";"2";"1";"1";"1";""
"202100013609";"177Â 394";"A01";"0";"7";"0";"2";"6";"19";"1";""
"202100013610";"177Â 391";"B01";"2";"7";"0";"2";"4";"0";"1";""
"202100013610";"177Â 392";"A01";"2";"7";"0";"2";"1";"2";"1";""
"202100013611";"177Â 390";"A01";"1";"7";"0";"1";"2";"1";"1";""
"202100013612";"177Â 387";"A01";"3";"1";"0";"0";"0";"1";"5";""
"202100013613";"177Â 385";"B01";"1";"7";"0";"2";"4";"2";"1";""
"202100013613";"177Â 386";"A01";"1";"7";"0";"2";"1";"2";"1";""
"202100013614";"177Â 383";"A01";"1";"32";"0";"2";"1";"17";"1";""
"202100013614";"177Â 384";"B01";"1";"7";"0";"2";"6";"15";"1";""
"202100013615";"177Â 380";"A01";"2";"7";"0";"2";"1";"2";"1";""
"202100013615";"177Â 381";"B01";"2";"7";"0";"2";"4";"2";"1";""
"202100013615";"177Â 382";"C01";"2";"7";"0";"2";"4";"2";"1";""
"202100013616";"177Â 378";"B01";"1";"10";"0";"2";"2";"1";"1";""
"202100013616";"177Â 379";"A01";"1";"7";"15";"0";"1";"14";"1";""
"202100013617";"177Â 377";"A01";"1";"7";"0";"1";"2";"16";"1";""
"202100013618";"177Â 375";"A01";"1";"37";"0";"2";"5";"17";"6";"1"
"202100013618";"177Â 376";"B01";"1";"1";"0";"2";"3";"1";"5";""
"202100013619";"177Â 373";"B01";"1";"1";"0";"2";"4";"1";"5";""
"202100013619";"177Â 374";"A01";"1";"10";"0";"2";"1";"16";"1";""
"202100013620";"177Â 371";"B01";"1";"33";"0";"2";"4";"1";"1";""
"202100013620";"177Â 372";"A01";"1";"33";"0";"2";"1";"1";"1";""
"202100013621";"177Â 369";"B01";"0";"2";"0";"2";"4";"2";"1";""
"202100013621";"177Â 370";"A01";"0";"7";"0";"2";"1";"2";"1";""
"202100013622";"177Â 366";"B01";"2";"7";"0";"2";"4";"2";"1";""
"202100013622";"177Â 367";"C01";"2";"7";"0";"2";"4";"2";"1";""
"202100013622";"177Â 368";"A01";"2";"7";"0";"2";"1";"2";"1";""
"202100013623";"177Â 364";"Z01";"2";"7";"0";"2";"1";"1";"1";""
"202100013623";"177Â 365";"A01";"1";"7";"0";"2";"1";"1";"1";""
"202100013624";"177Â 362";"B01";"1";"7";"0";"2";"3";"15";"1";""
"202100013624";"177Â 363";"A01";"1";"30";"0";"2";"2";"17";"1";""
"202100013625";"177Â 360";"A01";"1";"7";"0";"2";"5";"9";"1";""
"202100013625";"177Â 361";"B01";"1";"33";"0";"2";"1";"1";"1";""
"202100013626";"177Â 358";"A01";"1";"7";"0";"2";"5";"16";"1";""
"202100013626";"177Â 359";"B01";"1";"80";"0";"2";"1";"1";"3";""
"202100013627";"177Â 356";"A01";"3";"7";"0";"2";"1";"2";"1";""
"202100013627";"177Â 357";"B01";"3";"31";"0";"2";"4";"2";"1";""
"202100013628";"177Â 355";"A01";"3";"37";"0";"1";"1";"1";"1";"1"
"202100013629";"177Â 354";"A01";"3";"1";"1";"0";"1";"1";"5";""
"202100013630";"177Â 352";"B01";"3";"33";"0";"2";"4";"2";"1";""
"202100013630";"177Â 353";"A01";"3";"33";"0";"2";"1";"2";"1";""
"202100013631";"177Â 350";"B01";"3";"50";"0";"9";"0";"2";"3";""
"202100013631";"177Â 351";"A01";"3";"7";"0";"9";"0";"2";"1";""
"202100013632";"177Â 348";"A01";"1";"7";"0";"2";"4";"2";"1";""
"202100013632";"177Â 349";"B01";"1";"2";"0";"2";"1";"2";"1";""
"202100013633";"177Â 347";"A01";"2";"7";"0";"1";"1";"1";"1";""
"202100013634";"177Â 345";"B01";"3";"50";"0";"2";"1";"1";"3";""
"202100013634";"177Â 346";"A01";"1";"7";"0";"2";"6";"1";"1";""
"202100013635";"177Â 343";"A01";"1";"7";"0";"2";"1";"23";"1";""
"202100013635";"177Â 344";"B01";"3";"1";"0";"2";"0";"0";"5";""
"202100013636";"177Â 342";"A01";"2";"7";"0";"1";"1";"13";"1";""
"202100013637";"177Â 340";"A01";"2";"7";"0";"2";"2";"0";"1";""
"202100013637";"177Â 341";"B01";"2";"37";"0";"2";"3";"1";"1";"1"
"202100013638";"177Â 338";"B01";"2";"1";"0";"2";"7";"1";"5";""
"202100013638";"177Â 339";"A01";"2";"7";"0";"2";"2";"15";"1";""
"202100013639";"177Â 336";"B01";"2";"30";"0";"2";"8";"1";"1";""
"202100013639";"177Â 337";"Z01";"2";"7";"0";"2";"0";"17";"0";""
"202100013640";"177Â 334";"A01";"1";"1";"0";"2";"1";"1";"5";""
"202100013640";"177Â 335";"B01";"1";"7";"0";"9";"3";"15";"1";""
"202100013641";"177Â 331";"A01";"1";"7";"0";"9";"2";"15";"1";""
"202100013641";"177Â 332";"B01";"1";"80";"0";"2";"1";"1";"3";""
"202100013642";"177Â 328";"C01";"2";"7";"0";"2";"4";"1";"2";""
"202100013642";"177Â 329";"B01";"2";"7";"0";"2";"4";"1";"1";""
"202100013642";"177Â 330";"A01";"2";"7";"0";"2";"1";"1";"1";""
"202100013643";"177Â 326";"A01";"1";"2";"0";"2";"3";"26";"1";""
"202100013643";"177Â 327";"B01";"1";"7";"0";"2";"3";"26";"1";""
"202100013644";"177Â 324";"B01";"1";"1";"0";"2";"1";"5";"0";""
"202100013644";"177Â 325";"A01";"2";"7";"0";"2";"3";"9";"1";""
"202100013645";"177Â 322";"B01";"2";"7";"0";"2";"4";"23";"1";""
"202100013645";"177Â 323";"A01";"2";"7";"0";"2";"1";"2";"1";""
"202100013646";"177Â 320";"B01";"1";"10";"0";"2";"2";"1";"1";""
"202100013646";"177Â 321";"A01";"1";"7";"0";"2";"8";"1";"1";""
"202100013647";"177Â 318";"A01";"1";"7";"8";"2";"3";"2";"1";""
"202100013647";"177Â 319";"B01";"2";"7";"8";"2";"0";"1";"1";""
"202100013648";"177Â 315";"A01";"3";"7";"1";"0";"3";"1";"3";""
"202100013649";"177Â 314";"A01";"2";"14";"15";"0";"1";"13";"1";""
"202100013650";"177Â 312";"A01";"1";"10";"0";"2";"4";"2";"1";""
"202100013650";"177Â 313";"B01";"1";"7";"0";"2";"1";"2";"1";""
"202100013651";"177Â 310";"B01";"3";"40";"0";"2";"1";"2";"3";""
"202100013651";"177Â 311";"A01";"3";"7";"0";"4";"3";"15";"1";""
"202100013652";"177Â 308";"A01";"2";"10";"0";"2";"3";"1";"1";""
"202100013652";"177Â 309";"B01";"2";"7";"0";"2";"3";"15";"1";""
"202100013653";"177Â 307";"A01";"3";"7";"0";"1";"1";"15";"1";""
"202100013654";"177Â 304";"C01";"0";"1";"0";"2";"0";"0";"0";""
"202100013654";"177Â 305";"A01";"3";"7";"9";"9";"1";"21";"1";""
"202100013654";"177Â 306";"B01";"0";"1";"0";"2";"4";"25";"0";""
"202100013655";"177Â 302";"A01";"1";"7";"0";"9";"2";"1";"3";""
"202100013655";"177Â 303";"B01";"3";"1";"0";"9";"8";"19";"0";""
"202100013656";"177Â 300";"A01";"2";"7";"0";"2";"1";"15";"3";""
"202100013656";"177Â 301";"B01";"2";"1";"0";"2";"1";"16";"0";""
"202100013657";"177Â 298";"A01";"2";"7";"0";"2";"1";"2";"0";""
"202100013657";"177Â 299";"B01";"2";"7";"0";"2";"4";"2";"0";""
"202100013658";"177Â 296";"A01";"1";"31";"0";"2";"1";"21";"1";""
"202100013658";"177Â 297";"B01";"1";"7";"0";"2";"5";"1";"1";""
"202100013659";"177Â 295";"A01";"2";"7";"0";"1";"2";"26";"1";""
"202100013660";"177Â 294";"A01";"3";"17";"0";"1";"1";"20";"1";""
"202100013661";"177Â 293";"A01";"0";"7";"0";"1";"1";"1";"0";""
"202100013662";"177Â 291";"B01";"3";"7";"0";"2";"6";"23";"1";""
"202100013662";"177Â 292";"A01";"3";"30";"14";"0";"2";"17";"1";""
"202100013663";"177Â 289";"B01";"3";"7";"0";"2";"7";"0";"1";""
"202100013663";"177Â 290";"A01";"3";"30";"0";"2";"7";"19";"1";""
"202100013664";"177Â 287";"B01";"1";"7";"0";"2";"1";"15";"1";""
"202100013664";"177Â 288";"A01";"2";"2";"0";"2";"1";"19";"1";""
"202100013665";"177Â 285";"B01";"1";"50";"0";"2";"7";"2";"3";""
"202100013665";"177Â 286";"A01";"1";"7";"0";"2";"1";"25";"0";""
"202100013666";"177Â 283";"B01";"1";"7";"0";"2";"1";"1";"1";""
"202100013666";"177Â 284";"A01";"2";"7";"0";"2";"7";"19";"1";""
"202100013667";"177Â 281";"A01";"2";"2";"0";"2";"1";"2";"1";""
"202100013667";"177Â 282";"B01";"2";"7";"0";"0";"4";"23";"0";""
"202100013668";"177Â 279";"Z01";"3";"1";"0";"2";"8";"26";"5";""
"202100013668";"177Â 280";"A01";"1";"7";"0";"0";"0";"0";"1";""
"202100013669";"177Â 276";"A01";"2";"10";"0";"2";"1";"2";"1";""
"202100013669";"177Â 277";"B01";"2";"7";"0";"2";"0";"0";"1";""
"202100013670";"177Â 274";"A01";"1";"7";"0";"2";"0";"0";"1";""
"202100013670";"177Â 275";"B01";"2";"33";"0";"2";"1";"1";"1";""
"202100013671";"177Â 272";"B01";"2";"43";"0";"2";"6";"0";"1";""
"202100013671";"177Â 273";"A01";"1";"7";"0";"2";"3";"15";"1";""
"202100013672";"177Â 270";"Z01";"2";"99";"0";"2";"1";"2";"0";""
"202100013672";"177Â 271";"A01";"2";"32";"0";"2";"4";"2";"1";""
"202100013673";"177Â 264";"D01";"2";"7";"0";"2";"9";"23";"1";""
"202100013673";"177Â 265";"F01";"2";"7";"0";"2";"7";"23";"1";""
"202100013673";"177Â 266";"E01";"2";"2";"0";"2";"0";"23";"1";""
"202100013673";"177Â 267";"C01";"2";"7";"0";"1";"1";"23";"1";""
"202100013673";"177Â 268";"B01";"1";"7";"0";"2";"3";"19";"1";""
"202100013673";"177Â 269";"A01";"1";"7";"0";"2";"1";"26";"1";""
"202100013674";"177Â 262";"B01";"3";"7";"0";"2";"4";"1";"1";""
"202100013674";"177Â 263";"A01";"3";"7";"0";"2";"1";"1";"1";""
"202100013675";"177Â 260";"A01";"1";"7";"0";"2";"2";"11";"1";""
"202100013675";"177Â 261";"B01";"1";"7";"0";"2";"3";"11";"1";""
"202100013676";"177Â 257";"A01";"3";"7";"0";"2";"1";"1";"1";""
"202100013676";"177Â 258";"B01";"3";"7";"0";"2";"4";"0";"1";""
"202100013676";"177Â 259";"C01";"3";"7";"0";"2";"4";"1";"1";""
"202100013677";"177Â 255";"A01";"3";"13";"8";"0";"2";"2";"1";""
"202100013677";"177Â 256";"B01";"3";"7";"0";"9";"6";"2";"2";""
"202100013678";"177Â 253";"A01";"2";"33";"0";"2";"1";"13";"1";""
"202100013678";"177Â 254";"B01";"1";"10";"0";"2";"3";"1";"1";""
"202100013679";"177Â 250";"B01";"2";"7";"0";"2";"4";"1";"1";""
"202100013679";"177Â 251";"A01";"2";"7";"0";"2";"1";"1";"1";""
"202100013679";"177Â 252";"C01";"2";"7";"0";"2";"4";"1";"1";""
"202100013680";"177Â 248";"A01";"2";"31";"0";"2";"3";"15";"1";""
"202100013680";"177Â 249";"B01";"1";"1";"0";"2";"1";"1";"5";""
"202100013681";"177Â 246";"A01";"1";"33";"0";"2";"7";"17";"1";""
"202100013681";"177Â 247";"B01";"1";"7";"0";"2";"8";"15";"1";""
"202100013682";"177Â 244";"Z01";"2";"30";"0";"2";"0";"1";"1";""
"202100013682";"177Â 245";"A01";"2";"50";"0";"2";"8";"19";"3";""
"202100013683";"177Â 242";"B01";"1";"30";"0";"2";"1";"1";"1";""
"202100013683";"177Â 243";"A01";"1";"7";"0";"2";"3";"9";"1";""
"202100013684";"177Â 241";"Z01";"1";"30";"0";"1";"1";"8";"1";""
"202100013685";"177Â 240";"A01";"1";"33";"0";"1";"1";"1";"1";""
"202100013686";"177Â 238";"A01";"1";"7";"0";"2";"3";"15";"1";""
"202100013686";"177Â 239";"B01";"1";"50";"0";"2";"1";"17";"3";""
"202100013687";"177Â 236";"B01";"1";"7";"0";"2";"3";"10";"2";""
"202100013687";"177Â 237";"A01";"1";"43";"0";"2";"1";"17";"1";""
"202100013688";"177Â 234";"B01";"3";"7";"0";"2";"1";"1";"1";""
"202100013688";"177Â 235";"A01";"2";"7";"0";"2";"2";"1";"1";""
"202100013689";"177Â 232";"B01";"1";"7";"0";"2";"2";"1";"1";""
"202100013689";"177Â 233";"A01";"1";"33";"0";"2";"6";"15";"1";""
"202100013690";"177Â 230";"A01";"2";"33";"0";"2";"2";"9";"1";""
"202100013690";"177Â 231";"B01";"2";"31";"0";"2";"2";"3";"1";""
"202100013691";"177Â 228";"A01";"2";"30";"0";"2";"1";"1";"1";""
"202100013691";"177Â 229";"B01";"1";"7";"0";"2";"6";"1";"1";""
"202100013692";"177Â 227";"A01";"2";"1";"0";"1";"1";"1";"5";""
"202100013693";"177Â 225";"B01";"2";"1";"0";"2";"1";"16";"5";""
"202100013693";"177Â 226";"A01";"2";"10";"0";"2";"2";"1";"1";""
"202100013694";"177Â 223";"B01";"1";"1";"0";"2";"7";"1";"5";""
"202100013694";"177Â 224";"A01";"1";"43";"0";"2";"1";"1";"1";""
"202100013695";"177Â 222";"A01";"1";"31";"1";"0";"2";"1";"1";""
"202100013696";"177Â 220";"A01";"1";"43";"0";"2";"1";"8";"1";""
"202100013696";"177Â 221";"B01";"1";"7";"0";"2";"6";"15";"1";""
"202100013697";"177Â 219";"A01";"1";"14";"0";"1";"2";"16";"1";""
"202100013698";"177Â 217";"A01";"2";"10";"0";"2";"1";"13";"0";""
"202100013698";"177Â 218";"B01";"1";"37";"0";"2";"1";"1";"1";"3"
"202100013699";"177Â 216";"A01";"1";"30";"0";"2";"0";"16";"1";""
"202100013700";"177Â 214";"B01";"1";"1";"0";"2";"9";"0";"5";""
"202100013700";"177Â 215";"A01";"2";"37";"0";"2";"1";"1";"1";"1"
"202100013701";"177Â 213";"A01";"2";"10";"0";"2";"2";"1";"1";""
"202100013702";"177Â 211";"B01";"2";"37";"1";"0";"0";"0";"1";"1"
"202100013702";"177Â 212";"A01";"3";"1";"15";"0";"0";"0";"5";""
"202100013703";"177Â 209";"B01";"3";"7";"0";"2";"2";"2";"1";""
"202100013703";"177Â 210";"A01";"3";"3";"7";"0";"6";"2";"1";""
"202100013704";"177Â 207";"B01";"3";"10";"0";"2";"3";"9";"1";""
"202100013704";"177Â 208";"A01";"3";"50";"0";"2";"1";"1";"3";""
"202100013705";"177Â 205";"B01";"1";"34";"0";"2";"2";"1";"1";""
"202100013705";"177Â 206";"A01";"1";"7";"0";"2";"3";"16";"1";""
"202100013706";"177Â 203";"B01";"0";"7";"0";"2";"5";"15";"1";""
"202100013706";"177Â 204";"A01";"0";"33";"0";"2";"1";"1";"1";""
"202100013707";"177Â 201";"A01";"2";"33";"0";"2";"1";"1";"1";""
"202100013707";"177Â 202";"B01";"2";"7";"0";"2";"4";"1";"1";""
"202100013708";"177Â 200";"A01";"3";"7";"0";"1";"1";"26";"1";""
"202100013709";"177Â 199";"A01";"3";"10";"9";"2";"1";"14";"0";""
"202100013710";"177Â 197";"A01";"1";"7";"14";"2";"1";"19";"1";""
"202100013710";"177Â 198";"B01";"1";"32";"14";"2";"7";"19";"1";""
"202100013711";"177Â 195";"B01";"2";"34";"0";"2";"1";"18";"1";""
"202100013711";"177Â 196";"A01";"2";"7";"0";"2";"7";"23";"1";""
"202100013712";"177Â 193";"A01";"3";"7";"0";"2";"3";"9";"2";""
"202100013712";"177Â 194";"B01";"3";"1";"0";"2";"1";"2";"5";""
"202100013713";"177Â 191";"B01";"1";"1";"0";"2";"3";"26";"0";""
"202100013713";"177Â 192";"A01";"2";"7";"0";"9";"2";"1";"1";""
"202100013714";"177Â 190";"A01";" -1";"7";"1";"0";"3";"13";"1";""
"202100013715";"177Â 189";"A01";"1";"7";"0";"1";"3";"1";"1";""
"202100013716";"177Â 187";"Y01";" -1";"0";"0";"2";"0";"0";"0";""
"202100013716";"177Â 188";"A01";"2";"7";"0";"1";"1";"2";"1";""
"202100013717";"177Â 185";"A01";"2";"7";"0";"2";"3";"1";"1";""
"202100013717";"177Â 186";"B01";"1";"7";"0";"2";"3";"1";"1";""
"202100013718";"177Â 184";"A01";"1";"7";"0";"0";"0";"1";"0";""
"202100013719";"177Â 183";"A01";"1";"7";"0";"1";"1";"1";"0";""
"202100013720";"177Â 181";"A01";"0";"7";"0";"2";"1";"15";"1";""
"202100013720";"177Â 182";"B01";"0";"60";"0";"2";"8";"25";"5";""
"202100013721";"177Â 180";"A01";"1";"32";"9";"0";"3";"13";"1";""
"202100013722";"177Â 178";"A01";"1";"14";"0";"2";"5";"15";"1";""
"202100013722";"177Â 179";"B01";"1";"1";"0";"2";"3";"0";"5";""
"202100013723";"177Â 176";"A01";"1";"32";"4";"0";"8";"21";"1";""
"202100013723";"177Â 177";"B01";"1";"7";"0";"0";"0";"26";"0";""
"202100013724";"177Â 174";"B01";"1";"1";"1";"0";"0";"1";"0";""
"202100013724";"177Â 175";"A01";"1";"10";"0";"2";"8";"22";"0";""
"202100013725";"177Â 171";"A01";"2";"7";"0";"2";"1";"2";"1";""
"202100013725";"177Â 172";"B01";"2";"7";"0";"2";"4";"23";"1";""
"202100013725";"177Â 173";"C01";"2";"7";"0";"2";"4";"2";"1";""
"202100013726";"177Â 170";"A01";"1";"7";"0";"1";"2";"1";"1";""
"202100013727";"177Â 168";"A01";"1";"32";"0";"2";"1";"1";"1";""
"202100013727";"177Â 169";"B01";"1";"1";"0";"2";"4";"15";"5";""
"202100013728";"177Â 166";"B01";"2";"7";"0";"2";"3";"15";"1";""
"202100013728";"177Â 167";"A01";"1";"2";"0";"2";"1";"1";"1";""
"202100013729";"177Â 165";"A01";"2";"7";"13";"0";"0";"1";"1";""
"202100013730";"177Â 163";"B01";"1";"50";"0";"2";"1";"1";"3";""
"202100013730";"177Â 164";"A01";"1";"7";"0";"2";"3";"19";"1";""
"202100013731";"177Â 162";"A01";"3";"2";"1";"0";"1";"1";"1";""
"202100013732";"177Â 160";"A01";"3";"7";"0";"2";"3";"9";"1";""
"202100013732";"177Â 161";"B01";"3";"10";"0";"2";"2";"1";"1";""
"202100013733";"177Â 159";"A01";"2";"1";"0";"0";"0";"5";"5";""
"202100013734";"177Â 157";"A01";"0";"7";"0";"2";"3";"17";"1";""
"202100013734";"177Â 158";"B01";"0";"31";"0";"2";"3";"1";"1";""
"202100013735";"177Â 156";"A01";"2";"33";"5";"0";"3";"1";"1";""
"202100013736";"177Â 155";"A01";"0";"7";"6";"0";"4";"4";"1";""
"202100013737";"177Â 153";"B01";"2";"7";"0";"2";"3";"10";"1";""
"202100013737";"177Â 154";"A01";"2";"33";"0";"2";"2";"17";"1";""
"202100013738";"177Â 152";"A01";"1";"7";"0";"1";"1";"26";"1";""
"202100013739";"177Â 151";"A01";"1";"33";"3";"0";"8";"1";"1";""
"202100013740";"177Â 149";"B01";"1";"7";"0";"2";"1";"1";"1";""
"202100013740";"177Â 150";"A01";"2";"7";"0";"2";"3";"15";"1";""
"202100013741";"177Â 147";"A01";"2";"7";"0";"2";"2";"17";"1";""
"202100013741";"177Â 148";"B01";"2";"7";"0";"0";"8";"15";"1";""
"202100013742";"177Â 145";"B01";"2";"33";"0";"2";"8";"15";"1";""
"202100013742";"177Â 146";"A01";"2";"7";"0";"2";"3";"15";"1";""
"202100013743";"177Â 143";"B01";"2";"7";"0";"2";"1";"1";"1";""
"202100013743";"177Â 144";"A01";"1";"7";"0";"2";"2";"15";"1";""
"202100013744";"177Â 141";"B01";"1";"15";"0";"0";"4";"1";"1";""
"202100013744";"177Â 142";"A01";"1";"7";"3";"2";"1";"1";"1";""
"202100013745";"177Â 139";"B01";"2";"21";"0";"2";"1";"1";"1";""
"202100013745";"177Â 140";"A01";"1";"7";"0";"2";"1";"13";"1";""
"202100013746";"177Â 137";"B01";"0";"13";"0";"2";"5";"1";"0";""
"202100013746";"177Â 138";"A01";"0";"7";"0";"2";"3";"19";"0";""
"202100013747";"177Â 135";"B01";"2";"33";"0";"2";"1";"1";"1";""
"202100013747";"177Â 136";"A01";"1";"7";"0";"2";"7";"15";"1";""
"202100013748";"177Â 134";"A01";"1";"99";"13";"0";"9";"13";"1";""
"202100013749";"177Â 132";"A01";"2";"7";"0";"6";"1";"1";"1";""
"202100013750";"177Â 130";"B01";"1";"1";"0";"2";"1";"1";"5";""
"202100013750";"177Â 131";"A01";"2";"7";"0";"2";"8";"9";"1";""
"202100013751";"177Â 129";"A01";"1";"7";"13";"0";"1";"1";"1";""
"202100013752";"177Â 128";"A01";"0";"1";"0";"0";"1";"0";"5";""
"202100013753";"177Â 126";"B01";"2";"7";"0";"2";"3";"0";"1";""
"202100013753";"177Â 127";"A01";"1";"7";"0";"2";"3";"0";"1";""
"202100013754";"177Â 125";"A01";"1";"36";"0";"0";"3";"1";"1";""
"202100013755";"177Â 123";"B01";"1";"80";"0";"2";"8";"13";"3";""
"202100013755";"177Â 124";"A01";"1";"15";"0";"9";"5";"17";"1";""
"202100013756";"177Â 121";"A01";"1";"7";"0";"2";"2";"15";"1";""
"202100013756";"177Â 122";"B01";"2";"2";"0";"2";"1";"1";"1";""
"202100013757";"177Â 119";"B01";"0";"3";"0";"2";"8";"15";"1";""
"202100013757";"177Â 120";"A01";"2";"33";"0";"2";"1";"17";"1";""
"202100013758";"177Â 118";"A01";"2";"33";"0";"0";"0";"1";"1";""
"202100013759";"177Â 116";"A01";"3";"33";"0";"2";"1";"1";"1";""
"202100013759";"177Â 117";"B01";"3";"7";"0";"2";"2";"1";"1";""
"202100013760";"177Â 114";"A01";"3";"2";"0";"2";"3";"1";"1";""
"202100013760";"177Â 115";"B01";"3";"2";"0";"2";"3";"1";"1";""
"202100013761";"177Â 112";"A01";"1";"2";"0";"2";"1";"26";"1";""
"202100013761";"177Â 113";"B01";"1";"7";"0";"0";"3";"23";"1";""
"202100013762";"177Â 110";"A01";"1";"7";"0";"9";"1";"16";"1";""
"202100013762";"177Â 111";"B01";"1";"1";"0";"2";"4";"1";"5";""
"202100013763";"177Â 109";"A01";"2";"15";"3";"0";"0";"1";"1";""
"202100013764";"177Â 107";"B01";"2";"80";"0";"0";"4";"2";"3";""
"202100013764";"177Â 108";"A01";"2";"3";"0";"9";"2";"2";"0";""
"202100013765";"177Â 105";"B01";"0";"2";"0";"0";"0";"0";"1";""
"202100013765";"177Â 106";"A01";"0";"7";"0";"2";"2";"15";"1";""
"202100013766";"177Â 103";"B01";"3";"7";"0";"2";"3";"1";"0";""
"202100013766";"177Â 104";"A01";"2";"33";"0";"2";"3";"1";"0";""
"202100013767";"177Â 101";"A01";"1";"7";"0";"2";"2";"17";"1";""
"202100013767";"177Â 102";"B01";"1";"33";"0";"0";"4";"2";"6";""