"Num_Acc";"id_vehicule";"num_veh";"senc";"catv";"obs";"obsm";"choc";"manv";"motor";"occutc"
"202100013768";"177Â 099";"A01";"1";"15";"0";"0";"8";"9";"1";""
"202100013768";"177Â 100";"B01";"1";"7";"4";"0";"1";"1";"1";""
"202100013769";"177Â 098";"A01";"0";"10";"0";"1";"1";"1";"1";""
"202100013770";"177Â 097";"A01";"1";"7";"2";"0";"2";"0";"1";""
"202100013771";"177Â 095";"A01";"1";"1";"0";"2";"0";"10";"5";""
"202100013771";"177Â 096";"B01";"1";"32";"0";"2";"8";"21";"1";""
"202100013772";"177Â 090";"A01";"0";"7";"0";"1";"2";"1";"1";""
"202100013773";"177Â 088";"B01";"3";"33";"0";"2";"1";"0";"1";""
"202100013773";"177Â 089";"A01";"3";"7";"0";"2";"2";"15";"1";""
"202100013774";"177Â 086";"B01";"1";"10";"4";"0";"6";"2";"1";""
"202100013774";"177Â 087";"A01";"1";"7";"0";"2";"1";"1";"1";""
"202100013775";"177Â 085";"A01";"1";"7";"0";"1";"1";"1";"1";""
"202100013776";"177Â 084";"A01";"1";"33";"4";"0";"3";"13";"1";""
"202100013777";"177Â 083";"A01";"2";"33";"12";"0";"1";"1";"1";""
"202100013778";"177Â 081";"A01";"2";"7";"0";"9";"2";"2";"0";""
"202100013778";"177Â 082";"B01";"2";"99";"0";"0";"6";"2";"3";""
"202100013779";"177Â 079";"B01";"2";"7";"0";"0";"3";"1";"1";""
"202100013779";"177Â 080";"A01";"1";"7";"0";"0";"3";"1";"1";""
"202100013780";"177Â 077";"B01";"0";"2";"0";"2";"1";"1";"1";""
"202100013780";"177Â 078";"A01";"0";"7";"0";"2";"8";"9";"1";""
"202100013781";"177Â 075";"A01";"2";"33";"0";"0";"7";"15";"1";""
"202100013781";"177Â 076";"B01";"1";"7";"0";"2";"1";"1";"1";""
"202100013782";"177Â 073";"A01";"2";"7";"0";"2";"6";"1";"1";""
"202100013782";"177Â 074";"B01";"2";"1";"0";"2";"7";"1";"5";""
"202100013783";"177Â 070";"A01";"2";"7";"0";"2";"6";"1";"1";""
"202100013783";"177Â 071";"B01";"2";"33";"0";"2";"2";"14";"1";""
"202100013783";"177Â 072";"Z01";" -1";"7";" -1";" -1";" -1";" -1";" -1";""
"202100013784";"177Â 068";"A01";"1";"7";"0";"2";"4";"2";"1";""
"202100013784";"177Â 069";"B01";"1";"7";"0";"2";"1";"2";"0";""
"202100013785";"177Â 065";"C01";"1";"33";"0";"2";"1";"1";"1";""
"202100013785";"177Â 066";"B01";"1";"14";"0";"2";"8";"1";"1";""
"202100013785";"177Â 067";"A01";"1";"10";"0";"2";"5";"1";"1";""
"202100013786";"177Â 063";"A01";"1";"7";"0";"2";"4";"2";"1";""
"202100013786";"177Â 064";"B01";"1";"7";"0";"2";"1";"2";"1";""
"202100013787";"177Â 061";"B01";"1";"7";"0";"2";"6";"1";"1";""
"202100013787";"177Â 062";"A01";"1";"14";"0";"2";"0";"12";"1";""
"202100013788";"177Â 059";"A01";"2";"33";"0";"2";"1";"18";"1";""
"202100013788";"177Â 060";"B01";"2";"7";"0";"2";"4";"1";"1";""
"202100013789";"177Â 056";"B01";"1";"7";"0";"2";"4";"2";"1";""
"202100013789";"177Â 057";"C01";"1";"10";"0";"0";"0";"0";"1";""
"202100013789";"177Â 058";"A01";"1";"10";"0";"2";"1";"2";"1";""
"202100013790";"177Â 055";"A01";"2";"33";"3";"0";"9";"2";"1";""
"202100013791";"177Â 049";"F01";"2";"7";"0";"2";"1";"2";"1";""
"202100013791";"177Â 050";"E01";"2";"7";"0";"2";"4";"2";"1";""
"202100013791";"177Â 051";"D01";"2";"7";"0";"2";"4";"2";"1";""
"202100013791";"177Â 052";"C01";"2";"7";"0";"2";"4";"2";"1";""
"202100013791";"177Â 053";"B01";"2";"7";"0";"2";"1";"2";"1";""
"202100013791";"177Â 054";"A01";"2";"7";"0";"2";"1";"2";"1";""
"202100013792";"177Â 047";"A01";"1";"7";"0";"2";"6";"15";"1";""
"202100013792";"177Â 048";"B01";"1";"34";"0";"2";"7";"2";"1";""
"202100013793";"177Â 045";"B01";"2";"43";"0";"2";"7";"1";"1";""
"202100013793";"177Â 046";"A01";"2";"7";"0";"2";"3";"11";"1";""
"202100013794";"177Â 043";"B01";"1";"15";"0";"2";"8";"1";"1";""
"202100013794";"177Â 044";"A01";"1";"10";"0";"2";"7";"14";"1";""
"202100013795";"177Â 040";"A01";"1";"15";"0";"2";"8";"2";"1";""
"202100013795";"177Â 041";"C01";"1";"15";"0";"2";"6";"2";"1";""
"202100013795";"177Â 042";"B01";"1";"7";"0";"2";"1";"0";"1";""
"202100013796";"177Â 038";"A01";"1";"7";"4";"2";"3";"11";"1";""
"202100013796";"177Â 039";"B01";"1";"7";"4";"2";"5";"1";"1";""
"202100013797";"177Â 036";"B01";"2";"7";"0";"2";"3";"11";"1";""
"202100013797";"177Â 037";"A01";"2";"43";"0";"2";"2";"3";"1";""
"202100013798";"177Â 034";"B01";"2";"31";"0";"2";"1";"11";"1";""
"202100013798";"177Â 035";"A01";"2";"7";"0";"2";"4";"1";"1";""
"202100013799";"177Â 032";"B01";"2";"7";"3";"2";"3";"1";"1";""
"202100013799";"177Â 033";"A01";"2";"15";"3";"2";"2";"12";"1";""
"202100013800";"177Â 029";"C01";"1";"7";"0";"2";"7";"1";"1";""
"202100013800";"177Â 030";"B01";"1";"17";"0";"2";"1";"12";"1";""
"202100013800";"177Â 031";"A01";"1";"7";"0";"2";"6";"1";"1";""
"202100013801";"177Â 027";"B01";"1";"7";"0";"2";"4";"1";"1";""
"202100013801";"177Â 028";"A01";"1";"7";"0";"2";"1";"2";"1";""
"202100013802";"177Â 025";"B01";"1";"10";"0";"2";"5";"1";"1";""
"202100013802";"177Â 026";"A01";"1";"31";"0";"2";"1";"1";"1";""
"202100013803";"177Â 023";"A01";"2";"10";"0";"2";"1";"14";"1";""
"202100013803";"177Â 024";"B01";"2";"17";"0";"2";"6";"2";"1";""
"202100013804";"177Â 022";"A01";"3";"33";"1";"0";"1";"14";"1";""
"202100013805";"177Â 020";"A01";"2";"2";"0";"2";"1";"1";"3";""
"202100013805";"177Â 021";"B01";"2";"7";"0";"2";"3";"1";"1";""
"202100013806";"177Â 018";"A01";"1";"7";"0";"1";"1";"1";"0";""
"202100013807";"177Â 016";"B01";"3";"10";"0";"0";"3";"23";"1";""
"202100013807";"177Â 017";"A01";"2";"30";"0";"0";"0";"1";"1";""
"202100013808";"177Â 014";"B01";"1";"2";"0";"2";"4";"1";"1";""
"202100013808";"177Â 015";"A01";"1";"10";"0";"2";"1";"9";"1";""
"202100013809";"177Â 012";"B01";"1";"1";"0";"2";"8";"1";"5";""
"202100013809";"177Â 013";"A01";"2";"10";"0";"2";"1";"15";"1";""
"202100013810";"177Â 010";"B01";"2";"1";"0";"2";"8";"19";"5";""
"202100013810";"177Â 011";"A01";"2";"7";"0";"2";"2";"1";"1";""
"202100013811";"177Â 009";"B01";"2";"7";"0";"2";"1";"9";"1";""
"202100013812";"177Â 005";"C01";"1";"7";"0";"2";"4";"2";"3";""
"202100013812";"177Â 006";"D01";"1";"7";"0";"2";"4";"2";"2";""
"202100013812";"177Â 007";"B01";"1";"7";"0";"2";"6";"2";"1";""
"202100013812";"177Â 008";"A01";"1";"99";"0";"2";"1";"2";"1";""
"202100013813";"177Â 003";"B01";"2";"7";"0";"2";"6";"2";"1";""
"202100013813";"177Â 004";"A01";"2";"32";"0";"2";"1";"13";"1";""
"202100013814";"177Â 001";"A01";"3";"7";"0";"2";"3";"15";"1";""
"202100013814";"177Â 002";"B01";"3";"32";"0";"2";"7";"1";"1";""
"202100013815";"176Â 999";"A01";"1";"33";"0";"2";"0";"21";"1";""
"202100013815";"177Â 000";"B01";"1";"7";"0";"2";"0";"15";"1";""
"202100013816";"176Â 997";"B01";"1";"31";"0";"2";"2";"26";"1";""
"202100013816";"176Â 998";"A01";"1";"7";"0";"2";"3";"1";"1";""
"202100013817";"176Â 995";"B01";"1";"7";"0";"0";"4";"2";"1";""
"202100013817";"176Â 996";"A01";"1";"7";"0";"2";"1";"1";"1";""
"202100013818";"176Â 994";"A01";"1";"7";"3";"0";"1";"26";"1";""
"202100013819";"176Â 992";"A01";"3";"10";"0";"2";"8";"13";"1";""
"202100013819";"176Â 993";"B01";"3";"34";"0";"2";"2";"1";"1";""
"202100013820";"176Â 990";"B01";"2";"7";"0";"2";"2";"16";"0";""
"202100013820";"176Â 991";"A01";"2";"33";"0";"2";"3";"18";"1";""
"202100013821";"176Â 988";"A01";"1";"7";"0";"2";"2";"1";"1";""
"202100013821";"176Â 989";"B01";"1";"7";"0";"2";"3";"1";"1";""
"202100013822";"176Â 987";"A01";"2";"7";"1";"0";"3";"1";"1";""
"202100013823";"176Â 986";"A01";"3";"7";"8";"0";"1";"16";"1";""
"202100013824";"176Â 984";"A01";"1";"7";"0";"2";"3";"15";"1";""
"202100013824";"176Â 985";"B01";"1";"32";"0";"2";"1";"17";"1";""
"202100013825";"176Â 982";"B01";"1";"7";"0";"2";"4";"2";"1";""
"202100013825";"176Â 983";"A01";"1";"30";"0";"2";"1";"2";"1";""
"202100013826";"176Â 980";"A01";"0";"7";"0";"2";"1";"1";"1";""
"202100013826";"176Â 981";"B01";"0";"7";"0";"2";"4";"1";"1";""
"202100013827";"176Â 979";"A01";"0";"7";"0";"1";"1";"20";"1";""
"202100013828";"176Â 977";"B01";"0";"7";"0";"2";"1";"1";"1";""
"202100013828";"176Â 978";"A01";"0";"7";"0";"2";"1";"18";"1";""
"202100013829";"176Â 973";"B01";"1";"7";"0";"2";"2";"1";"1";""
"202100013829";"176Â 974";"A01";"2";"30";"0";"2";"7";"15";"1";""
"202100013830";"176Â 969";"A01";"3";"7";"0";"2";"1";"2";"0";""
"202100013830";"176Â 970";"B01";"3";"2";"0";"2";"5";"1";"1";""
"202100013831";"176Â 968";"Z01";"3";"7";"0";"1";"0";"1";"0";""
"202100013832";"176Â 967";"Z01";"0";"7";"1";"0";"7";"4";"1";""
"202100013833";"176Â 965";"A01";"0";"10";"0";"2";"1";"1";"1";""
"202100013833";"176Â 966";"B01";"0";"1";"0";"2";"7";"1";"5";""
"202100013834";"176Â 964";"A01";"2";"7";"0";"1";"1";"1";"1";""
"202100013835";"176Â 963";"A01";"2";"7";"1";"0";"0";"0";"1";""
"202100013836";"176Â 962";"A01";"3";"10";"1";"0";"0";"0";"1";""
"202100013837";"176Â 960";"B01";"3";"7";"0";"2";"6";"23";"1";""
"202100013837";"176Â 961";"A01";"3";"1";"0";"2";"1";"16";"5";""
"202100013838";"176Â 958";"A01";"1";"31";"0";"2";"4";"15";"1";""
"202100013838";"176Â 959";"Z01";"1";"7";"0";"2";"1";"2";"1";""
"202100013839";"176Â 956";"A01";"1";"7";"0";"2";"5";"17";"1";""
"202100013839";"176Â 957";"B01";"2";"7";"0";"2";"1";"2";"1";""
"202100013840";"176Â 954";"TB01";"1";"99";"0";"2";"1";"1";"0";""
"202100013840";"176Â 955";"A01";"1";"7";"0";"2";"2";"16";"1";""
"202100013841";"176Â 952";"B01";"3";"1";"0";"2";"8";"19";"5";""
"202100013841";"176Â 953";"A01";"3";"7";"0";"9";"1";"1";"1";""
"202100013842";"176Â 950";"B01";"3";"7";"0";"9";"8";"1";"1";""
"202100013842";"176Â 951";"A01";"3";"1";"0";"2";"1";"0";"5";""
"202100013843";"176Â 948";"A01";"2";"7";"0";"2";"7";"14";"1";""
"202100013843";"176Â 949";"B01";"2";"7";"0";"2";"8";"1";"1";""
"202100013844";"176Â 946";"B01";"1";"7";"0";"2";"4";"2";"1";""
"202100013844";"176Â 947";"A01";"1";"7";"0";"2";"1";"2";"1";""
"202100013845";"176Â 945";"A01";"2";"7";"0";"1";"2";"1";"1";""
"202100013846";"176Â 944";"A01";"1";"7";"0";"2";"1";"1";"1";""
"202100013847";"176Â 942";"A01";"1";"33";"0";"2";"3";"17";"1";""
"202100013847";"176Â 943";"B01";"1";"33";"0";"2";"0";"15";"1";""
"202100013848";"176Â 941";"A01";"1";"7";"8";"0";"1";"14";"1";""
"202100013849";"176Â 940";"A01";"1";"7";"0";"9";"3";"9";"1";""
"202100013850";"176Â 939";"A01";"2";"7";"0";"1";"1";"16";"0";""
"202100013851";"176Â 938";"A01";"3";"2";"13";"0";"2";"14";"1";""
"202100013852";"176Â 936";"B01";"1";"50";"0";"2";"2";"26";"3";""
"202100013852";"176Â 937";"A01";"1";"7";"0";"2";"3";"1";"1";""
"202100013853";"176Â 934";"A01";"1";"7";"0";"2";"1";"1";"1";""
"202100013853";"176Â 935";"B01";"1";"7";"0";"2";"4";"1";"1";""
"202100013854";"176Â 933";"A01";"1";"7";"8";"0";"3";"0";"1";""
"202100013855";"176Â 931";"B01";"1";"7";"0";"2";"8";"1";"2";""
"202100013855";"176Â 932";"A01";"1";"10";"0";"2";"7";"17";"1";""
"202100013856";"176Â 930";"A01";"3";"39";"0";"1";"2";"1";"3";""
"202100013857";"176Â 928";"B01";"1";"1";"0";"2";"1";"1";"5";""
"202100013857";"176Â 929";"A01";"2";"13";"0";"2";"2";"9";"1";""
"202100013858";"176Â 927";"A01";"1";"7";"0";"1";"1";"16";"1";""
"202100013859";"176Â 925";"B01";"3";"7";"0";"2";"4";"23";"1";""
"202100013859";"176Â 926";"A01";"3";"7";"14";"0";"1";"2";"1";""
"202100013860";"176Â 924";"A01";"1";"7";"3";"0";"1";"14";"1";""
"202100013861";"176Â 922";"A01";"2";"1";"0";"2";"0";"19";"5";""
"202100013861";"176Â 923";"B01";"2";"7";"0";"2";"0";"1";"1";""
"202100013862";"176Â 920";"B01";"3";"40";"0";"2";"0";"1";"3";""
"202100013862";"176Â 921";"A01";"3";"7";"0";"4";"8";"15";"1";""
"202100013863";"176Â 919";"A01";"3";"7";"0";"1";"1";"1";"1";""
"202100013864";"176Â 918";"A01";"2";"30";"1";"0";"1";"1";"1";""
"202100013865";"176Â 917";"A01";"2";"7";"9";"0";"2";"14";"1";""
"202100013866";"176Â 916";"A01";"1";"7";"0";"1";"8";"1";"1";""
"202100013867";"176Â 914";"A01";"1";"7";"0";"2";"1";"2";"1";""
"202100013867";"176Â 915";"B01";"0";"31";"0";"2";"4";"2";"1";""
"202100013868";"176Â 912";"A01";"1";"7";"0";"2";"8";"16";"1";""
"202100013868";"176Â 913";"B01";"1";"37";"0";"2";"2";"1";"1";"1"
"202100013869";"176Â 910";"B01";"1";"7";"0";"2";"4";"1";"1";""
"202100013869";"176Â 911";"A01";"1";"30";"0";"2";"1";"1";"1";""
"202100013870";"176Â 908";"B01";"1";"33";"0";"2";"1";"2";"1";""
"202100013870";"176Â 909";"A01";"1";"7";"0";"2";"8";"15";"1";""
"202100013871";"176Â 906";"A01";"3";"13";"0";"1";"1";"1";"1";""
"202100013872";"176Â 904";"A01";"3";"7";"0";"2";"1";"9";"2";""
"202100013872";"176Â 905";"B01";"3";"1";"0";"2";"1";"1";"5";""
"202100013873";"176Â 901";"B01";"2";"10";"0";"2";"9";"2";"0";""
"202100013873";"176Â 902";"A01";"2";"10";"0";"2";"1";"2";"1";""
"202100013873";"176Â 903";"C01";"2";"10";"0";"2";"6";"2";"0";""
"202100013874";"176Â 900";"A01";"2";"7";"0";"1";"2";"1";"1";""
"202100013875";"176Â 897";"A01";"0";"7";"0";"2";"1";"2";"1";""
"202100013875";"176Â 898";"B01";"0";"7";"0";"2";"4";"2";"1";""
"202100013875";"176Â 899";"C01";"0";"7";"0";"2";"4";"0";"1";""
"202100013876";"176Â 896";"A01";"2";"10";"11";"0";"0";"9";"1";""
"202100013877";"176Â 894";"A01";"1";"7";"0";"2";"4";"1";"2";""
"202100013877";"176Â 895";"B01";"0";"1";"0";"2";"1";"15";"5";""
"202100013878";"176Â 892";"A01";"3";"7";"0";"2";"1";"1";"1";""
"202100013878";"176Â 893";"Z01";"3";"7";"0";"2";"7";"15";"1";""
"202100013879";"176Â 890";"B01";"1";"7";"0";"2";"1";"15";"1";""
"202100013879";"176Â 891";"A01";"1";"32";"14";"2";"2";"2";"1";""
"202100013880";"176Â 888";"B01";"1";"7";"0";"2";"8";"1";"1";""
"202100013880";"176Â 889";"A01";"2";"10";"0";"2";"3";"1";"1";""
"202100013881";"176Â 886";"B01";"3";"2";"0";"0";"7";"15";"1";""
"202100013881";"176Â 887";"A01";"2";"7";"0";"2";"3";"9";"1";""
"202100013882";"176Â 884";"A01";"1";"7";"0";"2";"3";"9";"1";""
"202100013882";"176Â 885";"B01";"1";"7";"0";"2";"6";"1";"1";""
"202100013883";"176Â 881";"A01";"1";"10";"0";"0";"0";"2";"1";""
"202100013883";"176Â 882";"B01";"1";"2";"0";"0";"8";"2";"1";""
"202100013884";"176Â 879";"B01";"1";"7";"0";"2";"3";"1";"1";""
"202100013884";"176Â 880";"A01";"2";"7";"0";"2";"3";"13";"1";""
"202100013885";"176Â 877";"A01";"1";"7";"1";"2";"2";"19";"1";""
"202100013885";"176Â 878";"B01";"2";"31";"0";"2";"3";"1";"1";""
"202100013886";"176Â 875";"A01";"1";"33";"0";"2";"1";"2";"1";""
"202100013886";"176Â 876";"B01";"1";"7";"0";"2";"5";"2";"1";""
"202100013887";"176Â 874";"A01";"2";"34";"0";"2";"7";"3";"1";""
"202100013888";"176Â 872";"A01";"3";"32";"0";"2";"5";"1";"1";""
"202100013888";"176Â 873";"B01";"3";"7";"0";"2";"5";"15";"1";""
"202100013889";"176Â 871";"Z01";"1";"7";"0";"1";"3";"1";"1";""
"202100013890";"176Â 869";"B01";"2";"1";"0";"2";"8";"21";"5";""
"202100013890";"176Â 870";"A01";"2";"30";"0";"2";"1";"1";"1";""
"202100013891";"176Â 867";"A01";"2";"33";"0";"2";"8";"1";"1";""
"202100013891";"176Â 868";"B01";"1";"7";"0";"2";"1";"15";"1";""
"202100013892";"176Â 866";"A01";"1";"1";"12";"0";"1";"1";"5";""
"202100013893";"176Â 865";"A01";"2";"32";"0";"1";"7";"1";"1";""
"202100013894";"176Â 864";"A01";"2";"33";"0";"1";"3";"1";"1";""
"202100013895";"176Â 862";"A01";"3";"7";"0";"2";"2";"15";"1";""
"202100013895";"176Â 863";"B01";"3";"30";"0";"2";"1";"1";"1";""
"202100013896";"176Â 861";"A01";"3";"10";"0";"1";"2";"15";"1";""
"202100013897";"176Â 860";"A01";"2";"37";"0";"1";"2";"1";"2";"2"
"202100013898";"176Â 858";"A01";"0";"7";"0";"2";"8";"15";"1";""
"202100013898";"176Â 859";"B01";"3";"32";"0";"2";"6";"1";"1";""
"202100013899";"176Â 857";"A01";"1";"7";"4";"0";"2";"1";"1";""
"202100013900";"176Â 855";"B01";"1";"7";"0";"2";"6";"1";"1";""
"202100013900";"176Â 856";"A01";"1";"7";"1";"2";"2";"20";"1";""
"202100013901";"176Â 854";"A01";"1";"7";"0";"1";"3";"1";"1";""
"202100013902";"176Â 852";"B01";"3";"7";"0";"2";"3";"19";"1";""
"202100013902";"176Â 853";"A01";"3";"30";"0";"2";"2";"19";"1";""
"202100013903";"176Â 850";"A01";"3";"7";"0";"2";"3";"1";"1";""
"202100013903";"176Â 851";"B01";"3";"7";"0";"2";"3";"1";"1";""
"202100013904";"176Â 849";"A01";"2";"32";"0";"1";"2";"0";"1";""
"202100013905";"176Â 847";"A01";"3";"10";"0";"2";"2";"10";"1";""
"202100013905";"176Â 848";"B01";"3";"34";"0";"2";"1";"1";"1";""
"202100013906";"176Â 845";"A01";"1";"32";"0";"0";"2";"2";"1";""
"202100013906";"176Â 846";"B01";"1";"7";"0";"2";"3";"15";"1";""
"202100013907";"176Â 843";"B01";"2";"7";"0";"2";"1";"15";"1";""
"202100013907";"176Â 844";"A01";"1";"7";"9";"2";"5";"5";"1";""
"202100013908";"176Â 841";"A01";"3";"7";"0";"2";"1";"15";"1";""
"202100013908";"176Â 842";"B01";"0";"99";"0";"2";"0";"0";"0";""
"202100013909";"176Â 840";"A01";"1";"32";"0";"0";"0";"0";"1";""
"202100013910";"176Â 838";"A01";"1";"7";"0";"2";"2";"1";"1";""
"202100013910";"176Â 839";"B01";"1";"7";"0";"2";"6";"23";"1";""
"202100013911";"176Â 837";"A01";"1";"33";"12";"0";"1";"1";"1";""
"202100013912";"176Â 835";"A01";"2";"7";"0";"2";"2";"2";"1";""
"202100013912";"176Â 836";"B01";"2";"10";"0";"2";"6";"23";"1";""
"202100013913";"176Â 833";"A01";"2";"7";"0";"2";"1";"0";"1";""
"202100013913";"176Â 834";"B01";"2";"7";"0";"0";"4";"0";"1";""
"202100013914";"176Â 831";"A01";"2";"7";"0";"2";"1";"15";"1";""
"202100013914";"176Â 832";"B01";"1";"7";"0";"2";"1";"1";"1";""
"202100013915";"176Â 830";"A01";"0";"7";"0";"1";"2";"19";"1";""
"202100013916";"176Â 827";"C01";"1";"33";"0";"2";"1";"1";"1";""
"202100013916";"176Â 828";"B01";"2";"7";"0";"2";"1";"1";"1";""
"202100013916";"176Â 829";"A01";"1";"10";"0";"2";"1";"1";"1";""
"202100013917";"176Â 826";"A01";"2";"7";"0";"1";"2";"1";"1";""
"202100013918";"176Â 825";"A01";"1";"7";"0";"1";"2";"1";"1";""
"202100013919";"176Â 823";"A01";"2";"2";"0";"2";"1";"1";"1";""
"202100013919";"176Â 824";"B01";"2";"7";"0";"2";"8";"19";"1";""
"202100013920";"176Â 821";"A01";"1";"7";"0";"2";"3";"13";"1";""
"202100013920";"176Â 822";"B01";"2";"15";"0";"2";"3";"1";"1";""
"202100013921";"176Â 819";"A01";"2";"7";"0";"2";"3";"15";"1";""
"202100013921";"176Â 820";"B01";"1";"2";"0";"2";"1";"1";"1";""
"202100013922";"176Â 817";"B01";"1";"7";"0";"0";"4";"2";"1";""
"202100013922";"176Â 818";"A01";"1";"7";"0";"2";"1";"2";"1";""
"202100013923";"176Â 813";"A01";"1";"10";"0";"2";"1";"1";"1";""
"202100013923";"176Â 814";"C01";"2";"7";"0";"2";"1";"1";"1";""
"202100013923";"176Â 815";"B01";"1";"7";"0";"2";"4";"15";"0";""
"202100013924";"176Â 811";"A01";"1";"7";"0";"2";"3";"1";"1";""
"202100013924";"176Â 812";"B01";"2";"7";"0";"2";"3";"1";"1";""
"202100013925";"176Â 810";"A01";"1";"7";"6";"0";"2";"14";"1";""
"202100013926";"176Â 809";"A01";"1";"33";"0";"6";"1";"1";"1";""
"202100013927";"176Â 808";"A01";"2";"7";"2";"0";"3";"14";"1";""
"202100013928";"176Â 806";"A01";"1";"10";"6";"2";"7";"17";"1";""
"202100013928";"176Â 807";"B01";"1";"7";"0";"2";"8";"15";"1";""
"202100013929";"176Â 804";"A01";"2";"33";"0";"2";"2";"1";"1";""
"202100013929";"176Â 805";"B01";"2";"7";"0";"2";"3";"19";"2";""
"202100013930";"176Â 802";"B01";"1";"7";"0";"2";"3";"1";"1";""
"202100013930";"176Â 803";"A01";"2";"7";"0";"2";"3";"15";"1";""
"202100013931";"176Â 798";"B01";"2";"21";"0";"2";"6";"16";"1";""
"202100013931";"176Â 799";"A01";"2";"7";"0";"2";"2";"17";"1";""
"202100013932";"176Â 797";"A01";"1";"7";"0";"1";"1";"16";"1";""
"202100013933";"176Â 796";"A01";"3";"33";"2";"0";"1";"1";"1";""
"202100013934";"176Â 794";"B01";"2";"7";"0";"2";"3";"13";"1";""
"202100013934";"176Â 795";"A01";"2";"2";"0";"2";"1";"13";"1";""
"202100013935";"176Â 792";"B01";"1";"1";"0";"2";"1";"1";"5";""
"202100013935";"176Â 793";"A01";"2";"7";"0";"2";"3";"9";"1";""
"202100013936";"176Â 791";"A01";"1";"10";"0";"1";"1";"1";"1";""
"202100013937";"176Â 790";"A01";"2";"10";"13";"0";"3";"1";"1";""
"202100013938";"176Â 789";"A01";"1";"33";"0";"0";"0";"0";"1";""
"202100013939";"176Â 787";"A01";"2";"1";"0";"2";"8";"2";"5";""
"202100013939";"176Â 788";"B01";"2";"7";"0";"9";"2";"2";"1";""
"202100013940";"176Â 783";"A01";"1";"7";"0";"2";"3";"0";"1";""
"202100013940";"176Â 784";"B01";"2";"7";"0";"2";"3";"0";"1";""
"202100013941";"176Â 781";"A01";"2";"10";"0";"2";"7";"10";"1";""
"202100013941";"176Â 782";"B01";"2";"7";"0";"2";"1";"1";"1";""
"202100013942";"176Â 779";"A01";"3";"2";"0";"2";"5";"19";"1";""
"202100013942";"176Â 780";"B01";"3";"33";"0";"2";"1";"1";"1";""
"202100013943";"176Â 777";"A01";"1";"7";"0";"2";"3";"10";"1";""
"202100013943";"176Â 778";"B01";"2";"10";"0";"2";"1";"13";"1";""
"202100013944";"176Â 776";"A01";"0";"7";"0";"0";"0";"0";"1";""
"202100013945";"176Â 775";"A01";"2";"7";"2";"0";"1";"26";"1";""
"202100013946";"176Â 774";"A01";"1";"7";"2";"0";"1";"1";"2";""
"202100013947";"176Â 772";"A01";"1";"7";"0";"2";"6";"15";"1";""
"202100013947";"176Â 773";"B01";"2";"33";"0";"2";"1";"1";"1";""
"202100013948";"176Â 770";"A01";"3";"21";"0";"0";"7";"19";"1";""
"202100013948";"176Â 771";"B01";"1";"7";"0";"2";"1";"1";"1";""
"202100013949";"176Â 767";"B01";"1";"15";"1";"0";"4";"23";"1";""
"202100013949";"176Â 768";"C01";"1";"15";"0";"0";"4";"23";"1";""
"202100013949";"176Â 769";"A01";"1";"15";"1";"0";"1";"2";"1";""
"202100013950";"176Â 765";"A01";"2";"10";"0";"2";"1";"2";"1";""
"202100013950";"176Â 766";"B01";"2";"17";"0";"0";"5";"2";"1";""
"202100013951";"176Â 763";"B01";"0";"7";"0";"2";"3";"0";"1";""
"202100013951";"176Â 764";"A01";"0";"34";"0";"2";"1";"1";"1";""
"202100013952";"176Â 762";"A01";"1";"7";"4";"0";"1";"14";"1";""
"202100013953";"176Â 760";"A01";"2";"99";"0";"2";"7";"17";"1";""
"202100013953";"176Â 761";"B01";"2";"15";"0";"2";"3";"1";"1";""
"202100013954";"176Â 758";"B01";"0";"2";"0";"2";"3";"10";"1";""
"202100013954";"176Â 759";"A01";"0";"10";"0";"2";"2";"13";"0";""
"202100013955";"176Â 756";"A01";"3";"10";"0";"2";"1";"13";"1";""
"202100013955";"176Â 757";"B01";"3";"15";"0";"2";"1";"1";"1";""
"202100013956";"176Â 755";"A01";"3";"7";"0";"0";"9";"13";"1";""
"202100013957";"176Â 754";"A01";"0";"2";"0";"0";"2";"1";"1";""
"202100013958";"176Â 750";"A01";"1";"7";"0";"2";"2";"17";"1";""
"202100013958";"176Â 751";"B01";"1";"7";"0";"2";"6";"1";"1";""
"202100013959";"176Â 749";"A01";"0";"7";"6";"0";"1";"0";"1";""
"202100013960";"176Â 747";"B01";"2";"33";"0";"2";"2";"17";"1";""
"202100013960";"176Â 748";"A01";"2";"7";"0";"0";"8";"15";"1";""
"202100013961";"176Â 746";"A01";" -1";"7";"0";"1";"1";"1";"1";""
"202100013962";"176Â 744";"B01";"1";"7";"0";"2";"2";"15";"1";""
"202100013962";"176Â 745";"A01";"0";"2";"0";"2";"9";"1";"1";""
"202100013963";"176Â 741";"C01";"1";"10";"0";"0";"4";"23";"1";""
"202100013963";"176Â 742";"B01";"1";"33";"0";"2";"4";"23";"1";""
"202100013963";"176Â 743";"A01";"1";"7";"0";"2";"2";"13";"1";""
"202100013964";"176Â 740";"A01";"3";"7";"0";"1";"1";"26";"1";""
"202100013965";"176Â 737";"C01";"2";"7";"0";"2";"1";"2";"1";""
"202100013965";"176Â 738";"B01";"2";"7";"0";"2";"8";"2";"1";""
"202100013965";"176Â 739";"A01";"2";"14";"0";"2";"7";"12";"1";""
"202100013966";"176Â 735";"A01";"2";"10";"0";"2";"3";"11";"1";""