"Num_Acc";"id_vehicule";"num_veh";"senc";"catv";"obs";"obsm";"choc";"manv";"motor";"occutc"
"202100013966";"176Â 736";"B01";"2";"31";"0";"2";"8";"3";"1";""
"202100013967";"176Â 733";"B01";"1";"7";"0";"2";"4";"2";"1";""
"202100013967";"176Â 734";"A01";"1";"7";"0";"2";"1";"2";"1";""
"202100013968";"176Â 731";"A01";"2";"10";"0";"2";"2";"14";"1";""
"202100013968";"176Â 732";"B01";"2";"7";"9";"0";"6";"1";"1";""
"202100013969";"176Â 730";"A01";"2";"33";"0";"0";"2";"3";"1";""
"202100013970";"176Â 729";"A01";"2";"7";"3";"0";"1";"12";"1";""
"202100013971";"176Â 727";"B01";"1";"7";"0";"2";"4";"1";"2";""
"202100013971";"176Â 728";"A01";"1";"7";"0";"2";"1";"11";"1";""
"202100013972";"176Â 725";"B01";"1";"7";"0";"2";"6";"11";"1";""
"202100013972";"176Â 726";"A01";"1";"33";"0";"2";"7";"17";"1";""
"202100013973";"176Â 723";"B01";"2";"7";"0";"2";"4";"1";"1";""
"202100013973";"176Â 724";"A01";"2";"0";"0";"2";"1";"1";"0";""
"202100013974";"176Â 722";"A01";"1";"33";"0";"0";"7";"16";"1";""
"202100013975";"176Â 720";"A01";"2";"7";"0";"2";"1";"1";"1";""
"202100013975";"176Â 721";"B01";"2";"7";"0";"2";"4";"23";"1";""
"202100013976";"176Â 719";"A01";"1";"7";"2";"2";"1";"1";"1";""
"202100013977";"176Â 717";"B01";"1";"7";"1";"2";"5";"1";"1";""
"202100013977";"176Â 718";"A01";"1";"7";"0";"2";"1";"9";"1";""
"202100013978";"176Â 715";"B01";"3";"7";"0";"0";"1";"1";" -1";""
"202100013978";"176Â 716";"A01";"3";"7";"0";"2";"1";"1";" -1";""
"202100013979";"176Â 713";"B01";"1";"7";"0";"2";"1";"1";"1";""
"202100013979";"176Â 714";"A01";"2";"33";"8";"2";"0";"26";"1";""
"202100013980";"176Â 711";"B01";"2";"1";"0";"2";"1";"1";"5";""
"202100013980";"176Â 712";"A01";"1";"7";"0";"2";"7";"15";"1";""
"202100013981";"176Â 709";"A01";"2";"7";"0";"2";"7";"15";"1";""
"202100013981";"176Â 710";"B01";"1";"7";"0";"2";"1";"1";"1";""
"202100013982";"176Â 707";"B01";"1";"1";"0";"2";"1";"1";"5";""
"202100013982";"176Â 708";"A01";"1";"7";"0";"2";"8";"22";"1";""
"202100013983";"176Â 706";"A01";"2";"7";"6";"0";"1";"15";"1";""
"202100013984";"176Â 704";"A01";"2";"7";"0";"2";"1";"1";"1";""
"202100013984";"176Â 705";"B01";"1";"7";"0";"2";"7";"0";"1";""
"202100013985";"176Â 703";"A01";"1";"30";"0";"0";"0";"26";"0";""
"202100013986";"176Â 701";"A01";"2";"7";"0";"2";"3";"15";"1";""
"202100013986";"176Â 702";"B01";"1";"33";"0";"2";"3";"1";"1";""
"202100013987";"176Â 698";"C01";"2";"3";"0";"2";"6";"1";"1";""
"202100013987";"176Â 699";"A01";"2";"7";"0";"2";"1";"13";"1";""
"202100013987";"176Â 700";"B01";"1";"7";"0";"2";"1";"1";"1";""
"202100013988";"176Â 697";"A01";"0";"7";"0";"1";"6";"4";"1";""
"202100013989";"176Â 696";"A01";"1";"7";"8";"0";"1";"13";"1";""
"202100013990";"176Â 694";"B01";"3";"7";"0";"2";"8";"1";"1";""
"202100013990";"176Â 695";"A01";"3";"7";"0";"2";"2";"9";"1";""
"202100013991";"176Â 693";"Z01";"3";"3";"0";"1";"0";"0";"0";""
"202100013992";"176Â 692";"A01";"2";"7";"0";"1";"2";"26";"1";""
"202100013993";"176Â 690";"A01";"3";"7";"15";"0";"3";"15";"1";""
"202100013993";"176Â 691";"B01";"3";"34";"0";"2";"1";"1";"1";""
"202100013994";"176Â 688";"A01";"1";"7";"0";"2";"3";"15";"1";""
"202100013994";"176Â 689";"B01";"2";"33";"0";"2";"8";"1";"1";""
"202100013995";"176Â 686";"A01";"1";"10";"0";"2";"5";"17";"1";""
"202100013995";"176Â 687";"B01";"1";"80";"0";"2";"1";"2";"3";""
"202100013996";"176Â 685";"A01";"2";"7";"15";"0";"2";"14";"1";""
"202100013997";"176Â 684";"A01";"1";"7";"2";"0";"3";"13";"1";""
"202100013998";"176Â 682";"B01";"1";"30";"0";"2";"8";"1";"1";""
"202100013998";"176Â 683";"A01";"1";"7";"0";"2";"8";"15";"1";""
"202100013999";"176Â 680";"B01";"2";"7";"0";"2";"1";"1";"0";""
"202100013999";"176Â 681";"A01";"1";"7";"0";"2";"1";"5";"1";""
"202100014000";"176Â 679";"A01";"2";"7";"0";"1";"0";"2";"1";""
"202100014001";"176Â 677";"A01";"1";"7";"0";"2";"1";"15";"1";""
"202100014001";"176Â 678";"B01";"1";"31";"0";"2";"3";"1";"1";""
"202100014002";"176Â 675";"B01";"1";"7";"0";"2";"2";"1";"1";""
"202100014002";"176Â 676";"A01";"3";"31";"0";"2";"1";"26";"1";""
"202100014003";"176Â 673";"A01";"3";"7";"0";"2";"8";"16";"0";""
"202100014003";"176Â 674";"B01";"3";"1";"0";"2";"2";"9";"5";""
"202100014004";"176Â 671";"A01";"3";"7";"0";"2";"3";"19";"1";""
"202100014004";"176Â 672";"B01";"1";"1";"0";"2";"1";"0";"5";""
"202100014005";"176Â 669";"A01";"2";"7";"15";"2";"1";"1";"1";""
"202100014005";"176Â 670";"B01";"1";"7";"0";"0";"0";"0";"1";""
"202100014006";"176Â 667";"A01";"1";"33";"0";"2";"1";"1";"1";""
"202100014006";"176Â 668";"B01";"1";"30";"0";"2";"4";"15";"1";""
"202100014007";"176Â 665";"B01";"1";"31";"0";"2";"4";"23";"1";""
"202100014007";"176Â 666";"A01";"1";"7";"0";"2";"1";"2";"1";""
"202100014008";"176Â 664";"A01";"1";"7";"2";"0";"1";"1";"1";""
"202100014009";"176Â 662";"A01";"1";"7";"1";"2";"1";"1";"1";""
"202100014009";"176Â 663";"B01";"1";"7";"1";"2";"2";"1";"1";""
"202100014010";"176Â 660";"A01";"3";"7";"0";"2";"1";"1";"1";""
"202100014010";"176Â 661";"B01";"3";"7";"0";"2";"3";"15";"1";""
"202100014011";"176Â 658";"A01";"2";"7";"0";"2";"1";"2";"1";""
"202100014011";"176Â 659";"B01";"2";"33";"0";"2";"4";"1";"1";""
"202100014012";"176Â 654";"C01";"1";"7";"0";"2";"3";"1";"2";""
"202100014012";"176Â 655";"D01";"1";"10";"0";"2";"8";"1";"1";""
"202100014012";"176Â 656";"A01";"2";"7";"0";"2";"1";"5";"1";""
"202100014012";"176Â 657";"B01";"1";"7";"0";"2";"1";"1";"1";""
"202100014013";"176Â 652";"A01";"2";"7";"0";"2";"2";"12";"1";""
"202100014013";"176Â 653";"B01";"2";"1";"0";"2";"1";"1";"5";""
"202100014014";"176Â 650";"A01";"2";"50";"0";"2";"1";"1";"3";""
"202100014014";"176Â 651";"Z01";"3";"7";"0";"2";"0";"1";"0";""
"202100014015";"176Â 648";"A01";"1";"30";"0";"2";"8";"17";"1";""
"202100014015";"176Â 649";"Z01";"0";"30";"0";"2";"7";"16";"0";""
"202100014016";"176Â 647";"A01";"1";"33";"0";"1";"1";"1";"1";""
"202100014017";"176Â 644";"A01";"2";"7";"0";"2";"2";"1";"1";""
"202100014017";"176Â 645";"B01";"2";"50";"0";"2";"1";"13";"3";""
"202100014017";"176Â 646";"C01";"2";"7";"0";"2";"8";"22";"1";""
"202100014018";"176Â 643";"A01";"1";"7";"0";"1";"4";"4";"2";""
"202100014019";"176Â 641";"B01";"2";"1";"0";"2";"4";"19";"5";""
"202100014019";"176Â 642";"A01";"2";"7";"0";"2";"1";"1";"1";""
"202100014020";"176Â 639";"B01";"1";"7";"0";"2";"3";"1";"1";""
"202100014020";"176Â 640";"A01";"1";"43";"0";"2";"2";"17";"1";""
"202100014021";"176Â 637";"B01";"1";"7";"0";"2";"4";"23";"1";""
"202100014021";"176Â 638";"A01";"1";"7";"0";"2";"1";"2";"1";""
"202100014022";"176Â 636";"A01";"2";"33";"0";"0";"0";"1";"1";""
"202100014023";"176Â 635";"A01";"2";"50";"0";"0";"1";"1";"3";""
"202100014024";"176Â 634";"A01";"1";"34";"0";"1";"1";"1";"1";""
"202100014025";"176Â 632";"A01";"2";"7";"0";"2";"1";"1";"1";""
"202100014025";"176Â 633";"B01";"1";"7";"0";"2";"8";"1";"1";""
"202100014026";"176Â 631";"A01";"1";"7";"2";"0";"2";"14";"1";""
"202100014027";"176Â 628";"C01";"2";"7";"0";"2";"4";"0";"1";""
"202100014027";"176Â 629";"B01";"2";"7";"0";"2";"4";"2";"1";""
"202100014027";"176Â 630";"A01";"2";"7";"0";"2";"1";"1";"1";""
"202100014028";"176Â 627";"A01";"1";"7";"0";"1";"2";"26";"1";""
"202100014029";"176Â 626";"A01";" -1";"7";"0";"1";"1";"1";"1";""
"202100014030";"176Â 623";"C01";"1";"7";"0";"0";"4";"2";"1";""
"202100014030";"176Â 624";"B01";"1";"7";"0";"0";"4";"2";"1";""
"202100014030";"176Â 625";"A01";"1";"7";"0";"0";"1";"2";"1";""
"202100014031";"176Â 622";"A01";"3";"7";"8";"0";"2";"1";"1";""
"202100014032";"176Â 621";"A01";"1";"7";"2";"0";"1";"0";"1";""
"202100014033";"176Â 619";"A01";"1";"7";"8";"2";"8";"19";"1";""
"202100014033";"176Â 620";"B01";"2";"7";"0";"2";"1";"1";"1";""
"202100014034";"176Â 617";"B01";"1";"7";"0";"2";"2";"1";"1";""
"202100014034";"176Â 618";"A01";"2";"33";"0";"2";"3";"15";"1";""
"202100014035";"176Â 611";"A01";"1";"7";"0";"2";"2";"15";"1";""
"202100014035";"176Â 612";"B01";"2";"7";"0";"2";"1";"1";"1";""
"202100014036";"176Â 609";"A01";"2";"10";"0";"2";"1";"2";"1";""
"202100014036";"176Â 610";"B01";"2";"7";"0";"1";"4";"23";"1";""
"202100014037";"176Â 608";"A01";"2";"2";"1";"0";"1";"0";"1";""
"202100014038";"176Â 606";"A01";"3";"33";"0";"0";"4";"15";"1";""
"202100014038";"176Â 607";"B01";"3";"33";"0";"2";"1";"15";"1";""
"202100014039";"176Â 604";"B01";"3";"7";"0";"2";"0";"1";"1";""
"202100014039";"176Â 605";"A01";"3";"7";"0";"2";"0";"1";"1";""
"202100014040";"176Â 602";"B01";"1";"43";"0";"2";"7";"17";"1";""
"202100014040";"176Â 603";"A01";"1";"7";"0";"2";"3";"15";"1";""
"202100014041";"176Â 600";"B01";"2";"7";"0";"2";"3";"21";"1";""
"202100014041";"176Â 601";"A01";"1";"7";"0";"2";"3";"0";"1";""
"202100014042";"176Â 598";"A01";"0";"7";"0";"9";"0";"16";"1";""
"202100014042";"176Â 599";"B01";"0";"1";"0";"0";"0";"0";"5";""
"202100014043";"176Â 596";"A01";"1";"31";"0";"2";"4";"17";"1";""
"202100014043";"176Â 597";"B01";"2";"7";"0";"2";"3";"1";"1";""
"202100014044";"176Â 595";"A01";"1";"7";"2";"0";"1";"13";"1";""
"202100014045";"176Â 594";"A01";"1";"33";"2";"0";"1";"1";"1";""
"202100014046";"176Â 590";"A01";"1";"10";"0";"2";"3";"13";"1";""
"202100014046";"176Â 591";"B01";"2";"7";"0";"2";"8";"1";"1";""
"202100014047";"176Â 589";"A01";"1";"7";"0";"1";"1";"1";"1";""
"202100014048";"176Â 587";"B01";"1";"7";"9";"0";"4";"2";"1";""
"202100014048";"176Â 588";"A01";"1";"7";"0";"2";"1";"2";"1";""
"202100014049";"176Â 585";"B01";"2";"31";"0";"2";"2";"17";"1";""
"202100014049";"176Â 586";"A01";"2";"7";"0";"2";"8";"15";"1";""
"202100014050";"176Â 584";"A01";"3";"1";"0";"0";"0";"0";"5";""
"202100014051";"176Â 578";"B01";"1";"7";"0";"2";"1";"13";"1";""
"202100014051";"176Â 579";"A01";"2";"33";"0";"2";"1";"1";"1";""
"202100014052";"176Â 576";"A01";"2";"7";"0";"2";"3";"17";"1";""
"202100014052";"176Â 577";"B01";"1";"33";"0";"2";"1";"1";"1";""
"202100014053";"176Â 574";"A01";"3";"7";"0";"2";"1";"0";"1";""
"202100014053";"176Â 575";"B01";"3";"7";"0";"2";"3";"2";"1";""
"202100014054";"176Â 572";"A01";"3";"1";"0";"2";"8";"1";"5";""
"202100014054";"176Â 573";"B01";"3";"7";"0";"2";"8";"1";"2";""
"202100014055";"176Â 571";"A01";"0";"7";"7";"0";"1";"1";"1";""
"202100014056";"176Â 570";"A01";"3";"7";"0";"0";"2";"14";"1";""
"202100014057";"176Â 569";"A01";"2";"31";"15";"0";"1";"1";"1";""
"202100014058";"176Â 567";"B01";"1";"10";"0";"2";"1";"1";"1";""
"202100014058";"176Â 568";"A01";"1";"7";"0";"2";"7";"19";"1";""
"202100014059";"176Â 565";"B01";"2";"7";"0";"0";"4";"1";"1";""
"202100014059";"176Â 566";"A01";"2";"2";"0";"2";"1";"1";"1";""
"202100014060";"176Â 563";"B01";"1";"15";"0";"2";"4";"2";"1";""
"202100014060";"176Â 564";"A01";"1";"10";"0";"2";"1";"2";"1";""
"202100014061";"176Â 562";"A01";"2";"15";"16";"0";"7";"1";"1";""
"202100014062";"176Â 561";"A01";"1";"7";"0";"1";"2";"2";"1";""
"202100014063";"176Â 557";"A01";"1";"10";"3";"0";"3";"14";"1";""
"202100014064";"176Â 556";"A01";"3";"50";"12";"0";"0";"1";"3";""
"202100014065";"176Â 555";"A01";"1";"10";"0";"1";"1";"1";"1";""
"202100014066";"176Â 553";"A01";"2";"10";"0";"2";"2";"2";"0";""
"202100014066";"176Â 554";"B01";"2";"17";"0";"0";"0";"0";"1";""
"202100014067";"176Â 552";"A01";"1";"7";"13";"0";"1";"1";"1";""
"202100014068";"176Â 551";"A01";"1";"32";"0";"1";"1";"1";"1";""
"202100014069";"176Â 550";"A01";"1";"7";"6";"1";"1";"1";"1";""
"202100014070";"176Â 549";"A01";"2";"1";"0";"0";"0";"1";"6";""
"202100014071";"176Â 546";"C01";"3";"1";"0";"0";"0";"1";"5";""
"202100014071";"176Â 547";"B01";"3";"1";"0";"0";"8";"1";"5";""
"202100014071";"176Â 548";"A01";"3";"7";"0";"9";"7";"17";"1";""
"202100014072";"176Â 544";"B01";"1";"10";"0";"2";"2";"1";"6";""
"202100014072";"176Â 545";"A01";"2";"7";"0";"2";"7";"6";"1";""
"202100014073";"176Â 543";"A01";"1";"33";"8";"0";"3";"14";"1";""
"202100014074";"176Â 541";"B01";"2";"7";"0";"2";"3";"13";"1";""
"202100014074";"176Â 542";"A01";"1";"7";"0";"2";"3";"1";"1";""
"202100014075";"176Â 539";"B01";"2";"7";"0";"2";"1";"1";"1";""
"202100014075";"176Â 540";"A01";"1";"7";"0";"2";"2";"9";"1";""
"202100014076";"176Â 537";"A01";"0";"7";"0";"2";"1";"16";"1";""
"202100014076";"176Â 538";"B01";"0";"7";"6";"2";"8";"15";"1";""
"202100014077";"176Â 535";"A01";"0";"10";"0";"2";"1";"1";"1";""
"202100014077";"176Â 536";"B01";"1";"10";"0";"0";"4";"1";"1";""
"202100014078";"176Â 534";"A01";"1";"14";"0";"1";"7";"1";"1";""
"202100014079";"176Â 532";"A01";"1";"7";"0";"2";"2";"1";"1";""
"202100014079";"176Â 533";"B01";"1";"3";"0";"2";"8";"16";"0";""
"202100014080";"176Â 531";"A01";"2";"7";"0";"1";"2";"1";"1";""
"202100014081";"176Â 529";"A01";"2";"33";"2";"2";"1";"13";"1";""
"202100014081";"176Â 530";"B01";"2";"33";"0";"2";"1";"1";"1";""
"202100014082";"176Â 528";"A01";"1";"7";"6";"1";"1";"13";"2";""
"202100014083";"176Â 526";"B01";"1";"7";"0";"2";"1";"1";"1";""
"202100014083";"176Â 527";"A01";"2";"7";"0";"2";"1";"13";"1";""
"202100014084";"176Â 525";"A01";"2";"7";"6";"0";"1";"1";"1";""
"202100014085";"176Â 523";"A01";"2";"7";"0";"2";"8";"13";"1";""
"202100014085";"176Â 524";"B01";"1";"33";"0";"2";"8";"1";"1";""
"202100014086";"176Â 521";"A01";"1";"3";"0";"2";"1";"16";"1";""
"202100014086";"176Â 522";"B01";"1";"1";"0";"2";"4";"1";"5";""
"202100014087";"176Â 520";"A01";"2";"33";"6";"0";"4";"1";"1";""
"202100014088";"176Â 518";"B01";"1";"7";"0";"2";"3";"1";"1";""
"202100014088";"176Â 519";"A01";"2";"7";"0";"2";"2";"13";"1";""
"202100014089";"176Â 516";"A01";"2";"7";"0";"2";"7";"14";"1";""
"202100014089";"176Â 517";"B01";"2";"33";"0";"2";"8";"2";"1";""
"202100014090";"176Â 514";"A01";"1";"7";"0";"2";"1";"2";"1";""
"202100014090";"176Â 515";"B01";"1";"7";"0";"2";"4";"2";"1";""
"202100014091";"176Â 513";"A01";"2";"7";"3";"0";"1";"26";"1";""
"202100014092";"176Â 511";"B01";"2";"7";"0";"2";"4";"2";"1";""
"202100014092";"176Â 512";"A01";"2";"7";"0";"2";"1";"2";"1";""
"202100014093";"176Â 509";"A01";"1";"33";"0";"2";"1";"3";"1";""
"202100014093";"176Â 510";"B01";"1";"7";"0";"2";"6";"13";"2";""
"202100014094";"176Â 507";"B01";"1";"7";"0";"2";"4";"1";"1";""
"202100014094";"176Â 508";"A01";"1";"33";"0";"2";"1";"2";"1";""
"202100014095";"176Â 506";"A01";"2";"10";"4";"0";"1";"18";"1";""
"202100014096";"176Â 504";"A01";"2";"7";"0";"2";"1";"14";"1";""
"202100014096";"176Â 505";"B01";"2";"7";"0";"2";"4";"1";"1";""
"202100014097";"176Â 503";"A01";"1";"7";"4";"2";"3";"1";"1";""
"202100014098";"176Â 498";"C01";"2";"7";"0";"2";"4";"2";"1";""
"202100014098";"176Â 499";"A01";"2";"7";"0";"2";"1";"2";"1";""
"202100014098";"176Â 500";"B01";"2";"7";"0";"2";"1";"2";"1";""
"202100014098";"176Â 501";"E01";"2";"7";"0";"2";"4";"2";"1";""
"202100014098";"176Â 502";"D01";"2";"7";"0";"2";"4";"2";"1";""
"202100014099";"176Â 497";"A01";"2";"33";"0";"0";"0";"21";"1";""
"202100014100";"176Â 495";"B01";"2";"7";"0";"2";"6";"1";"1";""
"202100014100";"176Â 496";"A01";"2";"7";"0";"2";"2";"14";"1";""
"202100014101";"176Â 493";"B01";"2";"7";"0";"2";"4";"2";"1";""
"202100014101";"176Â 494";"A01";"2";"10";"0";"2";"1";"2";"1";""
"202100014102";"176Â 491";"A01";"2";"7";"0";"2";"1";"2";"0";""
"202100014102";"176Â 492";"B01";"2";"7";"0";"2";"4";"2";"1";""
"202100014103";"176Â 485";"A01";"1";"7";"0";"2";"1";"2";"1";""
"202100014103";"176Â 486";"B01";"1";"7";"0";"2";"1";"2";"1";""
"202100014103";"176Â 487";"C01";"2";"7";"0";"2";"4";"2";"1";""
"202100014103";"176Â 488";"D01";"1";"7";"0";"2";"4";"2";"1";""
"202100014103";"176Â 489";"E01";"1";"10";"0";"2";"2";"21";"1";""
"202100014103";"176Â 490";"F01";"1";"10";"0";"2";"0";"0";"1";""
"202100014104";"176Â 483";"A01";"1";"7";"0";"2";"4";"2";"1";""
"202100014104";"176Â 484";"Z01";"1";"7";"0";"2";"0";"0";"1";""
"202100014105";"176Â 481";"A01";"2";"7";"0";"2";"1";"1";"1";""
"202100014105";"176Â 482";"B01";"2";"7";"0";"2";"4";"2";"1";""
"202100014106";"176Â 479";"A01";"2";"7";"0";"2";"1";"2";"1";""
"202100014106";"176Â 480";"B01";"2";"7";"0";"2";"4";"2";"1";""
"202100014107";"176Â 475";"D01";"1";"7";"0";"2";"5";"1";"1";""
"202100014107";"176Â 476";"C01";"1";"7";"0";"2";"2";"1";"1";""
"202100014107";"176Â 477";"B01";"1";"7";"0";"2";"8";"21";"1";""
"202100014107";"176Â 478";"A01";"1";"7";"3";"0";"1";"26";"1";""
"202100014108";"176Â 473";"A01";"2";"10";"0";"2";"6";"11";"1";""
"202100014108";"176Â 474";"B01";"2";"7";"0";"2";"2";"2";"1";""
"202100014109";"176Â 470";"A01";"2";"33";"0";"2";"3";"12";"1";""
"202100014109";"176Â 471";"B01";"2";"7";"0";"2";"3";"11";"1";""
"202100014109";"176Â 472";"C01";"2";"7";"0";"2";"4";"1";"1";""
"202100014110";"176Â 467";"A01";"1";"10";"0";"2";"1";"1";"1";""
"202100014110";"176Â 468";"B01";"1";"7";"0";"2";"4";"2";"1";""
"202100014110";"176Â 469";"C01";"1";"7";"0";"2";"4";"2";"1";""
"202100014111";"176Â 465";"A01";"2";"7";"0";"2";"1";"12";"1";""
"202100014111";"176Â 466";"B01";"2";"7";"0";"2";"4";"1";"1";""
"202100014112";"176Â 463";"B01";"2";"7";"0";"2";"1";"1";"1";""
"202100014112";"176Â 464";"A01";"2";"7";"0";"2";"4";"1";"1";""
"202100014113";"176Â 460";"A01";"1";"7";"0";"2";"4";"2";"1";""
"202100014113";"176Â 461";"B01";"1";"7";"0";"2";"1";"2";"0";""
"202100014113";"176Â 462";"C01";"1";"7";"0";"2";"1";"2";"1";""
"202100014114";"176Â 456";"C01";"1";"7";"0";"2";"5";"23";"1";""
"202100014114";"176Â 457";"B01";"2";"2";"0";"2";"1";"5";"1";""
"202100014114";"176Â 458";"A01";"1";"7";"0";"2";"1";"1";"1";""
"202100014114";"176Â 459";"D01";"1";"7";"0";"2";"3";"1";"2";""
"202100014115";"176Â 453";"C01";"2";"31";"0";"2";"1";"3";"1";""
"202100014115";"176Â 454";"B01";"2";"7";"0";"2";"0";"12";"1";""
"202100014115";"176Â 455";"A01";"2";"31";"0";"2";"1";"3";"1";""
"202100014116";"176Â 451";"A01";"3";"7";"0";"2";"1";"15";"1";""
"202100014116";"176Â 452";"B01";"3";"7";"0";"2";"8";"1";"1";""
"202100014117";"176Â 450";"A01";"1";"32";"12";"0";"1";"1";"1";""
"202100014118";"176Â 449";"A01";"1";"7";"0";"1";"7";"17";"1";""
"202100014119";"176Â 448";"A01";"1";"7";"0";"1";"1";"1";"1";""
"202100014120";"176Â 447";"A01";"1";"7";"1";"0";"6";"16";"1";""
"202100014121";"176Â 445";"A01";"1";"7";"0";"9";"3";"15";"1";""
"202100014121";"176Â 446";"B01";"2";"1";"0";"2";"1";"0";"5";""
"202100014122";"176Â 444";"A01";"1";"7";"13";"0";"2";"1";"1";""
"202100014123";"176Â 442";"B01";"1";"7";"0";"2";"5";"21";"1";""
"202100014123";"176Â 443";"A01";"1";"30";"0";"2";"1";"1";"1";""
"202100014124";"176Â 440";"A01";"2";"7";"0";"9";"8";"1";"1";""
"202100014124";"176Â 441";"B01";"1";"1";"0";"2";"1";"19";"5";""
"202100014125";"176Â 438";"B01";"1";"7";"0";"2";"3";"13";"1";""
"202100014125";"176Â 439";"A01";"1";"2";"0";"2";"2";"2";"1";""
"202100014126";"176Â 436";"A01";"1";"7";"0";"2";"3";"1";"1";""
"202100014126";"176Â 437";"B01";"2";"7";"0";"2";"3";"13";"1";""
"202100014127";"176Â 435";"A01";"1";"7";"3";"0";"1";"26";"1";""
"202100014128";"176Â 433";"A01";"2";"7";"0";"2";"1";"15";"1";""
"202100014128";"176Â 434";"B01";"2";"1";"0";"2";"8";"19";"5";""
"202100014129";"176Â 431";"A01";"1";"30";"0";"2";"1";"1";"1";""
"202100014129";"176Â 432";"B01";"1";"7";"0";"2";"0";"0";"1";""
"202100014130";"176Â 430";"A01";"0";"30";"12";"0";"0";"0";" -1";""
"202100014131";"176Â 428";"A01";"0";"7";"0";"2";"3";"11";"1";""
"202100014131";"176Â 429";"B01";"0";"2";"0";"2";"1";"2";"1";""
"202100014132";"176Â 426";"B01";"1";"10";"0";"2";"6";"23";"1";""
"202100014132";"176Â 427";"A01";"1";"7";"0";"2";"1";"2";"1";""
"202100014133";"176Â 424";"B01";"2";"33";"0";"2";"1";"1";"1";""
"202100014133";"176Â 425";"A01";"2";"7";"0";"2";"5";"12";"1";""
"202100014134";"176Â 421";"C01";"2";"7";"0";"2";"2";"21";"1";""
"202100014134";"176Â 422";"B01";"2";"7";"0";"2";"3";"1";"1";""
"202100014134";"176Â 423";"A01";"2";"7";"0";"2";"1";"15";"1";""
"202100014135";"176Â 419";"B01";"1";"30";"0";"2";"1";"1";"1";""
"202100014135";"176Â 420";"A01";"1";"7";"0";"2";"5";"1";"1";""
"202100014136";"176Â 418";"A01";"3";"7";"1";"1";"0";"20";"1";""
"202100014137";"176Â 417";"A01";"1";"7";"5";"0";"1";"1";"1";""
"202100014138";"176Â 415";"A01";"0";"7";"0";"2";"4";"4";"1";""
"202100014138";"176Â 416";"B01";"2";"7";"0";"2";"5";"1";"1";""
"202100014139";"176Â 413";"A01";"1";"7";"0";"2";"2";"26";"1";""
"202100014139";"176Â 414";"B01";"1";"7";"0";"2";"3";"1";"1";""
"202100014140";"176Â 412";"B01";"1";"7";"12";"1";"3";"15";"1";""
"202100014141";"176Â 411";"A01";"3";"7";"0";"1";"2";"1";"1";""
"202100014142";"176Â 409";"A01";"1";"7";"0";"2";"3";"10";"1";""
"202100014142";"176Â 410";"B01";"1";"2";"0";"2";"1";"1";"1";""
"202100014143";"176Â 407";"A01";"2";"7";"0";"9";"1";"9";"1";""
"202100014143";"176Â 408";"B01";"1";"50";"0";"2";"8";"0";"3";""
"202100014144";"176Â 405";"A01";"1";"7";"0";"2";"3";"15";"1";""
"202100014144";"176Â 406";"B01";"1";"2";"0";"2";"2";"17";"1";""
"202100014145";"176Â 404";"A01";"1";"7";"9";"1";"2";"1";"2";""
"202100014146";"176Â 403";"A01";"3";"21";"0";"1";"2";"2";"1";""
"202100014147";"176Â 402";"A01";"3";"7";"0";"1";"5";"26";"1";""
"202100014148";"176Â 401";"A01";"1";"10";"0";"1";"4";"20";"1";""
"202100014149";"176Â 400";"A01";"2";"7";"0";"1";"7";"1";"1";""
"202100014150";"176Â 397";"A01";"3";"7";"0";"2";"2";"10";"1";""
"202100014150";"176Â 398";"B01";"3";"7";"0";"2";"1";"1";"1";""
"202100014150";"176Â 399";"C01";"3";"37";"0";"2";"8";"1";"1";"1"
"202100014151";"176Â 395";"A01";"1";"30";"0";"2";"1";"17";"1";""
"202100014151";"176Â 396";"B01";"1";"10";"0";"2";"3";"15";"1";""
"202100014152";"176Â 394";"A01";"1";"7";"0";"1";"0";"1";"1";""
"202100014153";"176Â 393";"A01";"1";"30";"12";"0";"3";"1";"1";""
"202100014154";"176Â 391";"B01";"1";"7";"0";"2";"3";"15";"1";""
"202100014154";"176Â 392";"A01";"1";"33";"0";"2";"1";"21";"1";""
"202100014155";"176Â 390";"A01";"3";"30";"0";"5";"8";"15";"1";""
"202100014156";"176Â 388";"A01";"2";"7";"0";"2";"2";"14";"1";""
"202100014156";"176Â 389";"B01";"2";"7";"0";"0";"8";"0";"1";""
"202100014157";"176Â 387";"A01";"1";"7";"1";"0";"5";"4";"1";""
"202100014158";"176Â 386";"A01";"3";"7";"9";"0";"2";"1";"1";""
"202100014159";"176Â 384";"B01";"3";"1";"0";"2";"4";"15";"5";""
"202100014159";"176Â 385";"A01";"3";"7";"8";"2";"1";"15";"1";""
"202100014160";"176Â 382";"B01";"1";"3";"0";"2";"1";"1";"2";""
"202100014160";"176Â 383";"A01";"1";"3";"0";"2";"7";"19";"1";""
"202100014161";"176Â 381";"A01";"2";"7";"14";"1";"1";"14";"1";""
"202100014162";"176Â 379";"B01";"2";"7";"0";"2";"3";"2";"1";""
"202100014162";"176Â 380";"A01";"1";"7";"0";"2";"1";"15";"1";""
"202100014163";"176Â 377";"B01";"3";"33";"0";"2";"1";"1";"1";""
"202100014163";"176Â 378";"A01";"3";"7";"0";"2";"2";"15";"1";""
"202100014164";"176Â 375";"B01";"1";"7";"0";"2";"4";"2";"1";""
"202100014164";"176Â 376";"A01";"1";"30";"0";"2";"1";"2";"1";""