"Num_Acc";"id_vehicule";"num_veh";"senc";"catv";"obs";"obsm";"choc";"manv";"motor";"occutc"
"202100014165";"176Â 373";"B01";"2";"7";"0";"2";"5";"26";"1";""
"202100014165";"176Â 374";"A01";"2";"2";"0";"2";"1";"1";"1";""
"202100014166";"176Â 371";"B01";"0";"50";"0";"2";"1";"19";"3";""
"202100014166";"176Â 372";"A01";"3";"7";"0";"2";"3";"15";"1";""
"202100014167";"176Â 370";"A01";"1";"7";"0";"2";"8";"16";"1";""
"202100014168";"176Â 368";"A01";"1";"7";"0";"2";"1";"1";"0";""
"202100014168";"176Â 369";"B01";"1";"1";"0";"2";"8";"1";"5";""
"202100014169";"176Â 366";"B01";"1";"30";"0";"2";"1";"1";"1";""
"202100014169";"176Â 367";"A01";"1";"7";"0";"2";"7";"15";"1";""
"202100014170";"176Â 364";"B01";"1";"7";"0";"2";"8";"23";"1";""
"202100014170";"176Â 365";"A01";"1";"7";"0";"2";"1";"26";"1";""
"202100014171";"176Â 362";"B01";"3";"50";"0";"2";"8";"0";"3";""
"202100014171";"176Â 363";"A01";"3";"7";"0";"2";"2";"16";"1";""
"202100014172";"176Â 360";"A01";"3";"7";"0";"2";"1";"5";"1";""
"202100014172";"176Â 361";"B01";"3";"7";"0";"2";"1";"1";"1";""
"202100014173";"176Â 357";"C01";"3";"7";"0";"2";"4";"1";"1";""
"202100014173";"176Â 358";"B01";"3";"7";"0";"2";"4";"1";"1";""
"202100014173";"176Â 359";"A01";"1";"7";"0";"2";"2";"1";"1";""
"202100014174";"176Â 356";"A01";"0";"7";"0";"2";"1";"26";"1";""
"202100014175";"176Â 355";"A01";"2";"50";"0";"0";"0";"1";"3";""
"202100014176";"176Â 353";"B01";"2";"7";"0";"2";"4";"26";"1";""
"202100014176";"176Â 354";"A01";"2";"7";"0";"2";"1";"2";"1";""
"202100014177";"176Â 351";"A01";"1";"7";"11";"2";"1";"6";"1";""
"202100014177";"176Â 352";"B01";"2";"13";"0";"2";"8";"1";"1";""
"202100014178";"176Â 349";"A01";"0";"7";"0";"2";"8";"15";"1";""
"202100014178";"176Â 350";"B01";"1";"2";"0";"2";"7";"1";"1";""
"202100014179";"176Â 348";"A01";"2";"31";"0";"0";"0";"1";"1";""
"202100014180";"176Â 346";"A01";"1";"7";"0";"2";"1";"26";"1";""
"202100014180";"176Â 347";"B01";"2";"21";"0";"2";"6";"26";"1";""
"202100014181";"176Â 344";"B01";"2";"7";"0";"2";"8";"1";"1";""
"202100014181";"176Â 345";"A01";"1";"7";"0";"2";"1";"1";"1";""
"202100014182";"176Â 343";"A01";"1";"7";"0";"1";"1";"1";"1";""
"202100014183";"176Â 342";"A01";"1";"7";"0";"1";"2";"1";"1";""
"202100014184";"176Â 340";"B01";"1";"33";"0";"2";"1";"1";"1";""
"202100014184";"176Â 341";"A01";"1";"7";"0";"2";"3";"15";"1";""
"202100014185";"176Â 338";"A01";"2";"31";"0";"2";"3";"26";"6";""
"202100014185";"176Â 339";"B01";"1";"7";"0";"2";"3";"1";"1";""
"202100014186";"176Â 337";"A01";"1";"7";"8";"4";"1";"26";"1";""
"202100014187";"176Â 335";"B01";"3";"7";"0";"2";"1";"1";"1";""
"202100014187";"176Â 336";"A01";"1";"7";"0";"2";"1";"1";"1";""
"202100014188";"176Â 333";"B01";"1";"2";"0";"2";"7";"17";"1";""
"202100014188";"176Â 334";"A01";"1";"7";"0";"0";"8";"22";"1";""
"202100014189";"176Â 331";"A01";"1";"7";"0";"2";"7";"10";"1";""
"202100014189";"176Â 332";"B01";"3";"32";"0";"2";"8";"0";"1";""
"202100014190";"176Â 329";"B01";"1";"7";"0";"2";"4";"23";"2";""
"202100014190";"176Â 330";"A01";"1";"7";"0";"2";"1";"2";"1";""
"202100014191";"176Â 327";"A01";"1";"7";"0";"2";"1";"1";"1";""
"202100014191";"176Â 328";"B01";"1";"7";"0";"2";"4";"1";"1";""
"202100014192";"176Â 325";"B01";"1";"7";"0";"2";"4";"15";"1";""
"202100014192";"176Â 326";"A01";"1";"31";"0";"2";"1";"1";"1";""
"202100014193";"176Â 324";"A01";"1";"7";"0";"1";"3";"1";"1";""
"202100014194";"176Â 322";"A01";"1";"7";"0";"2";"3";"9";"1";""
"202100014194";"176Â 323";"B01";"3";"50";"0";"2";"1";"1";"3";""
"202100014195";"176Â 319";"C01";"2";"7";"0";"2";"4";"2";"1";""
"202100014195";"176Â 320";"B01";"2";"7";"0";"2";"4";"2";"1";""
"202100014195";"176Â 321";"A01";"2";"7";"0";"2";"1";"12";"1";""
"202100014196";"176Â 317";"B01";"2";"7";"0";"2";"5";"1";"1";""
"202100014196";"176Â 318";"A01";"2";"32";"0";"2";"1";"11";"1";""
"202100014197";"176Â 315";"A01";"1";"33";"0";"2";"3";"3";"1";""
"202100014197";"176Â 316";"B01";"1";"7";"0";"2";"5";"12";"1";""
"202100014198";"176Â 313";"A01";"1";"1";"0";"2";"8";"15";"5";""
"202100014198";"176Â 314";"B01";"1";"33";"0";"2";"2";"1";"1";""
"202100014199";"176Â 311";"B01";"2";"30";"0";"2";"1";"1";"1";""
"202100014199";"176Â 312";"A01";"1";"7";"0";"2";"2";"15";"1";""
"202100014200";"176Â 309";"B01";"1";"7";"0";"2";"2";"18";"1";""
"202100014200";"176Â 310";"A01";"1";"30";"0";"2";"3";"12";"1";""
"202100014201";"176Â 307";"Z01";"1";"10";"0";"2";"1";"9";"1";""
"202100014201";"176Â 308";"A01";"1";"34";"0";"2";"7";"2";"1";""
"202100014202";"176Â 305";"B01";"1";"7";"0";"2";"6";"1";"1";""
"202100014202";"176Â 306";"A01";"1";"30";"0";"2";"7";"17";"3";""
"202100014203";"176Â 304";"A01";"1";"10";"0";"1";"4";"4";"1";""
"202100014204";"176Â 302";"B01";"1";"1";"0";"2";"1";"1";"5";""
"202100014204";"176Â 303";"A01";"2";"7";"0";"2";"2";"15";"1";""
"202100014205";"176Â 301";"A01";"2";"30";"0";"0";"7";"21";"1";""
"202100014206";"176Â 300";"A01";"1";"7";"9";"0";"4";"4";"1";""
"202100014207";"176Â 297";"A01";"2";"30";"1";"2";"2";"14";"1";""
"202100014207";"176Â 298";"C01";"2";"7";"0";"2";"4";"1";"1";""
"202100014207";"176Â 299";"B01";"2";"7";"0";"2";"8";"24";"1";""
"202100014208";"176Â 295";"B01";"3";"33";"0";"2";"1";"1";"1";""
"202100014208";"176Â 296";"A01";"3";"7";"0";"2";"6";"15";"1";""
"202100014209";"176Â 293";"A01";"1";"7";"0";"2";"3";"15";"2";""
"202100014209";"176Â 294";"B01";"1";"32";"0";"2";"2";"15";"1";""
"202100014210";"176Â 292";"A01";"1";"31";"0";"0";"8";"1";"1";""
"202100014211";"176Â 291";"A01";"1";"30";"12";"0";"1";"13";"3";""
"202100014212";"176Â 290";"Z01";"2";"7";"0";"1";"1";"15";"1";""
"202100014213";"176Â 288";"A01";"1";"32";"0";"2";"1";"1";"1";""
"202100014213";"176Â 289";"B01";"1";"10";"0";"2";"0";"16";"1";""
"202100014214";"176Â 286";"B01";"1";"33";"0";"2";"1";"1";"1";""
"202100014214";"176Â 287";"A01";"1";"7";"0";"2";"2";"1";"1";""
"202100014215";"176Â 284";"A01";"1";"7";"0";"2";"2";"15";"1";""
"202100014215";"176Â 285";"B01";"2";"32";"0";"2";"1";"2";"1";""
"202100014216";"176Â 283";"A01";"2";"7";"0";"1";"8";"1";"1";""
"202100014217";"176Â 281";"A01";"1";"7";"0";"2";"7";"17";"1";""
"202100014217";"176Â 282";"B01";"1";"7";"0";"2";"8";"1";"1";""
"202100014218";"176Â 279";"A01";"1";"7";"0";"2";"1";"0";"1";""
"202100014218";"176Â 280";"B01";"1";"1";"0";"2";"4";"15";"5";""
"202100014219";"176Â 277";"B01";"1";"7";"0";"2";"8";"1";"1";""
"202100014219";"176Â 278";"A01";"2";"10";"0";"2";"1";"5";"1";""
"202100014220";"176Â 275";"B01";"1";"0";"0";"2";"1";"0";"0";""
"202100014220";"176Â 276";"A01";"1";"34";"0";"2";"7";"1";"1";""
"202100014221";"176Â 273";"A01";"1";"7";"0";"2";"1";"17";"1";""
"202100014221";"176Â 274";"B01";"1";"32";"0";"2";"3";"1";"1";""
"202100014222";"176Â 271";"B01";"2";"7";"0";"0";"0";"9";"1";""
"202100014222";"176Â 272";"A01";"1";"7";"0";"0";"2";"9";"1";""
"202100014223";"176Â 270";"A01";"1";"7";"0";"1";"1";"1";"1";""
"202100014224";"176Â 268";"B01";"2";"33";"0";"2";"3";"2";"1";""
"202100014224";"176Â 269";"A01";"2";"7";"0";"2";"5";"9";"2";""
"202100014225";"176Â 263";"T01";"2";"7";"0";"2";"0";"1";"1";""
"202100014225";"176Â 264";"B01";"2";"7";"0";"2";"1";"1";"1";""
"202100014225";"176Â 265";"A01";"1";"7";"0";"2";"1";"13";"1";""
"202100014226";"176Â 261";"A01";"1";"7";"1";"0";"1";"1";"1";""
"202100014226";"176Â 262";"B01";"1";"10";"14";"0";"4";"2";"0";""
"202100014227";"176Â 259";"B01";" -1";"50";"0";"2";"7";"1";"3";""
"202100014227";"176Â 260";"A01";" -1";"7";"0";"2";"3";"15";"1";""
"202100014228";"176Â 257";"A01";" -1";"10";"0";"2";"7";"19";"1";""
"202100014228";"176Â 258";"B01";" -1";"33";"0";"2";"1";"1";"1";""
"202100014229";"176Â 254";"C01";" -1";"7";"0";"2";"8";"2";"1";""
"202100014229";"176Â 255";"B01";" -1";"7";"0";"2";"8";"14";"1";""
"202100014229";"176Â 256";"A01";" -1";"14";"0";"2";"3";"2";"1";""
"202100014230";"176Â 252";"A01";"1";"32";"0";"2";"1";"15";"1";""
"202100014230";"176Â 253";"B01";"2";"7";"0";"2";"3";"2";"1";""
"202100014231";"176Â 250";"B01";"2";"33";"0";"2";"1";"1";"0";""
"202100014231";"176Â 251";"A01";"1";"7";"0";"2";"2";"15";"1";""
"202100014232";"176Â 248";"B01";"1";"7";"0";"2";"4";"23";"1";""
"202100014232";"176Â 249";"A01";"1";"38";"0";"2";"3";"2";"1";"1"
"202100014233";"176Â 246";"A01";"3";"34";"0";"2";"1";"1";"0";""
"202100014233";"176Â 247";"B01";"3";"7";"0";"2";"1";"11";"0";""
"202100014234";"176Â 245";"A01";"1";"30";"12";"0";"2";"26";"3";""
"202100014235";"176Â 243";"B01";"2";"7";"0";"2";"4";"2";"1";""
"202100014235";"176Â 244";"A01";"2";"2";"0";"2";"1";"2";"1";""
"202100014236";"176Â 241";"B01";"1";"7";"2";"0";"1";"1";"1";""
"202100014236";"176Â 242";"A01";"1";"7";"2";"0";"9";"1";"1";""
"202100014237";"176Â 239";"B01";"1";"1";"0";"2";"1";"1";"6";""
"202100014237";"176Â 240";"A01";"1";"7";"0";"2";"3";"9";"1";""
"202100014238";"176Â 237";"B01";"3";"7";"0";"2";"2";"15";"1";""
"202100014238";"176Â 238";"A01";"3";"33";"0";"2";"1";"1";"1";""
"202100014239";"176Â 236";"A01";"2";"7";"2";"0";"1";"13";"1";""
"202100014240";"176Â 235";"A01";"3";"32";"0";"0";"0";"1";"1";""
"202100014241";"176Â 233";"B01";"1";"33";"0";"2";"1";"2";"1";""
"202100014241";"176Â 234";"A01";"1";"33";"0";"0";"8";"2";"1";""
"202100014242";"176Â 231";"B01";"2";"2";"13";"0";"4";"2";"1";""
"202100014242";"176Â 232";"A01";"2";"10";"0";"2";"2";"2";"1";""
"202100014243";"176Â 230";"A01";"2";"7";"2";"0";"1";"1";"1";""
"202100014244";"176Â 228";"B01";"2";"2";"0";"2";"1";"1";"1";""
"202100014244";"176Â 229";"A01";"1";"7";"0";"2";"3";"15";"1";""
"202100014245";"176Â 227";"A01";"3";"2";"0";"0";"8";"1";"1";""
"202100014246";"176Â 226";"A01";"1";"31";"15";"9";"0";"1";"1";""
"202100014247";"176Â 225";"A01";"1";"2";"0";"0";"0";"2";"1";""
"202100014248";"176Â 223";"A01";"3";"7";"0";"2";"3";"13";"1";""
"202100014248";"176Â 224";"B01";"0";"20";"0";"2";"3";"1";"1";""
"202100014249";"176Â 221";"A01";"3";"7";"1";"0";"2";"1";"1";""
"202100014250";"176Â 219";"B01";"1";"7";"0";"0";"8";"2";"1";""
"202100014250";"176Â 220";"A01";"1";"34";"0";"2";"1";"17";"1";""
"202100014251";"176Â 217";"A01";"1";"33";"0";"2";"1";"17";"1";""
"202100014251";"176Â 218";"B01";"2";"7";"0";"2";"3";"1";"1";""
"202100014252";"176Â 215";"B01";"1";"33";"0";"2";"1";"1";"1";""
"202100014252";"176Â 216";"A01";"2";"33";"0";"2";"1";"1";"1";""
"202100014253";"176Â 214";"A01";"2";"7";"6";"0";"3";"1";"1";""
"202100014254";"176Â 212";"B01";"3";"2";"0";"2";"1";"1";"1";""
"202100014254";"176Â 213";"A01";"3";"7";"0";"2";"2";"15";"1";""
"202100014255";"176Â 210";"B01";"1";"7";"0";"2";"4";"1";"1";""
"202100014255";"176Â 211";"A01";"1";"33";"0";"2";"1";"1";"1";""
"202100014256";"176Â 209";"A01";"1";"7";"2";"0";"1";"0";"1";""
"202100014257";"176Â 208";"A01";"2";"33";"16";"0";"7";"1";"1";""
"202100014258";"176Â 207";"A01";"2";"7";"15";"0";"2";"1";"1";""
"202100014259";"176Â 205";"B01";"2";"33";"0";"2";"1";"1";"1";""
"202100014259";"176Â 206";"A01";"3";"7";"0";"2";"3";"15";"1";""
"202100014260";"176Â 204";"A01";"3";"33";"13";"0";"1";"1";"1";""
"202100014261";"176Â 203";"A01";"2";"7";"2";"0";"8";"1";"1";""
"202100014262";"176Â 201";"A01";"0";"7";"0";"2";"1";"1";"1";""
"202100014262";"176Â 202";"B01";"0";"7";"0";"2";"7";"1";"1";""
"202100014263";"176Â 200";"A01";"2";"7";"8";"0";"1";"13";"1";""
"202100014264";"176Â 199";"A01";"2";"3";"2";"0";"0";"1";"1";""
"202100014265";"176Â 197";"A01";"1";"7";"0";"2";"2";"9";"1";""
"202100014265";"176Â 198";"B01";"1";"2";"0";"2";"1";"1";"1";""
"202100014266";"176Â 196";"A01";"2";"7";"2";"0";"3";"13";"1";""
"202100014267";"176Â 195";"A01";" -1";"33";"0";"0";"0";"1";"1";""
"202100014268";"176Â 194";"A01";"1";"33";"0";"0";"7";"13";"1";""
"202100014269";"176Â 193";"A01";"2";"33";"0";"0";"0";"0";"1";""
"202100014270";"176Â 191";"B01";"1";"7";"0";"9";"3";"15";"1";""
"202100014270";"176Â 192";"A01";"2";"7";"0";"2";"2";"16";"1";""
"202100014271";"176Â 190";"A01";"2";"7";"2";"0";"1";"1";"1";""
"202100014272";"176Â 189";"A01";"1";"7";"3";"0";"1";"12";"1";""
"202100014273";"176Â 186";"B01";"1";"7";"0";"2";"4";"1";"1";""
"202100014273";"176Â 187";"A01";"1";"7";"0";"0";"5";"23";"1";""
"202100014273";"176Â 188";"C01";"1";"7";"0";"2";"1";"1";"1";""
"202100014274";"176Â 185";"A01";"1";"38";"0";"1";"2";"1";"1";"2"
"202100014275";"176Â 183";"B01";"2";"10";"0";"2";"3";"1";"1";""
"202100014275";"176Â 184";"A01";"1";"7";"0";"2";"5";"13";"1";""
"202100014276";"176Â 182";"A01";"1";"30";"17";"0";"1";"0";"1";""
"202100014277";"176Â 180";"A01";"2";"7";"0";"0";"4";"2";"1";""
"202100014277";"176Â 181";"B01";"2";"33";"0";"2";"1";"2";"1";""
"202100014278";"176Â 178";"A01";"1";"33";"0";"2";"1";"1";"1";""
"202100014278";"176Â 179";"B01";"2";"7";"0";"2";"3";"1";"1";""
"202100014279";"176Â 176";"B01";"0";"33";"0";"2";"1";"1";"1";""
"202100014279";"176Â 177";"A01";"0";"7";"0";"2";"7";"15";"1";""
"202100014280";"176Â 174";"A01";"2";"7";"0";"2";"6";"15";"1";""
"202100014280";"176Â 175";"B01";"1";"33";"0";"2";"1";"1";"1";""
"202100014281";"176Â 171";"C01";"2";"7";"13";"0";"2";"21";"1";""
"202100014281";"176Â 172";"B01";"2";"7";"0";"2";"2";"1";"1";""
"202100014281";"176Â 173";"A01";"1";"10";"0";"2";"1";"5";"1";""
"202100014282";"176Â 170";"A01";"1";"33";"0";"0";"9";"0";"1";""
"202100014283";"176Â 168";"B01";"0";"2";"0";"2";"8";"14";"1";""
"202100014283";"176Â 169";"A01";"0";"7";"0";"2";"1";"9";"1";""
"202100014284";"176Â 167";"A01";"1";"33";"11";"0";"9";"1";"1";""
"202100014285";"176Â 165";"B01";"1";"2";"0";"2";"1";"2";"1";""
"202100014285";"176Â 166";"A01";"1";"7";"0";"0";"4";"2";"2";""
"202100014286";"176Â 163";"B01";"1";"7";"0";"2";"4";"23";"1";""
"202100014286";"176Â 164";"A01";"1";"2";"1";"0";"1";"1";"1";""
"202100014287";"176Â 162";"A01";"1";"7";"0";"0";"0";"15";"1";""
"202100014288";"176Â 160";"B01";"1";"33";"0";"2";"1";"1";"1";""
"202100014288";"176Â 161";"A01";"2";"7";"0";"2";"3";"1";"1";""
"202100014289";"176Â 159";"A01";"1";"33";"0";"0";"8";"23";"1";""
"202100014290";"176Â 158";"A01";"1";"33";"13";"0";"1";"1";"1";""
"202100014291";"176Â 156";"B01";"2";"31";"0";"2";"1";"1";"1";""
"202100014291";"176Â 157";"A01";"1";"7";"0";"2";"1";"2";"1";""
"202100014292";"176Â 155";"A01";"3";"7";"13";"0";"1";"14";"1";""
"202100014293";"176Â 152";"B01";"1";"7";"0";"2";"8";"1";"1";""
"202100014293";"176Â 153";"A01";"2";"33";"0";"2";"8";"5";"1";""
"202100014294";"176Â 151";"A01";"2";"7";"7";"0";"9";"1";"1";""
"202100014295";"176Â 149";"A01";"1";"2";"12";"0";"2";"2";"1";""
"202100014296";"176Â 147";"A01";"1";"7";"0";"2";"4";"2";"1";""
"202100014296";"176Â 148";"B01";"1";"7";"0";"2";"1";"2";"1";""
"202100014297";"176Â 146";"A01";"1";"7";"9";"0";"3";"16";"1";""
"202100014298";"176Â 145";"A01";"2";"7";"13";"0";"1";"14";"1";""
"202100014299";"176Â 143";"A01";"1";"7";"0";"2";"8";"11";"1";""
"202100014299";"176Â 144";"B01";"1";"10";"0";"2";"1";"1";"1";""
"202100014300";"176Â 141";"A01";"1";"7";"4";"2";"1";"0";"1";""
"202100014300";"176Â 142";"B01";"1";"10";"0";"2";"6";"0";"1";""
"202100014301";"176Â 139";"A01";"2";"7";"0";"2";"1";"1";"2";""
"202100014301";"176Â 140";"B01";"2";"7";"0";"2";"4";"2";"1";""
"202100014302";"176Â 137";"B01";"2";"7";"0";"2";"7";"12";"1";""
"202100014302";"176Â 138";"A01";"2";"33";"0";"2";"8";"3";"1";""
"202100014303";"176Â 135";"B01";"1";"14";"0";"2";"4";"2";"1";""
"202100014303";"176Â 136";"A01";"1";"7";"0";"2";"1";"2";"1";""
"202100014304";"176Â 133";"B01";"3";"1";"0";"2";"0";"26";"5";""
"202100014304";"176Â 134";"A01";"2";"7";"0";"2";"0";"26";"0";""
"202100014305";"176Â 132";"A01";"2";"7";"0";"1";"3";"1";"1";""
"202100014306";"176Â 131";"A01";"2";"7";"0";"1";"2";"0";"1";""
"202100014307";"176Â 130";"A01";"3";"7";"0";"2";"1";"1";"1";""
"202100014308";"176Â 129";"A01";"1";"7";"0";"1";"1";"15";"1";""
"202100014309";"176Â 127";"A01";"2";"7";"0";"2";"3";"15";"1";""
"202100014309";"176Â 128";"B01";"2";"1";"0";"2";"7";"1";"5";""
"202100014310";"176Â 124";"C01";"1";"10";"0";"2";"6";"1";"1";""
"202100014310";"176Â 125";"B01";"1";"7";"0";"2";"7";"1";"2";""
"202100014310";"176Â 126";"A01";"1";"31";"0";"2";"3";"3";"0";""
"202100014311";"176Â 122";"A01";"1";"7";"0";"2";"0";"21";"1";""
"202100014311";"176Â 123";"B01";"2";"1";"0";"2";"0";"21";"0";""
"202100014312";"176Â 120";"C01";"3";"80";"0";"2";"1";"0";"3";""
"202100014312";"176Â 121";"A01";"2";"7";"0";"2";"3";"9";"1";""
"202100014313";"176Â 119";"A01";"2";"33";"0";"1";"3";"17";"1";""
"202100014314";"176Â 117";"B01";"1";"34";"0";"2";"1";"1";"1";""
"202100014314";"176Â 118";"A01";"1";"7";"0";"2";"2";"15";"1";""
"202100014315";"176Â 115";"B01";"3";"7";"0";"9";"7";"1";"1";""
"202100014315";"176Â 116";"A01";"3";"1";"0";"2";"1";"0";"0";""
"202100014316";"176Â 113";"A01";"2";"7";"0";"2";"2";"16";"0";""
"202100014316";"176Â 114";"B01";"2";"7";"0";"2";"0";"0";"0";""
"202100014317";"176Â 111";"A01";"1";"7";"0";"2";"8";"9";"1";""
"202100014317";"176Â 112";"B01";"1";"7";"0";"2";"1";"1";"1";""
"202100014318";"176Â 109";"B01";"1";"33";"4";"2";"1";"18";"1";""
"202100014318";"176Â 110";"A01";"1";"7";"0";"2";"5";"12";"1";""
"202100014319";"176Â 107";"A01";"1";"7";"0";"2";"1";"1";"1";""
"202100014319";"176Â 108";"B01";"2";"15";"0";"2";"8";"1";"1";""
"202100014320";"176Â 105";"B01";"1";"7";"3";"2";"3";"0";"1";""
"202100014320";"176Â 106";"A01";"2";"7";"3";"2";"8";"26";"1";""
"202100014321";"176Â 103";"A01";"1";"32";"0";"2";"3";"1";"1";""
"202100014321";"176Â 104";"B01";"1";"3";"0";"2";"2";"16";"1";""
"202100014322";"176Â 102";"A01";"0";"10";"0";"1";"0";"0";"1";""
"202100014323";"176Â 100";"A01";"1";"7";"0";"2";"1";"2";"0";""
"202100014323";"176Â 101";"B01";"1";"7";"0";"2";"4";"2";"0";""
"202100014324";"176Â 099";"A01";"2";"15";"0";"1";"1";"16";"1";""
"202100014325";"176Â 098";"A01";"3";"50";"0";"1";"1";"25";"3";""
"202100014326";"176Â 096";"A01";"3";"7";"0";"2";"1";"26";"1";""
"202100014326";"176Â 097";"B01";"1";"7";"0";"2";"1";"26";"1";""
"202100014327";"176Â 095";"A01";"1";"7";"0";"1";"2";"15";"1";""
"202100014328";"176Â 093";"B01";"2";"31";"0";"2";"1";"1";"1";""
"202100014328";"176Â 094";"A01";"2";"7";"0";"2";"3";"15";"1";""
"202100014329";"176Â 091";"B01";"1";"10";"0";"2";"2";"0";"1";""
"202100014329";"176Â 092";"A01";"2";"30";"0";"2";"1";"5";"1";""
"202100014330";"176Â 089";"B01";"1";"7";"0";"2";"1";"2";"1";""
"202100014330";"176Â 090";"A01";"1";"7";"0";"2";"4";"23";"1";""
"202100014331";"176Â 088";"A01";"1";"7";"0";"1";"1";"19";"3";""
"202100014332";"176Â 087";"A01";"3";"7";"0";"1";"0";"1";"1";""
"202100014333";"176Â 085";"B01";"0";"7";"0";"2";"1";"1";"1";""
"202100014333";"176Â 086";"A01";"0";"7";"0";"2";"1";"5";"1";""
"202100014334";"176Â 083";"A01";"1";"10";"0";"2";"3";"10";"1";""
"202100014334";"176Â 084";"B01";"1";"2";"0";"2";"3";"2";"1";""
"202100014335";"176Â 082";"A01";"2";"31";"12";"0";"7";"14";"1";""
"202100014336";"176Â 080";"A01";"2";"7";"0";"2";"1";"9";"1";""
"202100014336";"176Â 081";"B01";"2";"15";"0";"2";"2";"1";"1";""
"202100014337";"176Â 079";"A01";"3";"33";"6";"0";"1";"26";"1";""
"202100014338";"176Â 077";"A01";"1";"7";"0";"2";"1";"2";"1";""
"202100014338";"176Â 078";"B01";"1";"7";"0";"2";"4";"2";"1";""
"202100014339";"176Â 076";"A01";"1";"7";"0";"1";"3";"1";"1";""
"202100014340";"176Â 074";"B01";"3";"7";"0";"2";"0";"14";"1";""
"202100014340";"176Â 075";"A01";"3";"7";"0";"2";"0";"0";"1";""
"202100014341";"176Â 073";"A01";"2";"7";"8";"0";"3";"13";"1";""
"202100014342";"176Â 071";"A01";"0";"2";"0";"2";"2";"1";"1";""
"202100014342";"176Â 072";"B01";"0";"7";"0";"2";"3";"15";"1";""
"202100014343";"176Â 069";"A01";" -1";"7";"0";"2";"1";"15";"1";""
"202100014343";"176Â 070";"B01";" -1";"31";"0";"2";"1";"1";"1";""
"202100014344";"176Â 067";"B01";"1";"31";"0";"2";"8";"0";"1";""
"202100014344";"176Â 068";"A01";"2";"7";"0";"2";"8";"17";"1";""
"202100014345";"176Â 065";"A01";"1";"7";"0";"2";"2";"1";"1";""
"202100014345";"176Â 066";"B01";"1";"1";"0";"2";"8";"3";"0";""
"202100014346";"176Â 064";"A01";"1";"7";"0";"1";"1";"1";"1";""
"202100014347";"176Â 062";"A01";"1";"33";"0";"2";"1";"9";"1";""
"202100014347";"176Â 063";"B01";"1";"7";"0";"2";"3";"9";"1";""
"202100014348";"176Â 060";"B01";"2";"1";"0";"2";"1";"1";"5";""
"202100014348";"176Â 061";"A01";"2";"7";"0";"2";"7";"1";"1";""
"202100014349";"176Â 058";"A01";"2";"7";"0";"2";"4";"15";"1";""
"202100014349";"176Â 059";"B01";"2";"33";"0";"2";"1";"1";"1";""
"202100014350";"176Â 057";"A01";"1";"7";"0";"1";"1";"1";"0";""
"202100014351";"176Â 056";"A01";"1";"32";"0";"1";"1";"17";"1";""
"202100014352";"176Â 055";"A01";"1";"7";"0";"1";"7";"14";"1";""
"202100014353";"176Â 053";"A01";"3";"7";"0";"2";"3";"15";"1";""
"202100014353";"176Â 054";"B01";"3";"30";"0";"2";"1";"1";"1";""
"202100014354";"176Â 052";"A01";"1";"33";"0";"1";"1";"1";"1";""
"202100014355";"176Â 050";"B01";"1";"7";"0";"2";"3";"9";"1";""
"202100014355";"176Â 051";"A01";"1";"10";"0";"2";"8";"1";"1";""
"202100014356";"176Â 049";"A01";"3";"7";"1";"0";"3";"13";"1";""
"202100014357";"176Â 048";"A01";"0";"20";"0";"1";"1";"26";"1";""
"202100014358";"176Â 046";"B01";"2";"50";"0";"2";"8";"1";"3";""
"202100014358";"176Â 047";"A01";"1";"7";"0";"2";"1";"15";"1";""
"202100014359";"176Â 044";"B01";"3";"1";"0";"2";"8";"15";"5";""
"202100014359";"176Â 045";"A01";"3";"7";"0";"2";"3";"1";"1";""
"202100014360";"176Â 042";"A01";"3";"7";"2";"2";"1";"1";"1";""
"202100014360";"176Â 043";"B01";"3";"33";"9";"2";"2";"1";"1";""
"202100014361";"176Â 040";"A01";"2";"50";"0";"2";"1";"26";"3";""
"202100014361";"176Â 041";"B01";"1";"7";"0";"9";"1";"1";"1";""
"202100014362";"176Â 039";"A01";"1";"7";"0";"1";"1";"1";"1";""
"202100014363";"176Â 038";"A01";"1";"3";"12";"0";"1";"13";"1";""
"202100014364";"176Â 035";"A01";"0";"7";"0";"2";"3";"1";"2";""
"202100014364";"176Â 036";"B01";"3";"7";"0";"2";"3";"1";"1";""
"202100014365";"176Â 033";"B01";"1";"50";"0";"2";"4";"26";"3";""
"202100014365";"176Â 034";"A01";"1";"7";"0";"2";"1";"26";"2";""
"202100014366";"176Â 031";"B01";"1";"30";"0";"2";"1";"2";"1";""
"202100014366";"176Â 032";"A01";"1";"7";"0";"2";"6";"2";"1";""
"202100014367";"176Â 030";"A01";"2";"7";"0";"1";"3";"1";"2";""
"202100014368";"176Â 029";"A01";"1";"7";"0";"1";"1";"1";"0";""
"202100014369";"176Â 027";"B01";"3";"7";"0";"2";"4";"1";"1";""
"202100014369";"176Â 028";"A01";"3";"7";"0";"2";"1";"1";"0";""
"202100014370";"176Â 026";"A01";"1";"1";"0";"0";"1";"7";"5";""
"202100014371";"176Â 023";"A01";"2";"10";"0";"2";"1";"2";"1";""
"202100014371";"176Â 024";"B01";"2";"7";"0";"2";"4";"23";"1";""
"202100014371";"176Â 025";"C01";"2";"7";"0";"2";"4";"23";"1";""
"202100014372";"176Â 021";"A01";"2";"7";"0";"2";"2";"14";"1";""