"Num_Acc";"id_vehicule";"num_veh";"senc";"catv";"obs";"obsm";"choc";"manv";"motor";"occutc"
"202100014372";"176Â 022";"B01";"2";"7";"0";"2";"3";"1";"1";""
"202100014373";"176Â 019";"B01";"2";"7";"0";"2";"4";"1";"1";""
"202100014373";"176Â 020";"A01";"2";"33";"0";"2";"1";"26";"1";""
"202100014374";"176Â 017";"B01";"3";"1";"0";"2";"4";"2";"5";""
"202100014374";"176Â 018";"A01";"3";"1";"0";"2";"1";"18";"5";""
"202100014375";"176Â 014";"A01";"0";"1";"0";"2";"1";"19";"5";""
"202100014375";"176Â 015";"B01";"3";"32";"0";"2";"2";"1";"1";""
"202100014375";"176Â 016";"C01";"0";"32";"0";"2";"7";"17";"1";""
"202100014376";"176Â 013";"A01";"3";"7";"0";"1";"1";"1";"1";""
"202100014377";"176Â 011";"B01";"2";"2";"0";"2";"0";"1";"1";""
"202100014377";"176Â 012";"A01";"1";"7";"0";"2";"2";"15";"1";""
"202100014378";"176Â 009";"A01";"1";"7";"0";"2";"3";"9";"1";""
"202100014378";"176Â 010";"B01";"3";"1";"0";"2";"4";"1";"5";""
"202100014379";"176Â 008";"A01";"1";"10";"0";"2";"7";"13";"1";""
"202100014380";"176Â 007";"A01";"0";"7";"0";"1";"1";"1";"1";""
"202100014381";"176Â 005";"A01";"1";"2";"0";"2";"1";"1";"1";""
"202100014381";"176Â 006";"B01";"1";"7";"0";"2";"1";"15";"1";""
"202100014382";"176Â 003";"A01";"2";"32";"0";"2";"9";"21";"1";""
"202100014382";"176Â 004";"B01";"1";"7";"0";"2";"2";"15";"1";""
"202100014383";"176Â 001";"B01";"3";"7";"0";"2";"1";"5";"1";""
"202100014383";"176Â 002";"A01";"3";"7";"0";"2";"3";"15";"0";""
"202100014384";"176Â 000";"A01";"1";"10";"0";"1";"4";"4";"3";""
"202100014385";"175Â 998";"B01";"1";"33";"0";"2";"1";"17";"1";""
"202100014385";"175Â 999";"A01";"2";"3";"0";"2";"3";"9";"1";""
"202100014386";"175Â 997";"A01";"3";"7";"0";"1";"1";"15";"1";""
"202100014387";"175Â 995";"A01";"1";"1";"0";"2";"1";"19";"5";""
"202100014387";"175Â 996";"B01";"2";"7";"0";"2";"1";"15";"1";""
"202100014388";"175Â 991";"D01";"2";"2";"0";"2";"1";"1";"1";""
"202100014388";"175Â 992";"C01";"2";"2";"0";"2";"1";"1";"1";""
"202100014388";"175Â 993";"B01";"1";"10";"0";"2";"7";"15";"1";""
"202100014388";"175Â 994";"A01";"1";"30";"0";"2";"7";"15";"1";""
"202100014389";"175Â 989";"A01";"2";"7";"0";"2";"1";"9";"1";""
"202100014389";"175Â 990";"B01";"0";"2";"0";"2";"7";"9";"1";""
"202100014390";"175Â 987";"A01";"1";"7";"0";"2";"1";"13";"1";""
"202100014390";"175Â 988";"B01";"2";"7";"0";"2";"1";"1";"1";""
"202100014391";"175Â 986";"A01";"3";"7";"0";"1";"1";"20";"1";""
"202100014392";"175Â 985";"A01";"0";"7";"0";"1";"4";"4";"1";""
"202100014393";"175Â 981";"D01";"3";"7";"0";"2";"4";"23";"1";""
"202100014393";"175Â 982";"C01";"3";"7";"0";"2";"6";"23";"1";""
"202100014393";"175Â 983";"B01";"3";"33";"0";"2";"1";"3";"1";""
"202100014393";"175Â 984";"A01";"3";"31";"0";"2";"1";"3";"1";""
"202100014394";"175Â 979";"B01";"1";"7";"12";"2";"6";"15";"3";""
"202100014394";"175Â 980";"A01";"1";"37";"12";"2";"1";"1";"6";"1"
"202100014395";"175Â 977";"A01";"0";"32";"0";"2";"0";"26";"1";""
"202100014395";"175Â 978";"B01";"0";"7";"0";"2";"0";"26";"1";""
"202100014396";"175Â 976";"A01";"1";"10";"0";"1";"1";"1";"1";""
"202100014397";"175Â 974";"A01";"3";"7";"0";"2";"3";"18";"1";""
"202100014397";"175Â 975";"B01";"3";"7";"0";"2";"7";"1";"1";""
"202100014398";"175Â 971";"A01";"2";"10";"0";"2";"1";"2";"1";""
"202100014398";"175Â 972";"B01";"2";"7";"0";"2";"4";"2";"1";""
"202100014398";"175Â 973";"C01";"2";"7";"0";"2";"4";"23";"1";""
"202100014399";"175Â 969";"B01";"2";"33";"0";"2";"4";"1";"1";""
"202100014399";"175Â 970";"A01";"2";"7";"0";"2";"3";"12";"1";""
"202100014400";"175Â 967";"B01";"1";"32";"0";"2";"2";"23";"1";""
"202100014400";"175Â 968";"A01";"2";"33";"1";"2";"3";"1";"1";""
"202100014401";"175Â 962";"C01";"2";"7";"0";"2";"3";"1";"2";""
"202100014401";"175Â 963";"B01";"1";"10";"0";"2";"6";"15";"1";""
"202100014401";"175Â 964";"A01";"1";"7";"11";"2";"3";"1";"2";""
"202100014401";"175Â 965";"D01";"2";"10";"0";"2";"1";"1";"1";""
"202100014401";"175Â 966";"E01";"2";"7";"0";"2";"5";"1";"1";""
"202100014402";"175Â 961";"Z01";"1";"50";"0";"1";"1";"1";"3";""
"202100014403";"175Â 960";"A01";"1";"1";"14";"0";"8";"17";"5";""
"202100014404";"175Â 958";"B01";"1";"43";"0";"2";"1";"2";"1";""
"202100014404";"175Â 959";"A01";"1";"10";"0";"2";"4";"4";"1";""
"202100014405";"175Â 950";"A01";"2";"7";"0";"2";"1";"1";"1";""
"202100014405";"175Â 951";"B01";"2";"7";"0";"2";"3";"1";"1";""
"202100014405";"175Â 952";"C01";"2";"7";"0";"2";"4";"1";"1";""
"202100014405";"175Â 953";"D01";"2";"7";"0";"2";"0";"1";"2";""
"202100014405";"175Â 954";"E01";"2";"7";"0";"2";"4";"1";"1";""
"202100014405";"175Â 955";"F01";"2";"7";"0";"2";"8";"1";"1";""
"202100014405";"175Â 956";"G01";"2";"7";"0";"2";"8";"24";"2";""
"202100014405";"175Â 957";"H01";"2";"1";"0";"2";"8";"1";"5";""
"202100014406";"175Â 948";"B01";"1";"30";"0";"2";"3";"1";"1";""
"202100014406";"175Â 949";"A01";"1";"7";"0";"2";"2";"1";"1";""
"202100014407";"175Â 946";"B01";"2";"1";"0";"2";"1";"1";"5";""
"202100014407";"175Â 947";"A01";"2";"7";"0";"2";"8";"22";"1";""
"202100014408";"175Â 944";"B01";"1";"1";"0";"2";"1";"1";"5";""
"202100014408";"175Â 945";"A01";"1";"7";"0";"2";"5";"16";"1";""
"202100014409";"175Â 942";"B01";"2";"7";"0";"2";"3";"1";"1";""
"202100014409";"175Â 943";"A01";"2";"30";"0";"2";"1";"17";"1";""
"202100014410";"175Â 940";"Z01";"1";"10";"0";"2";"0";"10";"1";""
"202100014410";"175Â 941";"A01";"1";"37";"0";"2";"0";"7";"2";"3"
"202100014411";"175Â 938";"A01";"1";"10";"0";"2";"8";"15";"1";""
"202100014411";"175Â 939";"B01";"2";"60";"0";"2";"5";"19";"5";""
"202100014412";"175Â 937";"A01";"1";"7";"0";"1";"3";"1";"2";""
"202100014413";"175Â 936";"A01";"1";"10";"0";"1";"8";"20";"1";""
"202100014414";"175Â 934";"B01";"2";"7";"0";"2";"8";"13";"3";""
"202100014414";"175Â 935";"A01";"2";"33";"0";"2";"1";"1";"1";""
"202100014415";"175Â 932";"B01";"1";"50";"0";"2";"1";"1";"3";""
"202100014415";"175Â 933";"A01";"1";"1";"0";"2";"4";"18";"5";""
"202100014416";"175Â 930";"A01";"2";"30";"0";"2";"6";"15";"1";""
"202100014416";"175Â 931";"Z01";"2";"7";"0";"2";"3";"1";"1";""
"202100014417";"175Â 928";"B01";"2";"43";"0";"2";"8";"1";"1";""
"202100014417";"175Â 929";"A01";"2";"7";"0";"2";"1";"15";"1";""
"202100014418";"175Â 926";"A01";"2";"7";"0";"0";"0";"0";"0";""
"202100014418";"175Â 927";"B01";"2";"32";"0";"0";"0";"0";"1";""
"202100014419";"175Â 923";"C01";"1";"10";"0";"0";"4";"2";"1";""
"202100014419";"175Â 924";"B01";"1";"7";"0";"0";"4";"2";"1";""
"202100014419";"175Â 925";"A01";"1";"7";"0";"0";"1";"2";"1";""
"202100014420";"175Â 921";"A01";"2";"30";"0";"2";"1";"1";"1";""
"202100014420";"175Â 922";"B01";"1";"7";"0";"2";"7";"1";"1";""
"202100014421";"175Â 919";"B01";"3";"50";"0";"2";"8";"15";"3";""
"202100014421";"175Â 920";"A01";"3";"7";"0";"9";"3";"1";"1";""
"202100014422";"175Â 917";"B01";"1";"32";"0";"2";"1";"1";"1";""
"202100014422";"175Â 918";"A01";"1";"7";"1";"2";"4";"26";"1";""
"202100014423";"175Â 916";"A01";"2";"2";"0";"1";"2";"0";"1";""
"202100014424";"175Â 914";"B01";"3";"50";"0";"2";"1";"0";"3";""
"202100014424";"175Â 915";"A01";"3";"14";"0";"9";"7";"9";"1";""
"202100014425";"175Â 912";"A01";"1";"7";"0";"2";"8";"10";"1";""
"202100014425";"175Â 913";"B01";"1";"33";"11";"2";"7";"2";"1";""
"202100014426";"175Â 909";"C01";"1";"7";"0";"2";"4";"1";"1";""
"202100014426";"175Â 910";"A01";"1";"7";"0";"2";"2";"1";"2";""
"202100014426";"175Â 911";"B01";"1";"33";"0";"2";"4";"3";"1";""
"202100014427";"175Â 907";"A01";"3";"7";"0";"2";"6";"10";"0";""
"202100014427";"175Â 908";"B01";"3";"2";"0";"2";"1";"1";"0";""
"202100014428";"175Â 905";"B01";"2";"10";"0";"2";"1";"1";"1";""
"202100014428";"175Â 906";"A01";"3";"10";"0";"2";"3";"1";"1";""
"202100014429";"175Â 904";"A01";"3";"7";"0";"1";"3";"9";"1";""
"202100014430";"175Â 903";"A01";"1";"7";"0";"1";"3";"15";"1";""
"202100014431";"175Â 901";"B01";"1";"50";"0";"2";"1";"19";"3";""
"202100014431";"175Â 902";"A01";"1";"7";"0";"9";"3";"2";"1";""
"202100014432";"175Â 900";"A01";"1";"7";"0";"1";"2";"1";"1";""
"202100014433";"175Â 898";"A01";" -1";"3";"0";"2";"2";"1";"0";""
"202100014433";"175Â 899";"B01";" -1";"3";"0";"2";"3";"0";"0";""
"202100014434";"175Â 896";"B01";" -1";"7";"14";"0";"1";"2";"1";""
"202100014434";"175Â 897";"A01";" -1";"7";"15";"0";"4";"23";"1";""
"202100014435";"175Â 895";"A01";"1";"33";"0";"1";"3";"21";"1";""
"202100014436";"175Â 893";"A01";" -1";"7";"0";"2";"3";"11";"2";""
"202100014436";"175Â 894";"B01";" -1";"33";"0";"2";"2";"17";"1";""
"202100014437";"175Â 891";"A01";"2";"7";"0";"2";"2";"15";"1";""
"202100014437";"175Â 892";"B01";"1";"2";"0";"2";"1";"1";"1";""
"202100014438";"175Â 890";"A01";"1";"7";"0";"1";"1";"1";"1";""
"202100014439";"175Â 889";"A01";"3";"7";"0";"1";"1";"26";"0";""
"202100014440";"175Â 888";"A01";"1";"0";"0";"0";"0";"0";"0";""
"202100014441";"175Â 887";"A01";"2";"7";"0";"1";"1";"1";"1";""
"202100014442";"175Â 884";"A01";"2";"7";"0";"2";"1";"13";"1";""
"202100014442";"175Â 885";"B01";"1";"7";"0";"2";"1";"1";"1";""
"202100014442";"175Â 886";"C01";"1";"7";"0";"2";"1";"1";"1";""
"202100014443";"175Â 882";"A01";"1";"31";"0";"2";"1";"1";"3";""
"202100014443";"175Â 883";"B01";"1";"7";"0";"2";"3";"15";"1";""
"202100014444";"175Â 880";"B01";"1";"80";"0";"2";"4";"1";"3";""
"202100014444";"175Â 881";"A01";"1";"33";"0";"2";"1";"2";"1";""
"202100014445";"175Â 878";"B01";"1";"7";"0";"2";"3";"15";"1";""
"202100014445";"175Â 879";"A01";"2";"31";"0";"2";"3";"26";"1";""
"202100014446";"175Â 876";"A01";"2";"2";"0";"2";"0";"9";"1";""
"202100014446";"175Â 877";"B01";"2";"2";"0";"2";"0";"0";"1";""
"202100014447";"175Â 875";"A01";"2";"7";"0";"1";"1";"15";"1";""
"202100014448";"175Â 874";"A01";"0";"10";"0";"1";"2";"15";"1";""
"202100014449";"175Â 872";"B01";"1";"33";"0";"2";"1";"1";"1";""
"202100014449";"175Â 873";"A01";"1";"7";"0";"2";"3";"1";"1";""
"202100014450";"175Â 870";"A01";"1";"10";"0";"2";"3";"22";"1";""
"202100014450";"175Â 871";"B01";"1";"1";"1";"0";"0";"1";"5";""
"202100014451";"175Â 868";"B01";"0";"50";"0";"2";"1";"16";"3";""
"202100014451";"175Â 869";"A01";"0";"7";"0";"2";"7";"1";"1";""
"202100014452";"175Â 867";"A01";"1";"7";"0";"1";"1";"26";"0";""
"202100014453";"175Â 866";"A01";"2";"7";"0";"1";"3";"1";"1";""
"202100014454";"175Â 865";"A01";"1";"7";"2";"0";"1";"1";"1";""
"202100014455";"175Â 863";"B01";"2";"7";"0";"2";"3";"2";"1";""
"202100014455";"175Â 864";"A01";"2";"33";"0";"2";"2";"2";"1";""
"202100014456";"175Â 861";"B01";"1";"1";"0";"2";"1";"1";"5";""
"202100014456";"175Â 862";"A01";"2";"7";"0";"2";"3";"15";"1";""
"202100014457";"175Â 860";"A01";"0";"2";"0";"1";"1";"0";"1";""
"202100014458";"175Â 859";"A01";"1";"10";"0";"1";"2";"1";"1";""
"202100014459";"175Â 858";"A01";"0";"33";"6";"0";"7";"25";"1";""
"202100014460";"175Â 857";"A01";"2";"7";"4";"0";"9";"14";"1";""
"202100014461";"175Â 855";"B01";"1";"7";"0";"2";"2";"5";"1";""
"202100014461";"175Â 856";"A01";"2";"31";"0";"2";"1";"13";"1";""
"202100014462";"175Â 853";"B01";"2";"10";"0";"2";"1";"1";"1";""
"202100014462";"175Â 854";"A01";"1";"7";"2";"0";"0";"1";"1";""
"202100014463";"175Â 851";"B01";"1";"1";"0";"2";"0";"2";"5";""
"202100014463";"175Â 852";"A01";"2";"7";"0";"2";"0";"15";"1";""
"202100014464";"175Â 850";"A01";"1";"32";"12";"0";"8";"1";"1";""
"202100014465";"175Â 847";"B01";"1";"33";"0";"2";"1";"0";"1";""
"202100014465";"175Â 848";"A01";"2";"7";"0";"2";"5";"0";"1";""
"202100014466";"175Â 845";"B01";"1";"7";"0";"2";"3";"13";"1";""
"202100014466";"175Â 846";"A01";"2";"15";"0";"2";"3";"1";"1";""
"202100014467";"175Â 843";"B01";"1";"2";"0";"2";"1";"1";"1";""
"202100014467";"175Â 844";"A01";"2";"7";"0";"0";"5";"15";"1";""
"202100014468";"175Â 841";"B01";"2";"7";"0";"2";"3";"11";"1";""
"202100014468";"175Â 842";"A01";"2";"33";"0";"2";"2";"17";"1";""
"202100014469";"175Â 840";"A01";"2";"33";"0";"0";"9";"1";"1";""
"202100014470";"175Â 839";"A01";"1";"7";"0";"0";"0";"1";"1";""
"202100014471";"175Â 837";"B01";"1";"7";"0";"2";"6";"15";"1";""
"202100014471";"175Â 838";"A01";"1";"33";"0";"2";"2";"17";"1";""
"202100014472";"175Â 835";"B01";"1";"1";"0";"2";"6";"26";"6";""
"202100014472";"175Â 836";"A01";"1";"10";"0";"2";"5";"14";"1";""
"202100014473";"175Â 834";"A01";"1";"33";"0";"0";"8";"15";"1";""
"202100014474";"175Â 833";"A01";"2";"33";"0";"6";"1";"1";"1";""
"202100014475";"175Â 831";"B01";"1";"33";"0";"2";"1";"1";"1";""
"202100014475";"175Â 832";"A01";"3";"21";"0";"0";"0";"19";"1";""
"202100014476";"175Â 830";"A01";"2";"33";"13";"0";"1";"15";"1";""
"202100014477";"175Â 829";"A01";"2";"7";"1";"0";"2";"1";"1";""
"202100014478";"175Â 827";"A01";"1";"10";"0";"2";"3";"13";"1";""
"202100014478";"175Â 828";"B01";"2";"38";"0";"2";"3";"1";"1";"1"
"202100014479";"175Â 826";"A01";"0";"30";"13";"0";"1";"0";"1";""
"202100014480";"175Â 824";"A01";"3";"7";"0";"2";"3";"1";"1";""
"202100014480";"175Â 825";"B01";"3";"7";"0";"2";"3";"13";"1";""
"202100014481";"175Â 823";"A01";"1";"7";"2";"0";"2";"0";"1";""
"202100014482";"175Â 822";"A01";"1";"7";"0";"1";"1";"2";"2";""
"202100014483";"175Â 820";"B01";"1";"7";"0";"2";"1";"1";"1";""
"202100014483";"175Â 821";"A01";"2";"7";"0";"2";"1";"15";"1";""
"202100014484";"175Â 819";"A01";"1";"33";"0";"6";"2";"17";"1";""
"202100014485";"175Â 817";"A01";"2";"7";"13";"2";"3";"1";"1";""
"202100014485";"175Â 818";"B01";"1";"10";"13";"2";"6";"1";"1";""
"202100014486";"175Â 816";"A01";"0";"33";"0";"0";"0";"1";"1";""
"202100014487";"175Â 815";"A01";"1";"10";"4";"0";"2";"0";"1";""
"202100014488";"175Â 813";"A01";"2";"7";"0";"2";"3";"1";"1";""
"202100014488";"175Â 814";"B01";"1";"31";"0";"2";"8";"13";"1";""
"202100014489";"175Â 811";"A01";"1";"7";"0";"2";"3";"13";"1";""
"202100014489";"175Â 812";"B01";"2";"7";"0";"2";"3";"1";"1";""
"202100014490";"175Â 809";"B01";"2";"7";"0";"2";"7";"1";"1";""
"202100014490";"175Â 810";"A01";"1";"7";"0";"2";"1";"5";"1";""
"202100014491";"175Â 808";"A01";"0";"7";"3";"0";"3";"1";"1";""
"202100014492";"175Â 806";"A01";"3";"7";"0";"2";"3";"1";"1";""
"202100014492";"175Â 807";"B01";"3";"1";"0";"2";"1";"1";"5";""
"202100014493";"175Â 805";"A01";"2";"33";"7";"0";"0";"1";"1";""
"202100014494";"175Â 803";"B01";"1";"38";"0";"2";"1";"1";"1";"1"
"202100014494";"175Â 804";"A01";"2";"33";"0";"2";"7";"19";"1";""
"202100014495";"175Â 802";"A01";"1";"7";"0";"1";"2";"16";"1";""
"202100014496";"175Â 800";"B01";"1";"7";"0";"0";"5";"20";"1";""
"202100014496";"175Â 801";"A01";"1";"33";"0";"2";"1";"2";"1";""
"202100014497";"175Â 798";"B01";"1";"21";"0";"2";"8";"15";"1";""
"202100014497";"175Â 799";"A01";"1";"7";"0";"2";"1";"17";"1";""
"202100014498";"175Â 796";"A01";"1";"2";"8";"2";"2";"17";"1";""
"202100014498";"175Â 797";"B01";"1";"2";"0";"2";"3";"15";"1";""
"202100014499";"175Â 792";"A01";"1";"32";"0";"2";"2";"13";"1";""
"202100014499";"175Â 793";"B01";"1";"10";"0";"0";"0";"1";"1";""
"202100014499";"175Â 794";"C01";"1";"15";"0";"0";"0";"1";"1";""
"202100014499";"175Â 795";"D01";"2";"15";"15";"0";"7";"14";"1";""
"202100014500";"175Â 790";"A01";"1";"7";"0";"1";"3";"1";"1";""
"202100014501";"175Â 788";"B01";"1";"33";"0";"2";"1";"1";"1";""
"202100014501";"175Â 789";"A01";"2";"7";"0";"2";"2";"15";"1";""
"202100014502";"175Â 786";"B01";"1";"14";"0";"2";"3";"1";"1";""
"202100014502";"175Â 787";"A01";"2";"7";"0";"2";"3";"13";"1";""
"202100014503";"175Â 784";"A01";"3";"7";"0";"2";"2";"15";"1";""
"202100014503";"175Â 785";"B01";"0";"60";"0";"2";"1";"1";"5";""
"202100014504";"175Â 783";"A01";"3";"14";"0";"1";"1";"1";"1";""
"202100014505";"175Â 781";"B01";"1";"10";"0";"2";"1";"1";"1";""
"202100014505";"175Â 782";"A01";"1";"34";"0";"0";"0";"1";"1";""
"202100014506";"175Â 780";"A01";"0";"7";"13";"0";"3";"0";"1";""
"202100014507";"175Â 778";"A01";"1";"7";"0";"2";"2";"0";"1";""
"202100014507";"175Â 779";"B01";"2";"0";"0";"2";"7";"5";"0";""
"202100014508";"175Â 777";"A01";"1";"7";"2";"0";"3";"13";"1";""
"202100014509";"175Â 775";"B01";"2";"10";"0";"2";"2";"15";"1";""
"202100014509";"175Â 776";"A01";"1";"33";"0";"2";"1";"1";"1";""
"202100014510";"175Â 773";"B01";"1";"7";"0";"2";"1";"1";"1";""
"202100014510";"175Â 774";"A01";"2";"7";"0";"2";"3";"5";"1";""
"202100014511";"175Â 771";"B01";"1";"33";"0";"2";"1";"1";"1";""
"202100014511";"175Â 772";"A01";"3";"10";"0";"2";"2";"1";"1";""
"202100014512";"175Â 770";"A01";"2";"7";"2";"0";"3";"13";"1";""
"202100014513";"175Â 768";"A01";"3";"7";"0";"2";"2";"15";"1";""
"202100014513";"175Â 769";"B01";"3";"1";"0";"2";"1";"1";"5";""
"202100014514";"175Â 766";"A01";"3";"7";"0";"0";"0";"15";"1";""
"202100014514";"175Â 767";"B01";"3";"33";"0";"0";"8";"21";"1";""
"202100014515";"175Â 764";"A01";"2";"7";"0";"2";"3";"17";"1";""
"202100014515";"175Â 765";"B01";"1";"7";"0";"2";"3";"1";"1";""
"202100014516";"175Â 762";"B01";"1";"7";"0";"2";"3";"1";"2";""
"202100014516";"175Â 763";"A01";"2";"7";"0";"2";"3";"13";"1";""
"202100014517";"175Â 760";"A01";"1";"7";"0";"2";"1";"19";"1";""
"202100014517";"175Â 761";"B01";"1";"7";"0";"0";"8";"1";"1";""
"202100014518";"175Â 758";"A01";"2";"7";"0";"2";"8";"15";"1";""
"202100014518";"175Â 759";"B01";"2";"2";"12";"2";"7";"17";"1";""
"202100014519";"175Â 756";"B01";"3";"7";"0";"2";"3";"1";"1";""
"202100014519";"175Â 757";"A01";"3";"2";"0";"2";"1";"21";"1";""
"202100014520";"175Â 753";"B01";"2";"33";"0";"2";"1";"1";"1";""
"202100014520";"175Â 754";"A01";"1";"7";"0";"2";"7";"15";"1";""
"202100014520";"175Â 755";"C01";"1";"7";"0";"2";"6";"1";"1";""
"202100014521";"175Â 752";"A01";"0";"33";"0";"1";"1";"1";"1";""
"202100014522";"175Â 750";"B01";"1";"7";"0";"2";"8";"15";"1";""
"202100014522";"175Â 751";"A01";"1";"31";"0";"2";"2";"17";"1";""
"202100014523";"175Â 748";"C01";"1";"7";"0";"1";"2";"1";"1";""
"202100014523";"175Â 749";"B01";"1";"10";"0";"2";"1";"1";"1";""
"202100014524";"175Â 746";"B01";"1";"32";"0";"2";"2";"3";"1";""
"202100014524";"175Â 747";"A01";"1";"7";"0";"2";"6";"11";"1";""
"202100014525";"175Â 743";"C01";"2";"7";"0";"2";"4";"1";"1";""
"202100014525";"175Â 744";"B01";"2";"31";"0";"2";"8";"1";"1";""
"202100014525";"175Â 745";"A01";"2";"7";"0";"2";"7";"12";"1";""
"202100014526";"175Â 741";"A01";"2";"10";"0";"2";"4";"12";"1";""
"202100014526";"175Â 742";"B01";"2";"33";"0";"2";"1";"1";"1";""
"202100014527";"175Â 739";"B01";"1";"7";"0";"2";"6";"11";"1";""
"202100014527";"175Â 740";"A01";"1";"43";"0";"2";"1";"3";"1";""
"202100014528";"175Â 737";"B01";"1";"7";"0";"2";"5";"2";"1";""
"202100014528";"175Â 738";"A01";"1";"33";"0";"2";"1";"2";"1";""
"202100014529";"175Â 735";"B01";"1";"33";"0";"2";"3";"3";"1";""
"202100014529";"175Â 736";"A01";"1";"7";"0";"2";"2";"12";"1";""
"202100014530";"175Â 734";"A01";"1";"33";"0";"0";"0";"1";"1";""
"202100014531";"175Â 732";"A01";"2";"0";"0";"2";"0";"0";"0";""
"202100014531";"175Â 733";"B01";"2";"33";"0";"2";"2";"3";"1";""
"202100014532";"175Â 730";"A01";"2";"32";"0";"2";"3";"11";"1";""
"202100014532";"175Â 731";"B01";"2";"7";"0";"2";"5";"1";"1";""
"202100014533";"175Â 728";"B01";"1";"7";"0";"2";"8";"11";"1";""
"202100014533";"175Â 729";"A01";"1";"33";"0";"2";"7";"1";"1";""
"202100014534";"175Â 727";"A01";"1";"33";"0";"2";"8";"3";"1";""
"202100014535";"175Â 725";"A01";"2";"31";"0";"2";"1";"3";"1";""
"202100014535";"175Â 726";"B01";"2";"7";"0";"2";"4";"1";"1";""
"202100014536";"175Â 723";"A01";"2";"7";"0";"2";"1";"2";"1";""
"202100014536";"175Â 724";"B01";"2";"7";"0";"2";"4";"2";"1";""
"202100014537";"175Â 720";"A01";"1";"7";"0";"2";"1";"2";"1";""
"202100014537";"175Â 721";"B01";"1";"7";"0";"2";"4";"2";"1";""
"202100014537";"175Â 722";"C01";"1";"7";"0";"2";"4";"2";"1";""
"202100014538";"175Â 718";"A01";"2";"33";"0";"2";"1";"0";"1";""
"202100014538";"175Â 719";"B01";"2";"7";"0";"2";"4";"2";"1";""
"202100014539";"175Â 715";"A01";"1";"10";"0";"2";"8";"11";"1";""
"202100014539";"175Â 716";"B01";"1";"7";"0";"2";"7";"1";"1";""
"202100014539";"175Â 717";"C01";"1";"7";"0";"2";"8";"1";"2";""
"202100014540";"175Â 713";"A01";"1";"7";"0";"2";"5";"26";"1";""
"202100014540";"175Â 714";"B01";"1";"7";"0";"2";"1";"9";"1";""
"202100014541";"175Â 712";"A01";"3";"7";"0";"1";"1";"1";"1";""
"202100014542";"175Â 708";"B01";"2";"7";"0";"2";"1";"1";"1";""
"202100014542";"175Â 709";"A01";"1";"33";"0";"2";"0";"0";"1";""
"202100014543";"175Â 706";"A01";"2";"7";"0";"2";"1";"13";"1";""
"202100014543";"175Â 707";"B01";"1";"7";"0";"2";"3";"1";"1";""
"202100014544";"175Â 704";"A01";"2";"7";"0";"2";"8";"15";"1";""
"202100014544";"175Â 705";"B01";"2";"31";"0";"2";"2";"1";"1";""
"202100014545";"175Â 703";"A01";"1";"10";"0";"1";"7";"1";"1";""
"202100014546";"175Â 701";"A01";"1";"7";"0";"2";"1";"2";"1";""
"202100014546";"175Â 702";"B01";"3";"7";"0";"2";"4";"2";"1";""
"202100014547";"175Â 700";"A01";"1";"34";"5";"0";"1";"20";"1";""
"202100014548";"175Â 699";"A01";"1";"7";"0";"1";"1";"15";"1";""
"202100014549";"175Â 697";"B01";"1";"7";"0";"2";"4";"2";"1";""
"202100014549";"175Â 698";"A01";"1";"7";"0";"2";"4";"2";"1";""
"202100014550";"175Â 695";"A01";"2";"15";"0";"2";"7";"15";"1";""
"202100014550";"175Â 696";"B01";"1";"33";"0";"2";"1";"1";"1";""
"202100014551";"175Â 693";"A01";"3";"7";"0";"2";"4";"1";"1";""
"202100014551";"175Â 694";"B01";"3";"31";"0";"2";"1";"1";"1";""
"202100014552";"175Â 691";"B01";"1";"7";"0";"2";"2";"1";"1";""
"202100014552";"175Â 692";"A01";"2";"1";"0";"2";"1";"13";"5";""
"202100014553";"175Â 690";"A01";"2";"33";"0";"0";"0";"15";"1";""
"202100014554";"175Â 687";"A01";"3";"7";"0";"2";"2";"1";"1";""
"202100014554";"175Â 688";"B01";"3";"1";"0";"2";"1";"19";"5";""
"202100014554";"175Â 689";"C01";"3";"7";"0";"2";"6";"1";"2";""
"202100014555";"175Â 686";"A01";"1";"7";"9";"0";"2";"14";"1";""
"202100014556";"175Â 685";"A01";"3";"7";"6";"0";"0";"1";"1";""
"202100014557";"175Â 683";"A01";"2";"7";"0";"2";"2";"16";"1";""
"202100014557";"175Â 684";"B01";"2";"7";"0";"2";"8";"7";"1";""
"202100014558";"175Â 682";"A01";"3";"14";"0";"1";"5";"26";"1";""
"202100014559";"175Â 681";"A01";"0";"7";"4";"0";"1";"13";"1";""
"202100014560";"175Â 679";"B01";"1";"7";"0";"2";"6";"15";"1";""
"202100014560";"175Â 680";"A01";"1";"33";"0";"2";"2";"17";"1";""
"202100014561";"175Â 677";"B01";"2";"10";"0";"2";"6";"1";"1";""
"202100014561";"175Â 678";"A01";"1";"7";"14";"2";"3";"1";"1";""
"202100014562";"175Â 676";"A01";"3";"7";"0";"1";"1";"1";"1";""
"202100014563";"175Â 674";"A01";"3";"33";"0";"2";"7";"0";"1";""
"202100014563";"175Â 675";"B01";"3";"7";"0";"2";"1";"1";"1";""
"202100014564";"175Â 672";"A01";"3";"7";"0";"2";"6";"19";"1";""
"202100014564";"175Â 673";"B01";"3";"2";"0";"2";"1";"1";"1";""
"202100014565";"175Â 671";"A01";"2";"10";"0";"1";"4";"4";"1";""