"Num_Acc";"id_vehicule";"num_veh";"senc";"catv";"obs";"obsm";"choc";"manv";"motor";"occutc"
"202100014566";"175Â 669";"B01";"3";"2";"0";"2";"7";"17";"1";""
"202100014566";"175Â 670";"A01";"3";"7";"0";"2";"1";"1";"1";""
"202100014567";"175Â 668";"A01";"1";"7";"0";"1";"3";"11";"1";""
"202100014568";"175Â 667";"A01";"1";"30";"0";"0";"0";"0";"1";""
"202100014569";"175Â 666";"A01";"2";"7";"0";"1";"2";"1";"1";""
"202100014570";"175Â 664";"B01";"3";"33";"0";"2";"3";"1";"1";""
"202100014570";"175Â 665";"A01";"3";"7";"1";"2";"2";"9";"1";""
"202100014571";"175Â 663";"A01";"1";"7";"0";"1";"1";"1";"1";""
"202100014572";"175Â 660";"A01";"3";"1";"0";"2";"1";"17";"0";""
"202100014572";"175Â 661";"B01";"3";"10";"0";"2";"8";"1";"1";""
"202100014573";"175Â 659";"A01";"3";"10";"0";"0";"0";"0";"1";""
"202100014574";"175Â 658";"A01";"0";"7";"0";"1";"3";"15";"1";""
"202100014575";"175Â 656";"B01";"2";"30";"0";"2";"1";"1";"1";""
"202100014575";"175Â 657";"A01";"1";"7";"0";"2";"2";"15";"1";""
"202100014576";"175Â 654";"B01";"3";"99";"0";"2";"1";"17";"0";""
"202100014576";"175Â 655";"A01";"3";"10";"0";"2";"6";"16";"0";""
"202100014577";"175Â 652";"B01";"2";"32";"0";"2";"8";"1";"1";""
"202100014577";"175Â 653";"A01";"2";"7";"0";"2";"2";"1";"1";""
"202100014578";"175Â 650";"A01";"3";"7";"0";"2";"1";"16";"1";""
"202100014578";"175Â 651";"B01";"3";"1";"0";"2";"2";"5";"5";""
"202100014579";"175Â 648";"A01";"3";"50";"0";"2";"1";"0";"3";""
"202100014579";"175Â 649";"B01";"3";"7";"0";"9";"1";"16";"1";""
"202100014580";"175Â 646";"B01";"2";"7";"1";"2";"3";"1";"1";""
"202100014580";"175Â 647";"A01";"1";"7";"0";"2";"2";"10";"1";""
"202100014581";"175Â 645";"A01";"3";"1";"8";"0";"1";"26";"5";""
"202100014582";"175Â 644";"A01";"1";"7";"0";"1";"1";"1";"1";""
"202100014583";"175Â 642";"B01";"2";"1";"0";"2";"0";"1";"5";""
"202100014583";"175Â 643";"A01";"1";"10";"0";"2";"3";"16";"1";""
"202100014584";"175Â 640";"Z01";"2";"31";"0";"2";"0";"0";"0";""
"202100014584";"175Â 641";"A01";"1";"31";"0";"2";"0";"5";"1";""
"202100014585";"175Â 638";"A01";"1";"7";"0";"2";"2";"2";"1";""
"202100014585";"175Â 639";"B01";"1";"1";"0";"2";"0";"2";"5";""
"202100014586";"175Â 637";"A01";"2";"7";"0";"1";"1";"16";"1";""
"202100014587";"175Â 636";"A01";"2";"7";"0";"1";"1";"1";"1";""
"202100014588";"175Â 635";"A01";"3";"7";"0";"1";"1";"1";"1";""
"202100014589";"175Â 633";"A01";"1";"7";"0";"2";"8";"19";"1";""
"202100014589";"175Â 634";"B01";"1";"7";"0";"2";"1";"1";"1";""
"202100014590";"175Â 632";"A01";"2";"7";"1";"0";"0";"1";"1";""
"202100014591";"175Â 631";"A01";"1";"7";"0";"1";"4";"20";"0";""
"202100014592";"175Â 629";"B01";"3";"1";"0";"2";"3";"13";"5";""
"202100014592";"175Â 630";"A01";"1";"7";"0";"2";"2";"15";"3";""
"202100014593";"175Â 628";"A01";"1";"7";"0";"0";"0";"14";"1";""
"202100014594";"175Â 626";"A01";"1";"7";"0";"2";"2";"19";"1";""
"202100014594";"175Â 627";"B01";"1";"10";"0";"2";"3";"1";"1";""
"202100014595";"175Â 624";"B01";"2";"1";"0";"2";"1";"1";"5";""
"202100014595";"175Â 625";"A01";"2";"7";"0";"2";"3";"9";"1";""
"202100014596";"175Â 623";"A01";"2";"7";"0";"1";"1";"17";"1";""
"202100014597";"175Â 622";"A01";"0";"7";"0";"1";"1";"16";"1";""
"202100014598";"175Â 621";"A01";"2";"7";"0";"1";"3";"9";"1";""
"202100014599";"175Â 619";"A01";"2";"60";"0";"2";"1";"19";"5";""
"202100014599";"175Â 620";"B01";"2";"7";"0";"2";"2";"2";"1";""
"202100014600";"175Â 617";"B01";"2";"1";"0";"2";"1";"2";"5";""
"202100014600";"175Â 618";"A01";"2";"7";"0";"2";"3";"9";"1";""
"202100014601";"175Â 616";"A01";"1";"13";"0";"1";"6";"4";"1";""
"202100014602";"175Â 615";"A01";"2";"7";"0";"1";"1";"1";"1";""
"202100014603";"175Â 613";"B01";"2";"7";"0";"2";"8";"15";"1";""
"202100014603";"175Â 614";"A01";"2";"10";"0";"2";"1";"18";"1";""
"202100014604";"175Â 611";"A01";"1";"7";"0";"2";"7";"1";"1";""
"202100014604";"175Â 612";"B01";"1";"1";"0";"2";"1";"1";"5";""
"202100014605";"175Â 607";"B01";"3";"50";"0";"2";"7";"25";"3";""
"202100014605";"175Â 608";"A01";"3";"7";"0";"2";"1";"1";"1";""
"202100014606";"175Â 606";"A01";"3";"30";"11";"0";"1";"7";"1";""
"202100014607";"175Â 604";"A01";"1";"7";"3";"2";"1";"1";"1";""
"202100014607";"175Â 605";"B01";"1";"10";"0";"2";"4";"2";"1";""
"202100014608";"175Â 602";"B01";"1";"7";"0";"2";"2";"1";"1";""
"202100014608";"175Â 603";"A01";"3";"1";"0";"2";"8";"1";"5";""
"202100014609";"175Â 600";"B01";"1";"80";"0";"2";"4";"15";"3";""
"202100014609";"175Â 601";"A01";"1";"7";"0";"2";"2";"17";"1";""
"202100014610";"175Â 599";"A01";"2";"7";"0";"1";"1";"1";"1";""
"202100014611";"175Â 597";"A01";"1";"10";"0";"2";"7";"15";"1";""
"202100014611";"175Â 598";"B01";"2";"33";"0";"2";"1";"1";"1";""
"202100014612";"175Â 595";"A01";"3";"60";"0";"0";"0";"26";"5";""
"202100014613";"175Â 593";"A01";"3";"7";"0";"2";"8";"26";"1";""
"202100014613";"175Â 594";"B01";"3";"33";"0";"2";"0";"0";"1";""
"202100014614";"175Â 592";"A01";"2";"32";"0";"1";"2";"2";"1";""
"202100014615";"175Â 590";"B01";"3";"7";"0";"2";"4";"1";"1";""
"202100014615";"175Â 591";"A01";"1";"50";"0";"2";"1";"2";"3";""
"202100014616";"175Â 589";"A01";"3";"7";"0";"1";"1";"0";"1";""
"202100014617";"175Â 587";"A01";"3";"7";"0";"2";"4";"2";"1";""
"202100014617";"175Â 588";"B01";"3";"7";"15";"2";"0";"0";"1";""
"202100014618";"175Â 585";"A01";"3";"7";"0";"2";"2";"2";"1";""
"202100014618";"175Â 586";"B01";"3";"32";"0";"2";"9";"1";"1";""
"202100014619";"175Â 583";"A01";"1";"30";"1";"0";"1";"13";"1";""
"202100014619";"175Â 584";"B01";"1";"10";"0";"2";"4";"26";"1";""
"202100014620";"175Â 581";"B01";"3";"31";"0";"2";"7";"1";"1";""
"202100014620";"175Â 582";"A01";"3";"7";"0";"2";"3";"26";"1";""
"202100014621";"175Â 579";"A01";"3";"7";"0";"2";"1";"15";"1";""
"202100014621";"175Â 580";"B01";"3";"7";"0";"2";"1";"1";"1";""
"202100014622";"175Â 575";"A01";"1";"7";"1";"0";"1";"17";"1";""
"202100014622";"175Â 576";"B01";"2";"7";"0";"2";"1";"1";"1";""
"202100014622";"175Â 577";"C01";"0";"7";"1";"0";"6";"23";"1";""
"202100014622";"175Â 578";"D01";"1";"7";"1";"0";"3";"23";"1";""
"202100014623";"175Â 573";"B01";"1";"7";"0";"2";"4";"2";"1";""
"202100014623";"175Â 574";"A01";"1";"7";"0";"2";"1";"2";"1";""
"202100014624";"175Â 572";"A01";"1";"7";"0";"1";"3";"19";"1";""
"202100014625";"175Â 570";"B01";"2";"10";"0";"2";"1";"1";"1";""
"202100014625";"175Â 571";"A01";"1";"7";"0";"2";"1";"13";"1";""
"202100014626";"175Â 568";"A01";"2";"7";"0";"2";"2";"15";"1";""
"202100014626";"175Â 569";"B01";"1";"7";"0";"2";"1";"1";"1";""
"202100014627";"175Â 567";"A01";"2";"33";"0";"0";"3";"3";"1";""
"202100014628";"175Â 566";"A01";"2";"32";"0";"0";"0";"3";"1";""
"202100014629";"175Â 565";"A01";"1";"33";"14";"0";"1";"14";"1";""
"202100014630";"175Â 563";"B01";"1";"1";"0";"2";"1";"1";"5";""
"202100014630";"175Â 564";"A01";"1";"10";"0";"2";"6";"22";"1";""
"202100014631";"175Â 561";"B01";"2";"33";"0";"2";"4";"2";"1";""
"202100014631";"175Â 562";"A01";"2";"33";"0";"2";"1";"2";"1";""
"202100014632";"175Â 560";"A01";"1";"80";"0";"1";"1";"5";"3";""
"202100014633";"175Â 558";"B01";"2";"31";"0";"2";"7";"1";"1";""
"202100014633";"175Â 559";"A01";"2";"7";"0";"2";"7";"15";"1";""
"202100014634";"175Â 556";"B01";"1";"7";"0";"2";"3";"15";"1";""
"202100014634";"175Â 557";"A01";"1";"32";"0";"2";"5";"17";"1";""
"202100014635";"175Â 554";"B01";"2";"1";"0";"2";"1";"1";"5";""
"202100014635";"175Â 555";"A01";"2";"7";"0";"2";"3";"22";"1";""
"202100014636";"175Â 552";"B01";"1";"80";"0";"2";"8";"19";"3";""
"202100014636";"175Â 553";"A01";"1";"7";"0";"2";"1";"7";"1";""
"202100014637";"175Â 550";"B01";"1";"32";"0";"2";"3";"1";"1";""
"202100014637";"175Â 551";"A01";"2";"7";"0";"2";"1";"15";"1";""
"202100014638";"175Â 548";"B01";"1";"1";"0";"2";"4";"1";"5";""
"202100014638";"175Â 549";"A01";"1";"30";"0";"2";"1";"17";"1";""
"202100014639";"175Â 546";"A01";"2";"32";"0";"2";"1";"17";"1";""
"202100014639";"175Â 547";"B01";"2";"7";"0";"2";"3";"15";"1";""
"202100014640";"175Â 544";"Z01";"1";"50";"0";"2";"1";"13";"3";""
"202100014640";"175Â 545";"A01";"2";"1";"0";"2";"1";"1";"5";""
"202100014641";"175Â 542";"A01";"2";"7";"0";"2";"1";"15";"1";""
"202100014641";"175Â 543";"B01";"1";"1";"0";"2";"3";"7";"5";""
"202100014642";"175Â 540";"B01";"2";"7";"14";"2";"1";"15";"1";""
"202100014642";"175Â 541";"A01";"1";"33";"0";"2";"2";"0";"1";""
"202100014643";"175Â 538";"B01";"3";"7";"0";"2";"4";"26";"1";""
"202100014643";"175Â 539";"A01";"2";"10";"0";"2";"1";"26";"1";""
"202100014644";"175Â 537";"A01";"1";"7";"0";"1";"3";"5";"1";""
"202100014645";"175Â 535";"B01";"2";"33";"0";"2";"4";"23";"1";""
"202100014645";"175Â 536";"A01";"2";"33";"0";"2";"1";"1";"1";""
"202100014646";"175Â 533";"A01";"1";"7";"1";"0";"3";"15";"1";""
"202100014646";"175Â 534";"B01";"1";"7";"1";"0";"8";"23";"1";""
"202100014647";"175Â 531";"B01";"1";"2";"0";"2";"7";"17";"1";""
"202100014647";"175Â 532";"A01";"1";"7";"0";"2";"8";"26";"1";""
"202100014648";"175Â 530";"A01";"2";"7";"0";"1";"1";"1";"1";""
"202100014649";"175Â 528";"B01";"2";"1";"0";"2";"0";"0";"6";""
"202100014649";"175Â 529";"A01";"2";"7";"0";"2";"6";"16";"0";""
"202100014650";"175Â 527";"A01";" -1";"32";"0";"1";"1";"3";"1";""
"202100014651";"175Â 523";"A01";"1";"7";"0";"2";"1";"26";"1";""
"202100014651";"175Â 524";"B01";"1";"7";"0";"2";"4";"2";"1";""
"202100014651";"175Â 525";"C01";"1";"7";"0";"2";"4";"0";"1";""
"202100014651";"175Â 526";"D01";"1";"10";"0";"2";"4";"0";"1";""
"202100014652";"175Â 521";"A01";"2";"7";"0";"2";"3";"15";"2";""
"202100014652";"175Â 522";"B01";"1";"80";"0";"2";"1";"0";"3";""
"202100014653";"175Â 520";"A01";"2";"7";"0";"1";"3";"15";"1";""
"202100014654";"175Â 518";"B01";"2";"20";"0";"2";"2";"15";"1";""
"202100014654";"175Â 519";"A01";"1";"7";"0";"2";"3";"1";"1";""
"202100014655";"175Â 517";"A01";"1";"7";"0";"1";"7";"17";"1";""
"202100014656";"175Â 516";"A01";"2";"7";"0";"1";"3";"2";"1";""
"202100014657";"175Â 515";"A01";"0";"7";"0";"1";"3";"16";"0";""
"202100014658";"175Â 513";"B01";" -1";"7";"0";"2";"0";"16";"1";""
"202100014658";"175Â 514";"A01";" -1";"33";"0";"2";"0";"1";"1";""
"202100014659";"175Â 511";"B01";"1";"7";"0";"2";"8";"1";"2";""
"202100014659";"175Â 512";"A01";"1";"7";"0";"2";"1";"1";"1";""
"202100014660";"175Â 509";"A01";"3";"7";"0";"2";"1";"15";"1";""
"202100014660";"175Â 510";"B01";"3";"31";"0";"2";"3";"1";"1";""
"202100014661";"175Â 508";"A01";"3";"7";"12";"0";"1";"26";"1";""
"202100014662";"175Â 507";"A01";"0";"7";"0";"1";"2";"19";"0";""
"202100014663";"175Â 506";"A01";"1";"10";"16";"1";"4";"4";"1";""
"202100014664";"175Â 504";"A01";"2";"34";"0";"2";"2";"14";"1";""
"202100014664";"175Â 505";"B01";"2";"1";"0";"2";"1";"1";"5";""
"202100014665";"175Â 502";"B01";"1";"2";"0";"2";"2";"2";"1";""
"202100014665";"175Â 503";"A01";"1";"7";"0";"2";"3";"26";"1";""
"202100014666";"175Â 500";"B01";"1";"1";"1";"0";"7";"17";"5";""
"202100014666";"175Â 501";"A01";"1";"7";"0";"2";"3";"22";"1";""
"202100014667";"175Â 499";"A01";"3";"10";"0";"1";"2";"1";"1";""
"202100014668";"175Â 497";"B01";"1";"7";"0";"2";"3";"1";"1";""
"202100014668";"175Â 498";"A01";"2";"33";"0";"2";"9";"21";"1";""
"202100014669";"175Â 495";"B01";"1";"7";"0";"2";"1";"1";"1";""
"202100014669";"175Â 496";"A01";"2";"7";"0";"2";"1";"13";"1";""
"202100014670";"175Â 489";"A01";"1";"7";"0";"2";"1";"15";"2";""
"202100014670";"175Â 490";"B01";"2";"31";"0";"2";"1";"1";"1";""
"202100014671";"175Â 488";"A01";"3";"7";"0";"1";"3";"1";"1";""
"202100014672";"175Â 486";"A01";"1";"7";"0";"2";"5";"12";"1";""
"202100014672";"175Â 487";"B01";"1";"10";"0";"2";"3";"1";"1";""
"202100014673";"175Â 485";"A01";"0";"7";"6";"0";"1";"1";"1";""
"202100014674";"175Â 483";"B01";"3";"1";"0";"2";"1";"19";"6";""
"202100014674";"175Â 484";"A01";"3";"7";"0";"2";"3";"1";"1";""
"202100014675";"175Â 481";"B01";"2";"7";"4";"2";"4";"1";"1";""
"202100014675";"175Â 482";"A01";"2";"7";"0";"2";"1";"2";"1";""
"202100014676";"175Â 479";"A01";"2";"7";"0";"2";"7";"17";"1";""
"202100014676";"175Â 480";"B01";"2";"7";"0";"2";"1";"1";"1";""
"202100014677";"175Â 477";"A01";"2";"33";"0";"2";"7";"17";"1";""
"202100014677";"175Â 478";"B01";"2";"7";"0";"2";"8";"17";"1";""
"202100014678";"175Â 475";"B01";"0";"33";"0";"2";"1";"1";"1";""
"202100014678";"175Â 476";"A01";"3";"7";"0";"2";"8";"15";"1";""
"202100014679";"175Â 473";"A01";"1";"7";"0";"2";"1";"1";"1";""
"202100014679";"175Â 474";"B01";"2";"30";"0";"2";"1";"1";"1";""
"202100014680";"175Â 472";"A01";"1";"33";"0";"6";"1";"0";"1";""
"202100014681";"175Â 470";"B01";"2";"7";"0";"2";"3";"1";"1";""
"202100014681";"175Â 471";"A01";"1";"17";"0";"2";"3";"1";"1";""
"202100014682";"175Â 468";"A01";"2";"10";"0";"9";"2";"21";"1";""
"202100014682";"175Â 469";"B01";"2";"1";"0";"2";"0";"1";"5";""
"202100014683";"175Â 466";"A01";"2";"7";"0";"1";"2";"2";"1";""
"202100014684";"175Â 464";"B01";"2";"7";"6";"0";"4";"16";"1";""
"202100014684";"175Â 465";"A01";"2";"10";"0";"2";"1";"1";"1";""
"202100014685";"175Â 463";"A01";"2";"7";"12";"1";"3";"19";"0";""
"202100014686";"175Â 461";"A01";"2";"2";"0";"2";"2";"13";"1";""
"202100014686";"175Â 462";"B01";"2";"7";"0";"2";"8";"15";"1";""
"202100014687";"175Â 460";"A01";"1";"7";"13";"0";"3";"1";"1";""
"202100014688";"175Â 458";"A01";"2";"10";"0";"2";"2";"15";"1";""
"202100014688";"175Â 459";"B01";"1";"33";"0";"2";"1";"1";"1";""
"202100014689";"175Â 456";"A01";"1";"7";"0";"2";"3";"10";"1";""
"202100014689";"175Â 457";"B01";"1";"2";"0";"2";"1";"1";"1";""
"202100014690";"175Â 454";"B01";"2";"7";"0";"2";"1";"1";"1";""
"202100014690";"175Â 455";"A01";"1";"7";"0";"2";"1";"13";"1";""
"202100014691";"175Â 452";"B01";"1";"33";"0";"2";"1";"1";"1";""
"202100014691";"175Â 453";"A01";"0";"7";"0";"2";"2";"15";"1";""
"202100014692";"175Â 451";"A01";"2";"31";"0";"6";"1";"2";"1";""
"202100014693";"175Â 450";"A01";"2";"7";"6";"0";"1";"1";"1";""
"202100014694";"175Â 449";"A01";"3";"7";"6";"0";"1";"1";"1";""
"202100014695";"175Â 448";"A01";"2";"7";"0";"2";"1";"1";"1";""
"202100014696";"175Â 446";"B01";"0";"10";"0";"2";"3";"1";"1";""
"202100014696";"175Â 447";"A01";"0";"7";"0";"2";"1";"13";"1";""
"202100014697";"175Â 444";"A01";"3";"2";"16";"0";"1";"21";"1";""
"202100014697";"175Â 445";"B01";"3";"7";"0";"0";"0";"0";"1";""
"202100014698";"175Â 443";"A01";"1";"7";"2";"0";"1";"2";"1";""
"202100014699";"175Â 440";"A01";"1";"17";"0";"2";"1";"1";"1";""
"202100014699";"175Â 441";"B01";"2";"3";"0";"2";"1";"13";"1";""
"202100014700";"175Â 437";"B01";"2";"7";"0";"2";"8";"1";"1";""
"202100014700";"175Â 438";"C01";"2";"7";"0";"2";"3";"1";"1";""
"202100014700";"175Â 439";"A01";"1";"7";"16";"2";"3";"13";"1";""
"202100014701";"175Â 435";"B01";"2";"17";"0";"2";"3";"1";"1";""
"202100014701";"175Â 436";"A01";"1";"7";"0";"2";"3";"13";"1";""
"202100014702";"175Â 431";"B01";"1";"7";"0";"2";"2";"2";"1";""
"202100014702";"175Â 432";"A01";"1";"7";"4";"2";"6";"11";"1";""
"202100014703";"175Â 429";"A01";"1";"15";"0";"0";"5";"1";"0";""
"202100014703";"175Â 430";"B01";"1";"17";"0";"2";"3";"1";"1";""
"202100014704";"175Â 428";"A01";"1";"50";"0";"0";"2";"1";"3";""
"202100014705";"175Â 427";"A01";"1";"7";"0";"1";"3";"15";"6";""
"202100014706";"175Â 426";"A01";"2";"7";"0";"1";"2";"23";"1";""
"202100014707";"175Â 424";"A01";"1";"33";"0";"2";"9";"13";"1";""
"202100014707";"175Â 425";"B01";"2";"10";"0";"2";"3";"1";"1";""
"202100014708";"175Â 422";"B01";"1";"33";"0";"2";"7";"1";"1";""
"202100014708";"175Â 423";"A01";"1";"7";"0";"2";"3";"11";"1";""
"202100014709";"175Â 420";"B01";"2";"13";"0";"2";"3";"1";"1";""
"202100014709";"175Â 421";"A01";"1";"7";"0";"2";"3";"13";"1";""
"202100014710";"175Â 418";"A01";"1";"7";"0";"2";"1";"1";"1";""
"202100014710";"175Â 419";"B01";"1";"1";"0";"2";"4";"1";"5";""
"202100014711";"175Â 417";"A01";"2";"10";"0";"1";"1";"1";"1";""
"202100014712";"175Â 416";"A01";"2";"33";"3";"0";"2";"1";"1";""
"202100014713";"175Â 415";"A01";"3";"7";"0";"0";"0";"1";"1";""
"202100014714";"175Â 414";"A01";"1";"2";"0";"0";"0";"1";"1";""
"202100014715";"175Â 412";"B01";"3";"31";"0";"2";"1";"1";"1";""
"202100014715";"175Â 413";"A01";"3";"7";"0";"2";"2";"15";"1";""
"202100014716";"175Â 410";"A01";"1";"33";"0";"2";"1";"17";"1";""
"202100014716";"175Â 411";"B01";"1";"7";"0";"2";"8";"15";"1";""
"202100014717";"175Â 408";"A01";"1";"7";"3";"2";"8";"19";"1";""
"202100014717";"175Â 409";"B01";"1";"7";"0";"2";"3";"19";"1";""
"202100014718";"175Â 405";"A01";"1";"7";"0";"2";"1";"1";"1";""
"202100014718";"175Â 406";"B01";"1";"7";"0";"2";"4";"23";"1";""
"202100014718";"175Â 407";"C01";"1";"7";"0";"2";"4";"23";"1";""
"202100014719";"175Â 404";"A01";"2";"7";"0";"0";"0";"1";"1";""
"202100014720";"175Â 403";"A01";"2";"7";"0";"0";"0";"24";"1";""
"202100014721";"175Â 402";"A01";"1";"7";"4";"0";"9";"26";"1";""
"202100014722";"175Â 399";"A01";"1";"7";"0";"2";"4";"2";"1";""
"202100014722";"175Â 400";"B01";"1";"7";"0";"2";"4";"2";"1";""
"202100014722";"175Â 401";"C01";"1";"13";"0";"2";"1";"2";"1";""
"202100014723";"175Â 397";"A01";"2";"7";"0";"2";"2";"17";"1";""
"202100014723";"175Â 398";"B01";"2";"38";"0";"2";"3";"1";"1";"1"
"202100014724";"175Â 395";"B01";"1";"7";"0";"2";"1";"2";"3";""
"202100014724";"175Â 396";"A01";"1";"32";"0";"2";"4";"2";"1";""
"202100014725";"175Â 393";"B01";"1";"7";"0";"2";"4";"1";"1";""
"202100014725";"175Â 394";"A01";"1";"7";"0";"2";"1";"1";"1";""
"202100014726";"175Â 391";"B01";"2";"7";"0";"2";"4";"2";"1";""
"202100014726";"175Â 392";"A01";"2";"10";"0";"2";"1";"2";"1";""
"202100014727";"175Â 388";"C01";"2";"7";"4";"2";"1";"1";"1";""
"202100014727";"175Â 389";"A01";"2";"10";"0";"2";"7";"14";"1";""
"202100014727";"175Â 390";"B01";"2";"7";"0";"2";"8";"1";"1";""
"202100014728";"175Â 386";"B01";"1";"7";"3";"0";"1";"13";"1";""
"202100014728";"175Â 387";"A01";"1";"17";"0";"2";"2";"21";"1";""
"202100014729";"175Â 383";"A01";"1";"17";"0";"2";"2";"2";"1";""
"202100014729";"175Â 384";"B01";"1";"7";"0";"2";"4";"2";"1";""
"202100014729";"175Â 385";"C01";"1";"7";"0";"2";"5";"2";"1";""
"202100014730";"175Â 381";"A01";"1";"7";"0";"2";"2";"0";"1";""
"202100014730";"175Â 382";"B01";"1";"31";"6";"0";"3";"0";"1";""
"202100014731";"175Â 377";"D01";"1";"7";"0";"2";"4";"23";"1";""
"202100014731";"175Â 378";"A01";"1";"7";"0";"2";"1";"1";"1";""
"202100014731";"175Â 379";"B01";"1";"7";"0";"2";"4";"23";"1";""
"202100014731";"175Â 380";"C01";"1";"7";"0";"2";"4";"23";"1";""
"202100014732";"175Â 375";"B01";"1";"7";"0";"2";"4";"1";"1";""
"202100014732";"175Â 376";"A01";"1";"7";"0";"2";"1";"1";"1";""
"202100014733";"175Â 373";"B01";"2";"7";"4";"2";"2";"1";"1";""
"202100014733";"175Â 374";"A01";"2";"7";"3";"2";"3";"18";"1";""
"202100014734";"175Â 372";"A01";"1";"7";"0";"0";"0";"26";"1";""
"202100014735";"175Â 370";"B01";"2";"7";"0";"2";"4";"1";"1";""
"202100014735";"175Â 371";"A01";"2";"33";"0";"2";"1";"3";"1";""
"202100014736";"175Â 368";"B01";"2";"7";"0";"2";"4";"1";"1";""
"202100014736";"175Â 369";"A01";"2";"34";"0";"2";"1";"3";"1";""
"202100014737";"175Â 366";"B01";"2";"7";"0";"2";"4";"11";"1";""
"202100014737";"175Â 367";"A01";"2";"43";"0";"2";"1";"3";"1";""
"202100014738";"175Â 364";"B01";"1";"33";"0";"2";"8";"2";"1";""
"202100014738";"175Â 365";"A01";"1";"7";"0";"2";"0";"12";"1";""
"202100014739";"175Â 362";"A01";"2";"15";"0";"0";"0";"26";"1";""
"202100014739";"175Â 363";"B01";"2";"7";"0";"0";"0";"0";"1";""
"202100014740";"175Â 360";"A01";"2";"10";"0";"2";"1";"2";"1";""
"202100014740";"175Â 361";"B01";"2";"7";"0";"2";"4";"2";"1";""
"202100014741";"175Â 359";"A01";"1";"7";"4";"0";"9";"26";"1";""
"202100014742";"175Â 357";"B01";"1";"10";"0";"2";"4";"1";"1";""
"202100014742";"175Â 358";"A01";"1";"33";"0";"2";"9";"1";"1";""
"202100014743";"175Â 355";"B01";"2";"33";"0";"2";"2";"2";"1";""
"202100014743";"175Â 356";"A01";"2";"7";"0";"2";"3";"11";"1";""
"202100014744";"175Â 353";"A01";"2";"10";"0";"2";"4";"11";"1";""
"202100014744";"175Â 354";"B01";"2";"33";"0";"2";"1";"3";"1";""
"202100014745";"175Â 352";"A01";"2";"33";"0";"2";"0";"3";"0";""
"202100014746";"175Â 350";"A01";"2";"17";"0";"2";"2";"12";"1";""
"202100014746";"175Â 351";"B01";"2";"7";"0";"2";"6";"1";"1";""
"202100014747";"175Â 348";"A01";"2";"7";"2";"2";"8";"12";"1";""
"202100014747";"175Â 349";"B01";"2";"14";"0";"2";"2";"12";"1";""
"202100014748";"175Â 346";"A01";"1";"10";"0";"2";"4";"1";"1";""
"202100014748";"175Â 347";"B01";"1";"10";"0";"2";"4";"1";"1";""
"202100014749";"175Â 345";"A01";"0";"0";"0";"1";"0";"0";" -1";""
"202100014750";"175Â 344";"A01";"1";"7";"0";"1";"3";"1";"3";""
"202100014751";"175Â 343";"A01";"3";"7";"0";"1";"0";"15";"1";""
"202100014752";"175Â 342";"A01";"3";"7";"0";"1";"4";"20";"1";""
"202100014753";"175Â 341";"A01";"2";"7";"0";"1";"3";"1";"1";""
"202100014754";"175Â 338";"A01";"1";"33";"0";"2";"1";"2";"1";""
"202100014754";"175Â 339";"B01";"1";"33";"0";"2";"4";"1";"1";""
"202100014754";"175Â 340";"C01";"1";"7";"0";"2";"6";"1";"1";""
"202100014755";"175Â 336";"A01";"3";"10";"0";"2";"3";"15";"1";""
"202100014755";"175Â 337";"B01";"1";"30";"0";"2";"1";"2";"1";""
"202100014756";"175Â 335";"A01";"3";"32";"15";"0";"1";"17";"1";""
"202100014757";"175Â 334";"A01";"2";"30";"0";"0";"1";"14";"1";""
"202100014758";"175Â 333";"A01";"1";"2";"0";"0";"0";"1";"1";""
"202100014759";"175Â 331";"A01";"1";"7";"0";"2";"2";"10";"1";""
"202100014759";"175Â 332";"B01";"1";"37";"0";"2";"2";"1";"1";"1"
"202100014760";"175Â 330";"A01";"1";"7";"0";"1";"0";"1";"1";""
"202100014761";"175Â 328";"B01";"1";"30";"0";"2";"4";"1";"1";""
"202100014761";"175Â 329";"A01";"1";"7";"0";"2";"3";"15";"1";""
"202100014762";"175Â 326";"B01";"1";"2";"0";"2";"3";"1";"1";""
"202100014762";"175Â 327";"A01";"1";"7";"0";"2";"7";"12";"1";""
"202100014763";"175Â 324";"A01";"1";"13";"0";"2";"0";"0";"0";""
"202100014763";"175Â 325";"B01";"1";"33";"0";"2";"1";"1";"1";""
"202100014764";"175Â 323";"A01";"1";"7";"0";"1";"1";"16";"1";""
"202100014765";"175Â 322";"A01";"1";"7";"0";"1";"3";"1";"1";""
"202100014766";"175Â 319";"A01";"2";"1";"0";"2";"7";"19";"5";""
"202100014766";"175Â 320";"C01";"2";"7";"0";"2";"2";"13";"1";""
"202100014766";"175Â 321";"B01";"2";"7";"0";"2";"2";"21";"1";""
"202100014767";"175Â 318";"A01";"1";"7";"0";"1";"1";"1";"1";""
"202100014768";"175Â 317";"A01";"3";"7";"0";"1";"1";"1";"1";""
"202100014769";"175Â 316";"A01";"3";"7";"0";"1";"8";"15";"1";""
"202100014770";"175Â 314";"B01";"1";"1";"0";"2";"7";"1";"5";""
"202100014770";"175Â 315";"A01";"1";"7";"0";"2";"8";"9";"1";""
"202100014771";"175Â 312";"A01";"1";"7";"0";"2";"7";"14";"2";""
"202100014771";"175Â 313";"B01";"1";"2";"0";"2";"8";"1";"3";""