"Num_Acc";"id_vehicule";"num_veh";"senc";"catv";"obs";"obsm";"choc";"manv";"motor";"occutc"
"202100014772";"175Â 310";"A01";"1";"7";"0";"2";"1";"2";"1";""
"202100014772";"175Â 311";"B01";"1";"1";"0";"2";"4";"2";"5";""
"202100014773";"175Â 308";"A01";"1";"1";"0";"2";"4";"9";"5";""
"202100014773";"175Â 309";"B01";"1";"7";"0";"2";"6";"9";"1";""
"202100014774";"175Â 306";"B01";"2";"2";"0";"2";"1";"1";"1";""
"202100014774";"175Â 307";"A01";"2";"7";"0";"2";"4";"20";"1";""
"202100014775";"175Â 305";"A01";"1";"7";"0";"0";"0";"26";"1";""
"202100014776";"175Â 303";"B01";"1";"33";"0";"2";"1";"17";"1";""
"202100014776";"175Â 304";"A01";"1";"7";"0";"2";"8";"15";"1";""
"202100014777";"175Â 299";"A01";"3";"7";"0";"2";"4";"1";"0";""
"202100014777";"175Â 300";"D01";"3";"7";"0";"2";"1";"2";"1";""
"202100014777";"175Â 301";"C01";"3";"7";"0";"2";"4";"2";"1";""
"202100014777";"175Â 302";"B01";"3";"7";"0";"2";"4";"2";"1";""
"202100014778";"175Â 297";"A01";"3";"7";"0";"2";"1";"26";"3";""
"202100014778";"175Â 298";"B01";"3";"7";"0";"2";"3";"26";"1";""
"202100014779";"175Â 291";"B01";"3";"7";"0";"2";"1";"1";"1";""
"202100014779";"175Â 292";"A01";"3";"3";"0";"2";"1";"13";"1";""
"202100014780";"175Â 289";"B01";"1";"7";"0";"2";"3";"15";"1";""
"202100014780";"175Â 290";"A01";"2";"33";"0";"2";"1";"1";"1";""
"202100014781";"175Â 287";"A01";"2";"7";"0";"2";"1";"15";"1";""
"202100014781";"175Â 288";"B01";"2";"7";"0";"2";"1";"1";"1";""
"202100014782";"175Â 286";"A01";"1";"7";"0";"1";"3";"1";"1";""
"202100014783";"175Â 285";"A01";"1";"7";"0";"1";"1";"1";"1";""
"202100014784";"175Â 283";"A01";"2";"7";"0";"2";"1";"15";"1";""
"202100014784";"175Â 284";"B01";"1";"2";"0";"2";"1";"1";"1";""
"202100014785";"175Â 282";"A01";"0";"7";"0";"1";"1";"1";"1";""
"202100014786";"175Â 280";"B01";"1";"7";"0";"2";"4";"2";"1";""
"202100014786";"175Â 281";"A01";"1";"7";"0";"2";"1";"2";"1";""
"202100014787";"175Â 278";"A01";"1";"7";"0";"2";"1";"2";"1";""
"202100014787";"175Â 279";"B01";"1";"7";"0";"2";"4";"2";"1";""
"202100014788";"175Â 276";"A01";"2";"7";"0";"1";"3";"1";"1";""
"202100014789";"175Â 275";"A01";"1";"7";"0";"1";"1";"1";"1";""
"202100014790";"175Â 273";"B01";"1";"2";"0";"2";"7";"1";"1";""
"202100014790";"175Â 274";"A01";"1";"7";"0";"2";"1";"15";"0";""
"202100014791";"175Â 271";"A01";"2";"7";"0";"2";"1";"2";"1";""
"202100014791";"175Â 272";"B01";"2";"7";"0";"2";"4";"23";"1";""
"202100014792";"175Â 269";"B01";"3";"7";"0";"9";"1";"15";"1";""
"202100014792";"175Â 270";"A01";"3";"1";"0";"2";"1";"19";"0";""
"202100014793";"175Â 267";"B01";"2";"7";"0";"2";"2";"1";"1";""
"202100014793";"175Â 268";"A01";"1";"7";"14";"2";"1";"6";"1";""
"202100014794";"175Â 266";"A01";"1";"10";"0";"1";"3";"1";"1";""
"202100014795";"175Â 265";"A01";"1";"10";"0";"1";"1";"1";"1";""
"202100014796";"175Â 261";"B01";"1";"7";"0";"2";"3";"1";"1";""
"202100014796";"175Â 262";"A01";"1";"1";"0";"2";"1";"19";"5";""
"202100014797";"175Â 257";"B01";"2";"7";"0";"2";"4";"2";"1";""
"202100014797";"175Â 258";"D01";"2";"7";"0";"2";"4";"2";"1";""
"202100014797";"175Â 259";"A01";"2";"10";"0";"2";"1";"2";"1";""
"202100014797";"175Â 260";"C01";"2";"7";"0";"2";"4";"2";"1";""
"202100014798";"175Â 255";"A01";"1";"31";"0";"2";"8";"2";"1";""
"202100014798";"175Â 256";"B01";"2";"7";"0";"2";"2";"23";"1";""
"202100014799";"175Â 252";"A01";"1";"7";"0";"2";"1";"11";"1";""
"202100014799";"175Â 253";"B01";"1";"7";"0";"2";"1";"1";"1";""
"202100014799";"175Â 254";"C01";"1";"7";"0";"2";"4";"1";"1";""
"202100014800";"175Â 250";"A01";"1";"30";"0";"2";"7";"12";"1";""
"202100014800";"175Â 251";"B01";"1";"37";"0";"2";"6";"1";"3";"1"
"202100014801";"175Â 248";"A01";"2";"1";"0";"2";"1";"2";"5";""
"202100014801";"175Â 249";"B01";"2";"50";"0";"2";"1";"1";"3";""
"202100014802";"175Â 246";"A01";"1";"7";"0";"2";"1";"1";"2";""
"202100014802";"175Â 247";"B01";"2";"1";"0";"2";"1";"5";"5";""
"202100014803";"175Â 244";"A01";"1";"7";"0";"2";"1";"2";"1";""
"202100014803";"175Â 245";"B01";"1";"7";"0";"2";"4";"23";"1";""
"202100014804";"175Â 243";"A01";"1";"34";"0";"1";"1";"1";"1";""
"202100014805";"175Â 242";"A01";"0";"99";"0";"1";"2";"26";"1";""
"202100014806";"175Â 241";"A01";"3";"7";"8";"0";"2";"14";"1";""
"202100014807";"175Â 235";"B01";"2";"7";"0";"2";"1";"23";"1";""
"202100014807";"175Â 236";"A01";"1";"7";"0";"2";"1";"5";"1";""
"202100014808";"175Â 233";"A01";"2";"7";"0";"2";"7";"13";"1";""
"202100014808";"175Â 234";"B01";"1";"7";"0";"2";"1";"1";"1";""
"202100014809";"175Â 232";"A01";"1";"7";"10";"0";"3";"1";"1";""
"202100014810";"175Â 230";"B01";"2";"7";"0";"2";"0";"0";"1";""
"202100014810";"175Â 231";"A01";"2";"7";"0";"2";"2";"1";"1";""
"202100014811";"175Â 228";"B01";"1";"7";"0";"2";"4";"2";"1";""
"202100014811";"175Â 229";"A01";"1";"7";"0";"2";"1";"2";"1";""
"202100014812";"175Â 226";"A01";"1";"7";"0";"2";"2";"15";"1";""
"202100014812";"175Â 227";"B01";"1";"1";"0";"2";"1";"2";"5";""
"202100014813";"175Â 224";"B01";"0";"7";"1";"2";"0";"0";"1";""
"202100014813";"175Â 225";"A01";"0";"13";"0";"2";"2";"26";"0";""
"202100014814";"175Â 223";"A01";"2";"7";"1";"1";"3";"15";"1";""
"202100014815";"175Â 222";"A01";"2";"14";"0";"1";"3";"15";"1";""
"202100014816";"175Â 221";"A01";"3";"10";"0";"1";"5";"1";"1";""
"202100014817";"175Â 219";"B01";"1";"2";"0";"2";"1";"1";"1";""
"202100014817";"175Â 220";"A01";"1";"7";"0";"2";"3";"26";"1";""
"202100014818";"175Â 217";"B01";"1";"7";"0";"2";"2";"2";"1";""
"202100014818";"175Â 218";"A01";"1";"2";"0";"2";"3";"2";"1";""
"202100014819";"175Â 215";"A01";"3";"32";"0";"2";"8";"1";"0";""
"202100014819";"175Â 216";"B01";"3";"7";"0";"2";"1";"16";"1";""
"202100014820";"175Â 213";"A01";"2";"7";"0";"2";"1";"15";"1";""
"202100014820";"175Â 214";"B01";"1";"7";"9";"2";"3";"1";"1";""
"202100014821";"175Â 212";"A01";"3";"33";"15";"0";"2";"1";"1";""
"202100014822";"175Â 211";"A01";"3";"32";"0";"0";"0";"1";"1";""
"202100014823";"175Â 209";"B01";"2";"7";"0";"2";"4";"2";"1";""
"202100014823";"175Â 210";"A01";"2";"30";"0";"2";"1";"11";"1";""
"202100014824";"175Â 208";"A01";"1";"7";"0";"1";"1";"1";"1";""
"202100014825";"175Â 206";"B01";"1";"7";"0";"2";"3";"1";"1";""
"202100014825";"175Â 207";"A01";"1";"34";"15";"2";"1";"19";"1";""
"202100014826";"175Â 205";"A01";"2";"33";"14";"0";"1";"1";"1";""
"202100014827";"175Â 203";"A01";"2";"2";"0";"2";"1";"2";"1";""
"202100014827";"175Â 204";"B01";"2";"2";"0";"2";"1";"2";"1";""
"202100014828";"175Â 201";"A01";"2";"43";"0";"2";"8";"3";"1";""
"202100014828";"175Â 202";"B01";"2";"7";"0";"2";"7";"1";"1";""
"202100014829";"175Â 199";"B01";"2";"32";"0";"2";"1";"1";"3";""
"202100014829";"175Â 200";"A01";"2";"7";"8";"2";"8";"15";"1";""
"202100014830";"175Â 198";"A01";"1";"50";"0";"1";"3";"1";"3";""
"202100014831";"175Â 196";"B01";"1";"1";"0";"2";"0";"19";"5";""
"202100014831";"175Â 197";"A01";"1";"32";"0";"2";"7";"7";"1";""
"202100014832";"175Â 195";"Z01";"1";"30";"0";"1";"1";"17";"0";""
"202100014833";"175Â 193";"A01";"2";"1";"0";"2";"1";"21";"5";""
"202100014833";"175Â 194";"Z01";"2";"7";"0";"2";"3";"13";"0";""
"202100014834";"175Â 192";"A01";"1";"30";"0";"1";"0";"1";"1";""
"202100014835";"175Â 190";"B01";"1";"2";"0";"2";"3";"15";"3";""
"202100014835";"175Â 191";"A01";"1";"7";"0";"2";"2";"1";"1";""
"202100014836";"175Â 188";"B01";"2";"60";"0";"2";"0";"19";"5";""
"202100014836";"175Â 189";"A01";"2";"30";"0";"2";"1";"1";"1";""
"202100014837";"175Â 186";"B01";"3";"43";"0";"2";"1";"1";"1";""
"202100014837";"175Â 187";"A01";"3";"7";"0";"2";"8";"10";"2";""
"202100014838";"175Â 184";"B01";"2";"31";"0";"2";"1";"1";"1";""
"202100014838";"175Â 185";"A01";"1";"10";"0";"2";"6";"15";"1";""
"202100014839";"175Â 183";"A01";"2";"14";"0";"1";"2";"1";"1";""
"202100014840";"175Â 182";"A01";"1";"7";"0";"1";"1";"15";"1";""
"202100014841";"175Â 181";"Z01";"2";"30";"0";"1";"0";"1";"0";""
"202100014842";"175Â 180";"A01";"2";"7";"0";"1";"7";"16";"2";""
"202100014843";"175Â 178";"A01";"1";"1";"0";"4";"1";"19";"5";""
"202100014843";"175Â 179";"B01";"1";"40";"0";"2";"7";"1";"3";""
"202100014844";"175Â 176";"B01";"2";"1";"0";"2";"8";"1";"5";""
"202100014844";"175Â 177";"A01";"1";"7";"0";"2";"1";"15";"1";""
"202100014845";"175Â 174";"B01";"2";"1";"0";"2";"1";"1";"0";""
"202100014845";"175Â 175";"A01";"2";"10";"0";"2";"2";"16";"1";""
"202100014846";"175Â 172";"A01";"2";"7";"0";"2";"2";"15";"1";""
"202100014846";"175Â 173";"B01";"1";"7";"0";"0";"6";"1";"1";""
"202100014847";"175Â 169";"C01";"0";"7";"0";"2";"4";"2";"1";""
"202100014847";"175Â 170";"B01";"0";"7";"0";"2";"4";"2";"1";""
"202100014847";"175Â 171";"A01";"0";"10";"0";"2";"1";"2";"1";""
"202100014848";"175Â 167";"B01";"1";"7";"0";"2";"3";"24";"1";""
"202100014848";"175Â 168";"A01";"1";"7";"1";"0";"2";"2";"1";""
"202100014849";"175Â 166";"A01";"1";"32";"0";"1";"1";"1";"1";""
"202100014850";"175Â 165";"A01";"2";"7";"0";"1";"1";"19";"1";""
"202100014851";"175Â 164";"A01";"1";"7";"0";"1";"2";"1";"1";""
"202100014852";"175Â 163";"A01";"2";"1";"14";"0";"1";"26";"5";""
"202100014853";"175Â 162";"A01";"3";"7";"0";"1";"1";"1";"1";""
"202100014854";"175Â 159";"A01";"3";"7";"0";"2";"1";"2";"1";""
"202100014854";"175Â 160";"C01";"3";"7";"0";"2";"4";"2";"1";""
"202100014854";"175Â 161";"B01";"3";"7";"0";"2";"4";"2";"1";""
"202100014855";"175Â 157";"A01";"1";"7";"0";"2";"4";"2";"1";""
"202100014855";"175Â 158";"B01";"1";"33";"0";"2";"1";"2";"1";""
"202100014856";"175Â 155";"A01";" -1";"10";"0";"0";"3";"26";"0";""
"202100014856";"175Â 156";"B01";" -1";"34";"0";"2";"1";"1";"0";""
"202100014857";"175Â 154";"A01";"3";"10";"0";"1";"1";"1";"1";""
"202100014858";"175Â 153";"A01";"2";"34";"0";"1";"7";"26";"1";""
"202100014859";"175Â 151";"B01";"1";"1";"0";"2";"3";"0";"5";""
"202100014859";"175Â 152";"A01";"1";"7";"0";"0";"2";"23";"1";""
"202100014860";"175Â 150";"A01";"2";"30";"0";"1";"8";"14";"1";""
"202100014861";"175Â 148";"B01";"2";"7";"0";"0";"3";"0";"1";""
"202100014861";"175Â 149";"A01";"1";"30";"0";"2";"3";"1";"3";""
"202100014862";"175Â 146";"B01";"3";"7";"0";"2";"4";"1";"1";""
"202100014862";"175Â 147";"A01";"3";"7";"0";"2";"4";"12";"1";""
"202100014863";"175Â 144";"B01";"0";"7";"0";"2";"5";"15";"1";""
"202100014863";"175Â 145";"A01";"0";"7";"0";"2";"1";"15";"1";""
"202100014864";"175Â 142";"A01";"0";"7";"0";"2";"1";"26";"1";""
"202100014864";"175Â 143";"B01";"0";"7";"0";"2";"4";"23";"1";""
"202100014865";"175Â 140";"B01";"2";"2";"0";"2";"2";"13";"1";""
"202100014865";"175Â 141";"A01";"2";"7";"0";"2";"3";"15";"1";""
"202100014866";"175Â 138";"A01";"1";"7";"0";"2";"8";"1";"1";""
"202100014866";"175Â 139";"B01";"1";"7";"0";"2";"1";"1";"1";""
"202100014867";"175Â 136";"A01";"1";"30";"0";"2";"1";"26";"1";""
"202100014867";"175Â 137";"B01";"1";"33";"0";"2";"4";"1";"1";""
"202100014868";"175Â 135";"A01";"1";"30";"0";"0";"0";"1";"1";""
"202100014869";"175Â 134";"A01";"2";"32";"0";"0";"0";"1";"1";""
"202100014870";"175Â 132";"A01";"1";"7";"0";"2";"5";"1";"1";""
"202100014870";"175Â 133";"B01";"1";"1";"0";"2";"1";"2";"5";""
"202100014871";"175Â 130";"B01";"1";"7";"0";"2";"5";"1";"3";""
"202100014871";"175Â 131";"A01";"1";"31";"0";"2";"3";"13";"3";""
"202100014872";"175Â 129";"A01";"1";"33";"0";"1";"1";"1";"1";""
"202100014873";"175Â 127";"B01";"1";"7";"0";"2";"4";"26";"1";""
"202100014873";"175Â 128";"A01";"1";"37";"0";"2";"1";"26";"1";"3"
"202100014874";"175Â 125";"A01";"2";"10";"0";"2";"3";"15";"1";""
"202100014874";"175Â 126";"B01";"2";"33";"0";"2";"2";"0";"1";""
"202100014875";"175Â 123";"B01";"1";"15";"0";"0";"6";"1";"1";""
"202100014875";"175Â 124";"A01";"1";"7";"0";"2";"1";"2";"6";""
"202100014876";"175Â 122";"A01";"1";"7";"13";"0";"3";"1";"1";""
"202100014877";"175Â 120";"B01";"3";"1";"0";"2";"8";"15";"5";""
"202100014877";"175Â 121";"A01";"3";"33";"0";"2";"7";"21";"1";""
"202100014878";"175Â 119";"A01";"1";"7";"2";"0";"8";"1";"1";""
"202100014879";"175Â 118";"A01";"2";"7";"0";"0";"0";"1";"1";""
"202100014880";"175Â 116";"A01";"1";"2";"0";"2";"8";"1";"1";""
"202100014880";"175Â 117";"B01";"2";"7";"0";"2";"6";"15";"1";""
"202100014881";"175Â 114";"B01";"1";"7";"0";"2";"3";"1";"1";""
"202100014881";"175Â 115";"A01";"2";"7";"0";"2";"3";"13";"1";""
"202100014882";"175Â 112";"A01";"1";"7";"0";"2";"2";"2";"1";""
"202100014882";"175Â 113";"B01";"1";"1";"0";"0";"4";"2";"5";""
"202100014883";"175Â 110";"B01";"1";"7";"0";"2";"1";"1";"1";""
"202100014883";"175Â 111";"A01";"2";"7";"0";"2";"1";"13";"1";""
"202100014884";"175Â 108";"A01";"2";"10";"0";"2";"3";"15";"1";""
"202100014884";"175Â 109";"B01";"1";"33";"0";"2";"1";"1";"1";""
"202100014885";"175Â 106";"A01";"1";"7";"0";"2";"1";"13";"1";""
"202100014885";"175Â 107";"B01";"2";"7";"0";"2";"1";"1";"1";""
"202100014886";"175Â 103";"A01";"2";"7";"0";"2";"2";"15";"1";""
"202100014886";"175Â 104";"B01";"1";"7";"0";"2";"1";"1";"1";""
"202100014886";"175Â 105";"C01";"2";"7";"0";"2";"1";"23";"1";""
"202100014887";"175Â 101";"A01";"2";"10";"0";"2";"1";"1";"1";""
"202100014887";"175Â 102";"B01";"1";"7";"0";"2";"1";"17";"1";""
"202100014888";"175Â 100";"A01";"1";"7";"0";"1";"2";"1";"1";""
"202100014889";"175Â 098";"A01";"2";"7";"0";"2";"2";"23";"1";""
"202100014889";"175Â 099";"B01";"2";"7";"0";"2";"6";"2";"1";""
"202100014890";"175Â 096";"A01";"1";"2";"0";"2";"1";"13";"1";""
"202100014890";"175Â 097";"B01";"2";"10";"0";"2";"3";"1";"1";""
"202100014891";"175Â 094";"A01";"1";"7";"0";"0";"7";"1";"1";""
"202100014891";"175Â 095";"B01";"3";"50";"0";"2";"1";"1";"3";""
"202100014892";"175Â 092";"A01";"1";"2";"0";"2";"1";"5";"1";""
"202100014892";"175Â 093";"B01";"2";"10";"0";"2";"3";"5";"1";""
"202100014893";"175Â 090";"B01";"1";"7";"0";"9";"3";"17";"1";""
"202100014893";"175Â 091";"A01";"2";"1";"0";"2";"3";"1";"5";""
"202100014894";"175Â 088";"A01";"1";"7";"0";"2";"1";"2";"1";""
"202100014894";"175Â 089";"B01";"1";"21";"0";"0";"4";"1";"1";""
"202100014895";"175Â 087";"A01";"2";"7";"13";"0";"1";"0";"1";""
"202100014896";"175Â 086";"A01";"2";"7";"16";"0";"0";"6";"1";""
"202100014897";"175Â 084";"A01";"1";"10";"0";"2";"3";"1";"1";""
"202100014897";"175Â 085";"B01";"2";"7";"0";"2";"3";"1";"1";""
"202100014898";"175Â 083";"A01";"0";"2";"6";"0";"1";"15";"1";""
"202100014899";"175Â 081";"B01";"2";"33";"0";"2";"1";"1";"1";""
"202100014899";"175Â 082";"A01";"1";"7";"0";"2";"3";"15";"1";""
"202100014900";"175Â 080";"A01";"2";"7";"0";"1";"3";"2";"1";""
"202100014901";"175Â 078";"A01";"0";"7";"0";"2";"2";"15";"1";""
"202100014901";"175Â 079";"B01";"0";"7";"0";"0";"5";"1";"1";""
"202100014902";"175Â 077";"A01";"1";"33";"0";"0";"0";"1";"1";""
"202100014903";"175Â 075";"A01";"2";"7";"0";"2";"1";"9";"1";""
"202100014903";"175Â 076";"B01";"1";"50";"0";"2";"1";"26";"3";""
"202100014904";"175Â 074";"A01";"1";"7";"6";"0";"2";"0";"1";""
"202100014905";"175Â 073";"A01";"0";"31";"1";"0";"1";"0";"0";""
"202100014906";"175Â 070";"C01";"1";"7";"0";"2";"1";"1";"1";""
"202100014906";"175Â 071";"B01";"1";"7";"0";"2";"1";"1";"1";""
"202100014906";"175Â 072";"A01";"1";"7";"0";"2";"2";"19";"1";""
"202100014907";"175Â 069";"A01";"1";"7";"5";"0";"1";"1";"1";""
"202100014908";"175Â 066";"C01";"2";"7";"0";"0";"4";"1";"1";""
"202100014908";"175Â 067";"B01";"2";"7";"0";"2";"4";"1";"1";""
"202100014908";"175Â 068";"A01";"2";"7";"0";"2";"1";"2";"1";""
"202100014909";"175Â 065";"A01";"2";"7";"13";"0";"9";"1";"1";""
"202100014910";"175Â 063";"B01";"2";"7";"0";"2";"8";"1";"1";""
"202100014910";"175Â 064";"A01";"1";"7";"0";"2";"8";"1";"1";""
"202100014911";"175Â 061";"A01";"1";"7";"0";"2";"3";"13";"1";""
"202100014911";"175Â 062";"B01";"2";"7";"0";"2";"3";"1";"1";""
"202100014912";"175Â 059";"A01";"1";"7";"0";"0";"7";"1";"1";""
"202100014912";"175Â 060";"B01";"1";"1";"0";"0";"8";"1";"5";""
"202100014913";"175Â 057";"B01";"3";"7";"0";"2";"3";"1";"1";""
"202100014913";"175Â 058";"A01";"3";"2";"0";"2";"1";"1";"1";""
"202100014914";"175Â 055";"B01";"2";"1";"0";"0";"6";"1";"5";""
"202100014914";"175Â 056";"A01";"2";"7";"0";"2";"2";"1";"1";""
"202100014915";"175Â 054";"A01";"3";"2";"2";"0";"0";"0";"1";""
"202100014916";"175Â 052";"A01";"3";"7";"0";"2";"1";"1";"1";""
"202100014916";"175Â 053";"B01";"3";"7";"16";"2";"7";"19";"1";""
"202100014917";"175Â 051";"A01";"1";"7";"1";"0";"1";"21";"1";""
"202100014918";"175Â 049";"A01";"0";"7";"0";"2";"3";"9";"1";""
"202100014918";"175Â 050";"B01";"2";"2";"0";"2";"9";"1";"1";""
"202100014919";"175Â 048";"A01";"2";"7";"13";"0";"1";"1";"1";""
"202100014920";"175Â 044";"A01";"2";"7";"0";"0";"9";"1";"1";""
"202100014921";"175Â 041";"A01";"1";"10";"0";"2";"1";"2";"1";""
"202100014921";"175Â 042";"B01";"1";"7";"0";"2";"4";"2";"1";""
"202100014921";"175Â 043";"C01";"1";"10";"0";"2";"4";"2";"1";""
"202100014922";"175Â 039";"A01";"2";"7";"0";"2";"1";"1";"1";""
"202100014922";"175Â 040";"B01";"2";"14";"0";"0";"4";"24";"1";""
"202100014923";"175Â 037";"B01";"2";"10";"0";"2";"2";"1";"1";""
"202100014923";"175Â 038";"A01";"2";"10";"0";"2";"2";"26";"1";""
"202100014924";"175Â 035";"A01";"2";"7";"0";"2";"5";"2";"1";""
"202100014924";"175Â 036";"B01";"2";"33";"0";"2";"1";"3";"1";""
"202100014925";"175Â 034";"A01";"1";"7";"4";"0";"1";"17";"1";""
"202100014926";"175Â 033";"A01";"2";"7";"4";"0";"1";"1";"1";""
"202100014927";"175Â 031";"A01";"1";"7";"0";"2";"2";"12";"1";""
"202100014927";"175Â 032";"B01";"1";"33";"0";"2";"3";"3";"1";""
"202100014928";"175Â 028";"C01";"2";"7";"0";"2";"4";"2";"1";""
"202100014928";"175Â 029";"B01";"2";"10";"0";"2";"4";"2";"1";""
"202100014928";"175Â 030";"A01";"2";"7";"0";"2";"1";"2";"1";""
"202100014929";"175Â 026";"B01";"1";"7";"0";"2";"1";"2";"1";""
"202100014929";"175Â 027";"A01";"1";"10";"0";"2";"4";"2";"1";""
"202100014930";"175Â 024";"A01";"2";"7";"0";"2";"4";"1";"1";""
"202100014930";"175Â 025";"B01";"2";"7";"0";"2";"1";"1";"1";""
"202100014931";"175Â 022";"A01";"3";"7";"0";"2";"4";"2";"1";""
"202100014931";"175Â 023";"B01";"3";"7";"0";"2";"1";"11";"1";""
"202100014932";"175Â 021";"A01";"1";"7";"0";"1";"1";"15";"6";""
"202100014933";"175Â 018";"A01";"3";"7";"0";"1";"2";"1";"1";""
"202100014934";"175Â 017";"A01";"3";"7";"0";"1";"1";"15";"1";""
"202100014935";"175Â 014";"A01";"1";"7";"0";"1";"2";"1";"1";""
"202100014936";"175Â 013";"A01";"1";"7";"0";"1";"2";"1";"1";""
"202100014937";"175Â 012";"A01";"1";"33";"8";"0";"0";"26";"1";""
"202100014938";"175Â 011";"A01";"1";"10";"0";"0";"2";"1";"1";""
"202100014939";"175Â 010";"A01";"1";"50";"0";"0";"1";"1";"3";""
"202100014940";"175Â 007";"A01";"2";"10";"0";"1";"1";"15";"1";""
"202100014941";"174Â 997";"A01";"2";"7";"0";"0";"0";"26";"1";""
"202100014941";"174Â 998";"B01";"2";"32";"0";"0";"0";"21";"1";""
"202100014942";"174Â 995";"A01";"2";"33";"3";"2";"8";"17";"1";""
"202100014942";"174Â 996";"B01";"2";"21";"0";"0";"6";"15";"1";""
"202100014943";"174Â 993";"B01";"1";"7";"0";"2";"4";"1";"1";""
"202100014943";"174Â 994";"A01";"1";"7";"0";"2";"1";"1";"1";""
"202100014944";"174Â 991";"B01";"1";"30";"0";"2";"5";"2";"1";""
"202100014944";"174Â 992";"A01";"1";"7";"0";"2";"2";"26";"1";""
"202100014945";"174Â 989";"B01";"2";"33";"0";"2";"1";"17";"1";""
"202100014945";"174Â 990";"A01";"1";"7";"0";"2";"1";"15";"1";""
"202100014946";"174Â 988";"A01";"1";"7";"6";"0";"1";"1";"1";""
"202100014947";"174Â 987";"A01";"3";"7";"0";"1";"1";"1";"1";""
"202100014948";"174Â 985";"Z01";"1";"7";"0";"2";"2";"13";"2";""
"202100014948";"174Â 986";"B01";"2";"30";"0";"2";"1";"1";"1";""
"202100014949";"174Â 984";"A01";"2";"31";"0";"0";"8";"14";"1";""
"202100014950";"174Â 982";"A01";"0";"2";"0";"2";"9";"19";"1";""
"202100014950";"174Â 983";"B01";"0";"7";"0";"2";"7";"1";"1";""
"202100014951";"174Â 980";"A01";"1";"7";"0";"2";"7";"9";"1";""
"202100014951";"174Â 981";"B01";"2";"7";"0";"2";"1";"1";"1";""
"202100014952";"174Â 979";"A01";"3";"7";"9";"1";"1";"1";"1";""
"202100014953";"174Â 978";"A01";"1";"50";"0";"0";"0";"11";"3";""
"202100014954";"174Â 976";"B01";"3";"40";"0";"2";"2";"1";"3";""
"202100014954";"174Â 977";"A01";"1";"7";"0";"4";"1";"1";"1";""
"202100014955";"174Â 974";"B01";"2";"7";"0";"0";"6";"1";"1";""
"202100014955";"174Â 975";"A01";"2";"7";"0";"2";"1";"1";"1";""
"202100014956";"174Â 973";"A01";"1";"10";"0";"1";"3";"2";"1";""
"202100014957";"174Â 971";"A01";"1";"7";"0";"2";"3";"1";"1";""
"202100014957";"174Â 972";"B01";"1";"7";"0";"2";"3";"1";"1";""
"202100014958";"174Â 969";"A01";"1";"7";"0";"2";"8";"11";"1";""
"202100014958";"174Â 970";"B01";"1";"33";"0";"2";"7";"1";"1";""
"202100014959";"174Â 966";"C01";"2";"7";"0";"2";"1";"1";"1";""
"202100014959";"174Â 967";"B01";"1";"7";"0";"2";"1";"1";"1";""
"202100014959";"174Â 968";"A01";"1";"7";"0";"2";"3";"9";"1";""
"202100014960";"174Â 964";"A01";"1";"7";"0";"2";"8";"11";"1";""
"202100014960";"174Â 965";"B01";"1";"7";"0";"2";"1";"1";"1";""
"202100014961";"174Â 961";"B01";"2";"7";"0";"2";"2";"1";"1";""
"202100014961";"174Â 962";"C01";"1";"10";"0";"2";"8";"23";"1";""
"202100014961";"174Â 963";"A01";"2";"7";"0";"2";"3";"9";"1";""
"202100014962";"174Â 959";"B01";"1";"7";"0";"2";"4";"23";"1";""
"202100014962";"174Â 960";"A01";"1";"10";"0";"2";"1";"1";"1";""
"202100014963";"174Â 958";"A01";"3";"7";"8";"1";"8";"2";"1";""
"202100014964";"174Â 956";"A01";"2";"30";"0";"2";"1";"18";"1";""
"202100014964";"174Â 957";"B01";"1";"7";"0";"2";"2";"15";"1";""
"202100014965";"174Â 955";"A01";"1";"7";"1";"0";"2";"1";"1";""
"202100014966";"174Â 953";"B01";"2";"7";"0";"2";"4";"2";"0";""
"202100014966";"174Â 954";"A01";"2";"7";"0";"2";"1";"2";"1";""
"202100014967";"174Â 952";"A01";"1";"7";"0";"1";"1";"1";"1";""
"202100014968";"174Â 950";"B01";"3";"34";"0";"2";"3";"1";"1";""
"202100014968";"174Â 951";"A01";"3";"7";"0";"2";"3";"1";"1";""
"202100014969";"174Â 948";"A01";"1";"30";"0";"2";"2";"17";"1";""
"202100014969";"174Â 949";"B01";"1";"7";"0";"2";"3";"1";"1";""
"202100014970";"174Â 945";"A01";"3";"10";"0";"2";"0";"2";"1";""
"202100014970";"174Â 946";"B01";"3";"32";"0";"2";"0";"2";"1";""
"202100014970";"174Â 947";"C01";"3";"7";"0";"2";"0";"2";"1";""
"202100014971";"174Â 943";"A01";"1";"7";"0";"2";"3";"11";"1";""
"202100014971";"174Â 944";"B01";"1";"32";"0";"2";"7";"1";"1";""
"202100014972";"174Â 942";"A01";"1";"7";"0";"1";"3";"1";"1";""
"202100014973";"174Â 940";"B01";"1";"7";"0";"2";"1";"1";"1";""
"202100014973";"174Â 941";"A01";"2";"7";"0";"2";"1";"13";"1";""
"202100014974";"174Â 938";"B01";"3";"7";"0";"2";"3";"26";"1";""
"202100014974";"174Â 939";"A01";"1";"7";"0";"2";"2";"1";"1";""
"202100014975";"174Â 935";"C01";"2";"7";"0";"2";"4";"2";"1";""
"202100014975";"174Â 936";"B01";"2";"7";"0";"2";"4";"2";"1";""