"Num_Acc";"id_vehicule";"num_veh";"senc";"catv";"obs";"obsm";"choc";"manv";"motor";"occutc"
"202100014975";"174Â 937";"A01";"2";"10";"0";"2";"1";"2";"1";""
"202100014976";"174Â 934";"A01";"1";"30";"0";"0";"0";"21";"1";""
"202100014977";"174Â 933";"A01";"3";"30";"0";"0";"0";"9";"1";""
"202100014978";"174Â 932";"Z01";"1";"7";"0";"1";"0";"17";"0";""
"202100014979";"174Â 930";"B01";"1";"7";"0";"2";"5";"23";"1";""
"202100014979";"174Â 931";"A01";"1";"37";"0";"2";"2";"1";"1";"1"
"202100014980";"174Â 929";"A01";"1";"7";"0";"1";"3";"1";"1";""
"202100014981";"174Â 927";"A01";"2";"15";"0";"2";"1";"2";"1";""
"202100014981";"174Â 928";"B01";"2";"7";"0";"2";"4";"2";"1";""
"202100014982";"174Â 925";"A01";"3";"7";"0";"2";"3";"16";"1";""
"202100014982";"174Â 926";"B01";"3";"1";"0";"2";"0";"0";"5";""
"202100014983";"174Â 923";"B01";"2";"1";"0";"2";"1";"1";"5";""
"202100014983";"174Â 924";"A01";"2";"7";"0";"2";"7";"1";"1";""
"202100014984";"174Â 921";"A01";"2";"7";"0";"2";"8";"15";"1";""
"202100014984";"174Â 922";"B01";"2";"30";"0";"2";"7";"17";"1";""
"202100014985";"174Â 920";"A01";"1";"7";"0";"1";"2";"1";"1";""
"202100014986";"174Â 918";"B01";"1";"32";"0";"2";"1";"1";"1";""
"202100014986";"174Â 919";"A01";"2";"7";"0";"2";"3";"15";"1";""
"202100014987";"174Â 917";"A01";"2";"30";"0";"0";"3";"1";"1";""
"202100014988";"174Â 916";"A01";"0";"7";"14";"0";"1";"1";"1";""
"202100014989";"174Â 912";"C01";"0";"7";"0";"2";"1";"1";"1";""
"202100014989";"174Â 913";"B01";"0";"7";"0";"2";"4";"1";"1";""
"202100014989";"174Â 914";"A01";"0";"7";"0";"2";"1";"1";"1";""
"202100014989";"174Â 915";"D01";"0";"7";"0";"2";"4";"1";"1";""
"202100014990";"174Â 911";"A01";"0";"30";"0";"1";"1";"1";"1";""
"202100014991";"174Â 910";"A01";"3";"32";"0";"0";"0";"26";"3";""
"202100014992";"174Â 908";"B01";"2";"31";"0";"2";"1";"1";"1";""
"202100014992";"174Â 909";"A01";"1";"7";"0";"2";"8";"9";"1";""
"202100014993";"174Â 902";"B01";"3";"2";"0";"0";"7";"1";"1";""
"202100014993";"174Â 903";"A01";"3";"7";"0";"2";"0";"15";"1";""
"202100014994";"174Â 900";"A01";"3";"17";"0";"2";"3";"1";"1";""
"202100014994";"174Â 901";"B01";"3";"10";"0";"2";"3";"5";"1";""
"202100014995";"174Â 899";"A01";"0";"10";"0";"1";"2";"2";"1";""
"202100014996";"174Â 898";"A01";"2";"7";"12";"1";"1";"19";"1";""
"202100014997";"174Â 896";"B01";"2";"30";"0";"2";"2";"1";"1";""
"202100014997";"174Â 897";"A01";"1";"7";"0";"2";"1";"5";"1";""
"202100014998";"174Â 894";"B01";"2";"30";"0";"2";"3";"1";"1";""
"202100014998";"174Â 895";"A01";"1";"10";"0";"2";"1";"15";"1";""
"202100014999";"174Â 892";"B01";"3";"1";"0";"2";"0";"1";"5";""
"202100014999";"174Â 893";"A01";"3";"17";"0";"2";"1";"16";"1";""
"202100015000";"174Â 891";"A01";"0";"7";"0";"1";"1";"26";"1";""
"202100015001";"174Â 890";"A01";"1";"7";"2";"0";"3";"13";"1";""
"202100015002";"174Â 888";"B01";"1";"7";"1";"0";"6";"1";"1";""
"202100015002";"174Â 889";"A01";"1";"30";"0";"2";"1";"1";"1";""
"202100015003";"174Â 886";"B01";"3";"7";"0";"2";"1";"1";"0";""
"202100015003";"174Â 887";"A01";"3";"7";"14";"2";"2";"21";"1";""
"202100015004";"174Â 884";"B01";"1";"7";"0";"2";"3";"1";"1";""
"202100015004";"174Â 885";"A01";"2";"7";"0";"2";"1";"15";"1";""
"202100015005";"174Â 881";"C01";"1";"7";"0";"2";"4";"1";"1";""
"202100015005";"174Â 882";"B01";"1";"7";"0";"2";"1";"1";"1";""
"202100015005";"174Â 883";"A01";"1";"7";"0";"2";"1";"1";"1";""
"202100015006";"174Â 879";"B01";"2";"7";"0";"2";"8";"15";"1";""
"202100015006";"174Â 880";"A01";" -1";"2";"0";"2";"7";"3";"1";""
"202100015007";"174Â 878";"A01";"1";"7";"0";"1";"3";"1";"1";""
"202100015008";"174Â 877";"A01";"1";"7";"2";"0";"1";"13";"1";""
"202100015009";"174Â 875";"A01";"1";"7";"0";"2";"1";"13";"1";""
"202100015009";"174Â 876";"B01";"2";"7";"0";"2";"2";"1";"1";""
"202100015010";"174Â 873";"B01";"2";"7";"1";"2";"1";"1";"1";""
"202100015010";"174Â 874";"A01";"1";"7";"9";"2";"2";"1";"1";""
"202100015011";"174Â 871";"A01";"1";"7";"0";"2";"3";"10";"1";""
"202100015011";"174Â 872";"B01";"2";"50";"0";"2";"1";"1";"3";""
"202100015012";"174Â 870";"A01";"1";"10";"0";"1";"8";"1";"1";""
"202100015013";"174Â 869";"A01";"2";"7";"6";"0";"1";"15";"1";""
"202100015014";"174Â 867";"B01";"0";"7";"0";"2";"1";"9";"1";""
"202100015014";"174Â 868";"A01";"2";"2";"0";"2";"1";"17";"1";""
"202100015015";"174Â 865";"B01";"3";"2";"0";"2";"1";"1";"1";""
"202100015015";"174Â 866";"A01";"3";"10";"0";"2";"2";"15";"1";""
"202100015016";"174Â 864";"A01";"2";"37";"0";"0";"0";"1";"2";"4"
"202100015017";"174Â 862";"B01";"1";"7";"0";"2";"7";"15";"1";""
"202100015017";"174Â 863";"A01";"2";"7";"0";"2";"1";"1";"1";""
"202100015018";"174Â 861";"A01";"3";"2";"0";"0";"1";"1";"3";""
"202100015019";"174Â 859";"B01";"1";"7";"0";"2";"6";"2";"1";""
"202100015019";"174Â 860";"A01";"1";"7";"0";"2";"2";"2";"1";""
"202100015020";"174Â 857";"A01";"3";"7";"0";"2";"3";"16";"1";""
"202100015020";"174Â 858";"B01";"3";"50";"0";"2";"3";"2";"3";""
"202100015021";"174Â 855";"B01";"3";"10";"0";"2";"4";"2";"1";""
"202100015021";"174Â 856";"A01";"2";"7";"0";"2";"1";"26";"1";""
"202100015022";"174Â 853";"A01";"1";"7";"0";"2";"1";"15";"1";""
"202100015022";"174Â 854";"B01";"2";"1";"0";"2";"1";"1";"0";""
"202100015023";"174Â 851";"A01";"3";"7";"0";"2";"3";"26";"1";""
"202100015023";"174Â 852";"B01";"3";"10";"0";"2";"2";"26";"1";""
"202100015024";"174Â 850";"A01";"3";"14";"0";"1";"8";"0";"1";""
"202100015025";"174Â 849";"A01";"1";"7";"0";"0";"3";"1";"1";""
"202100015026";"174Â 848";"A01";"3";"7";"0";"1";"1";"1";"1";""
"202100015027";"174Â 847";"A01";"1";"7";"0";"1";"1";"9";"1";""
"202100015028";"174Â 846";"A01";"1";"7";"6";"0";"1";"26";"1";""
"202100015029";"174Â 844";"A01";"1";"7";"0";"2";"1";"1";"1";""
"202100015029";"174Â 845";"B01";"1";"1";"0";"2";"7";"19";"5";""
"202100015030";"174Â 841";"A01";"1";"7";"0";"2";"1";"13";"1";""
"202100015030";"174Â 842";"B01";"2";"7";"0";"2";"1";"1";"1";""
"202100015030";"174Â 843";"C01";"2";"10";"0";"2";"1";"1";"1";""
"202100015031";"174Â 839";"B01";"3";"7";"1";"2";"2";"1";"1";""
"202100015031";"174Â 840";"A01";"3";"7";"0";"2";"1";"1";"1";""
"202100015032";"174Â 837";"A01";"2";"30";"0";"2";"1";"2";"1";""
"202100015032";"174Â 838";"B01";"2";"7";"0";"2";"4";"15";"1";""
"202100015033";"174Â 836";"A01";"2";"33";"3";"0";"8";"13";"1";""
"202100015034";"174Â 834";"B01";"2";"7";"0";"2";"5";"1";"1";""
"202100015034";"174Â 835";"A01";"1";"7";"0";"2";"1";"9";"3";""
"202100015035";"174Â 833";"A01";"1";"7";"13";"0";"1";"14";"1";""
"202100015036";"174Â 832";"A01";"1";"7";"0";"1";"1";"16";"1";""
"202100015037";"174Â 830";"A01";"1";"7";"0";"2";"1";"26";"1";""
"202100015037";"174Â 831";"B01";"1";"7";"0";"2";"1";"1";"1";""
"202100015038";"174Â 829";"A01";"1";"7";"3";"0";"2";"1";"1";""
"202100015039";"174Â 827";"B01";"0";"7";"0";"0";"3";"0";"1";""
"202100015039";"174Â 828";"A01";"1";"30";"0";"2";"1";"13";"1";""
"202100015040";"174Â 826";"A01";"1";"7";"0";"1";"3";"15";"1";""
"202100015041";"174Â 824";"B01";"3";"7";"0";"2";"2";"15";"1";""
"202100015041";"174Â 825";"A01";"3";"7";"0";"2";"1";"1";"1";""
"202100015042";"174Â 822";"A01";"0";"33";"3";"2";"1";"2";"1";""
"202100015042";"174Â 823";"B01";"0";"7";"0";"2";"6";"1";"1";""
"202100015043";"174Â 821";"A01";"2";"7";"1";"0";"1";"2";"1";""
"202100015044";"174Â 819";"B01";"1";"1";"0";"2";"8";"1";"5";""
"202100015044";"174Â 820";"A01";"1";"7";"0";"2";"7";"17";"1";""
"202100015045";"174Â 817";"A01";"1";"7";"0";"2";"1";"13";"1";""
"202100015045";"174Â 818";"B01";"1";"7";"0";"2";"1";"1";"1";""
"202100015046";"174Â 815";"A01";"2";"7";"0";"2";"1";"1";"1";""
"202100015046";"174Â 816";"B01";"2";"10";"0";"2";"3";"1";"1";""
"202100015047";"174Â 813";"A01";"1";"7";"0";"2";"1";"0";"1";""
"202100015047";"174Â 814";"B01";"1";"10";"0";"2";"5";"0";"1";""
"202100015048";"174Â 811";"A01";"2";"2";"0";"2";"8";"17";"1";""
"202100015048";"174Â 812";"B01";"1";"7";"0";"2";"8";"1";"1";""
"202100015049";"174Â 809";"Z01";"1";"7";"0";"2";"8";"15";"0";""
"202100015049";"174Â 810";"A01";"1";"32";"0";"2";"7";"1";"1";""
"202100015050";"174Â 808";"A01";"1";"7";"0";"1";"1";"1";"1";""
"202100015051";"174Â 807";"A01";"1";"7";"0";"1";"1";"1";"1";""
"202100015052";"174Â 805";"A01";"2";"30";"0";"2";"4";"15";"1";""
"202100015052";"174Â 806";"B01";"2";"7";"0";"2";"2";"1";"1";""
"202100015053";"174Â 802";"A01";"1";"7";"0";"2";"1";"2";"1";""
"202100015053";"174Â 803";"B01";"1";"7";"0";"2";"4";"23";"1";""
"202100015053";"174Â 804";"C01";"1";"7";"0";"0";"4";"23";"1";""
"202100015054";"174Â 799";"A01";"1";"10";"0";"2";"1";"2";"1";""
"202100015054";"174Â 800";"B01";"1";"7";"0";"2";"4";"2";"1";""
"202100015054";"174Â 801";"C01";"1";"7";"0";"2";"4";"2";"1";""
"202100015055";"174Â 795";"A01";"1";"7";"0";"1";"2";"15";"1";""
"202100015056";"174Â 794";"A01";"3";"1";"0";"0";"2";"1";"5";""
"202100015057";"174Â 793";"A01";"3";"7";"0";"1";"2";"1";"2";""
"202100015058";"174Â 791";"B01";"2";"7";"0";"2";"4";"2";"1";""
"202100015058";"174Â 792";"A01";"2";"7";"0";"2";"1";"2";"1";""
"202100015059";"174Â 790";"A01";"2";"7";"12";"0";"2";"14";"1";""
"202100015060";"174Â 789";"A01";"3";"7";"0";"1";"3";"20";"1";""
"202100015061";"174Â 785";"D01";"2";"7";"0";"2";"4";"1";"1";""
"202100015061";"174Â 786";"C01";"2";"7";"0";"2";"1";"2";"1";""
"202100015061";"174Â 787";"B01";"2";"7";"0";"2";"1";"2";"1";""
"202100015061";"174Â 788";"A01";"2";"7";"0";"2";"1";"2";"1";""
"202100015062";"174Â 783";"B01";"1";"34";"0";"2";"5";"17";"1";""
"202100015062";"174Â 784";"A01";"1";"30";"0";"2";"2";"15";"1";""
"202100015063";"174Â 782";"A01";"0";"7";"0";"1";"1";"15";"1";""
"202100015064";"174Â 780";"B01";"0";"1";"0";"2";"1";"1";"5";""
"202100015064";"174Â 781";"A01";"0";"7";"0";"0";"0";"9";"1";""
"202100015065";"174Â 778";"A01";"2";"7";"3";"2";"3";"14";"1";""
"202100015065";"174Â 779";"B01";"2";"7";"0";"2";"6";"1";"1";""
"202100015066";"174Â 776";"B01";"1";"1";"0";"2";"1";"1";"5";""
"202100015066";"174Â 777";"A01";"2";"7";"0";"2";"1";"19";"1";""
"202100015067";"174Â 774";"A01";"2";"10";"0";"2";"2";"1";"1";""
"202100015067";"174Â 775";"B01";"3";"1";"0";"2";"8";"19";"5";""
"202100015068";"174Â 772";"B01";"0";"32";"0";"2";"8";"1";"1";""
"202100015068";"174Â 773";"A01";"0";"7";"0";"2";"2";"13";"1";""
"202100015069";"174Â 770";"B01";"2";"7";"8";"2";"6";"2";"2";""
"202100015069";"174Â 771";"A01";"1";"7";"6";"2";"1";"15";"1";""
"202100015070";"174Â 768";"B01";"2";"33";"12";"2";"6";"3";"1";""
"202100015070";"174Â 769";"A01";"2";"7";"0";"2";"3";"15";"1";""
"202100015071";"174Â 766";"A01";"3";"7";"0";"2";"0";"15";"1";""
"202100015071";"174Â 767";"B01";"3";"33";"0";"2";"7";"17";"1";""
"202100015072";"174Â 764";"B01";"0";"7";"0";"2";"8";"0";"1";""
"202100015072";"174Â 765";"A01";"3";"7";"0";"2";"1";"1";"1";""
"202100015073";"174Â 762";"A01";"1";"7";"0";"2";"3";"9";"1";""
"202100015073";"174Â 763";"B01";"3";"50";"0";"2";"7";"0";"3";""
"202100015074";"174Â 761";"A01";"2";"7";"0";"1";"3";"26";"1";""
"202100015075";"174Â 760";"A01";"1";"7";"1";"0";"1";"1";"1";""
"202100015076";"174Â 758";"A01";"2";"7";"0";"2";"1";"19";"1";""
"202100015076";"174Â 759";"B01";"2";"7";"0";"2";"8";"1";"1";""
"202100015077";"174Â 756";"A01";"2";"14";"0";"2";"1";"1";"1";""
"202100015077";"174Â 757";"B01";"2";"10";"0";"2";"4";"23";"1";""
"202100015078";"174Â 754";"A01";"0";"7";"0";"1";"1";"26";"0";""
"202100015079";"174Â 752";"A01";"2";"2";"0";"2";"1";"1";"1";""
"202100015079";"174Â 753";"B01";"2";"7";"0";"2";"8";"1";"1";""
"202100015080";"174Â 750";"A01";"1";"50";"0";"0";"0";"0";"3";""
"202100015081";"174Â 749";"A01";"1";"7";"0";"1";"1";"1";"1";""
"202100015082";"174Â 748";"A01";"3";"7";"16";"0";"9";"1";"1";""
"202100015083";"174Â 745";"B01";"3";"7";"0";"2";"4";"2";"1";""
"202100015083";"174Â 746";"C01";"3";"7";"0";"2";"4";"2";"1";""
"202100015083";"174Â 747";"A01";"3";"10";"0";"2";"1";"2";"1";""
"202100015084";"174Â 744";"A01";"2";"30";"0";"1";"1";"7";"1";""
"202100015085";"174Â 742";"B01";"3";"33";"0";"2";"8";"2";"1";""
"202100015085";"174Â 743";"A01";"3";"34";"0";"2";"2";"12";"1";""
"202100015086";"174Â 741";"A01";"3";"7";"4";"0";"1";"1";"1";""
"202100015087";"174Â 740";"A01";"2";"30";"12";"0";"1";"1";"1";""
"202100015088";"174Â 738";"B01";"3";"7";"0";"2";"8";"23";"1";""
"202100015088";"174Â 739";"A01";"3";"7";"0";"2";"1";"19";"1";""
"202100015089";"174Â 736";"A01";"2";"7";"0";"2";"1";"2";"1";""
"202100015089";"174Â 737";"B01";"2";"7";"0";"2";"4";"2";"1";""
"202100015090";"174Â 732";"A01";"2";"7";"0";"2";"3";"13";"1";""
"202100015090";"174Â 733";"B01";"1";"2";"0";"2";"3";"1";"1";""
"202100015091";"174Â 730";"B01";"1";"1";"0";"2";"1";"1";"5";""
"202100015091";"174Â 731";"A01";"1";"7";"0";"2";"7";"15";"1";""
"202100015092";"174Â 728";"A01";"1";"7";"0";"2";"1";"2";"2";""
"202100015092";"174Â 729";"B01";"1";"1";"0";"2";"1";"2";"5";""
"202100015093";"174Â 727";"A01";"2";"7";"3";"0";"1";"21";"1";""
"202100015094";"174Â 725";"A01";"3";"10";"0";"2";"1";"1";"1";""
"202100015094";"174Â 726";"B01";"3";"7";"0";"2";"3";"1";"1";""
"202100015095";"174Â 723";"A01";"1";"1";"0";"2";"3";"21";"5";""
"202100015095";"174Â 724";"B01";"1";"10";"0";"2";"3";"21";"1";""
"202100015096";"174Â 721";"A01";"1";"7";"0";"2";"2";"15";"1";""
"202100015096";"174Â 722";"B01";"2";"1";"0";"2";"1";"1";"5";""
"202100015097";"174Â 720";"A01";"1";"7";"0";"1";"1";"1";"1";""
"202100015098";"174Â 718";"A01";"2";"7";"0";"2";"1";"1";"1";""
"202100015098";"174Â 719";"B01";"1";"37";"0";"2";"3";"1";"1";"1"
"202100015099";"174Â 717";"A01";"2";"7";"0";"1";"2";"1";"1";""
"202100015100";"174Â 716";"A01";"3";"7";"15";"0";"2";"14";"1";""
"202100015101";"174Â 715";"A01";"1";"43";"0";"0";"0";"14";"1";""
"202100015102";"174Â 712";"C01";"1";"10";"0";"2";"6";"1";"1";""
"202100015102";"174Â 713";"B01";"1";"7";"0";"2";"7";"1";"2";""
"202100015102";"174Â 714";"A01";"1";"33";"0";"2";"3";"3";"1";""
"202100015103";"174Â 710";"A01";"2";"33";"0";"2";"8";"11";"1";""
"202100015103";"174Â 711";"B01";"2";"7";"0";"2";"4";"1";"1";""
"202100015104";"174Â 708";"B01";"2";"10";"0";"2";"6";"1";"1";""
"202100015104";"174Â 709";"A01";"2";"7";"0";"2";"5";"18";"1";""
"202100015105";"174Â 706";"A01";"2";"7";"0";"2";"1";"2";"1";""
"202100015105";"174Â 707";"B01";"2";"10";"0";"2";"4";"23";"1";""
"202100015106";"174Â 704";"B01";"1";"32";"0";"2";"3";"15";"1";""
"202100015106";"174Â 705";"A01";"1";"10";"0";"2";"2";"17";"1";""
"202100015107";"174Â 702";"A01";"3";"7";"0";"2";"1";"16";"1";""
"202100015107";"174Â 703";"B01";"0";"80";"0";"2";"8";"1";"3";""
"202100015108";"174Â 700";"B01";"2";"7";"0";"2";"2";"15";"2";""
"202100015108";"174Â 701";"A01";"1";"2";"0";"2";"1";"1";"3";""
"202100015109";"174Â 699";"A01";"2";"7";"0";"1";"2";"1";"1";""
"202100015110";"174Â 698";"A01";"1";"30";"0";"0";"0";"21";"3";""
"202100015111";"174Â 697";"A01";"1";"34";"0";"1";"8";"1";"1";""
"202100015112";"174Â 695";"B01";"1";"1";"0";"2";"7";"16";"5";""
"202100015112";"174Â 696";"A01";"1";"1";"0";"2";"7";"1";"5";""
"202100015113";"174Â 693";"A01";"3";"7";"0";"2";"3";"9";"1";""
"202100015113";"174Â 694";"B01";"3";"32";"0";"2";"1";"1";"1";""
"202100015114";"174Â 691";"A01";"2";"7";"0";"2";"8";"22";"1";""
"202100015114";"174Â 692";"B01";"2";"1";"0";"2";"2";"1";"5";""
"202100015115";"174Â 690";"A01";"1";"1";"0";"1";"7";"1";"5";""
"202100015116";"174Â 688";"A01";"2";"30";"0";"2";"1";"16";"1";""
"202100015116";"174Â 689";"B01";"2";"7";"0";"2";"3";"1";"1";""
"202100015117";"174Â 686";"A01";"1";"31";"0";"2";"7";"2";"3";""
"202100015117";"174Â 687";"B01";"1";"32";"0";"2";"7";"23";"1";""
"202100015118";"174Â 685";"A01";"2";"30";"0";"1";"3";"21";"1";""
"202100015119";"174Â 684";"A01";"1";"1";"0";"0";"0";"1";"5";""
"202100015120";"174Â 682";"A01";"1";"32";"9";"2";"1";"18";"1";""
"202100015120";"174Â 683";"B01";"1";"7";"0";"2";"5";"22";"2";""
"202100015121";"174Â 681";"A01";"2";"7";"0";"1";"3";"1";"1";""
"202100015122";"174Â 679";"B01";"1";"50";"0";"2";"2";"14";"3";""
"202100015122";"174Â 680";"A01";"1";"7";"0";"9";"8";"1";"1";""
"202100015123";"174Â 677";"B01";"0";"31";"0";"2";"1";"2";"1";""
"202100015123";"174Â 678";"A01";"0";"7";"0";"2";"1";"15";"1";""
"202100015124";"174Â 676";"A01";"3";"2";"1";"0";"0";"1";"1";""
"202100015125";"174Â 674";"A01";"1";"33";"0";"2";"0";"1";"1";""
"202100015125";"174Â 675";"B01";"1";"17";"0";"2";"6";"1";"1";""
"202100015126";"174Â 672";"B01";"2";"33";"0";"2";"8";"1";"1";""
"202100015126";"174Â 673";"A01";"2";"7";"0";"2";"3";"15";"3";""
"202100015127";"174Â 670";"B01";"1";"33";"0";"2";"8";"2";"1";""
"202100015127";"174Â 671";"A01";"1";"10";"0";"2";"3";"13";"1";""
"202100015128";"174Â 668";"A01";"1";"7";"0";"2";"1";"0";"0";""
"202100015128";"174Â 669";"B01";"2";"32";"0";"2";"7";"3";"1";""
"202100015129";"174Â 666";"B01";"3";"7";"0";"2";"6";"2";"1";""
"202100015129";"174Â 667";"A01";"3";"7";"0";"2";"1";"2";"1";""
"202100015130";"174Â 665";"A01";"2";"7";"0";"1";"1";"1";"1";""
"202100015131";"174Â 663";"A01";"1";"7";"0";"2";"2";"12";"1";""
"202100015131";"174Â 664";"B01";"1";"33";"0";"2";"3";"2";"1";""
"202100015132";"174Â 662";"A01";"1";"7";"0";"1";"3";"15";"1";""
"202100015133";"174Â 660";"A01";"1";"7";"0";"9";"8";"15";"1";""
"202100015133";"174Â 661";"Y01";"1";"1";"0";"2";"7";"1";"5";""
"202100015134";"174Â 658";"A01";"0";"37";"0";"2";"3";"1";"1";"2"
"202100015134";"174Â 659";"B01";"0";"7";"0";"2";"2";"12";"1";""
"202100015135";"174Â 656";"B01";"3";"7";"0";"0";"3";"1";"1";""
"202100015135";"174Â 657";"A01";"1";"7";"0";"0";"2";"1";"1";""
"202100015136";"174Â 654";"B01";"1";"10";"1";"0";"7";"1";"1";""
"202100015136";"174Â 655";"A01";"1";"7";"1";"2";"1";"26";"1";""
"202100015137";"174Â 652";"B01";"1";"50";"0";"2";"8";"25";"3";""
"202100015137";"174Â 653";"A01";"1";"10";"0";"9";"1";"15";"1";""
"202100015138";"174Â 651";"A01";"1";"1";"0";"0";"8";"14";"5";""
"202100015139";"174Â 649";"B01";"2";"32";"0";"2";"1";"0";"1";""
"202100015139";"174Â 650";"A01";"2";"7";"0";"2";"3";"11";"1";""
"202100015140";"174Â 647";"A01";"2";"7";"0";"2";"3";"15";"1";""
"202100015140";"174Â 648";"B01";"1";"32";"0";"2";"8";"1";"1";""
"202100015141";"174Â 646";"B01";"2";"7";"0";"1";"7";"1";"1";""
"202100015142";"174Â 644";"A01";"1";"7";"0";"2";"8";"22";"1";""
"202100015142";"174Â 645";"B01";"1";"1";"1";"0";"1";"1";"5";""
"202100015143";"174Â 642";"B01";"1";"10";"0";"2";"2";"15";"1";""
"202100015143";"174Â 643";"A01";"1";"30";"0";"2";"2";"1";"1";""
"202100015144";"174Â 640";"B01";"2";"7";"0";"2";"4";"23";"1";""
"202100015144";"174Â 641";"A01";"2";"14";"0";"2";"1";"2";"1";""
"202100015145";"174Â 638";"A01";"3";"10";"0";"2";"1";"15";"1";""
"202100015145";"174Â 639";"B01";"3";"7";"0";"2";"3";"19";"1";""
"202100015146";"174Â 636";"B01";"1";"7";"0";"2";"5";"16";"1";""
"202100015146";"174Â 637";"A01";"1";"30";"0";"2";"1";"16";"1";""
"202100015147";"174Â 634";"B01";"1";"7";"0";"2";"1";"1";"1";""
"202100015147";"174Â 635";"A01";"2";"2";"0";"2";"1";"23";"1";""
"202100015148";"174Â 632";"B01";"1";"7";"0";"2";"1";"1";"1";""
"202100015148";"174Â 633";"A01";"2";"7";"0";"2";"1";"17";"1";""
"202100015149";"174Â 630";"B01";"3";"7";"0";"2";"1";"1";"1";""
"202100015149";"174Â 631";"A01";"2";"7";"0";"0";"8";"2";"1";""
"202100015150";"174Â 629";"A01";"2";"7";"0";"0";"1";"1";"1";""
"202100015151";"174Â 627";"B01";"2";"10";"0";"2";"1";"1";"1";""
"202100015151";"174Â 628";"A01";"1";"10";"0";"2";"1";"17";"1";""
"202100015152";"174Â 626";"A01";"2";"33";"0";"0";"0";"1";"1";""
"202100015153";"174Â 624";"B01";"3";"7";"0";"2";"3";"1";"1";""
"202100015153";"174Â 625";"A01";"3";"7";"0";"2";"3";"13";"1";""
"202100015154";"174Â 622";"A01";"1";"7";"0";"2";"1";"9";"1";""
"202100015154";"174Â 623";"B01";"1";"50";"0";"0";"7";"1";"3";""
"202100015155";"174Â 621";"A01";"1";"33";"0";"0";"7";"1";"1";""
"202100015156";"174Â 620";"A01";"3";"7";"8";"0";"3";"0";"1";""
"202100015157";"174Â 619";"A01";"2";"33";"13";"0";"0";"1";"1";""
"202100015158";"174Â 617";"B01";"2";"2";"0";"2";"1";"1";"1";""
"202100015158";"174Â 618";"A01";"1";"7";"0";"2";"3";"17";"1";""
"202100015159";"174Â 615";"B01";"1";"7";"0";"2";"1";"1";"1";""
"202100015159";"174Â 616";"A01";"1";"7";"0";"2";"8";"19";"1";""
"202100015160";"174Â 613";"B01";"1";"33";"0";"9";"1";"1";"1";""
"202100015160";"174Â 614";"A01";"2";"7";"8";"0";"0";"13";"1";""
"202100015161";"174Â 611";"B01";"1";"7";"0";"2";"1";"17";"1";""
"202100015161";"174Â 612";"A01";"1";"7";"0";"2";"3";"15";"1";""
"202100015162";"174Â 609";"B01";"2";"7";"0";"0";"6";"23";"1";""
"202100015162";"174Â 610";"A01";"2";"7";"1";"9";"5";"19";"1";""
"202100015163";"174Â 607";"A01";"1";"2";"0";"2";"7";"1";"1";""
"202100015163";"174Â 608";"B01";"0";"7";"0";"2";"1";"19";"1";""
"202100015164";"174Â 605";"B01";"2";"7";"0";"2";"0";"0";"0";""
"202100015164";"174Â 606";"A01";"2";"2";"0";"0";"6";"23";"1";""
"202100015165";"174Â 603";"A01";"1";"31";"0";"0";"7";"1";"1";""
"202100015165";"174Â 604";"B01";"2";"7";"0";"9";"1";"1";"1";""
"202100015166";"174Â 600";"B01";"2";"7";"0";"2";"3";"1";"1";""
"202100015166";"174Â 601";"C01";"2";"7";"0";"2";"3";"1";"1";""
"202100015166";"174Â 602";"A01";"1";"7";"0";"2";"3";"13";"1";""
"202100015167";"174Â 598";"B01";"2";"33";"0";"2";"1";"1";"1";""
"202100015167";"174Â 599";"A01";"2";"7";"0";"2";"8";"15";"1";""
"202100015168";"174Â 595";"C01";"0";"7";"3";"0";"1";"1";"1";""
"202100015168";"174Â 596";"B01";"0";"7";"0";"0";"1";"1";"1";""
"202100015168";"174Â 597";"A01";"0";"7";"0";"0";"1";"13";"2";""
"202100015169";"174Â 593";"B01";"2";"14";"0";"2";"3";"21";"1";""
"202100015169";"174Â 594";"A01";"1";"2";"0";"2";"1";"21";"1";""
"202100015170";"174Â 591";"A01";"1";"7";"0";"2";"2";"2";"1";""
"202100015170";"174Â 592";"B01";"1";"13";"0";"2";"6";"2";"1";""
"202100015171";"174Â 590";"A01";"2";"7";"0";"1";"3";"1";"1";""
"202100015172";"174Â 588";"B01";"2";"10";"0";"2";"1";"1";"1";""
"202100015172";"174Â 589";"A01";"1";"2";"0";"2";"1";"13";"1";""
"202100015173";"174Â 587";"A01";"3";"33";"16";"0";"7";"1";"1";""
"202100015174";"174Â 585";"B01";"1";"10";"0";"2";"1";"15";"1";""
"202100015174";"174Â 586";"A01";"2";"2";"0";"2";"1";"15";"1";""
"202100015175";"174Â 583";"B01";"1";"7";"0";"2";"1";"1";"1";""
"202100015175";"174Â 584";"A01";"2";"31";"0";"2";"1";"13";"1";""
"202100015176";"174Â 582";"A01";"0";"10";"0";"1";"3";"0";"1";""
"202100015177";"174Â 580";"B01";"0";"33";"0";"2";"1";"1";"1";""
"202100015177";"174Â 581";"A01";"0";"7";"0";"2";"2";"15";"1";""
"202100015178";"174Â 579";"A01";"0";"31";"0";"1";"0";"1";"1";""
"202100015179";"174Â 578";"A01";"1";"7";"8";"0";"2";"14";"1";""