"Num_Acc";"id_vehicule";"num_veh";"senc";"catv";"obs";"obsm";"choc";"manv";"motor";"occutc"
"202100015180";"174Â 577";"A01";"2";"7";"2";"0";"1";"14";"1";""
"202100015181";"174Â 575";"B01";"1";"15";"0";"0";"4";"1";"1";""
"202100015181";"174Â 576";"A01";"1";"7";"0";"2";"1";"12";"2";""
"202100015182";"174Â 572";"A01";"1";"7";"0";"2";"2";"3";"1";""
"202100015182";"174Â 573";"C01";"1";"7";"0";"5";"3";"2";"1";""
"202100015182";"174Â 574";"B01";"2";"7";"0";"2";"2";"21";"1";""
"202100015183";"174Â 571";"A01";"1";"1";"0";"0";"0";"2";"5";""
"202100015184";"174Â 570";"A01";"1";"37";"0";"1";"5";"1";"1";"2"
"202100015185";"174Â 566";"A01";"1";"7";"0";"2";"3";"16";"0";""
"202100015185";"174Â 567";"B01";"1";"2";"0";"2";"1";"17";"1";""
"202100015186";"174Â 565";"A01";"0";"7";"6";"0";"0";"6";"1";""
"202100015187";"174Â 563";"A01";"1";"13";"0";"2";"2";"0";"1";""
"202100015187";"174Â 564";"B01";"1";"1";"0";"0";"4";"0";"5";""
"202100015188";"174Â 561";"A01";"2";"7";"0";"2";"2";"1";"1";""
"202100015188";"174Â 562";"B01";"1";"7";"0";"2";"3";"1";"1";""
"202100015189";"174Â 559";"A01";"3";"7";"12";"0";"2";"26";"1";""
"202100015189";"174Â 560";"B01";"3";"2";"0";"0";"0";"0";"1";""
"202100015190";"174Â 557";"A01";"2";"7";"0";"0";"7";"1";"2";""
"202100015190";"174Â 558";"B01";"3";"7";"0";"0";"2";"15";"1";""
"202100015191";"174Â 555";"A01";"2";"7";"0";"2";"4";"1";"1";""
"202100015191";"174Â 556";"B01";"2";"7";"0";"2";"1";"1";"1";""
"202100015192";"174Â 553";"B01";"1";"7";"0";"2";"1";"2";"1";""
"202100015192";"174Â 554";"A01";"1";"7";"0";"2";"4";"1";"1";""
"202100015193";"174Â 551";"B01";"2";"7";"0";"2";"4";"2";"1";""
"202100015193";"174Â 552";"A01";"2";"7";"0";"2";"1";"2";"1";""
"202100015194";"174Â 549";"B01";"1";"7";"0";"2";"8";"26";"1";""
"202100015194";"174Â 550";"Z01";"1";"7";"0";"2";"1";"26";"0";""
"202100015195";"174Â 547";"A01";"2";"7";"0";"2";"4";"26";"1";""
"202100015195";"174Â 548";"B01";"2";"0";"0";"2";"0";"0";"0";""
"202100015196";"174Â 544";"A01";"1";"7";"0";"2";"5";"1";"1";""
"202100015196";"174Â 545";"C01";"1";"7";"0";"2";"4";"2";"1";""
"202100015196";"174Â 546";"B01";"1";"43";"0";"2";"1";"3";"1";""
"202100015197";"174Â 542";"A01";"2";"7";"0";"2";"1";"2";"1";""
"202100015197";"174Â 543";"B01";"2";"7";"0";"2";"4";"1";"1";""
"202100015198";"174Â 540";"A01";"2";"33";"0";"2";"1";"1";"1";""
"202100015198";"174Â 541";"B01";"2";"7";"0";"2";"4";"2";"1";""
"202100015199";"174Â 538";"A01";"2";"33";"0";"2";"1";"3";"1";""
"202100015199";"174Â 539";"B01";"2";"7";"0";"2";"8";"11";"1";""
"202100015200";"174Â 536";"B01";"2";"7";"3";"2";"3";"1";"1";""
"202100015200";"174Â 537";"A01";"1";"7";"4";"2";"3";"5";"1";""
"202100015201";"174Â 534";"A01";"1";"7";"0";"2";"6";"11";"1";""
"202100015201";"174Â 535";"B01";"1";"34";"0";"2";"7";"3";"1";""
"202100015202";"174Â 531";"B01";"2";"10";"0";"2";"1";"1";"1";""
"202100015202";"174Â 532";"C01";"2";"10";"0";"2";"4";"1";"1";""
"202100015202";"174Â 533";"A01";"2";"7";"0";"2";"4";"23";"1";""
"202100015203";"174Â 528";"A01";"2";"7";"0";"2";"1";"2";"1";""
"202100015203";"174Â 529";"B01";"2";"7";"0";"2";"4";"2";"1";""
"202100015203";"174Â 530";"C01";"2";"7";"0";"2";"4";"2";"1";""
"202100015204";"174Â 525";"C01";"2";"7";"0";"2";"4";"2";"1";""
"202100015204";"174Â 526";"B01";"2";"7";"0";"2";"4";"2";"1";""
"202100015204";"174Â 527";"A01";"2";"13";"0";"2";"1";"2";"1";""
"202100015205";"174Â 523";"B01";"2";"33";"0";"2";"3";"2";"1";""
"202100015205";"174Â 524";"A01";"2";"7";"0";"2";"5";"1";"2";""
"202100015206";"174Â 521";"B01";"2";"7";"0";"2";"4";"2";"1";""
"202100015206";"174Â 522";"A01";"2";"7";"0";"2";"1";"2";"1";""
"202100015207";"174Â 518";"C01";"1";"7";"0";"2";"1";"2";"1";""
"202100015207";"174Â 519";"B01";"1";"7";"0";"2";"1";"2";"1";""
"202100015207";"174Â 520";"A01";"1";"7";"0";"2";"4";"2";"3";""
"202100015208";"174Â 517";"A01";"1";"7";"0";"0";"1";"2";"1";""
"202100015209";"174Â 514";"C01";"1";"15";"0";"2";"1";"2";"1";""
"202100015209";"174Â 515";"B01";"1";"7";"0";"2";"4";"2";"1";""
"202100015209";"174Â 516";"A01";"1";"7";"0";"2";"1";"2";"1";""
"202100015210";"174Â 512";"B01";"1";"7";"4";"0";"2";"0";"1";""
"202100015210";"174Â 513";"A01";"1";"10";"0";"2";"1";"0";"1";""
"202100015211";"174Â 510";"B01";"2";"7";"0";"2";"4";"1";"1";""
"202100015211";"174Â 511";"A01";"2";"31";"0";"2";"1";"3";"1";""
"202100015212";"174Â 508";"Z01";"1";"10";"0";"2";"1";"0";"0";""
"202100015212";"174Â 509";"A01";"1";"7";"0";"2";"4";"21";"1";""
"202100015213";"174Â 507";"A01";"2";"10";"0";"1";"2";"1";"1";""
"202100015214";"174Â 506";"A01";"1";"33";"3";"0";"3";"1";"1";""
"202100015215";"174Â 503";"C01";"1";"31";"0";"2";"2";"3";"1";""
"202100015215";"174Â 504";"A01";"1";"17";"0";"9";"7";"1";"1";""
"202100015215";"174Â 505";"B01";"1";"7";"0";"2";"6";"1";"1";""
"202100015216";"174Â 501";"B01";"2";"7";"0";"2";"1";"1";"1";""
"202100015216";"174Â 502";"A01";"2";"7";"0";"2";"4";"26";"1";""
"202100015217";"174Â 499";"A01";"2";"7";"0";"0";"5";"9";"1";""
"202100015217";"174Â 500";"B01";"2";"33";"0";"0";"1";"17";"1";""
"202100015218";"174Â 498";"A01";"2";"7";"4";"0";"3";"1";"1";""
"202100015219";"174Â 496";"B01";"3";"43";"0";"2";"1";"1";"1";""
"202100015219";"174Â 497";"A01";"3";"32";"0";"2";"1";"1";"1";""
"202100015220";"174Â 495";"A01";"2";"7";"1";"0";"1";"14";"1";""
"202100015221";"174Â 493";"B01";"1";"7";"0";"2";"1";"15";"1";""
"202100015221";"174Â 494";"A01";"2";"30";"0";"2";"7";"17";"1";""
"202100015222";"174Â 492";"A01";"3";"33";"1";"0";"1";"1";"1";""
"202100015223";"174Â 490";"A01";"1";"7";"2";"2";"4";"5";"1";""
"202100015223";"174Â 491";"B01";"1";"7";"0";"2";"1";"5";"1";""
"202100015224";"174Â 488";"B01";"2";"1";"0";"2";"1";"17";"5";""
"202100015224";"174Â 489";"A01";"2";"1";"0";"2";"4";"13";"5";""
"202100015225";"174Â 486";"A01";"2";"7";"0";"2";"2";"10";"2";""
"202100015225";"174Â 487";"B01";"1";"33";"0";"2";"8";"1";"1";""
"202100015226";"174Â 485";"A01";"2";"1";"0";"1";"1";"1";"5";""
"202100015227";"174Â 484";"A01";"1";"1";"0";"0";"1";"16";"5";""
"202100015228";"174Â 482";"B01";"3";"7";"0";"2";"1";"1";"1";""
"202100015228";"174Â 483";"A01";"3";"7";"0";"2";"8";"1";"1";""
"202100015229";"174Â 480";"B01";"3";"7";"0";"2";"1";"23";"1";""
"202100015229";"174Â 481";"A01";"3";"2";"0";"2";"1";"17";"1";""
"202100015230";"174Â 479";"A01";"1";"7";"0";"1";"2";"1";"1";""
"202100015231";"174Â 478";"A01";"1";"1";"0";"0";"0";"1";"5";""
"202100015232";"174Â 476";"A01";"2";"7";"0";"2";"2";"1";"1";""
"202100015232";"174Â 477";"B01";"2";"10";"0";"2";"3";"1";"1";""
"202100015233";"174Â 475";"A01";"1";"50";"8";"0";"7";"16";"3";""
"202100015234";"174Â 473";"B01";"1";"1";"0";"2";"1";"1";"5";""
"202100015234";"174Â 474";"A01";"2";"7";"0";"9";"1";"15";"1";""
"202100015235";"174Â 472";"A01";"1";"7";"0";"1";"1";"1";"1";""
"202100015236";"174Â 470";"B01";"1";"7";"0";"2";"3";"1";"1";""
"202100015236";"174Â 471";"A01";"2";"7";"1";"2";"3";"13";"1";""
"202100015237";"174Â 468";"A01";"1";"1";"0";"2";"8";"19";"5";""
"202100015237";"174Â 469";"B01";"1";"7";"0";"2";"1";"15";"1";""
"202100015238";"174Â 466";"A01";"2";"40";"0";"9";"1";"26";"3";""
"202100015238";"174Â 467";"B01";"2";"1";"0";" -1";"2";"26";"5";""
"202100015239";"174Â 465";"A01";"1";"50";"0";"1";"1";"0";"3";""
"202100015240";"174Â 463";"B01";"1";"2";"0";"2";"1";"5";"1";""
"202100015240";"174Â 464";"A01";"1";"7";"0";"2";"3";"10";"1";""
"202100015241";"174Â 461";"A01";"3";"30";"0";"2";"3";"13";"1";""
"202100015241";"174Â 462";"B01";"3";"7";"0";"2";"2";"15";"1";""
"202100015242";"174Â 460";"A01";"2";"7";"0";"1";"0";"16";"1";""
"202100015243";"174Â 458";"A01";"2";"7";"0";"2";"3";"15";"1";""
"202100015243";"174Â 459";"B01";"1";"50";"0";"2";"3";"1";"3";""
"202100015244";"174Â 457";"A01";"1";"30";"0";"1";"1";"7";"1";""
"202100015245";"174Â 456";"A01";"1";"31";"0";"0";"1";"1";"1";""
"202100015246";"174Â 455";"A01";"3";"7";"0";"1";"2";"1";"0";""
"202100015247";"174Â 453";"A01";"2";"7";"0";"2";"1";"1";"1";""
"202100015247";"174Â 454";"B01";"1";"33";"0";"2";"8";"1";"1";""
"202100015248";"174Â 452";"A01";"3";"33";"0";"1";"7";"1";"1";""
"202100015249";"174Â 451";"A01";"1";"7";"0";"1";"3";"15";"1";""
"202100015250";"174Â 450";"A01";"1";"7";"6";"0";"1";"0";"1";""
"202100015251";"174Â 448";"A01";"1";"2";"0";"2";"1";"2";"1";""
"202100015251";"174Â 449";"B01";"1";"7";"0";"0";"4";"1";"1";""
"202100015252";"174Â 446";"B01";"1";"7";"4";"0";"4";"2";"1";""
"202100015252";"174Â 447";"A01";"1";"7";"0";"0";"1";"11";"1";""
"202100015253";"174Â 445";"A01";"2";"7";"13";"0";"2";"1";"1";""
"202100015254";"174Â 444";"A01";"1";"7";"0";"1";"2";"1";"0";""
"202100015255";"174Â 443";"A01";"1";"7";"0";"1";"1";"1";"1";""
"202100015256";"174Â 441";"B01";"3";"31";"0";"2";"1";"13";"1";""
"202100015256";"174Â 442";"A01";"3";"7";"0";"0";"1";"1";"1";""
"202100015257";"174Â 438";"A01";"1";"7";"0";"0";"0";"12";"0";""
"202100015257";"174Â 439";"B01";"1";"7";"3";"2";"1";"1";"1";""
"202100015257";"174Â 440";"C01";"1";"7";"0";"2";"3";"21";"1";""
"202100015258";"174Â 437";"A01";"2";"7";"5";"0";"0";"17";"1";""
"202100015259";"174Â 436";"A01";"2";"7";"13";"0";"9";"1";"1";""
"202100015260";"174Â 434";"A01";"1";"7";"0";"2";"2";"1";"1";""
"202100015260";"174Â 435";"B01";"2";"7";"15";"2";"1";"1";"1";""
"202100015261";"174Â 432";"A01";"2";"7";"0";"0";"3";"0";"1";""
"202100015262";"174Â 430";"B01";"2";"7";"0";"2";"3";"23";"1";""
"202100015262";"174Â 431";"A01";"2";"7";"0";"2";"3";"15";"1";""
"202100015263";"174Â 429";"A01";"2";"1";"1";"0";"1";"2";"5";""
"202100015264";"174Â 427";"B01";"1";"7";"0";"2";"1";"1";"1";""
"202100015264";"174Â 428";"A01";"2";"7";"0";"2";"1";"13";"1";""
"202100015265";"174Â 426";"A01";"0";"2";"0";"0";"0";"1";"1";""
"202100015266";"174Â 424";"A01";"0";"7";"0";"2";"1";"19";"1";""
"202100015266";"174Â 425";"B01";"0";"33";"0";"2";"8";"1";"1";""
"202100015267";"174Â 423";"A01";"1";"2";"0";"0";"0";"17";"1";""
"202100015268";"174Â 422";"A01";"1";"2";"0";"0";"2";"2";"0";""
"202100015269";"174Â 420";"A01";"2";"33";"2";"0";"2";"1";"1";""
"202100015270";"174Â 418";"A01";"1";"7";"0";"2";"5";"17";"1";""
"202100015270";"174Â 419";"B01";"1";"36";"0";"2";"3";"15";"1";""
"202100015271";"174Â 416";"B01";"2";"7";"12";"2";"1";"1";"1";""
"202100015271";"174Â 417";"A01";"1";"7";"12";"2";"3";"19";"1";""
"202100015272";"174Â 414";"A01";"2";"7";"0";"2";"3";"13";"1";""
"202100015272";"174Â 415";"B01";"1";"15";"0";"2";"3";"1";"1";""
"202100015273";"174Â 412";"A01";"2";"33";"0";"2";"1";"1";"1";""
"202100015273";"174Â 413";"B01";"2";"21";"0";"0";"4";"15";"1";""
"202100015274";"174Â 410";"A01";"1";"7";"2";"0";"3";"0";"0";""
"202100015275";"174Â 409";"A01";"3";"14";"0";"0";"0";"1";"0";""
"202100015276";"174Â 407";"A01";"1";"7";"0";"2";"1";"1";"1";""
"202100015276";"174Â 408";"B01";"1";"7";"0";"2";"3";"15";"1";""
"202100015277";"174Â 406";"A01";"1";"7";"6";"0";"1";"1";"1";""
"202100015278";"174Â 404";"B01";"0";"2";"0";"2";"1";"1";"1";""
"202100015278";"174Â 405";"A01";"0";"10";"0";"9";"6";"1";"1";""
"202100015279";"174Â 403";"A01";"3";"33";"12";"0";"1";"1";"1";""
"202100015280";"174Â 401";"B01";"1";"17";"0";"2";"6";"1";"1";""
"202100015280";"174Â 402";"A01";"1";"10";"0";"2";"2";"1";"1";""
"202100015281";"174Â 399";"B01";"2";"17";"0";"2";"3";"1";"1";""
"202100015281";"174Â 400";"A01";"1";"7";"0";"2";"3";"5";"1";""
"202100015282";"174Â 398";"A01";"1";"7";"3";"0";"1";"0";"1";""
"202100015283";"174Â 394";"C01";"1";"7";"0";"2";"2";"1";"1";""
"202100015283";"174Â 395";"A01";"1";"7";"5";"2";"1";"0";"1";""
"202100015283";"174Â 396";"B01";"1";"7";"0";"2";"4";"1";"1";""
"202100015283";"174Â 397";"D01";"1";"7";"0";"2";"1";"0";"1";""
"202100015284";"174Â 391";"C01";"1";"7";"0";"2";"1";"2";"1";""
"202100015284";"174Â 392";"B01";"2";"7";"0";"2";"4";"1";"1";""
"202100015284";"174Â 393";"A01";"2";"7";"0";"0";"3";"9";"1";""
"202100015285";"174Â 390";"A01";"1";"7";"9";"0";"3";"0";"1";""
"202100015286";"174Â 388";"A01";"2";"7";"0";"2";"3";"15";"2";""
"202100015286";"174Â 389";"B01";"1";"33";"0";"2";"8";"1";"1";""
"202100015287";"174Â 386";"A01";"1";"7";"0";"0";"2";"15";"1";""
"202100015287";"174Â 387";"B01";"2";"33";"0";"0";"1";"0";"1";""
"202100015288";"174Â 384";"A01";"1";"1";"0";"0";"4";"2";"5";""
"202100015288";"174Â 385";"B01";"1";"7";"0";"9";"1";"2";"1";""
"202100015289";"174Â 382";"B01";"1";"1";"0";"2";"4";"1";"5";""
"202100015289";"174Â 383";"A01";"1";"31";"0";"2";"1";"1";"1";""
"202100015290";"174Â 381";"A01";"1";"7";"2";"0";"1";"14";"1";""
"202100015291";"174Â 379";"A01";"2";"7";"0";"2";"1";"2";"1";""
"202100015291";"174Â 380";"B01";"2";"7";"0";"0";"4";"23";"1";""
"202100015292";"174Â 378";"A01";"1";"33";"0";"6";"3";"1";"1";""
"202100015293";"174Â 377";"A01";"1";"7";"13";"0";"1";"2";"1";""
"202100015294";"174Â 376";"A01";"1";"7";"2";"0";"0";"0";"1";""
"202100015295";"174Â 374";"A01";"1";"7";"0";"0";"2";"1";"1";""
"202100015295";"174Â 375";"B01";"2";"7";"0";"0";"2";"1";"1";""
"202100015296";"174Â 371";"A01";"1";"33";"0";"2";"7";"12";"1";""
"202100015296";"174Â 372";"B01";"1";"7";"0";"2";"8";"18";"1";""
"202100015297";"174Â 368";"B01";"2";"7";"0";"2";"4";"1";"1";""
"202100015297";"174Â 369";"C01";"2";"7";"0";"2";"6";"1";"1";""
"202100015297";"174Â 370";"A01";"2";"7";"3";"2";"2";"14";"1";""
"202100015298";"174Â 366";"B01";"2";"7";"0";"2";"4";"2";"1";""
"202100015298";"174Â 367";"A01";"2";"7";"0";"2";"1";"2";"1";""
"202100015299";"174Â 364";"A01";"2";"7";"0";"2";"5";"12";"1";""
"202100015299";"174Â 365";"B01";"2";"33";"0";"2";"1";"0";"1";""
"202100015300";"174Â 362";"B01";"1";"10";"0";"2";"6";"26";"1";""
"202100015300";"174Â 363";"A01";"1";"32";"0";"0";"1";"14";"1";""
"202100015301";"174Â 360";"A01";"1";"7";"1";"0";"1";"1";"2";""
"202100015301";"174Â 361";"B01";"1";"7";"0";"0";"4";"23";"1";""
"202100015302";"174Â 358";"A01";"2";"7";"0";"2";"6";"11";"1";""
"202100015302";"174Â 359";"B01";"2";"31";"0";"2";"2";"1";"0";""
"202100015303";"174Â 356";"B01";"2";"7";"0";"2";"3";"11";"1";""
"202100015303";"174Â 357";"A01";"2";"33";"0";"2";"7";"3";"1";""
"202100015304";"174Â 354";"B01";"2";"7";"0";"2";"4";"0";"1";""
"202100015304";"174Â 355";"A01";"2";"7";"0";"2";"1";"2";"1";""
"202100015305";"174Â 349";"A01";"2";"7";"0";"2";"1";"0";"1";""
"202100015305";"174Â 350";"B01";"2";"7";"0";"2";"0";"0";"1";""
"202100015305";"174Â 351";"C01";"2";"7";"0";"2";"1";"0";"1";""
"202100015305";"174Â 352";"D01";"2";"7";"0";"2";"1";"0";"1";""
"202100015305";"174Â 353";"E01";"2";"7";"0";"2";"1";"0";"1";""
"202100015306";"174Â 347";"A01";"1";"10";"0";"2";"4";"2";"1";""
"202100015306";"174Â 348";"B01";"1";"10";"0";"2";"1";"1";"1";""
"202100015307";"174Â 345";"A01";"1";"7";"0";"2";"1";"1";"1";""
"202100015307";"174Â 346";"B01";"1";"7";"0";"2";"4";"2";"1";""
"202100015308";"174Â 343";"B01";"2";"7";"0";"2";"3";"11";"1";""
"202100015308";"174Â 344";"A01";"2";"33";"0";"2";"2";"3";"1";""
"202100015309";"174Â 340";"C01";"1";"7";"0";"2";"8";"13";"1";""
"202100015309";"174Â 341";"A01";"1";"7";"0";"2";"7";"1";"1";""
"202100015309";"174Â 342";"B01";"1";"7";"0";"2";"1";"1";"2";""
"202100015310";"174Â 339";"A01";"2";"7";"0";"0";"8";"2";"1";""
"202100015311";"174Â 338";"A01";"1";"7";"12";"0";"2";"1";"1";""
"202100015312";"174Â 336";"A01";"3";"10";"0";"2";"0";"19";"0";""
"202100015312";"174Â 337";"B01";"3";"60";"0";"2";"0";"19";"5";""
"202100015313";"174Â 335";"A01";"3";"7";"0";"1";"0";"15";"1";""
"202100015314";"174Â 333";"B01";"1";"7";"0";"2";"8";"1";"1";""
"202100015314";"174Â 334";"A01";"2";"7";"1";"2";"9";"0";"1";""
"202100015315";"174Â 331";"B01";"1";"7";"0";"2";"4";"0";"1";""
"202100015315";"174Â 332";"A01";"1";"7";"0";"2";"4";"26";"1";""
"202100015316";"174Â 329";"A01";"2";"7";"0";"2";"1";"1";"1";""
"202100015316";"174Â 330";"B01";"2";"1";"0";"2";"7";"1";"5";""
"202100015317";"174Â 327";"B01";"1";"1";"0";"2";"3";"2";"5";""
"202100015317";"174Â 328";"A01";"1";"7";"0";"9";"2";"2";"1";""
"202100015318";"174Â 326";"A01";"1";"7";"0";"0";"1";"0";"1";""
"202100015319";"174Â 321";"A01";"2";"7";"0";"2";"3";"13";"1";""
"202100015319";"174Â 322";"B01";"2";"7";"0";"2";"3";"1";"1";""
"202100015320";"174Â 319";"B01";"2";"31";"0";"2";"1";"1";"1";""
"202100015320";"174Â 320";"A01";"1";"7";"0";"2";"3";"1";"1";""
"202100015321";"174Â 317";"B01";"1";"7";"0";"2";"1";"1";"1";""
"202100015321";"174Â 318";"A01";"2";"7";"0";"2";"1";"1";"1";""
"202100015322";"174Â 315";"B01";"1";"7";"0";"2";"2";"1";"2";""
"202100015322";"174Â 316";"A01";"1";"7";"0";"2";"7";"15";"1";""
"202100015323";"174Â 313";"B01";"2";"7";"0";"2";"1";"1";"1";""
"202100015323";"174Â 314";"A01";"3";"7";"0";"2";"3";"15";"1";""
"202100015324";"174Â 312";"A01";"0";"10";"0";"1";"3";"15";"0";""
"202100015325";"174Â 310";"A01";"1";"7";"0";"2";"1";"13";"1";""
"202100015325";"174Â 311";"B01";"1";"7";"0";"2";"1";"1";"1";""
"202100015326";"174Â 309";"A01";"3";"7";"8";"0";"2";"14";"1";""
"202100015327";"174Â 308";"A01";"1";"7";"0";"1";"8";"1";"1";""
"202100015328";"174Â 307";"A01";"2";"3";"1";"0";"8";"1";"1";""
"202100015329";"174Â 306";"A01";"1";"7";"0";"1";"0";"1";"1";""
"202100015330";"174Â 305";"A01";"1";"7";"15";"2";"1";"21";"1";""
"202100015331";"174Â 304";"A01";"1";"30";"0";"0";"0";"26";"1";""
"202100015332";"174Â 302";"B01";"1";"7";"0";"2";"6";"2";"1";""
"202100015332";"174Â 303";"A01";"1";"7";"0";"2";"2";"9";"1";""
"202100015333";"174Â 301";"A01";"1";"7";"0";"0";"0";"26";"1";""
"202100015334";"174Â 300";"A01";"2";"7";"13";"0";"1";"26";"1";""
"202100015335";"174Â 298";"A01";"2";"7";"0";"2";"0";"2";"1";""
"202100015335";"174Â 299";"B01";"2";"50";"0";"2";"4";"1";"3";""
"202100015336";"174Â 296";"B01";"1";"7";"0";"2";"4";"0";"1";""
"202100015336";"174Â 297";"A01";"1";"7";"0";"2";"8";"1";"1";""
"202100015337";"174Â 295";"A01";"2";"30";"1";"0";"7";"1";"1";""
"202100015338";"174Â 293";"A01";"3";"30";"0";"2";"3";"2";"1";""
"202100015338";"174Â 294";"B01";"3";"7";"0";"2";"4";"1";"1";""
"202100015339";"174Â 292";"A01";"1";"7";"2";"0";"8";"1";"1";""
"202100015340";"174Â 290";"A01";"1";"13";"0";"2";"2";"17";"1";""
"202100015340";"174Â 291";"B01";"1";"10";"0";"2";"1";"1";"1";""
"202100015341";"174Â 288";"B01";"2";"37";"0";"2";"3";"1";"1";"3"
"202100015341";"174Â 289";"A01";"2";"7";"0";"2";"5";"7";"1";""
"202100015342";"174Â 287";"A01";"0";"32";"0";"0";"6";"15";"1";""
"202100015343";"174Â 285";"A01";"3";"7";"0";"2";"1";"26";"1";""
"202100015343";"174Â 286";"B01";"3";"10";"0";"2";"3";"0";"1";""
"202100015344";"174Â 283";"B01";"1";"31";"0";"2";"3";"1";"1";""
"202100015344";"174Â 284";"A01";"2";"7";"0";"2";"3";"20";"1";""
"202100015345";"174Â 282";"A01";"1";"34";"0";"1";"1";"26";"1";""
"202100015346";"174Â 280";"A01";"3";"7";"0";"2";"3";"9";"1";""
"202100015346";"174Â 281";"B01";"3";"50";"0";"2";"1";"1";"3";""
"202100015347";"174Â 278";"B01";"2";"7";"0";"2";"6";"1";"2";""
"202100015347";"174Â 279";"A01";"2";"10";"0";"2";"1";"13";"1";""
"202100015348";"174Â 277";"A01";"3";"50";"12";"0";"0";"0";"3";""
"202100015349";"174Â 275";"A01";"1";"7";"0";"2";"0";"1";"1";""
"202100015349";"174Â 276";"B01";"1";"7";"0";"2";"0";"1";"1";""
"202100015350";"174Â 274";"A01";"3";"34";"0";"1";"1";"1";"1";""
"202100015351";"174Â 272";"B01";"3";"2";"0";"2";"7";"1";"1";""
"202100015351";"174Â 273";"A01";"3";"7";"0";"2";"2";"9";"1";""
"202100015352";"174Â 270";"B01";"2";"7";"0";"2";"4";"2";"1";""
"202100015352";"174Â 271";"A01";"2";"7";"0";"2";"1";"2";"1";""
"202100015353";"174Â 268";"B01";"1";"7";"0";"2";"4";"23";"1";""
"202100015353";"174Â 269";"A01";"1";"7";"0";"2";"1";"1";"1";""
"202100015354";"174Â 266";"A01";"2";"30";"0";"2";"8";"18";"1";""
"202100015354";"174Â 267";"B01";"2";"38";"0";"2";"7";"2";"1";"1"
"202100015355";"174Â 265";"A01";"2";"7";"0";"1";"1";"1";"2";""
"202100015356";"174Â 263";"Z01";"2";"7";"0";"2";"4";"23";"0";""
"202100015356";"174Â 264";"A01";"2";"1";"0";"2";"1";"1";"5";""
"202100015357";"174Â 261";"B01";"1";"33";"0";"2";"1";"1";"1";""
"202100015357";"174Â 262";"A01";"2";"33";"0";"2";"7";"15";"1";""
"202100015358";"174Â 260";"A01";"3";"38";"6";"0";"1";"1";"1";"4"
"202100015359";"174Â 257";"Z01";"1";"7";"1";"2";"1";"2";"1";""
"202100015359";"174Â 258";"A01";"1";"7";"0";"2";"4";"2";"1";""
"202100015359";"174Â 259";"B01";"1";"7";"0";"2";"4";"2";"1";""
"202100015360";"174Â 256";"A01";"1";"7";"0";"1";"2";"1";"1";""
"202100015361";"174Â 254";"A01";"1";"31";"0";"2";"8";"2";"1";""
"202100015361";"174Â 255";"B01";"1";"7";"0";"2";"6";"2";"1";""
"202100015362";"174Â 251";"A01";"3";"7";"0";"2";"1";"2";"1";""
"202100015362";"174Â 252";"B01";"3";"7";"0";"2";"4";"23";"1";""
"202100015362";"174Â 253";"C01";"3";"7";"0";"2";"4";"23";"1";""
"202100015363";"174Â 249";"A01";"1";"7";"0";"2";"2";"15";"1";""
"202100015363";"174Â 250";"B01";"2";"31";"0";"2";"8";"0";"1";""
"202100015364";"174Â 248";"A01";"1";"7";"3";"0";"7";"9";"1";""
"202100015365";"174Â 244";"B01";"3";"2";"0";"2";"3";"2";"1";""
"202100015365";"174Â 245";"A01";"3";"7";"9";"2";"2";"26";"1";""
"202100015366";"174Â 240";"B01";" -1";"7";"0";"2";"5";"4";"1";""
"202100015366";"174Â 241";"A01";"2";"30";"0";"2";"1";"21";"1";""
"202100015367";"174Â 239";"A01";"0";"33";"7";"0";"1";"26";"1";""
"202100015368";"174Â 237";"A01";"1";"7";"0";"2";"4";"23";"0";""
"202100015368";"174Â 238";"B01";"1";"7";"0";"2";"1";"2";"0";""
"202100015369";"174Â 235";"B01";"1";"1";"1";"0";"1";"1";"0";""
"202100015369";"174Â 236";"A01";"1";"7";"0";"2";"8";"22";"1";""
"202100015370";"174Â 233";"A01";"3";"40";"0";"2";"1";"19";"0";""
"202100015370";"174Â 234";"B01";"3";"33";"0";" -1";"1";"1";"3";""
"202100015371";"174Â 231";"B01";"1";"7";"0";"2";"4";"1";"1";""
"202100015371";"174Â 232";"A01";"1";"31";"14";"2";"1";"16";"1";""
"202100015372";"174Â 230";"A01";"1";"7";"13";"0";"0";"14";"1";""
"202100015373";"174Â 228";"A01";"1";"33";"0";"2";"2";"17";"1";""
"202100015373";"174Â 229";"B01";"1";"7";"0";"2";"8";"15";"1";""
"202100015374";"174Â 226";"A01";"2";"7";"13";"2";"2";"12";"1";""
"202100015374";"174Â 227";"B01";"2";"14";"0";"2";"3";"1";"1";""
"202100015375";"174Â 225";"A01";"0";"33";"0";"0";"1";"0";"1";""
"202100015376";"174Â 223";"B01";"2";"2";"0";"2";"1";"17";"1";""
"202100015376";"174Â 224";"A01";"1";"7";"0";"2";"3";"1";"1";""
"202100015377";"174Â 222";"A01";"1";"7";"3";"0";"7";"1";"1";""
"202100015378";"174Â 219";"A01";"1";"2";"0";"2";"1";"13";"1";""
"202100015378";"174Â 220";"B01";"2";"7";"0";"2";"1";"1";"1";""
"202100015378";"174Â 221";"C01";"1";"7";"0";"2";"1";"1";"1";""
"202100015379";"174Â 217";"B01";"2";"7";"10";"2";"4";"11";"1";""
"202100015379";"174Â 218";"A01";"2";"10";"0";"2";"1";"17";"1";""