"Num_Acc";"id_vehicule";"num_veh";"senc";"catv";"obs";"obsm";"choc";"manv";"motor";"occutc"
"202100015380";"174Â 216";"A01";"3";"2";"0";"0";"0";"0";"1";""
"202100015381";"174Â 214";"A01";"2";"7";"0";"2";"1";"9";"1";""
"202100015381";"174Â 215";"B01";"1";"33";"0";"2";"7";"9";"1";""
"202100015382";"174Â 213";"A01";"1";"7";"6";"0";"3";"13";"1";""
"202100015383";"174Â 211";"A01";"3";"10";"0";"2";"2";"19";"1";""
"202100015383";"174Â 212";"B01";"1";"50";"0";"2";"1";"1";"3";""
"202100015384";"174Â 209";"B01";"1";"33";"0";"2";"1";"1";"1";""
"202100015384";"174Â 210";"A01";"1";"7";"0";"2";"8";"10";"1";""
"202100015385";"174Â 207";"B01";"1";"7";"0";"2";"1";"1";"1";""
"202100015385";"174Â 208";"A01";"2";"7";"0";"2";"1";"1";"1";""
"202100015386";"174Â 205";"A01";"2";"7";"0";"2";"1";"15";"1";""
"202100015386";"174Â 206";"B01";"1";"43";"0";"2";"1";"1";"1";""
"202100015387";"174Â 202";"B01";"2";"7";"0";"2";"6";"23";"1";""
"202100015387";"174Â 203";"C01";"2";"7";"0";"2";"4";"23";"1";""
"202100015387";"174Â 204";"A01";"2";"7";"6";"2";"2";"1";"1";""
"202100015388";"174Â 201";"A01";"1";"7";"0";"1";"2";"1";"1";""
"202100015389";"174Â 199";"A01";"3";"2";"0";"2";"1";"1";"1";""
"202100015389";"174Â 200";"B01";"0";"7";"0";"0";"3";"23";"1";""
"202100015390";"174Â 197";"B01";"1";"1";"0";"2";"4";"1";"5";""
"202100015390";"174Â 198";"A01";"1";"7";"0";"2";"2";"1";"1";""
"202100015391";"174Â 196";"A01";"2";"7";"6";"0";"1";"1";"1";""
"202100015392";"174Â 194";"A01";"2";"7";"0";"2";"7";"19";"1";""
"202100015392";"174Â 195";"B01";"2";"7";"0";"2";"1";"1";"1";""
"202100015393";"174Â 192";"B01";"2";"10";"0";"2";"1";"2";"1";""
"202100015393";"174Â 193";"A01";"1";"7";"0";"2";"1";"0";"0";""
"202100015394";"174Â 189";"A01";"3";"30";"0";"2";"8";"15";"1";""
"202100015394";"174Â 190";"B01";"2";"7";"0";"2";"1";"2";"1";""
"202100015394";"174Â 191";"C01";"1";"7";"0";"2";"1";"1";"1";""
"202100015395";"174Â 188";"A01";"3";"1";"0";"0";"0";"0";"5";""
"202100015396";"174Â 186";"B01";"1";"7";"0";"2";"1";"1";"1";""
"202100015396";"174Â 187";"A01";"2";"7";"0";"2";"4";"26";"1";""
"202100015397";"174Â 184";"A01";"3";"2";"0";"2";"1";"13";"1";""
"202100015397";"174Â 185";"B01";"0";"1";"0";"2";"3";"1";"5";""
"202100015398";"174Â 181";"C01";"1";"7";"0";"2";"1";"2";"1";""
"202100015398";"174Â 182";"B01";"1";"7";"0";"2";"1";"1";"1";""
"202100015398";"174Â 183";"A01";"2";"7";"0";"2";"7";"1";"1";""
"202100015399";"174Â 180";"A01";"2";"7";"0";"1";"1";"26";"2";""
"202100015400";"174Â 179";"A01";"3";"20";"2";"0";"8";"1";"1";""
"202100015401";"174Â 175";"A01";"1";"7";"0";"2";"1";"19";"1";""
"202100015401";"174Â 176";"B01";"1";"10";"0";"2";"8";"1";"1";""
"202100015402";"174Â 173";"A01";"2";"7";"0";"2";"7";"1";"1";""
"202100015402";"174Â 174";"B01";"1";"10";"0";"2";"1";"1";"1";""
"202100015403";"174Â 171";"B01";"1";"7";"0";"2";"1";"26";"1";""
"202100015403";"174Â 172";"A01";"1";"7";"0";"2";"2";"1";"1";""
"202100015404";"174Â 169";"B01";"1";"7";"0";"2";"2";"1";"1";""
"202100015404";"174Â 170";"A01";"0";"7";"0";"2";"3";"15";"0";""
"202100015405";"174Â 167";"B01";"2";"2";"0";"2";"1";"1";"1";""
"202100015405";"174Â 168";"A01";"2";"7";"0";"2";"6";"15";"1";""
"202100015406";"174Â 165";"B01";"1";"7";"0";"2";"2";"15";"1";""
"202100015406";"174Â 166";"A01";"2";"33";"0";"2";"1";"1";"1";""
"202100015407";"174Â 163";"A01";"2";"10";"0";"2";"7";"19";"1";""
"202100015407";"174Â 164";"B01";"1";"33";"0";"2";"3";"1";"1";""
"202100015408";"174Â 161";"A01";"2";"7";"3";"0";"0";"1";"1";""
"202100015408";"174Â 162";"B01";"2";"7";"3";"2";"3";"1";"1";""
"202100015409";"174Â 160";"A01";"0";"32";"0";"6";"1";"0";"0";""
"202100015410";"174Â 159";"A01";"2";"7";"3";"0";"2";"1";"1";""
"202100015411";"174Â 158";"A01";"1";"10";"13";"0";"3";"26";"1";""
"202100015412";"174Â 156";"B01";"1";"7";"6";"0";"1";"17";"1";""
"202100015412";"174Â 157";"A01";"2";"33";"0";"0";"1";"0";"1";""
"202100015413";"174Â 155";"A01";"2";"7";"5";"0";"1";"0";"3";""
"202100015414";"174Â 153";"A01";"1";"7";"0";"2";"1";"9";"1";""
"202100015414";"174Â 154";"B01";"1";"50";"0";"0";"7";"1";"3";""
"202100015415";"174Â 151";"A01";"2";"10";"0";"2";"1";"2";"1";""
"202100015415";"174Â 152";"B01";"2";"7";"0";"0";"4";"2";"1";""
"202100015416";"174Â 150";"A01";"2";"7";"0";"0";"9";"1";"0";""
"202100015417";"174Â 148";"A01";"2";"7";"0";"2";"1";"1";"1";""
"202100015417";"174Â 149";"B01";"2";"10";"0";"2";"6";"19";"1";""
"202100015418";"174Â 146";"A01";"2";"2";"0";"2";"1";"15";"1";""
"202100015418";"174Â 147";"B01";"1";"7";"0";"2";"1";"1";"1";""
"202100015419";"174Â 144";"A01";"2";"2";"0";"2";"1";"1";"1";""
"202100015419";"174Â 145";"B01";"2";"7";"0";"2";"3";"9";"1";""
"202100015420";"174Â 143";"A01";"2";"7";"0";"1";"2";"1";"1";""
"202100015421";"174Â 141";"A01";"1";"33";"0";"2";"2";"13";"1";""
"202100015421";"174Â 142";"B01";"2";"10";"0";"2";"2";"26";"1";""
"202100015422";"174Â 139";"A01";"0";"7";"8";"0";"2";"1";"1";""
"202100015422";"174Â 140";"B01";"1";"7";"1";"0";"2";"1";"1";""
"202100015423";"174Â 138";"A01";"2";"7";"7";"0";"7";"13";"1";""
"202100015424";"174Â 137";"A01";"1";"7";"0";"1";"7";"1";"1";""
"202100015425";"174Â 135";"B01";"3";"33";"0";"2";"1";"17";"1";""
"202100015425";"174Â 136";"A01";"3";"7";"0";"2";"3";"15";"3";""
"202100015426";"174Â 134";"A01";"1";"21";"2";"0";"1";"1";"1";""
"202100015427";"174Â 132";"A01";"1";"7";"0";"2";"1";"13";"1";""
"202100015427";"174Â 133";"B01";"2";"7";"0";"0";"3";"1";"1";""
"202100015428";"174Â 128";"B01";"1";"10";"0";"0";"1";"1";"1";""
"202100015428";"174Â 129";"A01";"1";"7";"0";"0";"4";"1";"1";""
"202100015428";"174Â 130";"C01";"1";"7";"0";"0";"9";"1";"1";""
"202100015428";"174Â 131";"D01";"1";"7";"0";"0";"1";"1";"1";""
"202100015429";"174Â 127";"A01";"3";"7";"0";"0";"1";"21";"1";""
"202100015430";"174Â 126";"A01";"3";"1";"0";"0";"0";"17";"5";""
"202100015431";"174Â 124";"B01";"2";"1";"0";"2";"7";"1";"5";""
"202100015431";"174Â 125";"A01";"1";"7";"0";"9";"2";"15";"1";""
"202100015432";"174Â 123";"A01";"2";"7";"0";"1";"1";"1";"1";""
"202100015433";"174Â 122";"A01";"2";"7";"4";"0";"8";"1";"1";""
"202100015434";"174Â 121";"A01";"1";"7";"4";"0";"2";"0";"1";""
"202100015435";"174Â 119";"B01";"2";"7";"0";"2";"1";"2";"1";""
"202100015435";"174Â 120";"A01";"2";"7";"0";"2";"3";"1";"1";""
"202100015436";"174Â 117";"A01";"2";"7";"0";"2";"6";"23";"1";""
"202100015436";"174Â 118";"B01";"2";"7";"0";"2";"2";"13";"1";""
"202100015437";"174Â 115";"B01";"2";"10";"0";"2";"1";"1";"1";""
"202100015437";"174Â 116";"A01";"2";"10";"0";"2";"4";"1";"1";""
"202100015438";"174Â 113";"B01";"2";"7";"0";"2";"9";"1";"1";""
"202100015438";"174Â 114";"A01";"2";"7";"0";"2";"8";"1";"1";""
"202100015439";"174Â 111";"A01";"2";"7";"0";"2";"3";"26";"1";""
"202100015439";"174Â 112";"B01";"2";"33";"0";"2";"7";"1";"1";""
"202100015440";"174Â 109";"A01";"1";"15";"0";"2";"2";"0";"1";""
"202100015440";"174Â 110";"B01";"1";"7";"0";"2";"6";"0";"1";""
"202100015441";"174Â 105";"C01";"1";"10";"3";"2";"4";"2";"1";""
"202100015441";"174Â 106";"B01";"1";"10";"0";"2";"3";"11";"1";""
"202100015441";"174Â 107";"A01";"1";"10";"0";"2";"1";"1";"1";""
"202100015441";"174Â 108";"D01";"1";"10";"3";"0";"1";"2";"1";""
"202100015442";"174Â 103";"A01";"2";"10";"0";"2";"1";"2";"1";""
"202100015442";"174Â 104";"B01";"2";"10";"0";"2";"4";"2";"2";""
"202100015443";"174Â 101";"A01";"2";"10";"0";"2";"1";"1";"1";""
"202100015443";"174Â 102";"B01";"2";"7";"0";"2";"4";"1";"1";""
"202100015444";"174Â 100";"A01";"0";"7";"0";"0";"0";"26";"1";""
"202100015445";"174Â 098";"A01";"2";"7";"0";"2";"1";"26";"1";""
"202100015445";"174Â 099";"B01";"2";"7";"0";"2";"1";"1";"1";""
"202100015446";"174Â 096";"B01";"1";"10";"0";"2";"4";"0";"1";""
"202100015446";"174Â 097";"A01";"1";"7";"0";"2";"1";"21";"1";""
"202100015447";"174Â 094";"Z01";"1";"7";"0";"2";"1";"0";"1";""
"202100015447";"174Â 095";"B01";"1";"7";"0";"2";"6";"1";"1";""
"202100015448";"174Â 093";"A01";"1";"7";"4";"0";"4";"1";"1";""
"202100015449";"174Â 090";"A01";"1";"10";"0";"2";"5";"21";"1";""
"202100015449";"174Â 091";"B01";"1";"7";"0";"2";"3";"1";"1";""
"202100015449";"174Â 092";"C01";"1";"7";"0";"2";"2";"1";"1";""
"202100015450";"174Â 089";"A01";"1";"7";"4";"0";"1";"13";"1";""
"202100015451";"174Â 088";"A01";"1";"7";"0";"9";"9";"1";"1";""
"202100015452";"174Â 086";"B01";"1";"7";"0";"2";"4";"1";"1";""
"202100015452";"174Â 087";"A01";"1";"7";"0";"2";"1";"1";"1";""
"202100015453";"174Â 084";"B01";"1";"10";"0";"2";"4";"1";"0";""
"202100015453";"174Â 085";"A01";"1";"7";"0";"2";"1";"1";"1";""
"202100015454";"174Â 082";"Z01";"2";"7";"1";"0";"1";"1";"1";""
"202100015454";"174Â 083";"A01";"2";"7";"0";"2";"4";"24";"1";""
"202100015455";"174Â 081";"A01";"2";"7";"4";"0";"1";"1";"1";""
"202100015456";"174Â 077";"D01";"2";"7";"0";"2";"4";"1";"1";""
"202100015456";"174Â 078";"C01";"2";"7";"0";"2";"6";"1";"1";""
"202100015456";"174Â 079";"B01";"2";"7";"0";"2";"4";"1";"1";""
"202100015456";"174Â 080";"A01";"2";"7";"0";"2";"1";"9";"1";""
"202100015457";"174Â 074";"C01";"1";"7";"0";"2";"6";"2";"1";""
"202100015457";"174Â 075";"B01";"1";"7";"0";"2";"7";"1";"1";""
"202100015457";"174Â 076";"A01";"1";"33";"0";"2";"3";"1";"1";""
"202100015458";"174Â 071";"C01";"1";"10";"0";"2";"7";"1";"1";""
"202100015458";"174Â 072";"B01";"1";"7";"0";"2";"3";"11";"1";""
"202100015458";"174Â 073";"A01";"1";"33";"0";"2";"2";"3";"1";""
"202100015459";"174Â 067";"B01";"1";"7";"0";"2";"5";"1";"1";""
"202100015459";"174Â 068";"C01";"1";"7";"0";"2";"6";"17";"1";""
"202100015459";"174Â 069";"D01";"1";"7";"0";"2";"8";"1";"1";""
"202100015459";"174Â 070";"A01";"1";"7";"0";"2";"3";"1";"1";""
"202100015460";"174Â 064";"C01";"2";"7";"0";"2";"1";"1";"1";""
"202100015460";"174Â 065";"A01";"2";"7";"14";"2";"1";"1";"1";""
"202100015460";"174Â 066";"B01";"2";"7";"0";"2";"4";"24";"1";""
"202100015461";"174Â 062";"A01";"2";"33";"0";"2";"1";"3";"1";""
"202100015461";"174Â 063";"B01";"2";"7";"0";"2";"7";"12";"1";""
"202100015462";"174Â 060";"B01";"2";"7";"0";"2";"2";"1";"1";""
"202100015462";"174Â 061";"A01";"2";"7";"0";"2";"1";"15";"1";""
"202100015463";"174Â 059";"A01";"1";"7";"0";"0";"9";"1";"0";""
"202100015464";"174Â 057";"B01";"2";"7";"0";"2";"4";"1";"1";""
"202100015464";"174Â 058";"A01";"2";"7";"0";"2";"1";"1";"1";""
"202100015465";"174Â 055";"B01";"2";"7";"0";"2";"1";"26";"1";""
"202100015465";"174Â 056";"A01";"2";"7";"0";"2";"4";"26";"1";""
"202100015466";"174Â 054";"A01";"3";"7";"0";"1";"1";"1";"1";""
"202100015467";"174Â 052";"A01";"2";"7";"0";"2";"4";"13";"1";""
"202100015467";"174Â 053";"B01";"2";"30";"0";"2";"1";"2";"1";""
"202100015468";"174Â 051";"A01";"2";"30";"0";"0";"1";"26";"1";""
"202100015469";"174Â 049";"A01";"2";"7";"0";"2";"4";"2";"1";""
"202100015469";"174Â 050";"B01";"2";"7";"0";"2";"4";"2";"1";""
"202100015470";"174Â 048";"A01";"3";"7";"0";"1";"3";"15";"1";""
"202100015471";"174Â 047";"A01";"3";"1";"0";"0";"0";"26";"0";""
"202100015472";"174Â 045";"B01";"3";"1";"0";"2";"7";"19";"5";""
"202100015472";"174Â 046";"A01";"2";"30";"0";"9";"1";"19";"1";""
"202100015473";"174Â 044";"B01";"1";"2";"0";"2";"1";"1";"1";""
"202100015474";"174Â 042";"B01";"2";"2";"0";"2";"7";"1";"1";""
"202100015474";"174Â 043";"A01";"1";"7";"0";"2";"3";"26";"1";""
"202100015475";"174Â 041";"A01";"2";"7";"0";"1";"3";"15";"1";""
"202100015476";"174Â 039";"B01";" -1";"7";"0";"2";"1";"2";"0";""
"202100015476";"174Â 040";"A01";" -1";"7";"0";"2";"4";"23";"1";""
"202100015477";"174Â 037";"B01";"2";"37";"0";"2";"5";"1";"1";"3"
"202100015477";"174Â 038";"A01";"2";"7";"0";"2";"3";"15";"1";""
"202100015478";"174Â 035";"B01";"3";"60";"0";"2";"8";"1";"5";""
"202100015478";"174Â 036";"A01";"2";"7";"0";"2";"2";"16";"1";""
"202100015479";"174Â 034";"A01";"1";"7";"1";"0";"2";"1";"3";""
"202100015480";"174Â 032";"A01";"2";"32";"0";"2";"1";"1";"1";""
"202100015480";"174Â 033";"B01";"2";"7";"0";"2";"3";"1";"1";""
"202100015481";"174Â 030";"A01";"2";"10";"0";"2";"3";"13";"1";""
"202100015481";"174Â 031";"B01";"2";"33";"0";"2";"5";"15";"1";""
"202100015482";"174Â 029";"A01";"3";"7";"6";"0";"7";"1";"1";""
"202100015483";"174Â 028";"A01";"1";"32";"0";"1";"0";"25";"1";""
"202100015484";"174Â 026";"A01";"1";"30";"8";"2";"1";"5";"1";""
"202100015484";"174Â 027";"B01";"2";"7";"0";"2";"3";"9";"1";""
"202100015485";"174Â 025";"A01";"1";"7";"0";"1";"3";"17";"1";""
"202100015486";"174Â 023";"B01";"1";"2";"0";"2";"1";"1";"1";""
"202100015486";"174Â 024";"A01";"2";"7";"0";"2";"1";"15";"1";""
"202100015487";"174Â 021";"B01";"2";"7";"0";"2";"3";"1";"1";""
"202100015487";"174Â 022";"A01";"2";"7";"0";"2";"1";"14";"1";""
"202100015488";"174Â 019";"A01";"1";"2";"0";"2";"2";"9";"1";""
"202100015488";"174Â 020";"B01";"1";"10";"0";"2";"2";"1";"1";""
"202100015489";"174Â 016";"A01";"1";"7";"4";"2";"1";"14";"1";""
"202100015489";"174Â 017";"B01";"1";"7";"0";"2";"4";"14";"1";""
"202100015489";"174Â 018";"C01";"1";"7";"0";"2";"4";"2";"1";""
"202100015490";"174Â 014";"A01";"1";"7";"0";"2";"2";"10";"1";""
"202100015490";"174Â 015";"B01";"2";"43";"0";"2";"1";"1";"1";""
"202100015491";"174Â 012";"B01";"3";"80";"0";"2";"4";"2";"3";""
"202100015491";"174Â 013";"A01";"1";"7";"0";"2";"2";"1";"1";""
"202100015492";"174Â 011";"A01";"2";"7";"2";"0";"1";"26";"1";""
"202100015493";"174Â 008";"C01";"1";"7";"0";"2";"1";"0";"1";""
"202100015493";"174Â 009";"B01";"1";"7";"14";"2";"5";"15";"1";""
"202100015493";"174Â 010";"A01";"1";"7";"14";"2";"2";"13";"1";""
"202100015494";"174Â 007";"A01";"2";"7";"1";"0";"2";"1";"1";""
"202100015495";"174Â 005";"B01";"2";"37";"0";"2";"3";"1";"1";"1"
"202100015495";"174Â 006";"A01";"2";"7";"0";"2";"5";"16";"1";""
"202100015496";"174Â 004";"A01";"3";"7";"8";"0";"1";"26";"1";""
"202100015497";"174Â 003";"A01";"1";"7";"0";"1";"0";"1";"1";""
"202100015498";"174Â 001";"B01";"3";"7";"0";"2";"1";"1";"1";""
"202100015498";"174Â 002";"A01";"3";"7";"0";"2";"4";"1";"1";""
"202100015499";"173Â 999";"B01";"2";"10";"0";"2";"3";"1";"1";""
"202100015499";"174Â 000";"A01";"1";"7";"0";"2";"3";"9";"2";""
"202100015500";"173Â 997";"A01";"1";"7";"0";"2";"4";"1";"1";""
"202100015500";"173Â 998";"B01";"2";"7";"0";"2";"1";"1";"1";""
"202100015501";"173Â 993";"A01";"3";"50";"0";"2";"1";"2";"3";""
"202100015501";"173Â 994";"B01";"3";"7";"0";"9";"4";"2";"1";""
"202100015502";"173Â 992";"A01";"1";"7";"0";"1";"0";"21";"1";""
"202100015503";"173Â 990";"B01";"2";"7";"0";"2";"1";"1";"1";""
"202100015503";"173Â 991";"A01";"1";"7";"0";"2";"2";"15";"1";""
"202100015504";"173Â 988";"B01";"1";"7";"0";"2";"4";"2";"1";""
"202100015504";"173Â 989";"A01";"1";"7";"0";"2";"1";"2";"1";""
"202100015505";"173Â 986";"A01";"1";"7";"0";"9";"2";"16";"1";""
"202100015505";"173Â 987";"B01";"1";"50";"0";"2";"8";"1";"3";""
"202100015506";"173Â 984";"B01";"2";"7";"0";"2";"2";"17";"1";""
"202100015506";"173Â 985";"Z01";"2";"7";"0";"2";"3";"13";"2";""
"202100015507";"173Â 983";"A01";"0";"7";"0";"1";"1";"1";"1";""
"202100015508";"173Â 981";"A01";"1";"33";"0";"9";"1";"2";"1";""
"202100015508";"173Â 982";"B01";"1";"1";"0";"2";"4";"2";"5";""
"202100015509";"173Â 978";"B01";"1";"7";"0";"2";"1";"1";"1";""
"202100015509";"173Â 979";"C01";"2";"10";"0";"2";"3";"23";"1";""
"202100015509";"173Â 980";"A01";"2";"7";"0";"2";"8";"9";"2";""
"202100015510";"173Â 976";"B01";"1";"7";"14";"0";"4";"2";"1";""
"202100015510";"173Â 977";"A01";"1";"7";"14";"0";"1";"2";"1";""
"202100015511";"173Â 974";"A01";"2";"7";"2";"2";"7";"1";"1";""
"202100015511";"173Â 975";"B01";"2";"7";"0";"2";"8";"11";"1";""
"202100015512";"173Â 971";"B01";"0";"7";"0";"2";"4";"23";"1";""
"202100015512";"173Â 972";"C01";"0";"7";"0";"2";"4";"23";"1";""
"202100015512";"173Â 973";"A01";"0";"7";"0";"2";"1";"1";"1";""
"202100015513";"173Â 969";"A01";"0";"7";"1";"1";"1";"1";"1";""
"202100015513";"173Â 970";"B01";"0";"7";"0";"1";"8";"23";"1";""
"202100015514";"173Â 961";"A01";"3";"7";"0";"2";"1";"2";"1";""
"202100015514";"173Â 962";"B01";"3";"3";"0";"2";"4";"2";"1";""
"202100015515";"173Â 957";"B01";"3";"7";"0";"0";"4";"2";"1";""
"202100015515";"173Â 958";"A01";"3";"31";"0";"2";"1";"2";"1";""
"202100015516";"173Â 955";"A01";"2";"7";"0";"2";"2";"1";"1";""
"202100015516";"173Â 956";"B01";"2";"33";"0";"2";"3";"1";"1";""
"202100015517";"173Â 952";"C01";"1";"3";"0";"2";"1";"0";"1";""
"202100015517";"173Â 953";"B01";"1";"3";"0";"2";"9";"2";"1";""
"202100015517";"173Â 954";"A01";"1";"3";"0";"2";"4";"0";"1";""
"202100015518";"173Â 951";"A01";"3";"33";"6";"0";"1";"26";"1";""
"202100015519";"173Â 950";"A01";"3";"33";"11";"0";"0";"0";"1";""
"202100015520";"173Â 946";"B01";"2";"33";"0";"2";"1";"1";"1";""
"202100015520";"173Â 947";"A01";"1";"10";"0";"2";"1";"15";"1";""
"202100015521";"173Â 944";"A01";"2";"7";"0";"2";"4";"1";"1";""
"202100015521";"173Â 945";"B01";"2";"33";"0";"2";"1";"1";"1";""
"202100015522";"173Â 940";"D01";"3";"7";"0";"2";"8";"18";"1";""
"202100015522";"173Â 941";"C01";"3";"7";"0";"2";"4";"2";"1";""
"202100015522";"173Â 942";"B01";"3";"7";"0";"2";"4";"2";"1";""
"202100015522";"173Â 943";"A01";"3";"7";"0";"2";"1";"1";"1";""
"202100015523";"173Â 938";"A01";"1";"7";"0";"2";"1";"1";"1";""
"202100015523";"173Â 939";"B01";"0";"50";"0";"2";"7";"9";"3";""
"202100015524";"173Â 936";"A01";"1";"7";"0";"2";"1";"15";"1";""
"202100015524";"173Â 937";"B01";"2";"33";"0";"2";"8";"1";"1";""
"202100015525";"173Â 935";"A01";"1";"10";"0";"1";"3";"7";"1";""
"202100015526";"173Â 933";"B01";"3";"7";"0";"9";"5";"26";"1";""
"202100015526";"173Â 934";"A01";"3";"1";"0";"2";"5";"9";"5";""
"202100015527";"173Â 932";"A01";"1";"7";"8";"0";"3";"13";"1";""
"202100015528";"173Â 931";"A01";"1";"7";"0";"1";"1";"1";"1";""
"202100015529";"173Â 929";"B01";"2";"7";"0";"2";"2";"1";"1";""
"202100015529";"173Â 930";"A01";"1";"7";"0";"2";"3";"1";"1";""
"202100015530";"173Â 927";"A01";"2";"10";"0";"2";"3";"9";"1";""
"202100015530";"173Â 928";"B01";"2";"33";"0";"2";"7";"1";"1";""
"202100015531";"173Â 925";"A01";"1";"10";"0";"2";"6";"15";"1";""
"202100015531";"173Â 926";"B01";"2";"31";"0";"2";"1";"1";"1";""
"202100015532";"173Â 922";"A01";"2";"7";"0";"2";"1";"2";"1";""
"202100015532";"173Â 923";"B01";"2";"7";"0";"2";"4";"2";"1";""
"202100015532";"173Â 924";"C01";"2";"7";"0";"2";"4";"2";"1";""
"202100015533";"173Â 920";"B01";"1";"7";"0";"2";"3";"1";"1";""
"202100015533";"173Â 921";"A01";"2";"7";"0";"2";"3";"15";"1";""
"202100015534";"173Â 918";"A01";"1";"2";"0";"2";"1";"17";"1";""
"202100015534";"173Â 919";"B01";"2";"7";"0";"2";"8";"15";"1";""
"202100015535";"173Â 916";"A01";"1";"33";"0";"2";"1";"17";"1";""
"202100015535";"173Â 917";"B01";"1";"7";"0";"2";"6";"15";"1";""
"202100015536";"173Â 913";"A01";"1";"7";"0";"2";"1";"1";"1";""
"202100015536";"173Â 914";"B01";"1";"7";"0";"2";"4";"23";"2";""
"202100015536";"173Â 915";"C01";"1";"7";"0";"2";"4";"23";"1";""
"202100015537";"173Â 911";"B01";"1";"7";"0";"2";"3";"9";"1";""
"202100015537";"173Â 912";"A01";"2";"33";"0";"2";"8";"9";"1";""
"202100015538";"173Â 909";"B01";"3";"7";"0";"2";"6";"1";"1";""
"202100015538";"173Â 910";"A01";"3";"33";"0";"2";"7";"12";"1";""
"202100015539";"173Â 907";"A01";"1";"32";"0";"2";"2";"17";"1";""
"202100015539";"173Â 908";"B01";"1";"7";"0";"2";"3";"15";"1";""
"202100015540";"173Â 905";"B01";"1";"7";"0";"2";"5";"1";"1";""
"202100015540";"173Â 906";"A01";"1";"30";"0";"2";"1";"1";"1";""
"202100015541";"173Â 903";"B01";"1";"10";"0";"2";"6";"23";"1";""
"202100015541";"173Â 904";"A01";"1";"2";"0";"2";"1";"1";"1";""
"202100015542";"173Â 901";"B01";"2";"7";"0";"2";"8";"14";"1";""
"202100015542";"173Â 902";"A01";"2";"33";"0";"2";"2";"14";"1";""
"202100015543";"173Â 899";"B01";"2";"30";"0";"2";"1";"1";"1";""
"202100015543";"173Â 900";"A01";"1";"7";"0";"2";"2";"15";"1";""
"202100015544";"173Â 897";"A01";"1";"7";"9";"2";"1";"1";"1";""
"202100015544";"173Â 898";"B01";"2";"7";"0";"2";"7";"1";"1";""
"202100015545";"173Â 896";"A01";"1";"7";"9";"0";"1";"26";"1";""
"202100015546";"173Â 894";"B01";"3";"7";"0";"2";"3";"21";"1";""
"202100015546";"173Â 895";"A01";"3";"60";"0";"2";"0";"26";"5";""
"202100015547";"173Â 892";"B01";"3";"50";"0";"2";"7";"26";"3";""
"202100015547";"173Â 893";"Z01";"3";"7";"0";"9";"0";"0";"1";""
"202100015548";"173Â 891";"Z01";"3";"99";"0";"1";"1";"26";"5";""
"202100015549";"173Â 889";"A01";"2";"7";"0";"2";"1";"9";"1";""
"202100015549";"173Â 890";"B01";"2";"2";"0";"2";"1";"1";"1";""
"202100015550";"173Â 887";"B01";"1";"7";"6";"9";"4";"1";"1";""
"202100015550";"173Â 888";"A01";"1";"7";"0";"2";"2";"1";"1";""
"202100015551";"173Â 885";"A01";"2";"7";"0";"2";"3";"16";"1";""
"202100015551";"173Â 886";"B01";"1";"30";"0";"2";"1";"1";"1";""
"202100015552";"173Â 884";"A01";"1";"10";"0";"1";"1";"1";"1";""
"202100015553";"173Â 883";"A01";"1";"7";"0";"1";"2";"1";"1";""
"202100015554";"173Â 881";"A01";"2";"7";"0";"2";"8";"22";"1";""
"202100015554";"173Â 882";"B01";"2";"1";"1";"0";"1";"1";"5";""
"202100015555";"173Â 880";"A01";"1";"7";"0";"1";"7";"1";"1";""
"202100015556";"173Â 878";"A01";"1";"7";"0";"2";"6";"15";"1";""
"202100015556";"173Â 879";"B01";"1";"33";"0";"2";"7";"1";"1";""
"202100015557";"173Â 876";"A01";"1";"1";"0";"2";"1";"1";"5";""
"202100015557";"173Â 877";"B01";"1";"7";"0";"9";"3";"1";"1";""
"202100015558";"173Â 871";"B01";"0";"1";"0";"2";"1";"21";"5";""
"202100015558";"173Â 872";"A01";"1";"7";"0";"2";"7";"1";"1";""
"202100015559";"173Â 869";"B01";"1";"50";"0";"2";"8";"16";"3";""
"202100015559";"173Â 870";"A01";"1";"7";"0";"2";"2";"16";"1";""
"202100015560";"173Â 868";"A01";"1";"7";"0";"0";"1";"16";"1";""
"202100015561";"173Â 867";"A01";"1";"7";"0";"0";"0";"26";"1";""
"202100015562";"173Â 866";"A01";"1";"30";"0";"0";"0";"26";"3";""
"202100015563";"173Â 865";"A01";"1";"7";"0";"1";"2";"26";"1";""
"202100015564";"173Â 864";"A01";"1";"15";"0";"1";"0";"26";"1";""
"202100015565";"173Â 863";"A01";"1";"10";"0";"1";"4";"4";"1";""
"202100015566";"173Â 862";"A01";"1";"7";"1";"0";"1";"1";"1";""
"202100015567";"173Â 860";"B01";"1";"1";"0";"2";"1";"1";"5";""
"202100015567";"173Â 861";"A01";"2";"3";"0";"2";"2";"15";"1";""
"202100015568";"173Â 858";"A01";"0";"7";"0";"2";"3";"9";"1";""
"202100015568";"173Â 859";"B01";"0";"33";"0";"0";"4";"1";"1";""
"202100015569";"173Â 856";"A01";"3";"7";"1";"0";"3";"1";"6";""
"202100015569";"173Â 857";"B01";"3";"7";"0";"2";"5";"24";"6";""
"202100015570";"173Â 853";"C01";"1";"7";"0";"2";"5";"1";"1";""
"202100015570";"173Â 854";"B01";"1";"15";"0";"2";"8";"1";"1";""
"202100015570";"173Â 855";"A01";"1";"33";"0";"2";"9";"17";"1";""
"202100015571";"173Â 851";"B01";"1";"7";"0";"2";"3";"1";"1";""