"Num_Acc";"id_vehicule";"num_veh";"senc";"catv";"obs";"obsm";"choc";"manv";"motor";"occutc"
"202100015571";"173Â 852";"A01";"2";"7";"0";"2";"3";"1";"1";""
"202100015572";"173Â 850";"A01";"3";"7";"8";"0";"3";"13";"1";""
"202100015573";"173Â 848";"A01";"3";"7";"0";"2";"3";"0";"1";""
"202100015573";"173Â 849";"B01";"0";"7";"0";"2";"0";"0";"1";""
"202100015574";"173Â 845";"C01";"1";"10";"0";"2";"5";"0";"1";""
"202100015574";"173Â 846";"B01";"1";"10";"0";"2";"6";"0";"1";""
"202100015574";"173Â 847";"A01";"1";"10";"0";"2";"3";"9";"1";""
"202100015575";"173Â 843";"A01";"3";"7";"0";"2";"1";"1";"1";""
"202100015575";"173Â 844";"B01";"3";"1";"0";"2";"4";"15";"5";""
"202100015576";"173Â 841";"B01";"2";"33";"0";"2";"1";"1";"0";""
"202100015576";"173Â 842";"A01";"1";"7";"0";"2";"3";"15";"0";""
"202100015577";"173Â 840";"A01";"3";"7";"15";"0";"2";"14";"1";""
"202100015578";"173Â 839";"A01";"1";"30";"0";"0";"0";"21";"1";""
"202100015579";"173Â 837";"B01";"2";"7";"0";"2";"3";"1";"1";""
"202100015579";"173Â 838";"A01";"1";"7";"0";"2";"2";"1";"1";""
"202100015580";"173Â 834";"B01";"2";"7";"0";"2";"4";"2";"1";""
"202100015580";"173Â 835";"C01";"2";"7";"0";"2";"4";"2";"1";""
"202100015580";"173Â 836";"A01";"2";"7";"0";"2";"1";"2";"1";""
"202100015581";"173Â 831";"A01";"1";"7";"0";"2";"1";"1";"1";""
"202100015581";"173Â 832";"B01";"1";"7";"0";"2";"1";"1";"1";""
"202100015581";"173Â 833";"C01";"1";"7";"0";"2";"4";"1";"1";""
"202100015582";"173Â 828";"A01";"3";"7";"0";"2";"1";"2";"1";""
"202100015582";"173Â 829";"B01";"3";"7";"0";"2";"4";"2";"1";""
"202100015582";"173Â 830";"C01";"3";"7";"0";"2";"4";"2";"1";""
"202100015583";"173Â 827";"A01";"0";"7";"0";"1";"2";"15";"1";""
"202100015584";"173Â 826";"A01";"1";"7";"3";"0";"0";"0";"1";""
"202100015585";"173Â 825";"A01";"3";"7";"0";"1";"3";"1";"1";""
"202100015586";"173Â 821";"B01";"1";"7";"0";"0";"0";"0";"1";""
"202100015586";"173Â 822";"A01";"2";"30";"14";"0";"0";"0";"1";""
"202100015587";"173Â 819";"B01";"1";"7";"0";"9";"2";"1";"1";""
"202100015587";"173Â 820";"A01";"1";"50";"0";"2";"8";"19";"3";""
"202100015588";"173Â 817";"B01";"2";"7";"0";"2";"1";"2";"1";""
"202100015588";"173Â 818";"A01";"2";"7";"0";"2";"7";"15";"1";""
"202100015589";"173Â 815";"B01";"2";"7";"0";"2";"2";"16";"1";""
"202100015589";"173Â 816";"A01";"2";"32";"0";"2";"8";"7";"1";""
"202100015590";"173Â 812";"A01";"1";"10";"0";"2";"1";"1";"1";""
"202100015590";"173Â 813";"C01";"3";"10";"0";"2";"4";"26";"1";""
"202100015590";"173Â 814";"B01";"1";"33";"0";"2";"8";"1";"2";""
"202100015591";"173Â 810";"B01";"0";"32";"0";"2";"1";"1";"1";""
"202100015591";"173Â 811";"A01";"3";"7";"0";"2";"3";"15";"1";""
"202100015592";"173Â 808";"A01";"2";"7";"0";"2";"2";"9";"0";""
"202100015592";"173Â 809";"B01";"1";"7";"0";"2";"1";"1";"1";""
"202100015593";"173Â 807";"A01";"1";"32";"0";"0";"0";"0";"1";""
"202100015594";"173Â 806";"A01";"1";"20";"4";"0";"3";"16";"1";""
"202100015595";"173Â 805";"A01";"2";"7";"0";"1";"0";"26";"1";""
"202100015596";"173Â 804";"A01";"2";"7";"0";"1";"2";"1";"1";""
"202100015597";"173Â 803";"A01";"1";"7";"13";"0";"1";"13";"1";""
"202100015598";"173Â 802";"A01";"2";"7";"3";"0";"2";"1";"1";""
"202100015599";"173Â 801";"A01";"2";"7";"13";"0";"9";"26";"1";""
"202100015600";"173Â 799";"A01";"1";"30";"0";"2";"8";"1";"1";""
"202100015600";"173Â 800";"B01";"2";"14";"0";"2";"6";"15";"1";""
"202100015601";"173Â 797";"B01";"1";"1";"0";"2";"1";"1";"0";""
"202100015601";"173Â 798";"A01";"1";"7";"0";"2";"3";"9";"1";""
"202100015602";"173Â 795";"B01";"1";"33";"0";"2";"7";"17";"1";""
"202100015602";"173Â 796";"A01";"1";"7";"0";"2";"3";"15";"1";""
"202100015603";"173Â 793";"B01";"0";"7";"0";"2";"3";"1";"1";""
"202100015603";"173Â 794";"A01";"0";"7";"0";"2";"3";"1";"1";""
"202100015604";"173Â 789";"B01";"3";"1";"0";"2";"7";"1";"5";""
"202100015604";"173Â 790";"A01";"3";"37";"0";"2";"5";"16";"1";"1"
"202100015605";"173Â 787";"A01";"1";"7";"1";"2";"1";"12";"1";""
"202100015605";"173Â 788";"B01";"0";"1";"0";"2";"8";"0";"5";""
"202100015606";"173Â 784";"C01";" -1";"1";"0";"0";"4";"1";"5";""
"202100015606";"173Â 785";"A01";"0";"7";"0";"2";"1";"5";"1";""
"202100015606";"173Â 786";"B01";"0";"7";"0";"2";"3";"1";"1";""
"202100015607";"173Â 779";"A01";"3";"30";"0";"2";"7";"16";"1";""
"202100015608";"173Â 778";"A01";"0";"7";"0";"1";"2";"9";"1";""
"202100015609";"173Â 777";"A01";"2";"7";"0";"1";"1";"1";"1";""
"202100015610";"173Â 773";"A01";"1";"30";"0";"0";"7";"16";"1";""
"202100015611";"173Â 771";"B01";"1";"7";"0";"2";"3";"1";"1";""
"202100015611";"173Â 772";"A01";"1";"7";"0";"2";"1";"13";"1";""
"202100015612";"173Â 770";"A01";"2";"7";"12";"0";"1";"1";"1";""
"202100015613";"173Â 768";"A01";"2";"7";"8";"2";"5";"1";"1";""
"202100015613";"173Â 769";"Z01";"1";"7";"0";"2";"1";"1";"0";""
"202100015614";"173Â 767";"A01";"0";"3";"8";"0";"1";"1";"1";""
"202100015615";"173Â 765";"A01";"0";"7";"0";"2";"3";"15";"1";""
"202100015615";"173Â 766";"B01";"0";"33";"0";"2";"2";"3";"1";""
"202100015616";"173Â 763";"B01";"3";"33";"0";"2";"7";"1";"1";""
"202100015616";"173Â 764";"A01";"3";"7";"0";"2";"3";"15";"1";""
"202100015617";"173Â 761";"B01";"1";"33";"0";"2";"8";"1";"1";""
"202100015617";"173Â 762";"A01";"2";"7";"0";"2";"1";"15";"1";""
"202100015618";"173Â 759";"A01";"2";"7";"0";"2";"8";"15";"1";""
"202100015618";"173Â 760";"B01";"2";"33";"0";"2";"1";"1";"1";""
"202100015619";"173Â 756";"A01";"1";"7";"0";"2";"1";"1";"1";""
"202100015619";"173Â 757";"B01";"1";"7";"0";"2";"4";"21";"1";""
"202100015619";"173Â 758";"C01";"1";"7";"0";"2";"4";"0";"1";""
"202100015620";"173Â 754";"B01";"1";"50";"0";"2";"1";"1";"3";""
"202100015620";"173Â 755";"A01";"1";"7";"0";"2";"2";"15";"1";""
"202100015621";"173Â 752";"B01";"3";"33";"0";"2";"7";"1";"1";""
"202100015621";"173Â 753";"A01";"3";"33";"0";"2";"1";"2";"1";""
"202100015622";"173Â 750";"B01";"1";"7";"0";"2";"4";"1";"1";""
"202100015622";"173Â 751";"A01";"1";"7";"0";"2";"1";"1";"1";""
"202100015623";"173Â 746";"A01";"3";"99";"3";"0";"0";"14";"1";""
"202100015623";"173Â 747";"B01";"3";"10";"4";"4";"1";"1";"1";""
"202100015623";"173Â 748";"C01";"3";"7";"0";"4";"1";"1";"1";""
"202100015623";"173Â 749";"D01";"3";"7";"0";"4";"1";"1";"1";""
"202100015624";"173Â 744";"B01";"1";"33";"0";"2";"7";"2";"1";""
"202100015624";"173Â 745";"A01";"1";"7";"0";"2";"6";"15";"1";""
"202100015625";"173Â 742";"B01";"1";"7";"0";"2";"1";"1";"1";""
"202100015625";"173Â 743";"A01";"2";"33";"0";"2";"7";"15";"1";""
"202100015626";"173Â 741";"Z01";"3";"7";"15";"0";"0";"26";"0";""
"202100015627";"173Â 740";"A01";"2";"7";"0";"1";"2";"0";"0";""
"202100015628";"173Â 736";"D01";"1";"7";"14";"0";"4";"23";"1";""
"202100015628";"173Â 737";"C01";"1";"7";"14";"0";"4";"23";"1";""
"202100015628";"173Â 738";"B01";"1";"7";"0";"2";"9";"23";"1";""
"202100015628";"173Â 739";"A01";"1";"10";"14";"0";"1";"2";"1";""
"202100015629";"173Â 734";"B01";"1";"1";"0";"2";"8";"2";"5";""
"202100015629";"173Â 735";"A01";"1";"10";"0";"9";"7";"17";"1";""
"202100015630";"173Â 733";"A01";"2";"1";"0";"1";"9";"13";"0";""
"202100015631";"173Â 732";"A01";"2";"7";"0";"1";"7";"1";"1";""
"202100015632";"173Â 730";"A01";"3";"30";"0";"2";"1";"17";"1";""
"202100015632";"173Â 731";"B01";"3";"3";"0";"2";"8";"15";"1";""
"202100015633";"173Â 728";"Z01";"1";"7";"0";"9";"0";"14";"0";""
"202100015633";"173Â 729";"B01";"1";"1";"0";"2";"7";"26";"5";""
"202100015634";"173Â 726";"A01";"2";"7";"0";"2";"2";"12";"1";""
"202100015634";"173Â 727";"B01";"2";"10";"0";"2";"6";"21";"1";""
"202100015635";"173Â 724";"A01";"2";"43";"0";"2";"1";"13";"1";""
"202100015635";"173Â 725";"B01";"2";"7";"0";"2";"4";"1";"1";""
"202100015636";"173Â 722";"A01";"1";"10";"0";"2";"4";"16";"3";""
"202100015636";"173Â 723";"B01";"1";"2";"0";"2";"2";"16";"1";""
"202100015637";"173Â 721";"A01";"1";"7";"0";"1";"3";"15";"2";""
"202100015638";"173Â 720";"A01";"1";"32";"0";"0";"0";"19";"1";""
"202100015639";"173Â 718";"B01";"1";"7";"0";"2";"6";"1";"1";""
"202100015639";"173Â 719";"A01";"1";"30";"0";"2";"1";"2";"1";""
"202100015640";"173Â 716";"A01";"1";"30";"0";"2";"7";"1";"3";""
"202100015640";"173Â 717";"B01";"1";"7";"0";"2";"1";"1";"1";""
"202100015641";"173Â 714";"A01";"2";"33";"0";"2";"6";"13";"1";""
"202100015641";"173Â 715";"B01";"1";"7";"0";"2";"6";"1";"2";""
"202100015642";"173Â 712";"A01";"1";"7";"0";"2";"6";"22";"1";""
"202100015642";"173Â 713";"B01";"1";"32";"0";"2";"1";"1";"1";""
"202100015643";"173Â 710";"A01";"2";"7";"0";"2";"8";"22";"1";""
"202100015643";"173Â 711";"B01";"2";"2";"0";"2";"1";"1";"1";""
"202100015644";"173Â 708";"B01";"1";"7";"0";"2";"0";"1";"1";""
"202100015644";"173Â 709";"A01";"2";"30";"0";"2";"0";"1";"1";""
"202100015645";"173Â 706";"B01";"1";"7";"0";"2";"1";"1";"1";""
"202100015645";"173Â 707";"A01";"2";"30";"0";"2";"1";"17";"1";""
"202100015646";"173Â 703";"C01";"1";"7";"0";"2";"4";"15";"1";""
"202100015646";"173Â 704";"B01";"1";"31";"0";"2";"4";"15";"1";""
"202100015646";"173Â 705";"A01";"1";"7";"0";"2";"1";"15";"1";""
"202100015647";"173Â 702";"A01";"1";"1";"12";"0";"1";"0";"5";""
"202100015648";"173Â 701";"A01";"1";"7";"0";"1";"7";"1";"1";""
"202100015649";"173Â 697";"B01";"1";"2";"0";"2";"1";"18";"1";""
"202100015649";"173Â 698";"A01";"1";"7";"0";"2";"2";"16";"1";""
"202100015650";"173Â 696";"A01";"2";"7";"4";"0";"1";"9";"1";""
"202100015651";"173Â 693";"A01";"2";"7";"0";"2";"2";"17";"1";""
"202100015651";"173Â 694";"B01";"1";"1";"0";"2";"8";"2";"5";""
"202100015651";"173Â 695";"T01";"2";"7";"0";"2";"0";"0";"1";""
"202100015652";"173Â 691";"A01";"0";"7";"0";"2";"3";"16";"1";""
"202100015652";"173Â 692";"B01";"0";"30";"0";"2";"7";"16";"1";""
"202100015653";"173Â 689";"A01";"1";"10";"0";"2";"0";"0";"0";""
"202100015653";"173Â 690";"B01";"1";"7";"0";"2";"0";"0";"1";""
"202100015654";"173Â 687";"A01";"2";"7";"0";"2";"2";"2";"1";""
"202100015654";"173Â 688";"Z01";"2";"1";"0";"2";"3";"2";"5";""
"202100015655";"173Â 685";"B01";"1";"7";"0";"2";"1";"1";"1";""
"202100015655";"173Â 686";"A01";"2";"30";"0";"2";"8";"1";"1";""
"202100015656";"173Â 683";"B01";"1";"1";"0";"2";"7";"9";"0";""
"202100015656";"173Â 684";"A01";"2";"7";"0";"2";"3";"9";"1";""
"202100015657";"173Â 681";"A01";"1";"7";"0";"0";"0";"0";"1";""
"202100015657";"173Â 682";"B01";"1";"2";"0";"2";"2";"17";"1";""
"202100015658";"173Â 679";"A01";"3";"7";"0";"2";"3";"17";"1";""
"202100015658";"173Â 680";"B01";"3";"2";"0";"2";"1";"1";"1";""
"202100015659";"173Â 678";"A01";"2";"2";"1";"0";"1";"1";"1";""
"202100015660";"173Â 676";"B01";"1";"3";"0";"2";"5";"16";"0";""
"202100015660";"173Â 677";"A01";"1";"50";"0";"2";"1";"1";"3";""
"202100015661";"173Â 674";"A01";"2";"7";"6";"2";"1";"1";"1";""
"202100015661";"173Â 675";"B01";"2";"7";"0";"2";"4";"1";"1";""
"202100015662";"173Â 672";"B01";"3";"7";"9";"2";"7";"1";"1";""
"202100015662";"173Â 673";"A01";"3";"7";"9";"2";"1";"1";"1";""
"202100015663";"173Â 670";"A01";"1";"7";"0";"2";"5";"12";"1";""
"202100015663";"173Â 671";"B01";"1";"30";"0";"2";"8";"1";"1";""
"202100015664";"173Â 668";"A01";"1";"7";"0";"2";"3";"21";"1";""
"202100015664";"173Â 669";"B01";"2";"10";"0";"2";"7";"21";"1";""
"202100015665";"173Â 666";"A01";"1";"30";"0";"2";"3";"1";"1";""
"202100015665";"173Â 667";"B01";"1";"7";"0";"2";"2";"1";"1";""
"202100015666";"173Â 665";"A01";"1";"10";"0";"0";"1";"1";"1";""
"202100015667";"173Â 663";"A01";"2";"17";"0";"2";"1";"2";"1";""
"202100015667";"173Â 664";"B01";"2";"7";"0";"0";"4";"15";"1";""
"202100015668";"173Â 661";"B01";"1";"7";"0";"2";"5";"1";"1";""
"202100015668";"173Â 662";"A01";"1";"7";"0";"2";"3";"19";"0";""
"202100015669";"173Â 659";"B01";"0";"2";"0";"0";"7";"26";"1";""
"202100015669";"173Â 660";"A01";"0";"7";"0";"2";"3";"9";"1";""
"202100015670";"173Â 658";"A01";"1";"7";"16";"0";"9";"17";"1";""
"202100015671";"173Â 656";"A01";"1";"7";"0";"9";"2";"17";"1";""
"202100015671";"173Â 657";"B01";"1";"1";"0";"2";"8";"2";"5";""
"202100015672";"173Â 655";"A01";"3";"7";"0";"1";"1";"20";"1";""
"202100015673";"173Â 653";"A01";"1";"33";"0";"2";"1";"13";"1";""
"202100015673";"173Â 654";"B01";"2";"7";"0";"2";"2";"1";"1";""
"202100015674";"173Â 650";"B01";"2";"10";"0";"2";"2";"2";"1";""
"202100015674";"173Â 651";"A01";"2";"7";"0";"2";"4";"15";"1";""
"202100015675";"173Â 648";"B01";"3";"7";"0";"2";"1";"13";"1";""
"202100015675";"173Â 649";"A01";"3";"7";"0";"2";"1";"1";"3";""
"202100015676";"173Â 647";"A01";"2";"1";"13";"0";"1";"26";"0";""
"202100015677";"173Â 646";"A01";"2";"7";"13";"0";"3";"0";"1";""
"202100015678";"173Â 645";"A01";"2";"33";"3";"0";"7";"1";"1";""
"202100015679";"173Â 643";"B01";"1";"7";"0";"2";"1";"1";"1";""
"202100015679";"173Â 644";"A01";"2";"7";"0";"2";"2";"15";"1";""
"202100015680";"173Â 642";"A01";"3";"31";"8";"0";"1";"20";"1";""
"202100015681";"173Â 641";"A01";"3";"7";"0";"0";"2";"1";"0";""
"202100015682";"173Â 639";"B01";"2";"7";"0";"2";"3";"1";"1";""
"202100015682";"173Â 640";"A01";"1";"7";"0";"2";"3";"13";"1";""
"202100015683";"173Â 638";"A01";"1";"7";"2";"0";"3";"14";"1";""
"202100015684";"173Â 636";"B01";"1";"7";"0";"2";"3";"19";"1";""
"202100015684";"173Â 637";"A01";"1";"33";"0";"2";"1";"17";"1";""
"202100015685";"173Â 630";"A01";"1";"7";"2";"0";"1";"1";"1";""
"202100015686";"173Â 629";"A01";"2";"33";"3";"0";"0";"13";"1";""
"202100015687";"173Â 627";"A01";"1";"7";"0";"9";"3";"1";"1";""
"202100015687";"173Â 628";"B01";"2";"1";"0";"2";"8";"19";"5";""
"202100015688";"173Â 626";"A01";"0";"15";"13";"0";"9";"1";"1";""
"202100015689";"173Â 625";"A01";"0";"7";"0";"0";"9";"1";"1";""
"202100015690";"173Â 624";"A01";"3";"33";"13";"0";"0";"0";"1";""
"202100015691";"173Â 622";"A01";"1";"7";"0";"2";"1";"1";"1";""
"202100015691";"173Â 623";"B01";"1";"7";"0";"2";"4";"1";"1";""
"202100015692";"173Â 619";"B01";"1";"7";"3";"0";"4";"1";"1";""
"202100015692";"173Â 620";"A01";"1";"7";"0";"2";"1";"2";"1";""
"202100015693";"173Â 616";"A01";"2";"7";"0";"0";"5";"15";"1";""
"202100015693";"173Â 617";"B01";"1";"32";"0";"2";"1";"1";"1";""
"202100015694";"173Â 614";"B01";"3";"2";"0";"2";"1";"1";"1";""
"202100015694";"173Â 615";"A01";"3";"7";"0";"2";"2";"15";"1";""
"202100015695";"173Â 612";"A01";"1";"33";"8";"2";"2";"1";"1";""
"202100015695";"173Â 613";"B01";"0";"7";"0";"2";"3";"19";"1";""
"202100015696";"173Â 611";"A01";"3";"7";"15";"0";"1";"26";"1";""
"202100015697";"173Â 610";"A01";"0";"2";"6";"0";"1";"0";"1";""
"202100015698";"173Â 609";"A01";"1";"7";"2";"0";"8";"1";"1";""
"202100015699";"173Â 608";"A01";"1";"33";"2";"0";"2";"1";"1";""
"202100015700";"173Â 607";"A01";"1";"7";"15";"0";"1";"0";"1";""
"202100015701";"173Â 606";"A01";"1";"7";"0";"1";"1";"2";"1";""
"202100015702";"173Â 605";"A01";"2";"7";"2";"0";"1";"1";"1";""
"202100015703";"173Â 604";"A01";"3";"7";"6";"0";"1";"1";"1";""
"202100015704";"173Â 601";"C01";"1";"7";"0";"2";"1";"23";"1";""
"202100015704";"173Â 602";"B01";"1";"1";"0";"2";"8";"19";"5";""
"202100015704";"173Â 603";"A01";"2";"33";"0";"2";"1";"17";"1";""
"202100015705";"173Â 599";"A01";"2";"33";"0";"2";"2";"1";"1";""
"202100015705";"173Â 600";"B01";"2";"7";"0";"2";"3";"15";"1";""
"202100015706";"173Â 597";"B01";"1";"2";"0";"2";"1";"1";"1";""
"202100015706";"173Â 598";"A01";"1";"7";"0";"2";"2";"19";"1";""
"202100015707";"173Â 593";"A01";"1";"7";"0";"2";"8";"1";"1";""
"202100015707";"173Â 594";"Z01";"1";"7";"0";"0";"0";"0";"0";""
"202100015708";"173Â 589";"B01";"2";"7";"0";"2";"4";"1";"1";""
"202100015708";"173Â 590";"C01";"2";"7";"0";"2";"4";"0";"1";""
"202100015708";"173Â 591";"D01";"2";"7";"0";"2";"1";"1";"1";""
"202100015708";"173Â 592";"A01";"2";"7";"0";"0";"4";"1";"1";""
"202100015709";"173Â 586";"A01";"1";"7";"0";"2";"4";"2";"3";""
"202100015709";"173Â 587";"B01";"1";"7";"0";"2";"3";"2";"1";""
"202100015709";"173Â 588";"C01";"1";"7";"0";"1";"1";"2";"1";""
"202100015710";"173Â 584";"B01";"2";"7";"0";"2";"1";"2";"1";""
"202100015710";"173Â 585";"A01";"2";"7";"0";"2";"4";"2";"1";""
"202100015711";"173Â 582";"Z01";"1";"0";"0";"2";"0";"26";"0";""
"202100015711";"173Â 583";"A01";"1";"7";"0";"2";"1";"26";"1";""
"202100015712";"173Â 581";"A01";"1";"33";"3";"0";"2";"14";"1";""
"202100015713";"173Â 579";"A01";"1";"80";"0";"2";"4";"2";"3";""
"202100015713";"173Â 580";"Z01";"1";"7";"0";"2";"1";"2";"1";""
"202100015714";"173Â 577";"B01";"1";"7";"0";"2";"2";"1";"1";""
"202100015714";"173Â 578";"A01";"1";"7";"4";"2";"2";"12";"1";""
"202100015715";"173Â 576";"A01";"2";"7";"4";"0";"1";"16";"1";""
"202100015716";"173Â 574";"B01";"1";"7";"0";"2";"4";"1";"1";""
"202100015716";"173Â 575";"A01";"1";"10";"0";"2";"1";"2";"1";""
"202100015717";"173Â 572";"A01";"1";"7";"0";"2";"7";"17";"1";""
"202100015717";"173Â 573";"B01";"1";"7";"3";"2";"3";"1";"1";""
"202100015718";"173Â 571";"A01";"2";"7";"4";"2";"1";"1";"1";""
"202100015719";"173Â 569";"A01";"1";"7";"0";"2";"1";"2";"1";""
"202100015719";"173Â 570";"B01";"1";"7";"0";"2";"4";"2";"2";""
"202100015720";"173Â 568";"A01";"2";"10";"4";"0";"6";"1";"1";""
"202100015721";"173Â 567";"A01";"2";"33";"0";"0";"7";"16";"1";""
"202100015722";"173Â 565";"A01";"1";"7";"0";"2";"1";"1";"1";""
"202100015722";"173Â 566";"B01";"1";"15";"0";"2";"6";"2";"1";""
"202100015723";"173Â 563";"A01";" -1";"7";"0";"2";"1";"1";"1";""
"202100015723";"173Â 564";"B01";" -1";"15";"0";"2";"4";"1";"0";""
"202100015724";"173Â 562";"A01";"1";"7";"14";"0";"1";"26";"1";""
"202100015725";"173Â 557";"E01";"2";"7";"0";"2";"1";"21";"1";""
"202100015725";"173Â 558";"D01";"2";"7";"0";"2";"8";"1";"1";""
"202100015725";"173Â 559";"C01";"2";"7";"0";"2";"8";"1";"1";""
"202100015725";"173Â 560";"B01";"2";"7";"0";"2";"8";"1";"1";""
"202100015725";"173Â 561";"A01";"2";"10";"4";"2";"3";"1";"1";""
"202100015726";"173Â 555";"B01";"2";"7";"0";"2";"1";"2";"1";""
"202100015726";"173Â 556";"A01";"2";"7";"0";"2";"4";"2";"1";""
"202100015727";"173Â 554";"Z01";"2";"7";"0";"1";"0";"1";"0";""
"202100015728";"173Â 551";"C01";"1";"7";"0";"2";"6";"1";"1";""
"202100015728";"173Â 552";"B01";"1";"7";"0";"2";"5";"1";"1";""
"202100015728";"173Â 553";"A01";"1";"7";"3";"2";"1";"2";"1";""
"202100015729";"173Â 550";"A01";"1";"7";"0";"2";"1";"1";"1";""
"202100015730";"173Â 547";"B01";"1";"10";"0";"2";"1";"1";"1";""
"202100015730";"173Â 548";"A01";"1";"7";"0";"2";"6";"2";"1";""
"202100015730";"173Â 549";"C01";"1";"14";"0";"2";"4";"2";"1";""
"202100015731";"173Â 546";"A01";"1";"7";"3";"0";"3";"0";"1";""
"202100015732";"173Â 544";"B01";"1";"7";"0";"2";"4";"2";"1";""
"202100015732";"173Â 545";"A01";"1";"7";"0";"2";"1";"2";"1";""
"202100015733";"173Â 542";"A01";"1";"10";"6";"0";"9";"0";"1";""
"202100015733";"173Â 543";"B01";"1";"7";"0";"0";"1";"1";"1";""
"202100015734";"173Â 541";"A01";"2";"7";"4";"0";"9";"2";"1";""
"202100015735";"173Â 538";"C01";"2";"7";"0";"2";"5";"2";"1";""
"202100015735";"173Â 539";"A01";"2";"7";"15";"2";"2";"15";"1";""
"202100015735";"173Â 540";"B01";"2";"7";"0";"2";"6";"2";"1";""
"202100015736";"173Â 536";"B01";"2";"7";"4";"2";"8";"9";"1";""
"202100015736";"173Â 537";"A01";"1";"15";"0";"2";"7";"1";"0";""
"202100015737";"173Â 534";"A01";"1";"34";"1";"2";"1";"18";"1";""
"202100015737";"173Â 535";"B01";"1";"10";"0";"0";"0";"22";"1";""
"202100015738";"173Â 533";"A01";"1";"7";"0";"1";"1";"16";"1";""
"202100015739";"173Â 532";"A01";"1";"7";"0";"1";"3";"16";"1";""
"202100015740";"173Â 530";"B01";"1";"14";"0";"2";"2";"16";"1";""
"202100015740";"173Â 531";"A01";"1";"32";"0";"2";"3";"18";"1";""
"202100015741";"173Â 529";"A01";"1";"10";"0";"1";"2";"1";"1";""
"202100015742";"173Â 527";"B01";"1";"33";"0";"2";"3";"1";"1";""
"202100015742";"173Â 528";"A01";"1";"30";"0";"2";"1";"1";"1";""
"202100015743";"173Â 526";"A01";"1";"7";"0";"1";"3";"7";"2";""
"202100015744";"173Â 525";"A01";"1";"1";"0";"0";"3";"1";"5";""
"202100015745";"173Â 524";"A01";"1";"2";"12";"0";"0";"14";"1";""
"202100015746";"173Â 522";"B01";"3";"30";"0";"2";"1";"1";"1";""
"202100015746";"173Â 523";"A01";"3";"1";"0";"2";"8";"1";"5";""
"202100015747";"173Â 520";"B01";"3";"32";"0";"2";"7";"1";"1";""
"202100015747";"173Â 521";"A01";"3";"15";"0";"2";"2";"15";"1";""
"202100015748";"173Â 519";"A01";"1";"7";"0";"1";"3";"1";"2";""
"202100015749";"173Â 518";"A01";"1";"1";"2";"1";"4";"25";"5";""
"202100015750";"173Â 516";"A01";"2";"33";"0";"2";"1";"2";"1";""
"202100015750";"173Â 517";"B01";"2";"10";"0";"2";"0";"2";"3";""
"202100015751";"173Â 515";"A01";"0";"37";"0";"1";"2";"7";"2";"1"
"202100015752";"173Â 513";"B01";"1";"7";"0";"2";"4";"23";"1";""
"202100015752";"173Â 514";"A01";"1";"10";"0";"2";"1";"2";"1";""
"202100015753";"173Â 511";"A01";"1";"32";"0";"2";"2";"16";"1";""
"202100015753";"173Â 512";"B01";"1";"80";"0";"2";"8";"1";"3";""
"202100015754";"173Â 509";"A01";"2";"7";"0";"0";"3";"23";"1";""
"202100015754";"173Â 510";"B01";"2";"7";"1";"0";"2";"26";"2";""
"202100015755";"173Â 507";"B01";"2";"32";"0";"2";"1";"17";"1";""
"202100015755";"173Â 508";"A01";"2";"10";"0";"2";"8";"15";"1";""
"202100015756";"173Â 505";"A01";"1";"7";"0";"2";"5";"15";"1";""
"202100015756";"173Â 506";"B01";"2";"30";"0";"2";"1";"2";"1";""
"202100015757";"173Â 503";"B01";"2";"2";"0";"2";"1";"1";"1";""
"202100015757";"173Â 504";"A01";"2";"7";"0";"2";"3";"26";"1";""
"202100015758";"173Â 501";"A01";"2";"34";"0";"2";"1";"16";"1";""
"202100015758";"173Â 502";"B01";"2";"1";"0";"2";"1";"15";"5";""
"202100015759";"173Â 500";"A01";"1";"7";"1";"0";"2";"1";"1";""
"202100015760";"173Â 499";"A01";"1";"33";"0";"1";"1";"1";"1";""
"202100015761";"173Â 497";"A01";"2";"7";"0";"2";"5";"15";"2";""
"202100015761";"173Â 498";"B01";"2";"34";"0";"2";"1";"1";"3";""
"202100015762";"173Â 495";"A01";"3";"7";"0";"2";"1";"9";"1";""
"202100015762";"173Â 496";"B01";"1";"2";"0";"2";"1";"26";"1";""
"202100015763";"173Â 493";"B01";"1";"50";"0";"2";"8";"1";"3";""
"202100015763";"173Â 494";"A01";"1";"10";"0";"2";"7";"17";"0";""
"202100015764";"173Â 490";"C01";"1";"7";"0";"2";"0";"0";"1";""
"202100015764";"173Â 491";"B01";"1";"7";"0";"2";"9";"1";"1";""
"202100015764";"173Â 492";"A01";"1";"7";"0";"2";"1";"9";"1";""
"202100015765";"173Â 488";"A01";"1";"7";"0";"2";"1";"2";"1";""
"202100015765";"173Â 489";"B01";"1";"33";"0";"2";"2";"0";"1";""
"202100015766";"173Â 486";"A01";" -1";"7";"0";"2";"1";"2";"1";""
"202100015766";"173Â 487";"B01";"3";"7";"0";"2";"4";"23";"1";""
"202100015767";"173Â 484";"B01";"2";"7";"0";"2";"1";"1";"1";""
"202100015767";"173Â 485";"A01";"1";"7";"0";"2";"1";"11";"1";""
"202100015768";"173Â 483";"A01";"1";"7";"0";"1";"2";"1";"1";""
"202100015769";"173Â 481";"A01";"3";"7";"0";"9";"3";"9";"1";""
"202100015769";"173Â 482";"B01";"3";"1";"0";"2";"1";"1";"0";""