"Num_Acc";"id_vehicule";"num_veh";"senc";"catv";"obs";"obsm";"choc";"manv";"motor";"occutc"
"202100015770";"173Â 479";"B01";"0";"7";"0";"2";"1";"0";"1";""
"202100015770";"173Â 480";"A01";"1";"7";"0";"2";"0";"0";"1";""
"202100015771";"173Â 477";"A01";"1";"7";"0";"2";"1";"26";"1";""
"202100015771";"173Â 478";"B01";"1";"32";"0";"2";"7";"1";"1";""
"202100015772";"173Â 476";"A01";"2";"30";"0";"1";"1";"1";"0";""
"202100015773";"173Â 475";"A01";"2";"7";"0";"1";"1";"15";"0";""
"202100015774";"173Â 473";"A01";"2";"7";"0";"2";"2";"16";"1";""
"202100015774";"173Â 474";"B01";"2";"80";"0";"2";"8";"1";"3";""
"202100015775";"173Â 471";"A01";"0";"1";"0";"2";"8";"13";"5";""
"202100015775";"173Â 472";"B01";"1";"10";"0";"2";"0";"0";"1";""
"202100015776";"173Â 469";"B01";"0";"32";"1";"2";"0";"0";"0";""
"202100015776";"173Â 470";"A01";"0";"20";"0";"2";"0";"13";"0";""
"202100015777";"173Â 468";"A01";"2";"7";"0";"1";"1";"1";"1";""
"202100015778";"173Â 466";"B01";"0";"7";"0";"2";"8";"1";"1";""
"202100015778";"173Â 467";"A01";"0";"7";"0";"2";"1";"1";"1";""
"202100015779";"173Â 464";"B01";"1";"33";"0";"2";"1";"2";"1";""
"202100015779";"173Â 465";"A01";"2";"7";"0";"2";"1";"15";"3";""
"202100015780";"173Â 462";"A01";"1";"7";"0";"2";"3";"15";"1";""
"202100015780";"173Â 463";"B01";"2";"32";"0";"2";"8";"0";"1";""
"202100015781";"173Â 461";"A01";"2";"7";"0";"1";"4";"4";"1";""
"202100015782";"173Â 460";"Z01";"2";"7";"0";"1";"3";"1";"0";""
"202100015783";"173Â 459";"A01";"1";"10";"0";"1";"1";"15";"1";""
"202100015784";"173Â 457";"A01";"1";"7";"0";"2";"5";"16";"1";""
"202100015784";"173Â 458";"B01";"1";"1";"0";"2";"1";"18";"5";""
"202100015785";"173Â 455";"A01";"1";"7";"0";"2";"2";"15";"1";""
"202100015785";"173Â 456";"B01";"2";"7";"0";"2";"1";"1";"1";""
"202100015786";"173Â 453";"B01";"0";"7";"0";"2";"3";"1";"1";""
"202100015786";"173Â 454";"A01";"3";"7";"0";"2";"3";"1";"1";""
"202100015787";"173Â 451";"B01";"1";"7";"0";"2";"1";"1";"1";""
"202100015787";"173Â 452";"A01";"1";"13";"0";"0";"5";"1";"1";""
"202100015788";"173Â 450";"A01";"1";"33";"2";"0";"1";"0";"1";""
"202100015789";"173Â 447";"C01";"2";"7";"0";"2";"6";"1";"1";""
"202100015789";"173Â 448";"B01";"2";"7";"0";"0";"3";"23";"1";""
"202100015789";"173Â 449";"A01";"1";"33";"1";"2";"0";"0";"1";""
"202100015790";"173Â 445";"A01";"1";"33";"0";"2";"1";"13";"1";""
"202100015790";"173Â 446";"B01";"2";"7";"0";"2";"8";"15";"1";""
"202100015791";"173Â 444";"A01";"2";"2";"13";"0";"3";"0";"1";""
"202100015792";"173Â 442";"B01";"2";"10";"0";"2";"3";"1";"1";""
"202100015792";"173Â 443";"A01";"2";"7";"0";"2";"5";"12";"1";""
"202100015793";"173Â 440";"A01";"1";"7";"0";"2";"1";"1";"1";""
"202100015793";"173Â 441";"B01";"1";"7";"1";"0";"6";"15";"1";""
"202100015794";"173Â 438";"A01";"3";"1";"0";"2";"4";"2";"5";""
"202100015794";"173Â 439";"B01";"3";"7";"0";"9";"2";"17";"1";""
"202100015795";"173Â 435";"C01";"1";"7";"0";"2";"1";"1";"1";""
"202100015795";"173Â 436";"B01";"2";"7";"0";"2";"1";"1";"1";""
"202100015795";"173Â 437";"A01";"2";"7";"0";"2";"1";"1";"1";""
"202100015796";"173Â 433";"B01";"1";"32";"0";"2";"3";"15";"1";""
"202100015796";"173Â 434";"A01";"1";"7";"0";"2";"5";"1";"1";""
"202100015797";"173Â 431";"A01";"1";"7";"3";"2";"3";"1";"1";""
"202100015797";"173Â 432";"B01";"2";"7";"3";"2";"3";"1";"1";""
"202100015798";"173Â 429";"B01";"2";"17";"0";"2";"1";"1";"1";""
"202100015798";"173Â 430";"A01";"1";"7";"0";"2";"1";"13";"1";""
"202100015799";"173Â 427";"A01";"2";"7";"0";"0";"4";"2";"1";""
"202100015799";"173Â 428";"B01";"2";"33";"0";"0";"1";"2";"1";""
"202100015800";"173Â 425";"B01";"1";"7";"0";"2";"1";"2";"1";""
"202100015800";"173Â 426";"A01";"2";"7";"0";"2";"3";"9";"1";""
"202100015801";"173Â 424";"A01";"1";"7";"2";"0";"2";"1";"1";""
"202100015802";"173Â 423";"A01";"3";"33";"0";"9";"1";"1";"1";""
"202100015803";"173Â 422";"A01";"1";"2";"8";"0";"8";"5";"1";""
"202100015804";"173Â 421";"A01";"2";"33";"2";"0";"0";"1";"1";""
"202100015805";"173Â 420";"A01";"2";"7";"16";"0";"5";"1";"1";""
"202100015806";"173Â 418";"A01";"1";"30";"0";"2";"7";"15";"1";""
"202100015806";"173Â 419";"B01";"2";"7";"0";"2";"1";"1";"1";""
"202100015807";"173Â 417";"A01";"3";"7";"7";"0";"0";"0";"1";""
"202100015808";"173Â 416";"A01";"2";"7";"13";"0";"1";"1";"1";""
"202100015809";"173Â 415";"A01";"2";"7";"13";"0";"1";"1";"1";""
"202100015810";"173Â 413";"A01";"1";"7";"0";"2";"1";"13";"1";""
"202100015810";"173Â 414";"B01";"2";"7";"0";"2";"1";"1";"1";""
"202100015811";"173Â 412";"A01";"1";"7";"13";"0";"3";"0";"1";""
"202100015812";"173Â 411";"A01";"3";"7";"0";"0";"3";"1";"1";""
"202100015813";"173Â 409";"A01";"2";"32";"0";"2";"1";"2";"1";""
"202100015813";"173Â 410";"B01";"2";"7";"0";"2";"4";"15";"1";""
"202100015814";"173Â 407";"B01";"1";"7";"0";"0";"4";"23";"1";""
"202100015814";"173Â 408";"A01";"2";"10";"0";"2";"1";"1";"0";""
"202100015815";"173Â 405";"A01";"1";"7";"1";"0";"8";"1";"1";""
"202100015815";"173Â 406";"B01";"1";"7";"1";"0";"7";"24";"1";""
"202100015816";"173Â 403";"B01";"1";"33";"0";"2";"1";"1";"1";""
"202100015816";"173Â 404";"A01";"2";"7";"0";"2";"5";"15";"1";""
"202100015817";"173Â 402";"A01";"1";"33";"0";"0";"8";"1";"1";""
"202100015818";"173Â 400";"B01";"1";"10";"0";"2";"3";"1";"1";""
"202100015818";"173Â 401";"A01";"2";"7";"0";"2";"3";"5";"0";""
"202100015819";"173Â 397";"A01";"1";"7";"16";"0";"1";"0";"1";""
"202100015820";"173Â 396";"A01";"1";"7";"0";"1";"2";"1";"1";""
"202100015821";"173Â 393";"A01";"1";"7";"3";"0";"9";"1";"1";""
"202100015822";"173Â 391";"B01";"2";"1";"0";"2";"1";"0";"5";""
"202100015822";"173Â 392";"A01";"1";"7";"0";"2";"2";"16";"2";""
"202100015823";"173Â 389";"A01";"2";"32";"0";"2";"2";"17";"1";""
"202100015823";"173Â 390";"B01";"2";"7";"0";"0";"3";"15";"1";""
"202100015824";"173Â 388";"A01";"2";"32";"0";"0";"7";"1";"1";""
"202100015825";"173Â 386";"A01";"2";"33";"0";"0";"3";"1";"1";""
"202100015825";"173Â 387";"B01";"2";"7";"0";"0";"5";"17";"1";""
"202100015826";"173Â 385";"A01";"2";"7";"3";"0";"2";"1";"1";""
"202100015827";"173Â 382";"C01";"2";"7";"0";"2";"4";"1";"1";""
"202100015827";"173Â 383";"B01";"2";"7";"0";"2";"3";"11";"0";""
"202100015827";"173Â 384";"A01";"2";"33";"0";"2";"5";"1";"1";""
"202100015828";"173Â 381";"A01";"2";"7";"2";"0";"1";"2";"0";""
"202100015829";"173Â 379";"A01";"2";"7";"0";"0";"3";"1";"1";""
"202100015829";"173Â 380";"B01";"2";"7";"0";"2";"3";"13";"1";""
"202100015830";"173Â 377";"A01";"1";"33";"0";"2";"1";"13";"1";""
"202100015830";"173Â 378";"B01";"2";"14";"0";"2";"3";"1";"1";""
"202100015831";"173Â 376";"A01";"3";"33";"0";"0";"8";"1";"1";""
"202100015832";"173Â 374";"A01";"3";"10";"0";"2";"1";"1";"1";""
"202100015832";"173Â 375";"B01";"3";"3";"0";"2";"1";"13";"3";""
"202100015833";"173Â 372";"B01";"3";"7";"0";"2";"3";"14";"1";""
"202100015833";"173Â 373";"A01";"3";"31";"0";"2";"1";"5";"1";""
"202100015834";"173Â 370";"A01";"3";"10";"0";"2";"3";"1";"1";""
"202100015834";"173Â 371";"B01";"3";"80";"0";"2";"1";"13";"3";""
"202100015835";"173Â 368";"B01";"0";"1";"0";"2";"1";"1";"5";""
"202100015835";"173Â 369";"A01";"2";"7";"0";"9";"3";"15";"2";""
"202100015836";"173Â 367";"A01";"1";"7";"0";"1";"3";"15";"1";""
"202100015837";"173Â 365";"B01";"1";"43";"0";"2";"1";"21";"1";""
"202100015837";"173Â 366";"A01";"1";"7";"0";"0";"6";"22";"1";""
"202100015838";"173Â 364";"A01";"1";"7";"0";"1";"2";"1";"1";""
"202100015839";"173Â 363";"A01";"1";"7";"0";"1";"2";"16";"1";""
"202100015840";"173Â 361";"A01";"0";"7";"0";"0";"6";"1";"1";""
"202100015840";"173Â 362";"B01";"0";"7";"0";"2";"2";"1";"1";""
"202100015841";"173Â 360";"A01";"2";"32";"0";"0";"3";"0";"1";""
"202100015842";"173Â 357";"A01";"2";"10";"0";"2";"2";"14";"1";""
"202100015842";"173Â 358";"B01";"2";"33";"0";"2";"3";"7";"1";""
"202100015842";"173Â 359";"C01";"2";"7";"0";"2";"1";"1";"1";""
"202100015843";"173Â 355";"B01";"1";"7";"0";"2";"1";"2";"1";""
"202100015843";"173Â 356";"A01";"1";"7";"0";"2";"4";"1";"1";""
"202100015844";"173Â 353";"B01";"2";"7";"0";"2";"5";"2";"1";""
"202100015844";"173Â 354";"A01";"2";"7";"0";"2";"3";"2";"1";""
"202100015845";"173Â 351";"B01";"1";"10";"0";"2";"5";"2";"1";""
"202100015845";"173Â 352";"A01";"1";"33";"0";"2";"1";"3";"1";""
"202100015846";"173Â 350";"A01";"2";"33";"4";"0";"8";"2";"1";""
"202100015847";"173Â 348";"A01";"2";"33";"0";"2";"4";"2";"1";""
"202100015847";"173Â 349";"B01";"2";"10";"0";"2";"1";"2";"1";""
"202100015848";"173Â 346";"B01";"2";"7";"0";"2";"4";"1";"1";""
"202100015848";"173Â 347";"A01";"2";"7";"0";"2";"1";"26";"1";""
"202100015849";"173Â 344";"B01";"2";"7";"0";"2";"4";"1";"1";""
"202100015849";"173Â 345";"A01";"2";"7";"0";"2";"1";"2";"1";""
"202100015850";"173Â 342";"B01";"1";"7";"0";"2";"4";"2";"1";""
"202100015850";"173Â 343";"A01";"1";"7";"0";"2";"1";"2";"1";""
"202100015851";"173Â 339";"A01";"1";"7";"0";"2";"4";"1";"1";""
"202100015851";"173Â 340";"C01";"1";"7";"0";"2";"1";"1";"1";""
"202100015851";"173Â 341";"B01";"1";"7";"0";"2";"4";"1";"1";""
"202100015852";"173Â 337";"B01";"1";"7";"0";"2";"8";"2";"1";""
"202100015852";"173Â 338";"A01";"1";"33";"0";"2";"1";"3";"1";""
"202100015853";"173Â 335";"B01";"2";"33";"0";"2";"8";"1";"1";""
"202100015853";"173Â 336";"A01";"2";"7";"0";"2";"7";"12";"1";""
"202100015854";"173Â 334";"A01";"3";"7";"0";"1";"3";"1";"1";""
"202100015855";"173Â 333";"A01";"3";"7";"0";"1";"1";"24";"1";""
"202100015856";"173Â 332";"A01";"1";"7";"1";"0";"1";"14";"1";""
"202100015857";"173Â 330";"B01";"1";"32";"0";"2";"1";"1";"1";""
"202100015857";"173Â 331";"A01";"2";"7";"0";"2";"7";"15";"1";""
"202100015858";"173Â 329";"A01";"1";"7";"0";"1";"1";"1";"1";""
"202100015859";"173Â 328";"A01";"1";"2";"0";"0";"0";"1";"1";""
"202100015860";"173Â 327";"A01";"1";"7";"0";"1";"7";"13";"1";""
"202100015861";"173Â 325";"B01";"1";"7";"0";"2";"6";"2";"1";""
"202100015861";"173Â 326";"A01";"1";"7";"0";"2";"2";"2";"1";""
"202100015862";"173Â 323";"A01";"2";"50";"0";"0";"7";"26";"3";""
"202100015862";"173Â 324";"B01";"2";"7";"0";"2";"0";"0";"0";""
"202100015863";"173Â 321";"A01";"1";"50";"0";"2";"1";"25";"3";""
"202100015863";"173Â 322";"B01";"3";"7";"0";"2";"3";"26";"1";""
"202100015864";"173Â 319";"B01";"1";"50";"0";"2";"1";"1";"3";""
"202100015864";"173Â 320";"A01";"3";"7";"0";"2";"1";"9";"1";""
"202100015865";"173Â 317";"A01";"3";"7";"0";"2";"1";"15";"1";""
"202100015865";"173Â 318";"B01";"2";"80";"0";"2";"2";"19";"3";""
"202100015866";"173Â 316";"A01";"2";"7";"13";"0";"1";"26";"1";""
"202100015867";"173Â 314";"B01";"2";"7";"0";"2";"5";"16";"1";""
"202100015867";"173Â 315";"A01";"2";"32";"0";"2";"1";"2";"1";""
"202100015868";"173Â 311";"A01";"1";"7";"0";"2";"7";"18";"1";""
"202100015868";"173Â 312";"B01";"1";"7";"0";"2";"8";"1";"1";""
"202100015868";"173Â 313";"C01";"2";"7";"0";"2";"4";"1";"1";""
"202100015869";"173Â 310";"A01";"1";"7";"0";"2";"2";"2";"1";""
"202100015870";"173Â 309";"A01";"0";"7";"1";"1";"1";"1";"0";""
"202100015871";"173Â 308";"A01";"3";"7";"5";"0";"2";"14";"2";""
"202100015872";"173Â 306";"A01";"3";"10";"0";"2";"3";"5";"1";""
"202100015872";"173Â 307";"B01";"3";"7";"0";"2";"2";"1";"1";""
"202100015873";"173Â 305";"Z01";"3";"7";"0";"1";"1";"1";"0";""
"202100015874";"173Â 303";"B01";"1";"10";"0";"2";"1";"1";"1";""
"202100015874";"173Â 304";"A01";"1";"7";"0";"2";"4";"23";"1";""
"202100015875";"173Â 300";"A01";"2";"32";"0";"2";"0";"1";"1";""
"202100015875";"173Â 301";"B01";"2";"7";"0";"0";"4";"1";"1";""
"202100015875";"173Â 302";"C01";"1";"10";"0";"0";"3";"1";"1";""
"202100015876";"173Â 299";"A01";"3";"7";"1";"0";"1";"1";"1";""
"202100015877";"173Â 297";"A01";"3";"1";"0";"2";"7";"19";"5";""
"202100015877";"173Â 298";"B01";"1";"7";"0";"2";"0";"0";"1";""
"202100015878";"173Â 296";"A01";"1";"13";"0";"1";"2";"26";"1";""
"202100015879";"173Â 294";"B01";"1";"34";"0";"2";"1";"2";"1";""
"202100015879";"173Â 295";"A01";"1";"7";"0";"2";"5";"15";"2";""
"202100015880";"173Â 291";"C01";"2";"7";"0";"2";"6";"2";"0";""
"202100015880";"173Â 292";"A01";"2";"7";"0";"2";"3";"17";"0";""
"202100015880";"173Â 293";"B01";"1";"7";"0";"2";"3";"1";"0";""
"202100015881";"173Â 289";"B01";"2";"7";"0";"2";"4";"2";"1";""
"202100015881";"173Â 290";"A01";"2";"7";"0";"2";"1";"2";"1";""
"202100015882";"173Â 287";"B01";"3";"7";"0";"2";"2";"0";"1";""
"202100015882";"173Â 288";"A01";"3";"7";"2";"2";"8";"26";"1";""
"202100015883";"173Â 285";"B01";"1";"7";"0";"2";"2";"13";"1";""
"202100015883";"173Â 286";"A01";"1";"7";"0";"2";"3";"17";"1";""
"202100015884";"173Â 282";"A01";"2";"32";"14";"0";"3";"1";"1";""
"202100015885";"173Â 280";"B01";"0";"7";"0";"0";"1";"16";"1";""
"202100015885";"173Â 281";"A01";"0";"32";"0";"2";"3";"16";"1";""
"202100015886";"173Â 273";"A01";"1";"7";"0";"1";"1";"1";"1";""
"202100015887";"173Â 271";"A01";"1";"7";"0";"2";"1";"1";"1";""
"202100015887";"173Â 272";"B01";"3";"7";"0";"2";"8";"1";"1";""
"202100015888";"173Â 269";"B01";"3";"7";"0";"2";"3";"15";"1";""
"202100015888";"173Â 270";"A01";"3";"2";"0";"2";"1";"1";"1";""
"202100015889";"173Â 267";"B01";"3";"7";"0";"2";"4";"2";"1";""
"202100015889";"173Â 268";"A01";"3";"7";"0";"2";"1";"2";"1";""
"202100015890";"173Â 266";"A01";"3";"30";"0";"0";"0";"1";"1";""
"202100015891";"173Â 264";"A01";"1";"7";"0";"2";"2";"1";"1";""
"202100015891";"173Â 265";"B01";"1";"7";"0";"2";"3";"1";"1";""
"202100015892";"173Â 263";"A01";"1";"21";"0";"1";"7";"26";"1";""
"202100015893";"173Â 262";"A01";"2";"32";"2";"0";"1";"26";"1";""
"202100015894";"173Â 260";"A01";"2";"7";"0";"2";"3";"9";"1";""
"202100015894";"173Â 261";"B01";"2";"1";"0";"2";"5";"1";"5";""
"202100015895";"173Â 258";"B01";"1";"50";"0";"2";"1";"2";"3";""
"202100015895";"173Â 259";"A01";"1";"7";"0";"2";"3";"2";"1";""
"202100015896";"173Â 256";"A01";"1";"7";"0";"2";"1";"13";"1";""
"202100015896";"173Â 257";"B01";"2";"7";"0";"2";"1";"1";"1";""
"202100015897";"173Â 255";"A01";"1";"7";"12";"1";"5";"17";"1";""
"202100015898";"173Â 252";"A01";"3";"7";"0";"2";"1";"2";"1";""
"202100015898";"173Â 253";"B01";"3";"7";"0";"2";"4";"2";"1";""
"202100015898";"173Â 254";"C01";"3";"7";"0";"2";"4";"2";"1";""
"202100015899";"173Â 251";"A01";"1";"1";"12";"0";"1";"1";"5";""
"202100015900";"173Â 250";"A01";"1";"30";"12";"0";"2";"21";"1";""
"202100015901";"173Â 248";"A01";"2";"7";"0";"2";"1";"2";"1";""
"202100015901";"173Â 249";"B01";"2";"7";"0";"2";"4";"1";"1";""
"202100015902";"173Â 247";"A01";"1";"7";"1";"0";"3";"13";"1";""
"202100015903";"173Â 246";"A01";"1";"7";"9";"0";"1";"1";"1";""
"202100015904";"173Â 244";"A01";"1";"7";"0";"2";"1";"1";"1";""
"202100015904";"173Â 245";"B01";"1";"7";"0";"2";"3";"1";"1";""
"202100015905";"173Â 242";"B01";"1";"7";"0";"2";"1";"1";"1";""
"202100015905";"173Â 243";"A01";"1";"7";"0";"2";"3";"15";"1";""
"202100015906";"173Â 240";"A01";"2";"33";"0";"2";"1";"1";"1";""
"202100015906";"173Â 241";"B01";"2";"7";"0";"0";"4";"12";"1";""
"202100015907";"173Â 238";"A01";"1";"1";"0";"2";"1";"26";"5";""
"202100015907";"173Â 239";"B01";"1";"7";"0";"2";"4";"2";"1";""
"202100015908";"173Â 234";"C01";"1";"7";"0";"2";"4";"2";"1";""
"202100015908";"173Â 235";"D01";"1";"7";"0";"2";"4";"2";"1";""
"202100015908";"173Â 236";"B01";"1";"2";"0";"2";"4";"2";"1";""
"202100015908";"173Â 237";"A01";"1";"10";"0";"2";"1";"2";"1";""
"202100015909";"173Â 232";"B01";"2";"7";"0";"2";"3";"13";"1";""
"202100015909";"173Â 233";"A01";"1";"7";"0";"2";"3";"21";"1";""
"202100015910";"173Â 228";"A01";"2";"7";"0";"2";"1";"2";"1";""
"202100015910";"173Â 229";"B01";"2";"7";"0";"2";"4";"1";"1";""
"202100015911";"173Â 226";"A01";"3";"7";"0";"2";"1";"9";"3";""
"202100015911";"173Â 227";"B01";"3";"32";"0";"2";"7";"1";"1";""
"202100015912";"173Â 224";"B01";"2";"7";"0";"2";"2";"15";"1";""
"202100015912";"173Â 225";"A01";"1";"1";"0";"2";"1";"19";"5";""
"202100015913";"173Â 222";"A01";"1";"33";"0";"2";"1";"13";"1";""
"202100015913";"173Â 223";"B01";"2";"1";"0";"2";"1";"1";"5";""
"202100015914";"173Â 220";"A01";"3";"31";"0";"2";"7";"17";"1";""
"202100015914";"173Â 221";"B01";"3";"7";"0";"2";"3";"15";"1";""
"202100015915";"173Â 218";"A01";"1";"1";"0";"2";"1";"5";"5";""
"202100015915";"173Â 219";"B01";"1";"7";"0";"2";"1";"16";"1";""
"202100015916";"173Â 217";"A01";"2";"7";"0";"1";"1";"1";"1";""
"202100015917";"173Â 216";"A01";"1";"7";"8";"0";"1";"26";"1";""
"202100015918";"173Â 214";"A01";"1";"7";"0";"2";"2";"14";"1";""
"202100015918";"173Â 215";"B01";"1";"2";"0";"2";"6";"0";"1";""
"202100015919";"173Â 213";"A01";"1";"7";"6";"0";"1";"0";"1";""
"202100015920";"173Â 211";"A01";"0";"7";"0";"2";"7";"18";"1";""
"202100015920";"173Â 212";"B01";"0";"7";"0";"2";"3";"0";"1";""
"202100015921";"173Â 208";"A01";"1";"7";"0";"0";"0";"0";"1";""
"202100015921";"173Â 209";"B01";"1";"7";"0";"0";"0";"0";"1";""
"202100015921";"173Â 210";"C01";"1";"7";"0";"0";"0";"0";"0";""
"202100015922";"173Â 205";"C01";"1";"7";"0";"2";"1";"1";"1";""
"202100015922";"173Â 206";"B01";"1";"7";"0";"2";"8";"1";"1";""
"202100015922";"173Â 207";"A01";"2";"33";"0";"2";"1";"17";"1";""
"202100015923";"173Â 203";"A01";"1";"7";"0";"2";"1";"1";"1";""
"202100015923";"173Â 204";"B01";"1";"7";"0";"2";"7";"19";"1";""
"202100015924";"173Â 201";"B01";"3";"80";"0";"2";"7";"19";"3";""
"202100015924";"173Â 202";"A01";"3";"7";"0";"1";"1";"1";"1";""
"202100015925";"173Â 199";"A01";"3";"16";"0";"2";"2";"14";"1";""
"202100015925";"173Â 200";"B01";"3";"7";"0";"2";"8";"1";"1";""
"202100015926";"173Â 197";"B01";"2";"7";"0";"2";"2";"1";"1";""
"202100015926";"173Â 198";"A01";"2";"10";"0";"2";"8";"20";"1";""
"202100015927";"173Â 194";"A01";"3";"43";"0";"2";"1";"2";"1";""
"202100015927";"173Â 195";"B01";"3";"7";"0";"2";"4";"2";"1";""
"202100015927";"173Â 196";"C01";"3";"7";"1";"2";"0";"0";"1";""
"202100015928";"173Â 192";"B01";"1";"2";"0";"2";"1";"1";"1";""
"202100015928";"173Â 193";"A01";"2";"7";"0";"2";"2";"15";"1";""
"202100015929";"173Â 190";"B01";"3";"1";"0";"2";"0";"0";"0";""
"202100015929";"173Â 191";"A01";"3";"1";"0";"2";"7";"9";"0";""
"202100015930";"173Â 189";"A01";"1";"7";"0";"1";"1";"15";"1";""
"202100015931";"173Â 187";"A01";"3";"7";"0";"2";"1";"15";"1";""
"202100015931";"173Â 188";"B01";"0";"60";"0";"2";"1";"1";"5";""
"202100015932";"173Â 186";"A01";"2";"7";"0";"1";"1";"1";"1";""
"202100015933";"173Â 184";"B01";"1";"2";"0";"2";"7";"17";"1";""
"202100015933";"173Â 185";"A01";"1";"7";"0";"2";"3";"15";"2";""
"202100015934";"173Â 181";"A01";"3";"33";"0";"2";"1";"17";"1";""
"202100015934";"173Â 182";"B01";"3";"7";"0";"2";"3";"11";"1";""
"202100015934";"173Â 183";"C01";"3";"10";"0";"2";"0";"0";"1";""
"202100015935";"173Â 180";"A01";"3";"7";"0";"1";"2";"1";"1";""
"202100015936";"173Â 178";"A01";"2";"7";"0";"2";"8";"22";"1";""
"202100015936";"173Â 179";"B01";"2";"1";"1";"0";"1";"1";"5";""
"202100015937";"173Â 177";"A01";"1";"7";"0";"1";"1";"1";"1";""
"202100015938";"173Â 175";"A01";"3";"7";"0";"2";"3";"9";"1";""
"202100015938";"173Â 176";"B01";"3";"33";"0";"2";"2";"9";"1";""
"202100015939";"173Â 173";"A01";"3";"7";"0";"9";"1";"15";"1";""
"202100015939";"173Â 174";"B01";"3";"50";"0";"9";"1";"2";"3";""
"202100015940";"173Â 171";"A01";"2";"14";"0";"2";"1";"2";"1";""
"202100015940";"173Â 172";"B01";"2";"7";"0";"2";"4";"23";"1";""
"202100015941";"173Â 169";"B01";"2";"7";"0";"2";"5";"2";"1";""
"202100015941";"173Â 170";"A01";"2";"33";"0";"2";"1";"2";"1";""
"202100015942";"173Â 167";"B01";"2";"1";"1";"0";"8";"1";"5";""
"202100015942";"173Â 168";"A01";"2";"7";"0";"2";"7";"22";"1";""
"202100015943";"173Â 165";"B01";"3";"7";"0";"2";"6";"2";"1";""
"202100015943";"173Â 166";"A01";"3";"43";"0";"2";"2";"2";"1";""
"202100015944";"173Â 163";"B01";"2";"33";"0";"0";"4";"23";"1";""
"202100015944";"173Â 164";"A01";"2";"7";"0";"2";"3";"2";"1";""
"202100015945";"173Â 162";"A01";"1";"7";"0";"1";"3";"1";"1";""
"202100015946";"173Â 161";"A01";"1";"50";"0";"1";"7";"1";"3";""
"202100015947";"173Â 160";"A01";"1";"32";"0";"1";"8";"18";"1";""
"202100015948";"173Â 158";"B01";"2";"7";"0";"2";"4";"23";"1";""
"202100015948";"173Â 159";"A01";"2";"10";"0";"2";"1";"2";"1";""
"202100015949";"173Â 157";"Z01";"2";"50";"0";"1";"7";"1";"3";""
"202100015950";"173Â 156";"A01";"2";"1";"0";"0";"1";"1";"5";""
"202100015951";"173Â 155";"A01";"1";"37";"0";"1";"8";"13";"2";"1"
"202100015952";"173Â 153";"A01";"2";"30";"0";"2";"1";"17";"1";""
"202100015952";"173Â 154";"B01";"1";"7";"0";"2";"1";"9";"1";""
"202100015953";"173Â 151";"A01";"2";"34";"0";"2";"2";"1";"1";""
"202100015953";"173Â 152";"B01";"2";"50";"0";"2";"1";"1";"3";""
"202100015954";"173Â 150";"A01";"1";"7";"0";"1";"3";"1";"2";""
"202100015955";"173Â 148";"A01";"2";"33";"0";"2";"1";"2";"1";""
"202100015955";"173Â 149";"B01";"2";"32";"0";"2";"4";"23";"1";""
"202100015956";"173Â 147";"A01";"2";"10";"0";"1";"4";"4";"1";""
"202100015957";"173Â 145";"B01";"3";"30";"0";"2";"7";"1";"1";""
"202100015957";"173Â 146";"A01";"3";"7";"0";"2";"8";"15";"1";""
"202100015958";"173Â 143";"B01";"2";"33";"0";"2";"9";"1";"1";""
"202100015958";"173Â 144";"A01";"1";"7";"0";"2";"2";"1";"1";""
"202100015959";"173Â 141";"A01";"3";"10";"0";"2";"3";"9";"1";""
"202100015959";"173Â 142";"B01";"3";"99";"0";"2";"1";"9";"3";""
"202100015960";"173Â 139";"A01";"1";"7";"0";"0";"0";"0";"0";""
"202100015960";"173Â 140";"B01";"2";"1";"0";"2";"8";"14";"5";""
"202100015961";"173Â 138";"A01";"1";"10";"0";"1";"3";"1";"1";""
"202100015962";"173Â 137";"A01";"3";"7";"0";"1";"2";"1";"1";""
"202100015963";"173Â 136";"A01";"1";"99";"0";"1";"5";"1";"6";""
"202100015964";"173Â 134";"B01";"2";"43";"0";"2";"2";"1";"1";""
"202100015964";"173Â 135";"A01";"2";"7";"0";"2";"3";"15";"1";""
"202100015965";"173Â 133";"A01";"1";"7";"0";"1";"0";"1";"1";""
"202100015966";"173Â 131";"B01";"3";"2";"0";"2";"2";"17";"0";""
"202100015966";"173Â 132";"A01";"3";"10";"0";"2";"8";"15";"0";""
"202100015967";"173Â 129";"B01";"2";"33";"0";"2";"5";"1";"1";""
"202100015967";"173Â 130";"A01";"1";"7";"0";"2";"1";"16";"1";""
"202100015968";"173Â 127";"A01";"1";"7";"0";"2";"3";"10";"1";""
"202100015968";"173Â 128";"B01";"1";"33";"0";"2";"2";"1";"1";""
"202100015969";"173Â 125";"A01";"1";"7";"0";"2";"2";"14";"1";""
"202100015969";"173Â 126";"B01";"1";"30";"0";"2";"8";"0";"1";""
"202100015970";"173Â 123";"A01";"3";"7";"0";"2";"8";"10";"2";""
"202100015970";"173Â 124";"B01";"1";"33";"0";"2";"2";"1";"0";""
"202100015971";"173Â 119";"B01";"2";"1";"0";"2";"4";"1";"5";""
"202100015971";"173Â 120";"A01";"2";"7";"0";"2";"1";"2";"2";""
"202100015972";"173Â 117";"A01";"2";"2";"0";"1";"0";"15";"1";""