"Num_Acc";"id_vehicule";"num_veh";"senc";"catv";"obs";"obsm";"choc";"manv";"motor";"occutc"
"202100015972";"173Â 118";"B01";"2";"60";"0";"2";" -1";"25";"5";""
"202100015973";"173Â 116";"A01";"1";"10";"0";"1";"1";"15";"1";""
"202100015974";"173Â 114";"B01";"2";"1";"0";"2";"1";"1";"5";""
"202100015974";"173Â 115";"A01";"2";"7";"0";"2";"8";"24";"1";""
"202100015975";"173Â 112";"B01";"2";"21";"0";"2";"8";"26";"1";""
"202100015975";"173Â 113";"A01";"1";"10";"0";"2";"3";"19";"1";""
"202100015976";"173Â 110";"A01";"0";"7";"0";"2";"3";"15";"1";""
"202100015976";"173Â 111";"B01";"3";"2";"0";"2";"1";"1";"1";""
"202100015977";"173Â 108";"B01";"1";"7";"0";"2";"1";"9";"1";""
"202100015977";"173Â 109";"A01";"1";"7";"0";"0";"4";"1";"1";""
"202100015978";"173Â 106";"B01";"1";"14";"0";"2";"3";"2";"1";""
"202100015978";"173Â 107";"A01";"2";"7";"3";"0";"1";"2";"1";""
"202100015979";"173Â 104";"B01";"1";"7";"0";"2";"1";"1";"1";""
"202100015979";"173Â 105";"A01";"2";"7";"0";"2";"1";"1";"1";""
"202100015980";"173Â 102";"B01";"2";"10";"0";"2";"1";"1";"1";""
"202100015980";"173Â 103";"A01";"1";"7";"10";"2";"1";"1";"1";""
"202100015981";"173Â 101";"A01";"2";"7";"16";"0";"1";"0";"1";""
"202100015982";"173Â 100";"A01";"1";"7";"2";"0";"3";"1";"1";""
"202100015983";"173Â 098";"A01";"2";"7";"0";"9";"3";"9";"1";""
"202100015983";"173Â 099";"B01";"1";"1";"0";"2";"2";"1";"6";""
"202100015984";"173Â 096";"A01";"2";"7";"0";"0";"2";"2";"1";""
"202100015984";"173Â 097";"B01";"2";"1";"12";"2";"4";"2";"5";""
"202100015985";"173Â 095";"A01";"2";"7";"2";"0";"3";"13";"1";""
"202100015986";"173Â 093";"A01";"2";"7";"0";"2";"2";"17";"1";""
"202100015986";"173Â 094";"B01";"2";"2";"0";"2";"6";"15";"1";""
"202100015987";"173Â 091";"A01";"1";"7";"0";"2";"1";"13";"2";""
"202100015987";"173Â 092";"B01";"2";"7";"0";"2";"1";"21";"1";""
"202100015988";"173Â 089";"A01";"1";"10";"0";"2";"3";"1";"1";""
"202100015988";"173Â 090";"B01";"2";"7";"0";"2";"3";"13";"1";""
"202100015989";"173Â 086";"B01";"1";"33";"0";"2";"1";"1";"1";""
"202100015989";"173Â 087";"C01";"2";"7";"0";"2";"3";"1";"1";""
"202100015989";"173Â 088";"A01";"2";"7";"0";"2";"7";"17";"1";""
"202100015990";"173Â 085";"A01";"2";"10";"6";"0";"1";"1";"1";""
"202100015991";"173Â 083";"A01";"2";"7";"0";"2";"1";"13";"1";""
"202100015991";"173Â 084";"B01";"1";"7";"0";"2";"1";"1";"1";""
"202100015992";"173Â 082";"A01";"2";"7";"2";"0";"1";"1";"1";""
"202100015993";"173Â 081";"A01";"1";"33";"0";"0";"9";"13";"1";""
"202100015994";"173Â 079";"B01";"2";"15";"0";"2";"8";"1";"1";""
"202100015994";"173Â 080";"A01";"1";"33";"0";"2";"3";"5";"1";""
"202100015995";"173Â 077";"A01";"1";"33";"5";"2";"0";"3";"1";""
"202100015995";"173Â 078";"B01";"1";"7";"0";"2";"2";"1";"1";""
"202100015996";"173Â 075";"A01";"0";"7";"0";"2";"8";"9";"1";""
"202100015996";"173Â 076";"B01";"0";"7";"0";"2";"1";"1";"1";""
"202100015997";"173Â 073";"B01";"2";"7";"0";"2";"5";"15";"1";""
"202100015997";"173Â 074";"A01";"2";"10";"0";"2";"2";"1";"1";""
"202100015998";"173Â 071";"A01";"1";"7";"0";"0";"1";"1";"1";""
"202100015998";"173Â 072";"B01";"2";"7";"0";"0";"1";"1";"1";""
"202100015999";"173Â 069";"B01";"2";"33";"0";"2";"1";"1";"1";""
"202100015999";"173Â 070";"A01";"0";"10";"0";"2";"6";"19";"1";""
"202100016000";"173Â 067";"A01";"1";"7";"0";"2";"1";"2";"1";""
"202100016000";"173Â 068";"B01";"1";"15";"0";"0";"4";"2";"1";""
"202100016001";"173Â 066";"A01";"3";"7";"12";"0";"1";"1";"1";""
"202100016002";"173Â 064";"B01";"1";"2";"7";"2";"7";"1";"1";""
"202100016002";"173Â 065";"A01";"1";"7";"0";"2";"1";"19";"1";""
"202100016003";"173Â 063";"A01";"2";"7";"13";"0";"1";"14";"1";""
"202100016004";"173Â 061";"B01";"3";"7";"0";"2";"5";"1";"1";""
"202100016004";"173Â 062";"A01";"1";"7";"0";"2";"1";"1";"1";""
"202100016005";"173Â 059";"A01";"1";"7";"0";"2";"2";"15";"1";""
"202100016005";"173Â 060";"B01";"2";"13";"0";"2";"1";"1";"0";""
"202100016006";"173Â 057";"A01";"1";"2";"0";"2";"1";"19";"1";""
"202100016006";"173Â 058";"B01";"2";"7";"0";"0";"6";"1";"1";""
"202100016007";"173Â 052";"A01";"2";"2";"0";"2";"1";"1";"1";""
"202100016007";"173Â 053";"B01";"1";"7";"0";"2";"1";"1";"1";""
"202100016008";"173Â 049";"B01";"1";"7";"0";"2";"1";"1";"1";""
"202100016008";"173Â 050";"A01";"2";"7";"0";"2";"2";"15";"1";""
"202100016009";"173Â 046";"B01";"2";"7";"0";"2";"2";"15";"1";""
"202100016009";"173Â 047";"A01";"2";"7";"0";"2";"1";"1";"1";""
"202100016010";"173Â 044";"A01";"0";"80";"0";"9";"6";"15";"3";""
"202100016010";"173Â 045";"B01";"0";"7";"0";"9";"2";"17";"1";""
"202100016011";"173Â 042";"B01";"0";"7";"0";"2";"4";"2";"1";""
"202100016011";"173Â 043";"A01";"0";"10";"0";"2";"1";"2";"1";""
"202100016012";"173Â 041";"A01";"2";"10";"16";"0";"3";"1";"1";""
"202100016013";"173Â 039";"B01";"0";"1";"0";"2";"3";"1";"5";""
"202100016013";"173Â 040";"A01";"0";"7";"0";"2";"1";"1";"1";""
"202100016014";"173Â 037";"B01";"1";"7";"0";"2";"1";"1";"1";""
"202100016014";"173Â 038";"A01";"2";"7";"0";"2";"1";"5";"2";""
"202100016015";"173Â 035";"A01";"2";"10";"0";"2";"3";"1";"0";""
"202100016015";"173Â 036";"B01";"2";"33";"13";"0";"2";"1";"1";""
"202100016016";"173Â 034";"A01";"1";"7";"13";"0";"1";"16";"1";""
"202100016017";"173Â 033";"A01";"1";"33";"5";"0";"3";"13";"1";""
"202100016018";"173Â 031";"A01";"2";"7";"0";"2";"4";"2";"1";""
"202100016018";"173Â 032";"B01";"2";"7";"0";"2";"1";"2";"1";""
"202100016019";"173Â 030";"A01";"1";"7";"12";"0";"2";"1";"1";""
"202100016020";"173Â 028";"B01";"2";"7";"0";"0";"5";"12";"1";""
"202100016020";"173Â 029";"A01";"2";"10";"0";"2";"3";"1";"1";""
"202100016021";"173Â 025";"B01";"2";"17";"0";"2";"0";"1";"1";""
"202100016021";"173Â 026";"A01";"2";"7";"4";"2";"9";"0";"1";""
"202100016021";"173Â 027";"C01";"2";"17";"0";"2";"0";"1";"1";""
"202100016022";"173Â 022";"B01";"2";"7";"0";"2";"1";"26";"1";""
"202100016022";"173Â 023";"A01";"1";"7";"0";"2";"6";"19";"1";""
"202100016023";"173Â 018";"B01";"2";"33";"0";"2";"1";"15";"1";""
"202100016023";"173Â 019";"A01";"1";"7";"0";"2";"7";"15";"1";""
"202100016024";"173Â 016";"B01";"3";"33";"0";"2";"1";"1";"1";""
"202100016024";"173Â 017";"A01";"3";"99";"0";"2";"3";"26";"1";""
"202100016025";"173Â 014";"A01";"2";"7";"0";"9";"2";"1";"1";""
"202100016025";"173Â 015";"B01";"2";"1";"0";"0";"4";"0";"5";""
"202100016026";"173Â 013";"A01";"1";"31";"0";"0";"0";"0";"1";""
"202100016027";"173Â 011";"B01";"1";"7";"0";"0";"3";"1";"1";""
"202100016027";"173Â 012";"A01";"2";"7";"0";"0";"3";"13";"1";""
"202100016028";"173Â 009";"A01";"1";"2";"12";"0";"0";"12";"1";""
"202100016028";"173Â 010";"B01";"1";"7";"0";"2";"3";"9";"1";""
"202100016029";"173Â 008";"A01";"1";"7";"17";"0";"3";"13";"1";""
"202100016030";"173Â 006";"A01";"2";"7";"0";"2";"8";"10";"1";""
"202100016030";"173Â 007";"B01";"2";"17";"0";"2";"2";"1";"1";""
"202100016031";"173Â 004";"B01";"0";"7";"0";"2";"3";"17";"1";""
"202100016031";"173Â 005";"A01";"0";"33";"0";"2";"7";"17";"1";""
"202100016032";"173Â 003";"A01";"1";"7";"13";"0";"9";"1";"1";""
"202100016033";"173Â 001";"A01";"1";"7";"0";"2";"4";"26";"2";""
"202100016033";"173Â 002";"B01";"1";"10";"0";"2";"2";"2";"1";""
"202100016034";"173Â 000";"A01";"1";"7";"0";"9";"3";"26";"1";""
"202100016035";"172Â 998";"A01";"1";"10";"0";"2";"4";"2";"1";""
"202100016035";"172Â 999";"Z01";"1";"7";"0";"2";"1";"2";"0";""
"202100016036";"172Â 992";"A01";"1";"7";"0";"2";"6";"1";"1";""
"202100016036";"172Â 993";"B01";"1";"7";"0";"2";"1";"1";"1";""
"202100016036";"172Â 994";"C01";"1";"10";"0";"2";"1";"1";"1";""
"202100016037";"172Â 990";"B01";"2";"7";"0";"2";"7";"12";"1";""
"202100016037";"172Â 991";"A01";"2";"32";"0";"2";"8";"3";"1";""
"202100016038";"172Â 988";"A01";"2";"10";"1";"0";"2";"14";"1";""
"202100016038";"172Â 989";"B01";"2";"14";"0";"2";"6";"23";"1";""
"202100016039";"172Â 986";"A01";"1";"17";"0";"2";"2";"12";"1";""
"202100016039";"172Â 987";"B01";"1";"7";"0";"2";"3";"1";"1";""
"202100016040";"172Â 984";"A01";"1";"33";"0";"2";"1";"3";"1";""
"202100016040";"172Â 985";"B01";"1";"7";"0";"2";"2";"2";"1";""
"202100016041";"172Â 982";"B01";"2";"33";"0";"2";"8";"3";"1";""
"202100016041";"172Â 983";"A01";"1";"7";"0";"2";"2";"1";"1";""
"202100016042";"172Â 980";"B01";"1";"31";"0";"2";"1";"3";"1";""
"202100016042";"172Â 981";"A01";"1";"7";"0";"2";"5";"12";"1";""
"202100016043";"172Â 977";"C01";"1";"7";"0";"2";"8";"2";"1";""
"202100016043";"172Â 978";"B01";"1";"33";"0";"2";"1";"3";"1";""
"202100016043";"172Â 979";"A01";"1";"7";"0";"2";"5";"12";"0";""
"202100016044";"172Â 974";"C01";"1";"7";"0";"2";"5";"1";"1";""
"202100016044";"172Â 975";"B01";"1";"33";"0";"2";"7";"3";"1";""
"202100016044";"172Â 976";"A01";"1";"7";"0";"2";"3";"11";"1";""
"202100016045";"172Â 971";"C01";"2";"33";"0";"2";"1";"3";"1";""
"202100016045";"172Â 972";"A01";"2";"33";"0";"2";"8";"3";"1";""
"202100016045";"172Â 973";"B01";"2";"7";"0";"2";"5";"1";"1";""
"202100016046";"172Â 969";"A01";"2";"7";"0";"2";"1";"1";"1";""
"202100016046";"172Â 970";"B01";"2";"7";"0";"2";"4";"1";"1";""
"202100016047";"172Â 967";"A01";"2";"7";"0";"2";"1";"13";"1";""
"202100016047";"172Â 968";"B01";"2";"7";"0";"2";"4";"1";"1";""
"202100016048";"172Â 965";"B01";"2";"7";"0";"2";"2";"12";"1";""
"202100016048";"172Â 966";"A01";"2";"33";"0";"2";"3";"3";"1";""
"202100016049";"172Â 964";"A01";"2";"7";"3";"0";"8";"13";"1";""
"202100016050";"172Â 962";"B01";"2";"33";"0";"2";"3";"3";"1";""
"202100016050";"172Â 963";"A01";"2";"7";"0";"2";"2";"12";"1";""
"202100016051";"172Â 960";"A01";"2";"10";"0";"2";"1";"1";"1";""
"202100016051";"172Â 961";"B01";"2";"7";"0";"2";"4";"1";"1";""
"202100016052";"172Â 955";"B01";"2";"7";"0";"2";"3";"11";"1";""
"202100016052";"172Â 956";"E01";"2";"7";"0";"2";"6";"1";"1";""
"202100016052";"172Â 957";"D01";"2";"7";"0";"2";"8";"1";"1";""
"202100016052";"172Â 958";"C01";"2";"10";"0";"2";"5";"1";"1";""
"202100016052";"172Â 959";"A01";"2";"33";"0";"2";"1";"1";"1";""
"202100016053";"172Â 952";"A01";"2";"7";"0";"2";"1";"1";"1";""
"202100016053";"172Â 953";"B01";"2";"10";"0";"2";"4";"1";"1";""
"202100016053";"172Â 954";"C01";"2";"10";"0";"2";"4";"1";"1";""
"202100016054";"172Â 951";"A01";"1";"7";"4";"0";"4";"26";"1";""
"202100016055";"172Â 950";"A01";"1";"7";"0";"5";"1";"21";"1";""
"202100016056";"172Â 948";"B01";"2";"7";"2";"2";"5";"12";"1";""
"202100016056";"172Â 949";"A01";"2";"7";"2";"2";"3";"1";"1";""
"202100016057";"172Â 946";"T01";"2";"10";"0";"0";"0";"23";"1";""
"202100016057";"172Â 947";"A01";"2";"30";"0";"1";"1";"17";"1";""
"202100016058";"172Â 945";"A01";"3";"15";"0";"0";"0";"16";"1";""
"202100016059";"172Â 944";"A01";"1";"7";"0";"1";"3";"15";"1";""
"202100016060";"172Â 943";"A01";"1";"7";"0";"1";"2";"1";"1";""
"202100016061";"172Â 942";"A01";"0";"7";"0";"1";"8";"1";"1";""
"202100016062";"172Â 940";"A01";"1";"7";"0";"2";"1";"9";"1";""
"202100016062";"172Â 941";"B01";"2";"2";"0";"2";"8";"1";"1";""
"202100016063";"172Â 939";"A01";"0";"33";"11";"0";"1";"14";"1";""
"202100016064";"172Â 937";"B01";"1";"7";"0";"0";"6";"2";"1";""
"202100016064";"172Â 938";"A01";"1";"7";"0";"2";"2";"1";"1";""
"202100016065";"172Â 935";"A01";"2";"7";"0";"2";"7";"2";"1";""
"202100016065";"172Â 936";"B01";"1";"7";"0";"2";"1";"2";"1";""
"202100016066";"172Â 933";"A01";"3";"10";"0";"2";"1";"1";"1";""
"202100016066";"172Â 934";"B01";"3";"7";"0";"2";"4";"1";"1";""
"202100016067";"172Â 931";"A01";"1";"7";"0";"2";"5";"15";"1";""
"202100016067";"172Â 932";"B01";"2";"2";"0";"2";"1";"1";"1";""
"202100016068";"172Â 929";"B01";"3";"7";"0";"2";"1";"15";"1";""
"202100016068";"172Â 930";"A01";"3";"7";"0";"2";"2";"15";"1";""
"202100016069";"172Â 927";"B01";"1";"7";"0";"2";"4";"23";"1";""
"202100016069";"172Â 928";"A01";"1";"7";"0";"2";"1";"1";"1";""
"202100016070";"172Â 925";"A01";" -1";"30";" -1";" -1";" -1";" -1";" -1";""
"202100016070";"172Â 926";"B01";"2";"7";"0";"2";"3";"1";"1";""
"202100016071";"172Â 923";"B01";"3";"99";"0";"2";"1";"1";"3";""
"202100016071";"172Â 924";"A01";"3";"7";"0";"2";"7";"19";"1";""
"202100016072";"172Â 922";"B01";"0";"1";"0";"1";"0";"0";" -1";""
"202100016073";"172Â 920";"B01";"1";"7";"0";"9";"2";"1";"1";""
"202100016073";"172Â 921";"A01";"2";"1";"0";"2";"1";"15";"0";""
"202100016074";"172Â 916";"B01";"1";"7";"0";"2";"5";"2";"1";""
"202100016074";"172Â 917";"C01";"1";"7";"0";"2";"4";"2";"1";""
"202100016074";"172Â 918";"D01";"1";"7";"0";"2";"4";"2";"1";""
"202100016074";"172Â 919";"A01";"1";"7";"0";"2";"1";"2";"1";""
"202100016075";"172Â 914";"B01";"3";"7";"0";"2";"8";"9";"1";""
"202100016075";"172Â 915";"A01";"2";"7";"0";"2";"1";"1";"1";""
"202100016076";"172Â 910";"D01";"3";"7";"0";"2";"1";"1";"1";""
"202100016076";"172Â 911";"C01";"3";"7";"0";"2";"1";"1";"1";""
"202100016076";"172Â 912";"B01";"3";"10";"0";"2";"1";"1";"1";""
"202100016076";"172Â 913";"A01";"3";"7";"0";"2";"4";"1";"1";""
"202100016077";"172Â 908";"A01";"1";"2";"0";"2";"1";"1";"3";""
"202100016077";"172Â 909";"B01";"1";"7";"0";"2";"0";"0";"1";""
"202100016078";"172Â 906";"B01";"1";"7";"14";"2";"6";"0";"2";""
"202100016078";"172Â 907";"A01";"1";"1";"0";"2";"1";"16";"5";""
"202100016079";"172Â 904";"A01";"1";"33";"0";"2";"1";"2";"1";""
"202100016079";"172Â 905";"B01";"1";"7";"0";"2";"5";"2";"1";""
"202100016080";"172Â 901";"A01";"0";"7";"0";"2";"2";"9";"0";""
"202100016080";"172Â 902";"B01";"0";"33";"0";"2";"1";"1";"0";""
"202100016080";"172Â 903";"D01";"0";"7";"0";"2";"3";"0";"0";""
"202100016081";"172Â 898";"A01";"2";"7";"0";"1";"1";"1";"1";""
"202100016082";"172Â 896";"B01";"1";"7";"0";"2";"4";"2";"1";""
"202100016082";"172Â 897";"A01";"1";"7";"0";"2";"1";"2";"1";""
"202100016083";"172Â 895";"A01";"3";"7";"0";"1";"0";"16";"1";""
"202100016084";"172Â 894";"A01";"3";"7";"0";"1";"1";"1";"1";""
"202100016085";"172Â 893";"A01";"3";"37";"8";"0";"2";"15";"0";"4"
"202100016086";"172Â 891";"A01";"2";"7";"0";"2";"3";"0";"1";""
"202100016086";"172Â 892";"B01";"1";"7";"0";"2";"6";"0";"1";""
"202100016087";"172Â 890";"A01";"2";"7";"0";"1";"3";"1";"2";""
"202100016088";"172Â 888";"B01";"2";"31";"0";"2";"1";"17";"1";""
"202100016088";"172Â 889";"A01";"2";"7";"0";"2";"3";"15";"1";""
"202100016089";"172Â 886";"B01";"0";"7";"0";"2";"1";"1";"1";""
"202100016089";"172Â 887";"A01";"0";"10";"0";"2";"7";"1";"1";""
"202100016090";"172Â 884";"B01";"1";"34";"0";"2";"8";"1";"1";""
"202100016090";"172Â 885";"A01";"1";"7";"0";"2";"1";"1";"1";""
"202100016091";"172Â 882";"A01";"2";"10";"0";"2";"0";"0";"1";""
"202100016091";"172Â 883";"B01";"2";"7";"0";"2";"4";"23";"1";""
"202100016092";"172Â 881";"A01";"0";"7";"0";"5";"9";"26";"1";""
"202100016093";"172Â 879";"D01";"1";"7";"0";"2";"0";"17";"0";""
"202100016093";"172Â 880";"A01";"1";"50";"0";"2";"3";"1";"3";""
"202100016094";"172Â 878";"A01";"2";"7";"0";"1";"1";"26";"1";""
"202100016095";"172Â 876";"B01";"3";"7";"0";"2";"4";"2";"1";""
"202100016095";"172Â 877";"A01";"3";"7";"0";"2";"1";"2";"1";""
"202100016096";"172Â 871";"D01";"2";"7";"0";"9";"1";"1";"0";""
"202100016096";"172Â 872";"C01";"2";"10";"0";"2";"8";"1";"0";""
"202100016096";"172Â 873";"B01";"2";"14";"0";"2";"6";"1";"0";""
"202100016096";"172Â 874";"A01";"2";"10";"0";"2";"1";"21";"1";""
"202100016096";"172Â 875";"E01";"2";"7";"0";"2";"8";"1";"0";""
"202100016097";"172Â 865";"B01";"3";"7";"0";"2";"8";"0";"1";""
"202100016097";"172Â 866";"A01";"1";"30";"0";"2";"1";"14";"1";""
"202100016098";"172Â 864";"A01";"1";"31";"0";"0";"1";"1";"1";""
"202100016099";"172Â 863";"A01";"2";"7";"0";"1";"3";"1";"1";""
"202100016100";"172Â 861";"B01";"2";"7";"0";"2";"3";"1";"1";""
"202100016100";"172Â 862";"A01";"1";"7";"7";"2";"1";"15";"1";""
"202100016101";"172Â 860";"A01";"1";"7";"0";"1";"8";"2";"1";""
"202100016102";"172Â 858";"A01";"1";"1";"0";"9";"3";"13";"5";""
"202100016102";"172Â 859";"B01";"2";"1";"0";"9";"3";"0";"5";""
"202100016103";"172Â 856";"B01";"1";"7";"0";"2";"5";"2";"1";""
"202100016103";"172Â 857";"A01";"1";"32";"0";"2";"1";"2";"1";""
"202100016104";"172Â 855";"A01";"2";"7";"0";"1";"1";"1";"1";""
"202100016105";"172Â 854";"A01";"0";"7";"0";"1";"4";"4";"1";""
"202100016106";"172Â 853";"A01";"0";"7";"0";"1";"1";"1";"1";""
"202100016107";"172Â 851";"B01";"0";"2";"0";"2";"8";"1";"1";""
"202100016107";"172Â 852";"A01";"0";"7";"0";"2";"2";"1";"1";""
"202100016108";"172Â 850";"A01";"0";"7";"0";"1";"3";"1";"1";""
"202100016109";"172Â 848";"B01";"0";"7";"0";"2";"3";"16";"1";""
"202100016109";"172Â 849";"A01";"0";"10";"0";"2";"5";"1";"3";""
"202100016110";"172Â 847";"A01";"1";"7";"1";"0";"2";"26";"1";""
"202100016111";"172Â 845";"B01";"1";"50";"0";"2";"0";"1";"3";""
"202100016111";"172Â 846";"A01";"3";"7";"0";"9";"2";"19";"1";""
"202100016112";"172Â 844";"A01";"3";"10";"0";"1";"7";"0";"1";""
"202100016113";"172Â 842";"B01";"2";"34";"0";"2";"1";"1";"1";""
"202100016113";"172Â 843";"A01";"1";"7";"0";"2";"2";"15";"1";""
"202100016114";"172Â 841";"A01";"0";"50";"0";"0";"0";"26";"3";""
"202100016115";"172Â 840";"A01";"1";"7";"0";"1";"5";"17";"1";""
"202100016116";"172Â 836";"B01";"2";"7";"0";"2";"1";"1";"1";""
"202100016116";"172Â 837";"A01";"1";"7";"0";"2";"1";"13";"1";""
"202100016117";"172Â 834";"B01";"1";"7";"0";"2";"4";"2";"1";""
"202100016117";"172Â 835";"A01";"1";"1";"0";"2";"1";"2";"5";""
"202100016118";"172Â 830";"A01";"1";"7";"0";"2";"1";"9";"1";""
"202100016118";"172Â 831";"B01";"1";"2";"0";"2";"7";"1";"1";""
"202100016119";"172Â 829";"A01";"0";"7";"1";"0";"1";"1";"1";""
"202100016120";"172Â 827";"B01";"2";"7";"0";"2";"2";"0";"1";""
"202100016120";"172Â 828";"A01";"2";"7";"0";"2";"1";"0";"1";""
"202100016121";"172Â 825";"A01";"3";"7";"0";"2";"7";"1";"1";""
"202100016121";"172Â 826";"B01";"3";"50";"0";"2";"1";"1";"3";""
"202100016122";"172Â 823";"A01";"1";"1";"0";"2";"3";"9";"5";""
"202100016122";"172Â 824";"B01";"1";"14";"0";"2";"5";"1";"1";""
"202100016123";"172Â 822";"A01";"1";"7";"0";"1";"2";"16";"1";""
"202100016124";"172Â 820";"B01";"1";"7";"0";"2";"4";"2";"1";""
"202100016124";"172Â 821";"A01";"1";"7";"0";"2";"1";"2";"1";""
"202100016125";"172Â 818";"B01";"2";"7";"0";"2";"1";"9";"1";""
"202100016125";"172Â 819";"A01";"1";"30";"0";"2";"1";"26";"1";""
"202100016126";"172Â 817";"A01";"2";"7";"0";"1";"1";"1";"1";""
"202100016127";"172Â 815";"A01";"1";"31";"0";"2";"8";"18";"1";""
"202100016127";"172Â 816";"B01";"1";"7";"0";"2";"2";"16";"1";""
"202100016128";"172Â 813";"B01";"3";"7";"0";"2";"1";"1";"3";""
"202100016128";"172Â 814";"A01";"3";"7";"0";"2";"0";"20";"1";""
"202100016129";"172Â 811";"B01";"2";"1";"0";"2";"7";"19";"5";""
"202100016129";"172Â 812";"A01";"1";"7";"0";"2";"7";"1";"1";""
"202100016130";"172Â 809";"A01";"1";"7";"0";"2";"1";"1";"1";""
"202100016130";"172Â 810";"B01";"2";"1";"0";"2";"3";"9";"5";""
"202100016131";"172Â 807";"A01";"1";"7";"0";"2";"3";"9";"1";""
"202100016131";"172Â 808";"B01";"1";"1";"0";"2";"1";"1";"5";""
"202100016132";"172Â 804";"B01";"1";"32";"0";"0";"4";"9";"1";""
"202100016132";"172Â 805";"C01";"1";"7";"0";"2";"4";"1";"1";""
"202100016132";"172Â 806";"A01";"1";"7";"0";"2";"1";"1";"1";""
"202100016133";"172Â 802";"B01";"2";"7";"0";"2";"8";"15";"1";""
"202100016133";"172Â 803";"A01";"2";"50";"0";"2";"1";"17";"3";""
"202100016134";"172Â 800";"B01";"1";"7";"0";"2";"4";"1";"2";""
"202100016134";"172Â 801";"A01";"1";"7";"0";"2";"1";"1";"1";""
"202100016135";"172Â 799";"A01";"1";"7";"0";"1";"3";"1";"1";""
"202100016136";"172Â 798";"A01";"3";"7";"0";"1";"1";"16";"1";""
"202100016137";"172Â 796";"B01";"2";"31";"0";"2";"1";"1";"1";""
"202100016137";"172Â 797";"A01";"2";"7";"0";"2";"3";"15";"1";""
"202100016138";"172Â 794";"A01";"1";"7";"0";"2";"2";"16";"1";""
"202100016138";"172Â 795";"B01";"1";"1";"0";"2";"8";"1";"5";""
"202100016139";"172Â 792";"A01";"2";"7";"0";"0";"4";"15";"1";""
"202100016139";"172Â 793";"B01";"2";"30";"0";"2";"1";"2";"1";""
"202100016140";"172Â 791";"A01";"1";"7";"0";"1";"3";"1";"1";""
"202100016141";"172Â 790";"A01";"0";"7";"0";"1";"0";"1";" -1";""
"202100016142";"172Â 788";"A01";"3";"7";"0";"2";"7";"0";"0";""
"202100016142";"172Â 789";"B01";"3";"7";"0";"2";"1";"1";"1";""
"202100016143";"172Â 786";"A01";"1";"99";"0";"9";"2";"19";"1";""
"202100016143";"172Â 787";"B01";"2";"1";"0";"2";"1";"19";"5";""
"202100016144";"172Â 784";"B01";"3";"7";"1";"2";"3";"15";"1";""
"202100016144";"172Â 785";"A01";"3";"10";"0";"2";"1";"14";"1";""
"202100016145";"172Â 782";"A01";"1";"7";"0";"2";"7";"1";"1";""
"202100016145";"172Â 783";"B01";"1";"7";"0";"2";"1";"1";"1";""
"202100016146";"172Â 780";"A01";"3";"7";"0";"2";"1";"1";"1";""
"202100016146";"172Â 781";"B01";"3";"7";"0";"2";"6";"15";"1";""
"202100016147";"172Â 779";"A01";"3";"7";"0";"1";"3";"9";"1";""
"202100016148";"172Â 776";"A01";"1";"7";"0";"2";"8";"1";"1";""
"202100016148";"172Â 777";"B01";"1";"7";"0";"2";"7";"1";"1";""
"202100016149";"172Â 774";"A01";"1";"7";"0";"2";"1";"1";"1";""
"202100016149";"172Â 775";"B01";"1";"7";"0";"2";"2";"16";"1";""
"202100016150";"172Â 772";"A01";"1";"17";"0";"4";"2";"23";"1";""
"202100016150";"172Â 773";"B01";"1";"39";"0";"9";"8";"1";"1";""
"202100016151";"172Â 770";"B01";"1";"7";"0";"2";"1";"1";"1";""
"202100016151";"172Â 771";"A01";"2";"7";"0";"2";"7";"15";"1";""
"202100016152";"172Â 768";"B01";"3";"41";"0";"2";"0";"21";"3";""
"202100016152";"172Â 769";"A01";"3";"7";"0";"2";"0";"1";"1";""
"202100016153";"172Â 766";"B01";"0";"2";"0";"2";"3";"15";"1";""
"202100016153";"172Â 767";"A01";"0";"7";"0";"2";"2";"1";"1";""
"202100016154";"172Â 764";"B01";"0";"7";"0";"2";"5";"1";"1";""
"202100016154";"172Â 765";"A01";"0";"2";"0";"2";"3";"11";"1";""
"202100016155";"172Â 763";"A01";"1";"7";"0";"1";"1";"1";"1";""
"202100016156";"172Â 761";"B01";"1";"7";"0";"2";"7";"26";"1";""
"202100016156";"172Â 762";"A01";"1";"50";"0";"2";"1";"26";"3";""
"202100016157";"172Â 759";"B01";"1";"7";"0";"2";"4";"26";"1";""
"202100016157";"172Â 760";"A01";"1";"7";"0";"2";"1";"26";"1";""
"202100016158";"172Â 758";"A01";"2";"0";"0";"1";"0";"1";"1";""
"202100016159";"172Â 756";"B01";"2";"7";"0";"2";"2";"1";"1";""
"202100016159";"172Â 757";"A01";"3";"30";"0";"2";"8";"26";"1";""
"202100016160";"172Â 754";"A01";"2";"7";"0";"9";"1";"2";"1";""
"202100016160";"172Â 755";"B01";"2";"1";"0";"0";"0";"0";"0";""
"202100016161";"172Â 753";"A01";"1";"7";"0";"1";"1";"1";"1";""
"202100016162";"172Â 751";"B01";"0";"7";"0";"2";"2";"15";"1";""
"202100016162";"172Â 752";"A01";"0";"34";"0";"2";"1";"1";"1";""
"202100016163";"172Â 750";"A01";"0";"33";"0";"1";"3";"26";"1";""
"202100016164";"172Â 748";"B01";"0";"1";"0";"0";"0";"1";"5";""
"202100016164";"172Â 749";"A01";"0";"7";"0";"2";"1";"26";"1";""