"Num_Acc";"id_vehicule";"num_veh";"senc";"catv";"obs";"obsm";"choc";"manv";"motor";"occutc"
"202100016165";"172Â 746";"A01";"1";"7";"0";"2";"8";"10";"1";""
"202100016165";"172Â 747";"B01";"1";"31";"0";"2";"1";"1";"1";""
"202100016166";"172Â 744";"A01";"1";"10";"0";"2";"5";"18";"1";""
"202100016166";"172Â 745";"B01";"1";"7";"0";"2";"1";"1";"1";""
"202100016167";"172Â 742";"B01";"1";"1";"0";"0";"8";"1";"5";""
"202100016167";"172Â 743";"A01";"1";"7";"0";"9";"1";"1";"1";""
"202100016168";"172Â 741";"A01";"2";"14";"9";"0";"1";"26";"1";""
"202100016169";"172Â 738";"A01";"2";"7";"0";"2";"1";"2";"1";""
"202100016169";"172Â 739";"B01";"2";"7";"0";"2";"4";"2";"1";""
"202100016169";"172Â 740";"C01";"2";"7";"0";"2";"4";"2";"1";""
"202100016170";"172Â 737";"A01";"1";"7";"0";"1";"1";"2";"1";""
"202100016171";"172Â 735";"A01";"3";"30";"0";"2";"1";"17";"1";""
"202100016171";"172Â 736";"B01";"3";"7";"0";"2";"3";"0";"3";""
"202100016172";"172Â 733";"B01";"3";"31";"0";"2";"1";"2";"1";""
"202100016172";"172Â 734";"A01";"3";"7";"0";"2";"7";"15";"1";""
"202100016173";"172Â 731";"A01";"3";"7";"0";"2";"1";"16";"1";""
"202100016173";"172Â 732";"B01";"3";"1";"0";"2";"2";"15";"5";""
"202100016174";"172Â 729";"B01";"2";"1";"0";"0";"4";"1";"5";""
"202100016174";"172Â 730";"A01";"2";"7";"0";"9";"3";"12";"1";""
"202100016175";"172Â 728";"A01";"1";"7";"0";"1";"1";"1";"1";""
"202100016176";"172Â 725";"A01";"2";"7";"0";"0";"4";"1";"1";""
"202100016176";"172Â 726";"B01";"2";"7";"14";"2";"1";"1";"1";""
"202100016176";"172Â 727";"C01";"2";"7";"14";"2";"1";"1";"1";""
"202100016177";"172Â 723";"B01";"1";"60";"0";"1";"2";"19";"5";""
"202100016177";"172Â 724";"A01";"1";"0";"0";"1";"5";"0";"0";""
"202100016178";"172Â 721";"A01";"1";"50";"0";"2";"5";"1";"3";""
"202100016178";"172Â 722";"B01";"1";"7";"0";"2";"5";"1";"1";""
"202100016179";"172Â 719";"A01";"2";"7";"0";"2";"2";"9";"1";""
"202100016179";"172Â 720";"B01";"1";"32";"0";"2";"1";"1";"1";""
"202100016180";"172Â 716";"A01";"1";"7";"0";"1";"2";"1";"1";""
"202100016181";"172Â 714";"A01";"0";"7";"0";"2";"8";"15";"1";""
"202100016181";"172Â 715";"B01";"3";"32";"0";"2";"8";"1";"1";""
"202100016182";"172Â 712";"A01";"2";"7";"0";"2";"7";"16";"1";""
"202100016182";"172Â 713";"B01";"2";"33";"1";"2";"1";"1";"1";""
"202100016183";"172Â 710";"B01";"3";"50";"0";"2";"8";"2";"3";""
"202100016183";"172Â 711";"A01";"3";"7";"0";"2";"1";"2";"1";""
"202100016184";"172Â 708";"A01";"2";"7";"0";"2";"5";"1";"1";""
"202100016184";"172Â 709";"B01";"2";"1";"0";"2";"1";"16";"5";""
"202100016185";"172Â 707";"A01";"2";"31";"2";"0";"1";"1";"1";""
"202100016186";"172Â 706";"A01";"1";"7";"0";"1";"3";"1";"1";""
"202100016187";"172Â 704";"A01";"1";"7";"0";"2";"0";"16";"1";""
"202100016187";"172Â 705";"B01";"1";"1";"0";"2";"8";"1";"0";""
"202100016188";"172Â 702";"A01";"1";"7";"0";"2";"2";"19";"1";""
"202100016188";"172Â 703";"B01";"2";"30";"0";"2";"5";"15";"1";""
"202100016189";"172Â 700";"Z01";"3";"30";"6";"2";"0";"25";"0";""
"202100016189";"172Â 701";"A01";"3";"1";"6";"2";"0";"25";"5";""
"202100016190";"172Â 698";"B01";"2";"34";"0";"2";"3";"1";"1";""
"202100016190";"172Â 699";"A01";"1";"10";"0";"2";"3";"15";"1";""
"202100016191";"172Â 696";"B01";"2";"7";"0";"2";"2";"1";"1";""
"202100016191";"172Â 697";"A01";"1";"33";"0";"2";"7";"15";"1";""
"202100016192";"172Â 694";"A01";"1";"7";"0";"2";"5";"6";"1";""
"202100016192";"172Â 695";"B01";"2";"34";"0";"2";"1";"1";"1";""
"202100016193";"172Â 693";"A01";"1";"43";"14";"0";"0";"26";"1";""
"202100016194";"172Â 692";"A01";"0";"1";"0";"0";"0";"26";"5";""
"202100016195";"172Â 691";"A01";"3";"7";"0";"1";"1";"26";"1";""
"202100016196";"172Â 690";"A01";"1";"7";"4";"0";"1";"13";"1";""
"202100016197";"172Â 688";"A01";"1";"7";"0";"2";"1";"1";"1";""
"202100016197";"172Â 689";"B01";"1";"10";"0";"2";"4";"1";"1";""
"202100016198";"172Â 687";"A01";"3";"7";"0";"1";"2";"1";"1";""
"202100016199";"172Â 684";"B01";"2";"7";"0";"2";"4";"2";"1";""
"202100016199";"172Â 685";"C01";"2";"7";"0";"2";"4";"1";"2";""
"202100016199";"172Â 686";"A01";"2";"7";"0";"2";"1";"26";"1";""
"202100016200";"172Â 682";"B01";"1";"7";"0";"2";"3";"9";"1";""
"202100016200";"172Â 683";"IA01";"1";"33";"0";"2";"1";"17";"1";""
"202100016201";"172Â 678";"B01";"2";"7";"0";"2";"4";"2";"1";""
"202100016201";"172Â 679";"A01";"2";"7";"0";"2";"1";"1";"1";""
"202100016202";"172Â 676";"B01";"1";"7";"0";"2";"4";"23";"1";""
"202100016202";"172Â 677";"A01";"1";"7";"0";"2";"1";"1";"1";""
"202100016203";"172Â 675";"A01";"2";"7";"0";"1";"2";"16";"1";""
"202100016204";"172Â 673";"B01";"1";"7";"0";"2";"4";"20";"1";""
"202100016204";"172Â 674";"A01";"1";"2";"0";"2";"1";"1";"1";""
"202100016205";"172Â 671";"B01";"1";"7";"0";"2";"4";"2";"1";""
"202100016205";"172Â 672";"A01";"1";"7";"0";"2";"1";"2";"1";""
"202100016206";"172Â 669";"A01";"0";"10";"0";"2";"2";"15";"1";""
"202100016206";"172Â 670";"B01";"0";"2";"0";"2";"3";"1";"1";""
"202100016207";"172Â 668";"A01";"0";"7";"0";"1";"1";"2";"1";""
"202100016208";"172Â 665";"A01";"2";"7";"0";"2";"1";"2";"1";""
"202100016208";"172Â 666";"C01";"2";"7";"0";"2";"4";"2";"1";""
"202100016208";"172Â 667";"B01";"2";"10";"0";"2";"4";"2";"1";""
"202100016209";"172Â 664";"A01";"3";"7";"0";"1";"3";"0";"1";""
"202100016210";"172Â 662";"A01";"1";"1";"0";"2";"1";"2";"5";""
"202100016210";"172Â 663";"B01";"1";"10";"0";"2";"1";"1";"1";""
"202100016211";"172Â 660";"B01";"2";"33";"0";"2";"1";"1";"1";""
"202100016211";"172Â 661";"A01";"1";"7";"0";"2";"8";"15";"1";""
"202100016212";"172Â 655";"A01";"3";"7";"0";"2";"2";"20";"1";""
"202100016212";"172Â 656";"C01";"3";"10";"0";"2";"1";"26";"1";""
"202100016212";"172Â 657";"B01";"3";"33";"0";"2";"7";"26";"1";""
"202100016213";"172Â 654";"A01";"2";"7";"1";"0";"3";"11";"1";""
"202100016214";"172Â 652";"B01";"1";"10";"0";"2";"1";"1";"1";""
"202100016214";"172Â 653";"A01";"3";"34";"0";"2";"2";"19";"1";""
"202100016215";"172Â 651";"A01";"1";"7";"9";"0";"1";"13";"1";""
"202100016216";"172Â 649";"B01";"3";"7";"0";"2";"3";"9";"1";""
"202100016216";"172Â 650";"A01";"2";"7";"0";"2";"1";"26";"1";""
"202100016217";"172Â 648";"A01";"3";"7";"1";"1";"6";"4";"1";""
"202100016218";"172Â 647";"A01";"0";"7";"0";"1";"1";"26";"1";""
"202100016219";"172Â 645";"Z01";"0";"7";"0";"1";"2";"17";"1";""
"202100016219";"172Â 646";"A01";"0";"10";"0";"0";"8";"9";"1";""
"202100016220";"172Â 643";"A01";"0";"7";"0";"2";"8";"15";"1";""
"202100016220";"172Â 644";"B01";"2";"33";"0";"2";"1";"0";"1";""
"202100016221";"172Â 641";"B01";"1";"7";"0";"2";"2";"15";"1";""
"202100016221";"172Â 642";"A01";"1";"7";"0";"2";"2";"17";"1";""
"202100016222";"172Â 639";"B01";"0";"10";"0";"2";"3";"1";"1";""
"202100016222";"172Â 640";"A01";"0";"1";"0";"2";"3";"19";"5";""
"202100016223";"172Â 637";"B01";"2";"7";"0";"2";"8";"19";"1";""
"202100016223";"172Â 638";"A01";"1";"32";"0";"2";"1";"1";"1";""
"202100016224";"172Â 635";"B01";"3";"2";"0";"2";"5";"1";"1";""
"202100016224";"172Â 636";"A01";"3";"7";"0";"2";"3";"15";"1";""
"202100016225";"172Â 633";"A01";"3";"7";"0";"2";"1";"15";"1";""
"202100016225";"172Â 634";"B01";"3";"30";"0";"2";"1";"1";"1";""
"202100016226";"172Â 631";"A01";"3";"7";"0";"2";"2";"1";"1";""
"202100016226";"172Â 632";"B01";"3";"1";"0";"2";"5";"1";"5";""
"202100016227";"172Â 629";"B01";"2";"7";"0";"2";"4";"9";"1";""
"202100016227";"172Â 630";"A01";"2";"7";"0";"2";"1";"1";"1";""
"202100016228";"172Â 628";"A01";"2";"1";"0";"0";"1";"1";"5";""
"202100016229";"172Â 627";"A01";"1";"7";"0";"1";"3";"1";"1";""
"202100016230";"172Â 625";"B01";"2";"7";"0";"2";"6";"15";"1";""
"202100016230";"172Â 626";"A01";"2";"14";"0";"2";"2";"17";"1";""
"202100016231";"172Â 624";"A01";"1";"30";"0";"0";"0";"0";"1";""
"202100016232";"172Â 622";"A01";"3";"7";"0";"9";"2";"16";"1";""
"202100016232";"172Â 623";"B01";"3";"1";"0";"2";"1";"1";"5";""
"202100016233";"172Â 619";"C01";"1";"7";"0";"2";"1";"23";"1";""
"202100016233";"172Â 620";"A01";"2";"7";"0";"2";"4";"15";"1";""
"202100016233";"172Â 621";"B01";"1";"7";"0";"2";"1";"1";"1";""
"202100016234";"172Â 617";"B01";"2";"32";"0";"2";"8";"1";"1";""
"202100016234";"172Â 618";"A01";"2";"7";"0";"2";"7";"16";"1";""
"202100016235";"172Â 612";"C01";"1";"43";"0";"2";"7";"2";"1";""
"202100016235";"172Â 613";"D01";"1";"43";"0";"2";"1";"2";"1";""
"202100016235";"172Â 614";"B01";"1";"7";"0";"2";"6";"11";"1";""
"202100016235";"172Â 615";"A01";"1";"33";"0";"2";"2";"11";"1";""
"202100016235";"172Â 616";"E01";"1";"7";"0";"2";"8";"2";"2";""
"202100016236";"172Â 610";"B01";"1";"7";"0";"2";"7";"1";"1";""
"202100016236";"172Â 611";"A01";"1";"33";"0";"2";"8";"11";"1";""
"202100016237";"172Â 608";"B01";"1";"30";"0";"2";"1";"2";"1";""
"202100016237";"172Â 609";"A01";"1";"33";"0";"2";"5";"2";"1";""
"202100016238";"172Â 607";"A01";"2";"33";"0";"1";"1";"1";"1";""
"202100016239";"172Â 605";"B01";"2";"1";"0";"2";"1";"1";"5";""
"202100016239";"172Â 606";"A01";"2";"10";"0";"2";"2";"16";"1";""
"202100016240";"172Â 604";"A01";"2";"43";"0";"1";"8";"1";"1";""
"202100016241";"172Â 601";"A01";"1";"30";"0";"2";"7";"18";"3";""
"202100016241";"172Â 602";"B01";"1";"37";"0";"2";"0";"16";"1";"1"
"202100016241";"172Â 603";"C01";"1";"7";"0";"2";"0";"1";"1";""
"202100016242";"172Â 600";"A01";"1";"1";"0";"1";"1";"1";"5";""
"202100016243";"172Â 598";"B01";"1";"1";"0";"2";"2";"1";"5";""
"202100016243";"172Â 599";"A01";"1";"7";"0";"2";"3";"22";"1";""
"202100016244";"172Â 596";"B01";"1";"7";"0";"2";"5";"2";"1";""
"202100016244";"172Â 597";"A01";"1";"34";"0";"2";"1";"2";"1";""
"202100016245";"172Â 594";"B01";"2";"1";"0";"2";"1";"1";"5";""
"202100016245";"172Â 595";"A01";"3";"50";"0";"2";"8";"19";"3";""
"202100016246";"172Â 592";"Z01";"3";"7";"0";"2";"0";"1";"0";""
"202100016246";"172Â 593";"A01";"1";"1";"0";"2";"7";"1";"5";""
"202100016247";"172Â 590";"Z01";"2";"10";"0";"2";"6";"22";"0";""
"202100016247";"172Â 591";"A01";"1";"1";"0";"2";"1";"1";"5";""
"202100016248";"172Â 588";"A01";"1";"7";"0";"2";"3";"1";"1";""
"202100016248";"172Â 589";"B01";"2";"50";"0";"2";"1";"1";"3";""
"202100016249";"172Â 586";"A01";"2";"37";"0";"2";"5";"12";"3";"1"
"202100016249";"172Â 587";"B01";"2";"7";"0";"2";"8";"7";"1";""
"202100016250";"172Â 584";"B01";"1";"7";"0";"2";"6";"2";"1";""
"202100016250";"172Â 585";"A01";"1";"30";"0";"2";"1";"2";"1";""
"202100016251";"172Â 582";"A01";"2";"31";"0";"2";"2";"1";"3";""
"202100016251";"172Â 583";"B01";"2";"50";"0";"2";"8";"19";"3";""
"202100016252";"172Â 580";"B01";"3";"80";"0";"2";"8";"1";"3";""
"202100016252";"172Â 581";"A01";"2";"10";"0";"2";"2";"1";"1";""
"202100016253";"172Â 578";"A01";"2";"7";"0";"2";"1";"1";"1";""
"202100016253";"172Â 579";"B01";"2";"30";"0";"2";"1";"5";"1";""
"202100016254";"172Â 576";"A01";"1";"7";"0";"2";"2";"9";"1";""
"202100016254";"172Â 577";"B01";"1";"1";"0";"2";"1";"1";"5";""
"202100016255";"172Â 575";"A01";"2";"7";"9";"0";"1";"15";"1";""
"202100016256";"172Â 574";"A01";"3";"7";"0";"1";"4";"26";"1";""
"202100016257";"172Â 573";"B01";"2";"32";"0";"1";"1";"1";"1";""
"202100016258";"172Â 572";"A01";"2";"7";"0";"1";"1";"16";"1";""
"202100016259";"172Â 570";"B01";"2";"7";"0";"2";"6";"1";"0";""
"202100016259";"172Â 571";"A01";"2";"50";"0";"2";"3";"15";"3";""
"202100016260";"172Â 568";"A01";"2";"7";"0";"2";"3";"1";"1";""
"202100016260";"172Â 569";"B01";"2";"50";"0";"2";"3";"1";"3";""
"202100016261";"172Â 566";"A01";"3";"30";"12";"2";"1";"26";"1";""
"202100016261";"172Â 567";"B01";"3";"2";"12";"2";"1";"26";"1";""
"202100016262";"172Â 565";"A01";"1";"7";"8";"0";"1";"14";"1";""
"202100016263";"172Â 562";"C01";"3";"7";"0";"2";"3";"2";"1";""
"202100016263";"172Â 563";"A01";"3";"10";"0";"2";"1";"26";"1";""
"202100016263";"172Â 564";"B01";"3";"34";"0";"2";"4";"2";"1";""
"202100016264";"172Â 561";"A01";"2";"30";"0";"0";"3";"21";"1";""
"202100016265";"172Â 559";"B01";"3";"7";"0";"2";"3";"17";"1";""
"202100016265";"172Â 560";"A01";"3";"7";"0";"2";"4";"10";"1";""
"202100016266";"172Â 558";"A01";"3";"10";"0";"1";"1";"16";"1";""
"202100016267";"172Â 557";"A01";"2";"7";"0";"1";"5";"16";"1";""
"202100016268";"172Â 555";"A01";"3";"30";"0";"2";"1";"20";"1";""
"202100016268";"172Â 556";"Z01";"3";"1";"0";"2";"0";"0";"0";""
"202100016269";"172Â 554";"A01";"2";"7";"4";"0";"5";"1";"1";""
"202100016270";"172Â 552";"A01";"3";"32";"0";"2";"1";"1";"1";""
"202100016270";"172Â 553";"B01";"3";"1";"0";"2";"8";"11";"5";""
"202100016271";"172Â 550";"DA01";"1";"1";"0";"2";"2";"14";"5";""
"202100016271";"172Â 551";"B01";"3";"32";"0";"2";"1";"1";"1";""
"202100016272";"172Â 548";"B01";"1";"7";"0";"2";"3";"15";"1";""
"202100016272";"172Â 549";"A01";"2";"32";"0";"2";"1";"1";"1";""
"202100016273";"172Â 547";"A01";"1";"7";"0";"1";"7";"1";"1";""
"202100016274";"172Â 545";"A01";"1";"7";"0";"2";"1";"1";"1";""
"202100016274";"172Â 546";"B01";"1";"13";"0";"2";"2";"11";"1";""
"202100016275";"172Â 543";"A01";"1";"80";"12";"0";"1";"16";"3";""
"202100016275";"172Â 544";"B01";"1";"7";"0";"0";"0";"15";"0";""
"202100016276";"172Â 541";"A01";"2";"7";"7";"2";"3";"6";"1";""
"202100016276";"172Â 542";"B01";"1";"7";"0";"9";"1";"1";"1";""
"202100016277";"172Â 540";"A01";"2";"33";"13";"0";"3";"13";"1";""
"202100016278";"172Â 538";"A01";"1";"7";"0";"2";"3";"13";"1";""
"202100016278";"172Â 539";"B01";"2";"7";"0";"2";"3";"1";"1";""
"202100016279";"172Â 536";"A01";"2";"7";"0";"2";"3";"19";"1";""
"202100016279";"172Â 537";"B01";"2";"7";"0";"2";"2";"1";"1";""
"202100016280";"172Â 534";"B01";"2";"7";"0";"2";"2";"1";"1";""
"202100016280";"172Â 535";"A01";"3";"21";"0";"2";"1";"26";"1";""
"202100016281";"172Â 532";"A01";"3";"7";"0";"2";"3";"13";"2";""
"202100016281";"172Â 533";"B01";"3";"7";"0";"2";"1";"1";"1";""
"202100016282";"172Â 530";"B01";"2";"7";"0";"2";"1";"5";"1";""
"202100016282";"172Â 531";"A01";"1";"7";"0";"2";"1";"1";"1";""
"202100016283";"172Â 528";"B01";"2";"7";"0";"2";"7";"1";"1";""
"202100016283";"172Â 529";"A01";"2";"7";"0";"2";"1";"19";"1";""
"202100016284";"172Â 527";"A01";"1";"7";"15";"0";"1";"1";"1";""
"202100016285";"172Â 523";"A01";"2";"10";"0";"2";"1";"1";"1";""
"202100016285";"172Â 524";"B01";"2";"7";"0";"2";"4";"23";"1";""
"202100016285";"172Â 525";"C01";"1";"7";"0";"2";"3";"1";"1";""
"202100016285";"172Â 526";"D01";"1";"7";"0";"0";"3";"23";"1";""
"202100016286";"172Â 522";"A01";"0";"16";"16";"0";"2";"1";"0";""
"202100016287";"172Â 520";"B01";"2";"7";"0";"2";"3";"1";"1";""
"202100016287";"172Â 521";"A01";"1";"7";"0";"2";"3";"13";"1";""
"202100016288";"172Â 518";"B01";"1";"1";"0";"2";"1";"15";"5";""
"202100016288";"172Â 519";"A01";"3";"7";"0";"2";"2";"15";"1";""
"202100016289";"172Â 517";"A01";"3";"7";"0";"1";"4";"4";"1";""
"202100016290";"172Â 515";"A01";"1";"10";"0";"2";"2";"19";"1";""
"202100016290";"172Â 516";"B01";"1";"7";"13";"2";"2";"1";"1";""
"202100016291";"172Â 513";"A01";"2";"2";"0";"2";"3";"1";"1";""
"202100016291";"172Â 514";"B01";"1";"7";"0";"0";"3";"2";"1";""
"202100016292";"172Â 512";"A01";"3";"2";"0";"0";"9";"1";"1";""
"202100016293";"172Â 511";"A01";"0";"34";"12";"0";"1";"0";"1";""
"202100016294";"172Â 509";"B01";"0";"7";"0";"0";"7";"1";"1";""
"202100016294";"172Â 510";"A01";"3";"1";"0";"2";"1";"19";"5";""
"202100016295";"172Â 507";"A01";"3";"7";"0";"2";"1";"19";"1";""
"202100016295";"172Â 508";"B01";"1";"2";"0";"2";"1";"1";"1";""
"202100016296";"172Â 504";"A01";"1";"33";"0";"0";"1";"1";"1";""
"202100016296";"172Â 505";"B01";"1";"33";"0";"0";"5";"23";"1";""
"202100016296";"172Â 506";"C01";"1";"33";"0";"0";"4";"23";"1";""
"202100016297";"172Â 502";"A01";"2";"7";"0";"0";"5";"1";"1";""
"202100016297";"172Â 503";"B01";"1";"7";"0";"2";"1";"1";"1";""
"202100016298";"172Â 500";"A01";"0";"15";"0";"2";"8";"26";"1";""
"202100016298";"172Â 501";"B01";"0";"33";"0";"2";"2";"1";"1";""
"202100016299";"172Â 499";"A01";"3";"10";"0";"1";"4";"20";"1";""
"202100016300";"172Â 498";"A01";"2";"33";"6";"0";"1";"1";"1";""
"202100016301";"172Â 496";"B01";"1";"33";"0";"2";"1";"13";"1";""
"202100016301";"172Â 497";"A01";"2";"7";"0";"2";"1";"1";"1";""
"202100016302";"172Â 495";"A01";"2";"7";"2";"0";"1";"1";"1";""
"202100016303";"172Â 493";"A01";"1";"7";"0";"2";"2";"0";"1";""
"202100016303";"172Â 494";"B01";"1";"7";"0";"0";"6";"1";"1";""
"202100016304";"172Â 492";"A01";"2";"14";"3";"0";"3";"2";"1";""
"202100016305";"172Â 491";"A01";"2";"7";"2";"0";"3";"14";"1";""
"202100016306";"172Â 489";"B01";"1";"7";"0";"2";"3";"1";"1";""
"202100016306";"172Â 490";"A01";"2";"7";"0";"2";"3";"13";"1";""
"202100016307";"172Â 488";"A01";"2";"10";"13";"0";"1";"13";"1";""
"202100016308";"172Â 486";"A01";"1";"34";"0";"2";"1";"3";"1";""
"202100016308";"172Â 487";"B01";"2";"7";"0";"0";"8";"15";"1";""
"202100016309";"172Â 485";"A01";"1";"33";"6";"0";"8";"0";"1";""
"202100016310";"172Â 483";"A01";"1";"7";"0";"2";"3";"1";"1";""
"202100016310";"172Â 484";"B01";"2";"30";"0";"2";"1";"13";"1";""
"202100016311";"172Â 480";"A01";"2";"1";"5";"0";"1";"2";"5";""
"202100016312";"172Â 478";"B01";"1";"15";"1";"0";"1";"1";"1";""
"202100016312";"172Â 479";"A01";"1";"7";"0";"0";"4";"23";"1";""
"202100016313";"172Â 476";"A01";"2";"7";"0";"2";"6";"15";"1";""
"202100016313";"172Â 477";"B01";"2";"33";"0";"2";"2";"1";"1";""
"202100016314";"172Â 474";"A01";"2";"7";"0";"2";"2";"17";"1";""
"202100016314";"172Â 475";"B01";"2";"7";"0";"0";"8";"15";"1";""
"202100016315";"172Â 473";"A01";"1";"2";"0";"0";"7";"1";"1";""
"202100016316";"172Â 472";"A01";"1";"7";"0";"1";"2";"1";"1";""
"202100016317";"172Â 471";"A01";"1";"33";"13";"0";"2";"1";"1";""
"202100016318";"172Â 470";"A01";"2";"33";"0";"0";"7";"1";"1";""
"202100016319";"172Â 468";"B01";"1";"7";"0";"0";"8";"15";"1";""
"202100016319";"172Â 469";"A01";"1";"33";"0";"2";"1";"17";"1";""
"202100016320";"172Â 466";"A01";"3";"33";"0";"2";"1";"1";"1";""
"202100016320";"172Â 467";"B01";"3";"7";"0";"2";"1";"15";"1";""
"202100016321";"172Â 465";"A01";"1";"33";"13";"0";"1";"1";"1";""
"202100016322";"172Â 464";"A01";"0";"7";"0";"1";"2";"1";"1";""
"202100016323";"172Â 462";"B01";"1";"10";"0";"2";"3";"1";"1";""
"202100016323";"172Â 463";"A01";"2";"10";"0";"2";"3";"13";"1";""
"202100016324";"172Â 461";"A01";"2";"31";"5";"0";"2";"14";"1";""
"202100016325";"172Â 459";"A01";"2";"33";"0";"2";"1";"17";"1";""
"202100016325";"172Â 460";"B01";"2";"7";"0";"0";"6";"15";"1";""
"202100016326";"172Â 458";"A01";"1";"33";"4";"0";"7";"1";"1";""
"202100016327";"172Â 454";"B01";"2";"7";"0";"2";"3";"19";"1";""
"202100016327";"172Â 455";"A01";"1";"7";"0";"2";"3";"1";"1";""
"202100016328";"172Â 453";"A01";"1";"14";"13";"0";"3";"1";"1";""
"202100016329";"172Â 451";"A01";"1";"7";"0";"2";"7";"19";"1";""
"202100016329";"172Â 452";"B01";"2";"17";"0";"2";"1";"1";"1";""
"202100016330";"172Â 449";"A01";"2";"33";"0";"0";"0";"1";"1";""
"202100016331";"172Â 447";"A01";"2";"10";"0";"2";"1";"1";"1";""
"202100016331";"172Â 448";"B01";"2";"2";"0";"2";"4";"1";"1";""
"202100016332";"172Â 446";"A01";"3";"7";"0";"0";"9";"0";"1";""
"202100016333";"172Â 444";"A01";"2";"7";"0";"9";"1";"9";"1";""
"202100016333";"172Â 445";"B01";"2";"1";"0";"2";"5";"1";"5";""
"202100016334";"172Â 442";"A01";"2";"7";"0";"2";"1";"26";"1";""
"202100016334";"172Â 443";"B01";"2";"7";"1";"0";"1";"1";"1";""
"202100016335";"172Â 440";"A01";"2";"7";"0";"2";"4";"2";"1";""
"202100016335";"172Â 441";"B01";"2";"7";"0";"2";"1";"2";"1";""
"202100016336";"172Â 438";"B01";"1";"7";"0";"2";"4";"2";"1";""
"202100016336";"172Â 439";"A01";"1";"7";"0";"2";"1";"2";"1";""
"202100016337";"172Â 435";"A01";"1";"15";"0";"2";"1";"2";"1";""
"202100016337";"172Â 436";"B01";"1";"7";"0";"2";"4";"2";"1";""
"202100016337";"172Â 437";"C01";"1";"7";"0";"2";"4";"2";"1";""
"202100016338";"172Â 431";"A01";"1";"7";"0";"2";"4";"1";"1";""
"202100016338";"172Â 432";"B01";"1";"7";"0";"2";"4";"1";"1";""
"202100016338";"172Â 433";"C01";"1";"7";"0";"2";"4";"1";"1";""
"202100016338";"172Â 434";"D01";"1";"7";"0";"2";"1";"1";"1";""
"202100016339";"172Â 429";"A01";"2";"33";"0";"2";"1";"3";"1";""
"202100016339";"172Â 430";"B01";"2";"7";"0";"2";"5";"1";"1";""
"202100016340";"172Â 427";"B01";"1";"7";"0";"2";"4";"24";"1";""
"202100016340";"172Â 428";"A01";"2";"15";"1";"0";"2";"1";"1";""
"202100016341";"172Â 425";"A01";"1";"10";"0";"2";"5";"12";"1";""
"202100016341";"172Â 426";"B01";"1";"33";"0";"2";"1";"3";"1";""
"202100016342";"172Â 423";"B01";"1";"33";"0";"2";"1";"1";"1";""
"202100016342";"172Â 424";"A01";"1";"7";"0";"2";"5";"12";"1";""
"202100016343";"172Â 420";"A01";"2";"16";"0";"2";"1";"1";"1";""
"202100016343";"172Â 421";"B01";"2";"15";"0";"2";"4";"1";"1";""
"202100016343";"172Â 422";"C01";"2";"15";"0";"0";"4";"1";"1";""
"202100016344";"172Â 418";"Z01";"0";"10";"0";"2";"0";"0";"0";""
"202100016345";"172Â 417";"A01";"2";"43";"0";"1";"0";"26";"1";""
"202100016346";"172Â 416";"A01";"1";"7";"0";"1";"2";"1";"1";""
"202100016347";"172Â 414";"A01";"1";"1";"0";"2";"1";"2";"5";""
"202100016347";"172Â 415";"B01";"1";"10";"0";"2";"4";"11";"1";""
"202100016348";"172Â 412";"A01";"2";"30";"0";"2";"3";"1";"1";""
"202100016348";"172Â 413";"B01";"2";"32";"0";"2";"5";"1";"1";""
"202100016349";"172Â 410";"Z01";"1";"10";"0";"2";"2";"16";"0";""
"202100016349";"172Â 411";"A01";"1";"31";"0";"2";"3";"18";"1";""
"202100016350";"172Â 408";"B01";"1";"7";"0";"2";"3";"16";"2";""
"202100016350";"172Â 409";"A01";"2";"50";"0";"2";"1";"1";"3";""
"202100016351";"172Â 406";"B01";"1";"30";"0";"2";"7";"1";"3";""
"202100016351";"172Â 407";"A01";"1";"7";"0";"2";"6";"15";"1";""
"202100016352";"172Â 404";"Z01";"1";"7";"0";"2";"4";"4";"0";""
"202100016352";"172Â 405";"A01";"1";"1";"0";"2";"1";"9";"5";""
"202100016353";"172Â 402";"B01";"2";"7";"0";"2";"6";"23";"1";""
"202100016353";"172Â 403";"A01";"2";"30";"0";"2";"1";"2";"1";""
"202100016354";"172Â 400";"A01";"2";"10";"0";"2";"2";"22";"1";""
"202100016354";"172Â 401";"B01";"2";"50";"0";"2";"3";"1";"3";""
"202100016355";"172Â 399";"A01";"1";"30";"0";"1";"2";"18";"3";""
"202100016356";"172Â 397";"A01";"2";"7";"0";"2";"7";"16";"2";""
"202100016356";"172Â 398";"B01";"0";"50";"0";"2";"7";"19";"3";""
"202100016357";"172Â 396";"A01";"3";"1";"6";"0";"8";"13";"5";""
"202100016358";"172Â 394";"B01";"2";"7";"0";"2";"4";"2";"1";""
"202100016358";"172Â 395";"A01";"2";"30";"0";"2";"1";"2";"1";""
"202100016359";"172Â 392";"A01";"1";"10";"0";"2";"8";"1";"3";""
"202100016359";"172Â 393";"B01";"1";"1";"0";"2";"4";"19";"5";""
"202100016360";"172Â 390";"A01";"1";"1";"0";"2";"8";"14";"5";""
"202100016360";"172Â 391";"B01";"1";"7";"0";"2";"8";"23";"1";""
"202100016361";"172Â 388";"B01";"2";"80";"0";"2";"4";"2";"3";""