"Num_Acc";"id_vehicule";"num_veh";"senc";"catv";"obs";"obsm";"choc";"manv";"motor";"occutc"
"202100016361";"172Â 389";"A01";"2";"1";"0";"2";"7";"2";"5";""
"202100016362";"172Â 386";"B01";"1";"1";"0";"2";"1";"1";"5";""
"202100016362";"172Â 387";"A01";"1";"10";"0";"2";"8";"22";"1";""
"202100016363";"172Â 384";"A01";"1";"34";"0";"2";"1";"17";"1";""
"202100016363";"172Â 385";"B01";"2";"7";"0";"2";"8";"15";"1";""
"202100016364";"172Â 382";"A01";"2";"7";"0";"2";"2";"9";"1";""
"202100016364";"172Â 383";"B01";"2";"34";"0";"2";"1";"1";"1";""
"202100016365";"172Â 381";"A01";"1";"1";"8";"0";"1";"1";"5";""
"202100016366";"172Â 379";"B01";"3";"7";"0";"2";"6";"1";"1";""
"202100016366";"172Â 380";"A01";"3";"7";"0";"2";"2";"1";"1";""
"202100016367";"172Â 377";"B01";"1";"10";"0";"2";"4";"23";"1";""
"202100016367";"172Â 378";"A01";"1";"7";"0";"2";"1";"1";"1";""
"202100016368";"172Â 376";"A01";"1";"37";"6";"0";"1";"16";"1";"4"
"202100016369";"172Â 374";"B01";"1";"7";"0";"2";"1";"15";"1";""
"202100016369";"172Â 375";"A01";"1";"32";"0";"2";"3";"1";"1";""
"202100016370";"172Â 372";"B01";"1";"7";"0";"9";"4";"23";"1";""
"202100016370";"172Â 373";"A01";"1";"7";"0";"2";"1";"2";"1";""
"202100016371";"172Â 370";"A01";"1";"37";"0";"2";"3";"0";"1";"1"
"202100016371";"172Â 371";"B01";"1";"7";"0";"2";"3";"26";"1";""
"202100016372";"172Â 368";"A01";"2";"7";"0";"0";"1";"2";"1";""
"202100016372";"172Â 369";"B01";"2";"7";"0";"0";"4";"2";"1";""
"202100016373";"172Â 366";"A01";"3";"7";"0";"2";"7";"15";"1";""
"202100016373";"172Â 367";"B01";"1";"43";"0";"2";"1";"1";"1";""
"202100016374";"172Â 364";"A01";"0";"7";"0";"2";"2";"1";"1";""
"202100016374";"172Â 365";"B01";"3";"30";"0";"2";"1";"0";"1";""
"202100016375";"172Â 363";"A01";"1";"7";"0";"1";"1";"15";"3";""
"202100016376";"172Â 361";"A01";"1";"7";"0";"2";"3";"10";"1";""
"202100016376";"172Â 362";"B01";"1";"32";"0";"2";"2";"1";"1";""
"202100016377";"172Â 359";"A01";"2";"13";"0";"2";"3";"15";"1";""
"202100016377";"172Â 360";"B01";"1";"34";"0";"2";"3";"1";"0";""
"202100016378";"172Â 357";"A01";"1";"7";"0";"2";"8";"15";"1";""
"202100016378";"172Â 358";"B01";"1";"33";"0";"2";"1";"1";"1";""
"202100016379";"172Â 356";"A01";"1";"1";"1";"1";"2";"1";"5";""
"202100016380";"172Â 354";"A01";"1";"7";"0";"2";"2";"16";"1";""
"202100016380";"172Â 355";"B01";"1";"32";"0";"2";"3";"1";"1";""
"202100016381";"172Â 352";"A01";"1";"7";"0";"2";"2";"15";"1";""
"202100016381";"172Â 353";"B01";"1";"32";"0";"2";"1";"1";"1";""
"202100016382";"172Â 350";"A01";"1";"10";"0";"2";"3";"13";"1";""
"202100016382";"172Â 351";"B01";"2";"7";"0";"2";"3";"1";"1";""
"202100016383";"172Â 348";"A01";"1";"7";"0";"2";"1";"1";"1";""
"202100016383";"172Â 349";"B01";"1";"33";"0";"2";"4";"23";"1";""
"202100016384";"172Â 346";"A01";"1";"10";"0";"2";"5";"15";"1";""
"202100016384";"172Â 347";"B01";"2";"34";"0";"2";"0";"0";"1";""
"202100016385";"172Â 344";"B01";"1";"7";"0";"2";"1";"9";"1";""
"202100016385";"172Â 345";"A01";"1";"32";"0";"2";"2";"17";"1";""
"202100016386";"172Â 343";"A01";"1";"50";"12";"0";"1";"14";"3";""
"202100016387";"172Â 341";"A01";"1";"30";"0";"2";"1";"2";"1";""
"202100016387";"172Â 342";"B01";"1";"7";"0";"2";"6";"1";"1";""
"202100016388";"172Â 339";"A01";"2";"32";"15";"2";"3";"18";"1";""
"202100016388";"172Â 340";"B01";"2";"7";"0";"2";"2";"16";"1";""
"202100016389";"172Â 337";"Y01";"3";"1";"0";"2";"1";"19";"5";""
"202100016389";"172Â 338";"A01";"1";"14";"0";"2";"6";"15";"1";""
"202100016390";"172Â 335";"B01";"2";"7";"0";"2";"8";"17";"1";""
"202100016390";"172Â 336";"A01";"2";"32";"0";"2";"2";"17";"1";""
"202100016391";"172Â 334";"A01";"0";"1";"0";"0";"0";"1";"5";""
"202100016392";"172Â 332";"A01";"2";"2";"0";"2";"8";"1";"1";""
"202100016392";"172Â 333";"C01";"0";"10";"0";"2";"3";"15";"6";""
"202100016393";"172Â 330";"B01";"2";"7";"0";"2";"3";"11";"1";""
"202100016393";"172Â 331";"A01";"2";"7";"0";"2";"9";"1";"1";""
"202100016394";"172Â 328";"B01";"0";"7";"0";"0";"1";"2";"1";""
"202100016394";"172Â 329";"A01";"0";"7";"0";"0";"4";"2";"1";""
"202100016395";"172Â 327";"A01";"2";"31";"0";"1";"3";"17";"1";""
"202100016396";"172Â 325";"B01";"1";"7";"0";"2";"2";"12";"1";""
"202100016396";"172Â 326";"A01";"1";"7";"0";"2";"3";"18";"1";""
"202100016397";"172Â 324";"A01";"2";"7";"0";"1";"3";"19";"1";""
"202100016398";"172Â 323";"A01";"1";"31";"0";"6";"1";"19";"1";""
"202100016399";"172Â 322";"A01";"3";"33";"0";"0";"0";"1";"1";""
"202100016400";"172Â 321";"A01";"2";"10";"2";"0";"2";"2";"1";""
"202100016401";"172Â 319";"A01";"2";"10";"0";"2";"1";"1";"1";""
"202100016401";"172Â 320";"B01";"2";"33";"0";"2";"6";"1";"1";""
"202100016402";"172Â 318";"A01";"2";"30";"0";"0";"9";"1";"1";""
"202100016403";"172Â 317";"A01";"0";"7";"13";"0";"1";"1";"1";""
"202100016404";"172Â 316";"A01";"2";"7";"6";"0";"1";"14";"1";""
"202100016405";"172Â 315";"A01";"1";"33";"0";"0";"0";"1";"1";""
"202100016406";"172Â 311";"A01";"3";"3";"0";"2";"8";"1";"3";""
"202100016406";"172Â 312";"B01";"3";"34";"0";"2";"3";"1";"1";""
"202100016406";"172Â 313";"C01";"3";"32";"0";"2";"8";"1";"1";""
"202100016406";"172Â 314";"D01";"3";"10";"0";"2";"3";"1";"1";""
"202100016407";"172Â 309";"B01";"2";"7";"0";"0";"4";"2";"1";""
"202100016407";"172Â 310";"A01";"2";"7";"0";"2";"1";"2";"1";""
"202100016408";"172Â 308";"A01";"3";"7";"6";"0";"2";"1";"1";""
"202100016409";"172Â 306";"B01";"2";"7";"0";"2";"6";"1";"1";""
"202100016409";"172Â 307";"A01";"1";"10";"0";"2";"3";"13";"1";""
"202100016410";"172Â 304";"A01";"1";"2";"0";"2";"1";"16";"1";""
"202100016410";"172Â 305";"B01";"1";"7";"0";"2";"7";"1";"1";""
"202100016411";"172Â 303";"A01";"1";"7";"2";"0";"7";"13";"1";""
"202100016412";"172Â 300";"C01";"2";"7";"4";"2";"7";"2";"1";""
"202100016412";"172Â 301";"B01";"2";"38";"0";"2";"6";"23";"1";"1"
"202100016412";"172Â 302";"A01";"2";"7";"0";"2";"2";"21";"1";""
"202100016413";"172Â 297";"C01";"1";"10";"0";"2";"3";"1";"1";""
"202100016413";"172Â 298";"A01";"1";"33";"0";"2";"1";"17";"1";""
"202100016413";"172Â 299";"B01";"2";"7";"0";"2";"3";"1";"1";""
"202100016414";"172Â 296";"A01";"1";"20";"0";"0";"2";"1";"1";""
"202100016415";"172Â 295";"A01";"1";"38";"0";"0";"1";"1";"1";"28"
"202100016416";"172Â 294";"A01";"1";"7";"8";"0";"0";"1";"1";""
"202100016417";"172Â 293";"A01";"1";"80";"0";"1";"1";"1";"3";""
"202100016418";"172Â 291";"A01";"3";"21";"0";"9";"3";"26";"1";""
"202100016418";"172Â 292";"B01";"1";"1";"0";"2";"0";"11";"6";""
"202100016419";"172Â 290";"A01";"3";"33";"0";"0";"0";"1";"1";""
"202100016420";"172Â 288";"B01";"1";"33";"0";"2";"1";"1";"1";""
"202100016420";"172Â 289";"A01";"2";"7";"0";"2";"3";"13";"1";""
"202100016421";"172Â 286";"A01";"2";"7";"0";"2";"1";"1";"1";""
"202100016421";"172Â 287";"B01";"2";"1";"0";"2";"4";"9";"5";""
"202100016422";"172Â 285";"A01";"1";"7";"0";"1";"0";"1";"1";""
"202100016423";"172Â 282";"C01";"1";"10";"0";"2";"1";"2";"1";""
"202100016423";"172Â 283";"B01";"1";"7";"0";"2";"4";"2";"1";""
"202100016423";"172Â 284";"A01";"1";"7";"0";"2";"4";"1";"1";""
"202100016424";"172Â 278";"D01";"2";"10";"0";"2";"1";"2";"1";""
"202100016424";"172Â 279";"C01";"2";"7";"0";"2";"4";"2";"1";""
"202100016424";"172Â 280";"B01";"2";"7";"0";"2";"4";"2";"1";""
"202100016424";"172Â 281";"A01";"2";"7";"0";"2";"4";"2";"1";""
"202100016425";"172Â 276";"B01";"1";"10";"0";"2";"4";"2";"1";""
"202100016425";"172Â 277";"A01";"1";"7";"0";"2";"1";"2";"1";""
"202100016426";"172Â 275";"A01";"1";"7";"0";"0";"0";"26";"1";""
"202100016427";"172Â 272";"A01";"2";"43";"0";"2";"7";"3";"1";""
"202100016427";"172Â 273";"B01";"2";"7";"0";"2";"8";"1";"3";""
"202100016427";"172Â 274";"C01";"2";"10";"0";"2";"8";"12";"1";""
"202100016428";"172Â 270";"B01";"2";"33";"0";"2";"7";"12";"1";""
"202100016428";"172Â 271";"A01";"2";"33";"0";"2";"1";"3";"1";""
"202100016429";"172Â 268";"B01";"2";"7";"0";"2";"4";"0";"1";""
"202100016429";"172Â 269";"A01";"2";"7";"0";"2";"1";"26";"1";""
"202100016430";"172Â 266";"A01";"1";"7";"0";"2";"1";"1";"0";""
"202100016430";"172Â 267";"B01";"1";"10";"0";"2";"4";"1";"0";""
"202100016431";"172Â 264";"Z01";"1";"7";"0";"2";"4";"26";"1";""
"202100016431";"172Â 265";"A01";"1";"7";"0";"2";"1";"12";"1";""
"202100016432";"172Â 262";"B01";"2";"33";"0";"2";"4";"3";"3";""
"202100016432";"172Â 263";"A01";"2";"33";"0";"2";"1";"3";"1";""
"202100016433";"172Â 260";"B01";"2";"10";"0";"2";"4";"1";"1";""
"202100016433";"172Â 261";"A01";"2";"7";"0";"2";"1";"1";"1";""
"202100016434";"172Â 258";"A01";"1";"32";"0";"2";"1";"2";"1";""
"202100016434";"172Â 259";"B01";"1";"3";"0";"2";"4";"12";"1";""
"202100016435";"172Â 256";"A01";"2";"7";"0";"2";"6";"2";"1";""
"202100016435";"172Â 257";"B01";"2";"17";"0";"2";"2";"14";"1";""
"202100016436";"172Â 250";"F01";"2";"7";"0";"2";"8";"9";"1";""
"202100016436";"172Â 251";"D01";"2";"10";"0";"2";"9";"2";"1";""
"202100016436";"172Â 252";"E01";"2";"10";"0";"2";"9";"2";"1";""
"202100016436";"172Â 253";"A01";"2";"14";"0";"2";"1";"1";"1";""
"202100016436";"172Â 254";"B01";"2";"7";"0";"2";"9";"2";"1";""
"202100016436";"172Â 255";"C01";"2";"7";"0";"2";"9";"2";"1";""
"202100016437";"172Â 249";"A01";"2";"7";"0";"1";"1";"0";"1";""
"202100016438";"172Â 247";"A01";"1";"7";"0";"2";"3";"1";"1";""
"202100016438";"172Â 248";"B01";"2";"10";"0";"2";"8";"0";"1";""
"202100016439";"172Â 245";"B01";"2";"2";"0";"2";"4";"1";"0";""
"202100016439";"172Â 246";"A01";"2";"10";"0";"2";"4";"1";"1";""
"202100016440";"172Â 242";"A01";"1";"7";"0";"1";"1";"1";"1";""
"202100016441";"172Â 239";"C01";"1";"7";"0";"2";"4";"1";"1";""
"202100016441";"172Â 240";"B01";"1";"7";"0";"2";"4";"1";"1";""
"202100016441";"172Â 241";"A01";"1";"7";"0";"2";"1";"1";"1";""
"202100016442";"172Â 238";"A01";"1";"7";"0";"1";"2";"1";"1";""
"202100016443";"172Â 237";"A01";"1";"7";"0";"1";"2";"13";"1";""
"202100016444";"172Â 235";"A01";"1";"14";"1";"0";"2";"1";"1";""
"202100016444";"172Â 236";"B01";"1";"10";"0";"2";"6";"24";"1";""
"202100016445";"172Â 234";"A01";"3";"7";"0";"1";"1";"2";"1";""
"202100016446";"172Â 232";"A01";"1";"7";"0";"2";"1";"1";"1";""
"202100016446";"172Â 233";"B01";"1";"7";"0";"0";"4";"1";"1";""
"202100016447";"172Â 229";"A01";"2";"7";"0";"2";"1";"2";"1";""
"202100016447";"172Â 230";"B01";"2";"7";"0";"2";"4";"2";"1";""
"202100016447";"172Â 231";"C01";"2";"7";"0";"2";"4";"2";"1";""
"202100016448";"172Â 228";"A01";"1";"7";"0";"1";"1";"15";"1";""
"202100016449";"172Â 226";"A01";"2";"7";"4";"0";"3";"13";"1";""
"202100016449";"172Â 227";"B01";"2";"7";"14";"0";"2";"2";"1";""
"202100016450";"172Â 225";"A01";"2";"7";"2";"0";"1";"1";"1";""
"202100016451";"172Â 223";"B01";"2";"7";"0";"2";"1";"1";"1";""
"202100016451";"172Â 224";"A01";"2";"7";"0";"2";"1";"9";"1";""
"202100016452";"172Â 222";"A01";"3";"7";"0";"1";"7";"1";"1";""
"202100016453";"172Â 219";"A01";"0";"7";"0";"1";"4";"4";"2";""
"202100016454";"172Â 216";"C01";"1";"7";"0";"2";"4";"2";"1";""
"202100016454";"172Â 217";"A01";"1";"7";"0";"2";"1";"2";"1";""
"202100016454";"172Â 218";"B01";"1";"7";"0";"2";"4";"1";"1";""
"202100016455";"172Â 214";"B01";"2";"2";"0";"2";"1";"2";"1";""
"202100016455";"172Â 215";"A01";"2";"7";"0";"2";"3";"10";"1";""
"202100016456";"172Â 212";"A01";"2";"7";"0";"0";"2";"2";"1";""
"202100016456";"172Â 213";"B01";"2";"1";"0";"2";"8";"19";"5";""
"202100016457";"172Â 210";"B01";"3";"1";"0";"2";"8";"0";"5";""
"202100016457";"172Â 211";"A01";"3";"7";"0";"9";"1";"16";"0";""
"202100016458";"172Â 208";"B01";"3";"7";"0";"2";"1";"20";"1";""
"202100016458";"172Â 209";"A01";"3";"7";"0";"2";"1";"3";"1";""
"202100016459";"172Â 207";"B01";"3";"32";"0";"2";"7";"1";"1";""
"202100016460";"172Â 205";"B01";"0";"7";"0";"0";"4";"2";"1";""
"202100016460";"172Â 206";"A01";"0";"7";"0";"2";"1";"2";"1";""
"202100016461";"172Â 203";"B01";"2";"7";"0";"2";"1";"13";"1";""
"202100016461";"172Â 204";"A01";"2";"7";"0";"2";"1";"15";"1";""
"202100016462";"172Â 201";"A01";"0";"7";"0";"2";"1";"1";"1";""
"202100016462";"172Â 202";"B01";"0";"31";"0";"2";"1";"1";"1";""
"202100016463";"172Â 200";"A01";"1";"7";"0";"0";"0";"1";"1";""
"202100016464";"172Â 198";"A01";"2";"33";"0";"2";"1";"17";"1";""
"202100016464";"172Â 199";"B01";"2";"7";"0";"2";"1";"15";"1";""
"202100016465";"172Â 196";"A01";"2";"7";"0";"2";"1";"19";"1";""
"202100016465";"172Â 197";"B01";"1";"7";"0";"2";"8";"1";"1";""
"202100016466";"172Â 194";"A01";"1";"30";"0";"2";"1";"1";"1";""
"202100016466";"172Â 195";"B01";"2";"7";"0";"2";"3";"15";"1";""
"202100016467";"172Â 192";"A01";"1";"1";"0";"2";"5";"2";"5";""
"202100016467";"172Â 193";"B01";"1";"50";"0";"2";"1";"2";"3";""
"202100016468";"172Â 190";"A01";"1";"10";"0";"2";"2";"9";"3";""
"202100016468";"172Â 191";"B01";"2";"1";"0";"2";"1";"25";"5";""
"202100016469";"172Â 187";"A01";"1";"10";"0";"2";"1";"1";"1";""
"202100016469";"172Â 188";"C01";"1";"10";"0";"2";"4";"1";"1";""
"202100016469";"172Â 189";"B01";"1";"7";"0";"2";"4";"1";"1";""
"202100016470";"172Â 186";"A01";"1";"2";"0";"2";"1";"2";"1";""
"202100016471";"172Â 185";"A01";"1";"99";"8";"0";"2";"13";"1";""
"202100016472";"172Â 183";"B01";"3";"7";"0";"2";"4";"2";"1";""
"202100016472";"172Â 184";"A01";"3";"7";"0";"2";"1";"2";"0";""
"202100016473";"172Â 182";"A01";"2";"7";"0";"1";"1";"1";"1";""
"202100016474";"172Â 180";"B01";"3";"7";"0";"2";"8";"19";"1";""
"202100016474";"172Â 181";"A01";"3";"80";"0";"2";"1";"19";"3";""
"202100016475";"172Â 178";"A01";"1";"60";"0";"2";"7";"1";"5";""
"202100016475";"172Â 179";"B01";"2";"7";"0";"2";"1";"9";"1";""
"202100016476";"172Â 176";"B01";"3";"33";"0";"2";"1";"1";"1";""
"202100016476";"172Â 177";"A01";"3";"7";"0";"2";"8";"9";"1";""
"202100016477";"172Â 174";"A01";"3";"32";"0";"2";"7";"19";"1";""
"202100016477";"172Â 175";"B01";"2";"7";"0";"2";"1";"1";"1";""
"202100016478";"172Â 173";"A01";"2";"7";"0";"1";"1";"1";"1";""
"202100016479";"172Â 169";"C01";"2";"7";"0";"2";"4";"2";"1";""
"202100016479";"172Â 170";"A01";"2";"7";"0";"2";"1";"2";"1";""
"202100016479";"172Â 171";"B01";"2";"7";"0";"0";"4";"2";"1";""
"202100016479";"172Â 172";"D01";"2";"10";"0";"0";"4";"2";"1";""
"202100016480";"172Â 167";"A01";"1";"7";"0";"2";"8";"19";"1";""
"202100016480";"172Â 168";"B01";"2";"31";"0";"2";"1";"1";"1";""
"202100016481";"172Â 166";"A01";"1";"7";"0";"1";"1";"26";"1";""
"202100016482";"172Â 164";"B01";"1";"3";"0";"2";"0";"0";"1";""
"202100016482";"172Â 165";"A01";"1";"3";"0";"2";"1";"26";"3";""
"202100016483";"172Â 163";"A01";"3";"7";"2";"0";"1";"13";"1";""
"202100016484";"172Â 162";"A01";"2";"30";"12";"0";"1";"13";"1";""
"202100016485";"172Â 160";"B01";"2";"7";"0";"2";"4";"1";"2";""
"202100016485";"172Â 161";"A01";"2";"7";"0";"2";"1";"2";"1";""
"202100016486";"172Â 158";"B01";"1";"33";"0";"2";"1";"1";"1";""
"202100016486";"172Â 159";"A01";"2";"7";"0";"2";"3";"15";"1";""
"202100016487";"172Â 156";"B01";"1";"7";"0";"2";"6";"1";"1";""
"202100016487";"172Â 157";"A01";"1";"7";"0";"2";"1";"1";"1";""
"202100016488";"172Â 154";"A01";"1";"10";"0";"2";"3";"9";"1";""
"202100016488";"172Â 155";"B01";"1";"7";"0";"2";"2";"21";"1";""
"202100016489";"172Â 153";"A01";"3";"7";"15";"0";"2";"1";"1";""
"202100016490";"172Â 151";"B01";"1";"1";"0";"2";"2";"2";"5";""
"202100016490";"172Â 152";"A01";"1";"7";"0";"2";"2";"14";"1";""
"202100016491";"172Â 150";"A01";"1";"7";"0";"1";"3";"9";"1";""
"202100016492";"172Â 148";"B01";"2";"50";"0";"2";"1";"1";"3";""
"202100016492";"172Â 149";"A01";"1";"99";"0";"2";"3";"9";"0";""
"202100016493";"172Â 146";"B01";"3";"30";"0";"9";"1";"26";"1";""
"202100016493";"172Â 147";"A01";"3";"30";"0";"9";"0";"26";"1";""
"202100016494";"172Â 144";"A01";"1";"7";"0";"2";"2";"26";"2";""
"202100016494";"172Â 145";"B01";"3";"1";"0";"2";"7";"26";"5";""
"202100016495";"172Â 142";"A01";"1";"7";"0";"2";"3";"26";"1";""
"202100016495";"172Â 143";"B01";"1";"7";"0";"2";"2";"26";"1";""
"202100016496";"172Â 140";"B01";"1";"7";"0";"2";"1";"26";"1";""
"202100016496";"172Â 141";"A01";"1";"7";"0";"2";"1";"26";"1";""
"202100016497";"172Â 138";"B01";"1";"7";"0";"2";"0";"0";"1";""
"202100016497";"172Â 139";"A01";"1";"1";"0";"2";"5";"19";"5";""
"202100016498";"172Â 137";"A01";"1";"33";"11";"0";"1";"26";"1";""
"202100016499";"172Â 136";"A01";"1";"7";"0";"1";"1";"1";"1";""
"202100016500";"172Â 135";"A01";"2";"7";"1";"0";"1";"1";"1";""
"202100016501";"172Â 134";"A01";"1";"30";"0";"0";"8";"0";"1";""
"202100016502";"172Â 133";"A01";"1";"1";"0";"1";"1";"1";"5";""
"202100016503";"172Â 130";"B01";"1";"7";"0";"2";"4";"1";"1";""
"202100016503";"172Â 131";"A01";"1";"2";"0";"2";"1";"0";"1";""
"202100016503";"172Â 132";"C01";"1";"1";"0";"2";"1";"19";"5";""
"202100016504";"172Â 128";"B01";"1";"7";"0";"2";"1";"23";"1";""
"202100016504";"172Â 129";"A01";"1";"7";"9";"2";"1";"1";"1";""
"202100016505";"172Â 126";"A01";"1";"7";"0";"2";"1";"15";"1";""
"202100016505";"172Â 127";"B01";"2";"1";"0";"2";"3";"1";"5";""
"202100016506";"172Â 124";"A01";"3";"7";"0";"2";"3";"9";"1";""
"202100016506";"172Â 125";"B01";"3";"3";"0";"2";"7";"1";"1";""
"202100016507";"172Â 122";"B01";"3";"7";"0";"2";"0";"1";"1";""
"202100016507";"172Â 123";"A01";"3";"7";"0";"2";"1";"15";"1";""
"202100016508";"172Â 120";"B01";"2";"7";"0";"2";"8";"24";"1";""
"202100016508";"172Â 121";"A01";"2";"7";"1";"0";"5";"20";"1";""
"202100016509";"172Â 117";"B01";"3";"7";"0";"2";"1";"1";"1";""
"202100016509";"172Â 118";"A01";"3";"7";"0";"2";"1";"0";"1";""
"202100016509";"172Â 119";"C01";"3";"7";"0";"2";"1";"1";"1";""
"202100016510";"172Â 115";"A01";"3";"80";"16";"2";"7";"19";"3";""
"202100016510";"172Â 116";"B01";"3";"33";"0";"9";"1";"1";"1";""
"202100016511";"172Â 113";"A01";"0";"7";"0";"2";"2";"1";"1";""
"202100016511";"172Â 114";"Z01";"0";"43";"0";"2";"1";"3";"1";""
"202100016512";"172Â 111";"A01";"1";"7";"0";"2";"3";"0";"1";""
"202100016512";"172Â 112";"B01";"1";"7";"0";"2";"5";"1";"1";""
"202100016513";"172Â 109";"A01";"1";"2";"0";"2";"3";"15";"1";""
"202100016513";"172Â 110";"B01";"1";"7";"0";"2";"3";"1";"1";""
"202100016514";"172Â 108";"A01";"3";"7";"8";"0";"1";"1";"0";""
"202100016515";"172Â 106";"B01";"1";"7";"0";"2";"6";"2";"1";""
"202100016515";"172Â 107";"A01";"1";"30";"0";"2";"1";"2";"1";""
"202100016516";"172Â 104";"B01";"1";"1";"0";"2";"1";"1";"5";""
"202100016516";"172Â 105";"A01";"1";"7";"0";"2";"0";"1";"1";""
"202100016517";"172Â 102";"A01";"2";"50";"0";"2";"1";"1";"3";""
"202100016517";"172Â 103";"B01";"2";"7";"0";"2";"6";"19";"1";""
"202100016518";"172Â 101";"A01";"1";"7";"1";"0";"2";"1";"1";""
"202100016519";"172Â 099";"B01";"3";"7";"0";"2";"3";"15";"1";""
"202100016519";"172Â 100";"A01";"3";"50";"0";"2";"1";"17";"3";""
"202100016520";"172Â 098";"A01";"3";"32";"0";"1";"1";"21";"1";""
"202100016521";"172Â 097";"A01";"1";"7";"0";"1";"1";"26";"0";""
"202100016522";"172Â 096";"A01";"1";"7";"0";"1";"3";"1";"0";""
"202100016523";"172Â 094";"B01";"3";"7";"0";"0";"0";"0";"1";""
"202100016523";"172Â 095";"A01";"3";"7";"1";"0";"1";"1";"1";""
"202100016524";"172Â 093";"A01";"2";"7";"0";"1";"1";"15";"1";""
"202100016525";"172Â 092";"A01";"1";"7";"0";"1";"1";"1";"1";""
"202100016526";"172Â 091";"A01";"2";"7";"0";"1";"2";"1";"1";""
"202100016527";"172Â 089";"A01";"3";"7";"0";"2";"1";"15";"1";""
"202100016527";"172Â 090";"B01";"1";"30";"0";"2";"1";"1";"1";""
"202100016528";"172Â 086";"B01";"3";"1";"0";"9";"1";"1";"6";""
"202100016528";"172Â 087";"A01";"3";"7";"0";"2";"1";"19";"1";""
"202100016529";"172Â 080";"F01";"2";"7";"0";"2";"0";"0";"1";""
"202100016529";"172Â 081";"E01";"2";"7";"0";"2";"4";"0";"1";""
"202100016529";"172Â 082";"D01";"2";"7";"0";"2";"4";"2";"1";""
"202100016529";"172Â 083";"C01";"2";"7";"0";"2";"4";"2";"1";""
"202100016529";"172Â 084";"B01";"2";"7";"0";"2";"7";"2";"1";""
"202100016529";"172Â 085";"A01";"2";"7";"0";"2";"7";"1";"2";""
"202100016530";"172Â 079";"A01";"1";"7";"1";"1";"1";"13";"1";""
"202100016531";"172Â 077";"A01";"2";"7";"0";"2";"1";"1";"1";""
"202100016531";"172Â 078";"B01";"2";"7";"0";"2";"8";"1";"1";""
"202100016532";"172Â 076";"A01";"2";"33";"0";"1";"1";"1";"1";""
"202100016533";"172Â 074";"A01";"2";"50";"0";"2";"1";"5";"3";""
"202100016533";"172Â 075";"B01";"1";"7";"0";"2";"8";"16";"1";""
"202100016534";"172Â 072";"A01";"2";"30";"0";"2";"2";"1";"1";""
"202100016534";"172Â 073";"B01";"1";"7";"0";"2";"3";"1";"1";""
"202100016535";"172Â 071";"A01";"1";"33";"0";"1";"1";"17";"1";""
"202100016536";"172Â 070";"A01";"1";"33";"0";"1";"3";"1";"1";""
"202100016537";"172Â 068";"B01";"2";"7";"0";"2";"2";"1";"1";""
"202100016537";"172Â 069";"A01";"2";"33";"0";"2";"6";"18";"1";""
"202100016538";"172Â 066";"A01";"1";"7";"0";"2";"3";"15";"2";""
"202100016538";"172Â 067";"B01";"2";"1";"0";"2";"1";"1";"5";""
"202100016539";"172Â 065";"A01";"3";"7";"0";"1";"0";"20";"3";""
"202100016540";"172Â 063";"B01";"1";"1";"0";"2";"1";"1";"5";""
"202100016540";"172Â 064";"A01";"2";"7";"0";"2";"3";"15";"1";""
"202100016541";"172Â 061";"A01";"2";"10";"0";"2";"7";"16";"3";""
"202100016541";"172Â 062";"B01";"2";"80";"0";"2";"1";"1";"3";""
"202100016542";"172Â 060";"A01";"2";"7";"8";"0";"3";"13";"1";""
"202100016543";"172Â 058";"A01";"1";"2";"0";"2";"1";"1";"1";""
"202100016543";"172Â 059";"B01";"1";"7";"0";"2";"5";"1";"1";""
"202100016544";"172Â 056";"A01";"1";"7";"0";"2";"7";"15";"1";""
"202100016544";"172Â 057";"B01";"2";"30";"0";"2";"1";"1";"1";""
"202100016545";"172Â 055";"A01";"1";"30";"0";"1";"6";"1";"1";""
"202100016546";"172Â 053";"A01";"3";"60";"0";"2";"3";"1";"5";""
"202100016546";"172Â 054";"B01";"3";"10";"0";"2";"8";"1";"1";""
"202100016547";"172Â 052";"A01";"1";"7";"0";"1";"7";"1";"1";""
"202100016548";"172Â 050";"B01";"2";"7";"0";"2";"3";"2";"1";""
"202100016548";"172Â 051";"A01";"1";"7";"0";"2";"2";"9";"1";""
"202100016549";"172Â 048";"B01";"1";"7";"0";"2";"8";"1";"1";""
"202100016549";"172Â 049";"A01";"1";"7";"0";"2";"1";"1";"1";""
"202100016550";"172Â 046";"B01";"1";"7";"0";"2";"7";"15";"1";""
"202100016550";"172Â 047";"A01";"2";"7";"0";"2";"1";"1";"1";""
"202100016551";"172Â 044";"A01";"2";"7";"0";"2";"1";"16";"0";""
"202100016551";"172Â 045";"B01";"3";"32";"0";"2";"7";"1";"1";""
"202100016552";"172Â 042";"B01";"2";"32";"0";"2";"0";"0";"1";""
"202100016552";"172Â 043";"A01";"3";"7";"0";"2";"2";"15";"1";""
"202100016553";"172Â 041";"A01";"1";"1";"0";"1";"1";"1";"5";""
"202100016554";"172Â 040";"A01";"1";"7";"0";"1";"2";"1";"1";""
"202100016555";"172Â 039";"A01";"1";"7";"0";"1";"3";"1";"1";""
"202100016556";"172Â 038";"A01";"2";"3";"0";"1";"3";"2";"1";""
"202100016557";"172Â 036";"A01";"2";"1";"0";"2";"1";"1";"5";""
"202100016557";"172Â 037";"B01";"1";"7";"0";"2";"3";"1";"1";""