"Num_Acc";"id_vehicule";"num_veh";"senc";"catv";"obs";"obsm";"choc";"manv";"motor";"occutc"
"202100016558";"172Â 034";"B01";"2";"50";"0";"2";"0";"0";"3";""
"202100016558";"172Â 035";"A01";"2";"7";"0";"2";"8";"24";"1";""
"202100016559";"172Â 032";"A01";"1";"30";"0";"2";"8";"13";"1";""
"202100016559";"172Â 033";"B01";"1";"7";"0";"2";"7";"1";"1";""
"202100016560";"172Â 030";"B01";"1";"13";"0";"2";"2";"1";"4";""
"202100016560";"172Â 031";"A01";"1";"33";"0";"2";"1";"21";"1";""
"202100016561";"172Â 029";"A01";"1";"1";"0";"1";"1";"1";"5";""
"202100016562";"172Â 027";"B01";"0";"60";"0";"2";"7";"19";"5";""
"202100016562";"172Â 028";"A01";"1";"7";"0";"2";"3";"1";"1";""
"202100016563";"172Â 026";"A01";"3";"7";"9";"1";"0";"26";"1";""
"202100016564";"172Â 022";"C01";"2";"10";"0";"2";"3";"1";"1";""
"202100016564";"172Â 023";"B01";"2";"15";"0";"2";"3";"1";"1";""
"202100016564";"172Â 024";"D01";"2";"15";"0";"2";"1";"1";"1";""
"202100016564";"172Â 025";"A01";"1";"15";"0";"2";"3";"1";"1";""
"202100016565";"172Â 021";"A01";"2";"10";"9";"1";"2";"1";"1";""
"202100016566";"172Â 019";"A01";"1";"7";"0";"0";"4";"2";"1";""
"202100016566";"172Â 020";"B01";"1";"7";"0";"2";"1";"2";"1";""
"202100016567";"172Â 018";"A01";"1";"33";"0";"6";"1";"1";"1";""
"202100016568";"172Â 016";"B01";"2";"38";"0";"2";"3";"1";"1";"1"
"202100016568";"172Â 017";"A01";"1";"7";"0";"2";"3";"1";"1";""
"202100016569";"172Â 014";"B01";"2";"7";"9";"0";"2";"0";"1";""
"202100016569";"172Â 015";"A01";"2";"7";"0";"2";"3";"0";"1";""
"202100016570";"172Â 013";"A01";"1";"7";"0";"0";"9";"1";"1";""
"202100016571";"172Â 011";"B01";"1";"10";"0";"2";"3";"13";"1";""
"202100016571";"172Â 012";"A01";"2";"7";"0";"2";"3";"1";"1";""
"202100016572";"172Â 010";"A01";"2";"1";"0";"0";"0";"1";"5";""
"202100016573";"172Â 008";"A01";"0";"7";"0";"2";"1";"1";"1";""
"202100016573";"172Â 009";"B01";"0";"7";"0";"2";"3";"19";"1";""
"202100016574";"172Â 007";"A01";"1";"7";"0";"1";"7";"1";"1";""
"202100016575";"172Â 003";"B01";"1";"7";"0";"2";"3";"13";"1";""
"202100016575";"172Â 004";"A01";"2";"7";"0";"2";"1";"1";"1";""
"202100016576";"172Â 002";"A01";"1";"7";"0";"1";"2";"1";"1";""
"202100016577";"172Â 001";"A01";"1";"2";"0";"0";"7";"1";"1";""
"202100016578";"171Â 999";"A01";"2";"7";"0";"2";"2";"19";"1";""
"202100016578";"172Â 000";"B01";"1";"7";"0";"2";"3";"1";"1";""
"202100016579";"171Â 997";"B01";"3";"33";"0";"2";"1";"17";"1";""
"202100016579";"171Â 998";"A01";"3";"7";"0";"2";"8";"15";"1";""
"202100016580";"171Â 995";"B01";"3";"1";"0";"2";"1";"1";"5";""
"202100016580";"171Â 996";"A01";"3";"10";"0";"2";"2";"16";"1";""
"202100016581";"171Â 993";"B01";"2";"7";"3";"2";"3";"1";"1";""
"202100016581";"171Â 994";"A01";"1";"7";"3";"2";"3";"13";"1";""
"202100016582";"171Â 992";"A01";"1";"7";"6";"0";"1";"1";"1";""
"202100016583";"171Â 990";"B01";"1";"7";"0";"2";"1";"1";"1";""
"202100016583";"171Â 991";"A01";"2";"7";"0";"2";"7";"6";"1";""
"202100016584";"171Â 987";"A01";"0";"3";"0";"9";"9";"0";"1";""
"202100016585";"171Â 985";"A01";"2";"7";"0";"2";"1";"1";"1";""
"202100016585";"171Â 986";"B01";"3";"7";"0";"2";"7";"19";"1";""
"202100016586";"171Â 984";"A01";"0";"2";"9";"9";"0";"2";"0";""
"202100016587";"171Â 983";"A01";"2";"33";"12";"0";"7";"1";"1";""
"202100016588";"171Â 980";"C01";"1";"7";"0";"0";"4";"15";"1";""
"202100016588";"171Â 981";"B01";"1";"33";"0";"2";"4";"23";"1";""
"202100016588";"171Â 982";"A01";"1";"33";"0";"2";"1";"1";"1";""
"202100016589";"171Â 979";"A01";"1";"33";"0";"0";"0";"9";"1";""
"202100016590";"171Â 978";"A01";"3";"10";"0";"1";"4";"4";"1";""
"202100016591";"171Â 977";"A01";"1";"2";"13";"0";"2";"1";"1";""
"202100016592";"171Â 976";"A01";"1";"7";"3";"0";"3";"1";"1";""
"202100016593";"171Â 975";"A01";"1";"7";"0";"1";"1";"1";"1";""
"202100016594";"171Â 974";"A01";"1";"10";"0";"1";"1";"1";"1";""
"202100016595";"171Â 972";"B01";"3";"34";"0";"2";"1";"1";"1";""
"202100016595";"171Â 973";"A01";"3";"34";"0";"2";"6";"1";"1";""
"202100016596";"171Â 969";"A01";"0";"7";"0";"1";"1";"1";"1";""
"202100016597";"171Â 967";"A01";"1";"7";"0";"2";"1";"5";"1";""
"202100016597";"171Â 968";"B01";"2";"7";"0";"2";"1";"1";"1";""
"202100016598";"171Â 965";"A01";"2";"7";"0";"2";"1";"1";"1";""
"202100016598";"171Â 966";"B01";"1";"32";"0";"2";"1";"1";"1";""
"202100016599";"171Â 963";"A01";"2";"33";"0";"2";"1";"2";"1";""
"202100016599";"171Â 964";"B01";"2";"7";"0";"0";"6";"2";"1";""
"202100016600";"171Â 961";"A01";"1";"7";"0";"2";"1";"13";"1";""
"202100016600";"171Â 962";"B01";"2";"7";"0";"2";"3";"14";"1";""
"202100016601";"171Â 960";"A01";"2";"2";"0";"1";"3";"5";"1";""
"202100016602";"171Â 957";"A01";"1";"10";"0";"2";"1";"2";"1";""
"202100016602";"171Â 958";"B01";"1";"7";"0";"2";"4";"2";"1";""
"202100016602";"171Â 959";"C01";"1";"7";"0";"2";"4";"2";"1";""
"202100016603";"171Â 955";"B01";"1";"17";"0";"2";"4";"2";"1";""
"202100016603";"171Â 956";"A01";"1";"10";"0";"2";"1";"2";"1";""
"202100016604";"171Â 954";"A01";"2";"7";"4";"0";"1";"1";"1";""
"202100016605";"171Â 953";"A01";"1";"7";"0";"0";"7";"0";"1";""
"202100016606";"171Â 951";"A01";"1";"7";"0";"2";"1";"14";"1";""
"202100016606";"171Â 952";"B01";"1";"14";"0";"2";"2";"1";"1";""
"202100016607";"171Â 950";"A01";"2";"7";"0";"2";"0";"1";"1";""
"202100016608";"171Â 949";"A01";"2";"7";"13";"0";"0";"12";"1";""
"202100016609";"171Â 948";"A01";"1";"7";"4";"0";"0";"11";"1";""
"202100016610";"171Â 947";"A01";"2";"7";"0";"2";"4";"2";"1";""
"202100016611";"171Â 946";"A01";"2";"7";"4";"0";"1";"1";"1";""
"202100016612";"171Â 945";"A01";"2";"7";"0";"2";"1";"0";"1";""
"202100016613";"171Â 944";"A01";"1";"42";"0";"2";"7";"1";"1";""
"202100016614";"171Â 938";"F01";"1";"7";"0";"2";"0";"0";"1";""
"202100016614";"171Â 939";"E01";"1";"7";"0";"2";"4";"1";"2";""
"202100016614";"171Â 940";"D01";"1";"7";"0";"2";"4";"1";"1";""
"202100016614";"171Â 941";"C01";"1";"7";"0";"2";"4";"1";"1";""
"202100016614";"171Â 942";"B01";"1";"7";"0";"2";"4";"1";"1";""
"202100016614";"171Â 943";"A01";"1";"7";"0";"2";"1";"1";"1";""
"202100016615";"171Â 936";"A01";"2";"31";"0";"2";"8";"3";"1";""
"202100016615";"171Â 937";"B01";"2";"7";"0";"2";"7";"12";"1";""
"202100016616";"171Â 934";"A01";"2";"10";"0";"2";"1";"2";"1";""
"202100016616";"171Â 935";"B01";"2";"16";"0";"0";"4";"1";"1";""
"202100016617";"171Â 933";"A01";"3";"7";"0";"1";"2";"26";"0";""
"202100016618";"171Â 932";"A01";"3";"7";"0";"1";"2";"20";"0";""
"202100016619";"171Â 928";"A01";"0";"7";"0";"1";"1";"26";"1";""
"202100016620";"171Â 926";"B01";"3";"1";"0";"2";"1";"2";"5";""
"202100016620";"171Â 927";"A01";"3";"7";"0";"2";"3";"22";"1";""
"202100016621";"171Â 924";"A01";"3";"7";"0";"2";"6";"4";"2";""
"202100016621";"171Â 925";"B01";"3";"33";"0";"0";"1";"1";"1";""
"202100016622";"171Â 923";"A01";"2";"33";"6";"0";"9";"1";"1";""
"202100016623";"171Â 921";"B01";"1";"7";"0";"2";"6";"1";"2";""
"202100016623";"171Â 922";"A01";"1";"7";"0";"2";"2";"14";"1";""
"202100016624";"171Â 919";"B01";"2";"7";"0";"2";"7";"15";"1";""
"202100016624";"171Â 920";"A01";"1";"7";"0";"2";"5";"19";"2";""
"202100016625";"171Â 917";"B01";"1";"32";"0";"2";"1";"1";"1";""
"202100016625";"171Â 918";"A01";"1";"7";"0";"2";"7";"10";"1";""
"202100016626";"171Â 915";"B01";"2";"7";"0";"2";"1";"1";"1";""
"202100016626";"171Â 916";"A01";"1";"7";"0";"2";"5";"1";"1";""
"202100016627";"171Â 913";"B01";"2";"31";"0";"2";"0";"0";"0";""
"202100016627";"171Â 914";"A01";"2";"7";"0";"2";"7";"19";"1";""
"202100016628";"171Â 910";"A01";"1";"7";"0";"2";"6";"1";"1";""
"202100016628";"171Â 911";"C01";"2";"7";"0";"2";"3";"11";"1";""
"202100016628";"171Â 912";"B01";"1";"32";"0";"2";"1";"2";"1";""
"202100016629";"171Â 909";"A01";"3";"7";"0";"1";"6";"4";"1";""
"202100016630";"171Â 907";"B01";"3";"60";"0";"2";"1";"16";"5";""
"202100016630";"171Â 908";"A01";"3";"7";"0";"2";"1";"15";"3";""
"202100016631";"171Â 905";"B01";"1";"43";"0";"2";"1";"1";"1";""
"202100016631";"171Â 906";"A01";"2";"10";"0";"2";"2";"15";"1";""
"202100016632";"171Â 903";"A01";"1";"7";"0";"2";"2";"15";"1";""
"202100016632";"171Â 904";"B01";"1";"32";"0";"2";"1";"26";"1";""
"202100016633";"171Â 901";"A01";"1";"7";"15";"0";"2";"1";"1";""
"202100016634";"171Â 899";"A01";"3";"7";"0";"2";"1";"1";"1";""
"202100016634";"171Â 900";"B01";"3";"7";"0";"2";"4";"0";"1";""
"202100016635";"171Â 897";"A01";"1";"7";"0";"2";"3";"13";"1";""
"202100016635";"171Â 898";"B01";"1";"7";"0";"2";"1";"1";"1";""
"202100016636";"171Â 895";"B01";"1";"1";"0";"2";"2";"19";"0";""
"202100016636";"171Â 896";"A01";"3";"7";"0";"2";"3";"21";"1";""
"202100016637";"171Â 893";"B01";"3";"33";"0";"2";"7";"1";"1";""
"202100016637";"171Â 894";"A01";"3";"7";"0";"2";"2";"15";"1";""
"202100016638";"171Â 891";"A01";"3";"7";"0";"2";"4";"9";"1";""
"202100016638";"171Â 892";"B01";"3";"7";"0";"2";"2";"2";"1";""
"202100016639";"171Â 889";"A01";"1";"33";"16";"0";"7";"1";"1";""
"202100016640";"171Â 887";"A01";"2";"7";"0";"2";"8";"15";"1";""
"202100016640";"171Â 888";"B01";"2";"33";"0";"2";"1";"17";"1";""
"202100016641";"171Â 886";"A01";"1";"7";"2";"0";"1";"1";"1";""
"202100016642";"171Â 884";"A01";"2";"7";"0";"2";"3";"9";"1";""
"202100016642";"171Â 885";"B01";"1";"1";"0";"2";"1";"9";"5";""
"202100016643";"171Â 882";"A01";"2";"80";"0";"2";"1";"15";"3";""
"202100016643";"171Â 883";"B01";"2";"7";"0";"2";"1";"15";"0";""
"202100016644";"171Â 880";"B01";"0";"2";"0";"0";"0";"0";"0";""
"202100016644";"171Â 881";"A01";"3";"7";"0";"9";"0";"16";"1";""
"202100016645";"171Â 878";"B01";"3";"7";"0";"2";"2";"0";"1";""
"202100016645";"171Â 879";"A01";"3";"7";"0";"2";"2";"15";"1";""
"202100016646";"171Â 876";"B01";"1";"7";"0";"2";"1";"26";"1";""
"202100016646";"171Â 877";"A01";"1";"7";"0";"2";"1";"26";"1";""
"202100016647";"171Â 875";"A01";"0";"7";"0";"1";"2";"1";"1";""
"202100016648";"171Â 873";"B01";"1";"7";"14";"0";"5";"2";"1";""
"202100016648";"171Â 874";"A01";"2";"7";"0";"2";"1";"1";"1";""
"202100016649";"171Â 872";"A01";"1";"7";"0";"1";"2";"1";"1";""
"202100016650";"171Â 869";"Z01";"1";"7";"0";"2";"7";"17";"1";""
"202100016650";"171Â 870";"B01";"1";"7";"0";"2";"8";"0";"1";""
"202100016650";"171Â 871";"A01";"1";"7";"0";"2";"8";"12";"1";""
"202100016651";"171Â 865";"D01";"3";"7";"0";"2";"4";"23";"2";""
"202100016651";"171Â 866";"B01";"3";"7";"0";"2";"4";"23";"1";""
"202100016651";"171Â 867";"C01";"3";"7";"0";"2";"4";"23";"1";""
"202100016651";"171Â 868";"A01";"1";"7";"1";"2";"1";"1";"1";""
"202100016652";"171Â 864";"A01";"1";"7";"3";"0";"1";"13";"2";""
"202100016653";"171Â 863";"A01";"1";"30";"0";"0";"7";"26";"1";""
"202100016654";"171Â 861";"B01";"2";"33";"0";"2";"5";"15";"0";""
"202100016654";"171Â 862";"A01";"2";"7";"0";"2";"7";"0";"1";""
"202100016655";"171Â 859";"A01";"3";"7";"0";"2";"5";"9";"1";""
"202100016655";"171Â 860";"B01";"3";"33";"0";"2";"8";"0";"1";""
"202100016656";"171Â 857";"A01";"3";"1";"0";"2";"4";"26";"6";""
"202100016656";"171Â 858";"B01";"3";"7";"0";"2";"3";"9";"1";""
"202100016657";"171Â 855";"A01";"0";"7";"0";"2";"1";"15";"1";""
"202100016657";"171Â 856";"B01";"0";"32";"0";"2";"3";"1";"1";""
"202100016658";"171Â 851";"C01";"3";"7";"0";"2";"0";"0";"1";""
"202100016658";"171Â 852";"D01";"3";"7";"0";"2";"0";"0";"1";""
"202100016658";"171Â 853";"A01";"2";"7";"1";"2";"1";"13";"1";""
"202100016658";"171Â 854";"B01";"1";"7";"0";"2";"1";"1";"1";""
"202100016659";"171Â 850";"A01";"2";"33";"1";"0";"7";"1";"1";""
"202100016660";"171Â 848";"A01";"0";"7";"0";"2";"1";"0";"0";""
"202100016660";"171Â 849";"B01";"0";"32";"0";"2";"1";"0";"1";""
"202100016661";"171Â 847";"A01";"1";"30";"0";"1";"0";"26";"1";""
"202100016662";"171Â 845";"A01";"3";"2";"0";"2";"1";"1";"1";""
"202100016662";"171Â 846";"B01";"3";"7";"0";"2";"5";"1";"1";""
"202100016663";"171Â 844";"A01";"3";"7";"0";"1";"2";"1";"1";""
"202100016664";"171Â 842";"B01";"1";"7";"0";"2";"1";"1";"1";""
"202100016664";"171Â 843";"A01";"1";"7";"0";"2";"3";"10";"2";""
"202100016665";"171Â 839";"C01";"3";"7";"1";"0";"8";"0";"1";""
"202100016665";"171Â 840";"A01";"1";"7";"1";"0";"1";"9";"1";""
"202100016665";"171Â 841";"B01";"2";"13";"0";"2";"1";"1";"1";""
"202100016666";"171Â 838";"A01";"3";"7";"0";"1";"3";"1";"1";""
"202100016667";"171Â 836";"B01";"2";"33";"0";"2";"1";"2";"1";""
"202100016667";"171Â 837";"A01";"2";"10";"0";"2";"6";"15";"1";""
"202100016668";"171Â 832";"D01";"1";"7";"0";"2";"7";"2";"1";""
"202100016668";"171Â 833";"C01";"1";"7";"0";"2";"5";"2";"1";""
"202100016668";"171Â 834";"A01";"1";"34";"0";"2";"8";"21";"1";""
"202100016668";"171Â 835";"B01";"1";"7";"0";"2";"2";"12";"1";""
"202100016669";"171Â 831";"A01";"1";"31";"14";"0";"8";"13";"1";""
"202100016670";"171Â 830";"A01";"2";"7";"0";"1";"2";"1";"1";""
"202100016671";"171Â 828";"A01";"1";"7";"0";"2";"6";"10";"1";""
"202100016671";"171Â 829";"B01";"1";"7";"0";"2";"2";"1";"1";""
"202100016672";"171Â 826";"B01";"1";"7";"0";"2";"5";"2";"1";""
"202100016672";"171Â 827";"A01";"1";"30";"0";"2";"1";"2";"1";""
"202100016673";"171Â 824";"A01";"2";"30";"0";"2";"1";"1";"1";""
"202100016673";"171Â 825";"Z01";"1";"7";"0";"2";"0";"1";"0";""
"202100016674";"171Â 822";"B01";"1";"7";"0";"2";"4";"23";"1";""
"202100016674";"171Â 823";"A01";"1";"7";"0";"2";"1";"2";"1";""
"202100016675";"171Â 821";"A01";"1";"32";"0";"0";"0";"1";"1";""
"202100016676";"171Â 820";"A01";"1";"1";"0";"1";"2";"1";"5";""
"202100016677";"171Â 819";"A01";"1";"7";"0";"1";"3";"1";"1";""
"202100016678";"171Â 816";"Z01";"1";"7";"0";"2";"0";"10";"1";""
"202100016678";"171Â 817";"B01";"2";"7";"0";"2";"6";"2";"1";""
"202100016678";"171Â 818";"A01";"2";"30";"0";"2";"1";"2";"1";""
"202100016679";"171Â 815";"A01";"1";"30";"12";"0";"3";"13";"1";""
"202100016680";"171Â 813";"Z01";"1";"7";"0";"2";"2";"15";"1";""
"202100016680";"171Â 814";"A01";"1";"50";"0";"2";"0";"1";"3";""
"202100016681";"171Â 812";"A01";"1";"7";"0";"1";"1";"1";"2";""
"202100016682";"171Â 811";"A01";"1";"7";"0";"1";"1";"13";"1";""
"202100016683";"171Â 808";"A01";"2";"7";"0";"2";"1";"2";"1";""
"202100016683";"171Â 809";"B01";"2";"7";"0";"2";"4";"1";"1";""
"202100016683";"171Â 810";"C01";"2";"7";"0";"2";"4";"1";"1";""
"202100016684";"171Â 806";"B01";"3";"7";"0";"2";"7";"2";"0";""
"202100016684";"171Â 807";"A01";"3";"30";"0";"2";"8";"1";"1";""
"202100016685";"171Â 805";"A01";"1";"32";"0";"0";"0";"18";"1";""
"202100016686";"171Â 802";"C01";"2";"7";"0";"2";"4";"23";"1";""
"202100016686";"171Â 803";"B01";"2";"7";"0";"2";"4";"2";"1";""
"202100016686";"171Â 804";"A01";"2";"7";"0";"2";"1";"2";"1";""
"202100016687";"171Â 800";"B01";"2";"7";"0";"2";"1";"1";"1";""
"202100016687";"171Â 801";"A01";"3";"33";"1";"2";"7";"19";"1";""
"202100016688";"171Â 798";"B01";"0";"7";"0";"2";"8";"17";"1";""
"202100016688";"171Â 799";"A01";"0";"31";"0";"2";"1";"17";"1";""
"202100016689";"171Â 796";"B01";"0";"2";"0";"2";"1";"5";"1";""
"202100016689";"171Â 797";"A01";"0";"7";"0";"2";"1";"1";"1";""
"202100016690";"171Â 795";"A01";"1";"7";"0";"1";"1";"1";"1";""
"202100016691";"171Â 794";"A01";"1";"7";"0";"0";"9";"9";"1";""
"202100016692";"171Â 791";"A01";"3";"7";"2";"0";"2";"14";"1";""
"202100016693";"171Â 789";"A01";"2";"32";"0";"2";"1";"1";"1";""
"202100016693";"171Â 790";"B01";"2";"7";"0";"2";"3";"9";"1";""
"202100016694";"171Â 784";"A01";"2";"7";"0";"2";"1";"2";"1";""
"202100016694";"171Â 785";"B01";"2";"7";"0";"0";"9";"23";"1";""
"202100016694";"171Â 786";"D01";"2";"7";"0";"2";"6";"23";"1";""
"202100016694";"171Â 787";"E01";"2";"7";"0";"2";"6";"23";"1";""
"202100016694";"171Â 788";"C01";"2";"7";"0";"2";"4";"23";"2";""
"202100016695";"171Â 782";"A01";"2";"7";"0";"2";"1";"2";"1";""
"202100016695";"171Â 783";"B01";"2";"7";"0";"2";"6";"17";"1";""
"202100016696";"171Â 780";"B01";"2";"7";"0";"2";"2";"1";"1";""
"202100016696";"171Â 781";"A01";"1";"7";"0";"2";"2";"9";"1";""
"202100016697";"171Â 779";"A01";"2";"33";"0";"0";"0";"1";"1";""
"202100016698";"171Â 778";"A01";"2";"15";"3";"0";"3";"13";"1";""
"202100016699";"171Â 777";"A01";"1";"33";"0";"0";"0";"17";"1";""
"202100016700";"171Â 775";"A01";"1";"1";"0";"2";"7";"15";"5";""
"202100016700";"171Â 776";"B01";"1";"7";"0";"9";"3";"9";"1";""
"202100016701";"171Â 772";"C01";"1";"33";"0";"2";"8";"1";"1";""
"202100016701";"171Â 773";"A01";"1";"7";"0";"2";"1";"19";"1";""
"202100016701";"171Â 774";"B01";"1";"33";"0";"2";"8";"1";"1";""
"202100016702";"171Â 771";"A01";"1";"7";"9";"1";"2";"1";"1";""
"202100016703";"171Â 768";"A01";"2";"7";"0";"2";"1";"1";"1";""
"202100016703";"171Â 769";"B01";"1";"7";"0";"2";"1";"17";"1";""
"202100016703";"171Â 770";"C01";"1";"7";"0";"9";"8";"1";"1";""
"202100016704";"171Â 764";"A01";"2";"33";"0";"2";"1";"13";"1";""
"202100016704";"171Â 765";"C01";"2";"33";"0";"2";"0";"1";"1";""
"202100016704";"171Â 766";"D01";"1";"7";"0";"2";"1";"1";"1";""
"202100016704";"171Â 767";"B01";"1";"7";"0";"2";"3";"1";"1";""
"202100016705";"171Â 761";"B01";"3";"7";"0";"2";"8";"1";"1";""
"202100016705";"171Â 762";"A01";"3";"7";"0";"2";"1";"1";"1";""
"202100016706";"171Â 759";"B01";"1";"7";"0";"2";"1";"2";"1";""
"202100016706";"171Â 760";"A01";"1";"7";"0";"0";"4";"1";"1";""
"202100016707";"171Â 757";"B01";"2";"7";"0";"2";"1";"1";"1";""
"202100016707";"171Â 758";"A01";"2";"7";"8";"2";"8";"19";"1";""
"202100016708";"171Â 755";"A01";"1";"7";"0";"2";"1";"1";"1";""
"202100016708";"171Â 756";"B01";"2";"7";"0";"0";"4";"15";"1";""
"202100016709";"171Â 752";"B01";"2";"30";"0";"2";"3";"1";"1";""
"202100016709";"171Â 753";"A01";"1";"7";"0";"2";"1";"15";"1";""
"202100016709";"171Â 754";"C01";"2";"7";"0";"2";"1";"23";"1";""
"202100016710";"171Â 751";"A01";"1";"7";"13";"0";"3";"1";"1";""
"202100016711";"171Â 749";"B01";"2";"33";"0";"2";"1";"17";"0";""
"202100016711";"171Â 750";"A01";"2";"7";"0";"2";"6";"15";"1";""
"202100016712";"171Â 748";"A01";"1";"7";"13";"0";"9";"14";"1";""
"202100016713";"171Â 747";"A01";"0";"33";"13";"0";"2";"1";"1";""
"202100016714";"171Â 746";"A01";"2";"7";"0";"1";"1";"1";"0";""
"202100016715";"171Â 745";"A01";"2";"7";"0";"1";"1";"1";"3";""
"202100016716";"171Â 743";"A01";"2";"32";"0";"2";"1";"13";"1";""
"202100016716";"171Â 744";"B01";"1";"10";"0";"2";"1";"1";"1";""
"202100016717";"171Â 741";"A01";"2";"7";"0";"2";"3";"1";"1";""
"202100016717";"171Â 742";"B01";"1";"7";"0";"2";"3";"1";"1";""
"202100016718";"171Â 740";"A01";"1";"7";"2";"0";"1";"14";"1";""
"202100016719";"171Â 738";"A01";"2";"7";"0";"2";"1";"13";"1";""
"202100016719";"171Â 739";"B01";"1";"7";"0";"2";"2";"1";"1";""
"202100016720";"171Â 737";"A01";"1";"7";"2";"0";"1";"17";"1";""
"202100016721";"171Â 736";"A01";"2";"33";"10";"0";"8";"17";"1";""
"202100016722";"171Â 734";"B01";"1";"2";"0";"2";"8";"15";"1";""
"202100016722";"171Â 735";"A01";"1";"10";"0";"2";"7";"17";"1";""
"202100016723";"171Â 732";"A01";"1";"7";"0";"2";"2";"2";"3";""
"202100016723";"171Â 733";"B01";"2";"1";"0";"0";"3";"2";"5";""
"202100016724";"171Â 731";"A01";"1";"7";"2";"0";"1";"1";"1";""
"202100016725";"171Â 729";"A01";"1";"1";"0";"2";"1";"1";"5";""
"202100016725";"171Â 730";"B01";"2";"7";"0";"2";"3";"1";"1";""
"202100016726";"171Â 727";"A01";"1";"2";"0";"2";"1";"1";"1";""
"202100016726";"171Â 728";"B01";"2";"7";"0";"2";"1";"1";"1";""
"202100016727";"171Â 725";"B01";"2";"7";"0";"2";"5";"1";"1";""
"202100016727";"171Â 726";"A01";"2";"31";"0";"2";"1";"1";"1";""
"202100016728";"171Â 723";"A01";"2";"10";"0";"2";"1";"26";"1";""
"202100016728";"171Â 724";"B01";"2";"15";"0";"0";"6";"1";"1";""
"202100016729";"171Â 721";"B01";"1";"1";"0";"2";"1";"1";"5";""
"202100016729";"171Â 722";"A01";"3";"7";"0";"2";"5";"19";"1";""
"202100016730";"171Â 720";"A01";"1";"7";"0";"1";"3";"1";"1";""
"202100016731";"171Â 718";"A01";"3";"7";"0";"2";"2";"15";"1";""
"202100016731";"171Â 719";"B01";"2";"7";"0";"2";"8";"1";"1";""
"202100016732";"171Â 712";"C01";"1";"7";"0";"9";"3";"17";"2";""
"202100016732";"171Â 713";"A01";"1";"10";"0";"2";"1";"2";"1";""
"202100016732";"171Â 714";"B01";"1";"17";"0";"0";"4";"2";"1";""
"202100016732";"171Â 715";"D01";"1";"15";"0";"9";"0";"13";"1";""
"202100016732";"171Â 716";"F01";"1";"7";"0";"9";"1";"13";"1";""
"202100016732";"171Â 717";"E01";"1";"7";"0";"9";"2";"13";"1";""
"202100016733";"171Â 707";"B01";"2";"7";"0";"2";"4";"1";"1";""
"202100016733";"171Â 708";"C01";"2";"7";"0";"2";"8";"21";"1";""
"202100016733";"171Â 709";"D01";"2";"7";"0";"0";"2";"21";"1";""
"202100016733";"171Â 710";"E01";"2";"7";"14";"0";"8";"1";"1";""
"202100016733";"171Â 711";"A01";"2";"7";"0";"2";"1";"1";"1";""
"202100016734";"171Â 706";"A01";"1";"7";"8";"0";"0";"12";"1";""
"202100016735";"171Â 705";"A01";"2";"2";"9";"0";"1";"1";"1";""
"202100016736";"171Â 702";"A01";"2";"7";"0";"2";"3";"1";"1";""
"202100016736";"171Â 703";"B01";"2";"7";"0";"2";"6";"1";"1";""
"202100016736";"171Â 704";"C01";"2";"7";"0";"2";"3";"1";"1";""
"202100016737";"171Â 701";"A01";"1";"7";"16";"0";"0";"0";"1";""
"202100016738";"171Â 699";"B01";"2";"7";"0";"2";"3";"1";"1";""
"202100016738";"171Â 700";"A01";"1";"7";"0";"2";"3";"1";"1";""
"202100016739";"171Â 698";"A01";"3";"7";"0";"1";"6";"4";"0";""
"202100016740";"171Â 697";"A01";"1";"7";"2";"0";"3";"1";"1";""
"202100016741";"171Â 696";"A01";"1";"33";"0";"0";"8";"1";"1";""
"202100016742";"171Â 695";"A01";"1";"33";"0";"1";"1";"0";"1";""
"202100016743";"171Â 693";"A01";"2";"7";"0";"9";"1";"19";"1";""
"202100016743";"171Â 694";"B01";"1";"1";"0";"2";"7";"1";"5";""
"202100016744";"171Â 692";"A01";"1";"7";"2";"0";"1";"1";"1";""
"202100016745";"171Â 690";"A01";"0";"7";"0";"2";"7";"14";"1";""
"202100016745";"171Â 691";"B01";"0";"31";"0";"2";"1";"19";"1";""
"202100016746";"171Â 689";"A01";"1";"7";"0";"0";"0";"1";"1";""
"202100016747";"171Â 687";"B01";"2";"1";"0";"2";"8";"26";"5";""
"202100016747";"171Â 688";"A01";"2";"10";"0";"9";"7";"16";"4";""
"202100016748";"171Â 686";"A01";"0";"7";"0";"1";"2";"2";"0";""
"202100016749";"171Â 685";"A01";"2";"50";"0";"0";"0";"1";"3";""
"202100016750";"171Â 683";"A01";"1";"7";"0";"2";"1";"15";"1";""
"202100016750";"171Â 684";"B01";"2";"7";"0";"2";"1";"1";"1";""
"202100016751";"171Â 681";"A01";"3";"7";"0";"2";"1";"1";"1";""
"202100016751";"171Â 682";"B01";"3";"7";"0";"2";"1";"1";"1";""
"202100016752";"171Â 680";"A01";"1";"7";"3";"0";"3";"1";"1";""
"202100016753";"171Â 679";"A01";"2";"7";"6";"0";"2";"14";"1";""
"202100016754";"171Â 677";"A01";"2";"31";"0";"2";"4";"1";"1";""
"202100016754";"171Â 678";"Z01";"2";"7";"0";"2";"1";"2";"0";""
"202100016755";"171Â 676";"A01";"1";"7";"6";"0";"2";"14";"1";""
"202100016756";"171Â 674";"A01";"2";"7";"0";"2";"5";"1";"1";""
"202100016756";"171Â 675";"Z01";"2";"7";"0";"2";"1";"0";"0";""