"Num_Acc";"id_vehicule";"num_veh";"senc";"catv";"obs";"obsm";"choc";"manv";"motor";"occutc"
"202100016757";"171Â 671";"C01";"1";"7";"0";"2";"1";"2";"2";""
"202100016757";"171Â 672";"B01";"1";"7";"0";"2";"4";"23";"1";""
"202100016757";"171Â 673";"A01";"1";"7";"0";"2";"4";"23";"1";""
"202100016758";"171Â 669";"A01";"1";"7";"0";"2";"1";"2";"1";""
"202100016758";"171Â 670";"B01";"1";"7";"0";"2";"4";"2";"1";""
"202100016759";"171Â 666";"A01";"2";"7";"0";"2";"8";"11";"0";""
"202100016759";"171Â 667";"B01";"2";"43";"0";"2";"1";"3";"0";""
"202100016759";"171Â 668";"C01";"2";"7";"0";"2";"7";"1";"0";""
"202100016760";"171Â 664";"B01";"2";"10";"0";"2";"4";"2";"0";""
"202100016760";"171Â 665";"A01";"2";"7";"0";"2";"1";"2";"1";""
"202100016761";"171Â 660";"A01";"1";"7";"0";"2";"1";"2";"0";""
"202100016761";"171Â 661";"B01";"1";"7";"0";"2";"4";"2";"1";""
"202100016761";"171Â 662";"C01";"1";"7";"0";"2";"4";"2";"0";""
"202100016761";"171Â 663";"D01";"1";"7";"0";"2";"4";"2";"1";""
"202100016762";"171Â 658";"B01";"1";"31";"0";"2";"2";"3";"1";""
"202100016762";"171Â 659";"A01";"0";"7";"0";"0";"0";"0";"0";""
"202100016763";"171Â 656";"A01";"1";"7";"1";"0";"2";"14";"1";""
"202100016763";"171Â 657";"B01";"1";"7";"0";"2";"6";"23";"1";""
"202100016764";"171Â 654";"A01";"1";"7";"0";"2";"4";"18";"0";""
"202100016764";"171Â 655";"B01";"1";"7";"0";"2";"1";"2";"2";""
"202100016765";"171Â 650";"A01";"1";"7";"0";"2";"9";"2";"1";""
"202100016765";"171Â 651";"B01";"1";"7";"0";"2";"4";"2";"1";""
"202100016765";"171Â 652";"C01";"1";"7";"0";"2";"4";"2";"1";""
"202100016765";"171Â 653";"D01";"1";"7";"0";"2";"4";"2";"1";""
"202100016766";"171Â 648";"A01";"1";"7";"0";"2";"1";"1";"1";""
"202100016766";"171Â 649";"B01";"1";"7";"0";"2";"4";"2";"1";""
"202100016767";"171Â 646";"B01";"1";"7";"0";"2";"3";"11";"1";""
"202100016767";"171Â 647";"A01";"1";"43";"0";"2";"7";"3";"1";""
"202100016768";"171Â 643";"A01";"2";"7";"0";"2";"3";"26";"1";""
"202100016768";"171Â 644";"B01";"2";"7";"0";"2";"3";"26";"1";""
"202100016768";"171Â 645";"C01";"2";"7";"0";"2";"1";"26";"1";""
"202100016769";"171Â 641";"A01";"1";"7";"0";"2";"7";"12";"1";""
"202100016769";"171Â 642";"B01";"1";"33";"0";"2";"3";"1";"0";""
"202100016770";"171Â 638";"A01";"1";"7";"0";"2";"1";"13";"1";""
"202100016770";"171Â 639";"B01";"2";"7";"0";"2";"1";"1";"1";""
"202100016770";"171Â 640";"C01";"2";"7";"0";"0";"0";"0";"1";""
"202100016771";"171Â 636";"B01";"1";"2";"1";"2";"8";"18";"1";""
"202100016771";"171Â 637";"A01";"1";"10";"1";"2";"7";"12";"1";""
"202100016772";"171Â 634";"B01";"2";"7";"12";"0";"4";"0";"1";""
"202100016772";"171Â 635";"A01";"2";"32";"0";"2";"1";"1";"1";""
"202100016773";"171Â 632";"A01";"1";"7";"0";"2";"4";"2";"1";""
"202100016773";"171Â 633";"B01";"1";"31";"0";"2";"1";"1";"1";""
"202100016774";"171Â 630";"A01";"1";"7";"0";"2";"2";"12";"1";""
"202100016774";"171Â 631";"B01";"1";"7";"0";"2";"3";"11";"1";""
"202100016775";"171Â 628";"A01";"3";"14";"0";"2";"8";"15";"1";""
"202100016775";"171Â 629";"B01";"3";"2";"0";"2";"5";"16";"1";""
"202100016776";"171Â 626";"A01";"2";"7";"0";"2";"3";"1";"1";""
"202100016776";"171Â 627";"B01";"1";"13";"0";"2";"3";"1";"1";""
"202100016777";"171Â 624";"A01";"1";"7";"0";"2";"7";"15";"1";""
"202100016777";"171Â 625";"B01";"1";"7";"0";"2";"1";"1";"1";""
"202100016778";"171Â 623";"A01";"3";"7";"15";"0";"1";"0";"1";""
"202100016779";"171Â 621";"B01";"2";"1";"0";"9";"1";"5";"5";""
"202100016779";"171Â 622";"A01";"1";"7";"0";"9";"2";"16";"1";""
"202100016780";"171Â 619";"B01";"2";"2";"0";"0";"7";"15";"1";""
"202100016780";"171Â 620";"A01";"1";"7";"0";"2";"1";"15";"1";""
"202100016781";"171Â 616";"C01";"1";"1";"0";"2";"4";"1";"5";""
"202100016781";"171Â 617";"B01";"1";"7";"0";"0";"2";"19";"1";""
"202100016781";"171Â 618";"A01";"1";"7";"0";"2";"8";"18";"1";""
"202100016782";"171Â 614";"B01";"1";"50";"12";"2";"1";"5";"3";""
"202100016782";"171Â 615";"A01";"2";"7";"12";"2";"1";"1";"1";""
"202100016783";"171Â 612";"B01";"2";"7";"0";"0";"4";"1";"1";""
"202100016783";"171Â 613";"A01";"2";"7";"0";"2";"3";"2";"1";""
"202100016784";"171Â 611";"A01";"1";"7";"8";"0";"1";"9";"1";""
"202100016785";"171Â 610";"A01";"1";"0";"0";"1";"1";"1";"0";""
"202100016786";"171Â 609";"A01";"0";"7";"0";"1";"8";"17";"1";""
"202100016787";"171Â 607";"B01";"1";"33";"0";"2";"1";"1";"1";""
"202100016787";"171Â 608";"A01";"1";"7";"0";"2";"2";"1";"1";""
"202100016788";"171Â 606";"A01";"1";"33";"2";"0";"1";"26";"1";""
"202100016789";"171Â 604";"B01";"2";"33";"0";"2";"7";"1";"1";""
"202100016789";"171Â 605";"A01";"2";"7";"0";"2";"3";"15";"1";""
"202100016790";"171Â 602";"B01";"1";"7";"0";"2";"6";"1";"1";""
"202100016790";"171Â 603";"A01";"1";"10";"0";"2";"2";"21";"1";""
"202100016791";"171Â 601";"A01";"3";"7";"0";"1";"1";"1";"1";""
"202100016792";"171Â 599";"B01";"2";"7";"0";"2";"5";"1";"1";""
"202100016792";"171Â 600";"A01";"1";"34";"0";"2";"1";"1";"1";""
"202100016793";"171Â 597";"B01";"1";"2";"0";"2";"2";"17";"1";""
"202100016793";"171Â 598";"A01";"1";"7";"0";"2";"6";"13";"1";""
"202100016794";"171Â 596";"B01";"1";"7";"0";"1";"2";"17";"1";""
"202100016795";"171Â 594";"B01";"1";"7";"0";"2";"5";"1";"1";""
"202100016795";"171Â 595";"A01";"1";"32";"0";"2";"3";"1";"1";""
"202100016796";"171Â 593";"A01";"1";"33";"6";"0";"8";"13";"1";""
"202100016797";"171Â 591";"A01";"2";"7";"0";"2";"1";"2";"1";""
"202100016797";"171Â 592";"B01";"2";"7";"0";"2";"4";"1";"1";""
"202100016798";"171Â 589";"B01";"3";"31";"0";"2";"4";"1";"1";""
"202100016798";"171Â 590";"A01";"3";"7";"0";"2";"1";"1";"1";""
"202100016799";"171Â 587";"B01";"2";"7";"0";"2";"8";"1";"1";""
"202100016799";"171Â 588";"A01";"3";"7";"0";"2";"1";"19";"1";""
"202100016800";"171Â 585";"B01";"2";"7";"0";"2";"1";"1";"1";""
"202100016800";"171Â 586";"A01";"1";"33";"0";"2";"1";"13";"1";""
"202100016801";"171Â 583";"A01";"3";"7";"0";"2";"3";"15";"1";""
"202100016801";"171Â 584";"B01";"3";"33";"0";"2";"7";"2";"1";""
"202100016802";"171Â 581";"A01";"1";"7";"0";"2";"1";"2";"1";""
"202100016802";"171Â 582";"B01";"1";"1";"0";"2";"4";"26";"5";""
"202100016803";"171Â 580";"A01";"2";"33";"0";"0";"0";"26";"1";""
"202100016804";"171Â 579";"A01";"3";"7";"15";"1";"2";"14";"1";""
"202100016805";"171Â 578";"A01";"1";"7";"0";"1";"8";"16";"1";""
"202100016806";"171Â 577";"A01";"3";"43";"0";"0";"9";"1";"1";""
"202100016807";"171Â 576";"A01";"1";"7";"0";"1";"3";"1";"2";""
"202100016808";"171Â 575";"A01";"3";"7";"0";"1";"1";"9";"1";""
"202100016809";"171Â 573";"B01";"3";"7";"0";"2";"6";"1";"1";""
"202100016809";"171Â 574";"A01";"2";"10";"0";"2";"1";"19";"1";""
"202100016810";"171Â 571";"A01";"3";"33";"0";"2";"8";"1";"1";""
"202100016810";"171Â 572";"B01";"3";"7";"0";"2";"7";"1";"0";""
"202100016811";"171Â 569";"B01";"1";"7";"0";"2";"4";"1";"2";""
"202100016811";"171Â 570";"A01";"1";"7";"0";"2";"1";"1";"1";""
"202100016812";"171Â 567";"A01";"2";"7";"0";"2";"1";"9";"1";""
"202100016812";"171Â 568";"B01";"2";"33";"0";"2";"7";"1";"1";""
"202100016813";"171Â 565";"B01";"3";"1";"0";"2";"8";"19";"5";""
"202100016813";"171Â 566";"A01";"3";"7";"0";"2";"1";"1";"1";""
"202100016814";"171Â 563";"B01";"2";"7";"0";"2";"2";"15";"1";""
"202100016814";"171Â 564";"A01";"2";"33";"0";"2";"2";"19";"1";""
"202100016815";"171Â 561";"A01";"3";"1";"0";"2";"1";"26";"5";""
"202100016815";"171Â 562";"B01";"3";"3";"1";"2";"3";"0";"0";""
"202100016816";"171Â 560";"A01";"1";"7";"0";"1";"1";"1";"1";""
"202100016817";"171Â 558";"B01";"1";"7";"0";"2";"8";"16";"1";""
"202100016817";"171Â 559";"A01";"1";"7";"0";"2";"1";"1";"1";""
"202100016818";"171Â 557";"A01";"2";"34";"11";"0";"1";"1";"1";""
"202100016819";"171Â 556";"A01";"1";"7";"1";"2";"6";"26";"1";""
"202100016820";"171Â 554";"B01";"0";"7";"0";"2";"1";"1";"1";""
"202100016820";"171Â 555";"A01";"0";"7";"0";"2";"5";"1";"1";""
"202100016821";"171Â 553";"A01";"1";"7";"0";"1";"1";"1";"1";""
"202100016822";"171Â 552";"A01";"1";"7";"0";"1";"3";"1";"1";""
"202100016823";"171Â 550";"A01";"3";"7";"0";"2";"2";"15";"1";""
"202100016823";"171Â 551";"B01";"3";"30";"0";"2";"1";"1";"1";""
"202100016824";"171Â 549";"A01";"1";"7";"1";"1";"7";"17";"2";""
"202100016825";"171Â 546";"A01";"1";"7";"0";"2";"1";"2";"1";""
"202100016825";"171Â 547";"B01";"1";"7";"0";"2";"1";"2";"1";""
"202100016825";"171Â 548";"C01";"1";"7";"0";"2";"4";"2";"1";""
"202100016826";"171Â 545";"A01";"1";"7";"2";"0";"0";"14";"1";""
"202100016827";"171Â 544";"A01";"2";"33";"0";"0";"7";"16";"1";""
"202100016828";"171Â 543";"A01";"3";"7";"0";"1";"3";"15";"1";""
"202100016829";"171Â 541";"A01";"3";"10";"0";"2";"3";"1";"1";""
"202100016829";"171Â 542";"B01";"3";"2";"0";"2";"1";"1";"1";""
"202100016830";"171Â 534";"B01";"1";"7";"0";"2";"8";"13";"1";""
"202100016830";"171Â 535";"A01";"1";"32";"0";"2";"7";"17";"1";""
"202100016831";"171Â 533";"A01";"1";"7";"0";"1";"0";"0";"1";""
"202100016832";"171Â 532";"A01";"1";"7";"0";"1";"3";"26";"1";""
"202100016833";"171Â 530";"B01";"1";"7";"0";"2";"5";"1";"1";""
"202100016833";"171Â 531";"A01";"1";"30";"0";"2";"7";"12";"1";""
"202100016834";"171Â 528";"A01";"1";"7";"0";"2";"3";"15";"1";""
"202100016834";"171Â 529";"Y01";"1";"1";"0";"2";"3";"1";"5";""
"202100016835";"171Â 527";"A01";"3";"7";"0";"1";"4";"26";"1";""
"202100016836";"171Â 525";"B01";"1";"34";"0";"2";"7";"17";"1";""
"202100016836";"171Â 526";"A01";"2";"7";"0";"2";"8";"15";"1";""
"202100016837";"171Â 523";"A01";"3";"7";"0";"2";"1";"1";"1";""
"202100016837";"171Â 524";"B01";"3";"7";"0";"2";"8";"1";"1";""
"202100016838";"171Â 522";"A01";"3";"7";"0";"1";"2";"1";"1";""
"202100016839";"171Â 521";"A01";"1";"7";"1";"1";"1";"16";"1";""
"202100016840";"171Â 520";"A01";"1";"7";"0";"1";"3";"26";"1";""
"202100016841";"171Â 518";"A01";"2";"7";"0";"1";"2";"1";"1";""
"202100016842";"171Â 517";"A01";"1";"14";"0";"1";"1";"1";"1";""
"202100016843";"171Â 511";"A01";"1";"7";"0";"1";"2";"16";"1";""
"202100016844";"171Â 510";"A01";"0";"7";"0";"0";"0";"0";"1";""
"202100016845";"171Â 509";"A01";"0";"7";"2";"0";"1";"13";"1";""
"202100016846";"171Â 507";"Z01";"0";"7";"0";"0";"0";"0";"0";""
"202100016846";"171Â 508";"A01";"0";"7";"0";"2";"7";"1";"1";""
"202100016847";"171Â 505";"B01";"0";"15";"0";"2";"3";"15";"1";""
"202100016847";"171Â 506";"A01";"0";"31";"0";"2";"1";"17";"1";""
"202100016848";"171Â 503";"B01";"1";"7";"0";"2";"2";"9";"1";""
"202100016848";"171Â 504";"A01";"1";"7";"0";"2";"3";"1";"1";""
"202100016849";"171Â 502";"A01";"3";"33";"0";"0";"8";"0";"1";""
"202100016850";"171Â 500";"A01";"0";"7";"0";"2";"1";"1";"1";""
"202100016850";"171Â 501";"B01";"0";"7";"0";"2";"4";"2";"1";""
"202100016851";"171Â 499";"A01";"1";"7";"1";"0";"1";"5";"2";""
"202100016852";"171Â 497";"B01";"3";"33";"0";"2";"4";"2";"1";""
"202100016852";"171Â 498";"A01";"3";"33";"0";"2";"1";"2";"1";""
"202100016853";"171Â 494";"C01";"1";"7";"0";"2";"4";"2";"1";""
"202100016853";"171Â 495";"Z01";"1";"7";"0";"2";"1";"2";"0";""
"202100016853";"171Â 496";"B01";"1";"7";"0";"2";"4";"2";"1";""
"202100016854";"171Â 492";"B01";"1";"7";"0";"2";"3";"15";"1";""
"202100016854";"171Â 493";"A01";"2";"33";"0";"2";"1";"21";"1";""
"202100016855";"171Â 491";"A01";"1";"2";"0";"0";"7";"15";"1";""
"202100016856";"171Â 488";"A01";"1";"7";"0";"2";"1";"1";"1";""
"202100016856";"171Â 489";"B01";"1";"7";"0";"2";"0";"0";"1";""
"202100016856";"171Â 490";"C01";"1";"7";"0";"2";"0";"0";"1";""
"202100016857";"171Â 487";"A01";"1";"7";"0";"1";"1";"9";"1";""
"202100016858";"171Â 486";"A01";"1";"7";"0";"1";"1";"9";"1";""
"202100016859";"171Â 484";"B01";"2";"33";"0";"2";"1";"1";"1";""
"202100016859";"171Â 485";"A01";"2";"7";"0";"2";"4";"16";"1";""
"202100016860";"171Â 482";"A01";"1";"33";"0";"2";"1";"1";"1";""
"202100016860";"171Â 483";"B01";"2";"7";"0";"2";"3";"9";"1";""
"202100016861";"171Â 481";"A01";"2";"7";"0";"1";"3";"16";"1";""
"202100016862";"171Â 479";"A01";"1";"10";"0";"2";"7";"16";"1";""
"202100016862";"171Â 480";"B01";"1";"2";"0";"2";"8";"1";"1";""
"202100016863";"171Â 477";"A01";"1";"7";"9";"2";"8";"10";"1";""
"202100016863";"171Â 478";"B01";"2";"33";"0";"2";"1";"1";"1";""
"202100016864";"171Â 475";"B01";"1";"1";"0";"2";"8";"13";"5";""
"202100016864";"171Â 476";"A01";"1";"7";"0";"9";"1";"26";"1";""
"202100016865";"171Â 474";"A01";"2";"7";"0";"1";"1";"26";"1";""
"202100016866";"171Â 472";"A01";"1";"7";"0";"2";"2";"1";"1";""
"202100016866";"171Â 473";"B01";"2";"1";"0";"2";"1";"19";"5";""
"202100016867";"171Â 471";"A01";"1";"33";"0";"1";"1";"1";"1";""
"202100016868";"171Â 470";"A01";"1";"7";"8";"0";"2";"14";"1";""
"202100016869";"171Â 468";"A01";"1";"7";"0";"2";"3";"1";"1";""
"202100016869";"171Â 469";"B01";"2";"7";"0";"2";"1";"15";"1";""
"202100016870";"171Â 467";"A01";"1";"7";"14";"0";"1";"1";"1";""
"202100016871";"171Â 465";"A01";"1";"7";"0";"2";"3";"1";"1";""
"202100016871";"171Â 466";"B01";"2";"33";"0";"2";"1";"1";"1";""
"202100016872";"171Â 463";"A01";"1";"7";"0";"2";"2";"15";"1";""
"202100016872";"171Â 464";"B01";"2";"31";"0";"2";"1";"1";"1";""
"202100016873";"171Â 461";"Z01";"1";"7";"0";"2";"8";"15";"0";""
"202100016873";"171Â 462";"B01";"1";"32";"0";"2";"7";"1";"1";""
"202100016874";"171Â 460";"A01";"1";"7";"0";"1";"1";"1";"1";""
"202100016875";"171Â 459";"A01";"1";"10";"0";"1";"3";"15";"1";""
"202100016876";"171Â 457";"A01";"1";"7";"0";"2";"7";"14";"1";""
"202100016876";"171Â 458";"B01";"1";"1";"0";"2";"0";"18";"0";""
"202100016877";"171Â 456";"A01";"1";"7";"0";"1";"1";"1";"1";""
"202100016878";"171Â 454";"B01";"1";"1";"0";"2";"3";"1";"5";""
"202100016878";"171Â 455";"A01";"1";"7";"0";"2";"7";"15";"1";""
"202100016879";"171Â 452";"A01";"2";"10";"0";"2";"1";"2";"1";""
"202100016879";"171Â 453";"B01";"2";"7";"0";"2";"4";"23";"1";""
"202100016880";"171Â 449";"A01";"1";"30";"0";"2";"1";"17";"1";""
"202100016880";"171Â 450";"B01";"1";"7";"0";"2";"6";"2";"1";""
"202100016881";"171Â 447";"B01";"2";"7";"0";"2";"3";"16";"1";""
"202100016881";"171Â 448";"A01";"2";"34";"0";"2";"5";"16";"1";""
"202100016882";"171Â 445";"B01";"3";"33";"0";"2";"2";"17";"1";""
"202100016882";"171Â 446";"A01";"3";"7";"0";"2";"3";"15";"1";""
"202100016883";"171Â 444";"A01";"1";"7";"8";"0";"2";"1";"1";""
"202100016884";"171Â 443";"A01";"3";"33";"16";"0";"8";"1";"1";""
"202100016885";"171Â 441";"A01";"1";"7";"1";"0";"2";"1";"1";""
"202100016885";"171Â 442";"B01";"1";"7";"12";"0";"6";"26";"1";""
"202100016886";"171Â 439";"B01";"1";"31";"0";"2";"4";"9";"1";""
"202100016886";"171Â 440";"A01";"1";"7";"0";"2";"1";"9";"1";""
"202100016887";"171Â 437";"B01";"2";"80";"1";"2";"3";"2";"3";""
"202100016887";"171Â 438";"A01";"1";"7";"0";"2";"3";"22";"1";""
"202100016888";"171Â 435";"B01";"3";"80";"1";"9";"3";"26";"3";""
"202100016888";"171Â 436";"A01";"3";"7";"1";"9";"3";"26";"1";""
"202100016889";"171Â 434";"A01";"0";"30";"0";"1";"1";"0";"1";""
"202100016890";"171Â 432";"A01";"1";"7";"0";"2";"1";"9";"0";""
"202100016890";"171Â 433";"B01";"1";"2";"0";"2";"7";"1";"1";""
"202100016891";"171Â 428";"C01";"3";"7";"0";"2";"4";"0";"1";""
"202100016891";"171Â 429";"B01";"3";"7";"0";"2";"4";"1";"1";""
"202100016891";"171Â 430";"A01";"3";"10";"0";"2";"1";"2";"1";""
"202100016892";"171Â 427";"A01";"1";"33";"0";"1";"1";"1";"1";""
"202100016893";"171Â 426";"A01";"1";"7";"0";"1";"2";"1";"1";""
"202100016894";"171Â 425";"A01";"1";"7";"1";"0";"1";"26";"1";""
"202100016895";"171Â 423";"A01";"2";"7";"0";"2";"2";"2";"1";""
"202100016895";"171Â 424";"B01";"2";"7";"0";"2";"4";"2";"1";""
"202100016896";"171Â 422";"A01";"1";"7";"0";"1";"1";"1";"1";""
"202100016897";"171Â 420";"A01";"3";"7";"0";"0";"0";"0";"1";""
"202100016897";"171Â 421";"B01";"1";"33";"0";"2";"1";"1";"1";""
"202100016898";"171Â 418";"A01";"2";"7";"0";"2";"3";"10";"1";""
"202100016898";"171Â 419";"B01";"2";"50";"0";"2";"1";"1";"3";""
"202100016899";"171Â 415";"C01";"1";"7";"0";"2";"1";"23";"1";""
"202100016899";"171Â 416";"A01";"1";"7";"0";"2";"1";"15";"1";""
"202100016899";"171Â 417";"B01";"2";"7";"0";"2";"1";"1";"1";""
"202100016900";"171Â 413";"B01";"0";"50";"0";"2";"2";"1";"3";""
"202100016900";"171Â 414";"A01";"0";"7";"0";"2";"3";"9";"1";""
"202100016901";"171Â 411";"B01";"0";"7";"0";"9";"3";"1";"1";""
"202100016901";"171Â 412";"A01";"0";"1";"0";"2";"1";"9";"0";""
"202100016902";"171Â 409";"A01";"2";"7";"0";"2";"1";"15";"1";""
"202100016902";"171Â 410";"B01";"2";"2";"0";"2";"8";"1";"1";""
"202100016903";"171Â 408";"A01";"1";"7";"0";"0";"0";"26";"1";""
"202100016904";"171Â 406";"A01";"1";"1";"0";"2";"8";"26";"5";""
"202100016904";"171Â 407";"B01";"1";"1";"0";"2";"1";"26";"5";""
"202100016905";"171Â 404";"A01";"1";"7";"0";"2";"0";"26";"1";""
"202100016905";"171Â 405";"B01";"1";"1";"0";"2";"8";"26";"5";""
"202100016906";"171Â 402";"B01";"1";"30";"0";"2";"1";"26";"1";""
"202100016906";"171Â 403";"A01";"1";"7";"0";"2";"3";"26";"1";""
"202100016907";"171Â 400";"A01";"1";"7";"0";"2";"1";"26";"1";""
"202100016907";"171Â 401";"B01";"1";"31";"0";"2";"1";"26";"1";""
"202100016908";"171Â 398";"B01";"1";"33";"0";"2";"6";"26";"1";""
"202100016908";"171Â 399";"A01";"1";"7";"0";"2";"2";"26";"1";""
"202100016909";"171Â 396";"A01";"1";"1";"0";"2";"0";"26";"5";""
"202100016909";"171Â 397";"B01";"1";"7";"0";"2";"0";"26";"3";""
"202100016910";"171Â 394";"B01";"1";"1";"0";"2";"3";"15";"5";""
"202100016910";"171Â 395";"A01";"1";"7";"0";"2";"2";"1";"1";""
"202100016911";"171Â 392";"B01";"3";"7";"0";"2";"4";"2";"1";""
"202100016911";"171Â 393";"A01";"3";"7";"0";"0";"0";"0";"1";""
"202100016912";"171Â 390";"A01";"1";"50";"0";"2";"8";"1";"3";""
"202100016912";"171Â 391";"B01";"1";"10";"0";"2";"3";"15";"1";""
"202100016913";"171Â 388";"A01";"2";"7";"0";"2";"8";"15";"1";""
"202100016913";"171Â 389";"B01";"2";"10";"0";"2";"1";"1";"1";""
"202100016914";"171Â 386";"B01";"2";"1";"0";"2";"1";"1";"5";""
"202100016914";"171Â 387";"A01";"1";"7";"0";"2";"1";"15";"1";""
"202100016915";"171Â 384";"A01";"0";"10";"0";"9";"3";"1";"1";""
"202100016915";"171Â 385";"B01";"0";"1";"0";"2";"0";"19";"5";""
"202100016916";"171Â 383";"A01";"1";"7";"8";"0";"1";"9";"1";""
"202100016917";"171Â 381";"A01";"1";"50";"0";"2";"1";"19";"3";""
"202100016917";"171Â 382";"B01";"2";"7";"0";"2";"2";"16";"1";""
"202100016918";"171Â 379";"A01";"0";"32";"0";"2";"3";"15";"1";""
"202100016918";"171Â 380";"B01";"0";"1";"0";"0";"0";"0";"5";""
"202100016919";"171Â 378";"A01";"0";"14";"0";"1";"1";"1";"1";""
"202100016920";"171Â 376";"B01";"1";"7";"0";"2";"1";"1";"1";""
"202100016920";"171Â 377";"A01";"1";"7";"0";"2";"3";"9";"1";""
"202100016921";"171Â 374";"A01";"1";"7";"0";"2";"3";"15";"1";""
"202100016921";"171Â 375";"B01";"1";"2";"0";"2";"7";"1";"1";""
"202100016922";"171Â 372";"Z01";"1";"7";"0";"2";"1";"26";"1";""
"202100016922";"171Â 373";"B01";"1";"60";"0";"2";"4";"0";"5";""
"202100016923";"171Â 370";"A01";"1";"7";"0";"2";"1";"1";"1";""
"202100016923";"171Â 371";"B01";"1";"7";"14";"2";"4";"1";"1";""
"202100016924";"171Â 368";"A01";"3";"7";"0";"2";"3";"19";"1";""
"202100016924";"171Â 369";"B01";"1";"7";"0";"2";"2";"1";"1";""
"202100016925";"171Â 367";"A01";"1";"7";"4";"0";"8";"1";"1";""
"202100016926";"171Â 366";"Z01";"0";"7";"0";"1";"8";"1";"0";""
"202100016927";"171Â 365";"A01";"3";"7";"0";"1";"2";"15";"1";""
"202100016928";"171Â 363";"A01";"3";"7";"0";"2";"1";"1";"1";""
"202100016928";"171Â 364";"B01";"3";"1";"0";"2";"7";"1";"5";""
"202100016929";"171Â 361";"B01";"3";"7";"0";"2";"6";"19";"1";""
"202100016929";"171Â 362";"A01";"3";"50";"0";"2";"1";"19";"3";""
"202100016930";"171Â 360";"Z01";"2";"1";"0";"1";"1";"7";"5";""
"202100016931";"171Â 358";"A01";"1";"1";"0";"2";"2";"25";"5";""
"202100016931";"171Â 359";"B01";"1";"7";"0";"2";"3";"1";"1";""
"202100016932";"171Â 357";"A01";"1";"7";"0";"0";"9";"14";"1";""
"202100016933";"171Â 355";"B01";"0";"7";"0";"2";"6";"23";"1";""
"202100016933";"171Â 356";"A01";"3";"32";"0";"2";"1";"2";"1";""
"202100016934";"171Â 353";"A01";"1";"7";"0";"2";"1";"2";"1";""
"202100016934";"171Â 354";"B01";"1";"7";"0";"2";"4";"1";"2";""
"202100016935";"171Â 351";"A01";"3";"7";"0";"2";"1";"1";"1";""
"202100016935";"171Â 352";"B01";"3";"30";"0";"2";"1";"1";"1";""
"202100016936";"171Â 350";"A01";"3";"31";"12";"0";"1";"26";"1";""
"202100016937";"171Â 348";"A01";"2";"7";"0";"2";"5";"15";"1";""
"202100016937";"171Â 349";"B01";"1";"33";"0";"2";"1";"1";"1";""
"202100016938";"171Â 346";"A01";"3";"1";"0";"2";"0";"1";"5";""
"202100016938";"171Â 347";"B01";"3";"7";"0";"2";"3";"15";"1";""
"202100016939";"171Â 344";"Z01";"1";"7";"0";"2";"0";"15";"1";""
"202100016939";"171Â 345";"A01";"2";"7";"0";"2";"3";"1";"1";""
"202100016940";"171Â 342";"B01";"2";"7";"0";"2";"1";"2";"1";""
"202100016940";"171Â 343";"A01";"1";"7";"0";"2";"2";"15";"1";""
"202100016941";"171Â 340";"B01";"1";"60";"0";"2";"7";"0";"5";""
"202100016941";"171Â 341";"A01";"2";"7";"0";"2";"1";"1";"1";""
"202100016942";"171Â 338";"B01";"3";"30";"0";"2";"1";"1";"1";""
"202100016942";"171Â 339";"A01";"3";"7";"0";"2";"2";"1";"1";""
"202100016943";"171Â 337";"A01";"2";"2";"5";"0";"0";"0";"1";""
"202100016944";"171Â 336";"A01";"2";"2";"13";"0";"0";"0";"1";""
"202100016945";"171Â 334";"B01";"2";"10";"0";"2";"4";"1";"1";""
"202100016945";"171Â 335";"A01";"1";"7";"0";"2";"1";"1";"1";""
"202100016946";"171Â 333";"Z01";"0";"7";"0";"1";"1";"0";"0";""
"202100016947";"171Â 331";"A01";"1";"33";"0";"2";"3";"18";"1";""
"202100016947";"171Â 332";"B01";"1";"7";"0";"2";"2";"16";"1";""
"202100016948";"171Â 328";"A01";"2";"17";"0";"2";"2";"9";"1";""
"202100016948";"171Â 329";"B01";"1";"7";"0";"2";"8";"1";"1";""
"202100016948";"171Â 330";"C01";"1";"7";"0";"2";"1";"1";"1";""
"202100016949";"171Â 327";"A01";"0";"10";"1";"0";"3";"15";"0";""
"202100016950";"171Â 326";"A01";"1";"32";"0";"0";"0";"26";"1";""
"202100016951";"171Â 324";"A01";"3";"7";"0";"2";"3";"15";"1";""
"202100016951";"171Â 325";"B01";"3";"33";"0";"2";"3";"1";"1";""
"202100016952";"171Â 323";"A01";"3";"7";"1";"0";"1";"14";"1";""
"202100016953";"171Â 322";"A01";"2";"7";"15";"0";"2";"14";"1";""
"202100016954";"171Â 321";"A01";"0";"7";"0";"2";"1";"1";"0";""
"202100016955";"171Â 319";"B01";"1";"40";"0";"2";"1";"1";"3";""
"202100016955";"171Â 320";"A01";"1";"7";"0";"4";"3";"15";"1";""
"202100016956";"171Â 317";"B01";"2";"80";"0";"2";"8";"1";"3";""
"202100016956";"171Â 318";"A01";"0";"10";"0";"2";"7";"1";"1";""
"202100016957";"171Â 314";"A01";"1";"7";"0";"1";"1";"14";"1";""
"202100016958";"171Â 312";"B01";"3";"7";"0";"2";"1";"24";"1";""
"202100016958";"171Â 313";"A01";"3";"7";"1";"0";"1";"5";"1";""