"Num_Acc";"id_vehicule";"num_veh";"senc";"catv";"obs";"obsm";"choc";"manv";"motor";"occutc"
"202100016959";"171Â 310";"A01";"0";"7";"0";"2";"1";"1";"1";""
"202100016959";"171Â 311";"B01";"0";"7";"0";"2";"4";"1";"1";""
"202100016960";"171Â 307";"B01";"0";"7";"0";"2";"4";"1";"1";""
"202100016960";"171Â 308";"C01";"0";"7";"0";"2";"4";"1";"1";""
"202100016960";"171Â 309";"A01";"0";"7";"0";"2";"1";"1";"1";""
"202100016961";"171Â 306";"A01";"0";"14";"0";"0";"2";"14";"1";""
"202100016962";"171Â 304";"B01";"3";"7";"0";"2";"1";"26";"1";""
"202100016962";"171Â 305";"A01";"3";"1";"0";"2";"8";"26";"5";""
"202100016963";"171Â 303";"A01";"1";"10";"0";"1";"1";"1";"1";""
"202100016964";"171Â 301";"A01";"2";"7";"0";"2";"2";"22";"1";""
"202100016964";"171Â 302";"B01";"2";"1";"1";"0";"1";"26";"5";""
"202100016965";"171Â 299";"B01";"1";"1";"0";"2";"8";"26";"5";""
"202100016965";"171Â 300";"A01";"1";"7";"0";"9";"8";"26";"3";""
"202100016966";"171Â 295";"B01";"2";"1";"0";"2";"8";"1";"0";""
"202100016966";"171Â 296";"A01";"2";"7";"0";"2";"7";"17";"1";""
"202100016967";"171Â 293";"A01";"3";"30";"0";"2";"1";"1";"1";""
"202100016967";"171Â 294";"B01";"3";"7";"0";"2";"7";"0";"1";""
"202100016968";"171Â 291";"B01";"1";"1";"0";"2";"7";"25";"0";""
"202100016968";"171Â 292";"A01";"1";"7";"0";"2";"3";"19";"1";""
"202100016969";"171Â 289";"A01";"1";"7";"0";"2";"3";"13";"1";""
"202100016969";"171Â 290";"B01";"1";"33";"0";"2";"7";"3";"1";""
"202100016970";"171Â 287";"A01";"1";"10";"0";"2";"2";"17";"1";""
"202100016970";"171Â 288";"B01";"1";"7";"0";"2";"3";"11";"1";""
"202100016971";"171Â 284";"A01";"1";"7";"0";"2";"0";"0";"1";""
"202100016971";"171Â 285";"B01";"1";"7";"0";"2";"9";"1";"1";""
"202100016971";"171Â 286";"C01";"1";"7";"0";"2";"4";"1";"1";""
"202100016972";"171Â 282";"B01";"3";"1";"0";"2";"1";"5";"5";""
"202100016972";"171Â 283";"A01";"3";"7";"0";"2";"3";"16";"1";""
"202100016973";"171Â 281";"A01";"1";"7";"0";"0";"0";"26";"1";""
"202100016974";"171Â 279";"A01";"3";"7";"0";"2";"8";"15";"1";""
"202100016974";"171Â 280";"B01";"2";"37";"0";"2";"1";"1";"1";"1"
"202100016975";"171Â 278";"A01";"2";"7";"0";"1";"3";"26";"1";""
"202100016976";"171Â 276";"B01";"1";"33";"2";"2";"1";"11";"1";""
"202100016976";"171Â 277";"A01";"1";"7";"0";"2";"8";"15";"1";""
"202100016977";"171Â 274";"B01";"1";"7";"0";"2";"1";"1";"1";""
"202100016977";"171Â 275";"A01";"2";"7";"0";"2";"1";"15";"1";""
"202100016978";"171Â 272";"B01";"1";"34";"0";"2";"7";"17";"1";""
"202100016978";"171Â 273";"Z01";"1";"7";"0";"2";"3";"15";"1";""
"202100016979";"171Â 270";"A01";"1";"7";"0";"2";"3";"16";"1";""
"202100016979";"171Â 271";"B01";"1";"34";"0";"2";"2";"1";"1";""
"202100016980";"171Â 268";"B01";"1";"7";"0";"2";"7";"19";"1";""
"202100016980";"171Â 269";"Z01";"2";"7";"0";"2";"1";"1";"0";""
"202100016981";"171Â 266";"A01";"2";"7";"0";"2";"2";"19";"1";""
"202100016981";"171Â 267";"B01";"1";"7";"0";"2";"2";"15";"1";""
"202100016982";"171Â 264";"A01";"2";"7";"0";"2";"9";"17";"1";""
"202100016982";"171Â 265";"B01";"1";"7";"0";"2";"1";"1";"1";""
"202100016983";"171Â 262";"Z01";"1";"7";"0";"2";"1";"15";"1";""
"202100016983";"171Â 263";"B01";"1";"31";"0";"2";"4";"15";"0";""
"202100016984";"171Â 261";"A01";"2";"10";"0";"1";"8";"9";"1";""
"202100016985";"171Â 259";"A01";"1";"43";"0";"2";"1";"2";"1";""
"202100016985";"171Â 260";"Y01";"1";"30";"0";"2";"3";"15";"1";""
"202100016986";"171Â 257";"A01";"1";"7";"0";"2";"2";"19";"1";""
"202100016986";"171Â 258";"B01";"1";"34";"0";"2";"1";"1";"1";""
"202100016987";"171Â 256";"Z01";"1";"7";"0";"1";"0";"0";"1";""
"202100016988";"171Â 254";"A01";"1";"7";"0";"2";"0";"13";"1";""
"202100016988";"171Â 255";"B01";"1";"33";"0";"2";"8";"2";"1";""
"202100016989";"171Â 253";"A01";"3";"7";"0";"1";"1";"15";"1";""
"202100016990";"171Â 251";"A01";"3";"7";"0";"2";"1";"1";"1";""
"202100016990";"171Â 252";"B01";"3";"10";"0";"2";"4";"1";"1";""
"202100016991";"171Â 249";"A01";"1";"2";"0";"2";"1";"26";"1";""
"202100016991";"171Â 250";"B01";"1";"7";"0";"0";"4";"1";"1";""
"202100016992";"171Â 247";"B01";"3";"37";"0";"2";"2";"1";"1";"2"
"202100016992";"171Â 248";"A01";"1";"7";"0";"2";"4";"4";"1";""
"202100016993";"171Â 246";"A01";"1";"7";"0";"1";"2";"16";"1";""
"202100016994";"171Â 244";"B01";"3";"7";"0";"2";"4";"2";"1";""
"202100016994";"171Â 245";"A01";"3";"33";"0";"2";"1";"0";"1";""
"202100016995";"171Â 242";"A01";"1";"30";"0";"2";"7";"18";"1";""
"202100016995";"171Â 243";"B01";"1";"7";"0";"2";"7";"14";"1";""
"202100016996";"171Â 241";"A01";"2";"30";"0";"0";"1";"1";"1";""
"202100016997";"171Â 239";"B01";"1";"2";"0";"2";"1";"3";"1";""
"202100016997";"171Â 240";"A01";"1";"7";"0";"2";"1";"1";"1";""
"202100016998";"171Â 237";"A01";"1";"30";"0";"2";"1";"1";"1";""
"202100016998";"171Â 238";"B01";"1";"7";"0";"2";"6";"1";"1";""
"202100016999";"171Â 236";"A01";"2";"30";"12";"0";"1";"14";"1";""
"202100017000";"171Â 234";"A01";"1";"7";"0";"2";"1";"2";"1";""
"202100017000";"171Â 235";"B01";"1";"7";"0";"2";"4";"1";"1";""
"202100017001";"171Â 232";"A01";"1";"43";"0";"2";"3";"13";"1";""
"202100017001";"171Â 233";"B01";"1";"7";"0";"2";"5";"1";"1";""
"202100017002";"171Â 230";"A01";"2";"7";"0";"2";"7";"12";"1";""
"202100017002";"171Â 231";"B01";"2";"31";"0";"2";"8";"3";"1";""
"202100017003";"171Â 228";"A01";"1";"7";"0";"2";"8";"11";"1";""
"202100017003";"171Â 229";"B01";"1";"33";"0";"2";"7";"1";"1";""
"202100017004";"171Â 226";"A01";"2";"7";"0";"2";"1";"2";"1";""
"202100017004";"171Â 227";"B01";"2";"10";"0";"2";"4";"2";"1";""
"202100017005";"171Â 224";"B01";"1";"10";"0";"2";"6";"1";"1";""
"202100017005";"171Â 225";"A01";"1";"33";"0";"2";"1";"12";"1";""
"202100017006";"171Â 222";"A01";"2";"32";"0";"2";"2";"11";"1";""
"202100017006";"171Â 223";"B01";"2";"10";"0";"2";"5";"1";"1";""
"202100017007";"171Â 219";"A01";"1";"7";"0";"2";"1";"2";"1";""
"202100017007";"171Â 220";"B01";"1";"7";"0";"2";"4";"2";"1";""
"202100017007";"171Â 221";"C01";"1";"7";"0";"2";"6";"2";"1";""
"202100017008";"171Â 218";"A01";"2";"33";"3";"0";"1";"21";"1";""
"202100017009";"171Â 216";"A01";"1";"34";"0";"2";"8";"18";"1";""
"202100017009";"171Â 217";"B01";"1";"7";"0";"2";"7";"1";"1";""
"202100017010";"171Â 212";"B01";"1";"32";"0";"2";"6";"3";"1";""
"202100017010";"171Â 213";"C01";"1";"10";"0";"2";"8";"1";"1";""
"202100017010";"171Â 214";"D01";"1";"10";"0";"2";"5";"1";"1";""
"202100017010";"171Â 215";"A01";"1";"7";"0";"2";"2";"12";"1";""
"202100017011";"171Â 210";"Z01";"1";"7";"0";"2";"6";"12";"0";""
"202100017011";"171Â 211";"A01";"1";"33";"0";"2";"2";"3";"1";""
"202100017012";"171Â 207";"C01";"1";"7";"0";"2";"6";"1";"1";""
"202100017012";"171Â 208";"B01";"1";"7";"0";"2";"6";"1";"1";""
"202100017012";"171Â 209";"A01";"1";"7";"0";"2";"2";"11";"1";""
"202100017013";"171Â 205";"B01";"2";"7";"0";"2";"8";"1";"1";""
"202100017013";"171Â 206";"A01";"2";"7";"0";"2";"2";"14";"1";""
"202100017014";"171Â 203";"B01";"2";"7";"0";"2";"4";"1";"1";""
"202100017014";"171Â 204";"A01";"2";"33";"0";"2";"0";"16";"1";""
"202100017015";"171Â 202";"A01";"1";"32";"0";"0";"0";"1";"1";""
"202100017016";"171Â 199";"A01";"2";"31";"0";"2";"1";"15";"1";""
"202100017016";"171Â 200";"B01";"1";"1";"0";"2";"1";"1";"5";""
"202100017017";"171Â 198";"A01";"1";"7";"11";"1";"0";"13";"1";""
"202100017018";"171Â 197";"A01";"3";"30";"12";"0";"7";"14";"1";""
"202100017019";"171Â 196";"Z01";"2";"7";"7";"0";"1";"13";"2";""
"202100017020";"171Â 195";"A01";"2";"1";"0";"0";"1";"1";"5";""
"202100017021";"171Â 193";"B01";"1";"33";"0";"2";"1";"1";"1";""
"202100017021";"171Â 194";"A01";"1";"1";"0";"2";"6";"1";"5";""
"202100017022";"171Â 191";"A01";"1";"33";"0";"2";"0";"9";"1";""
"202100017022";"171Â 192";"B01";"1";"32";"0";"2";"7";"17";"1";""
"202100017023";"171Â 189";"A01";"2";"33";"0";"2";"3";"2";"1";""
"202100017023";"171Â 190";"B01";"2";"7";"0";"2";"5";"23";"1";""
"202100017024";"171Â 188";"A01";"1";"7";"1";"0";"2";"14";"1";""
"202100017025";"171Â 186";"B01";"2";"32";"0";"2";"8";"1";"1";""
"202100017025";"171Â 187";"A01";"1";"7";"0";"2";"2";"15";"1";""
"202100017026";"171Â 184";"A01";"2";"50";"0";"2";"1";"1";"3";""
"202100017026";"171Â 185";"B01";"2";"7";"0";"2";"5";"16";"1";""
"202100017027";"171Â 182";"Z01";"2";"10";"0";"2";"8";"13";"1";""
"202100017027";"171Â 183";"A01";"2";"32";"0";"2";"7";"1";"1";""
"202100017028";"171Â 180";"A01";"2";"10";"0";"2";"2";"16";"1";""
"202100017028";"171Â 181";"B01";"2";"50";"0";"2";"3";"1";"3";""
"202100017029";"171Â 179";"A01";"2";"10";"0";"1";"3";"15";"1";""
"202100017030";"171Â 178";"A01";"0";"7";"0";"1";"4";"4";"1";""
"202100017031";"171Â 176";"B01";"2";"43";"0";"2";"5";"17";"1";""
"202100017031";"171Â 177";"A01";"2";"7";"0";"2";"3";"15";"1";""
"202100017032";"171Â 174";"B01";"1";"30";"0";"2";"1";"17";"1";""
"202100017032";"171Â 175";"A01";"1";"7";"0";"2";"3";"15";"1";""
"202100017033";"171Â 172";"B01";"3";"33";"0";"2";"1";"1";"1";""
"202100017033";"171Â 173";"A01";"3";"7";"0";"2";"7";"1";"1";""
"202100017034";"171Â 171";"A01";"2";"7";"0";"1";"1";"9";"1";""
"202100017035";"171Â 170";"A01";"1";"7";"0";"1";"1";"1";"1";""
"202100017036";"171Â 169";"A01";"2";"7";"0";"1";"2";"1";"1";""
"202100017037";"171Â 168";"A01";"1";"34";"0";"0";"0";"21";"1";""
"202100017038";"171Â 166";"A01";"1";"1";"0";"1";"1";"1";"5";""
"202100017039";"171Â 165";"A01";"1";"33";"0";"0";"0";"17";"1";""
"202100017040";"171Â 164";"A01";"1";"7";"0";"1";"2";"1";"1";""
"202100017041";"171Â 163";"A01";"3";"33";"12";"0";"1";"13";"1";""
"202100017042";"171Â 162";"A01";"1";"7";"0";"1";"1";"15";"1";""
"202100017043";"171Â 160";"A01";"1";"7";"0";"2";"4";"12";"2";""
"202100017043";"171Â 161";"B01";"1";"34";"0";"2";"1";"1";"1";""
"202100017044";"171Â 159";"A01";"2";"1";"0";"1";"1";"1";"5";""
"202100017045";"171Â 157";"B01";"1";"50";"0";"2";"8";"1";"3";""
"202100017045";"171Â 158";"A01";"1";"7";"0";"2";"5";"16";"1";""
"202100017046";"171Â 155";"A01";"1";"33";"0";"2";"5";"13";"1";""
"202100017046";"171Â 156";"B01";"1";"7";"0";"2";"3";"23";"1";""
"202100017047";"171Â 153";"A01";"2";"1";"0";"2";"1";"13";"5";""
"202100017047";"171Â 154";"B01";"1";"50";"0";"2";"1";"1";"3";""
"202100017048";"171Â 152";"A01";"2";"50";"0";"1";"1";"1";"3";""
"202100017049";"171Â 150";"Z01";"2";"15";"0";"2";"5";"14";"0";""
"202100017049";"171Â 151";"A01";"2";"34";"0";"2";"3";"1";"1";""
"202100017050";"171Â 148";"A01";"1";"7";"0";"2";"6";"9";"2";""
"202100017050";"171Â 149";"B01";"2";"30";"0";"2";"2";"1";"1";""
"202100017051";"171Â 146";"A01";"1";"7";"0";"2";"3";"22";"1";""
"202100017051";"171Â 147";"B01";"1";"80";"0";"2";"1";"1";"3";""
"202100017052";"171Â 145";"Z01";"2";"30";"0";"1";"3";"17";"3";""
"202100017053";"171Â 143";"A01";"2";"30";"0";"2";"1";"1";"1";""
"202100017053";"171Â 144";"B01";"2";"7";"0";"2";"2";"1";"1";""
"202100017054";"171Â 142";"A01";"2";"7";"0";"1";"7";"1";"1";""
"202100017055";"171Â 140";"Z01";"1";"2";"0";"2";"1";"8";"3";""
"202100017055";"171Â 141";"A01";"2";"50";"0";"2";"1";"15";"3";""
"202100017056";"171Â 138";"Z01";"2";"1";"0";"2";"5";"19";"5";""
"202100017056";"171Â 139";"A01";"2";"30";"0";"2";"1";"1";"1";""
"202100017057";"171Â 136";"A01";"1";"7";"0";"2";"2";"16";"1";""
"202100017057";"171Â 137";"B01";"1";"50";"0";"2";"1";"1";"3";""
"202100017058";"171Â 134";"A01";"1";"7";"0";"2";"3";"15";"1";""
"202100017058";"171Â 135";"B01";"2";"1";"0";"2";"1";"5";"5";""
"202100017059";"171Â 132";"B01";"3";"1";"0";"2";"1";"1";"5";""
"202100017059";"171Â 133";"A01";"1";"7";"0";"2";"1";"5";"2";""
"202100017060";"171Â 130";"A01";"1";"10";"0";"2";"3";"22";"1";""
"202100017060";"171Â 131";"B01";"1";"1";"0";"2";"1";"1";"5";""
"202100017061";"171Â 129";"Z01";"1";"32";"0";"0";"0";"15";"1";""
"202100017062";"171Â 126";"Z01";"2";"7";"0";"2";"1";"2";"3";""
"202100017062";"171Â 127";"B01";"2";"7";"0";"2";"4";"23";"2";""
"202100017062";"171Â 128";"A01";"2";"7";"0";"2";"4";"23";"1";""
"202100017063";"171Â 124";"B01";"1";"32";"0";"2";"2";"1";"1";""
"202100017063";"171Â 125";"A01";"1";"7";"0";"2";"3";"9";"1";""
"202100017064";"171Â 122";"A01";"1";"30";"0";"2";"5";"17";"3";""
"202100017064";"171Â 123";"Z01";"1";"7";"0";"2";"0";"15";"0";""
"202100017065";"171Â 121";"A01";"2";"10";"0";"1";"4";"4";"1";""
"202100017066";"171Â 119";"B01";"2";"30";"0";"2";"2";"1";"1";""
"202100017066";"171Â 120";"A01";"2";"7";"0";"2";"3";"9";"1";""
"202100017067";"171Â 118";"A01";"2";"1";"0";"1";"1";"1";"5";""
"202100017068";"171Â 117";"A01";"1";"10";"0";"1";"1";"15";"1";""
"202100017069";"171Â 115";"A01";"2";"10";"0";"2";"8";"22";"1";""
"202100017069";"171Â 116";"B01";"2";"1";"0";"2";"1";"1";"5";""
"202100017070";"171Â 113";"B01";"1";"30";"0";"2";"3";"1";"3";""
"202100017070";"171Â 114";"A01";"1";"7";"0";"2";"2";"12";"1";""
"202100017071";"171Â 112";"A01";"1";"7";"11";"0";"3";"13";"1";""
"202100017072";"171Â 111";"A01";"2";"80";"12";"2";"1";"13";"3";""
"202100017073";"171Â 109";"B01";"2";"7";"0";"2";"7";"16";"1";""
"202100017073";"171Â 110";"A01";"2";"31";"0";"2";"1";"1";"1";""
"202100017074";"171Â 107";"A01";"1";"7";"0";"2";"1";"10";"1";""
"202100017074";"171Â 108";"B01";"2";"43";"0";"2";"6";"1";"1";""
"202100017075";"171Â 106";"A01";"1";"80";"0";"1";"3";"1";"3";""
"202100017076";"171Â 104";"A01";"1";"1";"0";"2";"7";"9";"5";""
"202100017076";"171Â 105";"B01";"2";"80";"0";"2";"7";"1";"3";""
"202100017077";"171Â 102";"A01";"2";"1";"0";"2";"0";"1";"5";""
"202100017077";"171Â 103";"Z01";"2";"7";"0";"2";"0";"14";"0";""
"202100017078";"171Â 100";"Z01";"1";"10";"0";"2";"2";"16";"1";""
"202100017078";"171Â 101";"A01";"1";"32";"0";"2";"3";"18";"1";""
"202100017079";"171Â 099";"A01";"1";"10";"0";"1";"3";"15";"1";""
"202100017080";"171Â 098";"A01";"2";"32";"1";"2";"1";"13";"1";""
"202100017081";"171Â 097";"A01";"2";"32";"4";"0";"2";"14";"1";""
"202100017082";"171Â 096";"A01";"1";"1";"0";"1";"1";"1";"5";""
"202100017083";"171Â 094";"B01";"1";"7";"0";"2";"1";"1";"1";""
"202100017083";"171Â 095";"A01";"1";"7";"0";"9";"4";"23";"1";""
"202100017084";"171Â 092";"A01";"2";"7";"0";"2";"3";"20";"1";""
"202100017084";"171Â 093";"B01";"2";"7";"0";"0";"2";"1";"1";""
"202100017085";"171Â 090";"B01";"1";"33";"0";"2";"0";"0";"0";""
"202100017085";"171Â 091";"A01";"2";"10";"0";"2";"0";"0";"0";""
"202100017086";"171Â 088";"A01";"1";"7";"0";"2";"1";"1";"1";""
"202100017086";"171Â 089";"Y01";"3";"60";"0";"2";"1";"19";"5";""
"202100017087";"171Â 086";"A01";"2";"7";"0";"2";"6";"26";"0";""
"202100017087";"171Â 087";"B01";"2";"32";"0";"2";"1";"26";"1";""
"202100017088";"171Â 084";"A01";"2";"10";"0";"2";"6";"10";"1";""
"202100017088";"171Â 085";"B01";"2";"33";"0";"2";"6";"1";"1";""
"202100017089";"171Â 083";"A01";"2";"10";"0";"1";"2";"17";"1";""
"202100017090";"171Â 081";"A01";"1";"10";"0";"2";"7";"15";"1";""
"202100017090";"171Â 082";"B01";"2";"43";"0";"2";"1";"1";"1";""
"202100017091";"171Â 079";"A01";"2";"10";"0";"2";"1";"2";"1";""
"202100017091";"171Â 080";"B01";"2";"43";"0";"2";"8";"2";"1";""
"202100017092";"171Â 077";"B01";"1";"7";"0";"2";"3";"15";"1";""
"202100017092";"171Â 078";"A01";"1";"32";"0";"2";"2";"17";"1";""
"202100017093";"171Â 075";"A01";"1";"30";"0";"2";"6";"18";"1";""
"202100017093";"171Â 076";"B01";"1";"7";"0";"2";"5";"1";"1";""
"202100017094";"171Â 074";"A01";"2";"7";"12";" -1";"2";"1";"1";""
"202100017095";"171Â 072";"A01";"2";"30";"0";"2";"1";"1";"1";""
"202100017095";"171Â 073";"B01";"1";"7";"0";"2";"3";"15";"1";""
"202100017096";"171Â 070";"A01";"1";"7";"0";"2";"2";"17";"1";""
"202100017096";"171Â 071";"B01";"1";"33";"0";"2";"8";"15";"1";""
"202100017097";"171Â 069";"A01";"3";"13";"0";"1";"7";"2";"1";""
"202100017098";"171Â 067";"B01";"2";"37";"0";"2";"1";"2";"6";"1"
"202100017098";"171Â 068";"A01";"2";"33";"14";"2";"1";"17";"1";""
"202100017099";"171Â 066";"A01";"1";"7";"12";"0";"3";"19";"1";""
"202100017100";"171Â 064";"B01";"2";"30";"0";"2";"1";"1";"1";""
"202100017100";"171Â 065";"A01";"1";"7";"0";"2";"1";"15";"1";""
"202100017101";"171Â 062";"B01";"1";"7";"0";"2";"8";"1";"0";""
"202100017101";"171Â 063";"A01";"3";"7";"0";"2";"1";"1";"0";""
"202100017102";"171Â 060";"B01";"3";"7";"0";"2";"1";"2";"1";""
"202100017102";"171Â 061";"A01";"3";"7";"0";"2";"7";"15";"1";""
"202100017103";"171Â 058";"A01";"2";"10";"0";"2";"3";"2";"0";""
"202100017103";"171Â 059";"B01";"2";"1";"0";"2";"4";"2";"5";""
"202100017104";"171Â 057";"A01";"3";"10";"0";"1";"4";"26";"1";""
"202100017105";"171Â 055";"B01";"3";"2";"0";"2";"7";"2";"1";""
"202100017105";"171Â 056";"A01";"2";"7";"0";"2";"6";"15";"1";""
"202100017106";"171Â 053";"B01";"2";"7";"8";"2";"1";"15";"1";""
"202100017106";"171Â 054";"A01";"1";"31";"0";"2";"8";"1";"1";""
"202100017107";"171Â 051";"A01";"1";"7";"0";"2";"7";"1";"1";""
"202100017107";"171Â 052";"B01";"1";"1";"0";"2";"1";"13";"5";""
"202100017108";"171Â 050";"A01";"1";"7";"0";"1";"7";"1";"1";""
"202100017109";"171Â 048";"B01";"2";"7";"0";"2";"0";"2";"1";""
"202100017109";"171Â 049";"A01";"2";"7";"0";"2";"1";"2";"1";""
"202100017110";"171Â 047";"A01";"1";"7";"0";"1";"2";"1";"1";""
"202100017111";"171Â 045";"B01";"2";"34";"0";"2";"7";"1";"1";""
"202100017111";"171Â 046";"A01";"2";"7";"0";"2";"3";"13";"1";""
"202100017112";"171Â 043";"A01";"1";"7";"0";"2";"3";"15";"1";""
"202100017112";"171Â 044";"B01";"2";"1";"0";"2";"8";"0";"5";""
"202100017113";"171Â 041";"B01";"0";"7";"0";"2";"1";"1";"1";""
"202100017113";"171Â 042";"A01";"3";"7";"0";"2";"8";"15";"1";""
"202100017114";"171Â 040";"A01";"0";"7";"0";"1";"2";"26";"1";""
"202100017115";"171Â 039";"A01";"0";"7";"0";"1";"4";"24";"1";""
"202100017116";"171Â 038";"A01";"1";"13";"0";"9";"3";"16";"1";""
"202100017117";"171Â 036";"B01";"3";"7";"0";"2";"1";"15";"1";""
"202100017117";"171Â 037";"A01";"3";"33";"8";"0";"3";"1";"1";""
"202100017118";"171Â 034";"A01";"1";"7";"0";"2";"1";"9";"1";""
"202100017118";"171Â 035";"B01";"2";"7";"0";"2";"8";"1";"1";""
"202100017119";"171Â 033";"A01";"1";"7";"0";"1";"1";"1";"1";""
"202100017120";"171Â 032";"A01";"2";"7";"0";"1";"2";"1";"1";""
"202100017121";"171Â 031";"A01";"2";"7";"0";"1";"3";"1";"1";""
"202100017122";"171Â 029";"B01";"2";"33";"0";"2";"1";"1";"0";""
"202100017122";"171Â 030";"A01";"2";"7";"0";"2";"0";"0";"1";""
"202100017123";"171Â 028";"A01";"1";"7";"0";"1";"1";"15";"1";""
"202100017124";"171Â 027";"A01";"1";"32";"3";"0";"2";"1";"1";""
"202100017125";"171Â 025";"A01";"1";"7";"0";"2";"6";"10";"1";""
"202100017125";"171Â 026";"B01";"1";"50";"0";"2";"1";"1";"3";""
"202100017126";"171Â 024";"A01";"0";"7";"0";"1";"1";"1";"1";""
"202100017127";"171Â 022";"B01";"1";"80";"0";"2";"7";"1";"3";""
"202100017127";"171Â 023";"A01";"1";"13";"3";"0";"7";"26";"1";""
"202100017128";"171Â 020";"B01";"3";"33";"0";"2";"8";"1";"1";""
"202100017128";"171Â 021";"A01";"3";"10";"0";"2";"0";"0";"0";""
"202100017129";"171Â 018";"B01";"1";"30";"0";"2";"1";"1";"1";""
"202100017129";"171Â 019";"A01";"1";"7";"0";"2";"3";"1";"1";""
"202100017130";"171Â 016";"B01";"1";"2";"0";"0";"0";"0";"0";""
"202100017130";"171Â 017";"A01";"0";"7";"0";"0";"1";"15";"1";""
"202100017131";"171Â 014";"A01";"1";"7";"1";"2";"2";"17";"1";""
"202100017131";"171Â 015";"B01";"2";"7";"0";"2";"2";"1";"1";""
"202100017132";"171Â 012";"A01";"1";"7";"0";"2";"3";"9";"1";""
"202100017132";"171Â 013";"B01";"1";"32";"0";"2";"1";"17";"1";""
"202100017133";"171Â 010";"A01";"1";"7";"12";"0";"1";"14";"1";""
"202100017133";"171Â 011";"B01";"1";"31";"12";"0";"8";"2";"1";""
"202100017134";"171Â 009";"A01";"1";"7";"0";"1";"1";"1";"0";""
"202100017135";"171Â 008";"A01";"1";"50";"15";"0";"7";"26";"3";""
"202100017136";"171Â 006";"A01";"3";"34";"0";"2";"3";"26";"0";""
"202100017136";"171Â 007";"B01";"1";"7";"0";"2";"2";"15";"2";""
"202100017137";"171Â 005";"A01";"0";"7";"0";"1";"0";"9";"0";""
"202100017138";"171Â 003";"B01";"3";"1";"0";"2";"4";"11";"0";""
"202100017138";"171Â 004";"A01";"3";"32";"0";"2";"1";"1";"1";""
"202100017139";"171Â 001";"B01";"3";"33";"0";"2";"3";"3";"1";""
"202100017139";"171Â 002";"A01";"3";"10";"0";"2";"5";"1";"1";""
"202100017140";"171Â 000";"A01";"1";"7";"0";"1";"0";"9";"0";""
"202100017141";"170Â 998";"B01";"1";"2";"0";"0";"0";"0";"1";""
"202100017141";"170Â 999";"A01";"1";"7";"0";"2";"2";"14";"1";""
"202100017142";"170Â 996";"B01";"1";"7";"0";"2";"3";"15";"1";""
"202100017142";"170Â 997";"A01";"1";"7";"0";"2";"2";"15";"1";""
"202100017143";"170Â 994";"B01";"1";"1";"0";"9";"7";"26";"5";""
"202100017143";"170Â 995";"A01";"2";"1";"0";"9";"1";"26";"5";""
"202100017144";"170Â 992";"A01";"1";"30";"0";"2";"2";"9";"1";""
"202100017144";"170Â 993";"B01";"1";"7";"0";"2";"2";"9";"1";""
"202100017145";"170Â 990";"A01";"1";"7";"0";"2";"3";"9";"1";""
"202100017145";"170Â 991";"B01";"1";"2";"0";"2";"1";"1";"1";""
"202100017146";"170Â 989";"A01";"1";"7";"0";"1";"1";"26";"1";""
"202100017147";"170Â 988";"A01";"2";"43";"0";"1";"3";"1";"1";""
"202100017148";"170Â 987";"A01";"3";"10";"0";"1";"4";"4";"1";""
"202100017149";"170Â 985";"A01";"1";"30";"0";"2";"1";"1";"1";""
"202100017149";"170Â 986";"B01";"1";"99";"0";"2";"3";"15";"0";""
"202100017150";"170Â 984";"A01";"1";"37";"1";"1";"2";"26";"6";"1"
"202100017151";"170Â 982";"A01";"2";"33";"0";"2";"1";"17";"1";""
"202100017151";"170Â 983";"B01";"2";"7";"0";"2";"4";"15";"1";""
"202100017152";"170Â 981";"A01";"2";"33";"8";"0";"0";"1";"1";""
"202100017153";"170Â 980";"A01";"2";"21";"0";"0";"8";"1";"1";""
"202100017154";"170Â 979";"A01";"1";"3";"13";"0";"2";"1";"1";""
"202100017155";"170Â 977";"A01";"2";"2";"0";"2";"1";"13";"1";""
"202100017155";"170Â 978";"B01";"1";"10";"0";"2";"2";"1";"1";""
"202100017156";"170Â 976";"A01";"1";"7";"7";"0";"3";"13";"1";""
"202100017157";"170Â 975";"A01";"1";"31";"14";"0";"1";"1";"1";""
"202100017158";"170Â 971";"A01";"1";"33";"0";"2";"1";"13";"1";""
"202100017158";"170Â 972";"B01";"2";"7";"0";"9";"8";"1";"1";""
"202100017159";"170Â 969";"A01";"1";"7";"1";"0";"1";"14";"1";""
"202100017159";"170Â 970";"B01";"1";"13";"1";"2";"4";"24";"1";""
"202100017160";"170Â 968";"A01";"2";"33";"13";"0";"1";"13";"1";""
"202100017161";"170Â 966";"A01";"3";"7";"0";"2";"2";"15";"1";""
"202100017161";"170Â 967";"B01";"1";"7";"0";"2";"3";"1";"1";""
"202100017162";"170Â 964";"A01";"1";"7";"0";"2";"1";"2";"1";""
"202100017162";"170Â 965";"B01";"1";"2";"0";"2";"4";"23";"1";""
"202100017163";"170Â 960";"A01";"2";"7";"0";"0";"7";"15";"1";""
"202100017163";"170Â 961";"B01";"2";"34";"0";"2";"8";"1";"1";""
"202100017164";"170Â 958";"B01";"1";"1";"0";"2";"8";"1";"5";""
"202100017164";"170Â 959";"A01";"1";"7";"0";"2";"7";"21";"1";""
"202100017165";"170Â 957";"A01";"2";"7";"3";"0";"2";"1";"1";""