"Num_Acc";"id_vehicule";"num_veh";"senc";"catv";"obs";"obsm";"choc";"manv";"motor";"occutc"
"202100017166";"170Â 955";"A01";"1";"7";"0";"2";"3";"15";"1";""
"202100017166";"170Â 956";"B01";"2";"10";"0";"2";"3";"1";"1";""
"202100017167";"170Â 953";"A01";"1";"33";"0";"2";"3";"1";"1";""
"202100017167";"170Â 954";"B01";"2";"7";"0";"2";"3";"17";"1";""
"202100017168";"170Â 944";"A01";"2";"7";"0";"2";"2";"17";"1";""
"202100017168";"170Â 945";"B01";"1";"1";"0";"2";"1";"1";"5";""
"202100017168";"170Â 946";"C01";"1";"1";"0";"0";"0";"1";"5";""
"202100017168";"170Â 947";"D01";"1";"1";"0";"0";"0";"1";"5";""
"202100017168";"170Â 948";"E01";"1";"1";"0";"2";"1";"1";"5";""
"202100017168";"170Â 949";"F01";"1";"1";"0";"0";"0";"1";"5";""
"202100017168";"170Â 950";"G01";"1";"1";"0";"0";"0";"1";"5";""
"202100017168";"170Â 951";"H01";"1";"1";"0";"0";"0";"1";"5";""
"202100017168";"170Â 952";"I01";"2";"7";"0";"0";"0";"1";"1";""
"202100017169";"170Â 943";"A01";"2";"7";"3";"0";"7";"1";"1";""
"202100017170";"170Â 942";"A01";"3";"33";"0";"0";"2";"1";"1";""
"202100017171";"170Â 941";"A01";"1";"2";"8";"0";"1";"1";"1";""
"202100017172";"170Â 939";"B01";"2";"14";"0";"2";"0";"1";" -1";""
"202100017172";"170Â 940";"A01";"1";"2";"0";"2";"3";"1";"1";""
"202100017173";"170Â 937";"A01";"2";"0";"0";"0";"0";"2";"0";""
"202100017174";"170Â 935";"B01";"1";"7";"0";"2";"8";"15";"1";""
"202100017174";"170Â 936";"A01";"1";"33";"0";"2";"7";"17";"1";""
"202100017175";"170Â 933";"B01";"3";"7";"0";"2";"2";"15";"1";""
"202100017175";"170Â 934";"A01";"1";"34";"0";"2";"1";"1";"1";""
"202100017176";"170Â 932";"A01";"2";"2";"0";"0";"3";"2";"1";""
"202100017177";"170Â 931";"A01";"1";"7";"8";"0";"7";"1";"1";""
"202100017178";"170Â 929";"A01";"1";"7";"0";"2";"1";"13";"1";""
"202100017178";"170Â 930";"B01";"2";"2";"0";"2";"1";"1";"1";""
"202100017179";"170Â 927";"A01";"1";"7";"0";"2";"3";"1";"1";""
"202100017179";"170Â 928";"B01";"1";"7";"0";"0";"6";"9";"1";""
"202100017180";"170Â 925";"A01";"3";"2";"14";"2";"8";"1";"1";""
"202100017181";"170Â 924";"A01";"3";"7";"0";"1";"2";"1";"1";""
"202100017182";"170Â 922";"A01";"0";"7";"0";"9";"3";"9";"0";""
"202100017182";"170Â 923";"B01";"0";"2";"0";"2";"2";"1";"1";""
"202100017183";"170Â 920";"B01";"2";"7";"0";"2";"6";"1";"1";""
"202100017183";"170Â 921";"A01";"1";"33";"0";"2";"8";"13";"1";""
"202100017184";"170Â 918";"A01";"2";"10";"0";"2";"2";"17";"1";""
"202100017184";"170Â 919";"B01";"2";"21";"0";"2";"6";"26";"1";""
"202100017185";"170Â 917";"A01";"3";"21";"0";"0";"7";"1";"1";""
"202100017186";"170Â 913";"D01";"2";"7";"0";"2";"8";"1";"3";""
"202100017186";"170Â 914";"C01";"2";"7";"0";"2";"1";"1";"1";""
"202100017186";"170Â 915";"B01";"1";"7";"0";"2";"3";"1";"1";""
"202100017186";"170Â 916";"A01";"2";"7";"0";"2";"3";"17";"1";""
"202100017187";"170Â 911";"A01";"1";"7";"0";"2";"8";"15";"0";""
"202100017187";"170Â 912";"B01";"1";"33";"0";"2";"9";"17";"1";""
"202100017188";"170Â 910";"A01";"2";"7";"4";"0";"2";"0";"1";""
"202100017189";"170Â 908";"B01";"2";"7";"0";"2";"1";"1";"1";""
"202100017189";"170Â 909";"A01";"1";"7";"0";"2";"1";"1";"1";""
"202100017190";"170Â 907";"A01";"1";"7";"8";"0";"2";"14";"1";""
"202100017191";"170Â 905";"A01";"3";"7";"0";"2";"6";"19";"1";""
"202100017191";"170Â 906";"B01";"3";"2";"0";"2";"1";"1";"1";""
"202100017192";"170Â 903";"B01";"2";"1";"0";"2";"8";"1";"5";""
"202100017192";"170Â 904";"A01";"1";"7";"0";"9";"1";"1";"1";""
"202100017193";"170Â 902";"A01";"2";"10";"0";"1";"3";"1";"1";""
"202100017194";"170Â 900";"B01";"2";"7";"0";"2";"3";"1";"1";""
"202100017194";"170Â 901";"A01";"1";"7";"0";"2";"3";"1";"1";""
"202100017195";"170Â 899";"A01";"1";"10";"0";"6";"2";"1";"1";""
"202100017196";"170Â 897";"B01";"3";"21";"0";"2";"6";"1";"1";""
"202100017196";"170Â 898";"A01";"3";"2";"0";"2";"1";"16";"1";""
"202100017197";"170Â 896";"A01";"3";"7";"2";"0";"1";"1";"1";""
"202100017198";"170Â 895";"A01";"1";"7";"6";"0";"1";"1";"1";""
"202100017199";"170Â 891";"B01";"1";"7";"0";"2";"3";"1";"1";""
"202100017199";"170Â 892";"A01";"2";"7";"0";"2";"3";"17";"1";""
"202100017200";"170Â 890";"A01";"2";"7";"13";"0";"1";"13";"1";""
"202100017201";"170Â 889";"A01";"1";"7";"13";"0";"1";"13";"1";""
"202100017202";"170Â 888";"A01";"1";"7";"13";"0";"1";"14";"1";""
"202100017203";"170Â 886";"B01";"1";"99";"0";"0";"4";"2";"5";""
"202100017203";"170Â 887";"A01";"0";"7";"0";"9";"2";"2";"1";""
"202100017204";"170Â 885";"A01";"2";"10";"0";"1";"1";"1";"1";""
"202100017205";"170Â 884";"A01";"1";"7";"6";"0";"1";"1";"1";""
"202100017206";"170Â 883";"A01";"1";"7";"0";"0";"1";"14";"1";""
"202100017207";"170Â 881";"B01";"2";"7";"0";"2";"8";"15";"1";""
"202100017207";"170Â 882";"A01";"1";"7";"0";"2";"3";"1";"1";""
"202100017208";"170Â 880";"A01";"1";"2";"0";"0";"0";"1";"1";""
"202100017209";"170Â 879";"A01";"3";"7";"0";"1";"6";"1";"1";""
"202100017210";"170Â 878";"A01";"3";"7";"2";"0";"1";"13";"1";""
"202100017211";"170Â 877";"A01";"2";"7";"2";"0";"2";"13";"1";""
"202100017212";"170Â 876";"A01";"1";"33";"9";"0";"3";"14";"1";""
"202100017213";"170Â 874";"B01";"2";"7";"0";"2";"3";"1";"1";""
"202100017213";"170Â 875";"A01";"1";"7";"0";"2";"3";"13";"1";""
"202100017214";"170Â 873";"A01";"1";"7";"0";"1";"3";"1";"1";""
"202100017215";"170Â 872";"A01";"3";"7";"2";"0";"3";"14";"1";""
"202100017216";"170Â 871";"A01";"3";"7";"13";"0";"1";"1";"1";""
"202100017217";"170Â 870";"A01";"3";"7";"13";"0";"2";"14";"1";""
"202100017218";"170Â 869";"A01";"1";"33";"0";"0";"9";"2";"1";""
"202100017219";"170Â 868";"A01";"1";"7";"0";"1";"1";"1";"1";""
"202100017220";"170Â 867";"A01";"0";"2";"0";"0";"7";"1";"1";""
"202100017221";"170Â 866";"A01";"2";"7";"0";"1";"2";"1";"1";""
"202100017222";"170Â 864";"B01";"1";"2";"0";"2";"1";"1";"1";""
"202100017222";"170Â 865";"A01";"2";"10";"0";"2";"2";"1";"1";""
"202100017223";"170Â 862";"A01";"2";"7";"0";"2";"6";"15";"1";""
"202100017223";"170Â 863";"B01";"1";"2";"0";"2";"1";"9";"1";""
"202100017224";"170Â 858";"B01";"3";"80";"0";"2";"3";"1";"3";""
"202100017224";"170Â 859";"A01";"3";"7";"0";"2";"3";"1";"1";""
"202100017225";"170Â 856";"A01";"3";"2";"0";"2";"1";"1";"1";""
"202100017225";"170Â 857";"B01";"3";"10";"0";"2";"7";"15";"1";""
"202100017226";"170Â 854";"B01";"1";"80";"0";"2";"2";"1";"3";""
"202100017226";"170Â 855";"E01";"1";"7";"0";"2";"3";"9";"1";""
"202100017227";"170Â 852";"A01";"1";"1";"0";"2";"7";"1";"5";""
"202100017227";"170Â 853";"B01";"2";"7";"0";"2";"1";"1";"1";""
"202100017228";"170Â 851";"A01";"1";"7";"7";"0";"0";"1";"1";""
"202100017229";"170Â 849";"A01";"1";"7";"0";"2";"1";"15";"1";""
"202100017229";"170Â 850";"B01";"2";"2";"0";"2";"8";"2";"1";""
"202100017230";"170Â 847";"A01";"3";"7";"12";"0";"3";"15";"1";""
"202100017230";"170Â 848";"B01";"2";"7";"8";"0";"2";"1";"1";""
"202100017231";"170Â 846";"A01";"1";"30";"0";"6";"2";"1";"1";""
"202100017232";"170Â 844";"B01";"0";"7";"0";"2";"3";"9";"0";""
"202100017232";"170Â 845";"A01";"1";"33";"0";"2";"2";"17";"1";""
"202100017233";"170Â 842";"B01";"2";"7";"0";"2";"1";"1";"1";""
"202100017233";"170Â 843";"A01";"1";"7";"0";"2";"0";"13";"1";""
"202100017234";"170Â 841";"A01";"1";"31";"0";"0";"1";"13";"1";""
"202100017235";"170Â 838";"B01";"2";"7";"8";"2";"2";"5";"1";""
"202100017235";"170Â 839";"A01";"1";"7";"0";"2";"1";"1";"1";""
"202100017236";"170Â 836";"A01";"3";"21";"0";"2";"7";"15";"1";""
"202100017236";"170Â 837";"B01";"2";"7";"0";"2";"1";"1";"1";""
"202100017237";"170Â 835";"A01";"0";"80";"0";"0";"0";"0";"3";""
"202100017238";"170Â 834";"A01";"2";"7";"13";"0";"9";"1";"1";""
"202100017239";"170Â 832";"A01";"1";"7";"0";"0";"3";"1";"1";""
"202100017239";"170Â 833";"B01";"3";"21";"0";"0";"3";"19";"0";""
"202100017240";"170Â 831";"A01";"2";"31";"8";"0";"2";"1";"1";""
"202100017241";"170Â 829";"B01";"2";"21";"0";"2";"6";"1";"1";""
"202100017241";"170Â 830";"A01";"1";"33";"0";"2";"0";"13";"1";""
"202100017242";"170Â 827";"B01";"3";"80";"0";"2";"1";"1";"3";""
"202100017242";"170Â 828";"A01";"3";"10";"0";"2";"3";"9";"1";""
"202100017243";"170Â 826";"A01";"2";"7";"16";"0";"0";"0";"1";""
"202100017244";"170Â 824";"A01";"1";"7";"0";"0";"6";"19";"1";""
"202100017244";"170Â 825";"B01";"1";"7";"0";"2";"1";"1";"1";""
"202100017245";"170Â 823";"A01";"0";"3";"0";"1";"0";"26";"3";""
"202100017246";"170Â 822";"A01";"2";"31";"0";"5";"1";"1";"1";""
"202100017247";"170Â 821";"A01";"3";"1";"0";"0";"0";"0";"0";""
"202100017248";"170Â 820";"A01";"2";"33";"13";"0";"1";"1";"1";""
"202100017249";"170Â 819";"A01";"1";"7";"2";"0";"1";"1";"2";""
"202100017250";"170Â 818";"A01";"1";"7";"5";"0";"2";"21";"1";""
"202100017251";"170Â 817";"A01";"0";"2";"0";"6";"1";"1";"1";""
"202100017252";"170Â 815";"A01";"1";"10";"0";"2";"1";"1";"1";""
"202100017252";"170Â 816";"B01";"3";"7";"0";"2";"8";"9";"1";""
"202100017253";"170Â 810";"A01";"3";"7";"0";"4";"7";"1";"1";""
"202100017253";"170Â 811";"B01";"3";"39";"0";"2";"1";"1";"3";""
"202100017254";"170Â 808";"B01";"2";"7";"0";"2";"1";"1";"0";""
"202100017254";"170Â 809";"A01";"2";"7";"0";"0";"8";"19";"0";""
"202100017255";"170Â 806";"A01";"2";"10";"0";"2";"2";"2";"1";""
"202100017255";"170Â 807";"B01";"2";"33";"0";"0";"4";"2";"1";""
"202100017256";"170Â 805";"A01";"1";"33";"0";"0";"7";"1";"1";""
"202100017257";"170Â 802";"C01";"1";"1";"0";"9";"1";"2";"0";""
"202100017257";"170Â 803";"B01";"1";"1";"0";"2";"8";"2";"0";""
"202100017257";"170Â 804";"A01";"1";"99";"0";"9";"5";"2";"0";""
"202100017258";"170Â 801";"A01";"2";"7";"13";"0";"3";"1";"1";""
"202100017259";"170Â 799";"B01";"2";"7";"7";"2";"3";"1";"1";""
"202100017259";"170Â 800";"A01";"1";"7";"0";"2";"3";"19";"1";""
"202100017260";"170Â 798";"A01";"2";"7";"0";"0";"0";"1";"1";""
"202100017261";"170Â 796";"A01";"1";"0";"0";"2";"0";"2";"0";""
"202100017261";"170Â 797";"B01";"1";"1";"0";"2";"4";"1";"5";""
"202100017262";"170Â 794";"A01";"1";"7";"0";"2";"1";"0";"1";""
"202100017262";"170Â 795";"B01";"2";"7";"0";"2";"3";"1";"1";""
"202100017263";"170Â 793";"A01";"1";"33";"3";"0";"1";"17";"1";""
"202100017264";"170Â 792";"A01";"1";"31";"2";"0";"3";"1";"1";""
"202100017265";"170Â 791";"A01";"2";"7";"2";"0";"1";"1";"1";""
"202100017266";"170Â 790";"A01";"2";"7";"0";"1";"1";"0";"1";""
"202100017267";"170Â 788";"B01";"3";"7";"0";"2";"8";"1";"1";""
"202100017267";"170Â 789";"A01";"3";"10";"0";"2";"2";"9";"1";""
"202100017268";"170Â 786";"B01";"2";"10";"9";"2";"3";"14";"1";""
"202100017268";"170Â 787";"A01";"1";"7";"0";"2";"3";"17";"1";""
"202100017269";"170Â 785";"A01";"2";"7";"13";"0";"1";"1";"1";""
"202100017270";"170Â 784";"A01";"1";"7";"0";"0";"0";"5";"1";""
"202100017271";"170Â 783";"A01";"1";"7";"0";"0";"9";"1";"1";""
"202100017272";"170Â 781";"B01";"2";"33";"0";"2";"2";"21";"1";""
"202100017272";"170Â 782";"A01";"1";"21";"0";"2";"8";"26";"1";""
"202100017273";"170Â 779";"B01";"1";"33";"0";"2";"1";"1";"1";""
"202100017273";"170Â 780";"A01";"2";"7";"0";"2";"5";"15";"1";""
"202100017274";"170Â 777";"A01";"2";"33";"0";"2";"1";"13";"1";""
"202100017274";"170Â 778";"B01";"1";"33";"0";"2";"3";"13";"1";""
"202100017275";"170Â 776";"A01";"1";"7";"13";"0";"1";"14";"1";""
"202100017276";"170Â 774";"A01";"1";"2";"0";"2";"2";"1";"1";""
"202100017276";"170Â 775";"B01";"2";"7";"0";"2";"3";"0";"1";""
"202100017277";"170Â 770";"A01";"1";"7";"0";"2";"2";"1";"1";""
"202100017277";"170Â 771";"B01";"1";"7";"0";"2";"6";"1";"1";""
"202100017278";"170Â 769";"B01";"0";"7";"0";"9";"0";"0";"0";""
"202100017279";"170Â 766";"C01";"2";"7";"0";"0";"3";"2";"1";""
"202100017279";"170Â 767";"B01";"2";"7";"0";"2";"2";"1";"1";""
"202100017279";"170Â 768";"A01";"1";"7";"0";"2";"2";"1";"1";""
"202100017280";"170Â 764";"A01";"2";"7";"0";"2";"1";"2";"1";""
"202100017280";"170Â 765";"B01";"2";"7";"3";"2";"4";"2";"1";""
"202100017281";"170Â 762";"B01";"2";"33";"4";"0";"3";"2";"1";""
"202100017281";"170Â 763";"A01";"2";"33";"4";"0";"0";"2";"1";""
"202100017282";"170Â 760";"B01";"2";"37";"0";"2";"3";"5";"1";"1"
"202100017282";"170Â 761";"A01";"1";"7";"0";"2";"3";"5";"1";""
"202100017283";"170Â 759";"A01";"2";"7";"13";"0";"3";"1";"1";""
"202100017284";"170Â 756";"A01";"2";"7";"0";"2";"1";"2";"1";""
"202100017284";"170Â 757";"B01";"2";"7";"0";"2";"4";"2";"1";""
"202100017284";"170Â 758";"C01";"2";"7";"0";"2";"4";"2";"1";""
"202100017285";"170Â 754";"A01";"2";"7";"0";"2";"1";"13";"0";""
"202100017285";"170Â 755";"B01";"1";"15";"0";"2";"1";"1";"1";""
"202100017286";"170Â 752";"A01";"2";"14";"0";"2";"7";"19";"1";""
"202100017286";"170Â 753";"B01";"2";"33";"0";"2";"1";"1";"1";""
"202100017287";"170Â 751";"A01";"2";"7";"13";"0";"8";"17";"1";""
"202100017288";"170Â 750";"A01";"0";"7";"6";"1";"1";"15";"1";""
"202100017289";"170Â 747";"A01";"2";"7";"0";"2";"1";"2";"1";""
"202100017289";"170Â 748";"B01";"2";"7";"0";"2";"4";"2";"1";""
"202100017289";"170Â 749";"C01";"2";"7";"0";"0";"4";"2";"1";""
"202100017290";"170Â 745";"B01";"2";"2";"0";"2";"1";"17";"1";""
"202100017290";"170Â 746";"A01";"2";"7";"0";"0";"3";"15";"1";""
"202100017291";"170Â 743";"B01";"3";"7";"0";"2";"6";"1";"1";""
"202100017291";"170Â 744";"A01";"3";"30";"0";"2";"1";"13";"1";""
"202100017292";"170Â 741";"B01";"0";"7";"0";"2";"2";"1";"1";""
"202100017292";"170Â 742";"A01";"0";"2";"0";"2";"1";"13";"1";""
"202100017293";"170Â 739";"A01";"1";"7";"0";"2";"2";"13";"1";""
"202100017293";"170Â 740";"B01";"1";"2";"0";"2";"1";"1";"1";""
"202100017294";"170Â 737";"B01";"2";"32";"0";"2";"3";"23";"1";""
"202100017294";"170Â 738";"A01";"2";"7";"0";"2";"2";"14";"1";""
"202100017295";"170Â 735";"A01";"2";"7";"0";"0";"6";"15";"1";""
"202100017295";"170Â 736";"B01";"1";"33";"0";"2";"1";"17";"1";""
"202100017296";"170Â 734";"A01";"1";"7";"8";"0";"9";"1";"0";""
"202100017297";"170Â 733";"A01";"1";"7";"0";"0";"9";"1";"1";""
"202100017298";"170Â 731";"A01";"1";"43";"0";"2";"4";"1";"1";""
"202100017298";"170Â 732";"B01";"1";"7";"3";"2";"1";"0";"1";""
"202100017299";"170Â 729";"A01";"3";"7";"0";"2";"3";"5";"1";""
"202100017299";"170Â 730";"B01";"3";"7";"0";"2";"3";"1";"1";""
"202100017300";"170Â 727";"A01";"1";"7";"0";"2";"3";"13";"1";""
"202100017300";"170Â 728";"B01";"2";"7";"0";"2";"3";"1";"1";""
"202100017301";"170Â 725";"A01";"1";"7";"0";"2";"1";"2";"1";""
"202100017301";"170Â 726";"B01";"1";"31";"0";"2";"4";"2";"1";""
"202100017302";"170Â 723";"B01";"1";"10";"0";"2";"3";"1";"1";""
"202100017302";"170Â 724";"A01";"2";"2";"0";"2";"1";"1";"1";""
"202100017303";"170Â 722";"A01";"1";"7";"15";"0";"1";"14";"1";""
"202100017304";"170Â 721";"A01";"2";"33";"10";"0";"1";"1";"1";""
"202100017305";"170Â 719";"A01";"2";"33";"0";"2";"0";"0";"1";""
"202100017305";"170Â 720";"B01";"0";"99";"0";"2";"0";"19";"0";""
"202100017306";"170Â 718";"A01";"2";"33";"2";"0";"3";"1";"1";""
"202100017307";"170Â 716";"A01";"1";"7";"0";"2";"2";"17";"1";""
"202100017307";"170Â 717";"B01";"2";"7";"0";"2";"2";"1";"1";""
"202100017308";"170Â 713";"C01";"1";"7";"0";"2";"1";"1";"1";""
"202100017308";"170Â 714";"B01";"1";"14";"0";"2";"8";"1";"1";""
"202100017308";"170Â 715";"A01";"2";"7";"0";"2";"1";"1";"1";""
"202100017309";"170Â 711";"B01";"1";"7";"0";"2";"1";"1";"1";""
"202100017309";"170Â 712";"A01";"2";"7";"0";"2";"7";"15";"1";""
"202100017310";"170Â 709";"A01";"1";"7";"0";"2";"8";"19";"1";""
"202100017310";"170Â 710";"B01";"1";"7";"0";"2";"1";"1";"1";""
"202100017311";"170Â 708";"A01";"1";"7";"3";"0";"1";"14";"1";""
"202100017312";"170Â 704";"A01";"1";"7";"0";"2";"3";"13";"1";""
"202100017312";"170Â 705";"B01";"2";"7";"0";"2";"0";"0";"1";""
"202100017312";"170Â 706";"C01";"2";"7";"0";"2";"1";"0";"1";""
"202100017312";"170Â 707";"D01";"1";"7";"1";"0";"8";"0";"1";""
"202100017313";"170Â 703";"A01";"2";"33";"0";"0";"8";"1";"1";""
"202100017314";"170Â 702";"A01";"2";"31";"12";"0";"0";"1";"1";""
"202100017315";"170Â 700";"B01";"2";"7";"0";"0";"6";"17";"1";""
"202100017315";"170Â 701";"A01";"2";"33";"2";"2";"1";"17";"1";""
"202100017316";"170Â 699";"A01";"1";"7";"0";"1";"2";"2";"1";""
"202100017317";"170Â 698";"A01";"1";"7";"2";"0";"1";"1";"1";""
"202100017318";"170Â 697";"A01";"0";"7";"0";"1";"1";"26";"0";""
"202100017319";"170Â 693";"B01";"1";"1";"0";"2";"7";"1";"5";""
"202100017319";"170Â 694";"A01";"2";"7";"0";"9";"2";"15";"1";""
"202100017320";"170Â 692";"A01";"3";"2";"0";"0";"0";"26";"1";""
"202100017321";"170Â 690";"B01";"0";"7";"0";"2";"2";"1";"1";""
"202100017321";"170Â 691";"A01";"3";"7";"0";"2";"3";"1";"1";""
"202100017322";"170Â 688";"B01";"1";"7";"0";"0";"8";"1";"1";""
"202100017322";"170Â 689";"A01";"1";"7";"0";"2";"1";"19";"1";""
"202100017323";"170Â 686";"A01";"1";"7";"0";"2";"3";"1";"1";""
"202100017323";"170Â 687";"B01";"2";"7";"0";"2";"2";"15";"1";""
"202100017324";"170Â 682";"A01";"1";"7";"0";"2";"8";"19";"1";""
"202100017324";"170Â 683";"B01";"2";"33";"0";"2";"1";"1";"1";""
"202100017325";"170Â 680";"A01";"3";"7";"0";"9";"3";"1";"1";""
"202100017325";"170Â 681";"B01";"3";"1";"0";"2";"1";"19";"5";""
"202100017326";"170Â 679";"A01";"2";"7";"13";"0";"1";"17";"1";""
"202100017327";"170Â 678";"A01";"2";"7";"0";"1";"2";"1";"1";""
"202100017328";"170Â 676";"B01";"1";"7";"0";"2";"1";"17";"1";""
"202100017328";"170Â 677";"A01";"2";"33";"0";"2";"1";"1";"1";""
"202100017329";"170Â 674";"A01";"1";"7";"13";"0";"3";"0";"1";""
"202100017329";"170Â 675";"B01";"1";"10";"13";"0";"5";"0";"0";""
"202100017330";"170Â 672";"B01";"2";"15";"0";"2";"1";"1";"1";""
"202100017330";"170Â 673";"A01";"2";"10";"0";"0";"4";"15";"1";""
"202100017331";"170Â 671";"B01";"1";"7";"0";"0";"2";"1";"1";""
"202100017332";"170Â 670";"A01";"1";"7";"6";"0";"1";"1";"1";""
"202100017333";"170Â 669";"A01";"2";"7";"8";"0";"9";"13";"1";""
"202100017334";"170Â 668";"A01";"0";"7";"0";"1";"2";"1";"1";""
"202100017335";"170Â 666";"B01";"2";"7";"0";"2";"3";"13";"1";""
"202100017335";"170Â 667";"A01";"2";"7";"0";"2";"6";"13";"1";""
"202100017336";"170Â 664";"B01";"3";"7";"0";"2";"6";"2";"1";""
"202100017336";"170Â 665";"A01";"3";"2";"0";"2";"1";"9";"1";""
"202100017337";"170Â 660";"C01";"1";"1";"0";"0";"0";"1";"5";""
"202100017337";"170Â 661";"A01";"1";"1";"0";"9";"0";"1";"5";""
"202100017337";"170Â 662";"B01";"1";"1";"0";"0";"0";"1";"5";""
"202100017337";"170Â 663";"D01";"1";"1";"0";"0";"0";"1";"5";""
"202100017338";"170Â 658";"A01";"2";"33";"0";"2";"3";"13";"1";""
"202100017338";"170Â 659";"B01";"1";"7";"0";"2";"0";"1";"1";""
"202100017339";"170Â 654";"A01";"1";"7";"0";"2";"5";"26";"1";""
"202100017339";"170Â 655";"B01";"1";"33";"0";"2";"1";"1";"1";""
"202100017340";"170Â 652";"A01";"1";"2";"0";"2";"7";"17";"1";""
"202100017340";"170Â 653";"B01";"1";"7";"0";"2";"3";"15";"2";""
"202100017341";"170Â 650";"B01";"0";"1";"0";"2";"1";"16";"5";""
"202100017341";"170Â 651";"A01";"3";"7";"0";"9";"2";"1";"1";""
"202100017342";"170Â 649";"A01";"1";"7";"4";"0";"6";"1";"1";""
"202100017343";"170Â 647";"B01";"2";"7";"0";"2";"1";"2";"1";""
"202100017343";"170Â 648";"A01";"2";"7";"0";"2";"4";"2";"1";""
"202100017344";"170Â 645";"A01";"2";"10";"14";"0";"8";"12";"1";""
"202100017344";"170Â 646";"C01";"2";"10";"0";"2";"4";"1";"1";""
"202100017345";"170Â 643";"B01";"1";"7";"0";"2";"1";"14";"1";""
"202100017345";"170Â 644";"A01";"1";"10";"0";"2";"6";"26";"1";""
"202100017346";"170Â 642";"A01";"1";"7";"7";"0";"1";"1";"1";""
"202100017347";"170Â 638";"D01";"2";"7";"0";"2";"1";"1";"2";""
"202100017347";"170Â 639";"A01";"2";"15";"1";"2";"1";"1";"1";""
"202100017347";"170Â 640";"B01";"2";"7";"0";"2";"4";"23";"1";""
"202100017347";"170Â 641";"C01";"2";"7";"0";"2";"5";"17";"1";""
"202100017348";"170Â 636";"B01";"2";"7";"0";"2";"4";"1";"1";""
"202100017348";"170Â 637";"Z01";"2";"7";"0";"2";"0";"0";"0";""
"202100017349";"170Â 634";"A01";"1";"33";"0";"2";"1";"3";"1";""
"202100017349";"170Â 635";"B01";"1";"7";"0";"2";"5";"1";"1";""
"202100017350";"170Â 632";"B01";"2";"7";"0";"2";"4";"2";"1";""
"202100017350";"170Â 633";"A01";"2";"7";"0";"2";"1";"2";"1";""
"202100017351";"170Â 630";"A01";"2";"32";"4";"0";"0";"13";"1";""
"202100017351";"170Â 631";"B01";"2";"7";"0";"9";"3";"1";"1";""
"202100017352";"170Â 628";"Z01";"2";"7";"0";"2";"1";"26";"1";""
"202100017352";"170Â 629";"A01";"2";"33";"0";"2";"8";"15";"1";""
"202100017353";"170Â 626";"A01";"1";"13";"0";"2";"5";"12";"1";""
"202100017353";"170Â 627";"B01";"1";"10";"4";"2";"6";"1";"1";""
"202100017354";"170Â 623";"A01";"2";"7";"0";"2";"1";"2";"1";""
"202100017354";"170Â 624";"B01";"2";"7";"0";"2";"5";"2";"1";""
"202100017354";"170Â 625";"C01";"2";"7";"0";"2";"4";"2";"1";""
"202100017355";"170Â 621";"B01";"1";"17";"0";"2";"4";"2";"1";""
"202100017355";"170Â 622";"A01";"1";"10";"0";"2";"1";"2";"1";""
"202100017356";"170Â 618";"C01";"1";"7";"0";"2";"1";"2";"1";""
"202100017356";"170Â 619";"B01";"1";"99";"0";"2";"1";"2";"1";""
"202100017356";"170Â 620";"A01";"1";"99";"0";"2";"4";"2";"1";""
"202100017357";"170Â 616";"A01";"1";"7";"3";"2";"1";"12";"2";""
"202100017357";"170Â 617";"B01";"1";"10";"0";"2";"3";"1";"1";""
"202100017358";"170Â 614";"A01";"1";"7";"3";"0";"1";"13";"1";""
"202100017358";"170Â 615";"B01";"2";"7";"14";"0";"0";"1";"1";""
"202100017359";"170Â 612";"B01";"1";"7";"0";"2";"1";"2";"1";""
"202100017359";"170Â 613";"A01";"1";"7";"3";"2";"4";"1";"1";""
"202100017360";"170Â 608";"D01";"1";"7";"0";"0";"6";"0";"1";""
"202100017360";"170Â 609";"C01";"1";"7";"0";"2";"8";"1";"1";""
"202100017360";"170Â 610";"B01";"1";"33";"0";"2";"3";"3";"1";""
"202100017360";"170Â 611";"A01";"1";"7";"0";"2";"7";"12";"1";""
"202100017361";"170Â 606";"B01";"2";"33";"0";"2";"3";"3";"1";""
"202100017361";"170Â 607";"A01";"2";"7";"0";"2";"5";"12";"1";""
"202100017362";"170Â 604";"A01";"1";"15";"0";"2";"2";"14";"1";""
"202100017362";"170Â 605";"B01";"1";"7";"0";"2";"8";"1";"1";""
"202100017363";"170Â 602";"A01";"1";"7";"0";"2";"7";"12";"1";""
"202100017363";"170Â 603";"B01";"1";"33";"0";"2";"6";"1";"1";""
"202100017364";"170Â 600";"A01";"1";"33";"0";"2";"3";"3";"1";""
"202100017364";"170Â 601";"B01";"1";"7";"0";"2";"7";"12";"1";""
"202100017365";"170Â 598";"A01";"1";"7";"0";"2";"7";"12";"1";""
"202100017365";"170Â 599";"B01";"1";"33";"0";"2";"8";"1";"1";""
"202100017366";"170Â 596";"B01";"2";"43";"0";"2";"8";"3";"1";""
"202100017366";"170Â 597";"A01";"2";"7";"0";"2";"7";"12";"1";""
"202100017367";"170Â 595";"A01";"2";"33";"0";"0";"0";"3";"1";""
"202100017368";"170Â 593";"B01";"2";"7";"0";"2";"4";"2";"1";""
"202100017368";"170Â 594";"A01";"2";"7";"0";"2";"1";"2";"1";""
"202100017369";"170Â 591";"B01";"2";"7";"0";"2";"6";"9";"1";""
"202100017369";"170Â 592";"A01";"2";"0";"0";"2";"0";"21";"0";""