"Num_Acc";"id_vehicule";"num_veh";"senc";"catv";"obs";"obsm";"choc";"manv";"motor";"occutc"
"202100017370";"170Â 590";"A01";"2";"7";"6";"0";"1";"21";"1";""
"202100017371";"170Â 588";"B01";"1";"7";"0";"2";"3";"1";"1";""
"202100017371";"170Â 589";"A01";"1";"33";"0";"2";"5";"9";"1";""
"202100017372";"170Â 587";"A01";"1";"33";"3";"0";"3";"1";"1";""
"202100017373";"170Â 585";"B01";"2";"7";"0";"2";"4";"26";"1";""
"202100017373";"170Â 586";"A01";"2";"7";"0";"2";"1";"26";"1";""
"202100017374";"170Â 583";"B01";"1";"32";"0";"2";"2";"3";"1";""
"202100017374";"170Â 584";"A01";"1";"7";"0";"2";"3";"11";"1";""
"202100017375";"170Â 581";"B01";"2";"7";"0";"2";"4";"12";"2";""
"202100017375";"170Â 582";"A01";"2";"33";"0";"2";"1";"3";"1";""
"202100017376";"170Â 579";"A01";"2";"7";"0";"2";"0";"18";"1";""
"202100017376";"170Â 580";"B01";"2";"7";"0";"2";"2";"1";"1";""
"202100017377";"170Â 576";"A01";"1";"33";"0";"0";"2";"0";"1";""
"202100017377";"170Â 577";"B01";"1";"7";"0";"2";"0";"13";"1";""
"202100017377";"170Â 578";"C01";"1";"7";"0";"2";"0";"14";"1";""
"202100017378";"170Â 574";"A01";"1";"7";"0";"2";"6";"2";"0";""
"202100017378";"170Â 575";"B01";"1";"31";"0";"2";"1";"2";"1";""
"202100017379";"170Â 571";"C01";"1";"7";"0";"2";"4";"2";"1";""
"202100017379";"170Â 572";"B01";"1";"7";"0";"2";"4";"2";"1";""
"202100017379";"170Â 573";"A01";"1";"7";"0";"2";"1";"2";"1";""
"202100017380";"170Â 569";"A01";"2";"33";"0";"2";"1";"2";"1";""
"202100017380";"170Â 570";"B01";"2";"10";"0";"2";"5";"23";"1";""
"202100017381";"170Â 568";"A01";"1";"7";"4";"0";"3";"1";"1";""
"202100017382";"170Â 566";"A01";"1";"7";"0";"2";"2";"12";"1";""
"202100017382";"170Â 567";"B01";"1";"33";"0";"2";"1";"3";"1";""
"202100017383";"170Â 564";"B01";"2";"7";"0";"2";"4";"1";"1";""
"202100017383";"170Â 565";"A01";"2";"33";"0";"2";"1";"20";"1";""
"202100017384";"170Â 561";"C01";"2";"10";"0";"2";"4";"1";"1";""
"202100017384";"170Â 562";"B01";"2";"7";"0";"2";"7";"12";"1";""
"202100017384";"170Â 563";"A01";"2";"33";"0";"2";"1";"3";"1";""
"202100017385";"170Â 559";"A01";"2";"31";"0";"2";"1";"26";"1";""
"202100017385";"170Â 560";"B01";"2";"7";"0";"2";"5";"26";"1";""
"202100017386";"170Â 557";"A01";"1";"33";"0";"2";"1";"3";"1";""
"202100017386";"170Â 558";"B01";"1";"7";"0";"2";"8";"11";"1";""
"202100017387";"170Â 555";"A01";"1";"10";"0";"2";"1";"1";"1";""
"202100017387";"170Â 556";"B01";"1";"10";"0";"2";"4";"2";"1";""
"202100017388";"170Â 554";"A01";"1";"33";"0";"2";"1";"12";"1";""
"202100017389";"170Â 551";"A01";"1";"7";"0";"2";"5";"1";"1";""
"202100017389";"170Â 552";"B01";"1";"7";"0";"2";"1";"1";"1";""
"202100017389";"170Â 553";"C01";"1";"33";"0";"2";"1";"14";"1";""
"202100017390";"170Â 549";"A01";"2";"7";"0";"2";"4";"1";"1";""
"202100017390";"170Â 550";"B01";"2";"7";"0";"2";"4";"1";"1";""
"202100017391";"170Â 547";"B01";"2";"7";"0";"2";"4";"2";"1";""
"202100017391";"170Â 548";"A01";"2";"33";"0";"2";"1";"2";"1";""
"202100017392";"170Â 545";"A01";"2";"7";"0";"2";"4";"26";"1";""
"202100017392";"170Â 546";"B01";"1";"7";"0";"2";"1";"2";"1";""
"202100017393";"170Â 544";"A01";"2";"7";"16";"0";"1";"12";"1";""
"202100017394";"170Â 542";"B01";"2";"33";"0";"2";"1";"3";"1";""
"202100017394";"170Â 543";"A01";"2";"7";"0";"0";"7";"12";"1";""
"202100017395";"170Â 541";"A01";"2";"32";"16";"0";"8";"15";"1";""
"202100017396";"170Â 537";"A01";"2";"17";"0";"2";"1";"2";"1";""
"202100017396";"170Â 538";"B01";"2";"7";"0";"2";"4";"23";"1";""
"202100017397";"170Â 535";"A01";"1";"7";"0";"2";"3";"11";"1";""
"202100017397";"170Â 536";"B01";"1";"33";"0";"2";"1";"1";"1";""
"202100017398";"170Â 533";"B01";"2";"33";"0";"2";"7";"1";"1";""
"202100017398";"170Â 534";"A01";"2";"7";"0";"2";"8";"11";"1";""
"202100017399";"170Â 531";"B01";"2";"7";"0";"2";"3";"1";"1";""
"202100017399";"170Â 532";"A01";"2";"7";"0";"2";"2";"14";"1";""
"202100017400";"170Â 525";"A01";"1";"7";"0";"2";"1";"15";"1";""
"202100017400";"170Â 526";"B01";"2";"7";"0";"2";"1";"15";"1";""
"202100017401";"170Â 524";"A01";"1";"50";"9";"0";"0";"0";"3";""
"202100017402";"170Â 522";"B01";"3";"30";"15";"2";"7";"1";"1";""
"202100017402";"170Â 523";"A01";"3";"7";"15";"2";"1";"19";"1";""
"202100017403";"170Â 520";"B01";"2";"32";"0";"2";"7";"26";"1";""
"202100017403";"170Â 521";"A01";"2";"7";"0";"2";"5";"4";"1";""
"202100017404";"170Â 517";"A01";"1";"7";"0";"2";"4";"26";"1";""
"202100017404";"170Â 518";"B01";"1";"7";"0";"2";"4";"2";"1";""
"202100017404";"170Â 519";"C01";"1";"7";"0";"2";"1";"2";"1";""
"202100017405";"170Â 515";"B01";"3";"7";"0";"9";"1";"0";"1";""
"202100017405";"170Â 516";"A01";"3";"1";"0";"2";"8";"19";"5";""
"202100017406";"170Â 514";"A01";"3";"7";"1";"0";"2";"2";"1";""
"202100017407";"170Â 513";"A01";"0";"30";"0";"1";"1";"1";"1";""
"202100017408";"170Â 512";"B01";"0";"33";"1";"9";"1";"0";"1";""
"202100017409";"170Â 509";"B01";"2";"10";"0";"2";"2";"15";"1";""
"202100017409";"170Â 510";"C01";"2";"7";"0";"2";"4";"1";"1";""
"202100017409";"170Â 511";"A01";"2";"7";"0";"2";"1";"1";"1";""
"202100017410";"170Â 507";"B01";"1";"32";"0";"2";"3";"13";"0";""
"202100017410";"170Â 508";"A01";"2";"10";"0";"2";"3";"13";"1";""
"202100017411";"170Â 505";"A01";"1";"10";"0";"2";"2";"15";"1";""
"202100017411";"170Â 506";"B01";"1";"7";"0";"2";"6";"1";"1";""
"202100017412";"170Â 504";"A01";"3";"7";"0";"1";"1";"1";"0";""
"202100017413";"170Â 502";"A01";"1";"7";"0";"9";"0";"26";"1";""
"202100017413";"170Â 503";"B01";"2";"1";"0";"2";"0";"0";"0";""
"202100017414";"170Â 501";"A01";"1";"7";"0";"1";"4";"9";"0";""
"202100017415";"170Â 498";"A01";"1";"7";"0";"2";"2";"21";"1";""
"202100017415";"170Â 499";"B01";"2";"7";"0";"2";"7";"19";"1";""
"202100017415";"170Â 500";"C01";"2";"7";"0";"2";"3";"2";"0";""
"202100017416";"170Â 496";"B01";"3";"7";"0";"2";"2";"1";"1";""
"202100017416";"170Â 497";"A01";"3";"31";"0";"2";"1";"1";"1";""
"202100017417";"170Â 495";"Z01";"1";"7";"0";"1";"0";"1";"0";""
"202100017418";"170Â 493";"A01";"3";"7";"0";"2";"1";"9";"1";""
"202100017418";"170Â 494";"B01";"2";"33";"0";"2";"5";"1";"1";""
"202100017419";"170Â 491";"B01";"0";"21";"0";"2";"4";"1";"1";""
"202100017419";"170Â 492";"A01";"0";"10";"0";"2";"1";"1";"1";""
"202100017420";"170Â 489";"B01";"3";"37";"0";"2";"7";"1";"1";"1"
"202100017420";"170Â 490";"A01";"3";"7";"0";"2";"1";"19";"1";""
"202100017421";"170Â 487";"A01";"2";"7";"0";"2";"8";"11";"0";""
"202100017421";"170Â 488";"B01";"2";"7";"0";"2";"2";"1";"0";""
"202100017422";"170Â 483";"B01";"1";"7";"0";"2";"4";"0";"0";""
"202100017422";"170Â 484";"A01";"1";"10";"0";"2";"1";"2";"1";""
"202100017423";"170Â 481";"B01";"0";"2";"0";"0";"0";"0";"1";""
"202100017423";"170Â 482";"A01";"0";"7";"0";"2";"1";"1";"1";""
"202100017424";"170Â 480";"A01";"0";"7";"0";"1";"2";"3";"1";""
"202100017425";"170Â 479";"A01";"0";"7";"1";"0";"3";"13";"1";""
"202100017426";"170Â 477";"A01";"0";"7";"0";"2";"1";"15";"1";""
"202100017426";"170Â 478";"B01";"0";"32";"0";"2";"1";"1";"1";""
"202100017427";"170Â 475";"B01";"2";"7";"0";"2";"1";"1";"1";""
"202100017427";"170Â 476";"A01";"1";"7";"0";"2";"1";"15";"1";""
"202100017428";"170Â 473";"A01";"2";"7";"0";"2";"3";"19";"1";""
"202100017428";"170Â 474";"B01";"2";"10";"0";"2";"1";"1";"1";""
"202100017429";"170Â 471";"A01";"1";"7";"0";"2";"3";"15";"1";""
"202100017429";"170Â 472";"B01";"2";"30";"0";"2";"1";"1";"1";""
"202100017430";"170Â 469";"A01";"2";"33";"0";"2";"1";"17";"1";""
"202100017430";"170Â 470";"B01";"1";"7";"0";"2";"3";"1";"1";""
"202100017431";"170Â 467";"A01";"3";"7";"0";"2";"1";"15";"1";""
"202100017431";"170Â 468";"B01";"3";"10";"0";"2";"7";"1";"1";""
"202100017432";"170Â 465";"B01";"2";"34";"1";"0";"3";"0";"1";""
"202100017432";"170Â 466";"A01";"3";"7";"1";"0";"1";"19";"0";""
"202100017433";"170Â 463";"B01";"1";"7";"0";"2";"1";"1";"1";""
"202100017433";"170Â 464";"A01";"1";"7";"0";"2";"1";"15";"1";""
"202100017434";"170Â 461";"B01";"1";"30";"0";"2";"1";"1";"1";""
"202100017434";"170Â 462";"A01";"1";"7";"0";"2";"4";"23";"1";""
"202100017435";"170Â 460";"Z01";"3";"7";"0";"1";"4";"4";"0";""
"202100017436";"170Â 458";"A01";"1";"7";"0";"9";"1";"0";"1";""
"202100017436";"170Â 459";"B01";"1";"1";"14";"0";"7";"1";"5";""
"202100017437";"170Â 456";"B01";"3";"7";"0";"2";"4";"1";"1";""
"202100017437";"170Â 457";"A01";"2";"2";"0";"2";"1";"9";"1";""
"202100017438";"170Â 454";"B01";"3";"10";"0";"2";"2";"15";"1";""
"202100017438";"170Â 455";"A01";"2";"7";"0";"9";"7";"1";"1";""
"202100017439";"170Â 452";"A01";"1";"7";"0";"2";"8";"22";"1";""
"202100017439";"170Â 453";"B01";"1";"1";"1";"0";"2";"1";"5";""
"202100017440";"170Â 451";"A01";"3";"33";"0";"0";"7";"1";"1";""
"202100017441";"170Â 450";"A01";"1";"7";"3";"0";"3";"1";"1";""
"202100017442";"170Â 448";"B01";"1";"7";"0";"2";"6";"2";"1";""
"202100017442";"170Â 449";"A01";"1";"7";"14";"2";"1";"21";"1";""
"202100017443";"170Â 446";"A01";"2";"7";"0";"2";"3";"15";"1";""
"202100017443";"170Â 447";"B01";"2";"33";"0";"2";"1";"1";"1";""
"202100017444";"170Â 444";"B01";"2";"7";"0";"2";"2";"15";"1";""
"202100017444";"170Â 445";"A01";"2";"33";"0";"2";"1";"21";"1";""
"202100017445";"170Â 442";"B01";"3";"7";"0";"2";"6";"1";"1";""
"202100017445";"170Â 443";"A01";"3";"33";"0";"2";"1";"1";"1";""
"202100017446";"170Â 440";"A01";"1";"7";"0";"2";"1";"1";"1";""
"202100017446";"170Â 441";"B01";"2";"31";"0";"2";"7";"15";"1";""
"202100017447";"170Â 438";"A01";"1";"17";"0";"2";"6";"1";"1";""
"202100017447";"170Â 439";"B01";"1";"7";"0";"2";"8";"15";"1";""
"202100017448";"170Â 437";"A01";"1";"30";"0";"2";"8";"9";"1";""
"202100017449";"170Â 435";"A01";"1";"7";"0";"2";"1";"2";"1";""
"202100017449";"170Â 436";"B01";"1";"7";"0";"2";"4";"2";"0";""
"202100017450";"170Â 434";"A01";"3";"14";"9";"0";"0";"1";"1";""
"202100017451";"170Â 432";"B01";"0";"7";"0";"2";"1";"1";"1";""
"202100017451";"170Â 433";"A01";"0";"33";"0";"2";"1";"17";"1";""
"202100017452";"170Â 431";"A01";"1";"7";"1";"0";"2";"14";"1";""
"202100017453";"170Â 429";"A01";"3";"7";"0";"2";"3";"9";"1";""
"202100017453";"170Â 430";"B01";"3";"32";"0";"2";"4";"1";"1";""
"202100017454";"170Â 427";"A01";"1";"7";"0";"2";"3";"19";"1";""
"202100017454";"170Â 428";"B01";"1";"50";"0";"2";"1";"1";"3";""
"202100017455";"170Â 425";"A01";"2";"7";"0";"2";"3";"1";"1";""
"202100017455";"170Â 426";"B01";"1";"3";"0";"2";"3";"1";"1";""
"202100017456";"170Â 423";"A01";"3";"7";"0";"2";"1";"15";"1";""
"202100017456";"170Â 424";"B01";"3";"1";"0";"2";"8";"1";"5";""
"202100017457";"170Â 421";"A01";"2";"33";"0";"2";"7";"1";"1";""
"202100017457";"170Â 422";"B01";"1";"7";"0";"2";"1";"1";"1";""
"202100017458";"170Â 420";"A01";"1";"50";"0";"1";"0";"26";"3";""
"202100017459";"170Â 418";"B01";"1";"7";"0";"2";"8";"1";"1";""
"202100017459";"170Â 419";"A01";"2";"7";"0";"2";"1";"1";"1";""
"202100017460";"170Â 417";"A01";"1";"7";"0";"1";"1";"1";"1";""
"202100017461";"170Â 416";"A01";"3";"7";"2";"0";"3";"1";"1";""
"202100017462";"170Â 412";"D01";"3";"7";"0";"2";"4";"1";"1";""
"202100017462";"170Â 413";"C01";"3";"7";"0";"2";"4";"1";"1";""
"202100017462";"170Â 414";"A01";"3";"7";"0";"2";"1";"1";"1";""
"202100017462";"170Â 415";"B01";"3";"7";"0";"2";"4";"1";"2";""
"202100017463";"170Â 410";"B01";"2";"7";"0";"2";"2";"15";"1";""
"202100017463";"170Â 411";"A01";"1";"33";"0";"2";"1";"8";"1";""
"202100017464";"170Â 408";"A01";"1";"7";"0";"2";"3";"9";"1";""
"202100017464";"170Â 409";"B01";"2";"1";"0";"2";"1";"1";"5";""
"202100017465";"170Â 406";"A01";"2";"30";"0";"2";"1";"18";"1";""
"202100017465";"170Â 407";"B01";"2";"31";"0";"2";"7";"16";"1";""
"202100017466";"170Â 404";"B01";"0";"50";"0";"2";"0";"1";"3";""
"202100017466";"170Â 405";"A01";"2";"7";"0";"2";"1";"1";"1";""
"202100017467";"170Â 402";"A01";"1";"7";"0";"2";"6";"19";"1";""
"202100017467";"170Â 403";"B01";"2";"33";"0";"2";"1";"1";"1";""
"202100017468";"170Â 401";"A01";"2";"7";"1";"1";"3";"2";"1";""
"202100017469";"170Â 398";"A01";"3";"7";"0";"2";"1";"13";"1";""
"202100017469";"170Â 399";"B01";"3";"7";"0";"2";"8";"1";"1";""
"202100017469";"170Â 400";"C01";"3";"7";"0";"2";"8";"1";"1";""
"202100017470";"170Â 397";"A01";"1";"7";"0";"1";"8";"1";"1";""
"202100017471";"170Â 395";"B01";"1";"7";"0";"2";"3";"1";"1";""
"202100017471";"170Â 396";"A01";"2";"33";"0";"2";"0";"1";"1";""
"202100017472";"170Â 391";"B01";"1";"33";"0";"2";"1";"1";"1";""
"202100017472";"170Â 392";"A01";"2";"7";"0";"2";"3";"10";"1";""
"202100017473";"170Â 388";"A01";"1";"7";"0";"2";"1";"17";"1";""
"202100017473";"170Â 389";"B01";"1";"7";"0";"2";"8";"2";"1";""
"202100017473";"170Â 390";"C01";"1";"7";"0";"2";"8";"2";"1";""
"202100017474";"170Â 386";"B01";"0";"34";"0";"2";"1";"1";"1";""
"202100017474";"170Â 387";"A01";"3";"7";"0";"2";"1";"15";"1";""
"202100017475";"170Â 384";"B01";"1";"33";"0";"2";"2";"1";"1";""
"202100017475";"170Â 385";"Z01";"1";"7";"0";"2";"1";"15";"1";""
"202100017476";"170Â 383";"A01";"2";"7";"0";"1";"1";"1";"1";""
"202100017477";"170Â 382";"A01";"3";"10";"0";"2";"1";"26";"1";""
"202100017478";"170Â 380";"A01";"1";"7";"8";"2";"1";"1";"1";""
"202100017478";"170Â 381";"B01";"1";"7";"1";"2";"2";"1";"1";""
"202100017479";"170Â 379";"A01";"2";"7";"14";"0";"3";"2";"1";""
"202100017480";"170Â 377";"Z01";"1";"7";"0";"2";"1";"1";"0";""
"202100017480";"170Â 378";"B01";"1";"50";"0";"2";"2";"1";"3";""
"202100017481";"170Â 376";"A01";"0";"7";"0";"1";"1";"18";"0";""
"202100017482";"170Â 374";"A01";"2";"7";"0";"2";"7";"19";"1";""
"202100017482";"170Â 375";"B01";"2";"33";"0";"2";"3";"1";"1";""
"202100017483";"170Â 373";"A01";"2";"80";"0";"1";"1";"16";"3";""
"202100017484";"170Â 371";"A01";"2";"33";"0";"2";"8";"3";"1";""
"202100017484";"170Â 372";"B01";"2";"7";"0";"2";"7";"1";"1";""
"202100017485";"170Â 369";"B01";"1";"33";"0";"2";"7";"3";"1";""
"202100017485";"170Â 370";"A01";"1";"7";"0";"2";"8";"13";"1";""
"202100017486";"170Â 367";"B01";"2";"7";"0";"2";"5";"2";"1";""
"202100017486";"170Â 368";"A01";"2";"31";"0";"2";"1";"12";"1";""
"202100017487";"170Â 365";"B01";"1";"32";"0";"2";"1";"7";"1";""
"202100017487";"170Â 366";"A01";"1";"10";"0";"2";"2";"14";"1";""
"202100017488";"170Â 364";"A01";"2";"7";"0";"1";"1";"16";"1";""
"202100017489";"170Â 362";"B01";"2";"1";"0";"2";"1";"1";"5";""
"202100017489";"170Â 363";"A01";"1";"10";"0";"2";"7";"1";"1";""
"202100017490";"170Â 361";"A01";"2";"30";"0";"1";"1";"18";"1";""
"202100017491";"170Â 359";"A01";"2";"32";"0";"2";"1";"2";"1";""
"202100017491";"170Â 360";"B01";"2";"10";"0";"2";"4";"23";"1";""
"202100017492";"170Â 357";"B01";"1";"33";"0";"2";"2";"1";"1";""
"202100017492";"170Â 358";"A01";"1";"7";"0";"2";"3";"9";"1";""
"202100017493";"170Â 355";"B01";"1";"30";"0";"2";"4";"23";"1";""
"202100017493";"170Â 356";"A01";"1";"14";"0";"2";"1";"2";"1";""
"202100017494";"170Â 353";"B01";"1";"50";"0";"2";"7";"15";"3";""
"202100017494";"170Â 354";"A01";"2";"30";"0";"2";"1";"8";"1";""
"202100017495";"170Â 351";"A01";"1";"80";"0";"2";"3";"9";"3";""
"202100017495";"170Â 352";"B01";"1";"33";"0";"2";"1";"1";"1";""
"202100017496";"170Â 350";"Z01";"2";"30";"0";"1";"0";"1";"0";""
"202100017497";"170Â 349";"A01";"1";"80";"0";"1";"7";"1";"3";""
"202100017498";"170Â 347";"A01";"1";"14";"0";"2";"1";"1";"1";""
"202100017498";"170Â 348";"B01";"1";"7";"0";"2";"8";"1";"1";""
"202100017499";"170Â 346";"A01";"1";"7";"0";"1";"1";"1";"1";""
"202100017500";"170Â 344";"A01";"2";"7";"0";"2";"1";"2";"1";""
"202100017500";"170Â 345";"B01";"2";"7";"0";"1";"4";"23";"1";""
"202100017501";"170Â 342";"A01";"1";"10";"0";"2";"2";"15";"1";""
"202100017501";"170Â 343";"B01";"2";"1";"0";"2";"8";"1";"5";""
"202100017502";"170Â 340";"A01";"1";"33";"0";"2";"1";"12";"1";""
"202100017502";"170Â 341";"B01";"1";"43";"0";"2";"4";"1";"1";""
"202100017503";"170Â 338";"B01";"2";"1";"0";"2";"4";"1";"5";""
"202100017503";"170Â 339";"A01";"1";"30";"0";"2";"1";"5";"1";""
"202100017504";"170Â 336";"A01";"1";"34";"0";"2";"2";"17";"1";""
"202100017504";"170Â 337";"B01";"1";"33";"0";"2";"3";"15";"1";""
"202100017505";"170Â 334";"A01";"1";"33";"0";"2";"1";"1";"1";""
"202100017505";"170Â 335";"B01";"1";"3";"0";"2";"3";"15";"3";""
"202100017506";"170Â 332";"B01";"2";"33";"0";"2";"8";"1";"1";""
"202100017506";"170Â 333";"A01";"1";"7";"0";"2";"1";"15";"1";""
"202100017507";"170Â 328";"A01";"1";"1";"0";"2";"1";"1";"5";""
"202100017507";"170Â 329";"B01";"1";"1";"0";"2";"1";"1";"5";""
"202100017508";"170Â 326";"B01";"2";"7";"0";"2";"4";"2";"1";""
"202100017508";"170Â 327";"A01";"2";"7";"0";"2";"1";"2";"1";""
"202100017509";"170Â 325";"A01";"2";"7";"0";"1";"1";"15";"0";""
"202100017510";"170Â 323";"B01";"0";"7";"0";"2";"1";"9";"2";""
"202100017510";"170Â 324";"A01";"0";"7";"0";"2";"3";"19";"2";""
"202100017511";"170Â 321";"B01";"1";"33";"0";"2";"3";"2";"1";""
"202100017511";"170Â 322";"A01";"1";"7";"0";"2";"2";"2";"1";""
"202100017512";"170Â 319";"A01";"2";"33";"0";"2";"1";"17";"1";""
"202100017512";"170Â 320";"B01";"2";"7";"0";"2";"6";"15";"1";""
"202100017513";"170Â 317";"A01";"3";"7";"0";"2";"0";"16";"1";""
"202100017513";"170Â 318";"B01";"3";"7";"0";"2";"0";"1";"1";""
"202100017514";"170Â 315";"B01";"2";"7";"0";"2";"6";"1";"1";""
"202100017514";"170Â 316";"A01";"2";"7";"0";"2";"1";"9";"1";""
"202100017515";"170Â 314";"A01";"2";"7";"0";"1";"1";"26";"2";""
"202100017516";"170Â 313";"A01";"2";"7";"0";"1";"1";"1";"1";""
"202100017517";"170Â 310";"B01";"0";"3";"0";"0";"2";"15";"1";""
"202100017517";"170Â 311";"A01";" -1";"2";"0";"2";"1";"1";"1";""
"202100017518";"170Â 308";"B01";"3";"7";"8";"2";"1";"1";"1";""
"202100017518";"170Â 309";"A01";"3";"7";"8";"2";"2";"15";"1";""
"202100017519";"170Â 306";"B01";"2";"99";"1";"2";"0";"0";"1";""
"202100017519";"170Â 307";"A01";"2";"10";"0";"2";"7";"2";"1";""
"202100017520";"170Â 304";"B01";"2";"33";"0";"2";"1";"1";"1";""
"202100017520";"170Â 305";"A01";"1";"7";"0";"2";"1";"15";"1";""
"202100017521";"170Â 302";"A01";"1";"50";"0";"2";"1";"19";"3";""
"202100017521";"170Â 303";"B01";"2";"7";"0";"2";"6";"16";"1";""
"202100017522";"170Â 301";"A01";"2";"30";"0";"0";"3";"26";"1";""
"202100017523";"170Â 299";"A01";"3";"7";"0";"2";"2";"6";"1";""
"202100017523";"170Â 300";"B01";"3";"31";"0";"2";"1";"1";"1";""
"202100017524";"170Â 297";"A01";"1";"33";"0";"2";"1";"2";"1";""
"202100017524";"170Â 298";"B01";"1";"33";"16";"0";"4";"1";"1";""
"202100017525";"170Â 295";"B01";"1";"1";"0";"2";"4";"1";"0";""
"202100017525";"170Â 296";"A01";"1";"7";"0";"2";"1";"2";"1";""
"202100017526";"170Â 293";"A01";"3";"7";"0";"2";"1";"16";"1";""
"202100017526";"170Â 294";"B01";"3";"30";"0";"2";"7";"1";"1";""
"202100017527";"170Â 292";"A01";"3";"10";"0";"0";"6";"4";"1";""
"202100017528";"170Â 289";"A01";"0";"7";"0";"0";"4";"2";"1";""
"202100017528";"170Â 290";"B01";"0";"7";"0";"0";"4";"2";"1";""
"202100017528";"170Â 291";"C01";"0";"7";"0";"2";"1";"2";"1";""
"202100017529";"170Â 287";"A01";"1";"7";"0";"2";"3";"13";"1";""
"202100017529";"170Â 288";"B01";"2";"7";"0";"2";"3";"1";"1";""
"202100017530";"170Â 285";"B01";"2";"15";"0";"2";"6";"1";"1";""
"202100017530";"170Â 286";"A01";"2";"10";"0";"2";"2";"17";"1";""
"202100017531";"170Â 284";"A01";"2";"7";"3";"1";"3";"1";"1";""
"202100017532";"170Â 282";"B01";"1";"60";"0";"2";"4";"1";"5";""
"202100017532";"170Â 283";"A01";"1";"7";"0";"2";"3";"9";"1";""
"202100017533";"170Â 281";"A01";"2";"7";"0";"1";"1";"1";"1";""
"202100017534";"170Â 278";"A01";"1";"7";"4";"0";"0";"0";"1";""
"202100017534";"170Â 279";"B01";"1";"15";"0";"2";"2";"1";"1";""
"202100017534";"170Â 280";"C01";"1";"15";"0";"2";"2";"1";"1";""
"202100017535";"170Â 276";"B01";"0";"80";"0";"0";"0";"0";"3";""
"202100017535";"170Â 277";"A01";"0";"7";"0";"2";"2";"0";"1";""
"202100017536";"170Â 275";"A01";"2";"7";"0";"1";"2";"1";"1";""
"202100017537";"170Â 274";"A01";"0";"7";"0";"1";"1";"19";"1";""
"202100017538";"170Â 272";"A01";"1";"7";"0";"2";"1";"9";"1";""
"202100017538";"170Â 273";"B01";"2";"31";"0";"2";"1";"17";"0";""
"202100017539";"170Â 271";"A01";"0";"7";"6";"0";"1";"1";"1";""
"202100017540";"170Â 270";"A01";"1";"7";"8";"0";"1";"1";"1";""
"202100017541";"170Â 268";"A01";"1";"7";"0";"2";"2";"11";"1";""
"202100017541";"170Â 269";"B01";"1";"15";"0";"0";"6";"1";"1";""
"202100017542";"170Â 267";"A01";"2";"7";"6";"0";"2";"1";"1";""
"202100017543";"170Â 266";"A01";"1";"2";"0";"0";"1";"1";"1";""
"202100017544";"170Â 265";"A01";"3";"2";"1";"0";"2";"1";"1";""
"202100017545";"170Â 263";"B01";"1";"33";"0";"2";"1";"21";"1";""
"202100017545";"170Â 264";"A01";"2";"14";"0";"2";"1";"15";"1";""
"202100017546";"170Â 261";"B01";"2";"33";"0";"2";"1";"1";"1";""
"202100017546";"170Â 262";"A01";"1";"10";"0";"2";"2";"15";"1";""
"202100017547";"170Â 259";"B01";"1";"1";"0";"0";"4";"2";"5";""
"202100017547";"170Â 260";"A01";"1";"10";"0";"9";"2";"2";"1";""
"202100017548";"170Â 257";"A01";"2";"33";"13";"0";"1";"1";"1";""
"202100017549";"170Â 256";"A01";"0";"7";"0";"1";"1";"9";"1";""
"202100017550";"170Â 254";"A01";"2";"7";"0";"2";"1";"5";"1";""
"202100017550";"170Â 255";"B01";"1";"7";"0";"2";"3";"1";"1";""
"202100017551";"170Â 252";"A01";"1";"7";"0";"2";"7";"13";"1";""
"202100017551";"170Â 253";"B01";"2";"7";"0";"2";"1";"1";"1";""
"202100017552";"170Â 251";"A01";"2";"7";"13";"0";"3";"0";"1";""
"202100017553";"170Â 250";"A01";"2";"33";"0";"0";"0";"1";"1";""
"202100017554";"170Â 248";"A01";"2";"33";"0";"2";"0";"1";"1";""
"202100017554";"170Â 249";"B01";"2";"7";"0";"2";"3";"1";"1";""
"202100017555";"170Â 247";"A01";"3";"7";"0";"1";"2";"1";"1";""
"202100017556";"170Â 245";"A01";"2";"7";"0";"2";"3";"15";"1";""
"202100017556";"170Â 246";"B01";"2";"43";"0";"2";"2";"17";"1";""
"202100017557";"170Â 244";"A01";"2";"33";"13";"0";"2";"1";"1";""
"202100017558";"170Â 242";"A01";"2";"7";"0";"2";"3";"17";"1";""
"202100017558";"170Â 243";"B01";"1";"2";"0";"2";"1";"1";"1";""
"202100017559";"170Â 239";"C01";"2";"99";"0";"2";"0";"1";"1";""
"202100017559";"170Â 240";"B01";"2";"10";"0";"0";"6";"2";"1";""
"202100017559";"170Â 241";"A01";"2";"33";"0";"2";"1";"2";"1";""
"202100017560";"170Â 238";"A01";"2";"33";"3";"0";"1";"13";"1";""
"202100017561";"170Â 237";"A01";"0";"2";"8";"0";"3";"21";"1";""
"202100017562";"170Â 236";"A01";"2";"7";"0";"1";"3";"1";"1";""
"202100017563";"170Â 233";"C01";"1";"15";"0";"0";"8";"23";"1";""
"202100017563";"170Â 234";"B01";"2";"17";"0";"2";"1";"1";"1";""
"202100017563";"170Â 235";"A01";"1";"7";"1";"2";"7";"19";"1";""
"202100017564";"170Â 229";"C01";"1";"10";"0";"0";"3";"1";"1";""
"202100017564";"170Â 230";"B01";"2";"7";"0";"2";"5";"15";"1";""
"202100017564";"170Â 231";"A01";"2";"13";"0";"2";"3";"1";"1";""