"Num_Acc";"id_vehicule";"num_veh";"senc";"catv";"obs";"obsm";"choc";"manv";"motor";"occutc"
"202100017565";"170Â 227";"B01";"2";"2";"0";"2";"1";"1";"1";""
"202100017565";"170Â 228";"A01";"1";"7";"0";"2";"3";"9";"1";""
"202100017566";"170Â 225";"A01";"2";"34";"0";"2";"3";"17";"1";""
"202100017566";"170Â 226";"B01";"2";"7";"0";"0";"4";"15";"1";""
"202100017567";"170Â 222";"A01";"1";"30";"4";"0";"0";"1";"1";""
"202100017568";"170Â 220";"A01";"2";"7";"0";"2";"2";"1";"1";""
"202100017568";"170Â 221";"B01";"2";"7";"0";"2";"3";"1";"1";""
"202100017569";"170Â 219";"A01";"3";"1";"0";"0";"0";"26";"5";""
"202100017570";"170Â 217";"A01";"1";"7";"0";"2";"2";"15";"1";""
"202100017570";"170Â 218";"B01";"2";"1";"0";"2";"1";"1";"5";""
"202100017571";"170Â 216";"A01";"3";"32";"13";"0";"1";"26";"1";""
"202100017572";"170Â 214";"A01";"1";"33";"0";"2";"1";"1";"1";""
"202100017572";"170Â 215";"B01";"1";"7";"0";"2";"4";"15";"1";""
"202100017573";"170Â 212";"A01";"1";"7";"0";"2";"3";"26";"1";""
"202100017573";"170Â 213";"B01";"2";"7";"0";"2";"1";"26";"1";""
"202100017574";"170Â 210";"B01";"1";"2";"0";"2";"1";"1";"1";""
"202100017574";"170Â 211";"A01";"1";"7";"0";"2";"5";"15";"1";""
"202100017575";"170Â 208";"A01";"1";"31";"0";"2";"2";"17";"1";""
"202100017575";"170Â 209";"B01";"1";"7";"0";"2";"3";"15";"1";""
"202100017576";"170Â 206";"B01";"2";"10";"0";"0";"6";"15";"3";""
"202100017576";"170Â 207";"A01";"2";"33";"0";"2";"1";"17";"1";""
"202100017577";"170Â 204";"A01";"1";"7";"0";"2";"2";"15";"1";""
"202100017577";"170Â 205";"B01";"1";"33";"0";"2";"1";"1";"1";""
"202100017578";"170Â 203";"A01";"1";"1";"0";"0";"1";"1";"5";""
"202100017579";"170Â 201";"B01";"3";"50";"0";"2";"7";"19";"3";""
"202100017579";"170Â 202";"A01";"2";"7";"0";"2";"2";"16";"1";""
"202100017580";"170Â 200";"A01";"2";"7";"2";"0";"2";"1";"1";""
"202100017581";"170Â 198";"A01";"3";"7";"0";"2";"3";"15";"1";""
"202100017581";"170Â 199";"B01";"1";"33";"0";"2";"1";"1";"1";""
"202100017582";"170Â 196";"A01";"1";"7";"0";"2";"1";"13";"1";""
"202100017582";"170Â 197";"B01";"2";"7";"0";"2";"1";"1";"1";""
"202100017583";"170Â 194";"A01";"3";"1";"0";"0";"6";"9";"5";""
"202100017583";"170Â 195";"B01";"3";"7";"0";"0";"1";"1";"1";""
"202100017584";"170Â 193";"A01";"1";"16";"12";"0";"8";"2";"1";""
"202100017585";"170Â 191";"B01";"1";"1";"0";"2";"8";"1";"5";""
"202100017585";"170Â 192";"A01";"1";"7";"0";"2";"7";"17";"1";""
"202100017586";"170Â 189";"A01";"2";"7";"0";"2";"5";"1";"2";""
"202100017586";"170Â 190";"B01";"2";"33";"0";"2";"3";"1";"1";""
"202100017587";"170Â 187";"A01";"2";"7";"0";"2";"1";"2";"1";""
"202100017587";"170Â 188";"Z01";"2";"7";"0";"2";"4";"1";"1";""
"202100017588";"170Â 184";"A01";"1";"7";"0";"2";"0";"14";"2";""
"202100017588";"170Â 185";"C01";"1";"10";"0";"2";"3";"2";"1";""
"202100017588";"170Â 186";"B01";"1";"32";"0";"2";"2";"2";"1";""
"202100017589";"170Â 183";"A01";"2";"33";"0";"0";"8";"3";"1";""
"202100017590";"170Â 180";"B01";"2";"7";"0";"2";"4";"2";"1";""
"202100017590";"170Â 181";"A01";"2";"13";"0";"2";"1";"2";"1";""
"202100017590";"170Â 182";"C01";"2";"10";"0";"0";"4";"2";"1";""
"202100017591";"170Â 178";"B01";"1";"7";"0";"2";"2";"1";"1";""
"202100017591";"170Â 179";"A01";"1";"7";"0";"2";"9";"1";"1";""
"202100017592";"170Â 177";"A01";"1";"30";"0";"0";"0";"26";"1";""
"202100017593";"170Â 174";"A01";"2";"33";"0";"0";"0";"3";"1";""
"202100017593";"170Â 175";"B01";"2";"7";"0";"0";"0";"11";"1";""
"202100017593";"170Â 176";"C01";"2";"7";"0";"0";"0";"2";"1";""
"202100017594";"170Â 172";"A01";"2";"7";"0";"0";"0";"26";"1";""
"202100017594";"170Â 173";"B01";"2";"33";"0";"0";"0";"0";"1";""
"202100017595";"170Â 168";"A01";"1";"10";"0";"2";"1";"1";"1";""
"202100017595";"170Â 169";"D01";"1";"7";"0";"2";"4";"2";"1";""
"202100017595";"170Â 170";"C01";"1";"7";"0";"2";"4";"2";"1";""
"202100017595";"170Â 171";"B01";"1";"7";"0";"2";"4";"1";"1";""
"202100017596";"170Â 167";"A01";"1";"43";" -1";" -1";"1";"1";"1";""
"202100017597";"170Â 165";"B01";"1";"7";"0";"2";"7";"12";"1";""
"202100017597";"170Â 166";"A01";"1";"33";"0";"2";"8";"3";"1";""
"202100017598";"170Â 164";"A01";"2";"7";"0";"1";"1";"17";"1";""
"202100017599";"170Â 163";"A01";"1";"30";"0";"1";"1";"17";"1";""
"202100017600";"170Â 161";"B01";"2";"1";"0";"2";"0";"2";"5";""
"202100017600";"170Â 162";"A01";"2";"10";"0";"2";"7";"2";"1";""
"202100017601";"170Â 160";"A01";"0";"33";"0";"0";"0";"1";"0";""
"202100017602";"170Â 158";"A01";"0";"7";"0";"2";"3";"15";"0";""
"202100017602";"170Â 159";"B01";"0";"31";"0";"2";"1";"23";"0";""
"202100017603";"170Â 156";"B01";"1";"10";"0";"2";"3";"1";"1";""
"202100017603";"170Â 157";"A01";"1";"30";"0";"2";"7";"17";"1";""
"202100017604";"170Â 154";"B01";"1";"7";"1";"2";"4";"24";"1";""
"202100017604";"170Â 155";"A01";"1";"7";"1";"2";"1";"23";"1";""
"202100017605";"170Â 152";"A01";"1";"7";"0";"2";"1";"17";"1";""
"202100017605";"170Â 153";"B01";"1";"10";"0";"2";"4";"2";"1";""
"202100017606";"170Â 150";"A01";"3";"10";"0";"2";"5";"19";"1";""
"202100017606";"170Â 151";"B01";"3";"7";"0";"2";"1";"1";"1";""
"202100017607";"170Â 147";"A01";"1";"33";"0";"2";"3";"3";"1";""
"202100017607";"170Â 148";"B01";"1";"7";"0";"2";"3";"11";"1";""
"202100017607";"170Â 149";"C01";"1";"7";"0";"2";"2";"1";"1";""
"202100017608";"170Â 146";"A01";"1";"30";"0";"0";"1";"1";"1";""
"202100017609";"170Â 144";"A01";"2";"30";"0";"2";"1";"2";"1";""
"202100017609";"170Â 145";"B01";"2";"10";"0";"2";"6";"1";"1";""
"202100017610";"170Â 142";"B01";"2";"1";"0";"0";"0";"7";"5";""
"202100017610";"170Â 143";"A01";"2";"37";"0";"0";"0";"7";"1";"1"
"202100017611";"170Â 140";"B01";"2";"50";"0";"2";"1";"1";"3";""
"202100017611";"170Â 141";"A01";"1";"7";"0";"2";"3";"16";"1";""
"202100017612";"170Â 136";"B01";"1";"32";"0";"2";"8";"1";"1";""
"202100017612";"170Â 137";"A01";"1";"10";"0";"2";"1";"15";"1";""
"202100017612";"170Â 138";"D01";"1";"50";"0";"2";"8";"1";"3";""
"202100017612";"170Â 139";"C01";"3";"7";"0";"2";"3";"1";"1";""
"202100017613";"170Â 135";"A01";"2";"7";"0";"1";"3";"15";"1";""
"202100017614";"170Â 134";"A01";"2";"31";"1";"0";"0";"21";"1";""
"202100017615";"170Â 132";"B01";"3";"10";"0";"2";"6";"0";"1";""
"202100017615";"170Â 133";"A01";"3";"7";"0";"2";"6";"13";"1";""
"202100017616";"170Â 130";"B01";"1";"32";"0";"2";"2";"1";"0";""
"202100017616";"170Â 131";"A01";"2";"7";"0";"2";"3";"15";"1";""
"202100017617";"170Â 128";"B01";"1";"33";"0";"2";"1";"26";"1";""
"202100017617";"170Â 129";"A01";"1";"7";"0";"2";"5";"26";"1";""
"202100017618";"170Â 127";"A01";"2";"7";"0";"1";"1";"1";"1";""
"202100017619";"170Â 125";"B01";"1";"7";"0";"2";"3";"15";"1";""
"202100017619";"170Â 126";"A01";"1";"7";"1";"2";"2";"17";"1";""
"202100017620";"170Â 124";"A01";"1";"33";"8";"0";"1";"0";"1";""
"202100017621";"170Â 122";"B01";"1";"32";"0";"2";"0";"0";"1";""
"202100017621";"170Â 123";"A01";"1";"30";"0";"2";"0";"0";"3";""
"202100017622";"170Â 120";"B01";"0";"7";"0";"2";"1";"1";"1";""
"202100017622";"170Â 121";"A01";"0";"7";"0";"2";"2";"15";"1";""
"202100017623";"170Â 119";"Z01";"3";"7";"0";"1";"0";"0";"0";""
"202100017624";"170Â 117";"A01";"2";"7";"0";"2";"3";"16";"1";""
"202100017624";"170Â 118";"B01";"1";"2";"0";"2";"1";"15";"1";""
"202100017625";"170Â 115";"B01";"2";"40";"0";"2";"1";"1";"3";""
"202100017625";"170Â 116";"A01";"1";"7";"8";"4";"5";"1";"1";""
"202100017626";"170Â 113";"A01";"1";"7";"0";"2";"3";"9";"0";""
"202100017626";"170Â 114";"B01";"2";"7";"0";"2";"8";"1";"1";""
"202100017627";"170Â 111";"A01";"1";"1";"0";"4";"7";"19";"5";""
"202100017627";"170Â 112";"B01";"2";"40";"0";"2";"1";"1";"3";""
"202100017628";"170Â 109";"B01";"3";"2";"0";"2";"1";"1";"1";""
"202100017628";"170Â 110";"A01";"3";"7";"0";"2";"6";"15";"1";""
"202100017629";"170Â 108";"A01";"1";"30";"0";"1";"1";"1";"1";""
"202100017630";"170Â 106";"B01";"1";"50";"0";"2";"1";"25";"3";""
"202100017630";"170Â 107";"A01";"3";"7";"0";"2";"2";"26";"1";""
"202100017631";"170Â 104";"A01";"3";"7";"0";"2";"1";"13";"1";""
"202100017631";"170Â 105";"B01";"3";"7";"0";"2";"1";"1";"1";""
"202100017632";"170Â 102";"B01";"3";"1";"0";"0";"7";"19";"5";""
"202100017632";"170Â 103";"A01";"2";"7";"0";"2";"2";"16";"1";""
"202100017633";"170Â 100";"B01";"2";"60";"0";"2";"0";"19";"5";""
"202100017633";"170Â 101";"A01";"1";"7";"0";"2";"2";"9";"1";""
"202100017634";"170Â 098";"B01";"0";"7";"0";"0";"0";"0";"1";""
"202100017634";"170Â 099";"A01";"3";"21";"0";"2";"7";"26";"1";""
"202100017635";"170Â 097";"A01";"2";"33";"8";"0";"1";"17";"1";""
"202100017636";"170Â 096";"A01";"1";"7";"0";"1";"2";"1";"1";""
"202100017637";"170Â 095";"A01";"1";"7";"6";"0";"3";"13";"1";""
"202100017638";"170Â 091";"A01";"3";"7";"0";"2";"4";"2";"1";""
"202100017638";"170Â 092";"B01";"3";"7";"0";"2";"1";"2";"1";""
"202100017638";"170Â 093";"C01";"3";"7";"0";"2";"4";"2";"1";""
"202100017638";"170Â 094";"D01";"3";"7";"0";"2";"1";"2";"1";""
"202100017639";"170Â 089";"B01";"1";"7";"0";"2";"1";"1";"1";""
"202100017639";"170Â 090";"A01";"1";"7";"0";"2";"8";"1";"1";""
"202100017640";"170Â 087";"A01";"1";"7";"6";"2";"1";"1";"1";""
"202100017640";"170Â 088";"B01";"2";"7";"0";"2";"2";"1";"1";""
"202100017641";"170Â 085";"B01";"1";"1";"0";"2";"8";"0";"5";""
"202100017641";"170Â 086";"A01";"1";"7";"0";"2";"5";"26";"1";""
"202100017642";"170Â 083";"B01";"0";"7";"0";"2";"1";"0";"1";""
"202100017642";"170Â 084";"A01";"0";"7";"0";"2";"1";"5";"1";""
"202100017643";"170Â 081";"B01";"1";"7";"0";"2";"1";"1";"1";""
"202100017643";"170Â 082";"A01";"2";"7";"0";"2";"7";"15";"1";""
"202100017644";"170Â 080";"A01";"1";"7";"0";"1";"1";"1";"1";""
"202100017645";"170Â 079";"Z01";"2";"7";"0";"1";"1";"9";"1";""
"202100017646";"170Â 077";"A01";"1";"7";"0";"2";"2";"15";"1";""
"202100017646";"170Â 078";"B01";"0";"43";"0";"0";"0";"0";"1";""
"202100017647";"170Â 076";"A01";"3";"7";"0";"1";"3";"1";"1";""
"202100017648";"170Â 075";"A01";"1";"7";"4";"0";"3";"26";"1";""
"202100017649";"170Â 073";"B01";"0";"7";"8";"2";"5";"1";"1";""
"202100017649";"170Â 074";"A01";"0";"7";"0";"2";"1";"1";"1";""
"202100017650";"170Â 071";"B01";"1";"7";"0";"2";"7";"0";"1";""
"202100017650";"170Â 072";"A01";"2";"7";"8";"2";"3";"26";"1";""
"202100017651";"170Â 069";"B01";"3";"7";"0";"2";"1";"0";"1";""
"202100017651";"170Â 070";"A01";"3";"7";"0";"2";"1";"13";"1";""
"202100017652";"170Â 067";"B01";"2";"7";"0";"2";"8";"1";"1";""
"202100017652";"170Â 068";"A01";"2";"7";"0";"2";"1";"1";"1";""
"202100017653";"170Â 065";"A01";"1";"7";"0";"9";"2";"0";"1";""
"202100017653";"170Â 066";"B01";"1";"20";"0";"2";"1";"1";"1";""
"202100017654";"170Â 063";"A01";"1";"7";"0";"2";"6";"9";"1";""
"202100017654";"170Â 064";"B01";"1";"2";"0";"0";"0";"1";"1";""
"202100017655";"170Â 061";"A01";"1";"2";"0";"2";"2";"17";"1";""
"202100017655";"170Â 062";"B01";"1";"7";"0";"2";"3";"15";"1";""
"202100017656";"170Â 060";"A01";"1";"30";"0";"0";"8";"1";"1";""
"202100017657";"170Â 058";"B01";"3";"7";"0";"2";"8";"1";"1";""
"202100017657";"170Â 059";"A01";"3";"7";"0";"2";"1";"19";"1";""
"202100017658";"170Â 056";"B01";"1";"7";"0";"2";"1";"0";"1";""
"202100017658";"170Â 057";"A01";"2";"10";"0";"2";"3";"15";"1";""
"202100017659";"170Â 055";"A01";"1";"30";"0";"5";"8";"1";"1";""
"202100017660";"170Â 054";"A01";"3";"2";"0";"1";"1";"18";"1";""
"202100017661";"170Â 053";"A01";"3";"32";"5";"0";"1";"14";"1";""
"202100017662";"170Â 052";"A01";"3";"7";"0";"1";"1";"1";"1";""
"202100017663";"170Â 050";"A01";"2";"7";"0";"2";"3";"15";"1";""
"202100017663";"170Â 051";"B01";"2";"33";"0";"2";"2";"1";"1";""
"202100017664";"170Â 049";"A01";"2";"7";"0";"1";"3";"0";"6";""
"202100017665";"170Â 047";"B01";"1";"37";"0";"2";"2";"1";"1";"1"
"202100017665";"170Â 048";"A01";"2";"10";"0";"2";"3";"1";"1";""
"202100017666";"170Â 045";"B01";"1";"1";"0";"2";"4";"1";"5";""
"202100017666";"170Â 046";"A01";"1";"7";"0";"2";"1";"1";"1";""
"202100017667";"170Â 044";"A01";"0";"50";"12";"9";"1";"1";"3";""
"202100017668";"170Â 042";"A01";"1";"10";"16";"0";"2";"21";"1";""
"202100017668";"170Â 043";"B01";"3";"7";"1";"0";"2";"24";"1";""
"202100017669";"170Â 038";"B01";"3";"7";"0";"2";"4";"1";"1";""
"202100017669";"170Â 039";"A01";"3";"7";"0";"2";"1";"1";"1";""
"202100017669";"170Â 040";"C01";"3";"7";"0";"2";"4";"1";"1";""
"202100017669";"170Â 041";"D01";"3";"33";"0";"2";"1";"1";"1";""
"202100017670";"170Â 036";"A01";"2";"33";"0";"2";"2";"2";"1";""
"202100017670";"170Â 037";"B01";"2";"10";"0";"2";"6";"23";"1";""
"202100017671";"170Â 034";"A01";"1";"30";"0";"2";"3";"15";"3";""
"202100017671";"170Â 035";"B01";"2";"1";"0";"2";"1";"1";"5";""
"202100017672";"170Â 032";"B01";"1";"1";"0";"2";"2";"1";"5";""
"202100017672";"170Â 033";"A01";"1";"10";"0";"2";"3";"22";"1";""
"202100017673";"170Â 030";"A01";"1";"43";"0";"2";"1";"16";"1";""
"202100017673";"170Â 031";"B01";"1";"1";"0";"2";"8";"1";"5";""
"202100017674";"170Â 028";"B01";"1";"33";"0";"2";"4";"23";"1";""
"202100017674";"170Â 029";"A01";"1";"7";"0";"2";"2";"2";"1";""
"202100017675";"170Â 026";"B01";"2";"33";"0";"2";"3";"1";"1";""
"202100017675";"170Â 027";"A01";"2";"1";"0";"2";"3";"12";"5";""
"202100017676";"170Â 024";"A01";"2";"10";"0";"2";"2";"16";"3";""
"202100017676";"170Â 025";"B01";"1";"1";"0";"2";"1";"1";"5";""
"202100017677";"170Â 023";"A01";"2";"7";"0";"1";"1";"1";"1";""
"202100017678";"170Â 022";"A01";"2";"30";"0";"0";"0";"1";"1";""
"202100017679";"170Â 020";"B01";"2";"43";"0";"2";"3";"1";"1";""
"202100017679";"170Â 021";"A01";"2";"10";"0";"2";"1";"10";"1";""
"202100017680";"170Â 019";"A01";"2";"33";"14";"0";"3";"13";"1";""
"202100017681";"170Â 018";"A01";"3";"50";"0";"1";"1";"16";"3";""
"202100017682";"170Â 016";"B01";"1";"80";"0";"2";"8";"1";"3";""
"202100017682";"170Â 017";"A01";"1";"1";"0";"2";"1";"9";"5";""
"202100017683";"170Â 014";"A01";"1";"7";"0";"9";"8";"0";"1";""
"202100017683";"170Â 015";"B01";"1";"1";"1";"0";"1";"1";"5";""
"202100017684";"170Â 012";"B01";"0";"33";"0";"2";"1";"26";"1";""
"202100017684";"170Â 013";"A01";"0";"10";"0";"2";"1";"15";"1";""
"202100017685";"170Â 009";"B01";"3";"7";"0";"2";"4";"15";"1";""
"202100017685";"170Â 010";"C01";"2";"7";"0";"2";"8";"26";"0";""
"202100017685";"170Â 011";"A01";"2";"36";"0";"2";"0";"11";"1";""
"202100017686";"170Â 007";"A01";"1";"31";"0";"2";"1";"9";"1";""
"202100017686";"170Â 008";"B01";"1";"7";"0";"2";"5";"1";"1";""
"202100017687";"170Â 005";"A01";"1";"32";"15";"2";"2";"25";"1";""
"202100017687";"170Â 006";"B01";"1";"7";"0";"2";"3";"5";"1";""
"202100017688";"170Â 003";"A01";"2";"7";"0";"2";"2";"12";"2";""
"202100017688";"170Â 004";"B01";"2";"33";"0";"2";"8";"3";"1";""
"202100017689";"170Â 002";"A01";"1";"0";"0";"1";"1";"1";"0";""
"202100017690";"170Â 000";"B01";"3";"7";"0";"2";"2";"15";"1";""
"202100017690";"170Â 001";"A01";"3";"33";"0";"2";"1";"2";"1";""
"202100017691";"169Â 997";"A01";"2";"7";"0";"2";"1";"9";"1";""
"202100017691";"169Â 998";"B01";"2";"7";"0";"2";"4";"23";"1";""
"202100017691";"169Â 999";"C01";"2";"7";"0";"2";"4";"0";"1";""
"202100017692";"169Â 996";"A01";"1";"7";"0";"1";"3";"1";"1";""
"202100017693";"169Â 994";"B01";"2";"2";"0";"2";"1";"12";"1";""
"202100017693";"169Â 995";"A01";"2";"7";"0";"2";"5";"12";"1";""
"202100017694";"169Â 992";"A01";"1";"7";"0";"2";"2";"1";"1";""
"202100017694";"169Â 993";"B01";"3";"32";"0";"2";"1";"1";"1";""
"202100017695";"169Â 991";"A01";"3";"10";"0";"1";"4";"26";"1";""
"202100017696";"169Â 990";"A01";"2";"7";"0";"1";"3";"1";"2";""
"202100017697";"169Â 988";"B01";"3";"7";"0";"2";"1";"0";"1";""
"202100017697";"169Â 989";"A01";"3";"10";"0";"2";"7";"15";"1";""
"202100017698";"169Â 986";"A01";"2";"30";"0";"2";"1";"1";"1";""
"202100017698";"169Â 987";"B01";"1";"7";"0";"2";"1";"15";"1";""
"202100017699";"169Â 985";"A01";"1";"7";"0";"1";"3";"2";"1";""
"202100017700";"169Â 983";"A01";"3";"30";"0";"2";"7";"1";"1";""
"202100017700";"169Â 984";"B01";"0";"7";"0";"2";"1";"1";"1";""
"202100017701";"169Â 982";"A01";"0";"7";"0";"1";"2";"1";"1";""
"202100017702";"169Â 981";"A01";"1";"30";"0";"0";"1";"1";"1";""
"202100017703";"169Â 979";"B01";"3";"10";"0";"2";"8";"13";"1";""
"202100017703";"169Â 980";"A01";"3";"32";"0";"2";"2";"1";"1";""
"202100017704";"169Â 976";"A01";"2";"7";"0";"2";"1";"2";"1";""
"202100017704";"169Â 977";"B01";"2";"32";"0";"2";"4";"2";"1";""
"202100017704";"169Â 978";"C01";"2";"7";"0";"2";"6";"2";"1";""
"202100017705";"169Â 973";"A01";"1";"7";"0";"2";"5";"26";"1";""
"202100017705";"169Â 974";"B01";"1";"7";"0";"2";"4";"26";"1";""
"202100017705";"169Â 975";"C01";"1";"7";"0";"2";"1";"26";"1";""
"202100017706";"169Â 971";"A01";"2";"1";"0";"1";"2";"15";"5";""
"202100017706";"169Â 972";"B01";"2";"60";"0";"2";"1";"25";"5";""
"202100017707";"169Â 970";"A01";"3";"30";"0";"0";"0";"0";"1";""
"202100017708";"169Â 968";"A01";"3";"2";"0";"2";"1";"1";"1";""
"202100017708";"169Â 969";"B01";"0";"10";"0";"2";"3";"1";"1";""
"202100017709";"169Â 967";"A01";"1";"7";"2";"0";"1";"1";"1";""
"202100017710";"169Â 965";"B01";"2";"33";"0";"2";"1";"26";"1";""
"202100017710";"169Â 966";"A01";"1";"7";"0";"2";"8";"9";"1";""
"202100017711";"169Â 964";"A01";"2";"7";"8";"0";"2";"1";"1";""
"202100017712";"169Â 963";"A01";"2";"7";"7";"0";"1";"1";"1";""
"202100017713";"169Â 962";"A01";"0";"7";"6";"0";"1";"0";"1";""
"202100017714";"169Â 960";"B01";"1";"33";"0";"0";"4";"2";"1";""
"202100017714";"169Â 961";"A01";"1";"33";"0";"2";"1";"2";"1";""
"202100017715";"169Â 959";"A01";"1";"7";"13";"0";"9";"1";"1";""
"202100017716";"169Â 958";"A01";"2";"33";"0";"6";"1";"1";"1";""
"202100017717";"169Â 957";"A01";"1";"7";"8";"0";"1";"14";"1";""
"202100017718";"169Â 956";"A01";"2";"7";"2";"0";"1";"1";"1";""
"202100017719";"169Â 954";"A01";"3";"2";"0";"2";"1";"17";"1";""
"202100017719";"169Â 955";"B01";"3";"7";"0";"2";"3";"1";"1";""
"202100017720";"169Â 952";"B01";"1";"7";"0";"2";"2";"1";"1";""
"202100017720";"169Â 953";"A01";"2";"7";"0";"2";"1";"5";"1";""
"202100017721";"169Â 950";"B01";"2";"33";"0";"2";"7";"1";"1";""
"202100017721";"169Â 951";"A01";"1";"7";"0";"2";"3";"9";"1";""
"202100017722";"169Â 948";"B01";"1";"1";"0";"2";"8";"13";"5";""
"202100017722";"169Â 949";"A01";"1";"7";"0";"2";"3";"17";"1";""
"202100017723";"169Â 947";"A01";"1";"33";"0";"0";"2";"1";"1";""
"202100017724";"169Â 946";"A01";"1";"33";"3";"0";"7";"16";"1";""
"202100017725";"169Â 944";"B01";"0";"13";"0";"2";"3";"1";"1";""
"202100017725";"169Â 945";"A01";"0";"3";"0";"2";"3";"13";"1";""
"202100017726";"169Â 941";"C01";"2";"7";"0";"0";"4";"2";"1";""
"202100017726";"169Â 942";"B01";"2";"7";"0";"2";"4";"2";"1";""
"202100017726";"169Â 943";"A01";"2";"7";"0";"2";"1";"12";"1";""
"202100017727";"169Â 939";"B01";"1";"31";"0";"2";"8";"1";"1";""
"202100017727";"169Â 940";"A01";"2";"7";"0";"2";"3";"15";"1";""
"202100017728";"169Â 937";"B01";"1";"33";"0";"2";"3";"1";"1";""
"202100017728";"169Â 938";"A01";"2";"7";"0";"2";"3";"15";"1";""
"202100017729";"169Â 935";"A01";"1";"33";"0";"2";"1";"0";"1";""
"202100017729";"169Â 936";"B01";"2";"7";"0";"2";"1";"1";"1";""
"202100017730";"169Â 934";"A01";"1";"50";"0";"0";"0";"1";"3";""
"202100017731";"169Â 933";"A01";"3";"33";"2";"0";"1";"1";"1";""
"202100017732";"169Â 931";"B01";"0";"2";"0";"2";"5";"1";"1";""
"202100017732";"169Â 932";"A01";"0";"7";"0";"2";"2";"1";"1";""
"202100017733";"169Â 928";"B01";"1";"15";"0";"0";"5";"15";"1";""
"202100017733";"169Â 929";"A01";"2";"7";"0";"2";"1";"1";"1";""
"202100017734";"169Â 926";"A01";"1";"7";"0";"2";"1";"1";"1";""
"202100017734";"169Â 927";"B01";"1";"1";"0";"2";"8";"1";"5";""
"202100017735";"169Â 923";"A01";"1";"33";"0";"2";"1";"1";"1";""
"202100017735";"169Â 924";"C01";"1";"7";"0";"2";"6";"23";"1";""
"202100017735";"169Â 925";"B01";"1";"7";"12";"2";"2";"19";"1";""
"202100017736";"169Â 921";"A01";"1";"7";"0";"2";"3";"1";"1";""
"202100017736";"169Â 922";"B01";"2";"7";"0";"2";"3";"21";"1";""
"202100017737";"169Â 919";"B01";"2";"13";"0";"2";"2";"1";"1";""
"202100017737";"169Â 920";"A01";"1";"7";"6";"2";"7";"1";"1";""
"202100017738";"169Â 918";"A01";"2";"33";"0";"0";"9";"1";"1";""
"202100017739";"169Â 916";"B01";"1";"33";"0";"2";"2";"1";"1";""
"202100017739";"169Â 917";"A01";"1";"7";"0";"2";"6";"11";"1";""
"202100017740";"169Â 914";"A01";"2";"7";"0";"2";"3";"1";"1";""
"202100017740";"169Â 915";"B01";"1";"38";"0";"2";"3";"1";"1";"17"
"202100017741";"169Â 912";"B01";"2";"17";"0";"0";"2";"0";"1";""
"202100017741";"169Â 913";"A01";"2";"17";"1";"9";"3";"13";"1";""
"202100017742";"169Â 910";"B01";"2";"7";"0";"2";"6";"1";"1";""
"202100017742";"169Â 911";"A01";"2";"7";"0";"2";"2";"5";"1";""
"202100017743";"169Â 908";"B01";"2";"33";"0";"2";"1";"1";"1";""
"202100017743";"169Â 909";"A01";"1";"7";"0";"2";"2";"15";"1";""
"202100017744";"169Â 906";"A01";"1";"10";"1";"0";"2";"14";"1";""
"202100017744";"169Â 907";"B01";"1";"15";"0";"0";"6";"24";"1";""
"202100017745";"169Â 904";"B01";"2";"10";"0";"2";"1";"1";"1";""
"202100017745";"169Â 905";"A01";"1";"7";"0";"2";"1";"1";"1";""
"202100017746";"169Â 901";"A01";"2";"33";"0";"2";"0";"21";"1";""
"202100017746";"169Â 902";"B01";"2";"7";"0";"2";"3";"26";"1";""
"202100017746";"169Â 903";"C01";"1";"7";"0";"2";"6";"23";"1";""
"202100017747";"169Â 900";"A01";"2";"10";"0";"1";"4";"20";"1";""
"202100017748";"169Â 898";"B01";"2";"7";"0";"2";"3";"5";"1";""
"202100017748";"169Â 899";"A01";"1";"7";"0";"2";"3";"23";"1";""
"202100017749";"169Â 897";"A01";"3";"7";"0";"1";"2";"26";"1";""
"202100017750";"169Â 895";"A01";"2";"33";"0";"0";"0";"3";"1";""
"202100017750";"169Â 896";"B01";"1";"7";"0";"2";"1";"1";"1";""
"202100017751";"169Â 894";"A01";"2";"7";"0";"1";"3";"1";"1";""
"202100017752";"169Â 892";"A01";"2";"7";"0";"0";"3";"1";"1";""
"202100017752";"169Â 893";"B01";"1";"7";"0";"0";"3";"13";"1";""
"202100017753";"169Â 890";"B01";"1";"31";"0";"2";"1";"1";"1";""
"202100017753";"169Â 891";"A01";"2";"7";"0";"0";"5";"1";"1";""
"202100017754";"169Â 888";"B01";"3";"1";"0";"2";"3";"1";"5";""
"202100017754";"169Â 889";"A01";"3";"7";"0";"9";"2";"19";"1";""
"202100017755";"169Â 886";"B01";"2";"13";"0";"0";"4";"2";"1";""
"202100017755";"169Â 887";"A01";"2";"7";"0";"2";"1";"2";"1";""
"202100017756";"169Â 884";"A01";"3";"7";"0";"9";"8";"15";"1";""
"202100017756";"169Â 885";"B01";"2";"1";"0";"2";"1";"1";"5";""
"202100017757";"169Â 881";"C01";"1";"1";"0";"2";"4";"2";"5";""
"202100017757";"169Â 882";"B01";"1";"1";"0";"2";"4";"2";"5";""
"202100017757";"169Â 883";"A01";"1";"10";"0";"2";"2";"2";"1";""
"202100017758";"169Â 880";"A01";"1";"33";"7";"0";"0";"17";"1";""
"202100017759";"169Â 879";"A01";"2";"7";"2";"0";"1";"14";"3";""