"Num_Acc";"id_vehicule";"num_veh";"senc";"catv";"obs";"obsm";"choc";"manv";"motor";"occutc"
"202100017760";"169Â 878";"A01";"0";"7";"13";"0";"1";"0";"1";""
"202100017761";"169Â 876";"A01";"1";"7";"0";"2";"1";"2";"1";""
"202100017761";"169Â 877";"B01";"1";"15";"0";"0";"4";"2";"1";""
"202100017762";"169Â 871";"D01";"1";"7";"0";"2";"4";"2";"1";""
"202100017762";"169Â 872";"E01";"1";"7";"0";"2";"4";"2";"1";""
"202100017762";"169Â 873";"C01";"1";"7";"0";"2";"4";"2";"1";""
"202100017762";"169Â 874";"B01";"1";"7";"0";"2";"4";"2";"1";""
"202100017762";"169Â 875";"A01";"1";"7";"0";"2";"1";"2";"1";""
"202100017763";"169Â 869";"B01";"2";"34";"0";"0";"0";"0";"1";""
"202100017763";"169Â 870";"A01";"2";"7";"0";"2";"6";"2";"1";""
"202100017764";"169Â 866";"A01";"2";"7";"0";"2";"4";"1";"1";""
"202100017764";"169Â 867";"B01";"2";"7";"0";"2";"4";"1";"1";""
"202100017764";"169Â 868";"Z01";"2";"7";"0";"2";"1";"0";"0";""
"202100017765";"169Â 864";"Z01";"1";"7";"0";"2";"1";"0";"1";""
"202100017765";"169Â 865";"A01";"1";"7";"0";"2";"4";"2";"1";""
"202100017766";"169Â 861";"A01";"2";"7";"0";"2";"4";"1";"1";""
"202100017766";"169Â 862";"B01";"2";"7";"0";"2";"4";"1";"1";""
"202100017766";"169Â 863";"C01";"2";"7";"0";"2";"1";"1";"1";""
"202100017767";"169Â 859";"A01";"1";"7";"0";"2";"6";"11";"1";""
"202100017767";"169Â 860";"B01";"1";"43";"0";"2";"2";"0";"1";""
"202100017768";"169Â 855";"D01";"2";"17";"0";"2";"4";"2";"1";""
"202100017768";"169Â 856";"C01";"2";"7";"0";"2";"4";"2";"1";""
"202100017768";"169Â 857";"A01";"2";"17";"0";"2";"1";"2";"1";""
"202100017768";"169Â 858";"B01";"2";"17";"0";"2";"1";"2";"1";""
"202100017769";"169Â 853";"B01";"2";"33";"0";"2";"3";"3";"1";""
"202100017769";"169Â 854";"A01";"2";"7";"0";"2";"2";"12";"1";""
"202100017770";"169Â 852";"A01";"1";"33";"4";"0";"1";"2";"1";""
"202100017771";"169Â 851";"A01";"2";"7";"3";"2";"8";"0";"1";""
"202100017772";"169Â 848";"A01";"1";"33";"14";"2";"1";"3";"1";""
"202100017772";"169Â 849";"B01";"1";"7";"0";"2";"1";"2";"1";""
"202100017772";"169Â 850";"C01";"1";"10";"0";"2";"5";"23";"1";""
"202100017773";"169Â 846";"A01";"2";"33";"0";"2";"3";"3";"1";""
"202100017773";"169Â 847";"B01";"2";"7";"0";"2";"5";"11";"1";""
"202100017774";"169Â 845";"A01";"2";"34";"0";"0";"8";"21";"1";""
"202100017775";"169Â 843";"B01";"1";"10";"0";"2";"8";"11";"1";""
"202100017775";"169Â 844";"A01";"1";"33";"0";"2";"7";"3";"1";""
"202100017776";"169Â 841";"A01";"1";"33";"0";"2";"7";"3";"1";""
"202100017776";"169Â 842";"B01";"1";"10";"0";"2";"8";"11";"1";""
"202100017777";"169Â 839";"B01";"2";"7";"0";"0";"4";"1";"1";""
"202100017777";"169Â 840";"A01";"2";"33";"0";"2";"2";"3";"1";""
"202100017778";"169Â 837";"B01";"1";"7";"0";"2";"6";"9";"1";""
"202100017778";"169Â 838";"A01";"1";"33";"0";"2";"7";"9";"1";""
"202100017779";"169Â 835";"A01";"2";"31";"0";"2";"4";"3";"1";""
"202100017779";"169Â 836";"B01";"1";"7";"0";"2";"4";"1";"1";""
"202100017780";"169Â 833";"A01";"2";"7";"0";"2";"9";"1";"1";""
"202100017780";"169Â 834";"B01";"2";"7";"0";"2";"1";"0";"1";""
"202100017781";"169Â 830";"B01";"1";"7";"0";"2";"6";"1";"1";""
"202100017781";"169Â 831";"C01";"1";"7";"14";"2";"1";"21";"1";""
"202100017781";"169Â 832";"A01";"1";"32";"0";"2";"1";"9";"1";""
"202100017782";"169Â 828";"A01";"0";"10";" -1";"1";"4";"0";"1";""
"202100017782";"169Â 829";"B01";"0";"14";"0";"0";" -1";"0";"1";""
"202100017783";"169Â 827";"A01";"3";"7";"12";"1";"1";"13";"1";""
"202100017784";"169Â 826";"A01";"1";"33";"0";"0";"1";"16";"1";""
"202100017785";"169Â 825";"A01";"1";"10";"0";"1";"1";"26";"1";""
"202100017786";"169Â 824";"A01";"2";"7";"0";"0";"3";"16";"1";""
"202100017787";"169Â 822";"B01";"2";"7";"0";"0";"3";"1";"1";""
"202100017787";"169Â 823";"A01";"1";"33";"0";"2";"1";"13";"1";""
"202100017788";"169Â 820";"A01";"1";"7";"0";"9";"3";"9";"1";""
"202100017788";"169Â 821";"B01";"1";"1";"0";"2";"6";"1";"5";""
"202100017789";"169Â 818";"A01";"3";"7";"0";"2";"2";"1";"1";""
"202100017789";"169Â 819";"B01";"3";"2";"0";"0";"4";"1";"1";""
"202100017790";"169Â 816";"A01";"1";"7";"0";"2";"8";"15";"1";""
"202100017790";"169Â 817";"B01";"1";"31";"0";"2";"7";"2";"1";""
"202100017791";"169Â 815";"A01";"2";"7";"0";"1";"3";"7";"1";""
"202100017792";"169Â 813";"B01";"1";"50";"0";"2";"8";"1";"3";""
"202100017792";"169Â 814";"A01";"1";"3";"0";"2";"2";"16";"1";""
"202100017793";"169Â 811";"B01";"3";"7";"0";"2";"7";"15";"1";""
"202100017793";"169Â 812";"A01";"3";"7";"0";"2";"1";"26";"0";""
"202100017794";"169Â 810";"A01";"1";"33";"4";"0";"4";"26";"1";""
"202100017795";"169Â 809";"A01";"1";"10";"0";"9";"2";"16";"1";""
"202100017796";"169Â 808";"A01";"3";"7";"0";"1";"1";"1";"1";""
"202100017797";"169Â 807";"A01";"2";"7";"0";"9";"4";"14";"1";""
"202100017798";"169Â 806";"A01";"3";"99";"0";"0";"1";"26";"5";""
"202100017799";"169Â 804";"B01";"2";"7";"0";"2";"4";"1";"1";""
"202100017799";"169Â 805";"A01";"2";"32";"0";"2";"1";"21";"1";""
"202100017800";"169Â 801";"A01";"1";"7";"0";"2";"3";"0";"0";""
"202100017800";"169Â 802";"B01";"2";"7";"0";"2";"5";"15";"1";""
"202100017801";"169Â 800";"A01";"3";"7";"0";"1";"2";"9";"2";""
"202100017802";"169Â 798";"B01";"0";"7";"0";"2";"1";"26";"1";""
"202100017802";"169Â 799";"A01";"0";"7";"9";"2";"3";"9";"1";""
"202100017803";"169Â 797";"A01";"1";"7";"0";"1";"1";"15";"1";""
"202100017804";"169Â 796";"A01";"2";"10";"0";"1";"3";"26";"1";""
"202100017805";"169Â 794";"B01";"0";"7";"0";"2";"4";"1";"1";""
"202100017805";"169Â 795";"A01";"0";"10";"0";"2";"1";"1";"1";""
"202100017806";"169Â 792";"A01";"0";"33";"0";"2";"1";"1";"1";""
"202100017806";"169Â 793";"B01";"0";"7";"0";"2";"8";"1";"1";""
"202100017807";"169Â 790";"B01";"0";"1";"0";"2";"1";"1";"5";""
"202100017807";"169Â 791";"A01";"0";"7";"0";"2";"8";"0";"1";""
"202100017808";"169Â 788";"B01";"0";"7";"0";"2";"4";"1";"1";""
"202100017808";"169Â 789";"A01";"0";"30";"0";"2";"1";"1";"1";""
"202100017809";"169Â 786";"B01";"0";"7";"0";"2";"1";"1";"1";""
"202100017809";"169Â 787";"A01";"0";"50";"0";"2";"8";"1";"3";""
"202100017810";"169Â 785";"A01";"3";"7";"1";"0";"2";"1";"1";""
"202100017811";"169Â 783";"B01";"0";"1";"0";"2";"1";"1";"5";""
"202100017811";"169Â 784";"A01";"0";"7";"0";"2";"7";"16";"1";""
"202100017812";"169Â 780";"A01";"0";"7";"0";"2";"1";"1";"1";""
"202100017812";"169Â 781";"B01";"0";"7";"0";"2";"4";"1";"1";""
"202100017812";"169Â 782";"C01";"0";"7";"0";"2";"4";"1";"1";""
"202100017813";"169Â 779";"A01";"1";"7";"0";"1";"2";"1";"1";""
"202100017814";"169Â 775";"B01";"3";"7";"0";"2";"6";"15";"1";""
"202100017814";"169Â 776";"A01";"3";"32";"0";"2";"1";"7";"1";""
"202100017815";"169Â 774";"A01";"3";"7";"0";"1";"1";"1";"2";""
"202100017816";"169Â 773";"A01";"2";"7";"1";"0";"1";"1";"1";""
"202100017817";"169Â 772";"A01";"0";"7";"12";"0";"1";"1";"1";""
"202100017818";"169Â 771";"A01";"0";"50";"12";"0";"1";"1";"3";""
"202100017819";"169Â 769";"A01";"2";"7";"0";"2";"1";"1";"1";""
"202100017819";"169Â 770";"B01";"2";"7";"0";"2";"4";"23";"1";""
"202100017820";"169Â 767";"B01";"2";"7";"0";"2";"7";"15";"1";""
"202100017820";"169Â 768";"A01";"1";"7";"0";"2";"1";"1";"1";""
"202100017821";"169Â 765";"B01";"2";"7";"0";"2";"5";"23";"1";""
"202100017821";"169Â 766";"A01";"2";"7";"0";"2";"3";"1";"1";""
"202100017822";"169Â 763";"A01";"3";"7";"8";"4";"1";"1";"1";""
"202100017822";"169Â 764";"B01";"3";"40";"8";"2";"2";"1";"3";""
"202100017823";"169Â 761";"B01";"1";"10";"0";"2";"1";"2";"1";""
"202100017823";"169Â 762";"A01";"1";"7";"0";"2";"4";"2";"2";""
"202100017824";"169Â 759";"B01";"1";"1";"0";"2";"7";"1";"5";""
"202100017824";"169Â 760";"A01";"1";"7";"0";"2";"3";"9";"1";""
"202100017825";"169Â 757";"B01";"2";"7";"0";"2";"4";"23";"1";""
"202100017825";"169Â 758";"A01";"2";"7";"0";"2";"1";"2";"1";""
"202100017826";"169Â 755";"A01";"1";"7";"0";"2";"2";"15";"1";""
"202100017826";"169Â 756";"B01";"2";"1";"0";"2";"7";"1";"5";""
"202100017827";"169Â 754";"A01";"1";"10";"1";"0";"1";"26";"1";""
"202100017828";"169Â 752";"B01";"1";"7";"0";"2";"1";"15";"1";""
"202100017828";"169Â 753";"A01";"1";"31";"0";"2";"1";"15";"1";""
"202100017829";"169Â 750";"A01";"2";"7";"0";"2";"8";"15";"2";""
"202100017829";"169Â 751";"B01";"1";"7";"0";"2";"7";"1";"1";""
"202100017830";"169Â 749";"A01";"1";"7";"10";"0";"4";"26";"1";""
"202100017831";"169Â 747";"A01";"1";"7";"0";"2";"1";"2";"2";""
"202100017831";"169Â 748";"B01";"1";"7";"0";"2";"4";"2";"1";""
"202100017832";"169Â 742";"D01";"0";"7";"0";"2";"4";"23";"1";""
"202100017832";"169Â 743";"E01";"0";"7";"0";"2";"4";"23";"1";""
"202100017832";"169Â 744";"B01";"0";"7";"0";"2";"4";"23";"1";""
"202100017832";"169Â 745";"C01";"0";"7";"0";"2";"4";"23";"1";""
"202100017832";"169Â 746";"A01";"0";"7";"0";"2";"1";"2";"1";""
"202100017833";"169Â 741";"A01";"3";"7";"0";"0";"2";"9";"6";""
"202100017834";"169Â 739";"A01";"3";"10";"0";"2";"8";"22";"1";""
"202100017834";"169Â 740";"B01";"3";"1";"0";"2";"1";"1";"5";""
"202100017835";"169Â 737";"A01";"2";"7";"0";"2";"3";"26";"1";""
"202100017835";"169Â 738";"B01";"1";"30";"0";"2";"3";"1";"1";""
"202100017836";"169Â 736";"A01";"2";"7";"13";"0";"1";"1";"1";""
"202100017837";"169Â 735";"A01";"2";"7";"13";"0";"1";"14";"1";""
"202100017838";"169Â 733";"A01";"2";"7";"0";"2";"3";"13";"1";""
"202100017838";"169Â 734";"B01";"1";"7";"3";"2";"3";"1";"1";""
"202100017839";"169Â 731";"B01";"3";"30";"0";"2";"7";"16";"1";""
"202100017839";"169Â 732";"A01";"3";"7";"0";"2";"1";"1";"1";""
"202100017840";"169Â 730";"A01";"2";"7";"13";"0";"2";"1";"1";""
"202100017841";"169Â 728";"B01";"0";"7";"0";"2";"4";"1";"1";""
"202100017841";"169Â 729";"A01";"0";"2";"0";"2";"1";"2";"1";""
"202100017842";"169Â 727";"A01";"0";"7";"1";"0";"2";"14";"1";""
"202100017843";"169Â 725";"B01";"0";"50";"0";"2";"1";"26";"3";""
"202100017843";"169Â 726";"A01";"0";"7";"0";"2";"3";"26";"1";""
"202100017844";"169Â 723";"A01";"1";"7";"0";"2";"6";"1";"1";""
"202100017844";"169Â 724";"B01";"1";"2";"0";"9";"6";"1";"3";""
"202100017845";"169Â 721";"A01";"2";"7";"0";"2";"1";"2";"1";""
"202100017845";"169Â 722";"B01";"2";"7";"0";"2";"4";"1";"1";""
"202100017846";"169Â 720";"A01";"1";"7";"0";"1";"1";"1";"1";""
"202100017847";"169Â 718";"B01";"0";"7";"0";"2";"4";"26";"1";""
"202100017847";"169Â 719";"A01";"3";"2";"0";"2";"1";"1";"1";""
"202100017848";"169Â 716";"B01";"2";"7";"0";"2";"1";"1";"1";""
"202100017848";"169Â 717";"A01";"1";"7";"0";"2";"1";"13";"1";""
"202100017849";"169Â 714";"B01";"2";"7";"0";"2";"4";"1";"1";""
"202100017849";"169Â 715";"A01";"2";"7";"0";"2";"3";"10";"1";""
"202100017850";"169Â 712";"A01";"1";"1";"0";"2";"4";"19";"5";""
"202100017850";"169Â 713";"B01";"1";"7";"0";"2";"8";"1";"1";""
"202100017851";"169Â 710";"B01";"1";"10";"0";"2";"4";"1";"1";""
"202100017851";"169Â 711";"A01";"1";"31";"0";"2";"1";"1";"1";""
"202100017852";"169Â 708";"A01";"2";"7";"0";"2";"7";"10";"1";""
"202100017852";"169Â 709";"B01";"1";"34";"0";"2";"1";"1";"1";""
"202100017853";"169Â 706";"B01";"1";"7";"0";"2";"4";"1";"1";""
"202100017853";"169Â 707";"A01";"1";"7";"0";"2";"1";"2";"1";""
"202100017854";"169Â 705";"A01";"3";"30";"1";"0";"0";"26";"0";""
"202100017855";"169Â 703";"B01";"1";"7";"0";"2";"4";"2";"1";""
"202100017855";"169Â 704";"A01";"1";"7";"0";"2";"1";"2";"1";""
"202100017856";"169Â 701";"A01";"1";"7";"0";"2";"1";"2";"1";""
"202100017856";"169Â 702";"B01";"2";"7";"0";"2";"8";"15";"0";""
"202100017857";"169Â 699";"B01";"1";"30";"0";"2";"1";"1";"1";""
"202100017857";"169Â 700";"A01";"1";"7";"0";"2";"3";"15";"1";""
"202100017858";"169Â 697";"B01";"1";"30";"0";"2";"1";"1";"1";""
"202100017858";"169Â 698";"A01";"1";"7";"0";"2";"3";"9";"1";""
"202100017859";"169Â 696";"A01";"1";"7";"0";"1";"3";"1";"1";""
"202100017860";"169Â 695";"A01";"3";"7";"8";"0";"1";"26";"3";""
"202100017861";"169Â 694";"A01";"2";"7";"15";"0";"3";"13";"1";""
"202100017862";"169Â 692";"A01";"1";"7";"0";"2";"1";"15";"1";""
"202100017862";"169Â 693";"B01";"3";"2";"0";"2";"1";"1";"1";""
"202100017863";"169Â 690";"A01";"3";"7";"0";"2";"1";"9";"1";""
"202100017863";"169Â 691";"B01";"3";"7";"0";"2";"7";"1";"1";""
"202100017864";"169Â 688";"B01";"3";"7";"0";"2";"3";"21";"1";""
"202100017864";"169Â 689";"A01";"3";"7";"0";"2";"2";"9";"1";""
"202100017865";"169Â 686";"B01";"3";"2";"0";"2";"1";"16";"1";""
"202100017865";"169Â 687";"A01";"3";"7";"0";"2";"2";"15";"1";""
"202100017866";"169Â 684";"B01";"0";"7";"0";"2";"1";"1";"1";""
"202100017866";"169Â 685";"A01";"0";"7";"0";"2";"6";"1";"1";""
"202100017867";"169Â 682";"A01";"2";"30";"0";"2";"1";"5";"1";""
"202100017867";"169Â 683";"B01";"1";"30";"0";"2";"1";"1";"1";""
"202100017868";"169Â 681";"A01";"3";"32";"0";"2";"1";"1";"1";""
"202100017869";"169Â 679";"B01";"3";"7";"0";"2";"8";"14";"1";""
"202100017869";"169Â 680";"A01";"3";"7";"0";"2";"3";"13";"1";""
"202100017870";"169Â 678";"A01";"2";"99";"8";"0";"2";"26";"0";""
"202100017871";"169Â 677";"A01";"2";"33";"9";"1";"1";"9";"1";""
"202100017872";"169Â 675";"A01";"2";"31";"0";"2";"1";"3";"1";""
"202100017872";"169Â 676";"B01";"1";"7";"0";"2";"8";"15";"1";""
"202100017873";"169Â 674";"A01";"1";"7";"0";"1";"2";"26";"1";""
"202100017874";"169Â 673";"Z01";"1";"34";"0";"1";"1";"1";"0";""
"202100017875";"169Â 671";"B01";"2";"43";"0";"2";"0";"18";"1";""
"202100017875";"169Â 672";"A01";"2";"7";"0";"2";"2";"16";"1";""
"202100017876";"169Â 670";"A01";"1";"7";"12";"0";"2";"9";"1";""
"202100017877";"169Â 668";"B01";"1";"7";"0";"2";"1";"15";"1";""
"202100017877";"169Â 669";"A01";"2";"50";"0";"2";"1";"1";"3";""
"202100017878";"169Â 667";"A01";"2";"1";"0";"1";"1";"1";"5";""
"202100017879";"169Â 665";"A01";"3";"7";"0";"2";"2";"1";"1";""
"202100017879";"169Â 666";"B01";"2";"33";"0";"2";"3";"1";"1";""
"202100017880";"169Â 663";"B01";"2";"32";"0";"2";"7";"1";"1";""
"202100017880";"169Â 664";"A01";"2";"14";"0";"2";"1";"1";"1";""
"202100017881";"169Â 661";"B01";"1";"33";"0";"2";"8";"1";"1";""
"202100017881";"169Â 662";"A01";"2";"7";"0";"0";"2";"15";"5";""
"202100017882";"169Â 659";"B01";"2";"37";"0";"2";"1";"1";"1";"2"
"202100017882";"169Â 660";"A01";"1";"7";"0";"2";"2";"1";"1";""
"202100017883";"169Â 657";"A01";"1";"7";"0";"2";"2";"15";"1";""
"202100017883";"169Â 658";"B01";"2";"7";"0";"2";"3";"1";"1";""
"202100017884";"169Â 655";"A01";"0";"7";"0";"2";"6";"24";"1";""
"202100017884";"169Â 656";"B01";"1";"10";"1";"2";"2";"14";"3";""
"202100017885";"169Â 653";"A01";"2";"7";"0";"2";"1";"2";"1";""
"202100017885";"169Â 654";"B01";"2";"7";"0";"0";"4";"1";"1";""
"202100017886";"169Â 651";"B01";"2";"30";"0";"2";"1";"1";"1";""
"202100017886";"169Â 652";"A01";"1";"7";"0";"2";"3";"15";"1";""
"202100017887";"169Â 649";"B01";"2";"7";"0";"2";"1";"15";"1";""
"202100017887";"169Â 650";"A01";"1";"10";"0";"2";"1";"1";"1";""
"202100017888";"169Â 647";"B01";"1";"7";"0";"2";"6";"2";"1";""
"202100017888";"169Â 648";"A01";"1";"7";"0";"2";"2";"2";"1";""
"202100017889";"169Â 645";"B01";" -1";"32";"0";"2";"1";"26";"1";""
"202100017889";"169Â 646";"A01";"0";"99";"0";"0";"0";"0";" -1";""
"202100017890";"169Â 644";"A01";"2";"7";"0";"1";"7";"19";"0";""
"202100017891";"169Â 643";"A01";"0";"1";"0";"0";"0";"26";"5";""
"202100017892";"169Â 641";"A01";"0";"7";"0";"1";"1";"26";"0";""
"202100017892";"169Â 642";"Y01";"0";"60";"0";"2";"0";"0";"5";""
"202100017893";"169Â 639";"B01";"1";"7";"0";"2";"2";"1";"1";""
"202100017893";"169Â 640";"A01";"1";"7";"0";"2";"8";"9";"1";""
"202100017894";"169Â 637";"A01";"0";"33";"0";"2";"1";"1";"1";""
"202100017894";"169Â 638";"B01";"0";"7";"0";"2";"2";"9";"1";""
"202100017895";"169Â 634";"A01";"1";"2";"1";"2";"1";"1";"1";""
"202100017895";"169Â 635";"B01";"1";"1";"0";"2";"3";"15";"5";""
"202100017895";"169Â 636";"C01";"1";"7";"0";"2";"6";"24";"2";""
"202100017896";"169Â 632";"A01";"2";"7";"0";"2";"1";"1";"1";""
"202100017896";"169Â 633";"B01";"2";"7";"0";"2";"4";"23";"1";""
"202100017897";"169Â 630";"A01";"3";"7";"0";"2";"2";"2";"1";""
"202100017897";"169Â 631";"B01";"3";"34";"0";"2";"4";"1";"0";""
"202100017898";"169Â 628";"A01";"1";"30";"0";"2";"2";"1";"1";""
"202100017898";"169Â 629";"B01";"2";"10";"0";"2";"2";"15";"1";""
"202100017899";"169Â 626";"A01";"1";"7";"14";"2";"0";"0";"0";""
"202100017899";"169Â 627";"B01";"1";"2";"0";"2";"1";"0";"1";""
"202100017900";"169Â 623";"B01";"1";"7";"0";"0";"0";"15";"0";""
"202100017900";"169Â 624";"A01";"1";"30";"0";"2";"8";"1";"1";""
"202100017901";"169Â 621";"B01";"1";"7";"0";"2";"4";"1";"1";""
"202100017901";"169Â 622";"A01";"1";"14";"0";"2";"1";"2";"1";""
"202100017902";"169Â 620";"A01";"1";"7";"0";"1";"8";"1";"1";""
"202100017903";"169Â 619";"A01";"1";"31";"0";"1";"1";"1";"1";""
"202100017904";"169Â 616";"A01";"2";"7";"0";"2";"1";"2";"1";""
"202100017904";"169Â 617";"B01";"2";"7";"0";"2";"4";"1";"1";""
"202100017904";"169Â 618";"C01";"2";"7";"0";"2";"4";"1";"1";""
"202100017905";"169Â 615";"A01";"1";"7";"0";"1";"2";"1";"1";""
"202100017906";"169Â 613";"A01";"3";"7";"0";"1";"1";"15";"1";""
"202100017907";"169Â 612";"A01";"1";"7";"3";"0";"8";"13";"1";""
"202100017908";"169Â 611";"A01";"1";"7";"2";"0";"0";"1";"1";""
"202100017909";"169Â 609";"A01";"1";"2";"0";"2";"7";"1";"1";""
"202100017909";"169Â 610";"B01";"2";"7";"0";"2";"3";"1";"1";""
"202100017910";"169Â 608";"A01";"1";"7";"0";"0";"0";"1";"1";""
"202100017911";"169Â 607";"A01";"0";"7";"0";"1";"4";"20";"1";""
"202100017912";"169Â 605";"A01";"0";"7";"0";"2";"3";"0";"1";""
"202100017912";"169Â 606";"B01";"3";"7";"0";"2";"1";"17";"1";""
"202100017913";"169Â 603";"A01";"2";"7";"0";"2";"1";"13";"1";""
"202100017913";"169Â 604";"B01";"1";"7";"0";"2";"1";"1";"1";""
"202100017914";"169Â 602";"A01";"1";"7";"2";"0";"3";"13";"1";""
"202100017915";"169Â 599";"C01";"2";"7";"0";"2";"8";"1";"1";""
"202100017915";"169Â 600";"B01";"2";"7";"0";"2";"4";"2";"1";""
"202100017915";"169Â 601";"A01";"2";"7";"0";"2";"1";"2";"1";""
"202100017916";"169Â 597";"B01";"2";"10";"0";"2";"1";"2";"1";""
"202100017916";"169Â 598";"A01";"2";"7";"4";"2";"0";"1";"1";""
"202100017917";"169Â 595";"A01";"2";"7";"0";"0";"3";"15";"1";""
"202100017917";"169Â 596";"B01";"1";"33";"0";"2";"1";"17";"1";""
"202100017918";"169Â 592";"A01";"2";"7";"0";"2";"5";"21";"1";""
"202100017918";"169Â 593";"C01";"1";"14";"0";"2";"1";"1";"1";""
"202100017918";"169Â 594";"B01";"2";"7";"0";"0";"6";"23";"1";""
"202100017919";"169Â 590";"B01";"2";"7";"0";"9";"3";"1";"1";""
"202100017919";"169Â 591";"A01";"1";"33";"0";"2";"0";"1";"1";""
"202100017920";"169Â 586";"B01";"3";"7";"0";"2";"2";"1";"1";""
"202100017920";"169Â 587";"A01";"3";"7";"0";"2";"3";"1";"1";""
"202100017921";"169Â 585";"A01";"3";"2";"13";"0";"0";"1";"1";""
"202100017922";"169Â 584";"A01";"2";"7";"15";"1";"3";"1";"1";""
"202100017923";"169Â 583";"A01";"2";"14";"0";"1";"3";"16";"0";""
"202100017924";"169Â 582";"A01";"1";"7";"0";"0";"3";"1";"1";""
"202100017925";"169Â 581";"A01";"3";"7";"0";"0";"0";"1";"1";""
"202100017926";"169Â 580";"A01";"3";"7";"0";"1";"1";"16";"1";""
"202100017927";"169Â 579";"A01";"1";"7";"0";"1";"3";"9";"1";""
"202100017928";"169Â 578";"A01";"1";"33";"13";"0";"1";"1";"1";""
"202100017929";"169Â 576";"B01";"3";"7";"0";"0";"8";"9";"1";""
"202100017929";"169Â 577";"A01";"3";"7";"0";"2";"1";"1";"1";""
"202100017930";"169Â 574";"B01";"1";"7";"3";"0";"1";"1";"1";""
"202100017930";"169Â 575";"A01";"1";"7";"0";"2";"1";"1";"1";""
"202100017931";"169Â 572";"B01";"2";"7";"0";"2";"3";"1";"1";""
"202100017931";"169Â 573";"A01";"1";"10";"0";"2";"1";"6";"1";""
"202100017932";"169Â 570";"B01";"1";"7";"0";"2";"1";"15";"1";""
"202100017932";"169Â 571";"A01";"2";"7";"0";"2";"1";"1";"1";""
"202100017933";"169Â 569";"A01";"2";"10";"13";"0";"1";"1";"1";""
"202100017934";"169Â 567";"B01";"2";"7";"0";"2";"2";"1";"1";""
"202100017934";"169Â 568";"A01";"1";"13";"0";"2";"1";"13";"1";""
"202100017935";"169Â 565";"B01";"2";"2";"0";"2";"1";"1";"1";""
"202100017935";"169Â 566";"A01";"1";"7";"0";"2";"1";"15";"1";""
"202100017936";"169Â 563";"B01";"1";"31";"0";"2";"1";"1";"1";""
"202100017936";"169Â 564";"A01";"2";"7";"0";"2";"2";"19";"1";""
"202100017937";"169Â 562";"A01";"3";"7";"0";"1";"1";"16";"1";""
"202100017938";"169Â 561";"A01";"2";"7";"16";"0";"9";"13";"1";""
"202100017939";"169Â 559";"A01";"2";"1";"0";"2";"1";"19";"5";""
"202100017939";"169Â 560";"B01";"1";"7";"0";"2";"2";"1";"1";""
"202100017940";"169Â 557";"B01";"3";"99";"0";"0";"7";"1";"1";""
"202100017940";"169Â 558";"A01";"3";"1";"0";"2";"1";"1";"5";""
"202100017941";"169Â 555";"B01";"2";"99";"0";"2";"3";"10";"1";""
"202100017941";"169Â 556";"A01";"2";"7";"0";"2";"2";"1";"1";""
"202100017942";"169Â 554";"A01";"2";"7";"13";"0";"1";"1";"1";""
"202100017943";"169Â 552";"B01";"2";"7";"0";"2";"2";"15";"1";""
"202100017943";"169Â 553";"A01";"1";"50";"0";"2";"8";"1";"3";""
"202100017944";"169Â 551";"A01";"1";"7";"2";"0";"7";"13";"1";""
"202100017945";"169Â 550";"A01";"1";"7";"2";"0";"1";"1";"1";""
"202100017946";"169Â 548";"A01";"2";"7";"0";"2";"3";"2";"1";""
"202100017946";"169Â 549";"B01";"2";"2";"0";"0";"4";"2";"1";""
"202100017947";"169Â 547";"A01";"1";"7";"0";"1";"1";"1";"1";""
"202100017948";"169Â 546";"A01";"0";"1";"0";"0";"0";"0";"5";""
"202100017949";"169Â 544";"B01";"1";"7";"0";"2";"4";"2";"1";""
"202100017949";"169Â 545";"A01";"1";"7";"0";"2";"1";"2";"1";""
"202100017950";"169Â 543";"A01";"1";"31";"3";"0";"3";"17";"1";""
"202100017951";"169Â 539";"D01";"2";"7";"0";"2";"1";"2";"1";""
"202100017951";"169Â 540";"C01";"2";"7";"0";"2";"1";"2";"1";""
"202100017951";"169Â 541";"B01";"2";"7";"0";"2";"4";"2";"1";""
"202100017951";"169Â 542";"A01";"2";"7";"0";"0";"4";"26";"1";""
"202100017952";"169Â 537";"A01";"2";"7";"0";"2";"6";"15";"1";""
"202100017952";"169Â 538";"B01";"2";"33";"0";"2";"1";"2";"1";""
"202100017953";"169Â 535";"B01";"1";"2";"0";"2";"1";"1";"1";""
"202100017953";"169Â 536";"A01";"2";"7";"0";"2";"3";"19";"1";""
"202100017954";"169Â 533";"B01";"0";"7";"0";"2";"3";"0";"1";""
"202100017954";"169Â 534";"A01";"0";"31";"0";"2";"1";"3";"1";""
"202100017955";"169Â 532";"A01";"3";"21";"0";"0";"0";"13";"1";""
"202100017956";"169Â 531";"A01";"1";"33";"12";"0";"7";"9";"1";""
"202100017957";"169Â 530";"A01";"2";"7";"0";"1";"1";"0";"1";""
"202100017958";"169Â 527";"A01";"2";"7";"0";"2";"8";"13";"1";""
"202100017958";"169Â 528";"B01";"2";"33";"0";"2";"7";"1";"1";""
"202100017958";"169Â 529";"C01";"2";"7";"0";"2";"4";"1";"1";""
"202100017959";"169Â 526";"A01";"1";"10";"0";"5";"1";"1";"1";""
"202100017960";"169Â 524";"A01";"1";"33";"0";"2";"1";"26";"1";""
"202100017960";"169Â 525";"B01";"1";"7";"0";"2";"4";"2";"1";""