"Num_Acc";"id_vehicule";"num_veh";"senc";"catv";"obs";"obsm";"choc";"manv";"motor";"occutc"
"202100018363";"168Â 803";"B01";"1";"10";"0";"2";"4";"2";"1";""
"202100018363";"168Â 804";"A01";"1";"2";"0";"2";"1";"2";"1";""
"202100018364";"168Â 801";"Z01";"1";"0";"0";"2";"0";"2";"0";""
"202100018364";"168Â 802";"B01";"1";"7";"0";"2";"4";"23";"1";""
"202100018365";"168Â 799";"B01";"1";"7";"0";"2";"4";"1";"1";""
"202100018365";"168Â 800";"A01";"1";"7";"0";"2";"1";"2";"1";""
"202100018366";"168Â 798";"A01";"0";"2";"6";"0";"1";"1";"1";""
"202100018367";"168Â 797";"A01";"3";"7";"0";"1";"1";"1";"1";""
"202100018368";"168Â 795";"A01";"1";"7";"0";"2";"3";"15";"1";""
"202100018368";"168Â 796";"B01";"1";"1";"0";"2";"4";"12";"0";""
"202100018369";"168Â 793";"A01";"1";"7";"0";"9";"5";"16";"1";""
"202100018369";"168Â 794";"B01";"1";"1";"0";"2";"1";"1";"5";""
"202100018370";"168Â 790";"A01";"0";"1";"0";"2";"1";"1";"5";""
"202100018370";"168Â 791";"B01";"0";"7";"0";"2";"0";"0";" -1";""
"202100018371";"168Â 788";"B01";"3";"7";"0";"2";"2";"0";"1";""
"202100018371";"168Â 789";"A01";"1";"7";"0";"2";"3";"19";"1";""
"202100018372";"168Â 786";"A01";"1";"7";"0";"9";"7";"1";"1";""
"202100018372";"168Â 787";"B01";"1";"1";"0";"2";"0";"2";"5";""
"202100018373";"168Â 784";"A01";"2";"7";"0";"2";"1";"13";"1";""
"202100018373";"168Â 785";"B01";"1";"10";"0";"2";"1";"1";"1";""
"202100018374";"168Â 782";"B01";"2";"50";"0";"2";"1";"5";"3";""
"202100018374";"168Â 783";"A01";"2";"7";"0";"2";"7";"15";"1";""
"202100018375";"168Â 780";"A01";"1";"33";"0";"2";"1";"2";"1";""
"202100018375";"168Â 781";"B01";"1";"7";"0";"2";"4";"2";"1";""
"202100018376";"168Â 779";"A01";"1";"7";"0";"1";"3";"19";"1";""
"202100018377";"168Â 777";"B01";"1";"50";"0";"2";"1";"2";"3";""
"202100018377";"168Â 778";"A01";"1";"7";"0";"2";"2";"9";"1";""
"202100018378";"168Â 773";"B01";"0";"7";"1";"0";"8";"22";"1";""
"202100018378";"168Â 774";"A01";"1";"1";"1";"0";"1";"26";"5";""
"202100018379";"168Â 771";"A01";"3";"33";"0";"2";"3";"16";"1";""
"202100018379";"168Â 772";"B01";"3";"7";"0";"2";"6";"11";"1";""
"202100018380";"168Â 769";"B01";"0";"30";"0";"2";"1";"1";"1";""
"202100018380";"168Â 770";"A01";"0";"7";"0";"2";"2";"15";"1";""
"202100018381";"168Â 768";"A01";"1";"7";"0";"1";"1";"1";"1";""
"202100018382";"168Â 766";"A01";"1";"7";"0";"2";"2";"1";"1";""
"202100018382";"168Â 767";"B01";"1";"7";"0";"0";"4";"1";"1";""
"202100018383";"168Â 764";"B01";"1";"7";"0";"2";"4";"2";"1";""
"202100018383";"168Â 765";"A01";"1";"7";"0";"2";"1";"2";"1";""
"202100018384";"168Â 762";"B01";"1";"7";"0";"2";"1";"1";"1";""
"202100018384";"168Â 763";"A01";"1";"7";"0";"2";"8";"1";"1";""
"202100018385";"168Â 760";"A01";"2";"7";"0";"2";"1";"15";"1";""
"202100018385";"168Â 761";"B01";"1";"2";"0";"2";"1";"1";"1";""
"202100018386";"168Â 758";"A01";"2";"7";"0";"1";"1";"2";"1";""
"202100018386";"168Â 759";"B01";"1";"7";"0";"1";"8";"2";"0";""
"202100018387";"168Â 756";"B01";"0";"33";"0";"2";"1";"1";"1";""
"202100018387";"168Â 757";"A01";"0";"7";"0";"2";"3";"19";"2";""
"202100018388";"168Â 754";"B01";"0";"7";"0";"2";"1";"15";"1";""
"202100018388";"168Â 755";"A01";"2";"30";"0";"2";"7";"17";"1";""
"202100018389";"168Â 753";"A01";"1";"7";"0";"1";"1";"1";"2";""
"202100018390";"168Â 751";"B01";"2";"7";"0";"2";"4";"15";"1";""
"202100018390";"168Â 752";"A01";"2";"10";"0";"2";"1";"1";"1";""
"202100018391";"168Â 750";"A01";"1";"7";"2";"0";"1";"1";"1";""
"202100018392";"168Â 747";"A01";"1";"32";"0";"2";"1";"3";"1";""
"202100018392";"168Â 748";"B01";"1";"7";"0";"2";"6";"1";"2";""
"202100018392";"168Â 749";"C01";"1";"7";"0";"2";"7";"14";"1";""
"202100018393";"168Â 746";"A01";"2";"43";"0";"0";"8";"1";"1";""
"202100018394";"168Â 745";"A01";"1";"33";"0";"0";"7";"1";"1";""
"202100018395";"168Â 744";"A01";"1";"7";"0";"1";"4";"4";"1";""
"202100018396";"168Â 742";"A01";"2";"13";"0";"2";"1";"15";"1";""
"202100018396";"168Â 743";"B01";"1";"50";"0";"2";"3";"1";"3";""
"202100018397";"168Â 740";"A01";"2";"33";"0";"2";"1";"1";"1";""
"202100018397";"168Â 741";"B01";"1";"1";"0";"2";"1";"5";"5";""
"202100018398";"168Â 739";"A01";"2";"32";"0";"1";"1";"5";"1";""
"202100018399";"168Â 737";"A01";"2";"7";"0";"2";"3";"13";"1";""
"202100018399";"168Â 738";"B01";"1";"1";"0";"0";"5";"1";"5";""
"202100018400";"168Â 735";"A01";"2";"1";"0";"2";"1";"25";"5";""
"202100018400";"168Â 736";"Z01";"1";"2";"0";"2";"0";"25";"0";""
"202100018401";"168Â 733";"A01";"1";"32";"0";"2";"1";"17";"1";""
"202100018401";"168Â 734";"B01";"1";"7";"0";"2";"6";"1";"1";""
"202100018402";"168Â 732";"A01";"1";"32";"0";"1";"0";"17";"1";""
"202100018403";"168Â 730";"A01";"1";"7";"0";"2";"8";"11";"1";""
"202100018403";"168Â 731";"B01";"1";"34";"0";"2";"7";"1";"1";""
"202100018404";"168Â 728";"A01";"2";"1";"0";"2";"7";"5";"5";""
"202100018404";"168Â 729";"B01";"1";"33";"0";"2";"2";"1";"1";""
"202100018405";"168Â 726";"B01";"3";"7";"0";"2";"6";"11";"1";""
"202100018405";"168Â 727";"A01";"3";"7";"0";"2";"2";"1";"1";""
"202100018406";"168Â 724";"B01";"1";"13";"0";"2";"4";"2";"6";""
"202100018406";"168Â 725";"A01";"1";"50";"0";"2";"1";"2";"3";""
"202100018407";"168Â 722";"A01";"2";"7";"0";"2";"2";"1";"1";""
"202100018407";"168Â 723";"B01";"1";"2";"0";"2";"3";"16";"1";""
"202100018408";"168Â 720";"B01";"2";"2";"0";"2";"2";"1";"1";""
"202100018408";"168Â 721";"A01";"1";"1";"0";"2";"1";"1";"5";""
"202100018409";"168Â 718";"Z01";"2";"10";"0";"2";"4";"2";"1";""
"202100018409";"168Â 719";"A01";"2";"50";"0";"2";"1";"2";"3";""
"202100018410";"168Â 717";"A01";"1";"7";"11";"0";"1";"26";"1";""
"202100018411";"168Â 715";"B01";"1";"7";"0";"2";"2";"19";"1";""
"202100018411";"168Â 716";"A01";"2";"7";"0";"2";"1";"19";"1";""
"202100018412";"168Â 713";"B01";"1";"2";"0";"2";"1";"26";"1";""
"202100018412";"168Â 714";"A01";"2";"7";"0";"2";"1";"9";"1";""
"202100018413";"168Â 712";"A01";"1";"34";"0";"1";"1";"1";"1";""
"202100018414";"168Â 711";"A01";"2";"7";"4";"0";"3";"1";"1";""
"202100018415";"168Â 709";"B01";"1";"7";"0";"2";"4";"23";"1";""
"202100018415";"168Â 710";"A01";"1";"7";"0";"2";"1";"2";"3";""
"202100018416";"168Â 707";"A01";"2";"43";"0";"2";"0";"0";"1";""
"202100018416";"168Â 708";"Z01";"2";"7";"0";"0";"0";"0";"1";""
"202100018417";"168Â 706";"Z01";"1";"2";"0";"1";"4";"25";"1";""
"202100018418";"168Â 704";"A01";"1";"10";"0";"2";"2";"26";"1";""
"202100018418";"168Â 705";"B01";"1";"33";"0";"2";"4";"23";"1";""
"202100018419";"168Â 703";"A01";"2";"7";"0";"1";"2";"16";"1";""
"202100018420";"168Â 702";"A01";"1";"3";"0";"1";"3";"15";"0";""
"202100018421";"168Â 700";"A01";"2";"10";"0";"0";"0";"22";"0";""
"202100018421";"168Â 701";"B01";"2";"50";"1";"2";"0";"21";"3";""
"202100018422";"168Â 698";"Z01";"1";"7";"0";"2";"0";"0";"0";""
"202100018422";"168Â 699";"B01";"1";"7";"9";"0";"1";"21";"1";""
"202100018423";"168Â 697";"A01";"3";"7";"0";"1";"1";"2";"1";""
"202100018424";"168Â 695";"B01";" -1";"30";"0";"2";"1";"1";"1";""
"202100018424";"168Â 696";"A01";"3";"7";"0";"2";"3";"26";"1";""
"202100018425";"168Â 693";"B01";"1";"37";"0";"2";"3";"1";"1";"2"
"202100018425";"168Â 694";"A01";"1";"7";"0";"2";"5";"14";"1";""
"202100018426";"168Â 690";"C01";"1";"7";"0";"2";"3";"1";"1";""
"202100018426";"168Â 691";"B01";"1";"7";"0";"2";"3";"1";"1";""
"202100018426";"168Â 692";"A01";"2";"7";"0";"2";"3";"1";"1";""
"202100018427";"168Â 688";"B01";"2";"50";"0";"0";"0";"0";"3";""
"202100018427";"168Â 689";"A01";"1";"50";"0";"0";"0";"0";"3";""
"202100018428";"168Â 686";"B01";"3";"20";"0";"2";"4";"0";"0";""
"202100018428";"168Â 687";"A01";"3";"20";"0";"2";"0";"0";"0";""
"202100018429";"168Â 684";"A01";"0";"7";"0";"2";"1";"15";"1";""
"202100018429";"168Â 685";"B01";"0";"50";"0";"2";"8";"1";"3";""
"202100018430";"168Â 683";"A01";"3";"7";"9";"0";"1";"1";"1";""
"202100018431";"168Â 681";"A01";"1";"34";"0";"2";"1";"18";"0";""
"202100018431";"168Â 682";"B01";"1";"10";"0";"2";"3";"0";"1";""
"202100018432";"168Â 679";"B01";"3";"50";"0";"2";"8";"23";"3";""
"202100018432";"168Â 680";"A01";"1";"7";"0";"2";"3";"19";"1";""
"202100018433";"168Â 678";"A01";"1";"33";"8";"0";"7";"1";"1";""
"202100018434";"168Â 676";"A01";"0";"7";"0";"2";"3";"1";"2";""
"202100018434";"168Â 677";"B01";"0";"60";"0";"2";"0";"19";"5";""
"202100018435";"168Â 674";"B01";"2";"60";"0";"2";"0";"19";"5";""
"202100018435";"168Â 675";"A01";"0";"7";"0";"2";"2";"1";"1";""
"202100018436";"168Â 672";"A01";"3";"33";"0";"2";"2";"9";"1";""
"202100018436";"168Â 673";"B01";"2";"7";"0";"2";"8";"4";"3";""
"202100018437";"168Â 671";"A01";"1";"7";"8";"0";"1";"14";"1";""
"202100018438";"168Â 669";"A01";"1";"7";"0";"2";"1";"1";"1";""
"202100018438";"168Â 670";"B01";"1";"50";"0";"2";"8";"1";"3";""
"202100018439";"168Â 667";"A01";"1";"7";"0";"2";"1";"2";"1";""
"202100018439";"168Â 668";"B01";"1";"7";"0";"0";"4";"23";"1";""
"202100018440";"168Â 666";"A01";"3";"7";"0";"1";"4";"20";"1";""
"202100018441";"168Â 664";"B01";"2";"30";"0";"2";"7";"19";"1";""
"202100018441";"168Â 665";"A01";"2";"7";"0";"2";"3";"26";"1";""
"202100018442";"168Â 662";"A01";"1";"3";"0";"2";"2";"26";"1";""
"202100018442";"168Â 663";"B01";"1";"1";"0";"2";"7";"1";"5";""
"202100018443";"168Â 660";"A01";"2";"7";"0";"2";"1";"15";"1";""
"202100018443";"168Â 661";"B01";"2";"32";"0";"2";"1";"16";"1";""
"202100018444";"168Â 659";"A01";"2";"7";"0";"1";"1";"1";"1";""
"202100018445";"168Â 658";"A01";"2";"7";"0";"1";"2";"1";"1";""
"202100018446";"168Â 657";"A01";"3";"7";"4";"0";"8";"1";"1";""
"202100018447";"168Â 655";"A01";"2";"7";"2";"2";"2";"1";"1";""
"202100018447";"168Â 656";"B01";"2";"7";"13";"2";"3";"1";"1";""
"202100018448";"168Â 654";"A01";"3";"50";"0";"0";"0";"1";"3";""
"202100018449";"168Â 652";"A01";"1";"7";"13";"0";"3";"1";"1";""
"202100018450";"168Â 651";"A01";"2";"7";"8";"0";"3";"1";"0";""
"202100018451";"168Â 650";"A01";"1";"33";"0";"0";"0";"1";"1";""
"202100018452";"168Â 649";"A01";"0";"7";"0";"1";"1";"1";"1";""
"202100018453";"168Â 645";"A01";"2";"7";"0";"2";"3";"1";"1";""
"202100018453";"168Â 646";"B01";"1";"7";"0";"2";"3";"1";"1";""
"202100018454";"168Â 643";"B01";"2";"1";"0";"2";"8";"2";"5";""
"202100018454";"168Â 644";"A01";"2";"15";"0";"9";"2";"16";"1";""
"202100018455";"168Â 641";"A01";"1";"2";"0";"2";"1";"0";"1";""
"202100018455";"168Â 642";"B01";"1";"7";"0";"2";"3";"0";"1";""
"202100018456";"168Â 640";"A01";"2";"1";"0";"0";"0";"0";"5";""
"202100018457";"168Â 639";"A01";"1";"7";"0";"1";"7";"16";"1";""
"202100018458";"168Â 638";"A01";"1";"7";"2";"0";"1";"1";"1";""
"202100018459";"168Â 636";"B01";"2";"1";"0";"0";"4";"2";"5";""
"202100018459";"168Â 637";"A01";"2";"7";"0";"9";"1";"1";"1";""
"202100018460";"168Â 634";"A01";"2";"2";"0";"2";"1";"0";"1";""
"202100018460";"168Â 635";"B01";"2";"2";"0";"0";"4";"15";"1";""
"202100018461";"168Â 629";"A01";"2";"7";"0";"2";"6";"12";"1";""
"202100018461";"168Â 630";"B01";"2";"7";"0";"2";"1";"1";"1";""
"202100018461";"168Â 631";"C01";"2";"7";"0";"2";"1";"1";"1";""
"202100018461";"168Â 632";"D01";"2";"33";"0";"2";"1";"1";"1";""
"202100018461";"168Â 633";"E01";"2";"10";"0";"2";"6";"1";"1";""
"202100018462";"168Â 627";"A01";"1";"7";"0";"9";"2";"2";"1";""
"202100018462";"168Â 628";"B01";"1";"1";"0";"0";"3";"2";"5";""
"202100018463";"168Â 625";"A01";"2";"7";"0";"2";"1";"15";"1";""
"202100018463";"168Â 626";"B01";"1";"33";"0";"2";"1";"1";"1";""
"202100018464";"168Â 624";"A01";"1";"33";"1";"0";"1";"1";"1";""
"202100018465";"168Â 623";"A01";"1";"7";"15";"0";"2";"1";"1";""
"202100018466";"168Â 622";"A01";"0";"7";"8";"0";"9";"1";"1";""
"202100018467";"168Â 621";"A01";"1";"7";"1";"1";"4";"26";"1";""
"202100018468";"168Â 619";"A01";"2";"7";"0";"0";"8";"19";"1";""
"202100018468";"168Â 620";"B01";"1";"43";"0";"2";"1";"1";"1";""
"202100018469";"168Â 618";"A01";"1";"7";"15";"9";"1";"14";"1";""
"202100018470";"168Â 616";"B01";"0";"7";"0";"2";"8";"1";"1";""
"202100018470";"168Â 617";"A01";"0";"7";"2";"2";"1";"1";"1";""
"202100018471";"168Â 614";"B01";"1";"7";"0";"2";"1";"1";"1";""
"202100018471";"168Â 615";"A01";"2";"10";"0";"2";"3";"13";"1";""
"202100018472";"168Â 612";"B01";"1";"7";"0";"2";"3";"1";"1";""
"202100018472";"168Â 613";"A01";"2";"7";"0";"2";"3";"13";"1";""
"202100018473";"168Â 610";"B01";"0";"7";"0";"2";"1";"1";"1";""
"202100018473";"168Â 611";"A01";"0";"7";"0";"2";"2";"16";"3";""
"202100018474";"168Â 608";"A01";"2";"7";"0";"2";"5";"15";"1";""
"202100018474";"168Â 609";"B01";"1";"33";"0";"2";"1";"1";"1";""
"202100018475";"168Â 607";"A01";"2";"31";"0";"0";"0";"1";"1";""
"202100018476";"168Â 605";"B01";"2";"60";"0";"2";"7";"19";"5";""
"202100018476";"168Â 606";"A01";"2";"7";"0";"2";"1";"18";"1";""
"202100018477";"168Â 603";"A01";"2";"33";"0";"2";"1";"2";"1";""
"202100018477";"168Â 604";"B01";"2";"7";"0";"2";"5";"2";"1";""
"202100018478";"168Â 601";"B01";"3";"2";"0";"2";"1";"9";"1";""
"202100018478";"168Â 602";"A01";"1";"7";"6";"2";"2";"1";"1";""
"202100018479";"168Â 599";"A01";"2";"7";"0";"2";"1";"2";"1";""
"202100018479";"168Â 600";"B01";"2";"17";"0";"2";"4";"2";"6";""
"202100018480";"168Â 598";"A01";"2";"33";"15";"0";"1";"16";"1";""
"202100018481";"168Â 596";"B01";"2";"15";"0";"0";"2";"1";"1";""
"202100018481";"168Â 597";"A01";"2";"7";"0";"0";"6";"4";"1";""
"202100018482";"168Â 594";"A01";"1";"7";"0";"2";"1";"2";"1";""
"202100018482";"168Â 595";"B01";"1";"7";"0";"0";"4";"2";"1";""
"202100018483";"168Â 593";"A01";"2";"10";"0";"0";"9";"1";"1";""
"202100018484";"168Â 592";"A01";"1";"7";"13";"0";"2";"17";"1";""
"202100018485";"168Â 591";"A01";"2";"7";"2";"0";"1";"13";"1";""
"202100018486";"168Â 588";"B01";"2";"33";"0";"2";"1";"1";"1";""
"202100018486";"168Â 589";"C01";"2";"33";"0";"2";"1";"1";"1";""
"202100018486";"168Â 590";"A01";"3";"7";"0";"2";"8";"15";"1";""
"202100018487";"168Â 586";"A01";"0";"7";"0";"2";"3";"1";"1";""
"202100018487";"168Â 587";"B01";"0";"33";"0";"2";"8";"13";"1";""
"202100018488";"168Â 585";"A01";"1";"7";"2";"0";"3";"1";"1";""
"202100018489";"168Â 584";"A01";"2";"7";"0";"1";"2";"1";"1";""
"202100018490";"168Â 583";"A01";"2";"7";"2";"0";"1";"1";"1";""
"202100018491";"168Â 581";"B01";"2";"10";"0";"2";"3";"1";"1";""
"202100018491";"168Â 582";"A01";"1";"7";"0";"2";"1";"13";"1";""
"202100018492";"168Â 579";"B01";"1";"30";"0";"2";"7";"1";"1";""
"202100018492";"168Â 580";"A01";"2";"7";"0";"9";"1";"15";"1";""
"202100018493";"168Â 576";"C01";"2";"7";"0";"2";"1";"1";"1";""
"202100018493";"168Â 577";"B01";"2";"7";"0";"2";"6";"1";"1";""
"202100018493";"168Â 578";"A01";"1";"7";"0";"2";"1";"5";"1";""
"202100018494";"168Â 574";"B01";"3";"1";"0";"2";"1";"1";"5";""
"202100018494";"168Â 575";"A01";"3";"7";"0";"0";"8";"19";"1";""
"202100018495";"168Â 573";"A01";"1";"7";"0";"1";"3";"1";"1";""
"202100018496";"168Â 571";"A01";"2";"7";"0";"2";"1";"1";"1";""
"202100018496";"168Â 572";"B01";"2";"21";"0";"2";"4";"1";"1";""
"202100018497";"168Â 570";"A01";"1";"10";"13";"0";"9";"1";"1";""
"202100018498";"168Â 568";"B01";"3";"33";"0";"2";"1";"9";"1";""
"202100018498";"168Â 569";"A01";"2";"7";"0";"2";"7";"1";"1";""
"202100018499";"168Â 567";"A01";"2";"7";"0";"0";"2";"11";"1";""
"202100018500";"168Â 565";"B01";"1";"7";"0";"2";"5";"15";"1";""
"202100018500";"168Â 566";"A01";"1";"33";"0";"2";"1";"18";"1";""
"202100018501";"168Â 564";"A01";"2";"2";"13";"0";"7";"14";"1";""
"202100018502";"168Â 563";"A01";"3";"2";"9";"0";"2";"1";"1";""
"202100018503";"168Â 561";"A01";"0";"7";"0";"2";"8";"19";"1";""
"202100018503";"168Â 562";"B01";"1";"7";"0";"2";"1";"1";"1";""
"202100018504";"168Â 557";"B01";"3";"7";"0";"2";"3";"1";"1";""
"202100018504";"168Â 558";"A01";"3";"21";"0";"2";"3";"13";"1";""
"202100018505";"168Â 556";"A01";"2";"7";"0";"1";"2";"1";"1";""
"202100018506";"168Â 554";"B01";"2";"33";"0";"2";"3";"1";"1";""
"202100018506";"168Â 555";"A01";"1";"7";"0";"2";"3";"15";"1";""
"202100018507";"168Â 552";"A01";"1";"30";"0";"2";"1";"17";"1";""
"202100018507";"168Â 553";"B01";"1";"7";"0";"2";"8";"15";"1";""
"202100018508";"168Â 549";"C01";"2";"7";"0";"2";"1";"1";"1";""
"202100018508";"168Â 550";"B01";"2";"7";"0";"2";"1";"2";"1";""
"202100018508";"168Â 551";"A01";"2";"7";"0";"2";"4";"2";"1";""
"202100018509";"168Â 546";"A01";"2";"7";"0";"2";"1";"1";"1";""
"202100018509";"168Â 547";"B01";"2";"7";"0";"2";"4";"1";"1";""
"202100018509";"168Â 548";"C01";"2";"10";"0";"2";"4";"1";"1";""
"202100018510";"168Â 545";"A01";"1";"33";"13";"0";"1";"1";"1";""
"202100018511";"168Â 543";"A01";"2";"7";"0";"2";"8";"11";"1";""
"202100018511";"168Â 544";"B01";"2";"33";"0";"2";"2";"3";"1";""
"202100018512";"168Â 542";"A01";"1";"33";"16";"0";"7";"2";"1";""
"202100018513";"168Â 541";"A01";"1";"33";"4";"0";"9";"2";"1";""
"202100018514";"168Â 539";"A01";"1";"7";"0";"2";"5";"1";"1";""
"202100018514";"168Â 540";"B01";"1";"33";"0";"2";"1";"0";"1";""
"202100018515";"168Â 537";"A01";"1";"17";"0";"2";"1";"2";"1";""
"202100018515";"168Â 538";"B01";"1";"7";"0";"2";"4";"2";"1";""
"202100018516";"168Â 535";"B01";"1";"7";"0";"2";"4";"2";"1";""
"202100018516";"168Â 536";"A01";"1";"10";"0";"2";"1";"2";"1";""
"202100018517";"168Â 534";"A01";"0";"7";"0";"1";"7";"9";"1";""
"202100018518";"168Â 531";"A01";"3";"7";"0";"2";"3";"17";"1";""
"202100018518";"168Â 532";"B01";"1";"7";"0";"2";"3";"1";"1";""
"202100018518";"168Â 533";"C01";"1";"10";"0";"2";"0";"0";"1";""
"202100018519";"168Â 530";"A01";"1";"7";"0";"1";"1";"9";"1";""
"202100018520";"168Â 528";"A01";"2";"7";"0";"2";"2";"1";"1";""
"202100018520";"168Â 529";"B01";"2";"7";"0";"0";"6";"20";"1";""
"202100018521";"168Â 526";"B01";"1";"2";"0";"2";"4";"1";"1";""
"202100018521";"168Â 527";"A01";"1";"7";"0";"9";"1";"1";"1";""
"202100018522";"168Â 524";"B01";"1";"7";"0";"2";"4";"23";"1";""
"202100018522";"168Â 525";"A01";"1";"32";"0";"2";"1";"26";"1";""
"202100018523";"168Â 522";"B01";"3";"1";"0";"2";"8";"19";"6";""
"202100018523";"168Â 523";"A01";"3";"7";"0";"2";"1";"19";"1";""
"202100018524";"168Â 521";"A01";"1";"7";"0";"1";"7";"17";"1";""
"202100018525";"168Â 519";"A01";"2";"7";"0";"9";"1";"15";"1";""
"202100018525";"168Â 520";"B01";"1";"1";"0";"2";"8";"1";"5";""
"202100018526";"168Â 518";"A01";"0";"7";"0";"1";"2";"1";"1";""
"202100018527";"168Â 515";"A01";"3";"13";"0";"2";"3";"26";"1";""
"202100018527";"168Â 516";"B01";"3";"13";"0";"2";"3";"0";"1";""
"202100018528";"168Â 514";"A01";"1";"7";"0";"1";"2";"1";"1";""
"202100018529";"168Â 513";"A01";"1";"7";"6";"5";"1";"21";"1";""
"202100018530";"168Â 511";"A01";"1";"99";"0";"2";"6";"13";"0";""
"202100018530";"168Â 512";"B01";"1";"31";"0";"2";"2";"1";"0";""
"202100018531";"168Â 509";"A01";"2";"7";"0";"2";"2";"12";"1";""
"202100018531";"168Â 510";"B01";"2";"30";"0";"2";"4";"1";"1";""
"202100018532";"168Â 507";"M01";"1";"43";"12";"0";"3";"0";"1";""
"202100018532";"168Â 508";"A01";"1";"7";"12";"0";"2";"12";"1";""
"202100018533";"168Â 506";"A01";"1";"20";"0";"1";"2";"9";"1";""
"202100018534";"168Â 504";"A01";"2";"7";"0";"2";"1";"18";"2";""
"202100018534";"168Â 505";"B01";"1";"7";"0";"2";"7";"15";"1";""
"202100018535";"168Â 502";"B01";"2";"3";"0";"2";"3";"10";"1";""
"202100018535";"168Â 503";"A01";"1";"7";"0";"2";"2";"17";"1";""
"202100018536";"168Â 500";"A01";"1";"7";"0";"2";"2";"1";"1";""
"202100018536";"168Â 501";"B01";"1";"1";"0";"2";"7";"1";"5";""
"202100018537";"168Â 498";"B01";"1";"2";"0";"2";"4";"15";"1";""
"202100018537";"168Â 499";"A01";"2";"17";"0";"2";"1";"1";"1";""
"202100018538";"168Â 497";"A01";"3";"7";"0";"1";"2";"1";"1";""
"202100018539";"168Â 495";"B01";"0";"33";"0";"2";"8";"1";"1";""
"202100018539";"168Â 496";"A01";"0";"7";"0";"2";"0";"1";"1";""
"202100018540";"168Â 493";"A01";"3";"30";"0";"2";"8";"2";"1";""
"202100018540";"168Â 494";"B01";"3";"7";"0";"2";"5";"1";"1";""
"202100018541";"168Â 492";"A01";"2";"7";"0";"1";"7";"9";"1";""
"202100018542";"168Â 490";"A01";"2";"30";"0";"2";"1";"19";"1";""
"202100018542";"168Â 491";"B01";"1";"10";"0";"2";"2";"15";"1";""
"202100018543";"168Â 488";"A01";"1";"7";"13";"2";"3";"13";"1";""
"202100018543";"168Â 489";"B01";"2";"7";"13";"2";"3";"1";"1";""
"202100018544";"168Â 486";"A01";"2";"7";"0";"2";"1";"26";"1";""
"202100018544";"168Â 487";"B01";"1";"7";"0";"2";"1";"26";"1";""
"202100018545";"168Â 485";"A01";"0";"1";"7";"0";"0";"26";"5";""
"202100018546";"168Â 484";"A01";"2";"40";"0";"1";"0";"26";"3";""
"202100018547";"168Â 481";"C01";"3";"7";"0";"2";"2";"26";"1";""
"202100018547";"168Â 482";"B01";"3";"7";"0";"2";"7";"16";"1";""
"202100018547";"168Â 483";"A01";"3";"7";"0";"2";"7";"13";"1";""
"202100018548";"168Â 479";"B01";"2";"1";"0";"2";"6";"1";"5";""
"202100018548";"168Â 480";"A01";"1";"37";"0";"2";"3";"15";"1";"1"
"202100018549";"168Â 478";"A01";"1";"7";"0";"2";"1";"16";"1";""
"202100018550";"168Â 476";"A01";"1";"33";"0";"2";"5";"16";"1";""
"202100018550";"168Â 477";"B01";"1";"7";"0";"2";"3";"1";"1";""
"202100018551";"168Â 474";"B01";"1";"7";"0";"2";"3";"1";"1";""
"202100018551";"168Â 475";"A01";"2";"7";"0";"2";"3";"13";"1";""
"202100018552";"168Â 472";"B01";"3";"7";"0";"2";"3";"1";"1";""
"202100018552";"168Â 473";"A01";"3";"1";"0";"2";"1";"19";"5";""
"202100018553";"168Â 470";"A01";"3";"7";"0";"2";"1";"2";"1";""
"202100018553";"168Â 471";"B01";"3";"2";"0";"2";"4";"2";"1";""
"202100018554";"168Â 468";"B01";"2";"7";"1";"2";"1";"1";"1";""
"202100018554";"168Â 469";"A01";"1";"3";"1";"2";"7";"1";"1";""
"202100018555";"168Â 466";"B01";"2";"7";"0";"2";"4";"15";"1";""
"202100018555";"168Â 467";"A01";"2";"7";"0";"2";"1";"17";"1";""
"202100018556";"168Â 464";"A01";"1";"30";"0";"2";"3";"21";"1";""
"202100018556";"168Â 465";"Z01";"2";"7";"0";"9";"0";"0";"0";""
"202100018557";"168Â 463";"A01";"1";"7";"0";"1";"1";"15";"1";""
"202100018558";"168Â 462";"A01";"1";"7";"0";"1";"1";"1";"1";""
"202100018559";"168Â 460";"B01";"1";"7";"0";"2";"1";"1";"1";""
"202100018559";"168Â 461";"A01";"1";"10";"0";"2";"8";"1";"1";""
"202100018560";"168Â 457";"C01";"2";"7";"0";"2";"4";"1";"1";""
"202100018560";"168Â 458";"B01";"2";"7";"0";"2";"4";"1";"1";""
"202100018560";"168Â 459";"A01";"2";"7";"0";"2";"1";"1";"1";""
"202100018561";"168Â 456";"A01";"1";"7";"13";"0";"2";"15";"1";""
"202100018562";"168Â 455";"A01";"1";"7";"0";"1";"0";"26";"1";""
"202100018563";"168Â 453";"B01";"1";"7";"0";"1";"4";"1";"1";""
"202100018563";"168Â 454";"A01";"1";"33";"0";"2";"1";"1";"1";""
"202100018564";"168Â 451";"B01";"1";"50";"0";"2";"7";"0";"3";""
"202100018564";"168Â 452";"A01";"1";"7";"0";"9";"1";"1";"1";""
"202100018565";"168Â 449";"B01";"1";"31";"0";"2";"8";"1";"1";""
"202100018565";"168Â 450";"A01";"2";"7";"0";"2";"2";"1";"1";""
"202100018566";"168Â 447";"Z01";"1";"7";"0";"2";"8";"13";"1";""