"Num_Acc";"id_vehicule";"num_veh";"senc";"catv";"obs";"obsm";"choc";"manv";"motor";"occutc"
"202100018566";"168Â 448";"B01";"2";"33";"0";"2";"8";"1";"1";""
"202100018567";"168Â 446";"A01";"2";"1";"0";"0";"8";"1";"5";""
"202100018568";"168Â 445";"A01";"1";"7";"0";"1";"3";"0";"1";""
"202100018569";"168Â 443";"B01";"1";"7";"0";"2";"4";"15";"1";""
"202100018569";"168Â 444";"A01";"1";"10";"2";"2";"1";"1";"1";""
"202100018570";"168Â 441";"A01";"3";"7";"0";"2";"2";"15";"1";""
"202100018570";"168Â 442";"B01";"3";"7";"0";"2";"8";"1";"1";""
"202100018571";"168Â 439";"A01";"2";"1";"0";"2";"1";"1";"5";""
"202100018571";"168Â 440";"Z01";"1";"7";"0";"0";"0";"5";"1";""
"202100018572";"168Â 438";"A01";"3";"7";"13";"0";"3";"13";"1";""
"202100018573";"168Â 436";"A01";"1";"7";"0";"2";"3";"26";"1";""
"202100018573";"168Â 437";"B01";"1";"7";"0";"2";"7";"26";"1";""
"202100018574";"168Â 434";"B01";"2";"7";"8";"0";"1";"1";"1";""
"202100018574";"168Â 435";"A01";"2";"7";"8";"0";"3";"14";"1";""
"202100018575";"168Â 432";"A01";"2";"30";"0";"2";"1";"1";"1";""
"202100018575";"168Â 433";"B01";"1";"7";"0";"2";"1";"1";"1";""
"202100018576";"168Â 430";"A01";"2";"7";"0";"2";"5";"2";"1";""
"202100018576";"168Â 431";"B01";"2";"1";"0";"2";"8";"2";"5";""
"202100018577";"168Â 427";"C01";"1";"10";"14";"2";"4";"2";"1";""
"202100018577";"168Â 428";"B01";"1";"10";"0";"2";"4";"2";"1";""
"202100018577";"168Â 429";"A01";"1";"10";"0";"2";"1";"1";"1";""
"202100018578";"168Â 425";"A01";"1";"7";"0";"2";"3";"15";"1";""
"202100018578";"168Â 426";"B01";"1";"33";"0";"2";"8";"1";"1";""
"202100018579";"168Â 423";"B01";"3";"32";"0";"2";"1";"1";"1";""
"202100018579";"168Â 424";"A01";"3";"7";"0";"2";"6";"26";"1";""
"202100018580";"168Â 422";"A01";"1";"37";"0";"1";"2";"1";"1";"1"
"202100018581";"168Â 420";"A01";"0";"10";"0";"2";"0";"0";"0";""
"202100018581";"168Â 421";"B01";"3";"2";"0";"2";"0";"1";"1";""
"202100018582";"168Â 418";"A01";"1";"7";"0";"2";"1";"9";"1";""
"202100018582";"168Â 419";"B01";"1";"1";"0";"2";"8";"1";"0";""
"202100018583";"168Â 417";"A01";"3";"1";"0";"0";"0";"1";"5";""
"202100018584";"168Â 416";"A01";"0";"1";"12";"0";"1";"9";"5";""
"202100018585";"168Â 414";"B01";"0";"7";"0";"2";"0";"0";"1";""
"202100018585";"168Â 415";"A01";"0";"7";"1";"0";"1";"1";"1";""
"202100018586";"168Â 412";"A01";"0";"7";"0";"2";"8";"13";"1";""
"202100018586";"168Â 413";"B01";"0";"7";"0";"2";"7";"1";"1";""
"202100018587";"168Â 410";"A01";" -1";"7";"0";"2";"1";"0";"0";""
"202100018587";"168Â 411";"B01";" -1";"7";"0";"2";"4";"0";"1";""
"202100018588";"168Â 408";"B01";"0";"7";"0";"2";"3";"15";"1";""
"202100018588";"168Â 409";"A01";"1";"33";"0";"2";"3";"17";"1";""
"202100018589";"168Â 407";"A01";"1";"7";"0";"1";"1";"2";"1";""
"202100018590";"168Â 406";"A01";"0";"1";"0";"1";"4";"26";"5";""
"202100018591";"168Â 404";"A01";"0";"7";"0";"2";"2";"15";"1";""
"202100018591";"168Â 405";"B01";"1";"1";"0";"2";"1";"1";"5";""
"202100018592";"168Â 402";"B01";"0";"33";"0";"2";"1";"1";"1";""
"202100018592";"168Â 403";"A01";"0";"10";"0";"2";"2";"15";"1";""
"202100018593";"168Â 401";"A01";"2";"7";"9";"0";"3";"13";"1";""
"202100018594";"168Â 398";"A01";"1";"7";"0";"2";"1";"1";"1";""
"202100018594";"168Â 399";"B01";"1";"7";"0";"2";"4";"1";"1";""
"202100018594";"168Â 400";"C01";"1";"7";"0";"2";"1";"1";"1";""
"202100018595";"168Â 396";"B01";"0";"7";"0";"2";"8";"1";"1";""
"202100018595";"168Â 397";"A01";"0";"7";"0";"2";"1";"1";"1";""
"202100018596";"168Â 394";"A01";"2";"7";"0";"2";"1";"13";"1";""
"202100018596";"168Â 395";"B01";"1";"7";"0";"2";"1";"1";"1";""
"202100018597";"168Â 392";"A01";"1";"33";"0";"2";"3";"1";"1";""
"202100018597";"168Â 393";"B01";"1";"33";"0";"2";"5";"14";"1";""
"202100018598";"168Â 391";"A01";"2";"2";"0";"1";"1";"1";"1";""
"202100018599";"168Â 390";"A01";"1";"7";"12";"0";"1";"1";"1";""
"202100018600";"168Â 387";"B01";"2";"33";"7";"2";"1";"1";"1";""
"202100018600";"168Â 388";"A01";"1";"33";"0";"2";"2";"15";"1";""
"202100018601";"168Â 386";"A01";"2";"10";"0";"1";"3";"1";"1";""
"202100018602";"168Â 384";"B01";"1";"7";"0";"2";"3";"15";"1";""
"202100018602";"168Â 385";"A01";"1";"34";"0";"2";"7";"17";"1";""
"202100018603";"168Â 383";"A01";"1";"7";"0";"1";"7";"1";"1";""
"202100018604";"168Â 382";"A01";"1";"1";"0";"0";"0";"1";"5";""
"202100018605";"168Â 381";"A01";"1";"30";"0";"1";"1";"1";"1";""
"202100018606";"168Â 378";"A01";"1";"7";"0";"2";"1";"2";"1";""
"202100018606";"168Â 379";"B01";"1";"7";"0";"2";"4";"2";"1";""
"202100018606";"168Â 380";"C01";"1";"7";"0";"2";"4";"2";"1";""
"202100018607";"168Â 376";"B01";"1";"1";"0";"2";"1";"1";"5";""
"202100018607";"168Â 377";"A01";"1";"10";"0";"2";"2";"16";"1";""
"202100018608";"168Â 373";"A01";"1";"30";"0";"2";"0";"1";"1";""
"202100018608";"168Â 374";"B01";"1";"7";"0";"2";"4";"2";"1";""
"202100018608";"168Â 375";"C01";"1";"1";"0";"2";"1";"2";"5";""
"202100018609";"168Â 371";"A01";"1";"7";"0";"2";"7";"15";"1";""
"202100018609";"168Â 372";"B01";"2";"33";"0";"2";"1";"1";"1";""
"202100018610";"168Â 369";"B01";"1";"7";"0";"2";"4";"23";"1";""
"202100018610";"168Â 370";"A01";"1";"7";"0";"2";"1";"2";"1";""
"202100018611";"168Â 368";"A01";"1";"33";"0";"1";"1";"1";"1";""
"202100018612";"168Â 367";"Z01";"1";"50";"0";"1";"1";"1";"3";""
"202100018613";"168Â 365";"A01";"2";"30";"0";"2";"1";"2";"1";""
"202100018613";"168Â 366";"B01";"2";"7";"0";"2";"4";"23";"1";""
"202100018614";"168Â 364";"A01";"1";"43";"0";"1";"3";"1";"1";""
"202100018615";"168Â 363";"A01";"2";"50";"0";"0";"1";"7";"3";""
"202100018616";"168Â 361";"A01";"1";"1";"0";"2";"0";"1";"5";""
"202100018616";"168Â 362";"B01";"2";"1";"0";"2";"0";"13";"5";""
"202100018617";"168Â 359";"B01";"1";"80";"0";"0";"0";"0";"3";""
"202100018617";"168Â 360";"A01";"1";"7";"0";"2";"3";"24";"1";""
"202100018618";"168Â 358";"A01";"2";"7";"0";"1";"2";"15";"1";""
"202100018619";"168Â 356";"A01";"1";"7";"14";"9";"5";"15";"1";""
"202100018619";"168Â 357";"B01";"3";"1";"14";"2";"1";"1";"5";""
"202100018620";"168Â 354";"A01";"0";"37";"0";"2";"1";"1";"1";"1"
"202100018620";"168Â 355";"B01";"0";"7";"0";"2";"1";"9";"1";""
"202100018621";"168Â 352";"A01";"2";"7";"0";"2";"5";"23";"1";""
"202100018621";"168Â 353";"B01";"1";"33";"0";"2";"5";"2";"1";""
"202100018622";"168Â 350";"A01";"3";"7";"0";"2";"7";"1";"1";""
"202100018622";"168Â 351";"B01";"3";"1";"0";"2";"8";"13";"5";""
"202100018623";"168Â 349";"A01";"2";"7";"15";"0";"1";"1";"1";""
"202100018624";"168Â 347";"B01";"1";"33";"0";"0";"0";"0";"0";""
"202100018624";"168Â 348";"A01";"1";"30";"0";"2";"4";"11";"1";""
"202100018625";"168Â 345";"A01";"3";"2";"0";"2";"7";"17";"1";""
"202100018625";"168Â 346";"B01";"3";"7";"0";"2";"0";"15";"0";""
"202100018626";"168Â 342";"A01";"0";"7";"0";"2";"6";"2";"2";""
"202100018626";"168Â 343";"B01";"0";"7";"0";"2";"3";"17";"1";""
"202100018626";"168Â 344";"C01";"3";"7";"0";"2";"3";"1";"1";""
"202100018627";"168Â 340";"A01";"2";"7";"0";"2";"3";"15";"1";""
"202100018627";"168Â 341";"B01";"2";"34";"0";"2";"2";"1";"1";""
"202100018628";"168Â 338";"A01";"2";"30";"0";"2";"8";"18";"1";""
"202100018628";"168Â 339";"B01";"2";"17";"0";"2";"2";"1";"1";""
"202100018629";"168Â 336";"A01";"1";"30";"0";"2";"1";"1";"1";""
"202100018629";"168Â 337";"B01";"2";"10";"0";"2";"3";"15";"1";""
"202100018630";"168Â 334";"B01";"1";"7";"0";"2";"6";"10";"1";""
"202100018630";"168Â 335";"A01";"1";"7";"0";"2";"3";"1";"1";""
"202100018631";"168Â 333";"A01";"2";"30";"0";"1";"3";"1";"1";""
"202100018632";"168Â 331";"A01";"3";"1";"0";"2";"2";"13";"5";""
"202100018632";"168Â 332";"B01";"3";"2";"0";"9";"2";"1";"1";""
"202100018633";"168Â 330";"A01";"1";"32";"16";"0";"1";"1";"1";""
"202100018634";"168Â 329";"A01";"3";"16";"13";"0";"0";"0";"0";""
"202100018635";"168Â 328";"A01";"3";"7";"13";"0";"2";"1";"1";""
"202100018636";"168Â 327";"A01";"2";"7";"0";"1";"3";"1";"1";""
"202100018637";"168Â 326";"A01";"0";"7";"2";"0";"1";"17";"1";""
"202100018638";"168Â 324";"B01";"1";"2";"0";"2";"1";"1";"1";""
"202100018638";"168Â 325";"A01";"3";"7";"0";"2";"3";"9";"1";""
"202100018639";"168Â 322";"B01";"2";"33";"0";"2";"1";"1";"1";""
"202100018639";"168Â 323";"A01";"1";"7";"0";"2";"5";"11";"1";""
"202100018640";"168Â 319";"A01";"1";"33";"0";"0";"0";"14";"1";""
"202100018641";"168Â 317";"A01";"1";"7";"0";"9";"1";"2";"1";""
"202100018641";"168Â 318";"B01";"1";"1";"0";"0";"4";"2";"5";""
"202100018642";"168Â 316";"A01";"1";"33";"8";"0";"7";"1";"1";""
"202100018643";"168Â 315";"A01";"1";"7";"0";"0";"0";"13";"1";""
"202100018644";"168Â 314";"A01";"3";"7";"0";"0";"0";"1";"1";""
"202100018645";"168Â 312";"B01";"1";"7";"0";"2";"4";"16";"1";""
"202100018645";"168Â 313";"A01";"1";"1";"0";"2";"1";"2";"5";""
"202100018646";"168Â 309";"B01";"1";"1";"0";"2";"8";"13";"5";""
"202100018646";"168Â 310";"A01";"1";"7";"0";"9";"1";"1";"1";""
"202100018647";"168Â 307";"A01";"1";"7";"0";"2";"6";"1";"1";""
"202100018647";"168Â 308";"B01";"1";"7";"0";"2";"2";"1";"1";""
"202100018648";"168Â 305";"B01";"3";"7";"0";"0";"0";"19";"1";""
"202100018648";"168Â 306";"A01";"1";"33";"0";"0";"0";"1";"1";""
"202100018649";"168Â 304";"A01";"1";"2";"1";"0";"1";"1";"1";""
"202100018650";"168Â 303";"A01";"1";"7";"2";"0";"1";"1";"1";""
"202100018651";"168Â 302";"A01";"1";"2";"6";"0";"1";"1";"1";""
"202100018652";"168Â 301";"A01";"2";"7";"13";"0";"1";"1";"1";""
"202100018653";"168Â 296";"B01";"2";"7";"0";"2";"8";"13";"1";""
"202100018653";"168Â 297";"A01";"1";"7";"0";"2";"7";"1";"1";""
"202100018654";"168Â 295";"A01";"1";"7";"0";"0";"0";"1";"1";""
"202100018655";"168Â 294";"A01";"1";"1";"0";"0";"0";"1";"5";""
"202100018656";"168Â 292";"B01";"1";"99";"0";"2";"1";"0";"3";""
"202100018656";"168Â 293";"A01";"2";"2";"0";"2";"0";"0";"1";""
"202100018657";"168Â 291";"A01";"3";"7";"2";"0";"0";"14";"1";""
"202100018658";"168Â 289";"A01";"1";"7";"0";"2";"1";"13";"2";""
"202100018658";"168Â 290";"B01";"2";"33";"0";"2";"8";"1";"1";""
"202100018659";"168Â 287";"A01";"1";"7";"0";"2";"3";"15";"1";""
"202100018659";"168Â 288";"B01";"2";"7";"0";"2";"3";"1";"1";""
"202100018660";"168Â 285";"B01";"2";"2";"0";"2";"1";"1";"1";""
"202100018660";"168Â 286";"A01";"1";"7";"0";"2";"2";"15";"1";""
"202100018661";"168Â 283";"A01";"2";"7";"0";"2";"4";"23";"1";""
"202100018661";"168Â 284";"B01";"2";"15";"0";"2";"1";"1";"1";""
"202100018662";"168Â 280";"C01";"1";"7";"0";"2";"1";"21";"1";""
"202100018662";"168Â 281";"B01";"1";"10";"3";"2";"6";"24";"1";""
"202100018662";"168Â 282";"A01";"1";"14";"1";"0";"1";"1";"1";""
"202100018663";"168Â 279";"A01";"3";"50";"0";"0";"0";"0";"3";""
"202100018664";"168Â 278";"A01";"2";"7";"15";"0";"1";"14";"1";""
"202100018665";"168Â 275";"B01";"2";"7";"0";"2";"7";"1";"1";""
"202100018665";"168Â 276";"C01";"2";"15";"0";"2";"1";"1";"1";""
"202100018665";"168Â 277";"A01";"2";"7";"0";"2";"8";"13";"1";""
"202100018666";"168Â 273";"A01";"2";"33";"0";"2";"8";"17";"1";""
"202100018666";"168Â 274";"B01";"1";"33";"0";"2";"8";"1";"1";""
"202100018667";"168Â 271";"B01";"3";"7";"4";"0";"6";"2";"1";""
"202100018667";"168Â 272";"A01";"3";"7";"0";"2";"1";"2";"1";""
"202100018668";"168Â 269";"B01";"3";"7";"0";"2";"1";"1";"1";""
"202100018668";"168Â 270";"A01";"3";"7";"0";"2";"2";"5";"1";""
"202100018669";"168Â 268";"A01";"2";"7";"13";"0";"2";"1";"1";""
"202100018670";"168Â 267";"A01";"2";"7";"0";"1";"1";"1";"1";""
"202100018671";"168Â 266";"A01";"2";"7";"8";"0";"1";"0";"1";""
"202100018672";"168Â 264";"A01";"1";"7";"0";"2";"6";"15";"1";""
"202100018672";"168Â 265";"B01";"1";"2";"0";"2";"1";"17";"1";""
"202100018673";"168Â 263";"A01";"1";"2";"0";"1";"1";"17";"1";""
"202100018674";"168Â 261";"B01";"2";"32";"0";"2";"1";"6";"1";""
"202100018674";"168Â 262";"A01";"1";"34";"0";"2";"1";"6";"1";""
"202100018675";"168Â 259";"A01";"2";"7";"0";"2";"8";"10";"1";""
"202100018675";"168Â 260";"B01";"2";"33";"0";"2";"1";"11";"1";""
"202100018676";"168Â 258";"A01";"1";"33";"6";"0";"8";"17";"1";""
"202100018677";"168Â 256";"B01";"1";"7";"13";"0";"8";"1";"1";""
"202100018677";"168Â 257";"A01";"1";"7";"0";"2";"1";"19";"1";""
"202100018678";"168Â 255";"A01";"2";"7";"0";"1";"2";"21";"1";""
"202100018679";"168Â 254";"A01";"1";"7";"0";"0";"2";"1";"1";""
"202100018680";"168Â 252";"A01";"2";"7";"0";"2";"1";"2";"1";""
"202100018680";"168Â 253";"B01";"1";"7";"0";"2";"8";"9";"0";""
"202100018681";"168Â 250";"B01";"1";"1";"0";"9";"4";"26";"6";""
"202100018681";"168Â 251";"A01";"1";"1";"0";"2";"1";"2";"6";""
"202100018682";"168Â 248";"A01";"2";"7";"7";"2";"3";"19";"1";""
"202100018682";"168Â 249";"B01";"1";"7";"7";"2";"1";"1";"1";""
"202100018683";"168Â 246";"B01";"2";"7";"0";"2";"2";"15";"1";""
"202100018683";"168Â 247";"A01";"1";"2";"0";"2";"8";"1";"1";""
"202100018684";"168Â 245";"A01";"1";"7";"2";"0";"1";"1";"1";""
"202100018685";"168Â 243";"B01";"1";"1";"0";"2";"8";"19";"5";""
"202100018685";"168Â 244";"A01";"1";"7";"0";"2";"3";"16";"1";""
"202100018686";"168Â 242";"A01";"3";"7";"16";"9";"0";"26";"1";""
"202100018687";"168Â 241";"A01";"3";"21";"2";"0";"2";"1";"1";""
"202100018688";"168Â 239";"B01";"1";"17";"0";"2";"1";"1";"1";""
"202100018688";"168Â 240";"A01";"2";"7";"0";"2";"1";"17";"1";""
"202100018689";"168Â 237";"B01";"1";"7";"0";"0";"1";"1";"1";""
"202100018689";"168Â 238";"A01";"1";"10";"0";"2";"7";"19";"1";""
"202100018690";"168Â 236";"B01";"1";"7";"0";"1";"1";"1";"1";""
"202100018691";"168Â 234";"B01";"3";"7";"0";"2";"8";"15";"1";""
"202100018691";"168Â 235";"A01";"3";"15";"0";"2";"1";"1";"1";""
"202100018692";"168Â 233";"A01";"1";"7";"4";"0";"3";"1";"1";""
"202100018693";"168Â 231";"A01";"2";"7";"0";"0";"5";"1";"1";""
"202100018693";"168Â 232";"B01";"0";"7";"0";"2";"3";"2";"1";""
"202100018694";"168Â 228";"C01";"1";"7";"0";"2";"1";"2";"1";""
"202100018694";"168Â 229";"B01";"1";"7";"0";"2";"4";"2";"1";""
"202100018694";"168Â 230";"A01";"1";"10";"0";"2";"4";"2";"1";""
"202100018695";"168Â 227";"A01";"2";"7";"13";"0";"0";"1";"1";""
"202100018696";"168Â 225";"B01";"1";"33";"0";"2";"1";"12";"1";""
"202100018696";"168Â 226";"A01";"1";"7";"0";"2";"5";"1";"1";""
"202100018697";"168Â 223";"B01";"2";"7";"0";"2";"2";"1";"1";""
"202100018697";"168Â 224";"Z01";"1";"14";"0";"2";"6";"19";"0";""
"202100018698";"168Â 221";"A01";"1";"7";"0";"2";"6";"1";"2";""
"202100018698";"168Â 222";"B01";"1";"43";"0";"2";"1";"2";"1";""
"202100018699";"168Â 218";"C01";"2";"7";"0";"2";"4";"2";"1";""
"202100018699";"168Â 219";"A01";"1";"7";"0";"2";"0";"0";"1";""
"202100018699";"168Â 220";"B01";"2";"7";"0";"2";"4";"0";"0";""
"202100018700";"168Â 216";"A01";"2";"32";"0";"2";"1";"13";"1";""
"202100018700";"168Â 217";"B01";"2";"7";"0";"2";"7";"1";"1";""
"202100018701";"168Â 213";"A01";"2";"17";"0";"2";"3";"13";"1";""
"202100018701";"168Â 214";"B01";"2";"7";"0";"2";"5";"1";"1";""
"202100018701";"168Â 215";"C01";"2";"7";"0";"2";"6";"1";"1";""
"202100018702";"168Â 211";"B01";"2";"7";"0";"2";"6";"2";"1";""
"202100018702";"168Â 212";"A01";"2";"43";"0";"2";"2";"3";"1";""
"202100018703";"168Â 209";"B01";"1";"7";"0";"2";"4";"2";"1";""
"202100018703";"168Â 210";"A01";"1";"10";"0";"2";"1";"2";"1";""
"202100018704";"168Â 207";"B01";"1";"34";"0";"2";"5";"1";"1";""
"202100018704";"168Â 208";"A01";"1";"7";"0";"2";"3";"13";"1";""
"202100018705";"168Â 206";"A01";"1";"7";"4";"0";"1";"2";"1";""
"202100018706";"168Â 204";"B01";"1";"7";"0";"2";"6";"2";"0";""
"202100018706";"168Â 205";"A01";"1";"7";"0";"2";"2";"2";"0";""
"202100018707";"168Â 202";"B01";"2";"33";"0";"2";"1";"1";"0";""
"202100018707";"168Â 203";"A01";"2";"10";"0";"2";"5";"12";"0";""
"202100018708";"168Â 200";"B01";"1";"31";"0";"2";"7";"0";"1";""
"202100018708";"168Â 201";"A01";"2";"33";"0";"2";"8";"0";"1";""
"202100018709";"168Â 198";"B01";"2";"31";"0";"2";"1";"3";"1";""
"202100018709";"168Â 199";"A01";"2";"7";"0";"2";"5";"1";"1";""
"202100018710";"168Â 195";"A01";"2";"10";"0";"2";"5";"1";"1";""
"202100018710";"168Â 196";"B01";"2";"7";"0";"2";"4";"2";"1";""
"202100018710";"168Â 197";"C01";"2";"7";"0";"2";"1";"2";"1";""
"202100018711";"168Â 193";"A01";"2";"7";"0";"2";"4";"1";"1";""
"202100018711";"168Â 194";"B01";"2";"7";"0";"2";"1";"1";"1";""
"202100018712";"168Â 191";"A01";"2";"7";"0";"2";"7";"23";"1";""
"202100018712";"168Â 192";"B01";"2";"7";"1";"2";"3";"11";"1";""
"202100018713";"168Â 189";"A01";"2";"7";"0";"2";"1";"1";"1";""
"202100018713";"168Â 190";"B01";"2";"7";"0";"2";"4";"1";"1";""
"202100018714";"168Â 187";"A01";"2";"7";"0";"2";"5";"11";"1";""
"202100018714";"168Â 188";"B01";"2";"32";"0";"2";"1";"1";"1";""
"202100018715";"168Â 186";"A01";"1";"7";"3";"0";"0";"0";"0";""
"202100018716";"168Â 183";"C01";"2";"15";"0";"2";"1";"0";"0";""
"202100018716";"168Â 184";"B01";"2";"17";"0";"2";"4";"0";"0";""
"202100018716";"168Â 185";"A01";"2";"7";"0";"2";"4";"0";"1";""
"202100018717";"168Â 181";"A01";"2";"7";"0";"2";"5";"12";"1";""
"202100018717";"168Â 182";"B01";"2";"33";"0";"2";"1";"3";"1";""
"202100018718";"168Â 179";"A01";"3";"7";"0";"2";"3";"1";"1";""
"202100018718";"168Â 180";"B01";"3";"1";"0";"2";"8";"19";"5";""
"202100018719";"168Â 178";"A01";"3";"10";"1";"1";"6";"26";"0";""
"202100018720";"168Â 177";"A01";"3";"7";"0";"1";"1";"1";"1";""
"202100018721";"168Â 174";"A01";"3";"33";"0";"2";"9";"17";"1";""
"202100018721";"168Â 175";"Z01";"3";"7";"0";"2";"0";"0";"0";""
"202100018721";"168Â 176";"B01";"3";"7";"0";"2";"6";"1";"1";""
"202100018722";"168Â 172";"A01";"1";"10";"1";"2";"1";"0";"1";""
"202100018722";"168Â 173";"B01";"1";"10";"1";"2";"4";"24";"1";""
"202100018723";"168Â 171";"A01";"3";"7";"0";"1";"1";"1";"1";""
"202100018724";"168Â 169";"A01";"3";"30";"0";"2";"1";"11";"1";""
"202100018724";"168Â 170";"B01";"3";"7";"0";"2";"8";"10";"1";""
"202100018725";"168Â 168";"A01";"1";"7";"0";"1";"1";"1";"1";""
"202100018726";"168Â 166";"A01";"3";"7";"0";"2";"7";"1";"1";""
"202100018726";"168Â 167";"B01";"3";"10";"0";"2";"1";"1";"1";""
"202100018727";"168Â 165";"A01";"1";"30";"0";"1";"1";"1";"1";""
"202100018728";"168Â 163";"B01";"1";"32";"0";"2";"6";"1";"1";""
"202100018728";"168Â 164";"A01";"1";"10";"0";"2";"7";"14";"1";""
"202100018729";"168Â 161";"A01";"0";"1";"0";"2";"3";"26";"5";""
"202100018729";"168Â 162";"B01";"3";"37";"0";"9";"0";"0";"1";"4"
"202100018730";"168Â 159";"B01";"1";"37";"0";"2";"3";"1";"0";"3"
"202100018730";"168Â 160";"A01";"2";"7";"0";"2";"3";"13";"3";""
"202100018731";"168Â 157";"A01";"1";"7";"0";"2";"2";"16";"1";""
"202100018731";"168Â 158";"B01";"1";"99";"0";"2";"1";"1";"3";""
"202100018732";"168Â 155";"A01";"1";"15";"0";"2";"2";"16";"1";""
"202100018732";"168Â 156";"B01";"1";"80";"0";"2";"8";"0";"3";""
"202100018733";"168Â 153";"A01";"1";"7";"0";"2";"2";"19";"1";""
"202100018733";"168Â 154";"B01";"1";"32";"0";"2";"1";"21";"1";""
"202100018734";"168Â 151";"B01";"3";"7";"0";"2";"3";"2";"1";""
"202100018734";"168Â 152";"A01";"3";"7";"9";"2";"6";"1";"1";""
"202100018735";"168Â 150";"A01";"1";"7";"1";"0";"2";"13";"1";""
"202100018736";"168Â 148";"B01";"1";"1";"0";"2";"8";"1";"0";""
"202100018736";"168Â 149";"A01";"1";"7";"0";"2";"2";"16";"1";""
"202100018737";"168Â 147";"A01";"3";"7";"0";"1";"1";"26";"3";""
"202100018738";"168Â 145";"A01";"2";"1";"0";"2";"3";"19";"5";""
"202100018738";"168Â 146";"B01";"1";"7";"0";"0";"0";"0";"1";""
"202100018739";"168Â 143";"A01";"1";"33";"0";"2";"2";"16";"1";""
"202100018739";"168Â 144";"B01";"1";"7";"0";"2";"3";"1";"1";""
"202100018740";"168Â 142";"A01";"2";"7";"2";"0";"1";"14";"1";""
"202100018741";"168Â 140";"A01";"1";"30";"0";"2";"2";"13";"1";""
"202100018741";"168Â 141";"B01";"2";"7";"0";"2";"3";"1";"1";""
"202100018742";"168Â 139";"Z01";"0";"50";"0";"1";"1";"1";"3";""
"202100018743";"168Â 138";"A01";"2";"7";"7";"0";"2";"14";"1";""
"202100018744";"168Â 136";"A01";" -1";"7";"0";"2";"2";"14";"1";""
"202100018744";"168Â 137";"B01";" -1";"7";"0";"2";"6";"1";"1";""
"202100018745";"168Â 134";"B01";"3";"1";"0";"2";"8";"1";"5";""
"202100018745";"168Â 135";"A01";"3";"7";"0";"2";"2";"16";"1";""
"202100018746";"168Â 133";"A01";"1";"33";"0";"0";"7";"1";"1";""
"202100018747";"168Â 131";"B01";"1";"7";"0";"2";"3";"15";"1";""
"202100018747";"168Â 132";"A01";"1";"7";"0";"2";"2";"1";"1";""
"202100018748";"168Â 129";"A01";"2";"32";"0";"2";"1";"17";"1";""
"202100018748";"168Â 130";"B01";"2";"7";"0";"2";"8";"15";"1";""
"202100018749";"168Â 127";"A01";"1";"7";"0";"9";"3";"9";"2";""
"202100018749";"168Â 128";"B01";"2";"1";"0";"2";"7";"1";"5";""
"202100018750";"168Â 126";"A01";"1";"7";"8";"0";"1";"13";"1";""
"202100018751";"168Â 124";"B01";"3";"7";"0";"2";"1";"1";"1";""
"202100018751";"168Â 125";"A01";"3";"1";"0";"2";"1";"26";"0";""
"202100018752";"168Â 122";"A01";"1";"7";"0";"2";"2";"16";"1";""
"202100018752";"168Â 123";"B01";"1";"50";"0";"2";"3";"18";"3";""
"202100018753";"168Â 121";"A01";"1";"30";"14";"0";"1";"1";"1";""
"202100018754";"168Â 119";"A01";"2";"30";"0";"2";"7";"15";"1";""
"202100018754";"168Â 120";"B01";"1";"7";"0";"2";"1";"1";"1";""
"202100018755";"168Â 117";"B01";"2";"7";"0";"2";"1";"1";"1";""
"202100018755";"168Â 118";"A01";"1";"10";"0";"2";"1";"13";"1";""
"202100018756";"168Â 115";"A01";"3";"2";"0";"0";"0";"1";"0";""
"202100018756";"168Â 116";"B01";"0";"7";"0";"2";"3";"0";"0";""
"202100018757";"168Â 113";"A01";"1";"33";"0";"2";"1";"1";"1";""
"202100018757";"168Â 114";"B01";"1";"7";"0";"2";"4";"23";"1";""
"202100018758";"168Â 111";"B01";"1";"2";"0";"2";"1";"13";"1";""
"202100018758";"168Â 112";"A01";"2";"7";"0";"2";"1";"1";"1";""
"202100018759";"168Â 109";"A01";"3";"7";"0";"2";"3";"9";"1";""
"202100018759";"168Â 110";"B01";"3";"80";"0";"2";"7";"1";"3";""
"202100018760";"168Â 107";"A01";"1";"7";"0";"2";"3";"26";"1";""
"202100018760";"168Â 108";"B01";"1";"33";"0";"2";"1";"26";"1";""
"202100018761";"168Â 105";"B01";"3";"1";"0";"2";"8";"1";"0";""
"202100018761";"168Â 106";"A01";"1";"7";"0";"2";"3";"15";"1";""
"202100018762";"168Â 103";"A01";"0";"33";"0";"2";"1";"26";"1";""
"202100018762";"168Â 104";"B01";"0";"7";"0";"2";"3";"0";"1";""
"202100018763";"168Â 102";"A01";"1";"32";"0";"0";"0";"0";"1";""
"202100018764";"168Â 100";"A01";"3";"7";"0";"0";"0";"0";"1";""
"202100018764";"168Â 101";"B01";"3";"1";"0";"2";"7";"19";"5";""
"202100018765";"168Â 098";"A01";"3";"7";"0";"2";"1";"1";"1";""
"202100018765";"168Â 099";"B01";"3";"7";"0";"2";"5";"1";"1";""
"202100018766";"168Â 097";"A01";"3";"1";"6";"0";"0";"1";"5";""
"202100018767";"168Â 096";"A01";"2";"1";"0";"1";"1";"14";"5";""
"202100018768";"168Â 094";"A01";"0";"7";"0";"2";"1";"2";"1";""
"202100018768";"168Â 095";"B01";"0";"7";"0";"2";"4";"2";"1";""