"Num_Acc";"id_vehicule";"num_veh";"senc";"catv";"obs";"obsm";"choc";"manv";"motor";"occutc"
"202100018769";"168Â 092";"B01";"1";"15";"0";"2";"6";"1";"1";""
"202100018769";"168Â 093";"A01";"1";"34";"0";"2";"1";"1";"1";""
"202100018770";"168Â 090";"B01";"1";"7";"0";"2";"4";"23";"1";""
"202100018770";"168Â 091";"A01";"1";"7";"0";"2";"1";"2";"1";""
"202100018771";"168Â 087";"B01";"2";"33";"0";"2";"7";"1";"1";""
"202100018771";"168Â 088";"A01";"3";"7";"0";"2";"3";"9";"1";""
"202100018772";"168Â 086";"A01";"1";"7";"1";"2";"1";"1";"1";""
"202100018773";"168Â 084";"A01";"2";"32";"0";"2";"1";"18";"1";""
"202100018773";"168Â 085";"B01";"2";"7";"0";"2";"5";"23";"1";""
"202100018774";"168Â 083";"A01";"2";"33";"14";"0";"8";"1";"1";""
"202100018775";"168Â 081";"A01";"1";"7";"0";"2";"3";"15";"1";""
"202100018775";"168Â 082";"B01";"1";"32";"0";"2";"1";"1";"1";""
"202100018776";"168Â 079";"A01";"1";"7";"0";"2";"2";"26";"1";""
"202100018776";"168Â 080";"B01";"1";"1";"0";"2";"2";"26";"0";""
"202100018777";"168Â 077";"A01";"3";"7";"0";"0";"3";"1";"1";""
"202100018778";"168Â 074";"A01";"1";"7";"2";"0";"9";"14";"1";""
"202100018779";"168Â 073";"A01";"2";"7";"2";"0";"1";"21";"1";""
"202100018780";"168Â 071";"A01";"2";"7";"0";"2";"3";"9";"1";""
"202100018780";"168Â 072";"B01";"1";"1";"0";"2";"1";"1";"5";""
"202100018781";"168Â 069";"A01";"3";"31";"0";"2";"6";"13";"1";""
"202100018781";"168Â 070";"B01";"3";"7";"0";"2";"6";"1";"1";""
"202100018782";"168Â 068";"A01";"2";"7";"0";"1";"1";"2";"1";""
"202100018783";"168Â 067";"A01";"2";"7";"11";"0";"1";"1";"1";""
"202100018784";"168Â 065";"B01";"1";"7";"0";"2";"7";"1";"1";""
"202100018784";"168Â 066";"A01";"1";"7";"0";"2";"1";"9";"1";""
"202100018785";"168Â 064";"A01";"0";"37";"0";"1";"1";"9";"1";"1"
"202100018786";"168Â 062";"B01";"3";"7";"0";"2";"7";"1";"1";""
"202100018786";"168Â 063";"A01";"3";"30";"0";"2";"1";"19";"1";""
"202100018787";"168Â 059";"B01";"1";"7";"14";"2";"3";"1";"1";""
"202100018787";"168Â 060";"C01";"1";"7";"14";"2";"1";"2";"1";""
"202100018787";"168Â 061";"A01";"2";"7";"14";"2";"1";"13";"1";""
"202100018788";"168Â 058";"A01";"3";"7";"0";"9";"2";"16";"1";""
"202100018789";"168Â 056";"B01";"1";"7";"0";"2";"1";"1";"1";""
"202100018789";"168Â 057";"A01";"2";"7";"0";"2";"1";"1";"1";""
"202100018790";"168Â 054";"B01";"2";"2";"0";"2";"1";"1";"1";""
"202100018790";"168Â 055";"A01";"1";"7";"0";"2";"3";"15";"1";""
"202100018791";"168Â 052";"A01";"2";"7";"0";"2";"5";"12";"1";""
"202100018791";"168Â 053";"B01";"2";"33";"0";"2";"8";"3";"1";""
"202100018792";"168Â 050";"B01";"1";"7";"0";"2";"6";"2";"1";""
"202100018792";"168Â 051";"A01";"1";"34";"0";"2";"1";"2";"1";""
"202100018793";"168Â 049";"A01";"1";"33";"0";"1";"8";"1";"1";""
"202100018794";"168Â 047";"A01";"1";"10";"0";"2";"1";"1";"1";""
"202100018794";"168Â 048";"B01";"1";"32";"0";"2";"8";"1";"1";""
"202100018795";"168Â 045";"A01";"2";"7";"0";"2";"7";"16";"1";""
"202100018795";"168Â 046";"B01";"2";"43";"0";"2";"3";"18";"1";""
"202100018796";"168Â 044";"A01";"0";"7";"0";"1";"1";"15";"1";""
"202100018797";"168Â 043";"A01";"1";"50";"0";"1";"1";"1";"3";""
"202100018798";"168Â 042";"A01";"1";"7";"0";"1";"1";"1";"1";""
"202100018799";"168Â 041";"A01";"2";"7";"0";"1";"7";"1";"1";""
"202100018800";"168Â 040";"A01";"2";"7";"0";"1";"1";"1";"1";""
"202100018801";"168Â 037";"B01";"1";"7";"0";"2";"1";"1";"1";""
"202100018801";"168Â 038";"A01";"2";"30";"0";"2";"1";"13";"1";""
"202100018802";"168Â 035";"A01";"2";"30";"0";"2";"6";"7";"1";""
"202100018802";"168Â 036";"Z01";"2";"7";"0";"2";"3";"16";"1";""
"202100018803";"168Â 034";"A01";"2";"30";"0";"0";"0";"7";"3";""
"202100018804";"168Â 032";"A01";"2";"1";"0";"2";"8";"15";"5";""
"202100018804";"168Â 033";"B01";"2";"33";"0";"2";"1";"1";"1";""
"202100018805";"168Â 030";"B01";"1";"30";"0";"2";"0";"1";"1";""
"202100018805";"168Â 031";"A01";"1";"7";"0";"2";"0";"1";"2";""
"202100018806";"168Â 028";"B01";"1";"7";"0";"2";"4";"2";"1";""
"202100018806";"168Â 029";"A01";"1";"32";"0";"2";"1";"2";"1";""
"202100018807";"168Â 026";"B01";"2";"7";"0";"2";"2";"15";"1";""
"202100018807";"168Â 027";"A01";"1";"43";"0";"2";"2";"1";"1";""
"202100018808";"168Â 024";"A01";"2";"7";"0";"2";"3";"20";"1";""
"202100018808";"168Â 025";"B01";"2";"33";"0";"2";"8";"15";"1";""
"202100018809";"168Â 022";"A01";"2";"7";"0";"2";"2";"2";"1";""
"202100018809";"168Â 023";"B01";"1";"7";"0";"2";"1";"2";"1";""
"202100018810";"168Â 020";"B01";"2";"7";"0";"2";"4";"23";"1";""
"202100018810";"168Â 021";"A01";"2";"1";"0";"2";"1";"1";"5";""
"202100018811";"168Â 019";"A01";"2";"32";"0";"0";"7";"2";"1";""
"202100018812";"168Â 017";"A01";"1";"7";"0";"2";"3";"9";"1";""
"202100018812";"168Â 018";"B01";"1";"7";"0";"0";"1";"1";"1";""
"202100018813";"168Â 016";"A01";"1";"7";"8";"0";"1";"1";"1";""
"202100018814";"168Â 014";"B01";"3";"30";"0";"2";"1";"1";"0";""
"202100018814";"168Â 015";"A01";"3";"7";"0";"2";"4";"1";"1";""
"202100018815";"168Â 012";"A01";"1";"7";"0";"2";"7";"16";"0";""
"202100018815";"168Â 013";"B01";"1";"34";"0";"2";"1";"7";"1";""
"202100018816";"168Â 010";"A01";"1";"7";"0";"2";"5";"16";"1";""
"202100018816";"168Â 011";"B01";"1";"2";"0";"2";"1";"1";"1";""
"202100018817";"168Â 008";"B01";"2";"2";"0";"2";"1";"1";"1";""
"202100018817";"168Â 009";"A01";"2";"43";"0";"2";"7";"1";"1";""
"202100018818";"168Â 007";"A01";"1";"7";"8";"0";"9";"1";"1";""
"202100018819";"168Â 004";"C01";"1";"7";"0";"9";"4";"0";"0";""
"202100018819";"168Â 005";"B01";"1";"7";"0";"2";"4";"2";"0";""
"202100018819";"168Â 006";"A01";"1";"14";"0";"2";"1";"2";"0";""
"202100018820";"168Â 003";"A01";"3";"7";"0";"1";"1";"9";"1";""
"202100018821";"168Â 002";"A01";"1";"7";"4";"0";"1";"26";"1";""
"202100018822";"168Â 000";"A01";"3";"10";"0";"2";"1";"2";"0";""
"202100018822";"168Â 001";"B01";"3";"7";"0";"2";"4";"15";"1";""
"202100018823";"167Â 999";"A01";"2";"32";"0";"1";"1";"17";"1";""
"202100018824";"167Â 997";"B01";"1";"2";"0";"2";"3";"1";"1";""
"202100018824";"167Â 998";"A01";"1";"7";"0";"2";"2";"16";"1";""
"202100018825";"167Â 995";"B01";"1";"31";"0";"2";"3";"7";"1";""
"202100018825";"167Â 996";"Z01";"1";"7";"0";"2";"5";"16";"1";""
"202100018826";"167Â 993";"B01";"3";"30";"0";"2";"3";"1";"1";""
"202100018826";"167Â 994";"A01";"3";"7";"0";"2";"5";"1";"1";""
"202100018827";"167Â 992";"A01";"1";"30";"0";"1";"1";"1";"1";""
"202100018828";"167Â 991";"A01";"1";"30";"0";"1";"1";"1";"1";""
"202100018829";"167Â 990";"B01";"1";"1";"1";"0";"1";"1";"5";""
"202100018830";"167Â 988";"A01";"1";"10";"0";"2";"1";"2";"1";""
"202100018830";"167Â 989";"B01";"1";"7";"0";"2";"4";"1";"1";""
"202100018831";"167Â 986";"A01";"1";"3";"0";"2";"1";"13";"1";""
"202100018831";"167Â 987";"B01";"2";"7";"0";"2";"3";"1";"2";""
"202100018832";"167Â 984";"B01";"1";"7";"8";"2";"3";"1";"2";""
"202100018832";"167Â 985";"A01";"2";"7";"0";"2";"3";"13";"1";""
"202100018833";"167Â 982";"A01";"1";"7";"0";"2";"1";"1";"1";""
"202100018833";"167Â 983";"B01";"1";"7";"0";"0";"6";"1";"1";""
"202100018834";"167Â 981";"A01";"2";"7";"13";"0";"2";"1";"1";""
"202100018835";"167Â 979";"A01";"0";"7";"0";"9";"8";"1";"1";""
"202100018835";"167Â 980";"B01";"0";"80";"0";"2";"8";"5";"3";""
"202100018836";"167Â 977";"B01";"1";"21";"0";"2";"2";"1";"1";""
"202100018836";"167Â 978";"A01";"2";"7";"0";"0";"1";"1";"1";""
"202100018837";"167Â 976";"A01";"1";"21";"0";"0";"0";"15";"1";""
"202100018838";"167Â 974";"A01";"1";"33";"8";"2";"0";"1";"1";""
"202100018838";"167Â 975";"B01";"1";"7";"0";"2";"2";"15";"1";""
"202100018839";"167Â 970";"B01";"2";"7";"0";"2";"1";"2";"1";""
"202100018839";"167Â 971";"A01";"3";"10";"15";"2";"7";"9";"1";""
"202100018840";"167Â 969";"A01";"1";"1";"0";"5";"1";"1";"5";""
"202100018841";"167Â 968";"A01";"2";"10";"0";"0";"0";"21";"1";""
"202100018842";"167Â 966";"B01";"1";"13";"0";"2";"1";"21";"1";""
"202100018842";"167Â 967";"A01";"2";"7";"0";"2";"1";"13";"1";""
"202100018843";"167Â 964";"B01";"0";"1";"0";"2";"1";"1";"5";""
"202100018843";"167Â 965";"A01";"0";"7";"0";"9";"3";"15";"1";""
"202100018844";"167Â 962";"B01";"0";"1";"0";"2";"1";"15";"5";""
"202100018844";"167Â 963";"A01";"0";"10";"0";"9";"3";"1";"1";""
"202100018845";"167Â 960";"A01";"3";"7";"0";"2";"3";"9";"1";""
"202100018845";"167Â 961";"B01";"3";"33";"0";"2";"1";"1";"1";""
"202100018846";"167Â 957";"A01";"1";"7";"0";"2";"1";"5";"1";""
"202100018846";"167Â 958";"B01";"2";"10";"0";"2";"1";"2";"1";""
"202100018846";"167Â 959";"C01";"1";"7";"0";"2";"1";"2";"1";""
"202100018847";"167Â 955";"B01";"3";"7";"0";"2";"2";"1";"1";""
"202100018847";"167Â 956";"A01";"1";"7";"0";"2";"3";"16";"1";""
"202100018848";"167Â 953";"B01";"1";"13";"0";"2";"1";"1";"1";""
"202100018848";"167Â 954";"A01";"2";"7";"3";"2";"1";"5";"1";""
"202100018849";"167Â 952";"A01";"2";"33";"0";"0";"0";"1";"1";""
"202100018850";"167Â 950";"B01";"2";"33";"0";"2";"1";"1";"1";""
"202100018850";"167Â 951";"A01";"1";"7";"0";"2";"3";"15";"2";""
"202100018851";"167Â 949";"A01";"1";"7";"0";"1";"2";"1";"0";""
"202100018852";"167Â 948";"A01";"2";"7";"13";"0";"2";"14";"1";""
"202100018853";"167Â 947";"A01";"0";"7";"16";"0";"9";"1";"1";""
"202100018854";"167Â 945";"A01";"1";"7";"0";"0";"5";"15";"1";""
"202100018854";"167Â 946";"B01";"1";"33";"0";"2";"3";"21";"1";""
"202100018855";"167Â 944";"A01";"2";"7";"4";"0";"8";"1";"1";""
"202100018856";"167Â 943";"A01";"3";"33";"10";"0";"0";"1";"1";""
"202100018857";"167Â 942";"A01";"2";"33";"8";"0";"1";"1";"1";""
"202100018858";"167Â 940";"B01";"0";"17";"0";"2";"1";"1";"1";""
"202100018858";"167Â 941";"A01";"0";"7";"0";"2";"2";"19";"1";""
"202100018859";"167Â 938";"B01";"1";"7";"0";"2";"1";"1";"1";""
"202100018859";"167Â 939";"A01";"1";"7";"0";"0";"8";"9";"1";""
"202100018860";"167Â 936";"B01";"1";"7";"0";"2";"3";"21";"1";""
"202100018860";"167Â 937";"A01";"2";"7";"0";"2";"3";"17";"1";""
"202100018861";"167Â 935";"A01";"2";"17";"0";"0";"8";"1";"1";""
"202100018862";"167Â 933";"A01";"1";"7";"0";"2";"8";"20";"1";""
"202100018862";"167Â 934";"B01";"1";"1";"0";"2";"7";"17";"5";""
"202100018863";"167Â 931";"B01";"1";"7";"0";"2";"4";"2";"2";""
"202100018863";"167Â 932";"A01";"1";"10";"0";"2";"1";"2";"1";""
"202100018864";"167Â 929";"A01";"1";"31";"0";"2";"3";"15";"1";""
"202100018864";"167Â 930";"B01";"1";"7";"0";"2";"2";"1";"1";""
"202100018865";"167Â 927";"A01";"2";"33";"0";"2";"1";"1";"1";""
"202100018865";"167Â 928";"B01";"1";"38";"0";"2";"5";"15";"1";"1"
"202100018866";"167Â 925";"B01";"2";"7";"0";"2";"1";"1";"1";""
"202100018866";"167Â 926";"A01";"2";"7";"0";"2";"1";"15";"1";""
"202100018867";"167Â 923";"A01";"1";"15";"0";"0";"4";"2";"1";""
"202100018867";"167Â 924";"B01";"1";"7";"0";"2";"1";"2";"1";""
"202100018868";"167Â 921";"A01";"1";"7";"0";"2";"1";"2";"1";""
"202100018868";"167Â 922";"B01";"1";"7";"0";"2";"4";"2";"1";""
"202100018869";"167Â 919";"B01";"1";"33";"0";"2";"1";"1";"1";""
"202100018869";"167Â 920";"A01";"2";"7";"0";"2";"2";"15";"1";""
"202100018870";"167Â 918";"A01";"3";"36";"0";"0";"0";"14";"1";""
"202100018871";"167Â 916";"B01";"1";"1";"13";"0";"0";"2";"5";""
"202100018871";"167Â 917";"A01";"1";"7";"0";"0";"0";"2";"1";""
"202100018872";"167Â 915";"A01";"2";"2";"1";"0";"2";"2";"1";""
"202100018873";"167Â 913";"A01";"1";"7";"0";"2";"7";"1";"1";""
"202100018873";"167Â 914";"B01";"2";"10";"0";"2";"3";"15";"1";""
"202100018874";"167Â 911";"A01";"0";"50";"0";"2";"1";"5";"3";""
"202100018874";"167Â 912";"B01";"0";"7";"0";"9";"1";"1";"1";""
"202100018875";"167Â 910";"A01";"2";"7";"2";"0";"0";"0";"1";""
"202100018876";"167Â 908";"A01";"1";"7";"0";"2";"3";"1";"0";""
"202100018876";"167Â 909";"B01";"2";"1";"0";"2";"2";"1";"5";""
"202100018877";"167Â 907";"A01";"0";"2";"0";"0";"0";"0";"1";""
"202100018878";"167Â 905";"B01";"2";"7";"0";"2";"6";"15";"1";""
"202100018878";"167Â 906";"A01";"2";"33";"0";"2";"1";"17";"1";""
"202100018879";"167Â 904";"A01";"1";"7";"3";"0";"1";"1";"1";""
"202100018880";"167Â 902";"B01";"2";"1";"0";"2";"1";"1";"5";""
"202100018880";"167Â 903";"A01";"2";"7";"0";"2";"2";"15";"1";""
"202100018881";"167Â 900";"A01";"2";"7";"0";"2";"7";"14";"1";""
"202100018881";"167Â 901";"B01";"2";"7";"0";"2";"8";"1";"1";""
"202100018882";"167Â 895";"C01";"2";"7";"0";"2";"4";"1";"1";""
"202100018882";"167Â 896";"D01";"2";"7";"0";"2";"4";"1";"1";""
"202100018882";"167Â 897";"E01";"2";"7";"0";"2";"1";"1";"1";""
"202100018882";"167Â 898";"B01";"2";"7";"0";"2";"4";"1";"1";""
"202100018882";"167Â 899";"A01";"2";"7";"0";"2";"4";"1";"1";""
"202100018883";"167Â 893";"B01";"2";"7";"0";"2";"1";"2";"1";""
"202100018883";"167Â 894";"A01";"2";"7";"0";"2";"4";"1";"2";""
"202100018884";"167Â 891";"A01";"2";"7";"3";"2";"4";"12";"1";""
"202100018884";"167Â 892";"B01";"2";"33";"3";"2";"1";"3";"1";""
"202100018885";"167Â 889";"B01";"1";"33";"0";"2";"2";"3";"1";""
"202100018885";"167Â 890";"A01";"1";"7";"0";"2";"7";"12";"1";""
"202100018886";"167Â 887";"A01";"1";"43";"0";"2";"8";"3";"1";""
"202100018886";"167Â 888";"B01";"1";"7";"0";"2";"2";"14";"1";""
"202100018887";"167Â 886";"A01";"1";"17";"0";"1";"1";"2";"1";""
"202100018888";"167Â 885";"A01";"2";"17";"0";"1";"1";"2";"1";""
"202100018889";"167Â 883";"B01";"2";"15";"0";"2";"7";"1";"1";""
"202100018889";"167Â 884";"A01";"2";"10";"0";"2";"1";"13";"1";""
"202100018890";"167Â 880";"B01";"2";"10";"0";"2";"5";"2";"1";""
"202100018890";"167Â 881";"C01";"2";"7";"0";"2";"6";"2";"1";""
"202100018890";"167Â 882";"A01";"2";"7";"0";"2";"3";"2";"1";""
"202100018891";"167Â 878";"B01";"1";"10";"0";"2";"4";"2";"1";""
"202100018891";"167Â 879";"A01";"1";"43";"0";"2";"1";"2";"1";""
"202100018892";"167Â 877";"A01";"1";"50";"0";"0";"7";"1";"3";""
"202100018893";"167Â 874";"A01";"1";"7";"0";"2";"0";"0";"1";""
"202100018893";"167Â 875";"B01";"1";"7";"0";"2";"4";"2";"1";""
"202100018893";"167Â 876";"C01";"1";"7";"0";"2";"4";"0";"1";""
"202100018894";"167Â 872";"B01";"2";"7";"0";"2";"4";"2";"1";""
"202100018894";"167Â 873";"A01";"2";"37";"0";"2";"1";"2";"1";"1"
"202100018895";"167Â 869";"C01";"2";"7";"0";"2";"4";"1";"1";""
"202100018895";"167Â 870";"B01";"2";"32";"0";"2";"3";"3";"1";""
"202100018895";"167Â 871";"A01";"2";"7";"0";"2";"2";"1";"1";""
"202100018896";"167Â 868";"A01";"1";"7";"3";"0";"1";"1";"1";""
"202100018897";"167Â 867";"A01";"1";"7";"2";"0";"3";"13";"1";""
"202100018898";"167Â 866";"A01";"3";"7";"0";"1";"1";"1";"1";""
"202100018899";"167Â 865";"A01";"1";"7";"0";"1";"2";"26";"1";""
"202100018900";"167Â 864";"A01";"0";"7";"0";"1";"3";"2";"1";""
"202100018901";"167Â 863";"A01";"1";"7";"0";"1";"7";"1";"1";""
"202100018902";"167Â 862";"A01";"2";"7";"0";"1";"1";"1";"1";""
"202100018903";"167Â 854";"B01";"3";"7";"0";"2";"1";"1";"1";""
"202100018903";"167Â 855";"A01";"3";"1";"0";"2";"7";"1";"5";""
"202100018904";"167Â 852";"A01";"3";"30";"0";"2";"2";"26";"1";""
"202100018904";"167Â 853";"B01";"0";"7";"0";"0";"0";"0";"1";""
"202100018905";"167Â 851";"A01";"1";"7";"0";"1";"1";"1";"1";""
"202100018906";"167Â 850";"A01";"3";"7";"0";"1";"2";"15";"1";""
"202100018907";"167Â 848";"B01";"2";"7";"0";"2";"2";"16";"1";""
"202100018907";"167Â 849";"A01";"2";"99";"0";"2";"3";"18";"3";""
"202100018908";"167Â 846";"B01";"2";"7";"0";"2";"6";"0";"1";""
"202100018908";"167Â 847";"A01";"1";"33";"1";"0";"1";"0";"1";""
"202100018909";"167Â 843";"C01";"2";"10";"0";"2";"3";"2";"1";""
"202100018909";"167Â 844";"A01";"2";"7";"0";"1";"6";"1";"1";""
"202100018909";"167Â 845";"B01";"2";"7";"0";"2";"2";"2";"1";""
"202100018910";"167Â 842";"A01";"1";"33";"12";"0";"0";"13";"1";""
"202100018911";"167Â 841";"A01";"1";"33";"0";"0";"0";"1";"1";""
"202100018912";"167Â 840";"A01";"3";"7";"0";"1";"2";"1";"1";""
"202100018913";"167Â 838";"A01";"3";"33";"0";"2";"1";"1";"1";""
"202100018913";"167Â 839";"B01";"3";"7";"0";"2";"8";"1";"1";""
"202100018914";"167Â 836";"B01";"3";"7";"0";"0";"6";"1";"1";""
"202100018914";"167Â 837";"A01";"3";"7";"0";"2";"3";"18";"1";""
"202100018915";"167Â 834";"A01";"1";"7";"0";"9";"8";"26";"1";""
"202100018915";"167Â 835";"B01";"1";"50";"0";"2";"1";"9";"3";""
"202100018916";"167Â 832";"A01";"2";"2";"0";"2";"1";"0";"1";""
"202100018916";"167Â 833";"B01";"2";"7";"0";"2";"3";"0";"1";""
"202100018917";"167Â 831";"A01";"3";"30";"13";"0";"0";"14";"1";""
"202100018918";"167Â 829";"A01";"1";"7";"0";"2";"2";"17";"1";""
"202100018918";"167Â 830";"B01";"1";"7";"0";"2";"3";"15";"1";""
"202100018919";"167Â 827";"A01";"1";"33";"0";"2";"1";"2";"1";""
"202100018919";"167Â 828";"B01";"1";"33";"0";"2";"4";"2";"1";""
"202100018920";"167Â 823";"A01";"0";"7";"0";"2";"1";"9";"1";""
"202100018920";"167Â 824";"B01";"0";"33";"0";"2";"2";"1";"1";""
"202100018921";"167Â 821";"B01";"1";"32";"0";"2";"1";"1";"1";""
"202100018921";"167Â 822";"A01";"1";"7";"0";"2";"7";"20";"1";""
"202100018922";"167Â 820";"A01";"1";"7";"1";"0";"7";"14";"1";""
"202100018923";"167Â 818";"B01";"0";"31";"0";"2";"1";"1";"1";""
"202100018923";"167Â 819";"A01";"0";"7";"0";"2";"2";"20";"1";""
"202100018924";"167Â 817";"A01";"1";"7";"0";"1";"4";"20";"1";""
"202100018925";"167Â 815";"B01";"1";"50";"0";"2";"7";"1";"3";""
"202100018925";"167Â 816";"A01";"2";"7";"0";"2";"1";"19";"1";""
"202100018926";"167Â 814";"A01";"2";"7";"0";"1";"1";"1";"1";""
"202100018927";"167Â 812";"A01";"1";"7";"0";"2";"3";"1";"1";""
"202100018927";"167Â 813";"B01";"1";"1";"0";"2";"7";"19";"5";""
"202100018928";"167Â 810";"A01";"1";"7";"0";"2";"1";"1";"1";""
"202100018928";"167Â 811";"B01";"2";"1";"0";"2";"2";"1";"5";""
"202100018929";"167Â 808";"A01";"1";"1";"0";"2";"1";"1";"5";""
"202100018929";"167Â 809";"B01";"2";"7";"0";"2";"2";"26";"3";""
"202100018930";"167Â 806";"B01";"2";"1";"0";"2";"0";"19";"5";""
"202100018930";"167Â 807";"A01";"1";"31";"0";"2";"1";"13";"1";""
"202100018931";"167Â 804";"B01";"2";"31";"0";"2";"1";"15";"1";""
"202100018931";"167Â 805";"A01";"1";"1";"0";"2";"1";"1";"5";""
"202100018932";"167Â 802";"A01";"1";"7";"0";"2";"7";"1";"1";""
"202100018932";"167Â 803";"B01";"2";"7";"0";"2";"1";"1";"1";""
"202100018933";"167Â 800";"A01";"2";"33";"0";"2";"1";"1";"1";""
"202100018933";"167Â 801";"B01";"2";"33";"0";"2";"0";"15";"1";""
"202100018934";"167Â 799";"A01";"3";"7";"0";"1";"1";"1";"1";""
"202100018935";"167Â 798";"A01";"1";"7";"0";"1";"1";"1";"1";""
"202100018936";"167Â 796";"B01";"1";"2";"0";"2";"1";"1";"1";""
"202100018936";"167Â 797";"A01";"2";"7";"0";"2";"5";"15";"1";""
"202100018937";"167Â 794";"B01";"2";"1";"0";"2";"4";"2";"5";""
"202100018937";"167Â 795";"A01";"1";"7";"0";"2";"1";"15";"1";""
"202100018938";"167Â 792";"A01";"1";"14";"0";"2";"1";"9";"1";""
"202100018938";"167Â 793";"B01";"1";"1";"0";"2";"8";"18";"5";""
"202100018939";"167Â 790";"A01";"2";"7";"0";"2";"1";"2";"1";""
"202100018939";"167Â 791";"B01";"1";"1";"0";"2";"8";"19";"5";""
"202100018940";"167Â 789";"A01";"1";"7";"0";"1";"1";"16";"1";""
"202100018941";"167Â 787";"B01";"2";"7";"0";"2";"1";"19";"1";""
"202100018941";"167Â 788";"A01";"2";"7";"0";"2";"7";"1";"1";""
"202100018942";"167Â 785";"A01";"1";"7";"0";"2";"1";"15";"1";""
"202100018942";"167Â 786";"B01";"1";"1";"0";"2";"1";"9";"5";""
"202100018943";"167Â 784";"A01";"1";"7";"0";"1";"3";"21";"1";""
"202100018944";"167Â 782";"B01";"3";"7";"0";"2";"3";"1";"1";""
"202100018944";"167Â 783";"A01";"3";"30";"0";"2";"1";"19";"1";""
"202100018945";"167Â 780";"B01";"1";"1";"8";"2";"3";"1";"5";""
"202100018945";"167Â 781";"A01";"2";"10";"0";"2";"3";"9";"1";""
"202100018946";"167Â 777";"A01";"1";"7";"1";"0";"1";"14";"1";""
"202100018947";"167Â 775";"B01";"1";"2";"0";"2";"8";"1";"1";""
"202100018947";"167Â 776";"A01";"1";"7";"0";"9";"2";"15";"1";""
"202100018948";"167Â 774";"A01";"1";"7";"6";"0";"1";"7";"1";""
"202100018949";"167Â 773";"A01";"1";"7";"0";"1";"2";"2";"1";""
"202100018950";"167Â 771";"B01";"1";"80";"0";"0";"0";"26";"3";""
"202100018950";"167Â 772";"A01";"1";"7";"0";"0";"0";"26";"1";""
"202100018951";"167Â 769";"B01";"1";"31";"0";"2";"1";"1";"1";""
"202100018951";"167Â 770";"A01";"1";"7";"0";"2";"5";"15";"1";""
"202100018952";"167Â 766";"C01";"2";"32";"0";"2";"3";"1";"1";""
"202100018952";"167Â 767";"A01";"2";"7";"0";"2";"3";"15";"1";""
"202100018952";"167Â 768";"B01";"2";"7";"0";"9";"3";"1";"1";""
"202100018953";"167Â 765";"A01";"3";"33";"4";"0";"3";"13";"1";""
"202100018954";"167Â 763";"A01";"3";"50";"0";"2";"8";"1";"3";""
"202100018954";"167Â 764";"B01";"1";"7";"0";"2";"1";"1";"1";""
"202100018955";"167Â 761";"B01";"3";"1";"0";"2";"1";"1";"5";""
"202100018955";"167Â 762";"A01";"0";"7";"0";"2";"7";"15";"1";""
"202100018956";"167Â 758";"A01";"3";"7";"0";"9";"1";"1";"1";""
"202100018956";"167Â 759";"C01";"3";"7";"0";"2";"7";"23";"1";""
"202100018956";"167Â 760";"B01";"3";"1";"0";"2";"4";"2";"5";""
"202100018957";"167Â 756";"A01";"2";"7";"0";"2";"8";"14";"1";""
"202100018957";"167Â 757";"B01";"2";"7";"0";"2";"3";"1";"1";""
"202100018958";"167Â 754";"A01";"3";"7";"0";"2";"2";"24";"1";""
"202100018958";"167Â 755";"B01";"3";"7";"1";"2";"3";"16";"1";""
"202100018959";"167Â 752";"B01";"2";"7";"0";"2";"3";"1";"1";""
"202100018959";"167Â 753";"A01";"1";"7";"0";"2";"3";"13";"1";""
"202100018960";"167Â 750";"B01";"0";"7";"0";"2";"1";"15";"1";""
"202100018960";"167Â 751";"A01";"0";"1";"0";"2";"3";"1";"5";""
"202100018961";"167Â 747";"A01";"3";"7";"0";"2";"1";"1";"1";""
"202100018961";"167Â 748";"C01";"3";"10";"0";"2";"4";"1";"1";""
"202100018961";"167Â 749";"B01";"3";"7";"0";"2";"4";"1";"1";""
"202100018962";"167Â 745";"B01";"2";"7";"0";"2";"3";"15";"1";""
"202100018962";"167Â 746";"A01";"2";"30";"0";"2";"2";"17";"1";""
"202100018963";"167Â 743";"A01";"1";"10";"0";"2";"1";"1";"1";""
"202100018963";"167Â 744";"B01";"1";"50";"0";"2";"7";"19";"3";""
"202100018964";"167Â 741";"A01";"1";"33";"0";"2";"1";"13";"0";""
"202100018964";"167Â 742";"B01";"2";"7";"0";"0";"0";"1";"1";""
"202100018965";"167Â 738";"A01";"1";"7";"0";"0";"1";"1";"0";""
"202100018965";"167Â 739";"B01";"1";"7";"0";"0";"4";"23";"1";""
"202100018965";"167Â 740";"C01";"1";"7";"0";"0";"4";"23";"0";""
"202100018966";"167Â 736";"A01";"2";"7";"0";"2";"4";"23";"1";""
"202100018966";"167Â 737";"B01";"3";"10";"0";"2";"1";"2";"1";""
"202100018967";"167Â 734";"B01";"1";"7";"0";"2";"1";"3";"1";""
"202100018967";"167Â 735";"A01";"1";"7";"0";"2";"4";"11";"1";""
"202100018968";"167Â 733";"A01";"0";"30";"0";"0";"1";"13";"1";""
"202100018969";"167Â 731";"B01";"1";"7";"0";"2";"7";"1";"1";""
"202100018969";"167Â 732";"A01";"2";"7";"0";"2";"1";"15";"1";""
"202100018970";"167Â 729";"B01";"1";"7";"0";"2";"2";"1";"1";""
"202100018970";"167Â 730";"A01";"3";"10";"0";"2";"1";"19";"1";""