"Num_Acc";"id_vehicule";"num_veh";"senc";"catv";"obs";"obsm";"choc";"manv";"motor";"occutc"
"202100018971";"167Â 724";"C01";"3";"33";"0";"2";"0";"17";"1";""
"202100018971";"167Â 725";"B01";"3";"33";"0";"2";"1";"2";"1";""
"202100018971";"167Â 726";"A01";"3";"33";"0";"2";"4";"14";"1";""
"202100018972";"167Â 722";"B01";"3";"33";"0";"2";"0";"0";"1";""
"202100018972";"167Â 723";"A01";"3";"7";"0";"2";"1";"9";"1";""
"202100018973";"167Â 720";"A01";"3";"7";"0";"2";"3";"16";"1";""
"202100018973";"167Â 721";"B01";"3";"2";"0";"2";"7";"0";"1";""
"202100018974";"167Â 718";"B01";"1";"31";"0";"2";"1";"1";"1";""
"202100018974";"167Â 719";"A01";"1";"7";"0";"2";"6";"10";"1";""
"202100018975";"167Â 716";"A01";"1";"10";"0";"2";"6";"10";"1";""
"202100018975";"167Â 717";"B01";"2";"33";"0";"2";"1";"1";"1";""
"202100018976";"167Â 714";"A01";"2";"7";"0";"2";"1";"1";"1";""
"202100018976";"167Â 715";"B01";"1";"33";"0";"2";"3";"1";"0";""
"202100018977";"167Â 712";"B01";"0";"7";"0";"0";"3";"1";"1";""
"202100018977";"167Â 713";"A01";"0";"7";"0";"0";"3";"13";"1";""
"202100018978";"167Â 711";"A01";"3";"33";"12";"0";"2";"1";"1";""
"202100018979";"167Â 709";"A01";"1";"7";"0";"2";"0";"0";"1";""
"202100018979";"167Â 710";"B01";"1";"1";"0";"2";"0";"0";"5";""
"202100018980";"167Â 707";"A01";"1";"30";"0";"2";"1";"1";"1";""
"202100018980";"167Â 708";"B01";"1";"7";"0";"2";"7";"1";"1";""
"202100018981";"167Â 704";"B01";"1";"7";"0";"2";"7";"1";"1";""
"202100018981";"167Â 705";"C01";"1";"7";"0";"2";"7";"1";"1";""
"202100018981";"167Â 706";"A01";"1";"7";"0";"2";"8";"13";"1";""
"202100018982";"167Â 701";"Z01";"1";"7";"0";"2";"2";"5";"1";""
"202100018982";"167Â 702";"B01";"2";"30";"0";"2";"1";"1";"1";""
"202100018982";"167Â 703";"A01";"2";"30";"0";"2";"9";"1";"1";""
"202100018983";"167Â 700";"A01";"2";"1";"0";"1";"8";"1";"5";""
"202100018984";"167Â 698";"A01";"1";"30";"0";"2";"1";"13";"1";""
"202100018984";"167Â 699";"B01";"2";"10";"0";"2";"3";"1";"1";""
"202100018985";"167Â 696";"A01";"2";"7";"0";"2";"3";"13";"1";""
"202100018985";"167Â 697";"B01";"2";"34";"0";"2";"5";"1";"1";""
"202100018986";"167Â 694";"A01";"1";"7";"0";"2";"7";"15";"1";""
"202100018986";"167Â 695";"B01";"2";"1";"0";"2";"1";"1";"5";""
"202100018987";"167Â 693";"A01";"2";"7";"0";"1";"2";"1";"1";""
"202100018988";"167Â 691";"B01";"1";"30";"0";"2";"4";"2";"3";""
"202100018988";"167Â 692";"A01";"1";"30";"0";"2";"2";"2";"3";""
"202100018989";"167Â 690";"Z01";"3";"50";"0";"1";"1";"1";"3";""
"202100018990";"167Â 688";"A01";"1";"7";"0";"2";"1";"10";"1";""
"202100018990";"167Â 689";"B01";"1";"34";"0";"2";"2";"1";"1";""
"202100018991";"167Â 686";"B01";"1";"33";"0";"2";"1";"1";"1";""
"202100018991";"167Â 687";"A01";"1";"7";"0";"2";"2";"1";"1";""
"202100018992";"167Â 684";"A01";"1";"10";"0";"2";"8";"15";"1";""
"202100018992";"167Â 685";"B01";"1";"80";"0";"2";"2";"1";"3";""
"202100018993";"167Â 682";"B01";"1";"10";"0";"2";"6";"2";"1";""
"202100018993";"167Â 683";"A01";"1";"33";"0";"2";"1";"2";"1";""
"202100018994";"167Â 681";"A01";"2";"7";"0";"1";"1";"1";"1";""
"202100018995";"167Â 680";"A01";"2";"7";"0";"1";"2";"1";"1";""
"202100018996";"167Â 678";"A01";"1";"10";"0";"2";"0";"16";"1";""
"202100018996";"167Â 679";"B01";"1";"1";"0";"2";"0";"1";"5";""
"202100018997";"167Â 677";"A01";"1";"7";"0";"1";"2";"1";"1";""
"202100018998";"167Â 675";"B01";"2";"1";"0";"2";"1";"16";"5";""
"202100018998";"167Â 676";"A01";"1";"1";"0";"2";"1";"1";"5";""
"202100018999";"167Â 673";"B01";"2";"30";"0";"2";"1";"1";"1";""
"202100018999";"167Â 674";"A01";"1";"7";"0";"2";"2";"1";"1";""
"202100019000";"167Â 672";"A01";"2";"7";"0";"1";"1";"1";"2";""
"202100019001";"167Â 671";"Z01";"2";"34";"0";"1";"1";"1";"0";""
"202100019002";"167Â 670";"A01";"2";"30";"0";"1";"1";"17";"3";""
"202100019003";"167Â 668";"A01";"1";"7";"0";"2";"1";"15";"1";""
"202100019003";"167Â 669";"B01";"2";"1";"0";"2";"7";"1";"5";""
"202100019004";"167Â 666";"B01";"1";"50";"0";"2";"7";"1";"3";""
"202100019004";"167Â 667";"A01";"1";"7";"0";"2";"3";"1";"1";""
"202100019005";"167Â 664";"B01";"1";"10";"0";"2";"8";"1";"1";""
"202100019005";"167Â 665";"A01";"2";"1";"0";"2";"8";"13";"5";""
"202100019006";"167Â 663";"A01";"1";"50";"0";"0";"7";"14";"3";""
"202100019007";"167Â 661";"B01";"2";"7";"0";"2";"5";"15";"1";""
"202100019007";"167Â 662";"A01";"1";"33";"0";"2";"1";"1";"1";""
"202100019008";"167Â 659";"B01";"1";"10";"0";"2";"3";"15";"1";""
"202100019008";"167Â 660";"A01";"1";"32";"0";"2";"7";"17";"1";""
"202100019009";"167Â 658";"Z01";"0";"1";"0";"1";"1";"1";"5";""
"202100019010";"167Â 657";"Z01";"2";"7";"0";"1";"1";"1";"0";""
"202100019011";"167Â 656";"A01";"1";"1";"14";"0";"7";"13";"5";""
"202100019012";"167Â 654";"B01";"1";"1";"0";"2";"1";"1";"5";""
"202100019012";"167Â 655";"A01";"2";"1";"0";"2";"1";"15";"5";""
"202100019013";"167Â 652";"A01";"3";"7";"0";"2";"1";"1";"1";""
"202100019013";"167Â 653";"B01";"2";"7";"1";"0";"1";"13";"1";""
"202100019014";"167Â 650";"B01";"2";"7";"0";"2";"4";"2";"1";""
"202100019014";"167Â 651";"A01";"2";"15";"0";"2";"1";"2";"0";""
"202100019015";"167Â 648";"A01";"2";"7";"0";"2";"2";"15";"1";""
"202100019015";"167Â 649";"B01";"1";"33";"0";"2";"1";"1";"1";""
"202100019016";"167Â 647";"A01";"3";"7";"0";"1";"1";"1";"1";""
"202100019017";"167Â 645";"B01";"1";"1";"1";"0";"2";"0";"0";""
"202100019017";"167Â 646";"A01";"1";"10";"0";"2";"3";"24";"1";""
"202100019018";"167Â 644";"A01";"2";"7";"0";"1";"1";"1";"1";""
"202100019019";"167Â 643";"A01";"0";"7";"0";"1";"2";"2";"1";""
"202100019020";"167Â 642";"A01";"1";"32";"8";"0";"1";"1";"1";""
"202100019021";"167Â 638";"B01";"1";"13";"0";"2";"0";"0";"1";""
"202100019021";"167Â 639";"A01";"1";"7";"0";"2";"3";"15";"1";""
"202100019022";"167Â 636";"A01";"1";"7";"0";"2";"3";"26";"1";""
"202100019022";"167Â 637";"B01";"2";"10";"0";"2";"2";"26";"1";""
"202100019023";"167Â 634";"B01";"3";"1";"0";"2";"2";"25";"5";""
"202100019023";"167Â 635";"A01";"3";"7";"0";"2";"3";"9";"1";""
"202100019024";"167Â 632";"B01";"3";"40";"0";"2";"1";"1";"3";""
"202100019024";"167Â 633";"A01";"3";"7";"0";"4";"3";"15";"1";""
"202100019025";"167Â 631";"A01";"2";"30";"0";"0";"1";"1";"1";""
"202100019026";"167Â 629";"A01";"2";"7";"0";"9";"3";"16";"1";""
"202100019026";"167Â 630";"B01";"1";"99";"0";"2";"2";"1";"0";""
"202100019027";"167Â 627";"B01";"3";"7";"0";"0";"0";"0";"0";""
"202100019027";"167Â 628";"A01";"3";"33";"0";"2";"1";"0";"0";""
"202100019028";"167Â 625";"B01";"2";"7";"0";"2";"3";"1";"1";""
"202100019028";"167Â 626";"A01";"2";"32";"0";"2";"1";"1";"1";""
"202100019029";"167Â 623";"B01";"1";"7";"0";"2";"1";"15";"1";""
"202100019029";"167Â 624";"A01";"2";"1";"0";"2";"7";"1";"5";""
"202100019030";"167Â 621";"A01";"1";"7";"0";"2";"1";"2";"1";""
"202100019030";"167Â 622";"B01";"1";"31";"0";"2";"4";"1";"1";""
"202100019031";"167Â 620";"A01";"1";"32";"0";"1";"1";"3";"1";""
"202100019032";"167Â 618";"Z01";"2";"3";"0";"2";"7";"2";"0";""
"202100019032";"167Â 619";"B01";"2";"1";"0";"2";"8";"2";"5";""
"202100019033";"167Â 617";"A01";"3";"2";"0";"1";"1";"1";"1";""
"202100019034";"167Â 615";"A01";"2";"7";"0";"2";"3";"10";"1";""
"202100019034";"167Â 616";"B01";"2";"32";"0";"2";"3";"2";"1";""
"202100019035";"167Â 613";"A01";"1";"7";"0";"2";"1";"9";"1";""
"202100019035";"167Â 614";"B01";"1";"33";"0";"2";"2";"1";"1";""
"202100019036";"167Â 611";"B01";"0";"1";"0";"2";"0";"19";"6";""
"202100019036";"167Â 612";"A01";"1";"7";"0";"2";"1";"15";"3";""
"202100019037";"167Â 608";"C01";"2";"7";"0";"0";"3";"1";"1";""
"202100019037";"167Â 609";"B01";"2";"10";"0";"0";"3";"1";"1";""
"202100019037";"167Â 610";"A01";"1";"7";"0";"0";"1";"13";"1";""
"202100019038";"167Â 607";"A01";"3";"2";"0";"0";"7";"1";"1";""
"202100019039";"167Â 606";"A01";"3";"7";"2";"0";"2";"0";"1";""
"202100019040";"167Â 604";"A01";"1";"7";"0";"2";"3";"18";"1";""
"202100019040";"167Â 605";"B01";"1";"1";"0";"2";"4";"14";"5";""
"202100019041";"167Â 602";"A01";"1";"33";"0";"2";"1";"13";"1";""
"202100019041";"167Â 603";"B01";"2";"7";"0";"2";"2";"13";"1";""
"202100019042";"167Â 600";"A01";"1";"7";"0";"2";"3";"1";"1";""
"202100019042";"167Â 601";"B01";"2";"7";"0";"2";"1";"1";"1";""
"202100019043";"167Â 598";"A01";"2";"10";"0";"2";"2";"1";"1";""
"202100019043";"167Â 599";"B01";"3";"7";"0";"2";"6";"9";"1";""
"202100019044";"167Â 596";"A01";"1";"7";"0";"1";"1";"1";"1";""
"202100019045";"167Â 595";"A01";"1";"1";"0";"0";"9";"0";"5";""
"202100019046";"167Â 594";"A01";"2";"2";"6";"0";"2";"1";"1";""
"202100019047";"167Â 593";"A01";"1";"33";"0";"0";"9";"1";"1";""
"202100019048";"167Â 591";"B01";"0";"7";"0";"2";"8";"1";"1";""
"202100019048";"167Â 592";"A01";"0";"31";"0";"2";"8";"19";"1";""
"202100019049";"167Â 590";"A01";"2";"33";"0";"0";"1";"1";"1";""
"202100019050";"167Â 588";"A01";"1";"7";"0";"0";"3";"9";"1";""
"202100019050";"167Â 589";"B01";"2";"2";"0";"0";"1";"17";"1";""
"202100019051";"167Â 587";"A01";"1";"10";"16";"0";"9";"0";"1";""
"202100019052";"167Â 585";"B01";"2";"15";"0";"2";"4";"0";"1";""
"202100019052";"167Â 586";"A01";"2";"10";"1";"0";"1";"3";"1";""
"202100019053";"167Â 583";"A01";"2";"33";"0";"2";"1";"13";"1";""
"202100019053";"167Â 584";"B01";"1";"7";"0";"2";"1";"26";"1";""
"202100019054";"167Â 582";"A01";"1";"10";"6";"0";"1";"1";"1";""
"202100019055";"167Â 580";"A01";"2";"7";"2";"0";"1";"1";"1";""
"202100019056";"167Â 579";"A01";"0";"33";"3";"0";"2";"1";"1";""
"202100019057";"167Â 577";"B01";"2";"31";"0";"2";"1";"13";"1";""
"202100019057";"167Â 578";"A01";"1";"7";"0";"2";"3";"1";"1";""
"202100019058";"167Â 575";"B01";"1";"7";"0";"2";"1";"2";"1";""
"202100019058";"167Â 576";"A01";"1";"7";"0";"0";"4";"1";"1";""
"202100019059";"167Â 573";"B01";"3";"7";"0";"2";"3";"1";"1";""
"202100019059";"167Â 574";"A01";"3";"1";"0";"2";"2";"1";"5";""
"202100019060";"167Â 570";"A01";"1";"21";"16";"0";"9";"1";"1";""
"202100019061";"167Â 568";"B01";"1";"7";"3";"2";"1";"1";"1";""
"202100019061";"167Â 569";"A01";"1";"7";"0";"2";"1";"13";"1";""
"202100019062";"167Â 567";"A01";"3";"10";"2";"0";"3";"1";"1";""
"202100019063";"167Â 565";"A01";"1";"7";"0";"2";"3";"15";"1";""
"202100019063";"167Â 566";"B01";"1";"7";"13";"2";"8";"17";"1";""
"202100019064";"167Â 564";"A01";"1";"1";"0";"1";"1";"1";"5";""
"202100019065";"167Â 563";"A01";"1";"7";"0";"1";"4";"20";"1";""
"202100019066";"167Â 561";"A01";"2";"7";"0";"2";"1";"2";"1";""
"202100019066";"167Â 562";"B01";"2";"7";"0";"0";"4";"15";"1";""
"202100019067";"167Â 560";"A01";"1";"33";"3";"0";"0";"17";"1";""
"202100019068";"167Â 558";"B01";"2";"7";"0";"2";"2";"1";"1";""
"202100019068";"167Â 559";"A01";"2";"7";"0";"0";"6";"21";"1";""
"202100019069";"167Â 556";"A01";"1";"7";"0";"0";"7";"10";"1";""
"202100019069";"167Â 557";"B01";"1";"33";"0";"2";"1";"2";"1";""
"202100019070";"167Â 554";"B01";"1";"31";"0";"2";"7";"17";"1";""
"202100019070";"167Â 555";"A01";"1";"7";"0";"2";"3";"10";"1";""
"202100019071";"167Â 552";"A01";"0";"10";"0";"0";"5";"23";"1";""
"202100019071";"167Â 553";"B01";"3";"1";"0";"2";"1";"1";"5";""
"202100019072";"167Â 551";"A01";"2";"7";"13";"0";"0";"0";"1";""
"202100019073";"167Â 550";"A01";"1";"7";"3";"0";"3";"14";"1";""
"202100019074";"167Â 548";"B01";"1";"7";"0";"2";"1";"1";"1";""
"202100019074";"167Â 549";"A01";"2";"15";"0";"2";"7";"15";"1";""
"202100019075";"167Â 547";"A01";"1";"10";"16";"0";"9";"1";"1";""
"202100019076";"167Â 545";"B01";"1";"33";"0";"2";"1";"17";"1";""
"202100019076";"167Â 546";"A01";"2";"7";"0";"2";"8";"15";"1";""
"202100019077";"167Â 543";"B01";"0";"7";"0";"2";"3";"1";"1";""
"202100019077";"167Â 544";"A01";"3";"31";"0";"2";"1";"1";"1";""
"202100019078";"167Â 542";"A01";"2";"7";"13";"0";"0";"14";"1";""
"202100019079";"167Â 540";"B01";"2";"7";"9";"0";"3";"1";"1";""
"202100019079";"167Â 541";"A01";"2";"7";"0";"0";"1";"26";"1";""
"202100019080";"167Â 538";"B01";"1";"7";"0";"2";"7";"15";"1";""
"202100019080";"167Â 539";"A01";"1";"31";"0";"2";"1";"1";"1";""
"202100019081";"167Â 535";"A01";"2";"33";"0";"2";"5";"3";"1";""
"202100019081";"167Â 536";"B01";"2";"7";"0";"0";"6";"1";"2";""
"202100019081";"167Â 537";"C01";"1";"10";"0";"2";"6";"1";"1";""
"202100019082";"167Â 533";"A01";"2";"7";"0";"2";"3";"10";"1";""
"202100019082";"167Â 534";"B01";"2";"7";"0";"2";"1";"1";"1";""
"202100019083";"167Â 532";"A01";"3";"7";"6";"0";"2";"15";"1";""
"202100019084";"167Â 530";"B01";"3";"7";"0";"2";"3";"1";"1";""
"202100019084";"167Â 531";"A01";"3";"2";"0";"2";"1";"19";"1";""
"202100019085";"167Â 528";"A01";"0";"7";"0";"2";"1";"13";"1";""
"202100019085";"167Â 529";"B01";"0";"7";"0";"2";"1";"1";"1";""
"202100019086";"167Â 527";"A01";"0";"7";"2";"0";"1";"1";"1";""
"202100019087";"167Â 525";"B01";"0";"7";"7";"2";"2";"1";"1";""
"202100019087";"167Â 526";"A01";"3";"7";"0";"2";"5";"4";"1";""
"202100019088";"167Â 523";"A01";"1";"33";"0";"2";"1";"17";"1";""
"202100019088";"167Â 524";"B01";"1";"7";"0";"0";"6";"15";"1";""
"202100019089";"167Â 522";"A01";"2";"7";"6";"0";"2";"1";"1";""
"202100019090";"167Â 520";"A01";"1";"7";"0";"2";"2";"15";"1";""
"202100019090";"167Â 521";"B01";"2";"1";"0";"2";"1";"1";"5";""
"202100019091";"167Â 518";"B01";"1";"2";"0";"2";"1";"1";"1";""
"202100019091";"167Â 519";"A01";"2";"7";"0";"2";"5";"15";"1";""
"202100019092";"167Â 516";"A01";"2";"7";"7";"0";"7";"19";"1";""
"202100019092";"167Â 517";"B01";"2";"7";"0";"2";"1";"1";"1";""
"202100019093";"167Â 513";"A01";"1";"7";"0";"2";"2";"17";"1";""
"202100019093";"167Â 514";"B01";"2";"10";"0";"2";"6";"1";"1";""
"202100019093";"167Â 515";"C01";"1";"1";"0";"2";"8";"2";"5";""
"202100019094";"167Â 510";"A01";"2";"7";"3";"2";"1";"1";"1";""
"202100019094";"167Â 511";"B01";"1";"7";"0";"2";"8";"1";"1";""
"202100019094";"167Â 512";"C01";"1";"17";"0";"2";"3";"1";"1";""
"202100019095";"167Â 505";"A01";"1";"7";"0";"0";"6";"1";"1";""
"202100019095";"167Â 506";"B01";"1";"7";"0";"0";"3";"1";"1";""
"202100019095";"167Â 507";"C01";"1";"10";"0";"0";"8";"1";"1";""
"202100019095";"167Â 508";"D01";"2";"7";"0";"0";"1";"1";"1";""
"202100019096";"167Â 503";"A01";"2";"15";"0";"2";"2";"1";"0";""
"202100019096";"167Â 504";"B01";"2";"7";"0";"2";"6";"15";"1";""
"202100019097";"167Â 501";"B01";"1";"10";"0";"2";"1";"1";"1";""
"202100019097";"167Â 502";"A01";"1";"7";"0";"0";"4";"1";"1";""
"202100019098";"167Â 498";"A01";"1";"7";"0";"2";"4";"2";"2";""
"202100019098";"167Â 499";"B01";"1";"7";"0";"2";"4";"2";"1";""
"202100019098";"167Â 500";"C01";"1";"7";"0";"2";"1";"2";"1";""
"202100019099";"167Â 496";"A01";"2";"7";"0";"2";"6";"1";"1";""
"202100019099";"167Â 497";"B01";"2";"7";"0";"2";"2";"1";"1";""
"202100019100";"167Â 494";"A01";"1";"7";"0";"2";"6";"1";"1";""
"202100019100";"167Â 495";"B01";"1";"7";"0";"2";"9";"1";"1";""
"202100019101";"167Â 492";"A01";"2";"7";"0";"2";"4";"1";"1";""
"202100019101";"167Â 493";"B01";"2";"10";"0";"2";"1";"1";"1";""
"202100019102";"167Â 488";"A01";"1";"7";"0";"2";"4";"1";"1";""
"202100019102";"167Â 489";"B01";"1";"7";"0";"2";"4";"1";"1";""
"202100019102";"167Â 490";"C01";"1";"7";"0";"2";"4";"1";"1";""
"202100019102";"167Â 491";"D01";"1";"7";"0";"2";"1";"1";"1";""
"202100019103";"167Â 486";"Z01";"1";"10";"0";"2";"0";"0";"0";""
"202100019103";"167Â 487";"A01";"2";"32";"0";"2";"8";"1";"1";""
"202100019104";"167Â 481";"A01";"2";"7";"0";"2";"1";"2";"1";""
"202100019104";"167Â 482";"B01";"2";"7";"0";"2";"4";"1";"1";""
"202100019104";"167Â 483";"C01";"2";"43";"0";"2";"4";"1";"1";""
"202100019104";"167Â 484";"E01";"2";"7";"0";"2";"4";"2";"1";""
"202100019104";"167Â 485";"D01";"2";"7";"0";"2";"4";"2";"1";""
"202100019105";"167Â 479";"B01";"2";"7";"0";"2";"4";"1";"1";""
"202100019105";"167Â 480";"Z01";"2";"7";"0";"2";"0";"0";"0";""
"202100019106";"167Â 477";"B01";"1";"33";"0";"2";"1";"1";"1";""
"202100019106";"167Â 478";"A01";"1";"10";"0";"0";"8";"13";"0";""
"202100019107";"167Â 475";"A01";"1";"7";"0";"2";"1";"2";"1";""
"202100019107";"167Â 476";"B01";"1";"7";"0";"2";"4";"2";"1";""
"202100019108";"167Â 474";"A01";"2";"10";"4";"0";"1";"14";"1";""
"202100019109";"167Â 473";"A01";"1";"7";"16";"0";"9";"26";"1";""
"202100019110";"167Â 471";"A01";"2";"33";"0";"2";"1";"1";"1";""
"202100019110";"167Â 472";"B01";"2";"7";"0";"2";"4";"1";"0";""
"202100019111";"167Â 463";"H01";"1";"7";"0";"2";"4";"2";"1";""
"202100019111";"167Â 464";"G01";"2";"17";"0";"2";"4";"2";"1";""
"202100019111";"167Â 465";"F01";"2";"7";"0";"2";"4";"2";"1";""
"202100019111";"167Â 466";"E01";"2";"7";"0";"2";"4";"2";"1";""
"202100019111";"167Â 467";"D01";"2";"7";"0";"2";"4";"2";"1";""
"202100019111";"167Â 468";"C01";"2";"7";"0";"2";"4";"2";"1";""
"202100019111";"167Â 469";"B01";"2";"7";"0";"2";"4";"2";"1";""
"202100019111";"167Â 470";"A01";"2";"7";"0";"2";"1";"2";"1";""
"202100019112";"167Â 462";"A01";"1";"7";"0";"0";"9";"1";"1";""
"202100019113";"167Â 460";"B01";"1";"7";"0";"2";"4";"2";"1";""
"202100019113";"167Â 461";"A01";"1";"7";"0";"2";"1";"2";"1";""
"202100019114";"167Â 458";"B01";"2";"7";"3";"2";"8";"3";"1";""
"202100019114";"167Â 459";"A01";"2";"7";"0";"2";"2";"12";"1";""
"202100019115";"167Â 457";"A01";"2";"33";"0";"0";"7";"0";"1";""
"202100019116";"167Â 456";"A01";"1";"7";"4";"0";"0";"0";"1";""
"202100019117";"167Â 454";"A01";"2";"32";"0";"2";"7";"1";"1";""
"202100019117";"167Â 455";"B01";"2";"7";"0";"2";"8";"11";"1";""
"202100019118";"167Â 451";"A01";"1";"33";"0";"2";"4";"11";"1";""
"202100019118";"167Â 452";"C01";"1";"7";"0";"2";"0";"1";"1";""
"202100019118";"167Â 453";"B01";"1";"33";"0";"2";"1";"1";"1";""
"202100019119";"167Â 449";"A01";"1";"7";"0";"2";"3";"11";"1";""
"202100019119";"167Â 450";"B01";"1";"33";"0";"2";"1";"1";"1";""
"202100019120";"167Â 448";"A01";"2";"33";"4";"2";"7";"21";"1";""
"202100019121";"167Â 445";"C01";"2";"16";"4";"2";"1";"1";"1";""
"202100019121";"167Â 446";"B01";"2";"17";"4";"2";"1";"1";"1";""
"202100019121";"167Â 447";"A01";"2";"7";"4";"2";"1";"9";"1";""
"202100019122";"167Â 444";"A01";"1";"7";"4";"0";"3";"21";"1";""
"202100019123";"167Â 442";"A01";"1";"33";"0";"2";"1";"1";"1";""
"202100019123";"167Â 443";"B01";"1";"7";"0";"2";"4";"1";"2";""
"202100019124";"167Â 441";"A01";"2";"7";"4";"0";"1";"26";"1";""
"202100019125";"167Â 439";"B01";"2";"10";"0";"2";"4";"23";"1";""
"202100019125";"167Â 440";"A01";"2";"33";"0";"2";"1";"9";"1";""
"202100019126";"167Â 435";"A01";"2";"33";"0";"2";"1";"3";"1";""
"202100019126";"167Â 436";"B01";"2";"7";"0";"2";"3";"11";"1";""
"202100019126";"167Â 437";"C01";"2";"7";"0";"2";"5";"1";"1";""
"202100019126";"167Â 438";"D01";"2";"14";"0";"2";"8";"1";"1";""
"202100019127";"167Â 434";"A01";"1";"17";"13";"0";"9";"14";"1";""
"202100019128";"167Â 433";"A01";"1";"7";"0";"1";"1";"26";"1";""
"202100019129";"167Â 432";"A01";"0";"1";"0";"1";"1";"1";"5";""
"202100019130";"167Â 431";"A01";"1";"7";"1";"0";"9";"5";"1";""
"202100019131";"167Â 430";"A01";"2";"7";"0";"1";"4";"4";"1";""
"202100019132";"167Â 429";"A01";"2";"30";"0";"1";"1";"17";"1";""
"202100019133";"167Â 427";"B01";"1";"7";"0";"2";"0";"0";"1";""
"202100019133";"167Â 428";"A01";"2";"7";"0";"2";"3";"15";"1";""
"202100019134";"167Â 425";"B01";"1";"50";"0";"2";"1";"1";"3";""
"202100019134";"167Â 426";"A01";"2";"7";"0";"2";"1";"13";"1";""
"202100019135";"167Â 424";"A01";"1";"7";"1";"0";"2";"2";"1";""
"202100019136";"167Â 422";"A01";"3";"7";"1";"0";"8";"26";"1";""
"202100019136";"167Â 423";"B01";"3";"7";"0";"2";"5";"24";"1";""
"202100019137";"167Â 420";"A01";"1";"7";"0";"2";"3";"15";"1";""
"202100019137";"167Â 421";"B01";"1";"2";"0";"2";"8";"1";"1";""
"202100019138";"167Â 419";"A01";"3";"10";"0";"1";"2";"1";"1";""
"202100019139";"167Â 417";"B01";"3";"7";"0";"2";"8";"15";"1";""
"202100019139";"167Â 418";"A01";"3";"31";"0";"2";"2";"1";"1";""
"202100019140";"167Â 415";"A01";"0";"7";"0";"2";"4";"26";"1";""
"202100019140";"167Â 416";"B01";"3";"7";"0";"2";"2";"1";"1";""
"202100019141";"167Â 414";"A01";"2";"10";"0";"1";"8";"1";"1";""
"202100019142";"167Â 412";"A01";"1";"34";"0";"2";"3";"17";"1";""
"202100019142";"167Â 413";"B01";"1";"7";"0";"2";"3";"0";"1";""
"202100019143";"167Â 411";"A01";"1";"30";"0";"0";"8";"1";"1";""
"202100019144";"167Â 409";"B01";"1";"7";"0";"2";"1";"1";"1";""
"202100019144";"167Â 410";"A01";"1";"7";"0";"2";"8";"19";"1";""
"202100019145";"167Â 406";"A01";"0";"7";"0";"2";"3";"15";"1";""
"202100019145";"167Â 407";"B01";"0";"7";"0";"2";"1";"1";"1";""
"202100019145";"167Â 408";"C01";"0";"7";"0";"2";"0";"23";"1";""
"202100019146";"167Â 405";"A01";"2";"10";"0";"1";"3";"15";"1";""
"202100019147";"167Â 403";"B01";"2";"32";"0";"2";"8";"1";"1";""
"202100019147";"167Â 404";"A01";"1";"7";"0";"2";"3";"15";"1";""
"202100019148";"167Â 401";"A01";"0";"33";"0";"2";"1";"15";"1";""
"202100019148";"167Â 402";"B01";"0";"7";"0";"2";"3";"1";"1";""
"202100019149";"167Â 399";"A01";"3";"7";"0";"9";"3";"1";"1";""
"202100019149";"167Â 400";"B01";"3";"50";"0";"2";"1";"1";"3";""
"202100019150";"167Â 397";"A01";"1";"7";"0";"2";"1";"15";"1";""
"202100019150";"167Â 398";"B01";"2";"2";"0";"2";"1";"3";"1";""
"202100019151";"167Â 396";"A01";"0";"30";"0";"1";"4";"1";"0";""
"202100019152";"167Â 395";"A01";"3";"7";"0";"1";"4";"20";"3";""
"202100019153";"167Â 393";"A01";"1";"7";"0";"2";"3";"15";"1";""
"202100019153";"167Â 394";"B01";"2";"33";"0";"2";"1";"2";"1";""
"202100019154";"167Â 391";"A01";"1";"7";"0";"2";"1";"9";"1";""
"202100019154";"167Â 392";"B01";"2";"7";"0";"2";"7";"1";"1";""
"202100019155";"167Â 389";"B01";"1";"31";"0";"0";"0";"1";"1";""
"202100019155";"167Â 390";"A01";"1";"7";"0";"0";"0";"11";"1";""
"202100019156";"167Â 387";"A01";"2";"10";"0";"2";"2";"0";"1";""
"202100019156";"167Â 388";"B01";"1";"30";"0";"2";"1";"0";"1";""
"202100019157";"167Â 386";"A01";"1";"10";"0";"1";"1";"1";"1";""
"202100019158";"167Â 384";"B01";"1";"7";"0";"2";"8";"15";"1";""
"202100019158";"167Â 385";"A01";"1";"30";"0";"2";"3";"17";"1";""
"202100019159";"167Â 381";"A01";"1";"7";"0";"2";"1";"1";"1";""
"202100019159";"167Â 382";"C01";"1";"7";"0";"2";"3";"1";"1";""
"202100019159";"167Â 383";"B01";"2";"7";"0";"2";"5";"1";"1";""
"202100019160";"167Â 379";"B01";"1";"10";"0";"2";"3";"1";"1";""
"202100019160";"167Â 380";"A01";"2";"7";"0";"2";"3";"15";"1";""
"202100019161";"167Â 377";"B01";"1";"7";"0";"2";"3";"15";"1";""
"202100019161";"167Â 378";"A01";"2";"33";"0";"2";"1";"17";"1";""
"202100019162";"167Â 376";"A01";"3";"21";"4";"0";"1";"1";"1";""
"202100019163";"167Â 374";"B01";"2";"33";"0";"2";"1";"1";"1";""
"202100019163";"167Â 375";"A01";"1";"7";"0";"2";"2";"15";"1";""
"202100019164";"167Â 372";"B01";"2";"7";"0";"2";"1";"1";"1";""
"202100019164";"167Â 373";"A01";"2";"7";"0";"2";"7";"9";"1";""