"Num_Acc";"id_vehicule";"num_veh";"senc";"catv";"obs";"obsm";"choc";"manv";"motor";"occutc"
"202100019165";"167Â 371";"A01";"1";"7";"0";"1";"1";"9";"1";""
"202100019166";"167Â 369";"A01";" -1";"7";"0";"2";"2";"19";"1";""
"202100019166";"167Â 370";"B01";" -1";"7";"0";"2";"1";"1";"1";""
"202100019167";"167Â 367";"B01";"1";"7";"0";"2";"1";"1";"1";""
"202100019167";"167Â 368";"A01";"1";"7";"0";"2";"1";"17";"1";""
"202100019168";"167Â 366";"A01";"1";"7";"0";"1";"1";"1";"1";""
"202100019169";"167Â 365";"A01";"1";"7";"0";"1";"3";"19";"0";""
"202100019170";"167Â 364";"A01";"1";"7";"6";"0";"1";"1";"1";""
"202100019171";"167Â 362";"B01";"1";"30";"0";"2";"1";"17";"1";""
"202100019171";"167Â 363";"A01";"2";"99";"9";"2";"6";"11";"1";""
"202100019172";"167Â 360";"B01";"1";"10";"0";"2";"4";"26";"1";""
"202100019172";"167Â 361";"A01";"1";"7";"0";"2";"1";"26";"1";""
"202100019173";"167Â 359";"A01";"3";"7";"1";"0";"8";"16";"1";""
"202100019174";"167Â 358";"A01";"1";"7";"8";"0";"1";"14";"1";""
"202100019175";"167Â 357";"A01";"3";"7";"1";"0";"2";"1";"1";""
"202100019176";"167Â 355";"A01";"1";"40";"0";"2";"1";"1";"3";""
"202100019176";"167Â 356";"B01";"3";"50";"0";"4";"3";"26";"3";""
"202100019177";"167Â 354";"A01";"2";"31";"0";"1";"1";"1";"0";""
"202100019178";"167Â 352";"A01";"0";"10";"0";"2";"2";"26";"1";""
"202100019178";"167Â 353";"B01";"0";"1";"0";"2";"1";"1";"5";""
"202100019179";"167Â 350";"B01";"2";"33";"0";"2";"1";"1";"1";""
"202100019179";"167Â 351";"A01";"1";"7";"0";"2";"7";"15";"1";""
"202100019180";"167Â 348";"A01";"1";"33";"0";"2";"1";"2";"1";""
"202100019180";"167Â 349";"B01";"1";"7";"0";"2";"4";"2";"1";""
"202100019181";"167Â 346";"B01";"1";"1";"0";"2";"1";"16";"5";""
"202100019181";"167Â 347";"A01";"2";"1";"0";"2";"1";"15";"5";""
"202100019182";"167Â 344";"A01";"2";"7";"0";"2";"1";"2";"1";""
"202100019182";"167Â 345";"B01";"2";"10";"0";"2";"4";"23";"1";""
"202100019183";"167Â 338";"A01";"2";"7";"0";"2";"8";"16";"1";""
"202100019183";"167Â 339";"B01";"2";"7";"0";"2";"1";"1";"1";""
"202100019184";"167Â 336";"A01";"3";"7";"0";"0";"0";"0";"1";""
"202100019184";"167Â 337";"B01";"3";"30";"0";"0";"0";"0";"0";""
"202100019185";"167Â 335";"A01";"3";"7";"0";"1";"7";"1";"1";""
"202100019186";"167Â 334";"A01";"0";"7";"13";"0";"9";"2";"1";""
"202100019187";"167Â 332";"B01";"1";"1";"0";"2";"0";"1";"5";""
"202100019187";"167Â 333";"A01";"2";"1";"0";"2";"0";"1";"5";""
"202100019188";"167Â 329";"A01";"3";"34";"0";"2";"1";"17";"1";""
"202100019188";"167Â 330";"B01";"3";"7";"0";"2";"6";"0";"1";""
"202100019189";"167Â 328";"A01";"1";"7";"10";"0";"1";"1";"1";""
"202100019190";"167Â 326";"A01";"2";"33";"2";"2";"1";"21";"1";""
"202100019190";"167Â 327";"B01";"2";"7";"1";"0";"3";"11";"1";""
"202100019191";"167Â 324";"A01";"1";"2";"0";"2";"1";"17";"1";""
"202100019191";"167Â 325";"B01";"3";"7";"0";"2";"3";"26";"1";""
"202100019192";"167Â 323";"A01";"1";"7";"0";"1";"6";"26";"1";""
"202100019193";"167Â 321";"B01";"2";"7";"0";"2";"2";"1";"1";""
"202100019193";"167Â 322";"A01";"2";"7";"0";"2";"1";"9";"1";""
"202100019194";"167Â 318";"C01";"1";"10";"0";"2";"1";"2";"1";""
"202100019194";"167Â 319";"B01";"1";"10";"0";"2";"4";"2";"1";""
"202100019194";"167Â 320";"A01";"1";"10";"0";"2";"4";"2";"1";""
"202100019195";"167Â 315";"A01";"1";"7";"0";"2";"3";"13";"1";""
"202100019195";"167Â 316";"B01";"1";"7";"0";"2";"6";"17";"1";""
"202100019195";"167Â 317";"C01";"2";"7";"0";"2";"3";"1";"1";""
"202100019196";"167Â 313";"A01";"3";"7";"0";"2";"1";"19";"1";""
"202100019196";"167Â 314";"B01";"3";"1";"0";"2";"8";"19";"5";""
"202100019197";"167Â 311";"B01";"1";"10";"0";"2";"4";"2";"1";""
"202100019197";"167Â 312";"A01";"1";"10";"0";"2";"1";"2";"1";""
"202100019198";"167Â 309";"B01";"2";"7";"0";"2";"6";"23";"2";""
"202100019198";"167Â 310";"A01";"2";"7";"0";"2";"2";"14";"1";""
"202100019199";"167Â 307";"A01";"0";"3";"0";"2";"8";"9";"1";""
"202100019199";"167Â 308";"B01";"1";"32";"0";"2";"1";"1";"1";""
"202100019200";"167Â 305";"A01";"1";"13";"0";"2";"2";"16";"1";""
"202100019200";"167Â 306";"B01";"1";"1";"0";"2";"1";"1";"5";""
"202100019201";"167Â 304";"A01";"2";"32";"0";"1";"2";"1";"1";""
"202100019202";"167Â 303";"A01";"2";"50";"0";"0";"1";"5";"3";""
"202100019203";"167Â 301";"A01";"3";"30";"0";"2";"5";"1";"1";""
"202100019203";"167Â 302";"B01";"3";"1";"0";"2";"1";"19";"5";""
"202100019204";"167Â 300";"A01";"2";"33";"8";"0";"1";"1";"1";""
"202100019205";"167Â 299";"A01";"1";"43";"1";"0";"2";"14";"1";""
"202100019206";"167Â 297";"B01";"1";"50";"0";"2";"8";"7";"3";""
"202100019206";"167Â 298";"A01";"1";"7";"0";"2";"2";"17";"1";""
"202100019207";"167Â 296";"A01";"2";"1";"0";"1";"8";"1";"5";""
"202100019208";"167Â 294";"B01";"1";"7";"0";"2";"3";"15";"1";""
"202100019208";"167Â 295";"A01";"1";"32";"0";"2";"2";"17";"1";""
"202100019209";"167Â 292";"Z01";"2";"1";"0";"2";"1";"13";"5";""
"202100019209";"167Â 293";"A01";"1";"50";"0";"2";"8";"1";"3";""
"202100019210";"167Â 290";"A01";"2";"7";"0";"2";"1";"2";"1";""
"202100019210";"167Â 291";"B01";"2";"7";"0";"2";"4";"2";"1";""
"202100019211";"167Â 288";"A01";"3";"7";"0";"2";"3";"13";"1";""
"202100019211";"167Â 289";"B01";"3";"7";"0";"2";"7";"1";"1";""
"202100019212";"167Â 287";"A01";"1";"7";"0";"5";"9";"21";"1";""
"202100019213";"167Â 285";"B01";"1";"7";"0";"2";"6";"1";"1";""
"202100019213";"167Â 286";"A01";"1";"30";"0";"2";"2";"17";"1";""
"202100019214";"167Â 284";"A01";"0";"7";"8";"0";"1";"2";"1";""
"202100019215";"167Â 283";"A01";"2";"7";"0";"1";"2";"16";"1";""
"202100019216";"167Â 281";"B01";"1";"7";"0";"2";"1";"1";"1";""
"202100019216";"167Â 282";"A01";"2";"7";"0";"2";"5";"19";"1";""
"202100019217";"167Â 279";"A01";"2";"10";"0";"9";"3";"15";"1";""
"202100019217";"167Â 280";"B01";"2";"1";"0";"2";"1";"0";"5";""
"202100019218";"167Â 277";"B01";"3";"50";"12";"2";"1";"13";"3";""
"202100019218";"167Â 278";"A01";"3";"3";"12";"2";"1";"0";"0";""
"202100019219";"167Â 275";"B01";"1";"7";"0";"2";"8";"1";"1";""
"202100019219";"167Â 276";"A01";"1";"7";"0";"2";"1";"15";"1";""
"202100019220";"167Â 274";"A01";"1";"7";"0";"1";"3";"1";"2";""
"202100019221";"167Â 272";"A01";"1";"10";"0";"2";"3";"19";"1";""
"202100019221";"167Â 273";"B01";"2";"2";"0";"2";"1";"17";"1";""
"202100019222";"167Â 270";"B01";"1";"1";"0";"2";"1";"1";"5";""
"202100019222";"167Â 271";"A01";"0";"7";"0";"2";"3";"1";"1";""
"202100019223";"167Â 269";"A01";"2";"15";"0";"1";"3";"15";"1";""
"202100019224";"167Â 267";"A01";"3";"13";"0";"0";"5";"26";"0";""
"202100019224";"167Â 268";"B01";"3";"99";"0";"0";"0";"0";"0";""
"202100019225";"167Â 265";"A01";"1";"7";"0";"2";"2";"1";"1";""
"202100019225";"167Â 266";"B01";"2";"7";"0";"2";"2";"9";"1";""
"202100019226";"167Â 263";"B01";"2";"7";"0";"2";"3";"15";"1";""
"202100019226";"167Â 264";"A01";"2";"33";"0";"2";"3";"1";"1";""
"202100019227";"167Â 262";"A01";"1";"31";"8";"0";"1";"14";"1";""
"202100019228";"167Â 260";"A01";"0";"33";"0";"2";"1";"3";"1";""
"202100019228";"167Â 261";"B01";"0";"32";"0";"2";"8";"15";"1";""
"202100019229";"167Â 259";"A01";"1";"31";"0";"0";"7";"21";"1";""
"202100019230";"167Â 257";"B01";"1";"50";"0";"2";"1";"19";"3";""
"202100019230";"167Â 258";"A01";"2";"30";"0";"2";"3";"1";"1";""
"202100019231";"167Â 256";"A01";"2";"37";"0";"1";"0";"26";"1";"1"
"202100019232";"167Â 255";"Z01";"1";"50";"0";"1";"1";"1";"3";""
"202100019233";"167Â 253";"A01";"2";"7";"0";"2";"1";"1";"0";""
"202100019233";"167Â 254";"B01";"1";"33";"0";"2";"7";"15";"0";""
"202100019234";"167Â 251";"A01";"1";"33";"0";"2";"1";"9";"1";""
"202100019234";"167Â 252";"B01";"1";"7";"0";"2";"4";"23";"1";""
"202100019235";"167Â 249";"A01";"3";"7";"0";"2";"8";"15";"1";""
"202100019235";"167Â 250";"B01";"3";"50";"0";"2";"8";"5";"3";""
"202100019236";"167Â 247";"A01";"1";"32";"0";"2";"3";"9";"1";""
"202100019236";"167Â 248";"B01";"2";"37";"0";"2";"3";"13";"4";"1"
"202100019237";"167Â 243";"C01";"1";"7";"0";"2";"1";"2";"2";""
"202100019237";"167Â 244";"B01";"1";"7";"0";"2";"1";"2";"2";""
"202100019237";"167Â 245";"A01";"1";"10";"0";"2";"1";"2";"1";""
"202100019237";"167Â 246";"D01";"1";"7";"0";"2";"4";"1";"1";""
"202100019238";"167Â 241";"B01";"1";"1";"9";"2";"7";"19";"5";""
"202100019238";"167Â 242";"A01";"2";"7";"9";"2";"1";"1";"1";""
"202100019239";"167Â 239";"A01";"2";"33";"0";"2";"3";"1";"1";""
"202100019239";"167Â 240";"B01";"3";"7";"12";"2";"8";"15";"1";""
"202100019240";"167Â 237";"A01";"1";"13";"0";"2";"1";"1";"1";""
"202100019240";"167Â 238";"B01";"2";"1";"0";"2";"1";"13";"5";""
"202100019241";"167Â 235";"B01";"2";"15";"0";"2";"4";"2";"1";""
"202100019241";"167Â 236";"A01";"2";"7";"0";"2";"1";"1";"1";""
"202100019242";"167Â 233";"A01";"2";"1";"0";"2";"1";"5";"5";""
"202100019242";"167Â 234";"B01";"1";"10";"0";"9";"1";"11";"1";""
"202100019243";"167Â 231";"A01";"1";"7";"0";"2";"1";"5";"1";""
"202100019243";"167Â 232";"B01";"2";"7";"0";"2";"1";"1";"1";""
"202100019244";"167Â 230";"A01";"2";"33";"2";"0";"1";"13";"1";""
"202100019245";"167Â 229";"A01";"2";"7";"13";"0";"1";"17";"1";""
"202100019246";"167Â 227";"A01";"1";"7";"0";"2";"1";"5";"1";""
"202100019246";"167Â 228";"B01";"2";"7";"0";"2";"2";"1";"1";""
"202100019247";"167Â 225";"B01";"1";"7";"0";"2";"1";"1";"1";""
"202100019247";"167Â 226";"A01";"2";"7";"0";"2";"2";"15";"1";""
"202100019248";"167Â 224";"A01";"1";"33";"0";"0";"0";"15";"1";""
"202100019249";"167Â 223";"A01";"2";"7";"2";"0";"8";"14";"1";""
"202100019250";"167Â 221";"B01";"1";"30";"0";"2";"1";"1";"1";""
"202100019250";"167Â 222";"A01";"2";"7";"0";"2";"1";"15";"0";""
"202100019251";"167Â 219";"A01";"2";"7";"0";"2";"3";"1";"1";""
"202100019251";"167Â 220";"B01";"1";"33";"0";"2";"3";"1";"1";""
"202100019252";"167Â 217";"B01";"2";"7";"0";"0";"1";"1";"1";""
"202100019252";"167Â 218";"A01";"1";"7";"0";"0";"2";"15";"1";""
"202100019253";"167Â 215";"B01";"0";"2";"0";"2";"6";"15";"1";""
"202100019253";"167Â 216";"A01";"0";"7";"0";"2";"2";"17";"1";""
"202100019254";"167Â 214";"A01";"2";"7";"13";"0";"2";"1";"1";""
"202100019255";"167Â 213";"A01";"0";"7";"10";"0";"0";"0";"1";""
"202100019256";"167Â 211";"B01";"3";"7";"0";"2";"3";"1";"1";""
"202100019256";"167Â 212";"A01";"3";"7";"0";"2";"3";"1";"1";""
"202100019257";"167Â 209";"B01";"1";"7";"0";"2";"1";"1";"1";""
"202100019257";"167Â 210";"A01";"1";"7";"0";"2";"1";"15";"1";""
"202100019258";"167Â 207";"A01";"2";"33";"0";"2";"3";"13";"1";""
"202100019258";"167Â 208";"B01";"1";"7";"0";"2";"8";"1";"1";""
"202100019259";"167Â 206";"A01";"3";"7";"6";"0";"1";"1";"1";""
"202100019260";"167Â 205";"A01";"3";"7";"0";"1";"3";"26";"1";""
"202100019261";"167Â 204";"A01";"1";"7";"8";"0";"1";"0";"1";""
"202100019262";"167Â 203";"A01";"1";"7";"13";"0";"7";"1";"1";""
"202100019263";"167Â 201";"A01";"1";"7";"0";"0";"3";"19";"1";""
"202100019263";"167Â 202";"B01";"1";"33";"0";"2";"1";"1";"1";""
"202100019264";"167Â 199";"A01";"1";"33";"5";"2";"7";"17";"1";""
"202100019264";"167Â 200";"B01";"1";"10";"0";"2";"8";"1";"1";""
"202100019265";"167Â 197";"A01";"1";"7";"0";"2";"1";"23";"1";""
"202100019265";"167Â 198";"B01";"2";"7";"9";"2";"1";"26";"1";""
"202100019266";"167Â 195";"A01";"3";"7";"0";"2";"1";"2";"1";""
"202100019266";"167Â 196";"B01";"3";"2";"0";"2";"4";"2";"1";""
"202100019267";"167Â 193";"A01";"2";"7";"0";"2";"1";"5";"1";""
"202100019267";"167Â 194";"B01";"1";"7";"0";"2";"1";"1";"1";""
"202100019268";"167Â 192";"A01";"2";"7";"2";"0";"0";"1";"1";""
"202100019269";"167Â 191";"A01";"2";"7";"0";"1";"3";"1";"1";""
"202100019270";"167Â 190";"A01";"1";"7";"2";"0";"1";"1";"1";""
"202100019271";"167Â 188";"B01";"2";"33";"0";"2";"1";"1";"1";""
"202100019271";"167Â 189";"A01";"1";"7";"0";"2";"1";"17";"1";""
"202100019272";"167Â 187";"A01";"3";"7";"13";"0";"3";"1";"1";""
"202100019273";"167Â 186";"A01";"1";"14";"8";"0";"7";"21";"1";""
"202100019274";"167Â 184";"A01";"2";"1";"0";"2";"0";"0";"6";""
"202100019274";"167Â 185";"B01";"1";"7";"0";"9";"2";"1";"1";""
"202100019275";"167Â 181";"A01";"1";"7";"0";"2";"1";"1";"1";""
"202100019275";"167Â 182";"B01";"2";"7";"0";"2";"1";"13";"1";""
"202100019275";"167Â 183";"C01";"1";"15";"0";"2";"8";"1";"1";""
"202100019276";"167Â 178";"C01";"1";"15";"0";"2";"1";"1";"1";""
"202100019276";"167Â 179";"B01";"1";"7";"0";"2";"8";"1";"1";""
"202100019276";"167Â 180";"A01";"2";"3";"0";"2";"1";"13";"1";""
"202100019277";"167Â 177";"A01";"2";"7";"0";"0";"2";"0";"1";""
"202100019278";"167Â 175";"A01";"2";"7";"0";"2";"1";"1";"1";""
"202100019278";"167Â 176";"B01";"2";"7";"0";"0";"4";"1";"1";""
"202100019279";"167Â 174";"A01";"1";"7";"2";"0";"1";"1";"1";""
"202100019280";"167Â 172";"A01";"2";"10";"0";"2";"1";"1";"1";""
"202100019280";"167Â 173";"B01";"1";"31";"0";"2";"4";"2";"1";""
"202100019281";"167Â 170";"A01";"1";"7";"0";"0";"8";"0";"1";""
"202100019281";"167Â 171";"B01";"0";"33";"0";"2";"1";"5";"1";""
"202100019282";"167Â 168";"A01";"1";"2";"0";"2";"1";"17";"1";""
"202100019282";"167Â 169";"B01";"2";"7";"0";"0";"6";"15";"1";""
"202100019283";"167Â 166";"B01";"1";"7";"0";"2";"1";"1";"1";""
"202100019283";"167Â 167";"A01";"2";"33";"4";"2";"0";"1";"1";""
"202100019284";"167Â 165";"A01";"0";"7";"0";"1";"2";"1";"1";""
"202100019285";"167Â 163";"B01";"1";"10";"0";"2";"2";"0";"1";""
"202100019285";"167Â 164";"A01";"1";"33";"3";"0";"4";"0";"1";""
"202100019286";"167Â 162";"A01";"1";"7";"13";"0";"1";"1";"1";""
"202100019287";"167Â 160";"A01";"1";"33";"0";"2";"2";"17";"1";""
"202100019287";"167Â 161";"B01";"1";"7";"0";"0";"3";"1";"1";""
"202100019288";"167Â 159";"A01";"1";"7";"13";"0";"1";"16";"1";""
"202100019289";"167Â 157";"A01";"2";"2";"0";"2";"1";"2";"1";""
"202100019289";"167Â 158";"B01";"2";"7";"0";"2";"4";"2";"1";""
"202100019290";"167Â 156";"A01";"3";"2";"13";"0";"7";"14";"1";""
"202100019291";"167Â 154";"A01";"1";"7";"0";"2";"1";"5";"1";""
"202100019291";"167Â 155";"B01";"2";"17";"0";"2";"1";"1";"1";""
"202100019292";"167Â 153";"A01";"1";"7";"2";"0";"1";"13";"1";""
"202100019293";"167Â 150";"A01";"2";"7";"0";"0";"1";"1";"1";""
"202100019294";"167Â 147";"A01";"1";"7";"3";"0";"9";"14";"1";""
"202100019295";"167Â 145";"B01";"1";"7";"0";"2";"3";"15";"1";""
"202100019295";"167Â 146";"A01";"2";"7";"0";"2";"1";"0";"1";""
"202100019296";"167Â 142";"C01";"2";"7";"0";"2";"1";"1";"1";""
"202100019296";"167Â 143";"B01";"2";"7";"0";"2";"4";"1";"1";""
"202100019296";"167Â 144";"A01";"2";"7";"0";"2";"1";"2";"1";""
"202100019297";"167Â 141";"A01";"2";"17";"13";"0";"9";"26";"1";""
"202100019298";"167Â 139";"A01";"2";"7";"0";"2";"1";"2";"1";""
"202100019298";"167Â 140";"B01";"2";"7";"0";"2";"4";"2";"1";""
"202100019299";"167Â 137";"A01";"1";"7";"0";"2";"1";"2";"1";""
"202100019299";"167Â 138";"B01";"1";"7";"0";"2";"4";"2";"1";""
"202100019300";"167Â 135";"B01";"2";"7";"0";"2";"4";"2";"1";""
"202100019300";"167Â 136";"A01";"2";"7";"0";"2";"1";"2";"1";""
"202100019301";"167Â 134";"A01";"2";"7";"0";"2";"9";"2";"1";""
"202100019302";"167Â 131";"C01";"2";"7";"0";"2";"4";"23";"1";""
"202100019302";"167Â 132";"B01";"2";"7";"0";"2";"6";"23";"1";""
"202100019302";"167Â 133";"A01";"2";"7";"0";"2";"1";"9";"1";""
"202100019303";"167Â 128";"C01";"1";"7";"0";"2";"1";"2";"1";""
"202100019303";"167Â 129";"B01";"1";"7";"0";"2";"5";"1";"1";""
"202100019303";"167Â 130";"A01";"1";"7";"0";"2";"8";"11";"1";""
"202100019304";"167Â 125";"A01";"2";"7";"0";"2";"1";"2";"1";""
"202100019304";"167Â 126";"B01";"2";"10";"0";"2";"4";"2";"1";""
"202100019304";"167Â 127";"C01";"2";"7";"0";"2";"4";"2";"1";""
"202100019305";"167Â 123";"B01";"2";"33";"0";"2";"8";"1";"1";""
"202100019305";"167Â 124";"A01";"2";"10";"0";"2";"5";"12";"1";""
"202100019306";"167Â 121";"A01";"2";"7";"0";"2";"7";"12";"1";""
"202100019306";"167Â 122";"B01";"2";"32";"0";"2";"8";"26";"1";""
"202100019307";"167Â 118";"A01";"1";"10";"0";"2";"1";"2";"1";""
"202100019307";"167Â 119";"B01";"1";"10";"0";"2";"4";"2";"1";""
"202100019307";"167Â 120";"C01";"1";"7";"0";"2";"4";"2";"1";""
"202100019308";"167Â 115";"B01";"2";"7";"0";"2";"4";"0";"2";""
"202100019308";"167Â 116";"C01";"2";"7";"0";"2";"4";"0";"1";""
"202100019308";"167Â 117";"A01";"2";"20";"0";"2";"1";"26";"1";""
"202100019309";"167Â 111";"A01";"1";"7";"0";"2";"1";"1";"0";""
"202100019309";"167Â 112";"B01";"1";"7";"0";"2";"4";"1";"0";""
"202100019309";"167Â 113";"C01";"1";"7";"0";"2";"4";"1";"0";""
"202100019309";"167Â 114";"D01";"1";"7";"0";"2";"4";"1";"0";""
"202100019310";"167Â 110";"A01";"1";"7";"3";"0";"8";"1";"1";""
"202100019311";"167Â 108";"A01";"2";"10";"0";"2";"1";"2";"1";""
"202100019311";"167Â 109";"B01";"2";"7";"0";"2";"4";"2";"1";""
"202100019312";"167Â 107";"A01";"1";"7";"0";"1";"7";"26";"1";""
"202100019313";"167Â 104";"B01";"1";"3";"0";"2";"1";"1";"1";""
"202100019313";"167Â 105";"A01";"0";"10";"0";"2";"2";"15";"1";""
"202100019314";"167Â 102";"B01";"2";"30";"0";"2";"1";"21";"1";""
"202100019314";"167Â 103";"A01";"1";"14";"0";"2";"1";"1";"1";""
"202100019315";"167Â 101";"A01";"1";"33";"6";"0";"1";"16";"1";""
"202100019316";"167Â 099";"B01";"1";"7";"0";"2";"6";"15";"1";""
"202100019316";"167Â 100";"A01";"1";"2";"0";"2";"1";"3";"1";""
"202100019317";"167Â 097";"B01";"1";"1";"0";"2";"1";"26";"0";""
"202100019317";"167Â 098";"C01";"1";"10";"0";"2";"0";"22";"1";""
"202100019318";"167Â 095";"A01";"1";"7";"0";"2";"2";"5";"1";""
"202100019318";"167Â 096";"B01";"1";"7";"0";"2";"2";"2";"1";""
"202100019319";"167Â 093";"A01";"2";"50";"0";"2";"7";"5";"3";""
"202100019319";"167Â 094";"B01";"2";"7";"0";"2";"1";"1";"2";""
"202100019320";"167Â 091";"B01";"2";"33";"0";"2";"1";"1";"1";""
"202100019320";"167Â 092";"A01";"1";"10";"0";"2";"2";"15";"3";""
"202100019321";"167Â 090";"A01";"1";"7";"15";"0";"3";"13";"1";""
"202100019322";"167Â 088";"B01";"1";"31";"0";"2";"1";"1";"1";""
"202100019322";"167Â 089";"A01";"1";"7";"0";"9";"1";"20";"1";""
"202100019323";"167Â 087";"A01";"3";"7";"0";"1";"2";"9";"1";""
"202100019324";"167Â 084";"B01";"1";"1";"0";"1";"2";"0";"0";""
"202100019324";"167Â 085";"C01";"1";"7";"0";"2";"3";"0";"1";""
"202100019324";"167Â 086";"A01";"1";"7";"0";"1";"2";"0";"1";""
"202100019325";"167Â 082";"B01";"3";"7";"1";"0";"6";"20";"1";""
"202100019325";"167Â 083";"A01";"3";"7";"0";"2";"1";"2";"1";""
"202100019326";"167Â 080";"B01";"1";"7";"0";"2";"8";"1";"1";""
"202100019326";"167Â 081";"A01";"1";"7";"15";"2";"1";"19";"2";""
"202100019327";"167Â 078";"A01";"2";"7";"0";"2";"2";"15";"1";""
"202100019327";"167Â 079";"B01";"1";"7";"0";"2";"3";"1";"1";""
"202100019328";"167Â 076";"A01";"1";"7";"0";"2";"8";"5";"1";""
"202100019328";"167Â 077";"B01";"2";"33";"0";"2";"9";"0";"1";""
"202100019329";"167Â 075";"A01";"2";"7";"0";"1";"1";"2";" -1";""
"202100019330";"167Â 074";"A01";"1";"7";"0";"1";"1";"1";"1";""
"202100019331";"167Â 072";"A01";"3";"7";"0";"2";"2";"19";"1";""
"202100019331";"167Â 073";"B01";"3";"7";"0";"2";"3";"0";"1";""
"202100019332";"167Â 070";"B01";"1";"7";"0";"2";"1";"15";"1";""
"202100019332";"167Â 071";"A01";"1";"30";"0";"2";"1";"1";"1";""
"202100019333";"167Â 069";"A01";"1";"7";"0";"1";"7";"26";"1";""
"202100019334";"167Â 067";"A01";"2";"7";"0";"2";"7";"26";"1";""
"202100019334";"167Â 068";"B01";"3";"7";"0";"2";"3";"9";"1";""
"202100019335";"167Â 065";"B01";"2";"7";"9";"0";"6";"2";"1";""
"202100019335";"167Â 066";"A01";"2";"1";"0";"2";"1";"2";"5";""
"202100019336";"167Â 063";"B01";"2";"2";"0";"2";"1";"1";"1";""
"202100019336";"167Â 064";"A01";"1";"7";"0";"2";"1";"19";"1";""
"202100019337";"167Â 061";"B01";"1";"7";"0";"2";"1";"1";"1";""
"202100019337";"167Â 062";"A01";"2";"7";"0";"2";"5";"9";"1";""
"202100019338";"167Â 060";"A01";"1";"1";"0";"0";"0";"26";"5";""
"202100019339";"167Â 059";"A01";"1";"7";"0";"0";"0";"26";"1";""
"202100019340";"167Â 058";"A01";"2";"7";"14";"0";"1";"1";"1";""
"202100019341";"167Â 056";"B01";"1";"7";"0";"2";"4";"2";"1";""
"202100019341";"167Â 057";"A01";"1";"7";"0";"2";"1";"2";"1";""
"202100019342";"167Â 055";"A01";"1";"7";"1";"0";"8";"1";"1";""
"202100019343";"167Â 054";"A01";"1";"7";"13";"0";"9";"6";"1";""
"202100019344";"167Â 053";"B01";"2";"7";"0";"1";"2";"1";"1";""
"202100019345";"167Â 052";"A01";"3";"30";"11";"0";"1";"19";"1";""
"202100019346";"167Â 050";"B01";"0";"7";"0";"2";"1";"1";"1";""
"202100019346";"167Â 051";"A01";"0";"7";"0";"2";"7";"1";"1";""
"202100019347";"167Â 049";"A01";"2";"7";"1";"0";"1";"1";"1";""
"202100019348";"167Â 047";"A01";"1";"33";"0";"2";"2";"1";"1";""
"202100019348";"167Â 048";"B01";"2";"7";"0";"2";"3";"1";"1";""
"202100019349";"167Â 045";"B01";"1";"10";"0";"2";"1";"1";"1";""
"202100019349";"167Â 046";"A01";"2";"7";"0";"2";"1";"13";"1";""
"202100019350";"167Â 043";"B01";"1";"7";"0";"2";"1";"9";"1";""
"202100019350";"167Â 044";"A01";"1";"7";"0";"2";"9";"19";"1";""
"202100019351";"167Â 041";"A01";"2";"32";"0";"2";"1";"2";"1";""
"202100019351";"167Â 042";"B01";"2";"7";"14";"0";"6";"26";"1";""
"202100019352";"167Â 038";"C01";"2";"7";"0";"2";"4";"23";"1";""
"202100019352";"167Â 039";"B01";"2";"3";"0";"2";"4";"2";"1";""
"202100019352";"167Â 040";"A01";"2";"10";"0";"2";"1";"2";"1";""
"202100019353";"167Â 036";"A01";"1";"7";"0";"2";"6";"11";"1";""
"202100019353";"167Â 037";"B01";"1";"32";"0";"2";"1";"1";"1";""
"202100019354";"167Â 034";"A01";"1";"7";"0";"2";"3";"1";"1";""
"202100019354";"167Â 035";"B01";"2";"7";"0";"2";"0";"1";"1";""
"202100019355";"167Â 032";"A01";"0";"7";"0";"2";"1";"9";"1";""
"202100019355";"167Â 033";"B01";"0";"7";"0";"2";"0";"1";"0";""
"202100019356";"167Â 030";"A01";"1";"7";"0";"2";"3";"15";"1";""
"202100019356";"167Â 031";"B01";"2";"7";"0";"2";"6";"2";"1";""
"202100019357";"167Â 028";"A01";"1";"7";"0";"2";"2";"5";"1";""
"202100019357";"167Â 029";"B01";"2";"7";"0";"2";"1";"1";"1";""
"202100019358";"167Â 026";"B01";"1";"33";"0";"2";"1";"1";"1";""
"202100019358";"167Â 027";"A01";"2";"7";"0";"2";"8";"26";"1";""
"202100019359";"167Â 025";"A01";"1";"7";"8";"0";"3";"1";"1";""
"202100019360";"167Â 023";"B01";"1";"7";"0";"2";"2";"1";"1";""
"202100019360";"167Â 024";"A01";"1";"7";"0";"2";"3";"9";"1";""
"202100019361";"167Â 021";"B01";"0";"7";"0";"2";"1";"1";"1";""
"202100019361";"167Â 022";"A01";"3";"7";"0";"2";"7";"15";"1";""
"202100019362";"167Â 019";"A01";"3";"7";"0";"2";"3";"9";"1";""
"202100019362";"167Â 020";"B01";"3";"1";"0";"2";"7";"26";"0";""
"202100019363";"167Â 017";"A01";"3";"7";"0";"2";"1";"9";"1";""
"202100019363";"167Â 018";"B01";"0";"1";"0";"2";"1";"1";"5";""
"202100019364";"167Â 016";"A01";" -1";"33";" -1";" -1";" -1";" -1";" -1";""
"202100019365";"167Â 014";"B01";"2";"33";"0";"2";"2";"3";"1";""