"Num_Acc";"id_vehicule";"num_veh";"senc";"catv";"obs";"obsm";"choc";"manv";"motor";"occutc"
"202100019365";"167Â 015";"A01";"2";"7";"0";"2";"8";"11";"1";""
"202100019366";"167Â 012";"A01";"1";"7";"0";"2";"6";"24";"1";""
"202100019366";"167Â 013";"Z01";"1";"30";"0";"2";"0";"15";"0";""
"202100019367";"167Â 011";"A01";"2";"1";"0";"1";"1";"1";"5";""
"202100019368";"167Â 010";"A01";"2";"7";"0";"1";"3";"1";"2";""
"202100019369";"167Â 008";"B01";"2";"30";"0";"2";"4";"23";"1";""
"202100019369";"167Â 009";"A01";"2";"32";"0";"2";"1";"2";"1";""
"202100019370";"167Â 007";"A01";"2";"7";"0";"1";"2";"1";"1";""
"202100019371";"167Â 005";"B01";"1";"7";"0";"2";"4";"2";"1";""
"202100019371";"167Â 006";"A01";"1";"33";"0";"2";"1";"2";"1";""
"202100019372";"167Â 003";"A01";"1";"7";"0";"2";"1";"14";"3";""
"202100019372";"167Â 004";"B01";"1";"7";"0";"2";"6";"24";"2";""
"202100019373";"167Â 002";"A01";"3";"80";"12";"0";"1";"14";"3";""
"202100019374";"167Â 000";"B01";"1";"7";"0";"2";"3";"15";"1";""
"202100019374";"167Â 001";"A01";"1";"32";"0";"2";"7";"17";"3";""
"202100019375";"166Â 999";"A01";"3";"1";"12";"0";"7";"14";"5";""
"202100019376";"166Â 997";"A01";"2";"32";"0";"0";"2";"21";"1";""
"202100019377";"166Â 995";"A01";"2";"7";"0";"2";"8";"22";"1";""
"202100019377";"166Â 996";"B01";"2";"1";"1";"2";"7";"1";"5";""
"202100019378";"166Â 993";"B01";"2";"31";"0";"2";"8";"16";"1";""
"202100019378";"166Â 994";"A01";"2";"7";"0";"2";"1";"1";"1";""
"202100019379";"166Â 991";"A01";"1";"30";"0";"2";"7";"21";"1";""
"202100019379";"166Â 992";"B01";"2";"7";"0";"2";"1";"23";"1";""
"202100019380";"166Â 989";"B01";"1";"7";"0";"2";"1";"1";"1";""
"202100019380";"166Â 990";"A01";"0";"7";"0";"2";"7";"1";"1";""
"202100019381";"166Â 987";"A01";"2";"7";"0";"2";"1";"2";"1";""
"202100019381";"166Â 988";"B01";"2";"7";"0";"2";"4";"2";"1";""
"202100019382";"166Â 986";"A01";"1";"50";"0";"1";"4";"25";"3";""
"202100019383";"166Â 984";"B01";"2";"99";"0";"2";"1";"2";"0";""
"202100019383";"166Â 985";"A01";"2";"7";"0";"2";"4";"2";"1";""
"202100019384";"166Â 982";"A01";"2";"33";"0";"2";"1";"26";"1";""
"202100019384";"166Â 983";"B01";"2";"10";"0";"0";"7";"1";"1";""
"202100019385";"166Â 981";"A01";"1";"7";"4";"0";"1";"13";"0";""
"202100019386";"166Â 979";"B01";"1";"7";"0";"2";"5";"2";"0";""
"202100019386";"166Â 980";"A01";"1";"32";"0";"2";"3";"2";"1";""
"202100019387";"166Â 977";"B01";"2";"33";"0";"2";"8";"1";"1";""
"202100019387";"166Â 978";"A01";"1";"7";"0";"2";"3";"15";"1";""
"202100019388";"166Â 975";"B01";"1";"33";"0";"2";"3";"1";"1";""
"202100019388";"166Â 976";"A01";"2";"33";"0";"2";"1";"5";"1";""
"202100019389";"166Â 973";"B01";"1";"37";"0";"0";"6";"23";"1";"1"
"202100019389";"166Â 974";"A01";"1";"7";"0";"0";"1";"2";"1";""
"202100019390";"166Â 968";"A01";"2";"33";"0";"2";"1";"2";"1";""
"202100019390";"166Â 969";"B01";"2";"7";"0";"0";"5";"2";"1";""
"202100019391";"166Â 966";"B01";"0";"2";"0";"2";"7";"1";"1";""
"202100019391";"166Â 967";"A01";"0";"7";"0";"2";"1";"16";"1";""
"202100019392";"166Â 965";"A01";"1";"7";"13";"0";"3";"14";"1";""
"202100019393";"166Â 963";"B01";"2";"7";"0";"2";"2";"19";"1";""
"202100019393";"166Â 964";"A01";"1";"7";"0";"2";"1";"1";"1";""
"202100019394";"166Â 961";"A01";"1";"7";"0";"2";"1";"1";"1";""
"202100019394";"166Â 962";"B01";"2";"7";"0";"2";"2";"1";"1";""
"202100019395";"166Â 960";"A01";"3";"7";"0";"1";"3";"1";"1";""
"202100019396";"166Â 959";"A01";"2";"7";"2";"0";"1";"13";"1";""
"202100019397";"166Â 957";"B01";"3";"31";"0";"0";"1";"15";"1";""
"202100019397";"166Â 958";"A01";"1";"7";"7";"2";"3";"1";"1";""
"202100019398";"166Â 956";"A01";"1";"33";"13";"0";"1";"2";"1";""
"202100019399";"166Â 954";"A01";"3";"33";"0";"2";"1";"1";"1";""
"202100019399";"166Â 955";"B01";"3";"7";"0";"2";"1";"15";"1";""
"202100019400";"166Â 952";"B01";"0";"1";"0";"9";"3";"21";"5";""
"202100019400";"166Â 953";"A01";"0";"37";"0";"9";"8";"1";"1";"1"
"202100019401";"166Â 950";"A01";"1";"7";"0";"2";"3";"13";"1";""
"202100019401";"166Â 951";"B01";"2";"7";"0";"2";"3";"1";"1";""
"202100019402";"166Â 949";"A01";"1";"7";"3";"0";"0";"14";"1";""
"202100019403";"166Â 947";"A01";"2";"7";"0";"2";"3";"13";"1";""
"202100019403";"166Â 948";"B01";"1";"7";"0";"2";"3";"1";"1";""
"202100019404";"166Â 946";"A01";"1";"7";"2";"0";"3";"13";"1";""
"202100019405";"166Â 945";"A01";"1";"33";"16";"0";"0";"1";"1";""
"202100019406";"166Â 944";"A01";"2";"33";"0";"0";"0";"17";"1";""
"202100019407";"166Â 942";"B01";"0";"10";"0";"0";"4";"15";"1";""
"202100019407";"166Â 943";"A01";"0";"34";"0";"2";"1";"2";"1";""
"202100019408";"166Â 941";"A01";"1";"35";"1";"0";"1";"16";"1";""
"202100019409";"166Â 938";"C01";"2";"7";"0";"2";"1";"1";"1";""
"202100019409";"166Â 939";"A01";"2";"7";"0";"2";"7";"19";"1";""
"202100019409";"166Â 940";"B01";"2";"7";"0";"0";"8";"23";"1";""
"202100019410";"166Â 937";"A01";"2";"50";"13";"0";"0";"13";"3";""
"202100019411";"166Â 934";"C01";"1";"7";"0";"2";"3";"17";"2";""
"202100019411";"166Â 935";"B01";"2";"15";"0";"2";"3";"21";"1";""
"202100019411";"166Â 936";"A01";"2";"7";"0";"0";"0";"9";"1";""
"202100019412";"166Â 932";"B01";"2";"7";"0";"0";"6";"19";"1";""
"202100019412";"166Â 933";"A01";"1";"33";"0";"2";"1";"1";"1";""
"202100019413";"166Â 931";"A01";"2";"7";"2";"0";"1";"1";"1";""
"202100019414";"166Â 930";"A01";"2";"33";"14";"0";"7";"1";"1";""
"202100019415";"166Â 929";"A01";"1";"33";"0";"0";"0";"1";"1";""
"202100019416";"166Â 927";"A01";"2";"7";"2";"2";"9";"13";"1";""
"202100019416";"166Â 928";"B01";"1";"7";"0";"2";"3";"1";"1";""
"202100019417";"166Â 924";"A01";"2";"7";"0";"2";"3";"15";"1";""
"202100019417";"166Â 925";"B01";"1";"2";"0";"2";"1";"1";"1";""
"202100019418";"166Â 923";"A01";"1";"33";"8";"0";"2";"1";"1";""
"202100019419";"166Â 922";"A01";"2";"7";"2";"0";"1";"1";"1";""
"202100019420";"166Â 920";"A01";"2";"7";"0";"2";"2";"2";"1";""
"202100019420";"166Â 921";"B01";"2";"1";"0";"2";"4";"2";"5";""
"202100019421";"166Â 918";"B01";"1";"7";"0";"2";"1";"0";"0";""
"202100019421";"166Â 919";"A01";"1";"7";"0";"0";"3";"16";"1";""
"202100019422";"166Â 917";"A01";"1";"2";"8";"0";"2";"1";"3";""
"202100019423";"166Â 915";"B01";"2";"2";"0";"2";"1";"1";"1";""
"202100019423";"166Â 916";"A01";"1";"10";"0";"2";"3";"17";"1";""
"202100019424";"166Â 913";"B01";"2";"7";"0";"2";"5";"1";"1";""
"202100019424";"166Â 914";"A01";"2";"7";"0";"2";"3";"9";"1";""
"202100019425";"166Â 912";"A01";"1";"33";"0";"0";"2";"1";"1";""
"202100019426";"166Â 911";"A01";"2";"33";"0";"0";"0";"1";"1";""
"202100019427";"166Â 909";"A01";"2";"7";"0";"2";"3";"13";"1";""
"202100019427";"166Â 910";"B01";"1";"10";"0";"2";"3";"1";"1";""
"202100019428";"166Â 907";"A01";"1";"7";"0";"9";"2";"1";"1";""
"202100019428";"166Â 908";"B01";"1";"80";"0";"2";"4";"26";"3";""
"202100019429";"166Â 906";"A01";"3";"7";"6";"0";"1";"14";"1";""
"202100019430";"166Â 905";"A01";"2";"2";"0";"0";"7";"15";"1";""
"202100019431";"166Â 904";"A01";"2";"33";"0";"0";"8";"1";"1";""
"202100019432";"166Â 903";"A01";"2";"31";"0";"6";"1";"1";"1";""
"202100019433";"166Â 901";"A01";"2";"7";"0";"2";"7";"19";"1";""
"202100019433";"166Â 902";"B01";"1";"2";"0";"2";"8";"1";"1";""
"202100019434";"166Â 899";"A01";"2";"7";"0";"2";"1";"1";"1";""
"202100019434";"166Â 900";"B01";"2";"7";"0";"2";"1";"16";"1";""
"202100019435";"166Â 896";"A01";"1";"7";"0";"2";"1";"13";"1";""
"202100019435";"166Â 897";"C01";"2";"7";"0";"2";"3";"1";"1";""
"202100019435";"166Â 898";"B01";"2";"7";"0";"2";"3";"1";"1";""
"202100019436";"166Â 894";"B01";"2";"1";"0";"2";"1";"1";"5";""
"202100019436";"166Â 895";"A01";"1";"7";"0";"2";"2";"15";"1";""
"202100019437";"166Â 892";"A01";"1";"7";"0";"2";"3";"13";"1";""
"202100019437";"166Â 893";"B01";"2";"7";"0";"2";"3";"0";"1";""
"202100019438";"166Â 891";"A01";"2";"7";"0";"1";"3";"1";"1";""
"202100019439";"166Â 890";"A01";"2";"7";"6";"0";"1";"1";"1";""
"202100019440";"166Â 888";"A01";"1";"10";"0";"2";"2";"1";"1";""
"202100019440";"166Â 889";"B01";"2";"7";"8";"2";"1";"15";"1";""
"202100019441";"166Â 886";"B01";"2";"7";"0";"2";"4";"2";"1";""
"202100019441";"166Â 887";"A01";"2";"7";"0";"2";"1";"2";"1";""
"202100019442";"166Â 885";"A01";"2";"31";"14";"0";"1";"21";"1";""
"202100019443";"166Â 883";"B01";"2";"7";"0";"2";"4";"2";"1";""
"202100019443";"166Â 884";"A01";"1";"7";"0";"2";"1";"2";"1";""
"202100019444";"166Â 882";"A01";"1";"33";"0";"0";"0";"21";"1";""
"202100019445";"166Â 880";"A01";"1";"33";"0";"2";"7";"1";"1";""
"202100019445";"166Â 881";"B01";"1";"7";"0";"2";"8";"9";"1";""
"202100019446";"166Â 878";"B01";"1";"33";"0";"2";"1";"3";"1";""
"202100019446";"166Â 879";"A01";"1";"7";"0";"2";"6";"12";"1";""
"202100019447";"166Â 875";"A01";"2";"7";"0";"2";"1";"2";"1";""
"202100019447";"166Â 876";"B01";"2";"7";"0";"2";"4";"2";"1";""
"202100019447";"166Â 877";"C01";"2";"7";"0";"2";"4";"2";"2";""
"202100019448";"166Â 873";"Z01";"2";"0";"0";"2";"4";"0";"0";""
"202100019448";"166Â 874";"A01";"2";"33";"0";"2";"1";"1";"1";""
"202100019449";"166Â 871";"A01";"2";"7";"0";"2";"1";"2";"1";""
"202100019449";"166Â 872";"B01";"2";"32";"0";"2";"4";"2";"1";""
"202100019450";"166Â 869";"B01";"0";"7";"14";"2";"1";"1";"1";""
"202100019450";"166Â 870";"A01";"0";"7";"0";"2";"4";"1";"1";""
"202100019451";"166Â 868";"A01";"1";"7";"6";"9";"1";"15";"1";""
"202100019452";"166Â 866";"A01";"1";"1";"0";"2";"1";"19";"5";""
"202100019452";"166Â 867";"B01";"2";"32";"0";"2";"8";"1";"1";""
"202100019453";"166Â 864";"A01";"3";"2";"0";"0";"1";"1";" -1";""
"202100019453";"166Â 865";"B01";"3";"7";"0";"0";"1";"1";" -1";""
"202100019454";"166Â 863";"A01";"0";"31";"6";"0";"0";"0";"1";""
"202100019455";"166Â 862";"A01";"0";"33";"0";"0";"0";"1";"1";""
"202100019456";"166Â 861";"A01";"1";"7";"0";"1";"1";"1";"1";""
"202100019457";"166Â 860";"A01";"3";"30";"0";"0";"7";"1";"1";""
"202100019458";"166Â 858";"A01";"3";"10";"0";"2";"1";"17";"1";""
"202100019458";"166Â 859";"B01";"3";"15";"0";"0";"4";"15";"1";""
"202100019459";"166Â 856";"A01";"1";"7";"0";"2";"1";"21";"1";""
"202100019459";"166Â 857";"B01";"2";"2";"0";"2";"1";"5";"1";""
"202100019460";"166Â 853";"A01";"1";"7";"0";"1";"1";"0";"1";""
"202100019461";"166Â 852";"A01";"1";"7";"0";"1";"1";"15";"1";""
"202100019462";"166Â 851";"A01";"0";"7";"0";"1";"2";"1";"1";""
"202100019463";"166Â 849";"A01";"2";"7";"0";"2";"7";"19";"1";""
"202100019463";"166Â 850";"B01";"2";"32";"0";"2";"1";"19";"1";""
"202100019464";"166Â 848";"A01";"1";"7";"0";"1";"1";"19";"0";""
"202100019465";"166Â 847";"A01";"1";"7";"0";"1";"1";"21";"1";""
"202100019466";"166Â 843";"A01";"3";"7";"0";"2";"1";"15";"1";""
"202100019466";"166Â 844";"B01";"3";"7";"0";"2";"1";"1";"1";""
"202100019467";"166Â 841";"A01";"2";"7";"0";"2";"3";"9";"1";""
"202100019467";"166Â 842";"B01";"2";"43";"0";"2";"1";"3";"1";""
"202100019468";"166Â 839";"A01";"3";"1";"0";"2";"1";"5";"5";""
"202100019468";"166Â 840";"B01";"3";"7";"0";"2";"3";"1";"1";""
"202100019469";"166Â 836";"A01";"3";"7";"0";"0";"0";"0";"0";""
"202100019469";"166Â 837";"B01";"0";"50";"0";"0";"0";"0";"3";""
"202100019470";"166Â 834";"B01";"3";"7";"0";"2";"5";"16";"1";""
"202100019470";"166Â 835";"A01";"2";"7";"0";"2";"2";"9";"1";""
"202100019471";"166Â 832";"A01";"2";"7";"0";"2";"1";"1";"1";""
"202100019471";"166Â 833";"B01";"0";"7";"0";"2";"8";"16";"1";""
"202100019472";"166Â 830";"B01";"2";"2";"0";"2";"1";"1";"1";""
"202100019472";"166Â 831";"A01";"2";"7";"0";"2";"2";"15";"1";""
"202100019473";"166Â 828";"B01";"1";"7";"0";"2";"3";"1";"1";""
"202100019473";"166Â 829";"A01";"1";"32";"0";"2";"1";"6";"1";""
"202100019474";"166Â 826";"B01";"1";"7";"0";"2";"4";"23";"2";""
"202100019474";"166Â 827";"A01";"1";"7";"0";"2";"1";"1";"1";""
"202100019475";"166Â 824";"A01";"3";"7";"0";"2";"1";"17";"1";""
"202100019475";"166Â 825";"B01";"3";"7";"0";"0";"6";"15";"1";""
"202100019476";"166Â 822";"B01";"2";"7";"0";"2";"3";"15";"1";""
"202100019476";"166Â 823";"A01";"1";"30";"0";"2";"1";"13";"1";""
"202100019477";"166Â 819";"A01";"3";"31";"0";"2";"8";"1";"1";""
"202100019477";"166Â 820";"B01";"3";"7";"0";"2";"3";"15";"1";""
"202100019477";"166Â 821";"C01";"3";"7";"0";"2";"1";"23";"1";""
"202100019478";"166Â 817";"A01";"2";"7";"0";"2";"1";"9";"1";""
"202100019478";"166Â 818";"B01";"1";"7";"0";"2";"1";"21";"1";""
"202100019479";"166Â 816";"A01";"1";"34";"12";"0";"8";"13";"1";""
"202100019480";"166Â 815";"A01";"3";"7";"9";"0";"3";"16";"1";""
"202100019481";"166Â 814";"A01";"2";"7";"0";"1";"1";"1";"1";""
"202100019482";"166Â 813";"Z01";"1";"1";"0";"1";"1";"25";"5";""
"202100019483";"166Â 811";"A01";"1";"32";"0";"2";"1";"1";"1";""
"202100019483";"166Â 812";"B01";"1";"7";"0";"9";"4";"23";"1";""
"202100019484";"166Â 809";"A01";"2";"7";"0";"2";"1";"15";"1";""
"202100019484";"166Â 810";"B01";"1";"32";"0";"2";"1";"1";"1";""
"202100019485";"166Â 807";"A01";"2";"30";"0";"0";"0";"0";"1";""
"202100019485";"166Â 808";"B01";"0";"0";"0";"2";"0";"0";" -1";""
"202100019486";"166Â 805";"A01";"0";"50";"0";"2";"1";"1";"3";""
"202100019486";"166Â 806";"B01";"0";"7";"0";"0";"4";"26";"1";""
"202100019487";"166Â 803";"B01";"1";"7";"0";"2";"4";"26";"1";""
"202100019487";"166Â 804";"A01";"1";"7";"0";"2";"2";"26";"3";""
"202100019488";"166Â 801";"A01";"1";"7";"0";"2";"5";"2";"1";""
"202100019488";"166Â 802";"B01";"1";"1";"0";"2";"2";"2";"5";""
"202100019489";"166Â 799";"A01";"1";"7";"0";"2";"8";"26";"1";""
"202100019489";"166Â 800";"B01";"1";"2";"0";"2";"3";"0";"1";""
"202100019490";"166Â 795";"B01";"0";"7";"0";"2";"3";"9";"1";""
"202100019490";"166Â 796";"A01";"0";"7";"0";"2";"1";"26";"1";""
"202100019491";"166Â 793";"B01";"1";"43";"0";"2";"1";"1";"1";""
"202100019491";"166Â 794";"A01";"1";"10";"0";"2";"3";"15";"1";""
"202100019492";"166Â 791";"A01";"1";"7";"0";"2";"1";"1";"1";""
"202100019492";"166Â 792";"B01";"1";"7";"0";"2";"4";"1";"1";""
"202100019493";"166Â 788";"A01";"1";"7";"0";"2";"2";"1";"1";""
"202100019493";"166Â 789";"C01";"1";"7";"0";"2";"3";"15";"1";""
"202100019493";"166Â 790";"B01";"1";"7";"0";"2";"2";"15";"1";""
"202100019494";"166Â 786";"B01";"1";"7";"0";"2";"7";"0";"1";""
"202100019494";"166Â 787";"A01";"1";"30";"0";"2";"1";"12";"1";""
"202100019495";"166Â 784";"B01";"3";"7";"0";"2";"4";"23";"1";""
"202100019495";"166Â 785";"A01";"3";"7";"0";"2";"1";"2";"1";""
"202100019496";"166Â 782";"B01";"2";"7";"0";"2";"7";"1";"1";""
"202100019496";"166Â 783";"A01";"1";"30";"0";"2";"1";"1";"1";""
"202100019497";"166Â 780";"B01";"1";"30";"0";"2";"1";"1";"1";""
"202100019497";"166Â 781";"A01";"2";"7";"0";"2";"8";"15";"1";""
"202100019498";"166Â 778";"B01";"2";"7";"0";"2";"1";"1";"1";""
"202100019498";"166Â 779";"A01";"1";"7";"0";"2";"1";"13";"1";""
"202100019499";"166Â 777";"A01";"2";"30";"0";"2";"8";"19";"0";""
"202100019500";"166Â 775";"A01";"2";"33";"0";"2";"1";"13";"1";""
"202100019500";"166Â 776";"B01";"1";"7";"0";"2";"1";"23";"1";""
"202100019501";"166Â 773";"B01";"2";"33";"0";"2";"1";"1";"1";""
"202100019501";"166Â 774";"A01";"2";"7";"0";"2";"2";"1";"1";""
"202100019502";"166Â 771";"A01";"3";"7";"0";"2";"1";"9";"1";""
"202100019502";"166Â 772";"B01";"3";"7";"0";"2";"4";"2";"1";""
"202100019503";"166Â 770";"A01";"1";"7";"0";"1";"1";"1";"1";""
"202100019504";"166Â 768";"A01";"3";"1";"0";"2";"7";"19";"6";""
"202100019504";"166Â 769";"B01";"3";"7";"0";"2";"2";"0";"1";""
"202100019505";"166Â 767";"A01";"0";"33";"3";"0";"2";"1";"1";""
"202100019506";"166Â 765";"A01";"1";"7";"0";"2";"1";"1";"1";""
"202100019506";"166Â 766";"B01";"1";"7";"0";"2";"8";"10";"1";""
"202100019507";"166Â 761";"B01";"1";"7";"0";"2";"4";"2";"1";""
"202100019507";"166Â 762";"C01";"1";"7";"0";"2";"4";"2";"1";""
"202100019507";"166Â 763";"D01";"1";"7";"0";"2";"4";"2";"1";""
"202100019507";"166Â 764";"A01";"1";"7";"0";"2";"1";"2";"1";""
"202100019508";"166Â 759";"B01";"1";"33";"0";"2";"7";"1";"1";""
"202100019508";"166Â 760";"A01";"1";"7";"0";"2";"8";"11";"1";""
"202100019509";"166Â 757";"B01";"3";"10";"0";"2";"1";"24";"1";""
"202100019509";"166Â 758";"A01";"1";"32";"0";"2";"1";"1";"1";""
"202100019510";"166Â 756";"A01";"1";"7";"0";"1";"5";"4";"1";""
"202100019511";"166Â 754";"Z01";"1";"7";"0";"2";"1";"10";"1";""
"202100019511";"166Â 755";"A01";"1";"30";"0";"2";"7";"1";"1";""
"202100019512";"166Â 752";"A01";"1";"1";"0";"2";"8";"9";"5";""
"202100019512";"166Â 753";"B01";"1";"31";"0";"2";"1";"1";"1";""
"202100019513";"166Â 750";"B01";"2";"7";"0";"2";"6";"24";"1";""
"202100019513";"166Â 751";"A01";"2";"7";"0";"1";"3";"1";"1";""
"202100019514";"166Â 749";"A01";"1";"10";"0";"1";"2";"1";"1";""
"202100019515";"166Â 748";"A01";"3";"1";"0";"1";"1";"1";"5";""
"202100019516";"166Â 747";"A01";"3";"7";"11";"0";"2";"13";"1";""
"202100019517";"166Â 746";"Z01";"1";"30";"0";"1";"1";"1";"3";""
"202100019518";"166Â 744";"B01";"2";"7";"0";"2";"5";"2";"1";""
"202100019518";"166Â 745";"A01";"2";"32";"0";"2";"1";"2";"1";""
"202100019519";"166Â 742";"B01";"3";"7";"0";"2";"2";"1";"1";""
"202100019519";"166Â 743";"A01";"1";"30";"0";"2";"8";"1";"1";""
"202100019520";"166Â 741";"A01";"0";"32";"0";"1";"5";"26";"1";""
"202100019521";"166Â 739";"B01";"3";"7";"0";"2";"3";"1";"1";""
"202100019521";"166Â 740";"A01";"3";"7";"0";"2";"2";"15";"1";""
"202100019522";"166Â 737";"A01";"0";"33";"0";"2";"1";"17";"0";""
"202100019522";"166Â 738";"B01";"0";"50";"0";"2";"1";"17";"3";""
"202100019523";"166Â 735";"B01";"1";"7";"0";"0";"1";"1";"1";""
"202100019523";"166Â 736";"A01";"2";"7";"0";"0";"1";"15";"1";""
"202100019524";"166Â 733";"B01";"0";"7";"0";"0";"5";"1";"1";""
"202100019524";"166Â 734";"A01";"0";"7";"0";"2";"3";"2";"1";""
"202100019525";"166Â 729";"T01";"2";"7";"0";"0";"0";"23";"1";""
"202100019525";"166Â 730";"C01";"2";"99";"0";"2";"1";"26";"1";""
"202100019525";"166Â 731";"B01";"2";"7";"0";"2";"1";"26";"1";""
"202100019525";"166Â 732";"A01";"2";"7";"0";"2";"4";"26";"1";""
"202100019526";"166Â 728";"A01";"1";"10";"0";"1";"2";"26";"1";""
"202100019527";"166Â 727";"A01";"1";"32";"0";"1";"8";"17";"0";""
"202100019528";"166Â 725";"B01";"2";"1";"0";"2";"1";"1";"5";""
"202100019528";"166Â 726";"A01";"3";"1";"0";"2";"8";"19";"5";""
"202100019529";"166Â 723";"B01";"1";"7";"0";"2";"4";"1";"1";""
"202100019529";"166Â 724";"A01";"1";"7";"0";"2";"1";"2";"1";""
"202100019530";"166Â 721";"A01";"2";"7";"0";"2";"7";"10";"1";""
"202100019530";"166Â 722";"B01";"1";"43";"0";"2";"1";"1";"1";""
"202100019531";"166Â 719";"A01";"3";"7";"0";"2";"1";"16";"1";""
"202100019531";"166Â 720";"B01";"1";"7";"0";"2";"3";"1";"1";""
"202100019532";"166Â 718";"A01";"3";"2";"0";"0";"2";"1";"1";""
"202100019533";"166Â 717";"A01";"1";"2";"0";"0";"0";"10";"1";""
"202100019534";"166Â 715";"A01";"2";"7";"0";"2";"1";"1";"1";""
"202100019534";"166Â 716";"B01";"2";"7";"0";"2";"4";"1";"1";""
"202100019535";"166Â 713";"A01";"1";"7";"0";"2";"7";"16";"1";""
"202100019535";"166Â 714";"B01";"1";"33";"0";"2";"2";"1";"1";""
"202100019536";"166Â 711";"A01";"3";"31";"0";"9";"1";"1";"1";""
"202100019536";"166Â 712";"B01";"3";"1";"0";"2";"7";"1";"5";""
"202100019537";"166Â 710";"A01";"1";"33";"0";"0";"1";"0";"1";""
"202100019538";"166Â 708";"A01";"1";"7";"0";"2";"1";"1";"1";""
"202100019538";"166Â 709";"B01";"1";"7";"0";"2";"4";"2";"1";""
"202100019539";"166Â 706";"A01";"2";"7";"0";"2";"7";"17";"1";""
"202100019539";"166Â 707";"B01";"2";"1";"0";"2";"8";"2";"5";""
"202100019540";"166Â 704";"A01";"1";"10";"0";"2";"2";"21";"1";""
"202100019540";"166Â 705";"B01";"1";"17";"0";"2";"6";"2";"1";""
"202100019541";"166Â 702";"A01";"2";"33";"0";"2";"1";"17";"1";""
"202100019541";"166Â 703";"B01";"2";"7";"0";"2";"6";"15";"1";""
"202100019542";"166Â 700";"B01";"3";"1";"0";"2";"8";"1";"5";""
"202100019542";"166Â 701";"A01";"0";"7";"0";"9";"1";"15";"1";""
"202100019543";"166Â 699";"A01";"2";"7";"3";"0";"3";"0";"1";""
"202100019544";"166Â 698";"A01";"1";"7";"2";"0";"1";"0";"1";""
"202100019545";"166Â 696";"A01";"1";"7";"0";"0";"4";"1";"1";""
"202100019545";"166Â 697";"B01";"1";"7";"0";"2";"1";"2";"1";""
"202100019546";"166Â 694";"B01";"1";"33";"0";"2";"1";"1";"0";""
"202100019546";"166Â 695";"A01";"2";"7";"0";"2";"3";"10";"0";""
"202100019547";"166Â 692";"A01";"1";"7";"0";"0";"1";"2";"0";""
"202100019547";"166Â 693";"B01";"1";"7";"0";"0";"4";"2";"1";""
"202100019548";"166Â 691";"A01";"1";"7";"0";"0";"0";"1";"1";""
"202100019549";"166Â 690";"A01";"2";"7";"8";"0";"0";"1";"1";""
"202100019550";"166Â 688";"A01";"1";"33";"0";"2";"1";"1";"1";""
"202100019550";"166Â 689";"B01";"1";"7";"0";"0";"6";"15";"1";""
"202100019551";"166Â 685";"A01";"1";"7";"0";"2";"6";"5";"1";""
"202100019551";"166Â 686";"B01";"2";"7";"0";"2";"8";"1";"1";""
"202100019551";"166Â 687";"C01";"0";"7";"0";"2";"1";"1";"1";""
"202100019552";"166Â 683";"B01";"1";"7";"0";"2";"5";"1";"1";""
"202100019552";"166Â 684";"A01";"2";"33";"0";"2";"1";"1";"1";""
"202100019553";"166Â 682";"A01";"1";"7";"2";"0";"1";"1";"1";""
"202100019554";"166Â 680";"A01";"2";"7";"0";"2";"3";"15";"1";""
"202100019554";"166Â 681";"B01";"2";"33";"0";"2";"1";"1";"1";""
"202100019555";"166Â 678";"A01";"3";"2";"0";"2";"1";"17";"1";""
"202100019555";"166Â 679";"B01";"3";"1";"0";"2";"4";"1";"5";""
"202100019556";"166Â 674";"A01";"3";"30";"0";"2";"1";"13";"1";""
"202100019556";"166Â 675";"B01";"3";"7";"0";"2";"3";"1";"1";""
"202100019557";"166Â 673";"A01";"1";"1";"0";"0";"0";"0";"5";""
"202100019558";"166Â 672";"A01";"1";"7";"13";"0";"9";"13";"1";""
"202100019559";"166Â 670";"A01";"1";"7";"0";"2";"7";"5";"1";""
"202100019559";"166Â 671";"B01";"2";"7";"0";"2";"1";"1";"1";""
"202100019560";"166Â 669";"A01";"2";"7";"3";"0";"3";"1";"1";""
"202100019561";"166Â 667";"A01";"2";"7";"0";"2";"2";"13";"1";""
"202100019561";"166Â 668";"B01";"1";"2";"0";"2";"1";"1";"1";""
"202100019562";"166Â 665";"A01";"1";"7";"0";"2";"0";"2";"0";""
"202100019562";"166Â 666";"B01";"1";"1";"0";"0";"6";"1";"5";""
"202100019563";"166Â 662";"C01";"1";"21";"0";"0";"4";"24";"1";""
"202100019563";"166Â 663";"A01";"2";"7";"0";"2";"2";"19";"1";""
"202100019563";"166Â 664";"B01";"1";"7";"0";"2";"3";"1";"1";""
"202100019564";"166Â 660";"A01";"2";"7";"0";"2";"7";"5";"1";""
"202100019564";"166Â 661";"B01";"1";"7";"0";"2";"1";"1";"1";""
"202100019565";"166Â 658";"B01";"3";"10";"0";"2";"3";"1";"1";""
"202100019565";"166Â 659";"A01";"3";"7";"0";"2";"1";"1";"1";""
"202100019566";"166Â 656";"A01";"1";"7";"6";"0";"1";"1";"1";""
"202100019567";"166Â 655";"A01";"1";"7";"13";"0";"3";"0";"1";""
"202100019568";"166Â 653";"B01";"1";"7";"0";"2";"3";"1";"1";""
"202100019568";"166Â 654";"A01";"2";"7";"0";"2";"3";"13";"1";""