"Num_Acc";"id_vehicule";"num_veh";"senc";"catv";"obs";"obsm";"choc";"manv";"motor";"occutc"
"202100019569";"166Â 651";"A01";"1";"2";"0";"2";"1";"1";"1";""
"202100019569";"166Â 652";"B01";"3";"1";"0";"0";"5";"19";"5";""
"202100019570";"166Â 649";"B01";"2";"33";"0";"2";"1";"1";"1";""
"202100019570";"166Â 650";"A01";"1";"7";"0";"2";"2";"15";"1";""
"202100019571";"166Â 648";"A01";"3";"33";"0";"0";"1";"1";"1";""
"202100019572";"166Â 647";"A01";"2";"21";"13";"0";"1";"0";"1";""
"202100019573";"166Â 645";"B01";"1";"7";"0";"2";"3";"15";"1";""
"202100019573";"166Â 646";"A01";"2";"7";"0";"2";"3";"1";"1";""
"202100019574";"166Â 644";"A01";"2";"7";"14";"0";"1";"1";"1";""
"202100019575";"166Â 642";"B01";"1";"1";"0";"2";"1";"0";"5";""
"202100019575";"166Â 643";"A01";"2";"7";"0";"2";"3";"0";"1";""
"202100019576";"166Â 641";"A01";"2";"7";"13";"0";"2";"1";"1";""
"202100019577";"166Â 640";"A01";"3";"36";"0";"0";"8";"10";"1";""
"202100019578";"166Â 639";"A01";"2";"7";"11";"0";"1";"1";"1";""
"202100019579";"166Â 637";"A01";"3";"7";"0";"2";"1";"1";"0";""
"202100019579";"166Â 638";"B01";"0";"50";"0";"2";"1";"1";"3";""
"202100019580";"166Â 636";"A01";"1";"33";"0";"0";"0";"1";"1";""
"202100019581";"166Â 634";"A01";"1";"33";"0";"2";"1";"17";"1";""
"202100019581";"166Â 635";"B01";"1";"7";"0";"0";"8";"15";"1";""
"202100019582";"166Â 631";"A01";"1";"7";"0";"2";"1";"2";"1";""
"202100019582";"166Â 632";"B01";"1";"7";"0";"0";"4";"1";"1";""
"202100019582";"166Â 633";"C01";"1";"10";"0";"0";"4";"1";"1";""
"202100019583";"166Â 628";"B01";"1";"7";"0";"2";"1";"1";"1";""
"202100019583";"166Â 629";"A01";"2";"7";"0";"2";"1";"13";"1";""
"202100019584";"166Â 625";"A01";"2";"7";"1";"0";"2";"15";"1";""
"202100019584";"166Â 626";"B01";"1";"7";"0";"0";"1";"1";"1";""
"202100019584";"166Â 627";"C01";"1";"7";"0";"0";"3";"23";"1";""
"202100019585";"166Â 623";"A01";"1";"34";"0";"2";"1";"1";"1";""
"202100019585";"166Â 624";"B01";"2";"7";"0";"2";"1";"1";"1";""
"202100019586";"166Â 622";"A01";"3";"7";"2";"0";"1";"14";"1";""
"202100019587";"166Â 620";"B01";"2";"33";"0";"2";"3";"1";"1";""
"202100019587";"166Â 621";"A01";"1";"33";"0";"2";"3";"5";"1";""
"202100019588";"166Â 617";"C01";"1";"2";"0";"2";"1";"2";"1";""
"202100019588";"166Â 618";"A01";"1";"2";"0";"0";"6";"15";"1";""
"202100019588";"166Â 619";"B01";"1";"2";"0";"0";"6";"15";"1";""
"202100019589";"166Â 615";"B01";"1";"7";"0";"0";"4";"2";"1";""
"202100019589";"166Â 616";"A01";"1";"7";"0";"2";"8";"0";"1";""
"202100019590";"166Â 614";"A01";"2";"7";"13";"0";"2";"1";"1";""
"202100019591";"166Â 613";"A01";"1";"7";"2";"0";"1";"13";"1";""
"202100019592";"166Â 611";"B01";"1";"7";"0";"2";"8";"15";"1";""
"202100019592";"166Â 612";"A01";"2";"33";"0";"2";"1";"1";"1";""
"202100019593";"166Â 610";"A01";"1";"2";"2";"0";"2";"1";"1";""
"202100019594";"166Â 608";"B01";"1";"7";"0";"2";"1";"1";"1";""
"202100019594";"166Â 609";"A01";"2";"7";"0";"2";"2";"15";"1";""
"202100019595";"166Â 607";"A01";"3";"1";"13";"0";"1";"1";"5";""
"202100019596";"166Â 606";"A01";"1";"7";"4";"0";"9";"1";"1";""
"202100019597";"166Â 604";"A01";"1";"33";"0";"2";"1";"1";"1";""
"202100019597";"166Â 605";"B01";"2";"7";"0";"2";"1";"1";"1";""
"202100019598";"166Â 603";"A01";"1";"2";"14";"0";"0";"0";"1";""
"202100019599";"166Â 602";"A01";"2";"21";"0";"0";"0";"0";"1";""
"202100019600";"166Â 600";"A01";"2";"15";"0";"0";"3";"15";"1";""
"202100019600";"166Â 601";"B01";"1";"7";"0";"2";"1";"1";"1";""
"202100019601";"166Â 598";"A01";"1";"7";"0";"2";"1";"2";"1";""
"202100019601";"166Â 599";"B01";"1";"7";"3";"0";"3";"2";"1";""
"202100019602";"166Â 596";"B01";"1";"7";"3";"2";"3";"1";"1";""
"202100019602";"166Â 597";"A01";"1";"17";"0";"2";"2";"12";"1";""
"202100019603";"166Â 594";"B01";"2";"33";"0";"2";"4";"2";"1";""
"202100019603";"166Â 595";"A01";"2";"7";"0";"2";"1";"2";"1";""
"202100019604";"166Â 592";"B01";"1";"7";"0";"2";"4";"2";"1";""
"202100019604";"166Â 593";"A01";"2";"7";"0";"2";"1";"2";"1";""
"202100019605";"166Â 590";"A01";"2";"7";"0";"2";"9";"18";"1";""
"202100019605";"166Â 591";"B01";"2";"7";"0";"2";"4";"13";"1";""
"202100019606";"166Â 588";"A01";"1";"33";"0";"2";"8";"3";"1";""
"202100019606";"166Â 589";"Z01";"1";"7";"0";"2";"0";"0";"0";""
"202100019607";"166Â 587";"A01";"1";"3";"0";"1";"1";"15";"1";""
"202100019608";"166Â 586";"A01";"0";"7";"0";"1";"1";"26";"0";""
"202100019609";"166Â 585";"A01";"1";"7";"0";"1";"3";"1";"1";""
"202100019610";"166Â 584";"A01";"3";"7";"15";"1";"1";"1";"1";""
"202100019611";"166Â 583";"A01";"3";"7";"0";"1";"0";"1";" -1";""
"202100019612";"166Â 581";"A01";"0";"7";"0";"2";"3";"15";"1";""
"202100019612";"166Â 582";"B01";"0";"2";"0";"0";"0";"0";"1";""
"202100019613";"166Â 580";"A01";"1";"2";"0";"0";"0";"13";"1";""
"202100019614";"166Â 579";"B01";"3";"1";"0";"1";"1";"0";"0";""
"202100019615";"166Â 577";"B01";"1";"2";"0";"2";"1";"1";"1";""
"202100019615";"166Â 578";"A01";"1";"7";"0";"2";"2";"15";"1";""
"202100019616";"166Â 575";"B01";"2";"2";"0";"2";"1";"1";"1";""
"202100019616";"166Â 576";"A01";"1";"7";"0";"2";"2";"15";"1";""
"202100019617";"166Â 573";"B01";"2";"7";"0";"2";"4";"1";"1";""
"202100019617";"166Â 574";"A01";"2";"7";"0";"2";"1";"1";"1";""
"202100019618";"166Â 571";"B01";"1";"7";"0";"2";"1";"1";"0";""
"202100019618";"166Â 572";"A01";"2";"7";"8";"2";"5";"1";"1";""
"202100019619";"166Â 569";"B01";"3";"37";"0";"2";"1";"1";"1";"4"
"202100019619";"166Â 570";"A01";"3";"7";"0";"2";"7";"15";"1";""
"202100019620";"166Â 568";"A01";"3";"7";"12";"2";"6";"1";"1";""
"202100019621";"166Â 566";"A01";"2";"33";"0";"2";"1";"1";"1";""
"202100019621";"166Â 567";"B01";"1";"7";"0";"2";"8";"1";"1";""
"202100019622";"166Â 564";"A01";"2";"10";"0";"2";"8";"11";"1";""
"202100019622";"166Â 565";"B01";"2";"30";"0";"2";"1";"1";"1";""
"202100019623";"166Â 563";"A01";"3";"7";"0";"1";"1";"2";"1";""
"202100019624";"166Â 561";"B01";"2";"33";"0";"2";"1";"1";"1";""
"202100019624";"166Â 562";"A01";"1";"10";"0";"2";"2";"15";"1";""
"202100019625";"166Â 560";"A01";"1";"7";"4";"0";"1";"26";"1";""
"202100019626";"166Â 558";"B01";"1";"10";"0";"2";"1";"1";"1";""
"202100019626";"166Â 559";"A01";"1";"10";"3";"2";"4";"2";"1";""
"202100019627";"166Â 556";"A01";"1";"7";"0";"2";"5";"14";"1";""
"202100019627";"166Â 557";"B01";"1";"7";"0";"2";"8";"1";"1";""
"202100019628";"166Â 554";"B01";"1";"7";"0";"2";"9";"23";"1";""
"202100019628";"166Â 555";"A01";"3";"7";"0";"2";"3";"0";"1";""
"202100019629";"166Â 552";"B01";"1";"1";"0";"2";"8";"1";"0";""
"202100019629";"166Â 553";"A01";"2";"7";"0";"2";"1";"15";"1";""
"202100019630";"166Â 551";"A01";"1";"2";"0";"0";"7";"1";"3";""
"202100019631";"166Â 549";"B01";"1";"99";"0";"2";"1";"1";"1";""
"202100019631";"166Â 550";"A01";"1";"7";"0";"2";"1";"13";"1";""
"202100019632";"166Â 547";"B01";"2";"2";"0";"2";"1";"1";"1";""
"202100019632";"166Â 548";"Z01";"2";"7";"0";"2";"1";"17";"1";""
"202100019633";"166Â 546";"A01";"2";"30";"0";"1";"1";"21";"1";""
"202100019634";"166Â 545";"A01";"1";"80";"0";"1";"1";"26";"3";""
"202100019635";"166Â 544";"A01";"0";"7";"0";"1";"1";"1";"1";""
"202100019636";"166Â 543";"A01";"0";"7";"0";"1";"4";"10";"0";""
"202100019637";"166Â 542";"A01";"0";"1";"0";"1";"1";"1";"5";""
"202100019638";"166Â 540";"A01";"0";"7";"0";"2";"3";"1";"1";""
"202100019638";"166Â 541";"B01";"0";"7";"1";"2";"3";"1";"1";""
"202100019639";"166Â 538";"A01";"0";"50";"0";"2";"3";"19";"3";""
"202100019639";"166Â 539";"B01";"0";"7";"0";"9";"2";"16";"1";""
"202100019640";"166Â 537";"A01";"1";"7";"0";"1";"3";"15";"1";""
"202100019641";"166Â 536";"A01";"2";"33";"0";"1";"1";"1";"1";""
"202100019642";"166Â 535";"A01";"2";"7";"0";"1";"1";"21";"1";""
"202100019643";"166Â 533";"A01";"3";"7";"0";"2";"3";"15";"1";""
"202100019643";"166Â 534";"B01";"3";"7";"0";"2";"3";"1";"1";""
"202100019644";"166Â 531";"A01";"3";"17";"0";"2";"2";"0";"1";""
"202100019644";"166Â 532";"B01";"2";"7";"0";"2";"8";"1";"1";""
"202100019645";"166Â 529";"A01";"2";"7";"13";"2";"1";"17";"1";""
"202100019645";"166Â 530";"B01";"1";"7";"0";"2";"2";"15";"1";""
"202100019646";"166Â 527";"A01";"2";"14";"0";"2";"7";"10";"1";""
"202100019646";"166Â 528";"B01";"1";"14";"0";"2";"1";"1";"1";""
"202100019647";"166Â 525";"A01";"0";"7";"0";"0";"0";"0";"1";""
"202100019647";"166Â 526";"B01";"1";"2";"0";"0";"0";"0";"1";""
"202100019648";"166Â 524";"A01";"1";"30";"3";"0";"8";"1";"1";""
"202100019649";"166Â 522";"A01";"2";"7";"0";"2";"1";"1";"1";""
"202100019649";"166Â 523";"B01";"2";"7";"0";"2";"4";"1";"1";""
"202100019650";"166Â 521";"A01";"0";"1";"0";"0";"7";"1";"5";""
"202100019651";"166Â 518";"A01";"2";"7";"0";"2";"2";"1";"1";""
"202100019651";"166Â 519";"B01";"3";"50";"0";"2";"1";"9";"3";""
"202100019652";"166Â 516";"A01";"1";"7";"0";"2";"3";"20";"1";""
"202100019652";"166Â 517";"B01";"2";"7";"0";"2";"2";"1";"1";""
"202100019653";"166Â 514";"B01";"2";"34";"0";"2";"7";"16";"1";""
"202100019653";"166Â 515";"A01";"1";"7";"0";"2";"1";"2";"1";""
"202100019654";"166Â 512";"B01";"1";"10";"0";"2";"3";"1";"1";""
"202100019654";"166Â 513";"A01";"2";"7";"1";"2";"6";"13";"1";""
"202100019655";"166Â 510";"A01";"0";"50";"0";"2";"1";"19";"3";""
"202100019655";"166Â 511";"B01";"0";"7";"0";"2";"7";"1";"1";""
"202100019656";"166Â 509";"A01";"1";"7";"0";"1";"1";"1";"0";""
"202100019657";"166Â 507";"A01";"1";"7";"0";"2";"1";"5";"1";""
"202100019657";"166Â 508";"B01";"2";"7";"0";"2";"1";"17";"1";""
"202100019658";"166Â 505";"B01";"2";"32";"0";"2";"1";"17";"1";""
"202100019658";"166Â 506";"A01";"2";"7";"0";"2";"8";"10";"1";""
"202100019659";"166Â 504";"A01";"3";"30";"0";"2";"1";"21";"1";""
"202100019660";"166Â 503";"A01";"2";"7";"0";"1";"1";"1";"1";""
"202100019661";"166Â 502";"A01";"2";"7";"0";"1";"1";"1";"1";""
"202100019662";"166Â 501";"A01";"2";"7";"8";"0";"1";"1";"1";""
"202100019663";"166Â 499";"A01";"3";"7";"0";"0";"2";"20";"1";""
"202100019663";"166Â 500";"B01";"3";"1";"0";"0";"1";"1";"5";""
"202100019664";"166Â 498";"A01";"3";"10";"0";"9";"3";"1";"1";""
"202100019665";"166Â 497";"A01";"2";"7";"0";"1";"2";"1";"1";""
"202100019666";"166Â 495";"A01";"1";"7";"0";"2";"1";"15";"1";""
"202100019666";"166Â 496";"B01";"1";"7";"0";"2";"1";"1";"1";""
"202100019667";"166Â 494";"A01";"1";"3";"9";"0";"1";"1";"1";""
"202100019668";"166Â 493";"A01";"1";"7";"0";"1";"1";"1";"1";""
"202100019669";"166Â 491";"B01";"2";"7";"0";"2";"0";"15";"1";""
"202100019669";"166Â 492";"A01";"2";"30";"0";"2";"2";"2";"3";""
"202100019670";"166Â 489";"A01";"1";"7";"0";"2";"2";"12";"1";""
"202100019670";"166Â 490";"B01";"1";"50";"0";"2";"3";"1";"3";""
"202100019671";"166Â 487";"A01";"1";"7";"0";"2";"8";"11";"1";""
"202100019671";"166Â 488";"B01";"1";"31";"0";"2";"2";"1";"1";""
"202100019672";"166Â 485";"A01";"2";"1";"14";"2";"2";"19";"5";""
"202100019672";"166Â 486";"B01";"2";"10";"0";"2";"1";"1";"0";""
"202100019673";"166Â 484";"A01";"0";"7";"0";"1";"1";"16";"1";""
"202100019674";"166Â 480";"B01";"3";"7";"0";"2";"7";"1";"1";""
"202100019674";"166Â 481";"A01";"3";"80";"0";"2";"1";"15";"3";""
"202100019675";"166Â 479";"A01";"1";"7";"1";"0";"1";"13";"1";""
"202100019676";"166Â 477";"A01";"1";"33";"0";"2";"7";"1";"1";""
"202100019676";"166Â 478";"B01";"1";"7";"0";"2";"6";"23";"3";""
"202100019677";"166Â 475";"A01";"3";"7";"0";"2";"3";"9";"2";""
"202100019677";"166Â 476";"B01";"3";"33";"0";"2";"5";"1";"1";""
"202100019678";"166Â 473";"A01";"3";"2";"0";"2";"1";"2";"1";""
"202100019678";"166Â 474";"B01";"3";"7";"0";"2";"4";"2";"1";""
"202100019679";"166Â 471";"B01";"1";"33";"0";"2";"6";"1";"1";""
"202100019679";"166Â 472";"A01";"1";"7";"0";"2";"0";"12";"1";""
"202100019680";"166Â 469";"B01";"3";"7";"0";"2";"3";"1";"1";""
"202100019680";"166Â 470";"A01";"3";"33";"0";"2";"3";"15";"1";""
"202100019681";"166Â 468";"A01";"3";"33";"3";"0";"2";"1";"1";""
"202100019682";"166Â 465";"A01";"1";"7";"7";"2";"1";"1";"1";""
"202100019682";"166Â 466";"B01";"1";"7";"0";"2";"8";"1";"1";""
"202100019682";"166Â 467";"C01";"2";"7";"0";"2";"8";"1";"1";""
"202100019683";"166Â 463";"A01";"3";"33";"0";"2";"1";"1";"1";""
"202100019683";"166Â 464";"B01";"3";"7";"0";"2";"8";"15";"1";""
"202100019684";"166Â 461";"A01";"1";"32";"0";"2";"1";"17";"1";""
"202100019684";"166Â 462";"B01";"2";"7";"0";"2";"3";"1";"1";""
"202100019685";"166Â 459";"A01";"1";"7";"0";"2";"1";"1";"1";""
"202100019685";"166Â 460";"B01";"1";"7";"0";"2";"4";"1";"1";""
"202100019686";"166Â 457";"A01";"2";"7";"0";"2";"6";"13";"1";""
"202100019686";"166Â 458";"B01";"2";"33";"0";"2";"1";"1";"1";""
"202100019687";"166Â 454";"C01";"0";"10";"1";"2";"6";"23";"1";""
"202100019687";"166Â 455";"B01";"1";"7";"0";"2";"3";"1";"1";""
"202100019687";"166Â 456";"A01";"3";"7";"0";"2";"2";"9";"1";""
"202100019688";"166Â 452";"A01";"1";"7";"0";"2";"2";"1";"1";""
"202100019688";"166Â 453";"B01";"0";"1";"0";"2";"8";"19";"5";""
"202100019689";"166Â 451";"A01";"2";"7";"8";"0";"1";"13";"1";""
"202100019690";"166Â 449";"B01";"1";"7";"0";"2";"3";"1";"1";""
"202100019690";"166Â 450";"A01";"1";"7";"0";"2";"1";"19";"1";""
"202100019691";"166Â 448";"A01";"2";"33";"8";"0";"1";"1";"1";""
"202100019692";"166Â 446";"B01";"2";"7";"0";"2";"1";"0";"1";""
"202100019692";"166Â 447";"A01";"2";"7";"0";"2";"4";"2";"1";""
"202100019693";"166Â 445";"A01";"0";"2";"0";"0";"8";"2";"1";""
"202100019694";"166Â 443";"B01";"2";"37";"0";"2";"2";"1";"1";"1"
"202100019694";"166Â 444";"A01";"1";"50";"0";"2";"8";"1";"3";""
"202100019695";"166Â 441";"A01";"3";"10";"0";"2";"1";"15";"1";""
"202100019695";"166Â 442";"B01";"3";"2";"0";"2";"1";"1";"1";""
"202100019696";"166Â 439";"B01";"0";"10";"0";"2";"2";"1";"1";""
"202100019696";"166Â 440";"A01";"0";"2";"0";"2";"7";"13";"1";""
"202100019697";"166Â 438";"A01";"2";"7";"8";"0";"1";"15";"1";""
"202100019698";"166Â 437";"A01";"1";"3";"0";"1";"1";"15";"1";""
"202100019699";"166Â 433";"A01";"2";"7";"0";"2";"1";"0";"1";""
"202100019699";"166Â 434";"B01";"2";"7";"0";"2";"0";"0";"1";""
"202100019699";"166Â 435";"C01";"2";"7";"0";"2";"0";"0";"1";""
"202100019699";"166Â 436";"D01";"2";"7";"0";"2";"4";"0";"1";""
"202100019700";"166Â 432";"A01";"3";"33";"0";"0";"8";"1";"1";""
"202100019701";"166Â 430";"B01";"1";"7";"0";"2";"6";"2";"1";""
"202100019701";"166Â 431";"A01";"1";"30";"0";"2";"1";"2";"1";""
"202100019702";"166Â 428";"A01";"3";"7";"0";"0";"5";"0";"1";""
"202100019702";"166Â 429";"B01";"1";"7";"0";"2";"1";"2";"0";""
"202100019703";"166Â 426";"A01";"1";"50";"0";"2";"8";"26";"3";""
"202100019703";"166Â 427";"Z01";"2";"7";"0";"2";"1";"13";"0";""
"202100019704";"166Â 423";"B01";"0";"7";"0";"2";"2";"15";"6";""
"202100019704";"166Â 424";"C01";"0";"7";"0";"2";"1";"0";"1";""
"202100019704";"166Â 425";"A01";"0";"7";"0";"2";"1";"10";"6";""
"202100019705";"166Â 421";"A01";"3";"7";"0";"9";"3";"9";"1";""
"202100019705";"166Â 422";"B01";"3";"60";"0";"2";"1";"9";"5";""
"202100019706";"166Â 419";"A01";"3";"7";"0";"2";"7";"15";"1";""
"202100019706";"166Â 420";"B01";"3";"2";"0";"2";"3";"19";"1";""
"202100019707";"166Â 417";"A01";"2";"33";"0";"2";"1";"2";"1";""
"202100019707";"166Â 418";"B01";"2";"7";"0";"2";"4";"15";"1";""
"202100019708";"166Â 415";"B01";"2";"7";"0";"2";"4";"2";"1";""
"202100019708";"166Â 416";"A01";"2";"2";"0";"2";"1";"2";"1";""
"202100019709";"166Â 413";"A01";"1";"7";"0";"2";"3";"15";"1";""
"202100019709";"166Â 414";"B01";"1";"33";"0";"2";"7";"17";"1";""
"202100019710";"166Â 410";"C01";"1";"7";"0";"2";"1";"2";"1";""
"202100019710";"166Â 411";"A01";"1";"7";"0";"2";"3";"26";"1";""
"202100019710";"166Â 412";"B01";"1";"7";"0";"2";"3";"5";"1";""
"202100019711";"166Â 409";"A01";"1";"33";"0";"2";"0";"21";"1";""
"202100019712";"166Â 407";"B01";"1";"10";"0";"2";"1";"1";"1";""
"202100019712";"166Â 408";"A01";"1";"7";"0";"2";"7";"1";"1";""
"202100019713";"166Â 405";"B01";"1";"7";"0";"2";"1";"1";"1";""
"202100019713";"166Â 406";"A01";"2";"31";"0";"2";"1";"5";"1";""
"202100019714";"166Â 402";"A01";"1";"10";"0";"1";"4";"4";"3";""
"202100019715";"166Â 400";"B01";"3";"1";"0";"2";"3";"1";"5";""
"202100019715";"166Â 401";"A01";"3";"7";"0";"9";"3";"9";"1";""
"202100019716";"166Â 398";"A01";"2";"7";"0";"2";"1";"15";"1";""
"202100019716";"166Â 399";"B01";"1";"2";"0";"2";"1";"1";"1";""
"202100019717";"166Â 396";"A01";"2";"30";"0";"2";"2";"1";"1";""
"202100019717";"166Â 397";"B01";"2";"7";"0";"2";"3";"15";"3";""
"202100019718";"166Â 394";"A01";"1";"1";"0";"2";"6";"1";"5";""
"202100019718";"166Â 395";"B01";"1";"33";"0";"2";"2";"15";"1";""
"202100019719";"166Â 392";"B01";"2";"30";"0";"2";"1";"1";"1";""
"202100019719";"166Â 393";"A01";"2";"7";"0";"2";"8";"9";"1";""
"202100019720";"166Â 391";"A01";"2";"32";"0";"1";"2";"17";"1";""
"202100019721";"166Â 390";"A01";"2";"7";"0";"1";"2";"1";"1";""
"202100019722";"166Â 388";"B01";"1";"10";"0";"2";"0";"10";"1";""
"202100019722";"166Â 389";"A01";"1";"32";"0";"2";"2";"17";"1";""
"202100019723";"166Â 386";"B01";"1";"33";"0";"2";"1";"1";"1";""
"202100019723";"166Â 387";"A01";"2";"7";"0";"2";"2";"15";"1";""
"202100019724";"166Â 384";"B01";"2";"50";"0";"2";"7";"1";"3";""
"202100019724";"166Â 385";"A01";"2";"7";"0";"2";"8";"22";"3";""
"202100019725";"166Â 382";"A01";"2";"10";"0";"2";"2";"16";"1";""
"202100019725";"166Â 383";"B01";"2";"1";"0";"2";"1";"1";"5";""
"202100019726";"166Â 381";"A01";"1";"80";"0";"1";"1";"1";"3";""
"202100019727";"166Â 380";"Z01";"2";"50";"0";"1";"1";"25";"3";""
"202100019728";"166Â 379";"A01";"3";"30";"0";"0";"0";"1";"1";""
"202100019729";"166Â 378";"A01";"1";"50";"0";"1";"1";"1";"3";""
"202100019730";"166Â 377";"A01";"2";"32";"0";"1";"1";"1";"1";""
"202100019731";"166Â 375";"A01";"1";"30";"0";"2";"3";"2";"1";""
"202100019731";"166Â 376";"Z01";"1";"7";"0";"2";"0";"2";"0";""
"202100019732";"166Â 374";"Z01";"1";"1";"0";"1";"7";"1";"5";""
"202100019733";"166Â 372";"A01";"0";"7";"0";"2";"2";"1";"1";""
"202100019733";"166Â 373";"B01";"0";"60";"0";"2";"1";"19";"5";""
"202100019734";"166Â 371";"A01";"0";"7";"0";"1";"2";"1";"1";""
"202100019735";"166Â 369";"A01";"3";"7";"0";"2";"2";"1";"2";""
"202100019735";"166Â 370";"B01";"3";"32";"0";"2";"1";"1";"1";""
"202100019736";"166Â 368";"A01";"1";"1";"0";"1";"1";"1";"5";""
"202100019737";"166Â 366";"A01";"1";"14";"0";"2";"1";"2";"1";""
"202100019737";"166Â 367";"B01";"1";"7";"0";"2";"4";"2";"2";""
"202100019738";"166Â 364";"B01";"2";"7";"0";"2";"1";"16";"0";""
"202100019738";"166Â 365";"A01";"2";"34";"0";"2";"7";"2";"1";""
"202100019739";"166Â 362";"A01";"1";"7";"0";"9";"2";"15";"1";""
"202100019739";"166Â 363";"B01";"2";"1";"0";"2";"8";"1";"5";""
"202100019740";"166Â 359";"C01";"2";"7";"0";"2";"4";"2";"1";""
"202100019740";"166Â 360";"B01";"2";"7";"0";"2";"4";"2";"1";""
"202100019740";"166Â 361";"A01";"2";"10";"0";"2";"1";"2";"1";""
"202100019741";"166Â 357";"A01";"1";"7";"0";"2";"3";"19";"1";""
"202100019741";"166Â 358";"B01";"2";"1";"0";"2";"1";"19";"5";""
"202100019742";"166Â 356";"A01";"1";"10";"0";"0";"2";"1";"1";""
"202100019743";"166Â 355";"A01";"1";"34";"0";"0";"0";"2";"1";""
"202100019744";"166Â 353";"B01";"1";"7";"1";"0";"2";"1";"1";""
"202100019744";"166Â 354";"A01";"3";"13";"1";"0";"5";"23";"1";""
"202100019745";"166Â 351";"A01";"3";"7";"0";"2";"3";"11";"1";""
"202100019745";"166Â 352";"B01";"3";"33";"0";"2";"1";"2";"1";""
"202100019746";"166Â 347";"A01";"2";"7";"0";"2";"1";"1";"1";""
"202100019746";"166Â 348";"B01";"2";"2";"0";"2";"1";"9";"1";""
"202100019747";"166Â 345";"B01";"0";"7";"0";"2";"1";"1";"1";""
"202100019747";"166Â 346";"A01";"0";"50";"0";"2";"1";"1";"3";""
"202100019748";"166Â 343";"A01";"2";"7";"0";"2";"3";"13";"0";""
"202100019748";"166Â 344";"B01";"1";"7";"0";"2";"1";"0";"0";""
"202100019749";"166Â 341";"A01";"3";"30";"0";"2";"7";"1";"1";""
"202100019749";"166Â 342";"B01";"1";"7";"0";"2";"3";"1";"0";""
"202100019750";"166Â 340";"A01";"1";"7";"14";"0";"1";"19";"0";""
"202100019751";"166Â 338";"A01";"2";"7";"0";"2";"2";"9";"2";""
"202100019751";"166Â 339";"B01";"1";"32";"0";"2";"3";"1";"1";""
"202100019752";"166Â 336";"A01";"1";"7";"0";"2";"3";"9";"2";""
"202100019752";"166Â 337";"B01";"1";"43";"0";"2";"1";"1";"1";""
"202100019753";"166Â 334";"A01";"3";"7";"0";"2";"0";"0";"1";""
"202100019753";"166Â 335";"B01";"3";"1";"1";"0";"0";"0";"0";""
"202100019754";"166Â 333";"A01";"2";"7";"9";"1";"3";"9";"0";""
"202100019755";"166Â 331";"B01";"2";"32";"0";"2";"8";"1";"1";""
"202100019755";"166Â 332";"A01";"2";"7";"0";"2";"7";"12";"1";""
"202100019756";"166Â 330";"A01";"1";"14";"0";"0";"9";"4";"1";""
"202100019757";"166Â 328";"A01";"3";"7";"0";"2";"2";"0";"1";""
"202100019757";"166Â 329";"B01";"0";"33";"0";"0";"1";"0";"1";""
"202100019758";"166Â 326";"B01";"1";"7";"0";"2";"1";"2";"1";""
"202100019758";"166Â 327";"A01";"1";"7";"4";"0";"1";"23";"1";""
"202100019759";"166Â 325";"A01";"1";"7";"6";"0";"3";"1";"1";""
"202100019760";"166Â 323";"B01";"1";"1";"0";"0";"8";"2";"6";""
"202100019760";"166Â 324";"A01";"1";"7";"0";"9";"7";"2";"2";""
"202100019761";"166Â 322";"A01";"1";"2";"11";"0";"1";"1";"1";""
"202100019762";"166Â 321";"A01";"3";"7";"5";"0";"1";"1";"1";""
"202100019763";"166Â 320";"A01";"2";"10";"6";"0";"1";"1";"1";""
"202100019764";"166Â 319";"A01";"2";"7";"13";"0";"3";"1";"1";""
"202100019765";"166Â 317";"A01";"2";"7";"0";"2";"2";"15";"1";""
"202100019765";"166Â 318";"B01";"1";"2";"0";"2";"1";"1";"1";""
"202100019766";"166Â 315";"A01";"2";"7";"0";"2";"3";"1";"1";""
"202100019766";"166Â 316";"B01";"1";"7";"0";"2";"3";"1";"1";""
"202100019767";"166Â 314";"A01";"0";"7";"2";"0";"1";"1";"1";""
"202100019768";"166Â 312";"A01";"1";"10";"0";"2";"7";"17";"1";""
"202100019768";"166Â 313";"B01";"1";"1";"0";"2";"4";"2";"5";""
"202100019769";"166Â 310";"B01";"1";"1";"0";"9";"3";"13";"5";""
"202100019769";"166Â 311";"A01";"2";"7";"0";"2";"3";"1";"1";""
"202100019770";"166Â 308";"A01";"1";"31";"0";"2";"8";"1";"1";""
"202100019770";"166Â 309";"B01";"2";"7";"0";"2";"8";"1";"1";""
"202100019771";"166Â 306";"B01";"1";"31";"0";"2";"1";"1";"1";""
"202100019771";"166Â 307";"A01";"2";"7";"0";"2";"1";"13";"1";""
"202100019772";"166Â 305";"A01";"1";"7";"2";"0";"7";"1";"1";""
"202100019773";"166Â 304";"A01";"1";"7";"8";"0";"1";"2";"1";""
"202100019774";"166Â 300";"B01";"1";"7";"0";"2";"3";"16";"1";""
"202100019774";"166Â 301";"A01";"2";"7";"0";"2";"2";"1";"1";""
"202100019775";"166Â 299";"A01";"1";"33";"0";"0";"0";"1";"1";""
"202100019776";"166Â 298";"A01";"1";"7";"16";"0";"1";"1";"1";""
"202100019777";"166Â 296";"B01";"1";"33";"0";"2";"2";"17";"1";""
"202100019777";"166Â 297";"A01";"1";"7";"0";"2";"6";"17";"1";""
"202100019778";"166Â 294";"B01";"1";"7";"0";"2";"1";"1";"1";""