"Num_Acc";"id_vehicule";"num_veh";"senc";"catv";"obs";"obsm";"choc";"manv";"motor";"occutc"
"202100019778";"166Â 295";"A01";"1";"7";"0";"2";"1";"5";"1";""
"202100019779";"166Â 292";"B01";"2";"7";"0";"2";"1";"13";"1";""
"202100019779";"166Â 293";"A01";"1";"7";"0";"2";"1";"1";"1";""
"202100019780";"166Â 290";"A01";"2";"13";"6";"0";"1";"1";"1";""
"202100019781";"166Â 289";"A01";"2";"7";"6";"0";"2";"1";"1";""
"202100019782";"166Â 286";"C01";"2";"31";"0";"2";"1";"13";"1";""
"202100019782";"166Â 287";"B01";"2";"33";"0";"2";"1";"13";"1";""
"202100019782";"166Â 288";"A01";"1";"7";"0";"2";"1";"1";"1";""
"202100019783";"166Â 284";"B01";"1";"7";"0";"2";"3";"1";"1";""
"202100019783";"166Â 285";"A01";"2";"7";"0";"2";"3";"17";"1";""
"202100019784";"166Â 283";"A01";"1";"33";"13";"0";"8";"1";"1";""
"202100019785";"166Â 282";"A01";"1";"7";"0";"6";"1";"21";"1";""
"202100019786";"166Â 281";"A01";"2";"7";"0";"0";"9";"21";"1";""
"202100019787";"166Â 278";"B01";"0";"1";"0";"2";"1";"1";"5";""
"202100019787";"166Â 279";"A01";"0";"10";"0";"2";"2";"13";"1";""
"202100019788";"166Â 277";"A01";"3";"7";"6";"0";"1";"0";"1";""
"202100019789";"166Â 275";"B01";"0";"33";"0";"2";"1";"1";"1";""
"202100019789";"166Â 276";"A01";"0";"7";"0";"2";"3";"26";"1";""
"202100019790";"166Â 274";"A01";"1";"7";"3";"0";"9";"14";"1";""
"202100019791";"166Â 273";"A01";"2";"33";"0";"0";"1";"16";"1";""
"202100019792";"166Â 270";"A01";"2";"31";"0";"2";"3";"13";"1";""
"202100019792";"166Â 271";"B01";"1";"7";"0";"2";"8";"1";"1";""
"202100019792";"166Â 272";"C01";"1";"7";"0";"2";"3";"1";"1";""
"202100019793";"166Â 269";"A01";"3";"33";"12";"9";"6";"1";"0";""
"202100019794";"166Â 268";"A01";"1";"33";"12";"0";"0";"0";"1";""
"202100019795";"166Â 267";"A01";"1";"7";"12";"0";"1";"2";"1";""
"202100019796";"166Â 265";"A01";"2";"7";"0";"2";"3";"1";"1";""
"202100019796";"166Â 266";"B01";"1";"10";"0";"2";"3";"1";"1";""
"202100019797";"166Â 263";"B01";"3";"80";"0";"2";"7";"1";"3";""
"202100019797";"166Â 264";"A01";"0";"7";"0";"2";"3";"15";"1";""
"202100019798";"166Â 262";"A01";"1";"7";"2";"0";"1";"1";"1";""
"202100019799";"166Â 259";"B01";"1";"7";"0";"2";"3";"23";"1";""
"202100019799";"166Â 260";"C01";"2";"33";"0";"2";"1";"0";"1";""
"202100019799";"166Â 261";"A01";"2";"7";"0";"2";"7";"15";"1";""
"202100019800";"166Â 257";"B01";"2";"7";"0";"2";"2";"1";"1";""
"202100019800";"166Â 258";"A01";"1";"33";"0";"2";"8";"19";"1";""
"202100019801";"166Â 255";"A01";"1";"1";"0";"0";"0";"1";"5";""
"202100019801";"166Â 256";"B01";"1";"33";"0";"9";"1";"1";"1";""
"202100019802";"166Â 253";"B01";"0";"7";"7";"2";"1";"1";"1";""
"202100019802";"166Â 254";"A01";"0";"7";"0";"2";"1";"19";"1";""
"202100019803";"166Â 251";"B01";"2";"7";"3";"2";"1";"1";"1";""
"202100019803";"166Â 252";"A01";"1";"7";"3";"2";"7";"13";"1";""
"202100019804";"166Â 249";"B01";"1";"34";"0";"2";"8";"1";"1";""
"202100019804";"166Â 250";"Z01";"1";"7";"0";"2";"7";"12";"1";""
"202100019805";"166Â 248";"A01";"2";"31";"5";"0";"1";"1";"1";""
"202100019806";"166Â 245";"B01";"1";"7";"0";"2";"4";"2";"2";""
"202100019806";"166Â 246";"C01";"1";"7";"0";"2";"1";"1";"1";""
"202100019806";"166Â 247";"A01";"1";"10";"0";"2";"4";"1";"1";""
"202100019807";"166Â 243";"A01";"1";"10";"0";"2";"1";"2";"1";""
"202100019807";"166Â 244";"B01";"1";"7";"0";"2";"4";"2";"1";""
"202100019808";"166Â 241";"A01";"2";"7";"0";"2";"6";"11";"1";""
"202100019808";"166Â 242";"B01";"2";"33";"0";"2";"2";"17";"1";""
"202100019809";"166Â 239";"B01";"2";"32";"5";"2";"9";"1";"1";""
"202100019809";"166Â 240";"A01";"2";"10";"0";"2";"7";"14";"1";""
"202100019810";"166Â 236";"A01";"2";"7";"0";"2";"1";"2";"1";""
"202100019810";"166Â 237";"B01";"2";"7";"0";"2";"4";"2";"1";""
"202100019810";"166Â 238";"C01";"2";"7";"0";"2";"4";"2";"1";""
"202100019811";"166Â 234";"A01";"2";"7";"0";"2";"4";"2";"1";""
"202100019811";"166Â 235";"B01";"2";"15";"0";"2";"4";"0";"1";""
"202100019812";"166Â 231";"A01";"1";"10";"0";"2";"1";"1";"1";""
"202100019812";"166Â 232";"B01";"1";"7";"0";"2";"4";"2";"1";""
"202100019812";"166Â 233";"C01";"1";"10";"0";"2";"4";"2";"1";""
"202100019813";"166Â 229";"A01";"2";"34";"0";"2";"8";"18";"0";""
"202100019813";"166Â 230";"B01";"2";"7";"0";"0";"2";"0";"1";""
"202100019814";"166Â 228";"A01";"2";"34";"0";"5";"7";"21";"1";""
"202100019815";"166Â 226";"A01";"1";"31";"0";"2";"1";"3";"1";""
"202100019815";"166Â 227";"B01";"1";"10";"0";"2";"6";"11";"1";""
"202100019816";"166Â 224";"B01";"2";"7";"0";"2";"4";"2";"1";""
"202100019816";"166Â 225";"A01";"2";"7";"0";"2";"1";"2";"1";""
"202100019817";"166Â 221";"A01";"1";"33";"0";"2";"7";"3";"1";""
"202100019817";"166Â 222";"B01";"1";"10";"0";"2";"8";"11";"1";""
"202100019817";"166Â 223";"C01";"1";"7";"0";"0";"4";"1";"1";""
"202100019818";"166Â 220";"A01";"1";"33";"0";"0";"1";"1";"1";""
"202100019819";"166Â 218";"B01";"1";"34";"0";"2";"4";"0";"0";""
"202100019819";"166Â 219";"A01";"1";"7";"0";"2";"2";"0";"0";""
"202100019820";"166Â 217";"A01";"1";"33";"3";"0";"0";"1";"1";""
"202100019821";"166Â 214";"B01";"2";"7";"0";"2";"4";"1";"1";""
"202100019821";"166Â 215";"A01";"2";"10";"0";"2";"1";"1";"0";""
"202100019821";"166Â 216";"C01";"2";"7";"0";"2";"4";"1";"1";""
"202100019822";"166Â 212";"A01";"2";"33";"0";"2";"8";"3";"1";""
"202100019822";"166Â 213";"B01";"2";"7";"0";"2";"8";"1";"1";""
"202100019823";"166Â 205";"B01";"2";"7";"0";"2";"4";"2";"1";""
"202100019823";"166Â 206";"G01";"2";"7";"0";"2";"6";"2";"2";""
"202100019823";"166Â 207";"F01";"2";"7";"0";"2";"5";"2";"1";""
"202100019823";"166Â 208";"E01";"2";"7";"0";"2";"3";"2";"1";""
"202100019823";"166Â 209";"A01";"2";"7";"0";"2";"1";"2";"1";""
"202100019823";"166Â 210";"D01";"2";"7";"0";"2";"4";"2";"1";""
"202100019823";"166Â 211";"C01";"2";"7";"0";"2";"4";"2";"1";""
"202100019824";"166Â 203";"A01";"2";"10";"0";"2";"4";"14";"1";""
"202100019824";"166Â 204";"B01";"2";"31";"0";"2";"1";"3";"1";""
"202100019825";"166Â 199";"C01";"1";"10";"0";"2";"4";"2";"1";""
"202100019825";"166Â 200";"D01";"1";"7";"0";"2";"4";"2";"1";""
"202100019825";"166Â 201";"A01";"1";"7";"0";"2";"3";"2";"1";""
"202100019825";"166Â 202";"B01";"1";"7";"0";"2";"5";"2";"1";""
"202100019826";"166Â 198";"Z01";"2";"30";"0";"1";"0";"1";"0";""
"202100019827";"166Â 194";"A01";"1";"7";"0";"2";"3";"15";"1";""
"202100019827";"166Â 195";"B01";"2";"1";"0";"2";"8";"1";"5";""
"202100019828";"166Â 192";"B01";"2";"7";"0";"2";"4";"0";"1";""
"202100019828";"166Â 193";"A01";"2";"1";"0";"2";"1";"0";"5";""
"202100019829";"166Â 191";"A01";"1";"7";"0";"1";"2";"15";"1";""
"202100019830";"166Â 189";"B01";"3";"30";"0";"2";"1";"16";"1";""
"202100019830";"166Â 190";"A01";"3";"7";"0";"2";"1";"15";"1";""
"202100019831";"166Â 187";"A01";"1";"1";"1";"2";"7";"26";"5";""
"202100019831";"166Â 188";"B01";"1";"7";"1";"2";"3";"14";"1";""
"202100019832";"166Â 185";"A01";"1";"7";"0";"2";"1";"1";"1";""
"202100019832";"166Â 186";"B01";"1";"2";"0";"2";"8";"15";"1";""
"202100019833";"166Â 183";"B01";"1";"2";"0";"2";"7";"1";"1";""
"202100019833";"166Â 184";"A01";"1";"7";"0";"2";"1";"1";"1";""
"202100019834";"166Â 181";"A01";"1";"50";"0";"2";"3";"12";"3";""
"202100019834";"166Â 182";"B01";"1";"7";"0";"9";"3";"1";"1";""
"202100019835";"166Â 179";"A01";"2";"7";"0";"2";"1";"5";"1";""
"202100019835";"166Â 180";"B01";"1";"7";"0";"2";"1";"1";"1";""
"202100019836";"166Â 177";"B01";"2";"40";"0";"2";"1";"19";"3";""
"202100019836";"166Â 178";"A01";"2";"7";"8";"4";"3";"1";"1";""
"202100019837";"166Â 175";"B01";"1";"34";"0";"2";"2";"17";"1";""
"202100019837";"166Â 176";"A01";"1";"7";"0";"2";"3";"15";"1";""
"202100019838";"166Â 174";"Z01";"1";"7";"0";"1";"1";"0";"0";""
"202100019839";"166Â 173";"A01";"2";"7";"1";"0";"1";"0";"1";""
"202100019840";"166Â 172";"Z01";"3";"7";"0";"1";"2";"1";"0";""
"202100019841";"166Â 169";"B01";"2";"7";"0";"0";"4";"2";"1";""
"202100019841";"166Â 170";"A01";"2";"7";"0";"2";"1";"9";"1";""
"202100019841";"166Â 171";"C01";"2";"38";"0";"0";"0";"0";"1";"1"
"202100019842";"166Â 168";"A01";"1";"3";"0";"1";"0";"1";"0";""
"202100019843";"166Â 167";"A01";"2";"2";"8";"0";"1";"1";"1";""
"202100019844";"166Â 166";"A01";"1";"7";"0";"1";"1";"1";"1";""
"202100019845";"166Â 165";"A01";"2";"7";"0";"1";"1";"21";"1";""
"202100019846";"166Â 163";"B01";"1";"33";"0";"2";"1";"1";"1";""
"202100019846";"166Â 164";"A01";"1";"7";"0";"2";"8";"9";"1";""
"202100019847";"166Â 161";"B01";"1";"7";"0";"2";"1";"23";"1";""
"202100019847";"166Â 162";"A01";"1";"10";"0";"1";"1";"2";"1";""
"202100019848";"166Â 159";"A01";"2";"30";"0";"2";"0";"18";"1";""
"202100019848";"166Â 160";"B01";"2";"10";"0";"2";"2";"20";"1";""
"202100019849";"166Â 157";"A01";"1";"7";"0";"2";"1";"2";"1";""
"202100019849";"166Â 158";"B01";"1";"2";"0";"2";"4";"2";"1";""
"202100019850";"166Â 155";"A01";"2";"7";"0";"2";"1";"1";"1";""
"202100019850";"166Â 156";"B01";"2";"7";"0";"0";"0";"0";"6";""
"202100019851";"166Â 154";"A01";"3";"7";"2";"0";"1";"8";"1";""
"202100019852";"166Â 152";"B01";"1";"33";"0";"2";"4";"1";"1";""
"202100019852";"166Â 153";"A01";"1";"7";"0";"2";"2";"15";"1";""
"202100019853";"166Â 150";"A01";"3";"7";"0";"2";"1";"15";"0";""
"202100019853";"166Â 151";"B01";"3";"33";"0";"2";"1";"21";"6";""
"202100019854";"166Â 149";"A01";"1";"7";"0";"1";"2";"1";"1";""
"202100019855";"166Â 147";"B01";"1";"1";"0";"2";"1";"13";"6";""
"202100019855";"166Â 148";"A01";"1";"10";"1";"9";"2";"16";"1";""
"202100019856";"166Â 146";"A01";"3";"10";"0";"1";"1";"1";"1";""
"202100019857";"166Â 145";"A01";"1";"7";"0";"1";"7";"1";"1";""
"202100019858";"166Â 144";"A01";"1";"50";"0";"0";"1";"1";"3";""
"202100019859";"166Â 143";"A01";"0";"10";"0";"1";"3";"18";"1";""
"202100019860";"166Â 141";"A01";"1";"7";"0";"2";"3";"1";"1";""
"202100019860";"166Â 142";"B01";"2";"7";"0";"2";"1";"1";"1";""
"202100019861";"166Â 139";"B01";"2";"7";"0";"2";"4";"1";"2";""
"202100019861";"166Â 140";"A01";"2";"2";"0";"2";"1";"1";"1";""
"202100019862";"166Â 137";"B01";"2";"2";"0";"2";"1";"1";"1";""
"202100019862";"166Â 138";"A01";"1";"7";"0";"2";"7";"15";"1";""
"202100019863";"166Â 136";"A01";"2";"7";"0";"1";"1";"16";"1";""
"202100019864";"166Â 134";"B01";"1";"7";"0";"2";"1";"1";"1";""
"202100019864";"166Â 135";"A01";"2";"7";"0";"2";"7";"9";"1";""
"202100019865";"166Â 132";"A01";"1";"3";"0";"2";"3";"2";"3";""
"202100019865";"166Â 133";"B01";"1";"7";"0";"2";"4";"15";"1";""
"202100019866";"166Â 131";"A01";"1";"7";"0";"0";"9";"26";"1";""
"202100019867";"166Â 129";"B01";"0";"1";"0";"2";"7";"1";"5";""
"202100019867";"166Â 130";"A01";"0";"7";"0";"2";"2";"26";"1";""
"202100019868";"166Â 128";"A01";"0";"2";"6";"0";"0";"26";"1";""
"202100019869";"166Â 126";"A01";"3";"7";"0";"2";"3";"9";"1";""
"202100019869";"166Â 127";"B01";"3";"2";"0";"2";"7";"16";"1";""
"202100019870";"166Â 123";"B01";"2";"7";"0";"2";"4";"1";"1";""
"202100019870";"166Â 124";"C01";"2";"7";"0";"2";"4";"1";"1";""
"202100019870";"166Â 125";"A01";"2";"7";"0";"2";"1";"1";"1";""
"202100019871";"166Â 121";"B01";"2";"10";"0";"9";"1";"1";"1";""
"202100019871";"166Â 122";"A01";"1";"1";"0";"2";"1";"1";"5";""
"202100019872";"166Â 119";"B01";"2";"32";"0";"2";"1";"1";"1";""
"202100019872";"166Â 120";"A01";"1";"7";"0";"2";"7";"10";"1";""
"202100019873";"166Â 117";"A01";"3";"7";"0";"2";"6";"15";"1";""
"202100019873";"166Â 118";"B01";"3";"32";"0";"2";"1";"2";"1";""
"202100019874";"166Â 115";"A01";"2";"2";"0";"2";"1";"26";"3";""
"202100019874";"166Â 116";"B01";"1";"7";"0";"2";"0";"0";"1";""
"202100019875";"166Â 113";"B01";"2";"7";"0";"2";"3";"1";"1";""
"202100019875";"166Â 114";"A01";"1";"1";"0";"2";"3";"1";"5";""
"202100019876";"166Â 112";"A01";"1";"10";"0";"1";"2";"16";"1";""
"202100019877";"166Â 111";"A01";"0";"7";"0";"1";"1";"26";"1";""
"202100019878";"166Â 109";"A01";"2";"1";"0";"2";"1";"19";"5";""
"202100019878";"166Â 110";"B01";"2";"10";"0";"2";"1";"1";"1";""
"202100019879";"166Â 106";"B01";"1";"33";"0";"2";"3";"1";"1";""
"202100019879";"166Â 107";"A01";"2";"7";"0";"2";"3";"15";"2";""
"202100019880";"166Â 098";"B01";"2";"33";"1";"2";"2";"1";"1";""
"202100019880";"166Â 099";"A01";"1";"7";"1";"0";"1";"9";"1";""
"202100019881";"166Â 096";"A01";"0";"7";"0";"1";"1";"1";"1";""
"202100019882";"166Â 094";"A01";"0";"30";"0";"2";"1";"13";"1";""
"202100019882";"166Â 095";"B01";"0";"7";"0";"2";"1";"1";"1";""
"202100019883";"166Â 093";"A01";"1";"7";"0";"1";"1";"1";"1";""
"202100019884";"166Â 089";"B01";"3";"1";"0";"2";"0";"13";"0";""
"202100019884";"166Â 090";"A01";"2";"7";"0";"9";"1";"26";"1";""
"202100019885";"166Â 087";"A01";"1";"37";"0";"2";"2";"16";"1";"1"
"202100019885";"166Â 088";"B01";"1";"1";"0";"2";"1";"1";"5";""
"202100019886";"166Â 085";"B01";"3";"7";"0";"0";"4";"23";"1";""
"202100019886";"166Â 086";"A01";"3";"31";"0";"2";"1";"2";"1";""
"202100019887";"166Â 083";"B01";"0";"32";"0";"0";"0";"0";"1";""
"202100019887";"166Â 084";"A01";"0";"3";"0";"0";"0";"0";"1";""
"202100019888";"166Â 081";"A01";"1";"7";"0";"2";"2";"15";"1";""
"202100019888";"166Â 082";"B01";"1";"32";"0";"2";"2";"0";"1";""
"202100019889";"166Â 079";"Z01";"3";"33";"0";"2";"1";"13";"1";""
"202100019889";"166Â 080";"B01";"3";"7";"0";"2";"3";"1";"1";""
"202100019890";"166Â 078";"A01";"1";"7";"0";"1";"1";"1";"1";""
"202100019891";"166Â 077";"A01";"1";"3";"8";"1";"2";"26";"0";""
"202100019892";"166Â 075";"A01";"3";"7";"0";"2";"1";"1";"1";""
"202100019892";"166Â 076";"B01";"3";"7";"0";"2";"4";"2";"1";""
"202100019893";"166Â 073";"A01";"3";"7";"0";"2";"1";"2";"1";""
"202100019893";"166Â 074";"B01";"1";"7";"0";"2";"4";"2";"1";""
"202100019894";"166Â 072";"A01";"2";"30";"8";"1";"1";"12";"1";""
"202100019895";"166Â 070";"B01";"1";"33";"0";"2";"1";"2";"1";""
"202100019895";"166Â 071";"A01";"1";"7";"16";"0";"3";"10";"1";""
"202100019896";"166Â 068";"B01";"1";"10";"0";"0";"5";"1";"1";""
"202100019896";"166Â 069";"A01";"1";"33";"0";"2";"3";"21";"1";""
"202100019897";"166Â 067";"A01";"1";"7";"3";"0";"1";"14";"1";""
"202100019898";"166Â 065";"B01";"2";"80";"0";"2";"7";"1";"3";""
"202100019898";"166Â 066";"A01";"2";"10";"0";"2";"8";"22";"1";""
"202100019899";"166Â 063";"A01";"1";"1";"0";"2";"4";"2";"5";""
"202100019899";"166Â 064";"Z01";"1";"7";"0";"2";"2";"2";"1";""
"202100019900";"166Â 059";"A01";"1";"7";"0";"2";"1";"1";"2";""
"202100019900";"166Â 060";"B01";"1";"7";"0";"2";"4";"1";"1";""
"202100019900";"166Â 061";"C01";"1";"7";"0";"2";"5";"1";"1";""
"202100019900";"166Â 062";"D01";"1";"7";"0";"2";"5";"24";"1";""
"202100019901";"166Â 057";"B01";"1";"7";"0";"2";"7";"1";"1";""
"202100019901";"166Â 058";"A01";"0";"7";"0";"2";"2";"5";"1";""
"202100019902";"166Â 056";"A01";"1";"80";"12";"0";"2";"12";"3";""
"202100019903";"166Â 054";"B01";"2";"1";"0";"2";"0";"1";"5";""
"202100019903";"166Â 055";"A01";"2";"13";"0";"2";"0";"13";"1";""
"202100019904";"166Â 053";"A01";"1";"30";"0";"0";"0";"21";"3";""
"202100019905";"166Â 050";"A01";"1";"7";"0";"2";"3";"2";"1";""
"202100019905";"166Â 051";"B01";"1";"32";"0";"2";"4";"23";"1";""
"202100019905";"166Â 052";"C01";"1";"7";"0";"2";"4";"23";"1";""
"202100019906";"166Â 048";"A01";"1";"10";"0";"2";"4";"12";"1";""
"202100019906";"166Â 049";"B01";"1";"33";"0";"2";"1";"1";"1";""
"202100019907";"166Â 046";"A01";"1";"7";"0";"2";"1";"1";"1";""
"202100019907";"166Â 047";"[01";"1";"7";"0";"2";"6";"11";"0";""
"202100019908";"166Â 044";"A01";"1";"10";"0";"2";"3";"11";"1";""
"202100019908";"166Â 045";"B01";"1";"32";"0";"2";"2";"1";"1";""
"202100019909";"166Â 043";"A01";"2";"32";"0";"0";"0";"1";"1";""
"202100019910";"166Â 041";"B01";"1";"80";"8";"2";"7";"17";"3";""
"202100019910";"166Â 042";"A01";"1";"80";"8";"2";"8";"13";"3";""
"202100019911";"166Â 040";"A01";"2";"32";"0";"1";"7";"21";"1";""
"202100019912";"166Â 038";"B01";"1";"7";"0";"2";"4";"1";"1";""
"202100019912";"166Â 039";"A01";"1";"7";"0";"2";"1";"2";"1";""
"202100019913";"166Â 036";"A01";"1";"7";"14";"2";"1";"16";"1";""
"202100019913";"166Â 037";"B01";"1";"7";"1";"2";"1";"17";"1";""
"202100019914";"166Â 034";"B01";"2";"80";"0";"2";"5";"1";"3";""
"202100019914";"166Â 035";"A01";"2";"7";"0";"2";"3";"1";"1";""
"202100019915";"166Â 033";"A01";"1";"7";"0";"1";"7";"1";"1";""
"202100019916";"166Â 032";"A01";"1";"37";"0";"1";"1";"1";"1";"1"
"202100019917";"166Â 030";"B01";"2";"15";"0";"2";"2";"1";"1";""
"202100019917";"166Â 031";"A01";"2";"7";"0";"2";"8";"9";"1";""
"202100019918";"166Â 029";"A01";"3";"7";"0";"1";"1";"1";"1";""
"202100019919";"166Â 028";"A01";"2";"32";"0";"0";"3";"26";"1";""
"202100019920";"166Â 026";"B01";"1";"34";"0";"2";"2";"17";"1";""
"202100019920";"166Â 027";"Z01";"3";"7";"0";"0";"0";"0";"0";""
"202100019921";"166Â 023";"A01";"3";"7";"0";"2";"3";"9";"1";""
"202100019921";"166Â 024";"B01";"3";"32";"0";"2";"1";"17";"1";""
"202100019921";"166Â 025";"C01";"3";"7";"0";"2";"1";"5";"1";""
"202100019922";"166Â 021";"A01";"3";"7";"0";"2";"7";"1";"1";""
"202100019922";"166Â 022";"B01";"3";"7";"0";"2";"3";"1";"1";""
"202100019923";"166Â 019";"A01";"3";"7";"0";"2";"3";"19";"1";""
"202100019923";"166Â 020";"B01";"3";"7";"0";"2";"8";"15";"1";""
"202100019924";"166Â 018";"A01";"3";"7";"0";"1";"2";"1";"1";""
"202100019925";"166Â 015";"C01";"2";"7";"0";"2";"8";"0";"1";""
"202100019925";"166Â 016";"B01";"2";"7";"8";"2";"7";"0";"2";""
"202100019925";"166Â 017";"A01";"2";"7";"0";"2";"8";"11";"1";""
"202100019926";"166Â 014";"A01";"2";"7";"1";"1";"1";"1";"0";""
"202100019927";"166Â 012";"B01";"0";"31";"0";"2";"1";"1";"1";""
"202100019927";"166Â 013";"A01";"0";"7";"0";"2";"2";"15";"1";""
"202100019928";"166Â 010";"B01";"3";"30";"0";"2";"3";"9";"0";""
"202100019928";"166Â 011";"A01";"3";"7";"0";"2";"0";"9";"0";""
"202100019929";"166Â 009";"A01";"1";"1";"0";"1";"2";"1";"5";""
"202100019930";"166Â 007";"A01";"1";"33";"0";"2";"2";"17";"1";""
"202100019930";"166Â 008";"B01";"1";"7";"0";"2";"3";"15";"1";""
"202100019931";"166Â 005";"B01";"1";"7";"0";"2";"2";"1";"1";""
"202100019931";"166Â 006";"A01";"1";"10";"0";"2";"2";"9";"1";""
"202100019932";"166Â 004";"A01";"1";"32";"0";"0";"8";"26";"1";""
"202100019933";"166Â 003";"A01";"2";"30";"0";"1";"1";"1";"1";""
"202100019934";"166Â 001";"B01";"2";"7";"0";"2";"3";"9";"1";""
"202100019934";"166Â 002";"A01";"2";"30";"1";"2";"2";"17";"1";""
"202100019935";"165Â 999";"A01";"2";"32";"0";"2";"7";"17";"1";""
"202100019935";"166Â 000";"B01";"2";"7";"0";"2";"1";"15";"1";""
"202100019936";"165Â 997";"A01";"0";"7";"8";"2";"3";"0";"1";""
"202100019936";"165Â 998";"B01";"0";"7";"8";"2";"1";"0";"1";""
"202100019937";"165Â 995";"A01";"0";"7";"0";"2";"3";"13";"1";""
"202100019937";"165Â 996";"B01";"0";"7";"0";"2";"3";"1";"1";""
"202100019938";"165Â 993";"B01";"1";"7";"0";"2";"3";"1";"1";""
"202100019938";"165Â 994";"A01";"2";"7";"0";"2";"1";"13";"1";""
"202100019939";"165Â 991";"B01";"2";"10";"0";"2";"1";"1";"1";""
"202100019939";"165Â 992";"A01";"3";"7";"0";"2";"8";"15";"1";""
"202100019940";"165Â 989";"A01";"1";"7";"0";"2";"1";"1";"1";""
"202100019940";"165Â 990";"B01";"2";"7";"0";"2";"1";"13";"1";""
"202100019941";"165Â 987";"A01";"1";"10";"0";"9";"3";"13";"1";""
"202100019941";"165Â 988";"B01";"1";"1";"0";"2";"1";"1";"5";""
"202100019942";"165Â 986";"A01";"1";"7";"2";"0";"1";"1";"1";""
"202100019943";"165Â 984";"A01";"0";"7";"0";"2";"8";"1";"1";""
"202100019943";"165Â 985";"B01";"3";"7";"0";"2";"1";"0";"1";""
"202100019944";"165Â 982";"A01";"1";"7";"0";"2";"3";"1";"1";""
"202100019944";"165Â 983";"B01";"2";"7";"0";"2";"2";"15";"1";""
"202100019945";"165Â 981";"A01";"2";"7";"4";"0";"1";"2";"1";""
"202100019946";"165Â 979";"A01";"1";"14";"0";"2";"1";"1";"1";""
"202100019946";"165Â 980";"B01";"1";"7";"0";"2";"4";"1";"1";""
"202100019947";"165Â 978";"A01";"2";"7";"0";"1";"2";"1";"1";""
"202100019948";"165Â 977";"A01";"3";"33";"13";"0";"1";"1";"1";""
"202100019949";"165Â 976";"A01";"1";"33";"13";"0";"1";"14";"1";""
"202100019950";"165Â 974";"B01";"3";"1";"0";"2";"1";"0";"5";""
"202100019950";"165Â 975";"A01";"3";"7";"0";"2";"1";"1";"1";""
"202100019951";"165Â 972";"A01";"1";"33";"0";"2";"1";"1";"1";""
"202100019951";"165Â 973";"B01";"3";"7";"0";"2";"3";"15";"1";""
"202100019952";"165Â 970";"A01";"0";"7";"0";"2";"2";"1";"1";""
"202100019952";"165Â 971";"B01";"0";"7";"0";"2";"3";"1";"1";""
"202100019953";"165Â 969";"A01";"1";"7";"2";"0";"1";"1";"1";""
"202100019954";"165Â 966";"C01";"2";"7";"0";"2";"1";"1";"1";""
"202100019954";"165Â 967";"B01";"2";"7";"0";"2";"3";"1";"1";""
"202100019954";"165Â 968";"A01";"1";"10";"0";"2";"3";"5";"1";""
"202100019955";"165Â 965";"A01";"1";"33";"3";"0";"9";"1";"1";""
"202100019956";"165Â 964";"A01";"1";"33";"3";"0";"0";"1";"1";""
"202100019957";"165Â 961";"B01";"1";"7";"0";"2";"1";"1";"1";""
"202100019957";"165Â 962";"A01";"2";"7";"0";"2";"1";"13";"1";""
"202100019957";"165Â 963";"C01";"1";"7";"0";"2";"1";"2";"2";""
"202100019958";"165Â 960";"A01";"1";"7";"6";"0";"1";"0";"1";""
"202100019959";"165Â 959";"A01";"2";"2";"0";"0";"7";"1";"1";""
"202100019960";"165Â 955";"C01";"2";"7";"0";"2";"1";"1";"1";""
"202100019960";"165Â 956";"B01";"2";"7";"0";"2";"3";"1";"1";""
"202100019960";"165Â 957";"A01";"1";"7";"0";"2";"1";"13";"1";""
"202100019961";"165Â 953";"B01";"1";"7";"0";"2";"8";"1";"1";""
"202100019961";"165Â 954";"A01";"1";"2";"0";"2";"7";"15";"1";""
"202100019962";"165Â 951";"A01";"3";"31";"0";"2";"3";"1";"1";""
"202100019962";"165Â 952";"B01";"0";"7";"0";"2";"3";"1";"3";""
"202100019963";"165Â 950";"A01";"2";"33";"13";"0";"1";"11";"1";""
"202100019964";"165Â 949";"A01";"2";"1";"9";"0";"1";"1";"5";""
"202100019965";"165Â 947";"A01";"2";"7";"2";"2";"8";"13";"1";""
"202100019965";"165Â 948";"B01";"1";"33";"0";"2";"1";"1";"1";""
"202100019966";"165Â 946";"A01";"3";"21";"0";"0";"9";"1";"1";""
"202100019967";"165Â 944";"A01";"2";"7";"0";"2";"1";"1";"1";""
"202100019967";"165Â 945";"B01";"2";"7";"0";"2";"1";"13";"1";""
"202100019968";"165Â 943";"A01";"1";"10";"2";"0";"2";"14";"1";""
"202100019969";"165Â 941";"A01";"1";"7";"0";"2";"3";"13";"1";""
"202100019969";"165Â 942";"B01";"2";"7";"0";"2";"3";"1";"0";""
"202100019970";"165Â 939";"B01";"2";"7";"0";"2";"1";"1";"1";""
"202100019970";"165Â 940";"A01";"1";"7";"0";"2";"1";"13";"1";""
"202100019971";"165Â 937";"B01";"2";"31";"0";"0";"3";"21";"1";""
"202100019971";"165Â 938";"A01";"3";"7";"0";"0";"0";"15";"1";""
"202100019972";"165Â 935";"A01";"2";"7";"0";"2";"2";"1";"1";""
"202100019972";"165Â 936";"B01";"1";"7";"0";"2";"2";"15";"1";""
"202100019973";"165Â 931";"A01";"2";"7";"0";"2";"1";"17";"1";""
"202100019973";"165Â 932";"B01";"1";"7";"0";"2";"2";"1";"1";""
"202100019974";"165Â 929";"B01";"3";"2";"0";"2";"7";"1";"1";""