"Num_Acc";"id_vehicule";"num_veh";"senc";"catv";"obs";"obsm";"choc";"manv";"motor";"occutc"
"202100019974";"165Â 930";"A01";"3";"7";"0";"2";"2";"9";"2";""
"202100019975";"165Â 927";"A01";"2";"17";"0";"2";"2";"12";"1";""
"202100019975";"165Â 928";"B01";"2";"7";"0";"0";"8";"1";"1";""
"202100019976";"165Â 926";"A01";"1";"7";"0";"1";"3";"1";"2";""
"202100019977";"165Â 925";"A01";"1";"2";"13";"0";"2";"0";"1";""
"202100019978";"165Â 923";"B01";"1";"7";"0";"0";"0";"15";"0";""
"202100019978";"165Â 924";"A01";"2";"36";"3";"0";"2";"1";"1";""
"202100019979";"165Â 918";"C01";"1";"7";"0";"0";"0";"23";"0";""
"202100019979";"165Â 919";"B01";"1";"7";"0";"2";"1";"23";"0";""
"202100019979";"165Â 920";"E01";"1";"7";"0";"0";"0";"23";"0";""
"202100019979";"165Â 921";"D01";"1";"7";"1";"2";"1";"1";"0";""
"202100019979";"165Â 922";"A01";"1";"7";"0";"0";"4";"23";"0";""
"202100019980";"165Â 916";"B01";"1";"10";"0";"0";"6";"24";"1";""
"202100019980";"165Â 917";"A01";"1";"17";"0";"2";"5";"21";"1";""
"202100019981";"165Â 915";"A01";"1";"17";"3";"0";"7";"14";"1";""
"202100019982";"165Â 914";"A01";"1";"10";"13";"0";"0";"14";"1";""
"202100019983";"165Â 912";"A01";"2";"7";"0";"2";"2";"5";"1";""
"202100019983";"165Â 913";"B01";"1";"33";"0";"2";"1";"1";"1";""
"202100019984";"165Â 910";"B01";"2";"7";"0";"2";"1";"2";"1";""
"202100019984";"165Â 911";"A01";"2";"10";"0";"2";"4";"2";"1";""
"202100019985";"165Â 908";"A01";"1";"7";"0";"0";"0";"15";"1";""
"202100019985";"165Â 909";"B01";"1";"2";"8";"0";"1";"1";"1";""
"202100019986";"165Â 907";"A01";"1";"33";"3";"0";"8";"1";"1";""
"202100019987";"165Â 906";"A01";"1";"10";"0";"0";"7";"26";"1";""
"202100019988";"165Â 904";"B01";"1";"31";"0";"2";"0";"1";"1";""
"202100019988";"165Â 905";"A01";"1";"7";"0";"2";"1";"12";"1";""
"202100019989";"165Â 902";"B01";"3";"10";"7";"2";"1";"1";"1";""
"202100019989";"165Â 903";"A01";"3";"7";"0";"2";"8";"9";"1";""
"202100019990";"165Â 900";"B01";"2";"7";"4";"2";"4";"2";"1";""
"202100019990";"165Â 901";"A01";"2";"7";"0";"2";"1";"2";"1";""
"202100019991";"165Â 898";"A01";"2";"2";"0";"0";"1";"1";"1";""
"202100019992";"165Â 896";"B01";"3";"10";"0";"2";"2";"15";"1";""
"202100019992";"165Â 897";"A01";"1";"7";"0";"2";"1";"1";"1";""
"202100019993";"165Â 895";"A01";"1";"10";"0";"1";"2";"1";"1";""
"202100019994";"165Â 893";"A01";"3";"7";"0";"1";"4";"4";"1";""
"202100019995";"165Â 892";"A01";"2";"33";"11";"9";"1";"1";"1";""
"202100019996";"165Â 889";"B01";"2";"33";"0";"2";"4";"23";"1";""
"202100019996";"165Â 890";"A01";"2";"7";"0";"0";"6";"1";"1";""
"202100019996";"165Â 891";"C01";"2";"31";"0";"2";"9";"17";"1";""
"202100019997";"165Â 888";"A01";"1";"31";"0";"0";"0";"0";"1";""
"202100019998";"165Â 887";"A01";"2";"7";"8";"0";"1";"0";"1";""
"202100019999";"165Â 886";"A01";"1";"10";"2";"0";"1";"15";"1";""
"202100020000";"165Â 884";"A01";"2";"43";"0";"2";"1";"17";"1";""
"202100020000";"165Â 885";"B01";"2";"7";"0";"9";"6";"15";"1";""
"202100020001";"165Â 882";"B01";"3";"30";"0";"0";"1";"15";"1";""
"202100020001";"165Â 883";"A01";"0";"7";"0";"0";"2";"17";"1";""
"202100020002";"165Â 881";"A01";"1";"7";"13";"0";"3";"1";"1";""
"202100020003";"165Â 879";"A01";"1";"7";"0";"2";"1";"1";"1";""
"202100020003";"165Â 880";"B01";"1";"7";"0";"2";"2";"26";"1";""
"202100020004";"165Â 877";"B01";"0";"21";"0";"2";"1";"1";"1";""
"202100020004";"165Â 878";"A01";"0";"7";"0";"2";"4";"1";"1";""
"202100020005";"165Â 876";"A01";"2";"7";"0";"1";"3";"1";"1";""
"202100020006";"165Â 875";"A01";"2";"33";"0";"0";"8";"3";"1";""
"202100020007";"165Â 871";"D01";"0";"10";"0";"2";"1";"2";"3";""
"202100020007";"165Â 872";"A01";"1";"10";"0";"2";"4";"2";"1";""
"202100020007";"165Â 873";"B01";"1";"7";"0";"2";"4";"2";"1";""
"202100020007";"165Â 874";"C01";"1";"7";"0";"2";"4";"2";"1";""
"202100020008";"165Â 866";"C01";"2";"7";"0";"2";"1";"1";"1";""
"202100020008";"165Â 867";"D01";"2";"7";"0";"2";"1";"1";"1";""
"202100020008";"165Â 868";"E01";"2";"7";"0";"2";"1";"1";"1";""
"202100020008";"165Â 869";"A01";"2";"7";"0";"2";"4";"1";"1";""
"202100020008";"165Â 870";"B01";"2";"7";"0";"2";"1";"1";"1";""
"202100020009";"165Â 864";"A01";"1";"10";"13";"2";"9";"18";"1";""
"202100020009";"165Â 865";"B01";"1";"7";"0";"2";"4";"1";"1";""
"202100020010";"165Â 862";"A01";"1";"7";"0";"2";"1";"2";"1";""
"202100020010";"165Â 863";"B01";"1";"7";"0";"2";"4";"2";"1";""
"202100020011";"165Â 859";"A01";"1";"7";"0";"2";"1";"2";"1";""
"202100020011";"165Â 860";"C01";"1";"7";"0";"2";"4";"2";"1";""
"202100020011";"165Â 861";"B01";"1";"10";"0";"2";"4";"2";"1";""
"202100020012";"165Â 856";"A01";"2";"7";"0";"2";"7";"1";"1";""
"202100020012";"165Â 857";"B01";"2";"34";"0";"2";"8";"3";"1";""
"202100020012";"165Â 858";"C01";"2";"7";"0";"2";"4";"1";"1";""
"202100020013";"165Â 854";"A01";"2";"10";"0";"2";"8";"11";"1";""
"202100020013";"165Â 855";"B01";"2";"33";"0";"2";"2";"3";"1";""
"202100020014";"165Â 852";"A01";"2";"7";"0";"2";"1";"2";"1";""
"202100020014";"165Â 853";"B01";"2";"7";"0";"2";"1";"2";"1";""
"202100020015";"165Â 850";"B01";"2";"33";"0";"2";"8";"3";"1";""
"202100020015";"165Â 851";"A01";"2";"7";"0";"2";"7";"12";"1";""
"202100020016";"165Â 848";"B01";"2";"7";"0";"2";"4";"2";"1";""
"202100020016";"165Â 849";"A01";"2";"15";"0";"2";"1";"23";"1";""
"202100020017";"165Â 847";"A01";"1";"7";"4";"0";"1";"1";"1";""
"202100020018";"165Â 846";"A01";"1";"33";"16";"0";"0";"2";"1";""
"202100020019";"165Â 843";"A01";"1";"7";"0";"2";"1";"12";"1";""
"202100020019";"165Â 844";"B01";"1";"7";"0";"2";"4";"0";"1";""
"202100020019";"165Â 845";"C01";"1";"7";"0";"2";"4";"2";"1";""
"202100020020";"165Â 840";"C01";"1";"7";"0";"2";"5";"2";"1";""
"202100020020";"165Â 841";"B01";"1";"7";"0";"2";"4";"2";"1";""
"202100020020";"165Â 842";"A01";"1";"7";"0";"2";"1";"1";"1";""
"202100020021";"165Â 838";"A01";"1";"10";"0";"2";"4";"2";"1";""
"202100020021";"165Â 839";"B01";"1";"7";"4";"2";"4";"2";"1";""
"202100020022";"165Â 836";"A01";"2";"7";"0";"2";"4";"1";"1";""
"202100020022";"165Â 837";"Z01";"2";"7";"0";"2";"1";"1";"1";""
"202100020023";"165Â 834";"A01";"2";"17";"0";"2";"1";"1";"1";""
"202100020023";"165Â 835";"B01";"2";"14";"0";"2";"4";"1";"1";""
"202100020024";"165Â 831";"C01";"2";"7";"0";"2";"4";"2";"1";""
"202100020024";"165Â 832";"A01";"2";"7";"0";"2";"1";"1";"1";""
"202100020024";"165Â 833";"B01";"2";"7";"0";"2";"4";"2";"1";""
"202100020025";"165Â 830";"A01";"2";"33";"13";"0";"7";"1";"1";""
"202100020026";"165Â 828";"B01";"1";"7";"0";"2";"6";"1";"1";""
"202100020026";"165Â 829";"A01";"1";"7";"0";"2";"2";"14";"1";""
"202100020027";"165Â 826";"B01";"1";"10";"0";"2";"7";"12";"1";""
"202100020027";"165Â 827";"A01";"1";"7";"0";"2";"8";"0";"1";""
"202100020028";"165Â 824";"A01";"2";"7";"0";"2";"3";"19";"1";""
"202100020028";"165Â 825";"B01";"2";"33";"0";"2";"1";"1";"1";""
"202100020029";"165Â 823";"A01";"1";"7";"0";"1";"1";"1";"1";""
"202100020030";"165Â 822";"A01";"3";"7";"0";"1";"2";"1";"1";""
"202100020031";"165Â 821";"A01";"2";"7";"0";"1";"1";"1";"1";""
"202100020032";"165Â 820";"Z01";"2";"30";"0";"1";"0";"1";"1";""
"202100020033";"165Â 818";"A01";"1";"7";"0";"1";"8";"1";"1";""
"202100020034";"165Â 816";"B01";"2";"7";"0";"2";"1";"5";"1";""
"202100020034";"165Â 817";"A01";"1";"7";"0";"2";"1";"5";"1";""
"202100020035";"165Â 814";"A01";"2";"7";"0";"2";"2";"1";"1";""
"202100020035";"165Â 815";"B01";"1";"7";"0";"2";"1";"16";"1";""
"202100020036";"165Â 813";"A01";"1";"30";"0";"0";"0";"0";"1";""
"202100020037";"165Â 812";"A01";"3";"30";"0";"1";"1";"17";"1";""
"202100020038";"165Â 810";"A01";"3";"7";"15";"0";"1";"15";"1";""
"202100020038";"165Â 811";"B01";"3";"31";"15";"0";"7";"15";"1";""
"202100020039";"165Â 808";"B01";"3";"31";"0";"2";"1";"1";"1";""
"202100020039";"165Â 809";"A01";"3";"10";"0";"2";"8";"1";"1";""
"202100020040";"165Â 806";"A01";"1";"32";"0";"2";"1";"7";"1";""
"202100020040";"165Â 807";"B01";"1";"7";"0";"2";"2";"16";"1";""
"202100020041";"165Â 804";"A01";"2";"10";"0";"9";"5";"26";"1";""
"202100020041";"165Â 805";"B01";"2";"50";"0";"2";"1";"2";"3";""
"202100020042";"165Â 802";"B01";"2";"50";"0";"2";"1";"17";"3";""
"202100020042";"165Â 803";"A01";"2";"1";"0";"2";"8";"15";"5";""
"202100020043";"165Â 801";"A01";"2";"7";"0";"1";"1";"15";"1";""
"202100020044";"165Â 799";"A01";"1";"7";"0";"9";"1";"1";"1";""
"202100020044";"165Â 800";"B01";"3";"99";"0";"2";"0";"19";"5";""
"202100020045";"165Â 797";"Z01";"1";"60";"0";"2";"0";"0";"5";""
"202100020045";"165Â 798";"B01";"2";"80";"0";"2";"8";"1";"3";""
"202100020046";"165Â 795";"B01";"3";"10";"0";"2";"4";"1";"1";""
"202100020046";"165Â 796";"A01";"3";"10";"0";"2";"1";"2";"1";""
"202100020047";"165Â 793";"A01";"1";"7";"0";"2";"3";"2";"1";""
"202100020047";"165Â 794";"B01";"1";"7";"0";"2";"5";"2";"1";""
"202100020048";"165Â 791";"B01";"1";"7";"0";"2";"8";"20";"1";""
"202100020048";"165Â 792";"A01";"1";"2";"0";"2";"3";"17";"1";""
"202100020049";"165Â 789";"B01";"2";"7";"0";"0";"4";"2";"1";""
"202100020049";"165Â 790";"A01";"2";"10";"0";"2";"1";"2";"1";""
"202100020050";"165Â 787";"B01";"2";"7";"0";"2";"6";"0";"1";""
"202100020050";"165Â 788";"A01";"2";"1";"1";"0";"3";"5";"5";""
"202100020051";"165Â 785";"A01";"3";"7";"0";"2";"1";"1";"1";""
"202100020051";"165Â 786";"B01";"3";"7";"0";"2";"5";"2";"1";""
"202100020052";"165Â 784";"A01";"3";"7";"0";"1";"8";"1";"1";""
"202100020053";"165Â 782";"B01";"3";"2";"0";"2";"2";"17";"1";""
"202100020053";"165Â 783";"A01";"3";"10";"0";"2";"3";"15";"1";""
"202100020054";"165Â 779";"A01";"1";"7";"0";"2";"5";"15";"1";""
"202100020054";"165Â 780";"B01";"2";"33";"0";"2";"7";"1";"1";""
"202100020054";"165Â 781";"C01";"2";"7";"0";"2";"5";"2";"1";""
"202100020055";"165Â 778";"A01";"1";"7";"0";"1";"1";"15";"1";""
"202100020056";"165Â 776";"B01";"2";"7";"0";"2";"0";"0";"1";""
"202100020056";"165Â 777";"A01";"2";"7";"0";"2";"1";"1";"1";""
"202100020057";"165Â 774";"A01";"0";"10";"0";"2";"1";"19";"1";""
"202100020057";"165Â 775";"B01";"0";"10";"0";"2";"1";"1";"1";""
"202100020058";"165Â 770";"A01";"1";"33";"14";"2";"8";"17";"1";""
"202100020058";"165Â 771";"B01";"1";"30";"15";"2";"2";"1";"1";""
"202100020059";"165Â 769";"A01";"1";"30";"0";"0";"0";"26";"1";""
"202100020060";"165Â 767";"A01";"2";"33";"0";"2";"1";"16";"1";""
"202100020060";"165Â 768";"B01";"1";"7";"0";"2";"8";"1";"2";""
"202100020061";"165Â 765";"Z01";"1";"7";"1";"2";"0";"0";"0";""
"202100020061";"165Â 766";"B01";"2";"33";"1";"2";"1";"1";"1";""
"202100020062";"165Â 763";"B01";"2";"1";"0";"2";"6";"2";"0";""
"202100020062";"165Â 764";"A01";"2";"7";"0";"2";"2";"17";"1";""
"202100020063";"165Â 761";"B01";"2";"7";"0";"2";"3";"15";"1";""
"202100020063";"165Â 762";"A01";"2";"30";"0";"2";"1";"17";"1";""
"202100020064";"165Â 760";"A01";"2";"10";"0";"1";"2";"16";"1";""
"202100020065";"165Â 758";"A01";"1";"7";"0";"2";"3";"15";"0";""
"202100020065";"165Â 759";"B01";"1";"31";"0";"2";"3";"1";"0";""
"202100020066";"165Â 757";"A01";"2";"7";"2";"0";"1";"14";"1";""
"202100020067";"165Â 755";"B01";"3";"33";"9";"2";"1";"1";"1";""
"202100020067";"165Â 756";"A01";"3";"7";"9";"2";"6";"1";"1";""
"202100020068";"165Â 754";"A01";"1";"7";"1";"1";"0";"15";"1";""
"202100020069";"165Â 752";"B01";"2";"33";"0";"2";"2";"1";"1";""
"202100020069";"165Â 753";"A01";"2";"7";"0";"2";"8";"9";"1";""
"202100020070";"165Â 751";"A01";"2";"7";"0";"1";"3";"1";"1";""
"202100020071";"165Â 749";"B01";"1";"1";"0";"2";"1";"1";"0";""
"202100020071";"165Â 750";"A01";"1";"7";"0";"2";"2";"15";"1";""
"202100020072";"165Â 748";"A01";"3";"34";"0";"1";"1";"11";"1";""
"202100020073";"165Â 746";"B01";"0";"31";"0";"2";"8";"15";"1";""
"202100020073";"165Â 747";"A01";"0";"7";"0";"2";"3";"15";"1";""
"202100020074";"165Â 744";"B01";"1";"7";"0";"2";"3";"26";"1";""
"202100020074";"165Â 745";"A01";"1";"10";"0";"2";"2";"16";"1";""
"202100020075";"165Â 742";"A01";"2";"7";"0";"2";"1";"15";"1";""
"202100020075";"165Â 743";"B01";"1";"33";"0";"2";"1";"1";"1";""
"202100020076";"165Â 739";"A01";"3";"50";"0";"0";"0";"26";"3";""
"202100020077";"165Â 738";"A01";"1";"7";"0";"1";"1";"1";"1";""
"202100020078";"165Â 736";"B01";"1";"7";"0";"2";"5";"1";"1";""
"202100020078";"165Â 737";"A01";"1";"7";"0";"2";"1";"1";"1";""
"202100020079";"165Â 733";"C01";"1";"37";"0";"2";"6";"23";"1";"1"
"202100020079";"165Â 734";"B01";"1";"7";"0";"2";"4";"23";"1";""
"202100020079";"165Â 735";"A01";"1";"7";"0";"2";"1";"1";"1";""
"202100020080";"165Â 730";"A01";"3";"17";"0";"2";"1";"2";"1";""
"202100020080";"165Â 731";"C01";"3";"7";"0";"2";"4";"23";"1";""
"202100020080";"165Â 732";"B01";"3";"7";"0";"2";"4";"23";"1";""
"202100020081";"165Â 729";"A01";"1";"7";"0";"1";"3";"15";"1";""
"202100020082";"165Â 726";"A01";"0";"7";"3";"0";"1";"1";"1";""
"202100020083";"165Â 724";"A01";"3";"7";"0";"2";"2";"1";"1";""
"202100020083";"165Â 725";"B01";"3";"1";"0";"2";"1";"19";"5";""
"202100020084";"165Â 722";"A01";"1";"7";"0";"2";"1";"15";"1";""
"202100020084";"165Â 723";"B01";"2";"7";"0";"2";"1";"1";"1";""
"202100020085";"165Â 720";"A01";"3";"7";"0";"2";"3";"15";"1";""
"202100020085";"165Â 721";"B01";"3";"2";"0";"2";"1";"17";"0";""
"202100020086";"165Â 718";"B01";"1";"17";"0";"2";"1";"1";"1";""
"202100020086";"165Â 719";"A01";"1";"7";"0";"2";"1";"0";"1";""
"202100020087";"165Â 717";"A01";"1";"10";"0";"1";"6";"25";"0";""
"202100020088";"165Â 715";"A01";"3";"7";"0";"2";"1";"1";"1";""
"202100020088";"165Â 716";"B01";"3";"7";"0";"0";"5";"13";"1";""
"202100020089";"165Â 714";"A01";"0";"7";"9";"0";"2";"1";"1";""
"202100020090";"165Â 713";"A01";"1";"33";"0";"1";"8";"1";"1";""
"202100020091";"165Â 712";"A01";"3";"7";"0";"1";"2";"1";"1";""
"202100020092";"165Â 710";"A01";"3";"7";"0";"2";"7";"15";"1";""
"202100020092";"165Â 711";"B01";"3";"50";"0";"0";"1";"0";"3";""
"202100020093";"165Â 709";"A01";"1";"7";"0";"1";"4";"26";"1";""
"202100020094";"165Â 708";"A01";"2";"7";"2";"0";"7";"14";"1";""
"202100020095";"165Â 706";"A01";"2";"31";"0";"2";"3";"12";"1";""
"202100020095";"165Â 707";"B01";"2";"7";"0";"2";"5";"2";"1";""
"202100020096";"165Â 703";"A01";"3";"32";"0";"2";"2";"13";"1";""
"202100020096";"165Â 704";"B01";"1";"7";"0";"2";"6";"2";"2";""
"202100020096";"165Â 705";"C01";"3";"32";"0";"2";"1";"3";"1";""
"202100020097";"165Â 701";"Z01";"0";"7";"0";"2";"2";"12";"0";""
"202100020097";"165Â 702";"A01";"3";"31";"0";"2";"5";"3";"1";""
"202100020098";"165Â 699";"A01";"2";"30";"0";"2";"4";"23";"3";""
"202100020098";"165Â 700";"B01";"2";"10";"0";"2";"1";"1";"1";""
"202100020099";"165Â 697";"A01";"2";"32";"0";"2";"1";"2";"1";""
"202100020099";"165Â 698";"B01";"2";"7";"0";"2";"6";"2";"2";""
"202100020100";"165Â 695";"A01";"1";"7";"0";"2";"1";"1";"1";""
"202100020100";"165Â 696";"B01";"2";"1";"0";"2";"1";"13";"5";""
"202100020101";"165Â 694";"Z01";"1";"7";"0";"1";"0";"1";"0";""
"202100020102";"165Â 692";"A01";"3";"13";"0";"2";"0";"14";"1";""
"202100020102";"165Â 693";"B01";"3";"30";"0";"2";"0";"1";"3";""
"202100020103";"165Â 690";"A01";"0";"33";"0";"2";"1";"16";"1";""
"202100020103";"165Â 691";"B01";"3";"80";"0";"2";"2";"1";"3";""
"202100020104";"165Â 689";"A01";"0";"1";"0";"1";"2";"5";"5";""
"202100020105";"165Â 687";"A01";"2";"1";"0";"2";"3";"1";"5";""
"202100020105";"165Â 688";"B01";"2";"7";"0";"2";"0";"1";"2";""
"202100020106";"165Â 685";"Z01";"2";"10";"0";"2";"2";"16";"1";""
"202100020106";"165Â 686";"A01";"2";"50";"0";"2";"8";"1";"3";""
"202100020107";"165Â 683";"B01";"1";"7";"0";"0";"5";"9";"1";""
"202100020107";"165Â 684";"A01";"1";"33";"0";"2";"3";"9";"1";""
"202100020108";"165Â 681";"Z01";"1";"30";"0";"2";"0";"1";"0";""
"202100020108";"165Â 682";"A01";"1";"1";"0";"2";"8";"1";"5";""
"202100020109";"165Â 680";"Z01";"2";"30";"0";"1";"0";"1";"0";""
"202100020110";"165Â 678";"B01";"2";"80";"0";"2";"1";"1";"3";""
"202100020110";"165Â 679";"A01";"2";"7";"0";"2";"3";"22";"1";""
"202100020111";"165Â 676";"Z01";"2";"7";"0";"2";"4";"10";"0";""
"202100020111";"165Â 677";"A01";"1";"50";"0";"2";"1";"1";"3";""
"202100020112";"165Â 674";"A01";"2";"31";"0";"2";"1";"18";"3";""
"202100020112";"165Â 675";"B01";"2";"10";"0";"2";"2";"16";"3";""
"202100020113";"165Â 673";"A01";"2";"80";"12";"0";"7";"14";"3";""
"202100020114";"165Â 671";"B01";"1";"7";"0";"2";"2";"16";"1";""
"202100020114";"165Â 672";"A01";"1";"30";"0";"2";"1";"18";"1";""
"202100020115";"165Â 670";"A01";"1";"7";"0";"1";"1";"1";"1";""
"202100020116";"165Â 669";"A01";"2";"32";"1";"0";"2";"21";"1";""
"202100020117";"165Â 665";"A01";"1";"7";"0";"0";"8";"22";"1";""
"202100020117";"165Â 666";"B01";"1";"1";"1";"0";"3";"17";"5";""
"202100020118";"165Â 664";"A01";"3";"10";"0";"1";"0";"0";"1";""
"202100020119";"165Â 662";"B01";"1";"1";"0";"2";"1";"1";"5";""
"202100020119";"165Â 663";"A01";"1";"7";"0";"2";"3";"1";"1";""
"202100020120";"165Â 661";"A01";"3";"7";"0";"1";"1";"1";"1";""
"202100020121";"165Â 660";"A01";"3";"2";"0";"0";"0";"1";"1";""
"202100020122";"165Â 658";"B01";"1";"7";"0";"2";"4";"2";"1";""
"202100020122";"165Â 659";"A01";"1";"7";"0";"2";"1";"1";"1";""
"202100020123";"165Â 656";"B01";"3";"50";"0";"2";"1";"19";"3";""
"202100020123";"165Â 657";"A01";"2";"7";"0";"2";"3";"1";"1";""
"202100020124";"165Â 654";"B01";"1";"7";"0";"2";"1";"1";"1";""
"202100020124";"165Â 655";"A01";"3";"1";"0";"2";"8";"19";"5";""
"202100020125";"165Â 652";"A01";"1";"10";"0";"9";"5";"1";"1";""
"202100020125";"165Â 653";"B01";"1";"7";"0";"2";"1";"1";"3";""
"202100020126";"165Â 650";"B01";"2";"30";"0";"2";"1";"3";"0";""
"202100020126";"165Â 651";"A01";"1";"7";"0";"2";"3";"23";"0";""
"202100020127";"165Â 648";"A01";"2";"7";"1";"0";"1";"17";"0";""
"202100020127";"165Â 649";"B01";"1";"2";"0";"2";"1";"0";"0";""
"202100020128";"165Â 646";"A01";"0";"33";"0";"2";"1";"1";"1";""
"202100020128";"165Â 647";"B01";"0";"33";"0";"2";"4";"2";"1";""
"202100020129";"165Â 644";"B01";"1";"10";"0";"2";"4";"0";"0";""
"202100020129";"165Â 645";"A01";"1";"7";"0";"2";"1";"2";"1";""
"202100020130";"165Â 642";"B01";"1";"7";"0";"2";"2";"15";"1";""
"202100020130";"165Â 643";"A01";"1";"32";"0";"2";"1";"18";"1";""
"202100020131";"165Â 640";"A01";"3";"33";"0";"2";"0";"17";"1";""
"202100020131";"165Â 641";"B01";"3";"7";"0";"2";"1";"9";"1";""
"202100020132";"165Â 638";"A01";"1";"7";"0";"2";"1";"16";"1";""
"202100020132";"165Â 639";"B01";"3";"1";"0";"2";"8";"19";"5";""
"202100020133";"165Â 637";"A01";"1";"7";"1";"0";"7";"1";"0";""
"202100020134";"165Â 635";"A01";"1";"1";"0";"2";"7";"19";"5";""
"202100020134";"165Â 636";"B01";"1";"2";"0";"2";"1";"1";"1";""
"202100020135";"165Â 633";"A01";"1";"33";"0";"2";"1";"26";"1";""
"202100020135";"165Â 634";"B01";"1";"32";"0";"2";"4";"0";"1";""
"202100020136";"165Â 632";"A01";"1";"7";"0";"1";"8";"15";"1";""
"202100020137";"165Â 631";"A01";"2";"7";"0";"1";"2";"1";"1";""
"202100020138";"165Â 629";"A01";"3";"7";"0";"2";"3";"15";"1";""
"202100020138";"165Â 630";"B01";"2";"7";"0";"2";"1";"1";"1";""
"202100020139";"165Â 627";"B01";"2";"7";"0";"2";"1";"1";"1";""
"202100020139";"165Â 628";"A01";"2";"7";"0";"2";"1";"11";"1";""
"202100020140";"165Â 626";"A01";"1";"7";"8";"0";"3";"1";"1";""
"202100020141";"165Â 625";"A01";"1";"10";"2";"0";"1";"0";"1";""
"202100020142";"165Â 623";"A01";"2";"7";"0";"2";"3";"13";"1";""
"202100020142";"165Â 624";"B01";"1";"7";"0";"2";"1";"1";"1";""
"202100020143";"165Â 622";"A01";"2";"7";"0";"0";"9";"9";"1";""
"202100020144";"165Â 621";"A01";"1";"7";"0";"0";"1";"1";"1";""
"202100020145";"165Â 619";"B01";"1";"7";"0";"2";"1";"1";"1";""
"202100020145";"165Â 620";"A01";"2";"7";"0";"2";"3";"15";"1";""
"202100020146";"165Â 618";"A01";"1";"7";"13";"0";"1";"1";"1";""
"202100020147";"165Â 617";"A01";"3";"33";"0";"0";"9";"1";"1";""
"202100020148";"165Â 615";"B01";"2";"7";"0";"2";"3";"1";"1";""
"202100020148";"165Â 616";"A01";"1";"7";"0";"2";"3";"13";"1";""
"202100020149";"165Â 614";"A01";"1";"7";"0";"1";"1";"1";"1";""
"202100020150";"165Â 612";"B01";"0";"7";"0";"0";"1";"1";"1";""
"202100020150";"165Â 613";"A01";"0";"7";"0";"0";"3";"15";"1";""
"202100020151";"165Â 611";"A01";"2";"33";"8";"0";"0";"1";"1";""
"202100020152";"165Â 609";"B01";"2";"7";"0";"2";"1";"1";"1";""
"202100020152";"165Â 610";"A01";"1";"7";"0";"2";"8";"19";"1";""
"202100020153";"165Â 608";"A01";"1";"7";"0";"1";"7";"1";"1";""
"202100020154";"165Â 607";"A01";"3";"7";"0";"1";"1";"1";"1";""
"202100020155";"165Â 605";"A01";"2";"33";"0";"2";"1";"13";"1";""
"202100020155";"165Â 606";"B01";"2";"7";"0";"2";"8";"15";"1";""
"202100020156";"165Â 604";"A01";"1";"7";"0";"1";"8";"1";"1";""
"202100020157";"165Â 602";"B01";"1";"33";"0";"2";"3";"1";"1";""
"202100020157";"165Â 603";"A01";"1";"7";"0";"2";"1";"1";"1";""
"202100020158";"165Â 601";"A01";"3";"7";"2";"0";"8";"1";"1";""
"202100020159";"165Â 599";"A01";"2";"7";"0";"2";"3";"13";"1";""
"202100020159";"165Â 600";"B01";"1";"17";"0";"2";"3";"1";"1";""
"202100020160";"165Â 598";"A01";"2";"2";"7";"0";"1";"0";"1";""
"202100020161";"165Â 597";"A01";"2";"43";"0";"0";"0";"1";"1";""
"202100020162";"165Â 595";"A01";"3";"7";"0";"2";"3";"15";"1";""
"202100020162";"165Â 596";"B01";"1";"33";"0";"2";"1";"1";"1";""
"202100020163";"165Â 594";"A01";"2";"7";"0";"1";"1";"16";"3";""
"202100020164";"165Â 592";"A01";"2";"33";"0";"0";"4";"0";"1";""
"202100020164";"165Â 593";"B01";"2";"7";"0";"2";"4";"0";"1";""
"202100020165";"165Â 589";"C01";"2";"38";"0";"2";"1";"1";"1";"2"
"202100020165";"165Â 590";"B01";"2";"15";"0";"2";"6";"1";"0";""
"202100020165";"165Â 591";"A01";"1";"17";"3";"2";"6";"26";"1";""
"202100020166";"165Â 587";"B01";"1";"30";"0";"2";"2";"21";"1";""
"202100020166";"165Â 588";"A01";"3";"38";"0";"2";"3";"16";"1";"1"
"202100020167";"165Â 586";"A01";"1";"15";"0";"0";"2";"14";"1";""
"202100020168";"165Â 585";"A01";"1";"7";"3";"0";"2";"1";"1";""
"202100020169";"165Â 583";"B01";"2";"10";"3";"2";"4";"2";"1";""
"202100020169";"165Â 584";"A01";"2";"7";"0";"2";"1";"2";"1";""
"202100020170";"165Â 580";"C01";"1";"15";"0";"2";"7";"2";"1";""
"202100020170";"165Â 581";"B01";"1";"7";"3";"2";"6";"24";"1";""
"202100020170";"165Â 582";"A01";"1";"7";"1";"2";"2";"18";"1";""
"202100020171";"165Â 579";"A01";"1";"17";"16";"0";"7";"1";"1";""
"202100020172";"165Â 578";"A01";"1";"33";"3";"0";"1";"1";"1";""
"202100020173";"165Â 576";"A01";"2";"7";"0";"2";"3";"1";"1";""
"202100020173";"165Â 577";"B01";"1";"30";"0";"2";"1";"5";"1";""
"202100020174";"165Â 574";"B01";"1";"7";"0";"2";"3";"15";"1";""
"202100020174";"165Â 575";"A01";"1";"7";"8";"2";"6";"1";"1";""
"202100020175";"165Â 572";"B01";"1";"2";"0";"2";"8";"19";"1";""
"202100020175";"165Â 573";"A01";"1";"7";"0";"2";"8";"1";"1";""