"Num_Acc";"id_vehicule";"num_veh";"senc";"catv";"obs";"obsm";"choc";"manv";"motor";"occutc"
"202100020176";"165Â 571";"A01";"2";"7";"8";"1";"1";"15";"1";""
"202100020177";"165Â 569";"B01";"3";"7";"0";"0";"5";"2";"1";""
"202100020177";"165Â 570";"A01";"3";"31";"0";"2";"1";"2";"1";""
"202100020178";"165Â 567";"B01";"2";"80";"0";"2";"7";"1";"3";""
"202100020178";"165Â 568";"A01";"0";"7";"0";"9";"2";"16";"1";""
"202100020179";"165Â 565";"A01";"3";"7";"0";"2";"3";"9";"1";""
"202100020179";"165Â 566";"B01";"3";"1";"0";"2";"7";"2";"5";""
"202100020180";"165Â 563";"A01";"3";"7";"0";"2";"3";"1";"1";""
"202100020180";"165Â 564";"B01";"3";"31";"15";"2";"3";"1";"1";""
"202100020181";"165Â 562";"A01";"2";"15";"3";"0";"7";"1";"1";""
"202100020182";"165Â 560";"A01";"2";"7";"0";"9";"4";"4";"1";""
"202100020182";"165Â 561";"B01";"1";"1";"0";"2";"8";"25";"0";""
"202100020183";"165Â 559";"A01";"2";"7";"2";"0";"1";"14";"1";""
"202100020184";"165Â 558";"A01";"3";"31";"12";"0";"2";"1";"1";""
"202100020185";"165Â 557";"A01";"3";"32";"0";"0";"2";"1";"1";""
"202100020186";"165Â 555";"A01";"1";"7";"0";"2";"1";"9";"1";""
"202100020186";"165Â 556";"B01";"2";"50";"0";"2";"7";"1";"3";""
"202100020187";"165Â 554";"A01";"1";"33";"8";"0";"8";"0";"1";""
"202100020188";"165Â 553";"A01";"1";"7";"0";"1";"2";"2";"1";""
"202100020189";"165Â 552";"A01";"2";"33";"13";"0";"1";"1";"1";""
"202100020190";"165Â 550";"A01";"1";"7";"0";"2";"3";"1";"1";""
"202100020190";"165Â 551";"B01";"2";"7";"0";"2";"3";"1";"1";""
"202100020191";"165Â 548";"B01";"2";"1";"0";"2";"1";"1";"5";""
"202100020191";"165Â 549";"A01";"2";"3";"0";"2";"4";"26";"1";""
"202100020192";"165Â 546";"B01";"2";"7";"0";"2";"3";"13";"1";""
"202100020192";"165Â 547";"A01";"2";"10";"0";"2";"5";"14";"1";""
"202100020193";"165Â 544";"A01";"2";"7";"0";"2";"8";"11";"1";""
"202100020193";"165Â 545";"B01";"2";"33";"0";"2";"8";"3";"1";""
"202100020194";"165Â 542";"B01";"2";"7";"0";"2";"4";"2";"1";""
"202100020194";"165Â 543";"A01";"2";"7";"0";"2";"1";"2";"1";""
"202100020195";"165Â 540";"A01";"2";"33";"0";"2";"1";"3";"1";""
"202100020195";"165Â 541";"B01";"2";"7";"0";"2";"4";"2";"1";""
"202100020196";"165Â 539";"A01";"2";"33";"0";"0";"0";"0";"1";""
"202100020197";"165Â 535";"B01";"1";"17";"0";"2";"4";"2";"1";""
"202100020197";"165Â 536";"D01";"1";"7";"0";"2";"4";"2";"1";""
"202100020197";"165Â 537";"C01";"1";"7";"0";"2";"4";"2";"1";""
"202100020197";"165Â 538";"A01";"1";"17";"0";"2";"1";"2";"1";""
"202100020198";"165Â 533";"A01";"2";"7";"0";"2";"8";"11";"1";""
"202100020198";"165Â 534";"B01";"2";"32";"0";"2";"7";"1";"1";""
"202100020199";"165Â 530";"A01";"1";"7";"0";"2";"1";"2";"1";""
"202100020199";"165Â 531";"B01";"1";"7";"0";"2";"4";"2";"1";""
"202100020199";"165Â 532";"C01";"1";"10";"0";"2";"4";"2";"1";""
"202100020200";"165Â 528";"A01";"2";"7";"0";"2";"3";"11";"1";""
"202100020200";"165Â 529";"B01";"2";"33";"0";"2";"7";"3";"1";""
"202100020201";"165Â 525";"A01";"1";"7";"0";"2";"1";"17";"1";""
"202100020201";"165Â 526";"B01";"1";"17";"0";"0";"0";"0";"1";""
"202100020201";"165Â 527";"C01";"1";"7";"0";"2";"8";"1";"1";""
"202100020202";"165Â 523";"B01";"2";"33";"0";"2";"3";"3";"0";""
"202100020202";"165Â 524";"A01";"2";"7";"0";"2";"5";"12";"1";""
"202100020203";"165Â 521";"B01";"2";"33";"0";"2";"7";"1";"1";""
"202100020203";"165Â 522";"A01";"2";"7";"0";"2";"8";"11";"1";""
"202100020204";"165Â 519";"Z01";"1";"7";"0";"0";"0";"0";"0";""
"202100020204";"165Â 520";"B01";"1";"2";"0";"2";"4";"1";"1";""
"202100020205";"165Â 517";"A01";"2";"7";"0";"2";"8";"11";"1";""
"202100020205";"165Â 518";"B01";"2";"34";"0";"2";"1";"3";"1";""
"202100020206";"165Â 513";"C01";"2";"7";"0";"2";"4";"2";"1";""
"202100020206";"165Â 514";"B01";"2";"7";"0";"2";"4";"2";"1";""
"202100020206";"165Â 515";"A01";"2";"7";"0";"2";"1";"2";"1";""
"202100020206";"165Â 516";"D01";"2";"33";"0";"2";"4";"2";"1";""
"202100020207";"165Â 510";"C01";"2";"7";"0";"2";"1";"2";"1";""
"202100020207";"165Â 511";"B01";"2";"7";"0";"2";"7";"2";"1";""
"202100020207";"165Â 512";"A01";"2";"7";"0";"2";"1";"1";"1";""
"202100020208";"165Â 508";"Z01";"2";"7";"0";"2";"1";"2";"1";""
"202100020208";"165Â 509";"A01";"2";"7";"0";"2";"4";"2";"1";""
"202100020209";"165Â 507";"A01";"3";"40";"0";"1";"1";"1";"3";""
"202100020210";"165Â 506";"A01";"3";"33";"0";"1";"1";"26";"1";""
"202100020211";"165Â 505";"A01";"1";"7";"0";"1";"7";"1";"1";""
"202100020212";"165Â 504";"A01";"2";"7";"1";"0";"3";"13";"1";""
"202100020213";"165Â 503";"A01";"2";"7";"0";"1";"1";"1";"1";""
"202100020214";"165Â 502";"Z01";"1";"34";"0";"1";"1";"1";"0";""
"202100020215";"165Â 501";"A01";"1";"7";"0";"1";"2";"16";"1";""
"202100020216";"165Â 500";"A01";"1";"7";"0";"1";"1";"26";"1";""
"202100020217";"165Â 498";"B01";"1";"7";"0";"2";"1";"0";"1";""
"202100020217";"165Â 499";"A01";"2";"7";"0";"2";"1";"0";"1";""
"202100020218";"165Â 496";"A01";"2";"10";"0";"2";"8";"13";"1";""
"202100020218";"165Â 497";"B01";"2";"33";"0";"2";"2";"17";"1";""
"202100020219";"165Â 492";"A01";"1";"7";"0";"2";"7";"15";"1";""
"202100020219";"165Â 493";"B01";"1";"33";"0";"2";"7";"1";"1";""
"202100020220";"165Â 491";"A01";"3";"7";"1";"1";"3";"1";"1";""
"202100020221";"165Â 490";"A01";"3";"7";"0";"1";"8";"0";"1";""
"202100020222";"165Â 489";"A01";"2";"7";"0";"1";"1";"26";"1";""
"202100020223";"165Â 487";"A01";"1";"10";"0";"2";"3";"10";"1";""
"202100020223";"165Â 488";"B01";"1";"33";"0";"2";"2";"0";"1";""
"202100020224";"165Â 485";"A01";"1";"30";"0";"2";"8";"9";"1";""
"202100020224";"165Â 486";"B01";"1";"33";"0";"2";"7";"15";"1";""
"202100020225";"165Â 483";"A01";"3";"30";"0";"2";"1";"5";"1";""
"202100020225";"165Â 484";"B01";"3";"7";"0";"2";"2";"1";"1";""
"202100020226";"165Â 481";"A01";"2";"7";"0";"2";"2";"1";"1";""
"202100020226";"165Â 482";"B01";"2";"7";"0";"2";"3";"1";"1";""
"202100020227";"165Â 479";"A01";"2";"60";"0";"2";"1";"16";"5";""
"202100020227";"165Â 480";"B01";"1";"7";"0";"9";"1";"15";"1";""
"202100020228";"165Â 477";"A01";"2";"7";"0";"2";"2";"19";"1";""
"202100020228";"165Â 478";"B01";"1";"99";"0";"2";"8";"1";"3";""
"202100020229";"165Â 475";"A01";"2";"7";"0";"1";"2";"1";"1";""
"202100020229";"165Â 476";"B01";"2";"1";"0";"2";"0";"19";"5";""
"202100020230";"165Â 473";"B01";"1";"33";"0";"2";"1";"17";"0";""
"202100020230";"165Â 474";"A01";"1";"10";"0";"2";"6";"9";"1";""
"202100020231";"165Â 471";"B01";"2";"10";"0";"2";"3";"0";"1";""
"202100020231";"165Â 472";"A01";"2";"7";"4";"2";"1";"11";"1";""
"202100020232";"165Â 470";"A01";"1";"10";"0";"1";"2";"1";"1";""
"202100020233";"165Â 469";"A01";"2";"7";"0";"1";"2";"1";"1";""
"202100020234";"165Â 467";"B01";"1";"33";"0";"2";"2";"16";"1";""
"202100020234";"165Â 468";"A01";"1";"7";"0";"2";"8";"15";"1";""
"202100020235";"165Â 466";"A01";"2";"7";"0";"1";"2";"1";"1";""
"202100020236";"165Â 465";"A01";"2";"7";"0";"1";"3";"1";"1";""
"202100020237";"165Â 464";"A01";"2";"7";"15";"0";"1";"16";"1";""
"202100020238";"165Â 463";"A01";"1";"7";"8";"0";"1";"14";"1";""
"202100020239";"165Â 461";"B01";"1";"2";"0";"2";"2";"1";"1";""
"202100020239";"165Â 462";"A01";"1";"7";"0";"2";"3";"13";"1";""
"202100020240";"165Â 459";"B01";"1";"17";"0";"2";"0";"1";"1";""
"202100020240";"165Â 460";"A01";"1";"7";"0";"2";"1";"9";"1";""
"202100020241";"165Â 457";"A01";"1";"2";"0";"2";"1";"1";"1";""
"202100020241";"165Â 458";"B01";"2";"10";"0";"2";"2";"15";"1";""
"202100020242";"165Â 456";"A01";"0";"7";"0";"1";"0";"1";"0";""
"202100020243";"165Â 454";"B01";"0";"33";"0";"2";"1";"1";"1";""
"202100020243";"165Â 455";"A01";"0";"7";"0";"2";"8";"10";"1";""
"202100020244";"165Â 453";"A01";"0";"1";"0";"1";"1";"1";"5";""
"202100020245";"165Â 451";"A01";"0";"7";"0";"2";"1";"16";"1";""
"202100020245";"165Â 452";"B01";"0";"33";"0";"2";"1";"15";"1";""
"202100020246";"165Â 449";"A01";"3";"30";"0";"2";"1";"19";"1";""
"202100020246";"165Â 450";"B01";"3";"7";"0";"2";"2";"21";"1";""
"202100020247";"165Â 448";"A01";"1";"7";"0";"1";"1";"15";"1";""
"202100020248";"165Â 446";"B01";"3";"1";"0";"2";"4";"0";"0";""
"202100020248";"165Â 447";"A01";"3";"15";"0";"2";"2";"14";"1";""
"202100020249";"165Â 442";"B01";"1";"1";"0";"2";"8";"11";"5";""
"202100020249";"165Â 443";"A01";"1";"10";"0";"9";"7";"1";"1";""
"202100020250";"165Â 439";"C01";"0";"1";"0";"2";"1";"1";"5";""
"202100020250";"165Â 440";"B01";"0";"1";"0";"2";"1";"1";"5";""
"202100020250";"165Â 441";"A01";"0";"7";"0";"9";"3";"16";"1";""
"202100020251";"165Â 437";"A01";"3";"7";"0";"2";"1";"1";"1";""
"202100020251";"165Â 438";"B01";"3";"10";"0";"2";"1";"1";"1";""
"202100020252";"165Â 435";"A01";"3";"10";"0";"4";"1";"1";"1";""
"202100020252";"165Â 436";"B01";"3";"40";"0";"2";"1";"1";"3";""
"202100020253";"165Â 433";"B01";"0";"7";"0";"2";"4";"23";"1";""
"202100020253";"165Â 434";"A01";"0";"7";"0";"2";"1";"2";"1";""
"202100020254";"165Â 431";"A01";"1";"7";"0";"2";"3";"1";"1";""
"202100020254";"165Â 432";"B01";"2";"7";"0";"2";"3";"15";"1";""
"202100020255";"165Â 429";"A01";"2";"7";"3";"0";"6";"15";"1";""
"202100020255";"165Â 430";"B01";"2";"2";"0";"2";"1";"26";"1";""
"202100020256";"165Â 427";"B01";"1";"7";"0";"2";"3";"1";"0";""
"202100020256";"165Â 428";"A01";"3";"7";"0";"2";"1";"9";"1";""
"202100020257";"165Â 426";"A01";"2";"7";"0";"1";"2";"16";"1";""
"202100020258";"165Â 424";"A01";"1";"7";"0";"2";"8";"13";"1";""
"202100020258";"165Â 425";"B01";"1";"50";"0";"2";"2";"1";"3";""
"202100020259";"165Â 422";"A01";"1";"7";"0";"2";"1";"2";"1";""
"202100020259";"165Â 423";"B01";"1";"31";"0";"2";"4";"2";"1";""
"202100020260";"165Â 420";"A01";"3";"7";"0";"9";"3";"26";"1";""
"202100020260";"165Â 421";"B01";"3";"50";"0";"2";"1";"19";"3";""
"202100020261";"165Â 418";"A01";"1";"7";"0";"2";"3";"15";"3";""
"202100020261";"165Â 419";"B01";"1";"10";"0";"2";"2";"1";"1";""
"202100020262";"165Â 416";"A01";" -1";"7";"0";"2";"6";"1";"1";""
"202100020262";"165Â 417";"B01";"2";"7";"0";"2";"1";"1";"1";""
"202100020263";"165Â 415";"A01";"2";"7";"0";"1";"1";"1";"1";""
"202100020264";"165Â 413";"B01";"3";"10";"0";"2";"1";"1";"3";""
"202100020264";"165Â 414";"A01";"3";"7";"0";"2";"7";"15";"1";""
"202100020265";"165Â 411";"B01";"1";"7";"0";"2";"6";"1";"1";""
"202100020265";"165Â 412";"A01";"1";"33";"0";"2";"1";"21";"1";""
"202100020266";"165Â 409";"B01";"0";"30";"0";"2";"7";"16";"1";""
"202100020266";"165Â 410";"A01";"0";"30";"0";"2";"1";"19";"1";""
"202100020267";"165Â 407";"A01";"2";"7";"0";"2";"1";"1";"0";""
"202100020267";"165Â 408";"B01";"0";"1";"0";"2";"4";"19";"5";""
"202100020268";"165Â 406";"A01";"1";"30";"0";"1";"7";"26";"1";""
"202100020269";"165Â 404";"A01";"2";"7";"0";"2";"8";"1";"1";""
"202100020269";"165Â 405";"B01";"0";"7";"0";"2";"1";"9";"1";""
"202100020270";"165Â 402";"B01";"2";"7";"0";"2";"3";"16";"1";""
"202100020270";"165Â 403";"A01";"1";"7";"0";"2";"7";"15";"1";""
"202100020271";"165Â 400";"A01";"1";"7";"0";"2";"2";"9";"1";""
"202100020271";"165Â 401";"B01";"1";"7";"0";"2";"1";"1";"1";""
"202100020272";"165Â 398";"B01";"1";"1";"1";"0";"1";"2";"5";""
"202100020272";"165Â 399";"A01";"1";"10";"0";"2";"8";"24";"1";""
"202100020273";"165Â 397";"A01";"2";"7";"0";"1";"1";"19";"1";""
"202100020274";"165Â 396";"A01";"1";"7";"0";"2";"1";"1";"1";""
"202100020275";"165Â 395";"A01";"1";"30";"0";"0";"0";"1";"1";""
"202100020276";"165Â 393";"A01";"2";"7";"0";"2";"8";"9";"1";""
"202100020276";"165Â 394";"B01";"1";"7";"0";"2";"2";"1";"1";""
"202100020277";"165Â 391";"A01";"1";"33";"0";"2";"1";"1";"1";""
"202100020277";"165Â 392";"B01";"1";"37";"0";"9";"7";"1";"1";"3"
"202100020278";"165Â 389";"A01";"1";"7";"0";"2";"1";"2";"1";""
"202100020278";"165Â 390";"B01";"1";"7";"0";"2";"4";"2";"1";""
"202100020279";"165Â 387";"A01";"0";"1";"0";"2";"7";"19";"5";""
"202100020279";"165Â 388";"B01";"0";"7";"0";"2";"3";"2";"1";""
"202100020280";"165Â 385";"B01";"0";"7";"0";"2";"3";"1";"1";""
"202100020280";"165Â 386";"A01";"0";"7";"0";"2";"2";"19";"1";""
"202100020281";"165Â 383";"A01";"1";"7";"0";"2";"3";"9";"1";""
"202100020281";"165Â 384";"B01";"1";"1";"0";"2";"7";"1";"5";""
"202100020282";"165Â 381";"A01";"1";"7";"0";"2";"2";"15";"1";""
"202100020282";"165Â 382";"B01";"1";"7";"0";"2";"1";"1";"1";""
"202100020283";"165Â 379";"A01";"1";"7";"0";"2";"2";"16";"1";""
"202100020283";"165Â 380";"B01";"1";"2";"0";"2";"1";"26";"1";""
"202100020284";"165Â 378";"A01";"2";"7";"0";"1";"2";"1";"1";""
"202100020285";"165Â 376";"A01";"3";"7";"0";"2";"1";"16";"1";""
"202100020285";"165Â 377";"B01";"3";"1";"0";"2";"8";"1";"5";""
"202100020286";"165Â 374";"B01";"3";"7";"0";"2";"2";"1";"1";""
"202100020286";"165Â 375";"A01";"3";"7";"0";"2";"1";"9";"1";""
"202100020287";"165Â 372";"B01";"3";"33";"0";"2";"4";"9";"1";""
"202100020287";"165Â 373";"A01";"3";"10";"0";"2";"1";"9";"1";""
"202100020288";"165Â 369";"A01";"2";"7";"0";"2";"1";"1";"3";""
"202100020288";"165Â 370";"B01";"2";"7";"0";"2";"4";"23";"1";""
"202100020288";"165Â 371";"C01";"2";"7";"0";"2";"4";"23";"1";""
"202100020289";"165Â 368";"A01";"1";"7";"0";"1";"1";"16";"1";""
"202100020290";"165Â 366";"B01";"1";"33";"0";"2";"1";"1";"1";""
"202100020290";"165Â 367";"A01";"2";"7";"0";"2";"7";"15";"1";""
"202100020291";"165Â 364";"B01";"2";"1";"0";"2";"0";"1";"5";""
"202100020291";"165Â 365";"A01";"2";"10";"0";"2";"0";"16";"1";""
"202100020292";"165Â 363";"Z01";"1";"0";"0";"1";"1";"9";"1";""
"202100020293";"165Â 361";"A01";"1";"2";"0";"2";"1";"1";"3";""
"202100020293";"165Â 362";"B01";"1";"2";"0";"2";"4";"23";"1";""
"202100020294";"165Â 360";"A01";"1";"13";"0";"1";"1";"16";"1";""
"202100020295";"165Â 359";"A01";"3";"7";"0";"1";"1";"13";"1";""
"202100020296";"165Â 358";"A01";"1";"7";"0";"1";"3";"1";"1";""
"202100020297";"165Â 356";"A01";"3";"30";"0";"2";"1";"1";"1";""
"202100020297";"165Â 357";"B01";"3";"7";"0";"2";"2";"15";"1";""
"202100020298";"165Â 354";"B01";"1";"7";"0";"2";"1";"1";"1";""
"202100020298";"165Â 355";"A01";"1";"7";"0";"0";"4";"1";"1";""
"202100020299";"165Â 352";"A01";"1";"10";"0";"2";"4";"2";"1";""
"202100020299";"165Â 353";"B01";"1";"7";"0";"2";"1";"2";"1";""
"202100020300";"165Â 349";"A01";"1";"7";"0";"2";"4";"1";"1";""
"202100020300";"165Â 350";"B01";"1";"7";"0";"2";"1";"1";"1";""
"202100020300";"165Â 351";"C01";"1";"7";"0";"2";"1";"1";"1";""
"202100020301";"165Â 348";"A01";"0";"10";"0";"2";"1";"1";"1";""
"202100020302";"165Â 347";"A01";"3";"1";"9";"0";"1";"1";"5";""
"202100020303";"165Â 345";"B01";"3";"7";"0";"2";"1";"1";"1";""
"202100020303";"165Â 346";"A01";"3";"7";"0";"2";"4";"4";"1";""
"202100020304";"165Â 344";"A01";"2";"7";"8";"1";"3";"15";"1";""
"202100020305";"165Â 341";"C01";"1";"10";"0";"2";"1";"1";"1";""
"202100020305";"165Â 342";"B01";"1";"7";"0";"2";"4";"1";"1";""
"202100020305";"165Â 343";"A01";"1";"7";"0";"2";"4";"1";"1";""
"202100020306";"165Â 340";"A01";"1";"33";"3";"0";"1";"13";"1";""
"202100020307";"165Â 338";"B01";"2";"50";"0";"2";"0";"1";"3";""
"202100020307";"165Â 339";"Z01";"2";"7";"0";"2";"0";"9";"0";""
"202100020308";"165Â 336";"B01";"3";"1";"0";"2";"1";"2";"5";""
"202100020308";"165Â 337";"A01";"3";"7";"0";"2";"2";"15";"1";""
"202100020309";"165Â 334";"B01";"3";"32";"0";"2";"1";"21";"1";""
"202100020309";"165Â 335";"A01";"3";"7";"0";"2";"1";"5";"1";""
"202100020310";"165Â 333";"A01";"1";"7";"1";"0";"2";"1";"1";""
"202100020311";"165Â 331";"B01";"3";"7";"0";"2";"4";"1";"1";""
"202100020311";"165Â 332";"Z01";"3";"10";"0";"2";"1";"1";"0";""
"202100020312";"165Â 330";"A01";"1";"7";"0";"1";"3";"1";"1";""
"202100020313";"165Â 328";"B01";"1";"14";"0";"2";"1";"2";"0";""
"202100020313";"165Â 329";"A01";"1";"7";"0";"2";"4";"23";"6";""
"202100020314";"165Â 327";"A01";"3";"10";"0";"1";"1";"1";"1";""
"202100020315";"165Â 325";"B01";"1";"37";"0";"2";"8";"1";"1";"1"
"202100020315";"165Â 326";"A01";"2";"32";"0";"2";"1";"1";"1";""
"202100020316";"165Â 323";"A01";"3";"30";"0";"2";"1";"1";"1";""
"202100020316";"165Â 324";"B01";" -1";"7";" -1";" -1";" -1";" -1";" -1";""
"202100020317";"165Â 321";"A01";"1";"7";"0";"2";"1";"1";"0";""
"202100020317";"165Â 322";"B01";"1";"7";"0";"2";"8";"1";"1";""
"202100020318";"165Â 319";"A01";"1";"2";"0";"2";"1";"1";"1";""
"202100020318";"165Â 320";"B01";"2";"10";"0";"2";"3";"1";"1";""
"202100020319";"165Â 317";"A01";"1";"10";"0";"2";"2";"26";"1";""
"202100020319";"165Â 318";"B01";"1";"7";"0";"2";"5";"2";"1";""
"202100020320";"165Â 315";"B01";"2";"1";"0";"2";"2";"2";"5";""
"202100020320";"165Â 316";"A01";"1";"7";"0";"2";"1";"15";"1";""
"202100020321";"165Â 313";"A01";"2";"50";"0";"2";"1";"25";"3";""
"202100020321";"165Â 314";"B01";"3";"7";"0";"2";"0";"0";"1";""
"202100020322";"165Â 311";"A01";"1";"30";"0";"2";"2";"1";"1";""
"202100020322";"165Â 312";"B01";"1";"7";"0";"2";"5";"23";"1";""
"202100020323";"165Â 309";"B01";"3";"50";"0";"2";"8";"19";"3";""
"202100020323";"165Â 310";"A01";"3";"7";"0";"2";"1";"1";"1";""
"202100020324";"165Â 307";"B01";"2";"10";"0";"2";"5";"16";"3";""
"202100020324";"165Â 308";"A01";"2";"30";"0";"2";"1";"18";"3";""
"202100020325";"165Â 305";"A01";"3";"7";"0";"2";"3";"1";"1";""
"202100020325";"165Â 306";"B01";"3";"7";"0";"2";"1";"1";"1";""
"202100020326";"165Â 303";"B01";"2";"50";"0";"2";"8";"1";"3";""
"202100020326";"165Â 304";"A01";"1";"7";"0";"2";"5";"1";"2";""
"202100020327";"165Â 301";"A01";"1";"7";"0";"2";"2";"12";"2";""
"202100020327";"165Â 302";"B01";"1";"1";"0";"2";"3";"1";"5";""
"202100020328";"165Â 299";"A01";"1";"1";"0";"2";"7";"1";"5";""
"202100020328";"165Â 300";"B01";"1";"7";"0";"2";"3";"1";"1";""
"202100020329";"165Â 297";"A01";"2";"7";"0";"2";"2";"16";"2";""
"202100020329";"165Â 298";"B01";"1";"50";"0";"2";"1";"1";"3";""
"202100020330";"165Â 296";"A01";"2";"1";"0";"1";"1";"25";"5";""
"202100020331";"165Â 294";"B01";"2";"7";"0";"2";"2";"1";"1";""
"202100020331";"165Â 295";"A01";"1";"1";"0";"2";"2";"19";"5";""
"202100020332";"165Â 292";"A01";"1";"7";"0";"2";"3";"1";"1";""
"202100020332";"165Â 293";"B01";"1";"30";"0";"2";"1";"1";"1";""
"202100020333";"165Â 290";"B01";"1";"7";"0";"2";"5";"23";"1";""
"202100020333";"165Â 291";"A01";"1";"30";"0";"2";"1";"1";"1";""
"202100020334";"165Â 288";"A01";"2";"33";"0";"2";"7";"17";"1";""
"202100020334";"165Â 289";"B01";"2";"10";"0";"2";"3";"15";"1";""
"202100020335";"165Â 287";"Z01";"2";"10";"0";"1";"1";"16";"6";""
"202100020336";"165Â 286";"A01";"2";"10";"0";"1";"2";"1";"6";""
"202100020337";"165Â 283";"A01";"2";"7";"0";"9";"1";"2";"1";""
"202100020337";"165Â 284";"B01";"2";"7";"0";"9";"4";"1";"1";""
"202100020337";"165Â 285";"C01";"2";"7";"0";"9";"4";"1";"1";""
"202100020338";"165Â 281";"A01";"2";"10";"0";"2";"3";"22";"1";""
"202100020338";"165Â 282";"B01";"2";"50";"1";"0";"1";"1";"3";""
"202100020339";"165Â 279";"A01";"2";"30";"0";"2";"3";"2";"1";""
"202100020339";"165Â 280";"B01";"2";"7";"0";"2";"2";"2";"1";""
"202100020340";"165Â 277";"A01";"2";"7";"0";"9";"3";"9";"1";""
"202100020340";"165Â 278";"B01";"2";"1";"0";"0";"0";"1";"5";""
"202100020341";"165Â 275";"A01";"2";"7";"0";"2";"1";"19";"1";""
"202100020341";"165Â 276";"B01";"1";"7";"0";"2";"1";"0";"1";""
"202100020342";"165Â 273";"B01";"2";"34";"0";"2";"1";"17";"1";""
"202100020342";"165Â 274";"A01";"2";"1";"0";"2";"8";"19";"5";""
"202100020343";"165Â 271";"B01";"2";"2";"0";"2";"1";"0";"1";""
"202100020343";"165Â 272";"A01";"2";"7";"0";"2";"1";"0";"1";""
"202100020344";"165Â 268";"A01";"2";"7";"0";"2";"1";"1";"1";""
"202100020344";"165Â 269";"B01";"2";"7";"0";"2";"4";"1";"1";""
"202100020344";"165Â 270";"C01";"2";"7";"0";"2";"4";"1";"1";""
"202100020345";"165Â 266";"A01";"1";"7";"0";"2";"6";"2";"1";""
"202100020345";"165Â 267";"B01";"1";"31";"0";"2";"1";"2";"1";""
"202100020346";"165Â 264";"B01";"1";"10";"0";"2";"2";"1";"1";""
"202100020346";"165Â 265";"A01";"2";"7";"0";"2";"2";"1";"1";""
"202100020347";"165Â 262";"B01";"2";"1";"1";"0";"1";"26";"0";""
"202100020347";"165Â 263";"A01";"2";"10";"1";"0";"4";"22";"0";""
"202100020348";"165Â 260";"B01";"3";"30";"0";"2";"2";"1";"1";""
"202100020348";"165Â 261";"A01";"3";"7";"0";"2";"5";"9";"1";""
"202100020349";"165Â 258";"A01";"3";"7";"0";"2";"2";"15";"1";""
"202100020349";"165Â 259";"B01";"0";"7";"0";"2";"3";"1";"1";""
"202100020350";"165Â 256";"A01";"3";"7";"0";"2";"1";"1";"1";""
"202100020350";"165Â 257";"B01";"3";"7";"0";"2";"2";"1";"1";""
"202100020351";"165Â 255";"A01";"2";"30";"14";"0";"1";"2";"1";""
"202100020352";"165Â 254";"A01";"0";"7";"0";"1";"1";"16";"1";""
"202100020353";"165Â 252";"B01";"2";"7";"0";"2";"1";"13";"1";""
"202100020353";"165Â 253";"A01";"1";"7";"0";"2";"1";"13";"1";""
"202100020354";"165Â 250";"B01";"1";"7";"0";"2";"2";"1";"1";""
"202100020354";"165Â 251";"A01";"1";"1";"0";"2";"2";"1";"5";""
"202100020355";"165Â 249";"A01";"1";"1";"12";"0";"0";"21";"5";""
"202100020356";"165Â 248";"A01";"2";"33";"0";"1";"1";"1";"1";""
"202100020357";"165Â 246";"B01";"1";"7";"0";"2";"8";"1";"1";""
"202100020357";"165Â 247";"A01";"1";"7";"0";"2";"1";"15";"1";""
"202100020358";"165Â 245";"A01";"3";"7";"0";"1";"0";"15";"0";""
"202100020359";"165Â 243";"A01";"3";"1";"0";"2";"0";"0";"0";""
"202100020359";"165Â 244";"B01";"1";"32";"0";"2";"0";"0";"1";""
"202100020360";"165Â 242";"A01";"3";"7";"0";"1";"3";"20";"1";""
"202100020361";"165Â 241";"A01";"2";"7";"0";"1";"2";"1";"2";""
"202100020362";"165Â 239";"B01";"1";"1";"9";"2";"2";"2";"5";""
"202100020362";"165Â 240";"A01";"1";"7";"15";"2";"0";"16";"0";""
"202100020363";"165Â 238";"A01";"1";"2";"0";"0";"2";"1";"1";""
"202100020364";"165Â 237";"A01";"1";"33";"0";"0";"8";"1";"1";""
"202100020365";"165Â 235";"B01";"3";"10";"0";"2";"3";"15";"1";""
"202100020365";"165Â 236";"A01";"3";"33";"0";"2";"1";"17";"1";""
"202100020366";"165Â 233";"A01";"2";"7";"0";"2";"1";"2";"1";""
"202100020366";"165Â 234";"B01";"2";"7";"0";"0";"4";"2";"1";""
"202100020367";"165Â 231";"B01";"2";"31";"0";"2";"1";"18";"3";""
"202100020367";"165Â 232";"A01";"1";"7";"0";"0";"7";"15";"2";""
"202100020368";"165Â 230";"A01";"2";"33";"0";"0";"0";"0";"1";""
"202100020369";"165Â 228";"B01";"1";"10";"0";"2";"3";"1";"1";""
"202100020369";"165Â 229";"A01";"2";"33";"0";"2";"3";"1";"1";""
"202100020370";"165Â 226";"A01";"2";"33";"15";"2";"2";"1";"1";""
"202100020370";"165Â 227";"B01";"1";"7";"0";"2";"2";"1";"1";""
"202100020371";"165Â 225";"A01";"0";"7";"0";"1";"3";"1";"1";""
"202100020372";"165Â 223";"A01";"2";"10";"1";"0";"1";"1";"1";""
"202100020372";"165Â 224";"B01";"2";"7";"14";"2";"4";"23";"1";""
"202100020373";"165Â 221";"A01";"1";"7";"0";"2";"3";"1";"1";""
"202100020373";"165Â 222";"B01";"2";"33";"0";"2";"3";"1";"1";""