"Num_Acc";"id_vehicule";"num_veh";"senc";"catv";"obs";"obsm";"choc";"manv";"motor";"occutc"
"202100020374";"165Â 218";"B01";"1";"7";"0";"0";"6";"1";"1";""
"202100020374";"165Â 219";"C01";"2";"15";"0";"9";"8";"1";"1";""
"202100020374";"165Â 220";"A01";"1";"2";"0";"2";"1";"1";"1";""
"202100020375";"165Â 217";"A01";"2";"7";"3";"0";"1";"1";"1";""
"202100020376";"165Â 216";"A01";"1";"2";"0";"0";"0";"1";"1";""
"202100020377";"165Â 215";"A01";"2";"7";"8";"0";"1";"14";"1";""
"202100020378";"165Â 214";"A01";"2";"31";"0";"0";"6";"16";"1";""
"202100020379";"165Â 212";"B01";"2";"7";"0";"0";"5";"23";"1";""
"202100020379";"165Â 213";"A01";"2";"3";"0";"2";"3";"2";"1";""
"202100020380";"165Â 211";"A01";"2";"7";"13";"0";"8";"13";"1";""
"202100020381";"165Â 208";"A01";"1";"7";"1";"2";"1";"5";"1";""
"202100020381";"165Â 209";"B01";"2";"13";"0";"2";"3";"0";"1";""
"202100020382";"165Â 206";"A01";"2";"7";"0";"2";"7";"19";"1";""
"202100020382";"165Â 207";"B01";"1";"7";"0";"2";"1";"1";"1";""
"202100020383";"165Â 204";"A01";"1";"7";"0";"0";"4";"2";"1";""
"202100020383";"165Â 205";"B01";"1";"31";"0";"2";"1";"2";"1";""
"202100020384";"165Â 202";"B01";"2";"80";"0";"2";"1";"1";"3";""
"202100020384";"165Â 203";"A01";"1";"7";"0";"2";"2";"13";"1";""
"202100020385";"165Â 200";"A01";"1";"1";"0";"2";"4";"2";"5";""
"202100020385";"165Â 201";"B01";"1";"7";"0";"9";"2";"0";"1";""
"202100020386";"165Â 198";"A01";"3";"10";"0";"2";"3";"9";"1";""
"202100020386";"165Â 199";"B01";"1";"7";"0";"2";"1";"1";"1";""
"202100020387";"165Â 197";"A01";"1";"7";"0";"1";"2";"16";"1";""
"202100020388";"165Â 196";"A01";"1";"7";"6";"0";"0";"13";"1";""
"202100020389";"165Â 194";"B01";"1";"1";"0";"2";"1";"1";"5";""
"202100020389";"165Â 195";"A01";"1";"7";"0";"2";"5";"4";"1";""
"202100020390";"165Â 191";"A01";"0";"7";"0";"2";"4";"2";"1";""
"202100020390";"165Â 192";"B01";"0";"7";"0";"2";"1";"2";"1";""
"202100020390";"165Â 193";"C01";"0";"7";"0";"2";"1";"2";"2";""
"202100020391";"165Â 189";"B01";"2";"7";"0";"0";"6";"15";"1";""
"202100020391";"165Â 190";"A01";"2";"2";"0";"2";"1";"17";"1";""
"202100020392";"165Â 187";"A01";"1";"10";"0";"2";"1";"19";"1";""
"202100020392";"165Â 188";"B01";"1";"7";"0";"2";"8";"1";"1";""
"202100020393";"165Â 185";"B01";"3";"7";"0";"2";"1";"0";"1";""
"202100020393";"165Â 186";"A01";"3";"33";"0";"2";"1";"1";"1";""
"202100020394";"165Â 182";"A01";"0";"7";"0";"2";"7";"15";"1";""
"202100020394";"165Â 183";"B01";"0";"7";"0";"2";"1";"1";"1";""
"202100020394";"165Â 184";"C01";"0";"17";"0";"0";"3";"23";"1";""
"202100020395";"165Â 180";"B01";"2";"7";"0";"2";"6";"2";"1";""
"202100020395";"165Â 181";"A01";"2";"33";"0";"2";"2";"2";"1";""
"202100020396";"165Â 177";"C01";"1";"99";"0";"0";"1";"1";"1";""
"202100020396";"165Â 178";"B01";"1";"15";"0";"0";"3";"1";"1";""
"202100020396";"165Â 179";"A01";"2";"7";"0";"2";"1";"0";"1";""
"202100020397";"165Â 175";"B01";"1";"7";"0";"2";"1";"1";"1";""
"202100020397";"165Â 176";"A01";"1";"7";"0";"2";"3";"1";"1";""
"202100020398";"165Â 173";"B01";"3";"31";"0";"2";"1";"1";"1";""
"202100020398";"165Â 174";"A01";"3";"7";"0";"2";"2";"9";"1";""
"202100020399";"165Â 172";"A01";"3";"7";"0";"1";"3";"1";"1";""
"202100020400";"165Â 171";"A01";"2";"7";"0";"1";"2";"16";"1";""
"202100020401";"165Â 170";"A01";"2";"7";"5";"0";"1";"15";"1";""
"202100020402";"165Â 169";"A01";"2";"7";"13";"0";"9";"1";"1";""
"202100020403";"165Â 166";"C01";"2";"7";"0";"2";"6";"1";"1";""
"202100020403";"165Â 167";"B01";"2";"7";"0";"2";"3";"1";"1";""
"202100020403";"165Â 168";"A01";"2";"34";"3";"0";"1";"1";"1";""
"202100020404";"165Â 164";"A01";"1";"14";"0";"2";"3";"1";"1";""
"202100020404";"165Â 165";"B01";"3";"7";"0";"2";"8";"15";"1";""
"202100020405";"165Â 163";"A01";"2";"7";"4";"0";"3";"0";"1";""
"202100020406";"165Â 162";"A01";"2";"38";"0";"1";"2";"23";"1";"0"
"202100020407";"165Â 159";"A01";"2";"7";"0";"2";"3";"0";"1";""
"202100020407";"165Â 160";"B01";"1";"7";"0";"2";"3";"0";"1";""
"202100020407";"165Â 161";"C01";"1";"15";"0";"2";"3";"0";"1";""
"202100020408";"165Â 158";"A01";"1";"7";"6";"0";"1";"13";"1";""
"202100020409";"165Â 157";"A01";"1";"7";"15";"0";"1";"1";"1";""
"202100020410";"165Â 155";"A01";"2";"7";"0";"2";"3";"1";"1";""
"202100020410";"165Â 156";"B01";"1";"33";"0";"2";"1";"1";"1";""
"202100020411";"165Â 154";"A01";"3";"10";"0";"1";"0";"1";"1";""
"202100020412";"165Â 153";"A01";"2";"1";"0";"0";"0";"1";"5";""
"202100020413";"165Â 151";"B01";"2";"31";"0";"2";"1";"1";"1";""
"202100020413";"165Â 152";"A01";"1";"7";"0";"2";"3";"15";"1";""
"202100020414";"165Â 149";"A01";"2";"7";"0";"0";"5";"15";"6";""
"202100020414";"165Â 150";"B01";"2";"32";"0";"2";"1";"2";"1";""
"202100020415";"165Â 148";"A01";"2";"33";"0";"0";"0";"17";"1";""
"202100020416";"165Â 147";"A01";"1";"7";"6";"9";"7";"14";"1";""
"202100020417";"165Â 145";"A01";"2";"7";"0";"2";"1";"1";"1";""
"202100020417";"165Â 146";"B01";"1";"7";"0";"0";"1";"1";"1";""
"202100020418";"165Â 144";"A01";"3";"21";"13";"0";"2";"1";"1";""
"202100020419";"165Â 143";"A01";"2";"7";"0";"1";"3";"1";"1";""
"202100020420";"165Â 141";"B01";"1";"7";"0";"2";"3";"9";"1";""
"202100020420";"165Â 142";"A01";"1";"33";"0";"2";"1";"9";"1";""
"202100020421";"165Â 139";"B01";"2";"7";"0";"2";"3";"15";"1";""
"202100020421";"165Â 140";"A01";"2";"7";"0";"2";"2";"13";"1";""
"202100020422";"165Â 136";"A01";"1";"7";"0";"2";"8";"17";"1";""
"202100020422";"165Â 137";"B01";"2";"7";"0";"2";"8";"1";"1";""
"202100020422";"165Â 138";"C01";"2";"7";"0";"2";"2";"1";"1";""
"202100020423";"165Â 135";"A01";"1";"2";"0";"0";"0";"0";"1";""
"202100020424";"165Â 134";"A01";"3";"7";"0";"1";"3";"1";"1";""
"202100020425";"165Â 132";"A01";"1";"2";"0";"2";"1";"1";"1";""
"202100020425";"165Â 133";"B01";"1";"10";"0";"2";"5";"19";"1";""
"202100020426";"165Â 130";"A01";"3";"10";"0";"2";"3";"13";"1";""
"202100020426";"165Â 131";"B01";"3";"7";"0";"2";"3";"1";"1";""
"202100020427";"165Â 129";"A01";"1";"2";"7";"0";"1";"1";"1";""
"202100020428";"165Â 125";"D01";"1";"7";"0";"2";"4";"2";"1";""
"202100020428";"165Â 126";"C01";"1";"7";"0";"2";"4";"2";"1";""
"202100020428";"165Â 127";"B01";"1";"7";"0";"2";"4";"2";"1";""
"202100020428";"165Â 128";"A01";"1";"7";"0";"2";"1";"1";"1";""
"202100020429";"165Â 123";"A01";"1";"43";"0";"2";"8";"13";"1";""
"202100020429";"165Â 124";"B01";"1";"7";"0";"2";"2";"2";"1";""
"202100020430";"165Â 121";"A01";"2";"15";"0";"2";"2";"12";"1";""
"202100020430";"165Â 122";"B01";"2";"7";"0";"2";"6";"1";"1";""
"202100020431";"165Â 118";"C01";"2";"7";"0";"0";"6";"23";"1";""
"202100020431";"165Â 119";"B01";"2";"7";"0";"0";"0";"23";"1";""
"202100020431";"165Â 120";"A01";"2";"7";"0";"2";"1";"9";"1";""
"202100020432";"165Â 116";"B01";"1";"7";"0";"2";"4";"2";"1";""
"202100020432";"165Â 117";"A01";"1";"7";"0";"2";"1";"2";"1";""
"202100020433";"165Â 115";"A01";"2";"7";"0";"0";"1";"1";"1";""
"202100020434";"165Â 113";"A01";"2";"33";"0";"2";"8";"3";"1";""
"202100020434";"165Â 114";"B01";"2";"10";"0";"2";"5";"14";"1";""
"202100020435";"165Â 111";"A01";"2";"7";"0";"2";"1";"2";"1";""
"202100020435";"165Â 112";"B01";"2";"7";"0";"2";"4";"2";"1";""
"202100020436";"165Â 109";"B01";"2";"7";"0";"2";"4";"2";"1";""
"202100020436";"165Â 110";"A01";"2";"7";"0";"2";"1";"1";"1";""
"202100020437";"165Â 107";"A01";"2";"10";"0";"2";"1";"2";"1";""
"202100020437";"165Â 108";"B01";"2";"7";"0";"2";"4";"2";"1";""
"202100020438";"165Â 106";"A01";"1";"7";"3";"0";"3";"2";"1";""
"202100020439";"165Â 103";"A01";"3";"7";"3";"2";"0";"9";"1";""
"202100020439";"165Â 104";"B01";"3";"7";"0";"2";"1";"9";"1";""
"202100020439";"165Â 105";"C01";"3";"7";"0";"2";"1";"9";"1";""
"202100020440";"165Â 101";"B01";"2";"15";"0";"2";"2";"1";"1";""
"202100020440";"165Â 102";"A01";"2";"7";"0";"2";"8";"9";"1";""
"202100020441";"165Â 094";"A01";"1";"7";"0";"2";"4";"1";"1";""
"202100020441";"165Â 095";"B01";"1";"7";"0";"2";"4";"2";"1";""
"202100020441";"165Â 096";"C01";"1";"7";"0";"2";"4";"1";"1";""
"202100020441";"165Â 097";"D01";"1";"7";"0";"2";"4";"2";"1";""
"202100020441";"165Â 098";"E01";"1";"7";"0";"2";"4";"2";"1";""
"202100020441";"165Â 099";"F01";"1";"7";"0";"2";"4";"1";"1";""
"202100020441";"165Â 100";"G01";"1";"10";"0";"2";"1";"2";"1";""
"202100020442";"165Â 092";"A01";"1";"7";"0";"2";"4";"1";"1";""
"202100020442";"165Â 093";"B01";"1";"7";"0";"2";"1";"1";"1";""
"202100020443";"165Â 090";"Z01";"2";"7";"0";"2";"6";"12";"0";""
"202100020443";"165Â 091";"A01";"2";"43";"0";"2";"1";"1";"1";""
"202100020444";"165Â 088";"A01";"1";"7";"0";"2";"1";"17";"1";""
"202100020444";"165Â 089";"B01";"1";"2";"0";"2";"8";"15";"1";""
"202100020445";"165Â 087";"A01";"1";"7";"0";"1";"4";"20";"1";""
"202100020446";"165Â 085";"A01";"1";"14";"0";"2";"1";"2";"1";""
"202100020446";"165Â 086";"B01";"1";"14";"0";"2";"4";"23";"1";""
"202100020447";"165Â 083";"B01";"2";"7";"0";"2";"3";"1";"1";""
"202100020447";"165Â 084";"A01";"1";"7";"0";"2";"8";"15";"1";""
"202100020448";"165Â 082";"A01";"1";"33";"6";"0";"9";"1";"1";""
"202100020449";"165Â 081";"A01";"3";"30";"15";"0";"1";"15";"1";""
"202100020450";"165Â 079";"A01";"1";"34";"0";"2";"3";"15";"1";""
"202100020450";"165Â 080";"B01";"1";"7";"8";"2";"3";"15";"1";""
"202100020451";"165Â 077";"A01";"1";"30";"0";"2";"1";"1";"3";""
"202100020451";"165Â 078";"B01";"1";"7";"0";"2";"4";"23";"1";""
"202100020452";"165Â 075";"A01";"2";"10";"0";"2";"2";"1";"1";""
"202100020452";"165Â 076";"B01";"3";"7";"0";"2";"8";"1";"2";""
"202100020453";"165Â 073";"B01";"3";"7";"0";"2";"0";"0";"1";""
"202100020453";"165Â 074";"A01";"3";"7";"1";"0";"0";"20";"1";""
"202100020454";"165Â 072";"A01";"2";"7";"0";"1";"1";"1";"1";""
"202100020455";"165Â 071";"Z01";"2";"7";"0";"1";"8";"1";"1";""
"202100020456";"165Â 069";"A01";"1";"50";"0";"2";"1";"25";"3";""
"202100020456";"165Â 070";"B01";"1";"7";"0";"2";"7";"9";"1";""
"202100020457";"165Â 067";"B01";"2";"7";"0";"2";"2";"16";"1";""
"202100020457";"165Â 068";"A01";"1";"7";"0";"2";"1";"1";"1";""
"202100020458";"165Â 066";"A01";"1";"7";"0";"1";"2";"1";"1";""
"202100020459";"165Â 065";"A01";"0";"7";"8";"0";"3";"14";"1";""
"202100020460";"165Â 063";"A01";"3";"7";"0";"2";"2";"15";"1";""
"202100020460";"165Â 064";"B01";"3";"30";"0";"2";"1";"8";"1";""
"202100020461";"165Â 061";"A01";"2";"30";"0";"2";"1";"19";"1";""
"202100020461";"165Â 062";"B01";"2";"7";"0";"2";"6";"1";"1";""
"202100020462";"165Â 059";"A01";"1";"7";"0";"2";"3";"15";"1";""
"202100020462";"165Â 060";"B01";"1";"7";"0";"2";"1";"1";"1";""
"202100020463";"165Â 057";"B01";"3";"7";"0";"2";"1";"1";"1";""
"202100020463";"165Â 058";"A01";"3";"7";"9";"2";"1";"15";"1";""
"202100020464";"165Â 056";"A01";"3";"7";"1";"0";"1";"15";"1";""
"202100020465";"165Â 054";"B01";"2";"99";"0";"2";"8";"16";"0";""
"202100020465";"165Â 055";"A01";"1";"7";"0";"2";"8";"13";"1";""
"202100020466";"165Â 051";"B01";"3";"2";"0";"0";"4";"23";"1";""
"202100020466";"165Â 052";"C01";"0";"1";"0";"0";"0";"23";"0";""
"202100020466";"165Â 053";"A01";"0";"7";"0";"2";"1";"26";"0";""
"202100020467";"165Â 049";"B01";"3";"99";"0";"2";"3";"15";"1";""
"202100020467";"165Â 050";"A01";"1";"7";"0";"2";"1";"1";"1";""
"202100020468";"165Â 047";"A01";"0";"7";"1";"2";"3";"13";"1";""
"202100020468";"165Â 048";"B01";"0";"33";"0";"2";"2";"17";"1";""
"202100020469";"165Â 045";"A01";"1";"99";"0";"2";"0";"16";"1";""
"202100020469";"165Â 046";"B01";"1";"99";"0";"2";"0";"0";"1";""
"202100020470";"165Â 043";"A01";"3";"1";"0";"2";"8";"15";"5";""
"202100020470";"165Â 044";"Z01";"2";"7";"0";"2";"8";"9";"0";""
"202100020471";"165Â 042";"A01";"0";"7";"0";"1";"1";"9";"1";""
"202100020472";"165Â 041";"A01";"2";"7";"0";"1";"3";"1";"1";""
"202100020473";"165Â 040";"A01";"3";"7";"0";"1";"3";"1";"2";""
"202100020474";"165Â 038";"B01";"1";"33";"0";"2";"8";"1";"1";""
"202100020474";"165Â 039";"A01";"1";"7";"0";"2";"2";"14";"1";""
"202100020475";"165Â 037";"A01";"1";"1";"0";"0";"1";"1";"5";""
"202100020476";"165Â 035";"A01";"3";"10";"0";"9";"1";"1";"1";""
"202100020476";"165Â 036";"B01";"3";"60";"0";"2";"7";"19";"5";""
"202100020477";"165Â 032";"C01";"1";"7";"0";"2";"4";"1";"1";""
"202100020477";"165Â 033";"B01";"1";"7";"0";"2";"4";"1";"1";""
"202100020477";"165Â 034";"A01";"1";"10";"0";"2";"1";"1";"1";""
"202100020478";"165Â 030";"B01";"2";"7";"0";"2";"3";"21";"2";""
"202100020478";"165Â 031";"A01";"1";"7";"0";"2";"1";"13";"1";""
"202100020479";"165Â 029";"A01";"3";"7";"0";"1";"1";"1";"1";""
"202100020480";"165Â 028";"A01";"1";"1";"12";"0";"0";"17";"5";""
"202100020481";"165Â 026";"B01";"1";"33";"0";"2";"4";"2";"1";""
"202100020481";"165Â 027";"A01";"1";"7";"0";"2";"3";"2";"1";""
"202100020482";"165Â 025";"A01";"1";"10";"0";"1";"2";"16";"1";""
"202100020483";"165Â 023";"B01";"1";"31";"0";"2";"5";"11";"0";""
"202100020483";"165Â 024";"A01";"3";"7";"0";"2";"2";"2";"1";""
"202100020484";"165Â 021";"A01";"1";"30";"0";"2";"7";"16";"1";""
"202100020484";"165Â 022";"B01";"1";"10";"0";"2";"2";"15";"1";""
"202100020485";"165Â 019";"B01";"2";"7";"0";"2";"4";"2";"0";""
"202100020485";"165Â 020";"A01";"2";"7";"0";"2";"1";"2";"1";""
"202100020486";"165Â 018";"A01";"1";"7";"0";"1";"2";"2";"1";""
"202100020487";"165Â 016";"B01";"3";"7";"0";"2";"4";"26";"1";""
"202100020487";"165Â 017";"A01";"3";"7";"0";"2";"1";"26";"1";""
"202100020488";"165Â 015";"A01";"1";"7";"0";"1";"2";"1";"1";""
"202100020489";"165Â 013";"A01";"2";"7";"4";"2";"3";"9";"1";""
"202100020489";"165Â 014";"B01";"2";"33";"0";"2";"7";"1";"1";""
"202100020490";"165Â 011";"B01";"2";"7";"0";"2";"8";"15";"1";""
"202100020490";"165Â 012";"A01";"2";"34";"1";"0";"7";"2";"1";""
"202100020491";"165Â 009";"A01";"2";"37";"0";"2";"7";"0";"6";"1"
"202100020491";"165Â 010";"B01";"2";"7";"0";"2";"1";"16";"1";""
"202100020492";"165Â 006";"A01";"1";"7";"0";"2";"1";"2";"1";""
"202100020492";"165Â 007";"B01";"1";"7";"0";"2";"1";"1";"1";""
"202100020492";"165Â 008";"C01";"1";"7";"0";"2";"4";"1";"1";""
"202100020493";"165Â 005";"A01";"2";"7";"0";"1";"2";"1";"1";""
"202100020494";"165Â 003";"B01";"2";"7";"13";"2";"3";"1";"1";""
"202100020494";"165Â 004";"A01";"1";"7";"17";"2";"3";"13";"2";""
"202100020495";"165Â 001";"A01";"2";"14";"0";"2";"2";"1";"1";""
"202100020495";"165Â 002";"B01";"2";"7";"0";"2";"4";"1";"1";""
"202100020496";"164Â 999";"A01";"0";"30";"2";"0";"1";"15";"1";""
"202100020497";"164Â 997";"B01";"0";"31";"0";"2";"7";"1";"1";""
"202100020497";"164Â 998";"A01";"0";"10";"0";"2";"1";"9";"1";""
"202100020498";"164Â 996";"A01";"2";"7";"9";"0";"1";"0";"1";""
"202100020499";"164Â 994";"B01";"1";"7";"0";"2";"2";"1";"1";""
"202100020499";"164Â 995";"A01";"3";"30";"0";"2";"1";"9";"1";""
"202100020500";"164Â 993";"A01";"3";"7";"0";"1";"1";"1";"1";""
"202100020501";"164Â 990";"C01";"1";"7";"0";"2";"4";"2";"1";""
"202100020501";"164Â 991";"B01";"1";"7";"0";"2";"4";"2";"1";""
"202100020501";"164Â 992";"A01";"1";"7";"0";"2";"1";"2";"1";""
"202100020502";"164Â 987";"B01";"3";"7";"0";"4";"7";"1";"1";""
"202100020502";"164Â 988";"C01";"3";"7";"0";"4";"2";"15";"1";""
"202100020502";"164Â 989";"A01";"1";"40";"0";"2";"1";"1";"0";""
"202100020503";"164Â 985";"A01";"1";"7";"0";"2";"1";"1";"1";""
"202100020503";"164Â 986";"B01";"2";"7";"0";"2";"1";"15";"1";""
"202100020504";"164Â 983";"Z01";"1";"7";"0";"2";"1";"16";"1";""
"202100020504";"164Â 984";"B01";"1";"50";"0";"2";"1";"1";"3";""
"202100020505";"164Â 982";"A01";"1";"7";"0";"1";"1";"1";"1";""
"202100020506";"164Â 981";"A01";"2";"7";"0";"1";"1";"1";"1";""
"202100020507";"164Â 978";"C01";"1";"10";"0";"2";"6";"2";"1";""
"202100020507";"164Â 979";"A01";"1";"7";"14";"2";"1";"2";"1";""
"202100020507";"164Â 980";"B01";"1";"7";"0";"2";"1";"2";"1";""
"202100020508";"164Â 975";"C01";"1";"7";"0";"2";"4";"2";"2";""
"202100020508";"164Â 976";"B01";"1";"7";"0";"2";"4";"2";"1";""
"202100020508";"164Â 977";"A01";"1";"7";"0";"2";"1";"26";"1";""
"202100020509";"164Â 973";"B01";"1";"7";"0";"2";"2";"16";"1";""
"202100020509";"164Â 974";"A01";"1";"1";"0";"2";"8";"2";"5";""
"202100020510";"164Â 972";"A01";"3";"7";"1";"0";"3";"26";"2";""
"202100020511";"164Â 970";"B01";"1";"7";"0";"2";"6";"1";"1";""
"202100020511";"164Â 971";"A01";"2";"7";"0";"2";"3";"13";"1";""
"202100020512";"164Â 968";"A01";"1";"7";"0";"2";"1";"0";"1";""
"202100020512";"164Â 969";"B01";"1";"7";"0";"2";"9";"1";"1";""
"202100020513";"164Â 967";"A01";"2";"7";"0";"1";"1";"2";"1";""
"202100020514";"164Â 966";"A01";"3";"7";"0";"1";"2";"1";"1";""
"202100020515";"164Â 964";"B01";"3";"7";"0";"2";"3";"1";"1";""
"202100020515";"164Â 965";"A01";"3";"30";"0";"2";"1";"1";"1";""
"202100020516";"164Â 962";"B01";"3";"1";"0";"2";"7";"9";"5";""
"202100020516";"164Â 963";"A01";"3";"7";"0";"2";"1";"9";"1";""
"202100020517";"164Â 960";"A01";"0";"7";"0";"2";"3";"15";"1";""
"202100020517";"164Â 961";"B01";"0";"7";"0";"1";"1";"1";"1";""
"202100020518";"164Â 958";"B01";"0";"2";"0";"2";"1";"1";"1";""
"202100020518";"164Â 959";"A01";"0";"7";"0";"2";"5";"15";"1";""
"202100020519";"164Â 957";"A01";"3";"1";"13";"0";"1";"14";"5";""
"202100020520";"164Â 955";"B01";"1";"7";"0";"2";"1";"1";"1";""
"202100020520";"164Â 956";"A01";"1";"7";"0";"2";"3";"15";"1";""
"202100020521";"164Â 954";"A01";"1";"7";"0";"1";"1";"26";"1";""
"202100020522";"164Â 953";"A01";"1";"10";"0";"1";"4";"4";"1";""
"202100020523";"164Â 952";"A01";"1";"1";"0";"0";"0";"1";"5";""
"202100020524";"164Â 951";"A01";"1";"1";"0";"0";"0";"1";"5";""
"202100020525";"164Â 949";"B01";"1";"10";"0";"2";"6";"23";"1";""
"202100020525";"164Â 950";"A01";"1";"13";"0";"2";"2";"11";"1";""
"202100020526";"164Â 948";"A01";"2";"7";"0";"1";"3";"1";"1";""
"202100020527";"164Â 946";"B01";"1";"31";"0";"2";"3";"26";"1";""
"202100020527";"164Â 947";"A01";"1";"99";"0";"2";"2";"16";"1";""
"202100020528";"164Â 944";"B01";"1";"99";"0";"2";"1";"1";"5";""
"202100020528";"164Â 945";"A01";"2";"10";"0";"2";"5";"20";"1";""
"202100020529";"164Â 942";"A01";"1";"1";"0";"4";"3";"26";"5";""
"202100020529";"164Â 943";"B01";"1";"39";"0";"2";"2";"2";"3";""
"202100020530";"164Â 940";"B01";"3";"7";"0";"2";"4";"1";"1";""
"202100020530";"164Â 941";"A01";"3";"7";"0";"2";"1";"1";"1";""
"202100020531";"164Â 939";"A01";"3";"7";"0";"1";"1";"1";"1";""
"202100020532";"164Â 938";"A01";"1";"30";"0";"5";"1";"1";"1";""
"202100020533";"164Â 936";"B01";"3";"50";"0";"2";"7";"19";"3";""
"202100020533";"164Â 937";"A01";"3";"7";"0";"2";"1";"16";"1";""
"202100020534";"164Â 934";"B01";"2";"7";"0";"2";"4";"2";"1";""
"202100020534";"164Â 935";"A01";"2";"7";"0";"2";"1";"2";"2";""
"202100020535";"164Â 932";"B01";"0";"1";"0";"2";"1";"21";"0";""
"202100020535";"164Â 933";"A01";"0";"10";"0";"2";"4";"20";"0";""
"202100020536";"164Â 930";"A01";"0";"7";"1";"0";"2";"1";"1";""
"202100020536";"164Â 931";"B01";"0";"10";"0";"2";"6";"1";"3";""
"202100020537";"164Â 928";"Z01";"1";"7";"0";"2";"1";"1";"0";""
"202100020537";"164Â 929";"B01";"1";"7";"0";"2";"4";"1";"0";""
"202100020538";"164Â 926";"A01";"2";"7";"0";"2";"2";"1";"1";""
"202100020538";"164Â 927";"B01";"3";"1";"0";"2";"1";"9";"0";""
"202100020539";"164Â 924";"B01";"2";"2";"0";"2";"1";"18";"1";""
"202100020539";"164Â 925";"A01";"1";"7";"0";"2";"2";"15";"1";""
"202100020540";"164Â 923";"A01";"1";"7";"0";"1";"2";"26";"1";""
"202100020541";"164Â 921";"A01";"3";"1";"0";"2";"1";"2";"5";""
"202100020541";"164Â 922";"B01";"3";"37";"0";"2";"4";"2";"1";"1"
"202100020542";"164Â 919";"B01";"2";"7";"0";"2";"1";"1";"1";""
"202100020542";"164Â 920";"A01";"1";"7";"0";"2";"1";"13";"1";""
"202100020543";"164Â 916";"C01";"2";"7";"0";"2";"5";"1";"1";""
"202100020543";"164Â 917";"B01";"1";"37";"0";"2";"3";"2";"1";"8"
"202100020543";"164Â 918";"A01";"2";"7";"0";"2";"1";"5";"1";""
"202100020544";"164Â 913";"A01";"0";"7";"0";"2";"1";"9";"1";""
"202100020544";"164Â 914";"C01";"0";"7";"0";"2";"3";"1";"1";""
"202100020544";"164Â 915";"B01";"0";"33";"0";"2";"7";"9";"1";""
"202100020545";"164Â 911";"A01";"1";"7";"0";"2";"3";"9";"1";""
"202100020545";"164Â 912";"B01";"1";"80";"0";"2";"7";"15";"3";""
"202100020546";"164Â 908";"A01";"1";"33";"1";"0";"1";"21";"1";""
"202100020547";"164Â 906";"A01";"2";"7";"0";"2";"1";"26";"1";""
"202100020547";"164Â 907";"B01";"2";"2";"0";"2";"1";"1";"1";""
"202100020548";"164Â 904";"A01";"1";"50";"0";"2";"8";"13";"3";""
"202100020548";"164Â 905";"B01";"1";"7";"0";"9";"7";"2";"1";""
"202100020549";"164Â 901";"C01";"1";"7";"0";"2";"1";"2";"1";""
"202100020549";"164Â 902";"B01";"1";"7";"0";"2";"4";"2";"1";""
"202100020549";"164Â 903";"A01";"1";"7";"0";"2";"4";"2";"1";""
"202100020550";"164Â 899";"A01";"0";"7";"0";"2";"3";"0";"1";""
"202100020550";"164Â 900";"B01";"0";"1";"0";"2";"4";"0";"6";""
"202100020551";"164Â 896";"C01";"2";"7";"0";"9";"0";"1";"1";""
"202100020551";"164Â 897";"B01";"1";"10";"0";"2";"1";"1";"1";""
"202100020551";"164Â 898";"A01";"1";"10";"0";"2";"1";"17";"1";""
"202100020552";"164Â 894";"B01";"1";"7";"0";"2";"4";"2";"2";""
"202100020552";"164Â 895";"A01";"1";"31";"0";"2";"1";"2";"1";""
"202100020553";"164Â 893";"A01";"2";"7";"0";"1";"1";"1";"2";""
"202100020554";"164Â 891";"B01";"1";"34";"0";"2";"1";"1";"1";""
"202100020554";"164Â 892";"A01";"1";"37";"0";"2";"7";"1";"1";"1"
"202100020555";"164Â 889";"B01";"1";"7";"0";"2";"1";"1";"2";""
"202100020555";"164Â 890";"A01";"2";"10";"0";"2";"3";"13";"1";""
"202100020556";"164Â 885";"A01";"2";"32";"0";"2";"2";"1";"1";""
"202100020556";"164Â 886";"B01";"1";"80";"0";"2";"1";"16";"3";""
"202100020557";"164Â 884";"Z01";"1";"33";"0";"1";"8";"1";"1";""
"202100020558";"164Â 882";"A01";"1";"43";"0";"2";"5";"23";"1";""
"202100020558";"164Â 883";"B01";"1";"7";"0";"2";"3";"2";"1";""
"202100020559";"164Â 880";"A01";"1";"32";"0";"2";"3";"7";"1";""
"202100020559";"164Â 881";"B01";"1";"7";"0";"2";"2";"16";"1";""
"202100020560";"164Â 878";"Z01";"1";"10";"0";"2";"3";"15";"0";""
"202100020560";"164Â 879";"A01";"1";"60";"0";"2";"0";"25";"5";""
"202100020561";"164Â 876";"B01";"3";"7";"0";"2";"8";"1";"1";""
"202100020561";"164Â 877";"A01";"3";"33";"0";"2";"1";"1";"1";""
"202100020562";"164Â 875";"A01";"2";"1";"14";"0";"1";"1";"5";""
"202100020563";"164Â 873";"A01";"1";"7";"0";"2";"3";"1";"2";""
"202100020563";"164Â 874";"B01";"3";"1";"0";"2";"7";"19";"5";""
"202100020564";"164Â 872";"A01";"1";"30";"12";"0";"0";"14";"3";""
"202100020565";"164Â 871";"A01";"1";"33";"0";"1";"1";"17";"1";""
"202100020566";"164Â 869";"B01";"2";"1";"0";"0";"1";"21";"5";""
"202100020566";"164Â 870";"A01";"2";"7";"0";"0";"0";"22";"3";""
"202100020567";"164Â 868";"A01";"1";"7";"0";"1";"1";"16";"1";""
"202100020568";"164Â 867";"A01";"0";"7";"0";"1";"2";"15";"1";""