"Num_Acc";"id_vehicule";"num_veh";"senc";"catv";"obs";"obsm";"choc";"manv";"motor";"occutc"
"202100020569";"164Â 865";"A01";"3";"7";"0";"2";"3";"10";"2";""
"202100020569";"164Â 866";"B01";"3";"33";"0";"2";"2";"21";"1";""
"202100020570";"164Â 863";"A01";"2";"7";"0";"2";"1";"11";"1";""
"202100020570";"164Â 864";"B01";"2";"33";"0";"2";"5";"1";"1";""
"202100020571";"164Â 861";"B01";"1";"32";"0";"2";"2";"17";"1";""
"202100020571";"164Â 862";"A01";"1";"7";"0";"2";"3";"13";"1";""
"202100020572";"164Â 860";"A01";"1";"30";"0";"0";"0";"1";"1";""
"202100020573";"164Â 859";"Z01";"1";"50";"0";"1";"7";"1";"3";""
"202100020574";"164Â 857";"B01";"0";"7";"0";"2";"3";"6";"1";""
"202100020574";"164Â 858";"A01";"0";"34";"0";"2";"1";"1";"0";""
"202100020575";"164Â 855";"A01";"1";"7";"0";"2";"1";"2";"1";""
"202100020575";"164Â 856";"B01";"1";"7";"0";"2";"4";"23";"1";""
"202100020576";"164Â 853";"A01";"2";"7";"0";"2";"2";"1";"2";""
"202100020576";"164Â 854";"B01";"1";"33";"0";"2";"1";"1";"1";""
"202100020577";"164Â 851";"A01";"1";"1";"0";"2";"4";"2";"5";""
"202100020577";"164Â 852";"B01";"1";"37";"1";"0";"4";"2";"1";"1"
"202100020578";"164Â 849";"A01";"1";"7";"0";"2";"1";"2";"1";""
"202100020578";"164Â 850";"B01";"1";"10";"0";"2";"4";"2";"1";""
"202100020579";"164Â 847";"P01";"3";"60";"0";"2";"0";"0";"5";""
"202100020579";"164Â 848";"A01";"2";"7";"0";"2";"2";"1";"2";""
"202100020580";"164Â 845";"A01";"1";"43";"0";"2";"1";"13";"1";""
"202100020580";"164Â 846";"B01";"1";"7";"0";"2";"1";"1";"1";""
"202100020581";"164Â 843";"A01";"2";"32";"0";"2";"1";"26";"1";""
"202100020581";"164Â 844";"B01";"2";"7";"0";"0";"6";"2";"2";""
"202100020582";"164Â 841";"B01";"1";"2";"0";"2";"8";"1";"1";""
"202100020582";"164Â 842";"A01";"2";"7";"0";"2";"7";"15";"1";""
"202100020583";"164Â 840";"A01";"1";"7";"0";"1";"3";"19";"1";""
"202100020584";"164Â 838";"B01";"3";"7";"0";"0";"0";"0";"0";""
"202100020584";"164Â 839";"A01";"3";"30";"0";"2";"1";"26";"0";""
"202100020585";"164Â 836";"B01";"2";"7";"0";"2";"5";"13";"1";""
"202100020585";"164Â 837";"A01";"1";"10";"0";"2";"1";"1";"1";""
"202100020586";"164Â 834";"A01";"0";"10";"0";"9";"2";"26";"0";""
"202100020586";"164Â 835";"B01";"0";"50";"0";"0";"1";"15";"3";""
"202100020587";"164Â 832";"A01";"0";"7";"0";"2";"2";"2";"1";""
"202100020587";"164Â 833";"B01";"0";"7";"0";"2";"3";"2";"1";""
"202100020588";"164Â 830";"A01";"2";"99";"0";"2";"1";"26";"0";""
"202100020588";"164Â 831";"B01";"2";"99";"0";"9";"5";"0";"1";""
"202100020589";"164Â 828";"A01";" -1";"7";"0";"2";"7";"16";"1";""
"202100020589";"164Â 829";"B01";" -1";"32";"0";"2";"8";"1";"1";""
"202100020590";"164Â 826";"A01";"3";"1";"0";"2";"1";"1";"5";""
"202100020590";"164Â 827";"B01";"3";"1";"0";"2";"1";"1";"5";""
"202100020591";"164Â 824";"A01";"1";"7";"0";"0";"0";"15";"1";""
"202100020591";"164Â 825";"B01";"1";"7";"8";"0";"1";"1";"1";""
"202100020592";"164Â 822";"B01";"1";"34";"0";"2";"7";"1";"1";""
"202100020592";"164Â 823";"A01";"1";"7";"0";"2";"1";"1";"1";""
"202100020593";"164Â 820";"B01";"1";"7";"0";"2";"3";"9";"1";""
"202100020593";"164Â 821";"A01";"2";"31";"0";"2";"2";"17";"1";""
"202100020594";"164Â 818";"A01";"2";"7";"0";"2";"4";"1";"1";""
"202100020594";"164Â 819";"B01";"2";"13";"0";"2";"1";"2";"1";""
"202100020595";"164Â 816";"A01";"2";"7";"0";"2";"4";"1";"1";""
"202100020595";"164Â 817";"B01";"2";"7";"0";"2";"1";"2";"1";""
"202100020596";"164Â 815";"A01";"1";"7";"0";"1";"1";"1";"1";""
"202100020597";"164Â 812";"C01";"2";"33";"0";"2";"3";"1";"1";""
"202100020597";"164Â 813";"B01";"1";"7";"0";"2";"6";"1";"1";""
"202100020597";"164Â 814";"A01";"1";"33";"0";"2";"1";"1";"1";""
"202100020598";"164Â 810";"A01";"2";"7";"0";"2";"4";"1";"1";""
"202100020598";"164Â 811";"B01";"2";"7";"0";"2";"1";"1";"1";""
"202100020599";"164Â 809";"A01";"2";"7";"1";"1";"2";"14";"1";""
"202100020600";"164Â 808";"A01";"1";"7";"13";"0";"1";"1";"1";""
"202100020601";"164Â 806";"B01";"2";"7";"0";"2";"1";"1";"1";""
"202100020601";"164Â 807";"A01";"1";"7";"0";"2";"1";"13";"1";""
"202100020602";"164Â 804";"B01";"1";"7";"0";"2";"1";"1";"1";""
"202100020602";"164Â 805";"A01";"2";"7";"0";"2";"1";"3";"1";""
"202100020603";"164Â 801";"A01";"1";"7";"0";"1";"4";"1";"1";""
"202100020603";"164Â 802";"C01";"2";"7";"0";"2";"3";"1";"1";""
"202100020603";"164Â 803";"B01";"1";"10";"0";"2";"1";"2";"1";""
"202100020604";"164Â 796";"B01";"2";"33";"0";"2";"1";"21";"1";""
"202100020604";"164Â 797";"A01";"2";"7";"0";"2";"6";"15";"1";""
"202100020605";"164Â 795";"A01";"1";"7";"0";"0";"9";"1";"1";""
"202100020606";"164Â 792";"A01";"2";"7";"0";"2";"2";"1";"1";""
"202100020606";"164Â 793";"B01";"2";"1";"0";"2";"4";"1";"5";""
"202100020606";"164Â 794";"C01";"2";"1";"0";"2";"4";"1";"5";""
"202100020607";"164Â 790";"B01";"1";"33";"0";"2";"1";"17";"1";""
"202100020607";"164Â 791";"A01";"2";"7";"0";"2";"8";"10";"1";""
"202100020608";"164Â 789";"A01";"0";"33";"0";"0";"1";"1";"1";""
"202100020609";"164Â 788";"A01";"3";"36";"8";"0";"3";"1";"1";""
"202100020610";"164Â 786";"B01";"1";"15";"0";"2";"6";"15";"1";""
"202100020610";"164Â 787";"A01";"2";"7";"0";"2";"3";"17";"1";""
"202100020611";"164Â 784";"B01";"1";"1";"0";"2";"7";"0";"5";""
"202100020611";"164Â 785";"A01";"2";"10";"0";"9";"1";"1";"1";""
"202100020612";"164Â 782";"B01";"3";"7";"0";"2";"3";"1";"1";""
"202100020612";"164Â 783";"A01";"3";"21";"0";"2";"8";"1";"1";""
"202100020613";"164Â 778";"C01";"2";"7";"0";"0";"8";"23";"1";""
"202100020613";"164Â 779";"B01";"2";"7";"0";"0";"4";"23";"1";""
"202100020613";"164Â 780";"A01";"2";"7";"1";"0";"1";"14";"1";""
"202100020613";"164Â 781";"D01";"2";"7";"0";"0";"8";"23";"2";""
"202100020614";"164Â 776";"B01";"2";"1";"0";"2";"1";"15";"5";""
"202100020614";"164Â 777";"A01";"1";"7";"0";"2";"2";"1";"1";""
"202100020615";"164Â 775";"A01";"1";"33";"13";"0";"3";"15";"1";""
"202100020616";"164Â 774";"A01";"2";"7";"2";"0";"3";"0";"1";""
"202100020617";"164Â 773";"A01";"1";"7";"6";"0";"8";"13";"1";""
"202100020618";"164Â 772";"A01";"2";"2";"0";"0";"0";"1";"1";""
"202100020619";"164Â 771";"A01";"1";"33";"13";"0";"9";"14";"1";""
"202100020620";"164Â 770";"A01";"1";"7";"0";"9";"8";"15";"1";""
"202100020621";"164Â 768";"A01";"2";"1";"0";"2";"4";"1";"5";""
"202100020621";"164Â 769";"B01";"2";"7";"0";"2";"2";"1";"1";""
"202100020622";"164Â 766";"B01";"2";"1";"0";"0";"4";"13";"5";""
"202100020622";"164Â 767";"A01";"2";"7";"0";"9";"1";"1";"1";""
"202100020623";"164Â 763";"C01";"1";"32";"0";"2";"1";"1";"1";""
"202100020623";"164Â 764";"B01";"2";"7";"0";"2";"4";"15";"1";""
"202100020623";"164Â 765";"A01";"2";"3";"0";"2";"1";"2";"1";""
"202100020624";"164Â 760";"C01";"1";"7";"2";"2";"1";"1";"1";""
"202100020624";"164Â 761";"A01";"2";"7";"2";"2";"3";"1";"1";""
"202100020624";"164Â 762";"B01";"2";"7";"0";"2";"1";"17";"1";""
"202100020625";"164Â 757";"C01";"1";"31";"0";"2";"1";"1";"1";""
"202100020625";"164Â 758";"B01";"1";"33";"0";"2";"1";"1";"1";""
"202100020625";"164Â 759";"A01";"2";"33";"0";"2";"1";"17";"1";""
"202100020626";"164Â 756";"A01";"1";"33";"13";"0";"9";"6";"1";""
"202100020627";"164Â 755";"A01";"1";"7";"8";"0";"2";"21";"1";""
"202100020628";"164Â 753";"B01";"0";"7";"0";"2";"3";"1";"1";""
"202100020628";"164Â 754";"A01";"0";"33";"0";"2";"8";"13";"1";""
"202100020629";"164Â 751";"B01";"1";"10";"0";"9";"3";"1";"1";""
"202100020629";"164Â 752";"A01";"2";"33";"0";"2";"1";"13";"1";""
"202100020630";"164Â 749";"B01";"2";"21";"0";"0";"4";"1";"1";""
"202100020630";"164Â 750";"A01";"2";"7";"0";"2";"1";"14";"1";""
"202100020631";"164Â 748";"A01";"1";"7";"2";"0";"1";"0";"1";""
"202100020632";"164Â 746";"B01";"2";"7";"0";"2";"3";"1";"1";""
"202100020632";"164Â 747";"A01";"1";"2";"0";"2";"1";"13";"1";""
"202100020633";"164Â 744";"A01";"3";"7";"0";"1";"2";"1";"2";""
"202100020634";"164Â 742";"B01";"0";"7";"0";"2";"1";"26";"1";""
"202100020634";"164Â 743";"A01";"0";"7";"6";"2";"2";"15";"1";""
"202100020635";"164Â 739";"B01";"2";"10";"0";"0";"8";"1";"1";""
"202100020635";"164Â 740";"A01";"1";"7";"0";"0";"3";"2";"1";""
"202100020635";"164Â 741";"C01";"2";"7";"0";"0";"8";"1";"1";""
"202100020636";"164Â 738";"A01";"1";"7";"2";"0";"1";"1";"1";""
"202100020637";"164Â 737";"A01";"3";"2";"0";"0";"9";"26";"1";""
"202100020638";"164Â 736";"A01";"3";"7";"13";"0";"1";"1";"1";""
"202100020639";"164Â 734";"B01";"1";"7";"0";"2";"1";"1";"1";""
"202100020639";"164Â 735";"A01";"2";"7";"0";"2";"7";"19";"1";""
"202100020640";"164Â 733";"A01";"1";"33";"0";"0";"7";"1";"1";""
"202100020641";"164Â 731";"A01";"2";"7";"0";"2";"8";"13";"0";""
"202100020641";"164Â 732";"B01";"1";"33";"0";"2";"8";"0";"1";""
"202100020642";"164Â 730";"A01";"0";"7";"6";"0";"1";"0";"1";""
"202100020643";"164Â 729";"A01";"1";"31";"12";"0";"1";"6";"1";""
"202100020644";"164Â 728";"A01";"1";"2";"3";"0";"1";"13";"1";""
"202100020645";"164Â 726";"B01";"1";"7";"0";"0";"3";"1";"1";""
"202100020645";"164Â 727";"A01";"2";"7";"0";"2";"3";"0";"1";""
"202100020646";"164Â 724";"A01";"1";"17";"0";"2";"3";"13";"1";""
"202100020646";"164Â 725";"B01";"2";"17";"0";"2";"3";"1";"1";""
"202100020647";"164Â 722";"A01";"1";"7";"0";"2";"3";"15";"1";""
"202100020647";"164Â 723";"B01";"1";"7";"0";"2";"1";"1";"1";""
"202100020648";"164Â 720";"B01";"1";"31";"0";"2";"1";"21";"1";""
"202100020648";"164Â 721";"A01";"2";"7";"0";"2";"7";"15";"1";""
"202100020649";"164Â 717";"C01";"0";"15";"0";"2";"3";"23";"1";""
"202100020649";"164Â 718";"B01";"2";"10";"0";"2";"4";"23";"1";""
"202100020649";"164Â 719";"A01";"2";"10";"0";"2";"1";"1";"1";""
"202100020650";"164Â 715";"A01";"2";"0";"0";"0";"0";"19";"0";""
"202100020650";"164Â 716";"B01";"1";"1";"0";"0";"9";"1";"5";""
"202100020651";"164Â 713";"B01";"1";"3";"0";"0";"4";"2";"1";""
"202100020651";"164Â 714";"A01";"1";"7";"0";"2";"1";"2";"1";""
"202100020652";"164Â 712";"A01";"2";"7";"0";"1";"3";"1";"1";""
"202100020653";"164Â 711";"A01";"1";"33";"13";"0";"9";"1";"1";""
"202100020654";"164Â 710";"A01";"2";"7";"0";"0";"0";"1";"1";""
"202100020655";"164Â 708";"B01";"3";"7";"0";"2";"8";"13";"1";""
"202100020655";"164Â 709";"A01";"3";"1";"0";"2";"1";"1";"5";""
"202100020656";"164Â 707";"A01";"3";"33";"5";"0";"1";"1";"1";""
"202100020657";"164Â 705";"A01";"2";"2";"5";"0";"2";"1";"1";""
"202100020658";"164Â 703";"A01";"2";"10";"0";"2";"3";"1";"1";""
"202100020658";"164Â 704";"B01";"1";"1";"0";"2";"0";"13";"0";""
"202100020659";"164Â 701";"B01";"3";"7";"0";"2";"2";"2";"1";""
"202100020659";"164Â 702";"A01";"3";"7";"0";"2";"3";"1";"1";""
"202100020660";"164Â 700";"A01";"2";"7";"0";"1";"1";"1";"1";""
"202100020661";"164Â 698";"A01";"1";"10";"0";"0";"6";"2";"1";""
"202100020661";"164Â 699";"B01";"1";"2";"7";"2";"2";"2";"1";""
"202100020662";"164Â 697";"A01";"2";"33";"13";"0";"1";"26";"1";""
"202100020663";"164Â 695";"A01";"1";"7";"0";"2";"5";"12";"1";""
"202100020663";"164Â 696";"B01";"1";"33";"0";"2";"1";"3";"1";""
"202100020664";"164Â 694";"A01";"3";"7";"7";"0";"1";"9";"1";""
"202100020665";"164Â 692";"B01";"1";"7";"0";"2";"6";"11";"1";""
"202100020665";"164Â 693";"A01";"1";"33";"0";"2";"1";"1";"1";""
"202100020666";"164Â 690";"B01";"1";"7";"0";"2";"4";"1";"1";""
"202100020666";"164Â 691";"A01";"1";"10";"0";"2";"2";"1";"1";""
"202100020667";"164Â 688";"B01";"1";"7";"0";"2";"8";"11";"1";""
"202100020667";"164Â 689";"A01";"1";"33";"0";"2";"7";"3";"6";""
"202100020668";"164Â 687";"A01";"1";"10";"0";"1";"7";"1";"1";""
"202100020669";"164Â 686";"A01";"1";"7";"0";"1";"4";"1";"1";""
"202100020670";"164Â 684";"C01";"1";"7";"0";"2";"1";"2";"1";""
"202100020670";"164Â 685";"B01";"1";"7";"0";"2";"6";"23";"1";""
"202100020671";"164Â 683";"A01";"1";"31";"2";"0";"1";"14";"1";""
"202100020672";"164Â 682";"A01";"3";"50";"0";"0";"1";"0";"3";""
"202100020673";"164Â 681";"A01";"2";"33";"15";"0";"8";"1";"1";""
"202100020674";"164Â 679";"A01";"2";"33";"0";"2";"1";"2";"1";""
"202100020674";"164Â 680";"B01";"2";"7";"14";"0";"3";"2";"1";""
"202100020675";"164Â 677";"A01";"2";"33";"0";"2";"1";"2";"1";""
"202100020675";"164Â 678";"B01";"2";"7";"0";"2";"5";"2";"1";""
"202100020676";"164Â 675";"Z01";"2";"10";"0";"2";"1";"13";"1";""
"202100020676";"164Â 676";"A01";"1";"33";"0";"2";"1";"1";"1";""
"202100020677";"164Â 673";"A01";"2";"33";"0";"2";"4";"2";"1";""
"202100020677";"164Â 674";"B01";"2";"1";"0";"2";"2";"2";"5";""
"202100020678";"164Â 672";"Z01";"3";"10";"0";"1";"1";"5";"0";""
"202100020679";"164Â 670";"A01";"3";"7";"0";"2";"3";"9";"1";""
"202100020679";"164Â 671";"B01";"1";"33";"0";"2";"1";"1";"1";""
"202100020680";"164Â 668";"B01";"1";"1";"1";"2";"1";"1";"5";""
"202100020680";"164Â 669";"A01";"2";"7";"1";"2";"7";"24";"1";""
"202100020681";"164Â 667";"A01";"0";"33";"0";"0";"9";"26";"0";""
"202100020682";"164Â 666";"A01";"1";"7";"1";"0";"9";"14";"1";""
"202100020683";"164Â 659";"B01";"3";"7";"0";"2";"2";"1";"1";""
"202100020683";"164Â 660";"A01";"3";"1";"0";"2";"0";"1";"0";""
"202100020684";"164Â 658";"A01";"2";"33";"0";"1";"1";"2";"1";""
"202100020685";"164Â 657";"A01";"2";"7";"0";"1";"2";"1";"1";""
"202100020686";"164Â 654";"B01";"3";"7";"0";"2";"5";"2";"1";""
"202100020686";"164Â 655";"A01";"3";"7";"0";"2";"1";"2";"1";""
"202100020686";"164Â 656";"C01";"3";"7";"0";"2";"4";"2";"1";""
"202100020687";"164Â 652";"A01";"3";"7";"0";"2";"1";"1";"1";""
"202100020687";"164Â 653";"B01";"3";"1";"0";"2";"8";"1";"5";""
"202100020688";"164Â 651";"A01";"1";"30";"15";"0";"2";"26";"1";""
"202100020689";"164Â 649";"A01";"2";"7";"6";"1";"1";"19";"1";""
"202100020689";"164Â 650";"Z01";"2";"7";"0";"2";"8";"10";"1";""
"202100020690";"164Â 646";"A01";"2";"99";"0";"2";"1";"26";"3";""
"202100020690";"164Â 647";"B01";"1";"7";"0";"9";"6";"1";"1";""
"202100020691";"164Â 645";"A01";"1";"3";"6";"0";"1";"26";"1";""
"202100020692";"164Â 642";"A01";"1";"43";"15";"0";"1";"14";"1";""
"202100020693";"164Â 640";"A01";"2";"7";"0";"2";"1";"5";"1";""
"202100020693";"164Â 641";"B01";"1";"32";"0";"2";"1";"1";"1";""
"202100020694";"164Â 639";"A01";"2";"33";"12";"0";"7";"1";"1";""
"202100020695";"164Â 636";"A01";"1";"7";"0";"2";"4";"1";"1";""
"202100020695";"164Â 637";"B01";"1";"7";"0";"2";"4";"1";"1";""
"202100020695";"164Â 638";"C01";"1";"7";"0";"2";"1";"1";"1";""
"202100020696";"164Â 635";"A01";"3";"7";"12";"0";"1";"26";"1";""
"202100020697";"164Â 634";"A01";"1";"7";"0";"1";"6";"1";"1";""
"202100020698";"164Â 632";"CA01";"3";"7";"0";"1";"2";"19";"0";""
"202100020698";"164Â 633";"B01";"3";"50";"0";"2";"1";"19";"0";""
"202100020699";"164Â 630";"B01";"2";"2";"0";"2";"0";"1";"1";""
"202100020699";"164Â 631";"A01";"1";"7";"0";"9";"0";"13";"1";""
"202100020700";"164Â 627";"C01";"1";"10";"0";"2";"8";"1";"0";""
"202100020700";"164Â 628";"A01";"2";"7";"0";"2";"3";"13";"2";""
"202100020700";"164Â 629";"B01";"1";"33";"0";"2";"1";"1";"1";""
"202100020701";"164Â 626";"A01";"2";"7";"8";"0";"1";"19";"1";""
"202100020702";"164Â 624";"A01";"0";"7";"0";"2";"4";"2";"1";""
"202100020702";"164Â 625";"B01";"0";"7";"0";"2";"1";"2";"1";""
"202100020703";"164Â 622";"B01";"2";"33";"0";"2";"2";"1";"1";""
"202100020703";"164Â 623";"A01";"2";"35";"0";"2";"3";"10";"1";""
"202100020704";"164Â 620";"A01";"1";"7";"0";"2";"1";"0";"1";""
"202100020704";"164Â 621";"B01";"3";"7";"0";"2";"3";"0";"1";""
"202100020705";"164Â 618";"A01";"0";"10";"0";"2";"2";"26";"0";""
"202100020705";"164Â 619";"B01";"3";"7";"0";"2";"1";"0";"6";""
"202100020706";"164Â 617";"A01";"3";"7";"0";"1";"1";"15";"1";""
"202100020707";"164Â 616";"A01";"1";"33";"6";"0";"1";"1";"1";""
"202100020708";"164Â 615";"A01";"3";"99";"0";"1";"2";"26";"1";""
"202100020709";"164Â 613";"B01";"2";"1";"0";"2";"1";"15";"5";""
"202100020709";"164Â 614";"A01";"1";"7";"0";"2";"1";"1";"1";""
"202100020710";"164Â 611";"A01";"1";"7";"0";"2";"0";"9";"1";""
"202100020710";"164Â 612";"B01";"1";"32";"0";"2";"1";"1";"1";""
"202100020711";"164Â 609";"A01";"2";"30";"0";"2";"1";"2";"1";""
"202100020711";"164Â 610";"B01";"2";"7";"0";"2";"4";"23";"1";""
"202100020712";"164Â 606";"A01";"1";"30";"0";"2";"8";"2";"1";""
"202100020712";"164Â 607";"Z01";"1";"7";"0";"2";"0";"9";"0";""
"202100020712";"164Â 608";"B01";"1";"7";"0";"2";"6";"2";"1";""
"202100020713";"164Â 604";"A01";"2";"30";"0";"2";"2";"17";"1";""
"202100020713";"164Â 605";"B01";"2";"7";"0";"2";"3";"15";"1";""
"202100020714";"164Â 602";"B01";"1";"7";"0";"2";"2";"1";"1";""
"202100020714";"164Â 603";"A01";"1";"30";"0";"2";"3";"15";"1";""
"202100020715";"164Â 601";"A01";"0";"7";"11";"0";"3";"14";"1";""
"202100020716";"164Â 599";"A01";"1";"7";"0";"2";"2";"1";"2";""
"202100020716";"164Â 600";"B01";"1";"7";"0";"2";"0";"1";"1";""
"202100020717";"164Â 597";"A01";"1";"7";"0";"2";"7";"14";"1";""
"202100020717";"164Â 598";"B01";"1";"7";"0";"2";"8";"24";"1";""
"202100020718";"164Â 595";"B01";"1";"32";"0";"2";"2";"17";"1";""
"202100020718";"164Â 596";"A01";"1";"7";"0";"2";"3";"15";"1";""
"202100020719";"164Â 594";"A01";"1";"7";"0";"1";"2";"1";"1";""
"202100020720";"164Â 592";"B01";"1";"30";"0";"2";"4";"1";"1";""
"202100020720";"164Â 593";"A01";"1";"7";"0";"2";"1";"2";"0";""
"202100020721";"164Â 590";"A01";"1";"7";"0";"2";"7";"1";"1";""
"202100020721";"164Â 591";"B01";"1";"30";"0";"2";"1";"1";"3";""
"202100020722";"164Â 587";"C01";"1";"1";"0";"2";"1";"7";"5";""
"202100020722";"164Â 588";"B01";"1";"1";"0";"2";"0";"7";"5";""
"202100020722";"164Â 589";"A01";"1";"7";"0";"2";"1";"10";"1";""
"202100020723";"164Â 585";"B01";"1";"50";"0";"2";"3";"1";"3";""
"202100020723";"164Â 586";"A01";"1";"7";"0";"2";"5";"22";"1";""
"202100020724";"164Â 583";"B01";"1";"7";"0";"2";"8";"1";"1";""
"202100020724";"164Â 584";"A01";"2";"31";"0";"2";"1";"1";"1";""
"202100020725";"164Â 581";"B01";"2";"31";"0";"2";"3";"1";"1";""
"202100020725";"164Â 582";"A01";"1";"7";"0";"2";"2";"15";"2";""
"202100020726";"164Â 579";"A01";"1";"7";"0";"2";"1";"0";"1";""
"202100020726";"164Â 580";"B01";"3";"1";"0";"2";"8";"0";"5";""
"202100020727";"164Â 577";"A01";"1";"30";"0";"2";"1";"2";"1";""
"202100020727";"164Â 578";"B01";"1";"7";"0";"2";"5";"2";"1";""
"202100020728";"164Â 575";"B01";"0";"10";"0";"2";"2";"2";"1";""
"202100020728";"164Â 576";"A01";"0";"7";"1";"0";"2";"26";"1";""
"202100020729";"164Â 574";"A01";"1";"7";"0";"1";"1";"1";"1";""
"202100020730";"164Â 572";"B01";"1";"7";"8";"2";"2";"1";"1";""
"202100020730";"164Â 573";"A01";"2";"7";"0";"2";"2";"15";"1";""
"202100020731";"164Â 571";"A01";"3";"7";"13";"0";"3";"2";"1";""
"202100020732";"164Â 570";"A01";"3";"2";"1";"0";"1";"1";"1";""
"202100020733";"164Â 569";"A01";"2";"33";"15";"0";"1";"6";"1";""
"202100020734";"164Â 568";"A01";"0";"7";"2";"0";"8";"1";"1";""
"202100020735";"164Â 567";"A01";"1";"7";"8";"0";"0";"1";"1";""
"202100020736";"164Â 565";"B01";"0";"10";"1";"2";"3";"1";"1";""
"202100020736";"164Â 566";"A01";"0";"10";"1";"2";"2";"1";"1";""
"202100020737";"164Â 564";"A01";"3";"10";"0";"1";"4";"4";"1";""
"202100020738";"164Â 561";"C01";"1";"1";"0";"2";"8";"1";"5";""
"202100020738";"164Â 562";"B01";"2";"7";"0";"2";"3";"1";"1";""
"202100020738";"164Â 563";"A01";"1";"10";"0";"2";"3";"17";"1";""
"202100020739";"164Â 560";"A01";"1";"33";"13";"0";"1";"1";"1";""
"202100020740";"164Â 559";"A01";"2";"7";"0";"1";"1";"1";"1";""
"202100020741";"164Â 557";"B01";"2";"21";"0";"2";"6";"15";"1";""
"202100020741";"164Â 558";"A01";"2";"33";"0";"2";"1";"17";"1";""
"202100020742";"164Â 555";"A01";"1";"7";"0";"2";"3";"10";"1";""
"202100020742";"164Â 556";"B01";"1";"33";"0";"2";"2";"1";"1";""
"202100020743";"164Â 552";"B01";"1";"10";"0";"2";"6";"1";"1";""
"202100020743";"164Â 553";"A01";"1";"7";"0";"2";"2";"1";"1";""
"202100020743";"164Â 554";"C01";"1";"7";"0";"2";"4";"1";"1";""
"202100020744";"164Â 551";"A01";"2";"2";"7";"0";"3";"1";"1";""
"202100020745";"164Â 549";"B01";"2";"1";"0";"2";"3";"2";"6";""
"202100020745";"164Â 550";"A01";"2";"7";"0";"9";"2";"21";"1";""
"202100020746";"164Â 548";"A01";"0";"33";"0";"0";"0";"1";"1";""
"202100020747";"164Â 546";"B01";"2";"7";"0";"0";"6";"1";"1";""
"202100020747";"164Â 547";"A01";"2";"7";"7";"2";"1";"14";"1";""
"202100020748";"164Â 544";"B01";"1";"7";"0";"2";"2";"13";"1";""
"202100020748";"164Â 545";"A01";"1";"2";"0";"2";"1";"15";"1";""
"202100020749";"164Â 543";"A01";"1";"7";"2";"0";"2";"17";"1";""
"202100020750";"164Â 542";"A01";"1";"7";"2";"0";"1";"1";"1";""
"202100020751";"164Â 541";"A01";"0";"7";"0";"1";"2";"2";"1";""
"202100020752";"164Â 539";"A01";"1";"32";"0";"2";"4";"1";"1";""
"202100020752";"164Â 540";"B01";"1";"31";"0";"2";"1";"1";"1";""
"202100020753";"164Â 537";"A01";"2";"7";"0";"2";"1";"13";"1";""
"202100020753";"164Â 538";"B01";"1";"10";"0";"2";"2";"21";"1";""
"202100020754";"164Â 536";"A01";"3";"31";"0";"0";"0";"0";"1";""
"202100020755";"164Â 535";"A01";"2";"33";"13";"0";"8";"1";"1";""
"202100020756";"164Â 533";"B01";"1";"80";"0";"2";"4";"2";"3";""
"202100020756";"164Â 534";"A01";"1";"7";"0";"2";"0";"2";"1";""
"202100020757";"164Â 531";"A01";"1";"7";"0";"2";"1";"1";"1";""
"202100020757";"164Â 532";"B01";"1";"2";"0";"2";"4";"1";"1";""
"202100020758";"164Â 529";"B01";"3";"33";"0";"2";"8";"1";"1";""
"202100020758";"164Â 530";"A01";"3";"10";"0";"2";"1";"16";"1";""
"202100020759";"164Â 528";"A01";"2";"33";"0";"0";"0";"1";"1";""
"202100020760";"164Â 527";"A01";"2";"33";"0";"0";"7";"1";"1";""
"202100020761";"164Â 525";"A01";"2";"15";"0";"0";"0";"2";"1";""
"202100020761";"164Â 526";"B01";"2";"1";"12";"0";"0";"2";"5";""
"202100020762";"164Â 524";"A01";"1";"7";"2";"0";"9";"0";"1";""
"202100020763";"164Â 523";"A01";"2";"2";"12";"0";"0";"21";"1";""
"202100020764";"164Â 522";"A01";"3";"7";"6";"0";"8";"2";"1";""
"202100020765";"164Â 521";"A01";"1";"2";"2";"0";"1";"1";"1";""
"202100020766";"164Â 520";"A01";"2";"33";"3";"0";"3";"1";"1";""
"202100020767";"164Â 518";"A01";"2";"1";"0";"2";"1";"13";"5";""
"202100020767";"164Â 519";"B01";"1";"7";"0";"2";"2";"1";"1";""
"202100020768";"164Â 516";"B01";"2";"2";"0";"2";"1";"1";"1";""
"202100020768";"164Â 517";"A01";"1";"7";"0";"2";"2";"15";"1";""
"202100020769";"164Â 515";"A01";"1";"7";"9";"0";"1";"11";"1";""
"202100020770";"164Â 514";"A01";"2";"7";"2";"0";"3";"13";"1";""
"202100020771";"164Â 512";"B01";"1";"33";"0";"2";"1";"1";"1";""
"202100020771";"164Â 513";"A01";"2";"10";"0";"2";"2";"9";"1";""
"202100020772";"164Â 510";"B01";"1";"7";"0";"2";"2";"2";"1";""
"202100020772";"164Â 511";"A01";"1";"7";"0";"2";"6";"16";"1";""
"202100020773";"164Â 508";"B01";"1";"33";"0";"2";"1";"1";"1";""
"202100020773";"164Â 509";"A01";"2";"7";"0";"2";"1";"15";"1";""
"202100020774";"164Â 506";"B01";"1";"7";"0";"2";"2";"1";"1";""