"Num_Acc";"id_vehicule";"num_veh";"senc";"catv";"obs";"obsm";"choc";"manv";"motor";"occutc"
"202100020774";"164Â 507";"A01";"3";"21";"0";"2";"5";"26";"1";""
"202100020775";"164Â 505";"A01";"1";"10";"2";"0";"2";"1";"1";""
"202100020776";"164Â 504";"A01";"2";"1";"0";"0";"0";"1";"5";""
"202100020777";"164Â 503";"A01";"2";"7";"2";"0";"1";"1";"1";""
"202100020778";"164Â 502";"A01";"1";"7";"8";"0";"1";"15";"1";""
"202100020779";"164Â 501";"A01";"0";"36";"0";"0";"9";"1";"1";""
"202100020780";"164Â 500";"A01";"3";"7";"0";"0";"1";"1";"1";""
"202100020781";"164Â 499";"A01";"1";"33";"13";"0";"1";"1";"1";""
"202100020782";"164Â 498";"A01";"1";"33";"16";"0";"0";"1";"1";""
"202100020783";"164Â 496";"A01";"2";"7";"0";"2";"5";"12";"1";""
"202100020783";"164Â 497";"B01";"2";"7";"0";"2";"3";"1";"1";""
"202100020784";"164Â 494";"B01";"2";"7";"0";"2";"2";"1";"1";""
"202100020784";"164Â 495";"A01";"2";"33";"0";"2";"3";"9";"1";""
"202100020785";"164Â 492";"A01";"2";"7";"0";"2";"3";"2";"1";""
"202100020785";"164Â 493";"B01";"2";"7";"0";"0";"5";"2";"1";""
"202100020786";"164Â 490";"B01";"2";"1";"0";"2";"1";"1";"5";""
"202100020786";"164Â 491";"A01";"1";"7";"0";"2";"2";"20";"1";""
"202100020787";"164Â 489";"A01";"2";"2";"0";"0";"7";"0";"1";""
"202100020788";"164Â 487";"B01";"1";"33";"0";"2";"1";"1";"1";""
"202100020788";"164Â 488";"A01";"2";"7";"8";"2";"3";"17";"1";""
"202100020789";"164Â 485";"B01";"2";"10";"0";"2";"3";"1";"1";""
"202100020789";"164Â 486";"A01";"1";"7";"0";"2";"3";"13";"1";""
"202100020790";"164Â 484";"A01";"2";"33";"13";"0";"3";"1";"0";""
"202100020791";"164Â 483";"A01";"2";"33";"2";"0";"1";"1";"1";""
"202100020792";"164Â 480";"C01";"2";"1";"0";"9";"1";"1";"5";""
"202100020792";"164Â 481";"B01";"1";"1";"0";"2";"1";"1";"5";""
"202100020792";"164Â 482";"A01";"1";"7";"0";"9";"7";"15";"1";""
"202100020793";"164Â 479";"A01";"1";"7";"14";"0";"1";"0";"1";""
"202100020794";"164Â 478";"A01";"2";"33";"0";"0";"7";"1";"1";""
"202100020795";"164Â 476";"B01";"3";"80";"0";"0";"9";"1";"3";""
"202100020795";"164Â 477";"A01";"3";"80";"0";"0";"9";"1";"3";""
"202100020796";"164Â 474";"A01";"3";"7";"0";"9";"3";"1";"1";""
"202100020796";"164Â 475";"B01";"3";"80";"0";"2";"3";"13";"3";""
"202100020797";"164Â 473";"A01";"3";"7";"1";"0";"2";"1";"1";""
"202100020798";"164Â 472";"A01";"3";"33";"0";"0";"7";"1";"1";""
"202100020799";"164Â 470";"A01";"2";"7";"0";"2";"7";"15";"1";""
"202100020799";"164Â 471";"B01";"1";"33";"0";"2";"1";"1";"1";""
"202100020800";"164Â 468";"A01";"1";"7";"0";"2";"2";"2";"1";""
"202100020800";"164Â 469";"B01";"1";"80";"0";"0";"4";"1";"3";""
"202100020801";"164Â 466";"B01";"1";"7";"0";"2";"3";"1";"1";""
"202100020801";"164Â 467";"A01";"1";"31";"0";"0";"7";"15";"1";""
"202100020802";"164Â 465";"A01";"2";"7";"3";"0";"3";"21";"1";""
"202100020803";"164Â 463";"A01";"2";"7";"0";"2";"4";"2";"1";""
"202100020803";"164Â 464";"B01";"2";"7";"0";"2";"1";"2";"1";""
"202100020804";"164Â 460";"C01";"1";"7";"0";"2";"1";"2";"1";""
"202100020804";"164Â 461";"B01";"1";"7";"0";"2";"4";"2";"1";""
"202100020804";"164Â 462";"A01";"1";"7";"0";"2";"4";"2";"1";""
"202100020805";"164Â 459";"A01";"2";"7";"4";"0";"2";"14";"1";""
"202100020806";"164Â 456";"C01";"2";"7";"0";"2";"4";"2";"1";""
"202100020806";"164Â 457";"B01";"2";"7";"0";"2";"4";"2";"1";""
"202100020806";"164Â 458";"A01";"2";"7";"0";"2";"1";"2";"1";""
"202100020807";"164Â 454";"A01";"1";"7";"0";"2";"2";"2";"1";""
"202100020807";"164Â 455";"B01";"1";"7";"0";"2";"6";"11";"1";""
"202100020808";"164Â 452";"A01";"2";"7";"0";"2";"8";"11";"1";""
"202100020808";"164Â 453";"B01";"2";"32";"0";"2";"7";"1";"1";""
"202100020809";"164Â 448";"A01";"2";"10";"0";"2";"1";"2";"1";""
"202100020809";"164Â 449";"B01";"2";"7";"0";"2";"4";"2";"2";""
"202100020809";"164Â 450";"C01";"2";"7";"0";"2";"4";"2";"1";""
"202100020809";"164Â 451";"D01";"2";"7";"0";"2";"4";"2";"1";""
"202100020810";"164Â 446";"A01";"1";"7";"0";"2";"2";"2";"1";""
"202100020810";"164Â 447";"B01";"1";"7";"0";"2";"6";"2";"1";""
"202100020811";"164Â 444";"A01";"1";"7";"3";"2";"3";"14";"1";""
"202100020811";"164Â 445";"B01";"1";"7";"0";"2";"5";"1";"1";""
"202100020812";"164Â 443";"A01";"2";"7";"4";"0";"1";"9";"1";""
"202100020813";"164Â 442";"A01";"2";"33";"0";"0";"9";"3";"1";""
"202100020814";"164Â 440";"A01";"2";"7";"0";"2";"1";"2";"1";""
"202100020814";"164Â 441";"B01";"2";"7";"0";"2";"4";"2";"1";""
"202100020815";"164Â 438";"B01";"2";"7";"4";"2";"4";"2";"1";""
"202100020815";"164Â 439";"A01";"2";"43";"4";"2";"1";"2";"1";""
"202100020816";"164Â 436";"B01";"2";"7";"0";"2";"7";"12";"1";""
"202100020816";"164Â 437";"A01";"2";"33";"0";"2";"1";"3";"1";""
"202100020817";"164Â 433";"C01";"2";"7";"0";"2";"6";"2";"1";""
"202100020817";"164Â 434";"B01";"2";"7";"0";"2";"0";"1";"1";""
"202100020817";"164Â 435";"A01";"2";"7";"0";"2";"1";"1";"1";""
"202100020818";"164Â 431";"B01";"2";"7";"0";"2";"6";"1";"1";""
"202100020818";"164Â 432";"A01";"2";"7";"4";"2";"1";"14";"1";""
"202100020819";"164Â 430";"A01";"2";"7";"0";"2";"9";"1";"1";""
"202100020820";"164Â 429";"A01";"1";"7";"4";"0";"2";"1";"1";""
"202100020821";"164Â 427";"B01";"2";"7";"4";"2";"1";"16";"1";""
"202100020821";"164Â 428";"A01";"2";"7";"4";"2";"5";"16";"1";""
"202100020822";"164Â 425";"Z01";"1";"99";"0";"2";"6";"3";"1";""
"202100020822";"164Â 426";"A01";"1";"7";"0";"2";"2";"2";"1";""
"202100020823";"164Â 423";"B01";"1";"7";"0";"2";"8";"11";"1";""
"202100020823";"164Â 424";"A01";"1";"7";"0";"2";"7";"1";"1";""
"202100020824";"164Â 421";"A01";"2";"32";"8";"2";"7";"1";"1";""
"202100020824";"164Â 422";"B01";"1";"7";"0";"2";"2";"17";"1";""
"202100020825";"164Â 420";"A01";"1";"7";"0";"0";"3";"26";"1";""
"202100020826";"164Â 419";"A01";"1";"33";"4";"0";"1";"1";"1";""
"202100020827";"164Â 417";"B01";"1";"32";"0";"2";"1";"1";"1";""
"202100020827";"164Â 418";"A01";"2";"32";"0";"2";"1";"17";"1";""
"202100020828";"164Â 415";"A01";"1";"7";"0";"9";"1";"14";"1";""
"202100020828";"164Â 416";"B01";"1";"1";"0";"2";"1";"15";"5";""
"202100020829";"164Â 413";"B01";"2";"33";"0";"2";"1";"1";"1";""
"202100020829";"164Â 414";"A01";"1";"7";"0";"2";"8";"15";"1";""
"202100020830";"164Â 410";"C01";"3";"50";"0";"2";"7";"19";"3";""
"202100020830";"164Â 411";"B01";"3";"50";"0";"2";"7";"19";"3";""
"202100020830";"164Â 412";"A01";"1";"99";"0";"2";"1";"26";"6";""
"202100020831";"164Â 409";"A01";" -1";"10";"0";"1";"3";"15";"1";""
"202100020832";"164Â 408";"A01";"3";"7";"0";"1";"7";"9";"1";""
"202100020833";"164Â 406";"A01";"1";"7";"0";"2";"3";"9";"1";""
"202100020833";"164Â 407";"B01";"1";"10";"0";"2";"2";"1";"1";""
"202100020834";"164Â 404";"A01";"1";"7";"0";"2";"1";"2";"1";""
"202100020834";"164Â 405";"B01";"1";"7";"0";"0";"4";"2";"1";""
"202100020835";"164Â 402";"A01";"1";"3";"0";"2";"1";"13";"1";""
"202100020835";"164Â 403";"B01";"2";"7";"0";"2";"1";"1";"1";""
"202100020836";"164Â 398";"A01";"0";"31";"0";"2";"1";"1";"1";""
"202100020836";"164Â 399";"B01";"0";"7";"0";"2";"8";"1";"1";""
"202100020837";"164Â 396";"B01";"2";"2";"0";"2";"2";"2";"1";""
"202100020837";"164Â 397";"A01";"3";"7";"0";"2";"8";"9";"1";""
"202100020838";"164Â 394";"A01";"1";"7";"0";"2";"3";"23";"1";""
"202100020838";"164Â 395";"B01";"1";"2";"0";"2";"1";"18";"1";""
"202100020839";"164Â 393";"A01";"2";"32";"0";"0";"7";"21";"1";""
"202100020840";"164Â 391";"B01";"2";"7";"0";"2";"2";"16";"1";""
"202100020840";"164Â 392";"A01";"2";"2";"0";"2";"8";"18";"1";""
"202100020841";"164Â 389";"B01";"1";"7";"0";"2";"1";"0";"1";""
"202100020841";"164Â 390";"A01";"1";"7";"0";"2";"0";"5";"1";""
"202100020842";"164Â 388";"A01";"2";"30";"2";"0";"1";"1";"1";""
"202100020843";"164Â 387";"A01";"1";"7";"0";"1";"1";"26";"1";""
"202100020844";"164Â 386";"A01";"1";"7";"0";"1";"0";"15";" -1";""
"202100020845";"164Â 384";"B01";"2";"33";"0";"2";"7";"1";"1";""
"202100020845";"164Â 385";"A01";"1";"7";"0";"2";"1";"1";"1";""
"202100020846";"164Â 383";"A01";"1";"1";"12";"0";"1";"1";"5";""
"202100020847";"164Â 381";"A01";"1";"1";"0";"2";"3";"15";"5";""
"202100020847";"164Â 382";"B01";"1";"30";"0";"2";"2";"26";"1";""
"202100020848";"164Â 380";"A01";"0";"7";"8";"0";"0";"1";"1";""
"202100020849";"164Â 379";"A01";"0";"37";"0";"1";"1";"0";"1";"1"
"202100020850";"164Â 378";"A01";"0";"37";"0";"1";"2";"16";"1";"1"
"202100020851";"164Â 376";"B01";"1";"33";"0";"2";"5";"1";"1";""
"202100020851";"164Â 377";"A01";"1";"7";"0";"2";"2";"9";"1";""
"202100020852";"164Â 374";"A01";"0";"7";"0";"2";"1";"15";"1";""
"202100020852";"164Â 375";"B01";"0";"7";"0";"2";"3";"1";"1";""
"202100020853";"164Â 373";"A01";"1";"7";"0";"1";"3";"1";"1";""
"202100020854";"164Â 371";"A01";"3";"7";"0";"9";"3";"2";"1";""
"202100020854";"164Â 372";"B01";"3";"50";"0";"2";"1";"1";"3";""
"202100020855";"164Â 369";"B01";"3";"7";"0";"2";"3";"1";"1";""
"202100020855";"164Â 370";"A01";"2";"50";"0";"2";"1";"1";"3";""
"202100020856";"164Â 367";"A01";"2";"7";"0";"2";"1";"15";"1";""
"202100020856";"164Â 368";"B01";"3";"7";"0";"2";"3";"26";"1";""
"202100020857";"164Â 365";"A01";"2";"32";"0";"2";"8";"1";"1";""
"202100020857";"164Â 366";"B01";"2";"7";"0";"2";"7";"16";"1";""
"202100020858";"164Â 363";"A01";"2";"7";"0";"2";"1";"1";"1";""
"202100020858";"164Â 364";"B01";"2";"7";"0";"2";"4";"15";"1";""
"202100020859";"164Â 362";"A01";"1";"7";"0";"1";"2";"9";"1";""
"202100020860";"164Â 360";"A01";"3";"7";"0";"2";"9";"15";"1";""
"202100020860";"164Â 361";"B01";"3";"7";"0";"2";"1";"1";"1";""
"202100020861";"164Â 357";"A01";"3";"7";"0";"2";"1";"2";"1";""
"202100020861";"164Â 358";"B01";"3";"7";"0";"2";"3";"2";"1";""
"202100020861";"164Â 359";"C01";"3";"7";"0";"2";"4";"26";"1";""
"202100020862";"164Â 355";"A01";"0";"7";"0";"2";"2";"15";"1";""
"202100020862";"164Â 356";"B01";"0";"33";"0";"2";"1";"1";"1";""
"202100020863";"164Â 354";"A01";"2";"7";"6";"0";"1";"0";"1";""
"202100020864";"164Â 353";"A01";"1";"1";"0";"1";"1";"1";"5";""
"202100020865";"164Â 352";"A01";"3";"7";"0";"1";"7";"16";"1";""
"202100020866";"164Â 350";"B01";"1";"33";"0";"2";"1";"1";"1";""
"202100020866";"164Â 351";"A01";"1";"7";"0";"2";"3";"15";"1";""
"202100020867";"164Â 347";"A01";"1";"7";"0";"2";"1";"2";"2";""
"202100020867";"164Â 348";"B01";"1";"7";"0";"2";"6";"1";"1";""
"202100020867";"164Â 349";"C01";"1";"7";"0";"0";"4";"1";"1";""
"202100020868";"164Â 345";"A01";"0";"7";"0";"2";"1";"1";"1";""
"202100020868";"164Â 346";"B01";"0";"7";"0";"2";"4";"1";"1";""
"202100020869";"164Â 344";"A01";"0";"7";"5";"0";"0";"1";" -1";""
"202100020870";"164Â 342";"A01";"1";"7";"0";"2";"1";"2";"2";""
"202100020870";"164Â 343";"B01";"1";"7";"0";"2";"4";"2";"1";""
"202100020871";"164Â 340";"A01";"2";"7";"0";"2";"5";"4";"1";""
"202100020871";"164Â 341";"B01";"2";"1";"0";"2";"5";"1";"5";""
"202100020872";"164Â 338";"B01";"2";"7";"0";"2";"4";"23";"1";""
"202100020872";"164Â 339";"A01";"2";"2";"0";"2";"1";"2";"1";""
"202100020873";"164Â 337";"Z01";"3";"1";"0";"1";"0";"0";"5";""
"202100020874";"164Â 336";"A01";"1";"43";"9";"0";"1";"26";"1";""
"202100020875";"164Â 335";"A01";"3";"7";"0";"1";"1";"0";"1";""
"202100020876";"164Â 334";"A01";"1";"30";"0";"0";"1";"1";"1";""
"202100020877";"164Â 332";"A01";"2";"32";"0";"2";"1";"1";"1";""
"202100020877";"164Â 333";"B01";"3";"1";"0";"0";"0";"0";"0";""
"202100020878";"164Â 330";"A01";"1";"3";"0";"2";"0";"0";"0";""
"202100020878";"164Â 331";"B01";"0";"3";"0";"0";"0";"0";"0";""
"202100020879";"164Â 328";"A01";"1";"7";"0";"2";"3";"11";"1";""
"202100020879";"164Â 329";"B01";"1";"7";"0";"2";"5";"1";"1";""
"202100020880";"164Â 326";"B01";"2";"10";"0";"2";"5";"1";"1";""
"202100020880";"164Â 327";"A01";"2";"31";"0";"2";"3";"3";"1";""
"202100020881";"164Â 324";"A01";"3";"7";"0";"2";"7";"1";"1";""
"202100020881";"164Â 325";"B01";"3";"7";"0";"2";"1";"1";"1";""
"202100020882";"164Â 322";"Z01";"2";"7";"0";"2";"3";"10";"0";""
"202100020882";"164Â 323";"A01";"1";"30";"0";"2";"3";"1";"1";""
"202100020883";"164Â 320";"B01";"1";"80";"0";"2";"1";"18";"3";""
"202100020883";"164Â 321";"A01";"1";"7";"0";"2";"3";"22";"1";""
"202100020884";"164Â 319";"A01";"1";"1";"0";"0";"0";"1";"5";""
"202100020885";"164Â 317";"A01";"2";"10";"0";"2";"7";"14";"1";""
"202100020885";"164Â 318";"B01";"2";"50";"0";"2";"3";"1";"3";""
"202100020886";"164Â 316";"A01";"2";"7";"0";"1";"2";"1";"2";""
"202100020887";"164Â 314";"B01";"1";"33";"0";"2";"3";"18";"1";""
"202100020887";"164Â 315";"A01";"1";"7";"0";"2";"2";"16";"1";""
"202100020888";"164Â 312";"B01";"1";"33";"0";"2";"8";"1";"1";""
"202100020888";"164Â 313";"A01";"1";"7";"0";"2";"1";"9";"1";""
"202100020889";"164Â 310";"B01";"2";"14";"0";"2";"4";"23";"1";""
"202100020889";"164Â 311";"A01";"2";"30";"1";"0";"1";"1";"1";""
"202100020890";"164Â 309";"A01";"3";"7";"0";"1";"2";"15";"1";""
"202100020891";"164Â 307";"B01";"0";"7";"0";"2";"8";"2";"1";""
"202100020891";"164Â 308";"A01";"0";"7";"0";"2";"2";"2";"1";""
"202100020892";"164Â 304";"B01";"2";"33";"0";"2";"4";"26";"1";""
"202100020892";"164Â 305";"C01";"2";"10";"0";"2";"4";"20";"1";""
"202100020892";"164Â 306";"A01";"2";"7";"0";"2";"1";"2";"2";""
"202100020893";"164Â 302";"A01";"1";"34";"0";"2";"8";"1";"1";""
"202100020893";"164Â 303";"B01";"1";"7";"0";"2";"7";"16";"1";""
"202100020894";"164Â 300";"A01";"1";"30";"0";"2";"1";"26";"1";""
"202100020894";"164Â 301";"B01";"1";"50";"0";"2";"2";"0";"3";""
"202100020895";"164Â 299";"A01";"1";"7";"1";"0";"2";"14";"2";""
"202100020896";"164Â 298";"A01";"1";"7";"0";"1";"2";"16";"1";""
"202100020897";"164Â 296";"B01";"2";"7";"0";"2";"4";"1";"1";""
"202100020897";"164Â 297";"A01";"2";"30";"0";"2";"1";"2";"1";""
"202100020898";"164Â 294";"A01";"1";"31";"0";"2";"1";"1";"1";""
"202100020898";"164Â 295";"B01";"1";"30";"0";"2";"4";"15";"1";""
"202100020899";"164Â 293";"A01";"2";"7";"0";"0";"0";"0";"1";""
"202100020900";"164Â 291";"B01";"2";"33";"0";"2";"1";"2";"1";""
"202100020900";"164Â 292";"A01";"1";"7";"0";"2";"5";"2";"1";""
"202100020901";"164Â 290";"A01";"1";"30";"15";"0";"1";"0";"1";""
"202100020902";"164Â 287";"C01";"2";"7";"1";"2";"1";"2";"1";""
"202100020902";"164Â 288";"B01";"2";"7";"4";"0";"7";"23";"1";""
"202100020902";"164Â 289";"A01";"2";"7";"3";"2";"6";"1";"1";""
"202100020903";"164Â 285";"A01";"2";"33";"0";"2";"1";"17";"1";""
"202100020903";"164Â 286";"B01";"2";"7";"0";"2";"3";"15";"1";""
"202100020904";"164Â 284";"A01";"1";"35";"0";"0";"8";"9";"1";""
"202100020905";"164Â 282";"A01";"2";"7";"0";"2";"3";"13";"1";""
"202100020905";"164Â 283";"B01";"1";"7";"0";"2";"8";"1";"2";""
"202100020906";"164Â 281";"A01";"2";"7";"13";"0";"1";"1";"1";""
"202100020907";"164Â 279";"A01";"3";"37";"0";"2";"1";"2";"1";"2"
"202100020907";"164Â 280";"B01";"3";"7";"0";"2";"4";"15";"1";""
"202100020908";"164Â 278";"A01";"1";"2";"0";"0";"9";"14";"1";""
"202100020909";"164Â 276";"B01";"1";"7";"0";"2";"3";"13";"1";""
"202100020909";"164Â 277";"A01";"2";"7";"0";"2";"1";"1";"1";""
"202100020910";"164Â 275";"A01";"0";"2";"0";"0";"2";"16";"1";""
"202100020911";"164Â 274";"A01";"1";"33";"15";"0";"1";"0";"1";""
"202100020912";"164Â 273";"A01";"2";"2";"0";"0";"0";"15";"1";""
"202100020913";"164Â 271";"A01";"0";"7";"0";"2";"3";"0";"1";""
"202100020913";"164Â 272";"B01";"1";"7";"0";"2";"2";"1";"1";""
"202100020914";"164Â 270";"A01";"3";"7";"15";"0";"1";"14";"1";""
"202100020915";"164Â 268";"A01";"1";"7";"0";"2";"3";"19";"1";""
"202100020915";"164Â 269";"B01";"1";"31";"0";"2";"1";"1";"1";""
"202100020916";"164Â 266";"A01";"2";"33";"0";"2";"1";"1";"1";""
"202100020916";"164Â 267";"B01";"2";"33";"0";"2";"4";"1";"1";""
"202100020917";"164Â 265";"A01";"3";"7";"2";"0";"0";"1";"1";""
"202100020918";"164Â 264";"A01";"3";"7";"0";"1";"2";"16";"1";""
"202100020919";"164Â 263";"A01";"2";"33";"15";"0";"7";"14";"1";""
"202100020920";"164Â 260";"B01";"1";"2";"0";"0";"4";"1";"1";""
"202100020920";"164Â 261";"A01";"1";"7";"0";"2";"2";"2";"1";""
"202100020920";"164Â 262";"C01";"1";"2";"0";"0";"4";"1";"1";""
"202100020921";"164Â 259";"A01";"1";"7";"2";"0";"1";"0";"1";""
"202100020922";"164Â 258";"A01";"2";"2";"0";"0";"0";"1";"1";""
"202100020923";"164Â 256";"A01";"0";"7";"0";"2";"1";"1";"1";""
"202100020923";"164Â 257";"B01";"0";"1";"0";"2";"1";"1";"5";""
"202100020924";"164Â 254";"B01";"2";"7";"0";"2";"6";"19";"1";""
"202100020924";"164Â 255";"A01";"1";"7";"0";"2";"1";"1";"1";""
"202100020925";"164Â 252";"A01";"1";"33";"0";"2";"3";"1";"1";""
"202100020925";"164Â 253";"B01";"2";"7";"0";"2";"3";"1";"1";""
"202100020926";"164Â 251";"A01";"1";"7";"2";"0";"3";"1";"1";""
"202100020927";"164Â 249";"A01";"2";"7";"0";"0";"6";"17";"1";""
"202100020927";"164Â 250";"B01";"2";"7";"0";"2";"2";"17";"1";""
"202100020928";"164Â 247";"B01";"2";"7";"0";"2";"3";"1";"0";""
"202100020928";"164Â 248";"A01";"1";"7";"0";"2";"3";"13";"0";""
"202100020929";"164Â 246";"A01";"1";"7";"15";"0";"3";"0";"0";""
"202100020930";"164Â 245";"A01";"2";"33";"13";"0";"1";"13";"1";""
"202100020931";"164Â 243";"B01";"3";"7";"0";"2";"2";"1";"1";""
"202100020931";"164Â 244";"A01";"3";"2";"0";"2";"5";"15";"1";""
"202100020932";"164Â 242";"A01";"1";"2";"0";"0";"8";"14";"1";""
"202100020933";"164Â 241";"A01";"1";"1";"0";"0";"1";"0";"5";""
"202100020934";"164Â 240";"A01";"2";"33";"2";"0";"3";"1";"1";""
"202100020935";"164Â 239";"A01";"1";"7";"0";"0";"9";"13";"0";""
"202100020936";"164Â 237";"B01";"1";"30";"0";"2";"1";"1";"1";""
"202100020936";"164Â 238";"A01";"2";"10";"0";"2";"7";"15";"1";""
"202100020937";"164Â 236";"A01";"3";"21";"0";"1";"2";"1";"1";""
"202100020938";"164Â 235";"A01";"0";"7";"0";"1";"1";"0";"1";""
"202100020939";"164Â 233";"B01";"3";"7";"0";"2";"2";"16";"1";""
"202100020939";"164Â 234";"A01";"3";"33";"0";"2";"3";"1";"1";""
"202100020940";"164Â 231";"A01";"1";"43";"12";"2";"2";"26";"1";""
"202100020940";"164Â 232";"B01";"1";"31";"0";"2";"5";"23";"1";""
"202100020941";"164Â 230";"A01";"2";"7";"7";"0";"1";"1";"1";""
"202100020942";"164Â 228";"B01";"3";"1";"0";"2";"0";"1";"6";""
"202100020942";"164Â 229";"A01";"3";"7";"0";"9";"3";"1";"1";""
"202100020943";"164Â 227";"A01";"1";"33";"0";"0";"8";"1";"1";""
"202100020944";"164Â 226";"A01";"1";"7";"12";"0";"9";"26";"1";""
"202100020945";"164Â 223";"B01";"2";"7";"3";"0";"4";"2";"1";""
"202100020945";"164Â 224";"A01";"2";"7";"3";"2";"1";"2";"1";""
"202100020945";"164Â 225";"C01";"1";"7";"0";"0";"1";"1";"1";""
"202100020946";"164Â 221";"B01";"2";"7";"4";"0";"7";"0";"1";""
"202100020946";"164Â 222";"A01";"2";"7";"4";"0";"9";"1";"1";""
"202100020947";"164Â 219";"B01";"1";"7";"0";"2";"1";"2";"1";""
"202100020947";"164Â 220";"A01";"1";"7";"3";"0";"4";"23";"1";""
"202100020948";"164Â 217";"B01";"1";"7";"3";"0";"4";"2";"1";""
"202100020948";"164Â 218";"A01";"1";"7";"3";"2";"1";"2";"1";""
"202100020949";"164Â 216";"A01";"3";"10";"0";"0";"9";"13";"1";""
"202100020950";"164Â 214";"B01";"2";"7";"0";"2";"1";"1";"1";""
"202100020950";"164Â 215";"A01";"1";"7";"0";"2";"1";"13";"1";""
"202100020951";"164Â 212";"B01";"1";"1";"0";"2";"7";"19";"5";""
"202100020951";"164Â 213";"A01";"1";"7";"0";"9";"1";"21";"1";""
"202100020952";"164Â 211";"A01";"2";"7";"13";"0";"1";"2";"1";""
"202100020953";"164Â 210";"A01";"3";"7";"13";"0";"1";"1";"1";""
"202100020954";"164Â 208";"B01";"1";"7";"0";"2";"1";"1";"1";""
"202100020954";"164Â 209";"A01";"1";"7";"0";"2";"1";"13";"1";""
"202100020955";"164Â 207";"A01";"0";"7";"0";"1";"2";"0";"1";""
"202100020956";"164Â 205";"B01";"1";"33";"0";"0";"1";"1";"1";""
"202100020956";"164Â 206";"A01";"2";"33";"0";"2";"1";"1";"1";""
"202100020957";"164Â 204";"A01";"1";"33";"0";"0";"0";"1";"1";""
"202100020958";"164Â 203";"A01";"1";"31";"6";"0";"1";"26";"1";""
"202100020959";"164Â 202";"A01";"2";"1";"13";"0";"0";"1";"5";""
"202100020960";"164Â 200";"B01";"2";"33";"0";"2";"1";"1";"1";""
"202100020960";"164Â 201";"A01";"1";"7";"0";"2";"3";"1";"1";""
"202100020961";"164Â 199";"A01";"1";"7";"11";"0";"1";"1";"1";""
"202100020962";"164Â 197";"A01";"2";"7";"0";"2";"2";"15";"1";""
"202100020962";"164Â 198";"B01";"1";"33";"0";"2";"1";"1";"1";""
"202100020963";"164Â 196";"A01";"2";"33";"8";"0";"2";"21";"1";""
"202100020964";"164Â 194";"A01";"1";"7";"0";"2";"8";"15";"1";""
"202100020964";"164Â 195";"B01";"1";"33";"0";"2";"1";"2";"1";""
"202100020965";"164Â 192";"A01";"2";"33";"0";"2";"1";"17";"1";""
"202100020965";"164Â 193";"B01";"2";"34";"0";"2";"1";"9";"1";""
"202100020966";"164Â 190";"A01";"2";"7";"0";"2";"2";"17";"1";""
"202100020966";"164Â 191";"B01";"2";"30";"0";"2";"3";"15";"3";""
"202100020967";"164Â 188";"A01";"0";"7";"0";"2";"8";"19";"1";""
"202100020967";"164Â 189";"B01";"2";"7";"0";"2";"1";"1";"1";""
"202100020968";"164Â 187";"A01";"1";"7";"0";"1";"3";"1";"1";""
"202100020969";"164Â 186";"A01";"1";"7";"0";"1";"1";"1";"1";""
"202100020970";"164Â 185";"A01";"1";"7";"0";"1";"0";"13";"1";""
"202100020971";"164Â 183";"B01";"2";"33";"0";"2";"2";"1";"1";""
"202100020971";"164Â 184";"A01";"3";"7";"0";"2";"2";"26";"1";""
"202100020972";"164Â 182";"A01";"2";"7";"9";"0";"1";"2";"1";""
"202100020973";"164Â 180";"A01";"1";"10";"0";"2";"1";"2";"1";""
"202100020973";"164Â 181";"B01";"0";"7";"0";"2";"4";"2";"1";""
"202100020974";"164Â 177";"C01";"2";"7";"0";"2";"3";"2";"1";""
"202100020974";"164Â 178";"B01";"2";"7";"0";"2";"1";"2";"1";""
"202100020974";"164Â 179";"A01";"2";"7";"0";"2";"4";"21";"1";""
"202100020975";"164Â 174";"A01";"1";"7";"0";"2";"4";"1";"1";""
"202100020975";"164Â 175";"B01";"1";"7";"0";"2";"4";"2";"1";""
"202100020975";"164Â 176";"C01";"1";"7";"0";"2";"1";"2";"1";""
"202100020976";"164Â 173";"A01";"2";"7";"4";"0";"3";"13";"1";""
"202100020977";"164Â 171";"B01";"2";"7";"0";"2";"4";"2";"1";""
"202100020977";"164Â 172";"A01";"2";"7";"0";"2";"3";"2";"1";""
"202100020978";"164Â 169";"A01";"2";"7";"0";"2";"2";"13";"1";""
"202100020978";"164Â 170";"B01";"2";"7";"0";"2";"5";"10";"1";""
"202100020979";"164Â 168";"A01";"2";"7";"4";"0";"3";"2";"1";""
"202100020980";"164Â 167";"A01";"1";"33";"0";"0";"4";"2";"1";""
"202100020981";"164Â 164";"C01";"1";"7";"0";"2";"4";"2";"1";""
"202100020981";"164Â 165";"B01";"1";"7";"0";"2";"4";"2";"1";""
"202100020981";"164Â 166";"A01";"1";"7";"0";"2";"1";"2";"1";""
"202100020982";"164Â 159";"C01";"2";"7";"0";"2";"4";"1";"2";""
"202100020982";"164Â 160";"E01";"2";"7";"0";"2";"4";"1";"1";""
"202100020982";"164Â 161";"D01";"2";"7";"0";"2";"4";"1";"1";""
"202100020982";"164Â 162";"B01";"2";"7";"0";"2";"4";"1";"1";""
"202100020982";"164Â 163";"A01";"2";"7";"0";"2";"1";"1";"1";""
"202100020983";"164Â 158";"A01";"1";"7";"14";"0";"2";"26";"1";""
"202100020984";"164Â 156";"B01";"2";"7";"0";"2";"4";"1";"1";""