"Num_Acc";"id_vehicule";"num_veh";"senc";"catv";"obs";"obsm";"choc";"manv";"motor";"occutc"
"202100020984";"164Â 157";"A01";"2";"7";"0";"2";"1";"2";"1";""
"202100020985";"164Â 154";"B01";"2";"7";"0";"2";"4";"2";"1";""
"202100020985";"164Â 155";"A01";"2";"10";"0";"2";"1";"1";"1";""
"202100020986";"164Â 152";"B01";"2";"33";"0";"2";"3";"3";"1";""
"202100020986";"164Â 153";"A01";"2";"7";"0";"2";"7";"12";"1";""
"202100020987";"164Â 151";"A01";"2";"7";"0";"1";"1";"1";"0";""
"202100020988";"164Â 149";"A01";"3";"7";"0";"2";"2";"19";"1";""
"202100020988";"164Â 150";"B01";"3";"7";"0";"2";"1";"1";"1";""
"202100020989";"164Â 146";"A01";"2";"7";"0";"1";"1";"1";"1";""
"202100020990";"164Â 145";"A01";"3";"7";"0";"1";"2";"26";"1";""
"202100020991";"164Â 143";"B01";"0";"33";"0";"2";"6";"15";"1";""
"202100020991";"164Â 144";"A01";"0";"2";"0";"2";"7";"1";"1";""
"202100020992";"164Â 142";"A01";"2";"7";"0";"1";"2";"1";"1";""
"202100020993";"164Â 140";"A01";"3";"7";"0";"2";"1";"15";"1";""
"202100020993";"164Â 141";"B01";"0";"1";"0";"2";"1";"16";"6";""
"202100020994";"164Â 137";"B01";"1";"43";"0";"2";"7";"1";"1";""
"202100020994";"164Â 138";"C01";"1";"7";"0";"2";"8";"1";"1";""
"202100020994";"164Â 139";"A01";"1";"7";"0";"2";"8";"11";"1";""
"202100020995";"164Â 135";"B01";"0";"2";"0";"2";"0";"0";"0";""
"202100020995";"164Â 136";"A01";"0";"7";"0";"2";"1";"1";"1";""
"202100020996";"164Â 133";"B01";"2";"7";"0";"2";"8";"1";"1";""
"202100020996";"164Â 134";"A01";"1";"7";"0";"2";"1";"1";"1";""
"202100020997";"164Â 131";"B01";"3";"7";"0";"2";"4";"2";"1";""
"202100020997";"164Â 132";"A01";"3";"30";"0";"2";"1";"2";"1";""
"202100020998";"164Â 129";"B01";"2";"32";"0";"2";"8";"1";"1";""
"202100020998";"164Â 130";"A01";"1";"7";"0";"2";"1";"15";"1";""
"202100020999";"164Â 127";"B01";"0";"50";"0";"2";"1";"1";"3";""
"202100020999";"164Â 128";"DA01";"1";"1";"0";"2";"1";"1";"5";""
"202100021000";"164Â 126";"A01";"0";"1";"9";"1";"0";"1";"5";""
"202100021001";"164Â 124";"B01";"3";"7";"0";"2";"7";"16";"1";""
"202100021001";"164Â 125";"A01";"3";"7";"0";"2";"8";"2";"1";""
"202100021002";"164Â 122";"A01";"1";"2";"0";"2";"1";"17";"1";""
"202100021002";"164Â 123";"B01";"1";"7";"0";"2";"6";"20";"1";""
"202100021003";"164Â 121";"A01";"2";"7";"0";"1";"1";"1";"1";""
"202100021004";"164Â 119";"B01";"1";"2";"0";"2";"1";"1";"1";""
"202100021004";"164Â 120";"A01";"2";"7";"0";"2";"2";"15";"1";""
"202100021005";"164Â 117";"A01";"2";"7";"0";"1";"8";"24";"1";""
"202100021005";"164Â 118";"B01";"2";"1";"1";"0";"1";"1";"5";""
"202100021006";"164Â 115";"A01";"3";"7";"0";"9";"8";"9";"1";""
"202100021006";"164Â 116";"B01";"0";"1";"0";"2";"1";"0";"5";""
"202100021007";"164Â 113";"A01";"3";"7";"0";"2";"1";"26";"1";""
"202100021007";"164Â 114";"B01";"3";"7";"0";"2";"3";"26";"1";""
"202100021008";"164Â 111";"A01";"1";"7";"0";"2";"7";"10";"1";""
"202100021008";"164Â 112";"B01";"1";"7";"0";"2";"3";"1";"1";""
"202100021009";"164Â 108";"A01";"2";"10";"14";"0";"2";"14";"1";""
"202100021009";"164Â 109";"B01";"2";"14";"0";"2";"8";"23";"0";""
"202100021009";"164Â 110";"C01";"2";"7";"5";"2";"7";"23";"2";""
"202100021010";"164Â 106";"B01";"1";"32";"0";"2";"1";"1";"0";""
"202100021010";"164Â 107";"A01";"1";"7";"0";"2";"7";"15";"0";""
"202100021011";"164Â 104";"A01";"0";"7";"0";"2";"1";"1";"1";""
"202100021011";"164Â 105";"B01";"0";"1";"0";"2";"4";"1";"5";""
"202100021012";"164Â 103";"A01";"2";"7";"9";"2";"2";"14";"1";""
"202100021013";"164Â 102";"A01";"1";"7";"0";"1";"3";"1";"1";""
"202100021014";"164Â 100";"A01";"2";"7";"0";"2";"1";"13";"1";""
"202100021014";"164Â 101";"B01";"1";"30";"0";"2";"1";"1";"1";""
"202100021015";"164Â 097";"B01";" -1";"33";"0";"0";"0";"2";"1";""
"202100021015";"164Â 098";"A01";" -1";"33";"0";"9";"0";"2";"1";""
"202100021016";"164Â 096";"A01";"1";"33";"1";"5";"1";"1";"1";""
"202100021017";"164Â 095";"A01";"1";"7";"0";"1";"1";"2";"1";""
"202100021018";"164Â 093";"A01";"3";"7";"0";"2";"1";"1";"1";""
"202100021018";"164Â 094";"B01";"3";"1";"0";"2";"1";"1";"5";""
"202100021019";"164Â 091";"A01";"3";"7";"0";"2";"0";"1";"1";""
"202100021019";"164Â 092";"B01";"3";"1";"0";"2";"0";"1";"5";""
"202100021020";"164Â 090";"A01";"3";"7";"0";"1";"1";"1";"1";""
"202100021021";"164Â 088";"A01";"2";"10";"0";"2";"8";"16";"1";""
"202100021021";"164Â 089";"B01";"1";"7";"0";"2";"2";"1";"1";""
"202100021022";"164Â 086";"A01";"1";"7";"0";"2";"1";"15";"1";""
"202100021022";"164Â 087";"B01";"2";"7";"0";"2";"1";"1";"1";""
"202100021023";"164Â 084";"A01";"1";"7";"0";"2";"3";"9";"1";""
"202100021023";"164Â 085";"B01";"1";"7";"0";"2";"2";"1";"1";""
"202100021024";"164Â 081";"C01";"2";"7";"0";"2";"4";"2";"1";""
"202100021024";"164Â 082";"B01";"2";"7";"0";"2";"6";"1";"1";""
"202100021024";"164Â 083";"A01";"2";"7";"0";"2";"2";"17";"1";""
"202100021025";"164Â 079";"B01";"1";"3";"0";"2";"2";"15";"1";""
"202100021025";"164Â 080";"A01";"2";"30";"0";"2";"1";"18";"1";""
"202100021026";"164Â 077";"A01";"1";"7";"0";"2";"6";"22";"1";""
"202100021026";"164Â 078";"B01";"1";"1";"1";"0";"1";"1";"5";""
"202100021027";"164Â 076";"A01";"1";"7";"14";"0";"1";"1";"1";""
"202100021028";"164Â 075";"A01";"3";"2";"0";"0";"0";"1";"1";""
"202100021029";"164Â 073";"B01";"2";"30";"0";"2";"8";"1";"1";""
"202100021029";"164Â 074";"A01";"2";"7";"0";"2";"2";"12";"2";""
"202100021030";"164Â 071";"B01";"1";"7";"0";"2";"4";"1";"1";""
"202100021030";"164Â 072";"A01";"1";"7";"0";"2";"1";"1";"0";""
"202100021031";"164Â 069";"A01";"3";"7";"0";"2";"2";"9";"2";""
"202100021031";"164Â 070";"B01";"3";"7";"0";"2";"3";"9";"1";""
"202100021032";"164Â 067";"A01";"1";"3";"0";"2";"3";"15";"1";""
"202100021032";"164Â 068";"B01";"1";"50";"0";"2";"0";"2";"3";""
"202100021033";"164Â 065";"B01";"1";"33";"0";"2";"2";"15";"1";""
"202100021033";"164Â 066";"A01";"1";"15";"0";"2";"3";"15";"0";""
"202100021034";"164Â 063";"B01";"2";"1";"0";"2";"1";"1";"5";""
"202100021034";"164Â 064";"A01";"1";"7";"0";"2";"5";"15";"1";""
"202100021035";"164Â 061";"B01";"1";"7";"0";"2";"6";"1";"1";""
"202100021035";"164Â 062";"A01";"1";"33";"0";"2";"2";"2";"1";""
"202100021036";"164Â 059";"B01";"2";"7";"0";"2";"3";"1";"1";""
"202100021036";"164Â 060";"A01";"1";"7";"0";"2";"1";"15";"1";""
"202100021037";"164Â 057";"A01";"2";"7";"0";"2";"1";"15";"1";""
"202100021037";"164Â 058";"B01";"1";"33";"0";"2";"2";"1";"1";""
"202100021038";"164Â 055";"A01";"1";"1";"0";"2";"1";"2";"5";""
"202100021038";"164Â 056";"B01";"1";"7";"0";"2";"4";"1";"1";""
"202100021039";"164Â 053";"B01";"3";"7";"0";"2";"1";"1";"1";""
"202100021039";"164Â 054";"A01";"0";"7";"0";"2";"1";"21";"1";""
"202100021040";"164Â 050";"A01";"3";"7";"1";"1";"2";"1";"0";""
"202100021040";"164Â 051";"B01";"3";"7";"0";"2";"8";"24";"1";""
"202100021040";"164Â 052";"D01";"3";"7";"0";"2";"4";"24";"1";""
"202100021041";"164Â 048";"B01";"1";"37";"0";"9";"7";"26";"1";"1"
"202100021041";"164Â 049";"A01";"1";"50";"0";"9";"1";"5";"3";""
"202100021042";"164Â 047";"A01";"1";"7";"0";"1";"1";"26";"1";""
"202100021043";"164Â 046";"A01";"1";"10";"0";"1";"1";"26";"1";""
"202100021044";"164Â 044";"B01";"1";"7";"0";"2";"4";"2";"1";""
"202100021044";"164Â 045";"A01";"1";"7";"0";"2";"1";"2";"1";""
"202100021045";"164Â 042";"B01";"1";"7";"0";"2";"1";"26";"1";""
"202100021045";"164Â 043";"A01";"1";"7";"0";"2";"3";"26";"1";""
"202100021046";"164Â 040";"B01";"1";"1";"9";"0";"4";"1";"5";""
"202100021046";"164Â 041";"A01";"1";"7";"9";"2";"2";"2";"1";""
"202100021047";"164Â 038";"B01";"0";"2";"0";"0";"0";"1";"1";""
"202100021047";"164Â 039";"A01";"0";"7";"0";"2";"1";"9";"1";""
"202100021048";"164Â 035";"B01";"1";"7";"0";"2";"1";"2";"1";""
"202100021048";"164Â 036";"C01";"1";"7";"0";"2";"1";"1";"1";""
"202100021048";"164Â 037";"A01";"1";"7";"0";"2";"2";"2";"1";""
"202100021049";"164Â 033";"A01";"1";"7";"0";"2";"5";"1";"1";""
"202100021049";"164Â 034";"B01";"1";"1";"0";"2";"1";"9";"5";""
"202100021050";"164Â 031";"A01";"1";"7";"0";"2";"1";"1";"1";""
"202100021050";"164Â 032";"B01";"2";"7";"0";"2";"3";"1";"1";""
"202100021051";"164Â 030";"A01";"2";"7";"14";"0";"1";"1";"1";""
"202100021052";"164Â 028";"B01";"3";"7";"0";"2";"2";"9";"2";""
"202100021052";"164Â 029";"A01";"3";"1";"0";"2";"1";"25";"5";""
"202100021053";"164Â 026";"A01";"1";"31";"0";"2";"1";"2";"1";""
"202100021053";"164Â 027";"B01";"1";"7";"0";"2";"4";"1";"1";""
"202100021054";"164Â 024";"B01";"1";"7";"0";"2";"2";"1";"1";""
"202100021054";"164Â 025";"A01";"2";"30";"0";"2";"1";"1";"1";""
"202100021055";"164Â 022";"B01";"2";"1";"0";"2";"1";"1";"5";""
"202100021055";"164Â 023";"A01";"1";"1";"0";"2";"1";"1";"5";""
"202100021056";"164Â 020";"A01";"2";"30";"0";"2";"1";"0";"1";""
"202100021056";"164Â 021";"B01";"1";"7";"0";"2";"2";"19";"1";""
"202100021057";"164Â 019";"A01";"1";"50";"8";"0";"1";"25";"3";""
"202100021058";"164Â 018";"A01";"2";"7";"6";"0";"7";"14";"1";""
"202100021059";"164Â 016";"B01";"1";"99";"0";"2";"3";"1";"0";""
"202100021059";"164Â 017";"A01";"2";"7";"0";"2";"3";"13";"1";""
"202100021060";"164Â 014";"A01";"0";"7";"0";"2";"8";"10";"1";""
"202100021060";"164Â 015";"B01";"0";"33";"0";"2";"0";"1";"1";""
"202100021061";"164Â 013";"A01";"2";"7";"13";"0";"2";"1";"1";""
"202100021062";"164Â 011";"A01";"1";"7";"0";"2";"7";"12";"1";""
"202100021062";"164Â 012";"B01";"1";"14";"0";"2";"0";"1";"1";""
"202100021063";"164Â 009";"C01";"3";"7";"1";"0";"0";"0";"1";""
"202100021063";"164Â 010";"A01";"3";"7";"1";"2";"0";"0";"1";""
"202100021064";"164Â 007";"B01";"0";"1";"0";" -1";" -1";"1";" -1";""
"202100021064";"164Â 008";"A01";"0";"7";"0";"2";"7";"1";"1";""
"202100021065";"164Â 005";"A01";"1";"7";"0";"2";"3";"1";"1";""
"202100021065";"164Â 006";"B01";"1";"33";"0";"2";"4";"23";"1";""
"202100021066";"164Â 003";"B01";"2";"13";"0";"2";"7";"1";"1";""
"202100021066";"164Â 004";"A01";"2";"80";"0";"2";"8";"1";"3";""
"202100021067";"164Â 001";"A01";"2";"7";"0";"2";"7";"15";"1";""
"202100021067";"164Â 002";"B01";"1";"7";"0";"2";"2";"1";"1";""
"202100021068";"163Â 999";"B01";"1";"30";"0";"2";"1";"0";"1";""
"202100021068";"164Â 000";"A01";"1";"7";"0";"2";"5";"1";"0";""
"202100021069";"163Â 997";"B01";"1";"33";"0";"2";"1";"1";"0";""
"202100021069";"163Â 998";"A01";"1";"7";"0";"2";"2";"9";"1";""
"202100021070";"163Â 996";"A01";"1";"7";"0";"1";"0";"1";"1";""
"202100021071";"163Â 994";"A01";"1";"7";"0";"2";"1";"15";"1";""
"202100021071";"163Â 995";"B01";"1";"7";"0";"2";"3";"1";"1";""
"202100021072";"163Â 992";"B01";"3";"7";"0";"2";"0";"16";"1";""
"202100021072";"163Â 993";"A01";"3";"80";"0";"2";"4";"16";"3";""
"202100021073";"163Â 990";"B01";"1";"13";"0";"2";"5";"20";"1";""
"202100021073";"163Â 991";"A01";"1";"30";"0";"2";"1";"1";"1";""
"202100021074";"163Â 987";"A01";"2";"7";"0";"2";"1";"15";"1";""
"202100021074";"163Â 988";"B01";"1";"32";"0";"2";"1";"1";"1";""
"202100021074";"163Â 989";"C01";"1";"32";"0";"2";"1";"1";"1";""
"202100021075";"163Â 986";"A01";"3";"7";"8";"0";"1";"1";"1";""
"202100021076";"163Â 984";"B01";"1";"33";"0";"2";"8";"1";"1";""
"202100021076";"163Â 985";"A01";"2";"7";"0";"2";"2";"19";"1";""
"202100021077";"163Â 982";"A01";"1";"7";"0";"2";"0";"2";"1";""
"202100021077";"163Â 983";"B01";"1";"7";"0";"2";"0";"2";"1";""
"202100021078";"163Â 980";"B01";"2";"7";"0";"2";"8";"1";"1";""
"202100021078";"163Â 981";"A01";"1";"7";"15";"2";"1";"1";"3";""
"202100021079";"163Â 978";"B01";"3";"7";"0";"2";"8";"11";"1";""
"202100021079";"163Â 979";"A01";"3";"30";"0";"2";"1";"11";"1";""
"202100021080";"163Â 976";"A01";"3";"7";"0";"2";"6";"15";"1";""
"202100021080";"163Â 977";"B01";"3";"33";"0";"2";"1";"2";"1";""
"202100021081";"163Â 974";"B01";"1";"33";"0";"2";"4";"23";"1";""
"202100021081";"163Â 975";"A01";"1";"32";"0";"2";"1";"2";"1";""
"202100021082";"163Â 972";"B01";"1";"10";"0";"2";"0";"9";"1";""
"202100021082";"163Â 973";"A01";"1";"32";"0";"2";"7";"1";"1";""
"202100021083";"163Â 970";"A01";"1";"7";"0";"2";"7";"16";"1";""
"202100021083";"163Â 971";"B01";"1";"30";"0";"2";"1";"7";"1";""
"202100021084";"163Â 968";"B01";"1";"33";"0";"2";"8";"1";"1";""
"202100021084";"163Â 969";"A01";"2";"7";"0";"2";"1";"15";"1";""
"202100021085";"163Â 966";"B01";"1";"7";"0";"2";"4";"23";"2";""
"202100021085";"163Â 967";"A01";"1";"1";"0";"2";"1";"2";"5";""
"202100021086";"163Â 964";"B01";"2";"7";"0";"2";"8";"15";"1";""
"202100021086";"163Â 965";"A01";"2";"30";"0";"2";"2";"17";"1";""
"202100021087";"163Â 962";"B01";"1";"1";"0";"2";"2";"1";"5";""
"202100021087";"163Â 963";"A01";"1";"7";"0";"2";"3";"22";"1";""
"202100021088";"163Â 960";"A01";"1";"30";"0";"2";"1";"17";"1";""
"202100021088";"163Â 961";"B01";"1";"7";"0";"2";"3";"15";"2";""
"202100021089";"163Â 958";"B01";"3";"3";"0";"2";"3";"15";"3";""
"202100021089";"163Â 959";"A01";"3";"33";"0";"2";"1";"1";"1";""
"202100021090";"163Â 956";"B01";"1";"1";"0";"2";"1";"1";"5";""
"202100021090";"163Â 957";"A01";"2";"10";"0";"2";"1";"16";"1";""
"202100021091";"163Â 955";"A01";"3";"1";"0";"1";"1";"16";"5";""
"202100021092";"163Â 953";"Z01";"1";"7";"0";"2";"8";"22";"0";""
"202100021092";"163Â 954";"A01";"1";"1";"0";"2";"7";"1";"5";""
"202100021093";"163Â 951";"B01";"2";"32";"0";"2";"1";"17";"1";""
"202100021093";"163Â 952";"A01";"2";"50";"0";"2";"8";"15";"3";""
"202100021094";"163Â 950";"A01";"2";"32";"0";"1";"1";"16";"1";""
"202100021095";"163Â 948";"A01";"1";"1";"0";"2";"5";"1";"5";""
"202100021095";"163Â 949";"B01";"2";"7";"0";"2";"2";"7";"2";""
"202100021096";"163Â 947";"A01";"1";"1";"0";"1";"1";"7";"5";""
"202100021097";"163Â 946";"A01";"1";"7";"0";"1";"3";"1";"1";""
"202100021098";"163Â 944";"B01";"2";"80";"0";"2";"1";"1";"3";""
"202100021098";"163Â 945";"A01";"2";"7";"0";"2";"7";"22";"2";""
"202100021099";"163Â 941";"C01";"2";"31";"0";"2";"8";"2";"1";""
"202100021099";"163Â 942";"A01";"1";"7";"0";"2";"2";"10";"1";""
"202100021099";"163Â 943";"B01";"2";"10";"0";"2";"8";"2";"1";""
"202100021100";"163Â 939";"A01";"1";"7";"0";"2";"0";"15";"1";""
"202100021100";"163Â 940";"B01";"1";"1";"0";"2";"0";"1";"5";""
"202100021101";"163Â 938";"A01";"1";"7";"0";"1";"8";"15";"1";""
"202100021102";"163Â 936";"B01";"1";"1";"0";"2";"8";"1";"5";""
"202100021102";"163Â 937";"A01";"1";"7";"0";"9";"1";"1";"1";""
"202100021103";"163Â 934";"B01";"2";"50";"0";"2";"1";"1";"3";""
"202100021103";"163Â 935";"A01";"2";"7";"0";"2";"2";"16";"1";""
"202100021104";"163Â 932";"A01";"2";"7";"0";"9";"2";"1";"1";""
"202100021104";"163Â 933";"B01";"1";"60";"0";"2";"1";"1";"5";""
"202100021105";"163Â 931";"A01";"1";"10";"0";"1";"1";"1";"0";""
"202100021106";"163Â 930";"A01";"2";"7";"0";"1";"2";"9";"1";""
"202100021107";"163Â 928";"B01";"1";"50";"0";"2";"1";"2";"3";""
"202100021107";"163Â 929";"A01";"1";"37";"0";"2";"2";"1";"1";"1"
"202100021108";"163Â 926";"A01";"3";"7";"1";"2";"1";"1";"1";""
"202100021108";"163Â 927";"B01";"3";"30";"1";"2";"1";"5";"0";""
"202100021109";"163Â 924";"A01";"3";"7";"0";"2";"2";"0";"1";""
"202100021109";"163Â 925";"B01";"3";"33";"0";"2";"1";"0";"1";""
"202100021110";"163Â 923";"A01";"1";"40";"0";"1";"2";"1";"3";""
"202100021111";"163Â 921";"B01";"1";"7";"0";"2";"8";"1";"1";""
"202100021111";"163Â 922";"A01";"2";"10";"0";"2";"8";"15";"1";""
"202100021112";"163Â 919";"B01";"1";"33";"0";"2";"7";"2";"1";""
"202100021112";"163Â 920";"A01";"0";"7";"0";"2";"1";"0";"0";""
"202100021113";"163Â 916";"A01";"1";"7";"0";"2";"4";"2";"1";""
"202100021113";"163Â 917";"B01";"1";"10";"0";"2";"1";"2";"0";""
"202100021113";"163Â 918";"C01";"1";"7";"0";"2";"1";"2";"1";""
"202100021114";"163Â 914";"B01";"1";"31";"0";"2";"8";"1";"1";""
"202100021114";"163Â 915";"A01";"1";"10";"0";"2";"2";"9";"1";""
"202100021115";"163Â 912";"B01";"2";"7";"0";"2";"7";"15";"1";""
"202100021115";"163Â 913";"A01";"1";"32";"0";"2";"1";"1";"1";""
"202100021116";"163Â 910";"B01";"3";"50";"0";"2";"1";"19";"3";""
"202100021116";"163Â 911";"A01";"3";"7";"0";"2";"8";"1";"1";""
"202100021117";"163Â 909";"A01";"2";"32";"0";"1";"1";"1";"1";""
"202100021118";"163Â 907";"A01";"2";"32";"0";"2";"1";"17";"1";""
"202100021118";"163Â 908";"B01";"2";"10";"0";"2";"8";"15";"1";""
"202100021119";"163Â 906";"A01";"2";"37";"1";"0";"2";"1";"3";"1"
"202100021120";"163Â 905";"A01";"1";"7";"8";"0";"1";"1";"1";""
"202100021121";"163Â 903";"A01";"1";"1";"0";"2";"1";"1";"5";""
"202100021121";"163Â 904";"Z01";"1";"7";"0";"2";"5";"26";"1";""
"202100021122";"163Â 901";"A01";"1";"7";"0";"2";"1";"1";"1";""
"202100021122";"163Â 902";"B01";"1";"7";"0";"2";"4";"0";"1";""
"202100021123";"163Â 900";"A01";"3";"7";"0";"1";"2";"9";"1";""
"202100021124";"163Â 898";"B01";"1";"7";"0";"2";"3";"1";"1";""
"202100021124";"163Â 899";"A01";"1";"7";"0";"2";"5";"12";"1";""
"202100021125";"163Â 897";"A01";"1";"10";"16";"0";"9";"1";"1";""
"202100021126";"163Â 895";"B01";"2";"33";"0";"2";"8";"15";"1";""
"202100021126";"163Â 896";"A01";"1";"7";"0";"2";"7";"19";"1";""
"202100021127";"163Â 892";"A01";"1";"7";"4";"0";"3";"13";"1";""
"202100021128";"163Â 890";"B01";"1";"7";"0";"2";"1";"1";"1";""
"202100021128";"163Â 891";"A01";"1";"7";"0";"2";"3";"15";"1";""
"202100021129";"163Â 888";"B01";"1";"7";"0";"2";"2";"1";"1";""
"202100021129";"163Â 889";"A01";"3";"1";"0";"2";"8";"19";"5";""
"202100021130";"163Â 887";"A01";"1";"10";"15";"0";"1";"14";"1";""
"202100021131";"163Â 886";"A01";"2";"7";"0";"0";"2";"1";"1";""
"202100021132";"163Â 884";"B01";"3";"7";"0";"2";"1";"1";"1";""
"202100021132";"163Â 885";"A01";"3";"7";"0";"2";"1";"15";"1";""
"202100021133";"163Â 882";"B01";"1";"20";"0";"0";"4";"1";"1";""
"202100021133";"163Â 883";"A01";"1";"7";"0";"2";"1";"1";"1";""
"202100021134";"163Â 880";"A01";"3";"7";"0";"2";"6";"1";"1";""
"202100021134";"163Â 881";"B01";"3";"37";"0";"2";"3";"1";"6";"3"
"202100021135";"163Â 878";"A01";"1";"33";"0";"2";"1";"0";"1";""
"202100021135";"163Â 879";"B01";"2";"7";"0";"2";"1";"1";"2";""
"202100021136";"163Â 877";"A01";"2";"2";"12";"0";"1";"1";"1";""
"202100021137";"163Â 876";"A01";"3";"7";"13";"0";"1";"13";"1";""
"202100021138";"163Â 874";"A01";"1";"10";"13";"2";"2";"13";"1";""
"202100021138";"163Â 875";"B01";"2";"7";"13";"2";"1";"1";"1";""
"202100021139";"163Â 873";"A01";"1";"30";"3";"0";"0";"1";"1";""
"202100021140";"163Â 871";"A01";"2";"33";"0";"2";"7";"17";"1";""
"202100021140";"163Â 872";"B01";"2";"21";"0";"2";"8";"15";"1";""
"202100021141";"163Â 869";"B01";"1";"33";"0";"2";"3";"1";"1";""
"202100021141";"163Â 870";"A01";"3";"7";"0";"2";"1";"19";"1";""
"202100021142";"163Â 868";"A01";"2";"31";"0";"0";"0";"1";"1";""
"202100021143";"163Â 867";"A01";"1";"7";"2";"0";"2";"1";"1";""
"202100021144";"163Â 866";"A01";"0";"7";"0";"0";"0";"0";"1";""
"202100021145";"163Â 864";"A01";"2";"7";"0";"2";"1";"5";"1";""
"202100021145";"163Â 865";"B01";"1";"7";"0";"2";"1";"1";"1";""
"202100021146";"163Â 863";"A01";"2";"7";"3";"0";"1";"1";"1";""
"202100021147";"163Â 861";"B01";"2";"7";"0";"2";"1";"1";"1";""
"202100021147";"163Â 862";"A01";"1";"33";"0";"2";"1";"1";"1";""
"202100021148";"163Â 859";"B01";"2";"21";"0";"2";"3";"1";"1";""
"202100021148";"163Â 860";"A01";"1";"33";"0";"2";"4";"1";"1";""
"202100021149";"163Â 857";"B01";"1";"7";"0";"2";"1";"1";"1";""
"202100021149";"163Â 858";"A01";"2";"7";"9";"2";"8";"1";"1";""
"202100021150";"163Â 856";"A01";"1";"7";"13";"0";"1";"1";"1";""
"202100021151";"163Â 853";"C01";"1";"33";"0";"2";"4";"1";"1";""
"202100021151";"163Â 854";"B01";"1";"34";"0";"2";"8";"15";"1";""
"202100021151";"163Â 855";"A01";"1";"33";"0";"2";"1";"17";"1";""
"202100021152";"163Â 852";"A01";"2";"7";"0";"1";"3";"1";"1";""
"202100021153";"163Â 850";"A01";"1";"7";"0";"2";"1";"13";"1";""
"202100021153";"163Â 851";"B01";"2";"10";"0";"2";"2";"1";"1";""
"202100021154";"163Â 848";"B01";"0";"7";"0";"2";"7";"15";"1";""
"202100021154";"163Â 849";"A01";"0";"2";"0";"2";"1";"1";"1";""
"202100021155";"163Â 847";"A01";"3";"7";"13";"0";"3";"1";"1";""
"202100021156";"163Â 846";"A01";"3";"3";"6";"0";"1";"25";"1";""
"202100021157";"163Â 844";"A01";"1";"33";"1";"0";"7";"13";"1";""
"202100021157";"163Â 845";"B01";"1";"17";"0";"0";"4";"24";"0";""
"202100021158";"163Â 842";"B01";"2";"33";"0";"2";"1";"2";"1";""
"202100021158";"163Â 843";"A01";"2";"7";"0";"0";"6";"2";"1";""
"202100021159";"163Â 840";"B01";"3";"7";"0";"0";"5";"16";"1";""
"202100021159";"163Â 841";"A01";"3";"2";"0";"2";"1";"1";"1";""
"202100021160";"163Â 839";"A01";"3";"2";"2";"0";"1";"14";"1";""
"202100021161";"163Â 837";"A01";"1";"7";"3";"2";"2";"1";"1";""
"202100021161";"163Â 838";"B01";"1";"14";"0";"0";"6";"1";"1";""
"202100021162";"163Â 835";"B01";"2";"7";"0";"2";"3";"1";"1";""
"202100021162";"163Â 836";"A01";"1";"2";"0";"2";"1";"13";"1";""
"202100021163";"163Â 833";"A01";"2";"7";"4";"0";"5";"0";"0";""
"202100021163";"163Â 834";"B01";"2";"7";"4";"2";"3";"2";"1";""
"202100021164";"163Â 831";"A01";"2";"7";"3";"0";"4";"2";"1";""
"202100021164";"163Â 832";"B01";"2";"15";"0";"2";"1";"2";"1";""
"202100021165";"163Â 829";"B01";"2";"7";"0";"2";"1";"1";"1";""
"202100021165";"163Â 830";"A01";"1";"7";"0";"2";"1";"1";"1";""
"202100021166";"163Â 827";"A01";"3";"7";"0";"2";"3";"1";"1";""
"202100021166";"163Â 828";"B01";"3";"30";"0";"2";"1";"5";"0";""
"202100021167";"163Â 826";"A01";"1";"7";"8";"0";"8";"15";"1";""
"202100021168";"163Â 825";"A01";"3";"2";"0";"0";"0";"1";"1";""
"202100021169";"163Â 823";"B01";"1";"2";"0";"2";"1";"2";"1";""
"202100021169";"163Â 824";"A01";"1";"7";"0";"2";"5";"23";"1";""
"202100021170";"163Â 822";"A01";"2";"7";"2";"0";"1";"21";"1";""
"202100021171";"163Â 821";"A01";"1";"33";"13";"0";"9";"2";"1";""
"202100021172";"163Â 820";"A01";"2";"32";"3";"0";"8";"1";"1";""
"202100021173";"163Â 817";"C01";"3";"7";"0";"2";"7";"23";"1";""
"202100021173";"163Â 818";"B01";"1";"10";"0";"2";"7";"19";"1";""
"202100021173";"163Â 819";"A01";"1";"7";"0";"2";"1";"19";"1";""
"202100021174";"163Â 815";"A01";"1";"7";"0";"2";"8";"9";"1";""
"202100021174";"163Â 816";"B01";"1";"33";"0";"2";"1";"1";"1";""
"202100021175";"163Â 812";"A01";"1";"7";"7";"2";"5";"15";"1";""
"202100021175";"163Â 813";"C01";"1";"7";"0";"2";"8";"1";"1";""
"202100021175";"163Â 814";"B01";"1";"7";"0";"2";"3";"1";"2";""
"202100021176";"163Â 810";"A01";"2";"7";"0";"2";"1";"0";"1";""
"202100021176";"163Â 811";"B01";"2";"15";"0";"2";"4";"1";"1";""
"202100021177";"163Â 809";"A01";"2";"33";"4";"0";"1";"1";"1";""
"202100021178";"163Â 808";"A01";"1";"7";"6";"0";"1";"15";"1";""
"202100021179";"163Â 806";"A01";"1";"2";"0";"2";"1";"11";"1";""
"202100021179";"163Â 807";"B01";"1";"7";"0";"2";"5";"11";"1";""
"202100021180";"163Â 804";"A01";"0";"10";"0";"2";"2";"0";"1";""
"202100021180";"163Â 805";"B01";"0";"7";"0";"0";"3";"0";"1";""