"Num_Acc";"id_vehicule";"num_veh";"senc";"catv";"obs";"obsm";"choc";"manv";"motor";"occutc"
"202100021181";"163Â 802";"A01";"2";"43";"13";"0";"9";"17";"1";""
"202100021181";"163Â 803";"B01";"2";"10";"0";"0";" -1";"2";"1";""
"202100021182";"163Â 801";"A01";"0";"7";"2";"0";"7";"1";"1";""
"202100021183";"163Â 800";"A01";"1";"80";"10";"0";"3";"16";"3";""
"202100021184";"163Â 798";"B01";"3";"7";"0";"2";"2";"1";"3";""
"202100021184";"163Â 799";"A01";"3";"10";"0";"2";"2";"3";"1";""
"202100021185";"163Â 796";"A01";"1";"7";"0";"0";"3";"15";"1";""
"202100021185";"163Â 797";"B01";"1";"2";"0";"2";"1";"17";"1";""
"202100021186";"163Â 794";"B01";"3";"7";"0";"0";"3";"15";"1";""
"202100021186";"163Â 795";"A01";"3";"7";"15";"0";"1";"1";"1";""
"202100021187";"163Â 792";"A01";"2";"7";"0";"0";"8";"19";"1";""
"202100021187";"163Â 793";"B01";"2";"32";"0";"2";"1";"1";"1";""
"202100021188";"163Â 791";"A01";"0";"31";"8";"0";"7";"14";"1";""
"202100021189";"163Â 789";"A01";"1";"33";"0";"2";"1";"2";"1";""
"202100021189";"163Â 790";"B01";"1";"7";"0";"2";"4";"2";"1";""
"202100021190";"163Â 787";"A01";"1";"33";"0";"2";"1";"2";"1";""
"202100021190";"163Â 788";"B01";"1";"10";"0";"0";"6";"2";"1";""
"202100021191";"163Â 782";"E01";"1";"7";"0";"2";"1";"2";"1";""
"202100021191";"163Â 783";"D01";"1";"7";"0";"2";"1";"0";"1";""
"202100021191";"163Â 784";"C01";"1";"7";"0";"2";"1";"2";"1";""
"202100021191";"163Â 785";"A01";"1";"7";"0";"2";"4";"1";"1";""
"202100021191";"163Â 786";"B01";"1";"7";"0";"2";"1";"2";"1";""
"202100021192";"163Â 780";"A01";"2";"7";"0";"2";"4";"1";"1";""
"202100021192";"163Â 781";"B01";"2";"13";"0";"2";"1";"2";"1";""
"202100021193";"163Â 778";"B01";"1";"7";"0";"2";"8";"1";"1";""
"202100021193";"163Â 779";"A01";"1";"7";"0";"2";"2";"12";"1";""
"202100021194";"163Â 776";"A01";"1";"7";"0";"2";"1";"18";"1";""
"202100021194";"163Â 777";"B01";"1";"31";"0";"2";"4";"1";"1";""
"202100021195";"163Â 774";"A01";"1";"33";"0";"2";"1";"3";"1";""
"202100021195";"163Â 775";"B01";"1";"7";"0";"2";"4";"12";"1";""
"202100021196";"163Â 770";"D01";"1";"7";"0";"2";"4";"2";"1";""
"202100021196";"163Â 771";"C01";"1";"7";"0";"2";"4";"2";"1";""
"202100021196";"163Â 772";"A01";"1";"14";"0";"2";"1";"2";"1";""
"202100021196";"163Â 773";"B01";"1";"7";"0";"2";"4";"1";"1";""
"202100021197";"163Â 769";"A01";"2";"33";"0";"0";"0";"26";"1";""
"202100021198";"163Â 767";"A01";"2";"7";"0";"2";"1";"1";"1";""
"202100021198";"163Â 768";"B01";"2";"7";"0";"2";"4";"1";"1";""
"202100021199";"163Â 765";"A01";"2";"7";"0";"2";"1";"2";"1";""
"202100021199";"163Â 766";"B01";"2";"7";"0";"2";"4";"2";"1";""
"202100021200";"163Â 764";"A01";"1";"7";"0";"0";"1";"14";"1";""
"202100021201";"163Â 762";"A01";"1";"33";"0";"2";"1";"21";"1";""
"202100021201";"163Â 763";"B01";"1";"7";"0";"2";"4";"2";"1";""
"202100021202";"163Â 760";"B01";"2";"7";"0";"2";"6";"2";"3";""
"202100021202";"163Â 761";"A01";"2";"7";"0";"2";"2";"2";"1";""
"202100021203";"163Â 759";"A01";"1";"7";"4";"0";"2";"13";"1";""
"202100021204";"163Â 757";"B01";"1";"7";"0";"2";"4";"2";"1";""
"202100021204";"163Â 758";"A01";"1";"7";"0";"2";"1";"2";"1";""
"202100021205";"163Â 754";"C01";"2";"7";"0";"9";"7";"2";"3";""
"202100021205";"163Â 755";"B01";"2";"43";"0";"9";"1";"2";"1";""
"202100021205";"163Â 756";"A01";"2";"10";"0";"9";"0";"26";"1";""
"202100021206";"163Â 753";"A01";"1";"7";"4";"0";"3";"1";"1";""
"202100021207";"163Â 751";"B01";"2";"7";"0";"2";"5";"1";"1";""
"202100021207";"163Â 752";"A01";"2";"7";"0";"2";"2";"1";"1";""
"202100021208";"163Â 750";"A01";"3";"7";"0";"1";"1";"2";"2";""
"202100021209";"163Â 748";"B01";"0";"1";"1";"0";"1";"1";"0";""
"202100021209";"163Â 749";"A01";"0";"7";"0";"2";"8";"22";"1";""
"202100021210";"163Â 747";"A01";"3";"7";"0";"1";"1";"1";"1";""
"202100021211";"163Â 745";"A01";"2";"13";"0";"2";"1";"15";"1";""
"202100021211";"163Â 746";"B01";"1";"7";"0";"0";"3";"1";"1";""
"202100021212";"163Â 744";"A01";"1";"7";"0";"1";"1";"1";"1";""
"202100021213";"163Â 743";"A01";"3";"7";"0";"1";"8";"15";"1";""
"202100021214";"163Â 739";"B01";"1";"7";"0";"2";"3";"1";"1";""
"202100021214";"163Â 740";"A01";"2";"33";"0";"2";"3";"1";"1";""
"202100021215";"163Â 738";"A01";"1";"7";"13";"0";"3";"1";"1";""
"202100021216";"163Â 737";"A01";"0";"10";"0";"1";"1";"1";"1";""
"202100021217";"163Â 735";"B01";"1";"7";"0";"2";"1";"1";"1";""
"202100021217";"163Â 736";"A01";"1";"2";"0";"2";"7";"9";"0";""
"202100021218";"163Â 733";"A01";"1";"32";"0";"2";"3";"9";"1";""
"202100021218";"163Â 734";"B01";"2";"50";"0";"2";"1";"1";"3";""
"202100021219";"163Â 731";"A01";"2";"7";"0";"2";"4";"9";"1";""
"202100021219";"163Â 732";"B01";"2";"10";"0";"2";"1";"9";"1";""
"202100021220";"163Â 729";"B01";"0";"7";"0";"2";"2";"15";"1";""
"202100021220";"163Â 730";"A01";"0";"33";"0";"2";"1";"1";"1";""
"202100021221";"163Â 727";"B01";"1";"7";"0";"2";"2";"1";"1";""
"202100021221";"163Â 728";"A01";"1";"7";"0";"2";"6";"23";"1";""
"202100021222";"163Â 725";"B01";"1";"50";"0";"2";"1";"25";"3";""
"202100021222";"163Â 726";"A01";"1";"7";"0";"9";"2";"15";"1";""
"202100021223";"163Â 724";"A01";"1";"1";"0";"0";"0";"1";"5";""
"202100021224";"163Â 723";"A01";"1";"2";"0";"0";"0";"1";"1";""
"202100021225";"163Â 720";"A01";"1";"7";"0";"2";"1";"1";"1";""
"202100021225";"163Â 721";"C01";"1";"7";"0";"2";"4";"23";"1";""
"202100021225";"163Â 722";"B01";"1";"7";"0";"2";"4";"1";"1";""
"202100021226";"163Â 719";"A01";"2";"7";"1";"0";"2";"14";"1";""
"202100021227";"163Â 718";"A01";"2";"7";"12";"0";"9";"1";"1";""
"202100021228";"163Â 716";"A01";"1";"7";"0";"2";"4";"23";"1";""
"202100021228";"163Â 717";"Z01";"1";"7";"0";"0";"1";"2";"1";""
"202100021229";"163Â 714";"B01";"2";"7";"0";"2";"4";"2";"2";""
"202100021229";"163Â 715";"A01";"1";"7";"0";"2";"1";"2";"1";""
"202100021230";"163Â 709";"A01";"0";"15";"0";"1";"7";"4";"1";""
"202100021231";"163Â 707";"B01";"3";"33";"0";"2";"1";"1";"1";""
"202100021231";"163Â 708";"A01";"3";"7";"0";"2";"1";"1";"1";""
"202100021232";"163Â 704";"C01";"1";"7";"0";"2";"0";"0";"0";""
"202100021232";"163Â 705";"B01";"2";"10";"0";"2";"3";"1";"0";""
"202100021232";"163Â 706";"A01";"2";"7";"0";"2";"3";"17";"1";""
"202100021233";"163Â 702";"A01";"1";"7";"0";"2";"1";"26";"1";""
"202100021233";"163Â 703";"B01";"1";"7";"0";"2";"4";"2";"1";""
"202100021234";"163Â 700";"A01";"0";"7";"0";"2";"3";"16";"1";""
"202100021234";"163Â 701";"B01";"0";"7";"0";"2";"2";"1";"1";""
"202100021235";"163Â 699";"A01";"1";"10";"0";"2";"2";"16";"1";""
"202100021236";"163Â 698";"A01";"3";"30";"16";"0";"8";"2";"1";""
"202100021237";"163Â 696";"A01";"1";"2";"0";"2";"1";"17";"1";""
"202100021237";"163Â 697";"B01";"1";"7";"0";"2";"6";"1";"1";""
"202100021238";"163Â 695";"A01";"1";"40";"0";"0";"0";"26";"1";""
"202100021239";"163Â 693";"B01";"1";"10";"0";"2";"1";"19";"1";""
"202100021239";"163Â 694";"A01";"1";"30";"0";"2";"1";"26";"1";""
"202100021240";"163Â 691";"B01";"1";"1";"0";"2";"6";"2";"5";""
"202100021240";"163Â 692";"A01";"2";"7";"0";"2";"2";"2";"1";""
"202100021241";"163Â 689";"A01";"3";"10";"0";"9";"1";"9";"1";""
"202100021241";"163Â 690";"B01";"3";"1";"0";"2";"3";"19";"5";""
"202100021242";"163Â 687";"B01";"2";"1";"0";"2";"1";"1";"5";""
"202100021242";"163Â 688";"A01";"2";"7";"0";"2";"1";"16";"1";""
"202100021243";"163Â 685";"A01";"1";"7";"8";"2";"7";"1";"1";""
"202100021243";"163Â 686";"B01";"1";"7";"0";"2";"1";"1";"1";""
"202100021244";"163Â 684";"A01";"1";"7";"0";"1";"7";"1";"1";""
"202100021245";"163Â 683";"A01";"1";"1";"0";"0";"0";"1";"5";""
"202100021246";"163Â 681";"A01";"2";"30";"0";"2";"3";"17";"1";""
"202100021246";"163Â 682";"B01";"1";"7";"0";"2";"8";"23";"1";""
"202100021247";"163Â 679";"B01";"2";"7";"0";"2";"8";"1";"1";""
"202100021247";"163Â 680";"A01";"1";"7";"0";"2";"1";"1";"1";""
"202100021248";"163Â 678";"A01";"1";"7";"12";"0";"2";"0";"1";""
"202100021249";"163Â 676";"B01";"3";"1";"0";"2";"1";"1";"5";""
"202100021249";"163Â 677";"A01";"3";"7";"0";"9";"8";"1";"1";""
"202100021250";"163Â 675";"A01";"0";"7";"0";"1";"2";"1";"1";""
"202100021251";"163Â 673";"B01";"0";"50";"0";"2";"0";"0";"3";""
"202100021251";"163Â 674";"A01";"0";"15";"0";"0";"0";"0";"1";""
"202100021252";"163Â 671";"A01";"1";"2";"0";"2";"2";"14";"1";""
"202100021252";"163Â 672";"FB01";"1";"7";"0";"2";"3";"1";"1";""
"202100021253";"163Â 669";"A01";"1";"7";"0";"2";"3";"2";"1";""
"202100021253";"163Â 670";"B01";"1";"33";"0";"2";"4";"2";"1";""
"202100021254";"163Â 667";"B01";"2";"7";"0";"2";"3";"15";"1";""
"202100021254";"163Â 668";"A01";"2";"7";"8";"2";"2";"17";"1";""
"202100021255";"163Â 665";"A01";"1";"7";"0";"2";"6";"26";"1";""
"202100021255";"163Â 666";"B01";"1";"32";"0";"2";"1";"1";"1";""
"202100021256";"163Â 663";"Z01";"1";"7";"0";"2";"1";"17";"1";""
"202100021256";"163Â 664";"A01";"1";"7";"0";"2";"4";"1";"1";""
"202100021257";"163Â 662";"A01";"1";"7";"14";"0";"2";"15";"1";""
"202100021258";"163Â 660";"A01";"1";"7";"0";"2";"3";"15";"1";""
"202100021258";"163Â 661";"B01";"1";"2";"0";"2";"1";"1";"1";""
"202100021259";"163Â 658";"A01";"1";"2";"0";"2";"8";"8";"3";""
"202100021259";"163Â 659";"B01";"2";"37";"0";"2";"3";"1";"1";"1"
"202100021260";"163Â 657";"A01";"1";"7";"0";"1";"7";"1";"1";""
"202100021261";"163Â 655";"B01";"1";"1";"0";"2";"2";"9";"5";""
"202100021261";"163Â 656";"A01";"2";"7";"0";"2";"3";"9";"0";""
"202100021262";"163Â 652";"A01";"2";"7";"0";"2";"1";"5";"1";""
"202100021262";"163Â 653";"B01";"1";"7";"0";"2";"1";"1";"1";""
"202100021262";"163Â 654";"C01";"1";"7";"0";"2";"8";"1";"1";""
"202100021263";"163Â 650";"A01";"0";"33";"0";"2";"4";"23";"1";""
"202100021263";"163Â 651";"B01";"0";"7";"0";"2";"1";"1";"1";""
"202100021264";"163Â 648";"B01";"1";"7";"0";"2";"2";"15";"1";""
"202100021264";"163Â 649";"A01";"1";"33";"0";"2";"2";"1";"1";""
"202100021265";"163Â 646";"A01";"1";"7";"0";"2";"2";"13";"1";""
"202100021265";"163Â 647";"B01";"2";"2";"0";"2";"2";"1";"1";""
"202100021266";"163Â 644";"A01";"3";"7";"0";"2";"3";"15";"2";""
"202100021266";"163Â 645";"B01";"3";"2";"0";"2";"1";"1";"1";""
"202100021267";"163Â 642";"A01";"3";"7";"0";"2";"1";"0";"1";""
"202100021267";"163Â 643";"B01";"3";"33";"0";"2";"1";"2";"1";""
"202100021268";"163Â 640";"A01";"2";"7";"0";"2";"1";"2";"1";""
"202100021268";"163Â 641";"B01";"2";"7";"0";"2";"4";"2";"1";""
"202100021269";"163Â 637";"A01";"1";"7";"0";"1";"2";"1";"1";""
"202100021270";"163Â 636";"A01";"2";"37";"0";"1";"1";"1";"1";"1"
"202100021271";"163Â 635";"A01";"1";"7";"8";"0";"1";"1";"1";""
"202100021272";"163Â 632";"A01";"1";"33";"0";"2";"1";"17";"0";""
"202100021272";"163Â 633";"B01";"2";"7";"0";"2";"1";"1";"1";""
"202100021272";"163Â 634";"C01";"0";"7";"0";"2";"8";"1";"1";""
"202100021273";"163Â 630";"A01";"1";"7";"0";"2";"3";"1";"1";""
"202100021273";"163Â 631";"B01";"1";"32";"0";"0";"0";"0";"0";""
"202100021274";"163Â 627";"A01";"2";"7";"0";"1";"3";"15";"1";""
"202100021275";"163Â 626";"A01";"1";"7";"14";"0";"2";"14";"1";""
"202100021276";"163Â 624";"B01";"3";"7";"0";"2";"3";"1";"1";""
"202100021276";"163Â 625";"A01";"3";"7";"0";"2";"1";"9";"0";""
"202100021277";"163Â 622";"A01";"2";"1";"0";"2";"8";"19";"5";""
"202100021277";"163Â 623";"B01";"2";"7";"0";"2";"1";"1";"1";""
"202100021278";"163Â 620";"B01";"1";"33";"0";"2";"8";"1";"1";""
"202100021278";"163Â 621";"A01";"1";"7";"0";"2";"8";"16";"1";""
"202100021279";"163Â 619";"A01";"3";"7";"0";"1";"2";"1";"1";""
"202100021280";"163Â 617";"B01";"1";"1";"0";"2";"1";"1";"5";""
"202100021280";"163Â 618";"A01";"2";"1";"0";"2";"1";"1";"5";""
"202100021281";"163Â 615";"A01";"3";"13";"0";"9";"1";"26";"1";""
"202100021281";"163Â 616";"B01";"3";"31";"14";"0";"4";"23";"1";""
"202100021282";"163Â 613";"A01";"1";"7";"0";"2";"1";"2";"1";""
"202100021282";"163Â 614";"B01";"1";"7";"0";"2";"4";"2";"1";""
"202100021283";"163Â 610";"C01";"2";"7";"0";"2";"4";"2";"1";""
"202100021283";"163Â 611";"B01";"2";"7";"0";"2";"4";"2";"1";""
"202100021283";"163Â 612";"A01";"2";"7";"0";"2";"1";"2";"1";""
"202100021284";"163Â 608";"B01";"1";"32";"0";"2";"8";"11";"1";""
"202100021284";"163Â 609";"A01";"1";"7";"0";"2";"2";"5";"1";""
"202100021285";"163Â 607";"A01";"3";"34";"14";"0";"8";"13";"1";""
"202100021286";"163Â 606";"A01";"1";"50";"0";"1";"3";"1";"3";""
"202100021287";"163Â 605";"A01";"1";"10";"0";"1";"2";"1";"1";""
"202100021288";"163Â 603";"B01";"3";"37";"0";"2";"8";"16";"1";"1"
"202100021288";"163Â 604";"A01";"3";"7";"0";"2";"2";"1";"1";""
"202100021289";"163Â 601";"A01";"1";"7";"0";"2";"3";"15";"1";""
"202100021289";"163Â 602";"B01";"1";"33";"0";"2";"7";"1";"1";""
"202100021290";"163Â 599";"B01";"1";"32";"0";"2";"2";"5";"1";""
"202100021290";"163Â 600";"A01";"1";"7";"0";"2";"8";"15";"2";""
"202100021291";"163Â 597";"A01";"1";"34";"0";"2";"1";"2";"3";""
"202100021291";"163Â 598";"Z01";"1";"7";"0";"2";"5";"16";"0";""
"202100021292";"163Â 595";"A01";"2";"7";"0";"2";"3";"22";"1";""
"202100021292";"163Â 596";"B01";"2";"80";"0";"2";"1";"7";"3";""
"202100021293";"163Â 593";"A01";"1";"50";"0";"2";"7";"1";"3";""
"202100021293";"163Â 594";"Z01";"1";"7";"0";"2";"1";"16";"0";""
"202100021294";"163Â 591";"B01";"1";"7";"0";"2";"1";"1";"1";""
"202100021294";"163Â 592";"A01";"2";"30";"0";"2";"1";"17";"1";""
"202100021295";"163Â 589";"B01";"2";"1";"0";"2";"6";"1";"5";""
"202100021295";"163Â 590";"A01";"1";"7";"0";"2";"3";"15";"1";""
"202100021296";"163Â 587";"B01";"2";"7";"0";"2";"3";"16";"2";""
"202100021296";"163Â 588";"A01";"3";"50";"0";"2";"1";"7";"3";""
"202100021297";"163Â 585";"B01";"1";"7";"0";"2";"8";"9";"1";""
"202100021297";"163Â 586";"A01";"1";"50";"0";"2";"8";"25";"3";""
"202100021298";"163Â 583";"B01";"2";"31";"0";"2";"1";"1";"1";""
"202100021298";"163Â 584";"A01";"1";"1";"0";"2";"7";"15";"5";""
"202100021299";"163Â 581";"A01";"1";"7";"0";"2";"8";"22";"2";""
"202100021299";"163Â 582";"B01";"1";"1";"0";"2";"1";"17";"5";""
"202100021300";"163Â 580";"A01";"1";"30";"0";"1";"2";"1";"1";""
"202100021301";"163Â 579";"A01";"3";"80";"0";"0";"0";"1";"3";""
"202100021302";"163Â 577";"B01";"2";"50";"0";"2";"0";"0";"3";""
"202100021302";"163Â 578";"A01";"2";"7";"0";"2";"7";"1";"1";""
"202100021303";"163Â 576";"A01";"1";"7";"0";"1";"1";"1";"2";""
"202100021304";"163Â 574";"B01";"2";"60";"0";"2";"1";"1";"5";""
"202100021304";"163Â 575";"A01";"2";"7";"0";"9";"2";"16";"1";""
"202100021305";"163Â 570";"A01";"2";"14";"0";"2";"2";"1";"1";""
"202100021305";"163Â 571";"B01";"1";"7";"0";"2";"8";"2";"1";""
"202100021306";"163Â 568";"A01";"2";"10";"0";"2";"1";"19";"1";""
"202100021306";"163Â 569";"B01";"1";"10";"0";"2";"8";"2";"1";""
"202100021307";"163Â 566";"A01";"0";"34";"0";"2";"1";"26";"1";""
"202100021307";"163Â 567";"B01";"0";"7";"0";"2";"1";"26";"0";""
"202100021308";"163Â 564";"B01";"3";"7";"0";"2";"6";"1";"1";""
"202100021308";"163Â 565";"A01";"3";"10";"0";"2";"2";"15";"1";""
"202100021309";"163Â 562";"B01";"1";"7";"0";"2";"4";"1";"1";""
"202100021309";"163Â 563";"A01";"1";"7";"0";"2";"3";"1";"1";""
"202100021310";"163Â 560";"A01";"1";"50";"0";"0";"1";"26";"3";""
"202100021310";"163Â 561";"B01";"2";"41";"0";"0";"0";"0";"0";""
"202100021311";"163Â 558";"B01";"1";"7";"0";"2";"1";"2";"1";""
"202100021311";"163Â 559";"A01";"2";"3";"0";"2";"1";"2";"1";""
"202100021312";"163Â 557";"A01";"1";"10";"0";"1";"3";"26";"1";""
"202100021313";"163Â 556";"A01";"3";"7";"0";"1";"1";"1";"1";""
"202100021314";"163Â 554";"B01";"1";"7";"0";"2";"2";"14";"1";""
"202100021314";"163Â 555";"A01";"1";"7";"0";"2";"6";"2";"2";""
"202100021315";"163Â 552";"B01";"3";"50";"0";"2";"3";"0";"3";""
"202100021315";"163Â 553";"A01";"3";"10";"0";"2";"6";"16";"0";""
"202100021316";"163Â 551";"A01";"2";"7";"1";"0";"1";"14";"1";""
"202100021317";"163Â 549";"B01";"1";"7";"0";"2";"3";"15";"0";""
"202100021317";"163Â 550";"A01";"1";"32";"0";"2";"7";"1";"1";""
"202100021318";"163Â 547";"B01";"3";"30";"0";"2";"2";"1";"1";""
"202100021318";"163Â 548";"A01";"3";"7";"0";"2";"3";"15";"0";""
"202100021319";"163Â 546";"A01";"2";"7";"0";"1";"7";"1";"1";""
"202100021320";"163Â 544";"B01";"1";"1";"0";"2";"8";"1";"0";""
"202100021320";"163Â 545";"A01";"1";"7";"0";"2";"7";"14";"1";""
"202100021321";"163Â 542";"B01";"2";"7";"0";"2";"4";"23";"1";""
"202100021321";"163Â 543";"A01";"2";"2";"0";"2";"1";"2";"1";""
"202100021322";"163Â 540";"B01";"2";"10";"0";"2";"3";"1";"1";""
"202100021322";"163Â 541";"A01";"1";"2";"0";"2";"1";"17";"1";""
"202100021323";"163Â 538";"A01";"3";"33";"0";"2";"1";"1";"1";""
"202100021323";"163Â 539";"B01";"0";"7";"0";"2";"8";"19";"1";""
"202100021324";"163Â 536";"A01";"1";"7";"0";"2";"7";"1";"1";""
"202100021324";"163Â 537";"B01";"1";"33";"0";"2";"1";"1";"1";""
"202100021325";"163Â 534";"B01";"2";"15";"0";"0";"3";"2";"1";""
"202100021325";"163Â 535";"A01";"1";"7";"0";"0";"3";"5";"1";""
"202100021326";"163Â 532";"A01";"3";"31";"12";"0";"0";"1";"1";""
"202100021327";"163Â 531";"A01";"1";"7";"13";"0";"2";"1";"1";""
"202100021328";"163Â 530";"A01";"2";"7";"0";"1";"1";"1";"1";""
"202100021329";"163Â 528";"B01";"2";"33";"0";"2";"1";"17";"1";""
"202100021329";"163Â 529";"A01";"2";"7";"0";"2";"3";"15";"1";""
"202100021330";"163Â 526";"A01";"0";"7";"0";"2";"1";"19";"1";""
"202100021330";"163Â 527";"B01";"2";"10";"0";"2";"2";"1";"1";""
"202100021331";"163Â 524";"A01";"2";"1";"0";"2";"1";"19";"5";""
"202100021331";"163Â 525";"B01";"2";"7";"0";"9";"2";"1";"1";""
"202100021332";"163Â 522";"B01";"1";"7";"0";"2";"3";"1";"1";""
"202100021332";"163Â 523";"A01";"1";"7";"0";"0";"2";"15";"1";""
"202100021333";"163Â 520";"A01";"2";"7";"3";"2";"1";"17";"1";""
"202100021333";"163Â 521";"B01";"2";"7";"0";"0";"4";"1";"1";""
"202100021334";"163Â 518";"A01";"2";"15";"0";"2";"7";"15";"1";""
"202100021334";"163Â 519";"B01";"2";"33";"0";"2";"1";"1";"1";""
"202100021335";"163Â 517";"A01";"1";"33";"17";"0";"8";"1";"1";""
"202100021336";"163Â 515";"A01";"1";"7";"0";"2";"7";"17";"1";""
"202100021336";"163Â 516";"B01";"1";"33";"0";"2";"3";"1";"1";""
"202100021337";"163Â 513";"A01";"1";"7";"0";"2";"3";"19";"1";""
"202100021337";"163Â 514";"B01";"2";"7";"0";"0";"1";"1";"1";""
"202100021338";"163Â 511";"A01";"2";"7";"0";"0";"8";"11";"1";""
"202100021338";"163Â 512";"B01";"2";"10";"2";"2";"2";"13";"1";""
"202100021339";"163Â 509";"A01";"1";"7";"0";"2";"6";"19";"1";""
"202100021339";"163Â 510";"B01";"2";"7";"0";"2";"3";"1";"1";""
"202100021340";"163Â 507";"B01";"2";"7";"0";"2";"3";"2";"1";""
"202100021340";"163Â 508";"A01";"2";"1";"0";"2";"8";"2";"5";""
"202100021341";"163Â 505";"B01";"2";"2";"0";"2";"1";"1";"1";""
"202100021341";"163Â 506";"A01";"1";"7";"0";"2";"5";"6";"1";""
"202100021342";"163Â 503";"A01";"3";"50";"0";"2";"6";"1";"3";""
"202100021342";"163Â 504";"B01";"3";"7";"0";"2";"2";"1";"1";""
"202100021343";"163Â 502";"A01";"2";"7";"13";"0";"0";"1";"1";""
"202100021344";"163Â 501";"A01";"2";"33";"16";"0";"0";"1";"1";""
"202100021345";"163Â 499";"A01";"1";"7";"0";"2";"3";"2";"1";""
"202100021345";"163Â 500";"B01";"1";"7";"0";"2";"5";"15";"1";""
"202100021346";"163Â 497";"B01";"3";"7";"0";"2";"3";"15";"1";""
"202100021346";"163Â 498";"A01";"3";"1";"0";"2";"1";"1";"5";""
"202100021347";"163Â 495";"A01";"2";"2";"0";"0";"6";"9";"1";""
"202100021347";"163Â 496";"B01";"2";"7";"0";"0";"2";"1";"1";""
"202100021348";"163Â 493";"B01";"1";"33";"0";"2";"1";"17";"1";""
"202100021348";"163Â 494";"A01";"1";"7";"0";"2";"6";"10";"1";""
"202100021349";"163Â 492";"A01";"2";"7";"7";"0";"1";"0";"1";""
"202100021350";"163Â 490";"B01";"2";"10";"0";"9";"2";"1";"1";""
"202100021350";"163Â 491";"A01";"2";"1";"0";"0";"4";"1";"5";""
"202100021351";"163Â 488";"B01";"3";"7";"0";"0";"4";"23";"1";""
"202100021351";"163Â 489";"A01";"3";"2";"0";"2";"1";"2";"1";""
"202100021352";"163Â 487";"A01";"1";"33";"0";"0";"0";"1";"1";""
"202100021353";"163Â 485";"A01";"1";"7";"2";"0";"1";"14";"1";""
"202100021354";"163Â 483";"A01";"1";"7";"0";"2";"3";"1";"1";""
"202100021354";"163Â 484";"B01";"3";"21";"0";"2";"2";"1";"1";""
"202100021355";"163Â 482";"A01";"2";"7";"0";"6";"7";"21";"1";""
"202100021356";"163Â 480";"B01";"1";"99";"0";"0";"4";"2";"6";""
"202100021356";"163Â 481";"A01";"1";"7";"0";"5";"1";"2";"1";""
"202100021357";"163Â 479";"A01";"1";"10";"0";"1";"5";"2";"0";""
"202100021358";"163Â 476";"A01";"3";"7";"0";"2";"1";"9";"1";""
"202100021359";"163Â 474";"B01";"3";"7";"0";"2";"1";"15";"1";""
"202100021359";"163Â 475";"A01";"2";"7";"0";"2";"1";"1";"1";""
"202100021360";"163Â 471";"C01";"3";"7";"0";"2";"4";"23";"1";""
"202100021360";"163Â 472";"B01";"3";"7";"0";"2";"4";"23";"1";""
"202100021360";"163Â 473";"A01";"3";"7";"14";"0";"1";"1";"1";""
"202100021361";"163Â 469";"A01";"2";"33";"0";"2";"1";"1";"1";""
"202100021361";"163Â 470";"B01";"1";"7";"0";"2";"2";"1";"1";""
"202100021362";"163Â 467";"B01";"2";"7";"3";"2";"3";"1";"1";""
"202100021362";"163Â 468";"A01";"1";"7";"3";"2";"1";"13";"1";""
"202100021363";"163Â 466";"A01";"2";"7";"6";"0";"1";"14";"1";""
"202100021364";"163Â 464";"B01";"3";"1";"0";"2";"0";"1";"5";""
"202100021364";"163Â 465";"A01";"3";"7";"0";"2";"3";"9";"1";""
"202100021365";"163Â 462";"B01";"1";"2";"0";"2";"1";"1";"1";""
"202100021365";"163Â 463";"A01";"2";"10";"0";"2";"3";"15";"1";""
"202100021366";"163Â 460";"A01";"1";"7";"0";"0";"2";"2";"1";""
"202100021366";"163Â 461";"B01";"1";"1";"0";"2";"3";"1";"5";""
"202100021367";"163Â 458";"A01";"1";"7";"0";"2";"2";"15";"1";""
"202100021367";"163Â 459";"B01";"2";"33";"0";"2";"1";"1";"1";""
"202100021368";"163Â 456";"B01";"2";"7";"0";"2";"3";"1";"1";""
"202100021368";"163Â 457";"A01";"1";"33";"0";"2";"1";"13";"1";""
"202100021369";"163Â 451";"A01";"2";"10";"0";"2";"3";"1";"1";""
"202100021369";"163Â 452";"B01";"1";"7";"0";"2";"3";"13";"1";""
"202100021370";"163Â 449";"A01";"1";"2";"0";"2";"3";"23";"1";""
"202100021370";"163Â 450";"B01";"1";"7";"0";"2";"3";"15";"0";""
"202100021371";"163Â 448";"A01";"2";"7";"4";"0";"0";"1";"1";""
"202100021372";"163Â 447";"A01";"1";"7";"11";"0";"9";"1";"1";""
"202100021373";"163Â 444";"C01";"1";"7";"0";"2";"3";"1";"1";""
"202100021373";"163Â 445";"B01";"2";"7";"0";"2";"1";"1";"1";""
"202100021373";"163Â 446";"A01";"0";"2";"0";"2";"8";"9";"1";""
"202100021374";"163Â 442";"B01";"1";"2";"0";"2";"1";"2";"3";""
"202100021374";"163Â 443";"A01";"1";"7";"0";"9";"6";"2";"1";""
"202100021375";"163Â 440";"A01";"0";"32";"0";"2";"1";"2";"1";""
"202100021375";"163Â 441";"B01";"0";"7";"0";"0";"6";"15";"1";""
"202100021376";"163Â 436";"A01";"3";"7";"0";"0";"4";"23";"1";""
"202100021376";"163Â 437";"B01";"3";"7";"0";"2";"4";"23";"1";""