"Num_Acc";"id_vehicule";"num_veh";"senc";"catv";"obs";"obsm";"choc";"manv";"motor";"occutc"
"202100021376";"163Â 438";"C01";"3";"7";"0";"2";"4";"23";"1";""
"202100021376";"163Â 439";"D01";"3";"7";"0";"2";"1";"1";"1";""
"202100021377";"163Â 434";"B01";"3";"10";"0";"0";"0";"25";"1";""
"202100021377";"163Â 435";"A01";"3";"33";"7";"0";"0";"21";"1";""
"202100021378";"163Â 431";"A01";"1";"7";"0";"9";"2";"2";"1";""
"202100021378";"163Â 432";"B01";"1";"1";"0";"2";"4";"2";"5";""
"202100021378";"163Â 433";"C01";"1";"1";"0";"0";"0";"2";"5";""
"202100021379";"163Â 430";"A01";"1";"7";"0";"1";"2";"1";"1";""
"202100021380";"163Â 428";"A01";"2";"30";"0";"2";"8";"10";"1";""
"202100021380";"163Â 429";"B01";"2";"15";"0";"2";"1";"1";"1";""
"202100021381";"163Â 427";"A01";"2";"7";"1";"0";"2";"14";"1";""
"202100021382";"163Â 426";"A01";"2";"7";"13";"0";"2";"1";"1";""
"202100021383";"163Â 424";"B01";"3";"2";"0";"2";"7";"5";"1";""
"202100021383";"163Â 425";"A01";"3";"7";"0";"2";"1";"15";"1";""
"202100021384";"163Â 422";"A01";"1";"33";"0";"2";"1";"1";"1";""
"202100021384";"163Â 423";"B01";"2";"33";"0";"2";"2";"0";"1";""
"202100021385";"163Â 420";"B01";"1";"7";"0";"2";"2";"1";"1";""
"202100021385";"163Â 421";"A01";"1";"7";"7";"2";"7";"19";"1";""
"202100021386";"163Â 418";"B01";"2";"1";"0";"0";"3";"1";"5";""
"202100021386";"163Â 419";"A01";"1";"7";"0";"9";"3";"1";"1";""
"202100021387";"163Â 416";"A01";"0";"7";"0";"2";"3";"1";"1";""
"202100021387";"163Â 417";"B01";"0";"33";"0";"2";"1";"1";"1";""
"202100021388";"163Â 414";"B01";"0";"7";"0";"0";"5";"2";"1";""
"202100021388";"163Â 415";"A01";"0";"10";"0";"2";"3";"2";"1";""
"202100021389";"163Â 412";"A01";"3";"7";"0";"2";"2";"15";"1";""
"202100021389";"163Â 413";"B01";"3";"33";"0";"2";"1";"1";"1";""
"202100021390";"163Â 410";"B01";"1";"7";"0";"2";"4";"1";"1";""
"202100021390";"163Â 411";"A01";"1";"7";"0";"2";"1";"2";"1";""
"202100021391";"163Â 409";"A01";"1";"7";"0";"1";"1";"1";"1";""
"202100021392";"163Â 408";"A01";"2";"33";"0";"0";"8";"26";"1";""
"202100021393";"163Â 407";"A01";"2";"7";"0";"0";"9";"1";"1";""
"202100021394";"163Â 405";"A01";"2";"7";"3";"0";"1";"2";"1";""
"202100021394";"163Â 406";"B01";"2";"15";"0";"2";"7";"2";"0";""
"202100021395";"163Â 404";"A01";"2";"7";"4";"0";"6";"1";"1";""
"202100021396";"163Â 402";"A01";"2";"32";"0";"2";"2";"3";"1";""
"202100021396";"163Â 403";"B01";"2";"7";"0";"2";"8";"11";"1";""
"202100021397";"163Â 400";"A01";"1";"33";"0";"2";"1";"1";"1";""
"202100021397";"163Â 401";"B01";"1";"7";"0";"2";"4";"2";"1";""
"202100021398";"163Â 398";"A01";"1";"33";"0";"2";"1";"3";"1";""
"202100021398";"163Â 399";"B01";"1";"7";"0";"2";"6";"1";"1";""
"202100021399";"163Â 397";"A01";"1";"33";"4";"0";"1";"26";"1";""
"202100021400";"163Â 395";"A01";"2";"33";"0";"2";"1";"3";"1";""
"202100021400";"163Â 396";"B01";"2";"7";"0";"2";"7";"14";"1";""
"202100021401";"163Â 393";"A01";"1";"7";"0";"2";"1";"1";"1";""
"202100021401";"163Â 394";"B01";"1";"7";"0";"2";"4";"2";"1";""
"202100021402";"163Â 392";"A01";"1";"10";"14";"0";"1";"2";"1";""
"202100021403";"163Â 389";"A01";"1";"7";"0";"2";"4";"0";"1";""
"202100021403";"163Â 390";"B01";"1";"7";"0";"2";"4";"0";"1";""
"202100021403";"163Â 391";"C01";"1";"10";"0";"2";"1";"0";"1";""
"202100021404";"163Â 387";"B01";"1";"7";"0";"2";"5";"2";"1";""
"202100021404";"163Â 388";"A01";"1";"33";"0";"2";"3";"3";"1";""
"202100021405";"163Â 385";"B01";"1";"33";"0";"2";"1";"26";"1";""
"202100021405";"163Â 386";"A01";"1";"21";"0";"0";"6";"26";"1";""
"202100021406";"163Â 384";"A01";"0";"10";"1";"1";"1";"16";"3";""
"202100021407";"163Â 383";"A01";"2";"7";"0";"1";"2";"1";"1";""
"202100021408";"163Â 382";"A01";"1";"32";"0";"1";"1";"1";"1";""
"202100021409";"163Â 381";"A01";"1";"7";"0";"1";"1";"1";"1";""
"202100021410";"163Â 380";"A01";"0";"7";"14";"1";"1";"1";"1";""
"202100021411";"163Â 379";"A01";"1";"13";"0";"1";"4";"26";"1";""
"202100021412";"163Â 377";"B01";"1";"7";"0";"2";"8";"0";"1";""
"202100021412";"163Â 378";"A01";"1";"7";"0";"2";"7";"1";"1";""
"202100021413";"163Â 375";"A01";"1";"10";"1";"2";"7";"1";"1";""
"202100021413";"163Â 376";"B01";"1";"1";"0";"2";"1";"9";"0";""
"202100021414";"163Â 373";"A01";"1";"7";"0";"2";"2";"9";"1";""
"202100021414";"163Â 374";"B01";"2";"7";"0";"2";"3";"1";"1";""
"202100021415";"163Â 372";"A01";"1";"7";"0";"1";"4";"20";"2";""
"202100021416";"163Â 371";"A01";"1";"50";"0";"1";"1";"1";"3";""
"202100021417";"163Â 369";"A01";"1";"34";"0";"2";"7";"9";"1";""
"202100021417";"163Â 370";"B01";"1";"7";"0";"2";"3";"1";"1";""
"202100021418";"163Â 368";"A01";"3";"7";"8";"0";"2";"1";"1";""
"202100021419";"163Â 367";"A01";"2";"7";"0";"1";"3";"16";"1";""
"202100021420";"163Â 365";"B01";"3";"7";"1";"0";"4";"2";"0";""
"202100021420";"163Â 366";"A01";"3";"32";"0";"2";"1";"26";"1";""
"202100021421";"163Â 363";"B01";"1";"50";"0";"2";"1";"1";"3";""
"202100021421";"163Â 364";"A01";"1";"7";"0";"2";"7";"16";"1";""
"202100021422";"163Â 361";"B01";"1";"7";"0";"2";"8";"15";"1";""
"202100021422";"163Â 362";"A01";"1";"80";"0";"2";"1";"1";"3";""
"202100021423";"163Â 360";"A01";"1";"7";"4";"0";"1";"0";"1";""
"202100021424";"163Â 358";"B01";"1";"10";"0";"2";"1";"2";"0";""
"202100021424";"163Â 359";"A01";"1";"10";"0";"2";"4";"2";"0";""
"202100021425";"163Â 356";"A01";"1";"7";"0";"2";"1";"13";"1";""
"202100021425";"163Â 357";"B01";"2";"7";"0";"2";"1";"1";"1";""
"202100021426";"163Â 353";"B01";"2";"10";"0";"2";"4";"23";"1";""
"202100021426";"163Â 354";"C01";"2";"7";"0";"2";"4";"23";"1";""
"202100021426";"163Â 355";"A01";"2";"7";"0";"2";"1";"1";"1";""
"202100021427";"163Â 351";"B01";"1";"33";"0";"2";"1";"1";"1";""
"202100021427";"163Â 352";"A01";"1";"7";"0";"2";"3";"15";"1";""
"202100021428";"163Â 349";"B01";"3";"33";"0";"2";"2";"1";"1";""
"202100021428";"163Â 350";"A01";"3";"7";"0";"2";"1";"26";"1";""
"202100021429";"163Â 347";"A01";"1";"7";"0";"2";"5";"0";"1";""
"202100021429";"163Â 348";"B01";"2";"2";"0";"2";"1";"1";"1";""
"202100021430";"163Â 346";"A01";"1";"7";"0";"1";"1";"15";"1";""
"202100021431";"163Â 336";"B01";"3";"10";"0";"2";"4";"2";"1";""
"202100021431";"163Â 337";"A01";"3";"1";"0";"2";"1";"2";"5";""
"202100021432";"163Â 335";"A01";"3";"7";"15";"0";"1";"1";"1";""
"202100021433";"163Â 333";"A01";"1";"7";"0";"2";"1";"16";"0";""
"202100021433";"163Â 334";"V01";"1";"1";"0";"2";"8";"1";"5";""
"202100021434";"163Â 332";"A01";"3";"7";"0";"1";"1";"1";"1";""
"202100021435";"163Â 331";"Z01";"1";"1";"0";"1";"1";"25";"5";""
"202100021436";"163Â 329";"Z01";"2";"7";"0";"2";"1";"1";"1";""
"202100021436";"163Â 330";"A01";"1";"50";"0";"2";"8";"19";"3";""
"202100021437";"163Â 325";"B01";"2";"7";"0";"2";"4";"15";"2";""
"202100021437";"163Â 326";"A01";"2";"7";"0";"2";"1";"1";"1";""
"202100021437";"163Â 327";"D01";"1";"7";"0";"2";"1";"1";"1";""
"202100021437";"163Â 328";"C01";"1";"7";"0";"2";"1";"1";"1";""
"202100021438";"163Â 323";"B01";"1";"80";"0";"2";"8";"1";"3";""
"202100021438";"163Â 324";"A01";"1";"7";"0";"2";"2";"1";"1";""
"202100021439";"163Â 321";"B01";"1";"33";"0";"2";"8";"1";"1";""
"202100021439";"163Â 322";"A01";"2";"7";"0";"2";"3";"15";"1";""
"202100021440";"163Â 319";"A01";"3";"33";"0";"2";"1";"9";"1";""
"202100021440";"163Â 320";"B01";"3";"1";"0";"2";"8";"1";"5";""
"202100021441";"163Â 318";"A01";"1";"30";"0";"1";"1";"17";"1";""
"202100021442";"163Â 317";"A01";"1";"30";"1";"0";"1";"2";"1";""
"202100021443";"163Â 316";"BA01";"2";"1";"0";"1";"1";"26";"5";""
"202100021444";"163Â 314";"A01";"3";"7";"0";"9";"1";"1";"1";""
"202100021444";"163Â 315";"B01";"3";"1";"0";"2";"8";"0";"5";""
"202100021445";"163Â 312";"A01";"1";"7";"1";"2";"3";"9";"1";""
"202100021445";"163Â 313";"B01";"2";"2";"0";"2";"2";"0";"1";""
"202100021446";"163Â 311";"A01";"1";"3";"0";"1";"1";"1";"3";""
"202100021447";"163Â 309";"B01";"1";"1";"0";"2";"4";"15";"5";""
"202100021447";"163Â 310";"A01";"1";"7";"0";"2";"1";"17";"1";""
"202100021448";"163Â 306";"C01";"2";"7";"0";"2";"4";"1";"1";""
"202100021448";"163Â 307";"B01";"2";"7";"0";"2";"4";"2";"1";""
"202100021448";"163Â 308";"A01";"2";"7";"0";"2";"1";"2";"1";""
"202100021449";"163Â 305";"A01";"2";"7";"0";"6";"1";"1";"1";""
"202100021450";"163Â 303";"B01";"1";"34";"0";"2";"7";"1";"1";""
"202100021450";"163Â 304";"A01";"2";"7";"0";"2";"1";"9";"1";""
"202100021451";"163Â 302";"A01";"0";"7";"0";"1";"2";"1";"1";""
"202100021452";"163Â 300";"A01";"2";"7";"0";"2";"1";"1";"1";""
"202100021452";"163Â 301";"B01";"2";"3";"0";"2";"4";"1";"1";""
"202100021453";"163Â 298";"B01";"2";"50";"0";"2";"3";"10";"3";""
"202100021453";"163Â 299";"A01";"2";"7";"0";"2";"2";"1";"1";""
"202100021454";"163Â 296";"B01";"0";"1";"0";"0";"0";"0";"5";""
"202100021454";"163Â 297";"A01";"0";"7";"0";"2";"8";"26";"1";""
"202100021455";"163Â 294";"A01";"1";"7";"0";"2";"7";"15";"1";""
"202100021455";"163Â 295";"B01";"2";"33";"0";"2";"1";"1";"1";""
"202100021456";"163Â 292";"B01";"3";"7";"0";"2";"1";"1";"1";""
"202100021456";"163Â 293";"A01";"3";"7";"6";"2";"7";"1";"1";""
"202100021457";"163Â 290";"B01";"3";"1";"0";"2";"0";"2";"5";""
"202100021457";"163Â 291";"A01";"3";"7";"0";"2";"0";"0";"1";""
"202100021458";"163Â 287";"A01";"2";"7";"0";"2";"1";"18";"1";""
"202100021458";"163Â 288";"B01";"2";"7";"0";"2";"4";"1";"1";""
"202100021458";"163Â 289";"C01";"2";"7";"0";"2";"4";"1";"1";""
"202100021459";"163Â 285";"A01";"3";"7";"0";"2";"1";"1";"1";""
"202100021459";"163Â 286";"B01";"0";"1";"0";"2";"8";"1";"6";""
"202100021460";"163Â 283";"B01";"0";"32";"0";"0";"0";"0";"1";""
"202100021460";"163Â 284";"A01";"1";"7";"0";"2";"1";"15";"1";""
"202100021461";"163Â 281";"B01";"0";"80";"0";"2";"0";"0";"3";""
"202100021461";"163Â 282";"A01";"0";"7";"0";"2";"0";"9";"1";""
"202100021462";"163Â 277";"B01";"2";"30";"0";"2";"7";"1";"1";""
"202100021462";"163Â 278";"A01";"1";"7";"0";"2";"7";"20";"1";""
"202100021463";"163Â 275";"B01";"3";"7";"0";"2";"3";"9";"1";""
"202100021463";"163Â 276";"A01";"3";"1";"0";"2";"0";"0";"5";""
"202100021464";"163Â 274";"A01";"1";"7";"0";"1";"2";"1";"1";""
"202100021465";"163Â 273";"A01";"2";"43";"0";"1";"2";"1";"1";""
"202100021466";"163Â 271";"A01";"1";"33";"0";"2";"1";"1";"1";""
"202100021466";"163Â 272";"B01";"2";"7";"0";"0";"7";"15";"1";""
"202100021467";"163Â 270";"A01";"1";"7";"0";"1";"1";"1";"1";""
"202100021468";"163Â 268";"A01";"0";"14";"0";"2";"1";"11";"1";""
"202100021468";"163Â 269";"B01";"0";"37";"0";"2";"6";"20";"1";"3"
"202100021469";"163Â 266";"A01";"1";"7";"0";"2";"3";"0";"1";""
"202100021469";"163Â 267";"B01";"1";"2";"0";"2";"1";"0";"1";""
"202100021470";"163Â 264";"B01";"3";"37";"0";"2";"2";"1";"1";"1"
"202100021470";"163Â 265";"A01";"3";"7";"0";"2";"9";"9";"1";""
"202100021471";"163Â 262";"A01";"1";"7";"0";"2";"0";"9";"1";""
"202100021471";"163Â 263";"B01";"1";"1";"0";"2";"0";"1";"5";""
"202100021472";"163Â 260";"B01";"1";"7";"0";"2";"2";"1";"1";""
"202100021472";"163Â 261";"A01";"2";"7";"0";"2";"8";"10";"1";""
"202100021473";"163Â 258";"B01";"1";"1";"0";"2";"8";"1";"5";""
"202100021473";"163Â 259";"A01";"1";"7";"0";"2";"2";"15";"1";""
"202100021474";"163Â 256";"A01";"1";"7";"1";"0";"0";"4";"1";""
"202100021474";"163Â 257";"B01";"0";"7";"1";"0";"7";"24";"1";""
"202100021475";"163Â 254";"B01";"1";"33";"0";"2";"2";"1";"1";""
"202100021475";"163Â 255";"A01";"2";"10";"0";"2";"3";"15";"1";""
"202100021476";"163Â 252";"A01";"1";"10";"0";"2";"2";"10";"3";""
"202100021476";"163Â 253";"B01";"2";"33";"0";"2";"8";"1";"1";""
"202100021477";"163Â 250";"B01";"1";"10";"0";"2";"5";"15";"3";""
"202100021477";"163Â 251";"A01";"2";"1";"0";"2";"1";"1";"5";""
"202100021478";"163Â 248";"A01";"2";"30";"0";"2";"1";"1";"1";""
"202100021478";"163Â 249";"Z01";"1";"7";"0";"2";"7";"15";"0";""
"202100021479";"163Â 246";"A01";"2";"1";"0";"2";"8";"17";"5";""
"202100021479";"163Â 247";"B01";"1";"80";"0";"2";"8";"1";"3";""
"202100021480";"163Â 245";"A01";"1";"10";"0";"1";"3";"1";"0";""
"202100021481";"163Â 244";"A01";"1";"1";"0";"0";"1";"1";"5";""
"202100021482";"163Â 242";"A01";"1";"7";"0";"2";"8";"22";"1";""
"202100021482";"163Â 243";"B01";"1";"50";"0";"2";"2";"1";"3";""
"202100021483";"163Â 240";"A01";"1";"30";"0";"2";"3";"15";"1";""
"202100021483";"163Â 241";"B01";"1";"34";"0";"2";"1";"2";"1";""
"202100021484";"163Â 238";"A01";"2";"30";"0";"2";"3";"19";"3";""
"202100021484";"163Â 239";"B01";"1";"33";"1";"2";"3";"1";"1";""
"202100021485";"163Â 236";"A01";"1";"7";"0";"2";"2";"1";"1";""
"202100021485";"163Â 237";"B01";"1";"30";"0";"2";"1";"1";"1";""
"202100021486";"163Â 234";"B01";"2";"80";"0";"2";"2";"1";"3";""
"202100021486";"163Â 235";"A01";"2";"7";"0";"2";"3";"9";"1";""
"202100021487";"163Â 232";"A01";"1";"30";"0";"2";"1";"1";"1";""
"202100021487";"163Â 233";"B01";"1";"14";"0";"2";"3";"16";"6";""
"202100021488";"163Â 230";"B01";"2";"50";"0";"2";"3";"1";"3";""
"202100021488";"163Â 231";"A01";"1";"7";"0";"2";"2";"15";"1";""
"202100021489";"163Â 227";"C01";"1";"7";"0";"0";"0";"0";"2";""
"202100021489";"163Â 228";"B01";"1";"7";"0";"2";"1";"26";"1";""
"202100021489";"163Â 229";"A01";"2";"7";"0";"2";"2";"15";"2";""
"202100021490";"163Â 225";"B01";"2";"31";"0";"2";"1";"1";"1";""
"202100021490";"163Â 226";"A01";"1";"7";"0";"2";"7";"13";"1";""
"202100021491";"163Â 222";"A01";"2";"10";"1";"0";"1";"1";"1";""
"202100021491";"163Â 223";"B01";"2";"7";"1";"0";"4";"23";"1";""
"202100021491";"163Â 224";"C01";"2";"7";"1";"0";"4";"23";"1";""
"202100021492";"163Â 220";"A01";"2";"1";"0";"2";"7";"15";"5";""
"202100021492";"163Â 221";"B01";"1";"7";"0";"2";"2";"1";"1";""
"202100021493";"163Â 217";"A01";"0";"7";"0";"2";"1";"26";"1";""
"202100021493";"163Â 218";"B01";"0";"7";"0";"2";"4";"2";"1";""
"202100021493";"163Â 219";"C01";"0";"10";"0";"2";"1";"2";"1";""
"202100021494";"163Â 215";"B01";"3";"32";"0";"2";"4";"1";"1";""
"202100021494";"163Â 216";"A01";"3";"3";"0";"2";"1";"13";"1";""
"202100021495";"163Â 213";"A01";"2";"7";"0";"2";"3";"23";"0";""
"202100021495";"163Â 214";"B01";"2";"1";"1";"2";"1";"2";"0";""
"202100021496";"163Â 211";"A01";"3";"10";"0";"2";"7";"6";"0";""
"202100021496";"163Â 212";"B01";"1";"43";"0";"2";"1";"0";"0";""
"202100021497";"163Â 209";"A01";"1";"7";"0";"2";"2";"16";"1";""
"202100021497";"163Â 210";"B01";"1";"32";"12";"2";"8";"18";"1";""
"202100021498";"163Â 207";"A01";"0";"33";"0";"2";"0";"15";"1";""
"202100021498";"163Â 208";"B01";"0";"34";"0";"2";"0";"1";"1";""
"202100021499";"163Â 205";"A01";"3";"7";"0";"2";"6";"26";"1";""
"202100021499";"163Â 206";"B01";"3";"2";"0";"2";"1";"26";"1";""
"202100021500";"163Â 203";"B01";"1";"13";"0";"2";"3";"1";"1";""
"202100021500";"163Â 204";"A01";"1";"7";"0";"2";"2";"17";"1";""
"202100021501";"163Â 202";"A01";"1";"33";"1";"0";"2";"14";"1";""
"202100021502";"163Â 201";"A01";"0";"1";"0";"1";"1";"9";"5";""
"202100021503";"163Â 200";"A01";"1";"80";"0";"1";"0";"1";"3";""
"202100021504";"163Â 199";"A01";"1";"80";"1";"0";"7";"26";"3";""
"202100021505";"163Â 198";"A01";"2";"32";"1";"0";"1";"13";"1";""
"202100021506";"163Â 197";"A01";"2";"33";"0";"0";"2";"2";"1";""
"202100021507";"163Â 195";"B01";"1";"1";"0";"2";"4";"1";"5";""
"202100021507";"163Â 196";"A01";"1";"7";"0";"2";"2";"17";"1";""
"202100021508";"163Â 194";"A01";"1";"2";"9";"0";"1";"26";"1";""
"202100021509";"163Â 193";"A01";"1";"7";"2";"0";"1";"1";"1";""
"202100021510";"163Â 191";"B01";"0";"7";"0";"2";"1";"1";"1";""
"202100021510";"163Â 192";"A01";"0";"33";"0";"2";"1";"5";"1";""
"202100021511";"163Â 190";"A01";"1";"7";"2";"0";"1";"0";"1";""
"202100021512";"163Â 187";"C01";"2";"7";"0";"2";"2";"1";"1";""
"202100021512";"163Â 188";"B01";"2";"7";"0";"2";"3";"1";"1";""
"202100021512";"163Â 189";"A01";"1";"7";"0";"2";"3";"13";"1";""
"202100021513";"163Â 186";"A01";"2";"7";"2";"0";"1";"14";"1";""
"202100021514";"163Â 184";"B01";"1";"10";"0";"2";"3";"1";"1";""
"202100021514";"163Â 185";"A01";"2";"10";"0";"2";"3";"5";"1";""
"202100021515";"163Â 182";"B01";"1";"10";"0";"0";"8";"1";"1";""
"202100021515";"163Â 183";"A01";"2";"2";"0";"2";"1";"9";"1";""
"202100021516";"163Â 180";"B01";"3";"10";"0";"2";"3";"1";"1";""
"202100021516";"163Â 181";"A01";"3";"7";"0";"2";"7";"1";"1";""
"202100021517";"163Â 178";"B01";"2";"80";"0";"2";"7";"1";"3";""
"202100021517";"163Â 179";"A01";"2";"7";"0";"9";"3";"9";"1";""
"202100021518";"163Â 176";"A01";"2";"33";"0";"2";"2";"17";"1";""
"202100021518";"163Â 177";"B01";"1";"7";"0";"2";"2";"19";"2";""
"202100021519";"163Â 174";"B01";"2";"33";"0";"2";"1";"1";"1";""
"202100021519";"163Â 175";"A01";"1";"10";"0";"2";"1";"1";"1";""
"202100021520";"163Â 173";"A01";"3";"7";"2";"0";"3";"0";"1";""
"202100021521";"163Â 172";"A01";"2";"32";"0";"0";"1";"14";"1";""
"202100021522";"163Â 170";"B01";"2";"1";"0";"2";"1";"1";"5";""
"202100021522";"163Â 171";"A01";"1";"7";"0";"0";"2";"15";"1";""
"202100021523";"163Â 169";"A01";"1";"7";"2";"0";"1";"1";"3";""
"202100021524";"163Â 167";"B01";"1";"7";"0";"2";"2";"1";"1";""
"202100021524";"163Â 168";"A01";"0";"1";"0";"2";"2";"19";"5";""
"202100021525";"163Â 166";"A01";"2";"33";"16";"0";"9";"1";"1";""
"202100021526";"163Â 165";"A01";"1";"7";"4";"0";"1";"10";"1";""
"202100021527";"163Â 163";"B01";"1";"21";"0";"0";"6";"15";"1";""
"202100021527";"163Â 164";"A01";"1";"33";"0";"0";"7";"21";"1";""
"202100021528";"163Â 161";"A01";"1";"2";"0";"2";"1";"17";"1";""
"202100021528";"163Â 162";"B01";"1";"7";"0";"2";"3";"11";"1";""
"202100021529";"163Â 160";"A01";"2";"7";"16";"0";"0";"1";"1";""
"202100021530";"163Â 159";"A01";"1";"7";"0";"1";"1";"23";"1";""
"202100021531";"163Â 156";"C01";"2";"10";"0";"2";"6";"1";"1";""
"202100021531";"163Â 157";"B01";"1";"7";"0";"2";"3";"1";"1";""
"202100021531";"163Â 158";"A01";"2";"31";"0";"2";"0";"17";"1";""
"202100021532";"163Â 154";"A01";"1";"7";"13";"2";"3";"13";"1";""
"202100021532";"163Â 155";"B01";"2";"14";"3";"2";"3";"1";"1";""
"202100021533";"163Â 152";"A01";"2";"7";"13";"2";"6";"17";"1";""
"202100021533";"163Â 153";"B01";"2";"15";"0";"2";"2";"17";"1";""
"202100021534";"163Â 151";"A01";"2";"7";"13";"0";"1";"1";"1";""
"202100021535";"163Â 148";"A01";"1";"7";"0";"2";"3";"13";"1";""
"202100021535";"163Â 149";"B01";"2";"15";"0";"2";"3";"1";"1";""
"202100021535";"163Â 150";"C01";"2";"7";"0";"2";"1";"1";"1";""
"202100021536";"163Â 147";"A01";"1";"7";"6";"0";"1";"15";"1";""
"202100021537";"163Â 144";"C01";"2";"17";"0";"2";"6";"1";"1";""
"202100021537";"163Â 145";"B01";"2";"17";"0";"2";"2";"1";"1";""
"202100021537";"163Â 146";"A01";"1";"7";"0";"2";"1";"5";"1";""
"202100021538";"163Â 142";"A01";"2";"7";"0";"2";"1";"5";"1";""
"202100021538";"163Â 143";"B01";"0";"33";"0";"2";"1";"21";"1";""
"202100021539";"163Â 140";"A01";"1";"7";"3";"2";"3";"13";"1";""
"202100021539";"163Â 141";"B01";"1";"15";"0";"0";"5";"1";"1";""
"202100021540";"163Â 139";"A01";"1";"7";"1";"0";"1";"1";"1";""
"202100021541";"163Â 135";"B01";"1";"7";"0";"2";"3";"1";"1";""
"202100021541";"163Â 136";"A01";"1";"7";"0";"2";"5";"23";"1";""
"202100021542";"163Â 133";"A01";"1";"7";"0";"2";"8";"1";"1";""
"202100021542";"163Â 134";"B01";"2";"15";"0";"0";"6";"1";"1";""
"202100021543";"163Â 131";"A01";"2";"7";"0";"2";"7";"15";"1";""
"202100021543";"163Â 132";"B01";"2";"2";"0";"2";"1";"15";"1";""
"202100021544";"163Â 130";"A01";"1";"31";"8";"0";"1";"1";"1";""
"202100021545";"163Â 128";"A01";"1";"7";"0";"2";"1";"13";"1";""
"202100021545";"163Â 129";"B01";"2";"7";"0";"2";"1";"1";"1";""
"202100021546";"163Â 127";"A01";"2";"33";"0";"9";"1";"1";"1";""
"202100021547";"163Â 123";"B01";"0";"7";"0";"0";"2";"26";"1";""
"202100021547";"163Â 124";"A01";"0";"32";"0";"2";"1";"25";"1";""
"202100021548";"163Â 122";"A01";"0";"7";"0";"1";"7";"0";"1";""
"202100021549";"163Â 121";"A01";"2";"7";"13";"0";"9";"14";"1";""
"202100021550";"163Â 118";"A01";"1";"31";"0";"0";"3";"1";"1";""
"202100021551";"163Â 115";"A01";"1";"31";"0";"0";"7";"1";"1";""
"202100021552";"163Â 113";"B01";"1";"2";"0";"2";"1";"5";"1";""
"202100021552";"163Â 114";"A01";"2";"7";"0";"2";"1";"1";"1";""
"202100021553";"163Â 112";"A01";"1";"15";"7";"0";"1";"26";"1";""
"202100021554";"163Â 110";"A01";"2";"33";"0";"2";"8";"1";"1";""
"202100021554";"163Â 111";"B01";"2";"7";"0";"2";"7";"12";"1";""
"202100021555";"163Â 108";"A01";"2";"15";"0";"2";"1";"2";"1";""
"202100021555";"163Â 109";"B01";"2";"10";"0";"2";"4";"2";"1";""
"202100021556";"163Â 105";"B01";"2";"10";"0";"2";"4";"2";"1";""
"202100021556";"163Â 106";"C01";"2";"7";"0";"2";"4";"2";"1";""
"202100021556";"163Â 107";"A01";"2";"7";"0";"2";"1";"2";"1";""
"202100021557";"163Â 104";"C01";"1";"17";"0";"0";"0";"1";"1";""
"202100021558";"163Â 102";"A01";"2";"33";"0";"2";"1";"3";"1";""
"202100021558";"163Â 103";"B01";"2";"7";"0";"2";"4";"11";"1";""
"202100021559";"163Â 101";"A01";"2";"33";"0";"0";"5";"1";"1";""
"202100021560";"163Â 099";"A01";"1";"7";"0";"2";"8";"1";"1";""
"202100021560";"163Â 100";"Z01";"1";"13";"0";"2";"7";"9";"0";""
"202100021561";"163Â 097";"A01";"2";"7";"0";"2";"1";"2";"1";""
"202100021561";"163Â 098";"B01";"2";"10";"0";"2";"5";"2";"1";""
"202100021562";"163Â 095";"A01";"1";"15";"1";"2";"4";"24";"1";""
"202100021562";"163Â 096";"B01";"1";"33";"1";"0";"1";"2";"1";""
"202100021563";"163Â 093";"B01";"1";"10";"4";"2";"5";"1";"1";""
"202100021563";"163Â 094";"A01";"1";"32";"4";"2";"1";"3";"1";""
"202100021564";"163Â 090";"A01";"1";"7";"0";"2";"4";"23";"1";""
"202100021564";"163Â 091";"B01";"1";"7";"0";"2";"0";"0";"1";""
"202100021564";"163Â 092";"C01";"1";"7";"0";"2";"0";"26";"1";""
"202100021565";"163Â 088";"B01";"2";"31";"0";"2";"0";"2";"1";""
"202100021565";"163Â 089";"A01";"2";"7";"0";"2";"5";"2";"1";""
"202100021566";"163Â 086";"B01";"1";"7";"0";"2";"4";"2";"1";""
"202100021566";"163Â 087";"A01";"1";"33";"0";"2";"1";"2";"1";""
"202100021567";"163Â 084";"B01";"2";"7";"0";"2";"1";"2";"1";""
"202100021567";"163Â 085";"A01";"2";"7";"0";"2";"4";"2";"0";""
"202100021568";"163Â 082";"A01";"1";"10";"0";"2";"3";"1";"1";""
"202100021568";"163Â 083";"B01";"1";"13";"0";"2";"2";"14";"1";""
"202100021569";"163Â 080";"A01";"2";"7";"0";"2";"0";"1";"1";""
"202100021569";"163Â 081";"B01";"2";"7";"0";"2";"5";"1";"1";""
"202100021570";"163Â 079";"A01";"1";"3";"0";"9";"9";"9";"1";""
"202100021571";"163Â 077";"A01";"2";"7";"0";"2";"2";"12";"1";""
"202100021571";"163Â 078";"B01";"2";"33";"0";"2";"3";"3";"1";""
"202100021572";"163Â 075";"B01";"1";"7";"0";"2";"3";"1";"1";""
"202100021572";"163Â 076";"A01";"2";"1";"4";"2";"1";"1";"5";""
"202100021573";"163Â 073";"A01";"2";"7";"0";"2";"2";"9";"1";""
"202100021573";"163Â 074";"B01";"1";"1";"0";"2";"1";"15";"5";""
"202100021574";"163Â 072";"A01";"3";"7";"1";"0";"2";"20";"1";""