"Num_Acc";"id_vehicule";"num_veh";"senc";"catv";"obs";"obsm";"choc";"manv";"motor";"occutc"
"202100021575";"163Â 067";"B01";"1";"7";"0";"2";"3";"16";"1";""
"202100021575";"163Â 068";"A01";"2";"7";"8";"2";"1";"19";"1";""
"202100021576";"163Â 065";"A01";"1";"7";"0";"2";"7";"12";"1";""
"202100021576";"163Â 066";"B01";"1";"34";"0";"2";"1";"2";"1";""
"202100021577";"163Â 064";"A01";"1";"7";"0";"1";"1";"1";"1";""
"202100021578";"163Â 062";"B01";"3";"1";"0";"2";"8";"19";"0";""
"202100021578";"163Â 063";"A01";"3";"30";"0";"2";"1";"18";"1";""
"202100021579";"163Â 060";"A01";"1";"7";"0";"2";"2";"16";"1";""
"202100021579";"163Â 061";"B01";"2";"50";"0";"2";"1";"1";"3";""
"202100021580";"163Â 058";"B01";"1";"33";"0";"2";"7";"1";"1";""
"202100021580";"163Â 059";"A01";"2";"7";"0";"2";"1";"1";"1";""
"202100021581";"163Â 057";"A01";"1";"7";"9";"0";"2";"21";"1";""
"202100021582";"163Â 054";"C01";"1";"33";"1";"2";"1";"2";"1";""
"202100021582";"163Â 055";"B01";"1";"7";"1";"2";"1";"2";"1";""
"202100021582";"163Â 056";"A01";"1";"7";"4";"2";"4";"23";"1";""
"202100021583";"163Â 053";"A01";"1";"21";"0";"0";"8";"0";"1";""
"202100021584";"163Â 051";"A01";"1";"34";"0";"2";"1";"15";"1";""
"202100021584";"163Â 052";"B01";"2";"7";"0";"2";"2";"1";"1";""
"202100021585";"163Â 049";"A01";"1";"38";"0";"2";"2";"19";"1";"1"
"202100021585";"163Â 050";"B01";"2";"31";"0";"2";"3";"1";"1";""
"202100021586";"163Â 047";"B01";"1";"7";"0";"2";"1";"1";"1";""
"202100021586";"163Â 048";"AA01";"2";"7";"0";"2";"5";"15";"1";""
"202100021587";"163Â 045";"A01";"3";"33";"0";"2";"1";"1";"1";""
"202100021587";"163Â 046";"B01";"3";"7";"0";"2";"3";"10";"1";""
"202100021588";"163Â 043";"B01";"1";"2";"0";"2";"6";"17";"1";""
"202100021588";"163Â 044";"A01";"1";"7";"0";"0";"6";"26";"1";""
"202100021589";"163Â 042";"A01";"2";"10";"1";"0";"2";"1";"1";""
"202100021590";"163Â 040";"A01";"1";"10";"0";"9";"3";"15";"1";""
"202100021590";"163Â 041";"B01";"2";"1";"0";"2";"1";"1";"5";""
"202100021591";"163Â 038";"B01";"2";"7";"0";"2";"6";"13";"1";""
"202100021591";"163Â 039";"A01";"2";"33";"0";"2";"1";"13";"1";""
"202100021592";"163Â 036";"B01";"3";"7";"0";"9";"3";"1";"2";""
"202100021592";"163Â 037";"A01";"3";"50";"0";"2";"3";"5";"3";""
"202100021593";"163Â 034";"B01";"0";"7";"0";"2";"1";"1";"1";""
"202100021593";"163Â 035";"A01";"0";"7";"0";"2";"1";"13";"1";""
"202100021594";"163Â 033";"A01";"0";"7";"1";"0";"1";"1";"1";""
"202100021595";"163Â 030";"B01";"1";"7";"0";"2";"4";"23";"1";""
"202100021595";"163Â 031";"A01";"1";"1";"0";"2";"1";"2";"5";""
"202100021596";"163Â 028";"B01";"3";"1";"0";"2";"1";"1";"0";""
"202100021596";"163Â 029";"A01";"3";"7";"0";"9";"2";"15";"1";""
"202100021597";"163Â 026";"B01";"3";"7";"0";"2";"6";"1";"1";""
"202100021597";"163Â 027";"A01";"3";"7";"1";"2";"2";"13";"1";""
"202100021598";"163Â 024";"A01";"1";"7";"0";"2";"1";"2";"1";""
"202100021598";"163Â 025";"B01";"1";"7";"0";"2";"4";"2";"1";""
"202100021599";"163Â 022";"B01";"1";"7";"0";"0";"4";"2";"1";""
"202100021599";"163Â 023";"A01";"1";"7";"0";"2";"1";"2";"1";""
"202100021600";"163Â 020";"A01";"0";"7";"0";"2";"8";"15";"1";""
"202100021600";"163Â 021";"B01";"1";"50";"0";"2";"1";"1";"3";""
"202100021601";"163Â 018";"B01";"2";"7";"4";"2";"1";"17";"1";""
"202100021601";"163Â 019";"A01";"1";"7";"0";"2";"1";"5";"1";""
"202100021602";"163Â 016";"B01";"2";"7";"0";"2";"5";"2";"1";""
"202100021602";"163Â 017";"A01";"2";"2";"1";"2";"1";"2";"1";""
"202100021603";"163Â 014";"B01";"2";"33";"0";"2";"1";"17";"1";""
"202100021603";"163Â 015";"A01";"2";"7";"0";"2";"6";"15";"1";""
"202100021604";"163Â 013";"A01";"2";"7";"0";"1";"1";"1";"1";""
"202100021605";"163Â 012";"A01";"1";"7";"1";"0";"9";"1";"1";""
"202100021606";"163Â 010";"A01";"2";"7";"0";"2";"5";"15";"1";""
"202100021606";"163Â 011";"B01";"1";"33";"0";"2";"1";"2";"1";""
"202100021607";"163Â 009";"A01";"3";"7";"0";"1";"4";"26";"3";""
"202100021608";"163Â 008";"A01";"1";"43";"0";"0";"0";"1";"1";""
"202100021609";"163Â 007";"A01";"1";"10";"0";"1";"1";"1";"1";""
"202100021610";"163Â 005";"B01";"2";"1";"0";"2";"4";"1";"5";""
"202100021610";"163Â 006";"A01";"2";"7";"0";"2";"1";"2";"1";""
"202100021611";"163Â 003";"B01";"2";"17";"0";"2";"1";"17";"1";""
"202100021611";"163Â 004";"A01";"2";"7";"0";"2";"4";"9";"1";""
"202100021612";"163Â 001";"A01";"2";"10";"0";"2";"1";"15";"1";""
"202100021612";"163Â 002";"B01";"1";"1";"0";"2";"7";"1";"5";""
"202100021613";"163Â 000";"A01";"1";"1";"0";"0";"7";"26";"5";""
"202100021614";"162Â 998";"B01";"1";"7";"0";"2";"4";"2";"1";""
"202100021614";"162Â 999";"A01";"1";"10";"0";"2";"1";"2";"1";""
"202100021615";"162Â 996";"B01";"3";"7";"0";"2";"3";"1";"1";""
"202100021615";"162Â 997";"A01";"3";"7";"0";"2";"1";"13";"1";""
"202100021616";"162Â 994";"B01";"1";"33";"0";"2";"1";"2";"1";""
"202100021616";"162Â 995";"A01";"1";"7";"0";"2";"3";"15";"1";""
"202100021617";"162Â 992";"B01";"1";"7";"0";"2";"1";"1";"1";""
"202100021617";"162Â 993";"A01";"1";"50";"0";"2";"7";"19";"3";""
"202100021618";"162Â 990";"A01";"3";"7";"0";"2";"1";"1";"1";""
"202100021618";"162Â 991";"B01";"3";"7";"0";"2";"7";"1";"1";""
"202100021619";"162Â 987";"B01";"3";"7";"0";"2";"1";"1";"1";""
"202100021619";"162Â 988";"A01";"3";"7";"0";"2";"4";"1";"1";""
"202100021619";"162Â 989";"C01";"3";"7";"0";"2";"1";"1";"0";""
"202100021620";"162Â 985";"B01";"3";"33";"0";"2";"1";"1";"1";""
"202100021620";"162Â 986";"A01";"3";"10";"0";"2";"8";"1";"1";""
"202100021621";"162Â 983";"A01";"2";"7";"0";"2";"2";"16";"1";""
"202100021621";"162Â 984";"B01";"2";"50";"0";"2";"1";"1";"3";""
"202100021622";"162Â 981";"B01";"2";"1";"0";"2";"8";"15";"5";""
"202100021622";"162Â 982";"A01";"2";"7";"0";"2";"2";"17";"1";""
"202100021623";"162Â 979";"A01";"2";"32";"0";"2";"1";"15";"1";""
"202100021623";"162Â 980";"B01";"1";"7";"0";"2";"3";"1";"1";""
"202100021624";"162Â 977";"A01";"1";"7";"6";"1";"1";"19";"3";""
"202100021624";"162Â 978";"B01";"1";"7";"0";"0";"6";"2";"1";""
"202100021625";"162Â 973";"D01";"1";"7";"0";"2";"4";"2";"1";""
"202100021625";"162Â 974";"C01";"1";"7";"0";"2";"4";"2";"1";""
"202100021625";"162Â 975";"B01";"1";"7";"0";"2";"4";"2";"1";""
"202100021625";"162Â 976";"A01";"1";"10";"0";"2";"1";"2";"1";""
"202100021626";"162Â 972";"A01";"0";"7";" -1";" -1";" -1";"1";" -1";""
"202100021627";"162Â 969";"B01";"1";"7";"0";"2";"4";"2";"1";""
"202100021627";"162Â 970";"A01";"1";"7";"0";"2";"1";"2";"1";""
"202100021628";"162Â 965";"A01";"1";"10";"0";"2";"1";"2";"1";""
"202100021628";"162Â 966";"B01";"1";"7";"3";"2";"4";"2";"1";""
"202100021628";"162Â 967";"C01";"1";"7";"0";"2";"4";"2";"1";""
"202100021628";"162Â 968";"D01";"1";"7";"0";"2";"4";"0";"1";""
"202100021629";"162Â 963";"B01";"1";"33";"0";"2";"1";"1";"1";""
"202100021629";"162Â 964";"A01";"1";"7";"0";"2";"1";"9";"1";""
"202100021630";"162Â 962";"A01";"1";"33";"0";"0";"8";"21";"1";""
"202100021631";"162Â 960";"A01";"1";"7";"1";"0";"1";"0";"1";""
"202100021631";"162Â 961";"B01";"1";"7";"12";"0";"6";"0";"1";""
"202100021632";"162Â 958";"B01";"2";"32";"0";"0";"1";"2";"1";""
"202100021632";"162Â 959";"A01";"2";"7";"0";"0";"3";"10";"1";""
"202100021633";"162Â 957";"A01";"0";"32";"0";"1";"1";"1";"1";""
"202100021634";"162Â 955";"Z01";"1";"7";"0";"2";"7";"1";"1";""
"202100021634";"162Â 956";"B01";"1";"1";"0";"2";"8";"0";"0";""
"202100021635";"162Â 953";"A01";"2";"33";"0";"2";"1";"1";"1";""
"202100021635";"162Â 954";"B01";"1";"7";"0";"2";"5";"15";"1";""
"202100021636";"162Â 951";"A01";"2";"7";"0";"2";"2";"15";"1";""
"202100021636";"162Â 952";"B01";"0";"2";"0";"2";"1";"1";"1";""
"202100021637";"162Â 949";"B01";"3";"1";"0";"2";"8";"19";"0";""
"202100021637";"162Â 950";"A01";"3";"7";"0";"2";"1";"17";"1";""
"202100021638";"162Â 948";"A01";"0";"7";"0";"1";"4";"20";"2";""
"202100021639";"162Â 947";"A01";"2";"7";"0";"1";"2";"1";"1";""
"202100021640";"162Â 946";"A01";"1";"7";"2";"0";"2";"14";"1";""
"202100021641";"162Â 945";"A01";"0";"7";"0";"1";"3";"1";"1";""
"202100021642";"162Â 943";"A01";"1";"32";"0";"2";"7";"13";"1";""
"202100021642";"162Â 944";"B01";"1";"7";"0";"2";"8";"9";"1";""
"202100021643";"162Â 941";"A01";"2";"33";"0";"2";"1";"3";" -1";""
"202100021643";"162Â 942";"B01";"2";"7";"12";"2";"3";"15";"1";""
"202100021644";"162Â 939";"B01";"2";"7";"0";"2";"5";"2";"1";""
"202100021644";"162Â 940";"A01";"2";"31";"0";"2";"3";"2";"1";""
"202100021645";"162Â 938";"A01";"1";"7";"0";"1";"1";"1";"1";""
"202100021646";"162Â 936";"A01";"1";"7";"0";"2";"3";"1";"1";""
"202100021646";"162Â 937";"Z01";"2";"30";"0";"2";"1";"1";"1";""
"202100021647";"162Â 935";"A01";"2";"30";"14";"0";"1";"17";"1";""
"202100021648";"162Â 933";"A01";"2";"7";"0";"2";"4";"23";"1";""
"202100021648";"162Â 934";"B01";"2";"7";"0";"2";"1";"1";"1";""
"202100021649";"162Â 932";"A01";"1";"32";"0";"1";"1";"1";"1";""
"202100021650";"162Â 930";"B01";"2";"30";"0";"2";"8";"1";"1";""
"202100021650";"162Â 931";"A01";"2";"10";"0";"2";"1";"1";"1";""
"202100021651";"162Â 929";"A01";"1";"50";"0";"0";"0";"1";"3";""
"202100021652";"162Â 927";"A01";"2";"7";"0";"2";"1";"16";"1";""
"202100021652";"162Â 928";"B01";"2";"50";"0";"2";"3";"1";"3";""
"202100021653";"162Â 925";"A01";"0";"50";"0";"2";"1";"1";"3";""
"202100021653";"162Â 926";"B01";"2";"7";"0";"2";"2";"1";"1";""
"202100021654";"162Â 923";"Z01";"2";"7";"0";"2";"1";"14";"0";""
"202100021654";"162Â 924";"A01";"2";"31";"0";"2";"4";"16";"1";""
"202100021655";"162Â 922";"A01";"2";"50";"0";"1";"7";"25";"3";""
"202100021656";"162Â 921";"A01";"2";"7";"0";"1";"3";"15";"1";""
"202100021657";"162Â 919";"B01";"2";"32";"0";"2";"2";"1";"1";""
"202100021657";"162Â 920";"A01";"2";"10";"0";"2";"3";"10";"1";""
"202100021658";"162Â 918";"A01";"0";"30";"0";"0";"1";"1";"1";""
"202100021659";"162Â 916";"B01";"2";"7";"0";"2";"4";"2";"1";""
"202100021659";"162Â 917";"A01";"2";"7";"0";"2";"0";"0";"1";""
"202100021660";"162Â 914";"B01";"1";"33";"0";"2";"1";"1";"1";""
"202100021660";"162Â 915";"A01";"1";"10";"0";"2";"2";"15";"1";""
"202100021661";"162Â 912";"B01";"1";"32";"0";"2";"4";"23";"1";""
"202100021661";"162Â 913";"A01";"1";"7";"0";"2";"1";"2";"1";""
"202100021662";"162Â 910";"A01";"0";"7";"0";"2";"1";"26";"1";""
"202100021662";"162Â 911";"B01";"0";"7";"0";"2";"4";"26";"1";""
"202100021663";"162Â 908";"A01";"0";"99";"0";"2";"3";"9";"1";""
"202100021663";"162Â 909";"B01";"0";"2";"0";"2";"1";"26";"1";""
"202100021664";"162Â 907";"A01";"2";"50";"15";"0";"1";"25";"3";""
"202100021665";"162Â 906";"A01";"1";"7";"0";"1";"1";"15";"1";""
"202100021666";"162Â 904";"A01";"2";"7";"0";"2";"1";"21";"1";""
"202100021666";"162Â 905";"B01";"3";"7";"0";"2";"8";"9";"1";""
"202100021667";"162Â 902";"B01";"2";"7";"0";"2";"1";"15";"1";""
"202100021667";"162Â 903";"A01";"1";"7";"2";"2";"6";"1";"1";""
"202100021668";"162Â 901";"A01";"1";"7";"0";"1";"8";"0";"1";""
"202100021669";"162Â 899";"A01";"1";"7";"1";"2";"3";"13";"1";""
"202100021669";"162Â 900";"B01";"2";"37";"0";"2";"3";"1";"2";"1"
"202100021670";"162Â 897";"B01";"1";"1";"0";"2";"1";"1";"5";""
"202100021670";"162Â 898";"A01";"1";"7";"0";"2";"5";"15";"2";""
"202100021671";"162Â 895";"A01";"1";"7";"0";"2";"0";"0";"1";""
"202100021671";"162Â 896";"B01";"1";"1";"0";"2";"1";"1";"5";""
"202100021672";"162Â 894";"A01";"1";"7";"0";"1";"3";"15";"1";""
"202100021673";"162Â 892";"A01";"2";"7";"0";"2";"7";"17";"1";""
"202100021673";"162Â 893";"B01";"2";"2";"0";"2";"8";"15";"1";""
"202100021674";"162Â 890";"B01";"2";"33";"0";"2";"1";"1";"1";""
"202100021674";"162Â 891";"A01";"2";"7";"0";"2";"3";"19";"1";""
"202100021675";"162Â 888";"A01";"3";"7";"0";"2";"3";"26";"1";""
"202100021675";"162Â 889";"B01";"3";"7";"0";"2";"2";"1";"1";""
"202100021676";"162Â 887";"A01";"1";"17";"0";"0";"9";"1";"1";""
"202100021677";"162Â 886";"A01";"3";"32";"0";"1";"0";"26";"1";""
"202100021678";"162Â 884";"B01";"2";"7";"0";"2";"1";"1";"1";""
"202100021678";"162Â 885";"A01";"1";"7";"0";"2";"2";"15";"1";""
"202100021679";"162Â 883";"A01";"1";"7";"7";"0";"1";"1";"1";""
"202100021680";"162Â 881";"B01";"2";"7";"4";"2";"3";"1";"1";""
"202100021680";"162Â 882";"A01";"1";"7";"0";"2";"1";"1";"1";""
"202100021681";"162Â 879";"A01";"1";"7";"0";"2";"1";"2";"1";""
"202100021681";"162Â 880";"B01";"1";"15";"0";"0";"4";"2";"1";""
"202100021682";"162Â 877";"A01";"1";"7";"0";"2";"1";"0";"1";""
"202100021682";"162Â 878";"B01";"1";"33";"0";"2";"5";"9";"1";""
"202100021683";"162Â 875";"B01";"1";"10";"0";"0";"8";"15";"1";""
"202100021683";"162Â 876";"A01";"1";"33";"0";"2";"1";"17";"1";""
"202100021684";"162Â 872";"A01";"1";"7";"0";"2";"6";"13";"1";""
"202100021684";"162Â 873";"B01";"1";"33";"0";"2";"3";"21";"1";""
"202100021684";"162Â 874";"C01";"2";"7";"0";"2";"1";"26";"2";""
"202100021685";"162Â 871";"A01";"3";"1";"0";"0";"0";"0";"5";""
"202100021686";"162Â 870";"A01";"1";"7";"3";"0";"8";"1";"1";""
"202100021687";"162Â 869";"A01";"0";"33";"4";"0";"1";"1";"1";""
"202100021688";"162Â 868";"A01";"2";"7";"3";"0";"9";"14";"1";""
"202100021689";"162Â 866";"B01";"2";"7";"0";"2";"3";"16";"0";""
"202100021689";"162Â 867";"A01";"1";"7";"0";"2";"2";"1";"1";""
"202100021690";"162Â 864";"B01";"1";"33";"0";"2";"1";"1";"1";""
"202100021690";"162Â 865";"A01";"2";"7";"0";"2";"3";"13";"1";""
"202100021691";"162Â 862";"A01";"3";"7";"0";"2";"1";"1";"1";""
"202100021691";"162Â 863";"B01";"3";"7";"0";"2";"3";"13";"1";""
"202100021692";"162Â 861";"A01";"3";"33";"16";"0";"1";"1";"1";""
"202100021693";"162Â 859";"B01";"2";"7";"0";"2";"8";"1";"1";""
"202100021693";"162Â 860";"A01";"1";"33";"0";"2";"3";"13";"1";""
"202100021694";"162Â 857";"A01";"1";"7";"0";"2";"1";"5";"1";""
"202100021694";"162Â 858";"B01";"2";"7";"0";"2";"1";"1";"1";""
"202100021695";"162Â 855";"B01";"2";"15";"0";"0";"7";"15";"1";""
"202100021695";"162Â 856";"A01";"1";"2";"0";"2";"1";"1";"1";""
"202100021696";"162Â 854";"A01";"2";"10";"2";"0";"1";"1";"1";""
"202100021697";"162Â 853";"A01";"2";"33";"0";"0";"8";"1";"1";""
"202100021698";"162Â 851";"B01";"2";"7";"0";"2";"2";"17";"1";""
"202100021698";"162Â 852";"A01";"2";"7";"0";"0";"6";"1";"1";""
"202100021699";"162Â 850";"A01";"1";"7";"13";"0";"1";"0";"1";""
"202100021700";"162Â 848";"B01";"2";"33";"0";"2";"1";"1";"1";""
"202100021700";"162Â 849";"A01";"0";"7";"0";"2";"8";"9";"1";""
"202100021701";"162Â 847";"A01";"1";"21";"3";"0";"8";"2";"1";""
"202100021702";"162Â 846";"A01";"1";"33";"0";"0";"1";"1";"1";""
"202100021703";"162Â 845";"A01";"2";"32";"12";"0";"1";"17";"1";""
"202100021704";"162Â 843";"A01";"2";"7";"13";"0";"1";"14";"2";""
"202100021705";"162Â 842";"A01";"0";"7";"0";"1";"1";"1";"1";""
"202100021706";"162Â 840";"B01";"2";"7";"0";"2";"1";"1";"1";""
"202100021706";"162Â 841";"A01";"1";"7";"0";"2";"1";"3";"1";""
"202100021707";"162Â 838";"B01";"2";"7";"0";"2";"1";"1";"1";""
"202100021707";"162Â 839";"A01";"1";"7";"0";"2";"3";"13";"1";""
"202100021708";"162Â 836";"A01";"3";"2";"0";"0";"8";"16";"1";""
"202100021708";"162Â 837";"B01";"3";"7";"0";"2";"2";"1";"1";""
"202100021709";"162Â 834";"A01";"2";"7";"0";"2";"7";"19";"1";""
"202100021709";"162Â 835";"B01";"1";"7";"0";"2";"1";"15";"1";""
"202100021710";"162Â 832";"B01";"1";"33";"0";"2";"1";"1";"1";""
"202100021710";"162Â 833";"A01";"1";"7";"0";"0";"2";"15";"1";""
"202100021711";"162Â 831";"A01";"2";"33";"15";"0";"1";"1";"1";""
"202100021712";"162Â 830";"A01";"1";"33";"16";"0";"7";"16";"1";""
"202100021713";"162Â 825";"E01";"1";"33";"0";"2";"1";"1";"1";""
"202100021713";"162Â 826";"A01";"2";"10";"5";"2";"3";"13";"1";""
"202100021713";"162Â 827";"B01";"1";"33";"3";"2";"3";"1";"1";""
"202100021713";"162Â 828";"C01";"1";"33";"0";"2";"1";"1";"1";""
"202100021713";"162Â 829";"D01";"1";"33";"0";"2";"2";"1";"1";""
"202100021714";"162Â 823";"B01";"1";"7";"0";"9";"3";"1";"2";""
"202100021714";"162Â 824";"A01";"2";"17";"6";"0";"3";"6";"1";""
"202100021715";"162Â 822";"A01";"1";"2";"6";"0";"7";"1";"1";""
"202100021716";"162Â 820";"A01";"1";"7";"0";"2";"3";"17";"2";""
"202100021716";"162Â 821";"B01";"2";"31";"0";"2";"1";"1";"1";""
"202100021717";"162Â 818";"B01";"2";"17";"0";"0";"4";"2";"1";""
"202100021717";"162Â 819";"A01";"2";"10";"0";"2";"1";"2";"1";""
"202100021718";"162Â 817";"A01";"0";"7";"0";"1";"3";"15";"1";""
"202100021719";"162Â 815";"B01";"1";"7";"0";"2";"2";"15";"1";""
"202100021719";"162Â 816";"A01";"2";"33";"0";"0";"7";"21";"1";""
"202100021720";"162Â 813";"B01";"2";"33";"0";"2";"1";"1";"1";""
"202100021720";"162Â 814";"A01";"2";"7";"0";"9";"8";"15";"1";""
"202100021721";"162Â 812";"A01";"2";"33";"9";"0";"1";"0";"1";""
"202100021722";"162Â 811";"A01";"1";"33";"6";"0";"1";"1";"1";""
"202100021723";"162Â 810";"A01";"2";"33";"14";"0";"1";"2";"1";""
"202100021724";"162Â 808";"B01";"3";"80";"0";"2";"1";"19";"3";""
"202100021724";"162Â 809";"A01";"3";"7";"0";"9";"2";"19";"1";""
"202100021725";"162Â 805";"C01";"1";"7";"0";"2";"3";"1";"1";""
"202100021725";"162Â 806";"B01";"2";"7";"0";"2";"4";"15";"1";""
"202100021725";"162Â 807";"A01";"2";"10";"0";"2";"1";"1";"1";""
"202100021726";"162Â 803";"A01";"2";"10";"0";"0";"8";"15";"1";""
"202100021726";"162Â 804";"B01";"2";"33";"1";"2";"7";"17";"1";""
"202100021727";"162Â 801";"A01";"1";"7";"0";"0";"5";"1";"1";""
"202100021727";"162Â 802";"B01";"1";"33";"0";"2";"1";"1";"1";""
"202100021728";"162Â 799";"A01";"2";"7";"0";"2";"3";"1";"1";""
"202100021728";"162Â 800";"B01";"1";"7";"13";"2";"2";"1";"1";""
"202100021729";"162Â 796";"A01";"1";"10";"0";"2";"3";"13";"1";""
"202100021729";"162Â 797";"C01";"2";"33";"0";"2";"1";"1";"1";""
"202100021729";"162Â 798";"B01";"2";"33";"0";"2";"1";"1";"1";""
"202100021730";"162Â 795";"A01";"0";"7";"2";"0";"3";"0";"1";""
"202100021731";"162Â 793";"A01";"2";"7";"0";"2";"2";"19";"1";""
"202100021731";"162Â 794";"B01";"2";"50";"0";"2";"1";"1";"3";""
"202100021732";"162Â 791";"B01";"0";"33";"0";"2";"3";"0";"1";""
"202100021732";"162Â 792";"A01";"1";"7";"0";"2";"4";"2";"1";""
"202100021733";"162Â 789";"A01";"1";"7";"0";"2";"6";"1";"1";""
"202100021733";"162Â 790";"B01";"1";"7";"0";"2";"2";"12";"1";""
"202100021734";"162Â 788";"A01";"1";"32";"0";"9";"7";"2";"1";""
"202100021735";"162Â 785";"C01";"2";"43";"0";"2";"2";"1";"1";""
"202100021735";"162Â 786";"A01";"2";"7";"0";"2";"6";"1";"1";""
"202100021735";"162Â 787";"B01";"2";"7";"0";"2";"6";"1";"1";""
"202100021736";"162Â 782";"Z01";"1";"10";"0";"2";"1";"2";"1";""
"202100021736";"162Â 783";"B01";"1";"7";"0";"2";"4";"2";"1";""
"202100021736";"162Â 784";"A01";"1";"7";"0";"2";"3";"26";"1";""
"202100021737";"162Â 779";"A01";"2";"7";"3";"2";"1";"2";"1";""
"202100021737";"162Â 780";"B01";"2";"7";"3";"2";"4";"1";"1";""
"202100021737";"162Â 781";"C01";"2";"17";"0";"2";"8";"1";"1";""
"202100021738";"162Â 777";"A01";"2";"14";"0";"2";"3";"13";"1";""
"202100021738";"162Â 778";"B01";"2";"7";"0";"2";"2";"1";"1";""
"202100021739";"162Â 774";"A01";"1";"14";"0";"2";"3";"2";"1";""
"202100021739";"162Â 775";"B01";"1";"7";"0";"2";"1";"2";"1";""
"202100021739";"162Â 776";"C01";"1";"15";"1";"2";"4";"2";"1";""
"202100021740";"162Â 772";"A01";"2";"33";"0";"2";"1";"3";"1";""
"202100021740";"162Â 773";"B01";"2";"7";"0";"2";"4";"1";"1";""
"202100021741";"162Â 770";"B01";"2";"7";"0";"2";"5";"1";"1";""
"202100021741";"162Â 771";"A01";"2";"33";"0";"2";"5";"3";"1";""
"202100021742";"162Â 768";"A01";"2";"7";"0";"2";"1";"1";"1";""
"202100021742";"162Â 769";"B01";"2";"7";"0";"2";"4";"2";"1";""
"202100021743";"162Â 766";"B01";"1";"10";"0";"2";"4";"1";"1";""
"202100021743";"162Â 767";"A01";"1";"7";"0";"2";"1";"1";"1";""
"202100021744";"162Â 763";"A01";"2";"7";"0";"2";"2";"1";"1";""
"202100021744";"162Â 764";"B01";"2";"13";"0";"2";"0";"14";"1";""
"202100021744";"162Â 765";"Z01";"2";"0";"0";"2";"0";"12";"0";""
"202100021745";"162Â 761";"B01";"1";"7";"0";"2";"8";"1";"1";""
"202100021745";"162Â 762";"A01";"1";"31";"0";"2";"1";"3";"1";""
"202100021746";"162Â 760";"A01";"2";"7";"0";"0";"1";"12";"1";""
"202100021747";"162Â 758";"B01";"1";"7";"0";"2";"4";"0";"1";""
"202100021747";"162Â 759";"A01";"1";"7";"0";"2";"1";"0";"1";""
"202100021748";"162Â 756";"A01";"1";"31";"0";"2";"1";"3";"1";""
"202100021748";"162Â 757";"B01";"1";"7";"0";"2";"5";"1";"1";""
"202100021749";"162Â 755";"A01";"2";"33";"0";"1";"0";"1";"1";""
"202100021750";"162Â 754";"A01";"2";"7";"0";"1";"1";"1";"1";""
"202100021751";"162Â 753";"A01";"1";"7";"0";"1";"1";"1";"1";""
"202100021752";"162Â 747";"A01";"2";"7";"0";"1";"2";"19";"1";""
"202100021753";"162Â 745";"A01";"1";"30";"0";"2";"1";"1";"1";""
"202100021753";"162Â 746";"B01";"1";"7";"0";"2";"5";"1";"0";""
"202100021754";"162Â 743";"B01";"1";"7";"0";"2";"4";"2";"1";""
"202100021754";"162Â 744";"A01";"1";"7";"0";"0";"1";"2";"1";""
"202100021755";"162Â 741";"B01";"1";"7";"0";"2";"8";"15";"1";""
"202100021755";"162Â 742";"A01";"3";"7";"0";"2";"1";"1";"1";""
"202100021756";"162Â 739";"A01";"2";"1";"0";"2";"1";"1";"5";""
"202100021756";"162Â 740";"B01";"2";"7";"1";"0";"4";"23";"1";""
"202100021757";"162Â 736";"C01";"1";"7";"0";"2";"1";"1";"1";""
"202100021757";"162Â 737";"B01";"1";"7";"0";"2";"1";"2";"1";""
"202100021757";"162Â 738";"A01";"1";"10";"0";"2";"1";"2";"1";""
"202100021758";"162Â 734";"C01";"1";"17";"0";"0";"8";"1";"0";""
"202100021758";"162Â 735";"A01";"1";"7";"0";"0";"3";"13";"1";""
"202100021759";"162Â 732";"A01";"2";"3";"0";"2";"1";"2";"1";""
"202100021759";"162Â 733";"B01";"2";"7";"0";"2";"4";"1";"1";""
"202100021760";"162Â 730";"A01";"2";"7";"0";"2";"1";"13";"1";""
"202100021760";"162Â 731";"B01";"1";"7";"0";"2";"1";"1";"1";""
"202100021761";"162Â 729";"A01";"1";"7";"0";"1";"1";"1";"1";""
"202100021762";"162Â 727";"A01";"1";"30";"0";"2";"1";"2";"1";""
"202100021762";"162Â 728";"B01";"3";"7";"16";"0";"2";"2";"1";""
"202100021763";"162Â 725";"A01";"2";"7";"0";"2";"1";"1";"1";""
"202100021763";"162Â 726";"B01";"2";"7";"0";"9";"4";"1";"1";""
"202100021764";"162Â 723";"B01";"2";"33";"0";"2";"1";"3";"1";""
"202100021764";"162Â 724";"GA01";"1";"7";"0";"2";"2";"15";"1";""
"202100021765";"162Â 721";"A01";" -1";"7";"0";"2";"3";"16";"1";""
"202100021765";"162Â 722";"B01";"2";"7";"0";"2";"3";"26";"1";""
"202100021766";"162Â 720";"A01";"1";"7";"0";"1";"3";"1";"1";""
"202100021767";"162Â 718";"A01";"2";"7";"0";"2";"1";"15";"1";""
"202100021767";"162Â 719";"B01";"0";"50";"0";"2";"1";"1";"3";""
"202100021768";"162Â 717";"A01";"2";"7";"9";"0";"8";"1";"1";""
"202100021769";"162Â 715";"B01";"1";"10";"0";"2";"8";"15";"1";""
"202100021769";"162Â 716";"A01";"1";"2";"0";"2";"7";"17";"1";""
"202100021770";"162Â 714";"A01";"1";"7";"0";"1";"1";"1";"1";""