"Num_Acc";"id_vehicule";"num_veh";"senc";"catv";"obs";"obsm";"choc";"manv";"motor";"occutc"
"202100021771";"162Â 712";"A01";"1";"30";"0";"2";"1";"1";"1";""
"202100021771";"162Â 713";"B01";"3";"7";"0";"2";"3";"1";"1";""
"202100021772";"162Â 709";"A01";"2";"7";"0";"9";"2";"15";"1";""
"202100021772";"162Â 710";"T01";"2";"7";"0";"2";"0";"23";"1";""
"202100021772";"162Â 711";"B01";"1";"1";"0";"2";"1";"1";"5";""
"202100021773";"162Â 707";"A01";"2";"13";"0";"2";"1";"17";"1";""
"202100021773";"162Â 708";"B01";"2";"50";"0";"2";"4";"15";"3";""
"202100021774";"162Â 702";"E01";"2";"7";"0";"2";"4";"1";"1";""
"202100021774";"162Â 703";"D01";"2";"7";"0";"2";"4";"2";"1";""
"202100021774";"162Â 704";"C01";"2";"7";"0";"2";"4";"2";"1";""
"202100021774";"162Â 705";"B01";"2";"7";"0";"2";"4";"2";"1";""
"202100021774";"162Â 706";"A01";"2";"10";"0";"2";"1";"2";"1";""
"202100021775";"162Â 701";"A01";"2";"7";"6";"0";"2";"14";"1";""
"202100021776";"162Â 700";"A01";"3";"7";"0";"1";"1";"26";"1";""
"202100021777";"162Â 698";"B01";"2";"7";"0";"2";"8";"15";"1";""
"202100021777";"162Â 699";"A01";"2";"7";"0";"2";"1";"5";"1";""
"202100021778";"162Â 696";"A01";"1";"7";"0";"2";"7";"1";"1";""
"202100021778";"162Â 697";"B01";"1";"60";"0";"2";"8";"1";"5";""
"202100021779";"162Â 694";"B01";"0";"7";"0";"2";"3";"1";"1";""
"202100021779";"162Â 695";"A01";"0";"7";"1";"2";"1";"1";"1";""
"202100021780";"162Â 692";"A01";"2";"7";"0";"2";"7";"9";"1";""
"202100021780";"162Â 693";"B01";"2";"17";"0";"2";"3";"9";"1";""
"202100021781";"162Â 691";"A01";"2";"33";"0";"0";"7";"1";"1";""
"202100021782";"162Â 690";"A01";"1";"50";"0";"0";"1";"26";"3";""
"202100021783";"162Â 689";"A01";"1";"10";"0";"1";"1";"19";"1";""
"202100021784";"162Â 687";"A01";"2";"7";"0";"2";"4";"23";"1";""
"202100021784";"162Â 688";"B01";"2";"7";"0";"2";"1";"2";"0";""
"202100021785";"162Â 685";"A01";"3";"7";"0";"2";"6";"19";"1";""
"202100021785";"162Â 686";"B01";"1";"10";"0";"2";"1";"1";"1";""
"202100021786";"162Â 683";"A01";"3";"7";"0";"2";"7";"9";"1";""
"202100021786";"162Â 684";"B01";"3";"31";"0";"2";"1";"1";"1";""
"202100021787";"162Â 681";"A01";"2";"7";"0";"2";"1";"1";"1";""
"202100021787";"162Â 682";"B01";"2";"7";"0";"2";"4";"1";"1";""
"202100021788";"162Â 679";"B01";"2";"10";"1";"0";"2";"1";"1";""
"202100021788";"162Â 680";"A01";"2";"7";"0";"2";"8";"22";"1";""
"202100021789";"162Â 677";"B01";"0";"7";"0";"2";"4";"1";"0";""
"202100021789";"162Â 678";"A01";"0";"31";"0";"2";"1";"1";"1";""
"202100021790";"162Â 675";"B01";"1";"31";"0";"2";"1";"17";"1";""
"202100021790";"162Â 676";"A01";"2";"7";"0";"2";"8";"15";"1";""
"202100021791";"162Â 674";"A01";"1";"33";"6";"0";"0";"26";"0";""
"202100021792";"162Â 673";"A01";"0";"7";"4";"0";"1";"1";"1";""
"202100021793";"162Â 672";"A01";"3";"7";"0";"1";"4";"26";"1";""
"202100021794";"162Â 670";"A01";"3";"7";"0";"2";"1";"1";"1";""
"202100021794";"162Â 671";"B01";"3";"10";"0";"2";"8";"1";"1";""
"202100021795";"162Â 667";"A01";"3";"7";"0";"2";"2";"2";"1";""
"202100021795";"162Â 668";"B01";"3";"7";"0";"2";"6";"2";"1";""
"202100021795";"162Â 669";"C01";"3";"7";"0";"2";"4";"2";"1";""
"202100021796";"162Â 664";"A01";"1";"10";"0";"2";"1";"2";"1";""
"202100021796";"162Â 665";"B01";"1";"10";"0";"2";"1";"2";"1";""
"202100021796";"162Â 666";"C01";"1";"10";"0";"2";"1";"2";"1";""
"202100021797";"162Â 662";"B01";"1";"60";"0";"2";"1";"19";"5";""
"202100021797";"162Â 663";"A01";"1";"7";"0";"2";"3";"1";"1";""
"202100021798";"162Â 658";"A01";"1";"7";"0";"2";"1";"12";"2";""
"202100021798";"162Â 659";"B01";"1";"7";"0";"2";"4";"1";"1";""
"202100021798";"162Â 660";"C01";"1";"7";"0";"2";"4";"1";"1";""
"202100021798";"162Â 661";"D01";"1";"7";"0";"2";"4";"1";"1";""
"202100021799";"162Â 656";"A01";"2";"7";"0";"2";"4";"2";"1";""
"202100021799";"162Â 657";"Z01";"2";"10";"0";"2";"1";"2";"0";""
"202100021800";"162Â 653";"C01";"2";"30";"0";"2";"4";"1";"1";""
"202100021800";"162Â 654";"B01";"1";"7";"0";"2";"2";"15";"1";""
"202100021800";"162Â 655";"A01";"2";"7";"0";"2";"3";"1";"1";""
"202100021801";"162Â 651";"B01";"2";"1";"0";"2";"1";"1";"5";""
"202100021801";"162Â 652";"A01";"2";"7";"0";"2";"8";"22";"1";""
"202100021802";"162Â 649";"A01";"0";"10";"0";"2";"1";"1";"1";""
"202100021802";"162Â 650";"B01";"0";"7";"0";"2";"4";"1";"1";""
"202100021803";"162Â 648";"A01";"0";"7";"0";"1";"3";"15";"2";""
"202100021804";"162Â 646";"B01";"1";"50";"0";"2";"8";"1";"3";""
"202100021804";"162Â 647";"A01";"2";"7";"0";"2";"8";"16";"1";""
"202100021805";"162Â 644";"B01";"3";"34";"0";"2";"7";"17";"1";""
"202100021805";"162Â 645";"A01";"3";"7";"0";"2";"0";"1";"1";""
"202100021806";"162Â 643";"A01";"2";"7";"1";"0";"3";"14";"1";""
"202100021807";"162Â 641";"Z01";"1";"50";"0";"2";"1";"13";"3";""
"202100021807";"162Â 642";"A01";"2";"50";"0";"2";"1";"1";"3";""
"202100021808";"162Â 639";"B01";"1";"7";"0";"2";"5";"1";"1";""
"202100021808";"162Â 640";"A01";"1";"7";"0";"2";"3";"13";"1";""
"202100021809";"162Â 637";"A01";"1";"7";"0";"2";"8";"5";"1";""
"202100021809";"162Â 638";"B01";"1";"7";"0";"2";"1";"1";"1";""
"202100021810";"162Â 635";"B01";"2";"7";"0";"2";"3";"1";"1";""
"202100021810";"162Â 636";"A01";"1";"50";"0";"2";"2";"1";"3";""
"202100021811";"162Â 634";"Z01";"1";"37";"0";"1";"7";"1";"0";"1"
"202100021812";"162Â 633";"A01";"1";"7";"1";"1";"2";"17";"1";""
"202100021813";"162Â 631";"B01";"0";"32";"0";"2";"7";"26";"1";""
"202100021813";"162Â 632";"A01";"0";"7";"14";"2";"7";"5";"1";""
"202100021814";"162Â 630";"A01";"3";"1";"8";"0";"1";"1";"0";""
"202100021815";"162Â 628";"B01";"1";"7";"0";"2";"6";"15";"1";""
"202100021815";"162Â 629";"A01";"1";"32";"0";"2";"1";"13";"1";""
"202100021816";"162Â 627";"A01";"2";"33";"1";"0";"1";"1";"1";""
"202100021817";"162Â 626";"A01";"1";"7";"12";"0";"1";"16";"1";""
"202100021818";"162Â 624";"A01";"0";"7";"0";"2";"1";"9";"1";""
"202100021818";"162Â 625";"B01";"0";"7";"0";"2";"3";"19";"1";""
"202100021819";"162Â 623";"A01";"1";"7";"9";"0";"9";"0";"1";""
"202100021820";"162Â 621";"B01";"1";"7";"0";"0";"8";"15";"1";""
"202100021820";"162Â 622";"A01";"1";"50";"0";"2";"1";"1";"3";""
"202100021821";"162Â 619";"A01";"2";"7";"1";"0";"2";"9";"1";""
"202100021821";"162Â 620";"B01";"1";"31";"0";"2";"7";"1";"1";""
"202100021822";"162Â 617";"B01";"1";"33";"1";"0";"7";"2";"1";""
"202100021822";"162Â 618";"A01";"1";"7";"16";"0";"3";"26";"1";""
"202100021823";"162Â 616";"Y01";"1";"1";"0";"0";"1";"1";"5";""
"202100021824";"162Â 614";"B01";"2";"7";"0";"2";"5";"15";"1";""
"202100021824";"162Â 615";"A01";"1";"34";"0";"2";"1";"1";"1";""
"202100021825";"162Â 613";"A01";"3";"30";"0";"0";"8";"26";"1";""
"202100021826";"162Â 612";"A01";"1";"7";"0";"1";"1";"1";"1";""
"202100021827";"162Â 610";"B01";"1";"7";"0";"2";"1";"0";"1";""
"202100021827";"162Â 611";"A01";"1";"7";"0";"2";"1";"1";"1";""
"202100021828";"162Â 608";"Z01";"2";"7";"9";"2";"0";"11";"1";""
"202100021828";"162Â 609";"B01";"1";"2";"0";"2";"0";"21";"1";""
"202100021829";"162Â 607";"A01";"2";"80";"0";"0";"3";"0";"3";""
"202100021830";"162Â 605";"B01";"2";"7";"0";"2";"2";"17";"1";""
"202100021830";"162Â 606";"A01";"2";"7";"16";"2";"6";"1";"1";""
"202100021831";"162Â 604";"A01";"3";"7";"13";"0";"1";"1";"1";""
"202100021832";"162Â 603";"A01";"1";"7";"4";"0";"1";"0";"1";""
"202100021833";"162Â 601";"B01";"2";"7";"0";"2";"7";"17";"1";""
"202100021833";"162Â 602";"A01";"2";"7";"0";"2";"8";"13";"1";""
"202100021834";"162Â 599";"A01";"1";"2";"0";"2";"1";"18";"1";""
"202100021834";"162Â 600";"B01";"1";"7";"0";"2";"2";"16";"1";""
"202100021835";"162Â 597";"B01";"2";"2";"0";"2";"1";"1";"1";""
"202100021835";"162Â 598";"A01";"2";"7";"0";"0";"3";"15";"1";""
"202100021836";"162Â 595";"A01";"2";"7";"0";"2";"8";"15";"1";""
"202100021836";"162Â 596";"B01";"1";"30";"0";"2";"8";"0";"1";""
"202100021837";"162Â 593";"B01";"0";"33";"0";"2";"1";"1";"1";""
"202100021837";"162Â 594";"A01";"0";"7";"0";"2";"2";"19";"2";""
"202100021838";"162Â 591";"B01";"2";"7";"3";"2";"1";"2";"1";""
"202100021838";"162Â 592";"A01";"2";"7";"3";"0";"4";"12";"1";""
"202100021839";"162Â 590";"A01";"1";"2";"0";"6";"2";"2";"1";""
"202100021840";"162Â 589";"A01";"2";"7";"13";"0";"2";"0";"1";""
"202100021841";"162Â 587";"B01";"0";"7";"0";"2";"2";"19";"1";""
"202100021841";"162Â 588";"A01";"2";"33";"0";"2";"1";"1";"1";""
"202100021842";"162Â 586";"A01";"1";"7";"8";"0";"6";"1";"1";""
"202100021843";"162Â 584";"A01";"2";"10";"0";"2";"2";"15";"1";""
"202100021843";"162Â 585";"B01";"1";"99";"0";"0";"8";"1";"5";""
"202100021844";"162Â 583";"A01";"1";"7";"13";"0";"2";"14";"1";""
"202100021845";"162Â 581";"A01";"1";"7";"0";"2";"1";"13";"1";""
"202100021845";"162Â 582";"B01";"2";"7";"0";"2";"1";"1";"1";""
"202100021846";"162Â 579";"A01";"1";"33";"0";"2";"2";"17";"1";""
"202100021846";"162Â 580";"B01";"1";"7";"0";"0";"3";"15";"1";""
"202100021847";"162Â 578";"A01";"3";"33";"0";"0";"2";"1";"1";""
"202100021848";"162Â 576";"B01";"3";"7";"0";"2";"3";"1";"1";""
"202100021848";"162Â 577";"A01";"3";"33";"0";"2";"3";"1";"1";""
"202100021849";"162Â 574";"B01";"0";"7";"0";"2";"1";"1";"1";""
"202100021849";"162Â 575";"A01";"0";"7";"0";"2";"7";"15";"1";""
"202100021850";"162Â 573";"A01";"2";"7";"2";"0";"8";"13";"1";""
"202100021851";"162Â 571";"B01";"1";"33";"0";"2";"6";"15";"1";""
"202100021851";"162Â 572";"A01";"1";"7";"0";"2";"2";"2";"1";""
"202100021852";"162Â 570";"A01";"2";"33";"13";"0";"0";"1";"1";""
"202100021853";"162Â 568";"B01";"1";"33";"0";"2";"1";"1";"1";""
"202100021853";"162Â 569";"A01";"2";"7";"0";"2";"1";"15";"1";""
"202100021854";"162Â 567";"A01";"2";"7";"13";"0";"1";"13";"1";""
"202100021855";"162Â 566";"A01";"1";"7";"13";"0";"1";"1";"1";""
"202100021856";"162Â 565";"A01";"3";"10";"0";"1";"5";"0";"0";""
"202100021857";"162Â 564";"A01";"1";"33";"9";"0";"9";"2";"1";""
"202100021858";"162Â 562";"A01";"1";"10";"0";"0";"6";"2";"1";""
"202100021858";"162Â 563";"B01";"1";"33";"0";"0";"1";"2";"1";""
"202100021859";"162Â 560";"B01";"1";"7";"0";"2";"1";"1";"1";""
"202100021859";"162Â 561";"A01";"2";"7";"0";"2";"7";"13";"1";""
"202100021860";"162Â 559";"A01";"2";"33";"0";"0";"0";"1";"1";""
"202100021861";"162Â 557";"A01";"2";"7";"3";"2";"3";"5";"2";""
"202100021861";"162Â 558";"B01";"1";"15";"0";"2";"3";"21";"1";""
"202100021862";"162Â 556";"A01";"3";"7";"0";"1";"4";"20";"1";""
"202100021863";"162Â 554";"A01";"3";"36";"0";"2";"3";"1";"1";""
"202100021863";"162Â 555";"B01";"3";"21";"0";"2";"1";"1";"1";""
"202100021864";"162Â 552";"B01";"2";"10";"0";"0";"4";"11";"1";""
"202100021864";"162Â 553";"A01";"2";"33";"0";"2";"1";"2";"1";""
"202100021865";"162Â 551";"A01";"1";"7";"15";"0";"1";"0";"1";""
"202100021866";"162Â 549";"B01";"1";"7";"0";"2";"2";"17";"1";""
"202100021866";"162Â 550";"A01";"1";"1";"0";"2";"1";"15";"5";""
"202100021867";"162Â 546";"A01";"3";"7";"0";"2";"8";"9";"1";""
"202100021867";"162Â 547";"B01";"2";"33";"0";"2";"1";"1";"1";""
"202100021868";"162Â 544";"A01";"2";"7";"0";"2";"3";"26";"1";""
"202100021868";"162Â 545";"B01";"2";"7";"0";"2";"6";"1";"1";""
"202100021869";"162Â 542";"A01";"0";"7";"0";"2";"1";"19";"1";""
"202100021869";"162Â 543";"B01";"2";"7";"0";"2";"8";"1";"1";""
"202100021870";"162Â 540";"A01";"2";"7";"0";"2";"3";"9";"1";""
"202100021870";"162Â 541";"B01";"2";"33";"0";"2";"5";"1";"1";""
"202100021871";"162Â 539";"A01";"1";"7";"6";"0";"1";"1";"2";""
"202100021872";"162Â 538";"A01";"2";"7";"0";"0";"1";"1";"1";""
"202100021873";"162Â 533";"B01";"2";"7";"0";"0";"6";"15";"1";""
"202100021873";"162Â 534";"C01";"1";"7";"0";"0";"2";"1";"1";""
"202100021873";"162Â 535";"A01";"2";"33";"0";"2";"1";"13";"1";""
"202100021874";"162Â 531";"A01";"1";"7";"0";"2";"3";"13";"1";""
"202100021874";"162Â 532";"B01";"2";"7";"0";"2";"3";"1";"1";""
"202100021875";"162Â 530";"A01";"2";"7";"13";"0";"2";"2";"1";""
"202100021876";"162Â 528";"B01";"1";"1";"0";"0";"3";"2";"5";""
"202100021876";"162Â 529";"A01";"1";"31";"0";"9";"2";"17";"1";""
"202100021877";"162Â 526";"A01";"3";"7";"0";"0";"1";"15";"1";""
"202100021877";"162Â 527";"B01";"3";"33";"0";"2";"1";"1";"1";""
"202100021878";"162Â 524";"A01";"3";"7";"0";"2";"3";"1";"1";""
"202100021878";"162Â 525";"B01";"3";"30";"0";"2";"1";"1";"1";""
"202100021879";"162Â 523";"A01";"2";"7";"13";"0";"1";"1";"1";""
"202100021880";"162Â 522";"A01";"2";"7";"0";"1";"2";"1";"1";""
"202100021881";"162Â 521";"A01";"1";"7";"0";"1";"2";"1";"1";""
"202100021882";"162Â 519";"B01";"1";"32";"0";"2";"1";"26";"1";""
"202100021882";"162Â 520";"A01";"1";"7";"0";"2";"7";"15";"2";""
"202100021883";"162Â 518";"A01";"2";"2";"12";"0";"8";"11";"1";""
"202100021884";"162Â 517";"A01";"2";"7";"13";"0";"1";"19";"1";""
"202100021885";"162Â 516";"A01";"2";"33";"0";"5";"1";"1";"1";""
"202100021886";"162Â 513";"B01";"1";"7";"0";"2";"7";"15";"1";""
"202100021886";"162Â 514";"A01";"2";"7";"0";"2";"1";"10";"2";""
"202100021887";"162Â 510";"B01";"1";"7";"0";"2";"1";"0";"1";""
"202100021887";"162Â 511";"A01";"1";"33";"0";"2";"7";"2";"1";""
"202100021888";"162Â 508";"B01";"1";"7";"0";"2";"3";"1";"1";""
"202100021888";"162Â 509";"A01";"2";"7";"0";"2";"3";"0";"1";""
"202100021889";"162Â 506";"A01";"2";"80";"0";"2";"1";"13";"3";""
"202100021889";"162Â 507";"B01";"1";"99";"0";"9";"6";"1";"3";""
"202100021890";"162Â 505";"A01";"1";"31";"12";"0";"7";"1";"1";""
"202100021891";"162Â 503";"B01";"1";"7";"0";"2";"8";"1";"1";""
"202100021891";"162Â 504";"A01";"2";"7";"3";"2";"0";"14";"1";""
"202100021892";"162Â 500";"A01";"1";"7";"0";"2";"4";"2";"1";""
"202100021892";"162Â 501";"B01";"1";"7";"0";"2";"4";"2";"1";""
"202100021892";"162Â 502";"C01";"1";"7";"0";"2";"1";"2";"1";""
"202100021893";"162Â 497";"A01";"2";"7";"0";" -1";"4";"0";"1";""
"202100021893";"162Â 498";"C01";"2";"7";"0";"2";"4";"0";"1";""
"202100021893";"162Â 499";"B01";"2";"10";"0";"2";"4";"0";"1";""
"202100021894";"162Â 496";"A01";"1";"7";"2";"0";"9";"14";"1";""
"202100021895";"162Â 494";"Z01";"2";"15";"0";"2";"0";"0";"0";""
"202100021895";"162Â 495";"A01";"2";"33";"0";"2";"7";"1";"1";""
"202100021896";"162Â 492";"A01";"2";"15";"0";"2";"1";"2";"1";""
"202100021896";"162Â 493";"B01";"2";"15";"0";"2";"4";"2";"1";""
"202100021897";"162Â 489";"C01";"2";"7";"0";"2";"4";"2";"1";""
"202100021897";"162Â 490";"B01";"2";"7";"0";"2";"4";"2";"1";""
"202100021897";"162Â 491";"A01";"2";"7";"0";"2";"1";"2";"1";""
"202100021898";"162Â 486";"A01";"2";"7";"0";"2";"1";"5";"1";""
"202100021898";"162Â 487";"B01";"1";"7";"0";"2";"2";"1";"1";""
"202100021898";"162Â 488";"C01";"1";"7";"0";"2";"0";"1";"1";""
"202100021899";"162Â 485";"A01";"2";"7";"0";"1";"1";"1";"1";""
"202100021900";"162Â 483";"B01";"2";"33";"0";"2";"1";"21";"1";""
"202100021900";"162Â 484";"A01";"2";"7";"0";"2";"6";"1";"1";""
"202100021901";"162Â 481";"B01";"2";"7";"0";"2";"4";"0";"0";""
"202100021901";"162Â 482";"A01";"2";"7";"0";"2";"2";"2";"1";""
"202100021902";"162Â 478";"A01";"2";"7";"0";"2";"1";"1";"1";""
"202100021902";"162Â 479";"B01";"2";"43";"0";"2";"4";"3";"1";""
"202100021902";"162Â 480";"C01";"2";"7";"0";"2";"3";"1";"1";""
"202100021903";"162Â 476";"A01";"2";"33";"0";"2";"1";"3";"1";""
"202100021903";"162Â 477";"B01";"2";"7";"0";"2";"4";"2";"1";""
"202100021904";"162Â 474";"B01";"2";"34";"0";"2";"1";"2";"1";""
"202100021904";"162Â 475";"A01";"2";"7";"0";"2";"4";"2";"1";""
"202100021905";"162Â 472";"B01";"1";"7";"0";"2";"4";"2";"2";""
"202100021905";"162Â 473";"A01";"1";"7";"0";"2";"1";"2";"1";""
"202100021906";"162Â 471";"A01";"1";"7";"13";"0";"9";"0";"1";""
"202100021907";"162Â 469";"A01";"1";"7";"0";"2";"2";"12";"1";""
"202100021907";"162Â 470";"B01";"2";"7";"0";"2";"8";"1";"1";""
"202100021908";"162Â 468";"A01";"2";"7";"16";"2";"1";"3";"1";""
"202100021909";"162Â 466";"B01";"2";"1";"0";"2";"0";"1";"5";""
"202100021909";"162Â 467";"A01";"2";"15";"0";"2";"7";"17";"1";""
"202100021910";"162Â 465";"A01";"1";"31";"1";"0";"1";"26";"0";""
"202100021911";"162Â 463";"B01";"3";"34";"1";"2";"7";"1";"1";""
"202100021911";"162Â 464";"A01";"3";"7";"1";"2";"2";"15";"1";""
"202100021912";"162Â 461";"B01";"1";"7";"0";"2";"2";"1";"1";""
"202100021912";"162Â 462";"A01";"2";"30";"0";"2";"1";"5";"1";""
"202100021913";"162Â 459";"A01";"1";"7";"0";"2";"2";"12";"1";""
"202100021913";"162Â 460";"B01";"1";"7";"0";"2";"9";"1";"1";""
"202100021914";"162Â 458";"A01";"3";"7";"0";"1";"1";"1";"1";""
"202100021915";"162Â 456";"B01";"2";"30";"0";"2";"1";"3";"1";""
"202100021915";"162Â 457";"A01";"2";"7";"0";"2";"6";"1";"1";""
"202100021916";"162Â 455";"A01";"3";"7";"6";"0";"1";"26";"1";""
"202100021917";"162Â 454";"A01";"2";"7";"0";"1";"1";"26";"1";""
"202100021918";"162Â 447";"B01";"2";"7";"0";"2";"1";"1";"1";""
"202100021918";"162Â 448";"A01";"3";"7";"0";"2";"3";"15";"1";""
"202100021919";"162Â 445";"B01";"2";"2";"0";"2";"8";"2";"1";""
"202100021919";"162Â 446";"A01";"2";"10";"0";"2";"3";"5";"1";""
"202100021920";"162Â 443";"B01";"3";"50";"0";"2";"1";"1";"3";""
"202100021920";"162Â 444";"A01";"3";"37";"0";"2";"3";"15";"1";"1"
"202100021921";"162Â 441";"A01";"1";"10";"0";"2";"1";"17";"1";""
"202100021921";"162Â 442";"B01";"1";"1";"0";"2";"4";"1";"5";""
"202100021922";"162Â 440";"A01";"2";"1";"0";"0";"0";"1";"5";""
"202100021923";"162Â 438";"A01";"2";"7";"0";"2";"1";"11";"1";""
"202100021923";"162Â 439";"B01";"1";"1";"0";"2";"1";"15";"5";""
"202100021924";"162Â 436";"A01";"1";"7";"0";"2";"3";"15";"2";""
"202100021924";"162Â 437";"B01";"2";"7";"0";"2";"3";"19";"1";""
"202100021925";"162Â 434";"B01";"3";"1";"0";"2";"1";"0";"5";""
"202100021925";"162Â 435";"A01";"3";"7";"0";"2";"1";"15";"1";""
"202100021926";"162Â 432";"A01";"2";"30";"0";"9";"1";"1";"1";""
"202100021926";"162Â 433";"B01";"1";"1";"0";"2";"1";"14";"5";""
"202100021927";"162Â 430";"B01";"3";"32";"0";"2";"1";"1";"1";""
"202100021927";"162Â 431";"A01";"3";"7";"0";"2";"8";"15";"1";""
"202100021928";"162Â 427";"A01";"3";"7";"0";"2";"1";"2";"1";""
"202100021928";"162Â 428";"B01";"3";"7";"0";"2";"1";"2";"1";""
"202100021928";"162Â 429";"C01";"3";"7";"0";"2";"5";"1";"1";""
"202100021929";"162Â 426";"A01";"3";"7";"0";"1";"2";"16";"1";""
"202100021930";"162Â 424";"A01";"2";"2";"0";"0";"8";"1";"1";""
"202100021931";"162Â 423";"A01";"1";"7";"1";"0";"1";"2";"1";""
"202100021932";"162Â 422";"A01";"2";"7";"0";"1";"1";"26";"0";""
"202100021933";"162Â 421";"A01";"1";"7";"13";"0";"2";"1";"1";""
"202100021934";"162Â 420";"A01";"3";"7";"2";"0";"1";"1";"1";""
"202100021935";"162Â 416";"B01";"1";"1";"0";"2";"1";"1";"5";""
"202100021935";"162Â 417";"A01";"1";"7";"0";"2";"8";"1";"1";""
"202100021936";"162Â 415";"A01";"1";"7";"13";"0";"0";"0";"1";""
"202100021937";"162Â 413";"A01";"1";"7";"0";"2";"3";"13";"1";""
"202100021937";"162Â 414";"B01";"2";"7";"0";"2";"6";"1";"1";""
"202100021938";"162Â 412";"A01";"0";"7";"0";"1";"4";"20";"1";""
"202100021939";"162Â 410";"A01";"1";"31";"0";"2";"8";"9";"6";""
"202100021939";"162Â 411";"B01";"1";"7";"0";"2";"7";"0";"6";""
"202100021940";"162Â 408";"A01";"1";"7";"0";"2";"1";"13";"1";""
"202100021940";"162Â 409";"B01";"2";"7";"0";"2";"1";"1";"1";""
"202100021941";"162Â 406";"B01";"2";"2";"0";"2";"7";"0";"1";""
"202100021941";"162Â 407";"A01";"2";"7";"0";"2";"8";"9";"1";""
"202100021942";"162Â 404";"B01";"2";"7";"0";"2";"2";"1";"1";""
"202100021942";"162Â 405";"A01";"2";"7";"0";"2";"8";"10";"1";""
"202100021943";"162Â 402";"A01";"3";"7";"0";"2";"1";"15";"1";""
"202100021943";"162Â 403";"B01";"3";"31";"0";"2";"0";"0";"1";""
"202100021944";"162Â 400";"B01";"3";"7";"0";"0";"3";"0";"1";""
"202100021944";"162Â 401";"A01";"3";"7";"0";"0";"3";"11";"1";""
"202100021945";"162Â 397";"C01";"1";"7";"0";"2";"4";"2";"2";""
"202100021945";"162Â 398";"B01";"1";"7";"0";"2";"4";"2";"1";""
"202100021945";"162Â 399";"A01";"1";"7";"4";"2";"1";"13";"6";""
"202100021946";"162Â 395";"A01";"2";"7";"0";"2";"6";"10";"1";""
"202100021946";"162Â 396";"B01";"2";"33";"0";"2";"1";"1";"1";""
"202100021947";"162Â 394";"A01";"1";"30";"11";"0";"6";"13";"1";""
"202100021948";"162Â 393";"A01";"2";"32";"1";"1";"1";"5";"1";""
"202100021949";"162Â 391";"B01";"2";"43";"0";"2";"7";"1";"1";""
"202100021949";"162Â 392";"A01";"2";"30";"0";"2";"2";"1";"1";""
"202100021950";"162Â 389";"A01";"1";"30";"0";"2";"1";"13";"3";""
"202100021950";"162Â 390";"B01";"2";"7";"0";"2";"1";"1";"1";""
"202100021951";"162Â 388";"A01";"2";"32";"0";"1";"1";"1";"1";""
"202100021952";"162Â 387";"A01";"2";"50";"0";"1";"1";"1";"3";""
"202100021953";"162Â 386";"A01";"2";"7";"0";"1";"5";"20";"1";""
"202100021954";"162Â 384";"A01";"2";"30";"0";"2";"4";"11";"3";""
"202100021954";"162Â 385";"Z01";"2";"7";"0";"2";"2";"1";"0";""
"202100021955";"162Â 383";"A01";"1";"50";"14";"0";"3";"11";"3";""
"202100021956";"162Â 382";"A01";"1";"30";"8";"0";"1";"9";"1";""
"202100021957";"162Â 380";"A01";"1";"7";"0";"2";"1";"2";"1";""
"202100021957";"162Â 381";"B01";"1";"7";"0";"2";"4";"1";"1";""
"202100021958";"162Â 378";"B01";"1";"7";"15";"2";"3";"16";"1";""
"202100021958";"162Â 379";"A01";"1";"7";"0";"2";"2";"2";"1";""
"202100021959";"162Â 376";"B01";"1";"32";"0";"2";"4";"1";"1";""
"202100021959";"162Â 377";"A01";"1";"7";"0";"2";"1";"13";"1";""
"202100021960";"162Â 375";"A01";"3";"10";"0";"1";"4";"26";"1";""
"202100021961";"162Â 373";"A01";"1";"7";"0";"2";"2";"15";"1";""
"202100021961";"162Â 374";"B01";"1";"2";"0";"2";"3";"1";"1";""
"202100021962";"162Â 371";"B01";"3";"7";"4";"0";"4";"11";"1";""
"202100021962";"162Â 372";"A01";"0";"7";"4";"2";"1";"13";"1";""
"202100021963";"162Â 370";"A01";"1";"7";"1";"0";"3";"13";"2";""
"202100021964";"162Â 368";"A01";"2";"1";"0";"2";"3";"13";"5";""
"202100021964";"162Â 369";"B01";"1";"7";"0";"2";"3";"1";"2";""
"202100021965";"162Â 366";"B01";"1";"7";"0";"2";"3";"1";"1";""
"202100021965";"162Â 367";"A01";"2";"7";"0";"2";"3";"13";"1";""
"202100021966";"162Â 365";"A01";"2";"7";"2";"0";"9";"14";"1";""
"202100021967";"162Â 363";"A01";"1";"33";"0";"2";"8";"1";"1";""
"202100021967";"162Â 364";"B01";"1";"10";"0";"2";"4";"17";"1";""
"202100021968";"162Â 362";"A01";"3";"7";"13";"0";"9";"14";"1";""
"202100021969";"162Â 360";"B01";"1";"10";"0";"2";"1";"1";"1";""
"202100021969";"162Â 361";"A01";"2";"7";"0";"2";"3";"5";"1";""
"202100021970";"162Â 358";"B01";"2";"1";"0";"2";"1";"1";"5";""
"202100021970";"162Â 359";"A01";"2";"7";"0";"9";"8";"15";"1";""
"202100021971";"162Â 356";"A01";"2";"2";"0";"2";"3";"15";"1";""
"202100021971";"162Â 357";"B01";"2";"7";"0";"2";"2";"17";"1";""
"202100021972";"162Â 353";"C01";"1";"7";"0";"9";"1";"1";"1";""
"202100021972";"162Â 354";"B01";"2";"7";"0";"2";"3";"2";"1";""