"Num_Acc";"id_vehicule";"num_veh";"senc";"catv";"obs";"obsm";"choc";"manv";"motor";"occutc"
"202100021972";"162Â 355";"A01";"2";"7";"0";"2";"7";"19";"1";""
"202100021973";"162Â 351";"B01";"2";"7";"0";"2";"3";"1";"1";""
"202100021973";"162Â 352";"A01";"1";"33";"0";"2";"3";"14";"1";""
"202100021974";"162Â 349";"A01";"2";"7";"0";"2";"2";"15";"1";""
"202100021974";"162Â 350";"B01";"1";"2";"0";"2";"1";"1";"1";""
"202100021975";"162Â 348";"A01";"2";"7";"2";"0";"1";"1";"1";""
"202100021976";"162Â 347";"A01";"1";"10";"2";"0";"1";"6";"1";""
"202100021977";"162Â 346";"A01";"1";"7";"13";"0";"2";"0";"1";""
"202100021978";"162Â 345";"A01";"1";"33";"12";"0";"3";"15";"1";""
"202100021979";"162Â 344";"A01";"1";"36";"0";"0";"0";"1";"1";""
"202100021980";"162Â 343";"A01";"0";"1";"0";"0";"0";"1";"5";""
"202100021981";"162Â 341";"A01";"0";"2";"0";"2";"1";"5";"1";""
"202100021981";"162Â 342";"B01";"0";"7";"0";"2";"3";"1";"1";""
"202100021982";"162Â 338";"B01";"1";"33";"0";"2";"1";"17";"1";""
"202100021982";"162Â 339";"C01";"1";"33";"0";"2";"1";"17";"1";""
"202100021982";"162Â 340";"A01";"1";"7";"0";"2";"3";"19";"2";""
"202100021983";"162Â 336";"A01";"1";"7";"0";"2";"2";"1";"1";""
"202100021983";"162Â 337";"B01";"1";"30";"0";"0";"4";"2";"1";""
"202100021984";"162Â 334";"C01";"2";"99";"0";"2";"8";"1";"1";""
"202100021984";"162Â 335";"A01";"1";"7";"0";"2";"8";"13";"1";""
"202100021985";"162Â 333";"A01";"2";"33";"13";"0";"0";"1";"1";""
"202100021986";"162Â 331";"A01";"1";"3";"0";"9";"1";"9";"1";""
"202100021986";"162Â 332";"B01";"1";"80";"0";"2";"7";"1";"3";""
"202100021987";"162Â 330";"A01";"3";"7";"16";"0";"0";"14";"1";""
"202100021988";"162Â 329";"A01";"2";"7";"0";"1";"1";"0";"1";""
"202100021989";"162Â 328";"A01";"1";"31";"13";"0";"0";"21";"1";""
"202100021990";"162Â 327";"A01";"1";"3";"13";"0";"9";"0";"1";""
"202100021991";"162Â 326";"A01";"1";"7";"13";"0";"3";"16";"1";""
"202100021992";"162Â 325";"A01";"3";"2";"2";"0";"0";"1";"1";""
"202100021993";"162Â 322";"A01";"2";"7";"16";"0";"1";"1";"1";""
"202100021994";"162Â 320";"A01";"1";"33";"0";"2";"1";"17";"1";""
"202100021994";"162Â 321";"B01";"2";"33";"0";"2";"1";"1";"1";""
"202100021995";"162Â 318";"B01";"2";"15";"0";"2";"2";"1";"1";""
"202100021995";"162Â 319";"A01";"1";"7";"0";"2";"2";"13";"1";""
"202100021996";"162Â 317";"A01";"2";"33";"0";"0";"2";"1";"1";""
"202100021997";"162Â 316";"A01";"1";"1";"0";"0";"0";"0";"5";""
"202100021998";"162Â 314";"A01";"3";"7";"0";"9";"2";"11";"1";""
"202100021998";"162Â 315";"B01";"0";"80";"0";"2";"7";"19";"3";""
"202100021999";"162Â 312";"A01";"1";"7";"0";"2";"1";"1";"1";""
"202100021999";"162Â 313";"B01";"1";"10";"0";"0";"4";"26";"1";""
"202100022000";"162Â 310";"A01";"0";"7";"0";"2";"3";"15";"1";""
"202100022000";"162Â 311";"B01";"0";"15";"0";"2";"3";"1";"1";""
"202100022001";"162Â 308";"A01";"1";"7";"0";"2";"7";"15";"1";""
"202100022001";"162Â 309";"B01";"2";"33";"0";"2";"1";"1";"1";""
"202100022002";"162Â 306";"B01";"2";"1";"0";"0";"4";"1";"5";""
"202100022002";"162Â 307";"A01";"2";"0";"0";"9";"2";"0";"0";""
"202100022003";"162Â 304";"B01";"3";"2";"0";"2";"1";"0";"1";""
"202100022003";"162Â 305";"A01";"3";"7";"0";"2";"3";"0";"1";""
"202100022004";"162Â 303";"A01";"1";"2";"0";"0";"0";"0";"1";""
"202100022005";"162Â 301";"B01";"1";"33";"0";"2";"1";"1";"1";""
"202100022005";"162Â 302";"A01";"2";"7";"0";"0";"5";"15";"1";""
"202100022006";"162Â 299";"B01";"1";"7";"0";"2";"3";"1";"1";""
"202100022006";"162Â 300";"A01";"2";"7";"0";"2";"3";"17";"1";""
"202100022007";"162Â 296";"A01";"1";"7";"0";"2";"8";"19";"1";""
"202100022007";"162Â 297";"C01";"2";"10";"0";"2";"3";"1";"1";""
"202100022007";"162Â 298";"B01";"1";"7";"0";"2";"1";"1";"1";""
"202100022008";"162Â 295";"A01";"2";"15";"7";"0";"7";"14";"1";""
"202100022009";"162Â 294";"A01";"1";"7";"4";"0";"3";"13";"1";""
"202100022010";"162Â 293";"A01";"2";"33";"6";"0";"1";"13";"1";""
"202100022011";"162Â 291";"B01";"3";"1";"0";"2";"1";"1";"5";""
"202100022011";"162Â 292";"A01";"3";"7";"0";"2";"1";"15";"1";""
"202100022012";"162Â 288";"A01";"1";"7";"0";"2";"4";"11";"1";""
"202100022012";"162Â 289";"B01";"1";"7";"0";"2";"2";"14";"1";""
"202100022012";"162Â 290";"C01";"1";"7";"0";"2";"6";"11";"1";""
"202100022013";"162Â 283";"A01";"1";"7";"0";"2";"4";"23";"1";""
"202100022013";"162Â 284";"B01";"1";"7";"0";"2";"1";"0";"1";""
"202100022013";"162Â 285";"C01";"1";"7";"0";"2";"1";"0";"1";""
"202100022013";"162Â 286";"D01";"1";"7";"0";"2";"1";"0";"1";""
"202100022013";"162Â 287";"E01";"1";"7";"1";"2";"1";"0";"1";""
"202100022014";"162Â 281";"A01";"2";"33";"0";"2";"1";"17";"1";""
"202100022014";"162Â 282";"B01";"1";"7";"0";"2";"6";"15";"1";""
"202100022015";"162Â 279";"A01";"2";"7";"0";"9";"2";"13";"1";""
"202100022015";"162Â 280";"B01";"1";"1";"0";"2";"1";"14";"5";""
"202100022016";"162Â 278";"A01";"1";"33";"4";"0";"2";"1";"1";""
"202100022017";"162Â 276";"B01";"2";"33";"0";"2";"1";"21";"1";""
"202100022017";"162Â 277";"A01";"1";"10";"0";"0";"5";"15";"1";""
"202100022018";"162Â 274";"B01";"1";"7";"0";"0";"4";"1";"1";""
"202100022018";"162Â 275";"A01";"1";"7";"0";"2";"1";"1";"1";""
"202100022019";"162Â 272";"B01";"1";"2";"0";"2";"4";"1";"1";""
"202100022019";"162Â 273";"A01";"2";"7";"0";"2";"4";"11";"1";""
"202100022020";"162Â 270";"B01";"3";"2";"0";"2";"8";"10";"3";""
"202100022020";"162Â 271";"A01";"3";"2";"0";"2";"1";"1";"1";""
"202100022021";"162Â 269";"A01";"2";"7";"0";"0";"1";"0";"1";""
"202100022022";"162Â 267";"A01";"1";"31";"0";"2";"1";"17";"1";""
"202100022022";"162Â 268";"B01";"2";"7";"0";"2";"3";"1";"1";""
"202100022023";"162Â 263";"C01";"2";"7";"0";"2";"3";"1";"1";""
"202100022023";"162Â 264";"D01";"2";"7";"0";"2";"0";"1";"1";""
"202100022023";"162Â 265";"A01";"1";"7";"0";"2";"6";"11";"1";""
"202100022023";"162Â 266";"B01";"1";"33";"0";"2";"2";"17";"1";""
"202100022024";"162Â 261";"A01";"1";"7";"0";"2";"1";"1";"1";""
"202100022024";"162Â 262";"B01";"1";"7";"6";"2";"2";"15";"1";""
"202100022025";"162Â 259";"B01";"1";"1";"0";"2";"4";"1";"5";""
"202100022025";"162Â 260";"A01";"1";"7";"0";"2";"1";"2";"3";""
"202100022026";"162Â 258";"A01";"2";"7";"13";"0";"2";"1";"1";""
"202100022027";"162Â 257";"A01";"1";"33";"0";"0";"0";"21";"1";""
"202100022028";"162Â 256";"A01";"1";"33";"7";"0";"2";"17";"1";""
"202100022029";"162Â 254";"B01";"1";"7";"0";"2";"3";"21";"1";""
"202100022029";"162Â 255";"A01";"2";"7";"0";"2";"3";"13";"1";""
"202100022030";"162Â 252";"B01";"1";"7";"0";"2";"1";"2";"1";""
"202100022030";"162Â 253";"A01";"1";"7";"0";"0";"4";"2";"1";""
"202100022031";"162Â 250";"A01";"2";"7";"0";"2";"1";"2";"1";""
"202100022031";"162Â 251";"B01";"2";"7";"0";"0";"4";"2";"1";""
"202100022032";"162Â 249";"A01";"1";"7";"3";"0";"2";"0";"1";""
"202100022033";"162Â 247";"A01";"2";"7";"0";"2";"8";"11";"1";""
"202100022033";"162Â 248";"B01";"2";"33";"0";"2";"7";"3";"1";""
"202100022034";"162Â 245";"A01";"1";"10";"4";"2";"3";"1";"1";""
"202100022034";"162Â 246";"B01";"1";"7";"0";"2";"8";"0";"1";""
"202100022035";"162Â 243";"A01";"1";"7";"0";"2";"4";"1";"1";""
"202100022035";"162Â 244";"B01";"1";"7";"0";"2";"1";"1";"1";""
"202100022036";"162Â 240";"B01";"2";"7";"0";"2";"8";"1";"1";""
"202100022036";"162Â 241";"C01";"2";"7";"0";"2";"4";"1";"1";""
"202100022036";"162Â 242";"A01";"2";"7";"0";"2";"1";"1";"1";""
"202100022037";"162Â 238";"A01";"2";"7";"4";"2";"1";"2";"1";""
"202100022037";"162Â 239";"B01";"2";"7";"4";"2";"4";"2";"2";""
"202100022038";"162Â 236";"A01";"2";"7";"3";"2";"1";"2";"1";""
"202100022038";"162Â 237";"B01";"2";"7";"3";"2";"6";"11";"1";""
"202100022039";"162Â 234";"A01";"1";"7";"0";"2";"1";"2";"1";""
"202100022039";"162Â 235";"B01";"1";"7";"0";"2";"4";"2";"1";""
"202100022040";"162Â 232";"A01";"2";"7";"0";"2";"1";"2";"1";""
"202100022040";"162Â 233";"B01";"2";"7";"0";"2";"4";"2";"1";""
"202100022041";"162Â 231";"A01";"1";"7";"3";"0";"3";"13";"1";""
"202100022042";"162Â 230";"B01";"2";"7";"0";"1";"1";"1";"1";""
"202100022043";"162Â 228";"B01";"2";"7";"0";"2";"4";"0";"1";""
"202100022043";"162Â 229";"A01";"2";"7";"0";"2";"2";"14";"1";""
"202100022044";"162Â 226";"A01";"1";"7";"0";"2";"2";"13";"1";""
"202100022044";"162Â 227";"B01";"2";"7";"0";"2";"6";"1";"1";""
"202100022045";"162Â 224";"A01";"1";"7";"6";"2";"3";"14";"1";""
"202100022045";"162Â 225";"B01";"1";"7";"6";"2";"6";"1";"1";""
"202100022046";"162Â 221";"B01";"2";"7";"0";"2";"2";"1";"1";""
"202100022046";"162Â 222";"C01";"2";"7";"0";"2";"1";"1";"1";""
"202100022046";"162Â 223";"A01";"2";"7";"4";"2";"6";"11";"1";""
"202100022047";"162Â 219";"A01";"2";"7";"0";"2";"1";"9";"1";""
"202100022047";"162Â 220";"B01";"2";"7";"0";"2";"7";"1";"1";""
"202100022048";"162Â 218";"A01";"1";"7";"0";"1";"3";"10";"1";""
"202100022049";"162Â 217";"A01";"2";"7";"0";"1";"1";"1";"1";""
"202100022050";"162Â 215";"B01";"1";"32";"0";"2";"0";"0";"1";""
"202100022050";"162Â 216";"A01";"2";"10";"0";"2";"5";"15";"1";""
"202100022051";"162Â 213";"B01";"3";"30";"0";"2";"1";"26";"1";""
"202100022051";"162Â 214";"A01";"2";"7";"0";"2";"3";"9";"1";""
"202100022052";"162Â 212";"A01";"1";"7";"13";"0";"0";"1";"1";""
"202100022053";"162Â 210";"B01";"3";"7";"0";"9";"8";"2";"1";""
"202100022053";"162Â 211";"A01";"3";"1";"0";"2";"0";"0";"5";""
"202100022054";"162Â 208";"B01";"3";"30";"0";"2";"1";"1";"1";""
"202100022054";"162Â 209";"A01";"3";"30";"0";"2";"1";"13";"1";""
"202100022055";"162Â 206";"A01";"3";"7";"0";"2";"1";"0";"1";""
"202100022055";"162Â 207";"B01";"2";"7";"0";"2";"2";"0";"1";""
"202100022056";"162Â 204";"A01";"1";"10";"0";"2";"1";"21";"1";""
"202100022056";"162Â 205";"B01";"1";"7";"0";"2";"4";"26";"1";""
"202100022057";"162Â 201";"C01";"1";"14";"0";"2";"6";"1";"1";""
"202100022057";"162Â 202";"B01";"1";"10";"0";"2";"3";"1";"1";""
"202100022057";"162Â 203";"A01";"1";"7";"0";"2";"1";"14";"1";""
"202100022058";"162Â 199";"B01";"2";"2";"0";"2";"1";"1";"1";""
"202100022058";"162Â 200";"A01";"1";"7";"0";"2";"1";"15";"1";""
"202100022059";"162Â 197";"A01";"1";"7";"0";"2";"2";"15";"1";""
"202100022059";"162Â 198";"VB01";"2";"32";"0";"2";"7";"0";"1";""
"202100022060";"162Â 195";"B01";"2";"33";"0";"2";"3";"1";"1";""
"202100022060";"162Â 196";"A01";"2";"7";"0";"2";"1";"15";"1";""
"202100022061";"162Â 193";"B01";"1";"7";"1";"0";"0";"0";"1";""
"202100022061";"162Â 194";"A01";"1";"7";"1";"0";"3";"0";"1";""
"202100022062";"162Â 191";"B01";"3";"43";"0";"2";"5";"2";"1";""
"202100022062";"162Â 192";"A01";"3";"7";"0";"2";"3";"4";"1";""
"202100022063";"162Â 189";"A01";"3";"7";"1";"2";"3";"15";"1";""
"202100022063";"162Â 190";"B01";"3";"2";"0";"2";"1";"1";"1";""
"202100022064";"162Â 188";"A01";"2";"7";"0";"1";"3";"1";"1";""
"202100022065";"162Â 187";"A01";"1";"33";"0";"0";"7";"1";"1";""
"202100022066";"162Â 185";"A01";"2";"7";"0";"2";"1";"5";"1";""
"202100022066";"162Â 186";"B01";"2";"7";"0";"2";"1";"1";"1";""
"202100022067";"162Â 183";"B01";"2";"7";"0";"2";"1";"26";"2";""
"202100022067";"162Â 184";"A01";"2";"2";"0";"2";"1";"16";"1";""
"202100022068";"162Â 181";"A01";"3";"7";"0";"2";"3";"13";"1";""
"202100022068";"162Â 182";"B01";"3";"7";"0";"2";"3";"1";"1";""
"202100022069";"162Â 179";"B01";"3";"33";"0";"2";"0";"1";"1";""
"202100022069";"162Â 180";"A01";"3";"7";"0";"9";"1";"15";"1";""
"202100022070";"162Â 177";"B01";"1";"7";"0";"2";"3";"15";"1";""
"202100022070";"162Â 178";"A01";"2";"30";"0";"2";"2";"17";"1";""
"202100022071";"162Â 175";"A01";"3";"7";"0";"9";"3";"1";"1";""
"202100022071";"162Â 176";"B01";"3";"1";"0";"2";"2";"19";"0";""
"202100022072";"162Â 174";"A01";"3";"7";"0";"1";"3";"1";"1";""
"202100022073";"162Â 172";"A01";"2";"7";"0";"2";"2";"1";"1";""
"202100022073";"162Â 173";"B01";"1";"7";"0";"2";"3";"26";"1";""
"202100022074";"162Â 171";"A01";"1";"7";"0";"1";"1";"1";"1";""
"202100022075";"162Â 169";"B01";"3";"7";"0";"2";"4";"2";"1";""
"202100022075";"162Â 170";"A01";"3";"7";"0";"2";"1";"2";"1";""
"202100022076";"162Â 165";"A01";"1";"7";"0";"2";"1";"2";"1";""
"202100022076";"162Â 166";"B01";"1";"7";"0";"2";"1";"2";"1";""
"202100022076";"162Â 167";"C01";"1";"7";"0";"2";"4";"2";"1";""
"202100022076";"162Â 168";"D01";"1";"7";"0";"2";"4";"0";"1";""
"202100022077";"162Â 163";"B01";"1";"1";"0";"2";"7";"1";"0";""
"202100022077";"162Â 164";"A01";"3";"7";"0";"2";"3";"9";"1";""
"202100022078";"162Â 161";"B01";"3";"7";"0";"2";"4";"23";"1";""
"202100022078";"162Â 162";"A01";"3";"7";"0";"2";"1";"1";"1";""
"202100022079";"162Â 159";"B01";"1";"7";"0";"2";"4";"1";"1";""
"202100022079";"162Â 160";"A01";"1";"7";"0";"2";"2";"17";"1";""
"202100022080";"162Â 157";"A01";"2";"7";"0";"2";"2";"1";"1";""
"202100022080";"162Â 158";"B01";"1";"32";"0";"2";"1";"1";"1";""
"202100022081";"162Â 154";"A01";"1";"7";"0";"2";"3";"13";"1";""
"202100022081";"162Â 155";"B01";"1";"99";"0";"2";"8";"19";"3";""
"202100022081";"162Â 156";"C01";"1";"7";"0";"0";"0";"0";"1";""
"202100022082";"162Â 152";"A01";"3";"7";"0";"2";"1";"1";"1";""
"202100022082";"162Â 153";"B01";"3";"32";"0";"2";"2";"1";"1";""
"202100022083";"162Â 150";"A01";"1";"31";"0";"2";"1";"1";"1";""
"202100022083";"162Â 151";"B01";"2";"7";"0";"2";"3";"1";"1";""
"202100022084";"162Â 148";"A01";"1";"7";"0";"2";"1";"1";"1";""
"202100022084";"162Â 149";"B01";"1";"7";"0";"2";"4";"20";"1";""
"202100022085";"162Â 147";"A01";"1";"7";"0";"1";"1";"15";"1";""
"202100022086";"162Â 146";"A01";"0";"99";"0";"2";"8";"26";"0";""
"202100022087";"162Â 144";"B01";"1";"1";"1";"2";"1";"1";"5";""
"202100022087";"162Â 145";"A01";"2";"7";"0";"2";"8";"20";"1";""
"202100022088";"162Â 143";"A01";"1";"7";"8";"0";"9";"21";"1";""
"202100022089";"162Â 141";"A01";"1";"10";"0";"2";"7";"15";"1";""
"202100022089";"162Â 142";"B01";"3";"2";"0";"2";"1";"12";"1";""
"202100022090";"162Â 140";"A01";"2";"33";"9";"0";"2";"14";"1";""
"202100022091";"162Â 138";"B01";"3";"7";"0";"2";"3";"1";"1";""
"202100022091";"162Â 139";"A01";"3";"7";"0";"2";"3";"1";"1";""
"202100022092";"162Â 134";"D01";"3";"7";"0";"0";"4";"0";"1";""
"202100022092";"162Â 135";"C01";"0";"7";"0";"2";"4";"0";"1";""
"202100022092";"162Â 136";"B01";"1";"7";"0";"2";"4";"0";"1";""
"202100022092";"162Â 137";"A01";"1";"10";"0";"2";"1";"0";"1";""
"202100022093";"162Â 132";"A01";"3";"7";"0";"2";"3";"16";"1";""
"202100022093";"162Â 133";"B01";"0";"1";"0";"0";"0";"0";"0";""
"202100022094";"162Â 130";"A01";"2";"30";"0";"2";"1";"17";"1";""
"202100022094";"162Â 131";"B01";"2";"7";"0";"2";"3";"1";"1";""
"202100022095";"162Â 129";"A01";"0";"7";"0";"1";"2";"0";"3";""
"202100022096";"162Â 127";"A01";"1";"34";"0";"0";"1";"5";"1";""
"202100022096";"162Â 128";"B01";"1";"7";"0";"0";"7";"1";"1";""
"202100022097";"162Â 126";"A01";"1";"7";"8";"0";"1";"13";"1";""
"202100022098";"162Â 125";"A01";"3";"7";"0";"1";"3";"1";"1";""
"202100022099";"162Â 122";"A01";"2";"7";"0";"2";"1";"1";"1";""
"202100022099";"162Â 123";"B01";"2";"7";"0";"2";"4";"23";"1";""
"202100022099";"162Â 124";"C01";"2";"7";"0";"2";"4";"23";"1";""
"202100022100";"162Â 120";"B01";"1";"10";"0";"2";"1";"1";"1";""
"202100022100";"162Â 121";"A01";"1";"7";"14";"0";"4";"2";"1";""
"202100022101";"162Â 118";"B01";"3";"33";"0";"2";"1";"1";"1";""
"202100022101";"162Â 119";"A01";"3";"7";"0";"9";"3";"15";"1";""
"202100022102";"162Â 116";"A01";"1";"7";"0";"2";"3";"9";"1";""
"202100022102";"162Â 117";"B01";"1";"32";"0";"2";"1";"17";"1";""
"202100022103";"162Â 115";"A01";"2";"32";"3";"0";"1";"14";"1";""
"202100022104";"162Â 113";"B01";"1";"7";"0";"2";"6";"12";"1";""
"202100022104";"162Â 114";"A01";"1";"33";"0";"2";"1";"3";"1";""
"202100022105";"162Â 111";"B01";"1";"7";"0";"2";"5";"12";"1";""
"202100022105";"162Â 112";"A01";"1";"33";"0";"2";"1";"3";"1";""
"202100022106";"162Â 109";"B01";"0";"1";"0";"2";"0";"1";"5";""
"202100022106";"162Â 110";"A01";"1";"7";"0";"2";"1";"16";"1";""
"202100022107";"162Â 108";"A01";"3";"30";"1";"0";"1";"1";"1";""
"202100022108";"162Â 107";"Z01";"2";"7";"2";"0";"1";"13";"1";""
"202100022109";"162Â 106";"A01";"1";"33";"0";"1";"1";"1";"1";""
"202100022110";"162Â 104";"B01";"1";"30";"0";"2";"2";"17";"1";""
"202100022110";"162Â 105";"A01";"1";"7";"0";"2";"3";"15";"1";""
"202100022111";"162Â 103";"A01";"2";"30";"0";"1";"1";"1";"1";""
"202100022112";"162Â 101";"Z01";"1";"7";"0";"2";"0";"14";"0";""
"202100022112";"162Â 102";"A01";"1";"30";"0";"2";"3";"1";"1";""
"202100022113";"162Â 100";"A01";"2";"50";"0";"1";"1";"1";"3";""
"202100022114";"162Â 098";"A01";"1";"7";"0";"2";"3";"15";"2";""
"202100022114";"162Â 099";"B01";"2";"32";"0";"2";"8";"1";"1";""
"202100022115";"162Â 097";"A01";"1";"7";"1";"0";"2";"14";"1";""
"202100022116";"162Â 095";"A01";"1";"7";"0";"2";"2";"15";"1";""
"202100022116";"162Â 096";"B01";"2";"30";"0";"2";"3";"16";"1";""
"202100022117";"162Â 094";"A01";"1";"50";"0";"0";"0";"1";"3";""
"202100022118";"162Â 092";"Z01";"1";"7";"0";"2";"8";"22";"0";""
"202100022118";"162Â 093";"A01";"1";"50";"0";"2";"1";"1";"3";""
"202100022119";"162Â 091";"A01";"2";"30";"0";"0";"7";"0";"1";""
"202100022120";"162Â 089";"A01";"3";"7";"0";"2";"1";"1";"1";""
"202100022120";"162Â 090";"B01";"3";"7";"0";"2";"4";"23";"2";""
"202100022121";"162Â 088";"A01";"2";"7";"1";"0";"3";"1";"1";""
"202100022122";"162Â 086";"B01";"1";"7";"0";"2";"1";"9";"1";""
"202100022122";"162Â 087";"A01";"1";"7";"0";"0";"4";"9";"1";""
"202100022123";"162Â 085";"A01";"1";"10";"0";"1";"8";"1";"1";""
"202100022124";"162Â 084";"A01";"1";"30";"0";"1";"0";"0";"0";""
"202100022125";"162Â 082";"B01";"2";"99";"0";"2";"1";"26";"0";""
"202100022125";"162Â 083";"A01";"2";"30";"0";"2";"4";"23";"0";""
"202100022126";"162Â 081";"A01";"1";"7";"0";"1";"5";"20";"0";""
"202100022127";"162Â 079";"A01";"1";"2";"0";"2";"3";"18";"1";""
"202100022127";"162Â 080";"B01";"1";"7";"0";"2";"7";"1";"1";""
"202100022128";"162Â 078";"A01";"2";"1";"0";"0";"6";"1";"6";""
"202100022129";"162Â 076";"B01";"1";"34";"0";"2";"0";"1";"1";""
"202100022129";"162Â 077";"A01";"1";"7";"0";"2";"0";"1";"0";""
"202100022130";"162Â 074";"A01";"1";"7";"0";"0";"0";"1";"1";""
"202100022130";"162Â 075";"B01";"2";"30";"0";"0";"0";"1";"3";""
"202100022131";"162Â 072";"B01";"1";"7";"0";"2";"2";"16";"1";""
"202100022131";"162Â 073";"A01";"2";"1";"0";"2";"1";"5";"5";""
"202100022132";"162Â 071";"A01";"3";"31";"8";"0";"1";"13";"1";""
"202100022133";"162Â 069";"A01";"2";"7";"0";"2";"3";"15";"1";""
"202100022133";"162Â 070";"B01";"2";"33";"0";"2";"1";"1";"1";""
"202100022134";"162Â 068";"A01";"1";"7";"2";"0";"2";"1";"1";""
"202100022135";"162Â 067";"A01";"1";"7";"2";"0";"2";"13";"1";""
"202100022136";"162Â 066";"A01";"2";"7";"3";"0";"2";"14";"1";""
"202100022137";"162Â 065";"A01";"1";"33";"13";"0";"2";"1";"1";""
"202100022138";"162Â 064";"A01";"1";"7";"2";"0";"9";"1";"1";""
"202100022139";"162Â 063";"A01";"2";"43";"7";"0";"1";"0";"1";""
"202100022140";"162Â 062";"A01";"1";"21";"0";"1";"5";"14";"1";""
"202100022141";"162Â 060";"A01";"3";"7";"14";"2";"1";"16";"1";""
"202100022141";"162Â 061";"B01";"3";"7";"0";"0";"8";"23";"1";""
"202100022142";"162Â 058";"A01";"2";"7";"0";"2";"2";"12";"1";""
"202100022142";"162Â 059";"B01";"2";"17";"0";"0";"6";"1";"6";""
"202100022143";"162Â 056";"B01";"2";"33";"0";"0";"1";"1";"1";""
"202100022143";"162Â 057";"A01";"1";"7";"0";"0";"2";"19";"1";""
"202100022144";"162Â 054";"A01";"1";"7";"0";"2";"6";"19";"1";""
"202100022144";"162Â 055";"B01";"1";"2";"0";"2";"1";"1";"1";""
"202100022145";"162Â 052";"B01";"1";"32";"0";"2";"1";"1";"1";""
"202100022145";"162Â 053";"A01";"2";"7";"0";"2";"3";"13";"1";""
"202100022146";"162Â 050";"A01";"1";"7";"0";"2";"6";"19";"1";""
"202100022146";"162Â 051";"B01";"2";"7";"0";"2";"3";"15";"1";""
"202100022147";"162Â 049";"A01";"3";"2";"0";"0";"8";"1";"1";""
"202100022148";"162Â 048";"A01";"3";"7";"13";"0";"3";"1";"1";""
"202100022149";"162Â 046";"A01";"3";"7";"0";"0";"3";"1";"1";""
"202100022149";"162Â 047";"B01";"3";"7";"0";"0";"2";"1";"1";""
"202100022150";"162Â 045";"A01";"2";"10";"16";"0";"9";"1";"1";""
"202100022151";"162Â 044";"A01";"3";"99";"13";"0";"9";"10";"1";""
"202100022152";"162Â 043";"A01";"1";"7";"0";"5";"0";"1";"1";""
"202100022153";"162Â 042";"A01";"1";"2";"0";"0";"1";"0";"1";""
"202100022154";"162Â 041";"A01";"3";"2";"0";"0";"8";"1";"1";""
"202100022155";"162Â 040";"A01";"0";"7";"2";"0";"1";"14";"1";""
"202100022156";"162Â 038";"A01";"1";"7";"0";"2";"2";"13";"0";""
"202100022156";"162Â 039";"B01";"1";"1";"0";"2";"8";"1";"5";""
"202100022157";"162Â 037";"A01";"3";"7";"13";"0";"2";"1";"1";""
"202100022158";"162Â 035";"B01";"1";"7";"0";"0";"4";"15";"1";""
"202100022158";"162Â 036";"A01";"1";"7";"0";"2";"1";"17";"1";""
"202100022159";"162Â 033";"A01";"1";"7";"0";"2";"8";"9";"1";""
"202100022159";"162Â 034";"B01";"2";"7";"0";"2";"2";"1";"1";""
"202100022160";"162Â 032";"A01";"3";"7";"0";"1";"2";"1";"1";""
"202100022161";"162Â 030";"B01";"2";"7";"0";"2";"2";"1";"1";""
"202100022161";"162Â 031";"A01";"1";"33";"0";"6";"1";"0";"1";""
"202100022162";"162Â 028";"B01";"1";"7";"0";"2";"3";"15";"1";""
"202100022162";"162Â 029";"A01";"3";"7";"0";"2";"1";"1";"1";""
"202100022163";"162Â 027";"A01";"3";"7";"0";"1";"1";"1";"1";""
"202100022164";"162Â 026";"A01";"2";"36";"6";"0";"1";"0";"1";""
"202100022165";"162Â 024";"A01";"3";"7";"0";"9";"2";"1";"1";""
"202100022165";"162Â 025";"B01";"3";"1";"0";"2";"1";"15";"5";""
"202100022166";"162Â 023";"A01";"2";"7";"0";"0";"3";"1";"1";""
"202100022167";"162Â 022";"A01";"3";"7";"15";"0";"7";"1";"1";""
"202100022168";"162Â 020";"B01";"2";"7";"0";"2";"1";"1";"1";""
"202100022168";"162Â 021";"A01";"1";"7";"0";"2";"7";"1";"1";""
"202100022169";"162Â 019";"A01";"3";"2";"0";"0";"0";"1";"1";""
"202100022170";"162Â 017";"A01";"3";"33";"0";"2";"1";"17";"1";""
"202100022170";"162Â 018";"B01";"3";"7";"0";"2";"8";"19";"1";""
"202100022171";"162Â 015";"B01";"1";"31";"0";"0";"8";"15";"1";""
"202100022171";"162Â 016";"A01";"1";"7";"0";"2";"2";"17";"1";""
"202100022172";"162Â 013";"B01";"2";"33";"15";"2";"1";"1";"1";""
"202100022172";"162Â 014";"A01";"2";"7";"0";"2";"3";"10";"1";""
"202100022173";"162Â 011";"A01";"3";"32";"0";"2";"1";"17";"1";""
"202100022173";"162Â 012";"B01";"3";"7";"0";"2";"3";"15";"1";""
"202100022174";"162Â 009";"B01";"0";"7";"0";"2";"1";"1";"1";""
"202100022174";"162Â 010";"A01";"0";"7";"0";"2";"1";"1";"1";""
"202100022175";"162Â 007";"A01";"1";"2";"0";"2";"1";"17";"1";""
"202100022175";"162Â 008";"B01";"1";"7";"0";"0";"8";"15";"1";""
"202100022176";"162Â 005";"B01";"2";"33";"0";"2";"1";"1";"1";""
"202100022176";"162Â 006";"A01";"3";"10";"0";"2";"5";"19";"1";""
"202100022177";"162Â 004";"A01";"1";"7";"0";"0";"1";"13";"1";""