"Num_Acc";"id_vehicule";"num_veh";"senc";"catv";"obs";"obsm";"choc";"manv";"motor";"occutc"
"202100022178";"162Â 001";"A01";"2";"7";"7";"0";"7";"14";"1";""
"202100022179";"161Â 996";"A01";"1";"10";"16";"0";"9";"13";"1";""
"202100022180";"161Â 995";"A01";"1";"7";"0";"1";"1";"1";"1";""
"202100022181";"161Â 994";"A01";"1";"2";"6";"0";"0";"0";"1";""
"202100022182";"161Â 990";"D01";"1";"33";"0";"2";"1";"21";"1";""
"202100022182";"161Â 991";"C01";"1";"7";"0";"2";"3";"21";"1";""
"202100022182";"161Â 992";"B01";"1";"7";"0";"2";"1";"21";"1";""
"202100022182";"161Â 993";"A01";"2";"7";"0";"2";"1";"13";"1";""
"202100022183";"161Â 989";"A01";"1";"7";"6";"0";"1";"21";"1";""
"202100022184";"161Â 988";"A01";"1";"7";"0";"1";"2";"1";"1";""
"202100022185";"161Â 987";"A01";"0";"33";"0";"0";"0";"1";"0";""
"202100022186";"161Â 986";"A01";"3";"33";"6";"0";"9";"0";"1";""
"202100022187";"161Â 985";"A01";"1";"33";"3";"0";"3";"2";"1";""
"202100022188";"161Â 983";"B01";"2";"7";"0";"0";"4";"1";"1";""
"202100022188";"161Â 984";"A01";"2";"33";"0";"2";"1";"2";"1";""
"202100022189";"161Â 982";"A01";"1";"7";"6";"0";"3";"1";"1";""
"202100022190";"161Â 980";"A01";"1";"33";"0";"2";"1";"5";"1";""
"202100022190";"161Â 981";"B01";"2";"7";"0";"2";"2";"1";"1";""
"202100022191";"161Â 978";"B01";"1";"1";"0";"2";"3";"19";"5";""
"202100022191";"161Â 979";"A01";"2";"7";"0";"9";"1";"15";"1";""
"202100022192";"161Â 977";"A01";"1";"7";"2";"0";"7";"14";"1";""
"202100022193";"161Â 976";"A01";"1";"7";"2";"0";"0";"1";"1";""
"202100022194";"161Â 974";"A01";"3";"2";"0";"2";"1";"1";"1";""
"202100022194";"161Â 975";"B01";"3";"2";"0";"0";"1";"17";"1";""
"202100022195";"161Â 972";"A01";"3";"7";"0";"0";"1";"1";"1";""
"202100022195";"161Â 973";"B01";"3";"1";"7";"0";"8";"1";"6";""
"202100022196";"161Â 971";"A01";"0";"7";"13";"0";"1";"1";"1";""
"202100022197";"161Â 968";"B01";"0";"1";"0";"0";"3";"1";"0";""
"202100022197";"161Â 969";"A01";"0";"7";"0";"9";"5";"17";"1";""
"202100022198";"161Â 967";"A01";"2";"7";"16";"0";"3";"21";"1";""
"202100022199";"161Â 966";"A01";"3";"7";"0";"1";"8";"1";"1";""
"202100022200";"161Â 965";"A01";"1";"7";"6";"0";"8";"1";"1";""
"202100022201";"161Â 963";"B01";"1";"7";"0";"2";"1";"2";"1";""
"202100022201";"161Â 964";"A01";"1";"7";"0";"2";"4";"1";"1";""
"202100022202";"161Â 961";"A01";"1";"7";"0";"2";"2";"1";"1";""
"202100022202";"161Â 962";"B01";"1";"17";"0";"2";"6";"1";"1";""
"202100022203";"161Â 959";"B01";"2";"7";"3";"2";"7";"1";"1";""
"202100022203";"161Â 960";"A01";"2";"10";"3";"2";"1";"17";"1";""
"202100022204";"161Â 958";"A01";"1";"7";"13";"0";"1";"0";"1";""
"202100022205";"161Â 953";"B01";"2";"7";"0";"2";"4";"1";"1";""
"202100022205";"161Â 954";"C01";"2";"7";"0";"2";"4";"1";"1";""
"202100022205";"161Â 955";"D01";"2";"7";"0";"2";"7";"1";"1";""
"202100022205";"161Â 956";"E01";"2";"7";"0";"2";"6";"1";"1";""
"202100022205";"161Â 957";"A01";"2";"7";"0";"2";"1";"1";"1";""
"202100022206";"161Â 952";"A01";"2";"33";"4";"0";"0";"1";"1";""
"202100022207";"161Â 950";"A01";"1";"10";"0";"2";"1";"1";"1";""
"202100022207";"161Â 951";"B01";"1";"10";"0";"2";"4";"2";"1";""
"202100022208";"161Â 948";"B01";"2";"7";"0";"2";"4";"26";"1";""
"202100022208";"161Â 949";"A01";"2";"7";"0";"2";"4";"2";"1";""
"202100022209";"161Â 947";"A01";"2";"7";"0";"1";"1";"26";"2";""
"202100022210";"161Â 946";"A01";"0";"7";"0";"1";"4";"26";"1";""
"202100022211";"161Â 945";"A01";"1";"7";"0";"1";"2";"1";"1";""
"202100022212";"161Â 942";"C01";"2";"7";"14";"2";"4";"23";"1";""
"202100022212";"161Â 943";"A01";"2";"7";"0";"2";"5";"1";"1";""
"202100022212";"161Â 944";"B01";"2";"7";"0";"2";"1";"1";"1";""
"202100022213";"161Â 940";"A01";"2";"7";"0";"2";"8";"15";"2";""
"202100022213";"161Â 941";"B01";"2";"37";"0";"2";"2";"1";"1";"2"
"202100022214";"161Â 939";"A01";"3";"32";"0";"2";"3";"1";"1";""
"202100022215";"161Â 938";"A01";"2";"10";"13";"0";"7";"1";"1";""
"202100022216";"161Â 936";"B01";"3";"7";"0";"2";"1";"1";"1";""
"202100022216";"161Â 937";"A01";"3";"7";"0";"2";"1";"13";"1";""
"202100022217";"161Â 932";"B01";"2";"1";"0";"2";"7";"15";"5";""
"202100022217";"161Â 933";"A01";"1";"7";"0";"2";"3";"1";"1";""
"202100022218";"161Â 930";"A01";"1";"7";"12";"2";"8";"1";"1";""
"202100022218";"161Â 931";"B01";"2";"3";"0";"2";"3";"13";"1";""
"202100022219";"161Â 928";"B01";"3";"7";"0";"2";"3";"15";"1";""
"202100022219";"161Â 929";"A01";"3";"43";"0";"2";"1";"1";"1";""
"202100022220";"161Â 926";"A01";"2";"7";"6";"1";"1";"21";"1";""
"202100022220";"161Â 927";"B01";"1";"7";"0";"2";"1";"10";"1";""
"202100022221";"161Â 924";"A01";"1";"7";"0";"2";"0";"0";"2";""
"202100022221";"161Â 925";"Z01";"2";"16";"0";"2";"0";"0";"1";""
"202100022222";"161Â 923";"A01";"2";"36";"6";"0";"1";"26";"1";""
"202100022223";"161Â 921";"A01";"2";"7";"0";"2";"5";"15";"1";""
"202100022223";"161Â 922";"B01";"2";"33";"0";"2";"1";"1";"1";""
"202100022224";"161Â 919";"B01";"2";"7";"0";"2";"6";"2";"1";""
"202100022224";"161Â 920";"A01";"2";"33";"0";"2";"1";"2";"1";""
"202100022225";"161Â 917";"B01";"2";"7";"0";"2";"4";"2";"1";""
"202100022225";"161Â 918";"A01";"2";"7";"0";"2";"1";"2";"1";""
"202100022226";"161Â 915";"B01";"2";"33";"0";"2";"1";"1";"1";""
"202100022226";"161Â 916";"A01";"1";"7";"0";"2";"1";"15";"1";""
"202100022227";"161Â 914";"A01";"3";"7";"15";"0";"1";"1";"1";""
"202100022228";"161Â 913";"A01";"3";"2";"8";"0";"0";"10";"1";""
"202100022229";"161Â 911";"B01";"2";"2";"0";"2";"1";"0";"1";""
"202100022229";"161Â 912";"A01";"2";"7";"0";"2";"8";"0";"0";""
"202100022230";"161Â 909";"B01";"2";"7";"2";"2";"0";"1";"1";""
"202100022230";"161Â 910";"A01";"3";"7";"0";"2";"1";"26";"1";""
"202100022231";"161Â 907";"A01";"3";"37";"0";"4";"2";"1";"1";"2"
"202100022231";"161Â 908";"B01";"0";"40";"0";"2";"8";"1";"0";""
"202100022232";"161Â 905";"B01";"1";"7";"0";"2";"1";"1";"1";""
"202100022232";"161Â 906";"A01";"1";"7";"0";"2";"1";"15";"1";""
"202100022233";"161Â 903";"A01";"1";"7";"0";"2";"3";"15";"3";""
"202100022233";"161Â 904";"B01";"2";"1";"0";"2";"0";"1";"5";""
"202100022234";"161Â 901";"A01";"1";"7";"0";"2";"3";"9";"1";""
"202100022234";"161Â 902";"B01";"1";"33";"0";"2";"7";"1";"1";""
"202100022235";"161Â 899";"B01";"2";"2";"0";"2";"8";"2";"1";""
"202100022235";"161Â 900";"A01";"2";"7";"0";"2";"1";"2";"1";""
"202100022236";"161Â 894";"A01";"1";"13";"0";"2";"1";"2";"1";""
"202100022236";"161Â 895";"B01";"1";"7";"0";"2";"4";"1";"1";""
"202100022236";"161Â 896";"C01";"1";"7";"0";"2";"4";"1";"1";""
"202100022236";"161Â 897";"D01";"1";"7";"0";"2";"4";"1";"1";""
"202100022236";"161Â 898";"E01";"1";"10";"0";"2";"4";"1";"1";""
"202100022237";"161Â 892";"B01";"1";"7";"0";"2";"4";"2";"1";""
"202100022237";"161Â 893";"A01";"1";"7";"0";"2";"1";"2";"1";""
"202100022238";"161Â 891";"A01";"2";"30";"0";"0";"1";"1";"1";""
"202100022239";"161Â 890";"A01";"1";"33";"14";"0";"1";"13";"1";""
"202100022240";"161Â 888";"B01";"1";"31";"0";"2";"1";"0";"1";""
"202100022240";"161Â 889";"A01";"1";"7";"0";"2";"5";"0";"0";""
"202100022241";"161Â 886";"B01";"2";"7";"0";"2";"1";"1";"1";""
"202100022241";"161Â 887";"A01";"1";"7";"1";"2";"1";"19";"1";""
"202100022242";"161Â 884";"Z01";"3";"7";"0";"2";"0";"16";"0";""
"202100022242";"161Â 885";"A01";"3";"1";"0";"2";"6";"2";"5";""
"202100022243";"161Â 882";"A01";"3";"7";"14";"0";"1";"26";"1";""
"202100022243";"161Â 883";"B01";"3";"7";"0";"2";"1";"23";"1";""
"202100022244";"161Â 881";"A01";"2";"99";"12";"0";"0";"2";"3";""
"202100022245";"161Â 880";"A01";"3";"7";"0";"1";"2";"15";"1";""
"202100022246";"161Â 879";"A01";"2";"7";"15";"0";"1";"26";"1";""
"202100022247";"161Â 877";"A01";"1";"7";"0";"2";"7";"15";"1";""
"202100022247";"161Â 878";"B01";"2";"33";"0";"2";"1";"1";"1";""
"202100022248";"161Â 875";"A01";"3";"7";"0";"2";"3";"1";"1";""
"202100022248";"161Â 876";"B01";"1";"7";"0";"2";"5";"1";"1";""
"202100022249";"161Â 872";"B01";"1";"7";"0";"2";"2";"1";"1";""
"202100022249";"161Â 873";"C01";"1";"7";"0";"2";"5";"1";"1";""
"202100022249";"161Â 874";"A01";"1";"7";"0";"2";"3";"1";"1";""
"202100022250";"161Â 870";"A01";"3";"7";"0";"4";"7";"17";"1";""
"202100022250";"161Â 871";"B01";"3";"40";"0";"2";"8";"1";"1";""
"202100022251";"161Â 868";"A01";"1";"7";"0";"9";"2";"16";"1";""
"202100022251";"161Â 869";"B01";"1";"1";"0";"2";"8";"1";"5";""
"202100022252";"161Â 866";"B01";"1";"33";"0";"2";"1";"1";"1";""
"202100022252";"161Â 867";"A01";"1";"7";"0";"2";"6";"20";"1";""
"202100022253";"161Â 864";"A01";"2";"1";"0";"2";"7";"19";"5";""
"202100022253";"161Â 865";"B01";"2";"7";"0";"2";"1";"16";"2";""
"202100022254";"161Â 862";"A01";"0";"7";"0";"2";"2";"1";"1";""
"202100022254";"161Â 863";"B01";"0";"7";"0";"2";"6";"1";"1";""
"202100022255";"161Â 860";"A01";"3";"7";"0";"2";"5";"17";"1";""
"202100022255";"161Â 861";"B01";"3";"1";"0";"2";"1";"1";"5";""
"202100022256";"161Â 858";"B01";"1";"2";"0";"2";"8";"26";"3";""
"202100022256";"161Â 859";"A01";"1";"7";"0";"2";"2";"15";"1";""
"202100022257";"161Â 856";"B01";"1";"33";"0";"2";"1";"26";"1";""
"202100022257";"161Â 857";"A01";"1";"7";"0";"2";"3";"26";"1";""
"202100022258";"161Â 854";"B01";"1";"7";"0";"2";"4";"26";"1";""
"202100022258";"161Â 855";"A01";"1";"7";"0";"2";"1";"26";"1";""
"202100022259";"161Â 852";"B01";"1";"7";"0";"2";"1";"1";"1";""
"202100022259";"161Â 853";"A01";"1";"7";"0";"2";"2";"15";"1";""
"202100022260";"161Â 850";"A01";"3";"7";"0";"2";"1";"2";"1";""
"202100022260";"161Â 851";"B01";"3";"7";"0";"2";"0";"23";"1";""
"202100022261";"161Â 848";"B01";"1";"7";"0";"2";"3";"1";"1";""
"202100022261";"161Â 849";"A01";"2";"7";"0";"2";"1";"1";"1";""
"202100022262";"161Â 847";"A01";"2";"7";"0";"1";"2";"15";"1";""
"202100022263";"161Â 845";"A01";"2";"1";"0";"2";"2";"1";"0";""
"202100022263";"161Â 846";"B01";"2";"7";"0";"2";"1";"1";"1";""
"202100022264";"161Â 843";"A01";"1";"7";"0";"2";"1";"2";"1";""
"202100022264";"161Â 844";"B01";"1";"7";"0";"2";"4";"1";"1";""
"202100022265";"161Â 841";"B01";"1";"7";"0";"2";"6";"15";"1";""
"202100022265";"161Â 842";"A01";"2";"7";"0";"2";"2";"8";"1";""
"202100022266";"161Â 838";"B01";"1";"7";"0";"2";"6";"23";"1";""
"202100022266";"161Â 839";"A01";"1";"7";"0";"2";"1";"1";"1";""
"202100022266";"161Â 840";"C01";"1";"7";"7";"2";"1";"23";"1";""
"202100022267";"161Â 836";"A01";"2";"7";"0";"2";"1";"15";"1";""
"202100022267";"161Â 837";"B01";"1";"2";"0";"2";"1";"9";"3";""
"202100022268";"161Â 834";"A01";"3";"7";"0";"2";"3";"15";"1";""
"202100022268";"161Â 835";"B01";"3";"33";"0";"2";"8";"1";"1";""
"202100022269";"161Â 832";"A01";"3";"33";"0";"2";"2";"1";"1";""
"202100022269";"161Â 833";"B01";"3";"7";"0";"2";"3";"11";"1";""
"202100022270";"161Â 830";"A01";"0";"7";"0";"2";"1";"1";"1";""
"202100022270";"161Â 831";"B01";"0";"1";"0";"2";"8";"1";"5";""
"202100022271";"161Â 828";"B01";"1";"7";"0";"0";"4";"23";"1";""
"202100022271";"161Â 829";"A01";"1";"7";"0";"2";"2";"1";"1";""
"202100022272";"161Â 826";"A01";"1";"7";"0";"2";"2";"1";"1";""
"202100022272";"161Â 827";"B01";"3";"7";"0";"2";"3";"1";"1";""
"202100022273";"161Â 824";"B01";"1";"33";"0";"2";"3";"0";"1";""
"202100022273";"161Â 825";"A01";"2";"7";"0";"2";"1";"1";"1";""
"202100022274";"161Â 821";"C01";"2";"7";"0";"2";"8";"0";"1";""
"202100022274";"161Â 822";"B01";"2";"7";"0";"2";"1";"0";"1";""
"202100022274";"161Â 823";"A01";"1";"7";"0";"2";"1";"13";"1";""
"202100022275";"161Â 820";"A01";"3";"7";"0";"1";"8";"1";"1";""
"202100022276";"161Â 817";"A01";"1";"10";"0";"2";"1";"17";"1";""
"202100022276";"161Â 818";"B01";"2";"10";"0";"2";"3";"1";"1";""
"202100022276";"161Â 819";"C01";"1";"7";"0";"2";"1";"2";"1";""
"202100022277";"161Â 815";"A01";"3";"10";"0";"2";"1";"15";"1";""
"202100022277";"161Â 816";"B01";"1";"31";"0";"2";"1";"16";"1";""
"202100022278";"161Â 812";"A01";"1";"7";"0";"2";"3";"26";"1";""
"202100022278";"161Â 813";"B01";"2";"10";"0";"2";"3";"15";"1";""
"202100022278";"161Â 814";"C01";"1";"7";"0";"2";"3";"11";"1";""
"202100022279";"161Â 810";"B01";"1";"32";"0";"2";"1";"1";"1";""
"202100022279";"161Â 811";"A01";"1";"7";"0";"2";"6";"10";"1";""
"202100022280";"161Â 808";"B01";"2";"7";"0";"1";"3";"1";"1";""
"202100022280";"161Â 809";"A01";"1";"7";"0";"1";"1";"1";"1";""
"202100022281";"161Â 806";"B01";"2";"7";"0";"2";"1";"1";"1";""
"202100022281";"161Â 807";"A01";"2";"7";"0";"2";"1";"13";"1";""
"202100022282";"161Â 804";"B01";"3";"7";"0";"2";"0";"0";"1";""
"202100022282";"161Â 805";"A01";"3";"33";"0";"2";"0";"0";"1";""
"202100022283";"161Â 802";"A01";"0";"10";"0";"2";"3";"1";"1";""
"202100022283";"161Â 803";"B01";"0";"7";"0";"2";"3";"5";"1";""
"202100022284";"161Â 800";"B01";"0";"7";"0";"2";"3";"0";"1";""
"202100022284";"161Â 801";"A01";"0";"32";"0";"2";"0";"0";"1";""
"202100022285";"161Â 798";"B01";"3";"41";"0";"2";"8";"1";"3";""
"202100022285";"161Â 799";"A01";"3";"7";"0";"2";"7";"17";"0";""
"202100022286";"161Â 796";"A01";"1";"7";"0";"2";"8";"15";"1";""
"202100022286";"161Â 797";"B01";"1";"33";"0";"2";"1";"1";"1";""
"202100022287";"161Â 795";"A01";"2";"1";"0";"0";"1";"1";"5";""
"202100022288";"161Â 794";"A01";"3";"33";"0";"1";"1";"1";"1";""
"202100022289";"161Â 792";"B01";"3";"32";"0";"2";"1";"2";"1";""
"202100022289";"161Â 793";"A01";"3";"7";"14";"2";"8";"9";"1";""
"202100022290";"161Â 790";"B01";"3";"7";"0";"2";"4";"1";"1";""
"202100022290";"161Â 791";"A01";"3";"7";"0";"2";"1";"1";"1";""
"202100022291";"161Â 788";"A01";"2";"30";"0";"2";"1";"2";"1";""
"202100022291";"161Â 789";"B01";"2";"7";"0";"2";"5";"23";"1";""
"202100022292";"161Â 786";"A01";"2";"10";"0";"2";"2";"12";"1";""
"202100022292";"161Â 787";"B01";"2";"7";"3";"2";"6";"7";"2";""
"202100022293";"161Â 784";"A01";"1";"7";"0";"2";"3";"16";"1";""
"202100022293";"161Â 785";"C01";"0";"50";"0";"2";"8";"1";"3";""
"202100022294";"161Â 782";"A01";"1";"7";"0";"2";"3";"20";"1";""
"202100022294";"161Â 783";"Z01";"1";"30";"0";"0";"1";"1";"1";""
"202100022295";"161Â 781";"A01";"2";"7";"0";"1";"1";"1";"2";""
"202100022296";"161Â 780";"A01";"2";"10";"0";"1";"6";"20";"1";""
"202100022297";"161Â 777";"A01";"0";"30";"0";"2";"3";"2";"1";""
"202100022297";"161Â 778";"Y01";"0";"10";"0";"0";"5";"23";"1";""
"202100022298";"161Â 775";"B01";"2";"33";"0";"2";"1";"1";"1";""
"202100022298";"161Â 776";"A01";"2";"7";"0";"2";"3";"10";"1";""
"202100022299";"161Â 773";"B01";"1";"1";"0";"2";"1";"1";"5";""
"202100022299";"161Â 774";"A01";"1";"7";"0";"2";"7";"22";"1";""
"202100022300";"161Â 772";"A01";"1";"7";"0";"1";"1";"1";"1";""
"202100022301";"161Â 771";"A01";"1";"10";"0";"1";"8";"1";"1";""
"202100022302";"161Â 770";"A01";"1";"50";"8";"0";"1";"25";"3";""
"202100022303";"161Â 768";"A01";"1";"1";"0";"9";"8";"1";"5";""
"202100022303";"161Â 769";"Z01";"2";"1";"0";"2";"8";"5";"5";""
"202100022304";"161Â 766";"B01";"2";"14";"0";"2";"1";"2";"1";""
"202100022304";"161Â 767";"A01";"2";"7";"0";"2";"4";"23";"2";""
"202100022305";"161Â 764";"B01";"2";"34";"0";"2";"3";"1";"1";""
"202100022305";"161Â 765";"A01";"1";"7";"0";"2";"2";"10";"2";""
"202100022306";"161Â 762";"B01";"1";"7";"0";"2";"3";"1";"1";""
"202100022306";"161Â 763";"A01";"3";"1";"0";"2";"1";"15";"0";""
"202100022307";"161Â 761";"A01";"1";"50";"0";"0";"0";"25";"3";""
"202100022308";"161Â 759";"B01";"2";"33";"0";"2";"4";"1";"1";""
"202100022308";"161Â 760";"A01";"2";"7";"0";"2";"1";"1";"1";""
"202100022309";"161Â 758";"A01";"1";"7";"0";"1";"8";"1";"1";""
"202100022310";"161Â 756";"B01";"0";"7";"0";"2";"8";"15";"1";""
"202100022310";"161Â 757";"A01";"1";"99";"0";"2";"1";"1";"1";""
"202100022311";"161Â 754";"A01";"1";"7";"0";"2";"2";"1";"1";""
"202100022311";"161Â 755";"B01";"1";"30";"0";"2";"8";"15";"1";""
"202100022312";"161Â 752";"A01";"1";"7";"0";"2";"1";"15";"1";""
"202100022312";"161Â 753";"B01";"2";"33";"0";"2";"1";"1";"1";""
"202100022313";"161Â 751";"A01";"1";"20";"0";"0";"0";"19";"1";""
"202100022314";"161Â 749";"B01";"1";"37";"0";"2";"3";"1";"1";"4"
"202100022314";"161Â 750";"A01";"2";"7";"0";"2";"1";"13";"2";""
"202100022315";"161Â 747";"B01";"1";"1";"0";"2";"8";"15";"5";""
"202100022315";"161Â 748";"A01";"1";"34";"0";"2";"1";"26";"1";""
"202100022316";"161Â 745";"A01";"3";"33";"0";"2";"1";"3";"1";""
"202100022316";"161Â 746";"B01";"3";"7";"0";"2";"4";"1";"1";""
"202100022317";"161Â 743";"A01";"2";"7";"0";"2";"1";"1";"1";""
"202100022317";"161Â 744";"B01";"1";"1";"0";"2";"8";"19";"5";""
"202100022318";"161Â 742";"A01";"1";"7";"8";"0";"1";"13";"1";""
"202100022319";"161Â 740";"A01";"0";"7";"0";"2";"8";"22";"1";""
"202100022319";"161Â 741";"B01";"0";"2";"1";"0";"0";"1";"1";""
"202100022320";"161Â 738";"B01";"1";"33";"0";"2";"7";"1";"1";""
"202100022320";"161Â 739";"A01";"2";"7";"0";"2";"5";"15";"1";""
"202100022321";"161Â 736";"A01";"1";"7";"0";"2";"1";"17";"1";""
"202100022321";"161Â 737";"B01";"1";"1";"0";"2";"8";"13";"5";""
"202100022322";"161Â 735";"A01";"1";"7";"13";"0";"3";"16";"1";""
"202100022323";"161Â 733";"B01";"3";"1";"0";"0";"2";"26";"5";""
"202100022323";"161Â 734";"A01";"2";"7";"0";"0";"3";"9";"1";""
"202100022324";"161Â 731";"A01";"2";"7";"0";"2";"1";"2";"1";""
"202100022324";"161Â 732";"B01";"2";"33";"0";"2";"3";"10";"1";""
"202100022325";"161Â 729";"B01";"2";"33";"8";"2";"3";"1";"1";""
"202100022325";"161Â 730";"A01";"1";"7";"0";"2";"3";"15";"1";""
"202100022326";"161Â 727";"A01";"1";"7";"5";"9";"2";"26";"1";""
"202100022327";"161Â 726";"A01";"2";"7";"13";"0";"7";"13";"1";""
"202100022328";"161Â 725";"A01";"1";"33";"13";"0";"0";"15";"1";""
"202100022329";"161Â 724";"A01";"0";"7";"0";"0";"1";"13";"1";""
"202100022330";"161Â 722";"B01";"2";"1";"0";"2";"8";"1";"5";""
"202100022330";"161Â 723";"A01";"2";"7";"0";"2";"7";"2";"3";""
"202100022331";"161Â 719";"C01";"1";"7";"0";"2";"8";"1";"1";""
"202100022331";"161Â 720";"B01";"1";"7";"5";"2";"3";"0";"1";""
"202100022331";"161Â 721";"A01";"2";"7";"0";"2";"3";"0";"1";""
"202100022332";"161Â 718";"A01";"1";"10";"0";"1";"2";"1";"1";""
"202100022333";"161Â 717";"A01";"2";"7";"13";"0";"3";"1";"1";""
"202100022334";"161Â 715";"A01";"2";"7";"0";"9";"1";"9";"2";""
"202100022334";"161Â 716";"B01";"2";"1";"0";"0";"7";"2";"5";""
"202100022335";"161Â 714";"A01";"2";"7";"2";"0";"2";"1";"1";""
"202100022336";"161Â 713";"A01";"2";"7";"2";"0";"9";"14";"1";""
"202100022337";"161Â 711";"B01";"1";"7";"0";"2";"3";"13";"1";""
"202100022337";"161Â 712";"A01";"2";"7";"0";"2";"1";"2";"1";""
"202100022338";"161Â 710";"A01";"2";"2";"8";"0";"1";"1";"1";""
"202100022339";"161Â 709";"A01";"1";"33";"2";"0";"0";"1";"1";""
"202100022340";"161Â 708";"A01";"1";"7";"0";"1";"3";"1";"1";""
"202100022341";"161Â 707";"A01";"1";"7";"0";"0";"0";"1";"1";""
"202100022342";"161Â 705";"A01";"1";"7";"0";"2";"1";"1";"1";""
"202100022342";"161Â 706";"B01";"1";"7";"0";"2";"1";"0";"1";""
"202100022343";"161Â 704";"A01";"2";"7";"6";"0";"0";"0";"1";""
"202100022344";"161Â 703";"A01";"2";"33";"12";"0";"1";"1";"1";""
"202100022345";"161Â 702";"A01";"2";"7";"3";"0";"8";"26";"1";""
"202100022346";"161Â 701";"A01";"3";"34";"0";"0";"0";"1";"1";""
"202100022347";"161Â 699";"B01";"2";"7";"0";"2";"3";"1";"1";""
"202100022347";"161Â 700";"A01";"1";"7";"0";"2";"3";"1";"1";""
"202100022348";"161Â 698";"A01";"1";"7";"14";"0";"3";"1";"1";""
"202100022349";"161Â 696";"A01";"2";"10";"0";"2";"1";"19";"1";""
"202100022349";"161Â 697";"B01";"2";"33";"0";"0";"7";"1";"1";""
"202100022350";"161Â 694";"A01";"2";"7";"0";"2";"1";"17";"1";""
"202100022350";"161Â 695";"B01";"1";"1";"0";"2";"1";"1";"5";""
"202100022351";"161Â 693";"A01";"0";"7";"0";"0";"1";"1";"1";""
"202100022352";"161Â 692";"A01";"2";"33";"13";"0";"1";"1";"1";""
"202100022353";"161Â 691";"A01";"2";"32";"7";"0";"1";"2";"1";""
"202100022354";"161Â 690";"A01";"3";"7";"0";"0";"0";"1";"0";""
"202100022355";"161Â 688";"A01";"1";"7";"0";"2";"1";"1";"1";""
"202100022355";"161Â 689";"B01";"2";"7";"0";"2";"1";"13";"1";""
"202100022356";"161Â 683";"A01";"1";"17";"0";"2";"2";"17";"1";""
"202100022356";"161Â 684";"B01";"1";"17";"0";"2";"6";"1";"1";""
"202100022356";"161Â 685";"C01";"2";"7";"0";"2";"8";"1";"1";""
"202100022356";"161Â 686";"D01";"1";"7";"0";"2";"2";"1";"1";""
"202100022356";"161Â 687";"E01";"2";"7";"0";"0";"0";"1";"1";""
"202100022357";"161Â 682";"A01";"1";"7";"13";"0";"1";"1";"1";""
"202100022358";"161Â 681";"A01";"0";"7";"0";"1";"1";"1";"0";""
"202100022359";"161Â 680";"A01";"3";"7";"15";"0";"1";"0";"1";""
"202100022360";"161Â 679";"A01";"1";"33";"0";"0";"7";"1";"1";""
"202100022361";"161Â 678";"A01";"1";"21";"0";"0";"0";"1";"1";""
"202100022362";"161Â 676";"A01";"3";"7";"0";"2";"1";"15";"1";""
"202100022362";"161Â 677";"B01";"1";"33";"10";"2";"7";"21";"1";""
"202100022363";"161Â 674";"B01";"3";"2";"0";"2";"1";"13";"1";""
"202100022363";"161Â 675";"A01";"3";"7";"0";"0";"5";"1";"1";""
"202100022364";"161Â 671";"B01";"2";"7";"0";"2";"2";"1";"2";""
"202100022364";"161Â 672";"C01";"2";"7";"0";"2";"8";"1";"1";""
"202100022364";"161Â 673";"A01";"1";"7";"0";"2";"1";"13";"1";""
"202100022365";"161Â 670";"A01";"1";"7";"2";"0";"7";"0";"1";""
"202100022366";"161Â 668";"B01";"2";"33";"0";"0";"8";"1";"1";""
"202100022366";"161Â 669";"A01";"2";"7";"0";"2";"5";"14";"1";""
"202100022367";"161Â 667";"A01";"1";"33";"4";"0";"3";"1";"1";""
"202100022368";"161Â 665";"B01";"1";"38";"0";"2";"3";"1";"1";"3"
"202100022368";"161Â 666";"A01";"2";"7";"0";"2";"3";"13";"1";""
"202100022369";"161Â 664";"A01";"1";"7";"8";"0";"1";"13";"1";""
"202100022370";"161Â 663";"A01";"2";"33";"0";"1";"1";"1";"1";""
"202100022371";"161Â 660";"C01";"2";"1";"0";"0";"4";"2";"5";""
"202100022371";"161Â 661";"A01";"2";"10";"0";"0";"2";"1";"1";""
"202100022371";"161Â 662";"B01";"2";"1";"0";"0";"4";"2";"5";""
"202100022372";"161Â 658";"B01";"1";"32";"0";"2";"1";"18";"1";""
"202100022372";"161Â 659";"A01";"1";"7";"0";"2";"2";"16";"1";""
"202100022373";"161Â 656";"B01";"1";"7";"0";"2";"1";"0";"0";""
"202100022373";"161Â 657";"A01";"1";"2";"0";"2";"0";"0";"0";""
"202100022374";"161Â 654";"A01";"1";"7";"0";"0";"4";"23";"1";""
"202100022374";"161Â 655";"B01";"1";"7";"14";"2";"1";"1";"1";""
"202100022375";"161Â 653";"A01";"1";"33";"0";"0";"7";"1";"1";""
"202100022376";"161Â 651";"B01";"2";"7";"0";"2";"1";"2";"1";""
"202100022376";"161Â 652";"A01";"0";"7";"0";"2";"8";"2";"1";""
"202100022377";"161Â 650";"A01";"2";"33";"16";"0";"0";"1";"1";""
"202100022378";"161Â 649";"A01";"3";"33";"13";"0";"1";"0";"1";""
"202100022379";"161Â 647";"B01";"1";"7";"0";"2";"1";"1";"1";""
"202100022379";"161Â 648";"A01";"2";"2";"0";"2";"1";"17";"1";""
"202100022380";"161Â 645";"B01";"2";"33";"0";"2";"1";"1";"1";""