"Num_Acc";"id_vehicule";"num_veh";"senc";"catv";"obs";"obsm";"choc";"manv";"motor";"occutc"
"202100022380";"161Â 646";"A01";"3";"7";"0";"2";"8";"19";"1";""
"202100022381";"161Â 643";"B01";"1";"7";"0";"0";"2";"1";"1";""
"202100022381";"161Â 644";"A01";"1";"2";"0";"2";"1";"19";"1";""
"202100022382";"161Â 641";"A01";"1";"32";"0";"2";"1";"2";"1";""
"202100022382";"161Â 642";"B01";"1";"7";"0";"0";"4";"2";"1";""
"202100022383";"161Â 639";"B01";"2";"33";"0";"2";"1";"1";"1";""
"202100022383";"161Â 640";"A01";"1";"7";"0";"2";"2";"15";"1";""
"202100022384";"161Â 637";"B01";"1";"7";"0";"0";"3";"1";"1";""
"202100022384";"161Â 638";"A01";"2";"7";"0";"0";"1";"11";"1";""
"202100022385";"161Â 636";"A01";"2";"7";"0";"0";"0";"26";"1";""
"202100022386";"161Â 635";"A01";"1";"7";"13";"0";"9";"1";"1";""
"202100022387";"161Â 634";"A01";"1";"7";"3";"0";"7";"1";"1";""
"202100022388";"161Â 633";"A01";"1";"7";"0";"1";"2";"16";"1";""
"202100022389";"161Â 631";"B01";"1";"7";"0";"2";"4";"0";"1";""
"202100022389";"161Â 632";"A01";"1";"7";"0";"2";"1";"2";"1";""
"202100022390";"161Â 630";"A01";"3";"7";"14";"0";"9";"26";"1";""
"202100022391";"161Â 628";"A01";"2";"7";"0";"2";"1";"2";"1";""
"202100022391";"161Â 629";"B01";"2";"7";"0";"2";"4";"2";"1";""
"202100022392";"161Â 626";"A01";"2";"7";"0";"2";"1";"26";"1";""
"202100022392";"161Â 627";"B01";"2";"7";"0";"2";"4";"26";"1";""
"202100022393";"161Â 625";"A01";"2";"33";"3";"0";"0";"1";"1";""
"202100022394";"161Â 622";"A01";"1";"13";"0";"2";"1";"1";"1";""
"202100022394";"161Â 623";"B01";"1";"7";"0";"2";"7";"1";"1";""
"202100022394";"161Â 624";"C01";"1";"14";"0";"2";"4";"1";"1";""
"202100022395";"161Â 619";"C01";"1";"7";"0";"2";"7";"1";"1";""
"202100022395";"161Â 620";"B01";"1";"7";"0";"2";"1";"3";"1";""
"202100022395";"161Â 621";"A01";"1";"31";"0";"2";"1";"3";"1";""
"202100022396";"161Â 617";"A01";"1";"10";"0";"2";"1";"1";"1";""
"202100022396";"161Â 618";"B01";"1";"10";"0";"2";"4";"1";"1";""
"202100022397";"161Â 613";"B01";"2";"7";"0";"2";"3";"15";"1";""
"202100022397";"161Â 614";"A01";"2";"1";"0";"2";"2";"17";"5";""
"202100022398";"161Â 611";"A01";"1";"7";"0";"2";"3";"1";"1";""
"202100022398";"161Â 612";"B01";"1";"30";"0";"2";"1";"17";"1";""
"202100022399";"161Â 609";"B01";"1";"7";"0";"2";"3";"0";"1";""
"202100022399";"161Â 610";"A01";"2";"30";"0";"2";" -1";"19";"0";""
"202100022400";"161Â 607";"A01";"2";"7";"0";"2";"3";"15";"1";""
"202100022400";"161Â 608";"B01";"2";"33";"0";"2";"1";"1";"1";""
"202100022401";"161Â 605";"A01";"1";"10";"0";"2";"2";"16";"1";""
"202100022401";"161Â 606";"B01";"1";"33";"0";"2";"3";"1";"1";""
"202100022402";"161Â 601";"B01";"1";"7";"1";"2";"4";"0";"1";""
"202100022402";"161Â 602";"A01";"1";"7";"1";"2";"1";"14";"1";""
"202100022403";"161Â 599";"A01";"2";"7";"0";"2";"3";"11";"1";""
"202100022403";"161Â 600";"B01";"2";"7";"0";"2";"5";"23";"1";""
"202100022404";"161Â 597";"A01";"3";"7";"0";"2";"3";"15";"1";""
"202100022404";"161Â 598";"B01";"3";"33";"0";"2";"9";"1";"1";""
"202100022405";"161Â 595";"B01";"3";"7";"0";"2";"1";"1";"1";""
"202100022405";"161Â 596";"A01";"3";"7";"0";"2";"7";"15";"1";""
"202100022406";"161Â 594";"A01";"3";"7";"14";"0";"3";"14";"1";""
"202100022407";"161Â 592";"A01";"1";"30";"1";"0";"1";"1";"1";""
"202100022407";"161Â 593";"B01";"1";"7";"0";"2";"4";"23";"1";""
"202100022408";"161Â 590";"B01";"3";"33";"0";"2";"1";"1";"1";""
"202100022408";"161Â 591";"A01";"3";"7";"0";"2";"3";"19";"1";""
"202100022409";"161Â 587";"A01";"2";"7";"0";"1";"1";"15";"1";""
"202100022410";"161Â 586";"A01";"0";"30";"8";"0";"0";"1";"1";""
"202100022411";"161Â 583";"B01";"0";"7";"0";"2";"8";"1";"1";""
"202100022411";"161Â 584";"C01";"0";"7";"0";"2";"8";"1";"1";""
"202100022411";"161Â 585";"A01";"0";"7";"0";"2";"1";"1";"1";""
"202100022412";"161Â 579";"B01";"2";"7";"0";"2";"4";"1";"1";""
"202100022412";"161Â 580";"A01";"2";"7";"0";"2";"1";"2";"0";""
"202100022413";"161Â 577";"A01";"0";"7";"0";"2";"2";"15";"1";""
"202100022413";"161Â 578";"B01";"0";"33";"0";"2";"1";"1";"1";""
"202100022414";"161Â 575";"B01";"0";"7";"0";"2";"8";"0";"1";""
"202100022414";"161Â 576";"A01";"0";"7";"0";"2";"1";"1";"1";""
"202100022415";"161Â 573";"B01";"1";"7";"0";"2";"3";"0";"1";""
"202100022415";"161Â 574";"A01";"0";"10";"0";"2";"4";"1";"1";""
"202100022416";"161Â 570";"A01";"1";"10";"0";"2";"2";"26";"1";""
"202100022416";"161Â 571";"B01";"2";"1";"0";"2";"0";"1";"5";""
"202100022417";"161Â 568";"A01";"1";"7";"0";"2";"4";"23";"1";""
"202100022417";"161Â 569";"B01";"1";"7";"0";"2";"1";"2";"1";""
"202100022418";"161Â 566";"B01";"2";"7";"0";"2";"2";"16";"1";""
"202100022418";"161Â 567";"A01";"1";"50";"0";"2";"1";"25";"3";""
"202100022419";"161Â 564";"B01";"2";"7";"14";"2";"7";"16";"1";""
"202100022419";"161Â 565";"A01";"2";"7";"1";"2";"1";"1";"1";""
"202100022420";"161Â 562";"B01";"2";"1";"0";"2";"7";"1";"5";""
"202100022420";"161Â 563";"A01";"1";"7";"0";"2";"1";"15";"1";""
"202100022421";"161Â 561";"A01";"2";"10";"15";"0";"1";"14";"1";""
"202100022422";"161Â 560";"A01";"1";"31";"0";"0";"0";"26";"1";""
"202100022423";"161Â 558";"B01";"1";"7";"0";"2";"8";"15";"1";""
"202100022423";"161Â 559";"A01";"1";"30";"0";"2";"1";"17";"1";""
"202100022424";"161Â 555";"C01";"2";"7";"0";"2";"4";"23";"1";""
"202100022424";"161Â 556";"B01";"2";"7";"0";"2";"4";"23";"1";""
"202100022424";"161Â 557";"A01";"2";"7";"0";"2";"1";"1";"1";""
"202100022425";"161Â 553";"A01";"2";"60";"0";"2";"1";"1";"5";""
"202100022425";"161Â 554";"B01";"3";"7";"0";"2";"1";"19";"1";""
"202100022426";"161Â 551";"B01";"1";"33";"0";"2";"1";"1";"1";""
"202100022426";"161Â 552";"A01";"1";"7";"0";"2";"3";"19";"1";""
"202100022427";"161Â 549";"B01";"1";"31";"0";"2";"1";"2";"1";""
"202100022427";"161Â 550";"A01";"1";"7";"0";"2";"4";"23";"1";""
"202100022428";"161Â 548";"A01";"1";"7";"0";"1";"1";"16";"1";""
"202100022429";"161Â 547";"A01";"1";"33";"0";"5";"1";"1";"1";""
"202100022430";"161Â 545";"A01";"1";"7";"0";"2";"3";"1";"1";""
"202100022430";"161Â 546";"B01";"2";"7";"0";"2";"3";"19";"1";""
"202100022431";"161Â 543";"B01";"1";"30";"0";"2";"3";"1";"1";""
"202100022431";"161Â 544";"A01";"1";"7";"0";"2";"2";"16";"1";""
"202100022432";"161Â 541";"B01";"2";"7";"0";"2";"2";"14";"1";""
"202100022432";"161Â 542";"A01";"1";"30";"0";"2";"6";"9";"1";""
"202100022433";"161Â 539";"B01";"3";"7";"0";"9";"2";"9";"1";""
"202100022433";"161Â 540";"A01";"3";"50";"0";"2";"1";"5";"3";""
"202100022434";"161Â 538";"A01";"1";"7";"0";"1";"2";"26";"1";""
"202100022435";"161Â 537";"A01";"1";"2";"0";"0";"7";"26";"1";""
"202100022436";"161Â 536";"A01";"2";"7";"0";"1";"5";"26";"1";""
"202100022437";"161Â 533";"C01";"2";"7";"0";"2";"4";"2";"1";""
"202100022437";"161Â 534";"B01";"2";"7";"0";"2";"4";"2";"1";""
"202100022437";"161Â 535";"A01";"2";"7";"0";"2";"1";"2";"1";""
"202100022438";"161Â 530";"C01";"2";"7";"0";"2";"4";"2";"1";""
"202100022438";"161Â 531";"B01";"2";"7";"0";"2";"4";"2";"1";""
"202100022438";"161Â 532";"A01";"2";"15";"0";"2";"1";"2";"1";""
"202100022439";"161Â 528";"Z01";"1";"7";"0";"2";"2";"0";"1";""
"202100022439";"161Â 529";"B01";"1";"1";"0";"2";"4";"1";"5";""
"202100022440";"161Â 527";"A01";"3";"7";"2";"0";"8";"13";"1";""
"202100022441";"161Â 524";"A01";"1";"7";"0";"2";"8";"24";"1";""
"202100022441";"161Â 525";"B01";"1";"1";"1";"0";"1";"1";"5";""
"202100022442";"161Â 522";"A01";"1";"7";"0";"2";"1";"2";"1";""
"202100022442";"161Â 523";"B01";"1";"7";"0";"2";"4";"1";"1";""
"202100022443";"161Â 520";"A01";"0";"7";"0";"2";"5";"16";"1";""
"202100022443";"161Â 521";"B01";"3";"7";"4";"2";"1";"12";"1";""
"202100022444";"161Â 518";"Z01";"0";"7";"0";"0";"0";"0";"0";""
"202100022444";"161Â 519";"B01";"2";"31";"0";"2";"2";"0";"0";""
"202100022445";"161Â 516";"B01";"1";"30";"0";"2";"1";"1";"1";""
"202100022445";"161Â 517";"Z01";"2";"7";"0";"2";"0";"15";"1";""
"202100022446";"161Â 514";"B01";"2";"7";"0";"2";"1";"1";"1";""
"202100022446";"161Â 515";"A01";"1";"33";"0";"2";"1";"1";"1";""
"202100022447";"161Â 513";"A01";"3";"38";"6";"0";"1";"1";"1";"1"
"202100022448";"161Â 511";"B01";"2";"32";"0";"2";"8";"1";"3";""
"202100022448";"161Â 512";"A01";"2";"7";"0";"2";"4";"15";"1";""
"202100022449";"161Â 510";"A01";"1";"33";"0";"1";"1";"1";"1";""
"202100022450";"161Â 509";"A01";"1";"7";"3";"0";"0";"16";"1";""
"202100022451";"161Â 507";"Z01";"3";"7";"0";"2";"1";"26";"1";""
"202100022451";"161Â 508";"A01";"3";"1";"0";"2";"0";"0";"5";""
"202100022452";"161Â 505";"B01";"1";"33";"0";"0";"0";"0";"0";""
"202100022452";"161Â 506";"A01";"1";"99";"0";"2";"3";"26";"1";""
"202100022453";"161Â 503";"B01";"1";"43";"0";"2";"1";"1";"1";""
"202100022453";"161Â 504";"A01";"1";"7";"0";"2";"5";"15";"1";""
"202100022454";"161Â 502";"AA01";"2";"7";"9";"0";"7";"14";"1";""
"202100022455";"161Â 500";"B01";"3";"50";"0";"2";"1";"1";"3";""
"202100022455";"161Â 501";"A01";"3";"7";"0";"2";"5";"16";"1";""
"202100022456";"161Â 496";"A01";"2";"30";"0";"0";"0";"1";"1";""
"202100022457";"161Â 494";"Z01";"2";"7";"0";"2";"0";"11";"1";""
"202100022457";"161Â 495";"B01";"2";"31";"0";"2";"2";"2";"1";""
"202100022458";"161Â 492";"B01";"0";"7";"0";"0";"0";"0";"1";""
"202100022458";"161Â 493";"A01";"1";"32";"0";"1";"1";"21";"1";""
"202100022459";"161Â 490";"A01";"3";"7";"0";"9";"1";"9";"1";""
"202100022459";"161Â 491";"B01";"2";"1";"0";"0";"0";"0";"5";""
"202100022460";"161Â 488";"A01";"3";"7";"0";"2";"1";"19";"1";""
"202100022460";"161Â 489";"B01";"1";"10";"0";"2";"5";"19";"1";""
"202100022461";"161Â 486";"B01";"3";"37";"0";"2";"7";"19";"1";"1"
"202100022461";"161Â 487";"A01";"2";"32";"0";"2";"1";"1";"1";""
"202100022462";"161Â 485";"A01";"1";"10";"0";"1";"1";"1";"1";""
"202100022463";"161Â 482";"C01";"1";"7";"0";"2";"1";"1";"1";""
"202100022463";"161Â 483";"B01";"1";"7";"0";"2";"1";"1";"1";""
"202100022463";"161Â 484";"A01";"1";"7";"0";"5";"4";"1";"1";""
"202100022464";"161Â 480";"B01";"1";"7";"0";"2";"4";"2";"1";""
"202100022464";"161Â 481";"A01";"1";"7";"0";"2";"1";"2";"1";""
"202100022465";"161Â 478";"B01";"2";"33";"2";"2";"1";"17";"1";""
"202100022465";"161Â 479";"A01";"2";"1";"0";"2";"8";"15";"6";""
"202100022466";"161Â 476";"B01";"2";"7";"0";"2";"8";"26";"1";""
"202100022466";"161Â 477";"A01";"2";"7";"0";"2";"7";"26";"1";""
"202100022467";"161Â 474";"B01";"2";"7";"0";"2";"5";"12";"1";""
"202100022467";"161Â 475";"A01";"2";"43";"0";"2";"1";"3";"1";""
"202100022468";"161Â 472";"A01";"1";"7";"0";"2";"2";"12";"1";""
"202100022468";"161Â 473";"B01";"1";"31";"5";"2";"6";"1";"1";""
"202100022469";"161Â 469";"A01";"2";"10";"0";"2";"3";"2";"1";""
"202100022469";"161Â 470";"C01";"2";"32";"0";"2";"1";"2";"1";""
"202100022469";"161Â 471";"B01";"2";"7";"0";"2";"5";"2";"1";""
"202100022470";"161Â 467";"B01";"2";"7";"0";"2";"4";"2";"1";""
"202100022470";"161Â 468";"A01";"2";"7";"0";"2";"1";"2";"1";""
"202100022471";"161Â 465";"B01";"2";"31";"0";"2";"5";"1";"1";""
"202100022471";"161Â 466";"A01";"1";"43";"0";"2";"1";"1";"1";""
"202100022472";"161Â 464";"A01";"1";"50";"14";"0";"1";"13";"3";""
"202100022473";"161Â 463";"A01";"2";"1";"0";"1";"3";"1";"5";""
"202100022474";"161Â 461";"B01";"2";"33";"0";"2";"2";"1";"1";""
"202100022474";"161Â 462";"A01";"2";"7";"0";"2";"6";"15";"1";""
"202100022475";"161Â 460";"A01";"1";"30";"0";"0";"8";"26";"1";""
"202100022476";"161Â 458";"B01";"1";"1";"0";"2";"1";"1";"5";""
"202100022476";"161Â 459";"A01";"1";"15";"0";"2";"7";"16";"1";""
"202100022477";"161Â 456";"A01";"1";"7";"0";"2";"2";"11";"1";""
"202100022477";"161Â 457";"B01";"2";"10";"0";"2";"1";"1";"1";""
"202100022478";"161Â 453";"C01";"2";"7";"0";"2";"0";"1";"1";""
"202100022478";"161Â 454";"B01";"2";"7";"0";"2";"1";"1";"1";""
"202100022478";"161Â 455";"A01";"1";"30";"0";"2";"8";"3";"1";""
"202100022479";"161Â 452";"A01";"3";"7";"8";"0";"1";"0";"1";""
"202100022480";"161Â 450";"A01";"1";"2";"0";"2";"4";"2";"3";""
"202100022480";"161Â 451";"Z01";"1";"10";"0";"2";"1";"2";"1";""
"202100022481";"161Â 448";"A01";"1";"7";"1";"0";"0";"0";"0";""
"202100022481";"161Â 449";"B01";"1";"1";"1";"0";"0";"0";"0";""
"202100022482";"161Â 446";"B01";"3";"13";"0";"2";"0";"0";"1";""
"202100022482";"161Â 447";"A01";"3";"7";"1";"2";"0";"9";"1";""
"202100022483";"161Â 444";"A01";"2";"33";"0";"2";"1";"15";"1";""
"202100022483";"161Â 445";"B01";"0";"7";"0";"2";"3";"15";"1";""
"202100022484";"161Â 441";"A01";"3";"10";"1";"0";"1";"1";"1";""
"202100022485";"161Â 439";"A01";"1";"7";"0";"2";"1";"15";"1";""
"202100022485";"161Â 440";"B01";"1";"30";"0";"2";"1";"1";"1";""
"202100022486";"161Â 437";"B01";"2";"1";"0";"2";"8";"1";"5";""
"202100022486";"161Â 438";"A01";"2";"10";"0";"2";"2";"17";"1";""
"202100022487";"161Â 435";"B01";"2";"15";"0";"2";"2";"1";"0";""
"202100022487";"161Â 436";"A01";"2";"7";"0";"2";"6";"11";"1";""
"202100022488";"161Â 432";"A01";"2";"7";"8";"2";"1";"17";"1";""
"202100022488";"161Â 433";"B01";"2";"3";"0";"2";"3";"15";"1";""
"202100022489";"161Â 431";"A01";"3";"31";"8";"0";"7";"1";"1";""
"202100022490";"161Â 429";"A01";"1";"7";"5";"2";"6";"1";"1";""
"202100022490";"161Â 430";"B01";"1";"7";"0";"2";"2";"1";"1";""
"202100022491";"161Â 428";"A01";"1";"7";"4";"0";"1";"1";"1";""
"202100022492";"161Â 426";"B01";"1";"33";"0";"2";"1";"17";"1";""
"202100022492";"161Â 427";"A01";"1";"7";"0";"2";"6";"15";"1";""
"202100022493";"161Â 425";"A01";"1";"7";"5";"0";"1";"14";"1";""
"202100022494";"161Â 423";"A01";"2";"7";"0";"2";"7";"15";"1";""
"202100022494";"161Â 424";"B01";"1";"33";"0";"2";"1";"1";"1";""
"202100022495";"161Â 421";"B01";"1";"7";"0";"0";"6";"26";"1";""
"202100022495";"161Â 422";"A01";"1";"7";"0";"2";"2";"13";"1";""
"202100022496";"161Â 419";"A01";"2";"7";"0";"2";"3";"15";"1";""
"202100022496";"161Â 420";"B01";"2";"33";"0";"2";"2";"17";"1";""
"202100022497";"161Â 416";"C01";"1";"7";"0";"9";"2";"26";"1";""
"202100022497";"161Â 417";"B01";"1";"1";"0";"2";"3";"1";"5";""
"202100022497";"161Â 418";"A01";"1";"7";"0";"2";"2";"15";"1";""
"202100022498";"161Â 414";"B01";"1";"7";"0";"2";"3";"15";"1";""
"202100022498";"161Â 415";"A01";"1";"33";"0";"2";"1";"17";"1";""
"202100022499";"161Â 413";"A01";"1";"7";"13";"0";"1";"1";"1";""
"202100022500";"161Â 411";"B01";"3";"2";"0";"2";"1";"1";"1";""
"202100022500";"161Â 412";"A01";"3";"7";"0";"2";"3";"1";"1";""
"202100022501";"161Â 410";"A01";"2";"7";"2";"0";"3";"0";"1";""
"202100022502";"161Â 407";"C01";"1";"7";"4";"0";"2";"1";"1";""
"202100022502";"161Â 408";"B01";"2";"7";"0";"2";"3";"1";"1";""
"202100022502";"161Â 409";"A01";"1";"33";"0";"2";"1";"17";"1";""
"202100022503";"161Â 405";"B01";"0";"7";"0";"2";"3";"15";"1";""
"202100022503";"161Â 406";"A01";"1";"33";"0";"2";"1";"1";"1";""
"202100022504";"161Â 404";"A01";"1";"33";"0";"0";"0";"1";"1";""
"202100022505";"161Â 403";"A01";"3";"7";"0";"1";"1";"15";"1";""
"202100022506";"161Â 400";"B01";"1";"10";"0";"2";"3";"1";"1";""
"202100022506";"161Â 401";"C01";"2";"15";"0";"2";"6";"1";"1";""
"202100022506";"161Â 402";"A01";"2";"7";"0";"2";"1";"17";"1";""
"202100022507";"161Â 399";"A01";"1";"7";"9";"0";"9";"1";"1";""
"202100022508";"161Â 396";"A01";"1";"7";"0";"2";"8";"9";"1";""
"202100022508";"161Â 397";"B01";"2";"15";"0";"2";"1";"1";"1";""
"202100022509";"161Â 394";"A01";"2";"7";"0";"2";"3";"1";"1";""
"202100022509";"161Â 395";"B01";"1";"33";"0";"2";"1";"13";"1";""
"202100022510";"161Â 392";"A01";"3";"2";"0";"2";"1";"13";"1";""
"202100022510";"161Â 393";"B01";"3";"7";"0";"2";"2";"1";"1";""
"202100022511";"161Â 390";"B01";"2";"33";"0";"2";"2";"1";"1";""
"202100022511";"161Â 391";"A01";"1";"10";"0";"2";"1";"9";"1";""
"202100022512";"161Â 389";"A01";"2";"2";"12";"0";"0";"14";"1";""
"202100022513";"161Â 388";"A01";"3";"36";"12";"0";"1";"1";"1";""
"202100022514";"161Â 387";"A01";"2";"2";"8";"0";"7";"0";"1";""
"202100022515";"161Â 385";"A01";"1";"33";"0";"0";"8";"1";"1";""
"202100022515";"161Â 386";"B01";"2";"7";"0";"2";"1";"1";"1";""
"202100022516";"161Â 383";"B01";"0";"7";"0";"2";"4";"2";"1";""
"202100022516";"161Â 384";"A01";"0";"7";"0";"2";"1";"2";"1";""
"202100022517";"161Â 381";"A01";"1";"1";"0";"0";"4";"2";"5";""
"202100022517";"161Â 382";"B01";"1";"1";"0";"2";"1";"2";"5";""
"202100022518";"161Â 379";"A01";"2";"33";"0";"2";"1";"1";"1";""
"202100022518";"161Â 380";"B01";"2";"7";"0";"2";"2";"15";"1";""
"202100022519";"161Â 377";"B01";"2";"33";"0";"2";"1";"1";"1";""
"202100022519";"161Â 378";"A01";"1";"7";"0";"2";"7";"15";"1";""
"202100022520";"161Â 375";"A01";"2";"7";"0";"1";"2";"1";"1";""
"202100022520";"161Â 376";"B01";"1";"80";"0";"2";"1";"24";"3";""
"202100022521";"161Â 374";"A01";"3";"3";"6";"0";"1";"0";"1";""
"202100022522";"161Â 372";"B01";"1";"7";"0";"2";"7";"19";"1";""
"202100022522";"161Â 373";"A01";"2";"33";"0";"2";"1";"1";"1";""
"202100022523";"161Â 370";"B01";"1";"7";"0";"2";"1";"26";"1";""
"202100022523";"161Â 371";"A01";"2";"7";"0";"0";"2";"1";"1";""
"202100022524";"161Â 368";"B01";"2";"1";"0";"2";"3";"1";"5";""
"202100022524";"161Â 369";"A01";"2";"13";"0";"2";"5";"17";"0";""
"202100022525";"161Â 367";"A01";"2";"33";"13";"0";"1";"1";"1";""
"202100022526";"161Â 366";"A01";"1";"30";"13";"0";"7";"1";"1";""
"202100022527";"161Â 364";"A01";"3";"14";"0";"2";"3";"1";"1";""
"202100022527";"161Â 365";"B01";"3";"1";"0";"2";"8";"15";"5";""
"202100022528";"161Â 361";"C01";"2";"1";"0";"2";"1";"1";"5";""
"202100022528";"161Â 362";"B01";"2";"50";"0";"2";"1";"1";"3";""
"202100022528";"161Â 363";"A01";"1";"2";"0";"2";"1";"1";"1";""
"202100022529";"161Â 359";"A01";"1";"2";"0";"2";"7";"15";"1";""
"202100022529";"161Â 360";"B01";"2";"7";"0";"2";"2";"1";"1";""
"202100022530";"161Â 358";"A01";"0";"33";"0";"6";"1";"1";"1";""
"202100022531";"161Â 356";"B01";"2";"33";"0";"2";"1";"1";"1";""
"202100022531";"161Â 357";"A01";"1";"7";"0";"2";"2";"15";"1";""
"202100022532";"161Â 354";"A01";"2";"1";"0";"2";"3";"13";"5";""
"202100022532";"161Â 355";"B01";"1";"99";"0";"2";"6";"1";"1";""
"202100022533";"161Â 353";"A01";"1";"10";"8";"0";"1";"14";"1";""
"202100022534";"161Â 352";"A01";"1";"7";"15";"0";"1";"2";"1";""
"202100022535";"161Â 350";"B01";"3";"10";"0";"2";"2";"1";"1";""
"202100022535";"161Â 351";"A01";"3";"1";"0";"2";"1";"19";"5";""
"202100022536";"161Â 346";"B01";"1";"33";"0";"2";"1";"1";"1";""
"202100022536";"161Â 347";"A01";"1";"7";"0";"0";"4";"9";"1";""
"202100022537";"161Â 345";"A01";"1";"33";"13";"0";"1";"1";"1";""
"202100022538";"161Â 343";"B01";"1";"7";"0";"2";"1";"1";"1";""
"202100022538";"161Â 344";"A01";"2";"7";"0";"2";"1";"13";"1";""
"202100022539";"161Â 342";"A01";"2";"17";"4";"0";"3";"1";"1";""
"202100022540";"161Â 338";"B01";"2";"7";"0";"2";"1";"2";"1";""
"202100022540";"161Â 339";"A01";"2";"7";"0";"0";"4";"2";"1";""
"202100022540";"161Â 340";"C01";"2";"7";"0";"2";"1";"2";"1";""
"202100022540";"161Â 341";"D01";"2";"7";"0";"2";"1";"2";"1";""
"202100022541";"161Â 336";"B01";"3";"7";"0";"2";"2";"12";"1";""
"202100022541";"161Â 337";"A01";"3";"33";"0";"2";"6";"11";"1";""
"202100022542";"161Â 335";"A01";"1";"7";"4";"9";"1";"6";"1";""
"202100022543";"161Â 333";"A01";"3";"7";"0";"2";"2";"1";"1";""
"202100022543";"161Â 334";"B01";"3";"10";"0";"2";"5";"15";"1";""
"202100022544";"161Â 332";"A01";"2";"7";"0";"1";"3";"1";"1";""
"202100022545";"161Â 330";"B01";"0";"7";"0";"2";"3";"15";"1";""
"202100022545";"161Â 331";"A01";"1";"7";"0";"2";"1";"16";"1";""
"202100022546";"161Â 329";"A01";"0";"2";"0";"0";"8";"0";"1";""
"202100022547";"161Â 325";"D01";"2";"7";"0";"2";"1";"1";"1";""
"202100022547";"161Â 326";"C01";"1";"1";"0";"2";"1";"5";"5";""
"202100022547";"161Â 327";"A01";"1";"1";"0";"2";"1";"13";"5";""
"202100022547";"161Â 328";"B01";"1";"1";"0";"2";"1";"13";"5";""
"202100022548";"161Â 323";"B01";"2";"1";"0";"2";"1";"9";"5";""
"202100022548";"161Â 324";"A01";"1";"7";"0";"9";"8";"9";"1";""
"202100022549";"161Â 321";"B01";"0";"7";"0";"2";"3";"19";"6";""
"202100022549";"161Â 322";"A01";"0";"7";"0";"9";"2";"21";"6";""
"202100022550";"161Â 319";"A01";"1";"7";"0";"2";"3";"15";"1";""
"202100022550";"161Â 320";"B01";"1";"7";"0";"2";"2";"1";"1";""
"202100022551";"161Â 317";"B01";"2";"33";"0";"2";"2";"17";"1";""
"202100022551";"161Â 318";"A01";"2";"7";"0";"0";"6";"15";"1";""
"202100022552";"161Â 315";"A01";"1";"7";"0";"2";"1";"10";"1";""
"202100022552";"161Â 316";"B01";"2";"33";"15";"2";"1";"1";"1";""
"202100022553";"161Â 314";"A01";"0";"7";"6";"0";"1";"0";"1";""
"202100022554";"161Â 313";"A01";"2";"7";"0";"1";"8";"1";"1";""
"202100022555";"161Â 311";"B01";"2";"7";"0";"2";"3";"0";"1";""
"202100022555";"161Â 312";"A01";"1";"33";"0";"2";"1";"5";"1";""
"202100022556";"161Â 310";"A01";"3";"1";"0";"0";"0";"0";"5";""
"202100022557";"161Â 309";"A01";"1";"7";"2";"0";"1";"1";"1";""
"202100022558";"161Â 306";"A01";"1";"7";"0";"2";"2";"1";"1";""
"202100022558";"161Â 307";"B01";"1";"33";"0";"2";"1";"19";"1";""
"202100022559";"161Â 304";"A01";"2";"7";"0";"2";"2";"15";"1";""
"202100022559";"161Â 305";"B01";"1";"1";"0";"2";"0";"2";"5";""
"202100022560";"161Â 302";"B01";"2";"33";"0";"2";"3";"1";"1";""
"202100022560";"161Â 303";"A01";"1";"10";"0";"2";"3";"15";"1";""
"202100022561";"161Â 301";"A01";"1";"33";"0";"0";"7";"1";"1";""
"202100022562";"161Â 299";"B01";"1";"7";"0";"0";"2";"1";"1";""
"202100022562";"161Â 300";"A01";"2";"7";"0";"2";"2";"19";"1";""
"202100022563";"161Â 296";"B01";"2";"7";"0";"2";"1";"1";"1";""
"202100022563";"161Â 297";"C01";"2";"10";"0";"2";"8";"21";"1";""
"202100022563";"161Â 298";"A01";"1";"10";"0";"2";"1";"13";"1";""
"202100022564";"161Â 294";"B01";"2";"33";"0";"2";"1";"12";"1";""
"202100022564";"161Â 295";"A01";"2";"7";"0";"2";"6";"1";"1";""
"202100022565";"161Â 289";"D01";"2";"7";"14";"0";"0";"1";"1";""
"202100022565";"161Â 290";"E01";"2";"7";"14";"0";"1";"1";"1";""
"202100022565";"161Â 291";"C01";"2";"7";"0";"2";"1";"1";"1";""
"202100022565";"161Â 292";"B01";"2";"7";"0";"2";"1";"1";"1";""
"202100022565";"161Â 293";"A01";"2";"30";"0";"2";"9";"0";"1";""
"202100022566";"161Â 287";"A01";"2";"7";"0";"2";"6";"11";"1";""
"202100022566";"161Â 288";"B01";"2";"33";"0";"0";"5";"1";"1";""
"202100022567";"161Â 285";"A01";"1";"10";"0";"2";"1";"2";"1";""
"202100022567";"161Â 286";"B01";"1";"10";"0";"2";"4";"2";"1";""
"202100022568";"161Â 283";"A01";"2";"7";"0";"2";"1";"1";"1";""
"202100022568";"161Â 284";"B01";"2";"10";"0";"2";"5";"1";"1";""
"202100022569";"161Â 281";"A01";"2";"7";"0";"2";"7";"12";"0";""
"202100022569";"161Â 282";"B01";"2";"7";"0";"2";"1";"3";"0";""
"202100022570";"161Â 278";"C01";"2";"7";"0";"0";"4";"2";"1";""
"202100022570";"161Â 279";"B01";"2";"7";"0";"2";"1";"2";"2";""
"202100022570";"161Â 280";"A01";"2";"7";"0";"2";"1";"2";"1";""