"Num_Acc";"id_vehicule";"num_veh";"senc";"catv";"obs";"obsm";"choc";"manv";"motor";"occutc"
"202100022571";"161Â 276";"A01";"1";"33";"0";"2";"2";"12";"1";""
"202100022571";"161Â 277";"B01";"1";"7";"0";"2";"6";"1";"1";""
"202100022572";"161Â 271";"D01";"1";"14";"0";"2";"1";"0";"1";""
"202100022572";"161Â 272";"C01";"1";"14";"0";"2";"1";"0";"1";""
"202100022572";"161Â 273";"A01";"1";"7";"1";"0";"3";"9";"1";""
"202100022572";"161Â 274";"B01";"1";"99";"0";"2";"4";"0";"1";""
"202100022572";"161Â 275";"Z01";"1";"20";"0";"2";"0";"0";"0";""
"202100022573";"161Â 270";"A01";"2";"7";"4";"0";"1";"1";"1";""
"202100022574";"161Â 268";"Z01";"1";"7";"0";"2";"8";"11";"0";""
"202100022574";"161Â 269";"A01";"1";"33";"0";"2";"7";"1";"1";""
"202100022575";"161Â 266";"A01";"2";"14";"0";"2";"2";"12";"1";""
"202100022575";"161Â 267";"B01";"2";"7";"0";"2";"8";"1";"1";""
"202100022576";"161Â 265";"A01";"2";"33";"3";"0";"8";"1";"1";""
"202100022577";"161Â 261";"B01";"1";"7";"0";"2";"8";"1";"1";""
"202100022577";"161Â 262";"D01";"1";"7";"0";"2";"6";"1";"1";""
"202100022577";"161Â 263";"A01";"1";"33";"0";"2";"1";"3";"1";""
"202100022577";"161Â 264";"C01";"1";"7";"0";"2";"7";"1";"1";""
"202100022578";"161Â 259";"B01";"1";"7";"0";"2";"6";"1";"1";""
"202100022578";"161Â 260";"A01";"1";"17";"0";"2";"2";"12";"1";""
"202100022579";"161Â 257";"B01";"1";"7";"0";"2";"4";"2";"1";""
"202100022579";"161Â 258";"A01";"1";"7";"0";"2";"1";"2";"1";""
"202100022580";"161Â 255";"A01";"1";"33";"0";"2";"8";"3";"1";""
"202100022580";"161Â 256";"B01";"1";"7";"0";"2";"7";"12";"1";""
"202100022581";"161Â 254";"A01";"2";"7";"0";"0";"0";"1";" -1";""
"202100022582";"161Â 253";"A01";"1";"7";"4";"0";"1";"17";"1";""
"202100022583";"161Â 252";"A01";"1";"33";"0";"2";"1";"20";"1";""
"202100022584";"161Â 250";"B01";"3";"7";"0";"2";"0";"0";"1";""
"202100022584";"161Â 251";"A01";"1";"33";"0";"2";"2";"1";"1";""
"202100022585";"161Â 248";"B01";"2";"32";"0";"2";"3";"1";"1";""
"202100022585";"161Â 249";"A01";"1";"33";"0";"2";"2";"15";"1";""
"202100022586";"161Â 246";"A01";"1";"7";"0";"2";"7";"13";"1";""
"202100022586";"161Â 247";"B01";"1";"7";"0";"2";"3";"0";"0";""
"202100022587";"161Â 244";"A01";"2";"7";"0";"2";"1";"15";"1";""
"202100022587";"161Â 245";"B01";"1";"2";"0";"2";"1";"1";"1";""
"202100022588";"161Â 240";"D01";"3";"7";"1";"2";"4";"0";"1";""
"202100022588";"161Â 241";"A01";"1";"7";"0";"2";"1";"18";"1";""
"202100022588";"161Â 242";"B01";"1";"7";"0";"2";"3";"9";"1";""
"202100022588";"161Â 243";"C01";"3";"7";"1";"2";"4";"0";"1";""
"202100022589";"161Â 238";"A01";"2";"7";"0";"2";"2";"2";"1";""
"202100022589";"161Â 239";"B01";"1";"50";"0";"2";"0";"11";"3";""
"202100022590";"161Â 237";"A01";"2";"50";"0";"1";"1";"1";"3";""
"202100022591";"161Â 235";"A01";"0";"7";"0";"2";"1";"1";"1";""
"202100022591";"161Â 236";"B01";"0";"10";"0";"2";"7";"0";"1";""
"202100022592";"161Â 232";"C01";"1";"80";"0";"2";"7";"23";"3";""
"202100022592";"161Â 233";"B01";"2";"7";"0";"2";"4";"1";"2";""
"202100022592";"161Â 234";"A01";"1";"10";"0";"2";"3";"1";"1";""
"202100022593";"161Â 230";"B01";"1";"7";"0";"2";"2";"3";"1";""
"202100022593";"161Â 231";"A01";"1";"33";"0";"2";"6";"1";"1";""
"202100022594";"161Â 228";"B01";"0";"7";"0";"2";"0";"0";"1";""
"202100022594";"161Â 229";"A01";"0";"7";"0";"2";"1";"0";"1";""
"202100022595";"161Â 225";"C01";"1";"7";"0";"2";"1";"1";"1";""
"202100022595";"161Â 226";"A01";"1";"7";"0";"2";"6";"1";"1";""
"202100022595";"161Â 227";"B01";"1";"7";"0";"2";"1";"21";"1";""
"202100022596";"161Â 223";"B01";"2";"33";"0";"2";"1";"0";"0";""
"202100022596";"161Â 224";"A01";"1";"7";"0";"2";"5";"15";"1";""
"202100022597";"161Â 221";"B01";"2";"7";"0";"2";"1";"1";"1";""
"202100022597";"161Â 222";"A01";"2";"7";"0";"2";"3";"1";"1";""
"202100022598";"161Â 220";"A01";"2";"10";"0";"1";"5";"4";"1";""
"202100022599";"161Â 218";"A01";"1";"7";"0";"2";"3";"9";"1";""
"202100022599";"161Â 219";"B01";"1";"33";"0";"2";"1";"1";"1";""
"202100022600";"161Â 217";"A01";"1";"7";"0";"1";"1";"15";"1";""
"202100022601";"161Â 215";"D01";"1";"7";"0";"2";"1";"5";"0";""
"202100022601";"161Â 216";"A01";"1";"30";"0";"2";"1";"1";"1";""
"202100022602";"161Â 213";"B01";"2";"0";"0";"2";"8";"13";"0";""
"202100022602";"161Â 214";"A01";"1";"30";"0";"2";"8";"1";"1";""
"202100022603";"161Â 211";"B01";"1";"7";"0";"2";"6";"15";"1";""
"202100022603";"161Â 212";"A01";"1";"33";"0";"2";"1";"5";"1";""
"202100022604";"161Â 209";"B01";"0";"7";"0";"2";"3";"1";"1";""
"202100022604";"161Â 210";"A01";"3";"7";"0";"2";"3";"13";"1";""
"202100022605";"161Â 207";"B01";"0";"1";"0";"2";"2";"1";"0";""
"202100022605";"161Â 208";"A01";"0";"7";"0";"0";"0";"0";"0";""
"202100022606";"161Â 205";"B01";"2";"7";"0";"2";"4";"1";"1";""
"202100022606";"161Â 206";"A01";"2";"10";"0";"2";"1";"2";"1";""
"202100022607";"161Â 204";"A01";"1";"0";"0";"1";"1";"9";"0";""
"202100022608";"161Â 202";"B01";"2";"7";"0";"2";"2";"20";"1";""
"202100022608";"161Â 203";"A01";"1";"7";"0";"2";"2";"1";"1";""
"202100022609";"161Â 201";"A01";"1";"7";"0";"1";"1";"1";"1";""
"202100022610";"161Â 200";"A01";"1";"7";"0";"1";"1";"1";"1";""
"202100022611";"161Â 198";"A01";"2";"1";"0";"2";"7";"1";"5";""
"202100022611";"161Â 199";"B01";"2";"10";"0";"2";"1";"9";"1";""
"202100022612";"161Â 196";"Z01";"1";"7";"0";"2";"3";"1";"0";""
"202100022612";"161Â 197";"B01";"1";"2";"0";"2";"8";"1";"1";""
"202100022613";"161Â 195";"A01";"2";"32";"0";"0";"8";"1";"1";""
"202100022614";"161Â 192";"C01";"3";"7";"0";"2";"0";"21";"1";""
"202100022614";"161Â 193";"B01";"3";"7";"0";"2";"1";"21";"1";""
"202100022614";"161Â 194";"A01";"3";"7";"8";"2";"1";"13";"1";""
"202100022615";"161Â 191";"A01";"1";"33";"0";"0";"1";"19";"1";""
"202100022616";"161Â 189";"B01";"2";"7";"0";"2";"1";"1";"1";""
"202100022616";"161Â 190";"A01";"0";"7";"0";"2";"1";"1";"1";""
"202100022617";"161Â 187";"A01";"2";"7";"0";"2";"1";"1";"1";""
"202100022617";"161Â 188";"B01";"2";"2";"0";"2";"4";"1";"1";""
"202100022618";"161Â 185";"B01";"1";"7";"0";"2";"5";"16";"2";""
"202100022618";"161Â 186";"A01";"1";"7";"0";"2";"4";"21";"1";""
"202100022619";"161Â 183";"A01";"3";"7";"0";"2";"3";"5";"1";""
"202100022619";"161Â 184";"B01";"3";"7";"0";"2";"3";"5";"1";""
"202100022620";"161Â 181";"B01";"1";"7";"0";"2";"4";"2";"0";""
"202100022620";"161Â 182";"A01";"1";"7";"0";"2";"1";"2";"1";""
"202100022621";"161Â 179";"A01";"1";"10";"0";"2";"1";"1";"1";""
"202100022621";"161Â 180";"B01";"1";"7";"0";"2";"6";"1";"1";""
"202100022622";"161Â 178";"A01";"1";"10";"0";"1";"1";"15";"1";""
"202100022623";"161Â 176";"B01";"1";"33";"0";"2";"4";"2";"1";""
"202100022623";"161Â 177";"A01";"1";"7";"0";"2";"2";"2";"1";""
"202100022624";"161Â 175";"A01";"1";"50";"0";"9";"1";"26";"3";""
"202100022625";"161Â 173";"B01";"1";"7";"0";"2";"4";"1";"1";""
"202100022625";"161Â 174";"A01";"1";"7";"0";"2";"1";"2";"1";""
"202100022626";"161Â 171";"A01";"0";"7";"0";"2";"7";"26";"1";""
"202100022626";"161Â 172";"B01";"0";"7";"0";"2";"7";"0";"2";""
"202100022627";"161Â 169";"B01";"3";"3";"0";"2";"1";"13";"1";""
"202100022627";"161Â 170";"A01";"3";"7";"0";"2";"1";"1";"1";""
"202100022628";"161Â 168";"A01";"1";"31";"13";"0";"1";"1";"1";""
"202100022629";"161Â 167";"Z01";"3";"34";"0";"1";"1";"1";"1";""
"202100022630";"161Â 166";"A01";"3";"1";"0";"0";"8";"15";"5";""
"202100022631";"161Â 165";"A01";"3";"10";"0";"1";"4";"4";"1";""
"202100022632";"161Â 163";"A01";"2";"7";"0";"2";"5";"15";"1";""
"202100022632";"161Â 164";"B01";"1";"2";"0";"2";"1";"1";"1";""
"202100022633";"161Â 161";"A01";"0";"10";"0";"2";"1";"2";"1";""
"202100022633";"161Â 162";"B01";"0";"7";"0";"2";"4";"1";"1";""
"202100022634";"161Â 159";"B01";"1";"33";"0";"2";"3";"1";"1";""
"202100022634";"161Â 160";"A01";"1";"7";"0";"2";"2";"15";"1";""
"202100022635";"161Â 157";"A01";"2";"7";"7";"2";"1";"1";"1";""
"202100022635";"161Â 158";"B01";"1";"7";"0";"2";"7";"15";"1";""
"202100022636";"161Â 156";"A01";"1";"7";"2";"0";"1";"1";"1";""
"202100022637";"161Â 154";"B01";"2";"7";"0";"2";"2";"1";"1";""
"202100022637";"161Â 155";"A01";"2";"20";"0";"2";"3";"1";"1";""
"202100022638";"161Â 152";"A01";"2";"30";"0";"2";"1";"1";"1";""
"202100022638";"161Â 153";"B01";"2";"7";"0";"2";"7";"1";"1";""
"202100022639";"161Â 151";"A01";"3";"33";"0";"1";"0";"1";"1";""
"202100022640";"161Â 150";"A01";"1";"30";"0";"0";"0";"1";"1";""
"202100022641";"161Â 149";"A01";"1";"7";"6";"0";"1";"1";"1";""
"202100022642";"161Â 147";"B01";"3";"7";"0";"2";"2";"1";"1";""
"202100022642";"161Â 148";"A01";"3";"10";"0";"2";"7";"17";"1";""
"202100022643";"161Â 145";"Z01";"0";"7";"9";"2";"1";"11";"1";""
"202100022643";"161Â 146";"A01";"0";"7";"0";"2";"5";"23";"1";""
"202100022644";"161Â 143";"B01";"1";"7";"0";"2";"5";"26";"1";""
"202100022644";"161Â 144";"A01";"1";"7";"0";"2";"1";"9";"1";""
"202100022645";"161Â 141";"Z01";"2";"7";"0";"2";"3";"1";"1";""
"202100022645";"161Â 142";"A01";"1";"10";"0";"2";"6";"15";"1";""
"202100022646";"161Â 139";"B01";"1";"7";"0";"2";"1";"1";"1";""
"202100022646";"161Â 140";"A01";"2";"7";"0";"2";"4";"16";"1";""
"202100022647";"161Â 138";"A01";"0";"7";"13";"0";"2";"0";"1";""
"202100022648";"161Â 137";"A01";"3";"7";"0";"1";"1";"1";"2";""
"202100022649";"161Â 135";"B01";"1";"7";"0";"9";"1";"26";"1";""
"202100022649";"161Â 136";"A01";"3";"1";"0";"2";"7";"19";"5";""
"202100022650";"161Â 134";"A01";"1";"7";"3";"0";"1";"1";"1";""
"202100022651";"161Â 132";"A01";"1";"7";"0";"2";"4";"20";"1";""
"202100022651";"161Â 133";"B01";"1";"2";"0";"2";"1";"1";"1";""
"202100022652";"161Â 129";"C01";"3";"7";"0";"2";"2";"23";"1";""
"202100022652";"161Â 130";"B01";"3";"7";"0";"2";"6";"23";"1";""
"202100022652";"161Â 131";"A01";"3";"30";"14";"0";"1";"26";"1";""
"202100022653";"161Â 126";"A01";"1";"7";"0";"2";"1";"2";"1";""
"202100022653";"161Â 127";"B01";"1";"7";"0";"2";"4";"2";"1";""
"202100022653";"161Â 128";"C01";"1";"7";"0";"2";"4";"2";"1";""
"202100022654";"161Â 124";"B01";"1";"7";"0";"2";"1";"1";"1";""
"202100022654";"161Â 125";"A01";"1";"7";"0";"2";"8";"1";"1";""
"202100022655";"161Â 123";"A01";"2";"7";"1";"0";"3";"14";"1";""
"202100022656";"161Â 121";"A01";"1";"7";"0";"2";"2";"15";"2";""
"202100022656";"161Â 122";"B01";"1";"33";"0";"2";"0";"1";"1";""
"202100022657";"161Â 120";"A01";"1";"10";"7";"0";"1";"14";"1";""
"202100022658";"161Â 118";"B01";"3";"10";"0";"0";"3";"16";"1";""
"202100022658";"161Â 119";"A01";"3";"50";"0";"2";"1";"9";"3";""
"202100022659";"161Â 116";"A01";"1";"50";"0";"2";"1";"5";"3";""
"202100022659";"161Â 117";"B01";"1";"1";"0";"2";"1";"1";"5";""
"202100022660";"161Â 114";"B01";"2";"13";"0";"2";"0";"23";"6";""
"202100022660";"161Â 115";"A01";"2";"7";"0";"2";"2";"1";"1";""
"202100022661";"161Â 113";"A01";"2";"30";"0";"0";"0";"21";"1";""
"202100022662";"161Â 111";"B01";"2";"37";"0";"2";"3";"1";"2";"5"
"202100022662";"161Â 112";"A01";"2";"7";"0";"2";"5";"15";"1";""
"202100022663";"161Â 110";"Z01";"2";"1";"0";"1";"1";"25";"5";""
"202100022664";"161Â 108";"A01";"3";"7";"0";"2";"1";"2";"1";""
"202100022664";"161Â 109";"B01";"3";"7";"0";"2";"0";"23";"1";""
"202100022665";"161Â 106";"A01";"1";"10";"0";"2";"3";"9";"1";""
"202100022665";"161Â 107";"B01";"1";"33";"0";"2";"2";"1";"1";""
"202100022666";"161Â 103";"C01";"1";"7";"1";"0";"4";"1";"1";""
"202100022666";"161Â 104";"B01";"1";"7";"0";"2";"4";"2";"1";""
"202100022666";"161Â 105";"A01";"1";"7";"0";"2";"1";"2";"2";""
"202100022667";"161Â 102";"A01";"2";"32";"0";"0";"0";"9";"1";""
"202100022668";"161Â 100";"A01";"1";"38";"0";"2";"1";"1";"0";"1"
"202100022668";"161Â 101";"B01";"1";"38";"0";"2";"1";"5";"1";"1"
"202100022669";"161Â 098";"A01";"1";"7";"0";"2";"2";"16";"1";""
"202100022669";"161Â 099";"B01";"1";"33";"0";"0";"3";"16";"1";""
"202100022670";"161Â 096";"B01";"2";"32";"0";"2";"1";"1";"1";""
"202100022670";"161Â 097";"A01";"3";"7";"0";"2";"1";"9";"1";""
"202100022671";"161Â 094";"A01";"2";"7";"0";"2";"3";"20";"1";""
"202100022671";"161Â 095";"B01";"2";"31";"0";"2";"1";"1";"1";""
"202100022672";"161Â 092";"A01";"2";"7";"0";"2";"1";"9";"1";""
"202100022672";"161Â 093";"B01";"2";"37";"0";"2";"7";"2";"1";"1"
"202100022673";"161Â 091";"A01";"1";"10";"0";"1";"0";"0";"0";""
"202100022674";"161Â 089";"A01";"1";"3";"1";"0";"2";"1";"1";""
"202100022674";"161Â 090";"B01";"0";"3";"0";"2";"6";"24";"1";""
"202100022675";"161Â 087";"A01";"3";"7";"0";"2";"3";"16";"1";""
"202100022675";"161Â 088";"B01";"3";"7";"0";"2";"2";"1";"1";""
"202100022676";"161Â 085";"A01";"3";"7";"0";"2";"2";"12";"1";""
"202100022676";"161Â 086";"B01";"3";"7";"0";"2";"3";"0";"1";""
"202100022677";"161Â 083";"B01";"2";"50";"0";"2";"8";"1";"3";""
"202100022677";"161Â 084";"A01";"2";"37";"0";"2";"2";"1";"0";"1"
"202100022678";"161Â 079";"A01";"1";"10";"0";"2";"0";"2";"1";""
"202100022678";"161Â 080";"B01";"1";"7";"0";"9";"1";"2";"1";""
"202100022678";"161Â 081";"C01";"1";"33";"0";"9";"8";"2";"1";""
"202100022678";"161Â 082";"D01";"1";"33";"0";"2";"1";"2";"1";""
"202100022679";"161Â 077";"A01";"1";"10";"0";"2";"2";"2";"1";""
"202100022679";"161Â 078";"B01";"1";"7";"0";"2";"4";"2";"1";""
"202100022680";"161Â 073";"A01";"2";"7";"0";"2";"1";"1";"1";""
"202100022680";"161Â 074";"B01";"2";"7";"0";"2";"4";"1";"1";""
"202100022680";"161Â 075";"C01";"2";"7";"0";"2";"4";"1";"1";""
"202100022680";"161Â 076";"D01";"2";"7";"0";"2";"4";"1";"1";""
"202100022681";"161Â 071";"A01";"2";"15";"0";"2";"7";"14";"1";""
"202100022681";"161Â 072";"B01";"2";"10";"3";"2";"6";"1";"1";""
"202100022682";"161Â 070";"A01";"1";"7";"0";"0";"2";"1";"1";""
"202100022683";"161Â 067";"C01";"2";"7";"0";"2";"7";"1";"1";""
"202100022683";"161Â 068";"B01";"2";"7";"0";"2";"9";"1";"1";""
"202100022683";"161Â 069";"A01";"2";"17";"0";"2";"2";"12";"1";""
"202100022684";"161Â 065";"B01";"2";"7";"0";"2";"7";"12";"1";""
"202100022684";"161Â 066";"A01";"2";"34";"0";"2";"8";"9";"1";""
"202100022685";"161Â 064";"A01";"1";"34";"0";"1";"1";"1";"1";""
"202100022686";"161Â 062";"A01";"3";"32";"0";"1";"1";"2";"1";""
"202100022686";"161Â 063";"Y01";"3";"60";"0";"2";"0";"19";"0";""
"202100022687";"161Â 059";"B01";"2";"7";"0";"2";"4";"2";"1";""
"202100022687";"161Â 060";"A01";"2";"7";"0";"2";"1";"2";"1";""
"202100022687";"161Â 061";"C01";"2";"10";"0";"2";"4";"2";"1";""
"202100022688";"161Â 057";"A01";"3";"7";"0";"2";"1";"26";"1";""
"202100022688";"161Â 058";"B01";"3";"7";"0";"2";"4";"15";"1";""
"202100022689";"161Â 055";"B01";"1";"1";"0";"2";"8";"0";"5";""
"202100022689";"161Â 056";"A01";"1";"7";"0";"2";"3";"15";"1";""
"202100022690";"161Â 053";"A01";"1";"10";"0";"2";"1";"19";"0";""
"202100022690";"161Â 054";"B01";"2";"10";"0";"2";"3";"15";"0";""
"202100022691";"161Â 052";"A01";"2";"7";"0";"0";"1";"1";"1";""
"202100022692";"161Â 048";"A01";"3";"7";"0";"2";"1";"5";"0";""
"202100022692";"161Â 049";"B01";"3";"10";"0";"2";"1";"0";"0";""
"202100022692";"161Â 050";"C01";"3";"33";"3";"2";"1";"5";"0";""
"202100022692";"161Â 051";"D01";"3";"33";"4";"2";"1";"5";"0";""
"202100022693";"161Â 047";"A01";"2";"32";"0";"0";"8";"1";"1";""
"202100022694";"161Â 046";"A01";"2";"1";"12";"0";"1";"1";"5";""
"202100022695";"161Â 042";"D01";"1";"7";"0";"2";"2";"1";"1";""
"202100022695";"161Â 043";"C01";"1";"7";"0";"2";"8";"1";"1";""
"202100022695";"161Â 044";"B01";"1";"2";"0";"2";"1";"3";"1";""
"202100022695";"161Â 045";"A01";"1";"7";"0";"2";"1";"1";"1";""
"202100022696";"161Â 036";"B01";"1";"7";"0";"2";"0";"2";"1";""
"202100022696";"161Â 037";"A01";"1";"7";"0";"2";"1";"2";"1";""
"202100022697";"161Â 034";"A01";"3";"14";"0";"2";"4";"4";"1";""
"202100022697";"161Â 035";"B01";"3";"2";"0";"2";"9";"1";"1";""
"202100022698";"161Â 033";"A01";"3";"7";"0";"1";"1";"1";"1";""
"202100022699";"161Â 031";"B01";"1";"33";"0";"2";"3";"26";"1";""
"202100022699";"161Â 032";"A01";"2";"33";"0";"1";"1";"13";"1";""
"202100022700";"161Â 029";"A01";"2";"7";"0";"2";"1";"1";"1";""
"202100022700";"161Â 030";"B01";"1";"7";"0";"2";"1";"2";"1";""
"202100022701";"161Â 022";"A01";"0";"7";"0";"2";"1";"1";"1";""
"202100022701";"161Â 023";"B01";"0";"1";"0";"2";"8";"1";"5";""
"202100022702";"161Â 019";"B01";"2";"7";"0";"2";"3";"1";"1";""
"202100022702";"161Â 020";"C01";"2";"7";"0";"2";"1";"1";"1";""
"202100022702";"161Â 021";"A01";"1";"7";"0";"2";"1";"13";"1";""
"202100022703";"161Â 018";"A01";"2";"7";"0";"1";"1";"15";"1";""
"202100022704";"161Â 016";"A01";"0";"7";"0";"2";"2";"1";"1";""
"202100022704";"161Â 017";"B01";"0";"50";"0";"2";"1";"15";"3";""
"202100022705";"161Â 014";"B01";"1";"7";"0";"2";"6";"9";"1";""
"202100022705";"161Â 015";"A01";"1";"30";"0";"2";"1";"26";"3";""
"202100022706";"161Â 012";"A01";"3";"1";"0";"2";"1";"19";"5";""
"202100022706";"161Â 013";"B01";"1";"7";"0";"2";"1";"1";"1";""
"202100022707";"161Â 010";"A01";"3";"10";"0";"2";"7";"16";"1";""
"202100022707";"161Â 011";"B01";"3";"34";"0";"2";"8";"16";"1";""
"202100022708";"161Â 008";"A01";"2";"3";"0";"2";"1";"19";"1";""
"202100022708";"161Â 009";"B01";"2";"7";"0";"2";"1";"19";"1";""
"202100022709";"161Â 006";"A01";"3";"7";"0";"2";"1";"1";"1";""
"202100022709";"161Â 007";"B01";"3";"1";"0";"2";"7";"19";"5";""
"202100022710";"161Â 004";"B01";"2";"50";"0";"2";"8";"1";"3";""
"202100022710";"161Â 005";"A01";"1";"7";"0";"2";"3";"15";"1";""
"202100022711";"161Â 003";"A01";"1";"7";"1";"0";"1";"26";"1";""
"202100022712";"161Â 001";"B01";"2";"1";"0";"2";"7";"1";"5";""
"202100022712";"161Â 002";"A01";"2";"7";"0";"2";"8";"22";"1";""
"202100022713";"161Â 000";"A01";"1";"7";"4";"0";"3";"1";"1";""
"202100022714";"160Â 998";"B01";"1";"7";"0";"2";"6";"2";"1";""
"202100022714";"160Â 999";"A01";"1";"7";"0";"2";"2";"17";"1";""
"202100022715";"160Â 996";"B01";"1";"7";"0";"2";"4";"1";"1";""
"202100022715";"160Â 997";"A01";"1";"7";"0";"2";"1";"2";"2";""
"202100022716";"160Â 994";"A01";"1";"33";"0";"2";"1";"16";"1";""
"202100022716";"160Â 995";"B01";"1";"7";"0";"2";"3";"16";"3";""
"202100022717";"160Â 992";"A01";"1";"10";"0";"2";"1";"2";"1";""
"202100022717";"160Â 993";"B01";"1";"7";"0";"2";"6";"1";"1";""
"202100022718";"160Â 991";"A01";"1";"7";"4";"0";"3";"13";"1";""
"202100022719";"160Â 989";"B01";"3";"1";"0";"2";"7";"19";"0";""
"202100022719";"160Â 990";"A01";"1";"7";"0";"2";"1";"1";"1";""
"202100022720";"160Â 988";"A01";"3";"7";"0";"1";"1";"9";"1";""
"202100022721";"160Â 986";"A01";"1";"2";"0";"2";"1";"13";"1";""
"202100022721";"160Â 987";"B01";"1";"7";"0";"2";"3";"1";"1";""
"202100022722";"160Â 984";"B01";"1";"1";"0";"2";"1";"1";"5";""
"202100022722";"160Â 985";"A01";"2";"30";"0";"2";"1";"1";"1";""
"202100022723";"160Â 982";"A01";"2";"60";"0";"2";"1";"1";"5";""
"202100022723";"160Â 983";"B01";"1";"7";"0";"0";"7";"0";"1";""
"202100022724";"160Â 981";"A01";"1";"7";"0";"1";"1";"26";"1";""
"202100022725";"160Â 979";"A01";"1";"33";"0";"2";"2";"17";"1";""
"202100022725";"160Â 980";"B01";"1";"7";"0";"2";"3";"15";"1";""
"202100022726";"160Â 977";"A01";"1";"33";"0";"2";"3";"1";"1";""
"202100022726";"160Â 978";"B01";"2";"7";"0";"2";"3";"15";"1";""
"202100022727";"160Â 975";"B01";"1";"7";"0";"2";"6";"1";"2";""
"202100022727";"160Â 976";"A01";"1";"7";"0";"2";"3";"1";"1";""
"202100022728";"160Â 973";"B01";"3";"33";"0";"2";"9";"1";"1";""
"202100022728";"160Â 974";"A01";"3";"7";"0";"2";"6";"15";"1";""
"202100022729";"160Â 972";"A01";"1";"7";"0";"1";"0";"15";"0";""
"202100022730";"160Â 970";"A01";"3";"1";"0";"2";"4";"25";"5";""
"202100022730";"160Â 971";"B01";"3";"7";"0";"2";"1";"1";"1";""
"202100022731";"160Â 968";"B01";"1";"2";"0";"2";"0";"0";"1";""
"202100022731";"160Â 969";"A01";"1";"7";"0";"2";"6";"16";"1";""
"202100022732";"160Â 967";"A01";"0";"40";"0";"1";"2";"1";"3";""
"202100022733";"160Â 965";"A01";"3";"32";"0";"2";"1";"13";"1";""
"202100022733";"160Â 966";"B01";"3";"7";"0";"2";"0";"0";"1";""
"202100022734";"160Â 963";"B01";"2";"7";"0";"2";"3";"1";"1";""
"202100022734";"160Â 964";"A01";"1";"7";"0";"2";"3";"13";"1";""
"202100022735";"160Â 961";"A01";"2";"7";"0";"2";"3";"13";"1";""
"202100022735";"160Â 962";"B01";"1";"7";"0";"2";"3";"1";"1";""
"202100022736";"160Â 959";"B01";"3";"7";"0";"2";"3";"1";"1";""
"202100022736";"160Â 960";"A01";"2";"7";"0";"2";"2";"1";"1";""
"202100022737";"160Â 957";"A01";"3";"30";"0";"2";"8";"15";"1";""
"202100022737";"160Â 958";"B01";"3";"30";"0";"2";"1";"13";"1";""
"202100022738";"160Â 955";"A01";"3";"7";"0";"2";"3";"16";"1";""
"202100022738";"160Â 956";"B01";"3";"7";"0";"2";"4";"0";"0";""
"202100022739";"160Â 953";"A01";"1";"7";"0";"2";"1";"26";"1";""
"202100022739";"160Â 954";"B01";"2";"7";"0";"2";"2";"26";"1";""
"202100022740";"160Â 952";"A01";"1";"7";"13";"0";"1";"19";"1";""
"202100022741";"160Â 949";"A01";"2";"31";"0";"2";"1";"2";"1";""
"202100022741";"160Â 950";"B01";"2";"7";"0";"2";"5";"23";"1";""
"202100022741";"160Â 951";"C01";"2";"7";"0";"2";"6";"23";"1";""
"202100022742";"160Â 948";"A01";"1";"7";"6";"0";"2";"14";"0";""
"202100022743";"160Â 947";"A01";"2";"32";"0";"0";"0";"3";"3";""
"202100022744";"160Â 946";"Z01";"2";"7";"4";"0";"2";"14";"1";""
"202100022745";"160Â 944";"A01";"3";"7";"0";"2";"3";"1";"1";""
"202100022745";"160Â 945";"B01";"3";"30";"0";"2";"7";"1";"1";""
"202100022746";"160Â 942";"A01";"2";"43";"0";"2";"3";"1";"1";""
"202100022746";"160Â 943";"B01";"3";"80";"0";"2";"1";"19";"3";""
"202100022747";"160Â 940";"Z01";"2";"7";"0";"2";"0";"18";"0";""
"202100022747";"160Â 941";"A01";"2";"30";"0";"2";"0";"1";"1";""
"202100022748";"160Â 938";"Z01";"1";"30";"0";"2";"3";"15";"0";""
"202100022748";"160Â 939";"A01";"2";"30";"0";"0";"8";"1";"1";""
"202100022749";"160Â 936";"B01";"1";"1";"0";"2";"1";"1";"5";""
"202100022749";"160Â 937";"A01";"1";"10";"0";"2";"6";"4";"3";""
"202100022750";"160Â 934";"A01";"2";"7";"0";"2";"3";"22";"1";""
"202100022750";"160Â 935";"B01";"2";"50";"0";"2";"1";"1";"3";""
"202100022751";"160Â 932";"A01";"2";"10";"0";"2";"3";"13";"1";""
"202100022751";"160Â 933";"B01";"2";"1";"0";"2";"2";"17";"5";""
"202100022752";"160Â 930";"A01";"2";"31";"0";"2";"4";"2";"1";""
"202100022752";"160Â 931";"B01";"2";"33";"0";"2";"4";"15";"1";""
"202100022753";"160Â 928";"B01";"1";"32";"0";"2";"2";"1";"1";""
"202100022753";"160Â 929";"A01";"1";"7";"0";"2";"3";"11";"0";""
"202100022754";"160Â 927";"A01";"3";"99";"0";"0";"0";"1";"3";""
"202100022755";"160Â 926";"A01";"2";"7";"0";"1";"2";"1";"1";""
"202100022756";"160Â 924";"A01";"0";"10";"0";"2";"1";"0";"1";""
"202100022756";"160Â 925";"B01";"0";"7";"0";"2";"1";"0";"1";""
"202100022757";"160Â 923";"A01";"1";"7";"0";"1";"1";"19";"1";""
"202100022758";"160Â 921";"A01";"2";"10";"0";"2";"1";"17";"1";""