"Num_Acc";"id_vehicule";"num_veh";"senc";"catv";"obs";"obsm";"choc";"manv";"motor";"occutc"
"202100022758";"160Â 922";"B01";"2";"7";"0";"2";"8";"15";"1";""
"202100022759";"160Â 919";"A01";"2";"7";"0";"2";"3";"2";"2";""
"202100022759";"160Â 920";"B01";"1";"30";"0";"2";"6";"1";"1";""
"202100022760";"160Â 917";"B01";"2";"1";"0";"2";"1";"2";"5";""
"202100022760";"160Â 918";"A01";"2";"7";"0";"2";"5";"20";"1";""
"202100022761";"160Â 915";"A01";"2";"7";"0";"9";"2";"16";"1";""
"202100022761";"160Â 916";"B01";"2";"50";"0";"2";"0";"0";"3";""
"202100022762";"160Â 913";"A01";"2";"3";"0";"2";"3";"20";"6";""
"202100022762";"160Â 914";"B01";"2";"2";"0";"2";"1";"17";"0";""
"202100022763";"160Â 909";"D01";"2";"33";"0";"2";"1";"1";"1";""
"202100022763";"160Â 910";"C01";"2";"7";"0";"2";"1";"1";"1";""
"202100022763";"160Â 911";"B01";"2";"7";"0";"2";"4";"1";"1";""
"202100022763";"160Â 912";"A01";"2";"7";"0";"2";"4";"1";"1";""
"202100022764";"160Â 907";"A01";"1";"7";"0";"2";"6";"2";"1";""
"202100022764";"160Â 908";"B01";"1";"7";"0";"2";"2";"2";"1";""
"202100022765";"160Â 906";"A01";"2";"7";"4";"0";"9";"26";"1";""
"202100022766";"160Â 904";"A01";"1";"7";"4";"0";"1";"1";"1";""
"202100022766";"160Â 905";"B01";"1";"10";"0";"2";"2";"23";"1";""
"202100022767";"160Â 903";"A01";"1";"10";"1";"0";"2";"14";"1";""
"202100022768";"160Â 900";"B01";"2";"7";"3";"0";"5";"0";"1";""
"202100022768";"160Â 901";"Z01";"2";"7";"0";"2";"1";"1";"1";""
"202100022768";"160Â 902";"C01";"1";"7";"3";"0";"3";"1";"1";""
"202100022769";"160Â 899";"A01";"1";"7";"2";"0";"1";"26";"1";""
"202100022770";"160Â 898";"A01";"1";"33";"4";"2";"1";"9";"1";""
"202100022771";"160Â 896";"A01";"1";"7";"0";"2";"7";"12";"1";""
"202100022771";"160Â 897";"B01";"1";"31";"0";"2";"6";"11";"1";""
"202100022772";"160Â 894";"B01";"1";"7";"0";"2";"4";"1";"1";""
"202100022772";"160Â 895";"A01";"1";"7";"0";"2";"1";"9";"1";""
"202100022773";"160Â 892";"A01";"1";"7";"0";"2";"4";"1";"1";""
"202100022773";"160Â 893";"B01";"1";"10";"0";"2";"1";"1";"1";""
"202100022774";"160Â 890";"A01";"2";"7";"0";"2";"3";"2";"1";""
"202100022774";"160Â 891";"B01";"0";"7";"0";"2";"5";"2";"2";""
"202100022775";"160Â 889";"A01";"2";"7";"3";"0";"3";"1";"1";""
"202100022776";"160Â 888";"A01";"1";"33";"0";"0";"7";"15";"1";""
"202100022777";"160Â 887";"A01";"1";"7";"0";"1";"1";"1";"1";""
"202100022778";"160Â 885";"X01";"2";"7";"0";"2";"1";"12";"0";""
"202100022778";"160Â 886";"A01";"2";"43";"0";"2";"3";"9";"1";""
"202100022779";"160Â 883";"B01";"3";"30";"0";"2";"1";"21";"1";""
"202100022779";"160Â 884";"A01";"3";"32";"0";"2";"8";"17";"1";""
"202100022780";"160Â 882";"A01";"1";"7";"0";"0";"1";"14";"1";""
"202100022781";"160Â 880";"A01";"2";"43";"0";"2";"2";"17";"1";""
"202100022781";"160Â 881";"B01";"2";"7";"0";"2";"8";"15";"1";""
"202100022782";"160Â 878";"A01";"0";"7";"0";"2";"1";"1";"1";""
"202100022782";"160Â 879";"B01";"1";"2";"0";"2";"4";"1";"1";""
"202100022783";"160Â 876";"A01";"1";"7";"0";"2";"1";"26";"0";""
"202100022783";"160Â 877";"B01";"1";"2";"0";"2";"0";"0";"1";""
"202100022784";"160Â 874";"A01";"1";"7";"0";"2";"2";"1";"1";""
"202100022784";"160Â 875";"B01";"2";"32";"0";"2";"1";"13";"1";""
"202100022785";"160Â 873";"A01";"1";"7";"0";"1";"5";"20";"1";""
"202100022786";"160Â 872";"A01";"0";"30";"8";"0";"1";"1";"1";""
"202100022787";"160Â 871";"A01";"2";"17";"2";"0";"2";"14";"1";""
"202100022788";"160Â 870";"A01";"0";"41";"0";"0";"0";"26";"1";""
"202100022789";"160Â 869";"A01";"1";"7";"3";"0";"2";"9";"1";""
"202100022790";"160Â 867";"A01";"2";"7";"0";"2";"8";"10";"1";""
"202100022790";"160Â 868";"B01";"3";"33";"0";"2";"2";"17";"1";""
"202100022791";"160Â 865";"B01";"1";"7";"0";"2";"6";"15";"1";""
"202100022791";"160Â 866";"A01";"1";"32";"0";"2";"2";"17";"1";""
"202100022792";"160Â 863";"B01";"1";"33";"0";"2";"1";"1";"1";""
"202100022792";"160Â 864";"A01";"1";"7";"0";"2";"6";"10";"1";""
"202100022793";"160Â 861";"A01";"0";"1";"0";"2";"1";"1";"5";""
"202100022793";"160Â 862";"B01";"0";"7";"0";"2";"5";"26";"2";""
"202100022794";"160Â 860";"A01";"2";"10";"0";"1";"4";"4";"1";""
"202100022795";"160Â 859";"A01";"1";"7";"0";"1";"3";"1";"1";""
"202100022796";"160Â 857";"B01";"2";"7";"0";"2";"1";"1";"1";""
"202100022796";"160Â 858";"A01";"1";"7";"0";"2";"0";"15";"1";""
"202100022797";"160Â 855";"Z01";"1";"7";"0";"2";"0";"20";"1";""
"202100022797";"160Â 856";"B01";"1";"30";"0";"2";"0";"1";"1";""
"202100022798";"160Â 853";"B01";"2";"1";"0";"2";"5";"19";"5";""
"202100022798";"160Â 854";"A01";"1";"30";"0";"2";"1";"18";"1";""
"202100022799";"160Â 851";"B01";"1";"10";"6";"2";"6";"1";"1";""
"202100022799";"160Â 852";"A01";"2";"7";"6";"2";"3";"19";"1";""
"202100022800";"160Â 849";"B01";"2";"2";"0";"2";"1";"19";"1";""
"202100022800";"160Â 850";"A01";"2";"7";"0";"2";"2";"15";"1";""
"202100022801";"160Â 848";"A01";"1";"3";"0";"0";"9";"26";"1";""
"202100022802";"160Â 846";"B01";"1";"30";"0";"2";"1";"1";"1";""
"202100022802";"160Â 847";"A01";"1";"7";"0";"2";"2";"1";"1";""
"202100022803";"160Â 845";"A01";"1";"7";"2";"0";"1";"14";"1";""
"202100022804";"160Â 843";"B01";"2";"7";"0";"2";"1";"1";"1";""
"202100022804";"160Â 844";"A01";"1";"7";"0";"2";"1";"13";"1";""
"202100022805";"160Â 842";"A01";"2";"7";"12";"0";"0";"13";"1";""
"202100022806";"160Â 841";"A01";"1";"33";"0";"0";"1";"26";"1";""
"202100022807";"160Â 839";"A01";"3";"30";"0";"2";"1";"18";"1";""
"202100022807";"160Â 840";"B01";"3";"7";"0";"0";"7";"16";"1";""
"202100022808";"160Â 837";"A01";"1";"7";"1";"2";"1";"26";"1";""
"202100022808";"160Â 838";"B01";"0";"30";"0";"0";"0";"0";"3";""
"202100022809";"160Â 836";"A01";"3";"33";"0";"0";"0";"1";"1";""
"202100022810";"160Â 834";"A01";"1";"7";"0";"2";"7";"15";"1";""
"202100022810";"160Â 835";"B01";"2";"2";"0";"2";"1";"1";"1";""
"202100022811";"160Â 832";"A01";"3";"7";"0";"2";"8";"26";"1";""
"202100022811";"160Â 833";"B01";"3";"33";"0";"2";"7";"1";"1";""
"202100022812";"160Â 831";"A01";"1";"7";"0";"1";"1";"26";"1";""
"202100022813";"160Â 830";"A01";"0";"7";"13";"0";"1";"0";"1";""
"202100022814";"160Â 828";"B01";"1";"32";"0";"2";"1";"1";"1";""
"202100022814";"160Â 829";"A01";"1";"7";"0";"2";"5";"10";"1";""
"202100022815";"160Â 826";"A01";"2";"7";"0";"2";"2";"15";"1";""
"202100022815";"160Â 827";"B01";"1";"33";"0";"2";"3";"1";"1";""
"202100022816";"160Â 824";"A01";"2";"7";"0";"2";"1";"1";"1";""
"202100022816";"160Â 825";"B01";"1";"10";"0";"2";"3";"1";"1";""
"202100022817";"160Â 823";"A01";"1";"32";"0";"1";"1";"1";"1";""
"202100022818";"160Â 821";"B01";"3";"50";"0";"2";"0";"0";"3";""
"202100022818";"160Â 822";"A01";"3";"7";"0";"2";"1";"26";"1";""
"202100022819";"160Â 819";"B01";"2";"7";"0";"9";"8";"1";"1";""
"202100022819";"160Â 820";"A01";"1";"50";"0";"2";"3";"13";"3";""
"202100022820";"160Â 817";"A01";"1";"30";"0";"2";"4";"1";"1";""
"202100022820";"160Â 818";"Z01";"1";"7";"0";"2";"1";"14";"0";""
"202100022821";"160Â 816";"A01";"1";"7";"4";"0";"1";"14";"1";""
"202100022822";"160Â 815";"A01";"1";"7";"4";"0";"1";"12";"1";""
"202100022823";"160Â 814";"Z01";"2";"1";"0";"1";"1";"1";"5";""
"202100022824";"160Â 812";"B01";"1";"7";"0";"2";"5";"2";"1";""
"202100022824";"160Â 813";"A01";"1";"33";"0";"2";"1";"2";"1";""
"202100022825";"160Â 811";"A01";"2";"7";"14";"0";"1";"13";"1";""
"202100022826";"160Â 809";"A01";"1";"2";"0";"2";"2";"19";"1";""
"202100022826";"160Â 810";"B01";"1";"7";"0";"2";"3";"15";"1";""
"202100022827";"160Â 808";"A01";"3";"7";"9";"0";"1";"21";"1";""
"202100022828";"160Â 806";"B01";"0";"7";"0";"2";"7";"11";"1";""
"202100022828";"160Â 807";"A01";"0";"10";"0";"2";"1";"1";"1";""
"202100022829";"160Â 804";"B01";"1";"7";"1";"0";"0";"0";"0";""
"202100022829";"160Â 805";"A01";"0";"7";"1";"2";"4";"24";"1";""
"202100022830";"160Â 802";"A01";"0";"7";"0";"2";"1";"1";"1";""
"202100022830";"160Â 803";"B01";"1";"30";"0";"2";"1";"1";"1";""
"202100022831";"160Â 801";"A01";"2";"30";"2";"0";"0";"21";"3";""
"202100022832";"160Â 799";"B01";"0";"30";"0";"2";"1";"1";"1";""
"202100022832";"160Â 800";"A01";"1";"7";"0";"2";"1";"1";"1";""
"202100022833";"160Â 798";"A01";"1";"14";"0";"1";"4";"20";"1";""
"202100022834";"160Â 797";"A01";"3";"2";"0";"0";"7";"1";"1";""
"202100022835";"160Â 794";"A01";"3";"33";"1";"2";"3";"1";"1";""
"202100022835";"160Â 795";"B01";"3";"7";"0";"2";"3";"15";"1";""
"202100022835";"160Â 796";"C01";"0";"7";"0";"9";"3";"23";"1";""
"202100022836";"160Â 792";"A01";"2";"7";"3";"2";"2";"17";"1";""
"202100022836";"160Â 793";"B01";"2";"7";"3";"2";"6";"1";"1";""
"202100022837";"160Â 790";"B01";"2";"7";"0";"2";"1";"1";"1";""
"202100022837";"160Â 791";"A01";"2";"7";"13";"2";"2";"14";"1";""
"202100022838";"160Â 788";"A01";"1";"7";"0";"2";"3";"1";"1";""
"202100022838";"160Â 789";"B01";"2";"7";"0";"2";"3";"1";"1";""
"202100022839";"160Â 787";"A01";"2";"15";"0";"1";"2";"26";"1";""
"202100022840";"160Â 786";"A01";"2";"33";"5";"0";"8";"1";"1";""
"202100022841";"160Â 784";"B01";"1";"7";"0";"2";"3";"1";"1";""
"202100022841";"160Â 785";"A01";"2";"7";"0";"2";"5";"16";"1";""
"202100022842";"160Â 783";"A01";"0";"33";"3";"0";"8";"0";"1";""
"202100022843";"160Â 782";"A01";"1";"7";"13";"0";"1";"1";"1";""
"202100022844";"160Â 781";"A01";"2";"33";"6";"0";"1";"15";"1";""
"202100022845";"160Â 780";"A01";"1";"33";"2";"0";"1";"13";"1";""
"202100022846";"160Â 779";"A01";"1";"36";"0";"6";"2";"1";"1";""
"202100022847";"160Â 778";"A01";"1";"7";"6";"0";"3";"13";"1";""
"202100022848";"160Â 777";"A01";"2";"7";"2";"0";"3";"17";"1";""
"202100022849";"160Â 775";"A01";"1";"33";"0";"2";"3";"13";"1";""
"202100022849";"160Â 776";"B01";"2";"7";"0";"9";"3";"13";"1";""
"202100022850";"160Â 771";"A01";"1";"7";"0";"2";"6";"1";"1";""
"202100022850";"160Â 772";"B01";"2";"33";"0";"2";"8";"13";"1";""
"202100022851";"160Â 769";"A01";"2";"7";"0";"2";"2";"1";"1";""
"202100022851";"160Â 770";"B01";"2";"1";"0";"0";"4";"1";"5";""
"202100022852";"160Â 767";"B01";"1";"7";"0";"2";"4";"23";"1";""
"202100022852";"160Â 768";"A01";"1";"3";"0";"2";"1";"2";"1";""
"202100022853";"160Â 766";"A01";"1";"33";"0";"0";"8";"1";"1";""
"202100022854";"160Â 764";"A01";"1";"7";"13";"0";"3";"15";"1";""
"202100022854";"160Â 765";"B01";"1";"7";"15";"0";"2";"2";"1";""
"202100022855";"160Â 763";"A01";"1";"7";"2";"0";"2";"1";"2";""
"202100022856";"160Â 761";"A01";"1";"33";"0";"2";"1";"1";"1";""
"202100022856";"160Â 762";"B01";"2";"99";"0";"2";"3";"19";"1";""
"202100022857";"160Â 760";"A01";"1";"1";"6";"0";"1";"2";"5";""
"202100022858";"160Â 758";"A01";"1";"14";"0";"2";"3";"21";"1";""
"202100022858";"160Â 759";"B01";"2";"14";"0";"2";"3";"13";"1";""
"202100022859";"160Â 756";"A01";"1";"7";"0";"0";"3";"15";"1";""
"202100022859";"160Â 757";"B01";"1";"33";"0";"2";"1";"17";"1";""
"202100022860";"160Â 754";"B01";"2";"7";"0";"2";"9";"11";"1";""
"202100022860";"160Â 755";"A01";"2";"7";"0";"2";"1";"2";"1";""
"202100022861";"160Â 753";"A01";"1";"14";"6";"0";"1";"13";"1";""
"202100022862";"160Â 751";"A01";"2";"15";"3";"2";"2";"13";"1";""
"202100022862";"160Â 752";"B01";"2";"7";"0";"2";"7";"2";"1";""
"202100022863";"160Â 750";"A01";"3";"7";"0";"1";"2";"26";"1";""
"202100022864";"160Â 749";"A01";"1";"7";"0";"1";"2";"21";"1";""
"202100022865";"160Â 748";"A01";"3";"0";"0";"1";"0";"0";"0";""
"202100022866";"160Â 746";"A01";"1";"1";"0";"2";"6";"1";"5";""
"202100022866";"160Â 747";"B01";"2";"7";"0";"9";"1";"15";"1";""
"202100022867";"160Â 744";"A01";"2";"33";"0";"2";"1";"17";"1";""
"202100022867";"160Â 745";"B01";"2";"7";"0";"2";"8";"15";"1";""
"202100022868";"160Â 742";"A01";"1";"10";"0";"2";"3";"5";"1";""
"202100022868";"160Â 743";"B01";"2";"14";"0";"2";"3";"1";"0";""
"202100022869";"160Â 741";"A01";"2";"10";"8";"0";"3";"14";"1";""
"202100022870";"160Â 739";"B01";"1";"7";"0";"2";"6";"1";"1";""
"202100022870";"160Â 740";"A01";"1";"7";"0";"2";"2";"1";"1";""
"202100022871";"160Â 735";"B01";"1";"2";"0";"2";"8";"1";"1";""
"202100022871";"160Â 736";"A01";"2";"7";"0";"2";"3";"15";"1";""
"202100022872";"160Â 734";"A01";"1";"31";"0";"0";"7";"1";"1";""
"202100022873";"160Â 731";"A01";"3";"7";"6";"0";"1";"17";"1";""
"202100022874";"160Â 729";"A01";"2";"1";"0";"2";"1";"0";"5";""
"202100022874";"160Â 730";"B01";"1";"13";"0";"9";"3";"13";"1";""
"202100022875";"160Â 728";"A01";"3";"7";"2";"0";"3";"1";"1";""
"202100022876";"160Â 726";"B01";"1";"15";"0";"2";"1";"1";"1";""
"202100022876";"160Â 727";"A01";"2";"7";"0";"2";"1";"13";"1";""
"202100022877";"160Â 725";"A01";"1";"10";"0";"1";"1";"1";"1";""
"202100022878";"160Â 724";"A01";"3";"7";"0";"0";"9";"1";"1";""
"202100022879";"160Â 722";"B01";"3";"7";"0";"2";"3";"1";"1";""
"202100022879";"160Â 723";"A01";"3";"1";"0";"2";"3";"5";"5";""
"202100022880";"160Â 721";"A01";"3";"2";"0";"0";"7";"0";"1";""
"202100022881";"160Â 720";"A01";"2";"7";"0";"2";"8";"1";"1";""
"202100022882";"160Â 718";"B01";"2";"32";"0";"2";"1";"12";"1";""
"202100022882";"160Â 719";"A01";"2";"7";"0";"2";"6";"1";"1";""
"202100022883";"160Â 716";"B01";"2";"99";"0";"2";"0";"1";"1";""
"202100022883";"160Â 717";"A01";"2";"10";"0";"2";"8";"1";"1";""
"202100022884";"160Â 715";"A01";"1";"7";"13";"5";"1";"1";"1";""
"202100022885";"160Â 714";"A01";"2";"34";"0";"0";"0";"1";"1";""
"202100022886";"160Â 712";"B01";"1";"7";"0";"2";"4";"2";"1";""
"202100022886";"160Â 713";"A01";"1";"7";"0";"2";"1";"2";"1";""
"202100022887";"160Â 710";"B01";"2";"7";"0";"2";"2";"1";"1";""
"202100022887";"160Â 711";"A01";"2";"7";"4";"2";"3";"1";"1";""
"202100022888";"160Â 708";"B01";"1";"7";"0";"2";"3";"1";"1";""
"202100022888";"160Â 709";"A01";"1";"14";"0";"2";"2";"14";"1";""
"202100022889";"160Â 706";"A01";"1";"43";"0";"2";"8";"3";"1";""
"202100022889";"160Â 707";"B01";"2";"7";"0";"2";"7";"1";"1";""
"202100022890";"160Â 704";"B01";"1";"7";"0";"2";"4";"2";"1";""
"202100022890";"160Â 705";"A01";"1";"7";"0";"2";"1";"1";"1";""
"202100022891";"160Â 702";"A01";"3";"7";"0";"2";"1";"9";"1";""
"202100022891";"160Â 703";"B01";"3";"32";"0";"2";"7";"1";"1";""
"202100022892";"160Â 700";"B01";"3";"1";"0";"2";"8";"1";"5";""
"202100022892";"160Â 701";"A01";"3";"7";"0";"2";"1";"15";"1";""
"202100022893";"160Â 699";"A01";"1";"7";"0";"1";"3";"1";"1";""
"202100022894";"160Â 697";"B01";"1";"7";"0";"2";"8";"24";"1";""
"202100022894";"160Â 698";"A01";"2";"7";"1";"0";"1";"1";"3";""
"202100022895";"160Â 696";"Z01";"2";"0";"0";"1";"1";"25";"0";""
"202100022896";"160Â 695";"A01";"1";"2";"1";"0";"4";"1";"1";""
"202100022897";"160Â 694";"A01";"1";"7";"2";"0";"1";"1";"1";""
"202100022898";"160Â 692";"B01";"2";"7";"0";"2";"3";"1";"1";""
"202100022898";"160Â 693";"A01";"1";"7";"0";"2";"2";"1";"1";""
"202100022899";"160Â 691";"A01";"1";"7";"8";"9";"1";"26";"1";""
"202100022900";"160Â 690";"A01";"1";"7";"0";"1";"3";"1";"1";""
"202100022901";"160Â 688";"B01";"1";"7";"0";"2";"5";"1";"1";""
"202100022901";"160Â 689";"A01";"1";"33";"0";"2";"1";"1";"1";""
"202100022902";"160Â 686";"B01";"3";"1";"0";"2";"7";"1";"5";""
"202100022902";"160Â 687";"A01";"3";"7";"0";"2";"3";"1";"1";""
"202100022903";"160Â 684";"A01";"1";"7";"0";"2";"6";"15";"1";""
"202100022903";"160Â 685";"B01";"1";"2";"0";"2";"1";"2";"1";""
"202100022904";"160Â 683";"Z01";"1";"99";"0";"9";"7";"17";"0";""
"202100022905";"160Â 680";"A01";"0";"7";"9";"0";"1";"1";"1";""
"202100022906";"160Â 678";"B01";"1";"7";"0";"2";"6";"15";"1";""
"202100022906";"160Â 679";"A01";"1";"2";"0";"2";"1";"17";"1";""
"202100022907";"160Â 676";"B01";"2";"33";"0";"2";"1";"1";"1";""
"202100022907";"160Â 677";"A01";"1";"7";"0";"2";"2";"9";"1";""
"202100022908";"160Â 674";"A01";"1";"10";"0";"9";"4";"1";"1";""
"202100022908";"160Â 675";"B01";"2";"1";"0";"2";"1";"1";"0";""
"202100022909";"160Â 671";"A01";"2";"7";"0";"2";"3";"13";"0";""
"202100022909";"160Â 672";"B01";"1";"1";"0";"2";"1";"1";"5";""
"202100022909";"160Â 673";"C01";"1";"1";"0";"2";"1";"1";"5";""
"202100022910";"160Â 669";"B01";"1";"80";"0";"2";"1";"1";"3";""
"202100022910";"160Â 670";"A01";"2";"7";"0";"2";"3";"15";"1";""
"202100022911";"160Â 667";"A01";"1";"31";"0";"2";"8";"18";"1";""
"202100022911";"160Â 668";"B01";"1";"7";"0";"2";"2";"1";"1";""
"202100022912";"160Â 665";"A01";"2";"30";"0";"2";"1";"18";"1";""
"202100022912";"160Â 666";"B01";"2";"7";"0";"2";"2";"16";"1";""
"202100022913";"160Â 664";"B01";"3";"7";"0";"1";"2";"26";"1";""
"202100022914";"160Â 663";"A01";"2";"7";"8";"1";"1";"15";"1";""
"202100022915";"160Â 661";"A01";"1";"1";"0";"2";"0";"2";"2";""
"202100022915";"160Â 662";"B01";"1";"1";"0";"2";"0";"1";"5";""
"202100022916";"160Â 660";"A01";"3";"7";"0";"1";"1";"1";"1";""
"202100022917";"160Â 659";"A01";"1";"31";"0";"1";"2";"26";"1";""
"202100022918";"160Â 657";"A01";"2";"7";"1";"0";"5";"26";"1";""
"202100022918";"160Â 658";"B01";"1";"7";"0";"2";"2";"0";"1";""
"202100022919";"160Â 655";"A01";"2";"7";"0";"2";"0";"13";"1";""
"202100022919";"160Â 656";"B01";"1";"31";"0";"2";"8";"1";"1";""
"202100022920";"160Â 654";"A01";"3";"33";"0";"1";"1";"17";"1";""
"202100022921";"160Â 653";"A01";"3";"10";"0";"1";"4";"26";"1";""
"202100022922";"160Â 649";"D01";"1";"7";"0";"2";"1";"2";"1";""
"202100022922";"160Â 650";"C01";"1";"10";"0";"2";"1";"2";"1";""
"202100022922";"160Â 651";"B01";"1";"7";"0";"2";"4";"2";"2";""
"202100022922";"160Â 652";"A01";"1";"7";"0";"2";"1";"2";"1";""
"202100022923";"160Â 647";"B01";"2";"32";"0";"2";"1";"1";"1";""
"202100022923";"160Â 648";"A01";"1";"7";"0";"2";"2";"15";"2";""
"202100022924";"160Â 646";"A01";"0";"7";"0";"1";"8";"1";"1";""
"202100022925";"160Â 645";"A01";"2";"7";"0";"1";"2";"4";"1";""
"202100022926";"160Â 643";"Z01";"3";"32";"0";"2";"1";"5";"1";""
"202100022926";"160Â 644";"A01";"1";"7";"0";"2";"8";"1";"1";""
"202100022927";"160Â 641";"A01";"2";"7";"0";"2";"2";"15";"1";""
"202100022927";"160Â 642";"B01";"1";"7";"0";"2";"3";"9";"1";""
"202100022928";"160Â 639";"A01";"2";"7";"0";"2";"2";"11";"2";""
"202100022928";"160Â 640";"B01";"2";"1";"0";"2";"1";"1";"5";""
"202100022929";"160Â 637";"A01";"2";"7";"0";"0";"5";"10";"0";""
"202100022929";"160Â 638";"B01";"1";"33";"0";"2";"1";"1";"0";""
"202100022930";"160Â 635";"A01";"3";"7";"0";"2";"3";"19";"1";""
"202100022930";"160Â 636";"B01";"3";"7";"0";"2";"3";"15";"1";""
"202100022931";"160Â 634";"A01";"3";"10";"0";"0";"8";"26";"1";""
"202100022932";"160Â 632";"B01";"3";"30";"0";"2";"4";"1";"1";""
"202100022932";"160Â 633";"A01";"3";"30";"0";"2";"2";"0";"1";""
"202100022933";"160Â 630";"A01";"2";"30";"9";"2";"1";"1";"1";""
"202100022933";"160Â 631";"B01";"2";"7";"0";"2";"1";"16";"1";""
"202100022934";"160Â 628";"A01";"1";"7";"0";"1";"1";"25";"1";""
"202100022935";"160Â 626";"A01";"1";"10";"13";"2";"3";"13";"1";""
"202100022935";"160Â 627";"B01";"2";"7";"0";"2";"8";"1";"1";""
"202100022936";"160Â 624";"B01";"2";"1";"0";"0";"4";"0";"5";""
"202100022936";"160Â 625";"A01";"2";"10";"0";"9";"1";"2";"1";""
"202100022937";"160Â 622";"A01";"2";"33";"13";"2";"3";"1";"1";""
"202100022937";"160Â 623";"B01";"1";"7";"0";"2";"3";"0";"0";""
"202100022938";"160Â 620";"A01";"2";"7";"0";"2";"1";"19";"1";""
"202100022938";"160Â 621";"B01";"2";"31";"0";"2";"8";"1";"1";""
"202100022939";"160Â 618";"B01";"3";"7";"0";"2";"1";"1";"2";""
"202100022939";"160Â 619";"A01";"3";"7";"0";"2";"1";"13";"1";""
"202100022940";"160Â 616";"A01";"3";"33";"0";"2";"1";"1";"1";""
"202100022940";"160Â 617";"B01";"3";"7";"0";"0";"7";"26";"1";""
"202100022941";"160Â 614";"B01";"1";"7";"0";"0";"3";"1";"1";""
"202100022941";"160Â 615";"A01";"2";"7";"12";"0";"2";"1";"1";""
"202100022942";"160Â 613";"A01";"1";"33";"0";"0";"0";"1";"1";""
"202100022943";"160Â 612";"A01";"2";"33";"0";"0";"8";"1";"1";""
"202100022944";"160Â 611";"A01";"1";"7";"0";"0";"1";"1";"1";""
"202100022945";"160Â 609";"A01";"3";"33";"12";"2";"0";"1";"1";""
"202100022945";"160Â 610";"B01";"3";"7";"0";"2";"3";"13";"1";""
"202100022946";"160Â 607";"B01";"1";"7";"0";"0";"0";"0";"1";""
"202100022946";"160Â 608";"A01";"2";"31";"0";"9";"0";"1";"1";""
"202100022947";"160Â 606";"A01";"2";"2";"3";"0";"0";"0";"1";""
"202100022948";"160Â 605";"A01";"3";"7";"8";"0";"1";"14";"1";""
"202100022949";"160Â 603";"A01";"2";"33";"0";"2";"2";"1";"1";""
"202100022949";"160Â 604";"B01";"2";"7";"0";"2";"8";"19";"1";""
"202100022950";"160Â 601";"B01";"2";"31";"0";"2";"8";"11";"1";""
"202100022950";"160Â 602";"A01";"1";"7";"0";"2";"1";"1";"1";""
"202100022951";"160Â 598";"A01";"1";"7";"0";"2";"3";"13";"1";""
"202100022951";"160Â 599";"B01";"2";"7";"0";"2";"8";"1";"1";""
"202100022952";"160Â 596";"A01";"0";"30";"16";"0";"0";"0";"1";""
"202100022953";"160Â 595";"A01";"2";"7";"2";"0";"2";"1";"1";""
"202100022954";"160Â 593";"B01";"1";"7";"0";"2";"3";"13";"1";""
"202100022954";"160Â 594";"A01";"1";"37";"0";"2";"2";"1";"1";"1"
"202100022955";"160Â 591";"B01";"1";"2";"0";"2";"6";"15";"1";""
"202100022955";"160Â 592";"A01";"1";"7";"0";"2";"2";"1";"1";""
"202100022956";"160Â 589";"B01";"2";"10";"0";"2";"1";"13";"1";""
"202100022956";"160Â 590";"A01";"1";"7";"0";"2";"1";"5";"1";""
"202100022957";"160Â 588";"A01";"2";"1";"0";"9";"1";"1";"5";""
"202100022958";"160Â 587";"A01";"1";"7";"13";"0";"1";"13";"1";""
"202100022959";"160Â 586";"A01";"2";"7";"13";"0";"0";"0";"1";""
"202100022960";"160Â 584";"A01";"1";"1";"0";"2";"7";"17";"5";""
"202100022960";"160Â 585";"B01";"1";"7";"0";"2";"3";"2";"1";""
"202100022961";"160Â 583";"A01";"1";"33";"8";"0";"0";"1";"1";""
"202100022962";"160Â 581";"A01";"1";"7";"0";"2";"1";"2";"1";""
"202100022962";"160Â 582";"B01";"1";"7";"0";"0";"4";"1";"1";""
"202100022963";"160Â 579";"A01";"0";"7";"0";"2";"3";"2";"1";""
"202100022963";"160Â 580";"B01";"0";"80";"0";"2";"4";"2";"3";""
"202100022964";"160Â 578";"A01";"3";"7";"14";"0";"1";"1";"1";""
"202100022965";"160Â 576";"B01";"2";"33";"0";"2";"1";"17";"1";""
"202100022965";"160Â 577";"A01";"2";"21";"0";"2";"3";"15";"1";""
"202100022966";"160Â 575";"A01";"1";"7";"13";"0";"1";"14";"1";""
"202100022967";"160Â 573";"B01";"1";"33";"0";"2";"8";"1";"1";""
"202100022967";"160Â 574";"A01";"2";"33";"0";"2";"8";"17";"1";""
"202100022968";"160Â 572";"A01";"3";"36";"0";"0";"7";"15";"1";""
"202100022969";"160Â 571";"A01";"0";"7";"6";"9";"1";"26";"1";""
"202100022970";"160Â 569";"A01";"3";"7";"0";"2";"1";"19";"1";""
"202100022970";"160Â 570";"B01";"2";"7";"7";"2";"8";"1";"1";""
"202100022971";"160Â 567";"B01";"2";"99";"0";"2";"3";"1";"1";""
"202100022971";"160Â 568";"A01";"1";"7";"0";"2";"3";"13";"1";""
"202100022972";"160Â 565";"B01";"1";"39";"0";"4";"2";"1";"3";""
"202100022972";"160Â 566";"A01";"1";"7";"13";"4";"0";"0";"1";""
"202100022973";"160Â 564";"A01";"2";"7";"16";"0";"0";"1";"1";""