"Num_Acc";"id_vehicule";"num_veh";"senc";"catv";"obs";"obsm";"choc";"manv";"motor";"occutc"
"202100022974";"160Â 563";"A01";"3";"7";"0";"1";"1";"1";"1";""
"202100022975";"160Â 561";"A01";"2";"7";"15";"2";"7";"1";"1";""
"202100022975";"160Â 562";"B01";"2";"7";"15";"0";"8";"1";"1";""
"202100022976";"160Â 559";"A01";"1";"15";"0";"2";"6";"1";"1";""
"202100022976";"160Â 560";"B01";"1";"10";"0";"2";"1";"2";"1";""
"202100022977";"160Â 558";"A01";"2";"7";"4";"0";"1";"2";"1";""
"202100022978";"160Â 556";"B01";"1";"34";"0";"2";"1";"1";"1";""
"202100022978";"160Â 557";"A01";"1";"7";"0";"2";"2";"9";"1";""
"202100022979";"160Â 552";"D01";"1";"7";"0";"9";"1";"1";"1";""
"202100022979";"160Â 553";"C01";"1";"7";"0";"2";"1";"1";"1";""
"202100022979";"160Â 554";"B01";"1";"7";"0";"2";"3";"17";"1";""
"202100022979";"160Â 555";"A01";"1";"15";"6";"2";"3";"1";"6";""
"202100022980";"160Â 550";"A01";"1";"7";"0";"2";"3";"13";"1";""
"202100022980";"160Â 551";"B01";"1";"7";"0";"2";"6";"1";"1";""
"202100022981";"160Â 549";"A01";"1";"7";"0";"1";"3";"1";"1";""
"202100022982";"160Â 547";"A01";"2";"7";"0";"2";"3";"19";"1";""
"202100022982";"160Â 548";"B01";"1";"33";"0";"2";"1";"1";"1";""
"202100022983";"160Â 545";"A01";"2";"7";"0";"2";"2";"13";"1";""
"202100022983";"160Â 546";"B01";"1";"7";"0";"2";"1";"1";"1";""
"202100022984";"160Â 543";"B01";" -1";"39";"0";"2";"2";"1";"3";""
"202100022984";"160Â 544";"A01";"2";"7";"0";"4";"3";"1";"1";""
"202100022985";"160Â 542";"A01";"2";"7";"7";"0";"6";"0";"1";""
"202100022986";"160Â 541";"A01";"2";"7";"0";"1";"0";"1";"1";""
"202100022987";"160Â 539";"A01";"1";"7";"2";"0";"6";"1";"1";""
"202100022987";"160Â 540";"B01";"1";"15";"0";"2";"2";"17";"0";""
"202100022988";"160Â 537";"B01";"1";"1";"0";"0";"4";"1";"5";""
"202100022988";"160Â 538";"A01";"1";"1";"0";"2";"1";"2";"5";""
"202100022989";"160Â 535";"A01";"1";"33";"12";"2";"7";"1";"1";""
"202100022989";"160Â 536";"B01";"3";"7";"0";"2";"3";"9";"1";""
"202100022990";"160Â 534";"A01";"2";"7";"0";"1";"2";"14";"1";""
"202100022991";"160Â 533";"A01";"1";"7";"1";"0";"1";"0";"1";""
"202100022992";"160Â 531";"B01";"1";"7";"0";"2";"6";"23";"1";""
"202100022992";"160Â 532";"A01";"2";"43";"6";"0";"3";"0";"1";""
"202100022993";"160Â 529";"B01";"2";"7";"4";"2";"5";"17";"1";""
"202100022993";"160Â 530";"A01";"2";"10";"0";"2";"1";"3";"1";""
"202100022994";"160Â 528";"A01";"1";"7";"0";"0";"1";"12";"1";""
"202100022995";"160Â 526";"B01";"1";"2";"0";"2";"2";"12";"1";""
"202100022995";"160Â 527";"A01";"1";"99";"0";"2";"6";"1";"1";""
"202100022996";"160Â 524";"A01";"2";"7";"0";"2";"5";"12";"1";""
"202100022996";"160Â 525";"B01";"2";"7";"0";"2";"3";"1";"1";""
"202100022997";"160Â 523";"A01";"1";"7";"3";"2";"1";"1";"2";""
"202100022998";"160Â 520";"C01";"1";"7";"1";"0";"1";"1";"1";""
"202100022998";"160Â 521";"B01";"1";"33";"0";"2";"4";"1";"1";""
"202100022998";"160Â 522";"A01";"1";"7";"0";"2";"1";"1";"1";""
"202100022999";"160Â 517";"A01";"1";"7";"0";"2";"1";"9";"1";""
"202100022999";"160Â 518";"B01";"1";"7";"0";"2";"7";"1";"1";""
"202100023000";"160Â 515";"B01";"2";"1";"0";"2";"0";"1";"5";""
"202100023000";"160Â 516";"A01";"2";"7";"0";"2";"7";"22";"1";""
"202100023001";"160Â 513";"A01";"3";"50";"0";"2";"1";"9";"3";""
"202100023001";"160Â 514";"B01";"3";"7";"0";"2";"3";"9";"1";""
"202100023002";"160Â 511";"B01";"2";"33";"0";"2";"1";"1";"1";""
"202100023002";"160Â 512";"A01";"1";"13";"0";"2";"6";"9";"1";""
"202100023003";"160Â 509";"A01";"1";"7";"0";"2";"8";"19";"1";""
"202100023003";"160Â 510";"B01";"1";"7";"0";"2";"1";"1";"1";""
"202100023004";"160Â 507";"A01";"2";"7";"0";"2";"5";"15";"1";""
"202100023004";"160Â 508";"B01";"1";"80";"0";"2";"0";"1";"5";""
"202100023005";"160Â 505";"A01";"1";"7";"0";"2";"1";"21";"1";""
"202100023005";"160Â 506";"B01";"2";"7";"0";"2";"1";"13";"1";""
"202100023006";"160Â 503";"A01";"1";"7";"0";"2";"4";"20";"1";""
"202100023006";"160Â 504";"B01";"1";"1";"0";"2";"1";"21";"5";""
"202100023007";"160Â 501";"A01";"2";"30";"0";"2";"1";"21";"1";""
"202100023007";"160Â 502";"B01";"2";"7";"0";"2";"6";"0";"1";""
"202100023008";"160Â 499";"C01";"2";"7";"0";"2";" -1";"2";" -1";""
"202100023008";"160Â 500";"A01";"2";"30";"15";"2";"8";"16";"1";""
"202100023009";"160Â 498";"A01";"1";"10";"0";"1";"1";"1";"1";""
"202100023010";"160Â 496";"B01";"2";"10";"0";"2";"8";"1";"1";""
"202100023010";"160Â 497";"A01";"1";"7";"0";"2";"1";"15";"1";""
"202100023011";"160Â 494";"A01";"1";"7";"0";"0";"0";"12";"1";""
"202100023011";"160Â 495";"B01";"1";"33";"0";"2";"7";"18";"1";""
"202100023012";"160Â 492";"B01";"2";"7";"0";"2";"6";"1";"1";""
"202100023012";"160Â 493";"A01";"2";"7";"4";"2";"2";"17";"1";""
"202100023013";"160Â 490";"A01";"2";"31";"14";"0";"1";"3";"1";""
"202100023013";"160Â 491";"B01";"2";"7";"0";"2";"6";"23";"1";""
"202100023014";"160Â 489";"A01";"2";"7";"0";"1";"2";"1";"1";""
"202100023015";"160Â 488";"A01";"0";"37";"0";"1";"8";"15";"1";"1"
"202100023016";"160Â 487";"A01";"1";"7";"0";"0";"1";"0";"1";""
"202100023017";"160Â 486";"A01";"1";"7";"0";"0";"2";"1";"1";""
"202100023018";"160Â 484";"A01";"1";"7";"0";"2";"1";"1";"1";""
"202100023018";"160Â 485";"B01";"2";"7";"0";"2";"0";"0";"1";""
"202100023019";"160Â 482";"B01";"2";"10";"0";"2";"7";"15";"1";""
"202100023019";"160Â 483";"A01";"1";"80";"0";"0";"1";"1";"3";""
"202100023020";"160Â 480";"B01";"2";"30";"0";"2";"1";"1";"1";""
"202100023020";"160Â 481";"A01";"1";"7";"0";"2";"3";"15";"1";""
"202100023021";"160Â 479";"A01";"1";"30";"12";"0";"1";"26";"1";""
"202100023022";"160Â 477";"A01";"2";"7";"0";"2";"7";"20";"2";""
"202100023022";"160Â 478";"B01";"2";"2";"0";"2";"1";"18";"3";""
"202100023023";"160Â 475";"B01";"1";"7";"0";"2";"1";"1";"1";""
"202100023023";"160Â 476";"A01";"2";"7";"0";"2";"3";"1";"1";""
"202100023024";"160Â 473";"B01";"2";"7";"0";"2";"6";"0";"1";""
"202100023024";"160Â 474";"A01";"2";"7";"0";"2";"2";"0";"1";""
"202100023025";"160Â 472";"A01";"2";"7";"0";"1";"1";"9";"1";""
"202100023026";"160Â 470";"A01";"1";"7";"0";"2";"1";"9";"1";""
"202100023026";"160Â 471";"B01";"1";"7";"0";"2";"7";"9";"1";""
"202100023027";"160Â 467";"C01";"1";"7";"0";"2";"4";"2";"1";""
"202100023027";"160Â 468";"A01";"2";"7";"0";"2";"1";"2";"1";""
"202100023027";"160Â 469";"B01";"1";"7";"0";"2";"4";"2";"1";""
"202100023028";"160Â 465";"A01";"1";"7";"0";"2";"8";"9";"1";""
"202100023028";"160Â 466";"B01";"2";"33";"0";"2";"1";"1";"1";""
"202100023029";"160Â 463";"B01";"1";"1";"0";"2";"1";"1";"5";""
"202100023029";"160Â 464";"A01";"1";"7";"0";"2";"3";"15";"1";""
"202100023030";"160Â 461";"A01";"1";"2";"0";"2";"0";"1";"1";""
"202100023030";"160Â 462";"B01";"2";"7";"0";"2";"0";"15";"1";""
"202100023031";"160Â 459";"B01";"1";"7";"0";"2";"1";"1";"6";""
"202100023031";"160Â 460";"Z01";"1";"7";"0";"2";"1";"17";"0";""
"202100023032";"160Â 457";"A01";"1";"7";"1";"0";"1";"26";"1";""
"202100023032";"160Â 458";"B01";"2";"7";"0";"0";"4";"23";"1";""
"202100023033";"160Â 455";"B01";"2";"1";"0";"2";"1";"13";"5";""
"202100023033";"160Â 456";"A01";"1";"7";"0";"9";"1";"1";"1";""
"202100023034";"160Â 453";"A01";"0";"7";"0";"2";"1";"9";"1";""
"202100023034";"160Â 454";"B01";"0";"7";"0";"2";"2";"1";"1";""
"202100023035";"160Â 452";"A01";"0";"7";"14";"0";"1";"1";"1";""
"202100023036";"160Â 451";"A01";"0";"7";"0";"1";"3";"15";"1";""
"202100023037";"160Â 449";"B01";"0";"50";"0";"2";"1";"19";"3";""
"202100023037";"160Â 450";"A01";"1";"7";"0";"2";"2";"1";"1";""
"202100023038";"160Â 444";"A01";"0";"33";"12";"0";"1";"16";"1";""
"202100023039";"160Â 440";"A01";"1";"30";"0";"2";"1";"9";"1";""
"202100023039";"160Â 441";"B01";"1";"7";"0";"2";"7";"15";"1";""
"202100023040";"160Â 438";"B01";"0";"50";"0";"2";"1";"1";"3";""
"202100023040";"160Â 439";"A01";"0";"10";"0";"2";"8";"1";"0";""
"202100023041";"160Â 436";"A01";"2";"7";"0";"1";"3";"1";"1";""
"202100023042";"160Â 434";"B01";"3";"1";"0";"2";"1";"2";"5";""
"202100023042";"160Â 435";"A01";"1";"10";"0";"0";"8";"1";"1";""
"202100023043";"160Â 431";"B01";"1";"7";"0";"2";"4";"1";"1";""
"202100023043";"160Â 432";"C01";"1";"7";"0";"2";"4";"1";"1";""
"202100023043";"160Â 433";"A01";"1";"10";"0";"2";"1";"1";"1";""
"202100023044";"160Â 430";"A01";"1";"30";"14";"0";"1";"13";"1";""
"202100023045";"160Â 428";"A01";"1";"7";"0";"2";"5";"15";"1";""
"202100023045";"160Â 429";"B01";"2";"50";"0";"2";"1";"8";"3";""
"202100023046";"160Â 426";"Z01";"1";"7";"0";"2";"1";"1";"0";""
"202100023046";"160Â 427";"A01";"1";"50";"0";"2";"1";"19";"3";""
"202100023047";"160Â 424";"B01";"1";"7";"0";"2";"5";"2";"1";""
"202100023047";"160Â 425";"A01";"1";"7";"0";"2";"2";"2";"1";""
"202100023048";"160Â 422";"A01";"2";"7";"0";"2";"3";"15";"0";""
"202100023048";"160Â 423";"B01";"2";"2";"0";"2";"1";"2";"0";""
"202100023049";"160Â 420";"B01";"2";"7";"0";"2";"5";"15";"1";""
"202100023049";"160Â 421";"A01";"1";"1";"0";"2";"1";"1";"5";""
"202100023050";"160Â 418";"A01";"1";"7";"0";"2";"1";"2";"1";""
"202100023050";"160Â 419";"B01";"1";"7";"0";"2";"4";"23";"1";""
"202100023051";"160Â 416";"B01";"1";"7";"0";"0";"7";"1";"1";""
"202100023051";"160Â 417";"A01";"2";"7";"0";"0";"1";"19";"1";""
"202100023052";"160Â 414";"A01";"2";"7";"0";"2";"0";"21";"1";""
"202100023052";"160Â 415";"B01";"1";"1";"0";"2";"4";"0";"5";""
"202100023053";"160Â 412";"A01";"2";"33";"0";"2";"9";"1";"1";""
"202100023053";"160Â 413";"B01";"1";"7";"0";"2";"8";"1";"1";""
"202100023054";"160Â 410";"A01";"0";"50";"0";"2";"2";"1";"2";""
"202100023054";"160Â 411";"B01";"0";"7";"0";"2";"2";"1";"1";""
"202100023055";"160Â 408";"A01";"3";"7";"0";"2";"1";"1";"1";""
"202100023055";"160Â 409";"B01";"3";"7";"0";"2";"8";"9";"1";""
"202100023056";"160Â 407";"A01";"1";"30";"0";"0";"7";"1";"1";""
"202100023057";"160Â 406";"A01";"1";"1";"12";"0";"2";"14";"5";""
"202100023058";"160Â 404";"A01";"1";"1";"0";"2";"1";"13";"5";""
"202100023058";"160Â 405";"B01";"2";"7";"0";"2";"6";"1";"1";""
"202100023059";"160Â 401";"C01";"1";"7";"0";"2";"4";"0";"1";""
"202100023059";"160Â 402";"A01";"1";"7";"0";"2";"1";"2";"1";""
"202100023059";"160Â 403";"B01";"1";"7";"0";"2";"4";"2";"1";""
"202100023060";"160Â 399";"B01";"1";"50";"0";"2";"3";"1";"3";""
"202100023060";"160Â 400";"A01";"1";"30";"0";"2";"1";"12";"1";""
"202100023061";"160Â 398";"A01";"0";"7";"0";"1";"3";"1";"1";""
"202100023062";"160Â 397";"A01";"1";"10";"0";"1";"8";"1";"1";""
"202100023063";"160Â 394";"C01";"1";"7";"0";"2";"8";"0";"1";""
"202100023063";"160Â 395";"B01";"3";"7";"0";"2";"7";"1";"1";""
"202100023063";"160Â 396";"A01";"1";"7";"0";"2";"1";"1";"1";""
"202100023064";"160Â 393";"A01";"2";"7";"1";"0";"2";"1";"1";""
"202100023065";"160Â 391";"A01";"1";"7";"0";"2";"1";"1";"1";""
"202100023065";"160Â 392";"B01";"3";"7";"0";"2";"6";"15";"1";""
"202100023066";"160Â 389";"A01";"1";"7";"0";"2";"2";"15";"1";""
"202100023066";"160Â 390";"B01";"2";"33";"0";"2";"1";"1";"1";""
"202100023067";"160Â 387";"A01";"1";"7";"6";"2";"2";"1";"1";""
"202100023067";"160Â 388";"B01";"1";"7";"6";"2";"1";"1";"1";""
"202100023068";"160Â 386";"A01";"1";"7";"0";"1";"3";"1";"1";""
"202100023069";"160Â 385";"A01";"1";"33";"13";"0";"0";"1";"1";""
"202100023070";"160Â 381";"A01";"2";"7";"14";"0";"1";"1";"0";""
"202100023071";"160Â 379";"B01";"0";"7";"0";"2";"8";"1";"1";""
"202100023071";"160Â 380";"A01";"0";"80";"0";"2";"0";"5";"3";""
"202100023072";"160Â 378";"A01";"1";"99";"0";"1";"3";"15";"0";""
"202100023073";"160Â 377";"A01";"3";"7";"14";"0";"1";"9";"1";""
"202100023074";"160Â 375";"B01";"3";"10";"0";"2";"5";"0";"1";""
"202100023074";"160Â 376";"A01";"3";"31";"0";"2";"2";"18";"1";""
"202100023075";"160Â 372";"A01";"1";"2";"16";"0";"8";"1";"1";""
"202100023076";"160Â 370";"B01";"1";"7";"0";"0";"8";"10";" -1";""
"202100023076";"160Â 371";"A01";"1";"33";"0";"2";"1";"26";"1";""
"202100023077";"160Â 367";"A01";"0";"10";"12";"2";"1";"2";"1";""
"202100023077";"160Â 368";"B01";"3";"7";"0";"2";"4";"2";"1";""
"202100023077";"160Â 369";"C01";"1";"7";"0";"2";"1";"23";"1";""
"202100023078";"160Â 364";"C01";"2";"7";"0";"2";"3";"23";"3";""
"202100023078";"160Â 365";"B01";"1";"7";"0";"2";"1";"1";"1";""
"202100023078";"160Â 366";"A01";"2";"7";"0";"2";"9";"13";"1";""
"202100023079";"160Â 362";"A01";"3";"1";"0";"2";"8";"19";"0";""
"202100023079";"160Â 363";"B01";"3";"7";"0";"2";"1";"0";"1";""
"202100023080";"160Â 360";"A01";"0";"7";"0";"2";"1";"1";"1";""
"202100023080";"160Â 361";"B01";"0";"7";"0";"2";"4";"1";"1";""
"202100023081";"160Â 359";"A01";"0";"7";"0";"1";"1";"26";"0";""
"202100023082";"160Â 357";"A01";"0";"30";"0";"2";"0";"19";"0";""
"202100023082";"160Â 358";"B01";"0";"31";"0";"2";"0";"1";"1";""
"202100023083";"160Â 353";"A01";"0";"7";"0";"2";"1";"0";"1";""
"202100023083";"160Â 354";"B01";"0";"7";"0";"2";"1";"0";"3";""
"202100023084";"160Â 351";"A01";"0";"30";"0";"2";"0";"9";"1";""
"202100023084";"160Â 352";"B01";"1";"7";"0";"2";"2";"1";"1";""
"202100023085";"160Â 349";"B01";"1";"14";"0";"2";"1";"1";"1";""
"202100023085";"160Â 350";"A01";"1";"7";"0";"2";"8";"0";"1";""
"202100023086";"160Â 346";"B01";"1";"7";"0";"2";"1";"2";"1";""
"202100023086";"160Â 347";"A01";"1";"10";"0";"2";"1";"2";"3";""
"202100023086";"160Â 348";"C01";"0";"7";"0";"2";"4";"2";"1";""
"202100023087";"160Â 344";"A01";"1";"33";"0";"2";"2";"1";"1";""
"202100023087";"160Â 345";"B01";"1";"7";"0";"2";"8";"15";"1";""
"202100023088";"160Â 343";"B01";"0";"32";"1";"0";"2";"1";"1";""
"202100023089";"160Â 341";"B01";"1";"7";"0";"2";"4";"1";"1";""
"202100023089";"160Â 342";"A01";"1";"7";"0";"2";"1";"2";"1";""
"202100023090";"160Â 340";"A01";"0";"33";"0";"0";"7";"1";"1";""
"202100023091";"160Â 338";"B01";"2";"30";"0";"2";"8";"1";"1";""
"202100023091";"160Â 339";"A01";"1";"99";"0";"2";"1";"5";"5";""
"202100023092";"160Â 337";"B01";"0";"1";"0";"0";"0";"0";"0";""
"202100023093";"160Â 335";"A01";"2";"7";"0";"2";"2";"2";"0";""
"202100023093";"160Â 336";"B01";"2";"31";"0";"2";"4";"23";"1";""
"202100023094";"160Â 334";"A01";"2";"33";"0";"0";"9";"26";"1";""
"202100023095";"160Â 332";"B01";"2";"7";"0";"2";"5";"1";"1";""
"202100023095";"160Â 333";"A01";"2";"7";"0";"2";"1";"1";"1";""
"202100023096";"160Â 331";"A01";"3";"7";"16";"0";"9";"1";"1";""
"202100023097";"160Â 329";"A01";"2";"33";"0";"2";"1";"17";"1";""
"202100023097";"160Â 330";"B01";"2";"7";"0";"0";"3";"15";"1";""
"202100023098";"160Â 328";"A01";"1";"7";"12";"0";"1";"16";"1";""
"202100023099";"160Â 326";"A01";"2";"10";"16";"0";"6";"15";"1";""
"202100023099";"160Â 327";"B01";"2";"32";"0";"2";"1";"2";"1";""
"202100023100";"160Â 324";"B01";"2";"7";"0";"2";"6";"1";"1";""
"202100023100";"160Â 325";"A01";"1";"33";"0";"2";"1";"1";"1";""
"202100023101";"160Â 320";"B01";"3";"10";"0";"2";"3";"15";"1";""
"202100023101";"160Â 321";"A01";"3";"7";"0";"2";"1";"17";"1";""
"202100023102";"160Â 318";"B01";"2";"7";"0";"2";"1";"1";"1";""
"202100023102";"160Â 319";"A01";"1";"7";"0";"2";"1";"21";"3";""
"202100023103";"160Â 316";"A01";"0";"7";"0";"1";"0";"1";"1";""
"202100023104";"160Â 313";"A01";"2";"33";"0";"2";"2";"2";"1";""
"202100023104";"160Â 314";"B01";"2";"7";"0";"2";"6";"2";"1";""
"202100023105";"160Â 312";"A01";"3";"7";"6";"1";"1";"1";"0";""
"202100023106";"160Â 311";"A01";"3";"50";"0";"0";"9";"1";"3";""
"202100023107";"160Â 309";"A01";"1";"7";"0";"2";"1";"3";"1";""
"202100023107";"160Â 310";"B01";"1";"1";"0";"2";"4";"1";"5";""
"202100023108";"160Â 307";"B01";"0";"7";"0";"2";"7";"1";"1";""
"202100023108";"160Â 308";"A01";"0";"7";"0";"2";"1";"1";"1";""
"202100023109";"160Â 304";"C01";"2";"7";"0";"2";"3";"1";"1";""
"202100023109";"160Â 305";"B01";"1";"7";"0";"2";"3";"1";"2";""
"202100023109";"160Â 306";"A01";"2";"33";"0";"2";"1";"17";"1";""
"202100023110";"160Â 302";"B01";"1";"7";"0";"2";"1";"19";"1";""
"202100023110";"160Â 303";"A01";"1";"7";"0";"2";"6";"19";"1";""
"202100023111";"160Â 300";"A01";"2";"7";"0";"2";"1";"15";"1";""
"202100023111";"160Â 301";"B01";"2";"33";"0";"2";"1";"1";"1";""
"202100023112";"160Â 298";"A01";"1";"21";"0";"2";"5";"1";"6";""
"202100023112";"160Â 299";"B01";"1";"21";"0";"2";"3";"1";"1";""
"202100023113";"160Â 296";"A01";"2";"7";"0";"2";"3";"15";"1";""
"202100023113";"160Â 297";"B01";"2";"33";"0";"2";"2";"1";"1";""
"202100023114";"160Â 294";"B01";"1";"33";"0";"2";"1";"26";"1";""
"202100023114";"160Â 295";"A01";"1";"7";"0";"2";"4";"15";"1";""
"202100023115";"160Â 293";"A01";"3";"30";"6";"0";"0";"0";"0";""
"202100023116";"160Â 292";"A01";"2";"7";"12";"1";"2";"1";"1";""
"202100023117";"160Â 290";"B01";"1";"7";"0";"2";"3";"1";"1";""
"202100023117";"160Â 291";"A01";"1";"30";"0";"2";"7";"16";"1";""
"202100023118";"160Â 289";"A01";"1";"7";"9";"0";"1";"1";"1";""
"202100023119";"160Â 288";"B01";"1";"7";"0";"1";"1";"1";"1";""
"202100023120";"160Â 287";"A01";"2";"30";"12";"0";"1";"15";"1";""
"202100023121";"160Â 285";"A01";"1";"7";"0";"2";"2";"15";"1";""
"202100023121";"160Â 286";"B01";"2";"1";"0";"2";"1";"0";"5";""
"202100023122";"160Â 283";"B01";"0";"7";"0";"2";"3";"1";"1";""
"202100023122";"160Â 284";"A01";"0";"7";"0";"2";"2";"14";"1";""
"202100023123";"160Â 282";"A01";"1";"30";"0";"0";"8";"1";"1";""
"202100023124";"160Â 280";"A01";"2";"10";"0";"2";"1";"2";"1";""
"202100023124";"160Â 281";"B01";"2";"7";"0";"2";"4";"23";"1";""
"202100023125";"160Â 278";"A01";"1";"33";"0";"2";"1";"24";"1";""
"202100023125";"160Â 279";"B01";"1";"7";"0";"9";"4";"1";"1";""
"202100023126";"160Â 277";"A01";"1";"7";"0";"1";"3";"1";"1";""
"202100023127";"160Â 275";"B01";"1";"7";"0";"2";"7";"1";"1";""
"202100023127";"160Â 276";"A01";"2";"7";"0";"2";"1";"19";"1";""
"202100023128";"160Â 273";"B01";"1";"14";"1";"0";"5";"23";"1";""
"202100023128";"160Â 274";"A01";"3";"30";"1";"0";"1";"2";"1";""
"202100023129";"160Â 271";"A01";"3";"30";"0";"2";"2";"5";"1";""
"202100023129";"160Â 272";"B01";"3";"7";"0";"2";"3";"1";"1";""
"202100023130";"160Â 270";"Z01";"3";"7";"0";"1";"1";"1";"0";""
"202100023131";"160Â 268";"A01";"1";"7";"0";"2";"0";"1";"1";""
"202100023131";"160Â 269";"B01";"2";"30";"0";"2";"2";"15";"1";""
"202100023132";"160Â 267";"A01";"1";"30";"0";"0";"8";"15";"3";""
"202100023133";"160Â 266";"A01";"1";"43";"0";"1";"7";"17";"1";""
"202100023134";"160Â 264";"B01";"1";"7";"0";"2";"3";"9";"1";""
"202100023134";"160Â 265";"A01";"1";"30";"0";"2";"7";"17";"1";""
"202100023135";"160Â 262";"A01";"2";"33";"0";"2";"3";"1";"1";""
"202100023135";"160Â 263";"B01";"2";"7";"0";"2";"0";"1";"2";""
"202100023136";"160Â 261";"A01";"1";"50";"0";"0";"0";"1";"3";""
"202100023137";"160Â 259";"A01";"1";"50";"0";"2";"1";"19";"3";""
"202100023137";"160Â 260";"B01";"1";"7";"0";"2";"2";"1";"1";""
"202100023138";"160Â 257";"A01";"1";"7";"0";"2";"5";"22";"2";""
"202100023138";"160Â 258";"B01";"1";"50";"0";"2";"5";"18";"3";""
"202100023139";"160Â 255";"A01";"1";"7";"0";"2";"5";"9";"0";""
"202100023139";"160Â 256";"B01";"1";"2";"0";"2";"5";"0";"1";""
"202100023140";"160Â 253";"B01";"2";"7";"0";"2";"0";"0";"1";""
"202100023140";"160Â 254";"A01";"2";"7";"0";"2";"1";"2";"1";""
"202100023141";"160Â 251";"A01";"1";"7";"0";"2";"1";"15";"1";""
"202100023141";"160Â 252";"B01";"2";"7";"0";"2";"8";"1";"1";""
"202100023142";"160Â 249";"B01";"1";"50";"0";"2";"1";"1";"3";""
"202100023142";"160Â 250";"A01";"2";"7";"0";"2";"5";"15";"1";""
"202100023143";"160Â 247";"B01";"1";"33";"0";"2";"1";"1";"1";""
"202100023143";"160Â 248";"A01";"1";"7";"0";"2";"4";"1";"1";""
"202100023144";"160Â 245";"B01";"2";"7";"0";"2";"2";"0";"1";""
"202100023144";"160Â 246";"A01";"1";"7";"0";"2";"1";"0";"1";""
"202100023145";"160Â 244";"A01";"1";"1";"0";"1";"1";"1";"5";""
"202100023146";"160Â 243";"A01";"2";"7";"8";"0";"2";"14";"1";""
"202100023147";"160Â 242";"A01";"3";"7";"0";"2";"1";"1";"1";""
"202100023148";"160Â 241";"A01";"3";"7";"0";"1";"2";"16";"1";""
"202100023149";"160Â 239";"B01";"1";"2";"0";"2";"4";"15";"1";""
"202100023149";"160Â 240";"A01";"1";"7";"0";"2";"1";"2";"1";""
"202100023150";"160Â 238";"A01";"2";"10";"0";"1";"1";"1";"1";""
"202100023151";"160Â 236";"B01";"3";"10";"0";"2";"2";"26";"0";""
"202100023151";"160Â 237";"A01";"0";"50";"0";"2";"3";"25";"3";""
"202100023152";"160Â 235";"A01";"1";"7";"11";"0";"1";"1";"1";""
"202100023153";"160Â 233";"A01";"2";"7";"6";"2";"2";"19";"1";""
"202100023153";"160Â 234";"B01";"2";"7";"0";"2";"3";"21";"1";""
"202100023154";"160Â 231";"A01";"2";"33";"0";"2";"1";"13";"1";""
"202100023154";"160Â 232";"B01";"1";"7";"0";"2";"1";"1";"1";""
"202100023155";"160Â 229";"B01";"3";"7";"0";"0";"2";"0";"1";""
"202100023155";"160Â 230";"A01";"0";"7";"0";"0";"2";"1";"1";""
"202100023156";"160Â 228";"A01";"2";"34";"4";"0";"1";"1";"1";""
"202100023157";"160Â 226";"A01";"2";"7";"0";"2";"1";"2";"1";""
"202100023157";"160Â 227";"B01";"2";"7";"0";"0";"4";"2";"1";""
"202100023158";"160Â 223";"A01";"2";"7";"0";"2";"7";"15";"1";""
"202100023158";"160Â 224";"B01";"1";"2";"0";"2";"1";"1";"1";""
"202100023159";"160Â 222";"A01";"1";"1";"14";"0";"0";"1";"5";""
"202100023160";"160Â 217";"D01";"2";"1";"0";"2";"1";"1";"5";""
"202100023160";"160Â 218";"C01";"2";"1";"0";"2";"1";"1";"5";""
"202100023160";"160Â 219";"E01";"2";"1";"0";"2";"1";"1";"5";""
"202100023160";"160Â 220";"B01";"2";"1";"0";"2";"1";"1";"5";""
"202100023160";"160Â 221";"A01";"1";"7";"0";"2";"8";"13";"0";""
"202100023161";"160Â 216";"A01";"1";"1";"0";"0";"1";"0";"5";""
"202100023162";"160Â 214";"A01";"2";"1";"0";"2";"1";"15";"5";""
"202100023162";"160Â 215";"B01";"1";"7";"0";"2";"3";"1";"1";""
"202100023163";"160Â 213";"A01";"3";"2";"0";"0";"0";"1";"1";""
"202100023164";"160Â 211";"A01";"1";"7";"0";"2";"8";"10";"1";""
"202100023164";"160Â 212";"B01";"1";"33";"0";"2";"1";"17";"1";""
"202100023165";"160Â 209";"A01";"1";"7";"0";"2";"3";"15";"1";""
"202100023165";"160Â 210";"B01";"2";"7";"0";"2";"3";"1";"1";""
"202100023166";"160Â 207";"A01";"1";"2";"0";"2";"1";"16";"1";""
"202100023166";"160Â 208";"B01";"2";"7";"0";"2";"3";"1";"1";""
"202100023167";"160Â 206";"A01";"1";"7";"6";"0";"3";"16";"1";""
"202100023168";"160Â 205";"A01";"1";"7";"0";"0";"1";"1";"1";""
"202100023169";"160Â 204";"A01";"2";"7";"0";"0";"0";"1";"1";""
"202100023170";"160Â 202";"B01";"2";"7";"0";"2";"2";"21";"1";""
"202100023170";"160Â 203";"A01";"1";"7";"0";"2";"2";"17";"1";""
"202100023171";"160Â 199";"B01";"2";"7";"12";"2";"7";"1";"2";""
"202100023171";"160Â 200";"A01";"0";"7";"0";"2";"1";"26";"1";""
"202100023172";"160Â 198";"A01";"3";"7";"8";"0";"2";"1";"1";""
"202100023173";"160Â 196";"A01";"3";"7";"0";"2";"8";"19";"1";""
"202100023173";"160Â 197";"B01";"1";"31";"0";"2";"1";"1";"1";""
"202100023174";"160Â 194";"A01";"1";"7";"0";"2";"2";"2";"1";""