"Num_Acc";"id_vehicule";"num_veh";"senc";"catv";"obs";"obsm";"choc";"manv";"motor";"occutc"
"202100023174";"160Â 195";"B01";"1";"7";"0";"2";"6";"2";"1";""
"202100023175";"160Â 191";"A01";"1";"7";"0";"2";"1";"5";"1";""
"202100023175";"160Â 192";"B01";"2";"7";"0";"2";"1";"1";"1";""
"202100023175";"160Â 193";"C01";"2";"7";"0";"2";"8";"1";"1";""
"202100023176";"160Â 189";"A01";"2";"7";"0";"9";"2";"26";"1";""
"202100023176";"160Â 190";"B01";"2";"1";"0";"2";"3";"15";"5";""
"202100023177";"160Â 188";"A01";"2";"33";"8";"0";"0";"1";"1";""
"202100023178";"160Â 186";"A01";"1";"7";"0";"2";"7";"16";"1";""
"202100023178";"160Â 187";"B01";"1";"32";"0";"2";"3";"21";"1";""
"202100023179";"160Â 185";"A01";"1";"33";"14";"0";"0";"1";"1";""
"202100023180";"160Â 183";"B01";"2";"34";"0";"2";"1";"1";"1";""
"202100023180";"160Â 184";"A01";"1";"7";"0";"2";"8";"15";"1";""
"202100023181";"160Â 181";"B01";"2";"7";"0";"2";"3";"13";"2";""
"202100023181";"160Â 182";"A01";"1";"7";"0";"2";"3";"1";"1";""
"202100023182";"160Â 180";"A01";"2";"7";"13";"0";"1";"1";"1";""
"202100023183";"160Â 178";"B01";"2";"7";"0";"2";"2";"5";"1";""
"202100023183";"160Â 179";"A01";"1";"7";"0";"2";"2";"5";"1";""
"202100023184";"160Â 176";"B01";"1";"33";"0";"2";"1";"1";"1";""
"202100023184";"160Â 177";"A01";"3";"7";"0";"2";"3";"15";"1";""
"202100023185";"160Â 175";"A01";"2";"7";"17";"0";"2";"14";"1";""
"202100023186";"160Â 173";"A01";"1";"33";"0";"2";"1";"1";"1";""
"202100023186";"160Â 174";"B01";"2";"7";"0";"2";"2";"1";"1";""
"202100023187";"160Â 171";"B01";"0";"2";"0";"2";"1";"1";"1";""
"202100023187";"160Â 172";"A01";"0";"7";"0";"2";"2";"15";"1";""
"202100023188";"160Â 169";"B01";"1";"7";"13";"2";"3";"21";"1";""
"202100023188";"160Â 170";"A01";"2";"7";"0";"2";"1";"13";"1";""
"202100023189";"160Â 167";"A01";"1";"33";"0";"2";"1";"17";"1";""
"202100023189";"160Â 168";"B01";"1";"7";"0";"2";"6";"15";"1";""
"202100023190";"160Â 166";"A01";"3";"7";"8";"0";"8";"1";"1";""
"202100023191";"160Â 163";"A01";"1";"31";"0";"2";"1";"17";"1";""
"202100023191";"160Â 164";"B01";"1";"7";"0";"2";"1";"1";"1";""
"202100023192";"160Â 162";"A01";"2";"7";"2";"0";"0";"0";"1";""
"202100023193";"160Â 161";"A01";"3";"7";"2";"0";"2";"1";"1";""
"202100023194";"160Â 160";"A01";"2";"7";"4";"0";"2";"1";"1";""
"202100023195";"160Â 158";"B01";"2";"7";"0";"2";"3";"15";"1";""
"202100023195";"160Â 159";"A01";"2";"33";"0";"2";"1";"17";"1";""
"202100023196";"160Â 157";"A01";"1";"7";"2";"0";"1";"0";"1";""
"202100023197";"160Â 155";"B01";"1";"7";"0";"2";"3";"1";"1";""
"202100023197";"160Â 156";"A01";"2";"20";"0";"2";"1";"13";"1";""
"202100023198";"160Â 153";"B01";"3";"10";"0";"2";"2";"2";"1";""
"202100023198";"160Â 154";"A01";"3";"2";"0";"2";"7";"17";"1";""
"202100023199";"160Â 151";"A01";"1";"33";"0";"2";"2";"17";"1";""
"202100023199";"160Â 152";"B01";"1";"7";"0";"2";"3";"15";"1";""
"202100023200";"160Â 150";"A01";"1";"7";"0";"1";"2";"17";"1";""
"202100023201";"160Â 148";"A01";"1";"7";"0";"2";"3";"15";"1";""
"202100023201";"160Â 149";"B01";"2";"33";"0";"2";"1";"1";"1";""
"202100023202";"160Â 147";"A01";"3";"36";"0";"0";"0";"26";"1";""
"202100023203";"160Â 145";"B01";"2";"7";"0";"2";"3";"1";"1";""
"202100023203";"160Â 146";"A01";"1";"31";"0";"2";"1";"5";"1";""
"202100023204";"160Â 144";"A01";"0";"7";"0";"1";"6";"4";"1";""
"202100023205";"160Â 141";"B01";"2";"32";"0";"2";"7";"1";"1";""
"202100023205";"160Â 142";"A01";"0";"7";"0";"2";"1";"19";"1";""
"202100023206";"160Â 140";"A01";"1";"7";"1";"0";"1";"1";"1";""
"202100023207";"160Â 139";"A01";"2";"33";"0";"0";"1";"1";"1";""
"202100023208";"160Â 137";"B01";"1";"7";"0";"2";"8";"15";"1";""
"202100023208";"160Â 138";"A01";"1";"2";"0";"2";"1";"17";"1";""
"202100023209";"160Â 135";"B01";"3";"2";"0";"2";"7";"21";"1";""
"202100023209";"160Â 136";"A01";"3";"10";"0";"2";"2";"21";"1";""
"202100023210";"160Â 133";"B01";"2";"31";"0";"2";"1";"13";"1";""
"202100023210";"160Â 134";"A01";"1";"7";"0";"2";"1";"1";"1";""
"202100023211";"160Â 131";"B01";"2";"7";"13";"2";"3";"1";"1";""
"202100023211";"160Â 132";"A01";"3";"7";"13";"2";"2";"19";"1";""
"202100023212";"160Â 129";"B01";"2";"15";"0";"2";"3";"1";"1";""
"202100023212";"160Â 130";"A01";"1";"7";"0";"2";"2";"0";"1";""
"202100023213";"160Â 128";"A01";"1";"7";"3";"0";"2";"1";"1";""
"202100023214";"160Â 126";"B01";"1";"7";"0";"2";"3";"11";"1";""
"202100023214";"160Â 127";"A01";"1";"33";"0";"2";"1";"1";"1";""
"202100023215";"160Â 123";"A01";"3";"2";"0";"0";"0";"1";"3";""
"202100023216";"160Â 122";"A01";"2";"7";"6";"0";"1";"1";"1";""
"202100023217";"160Â 119";"C01";"2";"7";"0";"2";"3";"1";"1";""
"202100023217";"160Â 120";"B01";"2";"7";"0";"2";"3";"1";"1";""
"202100023217";"160Â 121";"A01";"1";"7";"0";"2";"3";"1";"1";""
"202100023218";"160Â 117";"A01";"1";"33";"0";"2";"1";"1";"1";""
"202100023218";"160Â 118";"B01";"2";"7";"0";"2";"3";"9";"1";""
"202100023219";"160Â 115";"A01";"1";"7";"0";"2";"2";"13";"1";""
"202100023219";"160Â 116";"B01";"2";"7";"0";"2";"3";"1";"1";""
"202100023220";"160Â 113";"B01";"1";"7";"0";"2";"2";"1";"1";""
"202100023220";"160Â 114";"A01";"2";"33";"10";"2";"1";"13";"1";""
"202100023221";"160Â 111";"B01";"2";"7";"0";"2";"1";"1";"1";""
"202100023221";"160Â 112";"A01";"1";"7";"0";"2";"1";"13";"1";""
"202100023222";"160Â 109";"A01";"2";"30";"0";"2";"3";"13";"1";""
"202100023222";"160Â 110";"B01";"1";"7";"0";"2";"8";"1";"1";""
"202100023223";"160Â 106";"C01";"1";"7";"0";"2";"6";"1";"1";""
"202100023223";"160Â 107";"B01";"1";"7";"0";"2";"8";"1";"1";""
"202100023223";"160Â 108";"A01";"2";"7";"0";"2";"3";"13";"1";""
"202100023224";"160Â 105";"A01";"3";"31";"12";"0";"0";"25";"1";""
"202100023225";"160Â 103";"A01";"2";"7";"0";"2";"3";"13";"1";""
"202100023225";"160Â 104";"B01";"1";"7";"0";"2";"3";"1";"1";""
"202100023226";"160Â 102";"A01";"1";"33";"13";"0";"1";"1";"1";""
"202100023227";"160Â 100";"C01";"2";"7";"0";"2";"1";"1";"1";""
"202100023227";"160Â 101";"A01";"2";"7";"0";"2";"3";"10";"1";""
"202100023228";"160Â 097";"B01";"1";"7";"0";"0";"4";"2";"1";""
"202100023228";"160Â 098";"A01";"1";"7";"0";"2";"1";"2";"0";""
"202100023229";"160Â 096";"A01";"3";"32";"12";"0";"1";"1";"1";""
"202100023230";"160Â 094";"B01";"2";"34";"0";"2";"1";"0";"1";""
"202100023230";"160Â 095";"A01";"2";"7";"0";"2";"3";"11";"1";""
"202100023231";"160Â 089";"A01";"1";"15";"0";"0";"1";"2";" -1";""
"202100023231";"160Â 090";"B01";" -1";"7";" -1";" -1";" -1";" -1";" -1";""
"202100023231";"160Â 091";"C01";" -1";"7";" -1";" -1";" -1";" -1";" -1";""
"202100023232";"160Â 088";"A01";"1";"10";"0";"0";"7";"2";"1";""
"202100023233";"160Â 087";"A01";"1";"33";"16";"0";"7";"1";"1";""
"202100023234";"160Â 085";"B01";"1";"7";"0";"2";"4";"1";"1";""
"202100023234";"160Â 086";"A01";"1";"17";"0";"2";"0";"12";"1";""
"202100023235";"160Â 083";"B01";"2";"10";"0";"2";"3";"1";"1";""
"202100023235";"160Â 084";"A01";"2";"7";"4";"0";"2";"12";"1";""
"202100023236";"160Â 082";"A01";"1";"7";"14";"0";"1";"1";"1";""
"202100023237";"160Â 081";"A01";"2";"7";"0";"5";"1";"1";"1";""
"202100023238";"160Â 078";"C01";"2";"7";"0";"9";"1";"1";"1";""
"202100023238";"160Â 079";"B01";"2";"33";"0";"9";"1";"1";"1";""
"202100023238";"160Â 080";"A01";"2";"15";"0";"9";"6";"1";"1";""
"202100023239";"160Â 077";"A01";"0";"7";"0";"1";"2";"16";"1";""
"202100023240";"160Â 076";"A01";"2";"7";"0";"1";"1";"1";"1";""
"202100023241";"160Â 075";"A01";"1";"1";"0";"1";"1";"1";"5";""
"202100023242";"160Â 073";"A01";"1";"1";"0";"2";"7";"1";"5";""
"202100023242";"160Â 074";"B01";"1";"7";"0";"2";"8";"15";"1";""
"202100023243";"160Â 071";"B01";"1";"33";"0";"2";"6";"1";"1";""
"202100023243";"160Â 072";"A01";"2";"7";"0";"2";"1";"19";"1";""
"202100023244";"160Â 069";"B01";"1";"7";"0";"2";"2";"15";"1";""
"202100023244";"160Â 070";"A01";"2";"32";"0";"2";"1";"21";"1";""
"202100023245";"160Â 067";"B01";"2";"33";"0";"2";"7";"2";"1";""
"202100023245";"160Â 068";"A01";"2";"10";"0";"2";"1";"16";"1";""
"202100023246";"160Â 065";"A01";"1";"7";"0";"2";"0";"16";"1";""
"202100023246";"160Â 066";"B01";"1";"50";"0";"2";"0";"16";"3";""
"202100023247";"160Â 063";"A01";"1";"7";"0";"9";"1";"19";"1";""
"202100023247";"160Â 064";"B01";"1";"2";"0";"2";"8";"1";"0";""
"202100023248";"160Â 060";"C01";"1";"7";"0";"2";"2";"2";"1";""
"202100023248";"160Â 061";"B01";"2";"7";"0";"0";"4";"2";"1";""
"202100023248";"160Â 062";"A01";"1";"34";"0";"2";"1";"2";"1";""
"202100023249";"160Â 058";"A01";"2";"7";"0";"2";"1";"15";"1";""
"202100023249";"160Â 059";"B01";"1";"2";"0";"2";"1";"1";"0";""
"202100023250";"160Â 055";"A01";"1";"7";"0";"2";"1";"26";"1";""
"202100023250";"160Â 056";"C01";"1";"7";"0";"2";"4";"26";"1";""
"202100023250";"160Â 057";"B01";"1";"7";"0";"2";"4";"26";"1";""
"202100023251";"160Â 053";"B01";"1";"1";"0";"2";"8";"19";"5";""
"202100023251";"160Â 054";"A01";"1";"7";"0";"2";"0";"1";"0";""
"202100023252";"160Â 051";"B01";"2";"7";"0";"2";"8";"1";"1";""
"202100023252";"160Â 052";"A01";"1";"7";"0";"2";"2";"15";"1";""
"202100023253";"160Â 049";"A01";"1";"80";"0";"2";"8";"1";"3";""
"202100023253";"160Â 050";"B01";"3";"7";"0";"2";"1";"1";"1";""
"202100023254";"160Â 047";"B01";"1";"33";"0";"2";"1";"1";"1";""
"202100023254";"160Â 048";"A01";"1";"7";"0";"2";"8";"1";"1";""
"202100023255";"160Â 045";"B01";"3";"7";"0";"2";"6";"15";"1";""
"202100023255";"160Â 046";"A01";"3";"31";"0";"2";"9";"1";"1";""
"202100023256";"160Â 044";"A01";"3";"7";"0";"1";"7";"1";"1";""
"202100023257";"160Â 043";"A01";"2";"10";"0";"1";"4";"4";"6";""
"202100023258";"160Â 042";"A01";"0";"7";"0";"1";"0";"1";"1";""
"202100023259";"160Â 041";"A01";"2";"7";"0";"1";"1";"1";"1";""
"202100023260";"160Â 039";"B01";"3";"2";"0";"2";"0";"0";"0";""
"202100023260";"160Â 040";"A01";"3";"7";"0";"2";"0";"0";"0";""
"202100023261";"160Â 037";"B01";"1";"80";"0";"2";"8";"13";"3";""
"202100023261";"160Â 038";"A01";"0";"7";"0";"9";"7";"17";"1";""
"202100023262";"160Â 035";"A01";"1";"30";"0";"2";"1";"26";"1";""
"202100023262";"160Â 036";"B01";"1";"7";"0";"2";"6";"2";"1";""
"202100023263";"160Â 033";"B01";"1";"1";"0";"2";"4";"1";"0";""
"202100023263";"160Â 034";"A01";"1";"10";"0";"2";"3";"1";"3";""
"202100023264";"160Â 031";"B01";"2";"50";"0";"2";"1";"1";"3";""
"202100023264";"160Â 032";"A01";"1";"7";"0";"2";"7";"1";"1";""
"202100023265";"160Â 030";"A01";"1";"34";"8";"0";"2";"17";"1";""
"202100023266";"160Â 028";"A01";"1";"7";"0";"2";"3";"13";"1";""
"202100023266";"160Â 029";"B01";"2";"7";"0";"2";"3";"1";"1";""
"202100023267";"160Â 026";"A01";"1";"3";"0";"2";"1";"15";"1";""
"202100023267";"160Â 027";"B01";"2";"43";"0";"2";"3";"1";"1";""
"202100023268";"160Â 025";"A01";"1";"7";"0";"1";"5";"17";"1";""
"202100023269";"160Â 023";"B01";"2";"7";"0";"2";"3";"2";"1";""
"202100023269";"160Â 024";"A01";"2";"33";"0";"2";"2";"17";"1";""
"202100023270";"160Â 022";"A01";"1";"1";"0";"0";"7";"1";"5";""
"202100023271";"160Â 020";"A01";"1";"7";"0";"2";"1";"15";"1";""
"202100023271";"160Â 021";"B01";"1";"80";"0";"2";"1";"19";"3";""
"202100023272";"160Â 018";"B01";"3";"7";"0";"2";"0";"0";"1";""
"202100023272";"160Â 019";"A01";"3";"3";"0";"2";"2";"0";"6";""
"202100023273";"160Â 016";"B01";"2";"7";"0";"2";"2";"1";"1";""
"202100023273";"160Â 017";"A01";"1";"7";"0";"2";"7";"15";"1";""
"202100023274";"160Â 014";"B01";"1";"30";"0";"2";"4";"1";"1";""
"202100023274";"160Â 015";"A01";"1";"7";"0";"9";"1";"1";"1";""
"202100023275";"160Â 012";"B01";"3";"7";"0";"2";"2";"1";"1";""
"202100023275";"160Â 013";"A01";"3";"10";"0";"2";"2";"13";"1";""
"202100023276";"160Â 010";"A01";"1";"7";"0";"9";"3";"1";"1";""
"202100023276";"160Â 011";"B01";"1";"1";"0";"2";"4";"15";"0";""
"202100023277";"160Â 008";"B01";"1";"1";"0";"2";"2";"2";"5";""
"202100023277";"160Â 009";"A01";"1";"14";"0";"2";"3";"26";"1";""
"202100023278";"160Â 007";"A01";"1";"7";"0";"0";"3";"13";"1";""
"202100023279";"160Â 005";"B01";"3";"1";"0";"2";"1";"15";"5";""
"202100023279";"160Â 006";"A01";"0";"7";"0";"2";"3";"15";"1";""
"202100023280";"160Â 004";"A01";"0";"7";"0";"1";"1";"26";"1";""
"202100023281";"160Â 002";"B01";"1";"30";"0";"2";"4";"13";"1";""
"202100023281";"160Â 003";"A01";"1";"7";"0";"2";"1";"17";"1";""
"202100023282";"160Â 001";"A01";"1";"33";"12";"0";"1";"17";"1";""
"202100023283";"159Â 999";"A01";"2";"7";"0";"2";"2";"15";"1";""
"202100023283";"160Â 000";"B01";"1";"1";"0";"2";"3";"2";"0";""
"202100023284";"159Â 998";"A01";"1";"50";"0";"0";"1";"1";"3";""
"202100023285";"159Â 996";"A01";"1";"7";"0";"2";"6";"10";"1";""
"202100023285";"159Â 997";"B01";"1";"32";"0";"2";"1";"1";"1";""
"202100023286";"159Â 994";"B01";"3";"33";"0";"2";"4";"1";"1";""
"202100023286";"159Â 995";"Z01";"3";"7";"0";"2";"1";"1";"1";""
"202100023287";"159Â 992";"A01";"1";"7";"0";"2";"2";"1";"1";""
"202100023287";"159Â 993";"B01";"2";"30";"0";"2";"1";"15";"1";""
"202100023288";"159Â 990";"B01";"1";"80";"0";"2";"8";"1";"3";""
"202100023288";"159Â 991";"A01";"1";"7";"0";"2";"7";"17";"1";""
"202100023289";"159Â 988";"A01";"0";"80";"0";"2";"1";"1";"3";""
"202100023289";"159Â 989";"B01";"3";"7";"0";"2";"8";"1";"1";""
"202100023290";"159Â 986";"A01";"1";"7";"0";"2";"1";"1";"1";""
"202100023290";"159Â 987";"B01";"1";"10";"0";"2";"4";"1";"1";""
"202100023291";"159Â 982";"TA01";"3";"7";"0";"2";"1";"1";"1";""
"202100023291";"159Â 983";"B01";"3";"7";"0";"2";"7";"1";"0";""
"202100023292";"159Â 980";"B01";"3";"2";"0";"2";"1";"1";"1";""
"202100023292";"159Â 981";"SA01";"3";"7";"0";"2";"1";"9";"1";""
"202100023293";"159Â 978";"B01";"3";"31";"0";"2";"3";"0";"1";""
"202100023293";"159Â 979";"A01";"3";"7";"0";"2";"3";"15";"1";""
"202100023294";"159Â 977";"A01";"3";"30";"0";"0";"2";"15";"1";""
"202100023295";"159Â 976";"A01";"1";"2";"12";"0";"0";"9";"1";""
"202100023296";"159Â 975";"A01";"3";"7";"0";"1";"1";"1";"1";""
"202100023297";"159Â 973";"A01";"3";"7";"0";"2";"2";"2";"1";""
"202100023297";"159Â 974";"B01";"3";"1";"0";"2";"4";"13";"5";""
"202100023298";"159Â 971";"B01";"3";"34";"0";"2";"2";"17";"1";""
"202100023298";"159Â 972";"A01";"3";"1";"0";"2";"4";"15";"5";""
"202100023299";"159Â 969";"A01";"1";"2";"0";"2";"1";"2";"1";""
"202100023299";"159Â 970";"B01";"2";"7";"0";"2";"1";"11";"1";""
"202100023300";"159Â 968";"A01";"0";"7";"15";"0";"1";"19";"1";""
"202100023301";"159Â 966";"A01";"0";"7";"0";"2";"3";"15";"1";""
"202100023301";"159Â 967";"B01";"0";"33";"1";"2";"1";"1";"1";""
"202100023302";"159Â 964";"A01";"3";"7";"0";"2";"3";"1";"1";""
"202100023302";"159Â 965";"Z01";"3";"7";"0";"2";"3";"17";"1";""
"202100023303";"159Â 962";"Z01";"3";"7";"0";"2";"2";"1";"1";""
"202100023303";"159Â 963";"A01";"3";"7";"0";"2";"3";"1";"6";""
"202100023304";"159Â 960";"A01";"1";"1";"0";"2";"7";"26";"5";""
"202100023304";"159Â 961";"B01";"2";"7";"0";"2";"3";"15";"1";""
"202100023305";"159Â 958";"A01";"3";"7";"0";"2";"2";"15";"1";""
"202100023305";"159Â 959";"B01";"0";"30";"0";"2";"1";"1";"1";""
"202100023306";"159Â 956";"A01";"1";"7";"0";"2";"3";"1";"1";""
"202100023306";"159Â 957";"B01";"2";"7";"0";"2";"3";"1";"1";""
"202100023307";"159Â 954";"A01";"1";"2";"0";"2";"1";"19";"1";""
"202100023307";"159Â 955";"B01";"1";"7";"0";"2";"1";"1";"1";""
"202100023308";"159Â 952";"B01";"1";"31";"0";"2";"1";"3";"0";""
"202100023308";"159Â 953";"A01";"2";"7";"0";"2";"2";"10";"1";""
"202100023309";"159Â 950";"B01";"3";"99";"0";"2";"1";"1";"0";""
"202100023309";"159Â 951";"A01";"3";"1";"0";"2";"1";"16";"5";""
"202100023310";"159Â 949";"A01";"3";"50";"0";"1";"1";"1";"3";""
"202100023311";"159Â 947";"A01";"1";"7";"0";"2";"1";"1";"1";""
"202100023311";"159Â 948";"Z01";"1";"30";"0";"2";"7";"1";"0";""
"202100023312";"159Â 945";"B01";"1";"80";"0";"2";"0";"1";"3";""
"202100023312";"159Â 946";"A01";"1";"7";"0";"2";"3";"15";"1";""
"202100023313";"159Â 942";"A01";"1";"7";"0";"2";"1";"2";"1";""
"202100023313";"159Â 943";"C01";"1";"7";"0";"2";"4";"23";"1";""
"202100023313";"159Â 944";"B01";"1";"7";"0";"2";"4";"23";"1";""
"202100023314";"159Â 940";"A01";"2";"7";"0";"2";"7";"14";"1";""
"202100023314";"159Â 941";"B01";"2";"7";"0";"2";"8";"24";"1";""
"202100023315";"159Â 939";"A01";"2";"30";"12";"0";"1";"14";"1";""
"202100023316";"159Â 937";"B01";"1";"30";"0";"2";"6";"13";"1";""
"202100023316";"159Â 938";"A01";"1";"7";"0";"2";"2";"1";"2";""
"202100023317";"159Â 935";"B01";"2";"1";"0";"2";"3";"15";"5";""
"202100023317";"159Â 936";"A01";"2";"30";"0";"2";"1";"2";"1";""
"202100023318";"159Â 934";"A01";"1";"10";"12";"1";"7";"14";"1";""
"202100023319";"159Â 932";"A01";"2";"7";"0";"2";"1";"15";"1";""
"202100023319";"159Â 933";"B01";"1";"7";"0";"2";"3";"1";"1";""
"202100023320";"159Â 930";"A01";"1";"31";"0";"2";"1";"1";"1";""
"202100023320";"159Â 931";"B01";"1";"7";"0";"2";"8";"10";"1";""
"202100023321";"159Â 929";"A01";"1";"7";"12";"0";"2";"0";"1";""
"202100023322";"159Â 927";"A01";"1";"7";"0";"2";"1";"2";"1";""
"202100023322";"159Â 928";"B01";"1";"7";"0";"2";"6";"23";"1";""
"202100023323";"159Â 925";"B01";"1";"7";"0";"2";"2";"1";"1";""
"202100023323";"159Â 926";"A01";"1";"30";"0";"2";"1";"1";"1";""
"202100023324";"159Â 923";"A01";"1";"37";"0";"0";"0";"0";"0";"1"
"202100023324";"159Â 924";"B01";"2";"1";"0";"2";"1";"1";"0";""
"202100023325";"159Â 919";"D01";"0";"7";"0";"2";"4";"23";"1";""
"202100023325";"159Â 920";"A01";"0";"7";"0";"2";"1";"1";"1";""
"202100023325";"159Â 921";"B01";"0";"7";"0";"2";"1";"23";"1";""
"202100023325";"159Â 922";"C01";"0";"7";"0";"2";"1";"23";"1";""
"202100023326";"159Â 918";"A01";"2";"7";"0";"1";"7";"1";"1";""
"202100023327";"159Â 916";"A01";"1";"7";"0";"2";"3";"17";"1";""
"202100023327";"159Â 917";"B01";"3";"7";"0";"2";"3";"1";"1";""
"202100023328";"159Â 914";"B01";"3";"1";"0";"2";"8";"0";"5";""
"202100023328";"159Â 915";"A01";"0";"34";"0";"2";"2";"0";"5";""
"202100023329";"159Â 912";"B01";"2";"7";"0";"2";"2";"1";"1";""
"202100023329";"159Â 913";"A01";"1";"2";"9";"2";"1";"10";"1";""
"202100023330";"159Â 907";"A01";"1";"7";"0";"2";"3";"13";"1";""
"202100023330";"159Â 908";"B01";"2";"14";"0";"2";"3";"1";"1";""
"202100023331";"159Â 905";"A01";"1";"7";"0";"0";"4";"0";"1";""
"202100023331";"159Â 906";"B01";"1";"7";"1";"0";"1";"0";"1";""
"202100023332";"159Â 904";"A01";"2";"7";"2";"0";"0";"1";"1";""
"202100023333";"159Â 902";"A01";"3";"7";"0";"2";"2";"20";"1";""
"202100023333";"159Â 903";"B01";"3";"50";"0";"2";"8";"1";"3";""
"202100023334";"159Â 901";"A01";"0";"7";"0";"1";"3";"1";"1";""
"202100023335";"159Â 900";"A01";"2";"7";"2";"0";"1";"1";"1";""
"202100023336";"159Â 898";"B01";"2";"7";"0";"0";"5";"1";"1";""
"202100023336";"159Â 899";"A01";"2";"7";"8";"2";"1";"14";"1";""
"202100023337";"159Â 896";"B01";"3";"7";"0";"2";"3";"1";"1";""
"202100023337";"159Â 897";"A01";"3";"7";"0";"2";"2";"13";"1";""
"202100023338";"159Â 895";"A01";"1";"7";"1";"0";"1";"1";"1";""
"202100023339";"159Â 893";"B01";"2";"7";"0";"2";"1";"1";"1";""
"202100023339";"159Â 894";"A01";"2";"7";"0";"2";"1";"13";"1";""
"202100023340";"159Â 890";"C01";"1";"7";"0";"2";"3";"19";"1";""
"202100023340";"159Â 891";"A01";"2";"7";"0";"2";"2";"19";"1";""
"202100023340";"159Â 892";"B01";"2";"7";"0";"2";"3";"1";"1";""
"202100023341";"159Â 888";"B01";"1";"7";"0";"2";"1";"1";"1";""
"202100023341";"159Â 889";"A01";"2";"7";"0";"2";"1";"1";"1";""
"202100023342";"159Â 887";"A01";"2";"7";"0";"0";"3";"21";"1";""
"202100023343";"159Â 886";"A01";"1";"31";"0";"0";"0";"0";"1";""
"202100023344";"159Â 885";"A01";"1";"7";"13";"0";"0";"1";"1";""
"202100023345";"159Â 884";"A01";"0";"33";"0";"0";"0";"0";"0";""
"202100023346";"159Â 882";"A01";"2";"33";"0";"2";"1";"1";"1";""
"202100023346";"159Â 883";"B01";"1";"7";"0";"0";"1";"1";"1";""
"202100023347";"159Â 881";"A01";"2";"31";"0";"0";"0";"1";"1";""
"202100023348";"159Â 879";"B01";"0";"1";"0";"0";"7";"1";"5";""
"202100023348";"159Â 880";"A01";"0";"7";"0";"0";"1";"1";"1";""
"202100023349";"159Â 876";"B01";"2";"2";"0";"2";"1";"1";"1";""
"202100023349";"159Â 877";"A01";"2";"7";"0";"2";"2";"15";"1";""
"202100023349";"159Â 878";"C01";"1";"1";"0";"2";"1";"1";"5";""
"202100023350";"159Â 875";"A01";"1";"7";"0";"0";"9";"1";"1";""
"202100023351";"159Â 873";"A01";"2";"7";"0";"2";"3";"13";"1";""
"202100023351";"159Â 874";"B01";"1";"33";"0";"2";"1";"1";"1";""
"202100023352";"159Â 872";"A01";"1";"7";"2";"0";"3";"0";"1";""
"202100023353";"159Â 870";"A01";"0";"7";"0";"2";"1";"5";"1";""
"202100023353";"159Â 871";"B01";"0";"7";"0";"2";"1";"1";"1";""
"202100023354";"159Â 868";"B01";"2";"7";"0";"0";"5";"23";"1";""
"202100023354";"159Â 869";"A01";"2";"33";"0";"2";"1";"2";"1";""
"202100023355";"159Â 867";"A01";"1";"7";"2";"0";"7";"1";"1";""
"202100023356";"159Â 866";"A01";"2";"2";"0";"0";"0";"0";"1";""
"202100023357";"159Â 864";"B01";"2";"33";"0";"2";"1";"1";"1";""
"202100023357";"159Â 865";"A01";"3";"7";"0";"2";"7";"15";"1";""
"202100023358";"159Â 863";"A01";"1";"31";"12";"0";"1";"1";"1";""
"202100023359";"159Â 862";"A01";"0";"10";"2";"0";"3";"1";"1";""
"202100023360";"159Â 860";"B01";"3";"7";"0";"2";"3";"1";"1";""
"202100023360";"159Â 861";"A01";"3";"7";"0";"2";"3";"16";"1";""
"202100023361";"159Â 858";"B01";"1";"1";"0";"0";"4";"2";"5";""
"202100023361";"159Â 859";"A01";"1";"7";"0";"9";"2";"2";"1";""
"202100023362";"159Â 857";"A01";"3";"33";"0";"0";"1";"1";"1";""
"202100023363";"159Â 856";"A01";"2";"7";"0";"1";"2";"1";"1";""
"202100023364";"159Â 854";"A01";"1";"7";"0";"9";"1";"1";"1";""
"202100023364";"159Â 855";"B01";"2";"1";"0";"2";"8";"5";"5";""
"202100023365";"159Â 853";"A01";"1";"7";"2";"0";"1";"1";"1";""
"202100023366";"159Â 851";"A01";"2";"7";"0";"0";"4";"2";"1";""
"202100023366";"159Â 852";"B01";"2";"7";"0";"0";"1";"2";"1";""
"202100023367";"159Â 849";"A01";"3";"31";"0";"0";"8";"1";"1";""
"202100023367";"159Â 850";"B01";"3";"7";"0";"0";" -1";"1";" -1";""
"202100023368";"159Â 848";"A01";"2";"7";"0";"1";"3";"1";"1";""
"202100023369";"159Â 846";"B01";"3";"2";"0";"2";"1";"1";"1";""
"202100023369";"159Â 847";"A01";"3";"7";"0";"2";"1";"1";"1";""
"202100023370";"159Â 845";"A01";"3";"31";"6";"0";"1";"0";"1";""
"202100023371";"159Â 844";"A01";"3";"7";"2";"0";"1";"1";"1";""
"202100023372";"159Â 842";"B01";"2";"7";"0";"2";"1";"1";"1";""
"202100023372";"159Â 843";"A01";"2";"7";"0";"2";"1";"9";"1";""
"202100023373";"159Â 840";"A01";"1";"10";"0";"2";"3";"15";"1";""
"202100023373";"159Â 841";"B01";"2";"32";"0";"2";"1";"1";"1";""
"202100023374";"159Â 839";"A01";"1";"33";"3";"0";"7";"1";"1";""
"202100023375";"159Â 837";"A01";"2";"7";"0";"2";"1";"1";"1";""
"202100023375";"159Â 838";"B01";"2";"7";"0";"0";"4";"21";"1";""
"202100023376";"159Â 835";"B01";"1";"7";"0";"2";"1";"1";"1";""