"Num_Acc";"id_vehicule";"num_veh";"senc";"catv";"obs";"obsm";"choc";"manv";"motor";"occutc"
"202100023376";"159Â 836";"A01";"2";"7";"0";"2";"8";"19";"1";""
"202100023377";"159Â 833";"A01";"1";"33";"0";"2";"3";"1";"1";""
"202100023377";"159Â 834";"B01";"2";"10";"0";"2";"2";"19";"1";""
"202100023378";"159Â 832";"A01";"2";"33";"0";"0";"0";"1";"1";""
"202100023379";"159Â 828";"D01";"3";"1";"0";"2";"1";"2";"5";""
"202100023379";"159Â 829";"C01";"3";"1";"0";"2";"1";"2";"5";""
"202100023379";"159Â 830";"B01";"3";"1";"0";"2";"1";"2";"5";""
"202100023379";"159Â 831";"A01";"3";"1";"0";"0";"4";"15";"5";""
"202100023380";"159Â 826";"B01";"1";"33";"0";"2";"1";"1";"1";""
"202100023380";"159Â 827";"A01";"3";"7";"0";"2";"8";"15";"1";""
"202100023381";"159Â 824";"B01";"2";"7";"0";"2";"1";"1";"1";""
"202100023381";"159Â 825";"A01";"1";"7";"0";"2";"8";"19";"1";""
"202100023382";"159Â 822";"B01";"1";"10";"0";"2";"1";"13";"1";""
"202100023382";"159Â 823";"A01";"2";"7";"0";"2";"1";"1";"1";""
"202100023383";"159Â 821";"A01";"1";"33";"12";"0";"8";"0";"1";""
"202100023384";"159Â 820";"A01";"2";"7";"16";"0";"0";"1";"1";""
"202100023385";"159Â 818";"B01";"2";"7";"0";"2";"3";"1";"1";""
"202100023385";"159Â 819";"A01";"1";"7";"0";"2";"2";"15";"1";""
"202100023386";"159Â 816";"A01";"2";"1";"0";"2";"1";"5";"5";""
"202100023386";"159Â 817";"B01";"1";"7";"0";"2";"3";"21";"1";""
"202100023387";"159Â 814";"B01";"2";"7";"0";"2";"4";"2";"1";""
"202100023387";"159Â 815";"A01";"2";"7";"0";"2";"1";"2";"1";""
"202100023388";"159Â 812";"B01";"2";"7";"0";"2";"4";"1";"1";""
"202100023388";"159Â 813";"A01";"2";"7";"0";"2";"1";"1";"1";""
"202100023389";"159Â 810";"A01";"2";"34";"0";"2";"8";"11";"1";""
"202100023389";"159Â 811";"B01";"2";"33";"0";"2";"8";"3";"1";""
"202100023390";"159Â 809";"A01";"1";"7";"3";"0";"1";"13";"1";""
"202100023391";"159Â 807";"B01";"1";"7";"0";"2";"1";"1";"1";""
"202100023391";"159Â 808";"A01";"1";"10";"0";"2";"4";"2";"1";""
"202100023392";"159Â 804";"Z01";"1";"7";"0";"2";"8";"11";"0";""
"202100023392";"159Â 805";"B01";"1";"99";"0";"2";"6";"1";"1";""
"202100023392";"159Â 806";"A01";"1";"33";"0";"2";"7";"3";"1";""
"202100023393";"159Â 802";"B01";"1";"33";"0";"2";"4";"1";"1";""
"202100023393";"159Â 803";"A01";"1";"7";"0";"2";"2";"12";"1";""
"202100023394";"159Â 801";"A01";"2";"7";"4";"0";"1";"26";"1";""
"202100023395";"159Â 798";"C01";"1";"10";"0";"2";"4";"1";"1";""
"202100023395";"159Â 799";"A01";"1";"33";"0";"2";"2";"3";"1";""
"202100023395";"159Â 800";"B01";"1";"7";"0";"2";"5";"12";"1";""
"202100023396";"159Â 797";"A01";"2";"33";"0";"9";"8";"1";"1";""
"202100023397";"159Â 796";"A01";"1";"7";"0";"1";"1";"1";"1";""
"202100023398";"159Â 794";"B01";"2";"30";"1";"0";"0";"0";"1";""
"202100023398";"159Â 795";"A01";"2";"15";"0";"2";"5";"24";"1";""
"202100023399";"159Â 792";"A01";"1";"17";"0";"2";"4";"4";"1";""
"202100023399";"159Â 793";"B01";"1";"7";"0";"2";"1";"2";"1";""
"202100023400";"159Â 789";"A01";"2";"30";"1";"0";"2";"2";"1";""
"202100023400";"159Â 790";"B01";"2";"32";"1";"0";"2";"2";"0";""
"202100023400";"159Â 791";"C01";"1";"7";"1";"2";"2";"20";"1";""
"202100023401";"159Â 787";"Z01";"1";"7";"0";"2";"2";"1";"1";""
"202100023401";"159Â 788";"B01";"2";"2";"0";"0";"0";"0";"6";""
"202100023402";"159Â 785";"Z01";"0";"10";"0";"2";"2";"0";"0";""
"202100023402";"159Â 786";"B01";"3";"2";"0";"2";"8";"26";"1";""
"202100023403";"159Â 783";"B01";"3";"2";"0";"2";"1";"1";"1";""
"202100023403";"159Â 784";"A01";"1";"7";"0";"2";"2";"12";"1";""
"202100023404";"159Â 781";"B01";"2";"7";"0";"2";"5";"1";"6";""
"202100023404";"159Â 782";"A01";"2";"30";"0";"2";"1";"1";"1";""
"202100023405";"159Â 779";"A01";"2";"7";"0";"2";"3";"15";"1";""
"202100023405";"159Â 780";"B01";"1";"7";"6";"2";"1";"1";"1";""
"202100023406";"159Â 778";"A01";"2";"7";"0";"1";"2";"1";"1";""
"202100023407";"159Â 776";"A01";"3";"10";"0";"2";"2";"15";"1";""
"202100023407";"159Â 777";"B01";"3";"10";"0";"2";"1";"1";"1";""
"202100023408";"159Â 775";"A01";"2";"33";"0";"0";"0";"15";"1";""
"202100023409";"159Â 773";"B01";"0";"7";"0";"2";"2";"1";"1";""
"202100023409";"159Â 774";"A01";"0";"7";"0";"2";"0";"9";"0";""
"202100023410";"159Â 772";"A01";"2";"7";"0";"1";"7";"16";"1";""
"202100023411";"159Â 771";"A01";"1";"7";"0";"1";"1";"20";"1";""
"202100023412";"159Â 770";"A01";"0";"34";"0";"0";"0";"0";"1";""
"202100023413";"159Â 769";"A01";"1";"7";"0";"1";"5";"1";"1";""
"202100023414";"159Â 768";"A01";"1";"7";"8";"0";"2";"14";"1";""
"202100023415";"159Â 766";"B01";"1";"7";"0";"2";"8";"1";"1";""
"202100023415";"159Â 767";"A01";"2";"1";"0";"2";"1";"19";"5";""
"202100023416";"159Â 764";"B01";"3";"2";"0";"2";"1";"1";"1";""
"202100023416";"159Â 765";"A01";"3";"7";"0";"2";"3";"15";"1";""
"202100023417";"159Â 762";"B01";"2";"2";"0";"2";"3";"2";"1";""
"202100023417";"159Â 763";"A01";"2";"7";"0";"2";"2";"16";"1";""
"202100023418";"159Â 761";"A01";"1";"7";"0";"1";"2";"1";"1";""
"202100023419";"159Â 760";"A01";"1";"2";"0";"0";"1";"26";"1";""
"202100023420";"159Â 758";"B01";"0";"50";"0";"2";"1";"19";"3";""
"202100023420";"159Â 759";"A01";"2";"7";"0";"2";"2";"1";"1";""
"202100023421";"159Â 756";"B01";"2";"7";"0";"2";"1";"1";"1";""
"202100023421";"159Â 757";"A01";"1";"7";"0";"2";"1";"1";"0";""
"202100023422";"159Â 754";"B01";"2";"7";"0";"2";"8";"1";"1";""
"202100023422";"159Â 755";"A01";"1";"7";"0";"2";"8";"13";"1";""
"202100023423";"159Â 752";"B01";"1";"7";"0";"9";"4";"23";"1";""
"202100023423";"159Â 753";"A01";"1";"2";"0";"2";"1";"26";"1";""
"202100023424";"159Â 750";"B01";"1";"33";"0";"2";"2";"1";"1";""
"202100023424";"159Â 751";"A01";"3";"7";"0";"2";"3";"15";"1";""
"202100023425";"159Â 748";"B01";"2";"2";"0";"2";"1";"1";"1";""
"202100023425";"159Â 749";"A01";"1";"7";"0";"2";"2";"15";"1";""
"202100023426";"159Â 747";"Z01";"2";"10";"0";"1";"1";"2";"1";""
"202100023427";"159Â 746";"A01";"3";"7";"12";"0";"1";"13";"1";""
"202100023428";"159Â 744";"B01";"1";"7";"0";"2";"2";"16";"1";""
"202100023428";"159Â 745";"A01";"2";"1";"0";"2";"1";"5";"5";""
"202100023429";"159Â 742";"B01";"1";"50";"0";"2";"1";"1";"3";""
"202100023429";"159Â 743";"A01";"1";"7";"0";"2";"6";"15";"1";""
"202100023430";"159Â 741";"A01";"2";"7";"4";"0";"0";"2";"1";""
"202100023431";"159Â 739";"A01";"2";"7";"0";"2";"2";"15";"1";""
"202100023431";"159Â 740";"B01";"1";"32";"0";"2";"1";"1";"1";""
"202100023432";"159Â 737";"A01";"2";"33";"0";"2";"1";"2";"1";""
"202100023432";"159Â 738";"B01";"2";"7";"0";"2";"4";"2";"1";""
"202100023433";"159Â 735";"B01";"2";"10";"0";"2";"4";"16";"1";""
"202100023433";"159Â 736";"A01";"2";"34";"0";"2";"1";"1";"1";""
"202100023434";"159Â 733";"A01";"1";"7";"0";"2";"3";"9";"1";""
"202100023434";"159Â 734";"B01";"3";"1";"0";"2";"7";"1";"5";""
"202100023435";"159Â 732";"A01";"1";"7";"0";"0";"9";"1";"1";""
"202100023436";"159Â 731";"A01";"0";"7";"0";"1";"1";"9";"1";""
"202100023437";"159Â 727";"B01";"1";"32";"0";"2";"5";"15";"1";""
"202100023437";"159Â 728";"A01";"1";"7";"0";"2";"3";"9";"1";""
"202100023438";"159Â 726";"A01";"1";"7";"8";"0";"2";"1";"1";""
"202100023439";"159Â 724";"B01";"2";"1";"0";"2";"7";"15";"5";""
"202100023439";"159Â 725";"A01";"2";"7";"0";"2";"7";"16";"2";""
"202100023440";"159Â 722";"A01";"1";"30";"0";"2";"1";"1";"1";""
"202100023440";"159Â 723";"B01";"2";"7";"0";"2";"2";"1";"1";""
"202100023441";"159Â 720";"B01";"2";"7";"0";"2";"4";"23";"1";""
"202100023441";"159Â 721";"A01";"2";"7";"1";"0";"1";"2";"1";""
"202100023442";"159Â 718";"B01";"0";"7";"0";"2";"0";"0";"0";""
"202100023442";"159Â 719";"A01";"0";"7";"0";"2";"0";"17";"1";""
"202100023443";"159Â 717";"A01";"3";"10";"0";"1";"3";"15";"1";""
"202100023444";"159Â 715";"A01";"0";"7";"0";"2";"2";"1";"1";""
"202100023444";"159Â 716";"B01";"3";"33";"0";"2";"1";"1";"1";""
"202100023445";"159Â 714";"A01";"3";"7";"0";"1";"1";"1";"1";""
"202100023446";"159Â 713";"A01";"2";"32";"0";"1";"1";"1";"1";""
"202100023447";"159Â 711";"Z01";"2";"7";"0";"2";"0";"0";"0";""
"202100023447";"159Â 712";"B01";"1";"2";"0";"2";"1";"0";"0";""
"202100023448";"159Â 710";"A01";"1";"3";"0";"1";"1";"1";"0";""
"202100023449";"159Â 708";"A01";"2";"7";"0";"2";"1";"2";"1";""
"202100023449";"159Â 709";"B01";"1";"7";"0";"2";"4";"2";"1";""
"202100023450";"159Â 707";"A01";"1";"10";"0";"1";"8";"15";"1";""
"202100023451";"159Â 705";"A01";"1";"14";"0";"2";"2";"16";"1";""
"202100023451";"159Â 706";"B01";"1";"80";"0";"2";"8";"1";"3";""
"202100023452";"159Â 703";"A01";"1";"1";"0";"2";"0";"15";"5";""
"202100023452";"159Â 704";"B01";"1";"30";"0";"2";"1";"1";"3";""
"202100023453";"159Â 702";"A01";"2";"37";"0";"1";"2";"1";"1";"3"
"202100023454";"159Â 700";"B01";"1";"7";"0";"2";"2";"23";"1";""
"202100023454";"159Â 701";"A01";"1";"30";"0";"2";"3";"13";"1";""
"202100023455";"159Â 698";"B01";"2";"32";"1";"2";"9";"1";"1";""
"202100023455";"159Â 699";"A01";"1";"7";"0";"2";"0";"10";"1";""
"202100023456";"159Â 696";"A01";"2";"7";"0";"2";"2";"16";"2";""
"202100023456";"159Â 697";"B01";"2";"33";"0";"2";"3";"18";"1";""
"202100023457";"159Â 695";"A01";"2";"33";"0";"0";"1";"1";"1";""
"202100023458";"159Â 694";"A01";"1";"7";"0";"1";"3";"1";"1";""
"202100023459";"159Â 691";"Z01";"1";"30";"0";"2";"1";"7";"0";""
"202100023459";"159Â 692";"A01";"1";"30";"0";"2";"4";"7";"1";""
"202100023459";"159Â 693";"B01";"1";"32";"0";"2";"4";"7";"1";""
"202100023460";"159Â 689";"B01";"2";"1";"0";"2";"0";"13";"5";""
"202100023460";"159Â 690";"A01";"1";"1";"0";"2";"1";"1";"5";""
"202100023461";"159Â 688";"A01";"0";"32";"14";"0";"1";"1";"1";""
"202100023462";"159Â 686";"B01";"2";"33";"0";"2";"1";"1";"1";""
"202100023462";"159Â 687";"A01";"2";"7";"0";"2";"6";"15";"1";""
"202100023463";"159Â 684";"B01";"2";"7";"0";"2";"7";"1";"1";""
"202100023463";"159Â 685";"A01";"1";"2";"0";"2";"1";"2";"1";""
"202100023464";"159Â 682";"A01";"3";"7";"9";"0";"0";"0";"1";""
"202100023464";"159Â 683";"Z01";"3";"10";"9";"2";"1";"26";"1";""
"202100023465";"159Â 680";"A01";"3";"7";"0";"2";"3";"1";"1";""
"202100023465";"159Â 681";"B01";"3";"30";"0";"2";"1";"7";"1";""
"202100023466";"159Â 678";"B01";" -1";"7";"0";"2";"2";"0";"1";""
"202100023466";"159Â 679";"A01";" -1";"7";"0";"2";"4";"0";"1";""
"202100023467";"159Â 676";"B01";"0";"7";"0";"2";"3";"1";"1";""
"202100023467";"159Â 677";"A01";"0";"2";"0";"2";"2";"2";"1";""
"202100023468";"159Â 674";"A01";"2";"13";"0";"0";"0";"9";"0";""
"202100023468";"159Â 675";"B01";"2";"31";"0";"1";"0";"17";"0";""
"202100023469";"159Â 672";"A01";"3";"7";"0";"2";"2";"15";"1";""
"202100023469";"159Â 673";"B01";"3";"33";"0";"2";"7";"0";"1";""
"202100023470";"159Â 670";"B01";"2";"10";"0";"2";"7";"1";"1";""
"202100023470";"159Â 671";"A01";"1";"30";"0";"2";"1";"1";"1";""
"202100023471";"159Â 669";"A01";"2";"30";"0";"0";"7";"21";"1";""
"202100023472";"159Â 668";"A01";"1";"14";"0";"1";"8";"16";"1";""
"202100023473";"159Â 667";"A01";"2";"7";"0";"1";"2";"1";"3";""
"202100023474";"159Â 666";"A01";"1";"33";"0";"0";"3";"1";"1";""
"202100023475";"159Â 664";"A01";"1";"1";"0";"2";"1";"1";"5";""
"202100023475";"159Â 665";"B01";"2";"10";"0";"2";"2";"1";"1";""
"202100023476";"159Â 663";"A01";"2";"33";"0";"1";"3";"1";"1";""
"202100023477";"159Â 660";"C01";"2";"33";"0";"0";"4";"2";"1";""
"202100023477";"159Â 661";"B01";"2";"33";"0";"0";"4";"2";"1";""
"202100023477";"159Â 662";"A01";"2";"7";"0";"2";"1";"2";"1";""
"202100023478";"159Â 658";"B01";"2";"13";"0";"2";"1";"1";"1";""
"202100023478";"159Â 659";"A01";"1";"7";"0";"2";"1";"1";"1";""
"202100023479";"159Â 656";"A01";"0";"31";"0";"0";"5";"1";"1";""
"202100023479";"159Â 657";"B01";"0";"10";"0";"2";"2";"15";"2";""
"202100023480";"159Â 655";"A01";"2";"33";"13";"0";"1";"13";"1";""
"202100023481";"159Â 654";"A01";"2";"1";"0";"0";"0";"2";"6";""
"202100023482";"159Â 652";"B01";"1";"7";"13";"2";"3";"1";"1";""
"202100023482";"159Â 653";"A01";"2";"33";"0";"2";"1";"13";"1";""
"202100023483";"159Â 651";"A01";"1";"7";"13";"0";"2";"2";"1";""
"202100023484";"159Â 650";"A01";"2";"7";"0";"1";"1";"1";"1";""
"202100023485";"159Â 648";"B01";"1";"7";"0";"2";"3";"9";"1";""
"202100023485";"159Â 649";"A01";"2";"7";"13";"2";"2";"1";"1";""
"202100023486";"159Â 647";"A01";"1";"10";"0";"1";"1";"1";"1";""
"202100023487";"159Â 645";"B01";"1";"10";"0";"2";"3";"1";"1";""
"202100023487";"159Â 646";"A01";"2";"33";"0";"2";"1";"17";"1";""
"202100023488";"159Â 643";"A01";"1";"33";"0";"2";"1";"1";"1";""
"202100023488";"159Â 644";"B01";"2";"7";"0";"2";"5";"15";"1";""
"202100023489";"159Â 642";"A01";"2";"7";"0";"1";"3";"1";"1";""
"202100023490";"159Â 641";"A01";"2";"33";"0";"1";"1";"17";"1";""
"202100023491";"159Â 640";"A01";"1";"7";"16";"0";"2";"13";"1";""
"202100023492";"159Â 638";"B01";"1";"13";"0";"2";"8";"1";"1";""
"202100023492";"159Â 639";"A01";"1";"36";"0";"2";"2";"17";"1";""
"202100023493";"159Â 636";"A01";"3";"1";"0";"2";"8";"15";"5";""
"202100023493";"159Â 637";"B01";"1";"7";"0";"2";"1";"1";"1";""
"202100023494";"159Â 634";"B01";"1";"7";"0";"2";"3";"13";"1";""
"202100023494";"159Â 635";"A01";"2";"7";"0";"2";"3";"1";"1";""
"202100023495";"159Â 632";"A01";"2";"30";"0";"2";"7";"1";"1";""
"202100023495";"159Â 633";"B01";"2";"7";"0";"2";"1";"15";"1";""
"202100023496";"159Â 631";"A01";"1";"33";"3";"0";"1";"13";"1";""
"202100023497";"159Â 630";"A01";"1";"2";"0";"0";"0";"1";"1";""
"202100023498";"159Â 628";"B01";"1";"7";"0";"2";"4";"2";"1";""
"202100023498";"159Â 629";"A01";"1";"30";"0";"2";"1";"2";"1";""
"202100023499";"159Â 627";"A01";"1";"33";"3";"0";"8";"0";"1";""
"202100023500";"159Â 625";"A01";"2";"7";"0";"2";"2";"1";"1";""
"202100023500";"159Â 626";"B01";"1";"1";"0";"2";"7";"15";"5";""
"202100023501";"159Â 624";"A01";"2";"7";"13";"0";"9";"1";"1";""
"202100023502";"159Â 623";"A01";"2";"33";"13";"0";"0";"1";"1";""
"202100023503";"159Â 620";"C01";"2";"7";"0";"2";"1";"2";"1";""
"202100023503";"159Â 621";"B01";"2";"7";"3";"2";"1";"1";"1";""
"202100023503";"159Â 622";"A01";"1";"33";"0";"6";"1";"21";"1";""
"202100023504";"159Â 618";"B01";"1";"33";"0";"2";"1";"2";"1";""
"202100023504";"159Â 619";"A01";"1";"7";"0";"0";"5";"15";"1";""
"202100023505";"159Â 617";"A01";"0";"7";"8";"0";"1";"15";"1";""
"202100023506";"159Â 615";"B01";"0";"33";"0";"0";"2";"0";"1";""
"202100023506";"159Â 616";"A01";"0";"33";"0";"0";"6";"0";"1";""
"202100023507";"159Â 613";"B01";"1";"7";"0";"2";"2";"1";"1";""
"202100023507";"159Â 614";"A01";"1";"7";"0";"2";"1";"1";"1";""
"202100023508";"159Â 612";"A01";"3";"43";"13";"0";"1";"1";"1";""
"202100023509";"159Â 611";"A01";"2";"33";"0";"6";"1";"1";"1";""
"202100023510";"159Â 610";"A01";"1";"7";"3";"0";"1";"14";"1";""
"202100023511";"159Â 609";"A01";"1";"7";"6";"0";"1";"1";"1";""
"202100023512";"159Â 607";"B01";"3";"31";"0";"0";"1";"1";"1";""
"202100023512";"159Â 608";"A01";"3";"7";"0";"0";"7";"10";"1";""
"202100023513";"159Â 606";"A01";"1";"33";"0";"0";"8";"21";"1";""
"202100023514";"159Â 604";"A01";"2";"10";"0";"2";"2";"2";"1";""
"202100023514";"159Â 605";"B01";"2";"1";"0";"2";"6";"2";"5";""
"202100023515";"159Â 603";"A01";"1";"7";"13";"0";"3";"1";"1";""
"202100023516";"159Â 601";"B01";"1";"1";"0";"2";"1";"0";"5";""
"202100023516";"159Â 602";"A01";"1";"10";"0";"2";"2";"17";"1";""
"202100023517";"159Â 599";"A01";"1";"33";"0";"2";"1";"17";"1";""
"202100023517";"159Â 600";"B01";"1";"7";"0";"0";"3";"15";"1";""
"202100023518";"159Â 597";"B01";"2";"7";"0";"2";"1";"1";"1";""
"202100023518";"159Â 598";"A01";"1";"7";"0";"2";"1";"15";"1";""
"202100023519";"159Â 595";"A01";"1";"7";"0";"2";"8";"1";"1";""
"202100023519";"159Â 596";"B01";"3";"1";"0";"2";"2";"19";"5";""
"202100023520";"159Â 593";"B01";"1";"7";"0";"0";"5";"15";"1";""
"202100023520";"159Â 594";"A01";"1";"7";"0";"2";"3";"2";"1";""
"202100023521";"159Â 591";"B01";"2";"31";"0";"2";"1";"0";"1";""
"202100023521";"159Â 592";"A01";"1";"7";"0";"2";"3";"15";"1";""
"202100023522";"159Â 590";"A01";"0";"99";"6";"0";"1";"13";"1";""
"202100023523";"159Â 588";"A01";"1";"7";"3";"2";"8";"1";"1";""
"202100023523";"159Â 589";"B01";"1";"15";"0";"0";"6";"1";"1";""
"202100023524";"159Â 586";"B01";"3";"30";"0";"2";"1";"13";"1";""
"202100023524";"159Â 587";"A01";"3";"7";"0";"2";"2";"5";"1";""
"202100023525";"159Â 585";"A01";"3";"10";"16";"0";"9";"14";"1";""
"202100023526";"159Â 584";"A01";"3";"10";"0";"1";"2";"0";"1";""
"202100023527";"159Â 583";"A01";"3";"7";"6";"0";"3";"1";"1";""
"202100023528";"159Â 582";"B01";"1";"99";"0";"1";"0";"0";"0";""
"202100023529";"159Â 580";"A01";"3";"7";"0";"2";"3";"26";"1";""
"202100023529";"159Â 581";"B01";"3";"33";"0";"2";"1";"19";"1";""
"202100023530";"159Â 579";"A01";"2";"33";"0";"2";"0";"0";"1";""
"202100023531";"159Â 577";"A01";"3";"7";"0";"1";"1";"1";"1";""
"202100023532";"159Â 576";"A01";"1";"7";"2";"0";"2";"6";"1";""
"202100023533";"159Â 574";"B01";"1";"15";"0";"2";"1";"1";"1";""
"202100023533";"159Â 575";"A01";"1";"7";"0";"2";"7";"19";"1";""
"202100023534";"159Â 572";"B01";"2";"43";"0";"2";"2";"1";"1";""
"202100023534";"159Â 573";"A01";"2";"7";"0";"2";"3";"16";"1";""
"202100023535";"159Â 570";"A01";"2";"7";"0";"2";"3";"5";"1";""
"202100023535";"159Â 571";"B01";"1";"33";"0";"2";"1";"1";"1";""
"202100023536";"159Â 569";"A01";"2";"33";"3";"0";"0";"17";"1";""
"202100023537";"159Â 566";"A01";"1";"7";"0";"2";"1";"13";"1";""
"202100023537";"159Â 567";"B01";"2";"7";"0";"2";"3";"1";"1";""
"202100023537";"159Â 568";"C01";"2";"33";"0";"2";"1";"1";"1";""
"202100023538";"159Â 564";"A01";"0";"7";"0";"2";"1";"17";"1";""
"202100023538";"159Â 565";"B01";"0";"7";"0";"2";"1";"1";"1";""
"202100023539";"159Â 562";"B01";"2";"33";"0";"2";"1";"21";"1";""
"202100023539";"159Â 563";"A01";"0";"7";"0";"2";"3";"19";"1";""
"202100023540";"159Â 560";"A01";"2";"10";"16";"2";"1";"1";"1";""
"202100023540";"159Â 561";"B01";"1";"7";"0";"2";"1";"1";"1";""
"202100023541";"159Â 559";"A01";"3";"10";"0";"1";"2";"1";"1";""
"202100023542";"159Â 558";"A01";"3";"7";"5";"0";"3";"0";"1";""
"202100023543";"159Â 557";"A01";"2";"7";"12";"0";"3";"1";"1";""
"202100023544";"159Â 555";"A01";"1";"7";"0";"2";"1";"13";"1";""
"202100023544";"159Â 556";"B01";"2";"7";"0";"2";"1";"1";"1";""
"202100023545";"159Â 553";"B01";"3";"2";"0";"2";"2";"1";"1";""
"202100023545";"159Â 554";"A01";"3";"7";"0";"2";"3";"19";"1";""
"202100023546";"159Â 551";"B01";"3";"7";"0";"2";"3";"13";"1";""
"202100023546";"159Â 552";"A01";"3";"7";"0";"2";"3";"1";"1";""
"202100023547";"159Â 549";"A01";"2";"7";"0";"0";"8";"15";"2";""
"202100023547";"159Â 550";"B01";"2";"7";"0";"2";"2";"17";"1";""
"202100023548";"159Â 547";"B01";"2";"15";"0";"0";"6";"15";"1";""
"202100023548";"159Â 548";"A01";"2";"33";"0";"2";"1";"17";"1";""
"202100023549";"159Â 546";"A01";"1";"7";"4";"0";"2";"0";"1";""
"202100023550";"159Â 544";"A01";"1";"7";"0";"2";"6";"9";"1";""
"202100023550";"159Â 545";"B01";"1";"7";"0";"2";"2";"1";"1";""
"202100023551";"159Â 543";"A01";"1";"33";"16";"0";"0";"1";"1";""
"202100023552";"159Â 542";"A01";"2";"33";"12";"0";"0";"0";"1";""
"202100023553";"159Â 540";"A01";"1";"7";"0";"2";"1";"2";"1";""
"202100023553";"159Â 541";"B01";"1";"7";"0";"2";"4";"2";"1";""
"202100023554";"159Â 538";"A01";"1";"7";"0";"2";"4";"12";"1";""
"202100023554";"159Â 539";"B01";"1";"14";"0";"2";"1";"2";"1";""
"202100023555";"159Â 536";"B01";"1";"7";"0";"2";"4";"1";"1";""
"202100023555";"159Â 537";"A01";"1";"7";"0";"2";"1";"1";"1";""
"202100023556";"159Â 534";"B01";"1";"17";"0";"2";"2";"2";"1";""
"202100023556";"159Â 535";"A01";"1";"7";"0";"2";"4";"1";"1";""
"202100023557";"159Â 531";"A01";"1";"33";"0";"2";"1";"1";"1";""
"202100023557";"159Â 532";"B01";"1";"7";"0";"2";"3";"23";"1";""
"202100023558";"159Â 529";"B01";"1";"50";"0";"2";"1";"15";"3";""
"202100023558";"159Â 530";"A01";"2";"7";"0";"2";"3";"9";"1";""
"202100023559";"159Â 527";"B01";"1";"43";"0";"0";"4";"0";"1";""
"202100023559";"159Â 528";"A01";"1";"7";"0";"0";"3";"26";"1";""
"202100023560";"159Â 526";"A01";"2";"14";"0";"1";"8";"1";"1";""
"202100023561";"159Â 524";"B01";"1";"7";"0";"2";"4";"23";"1";""
"202100023561";"159Â 525";"A01";"1";"2";"0";"2";"1";"0";"1";""
"202100023562";"159Â 522";"B01";"2";"7";"0";"2";"8";"2";"1";""
"202100023562";"159Â 523";"A01";"2";"33";"0";"2";"8";"2";"1";""
"202100023563";"159Â 520";"B01";"2";"7";"0";"2";"6";"15";"1";""
"202100023563";"159Â 521";"A01";"2";"7";"0";"2";"1";"17";"1";""
"202100023564";"159Â 518";"B01";"3";"1";"0";"2";"5";"15";"5";""
"202100023564";"159Â 519";"A01";"3";"7";"0";"2";"3";"1";"1";""
"202100023565";"159Â 516";"A01";"2";"7";"0";"2";"1";"1";"1";""
"202100023565";"159Â 517";"B01";"2";"7";"0";"2";"4";"23";"1";""
"202100023566";"159Â 514";"B01";"1";"7";"0";"2";"3";"15";"1";""
"202100023566";"159Â 515";"A01";"1";"7";"0";"2";"2";"17";"1";""
"202100023567";"159Â 512";"B01";"3";"2";"0";"2";"8";"1";"1";""
"202100023567";"159Â 513";"A01";"3";"1";"0";"2";"7";"15";"5";""
"202100023568";"159Â 511";"A01";"3";"30";"0";"0";"7";"26";"1";""
"202100023569";"159Â 510";"A01";"1";"31";"0";"2";"4";"23";"1";""
"202100023570";"159Â 504";"F01";"0";"7";"0";"2";"8";"1";"1";""
"202100023570";"159Â 505";"E01";"1";"10";"0";"2";"0";"1";"1";""
"202100023570";"159Â 506";"D01";"1";"7";"0";"2";"0";"1";"1";""
"202100023570";"159Â 507";"C01";"1";"7";"0";"2";"7";"1";"1";""
"202100023570";"159Â 508";"B01";"1";"7";"0";"2";"1";"1";"1";""
"202100023570";"159Â 509";"A01";"2";"7";"0";"2";"3";"5";"1";""
"202100023571";"159Â 503";"A01";"1";"7";"15";"0";"2";"26";"1";""
"202100023572";"159Â 502";"A01";"0";"7";"1";"0";"9";"0";"1";""
"202100023573";"159Â 501";"A01";"1";"30";"5";"0";"1";"0";"1";""
"202100023574";"159Â 500";"A01";"3";"99";"1";"0";"1";"26";"1";""
"202100023575";"159Â 497";"B01";"1";"7";"0";"2";"4";"1";"1";""
"202100023575";"159Â 498";"C01";"1";"3";"0";"2";"4";"1";"1";""
"202100023575";"159Â 499";"A01";"1";"7";"0";"2";"1";"1";"1";""
"202100023576";"159Â 496";"A01";"3";"30";"0";"0";"8";"1";"1";""
"202100023577";"159Â 494";"B01";"1";"33";"0";"2";"1";"1";"1";""
"202100023577";"159Â 495";"A01";"2";"7";"0";"2";"6";"15";"1";""
"202100023578";"159Â 492";"A01";"2";"7";"0";"2";"2";"2";"1";""
"202100023578";"159Â 493";"B01";"2";"7";"0";"2";"6";"2";"2";""
"202100023579";"159Â 490";"A01";"3";"7";"0";"2";"7";"1";"1";""
"202100023579";"159Â 491";"B01";"3";"7";"0";"2";"1";"1";"1";""
"202100023580";"159Â 488";"A01";"1";"7";"0";"2";"1";"2";"1";""
"202100023580";"159Â 489";"B01";"1";"7";"0";"2";"4";"2";"1";""
"202100023581";"159Â 486";"B01";"3";"33";"0";"2";"8";"1";"1";""
"202100023581";"159Â 487";"A01";"3";"7";"0";"2";"3";"26";"1";""
"202100023582";"159Â 485";"A01";"0";"34";"1";"0";"1";"2";"1";""