"Num_Acc";"id_vehicule";"num_veh";"senc";"catv";"obs";"obsm";"choc";"manv";"motor";"occutc"
"202100023583";"159Â 483";"B01";"1";"7";"0";"2";"6";"6";"1";""
"202100023583";"159Â 484";"A01";"1";"33";"0";"2";"1";"1";"1";""
"202100023584";"159Â 481";"B01";"2";"7";"1";"2";"3";"9";"1";""
"202100023584";"159Â 482";"A01";"2";"33";"0";"2";"1";"3";"1";""
"202100023585";"159Â 479";"A01";"1";"3";"0";"2";"1";"1";"1";""
"202100023585";"159Â 480";"B01";"2";"7";"0";"2";"7";"15";"3";""
"202100023586";"159Â 477";"B01";"1";"7";"0";"2";"3";"1";"1";""
"202100023586";"159Â 478";"A01";"3";"1";"0";"2";"1";"19";"5";""
"202100023587";"159Â 475";"A01";"1";"7";"0";"2";"1";"16";"1";""
"202100023587";"159Â 476";"B01";"2";"14";"0";"2";"2";"1";"1";""
"202100023588";"159Â 474";"A01";"3";"99";"0";"0";"7";"15";"5";""
"202100023589";"159Â 473";"A01";"2";"10";"13";"0";"0";"0";"0";""
"202100023590";"159Â 472";"A01";"2";"7";"9";"0";"8";"13";"1";""
"202100023591";"159Â 470";"A01";"3";"7";"0";"2";"3";"26";"1";""
"202100023591";"159Â 471";"B01";"2";"1";"0";"2";"1";"1";"0";""
"202100023592";"159Â 468";"A01";"1";"7";"0";"2";"2";"1";"1";""
"202100023592";"159Â 469";"B01";"1";"33";"0";"2";"5";"10";"1";""
"202100023593";"159Â 466";"B01";"2";"7";"0";"2";"1";"1";"1";""
"202100023593";"159Â 467";"A01";"1";"7";"0";"2";"1";"15";"1";""
"202100023594";"159Â 464";"B01";"1";"33";"0";"2";"1";"1";"1";""
"202100023594";"159Â 465";"A01";"2";"10";"0";"2";"2";"15";"1";""
"202100023595";"159Â 463";"A01";"2";"7";"6";"0";"1";"21";"1";""
"202100023596";"159Â 458";"B01";"2";"7";"0";"2";"1";"1";"1";""
"202100023596";"159Â 459";"A01";"2";"7";"0";"2";"1";"1";"1";""
"202100023596";"159Â 460";"C01";"1";"7";"0";"2";"1";"1";"1";""
"202100023596";"159Â 461";"D01";"2";"7";"0";"2";"1";"1";"1";""
"202100023597";"159Â 457";"Z01";"3";"7";"0";"1";"7";"1";"0";""
"202100023598";"159Â 455";"A01";"3";"7";"0";"2";"1";"1";"1";""
"202100023598";"159Â 456";"B01";"3";"7";"8";"2";"7";"1";"2";""
"202100023599";"159Â 451";"B01";"2";"99";"0";"2";"1";"5";"3";""
"202100023599";"159Â 452";"A01";"1";"7";"0";"9";"2";"12";"1";""
"202100023600";"159Â 450";"A01";"1";"30";"0";"0";"0";"1";"3";""
"202100023601";"159Â 449";"A01";"1";"7";"0";"2";"3";"1";"1";""
"202100023602";"159Â 447";"A01";"1";"7";"0";"2";"1";"1";"1";""
"202100023602";"159Â 448";"B01";"1";"7";"0";"2";"4";"23";"1";""
"202100023603";"159Â 445";"A01";"2";"7";"0";"2";"3";"15";"1";""
"202100023603";"159Â 446";"B01";"1";"32";"0";"2";"1";"1";"1";""
"202100023604";"159Â 443";"B01";"3";"7";"0";"2";"6";"24";"1";""
"202100023604";"159Â 444";"A01";"2";"7";"1";"0";"2";"14";"1";""
"202100023605";"159Â 441";"A01";"2";"7";"0";"2";"0";"0";"0";""
"202100023605";"159Â 442";"B01";"2";"37";"0";"2";"3";"1";"1";"2"
"202100023606";"159Â 440";"A01";"1";"7";"0";"1";"3";"1";"1";""
"202100023607";"159Â 438";"B01";"3";"7";"0";"2";"4";"1";"1";""
"202100023607";"159Â 439";"A01";"3";"1";"0";"2";"1";"1";"5";""
"202100023608";"159Â 436";"A01";"3";"7";"1";"0";"1";"14";"1";""
"202100023608";"159Â 437";"B01";"0";"7";"0";"0";"6";"24";"1";""
"202100023609";"159Â 434";"B01";"3";"1";"0";"2";"8";"19";"5";""
"202100023609";"159Â 435";"A01";"3";"7";"0";"2";"1";"1";"1";""
"202100023610";"159Â 432";"A01";"2";"7";"0";"2";"2";"1";"1";""
"202100023610";"159Â 433";"B01";"2";"33";"0";"2";"8";"1";"1";""
"202100023611";"159Â 421";"C01";"2";"7";"0";"2";"8";"1";"1";""
"202100023611";"159Â 422";"B01";"2";"10";"0";"2";"2";"1";"1";""
"202100023611";"159Â 423";"A01";"2";"7";"0";"2";"3";"11";"1";""
"202100023611";"159Â 424";"I01";"2";"7";"0";"2";"5";"1";"3";""
"202100023611";"159Â 425";"H01";"2";"7";"0";"2";"2";"1";"1";""
"202100023611";"159Â 426";"G01";"2";"7";"0";"2";"5";"1";"2";""
"202100023611";"159Â 427";"K01";"2";"10";"0";"2";"6";"1";"1";""
"202100023611";"159Â 428";"E01";"2";"7";"0";"2";"6";"1";"1";""
"202100023611";"159Â 429";"F01";"2";"7";"0";"2";"6";"1";"1";""
"202100023611";"159Â 430";"J01";"2";"7";"0";"2";"6";"1";"1";""
"202100023611";"159Â 431";"D01";"2";"7";"0";"2";"5";"1";"1";""
"202100023612";"159Â 419";"B01";"1";"1";"0";"2";"0";"1";"5";""
"202100023612";"159Â 420";"A01";"1";"10";"0";"2";"2";"16";"1";""
"202100023613";"159Â 417";"A01";"1";"1";"0";"2";"2";"9";"5";""
"202100023613";"159Â 418";"B01";"1";"1";"0";"2";"1";"1";"5";""
"202100023614";"159Â 415";"B01";"1";"1";"0";"2";"7";"1";"5";""
"202100023614";"159Â 416";"A01";"1";"7";"0";"2";"8";"22";"1";""
"202100023615";"159Â 413";"A01";"1";"7";"0";"2";"8";"22";"1";""
"202100023615";"159Â 414";"B01";"1";"1";"0";"2";"1";"1";"5";""
"202100023616";"159Â 412";"A01";"2";"30";"0";"1";"7";"1";"1";""
"202100023617";"159Â 410";"A01";"2";"7";"0";"2";"2";"15";"1";""
"202100023617";"159Â 411";"B01";"1";"32";"0";"2";"1";"1";"1";""
"202100023618";"159Â 408";"B01";"1";"7";"0";"2";"0";"0";"1";""
"202100023618";"159Â 409";"A01";"1";"7";"0";"2";"1";"1";"1";""
"202100023619";"159Â 407";"A01";"2";"7";"1";"0";"2";"14";"1";""
"202100023620";"159Â 405";"A01";"2";"7";"0";"2";"2";"26";"1";""
"202100023620";"159Â 406";"B01";"2";"1";"0";"2";"3";"26";"5";""
"202100023621";"159Â 403";"A01";"0";"7";"0";"2";"4";"10";"0";""
"202100023621";"159Â 404";"B01";"0";"33";"0";"2";"1";"1";"0";""
"202100023622";"159Â 401";"A01";"3";"7";"0";"2";"3";"1";"1";""
"202100023622";"159Â 402";"B01";"3";"33";"0";"2";"4";"1";"1";""
"202100023623";"159Â 399";"A01";"1";"7";"0";"2";"3";"9";"1";""
"202100023623";"159Â 400";"B01";"1";"32";"0";"2";"1";"1";"1";""
"202100023624";"159Â 395";"B01";"2";"33";"0";"2";"1";"1";"1";""
"202100023624";"159Â 396";"A01";"1";"7";"0";"2";"5";"15";"1";""
"202100023625";"159Â 393";"A01";"2";"7";"0";"2";"3";"15";"1";""
"202100023625";"159Â 394";"B01";"2";"14";"0";"2";"3";"1";"1";""
"202100023626";"159Â 392";"A01";"3";"7";"0";"1";"1";"2";"1";""
"202100023627";"159Â 390";"B01";"1";"7";"0";"2";"1";"16";"1";""
"202100023627";"159Â 391";"A01";"1";"1";"0";"2";"7";"19";"5";""
"202100023628";"159Â 388";"B01";"2";"33";"0";"2";"6";"1";"1";""
"202100023628";"159Â 389";"A01";"1";"7";"0";"2";"3";"15";"1";""
"202100023629";"159Â 386";"A01";"1";"7";"0";"2";"1";"5";"1";""
"202100023629";"159Â 387";"B01";"2";"15";"0";"2";"1";"1";"1";""
"202100023630";"159Â 381";"A01";"2";"10";"4";"0";"1";"1";"1";""
"202100023631";"159Â 380";"A01";"2";"7";"8";"0";"1";"0";"1";""
"202100023632";"159Â 379";"A01";"1";"36";"0";"0";"7";"0";"1";""
"202100023633";"159Â 378";"A01";"1";"7";"0";"0";"3";"2";"1";""
"202100023634";"159Â 376";"A01";"1";"1";"0";"2";"0";"5";"5";""
"202100023634";"159Â 377";"B01";"2";"14";"0";"2";"1";"1";"1";""
"202100023635";"159Â 375";"A01";"0";"36";"2";"0";"1";"14";"1";""
"202100023636";"159Â 374";"A01";"3";"7";"2";"9";"1";"0";"1";""
"202100023637";"159Â 373";"A01";"2";"33";"0";"0";"3";"21";"1";""
"202100023638";"159Â 371";"A01";"3";"1";"0";"2";"1";"1";"0";""
"202100023638";"159Â 372";"B01";"3";"21";"0";"2";"1";"1";"1";""
"202100023639";"159Â 369";"B01";"1";"15";"0";"2";"3";"1";"1";""
"202100023639";"159Â 370";"A01";"2";"33";"0";"2";"3";"17";"1";""
"202100023640";"159Â 367";"B01";"2";"7";"0";"0";"6";"1";"1";""
"202100023640";"159Â 368";"A01";"1";"7";"8";"2";"3";"1";"1";""
"202100023641";"159Â 366";"A01";"1";"7";"0";"0";"9";"1";"1";""
"202100023642";"159Â 364";"A01";"2";"31";"0";"2";"7";"3";"1";""
"202100023642";"159Â 365";"B01";"2";"7";"0";"2";"8";"15";"1";""
"202100023643";"159Â 362";"A01";"1";"7";"0";"0";"1";"1";"1";""
"202100023643";"159Â 363";"B01";"2";"7";"0";"0";"1";"11";"1";""
"202100023644";"159Â 360";"A01";"0";"7";"0";"2";"8";"19";"1";""
"202100023644";"159Â 361";"B01";"0";"7";"0";"2";"1";"1";"1";""
"202100023645";"159Â 358";"A01";"1";"7";"0";"2";"3";"13";"1";""
"202100023645";"159Â 359";"B01";"2";"33";"0";"2";"8";"1";"1";""
"202100023646";"159Â 357";"A01";"1";"33";"12";"0";"1";"2";"1";""
"202100023647";"159Â 356";"A01";"2";"7";"0";"1";"1";"1";"1";""
"202100023648";"159Â 353";"C01";"2";"7";"0";"2";"1";"2";"1";""
"202100023648";"159Â 354";"B01";"2";"2";"0";"0";"1";"1";"1";""
"202100023648";"159Â 355";"A01";"1";"7";"0";"2";"1";"15";"1";""
"202100023649";"159Â 351";"B01";"1";"33";"0";"2";"8";"1";"1";""
"202100023649";"159Â 352";"A01";"2";"7";"0";"2";"3";"13";"1";""
"202100023650";"159Â 349";"A01";"1";"7";"0";"2";"2";"13";"1";""
"202100023650";"159Â 350";"B01";"2";"15";"0";"2";"1";"1";"1";""
"202100023651";"159Â 348";"A01";"1";"10";"1";"1";"1";"2";"1";""
"202100023652";"159Â 346";"B01";"2";"7";"0";"2";"4";"1";"1";""
"202100023652";"159Â 347";"A01";"2";"13";"0";"2";"1";"2";"0";""
"202100023653";"159Â 344";"B01";"2";"33";"0";"2";"1";"1";"1";""
"202100023653";"159Â 345";"A01";"1";"14";"0";"0";"7";"26";"1";""
"202100023654";"159Â 343";"A01";"2";"7";"0";"0";"1";"19";"1";""
"202100023655";"159Â 341";"B01";"3";"7";"0";"2";"6";"15";"1";""
"202100023655";"159Â 342";"A01";"3";"33";"0";"2";"1";"1";"1";""
"202100023656";"159Â 340";"A01";"2";"7";"14";"0";"1";"1";"1";""
"202100023657";"159Â 338";"B01";"1";"7";"0";"2";"3";"1";"1";""
"202100023657";"159Â 339";"A01";"2";"2";"0";"2";"1";"13";"1";""
"202100023658";"159Â 337";"A01";"2";"10";"0";"1";"3";"1";"1";""
"202100023659";"159Â 336";"A01";"2";"7";"0";"1";"1";"1";"1";""
"202100023660";"159Â 335";"A01";"2";"60";"0";"0";"0";"1";"5";""
"202100023661";"159Â 333";"B01";"2";"2";"0";"2";"1";"1";"1";""
"202100023661";"159Â 334";"A01";"2";"7";"0";"2";"8";"15";"3";""
"202100023662";"159Â 331";"A01";"3";"7";"0";"2";"4";"4";"1";""
"202100023662";"159Â 332";"B01";"3";"50";"0";"2";"1";"1";"3";""
"202100023663";"159Â 329";"B01";"1";"2";"0";"2";"1";"17";"1";""
"202100023663";"159Â 330";"A01";"1";"99";"0";"0";"8";"15";"1";""
"202100023664";"159Â 326";"A01";"1";"7";"0";"2";"2";"17";"1";""
"202100023664";"159Â 327";"B01";"1";"7";"0";"2";"8";"11";"1";""
"202100023664";"159Â 328";"C01";"1";"7";"0";"2";"6";"1";"1";""
"202100023665";"159Â 324";"A01";"1";"7";"0";"2";"3";"1";"1";""
"202100023665";"159Â 325";"B01";"2";"7";"0";"2";"3";"1";"1";""
"202100023666";"159Â 321";"B01";"1";"7";"0";"2";"2";"3";"1";""
"202100023666";"159Â 322";"A01";"1";"7";"3";"2";"6";"1";"1";""
"202100023666";"159Â 323";"C01";"1";"7";"0";"9";"1";"1";"1";""
"202100023667";"159Â 320";"A01";"2";"7";"6";"0";"1";"1";"1";""
"202100023668";"159Â 318";"A01";"2";"7";"0";"2";"0";"0";"1";""
"202100023668";"159Â 319";"B01";"2";"7";"0";"2";"4";"2";"1";""
"202100023669";"159Â 316";"B01";"2";"10";"0";"2";"4";"2";"1";""
"202100023669";"159Â 317";"A01";"2";"7";"0";"2";"1";"2";"1";""
"202100023670";"159Â 313";"B01";"1";"7";"0";"0";"0";"0";"1";""
"202100023670";"159Â 314";"C01";"1";"32";"0";"2";"1";"2";"1";""
"202100023670";"159Â 315";"A01";"1";"7";"0";"2";"1";"2";"1";""
"202100023671";"159Â 312";"A01";"2";"10";"4";"0";"6";"21";"1";""
"202100023672";"159Â 304";"A01";"1";"7";"1";"0";"4";"23";"1";""
"202100023672";"159Â 305";"B01";"1";"7";"1";"0";"9";"2";"1";""
"202100023672";"159Â 306";"C01";"1";"7";"14";"2";"9";"1";"1";""
"202100023672";"159Â 307";"D01";"1";"32";"14";"2";"9";"2";"1";""
"202100023673";"159Â 302";"B01";"3";"32";"0";"2";"1";"1";"1";""
"202100023673";"159Â 303";"A01";"3";"7";"0";"2";"1";"1";"1";""
"202100023674";"159Â 300";"B01";"1";"2";"0";"2";"7";"1";"1";""
"202100023674";"159Â 301";"A01";"1";"10";"0";"2";"1";"1";"1";""
"202100023675";"159Â 299";"A01";"1";"7";"0";"1";"1";"2";"1";""
"202100023676";"159Â 297";"A01";"2";"7";"2";"2";"1";"21";"1";""
"202100023676";"159Â 298";"B01";"2";"7";"0";"2";"4";"1";"1";""
"202100023677";"159Â 296";"A01";"3";"33";"0";"0";"7";"1";"1";""
"202100023678";"159Â 294";"A01";"1";"7";"0";"2";"3";"0";"1";""
"202100023678";"159Â 295";"B01";"1";"7";"0";"2";"1";"0";"1";""
"202100023679";"159Â 293";"A01";"2";"33";"0";"2";"0";"1";"1";""
"202100023680";"159Â 292";"A01";"1";"7";"8";"0";"1";"1";"1";""
"202100023681";"159Â 290";"A01";"3";"7";"0";"2";"7";"16";"1";""
"202100023681";"159Â 291";"B01";"3";"80";"0";"2";"1";"2";"3";""
"202100023682";"159Â 289";"A01";"3";"7";"0";"1";"2";"1";"1";""
"202100023683";"159Â 288";"A01";"1";"7";"7";"0";"7";"14";"1";""
"202100023684";"159Â 286";"A01";"2";"7";"0";"2";"1";"15";"1";""
"202100023684";"159Â 287";"B01";"1";"30";"0";"2";"0";"1";"1";""
"202100023685";"159Â 284";"B01";"1";"7";"0";"2";"2";"0";"1";""
"202100023685";"159Â 285";"A01";"1";"7";"0";"2";"1";"1";"3";""
"202100023686";"159Â 282";"B01";"3";"7";"0";"2";"4";"2";"1";""
"202100023686";"159Â 283";"A01";"3";"30";"0";"2";"1";"2";"1";""
"202100023687";"159Â 279";"C01";"0";"7";"0";"2";"4";"23";"1";""
"202100023687";"159Â 280";"B01";"0";"7";"0";"2";"4";"23";"1";""
"202100023687";"159Â 281";"A01";"0";"7";"0";"2";"1";"2";"1";""
"202100023688";"159Â 274";"B01";"3";"7";"0";"2";"1";"1";"0";""
"202100023688";"159Â 275";"A01";"3";"1";"0";"2";"8";"19";"0";""
"202100023689";"159Â 273";"A01";"3";"10";"0";"1";"1";"1";"1";""
"202100023690";"159Â 270";"C01";"3";"7";"0";"2";"6";"1";"1";""
"202100023690";"159Â 271";"B01";"3";"36";"0";"2";"2";"1";"1";""
"202100023690";"159Â 272";"A01";"3";"1";"0";"2";"8";"9";"5";""
"202100023691";"159Â 269";"A01";"2";"7";"2";"0";"2";"14";"1";""
"202100023692";"159Â 267";"B01";"1";"1";"0";"2";"7";"16";"5";""
"202100023692";"159Â 268";"A01";"1";"7";"0";"2";"3";"9";"1";""
"202100023693";"159Â 265";"A01";"2";"80";"0";"2";"3";"11";"3";""
"202100023693";"159Â 266";"Z01";"2";"7";"0";"2";"2";"13";"0";""
"202100023694";"159Â 263";"A01";"1";"33";"0";"2";"3";"18";"1";""
"202100023694";"159Â 264";"B01";"1";"7";"0";"2";"2";"16";"1";""
"202100023695";"159Â 261";"B01";"2";"7";"0";"2";"4";"2";"1";""
"202100023695";"159Â 262";"A01";"2";"7";"0";"2";"1";"2";"1";""
"202100023696";"159Â 260";"A01";"2";"7";"1";"0";"2";"14";"1";""
"202100023697";"159Â 258";"A01";"2";"10";"0";"2";"1";"15";"1";""
"202100023697";"159Â 259";"B01";"1";"30";"0";"2";"1";"1";"1";""
"202100023698";"159Â 257";"Z01";"2";"0";"0";"1";"0";"0";"0";""
"202100023699";"159Â 255";"A01";"2";"7";"0";"2";"1";"9";"1";""
"202100023699";"159Â 256";"B01";"2";"80";"0";"2";"7";"1";"3";""
"202100023700";"159Â 253";"B01";"3";"1";"0";"2";"3";"9";"5";""
"202100023700";"159Â 254";"A01";"3";"7";"0";"9";"3";"26";"1";""
"202100023701";"159Â 251";"A01";"3";"7";"0";"9";"1";"1";"1";""
"202100023701";"159Â 252";"B01";"3";"1";"0";"2";"0";"0";"5";""
"202100023702";"159Â 249";"B01";"2";"7";"0";"2";"3";"15";"1";""
"202100023702";"159Â 250";"A01";"2";"2";"0";"2";"7";"1";"1";""
"202100023703";"159Â 247";"A01";"2";"2";"0";"2";"0";"2";"3";""
"202100023703";"159Â 248";"B01";"2";"2";"0";"2";"0";"2";"3";""
"202100023704";"159Â 245";"B01";"3";"7";"0";"9";"2";"1";"1";""
"202100023704";"159Â 246";"A01";"3";"1";"0";"2";"1";"1";"5";""
"202100023705";"159Â 243";"B01";"1";"7";"0";"9";"4";"2";"1";""
"202100023705";"159Â 244";"A01";"1";"1";"0";"2";"1";"2";"5";""
"202100023706";"159Â 241";"A01";"1";"2";"0";"2";"1";"1";"1";""
"202100023706";"159Â 242";"B01";"1";"7";"0";"9";"8";"15";"1";""
"202100023707";"159Â 239";"B01";"3";"7";"0";"2";"5";"2";"1";""
"202100023707";"159Â 240";"A01";"3";"7";"0";"2";"1";"2";"1";""
"202100023708";"159Â 237";"A01";"2";"7";"0";"2";"8";"26";"1";""
"202100023708";"159Â 238";"B01";"1";"7";"0";"2";"2";"1";"1";""
"202100023709";"159Â 236";"A01";"1";"7";"0";"1";"1";"1";"1";""
"202100023710";"159Â 235";"A01";"3";"2";"0";"0";"1";"9";"1";""
"202100023711";"159Â 233";"A01";"3";"7";"0";"2";"1";"2";"1";""
"202100023711";"159Â 234";"B01";"3";"7";"0";"2";"4";"2";"1";""
"202100023712";"159Â 231";"B01";"2";"7";"0";"2";"4";"23";"1";""
"202100023712";"159Â 232";"A01";"2";"7";"14";"0";"1";"1";"1";""
"202100023713";"159Â 230";"A01";"2";"7";"2";"0";"6";"1";"1";""
"202100023714";"159Â 228";"B01";"2";"1";"0";"2";"1";"7";"5";""
"202100023714";"159Â 229";"A01";"2";"7";"0";"2";"3";"22";"1";""
"202100023715";"159Â 226";"B01";"2";"7";"0";"2";"1";"1";"1";""
"202100023715";"159Â 227";"A01";"1";"7";"0";"2";"3";"15";"1";""
"202100023716";"159Â 225";"A01";"2";"30";"0";"0";"0";"1";"1";""
"202100023717";"159Â 223";"A01";"1";"10";"0";"2";"2";"0";"1";""
"202100023717";"159Â 224";"B01";"2";"33";"0";"2";"7";"0";"1";""
"202100023718";"159Â 221";"B01";"3";"1";"1";"0";"1";"1";"5";""
"202100023718";"159Â 222";"A01";"3";"7";"0";"2";"8";"24";"1";""
"202100023719";"159Â 219";"A01";"1";"7";"0";"2";"2";"1";"1";""
"202100023719";"159Â 220";"B01";"3";"7";"0";"2";"3";"15";"1";""
"202100023720";"159Â 217";"A01";"3";"7";"0";"2";"7";"1";"1";""
"202100023720";"159Â 218";"B01";"2";"7";"12";"2";"7";"19";"1";""
"202100023721";"159Â 215";"A01";"2";"7";"0";"2";"3";"20";"1";""
"202100023721";"159Â 216";"B01";"2";"1";"0";"2";"1";"1";"5";""
"202100023722";"159Â 213";"B01";"1";"7";"0";"0";"4";"23";"1";""
"202100023722";"159Â 214";"A01";"1";"10";"0";"2";"1";"1";"1";""
"202100023723";"159Â 212";"A01";"3";"7";"1";"0";"1";"20";"1";""
"202100023724";"159Â 210";"B01";"1";"7";"0";"2";"1";"1";"1";""
"202100023724";"159Â 211";"A01";"1";"7";"0";"2";"3";"13";"1";""
"202100023725";"159Â 208";"A01";"1";"7";"0";"2";"2";"1";"1";""
"202100023725";"159Â 209";"B01";"1";"1";"0";"2";"8";"19";"5";""
"202100023726";"159Â 207";"Z01";"3";"7";"0";"1";"0";"0";"1";""
"202100023727";"159Â 205";"B01";"0";"31";"12";"2";"0";"21";"1";""
"202100023727";"159Â 206";"A01";"0";"7";"0";"2";"0";"9";"1";""
"202100023728";"159Â 203";"B01";"1";"10";"0";"2";"6";"13";"1";""
"202100023728";"159Â 204";"A01";"2";"32";"0";"2";"1";"1";"1";""
"202100023729";"159Â 202";"A01";"0";"43";"11";"0";"8";"26";"1";""
"202100023730";"159Â 201";"A01";"3";"7";"0";"1";"1";"26";"1";""
"202100023731";"159Â 199";"A01";"1";"7";"0";"2";"3";"15";"1";""
"202100023731";"159Â 200";"B01";"2";"7";"0";"2";"1";"1";"1";""
"202100023732";"159Â 198";"A01";"3";"33";"0";"0";"8";"15";"1";""
"202100023733";"159Â 197";"A01";"3";"30";"6";"0";"1";"26";"1";""
"202100023734";"159Â 194";"A01";"1";"7";"0";"2";"1";"5";"1";""
"202100023734";"159Â 195";"B01";"2";"7";"0";"2";"0";"0";"1";""
"202100023734";"159Â 196";"C01";"2";"7";"0";"2";"1";"2";"1";""
"202100023735";"159Â 192";"B01";"2";"7";"0";"2";"2";"1";"1";""
"202100023735";"159Â 193";"A01";"2";"10";"0";"2";"6";"11";"1";""
"202100023736";"159Â 191";"A01";"1";"7";"4";"0";"2";"14";"1";""
"202100023737";"159Â 190";"A01";"0";"32";"11";"0";"1";"13";"1";""
"202100023738";"159Â 187";"A01";"2";"10";"0";"2";"1";"2";"1";""
"202100023738";"159Â 188";"B01";"2";"10";"0";"2";"4";"2";"1";""
"202100023738";"159Â 189";"C01";"2";"10";"0";"2";"4";"2";"1";""
"202100023739";"159Â 185";"B01";"1";"34";"0";"2";"2";"1";"1";""
"202100023739";"159Â 186";"A01";"1";"7";"0";"2";"8";"22";"1";""
"202100023740";"159Â 183";"B01";"1";"7";"0";"2";"3";"1";"1";""
"202100023740";"159Â 184";"A01";"1";"7";"0";"2";"1";"1";"1";""
"202100023741";"159Â 180";"A01";"1";"7";"0";"2";"6";"2";"1";""
"202100023741";"159Â 181";"B01";"1";"7";"0";"2";"4";"23";"1";""
"202100023741";"159Â 182";"Z01";"1";"7";"0";"2";"1";"2";"0";""
"202100023742";"159Â 178";"A01";"1";"7";"0";"2";"1";"13";"2";""
"202100023742";"159Â 179";"B01";"2";"7";"0";"2";"1";"1";"2";""
"202100023743";"159Â 176";"B01";"2";"33";"0";"2";"1";"1";"1";""
"202100023743";"159Â 177";"A01";"2";"7";"0";"2";"5";"1";"3";""
"202100023744";"159Â 175";"A01";"0";"50";"12";"0";"0";"13";"3";""
"202100023745";"159Â 173";"A01";"2";"33";"0";"2";"7";"1";"1";""
"202100023745";"159Â 174";"B01";"2";"10";"0";"2";"1";"1";"1";""
"202100023746";"159Â 171";"B01";"2";"1";"0";"2";"2";"1";"5";""
"202100023746";"159Â 172";"A01";"1";"7";"0";"2";"1";"1";"1";""
"202100023747";"159Â 170";"A01";"3";"7";"4";"0";"1";"1";"1";""
"202100023748";"159Â 168";"B01";"2";"7";"0";"2";"6";"1";"1";""
"202100023748";"159Â 169";"A01";"1";"7";"0";"2";"3";"15";"1";""
"202100023749";"159Â 166";"A01";"2";"7";"1";"2";"1";"9";"1";""
"202100023749";"159Â 167";"B01";"2";"7";"1";"2";"8";"20";"1";""
"202100023750";"159Â 164";"A01";"1";"7";"0";"9";"7";"24";"1";""
"202100023750";"159Â 165";"B01";"1";"99";"1";"0";"0";"0";"0";""
"202100023751";"159Â 162";"B01";"2";"10";"0";"2";"2";"16";"1";""
"202100023751";"159Â 163";"A01";"2";"37";"0";"2";"3";"2";"1";"2"
"202100023752";"159Â 160";"A01";"3";"50";"0";"2";"7";"1";"3";""
"202100023752";"159Â 161";"B01";"3";"3";"0";"2";"1";"1";"1";""
"202100023753";"159Â 158";"B01";"3";"7";"0";"0";"6";"2";"1";""
"202100023753";"159Â 159";"A01";"3";"7";"9";"2";"0";"17";"1";""
"202100023754";"159Â 157";"A01";"3";"7";"0";"1";"0";"26";"1";""
"202100023755";"159Â 155";"A01";"3";"50";"0";"2";"7";"19";"3";""
"202100023755";"159Â 156";"B01";"2";"7";"0";"2";"3";"1";"1";""
"202100023756";"159Â 153";"B01";"3";"7";"0";"2";"2";"1";"1";""
"202100023756";"159Â 154";"A01";"3";"10";"14";"2";"6";"13";"1";""
"202100023757";"159Â 152";"A01";"2";"1";"0";"0";"0";"1";"5";""
"202100023758";"159Â 150";"A01";"1";"7";"0";"2";"3";"2";"1";""
"202100023758";"159Â 151";"B01";"2";"7";"0";"2";"3";"2";"1";""
"202100023759";"159Â 149";"A01";"1";"7";"16";"0";"1";"1";"1";""
"202100023760";"159Â 146";"A01";"1";"7";"0";"2";"3";"17";"2";""
"202100023760";"159Â 147";"B01";"2";"1";"0";"2";"1";"1";"5";""
"202100023760";"159Â 148";"C01";"2";"1";"0";"2";"1";"1";"5";""
"202100023761";"159Â 144";"B01";"1";"7";"0";"2";"3";"9";"1";""
"202100023761";"159Â 145";"A01";"1";"1";"0";"2";"7";"1";"5";""
"202100023762";"159Â 143";"A01";"2";"14";"0";"0";"8";"13";"1";""
"202100023763";"159Â 141";"B01";"2";"7";"0";"2";"3";"1";"1";""
"202100023763";"159Â 142";"A01";"1";"7";"0";"2";"3";"13";"1";""
"202100023764";"159Â 139";"A01";"1";"1";"0";"9";"1";"5";"5";""
"202100023764";"159Â 140";"B01";"2";"1";"0";"9";"1";"1";"5";""
"202100023765";"159Â 138";"A01";"1";"7";"17";"0";"1";"1";"1";""
"202100023766";"159Â 136";"A01";"1";"7";"0";"0";"6";"15";"1";""
"202100023766";"159Â 137";"B01";"1";"33";"0";"2";"1";"13";"1";""
"202100023767";"159Â 133";"C01";"3";"7";"0";"2";"5";"1";"1";""
"202100023767";"159Â 134";"B01";"3";"7";"0";"2";"2";"13";"1";""
"202100023767";"159Â 135";"A01";"3";"7";"0";"2";"6";"1";"1";""
"202100023768";"159Â 132";"A01";"1";"33";"6";"0";"8";"1";"1";""
"202100023769";"159Â 131";"A01";"2";"33";"13";"0";"1";"14";"1";""
"202100023770";"159Â 128";"A01";"1";"1";"0";"0";"2";"16";"5";""
"202100023771";"159Â 127";"A01";"0";"7";"8";"0";"1";"6";"1";""
"202100023772";"159Â 125";"A01";"1";"7";"0";"2";"2";"2";"1";""
"202100023772";"159Â 126";"B01";"1";"1";"0";"2";"4";"2";"5";""
"202100023773";"159Â 123";"B01";"2";"2";"0";"2";"1";"15";"1";""
"202100023773";"159Â 124";"A01";"2";"2";"0";"0";"8";"10";"1";""
"202100023774";"159Â 122";"A01";"2";"10";"2";"0";"8";"1";"1";""
"202100023775";"159Â 121";"A01";"3";"2";"0";"0";"8";"1";"1";""
"202100023776";"159Â 120";"A01";"2";"33";"0";"0";"0";"1";"0";""
"202100023777";"159Â 118";"B01";"1";"7";"0";"2";"2";"1";"1";""