"Num_Acc";"id_vehicule";"num_veh";"senc";"catv";"obs";"obsm";"choc";"manv";"motor";"occutc"
"202100023777";"159Â 119";"A01";"0";"1";"0";"0";"9";"9";"5";""
"202100023778";"159Â 117";"A01";"3";"99";"12";"0";"0";"0";"3";""
"202100023779";"159Â 116";"A01";"2";"7";"13";"0";"1";"1";"1";""
"202100023780";"159Â 115";"A01";"1";"7";"13";"0";"0";"1";"1";""
"202100023781";"159Â 114";"A01";"2";"2";"0";"0";"8";"2";"1";""
"202100023782";"159Â 112";"A01";"1";"7";"15";"2";"5";"15";"1";""
"202100023782";"159Â 113";"B01";"2";"7";"0";"2";"8";"1";"1";""
"202100023783";"159Â 110";"A01";"1";"10";"0";"2";"3";"1";"1";""
"202100023783";"159Â 111";"B01";"2";"10";"0";"2";"3";"1";"1";""
"202100023784";"159Â 109";"A01";"2";"7";"0";"1";"1";"1";"1";""
"202100023785";"159Â 107";"B01";"2";"17";"0";"0";"0";"26";"1";""
"202100023785";"159Â 108";"A01";"2";"1";"6";"0";"3";"2";"5";""
"202100023786";"159Â 105";"A01";"3";"7";"0";"2";"1";"1";"1";""
"202100023786";"159Â 106";"B01";"3";"50";"0";"2";"8";"19";"3";""
"202100023787";"159Â 103";"B01";"2";"7";"0";"2";"1";"1";"1";""
"202100023787";"159Â 104";"A01";"1";"10";"0";"2";"1";"13";"1";""
"202100023788";"159Â 102";"A01";"2";"7";"2";"0";"3";"0";"1";""
"202100023789";"159Â 101";"A01";"2";"14";"13";"0";"7";"1";"1";""
"202100023790";"159Â 100";"A01";"1";"7";"7";"0";"2";"1";"1";""
"202100023791";"159Â 098";"A01";"2";"7";"0";"2";"2";"9";"1";""
"202100023791";"159Â 099";"B01";"2";"1";"0";"2";"3";"1";"5";""
"202100023792";"159Â 096";"A01";"1";"38";"0";"0";"0";"1";"1";"1"
"202100023792";"159Â 097";"B01";"1";"1";"0";"0";"0";"17";"5";""
"202100023793";"159Â 092";"A01";"2";"21";"0";"0";"4";"2";"1";""
"202100023793";"159Â 093";"C01";"2";"7";"0";"2";"1";"2";"1";""
"202100023794";"159Â 090";"A01";"1";"33";"9";"2";"3";"2";"1";""
"202100023794";"159Â 091";"B01";"1";"15";"0";"2";"2";"16";"1";""
"202100023795";"159Â 088";"B01";"0";"33";"0";"2";"1";"0";"1";""
"202100023795";"159Â 089";"A01";"0";"7";"0";"2";"5";"0";"1";""
"202100023796";"159Â 086";"A01";"1";"33";"0";"2";"1";"16";"1";""
"202100023796";"159Â 087";"B01";"2";"7";"0";"2";"1";"15";"1";""
"202100023797";"159Â 083";"C01";"2";"1";"0";"2";"8";"19";"0";""
"202100023797";"159Â 084";"B01";"1";"7";"0";"2";"1";"1";"1";""
"202100023797";"159Â 085";"A01";"1";"7";"0";"9";"4";"23";"1";""
"202100023798";"159Â 082";"A01";"1";"33";"0";"0";"0";"1";"1";""
"202100023799";"159Â 080";"B01";"2";"10";"0";"0";"4";"1";"1";""
"202100023799";"159Â 081";"A01";"2";"10";"0";"2";"1";"0";"1";""
"202100023800";"159Â 078";"A01";"2";"7";"0";"2";"1";"13";"1";""
"202100023800";"159Â 079";"B01";"1";"15";"0";"2";"1";"1";"1";""
"202100023801";"159Â 076";"B01";"0";"33";"0";"2";"1";"1";"1";""
"202100023801";"159Â 077";"A01";"0";"7";"0";"2";"1";"15";"1";""
"202100023802";"159Â 073";"A01";"2";"7";"0";"2";"0";"0";"0";""
"202100023802";"159Â 074";"B01";"2";"7";"3";"0";"5";"1";"1";""
"202100023802";"159Â 075";"C01";"2";"7";"0";"0";"6";"1";"1";""
"202100023803";"159Â 072";"A01";"2";"7";"4";"0";"3";"0";"1";""
"202100023804";"159Â 071";"A01";"1";"2";"0";"0";"1";"0";"1";""
"202100023805";"159Â 069";"A01";"3";"7";"0";"2";"2";"15";"1";""
"202100023805";"159Â 070";"B01";"3";"33";"0";"2";"1";"1";"1";""
"202100023806";"159Â 068";"A01";"3";"14";"0";"0";"0";"1";"1";""
"202100023807";"159Â 067";"A01";"3";"2";"0";"0";"0";"1";"1";""
"202100023808";"159Â 065";"B01";"2";"33";"0";"2";"2";"17";"1";""
"202100023808";"159Â 066";"A01";"2";"10";"0";"2";"8";"10";"1";""
"202100023809";"159Â 063";"B01";"2";"7";"0";"0";"4";"26";"1";""
"202100023809";"159Â 064";"A01";"2";"7";"0";"2";"1";"2";"1";""
"202100023810";"159Â 061";"B01";"3";"1";"0";"2";"1";"0";"5";""
"202100023810";"159Â 062";"A01";"3";"7";"0";"9";"2";"1";"1";""
"202100023811";"159Â 060";"A01";"0";"7";"2";"0";"2";"1";"1";""
"202100023812";"159Â 058";"B01";"2";"2";"8";"2";"1";"17";"1";""
"202100023812";"159Â 059";"A01";"2";"10";"0";"2";"3";"15";"1";""
"202100023813";"159Â 056";"A01";"2";"7";"0";"2";"5";"15";"1";""
"202100023813";"159Â 057";"B01";"1";"33";"0";"2";"1";"1";"1";""
"202100023814";"159Â 055";"A01";"2";"7";"0";"1";"3";"1";"1";""
"202100023815";"159Â 054";"A01";"2";"33";"0";"0";"0";"1";"1";""
"202100023816";"159Â 053";"A01";"3";"7";"2";"0";"7";"1";"1";""
"202100023817";"159Â 052";"A01";"1";"7";"6";"0";"3";"1";"1";""
"202100023818";"159Â 051";"A01";"3";"2";"0";"0";"0";"15";"1";""
"202100023819";"159Â 049";"A01";"2";"7";"0";"2";"1";"1";"1";""
"202100023819";"159Â 050";"B01";"2";"1";"0";"0";"4";"1";"5";""
"202100023820";"159Â 048";"A01";"0";"33";"0";"0";"2";"2";"1";""
"202100023821";"159Â 046";"B01";"3";"1";"0";"2";"8";"26";"5";""
"202100023821";"159Â 047";"A01";"3";"10";"0";"2";"7";"17";"1";""
"202100023822";"159Â 044";"B01";"1";"7";"0";"2";"1";"1";"1";""
"202100023822";"159Â 045";"A01";"1";"7";"0";"2";"4";"1";"1";""
"202100023823";"159Â 042";"A01";"1";"7";"0";"2";"4";"1";"1";""
"202100023823";"159Â 043";"B01";"1";"7";"0";"2";"1";"1";"1";""
"202100023824";"159Â 041";"A01";"1";"7";"4";"0";"2";"1";"1";""
"202100023825";"159Â 040";"A01";"1";"7";"4";"0";"9";"14";"1";""
"202100023826";"159Â 038";"A01";"2";"7";"0";"2";"4";"2";"1";""
"202100023826";"159Â 039";"B01";"2";"7";"0";"2";"1";"2";"1";""
"202100023827";"159Â 037";"A01";"1";"33";"0";"0";"8";"0";"1";""
"202100023828";"159Â 035";"B01";"1";"10";"0";"2";"4";"1";"1";""
"202100023828";"159Â 036";"A01";"2";"7";"0";"2";"1";"2";"1";""
"202100023829";"159Â 034";"A01";"2";"7";"15";"0";"1";"14";"1";""
"202100023830";"159Â 032";"A01";"1";"33";"0";"2";"8";"11";"1";""
"202100023830";"159Â 033";"B01";"1";"7";"0";"2";"2";"0";"1";""
"202100023831";"159Â 030";"B01";"1";"7";"0";"2";"4";"2";"1";""
"202100023831";"159Â 031";"A01";"1";"10";"0";"2";"1";"2";"1";""
"202100023832";"159Â 028";"A01";"2";"43";"0";"2";"1";"2";"1";""
"202100023832";"159Â 029";"B01";"2";"30";"0";"2";"4";"2";"1";""
"202100023833";"159Â 026";"B01";"1";"7";"4";"2";"3";"1";"1";""
"202100023833";"159Â 027";"A01";"1";"13";"0";"2";"2";"12";"1";""
"202100023834";"159Â 024";"A01";"1";"7";"0";"2";"9";"1";"1";""
"202100023834";"159Â 025";"B01";"1";"17";"0";"2";"6";"12";"1";""
"202100023835";"159Â 023";"A01";"2";"33";"4";"0";"1";"26";"1";""
"202100023836";"159Â 020";"C01";"2";"7";"0";"2";"4";"1";"1";""
"202100023836";"159Â 021";"B01";"2";"7";"0";"2";"4";"1";"1";""
"202100023836";"159Â 022";"A01";"2";"10";"0";"2";"1";"1";"1";""
"202100023837";"159Â 019";"A01";"1";"7";"0";"0";"9";"2";"1";""
"202100023838";"159Â 018";"A01";"2";"50";"1";"1";"7";"3";"3";""
"202100023839";"159Â 014";"Z01";"2";"7";"0";"2";"1";"26";"0";""
"202100023839";"159Â 015";"B01";"2";"7";"0";"2";"4";"1";"1";""
"202100023840";"159Â 013";"A01";"0";"7";"1";"1";"1";"1";"1";""
"202100023841";"159Â 011";"B01";"1";"33";"0";"2";"4";"1";"1";""
"202100023841";"159Â 012";"A01";"1";"7";"0";"2";"1";"1";"1";""
"202100023842";"159Â 009";"B01";"3";"7";"0";"2";"4";"23";"1";""
"202100023842";"159Â 010";"A01";"3";"30";"0";"2";"1";"23";"1";""
"202100023843";"159Â 007";"A01";"1";"7";"0";"2";"3";"1";"1";""
"202100023843";"159Â 008";"B01";"1";"2";"0";"2";"8";"1";"1";""
"202100023844";"159Â 006";"A01";"1";"33";"0";"0";"7";"9";"1";""
"202100023845";"159Â 004";"B01";"1";"7";"0";"2";"2";"16";"1";""
"202100023845";"159Â 005";"A01";"1";"2";"12";"2";"3";"18";"1";""
"202100023846";"159Â 002";"A01";"1";"7";"0";"2";"2";"16";"3";""
"202100023846";"159Â 003";"B01";"1";"1";"0";"2";"3";"1";"5";""
"202100023847";"159Â 000";"A01";"3";"7";"0";"2";"0";"0";"0";""
"202100023847";"159Â 001";"B01";"3";"50";"0";"2";"3";"0";"3";""
"202100023848";"158Â 998";"B01";"1";"50";"0";"2";"0";"19";"3";""
"202100023848";"158Â 999";"A01";"2";"7";"0";"2";"2";"15";"1";""
"202100023849";"158Â 996";"A01";"1";"7";"0";"2";"3";"13";"1";""
"202100023849";"158Â 997";"B01";"1";"43";"12";"2";"4";"15";"1";""
"202100023850";"158Â 995";"A01";"3";"32";"1";"0";"1";"13";"3";""
"202100023851";"158Â 993";"A01";"3";"7";"1";"0";"2";"14";"1";""
"202100023851";"158Â 994";"B01";"3";"10";"1";"0";"4";"0";"1";""
"202100023852";"158Â 991";"B01";"1";"7";"0";"2";"1";"1";"1";""
"202100023852";"158Â 992";"A01";"3";"7";"0";"2";"8";"1";"1";""
"202100023853";"158Â 990";"A01";"3";"7";"0";"1";"1";"1";"1";""
"202100023854";"158Â 989";"A01";"3";"30";"8";"0";"7";"21";"1";""
"202100023855";"158Â 987";"A01";"2";"10";"0";"2";"2";"5";"1";""
"202100023855";"158Â 988";"B01";"2";"7";"0";"2";"1";"1";"1";""
"202100023856";"158Â 986";"A01";"2";"7";"0";"1";"3";"1";"2";""
"202100023857";"158Â 984";"B01";"2";"7";"0";"2";"5";"1";"1";""
"202100023857";"158Â 985";"A01";"2";"30";"0";"2";"8";"11";"1";""
"202100023858";"158Â 981";"A01";"3";"7";"0";"2";"1";"1";"1";""
"202100023858";"158Â 982";"B01";"3";"7";"0";"2";"8";"1";"1";""
"202100023858";"158Â 983";"C01";"3";"7";"0";"2";"8";"1";"1";""
"202100023859";"158Â 979";"Z01";"3";"7";"0";"2";"1";"15";"0";""
"202100023859";"158Â 980";"B01";"3";"7";"0";"2";"1";"1";"1";""
"202100023860";"158Â 977";"B01";"3";"7";"0";"2";"3";"19";"1";""
"202100023860";"158Â 978";"A01";"1";"10";"0";"2";"1";"1";"1";""
"202100023861";"158Â 975";"C01";"2";"7";"0";"2";" -1";"17";" -1";""
"202100023861";"158Â 976";"A01";"1";"7";"9";"0";"1";"14";"1";""
"202100023862";"158Â 973";"B01";"1";"31";"0";"2";"7";"1";"1";""
"202100023862";"158Â 974";"A01";"2";"7";"0";"2";"1";"15";"1";""
"202100023863";"158Â 971";"B01";"0";"7";"0";"2";"8";"1";"1";""
"202100023863";"158Â 972";"A01";"0";"7";"0";"2";"1";"1";"1";""
"202100023864";"158Â 970";"A01";"2";"7";"0";"1";"3";"15";"1";""
"202100023865";"158Â 966";"B01";"2";"7";"0";"2";"1";"1";"1";""
"202100023865";"158Â 967";"C01";"2";"7";"0";"2";"1";"1";"1";""
"202100023865";"158Â 968";"D01";"1";"7";"0";"2";"4";"1";"1";""
"202100023865";"158Â 969";"A01";"1";"7";"16";"2";"1";"13";"1";""
"202100023866";"158Â 965";"A01";"1";"30";"0";"0";"0";"1";"3";""
"202100023867";"158Â 963";"B01";"2";"30";"0";"2";"0";"0";"1";""
"202100023867";"158Â 964";"A01";"2";"7";"0";"2";"1";"1";"1";""
"202100023868";"158Â 961";"B01";"2";"1";"0";"2";"0";"1";"5";""
"202100023868";"158Â 962";"A01";"3";"7";"0";"2";"3";"15";"1";""
"202100023869";"158Â 959";"B01";"3";"50";"0";"2";"1";"25";"3";""
"202100023869";"158Â 960";"A01";"3";"7";"0";"2";"2";"9";"1";""
"202100023870";"158Â 958";"Z01";"1";"30";"0";"1";"1";"25";"1";""
"202100023871";"158Â 957";"A01";"1";"30";"1";"0";"3";"13";"1";""
"202100023872";"158Â 956";"A01";"1";"31";"8";"0";"3";"14";"1";""
"202100023873";"158Â 954";"A01";"1";"7";"0";"2";"2";"22";"1";""
"202100023873";"158Â 955";"B01";"1";"1";"0";"2";"1";"1";"5";""
"202100023874";"158Â 953";"A01";"1";"7";"2";"0";"1";"13";"1";""
"202100023875";"158Â 952";"A01";"2";"7";"0";"1";"2";"1";"1";""
"202100023876";"158Â 950";"A01";"2";"10";"0";"2";"3";"13";"1";""
"202100023876";"158Â 951";"B01";"2";"33";"0";"2";"8";"1";"1";""
"202100023877";"158Â 948";"A01";"1";"10";"0";"2";"1";"16";"1";""
"202100023877";"158Â 949";"B01";"2";"1";"0";"2";"7";"1";"5";""
"202100023878";"158Â 947";"A01";"2";"7";"2";"0";"7";"1";"1";""
"202100023879";"158Â 946";"A01";"3";"7";"6";"0";"1";"1";"1";""
"202100023880";"158Â 945";"Z01";"3";"99";"0";"1";"2";"26";"0";""
"202100023881";"158Â 943";"Z01";"2";"7";"0";"0";"0";"11";"1";""
"202100023881";"158Â 944";"A01";"1";"30";"0";"0";"0";"21";"1";""
"202100023882";"158Â 942";"A01";"2";"7";"0";"1";"1";"1";"1";""
"202100023883";"158Â 941";"A01";"1";"7";"0";"1";"4";"4";"1";""
"202100023884";"158Â 939";"B01";"1";"7";"0";"0";"4";"2";"1";""
"202100023884";"158Â 940";"A01";"1";"7";"0";"2";"1";"2";"1";""
"202100023885";"158Â 938";"A01";"1";"30";"0";"0";"8";"26";"1";""
"202100023886";"158Â 937";"A01";"2";"7";"2";"0";"1";"1";"1";""
"202100023887";"158Â 935";"B01";"1";"7";"0";"2";"6";"2";"1";""
"202100023887";"158Â 936";"A01";"1";"1";"0";"2";"1";"2";"5";""
"202100023888";"158Â 934";"A01";"2";"7";"0";"0";"9";"1";"1";""
"202100023889";"158Â 932";"B01";"2";"7";"0";"2";"3";"15";"1";""
"202100023889";"158Â 933";"A01";"1";"7";"0";"2";"1";"1";"1";""
"202100023890";"158Â 930";"B01";"1";"7";"0";"2";"3";"1";"1";""
"202100023890";"158Â 931";"A01";"0";"80";"0";"2";"3";"19";"3";""
"202100023891";"158Â 928";"A01";"0";"2";"0";"2";"8";"19";"1";""
"202100023891";"158Â 929";"B01";"0";"10";"0";"2";"3";"1";"1";""
"202100023892";"158Â 926";"B01";"3";"50";"0";"2";"3";"19";"3";""
"202100023892";"158Â 927";"A01";"1";"10";"0";"9";"1";"1";"1";""
"202100023893";"158Â 925";"Z01";"2";"7";"0";"1";"8";"1";"0";""
"202100023894";"158Â 923";"B01";"3";"7";"0";"2";"8";"26";"1";""
"202100023894";"158Â 924";"A01";"3";"7";"0";"2";"1";"0";"1";""
"202100023895";"158Â 921";"B01";"0";"7";"0";"2";"3";"1";"1";""
"202100023895";"158Â 922";"A01";"3";"7";"0";"2";"3";"13";"1";""
"202100023896";"158Â 919";"B01";"2";"7";"0";"2";"1";"1";"1";""
"202100023896";"158Â 920";"A01";"1";"7";"0";"2";"1";"5";"1";""
"202100023897";"158Â 918";"A01";"3";"30";"0";"0";"0";"26";"0";""
"202100023898";"158Â 917";"A01";"1";"7";"13";"0";"2";"14";"1";""
"202100023899";"158Â 915";"B01";"3";"7";"0";"2";"5";"20";"0";""
"202100023899";"158Â 916";"A01";"1";"7";"1";"0";"8";"24";"1";""
"202100023900";"158Â 913";"Z01";"2";"7";"0";"2";"1";"1";"1";""
"202100023900";"158Â 914";"B01";"2";"33";"0";"2";"7";"16";"1";""
"202100023901";"158Â 911";"B01";"1";"80";"0";"2";"4";"19";"3";""
"202100023901";"158Â 912";"A01";"1";"7";"0";"2";"3";"9";"1";""
"202100023902";"158Â 910";"A01";"3";"7";"0";"1";"4";"4";"3";""
"202100023903";"158Â 908";"B01";"1";"7";"0";"2";"2";"2";"1";""
"202100023903";"158Â 909";"A01";"1";"7";"0";"2";"1";"16";"1";""
"202100023904";"158Â 906";"B01";"3";"7";"0";"2";"1";"1";"0";""
"202100023904";"158Â 907";"A01";"3";"7";"0";"2";"3";"26";"1";""
"202100023905";"158Â 904";"B01";"1";"33";"0";"2";"0";"17";"1";""
"202100023905";"158Â 905";"A01";"1";"7";"0";"2";"1";"15";"1";""
"202100023906";"158Â 902";"B01";"1";"7";"0";"2";"3";"1";"1";""
"202100023906";"158Â 903";"A01";"2";"7";"0";"2";"3";"13";"1";""
"202100023907";"158Â 900";"A01";"1";"7";"0";"2";"1";"2";"1";""
"202100023907";"158Â 901";"B01";"1";"7";"0";"2";"4";"2";"1";""
"202100023908";"158Â 898";"A01";"2";"7";"0";"2";"3";"13";"1";""
"202100023908";"158Â 899";"B01";"2";"33";"0";"2";"5";"3";"1";""
"202100023909";"158Â 896";"A01";"1";"7";"0";"2";"6";"1";"1";""
"202100023909";"158Â 897";"B01";"1";"7";"0";"2";"3";"1";"1";""
"202100023910";"158Â 895";"A01";"1";"7";"1";"0";"1";"13";"1";""
"202100023911";"158Â 893";"B01";"1";"33";"0";"2";"3";"1";"1";""
"202100023911";"158Â 894";"A01";"2";"50";"0";"2";"3";"13";"3";""
"202100023912";"158Â 891";"B01";"2";"30";"0";"2";"3";"1";"1";""
"202100023912";"158Â 892";"A01";"2";"10";"0";"2";"7";"16";"1";""
"202100023913";"158Â 889";"B01";"1";"30";"0";"2";"3";"18";"1";""
"202100023913";"158Â 890";"A01";"1";"7";"0";"2";"1";"16";"1";""
"202100023914";"158Â 888";"A01";"1";"7";"8";"0";"2";"1";"1";""
"202100023915";"158Â 886";"A01";"1";"7";"0";"2";"5";"26";"6";""
"202100023915";"158Â 887";"B01";"1";"2";"0";"2";"1";"1";"1";""
"202100023916";"158Â 884";"B01";"2";"41";"0";"2";"7";"25";"3";""
"202100023916";"158Â 885";"A01";"1";"7";"0";"2";"1";"20";"3";""
"202100023917";"158Â 882";"A01";"2";"30";"0";"2";"1";"16";"1";""
"202100023917";"158Â 883";"B01";"2";"7";"0";"2";"5";"1";"1";""
"202100023918";"158Â 880";"B01";"3";"7";"0";"2";"2";"9";"1";""
"202100023918";"158Â 881";"A01";"3";"7";"0";"2";"7";"1";"1";""
"202100023919";"158Â 878";"Z01";"2";"7";"0";"2";"1";"1";"0";""
"202100023919";"158Â 879";"A01";"1";"99";"0";"2";"1";"5";"6";""
"202100023920";"158Â 877";"A01";"1";"7";"0";"1";"2";"19";"1";""
"202100023921";"158Â 876";"A01";"3";"1";"0";"1";"1";"1";"5";""
"202100023922";"158Â 874";"B01";"3";"7";"0";"2";"0";"23";"1";""
"202100023922";"158Â 875";"A01";"3";"30";"0";"2";"1";"23";"1";""
"202100023923";"158Â 872";"A01";"1";"7";"0";"2";"2";"16";"1";""
"202100023923";"158Â 873";"SB01";"1";"30";"0";"2";"1";"0";"1";""
"202100023924";"158Â 870";"B01";"0";"30";"0";"2";"1";"17";"1";""
"202100023924";"158Â 871";"A01";"0";"7";"0";"2";"3";"15";"1";""
"202100023925";"158Â 866";"A01";"2";"7";"0";"2";"7";"21";"1";""
"202100023925";"158Â 867";"B01";"2";"2";"0";"2";"4";"1";"1";""
"202100023926";"158Â 864";"B01";"1";"7";"0";"2";"4";"23";"1";""
"202100023926";"158Â 865";"A01";"1";"7";"0";"2";"1";"2";"1";""
"202100023927";"158Â 863";"A01";"1";"50";"0";"1";"1";"1";"3";""
"202100023928";"158Â 861";"B01";"1";"7";"0";"2";"3";"0";"1";""
"202100023928";"158Â 862";"A01";"2";"7";"0";"2";"3";"13";"1";""
"202100023929";"158Â 859";"A01";"1";"7";"0";"0";"4";"2";"1";""
"202100023929";"158Â 860";"B01";"1";"33";"0";"2";"1";"2";"1";""
"202100023930";"158Â 857";"A01";"1";"15";"0";"2";"3";"1";"1";""
"202100023930";"158Â 858";"B01";"2";"7";"0";"0";"3";"0";"1";""
"202100023931";"158Â 855";"B01";"3";"14";"0";"2";"3";"1";"1";""
"202100023931";"158Â 856";"A01";"3";"7";"4";"2";"2";"1";"1";""
"202100023932";"158Â 853";"A01";"1";"7";"0";"2";"3";"26";"1";""
"202100023932";"158Â 854";"B01";"2";"7";"0";"2";"6";"1";"0";""
"202100023933";"158Â 852";"A01";"1";"7";"13";"0";"1";"2";"1";""
"202100023934";"158Â 850";"A01";"1";"33";"0";"2";"1";"13";"1";""
"202100023934";"158Â 851";"B01";"2";"14";"0";"2";"3";"1";"1";""
"202100023935";"158Â 848";"B01";"2";"2";"8";"0";"1";"1";"1";""
"202100023935";"158Â 849";"A01";"3";"7";"0";"0";"0";"15";"1";""
"202100023936";"158Â 847";"A01";"1";"7";"2";"0";"0";"1";"1";""
"202100023937";"158Â 846";"A01";"1";"7";"6";"0";"1";"1";"1";""
"202100023938";"158Â 843";"A01";"2";"7";"0";"2";"1";"13";"1";""
"202100023938";"158Â 844";"B01";"1";"7";"0";"2";"3";"1";"1";""
"202100023938";"158Â 845";"C01";"1";"7";"0";"2";"8";"1";"1";""
"202100023939";"158Â 842";"A01";"2";"43";"13";"0";"2";"1";"1";""
"202100023940";"158Â 839";"A01";"2";"10";"0";"2";"3";"13";"1";""
"202100023940";"158Â 840";"C01";"1";"15";"0";"2";"1";"1";"1";""
"202100023940";"158Â 841";"B01";"1";"10";"0";"2";"3";"1";"1";""
"202100023941";"158Â 838";"A01";"2";"10";"13";"0";"1";"1";"1";""
"202100023942";"158Â 836";"B01";"2";"7";"0";"2";"2";"1";"1";""
"202100023942";"158Â 837";"A01";"3";"7";"6";"2";"7";"19";"1";""
"202100023943";"158Â 835";"A01";"1";"33";"0";"0";"1";"9";"1";""
"202100023944";"158Â 833";"B01";"0";"7";"0";"9";"6";"1";"1";""
"202100023944";"158Â 834";"A01";"0";"1";"0";"2";"3";"13";"5";""
"202100023945";"158Â 832";"A01";"1";"7";"0";"0";"9";"1";"1";""
"202100023946";"158Â 830";"B01";"3";"7";"0";"2";"1";"1";"1";""
"202100023946";"158Â 831";"A01";"3";"7";"0";"2";"1";"5";"1";""
"202100023947";"158Â 828";"B01";"3";"1";"0";"2";"7";"17";"5";""
"202100023947";"158Â 829";"A01";"3";"1";"0";"2";"8";"13";"5";""
"202100023948";"158Â 826";"B01";"1";"7";"0";"2";"1";"1";"1";""
"202100023948";"158Â 827";"A01";"2";"7";"0";"2";"2";"17";"1";""
"202100023949";"158Â 824";"A01";"2";"1";"12";"0";"0";"1";"5";""
"202100023949";"158Â 825";"B01";"2";"38";"0";"0";"0";"17";"0";"1"
"202100023950";"158Â 822";"C01";"2";"10";"0";"9";"4";"1";"1";""
"202100023950";"158Â 823";"A01";"1";"1";"6";"2";"1";"0";"5";""
"202100023951";"158Â 820";"A01";"0";"2";"0";"2";"1";"5";"1";""
"202100023951";"158Â 821";"B01";"0";"7";"0";"2";"3";"1";"1";""
"202100023952";"158Â 818";"A01";"2";"7";"0";"2";"3";"10";"1";""
"202100023952";"158Â 819";"B01";"2";"33";"0";"2";"1";"1";"1";""
"202100023953";"158Â 816";"B01";"3";"7";"0";"2";"3";"19";"2";""
"202100023953";"158Â 817";"A01";"2";"7";"0";"2";"1";"1";"1";""
"202100023954";"158Â 815";"A01";"2";"32";"10";"0";"3";"17";"1";""
"202100023955";"158Â 814";"A01";"2";"7";"0";"0";"2";"1";"1";""
"202100023956";"158Â 813";"A01";"2";"7";"6";"0";"2";"1";"1";""
"202100023957";"158Â 811";"B01";"3";"80";"0";"2";"8";"1";"3";""
"202100023957";"158Â 812";"A01";"3";"7";"0";"2";"7";"17";"0";""
"202100023958";"158Â 809";"B01";"2";"7";"0";"2";"8";"15";"1";""
"202100023958";"158Â 810";"A01";"2";"7";"0";"2";"1";"1";"1";""
"202100023959";"158Â 807";"B01";"1";"2";"0";"2";"8";"24";"1";""
"202100023959";"158Â 808";"A01";"1";"10";"1";"0";"1";"1";"1";""
"202100023960";"158Â 806";"A01";"1";"7";"0";"0";"0";"14";"1";""
"202100023961";"158Â 805";"A01";"1";"10";"3";"0";"2";"0";"1";""
"202100023962";"158Â 804";"A01";"3";"7";"14";"9";"0";"1";"1";""
"202100023963";"158Â 799";"C01";"2";"7";"3";"0";"2";"1";"1";""
"202100023963";"158Â 800";"B01";"2";"7";"3";"2";"6";"1";"1";""
"202100023963";"158Â 801";"A01";"2";"7";"3";"2";"2";"17";"1";""
"202100023964";"158Â 798";"A01";"2";"7";"0";"1";"3";"0";"1";""
"202100023965";"158Â 797";"A01";"2";"7";"0";"0";"0";"1";"1";""
"202100023966";"158Â 796";"A01";"3";"7";"0";"1";"3";"15";"1";""
"202100023967";"158Â 795";"A01";"0";"7";"0";"1";"2";"21";"1";""
"202100023968";"158Â 793";"A01";"1";"7";"0";"2";"3";"13";"1";""
"202100023968";"158Â 794";"B01";"2";"33";"0";"2";"1";"21";"1";""
"202100023969";"158Â 792";"A01";"2";"7";"0";"1";"7";"1";"1";""
"202100023970";"158Â 791";"A01";"3";"7";"6";"0";"2";"1";"1";""
"202100023971";"158Â 790";"A01";"2";"34";"0";"0";"0";"0";"1";""
"202100023972";"158Â 788";"B01";"2";"33";"13";"2";"9";"0";"1";""
"202100023972";"158Â 789";"A01";"1";"13";"0";"9";"6";"17";"1";""
"202100023973";"158Â 786";"B01";"1";"7";"0";"2";"8";"2";"1";""
"202100023973";"158Â 787";"A01";"1";"1";"0";"2";"7";"1";"5";""
"202100023974";"158Â 783";"C01";"1";"7";"0";"2";"1";"1";"1";""
"202100023974";"158Â 784";"B01";"2";"7";"0";"2";"4";"23";"1";""
"202100023974";"158Â 785";"A01";"2";"7";"0";"0";"4";"23";"1";""
"202100023975";"158Â 782";"A01";"2";"7";"2";"0";"1";"14";"1";""
"202100023976";"158Â 779";"B01";"1";"7";"0";"0";"4";"1";"1";""
"202100023976";"158Â 780";"A01";"1";"7";"0";"2";"1";"9";"1";""
"202100023977";"158Â 777";"A01";"2";"10";"0";"2";"1";"2";"1";""
"202100023977";"158Â 778";"B01";"2";"30";"0";"2";"4";"2";"1";""
"202100023978";"158Â 774";"C01";"2";"7";"0";"2";"4";"1";"1";""
"202100023978";"158Â 775";"B01";"2";"7";"0";"2";"4";"2";"1";""
"202100023978";"158Â 776";"A01";"2";"10";"0";"2";"1";"1";"1";""
"202100023979";"158Â 772";"B01";"1";"7";"0";"2";"4";"1";"1";""
"202100023979";"158Â 773";"A01";"1";"7";"0";"2";"1";"1";"1";""
"202100023980";"158Â 769";"C01";"2";"7";"0";"2";"4";"1";"1";""
"202100023980";"158Â 770";"B01";"2";"7";"0";"2";"4";"1";"1";""
"202100023980";"158Â 771";"A01";"2";"7";"0";"2";"1";"11";"1";""
"202100023981";"158Â 768";"A01";"1";"33";"0";"0";"0";"1";"1";""
"202100023982";"158Â 767";"A01";"2";"7";"3";"2";"1";"1";"1";""
"202100023983";"158Â 766";"A01";"0";"7";"0";"1";"1";"2";"1";""
"202100023984";"158Â 764";"B01";"1";"7";"0";"2";"3";"1";"1";""
"202100023984";"158Â 765";"A01";"1";"30";"0";"2";"1";"17";"1";""
"202100023985";"158Â 762";"Z01";"1";"7";"0";"9";"0";"0";"0";""