"Num_Acc";"id_vehicule";"num_veh";"senc";"catv";"obs";"obsm";"choc";"manv";"motor";"occutc"
"202100023985";"158Â 763";"A01";"1";"2";"0";"2";"4";"1";"1";""
"202100023986";"158Â 760";"B01";"3";"2";"0";"2";"3";"1";"1";""
"202100023986";"158Â 761";"A01";"3";"10";"0";"2";"3";"1";"1";""
"202100023987";"158Â 759";"A01";"2";"7";"0";"1";"1";"15";"1";""
"202100023988";"158Â 758";"A01";"2";"7";"0";"0";"2";"14";"1";""
"202100023989";"158Â 757";"A01";"1";"31";"0";"0";"3";"2";"1";""
"202100023990";"158Â 756";"A01";"1";"7";"3";"0";"1";"13";"1";""
"202100023991";"158Â 755";"A01";"3";"30";"0";"0";"0";"1";"3";""
"202100023992";"158Â 753";"B01";"1";"33";"12";"2";"3";"1";"1";""
"202100023992";"158Â 754";"A01";"1";"7";"0";"2";"5";"13";"1";""
"202100023993";"158Â 751";"B01";"3";"7";"0";"2";"3";"15";"1";""
"202100023993";"158Â 752";"A01";"3";"7";"0";"2";"2";"12";"1";""
"202100023994";"158Â 749";"B01";"2";"10";"0";"2";"6";"1";"1";""
"202100023994";"158Â 750";"A01";"2";"30";"0";"2";"1";"12";"1";""
"202100023995";"158Â 748";"A01";"1";"37";"0";"1";"3";"1";"1";"1"
"202100023996";"158Â 746";"B01";"1";"32";"0";"2";"1";"1";"1";""
"202100023996";"158Â 747";"A01";"3";"7";"0";"2";"2";"15";"1";""
"202100023997";"158Â 744";"A01";"1";"7";"0";"2";"2";"15";"1";""
"202100023997";"158Â 745";"B01";"2";"2";"0";"2";"1";"1";"1";""
"202100023998";"158Â 742";"A01";"1";"7";"0";"2";"1";"1";"1";""
"202100023998";"158Â 743";"B01";"1";"1";"0";"2";"4";"13";"5";""
"202100023999";"158Â 741";"A01";"1";"33";"0";"1";"1";"21";"1";""
"202100024000";"158Â 739";"B01";"2";"1";"0";"2";"1";"16";"5";""
"202100024000";"158Â 740";"A01";"1";"7";"0";"2";"2";"15";"1";""
"202100024001";"158Â 738";"A01";"3";"7";"0";"1";"2";"19";"1";""
"202100024002";"158Â 736";"A01";"2";"10";"0";"2";"8";"26";"1";""
"202100024002";"158Â 737";"B01";"1";"33";"0";"2";"8";"0";"1";""
"202100024003";"158Â 734";"C01";"3";"7";"0";"2";"3";"9";"1";""
"202100024003";"158Â 735";"B01";"3";"1";"0";"2";"1";"26";"5";""
"202100024004";"158Â 732";"B01";"1";"7";"0";"2";"2";"1";"1";""
"202100024004";"158Â 733";"A01";"1";"3";"0";"2";"3";"16";"1";""
"202100024005";"158Â 731";"A01";"2";"7";"0";"1";"1";"1";"1";""
"202100024006";"158Â 729";"B01";"1";"7";"0";"2";"3";"1";"0";""
"202100024006";"158Â 730";"A01";"1";"80";"0";"2";"1";"19";"3";""
"202100024007";"158Â 728";"A01";"1";"7";"2";"0";"1";"0";"1";""
"202100024008";"158Â 727";"A01";"2";"3";"15";"0";"1";"15";"1";""
"202100024009";"158Â 725";"B01";"2";"7";"1";"2";"2";"9";"1";""
"202100024009";"158Â 726";"A01";"1";"2";"0";"2";"7";"1";"1";""
"202100024010";"158Â 724";"A01";"1";"7";"0";"1";"7";"1";"1";""
"202100024011";"158Â 723";"A01";"3";"30";"0";"0";"1";"16";"1";""
"202100024012";"158Â 721";"A01";"2";"7";"0";"2";"1";"1";"1";""
"202100024012";"158Â 722";"B01";"2";"7";"0";"2";"5";"23";"1";""
"202100024013";"158Â 719";"A01";"0";"30";"0";"2";"1";"1";"1";""
"202100024013";"158Â 720";"B01";"0";"7";"0";"2";"4";"23";"1";""
"202100024014";"158Â 718";"A01";"3";"7";"8";"0";"2";"1";"1";""
"202100024015";"158Â 717";"A01";"1";"7";"0";"1";"1";"1";"1";""
"202100024016";"158Â 716";"A01";"1";"7";"15";"0";"1";"1";"1";""
"202100024017";"158Â 715";"A01";"1";"7";"2";"0";"3";"14";"1";""
"202100024018";"158Â 714";"A01";"3";"32";"0";"0";"0";"19";"1";""
"202100024019";"158Â 712";"B01";"3";"7";"0";"2";"8";"1";"2";""
"202100024019";"158Â 713";"A01";"3";"7";"0";"2";"1";"15";"1";""
"202100024020";"158Â 711";"A01";"1";"43";"9";"0";"1";"26";"1";""
"202100024021";"158Â 709";"A01";"1";"7";"0";"9";"7";"1";"1";""
"202100024021";"158Â 710";"B01";"1";"1";"0";"2";"6";"1";"5";""
"202100024022";"158Â 706";"A01";"1";"7";"0";"2";"5";"14";"1";""
"202100024022";"158Â 707";"B01";"1";"7";"0";"2";"4";"2";"1";""
"202100024022";"158Â 708";"C01";"1";"7";"0";"2";"1";"2";"1";""
"202100024023";"158Â 705";"A01";"1";"7";"11";"0";"3";"13";"1";""
"202100024024";"158Â 703";"A01";"2";"7";"0";"2";"3";"15";"1";""
"202100024024";"158Â 704";"B01";"1";"1";"0";"2";"1";"1";"5";""
"202100024025";"158Â 701";"A01";"2";"7";"0";"2";"2";"15";"1";""
"202100024025";"158Â 702";"B01";"1";"1";"0";"2";"1";"5";"5";""
"202100024026";"158Â 700";"A01";"1";"7";"0";"1";"2";"15";"1";""
"202100024027";"158Â 699";"A01";"1";"7";"0";"1";"2";"16";"1";""
"202100024028";"158Â 697";"A01";"1";"7";"6";"2";"5";"1";"1";""
"202100024028";"158Â 698";"B01";"1";"7";"0";"2";"1";"1";"2";""
"202100024029";"158Â 695";"A01";"1";"7";"0";"2";"1";"1";"1";""
"202100024029";"158Â 696";"B01";"1";"7";"0";"2";"5";"1";"1";""
"202100024030";"158Â 692";"A01";"1";"7";"0";"2";"3";"2";"1";""
"202100024030";"158Â 693";"B01";"1";"7";"0";"2";"4";"2";"1";""
"202100024030";"158Â 694";"C01";"1";"7";"0";"2";"4";"23";"1";""
"202100024031";"158Â 690";"A01";"2";"7";"0";"2";"5";"15";"0";""
"202100024031";"158Â 691";"B01";"1";"30";"0";"2";"1";"1";"0";""
"202100024032";"158Â 688";"A01";"2";"1";"0";"2";"1";"1";"5";""
"202100024032";"158Â 689";"B01";"1";"7";"0";"2";"7";"1";"1";""
"202100024033";"158Â 687";"A01";"1";"7";"0";"1";"0";"1";"1";""
"202100024034";"158Â 683";"A01";"2";"7";"0";"2";"1";"15";"1";""
"202100024034";"158Â 684";"B01";"2";"1";"0";"2";"8";"19";"5";""
"202100024035";"158Â 682";"B01";"1";"1";"1";"0";"1";"1";"5";""
"202100024036";"158Â 680";"B01";"2";"7";"0";"2";"2";"15";"1";""
"202100024036";"158Â 681";"A01";"1";"32";"0";"2";"1";"1";"0";""
"202100024037";"158Â 678";"B01";"1";"50";"0";"2";"7";"5";"3";""
"202100024037";"158Â 679";"A01";"1";"7";"0";"2";"1";"1";"1";""
"202100024038";"158Â 677";"A01";"0";"43";"8";"0";"1";"0";"1";""
"202100024039";"158Â 676";"A01";"2";"1";"0";"0";"0";"1";"0";""
"202100024040";"158Â 674";"A01";"2";"32";"0";"9";"1";"1";"1";""
"202100024040";"158Â 675";"B01";"2";"7";"0";"0";"0";"1";"1";""
"202100024041";"158Â 672";"B01";"1";"1";"0";"0";"8";"1";"5";""
"202100024041";"158Â 673";"A01";"2";"7";"0";"9";"1";"15";"1";""
"202100024042";"158Â 670";"A01";"1";"7";"0";"2";"3";"0";"1";""
"202100024042";"158Â 671";"B01";"1";"1";"0";"2";"1";"0";"5";""
"202100024043";"158Â 668";"B01";"1";"7";"0";"2";"1";"1";"1";""
"202100024043";"158Â 669";"A01";"2";"2";"0";"2";"1";"5";"1";""
"202100024044";"158Â 666";"A01";"2";"7";"0";"2";"2";"1";"1";""
"202100024044";"158Â 667";"B01";"2";"1";"0";"2";"4";"1";"5";""
"202100024045";"158Â 664";"A01";"2";"31";"0";"0";"2";"17";"1";""
"202100024045";"158Â 665";"B01";"2";"21";"0";"2";"8";"15";"1";""
"202100024046";"158Â 663";"A01";"1";"7";"8";"0";"1";"1";"1";""
"202100024047";"158Â 661";"A01";"2";"10";"0";"9";"4";"26";"1";""
"202100024047";"158Â 662";"B01";"2";"2";"0";"2";"1";"23";"1";""
"202100024048";"158Â 659";"B01";"3";"7";"0";"2";"6";"15";"1";""
"202100024048";"158Â 660";"A01";"1";"33";"0";"2";"1";"1";"1";""
"202100024049";"158Â 658";"A01";"1";"7";"17";"0";"3";"13";"1";""
"202100024050";"158Â 656";"B01";"2";"7";"0";"2";"3";"13";"1";""
"202100024050";"158Â 657";"A01";"1";"10";"0";"2";"3";"13";"1";""
"202100024051";"158Â 655";"A01";"0";"33";"0";"6";"1";"1";"1";""
"202100024052";"158Â 653";"B01";"1";"7";"0";"0";"2";"1";"1";""
"202100024052";"158Â 654";"A01";"2";"10";"0";"0";"3";"13";"1";""
"202100024053";"158Â 652";"A01";"2";"7";"16";"0";"0";"13";"1";""
"202100024054";"158Â 651";"A01";"2";"1";"0";"5";"2";"1";"5";""
"202100024055";"158Â 650";"A01";"3";"31";"0";"2";"1";"1";"1";""
"202100024056";"158Â 648";"A01";"2";"10";"0";"2";"2";"15";"1";""
"202100024056";"158Â 649";"B01";"1";"7";"7";"2";"3";"1";"1";""
"202100024057";"158Â 647";"A01";"1";"21";"13";"0";"0";"1";"1";""
"202100024058";"158Â 645";"B01";"2";"7";"0";"0";"6";"1";"1";""
"202100024058";"158Â 646";"A01";"2";"7";"3";"2";"2";"14";"1";""
"202100024059";"158Â 644";"A01";"2";"15";"0";"0";"9";"1";"1";""
"202100024060";"158Â 642";"A01";"1";"7";"0";"2";"1";"1";"1";""
"202100024060";"158Â 643";"B01";"2";"7";"0";"2";"8";"19";"1";""
"202100024061";"158Â 641";"A01";"1";"50";"0";"0";"0";"1";"3";""
"202100024062";"158Â 639";"B01";"1";"33";"0";"2";"8";"1";"1";""
"202100024062";"158Â 640";"A01";"1";"7";"0";"2";"2";"19";"1";""
"202100024063";"158Â 637";"B01";"2";"7";"0";"2";"6";"15";"1";""
"202100024063";"158Â 638";"A01";"2";"7";"0";"2";"1";"17";"1";""
"202100024064";"158Â 635";"A01";"2";"33";"2";"0";"3";"1";"1";""
"202100024065";"158Â 634";"A01";"3";"2";"0";"0";"0";"21";"1";""
"202100024066";"158Â 632";"A01";"3";"7";"0";"2";"6";"10";"1";""
"202100024066";"158Â 633";"B01";"3";"33";"0";"2";"1";"1";"1";""
"202100024067";"158Â 631";"A01";"3";"7";"2";"0";"1";"1";"1";""
"202100024068";"158Â 630";"A01";"1";"7";"0";"0";"9";"1";"1";""
"202100024069";"158Â 629";"A01";"2";"36";"6";"0";"2";"1";"1";""
"202100024070";"158Â 628";"A01";"3";"2";"14";"0";"1";"1";"1";""
"202100024071";"158Â 627";"A01";"1";"33";"13";"0";"1";"13";"1";""
"202100024072";"158Â 626";"A01";"2";"7";"0";"0";"9";"0";"1";""
"202100024073";"158Â 625";"A01";"1";"33";"13";"0";"0";"1";"1";""
"202100024074";"158Â 624";"A01";"1";"10";"4";"0";"1";"16";"6";""
"202100024075";"158Â 621";"A01";"1";"7";"0";"2";"4";"23";"1";""
"202100024075";"158Â 622";"B01";"1";"15";"0";"2";"1";"2";"1";""
"202100024075";"158Â 623";"C01";"1";"10";"0";"2";"1";"26";"1";""
"202100024076";"158Â 620";"A01";"1";"7";"4";"0";"3";"0";"1";""
"202100024077";"158Â 618";"B01";"1";"2";"0";"2";"3";"18";"1";""
"202100024077";"158Â 619";"A01";"1";"7";"0";"2";"2";"16";"1";""
"202100024078";"158Â 617";"A01";"2";"7";"0";"0";"8";"1";"1";""
"202100024079";"158Â 615";"B01";"1";"31";"0";"2";"8";"13";"1";""
"202100024079";"158Â 616";"A01";"1";"7";"0";"9";"2";"11";"1";""
"202100024080";"158Â 613";"A01";"2";"2";"0";"2";"3";"19";"1";""
"202100024080";"158Â 614";"B01";"1";"7";"0";"2";"2";"1";"1";""
"202100024081";"158Â 612";"A01";"3";"7";"0";"1";"2";"2";"1";""
"202100024082";"158Â 611";"A01";"1";"7";"4";"0";"2";"0";"1";""
"202100024083";"158Â 609";"A01";"1";"7";"0";"2";"3";"1";"1";""
"202100024083";"158Â 610";"B01";"2";"7";"0";"2";"6";"1";"1";""
"202100024084";"158Â 607";"B01";"1";"7";"0";"0";"6";"15";"1";""
"202100024084";"158Â 608";"A01";"1";"32";"6";"2";"2";"17";"1";""
"202100024085";"158Â 606";"A01";"1";"33";"0";"0";"0";"1";"1";""
"202100024086";"158Â 605";"A01";"1";"33";"0";"0";"3";"15";"1";""
"202100024087";"158Â 604";"A01";"3";"7";"0";"1";"2";"20";"1";""
"202100024088";"158Â 602";"A01";"2";"7";"0";"2";"2";"1";"1";""
"202100024088";"158Â 603";"B01";"3";"1";"0";"2";"0";"26";"5";""
"202100024089";"158Â 600";"B01";"2";"7";"0";"2";"2";"1";"1";""
"202100024089";"158Â 601";"A01";"1";"2";"0";"2";"1";"1";"1";""
"202100024090";"158Â 598";"A01";"1";"1";"0";"2";"1";"2";"5";""
"202100024090";"158Â 599";"B01";"1";"7";"0";"2";"4";"1";"1";""
"202100024091";"158Â 597";"A01";"1";"33";"8";"0";"1";"1";"1";""
"202100024092";"158Â 595";"C01";"0";"33";"0";"2";"3";"0";"1";""
"202100024092";"158Â 596";"A01";"1";"7";"0";"2";"1";"1";"1";""
"202100024093";"158Â 594";"A01";"2";"7";"0";"0";"1";"1";"1";""
"202100024094";"158Â 592";"B01";"2";"33";"0";"2";"1";"1";"1";""
"202100024094";"158Â 593";"A01";"2";"7";"0";"2";"3";"15";"1";""
"202100024095";"158Â 590";"A01";"3";"7";"0";"2";"1";"5";"1";""
"202100024095";"158Â 591";"B01";"3";"7";"0";"2";"1";"2";"1";""
"202100024096";"158Â 589";"A01";"2";"7";"0";"1";"1";"0";"1";""
"202100024097";"158Â 587";"A01";"1";"7";"0";"2";"6";"1";"1";""
"202100024097";"158Â 588";"B01";"1";"33";"0";"2";"5";"17";"1";""
"202100024098";"158Â 586";"A01";"1";"7";"4";"0";"0";"1";" -1";""
"202100024099";"158Â 584";"B01";"1";"7";"0";"2";"6";"23";"1";""
"202100024099";"158Â 585";"A01";"1";"7";"0";"1";"2";"14";"1";""
"202100024100";"158Â 582";"B01";"2";"7";"0";"2";"4";"12";"1";""
"202100024100";"158Â 583";"A01";"2";"15";"0";"2";"2";"1";"1";""
"202100024101";"158Â 579";"A01";"1";"7";"0";"2";"4";"23";"1";""
"202100024101";"158Â 580";"B01";"1";"7";"0";"2";"4";"23";"2";""
"202100024101";"158Â 581";"C01";"2";"10";"0";"2";"1";"2";"1";""
"202100024102";"158Â 576";"C01";"2";"33";"0";"2";"1";"2";"1";""
"202100024102";"158Â 577";"B01";"2";"7";"0";"2";"3";"2";"1";""
"202100024102";"158Â 578";"A01";"2";"7";"4";"2";"1";"2";"1";""
"202100024103";"158Â 572";"D01";"1";"7";"0";"2";"4";"1";"2";""
"202100024103";"158Â 573";"C01";"1";"7";"0";"2";"4";"1";"1";""
"202100024103";"158Â 574";"B01";"1";"7";"0";"2";"4";"1";"1";""
"202100024103";"158Â 575";"A01";"1";"7";"0";"2";"1";"1";"1";""
"202100024104";"158Â 571";"A01";"2";"7";"0";"0";"9";"26";"1";""
"202100024105";"158Â 570";"A01";"1";"33";"3";"0";"7";"3";"1";""
"202100024106";"158Â 568";"A01";"1";"33";"4";"2";"1";"1";"1";""
"202100024106";"158Â 569";"B01";"1";"7";"0";"2";"6";"0";"1";""
"202100024107";"158Â 567";"A01";"1";"10";"0";"1";"3";"1";"1";""
"202100024108";"158Â 566";"A01";"1";"7";"0";"1";"3";"15";"1";""
"202100024109";"158Â 564";"B01";"3";"7";"0";"2";"5";"0";"1";""
"202100024109";"158Â 565";"A01";"3";"7";"12";"2";"3";"17";"1";""
"202100024110";"158Â 563";"A01";"2";"7";"0";"0";"3";"1";"1";""
"202100024111";"158Â 561";"A01";"0";"99";"0";"2";"1";"1";"0";""
"202100024111";"158Â 562";"B01";"0";"7";"0";"0";"4";"23";"0";""
"202100024112";"158Â 559";"B01";"2";"7";"8";"2";"1";"1";"1";""
"202100024112";"158Â 560";"A01";"1";"7";"8";"2";"5";"1";"1";""
"202100024113";"158Â 557";"B01";"1";"2";"0";"2";"0";"3";"1";""
"202100024113";"158Â 558";"A01";"1";"7";"0";"2";"0";"9";"1";""
"202100024114";"158Â 556";"A01";"1";"7";"0";"1";"1";"1";"1";""
"202100024115";"158Â 555";"A01";"2";"99";"0";"0";"0";"26";"3";""
"202100024116";"158Â 553";"A01";"1";"7";"3";"2";"1";"1";"1";""
"202100024116";"158Â 554";"B01";"1";"7";"0";"2";"4";"2";"1";""
"202100024117";"158Â 552";"A01";"2";"7";"0";"0";"0";"0";"1";""
"202100024118";"158Â 550";"B01";"2";"7";"9";"2";"1";"1";"1";""
"202100024118";"158Â 551";"A01";"2";"7";"9";"2";"3";"19";"1";""
"202100024119";"158Â 548";"B01";"1";"7";"0";"9";"3";"1";"1";""
"202100024119";"158Â 549";"A01";"2";"7";"0";"9";"2";"15";"1";""
"202100024120";"158Â 547";"A01";"3";"30";"11";"0";"3";"13";"1";""
"202100024121";"158Â 545";"A01";"0";"7";"0";"2";"1";"15";"1";""
"202100024121";"158Â 546";"B01";"0";"2";"0";"2";"3";"1";"1";""
"202100024122";"158Â 543";"B01";"0";"7";"0";"2";"3";"1";"1";""
"202100024122";"158Â 544";"A01";"0";"7";"0";"2";"8";"1";"1";""
"202100024123";"158Â 541";"A01";"1";"10";"0";"2";"2";"10";"1";""
"202100024123";"158Â 542";"B01";"2";"2";"0";"2";"1";"1";"1";""
"202100024124";"158Â 538";"B01";"0";"7";"0";"2";"0";"0";"1";""
"202100024124";"158Â 539";"A01";"0";"7";"0";"2";"0";"0";"1";""
"202100024124";"158Â 540";"C01";"0";"7";"0";"2";"0";"0";"1";""
"202100024125";"158Â 536";"B01";"2";"7";"0";"2";"1";"1";"0";""
"202100024125";"158Â 537";"A01";"2";"7";"0";"2";"8";"10";"0";""
"202100024126";"158Â 534";"A01";"2";"33";"0";"2";"1";"21";"1";""
"202100024126";"158Â 535";"B01";"2";"7";"0";"2";"3";"15";"1";""
"202100024127";"158Â 532";"A01";"3";"80";"0";"2";"4";"19";"3";""
"202100024127";"158Â 533";"B01";"3";"7";"0";"2";"0";"19";"1";""
"202100024128";"158Â 530";"B01";"1";"7";"0";"2";"6";"1";"1";""
"202100024128";"158Â 531";"A01";"1";"33";"0";"2";"7";"21";"1";""
"202100024129";"158Â 528";"A01";"0";"7";"0";"2";"1";"26";"1";""
"202100024129";"158Â 529";"B01";"0";"1";"0";"0";"0";"0";"2";""
"202100024130";"158Â 526";"A01";"2";"7";"0";"2";"1";"2";"1";""
"202100024130";"158Â 527";"B01";"1";"7";"4";"2";"4";"1";"1";""
"202100024131";"158Â 525";"A01";"2";"7";"14";"0";"9";"21";"1";""
"202100024132";"158Â 523";"A01";"1";"7";"0";"2";"1";"1";"1";""
"202100024132";"158Â 524";"B01";"1";"7";"0";"2";"4";"1";"1";""
"202100024133";"158Â 521";"A01";"2";"7";"0";"2";"3";"13";"1";""
"202100024133";"158Â 522";"B01";"1";"7";"0";"0";"0";"0";"1";""
"202100024134";"158Â 519";"B01";"2";"33";"0";"2";"1";"1";"1";""
"202100024134";"158Â 520";"A01";"1";"7";"0";"2";"1";"15";"2";""
"202100024135";"158Â 518";"A01";"1";"7";"2";"0";"5";"2";"1";""
"202100024136";"158Â 516";"B01";"3";"7";"0";"2";"0";"0";"1";""
"202100024136";"158Â 517";"A01";"3";"7";"0";"2";"1";"26";"1";""
"202100024137";"158Â 514";"A01";"1";"10";"1";"0";"2";"1";"1";""
"202100024137";"158Â 515";"B01";"1";"7";"0";"2";"4";"23";"1";""
"202100024138";"158Â 513";"A01";"1";"7";"14";"0";"3";"1";"1";""
"202100024139";"158Â 511";"B01";"1";"7";"0";"2";"4";"23";"1";""
"202100024139";"158Â 512";"Z01";"1";"7";"14";"0";"1";"1";"1";""
"202100024140";"158Â 509";"A01";"1";"7";"0";"2";"8";"15";"1";""
"202100024140";"158Â 510";"B01";"1";"30";"0";"2";"1";"17";"1";""
"202100024141";"158Â 507";"A01";"2";"7";"0";"2";"3";"13";"1";""
"202100024141";"158Â 508";"B01";"1";"7";"0";"2";"3";"1";"1";""
"202100024142";"158Â 505";"A01";"1";"7";"0";"2";"1";"9";"1";""
"202100024142";"158Â 506";"B01";"2";"7";"0";"2";"1";"1";"1";""
"202100024143";"158Â 503";"A01";"2";"50";"0";"2";"1";"1";"3";""
"202100024143";"158Â 504";"B01";"2";"7";"0";"2";"3";"1";"1";""
"202100024144";"158Â 502";"A01";"2";"31";"6";"0";"1";"2";"1";""
"202100024145";"158Â 499";"A01";"1";"10";"0";"2";"1";"2";"1";""
"202100024145";"158Â 500";"B01";"1";"7";"0";"2";"4";"23";"1";""
"202100024145";"158Â 501";"C01";"1";"7";"0";"2";"4";"23";"1";""
"202100024146";"158Â 497";"A01";"2";"50";"0";"2";"1";"1";"3";""
"202100024146";"158Â 498";"B01";"1";"7";"0";"2";"7";"1";"1";""
"202100024147";"158Â 496";"Z01";"2";"7";"0";"1";"3";"13";"1";""
"202100024148";"158Â 495";"A01";"1";"7";"0";"1";"2";"1";"1";""
"202100024149";"158Â 493";"A01";"2";"7";"0";"2";"4";"2";"1";""
"202100024149";"158Â 494";"B01";"2";"30";"0";"2";"6";"2";"1";""
"202100024150";"158Â 491";"A01";"2";"1";"0";"2";"2";"1";"5";""
"202100024150";"158Â 492";"Z01";"1";"7";"0";"2";"3";"1";"0";""
"202100024151";"158Â 489";"A01";"2";"7";"0";"2";"3";"1";"1";""
"202100024151";"158Â 490";"B01";"1";"33";"0";"2";"2";"1";"1";""
"202100024152";"158Â 487";"B01";"1";"37";"0";"2";"3";"9";"0";"8"
"202100024152";"158Â 488";"A01";"1";"10";"0";"2";"2";"1";"1";""
"202100024153";"158Â 485";"A01";"2";"7";"0";"2";"3";"15";"1";""
"202100024153";"158Â 486";"B01";"1";"7";"0";"2";"3";"15";"1";""
"202100024154";"158Â 484";"A01";"1";"1";"0";"0";"1";"16";"5";""
"202100024155";"158Â 482";"B01";"1";"30";"0";"0";"2";"17";"1";""
"202100024155";"158Â 483";"A01";"1";"7";"0";"2";"3";"15";"1";""
"202100024156";"158Â 481";"A01";"3";"33";"0";"0";"0";"13";"1";""
"202100024157";"158Â 480";"A01";"1";"7";"0";"0";"1";"14";"1";""
"202100024158";"158Â 479";"A01";"1";"2";"12";"0";"0";"1";"1";""
"202100024159";"158Â 478";"A01";"2";"33";"8";"0";"8";"21";"1";""
"202100024160";"158Â 476";"B01";"2";"33";"6";"0";"2";"13";"1";""
"202100024160";"158Â 477";"A01";"2";"7";"0";"0";"3";"15";"1";""
"202100024161";"158Â 474";"A01";"1";"7";"0";"2";"3";"15";"0";""
"202100024161";"158Â 475";"B01";"2";"7";"0";"2";"2";"1";"1";""
"202100024162";"158Â 472";"A01";"2";"33";"0";"2";"1";"13";"1";""
"202100024162";"158Â 473";"B01";"1";"7";"0";"2";"3";"1";"1";""
"202100024163";"158Â 471";"A01";"1";"7";"15";"0";"1";"13";"1";""
"202100024164";"158Â 469";"A01";"1";"7";"0";"2";"3";"0";"1";""
"202100024164";"158Â 470";"B01";"1";"7";"0";"2";"3";"15";"1";""
"202100024165";"158Â 465";"B01";"1";"7";"0";"2";"3";"1";"1";""
"202100024165";"158Â 466";"A01";"3";"7";"0";"2";"3";"9";"1";""
"202100024166";"158Â 462";"C01";"2";"7";"0";"0";"9";"1";"1";""
"202100024166";"158Â 463";"B01";"2";"17";"0";"0";"8";"1";"1";""
"202100024166";"158Â 464";"A01";"1";"7";"0";"2";"1";"13";"1";""
"202100024167";"158Â 461";"A01";"0";"2";"6";"0";"1";"1";"1";""
"202100024168";"158Â 460";"A01";"2";"2";"6";"0";"1";"13";"1";""
"202100024169";"158Â 459";"A01";"2";"7";"2";"0";"1";"14";"1";""
"202100024170";"158Â 458";"A01";"2";"7";"17";"0";"2";"1";"1";""
"202100024171";"158Â 456";"B01";"2";"7";"0";"2";"3";"1";"1";""
"202100024171";"158Â 457";"A01";"1";"7";"0";"2";"3";"13";"1";""
"202100024172";"158Â 455";"A01";"2";"7";"6";"0";"3";"1";"1";""
"202100024173";"158Â 453";"A01";"0";"7";"0";"0";"0";"1";"1";""
"202100024173";"158Â 454";"B01";"0";"7";"0";"0";"0";"1";"1";""
"202100024174";"158Â 451";"B01";"1";"7";"0";"2";"3";"1";"2";""
"202100024174";"158Â 452";"A01";"2";"7";"0";"2";"3";"5";"1";""
"202100024175";"158Â 450";"A01";"1";"30";"0";"0";"0";"0";"1";""
"202100024176";"158Â 449";"A01";"2";"33";"0";"0";"7";"1";"0";""
"202100024177";"158Â 447";"B01";"3";"1";"0";"2";"1";"1";"5";""
"202100024177";"158Â 448";"A01";"3";"7";"0";"2";"3";"15";"1";""
"202100024178";"158Â 445";"B01";"1";"36";"0";"2";"2";"19";"1";""
"202100024178";"158Â 446";"A01";"1";"7";"0";"2";"3";"1";"1";""
"202100024179";"158Â 444";"A01";"1";"2";"5";"0";"7";"1";"1";""
"202100024180";"158Â 443";"A01";"2";"33";"0";"6";"1";"0";"1";""
"202100024181";"158Â 442";"A01";"2";"7";"2";"0";"1";"15";"1";""
"202100024182";"158Â 440";"B01";"3";"7";"0";"2";"3";"1";"1";""
"202100024182";"158Â 441";"A01";"3";"7";"0";"2";"2";"1";"1";""
"202100024183";"158Â 439";"A01";"1";"7";"0";"1";"4";"4";"1";""
"202100024184";"158Â 437";"B01";"1";"7";"0";"0";"8";"15";"1";""
"202100024184";"158Â 438";"A01";"1";"33";"0";"2";"0";"1";"1";""
"202100024185";"158Â 436";"A01";"3";"7";"0";"1";"1";"2";"1";""
"202100024186";"158Â 433";"A01";"2";"7";"1";"2";"3";"13";"1";""
"202100024186";"158Â 434";"B01";"1";"7";"0";"2";"3";"21";"1";""
"202100024187";"158Â 432";"A01";"3";"7";"1";"0";"2";"1";"1";""
"202100024188";"158Â 431";"A01";"3";"7";"8";"0";"8";"1";"1";""
"202100024189";"158Â 430";"A01";"2";"10";"6";"0";"2";"1";"1";""
"202100024190";"158Â 428";"B01";"2";"7";"0";"2";"3";"1";"1";""
"202100024190";"158Â 429";"A01";"2";"33";"0";"2";"1";"1";"1";""
"202100024191";"158Â 427";"A01";"1";"33";"2";"0";"7";"1";"1";""
"202100024192";"158Â 426";"A01";"2";"33";"0";"6";"1";"1";"1";""
"202100024193";"158Â 424";"B01";"0";"33";"0";"2";"1";"1";"1";""
"202100024193";"158Â 425";"A01";"3";"7";"0";"2";"8";"9";"1";""
"202100024194";"158Â 423";"A01";"2";"7";"4";"0";"1";"9";"1";""
"202100024195";"158Â 422";"A01";"1";"7";"4";"0";"8";"2";"1";""
"202100024196";"158Â 421";"A01";"2";"33";"0";"5";"1";"1";"1";""
"202100024197";"158Â 419";"A01";"1";"7";"0";"2";"1";"12";"1";""
"202100024197";"158Â 420";"B01";"1";"7";"3";"0";"6";"1";"1";""
"202100024198";"158Â 418";"A01";"1";"7";"0";"9";"1";"2";"1";""
"202100024199";"158Â 416";"A01";"0";"10";"0";"2";"1";"5";"1";""
"202100024199";"158Â 417";"B01";"0";"7";"0";"2";"1";"1";"1";""
"202100024200";"158Â 415";"A01";"2";"7";"8";"0";"1";"14";"1";""
"202100024201";"158Â 413";"B01";"0";"1";"7";"2";"8";"19";"5";""
"202100024201";"158Â 414";"A01";"0";"7";"0";"9";"2";"1";"1";""
"202100024202";"158Â 412";"A01";"3";"31";"14";"0";"1";"2";"1";""
"202100024203";"158Â 411";"A01";"3";"7";"15";"0";"9";"1";"1";""
"202100024204";"158Â 409";"A01";"1";"7";"0";"2";"0";"17";"1";""
"202100024204";"158Â 410";"B01";"1";"7";"2";"0";"6";"1";"1";""