"Num_Acc";"id_vehicule";"num_veh";"senc";"catv";"obs";"obsm";"choc";"manv";"motor";"occutc"
"202100024205";"158Â 408";"A01";"2";"7";"2";"0";"1";"1";"1";""
"202100024206";"158Â 406";"A01";"1";"34";"0";"2";"1";"2";"1";""
"202100024206";"158Â 407";"B01";"1";"7";"0";"2";"4";"15";"2";""
"202100024207";"158Â 404";"B01";"1";"7";"0";"2";"3";"1";"1";""
"202100024207";"158Â 405";"A01";"1";"33";"0";"2";"2";"9";"1";""
"202100024208";"158Â 403";"A01";"2";"7";"13";"0";"1";"1";"1";""
"202100024209";"158Â 401";"A01";"1";"10";"0";"2";"7";"15";"1";""
"202100024209";"158Â 402";"B01";"2";"33";"0";"2";"1";"1";"1";""
"202100024210";"158Â 400";"A01";"2";"33";"7";"0";"3";"1";"1";""
"202100024211";"158Â 398";"A01";"2";"7";"0";"9";"1";"13";"1";""
"202100024211";"158Â 399";"B01";"1";"1";"0";"2";"1";"1";"5";""
"202100024212";"158Â 395";"A01";"3";"7";"0";"2";"1";"13";"1";""
"202100024212";"158Â 396";"B01";"3";"7";"0";"2";"3";"1";"1";""
"202100024212";"158Â 397";"C01";"3";"7";"0";"2";"1";"1";"1";""
"202100024213";"158Â 394";"A01";"2";"7";"10";"0";"2";"1";"1";""
"202100024214";"158Â 391";"B01";"2";"7";"0";"0";"3";"1";"1";""
"202100024214";"158Â 392";"A01";"1";"7";"0";"2";"2";"1";"1";""
"202100024214";"158Â 393";"C01";"2";"7";"0";"2";"3";"1";"2";""
"202100024215";"158Â 390";"A01";"3";"7";"2";"0";"3";"14";"1";""
"202100024216";"158Â 388";"A01";"2";"7";"13";"0";"2";"17";"1";""
"202100024216";"158Â 389";"B01";"2";"21";"0";"0";"0";"15";"1";""
"202100024217";"158Â 386";"B01";"2";"7";"0";"2";"7";"1";"1";""
"202100024217";"158Â 387";"A01";"2";"1";"0";"2";"1";"1";"5";""
"202100024218";"158Â 384";"B01";"2";"7";"0";"2";"3";"1";"1";""
"202100024218";"158Â 385";"A01";"1";"7";"0";"2";"1";"13";"3";""
"202100024219";"158Â 382";"A01";"2";"10";"0";"2";"1";"1";"1";""
"202100024219";"158Â 383";"B01";"2";"33";"0";"0";"4";"1";"1";""
"202100024220";"158Â 379";"A01";"2";"7";"0";"2";"4";"1";"1";""
"202100024220";"158Â 380";"B01";"2";"7";"0";"2";"4";"1";"1";""
"202100024220";"158Â 381";"C01";"2";"7";"0";"2";"1";"1";"1";""
"202100024221";"158Â 378";"A01";"1";"33";"0";"0";"0";"1";"1";""
"202100024222";"158Â 373";"A01";"1";"7";"0";"2";"1";"26";"0";""
"202100024222";"158Â 374";"B01";"1";"7";"0";"2";"4";"0";"1";""
"202100024222";"158Â 375";"C01";"1";"7";"0";"2";"4";"0";"1";""
"202100024222";"158Â 376";"D01";"1";"7";"0";"2";"4";"0";"1";""
"202100024222";"158Â 377";"E01";"1";"33";"0";"2";"1";"0";"1";""
"202100024223";"158Â 372";"A01";"2";"7";"3";"0";"1";"12";"1";""
"202100024224";"158Â 370";"A01";"2";"7";"0";"2";"8";"3";"1";""
"202100024224";"158Â 371";"B01";"2";"33";"0";"2";"7";"1";"1";""
"202100024225";"158Â 369";"A01";"1";"7";"4";"2";"7";"14";"1";""
"202100024226";"158Â 368";"A01";"3";"7";"0";"1";"1";"0";"1";""
"202100024227";"158Â 365";"C01";"1";"7";"0";"2";"4";"23";"1";""
"202100024227";"158Â 366";"B01";"1";"7";"0";"2";"4";"23";"1";""
"202100024227";"158Â 367";"A01";"3";"7";"0";"2";"3";"2";"1";""
"202100024228";"158Â 363";"B01";"1";"7";"0";"2";"6";"1";"1";""
"202100024228";"158Â 364";"A01";"1";"7";"0";"2";"2";"14";"1";""
"202100024229";"158Â 361";"A01";"2";"7";"0";"2";"1";"9";"1";""
"202100024229";"158Â 362";"B01";"1";"2";"0";"2";"7";"0";"1";""
"202100024230";"158Â 359";"A01";"3";"30";"0";"2";"6";"1";"1";""
"202100024230";"158Â 360";"B01";"3";"7";"0";"2";"8";"1";"3";""
"202100024231";"158Â 357";"B01";"1";"7";"0";"2";"4";"23";"1";""
"202100024231";"158Â 358";"A01";"1";"7";"0";"2";"1";"1";"1";""
"202100024232";"158Â 355";"A01";"1";"7";"0";"2";"1";"2";"1";""
"202100024232";"158Â 356";"B01";"1";"7";"0";"2";"4";"2";"1";""
"202100024233";"158Â 353";"B01";"1";"30";"0";"2";"1";"1";"1";""
"202100024233";"158Â 354";"A01";"1";"7";"0";"2";"4";"9";"1";""
"202100024234";"158Â 351";"B01";"2";"2";"0";"2";"1";"1";"6";""
"202100024234";"158Â 352";"A01";"1";"7";"0";"2";"3";"15";"1";""
"202100024235";"158Â 349";"B01";"1";"7";"0";"2";"0";"0";"0";""
"202100024235";"158Â 350";"A01";"3";"7";"0";"2";"1";"26";"1";""
"202100024236";"158Â 348";"A01";"0";"7";"0";"0";"9";"0";"1";""
"202100024237";"158Â 346";"A01";"2";"7";"0";"2";"3";"15";"1";""
"202100024237";"158Â 347";"B01";"1";"32";"0";"2";"1";"1";"1";""
"202100024238";"158Â 343";"A01";"1";"1";"0";"0";"0";"26";"5";""
"202100024239";"158Â 341";"A01";"3";"7";"0";"2";"8";"19";"1";""
"202100024239";"158Â 342";"B01";"3";"7";"0";"2";"1";"19";"1";""
"202100024240";"158Â 340";"A01";"2";"7";"9";"0";"1";"6";"1";""
"202100024241";"158Â 338";"A01";"1";"30";"0";"2";"7";"1";"0";""
"202100024241";"158Â 339";"B01";"1";"7";"0";"2";"8";"11";"1";""
"202100024242";"158Â 336";"A01";"0";"7";"0";"2";"1";"1";"1";""
"202100024242";"158Â 337";"B01";"0";"7";"0";"2";"8";"1";"1";""
"202100024243";"158Â 335";"A01";"2";"1";"0";"0";"8";"1";"5";""
"202100024244";"158Â 332";"C01";"1";"7";"0";"2";"4";"1";"1";""
"202100024244";"158Â 333";"B01";"1";"7";"0";"2";"6";"1";"1";""
"202100024244";"158Â 334";"A01";"1";"3";"0";"2";"2";"1";"1";""
"202100024245";"158Â 330";"A01";"1";"7";"0";"2";"3";"15";"1";""
"202100024245";"158Â 331";"B01";"2";"31";"0";"2";"2";"12";"1";""
"202100024246";"158Â 328";"A01";"1";"2";"0";"2";"1";"13";"1";""
"202100024246";"158Â 329";"B01";"2";"7";"0";"2";"3";"23";"1";""
"202100024247";"158Â 326";"B01";"2";"7";"0";"0";"0";"0";"1";""
"202100024247";"158Â 327";"A01";"1";"33";"9";"2";"3";"17";"1";""
"202100024248";"158Â 325";"A01";"0";"7";"12";"0";"9";"15";"1";""
"202100024249";"158Â 322";"A01";"0";"7";"0";"1";"1";"1";"1";""
"202100024250";"158Â 321";"A01";"2";"7";"0";"1";"1";"1";"0";""
"202100024251";"158Â 319";"A01";"3";"37";"0";"1";"2";"26";"0";"1"
"202100024252";"158Â 318";"A01";"1";"7";"0";"1";"1";"1";"1";""
"202100024253";"158Â 316";"A01";"3";"7";"0";"2";"3";"1";"1";""
"202100024253";"158Â 317";"B01";"3";"7";"0";"2";"5";"15";"1";""
"202100024254";"158Â 314";"A01";"1";"7";"0";"2";"3";"20";"1";""
"202100024254";"158Â 315";"B01";"1";"33";"0";"2";"7";"1";"1";""
"202100024255";"158Â 313";"A01";"2";"32";"0";"0";"7";"26";"1";""
"202100024256";"158Â 311";"B01";"2";"50";"0";"2";"0";"1";"3";""
"202100024256";"158Â 312";"A01";"1";"7";"0";"2";"2";"15";"1";""
"202100024257";"158Â 309";"A01";"1";"31";"0";"2";"8";"1";"1";""
"202100024257";"158Â 310";"B01";"1";"1";"0";"2";"0";"11";"5";""
"202100024258";"158Â 307";"B01";"1";"32";"0";"2";"4";"1";"1";""
"202100024258";"158Â 308";"A01";"1";"7";"0";"2";"1";"1";"1";""
"202100024259";"158Â 304";"B01";"2";"10";"0";"2";"3";"1";"1";""
"202100024259";"158Â 305";"C01";"2";"7";"0";"2";"1";"1";"1";""
"202100024259";"158Â 306";"A01";"1";"7";"0";"2";"1";"1";"1";""
"202100024260";"158Â 303";"A01";"3";"7";"0";"1";"7";"1";"1";""
"202100024261";"158Â 301";"B01";"1";"7";"0";"2";"6";"1";"1";""
"202100024261";"158Â 302";"A01";"1";"30";"0";"2";"1";"1";"1";""
"202100024262";"158Â 300";"A01";"1";"30";"0";"0";"0";"26";"1";""
"202100024263";"158Â 298";"B01";"3";"7";"0";"2";"8";"15";"1";""
"202100024263";"158Â 299";"A01";"3";"30";"0";"2";"3";"17";"1";""
"202100024264";"158Â 296";"A01";"2";"7";"0";"2";"1";"19";"1";""
"202100024264";"158Â 297";"B01";"3";"2";"0";"2";"7";"1";"1";""
"202100024265";"158Â 294";"B01";"3";"1";"0";"2";"1";"18";"5";""
"202100024265";"158Â 295";"A01";"3";"21";"0";"2";"6";"23";"1";""
"202100024266";"158Â 293";"A01";"1";"7";"0";"1";"1";"15";"1";""
"202100024267";"158Â 291";"B01";"1";"7";"0";"2";"2";"1";"1";""
"202100024267";"158Â 292";"A01";"1";"7";"0";"2";"3";"1";"1";""
"202100024268";"158Â 290";"A01";"3";"7";"0";"1";"4";"26";"1";""
"202100024269";"158Â 288";"A01";"3";"7";"0";"2";"1";"1";"1";""
"202100024269";"158Â 289";"B01";"1";"7";"0";"2";"4";"1";"1";""
"202100024270";"158Â 287";"A01";"0";"7";"0";"1";"1";"15";"1";""
"202100024271";"158Â 285";"A01";"2";"7";"0";"2";"1";"15";"1";""
"202100024271";"158Â 286";"B01";"1";"33";"0";"2";"1";"2";"1";""
"202100024272";"158Â 283";"B01";"1";"50";"0";"0";"0";"0";"3";""
"202100024272";"158Â 284";"A01";"0";"7";"0";"2";"1";"15";"1";""
"202100024273";"158Â 282";"A01";"2";"2";"0";"0";"1";"1";"1";""
"202100024274";"158Â 280";"B01";"0";"7";"0";"0";"0";"0";"1";""
"202100024274";"158Â 281";"A01";"0";"10";"0";"2";"1";"26";"1";""
"202100024275";"158Â 279";"A01";"1";"7";"0";"1";"3";"1";"1";""
"202100024276";"158Â 278";"A01";"2";"80";"0";"0";"0";"1";"3";""
"202100024277";"158Â 276";"B01";"1";"50";"0";"2";"8";"2";"3";""
"202100024277";"158Â 277";"A01";"2";"7";"0";"2";"1";"15";"1";""
"202100024278";"158Â 274";"B01";"1";"32";"0";"2";"0";"1";"1";""
"202100024278";"158Â 275";"A01";"1";"7";"0";"2";"0";"1";"1";""
"202100024279";"158Â 272";"A01";"2";"1";"0";"2";"1";"1";"5";""
"202100024279";"158Â 273";"B01";"3";"10";"0";"2";"3";"15";"1";""
"202100024280";"158Â 270";"A01";"3";"33";"0";"2";"0";"1";"1";""
"202100024280";"158Â 271";"B01";"3";"15";"0";"2";"0";"1";"1";""
"202100024281";"158Â 268";"B01";"1";"80";"0";"2";"1";"1";"3";""
"202100024281";"158Â 269";"A01";"1";"7";"0";"2";"3";"1";"1";""
"202100024282";"158Â 266";"A01";"1";"7";"0";"2";"2";"10";"1";""
"202100024282";"158Â 267";"B01";"1";"33";"0";"2";"0";"1";"1";""
"202100024283";"158Â 265";"A01";"0";"7";"1";"0";"0";"1";"1";""
"202100024284";"158Â 263";"A01";"1";"7";"0";"2";"3";"15";"1";""
"202100024284";"158Â 264";"B01";"1";"7";"7";"2";"2";"1";"1";""
"202100024285";"158Â 262";"A01";"1";"7";"3";"0";"1";"1";"1";""
"202100024286";"158Â 260";"B01";"1";"7";"0";"2";"1";"13";"1";""
"202100024286";"158Â 261";"A01";"2";"7";"0";"2";"1";"15";"1";""
"202100024287";"158Â 258";"A01";"2";"33";"0";"2";"3";"2";"1";""
"202100024287";"158Â 259";"B01";"2";"7";"0";"2";"4";"2";"1";""
"202100024288";"158Â 256";"Z01";"3";"1";"0";"2";"8";"19";"5";""
"202100024288";"158Â 257";"A01";"3";"7";"0";"9";"3";"0";"1";""
"202100024289";"158Â 254";"A01";"3";"7";"0";"2";"1";"16";"2";""
"202100024289";"158Â 255";"B01";"3";"1";"0";"2";"3";"1";"5";""
"202100024290";"158Â 252";"A01";"1";"7";"3";"0";"1";"14";"1";""
"202100024291";"158Â 250";"B01";"3";"7";"0";"2";"7";"15";"1";""
"202100024291";"158Â 251";"A01";"3";"7";"0";"2";"1";"9";"1";""
"202100024292";"158Â 248";"B01";"0";"7";"0";"2";"8";"1";"1";""
"202100024292";"158Â 249";"A01";"0";"7";"0";"2";"1";"26";"1";""
"202100024293";"158Â 247";"Z01";"1";"7";"0";"1";"3";"2";"1";""
"202100024294";"158Â 245";"B01";"2";"7";"0";"2";"2";"5";"1";""
"202100024294";"158Â 246";"A01";"1";"7";"0";"2";"3";"15";"1";""
"202100024295";"158Â 243";"B01";"1";"7";"0";"2";"3";"1";"1";""
"202100024295";"158Â 244";"A01";"2";"7";"0";"2";"1";"5";"1";""
"202100024296";"158Â 242";"A01";"2";"7";"2";"0";"1";"1";"1";""
"202100024297";"158Â 240";"A01";"3";"7";"0";"2";"1";"16";"1";""
"202100024297";"158Â 241";"B01";"3";"1";"0";"2";"7";"25";"0";""
"202100024298";"158Â 239";"A01";"3";"7";"0";"1";"3";"1";"1";""
"202100024299";"158Â 238";"A01";"2";"31";"16";"1";"1";"15";"1";""
"202100024300";"158Â 234";"B01";"1";"7";"0";"2";"3";"1";"1";""
"202100024300";"158Â 235";"C01";"2";"7";"0";"2";"3";"1";"1";""
"202100024300";"158Â 236";"D01";"2";"7";"0";"2";"1";"1";"1";""
"202100024300";"158Â 237";"A01";"1";"7";"0";"2";"1";"17";"1";""
"202100024301";"158Â 233";"A01";"3";"7";"4";"0";"1";"2";"1";""
"202100024302";"158Â 230";"C01";"3";"7";"0";"2";"4";"0";"1";""
"202100024302";"158Â 231";"B01";"3";"7";"0";"2";"4";"0";"1";""
"202100024302";"158Â 232";"A01";"3";"7";"0";"2";"1";"26";"1";""
"202100024303";"158Â 228";"B01";"1";"33";"0";"2";"1";"1";"1";""
"202100024303";"158Â 229";"A01";"1";"7";"0";"2";"7";"15";"1";""
"202100024304";"158Â 226";"A01";"2";"7";"0";"2";"3";"15";"1";""
"202100024304";"158Â 227";"B01";"3";"10";"0";"2";"3";"1";"1";""
"202100024305";"158Â 224";"A01";"2";"7";"0";"2";"6";"11";"1";""
"202100024305";"158Â 225";"B01";"2";"33";"0";"2";"2";"1";"1";""
"202100024306";"158Â 219";"E01";"2";"7";"0";"2";"1";"2";"1";""
"202100024306";"158Â 220";"D01";"2";"7";"0";"2";"1";"2";"2";""
"202100024306";"158Â 221";"C01";"2";"7";"0";"2";"2";"2";"1";""
"202100024306";"158Â 222";"A01";"1";"14";"0";"2";"3";"11";"1";""
"202100024306";"158Â 223";"B01";"2";"7";"0";"2";"5";"1";"1";""
"202100024307";"158Â 217";"A01";"1";"33";"0";"2";"1";"18";"1";""
"202100024307";"158Â 218";"B01";"1";"7";"0";"2";"2";"20";"1";""
"202100024308";"158Â 216";"A01";"3";"31";"4";"0";"0";"14";"1";""
"202100024309";"158Â 215";"A01";"1";"1";"1";"0";"1";"1";"5";""
"202100024310";"158Â 213";"B01";"1";"33";"0";"2";"1";"1";"1";""
"202100024310";"158Â 214";"A01";"1";"7";"0";"2";"0";"1";"1";""
"202100024311";"158Â 211";"B01";"1";"33";"0";"2";"1";"1";"1";""
"202100024311";"158Â 212";"A01";"3";"7";"0";"2";"7";"15";"1";""
"202100024312";"158Â 210";"A01";"1";"7";"0";"1";"1";"1";"2";""
"202100024313";"158Â 208";"A01";"1";"30";"0";"2";"1";"13";"1";""
"202100024313";"158Â 209";"B01";"2";"7";"0";"2";"3";"1";"1";""
"202100024314";"158Â 206";"A01";"1";"7";"0";"2";"4";"2";"1";""
"202100024314";"158Â 207";"B01";"1";"7";"0";"2";"1";"2";"1";""
"202100024315";"158Â 205";"A01";"2";"32";"0";"0";"7";"1";"1";""
"202100024316";"158Â 203";"A01";"2";"7";"0";"2";"7";"22";"1";""
"202100024316";"158Â 204";"B01";"2";"50";"0";"2";"1";"18";"3";""
"202100024317";"158Â 201";"B01";"1";"10";"0";"2";"4";"1";"1";""
"202100024317";"158Â 202";"A01";"3";"33";"0";"2";"1";"2";"1";""
"202100024318";"158Â 200";"A01";"1";"1";"0";"1";"1";"1";"5";""
"202100024319";"158Â 199";"A01";"3";"30";"0";"0";"8";"16";"1";""
"202100024320";"158Â 197";"Z01";"1";"7";"0";"2";"7";"1";"1";""
"202100024320";"158Â 198";"A01";"1";"50";"0";"2";"8";"1";"3";""
"202100024321";"158Â 196";"A01";"2";"10";"1";"0";"2";"1";"1";""
"202100024322";"158Â 194";"A01";"1";"7";"0";"2";"1";"1";"1";""
"202100024322";"158Â 195";"B01";"2";"43";"0";"2";"4";"24";"1";""
"202100024323";"158Â 193";"A01";"2";"7";"8";"0";"1";"1";"0";""
"202100024324";"158Â 191";"B01";"0";"7";"0";"2";"3";"1";"1";""
"202100024324";"158Â 192";"A01";"0";"7";"0";"2";"5";"9";"1";""
"202100024325";"158Â 189";"A01";"3";"7";"12";"2";"5";"1";"1";""
"202100024325";"158Â 190";"B01";"3";"7";"0";"2";"3";"1";"1";""
"202100024326";"158Â 187";"B01";"3";"1";"0";"2";"1";"1";"0";""
"202100024326";"158Â 188";"A01";"3";"37";"1";"0";"8";"15";"2";"1"
"202100024327";"158Â 185";"B01";"3";"7";"14";"0";"1";"1";"1";""
"202100024327";"158Â 186";"A01";"0";"7";"0";"1";"1";"9";"1";""
"202100024328";"158Â 184";"Y01";"0";"1";"4";"0";"1";"1";"5";""
"202100024329";"158Â 182";"A01";"2";"50";"0";"2";"7";"5";"3";""
"202100024329";"158Â 183";"B01";"1";"7";"0";"2";"3";"16";"1";""
"202100024330";"158Â 180";"B01";"1";"7";"0";"2";"2";"2";"1";""
"202100024330";"158Â 181";"A01";"2";"30";"0";"2";"3";"0";"1";""
"202100024331";"158Â 179";"A01";"3";"30";"0";"0";"0";"1";"1";""
"202100024332";"158Â 178";"A01";"2";"7";"4";"0";"3";"1";"1";""
"202100024333";"158Â 176";"B01";"1";"7";"0";"2";"8";"1";"1";""
"202100024333";"158Â 177";"A01";"2";"33";"0";"2";"1";"1";"1";""
"202100024334";"158Â 173";"A01";"2";"33";"0";"2";"0";"2";"1";""
"202100024334";"158Â 174";"B01";"1";"7";"0";"2";"3";"1";"1";""
"202100024334";"158Â 175";"C01";"1";"7";"0";"2";"6";"1";"1";""
"202100024335";"158Â 171";"B01";"2";"7";"0";"2";"2";"0";"1";""
"202100024335";"158Â 172";"A01";"1";"7";"0";"2";"1";"0";"1";""
"202100024336";"158Â 170";"A01";"2";"2";"0";"0";"7";"1";"1";""
"202100024337";"158Â 169";"A01";"2";"10";"2";"0";"1";"13";"1";""
"202100024338";"158Â 168";"A01";"3";"7";"0";"1";"2";"20";"1";""
"202100024339";"158Â 166";"B01";"2";"7";"0";"2";"3";"1";"1";""
"202100024339";"158Â 167";"A01";"2";"33";"0";"2";"1";"1";"1";""
"202100024340";"158Â 165";"A01";"2";"7";"0";"0";"1";"1";"1";""
"202100024341";"158Â 164";"A01";"2";"33";"15";"1";"0";"26";"1";""
"202100024342";"158Â 163";"A01";"1";"7";"15";"0";"1";"1";"1";""
"202100024343";"158Â 162";"A01";"1";"7";"4";"0";"3";"1";"1";""
"202100024344";"158Â 161";"A01";"3";"33";"8";"0";"1";"1";"1";""
"202100024345";"158Â 160";"A01";"3";"33";"0";"0";"8";"1";"1";""
"202100024346";"158Â 159";"A01";"3";"16";"0";"0";"3";"1";"1";""
"202100024347";"158Â 158";"A01";"2";"33";"7";"0";"1";"14";"1";""
"202100024348";"158Â 156";"A01";"2";"43";"0";"0";"4";"0";"1";""
"202100024348";"158Â 157";"B01";"2";"7";"0";"2";"1";"2";"1";""
"202100024349";"158Â 154";"B01";"2";"7";"0";"9";"3";"21";"1";""
"202100024349";"158Â 155";"A01";"2";"1";"0";"2";"8";"10";"5";""
"202100024350";"158Â 153";"A01";"1";"7";"8";"5";"3";"13";"1";""
"202100024351";"158Â 151";"A01";"1";"7";"0";"9";"2";"1";"1";""
"202100024351";"158Â 152";"B01";"2";"60";"0";"2";"2";"19";"5";""
"202100024352";"158Â 150";"A01";"1";"7";"8";"0";"3";"19";"1";""
"202100024353";"158Â 149";"A01";"1";"7";"2";"0";"3";"1";"1";""
"202100024354";"158Â 147";"A01";"1";"7";"0";"2";"1";"0";"1";""
"202100024354";"158Â 148";"B01";"2";"7";"0";"2";"1";"1";"1";""
"202100024355";"158Â 146";"A01";"2";"31";"0";"0";"0";"14";"1";""
"202100024356";"158Â 144";"A01";"1";"7";"0";"2";"2";"1";"1";""
"202100024356";"158Â 145";"B01";"3";"99";"0";"2";"3";"1";"5";""
"202100024357";"158Â 142";"B01";"1";"7";"0";"2";"3";"13";"1";""
"202100024357";"158Â 143";"A01";"2";"7";"0";"2";"3";"1";"1";""
"202100024358";"158Â 140";"A01";"2";"7";"0";"2";"1";"9";"1";""
"202100024358";"158Â 141";"B01";"2";"7";"0";"2";"7";"15";"1";""
"202100024359";"158Â 138";"A01";"2";"7";"0";"0";"3";"18";"1";""
"202100024359";"158Â 139";"B01";"2";"1";"0";"0";"2";"15";"5";""
"202100024360";"158Â 136";"B01";"2";"7";"0";"2";"3";"13";"1";""
"202100024360";"158Â 137";"A01";"1";"7";"0";"2";"3";"1";"1";""
"202100024361";"158Â 135";"A01";"1";"31";"7";"0";"7";"14";"1";""
"202100024362";"158Â 133";"B01";"2";"7";"0";"2";"3";"1";"2";""
"202100024362";"158Â 134";"A01";"1";"7";"0";"2";"1";"13";"1";""
"202100024363";"158Â 131";"A01";"1";"7";"0";"0";"9";"13";"1";""
"202100024363";"158Â 132";"B01";"1";"7";"0";"0";"0";"1";"1";""
"202100024364";"158Â 129";"A01";"1";"7";"5";"2";"3";"1";"1";""
"202100024364";"158Â 130";"B01";"1";"7";"0";"2";"2";"1";"1";""
"202100024365";"158Â 127";"A01";"3";"1";"0";"2";"8";"1";"5";""
"202100024365";"158Â 128";"B01";"3";"7";"0";"9";"3";"13";"1";""
"202100024366";"158Â 126";"A01";"0";"7";"0";"1";"3";"15";"2";""
"202100024367";"158Â 125";"A01";"3";"7";"0";"1";"1";"1";"1";""
"202100024368";"158Â 122";"A01";"2";"10";"13";"0";"2";"14";"1";""
"202100024369";"158Â 121";"A01";"3";"1";"0";"0";"0";"0";"5";""
"202100024370";"158Â 120";"A01";"1";"7";"3";"0";"7";"1";"1";""
"202100024371";"158Â 119";"A01";"1";"33";"0";"0";"7";"16";"1";""
"202100024372";"158Â 117";"A01";"1";"7";"0";"2";"1";"15";"1";""
"202100024372";"158Â 118";"B01";"2";"33";"0";"2";"1";"1";"1";""
"202100024373";"158Â 116";"A01";"1";"7";"0";"0";"1";"14";"1";""
"202100024374";"158Â 114";"B01";"2";"10";"0";"2";"8";"1";"1";""
"202100024374";"158Â 115";"A01";"1";"7";"3";"2";"3";"13";"1";""
"202100024375";"158Â 112";"B01";"2";"7";"0";"2";"1";"1";"1";""
"202100024375";"158Â 113";"A01";"3";"7";"0";"2";"7";"19";"1";""
"202100024376";"158Â 110";"A01";"1";"7";"0";"0";"5";"2";"1";""
"202100024376";"158Â 111";"B01";"1";"33";"0";"2";"1";"2";"1";""
"202100024377";"158Â 109";"A01";"2";"2";"12";"0";"0";"0";"1";""
"202100024378";"158Â 107";"A01";"2";"7";"0";"2";"1";"15";"1";""
"202100024378";"158Â 108";"B01";"3";"7";"0";"2";"8";"9";"1";""
"202100024379";"158Â 106";"A01";"2";"7";"0";"0";"1";"14";"1";""
"202100024380";"158Â 104";"A01";"1";"7";"0";"2";"2";"13";"1";""
"202100024380";"158Â 105";"B01";"3";"30";"0";"2";"1";"15";"1";""
"202100024381";"158Â 102";"B01";"1";"7";"0";"2";"4";"1";"1";""
"202100024381";"158Â 103";"A01";"1";"7";"0";"2";"1";"1";"3";""
"202100024382";"158Â 101";"A01";"3";"2";"6";"0";"0";"1";"1";""
"202100024383";"158Â 100";"A01";"1";"7";"13";"0";"2";"1";"1";""
"202100024384";"158Â 099";"A01";"1";"2";"0";"0";"7";"1";"1";""
"202100024385";"158Â 095";"C01";"2";"7";"8";"2";"3";"1";"1";""
"202100024385";"158Â 096";"B01";"1";"2";"0";"2";"1";"1";"1";""
"202100024385";"158Â 097";"A01";"2";"7";"0";"2";"3";"17";"1";""
"202100024386";"158Â 093";"A01";"1";"80";"0";"2";"1";"9";"3";""
"202100024386";"158Â 094";"B01";"2";"10";"0";"2";"7";"1";"1";""
"202100024387";"158Â 091";"A01";"1";"21";"0";"2";"1";"15";"1";""
"202100024387";"158Â 092";"B01";"2";"30";"0";"2";"8";"1";"1";""
"202100024388";"158Â 089";"B01";"3";"7";"0";"2";"1";"1";"1";""
"202100024388";"158Â 090";"A01";"3";"7";"0";"2";"1";"1";"1";""
"202100024389";"158Â 088";"A01";"2";"7";"6";"0";"1";"13";"1";""
"202100024390";"158Â 087";"A01";"1";"43";"11";"0";"0";"1";"1";""
"202100024391";"158Â 085";"B01";"1";"21";"0";"2";"3";"15";"1";""
"202100024391";"158Â 086";"A01";"1";"7";"0";"2";"2";"17";"1";""
"202100024392";"158Â 084";"A01";"1";"33";"14";"0";"1";"1";"1";""
"202100024393";"158Â 082";"A01";"2";"7";"0";"2";"7";"2";"1";""
"202100024393";"158Â 083";"B01";"2";"33";"0";"2";"8";"2";"1";""
"202100024394";"158Â 081";"A01";"1";"7";"13";"0";"1";"1";"1";""
"202100024395";"158Â 080";"A01";"1";"33";"0";"0";"9";"26";"1";""
"202100024396";"158Â 079";"A01";"2";"33";"3";"0";"1";"1";"1";""
"202100024397";"158Â 077";"B01";"1";"33";"0";"2";"7";"17";"1";""
"202100024397";"158Â 078";"A01";"1";"33";"0";"2";"8";"15";"1";""
"202100024398";"158Â 074";"B01";"3";"1";"0";"2";"1";"1";"5";""
"202100024398";"158Â 075";"A01";"3";"7";"0";"9";"2";"1";"1";""
"202100024399";"158Â 072";"A01";"1";"7";"0";"2";"3";"13";"1";""
"202100024399";"158Â 073";"B01";"2";"7";"0";"2";"6";"1";"1";""
"202100024400";"158Â 069";"B01";"2";"7";"0";"2";"1";"1";"1";""
"202100024400";"158Â 070";"A01";"1";"7";"0";"2";"1";"11";"1";""
"202100024401";"158Â 067";"A01";"2";"7";"0";"2";"2";"9";"1";""
"202100024401";"158Â 068";"B01";"2";"1";"0";"2";"8";"15";"5";""
"202100024402";"158Â 066";"A01";"1";"33";"13";"0";"1";"16";"1";""
"202100024403";"158Â 064";"A01";"3";"10";"0";"2";"1";"9";"1";""
"202100024403";"158Â 065";"B01";"2";"1";"0";"2";"7";"1";"5";""
"202100024404";"158Â 062";"A01";"1";"7";"0";"2";"8";"16";"1";""
"202100024404";"158Â 063";"B01";"1";"7";"0";"2";"1";"1";"1";""
"202100024405";"158Â 060";"A01";"1";"3";"0";"2";"1";"1";"1";""
"202100024405";"158Â 061";"B01";"1";"7";"0";"2";"7";"1";"1";""
"202100024406";"158Â 058";"A01";"1";"7";"0";"2";"2";"15";"1";""
"202100024406";"158Â 059";"B01";"2";"2";"0";"2";"1";"1";"1";""
"202100024407";"158Â 056";"B01";"2";"21";"0";"0";"6";"6";"1";""
"202100024407";"158Â 057";"A01";"1";"33";"0";"2";"1";"1";"1";""
"202100024408";"158Â 055";"A01";"2";"15";"3";"0";"2";"1";"1";""
"202100024409";"158Â 053";"A01";"3";"7";"0";"0";"7";"16";"1";""
"202100024409";"158Â 054";"B01";"3";"21";"0";"2";"1";"0";"0";""
"202100024410";"158Â 052";"A01";"1";"7";"2";"0";"2";"2";"1";""
"202100024411";"158Â 051";"A01";"2";"33";"0";"0";"0";"1";"1";""
"202100024412";"158Â 049";"B01";"1";"7";"0";"2";"1";"1";"1";""