"Num_Acc";"id_vehicule";"num_veh";"senc";"catv";"obs";"obsm";"choc";"manv";"motor";"occutc"
"202100024412";"158Â 050";"A01";"2";"2";"0";"2";"1";"1";"1";""
"202100024413";"158Â 046";"B01";"1";"7";"0";"2";"6";"1";"1";""
"202100024413";"158Â 047";"C01";"1";"7";"0";"2";"1";"1";"1";""
"202100024413";"158Â 048";"A01";"2";"7";"0";"2";"3";"13";"1";""
"202100024414";"158Â 043";"C01";"1";"7";"0";"2";"3";"1";"1";""
"202100024414";"158Â 044";"B01";"2";"7";"0";"2";"6";"1";"1";""
"202100024414";"158Â 045";"A01";"2";"33";"0";"2";"1";"17";"1";""
"202100024415";"158Â 042";"A01";"1";"7";"13";"0";"3";"1";"1";""
"202100024416";"158Â 040";"B01";"1";"33";"0";"2";"1";"1";"1";""
"202100024416";"158Â 041";"A01";"2";"7";"0";"2";"3";"15";"1";""
"202100024417";"158Â 038";"A01";"3";"7";"0";"2";"3";"1";"1";""
"202100024417";"158Â 039";"B01";"3";"33";"0";"2";"8";"1";"1";""
"202100024418";"158Â 035";"A01";"2";"2";"7";"0";"1";"0";"1";""
"202100024419";"158Â 034";"A01";"1";"33";"11";"0";"1";"1";"1";""
"202100024420";"158Â 033";"A01";"1";"2";"6";"0";"2";"1";"1";""
"202100024421";"158Â 031";"A01";"1";"7";"0";"2";"3";"19";"1";""
"202100024421";"158Â 032";"B01";"2";"7";"0";"2";"2";"1";"1";""
"202100024422";"158Â 029";"A01";"1";"7";"6";"0";"4";"1";"1";""
"202100024422";"158Â 030";"B01";"1";"7";"0";"9";"1";"1";"1";""
"202100024423";"158Â 026";"A01";"2";"7";"0";"2";"2";"1";"1";""
"202100024423";"158Â 027";"B01";"2";"1";"0";"0";"4";"1";"5";""
"202100024424";"158Â 025";"A01";"1";"33";"0";"0";"9";"1";"1";""
"202100024425";"158Â 023";"A01";"1";"7";"0";"2";"7";"15";"1";""
"202100024425";"158Â 024";"B01";"2";"33";"0";"2";"1";"1";"1";""
"202100024426";"158Â 021";"A01";"2";"10";"0";"2";"1";"2";"1";""
"202100024426";"158Â 022";"B01";"2";"15";"0";"0";"4";"2";"1";""
"202100024427";"158Â 019";"B01";"1";"31";"0";"2";"4";"23";"1";""
"202100024427";"158Â 020";"A01";"1";"7";"0";"2";"3";"1";"1";""
"202100024428";"158Â 017";"B01";"1";"7";"0";"2";"2";"1";"1";""
"202100024428";"158Â 018";"A01";"3";"7";"0";"2";"3";"9";"1";""
"202100024429";"158Â 015";"B01";"1";"7";"15";"2";"1";"1";"1";""
"202100024429";"158Â 016";"A01";"2";"7";"0";"2";"1";"15";"1";""
"202100024430";"158Â 013";"B01";"2";"7";"0";"2";"3";"1";"1";""
"202100024430";"158Â 014";"A01";"1";"7";"0";"2";"3";"1";"1";""
"202100024431";"158Â 011";"A01";"2";"33";"0";"2";"1";"2";"6";""
"202100024431";"158Â 012";"B01";"2";"10";"0";"2";"6";"1";"6";""
"202100024432";"158Â 009";"B01";"2";"14";"0";"0";"4";"1";"1";""
"202100024432";"158Â 010";"A01";"2";"7";"0";"2";"1";"1";"1";""
"202100024433";"158Â 007";"A01";"1";"7";"0";"2";"1";"1";"1";""
"202100024433";"158Â 008";"B01";"1";"7";"0";"2";"4";"1";"1";""
"202100024434";"158Â 004";"B01";"0";"7";"0";"2";"8";"15";"1";""
"202100024434";"158Â 005";"A01";"0";"33";"6";"2";"1";"26";"1";""
"202100024435";"158Â 002";"B01";"1";"15";"0";"2";"6";"1";"1";""
"202100024435";"158Â 003";"A01";"1";"10";"3";"2";"2";"17";"1";""
"202100024436";"158Â 001";"A01";"2";"7";"0";"1";"2";"1";"1";""
"202100024437";"157Â 999";"A01";"2";"7";"0";"2";"3";"15";"0";""
"202100024437";"158Â 000";"B01";"1";"2";"0";"2";"1";"17";"0";""
"202100024438";"157Â 998";"A01";"1";"7";"2";"0";"1";"1";"1";""
"202100024439";"157Â 996";"B01";"1";"10";"0";"2";"7";"15";"1";""
"202100024439";"157Â 997";"A01";"2";"33";"0";"2";"1";"1";"1";""
"202100024440";"157Â 994";"B01";"2";"80";"0";"0";"4";"1";"3";""
"202100024440";"157Â 995";"A01";"2";"7";"0";"2";"3";"16";"1";""
"202100024441";"157Â 993";"A01";"2";"7";"2";"0";"1";"26";"1";""
"202100024442";"157Â 992";"A01";"1";"2";"9";"0";"7";"1";"1";""
"202100024443";"157Â 990";"A01";"2";"33";"0";"2";"1";"2";"1";""
"202100024443";"157Â 991";"B01";"2";"7";"0";"0";"4";"2";"1";""
"202100024444";"157Â 986";"D01";"1";"10";"0";"2";"1";"2";"1";""
"202100024444";"157Â 987";"C01";"1";"7";"0";"0";"4";"2";"0";""
"202100024444";"157Â 988";"B01";"1";"7";"0";"2";"1";"2";"0";""
"202100024444";"157Â 989";"A01";"1";"7";"0";"0";"4";"1";"1";""
"202100024445";"157Â 982";"A01";"3";"7";"0";"2";"8";"15";"1";""
"202100024445";"157Â 983";"B01";"1";"32";"0";"2";"1";"1";"1";""
"202100024446";"157Â 980";"A01";"1";"7";"0";"0";"4";"0";"1";""
"202100024446";"157Â 981";"B01";"1";"33";"0";"2";"1";"2";"1";""
"202100024447";"157Â 977";"C01";"2";"7";"0";"2";"1";"1";"1";""
"202100024447";"157Â 978";"B01";"1";"7";"0";"2";"1";"17";"1";""
"202100024447";"157Â 979";"A01";"1";"7";"0";"0";"3";"1";"1";""
"202100024448";"157Â 976";"A01";"1";"2";"1";"0";"1";"1";"1";""
"202100024449";"157Â 975";"A01";"1";"7";"13";"0";"1";"1";"1";""
"202100024450";"157Â 973";"B01";"2";"7";"0";"2";"3";"1";"1";""
"202100024450";"157Â 974";"A01";"1";"7";"1";"2";"6";"1";"1";""
"202100024451";"157Â 972";"A01";"1";"33";"14";"0";"8";"1";"1";""
"202100024452";"157Â 969";"A01";"3";"10";"0";"2";"7";"15";"1";""
"202100024452";"157Â 970";"B01";"2";"33";"0";"2";"1";"1";"1";""
"202100024453";"157Â 966";"C01";"2";"7";"0";"0";"6";"1";"1";""
"202100024453";"157Â 967";"B01";"2";"7";"0";"2";"1";"1";"1";""
"202100024453";"157Â 968";"A01";"0";"7";"0";"2";"1";"17";"1";""
"202100024454";"157Â 965";"A01";"1";"1";"0";"0";"0";"1";"5";""
"202100024455";"157Â 963";"B01";"3";"7";"0";"2";"3";"15";"1";""
"202100024455";"157Â 964";"A01";"1";"1";"0";"2";"2";"1";"5";""
"202100024456";"157Â 961";"A01";"2";"1";"0";"2";"2";"1";"5";""
"202100024456";"157Â 962";"B01";"2";"1";"0";"2";"4";"1";"5";""
"202100024457";"157Â 959";"B01";"0";"50";"0";"0";"1";"0";"3";""
"202100024457";"157Â 960";"A01";"0";"7";"0";"0";"3";"26";"1";""
"202100024458";"157Â 957";"A01";"1";"7";"0";"2";"1";"13";"1";""
"202100024458";"157Â 958";"B01";"2";"7";"0";"2";"1";"1";"1";""
"202100024459";"157Â 956";"A01";"0";"7";"15";"0";"9";"26";"1";""
"202100024460";"157Â 954";"B01";"1";"33";"0";"2";"6";"1";"1";""
"202100024460";"157Â 955";"A01";"2";"33";"0";"2";"2";"1";"1";""
"202100024461";"157Â 952";"A01";"2";"7";"0";"0";"3";"1";"1";""
"202100024461";"157Â 953";"B01";"1";"7";"0";"0";"3";"13";"1";""
"202100024462";"157Â 948";"A01";"1";"7";"0";"2";"4";"15";"1";""
"202100024462";"157Â 949";"B01";"1";"7";"0";"2";"1";"2";"1";""
"202100024463";"157Â 944";"A01";"1";"7";"0";"2";"3";"13";"1";""
"202100024463";"157Â 945";"B01";"2";"7";"0";"2";"3";"1";"1";""
"202100024464";"157Â 942";"B01";"2";"1";"0";"2";"8";"13";"5";""
"202100024464";"157Â 943";"A01";"2";"7";"0";"0";"7";"17";"1";""
"202100024465";"157Â 939";"A01";"2";"7";"0";"2";"1";"5";"1";""
"202100024465";"157Â 940";"B01";"1";"7";"0";"2";"1";"17";"1";""
"202100024465";"157Â 941";"C01";"1";"7";"0";"0";"1";"26";"1";""
"202100024466";"157Â 937";"B01";"1";"33";"0";"2";"8";"1";"1";""
"202100024466";"157Â 938";"A01";"2";"7";"0";"2";"3";"15";"1";""
"202100024467";"157Â 936";"A01";"2";"33";"0";"6";"1";"1";"1";""
"202100024468";"157Â 935";"A01";"0";"7";"0";"0";"2";"1";"1";""
"202100024469";"157Â 934";"A01";"3";"80";"0";"0";"1";"1";"3";""
"202100024470";"157Â 933";"A01";"0";"10";"0";"0";"3";"13";"0";""
"202100024471";"157Â 931";"A01";"1";"7";"0";"2";"2";"15";"1";""
"202100024471";"157Â 932";"B01";"2";"33";"0";"2";"1";"1";"1";""
"202100024472";"157Â 928";"A01";"3";"33";"0";"0";"7";"1";"1";""
"202100024473";"157Â 925";"B01";"2";"7";"0";"0";"4";"23";"1";""
"202100024473";"157Â 926";"A01";"2";"7";"0";"0";"4";"23";"1";""
"202100024473";"157Â 927";"C01";"2";"10";"0";"2";"1";"2";"1";""
"202100024474";"157Â 924";"A01";"0";"7";"1";"0";"2";"1";"1";""
"202100024475";"157Â 919";"D01";"1";"10";"0";"2";"4";"1";"1";""
"202100024475";"157Â 920";"C01";"1";"7";"0";"2";"4";"1";"1";""
"202100024475";"157Â 921";"B01";"1";"7";"0";"2";"4";"1";"1";""
"202100024475";"157Â 922";"A01";"1";"7";"0";"2";"6";"1";"1";""
"202100024475";"157Â 923";"E01";"1";"37";"0";"2";"1";"1";"1";"1"
"202100024476";"157Â 917";"B01";"2";"7";"0";"2";"4";"1";"1";""
"202100024476";"157Â 918";"A01";"2";"7";"0";"2";"1";"2";"1";""
"202100024477";"157Â 915";"B01";"2";"7";"0";"2";"4";"0";"1";""
"202100024477";"157Â 916";"A01";"2";"7";"0";"2";"1";"21";"1";""
"202100024478";"157Â 913";"A01";"2";"7";"0";"2";"0";"9";"1";""
"202100024478";"157Â 914";"B01";"2";"17";"0";"2";"2";"1";"1";""
"202100024479";"157Â 910";"A01";"1";"33";"0";"2";"1";"1";"1";""
"202100024479";"157Â 911";"C01";"1";"33";"0";"2";"0";"1";"1";""
"202100024479";"157Â 912";"B01";"1";"33";"0";"2";"0";"1";"1";""
"202100024480";"157Â 908";"A01";"2";"7";"0";"2";"0";"0";"1";""
"202100024480";"157Â 909";"B01";"2";"17";"0";"2";"4";"1";"1";""
"202100024481";"157Â 906";"A01";"1";"7";"1";"2";"1";"2";"1";""
"202100024481";"157Â 907";"B01";"1";"17";"1";"2";"0";"0";"1";""
"202100024482";"157Â 903";"Z01";"1";"7";"0";"2";"1";"1";"1";""
"202100024482";"157Â 904";"C01";" -1";"99";"0";"2";"4";"0";"1";""
"202100024482";"157Â 905";"B01";"1";"7";"7";"0";"6";"26";"1";""
"202100024483";"157Â 901";"A01";"1";"7";"0";"2";"4";"26";"1";""
"202100024483";"157Â 902";"Z01";"1";"7";"1";"2";"1";"2";"1";""
"202100024484";"157Â 899";"A01";"1";"17";"0";"2";"7";"12";"1";""
"202100024484";"157Â 900";"B01";"1";"7";"0";"2";"0";"1";"1";""
"202100024485";"157Â 897";"B01";"1";"7";"0";"2";"8";"0";"1";""
"202100024485";"157Â 898";"A01";"1";"7";"0";"2";"9";"1";"1";""
"202100024486";"157Â 896";"A01";"1";"7";"0";"0";"0";"2";"1";""
"202100024487";"157Â 894";"A01";"3";"7";"0";"2";"3";"19";"1";""
"202100024487";"157Â 895";"B01";"3";"99";"0";"2";"1";"1";"0";""
"202100024488";"157Â 892";"A01";"1";"33";"0";"2";"1";"1";"1";""
"202100024488";"157Â 893";"B01";"1";"10";"0";"0";"4";"1";"1";""
"202100024489";"157Â 890";"B01";"1";"7";"0";"2";"4";"23";"1";""
"202100024489";"157Â 891";"A01";"1";"30";"0";"2";"1";"17";"1";""
"202100024490";"157Â 888";"B01";"3";"7";"0";"2";"6";"15";"1";""
"202100024490";"157Â 889";"A01";"3";"30";"0";"2";"1";"1";"0";""
"202100024491";"157Â 887";"A01";"1";"31";"6";"0";"1";"26";"1";""
"202100024492";"157Â 886";"A01";"0";"0";"0";"1";"4";"20";"0";""
"202100024493";"157Â 884";"A01";"0";"7";"15";"0";"0";"15";"1";""
"202100024493";"157Â 885";"B01";"1";"7";"0";"2";"0";"0";"1";""
"202100024494";"157Â 882";"A01";"3";"30";"0";"2";"7";"1";"3";""
"202100024494";"157Â 883";"B01";"3";"7";"0";"2";"1";"1";"1";""
"202100024495";"157Â 880";"B01";"1";"1";"0";"2";"7";"0";"5";""
"202100024495";"157Â 881";"A01";"1";"7";"0";"2";"1";"9";"1";""
"202100024496";"157Â 876";"D01";"1";"7";"1";"0";"1";"26";"1";""
"202100024496";"157Â 877";"C01";"1";"10";"1";"0";"4";"1";"1";""
"202100024496";"157Â 878";"B01";"1";"10";"1";"0";"1";"0";"1";""
"202100024496";"157Â 879";"A01";"1";"7";"0";"2";"1";"26";"0";""
"202100024497";"157Â 874";"A01";"2";"31";"0";"2";"1";"26";"1";""
"202100024497";"157Â 875";"B01";"1";"10";"0";"2";"5";"15";"1";""
"202100024498";"157Â 873";"A01";"1";"7";"15";"1";"2";"25";"1";""
"202100024499";"157Â 871";"A01";"2";"7";"0";"2";"3";"13";"1";""
"202100024499";"157Â 872";"B01";"1";"7";"0";"2";"8";"26";"1";""
"202100024500";"157Â 869";"A01";"2";"34";"0";"2";"7";"17";"1";""
"202100024500";"157Â 870";"B01";"2";"7";"0";"2";"7";"11";"1";""
"202100024501";"157Â 865";"A01";"0";"2";"0";"2";"1";"1";"1";""
"202100024501";"157Â 866";"B01";"0";"7";"0";"2";"4";"1";"1";""
"202100024502";"157Â 863";"B01";"3";"7";"0";"2";"6";"1";"1";""
"202100024502";"157Â 864";"A01";"3";"7";"0";"2";"7";"14";"1";""
"202100024503";"157Â 860";"A01";"1";"33";"0";"2";"1";"2";"1";""
"202100024503";"157Â 861";"B01";"1";"10";"0";"2";"4";"2";"1";""
"202100024504";"157Â 859";"A01";"3";"7";"1";"0";"2";"14";"1";""
"202100024505";"157Â 857";"B01";"2";"30";"0";"2";"1";"0";"1";""
"202100024505";"157Â 858";"A01";"1";"7";"0";"2";"2";"0";"1";""
"202100024506";"157Â 855";"B01";"0";"7";"0";"2";"2";"1";"1";""
"202100024506";"157Â 856";"A01";"0";"1";"0";"2";"1";"5";"5";""
"202100024507";"157Â 853";"A01";"1";"33";"0";"2";"1";"7";"1";""
"202100024507";"157Â 854";"B01";"1";"10";"0";"2";"4";"15";"1";""
"202100024508";"157Â 851";"B01";"1";"33";"0";"2";"7";"1";"1";""
"202100024508";"157Â 852";"A01";"2";"7";"0";"2";"2";"15";"1";""
"202100024509";"157Â 850";"A01";"2";"2";"0";" -1";"0";"21";"1";""
"202100024510";"157Â 848";"B01";"1";"7";"0";"2";"7";"1";"1";""
"202100024510";"157Â 849";"Z01";"2";"7";"0";"2";"1";"17";"1";""
"202100024511";"157Â 846";"B01";"1";"33";"0";"2";"3";"1";"0";""
"202100024511";"157Â 847";"A01";"2";"21";"0";"2";"1";"19";"0";""
"202100024512";"157Â 844";"A01";"1";"7";"0";"2";"8";"17";"1";""
"202100024512";"157Â 845";"B01";"1";"32";"0";"2";"0";"0";"1";""
"202100024513";"157Â 842";"A01";"1";"7";"0";"2";"2";"15";"1";""
"202100024513";"157Â 843";"B01";"1";"7";"0";"2";"3";"1";"1";""
"202100024514";"157Â 840";"B01";"1";"2";"0";"2";"1";"1";"1";""
"202100024514";"157Â 841";"A01";"1";"7";"0";"2";"1";"15";"1";""
"202100024515";"157Â 839";"Z01";"1";"0";"0";"1";"2";"26";"0";""
"202100024516";"157Â 837";"A01";"1";"10";"0";"2";"1";"13";"1";""
"202100024516";"157Â 838";"B01";"2";"7";"0";"2";"1";"1";"1";""
"202100024517";"157Â 835";"A01";"2";"7";"0";"2";"4";"1";"1";""
"202100024517";"157Â 836";"B01";"2";"7";"0";"2";"1";"2";"1";""
"202100024518";"157Â 833";"B01";"1";"7";"0";"2";"1";"1";"1";""
"202100024518";"157Â 834";"A01";"1";"7";"0";"2";"8";"10";"1";""
"202100024519";"157Â 831";"B01";"1";"50";"0";"2";"4";"2";"3";""
"202100024519";"157Â 832";"A01";"1";"7";"0";"9";"3";"2";"1";""
"202100024520";"157Â 830";"A01";"0";"33";"0";"0";"0";"1";"1";""
"202100024521";"157Â 828";"B01";"3";"7";"0";"2";"5";"16";"1";""
"202100024521";"157Â 829";"A01";"3";"30";"0";"2";"1";"1";"6";""
"202100024522";"157Â 826";"A01";"1";"7";"0";"2";"7";"15";"1";""
"202100024522";"157Â 827";"B01";"2";"10";"0";"2";"1";"1";"1";""
"202100024523";"157Â 823";"A01";"3";"33";"0";"2";"1";"1";"1";""
"202100024523";"157Â 824";"B01";"3";"3";"0";"2";"5";"16";"1";""
"202100024524";"157Â 821";"B01";"3";"40";"0";"2";"3";"1";"3";""
"202100024524";"157Â 822";"A01";"3";"7";"0";"4";"2";"1";"1";""
"202100024525";"157Â 820";"A01";" -1";"7";"0";"1";"4";"20";"1";""
"202100024526";"157Â 819";"A01";"2";"7";"0";"1";"1";"1";"1";""
"202100024527";"157Â 817";"A01";"2";"7";"14";"0";"1";"19";"1";""
"202100024528";"157Â 816";"A01";"1";"7";"0";"1";"2";"1";"1";""
"202100024529";"157Â 815";"A01";"2";"33";"0";"0";"1";"1";"1";""
"202100024530";"157Â 813";"A01";"1";"7";"0";"2";"3";"26";"1";""
"202100024530";"157Â 814";"B01";"2";"50";"0";"2";"1";"21";"3";""
"202100024531";"157Â 812";"A01";"1";"32";"7";"0";"1";"1";"1";""
"202100024532";"157Â 810";"B01";"2";"33";"0";"2";"1";"1";"1";""
"202100024532";"157Â 811";"A01";"1";"7";"0";"2";"1";"15";"1";""
"202100024533";"157Â 808";"B01";"3";"7";"0";"2";"7";"1";"1";""
"202100024533";"157Â 809";"A01";"3";"7";"0";"2";"1";"26";"1";""
"202100024534";"157Â 806";"A01";"2";"7";"0";"2";"1";"2";"1";""
"202100024534";"157Â 807";"B01";"2";"33";"0";"2";"4";"2";"1";""
"202100024535";"157Â 804";"B01";"2";"99";"0";"2";"7";"1";"5";""
"202100024535";"157Â 805";"A01";"1";"7";"0";"2";"1";"15";"1";""
"202100024536";"157Â 802";"B01";"1";"33";"0";"2";"1";"1";"1";""
"202100024536";"157Â 803";"A01";"1";"7";"0";"2";"3";"15";"1";""
"202100024537";"157Â 801";"A01";"1";"33";"14";"0";"1";"26";"1";""
"202100024538";"157Â 800";"A01";"2";"32";"14";"0";"1";"1";"1";""
"202100024539";"157Â 798";"B01";"2";"2";"0";"2";"7";"21";"1";""
"202100024539";"157Â 799";"A01";"1";"10";"0";"2";"1";"13";"1";""
"202100024540";"157Â 796";"B01";"1";"33";"0";"2";"1";"1";"1";""
"202100024540";"157Â 797";"A01";"2";"7";"0";"2";"2";"15";"1";""
"202100024541";"157Â 794";"B01";"1";"7";"0";"0";"6";"15";"1";""
"202100024541";"157Â 795";"A01";"1";"32";"0";"2";"1";"3";"1";""
"202100024542";"157Â 792";"A01";"1";"37";"0";"1";"1";"20";"1";"1"
"202100024543";"157Â 790";"B01";"2";"10";"0";"2";"5";"2";"1";""
"202100024543";"157Â 791";"A01";"2";"7";"0";"2";"1";"2";"1";""
"202100024544";"157Â 789";"A01";"1";"2";"0";"0";"7";"1";"1";""
"202100024545";"157Â 787";"A01";"2";"60";"0";"2";"3";"19";"5";""
"202100024545";"157Â 788";"B01";"2";"7";"0";"2";"3";"1";"1";""
"202100024546";"157Â 785";"B01";"2";"7";"0";"2";"5";"12";"1";""
"202100024546";"157Â 786";"A01";"2";"31";"0";"2";"3";"3";"1";""
"202100024547";"157Â 783";"A01";"2";"14";"0";"2";"1";"1";"1";""
"202100024547";"157Â 784";"B01";"2";"7";"0";"2";"8";"1";"1";""
"202100024548";"157Â 781";"B01";"2";"7";"0";"2";"8";"1";"1";""
"202100024548";"157Â 782";"A01";"2";"43";"0";"2";"2";"3";"1";""
"202100024549";"157Â 779";"B01";"2";"10";"0";"2";"5";"2";"1";""
"202100024549";"157Â 780";"A01";"2";"33";"0";"2";"3";"2";"1";""
"202100024550";"157Â 777";"A01";"1";"32";"0";"2";"2";"2";"1";""
"202100024550";"157Â 778";"B01";"1";"7";"0";"2";"6";"2";"1";""
"202100024551";"157Â 775";"Z01";"1";"7";"0";"2";"3";"11";"0";""
"202100024551";"157Â 776";"A01";"1";"7";"0";"2";"2";"1";"1";""
"202100024552";"157Â 773";"B01";"3";"1";"0";"2";"1";"2";"5";""
"202100024552";"157Â 774";"A01";"3";"1";"0";"2";"4";"2";"5";""
"202100024553";"157Â 771";"A01";"1";"50";"0";"2";"1";"13";"3";""
"202100024553";"157Â 772";"B01";"1";"1";"0";"2";"1";"1";"5";""
"202100024554";"157Â 769";"A01";"1";"33";"0";"2";"1";"2";"1";""
"202100024554";"157Â 770";"B01";"1";"33";"0";"2";"4";"23";"1";""
"202100024555";"157Â 767";"A01";"3";"50";"0";"2";"7";"19";"3";""
"202100024555";"157Â 768";"Z01";"1";"7";"0";"2";"4";"4";"0";""
"202100024556";"157Â 765";"A01";"1";"7";"0";"2";"2";"12";"1";""
"202100024556";"157Â 766";"B01";"2";"7";"0";"2";"6";"1";"1";""
"202100024557";"157Â 764";"A01";"1";"13";"0";"1";"7";"2";"0";""
"202100024558";"157Â 762";"B01";"2";"7";"0";"2";"3";"23";"1";""
"202100024558";"157Â 763";"A01";"2";"30";"0";"2";"1";"1";"1";""
"202100024559";"157Â 760";"B01";"1";"7";"0";"2";"3";"1";"1";""
"202100024559";"157Â 761";"Z01";"1";"7";"9";"2";"5";"6";"1";""
"202100024560";"157Â 759";"A01";"3";"33";"0";"0";"0";"2";"1";""
"202100024561";"157Â 757";"B01";"0";"1";"0";"2";"1";"19";"0";""
"202100024561";"157Â 758";"A01";"3";"10";"0";"9";"0";"0";"1";""
"202100024562";"157Â 755";"B01";"1";"3";"0";"2";"1";"0";"1";""
"202100024562";"157Â 756";"A01";"1";"10";"0";"2";"4";"10";"1";""
"202100024563";"157Â 753";"A01";"1";"33";"0";"2";"1";"1";"0";""
"202100024563";"157Â 754";"B01";"1";"10";"0";"2";"3";"15";"0";""
"202100024564";"157Â 751";"B01";"1";"30";"0";"2";"4";"0";"0";""
"202100024564";"157Â 752";"A01";"1";"7";"0";"2";"1";"0";"0";""
"202100024565";"157Â 750";"A01";"1";"7";"0";"1";"2";"1";"1";""
"202100024566";"157Â 748";"A01";"2";"10";"0";"0";"2";"0";"1";""
"202100024566";"157Â 749";"B01";"2";"7";"0";"0";"1";"1";"1";""
"202100024567";"157Â 747";"A01";"3";"7";"0";"1";"4";"26";"1";""
"202100024568";"157Â 745";"A01";"3";"7";"1";"0";"3";"23";"1";""
"202100024568";"157Â 746";"B01";"3";"1";"1";"2";"2";"0";"0";""
"202100024569";"157Â 744";"A01";"1";"30";"0";"1";"1";"0";"1";""
"202100024570";"157Â 742";"A01";"2";"7";"0";"2";"0";"15";"1";""
"202100024570";"157Â 743";"B01";"1";"2";"0";"2";"1";"1";"1";""
"202100024571";"157Â 740";"B01";"1";"1";"0";"2";"8";"15";"5";""
"202100024571";"157Â 741";"A01";"1";"10";"0";"2";"1";"16";"1";""
"202100024572";"157Â 738";"B01";"3";"7";"0";"2";"1";"1";"1";""
"202100024572";"157Â 739";"A01";"3";"7";"0";"2";"1";"10";"1";""
"202100024573";"157Â 736";"A01";"1";"7";"0";"2";"2";"1";"1";""
"202100024573";"157Â 737";"Z01";"1";"7";"0";"2";"1";"0";"0";""
"202100024574";"157Â 733";"A01";"1";"10";"0";"2";"4";"23";"1";""
"202100024574";"157Â 734";"B01";"1";"7";"0";"2";"4";"23";"1";""
"202100024574";"157Â 735";"C01";"1";"7";"0";"2";"1";"2";"1";""
"202100024575";"157Â 730";"C01";"1";"7";"0";"2";"1";"2";"1";""
"202100024575";"157Â 731";"B01";"1";"7";"0";"2";"4";"2";"1";""
"202100024575";"157Â 732";"A01";"1";"7";"0";"2";"4";"1";"1";""
"202100024576";"157Â 728";"B01";"1";"15";"0";"2";"3";"1";"1";""
"202100024576";"157Â 729";"A01";"1";"7";"0";"2";"0";"11";"1";""
"202100024577";"157Â 727";"A01";"1";"7";"4";"0";"9";"2";"1";""
"202100024578";"157Â 725";"B01";"2";"33";"0";"2";"7";"3";"1";""
"202100024578";"157Â 726";"A01";"2";"7";"0";"2";"3";"11";"1";""
"202100024579";"157Â 723";"B01";"2";"7";"0";"0";"0";"0";"1";""
"202100024579";"157Â 724";"A01";"2";"7";"0";"0";"0";"26";"1";""
"202100024580";"157Â 721";"B01";"2";"10";"0";"2";"5";"1";"1";""
"202100024580";"157Â 722";"A01";"1";"31";"0";"2";"1";"2";"1";""
"202100024581";"157Â 720";"A01";"1";"7";"0";"9";"1";"21";"1";""
"202100024582";"157Â 718";"B01";"1";"7";"0";"2";"2";"12";"1";""
"202100024582";"157Â 719";"A01";"1";"33";"0";"2";"8";"1";"1";""
"202100024583";"157Â 716";"B01";"2";"7";"0";"2";"1";"16";"1";""
"202100024583";"157Â 717";"A01";"1";"7";"0";"2";"9";"13";"1";""
"202100024584";"157Â 715";"A01";"1";"7";"3";"0";"1";"2";"1";""
"202100024585";"157Â 713";"B01";"2";"7";"0";"2";"4";"2";"1";""
"202100024585";"157Â 714";"A01";"2";"2";"0";"2";"1";"2";"1";""
"202100024586";"157Â 711";"Z01";"2";"32";"0";"2";"1";"5";"0";""
"202100024586";"157Â 712";"A01";"1";"2";"0";"2";"1";"1";"1";""
"202100024587";"157Â 709";"B01";"1";"34";"0";"2";"1";"1";"1";""
"202100024587";"157Â 710";"C01";"1";"1";"0";"2";"1";"9";" -1";""
"202100024588";"157Â 707";"A01";"1";"7";"0";"2";"1";"1";"1";""
"202100024588";"157Â 708";"B01";"1";"31";"0";"2";"4";"1";"1";""
"202100024589";"157Â 705";"A01";"1";"7";"0";"2";"1";"1";"1";""
"202100024589";"157Â 706";"B01";"1";"30";"0";"2";"7";"19";"1";""
"202100024590";"157Â 703";"B01";"3";"7";"0";"2";"0";"1";"1";""
"202100024590";"157Â 704";"A01";"1";"7";"0";"2";"1";"1";"1";""
"202100024591";"157Â 702";"A01";"2";"60";"0";"0";"1";"1";"5";""
"202100024592";"157Â 701";"A01";"1";"80";"0";"0";"8";"1";"3";""
"202100024593";"157Â 699";"A01";"1";"7";"0";"2";"1";"9";"1";""
"202100024593";"157Â 700";"B01";"1";"10";"0";"2";"2";"9";"1";""
"202100024594";"157Â 697";"A01";"3";"7";"0";"1";"1";"16";"1";""
"202100024595";"157Â 693";"A01";"3";"50";"0";"2";"1";"0";"3";""
"202100024595";"157Â 694";"B01";"3";"7";"0";"2";"0";"0";"1";""
"202100024596";"157Â 691";"A01";"2";"7";"0";"2";"4";"26";"1";""
"202100024596";"157Â 692";"Z01";"2";"15";"0";"2";"1";"26";"0";""
"202100024597";"157Â 688";"A01";"2";"31";"0";"2";"2";"15";"1";""
"202100024597";"157Â 689";"B01";"2";"7";"0";"2";"1";"2";"1";""
"202100024597";"157Â 690";"C01";"2";"7";"0";"2";"3";"23";"1";""
"202100024598";"157Â 687";"A01";"1";"7";"1";"0";"2";"14";"1";""
"202100024599";"157Â 686";"A01";"1";"1";"0";"1";"1";"17";"5";""
"202100024600";"157Â 684";"A01";"3";"10";"0";"2";"1";"15";"1";""
"202100024600";"157Â 685";"B01";"3";"50";"0";"2";"1";"1";"3";""
"202100024601";"157Â 682";"B01";"0";"7";"0";"2";"1";"1";"1";""
"202100024601";"157Â 683";"A01";"1";"7";"0";"2";"8";"1";"1";""
"202100024602";"157Â 680";"B01";"1";"1";"0";"2";"7";"1";"5";""