"Num_Acc";"id_vehicule";"num_veh";"senc";"catv";"obs";"obsm";"choc";"manv";"motor";"occutc"
"202100025006";"156Â 955";"D01";"2";"7";"0";"2";"4";"2";"1";""
"202100025006";"156Â 956";"A01";"2";"7";"0";"2";"1";"2";"1";""
"202100025007";"156Â 952";"A01";"2";"20";"0";"2";"1";"26";"1";""
"202100025008";"156Â 949";"A01";"1";"10";"0";"2";"2";"17";"1";""
"202100025008";"156Â 950";"B01";"1";"7";"3";"2";"6";"2";"1";""
"202100025008";"156Â 951";"C01";"1";"7";"4";"2";"2";"2";"1";""
"202100025009";"156Â 947";"B01";"3";"33";"0";"2";"1";"13";"1";""
"202100025009";"156Â 948";"A01";"3";"34";"0";"2";"3";"13";"1";""
"202100025010";"156Â 945";"B01";"3";"43";"0";"2";"1";"1";"1";""
"202100025010";"156Â 946";"Z01";"3";"7";"0";"2";"2";"15";"0";""
"202100025011";"156Â 943";"B01";"1";"7";"0";"2";"6";"20";"1";""
"202100025011";"156Â 944";"Z01";"1";"13";"0";"2";"2";"2";"1";""
"202100025012";"156Â 941";"B01";"0";"33";"0";"2";"8";"1";"1";""
"202100025012";"156Â 942";"A01";"3";"7";"0";"2";"3";"15";"1";""
"202100025013";"156Â 940";"A01";"2";"1";"0";"1";"1";"17";"5";""
"202100025014";"156Â 939";"A01";"2";"7";"4";"0";"3";"13";"1";""
"202100025015";"156Â 937";"A01";"1";"7";"0";"2";"2";"16";"3";""
"202100025015";"156Â 938";"B01";"1";"1";"0";"2";"1";"7";"5";""
"202100025016";"156Â 936";"Z01";"1";"7";"0";"1";"4";"4";"0";""
"202100025017";"156Â 934";"B01";"2";"1";"0";"2";"0";"1";"5";""
"202100025017";"156Â 935";"A01";"2";"50";"0";"2";"2";"5";"3";""
"202100025018";"156Â 933";"A01";"1";"7";"1";"1";"1";"20";"1";""
"202100025019";"156Â 931";"A01";"1";"31";"0";"2";"8";"1";"1";""
"202100025019";"156Â 932";"B01";"1";"7";"0";"2";"0";"9";"1";""
"202100025020";"156Â 929";"B01";"1";"7";"0";"2";"2";"23";"1";""
"202100025020";"156Â 930";"A01";"1";"30";"0";"2";"8";"14";"1";""
"202100025021";"156Â 927";"A01";"2";"7";"0";"2";"1";"15";"1";""
"202100025021";"156Â 928";"B01";"1";"32";"0";"2";"3";"1";"1";""
"202100025022";"156Â 926";"A01";"1";"2";"6";"0";"2";"16";"3";""
"202100025023";"156Â 925";"A01";"3";"14";"0";"1";"4";"4";"1";""
"202100025024";"156Â 924";"A01";"1";"7";"0";"1";"5";"26";"1";""
"202100025025";"156Â 922";"A01";"2";"7";"0";"1";"1";"1";"1";""
"202100025025";"156Â 923";"B01";"1";"7";"0";"2";"3";"23";"1";""
"202100025026";"156Â 918";"A01";"3";"1";"0";"2";"1";"19";"5";""
"202100025026";"156Â 919";"B01";"1";"17";"0";"2";"7";"1";"1";""
"202100025027";"156Â 916";"A01";"2";"7";"0";"2";"1";"2";"1";""
"202100025027";"156Â 917";"B01";"2";"7";"0";"2";"4";"2";"1";""
"202100025028";"156Â 915";"A01";"3";"7";"17";"0";"2";"14";"1";""
"202100025029";"156Â 914";"A01";"1";"15";"14";"0";"3";"13";"6";""
"202100025030";"156Â 913";"A01";"2";"7";"13";"0";"1";"1";"1";""
"202100025031";"156Â 911";"A01";"1";"10";"0";"2";"3";"19";"1";""
"202100025031";"156Â 912";"B01";"2";"7";"0";"2";"2";"1";"1";""
"202100025032";"156Â 909";"A01";"1";"10";"0";"2";"4";"23";"1";""
"202100025032";"156Â 910";"B01";"1";"7";"1";"0";"1";"1";"1";""
"202100025033";"156Â 907";"A01";"2";"31";"0";"0";"2";"1";"1";""
"202100025033";"156Â 908";"B01";"2";"14";"0";"2";"6";"1";"1";""
"202100025034";"156Â 906";"A01";"2";"7";"0";"1";"2";"1";"1";""
"202100025035";"156Â 905";"A01";"2";"7";"4";"9";"2";"1";"1";""
"202100025036";"156Â 903";"B01";"1";"7";"0";"2";"3";"1";"1";""
"202100025036";"156Â 904";"A01";"3";"60";"0";"2";"1";"19";"5";""
"202100025037";"156Â 901";"B01";"1";"1";"0";"2";"1";"1";"5";""
"202100025037";"156Â 902";"A01";"2";"7";"0";"2";"3";"1";"1";""
"202100025038";"156Â 899";"B01";"1";"30";"0";"2";"7";"1";"1";""
"202100025038";"156Â 900";"A01";"3";"7";"0";"2";"4";"4";"1";""
"202100025039";"156Â 897";"A01";"1";"33";"0";"2";"1";"1";"1";""
"202100025039";"156Â 898";"B01";"1";"33";"0";"0";"4";"16";"1";""
"202100025040";"156Â 896";"A01";"1";"7";"2";"0";"1";"14";"1";""
"202100025041";"156Â 894";"A01";"2";"10";"0";"2";"1";"15";"1";""
"202100025041";"156Â 895";"B01";"1";"7";"8";"2";"3";"9";"1";""
"202100025042";"156Â 892";"A01";"1";"31";"0";"2";"1";"13";"1";""
"202100025042";"156Â 893";"B01";"2";"33";"0";"2";"1";"1";"1";""
"202100025043";"156Â 891";"A01";"1";"33";"0";"0";"1";"1";"1";""
"202100025044";"156Â 890";"A01";"1";"31";"3";"0";"1";"1";"1";""
"202100025045";"156Â 888";"A01";"1";"7";"0";"2";"3";"13";"1";""
"202100025045";"156Â 889";"B01";"2";"7";"0";"2";"2";"1";"2";""
"202100025046";"156Â 886";"B01";"2";"1";"0";"2";"1";"1";"5";""
"202100025046";"156Â 887";"A01";"1";"10";"0";"0";"7";"1";"1";""
"202100025047";"156Â 884";"A01";"2";"31";"0";"2";"1";"13";"1";""
"202100025047";"156Â 885";"B01";"1";"7";"0";"2";"3";"1";"1";""
"202100025048";"156Â 883";"A01";"3";"3";"2";"0";"2";"1";"1";""
"202100025049";"156Â 881";"A01";"1";"7";"0";"0";"7";"15";"1";""
"202100025049";"156Â 882";"B01";"2";"33";"0";"2";"2";"1";"1";""
"202100025050";"156Â 880";"A01";"1";"33";"3";"0";"0";"1";"1";""
"202100025051";"156Â 879";"A01";"3";"7";"2";"0";"1";"0";"1";""
"202100025052";"156Â 877";"A01";"1";"33";"0";"2";"1";"16";"1";""
"202100025052";"156Â 878";"B01";"1";"7";"0";"2";"3";"1";"1";""
"202100025053";"156Â 876";"A01";"3";"7";"2";"0";"1";"13";"1";""
"202100025054";"156Â 875";"A01";"1";"1";"0";"5";"2";"0";"5";""
"202100025055";"156Â 872";"C01";"1";"1";"0";"2";"0";"1";"0";""
"202100025055";"156Â 873";"B01";"1";"1";"0";"2";"8";"1";"0";""
"202100025055";"156Â 874";"A01";"1";"21";"0";"2";"5";"17";"1";""
"202100025056";"156Â 870";"A01";"2";"3";"0";"2";"2";"1";"1";""
"202100025056";"156Â 871";"B01";"1";"7";"0";"2";"2";"1";"1";""
"202100025057";"156Â 869";"A01";"1";"36";"2";"0";"1";"13";"1";""
"202100025058";"156Â 868";"A01";"2";"7";"0";"1";"1";"1";"1";""
"202100025059";"156Â 862";"A01";"3";"7";"0";"2";"3";"19";"1";""
"202100025059";"156Â 863";"B01";"3";"1";"0";"0";"3";"1";"5";""
"202100025060";"156Â 860";"B01";"2";"7";"0";"2";"1";"2";"1";""
"202100025060";"156Â 861";"A01";"2";"7";"3";"0";"4";"1";"1";""
"202100025061";"156Â 858";"B01";"1";"7";"0";"2";"3";"13";"1";""
"202100025061";"156Â 859";"A01";"2";"2";"0";"2";"0";"13";"1";""
"202100025062";"156Â 856";"A01";"2";"7";"0";"0";"2";"17";"1";""
"202100025062";"156Â 857";"B01";"2";"10";"0";"0";"6";"1";"1";""
"202100025063";"156Â 854";"B01";"3";"7";"0";"2";"3";"13";"0";""
"202100025063";"156Â 855";"A01";"3";"7";"0";"2";"3";"1";"1";""
"202100025064";"156Â 852";"B01";"1";"15";"0";"2";"5";"2";"1";""
"202100025064";"156Â 853";"A01";"1";"7";"0";"2";"1";"2";"1";""
"202100025065";"156Â 850";"B01";"1";"7";"0";"2";"1";"1";"1";""
"202100025065";"156Â 851";"A01";"2";"7";"0";"2";"1";"1";"1";""
"202100025066";"156Â 849";"A01";"1";"7";"0";"1";"1";"12";"1";""
"202100025067";"156Â 848";"A01";"1";"7";"17";"0";"2";"14";"1";""
"202100025068";"156Â 846";"B01";"2";"7";"0";"0";"3";"1";"1";""
"202100025068";"156Â 847";"A01";"1";"7";"0";"0";"3";"13";"1";""
"202100025069";"156Â 844";"A01";"1";"7";"6";"0";"1";"21";"1";""
"202100025069";"156Â 845";"B01";"2";"7";"0";"0";"0";"13";"1";""
"202100025070";"156Â 842";"B01";"0";"2";"0";"2";"8";"9";"1";""
"202100025070";"156Â 843";"A01";"2";"7";"0";"2";"1";"1";"1";""
"202100025071";"156Â 840";"B01";"2";"7";"0";"2";"7";"15";"1";""
"202100025071";"156Â 841";"A01";"1";"31";"0";"2";"1";"2";"1";""
"202100025072";"156Â 839";"A01";"1";"7";"13";"0";"1";"0";"1";""
"202100025073";"156Â 837";"B01";"1";"7";"0";"2";"6";"1";"1";""
"202100025073";"156Â 838";"A01";"2";"7";"0";"2";"3";"13";"2";""
"202100025074";"156Â 835";"B01";"1";"33";"0";"2";"1";"21";"1";""
"202100025074";"156Â 836";"A01";"2";"33";"0";"2";"1";"17";"1";""
"202100025075";"156Â 833";"A01";"1";"33";"0";"2";"1";"13";"1";""
"202100025075";"156Â 834";"B01";"2";"7";"0";"2";"1";"1";"1";""
"202100025076";"156Â 832";"A01";"0";"31";"0";"0";"8";"15";"1";""
"202100025077";"156Â 829";"B01";"1";"7";"0";"2";"4";"2";"1";""
"202100025077";"156Â 830";"C01";"1";"7";"0";"0";"4";"2";"1";""
"202100025077";"156Â 831";"A01";"1";"7";"0";"2";"1";"2";"1";""
"202100025078";"156Â 828";"A01";"2";"7";"0";"0";"0";"13";"1";""
"202100025079";"156Â 826";"B01";"1";"33";"0";"2";"1";"1";"1";""
"202100025079";"156Â 827";"A01";"1";"7";"0";"2";"3";"19";"1";""
"202100025080";"156Â 825";"A01";"1";"2";"4";"0";"1";"1";"1";""
"202100025081";"156Â 823";"A01";"0";"7";"0";"2";"6";"10";"0";""
"202100025081";"156Â 824";"B01";"0";"31";"0";"2";"1";"2";"1";""
"202100025082";"156Â 821";"B01";"0";"7";"0";"2";"7";"1";"1";""
"202100025082";"156Â 822";"A01";"0";"2";"0";"2";"1";"16";"1";""
"202100025083";"156Â 819";"A01";"3";"1";"0";"2";"5";"1";"5";""
"202100025083";"156Â 820";"B01";"0";"7";"0";"9";"7";"1";"1";""
"202100025084";"156Â 818";"A01";"2";"33";"0";"0";"7";"0";"1";""
"202100025085";"156Â 817";"A01";"1";"7";"4";"0";"2";"2";"1";""
"202100025086";"156Â 816";"A01";"1";"7";"4";"0";"7";"15";"1";""
"202100025087";"156Â 814";"B01";"1";"7";"0";"2";"1";"2";"1";""
"202100025087";"156Â 815";"A01";"1";"7";"0";"2";"4";"1";"1";""
"202100025088";"156Â 812";"B01";"1";"7";"0";"2";"9";"1";"1";""
"202100025088";"156Â 813";"A01";"1";"7";"0";"2";"9";"1";"1";""
"202100025089";"156Â 810";"B01";"2";"7";"0";"0";"6";"1";"1";""
"202100025089";"156Â 811";"A01";"2";"10";"0";"2";"2";"1";"1";""
"202100025090";"156Â 808";"B01";"2";"10";"0";"2";"4";"1";"1";""
"202100025090";"156Â 809";"A01";"2";"7";"0";"2";"1";"2";"1";""
"202100025091";"156Â 805";"C01";"2";"7";"0";"2";"2";"1";"1";""
"202100025091";"156Â 806";"B01";"2";"15";"0";"2";"2";"0";"1";""
"202100025091";"156Â 807";"A01";"2";"7";"0";"2";"6";"0";"1";""
"202100025092";"156Â 802";"A01";"2";"7";"0";"2";"1";"1";"1";""
"202100025092";"156Â 803";"B01";"2";"7";"0";"2";"4";"2";"1";""
"202100025092";"156Â 804";"C01";"2";"7";"0";"2";"6";"2";"1";""
"202100025093";"156Â 800";"B01";"2";"7";"0";"2";"8";"1";"1";""
"202100025093";"156Â 801";"A01";"2";"7";"0";"2";"1";"1";"1";""
"202100025094";"156Â 799";"A01";"1";"7";"3";"6";"3";"21";"1";""
"202100025095";"156Â 798";"A01";"2";"7";"4";"0";"1";"14";"1";""
"202100025096";"156Â 796";"B01";"1";"7";"0";"2";"1";"2";"1";""
"202100025096";"156Â 797";"A01";"1";"7";"0";"2";"4";"23";"1";""
"202100025097";"156Â 794";"B01";"1";"7";"3";"2";"4";"2";"1";""
"202100025097";"156Â 795";"A01";"1";"10";"3";"2";"1";"2";"1";""
"202100025098";"156Â 792";"B01";"1";"7";"0";"2";"1";"2";"1";""
"202100025098";"156Â 793";"A01";"1";"7";"0";"2";"4";"23";"1";""
"202100025099";"156Â 789";"C01";"1";"7";"0";"2";"4";"23";"1";""
"202100025099";"156Â 790";"B01";"1";"7";"0";"2";"4";"23";"1";""
"202100025099";"156Â 791";"A01";"1";"7";"0";"2";"1";"2";"1";""
"202100025100";"156Â 787";"A01";"2";"30";"0";"2";"1";"17";"1";""
"202100025100";"156Â 788";"B01";"1";"30";"0";"2";"1";"17";"1";""
"202100025101";"156Â 786";"A01";"2";"34";"12";"0";"1";"1";"1";""
"202100025102";"156Â 784";"A01";"3";"31";"0";"2";"2";"1";"1";""
"202100025102";"156Â 785";"B01";"3";"7";"0";"2";"7";"1";"1";""
"202100025103";"156Â 783";"A01";"3";"7";"0";"1";"0";"16";"1";""
"202100025104";"156Â 781";"YA01";"1";"7";"0";"2";"4";"23";"1";""
"202100025104";"156Â 782";"B01";"1";"30";"0";"2";"1";"2";"1";""
"202100025105";"156Â 779";"B01";"1";"7";"0";"2";"4";"23";"1";""
"202100025105";"156Â 780";"A01";"1";"7";"0";"2";"1";"2";"1";""
"202100025106";"156Â 777";"A01";"1";"7";"0";"2";"2";"1";"1";""
"202100025106";"156Â 778";"B01";"1";"7";"0";"2";"8";"10";"1";""
"202100025107";"156Â 774";"C01";"2";"7";"1";"9";"2";"24";"1";""
"202100025107";"156Â 775";"B01";"1";"7";"1";"2";"4";"24";"1";""
"202100025107";"156Â 776";"A01";"1";"7";"15";"2";"3";"13";"1";""
"202100025108";"156Â 773";"A01";"2";"7";"1";"0";"1";"14";"1";""
"202100025109";"156Â 769";"C01";"1";"7";"0";"2";"6";"2";"1";""
"202100025109";"156Â 770";"B01";"1";"7";"0";"2";"8";"10";"2";""
"202100025109";"156Â 771";"A01";"1";"7";"0";"2";"1";"17";"1";""
"202100025110";"156Â 768";"A01";"2";"2";"0";"0";"0";"26";"1";""
"202100025111";"156Â 766";"B01";"1";"7";"0";"1";"1";"1";"1";""
"202100025112";"156Â 765";"A01";"1";"7";"0";"0";"1";"14";"1";""
"202100025113";"156Â 764";"A01";"2";"32";"0";"0";"8";"5";"1";""
"202100025114";"156Â 763";"A01";"3";"34";"0";"0";"8";"1";"1";""
"202100025115";"156Â 761";"B01";"2";"7";"0";"2";"3";"1";"1";""
"202100025115";"156Â 762";"A01";"1";"7";"0";"2";"3";"1";"1";""
"202100025116";"156Â 759";"B01";"1";"7";"0";"2";"6";"1";"1";""
"202100025116";"156Â 760";"A01";"2";"7";"0";"2";"1";"1";"1";""
"202100025117";"156Â 757";"B01";"2";"7";"0";"2";"4";"2";"1";""
"202100025117";"156Â 758";"A01";"2";"30";"0";"2";"1";"2";"1";""
"202100025118";"156Â 755";"B01";"2";"7";"0";"2";"1";"24";"1";""
"202100025118";"156Â 756";"A01";"2";"7";"1";"0";"1";"1";"1";""
"202100025119";"156Â 753";"A01";"1";"3";"0";"2";"1";"26";"1";""
"202100025119";"156Â 754";"B01";"1";"30";"0";"2";"7";"0";"1";""
"202100025120";"156Â 752";"A01";"1";"2";"0";"0";"7";"13";"3";""
"202100025121";"156Â 750";"A01";"2";"7";"0";"2";"1";"17";"1";""
"202100025121";"156Â 751";"B01";"2";"7";"6";"2";"1";"15";"1";""
"202100025122";"156Â 749";"A01";"3";"99";"6";"0";"1";"16";"1";""
"202100025123";"156Â 747";"B01";"1";"2";"0";"2";"2";"1";"1";""
"202100025123";"156Â 748";"A01";"1";"7";"0";"2";"2";"9";"1";""
"202100025124";"156Â 746";"A01";"1";"50";"12";"0";"1";"0";"3";""
"202100025125";"156Â 744";"B01";"3";"7";"0";"2";"4";"24";"1";""
"202100025125";"156Â 745";"A01";"3";"7";"1";"0";"1";"1";"1";""
"202100025126";"156Â 743";"A01";"3";"1";"1";"0";"1";"16";"5";""
"202100025127";"156Â 741";"A01";"3";"7";"0";"2";"6";"2";"2";""
"202100025127";"156Â 742";"B01";"3";"7";"0";"2";"2";"2";"1";""
"202100025128";"156Â 739";"B01";"3";"7";"15";"2";"5";"0";"1";""
"202100025128";"156Â 740";"A01";"2";"7";"0";"0";"1";"0";"1";""
"202100025129";"156Â 738";"A01";"1";"33";"0";"0";"8";"1";"1";""
"202100025130";"156Â 736";"A01";"1";"7";"0";"2";"2";"7";"1";""
"202100025130";"156Â 737";"B01";"1";"7";"0";"2";"7";"16";"1";""
"202100025131";"156Â 734";"B01";"1";"7";"0";"2";"4";"1";"1";""
"202100025131";"156Â 735";"A01";"1";"7";"0";"2";"1";"1";"1";""
"202100025132";"156Â 733";"A01";"0";"7";"0";"1";"0";"26";"0";""
"202100025133";"156Â 732";"A01";"0";"7";"8";"0";"9";"13";"1";""
"202100025134";"156Â 730";"A01";"1";"37";"0";"2";"1";"26";"1";"3"
"202100025134";"156Â 731";"B01";"1";"7";"0";"2";"4";"2";"1";""
"202100025135";"156Â 728";"B01";"1";"33";"0";"2";"3";"2";"1";""
"202100025135";"156Â 729";"A01";"2";"7";"0";"2";"3";"15";"0";""
"202100025136";"156Â 726";"B01";"2";"33";"0";"2";"8";"1";"1";""
"202100025136";"156Â 727";"A01";"1";"7";"0";"2";"1";"15";"1";""
"202100025137";"156Â 724";"B01";"2";"31";"0";"2";"1";"17";"1";""
"202100025137";"156Â 725";"A01";"2";"7";"0";"2";"6";"15";"1";""
"202100025138";"156Â 722";"A01";"3";"33";"0";"2";"8";"15";"1";""
"202100025138";"156Â 723";"B01";"2";"7";"0";"2";"1";"1";"1";""
"202100025139";"156Â 720";"B01";"2";"2";"0";"2";"1";"0";"1";""
"202100025139";"156Â 721";"A01";"3";"7";"0";"2";"1";"0";"1";""
"202100025140";"156Â 718";"A01";"2";"33";"0";"2";"1";"11";"1";""
"202100025140";"156Â 719";"B01";"2";"10";"0";"2";"5";"1";"1";""
"202100025141";"156Â 716";"B01";"2";"1";"0";"2";"7";"1";"5";""
"202100025141";"156Â 717";"A01";"0";"30";"0";"2";"1";"1";"1";""
"202100025142";"156Â 714";"A01";"2";"7";"0";"2";"8";"15";"0";""
"202100025142";"156Â 715";"B01";"2";"30";"0";"2";"2";"17";"3";""
"202100025143";"156Â 713";"A01";"1";"1";"0";"1";"1";"1";"5";""
"202100025144";"156Â 712";"A01";"2";"10";"0";"1";"1";"1";"1";""
"202100025145";"156Â 710";"A01";"0";"7";"0";"2";"2";"1";"1";""
"202100025145";"156Â 711";"Z01";"0";"7";"0";"2";"3";"1";"1";""
"202100025146";"156Â 708";"B01";"1";"30";"0";"2";"1";"1";"1";""
"202100025146";"156Â 709";"A01";"1";"7";"0";"2";"7";"15";"1";""
"202100025147";"156Â 706";"B01";"1";"34";"0";"2";"1";"1";"1";""
"202100025147";"156Â 707";"A01";"3";"50";"0";"2";"2";"19";"3";""
"202100025148";"156Â 704";"B01";"3";"7";"0";"2";"4";"23";"1";""
"202100025148";"156Â 705";"A01";"3";"33";"0";"2";"1";"1";"1";""
"202100025149";"156Â 702";"A01";"3";"7";"0";"2";"1";"1";"1";""
"202100025149";"156Â 703";"B01";"3";"7";"0";"2";"4";"23";"1";""
"202100025150";"156Â 700";"A01";"2";"30";"12";"2";"3";"21";"3";""
"202100025150";"156Â 701";"Z01";"2";"7";"0";"2";"2";"14";"1";""
"202100025151";"156Â 698";"A01";"2";"10";"0";"2";"1";"9";"1";""
"202100025151";"156Â 699";"B01";"2";"33";"0";"2";"5";"1";"1";""
"202100025152";"156Â 696";"A01";"1";"7";"0";"2";"1";"1";"2";""
"202100025152";"156Â 697";"B01";"1";"7";"0";"2";"3";"1";"1";""
"202100025153";"156Â 694";"B01";"1";"10";"0";"1";"1";"23";"1";""
"202100025153";"156Â 695";"A01";"1";"7";"0";"2";"1";"1";"1";""
"202100025154";"156Â 692";"B01";"3";"1";"0";"2";"3";"1";"0";""
"202100025154";"156Â 693";"A01";"3";"1";"0";"2";"5";"14";"0";""
"202100025155";"156Â 690";"A01";"1";"7";"0";"2";"3";"9";"1";""
"202100025155";"156Â 691";"B01";"2";"34";"0";"2";"1";"9";"1";""
"202100025156";"156Â 688";"A01";"3";"32";"1";"2";"1";"1";"1";""
"202100025156";"156Â 689";"B01";"3";"7";"1";"2";"8";"15";"1";""
"202100025157";"156Â 686";"A01";"0";"7";"4";"2";"2";"18";"1";""
"202100025157";"156Â 687";"B01";"0";"7";"0";"2";"5";"0";"1";""
"202100025158";"156Â 684";"B01";"1";"30";"0";"2";"1";"17";"1";""
"202100025158";"156Â 685";"A01";"1";"7";"0";"2";"1";"15";"1";""
"202100025159";"156Â 683";"A01";"1";"10";"2";"0";"1";"13";"1";""
"202100025160";"156Â 681";"A01";"1";"7";"0";"0";"8";"1";"1";""
"202100025160";"156Â 682";"B01";"3";"7";"0";"2";"1";"19";"1";""
"202100025161";"156Â 679";"A01";"3";"7";"0";"2";"1";"19";"1";""
"202100025161";"156Â 680";"B01";"1";"10";"0";"2";"3";"1";"1";""
"202100025162";"156Â 677";"B01";"0";"7";"0";"1";"1";"2";"1";""
"202100025162";"156Â 678";"A01";"0";"7";"0";"1";"8";"23";"1";""
"202100025163";"156Â 676";"A01";"3";"7";"0";"1";"1";"1";"1";""
"202100025164";"156Â 675";"A01";"2";"7";"13";"0";"2";"14";"1";""
"202100025165";"156Â 673";"A01";"1";"7";"0";"0";"5";"13";"1";""
"202100025165";"156Â 674";"B01";"2";"31";"0";"0";"1";"1";"1";""
"202100025166";"156Â 671";"A01";"1";"33";"0";"2";"8";"1";"1";""
"202100025166";"156Â 672";"B01";"2";"1";"0";"2";"8";"1";"5";""
"202100025167";"156Â 669";"A01";"1";"7";"0";"2";"3";"15";"1";""
"202100025167";"156Â 670";"B01";"2";"33";"0";"2";"1";"17";"1";""
"202100025168";"156Â 668";"A01";"2";"7";"13";"0";"9";"17";"1";""
"202100025169";"156Â 665";"A01";"1";"7";"0";"2";"1";"2";"1";""
"202100025169";"156Â 666";"C01";"1";"7";"0";"0";"4";"23";"1";""
"202100025169";"156Â 667";"B01";"1";"7";"0";"2";"4";"23";"1";""
"202100025170";"156Â 664";"A01";"1";"37";"15";"0";"1";"14";"1";"1"
"202100025171";"156Â 663";"A01";"3";"31";"13";"0";"2";"1";"1";""
"202100025172";"156Â 661";"B01";"2";"7";"0";"2";"8";"1";"1";""
"202100025172";"156Â 662";"A01";"1";"33";"0";"2";"8";"13";"1";""
"202100025173";"156Â 660";"A01";"2";"2";"8";"0";"2";"0";"1";""
"202100025174";"156Â 659";"A01";"3";"7";"0";"0";"3";"1";"1";""
"202100025175";"156Â 657";"A01";"3";"99";"0";"2";"8";"19";"1";""
"202100025175";"156Â 658";"B01";"1";"7";"0";"2";"1";"1";"1";""
"202100025176";"156Â 656";"A01";"1";"33";"13";"0";"1";"1";"1";""
"202100025177";"156Â 655";"A01";"1";"2";"14";"0";"9";"14";"1";""
"202100025178";"156Â 653";"A01";"2";"7";"0";"2";"3";"15";"1";""
"202100025178";"156Â 654";"B01";"1";"7";"0";"2";"2";"1";"1";""
"202100025179";"156Â 651";"B01";"1";"7";"0";"2";"3";"1";"1";""
"202100025179";"156Â 652";"A01";"2";"7";"0";"2";"2";"13";"1";""
"202100025180";"156Â 649";"B01";"1";"7";"0";"2";"2";"1";"1";""
"202100025180";"156Â 650";"A01";"2";"7";"0";"2";"7";"19";"1";""
"202100025181";"156Â 648";"A01";"1";"31";"0";"0";"0";"1";"1";""
"202100025182";"156Â 647";"A01";"1";"7";"0";"1";"2";"21";"1";""
"202100025183";"156Â 646";"A01";"1";"7";"3";"0";"3";"0";"1";""
"202100025184";"156Â 645";"A01";"2";"2";"8";"0";"1";"1";"1";""
"202100025185";"156Â 643";"B01";"1";"1";"0";"2";"1";"1";"5";""
"202100025185";"156Â 644";"A01";"2";"7";"0";"2";"2";"1";"1";""
"202100025186";"156Â 642";"A01";"2";"33";"0";"0";"7";"13";"1";""
"202100025187";"156Â 640";"A01";"1";"7";"0";"2";"2";"17";"1";""
"202100025187";"156Â 641";"B01";"1";"7";"0";"2";"6";"2";"1";""
"202100025188";"156Â 637";"A01";"3";"7";"0";"2";"3";"1";"1";""
"202100025188";"156Â 638";"C01";"3";"1";"0";"0";"0";"1";"5";""
"202100025188";"156Â 639";"B01";"3";"1";"0";"2";"1";"17";"5";""
"202100025189";"156Â 635";"B01";"2";"2";"0";"2";"1";"5";"1";""
"202100025189";"156Â 636";"A01";"1";"7";"0";"2";"3";"1";"1";""
"202100025190";"156Â 634";"A01";"1";"7";"2";"0";"2";"1";"1";""
"202100025191";"156Â 633";"A01";"2";"33";"13";"0";"0";"0";"1";""
"202100025192";"156Â 632";"A01";"2";"7";"0";"0";"0";"1";"1";""
"202100025193";"156Â 630";"B01";"3";"7";"0";"2";"3";"1";"1";""
"202100025193";"156Â 631";"A01";"1";"33";"0";"2";"8";"1";"1";""
"202100025194";"156Â 628";"B01";"1";"7";"0";"2";"8";"19";"1";""
"202100025194";"156Â 629";"A01";"2";"7";"0";"2";"1";"1";"1";""
"202100025195";"156Â 627";"A01";"1";"2";"0";"0";"0";"1";"1";""
"202100025196";"156Â 625";"A01";"2";"7";"0";"9";"2";"9";"1";""
"202100025196";"156Â 626";"B01";"2";"1";"0";"2";"1";"1";"5";""
"202100025197";"156Â 623";"B01";"0";"1";"0";"2";"4";"1";"5";""
"202100025197";"156Â 624";"A01";"0";"7";"0";"9";"1";"1";"1";""
"202100025198";"156Â 621";"A01";"1";"7";"13";"2";"2";"13";"1";""
"202100025198";"156Â 622";"B01";"2";"7";"0";"2";"2";"1";"1";""
"202100025199";"156Â 620";"A01";"2";"7";"13";"0";"1";"14";"1";""
"202100025200";"156Â 619";"A01";"1";"33";"13";"0";"1";"13";"1";""
"202100025201";"156Â 617";"B01";"2";"7";"0";"2";"3";"15";"1";""
"202100025201";"156Â 618";"A01";"2";"2";"0";"2";"7";"1";"1";""
"202100025202";"156Â 616";"A01";"1";"7";"0";"0";"1";"14";"1";""
"202100025203";"156Â 614";"B01";"3";"7";"0";"2";"3";"1";"1";""
"202100025203";"156Â 615";"A01";"3";"7";"0";"2";"3";"13";"1";""
"202100025204";"156Â 611";"C01";"2";"7";"0";"2";"1";"2";"1";""
"202100025204";"156Â 612";"B01";"2";"7";"0";"9";"2";"2";"1";""
"202100025204";"156Â 613";"A01";"2";"1";"0";"2";"4";"2";"5";""
"202100025205";"156Â 610";"A01";"3";"33";"16";"0";"0";"1";"1";""
"202100025206";"156Â 607";"C01";"1";"7";"0";"2";"1";"1";"1";""
"202100025206";"156Â 608";"B01";"2";"7";"0";"2";"1";"1";"1";""
"202100025206";"156Â 609";"A01";"1";"2";"0";"2";"8";"16";"1";""
"202100025207";"156Â 605";"A01";"3";"2";"13";"0";"7";"1";"1";""
"202100025207";"156Â 606";"B01";"3";"7";"0";"0";"1";"1";"1";""
"202100025208";"156Â 604";"A01";"1";"10";"13";"0";"3";"0";"1";""
"202100025209";"156Â 603";"A01";"2";"7";"3";"0";"9";"14";"1";""
"202100025210";"156Â 602";"A01";"1";"33";"12";"0";"0";"1";"1";""
"202100025211";"156Â 600";"B01";"2";"7";"0";"2";"1";"1";"1";""
"202100025211";"156Â 601";"A01";"1";"2";"0";"2";"1";"13";"1";""