"Num_Acc";"id_vehicule";"num_veh";"senc";"catv";"obs";"obsm";"choc";"manv";"motor";"occutc"
"202100025212";"156Â 596";"A01";"2";"7";"3";"0";"9";"0";"1";""
"202100025212";"156Â 597";"B01";"2";"7";"14";"0";"1";"0";"1";""
"202100025212";"156Â 598";"C01";"2";"7";"14";"0";"1";"0";"1";""
"202100025212";"156Â 599";"D01";"2";"7";"14";"0";"9";"0";"1";""
"202100025213";"156Â 594";"B01";"1";"7";"0";"2";"6";"2";"1";""
"202100025213";"156Â 595";"A01";"1";"7";"0";"2";"2";"2";"1";""
"202100025214";"156Â 593";"A01";"2";"7";"4";"0";"3";"1";"1";""
"202100025215";"156Â 592";"A01";"1";"7";"2";"0";"1";"1";"1";""
"202100025216";"156Â 591";"A01";"2";"7";"6";"0";"3";"1";"1";""
"202100025217";"156Â 588";"A01";"1";"32";"15";"0";"2";"1";"1";""
"202100025218";"156Â 586";"B01";"0";"1";"0";"2";"1";"1";"5";""
"202100025218";"156Â 587";"A01";"0";"7";"0";"2";"5";"15";"1";""
"202100025219";"156Â 584";"B01";"0";"60";"0";"2";"4";"23";"5";""
"202100025219";"156Â 585";"A01";"0";"7";"0";"2";"4";"4";"1";""
"202100025220";"156Â 582";"A01";"2";"1";"12";"2";"4";"1";"5";""
"202100025220";"156Â 583";"B01";"2";"7";"0";"2";"2";"0";"1";""
"202100025221";"156Â 581";"A01";"3";"7";"2";"0";"1";"0";"0";""
"202100025222";"156Â 579";"A01";"1";"7";"0";"0";"5";"15";"1";""
"202100025222";"156Â 580";"B01";"1";"7";"13";"2";"1";"17";"1";""
"202100025223";"156Â 577";"A01";"3";"10";"0";"2";"3";"15";"1";""
"202100025223";"156Â 578";"B01";"3";"31";"0";"2";"1";"1";"1";""
"202100025224";"156Â 573";"A01";"1";"7";"0";"2";"3";"11";"1";""
"202100025224";"156Â 574";"Z01";"1";"7";"3";"2";"7";"17";"1";""
"202100025225";"156Â 572";"A01";"2";"7";"3";"0";"9";"1";"1";""
"202100025226";"156Â 569";"A01";"2";"33";"0";"2";"7";"1";"1";""
"202100025226";"156Â 570";"B01";"2";"7";"0";"2";"7";"1";"1";""
"202100025226";"156Â 571";"Z01";"2";"7";"0";"2";"0";"11";"0";""
"202100025227";"156Â 567";"B01";"2";"7";"0";"2";"3";"2";"1";""
"202100025227";"156Â 568";"A01";"2";"7";"0";"2";"6";"1";"1";""
"202100025228";"156Â 566";"A01";"2";"33";"3";"0";"1";"13";"1";""
"202100025229";"156Â 564";"B01";"1";"7";"0";"2";"1";"2";"1";""
"202100025229";"156Â 565";"A01";"1";"7";"14";"2";"4";"1";"1";""
"202100025230";"156Â 563";"A01";"1";"7";"4";"0";"9";"13";"1";""
"202100025231";"156Â 560";"A01";"2";"7";"0";"2";"1";"11";"1";""
"202100025231";"156Â 561";"B01";"2";"7";"0";"2";"4";"23";"1";""
"202100025231";"156Â 562";"C01";"2";"7";"0";"2";"4";"23";"1";""
"202100025232";"156Â 556";"B01";"2";"17";"0";"2";"4";"2";"1";""
"202100025232";"156Â 557";"A01";"2";"7";"0";"2";"1";"1";"1";""
"202100025233";"156Â 555";"A01";"1";"7";"0";"0";"9";"1";"1";""
"202100025234";"156Â 553";"B01";"2";"7";"0";"2";"8";"1";"1";""
"202100025234";"156Â 554";"A01";"2";"7";"0";"2";"8";"13";"1";""
"202100025235";"156Â 551";"A01";"1";"7";"0";"2";"1";"2";"1";""
"202100025235";"156Â 552";"B01";"1";"7";"0";"2";"4";"2";"2";""
"202100025236";"156Â 547";"A01";"1";"0";"0";"2";"0";"0";"0";""
"202100025236";"156Â 548";"B01";"1";"33";"0";"2";"0";"0";"1";""
"202100025236";"156Â 549";"C01";"1";"10";"0";"2";"0";"26";"1";""
"202100025236";"156Â 550";"D01";"1";"7";"0";"2";"0";"26";"1";""
"202100025237";"156Â 545";"B01";"1";"10";"0";"2";"4";"0";"1";""
"202100025237";"156Â 546";"A01";"1";"7";"0";"2";"0";"9";"1";""
"202100025238";"156Â 543";"A01";"1";"7";"0";"2";"1";"26";"1";""
"202100025238";"156Â 544";"B01";"1";"10";"0";"2";"4";"2";"1";""
"202100025239";"156Â 542";"A01";"1";"10";"4";"0";"2";"14";"1";""
"202100025240";"156Â 540";"Z01";"1";"7";"0";"2";"4";"0";"1";""
"202100025240";"156Â 541";"A01";"1";"33";"0";"2";"1";"1";"1";""
"202100025241";"156Â 537";"A01";"1";"7";"0";"2";"6";"9";"1";""
"202100025241";"156Â 538";"B01";"1";"15";"0";"2";"2";"1";"1";""
"202100025241";"156Â 539";"C01";"1";"7";"0";"2";"1";"1";"1";""
"202100025242";"156Â 535";"B01";"2";"7";"0";"2";"9";"1";"1";""
"202100025242";"156Â 536";"A01";"2";"7";"0";"2";"8";"1";"1";""
"202100025243";"156Â 532";"A01";"1";"7";"0";"2";"1";"11";"1";""
"202100025243";"156Â 533";"B01";"1";"7";"0";"2";"8";"1";"1";""
"202100025243";"156Â 534";"C01";"1";"7";"0";"2";"4";"1";"1";""
"202100025244";"156Â 530";"B01";"3";"10";"0";"2";"1";"1";"1";""
"202100025244";"156Â 531";"A01";"3";"10";"0";"2";"2";"15";"1";""
"202100025245";"156Â 528";"A01";"3";"7";"6";"0";"1";"15";"1";""
"202100025246";"156Â 527";"A01";"2";"2";"12";"0";"1";"1";"1";""
"202100025247";"156Â 525";"B01";"1";"7";"0";"2";"6";"2";"1";""
"202100025247";"156Â 526";"A01";"1";"30";"0";"2";"1";"0";"1";""
"202100025248";"156Â 524";"A01";"1";"31";"4";"0";"0";"0";"0";""
"202100025249";"156Â 523";"A01";"3";"7";"0";"1";"3";"26";"1";""
"202100025250";"156Â 521";"B01";"2";"7";"0";"2";"1";"1";"1";""
"202100025250";"156Â 522";"A01";"2";"1";"0";"2";"1";"19";"5";""
"202100025251";"156Â 519";"A01";"1";"7";"0";"2";"3";"26";"1";""
"202100025251";"156Â 520";"B01";"1";"33";"0";"2";"1";"0";"1";""
"202100025252";"156Â 518";"A01";"1";"7";"0";"1";"7";"1";"1";""
"202100025253";"156Â 517";"A01";"1";"7";"0";"1";"2";"9";"1";""
"202100025254";"156Â 515";"A01";"1";"10";"5";"2";"5";"13";"1";""
"202100025254";"156Â 516";"B01";"1";"14";"3";"2";"1";"1";"1";""
"202100025255";"156Â 513";"A01";"1";"7";"0";"2";"6";"9";"1";""
"202100025255";"156Â 514";"B01";"2";"2";"0";"2";"1";"1";"1";""
"202100025256";"156Â 511";"Z01";"3";"7";"0";"2";"1";"26";"0";""
"202100025256";"156Â 512";"B01";"3";"1";"0";"2";"8";"1";"5";""
"202100025257";"156Â 507";"D01";"1";"7";"0";"2";"6";"24";"1";""
"202100025257";"156Â 508";"C01";"2";"10";"0";"2";"1";"23";"1";""
"202100025257";"156Â 509";"B01";"2";"10";"0";"2";"3";"23";"1";""
"202100025257";"156Â 510";"A01";"1";"7";"0";"2";"1";"5";"1";""
"202100025258";"156Â 506";"A01";"2";"10";"2";"0";"3";"13";"1";""
"202100025259";"156Â 504";"A01";"1";"7";"0";"2";"1";"12";"1";""
"202100025259";"156Â 505";"B01";"1";"7";"0";"2";"4";"12";"3";""
"202100025260";"156Â 502";"B01";"3";"1";"0";"2";"1";"1";"5";""
"202100025260";"156Â 503";"A01";"3";"10";"0";"2";"6";"16";"1";""
"202100025261";"156Â 501";"B01";"2";"7";"1";"0";"2";"2";"0";""
"202100025262";"156Â 499";"B01";"0";"33";"0";"2";"2";"0";"1";""
"202100025262";"156Â 500";"A01";"0";"10";"0";"2";"1";"0";"1";""
"202100025263";"156Â 497";"A01";"0";"33";"0";"2";"1";"2";"1";""
"202100025263";"156Â 498";"B01";"0";"7";"0";"2";"4";"23";"1";""
"202100025264";"156Â 495";"A01";"2";"7";"0";"2";"6";"16";"1";""
"202100025264";"156Â 496";"B01";"2";"7";"0";"2";"1";"1";"1";""
"202100025265";"156Â 493";"A01";"1";"7";"0";"2";"4";"15";"0";""
"202100025265";"156Â 494";"B01";"1";"2";"0";"2";"9";"1";"0";""
"202100025266";"156Â 492";"A01";"1";"33";"12";"0";"1";"1";"1";""
"202100025267";"156Â 489";"B01";"1";"7";"0";"2";"4";"2";"1";""
"202100025267";"156Â 490";"C01";"1";"7";"0";"2";"4";"2";"1";""
"202100025267";"156Â 491";"A01";"1";"7";"0";"2";"1";"2";"1";""
"202100025268";"156Â 487";"B01";"2";"33";"0";"2";"7";"1";"1";""
"202100025268";"156Â 488";"A01";"3";"7";"0";"2";"3";"9";"1";""
"202100025269";"156Â 485";"B01";"3";"1";"0";"2";"0";"1";"5";""
"202100025269";"156Â 486";"A01";"1";"7";"0";"2";"1";"1";"1";""
"202100025270";"156Â 484";"A01";"3";"40";"0";"1";"3";"1";"3";""
"202100025271";"156Â 482";"A01";"1";"7";"0";"2";"1";"1";"1";""
"202100025271";"156Â 483";"B01";"1";"10";"0";"2";"2";"1";"1";""
"202100025272";"156Â 481";"A01";"1";"33";"0";"0";"7";"1";"1";""
"202100025273";"156Â 478";"A01";"3";"7";"0";"2";"3";"9";"1";""
"202100025273";"156Â 479";"B01";"1";"7";"0";"2";"2";"1";"1";""
"202100025273";"156Â 480";"C01";"1";"7";"0";"2";"1";"1";"1";""
"202100025274";"156Â 476";"A01";"1";"30";"0";"2";"1";"2";"1";""
"202100025274";"156Â 477";"B01";"1";"7";"0";"2";"4";"2";"0";""
"202100025275";"156Â 474";"B01";"2";"10";"0";"2";"6";"1";"1";""
"202100025275";"156Â 475";"A01";"2";"10";"0";"2";"2";"1";"1";""
"202100025276";"156Â 472";"B01";"3";"10";"0";"2";"2";"15";"1";""
"202100025276";"156Â 473";"A01";"3";"33";"0";"2";"0";"1";"0";""
"202100025277";"156Â 471";"A01";"0";"33";"0";"9";"7";"21";"1";""
"202100025278";"156Â 470";"A01";"2";"7";"6";"0";"1";"1";"1";""
"202100025279";"156Â 468";"B01";"1";"7";"0";"9";"8";"1";"1";""
"202100025279";"156Â 469";"A01";"1";"50";"0";"2";"1";"1";"3";""
"202100025280";"156Â 467";"A01";"1";"7";"0";"1";"2";"1";"1";""
"202100025281";"156Â 465";"A01";"2";"10";"0";"2";"3";"13";"1";""
"202100025281";"156Â 466";"B01";"2";"7";"0";"2";"3";"1";"1";""
"202100025282";"156Â 464";"A01";"1";"1";"0";"0";"1";"26";"5";""
"202100025283";"156Â 463";"A01";"1";"30";"0";"0";"0";"26";"1";""
"202100025284";"156Â 462";"A01";"1";"7";"4";"0";"1";"26";"1";""
"202100025285";"156Â 461";"A01";"1";"7";"16";"0";"1";"26";"1";""
"202100025286";"156Â 460";"A01";"1";"7";"8";"0";"1";"26";"1";""
"202100025287";"156Â 458";"B01";"0";"7";"0";"2";"1";"2";"1";""
"202100025287";"156Â 459";"A01";"0";"7";"0";"2";"4";"2";"1";""
"202100025288";"156Â 457";"A01";"0";"10";"0";"1";"1";"26";"3";""
"202100025289";"156Â 456";"A01";"2";"30";"0";"0";"2";"1";"1";""
"202100025290";"156Â 454";"A01";"1";"10";"0";"2";"1";"1";"1";""
"202100025290";"156Â 455";"B01";"1";"7";"0";"2";"4";"1";"1";""
"202100025291";"156Â 450";"A01";"1";"7";"0";"2";"1";"26";"1";""
"202100025291";"156Â 451";"B01";"3";"7";"0";"2";"3";"26";"1";""
"202100025292";"156Â 449";"A01";"3";"7";"6";"0";"8";"7";"1";""
"202100025293";"156Â 447";"B01";"1";"7";"0";"2";"4";"2";"1";""
"202100025293";"156Â 448";"A01";"1";"7";"0";"2";"1";"2";"1";""
"202100025294";"156Â 446";"A01";"3";"30";"0";"0";"8";"1";"1";""
"202100025295";"156Â 445";"A01";"2";"33";"0";"0";"0";"13";"1";""
"202100025296";"156Â 443";"B01";"2";"7";"0";"2";"4";"23";"1";""
"202100025296";"156Â 444";"A01";"2";"33";"14";"0";"1";"2";"1";""
"202100025297";"156Â 442";"A01";"1";"7";"0";"1";"2";"15";"1";""
"202100025298";"156Â 440";"A01";"1";"33";"0";"2";"0";"0";"1";""
"202100025298";"156Â 441";"Z01";"2";"31";"0";"2";"0";"0";"0";""
"202100025299";"156Â 437";"B01";"1";"1";"0";"2";"8";"1";"5";""
"202100025299";"156Â 438";"C01";"1";"1";"0";"2";"8";"1";"5";""
"202100025299";"156Â 439";"A01";"1";"7";"0";"2";"7";"17";"1";""
"202100025300";"156Â 435";"B01";"3";"1";"0";"2";"1";"26";"5";""
"202100025300";"156Â 436";"Z01";"0";"30";"0";"2";"1";"26";"1";""
"202100025301";"156Â 433";"A01";"1";"7";"0";"2";"1";"1";"1";""
"202100025301";"156Â 434";"B01";"1";"7";"0";"2";"2";"1";"1";""
"202100025302";"156Â 431";"A01";"1";"7";"0";"2";"7";"15";"1";""
"202100025302";"156Â 432";"B01";"2";"33";"0";"2";"1";"1";"1";""
"202100025303";"156Â 430";"A01";"0";"7";"0";"1";"1";"1";"1";""
"202100025304";"156Â 428";"A01";"2";"7";"0";"2";"1";"9";"1";""
"202100025304";"156Â 429";"B01";"1";"7";"0";"2";"7";"1";"1";""
"202100025305";"156Â 426";"B01";"2";"33";"0";"2";"2";"16";"1";""
"202100025305";"156Â 427";"A01";"2";"33";"0";"2";"3";"7";"1";""
"202100025306";"156Â 424";"A01";"0";"7";"3";"2";"1";"1";"1";""
"202100025306";"156Â 425";"B01";"0";"7";" -1";" -1";" -1";"1";" -1";""
"202100025307";"156Â 422";"B01";"1";"7";"0";"0";"6";"1";"1";""
"202100025307";"156Â 423";"A01";"1";"1";"0";"2";"1";"19";"5";""
"202100025308";"156Â 419";"B01";"1";"7";"0";"2";"4";"1";"1";""
"202100025308";"156Â 420";"C01";"1";"7";"0";"2";"1";"1";"2";""
"202100025308";"156Â 421";"A01";"1";"7";"0";"2";"4";"16";"1";""
"202100025309";"156Â 417";"Z01";"1";"7";"0";"2";"1";"16";"1";""
"202100025309";"156Â 418";"A01";"1";"30";"0";"2";"4";"16";"1";""
"202100025310";"156Â 416";"A01";"1";"32";"0";"1";"5";"1";"1";""
"202100025311";"156Â 414";"B01";"3";"7";"0";"2";"3";"1";"1";""
"202100025311";"156Â 415";"A01";"3";"7";"0";"2";"1";"15";"1";""
"202100025312";"156Â 412";"B01";"1";"7";"0";"2";"7";"15";"1";""
"202100025312";"156Â 413";"A01";"1";"7";"0";"2";"1";"1";"1";""
"202100025313";"156Â 410";"B01";"1";"33";"0";"2";"1";"1";"1";""
"202100025313";"156Â 411";"A01";"2";"7";"0";"2";"6";"6";"1";""
"202100025314";"156Â 409";"A01";"3";"7";"0";"1";"1";"26";"1";""
"202100025315";"156Â 407";"B01";"1";"34";"0";"2";"1";"1";"1";""
"202100025315";"156Â 408";"A01";"1";"7";"0";"2";"6";"26";"1";""
"202100025316";"156Â 405";"B01";"3";"7";"0";"2";"4";"1";"1";""
"202100025316";"156Â 406";"A01";"3";"7";"0";"2";"1";"2";"1";""
"202100025317";"156Â 403";"B01";"1";"7";"0";"2";"3";"1";"1";""
"202100025317";"156Â 404";"A01";"2";"7";"5";"2";"2";"14";"1";""
"202100025318";"156Â 401";"A01";"2";"7";"0";"2";"7";"13";"1";""
"202100025318";"156Â 402";"B01";"1";"15";"0";"2";"3";"1";"1";""
"202100025319";"156Â 399";"A01";"1";"1";"0";"2";"1";"1";"5";""
"202100025319";"156Â 400";"B01";"2";"33";"0";"9";"1";"1";"1";""
"202100025320";"156Â 398";"A01";"3";"10";"0";"1";"2";"1";"1";""
"202100025321";"156Â 396";"A01";"2";"7";"0";"2";"8";"16";"1";""
"202100025321";"156Â 397";"Y01";"3";"1";"0";"2";"1";"19";"5";""
"202100025322";"156Â 394";"B01";"2";"10";"0";"2";"6";"15";"1";""
"202100025322";"156Â 395";"A01";"2";"31";"0";"2";"2";"1";"1";""
"202100025323";"156Â 392";"B01";"1";"7";"0";"2";"1";"1";"1";""
"202100025323";"156Â 393";"A01";"1";"13";"0";"2";"7";"12";"1";""
"202100025324";"156Â 390";"B01";"2";"7";"0";"2";"4";"2";"1";""
"202100025324";"156Â 391";"A01";"2";"7";"0";"2";"1";"2";"1";""
"202100025325";"156Â 387";"A01";"2";"7";"0";"2";"1";"2";"1";""
"202100025325";"156Â 388";"B01";"2";"7";"0";"2";"4";"2";"1";""
"202100025325";"156Â 389";"Z01";"2";"7";"0";"2";"4";"2";"0";""
"202100025326";"156Â 385";"A01";"1";"10";"0";"2";"8";"11";"1";""
"202100025326";"156Â 386";"B01";"1";"33";"0";"2";"7";"1";"1";""
"202100025327";"156Â 383";"A01";"1";"80";"0";"2";"0";"1";"3";""
"202100025327";"156Â 384";"B01";"1";"7";"0";"2";"6";"22";"1";""
"202100025328";"156Â 381";"A01";"2";"10";"0";"2";"3";"18";"1";""
"202100025328";"156Â 382";"B01";"2";"30";"0";"2";"8";"1";"1";""
"202100025329";"156Â 379";"A01";"3";"30";"0";"2";"3";"17";"1";""
"202100025329";"156Â 380";"B01";"3";"7";"0";"2";"2";"15";"1";""
"202100025330";"156Â 377";"B01";"2";"7";"0";"2";"3";"1";"1";""
"202100025330";"156Â 378";"A01";"1";"30";"0";"2";"1";"5";"1";""
"202100025331";"156Â 375";"B01";"2";"1";"0";"2";"1";"1";"5";""
"202100025331";"156Â 376";"A01";"2";"7";"0";"2";"6";"1";"1";""
"202100025332";"156Â 373";"B01";"2";"7";"0";"2";"4";"2";"1";""
"202100025332";"156Â 374";"A01";"2";"7";"0";"2";"1";"2";"1";""
"202100025333";"156Â 370";"A01";"1";"7";"0";"2";"3";"13";"1";""
"202100025333";"156Â 371";"B01";"2";"7";"0";"2";"8";"2";"1";""
"202100025333";"156Â 372";"C01";"2";"7";"0";"2";"3";"2";"1";""
"202100025334";"156Â 369";"A01";"2";"7";"4";"0";"1";"13";"1";""
"202100025335";"156Â 367";"A01";"2";"7";"0";"2";"2";"16";"2";""
"202100025335";"156Â 368";"B01";"2";"1";"0";"2";"1";"1";"5";""
"202100025336";"156Â 365";"A01";"3";"7";"0";"2";"2";"15";"2";""
"202100025336";"156Â 366";"B01";"3";"33";"0";"2";"8";"1";"1";""
"202100025337";"156Â 364";"A01";"0";"7";"9";"0";"1";"14";"1";""
"202100025338";"156Â 363";"A01";"2";"1";"0";"1";"1";"21";"5";""
"202100025339";"156Â 361";"Z01";"2";"10";"0";"2";"0";"0";"1";""
"202100025339";"156Â 362";"B01";"2";"33";"0";"2";"7";"1";"1";""
"202100025340";"156Â 360";"Z01";"1";"37";"12";"0";"0";"26";"0";"2"
"202100025341";"156Â 358";"B01";"3";"7";"0";"2";"6";"23";"1";""
"202100025341";"156Â 359";"A01";"3";"10";"0";"2";"2";"12";"1";""
"202100025342";"156Â 357";"A01";"2";"7";"0";"1";"5";"1";"1";""
"202100025343";"156Â 355";"B01";"1";"7";"0";"2";"3";"1";"1";""
"202100025343";"156Â 356";"A01";"2";"10";"0";"2";"1";"19";"1";""
"202100025344";"156Â 353";"A01";"1";"33";"0";"0";"7";"1";"1";""
"202100025344";"156Â 354";"B01";"1";"10";"0";"0";"1";"9";"0";""
"202100025345";"156Â 351";"A01";"2";"7";"0";"2";"1";"1";"1";""
"202100025345";"156Â 352";"B01";"2";"30";"0";"2";"7";"1";"1";""
"202100025346";"156Â 349";"B01";"2";"7";"0";"2";"1";"1";"1";""
"202100025346";"156Â 350";"A01";"2";"50";"0";"2";"8";"15";"3";""
"202100025347";"156Â 348";"A01";"1";"7";"3";"1";"1";"5";"1";""
"202100025348";"156Â 347";"A01";"2";"16";"13";"0";"7";"1";"1";""
"202100025349";"156Â 345";"B01";"1";"2";"0";"2";"8";"1";"1";""
"202100025349";"156Â 346";"A01";"1";"7";"0";"2";"2";"19";"1";""
"202100025350";"156Â 343";"A01";"0";"33";"0";"2";"1";"1";"1";""
"202100025350";"156Â 344";"B01";"0";"7";"0";"0";"3";"20";"1";""
"202100025351";"156Â 341";"B01";"2";"7";"0";"2";"2";"1";"1";""
"202100025351";"156Â 342";"A01";"1";"7";"0";"2";"1";"13";"1";""
"202100025352";"156Â 339";"B01";"2";"7";"0";"2";"2";"1";"0";""
"202100025352";"156Â 340";"A01";"2";"7";"0";"2";"7";"11";"1";""
"202100025353";"156Â 338";"A01";"1";"10";"3";"0";"9";"1";"1";""
"202100025354";"156Â 337";"A01";"2";"33";"13";"0";"1";"0";"1";""
"202100025355";"156Â 336";"A01";"3";"36";"2";"0";"1";"1";"1";""
"202100025356";"156Â 334";"A01";"3";"7";"0";"2";"2";"16";"1";""
"202100025356";"156Â 335";"B01";"3";"7";"0";"2";"3";"1";"1";""
"202100025357";"156Â 333";"A01";"3";"7";"13";"0";"1";"0";"1";""
"202100025358";"156Â 332";"A01";"1";"33";"13";"0";"9";"1";"1";""
"202100025359";"156Â 331";"A01";"1";"7";"7";"0";"9";"0";"1";""
"202100025360";"156Â 328";"C01";"1";"7";"0";"2";"3";"2";"1";""
"202100025360";"156Â 329";"B01";"1";"7";"0";"2";"3";"1";"1";""
"202100025360";"156Â 330";"A01";"2";"7";"0";"2";"3";"13";"1";""
"202100025361";"156Â 326";"B01";"1";"1";"0";"2";"4";"1";"5";""
"202100025361";"156Â 327";"A01";"1";"1";"0";"2";"1";"2";"5";""
"202100025362";"156Â 325";"A01";"0";"36";"2";"0";"0";"2";"1";""
"202100025363";"156Â 323";"B01";"3";"2";"1";"2";"6";"24";"1";""
"202100025363";"156Â 324";"A01";"3";"2";"1";"2";"3";"20";"1";""
"202100025364";"156Â 321";"A01";"1";"7";"0";"2";"3";"13";"1";""
"202100025364";"156Â 322";"B01";"2";"33";"0";"2";"8";"1";"0";""
"202100025365";"156Â 320";"A01";"1";"10";"8";"0";"1";"1";"1";""
"202100025366";"156Â 319";"A01";"2";"33";"13";"0";"0";"1";"1";""
"202100025367";"156Â 318";"A01";"2";"7";"0";"6";"9";"21";"1";""
"202100025368";"156Â 316";"B01";"1";"21";"0";"0";"3";"15";"1";""
"202100025368";"156Â 317";"A01";"1";"43";"0";"2";"7";"17";"1";""
"202100025369";"156Â 315";"A01";"3";"7";"0";"1";"3";"1";"1";""
"202100025370";"156Â 313";"B01";"1";"10";"0";"2";"3";"1";"1";""
"202100025370";"156Â 314";"A01";"2";"10";"8";"0";"6";"15";"1";""
"202100025371";"156Â 308";"A01";"3";"7";"0";"2";"3";"9";"1";""
"202100025371";"156Â 309";"B01";"1";"7";"0";"2";"1";"1";"1";""
"202100025372";"156Â 307";"A01";"2";"7";"2";"0";"8";"1";"1";""
"202100025373";"156Â 304";"A01";"2";"10";"0";"2";"1";"13";"1";""
"202100025373";"156Â 305";"B01";"1";"7";"0";"2";"1";"15";"1";""
"202100025373";"156Â 306";"C01";"1";"7";"0";"2";"1";"1";"1";""
"202100025374";"156Â 302";"B01";"1";"10";"0";"2";"2";"1";"1";""
"202100025374";"156Â 303";"A01";"2";"7";"0";"2";"8";"19";"1";""
"202100025375";"156Â 301";"A01";"1";"7";"2";"0";"1";"13";"0";""
"202100025376";"156Â 296";"B01";"2";"15";"0";"2";"6";"1";"1";""
"202100025376";"156Â 297";"C01";"2";"7";"14";"0";"1";"1";"1";""
"202100025376";"156Â 298";"D01";"2";"10";"0";"2";"8";"1";"1";""
"202100025376";"156Â 299";"A01";"2";"7";"0";"2";"2";"2";"1";""
"202100025377";"156Â 295";"A01";"2";"7";"6";"0";"1";"0";"1";""
"202100025378";"156Â 294";"A01";"2";"3";"13";"0";"1";"1";"1";""
"202100025379";"156Â 290";"D01";"2";"7";"0";"2";"1";"2";"1";""
"202100025379";"156Â 291";"C01";"2";"15";"0";"2";"1";"2";"1";""
"202100025379";"156Â 292";"B01";"2";"7";"0";"2";"1";"1";"1";""
"202100025379";"156Â 293";"A01";"2";"15";"0";"0";"4";"1";"1";""
"202100025380";"156Â 288";"A01";"1";"7";"0";"2";"8";"15";"1";""
"202100025380";"156Â 289";"B01";"1";"33";"0";"2";"7";"15";"1";""
"202100025381";"156Â 287";"A01";"1";"33";"0";"0";"0";"13";"1";""
"202100025382";"156Â 286";"A01";"2";"7";"13";"0";"1";"1";"1";""
"202100025383";"156Â 285";"A01";"1";"14";"0";"0";"0";"0";"0";""
"202100025384";"156Â 283";"A01";"3";"7";"0";"0";"1";"5";"1";""
"202100025384";"156Â 284";"B01";"3";"33";"0";"0";"1";"1";"1";""
"202100025385";"156Â 281";"A01";"1";"17";"0";"2";"3";"2";"1";""
"202100025385";"156Â 282";"B01";"1";"7";"0";"0";"5";"2";"1";""
"202100025386";"156Â 279";"B01";"2";"7";"0";"2";"3";"1";"1";""
"202100025386";"156Â 280";"A01";"1";"7";"0";"2";"3";"1";"1";""
"202100025387";"156Â 277";"B01";"3";"21";"0";"2";"6";"1";"1";""
"202100025387";"156Â 278";"A01";"3";"33";"0";"2";"1";"1";"1";""
"202100025388";"156Â 276";"A01";"2";"33";"13";"0";"1";"2";"1";""
"202100025389";"156Â 274";"A01";"2";"31";"0";"2";"1";"1";"1";""
"202100025389";"156Â 275";"B01";"1";"10";"0";"2";"5";"15";"1";""
"202100025390";"156Â 273";"A01";"2";"33";"7";"0";"1";"1";"1";""
"202100025391";"156Â 271";"A01";"3";"7";"0";"2";"3";"9";"1";""
"202100025391";"156Â 272";"B01";"3";"1";"0";"2";"0";"1";"5";""
"202100025392";"156Â 269";"B01";"3";"7";"0";"2";"1";"1";"1";""
"202100025392";"156Â 270";"A01";"1";"7";"7";"2";"7";"1";"1";""
"202100025393";"156Â 267";"A01";"2";"7";"13";"0";"4";"2";"1";""
"202100025393";"156Â 268";"B01";"2";"7";"9";"2";"1";"2";"1";""
"202100025394";"156Â 266";"A01";"2";"33";"6";"0";"1";"1";"1";""
"202100025395";"156Â 264";"A01";"2";"7";"0";"2";"4";"2";"1";""
"202100025395";"156Â 265";"B01";"2";"7";"0";"2";"1";"2";"2";""
"202100025396";"156Â 258";"A01";"2";"7";"0";"2";"1";"1";"1";""
"202100025396";"156Â 259";"B01";"1";"7";"0";"2";"5";"5";"1";""
"202100025397";"156Â 256";"B01";"2";"31";"0";"2";"6";"1";"1";""
"202100025397";"156Â 257";"A01";"2";"7";"0";"2";"2";"17";"1";""
"202100025398";"156Â 255";"A01";"2";"10";"0";"0";"0";"20";"0";""
"202100025399";"156Â 254";"A01";"3";"33";"4";"0";"1";"1";"1";""
"202100025400";"156Â 251";"A01";"1";"7";"3";"9";"0";"0";"1";""
"202100025400";"156Â 252";"B01";"1";"15";"0";"2";"1";"2";"1";""
"202100025400";"156Â 253";"C01";"1";"7";"0";"2";"8";"2";"1";""
"202100025401";"156Â 249";"B01";"2";"7";"0";"2";"6";"4";"1";""
"202100025401";"156Â 250";"A01";"2";"10";"0";"2";"2";"1";"1";""
"202100025402";"156Â 248";"A01";"2";"7";"13";"9";"1";"9";"1";""
"202100025403";"156Â 246";"A01";"2";"7";"0";"2";"5";"2";"1";""
"202100025403";"156Â 247";"B01";"2";"33";"0";"2";"1";"2";"1";""
"202100025404";"156Â 245";"A01";"3";"33";"3";"0";"2";"26";"1";""
"202100025405";"156Â 244";"A01";"1";"7";"0";"0";"3";"1";"1";""
"202100025406";"156Â 243";"A01";"3";"1";"0";"0";"0";"26";"6";""
"202100025407";"156Â 241";"A01";"1";"30";"0";"1";"1";"26";"1";""
"202100025408";"156Â 240";"A01";"1";"7";"0";"1";"1";"1";"1";""
"202100025409";"156Â 238";"A01";"3";"7";"0";"9";"0";"0";"1";""
"202100025409";"156Â 239";"B01";"3";"1";"0";"2";"8";"1";"5";""
"202100025410";"156Â 236";"A01";"2";"7";"0";"2";"2";"16";"1";""
"202100025410";"156Â 237";"B01";"2";"33";"0";"2";"4";"23";"1";""
"202100025411";"156Â 235";"A01";"1";"10";"0";"1";"2";"1";"1";""