"Num_Acc";"id_vehicule";"num_veh";"senc";"catv";"obs";"obsm";"choc";"manv";"motor";"occutc"
"202100025412";"156Â 234";"A01";"3";"7";"0";"1";"2";"1";"3";""
"202100025413";"156Â 232";"B01";"1";"7";"0";"2";"3";"1";"1";""
"202100025413";"156Â 233";"A01";"2";"30";"0";"2";"3";"17";"1";""
"202100025414";"156Â 230";"A01";"1";"10";"0";"2";"2";"9";"1";""
"202100025414";"156Â 231";"B01";"1";"2";"0";"2";"6";"9";"1";""
"202100025415";"156Â 228";"A01";"0";"7";"0";"2";"3";"15";"1";""
"202100025415";"156Â 229";"B01";"1";"2";"0";"2";"3";"26";"1";""
"202100025416";"156Â 226";"B01";"3";"10";"0";"2";"5";"19";"1";""
"202100025416";"156Â 227";"A01";"3";"7";"0";"2";"1";"26";"1";""
"202100025417";"156Â 225";"A01";"1";"0";"0";"1";"0";"0";"0";""
"202100025418";"156Â 223";"A01";"1";"7";"0";"2";"8";"15";"1";""
"202100025418";"156Â 224";"B01";"1";"32";"0";"2";"1";"1";"1";""
"202100025419";"156Â 222";"A01";"1";"7";"0";"1";"2";"16";"1";""
"202100025420";"156Â 220";"A01";"3";"30";"0";"2";"3";"26";"1";""
"202100025420";"156Â 221";"B01";"1";"34";"0";"2";"1";"1";"1";""
"202100025421";"156Â 218";"B01";"2";"2";"0";"2";"1";"1";"1";""
"202100025421";"156Â 219";"A01";"1";"7";"0";"2";"3";"15";"1";""
"202100025422";"156Â 217";"A01";"3";"7";"0";"1";"3";"1";"1";""
"202100025423";"156Â 216";"A01";"1";"7";"13";"0";"9";"13";"1";""
"202100025424";"156Â 215";"A01";"1";"7";"8";"0";"1";"13";"1";""
"202100025425";"156Â 213";"A01";"2";"32";"0";"0";"1";"13";"1";""
"202100025426";"156Â 211";"A01";"3";"7";"0";"2";"3";"19";"1";""
"202100025426";"156Â 212";"B01";"0";"60";"0";"2";"1";"0";"5";""
"202100025427";"156Â 210";"A01";"2";"7";"0";"1";"3";"26";"1";""
"202100025428";"156Â 208";"B01";"1";"17";"0";"2";"5";"1";"1";""
"202100025428";"156Â 209";"A01";"3";"7";"0";"2";"3";"26";"1";""
"202100025429";"156Â 206";"A01";" -1";"7";"0";"0";"1";"19";"1";""
"202100025430";"156Â 205";"A01";"3";"7";"0";"1";"1";"19";"1";""
"202100025431";"156Â 204";"A01";"0";"2";"0";"0";"0";"1";"1";""
"202100025432";"156Â 203";"A01";"2";"7";"8";"0";"1";"14";"1";""
"202100025433";"156Â 201";"A01";"1";"7";"0";"2";"7";"12";"1";""
"202100025433";"156Â 202";"B01";"1";"7";"0";"2";"8";"16";"1";""
"202100025434";"156Â 199";"B01";"1";"7";"0";"2";"4";"1";"1";""
"202100025434";"156Â 200";"A01";"1";"7";"0";"2";"1";"1";"1";""
"202100025435";"156Â 197";"B01";"1";"7";"0";"2";"4";"1";"1";""
"202100025435";"156Â 198";"A01";"1";"7";"0";"2";"1";"1";"1";""
"202100025436";"156Â 196";"B01";"2";"1";"0";"1";"0";"26";"5";""
"202100025437";"156Â 194";"A01";"3";"10";"0";"2";"3";"15";"1";""
"202100025437";"156Â 195";"B01";"1";"31";"0";"2";"1";"1";"1";""
"202100025438";"156Â 191";"C01";"2";"7";"0";"2";"1";"1";"1";""
"202100025438";"156Â 192";"B01";"1";"10";"0";"2";"6";"2";"0";""
"202100025438";"156Â 193";"A01";"1";"33";"0";"2";"7";"17";"1";""
"202100025439";"156Â 190";"A01";"1";"7";"0";"1";"1";"26";"1";""
"202100025440";"156Â 189";"A01";"2";"7";"0";"1";"6";"21";"1";""
"202100025441";"156Â 187";"A01";"0";"7";"0";"2";"3";"15";"1";""
"202100025441";"156Â 188";"B01";"0";"2";"0";"2";"0";"17";"1";""
"202100025442";"156Â 186";"A01";"2";"7";"6";"0";"1";"15";"1";""
"202100025443";"156Â 184";"B01";"1";"7";"0";"2";"1";"1";"1";""
"202100025443";"156Â 185";"A01";"2";"7";"0";"2";"1";"13";"1";""
"202100025444";"156Â 182";"A01";"1";"1";"0";"2";"1";"1";"5";""
"202100025444";"156Â 183";"B01";"2";"1";"0";"2";"1";"13";"5";""
"202100025445";"156Â 181";"A01";"2";"7";"0";"1";"1";"12";"1";""
"202100025446";"156Â 180";"A01";"2";"7";"0";"1";"3";"1";"1";""
"202100025447";"156Â 178";"B01";"2";"30";"0";"2";"1";"1";"1";""
"202100025447";"156Â 179";"A01";"2";"7";"0";"2";"5";"1";"1";""
"202100025448";"156Â 177";"A01";"0";"7";"0";"1";"1";"0";"2";""
"202100025449";"156Â 175";"A01";"0";"31";"0";"2";"3";"18";"1";""
"202100025449";"156Â 176";"B01";"0";"7";"1";"2";"3";"26";"1";""
"202100025450";"156Â 174";"A01";"1";"32";"0";"0";"7";"1";"1";""
"202100025451";"156Â 172";"A01";"1";"7";"0";"2";"1";"2";"1";""
"202100025451";"156Â 173";"B01";"1";"31";"0";"0";"4";"1";"1";""
"202100025452";"156Â 170";"B01";"1";"7";"0";"2";"8";"9";"1";""
"202100025452";"156Â 171";"A01";"1";"2";"0";"2";"2";"18";"1";""
"202100025453";"156Â 168";"B01";"1";"7";"0";"2";"4";"23";"1";""
"202100025453";"156Â 169";"A01";"1";"7";"0";"2";"1";"1";"1";""
"202100025454";"156Â 166";"A01";"1";"10";"0";"2";"1";"26";"1";""
"202100025454";"156Â 167";"B01";"1";"7";"0";"9";"4";"0";"1";""
"202100025455";"156Â 164";"B01";"1";"7";"0";"2";"1";"16";"1";""
"202100025455";"156Â 165";"A01";"1";"7";"0";"2";"2";"1";"1";""
"202100025456";"156Â 163";"A01";"3";"33";"7";"0";"1";"1";"1";""
"202100025457";"156Â 161";"A01";"1";"7";"0";"2";"1";"1";"1";""
"202100025457";"156Â 162";"B01";"1";"7";"0";"2";"1";"1";"1";""
"202100025458";"156Â 159";"A01";"1";"7";"0";"2";"4";"23";"1";""
"202100025458";"156Â 160";"B01";"1";"2";"0";"2";"1";"2";"1";""
"202100025459";"156Â 157";"B01";"1";"7";"0";"2";"2";"2";"1";""
"202100025459";"156Â 158";"A01";"1";"33";"0";"2";"3";"2";"1";""
"202100025460";"156Â 156";"A01";"2";"7";"0";"1";"1";"1";"1";""
"202100025461";"156Â 154";"B01";"1";"7";"0";"0";"4";"2";"1";""
"202100025461";"156Â 155";"A01";"1";"7";"0";"2";"1";"2";"1";""
"202100025462";"156Â 152";"A01";"1";"32";"0";"2";"5";"15";"1";""
"202100025462";"156Â 153";"B01";"1";"10";"0";"2";"1";"16";"1";""
"202100025463";"156Â 149";"A01";"1";"7";"0";"2";"1";"2";"1";""
"202100025463";"156Â 150";"B01";"3";"7";"0";"2";"4";"2";"1";""
"202100025463";"156Â 151";"C01";"1";"7";"0";"0";"4";"2";"1";""
"202100025464";"156Â 147";"B01";"3";"7";"0";"2";"3";"15";"1";""
"202100025464";"156Â 148";"A01";"3";"33";"0";"2";"1";"17";"1";""
"202100025465";"156Â 146";"A01";"3";"7";"13";"0";"1";"5";"1";""
"202100025466";"156Â 144";"B01";"1";"50";"0";"2";"1";"1";"3";""
"202100025466";"156Â 145";"Z01";"2";"7";"0";"9";"1";"1";"1";""
"202100025467";"156Â 143";"Z01";"0";"7";"0";"1";"1";"1";"1";""
"202100025468";"156Â 142";"A01";"3";"7";"0";"1";"1";"1";"1";""
"202100025469";"156Â 140";"A01";"0";"7";"0";"2";"3";"15";"0";""
"202100025469";"156Â 141";"B01";"0";"50";"0";"2";"1";"0";"3";""
"202100025470";"156Â 139";"A01";"1";"33";"0";"0";"8";"1";"1";""
"202100025471";"156Â 137";"A01";"1";"7";"6";"2";"2";"13";"1";""
"202100025471";"156Â 138";"B01";"2";"10";"0";"2";"2";"1";"1";""
"202100025472";"156Â 135";"B01";"3";"1";"0";"2";"8";"5";"5";""
"202100025472";"156Â 136";"A01";"3";"7";"0";"2";"0";"1";"1";""
"202100025473";"156Â 134";"A01";"1";"3";"1";"0";"2";"14";"1";""
"202100025474";"156Â 132";"A01";"1";"10";"0";"2";"7";"1";"1";""
"202100025474";"156Â 133";"B01";"1";"2";"0";"2";"1";"19";"1";""
"202100025475";"156Â 130";"A01";"3";"7";"0";"2";"2";"14";"1";""
"202100025475";"156Â 131";"B01";"3";"1";"0";"2";"4";"1";"0";""
"202100025476";"156Â 128";"A01";"2";"7";"0";"1";"4";"2";"1";""
"202100025476";"156Â 129";"B01";"2";"7";"0";"2";"1";"2";"1";""
"202100025477";"156Â 126";"Z01";"1";"10";"0";"2";"5";"17";"1";""
"202100025477";"156Â 127";"A01";"1";"30";"0";"2";"8";"3";"1";""
"202100025478";"156Â 124";"B01";"1";"34";"0";"2";"1";"1";"1";""
"202100025478";"156Â 125";"A01";"2";"10";"0";"2";"2";"1";"1";""
"202100025479";"156Â 122";"A01";"2";"10";"0";"2";"5";"12";"1";""
"202100025479";"156Â 123";"B01";"2";"2";"0";"2";"1";"1";"1";""
"202100025480";"156Â 120";"A01";"1";"10";"0";"2";"5";"1";"1";""
"202100025480";"156Â 121";"B01";"1";"33";"0";"2";"5";"23";"1";""
"202100025481";"156Â 119";"Z01";"2";"50";"0";"1";"1";"1";"3";""
"202100025482";"156Â 117";"A01";"1";"7";"0";"2";"5";"14";"1";""
"202100025482";"156Â 118";"B01";"1";"30";"0";"2";"6";"1";"1";""
"202100025483";"156Â 115";"A01";"2";"37";"0";"2";"2";"7";"1";"3"
"202100025483";"156Â 116";"Z01";"2";"10";"0";"2";"3";"15";"1";""
"202100025484";"156Â 113";"B01";"1";"1";"0";"2";"8";"1";"5";""
"202100025484";"156Â 114";"A01";"3";"10";"0";"2";"8";"22";"1";""
"202100025485";"156Â 112";"A01";"1";"30";"0";"0";"0";"21";"1";""
"202100025486";"156Â 109";"A01";"2";"7";"0";"2";"1";"1";"1";""
"202100025486";"156Â 110";"B01";"2";"7";"0";"2";"4";"23";"1";""
"202100025486";"156Â 111";"C01";"2";"31";"0";"2";"4";"23";"1";""
"202100025487";"156Â 107";"A01";"1";"7";"0";"2";"2";"15";"1";""
"202100025487";"156Â 108";"B01";"2";"32";"0";"2";"1";"1";"1";""
"202100025488";"156Â 105";"B01";"2";"7";"0";"2";"1";"1";"1";""
"202100025488";"156Â 106";"A01";"2";"10";"0";"2";"2";"15";"1";""
"202100025489";"156Â 103";"B01";"2";"32";"0";"2";"8";"1";"1";""
"202100025489";"156Â 104";"A01";"2";"7";"0";"2";"2";"16";"1";""
"202100025490";"156Â 101";"B01";"1";"10";"0";"2";"4";"23";"1";""
"202100025490";"156Â 102";"A01";"1";"7";"0";"2";"1";"2";"1";""
"202100025491";"156Â 099";"B01";"1";"50";"0";"2";"8";"15";"3";""
"202100025491";"156Â 100";"A01";"2";"37";"0";"2";"3";"1";"1";"2"
"202100025492";"156Â 098";"A01";"1";"7";"0";"1";"3";"1";"1";""
"202100025493";"156Â 096";"B01";"2";"10";"0";"2";"2";"16";"1";""
"202100025493";"156Â 097";"A01";"2";"34";"0";"2";"3";"1";"1";""
"202100025494";"156Â 094";"B01";"1";"7";"0";"2";"2";"1";"1";""
"202100025494";"156Â 095";"A01";"1";"7";"0";"2";"3";"17";"1";""
"202100025495";"156Â 092";"B01";"2";"30";"14";"2";"2";"17";"1";""
"202100025495";"156Â 093";"A01";"1";"7";"14";"2";"8";"10";"1";""
"202100025496";"156Â 090";"B01";"3";"10";"0";"2";"1";"1";"1";""
"202100025496";"156Â 091";"A01";"3";"7";"0";"2";"8";"10";"1";""
"202100025497";"156Â 088";"B01";"0";"7";"0";"2";"3";"15";"1";""
"202100025497";"156Â 089";"A01";"0";"33";"0";"2";"1";"2";"1";""
"202100025498";"156Â 086";"A01";"1";"7";"0";"2";"5";"15";"1";""
"202100025498";"156Â 087";"B01";"2";"43";"0";"2";"3";"1";"1";""
"202100025499";"156Â 084";"A01";"2";"10";"0";"2";"1";"1";"1";""
"202100025499";"156Â 085";"B01";"2";"7";"0";"2";"3";"1";"2";""
"202100025500";"156Â 082";"B01";"1";"50";"0";"2";"6";"2";"3";""
"202100025500";"156Â 083";"A01";"1";"7";"0";"9";"2";"2";"2";""
"202100025501";"156Â 081";"A01";"0";"14";"0";"1";"7";"16";"1";""
"202100025502";"156Â 080";"A01";"2";"7";"1";"0";"2";"14";"0";""
"202100025503";"156Â 079";"Z01";"1";"7";"0";"1";"2";"1";"1";""
"202100025504";"156Â 078";"A01";"1";"7";"6";"0";"7";"26";"1";""
"202100025505";"156Â 076";"B01";"3";"7";"13";"0";"8";"1";"1";""
"202100025505";"156Â 077";"A01";"3";"10";"13";"2";"1";"19";"1";""
"202100025506";"156Â 075";"A01";"0";"1";"0";"0";"0";"1";"6";""
"202100025507";"156Â 073";"A01";"0";"7";"0";"2";"1";"19";"1";""
"202100025507";"156Â 074";"B01";"0";"2";"0";"2";"3";"1";"1";""
"202100025508";"156Â 072";"A01";"0";"33";"0";"0";"7";"2";"1";""
"202100025509";"156Â 070";"A01";"1";"7";"0";"2";"7";"1";"1";""
"202100025509";"156Â 071";"B01";"1";"17";"0";"2";"6";"1";"1";""
"202100025510";"156Â 069";"A01";"1";"7";"2";"0";"2";"14";"1";""
"202100025511";"156Â 068";"A01";"1";"7";"15";"9";"2";"1";"1";""
"202100025512";"156Â 067";"A01";"2";"7";"10";"0";"2";"2";"1";""
"202100025513";"156Â 065";"B01";"1";"7";"0";"2";"1";"1";"1";""
"202100025513";"156Â 066";"A01";"1";"7";"0";"0";"4";"1";"1";""
"202100025514";"156Â 063";"A01";"3";"7";"1";"0";"2";"17";"1";""
"202100025514";"156Â 064";"B01";"3";"10";"0";"0";"6";"23";"1";""
"202100025515";"156Â 061";"B01";"1";"7";"0";"2";"1";"13";"1";""
"202100025515";"156Â 062";"A01";"2";"17";"0";"2";"3";"1";"1";""
"202100025516";"156Â 060";"A01";"2";"2";"0";"1";"1";"17";"1";""
"202100025517";"156Â 058";"B01";"3";"7";"0";"2";"2";"1";"1";""
"202100025517";"156Â 059";"A01";"3";"7";"0";"2";"3";"9";"1";""
"202100025518";"156Â 057";"A01";"1";"7";"2";"0";"1";"1";"1";""
"202100025519";"156Â 055";"A01";"1";"33";"0";"2";"1";"1";"1";""
"202100025519";"156Â 056";"B01";"1";"7";"0";"2";"2";"19";"1";""
"202100025520";"156Â 053";"A01";"1";"2";"0";"2";"3";"1";"1";""
"202100025520";"156Â 054";"B01";"2";"21";"0";"2";"3";"1";"1";""
"202100025521";"156Â 051";"A01";"1";"7";"0";"2";"0";"17";"1";""
"202100025521";"156Â 052";"B01";"1";"33";"0";"0";"9";"17";"1";""
"202100025522";"156Â 048";"C01";"2";"7";"0";"2";"8";"2";"1";""
"202100025522";"156Â 049";"B01";"1";"7";"0";"2";"8";"1";"1";""
"202100025522";"156Â 050";"A01";"2";"7";"0";"2";"7";"15";"1";""
"202100025523";"156Â 047";"A01";"1";"7";"15";"0";"9";"1";"1";""
"202100025524";"156Â 045";"A01";"1";"7";"0";"2";"2";"1";"1";""
"202100025524";"156Â 046";"B01";"2";"10";"3";"2";"3";"1";"1";""
"202100025525";"156Â 043";"B01";"2";"16";"0";"2";"8";"15";"1";""
"202100025525";"156Â 044";"A01";"2";"10";"0";"2";"1";"17";"1";""
"202100025526";"156Â 041";"B01";"1";"7";"0";"2";"0";"1";"1";""
"202100025526";"156Â 042";"A01";"1";"7";"0";"2";"3";"13";"1";""
"202100025527";"156Â 039";"B01";"1";"7";"0";"2";"3";"24";"1";""
"202100025527";"156Â 040";"A01";"1";"33";"1";"0";"1";"1";"1";""
"202100025528";"156Â 037";"B01";"3";"7";"0";"9";"1";"1";"1";""
"202100025528";"156Â 038";"A01";"3";"80";"0";"2";"2";"1";"3";""
"202100025529";"156Â 036";"A01";"1";"32";"0";"0";"7";"16";"1";""
"202100025530";"156Â 035";"A01";"1";"33";"0";"0";"1";"0";"1";""
"202100025531";"156Â 034";"A01";"2";"7";"13";"0";"1";"21";"1";""
"202100025532";"156Â 033";"A01";"2";"1";"0";"0";"0";"1";"5";""
"202100025533";"156Â 032";"A01";"1";"33";"15";"0";"2";"1";"1";""
"202100025534";"156Â 031";"A01";"2";"7";"13";"0";"1";"1";"1";""
"202100025535";"156Â 030";"A01";"2";"14";"6";"0";"1";"21";"1";""
"202100025536";"156Â 028";"A01";"1";"7";"0";"0";"7";"13";"1";""
"202100025536";"156Â 029";"B01";"2";"7";"0";"2";"2";"1";"1";""
"202100025537";"156Â 026";"B01";"1";"7";"7";"2";"1";"1";"1";""
"202100025537";"156Â 027";"A01";"1";"10";"0";"2";"7";"9";"1";""
"202100025538";"156Â 024";"B01";"2";"2";"0";"2";"1";"1";"1";""
"202100025538";"156Â 025";"A01";"2";"7";"0";"2";"8";"9";"1";""
"202100025539";"156Â 022";"B01";"0";"1";"8";"0";"4";"19";"5";""
"202100025539";"156Â 023";"A01";"1";"7";"0";"9";"2";"0";"1";""
"202100025540";"156Â 020";"A01";"1";"10";"0";"2";"1";"2";"1";""
"202100025540";"156Â 021";"B01";"1";"7";"3";"0";"4";"2";"1";""
"202100025541";"156Â 019";"A01";"2";"33";"3";"0";"7";"1";"1";""
"202100025542";"156Â 017";"A01";"2";"7";"0";"2";"2";"12";"1";""
"202100025542";"156Â 018";"B01";"2";"7";"0";"2";"6";"1";"1";""
"202100025543";"156Â 016";"A01";"1";"17";"2";"0";"1";"1";"1";""
"202100025544";"156Â 014";"A01";"1";"7";"0";"2";"3";"13";"1";""
"202100025544";"156Â 015";"B01";"2";"14";"0";"2";"3";"14";"1";""
"202100025545";"156Â 012";"B01";"3";"7";"0";"2";"1";"1";"1";""
"202100025545";"156Â 013";"A01";"3";"7";"0";"2";"1";"13";"1";""
"202100025546";"156Â 009";"A01";"2";"10";"0";"9";"2";"15";"0";""
"202100025546";"156Â 010";"B01";"1";"1";"0";"2";"1";"0";"5";""
"202100025546";"156Â 011";"C01";"1";"1";"0";"2";"1";"1";"5";""
"202100025547";"156Â 008";"A01";"1";"33";"0";"0";"0";"0";"1";""
"202100025548";"156Â 007";"A01";"1";"32";"0";"0";"8";"1";"1";""
"202100025549";"156Â 005";"A01";"1";"7";"0";"2";"3";"15";"1";""
"202100025549";"156Â 006";"B01";"2";"33";"0";"2";"8";"1";"1";""
"202100025550";"156Â 004";"A01";"1";"7";"0";"1";"2";"17";"1";""
"202100025551";"156Â 003";"A01";"2";"1";"0";"0";"0";"17";"5";""
"202100025552";"156Â 000";"A01";"2";"7";"9";"0";"1";"21";"1";""
"202100025553";"155Â 999";"A01";"2";"7";"6";"0";"3";"14";"1";""
"202100025554";"155Â 997";"A01";"2";"33";"0";"2";"1";"1";"1";""
"202100025554";"155Â 998";"B01";"3";"7";"0";"2";"1";"15";"1";""
"202100025555";"155Â 995";"B01";"2";"7";"0";"2";"2";"15";"1";""
"202100025555";"155Â 996";"A01";"1";"33";"0";"2";"1";"16";"1";""
"202100025556";"155Â 993";"B01";"1";"33";"0";"0";"7";"17";"1";""
"202100025556";"155Â 994";"A01";"1";"7";"0";"0";"3";"15";"1";""
"202100025557";"155Â 992";"A01";"0";"2";"0";"0";"0";"0";"1";""
"202100025558";"155Â 989";"B01";"2";"1";"0";"0";"1";"19";"5";""
"202100025558";"155Â 990";"A01";"1";"7";"0";"0";"8";"1";"1";""
"202100025559";"155Â 987";"B01";"2";"33";"0";"2";"0";"21";"1";""
"202100025559";"155Â 988";"A01";"2";"7";"0";"2";"5";"1";"1";""
"202100025560";"155Â 986";"A01";"2";"7";"4";"0";"3";"14";"1";""
"202100025561";"155Â 984";"A01";"2";"7";"0";"2";"4";"1";"1";""
"202100025561";"155Â 985";"B01";"2";"7";"0";"2";"1";"2";"1";""
"202100025562";"155Â 982";"A01";"1";"7";"0";"2";"4";"21";"2";""
"202100025562";"155Â 983";"B01";"1";"7";"0";"2";"4";"1";"1";""
"202100025563";"155Â 979";"B01";"1";"17";"0";"2";"9";"2";"1";""
"202100025563";"155Â 980";"C01";"1";"7";"0";"2";"5";"2";"1";""
"202100025563";"155Â 981";"A01";"1";"7";"0";"2";"6";"13";"1";""
"202100025564";"155Â 977";"B01";"2";"33";"0";"2";"3";"3";"1";""
"202100025564";"155Â 978";"A01";"2";"7";"0";"2";"5";"12";"1";""
"202100025565";"155Â 975";"A01";"1";"7";"0";"2";"4";"2";"1";""
"202100025565";"155Â 976";"B01";"1";"33";"0";"2";"1";"2";"1";""
"202100025566";"155Â 972";"C01";"1";"14";"0";"2";"4";"2";"1";""
"202100025566";"155Â 973";"A01";"1";"14";"0";"2";"3";"2";"1";""
"202100025566";"155Â 974";"B01";"1";"7";"0";"2";"2";"2";"1";""
"202100025567";"155Â 970";"A01";"1";"7";"0";"2";"0";"0";"0";""
"202100025567";"155Â 971";"B01";"1";"7";"0";"2";"0";"0";"0";""
"202100025568";"155Â 969";"A01";"1";"7";"0";"2";"9";"1";"1";""
"202100025569";"155Â 968";"A01";"3";"7";"0";"1";"3";"1";"1";""
"202100025570";"155Â 966";"A01";"1";"1";"0";"2";"4";"1";"5";""
"202100025570";"155Â 967";"Z01";"1";"7";"0";"2";"1";"2";"1";""
"202100025571";"155Â 965";"A01";"1";"7";"0";"1";"2";"1";"1";""
"202100025572";"155Â 964";"A01";"1";"7";"0";"1";"2";"14";"1";""
"202100025573";"155Â 962";"A01";"2";"7";"0";"2";"3";"13";"1";""
"202100025573";"155Â 963";"B01";"1";"7";"8";"2";"3";"1";"1";""
"202100025574";"155Â 960";"B01";"3";"2";"0";"2";"8";"3";"1";""
"202100025574";"155Â 961";"A01";"3";"7";"0";"2";"6";"1";"1";""
"202100025575";"155Â 958";"A01";"2";"7";"0";"2";"8";"9";"1";""
"202100025575";"155Â 959";"B01";"1";"7";"0";"2";"3";"1";"1";""
"202100025576";"155Â 957";"A01";"1";"7";"0";"1";"1";"19";"1";""
"202100025577";"155Â 955";"B01";"1";"7";"0";"2";"8";"1";"1";""
"202100025577";"155Â 956";"A01";"1";"14";"0";"2";"2";"14";"1";""
"202100025578";"155Â 953";"B01";"1";"7";"0";"2";"8";"1";"1";""
"202100025578";"155Â 954";"A01";"1";"15";"0";"2";"5";"12";"1";""
"202100025579";"155Â 952";"A01";"0";"7";"0";"1";"2";"1";"1";""
"202100025580";"155Â 951";"A01";"2";"7";"0";"1";"1";"15";"1";""
"202100025581";"155Â 950";"A01";"3";"7";"3";"0";"1";"26";"1";""
"202100025582";"155Â 949";"A01";"2";"7";"8";"0";"1";"1";"1";""
"202100025583";"155Â 947";"B01";"2";"7";"0";"2";"7";"1";"1";""
"202100025583";"155Â 948";"A01";"1";"30";"0";"2";"8";"13";"1";""
"202100025584";"155Â 946";"A01";"3";"34";"6";"0";"1";"0";"1";""
"202100025585";"155Â 944";"A01";"1";"7";"0";"2";"8";"9";"1";""
"202100025585";"155Â 945";"B01";"1";"33";"0";"2";"1";"3";"1";""
"202100025586";"155Â 943";"A01";"1";"32";"0";"1";"1";"9";"1";""
"202100025587";"155Â 942";"A01";"2";"7";"0";"2";"8";"2";"1";""
"202100025588";"155Â 941";"A01";"1";"7";"4";"0";"1";"1";"1";""
"202100025589";"155Â 939";"B01";"2";"7";"0";"2";"1";"1";"1";""
"202100025589";"155Â 940";"A01";"2";"33";"0";"2";"8";"16";"1";""
"202100025590";"155Â 938";"A01";"2";"1";"0";"0";"7";"1";"5";""
"202100025591";"155Â 935";"C01";"2";"7";"0";"2";"1";"23";"1";""
"202100025591";"155Â 936";"A01";"2";"7";"0";"2";"2";"15";"1";""
"202100025591";"155Â 937";"B01";"1";"7";"0";"2";"1";"1";"1";""
"202100025592";"155Â 933";"B01";"0";"7";"0";"2";"3";"1";"1";""
"202100025592";"155Â 934";"A01";"0";"7";"0";"2";"3";"1";"1";""
"202100025593";"155Â 932";"A01";"2";"7";"2";"0";"1";"14";"1";""
"202100025594";"155Â 931";"A01";"1";"7";"0";"1";"1";"9";"0";""
"202100025595";"155Â 930";"A01";"1";"43";"3";"0";"2";"14";"1";""
"202100025596";"155Â 929";"A01";"1";"7";"9";"0";"0";"14";"1";""
"202100025597";"155Â 927";"B01";"2";"1";"0";"2";"3";"1";"5";""
"202100025597";"155Â 928";"A01";"1";"7";"0";"2";"1";"15";"2";""
"202100025598";"155Â 926";"A01";"1";"7";"0";"1";"2";"1";"1";""
"202100025599";"155Â 924";"B01";"2";"30";"0";"2";"1";"1";"1";""
"202100025599";"155Â 925";"A01";"1";"7";"0";"2";"2";"15";"1";""
"202100025600";"155Â 923";"A01";"2";"10";"8";"0";"1";"1";"1";""
"202100025601";"155Â 922";"A01";"1";"33";"16";"0";"0";"15";"1";""
"202100025602";"155Â 920";"A01";"3";"7";"0";"2";"2";"19";"1";""
"202100025602";"155Â 921";"B01";"3";"30";"0";"2";"1";"18";"1";""
"202100025603";"155Â 918";"B01";"3";"2";"0";"2";"3";"1";"1";""
"202100025603";"155Â 919";"A01";"3";"7";"0";"2";"7";"16";"1";""
"202100025604";"155Â 917";"A01";"0";"7";"8";"0";"1";"1";"0";""
"202100025605";"155Â 916";"A01";"2";"3";"1";"0";"1";"13";"1";""
"202100025606";"155Â 914";"A01";"3";"7";"0";"2";"1";"15";"1";""
"202100025606";"155Â 915";"B01";"3";"1";"0";"2";"8";"19";"0";""
"202100025607";"155Â 913";"A01";"1";"30";"12";"0";"8";"13";"1";""
"202100025608";"155Â 912";"A01";"3";"7";"12";"0";"1";"15";"1";""
"202100025609";"155Â 910";"A01";"1";"32";"0";"2";"5";"18";"1";""
"202100025609";"155Â 911";"B01";"1";"7";"0";"2";"5";"1";"1";""
"202100025610";"155Â 908";"Z01";"2";"7";"0";"2";"0";"15";"1";""
"202100025610";"155Â 909";"B01";"1";"30";"0";"2";"0";"1";"1";""
"202100025611";"155Â 906";"A01";"3";"2";"0";"2";"3";"1";"1";""
"202100025611";"155Â 907";"B01";"3";"7";"0";"2";"2";"16";"1";""
"202100025612";"155Â 904";"A01";"2";"7";"0";"0";"0";"26";"1";""
"202100025612";"155Â 905";"B01";"2";"2";"14";"0";"0";"1";"1";""
"202100025613";"155Â 902";"A01";"3";"7";"1";"0";"1";"1";"1";""
"202100025613";"155Â 903";"B01";"3";"7";"0";"2";"6";"24";"2";""
"202100025614";"155Â 898";"A01";"2";"7";"0";"2";"3";"22";"1";""
"202100025614";"155Â 899";"B01";"2";"1";"1";"0";"7";"1";"5";""
"202100025615";"155Â 897";"A01";"3";"7";"0";"0";"9";"26";"1";""
"202100025616";"155Â 895";"B01";"3";"15";"0";"2";"4";"2";"1";""
"202100025616";"155Â 896";"A01";"3";"10";"0";"2";"1";"2";"1";""
"202100025617";"155Â 893";"B01";"1";"2";"0";"2";"1";"0";"1";""
"202100025617";"155Â 894";"A01";"1";"7";"0";"2";"4";"16";"1";""
"202100025618";"155Â 891";"A01";"2";"30";"0";"2";"1";"1";"1";""
"202100025618";"155Â 892";"B01";"2";"7";"0";"2";"6";"0";"1";""
"202100025619";"155Â 889";"B01";"1";"7";"0";"2";"2";"19";"1";""
"202100025619";"155Â 890";"A01";"1";"7";"0";"2";"1";"1";"1";""
"202100025620";"155Â 887";"B01";"1";"7";"0";"2";"8";"15";"1";""
"202100025620";"155Â 888";"A01";"2";"10";"0";"2";"1";"1";"1";""
"202100025621";"155Â 886";"A01";"3";"7";"0";"1";"2";"11";"0";""
"202100025622";"155Â 885";"A01";"3";"7";"0";"1";"8";"1";"1";""
"202100025623";"155Â 883";"B01";"2";"2";"0";"2";"8";"1";"1";""
"202100025623";"155Â 884";"A01";"2";"7";"0";"2";"7";"16";"1";""
"202100025624";"155Â 882";"A01";"1";"7";"15";"0";"1";"21";"1";""
"202100025625";"155Â 880";"A01";"3";"10";"0";"2";"8";"1";"1";""
"202100025625";"155Â 881";"B01";"3";"33";"0";"2";"7";"15";"1";""