"Num_Acc";"id_vehicule";"num_veh";"senc";"catv";"obs";"obsm";"choc";"manv";"motor";"occutc"
"202100025626";"155Â 878";"A01";"1";"32";"0";"2";"7";"12";"1";""
"202100025626";"155Â 879";"B01";"1";"33";"0";"2";"8";"3";"1";""
"202100025627";"155Â 877";"A01";"1";"33";"0";"0";"7";"14";"1";""
"202100025628";"155Â 875";"B01";"1";"10";"0";"2";"6";"23";"1";""
"202100025628";"155Â 876";"A01";"1";"7";"1";"2";"2";"1";"1";""
"202100025629";"155Â 873";"B01";"1";"7";"0";"2";"2";"1";"2";""
"202100025629";"155Â 874";"A01";"1";"30";"0";"2";"6";"3";"1";""
"202100025630";"155Â 872";"A01";"1";"7";"0";"1";"2";"1";"1";""
"202100025631";"155Â 870";"A01";"1";"10";"0";"2";"1";"2";"1";""
"202100025631";"155Â 871";"B01";"1";"10";"0";"9";"4";"1";"1";""
"202100025632";"155Â 868";"A01";"1";"30";"0";"2";"1";"17";"1";""
"202100025632";"155Â 869";"B01";"1";"7";"0";"2";"6";"15";"1";""
"202100025633";"155Â 867";"Z01";"2";"7";"0";"1";"1";"1";"0";""
"202100025634";"155Â 865";"B01";"1";"34";"0";"2";"0";"0";"1";""
"202100025634";"155Â 866";"A01";"1";"7";"0";"2";"7";"19";"1";""
"202100025635";"155Â 863";"B01";"2";"33";"0";"2";"1";"1";"1";""
"202100025635";"155Â 864";"A01";"0";"7";"0";"2";"6";"19";"1";""
"202100025636";"155Â 861";"B01";"2";"7";"0";"9";"6";"23";"1";""
"202100025636";"155Â 862";"A01";"2";"33";"0";"2";"1";"7";"1";""
"202100025637";"155Â 859";"A01";"2";"7";"0";"2";"6";"15";"1";""
"202100025637";"155Â 860";"B01";"2";"31";"0";"2";"1";"1";"1";""
"202100025638";"155Â 857";"B01";"2";"40";"0";"2";"1";"1";"3";""
"202100025638";"155Â 858";"A01";"2";"7";"0";"4";"7";"15";"1";""
"202100025639";"155Â 855";"A01";"2";"7";"0";"2";"0";"0";"1";""
"202100025639";"155Â 856";"B01";"2";"2";"0";"2";"1";"1";"1";""
"202100025640";"155Â 853";"A01";"0";"7";"0";"1";"1";"11";"1";""
"202100025641";"155Â 851";"A01";"1";"7";"0";"2";"7";"15";"1";""
"202100025641";"155Â 852";"B01";"2";"33";"0";"2";"1";"2";"1";""
"202100025642";"155Â 849";"A01";"1";"30";"0";"2";"1";"1";"0";""
"202100025642";"155Â 850";"B01";"1";"30";"0";"2";"1";"1";"0";""
"202100025643";"155Â 847";"B01";"1";"7";"0";"2";"3";"1";"1";""
"202100025643";"155Â 848";"A01";"2";"7";"0";"2";"1";"15";"1";""
"202100025644";"155Â 845";"A01";"1";"3";"0";"2";"1";"9";"1";""
"202100025644";"155Â 846";"B01";"1";"50";"0";"2";"2";"2";"3";""
"202100025645";"155Â 843";"B01";"1";"2";"1";"2";"4";"1";"1";""
"202100025645";"155Â 844";"A01";"1";"7";"0";"2";"1";"1";"1";""
"202100025646";"155Â 841";"A01";"2";"10";"0";"2";"2";"15";"1";""
"202100025646";"155Â 842";"B01";"1";"32";"0";"2";"1";"1";"1";""
"202100025647";"155Â 840";"A01";"2";"2";"6";"0";"1";"0";"1";""
"202100025648";"155Â 838";"B01";"1";"10";"0";"2";"3";"1";"1";""
"202100025648";"155Â 839";"A01";"2";"7";"0";"2";"3";"1";"1";""
"202100025649";"155Â 835";"B01";"1";"7";"0";"2";"3";"1";"1";""
"202100025649";"155Â 836";"A01";"2";"7";"0";"2";"1";"1";"1";""
"202100025649";"155Â 837";"C01";"1";"7";"0";"2";"1";"1";"1";""
"202100025650";"155Â 833";"B01";"1";"7";"0";"2";"1";"13";"1";""
"202100025650";"155Â 834";"A01";"2";"7";"0";"2";"1";"1";"1";""
"202100025651";"155Â 831";"A01";"1";"7";"0";"2";"3";"13";"1";""
"202100025651";"155Â 832";"B01";"2";"33";"0";"2";"1";"1";"1";""
"202100025652";"155Â 829";"A01";"1";"7";"0";"2";"3";"10";"1";""
"202100025652";"155Â 830";"B01";"1";"33";"0";"2";"1";"17";"1";""
"202100025653";"155Â 828";"A01";"2";"7";"4";"0";"0";"0";"1";""
"202100025654";"155Â 825";"A01";"2";"10";"0";"2";"1";"2";"1";""
"202100025654";"155Â 826";"B01";"2";"7";"0";"2";"4";"2";"1";""
"202100025654";"155Â 827";"C01";"2";"7";"0";"0";"4";"2";"1";""
"202100025655";"155Â 823";"B01";"1";"7";"0";"2";"3";"1";"1";""
"202100025655";"155Â 824";"A01";"1";"7";"0";"2";"1";"15";"2";""
"202100025656";"155Â 819";"D01";"1";"7";"0";"0";"0";"16";"1";""
"202100025656";"155Â 820";"C01";"1";"7";"0";"2";"6";"2";"1";""
"202100025656";"155Â 821";"B01";"2";"7";"0";"2";"3";"5";"1";""
"202100025656";"155Â 822";"A01";"1";"33";"0";"2";"1";"2";"1";""
"202100025657";"155Â 817";"A01";"1";"7";"0";"2";"3";"15";"0";""
"202100025657";"155Â 818";"B01";"1";"30";"0";"2";"1";"1";"1";""
"202100025658";"155Â 816";"A01";"2";"1";"0";"0";"0";"1";"5";""
"202100025659";"155Â 814";"A01";"1";"1";"0";"2";"0";"1";"5";""
"202100025659";"155Â 815";"B01";"1";"7";"0";"2";"0";"18";"1";""
"202100025660";"155Â 812";"B01";"1";"7";"0";"2";"8";"16";"1";""
"202100025660";"155Â 813";"A01";"2";"7";"0";"2";"3";"13";"1";""
"202100025661";"155Â 810";"B01";"0";"7";"0";"2";"1";"15";"1";""
"202100025661";"155Â 811";"A01";"2";"7";"0";"2";"1";"1";"1";""
"202100025662";"155Â 809";"A01";"2";"7";"2";"0";"2";"1";"1";""
"202100025663";"155Â 807";"B01";"1";"7";"0";"2";"1";"1";"1";""
"202100025663";"155Â 808";"A01";"1";"7";"0";"2";"3";"19";"1";""
"202100025664";"155Â 804";"A01";"1";"33";"15";"0";"8";"13";"1";""
"202100025665";"155Â 803";"A01";"3";"33";"3";"0";"3";"1";"1";""
"202100025666";"155Â 801";"B01";"2";"1";"0";"2";"7";"1";"5";""
"202100025666";"155Â 802";"A01";"1";"10";"0";"2";"8";"15";"0";""
"202100025667";"155Â 799";"A01";"1";"15";"0";"2";"3";"15";"1";""
"202100025667";"155Â 800";"B01";"2";"7";"0";"2";"2";"1";"1";""
"202100025668";"155Â 798";"A01";"1";"7";"2";"0";"2";"1";"1";""
"202100025669";"155Â 796";"A01";"1";"7";"0";"2";"1";"17";"1";""
"202100025669";"155Â 797";"B01";"1";"7";"0";"0";"6";"15";"1";""
"202100025670";"155Â 794";"B01";"2";"7";"0";"2";"1";"1";"1";""
"202100025670";"155Â 795";"A01";"1";"7";"0";"2";"1";"13";"1";""
"202100025671";"155Â 792";"B01";"2";"7";"0";"0";"7";"15";"1";""
"202100025671";"155Â 793";"A01";"1";"7";"0";"2";"1";"1";"1";""
"202100025672";"155Â 791";"A01";"1";"10";"2";"0";"3";"16";"1";""
"202100025673";"155Â 788";"B01";"0";"0";"0";"0";"2";"2";"0";""
"202100025673";"155Â 789";"A01";"0";"2";"0";"2";"4";"2";"1";""
"202100025674";"155Â 787";"A01";"3";"33";"0";"0";"7";"1";"1";""
"202100025675";"155Â 786";"A01";"1";"7";"0";"1";"2";"1";"1";""
"202100025676";"155Â 785";"A01";"2";"7";"0";"1";"2";"2";"1";""
"202100025677";"155Â 784";"A01";"2";"7";"10";"0";"1";"1";"1";""
"202100025678";"155Â 783";"A01";"3";"33";"15";"0";"1";"17";"1";""
"202100025679";"155Â 782";"A01";"2";"43";"4";"0";"3";"13";"1";""
"202100025680";"155Â 781";"A01";"2";"10";"3";"0";"7";"1";"1";""
"202100025681";"155Â 779";"A01";"2";"7";"0";"2";"5";"0";"0";""
"202100025681";"155Â 780";"B01";"2";"7";"0";"2";"1";"0";"1";""
"202100025682";"155Â 778";"A01";"1";"10";"2";"0";"1";"1";"1";""
"202100025683";"155Â 776";"B01";"1";"10";"0";"0";"0";"15";"1";""
"202100025683";"155Â 777";"A01";"2";"1";"0";"0";"0";"1";"5";""
"202100025684";"155Â 774";"B01";"1";"7";"0";"2";"1";"1";"1";""
"202100025684";"155Â 775";"A01";"1";"7";"3";"2";"7";"13";"1";""
"202100025685";"155Â 773";"A01";"1";"10";"2";"0";"2";"1";"1";""
"202100025686";"155Â 771";"B01";"1";"17";"0";"0";"4";"23";"1";""
"202100025686";"155Â 772";"A01";"1";"17";"0";"0";"1";"2";"1";""
"202100025687";"155Â 769";"A01";"1";"7";"0";"4";"3";"15";"1";""
"202100025687";"155Â 770";"B01";"1";"39";"0";"2";"2";"1";"1";""
"202100025688";"155Â 768";"A01";"1";"7";"2";"0";"1";"1";"1";""
"202100025689";"155Â 766";"B01";"2";"33";"12";"2";"0";"9";"1";""
"202100025689";"155Â 767";"A01";"1";"7";"0";"2";"3";"9";"1";""
"202100025690";"155Â 764";"B01";"1";"2";"0";"2";"2";"1";"1";""
"202100025690";"155Â 765";"A01";"3";"7";"0";"2";"3";"9";"1";""
"202100025691";"155Â 763";"A01";"2";"7";"13";"0";"1";"6";"1";""
"202100025692";"155Â 761";"B01";"1";"7";"0";"2";"3";"1";"1";""
"202100025692";"155Â 762";"A01";"1";"7";"0";"2";"1";"1";"1";""
"202100025693";"155Â 760";"A01";"3";"2";"9";"0";"3";"14";"1";""
"202100025694";"155Â 759";"A01";"2";"7";"13";"0";"1";"1";"1";""
"202100025695";"155Â 756";"C01";"2";"7";"0";"2";"6";"1";"1";""
"202100025695";"155Â 757";"B01";"2";"34";"0";"2";"4";"3";"1";""
"202100025695";"155Â 758";"A01";"2";"7";"0";"2";"1";"14";"0";""
"202100025696";"155Â 754";"A01";"1";"7";"0";"2";"1";"3";"1";""
"202100025696";"155Â 755";"B01";"1";"7";"0";"0";"4";"1";"1";""
"202100025697";"155Â 751";"B01";"1";"7";"0";"2";"4";"2";"1";""
"202100025697";"155Â 752";"C01";"1";"17";"0";"2";"4";"2";"1";""
"202100025697";"155Â 753";"A01";"1";"7";"0";"2";"1";"1";"1";""
"202100025698";"155Â 749";"B01";"1";"10";"0";"2";"8";"1";"1";""
"202100025698";"155Â 750";"A01";"1";"14";"0";"2";"7";"12";"1";""
"202100025699";"155Â 748";"A01";"1";"7";"3";"0";"3";"1";"1";""
"202100025700";"155Â 747";"A01";"2";"33";"0";"0";"7";"16";"1";""
"202100025701";"155Â 746";"A01";"3";"7";"3";"0";"2";"26";"1";""
"202100025702";"155Â 744";"B01";"1";"15";"0";"2";"4";"1";"1";""
"202100025702";"155Â 745";"A01";"1";"7";"0";"2";"1";"1";"1";""
"202100025703";"155Â 741";"B01";"2";"7";"0";"2";"3";"1";"1";""
"202100025703";"155Â 742";"A01";"1";"10";"0";"2";"3";"16";"1";""
"202100025704";"155Â 739";"A01";"1";"37";"0";"2";"3";"1";"1";"3"
"202100025704";"155Â 740";"B01";"3";"7";"0";"2";"1";"0";"3";""
"202100025705";"155Â 737";"B01";"3";"10";"0";"2";"7";"17";"1";""
"202100025705";"155Â 738";"A01";"3";"33";"0";"2";"6";"17";"1";""
"202100025706";"155Â 736";"A01";"0";"2";"0";"1";"1";"1";"1";""
"202100025707";"155Â 733";"A01";"2";"7";"0";"2";"7";"15";"1";""
"202100025707";"155Â 734";"B01";"1";"7";"0";"2";"1";"1";"1";""
"202100025708";"155Â 731";"A01";"3";"7";"0";"2";"3";"15";"1";""
"202100025708";"155Â 732";"B01";"3";"31";"0";"2";"8";"1";"1";""
"202100025709";"155Â 729";"B01";"3";"7";"0";"2";"1";"1";"1";""
"202100025709";"155Â 730";"A01";"3";"7";"0";"2";"4";"10";"1";""
"202100025710";"155Â 727";"A01";"1";"7";"0";"2";"4";"2";"1";""
"202100025710";"155Â 728";"B01";"1";"7";"0";"2";"1";"1";"1";""
"202100025711";"155Â 726";"A01";"3";"30";"0";"0";"7";"26";"1";""
"202100025712";"155Â 724";"B01";"3";"2";"0";"2";"1";"2";"1";""
"202100025712";"155Â 725";"A01";"3";"7";"0";"2";"4";"2";"1";""
"202100025713";"155Â 722";"A01";"2";"7";"0";"2";"6";"15";"1";""
"202100025713";"155Â 723";"B01";"1";"10";"0";"2";"6";"15";"1";""
"202100025714";"155Â 720";"B01";"1";"7";"0";"2";"4";"2";"1";""
"202100025714";"155Â 721";"A01";"1";"7";"0";"2";"1";"2";"1";""
"202100025715";"155Â 719";"Z01";"2";"31";"0";"1";"1";"1";"1";""
"202100025716";"155Â 717";"A01";"1";"31";"1";"0";"1";"2";"1";""
"202100025716";"155Â 718";"B01";"1";"7";"1";"0";"4";"23";"1";""
"202100025717";"155Â 716";"A01";"1";"7";"0";"0";"1";"1";"1";""
"202100025718";"155Â 714";"B01";"2";"33";"0";"2";"1";"17";"1";""
"202100025718";"155Â 715";"A01";"1";"7";"0";"2";"1";"15";"1";""
"202100025719";"155Â 713";"A01";"1";"7";"0";"1";"3";"16";"1";""
"202100025720";"155Â 712";"A01";"0";"7";"1";"0";"2";"1";"1";""
"202100025721";"155Â 710";"B01";"2";"33";"0";"2";"1";"1";"1";""
"202100025721";"155Â 711";"A01";"3";"7";"0";"2";"6";"19";"1";""
"202100025722";"155Â 707";"B01";"3";"7";"0";"2";"1";"0";"1";""
"202100025722";"155Â 708";"A01";"3";"7";"0";"2";"1";"13";"1";""
"202100025723";"155Â 705";"A01";"1";"10";"0";"2";"7";"15";"1";""
"202100025723";"155Â 706";"B01";"2";"1";"0";"2";"1";"1";"5";""
"202100025724";"155Â 703";"A01";"1";"7";"0";"1";"3";"1";"1";""
"202100025724";"155Â 704";"B01";"2";"7";"0";"1";"3";"1";"1";""
"202100025725";"155Â 702";"A01";"1";"40";"0";"1";"2";"1";"3";""
"202100025726";"155Â 699";"B01";"1";"7";"0";"2";"4";"1";"1";""
"202100025726";"155Â 700";"C01";"1";"10";"0";"2";"5";"1";"1";""
"202100025726";"155Â 701";"A01";"1";"7";"0";"2";"1";"1";"1";""
"202100025727";"155Â 697";"B01";"2";"10";"0";"2";"2";"1";"1";""
"202100025727";"155Â 698";"A01";"1";"7";"0";"2";"3";"9";"3";""
"202100025728";"155Â 694";"B01";"1";"7";"0";"2";"1";"1";"1";""
"202100025728";"155Â 695";"A01";"2";"7";"0";"2";"1";"13";"1";""
"202100025728";"155Â 696";"C01";"1";"10";"0";"2";"1";"1";"1";""
"202100025729";"155Â 692";"B01";"1";"7";"0";"2";"1";"1";"1";""
"202100025729";"155Â 693";"A01";"1";"10";"0";"2";"1";"11";"1";""
"202100025730";"155Â 690";"A01";"1";"7";"0";"2";"4";"1";"1";""
"202100025730";"155Â 691";"B01";"1";"7";"0";"2";"1";"2";"1";""
"202100025731";"155Â 689";"A01";"1";"33";"3";"0";"2";"14";"1";""
"202100025732";"155Â 687";"A01";"1";"7";"0";"2";"8";"9";"1";""
"202100025732";"155Â 688";"B01";"2";"33";"0";"2";"1";"1";"1";""
"202100025733";"155Â 686";"A01";"3";"7";"0";"1";"1";"1";"1";""
"202100025734";"155Â 684";"A01";"3";"7";"8";"2";"8";"15";"1";""
"202100025734";"155Â 685";"B01";"3";"7";"14";"2";"0";"0";"1";""
"202100025735";"155Â 682";"A01";"0";"7";"0";"2";"1";"2";"1";""
"202100025735";"155Â 683";"B01";"1";"7";"0";"2";"2";"15";"1";""
"202100025736";"155Â 680";"A01";"1";"7";"0";"2";"1";"26";"1";""
"202100025736";"155Â 681";"B01";"1";"7";"0";"2";"4";"26";"1";""
"202100025737";"155Â 679";"A01";"0";"7";"15";"0";"1";"14";"1";""
"202100025738";"155Â 677";"T01";"2";"7";"0";"2";"0";"0";"1";""
"202100025738";"155Â 678";"A01";"2";"7";"4";"2";"7";"1";"1";""
"202100025739";"155Â 675";"A01";"1";"7";"13";"0";"2";"16";"1";""
"202100025739";"155Â 676";"B01";"1";"33";"0";"2";"1";"21";"1";""
"202100025740";"155Â 674";"A01";"0";"7";"0";"1";"1";"15";"1";""
"202100025741";"155Â 672";"B01";"1";"7";"0";"2";"2";"1";"1";""
"202100025741";"155Â 673";"A01";"2";"7";"0";"2";"3";"19";"1";""
"202100025742";"155Â 670";"A01";"1";"7";"0";"2";"1";"2";"1";""
"202100025742";"155Â 671";"B01";"1";"7";"0";"2";"4";"2";"1";""
"202100025743";"155Â 668";"B01";"0";"80";"0";"2";"1";"1";"3";""
"202100025743";"155Â 669";"A01";"0";"7";"0";"2";"0";"9";"1";""
"202100025744";"155Â 666";"A01";"2";"7";"0";"2";"2";"9";"1";""
"202100025744";"155Â 667";"B01";"1";"33";"0";"2";"1";"17";"1";""
"202100025745";"155Â 664";"A01";"1";"7";"0";"2";"3";"1";"1";""
"202100025745";"155Â 665";"B01";"2";"34";"0";"2";"1";"16";"1";""
"202100025746";"155Â 662";"B01";"1";"10";"0";"2";"5";"0";"1";""
"202100025746";"155Â 663";"A01";"1";"15";"0";"2";"3";"0";"1";""
"202100025747";"155Â 660";"A01";"1";"7";"0";"2";"1";"1";"1";""
"202100025747";"155Â 661";"B01";"1";"7";"1";"2";"7";"1";"1";""
"202100025748";"155Â 659";"A01";"2";"33";"14";"0";"1";"7";"1";""
"202100025749";"155Â 658";"Z01";"1";"7";"0";"1";"2";"14";"0";""
"202100025750";"155Â 656";"A01";"1";"7";"0";"2";"2";"17";"1";""
"202100025750";"155Â 657";"B01";"2";"7";"0";"2";"2";"1";"1";""
"202100025751";"155Â 653";"C01";"1";"7";"0";"2";"8";"1";"1";""
"202100025751";"155Â 654";"B01";"2";"34";"0";"2";"1";"1";"1";""
"202100025751";"155Â 655";"A01";"1";"7";"0";"2";"5";"15";"1";""
"202100025752";"155Â 652";"A01";"3";"7";"0";"1";"1";"1";"1";""
"202100025753";"155Â 651";"A01";"3";"7";"0";"1";"1";"1";"2";""
"202100025754";"155Â 648";"C01";"3";"7";"0";"2";"3";"1";"1";""
"202100025754";"155Â 649";"B01";"3";"7";"0";"2";"1";"1";"1";""
"202100025754";"155Â 650";"A01";"3";"33";"0";"2";"1";"17";"1";""
"202100025755";"155Â 647";"A01";"3";"40";"0";"1";"3";"1";"0";""
"202100025756";"155Â 645";"B01";"1";"31";"0";"2";"3";"0";"1";""
"202100025756";"155Â 646";"A01";"2";"7";"0";"2";"3";"15";"1";""
"202100025757";"155Â 643";"A01";"1";"7";"0";"2";"0";"9";"1";""
"202100025757";"155Â 644";"B01";"1";"7";"0";"2";"6";"1";"1";""
"202100025758";"155Â 641";"B01";"0";"7";"0";"2";"1";"15";"1";""
"202100025758";"155Â 642";"A01";"2";"2";"0";"2";"2";"1";"1";""
"202100025759";"155Â 640";"A01";"1";"7";"2";"0";"2";"1";"1";""
"202100025760";"155Â 639";"A01";"3";"99";"15";"0";"0";"0";"1";""
"202100025761";"155Â 637";"A01";"1";"33";"0";"2";"1";"2";"1";""
"202100025761";"155Â 638";"B01";"1";"7";"0";"2";"5";"2";"1";""
"202100025762";"155Â 636";"A01";"0";"7";"0";"1";"1";"15";"1";""
"202100025763";"155Â 635";"A01";"3";"32";"0";"0";"2";"9";"1";""
"202100025764";"155Â 633";"A01";"0";"1";"0";"2";"1";"1";"5";""
"202100025764";"155Â 634";"B01";"0";"7";"0";"2";"2";"16";"1";""
"202100025765";"155Â 631";"B01";"2";"7";"0";"2";"4";"23";"1";""
"202100025765";"155Â 632";"A01";"2";"1";"0";"2";"1";"2";"5";""
"202100025766";"155Â 629";"B01";"1";"7";"0";"2";"6";"2";"1";""
"202100025766";"155Â 630";"A01";"1";"17";"0";"2";"2";"12";"1";""
"202100025767";"155Â 627";"B01";"2";"30";"0";"2";"1";"1";"1";""
"202100025767";"155Â 628";"A01";"1";"7";"0";"2";"2";"15";"1";""
"202100025768";"155Â 626";"A01";"3";"7";"0";"1";"7";"1";"2";""
"202100025769";"155Â 624";"A01";"1";"7";"0";"2";"1";"15";"1";""
"202100025769";"155Â 625";"B01";"1";"2";"0";"2";"2";"1";"1";""
"202100025770";"155Â 622";"A01";"2";"10";"0";"2";"3";"22";"1";""
"202100025770";"155Â 623";"B01";"2";"1";"0";"2";"1";"1";"5";""
"202100025771";"155Â 621";"A01";"2";"7";"1";"0";"1";"13";"1";""
"202100025772";"155Â 620";"A01";"2";"50";"15";"0";"1";"14";"3";""
"202100025773";"155Â 618";"B01";"3";"7";"0";"2";"3";"22";"1";""
"202100025773";"155Â 619";"A01";"3";"1";"0";"2";"2";"1";"5";""
"202100025774";"155Â 617";"A01";"1";"7";"0";"1";"2";"1";"1";""
"202100025775";"155Â 615";"A01";"1";"7";"0";"2";"7";"2";"1";""
"202100025775";"155Â 616";"B01";"1";"33";"0";"2";"8";"2";"1";""
"202100025776";"155Â 614";"A01";"2";"3";"0";"0";"9";"16";"1";""
"202100025777";"155Â 612";"B01";"2";"1";"1";"0";"7";"1";"0";""
"202100025777";"155Â 613";"A01";"2";"7";"0";"9";"3";"22";"0";""
"202100025778";"155Â 611";"A01";"1";"7";"9";"0";"1";"2";"0";""
"202100025779";"155Â 609";"A01";"2";"7";"0";"2";"3";"1";"2";""
"202100025779";"155Â 610";"B01";"2";"7";"0";"2";"7";"16";"1";""
"202100025780";"155Â 607";"B01";"1";"7";"0";"2";"1";"1";"1";""
"202100025780";"155Â 608";"A01";"1";"7";"0";"2";"4";"1";"3";""
"202100025781";"155Â 606";"A01";"3";"7";"0";"1";"3";"1";"1";""
"202100025782";"155Â 604";"A01";"3";"7";"12";"2";"3";"16";"1";""
"202100025782";"155Â 605";"B01";"3";"7";"8";"9";"1";"9";"1";""
"202100025783";"155Â 603";"A01";"2";"7";"0";"1";"2";"1";"1";""
"202100025784";"155Â 602";"A01";"1";"7";"1";"2";"2";"21";"1";""
"202100025785";"155Â 600";"B01";"1";"33";"0";"2";"1";"1";"1";""
"202100025785";"155Â 601";"A01";"1";"7";"0";"2";"2";"10";"1";""
"202100025786";"155Â 598";"B01";"1";"7";"0";"9";"6";"26";"1";""
"202100025786";"155Â 599";"A01";"1";"2";"0";"2";"4";"26";"1";""
"202100025787";"155Â 597";"A01";"3";"99";"1";"0";"2";"26";"1";""
"202100025788";"155Â 596";"A01";"1";"10";"0";"1";"7";"1";"1";""
"202100025789";"155Â 594";"B01";"1";"33";"0";"2";"3";"1";"1";""
"202100025789";"155Â 595";"A01";"1";"7";"0";"2";"2";"16";"1";""
"202100025790";"155Â 592";"A01";"2";"7";"0";"2";"6";"11";"1";""
"202100025790";"155Â 593";"B01";"1";"32";"0";"2";"1";"1";"1";""
"202100025791";"155Â 589";"A01";"3";"7";"0";"1";"1";"1";"1";""
"202100025792";"155Â 588";"A01";"2";"7";"10";"0";"1";"1";"1";""
"202100025793";"155Â 587";"A01";"0";"7";"0";"1";"1";"16";"1";""
"202100025794";"155Â 585";"A01";"3";"10";"0";"2";"3";"9";"1";""
"202100025794";"155Â 586";"B01";"0";"33";"0";"2";"7";"0";"1";""
"202100025795";"155Â 583";"B01";"2";"13";"0";"0";"6";"1";"1";""
"202100025795";"155Â 584";"A01";"2";"7";"0";"2";"2";"14";"1";""
"202100025796";"155Â 582";"A01";"2";"7";"13";"0";"1";"1";"1";""
"202100025797";"155Â 580";"A01";"0";"7";"0";"2";"6";"13";"1";""
"202100025797";"155Â 581";"B01";"0";"33";"0";"2";"2";"17";"1";""
"202100025798";"155Â 578";"A01";"2";"7";"0";"2";"1";"1";"1";""
"202100025798";"155Â 579";"B01";"1";"7";"0";"2";"1";"15";"1";""
"202100025799";"155Â 574";"A01";"2";"33";"0";"2";"1";"17";"1";""
"202100025799";"155Â 575";"B01";"2";"7";"0";"2";"3";"15";"1";""
"202100025800";"155Â 572";"A01";"2";"7";"0";"2";"1";"13";"1";""
"202100025800";"155Â 573";"B01";"1";"15";"0";"2";"1";"1";"1";""
"202100025801";"155Â 571";"A01";"1";"7";"2";"0";"2";"1";"1";""
"202100025802";"155Â 569";"A01";"1";"7";"0";"2";"2";"1";"1";""
"202100025802";"155Â 570";"B01";"1";"33";"0";"0";"4";"2";"1";""
"202100025803";"155Â 567";"B01";"0";"7";"0";"2";"3";"15";"1";""
"202100025803";"155Â 568";"A01";"0";"31";"0";"2";"1";"17";"1";""
"202100025804";"155Â 566";"A01";"2";"2";"0";"0";"0";"17";"1";""
"202100025805";"155Â 564";"B01";"1";"7";"0";"2";"1";"1";"1";""
"202100025805";"155Â 565";"A01";"3";"7";"0";"2";"8";"15";"1";""
"202100025806";"155Â 563";"A01";"2";"2";"8";"0";"2";"14";"1";""
"202100025807";"155Â 561";"B01";"0";"30";"0";"2";"8";"9";"1";""
"202100025807";"155Â 562";"A01";"2";"7";"0";"2";"1";"1";"1";""
"202100025808";"155Â 559";"B01";"2";"7";"0";"2";"6";"1";"1";""
"202100025808";"155Â 560";"A01";"1";"7";"8";"2";"3";"1";"1";""
"202100025809";"155Â 557";"A01";"1";"10";"0";"9";"2";"1";"1";""
"202100025809";"155Â 558";"B01";"2";"1";"0";"2";"3";"15";"0";""
"202100025810";"155Â 555";"A01";"2";"7";"0";"2";"7";"13";"1";""
"202100025810";"155Â 556";"B01";"1";"7";"0";"2";"1";"26";"1";""
"202100025811";"155Â 554";"A01";"1";"33";"8";"0";"1";"2";"1";""
"202100025812";"155Â 553";"A01";"1";"32";"12";"0";"2";"0";"1";""
"202100025813";"155Â 552";"A01";"1";"7";"15";"0";"3";"1";"1";""
"202100025814";"155Â 550";"B01";"2";"3";"0";"2";"4";"2";"1";""
"202100025814";"155Â 551";"A01";"2";"7";"0";"2";"1";"2";"1";""
"202100025815";"155Â 548";"B01";"2";"33";"0";"2";"1";"1";"1";""
"202100025815";"155Â 549";"A01";"1";"7";"0";"2";"7";"15";"1";""
"202100025816";"155Â 546";"A01";"2";"10";"0";"2";"4";"4";"1";""
"202100025816";"155Â 547";"B01";"2";"33";"0";"2";"1";"23";"1";""
"202100025817";"155Â 544";"A01";"1";"2";"0";"2";"1";"2";"1";""
"202100025817";"155Â 545";"B01";"1";"10";"0";"0";"6";"1";"1";""
"202100025818";"155Â 542";"B01";"2";"15";"0";"2";"3";"1";"1";""
"202100025818";"155Â 543";"A01";"1";"15";"0";"2";"3";"13";"1";""
"202100025819";"155Â 539";"C01";"2";"7";"0";"2";"1";"2";"1";""
"202100025819";"155Â 540";"B01";"2";"7";"0";"2";"1";"2";"1";""
"202100025819";"155Â 541";"A01";"2";"7";"0";"2";"4";"1";"1";""
"202100025820";"155Â 537";"B01";"1";"7";"0";"0";"5";"2";"1";""
"202100025820";"155Â 538";"A01";"1";"33";"0";"2";"1";"2";"1";""
"202100025821";"155Â 534";"A01";"1";"7";"0";"2";"1";"1";"1";""
"202100025821";"155Â 535";"B01";"2";"17";"3";"2";"1";"6";"1";""
"202100025821";"155Â 536";"C01";"1";"7";"16";"0";"0";"1";"1";""
"202100025822";"155Â 533";"A01";"1";"7";"3";"0";"1";"0";"1";""
"202100025823";"155Â 531";"B01";"2";"50";"0";"2";"1";"0";"3";""
"202100025823";"155Â 532";"A01";"2";"7";"0";"9";"6";"0";"1";""
"202100025824";"155Â 530";"A01";"2";"7";"3";"0";"3";"0";"1";""
"202100025825";"155Â 528";"A01";"1";"31";"0";"2";"1";"0";"1";""
"202100025825";"155Â 529";"B01";"2";"7";"0";"2";"1";"15";"1";""
"202100025826";"155Â 526";"B01";"1";"7";"0";"2";"1";"1";"1";""
"202100025826";"155Â 527";"A01";"2";"7";"0";"2";"1";"13";"1";""
"202100025827";"155Â 525";"A01";"1";"7";"4";"0";"1";"1";"1";""
"202100025828";"155Â 524";"A01";"3";"7";"2";"0";"1";"1";"1";""
"202100025829";"155Â 523";"A01";"0";"7";"15";"0";"3";"1";"1";""
"202100025830";"155Â 522";"A01";"1";"33";"0";"0";"0";"1";"1";""