"Num_Acc";"id_vehicule";"num_veh";"senc";"catv";"obs";"obsm";"choc";"manv";"motor";"occutc"
"202100025831";"155Â 520";"A01";"1";"7";"0";"2";"7";"13";"1";""
"202100025831";"155Â 521";"B01";"2";"10";"0";"2";"8";"1";"1";""
"202100025832";"155Â 518";"B01";"2";"10";"0";"2";"3";"1";"0";""
"202100025832";"155Â 519";"A01";"1";"7";"0";"2";"8";"15";"1";""
"202100025833";"155Â 516";"A01";"2";"7";"0";"2";"2";"15";"1";""
"202100025833";"155Â 517";"B01";"1";"2";"0";"2";"8";"1";"1";""
"202100025834";"155Â 514";"B01";"1";"7";"0";"0";"6";"24";"1";""
"202100025834";"155Â 515";"A01";"1";"2";"1";"0";"1";"1";"1";""
"202100025835";"155Â 512";"A01";"1";"7";"0";"2";"4";"9";"1";""
"202100025835";"155Â 513";"B01";"1";"80";"0";"2";"2";"19";"3";""
"202100025836";"155Â 507";"A01";"2";"14";"0";"2";"1";"1";"1";""
"202100025836";"155Â 508";"E01";"1";"14";"0";"2";"1";"1";"1";""
"202100025836";"155Â 509";"D01";"2";"7";"0";"2";"4";"23";"1";""
"202100025836";"155Â 510";"C01";"2";"7";"0";"2";"4";"23";"1";""
"202100025836";"155Â 511";"B01";"2";"7";"0";"2";"4";"15";"1";""
"202100025837";"155Â 506";"A01";"1";"7";"2";"0";"3";"1";"1";""
"202100025838";"155Â 504";"B01";"1";"7";"0";"2";"1";"2";"1";""
"202100025838";"155Â 505";"A01";"2";"7";"0";"2";"1";"13";"1";""
"202100025839";"155Â 500";"A01";"2";"7";"0";"2";"4";"2";"1";""
"202100025839";"155Â 501";"B01";"2";"10";"0";"2";"1";"2";"1";""
"202100025840";"155Â 497";"C01";"0";"7";"0";"2";"1";"2";"1";""
"202100025840";"155Â 498";"B01";"2";"7";"0";"2";"4";"2";"1";""
"202100025840";"155Â 499";"A01";"2";"7";"0";"2";"4";"2";"1";""
"202100025841";"155Â 495";"A01";"2";"7";"0";"2";"6";"1";"1";""
"202100025841";"155Â 496";"B01";"0";"10";"0";"2";"2";"11";"1";""
"202100025842";"155Â 494";"A01";"2";"7";"2";"0";"1";"14";"1";""
"202100025843";"155Â 492";"B01";"1";"7";"0";"2";"8";"1";"1";""
"202100025843";"155Â 493";"A01";"1";"7";"0";"2";"2";"14";"1";""
"202100025844";"155Â 490";"B01";"2";"7";"0";"2";"8";"1";"1";""
"202100025844";"155Â 491";"A01";"2";"17";"0";"2";"2";"12";"1";""
"202100025845";"155Â 488";"Z01";"2";"7";"0";"2";"1";"2";"0";""
"202100025845";"155Â 489";"B01";"2";"7";"0";"2";"5";"2";"1";""
"202100025846";"155Â 486";"B01";"1";"15";"0";"2";"1";"2";"1";""
"202100025846";"155Â 487";"A01";"1";"7";"0";"2";"6";"2";"1";""
"202100025847";"155Â 484";"B01";"1";"17";"0";"2";"2";"0";"1";""
"202100025847";"155Â 485";"A01";"1";"7";"0";"2";"3";"0";"1";""
"202100025848";"155Â 483";"A01";"1";"15";"0";"0";"0";"26";"1";""
"202100025849";"155Â 481";"B01";"2";"43";"0";"2";"1";"0";"1";""
"202100025849";"155Â 482";"Z01";"2";"7";"0";"2";"0";"0";"0";""
"202100025850";"155Â 479";"B01";"2";"7";"14";"0";"2";"1";"1";""
"202100025850";"155Â 480";"A01";"2";"7";"0";"0";"1";"26";"1";""
"202100025851";"155Â 478";"A01";"1";"7";"4";"0";"1";"1";"1";""
"202100025852";"155Â 477";"A01";"2";"10";"4";"0";"7";"1";"1";""
"202100025853";"155Â 475";"A01";"2";"7";"0";"2";"2";"2";"1";""
"202100025853";"155Â 476";"B01";"2";"7";"0";"2";"6";"2";"1";""
"202100025854";"155Â 469";"D01";"1";"10";"0";"2";"4";"2";"3";""
"202100025854";"155Â 470";"E01";"1";"7";"0";"2";"4";"2";"1";""
"202100025854";"155Â 471";"F01";"1";"7";"0";"2";"4";"2";"1";""
"202100025854";"155Â 472";"A01";"1";"38";"0";"2";"1";"2";"1";"1"
"202100025854";"155Â 473";"B01";"1";"7";"0";"2";"4";"2";"2";""
"202100025854";"155Â 474";"C01";"1";"7";"0";"2";"4";"2";"1";""
"202100025855";"155Â 468";"A01";"1";"7";"0";"1";"2";"1";"1";""
"202100025856";"155Â 467";"A01";"3";"36";"0";"0";"0";"0";"1";""
"202100025857";"155Â 465";"B01";"2";"33";"0";"0";"4";"23";"1";""
"202100025857";"155Â 466";"A01";"2";"7";"0";"2";"1";"1";"1";""
"202100025858";"155Â 464";"A01";"2";"7";"0";"0";"9";"16";"1";""
"202100025859";"155Â 463";"A01";"2";"7";"0";"1";"3";"0";"1";""
"202100025860";"155Â 460";"C01";"2";"7";"0";"2";"3";"1";"1";""
"202100025860";"155Â 461";"B01";"2";"7";"0";"2";"2";"1";"1";""
"202100025860";"155Â 462";"A01";"1";"7";"0";"2";"9";"19";"1";""
"202100025861";"155Â 458";"A01";"1";"7";"0";"2";"2";"1";"1";""
"202100025861";"155Â 459";"B01";"3";"1";"0";"2";"0";"26";"5";""
"202100025862";"155Â 456";"A01";"2";"2";"0";"2";"7";"5";"1";""
"202100025862";"155Â 457";"B01";"1";"7";"0";"2";"2";"1";"1";""
"202100025863";"155Â 455";"A01";"3";"7";"13";"0";"1";"0";"0";""
"202100025864";"155Â 454";"A01";"2";"7";"13";"0";"1";"1";"1";""
"202100025865";"155Â 453";"A01";"1";"39";"0";"1";"3";"1";"0";""
"202100025866";"155Â 451";"A01";"3";"1";"0";"2";"1";"19";"5";""
"202100025866";"155Â 452";"B01";"3";"7";"0";"9";"8";"1";"1";""
"202100025867";"155Â 450";"A01";"1";"10";"0";"1";"5";"26";"0";""
"202100025868";"155Â 447";"B01";"1";"30";"0";"2";"1";"15";"1";""
"202100025868";"155Â 448";"A01";"2";"7";"0";"2";"3";"15";"1";""
"202100025869";"155Â 446";"A01";"1";"7";"0";"1";"2";"1";"1";""
"202100025870";"155Â 444";"A01";"3";"50";"0";"2";"1";"15";"3";""
"202100025870";"155Â 445";"B01";"2";"7";"0";"2";"8";"1";"1";""
"202100025871";"155Â 442";"A01";"2";"7";"0";"2";"3";"15";"1";""
"202100025871";"155Â 443";"B01";"1";"33";"0";"2";"8";"1";"1";""
"202100025872";"155Â 440";"B01";"2";"33";"0";"2";"4";"23";"1";""
"202100025872";"155Â 441";"A01";"2";"7";"0";"2";"1";"2";"1";""
"202100025873";"155Â 438";"A01";"2";"7";"0";"2";"1";"2";"0";""
"202100025873";"155Â 439";"B01";"2";"7";"0";"2";"5";"23";"1";""
"202100025874";"155Â 436";"A01";"2";"7";"0";"2";"3";"9";"1";""
"202100025874";"155Â 437";"B01";"2";"13";"0";"2";"7";"16";"1";""
"202100025875";"155Â 434";"A01";"1";"7";"0";"2";"7";"15";"2";""
"202100025875";"155Â 435";"B01";"2";"1";"0";"2";"1";"1";"5";""
"202100025876";"155Â 433";"A01";"1";"7";"0";"1";"2";"16";"1";""
"202100025877";"155Â 431";"A01";"2";"7";"0";"2";"1";"1";"1";""
"202100025877";"155Â 432";"B01";"1";"7";"0";"2";"6";"15";"1";""
"202100025878";"155Â 429";"B01";"0";"33";"0";"0";"0";"0";"1";""
"202100025878";"155Â 430";"A01";"0";"3";"0";"0";"0";"0";"1";""
"202100025879";"155Â 427";"A01";"1";"43";"0";"2";"1";"17";"1";""
"202100025879";"155Â 428";"B01";"1";"37";"0";"0";"8";"15";"1";"1"
"202100025880";"155Â 424";"C01";"3";"7";"14";"0";"1";"1";"1";""
"202100025880";"155Â 425";"B01";"3";"7";"0";"2";"1";"23";"1";""
"202100025880";"155Â 426";"A01";"3";"7";"0";"2";"4";"23";"1";""
"202100025881";"155Â 422";"A01";"3";"7";"0";"2";"2";"15";"0";""
"202100025881";"155Â 423";"B01";"0";"7";"0";"2";"3";"2";"1";""
"202100025882";"155Â 421";"A01";"2";"38";"1";"0";"1";"1";"0";"2"
"202100025883";"155Â 419";"A01";"3";"7";"0";"2";"1";"1";"2";""
"202100025883";"155Â 420";"B01";" -1";"1";"0";"2";"8";"19";"5";""
"202100025884";"155Â 417";"B01";"1";"37";"0";"2";"1";"1";"1";"1"
"202100025884";"155Â 418";"A01";"1";"7";"0";"2";"7";"1";"0";""
"202100025885";"155Â 416";"A01";"1";"7";"0";"1";"1";"9";"1";""
"202100025886";"155Â 414";"B01";"2";"7";"0";"2";"1";"1";"1";""
"202100025886";"155Â 415";"A01";"1";"7";"1";"2";"2";"13";"1";""
"202100025887";"155Â 412";"A01";"2";"7";"0";"2";"8";"22";"1";""
"202100025887";"155Â 413";"B01";"2";"50";"1";"0";"1";"1";"3";""
"202100025888";"155Â 411";"A01";"1";"7";"8";"0";"1";"13";"1";""
"202100025889";"155Â 410";"A01";"3";"31";"13";"0";"1";"1";"1";""
"202100025890";"155Â 409";"A01";"2";"2";"0";"0";"7";"1";"1";""
"202100025891";"155Â 408";"A01";"2";"2";"6";"0";"2";"2";"1";""
"202100025892";"155Â 405";"C01";"1";"7";"0";"2";"1";"1";"1";""
"202100025892";"155Â 406";"B01";"2";"7";"0";"2";"4";"2";"1";""
"202100025892";"155Â 407";"A01";"1";"10";"0";"0";"4";"2";"1";""
"202100025893";"155Â 404";"A01";"3";"7";"0";"0";"1";"21";"1";""
"202100025894";"155Â 403";"A01";"0";"7";"0";"1";"2";"1";"1";""
"202100025895";"155Â 401";"B01";"2";"7";"6";"2";"3";"5";"1";""
"202100025895";"155Â 402";"A01";"1";"7";"6";"2";"3";"5";"1";""
"202100025896";"155Â 400";"A01";"3";"7";"0";"1";"4";"4";"1";""
"202100025897";"155Â 398";"B01";"2";"21";"0";"0";"6";"2";"1";""
"202100025897";"155Â 399";"A01";"2";"7";"0";"2";"1";"2";"1";""
"202100025898";"155Â 396";"A01";"2";"2";"13";"0";"7";"0";"1";""
"202100025899";"155Â 395";"A01";"3";"10";"13";"0";"1";"26";"3";""
"202100025900";"155Â 394";"A01";"2";"7";"0";"1";"1";"1";"1";""
"202100025901";"155Â 392";"B01";"2";"7";"0";"0";"7";"15";"1";""
"202100025901";"155Â 393";"A01";"1";"7";"0";"2";"1";"1";"1";""
"202100025902";"155Â 390";"B01";"1";"80";"0";"2";"8";"15";"5";""
"202100025902";"155Â 391";"A01";"1";"7";"0";"2";"2";"2";"1";""
"202100025903";"155Â 389";"A01";"3";"7";"2";"0";"1";"21";"1";""
"202100025904";"155Â 387";"B01";"1";"2";"8";"2";"1";"5";"1";""
"202100025904";"155Â 388";"A01";"2";"7";"0";"0";"2";"15";"1";""
"202100025905";"155Â 386";"A01";"1";"7";"13";"0";"2";"1";"1";""
"202100025906";"155Â 384";"B01";"2";"7";"0";"2";"2";"1";"1";""
"202100025906";"155Â 385";"A01";"2";"2";"0";"0";"4";"1";"1";""
"202100025907";"155Â 381";"C01";"1";"2";"0";"2";"1";"1";"1";""
"202100025907";"155Â 382";"B01";"1";"2";"0";"2";"1";"1";"1";""
"202100025907";"155Â 383";"A01";"2";"7";"0";"2";"1";"5";"1";""
"202100025908";"155Â 377";"A01";"1";"7";"0";"2";"8";"1";"1";""
"202100025908";"155Â 378";"B01";"1";"33";"0";"2";"8";"17";"1";""
"202100025909";"155Â 375";"A01";"3";"7";"0";"2";"1";"1";"1";""
"202100025909";"155Â 376";"B01";"0";"36";"0";"2";"8";"9";"1";""
"202100025910";"155Â 374";"A01";"1";"7";"13";"0";"1";"0";"1";""
"202100025911";"155Â 372";"A01";"1";"7";"13";"2";"2";"15";"1";""
"202100025911";"155Â 373";"B01";"2";"7";"0";"2";"1";"1";"1";""
"202100025912";"155Â 370";"A01";"2";"7";"0";"2";"1";"17";"1";""
"202100025912";"155Â 371";"B01";"1";"7";"0";"2";"8";"15";"1";""
"202100025913";"155Â 367";"C01";"2";"7";"0";"2";"1";"1";"1";""
"202100025913";"155Â 368";"B01";"1";"15";"0";"2";"3";"1";"1";""
"202100025913";"155Â 369";"A01";"2";"7";"0";"2";"3";"13";"1";""
"202100025914";"155Â 365";"A01";"1";"10";"0";"2";"1";"1";"1";""
"202100025914";"155Â 366";"B01";"1";"1";"0";"0";"5";"0";"5";""
"202100025915";"155Â 364";"A01";"1";"33";"13";"0";"9";"17";"1";""
"202100025916";"155Â 361";"B01";"2";"10";"0";"2";"4";"1";"1";""
"202100025916";"155Â 362";"A01";"1";"7";"0";"2";"3";"1";"1";""
"202100025916";"155Â 363";"D01";"2";"7";"0";"2";"8";"1";"1";""
"202100025917";"155Â 359";"B01";"1";"10";"0";"2";"1";"1";"1";""
"202100025917";"155Â 360";"A01";"2";"7";"0";"2";"1";"1";"1";""
"202100025918";"155Â 356";"A01";"1";"33";"0";"0";"0";"1";"1";""
"202100025919";"155Â 354";"A01";"1";"7";"13";"0";"2";"1";"1";""
"202100025920";"155Â 352";"B01";"1";"7";"0";"2";"1";"1";"3";""
"202100025920";"155Â 353";"A01";"2";"33";"0";"2";"7";"1";"1";""
"202100025921";"155Â 351";"A01";"1";"7";"0";"1";"0";"2";"0";""
"202100025922";"155Â 349";"A01";"1";"37";"0";"0";"4";"23";"1";"1"
"202100025922";"155Â 350";"B01";"1";"33";"1";"0";"1";"12";"1";""
"202100025923";"155Â 346";"A01";"1";"7";"4";"0";"3";"1";"1";""
"202100025923";"155Â 347";"B01";"1";"7";"4";"2";"7";"1";"1";""
"202100025923";"155Â 348";"C01";"1";"7";"0";"2";"2";"1";"1";""
"202100025924";"155Â 345";"A01";"3";"7";"6";"0";"9";"0";"1";""
"202100025925";"155Â 342";"C01";"1";"7";"0";"2";"2";"2";"1";""
"202100025925";"155Â 343";"A01";"1";"7";"0";"0";"4";"23";"1";""
"202100025925";"155Â 344";"B01";"1";"7";"0";"0";"9";"23";"0";""
"202100025926";"155Â 341";"A01";"2";"33";"3";"0";"1";"0";"1";""
"202100025927";"155Â 339";"A01";"2";"7";"3";"0";"4";"1";"1";""
"202100025927";"155Â 340";"B01";"2";"10";"0";"2";"1";"2";"1";""
"202100025928";"155Â 337";"B01";"2";"37";"0";"0";"3";"1";"1";"7"
"202100025928";"155Â 338";"A01";"1";"7";"0";"2";"2";"15";"1";""
"202100025929";"155Â 335";"B01";"2";"7";"4";"9";"6";"1";"1";""
"202100025929";"155Â 336";"A01";"2";"7";"1";"9";"2";"1";"1";""
"202100025930";"155Â 332";"A01";"2";"7";"0";"2";"2";"17";"1";""
"202100025930";"155Â 333";"B01";"3";"7";"0";"2";"3";"15";"1";""
"202100025931";"155Â 330";"A01";"3";"7";"0";"2";"7";"9";"1";""
"202100025931";"155Â 331";"B01";"2";"7";"0";"2";"1";"1";"1";""
"202100025932";"155Â 329";"A01";"2";"7";"2";"0";"1";"1";"1";""
"202100025933";"155Â 328";"A01";"0";"7";"1";"1";"2";"1";"1";""
"202100025934";"155Â 327";"A01";"1";"7";"13";"0";"2";"1";"1";""
"202100025935";"155Â 325";"B01";"1";"7";"0";"2";"4";"13";"1";""
"202100025935";"155Â 326";"A01";"1";"2";"0";"2";"1";"1";"1";""
"202100025936";"155Â 323";"B01";"0";"2";"0";"0";"4";"23";"1";""
"202100025936";"155Â 324";"A01";"0";"2";"0";"2";"1";"1";"1";""
"202100025937";"155Â 321";"B01";"2";"7";"0";"2";"2";"15";"1";""
"202100025937";"155Â 322";"A01";"1";"32";"0";"2";"1";"17";"1";""
"202100025938";"155Â 319";"A01";"2";"33";"0";"2";"2";"1";"1";""
"202100025938";"155Â 320";"B01";"2";"33";"0";"2";"4";"10";"1";""
"202100025939";"155Â 318";"A01";"3";"7";"0";"1";"2";"1";"1";""
"202100025940";"155Â 317";"A01";"3";"1";"12";"0";"0";"1";"5";""
"202100025941";"155Â 316";"A01";"0";"7";"0";"1";"5";"4";"1";""
"202100025942";"155Â 314";"B01";"2";"1";"0";"2";"8";"9";"5";""
"202100025942";"155Â 315";"A01";"1";"7";"0";"2";"1";"9";"1";""
"202100025943";"155Â 312";"A01";"1";"7";"0";"2";"5";"15";"1";""
"202100025943";"155Â 313";"B01";"1";"33";"0";"2";"1";"1";"1";""
"202100025944";"155Â 310";"A01";"2";"7";"0";"2";"4";"19";"1";""
"202100025944";"155Â 311";"B01";"1";"17";"0";"2";"1";"14";"1";""
"202100025945";"155Â 308";"B01";"2";"21";"0";"0";"5";"15";"1";""
"202100025945";"155Â 309";"A01";"2";"7";"0";"2";"3";"17";"1";""
"202100025946";"155Â 304";"B01";"0";"7";"0";"2";"0";"0";"1";""
"202100025946";"155Â 305";"A01";"2";"10";"0";"2";"4";"26";"1";""
"202100025947";"155Â 301";"A01";"2";"7";"0";"2";"4";"0";"1";""
"202100025947";"155Â 302";"C01";"2";"10";"0";"2";"1";"0";"1";""
"202100025947";"155Â 303";"B01";"2";"7";"0";"2";"4";"0";"3";""
"202100025948";"155Â 299";"A01";"1";"7";"0";"2";"4";"2";"1";""
"202100025948";"155Â 300";"Z01";"1";"7";"0";"2";"1";"2";"0";""
"202100025949";"155Â 297";"A01";"1";"7";"0";"2";"1";"2";"1";""
"202100025949";"155Â 298";"B01";"1";"10";"0";"2";"4";"1";"1";""
"202100025950";"155Â 296";"A01";"0";"31";"0";"0";"0";"26";"1";""
"202100025951";"155Â 294";"A01";"2";"7";"0";"2";"7";"14";"1";""
"202100025951";"155Â 295";"B01";"2";"33";"0";"2";"8";"26";"1";""
"202100025952";"155Â 292";"B01";"2";"15";"0";"2";"6";"1";"1";""
"202100025952";"155Â 293";"A01";"2";"7";"0";"2";"2";"0";"1";""
"202100025953";"155Â 291";"A01";"2";"7";"0";"0";"9";"1";"1";""
"202100025954";"155Â 290";"A01";"3";"10";"3";"0";"8";"1";"1";""
"202100025955";"155Â 288";"Z01";"2";"7";"0";"2";"0";"0";"0";""
"202100025955";"155Â 289";"A01";"2";"7";"0";"0";"0";"23";"1";""
"202100025956";"155Â 285";"A01";"2";"7";"0";"2";"1";"1";"1";""
"202100025956";"155Â 286";"B01";"2";"7";"0";"2";"4";"1";"1";""
"202100025956";"155Â 287";"C01";"2";"7";"0";"2";"4";"1";"1";""
"202100025957";"155Â 282";"C01";"2";"7";"0";"2";"4";"1";"1";""
"202100025957";"155Â 283";"A01";"2";"43";"0";"2";"1";"3";"1";""
"202100025957";"155Â 284";"B01";"2";"7";"0";"2";"8";"11";"1";""
"202100025958";"155Â 281";"A01";"0";"33";"0";"0";"9";"26";"1";""
"202100025959";"155Â 279";"A01";"3";"33";"0";"2";"1";"17";"1";""
"202100025959";"155Â 280";"B01";"3";"1";"0";"2";"0";"0";"5";""
"202100025960";"155Â 277";"A01";"2";"10";"0";"2";"1";"1";"1";""
"202100025960";"155Â 278";"B01";"2";"7";"0";"2";"4";"23";"1";""
"202100025961";"155Â 275";"B01";"2";"7";"0";"2";"4";"1";"1";""
"202100025961";"155Â 276";"A01";"1";"30";"0";"2";"1";"21";"1";""
"202100025962";"155Â 274";"A01";"1";"30";"3";"0";"1";"9";"1";""
"202100025963";"155Â 271";"C01";"2";"7";"0";"2";"4";"1";"1";""
"202100025963";"155Â 272";"B01";"2";"7";"0";"2";"4";"1";"1";""
"202100025963";"155Â 273";"A01";"2";"7";"0";"2";"1";"1";"1";""
"202100025964";"155Â 269";"B01";"3";"2";"0";"2";"8";"1";"1";""
"202100025964";"155Â 270";"A01";"3";"7";"0";"2";"3";"1";"1";""
"202100025965";"155Â 267";"B01";"1";"33";"0";"2";"7";"16";"1";""
"202100025965";"155Â 268";"A01";"2";"7";"0";"2";"3";"15";"1";""
"202100025966";"155Â 265";"A01";"3";"7";"0";"2";"3";"1";"1";""
"202100025966";"155Â 266";"B01";"3";"33";"0";"2";"8";"1";"1";""
"202100025967";"155Â 264";"A01";"3";"7";"0";"0";"1";"26";"1";""
"202100025968";"155Â 263";"Z01";"3";"7";"0";"1";"3";"25";"0";""
"202100025969";"155Â 260";"A01";"2";"33";"0";"1";"0";"1";"1";""
"202100025970";"155Â 258";"A01";"2";"7";"0";"2";"1";"5";"1";""
"202100025970";"155Â 259";"B01";"2";"33";"0";"2";"1";"1";"1";""
"202100025971";"155Â 257";"A01";"0";"1";"0";"0";"0";"0";"5";""
"202100025972";"155Â 254";"C01";"1";"7";"0";"2";"4";"23";"1";""
"202100025972";"155Â 255";"B01";"1";"7";"0";"2";"4";"23";"1";""
"202100025972";"155Â 256";"A01";"1";"7";"0";"2";"1";"1";"1";""
"202100025973";"155Â 253";"KA01";" -1";"7";"13";"0";"1";"9";"1";""
"202100025974";"155Â 251";"A01";"2";"7";"0";"2";"3";"17";"1";""
"202100025974";"155Â 252";"B01";"1";"7";"0";"2";"3";"1";"1";""
"202100025975";"155Â 249";"Z01";"2";"7";"0";"2";"0";"0";"0";""
"202100025975";"155Â 250";"A01";"2";"7";"6";"2";"3";"1";"1";""
"202100025976";"155Â 248";"A01";"2";"7";"8";"0";"1";"13";"1";""
"202100025977";"155Â 246";"A01";"3";"7";"0";"9";"2";"15";"1";""
"202100025977";"155Â 247";"B01";"3";"1";"0";"2";"0";"0";"5";""
"202100025978";"155Â 244";"B01";"1";"33";"0";"2";"1";"1";"1";""
"202100025978";"155Â 245";"A01";"1";"7";"0";"2";"7";"19";"1";""
"202100025979";"155Â 243";"A01";"2";"7";"1";"0";"6";"26";"1";""
"202100025980";"155Â 241";"A01";"2";"7";"0";"2";"1";"1";"1";""
"202100025980";"155Â 242";"B01";"1";"7";"0";"2";"1";"15";"1";""
"202100025981";"155Â 239";"B01";"1";"7";"0";"2";"4";"1";"1";""
"202100025981";"155Â 240";"A01";"1";"7";"0";"2";"2";"17";"1";""
"202100025982";"155Â 237";"B01";"2";"1";"0";"2";"1";"1";"0";""
"202100025982";"155Â 238";"A01";"1";"7";"0";"2";"1";"15";"1";""
"202100025983";"155Â 236";"A01";"1";"33";"6";"0";"1";"14";"1";""
"202100025984";"155Â 232";"D01";"3";"7";"0";"2";"4";"23";"1";""
"202100025984";"155Â 233";"C01";"3";"7";"0";"2";"4";"2";"1";""
"202100025984";"155Â 234";"B01";"3";"7";"0";"2";"4";"2";"1";""
"202100025984";"155Â 235";"A01";"3";"7";"0";"2";"1";"2";"1";""
"202100025985";"155Â 231";"A01";"0";"7";"8";"0";"1";"1";"1";""
"202100025986";"155Â 229";"Z01";"3";"7";"0";"2";"0";"5";"1";""
"202100025986";"155Â 230";"B01";"1";"7";"0";"2";"5";"1";"1";""
"202100025987";"155Â 227";"A01";"0";"7";"0";"2";"3";"15";"0";""
"202100025987";"155Â 228";"B01";"1";"32";"0";"2";"3";"1";"1";""
"202100025988";"155Â 225";"B01";"1";"33";"0";"2";"8";"1";"1";""
"202100025988";"155Â 226";"A01";"1";"7";"0";"2";"2";"16";"1";""
"202100025989";"155Â 223";"B01";"1";"7";"0";"9";"2";"16";"1";""
"202100025989";"155Â 224";"A01";"2";"1";"0";"2";"1";"19";"5";""
"202100025990";"155Â 221";"B01";"1";"7";"0";"2";"1";"2";"1";""
"202100025990";"155Â 222";"A01";"1";"2";"0";"2";"4";"26";"1";""
"202100025991";"155Â 220";"A01";"2";"2";"0";"0";"0";"26";"1";""
"202100025992";"155Â 218";"B01";"3";"33";"0";"2";"7";"1";"1";""
"202100025992";"155Â 219";"A01";"3";"7";"0";"2";"3";"9";"1";""
"202100025993";"155Â 217";"A01";"1";"7";"8";"0";"3";"15";"1";""
"202100025994";"155Â 216";"A01";"2";"30";"0";"1";"1";"26";"1";""
"202100025995";"155Â 214";"B01";"1";"7";"0";"2";"4";"2";"1";""
"202100025995";"155Â 215";"A01";"1";"7";"0";"2";"1";"2";"1";""
"202100025996";"155Â 213";"A01";"0";"7";"15";"0";"1";"25";"0";""
"202100025997";"155Â 210";"B01";"1";"7";"0";"2";"1";"1";"1";""
"202100025997";"155Â 211";"C01";"1";"2";"0";"0";"8";"16";"1";""
"202100025997";"155Â 212";"A01";"2";"7";"0";"2";"2";"15";"1";""
"202100025998";"155Â 208";"A01";"1";"7";"0";"2";"2";"13";"1";""
"202100025998";"155Â 209";"B01";"1";"30";"0";"2";"8";"0";"1";""
"202100025999";"155Â 206";"B01";"1";"30";"0";"2";"3";"1";"1";""
"202100025999";"155Â 207";"A01";"1";"7";"0";"2";"2";"16";"1";""
"202100026000";"155Â 205";"Z01";"2";"30";"0";"1";"1";"1";"1";""
"202100026001";"155Â 204";"A01";"3";"7";"6";"0";"1";"1";"1";""
"202100026002";"155Â 202";"A01";"3";"7";"0";"2";"3";"15";"1";""
"202100026002";"155Â 203";"B01";"3";"34";"0";"2";"1";"1";"1";""
"202100026003";"155Â 200";"A01";"1";"7";"0";"9";"5";"16";"1";""
"202100026003";"155Â 201";"B01";"1";"1";"0";"2";"1";"1";"5";""
"202100026004";"155Â 198";"A01";"1";"7";"0";"2";"2";"9";"1";""
"202100026004";"155Â 199";"B01";"1";"7";"0";"2";"3";"1";"1";""
"202100026005";"155Â 195";"B01";"2";"32";"0";"2";"3";"3";"1";""
"202100026005";"155Â 196";"C01";"2";"7";"0";"2";"4";"1";"1";""
"202100026005";"155Â 197";"A01";"2";"7";"0";"2";"7";"14";"1";""
"202100026006";"155Â 193";"B01";"1";"7";"0";"2";"5";"23";"1";""
"202100026006";"155Â 194";"A01";"1";"7";"0";"2";"3";"13";"1";""
"202100026007";"155Â 192";"A01";"2";"50";"1";"0";"1";"13";"3";""
"202100026008";"155Â 190";"A01";"3";"33";"0";"2";"1";"15";"1";""
"202100026008";"155Â 191";"B01";"2";"7";"0";"2";"8";"1";"2";""
"202100026009";"155Â 188";"B01";"1";"34";"0";"2";"4";"1";"1";""
"202100026009";"155Â 189";"A01";"1";"7";"8";"2";"1";"1";"0";""
"202100026010";"155Â 187";"A01";"0";"1";"15";"0";"1";"1";"5";""
"202100026011";"155Â 185";"Z01";"1";"7";"0";"2";"1";"1";"0";""
"202100026011";"155Â 186";"A01";"1";"1";"0";"2";"1";"1";"5";""
"202100026012";"155Â 183";"A01";"2";"32";"0";"2";"2";"5";"1";""
"202100026012";"155Â 184";"B01";"2";"32";"0";"2";"1";"1";"1";""
"202100026013";"155Â 180";"A01";"3";"31";"0";"1";"2";"1";"1";""
"202100026014";"155Â 178";"A01";"1";"7";"0";"2";"0";"0";"1";""
"202100026014";"155Â 179";"B01";"1";"34";"0";"2";"0";"0";"0";""
"202100026015";"155Â 176";"A01";"3";"7";"0";"2";"2";"19";"1";""
"202100026015";"155Â 177";"B01";"0";"0";"0";"0";"7";"0";" -1";""
"202100026016";"155Â 174";"B01";"1";"7";"0";"2";"4";"2";"1";""
"202100026016";"155Â 175";"A01";"2";"43";"0";"2";"1";"1";"1";""
"202100026017";"155Â 172";"A01";"2";"7";"0";"2";"7";"1";"1";""
"202100026017";"155Â 173";"B01";"2";"7";"0";"2";"1";"1";"3";""
"202100026018";"155Â 170";"B01";"2";"33";"0";"2";"8";"18";"1";""
"202100026018";"155Â 171";"A01";"2";"36";"0";"2";"2";"16";"1";""
"202100026019";"155Â 169";"A01";"1";"33";"12";"0";"1";"3";"1";""
"202100026020";"155Â 167";"A01";"0";"33";"0";"0";"0";"0";"1";""
"202100026020";"155Â 168";"B01";"3";"7";"0";"9";"3";"0";"0";""
"202100026021";"155Â 165";"A01";"2";"1";"0";"2";"1";"1";"5";""
"202100026021";"155Â 166";"B01";"2";"7";"0";"0";"4";"1";"1";""
"202100026022";"155Â 163";"A01";"1";"33";"0";"2";"1";"1";"1";""
"202100026022";"155Â 164";"B01";"2";"7";"0";"2";"7";"19";"1";""
"202100026023";"155Â 162";"A01";"1";"7";"12";"0";"3";"1";"1";""
"202100026024";"155Â 161";"A01";"2";"33";"0";"0";"1";"26";"1";""
"202100026025";"155Â 160";"A01";"3";"1";"12";"0";"1";"26";"5";""
"202100026026";"155Â 159";"A01";"2";"7";"7";"0";"9";"1";"1";""
"202100026027";"155Â 157";"A01";"2";"7";"0";"2";"6";"15";"1";""