"Num_Acc";"id_vehicule";"num_veh";"senc";"catv";"obs";"obsm";"choc";"manv";"motor";"occutc"
"202100026027";"155Â 158";"B01";"2";"32";"0";"2";"2";"17";"1";""
"202100026028";"155Â 156";"A01";"1";"36";"8";"0";"1";"1";"1";""
"202100026029";"155Â 155";"A01";"1";"7";"4";"0";"4";"1";"1";""
"202100026030";"155Â 154";"A01";"1";"7";"2";"0";"3";"1";"1";""
"202100026031";"155Â 151";"A01";"2";"7";"0";"2";"3";"0";"1";""
"202100026031";"155Â 152";"B01";"1";"7";"0";"2";"3";"1";"0";""
"202100026031";"155Â 153";"C01";"2";"7";"0";"2";"3";"1";"1";""
"202100026032";"155Â 149";"B01";"0";"13";"0";"2";"1";"1";"1";""
"202100026032";"155Â 150";"A01";"0";"7";"0";"2";"1";"13";"1";""
"202100026033";"155Â 147";"B01";"1";"13";"0";"2";"3";"1";"1";""
"202100026033";"155Â 148";"A01";"2";"7";"0";"2";"3";"13";"1";""
"202100026034";"155Â 145";"A01";"2";"33";"0";"2";"3";"13";"1";""
"202100026034";"155Â 146";"B01";"1";"7";"0";"2";"8";"1";"1";""
"202100026035";"155Â 144";"A01";"1";"7";"11";"0";"1";"1";"1";""
"202100026036";"155Â 142";"B01";"1";"15";"0";"2";"6";"1";"1";""
"202100026036";"155Â 143";"A01";"1";"10";"0";"2";"2";"17";"1";""
"202100026037";"155Â 140";"A01";"3";"2";"8";"0";"7";"21";"1";""
"202100026038";"155Â 139";"A01";"1";"33";"0";"0";"8";"1";"1";""
"202100026039";"155Â 137";"A01";"3";"2";"0";"2";"2";"1";"1";""
"202100026039";"155Â 138";"B01";"3";"7";"0";"2";"2";"1";"1";""
"202100026040";"155Â 135";"B01";"1";"21";"0";"0";"4";"2";"1";""
"202100026040";"155Â 136";"A01";"1";"7";"0";"2";"1";"2";"1";""
"202100026041";"155Â 133";"A01";"1";"7";"0";"2";"3";"13";"1";""
"202100026041";"155Â 134";"B01";"2";"7";"0";"2";"3";"16";"1";""
"202100026042";"155Â 131";"A01";"2";"7";"0";"2";"8";"15";"1";""
"202100026042";"155Â 132";"B01";"1";"33";"0";"2";"1";"1";"1";""
"202100026043";"155Â 130";"A01";"1";"7";"0";"0";"1";"1";"1";""
"202100026044";"155Â 128";"A01";"2";"7";"0";"2";"3";"1";"1";""
"202100026044";"155Â 129";"B01";"1";"7";"0";"2";"3";"1";"1";""
"202100026045";"155Â 127";"A01";"1";"33";"0";"0";"7";"1";"1";""
"202100026046";"155Â 125";"B01";"2";"2";"0";"2";"8";"15";"1";""
"202100026046";"155Â 126";"A01";"2";"7";"0";"2";"1";"1";"1";""
"202100026047";"155Â 124";"A01";"0";"7";"13";"0";"1";"1";"1";""
"202100026048";"155Â 123";"A01";"2";"7";"2";"0";"3";"13";"1";""
"202100026049";"155Â 121";"B01";"3";"7";"0";"2";"1";"1";"1";""
"202100026049";"155Â 122";"A01";"3";"7";"0";"2";"1";"1";"1";""
"202100026050";"155Â 119";"B01";"3";"7";"0";"2";"6";"1";"1";""
"202100026050";"155Â 120";"A01";"3";"33";"0";"2";"1";"1";"1";""
"202100026051";"155Â 117";"B01";"2";"7";"0";"2";"3";"1";"1";""
"202100026051";"155Â 118";"A01";"1";"7";"0";"2";"1";"1";"1";""
"202100026052";"155Â 116";"A01";"3";"2";"9";"0";"1";"1";"1";""
"202100026053";"155Â 114";"A01";"1";"7";"0";"2";"1";"1";"1";""
"202100026053";"155Â 115";"B01";"2";"7";"0";"2";"3";"15";"1";""
"202100026054";"155Â 112";"A01";"1";"7";"14";"2";"1";"6";"1";""
"202100026054";"155Â 113";"B01";"2";"7";"0";"2";"1";"1";"1";""
"202100026055";"155Â 110";"B01";"1";"7";"0";"2";"4";"1";"1";""
"202100026055";"155Â 111";"A01";"1";"7";"0";"2";"1";"1";"1";""
"202100026056";"155Â 109";"A01";"1";"33";"11";"0";"1";"17";"1";""
"202100026057";"155Â 107";"A01";"0";"7";"0";"2";"3";"15";"1";""
"202100026057";"155Â 108";"B01";"0";"7";"0";"2";"3";"14";"1";""
"202100026058";"155Â 106";"A01";"1";"7";"17";"0";"1";"13";"1";""
"202100026059";"155Â 104";"A01";"1";"7";"0";"2";"1";"1";"1";""
"202100026059";"155Â 105";"B01";"2";"7";"0";"2";"1";"5";"1";""
"202100026060";"155Â 103";"A01";"2";"7";"12";"0";"9";"14";"1";""
"202100026061";"155Â 102";"A01";"3";"7";"13";"0";"1";"1";"0";""
"202100026062";"155Â 100";"B01";"2";"7";"13";"0";"3";"21";"1";""
"202100026062";"155Â 101";"A01";"1";"7";"0";"0";"0";"19";"1";""
"202100026063";"155Â 099";"A01";"2";"7";"2";"0";"1";"15";"1";""
"202100026064";"155Â 097";"B01";"0";"7";"0";"9";"3";"16";"0";""
"202100026064";"155Â 098";"A01";"2";"1";"0";"2";"7";"1";"5";""
"202100026065";"155Â 094";"A01";"1";"7";"2";"0";"1";"13";"1";""
"202100026066";"155Â 092";"A01";"1";"7";"0";"2";"3";"13";"1";""
"202100026066";"155Â 093";"B01";"2";"1";"0";"2";"1";"1";"6";""
"202100026067";"155Â 091";"A01";"1";"7";"0";"1";"3";"1";"1";""
"202100026068";"155Â 089";"B01";"1";"7";"0";"2";"1";"1";"1";""
"202100026068";"155Â 090";"A01";"2";"7";"0";"2";"7";"17";"1";""
"202100026069";"155Â 087";"B01";"1";"7";"0";"2";"1";"17";"1";""
"202100026069";"155Â 088";"A01";"1";"7";"0";"0";"8";"15";"1";""
"202100026070";"155Â 086";"A01";"1";"7";"0";"0";"1";"0";"1";""
"202100026071";"155Â 084";"B01";"2";"7";"0";"2";"3";"1";"1";""
"202100026071";"155Â 085";"A01";"0";"7";"0";"2";"3";"15";"1";""
"202100026072";"155Â 083";"A01";"1";"38";"0";"0";"1";"1";"1";"14"
"202100026073";"155Â 079";"D01";"1";"7";"0";"2";"1";"1";"1";""
"202100026073";"155Â 080";"C01";"1";"7";"0";"2";"3";"1";"1";""
"202100026073";"155Â 081";"A01";"2";"7";"0";"2";"3";"13";"1";""
"202100026073";"155Â 082";"B01";"2";"7";"13";"2";"1";"2";"1";""
"202100026074";"155Â 077";"A01";"1";"10";"0";"2";"1";"13";"1";""
"202100026074";"155Â 078";"B01";"2";"38";"0";"2";"3";"1";"1";"6"
"202100026075";"155Â 076";"A01";"3";"7";"2";"0";"1";"26";"1";""
"202100026076";"155Â 074";"B01";"1";"7";"0";"2";"8";"10";"1";""
"202100026076";"155Â 075";"A01";"1";"31";"0";"2";"1";"1";"1";""
"202100026077";"155Â 073";"A01";"0";"2";"12";"0";"1";"0";"1";""
"202100026078";"155Â 072";"A01";"1";"7";"13";"0";"2";"1";"1";""
"202100026079";"155Â 071";"A01";"1";"33";"0";"0";"0";"21";"1";""
"202100026080";"155Â 069";"A01";"1";"14";"0";"2";"1";"1";"1";""
"202100026080";"155Â 070";"B01";"1";"7";"0";"2";"1";"19";"1";""
"202100026081";"155Â 068";"A01";"1";"7";"0";"0";"9";"13";"1";""
"202100026082";"155Â 067";"A01";"1";"7";"0";"0";"0";"1";"1";""
"202100026083";"155Â 066";"A01";"1";"33";"3";"0";"0";"1";"1";""
"202100026084";"155Â 064";"A01";"1";"10";"0";"2";"8";"2";"1";""
"202100026084";"155Â 065";"B01";"1";"33";"0";"2";"1";"2";"1";""
"202100026085";"155Â 063";"A01";"3";"1";"0";"0";"0";"1";"5";""
"202100026086";"155Â 061";"B01";"1";"7";"0";"2";"1";"13";"1";""
"202100026086";"155Â 062";"A01";"2";"7";"0";"2";"3";"13";"1";""
"202100026087";"155Â 059";"A01";"3";"7";"0";"2";"2";"15";"1";""
"202100026087";"155Â 060";"B01";"2";"33";"0";"0";"1";"1";"1";""
"202100026088";"155Â 057";"B01";"1";"7";"0";"2";"3";"1";"1";""
"202100026088";"155Â 058";"A01";"3";"1";"0";"2";"1";"19";"5";""
"202100026089";"155Â 055";"A01";"3";"50";"0";"0";"8";"19";"3";""
"202100026089";"155Â 056";"B01";"3";"43";"0";"2";"1";"1";"1";""
"202100026090";"155Â 053";"A01";"0";"38";"0";"9";"2";"1";"1";"1"
"202100026090";"155Â 054";"B01";"0";"1";"0";"2";"1";"5";"0";""
"202100026091";"155Â 052";"A01";"1";"7";"0";"0";"1";"17";"1";""
"202100026092";"155Â 051";"A01";"2";"7";"4";"0";"3";"1";"1";""
"202100026093";"155Â 050";"A01";"1";"7";"4";"0";"2";"14";"1";""
"202100026094";"155Â 049";"A01";"1";"7";"3";"0";"1";"1";"1";""
"202100026095";"155Â 048";"A01";"1";"7";"4";"0";"2";"14";"1";""
"202100026096";"155Â 045";"A01";"1";"7";"0";"2";"1";"2";"1";""
"202100026096";"155Â 046";"B01";"1";"7";"0";"2";"1";"2";"1";""
"202100026096";"155Â 047";"C01";"1";"7";"0";"2";"4";"2";"1";""
"202100026097";"155Â 043";"A01";"2";"7";"4";"2";"8";"2";"1";""
"202100026097";"155Â 044";"B01";"2";"7";"4";"2";"2";"14";"1";""
"202100026098";"155Â 041";"B01";"2";"7";"0";"2";"4";"23";"1";""
"202100026098";"155Â 042";"A01";"2";"32";"1";"0";"1";"2";"1";""
"202100026099";"155Â 040";"A01";"1";"7";"0";"0";"3";"2";"1";""
"202100026100";"155Â 039";"A01";"2";"7";"6";"0";"1";"26";"1";""
"202100026101";"155Â 038";"A01";"2";"33";"4";"0";"8";"21";"1";""
"202100026102";"155Â 036";"A01";"1";"7";"0";"2";"5";"23";"1";""
"202100026102";"155Â 037";"B01";"1";"7";"1";"0";"8";"21";"2";""
"202100026103";"155Â 034";"Z01";"1";"0";"0";"2";"0";"0";"0";""
"202100026103";"155Â 035";"A01";"1";"32";"0";"2";"7";"1";"1";""
"202100026104";"155Â 033";"A01";"1";"50";"0";"1";"0";"25";"3";""
"202100026105";"155Â 032";"A01";"1";"7";"0";"1";"2";"1";"1";""
"202100026106";"155Â 030";"A01";"2";"37";"0";"2";"1";"1";"1";"1"
"202100026106";"155Â 031";"B01";"2";"7";"0";"2";"4";"16";"1";""
"202100026107";"155Â 028";"B01";"1";"99";"0";"2";"1";"1";"6";""
"202100026107";"155Â 029";"A01";"1";"30";"0";"2";"1";"1";"1";""
"202100026108";"155Â 026";"B01";"2";"7";"0";"2";"1";"0";"1";""
"202100026108";"155Â 027";"A01";"1";"7";"0";"2";"1";"13";"1";""
"202100026109";"155Â 025";"A01";"2";"37";"0";"1";"2";"2";"1";"1"
"202100026110";"155Â 024";"A01";"2";"32";"4";"0";"8";"1";"1";""
"202100026111";"155Â 023";"A01";"2";"7";"0";"1";"2";"11";"1";""
"202100026112";"155Â 020";"C01";"1";"7";"0";"2";"2";"1";"1";""
"202100026112";"155Â 021";"B01";"1";"7";"0";"2";"6";"1";"1";""
"202100026112";"155Â 022";"A01";"1";"34";"0";"2";"1";"1";"1";""
"202100026113";"155Â 018";"B01";"3";"7";"0";"2";"7";"1";"1";""
"202100026113";"155Â 019";"A01";"3";"7";"0";"2";"1";"1";"1";""
"202100026114";"155Â 016";"A01";"3";"42";"1";"2";"1";"5";"1";""
"202100026114";"155Â 017";"B01";"3";"10";"0";"2";"1";"9";"1";""
"202100026115";"155Â 014";"A01";"1";"7";"0";"2";"2";"15";"0";""
"202100026115";"155Â 015";"B01";"2";"33";"0";"2";"8";"1";"1";""
"202100026116";"155Â 013";"A01";"3";"34";"11";"0";"7";"26";"1";""
"202100026117";"155Â 011";"A01";"1";"7";"0";"2";"2";"19";"1";""
"202100026117";"155Â 012";"B01";"1";"7";"0";"2";"2";"1";"1";""
"202100026118";"155Â 009";"A01";"1";"10";"0";"2";"3";"20";"1";""
"202100026118";"155Â 010";"B01";"1";"30";"0";"2";"2";"1";"1";""
"202100026119";"155Â 007";"A01";"1";"30";"0";"2";"1";"1";"1";""
"202100026119";"155Â 008";"B01";"1";"37";"0";"2";"4";"1";"1";"1"
"202100026120";"155Â 005";"B01";"1";"7";"0";"2";"4";"15";"1";""
"202100026120";"155Â 006";"A01";"1";"7";"0";"2";"1";"1";"1";""
"202100026121";"155Â 004";"A01";"2";"7";"0";"0";"1";"14";"1";""
"202100026122";"155Â 000";"A01";"3";"7";"0";"2";"8";"15";"2";""
"202100026122";"155Â 001";"B01";"3";"2";"0";"2";"0";"0";"0";""
"202100026123";"154Â 998";"A01";"0";"7";"0";"2";"7";"15";"1";""
"202100026123";"154Â 999";"B01";"0";"7";"0";"2";"1";"21";"1";""
"202100026124";"154Â 996";"A01";"2";"30";"0";"2";"5";"26";"1";""
"202100026124";"154Â 997";"B01";"2";"7";"0";"2";"3";"26";"1";""
"202100026125";"154Â 994";"A01";"1";"7";"0";"2";"1";"15";"1";""
"202100026125";"154Â 995";"B01";"2";"7";"0";"2";"8";"1";"1";""
"202100026126";"154Â 992";"A01";"1";"7";"0";"2";"1";"1";"1";""
"202100026126";"154Â 993";"B01";"1";"7";"0";"2";"4";"23";"1";""
"202100026127";"154Â 990";"B01";"1";"1";"0";"2";"1";"0";"0";""
"202100026127";"154Â 991";"A01";"1";"7";"0";"2";"6";"16";"1";""
"202100026128";"154Â 988";"A01";"3";"33";"0";"2";"7";"19";"4";""
"202100026128";"154Â 989";"B01";"3";"7";"0";"2";"1";"1";"1";""
"202100026129";"154Â 986";"B01";"1";"7";"0";"2";"1";"1";"1";""
"202100026129";"154Â 987";"A01";"2";"7";"0";"2";"1";"15";"1";""
"202100026130";"154Â 985";"A01";"3";"30";"9";"0";"1";"26";"1";""
"202100026131";"154Â 983";"B01";"1";"37";"0";"2";"8";"1";"1";"1"
"202100026131";"154Â 984";"A01";"1";"7";"0";"2";"7";"12";"1";""
"202100026132";"154Â 981";"A01";"2";"7";"0";"2";"5";"14";"1";""
"202100026132";"154Â 982";"B01";"1";"1";"0";"2";"3";"0";"5";""
"202100026133";"154Â 979";"B01";"1";"33";"0";"2";"7";"26";"1";""
"202100026133";"154Â 980";"A01";"1";"1";"0";"2";"8";"26";"5";""
"202100026134";"154Â 978";"A01";"1";"7";"1";"0";"1";"13";"1";""
"202100026135";"154Â 977";"A01";"2";"10";"0";"2";"1";"14";"1";""
"202100026136";"154Â 975";"B01";"1";"7";"0";"2";"3";"1";"1";""
"202100026136";"154Â 976";"A01";"1";"7";"0";"2";"1";"13";"1";""
"202100026137";"154Â 973";"B01";"1";"7";"0";"2";"7";"1";"1";""
"202100026137";"154Â 974";"A01";"1";"7";"0";"2";"1";"19";"1";""
"202100026138";"154Â 971";"A01";"0";"7";"0";"2";"1";"16";"1";""
"202100026138";"154Â 972";"B01";"1";"1";"0";"2";"2";"2";"0";""
"202100026139";"154Â 969";"B01";"3";"30";"0";"2";"5";"1";"3";""
"202100026139";"154Â 970";"A01";"3";"7";"0";"2";"3";"1";"1";""
"202100026140";"154Â 968";"A01";"2";"30";"0";"0";"0";"1";"1";""
"202100026141";"154Â 967";"A01";"2";"7";"2";"0";"1";"14";"1";""
"202100026142";"154Â 966";"A01";"3";"7";"0";"1";"2";"1";"1";""
"202100026143";"154Â 964";"A01";"1";"7";"0";"2";"1";"1";"1";""
"202100026143";"154Â 965";"B01";"2";"7";"0";"2";"8";"1";"1";""
"202100026144";"154Â 962";"B01";"1";"7";"0";"2";"1";"1";"1";""
"202100026144";"154Â 963";"A01";"1";"7";"0";"2";"3";"26";"1";""
"202100026145";"154Â 961";"A01";"2";"30";"0";"0";"7";"1";"1";""
"202100026146";"154Â 958";"A01";"2";"7";"0";"2";"1";"1";"1";""
"202100026146";"154Â 959";"C01";"2";"7";"0";"2";"4";"1";"1";""
"202100026146";"154Â 960";"B01";"2";"7";"0";"2";"4";"1";"1";""
"202100026147";"154Â 956";"A01";"1";"7";"0";"2";"7";"1";"0";""
"202100026147";"154Â 957";"B01";"3";"7";"0";"2";"3";"16";"1";""
"202100026148";"154Â 954";"B01";"1";"7";"0";"2";"8";"1";"1";""
"202100026148";"154Â 955";"A01";"1";"30";"0";"2";"1";"9";"1";""
"202100026149";"154Â 952";"A01";"1";"43";"0";"2";"1";"12";"1";""
"202100026149";"154Â 953";"Z01";"1";"7";"0";"2";"5";"1";"0";""
"202100026150";"154Â 951";"A01";"1";"33";"4";"0";"1";"13";"1";""
"202100026151";"154Â 949";"A01";"3";"30";"0";"2";"4";"16";"1";""
"202100026151";"154Â 950";"Z01";"3";"7";"0";"2";"1";"1";"1";""
"202100026152";"154Â 947";"B01";"1";"1";"0";"2";"4";"17";"5";""
"202100026152";"154Â 948";"A01";"1";"7";"0";"2";"3";"13";"2";""
"202100026153";"154Â 945";"A01";"3";"33";"0";"2";"1";"2";"1";""
"202100026153";"154Â 946";"B01";"3";"7";"0";"2";"6";"23";"1";""
"202100026154";"154Â 943";"A01";"2";"7";"0";"2";"7";"1";"1";""
"202100026154";"154Â 944";"B01";"2";"7";"0";"2";"1";"1";"1";""
"202100026155";"154Â 941";"A01";"1";"30";"0";"2";"8";"2";"1";""
"202100026155";"154Â 942";"B01";"1";"32";"0";"2";"8";"2";"1";""
"202100026156";"154Â 940";"A01";"1";"50";"0";"1";"1";"1";"3";""
"202100026157";"154Â 938";"B01";"2";"1";"1";"0";"3";"1";"5";""
"202100026157";"154Â 939";"A01";"2";"7";"0";"2";"2";"22";"1";""
"202100026158";"154Â 937";"A01";"3";"7";"0";"2";"2";"1";"1";""
"202100026159";"154Â 935";"Z01";"1";"7";"0";"2";"3";"2";"1";""
"202100026159";"154Â 936";"A01";"1";"7";"0";"2";"4";"23";"1";""
"202100026160";"154Â 934";"Z01";"1";"7";"0";"1";"3";"1";"3";""
"202100026161";"154Â 933";"A01";"2";"50";"0";"0";"0";"1";"3";""
"202100026162";"154Â 932";"A01";"0";"50";"12";"0";"1";"21";"3";""
"202100026163";"154Â 930";"B01";"1";"13";"1";"2";"2";"22";"1";""
"202100026163";"154Â 931";"A01";"1";"80";"12";"2";"7";"26";"3";""
"202100026164";"154Â 929";"A01";"3";"7";"8";"0";"1";"1";"1";""
"202100026165";"154Â 927";"A01";"3";"10";"0";"2";"1";"1";"1";""
"202100026165";"154Â 928";"B01";"3";"7";"0";"2";"9";"1";"1";""
"202100026166";"154Â 926";"Z01";"2";"30";"0";"1";"1";"17";"0";""
"202100026167";"154Â 924";"B01";"2";"7";"0";"2";"6";"20";"1";""
"202100026167";"154Â 925";"A01";"2";"7";"0";"2";"1";"1";"1";""
"202100026168";"154Â 923";"A01";"2";"43";"0";"1";"1";"1";"1";""
"202100026169";"154Â 921";"B01";"1";"34";"0";"2";"3";"1";"1";""
"202100026169";"154Â 922";"A01";"2";"7";"0";"2";"1";"10";"1";""
"202100026170";"154Â 918";"C01";"2";"7";"0";"2";"1";"1";"1";""
"202100026170";"154Â 919";"A01";"1";"7";"0";"2";"1";"2";"1";""
"202100026170";"154Â 920";"B01";"1";"7";"0";"0";"4";"1";"1";""
"202100026171";"154Â 916";"B01";"1";"33";"0";"2";"9";"15";"1";""
"202100026171";"154Â 917";"A01";"2";"21";"0";"2";"6";"16";"1";""
"202100026172";"154Â 914";"A01";"1";"7";"0";"2";"1";"1";"1";""
"202100026172";"154Â 915";"B01";"1";"2";"0";"2";"8";"19";"1";""
"202100026173";"154Â 912";"A01";"1";"7";"3";"2";"5";"12";"1";""
"202100026173";"154Â 913";"B01";"1";"7";"3";"2";"3";"1";"1";""
"202100026174";"154Â 910";"B01";"1";"7";"0";"0";"4";"24";"1";""
"202100026174";"154Â 911";"A01";"1";"7";"1";"0";"1";"1";"1";""
"202100026175";"154Â 909";"A01";"1";"33";"13";"0";"0";"17";"1";""
"202100026176";"154Â 907";"B01";"1";"33";"0";"2";"3";"2";"1";""
"202100026176";"154Â 908";"A01";"1";"7";"0";"0";"5";"23";"1";""
"202100026177";"154Â 905";"B01";"2";"7";"0";"2";"1";"1";"3";""
"202100026177";"154Â 906";"A01";"1";"7";"0";"2";"7";"19";"1";""
"202100026178";"154Â 904";"A01";"1";"7";"2";"0";"1";"0";"1";""
"202100026179";"154Â 901";"C01";"1";"7";"14";"0";"3";"1";"1";""
"202100026179";"154Â 902";"B01";"1";"7";"0";"0";"8";"23";"1";""
"202100026179";"154Â 903";"A01";"1";"7";"3";"0";"7";"1";"1";""
"202100026180";"154Â 899";"A01";"1";"7";"0";"2";"3";"13";"1";""
"202100026180";"154Â 900";"B01";"2";"33";"0";"2";"1";"1";"1";""
"202100026181";"154Â 896";"B01";"2";"38";"0";"2";"3";"1";"1";"1"
"202100026181";"154Â 897";"A01";"1";"7";"0";"2";"1";"13";"1";""
"202100026182";"154Â 895";"A01";"1";"1";"0";"9";"1";"1";"5";""
"202100026183";"154Â 893";"A01";"3";"7";"1";"2";"2";"1";"1";""
"202100026183";"154Â 894";"B01";"3";"7";"0";"0";"7";"0";"1";""
"202100026184";"154Â 892";"A01";"2";"7";"13";"0";"1";"16";"1";""
"202100026185";"154Â 891";"A01";"3";"7";"0";"0";"9";"15";"1";""
"202100026186";"154Â 888";"A01";"2";"7";"2";"0";"1";"1";"1";""
"202100026187";"154Â 886";"B01";"1";"7";"8";"0";"8";"15";"1";""
"202100026187";"154Â 887";"A01";"2";"99";"0";"2";"3";"1";"1";""
"202100026188";"154Â 884";"B01";"2";"7";"0";"2";"7";"1";"2";""
"202100026188";"154Â 885";"A01";"1";"7";"0";"2";"1";"1";"1";""
"202100026189";"154Â 879";"A01";"0";"10";"0";"2";"3";"1";"1";""
"202100026189";"154Â 880";"B01";"0";"1";"0";"2";"2";"1";"5";""
"202100026190";"154Â 877";"B01";"3";"7";"0";"2";"3";"1";"1";""
"202100026190";"154Â 878";"A01";"3";"33";"0";"2";"1";"13";"1";""
"202100026191";"154Â 876";"A01";"1";"7";"14";"0";"3";"5";"1";""
"202100026192";"154Â 875";"A01";"2";"7";"0";"0";"9";"1";"1";""
"202100026193";"154Â 874";"A01";"2";"1";"8";"0";"1";"1";"5";""
"202100026194";"154Â 873";"A01";"3";"7";"13";"0";"2";"1";"1";""
"202100026195";"154Â 871";"B01";"2";"21";"0";"0";"6";"15";"1";""
"202100026195";"154Â 872";"A01";"2";"7";"0";"2";"2";"17";"1";""
"202100026196";"154Â 869";"A01";"3";"7";"0";"9";"3";"1";"1";""
"202100026196";"154Â 870";"B01";"3";"1";"0";"2";"2";"19";"5";""
"202100026197";"154Â 868";"A01";"1";"7";"2";"0";"0";"0";"1";""
"202100026198";"154Â 867";"A01";"1";"7";"13";"0";"2";"14";"1";""
"202100026199";"154Â 865";"A01";"2";"7";"0";"2";"2";"1";"1";""
"202100026199";"154Â 866";"B01";"2";"30";"0";"2";"1";"9";"1";""
"202100026200";"154Â 862";"A01";"2";"7";"0";"2";"1";"5";"1";""
"202100026200";"154Â 863";"B01";"1";"7";"0";"2";"1";"1";"1";""
"202100026200";"154Â 864";"C01";"1";"7";"0";"2";"1";"1";"1";""
"202100026201";"154Â 861";"A01";"1";"7";"13";"0";"3";"1";"3";""
"202100026202";"154Â 860";"A01";"2";"1";"0";"0";"0";"26";"5";""
"202100026203";"154Â 858";"A01";"1";"31";"0";"2";"3";"16";"1";""
"202100026203";"154Â 859";"B01";"2";"7";"0";"2";"3";"15";"1";""
"202100026204";"154Â 857";"A01";"1";"7";"15";"0";"0";"0";"1";""
"202100026205";"154Â 855";"A01";"1";"7";"0";"0";"4";"1";"1";""
"202100026205";"154Â 856";"B01";"2";"7";"0";"2";"1";"2";"0";""
"202100026206";"154Â 853";"A01";"3";"33";"0";"2";"1";"1";"1";""
"202100026206";"154Â 854";"B01";"0";"7";"0";"2";"3";"15";"1";""
"202100026207";"154Â 851";"B01";"2";"7";"0";"2";"1";"1";"1";""
"202100026207";"154Â 852";"A01";"1";"7";"0";"2";"1";"13";"1";""
"202100026208";"154Â 849";"B01";"2";"1";"0";"2";"0";"2";"0";""
"202100026208";"154Â 850";"A01";"2";"7";"0";"2";"5";"2";"1";""
"202100026209";"154Â 848";"A01";"2";"7";"13";"0";"1";"1";"1";""
"202100026210";"154Â 847";"A01";"0";"2";"0";"0";"3";"0";"1";""
"202100026211";"154Â 846";"A01";"2";"2";"7";"0";"1";"1";"1";""
"202100026212";"154Â 845";"A01";"0";"7";"2";"0";"1";"1";"1";""
"202100026213";"154Â 844";"A01";"1";"7";"2";"0";"9";"17";"1";""
"202100026214";"154Â 843";"A01";"2";"7";"17";"0";"1";"1";"1";""
"202100026215";"154Â 842";"A01";"1";"7";"6";"0";"3";"1";"1";""
"202100026216";"154Â 841";"A01";"1";"7";"13";"0";"1";"1";"1";""
"202100026217";"154Â 839";"B01";"2";"7";"0";"2";"0";"2";"1";""
"202100026217";"154Â 840";"A01";"2";"7";"3";"0";"0";"13";"1";""
"202100026218";"154Â 838";"A01";"1";"31";"0";"0";"8";"1";"1";""
"202100026219";"154Â 836";"B01";"2";"7";"0";"2";"3";"1";"1";""
"202100026219";"154Â 837";"A01";"2";"7";"0";"2";"5";"26";"1";""
"202100026220";"154Â 834";"A01";"3";"7";"0";"9";"1";"1";"1";""
"202100026220";"154Â 835";"B01";"3";"50";"0";"2";"8";"1";"3";""
"202100026221";"154Â 832";"B01";"2";"7";"1";"2";"3";"1";"1";""
"202100026221";"154Â 833";"A01";"2";"7";"0";"2";"3";"13";"1";""
"202100026222";"154Â 827";"E01";"3";"7";"0";"2";"6";"1";"1";""
"202100026222";"154Â 828";"D01";"3";"7";"0";"2";"1";"1";"1";""
"202100026222";"154Â 829";"C01";"3";"7";"13";"2";"1";"1";"1";""
"202100026222";"154Â 830";"B01";"3";"33";"13";"2";"1";"13";"1";""
"202100026222";"154Â 831";"A01";"3";"33";"0";"2";"1";"13";"1";""
"202100026223";"154Â 826";"A01";"1";"33";"15";"0";"9";"17";"1";""
"202100026224";"154Â 825";"A01";"2";"7";"6";"0";"1";"1";"1";""
"202100026225";"154Â 823";"A01";"2";"7";"0";"2";"1";"2";"1";""
"202100026225";"154Â 824";"B01";"2";"30";"0";"0";"4";"2";"3";""
"202100026226";"154Â 821";"B01";"1";"10";"0";"2";"3";"1";"1";""
"202100026226";"154Â 822";"A01";"2";"10";"0";"2";"3";"5";"1";""
"202100026227";"154Â 820";"A01";"1";"33";"0";"0";"0";"1";"1";""
"202100026228";"154Â 818";"B01";"3";"33";"0";"2";"1";"1";"1";""
"202100026228";"154Â 819";"A01";"3";"10";"0";"2";"3";"1";"1";""
"202100026229";"154Â 816";"A01";"0";"1";"0";"2";"3";"13";"5";""
"202100026229";"154Â 817";"B01";"0";"10";"0";"2";"3";"21";"1";""
"202100026230";"154Â 814";"B01";"2";"7";"0";"2";"2";"5";"1";""
"202100026230";"154Â 815";"A01";"1";"3";"3";"0";"6";"1";"1";""
"202100026231";"154Â 813";"A01";"1";"7";"2";"0";"1";"14";"1";""
"202100026232";"154Â 811";"B01";"1";"7";"0";"0";"1";"10";"1";""
"202100026232";"154Â 812";"A01";"1";"33";"0";"0";"7";"1";"1";""
"202100026233";"154Â 809";"B01";"2";"7";"0";"0";" -1";"19";"1";""
"202100026233";"154Â 810";"A01";"1";"33";"0";"0";"9";"1";"1";""
"202100026234";"154Â 808";"A01";"3";"33";"0";"0";"9";"1";"1";""
"202100026235";"154Â 806";"B01";"1";"7";"0";"2";"8";"13";"1";""
"202100026235";"154Â 807";"A01";"2";"7";"0";"2";"3";"1";"1";""
"202100026236";"154Â 804";"A01";"1";"7";"0";"2";"3";"11";"1";""
"202100026236";"154Â 805";"B01";"1";"7";"0";"2";"2";"1";"1";""
"202100026237";"154Â 802";"A01";"1";"10";"0";"1";"3";"0";"1";""
"202100026237";"154Â 803";"B01";"1";"7";"0";"1";"1";"0";"1";""
"202100026238";"154Â 800";"A01";"2";"7";"0";"0";"1";"1";"1";""
"202100026239";"154Â 798";"B01";"2";"7";"0";"2";"1";"1";"1";""