"Num_Acc";"id_vehicule";"num_veh";"senc";"catv";"obs";"obsm";"choc";"manv";"motor";"occutc"
"202100026239";"154Â 799";"A01";"1";"7";"0";"2";"1";"0";"1";""
"202100026240";"154Â 796";"B01";"1";"7";"0";"2";"2";"2";"1";""
"202100026240";"154Â 797";"A01";"1";"7";"0";"1";"1";"1";"1";""
"202100026241";"154Â 793";"A01";"2";"7";"0";"2";"4";"1";"1";""
"202100026241";"154Â 794";"C01";"2";"10";"0";"2";"1";"2";"1";""
"202100026241";"154Â 795";"B01";"2";"7";"0";"2";"1";"2";"1";""
"202100026242";"154Â 791";"A01";"1";"15";"0";"2";"3";"2";"1";""
"202100026242";"154Â 792";"B01";"1";"7";"0";"2";"1";"2";"1";""
"202100026243";"154Â 790";"A01";"1";"10";"3";"0";"1";"1";"1";""
"202100026244";"154Â 788";"B01";"2";"7";"0";"2";"2";"14";"1";""
"202100026244";"154Â 789";"A01";"2";"7";"0";"2";"6";"1";"2";""
"202100026245";"154Â 785";"A01";"1";"7";"0";"2";"4";"23";"1";""
"202100026245";"154Â 786";"B01";"1";"7";"0";"2";"1";"23";"1";""
"202100026245";"154Â 787";"C01";"1";"7";"0";"2";"1";"2";"1";""
"202100026246";"154Â 784";"A01";"1";"7";"0";"0";"9";"13";"1";""
"202100026247";"154Â 779";"D01";"2";"7";"0";"2";"4";"2";"1";""
"202100026247";"154Â 780";"C01";"2";"7";"0";"2";"4";"2";"1";""
"202100026247";"154Â 781";"E01";"2";"10";"0";"2";"4";"2";"0";""
"202100026247";"154Â 782";"B01";"2";"7";"0";"2";"4";"2";"1";""
"202100026247";"154Â 783";"A01";"2";"7";"0";"2";"1";"2";"1";""
"202100026248";"154Â 778";"A01";"1";"7";"4";"0";"3";"21";"1";""
"202100026249";"154Â 777";"A01";"1";"7";"4";"2";"7";"1";"1";""
"202100026250";"154Â 775";"B01";"1";"34";"0";"2";"1";"1";"1";""
"202100026250";"154Â 776";"A01";"1";"10";"0";"2";"8";"13";"1";""
"202100026251";"154Â 773";"B01";"1";"33";"0";"2";"0";"3";"1";""
"202100026251";"154Â 774";"A01";"1";"33";"0";"2";"0";"3";"1";""
"202100026252";"154Â 771";"B01";"1";"37";"0";"2";"7";"1";"1";"1"
"202100026252";"154Â 772";"A01";"1";"7";"0";"1";"1";"26";"1";""
"202100026253";"154Â 770";"Z01";"1";"32";"0";"1";"1";"2";"1";""
"202100026254";"154Â 769";"A01";"1";"7";"0";"1";"5";"4";"1";""
"202100026255";"154Â 767";"A01";"1";"7";"4";"0";"2";"1";"1";""
"202100026256";"154Â 766";"A01";"3";"7";"0";"1";"1";"15";"1";""
"202100026257";"154Â 765";"A01";"3";"7";"1";"0";"2";"1";"1";""
"202100026258";"154Â 764";"A01";"1";"7";"0";"1";"2";"16";"1";""
"202100026259";"154Â 762";"B01";"1";"1";"0";"2";"4";"1";"5";""
"202100026259";"154Â 763";"A01";"1";"7";"0";"2";"1";"1";"0";""
"202100026260";"154Â 761";"A01";"2";"7";"0";"1";"3";"15";"5";""
"202100026261";"154Â 759";"A01";"3";"31";"0";"2";"4";"23";"1";""
"202100026261";"154Â 760";"B01";"3";"7";"0";"2";"1";"26";"1";""
"202100026262";"154Â 757";"A01";"1";"7";"0";"2";"2";"15";"1";""
"202100026262";"154Â 758";"B01";"2";"33";"0";"2";"1";"1";"1";""
"202100026263";"154Â 755";"A01";"1";"7";"0";"2";"1";"17";"1";""
"202100026263";"154Â 756";"B01";"1";"7";"0";"2";"1";"1";"1";""
"202100026264";"154Â 753";"B01";"1";"7";"0";"2";"5";"2";"1";""
"202100026264";"154Â 754";"A01";"1";"30";"0";"2";"1";"21";"1";""
"202100026265";"154Â 751";"B01";"1";"1";"0";"2";"6";"1";"5";""
"202100026265";"154Â 752";"A01";"1";"7";"0";"2";"2";"12";"2";""
"202100026266";"154Â 749";"A01";"2";"7";"0";"2";"5";"4";"1";""
"202100026266";"154Â 750";"B01";"2";"7";"0";"2";"1";"1";"1";""
"202100026267";"154Â 748";"A01";"0";"30";"0";"0";"0";"0";"1";""
"202100026268";"154Â 747";"A01";"1";"7";"1";"0";"4";"1";"1";""
"202100026269";"154Â 745";"A01";"3";"7";"0";"2";"2";"14";"1";""
"202100026269";"154Â 746";"B01";"3";"7";"0";"2";"3";"1";"1";""
"202100026270";"154Â 743";"A01";"3";"30";"0";"2";"8";"16";"1";""
"202100026270";"154Â 744";"B01";"2";"7";"0";"2";"3";"1";"1";""
"202100026271";"154Â 739";"B01";"3";"16";"0";"2";"2";"15";"1";""
"202100026271";"154Â 740";"A01";" -1";"7";"8";"2";"1";"1";"1";""
"202100026272";"154Â 737";"B01";"1";"1";"0";"2";"1";"2";"5";""
"202100026272";"154Â 738";"A01";"1";"15";"8";"0";"1";"16";"1";""
"202100026273";"154Â 734";"B01";"1";"7";"0";"2";"7";"1";"1";""
"202100026273";"154Â 735";"C01";"1";"7";"0";"2";"1";"1";"1";""
"202100026273";"154Â 736";"A01";"2";"7";"0";"2";"8";"15";"1";""
"202100026274";"154Â 732";"A01";"2";"10";"0";"2";"1";"26";"1";""
"202100026274";"154Â 733";"B01";"2";"7";"0";"2";"4";"23";"1";""
"202100026275";"154Â 730";"A01";"1";"7";"0";"2";"7";"16";"1";""
"202100026275";"154Â 731";"B01";"1";"80";"0";"2";"8";"1";"3";""
"202100026276";"154Â 728";"A01";"0";"33";"0";"2";"1";"17";"1";""
"202100026276";"154Â 729";"B01";"0";"7";"0";"2";"8";"0";"1";""
"202100026277";"154Â 726";"A01";"1";"7";"0";"2";"5";"26";"1";""
"202100026277";"154Â 727";"B01";"2";"33";"0";"2";"1";"15";"1";""
"202100026278";"154Â 725";"A01";"1";"33";"0";"2";"8";"21";"1";""
"202100026279";"154Â 723";"A01";"1";"7";"0";"2";"5";"1";"1";""
"202100026279";"154Â 724";"B01";"1";"1";"0";"2";"1";"1";"5";""
"202100026280";"154Â 720";"B01";"1";"7";"0";"2";"9";"2";"1";""
"202100026280";"154Â 721";"A01";"1";"7";"0";"2";"1";"2";"1";""
"202100026280";"154Â 722";"C01";"1";"7";"0";"2";"4";"2";"1";""
"202100026281";"154Â 715";"A01";"2";"7";"0";"2";"1";"2";"1";""
"202100026281";"154Â 716";"B01";"2";"7";"0";"2";"4";"2";"1";""
"202100026281";"154Â 717";"C01";"2";"7";"0";"2";"4";"1";"1";""
"202100026281";"154Â 718";"D01";"1";"7";"0";"2";"1";"1";"1";""
"202100026281";"154Â 719";"E01";"1";"7";"0";"2";"1";"1";"1";""
"202100026282";"154Â 714";"A01";"1";"32";"0";"0";"0";"1";"1";""
"202100026283";"154Â 712";"B01";"2";"7";"0";"2";"7";"0";"1";""
"202100026283";"154Â 713";"A01";"2";"30";"0";"2";"8";"18";"1";""
"202100026284";"154Â 711";"A01";"2";"80";"0";"0";"0";"16";"3";""
"202100026285";"154Â 709";"B01";"3";"30";"0";"2";"3";"1";"3";""
"202100026285";"154Â 710";"A01";"3";"7";"0";"2";"2";"19";"1";""
"202100026286";"154Â 708";"A01";"1";"33";"0";"0";"0";"1";"1";""
"202100026287";"154Â 706";"A01";"2";"7";"0";"2";"3";"15";"1";""
"202100026287";"154Â 707";"B01";"1";"33";"0";"2";"8";"1";"1";""
"202100026288";"154Â 704";"A01";"2";"7";"0";"2";"3";"9";"1";""
"202100026288";"154Â 705";"B01";"2";"7";"0";"2";"1";"1";"1";""
"202100026289";"154Â 702";"A01";"3";"7";"0";"2";"1";"26";"1";""
"202100026289";"154Â 703";"B01";"3";"33";"0";"2";"8";"1";"1";""
"202100026290";"154Â 701";"A01";"1";"7";"0";"1";"2";"1";"1";""
"202100026291";"154Â 696";"A01";"1";"30";"12";"0";"8";"1";"1";""
"202100026292";"154Â 694";"A01";"1";"7";"0";"2";"8";"15";"1";""
"202100026292";"154Â 695";"B01";"1";"7";"0";"2";"2";"1";"1";""
"202100026293";"154Â 693";"A01";"0";"40";"0";"1";"1";"1";"3";""
"202100026294";"154Â 691";"B01";"1";"50";"0";"0";"4";"0";"3";""
"202100026294";"154Â 692";"A01";"1";"7";"0";"2";"0";"26";"0";""
"202100026295";"154Â 690";"A01";"2";"30";"0";"1";"1";"1";"1";""
"202100026296";"154Â 688";"A01";"1";"7";"0";"2";"1";"26";"1";""
"202100026296";"154Â 689";"B01";"1";"1";"0";"2";"8";"26";"5";""
"202100026297";"154Â 687";"A01";"1";"50";"0";"0";"0";"26";"3";""
"202100026298";"154Â 686";"A01";"1";"10";"0";"1";"3";"26";"1";""
"202100026299";"154Â 685";"A01";"0";"41";"0";"9";"1";"1";"1";""
"202100026300";"154Â 682";"A01";"3";"7";"1";"0";"2";"26";"1";""
"202100026301";"154Â 680";"A01";"0";"32";"0";"4";"1";"6";"1";""
"202100026301";"154Â 681";"B01";"0";"40";"0";"2";"3";"1";"3";""
"202100026302";"154Â 678";"A01";"1";"31";"0";"9";"1";"17";"1";""
"202100026302";"154Â 679";"B01";"2";"7";"0";"2";"3";"16";"1";""
"202100026303";"154Â 675";"A01";"1";"10";"0";"2";"1";"2";"1";""
"202100026303";"154Â 676";"B01";"1";"7";"0";"2";"4";"23";"1";""
"202100026303";"154Â 677";"C01";"1";"7";"0";"2";"4";"23";"1";""
"202100026304";"154Â 674";"A01";"2";"7";"0";"0";"9";"1";"1";""
"202100026305";"154Â 672";"B01";"3";"7";"0";"2";"4";"1";"1";""
"202100026305";"154Â 673";"A01";"3";"7";"0";"2";"1";"1";"1";""
"202100026306";"154Â 670";"A01";"3";"7";"0";"2";"6";"15";"1";""
"202100026306";"154Â 671";"B01";"3";"7";"0";"2";"2";"16";"1";""
"202100026307";"154Â 668";"B01";"3";"33";"0";"2";"8";"1";"1";""
"202100026307";"154Â 669";"A01";"3";"7";"0";"2";"2";"15";"1";""
"202100026308";"154Â 666";"B01";"1";"1";"0";"2";"3";"1";"5";""
"202100026308";"154Â 667";"A01";"1";"7";"0";"2";"2";"16";"1";""
"202100026309";"154Â 664";"B01";"2";"7";"0";"2";"1";"1";"1";""
"202100026309";"154Â 665";"A01";"1";"7";"0";"2";"1";"13";"1";""
"202100026310";"154Â 662";"A01";"1";"14";"0";"2";"8";"15";"1";""
"202100026310";"154Â 663";"B01";"1";"1";"0";"2";"1";"1";"5";""
"202100026311";"154Â 660";"B01";"1";"7";"0";"2";"3";"9";"1";""
"202100026311";"154Â 661";"A01";"2";"33";"0";"2";"1";"3";"1";""
"202100026312";"154Â 658";"A01";"1";"7";"1";"0";"2";"26";"1";""
"202100026312";"154Â 659";"B01";"1";"10";"0";"2";"6";"24";"0";""
"202100026313";"154Â 656";"B01";"1";"7";"1";"2";"7";"1";"1";""
"202100026313";"154Â 657";"A01";"1";"7";"1";"2";"2";"1";"1";""
"202100026314";"154Â 654";"A01";"2";"7";"0";"9";"3";"9";"1";""
"202100026314";"154Â 655";"B01";"2";"1";"0";"2";"1";"26";"5";""
"202100026315";"154Â 652";"A01";"2";"7";"15";"2";"1";"1";"1";""
"202100026315";"154Â 653";"B01";"1";"7";"0";"2";"3";"1";"1";""
"202100026316";"154Â 651";"A01";"3";"7";"0";"1";"3";"15";"1";""
"202100026317";"154Â 649";"B01";"1";"2";"0";"2";"1";"1";"1";""
"202100026317";"154Â 650";"A01";"2";"7";"0";"2";"2";"20";"1";""
"202100026318";"154Â 648";"A01";"3";"7";"1";"0";"1";"16";"1";""
"202100026319";"154Â 646";"B01";"2";"31";"0";"2";"1";"1";"1";""
"202100026319";"154Â 647";"A01";"1";"7";"0";"2";"8";"10";"1";""
"202100026320";"154Â 645";"A01";"2";"10";"0";"1";"3";"9";"1";""
"202100026321";"154Â 644";"A01";"2";"7";"13";"0";"1";"14";"1";""
"202100026322";"154Â 642";"A01";"0";"7";"0";"2";"3";"9";"1";""
"202100026322";"154Â 643";"B01";"0";"1";"0";"2";"2";"1";"5";""
"202100026323";"154Â 640";"B01";"1";"7";"0";"2";"8";"19";"1";""
"202100026323";"154Â 641";"A01";"1";"7";"0";"2";"1";"7";"1";""
"202100026324";"154Â 638";"A01";"3";"13";"0";"2";"2";"17";"0";""
"202100026324";"154Â 639";"B01";"0";"7";"0";"2";"3";"16";"1";""
"202100026325";"154Â 637";"A01";"3";"10";"0";"1";"1";"15";"1";""
"202100026326";"154Â 635";"A01";"3";"30";"0";"2";"1";"17";"1";""
"202100026326";"154Â 636";"B01";"3";"7";"0";"2";"8";"10";"2";""
"202100026327";"154Â 634";"A01";"3";"10";"0";"1";"1";"1";"1";""
"202100026328";"154Â 633";"A01";"2";"80";"0";"0";"1";"1";"3";""
"202100026329";"154Â 631";"A01";"1";"50";"0";"0";"1";"1";"3";""
"202100026330";"154Â 629";"B01";"2";"50";"0";"2";"1";"1";"3";""
"202100026330";"154Â 630";"A01";"2";"7";"0";"2";"3";"22";"2";""
"202100026331";"154Â 627";"A01";"2";"10";"0";"2";"8";"22";"1";""
"202100026331";"154Â 628";"B01";"2";"1";"0";"2";"1";"1";"5";""
"202100026332";"154Â 626";"A01";"2";"32";"0";"1";"8";"17";"1";""
"202100026333";"154Â 624";"A01";"1";"7";"0";"2";"8";"10";"2";""
"202100026333";"154Â 625";"B01";"1";"32";"0";"2";"1";"15";"1";""
"202100026334";"154Â 622";"Z01";"2";"10";"0";"2";"0";"22";"0";""
"202100026334";"154Â 623";"A01";"2";"1";"0";"2";"0";"1";"0";""
"202100026335";"154Â 621";"A01";"2";"33";"8";"0";"1";"13";"1";""
"202100026336";"154Â 619";"B01";"2";"33";"0";"2";"1";"1";"1";""
"202100026336";"154Â 620";"A01";"2";"7";"0";"2";"3";"4";"1";""
"202100026337";"154Â 618";"A01";"3";"7";"0";"1";"8";"15";"1";""
"202100026338";"154Â 616";"B01";"1";"2";"0";"2";"6";"1";"1";""
"202100026338";"154Â 617";"A01";"2";"7";"0";"2";"2";"1";"1";""
"202100026339";"154Â 613";"B01";"1";"37";"0";"2";"2";"1";"1";"1"
"202100026339";"154Â 614";"A01";"1";"7";"0";"2";"3";"15";"1";""
"202100026340";"154Â 611";"B01";"1";"33";"0";"2";"4";"0";"1";""
"202100026340";"154Â 612";"A01";"1";"10";"0";"2";"1";"1";"1";""
"202100026341";"154Â 609";"A01";"1";"7";"0";"2";"7";"1";"0";""
"202100026341";"154Â 610";"B01";"3";"7";"0";"2";"3";"0";"0";""
"202100026342";"154Â 607";"A01";"2";"7";"0";"2";"3";"15";"1";""
"202100026342";"154Â 608";"B01";"1";"33";"0";"2";"1";"1";"1";""
"202100026343";"154Â 606";"A01";"1";"7";"0";"1";"1";"26";"1";""
"202100026344";"154Â 605";"A01";"1";"7";"0";"2";"2";"21";"1";""
"202100026345";"154Â 603";"A01";"1";"7";"0";"2";"1";"9";"1";""
"202100026345";"154Â 604";"B01";"1";"7";"0";"2";"7";"1";"1";""
"202100026346";"154Â 602";"A01";"1";"10";"0";"1";"4";"4";"1";""
"202100026347";"154Â 600";"B01";"1";"7";"0";"2";"4";"26";"1";""
"202100026347";"154Â 601";"A01";"2";"30";"0";"2";"1";"26";"0";""
"202100026348";"154Â 598";"B01";"3";"15";"0";"0";"0";"0";"1";""
"202100026348";"154Â 599";"A01";"3";"33";"0";"2";"0";"0";"0";""
"202100026349";"154Â 597";"A01";"1";"33";"0";"1";"2";"0";"0";""
"202100026350";"154Â 595";"B01";"1";"7";"0";"2";"4";"23";"1";""
"202100026350";"154Â 596";"A01";"1";"10";"0";"2";"1";"1";"1";""
"202100026351";"154Â 593";"A01";"3";"10";"0";"2";"1";"1";"1";""
"202100026351";"154Â 594";"B01";"3";"33";"0";"2";"8";"1";"1";""
"202100026352";"154Â 591";"A01";"1";"7";"0";"2";"3";"1";"1";""
"202100026352";"154Â 592";"B01";"1";"2";"0";"2";"2";"19";"1";""
"202100026353";"154Â 590";"A01";"1";"7";"0";"1";"1";"1";"1";""
"202100026354";"154Â 588";"B01";"1";"7";"0";"2";"8";"24";"0";""
"202100026354";"154Â 589";"A01";"1";"50";"1";"0";"1";"26";"3";""
"202100026355";"154Â 586";"B01";"2";"1";"1";"0";"0";"0";"5";""
"202100026355";"154Â 587";"A01";"2";"7";"0";"2";"3";"24";"2";""
"202100026356";"154Â 584";"B01";"2";"7";"0";"2";"3";"1";"1";""
"202100026356";"154Â 585";"A01";"1";"7";"0";"2";"2";"19";"1";""
"202100026357";"154Â 583";"A01";"2";"2";"13";"0";"1";"14";"1";""
"202100026358";"154Â 581";"B01";"2";"7";"0";"2";"3";"1";"1";""
"202100026358";"154Â 582";"A01";"1";"3";"0";"2";"3";"1";"1";""
"202100026359";"154Â 579";"A01";"2";"17";"0";"0";"0";"17";"1";""
"202100026359";"154Â 580";"B01";"2";"1";"0";"0";"2";"21";"5";""
"202100026360";"154Â 576";"B01";"1";"2";"0";"2";"1";"1";"1";""
"202100026360";"154Â 577";"A01";"2";"7";"0";"2";"2";"15";"1";""
"202100026361";"154Â 574";"B01";"1";"33";"0";"0";"4";"16";"1";""
"202100026361";"154Â 575";"A01";"1";"7";"0";"2";"2";"2";"1";""
"202100026362";"154Â 572";"B01";"2";"10";"0";"0";"1";"1";"1";""
"202100026362";"154Â 573";"A01";"1";"7";"0";"0";"1";"5";"1";""
"202100026363";"154Â 571";"A01";"2";"7";"16";"0";"9";"1";"1";""
"202100026364";"154Â 569";"A01";"2";"7";"0";"2";"1";"15";"1";""
"202100026364";"154Â 570";"B01";"1";"7";"0";"2";"1";"1";"1";""
"202100026365";"154Â 567";"B01";"1";"10";"0";"2";"3";"1";"1";""
"202100026365";"154Â 568";"A01";"2";"31";"0";"2";"1";"5";"1";""
"202100026366";"154Â 566";"A01";"2";"7";"0";"1";"5";"4";"1";""
"202100026367";"154Â 562";"A01";"3";"7";"0";"2";"6";"17";"1";""
"202100026367";"154Â 563";"B01";"3";"33";"0";"2";"1";"17";"1";""
"202100026368";"154Â 561";"A01";"3";"7";"6";"0";"1";"15";"1";""
"202100026369";"154Â 559";"A01";"1";"7";"2";"9";"7";"14";"1";""
"202100026369";"154Â 560";"B01";"1";"7";"2";"9";"2";"14";"1";""
"202100026370";"154Â 557";"A01";"3";"7";"0";"2";"3";"15";"1";""
"202100026370";"154Â 558";"B01";"1";"33";"0";"2";"1";"1";"1";""
"202100026371";"154Â 556";"A01";"3";"2";"0";"0";"2";"16";"1";""
"202100026372";"154Â 555";"A01";"1";"10";"9";"1";"1";"15";"1";""
"202100026373";"154Â 553";"A01";"1";"7";"0";"2";"1";"1";"1";""
"202100026373";"154Â 554";"B01";"2";"7";"0";"2";"1";"1";"1";""
"202100026374";"154Â 551";"A01";"1";"7";"0";"2";"2";"1";"1";""
"202100026374";"154Â 552";"B01";"1";"1";"0";"2";"5";"1";"5";""
"202100026375";"154Â 549";"A01";"2";"30";"0";"2";"1";"1";"1";""
"202100026375";"154Â 550";"B01";"1";"7";"0";"0";"4";"1";"1";""
"202100026376";"154Â 546";"C01";"1";"7";"0";"2";"2";"21";"1";""
"202100026376";"154Â 547";"B01";"1";"7";"0";"2";"6";"21";"1";""
"202100026376";"154Â 548";"A01";"2";"7";"0";"0";"0";"14";"0";""
"202100026377";"154Â 544";"A01";"1";"7";"0";"2";"6";"19";"1";""
"202100026377";"154Â 545";"B01";"1";"7";"0";"2";"2";"1";"1";""
"202100026378";"154Â 543";"A01";"1";"33";"0";"0";"8";"0";"1";""
"202100026379";"154Â 542";"A01";"1";"7";"2";"0";"1";"1";"1";""
"202100026380";"154Â 540";"A01";"1";"31";"0";"2";"1";"13";"1";""
"202100026380";"154Â 541";"B01";"2";"7";"0";"2";"3";"1";"1";""
"202100026381";"154Â 539";"A01";"1";"7";"13";"0";"2";"1";"0";""
"202100026382";"154Â 537";"B01";"1";"7";"0";"2";"1";"1";"1";""
"202100026382";"154Â 538";"A01";"1";"1";"0";"2";"8";"9";"0";""
"202100026383";"154Â 535";"B01";"1";"1";"0";"2";"4";"1";"5";""
"202100026383";"154Â 536";"A01";"2";"7";"0";"2";"2";"1";"1";""
"202100026384";"154Â 533";"B01";"2";"7";"0";"2";"3";"1";"1";""
"202100026384";"154Â 534";"A01";"1";"7";"0";"2";"3";"13";"1";""
"202100026385";"154Â 530";"A01";"2";"10";"1";"0";"2";"14";"1";""
"202100026385";"154Â 531";"B01";"2";"7";"4";"2";"6";"23";"1";""
"202100026385";"154Â 532";"C01";"2";"7";"0";"0";"6";"1";"1";""
"202100026386";"154Â 528";"A01";"1";"7";"0";"2";"3";"15";"1";""
"202100026386";"154Â 529";"B01";"2";"33";"0";"2";"8";"0";"1";""
"202100026387";"154Â 527";"A01";"1";"7";"2";"0";"2";"0";"1";""
"202100026388";"154Â 526";"A01";"2";"7";"2";"0";"1";"1";"1";""
"202100026389";"154Â 524";"B01";"3";"14";"0";"2";"6";"1";"1";""
"202100026389";"154Â 525";"A01";"3";"33";"0";"2";"9";"0";"1";""
"202100026390";"154Â 520";"A01";"2";"10";"0";"2";"1";"1";"1";""
"202100026390";"154Â 521";"D01";"2";"7";"0";"2";"4";"1";"1";""
"202100026390";"154Â 522";"C01";"2";"7";"0";"2";"4";"1";"1";""
"202100026390";"154Â 523";"B01";"2";"7";"0";"2";"4";"1";"1";""
"202100026391";"154Â 518";"B01";"1";"33";"0";"2";"1";"1";"1";""
"202100026391";"154Â 519";"A01";"2";"7";"0";"2";"1";"15";"2";""
"202100026392";"154Â 517";"A01";"1";"7";"2";"0";"3";"0";"1";""
"202100026393";"154Â 516";"A01";"1";"33";"0";"0";"2";"0";"1";""
"202100026394";"154Â 514";"B01";"1";"33";"0";"2";"6";"1";"1";""
"202100026394";"154Â 515";"A01";"2";"7";"0";"2";"2";"15";"1";""
"202100026395";"154Â 512";"B01";"2";"7";"0";"9";"7";"2";"0";""
"202100026395";"154Â 513";"A01";"2";"1";"0";"0";"8";"1";"5";""
"202100026396";"154Â 510";"B01";"2";"21";"0";"2";"6";"15";"1";""
"202100026396";"154Â 511";"A01";"2";"33";"0";"2";"1";"17";"1";""
"202100026397";"154Â 509";"A01";"1";"80";"0";"0";"7";"1";"3";""
"202100026398";"154Â 507";"A01";"1";"7";"0";"2";"1";"13";"1";""
"202100026398";"154Â 508";"B01";"2";"7";"0";"2";"1";"1";"1";""
"202100026399";"154Â 505";"A01";"1";"7";"0";"2";"1";"1";"1";""
"202100026399";"154Â 506";"B01";"1";"7";"0";"0";"4";"9";"1";""
"202100026400";"154Â 503";"B01";"2";"7";"0";"2";"3";"15";"1";""
"202100026400";"154Â 504";"A01";"2";"7";"0";"2";"1";"17";"1";""
"202100026401";"154Â 501";"A01";"2";"7";"0";"2";"1";"13";"1";""
"202100026401";"154Â 502";"B01";"1";"7";"0";"2";"1";"1";"1";""
"202100026402";"154Â 500";"A01";"0";"7";"0";"1";"1";"1";"1";""
"202100026403";"154Â 498";"A01";"1";"7";"0";"2";"4";"1";"1";""
"202100026403";"154Â 499";"B01";"1";"7";"0";"2";"1";"2";"1";""
"202100026404";"154Â 496";"A01";"1";"7";"0";"2";"1";"2";"1";""
"202100026404";"154Â 497";"B01";"1";"31";"0";"2";"0";"2";"3";""
"202100026405";"154Â 494";"A01";"2";"7";"0";"2";"4";"1";"1";""
"202100026405";"154Â 495";"B01";"2";"7";"0";"2";"1";"2";"1";""
"202100026406";"154Â 493";"A01";"2";"10";"0";"0";"9";"16";"1";""
"202100026407";"154Â 491";"B01";"2";"10";"0";"2";"6";"23";"1";""
"202100026407";"154Â 492";"A01";"2";"7";"1";"1";"2";"2";"1";""
"202100026408";"154Â 490";"A01";"1";"7";"3";"0";"2";"2";"1";""
"202100026409";"154Â 488";"B01";"1";"13";"0";"2";"3";"1";"1";""
"202100026409";"154Â 489";"A01";"1";"7";"0";"2";"3";"18";"1";""
"202100026410";"154Â 487";"A01";"2";"10";"4";"0";"2";"1";"1";""
"202100026411";"154Â 485";"A01";"1";"7";"0";"2";"7";"0";"1";""
"202100026411";"154Â 486";"B01";"1";"33";"0";"2";"0";"0";"1";""
"202100026412";"154Â 483";"A01";"2";"31";"0";"2";"7";"3";"0";""
"202100026412";"154Â 484";"B01";"2";"7";"0";"2";"8";"1";"1";""
"202100026413";"154Â 482";"A01";"3";"30";"0";"1";"7";"21";"1";""
"202100026414";"154Â 480";"A01";"3";"40";"0";"2";"0";"0";"3";""
"202100026414";"154Â 481";"B01";"0";"1";"0";"4";"1";"26";"5";""
"202100026415";"154Â 479";"A01";"0";"7";"0";"1";"1";"15";"1";""
"202100026416";"154Â 478";"A01";"1";"7";"0";"1";"1";"1";"1";""
"202100026417";"154Â 477";"A01";"3";"43";"0";"9";"3";"21";"1";""
"202100026418";"154Â 475";"A01";"1";"7";"0";"2";"4";"1";"1";""
"202100026418";"154Â 476";"B01";"1";"7";"0";"0";"4";"1";"1";""
"202100026419";"154Â 474";"A01";"1";"10";"4";"0";"0";"11";"1";""
"202100026420";"154Â 472";"B01";"1";"7";"0";"2";"3";"1";"1";""
"202100026420";"154Â 473";"A01";"1";"7";"0";"2";"2";"15";"1";""
"202100026421";"154Â 470";"A01";"2";"7";"0";"9";"6";"16";"1";""
"202100026421";"154Â 471";"B01";"3";"50";"0";"2";"2";"1";"3";""
"202100026422";"154Â 468";"B01";"2";"10";"0";"2";"2";"1";"1";""
"202100026422";"154Â 469";"A01";"2";"50";"0";"2";"2";"11";"3";""
"202100026423";"154Â 467";"A01";"3";"2";"0";"0";"0";"26";"1";""
"202100026424";"154Â 464";"C01";"1";"7";"0";"2";"4";"2";"1";""
"202100026424";"154Â 465";"B01";"1";"7";"3";"2";"4";"2";"1";""
"202100026424";"154Â 466";"A01";"1";"7";"0";"2";"1";"9";"1";""
"202100026425";"154Â 462";"A01";"1";"7";"0";"4";"4";"2";"1";""
"202100026425";"154Â 463";"B01";"1";"7";"14";"2";"1";"1";"1";""
"202100026426";"154Â 461";"A01";"2";"33";"3";"0";"1";"14";"1";""
"202100026427";"154Â 459";"B01";"1";"7";"0";"2";"1";"1";"1";""
"202100026427";"154Â 460";"A01";"3";"50";"0";"2";"8";"19";"3";""
"202100026428";"154Â 457";"B01";"1";"7";"0";"0";"8";"1";"1";""
"202100026428";"154Â 458";"A01";"2";"7";"0";"2";"2";"1";"1";""
"202100026429";"154Â 456";"A01";"1";"7";"1";"0";"1";"14";"1";""
"202100026430";"154Â 454";"B01";"1";"7";"0";"2";"3";"15";"1";""
"202100026430";"154Â 455";"A01";"1";"2";"0";"2";"2";"21";"1";""
"202100026431";"154Â 452";"B01";"1";"1";"1";"0";"1";"1";"5";""
"202100026431";"154Â 453";"A01";"1";"7";"0";"9";"7";"24";"1";""
"202100026432";"154Â 451";"A01";"3";"30";"0";"0";"7";"1";"1";""
"202100026433";"154Â 449";"B01";"2";"1";"0";"2";"1";"26";"0";""
"202100026433";"154Â 450";"A01";"2";"7";"0";"2";"6";"9";"1";""
"202100026434";"154Â 447";"A01";"1";"7";"0";"0";"0";"0";"1";""
"202100026434";"154Â 448";"B01";"2";"7";"0";"2";"1";"2";"1";""
"202100026435";"154Â 445";"B01";"1";"2";"1";"2";"1";"1";"1";""
"202100026435";"154Â 446";"A01";"2";"10";"0";"2";"2";"10";"1";""
"202100026436";"154Â 444";"A01";"2";"33";"0";"2";"1";"12";"1";""
"202100026437";"154Â 442";"B01";"0";"50";"0";"2";"1";"1";"3";""
"202100026437";"154Â 443";"A01";"0";"1";"0";"2";"1";"1";"5";""
"202100026438";"154Â 440";"B01";"1";"7";"0";"2";"0";"1";"0";""
"202100026438";"154Â 441";"A01";"1";"30";"0";"2";"2";"11";"0";""
"202100026439";"154Â 439";"A01";"2";"7";"2";"0";"1";"14";"0";""
"202100026440";"154Â 438";"A01";"1";"10";"0";"1";"1";"1";"1";""