"Num_Acc";"id_vehicule";"num_veh";"senc";"catv";"obs";"obsm";"choc";"manv";"motor";"occutc"
"202100026441";"154Â 436";"A01";"2";"7";"0";"2";"1";"9";"1";""
"202100026441";"154Â 437";"B01";"2";"1";"0";"2";"7";"1";"5";""
"202100026442";"154Â 434";"A01";"1";"7";"0";"2";"3";"20";"1";""
"202100026442";"154Â 435";"B01";"1";"1";"0";"2";"1";"1";"5";""
"202100026443";"154Â 432";"B01";"2";"30";"0";"2";"1";"1";"1";""
"202100026443";"154Â 433";"A01";"1";"7";"0";"2";"2";"1";"1";""
"202100026444";"154Â 430";"B01";"1";"1";"0";"2";"1";"1";"5";""
"202100026444";"154Â 431";"A01";"2";"7";"0";"2";"5";"23";"1";""
"202100026445";"154Â 428";"B01";"2";"60";"0";"2";"7";"19";"5";""
"202100026445";"154Â 429";"A01";"1";"7";"0";"2";"1";"1";"1";""
"202100026446";"154Â 426";"A01";"1";"3";"0";"2";"1";"15";"1";""
"202100026446";"154Â 427";"B01";"2";"32";"0";"2";"3";"1";"1";""
"202100026447";"154Â 425";"A01";"2";"2";"0";"1";"1";"26";"1";""
"202100026448";"154Â 423";"A01";"2";"30";"0";"2";"5";"9";"1";""
"202100026448";"154Â 424";"B01";"2";"7";"0";"2";"0";"0";"1";""
"202100026449";"154Â 421";"A01";"2";"7";"0";"2";"3";"9";"1";""
"202100026449";"154Â 422";"B01";"2";"32";"0";"2";"1";"1";"1";""
"202100026450";"154Â 420";"A01";"3";"2";"0";"0";"0";"26";"1";""
"202100026451";"154Â 419";"A01";"3";"31";"0";"0";"0";"26";"1";""
"202100026452";"154Â 417";"A01";"3";"7";"0";"2";"1";"1";"1";""
"202100026452";"154Â 418";"B01";"3";"7";"0";"2";"6";"24";"1";""
"202100026453";"154Â 415";"B01";"3";"7";"0";"9";"1";"0";"1";""
"202100026453";"154Â 416";"A01";"3";"30";"0";"2";"3";"19";"1";""
"202100026454";"154Â 414";"Z01";"3";"2";"0";"1";"1";"26";"1";""
"202100026455";"154Â 413";"A01";"1";"1";"16";"0";"0";"1";"5";""
"202100026456";"154Â 411";"B01";"1";"1";"0";"2";"1";"1";"5";""
"202100026456";"154Â 412";"A01";"1";"7";"0";"9";"6";"24";"1";""
"202100026457";"154Â 409";"A01";"3";"33";"0";"2";"1";"2";"1";""
"202100026457";"154Â 410";"B01";"3";"7";"0";"2";"4";"2";"1";""
"202100026458";"154Â 408";"A01";"1";"7";"0";"1";"1";"26";"1";""
"202100026459";"154Â 405";"C01";"1";"7";"0";"2";"1";"2";"1";""
"202100026459";"154Â 406";"B01";"1";"7";"0";"2";"4";"2";"1";""
"202100026459";"154Â 407";"A01";"1";"7";"0";"2";"6";"26";"1";""
"202100026460";"154Â 404";"A01";"2";"7";"17";"0";"9";"13";"1";""
"202100026461";"154Â 402";"A01";"3";"7";"0";"2";"3";"5";"1";""
"202100026461";"154Â 403";"B01";"3";"7";"0";"2";"3";"1";"1";""
"202100026462";"154Â 401";"A01";"1";"7";"1";"0";"1";"16";"1";""
"202100026463";"154Â 398";"C01";"1";"7";"0";"2";"0";"0";"1";""
"202100026463";"154Â 399";"B01";"1";"7";"0";"2";"0";"0";"1";""
"202100026463";"154Â 400";"A01";"1";"7";"0";"2";"0";"0";"1";""
"202100026464";"154Â 397";"A01";"2";"7";"0";"0";"1";"13";"1";""
"202100026465";"154Â 395";"B01";"2";"7";"0";"2";"1";"1";"1";""
"202100026465";"154Â 396";"A01";"1";"7";"0";"2";"1";"13";"1";""
"202100026466";"154Â 393";"B01";"3";"50";"0";"2";"3";"1";"3";""
"202100026466";"154Â 394";"A01";"1";"7";"0";"9";"8";"15";"1";""
"202100026467";"154Â 389";"A01";"3";"33";"0";"2";"7";"17";"1";""
"202100026467";"154Â 390";"B01";"3";"7";"0";"2";"8";"1";"1";""
"202100026468";"154Â 387";"B01";"0";"7";"0";"0";"0";"0";"1";""
"202100026468";"154Â 388";"A01";"2";"30";"0";"2";"0";"0";"1";""
"202100026469";"154Â 386";"A01";"1";"10";"0";"1";"2";"1";"1";""
"202100026470";"154Â 384";"B01";"2";"7";"0";"2";"3";"1";"1";""
"202100026470";"154Â 385";"A01";"2";"30";"0";"2";"1";"19";"1";""
"202100026471";"154Â 382";"B01";"0";"1";"0";"2";"2";"1";"0";""
"202100026471";"154Â 383";"A01";"0";"10";"0";"2";"3";"9";"1";""
"202100026472";"154Â 379";"B01";"2";"7";"0";"2";"7";"16";"1";""
"202100026472";"154Â 380";"A01";"2";"30";"0";"2";"8";"1";"1";""
"202100026473";"154Â 377";"A01";"2";"7";"0";"2";"7";"1";"1";""
"202100026473";"154Â 378";"B01";"2";"7";"0";"2";"3";"1";"1";""
"202100026474";"154Â 376";"A01";"2";"7";"2";"0";"1";"13";"1";""
"202100026475";"154Â 374";"B01";"2";"7";"0";"2";"5";"1";"1";""
"202100026475";"154Â 375";"A01";"2";"30";"0";"2";"1";"14";"1";""
"202100026476";"154Â 372";"A01";"1";"7";"0";"9";"2";"15";"1";""
"202100026476";"154Â 373";"B01";"1";"33";"0";"2";"8";"16";"1";""
"202100026477";"154Â 370";"B01";"3";"7";"0";"0";"3";"16";"2";""
"202100026477";"154Â 371";"A01";"3";"1";"0";"2";"2";"1";"5";""
"202100026478";"154Â 366";"B01";"1";"1";"0";"2";"1";"26";"0";""
"202100026478";"154Â 367";"A01";"1";"7";"0";"2";"3";"9";"1";""
"202100026479";"154Â 364";"A01";"3";"7";"0";"2";"7";"15";"2";""
"202100026479";"154Â 365";"B01";"3";"31";"0";"2";"1";"1";"0";""
"202100026480";"154Â 363";"A01";"1";"7";"0";"1";"7";"1";"1";""
"202100026481";"154Â 361";"A01";"1";"7";"0";"2";"3";"15";"1";""
"202100026481";"154Â 362";"B01";"1";"7";"0";"2";"2";"1";"1";""
"202100026482";"154Â 360";"Z01";"1";"33";"0";"1";"1";"17";"1";""
"202100026483";"154Â 359";"A01";"3";"7";"3";"0";"1";"0";"0";""
"202100026484";"154Â 357";"B01";"2";"7";"0";"0";"2";"15";"1";""
"202100026484";"154Â 358";"A01";"2";"33";"0";"2";"7";"1";"1";""
"202100026485";"154Â 355";"Z01";"3";"7";"0";"2";"1";"9";"0";""
"202100026485";"154Â 356";"B01";"1";"7";"0";"2";"7";"1";"1";""
"202100026486";"154Â 354";"A01";"3";"1";"12";"0";"0";"26";"5";""
"202100026487";"154Â 352";"A01";"3";"7";"0";"2";"2";"1";"1";""
"202100026487";"154Â 353";"B01";"3";"2";"0";"2";"4";"1";"1";""
"202100026488";"154Â 350";"B01";"2";"2";"0";"2";"2";"1";"1";""
"202100026488";"154Â 351";"A01";"3";"7";"0";"2";"3";"19";"1";""
"202100026489";"154Â 349";"B01";"1";"7";"0";"1";"1";"21";"1";""
"202100026490";"154Â 347";"B01";"1";"10";"0";"2";"4";"2";"1";""
"202100026490";"154Â 348";"A01";"1";"33";"0";"2";"1";"2";"1";""
"202100026491";"154Â 346";"A01";"1";"14";"0";"1";"3";"1";"1";""
"202100026492";"154Â 345";"Z01";"1";"30";"0";"1";"1";"1";"0";""
"202100026493";"154Â 343";"B01";"2";"32";"0";"2";"1";"1";"1";""
"202100026493";"154Â 344";"A01";"1";"50";"0";"2";"1";"12";"3";""
"202100026494";"154Â 341";"A01";"2";"14";"0";"2";"2";"17";"1";""
"202100026494";"154Â 342";"B01";"2";"7";"0";"2";"6";"22";"1";""
"202100026495";"154Â 339";"A01";"1";"7";"0";"2";"1";"2";"1";""
"202100026495";"154Â 340";"B01";"1";"30";"0";"2";"4";"2";"1";""
"202100026496";"154Â 338";"A01";"1";"10";"0";"1";"2";"16";"1";""
"202100026497";"154Â 336";"A01";"2";"30";"0";"2";"7";"5";"1";""
"202100026497";"154Â 337";"B01";"2";"7";"0";"2";"2";"15";"1";""
"202100026498";"154Â 335";"A01";"2";"50";"0";"1";"2";"25";"3";""
"202100026499";"154Â 333";"A01";"1";"32";"0";"2";"1";"2";"1";""
"202100026499";"154Â 334";"B01";"1";"7";"0";"2";"6";"23";"2";""
"202100026500";"154Â 331";"Z01";"2";"50";"0";"2";"5";"1";"3";""
"202100026500";"154Â 332";"A01";"2";"43";"0";"2";"2";"1";"1";""
"202100026501";"154Â 329";"B01";"2";"7";"0";"2";"6";"1";"1";""
"202100026501";"154Â 330";"A01";"2";"32";"0";"2";"5";"18";"1";""
"202100026502";"154Â 327";"A01";"2";"10";"0";"2";"2";"1";"3";""
"202100026502";"154Â 328";"B01";"2";"1";"0";"2";"3";"13";"5";""
"202100026503";"154Â 325";"A01";"2";"7";"0";"2";"8";"22";"2";""
"202100026503";"154Â 326";"B01";"2";"1";"0";"2";"1";"1";"5";""
"202100026504";"154Â 323";"A01";"2";"43";"0";"2";"8";"18";"1";""
"202100026504";"154Â 324";"B01";"2";"7";"0";"2";"2";"16";"2";""
"202100026505";"154Â 321";"A01";"1";"2";"0";"2";"3";"1";"1";""
"202100026505";"154Â 322";"B01";"2";"2";"0";"2";"8";"15";"1";""
"202100026506";"154Â 319";"A01";"1";"32";"0";"2";"1";"1";"1";""
"202100026506";"154Â 320";"B01";"2";"7";"0";"2";"6";"15";"1";""
"202100026507";"154Â 318";"A01";"2";"7";"0";"1";"3";"1";"2";""
"202100026508";"154Â 317";"A01";"2";"32";"0";"0";"0";"16";"1";""
"202100026509";"154Â 316";"A01";"1";"34";"4";"0";"3";"17";"1";""
"202100026510";"154Â 314";"B01";"3";"50";"12";"2";"2";"1";"3";""
"202100026510";"154Â 315";"Z01";"3";"30";"0";"9";"1";"0";"0";""
"202100026511";"154Â 312";"A01";"1";"7";"16";"2";"3";"9";"1";""
"202100026511";"154Â 313";"Z01";"1";"13";"16";"0";"0";"0";"1";""
"202100026512";"154Â 310";"B01";"1";"7";"0";"2";"4";"2";"1";""
"202100026512";"154Â 311";"Z01";"1";"7";"0";"2";"1";"2";"1";""
"202100026513";"154Â 308";"A01";"0";"7";"0";"2";"2";"15";"1";""
"202100026513";"154Â 309";"B01";"0";"33";"0";"2";"1";"1";"1";""
"202100026514";"154Â 306";"A01";"0";"14";"0";"2";"4";"16";"0";""
"202100026514";"154Â 307";"B01";"0";"7";"0";"2";"8";"16";"0";""
"202100026515";"154Â 305";"A01";"1";"7";"0";"1";"2";"1";"1";""
"202100026516";"154Â 303";"A01";"1";"10";"0";"2";"7";"15";"1";""
"202100026516";"154Â 304";"B01";"2";"2";"0";"2";"1";"1";"1";""
"202100026517";"154Â 301";"B01";"1";"32";"0";"2";"0";"0";"0";""
"202100026517";"154Â 302";"A01";"1";"7";"0";"2";"7";"15";"1";""
"202100026518";"154Â 299";"B01";"2";"33";"0";"2";"1";"1";"1";""
"202100026518";"154Â 300";"A01";"1";"7";"0";"2";"0";"15";"0";""
"202100026519";"154Â 297";"B01";"1";"1";"0";"2";"1";"17";"5";""
"202100026519";"154Â 298";"A01";"1";"7";"0";"2";"3";"22";"1";""
"202100026520";"154Â 294";"C01";"1";"7";"0";"2";"0";"0";"1";""
"202100026520";"154Â 295";"B01";"2";"7";"0";"2";"0";"5";"1";""
"202100026520";"154Â 296";"A01";"1";"7";"0";"2";"0";"2";"1";""
"202100026521";"154Â 292";"B01";"1";"13";"0";"2";"0";"0";"6";""
"202100026521";"154Â 293";"A01";"1";"7";"0";"0";"0";"1";"1";""
"202100026522";"154Â 290";"A01";"1";"7";"0";"9";"1";"1";"1";""
"202100026522";"154Â 291";"B01";"2";"1";"0";"2";"2";"15";"5";""
"202100026523";"154Â 287";"C01";"1";"7";"14";"0";"0";"1";"1";""
"202100026523";"154Â 288";"B01";"1";"17";"0";"0";"5";"1";"1";""
"202100026523";"154Â 289";"A01";"1";"7";"4";"2";"1";"14";"1";""
"202100026524";"154Â 286";"A01";"0";"7";"0";"1";"1";"16";"1";""
"202100026525";"154Â 285";"A01";"1";"7";"13";"0";"2";"1";"1";""
"202100026526";"154Â 283";"A01";"1";"7";"0";"2";"1";"2";"1";""
"202100026526";"154Â 284";"B01";"1";"7";"4";"0";"4";"1";"1";""
"202100026527";"154Â 281";"A01";"1";"7";"0";"2";"1";"15";"1";""
"202100026527";"154Â 282";"B01";"2";"33";"0";"2";"1";"17";"1";""
"202100026528";"154Â 277";"A01";"1";"7";"0";"0";"4";"23";"1";""
"202100026528";"154Â 278";"B01";"1";"7";"0";"2";"4";"23";"1";""
"202100026528";"154Â 279";"C01";"1";"17";"0";"2";"4";"2";"1";""
"202100026528";"154Â 280";"D01";"1";"17";"0";"2";"1";"2";"1";""
"202100026529";"154Â 275";"A01";"2";"7";"0";"2";"7";"1";"1";""
"202100026529";"154Â 276";"B01";"2";"7";"0";"2";"1";"1";"1";""
"202100026530";"154Â 273";"B01";"2";"7";"0";"0";"1";"26";"2";""
"202100026530";"154Â 274";"A01";"1";"3";"0";"0";"1";"26";"1";""
"202100026531";"154Â 271";"A01";"0";"7";"0";"2";"8";"15";"1";""
"202100026531";"154Â 272";"B01";"1";"33";"0";"2";"1";"1";"1";""
"202100026532";"154Â 269";"B01";"1";"14";"0";"0";"6";"1";"1";""
"202100026532";"154Â 270";"A01";"1";"7";"0";"2";"2";"17";"1";""
"202100026533";"154Â 266";"C01";"1";"1";"0";"2";"4";"2";"5";""
"202100026533";"154Â 267";"A01";"1";"7";"0";"9";"1";"2";"1";""
"202100026533";"154Â 268";"B01";"1";"1";"0";"2";"4";"2";"5";""
"202100026534";"154Â 264";"A01";"2";"7";"0";"2";"3";"2";"1";""
"202100026534";"154Â 265";"B01";"2";"33";"0";"2";"1";"2";"1";""
"202100026535";"154Â 262";"B01";"2";"1";"0";"2";"6";"16";"5";""
"202100026535";"154Â 263";"A01";"1";"7";"0";"2";"2";"9";"1";""
"202100026536";"154Â 261";"A01";"3";"7";"2";"0";"1";"0";"1";""
"202100026537";"154Â 260";"A01";"2";"33";"0";"6";"6";"1";"1";""
"202100026538";"154Â 258";"A01";"3";"7";"0";"0";"8";"1";"1";""
"202100026538";"154Â 259";"B01";"1";"7";"0";"2";"1";"1";"1";""
"202100026539";"154Â 257";"A01";"1";"7";"7";"0";"1";"1";"1";""
"202100026540";"154Â 255";"A01";"1";"33";"16";"2";"8";"26";"1";""
"202100026540";"154Â 256";"B01";"1";"21";"0";"2";"7";"15";"1";""
"202100026541";"154Â 253";"A01";"0";"7";"0";"2";"1";"1";"1";""
"202100026541";"154Â 254";"B01";"0";"50";"0";"2";"4";"26";"3";""
"202100026542";"154Â 251";"A01";"1";"10";"7";"2";"3";"13";"1";""
"202100026542";"154Â 252";"B01";"2";"10";"0";"2";"3";"13";"1";""
"202100026543";"154Â 250";"A01";"2";"7";"13";"0";"1";"13";"1";""
"202100026544";"154Â 249";"A01";"2";"33";"0";"5";"1";"1";"1";""
"202100026545";"154Â 248";"A01";"1";"7";"16";"0";"0";"2";"0";""
"202100026546";"154Â 247";"A01";"2";"7";"2";"0";"1";"16";"1";""
"202100026547";"154Â 244";"B01";"1";"2";"0";"2";"1";"1";"1";""
"202100026547";"154Â 245";"A01";"2";"7";"0";"2";"2";"15";"1";""
"202100026547";"154Â 246";"C01";"3";"7";"0";"9";"1";"23";"1";""
"202100026548";"154Â 243";"A01";"1";"10";"0";"1";"1";"1";"1";""
"202100026549";"154Â 242";"A01";"1";"1";"13";"0";"1";"0";"5";""
"202100026550";"154Â 240";"A01";"1";"1";"0";"2";"3";"1";"5";""
"202100026550";"154Â 241";"B01";"1";"14";"0";"2";"5";"17";"1";""
"202100026551";"154Â 239";"A01";"2";"10";"0";"1";"2";"1";"0";""
"202100026552";"154Â 237";"A01";"1";"7";"0";"2";"1";"1";"1";""
"202100026552";"154Â 238";"B01";"1";"14";"0";"2";"7";"1";"1";""
"202100026553";"154Â 236";"A01";"1";"7";"16";"0";"9";"14";"1";""
"202100026554";"154Â 233";"B01";"1";"7";"0";"2";"3";"1";"1";""
"202100026554";"154Â 234";"C01";"1";"21";"0";"2";"1";"16";"1";""
"202100026554";"154Â 235";"A01";"2";"7";"0";"2";"3";"13";"1";""
"202100026555";"154Â 231";"B01";"1";"33";"0";"2";"1";"1";"1";""
"202100026555";"154Â 232";"A01";"2";"7";"0";"2";"3";"9";"1";""
"202100026556";"154Â 229";"B01";"3";"7";"0";"2";"3";"19";"1";""
"202100026556";"154Â 230";"A01";"2";"7";"0";"2";"2";"1";"1";""
"202100026557";"154Â 227";"B01";"3";"33";"0";"0";"0";"1";"1";""
"202100026557";"154Â 228";"A01";"0";"7";"0";"0";"0";"9";"1";""
"202100026558";"154Â 225";"A01";"1";"7";"0";"2";"3";"1";"1";""
"202100026558";"154Â 226";"B01";"2";"2";"0";"2";"1";"1";"1";""
"202100026559";"154Â 224";"A01";"1";"7";"0";"0";"0";"21";"1";""
"202100026560";"154Â 222";"B01";"2";"33";"0";"2";"1";"1";"1";""
"202100026560";"154Â 223";"A01";"2";"7";"0";"0";"6";"10";"1";""
"202100026561";"154Â 221";"A01";"0";"7";"2";"0";"3";"2";"1";""
"202100026562";"154Â 220";"A01";"2";"7";"2";"0";"1";"1";"1";""
"202100026563";"154Â 219";"A01";"2";"7";"16";"0";"1";"26";"1";""
"202100026564";"154Â 217";"B01";"2";"7";"0";"2";"4";"1";"1";""
"202100026564";"154Â 218";"A01";"2";"7";"0";"2";"1";"17";"1";""
"202100026565";"154Â 215";"A01";"2";"7";"0";"2";"1";"13";"1";""
"202100026565";"154Â 216";"B01";"1";"7";"0";"2";"3";"1";"1";""
"202100026566";"154Â 212";"B01";"1";"7";"0";"2";"2";"1";"1";""
"202100026566";"154Â 213";"C01";"2";"17";"0";"2";"3";"1";"1";""
"202100026566";"154Â 214";"A01";"2";"7";"2";"2";"1";"17";"1";""
"202100026567";"154Â 211";"A01";"3";"33";"14";"0";"8";"1";"1";""
"202100026568";"154Â 210";"A01";"2";"7";"2";"0";"1";"1";"1";""
"202100026569";"154Â 209";"A01";"1";"0";"0";"1";"1";"1";"0";""
"202100026570";"154Â 207";"A01";"1";"7";"0";"2";"2";"19";"1";""
"202100026570";"154Â 208";"B01";"2";"7";"0";"2";"1";"1";"1";""
"202100026571";"154Â 206";"A01";"1";"31";"0";"1";"1";"1";"1";""
"202100026572";"154Â 205";"A01";"3";"33";"0";"0";"7";"1";"1";""
"202100026573";"154Â 203";"A01";"2";"31";"0";"2";"1";"1";"1";""
"202100026573";"154Â 204";"B01";"2";"7";"7";"2";"2";"1";"1";""
"202100026574";"154Â 201";"B01";"3";"7";"0";"2";"2";"1";"1";""
"202100026574";"154Â 202";"A01";"3";"33";"0";"2";"1";"0";"1";""
"202100026575";"154Â 200";"A01";"1";"7";"13";"0";"1";"14";"1";""
"202100026576";"154Â 199";"A01";"2";"7";"15";"0";"2";"0";"1";""
"202100026577";"154Â 198";"A01";"1";"2";"13";"0";"1";"1";"1";""
"202100026578";"154Â 196";"B01";"2";"2";"0";"2";"1";"1";"1";""
"202100026578";"154Â 197";"A01";"1";"7";"0";"2";"3";"15";"1";""
"202100026579";"154Â 194";"B01";"0";"1";"0";"2";"3";"1";"5";""
"202100026579";"154Â 195";"A01";"0";"31";"0";"9";"3";"17";"1";""
"202100026580";"154Â 193";"A01";"1";"33";"16";"0";"1";"1";"1";""
"202100026581";"154Â 192";"A01";"2";"7";"2";"0";"1";"1";"1";""
"202100026582";"154Â 190";"A01";"3";"7";"0";"2";"1";"16";"1";""
"202100026582";"154Â 191";"B01";"1";"31";"0";"2";"7";"1";"1";""
"202100026583";"154Â 187";"A01";"3";"31";"0";"0";"0";"1";"1";""
"202100026583";"154Â 188";"B01";"3";"7";"0";"0";"0";"1";"1";""
"202100026583";"154Â 189";"C01";"3";"7";"0";"0";"0";"11";"1";""
"202100026584";"154Â 185";"B01";"2";"7";"0";"2";"6";"1";"1";""
"202100026584";"154Â 186";"A01";"1";"2";"0";"2";"1";"15";"1";""
"202100026585";"154Â 183";"A01";"1";"34";"0";"2";"1";"1";"1";""
"202100026585";"154Â 184";"B01";"0";"7";"0";"2";"1";"0";"1";""
"202100026586";"154Â 181";"A01";"3";"7";"0";"2";"3";"15";"1";""
"202100026586";"154Â 182";"B01";"3";"33";"0";"2";"1";"1";"1";""
"202100026587";"154Â 180";"A01";"2";"7";"7";"0";"2";"1";"1";""
"202100026588";"154Â 178";"A01";"3";"1";"0";"2";"1";"5";"5";""
"202100026588";"154Â 179";"B01";"3";"1";"0";"2";"1";"16";"5";""
"202100026589";"154Â 176";"B01";"0";"7";"0";"0";"8";"15";"1";""
"202100026589";"154Â 177";"A01";"0";"7";"0";"2";"1";"1";"1";""
"202100026590";"154Â 174";"B01";"2";"21";"0";"2";"6";"19";"1";""
"202100026590";"154Â 175";"A01";"1";"7";"0";"2";"1";"0";"1";""
"202100026591";"154Â 173";"A01";"3";"33";"0";"0";"0";"26";"1";""
"202100026592";"154Â 171";"A01";"1";"7";"0";"2";"4";"1";"1";""
"202100026592";"154Â 172";"B01";"1";"10";"0";"2";"2";"2";"1";""
"202100026593";"154Â 168";"A01";"2";"7";"0";"2";"1";"12";"1";""
"202100026593";"154Â 169";"B01";"2";"7";"0";"2";"4";"2";"1";""
"202100026593";"154Â 170";"C01";"2";"33";"0";"2";"4";"1";"1";""
"202100026594";"154Â 166";"B01";"1";"7";"0";"2";"4";"2";"1";""
"202100026594";"154Â 167";"A01";"1";"7";"0";"2";"1";"2";"1";""
"202100026595";"154Â 165";"A01";"1";"7";"2";"0";"1";"0";"1";""
"202100026596";"154Â 163";"A01";"1";"7";"0";"2";"1";"0";"1";""
"202100026596";"154Â 164";"B01";"1";"7";"0";"2";"6";"0";"1";""
"202100026597";"154Â 162";"A01";"2";"10";"0";"0";"0";"26";"1";""
"202100026598";"154Â 160";"B01";"2";"33";"0";"2";"7";"0";"1";""
"202100026598";"154Â 161";"A01";"2";"7";"0";"2";"6";"2";"1";""
"202100026599";"154Â 158";"B01";"0";"34";"0";"0";"0";"0";"1";""
"202100026599";"154Â 159";"A01";"0";"7";"0";"0";"0";"26";"1";""
"202100026600";"154Â 156";"B01";"2";"34";"0";"2";"8";"9";"0";""
"202100026600";"154Â 157";"A01";"1";"7";"0";"2";"2";"14";"0";""
"202100026601";"154Â 155";"A01";"2";"7";"3";"0";"1";"16";"1";""
"202100026602";"154Â 153";"B01";"1";"7";"0";"2";"4";"12";"1";""
"202100026602";"154Â 154";"A01";"1";"33";"0";"2";"1";"3";"1";""
"202100026603";"154Â 152";"A01";"1";"7";"4";"0";"3";"1";"1";""
"202100026604";"154Â 151";"A01";"2";"7";"0";"1";"3";"1";"1";""
"202100026605";"154Â 149";"A01";"1";"33";"0";"2";"1";"3";"1";""
"202100026605";"154Â 150";"B01";"1";"7";"0";"2";"6";"1";"1";""
"202100026606";"154Â 147";"B01";"2";"7";"0";"2";"4";"2";"1";""
"202100026606";"154Â 148";"A01";"2";"10";"0";"2";"1";"1";"1";""
"202100026607";"154Â 146";"A01";"3";"7";"0";"1";"2";"1";"1";""
"202100026608";"154Â 144";"B01";"2";"7";"0";"0";"8";"1";"1";""
"202100026608";"154Â 145";"A01";"1";"33";"0";"0";"8";"1";"1";""
"202100026609";"154Â 142";"A01";"2";"33";"0";"2";"2";"17";"1";""
"202100026609";"154Â 143";"B01";"2";"33";"0";"2";"2";"17";"1";""
"202100026610";"154Â 140";"A01";"1";"7";"0";"2";"2";"1";"1";""
"202100026610";"154Â 141";"B01";"1";"7";"8";"2";"1";"1";"1";""
"202100026611";"154Â 139";"A01";"1";"7";"4";"0";"6";"17";"1";""
"202100026612";"154Â 137";"A01";"1";"7";"0";"2";"6";"21";"1";""
"202100026612";"154Â 138";"B01";"1";"7";"0";"2";"6";"1";"1";""
"202100026613";"154Â 136";"A01";"1";"33";"8";"0";"1";"0";"1";""
"202100026614";"154Â 134";"B01";"1";"1";"0";"2";"1";"2";"5";""
"202100026614";"154Â 135";"A01";"2";"1";"0";"2";"1";"2";"5";""
"202100026615";"154Â 131";"B01";"2";"7";"0";"2";"2";"1";"1";""
"202100026615";"154Â 132";"A01";"2";"7";"0";"2";"2";"7";"1";""
"202100026615";"154Â 133";"C01";"2";"10";"0";"2";"4";"23";"1";""
"202100026616";"154Â 129";"A01";"3";"7";"0";"2";"3";"13";"1";""
"202100026616";"154Â 130";"B01";"3";"7";"12";"2";"1";"1";"1";""
"202100026617";"154Â 128";"A01";"3";"7";"0";"1";"5";"20";"1";""
"202100026618";"154Â 126";"A01";"1";"7";"0";"2";"1";"2";"1";""
"202100026618";"154Â 127";"B01";"1";"7";"0";"2";"4";"2";"1";""
"202100026619";"154Â 124";"A01";"1";"10";"0";"2";"3";"9";"1";""
"202100026619";"154Â 125";"B01";"1";"33";"0";"2";"7";"3";"1";""
"202100026620";"154Â 123";"A01";"1";"7";"4";"0";"1";"17";"1";""
"202100026621";"154Â 121";"B01";"0";"7";"0";"2";"3";"1";"1";""
"202100026621";"154Â 122";"A01";"0";"30";"0";"2";"1";"1";"1";""
"202100026622";"154Â 119";"Z01";"2";"7";"0";"2";"5";"16";"1";""
"202100026622";"154Â 120";"B01";"1";"2";"0";"2";"3";"1";"1";""
"202100026623";"154Â 118";"A01";"3";"7";"0";"1";"1";"14";"1";""
"202100026624";"154Â 117";"A01";"1";"7";"0";"1";"2";"1";"1";""
"202100026625";"154Â 115";"A01";"2";"33";"0";"2";"3";"15";"1";""
"202100026625";"154Â 116";"B01";"2";"7";"0";"2";"5";"12";"1";""
"202100026626";"154Â 114";"A01";"0";"37";"14";"0";"8";"1";"1";"2"
"202100026627";"154Â 113";"A01";"2";"7";"0";"1";"2";"17";"1";""
"202100026628";"154Â 111";"B01";"0";"1";"0";"2";"2";"1";"5";""
"202100026628";"154Â 112";"A01";"0";"7";"0";"2";"1";"11";"1";""
"202100026629";"154Â 109";"B01";"2";"7";"0";"2";"6";"11";"1";""
"202100026629";"154Â 110";"A01";"2";"7";"0";"2";"2";"1";"1";""
"202100026630";"154Â 108";"A01";"1";"7";"0";"1";"1";"1";"1";""
"202100026631";"154Â 106";"A01";"1";"2";"0";"9";"1";"1";"1";""
"202100026631";"154Â 107";"B01";"3";"1";"0";"2";"0";"19";"5";""
"202100026632";"154Â 103";"C01";"2";"7";"0";"2";"1";"2";"1";""
"202100026632";"154Â 104";"B01";"2";"7";"0";"2";"4";"2";"1";""
"202100026632";"154Â 105";"A01";"2";"7";"0";"2";"4";"23";"1";""
"202100026633";"154Â 102";"A01";"1";"30";"0";"0";"0";"26";"1";""
"202100026634";"154Â 100";"B01";"1";"7";"0";"2";"7";"1";"1";""
"202100026634";"154Â 101";"A01";"0";"10";"0";"2";"1";"9";"2";""
"202100026635";"154Â 097";"C01";"3";"7";"0";"2";"4";"0";"1";""
"202100026635";"154Â 098";"B01";"3";"7";"0";"2";"1";"1";"1";""
"202100026635";"154Â 099";"A01";"3";"7";"0";"2";"3";"0";"1";""
"202100026636";"154Â 095";"A01";"1";"7";"0";"2";"3";"11";"1";""
"202100026636";"154Â 096";"B01";"2";"10";"0";"2";"7";"1";"0";""
"202100026637";"154Â 093";"A01";"1";"7";"0";"2";"1";"1";"1";""
"202100026637";"154Â 094";"B01";"1";"7";"0";"2";"4";"1";"1";""
"202100026638";"154Â 091";"B01";"1";"7";"0";"2";"7";"1";"1";""
"202100026638";"154Â 092";"Z01";"1";"7";"0";"2";"1";"1";"1";""
"202100026639";"154Â 088";"C01";"1";"7";"0";"2";"4";"0";"1";""
"202100026639";"154Â 089";"B01";"1";"7";"0";"2";"4";"0";"1";""
"202100026639";"154Â 090";"A01";"1";"7";"0";"2";"1";"0";"1";""
"202100026640";"154Â 086";"A01";"1";"10";"0";"2";"1";"19";"1";""
"202100026640";"154Â 087";"B01";"1";"7";"0";"2";"7";"19";"1";""
"202100026641";"154Â 085";"A01";"3";"7";"12";"0";"1";"19";"1";""