"Num_Acc";"id_vehicule";"num_veh";"senc";"catv";"obs";"obsm";"choc";"manv";"motor";"occutc"
"202100026642";"154Â 083";"B01";"2";"33";"0";"2";"1";"1";"1";""
"202100026642";"154Â 084";"A01";"2";"7";"0";"2";"7";"9";"1";""
"202100026643";"154Â 082";"A01";"1";"7";"1";"0";"1";"17";"1";""
"202100026644";"154Â 080";"A01";"1";"7";"0";"2";"1";"9";"1";""
"202100026644";"154Â 081";"B01";"1";"3";"0";"2";"5";"1";"1";""
"202100026645";"154Â 079";"A01";"1";"33";"16";"0";"7";"1";"1";""
"202100026646";"154Â 078";"A01";"2";"7";"16";"0";"2";"1";"1";""
"202100026647";"154Â 076";"A01";"2";"7";"0";"2";"2";"17";"1";""
"202100026647";"154Â 077";"B01";"2";"7";"0";"2";"0";"0";"1";""
"202100026648";"154Â 074";"B01";"1";"7";"0";"2";"3";"26";"1";""
"202100026648";"154Â 075";"A01";"1";"1";"0";"2";"2";"26";"5";""
"202100026649";"154Â 072";"A01";"3";"1";"0";"2";"4";"19";"5";""
"202100026649";"154Â 073";"B01";"2";"7";"0";"2";"2";"9";"1";""
"202100026650";"154Â 069";"C01";"1";"7";"0";"2";"2";"26";"1";""
"202100026650";"154Â 070";"B01";"1";"7";"0";"2";"2";"26";"1";""
"202100026650";"154Â 071";"A01";"1";"7";"0";"2";"3";"9";"1";""
"202100026651";"154Â 067";"B01";"1";"7";"0";"2";"4";"2";"1";""
"202100026651";"154Â 068";"A01";"1";"7";"0";"2";"1";"26";"1";""
"202100026652";"154Â 066";"A01";"1";"50";"0";"0";"0";"26";"3";""
"202100026653";"154Â 064";"A01";"3";"7";"0";"2";"0";"5";"1";""
"202100026653";"154Â 065";"B01";"3";"7";"0";"2";"2";"23";"1";""
"202100026654";"154Â 062";"B01";"3";"7";"0";"2";"5";"23";"2";""
"202100026654";"154Â 063";"A01";"3";"7";"8";"2";"1";"1";"1";""
"202100026655";"154Â 060";"B01";"3";"7";"0";"2";"4";"23";"1";""
"202100026655";"154Â 061";"A01";"1";"7";"0";"2";"1";"2";"1";""
"202100026656";"154Â 058";"B01";"0";"1";"0";"2";"1";"1";"5";""
"202100026656";"154Â 059";"A01";"0";"7";"0";"2";"1";"1";"1";""
"202100026657";"154Â 057";"A01";"3";"7";"0";"1";"3";"1";"1";""
"202100026658";"154Â 056";"A01";"3";"7";"6";"0";"1";"1";"1";""
"202100026659";"154Â 055";"A01";"2";"7";"2";"0";"0";"1";"1";""
"202100026660";"154Â 054";"A01";"1";"7";"12";"0";"1";"26";"1";""
"202100026661";"154Â 052";"B01";"2";"7";"0";"2";"3";"19";"1";""
"202100026661";"154Â 053";"A01";"1";"31";"0";"2";"1";"1";"1";""
"202100026662";"154Â 050";"B01";"3";"7";"0";"2";"6";"15";"1";""
"202100026662";"154Â 051";"A01";"3";"7";"0";"2";"3";"1";"1";""
"202100026663";"154Â 048";"B01";"0";"7";"0";"2";"8";"2";"1";""
"202100026663";"154Â 049";"A01";"0";"7";"0";"2";"1";"15";"1";""
"202100026664";"154Â 046";"B01";"1";"33";"0";"2";"1";"2";" -1";""
"202100026664";"154Â 047";"A01";"1";"2";"0";"2";"4";"1";"1";""
"202100026665";"154Â 045";"A01";"1";"7";"9";"0";"1";"1";"1";""
"202100026666";"154Â 044";"A01";"2";"30";"0";"1";"1";"0";"1";""
"202100026667";"154Â 042";"B01";"3";"7";"0";"2";"4";"2";"1";""
"202100026667";"154Â 043";"A01";"3";"7";"0";"2";"1";"2";"1";""
"202100026668";"154Â 040";"A01";"1";"7";"0";"2";"4";"1";"1";""
"202100026668";"154Â 041";"B01";"1";"10";"0";"2";"1";"1";"0";""
"202100026669";"154Â 038";"B01";"1";"7";"0";"2";"4";"23";"1";""
"202100026669";"154Â 039";"A01";"1";"7";"0";"2";"1";"1";"1";""
"202100026670";"154Â 036";"A01";"3";"7";"1";"2";"1";"26";"1";""
"202100026670";"154Â 037";"B01";"3";"33";"1";"2";"8";"2";"1";""
"202100026671";"154Â 034";"A01";"2";"31";"0";"2";"1";"1";"1";""
"202100026671";"154Â 035";"B01";"2";"7";"0";"2";"4";"1";"1";""
"202100026672";"154Â 030";"B01";"1";"80";"0";"2";"4";"1";"3";""
"202100026672";"154Â 031";"A01";"1";"7";"0";"2";"1";"19";"1";""
"202100026673";"154Â 029";"A01";"3";"37";"0";"1";"2";"20";"3";"1"
"202100026674";"154Â 028";"A01";"3";"7";"0";"1";"2";"1";"1";""
"202100026675";"154Â 024";"A01";"2";"14";"0";"2";"1";"2";"1";""
"202100026675";"154Â 025";"B01";"2";"10";"0";"2";"4";"2";"1";""
"202100026675";"154Â 026";"C01";"2";"7";"0";"2";"4";"2";"1";""
"202100026675";"154Â 027";"D01";"2";"10";"0";"2";"4";"2";"1";""
"202100026676";"154Â 022";"B01";"1";"7";"0";"2";"8";"1";"1";""
"202100026676";"154Â 023";"A01";"1";"7";"0";"2";"7";"12";"2";""
"202100026677";"154Â 021";"A01";"2";"33";"0";"1";"1";"1";"3";""
"202100026678";"154Â 019";"B01";"2";"7";"0";"2";"3";"9";"1";""
"202100026678";"154Â 020";"A01";"2";"2";"0";"2";"2";"1";"1";""
"202100026679";"154Â 018";"A01";"2";"50";"0";"0";"0";"16";"3";""
"202100026680";"154Â 016";"A01";"2";"10";"0";"2";"3";"13";"1";""
"202100026680";"154Â 017";"B01";"1";"32";"0";"2";"1";"16";"1";""
"202100026681";"154Â 015";"A01";"1";"7";"0";"1";"1";"15";"1";""
"202100026682";"154Â 013";"A01";"1";"31";"0";"2";"2";"9";"1";""
"202100026682";"154Â 014";"B01";"2";"7";"0";"2";"3";"1";"1";""
"202100026683";"154Â 012";"A01";"2";"50";"0";"1";"1";"1";"3";""
"202100026684";"154Â 010";"A01";"2";"10";"0";"2";"7";"15";"2";""
"202100026684";"154Â 011";"B01";"1";"1";"0";"2";"1";"1";"5";""
"202100026685";"154Â 008";"A01";"1";"10";"0";"2";"3";"22";"1";""
"202100026685";"154Â 009";"B01";"1";"1";"0";"2";"1";"1";"5";""
"202100026686";"154Â 007";"A01";"2";"1";"0";"1";"1";"1";"5";""
"202100026687";"154Â 006";"A01";"1";"7";"0";"1";"3";"15";"1";""
"202100026688";"154Â 005";"A01";"1";"32";"4";"0";"2";"16";"1";""
"202100026689";"154Â 004";"A01";"2";"31";"0";"2";"8";"21";"1";""
"202100026690";"154Â 002";"A01";"3";"7";"0";"2";"2";"9";"1";""
"202100026690";"154Â 003";"B01";"3";"1";"0";"2";"1";"1";"5";""
"202100026691";"154Â 001";"A01";"3";"32";"0";"0";"3";"13";"1";""
"202100026692";"154Â 000";"A01";"2";"17";"6";"0";"1";"2";"1";""
"202100026693";"153Â 998";"A01";"2";"10";"0";"2";"1";"26";"1";""
"202100026693";"153Â 999";"B01";"2";"50";"0";"2";"8";"25";"3";""
"202100026694";"153Â 996";"B01";"1";"1";"0";"2";"2";"1";"0";""
"202100026694";"153Â 997";"A01";"1";"32";"0";"2";"2";"1";"1";""
"202100026695";"153Â 995";"A01";"1";"33";"12";"0";"0";"2";"1";""
"202100026696";"153Â 993";"B01";"2";"7";"0";"2";"1";"1";"1";""
"202100026696";"153Â 994";"A01";"1";"33";"0";"2";"1";"1";"1";""
"202100026697";"153Â 991";"A01";"0";"7";"0";"2";"1";"10";"1";""
"202100026697";"153Â 992";"B01";"0";"7";"0";"2";"3";"2";"1";""
"202100026698";"153Â 989";"A01";"2";"7";"0";"2";"2";"16";"1";""
"202100026698";"153Â 990";"B01";"2";"43";"0";"2";"3";"1";"1";""
"202100026699";"153Â 985";"B01";"1";"1";"1";"0";"8";"1";"0";""
"202100026699";"153Â 986";"A01";"1";"15";"0";"2";"0";"22";"1";""
"202100026700";"153Â 983";"A01";"1";"7";"0";"2";"1";"15";"1";""
"202100026700";"153Â 984";"B01";"2";"32";"0";"2";"8";"1";"1";""
"202100026701";"153Â 981";"B01";"2";"7";"0";"2";"3";"1";"1";""
"202100026701";"153Â 982";"A01";"1";"7";"0";"2";"1";"5";"1";""
"202100026702";"153Â 979";"A01";"1";"7";"0";"0";"3";"20";"1";""
"202100026702";"153Â 980";"B01";"1";"36";"0";"2";"7";"17";"1";""
"202100026703";"153Â 978";"A01";"1";"33";"13";"0";"1";"1";"1";""
"202100026704";"153Â 977";"A01";"2";"33";"13";"0";"1";"1";"1";""
"202100026705";"153Â 976";"A01";"1";"10";"15";"0";"3";"1";"1";""
"202100026706";"153Â 974";"A01";"2";"10";"0";"0";"0";"1";"0";""
"202100026706";"153Â 975";"B01";"1";"33";"0";"9";"1";"1";"1";""
"202100026707";"153Â 973";"A01";"1";"7";"13";"0";"1";"1";"2";""
"202100026708";"153Â 972";"A01";"2";"7";"7";"0";"2";"0";"1";""
"202100026709";"153Â 971";"A01";"2";"33";"0";"6";"0";"2";"1";""
"202100026710";"153Â 969";"B01";"1";"2";"0";"2";"1";"1";"1";""
"202100026710";"153Â 970";"A01";"2";"7";"0";"2";"3";"15";"0";""
"202100026711";"153Â 967";"B01";"1";"33";"0";"2";"8";"1";"1";""
"202100026711";"153Â 968";"A01";"1";"33";"0";"2";"7";"2";"1";""
"202100026712";"153Â 965";"B01";"3";"7";"0";"2";"3";"16";"1";""
"202100026712";"153Â 966";"A01";"1";"7";"0";"2";"2";"1";"1";""
"202100026713";"153Â 964";"A01";"1";"33";"13";"0";"1";"21";"1";""
"202100026714";"153Â 963";"A01";"1";"7";"13";"9";"2";"0";"1";""
"202100026715";"153Â 962";"A01";"2";"33";"13";"0";"8";"1";"1";""
"202100026716";"153Â 961";"A01";"1";"7";"0";"1";"8";"17";"1";""
"202100026717";"153Â 960";"A01";"1";"33";"13";"0";"0";"2";"1";""
"202100026718";"153Â 958";"A01";"1";"7";"0";"2";"3";"15";"1";""
"202100026718";"153Â 959";"B01";"2";"33";"0";"2";"1";"1";"1";""
"202100026719";"153Â 956";"A01";"3";"2";"0";"2";"8";"19";"1";""
"202100026719";"153Â 957";"B01";"1";"7";"0";"2";"1";"1";"1";""
"202100026720";"153Â 955";"A01";"1";"7";"17";"0";"1";"13";"1";""
"202100026721";"153Â 953";"A01";"1";"7";"0";"2";"1";"13";"1";""
"202100026721";"153Â 954";"B01";"2";"10";"0";"2";"1";"1";"1";""
"202100026722";"153Â 951";"A01";"1";"7";"0";"0";"1";"2";"1";""
"202100026722";"153Â 952";"B01";"1";"33";"0";"0";"4";"2";"1";""
"202100026723";"153Â 949";"A01";"2";"7";"0";"2";"2";"21";"1";""
"202100026723";"153Â 950";"B01";"2";"1";"0";"2";"8";"19";"5";""
"202100026724";"153Â 948";"A01";"2";"80";"0";"0";"0";"1";"3";""
"202100026725";"153Â 946";"A01";"1";"7";"0";"2";"2";"19";"1";""
"202100026725";"153Â 947";"B01";"1";"43";"0";"2";"1";"1";"1";""
"202100026726";"153Â 944";"B01";"2";"7";"0";"2";"1";"1";"1";""
"202100026726";"153Â 945";"A01";"1";"7";"0";"2";"1";"13";"1";""
"202100026727";"153Â 943";"A01";"1";"7";"3";"0";"3";"13";"1";""
"202100026728";"153Â 942";"A01";"2";"7";"6";"0";"2";"21";"1";""
"202100026729";"153Â 941";"A01";"1";"33";"13";"0";"0";"1";"1";""
"202100026730";"153Â 940";"A01";"3";"7";"2";"0";"1";"13";"1";""
"202100026731";"153Â 938";"B01";"1";"7";"0";"0";"8";"15";"1";""
"202100026731";"153Â 939";"A01";"1";"33";"0";"2";"1";"17";"1";""
"202100026732";"153Â 937";"A01";"2";"7";"7";"0";"1";"1";"1";""
"202100026733";"153Â 935";"A01";"1";"7";"0";"2";"8";"19";"1";""
"202100026733";"153Â 936";"B01";"2";"33";"0";"2";"1";"1";"1";""
"202100026734";"153Â 933";"B01";"1";"7";"0";"2";"7";"17";"1";""
"202100026734";"153Â 934";"A01";"2";"33";"0";"2";"9";"1";"1";""
"202100026735";"153Â 931";"A01";"1";"7";"0";"2";"2";"17";"1";""
"202100026735";"153Â 932";"B01";"1";"32";"0";"2";"3";"15";"1";""
"202100026736";"153Â 930";"A01";"2";"33";"16";"0";"7";"1";"1";""
"202100026737";"153Â 927";"A01";"1";"7";"0";"2";"1";"17";"1";""
"202100026737";"153Â 928";"B01";"1";"21";"0";"2";"6";"1";"1";""
"202100026738";"153Â 925";"A01";"2";"7";"3";"2";"3";"2";"1";""
"202100026738";"153Â 926";"B01";"2";"7";"3";"0";"6";"2";"1";""
"202100026739";"153Â 924";"A01";"1";"7";"4";"0";"3";"1";"1";""
"202100026740";"153Â 922";"B01";"1";"33";"0";"2";"1";"1";"1";""
"202100026740";"153Â 923";"A01";"1";"7";"14";"2";"3";"9";"1";""
"202100026741";"153Â 920";"A01";"1";"7";"4";"0";"6";"1";"1";""
"202100026741";"153Â 921";"B01";"1";"14";"0";"2";"2";"12";"1";""
"202100026742";"153Â 919";"A01";"2";"2";"13";"0";"1";"1";"1";""
"202100026743";"153Â 917";"B01";"1";"17";"0";"2";"2";"1";"1";""
"202100026743";"153Â 918";"A01";"2";"10";"0";"2";"2";"5";"1";""
"202100026744";"153Â 916";"A01";"1";"14";"1";"0";"2";"2";"1";""
"202100026745";"153Â 915";"A01";"1";"10";"0";"0";"1";"1";"1";""
"202100026746";"153Â 913";"A01";"1";"2";"0";"2";"1";"1";"1";""
"202100026746";"153Â 914";"B01";"2";"7";"0";"2";"7";"15";"1";""
"202100026747";"153Â 912";"A01";"1";"7";"13";"0";"7";"1";"1";""
"202100026748";"153Â 910";"B01";"1";"30";"0";"2";"1";"1";"1";""
"202100026748";"153Â 911";"A01";"2";"7";"0";"2";"7";"15";"1";""
"202100026749";"153Â 909";"A01";"1";"7";"2";"0";"7";"17";"1";""
"202100026750";"153Â 907";"B01";"2";"7";"0";"0";"3";"15";"1";""
"202100026750";"153Â 908";"A01";"1";"7";"0";"2";"1";"1";"1";""
"202100026751";"153Â 905";"B01";"2";"1";"0";"2";"1";"1";"5";""
"202100026751";"153Â 906";"A01";"2";"7";"0";"2";"3";"9";"1";""
"202100026752";"153Â 903";"A01";"1";"7";"0";"2";"8";"13";"1";""
"202100026752";"153Â 904";"B01";"1";"33";"0";"2";"7";"17";"1";""
"202100026753";"153Â 901";"B01";"1";"1";"0";"2";"1";"1";"5";""
"202100026753";"153Â 902";"A01";"2";"1";"0";"2";"2";"0";"5";""
"202100026754";"153Â 900";"A01";"1";"7";"0";"1";"1";"2";"1";""
"202100026755";"153Â 897";"C01";"1";"17";"0";"2";"1";"1";"1";""
"202100026755";"153Â 898";"B01";"1";"7";"0";"2";"8";"1";"1";""
"202100026755";"153Â 899";"A01";"2";"7";"0";"2";"1";"13";"1";""
"202100026756";"153Â 895";"A01";"1";"7";"0";"0";"3";"26";"1";""
"202100026756";"153Â 896";"B01";"2";"2";"0";"0";"1";"1";"1";""
"202100026757";"153Â 894";"A01";"2";"7";"13";"0";"2";"1";"1";""
"202100026758";"153Â 892";"B01";"1";"31";"0";"2";"7";"1";"1";""
"202100026758";"153Â 893";"A01";"1";"7";"3";"2";"8";"11";"1";""
"202100026759";"153Â 890";"B01";"2";"14";"0";"2";"1";"26";"1";""
"202100026759";"153Â 891";"A01";"2";"7";"0";"2";"3";"26";"1";""
"202100026760";"153Â 888";"A01";"1";"15";"0";"2";"2";"12";"1";""
"202100026760";"153Â 889";"B01";"1";"7";"0";"0";"6";"1";"1";""
"202100026761";"153Â 886";"A01";"2";"7";"0";"2";"4";"2";"1";""
"202100026761";"153Â 887";"B01";"2";"7";"0";"2";"1";"2";"1";""
"202100026762";"153Â 884";"A01";"1";"10";"0";"2";"1";"2";"1";""
"202100026762";"153Â 885";"B01";"1";"7";"0";"2";"4";"2";"1";""
"202100026763";"153Â 882";"A01";"2";"7";"0";"2";"1";"2";"1";""
"202100026763";"153Â 883";"B01";"2";"7";"0";"2";"4";"2";"2";""
"202100026764";"153Â 879";"C01";"2";"10";"0";"2";"4";"2";"1";""
"202100026764";"153Â 880";"B01";"2";"7";"0";"2";"4";"2";"1";""
"202100026764";"153Â 881";"A01";"2";"7";"0";"2";"1";"2";"1";""
"202100026765";"153Â 878";"A01";"1";"43";"15";"0";"8";"1";"1";""
"202100026766";"153Â 877";"A01";"1";"7";"4";"0";"1";"14";"1";""
"202100026767";"153Â 875";"A01";"2";"7";"0";"2";"1";"1";"1";""
"202100026767";"153Â 876";"B01";"2";"7";"1";"1";"5";"15";"1";""
"202100026768";"153Â 874";"A01";"2";"10";"0";"1";"1";"1";"1";""
"202100026769";"153Â 873";"A01";"2";"40";"0";"1";"1";"1";"0";""
"202100026770";"153Â 869";"B01";"2";"7";"0";"2";"1";"13";"1";""
"202100026770";"153Â 870";"A01";"1";"7";"0";"2";"1";"1";"1";""
"202100026771";"153Â 868";"A01";"1";"10";"13";"0";"1";"16";"1";""
"202100026772";"153Â 866";"B01";"3";"7";"0";"0";"0";"0";"1";""
"202100026772";"153Â 867";"A01";"3";"30";"0";"2";"0";"1";"1";""
"202100026773";"153Â 864";"A01";"1";"7";"0";"2";"2";"15";"1";""
"202100026773";"153Â 865";"B01";"2";"7";"0";"2";"1";"1";"1";""
"202100026774";"153Â 863";"A01";"2";"7";"5";"0";"3";"1";"1";""
"202100026775";"153Â 862";"A01";"0";"7";"0";"2";"2";"16";"1";""
"202100026776";"153Â 860";"A01";"1";"7";"0";"2";"1";"19";"1";""
"202100026776";"153Â 861";"B01";"2";"1";"0";"2";"6";"1";"5";""
"202100026777";"153Â 857";"C01";"2";"7";"0";"2";"4";"23";"1";""
"202100026777";"153Â 858";"A01";"2";"7";"0";"2";"1";"1";"1";""
"202100026777";"153Â 859";"B01";"2";"7";"0";"2";"4";"23";"1";""
"202100026778";"153Â 855";"A01";"2";"30";"0";"2";"1";"1";"1";""
"202100026778";"153Â 856";"B01";"1";"7";"0";"2";"5";"15";"1";""
"202100026779";"153Â 854";"A01";"2";"7";"1";"0";"1";"1";"1";""
"202100026780";"153Â 852";"A01";"2";"41";"0";"2";"1";"2";"3";""
"202100026780";"153Â 853";"B01";"2";"7";"0";"2";"4";"2";"1";""
"202100026781";"153Â 850";"B01";"2";"7";"0";"2";"3";"1";"1";""
"202100026781";"153Â 851";"A01";"1";"7";"0";"2";"3";"13";"1";""
"202100026782";"153Â 849";"A01";"2";"7";"1";"0";"4";"4";"1";""
"202100026783";"153Â 848";"A01";"1";"7";"1";"0";"1";"14";"1";""
"202100026784";"153Â 845";"B01";"3";"7";"0";"2";"4";"1";"1";""
"202100026784";"153Â 846";"A01";"3";"31";"0";"2";"1";"18";"1";""
"202100026785";"153Â 844";"A01";"3";"7";"0";"1";"1";"1";"1";""
"202100026786";"153Â 843";"A01";"1";"15";"0";"1";"2";"1";"1";""
"202100026787";"153Â 841";"A01";"0";"7";"0";"2";"3";"15";"1";""
"202100026787";"153Â 842";"B01";"0";"60";"0";"2";"2";"0";"5";""
"202100026788";"153Â 839";"A01";"1";"7";"0";"2";"1";"26";"1";""
"202100026788";"153Â 840";"Y01";"2";"1";"0";"2";"5";"26";"5";""
"202100026789";"153Â 835";"B01";"0";"7";"0";"2";"3";"1";"1";""
"202100026789";"153Â 836";"A01";"0";"7";"1";"2";"1";"17";"1";""
"202100026790";"153Â 834";"A01";"1";"7";"1";"0";"3";"1";"1";""
"202100026791";"153Â 832";"A01";"2";"7";"0";"2";"3";"15";"1";""
"202100026791";"153Â 833";"C01";"2";"33";"0";"2";"8";"16";"1";""
"202100026792";"153Â 831";"A01";"1";"7";"8";"0";"1";"1";"1";""
"202100026793";"153Â 830";"A01";"1";"7";"8";"0";"2";"26";"1";""
"202100026794";"153Â 828";"B01";"1";"7";"0";"2";"4";"2";"1";""
"202100026794";"153Â 829";"A01";"1";"1";"0";"0";"1";"2";"5";""
"202100026795";"153Â 826";"A01";"2";"32";"0";"9";"1";"10";"0";""
"202100026795";"153Â 827";"B01";"1";"1";"0";"2";"3";"1";"5";""
"202100026796";"153Â 825";"A01";"1";"7";"9";"0";"1";"9";"1";""
"202100026797";"153Â 823";"A01";"1";"30";"0";"2";"1";"5";"1";""
"202100026797";"153Â 824";"B01";"1";"7";"0";"2";"1";"2";"1";""
"202100026798";"153Â 822";"Z01";"1";"10";"0";"1";"0";"15";"1";""
"202100026799";"153Â 821";"A01";"1";"1";"0";"1";"2";"1";"5";""
"202100026800";"153Â 819";"A01";"1";"7";"0";"2";"2";"1";"1";""
"202100026800";"153Â 820";"B01";"2";"50";"0";"2";"1";"5";"3";""
"202100026801";"153Â 818";"A01";"3";"30";"8";"0";"1";"0";"0";""
"202100026802";"153Â 817";"A01";"3";"30";"5";"0";"4";"0";"1";""
"202100026803";"153Â 815";"B01";"1";"7";"0";"2";"5";"9";"1";""
"202100026803";"153Â 816";"A01";"1";"31";"0";"2";"3";"9";"1";""
"202100026804";"153Â 813";"A01";"2";"2";"0";"2";"1";"17";"1";""
"202100026804";"153Â 814";"B01";"2";"2";"0";"2";"4";"1";"1";""
"202100026805";"153Â 811";"B01";"1";"17";"0";"2";"4";"23";"1";""
"202100026805";"153Â 812";"A01";"1";"7";"0";"2";"1";"2";"1";""
"202100026806";"153Â 809";"B01";"1";"34";"0";"2";"1";"1";"1";""
"202100026806";"153Â 810";"A01";"2";"7";"0";"2";"8";"15";"1";""
"202100026807";"153Â 807";"B01";"1";"7";"0";"2";"2";"17";"1";""
"202100026807";"153Â 808";"A01";"1";"7";"0";"2";"3";"15";"1";""
"202100026808";"153Â 803";"B01";"0";"7";"0";"2";"4";"1";"1";""
"202100026808";"153Â 804";"D01";"0";"7";"0";"2";"4";"1";"1";""
"202100026808";"153Â 805";"A01";"0";"7";"0";"2";"1";"1";"0";""
"202100026808";"153Â 806";"C01";"0";"7";"0";"2";"4";"1";"1";""
"202100026809";"153Â 801";"A01";"2";"7";"0";"2";"1";"13";"1";""
"202100026809";"153Â 802";"B01";"1";"7";"0";"2";"1";"1";"1";""
"202100026810";"153Â 799";"B01";"2";"99";"0";"2";"0";"1";"0";""
"202100026810";"153Â 800";"A01";"2";"99";"0";"2";"0";"9";"0";""
"202100026811";"153Â 797";"A01";"3";"7";"0";"2";"3";"9";"1";""
"202100026811";"153Â 798";"B01";"3";"60";"0";"2";"1";"1";"5";""
"202100026812";"153Â 796";"A01";"2";"7";"0";"1";"3";"1";"1";""
"202100026813";"153Â 794";"B01";"1";"33";"0";"2";"1";"2";"1";""
"202100026813";"153Â 795";"A01";"1";"7";"0";"2";"8";"15";"1";""
"202100026814";"153Â 792";"B01";"2";"7";"0";"0";"8";"1";"1";""
"202100026814";"153Â 793";"A01";"2";"2";"0";"2";"1";"1";"1";""
"202100026815";"153Â 790";"A01";"0";"7";"0";"2";"3";"9";"1";""
"202100026815";"153Â 791";"B01";"2";"1";"0";"2";"7";"1";"5";""
"202100026816";"153Â 788";"B01";"1";"7";"0";"2";"3";"1";"1";""
"202100026816";"153Â 789";"A01";"2";"3";"0";"2";"1";"1";"1";""
"202100026817";"153Â 785";"A01";"3";"7";"8";"2";"3";"16";"1";""
"202100026817";"153Â 786";"B01";"3";"7";"12";"2";"8";"1";"1";""
"202100026817";"153Â 787";"C01";"3";"7";"12";"2";"8";"23";"1";""
"202100026818";"153Â 783";"B01";"2";"80";"0";"2";"7";"1";"3";""
"202100026818";"153Â 784";"A01";"2";"7";"0";"2";"3";"15";"1";""
"202100026819";"153Â 782";"A01";"3";"31";"0";"0";"7";"1";"1";""
"202100026820";"153Â 780";"A01";"1";"17";"0";"2";"4";"26";"1";""
"202100026820";"153Â 781";"B01";"1";"1";"0";"2";"1";"2";"5";""
"202100026821";"153Â 779";"A01";"1";"7";"14";"0";"1";"16";"1";""
"202100026822";"153Â 777";"B01";"3";"7";"0";"2";"1";"1";"1";""
"202100026822";"153Â 778";"A01";"3";"7";"0";"2";"5";"15";"1";""
"202100026823";"153Â 775";"B01";"3";"7";"0";"2";"3";"15";"1";""
"202100026823";"153Â 776";"A01";"3";"30";"0";"2";"1";"1";"1";""
"202100026824";"153Â 773";"A01";"3";"7";" -1";"2";"3";"17";"1";""
"202100026824";"153Â 774";"B01";"3";"7";"0";"2";"4";"1";"1";""
"202100026825";"153Â 771";"A01";"2";"10";"0";"2";"7";"1";"1";""
"202100026825";"153Â 772";"B01";"1";"32";"0";"2";"1";"1";"1";""
"202100026826";"153Â 768";"C01";"1";"43";"14";"0";"8";"0";"1";""
"202100026826";"153Â 769";"B01";"1";"31";"0";"2";"1";"0";"1";""
"202100026826";"153Â 770";"Z01";"1";"7";"0";"2";"0";"16";"1";""
"202100026827";"153Â 765";"B01";"0";"7";"0";"2";"0";"1";"1";""
"202100026827";"153Â 766";"C01";"0";"7";"0";"2";"1";"1";"1";""
"202100026827";"153Â 767";"A01";"0";"7";"0";"2";"3";"1";"1";""
"202100026828";"153Â 763";"A01";"2";"7";"0";"2";"0";"26";"0";""
"202100026828";"153Â 764";"B01";"2";"2";"0";"2";"0";"0";"1";""
"202100026829";"153Â 762";"A01";"1";"37";"0";"1";"2";"1";"1";"1"
"202100026830";"153Â 760";"A01";"0";"7";"0";"2";"1";"0";"1";""
"202100026830";"153Â 761";"B01";"0";"7";"0";"2";"1";"1";"1";""
"202100026831";"153Â 758";"B01";"1";"7";"0";"2";"4";"1";"1";""
"202100026831";"153Â 759";"A01";"1";"7";"0";"2";"1";"1";"1";""
"202100026832";"153Â 754";"A01";"1";"7";"6";"0";"8";"13";"1";""
"202100026833";"153Â 753";"A01";"2";"7";"0";"1";"1";"15";"1";""
"202100026834";"153Â 752";"A01";"0";"50";"0";"0";"0";"0";"3";""
"202100026835";"153Â 750";"B01";"1";"7";"0";"2";"2";"14";"1";""
"202100026835";"153Â 751";"A01";"1";"1";"0";"2";"8";"18";"5";""
"202100026836";"153Â 748";"B01";"2";"7";"0";"2";"1";"1";"1";""
"202100026836";"153Â 749";"A01";"2";"7";"0";"2";"8";"1";"1";""
"202100026837";"153Â 747";"A01";"1";"14";"3";"0";"7";"13";"1";""
"202100026838";"153Â 746";"A01";"2";"33";"0";"0";"4";"1";"1";""
"202100026839";"153Â 744";"B01";"2";"1";"0";"0";"0";"0";"0";""
"202100026839";"153Â 745";"A01";"1";"2";"0";"0";"1";"13";"1";""
"202100026840";"153Â 743";"A01";"1";"7";"9";"0";"1";"26";"1";""
"202100026841";"153Â 741";"B01";"3";"7";"0";"2";"5";"1";"1";""
"202100026841";"153Â 742";"A01";"3";"32";"0";"2";"1";"1";"1";""
"202100026842";"153Â 739";"A01";"1";"7";"0";"2";"2";"1";"1";""
"202100026842";"153Â 740";"B01";"1";"2";"0";"2";"5";"1";"1";""
"202100026843";"153Â 737";"B01";"1";"7";"0";"2";"1";"1";"1";""
"202100026843";"153Â 738";"A01";"2";"7";"0";"2";"1";"15";"1";""
"202100026844";"153Â 736";"A01";"1";"7";"7";"1";"1";"17";"1";""
"202100026845";"153Â 734";"A01";"2";"7";"0";"2";"3";"7";"1";""
"202100026845";"153Â 735";"B01";"3";"60";"0";"2";"7";"19";"5";""
"202100026846";"153Â 732";"B01";"1";"7";"0";"2";"3";"1";"1";""
"202100026846";"153Â 733";"A01";"1";"34";"0";"1";"2";"21";"1";""
"202100026847";"153Â 730";"A01";"2";"2";"0";"2";"1";"17";"3";""
"202100026847";"153Â 731";"B01";"2";"7";"0";"2";"5";"23";"1";""
"202100026848";"153Â 728";"B01";"1";"7";"0";"2";"6";"1";"1";""
"202100026848";"153Â 729";"A01";"1";"50";"0";"2";"1";"19";"3";""
"202100026849";"153Â 727";"A01";"1";"50";"0";"0";"0";"21";"3";""
"202100026850";"153Â 725";"A01";"2";"10";"0";"2";"2";"9";"1";""
"202100026850";"153Â 726";"B01";"1";"32";"0";"2";"1";"1";"1";""