"Num_Acc";"id_vehicule";"num_veh";"senc";"catv";"obs";"obsm";"choc";"manv";"motor";"occutc"
"202100026851";"153Â 723";"B01";"2";"30";"0";"2";"7";"17";"1";""
"202100026851";"153Â 724";"A01";"2";"38";"0";"2";"3";"15";"1";"1"
"202100026852";"153Â 722";"A01";"2";"7";"7";"0";"3";"13";"1";""
"202100026853";"153Â 721";"A01";"1";"7";"0";"1";"3";"9";"1";""
"202100026854";"153Â 719";"Z01";"1";"7";"0";"9";"7";"10";"2";""
"202100026854";"153Â 720";"A01";"1";"80";"0";"2";"8";"1";"3";""
"202100026855";"153Â 718";"A01";"2";"80";"0";"0";"1";"1";"3";""
"202100026856";"153Â 715";"C01";"1";"7";"0";"2";"0";"9";"1";""
"202100026856";"153Â 716";"A01";"1";"32";"0";"2";"1";"18";"1";""
"202100026856";"153Â 717";"B01";"1";"7";"0";"2";"4";"23";"1";""
"202100026857";"153Â 713";"B01";"2";"7";"0";"2";"6";"15";"1";""
"202100026857";"153Â 714";"A01";"2";"32";"0";"2";"1";"1";"1";""
"202100026858";"153Â 712";"A01";"1";"1";"0";"0";"1";"1";"5";""
"202100026859";"153Â 711";"A01";"2";"50";"0";"0";"2";"1";"3";""
"202100026860";"153Â 709";"A01";"1";"30";"0";"2";"1";"2";"1";""
"202100026860";"153Â 710";"B01";"1";"7";"0";"2";"5";"2";"1";""
"202100026861";"153Â 707";"Y01";"2";"1";"0";"2";"1";"1";"5";""
"202100026861";"153Â 708";"A01";"2";"7";"0";"2";"1";"19";"1";""
"202100026862";"153Â 706";"A01";"1";"7";"1";"0";"1";"21";"1";""
"202100026863";"153Â 703";"B01";"2";"7";"0";"2";"4";"23";"1";""
"202100026863";"153Â 704";"A01";"2";"7";"0";"2";"1";"2";"1";""
"202100026863";"153Â 705";"C01";"2";"7";"0";"2";"4";"23";"1";""
"202100026864";"153Â 701";"B01";"3";"7";"0";"2";"4";"23";"0";""
"202100026864";"153Â 702";"A01";"3";"7";"0";"2";"1";"26";"0";""
"202100026865";"153Â 699";"A01";"0";"7";"12";"2";"2";"21";"1";""
"202100026865";"153Â 700";"B01";"0";"7";"0";"0";"0";"0";"1";""
"202100026866";"153Â 697";"A01";"2";"7";"12";"0";"1";"1";"0";""
"202100026866";"153Â 698";"B01";"1";"7";"0";"2";"3";"15";"0";""
"202100026867";"153Â 695";"B01";"2";"7";"0";"2";"1";"0";"1";""
"202100026867";"153Â 696";"A01";"2";"7";"0";"0";"4";"23";"1";""
"202100026868";"153Â 693";"A01";"1";"50";"1";"0";"1";"2";"3";""
"202100026868";"153Â 694";"B01";"1";"7";"1";"2";"8";"22";"1";""
"202100026869";"153Â 692";"A01";"1";"7";"0";"1";"1";"0";"1";""
"202100026870";"153Â 690";"A01";"1";"7";"0";"2";"2";"16";"1";""
"202100026870";"153Â 691";"B01";"1";"50";"0";"2";"1";"1";"3";""
"202100026871";"153Â 688";"B01";"1";"33";"0";"2";"1";"1";"1";""
"202100026871";"153Â 689";"A01";"2";"7";"0";"2";"5";"15";"1";""
"202100026872";"153Â 686";"B01";"3";"7";"0";"2";"1";"1";"1";""
"202100026872";"153Â 687";"A01";"0";"7";"0";"2";"7";"1";"1";""
"202100026873";"153Â 684";"B01";"1";"10";"0";"2";"1";"2";"0";""
"202100026873";"153Â 685";"A01";"1";"7";"7";"2";"4";"1";"1";""
"202100026874";"153Â 681";"A01";"1";"10";"0";"2";"1";"2";"1";""
"202100026874";"153Â 682";"B01";"1";"10";"0";"2";"4";"2";"1";""
"202100026874";"153Â 683";"C01";"1";"10";"0";"2";"4";"2";"1";""
"202100026875";"153Â 679";"A01";"0";"14";"0";"2";"6";"1";"1";""
"202100026875";"153Â 680";"B01";"1";"1";"0";"2";"1";"26";"5";""
"202100026876";"153Â 677";"B01";"2";"15";"0";"0";"3";"1";"1";""
"202100026876";"153Â 678";"A01";"1";"7";"0";"2";"3";"0";"1";""
"202100026877";"153Â 675";"B01";"2";"7";"0";"2";"1";"16";"1";""
"202100026877";"153Â 676";"A01";"1";"7";"0";"2";"1";"15";"1";""
"202100026878";"153Â 673";"A01";"2";"33";"0";"2";"1";"1";"1";""
"202100026878";"153Â 674";"B01";"1";"7";"0";"0";"7";"17";"1";""
"202100026879";"153Â 671";"B01";"2";"32";"0";"2";"1";"2";"1";""
"202100026879";"153Â 672";"A01";"1";"7";"0";"2";"3";"15";"1";""
"202100026880";"153Â 669";"B01";"2";"7";"15";"2";"1";"1";"1";""
"202100026880";"153Â 670";"A01";"1";"7";"0";"2";"2";"1";"1";""
"202100026881";"153Â 666";"A01";"3";"7";"0";"2";"1";"19";"2";""
"202100026881";"153Â 667";"B01";"2";"10";"0";"2";"2";"1";"1";""
"202100026881";"153Â 668";"C01";"1";"33";"0";"2";"1";"5";"1";""
"202100026882";"153Â 665";"A01";"1";"7";"2";"0";"8";"1";"1";""
"202100026883";"153Â 664";"A01";"1";"7";"3";"0";"3";"14";"1";""
"202100026884";"153Â 662";"A01";"2";"7";"0";"2";"6";"26";"1";""
"202100026884";"153Â 663";"B01";"1";"32";"0";"2";"1";"1";"1";""
"202100026885";"153Â 659";"A01";"1";"10";"0";"2";"1";"1";"1";""
"202100026885";"153Â 660";"B01";"2";"7";"0";"2";"1";"13";"1";""
"202100026886";"153Â 658";"A01";"2";"2";"10";"0";"1";"1";"1";""
"202100026887";"153Â 656";"A01";"2";"7";"0";"2";"5";"15";"1";""
"202100026887";"153Â 657";"B01";"1";"33";"0";"2";"1";"1";"1";""
"202100026888";"153Â 645";"H01";"2";"7";"0";"2";"2";"1";"1";""
"202100026888";"153Â 646";"G01";"2";"7";"0";"2";"1";"1";"1";""
"202100026888";"153Â 647";"F01";"2";"7";"0";"2";"1";"1";"1";""
"202100026888";"153Â 648";"E01";"2";"10";"0";"2";"4";"1";"1";""
"202100026888";"153Â 649";"D01";"2";"7";"0";"2";"4";"23";"1";""
"202100026888";"153Â 650";"C01";"1";"7";"0";"2";"1";"1";"1";""
"202100026888";"153Â 651";"B01";"1";"7";"0";"2";"9";"1";"1";""
"202100026888";"153Â 652";"A01";"1";"7";"0";"2";"4";"23";"1";""
"202100026889";"153Â 641";"A01";"1";"7";"0";"2";"1";"1";"1";""
"202100026889";"153Â 642";"B01";"1";"7";"0";"2";"4";"1";"1";""
"202100026890";"153Â 640";"A01";"3";"10";"0";"1";"4";"26";"1";""
"202100026891";"153Â 638";"A01";"3";"2";"0";"2";"8";"19";"1";""
"202100026891";"153Â 639";"B01";"3";"7";"0";"2";"8";"1";"1";""
"202100026892";"153Â 637";"A01";"1";"7";"13";"0";"2";"2";"1";""
"202100026893";"153Â 635";"A01";"3";"10";"0";"2";"2";"0";"1";""
"202100026893";"153Â 636";"B01";"0";"7";"0";"2";"3";"2";"1";""
"202100026894";"153Â 633";"B01";"2";"33";"0";"2";"1";"1";"1";""
"202100026894";"153Â 634";"A01";"1";"7";"0";"2";"1";"15";"1";""
"202100026895";"153Â 632";"A01";"2";"7";"8";"0";"2";"1";"1";""
"202100026896";"153Â 630";"B01";"1";"7";"0";"2";"6";"17";"1";""
"202100026896";"153Â 631";"A01";"1";"33";"0";"2";"1";"17";"1";""
"202100026897";"153Â 629";"A01";"2";"7";"13";"0";"2";"1";"1";""
"202100026898";"153Â 628";"A01";"1";"33";"13";"0";"1";"1";"1";""
"202100026899";"153Â 627";"A01";"1";"7";"2";"0";"2";"1";"1";""
"202100026900";"153Â 626";"A01";"2";"7";"13";"0";"1";"1";"1";""
"202100026901";"153Â 624";"B01";"2";"7";"0";"2";"3";"1";"1";""
"202100026901";"153Â 625";"A01";"1";"7";"5";"2";"3";"13";"1";""
"202100026902";"153Â 623";"A01";"0";"3";"6";"0";"1";"20";"1";""
"202100026903";"153Â 622";"A01";"3";"1";"2";"0";"1";"1";"5";""
"202100026904";"153Â 619";"A01";"2";"33";"0";"2";"1";"13";"1";""
"202100026904";"153Â 620";"B01";"1";"7";"0";"2";"3";"1";"1";""
"202100026904";"153Â 621";"C01";"1";"10";"0";"2";"8";"1";"1";""
"202100026905";"153Â 618";"A01";"1";"33";"0";"0";"0";"1";"1";""
"202100026906";"153Â 616";"B01";"1";"17";"0";"2";"1";"1";"1";""
"202100026906";"153Â 617";"A01";"2";"7";"0";"2";"1";"5";"1";""
"202100026907";"153Â 614";"B01";"1";"7";"0";"9";"3";"1";"1";""
"202100026907";"153Â 615";"A01";"1";"17";"0";"0";"0";"1";"6";""
"202100026908";"153Â 612";"B01";"1";"7";"0";"2";"3";"1";"3";""
"202100026908";"153Â 613";"A01";"2";"33";"0";"2";"1";"13";"1";""
"202100026909";"153Â 610";"A01";"1";"7";"13";"2";"1";"17";"1";""
"202100026909";"153Â 611";"B01";"2";"2";"0";"2";"1";"1";"1";""
"202100026910";"153Â 609";"A01";"2";"15";"3";"0";"3";"2";"1";""
"202100026911";"153Â 608";"A01";"1";"7";"12";"0";"1";"1";"1";""
"202100026912";"153Â 607";"A01";"3";"30";"0";"0";"0";"20";"1";""
"202100026913";"153Â 606";"A01";"2";"7";"2";"0";"2";"15";"1";""
"202100026914";"153Â 605";"A01";"1";"32";"0";"0";"9";"1";"3";""
"202100026915";"153Â 604";"A01";"1";"2";"0";"1";"1";"17";"1";""
"202100026916";"153Â 603";"A01";"3";"7";"0";"1";"3";"1";"1";""
"202100026917";"153Â 601";"A01";"3";"7";"0";"9";"4";"4";"1";""
"202100026917";"153Â 602";"B01";"3";"1";"0";"2";"0";"0";"5";""
"202100026918";"153Â 599";"B01";"1";"31";"0";"2";"1";"1";"1";""
"202100026918";"153Â 600";"A01";"2";"7";"0";"2";"1";"15";"1";""
"202100026919";"153Â 597";"B01";"1";"7";"0";"2";"1";"0";"1";""
"202100026919";"153Â 598";"A01";"1";"7";"0";"0";"4";"23";"1";""
"202100026920";"153Â 595";"A01";"1";"33";"0";"2";"1";"1";"1";""
"202100026920";"153Â 596";"B01";"2";"7";"0";"2";"6";"10";"1";""
"202100026921";"153Â 594";"A01";"2";"7";"13";"0";"0";"1";"6";""
"202100026922";"153Â 591";"B01";"2";"7";"0";"2";"0";"13";"0";""
"202100026922";"153Â 592";"C01";"1";"7";"0";"2";"6";"0";"1";""
"202100026922";"153Â 593";"A01";"1";"2";"0";"2";"8";"21";"1";""
"202100026923";"153Â 589";"A01";"3";"7";"0";"2";"1";"19";"1";""
"202100026923";"153Â 590";"B01";"3";"7";"0";"2";"8";"1";"1";""
"202100026924";"153Â 587";"B01";"1";"7";"0";"2";"3";"9";"1";""
"202100026924";"153Â 588";"A01";"2";"30";"0";"2";"5";"1";"1";""
"202100026925";"153Â 585";"B01";"1";"7";"0";"2";"1";"1";"1";""
"202100026925";"153Â 586";"A01";"1";"7";"0";"0";"4";"1";"1";""
"202100026926";"153Â 584";"A01";"1";"7";"0";"2";"8";"2";"1";""
"202100026927";"153Â 582";"B01";"1";"32";"0";"2";"1";"2";"1";""
"202100026927";"153Â 583";"A01";"1";"7";"0";"2";"6";"26";"1";""
"202100026928";"153Â 580";"A01";"1";"7";"0";"2";"4";"1";"1";""
"202100026928";"153Â 581";"B01";"1";"7";"6";"2";"1";"14";"1";""
"202100026929";"153Â 577";"B01";"1";"7";"14";"2";"8";"21";"1";""
"202100026929";"153Â 578";"A01";"1";"37";"16";"0";"5";"0";"1";"1"
"202100026929";"153Â 579";"C01";"1";"15";"0";"2";"8";"0";"1";""
"202100026930";"153Â 575";"B01";"1";"7";"0";"2";"3";"2";"1";""
"202100026930";"153Â 576";"A01";"1";"7";"4";"2";"3";"1";"1";""
"202100026931";"153Â 573";"A01";"1";"10";"0";"2";"1";"2";"0";""
"202100026931";"153Â 574";"B01";"1";"7";"0";"2";"4";"2";"1";""
"202100026932";"153Â 570";"B01";"2";"10";"0";"2";"4";"2";"1";""
"202100026932";"153Â 571";"C01";"2";"7";"0";"2";"4";"2";"1";""
"202100026932";"153Â 572";"A01";"2";"7";"0";"2";"1";"2";"1";""
"202100026933";"153Â 568";"A01";"2";"7";"0";"2";"1";"1";"1";""
"202100026933";"153Â 569";"B01";"2";"7";"0";"2";"4";"1";"1";""
"202100026934";"153Â 567";"A01";"2";"31";"0";"0";"8";"0";"1";""
"202100026935";"153Â 566";"A01";"2";"10";"1";"1";"2";"21";"1";""
"202100026936";"153Â 565";"A01";"2";"7";"4";"0";"1";"1";"1";""
"202100026937";"153Â 564";"A01";"1";"7";"4";"0";"1";"1";"1";""
"202100026938";"153Â 561";"C01";"1";"7";"7";"2";"3";"18";"1";""
"202100026938";"153Â 562";"B01";"1";"7";"0";"2";"4";"1";"1";""
"202100026938";"153Â 563";"A01";"1";"7";"4";"2";"5";"1";"1";""
"202100026939";"153Â 560";"A01";"0";"7";"13";"0";"4";"1";"1";""
"202100026940";"153Â 558";"A01";"3";"7";"0";"2";"3";"9";"1";""
"202100026940";"153Â 559";"B01";"3";"7";"0";"2";"1";"1";"1";""
"202100026941";"153Â 556";"A01";"2";"1";"0";"2";"1";"1";"5";""
"202100026941";"153Â 557";"B01";"2";"10";"0";"2";"4";"23";"1";""
"202100026942";"153Â 554";"B01";"1";"7";"0";"2";"1";"2";"1";""
"202100026942";"153Â 555";"A01";"1";"10";"0";"0";"4";"23";"1";""
"202100026943";"153Â 552";"B01";"3";"7";"0";"2";"3";"0";"1";""
"202100026943";"153Â 553";"A01";"3";"7";"0";"0";"1";"1";"1";""
"202100026944";"153Â 551";"A01";"2";"7";"0";"0";"9";"1";"1";""
"202100026945";"153Â 549";"A01";"3";"10";"0";"2";"1";"2";"1";""
"202100026945";"153Â 550";"B01";"3";"30";"0";"2";"4";"23";"1";""
"202100026946";"153Â 547";"B01";"1";"7";"0";"0";"5";"23";"1";""
"202100026946";"153Â 548";"A01";"1";"30";"0";"2";"5";"1";"3";""
"202100026947";"153Â 543";"B01";"1";"1";"0";"2";"8";"15";"5";""
"202100026947";"153Â 544";"A01";"1";"31";"0";"2";"7";"17";"1";""
"202100026948";"153Â 541";"Z01";"0";"1";"0";"2";"1";"5";"5";""
"202100026948";"153Â 542";"A01";"0";"1";"0";"2";"1";"15";"5";""
"202100026949";"153Â 539";"B01";"1";"10";"0";"2";"2";"15";"1";""
"202100026949";"153Â 540";"A01";"2";"30";"0";"2";"1";"1";"1";""
"202100026950";"153Â 538";"A01";"1";"10";"0";"1";"2";"1";"3";""
"202100026951";"153Â 536";"B01";"3";"7";"0";"2";"4";"2";"1";""
"202100026951";"153Â 537";"A01";"3";"7";"0";"2";"1";"2";"1";""
"202100026952";"153Â 534";"A01";"1";"30";"0";"2";"1";"2";"3";""
"202100026952";"153Â 535";"B01";"1";"7";"0";"2";"4";"23";"3";""
"202100026953";"153Â 532";"B01";"1";"80";"0";"2";"1";"1";"3";""
"202100026953";"153Â 533";"A01";"2";"50";"0";"2";"1";"5";"3";""
"202100026954";"153Â 530";"A01";"1";"7";"0";"2";"8";"15";"1";""
"202100026954";"153Â 531";"B01";"2";"32";"0";"2";"2";"1";"1";""
"202100026955";"153Â 528";"A01";"2";"34";"0";"2";"6";"13";"1";""
"202100026955";"153Â 529";"B01";"2";"7";"0";"2";"2";"1";"1";""
"202100026956";"153Â 526";"B01";"1";"10";"8";"0";"4";"24";"1";""
"202100026956";"153Â 527";"A01";"2";"10";"1";"0";"1";"14";"1";""
"202100026957";"153Â 525";"A01";"3";"7";"4";"0";"2";"1";"1";""
"202100026958";"153Â 523";"A01";"3";"10";"0";"2";"5";"15";"0";""
"202100026958";"153Â 524";"B01";"3";"10";"0";"2";"2";"1";"0";""
"202100026959";"153Â 521";"A01";"2";"7";"0";"2";"4";"26";"1";""
"202100026959";"153Â 522";"B01";"2";"7";"0";"2";"1";"0";"1";""
"202100026960";"153Â 519";"A01";"0";"32";"0";"2";"1";"1";"1";""
"202100026960";"153Â 520";"B01";"1";"7";"0";"2";"1";"1";"1";""
"202100026961";"153Â 517";"A01";"0";"7";"0";"2";"3";"16";"0";""
"202100026961";"153Â 518";"B01";"0";"34";"0";"2";"1";"1";"1";""
"202100026962";"153Â 515";"A01";"1";"30";"0";"2";"1";"19";"3";""
"202100026962";"153Â 516";"B01";"1";"13";"0";"2";"8";"16";"1";""
"202100026963";"153Â 513";"A01";"1";"7";"0";"2";"1";"1";"1";""
"202100026963";"153Â 514";"B01";"1";"7";"0";"2";"1";"11";"1";""
"202100026964";"153Â 512";"A01";"2";"7";"2";"0";"1";"21";"1";""
"202100026965";"153Â 510";"A01";"1";"0";"0";"2";"7";"1";"3";""
"202100026965";"153Â 511";"B01";"1";"7";"0";"2";"1";"1";"1";""
"202100026966";"153Â 508";"B01";"0";"7";"0";"2";"8";"1";"1";""
"202100026966";"153Â 509";"A01";"0";"7";"0";"2";"1";"1";"0";""
"202100026967";"153Â 506";"A01";"1";"7";"0";"1";"1";"26";"1";""
"202100026968";"153Â 505";"A01";"1";"34";"0";"0";"3";"1";"1";""
"202100026969";"153Â 504";"A01";"1";"30";"1";"0";"7";"19";"1";""
"202100026970";"153Â 503";"A01";"1";"7";"1";"0";"3";"1";"1";""
"202100026971";"153Â 502";"A01";"2";"7";"13";"0";"9";"1";"1";""
"202100026972";"153Â 500";"B01";"1";"33";"0";"2";"3";"1";"1";""
"202100026972";"153Â 501";"A01";"1";"7";"0";"2";"3";"13";"1";""
"202100026973";"153Â 497";"A01";"1";"7";"0";"2";"1";"13";"1";""
"202100026973";"153Â 498";"B01";"1";"15";"0";"2";"3";"1";"0";""
"202100026973";"153Â 499";"C01";"2";"10";"0";"2";"8";"2";"0";""
"202100026974";"153Â 495";"A01";"2";"33";"8";"0";"1";"0";"0";""
"202100026975";"153Â 493";"A01";"2";"33";"0";"2";"1";"5";"1";""
"202100026975";"153Â 494";"B01";"1";"7";"0";"2";"1";"1";"1";""
"202100026976";"153Â 492";"A01";"3";"1";"0";"0";"0";"1";"5";""
"202100026977";"153Â 491";"A01";"3";"7";"15";"0";"1";"0";"1";""
"202100026978";"153Â 489";"A01";"1";"2";"0";"2";"3";"10";"1";""
"202100026978";"153Â 490";"B01";"1";"7";"0";"2";"7";"17";"1";""
"202100026979";"153Â 488";"A01";"1";"7";"16";"0";"1";"1";"1";""
"202100026980";"153Â 486";"A01";"2";"7";"0";"2";"7";"19";"1";""
"202100026980";"153Â 487";"B01";"2";"7";"0";"2";"1";"1";"1";""
"202100026981";"153Â 485";"A01";"2";"7";"1";"0";"1";"1";"1";""
"202100026982";"153Â 484";"A01";"3";"7";"6";"0";"1";"0";"2";""
"202100026983";"153Â 482";"A01";"3";"2";"0";"2";"1";"1";"1";""
"202100026983";"153Â 483";"B01";"0";"7";"0";"2";"3";"1";"1";""
"202100026984";"153Â 478";"A01";"1";"33";"0";"2";"1";"2";"1";""
"202100026984";"153Â 479";"B01";"1";"7";"0";"0";"5";"1";"1";""
"202100026985";"153Â 476";"B01";"1";"80";"0";"2";"6";"1";"3";""
"202100026985";"153Â 477";"A01";"2";"7";"0";"2";"0";"1";"1";""
"202100026986";"153Â 475";"A01";"1";"7";"17";"0";"1";"1";"1";""
"202100026987";"153Â 473";"B01";"1";"7";"6";"1";"4";"16";"1";""
"202100026987";"153Â 474";"A01";"1";"7";"0";"2";"1";"1";"1";""
"202100026988";"153Â 471";"A01";"2";"7";"0";"2";"1";"5";"1";""
"202100026988";"153Â 472";"B01";"1";"15";"0";"2";"3";"1";"1";""
"202100026989";"153Â 470";"A01";"2";"7";"0";"0";"9";"1";"1";""
"202100026990";"153Â 468";"B01";"3";"7";"0";"2";"1";"26";"1";""
"202100026990";"153Â 469";"A01";"3";"7";"0";"0";"1";"26";"1";""
"202100026991";"153Â 466";"B01";"3";"7";"0";"2";"1";"1";"1";""
"202100026991";"153Â 467";"A01";"3";"2";"0";"2";"1";"13";"1";""
"202100026992";"153Â 464";"B01";"1";"7";"0";"2";"5";"1";"1";""
"202100026992";"153Â 465";"A01";"1";"2";"0";"2";"1";"1";"1";""
"202100026993";"153Â 462";"B01";"1";"7";"0";"2";"1";"1";"1";""
"202100026993";"153Â 463";"A01";"2";"7";"0";"2";"1";"13";"1";""
"202100026994";"153Â 460";"A01";"2";"7";"0";"2";"2";"15";"1";""
"202100026994";"153Â 461";"B01";"1";"33";"0";"2";"1";"1";"1";""
"202100026995";"153Â 459";"A01";"1";"7";"8";"0";"1";"1";"1";""
"202100026996";"153Â 458";"A01";"3";"7";"16";"0";"9";"21";"1";""
"202100026997";"153Â 457";"A01";"2";"7";"8";"0";"0";"21";"1";""
"202100026998";"153Â 456";"A01";"3";"7";"6";"0";"1";"13";"1";""
"202100026999";"153Â 454";"B01";"1";"39";"0";"4";"1";"1";"1";""
"202100026999";"153Â 455";"A01";"3";"21";"0";"4";"6";"26";"1";""
"202100027000";"153Â 452";"B01";"2";"7";"4";"2";"3";"1";"1";""
"202100027000";"153Â 453";"A01";"1";"7";"0";"2";"3";"1";"2";""
"202100027001";"153Â 451";"A01";"2";"21";"13";"0";"2";"14";"1";""
"202100027002";"153Â 450";"A01";"2";"7";"8";"0";"1";"13";"1";""
"202100027003";"153Â 449";"A01";"2";"7";"0";"1";"5";"1";"1";""
"202100027004";"153Â 448";"A01";"0";"1";"16";"0";"1";"1";"5";""
"202100027005";"153Â 447";"A01";"1";"2";"9";"0";"0";"1";"1";""
"202100027006";"153Â 445";"B01";"2";"15";"0";"2";"2";"1";"1";""
"202100027006";"153Â 446";"A01";"1";"7";"0";"2";"1";"13";"1";""
"202100027007";"153Â 443";"B01";"3";"7";"0";"2";"2";"1";"1";""
"202100027007";"153Â 444";"A01";"3";"33";"0";"2";"2";"13";"1";""
"202100027008";"153Â 441";"B01";"1";"33";"0";"2";"1";"17";"1";""
"202100027008";"153Â 442";"A01";"1";"7";"0";"2";"6";"13";"1";""
"202100027009";"153Â 439";"A01";"1";"10";"0";"2";"1";"5";"1";""
"202100027009";"153Â 440";"B01";"2";"7";"0";"2";"1";"2";"1";""
"202100027010";"153Â 437";"B01";"3";"80";"0";"2";"8";"19";"5";""
"202100027010";"153Â 438";"A01";"1";"7";"0";"2";"1";"1";"1";""
"202100027011";"153Â 435";"A01";"2";"10";"0";"2";"1";"2";"1";""
"202100027011";"153Â 436";"B01";"2";"7";"0";"0";"4";"2";"1";""
"202100027012";"153Â 433";"A01";"2";"7";"0";"2";"2";"15";"1";""
"202100027012";"153Â 434";"B01";"1";"2";"0";"2";"1";"1";"1";""
"202100027013";"153Â 431";"A01";"2";"7";"0";"2";"1";"15";"1";""
"202100027013";"153Â 432";"B01";"1";"7";"0";"2";"1";"1";"1";""
"202100027014";"153Â 429";"A01";"2";"7";"0";"9";"1";"1";"1";""
"202100027014";"153Â 430";"B01";"2";"1";"0";"2";"4";"1";"5";""
"202100027015";"153Â 426";"A01";"0";"0";"0";"1";"0";"0";"0";""
"202100027016";"153Â 425";"A01";"1";"7";"2";"0";"7";"0";"1";""
"202100027017";"153Â 423";"B01";"1";"7";"0";"2";"3";"15";"1";""
"202100027017";"153Â 424";"A01";"2";"2";"16";"2";"1";"0";"1";""
"202100027018";"153Â 420";"B01";"1";"7";"6";"2";"3";"1";"1";""
"202100027018";"153Â 421";"C01";"1";"7";"6";"2";"8";"1";"1";""
"202100027018";"153Â 422";"A01";"2";"7";"0";"2";"1";"1";"1";""
"202100027019";"153Â 418";"B01";"2";"7";"0";"0";"4";"23";"1";""
"202100027019";"153Â 419";"A01";"2";"7";"0";"2";"1";"2";"1";""
"202100027020";"153Â 416";"B01";"0";"32";"0";"2";"7";"1";"1";""
"202100027020";"153Â 417";"A01";"0";"7";"0";"2";"1";"19";"1";""
"202100027021";"153Â 414";"A01";"2";"21";"0";"0";"4";"2";"0";""
"202100027021";"153Â 415";"B01";"2";"10";"0";"2";"1";"2";"1";""
"202100027022";"153Â 413";"A01";"1";"7";"0";"1";"3";"9";"1";""
"202100027023";"153Â 412";"A01";"1";"1";"0";"0";"0";"1";"5";""
"202100027024";"153Â 410";"B01";"3";"33";"0";"2";"1";"13";"1";""
"202100027024";"153Â 411";"A01";"3";"7";"0";"2";"3";"1";"1";""
"202100027025";"153Â 408";"A01";"3";"7";"8";"2";"6";"21";"1";""
"202100027025";"153Â 409";"B01";"3";"7";"0";"2";"1";"19";"1";""
"202100027026";"153Â 406";"B01";"3";"7";"0";"2";"8";"26";"1";""
"202100027026";"153Â 407";"A01";"3";"2";"0";"2";"1";"1";"1";""
"202100027027";"153Â 405";"A01";"1";"31";"14";"0";"1";"2";"1";""
"202100027028";"153Â 403";"B01";"2";"33";"0";"2";"1";"1";"1";""
"202100027028";"153Â 404";"A01";"2";"21";"0";"0";"8";"9";"1";""
"202100027029";"153Â 401";"B01";"1";"13";"0";"2";"5";"17";"1";""
"202100027029";"153Â 402";"A01";"1";"2";"3";"2";"8";"0";"1";""
"202100027030";"153Â 399";"A01";"2";"7";"0";"2";"3";"15";"1";""
"202100027030";"153Â 400";"B01";"1";"7";"0";"2";"1";"1";"3";""
"202100027031";"153Â 398";"A01";"3";"7";"0";"1";"0";"1";"1";""
"202100027032";"153Â 396";"A01";"2";"17";"0";"2";"1";"1";"1";""
"202100027032";"153Â 397";"B01";"1";"7";"0";"2";"7";"13";"1";""
"202100027033";"153Â 394";"B01";"2";"7";"0";"2";"2";"19";"1";""
"202100027033";"153Â 395";"A01";"2";"14";"0";"2";"3";"1";"1";""
"202100027034";"153Â 392";"B01";"1";"10";"0";"2";"4";"2";"1";""
"202100027034";"153Â 393";"A01";"1";"33";"0";"2";"1";"2";"1";""
"202100027035";"153Â 391";"A01";"2";"7";"3";"0";"9";"2";"1";""
"202100027036";"153Â 389";"B01";"1";"7";"0";"2";"2";"1";"1";""
"202100027036";"153Â 390";"A01";"1";"17";"0";"2";"3";"26";"1";""
"202100027037";"153Â 386";"B01";"2";"10";"0";"2";"6";"16";"1";""
"202100027037";"153Â 387";"C01";"2";"7";"0";"2";"3";"0";"1";""
"202100027037";"153Â 388";"A01";"2";"33";"0";"2";"1";"21";"1";""
"202100027038";"153Â 385";"A01";"2";"32";"0";"0";"0";"3";"1";""
"202100027039";"153Â 383";"B01";"1";"7";"0";"0";"1";"1";"1";""
"202100027039";"153Â 384";"A01";"1";"16";"0";"2";"4";"1";"1";""
"202100027040";"153Â 381";"A01";"1";"7";"0";"0";"0";"0";"1";""
"202100027040";"153Â 382";"B01";"1";"7";"14";"2";"1";"25";"1";""
"202100027041";"153Â 379";"B01";"2";"7";"14";"2";"1";"26";"1";""
"202100027041";"153Â 380";"A01";"2";"7";"0";"9";"1";"26";"1";""
"202100027042";"153Â 378";"A01";"1";"7";"4";"0";"1";"21";"1";""
"202100027043";"153Â 377";"A01";" -1";"38";"12";"1";"2";"26";"2";"1"
"202100027044";"153Â 375";"B01";"1";"1";"0";"2";"8";"15";"5";""
"202100027044";"153Â 376";"A01";"2";"7";"0";"9";"5";"16";"1";""
"202100027045";"153Â 374";"A01";"2";"32";"0";"0";"7";"26";"0";""
"202100027046";"153Â 372";"B01";"3";"33";"0";"2";"7";"15";"1";""
"202100027046";"153Â 373";"A01";"2";"7";"0";"2";"6";"1";"1";""
"202100027047";"153Â 370";"B01";"1";"7";"0";"2";"5";"1";"1";""
"202100027047";"153Â 371";"A01";"1";"7";"0";"2";"3";"2";"1";""
"202100027048";"153Â 369";"A01";"1";"32";"0";"1";"1";"1";"1";""
"202100027049";"153Â 366";"C01";"0";"7";"0";"2";"4";"1";"1";""
"202100027049";"153Â 367";"B01";"2";"7";"0";"2";"4";"1";"1";""
"202100027049";"153Â 368";"A01";"2";"7";"0";"2";"1";"1";"1";""
"202100027050";"153Â 365";"A01";"3";"7";"6";"0";"1";"19";"1";""
"202100027051";"153Â 363";"B01";"1";"7";"0";"2";"1";"0";"1";""