"Num_Acc";"id_vehicule";"num_veh";"senc";"catv";"obs";"obsm";"choc";"manv";"motor";"occutc"
"202100027051";"153Â 364";"A01";"1";"7";"0";"2";"7";"1";"1";""
"202100027052";"153Â 362";"B01";"1";"33";"0";"0";"7";"16";"1";""
"202100027053";"153Â 360";"A01";"1";"7";"0";"2";"6";"2";"1";""
"202100027053";"153Â 361";"B01";"1";"37";"0";"2";"1";"1";"1";"1"
"202100027054";"153Â 358";"B01";"1";"7";"0";"2";"1";"1";"1";""
"202100027054";"153Â 359";"A01";"1";"7";"0";"2";"4";"1";"1";""
"202100027055";"153Â 355";"A01";"2";"7";"0";"2";"1";"17";"1";""
"202100027055";"153Â 356";"B01";"1";"7";"0";"2";"6";"1";"1";""
"202100027055";"153Â 357";"C01";"2";"37";"0";"2";"3";"1";"2";"1"
"202100027056";"153Â 354";"A01";"2";"31";"15";"0";"1";"1";"1";""
"202100027057";"153Â 352";"B01";"2";"50";"0";"2";"8";"1";"3";""
"202100027057";"153Â 353";"A01";"2";"7";"0";"2";"7";"17";"1";""
"202100027058";"153Â 351";"A01";"3";"7";"0";"1";"0";"26";"1";""
"202100027059";"153Â 350";"A01";"1";"7";"0";"0";"2";"21";"1";""
"202100027060";"153Â 348";"A01";"1";"7";"0";"2";"8";"22";"1";""
"202100027060";"153Â 349";"B01";"1";"1";"1";"0";"1";"1";"5";""
"202100027061";"153Â 345";"A01";"2";"1";"0";"2";"1";"1";"5";""
"202100027061";"153Â 346";"B01";"3";"7";"0";"2";"1";"9";"1";""
"202100027062";"153Â 344";"A01";"2";"33";"0";"0";"8";"1";"1";""
"202100027063";"153Â 342";"B01";"1";"7";"0";"2";"1";"1";"1";""
"202100027063";"153Â 343";"A01";"2";"7";"0";"2";"7";"1";"1";""
"202100027064";"153Â 340";"B01";"2";"7";"0";"2";"4";"23";"1";""
"202100027064";"153Â 341";"A01";"2";"30";"0";"2";"1";"2";"1";""
"202100027065";"153Â 339";"A01";"1";"10";"0";"0";"0";"2";"1";""
"202100027066";"153Â 338";"A01";"2";"1";"12";"0";"0";"1";"5";""
"202100027067";"153Â 337";"A01";"1";"7";"5";"0";"2";"1";"1";""
"202100027068";"153Â 335";"A01";"2";"7";"0";"2";"3";"9";"1";""
"202100027068";"153Â 336";"B01";"0";"1";"0";"2";"4";"1";"5";""
"202100027069";"153Â 333";"B01";"1";"2";"0";"2";"1";"23";"1";""
"202100027069";"153Â 334";"A01";"1";"7";"0";"2";"4";"4";"1";""
"202100027070";"153Â 332";"A01";"2";"7";"4";"0";"1";"21";"1";""
"202100027071";"153Â 331";"A01";"0";"7";"0";"1";"1";"1";"0";""
"202100027072";"153Â 329";"A01";"1";"30";"0";"2";"1";"17";"1";""
"202100027072";"153Â 330";"B01";"1";"7";"0";"2";"8";"15";"1";""
"202100027073";"153Â 328";"A01";"1";"7";"14";"0";"1";"1";"1";""
"202100027074";"153Â 326";"B01";"1";"33";"0";"2";"4";"1";"0";""
"202100027074";"153Â 327";"A01";"1";"33";"0";"2";"8";"1";"1";""
"202100027075";"153Â 324";"B01";"1";"31";"0";"2";"1";"1";"1";""
"202100027075";"153Â 325";"A01";"2";"7";"0";"2";"3";"15";"1";""
"202100027076";"153Â 323";"A01";"1";"7";"0";"1";"1";"1";"1";""
"202100027077";"153Â 321";"A01";"1";"2";"0";"2";"1";"3";"1";""
"202100027077";"153Â 322";"B01";"1";"7";"0";"2";"3";"0";"1";""
"202100027078";"153Â 319";"B01";"1";"7";"0";"2";"2";"1";"1";""
"202100027078";"153Â 320";"A01";"3";"7";"0";"2";"5";"20";"1";""
"202100027079";"153Â 317";"B01";"1";"31";"0";"2";"2";"1";"1";""
"202100027079";"153Â 318";"A01";"3";"7";"0";"2";"3";"19";"1";""
"202100027080";"153Â 315";"B01";"3";"7";"0";"2";"1";"1";"1";""
"202100027080";"153Â 316";"A01";"3";"33";"0";"2";"1";"13";"1";""
"202100027081";"153Â 312";"B01";"1";"7";"0";"2";"4";"2";"1";""
"202100027081";"153Â 313";"C01";"1";"7";"0";"2";"3";"2";"1";""
"202100027081";"153Â 314";"A01";"1";"7";"0";"2";"2";"2";"1";""
"202100027082";"153Â 310";"B01";"1";"7";"0";"2";"6";"2";"1";""
"202100027082";"153Â 311";"A01";"1";"33";"0";"2";"1";"2";"1";""
"202100027083";"153Â 308";"B01";"1";"10";"0";"2";"8";"1";"0";""
"202100027083";"153Â 309";"A01";"1";"31";"0";"2";"7";"3";"1";""
"202100027084";"153Â 306";"A01";"2";"33";"0";"2";"2";"3";"1";""
"202100027084";"153Â 307";"B01";"2";"10";"0";"2";"6";"1";"1";""
"202100027085";"153Â 304";"A01";"1";"30";"0";"2";"8";"15";"1";""
"202100027085";"153Â 305";"B01";"1";"7";"0";"2";"7";"1";"1";""
"202100027086";"153Â 302";"B01";"2";"30";"0";"0";"1";"1";"1";""
"202100027086";"153Â 303";"A01";"1";"7";"0";"0";"3";"10";"0";""
"202100027087";"153Â 301";"A01";"2";"7";"0";"1";"2";"15";"1";""
"202100027088";"153Â 299";"B01";"2";"30";"0";"2";"2";"17";"1";""
"202100027088";"153Â 300";"A01";"2";"7";"0";"2";"3";"15";"1";""
"202100027089";"153Â 296";"C01";"3";"32";"0";"2";"4";"23";"1";""
"202100027089";"153Â 297";"B01";"3";"33";"0";"2";"4";"23";"1";""
"202100027089";"153Â 298";"A01";"3";"7";"0";"2";"1";"2";"1";""
"202100027090";"153Â 294";"B01";"1";"1";"0";"2";"0";"9";"5";""
"202100027090";"153Â 295";"A01";"2";"7";"0";"2";"0";"15";"1";""
"202100027091";"153Â 292";"B01";"2";"1";"0";"2";"1";"1";"5";""
"202100027091";"153Â 293";"A01";"1";"10";"0";"2";"3";"15";"1";""
"202100027092";"153Â 289";"B01";"1";"7";"0";"2";"4";"23";"1";""
"202100027092";"153Â 290";"A01";"1";"7";"0";"2";"4";"23";"1";""
"202100027092";"153Â 291";"Z01";"1";"7";"1";"0";"1";"2";"0";""
"202100027093";"153Â 287";"B01";"0";"7";"0";"2";"1";"1";"0";""
"202100027093";"153Â 288";"A01";"0";"7";"0";"2";"4";"23";"0";""
"202100027094";"153Â 285";"A01";"2";"7";"0";"2";"2";"14";"1";""
"202100027094";"153Â 286";"B01";"2";"50";"0";"2";"3";"18";"3";""
"202100027095";"153Â 283";"A01";"1";"33";"0";"2";"1";"5";"1";""
"202100027095";"153Â 284";"B01";"1";"7";"0";"2";"6";"15";"2";""
"202100027096";"153Â 281";"A01";"1";"7";"0";"2";"1";"2";"1";""
"202100027096";"153Â 282";"B01";"1";"7";"0";"2";"4";"23";"2";""
"202100027097";"153Â 277";"B01";"2";"17";"1";"0";"2";"14";"1";""
"202100027097";"153Â 278";"A01";"2";"7";"3";"0";"6";"23";"1";""
"202100027098";"153Â 276";"A01";"2";"7";"6";"0";"1";"0";"1";""
"202100027099";"153Â 273";"C01";"2";"7";"0";"2";"9";"1";"1";""
"202100027099";"153Â 274";"B01";"1";"7";"0";"2";"1";"1";"1";""
"202100027099";"153Â 275";"A01";"1";"7";"0";"2";"3";"19";"1";""
"202100027100";"153Â 272";"A01";"2";"10";"0";"1";"2";"1";"1";""
"202100027101";"153Â 270";"A01";"1";"7";"3";"2";"1";"0";"1";""
"202100027101";"153Â 271";"B01";"1";"17";"0";"0";"6";"1";"1";""
"202100027102";"153Â 266";"A01";"3";"7";"0";"0";"3";"1";"1";""
"202100027102";"153Â 267";"B01";"3";"7";"0";"0";"3";"1";"1";""
"202100027103";"153Â 265";"A01";"0";"2";"0";"0";"0";"0";"1";""
"202100027104";"153Â 263";"A01";"1";"17";"0";"0";"6";"1";"1";""
"202100027104";"153Â 264";"B01";"1";"10";"0";"2";"2";"12";"1";""
"202100027105";"153Â 261";"B01";"1";"7";"0";"0";"8";"1";"1";""
"202100027105";"153Â 262";"A01";"3";"7";"0";"2";"1";"1";"1";""
"202100027106";"153Â 260";"A01";"1";"7";"4";"0";"1";"14";"1";""
"202100027107";"153Â 259";"A01";"1";"7";"0";"0";"2";"12";"1";""
"202100027108";"153Â 258";"A01";"1";"7";"1";"1";"3";"14";"1";""
"202100027109";"153Â 256";"A01";"1";"7";"0";"2";"5";"19";"1";""
"202100027109";"153Â 257";"B01";"2";"7";"0";"2";"1";"1";"1";""
"202100027110";"153Â 255";"A01";"2";"7";"6";"0";"2";"1";"1";""
"202100027111";"153Â 253";"A01";"2";"7";"4";"2";"1";"17";"1";""
"202100027111";"153Â 254";"B01";"2";"7";"0";"2";"6";"1";"1";""
"202100027112";"153Â 251";"B01";"0";"7";"0";"2";"3";"0";"1";""
"202100027112";"153Â 252";"A01";"3";"7";"0";"2";"3";"0";"1";""
"202100027113";"153Â 250";"A01";"0";"7";"0";"1";"2";"9";"1";""
"202100027114";"153Â 248";"A01";"1";"7";"0";"2";"1";"15";"1";""
"202100027114";"153Â 249";"B01";"1";"33";"0";"2";"8";"1";"1";""
"202100027115";"153Â 246";"B01";"2";"2";"0";"2";"7";"0";"1";""
"202100027115";"153Â 247";"A01";"1";"7";"0";"2";"3";"1";"1";""
"202100027116";"153Â 245";"A01";"1";"31";"0";"0";"7";"16";"1";""
"202100027117";"153Â 243";"B01";"3";"7";"0";"2";"1";"1";"1";""
"202100027117";"153Â 244";"A01";"3";"7";"0";"2";"1";"5";"1";""
"202100027118";"153Â 241";"B01";"1";"7";"0";"2";"3";"1";"1";""
"202100027118";"153Â 242";"A01";"2";"7";"0";"2";"3";"1";"1";""
"202100027119";"153Â 240";"A01";"2";"7";"2";"0";"9";"1";"1";""
"202100027120";"153Â 239";"A01";"1";"1";"0";"0";"1";"1";"5";""
"202100027121";"153Â 238";"A01";"3";"36";"0";"0";"0";"1";"1";""
"202100027122";"153Â 235";"A01";"3";"7";"0";"2";"3";"19";"1";""
"202100027122";"153Â 236";"C01";"1";"10";"15";"0";"1";"1";"1";""
"202100027122";"153Â 237";"B01";"1";"7";"0";"2";"2";"1";"1";""
"202100027123";"153Â 233";"A01";"0";"7";"0";"0";"3";"15";"1";""
"202100027123";"153Â 234";"B01";"0";"33";"0";"2";"1";"1";"1";""
"202100027124";"153Â 231";"B01";"2";"1";"0";"0";"1";"1";"5";""
"202100027124";"153Â 232";"A01";"2";"7";"0";"9";"0";"9";"1";""
"202100027125";"153Â 229";"B01";"1";"7";"0";"2";"2";"15";"1";""
"202100027125";"153Â 230";"A01";"2";"2";"0";"2";"1";"1";"1";""
"202100027126";"153Â 217";"A01";"0";"14";"0";"2";"1";"1";"1";""
"202100027126";"153Â 218";"L01";"0";"7";"0";"0";"0";"23";"1";""
"202100027126";"153Â 219";"C01";"0";"7";"0";"0";"4";"23";"1";""
"202100027126";"153Â 220";"K01";"0";"10";"0";"0";"4";"23";"1";""
"202100027126";"153Â 221";"B01";"0";"7";"0";"2";"4";"23";"1";""
"202100027126";"153Â 222";"J01";"0";"7";"0";"0";"4";"23";"1";""
"202100027126";"153Â 223";"I01";"0";"7";"0";"0";"0";"23";"1";""
"202100027126";"153Â 224";"F01";"0";"7";"0";"0";"4";"23";"1";""
"202100027126";"153Â 225";"H01";"0";"7";"0";"0";"0";"23";"1";""
"202100027126";"153Â 226";"G01";"0";"7";"0";"0";"4";"23";"1";""
"202100027126";"153Â 227";"E01";"0";"10";"0";"0";"4";"23";"1";""
"202100027126";"153Â 228";"D01";"0";"7";"0";"0";"4";"23";"3";""
"202100027127";"153Â 216";"B01";"2";"7";"13";"0";"7";"1";"1";""
"202100027128";"153Â 214";"A01";"2";"7";"0";"2";"1";"1";"1";""
"202100027128";"153Â 215";"B01";"1";"7";"0";"2";"3";"1";"1";""
"202100027129";"153Â 212";"B01";"1";"7";"0";"2";"1";"1";"1";""
"202100027129";"153Â 213";"A01";"2";"13";"0";"2";"1";"13";"1";""
"202100027130";"153Â 211";"A01";"2";"33";"0";"0";"8";"16";"1";""
"202100027131";"153Â 210";"A01";"1";"33";"8";"0";"1";"1";"1";""
"202100027132";"153Â 209";"A01";"3";"7";"0";"1";"3";"1";"1";""
"202100027133";"153Â 208";"A01";"0";"7";"4";"0";"1";"1";"1";""
"202100027134";"153Â 206";"B01";"2";"15";"0";"2";"3";"1";"1";""
"202100027134";"153Â 207";"A01";"1";"7";"0";"2";"7";"19";"1";""
"202100027135";"153Â 205";"A01";"3";"7";"15";"0";"1";"2";"1";""
"202100027136";"153Â 204";"A01";"1";"7";"13";"0";"1";"13";"1";""
"202100027137";"153Â 202";"A01";"0";"7";"0";"2";"2";"2";"1";""
"202100027137";"153Â 203";"B01";"0";"1";"0";"2";"4";"2";"5";""
"202100027138";"153Â 201";"A01";"0";"7";"0";"1";"3";"16";"1";""
"202100027139";"153Â 199";"A01";"1";"7";"0";"0";"5";"26";"1";""
"202100027139";"153Â 200";"B01";"1";"43";"0";"2";"1";"1";"1";""
"202100027140";"153Â 197";"B01";"0";"7";"0";"2";"1";"1";"1";""
"202100027140";"153Â 198";"A01";"0";"3";"0";"2";"1";"1";"1";""
"202100027141";"153Â 196";"A01";"2";"7";"0";"0";"9";"1";"1";""
"202100027142";"153Â 195";"A01";"2";"7";"0";"1";"3";"1";"1";""
"202100027143";"153Â 194";"A01";"2";"33";"0";"0";"7";"1";"1";""
"202100027144";"153Â 193";"A01";"2";"10";"4";"0";"3";"9";"1";""
"202100027145";"153Â 191";"B01";"2";"33";"0";"2";"4";"2";"1";""
"202100027145";"153Â 192";"A01";"2";"33";"0";"2";"1";"2";"1";""
"202100027146";"153Â 188";"A01";"1";"7";"14";"0";"3";"1";"0";""
"202100027147";"153Â 186";"B01";"1";"7";"0";"2";"3";"1";"1";""
"202100027147";"153Â 187";"A01";"2";"31";"0";"2";"1";"0";"1";""
"202100027148";"153Â 185";"A01";"3";"10";"0";"1";"2";"1";"1";""
"202100027149";"153Â 184";"A01";"2";"20";"2";"0";"9";"1";"1";""
"202100027150";"153Â 183";"A01";"1";"33";"0";"0";"0";"1";"1";""
"202100027151";"153Â 182";"A01";"2";"2";"0";"0";"1";"1";"1";""
"202100027152";"153Â 180";"A01";"1";"7";"15";"2";"1";"13";"1";""
"202100027152";"153Â 181";"B01";"2";"7";"0";"2";"1";"1";"1";""
"202100027153";"153Â 179";"A01";"1";"7";"13";"0";"1";"1";"1";""
"202100027154";"153Â 178";"A01";"1";"7";"2";"0";"1";"1";"1";""
"202100027155";"153Â 177";"A01";"2";"7";"0";"1";"3";"21";"1";""
"202100027156";"153Â 175";"B01";"1";"33";"0";"2";"2";"2";"1";""
"202100027156";"153Â 176";"A01";"1";"7";"0";"0";"4";"2";"1";""
"202100027157";"153Â 173";"A01";"1";"30";"0";"2";"8";"19";"1";""
"202100027157";"153Â 174";"B01";"1";"10";"0";"2";"1";"21";"1";""
"202100027158";"153Â 172";"A01";"1";"7";"2";"0";"1";"1";"1";""
"202100027159";"153Â 171";"A01";"2";"7";"2";"0";"1";"1";"1";""
"202100027160";"153Â 170";"A01";"1";"7";"0";"1";"6";"1";"1";""
"202100027161";"153Â 168";"A01";"3";"7";"0";"0";"6";"19";"2";""
"202100027161";"153Â 169";"B01";"2";"7";"0";"2";"1";"1";"1";""
"202100027162";"153Â 167";"A01";"3";"33";"0";"6";"1";"1";"6";""
"202100027163";"153Â 164";"C01";"2";"7";"0";"0";"4";"1";"1";""
"202100027163";"153Â 165";"B01";"2";"7";"0";"2";"4";"1";"1";""
"202100027163";"153Â 166";"A01";"2";"7";"0";"2";"1";"1";"1";""
"202100027164";"153Â 162";"B01";"2";"7";"0";"0";"4";"1";"1";""
"202100027164";"153Â 163";"A01";"2";"33";"0";"2";"1";"17";"1";""
"202100027165";"153Â 160";"B01";"1";"10";"0";"2";"3";"1";"1";""
"202100027165";"153Â 161";"A01";"2";"7";"0";"2";"3";"13";"1";""
"202100027166";"153Â 159";"A01";"1";"7";"3";"0";"3";"2";"1";""
"202100027167";"153Â 157";"B01";"3";"33";"0";"2";"2";"3";"1";""
"202100027167";"153Â 158";"A01";"3";"7";"0";"2";"8";"2";"1";""
"202100027168";"153Â 151";"C01";"2";"7";"0";"2";"4";"0";"1";""
"202100027168";"153Â 152";"B01";"2";"7";"0";"2";"1";"0";"1";""
"202100027168";"153Â 153";"A01";"2";"7";"0";"2";"4";"0";"1";""
"202100027168";"153Â 154";"F01";"2";"7";"0";"2";"7";"0";"1";""
"202100027168";"153Â 155";"E01";"2";"7";"0";"2";"4";"0";"3";""
"202100027168";"153Â 156";"D01";"2";"7";"0";"2";"4";"0";"1";""
"202100027169";"153Â 148";"C01";"1";"7";"0";"2";"1";"2";"1";""
"202100027169";"153Â 149";"B01";"1";"7";"0";"2";"1";"2";"1";""
"202100027169";"153Â 150";"A01";"1";"7";"0";"2";"4";"23";"1";""
"202100027170";"153Â 147";"A01";"2";"7";"3";"0";"1";"16";"1";""
"202100027171";"153Â 145";"A01";"2";"10";"0";"2";"1";"2";"1";""
"202100027171";"153Â 146";"B01";"2";"7";"0";"2";"4";"2";"1";""
"202100027172";"153Â 143";"A01";"2";"7";"0";"2";"2";"2";"1";""
"202100027172";"153Â 144";"B01";"2";"7";"0";"2";"6";"2";"1";""
"202100027173";"153Â 142";"A01";"2";"7";"6";"0";"1";"2";"1";""
"202100027174";"153Â 140";"B01";"1";"10";"0";"2";"5";"2";"1";""
"202100027174";"153Â 141";"A01";"1";"10";"0";"2";"8";"13";"1";""
"202100027175";"153Â 137";"B01";"1";"7";"0";"2";"4";"2";"1";""
"202100027175";"153Â 138";"C01";"1";"7";"4";"2";"4";"2";"1";""
"202100027175";"153Â 139";"A01";"1";"7";"4";"2";"1";"1";"2";""
"202100027176";"153Â 136";"A01";"2";"7";"3";"0";"1";"13";"1";""
"202100027177";"153Â 134";"A01";"1";"7";"4";"2";"1";"1";"1";""
"202100027177";"153Â 135";"B01";"1";"7";"4";"2";"4";"1";"1";""
"202100027178";"153Â 133";"A01";"2";"43";"0";"2";"7";"1";"1";""
"202100027179";"153Â 132";"A01";"2";"7";"4";"0";"2";"14";"1";""
"202100027180";"153Â 131";"A01";"1";"7";"3";"0";"1";"2";"1";""
"202100027181";"153Â 129";"A01";"1";"34";"0";"2";"3";"3";"1";""
"202100027181";"153Â 130";"B01";"1";"7";"0";"2";"2";"1";"1";""
"202100027182";"153Â 128";"A01";"2";"15";"13";"0";"7";"14";"1";""
"202100027183";"153Â 127";"A01";"0";"7";"0";"1";"4";"24";"1";""
"202100027184";"153Â 126";"A01";"1";"7";"0";"1";"1";"15";"1";""
"202100027185";"153Â 125";"A01";"2";"50";"0";"1";"1";"1";"3";""
"202100027186";"153Â 123";"A01";"2";"7";"0";"0";"1";"16";"1";""
"202100027186";"153Â 124";"B01";"1";"33";"0";"2";"1";"1";"1";""
"202100027187";"153Â 121";"B01";"1";"34";"0";"2";"1";"1";"1";""
"202100027187";"153Â 122";"A01";"1";"7";"0";"9";"3";"19";"1";""
"202100027188";"153Â 119";"A01";"1";"7";"0";"2";"4";"2";"1";""
"202100027188";"153Â 120";"B01";"1";"2";"0";"2";"1";"2";"1";""
"202100027189";"153Â 117";"B01";"1";"7";"0";"2";"4";"2";"1";""
"202100027189";"153Â 118";"A01";"1";"7";"0";"2";"1";"2";"1";""
"202100027190";"153Â 115";"A01";"3";"7";"0";"2";"2";"19";"1";""
"202100027190";"153Â 116";"B01";"3";"7";"0";"2";"1";"2";"1";""
"202100027191";"153Â 113";"B01";"0";"7";"0";"2";"1";"1";"1";""
"202100027191";"153Â 114";"A01";"0";"7";"0";"2";"7";"9";"1";""
"202100027192";"153Â 111";"A01";"1";"7";"0";"2";"7";"1";"1";""
"202100027192";"153Â 112";"B01";"3";"7";"0";"2";"1";"9";"1";""
"202100027193";"153Â 109";"A01";"0";"7";"1";"0";"2";"1";"2";""
"202100027193";"153Â 110";"B01";"3";"7";"0";"2";"2";"24";"1";""
"202100027194";"153Â 108";"A01";"3";"7";"9";"0";"1";"26";"0";""
"202100027195";"153Â 107";"A01";"3";"33";"15";"0";"1";"13";"1";""
"202100027196";"153Â 106";"A01";"3";"7";"0";"1";"2";"1";"1";""
"202100027197";"153Â 104";"B01";"3";"7";"8";"0";"6";"15";"1";""
"202100027197";"153Â 105";"A01";"3";"34";"0";"2";"0";"17";"0";""
"202100027198";"153Â 101";"B01";"3";"1";"0";"2";"0";"0";"0";""
"202100027198";"153Â 102";"A01";"3";"1";"0";"2";"1";"26";"5";""
"202100027199";"153Â 100";"A01";"3";"31";"8";"0";"1";"26";"1";""
"202100027200";"153Â 098";"A01";"1";"7";"1";"2";"2";"21";"6";""
"202100027200";"153Â 099";"B01";"1";"7";"0";"2";"7";"2";"1";""
"202100027201";"153Â 097";"A01";"1";"7";"6";"0";"1";"26";"1";""
"202100027202";"153Â 092";"B01";"1";"7";"0";"2";"7";"26";"1";""
"202100027202";"153Â 093";"A01";"1";"30";"0";"2";"7";"11";"1";""
"202100027203";"153Â 090";"A01";"2";"7";"0";"2";"3";"19";"1";""
"202100027203";"153Â 091";"B01";"1";"33";"0";"2";"1";"21";"1";""
"202100027204";"153Â 087";"A01";"3";"7";"0";"2";"8";"1";"1";""
"202100027204";"153Â 088";"B01";"0";"7";"0";"2";"6";"1";"1";""
"202100027204";"153Â 089";"C01";"3";"2";"0";"2";"8";"1";"1";""
"202100027205";"153Â 085";"B01";"2";"7";"0";"2";"1";"1";"1";""
"202100027205";"153Â 086";"A01";"1";"7";"0";"2";"2";"15";"1";""
"202100027206";"153Â 083";"A01";"2";"7";"0";"2";"5";"15";"1";""
"202100027206";"153Â 084";"B01";"1";"1";"0";"2";"1";"1";"5";""
"202100027207";"153Â 082";"A01";"2";"30";"0";"0";"2";"1";"1";""
"202100027208";"153Â 081";"A01";"2";"7";"2";"0";"4";"11";"1";""
"202100027209";"153Â 079";"B01";"3";"31";"0";"2";"6";"16";"1";""
"202100027209";"153Â 080";"A01";"3";"7";"0";"2";"2";"16";"1";""
"202100027210";"153Â 078";"A01";"2";"7";"9";"0";"1";"1";"1";""
"202100027211";"153Â 076";"A01";"1";"7";"0";"2";"1";"1";"1";""
"202100027211";"153Â 077";"B01";"1";"7";"0";"2";"2";"15";"1";""
"202100027212";"153Â 074";"B01";"3";"1";"0";"9";"1";"1";"5";""
"202100027212";"153Â 075";"A01";"3";"37";"0";"9";"2";"1";"1";"1"
"202100027213";"153Â 073";"A01";"1";"7";"13";"0";"1";"19";"1";""
"202100027214";"153Â 070";"A01";"0";"30";"0";"0";"0";"0";"1";""
"202100027215";"153Â 068";"B01";"2";"1";"0";"2";"1";"1";"5";""
"202100027215";"153Â 069";"A01";"2";"7";"0";"2";"3";"9";"1";""
"202100027216";"153Â 067";"A01";"3";"7";"0";"1";"4";"20";"2";""
"202100027217";"153Â 065";"A01";"1";"30";"0";"2";"1";"1";"1";""
"202100027217";"153Â 066";"B01";"1";"7";"0";"2";"3";"1";"2";""
"202100027218";"153Â 064";"A01";"1";"3";"0";"0";"1";"2";"1";""
"202100027219";"153Â 063";"A01";"1";"10";"0";"1";"1";"15";"0";""
"202100027220";"153Â 061";"B01";"2";"7";"0";"2";"6";"15";"1";""
"202100027220";"153Â 062";"A01";"2";"7";"0";"2";"2";"17";"1";""
"202100027221";"153Â 060";"A01";"3";"7";"6";"0";"1";"15";"1";""
"202100027222";"153Â 058";"A01";"1";"7";"0";"2";"2";"15";"1";""
"202100027222";"153Â 059";"B01";"1";"32";"0";"2";"1";"1";"1";""
"202100027223";"153Â 057";"A01";"1";"30";"8";"0";"3";"14";"1";""
"202100027224";"153Â 056";"A01";"1";"33";"12";"0";"1";"14";"1";""
"202100027225";"153Â 055";"A01";"2";"10";"14";"0";"3";"15";"1";""
"202100027226";"153Â 053";"B01";"2";"32";"0";"2";"1";"1";"1";""
"202100027226";"153Â 054";"A01";"2";"7";"0";"2";"8";"15";"2";""
"202100027227";"153Â 051";"B01";"1";"50";"0";"2";"5";"1";"3";""
"202100027227";"153Â 052";"A01";"2";"7";"0";"2";"7";"5";"1";""
"202100027228";"153Â 049";"A01";"0";"7";"0";"2";"5";"1";"1";""
"202100027228";"153Â 050";"B01";"0";"32";"0";"2";"1";"1";"1";""
"202100027229";"153Â 047";"A01";"1";"50";"0";"2";"1";"2";"3";""
"202100027229";"153Â 048";"B01";"1";"7";"0";"2";"4";"2";"1";""
"202100027230";"153Â 046";"A01";"1";"7";"1";"0";"3";"1";"1";""
"202100027231";"153Â 044";"A01";"3";"7";"0";"2";"1";"1";"1";""
"202100027231";"153Â 045";"B01";"3";"7";"0";"2";"2";"1";"1";""
"202100027232";"153Â 042";"B01";"0";"7";"0";"2";"7";"24";"1";""
"202100027232";"153Â 043";"A01";"0";"7";"0";"2";"4";"20";"1";""
"202100027233";"153Â 040";"A01";"2";"7";"0";"2";"1";"1";"1";""
"202100027233";"153Â 041";"B01";"2";"33";"0";"0";"4";"16";"0";""
"202100027234";"153Â 038";"B01";"0";"7";"0";"2";"0";"1";"1";""
"202100027234";"153Â 039";"A01";"0";"60";"0";"2";"4";"21";"5";""
"202100027235";"153Â 036";"A01";"3";"7";"0";"2";"3";"5";"1";""
"202100027235";"153Â 037";"B01";"3";"7";"2";"2";"8";"0";"0";""
"202100027236";"153Â 034";"B01";"1";"7";"0";"2";"2";"1";"1";""
"202100027236";"153Â 035";"A01";"1";"7";"2";"2";"3";"16";"1";""
"202100027237";"153Â 033";"A01";"1";"37";"9";"0";"2";"14";"2";"1"
"202100027238";"153Â 029";"B01";"1";"13";"0";"2";"1";"26";"0";""
"202100027238";"153Â 030";"A01";"1";"99";"0";"2";"3";"21";"1";""
"202100027239";"153Â 028";"A01";"2";"7";"12";"0";"2";"14";"1";""
"202100027240";"153Â 026";"A01";"1";"10";"0";"2";"7";"10";"1";""
"202100027240";"153Â 027";"B01";"2";"33";"0";"2";"1";"1";"1";""
"202100027241";"153Â 025";"A01";"1";"60";"2";"0";"1";"14";"5";""
"202100027242";"153Â 023";"B01";"1";"7";"0";"2";"2";"1";"1";""
"202100027242";"153Â 024";"A01";"1";"10";"0";"2";"1";"1";"1";""
"202100027243";"153Â 022";"A01";"1";"33";"0";"1";"3";"9";"1";""
"202100027244";"153Â 020";"B01";"2";"1";"0";"2";"3";"6";"5";""
"202100027244";"153Â 021";"A01";"1";"7";"0";"9";"2";"1";"1";""
"202100027245";"153Â 018";"B01";"1";"7";"4";"0";"3";"1";"1";""
"202100027245";"153Â 019";"A01";"1";"10";"3";"2";"2";"1";"1";""
"202100027246";"153Â 015";"B01";"1";"7";"0";"2";"4";"2";"1";""
"202100027246";"153Â 016";"A01";"1";"7";"0";"0";"4";"2";"1";""
"202100027246";"153Â 017";"C01";"1";"7";"0";"2";"1";"2";"1";""
"202100027247";"153Â 013";"A01";"0";"7";"0";"2";"3";"9";"1";""
"202100027247";"153Â 014";"B01";"0";"7";"0";"2";"1";"1";"1";""
"202100027248";"153Â 012";"A01";"2";"2";"15";"0";"7";"1";"1";""
"202100027249";"153Â 011";"A01";"1";"1";"8";"0";"0";"1";"5";""
"202100027250";"153Â 009";"A01";"3";"7";"0";"2";"6";"19";"1";""
"202100027250";"153Â 010";"B01";"1";"7";"0";"2";"3";"1";"1";""
"202100027251";"153Â 008";"A01";"1";"7";"15";"0";"1";"1";"1";""
"202100027252";"153Â 006";"B01";"0";"7";"0";"1";"0";"0";"1";""
"202100027252";"153Â 007";"A01";"0";"30";"0";"0";"0";"0";"3";""
"202100027253";"153Â 005";"A01";"1";"33";"0";"0";"0";"1";"1";""
"202100027254";"153Â 004";"A01";"0";"33";"0";"0";"1";"1";"1";""
"202100027255";"153Â 001";"A01";"2";"7";"0";"0";"6";"2";"1";""
"202100027255";"153Â 002";"B01";"1";"7";"0";"2";"1";"1";"3";""
"202100027255";"153Â 003";"C01";"2";"7";"0";"2";"1";"17";"1";""