"Num_Acc";"id_vehicule";"num_veh";"senc";"catv";"obs";"obsm";"choc";"manv";"motor";"occutc"
"202100027256";"153Â 000";"A01";"3";"7";"6";"0";"1";"13";"1";""
"202100027257";"152Â 997";"B01";"1";"7";"0";"2";"4";"1";"1";""
"202100027257";"152Â 998";"C01";"2";"7";"0";"2";"1";"1";"1";""
"202100027257";"152Â 999";"A01";"1";"7";"0";"2";"1";"17";"1";""
"202100027258";"152Â 995";"B01";"2";"10";"2";"2";"1";"1";"1";""
"202100027258";"152Â 996";"A01";"1";"7";"0";"2";"2";"9";"1";""
"202100027259";"152Â 994";"A01";"1";"3";"8";"0";"2";"0";"1";""
"202100027260";"152Â 993";"A01";"2";"7";"0";"0";"2";"14";"1";""
"202100027261";"152Â 992";"A01";"1";"33";"15";"0";"4";"1";"1";""
"202100027262";"152Â 991";"A01";"3";"7";"16";"0";"2";"0";"1";""
"202100027263";"152Â 990";"A01";"3";"7";"16";"0";"0";"0";"1";""
"202100027264";"152Â 988";"A01";"3";"33";"0";"2";"3";"13";"1";""
"202100027264";"152Â 989";"B01";"3";"21";"0";"2";"8";"1";"1";""
"202100027265";"152Â 987";"A01";"1";"15";"0";"9";"1";"1";"1";""
"202100027266";"152Â 986";"A01";"1";"32";"16";"0";"5";"10";"1";""
"202100027267";"152Â 984";"B01";"2";"7";"0";"2";"1";"1";"1";""
"202100027267";"152Â 985";"A01";"1";"7";"0";"2";"1";"13";"1";""
"202100027268";"152Â 983";"A01";"2";"7";"5";"0";"1";"1";"1";""
"202100027269";"152Â 981";"B01";"3";"33";"0";"1";"0";"1";"1";""
"202100027269";"152Â 982";"A01";"3";"7";"0";"2";"3";"13";"1";""
"202100027270";"152Â 979";"B01";"1";"30";"0";"2";"1";"2";"1";""
"202100027270";"152Â 980";"A01";"1";"7";"0";"0";"4";"15";"1";""
"202100027271";"152Â 977";"A01";"1";"31";"0";"2";"7";"13";"1";""
"202100027271";"152Â 978";"B01";"2";"10";"0";"2";"3";"1";"1";""
"202100027272";"152Â 976";"A01";"2";"33";"14";"0";"0";"1";"1";""
"202100027273";"152Â 973";"A01";"1";"33";"0";"2";"2";"17";"1";""
"202100027273";"152Â 974";"C01";"1";"33";"5";"9";"7";"26";"1";""
"202100027273";"152Â 975";"B01";"1";"7";"0";"2";"6";"1";"1";""
"202100027274";"152Â 971";"B01";"0";"7";"0";"2";"3";"1";"0";""
"202100027274";"152Â 972";"A01";"0";"7";"0";"2";"3";"1";"1";""
"202100027275";"152Â 970";"A01";"0";"31";"2";"0";"0";"0";"1";""
"202100027276";"152Â 969";"A01";"3";"36";"6";"0";"1";"1";"1";""
"202100027277";"152Â 968";"A01";"1";"31";"8";"0";"1";"17";"1";""
"202100027278";"152Â 967";"A01";"2";"7";"8";"0";"8";"14";"1";""
"202100027279";"152Â 966";"A01";"2";"7";"8";"0";"1";"21";"1";""
"202100027280";"152Â 964";"B01";"2";"7";"3";"2";"3";"1";"1";""
"202100027280";"152Â 965";"A01";"2";"7";"0";"2";"3";"13";"1";""
"202100027281";"152Â 963";"A01";"3";"33";"0";"0";"0";"2";"1";""
"202100027282";"152Â 962";"A01";"2";"7";"13";"0";"7";"14";"1";""
"202100027283";"152Â 961";"A01";"3";"33";"2";"0";"0";"0";"1";""
"202100027284";"152Â 958";"B01";"1";"7";"0";"2";"1";"17";"1";""
"202100027284";"152Â 959";"A01";"1";"7";"2";"2";"1";"17";"1";""
"202100027284";"152Â 960";"C01";"1";"7";"0";"2";"1";"1";"1";""
"202100027285";"152Â 957";"A01";"3";"35";"6";"0";"2";"0";"1";""
"202100027286";"152Â 955";"A01";"2";"7";"0";"0";"8";"15";"1";""
"202100027286";"152Â 956";"B01";"2";"33";"0";"0";"2";"17";"1";""
"202100027287";"152Â 954";"A01";"1";"7";"3";"0";"1";"1";"1";""
"202100027288";"152Â 953";"A01";"2";"14";"0";"0";"7";"1";"1";""
"202100027289";"152Â 950";"A01";"1";"33";"0";"0";"8";"1";"1";""
"202100027290";"152Â 948";"A01";"2";"7";"0";"2";"3";"1";"1";""
"202100027290";"152Â 949";"B01";"1";"7";"0";"2";"1";"1";"1";""
"202100027291";"152Â 946";"B01";"1";"7";"0";"2";"1";"9";"1";""
"202100027291";"152Â 947";"A01";"1";"31";"0";"0";"4";"23";"1";""
"202100027292";"152Â 945";"A01";"2";"7";"8";"0";"3";"13";"1";""
"202100027293";"152Â 943";"A01";"1";"7";"0";"2";"1";"1";"1";""
"202100027293";"152Â 944";"B01";"0";"7";"0";"2";"8";"16";"1";""
"202100027294";"152Â 940";"A01";"2";"7";"0";"2";"3";"13";"1";""
"202100027294";"152Â 941";"B01";"1";"7";"0";"2";"3";"1";"1";""
"202100027295";"152Â 939";"A01";"1";"7";"8";"0";"3";"0";"1";""
"202100027296";"152Â 937";"B01";"2";"7";"0";"2";"2";"26";"1";""
"202100027296";"152Â 938";"A01";"1";"2";"0";"0";"8";"9";"1";""
"202100027297";"152Â 936";"A01";"1";"7";"6";"0";"2";"0";"1";""
"202100027298";"152Â 935";"A01";"1";"7";"13";"0";"3";"1";"1";""
"202100027299";"152Â 932";"B01";"2";"7";"1";"0";"2";"2";"1";""
"202100027299";"152Â 933";"A01";"2";"7";"0";"0";"4";"23";"1";""
"202100027300";"152Â 931";"A01";"2";"7";"13";"0";"2";"1";"1";""
"202100027301";"152Â 930";"A01";"2";"7";"6";"0";"2";"14";"1";""
"202100027302";"152Â 928";"A01";"3";"1";"0";"2";"1";"1";"5";""
"202100027302";"152Â 929";"B01";"3";"7";"0";"9";"3";"1";"1";""
"202100027303";"152Â 927";"A01";"1";"33";"12";"0";"1";"14";"1";""
"202100027304";"152Â 925";"B01";"1";"15";"0";"2";"1";"1";"1";""
"202100027304";"152Â 926";"A01";"2";"7";"0";"2";"1";"13";"2";""
"202100027305";"152Â 920";"A01";"2";"7";"0";"2";"4";"2";"1";""
"202100027305";"152Â 921";"B01";"2";"7";"0";"2";"1";"2";"1";""
"202100027305";"152Â 922";"C01";"2";"7";"0";"2";"1";"2";"1";""
"202100027305";"152Â 923";"D01";"2";"7";"0";"2";"1";"2";"1";""
"202100027306";"152Â 919";"A01";"2";"33";"0";"0";"7";"1";"1";""
"202100027307";"152Â 916";"Z01";"1";"7";"0";"2";"0";"18";"0";""
"202100027307";"152Â 917";"B01";"1";"7";"0";"2";"5";"1";"2";""
"202100027307";"152Â 918";"A01";"1";"7";"0";"2";"7";"1";"1";""
"202100027308";"152Â 914";"B01";"2";"7";"0";"2";"5";"1";"1";""
"202100027308";"152Â 915";"A01";"2";"32";"0";"2";"1";"9";"1";""
"202100027309";"152Â 911";"A01";"2";"7";"0";"2";"6";"1";"1";""
"202100027309";"152Â 912";"B01";"2";"15";"0";"2";"2";"12";"1";""
"202100027309";"152Â 913";"C01";"2";"7";"0";"2";"5";"1";"1";""
"202100027310";"152Â 910";"A01";"1";"33";"3";"0";"4";"0";"1";""
"202100027311";"152Â 907";"C01";"2";"7";"1";"0";"2";"12";"1";""
"202100027311";"152Â 908";"B01";"2";"10";"0";"2";"4";"23";"1";""
"202100027311";"152Â 909";"A01";"2";"10";"1";"0";"1";"26";"1";""
"202100027312";"152Â 905";"B01";"1";"7";"0";"2";"4";"2";"1";""
"202100027312";"152Â 906";"A01";"1";"7";"0";"2";"1";"1";"1";""
"202100027313";"152Â 903";"B01";"1";"7";"0";"2";"4";"2";"1";""
"202100027313";"152Â 904";"A01";"1";"7";"0";"2";"1";"1";"1";""
"202100027314";"152Â 901";"B01";"1";"37";"0";"2";"6";"23";"1";"1"
"202100027314";"152Â 902";"A01";"1";"7";"0";"2";"2";"1";"1";""
"202100027315";"152Â 898";"C01";"1";"7";"0";"2";"7";"1";"1";""
"202100027315";"152Â 899";"B01";"1";"7";"0";"2";"8";"0";"1";""
"202100027315";"152Â 900";"A01";"1";"16";"0";"2";"1";"11";"1";""
"202100027316";"152Â 897";"A01";"1";"7";"0";"1";"2";"17";"1";""
"202100027317";"152Â 895";"A01";"1";"7";"0";"2";"2";"15";"1";""
"202100027317";"152Â 896";"B01";"2";"33";"0";"2";"3";"1";"1";""
"202100027318";"152Â 892";"C01";"1";"7";"0";"2";"4";"1";"0";""
"202100027318";"152Â 893";"B01";"1";"7";"0";"2";"9";"1";"1";""
"202100027318";"152Â 894";"A01";"1";"10";"0";"2";"1";"1";"1";""
"202100027319";"152Â 890";"B01";"1";"7";"0";"2";"1";"9";"1";""
"202100027319";"152Â 891";"A01";"1";"30";"0";"2";"7";"1";"1";""
"202100027320";"152Â 888";"B01";"2";"37";"0";"2";"3";"1";"1";"1"
"202100027320";"152Â 889";"A01";"1";"7";"0";"2";"3";"1";"1";""
"202100027321";"152Â 886";"B01";"0";"7";"0";"2";"1";"1";"2";""
"202100027321";"152Â 887";"A01";"0";"50";"0";"2";"1";"19";"3";""
"202100027322";"152Â 884";"B01";"2";"7";"0";"2";"1";"1";"1";""
"202100027322";"152Â 885";"A01";"1";"7";"0";"2";"5";"1";"1";""
"202100027323";"152Â 882";"A01";"0";"7";"0";"2";"8";"19";"0";""
"202100027323";"152Â 883";"B01";"2";"10";"0";"2";"1";"1";"1";""
"202100027324";"152Â 881";"A01";"2";"7";"15";"0";"2";"14";"1";""
"202100027325";"152Â 879";"B01";"3";"7";"0";"2";"3";"1";"1";""
"202100027325";"152Â 880";"A01";"3";"2";"0";"2";"1";"0";"1";""
"202100027326";"152Â 877";"A01";"1";"32";"0";"2";"7";"17";"1";""
"202100027326";"152Â 878";"B01";"1";"7";"0";"0";"8";"0";"1";""
"202100027327";"152Â 874";"A01";"1";"7";"0";"2";"1";"13";"1";""
"202100027327";"152Â 875";"B01";"2";"7";"0";"2";"3";"1";"1";""
"202100027327";"152Â 876";"C01";"2";"7";"0";"2";"7";"1";"1";""
"202100027328";"152Â 872";"B01";"2";"10";"0";"2";"3";"1";"1";""
"202100027328";"152Â 873";"A01";"1";"32";"0";"2";"7";"1";"1";""
"202100027329";"152Â 871";"A01";"2";"7";"6";"0";"1";"14";"1";""
"202100027330";"152Â 869";"A01";"3";"3";"0";"2";"7";"17";"0";""
"202100027330";"152Â 870";"B01";"3";"1";"0";"2";"8";"2";"5";""
"202100027331";"152Â 867";"A01";"2";"7";"0";"2";"3";"9";"1";""
"202100027331";"152Â 868";"B01";"3";"2";"0";"2";"1";"15";"1";""
"202100027332";"152Â 865";"A01";"1";"7";"0";"2";"1";"13";"1";""
"202100027332";"152Â 866";"B01";"1";"7";"0";"2";"1";"1";"2";""
"202100027333";"152Â 864";"A01";"0";"7";"0";"1";"4";"4";"1";""
"202100027334";"152Â 863";"A01";"2";"7";"8";"0";"1";"21";"1";""
"202100027335";"152Â 862";"A01";"1";"10";"0";"1";"3";"1";"1";""
"202100027336";"152Â 859";"C01";"1";"10";"0";"2";"1";"0";"1";""
"202100027336";"152Â 860";"B01";"1";"7";"0";"2";"2";"0";"2";""
"202100027336";"152Â 861";"A01";"1";"7";"0";"2";"4";"1";"1";""
"202100027337";"152Â 857";"B01";"2";"7";"0";"2";"5";"2";"1";""
"202100027337";"152Â 858";"A01";"2";"34";"0";"2";"1";"2";"1";""
"202100027338";"152Â 855";"A01";"1";"7";"0";"2";"8";"26";"1";""
"202100027338";"152Â 856";"B01";"1";"34";"0";"2";"7";"16";"1";""
"202100027339";"152Â 853";"B01";"2";"10";"0";"2";"2";"1";"1";""
"202100027339";"152Â 854";"A01";"1";"7";"0";"2";"2";"13";"1";""
"202100027340";"152Â 851";"A01";"2";"7";"0";"0";"3";"23";"1";""
"202100027340";"152Â 852";"B01";"1";"30";"0";"2";"3";"0";"6";""
"202100027341";"152Â 849";"B01";"1";"7";"0";"2";"1";"1";"1";""
"202100027341";"152Â 850";"A01";"2";"14";"3";"2";"1";"13";"1";""
"202100027342";"152Â 847";"B01";"2";"31";"1";"2";"8";"2";"1";""
"202100027342";"152Â 848";"A01";"3";"7";"0";"2";"2";"15";"0";""
"202100027343";"152Â 846";"A01";"2";"32";"0";"0";"7";"1";"1";""
"202100027344";"152Â 845";"A01";"1";"7";"1";"0";"1";"1";"1";""
"202100027345";"152Â 843";"B01";"0";"7";"0";"2";"2";"2";"1";""
"202100027345";"152Â 844";"A01";"0";"30";"0";"2";"1";"2";"0";""
"202100027346";"152Â 841";"A01";"0";"30";"0";"2";"1";"1";"1";""
"202100027346";"152Â 842";"B01";"0";"7";"0";"2";"4";"0";"1";""
"202100027347";"152Â 839";"B01";"2";"32";"0";"2";"1";"1";"1";""
"202100027347";"152Â 840";"A01";"1";"10";"0";"2";"3";"15";"1";""
"202100027348";"152Â 837";"B01";"2";"7";"0";"2";"6";"1";"1";""
"202100027348";"152Â 838";"A01";"1";"7";"0";"2";"1";"1";"1";""
"202100027349";"152Â 835";"A01";"1";"33";"0";"2";"1";"1";"1";""
"202100027349";"152Â 836";"B01";"1";"7";"0";"2";"8";"9";"1";""
"202100027350";"152Â 834";"A01";"0";"99";"15";"0";"1";"16";"1";""
"202100027351";"152Â 832";"A01";"2";"7";"0";"2";"7";"1";"1";""
"202100027351";"152Â 833";"B01";"2";"50";"0";"2";"1";"9";"3";""
"202100027352";"152Â 831";"A01";"1";"33";"16";"0";"0";"0";"1";""
"202100027353";"152Â 829";"B01";"1";"7";"0";"2";"6";"26";"1";""
"202100027353";"152Â 830";"A01";"1";"7";"0";"2";"1";"26";"1";""
"202100027354";"152Â 827";"B01";"1";"7";"0";"9";"8";"19";"1";""
"202100027354";"152Â 828";"A01";"1";"1";"0";"2";"7";"19";"5";""
"202100027355";"152Â 825";"B01";"1";"7";"0";"2";"4";"26";"1";""
"202100027355";"152Â 826";"A01";"1";"30";"0";"2";"2";"26";"1";""
"202100027356";"152Â 821";"A01";"1";"7";"0";"2";"1";"2";"1";""
"202100027356";"152Â 822";"B01";"1";"7";"0";"2";"4";"2";"1";""
"202100027357";"152Â 819";"A01";"1";"7";"0";"2";"1";"9";"1";""
"202100027357";"152Â 820";"B01";"1";"1";"0";"2";"5";"26";"5";""
"202100027358";"152Â 817";"B01";"3";"7";"0";"2";"7";"1";"1";""
"202100027358";"152Â 818";"A01";"2";"2";"0";"2";"1";"1";"1";""
"202100027359";"152Â 815";"B01";"0";"30";"0";"2";"1";"2";"1";""
"202100027359";"152Â 816";"A01";"0";"2";"0";"2";"4";"2";"1";""
"202100027360";"152Â 813";"B01";"1";"10";"0";"0";"5";"23";"1";""
"202100027360";"152Â 814";"A01";"2";"2";"0";"2";"1";"1";"1";""
"202100027361";"152Â 812";"A01";"2";"7";"0";"1";"2";"1";"1";""
"202100027362";"152Â 811";"A01";"1";"10";"3";"0";"1";"17";"1";""
"202100027363";"152Â 809";"A01";"3";"7";"0";"2";"3";"26";"1";""
"202100027363";"152Â 810";"B01";"3";"50";"0";"2";"1";"1";"3";""
"202100027364";"152Â 804";"B01";"1";"7";"0";"2";"3";"1";"1";""
"202100027364";"152Â 805";"A01";"2";"7";"0";"2";"1";"15";"1";""
"202100027365";"152Â 802";"B01";"3";"2";"12";"2";"6";"1";"1";""
"202100027365";"152Â 803";"A01";"3";"7";"0";"2";"1";"1";"1";""
"202100027366";"152Â 800";"A01";"1";"7";"0";"2";"0";"2";"1";""
"202100027366";"152Â 801";"B01";"1";"1";"0";"2";"4";"15";"5";""
"202100027367";"152Â 798";"B01";"3";"1";"0";"2";"4";"26";"6";""
"202100027367";"152Â 799";"A01";"3";"7";"0";"2";"1";"1";"1";""
"202100027368";"152Â 796";"B01";"1";"7";"0";"0";"8";"23";"1";""
"202100027368";"152Â 797";"A01";"1";"30";"1";"0";"2";"21";"1";""
"202100027369";"152Â 794";"B01";"2";"7";"0";"2";"3";"1";"1";""
"202100027369";"152Â 795";"A01";"1";"7";"0";"2";"2";"15";"1";""
"202100027370";"152Â 791";"A01";"1";"7";"0";"2";"1";"2";"1";""
"202100027370";"152Â 792";"B01";"1";"7";"0";"2";"4";"23";"1";""
"202100027370";"152Â 793";"C01";"1";"7";"0";"2";"4";"23";"1";""
"202100027371";"152Â 790";"A01";"3";"7";"0";"1";"1";"15";"1";""
"202100027372";"152Â 788";"A01";"3";"7";"0";"2";"2";"15";"1";""
"202100027372";"152Â 789";"B01";"3";"33";"0";"2";"1";"1";"1";""
"202100027373";"152Â 787";"A01";"1";"32";"0";"1";"0";"26";"1";""
"202100027374";"152Â 784";"C01";"0";"7";"0";"2";"4";"16";"1";""
"202100027374";"152Â 785";"Z01";"0";"7";"0";"0";"0";"0";"0";""
"202100027374";"152Â 786";"B01";"0";"7";"0";"2";"6";"16";"1";""
"202100027375";"152Â 783";"A01";"1";"7";"1";"0";"3";"1";"1";""
"202100027376";"152Â 782";"A01";"1";"7";"0";"1";"2";"26";"1";""
"202100027377";"152Â 780";"A01";"1";"7";"0";"2";"3";"1";"1";""
"202100027377";"152Â 781";"B01";"2";"10";"0";"2";"3";"0";"1";""
"202100027378";"152Â 778";"A01";"2";"7";"0";"2";"2";"9";"1";""
"202100027378";"152Â 779";"B01";"2";"33";"0";"2";"0";"17";"1";""
"202100027379";"152Â 776";"A01";"1";"33";"0";"2";"1";"3";"3";""
"202100027379";"152Â 777";"B01";"1";"7";"0";"2";"5";"2";"1";""
"202100027380";"152Â 774";"A01";"1";"13";"0";"2";"7";"12";"1";""
"202100027380";"152Â 775";"B01";"1";"7";"0";"2";"8";"1";"1";""
"202100027381";"152Â 772";"B01";"3";"1";"0";"2";"1";"1";"5";""
"202100027381";"152Â 773";"A01";"3";"1";"0";"2";"1";"9";"5";""
"202100027382";"152Â 770";"B01";"1";"1";"0";"2";"3";"1";"5";""
"202100027382";"152Â 771";"A01";"2";"7";"0";"2";"3";"15";"1";""
"202100027383";"152Â 769";"A01";"2";"80";"0";"1";"3";"1";"3";""
"202100027384";"152Â 768";"A01";"1";"43";"0";"1";"2";"1";"1";""
"202100027385";"152Â 765";"C01";"1";"7";"0";"2";"6";"23";"1";""
"202100027385";"152Â 766";"B01";"1";"33";"0";"2";"1";"23";"1";""
"202100027385";"152Â 767";"A01";"1";"7";"0";"2";"3";"2";"1";""
"202100027386";"152Â 763";"B01";"2";"7";"0";"2";"2";"15";"3";""
"202100027386";"152Â 764";"A01";"1";"30";"0";"2";"1";"7";"1";""
"202100027387";"152Â 761";"B01";"3";"7";"0";"2";"1";"15";"1";""
"202100027387";"152Â 762";"A01";"3";"1";"0";"2";"7";"1";"5";""
"202100027388";"152Â 759";"A01";"1";"7";"0";"2";"3";"15";"1";""
"202100027388";"152Â 760";"B01";"1";"31";"0";"2";"7";"17";"1";""
"202100027389";"152Â 757";"A01";"1";"1";"0";"9";"4";"17";"5";""
"202100027389";"152Â 758";"Z01";"0";"1";"0";"0";"0";"13";"5";""
"202100027390";"152Â 754";"A01";"2";"50";"0";"2";"0";"1";"3";""
"202100027390";"152Â 755";"Z01";"2";"7";"0";"2";"0";"1";"0";""
"202100027391";"152Â 752";"A01";"1";"30";"0";"2";"1";"0";"1";""
"202100027391";"152Â 753";"B01";"1";"14";"0";"0";"6";"16";"1";""
"202100027392";"152Â 750";"A01";"1";"10";"0";"2";"2";"1";"1";""
"202100027392";"152Â 751";"B01";"2";"31";"0";"2";"8";"1";"1";""
"202100027393";"152Â 748";"B01";"3";"32";"0";"2";"3";"1";"1";""
"202100027393";"152Â 749";"A01";"1";"7";"0";"2";"2";"1";"1";""
"202100027394";"152Â 746";"Z01";"1";"7";"0";"2";"7";"1";"2";""
"202100027394";"152Â 747";"B01";"1";"7";"0";"2";"1";"1";"1";""
"202100027395";"152Â 744";"B01";"2";"7";"0";"2";"7";"1";"1";""
"202100027395";"152Â 745";"A01";"2";"2";"0";"2";"1";"1";"1";""
"202100027396";"152Â 742";"A01";"1";"7";"0";"2";"1";"19";"1";""
"202100027396";"152Â 743";"B01";"1";"7";"0";"2";"8";"1";"1";""
"202100027397";"152Â 740";"A01";"1";"7";"0";"2";"1";"1";"1";""
"202100027397";"152Â 741";"B01";"2";"7";"0";"2";"7";"15";"1";""
"202100027398";"152Â 738";"B01";"1";"1";"0";"2";"3";"19";"5";""
"202100027398";"152Â 739";"A01";"1";"33";"0";"2";"1";"9";"1";""
"202100027399";"152Â 736";"B01";"2";"34";"0";"2";"1";"16";"1";""
"202100027399";"152Â 737";"A01";"1";"7";"0";"2";"7";"15";"1";""
"202100027400";"152Â 735";"A01";"3";"7";"12";"0";"1";"1";"1";""
"202100027401";"152Â 733";"A01";"0";"7";"0";"2";"3";"11";"1";""
"202100027401";"152Â 734";"B01";"0";"7";"0";"2";"3";"1";"1";""
"202100027402";"152Â 731";"A01";"3";"7";"0";"2";"1";"2";"2";""
"202100027402";"152Â 732";"B01";"3";"7";"4";"2";"4";"1";"1";""
"202100027403";"152Â 729";"Z01";"1";"7";"0";"2";"1";"26";"0";""
"202100027403";"152Â 730";"A01";"2";"33";"9";"2";"1";"1";"1";""
"202100027404";"152Â 728";"A01";"1";"7";"0";"1";"1";"15";"1";""
"202100027405";"152Â 726";"A01";"3";"7";"0";"2";"2";"15";"1";""
"202100027405";"152Â 727";"B01";"3";"33";"0";"2";"1";"1";"1";""
"202100027406";"152Â 724";"A01";"2";"10";"0";"2";"1";"5";"1";""
"202100027406";"152Â 725";"B01";"1";"7";"0";"2";"1";"26";"1";""
"202100027407";"152Â 723";"A01";"1";"10";"1";"0";"3";"1";"1";""
"202100027408";"152Â 721";"A01";"2";"10";"0";"2";"8";"22";"1";""
"202100027408";"152Â 722";"B01";"2";"1";"1";"0";"1";"1";"0";""
"202100027409";"152Â 720";"A01";"1";"33";"0";"0";"7";"2";"1";""
"202100027410";"152Â 719";"A01";"3";"21";"6";"0";"9";"2";"1";""
"202100027411";"152Â 718";"A01";"3";"7";"16";"0";"0";"26";"1";""
"202100027412";"152Â 716";"A01";"0";"7";"0";"0";"5";"12";"0";""
"202100027412";"152Â 717";"B01";"0";"33";"0";"0";"3";"1";"1";""
"202100027413";"152Â 712";"A01";"2";"33";"0";"0";"4";"23";"1";""
"202100027413";"152Â 713";"B01";"2";"7";"3";"2";"2";"17";"1";""
"202100027413";"152Â 714";"C01";"2";"7";"0";"0";"6";"23";"1";""
"202100027414";"152Â 710";"A01";"1";"2";"0";"2";"0";"15";"1";""
"202100027414";"152Â 711";"B01";"1";"7";"0";"2";"0";"16";"1";""
"202100027415";"152Â 708";"A01";"1";"10";"0";"2";"1";"9";"0";""
"202100027415";"152Â 709";"B01";"1";"7";"0";"2";"2";"1";"1";""
"202100027416";"152Â 706";"B01";"2";"1";"0";"2";"1";"1";"5";""
"202100027416";"152Â 707";"A01";"1";"7";"0";"2";"3";"1";"1";""
"202100027417";"152Â 705";"A01";"2";"7";"8";"0";"3";"1";"1";""
"202100027418";"152Â 704";"A01";"2";"7";"2";"0";"1";"1";"1";""
"202100027419";"152Â 703";"A01";"3";"7";"0";"1";"6";"4";"1";""
"202100027420";"152Â 702";"A01";"1";"7";"2";"0";"3";"14";"1";""
"202100027421";"152Â 701";"A01";"3";"7";"1";"1";"3";"1";"1";""
"202100027422";"152Â 700";"A01";"1";"10";"14";"0";"8";"2";"1";""
"202100027423";"152Â 698";"A01";"3";"7";"0";"2";"1";"13";"1";""
"202100027423";"152Â 699";"B01";"3";"2";"0";"2";"1";"1";"1";""
"202100027424";"152Â 696";"B01";"1";"7";"0";"2";"1";"23";"1";""
"202100027424";"152Â 697";"A01";"2";"7";"0";"2";"8";"1";"1";""
"202100027425";"152Â 695";"A01";"2";"7";"0";"1";"3";"1";"1";""
"202100027426";"152Â 694";"A01";"2";"7";"13";"0";"1";"0";"1";""
"202100027427";"152Â 693";"A01";"2";"33";"0";"0";"3";"9";"1";""
"202100027428";"152Â 692";"A01";"2";"10";"0";"0";"1";"14";"0";""
"202100027429";"152Â 690";"B01";"1";"33";"0";"2";"1";"1";"1";""
"202100027429";"152Â 691";"A01";"1";"7";"0";"0";"5";"1";"1";""
"202100027430";"152Â 688";"B01";"3";"7";"0";"2";"3";"1";"1";""
"202100027430";"152Â 689";"A01";"3";"7";"0";"2";"3";"19";"1";""
"202100027431";"152Â 686";"B01";"1";"1";"0";"2";"1";"1";"5";""
"202100027431";"152Â 687";"A01";"2";"7";"0";"2";"3";"15";"1";""
"202100027432";"152Â 685";"A01";"1";"7";"2";"0";"1";"1";"1";""
"202100027433";"152Â 684";"A01";"1";"7";"6";"0";"2";"1";"1";""
"202100027434";"152Â 683";"A01";"2";"7";"2";"0";"1";"1";"1";""
"202100027435";"152Â 682";"A01";"1";"33";"0";"0";"0";"0";"1";""
"202100027436";"152Â 680";"A01";"2";"7";"0";"0";"7";"15";"1";""
"202100027436";"152Â 681";"B01";"1";"33";"0";"2";"1";"1";"1";""
"202100027437";"152Â 679";"A01";"1";"7";"13";"0";"2";"16";"0";""
"202100027438";"152Â 678";"A01";"1";"7";"2";"0";"1";"15";"2";""
"202100027439";"152Â 676";"A01";"2";"1";"0";"2";"1";"13";"5";""
"202100027439";"152Â 677";"B01";"1";"7";"0";"9";"1";"1";"1";""
"202100027440";"152Â 674";"B01";"1";"33";"0";"2";"1";"1";"1";""
"202100027440";"152Â 675";"A01";"2";"7";"0";"2";"6";"19";"1";""
"202100027441";"152Â 673";"A01";"2";"7";"2";"0";"1";"1";"1";""
"202100027442";"152Â 672";"A01";"1";"7";"0";"0";"9";"0";"1";""
"202100027443";"152Â 671";"A01";"1";"7";"8";"0";"3";"1";"1";""
"202100027444";"152Â 670";"A01";"1";"7";"0";"1";"0";"1";"1";""
"202100027445";"152Â 668";"A01";"1";"7";"0";"2";"3";"1";"1";""
"202100027445";"152Â 669";"B01";"2";"7";"0";"2";"3";"1";"1";""
"202100027446";"152Â 667";"A01";"2";"1";"0";"0";"1";"1";"5";""
"202100027447";"152Â 665";"B01";"2";"7";"0";"2";"1";"1";"1";""
"202100027447";"152Â 666";"A01";"1";"7";"6";"2";"7";"15";"1";""
"202100027448";"152Â 663";"B01";"2";"2";"0";"2";"0";"2";"1";""
"202100027448";"152Â 664";"A01";"2";"2";"0";"2";"0";"2";"1";""
"202100027449";"152Â 661";"A01";"3";"7";"0";"2";"1";"1";"1";""
"202100027449";"152Â 662";"B01";"3";"7";"0";"2";"5";"19";"1";""
"202100027450";"152Â 660";"A01";"2";"7";"6";"0";"9";"1";"1";""
"202100027451";"152Â 658";"B01";"2";"7";"0";"2";"1";"15";"1";""
"202100027451";"152Â 659";"A01";"1";"7";"0";"2";"3";"9";"1";""
"202100027452";"152Â 656";"B01";"2";"7";"0";"2";"1";"1";"1";""
"202100027452";"152Â 657";"A01";"1";"10";"0";"2";"1";"13";"1";""
"202100027453";"152Â 655";"A01";"2";"7";"2";"0";"1";"1";"1";""
"202100027454";"152Â 653";"A01";"1";"33";"0";"2";"2";"17";"1";""
"202100027454";"152Â 654";"B01";"1";"10";"0";"2";"3";"15";"1";""
"202100027455";"152Â 651";"A01";"1";"7";"0";"2";"3";"1";"1";""
"202100027455";"152Â 652";"B01";"1";"7";"0";"2";"3";"9";"1";""
"202100027456";"152Â 649";"A01";"1";"7";"0";"2";"1";"1";"1";""
"202100027456";"152Â 650";"B01";"1";"7";"0";"0";"4";"1";"1";""
"202100027457";"152Â 648";"A01";"1";"7";"0";"1";"1";"1";"1";""
"202100027458";"152Â 647";"A01";"3";"10";"16";"0";"9";"26";"1";""
"202100027459";"152Â 646";"A01";"3";"7";"10";"0";"2";"1";"1";""
"202100027460";"152Â 644";"A01";"1";"7";"0";"2";"3";"1";"1";""
"202100027460";"152Â 645";"B01";"2";"7";"0";"2";"1";"14";"1";""
"202100027461";"152Â 642";"B01";"1";"7";"0";"0";"0";"13";"1";""
"202100027461";"152Â 643";"A01";"2";"33";"16";"0";"0";"14";"1";""
"202100027462";"152Â 640";"B01";"2";"33";"13";"0";"7";"1";"1";""