"Num_Acc";"id_vehicule";"num_veh";"senc";"catv";"obs";"obsm";"choc";"manv";"motor";"occutc"
"202100027462";"152Â 641";"A01";"2";"33";"13";"0";"7";"1";"1";""
"202100027463";"152Â 638";"A01";"1";"7";"0";"2";"3";"1";"1";""
"202100027463";"152Â 639";"B01";"1";"2";"0";"2";"1";"17";"1";""
"202100027464";"152Â 637";"A01";"1";"7";"0";"1";"3";"1";"1";""
"202100027465";"152Â 635";"A01";"2";"2";"0";"2";"1";"17";"1";""
"202100027465";"152Â 636";"B01";"1";"7";"0";"2";"3";"1";"1";""
"202100027466";"152Â 633";"B01";"2";"33";"0";"2";"1";"17";"1";""
"202100027466";"152Â 634";"A01";"0";"7";"0";"2";"3";"15";"1";""
"202100027467";"152Â 631";"A01";"1";"7";"4";"0";"9";"1";"1";""
"202100027468";"152Â 630";"A01";"1";"33";"0";"0";"1";"1";"1";""
"202100027469";"152Â 628";"B01";"2";"7";"0";"2";"6";"1";"1";""
"202100027469";"152Â 629";"A01";"1";"7";"0";"2";"3";"1";"1";""
"202100027470";"152Â 626";"A01";"3";"33";"0";"2";"1";"19";"1";""
"202100027470";"152Â 627";"B01";"1";"7";"0";"2";"8";"26";"1";""
"202100027471";"152Â 625";"A01";"1";"7";"6";"0";"3";"1";"6";""
"202100027472";"152Â 623";"B01";"2";"2";"0";"2";"8";"13";"1";""
"202100027472";"152Â 624";"A01";"2";"7";"0";"2";"7";"1";"1";""
"202100027473";"152Â 621";"B01";"1";"7";"0";"2";"3";"15";"1";""
"202100027473";"152Â 622";"A01";"1";"33";"0";"2";"1";"17";"1";""
"202100027474";"152Â 619";"A01";"2";"33";"0";"2";"2";"17";"1";""
"202100027474";"152Â 620";"B01";"2";"7";"0";"2";"8";"15";"1";""
"202100027475";"152Â 616";"C01";"1";"7";"0";"9";"8";"1";"1";""
"202100027475";"152Â 617";"B01";"2";"7";"0";"2";"3";"1";"1";""
"202100027475";"152Â 618";"A01";"1";"7";"0";"2";"3";"17";"1";""
"202100027476";"152Â 614";"B01";"2";"2";"0";"2";"1";"13";"1";""
"202100027476";"152Â 615";"A01";"1";"7";"0";"2";"3";"1";"1";""
"202100027477";"152Â 610";"A01";"1";"7";"0";"2";"4";"23";"1";""
"202100027477";"152Â 611";"B01";"1";"31";"0";"2";"1";"2";"1";""
"202100027478";"152Â 608";"B01";"2";"7";"0";"2";"4";"1";"1";""
"202100027478";"152Â 609";"A01";"2";"33";"0";"2";"1";"2";"1";""
"202100027479";"152Â 607";"A01";"1";"7";"2";"0";"9";"26";"1";""
"202100027480";"152Â 606";"A01";"2";"32";"16";"0";"4";"26";"1";""
"202100027481";"152Â 603";"B01";"1";"7";"0";"2";"4";"2";"1";""
"202100027481";"152Â 604";"C01";"1";"7";"0";"2";"4";"2";"1";""
"202100027481";"152Â 605";"A01";"1";"7";"0";"2";"1";"2";"1";""
"202100027482";"152Â 600";"A01";"3";"33";"0";"2";"4";"2";"1";""
"202100027482";"152Â 601";"B01";"3";"7";"0";"2";"1";"2";"1";""
"202100027482";"152Â 602";"C01";"3";"7";"0";"2";"4";"2";"1";""
"202100027483";"152Â 599";"A01";"1";"7";"0";"9";"1";"12";"1";""
"202100027484";"152Â 597";"A01";"1";"7";"0";"2";"1";"2";"1";""
"202100027484";"152Â 598";"B01";"1";"7";"0";"2";"4";"2";"1";""
"202100027485";"152Â 595";"A01";"1";"34";"0";"2";"3";"3";"1";""
"202100027485";"152Â 596";"B01";"1";"7";"0";"2";"2";"1";"1";""
"202100027486";"152Â 594";"A01";"1";"7";"4";"0";"1";"2";"1";""
"202100027487";"152Â 593";"A01";"1";"33";"0";"0";"4";"1";"1";""
"202100027488";"152Â 591";"Z01";"1";"10";"0";"2";"2";"14";"0";""
"202100027488";"152Â 592";"A01";"1";"1";"0";"2";"2";"1";"5";""
"202100027489";"152Â 589";"B01";"2";"7";"0";"0";"4";"2";"1";""
"202100027489";"152Â 590";"A01";"2";"7";"0";"2";"1";"2";"1";""
"202100027490";"152Â 588";"A01";"3";"7";"0";"1";"1";"1";"1";""
"202100027491";"152Â 586";"B01";"3";"7";"0";"2";"0";"15";"1";""
"202100027491";"152Â 587";"A01";"3";"2";"0";"2";"0";"1";"0";""
"202100027492";"152Â 584";"B01";"3";"31";"0";"2";"7";"1";"1";""
"202100027492";"152Â 585";"A01";"3";"7";"0";"2";"3";"15";"1";""
"202100027493";"152Â 583";"A01";"3";"33";"0";"0";"0";"0";"1";""
"202100027494";"152Â 581";"A01";"2";"34";"0";"2";"1";"5";"1";""
"202100027494";"152Â 582";"B01";"1";"7";"0";"2";"2";"1";"1";""
"202100027495";"152Â 580";"A01";"3";"50";"0";"1";"1";"25";"3";""
"202100027496";"152Â 579";"A01";"2";"1";"0";"1";"1";"5";"5";""
"202100027497";"152Â 576";"A01";"3";"7";"0";"2";"1";"1";"1";""
"202100027497";"152Â 577";"B01";"3";"7";"0";"2";"4";"1";"1";""
"202100027497";"152Â 578";"C01";"3";"7";"0";"2";"4";"1";"1";""
"202100027498";"152Â 574";"B01";"1";"7";"0";"2";"3";"1";"1";""
"202100027498";"152Â 575";"A01";"1";"7";"0";"2";"2";"1";"1";""
"202100027499";"152Â 573";"A01";"1";"7";"0";"1";"2";"1";"1";""
"202100027500";"152Â 571";"B01";"1";"7";"0";"2";"6";"15";"1";""
"202100027500";"152Â 572";"A01";"2";"33";"0";"2";"1";"1";"1";""
"202100027501";"152Â 569";"B01";"1";"7";"0";"2";"3";"21";"1";""
"202100027501";"152Â 570";"A01";"1";"7";"0";"2";"2";"13";"1";""
"202100027502";"152Â 567";"B01";"2";"31";"0";"2";"1";"7";"1";""
"202100027502";"152Â 568";"A01";"2";"7";"0";"2";"2";"16";"1";""
"202100027503";"152Â 565";"B01";"2";"1";"0";"2";"1";"21";"5";""
"202100027503";"152Â 566";"A01";"1";"7";"0";"2";"2";"15";"1";""
"202100027504";"152Â 563";"A01";"2";"30";"0";"2";"1";"5";"1";""
"202100027504";"152Â 564";"B01";"1";"7";"0";"2";"3";"1";"1";""
"202100027505";"152Â 560";"A01";"2";"7";"0";"2";"8";"13";"1";""
"202100027505";"152Â 561";"B01";"2";"10";"0";"2";"8";"1";"1";""
"202100027505";"152Â 562";"C01";"2";"7";"0";"2";"1";"1";"1";""
"202100027506";"152Â 559";"A01";"2";"1";"0";"0";"7";"1";"5";""
"202100027507";"152Â 558";"A01";"2";"33";"0";"0";"7";"1";"1";""
"202100027508";"152Â 556";"A01";"0";"50";"0";"2";"7";"15";"3";""
"202100027508";"152Â 557";"B01";"0";"7";"0";"2";"1";"1";"1";""
"202100027509";"152Â 554";"A01";"3";"7";"0";"2";"1";"1";"1";""
"202100027509";"152Â 555";"B01";"3";"99";"0";"2";"9";"1";"3";""
"202100027510";"152Â 552";"A01";"1";"7";"15";"2";"8";"16";"1";""
"202100027510";"152Â 553";"B01";"3";"7";"0";"2";"1";"1";"1";""
"202100027511";"152Â 550";"A01";"2";"7";"0";"2";"4";"2";"1";""
"202100027511";"152Â 551";"B01";"2";"31";"0";"2";"1";"2";"1";""
"202100027512";"152Â 548";"B01";"2";"2";"0";"2";"4";"14";"0";""
"202100027512";"152Â 549";"A01";"2";"7";"0";"2";"1";"2";"0";""
"202100027513";"152Â 546";"B01";"3";"33";"0";"2";"1";"1";"1";""
"202100027513";"152Â 547";"A01";"3";"7";"0";"2";"1";"15";"1";""
"202100027514";"152Â 545";"A01";"0";"7";"0";"1";"1";"1";"1";""
"202100027515";"152Â 543";"A01";"1";"7";"0";"2";"5";"16";"0";""
"202100027515";"152Â 544";"B01";"1";"50";"0";"2";"1";"1";"3";""
"202100027516";"152Â 542";"A01";"1";"7";"0";"1";"1";"26";"1";""
"202100027517";"152Â 539";"C01";"1";"7";"0";"2";"4";"15";"1";""
"202100027517";"152Â 540";"B01";"1";"7";"0";"2";"1";"1";"1";""
"202100027517";"152Â 541";"A01";"1";"7";"0";"2";"1";"1";"1";""
"202100027518";"152Â 537";"B01";"2";"33";"0";"2";"8";"16";"1";""
"202100027518";"152Â 538";"A01";"1";"7";"0";"2";"1";"15";"1";""
"202100027519";"152Â 535";"A01";"1";"1";"0";"2";"2";"19";"5";""
"202100027519";"152Â 536";"Z01";"2";"80";"0";"2";"1";"1";"3";""
"202100027520";"152Â 533";"Z01";"2";"7";"0";"2";"0";"0";"1";""
"202100027520";"152Â 534";"A01";"1";"7";"0";"2";"1";"1";"1";""
"202100027521";"152Â 531";"A01";"1";"31";"0";"2";"1";"15";"1";""
"202100027521";"152Â 532";"B01";"1";"7";"0";"2";"3";"9";"2";""
"202100027522";"152Â 529";"B01";"1";"43";"0";"2";"1";"1";"1";""
"202100027522";"152Â 530";"A01";"1";"7";"0";"2";"6";"10";"1";""
"202100027523";"152Â 528";"A01";"2";"30";"6";"0";"1";"14";"1";""
"202100027524";"152Â 527";"A01";"2";"30";"0";"0";"8";"9";"3";""
"202100027525";"152Â 526";"A01";"1";"7";"0";"1";"3";"16";"1";""
"202100027526";"152Â 525";"A01";"2";"2";"0";"1";"1";"26";"1";""
"202100027527";"152Â 524";"A01";"2";"38";"0";"1";"3";"15";"1";"1"
"202100027528";"152Â 523";"A01";"2";"30";"14";"0";"1";"1";"1";""
"202100027529";"152Â 521";"B01";"0";"7";"0";"2";"1";"26";"1";""
"202100027529";"152Â 522";"A01";"0";"2";"0";"2";"1";"26";"0";""
"202100027530";"152Â 519";"A01";"1";"7";"0";"2";"2";"15";"1";""
"202100027530";"152Â 520";"B01";"2";"7";"0";"2";"1";"1";"1";""
"202100027531";"152Â 517";"A01";"0";"7";"0";"2";"1";"9";"1";""
"202100027531";"152Â 518";"B01";"0";"2";"0";"2";"1";"2";"1";""
"202100027532";"152Â 514";"B01";"1";"7";"1";"2";"1";"0";"1";""
"202100027532";"152Â 515";"C01";"1";"7";"1";"2";"0";"0";"1";""
"202100027532";"152Â 516";"A01";"1";"7";"0";"2";"1";"9";"1";""
"202100027533";"152Â 513";"A01";"1";"10";"0";"1";"1";"0";"1";""
"202100027534";"152Â 511";"A01";"1";"7";"0";"2";"3";"18";"1";""
"202100027534";"152Â 512";"Y01";"1";"1";"0";"2";"7";"21";"5";""
"202100027535";"152Â 509";"B01";"0";"32";"0";"0";"0";"0";"1";""
"202100027535";"152Â 510";"A01";"0";"7";"0";"2";"2";"9";"1";""
"202100027536";"152Â 507";"B01";"0";"7";"0";"2";"3";"1";"1";""
"202100027536";"152Â 508";"A01";"0";"7";"0";"2";"7";"15";"1";""
"202100027537";"152Â 505";"A01";"1";"7";"0";"2";"3";"15";"1";""
"202100027537";"152Â 506";"B01";"2";"30";"0";"2";"1";"2";"1";""
"202100027538";"152Â 503";"A01";"0";"99";"0";"2";"1";"1";"0";""
"202100027538";"152Â 504";"B01";"0";"33";"0";"2";"2";"1";"1";""
"202100027539";"152Â 502";"A01";"2";"7";"1";"0";"2";"14";"1";""
"202100027540";"152Â 500";"B01";"0";"80";"1";"0";"0";"0";"3";""
"202100027540";"152Â 501";"A01";"0";"7";"0";"2";"3";"24";"1";""
"202100027541";"152Â 498";"B01";"0";"7";"0";"2";"1";"2";"1";""
"202100027541";"152Â 499";"A01";"3";"7";"0";"2";"2";"2";"1";""
"202100027542";"152Â 497";"A01";"2";"7";"1";"0";"1";"1";"1";""
"202100027543";"152Â 496";"A01";"3";"7";"8";"0";"0";"2";"1";""
"202100027544";"152Â 494";"A01";"1";"7";"0";"2";"1";"1";"1";""
"202100027544";"152Â 495";"B01";"3";"2";"0";"2";"1";"1";"1";""
"202100027545";"152Â 493";"A01";"2";"1";"0";"0";"0";"1";"5";""
"202100027546";"152Â 491";"A01";"3";"7";"0";"2";"1";"20";"2";""
"202100027546";"152Â 492";"B01";"2";"1";"0";"2";"7";"1";"5";""
"202100027547";"152Â 488";"C01";"2";"17";"0";"2";"3";"1";"1";""
"202100027547";"152Â 489";"B01";"2";"7";"0";"2";"4";"1";"1";""
"202100027547";"152Â 490";"A01";"2";"7";"0";"2";"1";"2";"1";""
"202100027548";"152Â 486";"B01";"2";"7";"0";"2";"4";"1";"0";""
"202100027548";"152Â 487";"A01";"2";"7";"0";"2";"1";"1";"0";""
"202100027549";"152Â 484";"B01";"2";"7";"0";"2";"1";"15";"1";""
"202100027549";"152Â 485";"A01";"2";"7";"0";"2";"1";"14";"1";""
"202100027550";"152Â 477";"A01";"2";"7";"0";"1";"3";"1";"1";""
"202100027551";"152Â 475";"A01";"1";"7";"2";"0";"3";"2";"1";""
"202100027551";"152Â 476";"B01";"1";"7";"0";"2";"5";"12";"0";""
"202100027552";"152Â 474";"A01";"2";"50";"0";"1";"1";"1";"3";""
"202100027553";"152Â 472";"B01";"2";"2";"0";"2";"1";"1";"1";""
"202100027553";"152Â 473";"A01";"1";"7";"0";"2";"7";"15";"1";""
"202100027554";"152Â 471";"A01";"1";"7";"0";"1";"1";"1";"1";""
"202100027555";"152Â 469";"A01";"3";"7";"0";"2";"1";"1";"1";""
"202100027555";"152Â 470";"B01";"3";"1";"0";"2";"0";"0";"5";""
"202100027556";"152Â 467";"B01";"2";"7";"0";"2";"6";"15";"1";""
"202100027556";"152Â 468";"A01";"2";"7";"0";"2";"2";"1";"1";""
"202100027557";"152Â 465";"B01";"2";"2";"0";"2";"7";"17";"1";""
"202100027557";"152Â 466";"A01";"2";"7";"0";"2";"3";"15";"1";""
"202100027558";"152Â 464";"A01";"2";"7";"0";"1";"2";"1";"1";""
"202100027559";"152Â 462";"B01";"2";"10";"0";"2";"6";"1";"1";""
"202100027559";"152Â 463";"A01";"2";"33";"0";"2";"2";"3";"1";""
"202100027560";"152Â 459";"A01";"2";"7";"0";"2";"2";"12";"1";""
"202100027560";"152Â 460";"B01";"2";"7";"4";"2";"6";"1";"1";""
"202100027560";"152Â 461";"C01";"2";"10";"0";"2";"1";"1";"1";""
"202100027561";"152Â 458";"A01";"1";"32";"11";"0";"1";"13";"1";""
"202100027562";"152Â 456";"A01";"2";"30";"0";"2";"2";"17";"1";""
"202100027562";"152Â 457";"B01";"2";"10";"0";"2";"3";"15";"1";""
"202100027563";"152Â 455";"A01";"2";"7";"0";"1";"3";"1";"1";""
"202100027564";"152Â 453";"B01";"2";"50";"0";"2";"1";"17";"3";""
"202100027564";"152Â 454";"A01";"2";"7";"0";"2";"3";"15";"1";""
"202100027565";"152Â 451";"A01";"2";"1";"0";"2";"7";"17";"5";""
"202100027565";"152Â 452";"B01";"2";"1";"0";"2";"8";"13";"5";""
"202100027566";"152Â 449";"A01";"1";"7";"0";"2";"0";"22";"1";""
"202100027566";"152Â 450";"B01";"1";"1";"0";"2";"0";"1";"5";""
"202100027567";"152Â 447";"A01";"1";"1";"0";"2";"7";"1";"5";""
"202100027567";"152Â 448";"B01";"1";"7";"0";"2";"3";"15";"1";""
"202100027568";"152Â 445";"A01";"1";"7";"0";"2";"6";"23";"1";""
"202100027568";"152Â 446";"B01";"1";"30";"0";"2";"4";"1";"1";""
"202100027569";"152Â 444";"A01";"1";"32";"0";"1";"3";"1";"1";""
"202100027570";"152Â 442";"A01";"1";"7";"0";"2";"4";"23";"1";""
"202100027570";"152Â 443";"B01";"3";"10";"0";"2";"1";"2";"1";""
"202100027571";"152Â 440";"B01";"1";"1";"0";"2";"3";"1";"5";""
"202100027571";"152Â 441";"A01";"1";"10";"0";"0";"2";"16";"1";""
"202100027572";"152Â 438";"A01";"3";"50";"0";"2";"3";"19";"3";""
"202100027572";"152Â 439";"Z01";"1";"7";"0";"2";"3";"1";"0";""
"202100027573";"152Â 436";"A01";"1";"7";"0";"2";"7";"1";"1";""
"202100027573";"152Â 437";"B01";"2";"1";"0";"2";"7";"19";"5";""
"202100027574";"152Â 434";"B01";"2";"1";"0";"2";"1";"1";"5";""
"202100027574";"152Â 435";"A01";"2";"10";"0";"2";"6";"22";"1";""
"202100027575";"152Â 433";"A01";"2";"1";"0";"0";"2";"26";"5";""
"202100027576";"152Â 432";"A01";"2";"50";"1";"0";"1";"1";"3";""
"202100027577";"152Â 430";"B01";"1";"7";"0";"2";"3";"15";"1";""
"202100027577";"152Â 431";"A01";"1";"34";"0";"2";"1";"17";"1";""
"202100027578";"152Â 428";"A01";"2";"31";"0";"2";"1";"1";"1";""
"202100027578";"152Â 429";"B01";"2";"7";"0";"2";"5";"23";"1";""
"202100027579";"152Â 427";"A01";"2";"34";"0";"0";"8";"26";"1";""
"202100027580";"152Â 426";"A01";"2";"30";"12";"0";"7";"1";"1";""
"202100027581";"152Â 424";"A01";"1";"7";"0";"2";"1";"1";"1";""
"202100027581";"152Â 425";"B01";"1";"7";"0";"2";"4";"23";"1";""
"202100027582";"152Â 422";"B01";"2";"30";"0";"2";"1";"2";"1";""
"202100027582";"152Â 423";"A01";"1";"7";"1";"2";"3";"13";"1";""
"202100027583";"152Â 421";"A01";"2";"7";"0";"1";"2";"1";"1";""
"202100027584";"152Â 419";"B01";"1";"33";"0";"2";"3";"18";"1";""
"202100027584";"152Â 420";"A01";"1";"10";"0";"2";"2";"20";"1";""
"202100027585";"152Â 417";"B01";"3";"34";"0";"2";"1";"0";"1";""
"202100027585";"152Â 418";"A01";"3";"37";"0";"2";"3";"9";"1";"1"
"202100027586";"152Â 416";"A01";"1";"10";"12";"1";" -1";"14";"1";""
"202100027587";"152Â 414";"A01";"0";"1";"0";"2";"1";"1";"0";""
"202100027587";"152Â 415";"B01";"0";"7";"0";"2";"2";"1";"1";""
"202100027588";"152Â 412";"B01";"0";"10";"0";"2";"3";"15";"0";""
"202100027588";"152Â 413";"A01";"0";"33";"0";"2";"1";"1";"1";""
"202100027589";"152Â 410";"B01";"2";"34";"0";"2";"1";"0";"1";""
"202100027589";"152Â 411";"A01";"2";"30";"0";"2";"2";"5";"1";""
"202100027590";"152Â 408";"A01";"0";"30";"0";"2";"4";"0";"1";""
"202100027590";"152Â 409";"B01";"0";"7";"0";"2";"3";"2";"1";""
"202100027591";"152Â 406";"B01";"0";"99";"0";"2";"6";"0";"0";""
"202100027591";"152Â 407";"A01";"2";"32";"0";"2";"1";"0";"0";""
"202100027592";"152Â 404";"B01";"1";"1";"0";"2";"8";"1";"5";""
"202100027592";"152Â 405";"A01";"1";"7";"0";"2";"3";"15";"1";""
"202100027593";"152Â 402";"B01";"2";"7";"0";"2";"1";"1";"1";""
"202100027593";"152Â 403";"A01";"1";"7";"0";"2";"7";"15";"1";""
"202100027594";"152Â 401";"A01";"2";"33";"0";"1";"1";"1";"1";""
"202100027595";"152Â 399";"B01";"2";"30";"0";"2";"1";"1";"1";""
"202100027595";"152Â 400";"A01";"1";"7";"0";"2";"7";"26";"1";""
"202100027596";"152Â 397";"B01";"1";"38";"0";"2";"3";"1";"1";"1"
"202100027596";"152Â 398";"A01";"2";"32";"0";"2";"1";"17";"1";""
"202100027597";"152Â 394";"C01";"1";"33";"0";"2";"1";"17";"1";""
"202100027597";"152Â 395";"B01";"1";"33";"0";"2";"1";"17";"1";""
"202100027597";"152Â 396";"A01";"1";"17";"0";"0";"3";"15";"1";""
"202100027598";"152Â 392";"B01";"2";"1";"0";"2";"4";"15";"5";""
"202100027598";"152Â 393";"A01";"2";"15";"0";"2";"3";"2";"1";""
"202100027599";"152Â 390";"B01";"1";"33";"0";"2";"1";"1";"1";""
"202100027599";"152Â 391";"A01";"1";"7";"0";"2";"5";"9";"1";""
"202100027600";"152Â 387";"C01";"1";"15";"0";"2";"8";"1";"1";""
"202100027600";"152Â 388";"B01";"1";"15";"0";"2";"3";"1";"1";""
"202100027600";"152Â 389";"A01";"2";"7";"0";"2";"3";"13";"1";""
"202100027601";"152Â 385";"B01";"1";"17";"0";"2";"6";"1";"1";""
"202100027601";"152Â 386";"A01";"1";"7";"0";"2";"2";"1";"1";""
"202100027602";"152Â 383";"A01";"1";"1";"0";"2";"1";"1";"5";""
"202100027602";"152Â 384";"B01";"3";"21";"0";"2";"3";"15";"1";""
"202100027603";"152Â 382";"A01";"1";"2";"12";"0";"0";"1";"1";""
"202100027604";"152Â 381";"A01";"1";"33";"3";"0";"8";"1";"1";""
"202100027605";"152Â 379";"B01";"2";"15";"0";"0";"1";"2";"1";""
"202100027605";"152Â 380";"A01";"3";"33";"0";"2";"8";"9";"1";""
"202100027606";"152Â 377";"B01";"3";"99";"0";"9";"4";"0";"5";""
"202100027606";"152Â 378";"A01";"3";"99";"0";"9";"1";"0";"5";""
"202100027607";"152Â 376";"A01";"2";"7";"0";"0";"0";"2";"1";""
"202100027608";"152Â 375";"A01";"1";"21";"2";"0";"1";"1";"1";""
"202100027609";"152Â 374";"A01";"1";"2";"6";"0";"2";"0";"1";""
"202100027610";"152Â 373";"A01";"1";"2";"15";"0";"0";"1";"1";""
"202100027611";"152Â 372";"A01";"1";"7";"2";"0";"3";"1";"1";""
"202100027612";"152Â 371";"A01";"1";"33";"0";"0";"0";"2";"1";""
"202100027613";"152Â 369";"B01";"1";"7";"0";"2";"1";"1";"1";""
"202100027613";"152Â 370";"A01";"2";"7";"0";"0";"1";"5";"1";""
"202100027614";"152Â 367";"B01";"1";"7";"0";"2";"1";"1";"1";""
"202100027614";"152Â 368";"A01";"2";"7";"0";"2";"2";"15";"1";""
"202100027615";"152Â 364";"A01";"2";"7";"1";"0";"1";"1";"1";""
"202100027615";"152Â 365";"C01";"2";"7";"0";"2";"4";"1";"1";""
"202100027615";"152Â 366";"D01";"2";"7";"0";"0";"7";"1";"1";""
"202100027616";"152Â 360";"A01";"2";"17";"2";"2";"1";"13";"1";""
"202100027616";"152Â 361";"C01";"1";"7";"3";"2";"8";"1";"1";""
"202100027616";"152Â 362";"B01";"1";"10";"13";"2";"1";"1";"1";""
"202100027617";"152Â 358";"B01";"2";"10";"0";"2";"2";"13";"1";""
"202100027617";"152Â 359";"A01";"1";"33";"0";"2";"1";"1";"1";""
"202100027618";"152Â 357";"A01";"1";"7";"3";"0";"3";"1";"2";""
"202100027619";"152Â 355";"B01";"1";"33";"0";"9";"1";"1";"1";""
"202100027619";"152Â 356";"A01";"2";"21";"0";"2";"6";"1";"1";""
"202100027620";"152Â 353";"B01";"3";"1";"0";"2";"1";"13";"5";""
"202100027620";"152Â 354";"A01";"3";"10";"0";"9";"3";"1";"1";""
"202100027621";"152Â 351";"A01";"1";"15";"0";"2";"2";"17";"1";""
"202100027621";"152Â 352";"B01";"1";"2";"0";"2";"6";"15";"1";""
"202100027622";"152Â 348";"C01";"1";"7";"0";"2";"1";"1";"1";""
"202100027622";"152Â 349";"B01";"1";"7";"0";"2";"6";"1";"1";""
"202100027622";"152Â 350";"A01";"2";"7";"0";"2";"1";"17";"1";""
"202100027623";"152Â 347";"A01";"2";"36";"0";"0";"0";"0";"1";""
"202100027624";"152Â 346";"A01";"1";"33";"0";"0";"7";"1";"1";""
"202100027625";"152Â 344";"B01";"3";"7";"0";"2";"3";"1";"1";""
"202100027625";"152Â 345";"A01";"3";"30";"0";"2";"1";"1";"1";""
"202100027626";"152Â 342";"A01";"1";"7";"0";"2";"3";"9";"1";""
"202100027626";"152Â 343";"B01";"1";"7";"0";"2";"1";"1";"1";""
"202100027627";"152Â 339";"A01";"2";"1";"0";"0";"0";"1";"5";""
"202100027628";"152Â 337";"A01";"2";"7";"0";"2";"1";"17";"1";""
"202100027628";"152Â 338";"B01";"2";"10";"13";"2";"8";"15";"1";""
"202100027629";"152Â 335";"A01";"2";"7";"0";"2";"1";"17";"1";""
"202100027629";"152Â 336";"B01";"2";"2";"0";"0";"4";"15";"1";""
"202100027630";"152Â 334";"A01";"3";"7";"0";"1";"4";"4";"1";""
"202100027631";"152Â 332";"A01";"2";"7";"13";"0";"1";"13";"1";""
"202100027632";"152Â 329";"A01";"2";"7";"0";"2";"8";"13";"1";""
"202100027632";"152Â 330";"B01";"1";"38";"0";"2";"8";"21";"1";"1"
"202100027632";"152Â 331";"C01";"1";"7";"0";"2";"3";"21";"1";""
"202100027633";"152Â 325";"B01";"1";"33";"0";"2";"1";"21";"1";""
"202100027633";"152Â 326";"A01";"2";"7";"0";"2";"5";"15";"1";""
"202100027634";"152Â 324";"A01";"2";"7";"8";"0";"0";"1";"1";""
"202100027635";"152Â 323";"A01";"1";"2";"0";"0";"0";"1";"1";""
"202100027636";"152Â 321";"A01";"2";"21";"0";"2";"5";"11";"1";""
"202100027636";"152Â 322";"B01";"1";"31";"0";"2";"3";"16";"1";""
"202100027637";"152Â 319";"B01";"1";"7";"0";"2";"7";"19";"1";""
"202100027637";"152Â 320";"A01";"2";"7";"0";"2";"1";"1";"1";""
"202100027638";"152Â 317";"B01";"2";"33";"0";"2";"2";"17";"1";""
"202100027638";"152Â 318";"A01";"2";"13";"0";"2";"3";"10";"0";""
"202100027639";"152Â 315";"B01";"0";"33";"0";"2";"1";"1";"1";""
"202100027639";"152Â 316";"A01";"1";"7";"0";"2";"7";"19";"1";""
"202100027640";"152Â 312";"C01";"1";"7";"0";"2";"2";"1";"1";""
"202100027640";"152Â 313";"B01";"1";"7";"0";"2";"8";"1";"1";""
"202100027640";"152Â 314";"A01";"2";"7";"0";"2";"3";"5";"1";""
"202100027641";"152Â 310";"A01";"1";"33";"0";"0";"2";"3";"1";""
"202100027641";"152Â 311";"B01";"1";"7";"0";"0";"3";"15";"1";""
"202100027642";"152Â 308";"B01";"2";"32";"0";"2";"1";"1";"1";""
"202100027642";"152Â 309";"A01";"1";"10";"0";"2";"3";"15";"0";""
"202100027643";"152Â 306";"A01";"1";"2";"0";"2";"8";"13";"1";""
"202100027643";"152Â 307";"B01";"1";"7";"0";"2";"2";"1";"1";""
"202100027644";"152Â 304";"B01";"2";"33";"0";"2";"1";"1";"1";""
"202100027644";"152Â 305";"A01";"1";"7";"0";"2";"2";"15";"1";""
"202100027645";"152Â 303";"A01";"1";"33";"0";"0";"0";"2";"1";""
"202100027646";"152Â 302";"A01";"2";"7";"15";"0";"1";"1";"1";""
"202100027647";"152Â 300";"B01";"3";"33";"0";"2";"1";"1";"0";""
"202100027647";"152Â 301";"A01";"3";"7";"0";"2";"3";"16";"1";""
"202100027648";"152Â 298";"B01";"2";"10";"0";"2";"2";"1";"1";""
"202100027648";"152Â 299";"A01";"1";"33";"0";"2";"1";"13";"1";""
"202100027649";"152Â 296";"B01";"1";"7";"0";"2";"2";"1";"1";""
"202100027649";"152Â 297";"A01";"2";"2";"0";"2";"7";"15";"1";""
"202100027650";"152Â 295";"A01";"2";"33";"0";"6";"1";"1";"1";""
"202100027651";"152Â 293";"B01";"1";"7";"0";"2";"3";"0";"1";""
"202100027651";"152Â 294";"A01";"1";"1";"0";"2";"1";"17";"5";""
"202100027652";"152Â 291";"B01";"3";"2";"0";"0";"1";"1";"1";""
"202100027652";"152Â 292";"A01";"3";"7";"0";"0";"4";"1";"1";""
"202100027653";"152Â 290";"A01";"1";"7";"13";"0";"1";"13";"1";""
"202100027654";"152Â 289";"A01";"3";"7";"0";"1";"2";"1";"1";""
"202100027655";"152Â 287";"A01";"2";"10";"0";"9";"2";"9";"1";""
"202100027655";"152Â 288";"B01";"2";"1";"0";"0";"5";"26";"5";""
"202100027656";"152Â 286";"A01";"3";"2";"15";"0";"1";"1";"1";""
"202100027657";"152Â 285";"A01";"3";"7";"0";"1";"0";"0";"1";""
"202100027658";"152Â 283";"B01";"2";"7";"0";"2";"7";"14";"1";""
"202100027658";"152Â 284";"A01";"2";"1";"0";"2";"8";"1";"5";""
"202100027659";"152Â 280";"A01";"1";"7";"0";"2";"1";"9";"1";""
"202100027659";"152Â 281";"B01";"1";"7";"0";"2";"4";"1";"1";""
"202100027659";"152Â 282";"C01";"1";"7";"0";"2";"4";"1";"1";""
"202100027660";"152Â 278";"B01";"1";"7";"0";"2";"1";"2";"1";""