"Num_Acc";"id_vehicule";"num_veh";"senc";"catv";"obs";"obsm";"choc";"manv";"motor";"occutc"
"202100027660";"152Â 279";"A01";"1";"7";"0";"2";"4";"2";"1";""
"202100027661";"152Â 276";"A01";"2";"7";"0";"2";"4";"1";"1";""
"202100027661";"152Â 277";"Z01";"2";"7";"0";"2";"1";"2";"1";""
"202100027662";"152Â 274";"B01";"2";"10";"0";"2";"7";"1";"1";""
"202100027662";"152Â 275";"A01";"2";"33";"0";"2";"1";"13";"1";""
"202100027663";"152Â 273";"A01";"1";"7";"4";"0";"0";"12";"1";""
"202100027664";"152Â 271";"B01";"1";"13";"0";"2";"6";"1";"1";""
"202100027664";"152Â 272";"A01";"1";"7";"0";"2";"7";"17";"1";""
"202100027665";"152Â 269";"B01";"1";"33";"0";"2";"1";"1";"1";""
"202100027665";"152Â 270";"A01";"1";"10";"0";"2";"4";"12";"1";""
"202100027666";"152Â 267";"B01";"2";"7";"0";"2";"3";"2";"1";""
"202100027666";"152Â 268";"A01";"2";"7";"0";"2";"1";"2";"1";""
"202100027667";"152Â 265";"B01";"1";"7";"0";"2";"4";"2";"1";""
"202100027667";"152Â 266";"A01";"1";"7";"0";"2";"1";"2";"1";""
"202100027668";"152Â 263";"B01";"1";"7";"0";"2";"4";"16";"1";""
"202100027668";"152Â 264";"A01";"1";"7";"0";"2";"1";"2";"1";""
"202100027669";"152Â 261";"B01";"2";"14";"0";"2";"2";"1";"1";""
"202100027669";"152Â 262";"A01";"2";"7";"0";"2";"3";"9";"1";""
"202100027670";"152Â 259";"B01";"2";"13";"0";"2";"5";"1";"1";""
"202100027670";"152Â 260";"A01";"2";"33";"0";"2";"8";"11";"1";""
"202100027671";"152Â 257";"B01";"2";"7";"0";"2";"4";"1";"1";""
"202100027671";"152Â 258";"A01";"2";"7";"0";"2";"1";"1";"1";""
"202100027672";"152Â 255";"A01";"1";"33";"0";"2";"1";"1";"1";""
"202100027672";"152Â 256";"B01";"1";"7";"0";"2";"5";"2";"1";""
"202100027673";"152Â 253";"B01";"2";"7";"0";"2";"4";"11";"1";""
"202100027673";"152Â 254";"A01";"2";"31";"0";"2";"1";"3";"1";""
"202100027674";"152Â 250";"A01";"1";"13";"0";"2";"3";"11";"1";""
"202100027674";"152Â 251";"C01";"1";"10";"0";"2";"1";"2";"1";""
"202100027674";"152Â 252";"B01";"1";"7";"6";"2";"2";"1";"1";""
"202100027675";"152Â 245";"D01";"2";"10";"0";"2";"4";"1";"1";""
"202100027675";"152Â 246";"C01";"2";"7";"0";"2";"4";"1";"1";""
"202100027675";"152Â 247";"B01";"2";"7";"0";"2";"4";"1";"1";""
"202100027675";"152Â 248";"A01";"2";"7";"0";"2";"4";"1";"1";""
"202100027675";"152Â 249";"E01";"2";"7";"0";"2";"1";"1";"1";""
"202100027676";"152Â 242";"A01";"1";"14";"0";"2";"1";"2";"1";""
"202100027676";"152Â 243";"B01";"1";"7";"0";"2";"4";"2";"1";""
"202100027676";"152Â 244";"Z01";"1";"15";"0";"2";"4";"2";"0";""
"202100027677";"152Â 240";"B01";"1";"15";"0";"2";"2";"1";"0";""
"202100027677";"152Â 241";"A01";"1";"7";"0";"2";"6";"11";"1";""
"202100027678";"152Â 239";"A01";"3";"7";"0";"1";"1";"15";"2";""
"202100027679";"152Â 238";"A01";"1";"37";"0";"1";"0";"15";"1";"1"
"202100027680";"152Â 236";"B01";"3";"7";"0";"2";"1";"1";"1";""
"202100027680";"152Â 237";"A01";"0";"7";"0";"2";"2";"14";"1";""
"202100027681";"152Â 235";"A01";"1";"33";"0";"1";"1";"9";"1";""
"202100027682";"152Â 233";"A01";"2";"30";"0";"2";"6";"21";"1";""
"202100027682";"152Â 234";"B01";"1";"7";"0";"2";"3";"1";"1";""
"202100027683";"152Â 231";"B01";"1";"7";"0";"2";"4";"0";"1";""
"202100027683";"152Â 232";"A01";"1";"7";"0";"2";"1";"1";"1";""
"202100027684";"152Â 229";"A01";"0";"7";"0";"2";"1";"15";"1";""
"202100027684";"152Â 230";"B01";"1";"32";"0";"2";"7";"17";"1";""
"202100027685";"152Â 228";"A01";"2";"10";"0";"1";"7";"20";"1";""
"202100027686";"152Â 227";"B01";"3";"7";"0";"1";"0";"0";"3";""
"202100027687";"152Â 225";"B01";"0";"50";"0";"2";"0";"2";"3";""
"202100027687";"152Â 226";"A01";"2";"7";"0";"2";"3";"2";"1";""
"202100027688";"152Â 224";"A01";"0";"7";"0";"1";"1";"1";"1";""
"202100027689";"152Â 222";"A01";"1";"30";"0";"2";"7";"1";"1";""
"202100027689";"152Â 223";"B01";"2";"7";"0";"2";"2";"1";"1";""
"202100027690";"152Â 220";"A01";"2";"7";"0";"2";"2";"15";"1";""
"202100027690";"152Â 221";"B01";"1";"7";"0";"2";"1";"1";"1";""
"202100027691";"152Â 219";"A01";"2";"7";"0";"1";"1";"1";"1";""
"202100027692";"152Â 216";"A01";"1";"32";"1";"0";"1";"26";"1";""
"202100027692";"152Â 217";"B01";"1";"31";"1";"2";"4";"2";"1";""
"202100027692";"152Â 218";"C01";"1";"7";"0";"2";"4";"23";"1";""
"202100027693";"152Â 214";"A01";"2";"7";"0";"2";"1";"15";"1";""
"202100027693";"152Â 215";"B01";"1";"7";"0";"2";"3";"2";"1";""
"202100027694";"152Â 212";"A01";"1";"31";"0";"2";"1";"16";"1";""
"202100027694";"152Â 213";"B01";"0";"7";"0";"2";"5";"16";"1";""
"202100027695";"152Â 210";"A01";"0";"7";"0";"2";"1";"17";"1";""
"202100027695";"152Â 211";"B01";"0";"7";"0";"2";"1";"1";"1";""
"202100027696";"152Â 208";"B01";"2";"32";"0";"2";"1";"1";"1";""
"202100027696";"152Â 209";"A01";"2";"7";"0";"2";"2";"10";"1";""
"202100027697";"152Â 206";"A01";"1";"7";"0";"2";"8";"1";"1";""
"202100027697";"152Â 207";"B01";"1";"37";"0";"2";"1";"2";"1";"1"
"202100027698";"152Â 205";"A01";"2";"7";"0";"1";"1";"1";"1";""
"202100027699";"152Â 204";"A01";"1";"7";"0";"1";"0";"1";"1";""
"202100027700";"152Â 202";"A01";"0";"7";"0";"2";"3";"10";"1";""
"202100027700";"152Â 203";"B01";"0";"2";"0";"2";"1";"1";"1";""
"202100027701";"152Â 200";"B01";"1";"7";"0";"2";"5";"1";"1";""
"202100027701";"152Â 201";"A01";"1";"33";"0";"2";"1";"9";"1";""
"202100027702";"152Â 198";"A01";"3";"7";"0";"2";"1";"9";"1";""
"202100027702";"152Â 199";"B01";"1";"33";"0";"2";"1";"0";"1";""
"202100027703";"152Â 196";"Z01";"0";"7";"0";"2";"1";"1";"0";""
"202100027703";"152Â 197";"B01";"0";"7";"0";"2";"3";"1";"0";""
"202100027704";"152Â 194";"B01";"2";"17";"0";"2";"2";"1";"1";""
"202100027704";"152Â 195";"A01";"2";"7";"0";"2";"6";"9";"1";""
"202100027705";"152Â 193";"A01";"1";"7";"3";"2";"1";"14";"1";""
"202100027706";"152Â 192";"A01";"2";"7";"0";"1";"1";"26";"1";""
"202100027707";"152Â 190";"A01";"3";"7";"0";"2";"1";"15";"1";""
"202100027707";"152Â 191";"B01";"3";"33";"0";"2";"1";"0";"1";""
"202100027708";"152Â 187";"C01";"2";"10";"0";"0";"4";"2";"1";""
"202100027708";"152Â 188";"B01";"2";"7";"0";"2";"6";"2";"1";""
"202100027708";"152Â 189";"A01";"2";"10";"0";"2";"2";"2";"1";""
"202100027709";"152Â 185";"A01";"2";"30";"0";"2";"1";"21";"1";""
"202100027709";"152Â 186";"B01";"1";"7";"0";"2";"0";"15";"1";""
"202100027710";"152Â 183";"B01";"1";"10";"0";"2";"1";"5";"1";""
"202100027710";"152Â 184";"A01";"2";"7";"0";"2";"1";"1";"1";""
"202100027711";"152Â 178";"A01";"1";"7";"8";"0";"2";"14";"1";""
"202100027712";"152Â 177";"A01";"0";"7";"4";"0";"3";"1";"1";""
"202100027713";"152Â 176";"A01";"2";"37";"0";"1";"2";"26";"1";"1"
"202100027714";"152Â 175";"A01";"2";"7";"2";"0";"1";"14";"1";""
"202100027715";"152Â 174";"A01";"1";"7";"0";"1";"1";"2";"1";""
"202100027716";"152Â 172";"A01";"1";"7";"0";"2";"1";"1";"1";""
"202100027716";"152Â 173";"B01";"2";"7";"0";"2";"3";"1";"1";""
"202100027717";"152Â 170";"B01";"2";"33";"0";"2";"1";"1";"1";""
"202100027717";"152Â 171";"A01";"1";"10";"0";"2";"2";"15";"1";""
"202100027718";"152Â 168";"A01";"1";"7";"0";"2";"2";"16";"1";""
"202100027718";"152Â 169";"B01";"1";"7";"0";"2";"3";"16";"1";""
"202100027719";"152Â 166";"A01";"1";"7";"0";"1";"2";"1";"1";""
"202100027719";"152Â 167";"B01";"1";"7";"0";"1";"6";"1";"1";""
"202100027720";"152Â 165";"A01";"2";"7";"0";"1";"1";"16";"0";""
"202100027721";"152Â 162";"C01";"1";"7";"0";"2";"4";"2";"1";""
"202100027721";"152Â 163";"B01";"1";"7";"0";"2";"4";"2";"1";""
"202100027721";"152Â 164";"A01";"1";"7";"0";"2";"1";"2";"1";""
"202100027722";"152Â 161";"A01";"0";"32";"0";"0";"0";"21";"0";""
"202100027723";"152Â 159";"B01";"2";"7";"0";"2";"4";"1";"1";""
"202100027723";"152Â 160";"A01";"2";"7";"0";"2";"1";"1";"1";""
"202100027724";"152Â 158";"A01";"3";"7";"1";"0";"0";"0";"1";""
"202100027725";"152Â 156";"A01";"1";"31";"0";"0";"0";"0";"1";""
"202100027725";"152Â 157";"B01";"1";"1";"0";"2";"3";"19";"5";""
"202100027726";"152Â 154";"B01";"0";"7";"0";"2";"2";"1";"1";""
"202100027726";"152Â 155";"A01";"0";"80";"0";"2";"7";"19";"3";""
"202100027727";"152Â 152";"A01";"1";"7";"0";"2";"2";"9";"1";""
"202100027727";"152Â 153";"B01";"1";"1";"0";"2";"1";"1";"5";""
"202100027728";"152Â 150";"A01";"0";"1";"0";"2";"1";"16";"5";""
"202100027728";"152Â 151";"B01";"0";"7";"0";"9";"3";"15";"1";""
"202100027729";"152Â 149";"Z01";"1";"30";"0";"1";"1";"1";"1";""
"202100027730";"152Â 146";"Z01";"1";"30";"0";"1";"7";"14";"1";""
"202100027731";"152Â 145";"A01";"1";"7";"0";"1";"1";"1";"1";""
"202100027732";"152Â 143";"A01";"1";"30";"0";"2";"1";"26";"1";""
"202100027732";"152Â 144";"B01";"1";"7";"0";"2";"8";"1";"1";""
"202100027733";"152Â 141";"B01";"1";"2";"0";"2";"3";"1";"1";""
"202100027733";"152Â 142";"A01";"1";"7";"0";"2";"2";"12";"1";""
"202100027734";"152Â 140";"A01";"3";"7";"8";"0";"1";"1";"1";""
"202100027735";"152Â 138";"A01";"0";"1";"0";"2";"4";"16";"5";""
"202100027735";"152Â 139";"B01";"3";"7";"0";"2";"3";"9";"1";""
"202100027736";"152Â 136";"B01";"0";"7";"0";"2";"3";"2";"1";""
"202100027736";"152Â 137";"A01";"0";"30";"0";"2";"1";"13";"1";""
"202100027737";"152Â 134";"A01";"3";"7";"0";"2";"3";"9";"1";""
"202100027737";"152Â 135";"B01";"3";"1";"0";"2";"1";"1";"5";""
"202100027738";"152Â 132";"A01";"3";"7";"0";"2";"3";"17";"1";""
"202100027738";"152Â 133";"B01";"3";"80";"0";"2";"5";"19";"3";""
"202100027739";"152Â 130";"B01";"2";"7";"0";"2";"4";"2";"1";""
"202100027739";"152Â 131";"A01";"2";"7";"0";"2";"1";"2";"1";""
"202100027740";"152Â 128";"B01";"2";"7";"0";"2";"6";"2";"1";""
"202100027740";"152Â 129";"A01";"2";"7";"0";"2";"1";"1";"1";""
"202100027741";"152Â 125";"A01";"2";"1";"8";"0";"1";"1";"5";""
"202100027742";"152Â 123";"B01";"3";"33";"0";"2";"7";"1";"1";""
"202100027742";"152Â 124";"A01";"3";"7";"0";"2";"8";"15";"1";""
"202100027743";"152Â 121";"A01";"1";"7";"0";"2";"7";"1";"1";""
"202100027743";"152Â 122";"B01";"2";"1";"0";"2";"3";"1";"5";""
"202100027744";"152Â 119";"A01";"3";"7";"0";"2";"1";"9";"1";""
"202100027744";"152Â 120";"B01";"2";"7";"0";"2";"7";"1";"1";""
"202100027745";"152Â 116";"B01";"2";"7";"0";"2";"5";"15";"1";""
"202100027745";"152Â 117";"A01";"2";"7";"0";"2";"3";"2";"1";""
"202100027746";"152Â 115";"A01";"1";"7";"13";"0";"1";"26";"1";""
"202100027747";"152Â 111";"C01";"2";"7";"0";"2";"1";"0";"1";""
"202100027747";"152Â 112";"B01";"2";"7";"0";"2";"1";"0";"1";""
"202100027747";"152Â 113";"D01";"2";"7";"0";"2";"4";"0";"0";""
"202100027747";"152Â 114";"A01";"2";"7";"0";"2";"0";"26";"1";""
"202100027748";"152Â 109";"A01";"1";"30";"8";"0";"3";"1";"1";""
"202100027749";"152Â 107";"A01";"1";"33";"0";"2";"6";"23";"1";""
"202100027749";"152Â 108";"Z01";"1";"30";"14";"0";"1";"0";"0";""
"202100027750";"152Â 105";"B01";"0";"7";"0";"2";"3";"2";"1";""
"202100027750";"152Â 106";"A01";"0";"31";"0";"2";"1";"0";"1";""
"202100027751";"152Â 103";"B01";"2";"7";"0";"2";"4";"1";"0";""
"202100027751";"152Â 104";"A01";"2";"7";"0";"2";"1";"1";"0";""
"202100027752";"152Â 101";"A01";"2";"7";"0";"2";"3";"15";"1";""
"202100027752";"152Â 102";"B01";"2";"2";"0";"2";"1";"1";"1";""
"202100027753";"152Â 099";"A01";"1";"31";"0";"2";"1";"13";"1";""
"202100027753";"152Â 100";"B01";"2";"7";"0";"2";"3";"1";"1";""
"202100027754";"152Â 098";"A01";"1";"7";"9";"0";"1";"16";"1";""
"202100027755";"152Â 096";"B01";"2";"7";"0";"2";"4";"2";"1";""
"202100027755";"152Â 097";"A01";"2";"7";"0";"2";"1";"2";"1";""
"202100027756";"152Â 094";"A01";"1";"33";"0";"2";"2";"9";"1";""
"202100027756";"152Â 095";"B01";"1";"7";"0";"2";"6";"1";"1";""
"202100027757";"152Â 092";"Z01";"2";"7";"0";"2";"3";"11";"0";""
"202100027757";"152Â 093";"A01";"2";"43";"0";"2";"5";"21";"1";""
"202100027758";"152Â 091";"A01";"1";"1";"4";"0";"1";"13";"5";""
"202100027759";"152Â 089";"B01";"1";"32";"0";"2";"3";"1";"1";""
"202100027759";"152Â 090";"A01";"2";"7";"0";"2";"2";"16";"1";""
"202100027760";"152Â 087";"A01";"1";"7";"0";"2";"1";"1";"1";""
"202100027760";"152Â 088";"B01";"2";"7";"0";"2";"3";"1";"1";""
"202100027761";"152Â 085";"B01";"2";"80";"0";"2";"8";"1";"3";""
"202100027761";"152Â 086";"A01";"1";"10";"0";"2";"1";"15";"1";""
"202100027762";"152Â 084";"A01";"1";"1";"0";"0";"0";"21";"5";""
"202100027763";"152Â 082";"B01";"2";"32";"0";"2";"5";"1";"1";""
"202100027763";"152Â 083";"A01";"2";"7";"0";"2";"3";"11";"1";""
"202100027764";"152Â 081";"Z01";"2";"30";"0";"1";"1";"1";"0";""
"202100027765";"152Â 079";"B01";"2";"1";"0";"2";"0";"7";"5";""
"202100027765";"152Â 080";"A01";"2";"7";"0";"2";"2";"13";"2";""
"202100027766";"152Â 077";"A01";"3";"1";"0";"2";"8";"1";"5";""
"202100027766";"152Â 078";"B01";"1";"43";"0";"2";"2";"1";"1";""
"202100027767";"152Â 075";"A01";"1";"7";"0";"2";"1";"1";"2";""
"202100027767";"152Â 076";"B01";"1";"7";"0";"2";"3";"1";"3";""
"202100027768";"152Â 074";"A01";"3";"10";"2";"0";"1";"14";"1";""
"202100027769";"152Â 073";"A01";"2";"32";"0";"0";"3";"21";"1";""
"202100027770";"152Â 072";"A01";"3";"30";"14";"0";"7";"16";"3";""
"202100027771";"152Â 071";"A01";"2";"1";"0";"0";"0";"1";"5";""
"202100027772";"152Â 070";"A01";"3";"7";"0";"1";"1";"1";"1";""
"202100027773";"152Â 068";"A01";"2";"33";"0";"2";"2";"21";"1";""
"202100027773";"152Â 069";"B01";"2";"1";"0";"2";"1";"0";"5";""
"202100027774";"152Â 067";"A01";"1";"7";"1";"0";"8";"1";"1";""
"202100027775";"152Â 065";"A01";"1";"7";"0";"2";"0";"10";"1";""
"202100027775";"152Â 066";"B01";"2";"2";"0";"2";"1";"1";"1";""
"202100027776";"152Â 064";"Z01";"1";"7";"0";"1";"1";"26";"1";""
"202100027777";"152Â 062";"B01";"3";"33";"10";"2";"1";"1";"1";""
"202100027777";"152Â 063";"A01";"3";"10";"10";"2";"2";"12";"1";""
"202100027778";"152Â 061";"A01";"3";"7";"9";"0";"1";"1";"0";""
"202100027779";"152Â 059";"B01";"3";"33";"0";"2";"1";"1";"1";""
"202100027779";"152Â 060";"A01";"3";"7";"0";"2";"6";"11";"1";""
"202100027780";"152Â 058";"A01";"1";"37";"0";"1";"3";"19";"1";"1"
"202100027781";"152Â 056";"A01";"1";"7";"0";"2";"1";"2";"1";""
"202100027781";"152Â 057";"B01";"1";"7";"0";"2";"4";"2";"1";""
"202100027782";"152Â 054";"B01";"3";"7";"0";"2";"6";"1";"1";""
"202100027782";"152Â 055";"A01";"3";"7";"0";"2";"1";"19";"1";""
"202100027783";"152Â 053";"A01";"1";"7";"0";"1";"3";"1";"1";""
"202100027784";"152Â 052";"A01";"1";"43";"9";"2";"8";"15";"1";""
"202100027785";"152Â 050";"B01";"1";"2";"1";"0";"3";"14";"1";""
"202100027785";"152Â 051";"A01";"0";"7";"0";"2";"3";"24";"1";""
"202100027786";"152Â 048";"B01";"2";"1";"0";"2";"3";"1";"0";""
"202100027786";"152Â 049";"A01";"2";"30";"0";"2";"1";"19";"1";""
"202100027787";"152Â 046";"A01";"1";"7";"0";"2";"6";"9";"1";""
"202100027787";"152Â 047";"B01";"1";"33";"0";"2";"1";"1";"1";""
"202100027788";"152Â 044";"A01";"1";"7";"0";"2";"4";"20";"0";""
"202100027788";"152Â 045";"B01";"1";"2";"0";"2";"1";"1";"0";""
"202100027789";"152Â 042";"A01";"2";"14";"0";"2";"7";"16";"1";""
"202100027789";"152Â 043";"B01";"2";"1";"0";"2";"1";"1";"5";""
"202100027790";"152Â 040";"B01";"1";"10";"0";"2";"2";"16";"1";""
"202100027790";"152Â 041";"A01";"1";"80";"0";"2";"1";"1";"3";""
"202100027791";"152Â 037";"A01";"2";"7";"0";"2";"3";"19";"1";""
"202100027791";"152Â 038";"B01";"2";"33";"0";"2";"1";"1";"1";""
"202100027792";"152Â 035";"B01";"1";"7";"0";"2";"3";"25";"0";""
"202100027792";"152Â 036";"A01";"1";"33";"0";"2";"1";"2";"1";""
"202100027793";"152Â 034";"A01";"2";"7";"6";"0";"0";"14";"1";""
"202100027794";"152Â 031";"B01";"1";"33";"3";"2";"3";"0";"1";""
"202100027794";"152Â 032";"A01";"1";"7";"0";"2";"7";"12";"1";""
"202100027795";"152Â 030";"A01";"0";"7";"3";"0";"7";"1";"1";""
"202100027796";"152Â 029";"A01";"2";"33";"12";"0";"1";"1";"1";""
"202100027797";"152Â 027";"A01";"3";"7";"0";"2";"1";"1";"1";""
"202100027797";"152Â 028";"B01";"3";"21";"0";"2";"3";"1";"1";""
"202100027798";"152Â 025";"A01";"1";"7";"4";"0";"7";"1";"1";""
"202100027798";"152Â 026";"B01";"1";"7";"3";"2";"2";"18";"1";""
"202100027799";"152Â 024";"A01";"2";"33";"13";"0";"2";"2";"1";""
"202100027800";"152Â 020";"B01";"1";"7";"0";"2";"3";"15";"1";""
"202100027800";"152Â 021";"A01";"1";"33";"0";"2";"2";"17";"1";""
"202100027801";"152Â 018";"A01";"2";"7";"0";"0";"4";"2";"1";""
"202100027801";"152Â 019";"B01";"2";"7";"0";"0";"1";"2";"1";""
"202100027802";"152Â 017";"A01";"2";"33";"0";"6";"1";"1";"1";""
"202100027803";"152Â 016";"A01";"3";"1";"0";"0";"0";"1";"5";""
"202100027804";"152Â 014";"B01";"2";"7";"0";"2";"8";"15";"1";""
"202100027804";"152Â 015";"A01";"2";"33";"0";"2";"7";"17";"1";""
"202100027805";"152Â 013";"A01";"2";"7";"2";"0";"9";"0";"1";""
"202100027806";"152Â 012";"A01";"2";"10";"13";"0";"2";"14";"1";""
"202100027807";"152Â 010";"B01";"2";"33";"0";"2";"1";"17";"1";""
"202100027807";"152Â 011";"A01";"1";"7";"0";"2";"3";"19";"1";""
"202100027808";"152Â 008";"B01";"1";"33";"0";"2";"1";"0";"1";""
"202100027808";"152Â 009";"A01";"2";"7";"0";"2";"3";"0";"2";""
"202100027809";"152Â 006";"B01";"2";"7";"0";"2";"1";"1";"1";""
"202100027809";"152Â 007";"A01";"2";"33";"7";"2";"7";"1";"1";""
"202100027810";"152Â 003";"B01";"2";"7";"0";"2";"6";"9";"1";""
"202100027810";"152Â 004";"A01";"2";"33";"0";"2";"1";"1";"1";""
"202100027811";"152Â 001";"A01";"2";"33";"0";"2";"1";"1";"1";""
"202100027811";"152Â 002";"B01";"1";"7";"0";"0";"5";"19";"1";""
"202100027812";"151Â 999";"B01";"1";"1";"0";"2";"9";"1";"0";""
"202100027812";"152Â 000";"A01";"2";"7";"0";"2";"2";"15";"1";""
"202100027813";"151Â 998";"A01";"1";"34";"13";"0";"1";"1";"1";""
"202100027814";"151Â 997";"A01";"1";"1";"0";"6";"6";"1";"0";""
"202100027815";"151Â 996";"A01";"3";"7";"13";"0";"3";"13";"1";""
"202100027816";"151Â 992";"A01";"1";"7";"0";"2";"3";"1";"1";""
"202100027816";"151Â 993";"C01";"1";"7";"0";"2";"4";"1";"1";""
"202100027816";"151Â 994";"B01";"2";"7";"0";"2";"3";"15";"1";""
"202100027816";"151Â 995";"D01";"1";"21";"0";"2";"1";"1";"1";""
"202100027817";"151Â 990";"B01";"1";"17";"3";"2";"3";"1";"1";""
"202100027817";"151Â 991";"A01";"2";"7";"3";"2";"7";"14";"1";""
"202100027818";"151Â 989";"A01";"3";"80";"0";"0";"0";"1";"3";""
"202100027819";"151Â 988";"A01";"2";"1";"14";"0";"0";"1";"5";""
"202100027820";"151Â 986";"B01";"1";"7";"0";"2";"4";"1";"1";""
"202100027820";"151Â 987";"A01";"1";"10";"0";"2";"1";"1";"1";""
"202100027821";"151Â 985";"A01";"3";"1";"0";"0";"0";"1";"5";""
"202100027822";"151Â 984";"A01";"3";"2";"2";"0";"0";"0";"1";""
"202100027823";"151Â 982";"B01";"2";"7";"0";"2";"1";"1";"1";""
"202100027823";"151Â 983";"A01";"1";"7";"0";"2";"1";"0";"1";""
"202100027824";"151Â 980";"B01";"1";"7";"0";"2";"3";"1";"1";""
"202100027824";"151Â 981";"A01";"2";"33";"0";"2";"8";"1";"1";""
"202100027825";"151Â 977";"A01";"1";"2";"0";"2";"1";"2";"1";""
"202100027825";"151Â 978";"B01";"1";"7";"0";"0";"6";"2";"1";""
"202100027825";"151Â 979";"C01";"2";"7";"0";"0";"3";"1";"1";""
"202100027826";"151Â 976";"A01";"2";"33";"3";"0";"3";"1";"1";""
"202100027827";"151Â 975";"A01";"0";"2";"13";"0";"1";"1";"1";""
"202100027828";"151Â 973";"A01";"3";"15";"0";"9";"0";"17";"0";""
"202100027828";"151Â 974";"B01";"3";"1";"0";"0";"0";"0";"5";""
"202100027829";"151Â 971";"A01";"2";"7";"1";"0";"3";"15";"1";""
"202100027829";"151Â 972";"B01";"0";"7";"0";"0";"5";"24";"1";""
"202100027830";"151Â 969";"A01";"2";"7";"0";"2";"1";"15";"1";""
"202100027830";"151Â 970";"B01";"1";"7";"0";"2";"1";"1";"1";""
"202100027831";"151Â 967";"B01";"1";"33";"0";"2";"1";"1";"1";""
"202100027831";"151Â 968";"A01";"2";"7";"0";"2";"1";"15";"1";""
"202100027832";"151Â 966";"A01";"1";"7";"2";"0";"1";"13";"1";""
"202100027833";"151Â 965";"A01";"1";"7";"2";"0";"1";"1";"1";""
"202100027834";"151Â 963";"A01";"2";"32";"0";"2";"1";"2";"1";""
"202100027834";"151Â 964";"B01";"2";"7";"0";"0";"4";"1";"1";""
"202100027835";"151Â 962";"A01";"1";"7";"0";"0";"9";"1";"1";""
"202100027836";"151Â 960";"B01";"3";"13";"0";"2";"6";"16";"1";""
"202100027836";"151Â 961";"A01";"1";"7";"0";"2";"3";"1";"1";""
"202100027837";"151Â 958";"B01";"2";"10";"0";"2";"2";"15";"1";""
"202100027837";"151Â 959";"A01";"1";"7";"0";"2";"1";"15";"1";""
"202100027838";"151Â 954";"B01";"2";"7";"0";"0";"4";"23";"1";""
"202100027838";"151Â 955";"A01";"2";"32";"0";"2";"1";"23";"1";""
"202100027839";"151Â 953";"A01";"2";"17";"0";"0";"2";"1";"1";""
"202100027840";"151Â 951";"A01";"2";"7";"2";"0";"1";"1";"1";""
"202100027841";"151Â 950";"A01";"1";"0";"0";"1";"1";"1";"0";""
"202100027842";"151Â 949";"A01";"1";"2";"0";"0";"0";"1";"1";""
"202100027843";"151Â 947";"B01";"1";"7";"0";"2";"3";"15";"1";""
"202100027843";"151Â 948";"A01";"2";"32";"0";"2";"0";"17";"1";""
"202100027844";"151Â 945";"A01";"3";"7";"0";"0";"4";"1";"0";""
"202100027844";"151Â 946";"B01";"3";"2";"0";"2";"1";"1";"1";""
"202100027845";"151Â 943";"A01";"1";"32";"0";"2";"8";"5";"1";""
"202100027845";"151Â 944";"B01";"2";"7";"0";"2";"3";"1";"1";""
"202100027846";"151Â 942";"A01";"3";"7";"0";"1";"1";"2";"1";""
"202100027847";"151Â 940";"A01";"2";"7";"0";"2";"1";"2";"1";""
"202100027847";"151Â 941";"B01";"2";"7";"0";"2";"4";"2";"1";""
"202100027848";"151Â 938";"A01";"2";"10";"0";"2";"3";"15";"1";""
"202100027848";"151Â 939";"B01";"2";"33";"1";"2";"5";"17";"1";""
"202100027849";"151Â 936";"B01";"2";"33";"0";"2";"7";"1";"1";""
"202100027849";"151Â 937";"A01";"2";"7";"0";"2";"1";"26";"1";""
"202100027850";"151Â 935";"A01";"1";"7";"13";"0";"1";"17";"1";""
"202100027851";"151Â 933";"B01";"2";"7";"0";"2";"3";"0";"1";""
"202100027851";"151Â 934";"A01";"1";"33";"0";"2";"1";"1";"1";""
"202100027852";"151Â 932";"A01";"2";"10";"0";"1";"2";"1";"1";""
"202100027853";"151Â 931";"A01";"1";"7";"0";"1";"2";"16";"1";""
"202100027854";"151Â 929";"A01";"2";"33";"1";"0";"1";"1";"1";""
"202100027855";"151Â 928";"A01";"2";"33";"4";"0";"7";"1";"1";""
"202100027856";"151Â 927";"A01";"1";"7";"2";"0";"7";"14";"1";""
"202100027857";"151Â 925";"A01";"1";"7";"0";"2";"1";"15";"1";""
"202100027857";"151Â 926";"B01";"1";"31";"0";"2";"1";"1";"1";""
"202100027858";"151Â 923";"B01";"1";"33";"0";"2";"1";"2";"1";""
"202100027858";"151Â 924";"A01";"1";"7";"0";"2";"4";"1";"3";""
"202100027859";"151Â 921";"B01";"2";"7";"0";"2";"1";"2";"1";""
"202100027859";"151Â 922";"A01";"2";"7";"0";"2";"4";"1";"1";""
"202100027860";"151Â 918";"B01";"2";"7";"0";"2";"4";"1";"1";""
"202100027860";"151Â 919";"A01";"2";"7";"0";"2";"4";"1";"1";""
"202100027860";"151Â 920";"C01";"2";"7";"0";"2";"1";"12";"1";""
"202100027861";"151Â 914";"D01";"2";"10";"0";"2";"1";"2";"1";""
"202100027861";"151Â 915";"C01";"2";"10";"0";"2";"4";"0";"1";""
"202100027861";"151Â 916";"B01";"2";"7";"0";"2";"4";"1";"1";""
"202100027861";"151Â 917";"A01";"2";"7";"0";"2";"7";"1";"1";""
"202100027862";"151Â 912";"B01";"1";"7";"0";"2";"4";"1";"1";""