"Num_Acc";"id_vehicule";"num_veh";"senc";"catv";"obs";"obsm";"choc";"manv";"motor";"occutc"
"202100027862";"151Â 913";"A01";"1";"7";"0";"2";"1";"2";"1";""
"202100027863";"151Â 910";"A01";"1";"7";"0";"2";"1";"1";"1";""
"202100027863";"151Â 911";"B01";"1";"17";"0";"2";"4";"2";"1";""
"202100027864";"151Â 906";"D01";"2";"7";"0";"2";"1";"2";"1";""
"202100027864";"151Â 907";"C01";"2";"7";"0";"2";"1";"2";"1";""
"202100027864";"151Â 908";"B01";"2";"17";"0";"2";"2";"2";"1";""
"202100027864";"151Â 909";"A01";"2";"7";"0";"2";"4";"4";"1";""
"202100027865";"151Â 904";"B01";"1";"99";"0";"2";"4";"2";"1";""
"202100027865";"151Â 905";"A01";"1";"7";"0";"2";"1";"1";"1";""
"202100027866";"151Â 903";"A01";"1";"31";"0";"2";"1";"2";"1";""
"202100027867";"151Â 901";"B01";"2";"7";"0";"2";"8";"13";"1";""
"202100027867";"151Â 902";"A01";"2";"33";"0";"2";"2";"3";"1";""
"202100027868";"151Â 899";"A01";"2";"7";"4";"2";"1";"14";"1";""
"202100027868";"151Â 900";"B01";"2";"15";"0";"2";"4";"2";"1";""
"202100027869";"151Â 898";"A01";"3";"7";"0";"1";"3";"1";"1";""
"202100027870";"151Â 896";"B01";"2";"0";"13";"2";"0";"5";"0";""
"202100027870";"151Â 897";"A01";"1";"7";"4";"2";"8";"1";"1";""
"202100027871";"151Â 894";"B01";"2";"10";"0";"2";"2";"15";"1";""
"202100027871";"151Â 895";"A01";"1";"31";"0";"2";"2";"1";"1";""
"202100027872";"151Â 892";"B01";"3";"7";"1";"0";"5";"0";"1";""
"202100027872";"151Â 893";"A01";"3";"33";"1";"0";"1";"2";"1";""
"202100027873";"151Â 890";"B01";"3";"7";"0";"2";"4";"1";"1";""
"202100027873";"151Â 891";"A01";"3";"7";"0";"2";"1";"1";"1";""
"202100027874";"151Â 889";"A01";"1";"7";"0";"1";"3";"15";"1";""
"202100027875";"151Â 887";"A01";"2";"7";"0";"9";"1";"15";"1";""
"202100027875";"151Â 888";"B01";"1";"1";"0";"2";"3";"21";"5";""
"202100027876";"151Â 885";"B01";"1";"7";"0";"2";"3";"1";"1";""
"202100027876";"151Â 886";"A01";"3";"10";"0";"2";"1";"1";"1";""
"202100027877";"151Â 884";"A01";"3";"7";"14";"0";"1";"1";"0";""
"202100027878";"151Â 882";"B01";"0";"7";"0";"2";"2";"19";"1";""
"202100027878";"151Â 883";"A01";"0";"7";"0";"2";"7";"19";"1";""
"202100027879";"151Â 879";"C01";"1";"7";"0";"2";"4";"1";"1";""
"202100027879";"151Â 880";"B01";"1";"7";"0";"2";"8";"2";"1";""
"202100027879";"151Â 881";"A01";"1";"7";"0";"2";"2";"12";"1";""
"202100027880";"151Â 877";"A01";"1";"10";"6";"0";"1";"15";"1";""
"202100027880";"151Â 878";"B01";"2";"1";"0";"2";"7";"0";"0";""
"202100027881";"151Â 876";"A01";"1";"32";"1";"1";"1";"7";"1";""
"202100027882";"151Â 874";"A01";"1";"7";"0";"2";"8";"15";"1";""
"202100027882";"151Â 875";"B01";"2";"7";"0";"0";"0";"0";"1";""
"202100027883";"151Â 872";"A01";"1";"7";"0";"2";"2";"1";"1";""
"202100027883";"151Â 873";"B01";"1";"1";"0";"2";"7";"1";"5";""
"202100027884";"151Â 870";"B01";"2";"7";"0";"0";"6";"23";"1";""
"202100027884";"151Â 871";"A01";"2";"7";"1";"0";"2";"1";"1";""
"202100027885";"151Â 868";"B01";"2";"7";"0";"1";"4";"1";"1";""
"202100027885";"151Â 869";"A01";"2";"7";"0";"2";"1";"1";"1";""
"202100027886";"151Â 865";"A01";"1";"10";"0";"2";"1";"9";"1";""
"202100027886";"151Â 866";"C01";"1";"10";"0";"2";"4";"2";"1";""
"202100027886";"151Â 867";"B01";"1";"10";"0";"2";"4";"1";"1";""
"202100027887";"151Â 862";"A01";"2";"7";"0";"2";"1";"1";"1";""
"202100027887";"151Â 863";"B01";"2";"7";"0";"2";"4";"12";"1";""
"202100027887";"151Â 864";"C01";"1";"7";"0";"0";"0";"0";"1";""
"202100027888";"151Â 861";"A01";"0";"1";"0";"1";"1";"25";"5";""
"202100027889";"151Â 860";"A01";"0";"2";"0";"0";"1";"1";"1";""
"202100027890";"151Â 858";"B01";"2";"7";"0";"2";"7";"1";"1";""
"202100027890";"151Â 859";"A01";"2";"7";"0";"2";"1";"1";"1";""
"202100027891";"151Â 856";"A01";"0";"7";"0";"2";"5";"15";"1";""
"202100027891";"151Â 857";"B01";"0";"2";"0";"2";"1";"1";"1";""
"202100027892";"151Â 854";"B01";"0";"7";"0";"9";"1";"1";"1";""
"202100027892";"151Â 855";"A01";"0";"50";"0";"2";"1";"19";"3";""
"202100027893";"151Â 853";"A01";"0";"31";"0";"0";"1";"15";"1";""
"202100027894";"151Â 852";"A01";"0";"31";"0";"1";"1";"1";"1";""
"202100027895";"151Â 849";"C01";"0";"7";"0";"2";"1";"1";"1";""
"202100027895";"151Â 850";"B01";"3";"33";"0";"2";"1";"17";"1";""
"202100027895";"151Â 851";"A01";"0";"7";"0";"2";"1";"13";"1";""
"202100027896";"151Â 846";"A01";"2";"7";"8";"0";"2";"14";"1";""
"202100027897";"151Â 845";"A01";"0";"36";"0";"0";"7";"10";"1";""
"202100027898";"151Â 843";"B01";"0";"33";"0";"2";"1";"1";"1";""
"202100027898";"151Â 844";"A01";"0";"33";"0";"2";"8";"10";"1";""
"202100027899";"151Â 841";"A01";"2";"31";"0";"2";"1";"2";"1";""
"202100027899";"151Â 842";"B01";"2";"7";"0";"2";"4";"2";"1";""
"202100027900";"151Â 839";"B01";"1";"7";"0";"2";"4";"2";"1";""
"202100027900";"151Â 840";"A01";"1";"7";"0";"2";"2";"2";"1";""
"202100027901";"151Â 837";"B01";"3";"1";"0";"2";"8";"1";"0";""
"202100027901";"151Â 838";"A01";"2";"7";"0";"2";"2";"16";"2";""
"202100027902";"151Â 832";"A01";"2";"7";"0";"2";"7";"16";"1";""
"202100027902";"151Â 833";"B01";"2";"7";"0";"2";"8";"16";"1";""
"202100027902";"151Â 834";"C01";"1";"7";"0";"2";"8";"1";"1";""
"202100027902";"151Â 835";"D01";"1";"7";"0";"2";"3";"1";"1";""
"202100027902";"151Â 836";"E01";"1";"7";"0";"2";"6";"1";"1";""
"202100027903";"151Â 831";"A01";"3";"7";"0";"2";"2";"15";"1";""
"202100027904";"151Â 829";"B01";"1";"7";"0";"2";"3";"1";"1";""
"202100027904";"151Â 830";"A01";"2";"7";"0";"2";"3";"15";"1";""
"202100027905";"151Â 827";"B01";"2";"1";"0";"2";"8";"1";"0";""
"202100027905";"151Â 828";"A01";"2";"33";"0";"2";"5";"16";"1";""
"202100027906";"151Â 826";"A01";"1";"30";"12";"0";"3";"11";"1";""
"202100027907";"151Â 825";"A01";"2";"2";"12";"0";"7";"1";"1";""
"202100027908";"151Â 823";"A01";"1";"7";"0";"2";"2";"15";"1";""
"202100027908";"151Â 824";"B01";"2";"2";"0";"2";"1";"8";"1";""
"202100027909";"151Â 821";"B01";"2";"33";"0";"2";"3";"16";"1";""
"202100027909";"151Â 822";"A01";"2";"33";"0";"2";"1";"1";"1";""
"202100027910";"151Â 820";"A01";"2";"7";"9";"0";"1";"19";"1";""
"202100027911";"151Â 819";"A01";"1";"7";"0";"1";"1";"1";"1";""
"202100027912";"151Â 817";"B01";"1";"2";"0";"2";"0";"0";"1";""
"202100027912";"151Â 818";"A01";"1";"7";"0";"2";"7";"16";"1";""
"202100027913";"151Â 815";"A01";"1";"7";"0";"1";"7";"1";"1";""
"202100027914";"151Â 813";"B01";"1";"7";"0";"2";"4";"2";"3";""
"202100027914";"151Â 814";"A01";"1";"7";"0";"2";"2";"2";"1";""
"202100027915";"151Â 811";"A01";"3";"1";"0";"9";"3";"9";"5";""
"202100027915";"151Â 812";"B01";"3";"80";"0";"2";"1";"1";"3";""
"202100027916";"151Â 809";"A01";"1";"7";"0";"2";"1";"19";"1";""
"202100027916";"151Â 810";"B01";"1";"1";"0";"2";"3";"19";"5";""
"202100027917";"151Â 808";"A01";"1";"30";"0";"0";"1";"26";"1";""
"202100027918";"151Â 805";"A01";"1";"7";"0";"2";"3";"15";"1";""
"202100027918";"151Â 806";"B01";"2";"7";"0";"0";"5";"1";"1";""
"202100027918";"151Â 807";"C01";"2";"7";"16";"2";"3";"1";"1";""
"202100027919";"151Â 803";"A01";"0";"1";"0";"2";"1";"17";"5";""
"202100027919";"151Â 804";"B01";"0";"1";"0";"0";"0";"1";"5";""
"202100027920";"151Â 801";"A01";"1";"7";"0";"2";"3";"15";"1";""
"202100027920";"151Â 802";"B01";"1";"33";"0";"2";"5";"1";"1";""
"202100027921";"151Â 800";"A01";"2";"7";"15";"0";"8";"26";"1";""
"202100027922";"151Â 799";"A01";"3";"30";"14";"0";"0";"15";"1";""
"202100027923";"151Â 797";"A01";"3";"7";"0";"2";"2";"16";"1";""
"202100027923";"151Â 798";"B01";"3";"1";"0";"2";"0";"0";"5";""
"202100027924";"151Â 793";"B01";"2";"7";"0";"2";"8";"1";"1";""
"202100027924";"151Â 794";"A01";"1";"7";"0";"2";"8";"13";"1";""
"202100027925";"151Â 791";"B01";"3";"7";"0";"2";"4";"2";"1";""
"202100027925";"151Â 792";"A01";"3";"7";"0";"2";"1";"2";"1";""
"202100027926";"151Â 789";"A01";"2";"7";"0";"2";"3";"15";"1";""
"202100027926";"151Â 790";"B01";"1";"1";"0";"2";"1";"1";"5";""
"202100027927";"151Â 788";"A01";"1";"1";"0";"0";"0";"1";"5";""
"202100027928";"151Â 786";"A01";"0";"7";"0";"2";"2";"1";"1";""
"202100027928";"151Â 787";"B01";"0";"7";"0";"2";"1";"0";"1";""
"202100027929";"151Â 785";"A01";"1";"1";"0";"0";"0";"1";"0";""
"202100027930";"151Â 784";"A01";"0";"1";"0";"0";"0";"1";"0";""
"202100027931";"151Â 782";"B01";"0";"7";"0";"2";"3";"1";"1";""
"202100027931";"151Â 783";"A01";"0";"7";"0";"2";"2";"1";"1";""
"202100027932";"151Â 780";"A01";"2";"7";"0";"2";"8";"13";"1";""
"202100027932";"151Â 781";"B01";"1";"10";"0";"2";"3";"1";"1";""
"202100027933";"151Â 776";"A01";"1";"7";"0";"2";"2";"9";"1";""
"202100027933";"151Â 777";"B01";"2";"1";"0";"2";"7";"1";"5";""
"202100027934";"151Â 774";"B01";"2";"7";"0";"2";"3";"16";"1";""
"202100027934";"151Â 775";"A01";"1";"7";"0";"2";"3";"1";"1";""
"202100027935";"151Â 772";"B01";"1";"33";"0";"2";"1";"1";"1";""
"202100027935";"151Â 773";"A01";"1";"7";"0";"2";"2";"15";"1";""
"202100027936";"151Â 770";"A01";"2";"31";"0";"2";"1";"1";"1";""
"202100027936";"151Â 771";"B01";"1";"7";"0";"2";"1";"15";"1";""
"202100027937";"151Â 768";"B01";"1";"50";"0";"2";"1";"5";"3";""
"202100027937";"151Â 769";"A01";"1";"7";"0";"2";"1";"1";"1";""
"202100027938";"151Â 766";"A01";"2";"7";"0";"2";"1";"1";"1";""
"202100027938";"151Â 767";"B01";"3";"7";"0";"2";"1";"15";"1";""
"202100027939";"151Â 764";"B01";"1";"7";"0";"2";"8";"15";"1";""
"202100027939";"151Â 765";"A01";"1";"30";"0";"2";"1";"3";"1";""
"202100027940";"151Â 762";"A01";"2";"50";"0";"2";"1";"2";"3";""
"202100027940";"151Â 763";"B01";"2";"37";"0";"9";"4";"23";"1";"1"
"202100027941";"151Â 760";"Z01";"3";"7";"0";"2";"1";"1";"1";""
"202100027941";"151Â 761";"A01";"3";"7";"0";"2";"1";"15";"1";""
"202100027942";"151Â 758";"A01";"1";"7";"0";"2";"1";"26";"1";""
"202100027942";"151Â 759";"B01";"2";"33";"0";"2";"8";"0";"1";""
"202100027943";"151Â 755";"A01";"0";"2";"0";"2";"8";"10";"1";""
"202100027943";"151Â 756";"C01";"0";"33";"0";"2";"1";"1";"1";""
"202100027943";"151Â 757";"B01";"0";"7";"0";"2";"1";"2";"1";""
"202100027944";"151Â 753";"B01";"1";"7";"0";"2";"1";"15";"1";""
"202100027944";"151Â 754";"A01";"1";"32";"0";"2";"1";"26";"1";""
"202100027945";"151Â 751";"B01";"1";"7";"0";"2";"2";"1";"1";""
"202100027945";"151Â 752";"A01";"2";"31";"0";"2";"2";"1";"1";""
"202100027946";"151Â 749";"B01";"1";"7";"0";"2";"1";"10";"1";""
"202100027946";"151Â 750";"A01";"1";"7";"0";"2";"4";"19";"1";""
"202100027947";"151Â 748";"A01";"2";"7";"0";"1";"2";"3";"1";""
"202100027948";"151Â 744";"A01";"1";"7";"0";"2";"3";"2";"1";""
"202100027948";"151Â 745";"B01";"1";"7";"0";"2";"5";"2";"1";""
"202100027949";"151Â 742";"B01";"3";"41";"0";"2";"7";"2";"3";""
"202100027949";"151Â 743";"A01";"3";"7";"0";"2";"3";"9";"1";""
"202100027950";"151Â 739";"A01";"1";"7";"0";"2";"2";"0";"1";""
"202100027950";"151Â 740";"Z01";"1";"7";"0";"2";"1";"2";"1";""
"202100027950";"151Â 741";"B01";"1";"7";"0";"2";"4";"2";"1";""
"202100027951";"151Â 737";"A01";"2";"33";"0";"2";"1";"2";"1";""
"202100027951";"151Â 738";"B01";"2";"7";"0";"2";"5";"2";"1";""
"202100027952";"151Â 735";"B01";"1";"50";"0";"2";"4";"23";"3";""
"202100027952";"151Â 736";"A01";"1";"1";"0";"2";"1";"2";"5";""
"202100027953";"151Â 734";"A01";"1";"7";"0";"0";"1";"15";"1";""
"202100027954";"151Â 732";"B01";"1";"30";"0";"2";"3";"9";"1";""
"202100027954";"151Â 733";"A01";"1";"7";"0";"2";"5";"1";"1";""
"202100027955";"151Â 731";"A01";"1";"10";"0";"1";"2";"1";"3";""
"202100027956";"151Â 729";"A01";"1";"1";"0";"2";"2";"13";"5";""
"202100027956";"151Â 730";"B01";"1";"37";"0";"2";"8";"17";"2";"1"
"202100027957";"151Â 727";"B01";"1";"7";"0";"2";"8";"22";"1";""
"202100027957";"151Â 728";"A01";"1";"7";"0";"2";"2";"1";"1";""
"202100027958";"151Â 725";"A01";"2";"30";"0";"2";"1";"2";"1";""
"202100027958";"151Â 726";"B01";"2";"7";"0";"2";"4";"16";"1";""
"202100027959";"151Â 724";"A01";"3";"7";"4";"0";"1";"14";"1";""
"202100027960";"151Â 723";"A01";"1";"7";"0";"1";"1";"15";"1";""
"202100027961";"151Â 721";"A01";"3";"7";"0";"2";"3";"15";"1";""
"202100027961";"151Â 722";"B01";"1";"33";"0";"2";"1";"17";"1";""
"202100027962";"151Â 720";"A01";"2";"7";"1";"0";"1";"13";"1";""
"202100027963";"151Â 718";"B01";"2";"10";"0";"2";"6";"23";"1";""
"202100027963";"151Â 719";"A01";"2";"31";"0";"2";"2";"2";"1";""
"202100027964";"151Â 716";"A01";"2";"7";"0";"2";"1";"2";"1";""
"202100027964";"151Â 717";"B01";"2";"10";"0";"2";"4";"2";"1";""
"202100027965";"151Â 715";"A01";"2";"10";"0";"1";"3";"1";"1";""
"202100027966";"151Â 712";"X01";"1";"7";"0";"2";"4";"2";"0";""
"202100027966";"151Â 713";"Z01";"1";"7";"0";"2";"1";"2";"0";""
"202100027966";"151Â 714";"A01";"1";"1";"0";"2";"4";"2";"5";""
"202100027967";"151Â 711";"A01";"2";"30";"0";"1";"1";"7";"3";""
"202100027968";"151Â 709";"A01";"1";"10";"0";"2";"3";"10";"1";""
"202100027968";"151Â 710";"B01";"1";"33";"0";"2";"1";"1";"1";""
"202100027969";"151Â 708";"A01";"1";"1";"0";"0";"1";"5";"5";""
"202100027970";"151Â 707";"A01";"3";"43";"0";"1";"2";"1";"1";""
"202100027971";"151Â 705";"B01";"1";"7";"0";"2";"1";"2";"2";""
"202100027971";"151Â 706";"A01";"3";"1";"0";"2";"4";"2";"5";""
"202100027972";"151Â 704";"A01";"1";"1";"0";"1";"1";"1";"5";""
"202100027973";"151Â 702";"B01";"1";"7";"0";"2";"3";"1";"1";""
"202100027973";"151Â 703";"A01";"1";"7";"0";"2";"7";"1";"1";""
"202100027974";"151Â 700";"A01";"1";"7";"0";"2";"1";"1";"1";""
"202100027974";"151Â 701";"B01";"1";"7";"0";"2";"4";"1";"1";""
"202100027975";"151Â 699";"A01";"2";"7";"0";"1";"1";"16";"1";""
"202100027976";"151Â 697";"B01";"1";"7";"0";"2";"1";"1";"1";""
"202100027976";"151Â 698";"A01";"1";"30";"0";"2";"1";"19";"1";""
"202100027977";"151Â 695";"A01";"2";"7";"0";"2";"3";"1";"3";""
"202100027977";"151Â 696";"B01";"2";"10";"0";"0";"2";"1";"1";""
"202100027978";"151Â 694";"A01";"1";"30";"1";"1";"1";"25";"1";""
"202100027979";"151Â 692";"A01";"2";"33";"0";"9";"7";"26";"1";""
"202100027979";"151Â 693";"B01";"1";"50";"0";"2";"1";"26";"3";""
"202100027980";"151Â 691";"A01";"3";"7";"0";"2";"2";"14";"1";""
"202100027981";"151Â 689";"A01";"1";"7";"0";"2";"5";"2";"1";""
"202100027981";"151Â 690";"B01";"1";"1";"0";"2";"3";"1";"5";""
"202100027982";"151Â 687";"A01";"2";"60";"13";"9";"1";"14";"5";""
"202100027982";"151Â 688";"B01";"2";"60";"13";"9";"1";"12";"5";""
"202100027983";"151Â 686";"A01";"1";"7";"0";"2";"1";"21";"1";""
"202100027984";"151Â 684";"A01";"0";"7";"0";"2";"1";"1";"1";""
"202100027984";"151Â 685";"B01";"0";"32";"0";"2";"0";"0";"1";""
"202100027985";"151Â 682";"B01";"0";"99";"0";"2";"1";"24";"1";""
"202100027985";"151Â 683";"A01";"0";"7";"1";"0";"2";"2";"1";""
"202100027986";"151Â 680";"A01";"3";"7";"0";"2";"3";"26";"1";""
"202100027986";"151Â 681";"B01";"3";"30";"0";"2";"4";"23";"1";""
"202100027987";"151Â 679";"A01";"2";"7";"0";"1";"6";"4";"1";""
"202100027988";"151Â 678";"A01";"2";"7";"2";"0";"1";"1";"1";""
"202100027989";"151Â 675";"C01";"1";"7";"0";"2";"1";"2";"0";""
"202100027989";"151Â 676";"B01";"1";"7";"3";"2";"4";"2";"1";""
"202100027989";"151Â 677";"A01";"1";"7";"0";"0";"4";"2";"1";""
"202100027990";"151Â 673";"B01";"1";"32";"0";"2";"3";"13";"1";""
"202100027990";"151Â 674";"A01";"2";"7";"0";"2";"3";"13";"1";""
"202100027991";"151Â 672";"A01";"0";"7";"1";"0";"1";"14";"1";""
"202100027992";"151Â 671";"A01";"0";"7";"0";"0";"0";"0";"1";""
"202100027993";"151Â 670";"A01";"1";"31";"12";"0";"0";"1";"1";""
"202100027994";"151Â 668";"B01";"2";"7";"0";"2";"1";"1";"1";""
"202100027994";"151Â 669";"A01";"1";"7";"0";"2";"1";"13";"1";""
"202100027995";"151Â 666";"A01";"2";"7";"0";"2";"8";"1";"1";""
"202100027995";"151Â 667";"B01";"1";"7";"0";"2";"1";"1";"1";""
"202100027996";"151Â 664";"A01";"1";"33";"0";"2";"1";"17";"1";""
"202100027996";"151Â 665";"B01";"1";"7";"0";"0";"4";"15";"1";""
"202100027997";"151Â 663";"A01";"1";"7";"13";"0";"9";"13";"1";""
"202100027998";"151Â 661";"B01";"3";"7";"0";"0";"3";"15";"1";""
"202100027998";"151Â 662";"A01";"2";"7";"1";"2";"1";"1";"1";""
"202100027999";"151Â 660";"A01";"2";"1";"0";"0";"0";"1";"5";""
"202100028000";"151Â 658";"A01";"1";"7";"0";"2";"8";"1";"1";""
"202100028000";"151Â 659";"B01";"1";"7";"0";"2";"3";"15";"1";""
"202100028001";"151Â 653";"A01";"3";"31";"0";"9";"1";"1";"1";""
"202100028001";"151Â 654";"B01";"3";"1";"0";"2";"1";"1";"5";""
"202100028001";"151Â 655";"C01";"3";"1";"0";"2";"1";"1";"5";""
"202100028001";"151Â 656";"D01";"3";"1";"0";"2";"1";"1";"5";""
"202100028001";"151Â 657";"E01";"3";"1";"0";"2";"1";"1";"5";""
"202100028002";"151Â 651";"A01";"0";"33";"0";"2";"1";"1";"1";""
"202100028002";"151Â 652";"B01";"0";"7";"0";"2";"6";"9";"1";""
"202100028003";"151Â 649";"A01";"3";"10";"0";"2";"1";"1";"1";""
"202100028003";"151Â 650";"B01";"3";"1";"0";"2";"1";"1";"0";""
"202100028004";"151Â 647";"A01";"0";"33";"12";"0";"1";"1";"1";""
"202100028005";"151Â 646";"A01";"3";"7";"2";"0";"3";"1";"1";""
"202100028006";"151Â 644";"B01";"2";"7";"0";"2";"6";"1";"2";""
"202100028006";"151Â 645";"A01";"1";"2";"0";"2";"1";"1";"1";""
"202100028007";"151Â 643";"A01";"2";"33";"13";"0";"1";"1";"1";""
"202100028008";"151Â 642";"A01";"1";"7";"4";"0";"2";"2";"1";""
"202100028009";"151Â 640";"A01";"3";"21";"0";"0";"6";"9";"1";""
"202100028009";"151Â 641";"B01";"3";"7";"0";"2";"1";"1";"1";""
"202100028010";"151Â 639";"A01";"1";"2";"11";"0";"0";"1";"1";""
"202100028011";"151Â 638";"A01";"1";"7";"16";"0";"1";"1";"1";""
"202100028012";"151Â 636";"B01";"3";"2";"0";"2";"8";"1";"1";""
"202100028012";"151Â 637";"A01";"0";"7";"0";"2";"7";"19";"1";""
"202100028013";"151Â 635";"A01";"3";"7";"1";"1";"1";"13";"1";""
"202100028014";"151Â 634";"A01";"1";"32";"0";"0";"8";"1";"1";""
"202100028015";"151Â 632";"A01";"0";"7";"0";"9";"3";"1";"1";""
"202100028015";"151Â 633";"B01";"0";"1";"0";"2";"1";"1";"5";""
"202100028016";"151Â 630";"B01";"2";"33";"0";"0";"3";"13";"1";""
"202100028016";"151Â 631";"A01";"3";"7";"0";"2";"2";"15";"1";""
"202100028017";"151Â 629";"A01";"2";"31";"3";"0";"1";"1";"1";""
"202100028018";"151Â 628";"A01";"1";"2";"12";"0";"1";"1";"1";""
"202100028019";"151Â 626";"B01";"2";"7";"14";"2";"2";"9";"1";""
"202100028019";"151Â 627";"A01";"2";"7";"0";"0";"2";"1";"1";""
"202100028020";"151Â 625";"A01";"1";"33";"0";"0";"8";"0";"1";""
"202100028021";"151Â 624";"A01";"1";"7";"2";"0";"2";"13";"1";""
"202100028022";"151Â 622";"A01";"2";"33";"0";"2";"1";"1";"1";""
"202100028022";"151Â 623";"B01";"2";"7";"0";"2";"8";"1";"2";""
"202100028023";"151Â 620";"B01";"1";"7";"0";"2";"1";"1";"1";""
"202100028023";"151Â 621";"A01";"1";"7";"0";"2";"3";"19";"1";""
"202100028024";"151Â 619";"A01";"2";"10";"2";"0";"1";"1";"1";""
"202100028025";"151Â 618";"A01";"0";"7";"2";"0";"0";"0";"1";""
"202100028026";"151Â 616";"B01";"0";"7";"3";"0";"3";"5";"1";""
"202100028026";"151Â 617";"A01";"0";"7";"0";"0";"3";"1";"1";""
"202100028027";"151Â 615";"A01";"1";"7";"4";"0";"1";"1";"1";""
"202100028028";"151Â 613";"B01";"0";"7";"0";"2";"1";"1";"1";""
"202100028028";"151Â 614";"A01";"0";"7";"0";"2";"3";"15";"1";""
"202100028029";"151Â 612";"A01";"1";"7";"13";"0";"9";"13";"1";""
"202100028030";"151Â 610";"A01";"1";"7";"0";"2";"1";"20";"1";""
"202100028030";"151Â 611";"B01";"1";"33";"0";"2";"7";"21";"1";""
"202100028031";"151Â 609";"A01";"2";"2";"0";"0";"7";"1";"1";""
"202100028032";"151Â 607";"B01";"3";"7";"0";"2";"1";"1";"1";""
"202100028032";"151Â 608";"A01";"3";"33";"0";"2";"1";"0";"1";""
"202100028033";"151Â 606";"A01";"3";"2";"13";"0";"1";"1";"1";""
"202100028034";"151Â 604";"A01";"0";"7";"0";"2";"1";"17";"1";""
"202100028034";"151Â 605";"B01";"0";"7";"0";"2";"4";"15";"0";""
"202100028035";"151Â 601";"A01";"3";"7";"1";"2";"1";"2";"1";""
"202100028035";"151Â 602";"B01";"3";"7";"0";"2";"4";"2";"1";""
"202100028035";"151Â 603";"C01";"3";"7";"1";"2";"4";"26";"1";""
"202100028036";"151Â 600";"A01";"1";"33";"0";"6";"1";"1";"1";""
"202100028037";"151Â 598";"B01";"2";"7";"0";"2";"8";"15";"1";""
"202100028037";"151Â 599";"A01";"2";"2";"0";"2";"2";"17";"1";""
"202100028038";"151Â 597";"A01";"1";"7";"13";"0";"8";"13";"1";""
"202100028039";"151Â 595";"A01";"1";"33";"1";"0";"7";"1";"1";""
"202100028039";"151Â 596";"B01";"2";" -1";"0";"0";"8";"0";"0";""
"202100028040";"151Â 593";"B01";"2";"31";"0";"2";"8";"1";"1";""
"202100028040";"151Â 594";"A01";"2";"7";"0";"2";"2";"17";"1";""
"202100028041";"151Â 590";"A01";"3";"7";"0";"2";"2";"2";"1";""
"202100028041";"151Â 591";"B01";"3";"7";"0";"2";"1";"1";"1";""
"202100028042";"151Â 588";"B01";"1";"34";"0";"2";"1";"2";"1";""
"202100028042";"151Â 589";"A01";"1";"7";"0";"2";"2";"15";"1";""
"202100028043";"151Â 585";"A01";"3";"13";"0";"2";"1";"13";"1";""
"202100028043";"151Â 586";"B01";"3";"7";"0";"2";"1";"26";"1";""
"202100028043";"151Â 587";"C01";"3";"7";"0";"2";"1";"1";"1";""
"202100028044";"151Â 584";"A01";"0";"7";"0";"0";"3";"0";"1";""
"202100028045";"151Â 582";"A01";"2";"7";"16";"0";"9";"1";"1";""
"202100028046";"151Â 579";"C01";"2";"7";"0";"2";"9";"21";"1";""
"202100028046";"151Â 580";"B01";"2";"7";"0";"2";"2";"26";"1";""
"202100028046";"151Â 581";"A01";"1";"7";"0";"2";"2";"26";"1";""
"202100028047";"151Â 577";"B01";"1";"10";"0";"2";"6";"2";"1";""
"202100028047";"151Â 578";"A01";"1";"33";"0";"2";"1";"2";"1";""
"202100028048";"151Â 576";"A01";"1";"7";"0";"0";"1";"0";"1";""
"202100028049";"151Â 574";"B01";"0";"2";"0";"2";"7";"19";"1";""
"202100028049";"151Â 575";"A01";"0";"13";"0";"2";"1";"1";"0";""
"202100028050";"151Â 572";"A01";"1";"10";"2";"2";"3";"1";"1";""
"202100028050";"151Â 573";"B01";"2";"33";"0";"2";"3";"1";"1";""
"202100028051";"151Â 571";"A01";"0";"7";"0";"1";"2";"5";"0";""
"202100028052";"151Â 570";"A01";"2";"7";"13";"0";"9";"1";"1";""
"202100028053";"151Â 568";"B01";"2";"33";"0";"2";"8";"17";"1";""
"202100028053";"151Â 569";"A01";"2";"7";"0";"2";"8";"13";"1";""
"202100028054";"151Â 566";"B01";"2";"33";"0";"2";"1";"17";"1";""
"202100028054";"151Â 567";"A01";"1";"10";"0";"2";"1";"1";"1";""
"202100028055";"151Â 564";"B01";"1";"1";"0";"2";"3";"1";"5";""
"202100028055";"151Â 565";"A01";"2";"33";"0";"2";"2";"17";"1";""
"202100028056";"151Â 563";"A01";"1";"50";"14";"0";"1";"14";"3";""
"202100028057";"151Â 561";"A01";"1";"7";"0";"2";"1";"17";"1";""
"202100028057";"151Â 562";"B01";"2";"7";"0";"2";"1";"21";"1";""
"202100028058";"151Â 560";"A01";"2";"7";"0";"1";"3";"1";"1";""
"202100028059";"151Â 558";"B01";"2";"33";"0";"2";"1";"17";"1";""
"202100028059";"151Â 559";"A01";"2";"7";"0";"2";"8";"15";"1";""
"202100028060";"151Â 556";"A01";"1";"1";"0";"2";"2";"5";"5";""
"202100028060";"151Â 557";"B01";"1";"7";"0";"2";"2";"1";"1";""
"202100028061";"151Â 554";"B01";"1";"33";"0";"2";"1";"1";"1";""
"202100028061";"151Â 555";"A01";"2";"13";"0";"2";"1";"1";"1";""
"202100028062";"151Â 553";"A01";"2";"7";"2";"0";"1";"1";"1";""