"Num_Acc";"id_vehicule";"num_veh";"senc";"catv";"obs";"obsm";"choc";"manv";"motor";"occutc"
"202100028063";"151Â 551";"A01";"2";"7";"0";"9";"3";"13";"1";""
"202100028063";"151Â 552";"B01";"1";"1";"0";"2";"1";"1";"5";""
"202100028064";"151Â 549";"A01";"0";"7";"0";"9";"3";"16";"1";""
"202100028064";"151Â 550";"B01";"2";"1";"0";"2";"8";"15";"5";""
"202100028065";"151Â 546";"A01";"1";"7";"0";"2";"4";"1";"2";""
"202100028065";"151Â 547";"B01";"1";"7";"0";"2";"1";"1";"1";""
"202100028065";"151Â 548";"C01";"1";"7";"0";"2";"1";"1";"1";""
"202100028066";"151Â 544";"B01";"1";"10";"0";"2";"0";"0";"1";""
"202100028066";"151Â 545";"A01";"1";"10";"0";"2";"6";"2";"1";""
"202100028067";"151Â 542";"A01";"2";"13";"0";"2";"1";"1";"1";""
"202100028067";"151Â 543";"B01";"2";"7";"0";"2";"4";"1";"1";""
"202100028068";"151Â 540";"A01";"1";"7";"0";"0";"4";"1";"1";""
"202100028068";"151Â 541";"B01";"1";"7";"1";"0";"1";"1";"1";""
"202100028069";"151Â 538";"A01";"1";"7";"0";"2";"4";"0";"1";""
"202100028069";"151Â 539";"Z01";"1";"7";"0";"2";"1";"0";"1";""
"202100028070";"151Â 536";"B01";"1";"10";"0";"2";"3";"2";"1";""
"202100028070";"151Â 537";"A01";"1";"7";"0";"2";"5";"1";"1";""
"202100028071";"151Â 534";"A01";"1";"7";"0";"2";"4";"2";"1";""
"202100028071";"151Â 535";"Z01";"1";"7";"0";"2";"1";"2";"0";""
"202100028072";"151Â 532";"B01";"1";"7";"0";"2";"4";"24";"1";""
"202100028072";"151Â 533";"A01";"1";"17";"1";"0";"2";"1";"1";""
"202100028073";"151Â 531";"A01";"1";"7";"3";"0";"1";"13";"1";""
"202100028074";"151Â 529";"A01";"2";"7";"0";"2";"1";"1";"1";""
"202100028074";"151Â 530";"B01";"2";"7";"0";"2";"4";"2";"1";""
"202100028075";"151Â 525";"A01";"1";"15";"0";"2";"2";"1";"1";""
"202100028075";"151Â 526";"B01";"1";"7";"0";"2";"4";"2";"1";""
"202100028075";"151Â 527";"C01";"1";"7";"0";"2";"4";"2";"1";""
"202100028075";"151Â 528";"D01";"1";"10";"0";"2";"4";"2";"1";""
"202100028076";"151Â 523";"A01";"1";"7";"0";"2";"5";"14";"1";""
"202100028076";"151Â 524";"B01";"1";"33";"0";"2";"1";"3";"1";""
"202100028077";"151Â 521";"A01";"1";"7";"0";"2";"7";"14";"1";""
"202100028077";"151Â 522";"B01";"1";"15";"0";"2";"3";"1";"1";""
"202100028078";"151Â 520";"A01";"2";"7";"3";"0";"0";"21";"1";""
"202100028079";"151Â 518";"A01";"1";"7";"0";"2";"1";"2";"1";""
"202100028079";"151Â 519";"B01";"1";"7";"0";"2";"4";"2";"1";""
"202100028080";"151Â 516";"B01";"2";"10";"0";"2";"4";"2";"1";""
"202100028080";"151Â 517";"A01";"2";"32";"0";"2";"1";"2";"1";""
"202100028081";"151Â 513";"A01";"1";"7";"0";"2";"4";"2";"1";""
"202100028081";"151Â 514";"B01";"1";"7";"0";"2";"4";"2";"1";""
"202100028081";"151Â 515";"Z01";"1";"7";"0";"2";"1";"2";"1";""
"202100028082";"151Â 511";"A01";"1";"7";"0";"2";"1";"12";"1";""
"202100028082";"151Â 512";"B01";"1";"7";"0";"2";"4";"1";"2";""
"202100028083";"151Â 510";"A01";"1";"7";"5";"0";"3";"13";"1";""
"202100028084";"151Â 508";"B01";"2";"14";"0";"2";"4";"1";"0";""
"202100028084";"151Â 509";"A01";"2";"33";"0";"2";"1";"3";"0";""
"202100028085";"151Â 505";"B01";"2";"33";"4";"2";"1";"3";"1";""
"202100028085";"151Â 506";"C01";"2";"7";"4";"2";"4";"1";"1";""
"202100028085";"151Â 507";"A01";"2";"7";"4";"2";"8";"11";"1";""
"202100028086";"151Â 503";"A01";"1";"7";"0";"2";"1";"2";"1";""
"202100028086";"151Â 504";"B01";"1";"10";"0";"2";"5";"11";"1";""
"202100028087";"151Â 502";"A01";"1";"7";"3";"0";"3";"1";"1";""
"202100028088";"151Â 499";"B01";"1";"7";"0";"2";"0";"2";"1";""
"202100028088";"151Â 500";"C01";"1";"7";"0";"2";"0";"2";"1";""
"202100028088";"151Â 501";"A01";"1";"99";"0";"2";"3";"11";"1";""
"202100028089";"151Â 497";"A01";"2";"7";"0";"1";"1";"1";"1";""
"202100028090";"151Â 495";"A01";"2";"30";"0";"2";"2";"17";"1";""
"202100028090";"151Â 496";"B01";"1";"1";"0";"2";"3";"13";"5";""
"202100028091";"151Â 494";"A01";"1";"33";"0";"1";"7";"14";"1";""
"202100028092";"151Â 492";"A01";"2";"7";"0";"2";"1";"15";"1";""
"202100028092";"151Â 493";"B01";"1";"1";"0";"2";"8";"1";"5";""
"202100028093";"151Â 490";"A01";"1";"33";"0";"2";"1";"1";"1";""
"202100028093";"151Â 491";"B01";"1";"13";"0";"2";"2";"16";"0";""
"202100028094";"151Â 489";"B01";"1";"1";"1";"0";"1";"1";"5";""
"202100028095";"151Â 487";"A01";"3";"7";"0";"2";"7";"15";"1";""
"202100028095";"151Â 488";"B01";"3";"33";"0";"2";"1";"1";"1";""
"202100028096";"151Â 482";"A01";"3";"7";"0";"2";"1";"1";"1";""
"202100028096";"151Â 483";"B01";"0";"7";"0";"2";"1";"1";"1";""
"202100028096";"151Â 484";"C01";"3";"33";"0";"2";"1";"17";"1";""
"202100028097";"151Â 480";"A01";"1";"7";"0";"2";"1";"13";"1";""
"202100028097";"151Â 481";"B01";"2";"2";"0";"2";"1";"0";"1";""
"202100028098";"151Â 478";"A01";"3";"7";"0";"2";"3";"15";"1";""
"202100028098";"151Â 479";"B01";"3";"60";"0";"2";"1";"1";"5";""
"202100028099";"151Â 476";"A01";"2";"7";"0";"2";"7";"1";"2";""
"202100028099";"151Â 477";"B01";"2";"7";"0";"2";"8";"11";"1";""
"202100028100";"151Â 474";"A01";"3";"7";"0";"2";"2";"9";"1";""
"202100028100";"151Â 475";"B01";"3";"33";"0";"2";"3";"9";"1";""
"202100028101";"151Â 473";"A01";"2";"33";"0";"0";"9";"0";"1";""
"202100028102";"151Â 472";"A01";"1";"7";"4";"0";"8";"14";"1";""
"202100028103";"151Â 470";"A01";"1";"7";"0";"2";"4";"1";"1";""
"202100028103";"151Â 471";"B01";"1";"7";"0";"2";"4";"23";"1";""
"202100028104";"151Â 469";"A01";"1";"7";"0";"1";"2";"1";"1";""
"202100028105";"151Â 467";"B01";"2";"37";"0";"2";"3";"2";"1";"4"
"202100028105";"151Â 468";"A01";"2";"10";"0";"2";"2";"9";"1";""
"202100028106";"151Â 465";"A01";"3";"7";"0";"0";"8";"16";"1";""
"202100028106";"151Â 466";"B01";"1";"14";"0";"2";"1";"1";"1";""
"202100028107";"151Â 464";"A01";"1";"17";"12";"0";"7";"11";"1";""
"202100028108";"151Â 463";"A01";"1";"7";"0";"1";"1";"1";"1";""
"202100028109";"151Â 461";"B01";"2";"7";"0";"2";"3";"15";"1";""
"202100028109";"151Â 462";"A01";"2";"30";"0";"2";"1";"1";"1";""
"202100028110";"151Â 457";"A01";"1";"7";"1";"2";"2";"26";"1";""
"202100028110";"151Â 458";"C01";"1";"10";"0";"2";"8";"1";"1";""
"202100028111";"151Â 455";"B01";"1";"7";"0";"2";"6";"19";"1";""
"202100028111";"151Â 456";"A01";"3";"7";"0";"2";"1";"19";"2";""
"202100028112";"151Â 453";"B01";"0";"1";"0";"2";"8";"1";"5";""
"202100028112";"151Â 454";"A01";"0";"7";"0";"2";"8";"15";"1";""
"202100028113";"151Â 451";"B01";"1";"7";"0";"2";"4";"1";"1";""
"202100028113";"151Â 452";"A01";"1";"7";"0";"2";"1";"1";"1";""
"202100028114";"151Â 449";"A01";"3";"7";"0";"2";"2";"15";"1";""
"202100028114";"151Â 450";"B01";"3";"33";"0";"2";"8";"1";"1";""
"202100028115";"151Â 447";"B01";"2";"33";"0";"2";"1";"1";"1";""
"202100028115";"151Â 448";"A01";"1";"1";"0";"2";"1";"15";"5";""
"202100028116";"151Â 445";"A01";"2";"7";"0";"2";"1";"15";"1";""
"202100028116";"151Â 446";"B01";"1";"33";"0";"2";"1";"1";"1";""
"202100028117";"151Â 444";"A01";"1";"34";"1";"0";"1";"15";"1";""
"202100028118";"151Â 442";"B01";"3";"2";"0";"2";"0";"15";"1";""
"202100028118";"151Â 443";"A01";"3";"33";"0";"2";"0";"17";"1";""
"202100028119";"151Â 441";"A01";"1";"7";"0";"1";"1";"1";"1";""
"202100028120";"151Â 439";"B01";"3";"1";"0";"2";"4";"2";"0";""
"202100028120";"151Â 440";"A01";"3";"10";"0";"2";"0";"2";"0";""
"202100028121";"151Â 438";"A01";"2";"7";"6";"0";"1";"1";"1";""
"202100028122";"151Â 437";"A01";"1";"1";"16";"0";"0";"1";"5";""
"202100028123";"151Â 436";"A01";"1";"30";"16";"0";"0";"26";"1";""
"202100028124";"151Â 433";"A01";"1";"7";"0";"2";"1";"2";"1";""
"202100028124";"151Â 434";"B01";"1";"7";"0";"2";"4";"2";"1";""
"202100028124";"151Â 435";"C01";"1";"7";"0";"2";"4";"2";"1";""
"202100028125";"151Â 431";"B01";"2";"7";"0";"2";"3";"1";"1";""
"202100028125";"151Â 432";"A01";"1";"7";"0";"2";"1";"13";"1";""
"202100028126";"151Â 429";"B01";"2";"50";"0";"2";"8";"2";"3";""
"202100028126";"151Â 430";"A01";"2";"7";"0";"2";"2";"14";"1";""
"202100028127";"151Â 427";"A01";"2";"10";"0";"2";"1";"2";"1";""
"202100028127";"151Â 428";"B01";"2";"7";"0";"2";"4";"2";"1";""
"202100028128";"151Â 425";"A01";"2";"7";"0";"9";"1";"9";"1";""
"202100028128";"151Â 426";"B01";"1";"2";"0";"2";"7";"15";"1";""
"202100028129";"151Â 424";"A01";"2";"7";"0";"1";"7";"1";"1";""
"202100028130";"151Â 423";"A01";"1";"7";"9";"1";"1";"1";"1";""
"202100028131";"151Â 421";"A01";"2";"1";"0";"2";"1";"16";"5";""
"202100028131";"151Â 422";"B01";"1";"7";"0";"2";"3";"15";"1";""
"202100028132";"151Â 419";"B01";"3";"2";"0";"2";"1";"1";"3";""
"202100028132";"151Â 420";"A01";"3";"7";"0";"2";"5";"5";"1";""
"202100028133";"151Â 417";"B01";"1";"50";"0";"2";"4";"1";"3";""
"202100028133";"151Â 418";"A01";"1";"7";"0";"2";"2";"26";"1";""
"202100028134";"151Â 416";"A01";"2";"40";"0";"1";"1";"1";"3";""
"202100028135";"151Â 414";"B01";"3";"7";"0";"2";"7";"2";"1";""
"202100028135";"151Â 415";"A01";"3";"7";"0";"2";"8";"2";"2";""
"202100028136";"151Â 412";"B01";"3";"33";"0";"2";"1";"1";"1";""
"202100028136";"151Â 413";"A01";"0";"7";"0";"2";"1";"15";"1";""
"202100028137";"151Â 410";"A01";"1";"7";"0";"2";"1";"1";"1";""
"202100028137";"151Â 411";"B01";"1";"7";"0";"2";"4";"1";" -1";""
"202100028138";"151Â 408";"B01";"1";"7";"0";"2";"1";"1";"1";""
"202100028138";"151Â 409";"A01";"2";"7";"0";"2";"3";"15";"1";""
"202100028139";"151Â 406";"A01";"1";"33";"0";"2";"1";"21";"1";""
"202100028139";"151Â 407";"B01";"1";"14";"0";"0";"0";"0";"1";""
"202100028140";"151Â 404";"A01";"1";"7";"11";"2";"1";"1";"1";""
"202100028140";"151Â 405";"B01";"3";"7";"0";"2";"1";"19";"1";""
"202100028141";"151Â 403";"A01";"3";"30";"0";"0";"1";"0";"1";""
"202100028142";"151Â 401";"A01";"1";"7";"0";"2";"1";"1";"1";""
"202100028142";"151Â 402";"B01";"1";"33";"0";"2";"6";"15";"1";""
"202100028143";"151Â 399";"B01";"3";"43";"0";"2";"1";"1";"1";""
"202100028143";"151Â 400";"A01";"3";"7";"0";"2";"3";"19";"1";""
"202100028144";"151Â 397";"A01";"2";"33";"0";"2";"1";"21";"1";""
"202100028144";"151Â 398";"B01";"1";"7";"0";"2";"6";"11";"1";""
"202100028145";"151Â 395";"B01";"1";"99";"0";"2";"1";"1";"3";""
"202100028145";"151Â 396";"A01";"1";"7";"0";"1";"2";"1";"1";""
"202100028146";"151Â 392";"B01";"1";"7";"0";"2";"4";"23";"1";""
"202100028146";"151Â 393";"C01";"1";"7";"0";"2";"4";"23";"1";""
"202100028146";"151Â 394";"A01";"1";"7";"0";"2";"1";"2";"1";""
"202100028147";"151Â 390";"A01";"3";"30";"0";"1";"4";"23";"1";""
"202100028147";"151Â 391";"Z01";"3";"7";"0";"2";"1";"2";"0";""
"202100028148";"151Â 388";"A01";"1";"7";"0";"2";"1";"1";"1";""
"202100028148";"151Â 389";"B01";"1";"7";"0";"2";"4";"1";"1";""
"202100028149";"151Â 387";"A01";"0";"7";"0";"1";"1";"1";"1";""
"202100028150";"151Â 385";"A01";"1";"14";"0";"2";"3";"15";"1";""
"202100028150";"151Â 386";"B01";"2";"33";"0";"2";"1";"1";"1";""
"202100028151";"151Â 383";"A01";"3";"7";"0";"2";"3";"15";"1";""
"202100028151";"151Â 384";"B01";"3";"33";"0";"2";"1";"1";"1";""
"202100028152";"151Â 381";"A01";"3";"7";"0";"2";"1";"1";"1";""
"202100028152";"151Â 382";"B01";"3";"7";"0";"2";"4";"1";"1";""
"202100028153";"151Â 379";"B01";"1";"7";"0";"2";"1";"2";"0";""
"202100028153";"151Â 380";"A01";"1";"7";"0";"2";"4";"15";"1";""
"202100028154";"151Â 377";"B01";"3";"7";"0";"2";"1";"1";"1";""
"202100028154";"151Â 378";"A01";"0";"7";"0";"2";"3";"1";"1";""
"202100028155";"151Â 374";"C01";"2";"7";"0";"2";"4";"23";"1";""
"202100028155";"151Â 375";"B01";"2";"7";"0";"2";"4";"23";"1";""
"202100028155";"151Â 376";"A01";"2";"7";"0";"2";"1";"1";"1";""
"202100028156";"151Â 372";"A01";"1";"7";"0";"9";"2";"19";"1";""
"202100028156";"151Â 373";"B01";"3";"60";"0";"2";"1";"19";"5";""
"202100028157";"151Â 371";"A01";"1";"7";"0";"1";"3";"15";"1";""
"202100028158";"151Â 369";"A01";"1";"31";"0";"2";"3";"3";"1";""
"202100028158";"151Â 370";"B01";"1";"7";"0";"2";"5";"1";"1";""
"202100028159";"151Â 365";"C01";"2";"31";"0";"2";"1";"2";"1";""
"202100028159";"151Â 366";"D01";"2";"7";"0";"2";"5";"23";"1";""
"202100028159";"151Â 367";"B01";"2";"7";"0";"2";"4";"23";"1";""
"202100028159";"151Â 368";"A01";"2";"33";"0";"2";"1";"2";"1";""
"202100028160";"151Â 363";"A01";"1";"1";"0";"2";"1";"17";"5";""
"202100028160";"151Â 364";"B01";"1";"1";"0";"2";"6";"15";"5";""
"202100028161";"151Â 361";"A01";"3";"7";"0";"2";"2";"16";"1";""
"202100028161";"151Â 362";"B01";"3";"1";"0";"2";"1";"16";"5";""
"202100028162";"151Â 360";"Z01";"2";"2";"0";"1";"2";"1";"0";""
"202100028163";"151Â 358";"A01";"1";"7";"0";"2";"0";"16";"1";""
"202100028163";"151Â 359";"B01";"1";"50";"0";"2";"0";"5";"3";""
"202100028164";"151Â 356";"A01";"2";"7";"0";"2";"3";"9";"1";""
"202100028164";"151Â 357";"B01";"2";"2";"0";"2";"1";"17";"1";""
"202100028165";"151Â 354";"B01";"1";"7";"0";"2";"1";"9";"1";""
"202100028165";"151Â 355";"A01";"2";"80";"0";"2";"1";"5";"3";""
"202100028166";"151Â 352";"B01";"1";"7";"0";"2";"1";"1";"1";""
"202100028166";"151Â 353";"A01";"2";"7";"0";"2";"2";"15";"1";""
"202100028167";"151Â 350";"B01";"1";"1";"0";"2";"8";"19";"5";""
"202100028167";"151Â 351";"A01";"1";"7";"0";"2";"1";"16";"1";""
"202100028168";"151Â 348";"A01";"2";"7";"0";"2";"4";"2";"1";""
"202100028168";"151Â 349";"Z01";"1";"7";"0";"2";"1";"2";"1";""
"202100028169";"151Â 346";"A01";"2";"30";"0";"2";"1";"2";"1";""
"202100028169";"151Â 347";"B01";"2";"7";"0";"2";"4";"2";"1";""
"202100028170";"151Â 344";"A01";"3";"33";"0";"2";"1";"1";"1";""
"202100028170";"151Â 345";"B01";"2";"33";"0";"2";"8";"1";"1";""
"202100028171";"151Â 342";"A01";"1";"7";"1";"2";"8";"1";"1";""
"202100028171";"151Â 343";"B01";"1";"7";"6";"2";"1";"1";"1";""
"202100028172";"151Â 340";"A01";"2";"2";"0";"2";"5";"26";"1";""
"202100028172";"151Â 341";"B01";"2";"7";"0";"2";"5";"19";"1";""
"202100028173";"151Â 338";"A01";"2";"7";"0";"2";"4";"23";"1";""
"202100028173";"151Â 339";"Y01";"2";"1";"0";"2";"1";"17";"0";""
"202100028174";"151Â 336";"Y01";"2";"60";"0";"2";"1";"19";"5";""
"202100028174";"151Â 337";"B01";"1";"7";"0";"2";"5";"1";"2";""
"202100028175";"151Â 334";"A01";"3";"7";"0";"2";"6";"15";"1";""
"202100028175";"151Â 335";"B01";"3";"1";"0";"2";"1";"2";"5";""
"202100028176";"151Â 332";"B01";"2";"20";"0";"2";"3";"16";"1";""
"202100028176";"151Â 333";"A01";"1";"7";"0";"2";"2";"2";"1";""
"202100028177";"151Â 330";"A01";"1";"30";"0";"2";"1";"7";"1";""
"202100028177";"151Â 331";"B01";"0";"60";"0";"2";"0";"19";"5";""
"202100028178";"151Â 328";"A01";"1";"7";"9";"2";"2";"13";"1";""
"202100028178";"151Â 329";"B01";"2";"32";"12";"2";"3";"5";"1";""
"202100028179";"151Â 326";"A01";"1";"37";"0";"2";"3";"19";"1";"4"
"202100028179";"151Â 327";"B01";"1";"7";"0";"2";"5";"16";"1";""
"202100028180";"151Â 324";"A01";"1";"10";"0";"2";"4";"4";"1";""
"202100028180";"151Â 325";"B01";"1";"7";"0";"2";"1";"23";"1";""
"202100028181";"151Â 323";"A01";"3";"10";"0";"1";"4";"24";"1";""
"202100028182";"151Â 321";"B01";"1";"32";"0";"2";"3";"18";"1";""
"202100028182";"151Â 322";"A01";"1";"7";"0";"2";"2";"1";"1";""
"202100028183";"151Â 319";"B01";"3";"7";"0";"2";"1";"1";"1";""
"202100028183";"151Â 320";"A01";"3";"7";"0";"0";"4";"2";"1";""
"202100028184";"151Â 318";"A01";"1";"7";"9";"0";"3";"1";"1";""
"202100028185";"151Â 316";"B01";"2";"60";"0";"2";"1";"19";"5";""
"202100028185";"151Â 317";"A01";"2";"7";"0";"2";"2";"23";"1";""
"202100028186";"151Â 314";"B01";"1";"30";"0";"2";"1";"1";"1";""
"202100028186";"151Â 315";"A01";"1";"7";"0";"2";"3";"26";"1";""
"202100028187";"151Â 312";"A01";"1";"7";"0";"2";"2";"15";"0";""
"202100028187";"151Â 313";"B01";"1";"34";"0";"2";"1";"0";"1";""
"202100028188";"151Â 310";"A01";"3";"7";"0";"2";"3";"13";"2";""
"202100028188";"151Â 311";"B01";"1";"2";"0";"2";"1";"0";"3";""
"202100028189";"151Â 308";"A01";"2";"31";"0";"2";"6";"1";"1";""
"202100028189";"151Â 309";"B01";"3";"7";"0";"2";"2";"9";"1";""
"202100028190";"151Â 306";"B01";"1";"7";"0";"2";"4";"15";"1";""
"202100028190";"151Â 307";"A01";"1";"30";"0";"2";"1";"1";"1";""
"202100028191";"151Â 304";"B01";"2";"1";"0";"0";"6";"2";"6";""
"202100028191";"151Â 305";"A01";"2";"10";"0";"2";"2";"1";"1";""
"202100028192";"151Â 302";"B01";"2";"7";"0";"0";"5";"2";"1";""
"202100028192";"151Â 303";"A01";"2";"33";"0";"2";"1";"2";"1";""
"202100028193";"151Â 300";"A01";"2";"33";"3";"2";"4";"1";"1";""
"202100028193";"151Â 301";"B01";"2";"7";"0";"2";"2";"1";"1";""
"202100028194";"151Â 297";"C01";"1";"10";"0";"2";"6";"2";"1";""
"202100028194";"151Â 298";"B01";"2";"7";"0";"2";"1";"1";"1";""
"202100028194";"151Â 299";"A01";"1";"2";"0";"2";"1";"17";"1";""
"202100028195";"151Â 295";"B01";"2";"15";"0";"2";"3";"23";"1";""
"202100028195";"151Â 296";"A01";"1";"7";"0";"2";"1";"17";"1";""
"202100028196";"151Â 294";"A01";"3";"10";"0";"1";"2";"1";"1";""
"202100028197";"151Â 292";"A01";"0";"7";"0";"0";"0";"14";"1";""
"202100028198";"151Â 291";"A01";"2";"7";"0";"1";"1";"0";"1";""
"202100028199";"151Â 288";"C01";"2";"7";"0";"0";"4";"2";"1";""
"202100028199";"151Â 289";"A01";"2";"7";"0";"2";"1";"2";"1";""
"202100028199";"151Â 290";"B01";"2";"7";"0";"2";"4";"2";"1";""
"202100028200";"151Â 285";"A01";"1";"2";"10";"0";"7";"1";"1";""
"202100028201";"151Â 283";"B01";"2";"33";"0";"2";"8";"1";"1";""
"202100028201";"151Â 284";"A01";"1";"7";"0";"0";"6";"15";"1";""
"202100028202";"151Â 282";"A01";"2";"33";"13";"0";"8";"1";"1";""
"202100028203";"151Â 280";"A01";"2";"33";"0";"0";"4";"1";"1";""
"202100028203";"151Â 281";"B01";"2";"33";"0";"2";"1";"2";"1";""
"202100028204";"151Â 278";"B01";"2";"2";"0";"2";"1";"1";"1";""
"202100028204";"151Â 279";"A01";"1";"7";"0";"0";"5";"15";"1";""
"202100028205";"151Â 277";"A01";"2";"7";"8";"0";"1";"17";"1";""
"202100028206";"151Â 276";"A01";"3";"21";"16";"0";"3";"15";"1";""
"202100028207";"151Â 275";"A01";"2";"7";"2";"0";"1";"1";"1";""
"202100028208";"151Â 274";"A01";"3";"7";"2";"0";"5";"1";"1";""
"202100028209";"151Â 272";"B01";"2";"33";"0";"2";"1";"1";"1";""
"202100028209";"151Â 273";"A01";"1";"7";"0";"2";"3";"15";"1";""
"202100028210";"151Â 271";"A01";"0";"7";"3";"0";"1";"0";"1";""
"202100028211";"151Â 269";"B01";"0";"33";"0";"2";"7";"1";"1";""
"202100028211";"151Â 270";"A01";"0";"7";"0";"2";"1";"15";"1";""
"202100028212";"151Â 267";"B01";"2";"33";"0";"2";"1";"1";"1";""
"202100028212";"151Â 268";"A01";"1";"7";"0";"2";"7";"15";"1";""
"202100028213";"151Â 266";"A01";"1";"31";"12";"0";"2";"1";"1";""
"202100028214";"151Â 261";"D01";"2";"10";"0";"0";"4";"2";"1";""
"202100028214";"151Â 262";"A01";"2";"15";"0";"0";"4";"2";"1";""
"202100028214";"151Â 263";"B01";"2";"7";"0";"0";"4";"2";"1";""
"202100028214";"151Â 264";"C01";"2";"14";"0";"0";"4";"2";"1";""
"202100028214";"151Â 265";"E01";"2";"15";"0";"0";"1";"2";"1";""
"202100028215";"151Â 259";"A01";"1";"7";"0";"2";"2";"1";"1";""
"202100028215";"151Â 260";"B01";"3";"1";"0";"2";"4";"19";"5";""
"202100028216";"151Â 258";"A01";"2";"7";"2";"0";"1";"1";"1";""
"202100028217";"151Â 256";"B01";"1";"21";"0";"0";"6";"1";"0";""
"202100028217";"151Â 257";"A01";"1";"7";"0";"2";"2";"17";"1";""
"202100028218";"151Â 253";"A01";"1";"36";"13";"0";"8";"16";"1";""
"202100028219";"151Â 252";"A01";"1";"36";"8";"0";"2";"1";"1";""
"202100028220";"151Â 250";"B01";"1";"7";"0";"2";"6";"1";"1";""
"202100028220";"151Â 251";"A01";"1";"30";"0";"2";"2";"17";"1";""
"202100028221";"151Â 249";"A01";"1";"3";"0";"1";"3";"0";"1";""
"202100028222";"151Â 247";"B01";"2";"21";"0";"2";"3";"1";"1";""
"202100028222";"151Â 248";"A01";"1";"7";"0";"2";"3";"13";"1";""
"202100028223";"151Â 246";"A01";"2";"36";"6";"0";"2";"15";"1";""
"202100028224";"151Â 244";"B01";"3";"33";"0";"2";"1";"5";"1";""
"202100028224";"151Â 245";"A01";"3";"7";"0";"2";"3";"9";"1";""
"202100028225";"151Â 242";"B01";"3";"1";"0";"2";"1";"1";"6";""
"202100028225";"151Â 243";"A01";"3";"7";"0";"9";"3";"15";"1";""
"202100028226";"151Â 241";"A01";"2";"33";"0";"0";"8";"1";"1";""
"202100028227";"151Â 240";"A01";"1";"33";"0";"0";"1";"1";"1";""
"202100028228";"151Â 238";"A01";"3";"33";"0";"2";"3";"1";"1";""
"202100028228";"151Â 239";"B01";"1";"7";"0";"0";"7";"1";"1";""
"202100028229";"151Â 237";"A01";"2";"7";"0";"1";"1";"1";"1";""
"202100028230";"151Â 235";"A01";"2";"7";"0";"2";"1";"17";"1";""
"202100028230";"151Â 236";"B01";"1";"10";"0";"2";"1";"1";"1";""
"202100028231";"151Â 234";"A01";"2";"33";"0";"0";"3";"13";"1";""
"202100028232";"151Â 233";"A01";"3";"14";"0";"1";"0";"15";"1";""
"202100028233";"151Â 230";"A01";"2";"7";"0";"2";"5";"17";"1";""
"202100028233";"151Â 231";"B01";"2";"7";"0";"2";"2";"18";"1";""
"202100028233";"151Â 232";"C01";"2";"10";"3";"2";"2";"17";"1";""
"202100028234";"151Â 224";"F01";"1";"7";"3";"2";"5";"2";"1";""
"202100028234";"151Â 225";"E01";"1";"10";"0";"2";"2";"17";"1";""
"202100028234";"151Â 226";"D01";"1";"10";"1";"2";"1";"1";"1";""
"202100028234";"151Â 227";"B01";"1";"7";"0";"2";"8";"14";"1";""
"202100028234";"151Â 228";"A01";"1";"10";"3";"2";"2";"17";"1";""
"202100028234";"151Â 229";"C01";"1";"17";"0";"2";"4";"23";"1";""
"202100028235";"151Â 222";"A01";"1";"7";"0";"2";"2";"14";"1";""
"202100028235";"151Â 223";"B01";"1";"15";"0";"2";"6";"1";"1";""
"202100028236";"151Â 220";"A01";"2";"17";"0";"2";"2";"12";"6";""
"202100028236";"151Â 221";"B01";"2";"7";"0";"2";"6";"1";"1";""
"202100028237";"151Â 218";"B01";"2";"7";"0";"2";"6";"1";"1";""
"202100028237";"151Â 219";"A01";"2";"7";"0";"2";"2";"17";"1";""
"202100028238";"151Â 216";"A01";"1";"7";"0";"9";"3";"1";"1";""
"202100028238";"151Â 217";"B01";"1";"1";"0";"2";"4";"1";"5";""
"202100028239";"151Â 215";"A01";"3";"7";"6";"0";"1";"1";"1";""
"202100028240";"151Â 214";"A01";"2";"7";"0";"1";"1";"1";"1";""
"202100028241";"151Â 212";"B01";"1";"33";"0";"2";"1";"17";"1";""
"202100028241";"151Â 213";"A01";"1";"7";"0";"0";"8";"15";"1";""
"202100028242";"151Â 211";"A01";"1";"32";"0";"0";"9";"0";"1";""
"202100028243";"151Â 210";"A01";"2";"7";"6";"0";"7";"1";"1";""
"202100028244";"151Â 208";"A01";"1";"7";"0";"2";"1";"15";"1";""
"202100028244";"151Â 209";"B01";"2";"34";"0";"2";"1";"1";"1";""
"202100028245";"151Â 206";"B01";"2";"7";"0";"0";"7";"1";"1";""
"202100028245";"151Â 207";"A01";"1";"7";"0";"2";"2";"19";"1";""
"202100028246";"151Â 204";"B01";"1";"7";"0";"2";"1";"1";"1";""
"202100028246";"151Â 205";"A01";"2";"33";"0";"2";"1";"17";"1";""
"202100028247";"151Â 203";"A01";"2";"33";"8";"0";"7";"1";"1";""
"202100028248";"151Â 201";"A01";"1";"7";"0";"2";"3";"10";"1";""
"202100028248";"151Â 202";"B01";"1";"32";"0";"2";"2";"13";"1";""
"202100028249";"151Â 199";"B01";"1";"7";"0";"2";"7";"1";"1";""
"202100028249";"151Â 200";"A01";"3";"14";"0";"2";"1";"19";"1";""
"202100028250";"151Â 197";"B01";"1";"7";"0";"2";"3";"1";"1";""
"202100028250";"151Â 198";"A01";"2";"2";"0";"2";"3";"15";"1";""
"202100028251";"151Â 195";"A01";"3";"10";"0";"2";"2";"12";"1";""