"Num_Acc";"id_vehicule";"num_veh";"senc";"catv";"obs";"obsm";"choc";"manv";"motor";"occutc"
"202100028251";"151Â 196";"B01";"3";"33";"0";"2";"4";"18";"1";""
"202100028252";"151Â 193";"B01";"2";"33";"0";"2";"2";"17";"1";""
"202100028252";"151Â 194";"A01";"2";"7";"0";"2";"3";"15";"1";""
"202100028253";"151Â 192";"A01";"1";"33";"0";"6";"1";"1";"1";""
"202100028254";"151Â 190";"A01";"1";"7";"0";"2";"4";"1";"1";""
"202100028254";"151Â 191";"B01";"1";"33";"0";"2";"1";"1";"1";""
"202100028255";"151Â 188";"B01";"2";"7";"0";"2";"1";"2";"1";""
"202100028255";"151Â 189";"A01";"2";"7";"0";"2";"4";"1";"1";""
"202100028256";"151Â 185";"C01";"1";"7";"0";"2";"4";"2";"1";""
"202100028256";"151Â 186";"B01";"1";"7";"0";"2";"4";"2";"1";""
"202100028256";"151Â 187";"A01";"1";"7";"0";"2";"1";"2";"1";""
"202100028257";"151Â 184";"A01";"1";"33";"16";"9";"0";"21";"1";""
"202100028258";"151Â 182";"A01";"1";"7";"0";"2";"3";"2";"1";""
"202100028258";"151Â 183";"B01";"1";"17";"0";"2";"5";"12";"1";""
"202100028259";"151Â 180";"B01";"1";"33";"0";"2";"1";"1";"1";""
"202100028259";"151Â 181";"A01";"1";"7";"0";"2";"4";"11";"1";""
"202100028260";"151Â 178";"A01";"2";"10";"0";"2";"2";"12";"1";""
"202100028260";"151Â 179";"B01";"2";"33";"0";"2";"3";"1";"1";""
"202100028261";"151Â 176";"A01";"1";"10";"1";"0";"2";"14";"1";""
"202100028261";"151Â 177";"B01";"1";"10";"0";"2";"6";"26";"1";""
"202100028262";"151Â 174";"A01";"1";"15";"0";"2";"1";"1";"1";""
"202100028262";"151Â 175";"B01";"1";"7";"0";"2";"4";"23";"1";""
"202100028263";"151Â 173";"A01";"2";"7";"13";"0";"9";"26";"1";""
"202100028264";"151Â 171";"A01";"1";"7";"0";"0";"0";"9";"1";""
"202100028264";"151Â 172";"B01";"1";"36";"0";"2";"0";"13";"1";""
"202100028265";"151Â 170";"A01";"1";"2";"0";"1";"2";"1";"1";""
"202100028266";"151Â 168";"A01";"2";"7";"0";"2";"3";"15";"1";""
"202100028266";"151Â 169";"B01";"1";"1";"0";"0";"8";"1";"5";""
"202100028267";"151Â 167";"A01";"1";"30";"1";"0";"1";"26";"1";""
"202100028268";"151Â 166";"A01";"1";"2";"0";"2";"4";"26";"1";""
"202100028269";"151Â 165";"A01";"1";"7";"0";"1";"2";"1";"1";""
"202100028270";"151Â 164";"A01";"1";"7";"4";"0";"1";"1";"1";""
"202100028271";"151Â 163";"A01";"2";"7";"0";"1";"1";"0";"1";""
"202100028272";"151Â 161";"B01";"1";"0";"0";"2";"8";"2";"0";""
"202100028272";"151Â 162";"A01";"1";"2";"0";"2";"7";"17";"1";""
"202100028273";"151Â 159";"A01";"1";"30";"0";"2";"1";"1";"1";""
"202100028273";"151Â 160";"B01";"1";"7";"0";"2";"7";"0";"1";""
"202100028274";"151Â 157";"A01";"1";"7";"0";"2";"7";"1";"1";""
"202100028274";"151Â 158";"Z01";"1";"2";"0";"2";"0";"15";"1";""
"202100028275";"151Â 155";"B01";"1";"1";"0";"2";"1";"1";"0";""
"202100028275";"151Â 156";"A01";"2";"7";"0";"2";"0";"16";"1";""
"202100028276";"151Â 153";"A01";"1";"7";"0";"9";"1";"1";"2";""
"202100028276";"151Â 154";"B01";"2";"7";"0";"0";"0";"1";"1";""
"202100028277";"151Â 151";"A01";"3";"7";"0";"2";"3";"15";"1";""
"202100028277";"151Â 152";"B01";"3";"32";"0";"2";"4";"17";"1";""
"202100028278";"151Â 149";"B01";"1";"7";"0";"2";"1";"2";"1";""
"202100028278";"151Â 150";"A01";"2";"7";"0";"2";"1";"15";"1";""
"202100028279";"151Â 147";"B01";"3";"1";"0";"2";"8";"1";"5";""
"202100028279";"151Â 148";"A01";"3";"7";"0";"2";"2";"26";"1";""
"202100028280";"151Â 145";"A01";"2";"7";"0";"2";"3";"13";"1";""
"202100028280";"151Â 146";"B01";"1";"7";"0";"2";"6";"2";"1";""
"202100028281";"151Â 143";"A01";"1";"7";"0";"2";"3";"13";"1";""
"202100028281";"151Â 144";"B01";"1";"32";"0";"2";"7";"1";"1";""
"202100028282";"151Â 141";"B01";"2";"7";"0";"2";"1";"1";"1";""
"202100028282";"151Â 142";"A01";"0";"30";"0";"2";"1";"19";"1";""
"202100028283";"151Â 139";"A01";"1";"7";"1";"0";"4";"1";"0";""
"202100028283";"151Â 140";"B01";"1";"7";"0";"2";"1";"2";"0";""
"202100028284";"151Â 134";"B01";"3";"7";"0";"2";"4";"0";"1";""
"202100028284";"151Â 135";"A01";"3";"7";"0";"2";"1";"0";"0";""
"202100028285";"151Â 133";"A01";"1";"31";"1";"0";"1";"13";"1";""
"202100028286";"151Â 131";"A01";"1";"7";"0";"2";"3";"1";"1";""
"202100028286";"151Â 132";"B01";"1";"50";"0";"2";"4";"15";"3";""
"202100028287";"151Â 130";"A01";"3";"33";"14";"0";"0";"26";"0";""
"202100028288";"151Â 129";"A01";"1";"7";"0";"2";"0";"26";"1";""
"202100028289";"151Â 128";"A01";"2";"7";"0";"1";"2";"25";"1";""
"202100028290";"151Â 126";"B01";"3";"7";"0";"2";"7";"16";"1";""
"202100028290";"151Â 127";"A01";"3";"32";"0";"2";"3";"18";"1";""
"202100028291";"151Â 124";"A01";"2";"7";"0";"2";"3";"9";"1";""
"202100028291";"151Â 125";"B01";"1";"1";"0";"2";"4";"1";"5";""
"202100028292";"151Â 122";"A01";"1";"7";"0";"2";"1";"26";"1";""
"202100028292";"151Â 123";"B01";"1";"37";"0";"2";"7";"26";"1";"2"
"202100028293";"151Â 120";"A01";"3";"7";"0";"2";"3";"15";"1";""
"202100028293";"151Â 121";"B01";"3";"33";"0";"2";"3";"1";"1";""
"202100028294";"151Â 119";"A01";"1";"7";"1";"0";"3";"13";"1";""
"202100028295";"151Â 118";"A01";"1";"30";"11";"0";"1";"16";"1";""
"202100028296";"151Â 117";"A01";"1";"7";"8";"0";"3";"13";"1";""
"202100028297";"151Â 115";"A01";"1";"7";"0";"2";"1";"26";"1";""
"202100028297";"151Â 116";"B01";"1";"7";"0";"2";"4";"26";"1";""
"202100028298";"151Â 112";"C01";"1";"7";"0";"2";"8";"1";"1";""
"202100028298";"151Â 113";"B01";"2";"7";"0";"2";"4";"1";"1";""
"202100028298";"151Â 114";"A01";"2";"7";"0";"2";"1";"1";"1";""
"202100028299";"151Â 110";"A01";"3";"7";"0";"2";"0";"2";"1";""
"202100028299";"151Â 111";"B01";"3";"80";"0";"2";"4";"9";"3";""
"202100028300";"151Â 108";"B01";"2";"7";"0";"2";"2";"1";"1";""
"202100028300";"151Â 109";"A01";"3";"2";"0";"2";"1";"19";"1";""
"202100028301";"151Â 106";"B01";"3";"7";"0";"2";"1";"13";"1";""
"202100028301";"151Â 107";"A01";"3";"7";"0";"2";"3";"13";"1";""
"202100028302";"151Â 104";"A01";"1";"7";"0";"2";"1";"13";"1";""
"202100028302";"151Â 105";"B01";"2";"14";"0";"2";"3";"1";"1";""
"202100028303";"151Â 102";"A01";"2";"7";"0";"2";"3";"9";"1";""
"202100028303";"151Â 103";"B01";"2";"7";"0";"2";"7";"2";"1";""
"202100028304";"151Â 100";"B01";"3";"7";"0";"2";"1";"0";"1";""
"202100028304";"151Â 101";"A01";"3";"7";"0";"2";"1";"0";"1";""
"202100028305";"151Â 098";"A01";"1";"7";"0";"2";"1";"1";"1";""
"202100028305";"151Â 099";"Z01";"1";"7";"0";"2";"4";"0";"1";""
"202100028306";"151Â 097";"Z01";"1";"7";"0";"1";"1";"1";"0";""
"202100028307";"151Â 095";"B01";"2";"7";"0";"2";"4";"2";"1";""
"202100028307";"151Â 096";"A01";"2";"43";"0";"2";"1";"2";"1";""
"202100028308";"151Â 093";"B01";"0";"7";"1";"2";"9";"24";"1";""
"202100028308";"151Â 094";"A01";"0";"7";"0";"2";"7";"26";"1";""
"202100028309";"151Â 091";"A01";"1";"7";"0";"9";"3";"26";"1";""
"202100028309";"151Â 092";"B01";"2";"1";"0";"2";"1";"26";"0";""
"202100028310";"151Â 090";"A01";"1";"32";"0";"1";"1";"0";"1";""
"202100028311";"151Â 088";"B01";"3";"7";"1";"2";"8";"1";"1";""
"202100028311";"151Â 089";"A01";"3";"7";"0";"2";"2";"16";"1";""
"202100028312";"151Â 086";"A01";"2";"7";"0";"2";"1";"5";"1";""
"202100028312";"151Â 087";"B01";"2";"7";"0";"2";"1";"17";"1";""
"202100028313";"151Â 084";"B01";"1";"34";"0";"2";"1";"16";"1";""
"202100028313";"151Â 085";"A01";"1";"1";"0";"2";"1";"19";"5";""
"202100028314";"151Â 083";"A01";"2";"30";"0";"2";"4";"1";"1";""
"202100028315";"151Â 081";"B01";"1";"33";"0";"2";"2";"17";"1";""
"202100028315";"151Â 082";"A01";"1";"7";"0";"2";"3";"15";"1";""
"202100028316";"151Â 079";"B01";"1";"7";"0";"2";"3";"1";"1";""
"202100028316";"151Â 080";"A01";"2";"30";"0";"2";"2";"1";"1";""
"202100028317";"151Â 078";"A01";"1";"30";"14";"0";"7";"14";"1";""
"202100028318";"151Â 077";"A01";"1";"50";"0";"0";"0";"1";"3";""
"202100028319";"151Â 075";"A01";"1";"37";"0";"2";"3";"1";"2";"2"
"202100028319";"151Â 076";"Z01";"2";"7";"0";"2";"2";"15";"1";""
"202100028320";"151Â 074";"A01";"2";"7";"0";"1";"2";"1";"2";""
"202100028321";"151Â 072";"A01";"1";"30";"0";"2";"2";"1";"1";""
"202100028321";"151Â 073";"B01";"1";"7";"0";"2";"3";"9";"2";""
"202100028322";"151Â 070";"A01";"2";"1";"0";"2";"1";"5";"5";""
"202100028322";"151Â 071";"B01";"1";"7";"0";"2";"1";"1";"1";""
"202100028323";"151Â 068";"A01";"1";"50";"0";"2";"1";"13";"3";""
"202100028323";"151Â 069";"B01";"2";"33";"0";"2";"1";"1";"1";""
"202100028324";"151Â 067";"A01";"0";"50";"8";"0";"0";"25";"3";""
"202100028325";"151Â 065";"A01";"3";"7";"0";"0";"0";"22";"1";""
"202100028325";"151Â 066";"B01";"3";"1";"0";"0";"0";"0";"5";""
"202100028326";"151Â 063";"B01";"2";"7";"0";"2";"3";"1";"1";""
"202100028326";"151Â 064";"A01";"1";"7";"0";"2";"1";"1";"1";""
"202100028327";"151Â 061";"B01";"2";"50";"0";"2";"3";"19";"3";""
"202100028327";"151Â 062";"A01";"1";"7";"0";"2";"2";"1";"1";""
"202100028328";"151Â 059";"B01";"1";"7";"0";"2";"5";"23";"1";""
"202100028328";"151Â 060";"A01";"1";"7";"0";"2";"3";"2";"1";""
"202100028329";"151Â 058";"A01";"0";"7";"14";"0";"3";"26";"1";""
"202100028330";"151Â 057";"A01";"2";"7";"0";"1";"1";"1";"1";""
"202100028331";"151Â 054";"C01";"3";"7";"0";"2";"4";"2";"1";""
"202100028331";"151Â 055";"B01";"3";"7";"0";"2";"9";"2";"1";""
"202100028331";"151Â 056";"A01";"3";"7";"0";"2";"1";"2";"1";""
"202100028332";"151Â 052";"A01";"1";"7";"0";"2";"0";"10";"1";""
"202100028332";"151Â 053";"B01";"1";"30";"0";"2";"2";"1";"1";""
"202100028333";"151Â 051";"A01";"2";"7";"0";"1";"4";"20";"1";""
"202100028334";"151Â 049";"B01";"0";"31";"0";"0";"0";"0";"0";""
"202100028334";"151Â 050";"A01";"0";"7";"0";"2";"3";"15";"1";""
"202100028335";"151Â 048";"A01";"3";"7";"0";"1";"3";"15";"1";""
"202100028336";"151Â 046";"A01";"0";"2";"0";"2";"4";"1";"1";""
"202100028336";"151Â 047";"B01";"0";"7";"0";"2";"1";"26";"1";""
"202100028337";"151Â 045";"A01";"2";"7";"13";"0";"7";"21";"1";""
"202100028338";"151Â 044";"A01";"2";"33";"0";"0";"9";"2";"1";""
"202100028339";"151Â 043";"A01";"2";"7";"0";"1";"2";"1";"1";""
"202100028340";"151Â 041";"A01";"0";"2";"0";"2";"1";"1";"1";""
"202100028340";"151Â 042";"B01";"0";"7";"0";"2";"3";"1";"1";""
"202100028341";"151Â 039";"A01";"3";"7";"0";"2";"2";"1";"1";""
"202100028341";"151Â 040";"B01";"3";"7";"0";"2";"3";"1";"1";""
"202100028342";"151Â 037";"A01";"1";"33";"0";"2";"2";"1";"1";""
"202100028342";"151Â 038";"B01";"2";"7";"0";"2";"3";"9";"1";""
"202100028343";"151Â 036";"A01";"2";"33";"6";"0";"1";"0";"1";""
"202100028344";"151Â 035";"A01";"2";"7";"2";"0";"1";"1";"1";""
"202100028345";"151Â 034";"A01";"1";"36";"9";"0";"0";"1";"1";""
"202100028346";"151Â 033";"A01";"2";"7";"8";"0";"7";"1";"1";""
"202100028347";"151Â 031";"B01";"1";"7";"0";"2";"1";"1";"1";""
"202100028347";"151Â 032";"A01";"2";"10";"0";"2";"1";"17";"1";""
"202100028348";"151Â 029";"B01";"1";"7";"0";"2";"3";"16";"1";""
"202100028348";"151Â 030";"A01";"2";"7";"0";"2";"8";"15";"1";""
"202100028349";"151Â 028";"A01";"0";"31";"0";"0";"7";"1";"1";""
"202100028350";"151Â 027";"A01";"1";"7";"4";"0";"3";"1";"1";""
"202100028351";"151Â 025";"B01";"1";"1";"0";"2";"4";"13";"5";""
"202100028351";"151Â 026";"A01";"1";"7";"0";"2";"2";"17";"1";""
"202100028352";"151Â 023";"A01";"2";"7";"0";"2";"3";"1";"1";""
"202100028352";"151Â 024";"B01";"1";"7";"0";"2";"3";"1";"1";""
"202100028353";"151Â 021";"B01";"1";"7";"0";"2";"5";"15";"1";""
"202100028353";"151Â 022";"A01";"1";"2";"0";"2";"1";"1";"1";""
"202100028354";"151Â 020";"A01";"1";"7";"13";"0";"1";"1";"1";""
"202100028355";"151Â 017";"A01";"1";"7";"0";"2";"1";"2";"1";""
"202100028355";"151Â 018";"C01";"1";"7";"0";"2";"4";"2";"1";""
"202100028355";"151Â 019";"B01";"1";"7";"0";"2";"4";"2";"1";""
"202100028356";"151Â 015";"A01";"2";"3";"13";"2";"3";"1";"1";""
"202100028356";"151Â 016";"B01";"1";"7";"0";"2";"3";"1";"1";""
"202100028357";"151Â 014";"A01";"2";"33";"0";"0";"0";"1";"1";""
"202100028358";"151Â 013";"A01";"1";"2";"8";"0";"1";"1";"1";""
"202100028359";"151Â 012";"A01";"1";"32";"0";"0";"0";"1";"1";""
"202100028360";"151Â 010";"A01";"1";"7";"0";"0";"1";"19";"1";""
"202100028360";"151Â 011";"B01";"2";"7";"0";"0";"5";"1";"1";""
"202100028361";"151Â 008";"A01";"2";"7";"2";"2";"3";"13";"1";""
"202100028361";"151Â 009";"B01";"1";"7";"0";"2";"8";"21";"1";""
"202100028362";"151Â 006";"B01";"2";"7";"0";"0";"0";"2";"1";""
"202100028362";"151Â 007";"A01";"2";"2";"0";"0";"0";"1";"1";""
"202100028363";"151Â 005";"A01";"0";"7";"13";"0";"0";"0";"1";""
"202100028364";"151Â 003";"B01";"1";"7";"0";"2";"3";"1";"1";""
"202100028364";"151Â 004";"A01";"2";"7";"0";"2";"3";"13";"1";""
"202100028365";"151Â 002";"A01";"2";"10";"13";"0";"7";"1";"1";""
"202100028366";"151Â 001";"A01";"2";"33";"13";"0";"8";"1";"1";""
"202100028367";"150Â 999";"A01";"1";"2";"0";"2";"1";"5";"1";""
"202100028367";"151Â 000";"B01";"1";"10";"0";"2";"2";"1";"1";""
"202100028368";"150Â 998";"A01";"2";"35";"13";"0";"2";"2";"1";""
"202100028369";"150Â 997";"A01";"1";"7";"6";"0";"3";"1";"1";""
"202100028370";"150Â 996";"A01";"1";"7";"2";"0";"1";"1";"1";""
"202100028371";"150Â 994";"A01";"3";"7";"0";"2";"3";"13";"1";""
"202100028371";"150Â 995";"B01";"3";"7";"0";"2";"3";"21";"1";""
"202100028372";"150Â 992";"A01";"3";"2";"0";"2";"0";"1";"1";""
"202100028372";"150Â 993";"B01";"3";"7";"0";"2";"0";"0";"1";""
"202100028373";"150Â 991";"A01";"1";"1";"12";"0";"7";"13";"5";""
"202100028374";"150Â 989";"A01";"3";"10";"0";"2";"3";"13";"1";""
"202100028374";"150Â 990";"B01";"3";"1";"0";"0";"6";"15";"5";""
"202100028375";"150Â 988";"A01";"1";"33";"0";"0";"0";"26";"1";""
"202100028376";"150Â 986";"A01";"2";"7";"0";"0";"0";"1";"1";""
"202100028377";"150Â 985";"A01";"3";"7";"0";"1";"2";"1";"1";""
"202100028378";"150Â 984";"A01";"2";"2";"16";"0";"0";"1";"1";""
"202100028379";"150Â 980";"B01";"2";"31";"0";"2";"7";"1";"1";""
"202100028379";"150Â 981";"A01";"2";"7";"0";"2";"3";"9";"1";""
"202100028380";"150Â 979";"A01";"2";"33";"13";"0";"1";"1";"1";""
"202100028381";"150Â 978";"A01";"3";"33";"0";"0";"0";"1";"1";""
"202100028382";"150Â 977";"A01";"1";"33";"0";"0";"0";"1";"1";""
"202100028383";"150Â 976";"A01";"2";"7";"2";"0";"1";"1";"1";""
"202100028384";"150Â 975";"A01";"2";"7";"0";"0";"9";"0";"1";""
"202100028385";"150Â 974";"A01";"1";"7";"2";"0";"1";"1";"1";""
"202100028386";"150Â 973";"A01";"1";"17";"13";"0";"7";"1";"1";""
"202100028387";"150Â 971";"A01";"3";"21";"0";"2";"3";"1";"1";""
"202100028387";"150Â 972";"B01";"3";"30";"0";"2";"8";"1";"1";""
"202100028388";"150Â 969";"A01";"2";"7";"0";"2";"2";"0";"1";""
"202100028388";"150Â 970";"B01";"2";"7";"0";"2";"3";"2";"1";""
"202100028389";"150Â 967";"A01";"1";"1";"0";"0";"2";"19";"5";""
"202100028389";"150Â 968";"B01";"1";"17";"0";"0";"1";"1";"1";""
"202100028390";"150Â 966";"A01";"2";"17";"0";"1";"3";"16";"1";""
"202100028391";"150Â 964";"A01";"1";"7";"0";"2";"2";"1";"1";""
"202100028391";"150Â 965";"B01";"2";"7";"0";"0";"6";"1";"1";""
"202100028392";"150Â 962";"B01";"2";"30";"0";"2";"1";"7";"1";""
"202100028392";"150Â 963";"A01";"1";"7";"0";"2";"5";"1";"1";""
"202100028393";"150Â 960";"B01";"2";"7";"0";"2";"3";"1";"1";""
"202100028393";"150Â 961";"A01";"1";"14";"0";"2";"3";"13";"1";""
"202100028394";"150Â 958";"B01";"1";"1";"0";"2";"1";"1";"5";""
"202100028394";"150Â 959";"A01";"2";"7";"0";"9";"3";"9";"1";""
"202100028395";"150Â 956";"B01";"1";"7";"7";"2";"8";"1";"1";""
"202100028395";"150Â 957";"A01";"2";"7";"0";"2";"3";"17";"1";""
"202100028396";"150Â 955";"A01";"1";"7";"2";"0";"1";"1";"1";""
"202100028397";"150Â 953";"A01";"1";"7";"0";"2";"1";"1";"1";""
"202100028397";"150Â 954";"B01";"1";"7";"0";"0";"4";"1";"1";""
"202100028398";"150Â 950";"A01";"1";"7";"0";"2";"1";"2";"1";""
"202100028398";"150Â 951";"B01";"1";"7";"0";"2";"4";"23";"1";""
"202100028398";"150Â 952";"C01";"1";"10";"0";"0";"4";"23";"1";""
"202100028399";"150Â 949";"A01";"2";"33";"4";"0";"1";"1";"1";""
"202100028400";"150Â 948";"A01";"2";"33";"4";"0";"1";"1";"0";""
"202100028401";"150Â 947";"A01";"1";"10";"16";"0";"9";"14";"1";""
"202100028402";"150Â 945";"B01";"2";"32";"0";"2";"6";"1";"1";""
"202100028402";"150Â 946";"A01";"3";"34";"0";"2";"1";"19";"1";""
"202100028403";"150Â 944";"A01";"2";"7";"0";"1";"1";"26";"1";""
"202100028404";"150Â 943";"A01";"1";"33";"12";"0";"1";"1";"1";""
"202100028405";"150Â 942";"A01";"2";"33";"0";"0";"0";"1";"1";""
"202100028406";"150Â 939";"A01";"1";"7";"0";"0";"1";"13";"1";""
"202100028406";"150Â 940";"B01";"2";"7";"0";"0";"1";"1";"1";""
"202100028406";"150Â 941";"C01";"2";"33";"5";"0";"1";"1";"1";""
"202100028407";"150Â 937";"B01";"3";"35";"0";"2";"1";"0";"1";""
"202100028407";"150Â 938";"A01";"3";"7";"0";"2";"2";"1";"1";""
"202100028408";"150Â 935";"B01";"3";"2";"0";"2";"1";"5";"1";""
"202100028408";"150Â 936";"A01";"3";"7";"0";"2";"5";"2";"1";""
"202100028409";"150Â 934";"A01";"1";"7";"3";"0";"2";"0";"1";""
"202100028410";"150Â 932";"B01";"1";"7";"0";"2";"3";"1";"1";""
"202100028410";"150Â 933";"A01";"2";"7";"0";"2";"3";"13";"1";""
"202100028411";"150Â 930";"A01";"1";"10";"0";"2";"3";"1";"1";""
"202100028411";"150Â 931";"B01";"2";"14";"0";"2";"8";"1";"1";""
"202100028412";"150Â 928";"B01";"2";"7";"0";"2";"1";"1";"1";""
"202100028412";"150Â 929";"A01";"1";"33";"0";"2";"1";"13";"1";""
"202100028413";"150Â 927";"A01";"1";"33";"0";"0";"0";"1";"1";""
"202100028414";"150Â 926";"A01";"1";"33";"14";"0";"1";"1";"1";""
"202100028415";"150Â 924";"B01";"1";"7";"0";"2";"1";"1";"1";""
"202100028415";"150Â 925";"A01";"2";"1";"0";"2";"1";"0";"5";""
"202100028416";"150Â 922";"B01";"1";"7";"3";"2";"1";"1";"1";""
"202100028416";"150Â 923";"A01";"2";"7";"0";"2";"3";"5";"1";""
"202100028417";"150Â 920";"A01";"1";"33";"0";"2";"4";"2";"1";""
"202100028417";"150Â 921";"B01";"1";"33";"0";"2";"1";"2";"1";""
"202100028418";"150Â 919";"A01";"1";"14";"13";"0";"2";"1";"1";""
"202100028419";"150Â 916";"C01";"2";"1";"0";"2";"1";"1";"5";""
"202100028419";"150Â 917";"B01";"2";"1";"0";"2";"1";"1";"5";""
"202100028419";"150Â 918";"A01";"1";"1";"0";"2";"0";"19";"5";""
"202100028420";"150Â 915";"A01";"1";"33";"6";"0";"1";"13";"1";""
"202100028421";"150Â 913";"B01";"0";"7";"0";"2";"1";"1";"1";""
"202100028421";"150Â 914";"A01";"0";"1";"0";"2";"0";"0";"0";""
"202100028422";"150Â 912";"A01";"1";"33";"8";"0";"1";"1";"1";""
"202100028423";"150Â 910";"B01";"1";"7";"0";"2";"2";"1";"1";""
"202100028423";"150Â 911";"A01";"3";"1";"0";"2";"3";"9";"5";""
"202100028424";"150Â 909";"A01";"0";"31";"12";"0";"7";"1";"1";""
"202100028425";"150Â 908";"A01";"3";"2";"0";"1";"1";"1";"1";""
"202100028426";"150Â 906";"A01";"1";"7";"4";"0";"3";"17";"1";""
"202100028427";"150Â 904";"A01";"1";"33";"0";"2";"1";"1";"1";""
"202100028427";"150Â 905";"B01";"1";"7";"0";"0";"7";"26";"1";""
"202100028428";"150Â 902";"A01";"2";"7";"0";"2";"6";"24";"1";""
"202100028428";"150Â 903";"B01";"2";"33";"1";"0";"1";"12";"1";""
"202100028429";"150Â 900";"A01";"1";"7";"0";"2";"4";"1";"1";""
"202100028429";"150Â 901";"B01";"1";"7";"0";"2";"1";"1";"1";""
"202100028430";"150Â 898";"B01";"1";"7";"0";"2";"2";"1";"1";""
"202100028430";"150Â 899";"Z01";"1";"10";"0";"2";"6";"11";"1";""
"202100028431";"150Â 896";"B01";"1";"7";"3";"2";"4";"1";"1";""
"202100028431";"150Â 897";"A01";"1";"7";"0";"2";"1";"2";"1";""
"202100028432";"150Â 894";"B01";"2";"7";"0";"2";"4";"1";"1";""
"202100028432";"150Â 895";"A01";"2";"7";"0";"2";"3";"0";"1";""
"202100028433";"150Â 892";"B01";"1";"7";"0";"2";"4";"1";"1";""
"202100028433";"150Â 893";"A01";"1";"7";"0";"2";"4";"1";"1";""
"202100028434";"150Â 891";"A01";"2";"33";"0";"2";"7";"0";"1";""
"202100028435";"150Â 889";"B01";"2";"7";"0";"2";"0";"0";"1";""
"202100028435";"150Â 890";"A01";"2";"10";"0";"2";"1";"1";"1";""
"202100028436";"150Â 886";"A01";"2";"7";"4";"2";"1";"2";"1";""
"202100028436";"150Â 887";"B01";"2";"7";"4";"2";"4";"2";"1";""
"202100028436";"150Â 888";"C01";"2";"10";"4";"2";"4";"2";"1";""
"202100028437";"150Â 884";"B01";"2";"7";"0";"2";"6";"2";"1";""
"202100028437";"150Â 885";"A01";"2";"32";"0";"2";"1";"2";"1";""
"202100028438";"150Â 881";"C01";"1";"7";"0";"2";"4";"2";"1";""
"202100028438";"150Â 882";"B01";"1";"7";"0";"2";"1";"2";"1";""
"202100028438";"150Â 883";"A01";"1";"7";"0";"2";"1";"2";"1";""
"202100028439";"150Â 879";"A01";"1";"7";"0";"2";"3";"17";"1";""
"202100028439";"150Â 880";"B01";"1";"7";"0";"2";"5";"0";"1";""
"202100028440";"150Â 877";"A01";"1";"7";"0";"2";"1";"1";"1";""
"202100028440";"150Â 878";"B01";"1";"31";"0";"2";"4";"1";"1";""
"202100028441";"150Â 875";"B01";"2";"7";"14";"2";"6";"1";"1";""
"202100028441";"150Â 876";"A01";"2";"7";"0";"2";"2";"26";"1";""
"202100028442";"150Â 874";"A01";"2";"7";"3";"0";"1";"9";"1";""
"202100028443";"150Â 872";"A01";"1";"7";"0";"2";"1";"1";"1";""
"202100028443";"150Â 873";"B01";"1";"7";"0";"2";"4";"1";"1";""
"202100028444";"150Â 870";"B01";"2";"7";"0";"2";"8";"1";"1";""
"202100028444";"150Â 871";"A01";"2";"15";"0";"2";"2";"12";"1";""
"202100028445";"150Â 869";"A01";"2";"7";"0";"1";"2";"1";"1";""
"202100028446";"150Â 868";"A01";"3";"7";"0";"1";"2";"1";"1";""
"202100028447";"150Â 866";"B01";"1";"33";"0";"2";"3";"18";"1";""
"202100028447";"150Â 867";"A01";"1";"7";"0";"2";"5";"16";"1";""
"202100028448";"150Â 864";"B01";"1";"7";"0";"2";"2";"15";"1";""
"202100028448";"150Â 865";"A01";"1";"30";"0";"2";"5";"1";"1";""
"202100028449";"150Â 862";"B01";"2";"7";"0";"2";"1";"1";"1";""
"202100028449";"150Â 863";"A01";"1";"7";"0";"2";"3";"16";"1";""
"202100028450";"150Â 860";"A01";"1";"7";"4";"2";"3";"14";"1";""
"202100028450";"150Â 861";"B01";"1";"33";"0";"2";"4";"1";"1";""
"202100028451";"150Â 858";"A01";"1";"30";"0";"2";"1";"19";"1";""
"202100028451";"150Â 859";"B01";"1";"7";"0";"2";"5";"1";"1";""
"202100028452";"150Â 857";"A01";"2";"7";"0";"1";"8";"1";"1";""
"202100028453";"150Â 855";"A01";"3";"50";"0";"2";"4";"1";"3";""
"202100028453";"150Â 856";"B01";"2";"7";"0";"9";"1";"1";"0";""
"202100028454";"150Â 852";"B01";"1";"7";"0";"2";"4";"23";"1";""
"202100028454";"150Â 853";"A01";"1";"7";"0";"2";"1";"2";"1";""
"202100028454";"150Â 854";"C01";"1";"7";"0";"2";"4";"23";"0";""
"202100028455";"150Â 851";"A01";"2";"7";"16";"0";"9";"15";"1";""
"202100028456";"150Â 849";"B01";"1";"7";"0";"2";"1";"0";"1";""
"202100028456";"150Â 850";"A01";"1";"7";"8";"2";"5";"26";"1";""
"202100028457";"150Â 848";"A01";"1";"7";"0";"1";"1";"9";"1";""
"202100028458";"150Â 847";"A01";"3";"7";"0";"1";"2";"14";"1";""
"202100028459";"150Â 845";"A01";"2";"10";"0";"2";"2";"19";"1";""
"202100028459";"150Â 846";"B01";"2";"1";"0";"2";"8";"1";"5";""
"202100028460";"150Â 843";"B01";"2";"33";"0";"2";"1";"1";"1";""
"202100028460";"150Â 844";"A01";"2";"7";"0";"2";"3";"20";"1";""
"202100028461";"150Â 842";"A01";"1";"33";"9";"0";"1";"26";"1";""
"202100028462";"150Â 840";"B01";"1";"7";"0";"2";"4";"2";"1";""