"Num_Acc";"id_vehicule";"num_veh";"senc";"catv";"obs";"obsm";"choc";"manv";"motor";"occutc"
"202100028462";"150Â 841";"Z01";"1";"7";"0";"2";"1";"2";"0";""
"202100028463";"150Â 839";"A01";"3";"40";"0";"1";"2";"1";"3";""
"202100028464";"150Â 838";"A01";"1";"7";"0";"1";"2";"15";"1";""
"202100028465";"150Â 836";"B01";"2";"33";"0";"2";"1";"1";"0";""
"202100028465";"150Â 837";"A01";"1";"7";"0";"2";"2";"0";"0";""
"202100028466";"150Â 834";"A01";"0";"7";"0";"2";"0";"0";"1";""
"202100028466";"150Â 835";"B01";"1";"33";"0";"2";"1";"19";"1";""
"202100028467";"150Â 832";"A01";"1";"7";"5";"2";"1";"9";"1";""
"202100028467";"150Â 833";"B01";"1";"1";"0";"2";"3";"26";"5";""
"202100028468";"150Â 830";"A01";"3";"7";"0";"2";"1";"5";"1";""
"202100028468";"150Â 831";"B01";"3";"7";"0";"2";"1";"1";"1";""
"202100028469";"150Â 828";"B01";"3";"7";"0";"2";"3";"1";"1";""
"202100028469";"150Â 829";"A01";"3";"80";"0";"2";"4";"1";"3";""
"202100028470";"150Â 825";"A01";"1";"7";"0";"2";"1";"2";"1";""
"202100028470";"150Â 826";"B01";"1";"7";"0";"2";"4";"1";"1";""
"202100028470";"150Â 827";"C01";"1";"7";"0";"2";"4";"1";"1";""
"202100028471";"150Â 824";"A01";"1";"7";"0";"1";"1";"1";"1";""
"202100028472";"150Â 822";"B01";"0";"7";"0";"2";"5";"0";"1";""
"202100028472";"150Â 823";"A01";"0";"7";"0";"2";"1";"12";"1";""
"202100028473";"150Â 821";"A01";"2";"30";"9";"0";"1";"14";"1";""
"202100028474";"150Â 820";"A01";"1";"7";"0";"1";"4";"4";"1";""
"202100028475";"150Â 818";"B01";"2";"7";"8";"0";"5";"23";"1";""
"202100028475";"150Â 819";"A01";"2";"7";"0";"2";"3";"13";"1";""
"202100028476";"150Â 816";"A01";"1";"7";"0";"2";"1";"1";"1";""
"202100028476";"150Â 817";"B01";"2";"7";"0";"2";"7";"1";"1";""
"202100028477";"150Â 811";"A01";"1";"7";"0";"2";"1";"26";"1";""
"202100028477";"150Â 812";"B01";"1";"7";"0";"2";"1";"2";"1";""
"202100028477";"150Â 813";"C01";"1";"7";"0";"2";"1";"2";"0";""
"202100028478";"150Â 809";"B01";"1";"7";"0";"2";"7";"1";"1";""
"202100028478";"150Â 810";"A01";"3";"10";"0";"2";"1";"1";"1";""
"202100028479";"150Â 807";"B01";"2";"32";"0";"2";"1";"1";"1";""
"202100028479";"150Â 808";"A01";"2";"7";"0";"2";"8";"10";"1";""
"202100028480";"150Â 806";"A01";"3";"7";"0";"2";"1";"1";"1";""
"202100028481";"150Â 804";"B01";"0";"33";"0";"2";"7";"1";"1";""
"202100028481";"150Â 805";"A01";"0";"7";"0";"2";"0";"15";"1";""
"202100028482";"150Â 803";"A01";"3";"7";"13";"5";"9";"21";"1";""
"202100028483";"150Â 802";"A01";"1";"7";"10";"0";"1";"19";"1";""
"202100028484";"150Â 800";"B01";"1";"7";"0";"2";"1";"1";"1";""
"202100028484";"150Â 801";"A01";"1";"7";"0";"2";"9";"13";"1";""
"202100028485";"150Â 799";"A01";"3";"7";"0";"1";"2";"1";"1";""
"202100028486";"150Â 798";"A01";"1";"7";"8";"0";"1";"1";"1";""
"202100028487";"150Â 796";"B01";"3";"7";"0";"2";"6";"10";"1";""
"202100028487";"150Â 797";"A01";"3";"30";"0";"2";"1";"17";"1";""
"202100028488";"150Â 795";"A01";"2";"7";"1";"0";"7";"1";"1";""
"202100028489";"150Â 793";"B01";"1";"33";"0";"2";"1";"1";"1";""
"202100028489";"150Â 794";"A01";"1";"10";"0";"2";"7";"15";"1";""
"202100028490";"150Â 791";"B01";"1";"30";"0";"2";"1";"17";"1";""
"202100028490";"150Â 792";"A01";"1";"7";"0";"2";"6";"15";"1";""
"202100028491";"150Â 789";"A01";"3";"33";"0";"2";"1";"13";"1";""
"202100028491";"150Â 790";"B01";"3";"7";"0";"2";"3";"16";"1";""
"202100028492";"150Â 787";"A01";"2";"43";"0";"2";"3";"11";"1";""
"202100028492";"150Â 788";"B01";"2";"7";"0";"2";"7";"1";"1";""
"202100028493";"150Â 784";"B01";"1";"7";"0";"2";"4";"2";"1";""
"202100028493";"150Â 785";"C01";"1";"7";"0";"2";"4";"2";"1";""
"202100028493";"150Â 786";"A01";"1";"7";"0";"2";"1";"2";"1";""
"202100028494";"150Â 783";"A01";"3";"30";"0";"0";"1";"1";"1";""
"202100028495";"150Â 781";"A01";"1";"7";"0";"2";"1";"1";"2";""
"202100028495";"150Â 782";"B01";"0";"60";"0";"2";"7";"19";"5";""
"202100028496";"150Â 779";"A01";"1";"32";"0";"2";"4";"2";"1";""
"202100028496";"150Â 780";"Z01";"3";"7";"0";"2";"1";"2";"0";""
"202100028497";"150Â 777";"A01";"3";"1";"0";"2";"1";"15";"5";""
"202100028497";"150Â 778";"B01";"3";"7";"0";"2";"3";"1";"3";""
"202100028498";"150Â 773";"A01";"3";"34";"0";"2";"9";"17";"1";""
"202100028498";"150Â 774";"B01";"3";"7";"0";"2";"6";"2";"1";""
"202100028498";"150Â 775";"C01";"3";"10";"0";"2";"7";"2";"1";""
"202100028498";"150Â 776";"D01";"3";"7";"0";"2";"6";"2";"1";""
"202100028499";"150Â 771";"B01";"1";"7";"0";"2";"3";"1";"2";""
"202100028499";"150Â 772";"A01";"1";"30";"0";"2";"2";"5";"1";""
"202100028500";"150Â 769";"A01";"1";"7";"0";"2";"0";"22";"1";""
"202100028500";"150Â 770";"B01";"1";"80";"0";"2";"0";"1";"3";""
"202100028501";"150Â 767";"A01";"3";"7";"0";"2";"5";"1";"0";""
"202100028501";"150Â 768";"B01";"3";"7";"0";"2";"1";"1";"1";""
"202100028502";"150Â 766";"A01";"1";"7";"0";"1";"8";"15";"1";""
"202100028503";"150Â 765";"A01";"2";"32";"0";"1";"0";"0";"1";""
"202100028504";"150Â 763";"B01";"1";"7";"0";"2";"4";"1";"1";""
"202100028504";"150Â 764";"A01";"1";"7";"0";"2";"1";"2";"1";""
"202100028505";"150Â 761";"Z01";"2";"30";"0";"2";"0";"17";"1";""
"202100028505";"150Â 762";"A01";"2";"30";"0";"2";"8";"15";"1";""
"202100028506";"150Â 760";"A01";" -1";"7";"0";"1";"2";"1";"1";""
"202100028507";"150Â 758";"A01";"3";"10";"0";"2";"3";"1";"1";""
"202100028507";"150Â 759";"B01";"3";"7";"0";"2";"3";"2";"1";""
"202100028508";"150Â 756";"A01";"1";"7";"0";"2";"1";"1";"1";""
"202100028508";"150Â 757";"B01";"2";"7";"0";"2";"7";"0";"1";""
"202100028509";"150Â 754";"B01";"0";"2";"0";"2";"0";"2";"1";""
"202100028509";"150Â 755";"A01";"0";"7";"0";"0";"0";"15";"1";""
"202100028510";"150Â 752";"A01";"1";"7";"0";"2";"2";"9";"1";""
"202100028510";"150Â 753";"B01";"1";"31";"0";"2";"3";"0";"1";""
"202100028511";"150Â 751";"A01";"3";"80";"0";"0";"0";"0";"3";""
"202100028512";"150Â 749";"B01";"2";"7";"0";"2";"0";"15";"2";""
"202100028512";"150Â 750";"A01";"1";"33";"0";"2";"3";"21";"1";""
"202100028513";"150Â 747";"A01";"1";"30";"0";"2";"7";"1";"1";""
"202100028513";"150Â 748";"B01";"2";"7";"0";"2";"1";"1";"1";""
"202100028514";"150Â 745";"B01";"2";"7";"0";"2";"8";"1";"1";""
"202100028514";"150Â 746";"A01";"1";"33";"0";"2";"1";"13";"1";""
"202100028515";"150Â 743";"B01";"1";"33";"0";"2";"7";"17";"1";""
"202100028515";"150Â 744";"A01";"2";"7";"0";"2";"8";"1";"1";""
"202100028516";"150Â 740";"A01";"1";"7";"13";"0";"0";"1";"1";""
"202100028517";"150Â 739";"A01";"1";"7";"7";"0";"1";"19";"1";""
"202100028518";"150Â 738";"A01";"2";"33";"0";"0";"0";"1";"1";""
"202100028519";"150Â 737";"A01";"2";"33";"0";"0";"1";"1";"1";""
"202100028520";"150Â 736";"A01";"2";"7";"3";"0";"0";"1";"1";""
"202100028521";"150Â 735";"A01";"2";"7";"13";"0";"1";"1";"1";""
"202100028522";"150Â 733";"A01";"1";"7";"0";"2";"3";"10";"1";""
"202100028522";"150Â 734";"B01";"1";"33";"0";"0";"7";"21";"1";""
"202100028523";"150Â 732";"A01";"3";"7";"1";"1";"1";"13";"1";""
"202100028524";"150Â 730";"B01";"1";"33";"0";"2";"0";"1";"1";""
"202100028524";"150Â 731";"A01";"1";"7";"0";"2";"1";"9";"2";""
"202100028525";"150Â 729";"A01";"2";"32";"15";"0";"2";"1";"1";""
"202100028526";"150Â 727";"A01";"1";"7";"0";"2";"2";"17";"1";""
"202100028526";"150Â 728";"B01";"1";"7";"0";"0";"3";"15";"1";""
"202100028527";"150Â 725";"B01";"1";"7";"5";"2";"1";"1";"1";""
"202100028527";"150Â 726";"A01";"2";"7";"0";"2";"3";"13";"1";""
"202100028528";"150Â 723";"B01";"1";"33";"0";"0";"7";"17";"1";""
"202100028528";"150Â 724";"A01";"1";"7";"0";"2";"3";"15";"1";""
"202100028529";"150Â 722";"A01";"1";"2";"0";"0";"1";"1";"1";""
"202100028530";"150Â 721";"A01";"1";"2";"0";"0";"8";"1";"1";""
"202100028531";"150Â 720";"A01";"1";"33";"0";"0";"7";"1";"1";""
"202100028532";"150Â 718";"A01";"1";"7";"0";"2";"2";"9";"1";""
"202100028532";"150Â 719";"B01";"1";"7";"0";"2";"1";"1";"1";""
"202100028533";"150Â 716";"A01";"0";"33";"0";"2";"3";"26";"0";""
"202100028533";"150Â 717";"B01";"0";"10";"0";"2";"2";"1";"1";""
"202100028534";"150Â 714";"B01";"3";"7";"0";"2";"3";"15";"1";""
"202100028534";"150Â 715";"A01";"3";"2";"0";"2";"3";"1";"1";""
"202100028535";"150Â 713";"A01";"2";"7";"13";"0";"9";"14";"1";""
"202100028536";"150Â 711";"A01";"2";"17";"0";"2";"1";"1";"1";""
"202100028536";"150Â 712";"B01";"1";"7";"0";"2";"1";"13";"1";""
"202100028537";"150Â 709";"B01";"1";"1";"0";"2";"4";"1";"5";""
"202100028537";"150Â 710";"A01";"1";"7";"0";"2";"2";"1";"1";""
"202100028538";"150Â 708";"A01";"2";"7";"6";"0";"2";"1";"1";""
"202100028539";"150Â 706";"A01";"2";"1";"0";"2";"1";"13";"5";""
"202100028539";"150Â 707";"B01";"1";"7";"0";"9";"3";"1";"1";""
"202100028540";"150Â 704";"A01";"1";"7";"0";"2";"3";"1";"1";""
"202100028540";"150Â 705";"B01";"2";"7";"0";"2";"3";"1";"1";""
"202100028541";"150Â 703";"A01";"1";"7";"2";"0";"9";"14";"1";""
"202100028542";"150Â 702";"A01";"3";"7";"13";"0";"2";"1";"1";""
"202100028543";"150Â 700";"A01";"1";"7";"0";"2";"1";"13";"1";""
"202100028543";"150Â 701";"B01";"2";"7";"0";"2";"1";"1";"1";""
"202100028544";"150Â 698";"A01";"1";"33";"1";"0";"3";"26";"1";""
"202100028544";"150Â 699";"B01";"1";"7";"0";"0";"2";"26";"1";""
"202100028545";"150Â 696";"A01";"1";"43";"0";"2";"1";"6";"1";""
"202100028545";"150Â 697";"B01";"2";"10";"0";"2";"1";"1";"1";""
"202100028546";"150Â 694";"A01";"2";"7";"0";"2";"1";"0";"1";""
"202100028546";"150Â 695";"B01";"1";"7";"0";"2";"1";"0";"1";""
"202100028547";"150Â 693";"A01";"1";"7";"13";"6";"2";"21";"1";""
"202100028548";"150Â 689";"B01";"1";"7";"0";"2";"8";"1";"1";""
"202100028548";"150Â 690";"A01";"2";"2";"0";"2";"8";"17";"1";""
"202100028549";"150Â 688";"A01";"3";"2";"16";"0";"8";"0";"1";""
"202100028550";"150Â 686";"A01";"1";"33";"11";"0";"1";"17";"1";""
"202100028550";"150Â 687";"B01";"1";"7";"0";"0";"3";"15";"1";""
"202100028551";"150Â 685";"A01";"2";"7";"6";"0";"3";"1";"1";""
"202100028552";"150Â 683";"A01";"1";"7";"0";"2";"3";"1";"1";""
"202100028552";"150Â 684";"B01";"2";"10";"0";"2";"2";"15";"1";""
"202100028553";"150Â 682";"A01";"1";"7";"15";"0";"1";"5";"1";""
"202100028554";"150Â 680";"B01";"3";"1";"0";"2";"8";"1";"5";""
"202100028554";"150Â 681";"A01";"3";"7";"0";"9";"5";"1";"1";""
"202100028555";"150Â 678";"A01";"3";"7";"2";"0";"3";"2";"1";""
"202100028556";"150Â 675";"C01";"2";"7";"3";"0";"1";"1";"1";""
"202100028556";"150Â 676";"B01";"2";"7";"0";"2";"1";"2";"1";""
"202100028556";"150Â 677";"A01";"2";"7";"3";"2";"1";"2";"1";""
"202100028557";"150Â 673";"A01";"1";"7";"0";"9";"1";"1";"1";""
"202100028557";"150Â 674";"B01";"0";"1";"0";"2";"2";"1";"5";""
"202100028558";"150Â 672";"A01";"2";"7";"4";"0";"1";"1";"1";""
"202100028559";"150Â 670";"B01";"3";"2";"0";"0";"0";"9";"0";""
"202100028559";"150Â 671";"A01";"0";"7";"0";"0";"0";"1";"1";""
"202100028560";"150Â 668";"A01";"2";"7";"0";"2";"2";"17";"1";""
"202100028560";"150Â 669";"B01";"2";"15";"0";"2";"8";"15";"1";""
"202100028561";"150Â 666";"B01";"1";"7";"0";"2";"1";"2";"1";""
"202100028561";"150Â 667";"A01";"1";"7";"3";"0";"4";"2";"1";""
"202100028562";"150Â 664";"A01";"2";"33";"16";"0";"9";"1";"1";""
"202100028563";"150Â 662";"B01";"2";"7";"0";"2";"7";"17";"0";""
"202100028563";"150Â 663";"A01";"2";"2";"13";"2";"8";"1";"1";""
"202100028564";"150Â 661";"A01";"1";"7";"6";"0";"1";"1";"1";""
"202100028565";"150Â 659";"A01";"1";"7";"0";"2";"3";"1";"1";""
"202100028565";"150Â 660";"B01";"2";"7";"0";"2";"8";"1";"1";""
"202100028566";"150Â 658";"A01";"3";"2";"5";"0";"7";"17";"1";""
"202100028567";"150Â 656";"B01";"1";"7";"0";"0";"4";"2";"1";""
"202100028567";"150Â 657";"A01";"1";"7";"3";"2";"1";"2";"1";""
"202100028568";"150Â 655";"A01";"1";"2";"13";"0";"0";"1";"1";""
"202100028569";"150Â 653";"A01";"1";"7";"0";"2";"1";"13";"1";""
"202100028569";"150Â 654";"B01";"2";"7";"0";"2";"1";"21";"1";""
"202100028570";"150Â 651";"A01";"1";"33";"0";"2";"1";"13";"1";""
"202100028570";"150Â 652";"B01";"2";"7";"0";"2";"3";"1";"1";""
"202100028571";"150Â 649";"A01";"2";"1";"0";"2";"1";"1";"5";""
"202100028571";"150Â 650";"B01";"1";"7";"0";"2";"3";"1";"2";""
"202100028572";"150Â 646";"A01";"0";"7";"0";"2";"3";"5";"1";""
"202100028572";"150Â 647";"B01";"0";"7";"0";"2";"3";"1";"1";""
"202100028572";"150Â 648";"C01";"0";"7";"0";"2";"1";"1";"1";""
"202100028573";"150Â 645";"A01";"2";"7";"2";"0";"1";"1";"1";""
"202100028574";"150Â 643";"A01";"2";"7";"0";"2";"2";"13";"1";""
"202100028574";"150Â 644";"B01";"1";"7";"0";"2";"2";"1";"1";""
"202100028575";"150Â 641";"A01";"3";"7";"0";"2";"7";"15";"1";""
"202100028575";"150Â 642";"B01";"0";"2";"0";"2";"1";"1";"1";""
"202100028576";"150Â 639";"B01";"2";"1";"0";"2";"8";"26";"5";""
"202100028576";"150Â 640";"A01";"1";"7";"0";"9";"1";"1";"1";""
"202100028577";"150Â 638";"A01";"0";"36";"6";"0";"7";"1";"1";""
"202100028578";"150Â 636";"A01";"1";"7";"0";"2";"1";"15";"1";""
"202100028578";"150Â 637";"B01";"2";"7";"0";"0";"1";"1";"1";""
"202100028579";"150Â 634";"B01";"1";"33";"0";"2";"1";"1";"1";""
"202100028579";"150Â 635";"A01";"1";"7";"0";"2";"5";"19";"1";""
"202100028580";"150Â 632";"A01";"1";"7";"0";"2";"4";"23";"1";""
"202100028580";"150Â 633";"B01";"1";"7";"14";"0";"1";"2";"1";""
"202100028581";"150Â 630";"B01";"1";"7";"0";"2";"2";"15";"1";""
"202100028581";"150Â 631";"A01";"2";"34";"0";"2";"1";"1";"1";""
"202100028582";"150Â 628";"A01";"1";"7";"8";"2";"2";"2";"1";""
"202100028582";"150Â 629";"B01";"1";"7";"14";"0";"6";"2";"1";""
"202100028583";"150Â 627";"A01";"0";"7";"6";"0";"1";"0";"1";""
"202100028584";"150Â 626";"A01";"2";"31";"13";"0";"1";"19";"1";""
"202100028585";"150Â 624";"A01";"2";"7";"7";"0";"8";"19";"1";""
"202100028585";"150Â 625";"B01";"1";"17";"0";"2";"2";"1";"1";""
"202100028586";"150Â 622";"A01";"1";"7";"0";"2";"8";"23";"1";""
"202100028586";"150Â 623";"B01";"1";"7";"0";"2";"1";"1";"1";""
"202100028587";"150Â 618";"C01";"2";"7";"0";"2";"4";"2";"1";""
"202100028587";"150Â 619";"D01";"2";"10";"0";"2";"4";"2";"1";""
"202100028587";"150Â 620";"A01";"2";"7";"0";"2";"1";"1";"1";""
"202100028587";"150Â 621";"B01";"2";"7";"0";"2";"4";"0";"1";""
"202100028588";"150Â 616";"B01";"2";"7";"1";"0";"4";"23";"1";""
"202100028588";"150Â 617";"A01";"2";"7";"0";"2";"1";"26";"1";""
"202100028589";"150Â 615";"A01";"1";"7";"4";"0";"3";"2";"1";""
"202100028590";"150Â 613";"B01";"1";"7";"0";"2";"6";"1";"1";""
"202100028590";"150Â 614";"A01";"1";"33";"0";"2";"2";"1";"1";""
"202100028591";"150Â 611";"A01";"2";"33";"0";"2";"1";"11";"1";""
"202100028591";"150Â 612";"B01";"2";"7";"0";"2";"4";"1";"1";""
"202100028592";"150Â 610";"A01";"1";"7";"4";"0";"1";"1";"1";""
"202100028593";"150Â 608";"A01";"2";"7";"0";"2";"8";"13";"1";""
"202100028593";"150Â 609";"B01";"2";"7";"0";"2";"7";"1";"1";""
"202100028594";"150Â 606";"B01";"2";"7";"0";"2";"7";"1";"1";""
"202100028594";"150Â 607";"A01";"2";"7";"0";"2";"3";"11";"1";""
"202100028595";"150Â 604";"A01";"1";"7";"4";"0";"4";"21";"1";""
"202100028595";"150Â 605";"Z01";"1";"7";"0";"0";"0";"0";"0";""
"202100028596";"150Â 601";"C01";"2";"7";"0";"2";"1";"1";"1";""
"202100028596";"150Â 602";"A01";"2";"7";"0";"2";"1";"1";"1";""
"202100028596";"150Â 603";"B01";"2";"7";"0";"2";"4";"1";"1";""
"202100028597";"150Â 599";"A01";"1";"7";"0";"2";"1";"1";"1";""
"202100028597";"150Â 600";"B01";"1";"7";"0";"2";"4";"1";"1";""
"202100028598";"150Â 597";"B01";"2";"10";"0";"9";"3";"1";"1";""
"202100028598";"150Â 598";"A01";"2";"1";"0";"2";"1";"5";"5";""
"202100028599";"150Â 596";"A01";"1";"7";"0";"1";"1";"1";"1";""
"202100028600";"150Â 594";"A01";"1";"7";"0";"0";"0";"0";"1";""
"202100028600";"150Â 595";"B01";"1";"30";"0";"0";"0";"0";"1";""
"202100028601";"150Â 592";"A01";"3";"7";"0";"2";"1";"26";"1";""
"202100028601";"150Â 593";"B01";"3";"30";"0";"2";"7";"1";"1";""
"202100028602";"150Â 590";"B01";"3";"7";"0";"2";"8";"15";"1";""
"202100028602";"150Â 591";"A01";"3";"31";"0";"2";"1";"17";"1";""
"202100028603";"150Â 588";"A01";"1";"7";"0";"2";"3";"9";"1";""
"202100028603";"150Â 589";"B01";"1";"2";"0";"2";"1";"1";"1";""
"202100028604";"150Â 586";"A01";"1";"7";"0";"2";"1";"1";"1";""
"202100028604";"150Â 587";"B01";"3";"7";"0";"2";"7";"1";"1";""
"202100028605";"150Â 584";"B01";"2";"7";"4";"2";"4";"2";"1";""
"202100028605";"150Â 585";"A01";"2";"7";"0";"2";"2";"2";"1";""
"202100028606";"150Â 582";"A01";"2";"7";"0";"2";"5";"12";"1";""
"202100028606";"150Â 583";"B01";"2";"33";"0";"2";"1";"1";"1";""
"202100028607";"150Â 579";"A01";"2";"7";"14";"0";"4";"23";"1";""
"202100028607";"150Â 580";"B01";"2";"7";"0";"2";"1";"2";"1";""
"202100028607";"150Â 581";"C01";"1";"10";"0";"2";"1";"2";"1";""
"202100028608";"150Â 578";"A01";"2";"7";"0";"1";"1";"17";"1";""
"202100028609";"150Â 576";"B01";"1";"99";"0";"2";"1";"1";"3";""
"202100028609";"150Â 577";"A01";"1";"7";"0";"2";"3";"16";"1";""
"202100028610";"150Â 575";"A01";"1";"30";"0";"1";"1";"1";"1";""
"202100028611";"150Â 573";"A01";"3";"7";"0";"2";"3";"1";"1";""
"202100028611";"150Â 574";"B01";"3";"30";"0";"2";"1";"5";"1";""
"202100028612";"150Â 571";"B01";"1";"7";"0";"2";"3";"15";"1";""
"202100028612";"150Â 572";"A01";"1";"10";"0";"2";"3";"15";"1";""
"202100028613";"150Â 570";"A01";"2";"2";"0";"1";"1";"1";"1";""
"202100028614";"150Â 569";"A01";"1";"7";"1";"0";"7";"1";"1";""
"202100028615";"150Â 567";"A01";"0";"10";"0";"2";"1";"1";"1";""
"202100028615";"150Â 568";"B01";"0";"50";"0";"2";"4";"1";"3";""
"202100028616";"150Â 565";"B01";"0";"7";"0";"2";"1";"1";"1";""
"202100028616";"150Â 566";"A01";"0";"7";"0";"2";"1";"15";"1";""
"202100028617";"150Â 563";"B01";"0";"7";"0";"2";"6";"15";"1";""
"202100028617";"150Â 564";"A01";"0";"7";"0";"2";"3";"1";"1";""
"202100028618";"150Â 559";"A01";"1";"7";"0";"2";"2";"15";"1";""
"202100028618";"150Â 560";"B01";"2";"7";"0";"2";"3";"0";"1";""
"202100028619";"150Â 558";"B01";"2";"50";"0";"2";"2";"2";"3";""
"202100028620";"150Â 556";"B01";"1";"10";"0";"2";"4";"2";"1";""
"202100028620";"150Â 557";"A01";"2";"33";"0";"2";"1";"2";"0";""
"202100028621";"150Â 554";"B01";"1";"31";"0";"2";"4";"1";"1";""
"202100028621";"150Â 555";"A01";"1";"7";"0";"2";"1";"1";"1";""
"202100028622";"150Â 553";"A01";"1";"7";"13";"0";"1";"0";"1";""
"202100028623";"150Â 551";"B01";"1";"80";"0";"2";"1";"1";"3";""
"202100028623";"150Â 552";"A01";"1";"7";"0";"2";"5";"16";"1";""
"202100028624";"150Â 550";"A01";"1";"33";"14";"0";"1";"14";"1";""
"202100028625";"150Â 548";"A01";"2";"10";"0";"2";"1";"9";"1";""
"202100028625";"150Â 549";"B01";"2";"33";"0";"2";"5";"1";"1";""
"202100028626";"150Â 546";"A01";"3";"1";"0";"2";"2";"9";"5";""
"202100028626";"150Â 547";"B01";"3";"7";"0";"2";"6";"9";"1";""
"202100028627";"150Â 544";"B01";"1";"7";"0";"2";"4";"23";"1";""
"202100028627";"150Â 545";"A01";"1";"7";"0";"2";"1";"2";"1";""
"202100028628";"150Â 541";"C01";"2";"7";"0";"2";"4";"23";"1";""
"202100028628";"150Â 542";"B01";"2";"7";"0";"2";"4";"23";"1";""
"202100028628";"150Â 543";"A01";"2";"7";"0";"2";"1";"2";"1";""
"202100028629";"150Â 539";"B01";"1";"33";"0";"2";"6";"1";"1";""
"202100028629";"150Â 540";"A01";"1";"7";"0";"2";"6";"10";"1";""
"202100028630";"150Â 537";"B01";"3";"7";"0";"2";"1";"1";"1";""
"202100028630";"150Â 538";"A01";"3";"31";"0";"2";"1";"1";"1";""
"202100028631";"150Â 535";"A01";"1";"7";"0";"2";"1";"1";"1";""
"202100028631";"150Â 536";"B01";"1";"1";"0";"2";"8";"19";"5";""
"202100028632";"150Â 533";"B01";"1";"7";"0";"2";"3";"16";"1";""
"202100028632";"150Â 534";"A01";"1";"1";"0";"2";"1";"1";"5";""
"202100028633";"150Â 532";"A01";"1";"7";"1";"0";"2";"14";"1";""
"202100028634";"150Â 530";"B01";"1";"7";"0";"2";"4";"26";"1";""
"202100028634";"150Â 531";"A01";"1";"7";"0";"2";"2";"26";"1";""
"202100028635";"150Â 528";"B01";"2";"10";"1";"0";"7";"1";"1";""
"202100028635";"150Â 529";"A01";"2";"10";"0";"2";"8";"24";"1";""
"202100028636";"150Â 526";"A01";"1";"10";"0";"9";"2";"9";"1";""
"202100028636";"150Â 527";"B01";"1";"1";"0";"2";"2";"9";"2";""
"202100028637";"150Â 524";"B01";"0";"7";"0";"2";"4";"2";"1";""
"202100028637";"150Â 525";"A01";"0";"33";"0";"2";"1";"2";"1";""
"202100028638";"150Â 523";"A01";"2";"30";"0";"0";"0";"1";"1";""
"202100028639";"150Â 522";"A01";"1";"7";"0";"0";"1";"9";"1";""
"202100028640";"150Â 520";"B01";"1";"60";"5";"2";"1";"9";"5";""
"202100028640";"150Â 521";"A01";"1";"7";"12";"2";"3";"9";"1";""
"202100028641";"150Â 519";"A01";"1";"7";"3";"0";"1";"9";"1";""
"202100028642";"150Â 517";"A01";"3";"7";"0";"2";"3";"15";"1";""
"202100028642";"150Â 518";"B01";"3";"7";"0";"2";"8";"1";"1";""
"202100028643";"150Â 515";"B01";"2";"7";"1";"2";"2";"1";"1";""
"202100028643";"150Â 516";"FA01";"1";"7";"6";"2";"1";"1";"1";""
"202100028644";"150Â 514";"A01";"3";"7";"8";"0";"1";"1";"1";""
"202100028645";"150Â 512";"B01";"3";"60";"0";"2";"8";"19";"5";""
"202100028645";"150Â 513";"A01";"3";"7";"0";"2";"1";"1";"1";""
"202100028646";"150Â 510";"A01";"2";"7";"0";"2";"1";"15";"0";""
"202100028646";"150Â 511";"B01";"1";"7";"0";"2";"0";"0";"1";""
"202100028647";"150Â 507";"B01";"2";"7";"0";"2";"3";"1";"1";""
"202100028647";"150Â 508";"C01";"2";"10";"13";"0";"2";"1";"1";""
"202100028647";"150Â 509";"A01";"1";"7";"0";"2";"3";"13";"1";""
"202100028648";"150Â 505";"B01";"1";"1";"0";"2";"1";"1";"5";""
"202100028648";"150Â 506";"A01";"2";"1";"0";"2";"1";"1";"5";""
"202100028649";"150Â 503";"Z01";"1";"7";"0";"2";"0";"0";"0";""
"202100028649";"150Â 504";"A01";"1";"33";"0";"2";"4";"1";"1";""
"202100028650";"150Â 501";"A01";"0";"7";"0";"2";"1";"12";"1";""
"202100028650";"150Â 502";"B01";"3";"1";"0";"2";"1";"8";"0";""
"202100028651";"150Â 499";"B01";"0";"7";"0";"2";"3";"1";"1";""
"202100028651";"150Â 500";"Z01";"1";"7";"0";"2";"1";"0";"0";""
"202100028652";"150Â 498";"A01";"2";"7";"6";"0";"1";"26";"1";""
"202100028653";"150Â 496";"B01";"0";"31";"0";"2";"1";"1";"1";""
"202100028653";"150Â 497";"A01";"1";"7";"0";"2";"0";"10";"1";""
"202100028654";"150Â 495";"A01";"1";"1";"0";"1";"1";"25";"5";""
"202100028655";"150Â 494";"A01";"1";"7";"0";"1";"0";"0";"0";""
"202100028656";"150Â 493";"A01";"3";"7";"1";"0";"4";"4";"1";""
"202100028657";"150Â 491";"B01";"3";"7";"0";"2";"1";"1";"1";""
"202100028657";"150Â 492";"A01";"3";"7";"0";"2";"1";"5";"1";""
"202100028658";"150Â 490";"A01";"0";"7";"0";"1";"1";"1";"1";""
"202100028659";"150Â 488";"B01";"3";"1";"0";"2";"5";"1";"5";""
"202100028659";"150Â 489";"A01";"3";"7";"0";"2";"1";"9";"1";""
"202100028660";"150Â 487";"A01";"1";"7";"4";"0";"2";"1";"1";""
"202100028661";"150Â 486";"A01";"1";"30";"0";"0";"7";"26";"1";""
"202100028662";"150Â 484";"A01";"2";"7";"0";"2";"1";"2";"1";""
"202100028662";"150Â 485";"B01";"2";"7";"0";"2";"4";"1";"1";""
"202100028663";"150Â 481";"C01";"1";"7";"0";"2";"4";"2";"1";""