"Num_Acc";"id_vehicule";"num_veh";"senc";"catv";"obs";"obsm";"choc";"manv";"motor";"occutc"
"202100028663";"150Â 482";"B01";"1";"7";"0";"2";"4";"1";"1";""
"202100028663";"150Â 483";"A01";"1";"7";"0";"2";"1";"2";"1";""
"202100028664";"150Â 480";"A01";"1";"32";"9";"0";"1";"1";"1";""
"202100028665";"150Â 477";"C01";"1";"7";"0";"0";"3";"0";"1";""
"202100028665";"150Â 478";"B01";"1";"7";"0";"2";"3";"0";"1";""
"202100028665";"150Â 479";"A01";"1";"7";"0";"2";"3";"0";"1";""
"202100028666";"150Â 475";"A01";"2";"32";"0";"2";"1";"1";"1";""
"202100028666";"150Â 476";"B01";"1";"30";"0";"2";"3";"9";"1";""
"202100028667";"150Â 473";"B01";"2";"7";"0";"2";"4";"4";"1";""
"202100028667";"150Â 474";"A01";"2";"33";"0";"2";"1";"26";"1";""
"202100028668";"150Â 472";"A01";"2";"7";"0";"1";"7";"21";"1";""
"202100028669";"150Â 470";"A01";"2";"7";"0";"2";"8";"13";"1";""
"202100028669";"150Â 471";"B01";"2";"33";"0";"2";"7";"3";"1";""
"202100028670";"150Â 469";"A01";"3";"7";"8";"0";"3";"15";"1";""
"202100028671";"150Â 468";"A01";"2";"2";"0";"0";"1";"1";"1";""
"202100028672";"150Â 467";"A01";"2";"30";"0";"0";"3";"13";"1";""
"202100028673";"150Â 466";"A01";"2";"15";"0";"0";"7";"1";"1";""
"202100028674";"150Â 463";"A01";"1";"7";"0";"2";"8";"13";"1";""
"202100028674";"150Â 464";"B01";"1";"7";"4";"2";"7";"1";"1";""
"202100028674";"150Â 465";"C01";"1";"15";"0";"2";"4";"1";"1";""
"202100028675";"150Â 462";"A01";"1";"34";"0";"0";"0";"3";"1";""
"202100028676";"150Â 461";"A01";"3";"14";"0";"1";"5";"1";"1";""
"202100028677";"150Â 459";"B01";"1";"1";"0";"2";"3";"1";"5";""
"202100028677";"150Â 460";"A01";"1";"7";"0";"2";"2";"15";"1";""
"202100028678";"150Â 458";"A01";"1";"30";"0";"1";"1";"18";"3";""
"202100028679";"150Â 457";"A01";"2";"37";"0";"0";"0";"21";"1";"3"
"202100028680";"150Â 456";"A01";"2";"50";"0";"1";"1";"1";"3";""
"202100028681";"150Â 454";"B01";"2";"10";"0";"2";"1";"22";"1";""
"202100028681";"150Â 455";"A01";"1";"1";"0";"2";"1";"1";"5";""
"202100028682";"150Â 453";"A01";"2";"50";"0";"1";"7";"1";"3";""
"202100028683";"150Â 450";"A01";"2";"7";"0";"2";"1";"1";"3";""
"202100028683";"150Â 451";"B01";"2";"1";"0";"2";"4";"9";"5";""
"202100028683";"150Â 452";"C01";"1";"7";"0";"2";"1";"1";"1";""
"202100028684";"150Â 448";"B01";"2";"7";"0";"2";"2";"1";"1";""
"202100028684";"150Â 449";"A01";"2";"7";"0";"2";"1";"1";"1";""
"202100028685";"150Â 446";"B01";"2";"31";"0";"2";"4";"1";"1";""
"202100028685";"150Â 447";"A01";"2";"7";"0";"2";"7";"1";"1";""
"202100028686";"150Â 445";"A01";"3";"50";"0";"1";"1";"1";"3";""
"202100028687";"150Â 443";"A01";"2";"7";"0";"2";"1";"13";"1";""
"202100028687";"150Â 444";"B01";"1";"7";"0";"2";"1";"1";"1";""
"202100028688";"150Â 441";"B01";"1";"7";"0";"2";"5";"2";"2";""
"202100028688";"150Â 442";"A01";"1";"33";"0";"2";"1";"2";"1";""
"202100028689";"150Â 439";"A01";"1";"30";"0";"2";"1";"2";"1";""
"202100028689";"150Â 440";"B01";"1";"7";"0";"2";"4";"2";"1";""
"202100028690";"150Â 437";"B01";"3";"80";"0";"2";"7";"1";"3";""
"202100028690";"150Â 438";"A01";"3";"7";"0";"2";"8";"22";"1";""
"202100028691";"150Â 435";"A01";"2";"1";"0";"2";"5";"2";"5";""
"202100028691";"150Â 436";"B01";"2";"7";"0";"2";"5";"23";"1";""
"202100028692";"150Â 433";"A01";"1";"7";"0";"2";"6";"15";"1";""
"202100028692";"150Â 434";"Z01";"1";"7";"0";"2";"2";"1";"1";""
"202100028693";"150Â 431";"A01";"3";"7";"0";"2";"5";"1";"1";""
"202100028693";"150Â 432";"B01";"3";"7";"0";"2";"2";"1";"1";""
"202100028694";"150Â 429";"B01";"1";"7";"0";"2";"5";"1";"1";""
"202100028694";"150Â 430";"A01";"2";"13";"0";"2";"1";"1";"1";""
"202100028695";"150Â 427";"B01";"2";"7";"0";"2";"6";"2";"1";""
"202100028695";"150Â 428";"A01";"2";"7";"14";"0";"2";"2";"1";""
"202100028696";"150Â 425";"A01";"1";"7";"0";"2";"1";"15";"1";""
"202100028696";"150Â 426";"Y01";"1";"1";"0";"2";"1";"5";"5";""
"202100028697";"150Â 423";"B01";"3";"10";"0";"0";"8";"1";"1";""
"202100028697";"150Â 424";"A01";"3";"7";"0";"0";"7";"14";"1";""
"202100028698";"150Â 422";"A01";"3";"50";"14";"0";"1";"25";"3";""
"202100028699";"150Â 420";"A01";"3";"33";"0";"2";"7";"17";"1";""
"202100028699";"150Â 421";"B01";"3";"10";"0";"2";"8";"1";"1";""
"202100028700";"150Â 418";"B01";"0";"34";"0";"0";"0";"2";"1";""
"202100028700";"150Â 419";"A01";"0";"7";"0";"0";"1";"2";"1";""
"202100028701";"150Â 416";"B01";"3";"3";"0";"2";"3";"15";"1";""
"202100028701";"150Â 417";"A01";"2";"34";"0";"2";"1";"2";"1";""
"202100028702";"150Â 414";"B01";"1";"7";"0";"9";"2";"16";"1";""
"202100028702";"150Â 415";"A01";"2";"50";"0";"2";"2";"25";"3";""
"202100028703";"150Â 412";"B01";"2";"7";"0";"2";"3";"10";"0";""
"202100028703";"150Â 413";"A01";"1";"43";"0";"2";"3";"21";"1";""
"202100028704";"150Â 410";"B01";"3";"7";"0";"2";"3";"15";"1";""
"202100028704";"150Â 411";"A01";"3";"30";"0";"2";"1";"17";"1";""
"202100028705";"150Â 408";"B01";"1";"30";"0";"0";"1";"2";"1";""
"202100028705";"150Â 409";"A01";"1";"99";"0";"0";"8";"19";"0";""
"202100028706";"150Â 406";"B01";"0";"7";"0";"2";"8";"0";"1";""
"202100028706";"150Â 407";"A01";"2";"7";"0";"2";"1";"9";"0";""
"202100028707";"150Â 404";"B01";"3";"7";"0";"2";"2";"1";"1";""
"202100028707";"150Â 405";"A01";"1";"7";"0";"2";"8";"9";"1";""
"202100028708";"150Â 403";"A01";"3";"50";"0";"1";"1";"19";"3";""
"202100028709";"150Â 401";"A01";"2";"33";"0";"2";"1";"17";"1";""
"202100028709";"150Â 402";"B01";"2";"7";"0";"2";"4";"23";"0";""
"202100028710";"150Â 399";"A01";"1";"7";"0";"2";"3";"15";"1";""
"202100028710";"150Â 400";"B01";"2";"32";"0";"2";"1";"1";"1";""
"202100028711";"150Â 397";"A01";"2";"7";"0";"2";"1";"2";"1";""
"202100028711";"150Â 398";"B01";"2";"30";"0";"2";"4";"1";"3";""
"202100028712";"150Â 396";"A01";"3";"7";"8";"0";"1";"1";"1";""
"202100028713";"150Â 395";"A01";"1";"10";"0";"1";"2";"1";"1";""
"202100028714";"150Â 393";"A01";"1";"43";"0";"2";"2";"17";"1";""
"202100028714";"150Â 394";"B01";"1";"7";"0";"2";"3";"1";"1";""
"202100028715";"150Â 392";"A01";"1";"33";"0";"0";"7";"13";"1";""
"202100028716";"150Â 391";"A01";"1";"2";"1";"0";"1";"1";"1";""
"202100028717";"150Â 390";"A01";"2";"7";"14";"0";"8";"1";"1";""
"202100028718";"150Â 388";"A01";"2";"32";"0";"2";"0";"9";"1";""
"202100028718";"150Â 389";"B01";"2";"7";"0";"0";"5";"2";"1";""
"202100028719";"150Â 387";"A01";"1";"7";"0";"1";"3";"0";"1";""
"202100028720";"150Â 386";"A01";"2";"7";"2";"0";"7";"14";"1";""
"202100028721";"150Â 385";"A01";"1";"7";"4";"0";"8";"0";"1";""
"202100028722";"150Â 383";"B01";"3";"31";"0";"2";"1";"19";"0";""
"202100028722";"150Â 384";"A01";"3";"7";"0";"2";"1";"1";"1";""
"202100028723";"150Â 382";"A01";"2";"34";"0";"1";"1";"17";"1";""
"202100028724";"150Â 381";"A01";"3";"7";"2";"0";"0";"1";"1";""
"202100028725";"150Â 380";"A01";"2";"2";"0";"0";"2";"1";"1";""
"202100028726";"150Â 378";"A01";"2";"7";"0";"2";"1";"13";"1";""
"202100028726";"150Â 379";"B01";"1";"10";"0";"2";"1";"1";"1";""
"202100028727";"150Â 376";"B01";"1";"2";"0";"2";"7";"1";"1";""
"202100028727";"150Â 377";"A01";"2";"7";"0";"2";"1";"9";"1";""
"202100028728";"150Â 375";"A01";"1";"7";"6";"0";"3";"1";"1";""
"202100028729";"150Â 374";"A01";"1";"2";"0";"0";"0";"0";"1";""
"202100028730";"150Â 372";"A01";"3";"7";"0";"2";"3";"15";"1";""
"202100028730";"150Â 373";"B01";"3";"2";"0";"2";"8";"0";"1";""
"202100028731";"150Â 370";"A01";"1";"31";"0";"2";"3";"13";"1";""
"202100028731";"150Â 371";"B01";"2";"7";"0";"2";"8";"1";"1";""
"202100028732";"150Â 368";"A01";"1";"7";"0";"2";"3";"1";"1";""
"202100028732";"150Â 369";"B01";"2";"2";"0";"2";"1";"13";"1";""
"202100028733";"150Â 366";"B01";"1";"7";"0";"2";"7";"1";"1";""
"202100028733";"150Â 367";"A01";"1";"7";"0";"2";"1";"19";"1";""
"202100028734";"150Â 364";"A01";"1";"7";"0";"2";"3";"1";"1";""
"202100028734";"150Â 365";"B01";"2";"7";"0";"0";"8";"1";"1";""
"202100028735";"150Â 362";"B01";"1";"33";"0";"0";"4";"1";"1";""
"202100028735";"150Â 363";"A01";"1";"7";"0";"2";"1";"1";"1";""
"202100028736";"150Â 361";"A01";"2";"2";"0";"1";"2";"1";"1";""
"202100028737";"150Â 359";"A01";"1";"7";"0";"2";"3";"9";"2";""
"202100028737";"150Â 360";"B01";"1";"33";"0";"2";"7";"1";"1";""
"202100028738";"150Â 357";"B01";"1";"7";"0";"2";"3";"1";"1";""
"202100028738";"150Â 358";"A01";"2";"7";"0";"2";"3";"13";"1";""
"202100028739";"150Â 355";"A01";"3";"36";"13";"0";"1";"0";"1";""
"202100028740";"150Â 353";"A01";"1";"7";"0";"2";"2";"17";"1";""
"202100028740";"150Â 354";"B01";"1";"1";"0";"2";"6";"2";"5";""
"202100028741";"150Â 352";"A01";"1";"7";"13";"0";"2";"14";"1";""
"202100028742";"150Â 350";"A01";"1";"7";"8";"2";"1";"13";"1";""
"202100028742";"150Â 351";"B01";"2";"2";"0";"2";"1";"0";"1";""
"202100028743";"150Â 349";"A01";"1";"7";"2";"0";"5";"14";"1";""
"202100028744";"150Â 347";"A01";"1";"33";"0";"2";"1";"17";"1";""
"202100028744";"150Â 348";"B01";"2";"7";"0";"2";"6";"1";"1";""
"202100028745";"150Â 344";"A01";"3";"1";"0";"9";"9";"2";"5";""
"202100028745";"150Â 345";"B01";"3";"1";"0";"9";"8";"2";"5";""
"202100028745";"150Â 346";"C01";"3";"1";"0";"9";"7";"2";"5";""
"202100028746";"150Â 342";"B01";"1";"14";"0";"0";"4";"2";"1";""
"202100028746";"150Â 343";"A01";"1";"7";"0";"2";"1";"2";"1";""
"202100028747";"150Â 340";"B01";"2";"7";"0";"2";"3";"1";"1";""
"202100028747";"150Â 341";"A01";"1";"7";"0";"2";"3";"5";"1";""
"202100028748";"150Â 339";"A01";"1";"7";"0";"1";"2";"16";"1";""
"202100028749";"150Â 336";"A01";"1";"7";"4";"0";"3";"0";"1";""
"202100028749";"150Â 337";"C01";"1";"7";"14";"0";"0";"1";"1";""
"202100028749";"150Â 338";"B01";"1";"7";"1";"0";"8";"1";"1";""
"202100028750";"150Â 334";"A01";"2";"7";"3";"0";"3";"2";"1";""
"202100028750";"150Â 335";"B01";"2";"7";"0";"2";"2";"2";"1";""
"202100028751";"150Â 332";"B01";"1";"17";"0";"2";"4";"1";"1";""
"202100028751";"150Â 333";"A01";"1";"7";"0";"2";"1";"1";"1";""
"202100028752";"150Â 330";"B01";"1";"7";"0";"0";"6";"9";"1";""
"202100028752";"150Â 331";"A01";"1";"7";"14";"2";"2";"12";"1";""
"202100028753";"150Â 326";"D01";"1";"7";"0";"2";"4";"1";"1";""
"202100028753";"150Â 327";"C01";"1";"15";"0";"2";"8";"1";"0";""
"202100028753";"150Â 328";"B01";"1";"7";"0";"2";"1";"1";"1";""
"202100028753";"150Â 329";"A01";"1";"7";"0";"2";"1";"1";"1";""
"202100028754";"150Â 324";"A01";"2";"33";"0";"2";"7";"2";"1";""
"202100028754";"150Â 325";"B01";"2";"7";"0";"0";"6";"2";"2";""
"202100028755";"150Â 323";"A01";"1";"36";"3";"0";"9";"12";"1";""
"202100028756";"150Â 321";"A01";"2";"7";"0";"2";"1";"2";"1";""
"202100028756";"150Â 322";"B01";"2";"15";"0";"0";"0";"2";"1";""
"202100028757";"150Â 319";"B01";"1";"17";"0";"0";"6";"2";"1";""
"202100028757";"150Â 320";"A01";"1";"7";"0";"2";"2";"12";"2";""
"202100028758";"150Â 318";"A01";"2";"7";"13";"0";"5";"1";"1";""
"202100028759";"150Â 317";"A01";"0";"7";"0";"1";"3";"2";"1";""
"202100028760";"150Â 315";"B01";"0";"33";"0";"2";"1";"2";"1";""
"202100028760";"150Â 316";"A01";"0";"7";"0";"2";"2";"15";"1";""
"202100028761";"150Â 314";"A01";"1";"7";"2";"0";"3";"13";"1";""
"202100028762";"150Â 312";"B01";"1";"1";"0";"0";"1";"16";"0";""
"202100028762";"150Â 313";"A01";"2";"7";"0";"0";"1";"0";"1";""
"202100028763";"150Â 310";"A01";"1";"43";"0";"2";"8";"1";"1";""
"202100028763";"150Â 311";"B01";"2";"7";"0";"2";"3";"1";"1";""
"202100028764";"150Â 309";"A01";"1";"7";"2";"0";"2";"26";"1";""
"202100028765";"150Â 308";"A01";"1";"33";"0";"0";"0";"1";"1";""
"202100028766";"150Â 307";"A01";"2";"31";"0";"0";"7";"1";"1";""
"202100028767";"150Â 306";"A01";"3";"10";"0";"1";"4";"4";"1";""
"202100028768";"150Â 304";"A01";"1";"7";"16";"2";"1";"17";"1";""
"202100028768";"150Â 305";"B01";"1";"7";"0";"0";"6";"1";"1";""
"202100028769";"150Â 303";"A01";" -1";"10";"0";"0";"0";"1";"1";""
"202100028770";"150Â 299";"B01";"3";"7";"0";"2";"1";"1";"1";""
"202100028770";"150Â 300";"A01";"1";"1";"0";"0";"8";"1";"5";""
"202100028771";"150Â 298";"A01";"2";"7";"15";"0";"9";"6";"1";""
"202100028772";"150Â 297";"A01";"2";"33";"12";"0";"1";"1";"1";""
"202100028773";"150Â 295";"A01";"2";"7";"0";"2";"2";"2";"1";""
"202100028773";"150Â 296";"B01";"2";"1";"0";"2";"6";"2";"5";""
"202100028774";"150Â 294";"A01";"0";"33";"0";"0";"8";"0";"1";""
"202100028775";"150Â 293";"A01";"0";"2";"0";"0";"7";"1";"1";""
"202100028776";"150Â 291";"B01";"2";"7";"0";"2";"1";"1";"1";""
"202100028776";"150Â 292";"A01";"2";"7";"0";"0";"4";"1";"1";""
"202100028777";"150Â 285";"A01";"1";"7";"0";"2";"4";"2";"1";""
"202100028777";"150Â 286";"B01";"1";"7";"0";"2";"4";"2";"1";""
"202100028777";"150Â 287";"C01";"1";"13";"0";"2";"1";"2";"1";""
"202100028778";"150Â 282";"C01";"1";"7";"0";"2";"1";"2";"1";""
"202100028778";"150Â 283";"B01";"1";"7";"0";"2";"4";"2";"1";""
"202100028778";"150Â 284";"A01";"1";"7";"0";"2";"4";"9";"1";""
"202100028779";"150Â 279";"C01";"1";"7";"0";"2";"1";"2";"1";""
"202100028779";"150Â 280";"B01";"1";"10";"0";"2";"1";"2";"1";""
"202100028779";"150Â 281";"A01";"1";"7";"0";"2";"1";"2";"1";""
"202100028780";"150Â 277";"A01";"2";"7";"0";"2";"3";"17";"1";""
"202100028780";"150Â 278";"B01";"2";"7";"4";"0";"1";"1";"1";""
"202100028781";"150Â 274";"A01";"2";"33";"16";"0";"7";"21";"1";""
"202100028781";"150Â 275";"C01";"2";"7";"0";"2";"1";"2";"1";""
"202100028781";"150Â 276";"B01";"2";"10";"0";"0";"4";"23";"1";""
"202100028782";"150Â 271";"A01";"2";"7";"0";"2";"3";"11";"1";""
"202100028782";"150Â 272";"B01";"2";"33";"0";"2";"2";"1";"1";""
"202100028782";"150Â 273";"C01";"2";"10";"0";"2";"5";"1";"1";""
"202100028783";"150Â 269";"A01";"2";"7";"0";"2";"2";"12";"1";""
"202100028783";"150Â 270";"B01";"2";"33";"0";"2";"8";"3";"1";""
"202100028784";"150Â 266";"C01";"1";"7";"0";"2";"1";"2";"1";""
"202100028784";"150Â 267";"B01";"1";"7";"0";"2";"4";"2";"1";""
"202100028784";"150Â 268";"A01";"1";"7";"0";"2";"1";"2";"1";""
"202100028785";"150Â 264";"A01";"2";"7";"0";"2";"3";"5";"1";""
"202100028785";"150Â 265";"B01";"2";"32";"0";"2";"1";"1";"1";""
"202100028786";"150Â 262";"A01";"2";"7";"0";"2";"1";"26";"1";""
"202100028786";"150Â 263";"B01";"2";"7";"6";"2";"4";"1";"1";""
"202100028787";"150Â 260";"B01";"1";"7";"0";"2";"4";"23";"1";""
"202100028787";"150Â 261";"A01";"1";"15";"1";"0";"1";"1";"1";""
"202100028788";"150Â 258";"A01";"1";"32";"0";"2";"8";"3";"1";""
"202100028788";"150Â 259";"B01";"1";"7";"0";"2";"2";"1";"1";""
"202100028789";"150Â 256";"B01";"1";"15";"0";"2";"0";"0";"0";""
"202100028789";"150Â 257";"A01";"1";"7";"0";"2";"4";"26";"1";""
"202100028790";"150Â 255";"A01";"1";"7";"0";"1";"1";"16";"1";""
"202100028791";"150Â 253";"B01";"2";"7";"0";"2";"1";"21";"1";""
"202100028791";"150Â 254";"A01";"1";"7";"0";"2";"1";"13";"1";""
"202100028792";"150Â 252";"A01";"3";"10";"0";"1";"2";"1";"1";""
"202100028793";"150Â 250";"B01";"3";"80";"0";"2";"1";"1";"3";""
"202100028793";"150Â 251";"A01";"1";"7";"0";"2";"2";"1";"1";""
"202100028794";"150Â 248";"A01";"2";"7";"0";"2";"0";"9";"1";""
"202100028794";"150Â 249";"B01";"2";"7";"0";"2";"1";"0";"1";""
"202100028795";"150Â 247";"A01";"1";"10";"0";"0";"4";"26";"1";""
"202100028796";"150Â 245";"A01";"2";"10";"0";"2";"3";"2";"1";""
"202100028796";"150Â 246";"B01";"2";"33";"0";"2";"6";"2";"1";""
"202100028797";"150Â 244";"A01";"1";"7";"0";"1";"1";"25";"1";""
"202100028798";"150Â 243";"A01";"3";"7";"1";"0";"5";"26";"1";""
"202100028799";"150Â 241";"B01";"0";"2";"0";"2";"8";"1";"1";""
"202100028799";"150Â 242";"A01";"0";"10";"0";"2";"1";"1";"1";""
"202100028800";"150Â 240";"A01";"1";"30";"0";"0";"0";"0";"1";""
"202100028801";"150Â 238";"A01";"1";"7";"0";"2";"8";"1";"1";""
"202100028801";"150Â 239";"B01";"1";"10";"0";"2";"2";"1";"1";""
"202100028802";"150Â 237";"A01";"2";"33";"0";"0";"7";"21";"1";""
"202100028803";"150Â 236";"A01";"0";"3";"1";"0";"1";"1";"1";""
"202100028804";"150Â 234";"B01";"0";"7";"0";"2";"4";"1";"1";""
"202100028804";"150Â 235";"A01";"0";"7";"0";"2";"1";"9";"1";""
"202100028805";"150Â 232";"B01";"2";"50";"0";"2";"7";"1";"3";""
"202100028805";"150Â 233";"A01";"2";"7";"0";"2";"1";"9";"1";""
"202100028806";"150Â 231";"A01";"3";"7";"2";"0";"1";"13";"1";""
"202100028807";"150Â 229";"A01";"2";"7";"0";"2";"2";"15";"1";""
"202100028807";"150Â 230";"B01";"1";"7";"0";"2";"1";"1";"1";""
"202100028808";"150Â 225";"A01";"1";"33";"1";"2";"1";"1";"1";""
"202100028808";"150Â 226";"C01";"1";"7";"0";"2";"8";"1";"1";""
"202100028809";"150Â 224";"A01";"3";"7";"3";"0";"1";"19";"1";""
"202100028810";"150Â 223";"A01";"2";"1";"12";"0";"0";"1";"5";""
"202100028811";"150Â 222";"A01";"2";"7";"13";"0";"2";"14";"1";""
"202100028812";"150Â 220";"A01";"3";"7";"0";"2";"4";"1";"1";""
"202100028812";"150Â 221";"B01";"3";"0";"0";"2";"0";"0";"0";""
"202100028813";"150Â 218";"B01";"1";"7";"0";"2";"3";"0";"1";""
"202100028813";"150Â 219";"A01";"1";"7";"0";"2";"1";"1";"1";""
"202100028814";"150Â 216";"B01";"1";"7";"0";"2";"4";"1";"1";""
"202100028814";"150Â 217";"A01";"1";"10";"0";"2";"1";"1";"1";""
"202100028815";"150Â 213";"B01";"1";"7";"0";"2";"1";"15";"1";""
"202100028815";"150Â 214";"A01";"2";"30";"0";"2";"1";"1";"1";""
"202100028815";"150Â 215";"C01";"1";"7";"0";"2";"1";"1";"1";""
"202100028816";"150Â 211";"A01";"1";"1";"0";"2";"1";"18";"5";""
"202100028816";"150Â 212";"B01";"1";"7";"0";"2";"7";"2";"1";""
"202100028817";"150Â 209";"A01";"2";"7";"0";"2";"2";"1";"1";""
"202100028817";"150Â 210";"B01";"3";"50";"0";"2";"8";"19";"3";""
"202100028818";"150Â 208";"A01";"3";"30";"1";"0";"1";"16";"1";""
"202100028819";"150Â 206";"A01";"1";"7";"0";"2";"1";"9";"1";""
"202100028819";"150Â 207";"B01";"1";"7";"0";"2";"4";"1";"1";""
"202100028820";"150Â 205";"A01";"1";"7";"2";"0";"1";"14";"2";""
"202100028821";"150Â 204";"A01";"1";"7";"0";"1";"1";"1";"1";""
"202100028822";"150Â 202";"A01";"0";"7";"0";"2";"1";"15";"1";""
"202100028822";"150Â 203";"B01";"0";"7";"0";"2";"3";"9";"1";""
"202100028823";"150Â 200";"A01";"1";"33";"0";"2";"4";"23";"1";""
"202100028823";"150Â 201";"B01";"1";"99";"0";"2";"1";"2";"1";""
"202100028824";"150Â 198";"B01";"2";"7";"0";"2";"8";"15";"1";""
"202100028824";"150Â 199";"A01";"2";"2";"0";"2";"7";"17";"1";""
"202100028825";"150Â 196";"A01";"3";"7";"11";"2";"8";"13";"1";""
"202100028825";"150Â 197";"B01";"0";"7";"0";"2";"1";"0";"1";""
"202100028826";"150Â 195";"A01";"1";"7";"8";"0";"1";"1";"1";""
"202100028827";"150Â 194";"A01";"2";"7";"0";"1";"3";"1";"1";""
"202100028828";"150Â 192";"A01";"1";"7";"0";"2";"1";"1";"1";""
"202100028828";"150Â 193";"B01";"3";"7";"0";"2";"7";"1";"1";""
"202100028829";"150Â 191";"A01";"2";"7";"1";"0";"1";"26";"1";""
"202100028830";"150Â 190";"A01";"1";"1";"0";"1";"1";"1";"5";""
"202100028831";"150Â 188";"A01";"1";"33";"0";"2";"1";"1";"1";""
"202100028831";"150Â 189";"B01";"1";"10";"0";"2";"6";"15";"1";""
"202100028832";"150Â 187";"A01";"2";"33";"2";"0";"8";"0";"1";""
"202100028833";"150Â 186";"A01";"2";"33";"11";"0";"0";"1";"1";""
"202100028834";"150Â 184";"A01";"2";"7";"0";"2";"1";"17";"2";""
"202100028834";"150Â 185";"B01";"2";"7";"0";"2";"4";"1";"1";""
"202100028835";"150Â 182";"B01";"1";"10";"0";"2";"8";"15";"1";""
"202100028835";"150Â 183";"A01";"1";"30";"0";"2";"7";"17";"1";""
"202100028836";"150Â 181";"A01";"1";"2";"3";"0";"7";"1";"1";""
"202100028837";"150Â 173";"A01";"3";"7";"12";"0";"3";"0";"1";""
"202100028838";"150Â 171";"B01";"2";"7";"0";"2";"3";"1";"1";""
"202100028838";"150Â 172";"A01";"1";"7";"0";"2";"3";"13";"1";""
"202100028839";"150Â 168";"B01";"2";"7";"0";"2";"4";"1";"1";""
"202100028839";"150Â 169";"A01";"2";"7";"0";"2";"1";"1";"1";""
"202100028839";"150Â 170";"C01";"2";"7";"0";"2";"4";"1";"1";""
"202100028840";"150Â 167";"A01";"3";"7";"0";"2";"2";"1";"1";""
"202100028841";"150Â 165";"Z01";"1";"7";"0";"2";"1";"5";"1";""
"202100028841";"150Â 166";"B01";"2";"43";"0";"2";"6";"2";"1";""
"202100028842";"150Â 163";"B01";"1";"33";"0";"2";"1";"1";"1";""
"202100028842";"150Â 164";"A01";"2";"7";"0";"2";"3";"20";"1";""
"202100028843";"150Â 161";"B01";"3";"10";"0";"2";"0";"0";"1";""
"202100028843";"150Â 162";"A01";"3";"7";"0";"2";"1";"1";"1";""
"202100028844";"150Â 159";"A01";"3";"10";"0";"2";"5";"4";"1";""
"202100028844";"150Â 160";"B01";"2";"50";"0";"2";"1";"25";"3";""
"202100028845";"150Â 156";"C01";"2";"7";"0";"2";"3";"1";"0";""
"202100028845";"150Â 157";"B01";"1";"7";"0";"2";"3";"26";"2";""
"202100028845";"150Â 158";"A01";"1";"2";"0";"2";"1";"18";"1";""
"202100028846";"150Â 155";"A01";"1";"7";"1";"0";"3";"1";"1";""
"202100028847";"150Â 154";"A01";"1";"33";"0";"1";"7";"21";"1";""
"202100028848";"150Â 152";"A01";"1";"7";"0";"2";"1";"13";"1";""
"202100028848";"150Â 153";"B01";"2";"7";"0";"2";"1";"1";"1";""
"202100028849";"150Â 150";"B01";"2";"7";"0";"2";"4";"2";"1";""
"202100028849";"150Â 151";"A01";"2";"7";"0";"2";"1";"2";"1";""
"202100028850";"150Â 149";"A01";"2";"43";"0";"0";"8";"1";"1";""
"202100028851";"150Â 147";"B01";"2";"1";"0";"2";"3";"19";"5";""
"202100028851";"150Â 148";"A01";"1";"33";"0";"2";"1";"1";"1";""
"202100028852";"150Â 145";"Z01";"1";"7";"0";"2";"3";"15";"3";""
"202100028852";"150Â 146";"A01";"2";"50";"0";"2";"1";"1";"3";""
"202100028853";"150Â 143";"B01";"2";"33";"0";"2";"1";"1";"1";""
"202100028853";"150Â 144";"A01";"2";"7";"0";"2";"7";"15";"1";""
"202100028854";"150Â 141";"B01";"1";"50";"0";"2";"7";"1";"3";""
"202100028854";"150Â 142";"A01";"1";"7";"0";"2";"8";"15";"2";""
"202100028855";"150Â 140";"A01";"3";"30";"2";"0";"1";"14";"1";""
"202100028856";"150Â 138";"A01";"1";"7";"0";"2";"2";"16";"2";""
"202100028856";"150Â 139";"B01";"1";"1";"0";"2";"8";"1";"5";""
"202100028857";"150Â 136";"A01";"2";"7";"1";"2";"7";"1";"2";""
"202100028857";"150Â 137";"Z01";"1";"7";"0";"2";"1";"1";"0";""
"202100028858";"150Â 134";"B01";"2";"80";"0";"2";"1";"19";"3";""
"202100028858";"150Â 135";"A01";"2";"33";"0";"2";"2";"1";"1";""
"202100028859";"150Â 133";"A01";"1";"80";"0";"1";"8";"1";"3";""
"202100028860";"150Â 131";"B01";"2";"7";"0";"2";"3";"1";"1";""
"202100028860";"150Â 132";"A01";"2";"80";"0";"2";"2";"1";"3";""
"202100028861";"150Â 129";"A01";"2";"1";"0";"2";"1";"5";"5";""
"202100028861";"150Â 130";"Z01";"1";"30";"0";"2";"1";"1";"1";""
"202100028862";"150Â 128";"A01";"1";"30";"0";"1";"1";"1";"3";""
"202100028863";"150Â 126";"A01";"0";"1";"0";"2";"2";"1";"5";""
"202100028863";"150Â 127";"B01";"1";"7";"0";"2";"2";"1";"1";""
"202100028864";"150Â 125";"A01";"1";"50";"0";"0";"1";"1";"3";""
"202100028865";"150Â 124";"A01";"1";"7";"0";"1";"7";"15";"1";""
"202100028866";"150Â 122";"B01";"1";"43";"0";"2";"1";"1";"1";""
"202100028866";"150Â 123";"A01";"3";"7";"0";"2";"8";"15";"1";""
"202100028867";"150Â 120";"A01";"3";"34";"0";"9";"1";"1";"1";""
"202100028867";"150Â 121";"B01";"3";"1";"8";"0";"8";"9";"5";""