"Num_Acc";"id_vehicule";"num_veh";"senc";"catv";"obs";"obsm";"choc";"manv";"motor";"occutc"
"202100028868";"150Â 119";"A01";"2";"7";"3";"0";"1";"2";"1";""
"202100028869";"150Â 117";"B01";"2";"7";"14";"2";"1";"11";"1";""
"202100028869";"150Â 118";"A01";"2";"7";"0";"2";"4";"23";"1";""
"202100028870";"150Â 116";"A01";"3";"7";"12";"0";"1";"26";"1";""
"202100028871";"150Â 115";"A01";"2";"7";"0";"1";"0";"0";"1";""
"202100028872";"150Â 113";"B01";"2";"1";"0";"2";"3";"25";"5";""
"202100028872";"150Â 114";"A01";"3";"7";"0";"2";"2";"26";"1";""
"202100028873";"150Â 111";"Y01";"1";"60";"0";"0";"0";"0";"5";""
"202100028873";"150Â 112";"A01";"1";"7";"0";"2";"1";"2";"1";""
"202100028874";"150Â 110";"A01";"1";"30";"0";"2";"1";"11";"1";""
"202100028875";"150Â 108";"B01";"3";"1";"0";"2";"0";"0";"5";""
"202100028875";"150Â 109";"A01";"3";"50";"0";"2";"1";"26";"3";""
"202100028876";"150Â 106";"B01";"1";"1";"0";"2";"8";"1";"0";""
"202100028876";"150Â 107";"A01";"2";"7";"0";"2";"7";"1";"0";""
"202100028877";"150Â 105";"A01";"0";"30";"0";"0";"0";"1";"1";""
"202100028878";"150Â 103";"A01";"0";"7";"0";"2";"3";"1";"1";""
"202100028878";"150Â 104";"B01";"0";"30";"0";"2";"1";"16";"1";""
"202100028879";"150Â 101";"B01";"3";"7";"0";"2";"7";"1";"1";""
"202100028879";"150Â 102";"A01";"3";"7";"0";"2";"7";"26";"1";""
"202100028880";"150Â 100";"A01";"1";"33";"0";"1";"1";"19";"1";""
"202100028881";"150Â 098";"B01";"2";"33";"0";"2";"1";"1";"1";""
"202100028881";"150Â 099";"A01";"2";"7";"0";"2";"6";"1";"1";""
"202100028882";"150Â 096";"B01";"2";"2";"0";"2";"3";"1";"1";""
"202100028882";"150Â 097";"A01";"2";"7";"0";"2";"2";"26";"1";""
"202100028883";"150Â 093";"A01";"1";"10";"0";"2";"1";"2";"1";""
"202100028883";"150Â 094";"B01";"2";"7";"0";"2";"4";"2";"1";""
"202100028883";"150Â 095";"C01";"1";"7";"0";"2";"4";"2";"1";""
"202100028884";"150Â 092";"A01";"1";"30";"0";"0";"0";"1";"1";""
"202100028885";"150Â 090";"A01";"1";"7";"0";"2";"3";"15";"1";""
"202100028885";"150Â 091";"B01";"1";"2";"9";"2";"1";"17";"1";""
"202100028886";"150Â 088";"B01";"1";"7";"0";"2";"3";"1";"1";""
"202100028886";"150Â 089";"A01";"2";"7";"0";"2";"1";"13";"1";""
"202100028887";"150Â 087";"A01";"1";"7";"15";"0";"8";"0";"1";""
"202100028888";"150Â 086";"A01";"2";"7";"6";"0";"1";"1";"1";""
"202100028889";"150Â 084";"A01";"2";"99";"0";"2";"3";"15";"1";""
"202100028889";"150Â 085";"B01";"1";"2";"0";"2";"3";"1";"1";""
"202100028890";"150Â 082";"A01";"0";"7";"0";"2";"5";"15";"1";""
"202100028890";"150Â 083";"B01";"0";"2";"0";"2";"1";"1";"1";""
"202100028891";"150Â 079";"B01";"1";"14";"3";"2";"6";"2";"1";""
"202100028891";"150Â 080";"A01";"1";"10";"3";"2";"2";"2";"1";""
"202100028892";"150Â 078";"A01";"3";"7";"6";"0";"3";"1";"1";""
"202100028893";"150Â 077";"A01";"1";"7";"0";"0";"2";"1";"1";""
"202100028894";"150Â 075";"A01";"1";"7";"0";"0";"6";"15";"1";""
"202100028894";"150Â 076";"B01";"1";"33";"0";"0";"1";"17";"1";""
"202100028895";"150Â 073";"A01";"1";"33";"0";"2";"1";"1";"1";""
"202100028895";"150Â 074";"B01";"2";"7";"0";"2";"1";"1";"1";""
"202100028896";"150Â 071";"B01";"2";"7";"0";"0";"4";"2";"1";""
"202100028896";"150Â 072";"A01";"2";"7";"0";"2";"1";"2";"1";""
"202100028897";"150Â 069";"A01";"3";"33";"0";"2";"1";"1";"1";""
"202100028897";"150Â 070";"B01";"3";"7";"0";"2";"8";"15";"1";""
"202100028898";"150Â 068";"A01";"3";"7";"0";"1";"1";"1";"1";""
"202100028899";"150Â 067";"A01";"1";"7";"2";"0";"2";"1";"1";""
"202100028900";"150Â 066";"A01";"1";"7";"2";"0";"1";"1";"1";""
"202100028901";"150Â 065";"A01";"2";"7";"15";"0";"1";"1";"1";""
"202100028902";"150Â 064";"A01";"2";"7";"2";"0";"7";"1";"1";""
"202100028903";"150Â 062";"B01";"2";"7";"0";"2";"3";"1";"1";""
"202100028903";"150Â 063";"A01";"2";"7";"0";"2";"1";"19";"1";""
"202100028904";"150Â 061";"A01";"0";"33";"13";"0";"0";"16";"1";""
"202100028905";"150Â 059";"B01";"2";"33";"0";"2";"1";"1";"1";""
"202100028905";"150Â 060";"A01";"3";"7";"0";"0";"8";"19";"1";""
"202100028906";"150Â 058";"A01";"2";"31";"13";"0";"8";"14";"1";""
"202100028907";"150Â 057";"A01";"1";"33";"0";"0";"0";"1";"1";""
"202100028908";"150Â 056";"A01";"1";"7";"2";"0";"7";"1";"1";""
"202100028909";"150Â 055";"A01";"2";"7";"17";"0";"1";"17";"1";""
"202100028910";"150Â 053";"A01";"2";"2";"0";"2";"0";"5";"1";""
"202100028910";"150Â 054";"B01";"1";"7";"0";"2";"3";"1";"1";""
"202100028911";"150Â 051";"A01";"2";"7";"0";"0";"2";"15";"1";""
"202100028911";"150Â 052";"B01";"1";"7";"0";"2";"1";"1";"1";""
"202100028912";"150Â 049";"A01";"2";"7";"0";"2";"2";"11";"1";""
"202100028912";"150Â 050";"B01";"2";"7";"0";"2";"6";"1";"1";""
"202100028913";"150Â 047";"B01";"2";"33";"0";"2";"1";"3";"1";""
"202100028913";"150Â 048";"A01";"1";"7";"0";"2";"3";"15";"1";""
"202100028914";"150Â 045";"A01";"2";"7";"0";"2";"3";"0";"1";""
"202100028914";"150Â 046";"B01";"1";"7";"0";"2";"3";"0";"1";""
"202100028915";"150Â 043";"B01";"0";"1";"0";"2";"1";"5";"5";""
"202100028915";"150Â 044";"A01";"1";"7";"0";"9";"3";"1";"1";""
"202100028916";"150Â 041";"B01";"2";"15";"0";"2";"1";"1";"1";""
"202100028916";"150Â 042";"A01";"1";"7";"0";"2";"1";"13";"1";""
"202100028917";"150Â 040";"A01";"1";"7";"2";"0";"1";"0";"1";""
"202100028918";"150Â 039";"A01";"0";"32";"14";"0";"1";"1";"1";""
"202100028919";"150Â 037";"A01";"2";"7";"0";"2";"8";"13";"1";""
"202100028919";"150Â 038";"B01";"1";"7";"0";"2";"1";"1";"1";""
"202100028920";"150Â 036";"A01";"1";"7";"8";"0";"1";"1";"1";""
"202100028921";"150Â 035";"A01";"2";"7";"15";"0";"3";"0";"1";""
"202100028922";"150Â 034";"A01";"3";"21";"0";"0";"9";"16";"1";""
"202100028923";"150Â 031";"B01";"0";"10";"16";"2";"1";"2";"1";""
"202100028923";"150Â 032";"A01";"0";"7";"0";"0";"4";"2";"6";""
"202100028924";"150Â 030";"A01";"1";"10";"2";"0";"1";"1";"1";""
"202100028925";"150Â 028";"B01";"1";"7";"6";"0";"6";"15";"1";""
"202100028925";"150Â 029";"A01";"1";"7";"0";"2";"1";"5";"1";""
"202100028926";"150Â 026";"B01";"2";"33";"0";"2";"3";"1";"1";""
"202100028926";"150Â 027";"A01";"2";"7";"0";"2";"7";"12";"1";""
"202100028927";"150Â 025";"A01";"3";"7";"1";"1";"3";"1";"1";""
"202100028928";"150Â 023";"B01";"1";"7";"0";"2";"8";"10";"1";""
"202100028928";"150Â 024";"A01";"2";"7";"14";"2";"1";"1";"1";""
"202100028929";"150Â 021";"A01";"1";"1";"0";"2";"1";"13";"5";""
"202100028929";"150Â 022";"B01";"2";"7";"0";"9";"3";"1";"1";""
"202100028930";"150Â 020";"A01";"2";"33";"13";"0";"9";"1";"1";""
"202100028931";"150Â 018";"A01";"1";"1";"0";"2";"7";"15";"5";""
"202100028931";"150Â 019";"B01";"2";"7";"0";"2";"2";"1";"1";""
"202100028932";"150Â 016";"A01";"1";"7";"0";"2";"4";"15";"1";""
"202100028932";"150Â 017";"B01";"2";"33";"0";"2";"1";"1";"1";""
"202100028933";"150Â 014";"B01";"1";"7";"0";"2";"1";"1";"1";""
"202100028933";"150Â 015";"A01";"1";"7";"0";"2";"8";"15";"1";""
"202100028934";"150Â 012";"A01";"3";"7";"0";"2";"3";"19";"1";""
"202100028934";"150Â 013";"B01";"0";"33";"6";"2";"2";"21";"1";""
"202100028935";"150Â 008";"B01";"2";"7";"0";"2";"4";"23";"1";""
"202100028935";"150Â 009";"D01";"2";"7";"0";"2";"4";"23";"1";""
"202100028935";"150Â 010";"A01";"2";"7";"0";"2";"1";"1";"1";""
"202100028935";"150Â 011";"C01";"2";"7";"0";"2";"6";"23";"1";""
"202100028936";"150Â 006";"B01";"1";"34";"0";"2";"7";"1";"1";""
"202100028936";"150Â 007";"A01";"2";"7";"0";"2";"3";"9";"1";""
"202100028937";"150Â 004";"B01";"2";"7";"0";"2";"3";"1";"1";""
"202100028937";"150Â 005";"A01";"1";"7";"0";"0";"8";"19";"1";""
"202100028938";"150Â 002";"A01";"1";"33";"0";"2";"1";"26";"1";""
"202100028938";"150Â 003";"B01";"1";"7";"0";"2";"6";"15";"1";""
"202100028939";"150Â 000";"A01";"0";"36";"12";"0";"0";"1";"1";""
"202100028940";"149Â 999";"A01";"1";"7";"9";"0";"1";"1";"1";""
"202100028941";"149Â 996";"Z01";"1";"7";"0";"0";"0";"0";"0";""
"202100028941";"149Â 997";"B01";"1";"7";"4";"2";"2";"1";"1";""
"202100028941";"149Â 998";"A01";"1";"7";"0";"2";"7";"1";"1";""
"202100028942";"149Â 995";"A01";"1";"7";"3";"0";"9";"0";"1";""
"202100028943";"149Â 991";"C01";"1";"7";"0";"2";"4";"23";"1";""
"202100028943";"149Â 992";"D01";"1";"7";"0";"2";"7";"23";"1";""
"202100028943";"149Â 993";"A01";"1";"7";"0";"2";"7";"1";"1";""
"202100028943";"149Â 994";"B01";"1";"7";"0";"2";"8";"23";"1";""
"202100028944";"149Â 989";"A01";"2";"10";"0";"2";"1";"2";"1";""
"202100028944";"149Â 990";"B01";"2";"7";"0";"0";"0";"0";"1";""
"202100028945";"149Â 987";"A01";"2";"7";"0";"2";"4";"1";"1";""
"202100028945";"149Â 988";"B01";"2";"7";"0";"2";"1";"0";"1";""
"202100028946";"149Â 986";"A01";"2";"7";"0";"2";"1";"26";"1";""
"202100028947";"149Â 984";"A01";"2";"7";"0";"2";"4";"23";"1";""
"202100028947";"149Â 985";"Z01";"2";"7";"14";"0";"1";"26";"1";""
"202100028948";"149Â 982";"A01";"2";"34";"0";"2";"1";"2";"1";""
"202100028948";"149Â 983";"B01";"2";"7";"0";"0";"5";"23";"1";""
"202100028949";"149Â 980";"A01";"1";"0";"3";"2";"1";"26";"0";""
"202100028949";"149Â 981";"B01";"1";"33";"3";"2";"4";"9";"1";""
"202100028950";"149Â 977";"C01";"1";"7";"4";"2";"4";"2";"1";""
"202100028950";"149Â 978";"A01";"1";"14";"4";"2";"1";"2";"1";""
"202100028950";"149Â 979";"B01";"1";"7";"4";"2";"4";"2";"1";""
"202100028951";"149Â 975";"A01";"2";"7";"0";"2";"2";"1";"1";""
"202100028951";"149Â 976";"B01";"2";"7";"0";"2";"4";"1";"1";""
"202100028952";"149Â 973";"B01";"1";"10";"0";"2";"4";"2";"1";""
"202100028952";"149Â 974";"A01";"1";"7";"0";"2";"1";"1";"2";""
"202100028953";"149Â 972";"A01";"2";"7";"9";"0";"1";"14";"1";""
"202100028954";"149Â 971";"A01";"1";"31";"0";"0";"0";"1";"1";""
"202100028955";"149Â 970";"A01";"2";"7";"3";"0";"1";"1";"1";""
"202100028956";"149Â 968";"B01";"2";"7";"0";"2";"6";"11";"1";""
"202100028956";"149Â 969";"A01";"2";"33";"0";"2";"7";"1";"1";""
"202100028957";"149Â 965";"A01";"1";"7";"0";"2";"1";"26";"1";""
"202100028957";"149Â 966";"B01";"1";"7";"0";"2";"4";"2";"1";""
"202100028957";"149Â 967";"C01";"1";"7";"0";"0";"4";"11";"1";""
"202100028958";"149Â 963";"A01";"2";"10";"1";"0";"1";"1";"1";""
"202100028958";"149Â 964";"B01";"2";"7";"0";"2";"4";"23";"1";""
"202100028959";"149Â 960";"A01";"1";"7";"0";"2";"1";"1";"1";""
"202100028959";"149Â 961";"B01";"2";"7";"0";"2";"8";"1";"1";""
"202100028960";"149Â 959";"A01";"2";"7";"6";"0";"1";"15";"1";""
"202100028961";"149Â 958";"A01";"2";"0";"0";"0";"0";"1";"0";""
"202100028962";"149Â 957";"A01";"1";"33";"0";"0";"0";"1";"1";""
"202100028963";"149Â 955";"B01";"3";"7";"0";"2";"3";"26";"1";""
"202100028963";"149Â 956";"A01";"1";"50";"0";"2";"1";"25";"3";""
"202100028964";"149Â 953";"A01";"2";"31";"8";"2";"4";"15";"1";""
"202100028964";"149Â 954";"D01";"2";"31";"0";"2";"0";"1";"0";""
"202100028965";"149Â 952";"A01";"0";"7";"2";"0";"7";"1";"1";""
"202100028966";"149Â 951";"A01";"2";"7";"0";"1";"2";"15";"1";""
"202100028967";"149Â 949";"A01";"1";"7";"0";"2";"3";"9";"1";""
"202100028967";"149Â 950";"B01";"1";"31";"0";"2";"2";"1";"1";""
"202100028968";"149Â 948";"A01";"1";"2";"12";"0";"2";"26";"1";""
"202100028969";"149Â 946";"A01";"1";"7";"0";"2";"1";"1";"1";""
"202100028969";"149Â 947";"B01";"1";"7";"8";"0";"7";"1";"1";""
"202100028970";"149Â 945";"A01";"1";"37";"0";"1";"1";"15";"3";"1"
"202100028971";"149Â 943";"B01";"2";"7";"0";"2";"1";"15";"1";""
"202100028971";"149Â 944";"A01";"1";"7";"0";"2";"2";"1";"1";""
"202100028972";"149Â 942";"A01";"2";"80";"16";"0";"0";"19";"3";""
"202100028973";"149Â 940";"B01";"1";"14";"0";"2";"4";"1";"1";""
"202100028973";"149Â 941";"A01";"1";"13";"0";"2";"1";"2";"1";""
"202100028974";"149Â 938";"B01";"2";"1";"0";"0";"0";"0";"5";""
"202100028974";"149Â 939";"A01";"2";"7";"0";"2";"1";"1";"1";""
"202100028975";"149Â 936";"A01";"3";"50";"0";"2";"1";"26";"3";""
"202100028975";"149Â 937";"B01";"3";"7";"0";"9";"1";"9";"1";""
"202100028976";"149Â 934";"B01";"2";"7";"0";"2";"2";"2";"1";""
"202100028976";"149Â 935";"A01";"2";"30";"0";"2";"1";"2";"1";""
"202100028977";"149Â 932";"B01";"0";"7";"0";"2";"0";"0";"1";""
"202100028977";"149Â 933";"A01";"0";"2";"0";"2";"1";"2";"1";""
"202100028978";"149Â 928";"A01";"0";"7";"0";"2";"3";"13";"1";""
"202100028978";"149Â 929";"B01";"0";"7";"0";"2";"3";"0";"1";""
"202100028978";"149Â 930";"C01";"0";"7";"0";"2";"3";"0";"0";""
"202100028978";"149Â 931";"D01";"0";"7";"0";"2";"1";"0";"1";""
"202100028979";"149Â 926";"B01";"1";"7";"0";"2";"1";"1";"1";""
"202100028979";"149Â 927";"A01";"0";"7";"13";"2";"1";"1";"0";""
"202100028980";"149Â 924";"A01";"1";"34";"14";"0";"1";"17";"1";""
"202100028980";"149Â 925";"B01";"1";"37";"0";"0";"3";"2";"1";"1"
"202100028981";"149Â 922";"B01";"1";"7";"0";"0";"0";"26";"1";""
"202100028981";"149Â 923";"A01";"3";"7";"15";"0";"2";"17";"3";""
"202100028982";"149Â 920";"A01";"2";"2";"0";"2";"2";"1";"1";""
"202100028982";"149Â 921";"B01";"2";"2";"0";"2";"4";"1";"1";""
"202100028983";"149Â 918";"A01";"2";"7";"0";"2";"5";"1";"1";""
"202100028983";"149Â 919";"B01";"3";"34";"0";"2";"1";"1";"1";""
"202100028984";"149Â 916";"A01";"1";"34";"0";"1";"1";"1";"1";""
"202100028984";"149Â 917";"B01";"1";"37";"0";"2";"8";"23";"2";"1"
"202100028985";"149Â 914";"B01";"2";"1";"0";"2";"1";"1";"5";""
"202100028985";"149Â 915";"A01";"2";"7";"0";"2";"3";"22";"1";""
"202100028986";"149Â 913";"A01";"2";"7";"0";"1";"1";"12";"1";""
"202100028987";"149Â 911";"B01";"2";"43";"0";"2";"3";"1";"1";""
"202100028987";"149Â 912";"A01";"3";"34";"0";"2";"1";"1";"1";""
"202100028988";"149Â 910";"A01";"2";"30";"0";"0";"6";"1";"1";""
"202100028989";"149Â 909";"A01";"2";"7";"0";"1";"2";"7";"1";""
"202100028990";"149Â 907";"B01";"2";"1";"0";"2";"1";"1";"5";""
"202100028990";"149Â 908";"A01";"1";"1";"0";"2";"1";"15";"5";""
"202100028991";"149Â 906";"A01";"1";"32";"1";"0";"1";"13";"1";""
"202100028992";"149Â 904";"B01";"1";"10";"0";"0";"2";"19";"1";""
"202100028992";"149Â 905";"A01";"1";"7";"0";"2";"1";"19";"1";""
"202100028993";"149Â 903";"A01";"0";"7";"0";"1";"1";"1";"1";""
"202100028994";"149Â 901";"B01";"0";"7";"0";"2";"7";"1";"1";""
"202100028994";"149Â 902";"A01";"3";"7";"0";"2";"1";"1";"1";""
"202100028995";"149Â 899";"A01";"2";"7";"0";"2";"4";"16";"1";""
"202100028995";"149Â 900";"B01";"2";"7";"0";"2";"1";"1";"1";""
"202100028996";"149Â 898";"A01";"2";"7";"0";"1";"2";"1";"1";""
"202100028997";"149Â 897";"A01";"1";"7";"12";"0";"2";"0";"1";""
"202100028998";"149Â 896";"A01";"1";"7";"0";"1";"2";"0";"0";""
"202100028999";"149Â 894";"A01";"1";"3";"0";"2";"2";"19";"1";""
"202100028999";"149Â 895";"B01";"2";"31";"14";"2";"1";"1";"1";""
"202100029000";"149Â 893";"A01";"2";"30";"0";"0";"0";"1";"1";""
"202100029001";"149Â 892";"A01";"1";"7";"0";"1";"1";"1";"1";""
"202100029002";"149Â 891";"A01";"2";"30";"0";"1";"0";"1";"1";""
"202100029003";"149Â 888";"A01";"2";"43";"11";"0";"1";"6";"0";""
"202100029004";"149Â 887";"A01";"1";"33";"1";"0";"1";"1";"1";""
"202100029005";"149Â 886";"A01";"3";"2";"7";"0";"0";"1";"1";""
"202100029006";"149Â 885";"A01";"2";"7";"14";"0";"3";"0";"1";""
"202100029007";"149Â 883";"A01";"2";"7";"0";"2";"1";"13";"1";""
"202100029007";"149Â 884";"B01";"1";"7";"0";"2";"1";"1";"2";""
"202100029008";"149Â 880";"C01";"1";"7";"0";"2";"1";"2";"1";""
"202100029008";"149Â 881";"B01";"1";"7";"0";"2";"4";"2";"1";""
"202100029008";"149Â 882";"A01";"1";"7";"0";"0";"5";"15";"1";""
"202100029009";"149Â 878";"B01";"2";"0";"0";"2";"0";"0";"0";""
"202100029009";"149Â 879";"A01";"2";"1";"0";"2";"4";"0";"5";""
"202100029010";"149Â 876";"B01";"1";"7";"0";"2";"3";"1";"1";""
"202100029010";"149Â 877";"A01";"2";"2";"0";"2";"1";"13";"1";""
"202100029011";"149Â 874";"A01";"1";"33";"0";"2";"1";"18";"1";""
"202100029011";"149Â 875";"B01";"1";"7";"0";"2";"5";"2";"1";""
"202100029012";"149Â 872";"B01";"2";"7";"0";"2";"3";"17";"1";""
"202100029012";"149Â 873";"A01";"1";"33";"0";"2";"1";"1";"1";""
"202100029013";"149Â 870";"A01";"2";"2";"0";"2";"1";"2";"1";""
"202100029013";"149Â 871";"B01";"2";"7";"0";"0";"4";"23";"1";""
"202100029014";"149Â 868";"B01";"2";"1";"0";"2";"1";"1";"5";""
"202100029014";"149Â 869";"A01";"1";"10";"0";"2";"2";"15";"1";""
"202100029015";"149Â 866";"A01";"0";"33";"0";"0";"6";"1";"1";""
"202100029016";"149Â 864";"A01";"2";"7";"9";"0";"5";"1";"1";""
"202100029016";"149Â 865";"B01";"1";"10";"0";"2";"1";"0";"1";""
"202100029017";"149Â 863";"A01";"1";"7";"2";"0";"1";"1";"1";""
"202100029018";"149Â 861";"B01";"1";"7";"0";"2";"1";"1";"1";""
"202100029018";"149Â 862";"A01";"1";"7";"0";"2";"1";"11";"1";""
"202100029019";"149Â 860";"A01";"0";"7";"0";"0";"0";"23";"1";""
"202100029020";"149Â 859";"A01";"1";"7";"13";"0";"3";"1";"1";""
"202100029021";"149Â 857";"A01";"1";"17";"0";"2";"3";"21";"1";""
"202100029021";"149Â 858";"B01";"1";"17";"0";"0";"5";"1";"1";""
"202100029022";"149Â 854";"A01";"1";"15";"0";"2";"1";"1";"1";""
"202100029022";"149Â 855";"B01";"1";"7";"0";"2";"9";"1";"1";""
"202100029022";"149Â 856";"C01";"1";"7";"0";"0";"4";"15";"1";""
"202100029023";"149Â 852";"A01";"2";"7";"0";"2";"2";"2";"1";""
"202100029023";"149Â 853";"B01";"2";"1";"0";"2";"9";"2";"5";""
"202100029024";"149Â 851";"A01";"1";"1";"0";"0";"9";"1";"5";""
"202100029025";"149Â 849";"A01";"1";"1";"0";"2";"1";"2";"5";""
"202100029025";"149Â 850";"B01";"1";"21";"0";"0";"4";"1";"1";""
"202100029026";"149Â 847";"A01";"3";"10";"0";"2";"8";"1";"1";""
"202100029026";"149Â 848";"B01";"3";"1";"0";"2";"1";"16";"5";""
"202100029027";"149Â 846";"A01";"2";"7";"2";"0";"1";"14";"1";""
"202100029028";"149Â 844";"B01";"3";"1";"0";"2";"4";"2";"5";""
"202100029028";"149Â 845";"A01";"3";"7";"0";"2";"0";"2";"1";""
"202100029029";"149Â 843";"A01";"1";"10";"15";"0";"2";"1";"1";""
"202100029030";"149Â 840";"C01";"2";"7";"0";"2";"2";"0";"1";""
"202100029030";"149Â 841";"B01";"2";"7";"0";"2";"2";"13";"1";""
"202100029030";"149Â 842";"A01";"1";"7";"0";"2";"3";"13";"1";""
"202100029031";"149Â 839";"A01";"1";"7";"0";"0";"3";"13";"1";""
"202100029032";"149Â 838";"A01";"3";"7";"0";"1";"6";"20";"1";""
"202100029033";"149Â 837";"A01";"2";"7";"0";"1";"3";"17";"1";""
"202100029034";"149Â 835";"B01";"0";"7";"13";"2";"0";"19";"1";""
"202100029034";"149Â 836";"A01";"0";"7";"0";"2";"1";"1";"1";""
"202100029035";"149Â 834";"A01";"0";"7";"8";"0";"2";"0";"1";""
"202100029036";"149Â 833";"A01";"1";"7";"13";"0";"1";"1";"1";""
"202100029037";"149Â 831";"A01";"0";"7";"0";"2";"3";"13";"1";""
"202100029037";"149Â 832";"B01";"0";"10";"0";"2";"3";"1";"1";""
"202100029038";"149Â 829";"B01";"3";"7";"0";"2";"1";"19";"1";""
"202100029038";"149Â 830";"A01";"3";"1";"0";"2";"8";"1";"5";""
"202100029039";"149Â 828";"A01";"3";"7";"2";"0";"7";"1";"1";""
"202100029040";"149Â 827";"A01";"1";"7";"0";"1";"1";"1";"1";""
"202100029041";"149Â 826";"A01";"1";"17";"0";"1";"0";"1";"1";""
"202100029042";"149Â 825";"A01";"0";"33";"14";"0";"0";"26";"1";""
"202100029043";"149Â 823";"A01";"2";"17";"1";"0";"1";"14";"1";""
"202100029043";"149Â 824";"B01";"2";"7";"0";"0";"4";"24";"1";""
"202100029044";"149Â 822";"A01";"1";"7";"3";"0";"1";"1";"2";""
"202100029045";"149Â 820";"A01";"0";"14";"0";"0";"6";"23";"1";""
"202100029045";"149Â 821";"B01";"0";"7";"0";"2";"1";"2";"1";""
"202100029046";"149Â 818";"A01";"1";"7";"3";"0";"4";"1";"1";""
"202100029046";"149Â 819";"B01";"1";"7";"0";"2";"3";"2";"1";""
"202100029047";"149Â 816";"A01";"1";"33";"0";"2";"1";"26";"1";""
"202100029047";"149Â 817";"B01";"0";"33";"0";"0";"0";"26";"1";""
"202100029048";"149Â 815";"A01";"1";"32";"3";"0";"2";"1";"1";""
"202100029049";"149Â 814";"A01";"2";"32";"10";"0";"1";"2";"1";""
"202100029050";"149Â 813";"A01";"1";"7";"13";"0";"4";"1";"1";""
"202100029051";"149Â 812";"A01";"0";"3";"13";"0";"2";"1";"1";""
"202100029052";"149Â 810";"A01";"1";"7";"0";"2";"1";"13";"1";""
"202100029052";"149Â 811";"B01";"2";"33";"0";"2";"1";"1";"1";""
"202100029053";"149Â 809";"A01";"2";"7";"5";"0";"1";"1";"1";""
"202100029054";"149Â 807";"A01";"2";"7";"0";"2";"1";"9";"2";""
"202100029054";"149Â 808";"B01";"2";"33";"0";"2";"7";"2";"1";""
"202100029055";"149Â 805";"B01";"2";"31";"0";"2";"1";"1";"1";""
"202100029055";"149Â 806";"A01";"1";"10";"0";"2";"3";"26";"1";""
"202100029056";"149Â 804";"A01";"2";"33";"9";"0";"1";"1";"1";""
"202100029057";"149Â 803";"A01";"1";"33";"0";"0";"7";"21";"1";""
"202100029058";"149Â 801";"A01";"2";"7";"0";"2";"1";"1";"1";""
"202100029058";"149Â 802";"B01";"2";"7";"0";"2";"5";"23";"1";""
"202100029059";"149Â 800";"A01";"1";"7";"4";"0";"1";"0";"1";""
"202100029060";"149Â 799";"A01";"2";"7";"0";"2";"4";"1";"1";""
"202100029061";"149Â 798";"A01";"2";"7";"4";"0";"4";"26";"1";""
"202100029062";"149Â 796";"A01";"2";"33";"0";"2";"1";"3";"1";""
"202100029062";"149Â 797";"B01";"2";"10";"0";"2";"2";"1";"1";""
"202100029063";"149Â 794";"B01";"1";"7";"4";"2";"6";"12";"1";""
"202100029063";"149Â 795";"A01";"1";"7";"4";"2";"2";"2";"1";""
"202100029064";"149Â 792";"B01";"1";"7";"0";"2";"3";"0";"1";""
"202100029064";"149Â 793";"A01";"1";"7";"0";"0";"9";"0";"1";""
"202100029065";"149Â 791";"A01";"2";"7";"4";"0";"1";"1";"1";""
"202100029066";"149Â 789";"Z01";"2";"10";"0";"2";"0";"0";"1";""
"202100029066";"149Â 790";"A01";"2";"33";"0";"2";"8";"1";"1";""
"202100029067";"149Â 787";"A01";"1";"7";"0";"2";"4";"2";"1";""
"202100029067";"149Â 788";"B01";"1";"7";"0";"2";"1";"1";"1";""
"202100029068";"149Â 786";"A01";"2";"7";"4";"0";"3";"1";"1";""
"202100029069";"149Â 785";"A01";" -1";"1";" -1";"0";"0";"1";" -1";""
"202100029070";"149Â 784";"A01";"1";"7";"0";"1";"2";"16";"1";""
"202100029071";"149Â 783";"Z01";"1";"1";"0";"1";"4";"25";"6";""
"202100029072";"149Â 781";"A01";"1";"7";"0";"2";"2";"1";"1";""
"202100029072";"149Â 782";"B01";"1";"1";"0";"2";"4";"0";"0";""
"202100029073";"149Â 779";"B01";"2";"33";"0";"2";"7";"1";"1";""
"202100029073";"149Â 780";"A01";"2";"10";"0";"2";"3";"15";"1";""
"202100029074";"149Â 777";"B01";"2";"7";"0";"2";"6";"26";"1";""
"202100029074";"149Â 778";"A01";"2";"7";"0";"2";"6";"26";"1";""
"202100029075";"149Â 775";"A01";"1";"7";"0";"2";"1";"2";"1";""
"202100029075";"149Â 776";"B01";"1";"30";"0";"2";"4";"2";"1";""
"202100029076";"149Â 773";"A01";"3";"2";"0";"2";"0";"15";"1";""
"202100029076";"149Â 774";"B01";"3";"7";"0";"2";"0";"15";"1";""
"202100029077";"149Â 771";"B01";"3";"30";"0";"2";"1";"1";"1";""
"202100029077";"149Â 772";"A01";"2";"10";"0";"2";"4";"23";"1";""
"202100029078";"149Â 770";"A01";"3";"7";"0";"1";"4";"20";"1";""
"202100029079";"149Â 769";"A01";"1";"7";"0";"1";"3";"1";"2";""
"202100029080";"149Â 767";"B01";"2";"32";"0";"2";"8";"1";"1";""
"202100029080";"149Â 768";"A01";"2";"7";"0";"2";"0";"26";"0";""
"202100029081";"149Â 765";"A01";"1";"7";"0";"2";"2";"9";"1";""