"Num_Acc";"id_vehicule";"num_veh";"senc";"catv";"obs";"obsm";"choc";"manv";"motor";"occutc"
"202100029081";"149Â 766";"B01";"2";"1";"0";"2";"2";"1";"5";""
"202100029082";"149Â 763";"A01";"2";"7";"0";"2";"8";"10";"1";""
"202100029082";"149Â 764";"B01";"2";"7";"0";"2";"2";"1";"1";""
"202100029083";"149Â 762";"A01";"1";"30";"0";"2";"8";"1";"1";""
"202100029084";"149Â 761";"A01";"1";"7";"6";"0";"9";"1";"1";""
"202100029085";"149Â 759";"B01";"2";"50";"1";"0";"3";"1";"3";""
"202100029085";"149Â 760";"A01";"2";"7";"0";"2";"2";"24";"1";""
"202100029086";"149Â 756";"B01";"2";"7";"0";"2";"6";"1";"1";""
"202100029086";"149Â 757";"A01";"2";"30";"0";"2";"1";"17";"1";""
"202100029086";"149Â 758";"C01";"1";"7";"0";"2";"3";"1";"1";""
"202100029087";"149Â 754";"B01";"0";"2";"0";"2";"8";"1";"1";""
"202100029087";"149Â 755";"A01";"0";"7";"0";"2";"1";"15";"1";""
"202100029088";"149Â 752";"B01";"1";"2";"0";"2";"1";"1";"1";""
"202100029088";"149Â 753";"A01";"2";"7";"0";"2";"2";"15";"1";""
"202100029089";"149Â 749";"B01";"2";"33";"0";"2";"8";"1";"1";""
"202100029089";"149Â 750";"A01";"1";"10";"0";"2";"1";"15";"1";""
"202100029089";"149Â 751";"C01";"3";"7";"0";"2";"6";"23";"1";""
"202100029090";"149Â 747";"A01";"0";"30";"0";"2";"3";"1";"1";""
"202100029090";"149Â 748";"B01";"0";"7";"0";"2";"3";"1";"1";""
"202100029091";"149Â 746";"A01";"0";"37";"0";"1";"1";"23";"3";"1"
"202100029092";"149Â 744";"B01";"0";"7";"0";"2";"3";"1";"1";""
"202100029092";"149Â 745";"A01";"0";"2";"0";"2";"1";"1";"1";""
"202100029093";"149Â 743";"A01";"0";"7";"6";"0";"3";"1";"1";""
"202100029094";"149Â 742";"A01";"0";"7";"0";"1";"1";"1";"1";""
"202100029095";"149Â 740";"A01";"0";"7";"1";"2";"1";"1";"1";""
"202100029095";"149Â 741";"B01";"0";"7";"0";"2";"1";"1";"1";""
"202100029096";"149Â 739";"A01";"1";"7";"0";"1";"1";"1";"1";""
"202100029097";"149Â 738";"A01";"2";"7";"0";"1";"1";"1";"1";""
"202100029098";"149Â 736";"A01";"3";"7";"0";"2";"1";"14";"2";""
"202100029098";"149Â 737";"B01";"3";"7";"1";"0";"6";"23";"1";""
"202100029099";"149Â 735";"A01";"1";"38";"0";"1";"7";"9";"1";"2"
"202100029100";"149Â 734";"A01";"1";"7";"1";"0";"1";"1";"1";""
"202100029101";"149Â 732";"A01";"2";"7";"0";"2";"2";"16";"1";""
"202100029101";"149Â 733";"B01";"2";"99";"0";"2";"8";"1";"3";""
"202100029102";"149Â 730";"B01";"1";"1";"0";"2";"0";"0";"5";""
"202100029102";"149Â 731";"A01";"3";"7";"0";"9";"3";"16";"1";""
"202100029103";"149Â 728";"B01";"2";"7";"0";"2";"2";"1";"1";""
"202100029103";"149Â 729";"A01";"1";"7";"0";"2";"1";"16";"1";""
"202100029104";"149Â 727";"A01";"1";"7";"0";"1";"0";"26";"1";""
"202100029105";"149Â 725";"B01";"2";"1";"0";"2";"2";"19";"5";""
"202100029105";"149Â 726";"A01";"1";"7";"0";"2";"1";"1";"1";""
"202100029106";"149Â 723";"B01";"1";"14";"0";"0";"0";"2";"1";""
"202100029106";"149Â 724";"A01";"1";"10";"0";"2";"1";"2";"1";""
"202100029107";"149Â 721";"A01";"2";"7";"0";"2";"1";"9";"1";""
"202100029107";"149Â 722";"B01";"2";"7";"0";"2";"4";"1";"2";""
"202100029108";"149Â 719";"A01";"1";"7";"0";"2";"3";"15";"1";""
"202100029108";"149Â 720";"B01";"1";"2";"0";"2";"1";"1";"5";""
"202100029109";"149Â 717";"B01";"2";"2";"0";"2";"1";"1";"1";""
"202100029109";"149Â 718";"A01";"1";"7";"0";"2";"3";"19";"1";""
"202100029110";"149Â 714";"B01";"2";"10";"0";"2";"4";"1";"1";""
"202100029110";"149Â 715";"A01";"2";"7";"0";"2";"1";"1";"1";""
"202100029110";"149Â 716";"C01";"2";"7";"0";"2";"4";"1";"1";""
"202100029111";"149Â 713";"A01";"1";"33";"4";"0";"8";"17";"1";""
"202100029112";"149Â 710";"C01";"2";"1";"0";"9";"1";"1";"5";""
"202100029112";"149Â 711";"B01";"2";"1";"0";"9";"1";"1";"5";""
"202100029112";"149Â 712";"A01";"1";"1";"0";"9";"1";"1";"5";""
"202100029113";"149Â 709";"A01";"1";"7";"0";"9";"1";"1";"1";""
"202100029114";"149Â 708";"A01";"1";"7";"16";"0";"1";"1";"1";""
"202100029115";"149Â 707";"A01";"2";"7";"0";"2";"3";"14";"1";""
"202100029116";"149Â 706";"A01";"3";"7";"0";"1";"4";"4";"1";""
"202100029117";"149Â 704";"B01";"1";"50";"0";"2";"6";"2";"3";""
"202100029117";"149Â 705";"A01";"1";"7";"0";"2";"2";"2";"1";""
"202100029118";"149Â 702";"A01";"3";"10";"0";"2";"3";"9";"1";""
"202100029118";"149Â 703";"B01";"0";"30";"0";"2";"7";"1";"1";""
"202100029119";"149Â 700";"A01";"2";"10";"0";"2";"1";"0";"1";""
"202100029119";"149Â 701";"B01";"2";"37";"0";"2";"7";"0";"1";"1"
"202100029120";"149Â 699";"A01";"2";"7";"0";"1";"1";"15";"1";""
"202100029121";"149Â 697";"B01";"1";"7";"0";"2";"2";"2";"1";""
"202100029121";"149Â 698";"A01";"1";"30";"0";"2";"1";"0";"1";""
"202100029122";"149Â 695";"B01";"1";"7";"0";"2";"4";"26";"1";""
"202100029122";"149Â 696";"A01";"1";"7";"5";"2";"1";"9";"1";""
"202100029123";"149Â 694";"A01";"3";"7";"14";"0";"1";"1";"2";""
"202100029124";"149Â 693";"A01";"2";"7";"0";"1";"2";"21";"1";""
"202100029125";"149Â 691";"A01";"0";"7";"0";"2";"2";"16";"1";""
"202100029125";"149Â 692";"B01";"0";"2";"0";"2";"1";"1";"1";""
"202100029126";"149Â 690";"A01";"2";"7";"9";"0";"9";"0";"1";""
"202100029127";"149Â 687";"B01";"3";"7";"0";"2";"1";"1";"1";""
"202100029127";"149Â 688";"A01";"3";"7";"0";"2";"2";"15";"1";""
"202100029128";"149Â 685";"A01";"3";"7";"0";"2";"8";"19";"1";""
"202100029128";"149Â 686";"B01";"3";"7";"0";"2";"1";"1";"1";""
"202100029129";"149Â 684";"A01";"3";"7";"2";"0";"1";"1";"1";""
"202100029130";"149Â 682";"B01";"1";"33";"0";"2";"7";"1";"1";""
"202100029130";"149Â 683";"A01";"1";"7";"0";"2";"1";"1";"1";""
"202100029131";"149Â 681";"A01";"3";"10";"0";"0";"0";"1";"1";""
"202100029132";"149Â 679";"B01";"1";"7";"0";"2";"1";"1";"1";""
"202100029132";"149Â 680";"A01";"2";"7";"0";"2";"1";"13";"1";""
"202100029133";"149Â 677";"A01";"1";"3";"0";"2";"3";"1";"1";""
"202100029133";"149Â 678";"B01";"1";"1";"0";"2";"8";"19";"5";""
"202100029134";"149Â 675";"A01";"2";"7";"0";"2";"2";"20";"1";""
"202100029134";"149Â 676";"B01";"2";"30";"0";"2";"1";"26";"1";""
"202100029135";"149Â 673";"A01";"2";"30";"0";"2";"1";"1";"1";""
"202100029135";"149Â 674";"B01";"2";"7";"0";"2";"4";"1";"1";""
"202100029136";"149Â 671";"A01";"3";"7";"0";"2";"3";"13";"1";""
"202100029136";"149Â 672";"B01";"3";"14";"0";"2";"3";"1";"1";""
"202100029137";"149Â 669";"B01";"1";"10";"0";"2";"2";"16";"1";""
"202100029137";"149Â 670";"A01";"1";"30";"0";"2";"1";"7";"1";""
"202100029138";"149Â 667";"Z01";"2";"7";"0";"2";"1";"9";"1";""
"202100029138";"149Â 668";"B01";"1";"7";"0";"2";"1";"1";"1";""
"202100029139";"149Â 663";"B01";"1";"7";"0";"2";"4";"2";"1";""
"202100029139";"149Â 664";"A01";"1";"30";"0";"2";"1";"2";"1";""
"202100029140";"149Â 661";"A01";"1";"7";"0";"2";"3";"26";"1";""
"202100029140";"149Â 662";"B01";"1";"7";"0";"0";"4";"26";"1";""
"202100029141";"149Â 656";"A01";"1";"7";"0";"2";"3";"2";"1";""
"202100029141";"149Â 657";"B01";"1";"7";"0";"2";"4";"2";"2";""
"202100029141";"149Â 658";"C01";"2";"7";"0";"2";"1";"0";"3";""
"202100029142";"149Â 655";"A01";"2";"7";"1";"0";"2";"14";"1";""
"202100029143";"149Â 653";"B01";"1";"7";"0";"2";"1";"1";"1";""
"202100029143";"149Â 654";"A01";"2";"7";"0";"2";"3";"15";"1";""
"202100029144";"149Â 651";"Z01";"0";"7";"0";"2";"8";"1";"0";""
"202100029144";"149Â 652";"A01";"0";"33";"0";"2";"7";"1";"1";""
"202100029145";"149Â 649";"A01";"3";"30";"0";"2";"0";"0";"1";""
"202100029145";"149Â 650";"B01";"0";"7";"0";"2";"2";"16";"1";""
"202100029146";"149Â 648";"A01";"2";"7";"0";"0";"1";"13";"1";""
"202100029147";"149Â 646";"A01";"2";"7";"0";"2";"3";"16";"6";""
"202100029147";"149Â 647";"B01";"2";"14";"0";"2";"3";"15";"6";""
"202100029148";"149Â 644";"B01";"1";"7";"0";"2";"4";"2";"1";""
"202100029148";"149Â 645";"A01";"1";"7";"0";"2";"1";"2";"1";""
"202100029149";"149Â 643";"A01";"0";"7";"8";"0";"1";"1";"1";""
"202100029150";"149Â 641";"B01";"1";"7";"0";"2";"7";"12";"1";""
"202100029150";"149Â 642";"A01";"1";"33";"0";"2";"8";"3";"1";""
"202100029151";"149Â 639";"A01";"1";"31";"3";"2";"8";"1";"1";""
"202100029151";"149Â 640";"Z01";"1";"7";"0";"2";"2";"12";"0";""
"202100029152";"149Â 637";"A01";"1";"7";"0";"2";"2";"10";"1";""
"202100029152";"149Â 638";"B01";"2";"33";"0";"2";"1";"1";"3";""
"202100029153";"149Â 635";"A01";"1";"14";"0";"2";"8";"15";"1";""
"202100029153";"149Â 636";"B01";"1";"33";"0";"2";"2";"1";"1";""
"202100029154";"149Â 633";"A01";"1";"33";"0";"2";"7";"15";"1";""
"202100029154";"149Â 634";"B01";"2";"43";"0";"2";"1";"7";"1";""
"202100029155";"149Â 631";"A01";"2";"7";"0";"2";"2";"1";"3";""
"202100029155";"149Â 632";"B01";"2";"7";"0";"2";"3";"15";"2";""
"202100029156";"149Â 630";"A01";"0";"7";"0";"1";"1";"16";"1";""
"202100029157";"149Â 628";"B01";"2";"7";"0";"2";"5";"16";"1";""
"202100029157";"149Â 629";"A01";"2";"31";"0";"2";"1";"7";"1";""
"202100029158";"149Â 626";"A01";"2";"7";"0";"2";"3";"15";"1";""
"202100029158";"149Â 627";"B01";"2";"30";"0";"2";"7";"17";"1";""
"202100029159";"149Â 624";"A01";"1";"7";"0";"2";"3";"2";"1";""
"202100029159";"149Â 625";"B01";"1";"7";"0";"2";"4";"23";"1";""
"202100029160";"149Â 623";"Z01";"3";"7";"9";"1";"1";"13";"2";""
"202100029161";"149Â 622";"A01";"2";"1";"0";"1";"1";"1";"5";""
"202100029162";"149Â 621";"A01";"1";"43";"0";"0";"3";"1";"1";""
"202100029163";"149Â 619";"B01";"1";"33";"0";"2";"2";"1";"1";""
"202100029163";"149Â 620";"A01";"1";"10";"0";"2";"6";"15";"1";""
"202100029164";"149Â 617";"A01";"2";"7";"0";"2";"2";"1";"1";""
"202100029164";"149Â 618";"B01";"2";"7";"0";"2";"3";"1";"1";""
"202100029165";"149Â 615";"Z01";"1";"13";"0";"2";"0";"0";"1";""
"202100029165";"149Â 616";"A01";"1";"1";"0";"0";"0";"0";"0";""
"202100029166";"149Â 614";"A01";"2";"7";"9";"0";"1";"1";"1";""
"202100029167";"149Â 612";"B01";"3";"17";"0";"2";"3";"15";"1";""
"202100029167";"149Â 613";"A01";"3";"7";"0";"2";"1";"17";"1";""
"202100029168";"149Â 611";"A01";"2";"32";"0";"0";"0";"26";"1";""
"202100029169";"149Â 609";"A01";"2";"7";"0";"2";"1";"7";"1";""
"202100029169";"149Â 610";"B01";"1";"7";"0";"2";"3";"16";"1";""
"202100029170";"149Â 608";"A01";"2";"7";"0";"1";"1";"1";"1";""
"202100029171";"149Â 607";"A01";"0";"10";"0";"1";"2";"25";"1";""
"202100029172";"149Â 605";"B01";"3";"7";"0";"2";"3";"9";"1";""
"202100029172";"149Â 606";"A01";"3";"10";"0";"2";"2";"1";"1";""
"202100029173";"149Â 603";"B01";"1";"7";"0";"2";"1";"1";"1";""
"202100029173";"149Â 604";"A01";"1";"7";"0";"2";"4";"23";"1";""
"202100029174";"149Â 601";"B01";"0";"7";"0";"2";"0";"0";"0";""
"202100029174";"149Â 602";"A01";"3";"7";"0";"2";"7";"15";"1";""
"202100029175";"149Â 599";"A01";"3";"7";"0";"2";"1";"15";"1";""
"202100029175";"149Â 600";"B01";"0";"7";"0";"2";"1";"1";"1";""
"202100029176";"149Â 598";"A01";"3";"60";"0";"0";"8";"25";"5";""
"202100029177";"149Â 596";"A01";"3";"14";"1";"2";"4";"23";"1";""
"202100029177";"149Â 597";"B01";"3";"14";"1";"2";"1";"0";"1";""
"202100029178";"149Â 595";"A01";"2";"7";"0";"1";"6";"15";"1";""
"202100029179";"149Â 593";"B01";"1";"7";"0";"2";"3";"0";"1";""
"202100029179";"149Â 594";"A01";"1";"1";"0";"2";"3";"15";"0";""
"202100029180";"149Â 592";"A01";"1";"7";"0";"1";"1";"1";"1";""
"202100029181";"149Â 591";"A01";"1";"30";"0";"0";"2";"1";"1";""
"202100029182";"149Â 589";"B01";"1";"30";"0";"2";"7";"1";"1";""
"202100029182";"149Â 590";"A01";"2";"7";"0";"2";"2";"10";"1";""
"202100029183";"149Â 586";"B01";"2";"10";"0";"2";"9";"1";"1";""
"202100029183";"149Â 587";"C01";"1";"10";"0";"2";"3";"1";"1";""
"202100029183";"149Â 588";"Z01";"2";"7";"0";"2";"0";"11";"0";""
"202100029184";"149Â 584";"A01";"2";"7";"0";"0";"0";"15";"1";""
"202100029184";"149Â 585";"B01";"2";"2";"0";"0";"8";"17";"1";""
"202100029185";"149Â 582";"A01";"2";"7";"0";"2";"2";"16";"1";""
"202100029185";"149Â 583";"B01";"2";"2";"0";"2";"1";"16";"1";""
"202100029186";"149Â 580";"A01";"2";"7";"0";"2";"3";"26";"1";""
"202100029186";"149Â 581";"B01";"1";"2";"0";"2";"1";"17";"1";""
"202100029187";"149Â 579";"A01";"1";"31";"0";"0";"7";"1";"1";""
"202100029188";"149Â 577";"A01";"2";"7";"0";"2";"2";"17";"1";""
"202100029188";"149Â 578";"B01";"2";"33";"0";"2";"4";"17";"1";""
"202100029189";"149Â 576";"A01";"0";"2";"12";"0";"0";"1";"1";""
"202100029190";"149Â 573";"A01";"1";"7";"0";"1";"1";"1";"1";""
"202100029191";"149Â 572";"A01";"1";"33";"3";"0";"2";"0";"1";""
"202100029192";"149Â 571";"A01";"1";"10";"2";"0";"3";"0";"1";""
"202100029193";"149Â 569";"A01";"1";"33";"0";"2";"8";"2";"1";""
"202100029193";"149Â 570";"B01";"1";"7";"0";"2";"4";"1";"1";""
"202100029194";"149Â 567";"B01";"1";"7";"0";"2";"5";"1";"1";""
"202100029194";"149Â 568";"A01";"3";"7";"0";"2";"1";"19";"2";""
"202100029195";"149Â 566";"A01";"0";"2";"6";"0";"1";"0";"1";""
"202100029196";"149Â 565";"A01";"1";"2";"0";"0";"0";"1";"1";""
"202100029197";"149Â 563";"B01";"1";"7";"0";"2";"3";"1";"1";""
"202100029197";"149Â 564";"A01";"2";"7";"0";"2";"3";"13";"1";""
"202100029198";"149Â 561";"A01";"2";"31";"0";"2";"1";"13";"1";""
"202100029198";"149Â 562";"B01";"1";"7";"0";"2";"1";"1";"1";""
"202100029199";"149Â 559";"B01";"1";"7";"0";"2";"1";"1";"1";""
"202100029199";"149Â 560";"A01";"2";"7";"0";"2";"1";"13";"3";""
"202100029200";"149Â 558";"A01";"1";"7";"2";"0";"2";"14";"1";""
"202100029201";"149Â 557";"A01";"1";"7";"13";"0";"1";"14";"1";""
"202100029202";"149Â 555";"B01";"1";"7";"0";"2";"1";"1";"1";""
"202100029202";"149Â 556";"A01";"2";"7";"0";"2";"7";"13";"1";""
"202100029203";"149Â 553";"A01";"1";"7";"10";"2";"2";"17";"1";""
"202100029203";"149Â 554";"B01";"2";"7";"0";"2";"2";"1";"1";""
"202100029204";"149Â 552";"A01";"1";"7";"16";"0";"9";"0";"1";""
"202100029205";"149Â 551";"A01";"1";"7";"8";"0";"8";"1";"1";""
"202100029206";"149Â 550";"A01";"1";"7";"12";"0";"0";"1";"1";""
"202100029207";"149Â 549";"A01";"1";"7";"0";"0";"0";"1";"1";""
"202100029208";"149Â 547";"A01";"2";"7";"0";"2";"1";"14";"1";""
"202100029208";"149Â 548";"B01";"2";"7";"0";"2";"8";"24";"1";""
"202100029209";"149Â 545";"B01";"1";"7";"0";"0";"4";"1";"1";""
"202100029209";"149Â 546";"A01";"1";"7";"0";"2";"1";"2";"1";""
"202100029210";"149Â 543";"A01";"2";"2";"0";"2";"8";"2";"1";""
"202100029210";"149Â 544";"B01";"2";"7";"0";"2";"7";"2";"1";""
"202100029211";"149Â 542";"A01";"3";"7";"2";"0";"1";"1";"1";""
"202100029212";"149Â 540";"B01";"2";"10";"0";"2";"7";"19";"1";""
"202100029212";"149Â 541";"A01";"2";"2";"0";"2";"1";"1";"1";""
"202100029213";"149Â 539";"A01";"3";"7";"15";"0";"0";"1";"1";""
"202100029214";"149Â 537";"A01";"1";"33";"1";"0";"1";"2";"1";""
"202100029214";"149Â 538";"B01";"1";"21";"0";"0";"4";"23";"0";""
"202100029215";"149Â 536";"A01";"1";"36";"16";"0";"2";"1";"1";""
"202100029216";"149Â 535";"A01";"1";"7";"2";"0";"3";"2";"1";""
"202100029217";"149Â 534";"A01";"0";"7";"0";"0";"0";"21";"1";""
"202100029218";"149Â 532";"B01";"1";"33";"0";"2";"4";"1";"1";""
"202100029218";"149Â 533";"A01";"2";"7";"0";"2";"2";"17";"1";""
"202100029219";"149Â 531";"A01";"1";"7";"13";"0";"9";"1";"1";""
"202100029220";"149Â 530";"A01";"1";"7";"13";"0";"2";"1";"1";""
"202100029221";"149Â 528";"A01";"1";"7";"0";"2";"3";"13";"1";""
"202100029221";"149Â 529";"B01";"2";"7";"8";"2";"3";"13";"1";""
"202100029222";"149Â 527";"A01";"2";"7";"2";"0";"1";"1";"1";""
"202100029223";"149Â 525";"A01";"1";"7";"0";"0";"2";"1";"1";""
"202100029223";"149Â 526";"B01";"1";"7";"9";"2";"1";"1";"1";""
"202100029224";"149Â 524";"A01";"1";"7";"0";"1";"2";"2";"1";""
"202100029225";"149Â 523";"A01";"2";"2";"0";"1";"1";"16";"1";""
"202100029226";"149Â 518";"E01";"2";"7";"0";"2";"2";"2";"1";""
"202100029226";"149Â 519";"D01";"2";"7";"0";"0";"6";"23";"1";""
"202100029226";"149Â 520";"B01";"2";"7";"0";"2";"4";"23";"0";""
"202100029226";"149Â 521";"C01";"2";"7";"0";"2";"4";"23";"1";""
"202100029226";"149Â 522";"A01";"2";"7";"0";"0";"4";"23";"1";""
"202100029227";"149Â 517";"A01";"1";"7";"0";"0";"1";"1";"1";""
"202100029228";"149Â 515";"B01";"2";"7";"0";"2";"1";"1";"1";""
"202100029228";"149Â 516";"A01";"1";"7";"0";"2";"5";"1";"1";""
"202100029229";"149Â 511";"B01";"1";"7";"0";"2";"2";"1";"1";""
"202100029229";"149Â 512";"C01";"2";"7";"0";"2";"2";"1";"1";""
"202100029229";"149Â 513";"A01";"3";"7";"0";"2";"3";"15";"1";""
"202100029230";"149Â 510";"A01";"2";"7";"4";"0";"9";"17";"1";""
"202100029231";"149Â 508";"B01";"3";"10";"0";"2";"3";"1";"1";""
"202100029231";"149Â 509";"A01";"3";"2";"0";"2";"1";"1";"1";""
"202100029232";"149Â 507";"A01";"2";"7";"13";"0";"2";"1";"1";""
"202100029233";"149Â 506";"A01";"3";"2";"6";"0";"2";"1";"1";""
"202100029234";"149Â 504";"B01";"2";"7";"0";"2";"3";"1";"1";""
"202100029234";"149Â 505";"A01";"1";"7";"0";"2";"1";"1";"1";""
"202100029235";"149Â 503";"A01";"2";"7";"2";"0";"1";"1";"1";""
"202100029236";"149Â 501";"A01";"2";"7";"0";"2";"3";"19";"1";""
"202100029236";"149Â 502";"B01";"1";"7";"0";"2";"1";"1";"1";""
"202100029237";"149Â 499";"B01";"2";"7";"0";"2";"1";"1";"1";""
"202100029237";"149Â 500";"A01";"1";"3";"0";"2";"1";"13";"1";""
"202100029238";"149Â 497";"A01";"2";"7";"0";"0";"3";"15";"1";""
"202100029238";"149Â 498";"B01";"2";"2";"0";"2";"1";"17";"1";""
"202100029239";"149Â 496";"A01";"3";"7";"0";"1";"3";"1";"1";""
"202100029240";"149Â 494";"B01";"3";"7";"0";"2";"3";"1";"1";""
"202100029240";"149Â 495";"A01";"3";"30";"0";"2";"1";"5";"1";""
"202100029241";"149Â 491";"A01";"1";"7";"0";"2";"4";"1";"1";""
"202100029241";"149Â 492";"B01";"1";"7";"0";"2";"4";"1";"1";""
"202100029241";"149Â 493";"C01";"1";"7";"0";"2";"1";"1";"1";""
"202100029242";"149Â 489";"B01";"1";"7";"0";"2";"2";"12";"1";""
"202100029242";"149Â 490";"A01";"1";"13";"0";"2";"6";"1";"1";""
"202100029243";"149Â 487";"B01";"1";"7";"0";"2";"4";"2";"1";""
"202100029243";"149Â 488";"A01";"1";"7";"0";"2";"1";"2";"1";""
"202100029244";"149Â 485";"B01";"2";"7";"0";"2";"4";"2";"1";""
"202100029244";"149Â 486";"A01";"2";"14";"0";"2";"1";"1";"1";""
"202100029245";"149Â 484";"A01";"1";"7";"4";"0";"2";"14";"1";""
"202100029246";"149Â 482";"A01";"1";"7";"0";"2";"8";"11";"1";""
"202100029246";"149Â 483";"B01";"1";"31";"0";"2";"7";"3";"1";""
"202100029247";"149Â 480";"B01";"2";"7";"0";"2";"5";"2";"1";""
"202100029247";"149Â 481";"A01";"2";"33";"0";"2";"3";"2";"1";""
"202100029248";"149Â 478";"B01";"2";"7";"4";"2";"8";"1";"1";""
"202100029248";"149Â 479";"A01";"2";"17";"0";"2";"2";"12";"1";""
"202100029249";"149Â 475";"A01";"1";"14";"0";"2";"6";"1";"1";""
"202100029249";"149Â 476";"C01";"1";"31";"0";"2";"2";"3";"1";""
"202100029249";"149Â 477";"B01";"1";"7";"0";"2";"7";"1";"1";""
"202100029250";"149Â 473";"B01";"2";"7";"0";"0";"6";"24";"1";""
"202100029250";"149Â 474";"A01";"2";"7";"0";"2";"2";"26";"1";""
"202100029251";"149Â 471";"A01";"1";"7";"0";"2";"2";"1";"1";""
"202100029251";"149Â 472";"B01";"1";"7";"0";"2";"6";"1";"1";""
"202100029252";"149Â 469";"B01";"2";"7";"0";"2";"4";"1";"1";""
"202100029252";"149Â 470";"A01";"2";"10";"0";"2";"1";"1";"1";""
"202100029253";"149Â 468";"A01";"2";"7";"0";"0";"9";"1";"1";""
"202100029254";"149Â 465";"A01";"2";"7";"0";"2";"3";"9";"1";""
"202100029254";"149Â 466";"B01";"2";"10";"0";"2";"1";"1";"1";""
"202100029254";"149Â 467";"C01";"2";"7";"0";"2";"4";"1";"1";""
"202100029255";"149Â 464";"A01";"1";"7";"3";"0";"1";"1";"1";""
"202100029256";"149Â 462";"B01";"2";"10";"0";"2";"4";"2";"1";""
"202100029256";"149Â 463";"A01";"2";"7";"0";"2";"1";"2";"1";""
"202100029257";"149Â 461";"A01";"2";"10";"0";"0";"1";"1";"1";""
"202100029258";"149Â 460";"A01";"1";"2";"0";"1";"2";"1";"1";""
"202100029259";"149Â 459";"A01";"1";"7";"0";"1";"1";"1";"1";""
"202100029260";"149Â 458";"A01";"2";"33";"3";"0";"8";"1";"1";""
"202100029261";"149Â 457";"A01";"1";"10";"2";"0";"1";"13";"1";""
"202100029262";"149Â 456";"A01";"3";"7";"0";"1";"3";"24";"1";""
"202100029263";"149Â 455";"A01";"3";"7";"0";"1";"1";"1";"1";""
"202100029264";"149Â 453";"A01";"1";"31";"0";"9";"1";"3";"1";""
"202100029264";"149Â 454";"B01";"2";"0";"0";"9";"1";"3";"0";""
"202100029265";"149Â 451";"A01";"0";"7";"0";"2";"1";"1";"1";""
"202100029265";"149Â 452";"Z01";"0";"7";"0";"2";"1";"15";"1";""
"202100029266";"149Â 450";"A01";"1";"2";"14";"0";"0";"1";"1";""
"202100029267";"149Â 449";"A01";"1";"7";"0";"2";"7";"1";"1";""
"202100029268";"149Â 448";"A01";"1";"37";"0";"1";"6";"1";"1";"1"
"202100029269";"149Â 446";"B01";"2";"3";"0";"2";"1";"1";"1";""
"202100029269";"149Â 447";"A01";"1";"7";"0";"2";"3";"13";"1";""
"202100029270";"149Â 442";"A01";"1";"7";"0";"2";"4";"26";"1";""
"202100029270";"149Â 443";"B01";"1";"7";"0";"2";"1";"26";"1";""
"202100029270";"149Â 444";"C01";"1";"7";"0";"0";"4";"14";"1";""
"202100029270";"149Â 445";"D01";"1";"1";"0";"2";"1";"26";"5";""
"202100029271";"149Â 440";"A01";"3";"34";"0";"1";"1";"19";"1";""
"202100029271";"149Â 441";"B01";"3";"7";"0";"2";"6";"2";"1";""
"202100029272";"149Â 439";"A01";"3";"30";"14";"0";"8";"26";"1";""
"202100029273";"149Â 437";"A01";"1";"7";"0";"2";"8";"11";"1";""
"202100029273";"149Â 438";"B01";"1";"7";"0";"2";"1";"21";"1";""
"202100029274";"149Â 435";"B01";"3";"2";"0";"2";"1";"1";"1";""
"202100029274";"149Â 436";"A01";"3";"7";"0";"2";"1";"1";"1";""
"202100029275";"149Â 433";"A01";"1";"10";"6";"0";"2";"4";"1";""
"202100029275";"149Â 434";"B01";"1";"7";"0";"2";"1";"2";"1";""
"202100029276";"149Â 432";"A01";"3";"7";"0";"1";"5";"20";"0";""
"202100029277";"149Â 431";"A01";"3";"7";"0";"1";"2";"1";"1";""
"202100029278";"149Â 430";"A01";"2";"33";"0";"1";"1";"1";"1";""
"202100029279";"149Â 428";"A01";"2";"7";"0";"2";"2";"2";"1";""
"202100029279";"149Â 429";"B01";"1";"7";"0";"2";"5";"15";"1";""
"202100029280";"149Â 426";"B01";"3";"7";"0";"2";"1";"1";"1";""
"202100029280";"149Â 427";"A01";"3";"7";"0";"2";"3";"13";"1";""
"202100029281";"149Â 424";"A01";"2";"7";"0";"2";"1";"2";"1";""
"202100029281";"149Â 425";"B01";"2";"7";"0";"2";"4";"2";"1";""
"202100029282";"149Â 422";"B01";"3";"30";"0";"2";"3";"1";"1";""
"202100029282";"149Â 423";"A01";"3";"7";"0";"2";"3";"15";"1";""
"202100029283";"149Â 420";"C01";"2";"7";"1";"2";"1";"0";"1";""
"202100029283";"149Â 421";"A01";"2";"7";"0";"0";"4";"15";"1";""
"202100029284";"149Â 417";"A01";"1";"7";"0";"2";"3";"13";"1";""
"202100029284";"149Â 418";"B01";"2";"7";"0";"2";"8";"1";"1";""
"202100029284";"149Â 419";"C01";"2";"7";"0";"2";"3";"1";"1";""
"202100029285";"149Â 415";"A01";"1";"7";"0";"2";"1";"2";"1";""
"202100029285";"149Â 416";"B01";"1";"7";"0";"2";"4";"23";"1";""
"202100029286";"149Â 414";"A01";"1";"7";"1";"0";"7";"14";"1";""
"202100029287";"149Â 412";"A01";"2";"7";"0";"2";"8";"15";"1";""
"202100029287";"149Â 413";"B01";"2";"32";"0";"2";"1";"17";"1";""
"202100029288";"149Â 411";"A01";"3";"1";"3";"0";"1";"1";"5";""
"202100029289";"149Â 410";"A01";"1";"33";"8";"0";"2";"26";"1";""