"Num_Acc";"id_vehicule";"num_veh";"senc";"catv";"obs";"obsm";"choc";"manv";"motor";"occutc"
"202100029290";"149Â 408";"B01";"3";"2";"0";"2";"4";"2";"1";""
"202100029290";"149Â 409";"A01";"3";"7";"0";"2";"1";"2";"1";""
"202100029291";"149Â 406";"B01";"1";"33";"0";"2";"1";"1";"1";""
"202100029291";"149Â 407";"A01";"2";"7";"0";"2";"8";"19";"1";""
"202100029292";"149Â 404";"Z01";"2";"10";"0";"2";"1";"9";"1";""
"202100029292";"149Â 405";"A01";"1";"30";"0";"2";"7";"1";"1";""
"202100029293";"149Â 401";"B01";"1";"7";"0";"2";"3";"1";"1";""
"202100029293";"149Â 402";"C01";"1";"7";"0";"2";"3";"1";"1";""
"202100029293";"149Â 403";"A01";"2";"7";"3";"2";"1";"1";"1";""
"202100029294";"149Â 400";"A01";"1";"7";"4";"0";"1";"1";"1";""
"202100029295";"149Â 398";"B01";"1";"15";"0";"2";"3";"1";"1";""
"202100029295";"149Â 399";"A01";"2";"7";"0";"2";"3";"13";"1";""
"202100029296";"149Â 397";"A01";"2";"7";"6";"0";"1";"14";"1";""
"202100029297";"149Â 395";"B01";"1";"7";"0";"2";"8";"9";"1";""
"202100029297";"149Â 396";"A01";"1";"31";"3";"0";"7";"18";"1";""
"202100029298";"149Â 393";"A01";"1";"7";"0";"2";"7";"9";"1";""
"202100029298";"149Â 394";"B01";"1";"1";"0";"2";"0";"0";"5";""
"202100029299";"149Â 391";"B01";"1";"7";"0";"2";"3";"1";"1";""
"202100029299";"149Â 392";"A01";"1";"7";"0";"2";"1";"13";"1";""
"202100029300";"149Â 389";"B01";"2";"2";"0";"2";"1";"1";"1";""
"202100029300";"149Â 390";"A01";"1";"7";"0";"2";"2";"20";"1";""
"202100029301";"149Â 387";"A01";"1";"7";"0";"2";"1";"1";"1";""
"202100029301";"149Â 388";"B01";"1";"7";"0";"2";"8";"1";"1";""
"202100029302";"149Â 385";"B01";"2";"7";"8";"2";"5";"15";"1";""
"202100029302";"149Â 386";"A01";"1";"7";"0";"2";"1";"1";"1";""
"202100029303";"149Â 384";"A01";"0";"7";"2";"0";"1";"1";"1";""
"202100029304";"149Â 383";"A01";"1";"10";"12";"0";"1";"16";"1";""
"202100029305";"149Â 381";"A01";"1";"33";"0";"2";"8";"15";"1";""
"202100029305";"149Â 382";"B01";"1";"7";"0";"2";"3";"17";"1";""
"202100029306";"149Â 378";"A01";"1";"7";"0";"2";"1";"26";"1";""
"202100029306";"149Â 379";"B01";"1";"7";"0";"2";"4";"2";"1";""
"202100029306";"149Â 380";"C01";"1";"10";"0";"2";"4";"2";"1";""
"202100029307";"149Â 376";"A01";"1";"33";"0";"2";"8";"2";"1";""
"202100029307";"149Â 377";"B01";"1";"15";"0";"2";"4";"1";"1";""
"202100029308";"149Â 375";"A01";"1";"7";"0";"1";"1";"16";"1";""
"202100029309";"149Â 373";"B01";"3";"1";"0";"2";"0";"0";"5";""
"202100029309";"149Â 374";"A01";"3";"7";"0";"2";"0";"0";"1";""
"202100029310";"149Â 372";"A01";"1";"7";"2";"0";"1";"19";"1";""
"202100029311";"149Â 370";"B01";"2";"33";"0";"2";"2";"2";"1";""
"202100029311";"149Â 371";"A01";"2";"7";"0";"2";"3";"13";"1";""
"202100029312";"149Â 368";"B01";"2";"37";"0";"2";"1";"1";"1";"1"
"202100029312";"149Â 369";"A01";"2";"7";"0";"2";"8";"15";"1";""
"202100029313";"149Â 366";"B01";"3";"2";"0";"2";"8";"9";"1";""
"202100029313";"149Â 367";"A01";"3";"7";"0";"2";"7";"16";"1";""
"202100029314";"149Â 364";"A01";"2";"7";"15";"0";"6";"2";"1";""
"202100029314";"149Â 365";"B01";"2";"2";"15";"2";"1";"2";"1";""
"202100029315";"149Â 363";"A01";"1";"32";"0";"0";"6";"16";"1";""
"202100029316";"149Â 362";"A01";"3";"43";"0";"1";"1";"17";"1";""
"202100029317";"149Â 360";"A01";"2";"32";"0";"2";"8";"1";"1";""
"202100029317";"149Â 361";"Z01";"2";"7";"0";"2";"2";"12";"1";""
"202100029318";"149Â 357";"B01";"2";"7";"0";"2";"4";"2";"1";""
"202100029318";"149Â 358";"C01";"2";"7";"0";"2";"2";"2";"1";""
"202100029318";"149Â 359";"A01";"2";"33";"0";"2";"1";"3";"1";""
"202100029319";"149Â 355";"B01";"1";"80";"0";"2";"3";"7";"3";""
"202100029319";"149Â 356";"A01";"1";"7";"0";"2";"2";"22";"1";""
"202100029320";"149Â 354";"A01";"1";"30";"0";"1";"1";"1";"1";""
"202100029321";"149Â 352";"A01";"1";"10";"0";"2";"8";"11";"1";""
"202100029321";"149Â 353";"B01";"1";"30";"0";"2";"7";"1";"3";""
"202100029322";"149Â 350";"B01";"3";"34";"0";"2";"1";"15";"1";""
"202100029322";"149Â 351";"A01";"3";"43";"0";"2";"1";"10";"1";""
"202100029323";"149Â 348";"B01";"3";"7";"0";"2";"4";"2";"1";""
"202100029323";"149Â 349";"A01";"3";"7";"0";"2";"1";"2";"1";""
"202100029324";"149Â 346";"Z01";"3";"7";"0";"2";"1";"2";"1";""
"202100029324";"149Â 347";"A01";"3";"32";"0";"2";"5";"23";"1";""
"202100029325";"149Â 344";"A01";"2";"32";"0";"2";"1";"1";"1";""
"202100029325";"149Â 345";"Z01";"1";"10";"0";"2";"7";"15";"1";""
"202100029326";"149Â 342";"A01";"2";"7";"0";"2";"2";"11";"1";""
"202100029326";"149Â 343";"B01";"2";"7";"0";"2";"6";"23";"1";""
"202100029327";"149Â 341";"A01";"3";"32";"0";"0";"8";"17";"1";""
"202100029328";"149Â 339";"A01";"2";"1";"0";"2";"7";"1";"5";""
"202100029328";"149Â 340";"Z01";"2";"2";"0";"2";"1";"5";"1";""
"202100029329";"149Â 337";"A01";"1";"10";"0";"2";"3";"15";"1";""
"202100029329";"149Â 338";"B01";"1";"7";"0";"2";"1";"1";"3";""
"202100029330";"149Â 335";"A01";"2";"10";"0";"2";"1";"2";"1";""
"202100029330";"149Â 336";"B01";"2";"7";"0";"2";"4";"2";"3";""
"202100029331";"149Â 333";"A01";"2";"7";"0";"2";"1";"2";"1";""
"202100029331";"149Â 334";"B01";"2";"32";"0";"2";"4";"2";"1";""
"202100029332";"149Â 332";"A01";"1";"50";"1";"0";"1";"25";"3";""
"202100029333";"149Â 331";"A01";"1";"1";"0";"0";"8";"21";"5";""
"202100029334";"149Â 330";"A01";"2";"1";"12";"0";"1";"11";"5";""
"202100029335";"149Â 328";"B01";"1";"50";"0";"2";"3";"15";"3";""
"202100029335";"149Â 329";"A01";"1";"1";"0";"2";"2";"17";"5";""
"202100029336";"149Â 327";"A01";"1";"7";"0";"0";"1";"16";"1";""
"202100029337";"149Â 325";"A01";"2";"7";"0";"2";"7";"15";"1";""
"202100029337";"149Â 326";"B01";"1";"33";"4";"2";"1";"1";"1";""
"202100029338";"149Â 323";"A01";"3";"7";"0";"2";"2";"1";"1";""
"202100029338";"149Â 324";"B01";"3";"7";"0";"2";"1";"15";"1";""
"202100029339";"149Â 322";"A01";"1";"7";"0";"0";"8";"16";"1";""
"202100029340";"149Â 320";"A01";"2";"7";"0";"2";"4";"23";"1";""
"202100029340";"149Â 321";"B01";"2";"7";"0";"2";"1";"1";"1";""
"202100029341";"149Â 319";"A01";"1";"37";"9";"1";"2";"26";"2";"1"
"202100029342";"149Â 317";"B01";"1";"7";"0";"2";"2";"1";"1";""
"202100029342";"149Â 318";"A01";"1";"31";"0";"2";"3";"20";"1";""
"202100029343";"149Â 316";"A01";"1";"7";"1";"0";"3";"13";"1";""
"202100029344";"149Â 315";"A01";"1";"30";"0";"1";"1";"1";"1";""
"202100029345";"149Â 313";"B01";"1";"43";"0";"2";"1";"1";"1";""
"202100029345";"149Â 314";"A01";"2";"7";"0";"2";"1";"15";"1";""
"202100029346";"149Â 312";"A01";"1";"32";"8";"0";"2";"14";"3";""
"202100029347";"149Â 310";"B01";"1";"7";"0";"0";"4";"1";"1";""
"202100029347";"149Â 311";"A01";"1";"10";"0";"2";"1";"2";"1";""
"202100029348";"149Â 309";"A01";"1";"43";"0";"0";"0";"1";"1";""
"202100029349";"149Â 307";"A01";"1";"7";"1";"2";"2";"14";"1";""
"202100029349";"149Â 308";"B01";"1";"7";"0";"2";"1";"1";"1";""
"202100029350";"149Â 305";"B01";"1";"7";"0";"2";"6";"15";"1";""
"202100029350";"149Â 306";"A01";"1";"37";"0";"2";"2";"1";"1";"1"
"202100029351";"149Â 303";"B01";"2";"15";"0";"2";"1";"1";"1";""
"202100029351";"149Â 304";"A01";"1";"7";"0";"2";"1";"13";"1";""
"202100029352";"149Â 302";"A01";"3";"7";"0";"1";"0";"1";"1";""
"202100029353";"149Â 300";"A01";"2";"7";"0";"2";"1";"1";"1";""
"202100029353";"149Â 301";"B01";"1";"7";"0";"2";"3";"1";"1";""
"202100029354";"149Â 299";"A01";"1";"7";"6";"0";"2";"1";"1";""
"202100029355";"149Â 298";"A01";"1";"7";"3";"0";"6";"1";"1";""
"202100029356";"149Â 297";"A01";"1";"7";"12";"0";"2";"1";"1";""
"202100029357";"149Â 295";"A01";"0";"7";"8";"0";"1";"0";"1";""
"202100029358";"149Â 293";"B01";"1";"7";"0";"2";"3";"9";"1";""
"202100029358";"149Â 294";"A01";"2";"33";"0";"2";"1";"1";"1";""
"202100029359";"149Â 292";"A01";"2";"7";"13";"0";"9";"14";"1";""
"202100029360";"149Â 291";"A01";"1";"7";"0";"0";"1";"1";"1";""
"202100029361";"149Â 290";"A01";"1";"33";"0";"6";"1";"1";"1";""
"202100029362";"149Â 289";"A01";"2";"7";"13";"0";"1";"13";"1";""
"202100029363";"149Â 287";"A01";"3";"50";"0";"2";"1";"1";"3";""
"202100029363";"149Â 288";"B01";"3";"21";"0";"2";"1";"19";"1";""
"202100029364";"149Â 286";"A01";"2";"10";"0";"1";"2";"1";"1";""
"202100029365";"149Â 285";"A01";"3";"7";"13";"0";"3";"1";"1";""
"202100029366";"149Â 283";"A01";"1";"7";"0";"2";"3";"2";"1";""
"202100029366";"149Â 284";"B01";"1";"1";"0";"0";"4";"2";"5";""
"202100029367";"149Â 282";"A01";"2";"7";"2";"9";"1";"13";"1";""
"202100029368";"149Â 280";"A01";"2";"7";"0";"2";"8";"13";"1";""
"202100029368";"149Â 281";"B01";"1";"7";"0";"2";"3";"1";"1";""
"202100029369";"149Â 279";"A01";"1";"7";"2";"0";"3";"1";"1";""
"202100029370";"149Â 277";"A01";"2";"7";"7";"2";"2";"17";"1";""
"202100029370";"149Â 278";"B01";"1";"10";"7";"2";"3";"1";"1";""
"202100029371";"149Â 276";"A01";"0";"33";"0";"0";"0";"0";"1";""
"202100029372";"149Â 274";"B01";"1";"7";"0";"2";"1";"17";"1";""
"202100029372";"149Â 275";"A01";"2";"7";"0";"2";"1";"5";"2";""
"202100029373";"149Â 273";"A01";"2";"7";"6";"0";"3";"13";"1";""
"202100029374";"149Â 269";"A01";"1";"7";"0";"2";"2";"1";"1";""
"202100029374";"149Â 270";"B01";"2";"7";"0";"2";"2";"1";"1";""
"202100029375";"149Â 268";"A01";"2";"7";"0";"0";"0";"13";"1";""
"202100029376";"149Â 266";"B01";"2";"33";"0";"2";"1";"1";"1";""
"202100029376";"149Â 267";"A01";"1";"7";"0";"2";"2";"15";"1";""
"202100029377";"149Â 264";"B01";"3";"7";"0";"2";"3";"1";"1";""
"202100029377";"149Â 265";"A01";"3";"2";"0";"2";"1";"13";"1";""
"202100029378";"149Â 263";"A01";"3";"0";"0";"0";"0";"0";"3";""
"202100029379";"149Â 262";"A01";"1";"7";"13";"0";"1";"1";"1";""
"202100029380";"149Â 260";"A01";"1";"33";"0";"2";"2";"17";"1";""
"202100029380";"149Â 261";"B01";"1";"3";"0";"0";"6";"15";"1";""
"202100029381";"149Â 258";"B01";"1";"15";"0";"0";"2";"15";"1";""
"202100029381";"149Â 259";"A01";"1";"30";"0";"2";"7";"9";"1";""
"202100029382";"149Â 257";"A01";"2";"33";"15";"0";"1";"1";"1";""
"202100029383";"149Â 255";"B01";"2";"14";"0";"2";"3";"1";"1";""
"202100029383";"149Â 256";"A01";"1";"10";"0";"2";"1";"13";"1";""
"202100029384";"149Â 254";"A01";"1";"15";"3";"0";"1";"1";"1";""
"202100029385";"149Â 251";"C01";"1";"2";"0";"2";"1";"1";"1";""
"202100029385";"149Â 252";"B01";"1";"2";"0";"2";"3";"1";"1";""
"202100029385";"149Â 253";"A01";"2";"2";"0";"2";"1";"19";"1";""
"202100029386";"149Â 250";"A01";"2";"7";"13";"0";"9";"14";"1";""
"202100029387";"149Â 249";"A01";"2";"7";"0";"0";"7";"14";"1";""
"202100029388";"149Â 247";"A01";"2";"7";"0";"2";"2";"1";"1";""
"202100029388";"149Â 248";"B01";"2";"15";"0";"0";"6";"1";"1";""
"202100029389";"149Â 246";"A01";"3";"10";"0";"1";"2";"1";"1";""
"202100029390";"149Â 244";"B01";"2";"7";"0";"2";"3";"1";"1";""
"202100029390";"149Â 245";"A01";"1";"7";"13";"0";"7";"19";"1";""
"202100029391";"149Â 243";"A01";"2";"2";"0";"0";"0";"1";"1";""
"202100029392";"149Â 242";"A01";"3";"7";"2";"0";"9";"1";"1";""
"202100029393";"149Â 240";"B01";"1";"7";"0";"2";"1";"19";"1";""
"202100029393";"149Â 241";"A01";"2";"33";"0";"2";"7";"1";"1";""
"202100029394";"149Â 237";"A01";"1";"7";"10";"0";"1";"16";"1";""
"202100029395";"149Â 235";"B01";"2";"33";"0";"2";"1";"1";"1";""
"202100029395";"149Â 236";"A01";"1";"7";"0";"2";"1";"1";"1";""
"202100029396";"149Â 234";"A01";"2";"7";"13";"0";"6";"1";"1";""
"202100029397";"149Â 232";"A01";"1";"2";"16";"0";"1";"1";"1";""
"202100029398";"149Â 231";"A01";"1";"7";"0";"1";"4";"4";"1";""
"202100029399";"149Â 229";"A01";"2";"7";"0";"2";"3";"15";"1";""
"202100029399";"149Â 230";"B01";"2";"33";"0";"2";"1";"17";"1";""
"202100029400";"149Â 227";"B01";"1";"13";"0";"9";"3";"1";"1";""
"202100029400";"149Â 228";"A01";"2";"13";"0";"0";"0";"1";"1";""
"202100029401";"149Â 224";"A01";"0";"7";"0";"2";"1";"2";"1";""
"202100029401";"149Â 225";"B01";"0";"7";"0";"0";"4";"15";"1";""
"202100029402";"149Â 223";"A01";"1";"33";"16";"0";"7";"1";"1";""
"202100029403";"149Â 221";"B01";"2";"7";"0";"2";"4";"1";"1";""
"202100029403";"149Â 222";"A01";"2";"7";"0";"2";"1";"1";"1";""
"202100029404";"149Â 220";"A01";"2";"33";"0";"0";"0";"21";"1";""
"202100029405";"149Â 219";"A01";"1";"7";"4";"0";"3";"13";"1";""
"202100029406";"149Â 217";"A01";"2";"14";"0";"2";"1";"1";"1";""
"202100029406";"149Â 218";"B01";"2";"7";"0";"2";"4";"1";"1";""
"202100029407";"149Â 216";"A01";"2";"7";"4";"0";"1";"1";"1";""
"202100029408";"149Â 212";"D01";"1";"10";"0";"2";"1";"2";"1";""
"202100029408";"149Â 213";"C01";"1";"7";"0";"2";"1";"2";"1";""
"202100029408";"149Â 214";"A01";"1";"10";"0";"2";"1";"2";"1";""
"202100029408";"149Â 215";"B01";"1";"10";"0";"2";"4";"2";"1";""
"202100029409";"149Â 211";"A01";"1";"7";"4";"0";"8";"13";"1";""
"202100029410";"149Â 209";"B01";"2";"32";"0";"2";"7";"1";"1";""
"202100029410";"149Â 210";"A01";"2";"10";"0";"2";"8";"11";"1";""
"202100029411";"149Â 206";"C01";"2";"7";"0";"2";"5";"23";"1";""
"202100029411";"149Â 207";"B01";"2";"7";"1";"0";"1";"1";"1";""
"202100029411";"149Â 208";"A01";"2";"7";"1";"0";"3";"1";"1";""
"202100029412";"149Â 205";"A01";"3";"7";"0";"1";"2";"1";"1";""
"202100029413";"149Â 203";"B01";"2";"30";"0";"2";"1";"17";"1";""
"202100029413";"149Â 204";"A01";"1";"10";"0";"2";"3";"15";"1";""
"202100029414";"149Â 202";"A01";"2";"30";"0";"0";"8";"1";"1";""
"202100029415";"149Â 201";"A01";"3";"7";"10";"0";"1";"16";"1";""
"202100029416";"149Â 200";"A01";"1";"7";"0";"1";"3";"15";"1";""
"202100029417";"149Â 199";"A01";"1";"7";"0";"0";"3";"1";"1";""
"202100029418";"149Â 197";"A01";"2";"7";"0";"2";"1";"15";"1";""
"202100029418";"149Â 198";"B01";"2";"7";"0";"2";"3";"1";"1";""
"202100029419";"149Â 195";"A01";"2";"32";"0";"2";"1";"26";"1";""
"202100029419";"149Â 196";"B01";"3";"7";"0";"2";"5";"26";"1";""
"202100029420";"149Â 194";"A01";"2";"31";"6";"0";"1";"1";"1";""
"202100029421";"149Â 193";"A01";"1";"30";"0";"1";"1";"17";"1";""
"202100029422";"149Â 185";"A01";"2";"33";"0";"2";"0";"17";"1";""
"202100029422";"149Â 186";"B01";"2";"10";"0";"2";"0";"15";"1";""
"202100029423";"149Â 183";"A01";"1";"7";"0";"2";"3";"13";"1";""
"202100029423";"149Â 184";"B01";"1";"31";"0";"2";"3";"1";"1";""
"202100029424";"149Â 182";"A01";"1";"7";"0";"9";"3";"1";"1";""
"202100029425";"149Â 180";"B01";"3";"7";"0";"2";"8";"1";"1";""
"202100029425";"149Â 181";"A01";"3";"7";"0";"2";"1";"15";"1";""
"202100029426";"149Â 177";"B01";"1";"7";"0";"2";"2";"1";"1";""
"202100029426";"149Â 178";"A01";"1";"7";"0";"2";"1";"15";"1";""
"202100029427";"149Â 176";"A01";"1";"7";"0";"1";"1";"9";"1";""
"202100029428";"149Â 174";"A01";"2";"7";"0";"2";"1";"1";"1";""
"202100029428";"149Â 175";"B01";"2";"7";"0";"2";"2";"1";"1";""
"202100029429";"149Â 172";"A01";"2";"7";"0";"2";"1";"1";"1";""
"202100029429";"149Â 173";"B01";"2";"7";"0";"2";"4";"1";"1";""
"202100029430";"149Â 170";"B01";"1";"1";"0";"2";"4";"1";"6";""
"202100029430";"149Â 171";"C01";"1";"7";"0";"2";"1";"2";" -1";""
"202100029431";"149Â 169";"A01";"3";"7";"2";"0";"1";"14";"1";""
"202100029432";"149Â 168";"A01";"0";"10";"0";"1";"0";"1";"0";""
"202100029433";"149Â 167";"A01";"1";"32";"0";"0";"1";"19";"1";""
"202100029434";"149Â 165";"Z01";"2";"7";"0";"2";"2";"15";"2";""
"202100029434";"149Â 166";"A01";"1";"33";"0";"2";"1";"1";"1";""
"202100029435";"149Â 164";"A01";"1";"33";"0";"2";"2";"1";"1";""
"202100029436";"149Â 163";"Z01";"1";"34";"0";"1";"1";"2";"1";""
"202100029437";"149Â 162";"A01";"2";"33";"3";"0";"1";"2";"1";""
"202100029438";"149Â 161";"A01";"1";"32";"0";"0";"8";"1";"1";""
"202100029439";"149Â 159";"A01";"1";"43";"0";"2";"2";"3";"1";""
"202100029439";"149Â 160";"B01";"1";"7";"0";"2";"8";"1";"1";""
"202100029440";"149Â 158";"A01";"2";"1";"0";"1";"1";"1";"5";""
"202100029441";"149Â 156";"B01";"1";"7";"0";"2";"3";"16";"1";""
"202100029441";"149Â 157";"A01";"1";"7";"0";"2";"2";"1";"1";""
"202100029442";"149Â 154";"B01";"1";"7";"0";"2";"4";"2";"1";""
"202100029442";"149Â 155";"A01";"1";"30";"0";"2";"1";"1";"3";""
"202100029443";"149Â 152";"B01";"1";"32";"0";"2";"4";"2";"1";""
"202100029443";"149Â 153";"A01";"1";"7";"0";"2";"2";"2";"1";""
"202100029444";"149Â 150";"A01";"1";"7";"0";"2";"3";"1";"1";""
"202100029444";"149Â 151";"Z01";"1";"7";"0";"2";"1";"1";"0";""
"202100029445";"149Â 148";"A01";"1";"7";"0";"2";"2";"1";"1";""
"202100029445";"149Â 149";"B01";"1";"7";"0";"2";"1";"15";"3";""
"202100029446";"149Â 146";"B01";"3";"1";"0";"2";"0";"1";"5";""
"202100029446";"149Â 147";"A01";"3";"7";"0";"2";"2";"1";"1";""
"202100029447";"149Â 144";"A01";"1";"7";"0";"2";"3";"18";"0";""
"202100029447";"149Â 145";"B01";"1";"33";"0";"2";"3";"23";"1";""
"202100029448";"149Â 142";"B01";"2";"34";"0";"2";"8";"1";"1";""
"202100029448";"149Â 143";"A01";"2";"7";"0";"2";"1";"10";"1";""
"202100029449";"149Â 141";"A01";"1";"7";"10";"0";"1";"1";"1";""
"202100029450";"149Â 139";"A01";"3";"7";"0";"2";"4";"23";"1";""
"202100029450";"149Â 140";"B01";" -1";"7";"0";"2";"0";"0";"1";""
"202100029451";"149Â 138";"A01";"1";"7";"14";"0";"0";"9";"1";""
"202100029452";"149Â 136";"A01";"1";"7";"8";"0";"1";"21";"1";""
"202100029452";"149Â 137";"B01";"2";"7";"0";"0";"0";"0";"2";""
"202100029453";"149Â 135";"A01";"2";"30";"0";"1";"1";"1";"3";""
"202100029454";"149Â 133";"A01";"3";"7";"0";"2";"2";"15";"1";""
"202100029454";"149Â 134";"B01";"3";"50";"0";"2";"1";"1";"3";""
"202100029455";"149Â 131";"B01";"2";"2";"0";"2";"0";"1";"6";""
"202100029455";"149Â 132";"A01";"1";"2";"0";"2";"1";"1";"6";""
"202100029456";"149Â 130";"A01";"1";"0";"0";"1";"3";"9";"0";""
"202100029457";"149Â 129";"A01";"3";"7";"13";"1";"2";"1";"1";""
"202100029458";"149Â 128";"A01";"1";"7";"16";"0";"9";"1";"1";""
"202100029459";"149Â 127";"A01";"3";"7";"0";"1";"1";"15";"1";""
"202100029460";"149Â 124";"C01";"1";"7";"0";"2";"1";"2";"1";""
"202100029460";"149Â 125";"B01";"1";"7";"0";"2";"1";"1";"1";""
"202100029460";"149Â 126";"A01";"1";"7";"0";"2";"1";"5";"1";""
"202100029461";"149Â 123";"A01";"1";"7";"13";"0";"1";"1";"1";""
"202100029462";"149Â 121";"A01";"2";"7";"0";"2";"2";"12";"2";""
"202100029462";"149Â 122";"B01";"2";"7";"3";"2";"8";"1";"1";""
"202100029463";"149Â 120";"A01";"1";"7";"0";"5";"2";"1";"1";""
"202100029464";"149Â 119";"A01";"3";"7";"0";"0";"3";"1";"1";""
"202100029465";"149Â 117";"A01";"1";"7";"0";"2";"1";"13";"1";""
"202100029465";"149Â 118";"B01";"2";"7";"0";"2";"1";"26";"1";""
"202100029466";"149Â 116";"A01";"2";"7";"2";"0";"1";"14";"1";""
"202100029467";"149Â 115";"A01";"1";"7";"0";"0";"0";"1";"6";""
"202100029468";"149Â 112";"A01";"2";"33";"0";"2";"2";"2";"1";""
"202100029468";"149Â 113";"B01";"2";"33";"0";"2";"4";"2";"1";""
"202100029468";"149Â 114";"C01";"2";"33";"0";"2";"1";"2";"1";""
"202100029469";"149Â 110";"A01";"3";"2";"0";"2";"2";"13";"1";""
"202100029469";"149Â 111";"B01";"3";"7";"0";"2";"2";"21";"1";""
"202100029470";"149Â 108";"B01";"2";"10";"0";"2";"1";"1";"1";""
"202100029470";"149Â 109";"A01";"1";"7";"0";"2";"7";"13";"1";""
"202100029471";"149Â 107";"A01";"3";"10";"1";"1";"1";"2";"1";""
"202100029472";"149Â 105";"A01";"1";"7";"0";"2";"3";"13";"1";""
"202100029472";"149Â 106";"B01";"2";"7";"0";"2";"8";"1";"1";""
"202100029473";"149Â 103";"A01";"2";"7";"7";"2";"1";"9";"1";""
"202100029473";"149Â 104";"B01";"2";"7";"0";"2";"8";"0";"1";""
"202100029474";"149Â 101";"B01";"2";"33";"0";"2";"8";"1";"1";""
"202100029474";"149Â 102";"A01";"1";"33";"0";"2";"8";"5";"1";""
"202100029475";"149Â 100";"A01";"0";"7";"6";"0";"1";"1";"1";""
"202100029476";"149Â 099";"A01";"1";"7";"2";"0";"2";"14";"1";""
"202100029477";"149Â 098";"A01";"1";"7";"2";"0";"1";"1";"1";""
"202100029478";"149Â 097";"A01";"1";"33";"0";"0";"8";"1";"1";""
"202100029479";"149Â 096";"A01";"1";"7";"4";"0";"3";"1";"1";""
"202100029480";"149Â 094";"A01";"3";"7";"0";"2";"1";"11";"1";""
"202100029480";"149Â 095";"B01";"3";"7";"0";"2";"1";"1";"1";""
"202100029481";"149Â 092";"B01";"0";"1";"0";"2";"4";"19";"5";""
"202100029481";"149Â 093";"A01";"2";"33";"0";"0";"7";"0";"1";""
"202100029482";"149Â 091";"A01";"1";"7";"6";"0";"1";"14";"1";""
"202100029483";"149Â 090";"A01";"3";"33";"4";"0";"1";"14";"1";""
"202100029484";"149Â 089";"A01";"2";"7";"2";"0";"1";"1";"1";""
"202100029485";"149Â 087";"B01";"1";"7";"0";"0";"7";"1";"1";""
"202100029485";"149Â 088";"A01";"1";"7";"0";"2";"1";"19";"2";""
"202100029486";"149Â 085";"A01";"1";"7";"0";"2";"1";"9";"1";""
"202100029486";"149Â 086";"B01";"2";"2";"0";"2";"1";"1";"1";""
"202100029487";"149Â 084";"A01";"2";"50";"0";"0";"0";"1";"3";""
"202100029488";"149Â 083";"A01";"3";"33";"16";"0";"0";"1";"1";""
"202100029489";"149Â 081";"A01";"1";"33";"0";"2";"1";"1";"1";""
"202100029489";"149Â 082";"B01";"1";"33";"0";"2";"3";"15";"1";""
"202100029490";"149Â 079";"A01";"1";"33";"13";"2";"1";"17";"1";""
"202100029490";"149Â 080";"B01";"2";"33";"0";"2";"1";"1";"1";""
"202100029491";"149Â 077";"A01";"1";"7";"0";"2";"1";"13";"1";""
"202100029491";"149Â 078";"B01";"2";"10";"0";"2";"1";"1";"1";""
"202100029492";"149Â 076";"A01";"1";"2";"0";"0";"0";"0";"1";""
"202100029493";"149Â 074";"B01";"3";"2";"0";"2";"1";"1";"1";""
"202100029493";"149Â 075";"A01";"3";"7";"0";"2";"3";"15";"1";""
"202100029494";"149Â 073";"A01";"1";"99";"0";"9";"2";"1";"6";""
"202100029495";"149Â 072";"A01";"3";"10";"2";"0";"3";"13";"1";""
"202100029496";"149Â 070";"A01";"1";"7";"0";"2";"1";"13";"1";""
"202100029496";"149Â 071";"B01";"2";"7";"0";"2";"3";"1";"1";""
"202100029497";"149Â 069";"A01";"2";"1";"0";"0";"0";"0";"5";""
"202100029498";"149Â 067";"B01";"2";"33";"0";"2";"1";"1";"1";""
"202100029498";"149Â 068";"A01";"1";"7";"0";"2";"3";"19";"1";""
"202100029499";"149Â 064";"B01";"2";"15";"5";"2";"3";"1";"1";""
"202100029499";"149Â 065";"A01";"1";"7";"0";"2";"3";"13";"1";""
"202100029500";"149Â 062";"A01";"2";"2";"0";"2";"1";"1";"1";""
"202100029500";"149Â 063";"B01";"1";"21";"0";"2";"3";"1";"1";""
"202100029501";"149Â 061";"A01";"3";"33";"0";"0";"1";"16";"1";""
"202100029502";"149Â 059";"A01";"3";"33";"0";"2";"3";"13";"1";""
"202100029502";"149Â 060";"B01";"3";"7";"0";"2";"3";"1";"1";""
"202100029503";"149Â 058";"A01";"3";"31";"0";"0";"7";"0";"1";""
"202100029504";"149Â 057";"A01";"0";"33";"13";"0";"2";"1";"1";""
"202100029505";"149Â 055";"A01";"1";"7";"0";"2";"1";"19";"1";""
"202100029505";"149Â 056";"B01";"2";"7";"0";"2";"8";"1";"1";""
"202100029506";"149Â 054";"A01";"0";"36";"0";"0";"7";"1";"1";""
"202100029507";"149Â 052";"B01";"1";"31";"0";"2";"3";"1";"1";""
"202100029507";"149Â 053";"A01";"2";"1";"0";"2";"2";"15";"5";""
"202100029508";"149Â 051";"A01";"2";"7";"1";"0";"1";"1";"1";""
"202100029509";"149Â 047";"D01";"1";"7";"0";"2";"1";"1";"1";""
"202100029509";"149Â 048";"C01";"1";"7";"0";"2";"1";"1";"1";""
"202100029509";"149Â 049";"B01";"2";"7";"0";"2";"3";"1";"1";""