"Num_Acc";"id_vehicule";"num_veh";"senc";"catv";"obs";"obsm";"choc";"manv";"motor";"occutc"
"202100029509";"149Â 050";"A01";"2";"7";"13";"2";"3";"13";"1";""
"202100029510";"149Â 046";"A01";"3";"7";"13";"0";"9";"1";"1";""
"202100029511";"149Â 045";"A01";"1";"33";"0";"0";"8";"21";"1";""
"202100029512";"149Â 044";"A01";"2";"7";"6";"0";"2";"17";"1";""
"202100029513";"149Â 043";"A01";"2";"7";"0";"0";"3";"0";"1";""
"202100029514";"149Â 041";"A01";"1";"7";"0";"2";"1";"13";"1";""
"202100029514";"149Â 042";"B01";"2";"10";"0";"2";"3";"1";"1";""
"202100029515";"149Â 040";"A01";"1";"7";"3";"0";"3";"17";"1";""
"202100029516";"149Â 036";"A01";"1";"7";"0";"0";"4";"23";"1";""
"202100029516";"149Â 037";"B01";"1";"7";"0";"2";"1";"26";"1";""
"202100029516";"149Â 038";"D01";"1";"7";"0";"2";"1";"1";"1";""
"202100029516";"149Â 039";"C01";"1";"7";"0";"2";"4";"21";"1";""
"202100029517";"149Â 032";"A01";"1";"14";"0";"2";"3";"13";"1";""
"202100029517";"149Â 033";"B01";"2";"10";"0";"2";"3";"0";"1";""
"202100029517";"149Â 034";"C01";"2";"10";"0";"2";"1";"0";"1";""
"202100029517";"149Â 035";"D01";"2";"7";"13";"2";"3";"0";"1";""
"202100029518";"149Â 030";"A01";"2";"7";"3";"2";"1";"1";"1";""
"202100029518";"149Â 031";"B01";"2";"7";"0";"0";"4";"1";"1";""
"202100029519";"149Â 028";"A01";"2";"7";"0";"2";"0";"0";"1";""
"202100029519";"149Â 029";"B01";"2";"7";"4";"2";"3";"1";"1";""
"202100029520";"149Â 027";"A01";"3";"10";"8";"0";"3";"1";"1";""
"202100029521";"149Â 025";"A01";"2";"33";"0";"2";"3";"17";"1";""
"202100029521";"149Â 026";"B01";"2";"10";"0";"0";"4";"15";"1";""
"202100029522";"149Â 023";"A01";"1";"7";"0";"2";"3";"13";"1";""
"202100029522";"149Â 024";"B01";"2";"7";"0";"0";"3";"1";"1";""
"202100029523";"149Â 021";"A01";"0";"30";"0";"2";"1";"5";"0";""
"202100029523";"149Â 022";"B01";"0";"7";"0";"2";"2";"1";"1";""
"202100029524";"149Â 020";"A01";"1";"32";"0";"1";"1";"1";"1";""
"202100029525";"149Â 019";"A01";"3";"7";"14";"0";"1";"13";"1";""
"202100029526";"149Â 017";"A01";"1";"7";"0";"2";"1";"13";"1";""
"202100029526";"149Â 018";"B01";"2";"10";"0";"2";"1";"1";"1";""
"202100029527";"149Â 016";"A01";"0";"36";"0";"0";"0";"26";"0";""
"202100029528";"149Â 012";"B01";"2";"7";"0";"2";"1";"2";"1";""
"202100029528";"149Â 013";"C01";"2";"7";"0";"2";"2";"1";"1";""
"202100029528";"149Â 014";"D01";"1";"7";"14";"0";"3";"1";"1";""
"202100029528";"149Â 015";"A01";"2";"7";"4";"0";"1";"1";"1";""
"202100029529";"149Â 010";"B01";"1";"33";"0";"2";"2";"16";"1";""
"202100029529";"149Â 011";"A01";"1";"7";"0";"0";"6";"2";"1";""
"202100029530";"149Â 009";"A01";"1";"7";"13";"0";"7";"0";"1";""
"202100029531";"149Â 008";"A01";"1";"7";"5";"0";"1";"0";"1";""
"202100029532";"149Â 007";"A01";"0";"10";"0";"1";"5";"26";"3";""
"202100029533";"149Â 001";"A01";"2";"7";"6";"0";"1";"0";"1";""
"202100029534";"149Â 000";"A01";"3";"7";"0";"1";"1";"0";"1";""
"202100029535";"148Â 998";"A01";"0";"7";"0";"9";"7";"1";"1";""
"202100029535";"148Â 999";"B01";"0";"1";"0";"2";"8";"2";"5";""
"202100029536";"148Â 996";"B01";"2";"7";"0";"2";"8";"1";"1";""
"202100029536";"148Â 997";"A01";"3";"7";"0";"2";"1";"15";"1";""
"202100029537";"148Â 995";"A01";"1";"7";"2";"0";"1";"0";"1";""
"202100029538";"148Â 993";"A01";"1";"7";"0";"9";"0";"2";"0";""
"202100029538";"148Â 994";"B01";"1";"1";"6";"2";"4";"0";"6";""
"202100029539";"148Â 992";"A01";"1";"7";"2";"0";"1";"13";"1";""
"202100029540";"148Â 991";"A01";"1";"7";"0";"1";"1";"1";"1";""
"202100029541";"148Â 989";"B01";"3";"7";"0";"2";"6";"15";"1";""
"202100029541";"148Â 990";"A01";"1";"31";"0";"2";"2";"1";"1";""
"202100029542";"148Â 988";"A01";"2";"7";"2";"0";"1";"13";"1";""
"202100029543";"148Â 986";"A01";"1";"7";"4";"2";"2";"12";"1";""
"202100029543";"148Â 987";"B01";"1";"7";"0";"2";"3";"18";"1";""
"202100029544";"148Â 984";"A01";"1";"7";"0";"2";"4";"1";"1";""
"202100029544";"148Â 985";"B01";"1";"7";"0";"2";"1";"2";"1";""
"202100029545";"148Â 982";"B01";"1";"7";"0";"2";"3";"15";"1";""
"202100029545";"148Â 983";"A01";"2";"30";"0";"2";"1";"26";"1";""
"202100029546";"148Â 979";"C01";"2";"7";"0";"0";"6";"2";"1";""
"202100029546";"148Â 980";"B01";"2";"10";"0";"2";"2";"2";"1";""
"202100029546";"148Â 981";"A01";"2";"10";"0";"2";"1";"2";"1";""
"202100029547";"148Â 978";"A01";"1";"7";"4";"0";"0";"26";"1";""
"202100029548";"148Â 976";"Z01";"1";"7";"0";"2";"1";"1";"0";""
"202100029548";"148Â 977";"A01";"1";"7";"0";"2";"4";"1";"1";""
"202100029549";"148Â 974";"B01";"1";"7";"0";"2";"4";"2";"1";""
"202100029549";"148Â 975";"A01";"1";"7";"0";"2";"1";"2";"1";""
"202100029550";"148Â 970";"A01";"2";"7";"6";"0";"2";"1";"1";""
"202100029551";"148Â 969";"A01";"2";"7";"0";"0";"3";"9";"1";""
"202100029552";"148Â 967";"B01";"2";"7";"0";"0";"4";"2";"1";""
"202100029552";"148Â 968";"A01";"2";"7";"0";"2";"1";"2";"1";""
"202100029553";"148Â 966";"A01";"1";"7";"4";"0";"1";"1";"1";""
"202100029554";"148Â 964";"B01";"1";"7";"0";"2";"4";"2";"1";""
"202100029554";"148Â 965";"A01";"1";"7";"0";"2";"1";"1";"1";""
"202100029555";"148Â 961";"C01";"2";"7";"0";"2";"1";"1";"1";""
"202100029555";"148Â 962";"A01";"1";"7";"0";"2";"1";"21";"1";""
"202100029555";"148Â 963";"B01";"2";"7";"0";"2";"4";"23";"1";""
"202100029556";"148Â 959";"A01";"1";"7";"0";"2";"2";"2";"1";""
"202100029556";"148Â 960";"B01";"1";"10";"0";"2";"4";"2";"1";""
"202100029557";"148Â 957";"A01";"1";"33";"0";"2";"3";"3";"1";""
"202100029557";"148Â 958";"B01";"1";"7";"0";"2";"5";"1";"1";""
"202100029558";"148Â 955";"B01";"2";"15";"0";"2";"4";"2";"1";""
"202100029558";"148Â 956";"A01";"2";"13";"0";"2";"1";"2";"1";""
"202100029559";"148Â 953";"A01";"2";"33";"1";"0";"9";"18";"1";""
"202100029559";"148Â 954";"B01";"2";"7";"0";"0";"6";"23";"1";""
"202100029560";"148Â 951";"A01";"1";"7";"0";"2";"4";"2";"1";""
"202100029560";"148Â 952";"B01";"1";"33";"0";"2";"1";"2";"1";""
"202100029561";"148Â 950";"A01";"1";"7";"0";"1";"1";"1";"1";""
"202100029562";"148Â 948";"B01";"2";"33";"1";"2";"8";"1";"1";""
"202100029562";"148Â 949";"A01";"2";"7";"1";"2";"1";"15";"1";""
"202100029563";"148Â 947";"A01";"3";"7";"0";"1";"3";"1";"1";""
"202100029564";"148Â 945";"B01";"3";"7";"0";"2";"7";"1";"1";""
"202100029564";"148Â 946";"A01";"3";"7";"0";"2";"1";"1";"1";""
"202100029565";"148Â 943";"B01";"1";"7";"0";"2";"4";"1";"1";""
"202100029565";"148Â 944";"A01";"1";"32";"0";"2";"1";"2";"1";""
"202100029566";"148Â 941";"B01";"2";"0";"0";"2";"8";"15";"0";""
"202100029566";"148Â 942";"A01";"1";"7";"0";"9";"1";"1";"1";""
"202100029567";"148Â 939";"A01";"2";"7";"0";"2";"1";"15";"1";""
"202100029567";"148Â 940";"B01";"2";"7";"0";"2";"8";"1";"1";""
"202100029568";"148Â 938";"A01";"1";"10";"0";"1";"1";"1";"1";""
"202100029569";"148Â 937";"A01";"2";"7";"4";"2";"3";"0";"1";""
"202100029570";"148Â 935";"A01";"1";"33";"0";"2";"1";"1";"1";""
"202100029570";"148Â 936";"B01";"1";"37";"0";"2";"3";"15";"1";"1"
"202100029571";"148Â 933";"B01";"2";"7";"0";"2";"6";"1";"1";""
"202100029571";"148Â 934";"A01";"2";"33";"0";"2";"1";"1";"1";""
"202100029572";"148Â 932";"A01";"1";"7";"1";"0";"3";"13";"1";""
"202100029573";"148Â 930";"B01";"1";"7";"0";"2";"4";"23";"1";""
"202100029573";"148Â 931";"A01";"1";"7";"0";"2";"1";"2";"1";""
"202100029574";"148Â 928";"A01";"1";"7";"0";"2";"3";"13";"1";""
"202100029574";"148Â 929";"B01";"2";"7";"0";"2";"3";"1";"1";""
"202100029575";"148Â 927";"A01";"1";"37";"0";"0";"0";"26";"1";"2"
"202100029576";"148Â 925";"A01";"2";"33";"0";"2";"1";"2";"0";""
"202100029576";"148Â 926";"B01";"2";"7";"0";"2";"4";"2";"1";""
"202100029577";"148Â 924";"A01";"1";"7";"9";"1";"1";"14";"1";""
"202100029578";"148Â 922";"B01";"2";"1";"0";"2";"8";"1";"5";""
"202100029578";"148Â 923";"A01";"2";"7";"0";"2";"2";"17";"1";""
"202100029579";"148Â 919";"A01";"2";"7";"14";"2";"3";"13";"1";""
"202100029579";"148Â 920";"B01";"1";"7";"0";"2";"6";"1";"1";""
"202100029579";"148Â 921";"C01";"1";"7";"0";"2";"1";"1";"1";""
"202100029580";"148Â 918";"A01";"1";"7";"1";"1";"2";"1";"1";""
"202100029581";"148Â 914";"A01";"3";"7";"0";"2";"1";"1";"1";""
"202100029581";"148Â 915";"B01";"0";"50";"0";"2";"0";"0";"3";""
"202100029582";"148Â 913";"A01";"2";"50";"0";"0";"1";"1";"3";""
"202100029583";"148Â 910";"B01";"1";"7";"0";"2";"6";"1";"1";""
"202100029583";"148Â 911";"C01";"1";"7";"0";"2";"4";"1";"3";""
"202100029583";"148Â 912";"A01";"1";"34";"0";"2";"1";"17";"0";""
"202100029584";"148Â 908";"B01";"1";"7";"0";"2";"1";"1";"1";""
"202100029584";"148Â 909";"A01";"1";"7";"0";"2";"3";"26";"1";""
"202100029585";"148Â 906";"B01";"2";"3";"0";"2";"7";"2";"1";""
"202100029585";"148Â 907";"A01";"2";"7";"0";"2";"1";"9";"1";""
"202100029586";"148Â 904";"A01";"1";"7";"0";"2";"3";"2";"1";""
"202100029586";"148Â 905";"B01";"2";"7";"0";"2";"1";"15";"1";""
"202100029587";"148Â 902";"A01";"1";"7";"0";"2";"1";"1";"1";""
"202100029587";"148Â 903";"B01";"1";"7";"0";"2";"4";"1";"1";""
"202100029588";"148Â 900";"B01";"1";"10";"0";"2";"4";"1";"1";""
"202100029588";"148Â 901";"A01";"1";"10";"0";"2";"1";"1";"1";""
"202100029589";"148Â 898";"B01";"1";"30";"1";"2";"1";"17";"1";""
"202100029589";"148Â 899";"A01";"1";"7";"0";"2";"6";"15";"1";""
"202100029590";"148Â 896";"B01";"3";"1";"0";"0";"1";"26";"5";""
"202100029590";"148Â 897";"A01";"1";"7";"0";"2";"7";"1";"1";""
"202100029591";"148Â 893";"B01";"1";"7";"0";"2";"9";"1";"1";""
"202100029591";"148Â 894";"A01";"3";"14";"0";"2";"7";"14";"1";""
"202100029592";"148Â 891";"A01";"1";"33";"0";"2";"2";"17";"1";""
"202100029592";"148Â 892";"B01";"1";"7";"0";"9";"2";"5";"1";""
"202100029593";"148Â 890";"A01";"1";"7";"0";"0";"4";"0";"1";""
"202100029594";"148Â 888";"B01";"1";"10";"0";"2";"7";"22";"1";""
"202100029594";"148Â 889";"A01";"1";"50";"0";"2";"1";"25";"3";""
"202100029595";"148Â 886";"A01";"2";"7";"0";"2";"1";"2";"1";""
"202100029595";"148Â 887";"B01";"2";"7";"0";"2";"4";"2";"1";""
"202100029596";"148Â 884";"B01";"0";"7";"0";"2";"4";"2";"1";""
"202100029596";"148Â 885";"A01";"0";"7";"0";"2";"1";"26";"1";""
"202100029597";"148Â 883";"A01";"0";"10";"0";"1";"1";"2";"4";""
"202100029598";"148Â 881";"A01";"1";"7";"0";"2";"1";"1";"3";""
"202100029598";"148Â 882";"B01";"1";"7";"0";"2";"6";"1";"1";""
"202100029599";"148Â 880";"Z01";"2";"7";"1";"0";"1";"5";"1";""
"202100029600";"148Â 878";"A01";"1";"7";"0";"2";"2";"1";"1";""
"202100029600";"148Â 879";"B01";"0";"2";"0";"2";"1";"1";"1";""
"202100029601";"148Â 874";"B01";"1";"7";"0";"2";"1";"1";"1";""
"202100029601";"148Â 875";"A01";"2";"13";"0";"2";"3";"15";"1";""
"202100029602";"148Â 873";"A01";"1";"7";"0";"1";"4";"26";"1";""
"202100029603";"148Â 871";"A01";"1";"7";"2";"2";"1";"5";"1";""
"202100029603";"148Â 872";"B01";"1";"7";"0";"2";"1";"1";"1";""
"202100029604";"148Â 870";"A01";"3";"30";"12";"0";"1";"9";"1";""
"202100029605";"148Â 866";"A01";"2";"7";"0";"2";"5";"15";"1";""
"202100029605";"148Â 867";"B01";"1";"33";"0";"2";"1";"1";"0";""
"202100029606";"148Â 864";"B01";"1";"7";"0";"2";"2";"0";"1";""
"202100029606";"148Â 865";"A01";"1";"7";"0";"2";"1";"26";"1";""
"202100029607";"148Â 862";"B01";"2";"7";"0";"2";"3";"26";"1";""
"202100029607";"148Â 863";"A01";"1";"33";"0";"2";"2";"2";"1";""
"202100029608";"148Â 860";"A01";"0";"7";"0";"2";"1";"0";"1";""
"202100029608";"148Â 861";"Z01";"0";"7";"0";"2";"1";"13";"1";""
"202100029609";"148Â 859";"A01";"2";"30";"5";"0";"1";"1";"1";""
"202100029610";"148Â 858";"A01";"1";"33";"1";"0";"1";"14";"1";""
"202100029611";"148Â 856";"A01";"2";"7";"0";"2";"1";"1";"1";""
"202100029611";"148Â 857";"B01";"2";"7";"0";"2";"7";"1";"1";""
"202100029612";"148Â 854";"B01";"2";"7";"0";"2";"3";"1";"1";""
"202100029612";"148Â 855";"A01";"2";"7";"0";"2";"8";"13";"1";""
"202100029613";"148Â 852";"B01";"1";"10";"0";"2";"3";"4";"1";""
"202100029613";"148Â 853";"A01";"1";"2";"0";"2";"3";"26";"1";""
"202100029614";"148Â 851";"A01";"0";"7";"8";"1";"1";"14";"1";""
"202100029615";"148Â 849";"A01";"1";"10";"0";"2";"2";"16";"0";""
"202100029615";"148Â 850";"B01";"1";"1";"0";"2";"8";"1";"5";""
"202100029616";"148Â 847";"B01";"2";"32";"0";"2";"2";"17";"1";""
"202100029616";"148Â 848";"A01";"2";"30";"0";"2";"3";"13";"1";""
"202100029617";"148Â 845";"A01";"2";"32";"0";"2";"1";"7";"1";""
"202100029617";"148Â 846";"B01";"1";"7";"0";"2";"1";"15";"1";""
"202100029618";"148Â 843";"B01";"1";"7";"0";"2";"3";"1";"1";""
"202100029618";"148Â 844";"A01";"2";"7";"0";"2";"3";"13";"1";""
"202100029619";"148Â 842";"A01";"2";"30";"0";"0";"1";"1";"3";""
"202100029620";"148Â 841";"A01";"3";"50";"8";"0";"1";"25";"3";""
"202100029621";"148Â 839";"B01";"1";"7";"0";"2";"5";"2";"1";""
"202100029621";"148Â 840";"A01";"1";"30";"0";"2";"1";"2";"1";""
"202100029622";"148Â 837";"B01";"2";"30";"0";"2";"8";"1";"1";""
"202100029622";"148Â 838";"A01";"1";"30";"0";"2";"1";"15";"1";""
"202100029623";"148Â 835";"B01";"2";"30";"0";"2";"3";"18";"1";""
"202100029623";"148Â 836";"A01";"2";"7";"0";"2";"7";"22";"1";""
"202100029624";"148Â 833";"B01";"2";"7";"0";"2";"8";"1";"1";""
"202100029624";"148Â 834";"A01";"3";"7";"0";"2";"1";"1";"1";""
"202100029625";"148Â 832";"A01";"1";"1";"14";"0";"0";"16";"5";""
"202100029626";"148Â 830";"B01";"1";"33";"0";"2";"1";"7";"1";""
"202100029626";"148Â 831";"A01";"2";"33";"0";"2";"5";"10";"1";""
"202100029627";"148Â 828";"B01";"1";"7";"0";"2";"1";"1";"1";""
"202100029627";"148Â 829";"A01";"1";"7";"0";"0";"7";"2";"0";""
"202100029628";"148Â 827";"A01";"1";"7";"2";"0";"1";"26";"1";""
"202100029629";"148Â 825";"B01";"2";"1";"0";"2";"8";"13";"5";""
"202100029629";"148Â 826";"A01";"1";"7";"0";"2";"2";"1";"1";""
"202100029630";"148Â 823";"B01";"3";"7";"0";"2";"7";"11";"1";""
"202100029630";"148Â 824";"A01";"3";"7";"0";"2";"1";"0";"1";""
"202100029631";"148Â 822";"A01";"1";"7";"12";"0";"9";"15";"1";""
"202100029632";"148Â 819";"A01";"1";"10";"0";"2";"1";"17";"1";""
"202100029632";"148Â 820";"C01";"1";"7";"0";"2";"6";"23";"1";""
"202100029632";"148Â 821";"B01";"2";"7";"0";"2";"1";"1";"1";""
"202100029633";"148Â 818";"A01";"2";"7";"9";"1";"3";"15";"1";""
"202100029634";"148Â 816";"B01";"1";"7";"0";"2";"3";"1";"1";""
"202100029634";"148Â 817";"A01";"2";"10";"1";"2";"3";"17";"1";""
"202100029635";"148Â 814";"A01";"0";"7";"0";"9";"2";"18";"1";""
"202100029635";"148Â 815";"B01";"0";"1";"0";"2";"8";"0";"0";""
"202100029636";"148Â 813";"A01";"1";"7";"0";"1";"1";"16";"1";""
"202100029637";"148Â 811";"B01";"2";"30";"0";"2";"1";"1";"1";""
"202100029637";"148Â 812";"A01";"2";"7";"0";"2";"6";"15";"1";""
"202100029638";"148Â 810";"A01";"2";"7";"1";"0";"1";"1";"1";""
"202100029639";"148Â 808";"B01";"2";"7";"0";"2";"5";"23";"1";""
"202100029639";"148Â 809";"A01";"2";"10";"0";"2";"3";"13";"1";""
"202100029640";"148Â 807";"A01";"1";"31";"0";"1";"1";"26";"1";""
"202100029641";"148Â 806";"A01";"1";"2";"0";"0";"8";"13";"1";""
"202100029642";"148Â 804";"A01";"1";"7";"0";"2";"1";"9";"1";""
"202100029642";"148Â 805";"B01";"1";"7";"0";"2";"1";"1";"1";""
"202100029643";"148Â 803";"A01";"2";"7";"13";"0";"3";"1";"1";""
"202100029644";"148Â 800";"C01";"1";"7";"0";"2";"3";"21";"1";""
"202100029644";"148Â 801";"B01";"1";"7";"0";"2";"3";"21";"1";""
"202100029644";"148Â 802";"A01";"2";"7";"0";"2";"3";"13";"1";""
"202100029645";"148Â 798";"B01";"1";"33";"0";"0";"4";"0";"1";""
"202100029645";"148Â 799";"A01";"1";"7";"0";"2";"1";"1";"1";""
"202100029646";"148Â 795";"C01";"2";"1";"0";"0";"8";"1";"5";""
"202100029646";"148Â 796";"B01";"2";"1";"0";"0";"8";"1";"5";""
"202100029646";"148Â 797";"A01";"1";"33";"6";"2";"7";"1";"1";""
"202100029647";"148Â 794";"A01";"1";"7";"3";"0";"1";"1";"1";""
"202100029648";"148Â 792";"B01";"1";"7";"3";"2";"4";"2";"1";""
"202100029648";"148Â 793";"A01";"1";"7";"0";"2";"1";"2";"1";""
"202100029649";"148Â 791";"A01";"1";"33";"0";"0";"8";"21";"1";""
"202100029650";"148Â 789";"A01";"1";"7";"0";"0";"6";"1";"1";""
"202100029650";"148Â 790";"B01";"1";"7";"0";"2";"2";"2";"1";""
"202100029651";"148Â 788";"A01";"2";"7";"12";"0";"1";"0";"1";""
"202100029652";"148Â 787";"A01";"1";"7";"4";"0";"3";"11";"1";""
"202100029653";"148Â 786";"A01";"1";"2";"12";"0";"2";"1";"1";""
"202100029654";"148Â 785";"A01";"1";"7";"6";"0";"1";"5";"1";""
"202100029655";"148Â 783";"A01";"1";"7";"0";"2";"7";"13";"1";""
"202100029655";"148Â 784";"B01";"2";"7";"0";"2";"1";"1";"1";""
"202100029656";"148Â 781";"A01";"1";"7";"0";"9";"2";"17";"1";""
"202100029656";"148Â 782";"B01";"1";"60";"0";"2";"8";"19";"5";""
"202100029657";"148Â 778";"A01";"2";"31";"0";"2";"1";"17";"1";""
"202100029657";"148Â 779";"B01";"1";"7";"0";"2";"8";"5";"1";""
"202100029657";"148Â 780";"C01";"2";"7";"0";"2";"6";"2";"1";""
"202100029658";"148Â 777";"A01";"2";"7";"15";"0";"1";"13";"1";""
"202100029659";"148Â 776";"A01";"1";"7";"2";"0";"8";"13";"1";""
"202100029660";"148Â 775";"A01";"2";"33";"0";"0";"0";"17";"1";""
"202100029661";"148Â 773";"B01";"2";"7";"0";"2";"1";"1";"1";""
"202100029661";"148Â 774";"A01";"1";"7";"0";"2";"1";"13";"1";""
"202100029662";"148Â 771";"A01";"2";"7";"0";"2";"3";"9";"1";""
"202100029662";"148Â 772";"B01";"1";"7";"0";"2";"2";"1";"1";""
"202100029663";"148Â 770";"A01";"2";"33";"0";"0";"8";"2";"1";""
"202100029664";"148Â 769";"A01";"2";"33";"0";"0";"7";"1";"1";""
"202100029665";"148Â 768";"A01";"1";"7";"0";"0";"0";"17";"1";""
"202100029666";"148Â 766";"A01";"1";"7";"0";"2";"1";"1";"1";""
"202100029666";"148Â 767";"B01";"2";"7";"0";"0";"5";"1";"1";""
"202100029667";"148Â 764";"A01";"2";"31";"0";"2";"1";"1";"1";""
"202100029667";"148Â 765";"B01";"1";"7";"0";"2";"3";"9";"1";""
"202100029668";"148Â 763";"A01";"1";"33";"6";"0";"2";"1";"1";""
"202100029669";"148Â 762";"A01";"1";"7";"13";"0";"2";"1";"6";""
"202100029670";"148Â 761";"A01";"2";"7";"2";"0";"0";"14";"1";""
"202100029671";"148Â 759";"B01";"1";"33";"0";"2";"6";"3";"1";""
"202100029671";"148Â 760";"A01";"1";"7";"0";"2";"2";"12";"1";""
"202100029672";"148Â 758";"A01";"2";"1";"0";"1";"1";"1";"5";""
"202100029673";"148Â 756";"A01";"2";"7";"0";"2";"0";"1";"1";""
"202100029673";"148Â 757";"B01";"1";"7";"0";"9";"1";"1";"1";""
"202100029674";"148Â 754";"A01";"1";"7";"0";"2";"1";"13";"1";""
"202100029674";"148Â 755";"B01";"2";"32";"0";"2";"1";"1";"1";""
"202100029675";"148Â 752";"A01";"1";"2";"0";"2";"3";"19";"1";""
"202100029675";"148Â 753";"B01";"2";"7";"0";"2";"2";"13";"1";""
"202100029676";"148Â 749";"A01";"2";"7";"3";"0";"2";"1";"1";""
"202100029677";"148Â 747";"A01";"3";"7";"0";"2";"3";"1";"1";""
"202100029677";"148Â 748";"B01";"3";"7";"0";"2";"8";"1";"1";""
"202100029678";"148Â 745";"A01";"2";"7";"0";"0";"1";"1";"1";""
"202100029679";"148Â 743";"B01";"0";"33";"0";"2";"1";"1";"1";""
"202100029679";"148Â 744";"A01";"0";"7";"0";"2";"1";"5";"1";""
"202100029680";"148Â 742";"A01";"1";"7";"2";"0";"2";"1";"1";""
"202100029681";"148Â 740";"B01";"2";"7";"0";"0";"0";"11";"1";""
"202100029681";"148Â 741";"A01";"1";"1";"0";"0";"7";"21";"5";""
"202100029682";"148Â 739";"A01";"3";"36";"2";"0";"1";"13";"1";""
"202100029683";"148Â 738";"A01";"1";"7";"2";"0";"2";"1";"1";""
"202100029684";"148Â 736";"B01";"1";"7";"3";"2";"2";"1";"1";""
"202100029684";"148Â 737";"A01";"2";"7";"13";"2";"3";"1";"1";""
"202100029685";"148Â 735";"A01";"3";"31";"0";"0";"1";"1";"1";""
"202100029686";"148Â 734";"A01";"2";"2";"15";"6";"1";"1";"1";""
"202100029687";"148Â 733";"A01";"1";"7";"2";"0";"7";"1";"1";""
"202100029688";"148Â 731";"B01";"2";"7";"0";"2";"7";"11";"1";""
"202100029688";"148Â 732";"A01";"2";"14";"0";"2";"8";"13";"6";""
"202100029689";"148Â 730";"A01";"1";"7";"2";"0";"8";"1";"1";""
"202100029690";"148Â 728";"B01";"1";"7";"3";"0";"4";"0";"1";""
"202100029690";"148Â 729";"A01";"1";"10";"0";"2";"1";"0";"1";""
"202100029691";"148Â 726";"B01";"1";"1";"0";"2";"3";"2";"5";""
"202100029691";"148Â 727";"A01";"1";"7";"0";"2";"2";"2";"1";""
"202100029692";"148Â 724";"B01";"2";"7";"0";"2";"2";"1";"1";""
"202100029692";"148Â 725";"A01";"1";"7";"0";"2";"3";"15";"1";""
"202100029693";"148Â 722";"A01";"1";"7";"3";"2";"4";"0";"1";""
"202100029693";"148Â 723";"B01";"1";"10";"0";"2";"1";"0";"1";""
"202100029694";"148Â 720";"B01";"1";"1";"0";"9";"0";"13";"5";""
"202100029694";"148Â 721";"A01";"1";"33";"0";"9";"5";"21";"1";""
"202100029695";"148Â 718";"B01";"2";"7";"0";"2";"1";"1";"1";""
"202100029695";"148Â 719";"A01";"1";"31";"0";"2";"1";"5";"0";""
"202100029696";"148Â 717";"A01";"1";"7";"13";"0";"1";"14";"1";""
"202100029697";"148Â 715";"B01";"2";"7";"0";"2";"1";"2";"1";""
"202100029697";"148Â 716";"A01";"2";"7";"3";"0";"1";"2";"1";""
"202100029698";"148Â 714";"A01";"2";"7";"13";"0";"1";"1";"1";""
"202100029699";"148Â 713";"A01";"2";"7";"0";"1";"2";"0";"1";""
"202100029700";"148Â 711";"B01";"2";"7";"0";"2";"1";"1";"1";""
"202100029700";"148Â 712";"A01";"1";"43";"0";"2";"2";"19";"1";""
"202100029701";"148Â 710";"A01";"2";"7";"2";"0";"1";"1";"1";""
"202100029702";"148Â 707";"C01";"1";"33";"0";"2";"8";"26";"1";""
"202100029702";"148Â 708";"B01";"1";"33";"0";"2";"7";"2";"1";""
"202100029702";"148Â 709";"A01";"2";"7";"0";"2";"8";"5";"1";""
"202100029703";"148Â 704";"A01";"1";"7";"3";"0";"6";"1";"1";""
"202100029703";"148Â 705";"B01";"1";"7";"0";"2";"1";"17";"1";""
"202100029703";"148Â 706";"C01";"1";"7";"0";"2";"4";"1";"1";""
"202100029704";"148Â 702";"A01";"1";"7";"0";"2";"3";"15";"1";""
"202100029704";"148Â 703";"B01";"1";"33";"0";"2";"3";"2";"1";""
"202100029705";"148Â 700";"B01";"2";"7";"0";"2";"3";"1";"1";""
"202100029705";"148Â 701";"A01";"1";"33";"0";"2";"1";"13";"1";""
"202100029706";"148Â 698";"A01";"2";"50";"0";"2";"1";"1";"3";""
"202100029706";"148Â 699";"B01";"1";"10";"0";"0";"7";"20";"1";""
"202100029707";"148Â 696";"B01";"1";"80";"0";"2";"4";"15";"3";""
"202100029707";"148Â 697";"A01";"1";"7";"0";"2";"2";"17";"1";""
"202100029708";"148Â 695";"A01";"1";"7";"2";"0";"0";"17";"1";""
"202100029709";"148Â 693";"A01";"2";"7";"0";"2";"3";"15";"1";""
"202100029709";"148Â 694";"B01";"1";"34";"0";"2";"2";"1";"1";""
"202100029710";"148Â 689";"B01";"1";"33";"0";"2";"1";"17";"1";""
"202100029710";"148Â 690";"A01";"1";"7";"0";"2";"8";"15";"1";""
"202100029711";"148Â 687";"A01";"1";"7";"0";"2";"3";"13";"1";""
"202100029711";"148Â 688";"B01";"2";"33";"0";"2";"1";"1";"1";""
"202100029712";"148Â 686";"A01";"3";"7";"0";"9";"6";"1";"0";""
"202100029713";"148Â 685";"A01";"1";"7";"13";"0";"1";"5";"1";""
"202100029714";"148Â 683";"A01";"2";"7";"0";"0";"6";"1";"1";""
"202100029714";"148Â 684";"B01";"2";"33";"0";"2";"2";"1";"1";""
"202100029715";"148Â 681";"A01";"3";"7";"0";"2";"7";"19";"1";""
"202100029715";"148Â 682";"B01";"3";"7";"0";"2";"1";"1";"1";""