"Num_Acc";"id_vehicule";"num_veh";"senc";"catv";"obs";"obsm";"choc";"manv";"motor";"occutc"
"202100029716";"148Â 677";"B01";"1";"7";"0";"0";"5";"1";"1";""
"202100029716";"148Â 678";"A01";"1";"7";"0";"2";"3";"11";"1";""
"202100029717";"148Â 676";"A01";"3";"43";"0";"0";"0";"1";"1";""
"202100029718";"148Â 673";"A01";"2";"33";"0";"2";"0";"1";"1";""
"202100029718";"148Â 674";"B01";"2";"14";"0";"2";"1";"1";"1";""
"202100029718";"148Â 675";"Z01";"2";"7";"0";"2";"0";"0";"1";""
"202100029719";"148Â 671";"A01";"1";"7";"0";"2";"4";"2";"1";""
"202100029719";"148Â 672";"B01";"1";"33";"0";"2";"1";"2";"1";""
"202100029720";"148Â 669";"A01";"2";"7";"0";"2";"4";"2";"1";""
"202100029720";"148Â 670";"B01";"2";"31";"0";"2";"1";"2";"1";""
"202100029721";"148Â 667";"B01";"0";"14";"0";"2";"8";"1";"1";""
"202100029721";"148Â 668";"A01";"2";"33";"0";"2";"7";"3";"1";""
"202100029722";"148Â 666";"A01";"2";"7";"3";"0";"3";"1";"1";""
"202100029723";"148Â 664";"A01";"1";"31";"0";"2";"1";"1";"1";""
"202100029723";"148Â 665";"B01";"1";"7";"0";"2";"4";"0";"1";""
"202100029724";"148Â 662";"A01";"2";"7";"0";"2";"1";"2";"1";""
"202100029724";"148Â 663";"B01";"2";"14";"0";"2";"4";"2";"1";""
"202100029725";"148Â 660";"B01";"2";"10";"0";"2";"4";"1";"1";""
"202100029725";"148Â 661";"A01";"2";"7";"0";"2";"1";"14";"1";""
"202100029726";"148Â 658";"A01";"1";"7";"0";"2";"8";"12";"1";""
"202100029726";"148Â 659";"B01";"1";"33";"0";"2";"8";"0";"0";""
"202100029727";"148Â 656";"A01";"1";"7";"0";"2";"7";"12";"1";""
"202100029727";"148Â 657";"B01";"1";"33";"0";"2";"0";"1";"1";""
"202100029728";"148Â 654";"A01";"1";"7";"0";"2";"1";"1";"1";""
"202100029728";"148Â 655";"B01";"1";"7";"0";"2";"4";"1";"1";""
"202100029729";"148Â 650";"D01";"2";"7";"0";"2";"4";"0";"1";""
"202100029729";"148Â 651";"C01";"2";"7";"0";"2";"4";"0";"1";""
"202100029729";"148Â 652";"B01";"2";"7";"0";"2";"4";"0";"1";""
"202100029729";"148Â 653";"A01";"2";"7";"0";"2";"1";"2";"1";""
"202100029730";"148Â 648";"A01";"2";"7";"0";"2";"4";"9";"1";""
"202100029730";"148Â 649";"B01";"2";"7";"0";"2";"4";"1";"1";""
"202100029731";"148Â 646";"A01";"2";"7";"0";"2";"7";"12";"1";""
"202100029731";"148Â 647";"B01";"2";"31";"0";"2";"8";"1";"1";""
"202100029732";"148Â 645";"A01";"1";"7";"0";"2";"8";"13";"1";""
"202100029733";"148Â 642";"B01";"2";"43";"0";"2";"1";"1";"1";""
"202100029733";"148Â 643";"A01";"1";"2";"0";"2";"1";"1";"1";""
"202100029734";"148Â 641";"A01";"1";"34";"0";"1";"1";"1";"1";""
"202100029735";"148Â 640";"A01";"2";"7";"0";"1";"1";"1";"1";""
"202100029736";"148Â 638";"A01";"3";"7";"0";"2";"2";"16";"1";""
"202100029736";"148Â 639";"B01";"3";"32";"0";"2";"8";"1";"1";""
"202100029737";"148Â 636";"A01";"1";"33";"0";"9";"1";"3";"1";""
"202100029737";"148Â 637";"B01";"1";"2";"0";"9";"8";"15";"1";""
"202100029738";"148Â 634";"A01";"3";"1";"0";"2";"7";"19";"0";""
"202100029738";"148Â 635";"B01";"2";"7";"0";"2";"3";"1";"1";""
"202100029739";"148Â 632";"A01";"1";"7";"4";"2";"4";"2";"1";""
"202100029739";"148Â 633";"B01";"1";"7";"4";"2";"1";"2";"1";""
"202100029740";"148Â 631";"A01";"1";"7";"0";"1";"4";"26";"1";""
"202100029741";"148Â 629";"A01";"2";"33";"0";"2";"1";"17";"1";""
"202100029741";"148Â 630";"B01";"2";"7";"0";"2";"8";"15";"1";""
"202100029742";"148Â 627";"A01";"2";"7";"4";"2";"9";"1";"1";""
"202100029742";"148Â 628";"B01";"2";"7";"0";"2";"2";"0";"1";""
"202100029743";"148Â 625";"A01";"1";"7";"0";"2";"8";"13";"1";""
"202100029743";"148Â 626";"B01";"1";"14";"0";"2";"7";"1";"1";""
"202100029744";"148Â 623";"B01";"1";"10";"0";"2";"4";"2";"1";""
"202100029744";"148Â 624";"A01";"1";"33";"0";"2";"1";"2";"1";""
"202100029745";"148Â 622";"A01";"2";"10";"0";"1";"3";"1";"1";""
"202100029746";"148Â 621";"A01";"1";"31";"15";"0";"1";"1";"1";""
"202100029747";"148Â 619";"B01";"3";"1";"0";"2";"3";"1";"5";""
"202100029747";"148Â 620";"A01";"1";"10";"0";"2";"2";"1";"1";""
"202100029748";"148Â 618";"A01";"2";"7";"0";"2";"1";"26";"1";""
"202100029749";"148Â 616";"A01";"0";"7";"0";"2";"3";"15";"1";""
"202100029749";"148Â 617";"B01";"0";"31";"0";"2";"7";"2";"1";""
"202100029750";"148Â 615";"A01";"2";"7";"0";"1";"1";"1";"1";""
"202100029751";"148Â 613";"A01";"1";"30";"16";"9";"3";"9";"1";""
"202100029751";"148Â 614";"B01";"0";"1";"0";"2";"7";"1";"0";""
"202100029752";"148Â 611";"B01";"3";"1";"0";"2";"1";"1";"5";""
"202100029752";"148Â 612";"A01";"3";"7";"0";"2";"5";"20";"3";""
"202100029753";"148Â 608";"A01";"2";"33";"2";"0";"1";"1";"1";""
"202100029754";"148Â 604";"A01";"3";"31";"6";"0";"1";"0";"0";""
"202100029755";"148Â 602";"A01";"0";"7";"0";"2";"1";"1";"1";""
"202100029755";"148Â 603";"B01";"0";"33";"0";"2";"1";"1";"1";""
"202100029756";"148Â 600";"B01";"1";"7";"0";"2";"3";"20";"1";""
"202100029756";"148Â 601";"A01";"1";"7";"1";"0";"1";"14";"1";""
"202100029757";"148Â 598";"A01";"1";"7";"0";"2";"2";"15";"1";""
"202100029757";"148Â 599";"B01";"2";"2";"0";"2";"8";"0";"1";""
"202100029758";"148Â 594";"B01";"1";"33";"0";"2";"1";"1";"1";""
"202100029758";"148Â 595";"A01";"1";"7";"0";"2";"8";"15";"0";""
"202100029759";"148Â 593";"A01";"1";"7";"7";"0";"1";"1";"1";""
"202100029760";"148Â 591";"A01";"1";"7";"0";"2";"1";"1";"1";""
"202100029760";"148Â 592";"B01";"2";"7";"0";"2";"7";"15";"1";""
"202100029761";"148Â 590";"A01";"2";"7";"0";"1";"2";"1";"1";""
"202100029762";"148Â 588";"A01";"1";"7";"0";"2";"6";"1";"1";""
"202100029762";"148Â 589";"B01";"1";"7";"0";"2";"0";"17";"1";""
"202100029763";"148Â 586";"A01";"2";"7";"0";"2";"1";"19";"1";""
"202100029763";"148Â 587";"B01";"2";"10";"0";"2";"7";"1";"0";""
"202100029764";"148Â 585";"A01";"2";"40";"0";"1";"2";"1";"0";""
"202100029765";"148Â 583";"B01";"2";"7";"0";"2";"4";"2";"1";""
"202100029765";"148Â 584";"A01";"2";"33";"0";"2";"1";"2";"1";""
"202100029766";"148Â 580";"A01";"1";"7";"0";"2";"7";"12";"1";""
"202100029766";"148Â 581";"C01";"1";"7";"0";"2";"8";"1";"1";""
"202100029766";"148Â 582";"B01";"1";"33";"0";"2";"8";"3";"1";""
"202100029767";"148Â 578";"B01";"1";"7";"0";"2";"3";"1";"1";""
"202100029767";"148Â 579";"A01";"2";"7";"0";"2";"2";"19";"1";""
"202100029768";"148Â 577";"A01";"1";"30";"12";"0";"0";"1";"1";""
"202100029769";"148Â 575";"A01";"1";"2";"0";"2";"1";"18";"1";""
"202100029769";"148Â 576";"B01";"1";"7";"0";"2";"5";"1";"1";""
"202100029770";"148Â 573";"A01";"2";"7";"0";"2";"8";"19";"1";""
"202100029770";"148Â 574";"B01";"2";"10";"0";"2";"1";"1";"1";""
"202100029771";"148Â 571";"A01";"1";"2";"0";"2";"1";"17";"1";""
"202100029771";"148Â 572";"B01";"1";"7";"0";"2";"1";"1";"1";""
"202100029772";"148Â 569";"A01";"1";"30";"0";"2";"0";"0";"0";""
"202100029772";"148Â 570";"B01";"1";"7";"0";"2";"0";"0";"1";""
"202100029773";"148Â 568";"A01";"3";"30";"0";"0";"0";"1";"1";""
"202100029774";"148Â 567";"A01";"1";"7";"0";"1";"1";"1";"1";""
"202100029775";"148Â 564";"A01";"1";"7";"0";"2";"1";"1";"1";""
"202100029775";"148Â 565";"B01";"3";"1";"0";"2";"0";"1";"5";""
"202100029776";"148Â 562";"A01";"1";"7";"0";"2";"1";"9";"1";""
"202100029776";"148Â 563";"B01";"2";"37";"0";"2";"3";"1";"1";"2"
"202100029777";"148Â 561";"A01";"1";"7";"0";"1";"0";"1";"1";""
"202100029778";"148Â 559";"A01";"1";"7";"0";"2";"6";"1";"1";""
"202100029778";"148Â 560";"B01";"1";"2";"0";"2";"1";"7";"1";""
"202100029779";"148Â 558";"A01";"1";"37";"0";"1";"2";"26";"1";"1"
"202100029780";"148Â 556";"A01";"1";"33";"0";"2";"1";"2";"1";""
"202100029780";"148Â 557";"B01";"1";"7";"0";"2";"8";"1";"1";""
"202100029781";"148Â 553";"A01";"0";"7";"0";"1";"3";"15";"1";""
"202100029782";"148Â 551";"B01";"0";"2";"0";"2";"3";"16";"1";""
"202100029782";"148Â 552";"A01";"0";"7";"0";"2";"2";"12";"0";""
"202100029783";"148Â 550";"A01";"1";"7";"0";"2";"1";"9";"1";""
"202100029784";"148Â 548";"B01";"0";"30";"0";"2";"1";"26";"1";""
"202100029784";"148Â 549";"C01";"3";"0";"0";"2";"0";"1";" -1";""
"202100029785";"148Â 547";"A01";"1";"7";"0";"1";"1";"1";"1";""
"202100029786";"148Â 546";"A01";"3";"7";"0";"1";"1";"5";"1";""
"202100029787";"148Â 544";"B01";"1";"1";"0";"2";"7";"5";"5";""
"202100029787";"148Â 545";"A01";"2";"14";"0";"2";"1";"15";"1";""
"202100029788";"148Â 543";"A01";"3";"50";"0";"2";"1";"1";"3";""
"202100029789";"148Â 541";"A01";"1";"7";"0";"2";"1";"2";"1";""
"202100029789";"148Â 542";"B01";"1";"7";"0";"2";"4";"2";"0";""
"202100029790";"148Â 540";"A01";"3";"10";"0";"1";"6";"4";"1";""
"202100029791";"148Â 538";"A01";"2";"7";"0";"2";"5";"20";"2";""
"202100029791";"148Â 539";"B01";"2";"1";"0";"2";"3";"2";"5";""
"202100029792";"148Â 537";"A01";"2";"7";"0";"1";"2";"1";"1";""
"202100029793";"148Â 535";"B01";"1";"33";"6";"2";"7";"25";"1";""
"202100029793";"148Â 536";"A01";"2";"7";"0";"2";"2";"9";"1";""
"202100029794";"148Â 534";"A01";"3";"33";"6";"0";"0";"1";"1";""
"202100029795";"148Â 532";"B01";"2";"10";"0";"2";"3";"15";"1";""
"202100029795";"148Â 533";"A01";"2";"30";"0";"2";"1";"17";"1";""
"202100029796";"148Â 530";"B01";"1";"33";"0";"2";"3";"1";"1";""
"202100029796";"148Â 531";"A01";"1";"7";"0";"2";"2";"12";"0";""
"202100029797";"148Â 528";"B01";"3";"7";"0";"2";"4";"1";"1";""
"202100029797";"148Â 529";"A01";"3";"7";"0";"2";"1";"1";"1";""
"202100029798";"148Â 527";"A01";"3";"7";"8";"0";"1";"14";"1";""
"202100029799";"148Â 525";"A01";"1";"31";"0";"2";"4";"1";"1";""
"202100029799";"148Â 526";"B01";"1";"2";"0";"2";"1";"15";"1";""
"202100029800";"148Â 523";"A01";"1";"7";"0";"2";"1";"19";"1";""
"202100029800";"148Â 524";"B01";"1";"37";"0";"2";"7";"1";"1";"2"
"202100029801";"148Â 519";"A01";"1";"33";"0";"2";"2";"26";"1";""
"202100029801";"148Â 520";"B01";"1";"7";"0";"2";"1";"15";"1";""
"202100029802";"148Â 517";"A01";"1";"30";"0";"2";"2";"17";"1";""
"202100029802";"148Â 518";"B01";"1";"7";"0";"2";"3";"13";"1";""
"202100029803";"148Â 514";"B01";"3";"33";"0";"2";"1";"1";"1";""
"202100029803";"148Â 515";"A01";"3";"7";"0";"2";"7";"15";"1";""
"202100029803";"148Â 516";"C01";"3";"7";"0";"2";"3";"1";"1";""
"202100029804";"148Â 513";"A01";"3";"7";"13";"0";"1";"14";"1";""
"202100029805";"148Â 511";"A01";"1";"33";"0";"2";"1";"17";"1";""
"202100029805";"148Â 512";"B01";"1";"7";"0";"2";"3";"15";"1";""
"202100029806";"148Â 510";"A01";"2";"32";"1";"0";"7";"1";"1";""
"202100029807";"148Â 508";"A01";"3";"7";"0";"2";"2";"15";"1";""
"202100029807";"148Â 509";"B01";"3";"7";"0";"2";"1";"15";"1";""
"202100029808";"148Â 506";"A01";"1";"7";"0";"2";"3";"1";"1";""
"202100029808";"148Â 507";"B01";"1";"7";"0";"2";"0";"0";"1";""
"202100029809";"148Â 504";"A01";"1";"13";"0";"2";"3";"2";"1";""
"202100029809";"148Â 505";"B01";"1";"7";"0";"2";"3";"15";"1";""
"202100029810";"148Â 503";"A01";"2";"7";"0";"1";"2";"2";"0";""
"202100029811";"148Â 501";"B01";"2";"2";"0";"2";"1";"1";"1";""
"202100029811";"148Â 502";"A01";"1";"7";"0";"2";"3";"19";"1";""
"202100029812";"148Â 499";"B01";"3";"7";"0";"2";"6";"1";"1";""
"202100029812";"148Â 500";"A01";"3";"10";"0";"2";"3";"15";"1";""
"202100029813";"148Â 498";"A01";"2";"33";"8";"0";"1";"1";"1";""
"202100029814";"148Â 497";"A01";"3";"7";"0";"0";"1";"14";"1";""
"202100029815";"148Â 495";"B01";"2";"7";"0";"2";"5";"15";"1";""
"202100029815";"148Â 496";"A01";"1";"32";"0";"2";"1";"1";"1";""
"202100029816";"148Â 493";"B01";"1";"7";"0";"2";"5";"23";"1";""
"202100029816";"148Â 494";"A01";"1";"43";"0";"2";"1";"3";"1";""
"202100029817";"148Â 490";"A01";"1";"43";"0";"2";"2";"3";"1";""
"202100029817";"148Â 491";"B01";"1";"7";"0";"2";"8";"23";"1";""
"202100029817";"148Â 492";"C01";"1";"10";"0";"2";"6";"23";"1";""
"202100029818";"148Â 488";"A01";"1";"1";"0";"2";"1";"2";"5";""
"202100029818";"148Â 489";"B01";"1";"1";"0";"2";"4";"2";"5";""
"202100029819";"148Â 487";"A01";"1";"7";"0";"1";"1";"1";"1";""
"202100029820";"148Â 485";"A01";"1";"32";"0";"2";"3";"13";"1";""
"202100029820";"148Â 486";"B01";"1";"14";"0";"2";"2";"1";"1";""
"202100029821";"148Â 483";"A01";"1";"33";"0";"2";"3";"21";"1";""
"202100029821";"148Â 484";"B01";"1";"7";"0";"2";"5";"16";"1";""
"202100029822";"148Â 481";"A01";"2";"10";"0";"2";"3";"2";"1";""
"202100029822";"148Â 482";"B01";"2";"7";"0";"2";"5";"20";"1";""
"202100029823";"148Â 479";"A01";"1";"1";"0";"2";"1";"1";"5";""
"202100029823";"148Â 480";"B01";"2";"7";"0";"2";"8";"1";"1";""
"202100029824";"148Â 478";"A01";"3";"30";"0";"1";"1";"1";"1";""
"202100029825";"148Â 476";"A01";"2";"1";"0";"2";"1";"1";"5";""
"202100029825";"148Â 477";"B01";"2";"33";"0";"2";"1";"1";"1";""
"202100029826";"148Â 474";"A01";"2";"7";"0";"2";"2";"15";"1";""
"202100029826";"148Â 475";"B01";"1";"7";"0";"2";"3";"1";"1";""
"202100029827";"148Â 472";"A01";"1";"30";"0";"2";"1";"18";"1";""
"202100029827";"148Â 473";"B01";"2";"43";"0";"2";"2";"1";"1";""
"202100029828";"148Â 471";"A01";"1";"33";"0";"1";"3";"1";"1";""
"202100029829";"148Â 470";"A01";"2";"30";"0";"0";"0";"1";"1";""
"202100029830";"148Â 468";"A01";"3";"50";"0";"2";"3";"19";"3";""
"202100029830";"148Â 469";"B01";"2";"7";"0";"2";"3";"16";"2";""
"202100029831";"148Â 467";"A01";"3";"14";"9";"1";"2";"1";"1";""
"202100029832";"148Â 465";"A01";"2";"1";"0";"2";"1";"5";"5";""
"202100029832";"148Â 466";"B01";"0";"7";"0";"2";"1";"1";"2";""
"202100029833";"148Â 464";"A01";"2";"1";"0";"1";"1";"1";"5";""
"202100029834";"148Â 462";"B01";"2";"1";"0";"2";"1";"1";"5";""
"202100029834";"148Â 463";"A01";"2";"7";"0";"2";"8";"22";"1";""
"202100029835";"148Â 461";"A01";"3";"1";"14";"0";"2";"14";"5";""
"202100029836";"148Â 460";"A01";"2";"32";"13";"0";"4";"2";"1";""
"202100029837";"148Â 458";"A01";"1";"7";"0";"2";"1";"15";"1";""
"202100029837";"148Â 459";"B01";"2";"34";"0";"2";"1";"15";"1";""
"202100029838";"148Â 456";"Z01";"2";"7";"0";"2";"1";"2";"1";""
"202100029838";"148Â 457";"A01";"2";"7";"0";"2";"2";"2";"1";""
"202100029839";"148Â 454";"B01";"1";"7";"0";"2";"4";"1";"1";""
"202100029839";"148Â 455";"A01";"1";"30";"0";"2";"1";"2";"1";""
"202100029840";"148Â 453";"A01";"2";"33";"0";"0";"7";"26";"1";""
"202100029841";"148Â 451";"B01";"2";"7";"0";"2";"3";"1";"1";""
"202100029841";"148Â 452";"A01";"2";"7";"0";"2";"3";"13";"1";""
"202100029842";"148Â 447";"D01";"1";"7";"0";"2";"5";"23";"1";""
"202100029842";"148Â 448";"C01";"1";"7";"0";"2";"4";"2";"1";""
"202100029842";"148Â 449";"B01";"1";"30";"0";"2";"0";"0";"1";""
"202100029842";"148Â 450";"A01";"1";"7";"0";"2";"0";"0";"1";""
"202100029843";"148Â 445";"A01";"1";"7";"0";"2";"2";"19";"1";""
"202100029843";"148Â 446";"B01";"1";"37";"0";"2";"3";"1";"1";"1"
"202100029844";"148Â 444";"B01";"1";"7";"0";"2";"1";"2";"1";""
"202100029845";"148Â 442";"B01";"3";"30";"0";"2";"1";"19";"1";""
"202100029845";"148Â 443";"A01";"3";"7";"0";"2";"1";"19";"1";""
"202100029846";"148Â 441";"A01";"3";"10";"0";"1";"2";"1";"1";""
"202100029847";"148Â 440";"A01";"0";"34";"0";"1";"1";"9";"1";""
"202100029848";"148Â 439";"A01";"1";"99";"0";"1";"1";"19";"0";""
"202100029849";"148Â 438";"A01";"1";"7";"0";"1";"1";"9";"1";""
"202100029850";"148Â 436";"B01";"2";"7";"0";"2";"2";"1";"1";""
"202100029850";"148Â 437";"A01";"2";"7";"8";"0";"3";"9";"1";""
"202100029851";"148Â 435";"A01";"0";"10";"0";"1";"4";"20";"1";""
"202100029852";"148Â 433";"A01";"3";"7";"12";"2";"1";"1";"0";""
"202100029852";"148Â 434";"B01";"3";"7";"5";"2";"4";"1";"0";""
"202100029853";"148Â 432";"A01";"1";"10";"0";"1";"4";"20";"1";""
"202100029854";"148Â 430";"B01";"2";"80";"0";"2";"8";"1";"3";""
"202100029854";"148Â 431";"A01";"2";"7";"0";"2";"7";"16";"1";""
"202100029855";"148Â 428";"B01";"1";"33";"0";"2";"1";"1";"1";""
"202100029855";"148Â 429";"A01";"1";"10";"0";"2";"6";"10";"1";""
"202100029856";"148Â 426";"A01";"1";"1";"0";"2";"0";"0";"5";""
"202100029856";"148Â 427";"B01";"1";"1";"0";"2";"0";"0";"5";""
"202100029857";"148Â 424";"A01";"2";"7";"0";"2";"2";"15";"1";""
"202100029857";"148Â 425";"B01";"1";"2";"0";"2";"1";"1";"1";""
"202100029858";"148Â 422";"B01";"1";"32";"0";"2";"7";"1";"3";""
"202100029858";"148Â 423";"A01";"0";"3";"0";"2";"1";"9";"6";""
"202100029859";"148Â 420";"A01";"2";"30";"0";"2";"4";"2";"1";""
"202100029859";"148Â 421";"Z01";"2";"30";"0";"2";"0";"0";"0";""
"202100029860";"148Â 418";"B01";"1";"7";"0";"2";"4";"26";"2";""
"202100029860";"148Â 419";"A01";"1";"7";"0";"2";"1";"26";"1";""
"202100029861";"148Â 416";"A01";"2";"30";"0";"2";"1";"1";"1";""
"202100029861";"148Â 417";"B01";"2";"7";"0";"2";"6";"15";"1";""
"202100029862";"148Â 414";"B01";"1";"30";"0";"2";"6";"5";"1";""
"202100029862";"148Â 415";"A01";"2";"7";"0";"2";"3";"15";"1";""
"202100029863";"148Â 412";"A01";"0";"7";"0";"2";"8";"24";"1";""
"202100029863";"148Â 413";"B01";"0";"1";"1";"0";"0";"0";"0";""
"202100029864";"148Â 410";"A01";"2";"7";"0";"2";"1";"1";"1";""
"202100029864";"148Â 411";"B01";"2";"33";"0";"0";"4";"2";"1";""
"202100029865";"148Â 408";"B01";"2";"33";"0";"2";"7";"1";"1";""
"202100029865";"148Â 409";"A01";"2";"7";"0";"2";"3";"9";"1";""
"202100029866";"148Â 405";"A01";"1";"7";"2";"0";"1";"1";"1";""
"202100029867";"148Â 404";"A01";"2";"33";"0";"0";"0";"0";"1";""
"202100029868";"148Â 402";"A01";"1";"7";"0";"2";"3";"9";"1";""
"202100029868";"148Â 403";"B01";"2";"80";"0";"2";"7";"26";"3";""
"202100029869";"148Â 401";"A01";"2";"33";"6";"0";"2";"15";"1";""
"202100029870";"148Â 400";"A01";"1";"7";"0";"1";"2";"1";"1";""
"202100029871";"148Â 398";"A01";"1";"32";"0";"2";"9";"17";"1";""
"202100029871";"148Â 399";"B01";"1";"10";"0";"0";"3";"15";"1";""
"202100029872";"148Â 396";"B01";"2";"7";"0";"2";"6";"24";"1";""
"202100029872";"148Â 397";"A01";"2";"7";"0";"2";"2";"14";"1";""
"202100029873";"148Â 395";"A01";"1";"33";"13";"9";"0";"1";"1";""
"202100029874";"148Â 393";"A01";"1";"7";"0";"2";"3";"15";"1";""
"202100029874";"148Â 394";"B01";"1";"31";"0";"2";"2";"17";"1";""
"202100029875";"148Â 392";"A01";"1";"33";"16";"0";"8";"1";"1";""
"202100029876";"148Â 390";"B01";"2";"7";"0";"2";"3";"13";"1";""
"202100029876";"148Â 391";"A01";"1";"7";"2";"2";"3";"1";"1";""
"202100029877";"148Â 388";"A01";"1";"2";"0";"2";"1";"18";"1";""
"202100029877";"148Â 389";"B01";"1";"7";"0";"2";"2";"16";"1";""
"202100029878";"148Â 387";"A01";"1";"7";"0";"1";"4";"4";"1";""
"202100029879";"148Â 386";"A01";"3";"7";"0";"1";"2";"1";"1";""
"202100029880";"148Â 384";"B01";"1";"7";"0";"2";"1";"1";"1";""
"202100029880";"148Â 385";"A01";"1";"7";"0";"2";"8";"19";"1";""
"202100029881";"148Â 383";"A01";"1";"7";"2";"0";"9";"1";"1";""
"202100029882";"148Â 382";"A01";"2";"10";"2";"0";"1";"0";"1";""
"202100029883";"148Â 380";"B01";"2";"14";"0";"2";"3";"1";"1";""
"202100029883";"148Â 381";"A01";"0";"7";"0";"2";"7";"19";"1";""
"202100029884";"148Â 379";"A01";"1";"7";"2";"0";"1";"1";"1";""
"202100029885";"148Â 377";"B01";"3";"32";"0";"2";"7";"1";"1";""
"202100029885";"148Â 378";"A01";"3";"7";"0";"2";"3";"1";"1";""
"202100029886";"148Â 376";"A01";"1";"34";"15";"0";"1";"1";"1";""
"202100029887";"148Â 374";"A01";"1";"7";"0";"0";"5";"15";"1";""
"202100029887";"148Â 375";"B01";"2";"2";"0";"0";"1";"1";"1";""
"202100029888";"148Â 372";"B01";"1";"7";"0";"0";"5";"1";"1";""
"202100029888";"148Â 373";"A01";"1";"2";"0";"2";"1";"9";"1";""
"202100029889";"148Â 371";"A01";"1";"7";"5";"0";"2";"1";"1";""
"202100029890";"148Â 370";"A01";"2";"2";"0";"0";"3";"1";"1";""
"202100029891";"148Â 368";"A01";"1";"7";"0";"2";"3";"1";"1";""
"202100029891";"148Â 369";"B01";"2";"7";"0";"2";"3";"13";"1";""
"202100029892";"148Â 367";"A01";"1";"17";"0";"0";"7";"2";"1";""
"202100029893";"148Â 365";"A01";"1";"10";"0";"2";"2";"19";"0";""
"202100029893";"148Â 366";"B01";"1";"7";"13";"2";"8";"1";"1";""
"202100029894";"148Â 364";"A01";"1";"7";"2";"0";"1";"1";"1";""
"202100029895";"148Â 363";"A01";"1";"7";"4";"0";"3";"9";"1";""
"202100029896";"148Â 362";"A01";"1";"7";"3";"0";"3";"14";"1";""
"202100029897";"148Â 360";"A01";"1";"31";"0";"2";"1";"1";"1";""
"202100029897";"148Â 361";"B01";"1";"7";"0";"2";"3";"9";"1";""
"202100029898";"148Â 359";"A01";"1";"2";"12";"0";"1";"1";"6";""
"202100029899";"148Â 357";"B01";"1";"14";"6";"2";"3";"1";"1";""
"202100029899";"148Â 358";"A01";"2";"7";"0";"2";"1";"1";"1";""
"202100029900";"148Â 355";"A01";"1";"10";"0";"0";"1";"2";"1";""
"202100029900";"148Â 356";"B01";"1";"15";"0";"0";"4";"2";"1";""
"202100029901";"148Â 354";"A01";"1";"7";"7";"0";"3";"13";"1";""
"202100029902";"148Â 352";"B01";"2";"7";"0";"0";"8";"1";"1";""
"202100029902";"148Â 353";"A01";"2";"34";"0";"2";"1";"2";"1";""
"202100029903";"148Â 351";"A01";"1";"7";"0";"1";"2";"1";"1";""
"202100029904";"148Â 349";"A01";"1";"10";"0";"2";"3";"15";"1";""
"202100029904";"148Â 350";"B01";"2";"31";"0";"2";"1";"1";"1";""
"202100029905";"148Â 347";"B01";"2";"7";"0";"2";"3";"1";"1";""
"202100029905";"148Â 348";"A01";"1";"7";"0";"2";"1";"13";"1";""
"202100029906";"148Â 346";"A01";"1";"33";"7";"0";"1";"13";"1";""
"202100029907";"148Â 345";"A01";"2";"7";"12";"0";"1";"1";"1";""
"202100029908";"148Â 343";"B01";"2";"80";"0";"2";"8";"15";"3";""
"202100029908";"148Â 344";"A01";"2";"7";"0";"2";"1";"1";"2";""
"202100029909";"148Â 342";"A01";"1";"7";"2";"0";"7";"0";"1";""
"202100029910";"148Â 341";"A01";"3";"31";"3";"0";"7";"17";"1";""
"202100029911";"148Â 340";"A01";"1";"33";"6";"0";"2";"1";"1";""
"202100029912";"148Â 338";"A01";"1";"33";"0";"2";"2";"17";"1";""
"202100029912";"148Â 339";"B01";"1";"7";"0";"2";"2";"1";"1";""
"202100029913";"148Â 336";"B01";"2";"15";"0";"2";"3";"1";"1";""
"202100029913";"148Â 337";"A01";"2";"7";"0";"2";"1";"13";"1";""
"202100029914";"148Â 334";"A01";"2";"7";"0";"2";"2";"1";"1";""
"202100029914";"148Â 335";"B01";"2";"1";"0";"2";"4";"1";"5";""
"202100029915";"148Â 333";"A01";"3";"31";"3";"0";"1";"1";"1";""
"202100029916";"148Â 331";"A01";"1";"7";"0";"2";"3";"13";"1";""
"202100029916";"148Â 332";"B01";"2";"33";"0";"2";"3";"0";"1";""
"202100029917";"148Â 330";"A01";"2";"7";"13";"0";"2";"1";"1";""
"202100029918";"148Â 328";"A01";"1";"7";"0";"0";"6";"1";"1";""
"202100029918";"148Â 329";"B01";"1";"7";"0";"2";"2";"17";"1";""
"202100029919";"148Â 327";"A01";"3";"7";"6";"0";"2";"15";"1";""
"202100029920";"148Â 325";"B01";"1";"1";"0";"2";"2";"1";"5";""
"202100029920";"148Â 326";"A01";"1";"7";"0";"9";"3";"9";"1";""
"202100029921";"148Â 324";"A01";"1";"7";"13";"0";"3";"1";"1";""
"202100029922";"148Â 319";"B01";"1";"7";"0";"2";"8";"23";"1";""
"202100029922";"148Â 320";"A01";"1";"17";"1";"2";"1";"1";"1";""
"202100029923";"148Â 317";"A01";"2";"7";"0";"2";"4";"1";"1";""
"202100029923";"148Â 318";"B01";"2";"7";"0";"2";"1";"1";"1";""
"202100029924";"148Â 313";"B01";"1";"7";"4";"2";"3";"2";"1";""
"202100029924";"148Â 314";"C01";"1";"7";"4";"2";"4";"2";"1";""
"202100029924";"148Â 315";"D01";"1";"7";"4";"2";"0";"2";"1";""
"202100029924";"148Â 316";"A01";"1";"7";"4";"2";"5";"2";"1";""