"Num_Acc";"id_vehicule";"num_veh";"senc";"catv";"obs";"obsm";"choc";"manv";"motor";"occutc"
"202100029925";"148Â 311";"A01";"2";"7";"0";"2";"8";"11";"1";""
"202100029925";"148Â 312";"B01";"2";"34";"0";"2";"7";"1";"1";""
"202100029926";"148Â 310";"A01";"1";"7";"0";"2";"1";"14";"1";""
"202100029927";"148Â 306";"A01";"2";"15";"0";"2";"1";"2";"1";""
"202100029927";"148Â 307";"B01";"2";"7";"0";"2";"4";"2";"1";""
"202100029928";"148Â 304";"B01";"2";"7";"0";"2";"1";"2";"1";""
"202100029928";"148Â 305";"A01";"2";"14";"0";"2";"2";"12";"1";""
"202100029929";"148Â 303";"B01";"1";"14";"0";"1";"1";"2";"0";""
"202100029930";"148Â 301";"B01";"2";"7";"0";"2";"4";"2";"1";""
"202100029930";"148Â 302";"A01";"2";"7";"0";"2";"1";"2";"1";""
"202100029931";"148Â 298";"B01";"1";"7";"0";"2";"4";"2";"0";""
"202100029931";"148Â 299";"A01";"1";"7";"0";"2";"1";"2";"3";""
"202100029931";"148Â 300";"C01";"1";"7";"0";"2";"0";"0";"1";""
"202100029932";"148Â 296";"A01";"2";"7";"0";"2";"7";"12";"1";""
"202100029932";"148Â 297";"B01";"2";"33";"0";"2";"3";"3";"1";""
"202100029933";"148Â 294";"A01";"1";"7";"1";"0";"2";"21";"1";""
"202100029933";"148Â 295";"C01";"1";"7";"0";"2";"2";"1";"1";""
"202100029934";"148Â 292";"A01";"2";"33";"0";"2";"1";"21";"1";""
"202100029934";"148Â 293";"B01";"2";"7";"0";"2";"5";"2";"1";""
"202100029935";"148Â 290";"B01";"2";"31";"0";"2";"1";"2";"1";""
"202100029935";"148Â 291";"A01";"2";"33";"0";"0";"4";"2";"1";""
"202100029936";"148Â 289";"A01";"1";"7";"0";"2";"2";"9";"1";""
"202100029937";"148Â 288";"A01";"2";"30";"0";"1";"1";"1";"1";""
"202100029938";"148Â 286";"Z01";"1";"7";"0";"2";"7";"2";"0";""
"202100029938";"148Â 287";"B01";"1";"30";"0";"2";"8";"2";"1";""
"202100029939";"148Â 284";"B01";"1";"10";"0";"2";"1";"1";"1";""
"202100029939";"148Â 285";"A01";"2";"14";"1";"2";"7";"1";"1";""
"202100029940";"148Â 283";"A01";"2";"7";"0";"1";"2";"1";"1";""
"202100029941";"148Â 281";"B01";"3";"7";"1";"2";"4";"24";"1";""
"202100029941";"148Â 282";"A01";"3";"7";"0";"2";"1";"20";"1";""
"202100029942";"148Â 279";"A01";"1";"1";"0";"2";"8";"13";"5";""
"202100029942";"148Â 280";"B01";"1";"33";"0";"2";"1";"1";"1";""
"202100029943";"148Â 278";"A01";"1";"99";"0";"1";"1";"0";"0";""
"202100029944";"148Â 276";"B01";"0";"7";"0";"2";"2";"15";"1";""
"202100029944";"148Â 277";"A01";"0";"33";"0";"2";"1";"17";"1";""
"202100029945";"148Â 275";"A01";"1";"1";"0";"1";"1";"1";"5";""
"202100029946";"148Â 274";"A01";"3";"7";"8";"0";"1";"1";"1";""
"202100029947";"148Â 272";"B01";"2";"7";"12";"0";"4";"0";"1";""
"202100029947";"148Â 273";"A01";"2";"99";"0";"2";"1";"26";"6";""
"202100029948";"148Â 271";"A01";"3";"21";"0";"0";"7";"26";"1";""
"202100029949";"148Â 268";"A01";"1";"7";"0";"0";"3";"13";"1";""
"202100029949";"148Â 269";"C01";"2";"33";"0";"2";"9";"1";"1";""
"202100029949";"148Â 270";"B01";"2";"33";"0";"2";"1";"1";"1";""
"202100029950";"148Â 266";"B01";"2";"7";"0";"2";"8";"15";"1";""
"202100029950";"148Â 267";"A01";"2";"34";"0";"2";"2";"2";"1";""
"202100029951";"148Â 265";"A01";"2";"7";"4";"0";"9";"1";"1";""
"202100029952";"148Â 263";"A01";"2";"30";"0";"2";"7";"17";"1";""
"202100029952";"148Â 264";"B01";"2";"7";"0";"2";"3";"15";"1";""
"202100029953";"148Â 261";"A01";"2";"7";"0";"2";"2";"15";"1";""
"202100029953";"148Â 262";"B01";"1";"33";"0";"2";"1";"1";"1";""
"202100029954";"148Â 259";"B01";"1";"7";"0";"2";"1";"1";"1";""
"202100029954";"148Â 260";"A01";"3";"30";"0";"2";"1";"13";"1";""
"202100029955";"148Â 257";"B01";"2";"7";"0";"2";"5";"23";"1";""
"202100029955";"148Â 258";"A01";"2";"7";"0";"2";"1";"16";"1";""
"202100029956";"148Â 255";"A01";"1";"7";"0";"2";"1";"1";"1";""
"202100029956";"148Â 256";"B01";"1";"7";"0";"2";"8";"1";"1";""
"202100029957";"148Â 253";"B01";"2";"7";"0";"2";"6";"15";"0";""
"202100029957";"148Â 254";"A01";"2";"30";"0";"2";"1";"2";"1";""
"202100029958";"148Â 248";"A01";"3";"7";"0";"2";"3";"9";"1";""
"202100029958";"148Â 249";"B01";"3";"1";"0";"2";"1";"1";"5";""
"202100029959";"148Â 245";"A01";"1";"7";"0";"2";"1";"1";"1";""
"202100029959";"148Â 246";"C01";"1";"7";"0";"2";"4";"1";"1";""
"202100029959";"148Â 247";"B01";"1";"7";"0";"2";"4";"1";"1";""
"202100029960";"148Â 244";"A01";"1";"7";"0";"1";"1";"1";"1";""
"202100029961";"148Â 242";"A01";"1";"10";"0";"2";"1";"2";"1";""
"202100029961";"148Â 243";"B01";"1";"7";"0";"2";"4";"2";"1";""
"202100029962";"148Â 240";"B01";"1";"33";"0";"2";"2";"1";"1";""
"202100029962";"148Â 241";"A01";"1";"7";"0";"2";"6";"11";"1";""
"202100029963";"148Â 239";"A01";"1";"7";"1";"0";"2";"1";"1";""
"202100029964";"148Â 237";"A01";"0";"13";"0";"2";"0";"0";"0";""
"202100029964";"148Â 238";"B01";"3";"7";"0";"2";"1";"0";"1";""
"202100029965";"148Â 234";"A01";"1";"7";"0";"2";"1";"12";"1";""
"202100029965";"148Â 235";"B01";"1";"7";"0";"2";"4";"23";"1";""
"202100029965";"148Â 236";"C01";"1";"10";"0";"2";"5";"23";"1";""
"202100029966";"148Â 233";"A01";"1";"1";"0";"1";"1";"0";"5";""
"202100029967";"148Â 232";"A01";"1";"7";"0";"1";"1";"1";"1";""
"202100029968";"148Â 230";"A01";"2";"7";"0";"2";"3";"15";"1";""
"202100029968";"148Â 231";"B01";"1";"1";"0";"2";"8";"1";"5";""
"202100029969";"148Â 229";"A01";"1";"7";"9";"0";"3";"26";"1";""
"202100029970";"148Â 227";"B01";"1";"1";"0";"2";"7";"1";"5";""
"202100029970";"148Â 228";"A01";"0";"7";"0";"2";"1";"26";"0";""
"202100029971";"148Â 225";"B01";"2";"7";"0";"2";"8";"23";"1";""
"202100029971";"148Â 226";"A01";"2";"7";"0";"2";"2";"2";"1";""
"202100029972";"148Â 223";"B01";"1";"1";"0";"2";"8";"9";"6";""
"202100029972";"148Â 224";"A01";"1";"33";"0";"9";"1";"1";"1";""
"202100029973";"148Â 221";"A01";"2";"7";"8";"2";"1";"1";"1";""
"202100029973";"148Â 222";"B01";"2";"7";"0";"2";"2";"1";"2";""
"202100029974";"148Â 219";"B01";"3";"7";"0";"2";"3";"1";"1";""
"202100029974";"148Â 220";"C01";"1";"7";"0";"2";"1";"1";" -1";""
"202100029975";"148Â 217";"B01";"0";"50";"0";"9";"3";"5";"3";""
"202100029975";"148Â 218";"A01";"3";"7";"0";"9";"3";"15";"1";""
"202100029976";"148Â 214";"A01";"2";"7";"0";"2";"1";"0";"1";""
"202100029976";"148Â 215";"B01";"1";"7";"0";"2";"1";"0";"1";""
"202100029977";"148Â 212";"B01";"2";"7";"0";"2";"1";"1";"1";""
"202100029977";"148Â 213";"A01";"1";"7";"0";"2";"1";"13";"1";""
"202100029978";"148Â 210";"A01";"1";"50";"0";"2";"8";"1";"3";""
"202100029978";"148Â 211";"B01";"1";"7";"0";"9";"8";"1";"1";""
"202100029979";"148Â 207";"A01";"3";"30";"0";"0";"1";"14";"3";""
"202100029980";"148Â 206";"A01";"1";"7";"0";"1";"1";"1";"1";""
"202100029981";"148Â 205";"A01";"3";"7";"2";"0";"9";"1";"1";""
"202100029982";"148Â 203";"A01";"3";"34";"0";"2";"1";"1";"1";""
"202100029982";"148Â 204";"B01";"3";"33";"0";"2";"1";"1";"1";""
"202100029983";"148Â 201";"A01";"2";"30";"0";"2";"1";"1";"1";""
"202100029983";"148Â 202";"B01";"2";"7";"0";"2";"4";"1";"3";""
"202100029984";"148Â 200";"A01";"1";"7";"6";"0";"1";"1";"1";""
"202100029985";"148Â 198";"B01";"1";"7";"0";"2";"6";"1";"1";""
"202100029985";"148Â 199";"A01";"1";"7";"3";"2";"2";"21";"1";""
"202100029986";"148Â 196";"A01";"1";"30";"0";"2";"1";"2";"1";""
"202100029986";"148Â 197";"B01";"1";"7";"0";"2";"4";"23";"1";""
"202100029987";"148Â 194";"B01";"1";"1";"0";"2";"4";"1";"5";""
"202100029987";"148Â 195";"A01";"1";"7";"0";"2";"1";"1";"1";""
"202100029988";"148Â 192";"A01";"1";"7";"0";"2";"2";"10";"1";""
"202100029988";"148Â 193";"B01";"2";"31";"1";"2";"1";"1";"1";""
"202100029989";"148Â 189";"B01";"2";"7";"0";"2";"1";"15";"1";""
"202100029989";"148Â 190";"A01";"2";"7";"0";"2";"1";"1";"1";""
"202100029989";"148Â 191";"C01";"1";"7";"0";"2";"4";"24";"1";""
"202100029990";"148Â 188";"A01";"1";"33";"4";"0";"8";"0";"1";""
"202100029991";"148Â 186";"A01";"1";"7";"0";"2";"1";"2";"1";""
"202100029991";"148Â 187";"B01";"1";"7";"0";"2";"4";"2";"1";""
"202100029992";"148Â 184";"A01";"2";"7";"0";"2";"2";"15";"1";""
"202100029992";"148Â 185";"B01";"1";"7";"0";"2";"3";"1";"1";""
"202100029993";"148Â 182";"A01";"1";"33";"0";"2";"1";"2";"1";""
"202100029993";"148Â 183";"B01";"1";"7";"0";"2";"4";"1";"1";""
"202100029994";"148Â 180";"B01";"2";"7";"0";"2";"3";"1";"1";""
"202100029994";"148Â 181";"A01";"1";"30";"0";"2";"3";"17";"1";""
"202100029995";"148Â 178";"A01";"1";"7";"0";"2";"3";"11";"1";""
"202100029995";"148Â 179";"B01";"1";"33";"0";"2";"1";"1";"1";""
"202100029996";"148Â 176";"A01";"2";"7";"0";"2";"3";"15";"1";""
"202100029996";"148Â 177";"B01";"1";"32";"0";"2";"1";"1";"1";""
"202100029997";"148Â 175";"A01";"1";"7";"12";"0";"1";"0";"1";""
"202100029998";"148Â 173";"A01";"1";"7";"0";"2";"3";"1";"1";""
"202100029998";"148Â 174";"B01";"1";"33";"0";"2";"1";"1";"1";""
"202100029999";"148Â 171";"A01";"2";"31";"0";"2";"1";"2";"1";""
"202100029999";"148Â 172";"B01";"2";"7";"0";"2";"6";"15";"1";""
"202100030000";"148Â 169";"B01";"2";"7";"0";"2";"4";"0";"1";""
"202100030000";"148Â 170";"A01";"1";"7";"0";"2";"1";"23";"1";""
"202100030001";"148Â 167";"B01";"2";"7";"0";"2";"2";"1";"1";""
"202100030001";"148Â 168";"A01";"1";"1";"0";"2";"1";"19";"5";""
"202100030002";"148Â 166";"A01";"1";"33";"3";"0";"9";"17";"1";""
"202100030003";"148Â 164";"A01";"2";"32";"0";"2";"1";"11";"1";""
"202100030003";"148Â 165";"B01";"2";"7";"0";"2";"3";"1";"1";""
"202100030004";"148Â 163";"A01";"2";"7";"0";"1";"1";"1";"1";""
"202100030005";"148Â 160";"C01";"1";"7";"0";"2";"4";"23";"1";""
"202100030005";"148Â 161";"B01";"1";"7";"0";"2";"4";"23";"1";""
"202100030005";"148Â 162";"A01";"1";"7";"0";"2";"1";"2";"1";""
"202100030006";"148Â 158";"B01";"1";"7";"0";"2";"5";"1";"1";""
"202100030006";"148Â 159";"A01";"1";"43";"0";"2";"3";"3";"1";""
"202100030007";"148Â 156";"Z01";"1";"7";"0";"2";"6";"22";"1";""
"202100030007";"148Â 157";"A01";"1";"1";"0";"2";"1";"18";"5";""
"202100030008";"148Â 154";"A01";"2";"1";"0";"2";"1";"13";"5";""
"202100030008";"148Â 155";"B01";"1";"50";"0";"2";"1";"1";"3";""
"202100030009";"148Â 152";"B01";"2";"1";"0";"2";"2";"1";"5";""
"202100030009";"148Â 153";"A01";"2";"7";"0";"2";"3";"22";"1";""
"202100030010";"148Â 150";"B01";"2";"33";"0";"2";"3";"18";"1";""
"202100030010";"148Â 151";"A01";"2";"7";"0";"2";"2";"16";"2";""
"202100030011";"148Â 148";"B01";"2";"2";"0";"2";"1";"1";"1";""
"202100030011";"148Â 149";"A01";"1";"7";"0";"2";"7";"15";"1";""
"202100030012";"148Â 146";"A01";"3";"15";"0";"2";"6";"9";"1";""
"202100030012";"148Â 147";"B01";"3";"33";"0";"2";"7";"9";"1";""
"202100030013";"148Â 144";"A01";"3";"43";"0";"2";"8";"1";"1";""
"202100030013";"148Â 145";"Z01";"3";"7";"0";"2";"8";"1";"0";""
"202100030014";"148Â 142";"B01";"1";"7";"0";"2";"3";"17";"1";""
"202100030014";"148Â 143";"A01";"1";"2";"0";"2";"1";"5";"1";""
"202100030015";"148Â 140";"B01";"1";"1";"0";"2";"3";"1";"5";""
"202100030015";"148Â 141";"A01";"1";"10";"0";"2";"2";"12";"1";""
"202100030016";"148Â 138";"B01";"2";"1";"0";"2";"2";"1";"5";""
"202100030016";"148Â 139";"A01";"2";"10";"0";"2";"3";"22";"1";""
"202100030017";"148Â 136";"A01";"2";"7";"0";"2";"2";"16";"1";""
"202100030017";"148Â 137";"B01";"1";"1";"0";"2";"1";"1";"5";""
"202100030018";"148Â 134";"A01";"1";"10";"0";"2";"7";"16";"1";""
"202100030018";"148Â 135";"B01";"1";"1";"0";"2";"8";"1";"5";""
"202100030019";"148Â 132";"B01";"2";"1";"0";"2";"1";"1";"5";""
"202100030019";"148Â 133";"A01";"2";"10";"0";"2";"8";"22";"1";""
"202100030020";"148Â 130";"A01";"1";"1";"0";"2";"8";"19";"5";""
"202100030020";"148Â 131";"B01";"1";"7";"0";"2";"1";"1";"3";""
"202100030021";"148Â 128";"A01";"1";"7";"0";"2";"2";"16";"1";""
"202100030021";"148Â 129";"B01";"2";"1";"0";"2";"1";"1";"5";""
"202100030022";"148Â 126";"A01";"1";"7";"0";"2";"4";"23";"1";""
"202100030022";"148Â 127";"B01";"1";"30";"0";"2";"1";"18";"1";""
"202100030023";"148Â 123";"A01";"3";"10";"0";"2";"2";"1";"1";""
"202100030023";"148Â 124";"C01";"3";"7";"0";"2";"2";"2";"2";""
"202100030023";"148Â 125";"B01";"3";"7";"0";"2";"3";"1";"1";""
"202100030024";"148Â 121";"B01";"1";"7";"0";"2";"2";"15";"1";""
"202100030024";"148Â 122";"A01";"1";"1";"0";"2";"3";"1";"5";""
"202100030025";"148Â 120";"A01";"1";"32";"0";"1";"1";"17";"1";""
"202100030026";"148Â 119";"A01";"1";"30";"0";"2";"8";"1";"1";""
"202100030027";"148Â 117";"B01";"1";"80";"0";"2";"3";"1";"3";""
"202100030027";"148Â 118";"A01";"2";"32";"0";"2";"1";"15";"1";""
"202100030028";"148Â 115";"A01";"2";"32";"0";"2";"1";"15";"1";""
"202100030028";"148Â 116";"B01";"1";"30";"0";"2";"3";"1";"1";""
"202100030029";"148Â 113";"A01";"1";"1";"0";"2";"7";"15";"5";""
"202100030029";"148Â 114";"B01";"2";"50";"0";"2";"1";"1";"3";""
"202100030030";"148Â 111";"B01";"3";"33";"0";"2";"3";"1";"1";""
"202100030030";"148Â 112";"A01";"3";"50";"0";"2";"3";"15";"3";""
"202100030031";"148Â 110";"A01";"1";"13";"0";"1";"0";"1";"1";""
"202100030032";"148Â 108";"Y01";"2";"50";"1";"0";"1";"17";"3";""
"202100030032";"148Â 109";"A01";"2";"7";"1";"0";"3";"22";"1";""
"202100030033";"148Â 107";"A01";"2";"7";"0";"1";"1";"1";"1";""
"202100030034";"148Â 105";"A01";"2";"7";"0";"2";"1";"22";"1";""
"202100030034";"148Â 106";"B01";"2";"1";"1";"0";"0";"0";"5";""
"202100030035";"148Â 100";"E01";"2";"7";"0";"2";"0";"0";"1";""
"202100030035";"148Â 101";"D01";"2";"7";"0";"2";"1";"1";"1";""
"202100030035";"148Â 102";"C01";"2";"7";"0";"2";"1";"1";"1";""
"202100030035";"148Â 103";"B01";"2";"7";"0";"2";"4";"1";"1";""
"202100030035";"148Â 104";"A01";"2";"7";"0";"2";"1";"2";"1";""
"202100030036";"148Â 098";"B01";"1";"7";"0";"2";"1";"9";"1";""
"202100030036";"148Â 099";"A01";"2";"7";"0";"2";"7";"9";"2";""
"202100030037";"148Â 096";"A01";"2";"7";"1";"0";"6";"9";"1";""
"202100030037";"148Â 097";"B01";"2";"7";"1";"0";"6";"24";"1";""
"202100030038";"148Â 094";"A01";"2";"10";"0";"2";"2";"1";"1";""
"202100030038";"148Â 095";"B01";"1";"7";"0";"2";"2";"9";"1";""
"202100030039";"148Â 092";"B01";"1";"7";"0";"2";"4";"26";"1";""
"202100030039";"148Â 093";"A01";"1";"7";"0";"2";"1";"26";"1";""
"202100030040";"148Â 090";"A01";"3";"7";"0";"2";"4";"2";"1";""
"202100030040";"148Â 091";"B01";"3";"14";"0";"2";"1";"2";"1";""
"202100030041";"148Â 088";"A01";"0";"7";"0";"2";"7";"19";"2";""
"202100030041";"148Â 089";"B01";"0";"7";"0";"2";"1";"1";"2";""
"202100030042";"148Â 086";"B01";" -1";"32";"0";"2";"3";"1";"1";""
"202100030042";"148Â 087";"A01";" -1";"7";"0";"2";"7";"14";"1";""
"202100030043";"148Â 084";"B01";"0";"0";"0";"2";"0";"0";"0";""
"202100030043";"148Â 085";"A01";"0";"7";"0";"2";"3";"19";"1";""
"202100030044";"148Â 081";"A01";"1";"7";"0";"2";"1";"2";"1";""
"202100030044";"148Â 082";"C01";"1";"7";"0";"2";"4";"0";"1";""
"202100030044";"148Â 083";"B01";"1";"7";"0";"2";"4";"0";"1";""
"202100030045";"148Â 079";"A01";"1";"7";"0";"2";"3";"11";"1";""
"202100030045";"148Â 080";"B01";"1";"34";"0";"2";"1";"2";"1";""
"202100030046";"148Â 077";"A01";"2";"30";"0";"2";"2";"17";"1";""
"202100030046";"148Â 078";"B01";"2";"7";"0";"2";"3";"1";"1";""
"202100030047";"148Â 075";"B01";"3";"32";"0";"2";"1";"1";"1";""
"202100030047";"148Â 076";"A01";"3";"7";"0";"2";"2";"16";"1";""
"202100030048";"148Â 073";"A01";"1";"7";"0";"2";"2";"15";"1";""
"202100030048";"148Â 074";"B01";"1";"43";"0";"2";"0";"1";"1";""
"202100030049";"148Â 071";"A01";"2";"33";"0";"2";"1";"2";"1";""
"202100030049";"148Â 072";"B01";"0";"7";"0";"2";"2";"15";"1";""
"202100030050";"148Â 069";"B01";"2";"7";"0";"2";"4";"1";"1";""
"202100030050";"148Â 070";"A01";"2";"10";"0";"2";"1";"2";"1";""
"202100030051";"148Â 067";"A01";"1";"2";"0";"2";"2";"1";"1";""
"202100030051";"148Â 068";"B01";"2";"7";"0";"2";"3";"1";"1";""
"202100030052";"148Â 065";"B01";"1";"7";"0";"2";"2";"16";"1";""
"202100030052";"148Â 066";"A01";"1";"32";"0";"2";"1";"18";"1";""
"202100030053";"148Â 064";"A01";"1";"32";"14";"0";"2";"1";"1";""
"202100030054";"148Â 063";"A01";"1";"10";"8";"0";"2";"1";"1";""
"202100030055";"148Â 061";"B01";"2";"7";"0";"2";"1";"0";"1";""
"202100030055";"148Â 062";"A01";"1";"7";"0";"2";"1";"13";"1";""
"202100030056";"148Â 058";"C01";"1";"1";"0";"2";"8";"1";"5";""
"202100030056";"148Â 059";"B01";"1";"1";"0";"2";"8";"1";"5";""
"202100030056";"148Â 060";"A01";"2";"7";"0";"9";"1";"13";"1";""
"202100030057";"148Â 056";"B01";"1";"7";"0";"2";"3";"1";"1";""
"202100030057";"148Â 057";"A01";"2";"2";"0";"2";"1";"1";"1";""
"202100030058";"148Â 055";"A01";"2";"10";"4";"0";"3";"2";"1";""
"202100030059";"148Â 054";"A01";"1";"34";"4";"0";"7";"16";"1";""
"202100030060";"148Â 052";"A01";"1";"33";"0";"2";"1";"17";"1";""
"202100030060";"148Â 053";"B01";"1";"10";"0";"2";"3";"1";"1";""
"202100030061";"148Â 051";"A01";"1";"7";"3";"9";"0";"1";"1";""
"202100030062";"148Â 049";"A01";"1";"1";"0";"5";"1";"0";"5";""
"202100030063";"148Â 047";"A01";"2";"7";"0";"0";"4";"1";"1";""
"202100030063";"148Â 048";"B01";"2";"7";"0";"2";"1";"2";"1";""
"202100030064";"148Â 045";"A01";"1";"7";"0";"0";"4";"1";"1";""
"202100030064";"148Â 046";"B01";"1";"33";"0";"2";"1";"1";"1";""
"202100030065";"148Â 043";"A01";"3";"10";"0";"2";"7";"17";"1";""
"202100030065";"148Â 044";"B01";"3";"1";"0";"2";"8";"1";"5";""
"202100030066";"148Â 042";"A01";"2";"2";"0";"0";"0";"14";"1";""
"202100030067";"148Â 040";"B01";"1";"13";"0";"0";"0";"15";"1";""
"202100030067";"148Â 041";"A01";"2";"7";"8";"0";"1";"26";"6";""
"202100030068";"148Â 038";"A01";"3";"7";"0";"2";"1";"15";"1";""
"202100030068";"148Â 039";"B01";"3";"33";"0";"2";"3";"1";"1";""
"202100030069";"148Â 037";"A01";"2";"1";"0";"0";"0";"1";"0";""
"202100030070";"148Â 035";"A01";"1";"7";"0";"2";"3";"15";"1";""
"202100030070";"148Â 036";"B01";"0";"7";"0";"2";"3";"1";"2";""
"202100030071";"148Â 033";"B01";"1";"17";"0";"2";"1";"2";"1";""
"202100030071";"148Â 034";"A01";"1";"7";"0";"0";"4";"2";"1";""
"202100030072";"148Â 032";"A01";"2";"7";"7";"0";"9";"1";"0";""
"202100030073";"148Â 030";"B01";"2";"7";"0";"2";"1";"1";"1";""
"202100030073";"148Â 031";"A01";"1";"15";"0";"2";"3";"15";"1";""
"202100030074";"148Â 029";"A01";"1";"33";"0";"1";"1";"1";"1";""
"202100030075";"148Â 027";"A01";"3";"7";"0";"2";"3";"1";"1";""
"202100030075";"148Â 028";"B01";"3";"30";"0";"2";"1";"1";"1";""
"202100030076";"148Â 025";"A01";"2";"2";"0";"2";"2";"17";"1";""
"202100030076";"148Â 026";"B01";"2";"7";"0";"2";"6";"13";"1";""
"202100030077";"148Â 023";"A01";"1";"7";"0";"2";"8";"9";"1";""
"202100030077";"148Â 024";"B01";"1";"33";"0";"2";"7";"1";"1";""
"202100030078";"148Â 021";"B01";"2";"1";"0";"2";"4";"1";"5";""
"202100030078";"148Â 022";"A01";"2";"7";"0";"2";"1";"17";"0";""
"202100030079";"148Â 018";"A01";"1";"7";"0";"9";"3";"1";"0";""
"202100030079";"148Â 019";"B01";"2";"1";"0";"2";"3";"1";"5";""
"202100030079";"148Â 020";"C01";"2";"1";"0";"9";"1";"1";"5";""
"202100030080";"148Â 016";"B01";"1";"2";"0";"2";"1";"1";"1";""
"202100030080";"148Â 017";"A01";"2";"10";"0";"2";"2";"15";"1";""
"202100030081";"148Â 014";"A01";"1";"33";"0";"2";"1";"13";"1";""
"202100030081";"148Â 015";"B01";"2";"7";"0";"2";"3";"1";"1";""
"202100030082";"148Â 012";"B01";"3";"7";"0";"2";"3";"1";"1";""
"202100030082";"148Â 013";"A01";"3";"7";"6";"2";"8";"19";"1";""
"202100030083";"148Â 011";"A01";"2";"7";"8";"0";"1";"1";"1";""
"202100030084";"148Â 008";"C01";"1";"7";"0";"2";"1";"1";"1";""
"202100030084";"148Â 009";"B01";"2";"7";"13";"2";"1";"1";"1";""
"202100030084";"148Â 010";"A01";"1";"7";"4";"2";"1";"1";"1";""
"202100030085";"148Â 003";"A01";"2";"33";"6";"0";"2";"0";"1";""
"202100030086";"148Â 001";"B01";"2";"33";"0";"2";"7";"1";"1";""
"202100030086";"148Â 002";"A01";"2";"10";"0";"2";"3";"19";"1";""
"202100030087";"147Â 999";"B01";"0";"1";"0";"2";"1";"0";"5";""
"202100030087";"148Â 000";"A01";"3";"7";"0";"9";"1";"15";"1";""
"202100030088";"147Â 998";"A01";"3";"7";"6";"9";"1";"2";"1";""
"202100030089";"147Â 996";"A01";"2";"10";"16";"2";"6";"1";"1";""
"202100030089";"147Â 997";"B01";"2";"7";"13";"2";"2";"17";"1";""
"202100030090";"147Â 994";"B01";"2";"1";"0";"0";"8";"1";"5";""
"202100030090";"147Â 995";"A01";"1";"10";"0";"9";"1";"15";"1";""
"202100030091";"147Â 992";"A01";"2";"33";"0";"2";"2";"1";"1";""
"202100030091";"147Â 993";"B01";"1";"10";"4";"2";"2";"1";"1";""
"202100030092";"147Â 991";"A01";"1";"7";"2";"0";"1";"1";"1";""
"202100030093";"147Â 988";"C01";"1";"14";"0";"2";"6";"1";"1";""
"202100030093";"147Â 989";"B01";"1";"7";"0";"2";"5";"1";"1";""
"202100030093";"147Â 990";"A01";"1";"7";"4";"2";"8";"11";"1";""
"202100030094";"147Â 986";"B01";"1";"33";"0";"0";"0";"2";"1";""
"202100030094";"147Â 987";"A01";"1";"7";"0";"2";"0";"0";"0";""
"202100030095";"147Â 985";"A01";"3";"7";"13";"0";"3";"26";"1";""
"202100030096";"147Â 983";"A01";"3";"7";"0";"2";"1";"1";"1";""
"202100030096";"147Â 984";"B01";"0";"2";"0";"0";"7";"1";"1";""
"202100030097";"147Â 980";"C01";"1";"7";"0";"2";"1";"0";"1";""
"202100030097";"147Â 981";"B01";"1";"7";"0";"2";"3";"0";"1";""
"202100030097";"147Â 982";"A01";"2";"7";"0";"2";"3";"5";"1";""
"202100030098";"147Â 979";"A01";"2";"33";"4";"0";"8";"1";"1";""
"202100030099";"147Â 977";"B01";"1";"7";"0";"0";"6";"1";"1";""
"202100030099";"147Â 978";"A01";"1";"7";"4";"2";"2";"17";"1";""
"202100030100";"147Â 976";"A01";"2";"31";"16";"0";"9";"21";"1";""
"202100030101";"147Â 972";"A01";"1";"7";"0";"2";"3";"17";"1";""
"202100030101";"147Â 973";"B01";"2";"7";"0";"2";"3";"1";"1";""
"202100030101";"147Â 974";"C01";"1";"10";"0";"2";"8";"1";"1";""
"202100030101";"147Â 975";"D01";"2";"7";"0";"2";"1";"23";"1";""
"202100030102";"147Â 971";"A01";"2";"7";"0";"1";"2";"1";"1";""
"202100030103";"147Â 969";"A01";"3";"1";"0";"2";"7";"12";"5";""
"202100030103";"147Â 970";"B01";"3";"7";"0";"2";"3";"0";"1";""
"202100030104";"147Â 968";"A01";"2";"7";"13";"0";"2";"0";"1";""
"202100030105";"147Â 967";"A01";"3";"2";"0";"0";"0";"0";"1";""
"202100030106";"147Â 966";"A01";"2";"7";"13";"0";"3";"0";"1";""
"202100030107";"147Â 964";"A01";"1";"33";"0";"2";"2";"17";"1";""
"202100030107";"147Â 965";"B01";"2";"7";"0";"9";"3";"26";"1";""
"202100030108";"147Â 962";"A01";"1";"7";"0";"2";"1";"2";"1";""
"202100030108";"147Â 963";"B01";"1";"7";"0";"2";"4";"1";"1";""
"202100030109";"147Â 958";"A01";"1";"7";"0";"2";"1";"2";"1";""
"202100030109";"147Â 959";"B01";"1";"7";"0";"2";"4";"2";"1";""
"202100030109";"147Â 960";"C01";"1";"7";"0";"2";"4";"2";"1";""
"202100030109";"147Â 961";"D01";"2";"7";"0";"2";"3";"1";"2";""
"202100030110";"147Â 956";"A01";"1";"7";"0";"2";"1";"13";"1";""
"202100030110";"147Â 957";"B01";"2";"7";"0";"2";"8";"1";"1";""
"202100030111";"147Â 954";"B01";"1";"15";"0";"2";"1";"13";"1";""
"202100030111";"147Â 955";"A01";"2";"7";"0";"2";"1";"1";"1";""
"202100030112";"147Â 953";"A01";"2";"7";"0";"1";"2";"1";"1";""
"202100030113";"147Â 951";"B01";"2";"80";"0";"2";"7";"0";"3";""