"Num_Acc";"id_vehicule";"num_veh";"senc";"catv";"obs";"obsm";"choc";"manv";"motor";"occutc"
"202100030113";"147Â 952";"A01";"3";"10";"0";"9";"1";"0";"1";""
"202100030114";"147Â 950";"A01";"1";"33";"7";"0";"1";"1";"1";""
"202100030115";"147Â 948";"A01";"0";"3";"0";"2";"1";"13";"1";""
"202100030115";"147Â 949";"B01";"0";"7";"0";"2";"1";"1";"1";""
"202100030116";"147Â 946";"B01";"0";"7";"0";"0";"4";"1";"1";""
"202100030116";"147Â 947";"A01";"0";"7";"0";"2";"1";"1";"1";""
"202100030117";"147Â 944";"B01";"2";"7";"0";"2";"2";"15";"1";""
"202100030117";"147Â 945";"A01";"1";"7";"0";"2";"3";"9";"1";""
"202100030118";"147Â 942";"A01";"2";"32";"0";"2";"7";"1";"1";""
"202100030118";"147Â 943";"Z01";"2";"33";"0";"2";"8";"19";"1";""
"202100030119";"147Â 940";"B01";"1";"10";"0";"2";"1";"2";"1";""
"202100030119";"147Â 941";"A01";"1";"7";"0";"2";"4";"2";"1";""
"202100030120";"147Â 938";"A01";"1";"7";"0";"2";"4";"1";"1";""
"202100030120";"147Â 939";"B01";"1";"7";"0";"2";"1";"1";"1";""
"202100030121";"147Â 937";"A01";"2";"7";"4";"0";"9";"1";"1";""
"202100030122";"147Â 935";"A01";"2";"7";"0";"2";"5";"1";"1";""
"202100030122";"147Â 936";"B01";"1";"7";"0";"2";"3";"21";"1";""
"202100030123";"147Â 933";"A01";"1";"17";"0";"2";"2";"12";"1";""
"202100030123";"147Â 934";"B01";"1";"7";"4";"2";"6";"2";"1";""
"202100030124";"147Â 931";"A01";"2";"7";"0";"2";"1";"1";"1";""
"202100030124";"147Â 932";"B01";"2";"7";"0";"2";"4";"2";"1";""
"202100030125";"147Â 929";"A01";"1";"33";"0";"2";"1";"2";"1";""
"202100030125";"147Â 930";"B01";"1";"7";"0";"2";"4";"2";"1";""
"202100030126";"147Â 927";"B01";"2";"7";"0";"2";"7";"12";"1";""
"202100030126";"147Â 928";"A01";"2";"33";"0";"2";"8";"2";"1";""
"202100030127";"147Â 926";"A01";"2";"7";"12";"0";"1";"14";"1";""
"202100030128";"147Â 924";"B01";"2";"31";"0";"2";"2";"3";"1";""
"202100030128";"147Â 925";"A01";"2";"7";"0";"2";"3";"11";"1";""
"202100030129";"147Â 922";"B01";"2";"7";"0";"2";"6";"1";"1";""
"202100030129";"147Â 923";"A01";"2";"17";"0";"2";"2";"12";"1";""
"202100030130";"147Â 920";"B01";"2";"7";"0";"2";"1";"2";"1";""
"202100030130";"147Â 921";"A01";"2";"33";"0";"2";"8";"18";"1";""
"202100030131";"147Â 918";"B01";"2";"10";"0";"2";"1";"1";"1";""
"202100030131";"147Â 919";"A01";"2";"7";"5";"2";"1";"13";"1";""
"202100030132";"147Â 916";"B01";"2";"99";"0";"2";"2";"0";"0";""
"202100030132";"147Â 917";"A01";"2";"10";"0";"2";"5";"26";"1";""
"202100030133";"147Â 914";"A01";"1";"10";"0";"2";"7";"12";"1";""
"202100030133";"147Â 915";"B01";"1";"34";"0";"2";"8";"3";"1";""
"202100030134";"147Â 912";"B01";"1";"7";"0";"2";"5";"12";"1";""
"202100030134";"147Â 913";"A01";"1";"33";"0";"2";"1";"0";"1";""
"202100030135";"147Â 908";"D01";"1";"33";"0";"2";"1";"1";"1";""
"202100030135";"147Â 909";"C01";"1";"33";"0";"2";"4";"2";"1";""
"202100030135";"147Â 910";"B01";"1";"33";"0";"2";"4";"2";"1";""
"202100030135";"147Â 911";"A01";"1";"7";"0";"2";"6";"2";"1";""
"202100030136";"147Â 906";"B01";"2";"7";"0";"2";"2";"1";"1";""
"202100030136";"147Â 907";"A01";"2";"15";"0";"2";"8";"11";"1";""
"202100030137";"147Â 904";"A01";"1";"10";"0";"2";"1";"21";"1";""
"202100030137";"147Â 905";"B01";"1";"7";"0";"2";"4";"23";"1";""
"202100030138";"147Â 902";"A01";"1";"7";"0";"2";"1";"1";"1";""
"202100030138";"147Â 903";"B01";"1";"7";"0";"2";"4";"2";"1";""
"202100030139";"147Â 900";"A01";"2";"14";"0";"2";"1";"1";"1";""
"202100030139";"147Â 901";"B01";"2";"17";"0";"2";"4";"1";"1";""
"202100030140";"147Â 898";"A01";"2";"7";"0";"1";"3";"1";"1";""
"202100030141";"147Â 897";"A01";"1";"3";"15";"1";"4";"25";"1";""
"202100030142";"147Â 896";"A01";"3";"7";"0";"1";"3";"15";"1";""
"202100030143";"147Â 895";"A01";"3";"7";"0";"1";"3";"1";"1";""
"202100030144";"147Â 890";"B01";"2";"34";"0";"2";"1";"1";"1";""
"202100030144";"147Â 891";"A01";"2";"7";"0";"2";"3";"15";"1";""
"202100030145";"147Â 888";"B01";"2";"7";"0";"2";"4";"2";"1";""
"202100030145";"147Â 889";"A01";"2";"7";"0";"2";"1";"2";"1";""
"202100030146";"147Â 886";"A01";"3";"1";"0";"2";"1";"19";"5";""
"202100030146";"147Â 887";"B01";"3";"7";"0";"9";"0";"1";"1";""
"202100030147";"147Â 884";"B01";"1";"2";"0";"2";"8";"1";"1";""
"202100030147";"147Â 885";"A01";"1";"7";"0";"2";"7";"16";"1";""
"202100030148";"147Â 883";"A01";"3";"7";"6";"0";"1";"26";"1";""
"202100030149";"147Â 881";"A01";"1";"3";"0";"9";"1";"1";"1";""
"202100030149";"147Â 882";"B01";"1";"1";"0";"2";"8";"1";"0";""
"202100030150";"147Â 880";"A01";"2";"33";"0";"0";"7";"21";"1";""
"202100030151";"147Â 878";"B01";"1";"2";"0";"2";"2";"17";"1";""
"202100030151";"147Â 879";"A01";"1";"7";"0";"2";"3";"10";"1";""
"202100030152";"147Â 875";"A01";"1";"7";"0";"2";"1";"15";"1";""
"202100030152";"147Â 876";"B01";"2";"7";"0";"2";"2";"1";"1";""
"202100030153";"147Â 873";"A01";"2";"7";"0";"2";"5";"10";"1";""
"202100030153";"147Â 874";"B01";"1";"33";"0";"2";"0";"1";"1";""
"202100030154";"147Â 868";"A01";"1";"7";"0";"1";"1";"15";"1";""
"202100030155";"147Â 866";"B01";"3";"7";"0";"2";"7";"1";"1";""
"202100030155";"147Â 867";"A01";"1";"1";"0";"2";"1";"1";"5";""
"202100030156";"147Â 864";"B01";"1";"2";"0";"2";"7";"1";"1";""
"202100030156";"147Â 865";"A01";"1";"7";"0";"2";"3";"1";"1";""
"202100030157";"147Â 862";"A01";"0";"7";"0";"2";"7";"16";"1";""
"202100030157";"147Â 863";"B01";"0";"1";"0";"2";"1";"1";"5";""
"202100030158";"147Â 860";"A01";"0";"7";"0";"2";"8";"15";"1";""
"202100030158";"147Â 861";"B01";"0";"50";"0";"2";"1";"5";"3";""
"202100030159";"147Â 859";"A01";"2";"7";"3";"0";"1";"1";"1";""
"202100030160";"147Â 857";"A01";"0";"7";"0";"1";"4";"5";"1";""
"202100030161";"147Â 855";"A01";"1";"7";"4";"2";"6";"11";"1";""
"202100030161";"147Â 856";"B01";"1";"14";"0";"2";"7";"1";"1";""
"202100030162";"147Â 854";"A01";"3";"7";"0";"1";"1";"9";"1";""
"202100030163";"147Â 851";"C01";"1";"7";"0";"2";"4";"2";"1";""
"202100030163";"147Â 852";"B01";"1";"7";"0";"2";"4";"2";"1";""
"202100030163";"147Â 853";"A01";"1";"7";"0";"2";"1";"2";"1";""
"202100030164";"147Â 849";"A01";"2";"7";"1";"2";"1";"1";"1";""
"202100030164";"147Â 850";"B01";"1";"1";"0";"2";"0";"19";"0";""
"202100030165";"147Â 848";"A01";"1";"37";"16";"0";"1";"26";"1";"1"
"202100030166";"147Â 846";"A01";"1";"50";"0";"2";"1";"1";"3";""
"202100030166";"147Â 847";"B01";"2";"7";"0";"2";"1";"15";"1";""
"202100030167";"147Â 844";"A01";"1";"30";"0";"2";"1";"1";"3";""
"202100030167";"147Â 845";"B01";"2";"1";"0";"2";"2";"19";"5";""
"202100030168";"147Â 842";"A01";"1";"7";"0";"2";"1";"2";"1";""
"202100030168";"147Â 843";"B01";"1";"10";"0";"2";"5";"2";"1";""
"202100030169";"147Â 841";"A01";"1";"7";"0";"1";"1";"1";"3";""
"202100030170";"147Â 840";"A01";"3";"33";"16";"0";"8";"1";"1";""
"202100030171";"147Â 838";"A01";"3";"10";"0";"2";"3";"17";"1";""
"202100030171";"147Â 839";"B01";"3";"2";"0";"2";"3";"1";"1";""
"202100030172";"147Â 836";"A01";"2";"30";"0";"2";"1";"1";"1";""
"202100030172";"147Â 837";"B01";"1";"7";"0";"2";"3";"15";"1";""
"202100030173";"147Â 834";"B01";"3";"7";"0";"2";"1";"26";"1";""
"202100030173";"147Â 835";"A01";"1";"7";"0";"2";"2";"1";"1";""
"202100030174";"147Â 832";"B01";"1";"7";"0";"2";"1";"2";"1";""
"202100030174";"147Â 833";"A01";"1";"7";"0";"2";"4";"2";"1";""
"202100030175";"147Â 830";"B01";"1";"7";"0";"2";"1";"26";"1";""
"202100030175";"147Â 831";"A01";"0";"50";"0";"2";"1";"26";"3";""
"202100030176";"147Â 828";"B01";"3";"10";"0";"2";"6";"1";"1";""
"202100030176";"147Â 829";"A01";"3";"7";"0";"2";"3";"13";"1";""
"202100030177";"147Â 826";"A01";"3";"7";"0";"2";"7";"15";"1";""
"202100030177";"147Â 827";"B01";"3";"7";"0";"2";"1";"1";"1";""
"202100030178";"147Â 825";"A01";"1";"7";"14";"0";"0";"20";"1";""
"202100030179";"147Â 824";"A01";"3";"33";"0";"0";"4";"9";"1";""
"202100030180";"147Â 822";"B01";"1";"7";"0";"2";"4";"2";"2";""
"202100030180";"147Â 823";"A01";"1";"7";"0";"2";"0";"9";"1";""
"202100030181";"147Â 821";"A01";"1";"1";"0";"2";"0";"9";"5";""
"202100030182";"147Â 819";"B01";"2";"1";"0";"2";"1";"2";"5";""
"202100030182";"147Â 820";"A01";"2";"7";"0";"2";"6";"9";"1";""
"202100030183";"147Â 818";"A01";"0";"30";"0";"0";"0";"1";"1";""
"202100030184";"147Â 816";"A01";"2";"10";"0";"2";"1";"1";"1";""
"202100030184";"147Â 817";"B01";"2";"7";"0";"2";"4";"1";"3";""
"202100030185";"147Â 814";"A01";"1";"7";"0";"2";"3";"16";"1";""
"202100030185";"147Â 815";"B01";"1";"1";"0";"2";"3";"1";"5";""
"202100030186";"147Â 812";"A01";"2";"7";"0";"2";"1";"2";"1";""
"202100030186";"147Â 813";"B01";"2";"7";"0";"2";"4";"1";"1";""
"202100030187";"147Â 810";"A01";"2";"10";"0";"2";"2";"15";"1";""
"202100030187";"147Â 811";"B01";"2";"37";"0";"2";"1";"1";"1";"1"
"202100030188";"147Â 808";"B01";"2";"7";"0";"2";"3";"15";"1";""
"202100030188";"147Â 809";"A01";"1";"33";"0";"2";"1";"7";"1";""
"202100030189";"147Â 806";"A01";"2";"13";"0";"2";"8";"1";"1";""
"202100030189";"147Â 807";"B01";"2";"2";"0";"2";"7";"0";"1";""
"202100030190";"147Â 804";"A01";"3";"33";"0";"2";"1";"17";"1";""
"202100030190";"147Â 805";"B01";"3";"7";"0";"2";"3";"1";"1";""
"202100030191";"147Â 803";"A01";"1";"7";"0";"1";"2";"1";"1";""
"202100030192";"147Â 802";"A01";"2";"7";"13";"0";"1";"26";"1";""
"202100030193";"147Â 800";"A01";"1";"7";"0";"2";"9";"19";"1";""
"202100030193";"147Â 801";"B01";"1";"7";"0";"2";"1";"19";"1";""
"202100030194";"147Â 799";"A01";"3";"7";"0";"1";"2";"1";"1";""
"202100030195";"147Â 797";"A01";"2";"7";"0";"2";"1";"1";"1";""
"202100030195";"147Â 798";"B01";"1";"7";"0";"2";"3";"1";"1";""
"202100030196";"147Â 795";"A01";"2";"7";"0";"2";"1";"2";"1";""
"202100030196";"147Â 796";"B01";"1";"7";"0";"2";"2";"1";"1";""
"202100030197";"147Â 792";"A01";"1";"7";"0";"2";"3";"17";"1";""
"202100030197";"147Â 793";"C01";"2";"7";"0";"2";"3";"2";"1";""
"202100030197";"147Â 794";"B01";"2";"7";"0";"2";"6";"1";"1";""
"202100030198";"147Â 791";"A01";"1";"10";"0";"1";"2";"21";"1";""
"202100030199";"147Â 789";"A01";"2";"30";"0";"2";"5";"11";"1";""
"202100030199";"147Â 790";"B01";"1";"7";"0";"2";"7";"1";"1";""
"202100030200";"147Â 786";"C01";"1";"10";"0";"2";"4";"2";"0";""
"202100030200";"147Â 787";"B01";"1";"10";"0";"2";"4";"2";"0";""
"202100030200";"147Â 788";"A01";"1";"10";"0";"2";"1";"2";"1";""
"202100030201";"147Â 784";"B01";"2";"30";"0";"0";"1";"3";"1";""
"202100030201";"147Â 785";"A01";"3";"7";"0";"2";"2";"19";"1";""
"202100030202";"147Â 782";"A01";"3";"7";"0";"2";"1";"9";"3";""
"202100030202";"147Â 783";"B01";"3";"1";"0";"2";"7";"1";"5";""
"202100030203";"147Â 780";"Z01";"1";"34";"1";"0";"2";"26";"0";""
"202100030203";"147Â 781";"B01";"1";"7";"0";"2";"6";"23";"1";""
"202100030204";"147Â 778";"A01";"1";"7";"0";"2";"3";"1";"1";""
"202100030204";"147Â 779";"B01";"2";"50";"0";"2";"1";"5";"3";""
"202100030205";"147Â 777";"A01";"3";"17";"0";"1";"8";"9";"1";""
"202100030206";"147Â 775";"A01";"1";"7";"0";"2";"1";"5";"1";""
"202100030206";"147Â 776";"B01";"2";"7";"0";"2";"1";"1";"1";""
"202100030207";"147Â 773";"B01";"1";"33";"0";"2";"8";"1";"1";""
"202100030207";"147Â 774";"A01";"1";"7";"0";"2";"2";"10";"1";""
"202100030208";"147Â 771";"Z01";"2";"7";"0";"2";"0";"15";"6";""
"202100030208";"147Â 772";"B01";"1";"32";"0";"2";"7";"26";"1";""
"202100030209";"147Â 769";"B01";"1";"33";"0";"2";"1";"1";"1";""
"202100030209";"147Â 770";"A01";"2";"7";"0";"2";"1";"1";"1";""
"202100030210";"147Â 767";"A01";"2";"7";"0";"2";"2";"16";"0";""
"202100030210";"147Â 768";"B01";"2";"7";"0";"2";"3";"1";"0";""
"202100030211";"147Â 765";"B01";"1";"1";"0";"2";"6";"2";"5";""
"202100030211";"147Â 766";"A01";"1";"7";"0";"2";"2";"16";"0";""
"202100030212";"147Â 763";"A01";"1";"30";"0";"2";"1";"18";"1";""
"202100030212";"147Â 764";"B01";"1";"2";"0";"2";"7";"1";"1";""
"202100030213";"147Â 761";"B01";"2";"7";"0";"2";"1";"1";"1";""
"202100030213";"147Â 762";"A01";"1";"7";"0";"2";"1";"13";"1";""
"202100030214";"147Â 759";"B01";"1";"7";"16";"0";"1";"1";"1";""
"202100030214";"147Â 760";"A01";"1";"7";"16";"0";"2";"19";"1";""
"202100030215";"147Â 757";"A01";"1";"31";"0";"2";"3";"3";"1";""
"202100030215";"147Â 758";"B01";"1";"7";"0";"2";"2";"12";"1";""
"202100030216";"147Â 755";"Z01";"1";"7";"0";"2";"8";"13";"1";""
"202100030216";"147Â 756";"A01";"1";"33";"0";"2";"7";"1";"3";""
"202100030217";"147Â 753";"A01";"1";"32";"0";"2";"2";"2";"1";""
"202100030217";"147Â 754";"B01";"1";"7";"0";"2";"6";"2";"1";""
"202100030218";"147Â 750";"C01";"1";"7";"0";"2";"4";"2";"2";""
"202100030218";"147Â 751";"B01";"1";"7";"0";"2";"4";"2";"1";""
"202100030218";"147Â 752";"A01";"1";"13";"0";"2";"2";"2";"1";""
"202100030219";"147Â 747";"A01";"1";"7";"0";"2";"1";"12";"1";""
"202100030219";"147Â 748";"B01";"1";"33";"0";"2";"4";"1";"1";""
"202100030219";"147Â 749";"C01";"3";"50";"0";"2";"8";"19";"3";""
"202100030220";"147Â 745";"A01";"3";"7";"0";"2";"2";"12";"1";""
"202100030220";"147Â 746";"B01";"3";"33";"0";"2";"8";"1";"1";""
"202100030221";"147Â 743";"B01";"3";"7";"0";"2";"3";"15";"1";""
"202100030221";"147Â 744";"A01";"3";"33";"4";"2";"2";"17";"1";""
"202100030222";"147Â 742";"Z01";"1";"30";"0";"1";"1";"1";"1";""
"202100030223";"147Â 741";"A01";"1";"31";"0";"2";"8";"1";"1";""
"202100030224";"147Â 739";"B01";"2";"10";"0";"2";"2";"15";"1";""
"202100030224";"147Â 740";"A01";"1";"30";"0";"2";"8";"1";"1";""
"202100030225";"147Â 737";"A01";"0";"7";"0";"2";"3";"1";"1";""
"202100030225";"147Â 738";"B01";"0";"10";"0";"2";"6";"15";"1";""
"202100030226";"147Â 735";"A01";"1";"7";"0";"2";"1";"2";"1";""
"202100030226";"147Â 736";"B01";"1";"7";"0";"2";"4";"23";"1";""
"202100030227";"147Â 733";"B01";"3";"32";"0";"2";"1";"1";"1";""
"202100030227";"147Â 734";"Z01";"3";"10";"0";"2";"2";"15";"0";""
"202100030228";"147Â 731";"B01";"3";"10";"0";"2";"3";"15";"1";""
"202100030228";"147Â 732";"A01";"3";"33";"0";"2";"2";"17";"1";""
"202100030229";"147Â 729";"A01";"1";"50";"0";"2";"3";"17";"3";""
"202100030229";"147Â 730";"B01";"2";"7";"0";"2";"3";"1";"1";""
"202100030230";"147Â 728";"A01";"2";"1";"0";"1";"1";"5";"5";""
"202100030231";"147Â 727";"A01";"1";"7";"0";"1";"3";"1";"2";""
"202100030232";"147Â 724";"B01";"1";"50";"0";"2";"8";"25";"3";""
"202100030232";"147Â 725";"A01";"1";"10";"0";"2";"2";"22";"1";""
"202100030232";"147Â 726";"C01";"1";"10";"0";"2";"0";"24";"1";""
"202100030233";"147Â 722";"B01";"2";"7";"0";"2";"7";"9";"1";""
"202100030233";"147Â 723";"A01";"2";"1";"0";"2";"1";"1";"5";""
"202100030234";"147Â 720";"B01";"1";"1";"0";"2";"1";"13";"5";""
"202100030234";"147Â 721";"A01";"2";"10";"0";"2";"5";"22";"1";""
"202100030235";"147Â 718";"A01";"2";"7";"0";"2";"2";"2";"1";""
"202100030235";"147Â 719";"B01";"2";"1";"0";"2";"4";"23";"5";""
"202100030236";"147Â 716";"B01";"1";"7";"0";"2";"3";"15";"1";""
"202100030236";"147Â 717";"A01";"1";"50";"0";"2";"7";"5";"3";""
"202100030237";"147Â 714";"B01";"1";"30";"0";"2";"0";"17";"1";""
"202100030237";"147Â 715";"A01";"1";"7";"0";"2";"0";"10";"1";""
"202100030238";"147Â 712";"A01";"1";"32";"0";"2";"1";"2";"1";""
"202100030238";"147Â 713";"B01";"1";"7";"0";"2";"4";"23";"1";""
"202100030239";"147Â 711";"A01";"2";"1";"0";"0";"7";"7";"5";""
"202100030240";"147Â 709";"B01";"2";"1";"0";"2";"2";"7";"5";""
"202100030240";"147Â 710";"A01";"2";"10";"0";"2";"3";"22";"1";""
"202100030241";"147Â 708";"A01";"1";"7";"0";"1";"7";"1";"1";""
"202100030242";"147Â 707";"A01";"1";"33";"0";"1";"1";"1";"3";""
"202100030243";"147Â 706";"A01";"2";"17";"0";"1";"1";"1";"1";""
"202100030244";"147Â 704";"A01";"2";"7";"0";"2";"6";"15";"1";""
"202100030244";"147Â 705";"B01";"2";"2";"0";"2";"1";"17";"1";""
"202100030245";"147Â 702";"B01";"3";"7";"0";"2";"3";"15";"1";""
"202100030245";"147Â 703";"A01";"3";"30";"0";"2";"2";"17";"3";""
"202100030246";"147Â 701";"A01";"1";"7";"0";"1";"0";"1";"1";""
"202100030247";"147Â 699";"A01";"0";"7";"0";"2";"3";"15";"1";""
"202100030247";"147Â 700";"B01";"1";"33";"0";"2";"1";"1";"1";""
"202100030248";"147Â 697";"B01";"3";"7";"15";"2";"1";"19";"1";""
"202100030248";"147Â 698";"A01";"1";"7";"0";"2";"8";"1";"1";""
"202100030249";"147Â 696";"A01";"1";"7";"0";"1";"1";"15";"1";""
"202100030250";"147Â 694";"B01";"1";"32";"0";"2";"3";"1";"1";""
"202100030250";"147Â 695";"A01";"2";"7";"0";"2";"3";"15";"1";""
"202100030251";"147Â 692";"A01";"1";"30";"0";"2";"1";"2";"1";""
"202100030251";"147Â 693";"B01";"1";"1";"0";"2";"4";"1";"5";""
"202100030252";"147Â 690";"B01";"1";"13";"0";"2";"3";"11";"1";""
"202100030252";"147Â 691";"A01";"1";"30";"0";"2";"1";"1";"1";""
"202100030253";"147Â 688";"A01";"1";"43";"0";"2";"8";"1";"1";""
"202100030253";"147Â 689";"Z01";"1";"7";"0";"2";"3";"1";"0";""
"202100030254";"147Â 686";"B01";"1";"43";"0";"2";"3";"2";"1";""
"202100030254";"147Â 687";"A01";"1";"7";"0";"2";"2";"16";"1";""
"202100030255";"147Â 684";"B01";"2";"7";"0";"2";"6";"1";"2";""
"202100030255";"147Â 685";"A01";"1";"30";"0";"2";"1";"1";"1";""
"202100030256";"147Â 683";"A01";"1";"7";"0";"1";"2";"1";"2";""
"202100030257";"147Â 681";"A01";"0";"10";"0";"2";"1";"2";"0";""
"202100030257";"147Â 682";"B01";"0";"7";"0";"2";"4";"23";"1";""
"202100030258";"147Â 679";"A01";"2";"7";"4";"0";"1";"1";"1";""
"202100030259";"147Â 677";"A01";"2";"7";"0";"9";"3";"13";"1";""
"202100030259";"147Â 678";"B01";"1";"1";"0";"2";"1";"1";"5";""
"202100030260";"147Â 675";"A01";"2";"7";"0";"2";"5";"13";"1";""
"202100030260";"147Â 676";"B01";"1";"7";"0";"2";"1";"1";"1";""
"202100030261";"147Â 673";"B01";"2";"7";"0";"2";"1";"1";"1";""
"202100030261";"147Â 674";"A01";"1";"7";"0";"2";"1";"5";"1";""
"202100030262";"147Â 672";"A01";"1";"10";"2";"0";"3";"1";"1";""
"202100030263";"147Â 668";"D01";"0";"7";"0";"2";"1";"2";"1";""
"202100030263";"147Â 669";"C01";"0";"7";"0";"2";"2";"2";"1";""
"202100030263";"147Â 670";"B01";"0";"7";"0";"2";"6";"2";"1";""
"202100030263";"147Â 671";"A01";"0";"7";"0";"0";"5";"1";"0";""
"202100030264";"147Â 666";"B01";"1";"17";"0";"0";"6";"24";"1";""
"202100030264";"147Â 667";"A01";"1";"7";"1";"0";"2";"1";"1";""
"202100030265";"147Â 665";"A01";"2";"7";"2";"0";"1";"1";"1";""
"202100030266";"147Â 664";"A01";"1";"33";"0";"2";"1";"1";"1";""
"202100030267";"147Â 662";"B01";"1";"15";"0";"2";"1";"1";"1";""
"202100030267";"147Â 663";"A01";"2";"7";"0";"2";"1";"13";"1";""
"202100030268";"147Â 661";"A01";"1";"7";"0";"1";"2";"2";"1";""
"202100030269";"147Â 658";"C01";"1";"7";"4";"2";"1";"1";"1";""
"202100030269";"147Â 659";"B01";"2";"7";"0";"2";"3";"1";"1";""
"202100030269";"147Â 660";"A01";"2";"7";"0";"2";"7";"1";"1";""
"202100030270";"147Â 656";"B01";"1";"33";"0";"2";"3";"1";"1";""
"202100030270";"147Â 657";"A01";"0";"0";"0";"2";"0";"0";"0";""
"202100030271";"147Â 654";"A01";"1";"7";"0";"2";"6";"11";"1";""
"202100030271";"147Â 655";"B01";"1";"33";"13";"2";"7";"17";"1";""
"202100030272";"147Â 652";"A01";"2";"7";"0";"2";"3";"13";"1";""
"202100030272";"147Â 653";"B01";"1";"33";"3";"2";"8";"1";"1";""
"202100030273";"147Â 651";"A01";"2";"33";"15";"0";"0";"2";"1";""
"202100030274";"147Â 649";"A01";"1";"7";"0";"0";"3";"1";"1";""
"202100030274";"147Â 650";"B01";"2";"7";"2";"2";"2";"1";"1";""
"202100030275";"147Â 648";"A01";"3";"7";"1";"1";"7";"1";"1";""
"202100030276";"147Â 646";"B01";"2";"7";"0";"2";"1";"1";"2";""
"202100030276";"147Â 647";"A01";"1";"7";"0";"2";"8";"13";"1";""
"202100030277";"147Â 645";"A01";"1";"7";"0";"0";"9";"1";"1";""
"202100030278";"147Â 644";"A01";"1";"7";"13";"0";"2";"1";"1";""
"202100030279";"147Â 642";"B01";"1";"10";"0";"2";"3";"26";"1";""
"202100030279";"147Â 643";"A01";"2";"7";"0";"2";"3";"26";"1";""
"202100030280";"147Â 640";"A01";"2";"7";"0";"2";"1";"2";"1";""
"202100030280";"147Â 641";"B01";"2";"13";"0";"0";"4";"2";"0";""
"202100030281";"147Â 638";"B01";"1";"33";"0";"2";"1";"1";"1";""
"202100030281";"147Â 639";"A01";"1";"7";"0";"2";"5";"15";"1";""
"202100030282";"147Â 637";"A01";"1";"7";"2";"0";"8";"2";"0";""
"202100030283";"147Â 636";"A01";"1";"7";"0";"1";"2";"1";"3";""
"202100030284";"147Â 635";"A01";"0";"33";"13";"0";"7";"1";"1";""
"202100030285";"147Â 634";"A01";"2";"80";"12";"0";"0";"0";"3";""
"202100030286";"147Â 632";"B01";"2";"33";"0";"2";"3";"1";"1";""
"202100030286";"147Â 633";"A01";"1";"7";"0";"2";"1";"15";"1";""
"202100030287";"147Â 630";"B01";"2";"7";"0";"2";"1";"21";"1";""
"202100030287";"147Â 631";"A01";"1";"7";"0";"2";"1";"5";"1";""
"202100030288";"147Â 628";"A01";"1";"7";"3";"2";"8";"13";"1";""
"202100030288";"147Â 629";"B01";"2";"7";"3";"2";"8";"2";"1";""
"202100030289";"147Â 626";"B01";"1";"7";"0";"2";"3";"1";"1";""
"202100030289";"147Â 627";"A01";"2";"10";"0";"2";"1";"13";"1";""
"202100030290";"147Â 625";"A01";"2";"7";"0";"0";"7";"1";"1";""
"202100030291";"147Â 623";"B01";"1";"10";"0";"2";"1";"2";"1";""
"202100030291";"147Â 624";"A01";"1";"7";"0";"0";"4";"2";"1";""
"202100030292";"147Â 621";"B01";"3";"10";"0";"2";"3";"1";"1";""
"202100030292";"147Â 622";"A01";"3";"2";"0";"2";"1";"1";"1";""
"202100030293";"147Â 619";"A01";"1";"7";"0";"2";"2";"2";"1";""
"202100030293";"147Â 620";"B01";"1";"17";"0";"0";"6";"2";"1";""
"202100030294";"147Â 618";"A01";"2";"7";"0";"0";"9";"1";"1";""
"202100030295";"147Â 614";"B01";"3";"15";"0";"0";"3";"1";"1";""
"202100030295";"147Â 615";"A01";"3";"10";"0";"2";"3";"13";"1";""
"202100030296";"147Â 613";"A01";"2";"7";"13";"0";"1";"2";"1";""
"202100030297";"147Â 611";"A01";"1";"7";"0";"2";"1";"1";"1";""
"202100030297";"147Â 612";"B01";"2";"7";"0";"2";"1";"13";"1";""
"202100030298";"147Â 609";"A01";"1";"7";"0";"2";"1";"26";"1";""
"202100030298";"147Â 610";"B01";"2";"10";"0";"2";"1";"1";"1";""
"202100030299";"147Â 607";"B01";"2";"14";"0";"2";"3";"1";"1";""
"202100030299";"147Â 608";"A01";"1";"10";"0";"2";"1";"13";"1";""
"202100030300";"147Â 605";"B01";"1";"1";"0";"2";"1";"19";"5";""
"202100030300";"147Â 606";"A01";"1";"10";"0";"2";"2";"1";"1";""
"202100030301";"147Â 603";"B01";"1";"7";"0";"0";"3";"15";"1";""
"202100030301";"147Â 604";"A01";"1";"7";"6";"2";"2";"17";"1";""
"202100030302";"147Â 601";"B01";"2";"32";"0";"2";"5";"1";"1";""
"202100030302";"147Â 602";"A01";"2";"7";"0";"2";"1";"9";"1";""
"202100030303";"147Â 599";"A01";"2";"7";"0";"2";"3";"11";"1";""
"202100030303";"147Â 600";"B01";"1";"7";"0";"0";"8";"1";"1";""
"202100030304";"147Â 597";"A01";"2";"7";"0";"2";"2";"17";"1";""
"202100030304";"147Â 598";"B01";"2";"1";"0";"2";"4";"1";"5";""
"202100030305";"147Â 596";"A01";"1";"7";"6";"1";"2";"1";"1";""
"202100030306";"147Â 594";"B01";"2";"7";"0";"2";"3";"19";"1";""
"202100030306";"147Â 595";"A01";"2";"2";"0";"0";"2";"2";"1";""
"202100030307";"147Â 592";"B01";"1";"7";"0";"2";"3";"1";"1";""
"202100030307";"147Â 593";"A01";"2";"7";"0";"2";"2";"10";"1";""