"Num_Acc";"id_vehicule";"num_veh";"senc";"catv";"obs";"obsm";"choc";"manv";"motor";"occutc"
"202100030308";"147Â 590";"A01";"2";"14";"0";"1";"1";"13";"1";""
"202100030308";"147Â 591";"B01";"1";"7";"0";"2";"3";"14";"1";""
"202100030309";"147Â 586";"D01";"1";"7";"0";"2";"4";"23";"1";""
"202100030309";"147Â 587";"A01";"1";"7";"14";"2";"1";"21";"1";""
"202100030309";"147Â 588";"B01";"1";"7";"0";"2";"4";"2";"1";""
"202100030309";"147Â 589";"C01";"1";"7";"0";"2";"4";"23";"0";""
"202100030310";"147Â 584";"B01";"2";"33";"0";"2";"3";"3";"1";""
"202100030310";"147Â 585";"A01";"2";"7";"0";"2";"2";"12";"1";""
"202100030311";"147Â 582";"B01";"2";"7";"0";"0";"0";"11";"1";""
"202100030311";"147Â 583";"A01";"2";"43";"0";"0";"0";"3";"1";""
"202100030312";"147Â 581";"A01";"1";"7";"4";"0";"3";"1";"0";""
"202100030313";"147Â 579";"A01";"2";"7";"0";"2";"1";"21";"1";""
"202100030313";"147Â 580";"B01";"2";"10";"0";"2";"4";"1";"1";""
"202100030314";"147Â 577";"B01";"2";"33";"1";"0";"1";"2";"1";""
"202100030314";"147Â 578";"A01";"2";"7";"0";"2";"6";"23";"1";""
"202100030315";"147Â 574";"C01";"1";"7";"0";"2";"6";"1";"1";""
"202100030315";"147Â 575";"B01";"1";"33";"0";"2";"2";"3";"1";""
"202100030315";"147Â 576";"A01";"1";"10";"0";"2";"8";"1";"1";""
"202100030316";"147Â 572";"B01";"2";"31";"0";"2";"0";"0";"1";""
"202100030316";"147Â 573";"A01";"2";"7";"0";"2";"3";"11";"0";""
"202100030317";"147Â 571";"A01";"2";"50";"0";"1";"2";"1";"3";""
"202100030318";"147Â 570";"A01";"2";"7";"0";"1";"7";"0";"1";""
"202100030319";"147Â 568";"A01";"1";"30";"0";"2";"2";"17";"1";""
"202100030319";"147Â 569";"B01";"1";"7";"0";"2";"3";"15";"1";""
"202100030320";"147Â 567";"A01";"0";"2";"6";"0";"1";"1";"1";""
"202100030321";"147Â 565";"A01";"1";"7";"0";"2";"2";"1";"1";""
"202100030321";"147Â 566";"B01";"1";"33";"0";"2";"1";"1";"1";""
"202100030322";"147Â 563";"B01";"1";"1";"0";"2";"4";"2";"0";""
"202100030322";"147Â 564";"A01";"3";"7";"0";"2";"3";"1";"1";""
"202100030323";"147Â 562";"A01";"3";"7";"0";"1";"7";"16";"2";""
"202100030324";"147Â 559";"C01";"1";"7";"0";"2";"4";"1";"1";""
"202100030324";"147Â 560";"B01";"1";"7";"0";"2";"4";"1";"1";""
"202100030324";"147Â 561";"A01";"1";"7";"1";"2";"1";"1";"1";""
"202100030325";"147Â 557";"A01";"1";"7";"0";"2";"7";"15";"1";""
"202100030325";"147Â 558";"B01";"3";"50";"0";"2";"1";"19";"3";""
"202100030326";"147Â 555";"A01";"1";"7";"0";"2";"1";"1";"1";""
"202100030326";"147Â 556";"B01";"1";"50";"0";"2";"7";"1";"3";""
"202100030327";"147Â 553";"A01";"2";"32";"0";"2";"8";"18";"1";""
"202100030327";"147Â 554";"B01";"2";"7";"0";"2";"3";"2";"1";""
"202100030328";"147Â 551";"B01";"0";"31";"0";"2";"1";"15";"1";""
"202100030328";"147Â 552";"A01";"0";"7";"0";"2";"2";"21";"1";""
"202100030329";"147Â 550";"A01";"0";"10";"0";"1";"1";"11";"1";""
"202100030330";"147Â 548";"B01";"2";"7";"0";"2";"1";"2";"1";""
"202100030330";"147Â 549";"A01";"2";"7";"0";"2";"4";"1";"1";""
"202100030331";"147Â 546";"B01";"2";"7";"14";"0";"5";"20";"1";""
"202100030331";"147Â 547";"A01";"2";"7";"0";"2";"2";"1";"1";""
"202100030332";"147Â 543";"A01";"1";"7";"0";"2";"1";"1";"1";""
"202100030332";"147Â 544";"C01";"2";"7";"0";"2";"3";"1";"1";""
"202100030332";"147Â 545";"B01";"3";"7";"0";"2";"3";"19";"1";""
"202100030333";"147Â 542";"A01";"2";"10";"0";"0";"1";"26";"1";""
"202100030334";"147Â 541";"A01";"1";"7";"0";"1";"1";"1";"1";""
"202100030335";"147Â 540";"A01";"3";"33";"1";"0";"1";"1";"1";""
"202100030336";"147Â 538";"A01";"1";"7";"0";"9";"0";"26";"1";""
"202100030336";"147Â 539";"Y01";"1";"1";"0";"2";"0";"26";"6";""
"202100030337";"147Â 536";"B01";"2";"7";"0";"2";"8";"1";"1";""
"202100030337";"147Â 537";"A01";"2";"7";"0";"2";"1";"15";"1";""
"202100030338";"147Â 534";"A01";"2";"7";"0";"0";"0";"23";"1";""
"202100030338";"147Â 535";"B01";"1";"31";"8";"0";"0";"21";"1";""
"202100030339";"147Â 532";"A01";"1";"7";"0";"2";"5";"17";"1";""
"202100030339";"147Â 533";"B01";"1";"35";"0";"2";"3";"15";"1";""
"202100030340";"147Â 530";"B01";"1";"7";"0";"2";"3";"1";"1";""
"202100030340";"147Â 531";"A01";"2";"7";"0";"2";"5";"1";"1";""
"202100030341";"147Â 528";"B01";"1";"7";"0";"2";"1";"1";"1";""
"202100030341";"147Â 529";"A01";"2";"99";"0";"2";"7";"1";"1";""
"202100030342";"147Â 524";"D01";"3";"7";"0";"2";"1";"0";"1";""
"202100030342";"147Â 525";"C01";"3";"7";"0";"2";"1";"26";"1";""
"202100030342";"147Â 526";"B01";"2";"7";"0";"2";"3";"1";"1";""
"202100030342";"147Â 527";"A01";"1";"7";"0";"2";"2";"15";"0";""
"202100030343";"147Â 523";"A01";"1";"33";"15";"0";"0";"0";"1";""
"202100030344";"147Â 521";"B01";"3";"7";"0";"2";"4";"23";"1";""
"202100030344";"147Â 522";"A01";"3";"7";"0";"2";"1";"1";"1";""
"202100030345";"147Â 519";"B01";"1";"10";"0";"9";"1";"21";"6";""
"202100030345";"147Â 520";"A01";"2";"1";"0";"2";"1";"1";"0";""
"202100030346";"147Â 516";"A01";"1";"7";"0";"2";"1";"2";"0";""
"202100030346";"147Â 517";"C01";"1";"7";"0";"2";"4";"2";"1";""
"202100030346";"147Â 518";"B01";"1";"7";"0";"2";"9";"2";"1";""
"202100030347";"147Â 514";"B01";"1";"7";"0";"2";"1";"1";"1";""
"202100030347";"147Â 515";"A01";"2";"33";"0";"2";"1";"21";"1";""
"202100030348";"147Â 511";"A01";"2";"7";"4";"0";"1";"1";"1";""
"202100030349";"147Â 510";"A01";"3";"40";"0";"1";"1";"1";"3";""
"202100030350";"147Â 508";"B01";"2";"2";"0";"2";"1";"19";"1";""
"202100030350";"147Â 509";"A01";"2";"7";"14";"2";"3";"19";"1";""
"202100030351";"147Â 507";"A01";"1";"7";"16";"0";"1";"1";"1";""
"202100030352";"147Â 506";"A01";"1";"33";"10";"0";"7";"9";"1";""
"202100030353";"147Â 505";"A01";"1";"7";"0";"1";"2";"9";"1";""
"202100030354";"147Â 504";"A01";"1";"7";"12";"0";"9";"16";"1";""
"202100030355";"147Â 502";"B01";"2";"2";"0";"2";"1";"2";"1";""
"202100030355";"147Â 503";"A01";"1";"7";"0";"2";"2";"15";"1";""
"202100030356";"147Â 500";"A01";"3";"7";"0";"2";"3";"10";"1";""
"202100030356";"147Â 501";"B01";"3";"33";"0";"2";"1";"2";"1";""
"202100030357";"147Â 499";"A01";"1";"7";"1";"1";"2";"14";"2";""
"202100030358";"147Â 497";"A01";"1";"10";"0";"2";"7";"9";"1";""
"202100030358";"147Â 498";"B01";"1";"10";"0";"2";"1";"1";"1";""
"202100030359";"147Â 495";"B01";"1";"7";"0";"2";"1";"0";"1";""
"202100030359";"147Â 496";"A01";"1";"7";"0";"0";"8";"26";"1";""
"202100030360";"147Â 494";"A01";"1";"3";"0";"1";"1";"1";"1";""
"202100030361";"147Â 492";"B01";"3";"80";"0";"2";"7";"1";"3";""
"202100030361";"147Â 493";"A01";"3";"7";"0";"2";"3";"9";"1";""
"202100030362";"147Â 491";"A01";"2";"7";"8";"0";"8";"13";"1";""
"202100030363";"147Â 489";"A01";"1";"7";"0";"2";"0";"17";"1";""
"202100030363";"147Â 490";"B01";"1";"30";"0";"2";"8";"0";"1";""
"202100030364";"147Â 488";"A01";"3";"7";"0";"1";"1";"1";"1";""
"202100030365";"147Â 486";"B01";"1";"37";"14";"0";"3";"1";"1";"2"
"202100030365";"147Â 487";"A01";"0";"7";"0";"2";"2";"15";"1";""
"202100030366";"147Â 484";"B01";"1";"7";"0";"2";"3";"15";"1";""
"202100030366";"147Â 485";"A01";"2";"7";"0";"2";"3";"1";"1";""
"202100030367";"147Â 482";"B01";"1";"7";"0";"2";"3";"1";"1";""
"202100030367";"147Â 483";"A01";"2";"7";"0";"2";"2";"1";"2";""
"202100030368";"147Â 480";"B01";"0";"1";"0";"0";"0";"1";"5";""
"202100030368";"147Â 481";"A01";"0";"7";"0";"2";"7";"14";"1";""
"202100030369";"147Â 478";"B01";"3";"7";"0";"2";"1";"1";"1";""
"202100030369";"147Â 479";"A01";"3";"7";"0";"2";"7";"1";"1";""
"202100030370";"147Â 477";"A01";"2";"7";"0";"1";"2";"1";"1";""
"202100030371";"147Â 476";"A01";"1";"80";"0";"0";"8";"16";"3";""
"202100030372";"147Â 475";"A01";"1";"7";"4";"0";"9";"1";"1";""
"202100030373";"147Â 474";"A01";"1";"10";"0";"1";"3";"15";"2";""
"202100030374";"147Â 472";"B01";"3";"7";"0";"2";"3";"15";"3";""
"202100030374";"147Â 473";"A01";"3";"30";"0";"2";"7";"13";"1";""
"202100030375";"147Â 470";"A01";"1";"7";"0";"2";"2";"19";"1";""
"202100030375";"147Â 471";"B01";"1";"30";"0";"2";"7";"1";"0";""
"202100030376";"147Â 468";"A01";"1";"7";"0";"2";"7";"19";"1";""
"202100030376";"147Â 469";"B01";"1";"37";"0";"0";"1";"1";"1";"1"
"202100030377";"147Â 465";"B01";"0";"7";"0";"2";"8";"1";"1";""
"202100030377";"147Â 466";"A01";"0";"32";"0";"2";"7";"9";"1";""
"202100030378";"147Â 463";"A01";"2";"7";"0";"2";"3";"15";"1";""
"202100030378";"147Â 464";"B01";"1";"80";"0";"2";"1";"1";"3";""
"202100030379";"147Â 462";"A01";"1";"7";"12";"0";"1";"1";"1";""
"202100030380";"147Â 459";"B01";"2";"7";"0";"2";"8";"1";"1";""
"202100030380";"147Â 460";"A01";"2";"7";"0";"2";"7";"12";"1";""
"202100030380";"147Â 461";"C01";"2";"10";"0";"2";"3";"1";"1";""
"202100030381";"147Â 457";"B01";"1";"7";"0";"2";"3";"1";"1";""
"202100030381";"147Â 458";"A01";"1";"7";"14";"2";"0";"2";"1";""
"202100030382";"147Â 456";"A01";"1";"7";"2";"0";"0";"0";"1";""
"202100030383";"147Â 455";"A01";"1";"7";"0";"1";"4";"26";"0";""
"202100030384";"147Â 454";"A01";"3";"7";"0";"1";"1";"1";"1";""
"202100030385";"147Â 453";"A01";"3";"7";"14";"0";"7";"1";"1";""
"202100030386";"147Â 451";"B01";"3";"1";"0";"2";"7";"1";"5";""
"202100030386";"147Â 452";"A01";"3";"7";"0";"2";"1";"1";"1";""
"202100030387";"147Â 450";"A01";"3";"7";"0";"0";"0";"1";"1";""
"202100030388";"147Â 448";"B01";"1";"10";"0";"2";"4";"2";"0";""
"202100030388";"147Â 449";"A01";"1";"50";"0";"2";"4";"1";"3";""
"202100030389";"147Â 446";"B01";"1";"7";"0";"2";"4";"1";"1";""
"202100030389";"147Â 447";"A01";"1";"7";"0";"2";"1";"2";"1";""
"202100030390";"147Â 444";"B01";"1";"7";"0";"2";"4";"2";"1";""
"202100030390";"147Â 445";"A01";"1";"7";"0";"2";"4";"2";"1";""
"202100030391";"147Â 443";"A01";"2";"7";"0";"1";"1";"9";"1";""
"202100030392";"147Â 441";"A01";"2";"33";"0";"2";"1";"1";"1";""
"202100030392";"147Â 442";"B01";"3";"30";"0";"0";"0";"0";"1";""
"202100030393";"147Â 439";"Z01";"1";"33";"0";"2";"1";"19";"0";""
"202100030393";"147Â 440";"A01";"2";"32";"0";"2";"7";"26";"1";""
"202100030394";"147Â 437";"A01";"3";"7";"0";"9";"1";"1";"0";""
"202100030394";"147Â 438";"B01";"3";"60";"0";"2";"7";"19";"5";""
"202100030395";"147Â 436";"A01";"1";"1";"0";"0";"8";"1";"5";""
"202100030396";"147Â 434";"B01";"1";"7";"0";"2";"3";"0";"1";""
"202100030396";"147Â 435";"A01";"2";"7";"0";"2";"3";"13";"1";""
"202100030397";"147Â 432";"B01";"3";"7";"0";"2";"1";"1";"1";""
"202100030397";"147Â 433";"A01";"3";"30";"0";"2";"7";"1";"1";""
"202100030398";"147Â 431";"A01";"1";"31";"15";"0";"1";"0";"0";""
"202100030399";"147Â 428";"A01";"1";"30";"0";"2";"1";"1";"1";""
"202100030399";"147Â 429";"B01";"1";"7";"0";"2";"6";"1";"1";""
"202100030399";"147Â 430";"C01";"1";"7";"0";"2";"2";"1";"1";""
"202100030400";"147Â 425";"C01";"0";"7";"0";"2";"4";"23";"1";""
"202100030400";"147Â 426";"B01";"0";"7";"0";"2";"4";"23";"1";""
"202100030400";"147Â 427";"A01";"3";"7";"0";"2";"1";"1";"0";""
"202100030401";"147Â 424";"A01";"1";"7";"0";"1";"1";"15";"1";""
"202100030402";"147Â 423";"A01";"1";"7";"0";"1";"1";"9";"1";""
"202100030403";"147Â 421";"A01";"3";"10";"0";"2";"3";"15";"1";""
"202100030403";"147Â 422";"B01";"3";"2";"0";"2";"2";"13";"1";""
"202100030404";"147Â 420";"A01";"1";"7";"13";"0";"2";"1";"1";""
"202100030405";"147Â 418";"B01";"2";"7";"0";"2";"3";"15";"2";""
"202100030405";"147Â 419";"A01";"2";"7";"0";"2";"1";"5";"1";""
"202100030406";"147Â 416";"A01";"2";"1";"0";"2";"4";"15";"5";""
"202100030406";"147Â 417";"Z01";"2";"7";"0";"2";"1";"1";"0";""
"202100030407";"147Â 415";"Z01";"1";"7";"0";"1";"1";"1";"0";""
"202100030408";"147Â 413";"A01";"3";"34";"0";"2";"1";"9";"1";""
"202100030408";"147Â 414";"B01";"1";"7";"0";"2";"3";"1";"1";""
"202100030409";"147Â 411";"A01";"1";"15";"0";"2";"3";"15";"1";""
"202100030409";"147Â 412";"B01";"1";"33";"0";"2";"7";"17";"1";""
"202100030410";"147Â 410";"Z01";"1";"10";"0";"1";"3";"1";"1";""
"202100030411";"147Â 409";"A01";"2";"1";"12";"0";"0";"12";"5";""
"202100030412";"147Â 407";"A01";"1";"1";"0";"2";"8";"1";"5";""
"202100030412";"147Â 408";"Z01";"1";"14";"0";"2";"2";"14";"1";""
"202100030413";"147Â 405";"A01";"1";"7";"0";"2";"5";"15";"1";""
"202100030413";"147Â 406";"B01";"2";"1";"0";"2";"5";"1";"5";""
"202100030414";"147Â 403";"B01";"2";"7";"0";"2";"8";"16";"1";""
"202100030414";"147Â 404";"A01";"2";"14";"0";"2";"7";"16";"1";""
"202100030415";"147Â 401";"B01";"1";"10";"0";"0";"0";"15";"1";""
"202100030415";"147Â 402";"A01";"2";"1";"0";"2";"0";"1";"5";""
"202100030416";"147Â 400";"A01";"1";"32";"0";"0";"9";"16";"1";""
"202100030417";"147Â 398";"B01";"1";"7";"0";"2";"4";"2";"1";""
"202100030417";"147Â 399";"A01";"1";"50";"0";"2";"1";"2";"3";""
"202100030418";"147Â 397";"A01";"1";"50";"0";"1";"1";"1";"3";""
"202100030419";"147Â 396";"Z01";"1";"30";"0";"1";"1";"1";"1";""
"202100030420";"147Â 395";"A01";"2";"30";"12";"0";"7";"14";"1";""
"202100030421";"147Â 393";"A01";"1";"32";"0";"2";"3";"16";"1";""
"202100030421";"147Â 394";"Z01";"1";"34";"0";"2";"2";"1";"1";""
"202100030422";"147Â 391";"A01";"2";"80";"0";"2";"7";"15";"3";""
"202100030422";"147Â 392";"B01";"1";"43";"0";"2";"1";"7";"1";""
"202100030423";"147Â 389";"A01";"3";"7";"0";"2";"2";"1";"1";""
"202100030423";"147Â 390";"B01";"3";"7";"0";"2";"3";"1";"3";""
"202100030424";"147Â 388";"A01";"3";"50";"0";"1";"1";"1";"3";""
"202100030425";"147Â 386";"B01";"2";"7";"0";"2";"3";"15";"1";""
"202100030425";"147Â 387";"A01";"1";"7";"9";"2";"1";"1";"1";""
"202100030426";"147Â 385";"A01";"0";"30";"0";"9";"7";"19";"1";""
"202100030427";"147Â 383";"A01";"1";"30";"0";"2";"1";"1";"1";""
"202100030427";"147Â 384";"B01";"2";"7";"0";"2";"5";"0";"1";""
"202100030428";"147Â 382";"A01";"1";"1";"0";"0";"1";"1";"5";""
"202100030429";"147Â 381";"A01";"2";"37";"1";"0";"0";"21";"1";"4"
"202100030430";"147Â 379";"A01";"2";"7";"0";"2";"1";"9";"1";""
"202100030430";"147Â 380";"B01";"1";"60";"0";"2";"8";"26";"5";""
"202100030431";"147Â 377";"A01";"2";"10";"0";"2";"2";"16";"0";""
"202100030431";"147Â 378";"B01";"1";"37";"0";"2";"3";"1";"1";"3"
"202100030432";"147Â 375";"B01";"2";"7";"0";"2";"3";"23";"1";""
"202100030432";"147Â 376";"A01";"1";"33";"0";"2";"3";"1";"1";""
"202100030433";"147Â 373";"A01";"2";"7";"0";"9";"2";"20";"1";""
"202100030433";"147Â 374";"B01";"2";"30";"1";"2";"2";"1";"1";""
"202100030434";"147Â 372";"A01";"2";"50";"0";"1";"8";"1";"3";""
"202100030435";"147Â 370";"B01";"3";"34";"1";"0";"8";"0";"1";""
"202100030435";"147Â 371";"A01";"3";"7";"1";"2";"1";"0";"1";""
"202100030436";"147Â 368";"B01";"1";"7";"0";"2";"1";"1";"2";""
"202100030436";"147Â 369";"A01";"1";"7";"0";"2";"6";"20";"1";""
"202100030437";"147Â 366";"B01";"2";"7";"0";"2";"1";"2";"1";""
"202100030437";"147Â 367";"A01";"2";"7";"0";"2";"4";"2";"1";""
"202100030438";"147Â 364";"A01";"1";"20";"0";"2";"1";"9";"1";""
"202100030438";"147Â 365";"B01";"1";"1";"0";"2";"1";"9";"6";""
"202100030439";"147Â 363";"A01";"2";"32";"0";"1";"1";"9";"0";""
"202100030440";"147Â 362";"Z01";"2";"7";"0";"1";"1";"1";"1";""
"202100030441";"147Â 360";"B01";"0";"7";"0";"2";"3";"1";"1";""
"202100030441";"147Â 361";"A01";"0";"7";"0";"2";"3";"1";"1";""
"202100030442";"147Â 359";"A01";"3";"7";"0";"1";"5";"1";"1";""
"202100030443";"147Â 357";"B01";"1";"32";"0";"2";"1";"1";"1";""
"202100030443";"147Â 358";"A01";"2";"7";"0";"2";"2";"15";"1";""
"202100030444";"147Â 355";"A01";"0";"33";"0";"2";"5";"12";"1";""
"202100030444";"147Â 356";"B01";"0";"10";"0";"2";"5";"23";"1";""
"202100030445";"147Â 353";"B01";"0";"60";"0";"2";"7";"13";"5";""
"202100030445";"147Â 354";"A01";"0";"7";"0";"2";"2";"23";"1";""
"202100030446";"147Â 352";"A01";"1";"7";"0";"1";"0";"1";"1";""
"202100030447";"147Â 350";"B01";"2";"7";"0";"2";"3";"15";"1";""
"202100030447";"147Â 351";"A01";"2";"32";"0";"2";"1";"17";"1";""
"202100030448";"147Â 348";"B01";"1";"31";"0";"2";"2";"3";"1";""
"202100030448";"147Â 349";"A01";"2";"7";"0";"2";"1";"15";"1";""
"202100030449";"147Â 347";"A01";"1";"7";"13";"0";"1";"1";"1";""
"202100030450";"147Â 346";"A01";"1";"7";"14";"0";"0";"1";"1";""
"202100030451";"147Â 345";"A01";"1";"2";"1";"0";"1";"14";"1";""
"202100030452";"147Â 342";"C01";"2";"10";"0";"2";"1";"1";"1";""
"202100030452";"147Â 343";"B01";"2";"7";"0";"2";"1";"1";"1";""
"202100030452";"147Â 344";"A01";"1";"7";"0";"2";"2";"17";"1";""
"202100030453";"147Â 340";"A01";"1";"7";"0";"2";"1";"5";"1";""
"202100030453";"147Â 341";"B01";"2";"7";"0";"2";"1";"1";"1";""
"202100030454";"147Â 339";"A01";"1";"7";"1";"0";"2";"1";"1";""
"202100030455";"147Â 336";"A01";"1";"7";"0";"2";"3";"2";"1";""
"202100030455";"147Â 337";"B01";"1";"7";"0";"2";"4";"15";"1";""
"202100030455";"147Â 338";"C01";"2";"7";"0";"2";"1";"1";"1";""
"202100030456";"147Â 334";"B01";"2";"7";"0";"2";"1";"1";"1";""
"202100030456";"147Â 335";"A01";"1";"7";"0";"2";"7";"15";"1";""
"202100030457";"147Â 331";"C01";"0";"7";"0";"2";"1";"23";"1";""
"202100030457";"147Â 332";"A01";"0";"7";"0";"2";"2";"19";"1";""
"202100030457";"147Â 333";"B01";"1";"7";"0";"2";"1";"1";"1";""
"202100030458";"147Â 329";"A01";"1";"7";"0";"2";"3";"2";"1";""
"202100030458";"147Â 330";"B01";"2";"2";"0";"2";"1";"5";"1";""
"202100030459";"147Â 327";"A01";"2";"7";"0";"2";"1";"13";"1";""
"202100030459";"147Â 328";"B01";"1";"7";"0";"2";"1";"1";"1";""
"202100030460";"147Â 325";"A01";"2";"1";"0";"9";"0";"0";"5";""
"202100030460";"147Â 326";"B01";"2";"1";"0";"9";"0";"0";"5";""
"202100030461";"147Â 323";"B01";"2";"33";"0";"2";"1";"1";"1";""
"202100030461";"147Â 324";"A01";"1";"21";"0";"2";"3";"15";"1";""
"202100030462";"147Â 321";"A01";"1";"7";"12";"0";"3";"2";"1";""
"202100030462";"147Â 322";"B01";"2";"7";"12";"0";"3";"2";"1";""
"202100030463";"147Â 319";"A01";"1";"7";"0";"2";"3";"9";"1";""
"202100030463";"147Â 320";"B01";"1";"30";"0";"2";"1";"1";"1";""
"202100030464";"147Â 317";"B01";"0";"50";"0";"2";"1";"1";"3";""
"202100030464";"147Â 318";"A01";"3";"7";"0";"9";"7";"1";"1";""
"202100030465";"147Â 315";"B01";"3";"7";"0";"0";"1";"1";"1";""
"202100030465";"147Â 316";"A01";"3";"7";"0";"2";"1";"1";"1";""
"202100030466";"147Â 313";"A01";"2";"31";"0";"2";"3";"13";"1";""
"202100030466";"147Â 314";"B01";"1";"10";"0";"2";"3";"1";"1";""
"202100030467";"147Â 310";"C01";"0";"7";"0";"2";"8";"19";"1";""
"202100030467";"147Â 311";"B01";"1";"7";"0";"2";"1";"23";"1";""
"202100030467";"147Â 312";"A01";"2";"7";"0";"2";"1";"1";"1";""
"202100030468";"147Â 308";"A01";"1";"7";"0";"9";"1";"2";"1";""
"202100030468";"147Â 309";"B01";"1";"1";"0";"0";"4";"2";"0";""
"202100030469";"147Â 307";"A01";"1";"33";"0";"0";"0";"1";"1";""
"202100030470";"147Â 306";"A01";"2";"7";"13";"0";"0";"13";"1";""
"202100030471";"147Â 303";"C01";"0";"15";"0";"2";"1";"1";"1";""
"202100030471";"147Â 304";"B01";"0";"7";"0";"2";"1";"1";"1";""
"202100030471";"147Â 305";"A01";"0";"7";"0";"2";"2";"9";"1";""
"202100030472";"147Â 301";"A01";"2";"7";"0";"0";"6";"15";"1";""
"202100030472";"147Â 302";"B01";"2";"33";"0";"2";"1";"1";"1";""
"202100030473";"147Â 300";"A01";"2";"36";"6";"0";"3";"13";"1";""
"202100030474";"147Â 299";"A01";"1";"7";"1";"0";"7";"12";"1";""
"202100030475";"147Â 298";"A01";"1";"2";"8";"0";"0";"1";"1";""
"202100030476";"147Â 296";"A01";"0";"7";"8";"2";"2";"1";"2";""
"202100030476";"147Â 297";"B01";"0";"7";"0";"0";"8";"1";"1";""
"202100030477";"147Â 293";"A01";"1";"33";"0";"2";"1";"0";"1";""
"202100030477";"147Â 294";"C01";"1";"33";"0";"0";"0";"21";"1";""
"202100030477";"147Â 295";"B01";"1";"33";"0";"0";"8";"0";"1";""
"202100030478";"147Â 291";"A01";"1";"7";"0";"2";"7";"5";"1";""
"202100030478";"147Â 292";"B01";"2";"7";"0";"2";"2";"1";"1";""
"202100030479";"147Â 290";"A01";"1";"7";"7";"0";"2";"1";"1";""
"202100030480";"147Â 288";"B01";"1";"80";"0";"2";"1";"25";"3";""
"202100030480";"147Â 289";"A01";"2";"7";"0";"0";"7";"1";"1";""
"202100030481";"147Â 287";"A01";"1";"7";"13";"0";"1";"17";"1";""
"202100030482";"147Â 286";"A01";"1";"10";"7";"0";"2";"14";"1";""
"202100030483";"147Â 285";"A01";"1";"13";"12";"9";"7";"26";"1";""
"202100030484";"147Â 278";"E01";"2";"10";"0";"2";"1";"1";"1";""
"202100030484";"147Â 279";"C01";"2";"15";"0";"2";"1";"1";"1";""
"202100030484";"147Â 280";"F01";"2";"7";"0";"2";"1";"1";"1";""
"202100030484";"147Â 281";"G01";"2";"7";"0";"2";"1";"1";"1";""
"202100030484";"147Â 282";"A01";"1";"15";"0";"2";"1";"1";"1";""
"202100030484";"147Â 283";"B01";"1";"7";"0";"2";"7";"1";"1";""
"202100030484";"147Â 284";"D01";"2";"7";"0";"2";"4";"1";"1";""
"202100030485";"147Â 276";"A01";"2";"33";"0";"2";"1";"17";"1";""
"202100030485";"147Â 277";"B01";"2";"17";"0";"2";"8";"15";"1";""
"202100030486";"147Â 275";"A01";"2";"2";"12";"0";"0";"1";"1";""
"202100030487";"147Â 273";"B01";"3";"2";"0";"2";"1";"1";"1";""
"202100030487";"147Â 274";"A01";"3";"10";"0";"2";"5";"20";"1";""
"202100030488";"147Â 271";"A01";"1";"2";"0";"2";"3";"13";"1";""
"202100030488";"147Â 272";"B01";"2";"33";"0";"2";"3";"2";"1";""
"202100030489";"147Â 270";"A01";"3";"34";"16";"0";"0";"16";"1";""
"202100030490";"147Â 269";"A01";"1";"1";"0";"0";"9";"15";"5";""
"202100030491";"147Â 267";"A01";"1";"7";"0";"9";"1";"1";"1";""
"202100030491";"147Â 268";"B01";"1";"1";"0";"0";"0";"1";"0";""
"202100030492";"147Â 266";"A01";"2";"7";"7";"0";"1";"13";"1";""
"202100030493";"147Â 264";"B01";"1";"7";"0";"2";"8";"1";"1";""
"202100030493";"147Â 265";"A01";"2";"1";"0";"2";"1";"1";"5";""
"202100030494";"147Â 263";"A01";"1";"7";"8";"0";"1";"1";"1";""
"202100030495";"147Â 261";"A01";"3";"7";"0";"2";"5";"2";"1";""
"202100030495";"147Â 262";"B01";"0";"1";"0";"2";"3";"2";"5";""
"202100030496";"147Â 259";"A01";"1";"7";"0";"2";"2";"17";"1";""
"202100030496";"147Â 260";"B01";"1";"50";"0";"2";"8";"15";"3";""
"202100030497";"147Â 257";"B01";"1";"1";"0";"2";"8";"10";"5";""
"202100030497";"147Â 258";"A01";"1";"7";"0";"2";"1";"17";"1";""
"202100030498";"147Â 254";"B01";"1";"7";"0";"2";"4";"2";"1";""
"202100030498";"147Â 255";"C01";"1";"7";"0";"2";"6";"2";"1";""
"202100030498";"147Â 256";"A01";"1";"7";"0";"2";"1";"2";"1";""
"202100030499";"147Â 251";"C01";"2";"10";"0";"2";"1";"1";"1";""
"202100030499";"147Â 252";"B01";"2";"7";"0";"2";"4";"1";"1";""
"202100030499";"147Â 253";"A01";"2";"7";"0";"2";"4";"1";"1";""
"202100030500";"147Â 250";"A01";"1";"7";"3";"0";"1";"1";"1";""
"202100030501";"147Â 248";"B01";"1";"7";"0";"2";"1";"2";"1";""
"202100030501";"147Â 249";"A01";"1";"7";"0";"2";"4";"2";"1";""
"202100030502";"147Â 246";"A01";"1";"7";"0";"2";"4";"0";"1";""
"202100030502";"147Â 247";"B01";"1";"7";"0";"2";"1";"0";"1";""
"202100030503";"147Â 244";"B01";"1";"33";"4";"2";"3";"18";"1";""
"202100030503";"147Â 245";"A01";"1";"7";"0";"2";"7";"1";"1";""
"202100030504";"147Â 241";"A01";"2";"7";"0";"2";"1";"2";"1";""
"202100030504";"147Â 242";"B01";"2";"7";"0";"2";"4";"2";"1";""