"Num_Acc";"id_vehicule";"num_veh";"senc";"catv";"obs";"obsm";"choc";"manv";"motor";"occutc"
"202100030504";"147Â 243";"C01";"2";"7";"0";"2";"4";"2";"1";""
"202100030505";"147Â 238";"C01";"2";"7";"0";"2";"1";"2";"1";""
"202100030505";"147Â 239";"B01";"2";"7";"0";"2";"4";"2";"1";""
"202100030505";"147Â 240";"A01";"2";"10";"0";"2";"4";"2";"1";""
"202100030506";"147Â 236";"B01";"1";"7";"0";"2";"7";"12";"1";""
"202100030506";"147Â 237";"A01";"1";"7";"0";"2";"8";"2";"1";""
"202100030507";"147Â 232";"A01";"1";"10";"0";"0";"0";"2";"1";""
"202100030507";"147Â 233";"B01";"1";"7";"0";"2";"4";"2";"1";""
"202100030507";"147Â 234";"C01";"1";"7";"0";"2";"4";"2";"1";""
"202100030507";"147Â 235";"D01";"1";"17";"0";"0";"8";"1";"1";""
"202100030508";"147Â 230";"A01";"1";"7";"0";"2";"1";"2";"1";""
"202100030508";"147Â 231";"B01";"1";"7";"0";"2";"4";"23";"1";""
"202100030509";"147Â 228";"A01";"1";"34";"0";"2";"1";"3";"1";""
"202100030509";"147Â 229";"B01";"1";"7";"0";"2";"7";"1";"1";""
"202100030510";"147Â 226";"B01";"2";"7";"0";"2";"6";"1";"1";""
"202100030510";"147Â 227";"A01";"2";"7";"0";"2";"2";"9";"1";""
"202100030511";"147Â 224";"A01";"1";"43";"4";"2";"1";"2";"1";""
"202100030511";"147Â 225";"B01";"1";"7";"4";"2";"5";"2";"1";""
"202100030512";"147Â 222";"A01";"2";"7";"0";"2";"1";"2";"1";""
"202100030512";"147Â 223";"B01";"2";"10";"0";"2";"4";"2";"1";""
"202100030513";"147Â 220";"B01";"2";"7";"0";"2";"6";"11";"1";""
"202100030513";"147Â 221";"A01";"1";"33";"0";"2";"7";"3";"1";""
"202100030514";"147Â 218";"A01";"1";"33";"0";"2";"1";"26";"1";""
"202100030514";"147Â 219";"B01";"1";"10";"0";"2";"8";"1";"1";""
"202100030515";"147Â 216";"A01";"1";"7";"0";"2";"7";"12";"1";""
"202100030515";"147Â 217";"B01";"1";"33";"0";"2";"1";"1";"1";""
"202100030516";"147Â 212";"A01";"2";"10";"0";"2";"1";"1";"1";""
"202100030516";"147Â 213";"C01";"2";"7";"0";"2";"9";"2";"1";""
"202100030516";"147Â 214";"B01";"2";"7";"0";"2";"9";"2";"1";""
"202100030516";"147Â 215";"D01";"2";"7";"0";"2";"4";"2";"1";""
"202100030517";"147Â 210";"B01";"2";"7";"0";"0";"0";"14";"1";""
"202100030517";"147Â 211";"A01";"2";"7";"0";"2";"0";"1";"1";""
"202100030518";"147Â 208";"A01";"2";"2";"0";"1";"1";"1";"1";""
"202100030519";"147Â 207";"A01";"0";"7";"0";"1";"1";"9";"0";""
"202100030520";"147Â 206";"A01";"3";"20";"0";"1";"8";"26";"1";""
"202100030521";"147Â 205";"A01";"3";"7";"0";"1";"1";"1";"1";""
"202100030522";"147Â 204";"A01";"0";"0";"0";"1";"0";"0";"0";""
"202100030523";"147Â 203";"A01";"2";"7";"0";"1";"1";"26";"1";""
"202100030524";"147Â 201";"A01";"2";"32";"0";"2";"1";"1";"1";""
"202100030524";"147Â 202";"B01";"2";"7";"0";"9";"4";"1";"1";""
"202100030525";"147Â 199";"A01";"1";"7";"0";"2";"7";"19";"1";""
"202100030525";"147Â 200";"B01";"1";"7";"0";"2";"1";"19";"1";""
"202100030526";"147Â 197";"A01";"2";"7";"0";"2";"8";"15";"1";""
"202100030526";"147Â 198";"B01";"1";"7";"0";"2";"8";"23";"1";""
"202100030527";"147Â 195";"A01";"1";"32";"0";" -1";"1";"26";"1";""
"202100030527";"147Â 196";"B01";"1";"7";"0";"0";"4";"1";"0";""
"202100030528";"147Â 194";"A01";"2";"7";"0";"1";"4";"26";"1";""
"202100030529";"147Â 192";"A01";"1";"33";"0";"2";"7";"7";"1";""
"202100030529";"147Â 193";"B01";"1";"7";"0";"0";"7";"16";"1";""
"202100030530";"147Â 190";"B01";"1";"7";"0";"2";"4";"1";"1";""
"202100030530";"147Â 191";"A01";"1";"33";"0";"2";"1";"1";"1";""
"202100030531";"147Â 188";"A01";"0";"7";"0";"2";"6";"1";"1";""
"202100030531";"147Â 189";"B01";"1";"33";"0";"2";"3";"5";"1";""
"202100030532";"147Â 183";"A01";"2";"7";"0";"2";"1";"1";"1";""
"202100030532";"147Â 184";"B01";"2";"7";"0";"2";"4";"1";"1";""
"202100030532";"147Â 185";"E01";"2";"7";"0";"2";"4";"23";"1";""
"202100030532";"147Â 186";"D01";"2";"7";"0";"2";"4";"1";"1";""
"202100030532";"147Â 187";"C01";"2";"7";"0";"2";"4";"1";"1";""
"202100030533";"147Â 181";"B01";"2";"2";"0";"2";"8";"1";"1";""
"202100030533";"147Â 182";"A01";"1";"7";"0";"9";"3";"9";"1";""
"202100030534";"147Â 180";"A01";"1";"7";"4";"0";"2";"13";"1";""
"202100030535";"147Â 179";"A01";"0";"33";"0";"2";"7";"21";"1";""
"202100030536";"147Â 177";"B01";"1";"7";"0";"0";"4";"26";"1";""
"202100030536";"147Â 178";"A01";"1";"15";"0";"0";"0";"1";"1";""
"202100030537";"147Â 174";"A01";"0";"10";"0";"2";"3";"1";"1";""
"202100030537";"147Â 175";"B01";"0";"7";"0";"2";"0";"1";"1";""
"202100030538";"147Â 172";"A01";"2";"7";"0";"2";"3";"13";"1";""
"202100030538";"147Â 173";"B01";"1";"7";"0";"2";"3";"1";"1";""
"202100030539";"147Â 169";"A01";"1";"7";"0";"2";"1";"1";"1";""
"202100030539";"147Â 170";"B01";"1";"7";"0";"2";"4";"1";"1";""
"202100030539";"147Â 171";"C01";"1";"7";"0";"2";"4";"1";"1";""
"202100030540";"147Â 167";"A01";"1";"10";"0";"2";"7";"15";"1";""
"202100030540";"147Â 168";"B01";"2";"31";"0";"2";"1";"1";"1";""
"202100030541";"147Â 166";"A01";"1";"17";"0";"0";"0";"1";"1";""
"202100030542";"147Â 164";"B01";"2";"7";"0";"2";"3";"1";"1";""
"202100030542";"147Â 165";"A01";"1";"7";"0";"2";"3";"13";"1";""
"202100030543";"147Â 162";"B01";"1";"7";"0";"2";"4";"23";"1";""
"202100030543";"147Â 163";"A01";"1";"3";"0";"2";"1";"2";"1";""
"202100030544";"147Â 160";"B01";"1";"7";"0";"2";"7";"16";"1";""
"202100030544";"147Â 161";"A01";"1";"33";"0";"2";"8";"18";"1";""
"202100030545";"147Â 159";"A01";"1";"33";"0";"1";"1";"1";"1";""
"202100030546";"147Â 157";"B01";"3";"60";"0";"2";"1";"26";"5";""
"202100030546";"147Â 158";"A01";"1";"7";"0";"2";"1";"1";"1";""
"202100030547";"147Â 155";"B01";"2";"3";"0";"2";"4";"23";"1";""
"202100030547";"147Â 156";"A01";"2";"10";"0";"2";"1";"2";"1";""
"202100030548";"147Â 153";"A01";"1";"2";"0";"2";"1";"2";"1";""
"202100030548";"147Â 154";"B01";"1";"7";"0";"2";"6";"1";"1";""
"202100030549";"147Â 151";"B01";"3";"7";"0";"2";"1";"17";"1";""
"202100030549";"147Â 152";"A01";"3";"7";"0";"2";"2";"13";"1";""
"202100030550";"147Â 150";"A01";"1";"7";"0";"2";"3";"1";"1";""
"202100030551";"147Â 148";"B01";"1";"7";"0";"2";"1";"1";"1";""
"202100030551";"147Â 149";"A01";"2";"7";"0";"2";"8";"26";"1";""
"202100030552";"147Â 147";"A01";"3";"0";"1";"0";"0";"0";"0";""
"202100030553";"147Â 145";"B01";"2";"1";"0";"2";"1";"19";"5";""
"202100030553";"147Â 146";"A01";"2";"14";"0";"2";"5";"19";"1";""
"202100030554";"147Â 144";"A01";"3";"7";"1";"0";"1";"2";"1";""
"202100030555";"147Â 143";"A01";"3";"7";"0";"1";"0";"26";"0";""
"202100030556";"147Â 141";"A01";"2";"7";"0";"2";"6";"19";"1";""
"202100030556";"147Â 142";"B01";"2";"33";"0";"2";"1";"1";"1";""
"202100030557";"147Â 140";"A01";"2";"7";"0";"1";"6";"20";"1";""
"202100030558";"147Â 137";"C01";"3";"7";"0";"2";"1";"23";"1";""
"202100030558";"147Â 138";"B01";"2";"7";"0";"2";"1";"1";"1";""
"202100030558";"147Â 139";"A01";"3";"7";"0";"2";"2";"15";"1";""
"202100030559";"147Â 135";"A01";"2";"7";"0";"9";"3";"15";"1";""
"202100030559";"147Â 136";"B01";"2";"1";"0";"2";"2";"1";"5";""
"202100030560";"147Â 130";"A01";"0";"7";"0";"1";"1";"16";"1";""
"202100030561";"147Â 126";"A01";"0";"7";"0";"2";"1";"9";"1";""
"202100030561";"147Â 127";"B01";"0";"7";"0";"2";"9";"2";"1";""
"202100030561";"147Â 128";"C01";"0";"7";"0";"2";"9";"2";"1";""
"202100030561";"147Â 129";"D01";"0";"7";"0";"2";"4";"2";"1";""
"202100030562";"147Â 124";"B01";"1";"1";"0";"2";"5";"1";"5";""
"202100030562";"147Â 125";"A01";"2";"7";"0";"2";"3";"9";"1";""
"202100030563";"147Â 123";"A01";"1";"30";"0";"1";"1";"1";"3";""
"202100030564";"147Â 122";"A01";"3";"31";"0";"0";"5";"1";"1";""
"202100030565";"147Â 120";"A01";"1";"33";"4";"2";"1";"9";"1";""
"202100030565";"147Â 121";"B01";"1";"10";"0";"2";"3";"1";"1";""
"202100030566";"147Â 119";"A01";"0";"7";"0";"1";"3";"9";"1";""
"202100030567";"147Â 117";"Z01";"2";"7";"0";"2";"0";"7";"1";""
"202100030567";"147Â 118";"B01";"2";"1";"0";"2";"6";"7";"5";""
"202100030568";"147Â 115";"A01";"1";"7";"0";"2";"2";"1";"1";""
"202100030568";"147Â 116";"B01";"2";"1";"0";"2";"0";"10";"5";""
"202100030569";"147Â 113";"B01";"3";"60";"0";"2";"7";"2";"5";""
"202100030569";"147Â 114";"A01";"3";"10";"0";"9";"3";"9";"1";""
"202100030570";"147Â 111";"A01";"1";"7";"0";"2";"3";"9";"2";""
"202100030570";"147Â 112";"B01";"2";"1";"0";"2";"1";"0";"0";""
"202100030571";"147Â 107";"A01";"2";"7";"12";"2";"1";"13";"3";""
"202100030571";"147Â 108";"B01";"2";"33";"0";"2";"0";"1";"1";""
"202100030571";"147Â 109";"C01";"2";"7";"0";"2";"7";"1";"1";""
"202100030571";"147Â 110";"D01";"2";"7";"0";"2";"1";"1";"1";""
"202100030572";"147Â 105";"A01";"0";"50";"0";"2";"1";"19";"3";""
"202100030572";"147Â 106";"B01";"0";"7";"0";"2";"8";"1";"1";""
"202100030573";"147Â 102";"A01";"3";"7";"6";"0";"1";"26";"1";""
"202100030574";"147Â 101";"A01";"2";"7";"0";"1";"2";"9";"1";""
"202100030575";"147Â 100";"A01";"1";"7";"15";"1";"1";"14";"1";""
"202100030576";"147Â 099";"A01";"2";"7";"1";"0";"3";"14";"1";""
"202100030577";"147Â 097";"A01";"2";"7";"0";"2";"1";"15";"1";""
"202100030577";"147Â 098";"B01";"2";"1";"0";"2";"1";"1";"5";""
"202100030578";"147Â 096";"A01";"1";"7";"9";"9";"1";"9";"1";""
"202100030579";"147Â 095";"A01";"2";"7";"0";"1";"2";"15";"2";""
"202100030580";"147Â 094";"A01";"0";"7";"0";"1";"3";"15";"1";""
"202100030581";"147Â 092";"A01";"3";"7";"0";"2";"1";"1";"1";""
"202100030581";"147Â 093";"B01";"3";"7";"0";"2";"3";"1";"1";""
"202100030582";"147Â 091";"A01";"1";"33";"0";"1";"1";"21";"0";""
"202100030583";"147Â 089";"Z01";"0";"7";"0";"2";"0";"0";"0";""
"202100030583";"147Â 090";"A01";"0";"7";"0";"2";"2";"26";"1";""
"202100030584";"147Â 087";"A01";"1";"33";"0";"2";"1";"1";"1";""
"202100030584";"147Â 088";"B01";"1";"7";"0";"2";"2";"16";"1";""
"202100030585";"147Â 085";"B01";"1";"7";"0";"2";"1";"1";"1";""
"202100030585";"147Â 086";"A01";"2";"7";"0";"2";"2";"15";"1";""
"202100030586";"147Â 084";"A01";"3";"30";"1";"0";"1";"21";"1";""
"202100030587";"147Â 083";"A01";"1";"7";"13";"0";"9";"13";"1";""
"202100030588";"147Â 080";"A01";"1";"7";"0";"2";"2";"3";"1";""
"202100030588";"147Â 081";"B01";"2";"7";"0";"2";"3";"2";"1";""
"202100030589";"147Â 075";"A01";"2";"7";"0";"2";"8";"13";"1";""
"202100030589";"147Â 076";"B01";"1";"7";"0";"2";"7";"1";"1";""
"202100030589";"147Â 077";"C01";"1";"7";"0";"9";"0";"1";"1";""
"202100030589";"147Â 078";"D01";"2";"7";"0";"9";"0";"1";"1";""
"202100030589";"147Â 079";"E01";"1";"10";"0";"9";"0";"0";"1";""
"202100030590";"147Â 073";"A01";"2";"7";"0";"2";"3";"20";"1";""
"202100030590";"147Â 074";"B01";"2";"33";"0";"2";"7";"1";"1";""
"202100030591";"147Â 072";"A01";"2";"33";"8";"0";"1";"1";"1";""
"202100030592";"147Â 070";"B01";"1";"33";"0";"2";"1";"17";"1";""
"202100030592";"147Â 071";"A01";"2";"10";"0";"2";"8";"9";"1";""
"202100030593";"147Â 068";"B01";"2";"7";"0";"2";"1";"1";"1";""
"202100030593";"147Â 069";"A01";"1";"7";"8";"2";"7";"15";"1";""
"202100030594";"147Â 066";"A01";"1";"50";"0";"2";"4";"2";"3";""
"202100030594";"147Â 067";"Z01";"1";"30";"0";"2";"1";"2";"0";""
"202100030595";"147Â 064";"B01";"1";"1";"0";"2";"4";"2";"5";""
"202100030595";"147Â 065";"A01";"1";"10";"0";"2";"1";"2";"1";""
"202100030596";"147Â 063";"A01";"1";"7";"1";"0";"3";"15";"1";""
"202100030597";"147Â 061";"A01";"1";"7";"0";"2";"8";"7";"1";""
"202100030597";"147Â 062";"B01";"1";"7";"0";"2";"0";"16";"1";""
"202100030598";"147Â 059";"B01";"3";"1";"0";"2";"1";"1";"5";""
"202100030598";"147Â 060";"A01";"3";"10";"0";"2";"7";"16";"1";""
"202100030599";"147Â 057";"A01";"2";"1";"0";"2";"3";"1";"5";""
"202100030599";"147Â 058";"Z01";"1";"30";"0";"2";"0";"15";"0";""
"202100030600";"147Â 055";"B01";"2";"1";"0";"2";"1";"1";"5";""
"202100030600";"147Â 056";"A01";"2";"7";"0";"2";"1";"9";"1";""
"202100030601";"147Â 053";"A01";"1";"7";"0";"2";"3";"18";"1";""
"202100030601";"147Â 054";"B01";"1";"7";"0";"2";"5";"1";"1";""
"202100030602";"147Â 052";"A01";"3";"2";"15";"0";"0";"25";"1";""
"202100030603";"147Â 051";"A01";"1";"33";"0";"1";"1";"0";"1";""
"202100030604";"147Â 049";"A01";"3";"10";"0";"2";"2";"19";"1";""
"202100030604";"147Â 050";"B01";"3";"37";"0";"2";"3";"1";"1";"4"
"202100030605";"147Â 047";"A01";"3";"7";"0";"2";"4";"20";"1";""
"202100030605";"147Â 048";"B01";"3";"37";"0";"2";"1";"1";"1";"1"
"202100030606";"147Â 045";"B01";"1";"7";"0";"2";"0";"0";"1";""
"202100030606";"147Â 046";"A01";"3";"7";"0";"2";"1";"2";"1";""
"202100030607";"147Â 044";"A01";"1";"7";"15";"0";"1";"1";"1";""
"202100030608";"147Â 042";"A01";"1";"7";"0";"2";"2";"1";"1";""
"202100030608";"147Â 043";"B01";"1";"50";"0";"2";"0";"1";"3";""
"202100030609";"147Â 040";"B01";"3";"7";"0";"2";"2";"19";"1";""
"202100030609";"147Â 041";"A01";"3";"7";"0";"2";"1";"19";"1";""
"202100030610";"147Â 038";"B01";"2";"7";"0";"2";"4";"23";"1";""
"202100030610";"147Â 039";"A01";"2";"7";"0";"2";"1";"2";"1";""
"202100030611";"147Â 037";"A01";"1";"7";"0";"1";"6";"26";"1";""
"202100030612";"147Â 035";"B01";"1";"7";"0";"2";"1";"1";"1";""
"202100030612";"147Â 036";"A01";"2";"2";"0";"2";"1";"13";"1";""
"202100030613";"147Â 033";"B01";"3";"7";"0";"2";"2";"21";"1";""
"202100030613";"147Â 034";"A01";"3";"2";"0";"2";"4";"25";"1";""
"202100030614";"147Â 032";"A01";"1";"7";"0";"1";"1";"1";"1";""
"202100030615";"147Â 030";"A01";"2";"7";"0";"1";"1";"1";"1";""
"202100030616";"147Â 028";"B01";"2";"14";"0";"0";"3";"2";"1";""
"202100030616";"147Â 029";"A01";"2";"7";"0";"2";"0";"2";"1";""
"202100030617";"147Â 026";"A01";"2";"7";"0";"2";"1";"5";"1";""
"202100030617";"147Â 027";"B01";"1";"7";"0";"2";"1";"1";"1";""
"202100030618";"147Â 025";"A01";"2";"7";"13";"0";"2";"1";"1";""
"202100030619";"147Â 022";"A01";"0";"7";"0";"9";"1";"1";"1";""
"202100030619";"147Â 023";"B01";"3";"1";"0";"2";"1";"0";"5";""
"202100030619";"147Â 024";"D01";"3";"1";"0";"2";"7";"0";"5";""
"202100030620";"147Â 021";"A01";"1";"2";"11";"0";"1";"1";"1";""
"202100030621";"147Â 020";"A01";"1";"7";"0";"1";"1";"15";"1";""
"202100030622";"147Â 018";"B01";"1";"10";"0";"2";"8";"26";"1";""
"202100030622";"147Â 019";"A01";"1";"1";"1";"0";"7";"14";"0";""
"202100030623";"147Â 017";"A01";"2";"17";"3";"0";"2";"1";"1";""
"202100030624";"147Â 016";"A01";"2";"7";"4";"0";"1";"1";"1";""
"202100030625";"147Â 014";"A01";"1";"2";"0";"2";"1";"13";"1";""
"202100030625";"147Â 015";"B01";"2";"7";"0";"2";"3";"1";"1";""
"202100030626";"147Â 013";"A01";"1";"2";"2";"0";"3";"26";"1";""
"202100030627";"147Â 012";"A01";"2";"21";"2";"0";"1";"1";"1";""
"202100030628";"147Â 010";"B01";"1";"7";"0";"2";"2";"1";"1";""
"202100030628";"147Â 011";"A01";"2";"7";"0";"2";"1";"13";"1";""
"202100030629";"147Â 009";"A01";"2";"7";"0";"0";"9";"1";"1";""
"202100030630";"147Â 007";"B01";"2";"7";"0";"2";"1";"0";"1";""
"202100030630";"147Â 008";"A01";"1";"10";"0";"2";"3";"13";"1";""
"202100030631";"147Â 005";"A01";"2";"31";"0";"2";"7";"1";"1";""
"202100030631";"147Â 006";"B01";"1";"7";"0";"2";"1";"15";"1";""
"202100030632";"147Â 004";"A01";"1";"7";"16";"0";"0";"1";"1";""
"202100030633";"147Â 002";"A01";"2";"33";"3";"2";"1";"17";"1";""
"202100030633";"147Â 003";"B01";"2";"7";"0";"2";"3";"15";"1";""
"202100030634";"147Â 001";"A01";"1";"7";"13";"0";"9";"14";"1";""
"202100030635";"147Â 000";"A01";"2";"7";"0";"1";"3";"26";"1";""
"202100030636";"146Â 998";"B01";"1";"7";"0";"2";"1";"1";"1";""
"202100030636";"146Â 999";"A01";"2";"7";"0";"2";"5";"15";"1";""
"202100030637";"146Â 996";"A01";"2";"32";"3";"2";"4";"2";"1";""
"202100030637";"146Â 997";"B01";"2";"7";"0";"2";"3";"2";"1";""
"202100030638";"146Â 994";"A01";"1";"7";"0";"0";"4";"1";"1";""
"202100030638";"146Â 995";"B01";"1";"33";"0";"2";"1";"2";"1";""
"202100030639";"146Â 992";"A01";"2";"7";"0";"2";"1";"5";"1";""
"202100030639";"146Â 993";"B01";"1";"7";"0";"2";"1";"1";"1";""
"202100030640";"146Â 990";"B01";"3";"7";"0";"2";"2";"1";"1";""
"202100030640";"146Â 991";"A01";"3";"33";"0";"2";"1";"5";"1";""
"202100030641";"146Â 987";"A01";"1";"7";"13";"0";"2";"0";"1";""
"202100030642";"146Â 986";"A01";"1";"1";"0";"0";"0";"0";"5";""
"202100030643";"146Â 983";"C01";"2";"7";"0";"0";"4";"23";"1";""
"202100030643";"146Â 984";"A01";"2";"7";"0";"2";"1";"2";"1";""
"202100030643";"146Â 985";"B01";"2";"7";"0";"2";"4";"23";"1";""
"202100030644";"146Â 981";"A01";"1";"7";"0";"2";"7";"1";"1";""
"202100030644";"146Â 982";"B01";"2";"7";"0";"2";"1";"1";"0";""
"202100030645";"146Â 979";"B01";"2";"7";"0";"2";"9";"2";"1";""
"202100030645";"146Â 980";"A01";"1";"7";"0";"2";"3";"13";"1";""
"202100030646";"146Â 978";"A01";"3";"7";"9";"1";"1";"0";"1";""
"202100030647";"146Â 977";"A01";"1";"7";"6";"0";"3";"0";"1";""
"202100030648";"146Â 975";"B01";"1";"13";"0";"2";"3";"2";"1";""
"202100030648";"146Â 976";"A01";"2";"32";"0";"2";"2";"5";"1";""
"202100030649";"146Â 973";"A01";"1";"10";"0";"2";"1";"17";"1";""
"202100030649";"146Â 974";"B01";"2";"7";"0";"2";"1";"1";"2";""
"202100030650";"146Â 972";"A01";"1";"7";"0";"1";"1";"1";"1";""
"202100030651";"146Â 969";"C01";"2";"7";"3";"2";"2";"1";"1";""
"202100030651";"146Â 970";"B01";"2";"7";"0";"2";"5";"11";"1";""
"202100030651";"146Â 971";"A01";"2";"3";"3";"2";"6";"9";"1";""
"202100030652";"146Â 966";"C01";"2";"33";"3";"0";"4";"23";"1";""
"202100030652";"146Â 967";"B01";"2";"7";"0";"0";"4";"23";"1";""
"202100030652";"146Â 968";"A01";"2";"37";"1";"0";"1";"2";"1";"1"
"202100030653";"146Â 964";"A01";"1";"7";"0";"0";"4";"1";"1";""
"202100030653";"146Â 965";"B01";"1";"30";"0";"0";"1";"1";"6";""
"202100030654";"146Â 962";"B01";"1";"7";"3";"2";"3";"1";"1";""
"202100030654";"146Â 963";"A01";"1";"7";"3";"2";"2";"0";"1";""
"202100030655";"146Â 960";"B01";"1";"7";"3";"0";"6";"1";"1";""
"202100030655";"146Â 961";"A01";"1";"7";"0";"2";"2";"2";"1";""
"202100030656";"146Â 957";"A01";"2";"7";"0";"2";"1";"5";"1";""
"202100030656";"146Â 958";"B01";"1";"7";"0";"2";"2";"1";"2";""
"202100030656";"146Â 959";"C01";"1";"7";"0";"2";"1";"1";"1";""
"202100030657";"146Â 955";"A01";"1";"10";"0";"2";"2";"12";"1";""
"202100030657";"146Â 956";"B01";"1";"7";"0";"2";"8";"1";"1";""
"202100030658";"146Â 953";"A01";"3";"13";"0";"2";"5";"17";"0";""
"202100030658";"146Â 954";"B01";"3";"2";"0";"2";"3";"2";"1";""
"202100030659";"146Â 951";"A01";"0";"2";"0";"2";"0";"0";"1";""
"202100030659";"146Â 952";"B01";"0";"37";"0";"0";"8";"0";"1";"1"
"202100030660";"146Â 950";"A01";"1";"2";"15";"0";"2";"1";"1";""
"202100030661";"146Â 949";"A01";"1";"7";"0";"0";"8";"1";"1";""
"202100030662";"146Â 947";"A01";"2";"32";"0";"2";"1";"2";"1";""
"202100030662";"146Â 948";"B01";"2";"7";"0";"2";"4";"23";"1";""
"202100030663";"146Â 945";"B01";"1";"17";"0";"2";"5";"17";"1";""
"202100030663";"146Â 946";"A01";"1";"1";"0";"2";"8";"2";"5";""
"202100030664";"146Â 943";"B01";"1";"7";"0";"2";"3";"1";"1";""
"202100030664";"146Â 944";"A01";"2";"7";"0";"2";"3";"1";"1";""
"202100030665";"146Â 941";"B01";"1";"33";"0";"2";"1";"1";"1";""
"202100030665";"146Â 942";"A01";"2";"7";"0";"2";"8";"15";"1";""
"202100030666";"146Â 940";"A01";"2";"33";"0";"0";"9";"0";"1";""
"202100030667";"146Â 937";"A01";"1";"7";"0";"1";"2";"1";"1";""
"202100030668";"146Â 935";"A01";"1";"7";"0";"2";"7";"17";"1";""
"202100030668";"146Â 936";"B01";"1";"1";"0";"2";"4";"2";"5";""
"202100030669";"146Â 933";"B01";"2";"7";"0";"2";"4";"2";"1";""
"202100030669";"146Â 934";"A01";"2";"7";"0";"2";"1";"2";"1";""
"202100030670";"146Â 932";"A01";"3";"7";"13";"0";"1";"13";"1";""
"202100030671";"146Â 931";"A01";"3";"31";"0";"0";"3";"1";"1";""
"202100030672";"146Â 930";"A01";"2";"32";"0";"0";"0";"1";"1";""
"202100030673";"146Â 928";"Z01";"2";"7";"0";"2";"1";"0";"1";""
"202100030673";"146Â 929";"B01";"1";"10";"0";"2";"6";"1";"1";""
"202100030674";"146Â 926";"A01";"2";"7";"0";"2";"1";"2";"1";""
"202100030674";"146Â 927";"B01";"2";"7";"0";"2";"4";"2";"1";""
"202100030675";"146Â 923";"C01";"1";"10";"0";"2";"4";"23";"1";""
"202100030675";"146Â 924";"B01";"1";"7";"0";"2";"4";"23";"1";""
"202100030675";"146Â 925";"A01";"1";"7";"0";"2";"1";"1";"1";""
"202100030676";"146Â 921";"B01";"1";"7";"0";"2";"4";"2";"1";""
"202100030676";"146Â 922";"A01";"1";"33";"0";"2";"1";"2";"1";""
"202100030677";"146Â 920";"A01";"2";"7";"4";"0";"1";"26";"1";""
"202100030678";"146Â 918";"A01";"1";"10";"0";"2";"1";"2";"1";""
"202100030678";"146Â 919";"B01";"1";"7";"0";"2";"4";"2";"1";""
"202100030679";"146Â 917";"A01";"1";"7";"4";"0";"1";"17";"1";""
"202100030680";"146Â 915";"B01";"2";"7";"0";"2";"9";"1";"1";""
"202100030680";"146Â 916";"A01";"2";"7";"0";"2";"2";"17";"1";""
"202100030681";"146Â 913";"A01";"1";"7";"3";"2";"7";"13";"1";""
"202100030681";"146Â 914";"B01";"1";"7";"0";"2";"2";"1";"1";""
"202100030682";"146Â 911";"B01";"1";"7";"4";"2";"1";"1";"1";""
"202100030682";"146Â 912";"A01";"1";"7";"4";"2";"4";"9";"1";""
"202100030683";"146Â 908";"A01";"1";"15";"0";"2";"1";"1";"1";""
"202100030683";"146Â 909";"B01";"1";"10";"14";"2";"4";"23";"1";""
"202100030683";"146Â 910";"C01";"1";"10";"0";"2";"4";"23";"1";""
"202100030684";"146Â 907";"A01";"1";"7";"14";"0";"1";"14";"1";""
"202100030685";"146Â 906";"A01";" -1";"7";"14";"0";"9";"26";"1";""
"202100030686";"146Â 904";"A01";"3";"10";"0";"2";"6";"15";"1";""
"202100030686";"146Â 905";"B01";"3";"2";"0";"2";"1";"17";"1";""
"202100030687";"146Â 903";"A01";"2";"7";"2";"0";"3";"0";"1";""
"202100030688";"146Â 902";"A01";"1";"2";"0";"0";"8";"1";"1";""
"202100030689";"146Â 901";"A01";"1";"7";"0";"2";"1";"1";"1";""
"202100030690";"146Â 900";"A01";"0";"7";"0";"1";"3";"15";"1";""
"202100030691";"146Â 899";"A01";"1";"10";"0";"1";"5";"1";"1";""
"202100030692";"146Â 898";"A01";"1";"7";"0";"1";"2";"1";"1";""
"202100030693";"146Â 897";"A01";"1";"7";"0";"1";"7";"1";"1";""
"202100030694";"146Â 895";"A01";"1";"2";"0";"2";"8";"1";"1";""
"202100030694";"146Â 896";"B01";"1";"2";"0";"2";"5";"19";"1";""
"202100030695";"146Â 893";"B01";"2";"33";"0";"2";"8";"17";"1";""
"202100030695";"146Â 894";"A01";"2";"7";"0";"2";"1";"9";"1";""
"202100030696";"146Â 891";"A01";"2";"7";"0";"2";"2";"10";"1";""
"202100030696";"146Â 892";"B01";"2";"31";"0";"2";"1";"2";"1";""
"202100030697";"146Â 889";"B01";"2";"50";"0";"2";"1";"19";"3";""
"202100030697";"146Â 890";"A01";"1";"7";"0";"2";"2";"1";"0";""
"202100030698";"146Â 887";"A01";"1";"7";"0";"2";"2";"1";"1";""
"202100030698";"146Â 888";"B01";"1";"1";"0";"2";"8";"1";"5";""
"202100030699";"146Â 886";"A01";"1";"7";"0";"1";"1";"1";"1";""
"202100030700";"146Â 884";"A01";"1";"1";"0";"2";"1";"13";"5";""
"202100030700";"146Â 885";"B01";"2";"10";"0";"9";"3";"18";"1";""
"202100030701";"146Â 882";"B01";"2";"2";"0";"9";"1";"1";"1";""
"202100030701";"146Â 883";"A01";"1";"21";"0";"2";"8";"1";"1";""
"202100030702";"146Â 880";"A01";"2";"7";"0";"2";"3";"15";"1";""
"202100030702";"146Â 881";"B01";"2";"7";"0";"2";"2";"17";"1";""