"Num_Acc";"id_vehicule";"num_veh";"senc";"catv";"obs";"obsm";"choc";"manv";"motor";"occutc"
"202100030703";"146Â 878";"A01";"3";"7";"0";"4";"0";"19";"1";""
"202100030703";"146Â 879";"B01";"0";"39";"0";"2";"1";"1";"0";""
"202100030704";"146Â 874";"A01";"1";"7";"0";"2";"2";"1";"1";""
"202100030704";"146Â 875";"B01";"1";"7";"0";"2";"6";"1";"1";""
"202100030705";"146Â 872";"A01";"1";"10";"0";"2";"1";"15";"1";""
"202100030705";"146Â 873";"B01";"2";"10";"0";"2";"1";"1";"1";""
"202100030706";"146Â 870";"A01";"2";"10";"0";"2";"2";"19";"1";""
"202100030706";"146Â 871";"B01";"2";"33";"0";"2";"1";"19";"1";""
"202100030707";"146Â 867";"C01";"2";"7";"0";"2";"3";"1";"1";""
"202100030707";"146Â 868";"B01";"1";"7";"0";"2";"3";"1";"1";""
"202100030707";"146Â 869";"A01";"2";"7";"0";"2";"1";"13";"1";""
"202100030708";"146Â 866";"A01";"1";"33";"8";"0";"1";"13";"1";""
"202100030709";"146Â 865";"A01";"1";"34";"0";"9";"0";"14";"1";""
"202100030710";"146Â 863";"A01";"1";"30";"0";"2";"1";"1";"1";""
"202100030710";"146Â 864";"B01";"2";"7";"0";"2";"3";"1";"1";""
"202100030711";"146Â 861";"A01";"2";"30";"0";"2";"8";"10";"1";""
"202100030711";"146Â 862";"B01";"2";"33";"0";"2";"1";"17";"1";""
"202100030712";"146Â 859";"B01";"2";"7";"0";"2";"1";"1";"1";""
"202100030712";"146Â 860";"A01";"2";"30";"0";"2";"1";"17";"1";""
"202100030713";"146Â 858";"A01";"2";"31";"0";"0";"2";"21";"1";""
"202100030714";"146Â 857";"A01";"3";"99";"0";"1";"1";"26";"1";""
"202100030715";"146Â 854";"B01";"1";"7";"0";"2";"4";"1";"1";""
"202100030715";"146Â 855";"A01";"1";"7";"0";"2";"1";"1";"1";""
"202100030716";"146Â 853";"A01";"3";"7";"0";"1";"3";"1";"1";""
"202100030717";"146Â 852";"A01";"3";"7";"9";"0";"1";"1";"1";""
"202100030718";"146Â 850";"B01";"3";"7";"0";"2";"3";"1";"1";""
"202100030718";"146Â 851";"A01";"1";"7";"0";"2";"2";"1";"1";""
"202100030719";"146Â 849";"A01";"3";"1";"0";"1";"1";"26";"5";""
"202100030720";"146Â 848";"A01";"1";"7";"15";"0";"3";"1";"1";""
"202100030721";"146Â 846";"B01";"3";"33";"0";"2";"8";"15";"1";""
"202100030721";"146Â 847";"Z01";"2";"33";"0";"2";"1";"1";"1";""
"202100030722";"146Â 844";"B01";"1";"31";"0";"2";"8";"1";"1";""
"202100030722";"146Â 845";"A01";"3";"7";"0";"0";"1";"9";"1";""
"202100030723";"146Â 842";"A01";"2";"7";"0";"2";"1";"1";"2";""
"202100030723";"146Â 843";"B01";"1";"13";"0";"2";"3";"1";"1";""
"202100030724";"146Â 840";"B01";"1";"7";"0";"2";"0";"15";"1";""
"202100030724";"146Â 841";"A01";"1";"33";"15";"2";"1";"17";"1";""
"202100030725";"146Â 839";"A01";"1";"7";"0";"1";"3";"1";"1";""
"202100030726";"146Â 837";"B01";"3";"1";"0";"2";"7";"19";"5";""
"202100030726";"146Â 838";"A01";"3";"10";"0";"9";"7";"19";"1";""
"202100030727";"146Â 836";"A01";"3";"7";"0";"1";"8";"1";"1";""
"202100030728";"146Â 834";"B01";"1";"7";"0";"2";"4";"15";"1";""
"202100030728";"146Â 835";"A01";"1";"33";"0";"2";"1";"1";"1";""
"202100030729";"146Â 832";"A01";"1";"7";"0";"2";"7";"16";"1";""
"202100030729";"146Â 833";"B01";"1";"2";"0";"2";"2";"1";"6";""
"202100030730";"146Â 830";"B01";"0";"7";"0";"2";"1";"1";"1";""
"202100030730";"146Â 831";"A01";"0";"2";"0";"2";"0";"13";"1";""
"202100030731";"146Â 828";"B01";"1";"10";"0";"2";"5";"9";"1";""
"202100030731";"146Â 829";"A01";"1";"33";"0";"2";"1";"1";"1";""
"202100030732";"146Â 827";"A01";"1";"30";"0";"0";"0";"0";"1";""
"202100030733";"146Â 826";"Z01";"2";"31";"0";"0";"0";"0";"1";""
"202100030734";"146Â 824";"B01";"2";"2";"0";"2";"1";"1";"1";""
"202100030734";"146Â 825";"A01";"1";"7";"0";"2";"8";"15";"1";""
"202100030735";"146Â 822";"A01";"1";"7";"0";"2";"3";"15";"2";""
"202100030735";"146Â 823";"B01";"2";"1";"0";"2";"1";"1";"5";""
"202100030736";"146Â 820";"B01";"1";"7";"0";"2";"2";"1";"1";""
"202100030736";"146Â 821";"A01";"1";"7";"0";"2";"3";"1";"1";""
"202100030737";"146Â 818";"B01";"3";"33";"0";"2";"1";"1";"1";""
"202100030737";"146Â 819";"A01";"3";"7";"0";"2";"4";"13";"0";""
"202100030738";"146Â 816";"B01";"2";"7";"0";"2";"5";"2";"1";""
"202100030738";"146Â 817";"A01";"2";"7";"0";"2";"1";"2";"1";""
"202100030739";"146Â 814";"A01";"1";"7";"0";"2";"1";"2";"1";""
"202100030739";"146Â 815";"B01";"1";"50";"0";"2";"3";"19";"3";""
"202100030740";"146Â 812";"A01";"2";"7";"0";"2";"1";"1";"1";""
"202100030740";"146Â 813";"B01";"2";"1";"0";"2";"8";"1";"5";""
"202100030741";"146Â 810";"B01";"2";"0";"0";"2";"1";"13";"0";""
"202100030741";"146Â 811";"A01";"2";"30";"0";"2";"7";"1";"1";""
"202100030742";"146Â 808";"B01";"2";"7";"0";"2";"3";"15";"1";""
"202100030742";"146Â 809";"A01";"1";"34";"0";"2";"1";"5";"1";""
"202100030743";"146Â 806";"B01";"2";"7";"0";"2";"4";"23";"1";""
"202100030743";"146Â 807";"A01";"2";"7";"0";"2";"1";"1";"1";""
"202100030744";"146Â 805";"A01";"2";"7";"0";"1";"1";"1";"1";""
"202100030745";"146Â 803";"A01";"2";"7";"0";"1";"2";"2";"1";""
"202100030745";"146Â 804";"B01";"3";"7";"0";"1";"8";"23";"1";""
"202100030746";"146Â 800";"A01";"2";"7";"0";"2";"1";"26";"1";""
"202100030746";"146Â 801";"C01";"2";"7";"0";"2";"4";"0";"1";""
"202100030746";"146Â 802";"B01";"2";"7";"0";"2";"4";"9";"1";""
"202100030747";"146Â 799";"A01";"2";"32";"9";"0";"1";"25";"1";""
"202100030748";"146Â 796";"C01";"2";"10";"0";"2";"3";"0";"1";""
"202100030748";"146Â 797";"A01";"1";"7";"0";"2";"1";"26";"1";""
"202100030748";"146Â 798";"B01";"1";"7";"0";"2";"4";"1";"1";""
"202100030749";"146Â 793";"[01";"2";"7";"0";"2";"0";"1";"1";""
"202100030749";"146Â 794";"Z01";"1";"50";"0";"2";"0";"0";"3";""
"202100030749";"146Â 795";"A01";"0";"7";"0";"2";"0";"0";"1";""
"202100030750";"146Â 791";"B01";"2";"1";"0";"2";"1";"1";"5";""
"202100030750";"146Â 792";"A01";"1";"7";"0";"2";"2";"15";"1";""
"202100030751";"146Â 789";"B01";"1";"7";"0";"2";"4";"0";"1";""
"202100030751";"146Â 790";"A01";"1";"10";"0";"2";"1";"21";"1";""
"202100030752";"146Â 787";"B01";"1";"7";"0";"2";"7";"15";"2";""
"202100030752";"146Â 788";"A01";"2";"1";"0";"2";"1";"1";"5";""
"202100030753";"146Â 785";"B01";"2";"10";"0";"2";"6";"1";"1";""
"202100030753";"146Â 786";"A01";"2";"33";"0";"2";"1";"17";"1";""
"202100030754";"146Â 783";"B01";"1";"33";"0";"2";"1";"1";"1";""
"202100030754";"146Â 784";"A01";"1";"7";"0";"2";"5";"14";"1";""
"202100030755";"146Â 782";"A01";"1";"7";"4";"0";"1";"1";"1";""
"202100030756";"146Â 781";"A01";"2";"7";"4";"0";"1";"1";"1";""
"202100030757";"146Â 780";"A01";"2";"33";"0";"1";"1";"1";"1";""
"202100030758";"146Â 779";"A01";"1";"7";"4";"0";"2";"1";"1";""
"202100030759";"146Â 777";"A01";"1";"7";"0";"2";"1";"2";"1";""
"202100030759";"146Â 778";"B01";"1";"7";"0";"2";"4";"2";"1";""
"202100030760";"146Â 776";"A01";"2";"7";"0";"1";"2";"16";"1";""
"202100030761";"146Â 775";"A01";"0";"60";"0";"0";"0";"16";"5";""
"202100030762";"146Â 773";"B01";"3";"7";"12";"0";"5";"1";"1";""
"202100030762";"146Â 774";"A01";"3";"7";"4";"0";"1";"0";"1";""
"202100030763";"146Â 771";"A01";"2";"7";"0";"2";"7";"9";"0";""
"202100030763";"146Â 772";"B01";"2";"7";"0";"2";"1";"1";"0";""
"202100030764";"146Â 770";"A01";"2";"10";"0";"1";"1";"1";"1";""
"202100030765";"146Â 769";"A01";"2";"7";"0";"1";"1";"15";"1";""
"202100030766";"146Â 767";"B01";"2";"1";"0";"2";"1";"1";"5";""
"202100030766";"146Â 768";"A01";"2";"7";"0";"2";"2";"16";"1";""
"202100030767";"146Â 764";"A01";"1";"7";"0";"2";"1";"15";"1";""
"202100030767";"146Â 765";"B01";"1";"7";"0";"2";"4";"1";"1";""
"202100030767";"146Â 766";"C01";"2";"7";"0";"2";"3";"23";"1";""
"202100030768";"146Â 763";"A01";"1";"7";"0";"1";"2";"1";"1";""
"202100030769";"146Â 762";"A01";"3";"7";"14";"0";"1";"1";"0";""
"202100030770";"146Â 761";"A01";"0";"30";"0";"1";"3";"26";"1";""
"202100030771";"146Â 758";"B01";"1";"7";"0";"9";"3";"1";"1";""
"202100030771";"146Â 759";"A01";"1";"36";"1";"2";"1";"14";"1";""
"202100030771";"146Â 760";"C01";"3";"7";"1";"0";"6";"0";"1";""
"202100030772";"146Â 756";"B01";"1";"7";"0";"2";"2";"1";"1";""
"202100030772";"146Â 757";"A01";"1";"7";"0";"2";"3";"15";"1";""
"202100030773";"146Â 754";"B01";"3";"7";"0";"2";"8";"1";"1";""
"202100030773";"146Â 755";"A01";"0";"30";"1";"2";"8";"1";"1";""
"202100030774";"146Â 752";"A01";"2";"30";"0";"2";"7";"17";"1";""
"202100030774";"146Â 753";"B01";"2";"7";"0";"2";"1";"9";"1";""
"202100030775";"146Â 751";"A01";"1";"30";"0";"1";"1";"13";"1";""
"202100030776";"146Â 750";"A01";"2";"43";"0";"2";"8";"3";"1";""
"202100030777";"146Â 749";"A01";"2";"7";"6";"0";"3";"14";"1";""
"202100030778";"146Â 747";"B01";"1";"30";"0";"2";"1";"15";"6";""
"202100030778";"146Â 748";"A01";"2";"7";"0";"2";"2";"15";"1";""
"202100030779";"146Â 745";"B01";"1";"10";"0";"2";"7";"15";"1";""
"202100030779";"146Â 746";"A01";"3";"7";"0";"2";"1";"1";"1";""
"202100030780";"146Â 744";"A01";"1";"7";"0";"1";"1";"1";"1";""
"202100030781";"146Â 742";"B01";"3";"31";"0";"2";"1";"1";"1";""
"202100030781";"146Â 743";"A01";"3";"7";"0";"2";"7";"15";"1";""
"202100030782";"146Â 741";"A01";"3";"7";"0";"1";"1";"9";"1";""
"202100030783";"146Â 739";"B01";"2";"50";"0";"2";"1";"1";"3";""
"202100030783";"146Â 740";"A01";"3";"10";"0";"9";"3";"26";"1";""
"202100030784";"146Â 735";"D01";"2";"13";"0";"2";"4";"23";"6";""
"202100030784";"146Â 736";"E01";"2";"7";"0";"2";"4";"23";"2";""
"202100030784";"146Â 737";"A01";"2";"7";"0";"2";"1";"1";"1";""
"202100030784";"146Â 738";"B01";"2";"7";"1";"2";"4";"23";"1";""
"202100030785";"146Â 734";"A01";"1";"7";"12";"0";"2";"14";"1";""
"202100030786";"146Â 733";"A01";"1";"7";"0";"0";"9";"1";"1";""
"202100030787";"146Â 732";"A01";"3";"7";"0";"1";"1";"9";"1";""
"202100030788";"146Â 730";"A01";"3";"7";"0";"2";"1";"26";"1";""
"202100030788";"146Â 731";"B01";"3";"7";"0";"2";"7";"26";"1";""
"202100030789";"146Â 728";"B01";"2";"34";"0";"2";"7";"1";"1";""
"202100030789";"146Â 729";"A01";"2";"7";"0";"2";"3";"16";"1";""
"202100030790";"146Â 726";"A01";"1";"7";"0";"1";"1";"1";"1";""
"202100030791";"146Â 725";"A01";"0";"30";"0";"1";"1";"26";"1";""
"202100030792";"146Â 723";"A01";"1";"7";"0";"2";"1";"16";"1";""
"202100030792";"146Â 724";"B01";"1";"33";"0";"2";"7";"1";"1";""
"202100030793";"146Â 721";"A01";"2";"30";"0";"2";"1";"1";"3";""
"202100030793";"146Â 722";"B01";"1";"7";"0";"2";"3";"15";"0";""
"202100030794";"146Â 719";"A01";"0";"7";"0";"2";"2";"1";"1";""
"202100030794";"146Â 720";"B01";"2";"1";"0";"2";"1";"0";"5";""
"202100030795";"146Â 717";"B01";"0";"7";"0";"2";"1";"9";"1";""
"202100030795";"146Â 718";"A01";"0";"10";"2";"2";"7";"1";"1";""
"202100030796";"146Â 715";"B01";"3";"1";"0";"2";"1";"1";"5";""
"202100030796";"146Â 716";"A01";"3";"7";"0";"2";"6";"1";"1";""
"202100030797";"146Â 714";"A01";"3";"10";"0";"1";"2";"15";"1";""
"202100030798";"146Â 712";"A01";"1";"7";"0";"2";"8";"1";"1";""
"202100030798";"146Â 713";"B01";"1";"10";"0";"2";"1";"15";"1";""
"202100030799";"146Â 710";"A01";"1";"50";"0";"9";"1";"25";"3";""
"202100030799";"146Â 711";"B01";"2";"50";"0";"9";"1";"25";"3";""
"202100030800";"146Â 708";"B01";"2";"30";"0";"2";"3";"1";"1";""
"202100030800";"146Â 709";"A01";"1";"15";"0";"2";"5";"12";"1";""
"202100030801";"146Â 707";"Z01";"2";"7";"0";"1";"2";"15";"0";""
"202100030802";"146Â 706";"A01";"0";"50";"0";"0";"0";"1";"3";""
"202100030803";"146Â 705";"A01";"1";"7";"3";"0";"1";"1";"1";""
"202100030804";"146Â 702";"C01";"2";"7";"0";"2";"4";"1";"1";""
"202100030804";"146Â 703";"B01";"2";"10";"0";"2";"4";"2";"1";""
"202100030804";"146Â 704";"A01";"2";"10";"0";"2";"1";"2";"1";""
"202100030805";"146Â 700";"B01";"2";"7";"0";"2";"1";"1";"1";""
"202100030805";"146Â 701";"A01";"1";"7";"0";"2";"8";"19";"1";""
"202100030806";"146Â 698";"B01";"2";"7";"0";"2";"1";"1";"1";""
"202100030806";"146Â 699";"A01";"1";"7";"0";"2";"8";"10";"1";""
"202100030807";"146Â 696";"B01";"1";"7";"0";"2";"4";"1";"1";""
"202100030807";"146Â 697";"A01";"1";"7";"0";"2";"1";"2";"1";""
"202100030808";"146Â 695";"A01";"0";"7";"0";"1";"3";"15";"1";""
"202100030809";"146Â 694";"A01";"1";"30";"0";"1";"1";"1";"1";""
"202100030810";"146Â 692";"A01";"3";"7";"0";"2";"3";"9";"1";""
"202100030810";"146Â 693";"B01";"3";"1";"0";"2";"1";"9";"5";""
"202100030811";"146Â 690";"B01";"1";"3";"8";"2";"1";"1";"1";""
"202100030811";"146Â 691";"A01";"1";"2";"8";"2";"1";"16";"1";""
"202100030812";"146Â 689";"A01";"1";"7";"14";"1";"2";"23";"1";""
"202100030813";"146Â 687";"B01";"2";"32";"0";"2";"4";"2";"1";""
"202100030813";"146Â 688";"A01";"2";"7";"0";"2";"2";"2";"1";""
"202100030814";"146Â 685";"A01";"2";"10";"0";"2";"1";"19";"1";""
"202100030814";"146Â 686";"B01";"1";"30";"0";"2";"7";"14";"1";""
"202100030815";"146Â 684";"A01";"3";"7";"0";"1";"2";"2";"1";""
"202100030816";"146Â 683";"A01";"1";"7";"0";"1";"1";"1";"1";""
"202100030817";"146Â 680";"B01";"1";"32";"0";"2";"4";"15";"1";""
"202100030817";"146Â 681";"A01";"1";"7";"0";"2";"3";"1";"1";""
"202100030817";"146Â 682";"C01";"1";"7";"0";"2";"1";"1";"1";""
"202100030818";"146Â 679";"A01";"1";"7";"0";"1";"1";"1";"1";""
"202100030819";"146Â 678";"A01";"2";"36";"0";"0";"1";"1";"1";""
"202100030820";"146Â 676";"B01";"2";"10";"0";"2";"0";"15";"1";""
"202100030820";"146Â 677";"A01";"2";"7";"0";"2";"2";"17";"1";""
"202100030821";"146Â 673";"C01";"2";"7";"0";"2";"4";"2";"1";""
"202100030821";"146Â 674";"B01";"2";"7";"0";"2";"4";"2";"1";""
"202100030821";"146Â 675";"A01";"2";"10";"0";"2";"1";"2";"1";""
"202100030822";"146Â 672";"A01";"0";"10";"0";"1";"2";"1";"1";""
"202100030823";"146Â 670";"B01";"1";"1";"0";"2";"8";"1";"5";""
"202100030823";"146Â 671";"A01";"1";"7";"0";"2";"1";"9";"1";""
"202100030824";"146Â 667";"B01";"3";"7";"0";"2";"2";"1";"1";""
"202100030824";"146Â 668";"A01";"1";"7";"0";"2";"1";"9";"1";""
"202100030825";"146Â 664";"A01";"3";"7";"0";"2";"1";"13";"1";""
"202100030826";"146Â 663";"A01";"0";"32";"15";"0";"1";"1";"1";""
"202100030827";"146Â 661";"B01";"3";"50";"0";"2";"1";"5";"3";""
"202100030827";"146Â 662";"A01";"3";"7";"0";"2";"3";"15";"1";""
"202100030828";"146Â 659";"A01";"2";"7";"0";"2";"1";"15";"1";""
"202100030828";"146Â 660";"B01";"1";"33";"0";"2";"1";"17";"1";""
"202100030829";"146Â 657";"B01";"1";"7";"0";"2";"2";"2";"1";""
"202100030829";"146Â 658";"A01";"1";"7";"0";"2";"6";"2";"1";""
"202100030830";"146Â 654";"A01";"1";"7";"0";"2";"1";"2";"1";""
"202100030830";"146Â 655";"B01";"1";"7";"0";"2";"4";"23";"1";""
"202100030830";"146Â 656";"C01";"1";"7";"0";"2";"4";"2";"1";""
"202100030831";"146Â 651";"A01";"2";"7";"0";"2";"1";"2";"1";""
"202100030831";"146Â 652";"B01";"2";"10";"0";"2";"1";"2";"1";""
"202100030831";"146Â 653";"C01";"2";"7";"0";"2";"1";"2";"1";""
"202100030832";"146Â 650";"A01";"2";"7";"0";"1";"7";"1";"1";""
"202100030833";"146Â 649";"A01";"2";"7";"6";"0";"3";"1";"1";""
"202100030834";"146Â 648";"A01";"3";"7";"0";"1";"3";"26";"1";""
"202100030835";"146Â 647";"A01";"1";"7";"6";"0";"1";"14";"1";""
"202100030836";"146Â 645";"B01";"1";"7";"0";"2";"5";"15";"1";""
"202100030836";"146Â 646";"A01";"1";"33";"0";"2";"1";"1";"1";""
"202100030837";"146Â 643";"B01";"2";"7";"0";"2";"2";"1";"1";""
"202100030837";"146Â 644";"A01";"2";"33";"0";"2";"3";"18";"1";""
"202100030838";"146Â 641";"B01";"3";"7";"0";"2";"1";"1";"1";""
"202100030838";"146Â 642";"A01";"3";"30";"0";"2";"1";"1";"1";""
"202100030839";"146Â 638";"A01";"2";"7";"0";"2";"1";"17";"1";""
"202100030839";"146Â 639";"C01";"2";"7";"0";"2";"4";"23";"1";""
"202100030839";"146Â 640";"B01";"1";"7";"0";"2";"1";"15";"1";""
"202100030840";"146Â 637";"A01";"2";"30";"1";"0";"1";"14";"1";""
"202100030841";"146Â 635";"B01";"1";"7";"0";"2";"1";"1";"1";""
"202100030841";"146Â 636";"A01";"2";"7";"0";"2";"3";"19";"1";""
"202100030842";"146Â 634";"A01";"1";"7";"1";"0";"1";"6";"1";""
"202100030843";"146Â 632";"A01";"1";"7";"0";"2";"1";"1";"1";""
"202100030843";"146Â 633";"B01";"2";"7";"0";"2";"8";"1";"1";""
"202100030844";"146Â 630";"A01";"1";"7";"0";"2";"3";"15";"1";""
"202100030844";"146Â 631";"B01";"2";"50";"0";"2";"1";"16";"3";""
"202100030845";"146Â 628";"B01";"1";"7";"0";"2";"1";"1";"1";""
"202100030845";"146Â 629";"A01";"1";"7";"0";"2";"2";"15";"1";""
"202100030846";"146Â 627";"A01";"3";"7";"0";"1";"4";"26";"1";""
"202100030847";"146Â 626";"A01";"0";"7";"13";"5";"3";"21";"1";""
"202100030848";"146Â 623";"A01";"1";"7";"0";" -1";"2";"1";"1";""
"202100030848";"146Â 624";"B01";"2";"30";"0";"2";"1";"1";"1";""
"202100030849";"146Â 620";"A01";"2";"7";"0";"2";"3";"13";"2";""
"202100030849";"146Â 621";"B01";"2";"7";"0";"2";"6";"0";"1";""
"202100030849";"146Â 622";"C01";"0";"7";"0";"2";"1";"23";"2";""
"202100030850";"146Â 618";"B01";"2";"2";"0";"2";"0";"0";"0";""
"202100030850";"146Â 619";"A01";"3";"7";"0";"2";"3";"15";"1";""
"202100030851";"146Â 616";"B01";"1";"7";"0";"2";"1";"17";"0";""
"202100030851";"146Â 617";"A01";"1";"7";"15";"2";"3";"15";"1";""
"202100030852";"146Â 614";"A01";"1";"7";"0";"2";"3";"15";"1";""
"202100030852";"146Â 615";"B01";"2";"7";"0";"2";"2";"1";"2";""
"202100030853";"146Â 611";"B01";"2";"10";"0";"2";"3";"11";"1";""
"202100030853";"146Â 612";"C01";"2";"10";"0";"2";"5";"1";"1";""
"202100030853";"146Â 613";"A01";"2";"33";"0";"2";"2";"3";"1";""
"202100030854";"146Â 609";"A01";"3";"7";"0";"2";"3";"1";"1";""
"202100030854";"146Â 610";"B01";"3";"1";"0";"2";"2";"19";"5";""
"202100030855";"146Â 607";"B01";"1";"7";"0";"2";"2";"1";"1";""
"202100030855";"146Â 608";"A01";"1";"10";"0";"2";"2";"1";"1";""
"202100030856";"146Â 605";"B01";"1";"30";"0";"2";"1";"17";"1";""
"202100030856";"146Â 606";"A01";"1";"1";"0";"2";"6";"10";"5";""
"202100030857";"146Â 604";"A01";"1";"7";"0";"2";"2";"17";"2";""
"202100030858";"146Â 603";"A01";"1";"80";"0";"1";"1";"1";"3";""
"202100030859";"146Â 601";"B01";"1";"7";"0";"2";"4";"20";"1";""
"202100030859";"146Â 602";"A01";"1";"1";"0";"2";"1";"2";"5";""
"202100030860";"146Â 600";"A01";"2";"7";"1";"1";"2";"16";"1";""
"202100030861";"146Â 598";"B01";"2";"32";"0";"2";"1";"1";"3";""
"202100030861";"146Â 599";"A01";"1";"7";"0";"2";"5";"1";"1";""
"202100030862";"146Â 595";"C01";"1";"30";"0";"2";"1";"2";"1";""
"202100030862";"146Â 596";"B01";"1";"7";"0";"2";"1";"2";"1";""
"202100030862";"146Â 597";"A01";"1";"7";"0";"2";"4";"23";"1";""
"202100030863";"146Â 593";"A01";"1";"32";"0";"2";"1";"1";"1";""
"202100030863";"146Â 594";"B01";"1";"7";"0";"2";"7";"1";"1";""
"202100030864";"146Â 592";"A01";"3";"50";"12";"0";"0";"14";"3";""
"202100030865";"146Â 590";"B01";"2";"2";"0";"2";"0";"0";"1";""
"202100030865";"146Â 591";"A01";"2";"7";"8";"2";"2";"16";"1";""
"202100030866";"146Â 586";"A01";"1";"7";"0";"2";"3";"15";"1";""
"202100030866";"146Â 587";"B01";"1";"50";"0";"2";"3";"19";"3";""
"202100030867";"146Â 585";"A01";"3";"7";"0";"1";"7";"1";"1";""
"202100030868";"146Â 583";"A01";"3";"99";"0";"2";"1";"23";"0";""
"202100030868";"146Â 584";"B01";"0";"1";"0";"0";"0";"0";"0";""
"202100030869";"146Â 581";"B01";"0";"7";"0";"2";"1";"1";"1";""
"202100030869";"146Â 582";"A01";"0";"7";"7";"0";"4";"23";"0";""
"202100030870";"146Â 580";"A01";"1";"7";"1";"0";"1";"1";"1";""
"202100030871";"146Â 578";"B01";"3";"30";"0";"2";"1";"1";"1";""
"202100030871";"146Â 579";"A01";"1";"7";"0";"2";"2";"15";"1";""
"202100030872";"146Â 576";"A01";"1";"37";"0";"2";"2";"16";"1";"1"
"202100030872";"146Â 577";"B01";"3";"1";"0";"2";"0";"0";"5";""
"202100030873";"146Â 574";"B01";"2";"1";"0";"2";"3";"9";"0";""
"202100030873";"146Â 575";"A01";"2";"7";"0";"2";"2";"1";"1";""
"202100030874";"146Â 572";"A01";"1";"7";"0";"2";"2";"1";"1";""
"202100030874";"146Â 573";"B01";"1";"1";"0";"2";"5";"1";"5";""
"202100030875";"146Â 570";"A01";"3";"2";"0";"2";"0";"5";"1";""
"202100030875";"146Â 571";"B01";"2";"7";"0";"9";"3";"1";"1";""
"202100030876";"146Â 568";"A01";"1";"10";"8";"2";"3";"1";"1";""
"202100030876";"146Â 569";"B01";"2";"33";"0";"2";"1";"1";"1";""
"202100030877";"146Â 567";"A01";"1";"7";"15";"0";"9";"17";"1";""
"202100030878";"146Â 565";"A01";"1";"7";"0";"0";"3";"15";"1";""
"202100030878";"146Â 566";"B01";"2";"33";"0";"2";"1";"1";"1";""
"202100030879";"146Â 564";"A01";"1";"33";"5";"0";"2";"1";"1";""
"202100030880";"146Â 563";"A01";"1";"1";"0";"0";"0";"1";"5";""
"202100030881";"146Â 562";"A01";"1";"7";"0";"0";"0";"1";"1";""
"202100030882";"146Â 560";"B01";"2";"33";"0";"2";"1";"1";"1";""
"202100030882";"146Â 561";"A01";"1";"33";"0";"2";"1";"17";"1";""
"202100030883";"146Â 558";"A01";"1";"7";"0";"2";"4";"1";"1";""
"202100030883";"146Â 559";"B01";"1";"7";"0";"2";"1";"17";"1";""
"202100030884";"146Â 556";"B01";"2";"1";"0";"2";"7";"15";"5";""
"202100030884";"146Â 557";"A01";"2";"7";"0";"9";"3";"1";"1";""
"202100030885";"146Â 555";"A01";"3";"36";"0";"0";"9";"16";"1";""
"202100030886";"146Â 554";"A01";"1";"50";"0";"0";"0";"1";"3";""
"202100030887";"146Â 551";"A01";"2";"7";"0";"2";"0";"1";"1";""
"202100030887";"146Â 552";"B01";"1";"10";"0";"2";"0";"1";"1";""
"202100030887";"146Â 553";"C01";"1";"7";"0";"2";"0";"1";"1";""
"202100030888";"146Â 547";"A01";"1";"7";"6";"0";"1";"13";"1";""
"202100030889";"146Â 545";"A01";"1";"7";"0";"2";"2";"17";"1";""
"202100030889";"146Â 546";"B01";"1";"7";"0";"2";"3";"15";"1";""
"202100030890";"146Â 543";"B01";"1";"7";"0";"2";"3";"1";"1";""
"202100030890";"146Â 544";"A01";"2";"10";"0";"2";"3";"13";"1";""
"202100030891";"146Â 541";"B01";"1";"7";"0";"2";"3";"1";"1";""
"202100030891";"146Â 542";"A01";"2";"7";"0";"2";"3";"13";"1";""
"202100030892";"146Â 540";"A01";"1";"7";"8";"0";"1";"1";"1";""
"202100030893";"146Â 538";"A01";"3";"7";"0";"2";"1";"1";"1";""
"202100030893";"146Â 539";"B01";"3";"31";"0";"2";"1";"1";"1";""
"202100030894";"146Â 536";"A01";"1";"30";"0";"2";"1";"17";"1";""
"202100030894";"146Â 537";"B01";"1";"7";"0";"0";"8";"15";"1";""
"202100030895";"146Â 534";"B01";"3";"7";"0";"2";"1";"1";"1";""
"202100030895";"146Â 535";"A01";"3";"7";"0";"2";"1";"1";"1";""
"202100030896";"146Â 533";"A01";"1";"7";"13";"0";"1";"13";"1";""
"202100030897";"146Â 532";"A01";"1";"33";"0";"0";"7";"1";"1";""
"202100030898";"146Â 531";"A01";"1";"1";"0";"1";"3";"1";"5";""
"202100030899";"146Â 529";"A01";"2";"7";"0";"2";"1";"2";"1";""
"202100030899";"146Â 530";"B01";"2";"7";"0";"2";"4";"2";"1";""
"202100030900";"146Â 528";"A01";"1";"7";"7";"0";"1";"1";"1";""
"202100030901";"146Â 526";"B01";"2";"7";"0";"0";"3";"1";"1";""
"202100030901";"146Â 527";"A01";"1";"7";"0";"2";"3";"13";"1";""
"202100030902";"146Â 525";"A01";"1";"7";"13";"0";"2";"1";"1";""
"202100030903";"146Â 522";"A01";"1";"33";"0";"2";"1";"13";"1";""
"202100030903";"146Â 523";"B01";"2";"7";"0";"2";"3";"1";"1";""
"202100030903";"146Â 524";"C01";"1";"7";"0";"2";"3";"1";"1";""
"202100030904";"146Â 520";"A01";"2";"7";"0";"2";"2";"1";"1";""
"202100030904";"146Â 521";"B01";"3";"1";"0";"2";"3";"19";"6";""