"Num_Acc";"id_vehicule";"num_veh";"senc";"catv";"obs";"obsm";"choc";"manv";"motor";"occutc"
"202100030905";"146Â 518";"B01";"1";"7";"0";"2";"1";"13";"1";""
"202100030905";"146Â 519";"A01";"2";"7";"0";"2";"1";"1";"1";""
"202100030906";"146Â 517";"A01";"3";"7";"2";"0";"1";"16";"1";""
"202100030907";"146Â 515";"A01";"2";"10";"0";"0";"1";"0";"1";""
"202100030908";"146Â 513";"A01";"2";"7";"0";"2";"2";"0";"1";""
"202100030908";"146Â 514";"B01";"2";"1";"0";"0";"4";"0";"5";""
"202100030909";"146Â 511";"B01";"2";"7";"0";"2";"3";"1";"2";""
"202100030909";"146Â 512";"A01";"1";"7";"0";"2";"3";"13";"1";""
"202100030910";"146Â 507";"C01";"2";"7";"0";"2";"3";"1";"1";""
"202100030910";"146Â 508";"D01";"2";"17";"0";"2";"8";"1";"1";""
"202100030910";"146Â 509";"A01";"1";"7";"0";"2";"1";"5";"1";""
"202100030910";"146Â 510";"B01";"2";"7";"0";"2";"1";"1";"1";""
"202100030911";"146Â 506";"A01";"2";"7";"3";"0";"1";"14";"1";""
"202100030912";"146Â 505";"A01";"3";"7";"0";"1";"2";"0";"1";""
"202100030913";"146Â 504";"A01";"3";"30";"0";"0";"7";"1";"1";""
"202100030914";"146Â 502";"A01";"2";"7";"0";"0";"2";"13";"1";""
"202100030915";"146Â 501";"A01";"3";"36";"0";"1";"1";"1";"1";""
"202100030916";"146Â 498";"A01";"1";"7";"0";"2";"3";"9";"1";""
"202100030916";"146Â 499";"B01";"1";"7";"0";"2";"3";"0";"1";""
"202100030916";"146Â 500";"C01";"2";"7";"0";"2";"3";"1";"1";""
"202100030917";"146Â 496";"A01";"2";"7";"0";"2";"1";"21";"1";""
"202100030917";"146Â 497";"B01";"2";"7";"0";"2";"6";"15";"1";""
"202100030918";"146Â 494";"B01";"1";"7";"7";"2";"1";"21";"1";""
"202100030918";"146Â 495";"A01";"2";"7";"0";"2";"1";"1";"1";""
"202100030919";"146Â 493";"A01";"3";"2";"12";"0";"8";"13";"1";""
"202100030920";"146Â 491";"B01";"1";"33";"0";"2";"1";"1";"1";""
"202100030920";"146Â 492";"A01";"2";"7";"0";"2";"5";"15";"1";""
"202100030921";"146Â 489";"B01";"2";"7";"0";"2";"3";"0";"1";""
"202100030921";"146Â 490";"A01";"1";"2";"0";"0";"3";"1";"1";""
"202100030922";"146Â 487";"B01";"1";"33";"0";"2";"1";"1";"1";""
"202100030922";"146Â 488";"A01";"2";"33";"0";"2";"3";"13";"1";""
"202100030923";"146Â 486";"A01";"1";"7";"0";"1";"2";"1";"1";""
"202100030924";"146Â 485";"A01";"1";"7";"13";"0";"8";"14";"1";""
"202100030925";"146Â 483";"A01";"3";"2";"0";"2";"1";"5";"1";""
"202100030925";"146Â 484";"B01";"3";"7";"0";"2";"1";"1";"1";""
"202100030926";"146Â 481";"B01";"2";"7";"0";"2";"1";"2";"1";""
"202100030926";"146Â 482";"A01";"2";"7";"13";"2";"2";"2";"1";""
"202100030927";"146Â 480";"A01";"2";"7";"4";"0";"3";"0";"1";""
"202100030928";"146Â 478";"A01";"3";"7";"0";"2";"3";"5";"1";""
"202100030928";"146Â 479";"B01";"3";"32";"0";"2";"1";"1";"1";""
"202100030929";"146Â 476";"A01";"1";"7";"0";"2";"1";"0";"1";""
"202100030929";"146Â 477";"B01";"2";"7";"0";"2";"1";"0";"0";""
"202100030930";"146Â 474";"A01";"2";"7";"0";"2";"3";"15";"1";""
"202100030930";"146Â 475";"B01";"2";"31";"0";"2";"1";"1";"1";""
"202100030931";"146Â 471";"A01";"1";"10";"0";"0";"5";"23";"1";""
"202100030931";"146Â 472";"B01";"1";"7";"1";"2";"1";"21";"1";""
"202100030931";"146Â 473";"C01";"1";"7";"0";"2";"1";"1";"1";""
"202100030932";"146Â 469";"A01";"1";"7";"8";"2";"2";"17";"1";""
"202100030932";"146Â 470";"B01";"1";"1";"0";"2";"8";"15";"5";""
"202100030933";"146Â 467";"A01";"2";"7";"3";"2";"3";"0";"1";""
"202100030933";"146Â 468";"B01";"1";"7";"0";"0";"3";"0";"1";""
"202100030934";"146Â 464";"C01";"1";"7";"0";"2";"3";"17";"1";""
"202100030934";"146Â 465";"B01";"1";"17";"0";"2";"2";"17";"1";""
"202100030934";"146Â 466";"A01";"1";"7";"4";"2";"9";"1";"1";""
"202100030935";"146Â 463";"A01";"1";"7";"8";"0";"1";"1";"1";""
"202100030936";"146Â 461";"A01";"1";"7";"0";"2";"3";"13";"1";""
"202100030936";"146Â 462";"B01";"2";"7";"0";"2";"6";"1";"1";""
"202100030937";"146Â 455";"A01";"2";"7";"0";"2";"3";"17";"1";""
"202100030937";"146Â 456";"B01";"1";"7";"0";"0";"6";"11";"1";""
"202100030937";"146Â 457";"C01";"1";"7";"0";"0";"3";"1";"1";""
"202100030937";"146Â 458";"D01";"1";"7";"0";"0";"1";"0";"1";""
"202100030937";"146Â 459";"F01";"1";"13";"0";"0";"6";"2";"6";""
"202100030937";"146Â 460";"E01";"1";"7";"0";"9";"1";"0";"1";""
"202100030938";"146Â 454";"A01";"3";"7";"0";"1";"2";"1";"1";""
"202100030939";"146Â 450";"D01";"1";"1";"0";"2";"0";"1";"5";""
"202100030939";"146Â 451";"C01";"1";"1";"0";"0";"0";"2";"5";""
"202100030939";"146Â 452";"B01";"1";"1";"0";"0";"0";"2";"5";""
"202100030939";"146Â 453";"A01";"1";"1";"0";"2";"3";"1";"5";""
"202100030940";"146Â 448";"B01";"1";"1";"0";"2";"8";"2";"5";""
"202100030940";"146Â 449";"A01";"1";"7";"0";"9";"2";"2";"1";""
"202100030941";"146Â 447";"A01";"3";"7";"8";"0";"1";"1";"1";""
"202100030942";"146Â 446";"A01";"1";"2";"0";"1";"1";"1";"1";""
"202100030943";"146Â 445";"A01";"3";"7";"0";"1";"1";"1";"1";""
"202100030944";"146Â 443";"B01";"3";"1";"0";"2";"2";"15";"5";""
"202100030944";"146Â 444";"A01";"3";"7";"0";"2";"6";"9";"1";""
"202100030945";"146Â 441";"B01";"2";"7";"9";"2";"2";"15";"1";""
"202100030945";"146Â 442";"A01";"1";"7";"7";"2";"3";"1";"1";""
"202100030946";"146Â 439";"A01";"1";"7";"0";"2";"3";"19";"1";""
"202100030946";"146Â 440";"B01";"1";"7";"0";"2";"1";"1";"1";""
"202100030947";"146Â 438";"A01";"2";"7";"2";"0";"3";"16";"1";""
"202100030948";"146Â 437";"A01";"1";"7";"6";"0";"1";"1";"1";""
"202100030949";"146Â 435";"B01";"3";"50";"0";"0";"1";"2";"3";""
"202100030949";"146Â 436";"A01";"3";"7";"0";"2";"2";"2";"1";""
"202100030950";"146Â 433";"A01";"2";"2";"0";"2";"1";"5";"1";""
"202100030950";"146Â 434";"B01";"1";"7";"0";"2";"1";"1";"1";""
"202100030951";"146Â 431";"A01";"0";"7";"0";"2";"3";"13";"1";""
"202100030951";"146Â 432";"B01";"0";"7";"0";"2";"3";"1";"1";""
"202100030952";"146Â 430";"A01";"1";"7";"4";"0";"9";"2";"1";""
"202100030953";"146Â 428";"A01";"2";"14";"0";"2";"2";"9";"1";""
"202100030953";"146Â 429";"B01";"2";"7";"0";"2";"6";"1";"1";""
"202100030954";"146Â 426";"A01";"1";"10";"0";"2";"1";"2";"1";""
"202100030954";"146Â 427";"B01";"1";"7";"0";"2";"4";"2";"1";""
"202100030955";"146Â 422";"D01";"1";"7";"0";"0";"5";"2";"1";""
"202100030955";"146Â 423";"C01";"1";"7";"0";"0";"7";"2";"1";""
"202100030955";"146Â 424";"B01";"1";"7";"0";"0";"4";"1";"2";""
"202100030955";"146Â 425";"A01";"1";"7";"0";"2";"3";"14";"1";""
"202100030956";"146Â 419";"A01";"1";"33";"0";"2";"1";"3";"1";""
"202100030956";"146Â 420";"B01";"1";"7";"0";"2";"4";"12";"1";""
"202100030956";"146Â 421";"C01";"1";"7";"0";"2";"4";"1";"1";""
"202100030957";"146Â 417";"B01";"1";"7";"0";"2";"4";"1";"1";""
"202100030957";"146Â 418";"A01";"1";"7";"0";"2";"1";"12";"1";""
"202100030958";"146Â 416";"A01";"2";"7";"4";"0";"1";"1";"1";""
"202100030959";"146Â 414";"A01";"2";"7";"0";"2";"1";"1";"1";""
"202100030959";"146Â 415";"B01";"2";"7";"0";"0";"4";"2";"1";""
"202100030960";"146Â 413";"A01";"2";"33";"0";"2";"1";"2";"1";""
"202100030961";"146Â 412";"A01";"2";"7";"4";"0";"9";"0";"1";""
"202100030962";"146Â 411";"A01";"1";"7";"4";"0";"8";"2";"1";""
"202100030963";"146Â 408";"C01";"1";"7";"0";"2";"6";"1";"1";""
"202100030963";"146Â 409";"B01";"1";"7";"0";"2";"4";"1";"1";""
"202100030963";"146Â 410";"A01";"1";"33";"0";"2";"1";"3";"1";""
"202100030964";"146Â 406";"A01";"2";"7";"0";"2";"4";"1";"1";""
"202100030964";"146Â 407";"B01";"2";"7";"0";"2";"4";"1";"1";""
"202100030965";"146Â 402";"A01";"1";"7";"0";"2";"3";"9";"1";""
"202100030965";"146Â 403";"B01";"1";"7";"0";"2";"4";"1";"1";""
"202100030965";"146Â 404";"C01";"1";"7";"0";"2";"1";"1";"1";""
"202100030965";"146Â 405";"D01";"2";"15";"0";"2";"8";"1";"1";""
"202100030966";"146Â 399";"C01";"2";"10";"0";"2";"4";"2";"1";""
"202100030966";"146Â 400";"B01";"2";"7";"0";"2";"3";"2";"1";""
"202100030966";"146Â 401";"A01";"2";"7";"0";"2";"3";"2";"1";""
"202100030967";"146Â 395";"C01";"1";"7";"0";"2";"4";"2";"1";""
"202100030967";"146Â 396";"B01";"1";"7";"0";"2";"4";"2";"1";""
"202100030967";"146Â 397";"A01";"1";"10";"0";"2";"1";"2";"0";""
"202100030967";"146Â 398";"D01";"1";"7";"0";"2";"4";"2";"1";""
"202100030968";"146Â 393";"B01";"1";"7";"0";"2";"4";"2";"1";""
"202100030968";"146Â 394";"A01";"1";"7";"0";"2";"1";"2";"1";""
"202100030969";"146Â 392";"A01";"2";"7";"4";"0";"3";"1";"1";""
"202100030970";"146Â 390";"A01";"1";"7";"0";"2";"1";"2";"1";""
"202100030970";"146Â 391";"B01";"1";"7";"0";"2";"4";"2";"1";""
"202100030971";"146Â 388";"A01";"2";"10";"0";"2";"1";"1";"1";""
"202100030971";"146Â 389";"B01";"2";"7";"0";"2";"4";"2";"1";""
"202100030972";"146Â 385";"A01";"1";"7";"3";"2";"7";"26";"1";""
"202100030972";"146Â 386";"B01";"1";"10";"0";"2";"3";"0";"1";""
"202100030972";"146Â 387";"Z01";"1";"10";"0";"2";"0";"0";"0";""
"202100030973";"146Â 384";"A01";"2";"7";"3";"0";"4";"14";"1";""
"202100030974";"146Â 382";"A01";"2";"7";"0";"2";"1";"1";"1";""
"202100030974";"146Â 383";"B01";"2";"7";"0";"0";"4";"2";"1";""
"202100030975";"146Â 379";"A01";"2";"7";"0";"2";"1";"2";"1";""
"202100030975";"146Â 380";"B01";"2";"7";"0";"2";"4";"0";"1";""
"202100030975";"146Â 381";"C01";"2";"7";"0";"2";"4";"2";"1";""
"202100030976";"146Â 377";"A01";"1";"7";"0";"2";"1";"2";"1";""
"202100030976";"146Â 378";"B01";"1";"7";"0";"2";"0";"2";"1";""
"202100030977";"146Â 375";"A01";"2";"7";"0";"2";"7";"12";"1";""
"202100030977";"146Â 376";"B01";"2";"33";"0";"2";"3";"0";"1";""
"202100030978";"146Â 374";"A01";"1";" -1";"0";"0";"0";"1";"0";""
"202100030979";"146Â 368";"D01";"1";"7";"0";"2";"6";"24";"1";""
"202100030979";"146Â 369";"C01";"1";"7";"0";"2";"8";"24";"1";""
"202100030979";"146Â 370";"B01";"1";"7";"0";"2";"1";"17";"1";""
"202100030979";"146Â 371";"A01";"1";"7";"0";"2";"1";"20";"1";""
"202100030980";"146Â 366";"B01";"0";"7";"0";"2";"6";"1";"1";""
"202100030980";"146Â 367";"A01";"0";"7";"0";"2";"2";"15";"1";""
"202100030981";"146Â 364";"A01";"0";"7";"0";"2";"5";"15";"1";""
"202100030981";"146Â 365";"B01";"0";"33";"0";"2";"1";"1";"1";""
"202100030982";"146Â 362";"A01";"1";"30";"0";"2";"1";"2";"1";""
"202100030982";"146Â 363";"B01";"0";"7";"0";"2";"4";"2";"1";""
"202100030983";"146Â 361";"A01";"0";"7";"0";"1";"1";"15";"1";""
"202100030984";"146Â 360";"A01";"0";"7";"9";"0";"1";"15";"1";""
"202100030985";"146Â 357";"A01";"2";"33";"0";"1";"1";"17";"1";""
"202100030986";"146Â 345";"B01";"3";"7";"0";"2";"3";"0";"1";""
"202100030986";"146Â 346";"A01";"3";"7";"0";"2";"1";"13";"1";""
"202100030987";"146Â 343";"B01";"0";"7";"0";"2";"1";"1";"1";""
"202100030987";"146Â 344";"A01";"0";"7";"0";"2";"7";"15";"1";""
"202100030988";"146Â 341";"B01";"3";"7";"0";"2";"3";"0";"1";""
"202100030988";"146Â 342";"A01";"3";"10";"0";"2";"3";"13";"0";""
"202100030989";"146Â 340";"A01";"3";"2";"0";"0";"0";"26";"1";""
"202100030990";"146Â 338";"B01";"0";"99";"0";"2";"8";"1";"1";""
"202100030990";"146Â 339";"A01";"0";"7";"0";"2";"1";"9";"1";""
"202100030991";"146Â 337";"A01";"1";"34";"8";"0";"1";"1";"1";""
"202100030992";"146Â 335";"A01";"2";"7";"0";"0";"0";"0";"1";""
"202100030992";"146Â 336";"B01";"2";"1";"0";"0";"0";"0";"5";""
"202100030993";"146Â 333";"A01";"2";"7";"0";"2";"8";"9";"1";""
"202100030993";"146Â 334";"B01";"1";"30";"0";"2";"9";"1";"1";""
"202100030994";"146Â 331";"A01";"1";"33";"0";"2";"1";"26";"1";""
"202100030994";"146Â 332";"B01";"1";"7";"0";"2";"4";"21";" -1";""
"202100030995";"146Â 330";"A01";"1";"7";"1";"0";"1";"1";"1";""
"202100030996";"146Â 328";"A01";"1";"7";"0";"2";"2";"13";"1";""
"202100030996";"146Â 329";"B01";"2";"7";"0";"2";"2";"21";"1";""
"202100030997";"146Â 326";"B01";"1";"7";"0";"2";"1";"1";"1";""
"202100030997";"146Â 327";"A01";"1";"10";"0";"2";"2";"1";"1";""
"202100030998";"146Â 324";"B01";"1";"7";"0";"2";"4";"23";"1";""
"202100030998";"146Â 325";"A01";"1";"7";"0";"2";"1";"2";"1";""
"202100030999";"146Â 322";"B01";"1";"7";"0";"2";"2";"1";"1";""
"202100030999";"146Â 323";"A01";"1";"7";"0";"2";"3";"11";"1";""
"202100031000";"146Â 321";"A01";"1";"7";"0";"1";"3";"1";"1";""
"202100031001";"146Â 320";"A01";"1";"10";"0";"1";"3";"15";"1";""
"202100031002";"146Â 319";"A01";"1";"7";"6";"0";"2";"15";"1";""
"202100031003";"146Â 318";"A01";"2";"7";"0";"1";"3";"1";"1";""
"202100031004";"146Â 316";"B01";"1";"33";"0";"2";"1";"2";"1";""
"202100031004";"146Â 317";"A01";"1";"7";"0";"2";"3";"15";"1";""
"202100031005";"146Â 314";"A01";"1";"10";"0";"2";"1";"2";"1";""
"202100031005";"146Â 315";"B01";"1";"7";"0";"2";"4";"2";"1";""
"202100031006";"146Â 312";"B01";"0";"1";"0";"2";"0";"19";"5";""
"202100031006";"146Â 313";"A01";"1";"33";"0";"2";"1";"1";"1";""
"202100031007";"146Â 310";"B01";"1";"1";"0";"2";"7";"1";"5";""
"202100031007";"146Â 311";"A01";"2";"7";"0";"2";"1";"9";"1";""
"202100031008";"146Â 308";"C01";"1";"7";"0";"2";"3";"15";"1";""
"202100031008";"146Â 309";"D01";"2";"7";"0";"2";"8";"0";"1";""
"202100031009";"146Â 305";"A01";"3";"7";"0";"2";"2";"17";"2";""
"202100031009";"146Â 306";"B01";"3";"7";"0";"2";"6";"2";"0";""
"202100031009";"146Â 307";"C01";"3";"7";"0";"2";"1";"0";"0";""
"202100031010";"146Â 304";"A01";"2";"7";"0";"1";"4";"20";"1";""
"202100031011";"146Â 302";"B01";"1";"1";"12";"2";"4";"19";"5";""
"202100031011";"146Â 303";"A01";"1";"10";"12";"9";"2";"16";"1";""
"202100031012";"146Â 301";"A01";"1";"7";"1";"0";"2";"1";"1";""
"202100031013";"146Â 299";"A01";"0";"7";"0";"2";"6";"20";"1";""
"202100031013";"146Â 300";"B01";"3";"1";"0";"2";"1";"1";"5";""
"202100031014";"146Â 297";"A01";"0";"30";"0";"2";"2";"1";"1";""
"202100031014";"146Â 298";"B01";"0";"7";"0";"2";"1";"13";"0";""
"202100031015";"146Â 296";"A01";"1";"10";"2";"0";"3";"1";"1";""
"202100031016";"146Â 295";"A01";"1";"7";"1";"0";"2";"14";"1";""
"202100031017";"146Â 293";"B01";"2";"7";"0";"2";"1";"1";"1";""
"202100031017";"146Â 294";"A01";"1";"7";"0";"2";"3";"15";"1";""
"202100031018";"146Â 291";"B01";"0";"50";"0";"0";"0";"0";"3";""
"202100031018";"146Â 292";"A01";"0";"7";"0";"2";"3";"9";"1";""
"202100031019";"146Â 290";"A01";"1";"7";"0";"1";"1";"1";"1";""
"202100031020";"146Â 289";"A01";"1";"7";"0";"1";"1";"1";"1";""
"202100031021";"146Â 288";"A01";"1";"34";"8";"0";"1";"2";"1";""
"202100031022";"146Â 286";"A01";"1";"7";"0";"2";"1";"1";"1";""
"202100031022";"146Â 287";"B01";"2";"7";"0";"2";"1";"0";"1";""
"202100031023";"146Â 285";"A01";"2";"7";"13";"0";"1";"14";"1";""
"202100031024";"146Â 284";"A01";"2";"1";"0";"0";"7";"1";"5";""
"202100031025";"146Â 282";"A01";"1";"7";"0";"2";"7";"1";"1";""
"202100031025";"146Â 283";"B01";"1";"7";"0";"2";"1";"15";"1";""
"202100031026";"146Â 280";"A01";"2";"7";"0";"2";"3";"1";"2";""
"202100031026";"146Â 281";"B01";"2";"7";"0";"2";"4";"2";"0";""
"202100031027";"146Â 278";"B01";"1";"1";"0";"2";"1";"1";"5";""
"202100031027";"146Â 279";"A01";"2";"7";"0";"2";"8";"16";"1";""
"202100031028";"146Â 276";"B01";"1";"1";"1";"0";"1";"1";"5";""
"202100031028";"146Â 277";"A01";"1";"7";"0";"2";"8";"20";"1";""
"202100031029";"146Â 275";"A01";"3";"32";"12";"0";"1";"26";"1";""
"202100031030";"146Â 273";"A01";"1";"32";"0";"2";"2";"2";"1";""
"202100031030";"146Â 274";"B01";"1";"7";"0";"2";"4";"2";"1";""
"202100031031";"146Â 271";"A01";"1";"30";"0";"2";"1";"1";"1";""
"202100031031";"146Â 272";"B01";"1";"7";"0";"2";"4";"1";"1";""
"202100031032";"146Â 269";"B01";"2";"30";"0";"2";"4";"1";"1";""
"202100031032";"146Â 270";"A01";"2";"30";"0";"2";"1";"1";"1";""
"202100031033";"146Â 268";"A01";"1";"2";"0";"0";"8";"17";"1";""
"202100031034";"146Â 266";"B01";"2";"7";"0";"2";"6";"15";"1";""
"202100031034";"146Â 267";"A01";"2";"30";"0";"2";"7";"17";"1";""
"202100031035";"146Â 264";"A01";"2";"30";"0";"2";"1";"19";"1";""
"202100031035";"146Â 265";"B01";"2";"7";"0";"2";"3";"1";"1";""
"202100031036";"146Â 263";"A01";"1";"30";"0";"1";"1";"1";"1";""
"202100031037";"146Â 261";"A01";"1";"30";"0";"2";"1";"1";"1";""
"202100031037";"146Â 262";"B01";"2";"7";"0";"2";"8";"1";"1";""
"202100031038";"146Â 260";"A01";"2";"7";"0";"1";"2";"1";"1";""
"202100031039";"146Â 259";"A01";"3";"10";"0";"1";"4";"20";"1";""
"202100031040";"146Â 257";"B01";"3";"30";"0";"2";"1";"1";"1";""
"202100031040";"146Â 258";"A01";"2";"33";"0";"9";"7";"1";"1";""
"202100031041";"146Â 255";"A01";"1";"33";"0";"2";"1";"2";"1";""
"202100031041";"146Â 256";"B01";"1";"7";"0";"2";"4";"2";"1";""
"202100031042";"146Â 253";"A01";"2";"7";"0";"2";"1";"19";"1";""
"202100031042";"146Â 254";"B01";"1";"7";"0";"2";"7";"19";"1";""
"202100031043";"146Â 251";"A01";"1";"7";"0";"2";"1";"26";"1";""
"202100031043";"146Â 252";"B01";"1";"7";"0";"2";"4";"2";"1";""
"202100031044";"146Â 249";"B01";"1";"33";"0";"2";"8";"19";"1";""
"202100031044";"146Â 250";"A01";"1";"7";"0";"2";"8";"19";"1";""
"202100031045";"146Â 248";"A01";"1";"33";"2";"0";"1";"16";"1";""
"202100031046";"146Â 246";"B01";"2";"31";"0";"2";"0";"0";"1";""
"202100031046";"146Â 247";"A01";"2";"31";"0";"2";"0";"0";"1";""
"202100031047";"146Â 245";"A01";"2";"7";"0";"1";"1";"9";"1";""
"202100031048";"146Â 243";"A01";"3";"7";"0";"2";"0";"0";"1";""
"202100031048";"146Â 244";"B01";"1";"7";"0";"2";"1";"16";"1";""
"202100031049";"146Â 241";"A01";"0";"10";"0";"2";"2";"5";"0";""
"202100031049";"146Â 242";"B01";"0";"33";"0";"2";"1";"1";"1";""
"202100031050";"146Â 239";"A01";"0";"7";"0";"2";"7";"15";"1";""
"202100031050";"146Â 240";"B01";"0";"7";"0";"2";"1";"26";"1";""
"202100031051";"146Â 236";"D01";"1";"30";"0";"2";"8";"1";"1";""
"202100031051";"146Â 237";"A01";"1";"7";"0";"2";"1";"26";"1";""
"202100031051";"146Â 238";"C01";"2";"7";"0";"0";"0";"0";"0";""
"202100031052";"146Â 234";"A01";"2";"7";"0";"2";"1";"17";"1";""
"202100031052";"146Â 235";"B01";"1";"7";"0";"2";"8";"15";"1";""
"202100031053";"146Â 233";"A01";"1";"7";"0";"1";"1";"15";"1";""
"202100031054";"146Â 232";"A01";"3";"7";"6";"0";"1";"1";"1";""
"202100031055";"146Â 230";"A01";"3";"13";"0";"2";"4";"26";"0";""
"202100031055";"146Â 231";"B01";"0";"1";"0";"0";"0";"0";"5";""
"202100031056";"146Â 228";"A01";"1";"30";"0";"2";"1";"1";"1";""
"202100031056";"146Â 229";"B01";"1";"7";"0";"2";"7";"1";"1";""
"202100031057";"146Â 226";"B01";"2";"50";"0";"2";"0";"15";"3";""
"202100031057";"146Â 227";"A01";"2";"7";"0";"2";"0";"15";"1";""
"202100031058";"146Â 224";"A01";"2";"1";"0";"2";"7";"1";"5";""
"202100031058";"146Â 225";"B01";"2";"1";"0";"2";"1";"1";"5";""
"202100031059";"146Â 223";"B01";"3";"7";"0";"1";"3";"1";"1";""
"202100031060";"146Â 221";"A01";"1";"7";"0";"2";"1";"2";"1";""
"202100031060";"146Â 222";"B01";"1";"7";"0";"2";"4";"1";"1";""
"202100031061";"146Â 219";"B01";"1";"7";"0";"2";"3";"1";"1";""
"202100031061";"146Â 220";"A01";"1";"7";"0";"2";"1";"1";"1";""
"202100031062";"146Â 218";"A01";"1";"7";"0";"1";"3";"9";"1";""
"202100031063";"146Â 216";"B01";"1";"7";"0";"2";"3";"1";"1";""
"202100031063";"146Â 217";"A01";"2";"7";"0";"2";"3";"13";"1";""
"202100031064";"146Â 215";"A01";"1";"7";"0";"1";"2";"17";"1";""
"202100031065";"146Â 214";"A01";"1";"7";"6";"0";"1";"26";"1";""
"202100031066";"146Â 212";"B01";"1";"10";"0";"9";"4";"0";"1";""
"202100031066";"146Â 213";"A01";"0";"30";"0";"2";"2";"17";"1";""
"202100031067";"146Â 211";"A01";"3";"7";"0";"1";"1";"0";"1";""
"202100031068";"146Â 208";"A01";"0";"7";"0";"2";"3";"1";"1";""
"202100031068";"146Â 209";"B01";"0";"1";"0";"2";"7";"1";"5";""
"202100031069";"146Â 207";"A01";"2";"10";"0";"1";"2";"25";"1";""
"202100031070";"146Â 205";"A01";"1";"10";"0";"2";"2";"15";"1";""
"202100031070";"146Â 206";"B01";"1";"7";"0";"2";"7";"2";"1";""
"202100031071";"146Â 203";"A01";"3";"7";"0";"2";"6";"9";"1";""
"202100031071";"146Â 204";"B01";"2";"1";"0";"2";"1";"1";"5";""
"202100031072";"146Â 201";"B01";"1";"1";"0";"2";"0";"0";"0";""
"202100031072";"146Â 202";"A01";"1";"7";"0";"2";"1";"2";"1";""
"202100031073";"146Â 199";"B01";"1";"7";"0";"2";"5";"23";"1";""
"202100031073";"146Â 200";"A01";"1";"2";"0";"2";"5";"1";"1";""
"202100031074";"146Â 197";"A01";"1";"7";"0";"2";"5";"4";"1";""
"202100031074";"146Â 198";"B01";"3";"2";"0";"2";"2";"1";"1";""
"202100031075";"146Â 195";"B01";"2";"31";"0";"2";"1";"1";"1";""
"202100031075";"146Â 196";"A01";"2";"7";"0";"2";"2";"9";"1";""
"202100031076";"146Â 193";"B01";"0";"2";"0";"2";"7";"1";"1";""
"202100031076";"146Â 194";"A01";"0";"7";"0";"2";"1";"15";"1";""
"202100031077";"146Â 192";"A01";"2";"30";"0";"0";"8";"1";"1";""
"202100031078";"146Â 190";"A01";"1";"7";"0";"2";"2";"9";"1";""
"202100031078";"146Â 191";"B01";"1";"1";"0";"2";"0";"2";"5";""
"202100031079";"146Â 189";"A01";"1";"1";"0";"0";"0";"2";"5";""
"202100031080";"146Â 188";"A01";"1";"7";"12";"0";"1";"19";"1";""
"202100031081";"146Â 186";"A01";"1";"7";"0";"2";"3";"26";"2";""
"202100031081";"146Â 187";"B01";"1";"7";"0";"2";"2";"26";"1";""
"202100031082";"146Â 184";"A01";"1";"33";"0";"2";"1";"26";"1";""
"202100031082";"146Â 185";"B01";"1";"7";"0";"2";"4";"26";"1";""
"202100031083";"146Â 183";"A01";"1";"7";"0";"1";"1";"1";"1";""
"202100031084";"146Â 182";"A01";"1";"7";"1";"0";"1";"26";"1";""
"202100031085";"146Â 180";"B01";"1";"7";"0";"2";"3";"26";"1";""
"202100031085";"146Â 181";"A01";"1";"7";"0";"2";"3";"26";"1";""
"202100031086";"146Â 177";"C01";"1";"7";"0";"2";"3";"26";"1";""
"202100031086";"146Â 178";"B01";"1";"1";"0";"2";"0";"0";"5";""
"202100031086";"146Â 179";"A01";"1";"7";"0";"2";"0";"26";"1";""
"202100031087";"146Â 176";"A01";"1";"7";"3";"0";"0";"21";"1";""
"202100031088";"146Â 174";"A01";"0";"10";"0";"2";"3";"19";"1";""
"202100031088";"146Â 175";"B01";"1";"2";"0";"2";"9";"1";"1";""
"202100031089";"146Â 172";"A01";"1";"7";"0";"2";"2";"12";"1";""
"202100031089";"146Â 173";"B01";"2";"7";"0";"2";"3";"15";"1";""
"202100031090";"146Â 170";"B01";"1";"7";"0";"2";"1";"1";"1";""
"202100031090";"146Â 171";"A01";"2";"7";"0";"2";"1";"6";"1";""
"202100031091";"146Â 168";"B01";"2";"17";"0";"2";"4";"2";"1";""
"202100031091";"146Â 169";"A01";"2";"7";"0";"2";"1";"2";"1";""
"202100031092";"146Â 166";"B01";"0";"7";"0";"0";"0";"10";"1";""
"202100031092";"146Â 167";"A01";"0";"33";"0";"2";"3";"17";"1";""
"202100031093";"146Â 165";"A01";"2";"30";"12";"0";"7";"1";"1";""
"202100031094";"146Â 163";"B01";"2";"7";"0";"2";"3";"1";"1";""
"202100031094";"146Â 164";"A01";"1";"7";"0";"2";"3";"13";"1";""
"202100031095";"146Â 162";"A01";"1";"33";"0";"0";"0";"1";"1";""
"202100031096";"146Â 158";"A01";"1";"7";"0";"2";"1";"2";"1";""
"202100031096";"146Â 159";"B01";"1";"7";"0";"2";"4";"23";"1";""
"202100031097";"146Â 154";"B01";"1";"7";"1";"0";"2";"14";"1";""
"202100031098";"146Â 152";"B01";"3";"50";"0";"2";"7";"16";"3";""
"202100031098";"146Â 153";"A01";"3";"7";"0";"2";"1";"1";"1";""
"202100031099";"146Â 151";"A01";"3";"7";"0";"1";"2";"1";"1";""
"202100031100";"146Â 150";"A01";"2";"7";"0";"1";"3";"1";"1";""
"202100031101";"146Â 149";"A01";"3";"1";"12";"0";"7";"16";"5";""