"Num_Acc";"id_vehicule";"num_veh";"senc";"catv";"obs";"obsm";"choc";"manv";"motor";"occutc"
"202100031102";"146Â 147";"A01";"3";"7";"0";"2";"3";"9";"1";""
"202100031102";"146Â 148";"B01";"3";"7";"0";"2";"2";"1";"1";""
"202100031103";"146Â 146";"A01";"2";"10";"0";"0";"0";"1";"1";""
"202100031104";"146Â 144";"B01";"1";"7";"0";"2";"8";"15";"1";""
"202100031104";"146Â 145";"A01";"1";"7";"0";"2";"1";"17";"1";""
"202100031105";"146Â 140";"A01";"1";"7";"0";"2";"1";"1";"1";""
"202100031105";"146Â 141";"B01";"2";"7";"0";"2";"4";"1";"1";""
"202100031105";"146Â 142";"C01";"2";"7";"0";"2";"4";"1";"1";""
"202100031105";"146Â 143";"D01";"2";"7";"0";"2";"3";"1";"1";""
"202100031106";"146Â 138";"B01";"1";"7";"0";"2";"4";"1";"1";""
"202100031106";"146Â 139";"A01";"1";"7";"0";"2";"1";"1";"1";""
"202100031107";"146Â 137";"A01";"1";"7";"0";"1";"1";"1";"1";""
"202100031108";"146Â 135";"B01";"2";"50";"0";"2";"0";"1";"3";""
"202100031108";"146Â 136";"A01";"2";"7";"0";"2";"0";"1";"0";""
"202100031109";"146Â 134";"A01";"2";"7";"1";"0";"1";"1";"1";""
"202100031110";"146Â 133";"A01";"1";"7";"0";"1";"3";"1";"1";""
"202100031111";"146Â 131";"A01";"1";"7";"14";"0";"1";"2";"1";""
"202100031111";"146Â 132";"B01";"1";"7";"0";"2";"4";"23";"1";""
"202100031112";"146Â 129";"A01";"1";"7";"0";"2";"2";"15";"1";""
"202100031112";"146Â 130";"B01";"2";"31";"0";"2";"1";"1";"1";""
"202100031113";"146Â 127";"A01";"1";"30";"0";"2";"8";"18";"1";""
"202100031113";"146Â 128";"B01";"1";"7";"0";"2";"2";"16";"1";""
"202100031114";"146Â 125";"A01";"2";"30";"0";"2";"1";"1";"1";""
"202100031114";"146Â 126";"B01";"2";"7";"0";"2";"3";"1";"1";""
"202100031115";"146Â 123";"B01";"2";"2";"0";"2";"1";"1";"1";""
"202100031115";"146Â 124";"A01";"1";"7";"0";"2";"3";"17";"1";""
"202100031116";"146Â 122";"A01";"2";"1";"0";"1";"1";"1";"5";""
"202100031117";"146Â 121";"A01";"1";"7";"2";"0";"1";"1";"1";""
"202100031118";"146Â 119";"B01";"1";"1";"0";"2";"3";"1";"5";""
"202100031118";"146Â 120";"A01";"2";"7";"0";"2";"2";"19";"1";""
"202100031119";"146Â 118";"A01";"3";"10";"0";"1";"5";"4";"1";""
"202100031120";"146Â 116";"A01";"1";"14";"0";"2";"7";"1";"1";""
"202100031120";"146Â 117";"B01";"1";"80";"0";"2";"8";"13";"3";""
"202100031121";"146Â 114";"B01";"1";"10";"0";"2";"3";"15";"1";""
"202100031121";"146Â 115";"A01";"1";"30";"0";"2";"1";"1";"1";""
"202100031122";"146Â 112";"B01";"0";"7";"0";"2";"2";"1";"1";""
"202100031122";"146Â 113";"A01";"0";"7";"0";"2";"3";"10";"1";""
"202100031123";"146Â 110";"B01";"1";"33";"0";"2";"1";"1";"1";""
"202100031123";"146Â 111";"A01";"2";"7";"0";"2";"5";"15";"1";""
"202100031124";"146Â 108";"A01";"2";"7";"0";"2";"3";"9";"1";""
"202100031124";"146Â 109";"B01";"1";"1";"0";"2";"2";"1";"5";""
"202100031125";"146Â 106";"B01";"1";"7";"0";"2";"4";"1";"1";""
"202100031125";"146Â 107";"A01";"1";"7";"0";"2";"1";"1";"1";""
"202100031126";"146Â 105";"Z01";"2";"7";"0";"1";"1";"1";"1";""
"202100031127";"146Â 103";"B01";"2";"7";"0";"2";"8";"1";"1";""
"202100031127";"146Â 104";"A01";"2";"7";"9";"2";"7";"17";"1";""
"202100031128";"146Â 101";"A01";"2";"7";"0";"2";"1";"19";"1";""
"202100031128";"146Â 102";"B01";"1";"7";"0";"2";"2";"1";"1";""
"202100031129";"146Â 099";"A01";"1";"7";"6";"2";"3";"21";"0";""
"202100031129";"146Â 100";"B01";"1";"7";"0";"2";"1";"19";"0";""
"202100031130";"146Â 097";"A01";"1";"7";"0";"2";"3";"15";"1";""
"202100031130";"146Â 098";"B01";"1";"33";"0";"2";"1";"1";"1";""
"202100031131";"146Â 095";"A01";"2";"7";"0";"2";"2";"1";"1";""
"202100031131";"146Â 096";"B01";"1";"7";"0";"2";"8";"1";"1";""
"202100031132";"146Â 094";"A01";"3";"7";"0";"1";"2";"1";"1";""
"202100031133";"146Â 092";"B01";"3";"50";"0";"9";"7";"19";"3";""
"202100031133";"146Â 093";"A01";"2";"7";"0";"2";"2";"1";"1";""
"202100031134";"146Â 088";"B01";"1";"7";"0";"2";"0";"0";"1";""
"202100031134";"146Â 089";"C01";"1";"7";"0";"2";"0";"0";"1";""
"202100031134";"146Â 090";"D01";"1";"7";"0";"2";"0";"0";"2";""
"202100031134";"146Â 091";"A01";"1";"7";"0";"2";"0";"0";"1";""
"202100031135";"146Â 087";"A01";"2";"7";"0";"1";"2";"26";"1";""
"202100031136";"146Â 084";"A01";"1";"7";"0";"2";"1";"1";"1";""
"202100031136";"146Â 085";"B01";"1";"7";"0";"2";"4";"1";"1";""
"202100031136";"146Â 086";"C01";"1";"7";"0";"2";"4";"1";"1";""
"202100031137";"146Â 083";"A01";"1";"7";"1";"0";"2";"14";"1";""
"202100031138";"146Â 081";"B01";"1";"80";"0";"2";"7";"1";"3";""
"202100031138";"146Â 082";"A01";"1";"7";"0";"2";"3";"1";"1";""
"202100031139";"146Â 079";"B01";"0";"7";"0";"2";"3";"1";"1";""
"202100031139";"146Â 080";"A01";"0";"7";"0";"2";"3";"13";"1";""
"202100031140";"146Â 077";"B01";"2";"7";"0";"0";"1";"1";"0";""
"202100031140";"146Â 078";"A01";"1";"7";"0";"0";"0";"1";"0";""
"202100031141";"146Â 075";"A01";"1";"7";"0";"2";"1";"1";"1";""
"202100031141";"146Â 076";"B01";"1";"50";"0";"2";"1";"19";"3";""
"202100031142";"146Â 073";"A01";"0";"37";"0";"2";"1";"19";"1";"1"
"202100031142";"146Â 074";"B01";"0";"10";"0";"2";"6";"19";"1";""
"202100031143";"146Â 067";"A01";"2";"7";"0";"2";"8";"19";"1";""
"202100031143";"146Â 068";"B01";"2";"1";"0";"2";"0";"0";"5";""
"202100031144";"146Â 065";"B01";"2";"7";"0";"2";"3";"1";"1";""
"202100031144";"146Â 066";"A01";"2";"7";"0";"2";"2";"11";"1";""
"202100031145";"146Â 063";"B01";"2";"7";"0";"2";"1";"2";"1";""
"202100031145";"146Â 064";"A01";"2";"7";"0";"2";"4";"2";"1";""
"202100031146";"146Â 061";"B01";"1";"2";"0";"2";"1";"1";"1";""
"202100031146";"146Â 062";"A01";"1";"7";"0";"2";"3";"1";"1";""
"202100031147";"146Â 059";"A01";"1";"7";"0";"2";"1";"1";"1";""
"202100031147";"146Â 060";"B01";"2";"7";"0";"2";"3";"1";"1";""
"202100031148";"146Â 058";"A01";"1";"7";"0";"1";"2";"25";"1";""
"202100031149";"146Â 056";"B01";"2";"2";"0";"2";"7";"16";"1";""
"202100031149";"146Â 057";"A01";"1";"7";"0";"2";"3";"9";"1";""
"202100031150";"146Â 053";"B01";"1";"2";"0";"2";"4";"23";"1";""
"202100031150";"146Â 054";"C01";"1";"7";"0";"0";"1";"1";"1";""
"202100031150";"146Â 055";"A01";"1";"10";"0";"2";"4";"23";"1";""
"202100031151";"146Â 051";"B01";"3";"50";"0";"2";"1";"2";"3";""
"202100031151";"146Â 052";"A01";"0";"10";"0";"2";"8";"9";"1";""
"202100031152";"146Â 049";"B01";"3";"1";"0";"2";"4";"9";"0";""
"202100031152";"146Â 050";"A01";"3";"7";"0";"2";"0";"0";"0";""
"202100031153";"146Â 046";"A01";"1";"7";"0";"2";"2";"2";"1";""
"202100031153";"146Â 047";"B01";"1";"7";"0";"2";"4";"2";"1";""
"202100031153";"146Â 048";"C01";"1";"7";"0";"2";"4";"2";"1";""
"202100031154";"146Â 045";"A01";"3";"7";"3";"0";"1";"0";"1";""
"202100031155";"146Â 043";"A01";"3";"10";"0";"2";"3";"15";"1";""
"202100031155";"146Â 044";"B01";"3";"7";"0";"2";"3";"1";"1";""
"202100031156";"146Â 041";"B01";"1";"15";"0";"2";"2";"2";"1";""
"202100031156";"146Â 042";"A01";"1";"7";"4";"2";"3";"9";"1";""
"202100031157";"146Â 039";"A01";"1";"99";"0";"0";"1";"26";"1";""
"202100031157";"146Â 040";"B01";"1";"7";"0";"2";"4";"26";"1";""
"202100031158";"146Â 038";"A01";"1";"7";"8";"0";"1";"26";"1";""
"202100031159";"146Â 037";"Z01";"0";"7";"0";"1";"0";"0";"0";""
"202100031160";"146Â 036";"A01";"0";"34";"8";"0";"1";"1";"1";""
"202100031161";"146Â 034";"A01";"1";"7";"0";"2";"2";"16";"1";""
"202100031161";"146Â 035";"B01";"1";"7";"0";"2";"3";"1";"1";""
"202100031162";"146Â 033";"A01";"2";"31";"12";"0";"0";"1";"1";""
"202100031163";"146Â 031";"B01";"1";"33";"0";"2";"8";"3";"1";""
"202100031163";"146Â 032";"A01";"1";"7";"0";"2";"7";"12";"2";""
"202100031164";"146Â 029";"A01";"0";"33";"0";"2";"6";"1";"1";""
"202100031164";"146Â 030";"B01";"0";"32";"0";"2";"7";"0";"1";""
"202100031165";"146Â 027";"A01";"0";"7";"0";"2";"1";"19";"1";""
"202100031165";"146Â 028";"B01";"0";"7";"9";"2";"3";"1";"1";""
"202100031166";"146Â 025";"A01";"2";"7";"0";"2";"2";"15";"1";""
"202100031166";"146Â 026";"B01";"1";"32";"0";"2";"0";"1";"1";""
"202100031167";"146Â 023";"B01";"3";"7";"0";"2";"3";"1";"1";""
"202100031167";"146Â 024";"A01";"3";"30";"0";"2";"1";"14";"1";""
"202100031168";"146Â 021";"A01";"1";"7";"0";"2";"7";"20";"1";""
"202100031168";"146Â 022";"B01";"1";"7";"0";"2";"5";"1";"1";""
"202100031169";"146Â 019";"B01";"3";"33";"0";"2";"2";"11";"1";""
"202100031169";"146Â 020";"A01";"3";"7";"0";"2";"6";"11";"1";""
"202100031170";"146Â 017";"B01";"3";"1";"0";"2";"4";"9";"0";""
"202100031170";"146Â 018";"A01";"2";"7";"0";"2";"2";"1";"1";""
"202100031171";"146Â 015";"B01";"1";"7";"6";"0";"3";"21";"1";""
"202100031171";"146Â 016";"A01";"2";"7";"0";"0";"0";"19";"1";""
"202100031172";"146Â 013";"A01";"2";"7";"0";"2";"1";"19";"1";""
"202100031172";"146Â 014";"B01";"2";"7";"0";"2";"2";"1";"1";""
"202100031173";"146Â 011";"B01";"2";"7";"0";"2";"4";"0";"1";""
"202100031173";"146Â 012";"A01";"2";"7";"0";"2";"1";"26";"1";""
"202100031174";"146Â 009";"A01";"3";"7";"0";"2";"1";"19";"1";""
"202100031174";"146Â 010";"B01";"3";"7";"0";"2";"6";"1";"1";""
"202100031175";"146Â 008";"A01";"1";"32";"8";"0";"1";"18";"1";""
"202100031176";"146Â 006";"A01";"1";"30";"0";"2";"1";"26";"6";""
"202100031176";"146Â 007";"B01";"1";"7";"0";"2";"8";"15";"0";""
"202100031177";"146Â 005";"A01";"2";"7";"0";"0";"1";"14";"1";""
"202100031178";"146Â 003";"A01";"2";"7";"0";"2";"8";"11";"1";""
"202100031178";"146Â 004";"B01";"2";"33";"0";"2";"1";"17";"1";""
"202100031179";"146Â 002";"A01";"1";"7";"0";"1";"1";"1";"1";""
"202100031180";"146Â 001";"A01";"2";"7";"1";"0";"2";"26";"3";""
"202100031181";"146Â 000";"A01";"2";"7";"0";"1";"1";"16";"1";""
"202100031182";"145Â 998";"B01";"1";"2";"0";"2";"1";"17";"1";""
"202100031182";"145Â 999";"A01";"1";"7";"0";"2";"3";"15";"1";""
"202100031183";"145Â 996";"A01";"1";"7";"0";"2";"2";"15";"1";""
"202100031183";"145Â 997";"B01";"2";"7";"0";"2";"1";"1";"1";""
"202100031184";"145Â 994";"B01";"1";"7";"0";"2";"7";"1";"1";""
"202100031184";"145Â 995";"A01";"3";"7";"0";"2";"1";"9";"1";""
"202100031185";"145Â 992";"A01";"3";"7";"0";"2";"2";"15";"0";""
"202100031185";"145Â 993";"B01";"3";"1";"0";"2";"3";"9";"0";""
"202100031186";"145Â 990";"B01";"2";"2";"0";"2";"1";"17";"1";""
"202100031186";"145Â 991";"A01";"2";"7";"0";"2";"3";"15";"1";""
"202100031187";"145Â 988";"A01";"0";"3";"0";"2";"1";"9";"1";""
"202100031187";"145Â 989";"B01";"0";"7";"8";"2";"3";"1";"1";""
"202100031188";"145Â 986";"A01";"1";"10";"0";"2";"8";"11";"0";""
"202100031188";"145Â 987";"B01";"1";"33";"0";"2";"8";"1";"1";""
"202100031189";"145Â 985";"A01";"2";"33";"0";"0";"8";"1";"1";""
"202100031190";"145Â 983";"A01";"1";"7";"0";"2";"8";"13";"1";""
"202100031190";"145Â 984";"B01";"1";"33";"0";"2";"1";"17";"1";""
"202100031191";"145Â 982";"A01";"1";"7";"0";"1";"0";"1";"0";""
"202100031192";"145Â 981";"A01";"2";"1";"0";"1";"7";"1";"5";""
"202100031193";"145Â 980";"A01";"1";"1";"1";"0";"0";"21";"5";""
"202100031194";"145Â 978";"A01";"1";"50";"0";"2";"0";"16";"3";""
"202100031194";"145Â 979";"Z01";"1";"31";"0";"2";"0";"1";"0";""
"202100031195";"145Â 976";"A01";"1";"30";"0";"2";"8";"13";"3";""
"202100031195";"145Â 977";"B01";"1";"7";"0";"2";"7";"17";"1";""
"202100031196";"145Â 974";"A01";"2";"7";"0";"2";"1";"2";"1";""
"202100031196";"145Â 975";"B01";"2";"32";"0";"2";"4";"23";"1";""
"202100031197";"145Â 973";"A01";"2";"7";"0";"1";"5";"4";"1";""
"202100031198";"145Â 971";"A01";"2";"7";"0";"2";"1";"1";"1";""
"202100031198";"145Â 972";"B01";"2";"1";"0";"2";"1";"9";"5";""
"202100031199";"145Â 970";"A01";"3";"30";"14";"0";"0";"21";"1";""
"202100031200";"145Â 969";"A01";"2";"50";"0";"1";"1";"1";"3";""
"202100031201";"145Â 968";"Z01";"2";"7";"0";"1";"0";"1";"0";""
"202100031202";"145Â 966";"B01";"2";"7";"0";"2";"1";"15";"1";""
"202100031202";"145Â 967";"A01";"1";"2";"0";"2";"1";"3";"1";""
"202100031203";"145Â 964";"A01";"1";"32";"0";"2";"0";"17";"0";""
"202100031203";"145Â 965";"B01";"2";"14";"0";"2";"7";"12";"1";""
"202100031204";"145Â 962";"A01";"2";"7";"0";"2";"6";"15";"1";""
"202100031204";"145Â 963";"B01";"2";"33";"0";"2";"2";"17";"1";""
"202100031205";"145Â 960";"B01";"3";"37";"0";"2";"1";"1";"1";"2"
"202100031205";"145Â 961";"A01";"3";"7";"0";"2";"6";"10";"1";""
"202100031206";"145Â 958";"A01";"1";"7";"0";"2";"1";"2";"1";""
"202100031206";"145Â 959";"B01";"1";"7";"0";"2";"6";"10";"1";""
"202100031207";"145Â 956";"A01";"1";"7";"0";"2";"1";"23";"1";""
"202100031207";"145Â 957";"B01";"2";"43";"14";"0";"1";"1";"1";""
"202100031208";"145Â 955";"A01";"1";"7";" -1";"0";"8";"1";"1";""
"202100031209";"145Â 953";"B01";"3";"7";"0";"2";"8";"1";"1";""
"202100031209";"145Â 954";"A01";"3";"7";"0";"2";"3";"15";"1";""
"202100031210";"145Â 951";"B01";"0";"32";"0";"2";"2";"26";"1";""
"202100031210";"145Â 952";"A01";"0";"7";"0";"2";"3";"26";"1";""
"202100031211";"145Â 949";"B01";"2";"2";"0";"2";"1";"2";"1";""
"202100031211";"145Â 950";"A01";"2";"7";"0";"2";"4";"2";"1";""
"202100031212";"145Â 948";"A01";"1";"7";"8";"0";"1";"2";"1";""
"202100031213";"145Â 947";"A01";"3";"7";"0";"1";"3";"26";"6";""
"202100031214";"145Â 945";"B01";"2";"1";"0";"2";"3";"0";"0";""
"202100031214";"145Â 946";"A01";"2";"7";"0";"2";"3";"23";"0";""
"202100031215";"145Â 944";"A01";"3";"7";"1";"1";"2";"0";"0";""
"202100031216";"145Â 942";"B01";"3";"50";"0";"2";"1";"5";"3";""
"202100031216";"145Â 943";"A01";"3";"7";"0";"2";"1";"9";"2";""
"202100031217";"145Â 940";"A01";"1";"33";"0";"2";"1";"26";"1";""
"202100031217";"145Â 941";"B01";"1";"34";"0";"2";"1";"0";"1";""
"202100031218";"145Â 939";"A01";"0";"33";"0";"0";"0";"0";"1";""
"202100031219";"145Â 937";"B01";"1";"32";"0";"2";"6";"1";"1";""
"202100031219";"145Â 938";"A01";"2";"10";"0";"2";"3";"15";"1";""
"202100031220";"145Â 936";"A01";"1";"7";"1";"0";"2";"14";"1";""
"202100031221";"145Â 934";"A01";"1";"10";"0";"2";"2";"12";"1";""
"202100031221";"145Â 935";"B01";"1";"32";"0";"2";"3";"1";"1";""
"202100031222";"145Â 932";"A01";"2";"31";"0";"0";"5";"15";"1";""
"202100031222";"145Â 933";"B01";"2";"33";"0";"2";"1";"2";"1";""
"202100031223";"145Â 931";"A01";"1";"33";"0";"0";"2";"1";"1";""
"202100031224";"145Â 929";"B01";"1";"7";"0";"2";"1";"1";"1";""
"202100031224";"145Â 930";"A01";"2";"7";"0";"2";"1";"13";"1";""
"202100031225";"145Â 926";"A01";"0";"7";"0";"0";"0";"26";"1";""
"202100031226";"145Â 924";"B01";"2";"7";"0";"0";"1";"1";"1";""
"202100031226";"145Â 925";"A01";"2";"7";"0";"2";"1";"13";"1";""
"202100031227";"145Â 922";"B01";"2";"7";"0";"2";"7";"17";"1";""
"202100031227";"145Â 923";"A01";"2";"33";"0";"2";"8";"17";"1";""
"202100031228";"145Â 920";"A01";"2";"7";"0";"2";"1";"17";"1";""
"202100031228";"145Â 921";"B01";"1";"33";"0";"2";"1";"1";"1";""
"202100031229";"145Â 919";"A01";"1";"7";"6";"0";"1";"1";"1";""
"202100031230";"145Â 918";"A01";"0";"33";"0";"0";"7";"1";"1";""
"202100031231";"145Â 916";"A01";"0";"7";"0";"2";"7";"12";"1";""
"202100031231";"145Â 917";"B01";"3";"33";"0";"2";"3";"1";"1";""
"202100031232";"145Â 914";"A01";"2";"7";"0";"2";"2";"1";"1";""
"202100031232";"145Â 915";"B01";"1";"7";"0";"2";"2";"13";"1";""
"202100031233";"145Â 913";"A01";"2";"7";"8";"0";"1";"1";"1";""
"202100031234";"145Â 912";"A01";"1";"33";"13";"0";"1";"1";"1";""
"202100031235";"145Â 909";"A01";"0";"3";"15";"0";"1";"0";"1";""
"202100031236";"145Â 907";"A01";"1";"7";"0";"2";"7";"13";"1";""
"202100031236";"145Â 908";"B01";"2";"7";"0";"2";"1";"1";"1";""
"202100031237";"145Â 906";"A01";"1";"7";"0";"1";"3";"1";"1";""
"202100031238";"145Â 903";"C01";"2";"7";"0";"2";"2";"1";"1";""
"202100031238";"145Â 904";"A01";"1";"7";"0";"2";"1";"19";"1";""
"202100031238";"145Â 905";"B01";"2";"7";"0";"2";"1";"1";"2";""
"202100031239";"145Â 902";"A01";"2";"7";"2";"0";"8";"1";"1";""
"202100031240";"145Â 900";"A01";"2";"7";"3";"9";"1";"26";"1";""
"202100031240";"145Â 901";"B01";"1";"1";"0";"2";"1";"1";"5";""
"202100031241";"145Â 898";"A01";"2";"7";"0";"2";"3";"11";"1";""
"202100031241";"145Â 899";"B01";"1";"7";"0";"2";"3";"1";"1";""
"202100031242";"145Â 897";"A01";"3";"2";"0";"0";"7";"1";"1";""
"202100031243";"145Â 896";"A01";"2";"30";"1";"0";"0";"1";"1";""
"202100031244";"145Â 894";"A01";"2";"33";"0";"2";"1";"17";"1";""
"202100031244";"145Â 895";"B01";"1";"7";"0";"2";"1";"1";"1";""
"202100031245";"145Â 893";"A01";"1";"33";"7";"0";"1";"1";"1";""
"202100031246";"145Â 892";"A01";"0";"33";"6";"0";"7";"1";"1";""
"202100031247";"145Â 890";"A01";"1";"7";"0";"2";"2";"15";"1";""
"202100031247";"145Â 891";"B01";"1";"2";"0";"2";"8";"16";"1";""
"202100031248";"145Â 887";"B01";"2";"7";"0";"2";"4";"15";"1";""
"202100031248";"145Â 888";"A01";"2";"31";"0";"2";"1";"2";"1";""
"202100031249";"145Â 886";"A01";"1";"33";"13";"0";"0";"14";"1";""
"202100031250";"145Â 885";"A01";"1";"33";"0";"0";"0";"1";"1";""
"202100031251";"145Â 883";"A01";"2";"7";"0";"2";"3";"17";"1";""
"202100031251";"145Â 884";"B01";"1";"33";"0";"2";"2";"1";"1";""
"202100031252";"145Â 882";"A01";"1";"2";"0";"0";"8";"9";"1";""
"202100031253";"145Â 881";"A01";"2";"33";"15";"0";"1";"1";"1";""
"202100031254";"145Â 879";"A01";"2";"1";"0";"2";"4";"0";"5";""
"202100031254";"145Â 880";"B01";"1";"7";"0";"2";"2";"2";"1";""
"202100031255";"145Â 877";"A01";"2";"7";"0";"2";"1";"2";"1";""
"202100031255";"145Â 878";"B01";"1";"10";"0";"2";"1";"13";"1";""
"202100031256";"145Â 875";"A01";"2";"7";"0";"2";"2";"2";"1";""
"202100031256";"145Â 876";"B01";"2";"17";"0";"0";"6";"2";"1";""
"202100031257";"145Â 872";"A01";"2";"7";"3";"2";"3";"2";"1";""
"202100031257";"145Â 873";"B01";"2";"7";"0";"2";"4";"1";"1";""
"202100031257";"145Â 874";"C01";"1";"7";"16";"2";"2";"1";"1";""
"202100031258";"145Â 870";"A01";"2";"7";"0";"2";"1";"1";"1";""
"202100031258";"145Â 871";"B01";"1";"10";"0";"2";"1";"5";"1";""
"202100031259";"145Â 868";"B01";"1";"17";"0";"2";"4";"2";"1";""
"202100031259";"145Â 869";"A01";"1";"7";"0";"2";"1";"1";"1";""
"202100031260";"145Â 867";"A01";"2";"7";"17";"0";"1";"1";"1";""
"202100031261";"145Â 865";"A01";"1";"3";"0";"2";"1";"1";"1";""
"202100031261";"145Â 866";"B01";"2";"7";"0";"2";"1";"1";"1";""
"202100031262";"145Â 863";"A01";"3";"10";"0";"0";"6";"2";"1";""
"202100031262";"145Â 864";"B01";"3";"2";"0";"2";"1";"26";"1";""
"202100031263";"145Â 861";"B01";"1";"7";"0";"2";"1";"1";"1";""
"202100031263";"145Â 862";"A01";"1";"7";"0";"2";"3";"1";"1";""
"202100031264";"145Â 858";"C01";"2";"7";"0";"2";"6";"15";"1";""
"202100031264";"145Â 859";"A01";"1";"7";"0";"2";"3";"16";"1";""
"202100031264";"145Â 860";"B01";"1";"7";"0";"2";"1";"1";"1";""
"202100031265";"145Â 855";"C01";"2";"7";"0";"2";"1";"1";"1";""
"202100031265";"145Â 856";"B01";"2";"7";"0";"2";"1";"1";"1";""
"202100031265";"145Â 857";"A01";"1";"7";"0";"2";"1";"13";"1";""
"202100031266";"145Â 853";"A01";"1";"33";"0";"2";"8";"1";"1";""
"202100031266";"145Â 854";"B01";"2";"7";"0";"2";"8";"1";"2";""
"202100031267";"145Â 852";"A01";"1";"7";"0";"1";"3";"19";"1";""
"202100031268";"145Â 850";"B01";"2";"7";"0";"2";"1";"1";"1";""
"202100031268";"145Â 851";"A01";"1";"7";"0";"2";"1";"1";"1";""
"202100031269";"145Â 848";"A01";"1";"7";"0";"2";"3";"10";"1";""
"202100031269";"145Â 849";"B01";"2";"32";"0";"2";"1";"1";"1";""
"202100031270";"145Â 846";"A01";"2";"7";"0";"2";"2";"19";"1";""
"202100031270";"145Â 847";"B01";"2";"33";"0";"2";"1";"1";"1";""
"202100031271";"145Â 845";"A01";"3";"7";"13";"0";"8";"1";"1";""
"202100031272";"145Â 844";"A01";"3";"1";"0";"0";"9";"1";"5";""
"202100031273";"145Â 842";"A01";"1";"7";"0";"2";"7";"13";"1";""
"202100031273";"145Â 843";"B01";"2";"7";"0";"2";"1";"1";"1";""
"202100031274";"145Â 840";"A01";"0";"7";"0";"2";"5";"15";"1";""
"202100031274";"145Â 841";"B01";"3";"33";"0";"2";"1";"1";"1";""
"202100031275";"145Â 838";"B01";"2";"2";"0";"2";"1";"1";"1";""
"202100031275";"145Â 839";"A01";"2";"2";"0";"0";"4";"15";"1";""
"202100031276";"145Â 837";"A01";"2";"2";"0";"6";"0";"0";"1";""
"202100031277";"145Â 836";"A01";"2";"7";"0";"1";"3";"1";"1";""
"202100031278";"145Â 834";"A01";"3";"33";"0";"0";"8";"26";"1";""
"202100031278";"145Â 835";"B01";"3";"1";"0";"0";"1";"0";"5";""
"202100031279";"145Â 833";"A01";"1";"7";"13";"0";"0";"2";"1";""
"202100031280";"145Â 830";"A01";"1";"7";"4";"0";"8";"21";"1";""
"202100031280";"145Â 831";"B01";"1";"7";"0";"0";"4";"2";"1";""
"202100031280";"145Â 832";"C01";"1";"7";"0";"0";"1";"2";"1";""
"202100031281";"145Â 826";"A01";"2";"10";"0";"2";"1";"2";"1";""
"202100031281";"145Â 827";"B01";"2";"7";"0";"2";"4";"2";"1";""
"202100031281";"145Â 828";"C01";"2";"7";"0";"2";"4";"2";"1";""
"202100031281";"145Â 829";"D01";"2";"7";"0";"2";"4";"2";"1";""
"202100031282";"145Â 822";"A01";"1";"7";"0";"2";"1";"2";"1";""
"202100031282";"145Â 823";"B01";"1";"7";"0";"2";"4";"2";"1";""
"202100031282";"145Â 824";"C01";"1";"7";"0";"2";"4";"2";"0";""
"202100031282";"145Â 825";"D01";"1";"7";"0";"2";"4";"2";"0";""
"202100031283";"145Â 820";"A01";"2";"32";"0";"2";"2";"3";"1";""
"202100031283";"145Â 821";"B01";"2";"7";"0";"2";"6";"11";"0";""
"202100031284";"145Â 818";"A01";"2";"7";"0";"2";"1";"17";"1";""
"202100031284";"145Â 819";"B01";"2";"7";"0";"2";"4";"2";"1";""
"202100031285";"145Â 816";"A01";"2";"32";"0";"2";"2";"2";"1";""
"202100031285";"145Â 817";"B01";"2";"7";"0";"2";"3";"2";"1";""
"202100031286";"145Â 815";"A01";"2";"7";"3";"0";"1";"1";"1";""
"202100031287";"145Â 814";"A01";"2";"31";"0";"0";"9";"1";"1";""
"202100031288";"145Â 812";"B01";"1";"7";"0";"2";"4";"2";"1";""
"202100031288";"145Â 813";"A01";"1";"33";"0";"2";"1";"1";"1";""
"202100031289";"145Â 809";"B01";"2";"7";"0";"2";"7";"2";"1";""
"202100031289";"145Â 810";"C01";"2";"7";"0";"2";"6";"2";"1";""
"202100031289";"145Â 811";"A01";"2";"33";"0";"2";"8";"3";"1";""
"202100031290";"145Â 807";"B01";"1";"7";"0";"2";"2";"14";"1";""
"202100031290";"145Â 808";"A01";"1";"32";"0";"2";"1";"18";"1";""
"202100031291";"145Â 805";"A01";"1";"32";"0";"2";"4";"2";"1";""
"202100031291";"145Â 806";"Z01";"1";"32";"0";"2";"1";"2";"0";""
"202100031292";"145Â 803";"A01";"1";"1";"0";"2";"7";"1";"5";""
"202100031292";"145Â 804";"B01";"2";"1";"0";"2";"1";"16";"5";""
"202100031293";"145Â 801";"B01";"2";"50";"0";"2";"1";"1";"3";""
"202100031293";"145Â 802";"A01";"2";"7";"0";"2";"3";"15";"1";""
"202100031294";"145Â 800";"A01";"1";"7";"0";"1";"1";"1";"1";""
"202100031295";"145Â 799";"A01";"1";"7";"0";"1";"1";"1";"1";""
"202100031296";"145Â 797";"B01";"3";"30";"0";"2";"1";"1";"1";""
"202100031296";"145Â 798";"A01";"3";"10";"0";"2";"7";"1";"1";""
"202100031297";"145Â 796";"A01";"3";"50";"14";"0";"0";"1";"3";""
"202100031298";"145Â 794";"A01";"1";"43";"0";"2";"5";"17";"1";""
"202100031298";"145Â 795";"B01";"1";"14";"0";"2";"3";"1";"1";""
"202100031299";"145Â 792";"B01";"2";"1";"0";"2";"1";"1";"5";""