"Num_Acc";"id_vehicule";"num_veh";"senc";"catv";"obs";"obsm";"choc";"manv";"motor";"occutc"
"202100031299";"145Â 793";"A01";"2";"7";"0";"2";"3";"15";"1";""
"202100031300";"145Â 791";"A01";"1";"34";"14";"0";"1";"14";"1";""
"202100031301";"145Â 790";"A01";"2";"30";"8";"0";"1";"16";"3";""
"202100031302";"145Â 788";"Z01";"1";"30";"0";"2";"0";"14";"1";""
"202100031302";"145Â 789";"A01";"1";"32";"0";"2";"8";"1";"1";""
"202100031303";"145Â 787";"A01";"1";"1";"0";"1";"1";"1";"5";""
"202100031304";"145Â 785";"B01";"1";"7";"0";"2";"1";"16";"1";""
"202100031304";"145Â 786";"A01";"1";"43";"0";"2";"1";"1";"1";""
"202100031305";"145Â 783";"A01";"2";"7";"0";"2";"1";"2";"1";""
"202100031305";"145Â 784";"B01";"2";"32";"0";"2";"4";"23";"1";""
"202100031306";"145Â 781";"A01";"1";"7";"0";"2";"1";"16";"1";""
"202100031306";"145Â 782";"B01";"1";"50";"0";"2";"7";"19";"3";""
"202100031307";"145Â 779";"A01";"2";"1";"0";"2";"2";"13";"5";""
"202100031307";"145Â 780";"B01";"1";"50";"0";"2";"3";"1";"3";""
"202100031308";"145Â 777";"B01";"2";"32";"0";"2";"2";"1";"1";""
"202100031308";"145Â 778";"A01";"2";"7";"0";"2";"3";"15";"1";""
"202100031309";"145Â 775";"B01";"1";"7";"0";"2";"5";"26";"1";""
"202100031309";"145Â 776";"A01";"1";"7";"0";"2";"1";"0";"1";""
"202100031310";"145Â 773";"A01";"2";"10";"0";"2";"1";"1";"1";""
"202100031310";"145Â 774";"B01";"2";"7";"0";"2";"7";"15";"1";""
"202100031311";"145Â 771";"A01";"2";"33";"0";"2";"1";"18";"1";""
"202100031311";"145Â 772";"B01";"2";"7";"0";"2";"2";"16";"1";""
"202100031312";"145Â 769";"B01";"1";"31";"0";"2";"1";"2";"1";""
"202100031312";"145Â 770";"A01";"1";"7";"0";"2";"3";"10";"1";""
"202100031313";"145Â 767";"B01";"3";"7";"0";"2";"3";"1";"1";""
"202100031313";"145Â 768";"A01";"3";"7";"0";"2";"2";"1";"1";""
"202100031314";"145Â 766";"A01";"1";"30";"0";"1";"1";"2";"1";""
"202100031315";"145Â 763";"A01";"1";"7";"0";"2";"6";"9";"1";""
"202100031315";"145Â 764";"C01";"2";"7";"0";"2";"7";"1";"1";""
"202100031315";"145Â 765";"B01";"2";"43";"0";"2";"1";"1";"1";""
"202100031316";"145Â 761";"A01";"2";"7";"0";"2";"1";"26";"1";""
"202100031316";"145Â 762";"B01";"2";"13";"0";"2";"0";"0";"1";""
"202100031317";"145Â 759";"Z01";"1";"7";"0";"2";"1";"10";"1";""
"202100031317";"145Â 760";"B01";"1";"43";"3";"2";"3";"1";"1";""
"202100031318";"145Â 758";"A01";"2";"7";"0";"1";"1";"17";"1";""
"202100031319";"145Â 757";"A01";"3";"30";"0";"1";"3";"26";"1";""
"202100031320";"145Â 756";"A01";"3";"33";"0";"2";"1";"25";"1";""
"202100031321";"145Â 754";"B01";"3";"30";"0";"2";"8";"11";"1";""
"202100031321";"145Â 755";"A01";"3";"37";"0";"2";"2";"1";"1";"3"
"202100031322";"145Â 753";"A01";"2";"10";"3";"0";"1";"1";"1";""
"202100031323";"145Â 751";"A01";"1";"33";"0";"2";"1";"16";"1";""
"202100031323";"145Â 752";"B01";"1";"10";"0";"2";"5";"15";"1";""
"202100031324";"145Â 749";"A01";"0";"2";"0";"2";"1";"9";"1";""
"202100031324";"145Â 750";"B01";"3";"7";"0";"2";"3";"1";"1";""
"202100031325";"145Â 747";"A01";"1";"33";"0";"2";"4";"23";"1";""
"202100031325";"145Â 748";"B01";"1";"7";"0";"2";"1";"1";"1";""
"202100031326";"145Â 745";"A01";"2";"7";"0";"2";"8";"11";"1";""
"202100031326";"145Â 746";"B01";"2";"33";"0";"2";"7";"2";"1";""
"202100031327";"145Â 744";"A01";"3";"10";"0";"1";"3";"15";"1";""
"202100031328";"145Â 742";"B01";"1";"2";"0";"2";"4";"1";"3";""
"202100031328";"145Â 743";"A01";"1";"7";"0";"2";"1";"2";"1";""
"202100031329";"145Â 740";"B01";"2";"30";"0";"2";"2";"3";"1";""
"202100031329";"145Â 741";"A01";"2";"7";"0";"2";"6";"1";"1";""
"202100031330";"145Â 738";"A01";"2";"15";"0";"2";"2";"12";"1";""
"202100031330";"145Â 739";"B01";"2";"1";"0";"2";"1";"1";"0";""
"202100031331";"145Â 736";"B01";"3";"37";"0";"2";"6";"23";"1";"1"
"202100031331";"145Â 737";"A01";"3";"33";"1";"1";"3";"17";"1";""
"202100031332";"145Â 734";"A01";"2";"30";"0";"2";"8";"1";"1";""
"202100031332";"145Â 735";"B01";"2";"32";"0";"2";"7";"16";"1";""
"202100031333";"145Â 732";"A01";"2";"10";"0";"2";"3";"22";"1";""
"202100031333";"145Â 733";"B01";"2";"1";"1";"0";"2";"1";"5";""
"202100031334";"145Â 731";"A01";"1";"31";"0";"0";"8";"21";"1";""
"202100031335";"145Â 729";"B01";"1";"31";"0";"2";"8";"1";"1";""
"202100031335";"145Â 730";"A01";"1";"7";"0";"2";"0";"15";"1";""
"202100031336";"145Â 728";"A01";"1";"7";"13";"0";"0";"1";"1";""
"202100031337";"145Â 726";"A01";"2";"7";"0";"2";"3";"13";"1";""
"202100031337";"145Â 727";"B01";"1";"7";"0";"2";"3";"1";"1";""
"202100031338";"145Â 724";"B01";"1";"7";"0";"2";"2";"15";"1";""
"202100031338";"145Â 725";"A01";"1";"33";"0";"2";"1";"1";"1";""
"202100031339";"145Â 723";"A01";"1";"7";"8";"0";"7";"0";"1";""
"202100031340";"145Â 722";"A01";"1";"33";"0";"0";"8";"15";"1";""
"202100031341";"145Â 721";"A01";"2";"7";"4";"0";"0";"17";"1";""
"202100031342";"145Â 719";"A01";"1";"7";"0";"2";"2";"13";"1";""
"202100031342";"145Â 720";"B01";"2";"10";"0";"2";"1";"1";"1";""
"202100031343";"145Â 717";"A01";"2";"15";"0";"2";"1";"1";"6";""
"202100031343";"145Â 718";"C01";"2";"17";"3";"0";"3";"0";"6";""
"202100031344";"145Â 715";"A01";"3";"2";"0";"2";"1";"13";"1";""
"202100031344";"145Â 716";"B01";"0";"7";"0";"2";"3";"1";"1";""
"202100031345";"145Â 714";"A01";"1";"10";"2";"0";"1";"13";"4";""
"202100031346";"145Â 713";"A01";"1";"7";"13";"0";"3";"13";"1";""
"202100031347";"145Â 710";"A01";"1";"7";"0";"2";"1";"1";"1";""
"202100031347";"145Â 711";"B01";"1";"7";"0";"2";"4";"23";"1";""
"202100031347";"145Â 712";"C01";"2";"7";"0";"2";"3";"1";"1";""
"202100031348";"145Â 709";"A01";"1";"33";"15";"0";"1";"1";"1";""
"202100031349";"145Â 707";"B01";"1";"7";"0";"0";"6";"2";"1";""
"202100031349";"145Â 708";"A01";"1";"33";"0";"2";"1";"2";"1";""
"202100031350";"145Â 705";"B01";"1";"7";"0";"2";"1";"17";"1";""
"202100031350";"145Â 706";"A01";"2";"33";"0";"2";"1";"1";"1";""
"202100031351";"145Â 704";"A01";"3";"7";"8";"0";"3";"13";"1";""
"202100031352";"145Â 702";"B01";"1";"7";"0";"2";"1";"1";"1";""
"202100031352";"145Â 703";"A01";"2";"7";"0";"2";"7";"13";"1";""
"202100031353";"145Â 699";"B01";"3";"7";"0";"2";"1";"0";"1";""
"202100031353";"145Â 700";"G01";"3";"7";"0";"2";"6";"0";" -1";""
"202100031353";"145Â 701";"A01";"3";"33";"0";"2";"1";"17";"1";""
"202100031354";"145Â 698";"A01";"1";"7";"15";"0";"1";"13";"1";""
"202100031355";"145Â 697";"A01";"3";"1";"0";"0";"0";"1";"5";""
"202100031356";"145Â 696";"A01";"1";"7";"13";"0";"1";"16";"1";""
"202100031357";"145Â 695";"A01";"3";"1";"0";"0";"0";"0";"5";""
"202100031358";"145Â 693";"B01";"2";"7";"0";"2";"8";"1";"1";""
"202100031358";"145Â 694";"A01";"2";"10";"0";"2";"3";"16";"1";""
"202100031359";"145Â 692";"A01";"2";"7";"2";"0";"2";"1";"1";""
"202100031360";"145Â 690";"A01";"2";"7";"0";"2";"2";"17";"1";""
"202100031360";"145Â 691";"B01";"2";"21";"0";"2";"3";"15";"1";""
"202100031361";"145Â 689";"A01";"2";"7";"13";"0";"1";"1";"1";""
"202100031362";"145Â 688";"A01";"0";"2";"0";"0";"0";"1";"1";""
"202100031363";"145Â 687";"A01";"1";"7";"15";"0";"8";"1";"1";""
"202100031364";"145Â 685";"A01";"1";"7";"0";"2";"1";"15";"1";""
"202100031364";"145Â 686";"B01";"2";"7";"0";"2";"1";"1";"1";""
"202100031365";"145Â 684";"A01";"2";"7";"13";"0";"9";"13";"1";""
"202100031366";"145Â 682";"A01";"1";"7";"0";"2";"3";"10";"1";""
"202100031366";"145Â 683";"B01";"1";"33";"0";"2";"1";"1";"1";""
"202100031367";"145Â 680";"B01";"1";"1";"0";"2";"3";"2";"5";""
"202100031367";"145Â 681";"A01";"1";"7";"0";"2";"2";"2";"0";""
"202100031368";"145Â 676";"B01";"2";"7";"0";"2";"3";"1";"1";""
"202100031368";"145Â 677";"A01";"1";"7";"0";"2";"3";"13";"1";""
"202100031369";"145Â 675";"A01";"1";"7";"0";"1";"7";"1";"1";""
"202100031370";"145Â 673";"B01";"2";"17";"0";"2";"6";"1";"1";""
"202100031370";"145Â 674";"A01";"2";"33";"0";"2";"2";"17";"1";""
"202100031371";"145Â 672";"A01";"1";"33";"0";"1";"2";"21";"1";""
"202100031372";"145Â 670";"A01";"1";"7";"0";"2";"7";"19";"1";""
"202100031372";"145Â 671";"B01";"1";"21";"0";"2";"2";"1";"1";""
"202100031373";"145Â 668";"B01";"2";"7";"0";"2";"1";"0";"0";""
"202100031373";"145Â 669";"A01";"2";"2";"0";"0";"4";"1";"1";""
"202100031374";"145Â 666";"B01";"2";"7";"0";"2";"6";"1";"1";""
"202100031374";"145Â 667";"A01";"2";"7";"0";"2";"2";"17";"1";""
"202100031375";"145Â 665";"A01";"0";"7";"8";"0";"7";"1";"0";""
"202100031376";"145Â 664";"A01";"2";"33";"0";"0";"0";"1";"1";""
"202100031377";"145Â 663";"A01";"2";"10";"0";"0";"9";"13";"1";""
"202100031378";"145Â 661";"A01";"2";"7";"0";"2";"2";"17";"1";""
"202100031378";"145Â 662";"B01";"2";"2";"0";"2";"3";"15";"1";""
"202100031379";"145Â 659";"A01";"1";"2";"0";"2";"5";"15";"1";""
"202100031379";"145Â 660";"B01";"2";"7";"0";"2";"2";"1";"1";""
"202100031380";"145Â 658";"A01";"2";"7";"13";"0";"0";"1";"1";""
"202100031381";"145Â 656";"A01";"2";"7";"0";"2";"5";"17";"3";""
"202100031381";"145Â 657";"B01";"2";"33";"13";"2";"8";"17";"1";""
"202100031382";"145Â 655";"A01";"3";"7";"2";"0";"1";"1";"1";""
"202100031383";"145Â 654";"A01";"1";"7";"0";"1";"5";"19";"1";""
"202100031384";"145Â 653";"A01";"2";"7";"0";"1";"2";"1";"2";""
"202100031385";"145Â 651";"B01";"0";"7";"0";"0";"2";"20";"1";""
"202100031385";"145Â 652";"A01";"0";"30";"0";"2";"1";"18";"1";""
"202100031386";"145Â 649";"A01";"1";"7";"0";"2";"1";"19";"1";""
"202100031386";"145Â 650";"B01";"2";"7";"0";"0";"7";"1";"1";""
"202100031387";"145Â 648";"A01";"1";"33";"0";"0";"1";"1";"1";""
"202100031388";"145Â 646";"B01";"1";"1";"0";"2";"4";"2";"5";""
"202100031388";"145Â 647";"A01";"1";"7";"0";"9";"1";"2";"1";""
"202100031389";"145Â 644";"B01";"1";"33";"0";"2";"2";"1";"1";""
"202100031389";"145Â 645";"A01";"3";"7";"0";"2";"3";"9";"1";""
"202100031390";"145Â 643";"A01";"1";"7";"17";"0";"1";"1";"1";""
"202100031391";"145Â 641";"A01";"3";"7";"0";"9";"5";"1";"1";""
"202100031391";"145Â 642";"B01";"3";"1";"0";"2";"1";"1";"5";""
"202100031392";"145Â 640";"A01";"2";"7";"2";"0";"0";"2";"1";""
"202100031393";"145Â 638";"A01";"1";"2";"0";"2";"1";"3";"1";""
"202100031393";"145Â 639";"B01";"1";"7";"0";"2";"3";"15";"1";""
"202100031394";"145Â 637";"A01";"1";"2";"12";"0";"1";"16";"1";""
"202100031395";"145Â 636";"A01";"2";"2";"1";"0";"1";"2";"1";""
"202100031396";"145Â 634";"B01";"0";"7";"0";"2";"3";"19";"1";""
"202100031396";"145Â 635";"A01";"0";"30";"0";"2";"3";"19";"1";""
"202100031397";"145Â 633";"A01";"1";"7";"0";"0";"8";"1";"1";""
"202100031398";"145Â 631";"B01";"2";"7";"0";"2";"2";"1";"1";""
"202100031398";"145Â 632";"A01";"1";"33";"0";"2";"4";"5";"1";""
"202100031399";"145Â 630";"A01";"1";"43";"3";"0";"7";"14";"1";""
"202100031400";"145Â 629";"A01";"2";"7";"3";"0";"1";"14";"1";""
"202100031401";"145Â 627";"A01";"2";"7";"0";"2";"1";"13";"1";""
"202100031401";"145Â 628";"B01";"2";"7";"0";"2";"4";"2";"1";""
"202100031402";"145Â 624";"A01";"1";"7";"0";"2";"8";"11";"1";""
"202100031402";"145Â 625";"B01";"1";"7";"0";"2";"6";"1";"1";""
"202100031402";"145Â 626";"C01";"1";"34";"0";"2";"1";"1";"1";""
"202100031403";"145Â 622";"B01";"1";"7";"0";"2";"4";"11";"1";""
"202100031403";"145Â 623";"A01";"1";"33";"0";"2";"1";"3";"1";""
"202100031404";"145Â 618";"D01";"1";"7";"0";"2";"4";"2";"1";""
"202100031404";"145Â 619";"C01";"1";"7";"4";"2";"4";"2";"1";""
"202100031404";"145Â 620";"B01";"1";"7";"0";"2";"1";"2";"1";""
"202100031404";"145Â 621";"A01";"1";"7";"0";"2";"1";"2";"1";""
"202100031405";"145Â 616";"A01";"2";"32";"0";"2";"6";"3";"1";""
"202100031405";"145Â 617";"B01";"2";"7";"0";"2";"6";"11";"1";""
"202100031406";"145Â 613";"A01";"1";"7";"0";"2";"1";"1";"1";""
"202100031406";"145Â 614";"B01";"1";"7";"0";"2";"4";"1";"1";""
"202100031406";"145Â 615";"C01";"1";"7";"0";"2";"3";"9";"1";""
"202100031407";"145Â 611";"A01";"2";"7";"4";"2";"9";"0";"1";""
"202100031407";"145Â 612";"B01";"2";"17";"0";"2";"3";"0";"1";""
"202100031408";"145Â 609";"A01";"1";"33";"0";"2";"3";"9";"1";""
"202100031408";"145Â 610";"B01";"1";"7";"0";"2";"2";"1";"1";""
"202100031409";"145Â 607";"A01";"2";"33";"0";"2";"1";"3";"1";""
"202100031409";"145Â 608";"B01";"2";"7";"0";"2";"4";"11";"1";""
"202100031410";"145Â 604";"C01";"2";"7";"0";"2";"3";"2";"1";""
"202100031410";"145Â 605";"B01";"2";"7";"0";"2";"3";"0";"1";""
"202100031410";"145Â 606";"A01";"2";"15";"0";"2";"1";"2";"1";""
"202100031411";"145Â 602";"A01";"1";"7";"0";"2";"4";"1";"1";""
"202100031411";"145Â 603";"B01";"1";"7";"0";"2";"1";"1";"1";""
"202100031412";"145Â 600";"B01";"1";"7";"0";"2";"1";"1";"1";""
"202100031412";"145Â 601";"A01";"1";"2";"0";"2";"1";"5";"1";""
"202100031413";"145Â 598";"A01";"1";"7";"0";"2";"1";"2";"1";""
"202100031413";"145Â 599";"B01";"1";"7";"0";"2";"5";"15";"1";""
"202100031414";"145Â 596";"A01";"1";"7";"0";"2";"8";"1";"1";""
"202100031414";"145Â 597";"Z01";"1";"17";"0";"2";"7";"12";"0";""
"202100031415";"145Â 593";"C01";"2";"10";"0";"2";"5";"2";"1";""
"202100031415";"145Â 594";"B01";"2";"32";"0";"2";"7";"1";"1";""
"202100031415";"145Â 595";"A01";"1";"7";"0";"2";"8";"9";"1";""
"202100031416";"145Â 591";"A01";"2";"31";"0";"2";"2";"3";"1";""
"202100031416";"145Â 592";"B01";"2";"7";"0";"2";"8";"11";"1";""
"202100031417";"145Â 588";"A01";"3";"43";"0";"2";"2";"18";"1";""
"202100031417";"145Â 589";"B01";"3";"10";"0";"2";"6";"1";"1";""
"202100031417";"145Â 590";"C01";"3";"7";"0";"2";"2";"1";"1";""
"202100031418";"145Â 585";"C01";"3";"7";"0";"2";"1";"1";"1";""
"202100031418";"145Â 586";"A01";"3";"7";"0";"2";"1";"17";"1";""
"202100031418";"145Â 587";"B01";"3";"10";"0";"2";"8";"1";"1";""
"202100031419";"145Â 583";"B01";"2";"31";"0";"2";"4";"1";"1";""
"202100031419";"145Â 584";"A01";"2";"7";"0";"2";"1";"12";"1";""
"202100031420";"145Â 581";"A01";"2";"37";"0";"2";"7";"17";"2";"1"
"202100031420";"145Â 582";"B01";"2";"1";"0";"2";"8";"13";"5";""
"202100031421";"145Â 579";"A01";"1";"7";"0";"2";"4";"13";"1";""
"202100031421";"145Â 580";"B01";"1";"1";"0";"2";"1";"7";"5";""
"202100031422";"145Â 577";"B01";"2";"7";"0";"2";"1";"1";"1";""
"202100031422";"145Â 578";"A01";"2";"1";"0";"2";"0";"19";"5";""
"202100031423";"145Â 575";"Z01";"2";"7";"0";"2";"1";"1";"0";""
"202100031423";"145Â 576";"A01";"2";"1";"0";"2";"8";"1";"5";""
"202100031424";"145Â 573";"B01";"1";"32";"0";"2";"4";"15";"1";""
"202100031424";"145Â 574";"A01";"1";"7";"0";"2";"1";"15";"1";""
"202100031425";"145Â 571";"A01";"3";"1";"0";"2";"1";"1";"5";""
"202100031425";"145Â 572";"B01";"3";"1";"0";"2";"8";"1";"5";""
"202100031426";"145Â 569";"B01";"2";"30";"0";"2";"1";"17";"1";""
"202100031426";"145Â 570";"A01";"2";"7";"0";"2";"3";"10";"1";""
"202100031427";"145Â 566";"C01";"3";"7";"0";"2";"8";"1";"2";""
"202100031427";"145Â 567";"B01";"3";"7";"0";"2";"6";"2";"1";""
"202100031427";"145Â 568";"A01";"3";"7";"0";"2";"1";"2";"1";""
"202100031428";"145Â 564";"B01";"2";"60";"0";"2";"8";"19";"5";""
"202100031428";"145Â 565";"A01";"1";"10";"0";"2";"1";"15";"1";""
"202100031429";"145Â 562";"A01";"2";"30";"0";"2";"3";"2";"1";""
"202100031429";"145Â 563";"Z01";"2";"7";"0";"2";"2";"19";"0";""
"202100031430";"145Â 561";"A01";"2";"32";"1";"0";"1";"2";"1";""
"202100031431";"145Â 560";"A01";"1";"34";"0";"2";"3";"2";"1";""
"202100031432";"145Â 558";"B01";"2";"7";"1";"0";"6";"24";"1";""
"202100031432";"145Â 559";"A01";"2";"7";"14";"2";"1";"2";"1";""
"202100031433";"145Â 556";"A01";"1";"33";"0";"2";"7";"21";"1";""
"202100031433";"145Â 557";"B01";"1";"1";"0";"2";"4";"13";"5";""
"202100031434";"145Â 555";"Z01";"3";"7";"0";"1";"2";"26";"0";""
"202100031435";"145Â 554";"A01";"3";"33";"0";"9";"7";"26";"1";""
"202100031436";"145Â 553";"A01";"2";"7";"0";"1";"3";"16";"1";""
"202100031437";"145Â 551";"B01";"1";"34";"0";"2";"8";"1";"1";""
"202100031437";"145Â 552";"A01";"1";"43";"0";"2";"1";"1";"1";""
"202100031438";"145Â 549";"B01";"2";"7";"0";"2";"3";"1";"2";""
"202100031438";"145Â 550";"A01";"3";"7";"0";"2";"3";"9";"1";""
"202100031439";"145Â 547";"B01";"1";"1";"1";"0";"0";"0";"5";""
"202100031439";"145Â 548";"A01";"1";"7";"0";"0";"0";"24";"1";""
"202100031440";"145Â 546";"A01";"0";"7";"0";"1";"3";"26";"1";""
"202100031441";"145Â 545";"A01";"2";"50";"0";"0";"0";"1";"3";""
"202100031442";"145Â 544";"A01";"1";"32";"0";"0";"0";"1";"1";""
"202100031443";"145Â 542";"A01";"2";"7";"0";"2";"2";"16";"1";""
"202100031443";"145Â 543";"B01";"2";"1";"0";"2";"8";"11";"5";""
"202100031444";"145Â 540";"A01";"2";"1";"0";"2";"2";"1";"5";""
"202100031444";"145Â 541";"B01";"1";"7";"0";"2";"1";"15";"5";""
"202100031445";"145Â 538";"B01";"1";"1";"0";"2";"1";"1";"5";""
"202100031445";"145Â 539";"A01";"2";"21";"0";"2";"3";"15";"1";""
"202100031446";"145Â 536";"B01";"1";"33";"0";"2";"1";"1";"1";""
"202100031446";"145Â 537";"A01";"1";"7";"0";"2";"3";"19";"1";""
"202100031447";"145Â 534";"B01";"1";"21";"0";"2";"3";"1";"1";""
"202100031447";"145Â 535";"A01";"2";"7";"0";"2";"1";"13";"1";""
"202100031448";"145Â 533";"A01";"1";"7";"6";"0";"1";"1";"1";""
"202100031449";"145Â 531";"B01";"2";"33";"0";"2";"7";"17";"1";""
"202100031449";"145Â 532";"A01";"2";"7";"0";"2";"8";"15";"1";""
"202100031450";"145Â 529";"A01";"2";"1";"0";"0";"9";"1";"5";""
"202100031450";"145Â 530";"B01";"1";"10";"0";"2";"8";"1";"1";""
"202100031451";"145Â 528";"A01";"2";"7";"4";"0";"1";"1";"1";""
"202100031452";"145Â 526";"A01";"2";"2";"0";"2";"1";"5";"1";""
"202100031452";"145Â 527";"B01";"1";"1";"0";"2";"1";"1";"0";""
"202100031453";"145Â 525";"A01";"0";"2";"0";"0";"0";"0";"1";""
"202100031454";"145Â 523";"A01";"2";"7";"0";"2";"3";"13";"1";""
"202100031454";"145Â 524";"B01";"1";"7";"0";"2";"3";"1";"1";""
"202100031455";"145Â 521";"B01";"2";"33";"0";"2";"1";"1";"1";""
"202100031455";"145Â 522";"A01";"3";"7";"0";"2";"8";"15";"1";""
"202100031456";"145Â 519";"A01";"2";"7";"0";"2";"1";"1";"1";""
"202100031456";"145Â 520";"B01";"2";"7";"0";"2";"1";"1";"1";""
"202100031457";"145Â 517";"A01";"2";"7";"0";"2";"3";"9";"1";""
"202100031457";"145Â 518";"B01";"2";"7";"0";"2";"7";"14";"0";""
"202100031458";"145Â 515";"A01";"1";"7";"0";"9";"2";"1";"1";""
"202100031458";"145Â 516";"B01";"3";"1";"0";"2";"1";"9";"5";""
"202100031459";"145Â 513";"B01";"2";"2";"0";"2";"1";"19";"1";""
"202100031459";"145Â 514";"A01";"3";"7";"0";"2";"5";"19";"1";""
"202100031460";"145Â 512";"A01";"1";"31";"0";"0";"7";"1";"0";""
"202100031461";"145Â 511";"A01";"1";"14";"0";"0";"7";"1";"1";""
"202100031462";"145Â 510";"A01";"1";"33";"2";"0";"1";"13";"1";""
"202100031463";"145Â 509";"A01";"1";"31";"0";"1";"0";"0";"1";""
"202100031464";"145Â 507";"A01";"2";"1";"0";"2";"8";"1";"5";""
"202100031464";"145Â 508";"B01";"2";"7";"0";"2";"2";"1";"1";""
"202100031465";"145Â 505";"B01";"1";"1";"0";"2";"1";"1";"5";""
"202100031465";"145Â 506";"A01";"2";"7";"0";"2";"3";"15";"1";""
"202100031466";"145Â 504";"A01";"2";"1";"0";"0";"0";"1";"5";""
"202100031467";"145Â 502";"B01";"2";"1";"0";"2";"1";"1";"5";""
"202100031467";"145Â 503";"A01";"1";"7";"0";"2";"2";"15";"1";""
"202100031468";"145Â 501";"A01";"3";"10";"0";"1";"2";"0";"1";""
"202100031469";"145Â 499";"A01";"2";"33";"13";"0";"0";"17";"1";""
"202100031469";"145Â 500";"B01";"2";"21";"0";"0";"0";"15";"1";""
"202100031470";"145Â 497";"A01";"3";"31";"0";"2";"1";"1";"1";""
"202100031470";"145Â 498";"B01";"3";"7";"0";"2";"3";"1";"1";""
"202100031471";"145Â 495";"B01";"2";"1";"0";"2";"1";"25";"5";""
"202100031471";"145Â 496";"A01";"1";"37";"0";"2";"5";"1";"0";"1"
"202100031472";"145Â 494";"A01";"3";"33";"3";"0";"5";"1";"1";""
"202100031473";"145Â 493";"A01";"3";"7";"0";"1";"1";"1";"1";""
"202100031474";"145Â 491";"B01";"2";"7";"0";"2";"2";"1";"1";""
"202100031474";"145Â 492";"A01";"1";"1";"0";"2";"1";"5";"5";""
"202100031475";"145Â 490";"A01";"0";"7";"0";"1";"2";"20";"1";""
"202100031476";"145Â 489";"A01";"1";"2";"0";"0";"1";"1";"0";""
"202100031477";"145Â 488";"A01";"1";"15";"2";"0";"8";"1";"1";""
"202100031478";"145Â 486";"A01";"2";"7";"0";"2";"1";"0";"0";""
"202100031478";"145Â 487";"B01";"1";"7";"0";"2";"1";"0";"1";""
"202100031479";"145Â 484";"B01";"2";"7";"0";"0";"1";"1";"1";""
"202100031479";"145Â 485";"A01";"1";"7";"0";"0";"1";"0";"1";""
"202100031480";"145Â 483";"A01";"1";"7";"0";"1";"7";"1";"1";""
"202100031481";"145Â 482";"A01";"0";"7";"0";"0";"1";"0";"1";""
"202100031482";"145Â 480";"B01";"0";"2";"0";"2";"1";"1";"1";""
"202100031482";"145Â 481";"A01";"0";"7";"0";"2";"6";"15";"1";""
"202100031483";"145Â 478";"B01";"0";"33";"0";"2";"1";"1";"1";""
"202100031483";"145Â 479";"A01";"0";"7";"0";"2";"3";"15";"1";""
"202100031484";"145Â 476";"A01";"1";"21";"0";"2";"3";"15";"1";""
"202100031484";"145Â 477";"B01";"2";"1";"5";"2";"1";"1";"5";""
"202100031485";"145Â 474";"A01";"2";"7";"0";"9";"7";"2";"1";""
"202100031485";"145Â 475";"B01";"2";"1";"0";"2";"8";"2";"5";""
"202100031486";"145Â 472";"A01";"1";"14";"0";"2";"3";"13";"1";""
"202100031486";"145Â 473";"B01";"2";"17";"0";"2";"3";"0";"1";""
"202100031487";"145Â 471";"A01";"2";"33";"8";"0";"1";"1";"1";""
"202100031488";"145Â 470";"A01";"1";"14";"0";"9";"3";"1";"1";""
"202100031489";"145Â 469";"A01";"1";"2";"8";"0";"2";"1";"1";""
"202100031490";"145Â 468";"A01";"1";"10";"0";"1";"3";"1";"1";""
"202100031491";"145Â 466";"B01";"0";"2";"0";"2";"0";"1";"1";""
"202100031491";"145Â 467";"A01";"1";"2";"0";"2";"2";"1";"1";""
"202100031492";"145Â 465";"A01";"2";"7";"6";"0";"9";"0";"6";""
"202100031493";"145Â 463";"A01";"2";"7";"0";"2";"3";"17";"1";""
"202100031493";"145Â 464";"B01";"2";"10";"0";"2";"6";"17";"1";""
"202100031494";"145Â 461";"B01";"2";"7";"0";"2";"8";"23";"1";""
"202100031494";"145Â 462";"A01";"2";"7";"4";"2";"9";"17";"1";""
"202100031495";"145Â 459";"B01";"2";"7";"15";"2";"3";"1";"1";""
"202100031495";"145Â 460";"A01";"1";"7";"0";"2";"3";"13";"1";""
"202100031496";"145Â 457";"A01";"1";"33";"15";"0";"1";"17";"1";""
"202100031496";"145Â 458";"B01";"1";"7";"0";"0";"6";"15";"1";""
"202100031497";"145Â 456";"A01";"1";"2";"0";"0";"8";"1";"1";""
"202100031498";"145Â 454";"B01";"3";"1";"0";"2";"7";"1";"5";""
"202100031498";"145Â 455";"A01";"1";"7";"0";"2";"1";"9";"1";""
"202100031499";"145Â 452";"A01";"2";"15";"0";"2";"5";"2";"1";""
"202100031499";"145Â 453";"B01";"2";"3";"0";"2";"3";"2";"1";""
"202100031500";"145Â 451";"A01";"1";"7";"0";"0";"3";"15";"1";""
"202100031501";"145Â 450";"A01";"2";"31";"12";"0";"1";"0";"1";""
"202100031502";"145Â 448";"A01";"1";"7";"0";"2";"7";"15";"1";""
"202100031502";"145Â 449";"B01";"2";"33";"0";"2";"1";"1";"1";""
"202100031503";"145Â 447";"A01";"2";"7";"6";"0";"2";"14";"1";""
"202100031504";"145Â 446";"A01";"0";"33";"14";"0";"9";"1";"1";""
"202100031505";"145Â 444";"A01";"2";"7";"0";"2";"4";"1";"1";""
"202100031505";"145Â 445";"B01";"2";"7";"0";"2";"1";"2";"1";""
"202100031506";"145Â 442";"B01";"2";"15";"0";"2";"3";"1";"1";""