"Num_Acc";"id_vehicule";"num_veh";"senc";"catv";"obs";"obsm";"choc";"manv";"motor";"occutc"
"202100031506";"145Â 443";"A01";"1";"7";"0";"2";"3";"17";"1";""
"202100031507";"145Â 440";"A01";"2";"33";"2";"2";"3";"5";"1";""
"202100031507";"145Â 441";"B01";"1";"7";"0";"2";"3";"1";"1";""
"202100031508";"145Â 438";"B01";"2";"10";"0";"0";"1";"1";"1";""
"202100031508";"145Â 439";"A01";"1";"33";"0";"2";"1";"13";"1";""
"202100031509";"145Â 437";"A01";"2";"33";"8";"0";"1";"1";"1";""
"202100031510";"145Â 436";"A01";"1";"10";"0";"1";"2";"1";"1";""
"202100031511";"145Â 434";"A01";"1";"7";"15";"2";"1";"0";"1";""
"202100031511";"145Â 435";"B01";"2";"7";"0";"2";"1";"9";"1";""
"202100031512";"145Â 432";"A01";"2";"1";"0";"2";"8";"19";"5";""
"202100031512";"145Â 433";"B01";"2";"7";"0";"2";"2";"16";"1";""
"202100031513";"145Â 431";"A01";"2";"7";"13";"0";"1";"15";"1";""
"202100031514";"145Â 429";"A01";"1";"7";"3";"2";"1";"26";"1";""
"202100031514";"145Â 430";"B01";"2";"10";"0";"2";"2";"21";"1";""
"202100031515";"145Â 428";"A01";"3";"33";"6";"0";"1";"1";"1";""
"202100031516";"145Â 426";"A01";"1";"2";"0";"2";"7";"15";"1";""
"202100031516";"145Â 427";"B01";"2";"7";"0";"2";"2";"1";"1";""
"202100031517";"145Â 425";"A01";"0";"7";"2";"1";"0";"1";"1";""
"202100031518";"145Â 424";"A01";"2";"7";" -1";"0";"8";"1";"1";""
"202100031519";"145Â 422";"A01";"2";"7";"0";"2";"1";"11";"1";""
"202100031519";"145Â 423";"B01";"1";"7";"0";"2";"1";"1";"1";""
"202100031520";"145Â 421";"A01";"3";"7";"0";"1";"3";"1";"1";""
"202100031521";"145Â 420";"A01";"1";"7";"6";"0";"2";"2";"1";""
"202100031522";"145Â 417";"C01";"1";"1";"0";"2";"1";"1";"5";""
"202100031522";"145Â 418";"B01";"1";"1";"0";"2";"1";"1";"5";""
"202100031522";"145Â 419";"A01";"2";"7";"0";"9";"2";"15";"0";""
"202100031523";"145Â 415";"A01";"1";"7";"0";"2";"1";"21";"1";""
"202100031523";"145Â 416";"B01";"2";"1";"0";"2";"1";"13";"5";""
"202100031524";"145Â 413";"A01";"1";"7";"1";"0";"1";"0";"1";""
"202100031525";"145Â 412";"A01";"0";"30";"0";"0";"0";"2";"1";""
"202100031526";"145Â 410";"A01";"2";"34";"0";"2";"1";"1";"1";""
"202100031526";"145Â 411";"B01";"2";"33";"0";"2";"3";"13";"1";""
"202100031527";"145Â 409";"A01";"1";"33";"0";"0";"1";"21";"1";""
"202100031528";"145Â 407";"Z01";"2";"7";"0";"2";"4";"12";"1";""
"202100031528";"145Â 408";"A01";"2";"33";"0";"2";"1";"26";"1";""
"202100031529";"145Â 405";"A01";"2";"7";"0";"2";"4";"2";"1";""
"202100031529";"145Â 406";"B01";"2";"7";"0";"2";"1";"2";"1";""
"202100031530";"145Â 403";"A01";"1";"7";"0";"2";"4";"2";"1";""
"202100031530";"145Â 404";"B01";"1";"7";"0";"2";"1";"2";"1";""
"202100031531";"145Â 401";"A01";"2";"7";"0";"2";"4";"2";"1";""
"202100031531";"145Â 402";"B01";"2";"7";"0";"2";"1";"2";"1";""
"202100031532";"145Â 399";"A01";"2";"17";"0";"2";"1";"1";"1";""
"202100031532";"145Â 400";"B01";"2";"7";"0";"2";"8";"9";"1";""
"202100031533";"145Â 397";"A01";"1";"7";"0";"2";"4";"1";"2";""
"202100031533";"145Â 398";"B01";"1";"7";"0";"2";"1";"1";"1";""
"202100031534";"145Â 393";"A01";"1";"7";"4";"0";"0";"26";"1";""
"202100031534";"145Â 394";"B01";"1";"7";"0";"2";"0";"0";"1";""
"202100031534";"145Â 395";"C01";"1";"7";"0";"2";"0";"0";"1";""
"202100031534";"145Â 396";"D01";"1";"7";"0";"2";"0";"0";"1";""
"202100031535";"145Â 391";"B01";"1";"7";"0";"2";"4";"23";"1";""
"202100031535";"145Â 392";"A01";"1";"7";"0";"2";"1";"1";"1";""
"202100031536";"145Â 389";"B01";"2";"33";"0";"2";"2";"1";"1";""
"202100031536";"145Â 390";"A01";"2";"7";"0";"2";"8";"11";"1";""
"202100031537";"145Â 385";"D01";"2";"15";"0";"2";"4";"23";"1";""
"202100031537";"145Â 386";"C01";"2";"10";"0";"2";"4";"23";"1";""
"202100031537";"145Â 387";"B01";"2";"15";"0";"2";"4";"23";"1";""
"202100031537";"145Â 388";"A01";"2";"13";"0";"2";"1";"1";"1";""
"202100031538";"145Â 383";"B01";"1";"13";"0";"2";"0";"0";"1";""
"202100031538";"145Â 384";"A01";"1";"7";"1";"0";"2";"14";"1";""
"202100031539";"145Â 381";"A01";"1";"17";"0";"2";"3";"12";"1";""
"202100031539";"145Â 382";"B01";"2";"7";"0";"2";"1";"2";"1";""
"202100031540";"145Â 379";"B01";"2";"33";"0";"2";"8";"3";"1";""
"202100031540";"145Â 380";"A01";"2";"7";"0";"2";"7";"12";"1";""
"202100031541";"145Â 377";"B01";"1";"7";"0";"2";"8";"11";"1";""
"202100031541";"145Â 378";"A01";"1";"33";"0";"2";"7";"1";"1";""
"202100031542";"145Â 375";"A01";"1";"10";"0";"2";"1";"1";"1";""
"202100031542";"145Â 376";"B01";"2";"7";"0";"2";"4";"2";"1";""
"202100031543";"145Â 374";"A01";"1";"7";"0";"0";"0";"21";"1";""
"202100031544";"145Â 372";"A01";"2";"43";"0";"2";"1";"18";"1";""
"202100031544";"145Â 373";"B01";"2";"7";"0";"2";"8";"11";"1";""
"202100031545";"145Â 370";"B01";"2";"7";"0";"0";"5";"1";"1";""
"202100031545";"145Â 371";"A01";"2";"7";"0";"2";"3";"1";"1";""
"202100031546";"145Â 369";"A01";"1";"7";"4";"0";"2";"14";"1";""
"202100031547";"145Â 368";"A01";"2";"34";"4";"0";"2";"14";"1";""
"202100031548";"145Â 367";"A01";"1";"7";"0";"0";"0";"1";"1";""
"202100031549";"145Â 365";"A01";"1";"7";"0";"2";"1";"2";"1";""
"202100031549";"145Â 366";"B01";"2";"7";"4";"2";"4";"2";"1";""
"202100031550";"145Â 364";"A01";"2";"7";"4";"0";"1";"14";"1";""
"202100031551";"145Â 362";"A01";"1";"10";"0";"2";"1";"1";"1";""
"202100031551";"145Â 363";"B01";"1";"7";"5";"2";"4";"23";"1";""
"202100031552";"145Â 361";"A01";"1";"7";"4";"0";"1";"1";"1";""
"202100031553";"145Â 358";"A01";"1";"7";"0";"2";"8";"13";"1";""
"202100031553";"145Â 359";"C01";"1";"15";"0";"2";"3";"1";"1";""
"202100031553";"145Â 360";"B01";"1";"10";"0";"2";"7";"0";"1";""
"202100031554";"145Â 356";"B01";"2";"7";"0";"2";"6";"1";"1";""
"202100031554";"145Â 357";"A01";"2";"7";"0";"2";"2";"26";"1";""
"202100031555";"145Â 354";"A01";"1";"31";"0";"2";"9";"3";"1";""
"202100031555";"145Â 355";"B01";"1";"7";"0";"0";"2";"1";"1";""
"202100031556";"145Â 351";"A01";"1";"33";"0";"2";"1";"3";"1";""
"202100031556";"145Â 352";"B01";"1";"10";"0";"2";"5";"1";"1";""
"202100031556";"145Â 353";"C01";"1";"7";"0";"2";"6";"1";"1";""
"202100031557";"145Â 348";"B01";"2";"10";"1";"0";"4";"23";"1";""
"202100031557";"145Â 349";"C01";"2";"7";"0";"2";"4";"1";"1";""
"202100031557";"145Â 350";"A01";"2";"10";"1";"0";"1";"1";"1";""
"202100031558";"145Â 345";"A01";"3";"7";"0";"9";"1";"1";"1";""
"202100031558";"145Â 346";"B01";"3";"1";"0";"2";"1";"1";"5";""
"202100031559";"145Â 343";"A01";"3";"7";"1";"1";"1";"1";"1";""
"202100031559";"145Â 344";"B01";"3";"7";"0";"0";"1";"24";"1";""
"202100031560";"145Â 341";"B01";"3";"7";"12";"2";"2";"1";"1";""
"202100031560";"145Â 342";"A01";"3";"1";"0";"2";"1";"15";"5";""
"202100031561";"145Â 339";"B01";"3";"7";"0";"2";"2";"15";"1";""
"202100031561";"145Â 340";"A01";"3";"7";"0";"2";"0";"1";"1";""
"202100031562";"145Â 337";"B01";"1";"7";"0";"2";"2";"1";"1";""
"202100031562";"145Â 338";"A01";"1";"7";"0";"2";"8";"16";"1";""
"202100031563";"145Â 336";"A01";"1";"7";"0";"1";"3";"1";"1";""
"202100031564";"145Â 334";"B01";"1";"33";"0";"2";"1";"1";"1";""
"202100031564";"145Â 335";"A01";"1";"7";"0";"2";"7";"15";"1";""
"202100031565";"145Â 333";"A01";"1";"7";"0";"1";"1";"1";"1";""
"202100031566";"145Â 331";"B01";"3";"7";"0";"2";"4";"1";"1";""
"202100031566";"145Â 332";"A01";"3";"7";"0";"2";"1";"0";"1";""
"202100031567";"145Â 329";"B01";"1";"50";"0";"2";"8";"15";"3";""
"202100031567";"145Â 330";"C01";"1";"7";"0";"2";"5";"17";" -1";""
"202100031568";"145Â 327";"A01";"2";"7";"0";"2";"5";"26";"1";""
"202100031568";"145Â 328";"B01";"2";"31";"0";"2";"1";"1";"1";""
"202100031569";"145Â 324";"A01";"3";"7";"0";"2";"1";"2";"1";""
"202100031569";"145Â 325";"B01";"3";"7";"0";"2";"4";"23";"1";""
"202100031569";"145Â 326";"C01";"3";"7";"0";"2";"4";"23";"1";""
"202100031570";"145Â 323";"Z01";"3";"7";"0";"1";"0";"4";"1";""
"202100031571";"145Â 322";"A01";"1";"10";"0";"1";"1";"1";"1";""
"202100031572";"145Â 320";"A01";"0";"30";"0";"1";"1";"1";"1";""
"202100031572";"145Â 321";"B01";"0";"37";"0";"1";"3";"1";"0";"1"
"202100031573";"145Â 318";"B01";"1";"7";"0";"2";"1";"9";"1";""
"202100031573";"145Â 319";"A01";"2";"30";"0";"2";"0";"1";"3";""
"202100031574";"145Â 314";"D01";"1";"7";"4";"2";"4";"2";"1";""
"202100031574";"145Â 315";"C01";"1";"10";"0";"2";"4";"2";"1";""
"202100031574";"145Â 316";"A01";"1";"7";"0";"2";"1";"2";"1";""
"202100031574";"145Â 317";"B01";"1";"7";"0";"2";"0";"23";"1";""
"202100031575";"145Â 313";"A01";"1";"7";"0";"1";"1";"1";"1";""
"202100031576";"145Â 312";"A01";"0";"3";"9";"0";"1";"1";"3";""
"202100031577";"145Â 310";"B01";"2";"7";"0";"2";"1";"0";"1";""
"202100031577";"145Â 311";"A01";"1";"7";"0";"2";"7";"15";"1";""
"202100031578";"145Â 308";"B01";"1";"1";"0";"2";"0";"1";"5";""
"202100031578";"145Â 309";"A01";"1";"7";"0";"2";"1";"9";"1";""
"202100031579";"145Â 307";"A01";"2";"7";"0";"1";"2";"1";"3";""
"202100031580";"145Â 305";"B01";"0";"7";"0";"2";"1";"1";"1";""
"202100031580";"145Â 306";"A01";"0";"30";"0";"2";"1";"13";"1";""
"202100031581";"145Â 302";"B01";"1";"7";"0";"2";"1";"0";"0";""
"202100031581";"145Â 303";"A01";"1";"7";"0";"2";"4";"1";"1";""
"202100031581";"145Â 304";"C01";"1";"7";"0";"2";"1";"1";"1";""
"202100031582";"145Â 300";"A01";"1";"7";"0";"2";"1";"1";"1";""
"202100031582";"145Â 301";"B01";"1";"30";"0";"2";"7";"15";"1";""
"202100031583";"145Â 299";"A01";"2";"7";"0";"1";"1";"1";"1";""
"202100031584";"145Â 297";"B01";"2";"43";"0";"2";"1";"1";"1";""
"202100031584";"145Â 298";"A01";"1";"7";"0";"2";"5";"15";"1";""
"202100031585";"145Â 296";"A01";"3";"7";"0";"1";"2";"26";"1";""
"202100031586";"145Â 294";"B01";"1";"7";"0";"2";"2";"12";"1";""
"202100031586";"145Â 295";"A01";"1";"32";"0";"2";"3";"3";"1";""
"202100031587";"145Â 291";"A01";"1";"32";"0";"2";"8";"16";"1";""
"202100031587";"145Â 292";"C01";"1";"7";"0";"2";"7";"23";"1";""
"202100031587";"145Â 293";"B01";"1";"7";"0";"2";"2";"18";"1";""
"202100031588";"145Â 290";"A01";"2";"31";"0";"1";"6";"1";"1";""
"202100031589";"145Â 288";"B01";"2";"7";"0";"2";"1";"1";"1";""
"202100031589";"145Â 289";"A01";"2";"10";"0";"2";"5";"9";"1";""
"202100031590";"145Â 287";"A01";"2";"43";"0";"1";"1";"1";"1";""
"202100031591";"145Â 285";"B01";"2";"7";"0";"2";"5";"16";"1";""
"202100031591";"145Â 286";"A01";"2";"32";"0";"2";"1";"1";"1";""
"202100031592";"145Â 283";"A01";"2";"7";"0";"2";"7";"1";"1";""
"202100031592";"145Â 284";"Z01";"2";"7";"0";"2";"1";"1";"1";""
"202100031593";"145Â 282";"A01";"2";"30";"0";"1";"1";"1";"3";""
"202100031594";"145Â 280";"A01";"1";"50";"0";"2";"2";"17";"3";""
"202100031594";"145Â 281";"B01";"1";"7";"0";"2";"3";"23";"1";""
"202100031595";"145Â 279";"A01";"3";"7";"1";"0";"1";"13";"1";""
"202100031596";"145Â 278";"A01";"3";"31";"0";"0";"0";"1";"1";""
"202100031597";"145Â 276";"B01";"1";"30";"0";"2";"4";"23";"1";""
"202100031597";"145Â 277";"A01";"1";"7";"0";"2";"1";"2";"1";""
"202100031598";"145Â 275";"Z01";"1";"2";"0";"1";"1";"1";"0";""
"202100031599";"145Â 274";"A01";"1";"33";"0";"1";"2";"5";"1";""
"202100031600";"145Â 272";"A01";"0";"7";"0";"2";"3";"13";"1";""
"202100031600";"145Â 273";"B01";"0";"33";"0";"2";"2";"1";"1";""
"202100031601";"145Â 270";"A01";"0";"10";"0";"2";"0";"1";"1";""
"202100031601";"145Â 271";"B01";"0";"30";"0";"2";"8";"1";"1";""
"202100031602";"145Â 268";"A01";"1";"7";"0";"2";"1";"2";"1";""
"202100031602";"145Â 269";"B01";"1";"7";"0";"2";"4";"23";"1";""
"202100031603";"145Â 266";"B01";"1";"7";"0";"2";"3";"15";"2";""
"202100031603";"145Â 267";"A01";"2";"32";"0";"2";"2";"3";"1";""
"202100031604";"145Â 264";"B01";"2";"7";"0";"2";"3";"15";"1";""
"202100031604";"145Â 265";"A01";"2";"33";"0";"2";"2";"17";"1";""
"202100031605";"145Â 262";"A01";"1";"7";"0";"2";"1";"1";"1";""
"202100031605";"145Â 263";"B01";"2";"7";"0";"2";"8";"15";"1";""
"202100031606";"145Â 261";"A01";"2";"7";"0";"1";"2";"1";"1";""
"202100031607";"145Â 260";"A01";"0";"31";"0";"0";"0";"0";"0";""
"202100031608";"145Â 258";"B01";"1";"37";"0";"2";"6";"1";"1";"1"
"202100031608";"145Â 259";"A01";"1";"7";"0";"2";"0";"2";"1";""
"202100031609";"145Â 256";"A01";"2";"7";"0";"2";"1";"2";"1";""
"202100031609";"145Â 257";"B01";"2";"2";"0";"2";"4";"11";"1";""
"202100031610";"145Â 254";"Z01";"1";"7";"0";"2";"8";"11";"1";""
"202100031610";"145Â 255";"A01";"1";"7";"0";"2";"2";"1";"1";""
"202100031611";"145Â 252";"A01";"1";"32";"0";"2";"8";"11";"1";""
"202100031611";"145Â 253";"B01";"1";"7";"0";"2";"2";"1";"1";""
"202100031612";"145Â 248";"B01";"3";"99";"0";"0";"0";"0";"6";""
"202100031612";"145Â 249";"A01";"1";"15";"0";"2";"6";"13";"1";""
"202100031612";"145Â 250";"C01";"3";"10";"0";"2";"6";"0";"1";""
"202100031612";"145Â 251";"D01";"1";"7";"0";"2";"7";"15";"1";""
"202100031613";"145Â 245";"A01";"1";"7";"0";"2";"1";"1";"1";""
"202100031613";"145Â 246";"B01";"1";"7";"0";"2";"4";"1";"1";""
"202100031613";"145Â 247";"C01";"1";"7";"0";"0";"0";"10";"1";""
"202100031614";"145Â 243";"B01";"1";"1";"0";"2";"1";"2";"5";""
"202100031614";"145Â 244";"A01";"1";"7";"0";"2";"6";"23";"1";""
"202100031615";"145Â 241";"B01";"3";"2";"0";"2";"8";"1";"1";""
"202100031615";"145Â 242";"A01";"3";"7";"0";"2";"1";"15";"1";""
"202100031616";"145Â 240";"A01";"1";"7";"4";"0";"9";"14";"1";""
"202100031617";"145Â 239";"A01";"2";"32";"0";"1";"0";"21";"1";""
"202100031618";"145Â 238";"A01";"0";"7";"0";"1";"7";"1";"1";""
"202100031619";"145Â 237";"A01";"2";"7";"0";"1";"1";"1";"1";""
"202100031620";"145Â 233";"A01";"2";"32";"0";"2";"1";"2";"1";""
"202100031620";"145Â 234";"B01";"2";"7";"0";"2";"4";"15";"1";""
"202100031621";"145Â 232";"A01";"3";"7";"0";"1";"1";"1";"1";""
"202100031622";"145Â 230";"A01";"1";"2";"0";"2";"1";"1";"1";""
"202100031622";"145Â 231";"B01";"2";"7";"0";"2";"3";"1";"1";""
"202100031623";"145Â 228";"B01";"1";"50";"0";"2";"8";"1";"3";""
"202100031623";"145Â 229";"A01";"1";"7";"0";"2";"1";"9";"1";""
"202100031624";"145Â 226";"A01";"3";"30";"0";"2";"1";"15";"1";""
"202100031624";"145Â 227";"B01";"2";"33";"0";"2";"8";"1";"0";""
"202100031625";"145Â 224";"B01";"1";"7";"0";"2";"4";"1";"1";""
"202100031625";"145Â 225";"A01";"1";"7";"0";"2";"1";"2";"1";""
"202100031626";"145Â 222";"A01";"2";"30";"0";"2";"2";"2";"1";""
"202100031626";"145Â 223";"B01";"2";"7";"0";"2";"3";"15";"1";""
"202100031627";"145Â 220";"A01";"2";"7";"0";"2";"7";"15";"1";""
"202100031627";"145Â 221";"B01";"1";"31";"0";"2";"1";"1";"3";""
"202100031628";"145Â 218";"B01";"2";"7";"0";"2";"4";"23";"1";""
"202100031628";"145Â 219";"A01";"2";"7";"8";"2";"1";"2";"1";""
"202100031629";"145Â 216";"B01";"2";"33";"0";"2";"8";"3";"1";""
"202100031629";"145Â 217";"A01";"2";"7";"0";"2";"2";"12";"1";""
"202100031630";"145Â 214";"A01";"3";"7";"0";"2";"1";"1";"1";""
"202100031630";"145Â 215";"B01";"3";"7";"0";"2";"7";"1";"1";""
"202100031631";"145Â 213";"A01";"0";"7";"13";"0";"3";"1";"1";""
"202100031632";"145Â 212";"A01";"1";"7";"6";"0";"2";"1";"1";""
"202100031633";"145Â 211";"A01";"1";"3";"1";"0";"2";"1";"1";""
"202100031634";"145Â 209";"B01";"1";"7";"0";"2";"2";"1";"1";""
"202100031634";"145Â 210";"A01";"1";"7";"9";"2";"3";"1";"3";""
"202100031635";"145Â 207";"A01";"1";"7";"0";"2";"1";"13";"1";""
"202100031635";"145Â 208";"B01";"2";"13";"0";"2";"3";"1";"1";""
"202100031636";"145Â 205";"A01";"2";"7";"0";"2";"3";"26";"1";""
"202100031636";"145Â 206";"B01";"2";"7";"0";"2";"2";"1";"1";""
"202100031637";"145Â 203";"B01";"1";"7";"0";"2";"1";"1";"1";""
"202100031637";"145Â 204";"A01";"2";"7";"0";"2";"1";"13";"1";""
"202100031638";"145Â 201";"A01";"1";"7";"0";"9";"2";"13";"1";""
"202100031638";"145Â 202";"B01";"1";"1";"0";"2";"6";"1";"6";""
"202100031639";"145Â 199";"B01";"1";"10";"0";"2";"2";"1";"1";""
"202100031639";"145Â 200";"A01";"1";"1";"0";"2";"1";"19";"5";""
"202100031640";"145Â 197";"B01";"1";"21";"0";"0";"8";"15";"1";""
"202100031640";"145Â 198";"A01";"1";"31";"0";"2";"1";"17";"1";""
"202100031641";"145Â 196";"A01";"1";"7";"3";"0";"1";"1";"0";""
"202100031642";"145Â 195";"A01";"2";"7";"0";"1";"2";"1";"1";""
"202100031643";"145Â 193";"A01";"1";"7";"0";"2";"1";"1";"1";""
"202100031643";"145Â 194";"B01";"1";"1";"0";"2";"6";"15";"5";""
"202100031644";"145Â 191";"B01";"3";"1";"0";"2";"1";"1";"5";""
"202100031644";"145Â 192";"A01";"3";"7";"0";"9";"1";"1";"1";""
"202100031645";"145Â 190";"A01";"3";"7";"13";"0";"3";"13";"1";""
"202100031646";"145Â 188";"B01";"2";"21";"0";"2";"8";"1";"1";""
"202100031646";"145Â 189";"A01";"1";"33";"0";"2";"8";"1";"1";""
"202100031647";"145Â 185";"C01";"1";"21";"15";"2";"3";"14";"1";""
"202100031647";"145Â 186";"B01";"2";"10";"0";"2";"1";"1";"1";""
"202100031647";"145Â 187";"A01";"1";"15";"0";"2";"7";"17";"1";""
"202100031648";"145Â 183";"A01";"2";"30";"0";"2";"8";"15";"1";""
"202100031648";"145Â 184";"B01";"2";"7";"0";"2";"2";"1";"1";""
"202100031649";"145Â 182";"A01";"1";"2";"13";"0";"9";"16";"1";""
"202100031650";"145Â 181";"A01";"1";"7";"0";"1";"0";"15";"1";""
"202100031651";"145Â 180";"A01";"2";"33";"0";"0";"0";"15";"1";""
"202100031652";"145Â 178";"A01";"1";"7";"3";"2";"3";"13";"1";""
"202100031652";"145Â 179";"B01";"2";"7";"3";"2";"3";"1";"1";""
"202100031653";"145Â 176";"A01";"2";"7";"15";"2";"1";"5";"1";""
"202100031653";"145Â 177";"B01";"1";"7";"0";"2";"1";"1";"1";""
"202100031654";"145Â 174";"B01";"2";"7";"0";"2";"8";"2";"1";""
"202100031654";"145Â 175";"A01";"1";"7";"0";"2";"8";"5";"1";""
"202100031655";"145Â 171";"A01";"1";"7";"0";"9";"3";"15";"0";""
"202100031655";"145Â 172";"B01";"1";"1";"0";"2";"1";"17";"5";""
"202100031656";"145Â 169";"B01";"1";"17";"0";"2";"3";"1";"1";""
"202100031656";"145Â 170";"A01";"2";"7";"0";"2";"1";"11";"1";""
"202100031657";"145Â 167";"A01";"2";"10";"0";"2";"2";"15";"1";""
"202100031657";"145Â 168";"B01";"1";"33";"0";"2";"3";"1";"1";""
"202100031658";"145Â 166";"A01";"1";"33";"16";"0";"1";"0";"1";""
"202100031659";"145Â 165";"A01";"2";"33";"12";"0";"0";"1";"1";""
"202100031660";"145Â 163";"B01";"2";"7";"0";"2";"1";"1";"1";""
"202100031660";"145Â 164";"A01";"1";"7";"0";"2";"1";"13";"1";""
"202100031661";"145Â 161";"A01";"1";"7";"0";"2";"1";"1";"1";""
"202100031661";"145Â 162";"B01";"1";"1";"0";"2";"7";"19";"5";""
"202100031662";"145Â 159";"B01";"1";"15";"0";"2";"2";"1";"1";""
"202100031662";"145Â 160";"A01";"1";"7";"0";"0";"8";"9";"1";""
"202100031663";"145Â 158";"A01";"0";"7";"15";"0";"1";"11";"1";""
"202100031664";"145Â 156";"A01";"2";"31";"0";"2";"1";"1";"1";""
"202100031664";"145Â 157";"B01";"2";"7";"0";"2";"2";"0";"1";""
"202100031665";"145Â 154";"B01";"2";"10";"0";"2";"8";"1";"1";""
"202100031665";"145Â 155";"A01";"2";"1";"0";"2";"1";"1";"5";""
"202100031666";"145Â 153";"A01";"3";"33";"0";"0";"8";"1";"1";""
"202100031667";"145Â 152";"A01";"3";"7";"13";"0";"0";"1";"1";""
"202100031668";"145Â 148";"A01";"2";"7";"0";"2";"1";"1";"2";""
"202100031668";"145Â 149";"B01";"1";"7";"15";"2";"8";"1";"1";""
"202100031669";"145Â 146";"A01";"2";"14";"0";"2";"3";"15";"1";""
"202100031669";"145Â 147";"B01";"1";"33";"0";"2";"1";"1";"1";""
"202100031670";"145Â 145";"A01";"2";"7";"0";"0";"2";"1";"1";""
"202100031671";"145Â 143";"A01";"2";"7";"0";"2";"1";"13";"1";""
"202100031671";"145Â 144";"B01";"1";"7";"0";"2";"1";"1";"1";""
"202100031672";"145Â 141";"A01";"1";"7";"0";"2";"1";"5";"2";""
"202100031672";"145Â 142";"B01";"2";"7";"0";"2";"1";"1";"1";""
"202100031673";"145Â 140";"B01";"1";"7";"1";"0";"1";"17";"2";""
"202100031674";"145Â 139";"A01";"1";"7";"13";"0";"1";"14";"1";""
"202100031675";"145Â 138";"A01";"3";"7";"0";"1";"2";"19";"1";""
"202100031676";"145Â 135";"A01";"2";"7";"0";"2";"1";"1";"1";""
"202100031676";"145Â 136";"B01";"1";"2";"0";"2";"7";"15";"1";""
"202100031677";"145Â 134";"A01";"1";"43";"11";"9";"8";"6";"1";""
"202100031678";"145Â 132";"A01";"1";"7";"0";"2";"1";"0";"1";""
"202100031678";"145Â 133";"B01";"1";"7";"0";"2";"1";"0";"1";""
"202100031679";"145Â 131";"A01";"2";"2";"0";"6";"1";"1";"1";""
"202100031680";"145Â 130";"A01";"1";"33";"0";"1";"1";"26";"1";""
"202100031681";"145Â 129";"A01";"1";"33";"0";"0";"7";"1";"1";""
"202100031682";"145Â 127";"A01";"1";"7";"0";"2";"3";"15";"1";""
"202100031682";"145Â 128";"B01";"1";"31";"0";"2";"7";"17";"1";""
"202100031683";"145Â 125";"B01";"1";"7";"3";"2";"1";"0";"1";""
"202100031683";"145Â 126";"A01";"2";"7";"8";"2";"9";"0";"1";""
"202100031684";"145Â 123";"B01";"3";"1";"0";"2";"1";"19";"5";""
"202100031684";"145Â 124";"A01";"1";"7";"0";"9";"2";"1";"1";""
"202100031685";"145Â 122";"A01";"3";"7";"0";"0";"9";"16";"1";""
"202100031686";"145Â 121";"A01";"2";"32";"3";"0";"2";"1";"1";""
"202100031687";"145Â 119";"C01";"2";"7";"0";"2";"1";"26";"1";""
"202100031687";"145Â 120";"A01";"2";"2";"0";"0";"4";"2";"1";""
"202100031688";"145Â 117";"A01";"2";"7";"0";"2";"3";"11";"1";""
"202100031688";"145Â 118";"B01";"2";"33";"0";"2";"1";"17";"1";""
"202100031689";"145Â 114";"C01";"2";"7";"0";"2";"1";"15";"1";""
"202100031689";"145Â 115";"B01";"1";"2";"0";"2";"2";"1";"1";""
"202100031689";"145Â 116";"A01";"1";"7";"0";"2";"3";"9";"1";""
"202100031690";"145Â 113";"A01";"2";"7";"6";"0";"3";"1";"1";""
"202100031691";"145Â 112";"A01";"2";"7";"0";"0";"2";"26";"2";""
"202100031692";"145Â 110";"A01";"0";"7";"0";"2";"1";"2";"1";""
"202100031692";"145Â 111";"B01";"0";"14";"0";"0";"6";"2";"0";""
"202100031693";"145Â 109";"A01";"2";"7";"8";"0";"9";"1";"1";""
"202100031694";"145Â 107";"B01";"2";"33";"6";"2";"1";"17";"1";""
"202100031694";"145Â 108";"A01";"1";"10";"0";"2";"8";"15";"1";""
"202100031695";"145Â 105";"A01";"2";"7";"0";"2";"7";"2";"1";""
"202100031695";"145Â 106";"B01";"2";"7";"0";"2";"8";"11";"1";""
"202100031696";"145Â 104";"A01";"1";"7";"0";"1";"1";"2";"1";""
"202100031697";"145Â 101";"A01";"2";"7";"0";"2";"1";"11";"1";""
"202100031697";"145Â 102";"B01";"2";"7";"0";"2";"4";"2";"1";""
"202100031697";"145Â 103";"C01";"2";"7";"0";"2";"1";"2";"1";""
"202100031698";"145Â 099";"A01";"2";"10";"0";"2";"2";"12";"1";""
"202100031698";"145Â 100";"B01";"2";"7";"0";"2";"6";"2";"1";""
"202100031699";"145Â 098";"A01";"2";"7";"3";"0";"0";"9";"1";""
"202100031700";"145Â 095";"B01";"2";"7";"0";"2";"5";"1";"1";""
"202100031700";"145Â 096";"Z01";"2";"7";"4";"2";"7";"26";"0";""
"202100031700";"145Â 097";"A01";"2";"7";"4";"2";"6";"1";"1";""
"202100031701";"145Â 093";"A01";"1";"1";"0";"2";"7";"19";"6";""
"202100031701";"145Â 094";"B01";"1";"31";"0";"9";"1";"1";"1";""
"202100031702";"145Â 091";"B01";"3";"7";"0";"9";"2";"1";"1";""
"202100031702";"145Â 092";"A01";"0";"1";"0";"2";"1";"19";"5";""
"202100031703";"145Â 088";"C01";"2";"7";"0";"2";"2";"1";"1";""
"202100031703";"145Â 089";"B01";"2";"7";"3";"2";"4";"0";"1";""
"202100031703";"145Â 090";"A01";"2";"14";"0";"2";"0";"26";"1";""