"Num_Acc";"id_vehicule";"num_veh";"senc";"catv";"obs";"obsm";"choc";"manv";"motor";"occutc"
"202100031704";"145Â 086";"A01";"1";"7";"0";"2";"1";"2";"1";""
"202100031704";"145Â 087";"B01";"1";"7";"0";"2";"4";"1";"1";""
"202100031705";"145Â 085";"A01";"3";"7";"8";"0";"1";"2";"0";""
"202100031706";"145Â 083";"B01";"3";"7";"0";"2";"3";"26";"1";""
"202100031706";"145Â 084";"A01";"3";"30";"0";"2";"3";"9";"1";""
"202100031707";"145Â 081";"A01";"3";"7";"0";"2";"3";"15";"1";""
"202100031707";"145Â 082";"B01";"3";"2";"0";"2";"1";"17";"1";""
"202100031708";"145Â 080";"A01";"2";"10";"6";"0";"1";"9";"1";""
"202100031709";"145Â 078";"A01";"2";"7";"0";"2";"0";"26";"1";""
"202100031709";"145Â 079";"B01";"2";"2";"0";"2";"0";"26";"1";""
"202100031710";"145Â 076";"A01";"1";"7";"0";"2";"1";"1";"1";""
"202100031710";"145Â 077";"B01";"1";"7";"0";"2";"1";"1";"1";""
"202100031711";"145Â 074";"A01";"0";"10";"0";"2";"2";"1";"1";""
"202100031711";"145Â 075";"B01";"0";"7";"0";"2";"6";"1";"1";""
"202100031712";"145Â 072";"A01";"0";"10";"0";"2";"4";"4";"0";""
"202100031712";"145Â 073";"B01";"0";"32";"0";"2";"1";"2";"1";""
"202100031713";"145Â 071";"A01";"1";"32";"0";"1";"3";"9";"1";""
"202100031714";"145Â 069";"Z01";"2";"7";"0";"2";"1";"2";"1";""
"202100031714";"145Â 070";"A01";"2";"7";"0";"2";"4";"2";"1";""
"202100031715";"145Â 068";"A01";"3";"7";"0";"1";"1";"15";"1";""
"202100031716";"145Â 066";"A01";"2";"7";"0";"2";"1";"26";"1";""
"202100031716";"145Â 067";"B01";"2";"7";"0";"2";"4";"0";"1";""
"202100031717";"145Â 065";"A01";"2";"30";"0";"0";"7";"1";"1";""
"202100031718";"145Â 064";"A01";"2";"7";"0";"1";"2";"1";"1";""
"202100031719";"145Â 063";"A01";"3";"7";"0";"1";"3";"1";"1";""
"202100031720";"145Â 061";"A01";"1";"7";"0";"2";"3";"1";"1";""
"202100031720";"145Â 062";"B01";"2";"37";"0";"2";"3";"0";"1";"1"
"202100031721";"145Â 059";"A01";"1";"33";"0";"2";"1";"17";"1";""
"202100031721";"145Â 060";"B01";"2";"7";"0";"2";"5";"15";"1";""
"202100031722";"145Â 057";"B01";"0";"7";"0";"2";"1";"1";"1";""
"202100031722";"145Â 058";"A01";"0";"7";"0";"2";"1";"19";"1";""
"202100031723";"145Â 055";"B01";"1";"7";"0";"2";"7";"15";"1";""
"202100031723";"145Â 056";"A01";"1";"7";"0";"2";"2";"1";"1";""
"202100031724";"145Â 053";"A01";"3";"7";"0";"2";"7";"19";"1";""
"202100031724";"145Â 054";"B01";"3";"7";"14";"2";"1";"0";"1";""
"202100031725";"145Â 051";"Z01";"1";"34";"0";"2";"4";"3";"0";""
"202100031725";"145Â 052";"A01";"1";"34";"0";"2";"1";"3";"1";""
"202100031726";"145Â 050";"A01";"2";"7";"0";"1";"1";"1";"1";""
"202100031727";"145Â 048";"A01";"2";"33";"0";"2";"1";"2";"1";""
"202100031727";"145Â 049";"B01";"2";"10";"0";"2";"5";"23";"6";""
"202100031728";"145Â 046";"A01";"1";"32";"0";"2";"3";"13";"1";""
"202100031728";"145Â 047";"B01";"2";"7";"0";"2";"3";"1";"1";""
"202100031729";"145Â 044";"A01";"1";"33";"8";"2";"3";"17";"1";""
"202100031729";"145Â 045";"B01";"1";"7";"0";"2";"3";"15";"1";""
"202100031730";"145Â 043";"A01";"1";"10";"0";"1";"8";"1";"1";""
"202100031731";"145Â 039";"D01";"1";"7";"0";"2";"4";"2";"2";""
"202100031731";"145Â 040";"C01";"1";"7";"0";"2";"4";"2";"1";""
"202100031731";"145Â 041";"B01";"1";"7";"0";"2";"4";"2";"1";""
"202100031731";"145Â 042";"A01";"1";"10";"0";"2";"1";"2";"1";""
"202100031732";"145Â 037";"A01";"2";"7";"0";"2";"2";"1";"1";""
"202100031732";"145Â 038";"B01";"1";"43";"0";"2";"3";"1";"1";""
"202100031733";"145Â 035";"A01";"1";"32";"0";"2";"1";"17";"1";""
"202100031733";"145Â 036";"B01";"1";"1";"0";"2";"4";"13";"5";""
"202100031734";"145Â 033";"A01";"1";"7";"0";"2";"5";"22";"2";""
"202100031734";"145Â 034";"B01";"1";"1";"0";"2";"7";"18";"5";""
"202100031735";"145Â 031";"A01";"1";"7";"0";"2";"3";"2";"1";""
"202100031735";"145Â 032";"B01";"1";"32";"0";"2";"7";"2";"1";""
"202100031736";"145Â 029";"Z01";"1";"7";"0";"2";"0";"17";"1";""
"202100031736";"145Â 030";"A01";"1";"50";"0";"2";"8";"1";"3";""
"202100031737";"145Â 027";"A01";"2";"1";"0";"2";"3";"10";"5";""
"202100031737";"145Â 028";"B01";"2";"1";"0";"2";"1";"17";"5";""
"202100031738";"145Â 025";"B01";"1";"7";"0";"2";"1";"16";"1";""
"202100031738";"145Â 026";"A01";"1";"1";"0";"2";"7";"19";"5";""
"202100031739";"145Â 024";"A01";"0";"30";"1";"0";"4";"16";"1";""
"202100031740";"145Â 022";"Z01";"1";"7";"0";"2";"1";"2";"1";""
"202100031740";"145Â 023";"A01";"1";"31";"0";"2";"4";"23";"1";""
"202100031741";"145Â 020";"A01";"2";"1";"0";"2";"8";"1";"5";""
"202100031741";"145Â 021";"Z01";"2";"7";"0";"2";"5";"14";"2";""
"202100031742";"145Â 019";"A01";"2";"31";"0";"1";"1";"3";"1";""
"202100031743";"145Â 017";"A01";"1";"7";"0";"2";"5";"15";"1";""
"202100031743";"145Â 018";"B01";"2";"13";"0";"2";"1";"1";"1";""
"202100031744";"145Â 016";"A01";"1";"7";"0";"1";"2";"15";"1";""
"202100031745";"145Â 014";"A01";"1";"7";"0";"2";"3";"9";"1";""
"202100031745";"145Â 015";"B01";"1";"30";"0";"2";"1";"17";"1";""
"202100031746";"145Â 012";"A01";"1";"7";"0";"2";"1";"20";"1";""
"202100031746";"145Â 013";"B01";"1";"32";"0";"2";"7";"1";"1";""
"202100031747";"145Â 010";"B01";"1";"1";"1";"0";"8";"2";"0";""
"202100031747";"145Â 011";"A01";"2";"10";"0";"2";"3";"23";"1";""
"202100031748";"145Â 009";"A01";"3";"7";"0";"1";"5";"26";"1";""
"202100031749";"145Â 008";"A01";"3";"43";"12";"0";"1";"1";"1";""
"202100031750";"145Â 007";"A01";"3";"7";"6";"0";"1";"14";"1";""
"202100031751";"145Â 006";"A01";"2";"7";"0";"9";"1";"1";"1";""
"202100031752";"145Â 003";"Z01";"1";"7";"0";"2";"1";"5";"1";""
"202100031752";"145Â 004";"B01";"2";"7";"0";"2";"2";"1";"1";""
"202100031752";"145Â 005";"C01";"2";"7";"1";"2";"1";"24";"1";""
"202100031753";"145Â 002";"A01";"2";"7";"0";"1";"1";"1";"1";""
"202100031754";"145Â 001";"A01";"1";"15";"0";"1";"0";"0";"1";""
"202100031755";"144Â 999";"A01";"2";"7";"0";"9";"3";"9";"1";""
"202100031755";"145Â 000";"B01";"1";"1";"0";"2";"1";"1";"0";""
"202100031756";"144Â 995";"A01";"3";"7";"0";"2";"3";"9";"1";""
"202100031756";"144Â 996";"B01";"3";"32";"0";"2";"1";"21";"1";""
"202100031757";"144Â 993";"B01";"2";"10";"16";"2";"7";"7";"0";""
"202100031757";"144Â 994";"A01";"2";"1";"0";"2";"8";"7";"5";""
"202100031758";"144Â 991";"A01";"1";"7";"0";"2";"2";"15";"1";""
"202100031758";"144Â 992";"B01";"1";"2";"0";"2";"8";"1";"1";""
"202100031759";"144Â 990";"A01";"1";"30";"1";"0";"4";"9";"1";""
"202100031760";"144Â 989";"A01";"1";"7";"0";"1";"1";"1";"1";""
"202100031761";"144Â 988";"Y01";"3";"1";"0";"0";"0";"25";"5";""
"202100031762";"144Â 986";"B01";"1";"7";"0";"2";"4";"1";"1";""
"202100031762";"144Â 987";"A01";"1";"30";"1";"2";"1";"2";"1";""
"202100031763";"144Â 984";"A01";"3";"7";"0";"2";"2";"2";"1";""
"202100031763";"144Â 985";"B01";"3";"7";"0";"2";"4";"1";"1";""
"202100031764";"144Â 983";"A01";"1";"33";"0";"1";"1";"1";"1";""
"202100031765";"144Â 982";"A01";"2";"37";"9";"0";"5";"16";"2";"2"
"202100031766";"144Â 980";"B01";"3";"7";"0";"1";"1";"1";"1";""
"202100031766";"144Â 981";"A01";"3";"1";"0";"2";"8";"1";"5";""
"202100031767";"144Â 978";"A01";"1";"31";"0";"2";"2";"17";"1";""
"202100031767";"144Â 979";"B01";"1";"7";"0";"2";"6";"15";"2";""
"202100031768";"144Â 977";"A01";"1";"7";"0";"1";"1";"1";"1";""
"202100031769";"144Â 975";"A01";"1";"7";"0";"2";"1";"16";"1";""
"202100031769";"144Â 976";"B01";"2";"7";"0";"2";"1";"1";"1";""
"202100031770";"144Â 973";"A01";"0";"7";"0";"2";"1";"15";"1";""
"202100031770";"144Â 974";"B01";"0";"33";"0";"2";"8";"1";"1";""
"202100031771";"144Â 971";"A01";"1";"1";"0";"2";"6";"2";"5";""
"202100031771";"144Â 972";"B01";"1";"1";"0";"2";"2";"2";"5";""
"202100031772";"144Â 969";"B01";"1";"15";"0";"2";"2";"26";"1";""
"202100031772";"144Â 970";"A01";"1";"33";"0";"2";"1";"0";"1";""
"202100031773";"144Â 968";"A01";"2";"7";"15";"0";"2";"14";"1";""
"202100031774";"144Â 966";"A01";"0";"7";"0";"2";"2";"1";"1";""
"202100031774";"144Â 967";"B01";"3";"1";"0";"2";"3";"1";"5";""
"202100031775";"144Â 963";"A01";"1";"7";"0";"0";"0";"17";"1";""
"202100031775";"144Â 964";"B01";"1";"7";"0";"0";"9";"17";"1";""
"202100031776";"144Â 961";"A01";"1";"33";"0";"2";"3";"1";"1";""
"202100031776";"144Â 962";"B01";"2";"17";"0";"2";"8";"17";"1";""
"202100031777";"144Â 959";"B01";"3";"31";"0";"2";"7";"15";"1";""
"202100031777";"144Â 960";"A01";"2";"15";"0";"0";"5";"1";"1";""
"202100031778";"144Â 957";"A01";"2";"2";"0";"2";"3";"13";"1";""
"202100031778";"144Â 958";"B01";"2";"7";"0";"2";"6";"1";"1";""
"202100031779";"144Â 955";"B01";"3";"2";"0";"2";"1";"1";"1";""
"202100031779";"144Â 956";"A01";"3";"7";"0";"2";"8";"15";"1";""
"202100031780";"144Â 954";"A01";"1";"7";"0";"1";"2";"1";"1";""
"202100031781";"144Â 952";"A01";"1";"7";"0";"2";"3";"9";"1";""
"202100031781";"144Â 953";"B01";"1";"2";"0";"2";"1";"1";"1";""
"202100031782";"144Â 950";"A01";"2";"2";"0";"2";"1";"1";"1";""
"202100031782";"144Â 951";"B01";"2";"7";"0";"2";"1";"15";"1";""
"202100031783";"144Â 949";"A01";"1";"2";"10";"0";"7";"0";"1";""
"202100031784";"144Â 947";"A01";"2";"7";"0";"2";"2";"17";"1";""
"202100031784";"144Â 948";"B01";"2";"14";"0";"0";"6";"2";"1";""
"202100031785";"144Â 945";"A01";"2";"7";"0";"2";"3";"26";"1";""
"202100031785";"144Â 946";"B01";"2";"7";"0";"2";"1";"1";"1";""
"202100031786";"144Â 940";"E01";"1";"7";"0";"0";"4";"1";"1";""
"202100031786";"144Â 941";"D01";"1";"7";"0";"0";"4";"2";"1";""
"202100031786";"144Â 942";"C01";"1";"15";"0";"0";"4";"2";"1";""
"202100031786";"144Â 943";"B01";"1";"15";"0";"2";"4";"21";"1";""
"202100031786";"144Â 944";"A01";"1";"15";"0";"2";"1";"2";"1";""
"202100031787";"144Â 938";"A01";"0";"7";"0";"2";"1";"1";"1";""
"202100031787";"144Â 939";"B01";"0";"7";"0";"2";"3";"1";"1";""
"202100031788";"144Â 937";"A01";"2";"7";"8";"0";"3";"13";"1";""
"202100031789";"144Â 935";"B01";"2";"7";"0";"2";"1";"1";"1";""
"202100031789";"144Â 936";"A01";"1";"7";"14";"2";"1";"16";"1";""
"202100031790";"144Â 934";"A01";"0";"33";"15";"0";"1";"1";"1";""
"202100031791";"144Â 932";"A01";"1";"7";"12";"2";"2";"17";"2";""
"202100031791";"144Â 933";"B01";"1";"7";"9";"0";"8";"15";"1";""
"202100031792";"144Â 930";"A01";"1";"7";"0";"0";"6";"9";"1";""
"202100031792";"144Â 931";"B01";"2";"7";"0";"2";"2";"16";"1";""
"202100031793";"144Â 929";"A01";"1";"33";"0";"0";"7";"1";"1";""
"202100031794";"144Â 928";"A01";"1";"33";"13";"0";"1";"1";"1";""
"202100031795";"144Â 927";"A01";"1";"7";"0";"0";"9";"1";"1";""
"202100031796";"144Â 925";"A01";"3";"7";"0";"0";"3";"2";"1";""
"202100031796";"144Â 926";"B01";"3";"7";"0";"2";"3";"15";"1";""
"202100031797";"144Â 924";"A01";"2";"14";"0";"1";"1";"1";"0";""
"202100031798";"144Â 922";"B01";"1";"10";"0";"2";"6";"2";"1";""
"202100031798";"144Â 923";"A01";"1";"33";"0";"2";"1";"2";"1";""
"202100031799";"144Â 921";"A01";"2";"7";"0";"2";"4";"1";"1";""
"202100031800";"144Â 919";"B01";"2";"7";"0";"2";"1";"2";"1";""
"202100031800";"144Â 920";"A01";"2";"7";"0";"2";"4";"2";"1";""
"202100031801";"144Â 917";"B01";"2";"7";"0";"2";"4";"1";"1";""
"202100031801";"144Â 918";"A01";"2";"7";"0";"2";"1";"2";"1";""
"202100031802";"144Â 915";"B01";"1";"7";"4";"0";"3";"1";"1";""
"202100031802";"144Â 916";"A01";"1";"10";"0";"0";"0";"13";"1";""
"202100031803";"144Â 914";"A01";"1";"7";"4";"0";"3";"13";"1";""
"202100031804";"144Â 912";"A01";"2";"7";"0";"2";"1";"1";"1";""
"202100031804";"144Â 913";"B01";"2";"7";"0";"2";"4";"2";"1";""
"202100031805";"144Â 911";"A01";"1";"43";"0";"0";"0";"2";"1";""
"202100031806";"144Â 909";"B01";"2";"7";"0";"2";"4";"1";"1";""
"202100031806";"144Â 910";"A01";"2";"7";"0";"2";"1";"1";"1";""
"202100031807";"144Â 908";"A01";"1";"3";"4";"0";"9";"13";"1";""
"202100031808";"144Â 907";"A01";"2";"33";"0";"0";"9";"2";"1";""
"202100031809";"144Â 905";"B01";"1";"7";"0";"2";"6";"1";"1";""
"202100031809";"144Â 906";"A01";"1";"32";"0";"2";"1";"3";"1";""
"202100031810";"144Â 900";"A01";"1";"7";"0";"2";"7";"2";"1";""
"202100031810";"144Â 901";"Z01";"1";"0";"0";"2";"0";"0";"0";""
"202100031810";"144Â 902";"D01";"1";"13";"0";"2";"4";"2";"1";""
"202100031810";"144Â 903";"C01";"1";"7";"0";"2";"4";"2";"1";""
"202100031810";"144Â 904";"B01";"1";"7";"0";"2";"2";"2";"1";""
"202100031811";"144Â 897";"B01";"1";"7";"0";"2";"4";"2";"2";""
"202100031811";"144Â 898";"A01";"1";"7";"0";"2";"1";"1";"1";""
"202100031811";"144Â 899";"C01";"1";"7";"0";"2";"4";"2";"1";""
"202100031812";"144Â 895";"A01";"2";"33";"0";"2";"7";"3";"1";""
"202100031812";"144Â 896";"B01";"2";"10";"0";"2";"7";"2";"1";""
"202100031813";"144Â 892";"A01";"1";"7";"0";"2";"1";"26";"1";""
"202100031813";"144Â 893";"B01";"1";"7";"0";"2";"5";"0";"1";""
"202100031813";"144Â 894";"C01";"1";"7";"0";"2";"3";"0";"1";""
"202100031814";"144Â 890";"Z01";"2";"7";"0";"2";"3";"5";"1";""
"202100031814";"144Â 891";"A01";"2";"7";"0";"2";"2";"1";"1";""
"202100031815";"144Â 888";"B01";"1";"7";"0";"2";"5";"1";"1";""
"202100031815";"144Â 889";"A01";"1";"7";"14";"2";"1";"1";"1";""
"202100031816";"144Â 884";"A01";"1";"7";"0";"2";"5";"16";"1";""
"202100031816";"144Â 885";"B01";"1";"30";"0";"2";"1";"1";"1";""
"202100031817";"144Â 882";"B01";"3";"1";"0";"2";"8";"9";"6";""
"202100031817";"144Â 883";"A01";"1";"32";"0";"2";"1";"1";"1";""
"202100031818";"144Â 881";"A01";"1";"30";"0";"0";"0";"1";"1";""
"202100031819";"144Â 879";"A01";"3";"7";"2";"0";"1";"0";"1";""
"202100031819";"144Â 880";"B01";"3";"7";"2";"0";"1";"0";"2";""
"202100031820";"144Â 877";"A01";"1";"7";"0";"2";"6";"1";"1";""
"202100031820";"144Â 878";"B01";"1";"50";"0";"2";"6";"1";"3";""
"202100031821";"144Â 875";"A01";"1";"10";"0";"2";"1";"2";"1";""
"202100031821";"144Â 876";"B01";"1";"7";"0";"2";"4";"2";"1";""
"202100031822";"144Â 873";"B01";"2";"7";"0";"2";"6";"15";"1";""
"202100031822";"144Â 874";"A01";"1";"33";"0";"2";"1";"1";"1";""
"202100031823";"144Â 871";"A01";"3";"7";"0";"2";"1";"1";"1";""
"202100031823";"144Â 872";"B01";"3";"7";"0";"2";"4";"1";"1";""
"202100031824";"144Â 869";"A01";"1";"60";"0";"2";"8";"19";"5";""
"202100031824";"144Â 870";"B01";"3";"7";"0";"2";"8";"1";"1";""
"202100031825";"144Â 867";"A01";"3";"7";"0";"1";"5";"15";"1";""
"202100031825";"144Â 868";"B01";"1";"1";"0";"2";"8";"26";"5";""
"202100031826";"144Â 866";"A01";"3";"7";"0";"1";"3";"1";"1";""
"202100031827";"144Â 864";"B01";"3";"32";"0";"2";"8";"2";"1";""
"202100031827";"144Â 865";"A01";"3";"7";"0";"2";"3";"9";"1";""
"202100031828";"144Â 862";"B01";"3";"33";"0";"2";"1";"1";"1";""
"202100031828";"144Â 863";"A01";"1";"7";"0";"2";"2";"9";"1";""
"202100031829";"144Â 860";"A01";"1";"99";"0";"9";"3";"26";"1";""
"202100031829";"144Â 861";"B01";"1";"1";"0";"2";"1";"25";"0";""
"202100031830";"144Â 858";"A01";"2";"7";"0";"2";"3";"1";"1";""
"202100031830";"144Â 859";"B01";"3";"1";"0";"2";"7";"1";"5";""
"202100031831";"144Â 856";"A01";"1";"7";"0";"2";"3";"1";"1";""
"202100031831";"144Â 857";"B01";"2";"34";"0";"2";"1";"19";"1";""
"202100031832";"144Â 854";"A01";"3";"33";"0";"0";"7";"1";"1";""
"202100031833";"144Â 852";"A01";"2";"7";"0";"2";"1";"1";"1";""
"202100031833";"144Â 853";"B01";"2";"7";"0";"2";"3";"1";"1";""
"202100031834";"144Â 850";"A01";"2";"7";"0";"2";"1";"1";" -1";""
"202100031834";"144Â 851";"B01";"2";"7";"0";"2";"0";"19";" -1";""
"202100031835";"144Â 849";"A01";"1";"7";"17";"0";"1";"1";"1";""
"202100031836";"144Â 847";"A01";"0";"33";"0";"2";"1";"2";"1";""
"202100031836";"144Â 848";"B01";"0";"7";"0";"2";"4";"2";"1";""
"202100031837";"144Â 845";"A01";"0";"2";"0";"2";"1";"1";"1";""
"202100031837";"144Â 846";"B01";"0";"7";"0";"2";"3";"1";"1";""
"202100031838";"144Â 844";"A01";"0";"7";"0";"0";"9";"1";"1";""
"202100031839";"144Â 842";"A01";"1";"7";"0";"2";"1";"15";"2";""
"202100031839";"144Â 843";"B01";"2";"33";"0";"2";"1";"0";"1";""
"202100031840";"144Â 840";"B01";"3";"34";"0";"2";"1";"26";"0";""
"202100031840";"144Â 841";"A01";"3";"7";"0";"2";"0";"1";"1";""
"202100031841";"144Â 836";"A01";"1";"7";"0";"1";"1";"1";"1";""
"202100031842";"144Â 835";"A01";"1";"7";"1";"0";"1";"1";"1";""
"202100031843";"144Â 834";"A01";"2";"7";"1";"0";"3";"0";"1";""
"202100031844";"144Â 832";"B01";"1";"7";"0";"2";"8";"0";"1";""
"202100031844";"144Â 833";"A01";"2";"2";"0";"2";"1";"9";"1";""
"202100031845";"144Â 830";"B01";"2";"99";"0";"2";"6";"26";"6";""
"202100031845";"144Â 831";"A01";"2";"2";"1";"0";"1";"1";"1";""
"202100031846";"144Â 829";"A01";"1";"7";"0";"1";"1";"15";"1";""
"202100031847";"144Â 828";"A01";"1";"7";"0";"1";"7";"1";"1";""
"202100031848";"144Â 826";"A01";"2";"7";"0";"2";"8";"14";"1";""
"202100031848";"144Â 827";"B01";"2";"7";"0";"2";"1";"1";"1";""
"202100031849";"144Â 824";"A01";"2";"7";"0";"2";"5";"9";"1";""
"202100031849";"144Â 825";"B01";"1";"1";"0";"2";"5";"0";"5";""
"202100031850";"144Â 822";"A01";"1";"7";"0";"2";"1";"9";"1";""
"202100031850";"144Â 823";"B01";"2";"1";"0";"2";"7";"1";"0";""
"202100031851";"144Â 820";"A01";"1";"7";"0";"2";"1";"1";"1";""
"202100031851";"144Â 821";"B01";"2";"50";"0";"2";"0";"13";"3";""
"202100031852";"144Â 819";"A01";"2";"7";"4";"0";"9";"1";"1";""
"202100031853";"144Â 817";"A01";"0";"7";"0";"2";"2";"1";"1";""
"202100031853";"144Â 818";"B01";"0";"7";"0";"2";"1";"9";"1";""
"202100031854";"144Â 816";"A01";"1";"30";"1";"0";"8";"13";"1";""
"202100031855";"144Â 815";"A01";"1";"30";"0";"0";"3";"16";"1";""
"202100031856";"144Â 814";"A01";"1";"7";"0";"0";"0";"26";"1";""
"202100031857";"144Â 813";"A01";"1";"7";"13";"0";"9";"1";"1";""
"202100031858";"144Â 812";"A01";"1";"2";"0";"0";"7";"26";"1";""
"202100031859";"144Â 810";"B01";"1";"30";"0";"2";"1";"19";"1";""
"202100031859";"144Â 811";"A01";"1";"7";"0";"2";"1";"19";"1";""
"202100031860";"144Â 809";"A01";"1";"7";"0";"1";"1";"26";"1";""
"202100031861";"144Â 807";"B01";"1";"99";"0";"2";"3";"9";"3";""
"202100031861";"144Â 808";"A01";"3";"7";"0";"2";"2";"1";"1";""
"202100031862";"144Â 805";"A01";"1";"31";"0";"2";"0";"0";"0";""
"202100031862";"144Â 806";"B01";"1";"7";"1";"0";"0";"0";"0";""
"202100031863";"144Â 803";"B01";"1";"7";"0";"2";"0";"0";"1";""
"202100031863";"144Â 804";"A01";"1";"50";"0";"2";"7";"19";"3";""
"202100031864";"144Â 801";"B01";"0";"20";"0";"2";"1";"1";"1";""
"202100031864";"144Â 802";"A01";"0";"32";"0";"2";"2";"9";"3";""
"202100031865";"144Â 800";"A01";"0";"7";"1";"0";"1";"1";"1";""
"202100031866";"144Â 795";"A01";"1";"10";"0";"2";"1";"2";"1";""
"202100031866";"144Â 796";"B01";"1";"7";"0";"2";"4";"23";"1";""
"202100031866";"144Â 797";"C01";"1";"7";"0";"2";"4";"23";"1";""
"202100031866";"144Â 798";"D01";"1";"10";"0";"2";"4";"23";"1";""
"202100031866";"144Â 799";"E01";"1";"7";"0";"2";"4";"23";"1";""
"202100031867";"144Â 794";"A01";"2";"7";"0";"1";"1";"2";"1";""
"202100031868";"144Â 790";"A01";"0";"10";"0";"2";"2";"16";"1";""
"202100031868";"144Â 791";"B01";"1";"50";"0";"0";"0";"1";"3";""
"202100031869";"144Â 788";"B01";"2";"1";"0";"2";"7";"1";"0";""
"202100031869";"144Â 789";"A01";"1";"7";"0";"2";"7";"9";"1";""
"202100031870";"144Â 787";"A01";"1";"7";"0";"1";"3";"1";"1";""
"202100031871";"144Â 785";"B01";"2";"7";"0";"2";"3";"1";"1";""
"202100031871";"144Â 786";"A01";"1";"7";"0";"2";"3";"1";"1";""
"202100031872";"144Â 783";"B01";"3";"7";"0";"2";"1";"1";"1";""
"202100031872";"144Â 784";"A01";"3";"1";"0";"2";"1";"1";"5";""
"202100031873";"144Â 782";"A01";"2";"1";"1";"1";"1";"21";"5";""
"202100031874";"144Â 780";"A01";"2";"7";"0";"2";"1";"9";"1";""
"202100031874";"144Â 781";"B01";"2";"7";"0";"2";"8";"1";"1";""
"202100031875";"144Â 778";"A01";"1";"7";"0";"2";"3";"15";"1";""
"202100031875";"144Â 779";"B01";"2";"99";"0";"2";"1";"1";"0";""
"202100031876";"144Â 777";"A01";"1";"30";"0";"0";"9";"1";"1";""
"202100031877";"144Â 775";"B01";"1";"30";"0";"2";"1";"1";"1";""
"202100031877";"144Â 776";"A01";"2";"7";"0";"2";"7";"15";"1";""
"202100031878";"144Â 771";"B01";"1";"10";"0";"2";"4";"9";"1";""
"202100031878";"144Â 772";"A01";"1";"7";"0";"2";"1";"9";"1";""
"202100031879";"144Â 770";"A01";"2";"7";"0";"1";"1";"1";"1";""
"202100031880";"144Â 768";"B01";"2";"1";"0";"2";"2";"0";"0";""
"202100031880";"144Â 769";"A01";"1";"7";"0";"2";"1";"9";"1";""
"202100031881";"144Â 767";"A01";"3";"31";"3";"9";"1";"1";"1";""
"202100031882";"144Â 765";"A01";"3";"7";"0";"2";"1";"15";"1";""
"202100031882";"144Â 766";"B01";"3";"7";"0";"2";"1";"1";"1";""
"202100031883";"144Â 763";"B01";"0";"7";"0";"2";"5";"1";"1";""
"202100031883";"144Â 764";"A01";"0";"7";"0";"2";"1";"1";"1";""
"202100031884";"144Â 762";"A01";"1";"32";"10";"0";"0";"1";"1";""
"202100031885";"144Â 761";"A01";"1";"7";"9";"0";"1";"14";"1";""
"202100031886";"144Â 759";"Z01";"2";"32";"14";"2";"1";"15";"0";""
"202100031886";"144Â 760";"A01";"1";"7";"0";"2";"3";"1";"1";""
"202100031887";"144Â 757";"B01";"1";"34";"0";"9";"7";"15";"1";""
"202100031887";"144Â 758";"A01";"2";"7";"0";"2";"3";"1";"1";""
"202100031888";"144Â 755";"A01";"2";"31";"0";"2";"8";"15";"1";""
"202100031888";"144Â 756";"B01";"2";"31";"0";"2";"7";"1";"1";""
"202100031889";"144Â 753";"A01";"2";"7";"0";"2";"3";"19";"1";""
"202100031889";"144Â 754";"B01";"2";"2";"0";"2";"1";"1";"1";""
"202100031890";"144Â 752";"A01";"3";"10";"0";"1";"7";"1";"1";""
"202100031891";"144Â 750";"A01";"2";"7";"0";"2";"5";"15";"1";""
"202100031891";"144Â 751";"B01";"1";"33";"0";"2";"1";"2";"1";""
"202100031892";"144Â 748";"B01";"2";"7";"0";"2";"5";"13";"1";""
"202100031892";"144Â 749";"A01";"2";"33";"0";"2";"3";"18";"1";""
"202100031893";"144Â 747";"A01";"1";"1";"0";"0";"7";"1";"5";""
"202100031894";"144Â 745";"A01";"1";"7";"0";"2";"3";"1";"1";""
"202100031894";"144Â 746";"B01";"2";"7";"0";"2";"3";"1";"1";""
"202100031895";"144Â 744";"A01";"1";"7";"0";"0";"9";"1";"1";""
"202100031896";"144Â 742";"Z01";"0";"7";"0";"2";"7";"12";"0";""
"202100031896";"144Â 743";"A01";"2";"31";"0";"2";"8";"2";"1";""
"202100031897";"144Â 738";"D01";"1";"10";"0";"2";"5";"2";"1";""
"202100031897";"144Â 739";"C01";"1";"7";"0";"2";"6";"2";"1";""
"202100031897";"144Â 740";"B01";"1";"33";"0";"2";"1";"3";"1";""
"202100031897";"144Â 741";"A01";"1";"7";"0";"2";"7";"12";"1";""
"202100031898";"144Â 736";"Z01";"0";"7";"0";"2";"1";"10";"1";""
"202100031898";"144Â 737";"A01";"3";"30";"0";"2";"1";"1";"1";""
"202100031899";"144Â 734";"B01";"1";"7";"0";"2";"2";"1";"1";""
"202100031899";"144Â 735";"A01";"1";"30";"0";"2";"1";"1";"1";""
"202100031900";"144Â 733";"Z01";"3";"7";"15";"0";"1";"14";"1";""
"202100031901";"144Â 732";"A01";"2";"37";"9";"1";"5";"1";"1";"1"
"202100031902";"144Â 730";"A01";"2";"7";"0";"2";"8";"1";"1";""
"202100031902";"144Â 731";"B01";"2";"30";"0";"2";"1";"1";"1";""
"202100031903";"144Â 727";"A01";"1";"7";"0";"2";"1";"1";"1";""
"202100031903";"144Â 728";"B01";"1";"7";"0";"2";"4";"23";"1";""
"202100031903";"144Â 729";"C01";"1";"7";"0";"2";"4";"23";"1";""