"Num_Acc";"id_vehicule";"num_veh";"senc";"catv";"obs";"obsm";"choc";"manv";"motor";"occutc"
"202100031904";"144Â 725";"B01";"1";"7";"0";"2";"2";"1";"1";""
"202100031904";"144Â 726";"A01";"1";"80";"0";"2";"7";"1";"3";""
"202100031905";"144Â 722";"B01";"1";"33";"0";"2";"1";"1";"1";""
"202100031905";"144Â 723";"A01";"2";"10";"0";"2";"2";"9";"1";""
"202100031906";"144Â 720";"A01";"0";"32";"0";"2";"1";"1";"1";""
"202100031906";"144Â 721";"B01";"0";"7";"0";"2";"3";"1";"1";""
"202100031907";"144Â 718";"B01";"3";"7";"0";"2";"5";"1";"1";""
"202100031907";"144Â 719";"A01";"3";"1";"0";"2";"8";"1";"5";""
"202100031908";"144Â 716";"Z01";"2";"7";"0";"2";"1";"1";"0";""
"202100031908";"144Â 717";"A01";"2";"32";"0";"2";"4";"1";"1";""
"202100031909";"144Â 715";"A01";"1";"7";"15";"0";"1";"24";"1";""
"202100031910";"144Â 713";"A01";"1";"7";"0";"2";"2";"16";"1";""
"202100031910";"144Â 714";"B01";"1";"43";"0";"2";"3";"18";"1";""
"202100031911";"144Â 711";"A01";"1";"7";"0";"2";"1";"2";"1";""
"202100031911";"144Â 712";"B01";"1";"7";"0";"2";"4";"0";"1";""
"202100031912";"144Â 709";"B01";"2";"7";"0";"2";"2";"10";"1";""
"202100031912";"144Â 710";"A01";"2";"2";"0";"2";"1";"1";"1";""
"202100031913";"144Â 707";"B01";"2";"7";"0";"2";"2";"1";"1";""
"202100031913";"144Â 708";"A01";"1";"7";"0";"2";"2";"19";"1";""
"202100031914";"144Â 705";"A01";"3";"7";"0";"2";"2";"26";"0";""
"202100031914";"144Â 706";"B01";"3";"7";"0";"2";"6";"15";"1";""
"202100031915";"144Â 703";"A01";"2";"2";"0";"2";"1";"2";"1";""
"202100031915";"144Â 704";"B01";"2";"7";"0";"2";"4";"1";"1";""
"202100031916";"144Â 701";"A01";"1";"7";"0";"2";"4";"1";"1";""
"202100031916";"144Â 702";"B01";"1";"34";"0";"2";"2";"1";"0";""
"202100031917";"144Â 697";"B01";"3";"7";"0";"2";"4";"1";"1";""
"202100031917";"144Â 698";"A01";"3";"10";"0";"2";"1";"1";"1";""
"202100031917";"144Â 699";"D01";"3";"7";"0";"2";"4";"1";"1";""
"202100031917";"144Â 700";"C01";"3";"7";"0";"2";"4";"1";"1";""
"202100031918";"144Â 695";"B01";"3";"1";"0";"2";"7";"9";"6";""
"202100031918";"144Â 696";"A01";"3";"99";"0";"2";"1";"9";"0";""
"202100031919";"144Â 693";"B01";"1";"37";"0";"2";"1";"1";"1";"1"
"202100031919";"144Â 694";"A01";"1";"7";"8";"2";"8";"19";"1";""
"202100031920";"144Â 691";"B01";"1";"15";"0";"2";"1";"2";"1";""
"202100031920";"144Â 692";"A01";"1";"10";"0";"2";"4";"1";"1";""
"202100031921";"144Â 689";"A01";"2";"7";"0";"2";"5";"15";"1";""
"202100031921";"144Â 690";"B01";"1";"32";"0";"2";"1";"1";"1";""
"202100031922";"144Â 687";"A01";"1";"7";"0";"2";"2";"15";"1";""
"202100031922";"144Â 688";"B01";"2";"32";"0";"2";"0";"0";"1";""
"202100031923";"144Â 685";"B01";"1";"1";"0";"2";"1";"2";"0";""
"202100031923";"144Â 686";"A01";"1";"3";"0";"2";"4";"23";"0";""
"202100031924";"144Â 683";"A01";"3";"7";"0";"2";"8";"1";"1";""
"202100031924";"144Â 684";"B01";"3";"7";"0";"2";"1";"1";"1";""
"202100031925";"144Â 681";"B01";"1";"32";"0";"2";"0";"1";"1";""
"202100031925";"144Â 682";"A01";"1";"7";"0";"2";"2";"16";"1";""
"202100031926";"144Â 680";"A01";"1";"2";"9";"0";"2";"1";"1";""
"202100031927";"144Â 678";"B01";"2";"7";"0";"2";"3";"1";"1";""
"202100031927";"144Â 679";"A01";"1";"7";"0";"2";"3";"1";"1";""
"202100031928";"144Â 676";"A01";"1";"10";"0";"2";"3";"15";"1";""
"202100031928";"144Â 677";"B01";"1";"33";"0";"2";"3";"17";"1";""
"202100031929";"144Â 674";"A01";"1";"31";"0";"2";"5";"17";"1";""
"202100031929";"144Â 675";"B01";"1";"7";"0";"2";"3";"15";"1";""
"202100031930";"144Â 672";"B01";"1";"80";"0";"2";"8";"9";"3";""
"202100031930";"144Â 673";"A01";"1";"7";"0";"9";"2";"16";"1";""
"202100031931";"144Â 670";"B01";"1";"7";"0";"0";"6";"9";"1";""
"202100031931";"144Â 671";"A01";"1";"33";"0";"0";"8";"1";"1";""
"202100031932";"144Â 666";"A01";"1";"10";"0";"2";"1";"1";"1";""
"202100031932";"144Â 667";"B01";"1";"7";"0";"0";"4";"15";"1";""
"202100031933";"144Â 664";"A01";"1";"33";"0";"2";"7";"17";"1";""
"202100031933";"144Â 665";"B01";"1";"7";"0";"2";"6";"1";"1";""
"202100031934";"144Â 662";"B01";"2";"15";"0";"2";"8";"1";"1";""
"202100031934";"144Â 663";"A01";"1";"33";"13";"2";"8";"13";"1";""
"202100031935";"144Â 661";"A01";"1";"7";"13";"0";"8";"1";"1";""
"202100031936";"144Â 660";"A01";"3";"7";"8";"0";"2";"14";"1";""
"202100031937";"144Â 659";"A01";"2";"7";"6";"0";"2";"1";"1";""
"202100031938";"144Â 657";"A01";"2";"7";"0";"2";"3";"15";"1";""
"202100031938";"144Â 658";"B01";"1";"2";"0";"2";"2";"1";"1";""
"202100031939";"144Â 656";"A01";"2";"43";"0";"2";"7";"2";"1";""
"202100031940";"144Â 654";"B01";"2";"7";"0";"2";"5";"12";"1";""
"202100031940";"144Â 655";"A01";"2";"33";"0";"2";"1";"3";"1";""
"202100031941";"144Â 652";"B01";"2";"7";"0";"2";"8";"11";"1";""
"202100031941";"144Â 653";"A01";"2";"33";"0";"2";"1";"3";"1";""
"202100031942";"144Â 648";"A01";"1";"7";"0";"2";"1";"2";"1";""
"202100031942";"144Â 649";"B01";"1";"7";"0";"2";"4";"2";"1";""
"202100031942";"144Â 650";"C01";"1";"7";"0";"2";"1";"2";"1";""
"202100031942";"144Â 651";"D01";"2";"7";"0";"2";"4";"2";"1";""
"202100031943";"144Â 645";"C01";"1";"10";"0";"2";"2";"2";"1";""
"202100031943";"144Â 646";"B01";"1";"7";"0";"2";"4";"2";"1";""
"202100031943";"144Â 647";"A01";"1";"7";"0";"2";"1";"2";"1";""
"202100031944";"144Â 643";"A01";"1";"43";"0";"2";"1";"3";"1";""
"202100031944";"144Â 644";"B01";"1";"7";"0";"2";"7";"12";"1";""
"202100031945";"144Â 641";"B01";"1";"99";"0";"2";"4";"23";"1";""
"202100031945";"144Â 642";"A01";"1";"7";"1";"0";"1";"2";"0";""
"202100031946";"144Â 639";"B01";"1";"33";"0";"2";"7";"3";"1";""
"202100031946";"144Â 640";"A01";"1";"7";"0";"2";"6";"11";"1";""
"202100031947";"144Â 637";"B01";"1";"7";"0";"2";"1";"2";"1";""
"202100031947";"144Â 638";"A01";"1";"7";"0";"2";"4";"2";"1";""
"202100031948";"144Â 635";"B01";"2";"7";"0";"2";"4";"1";"1";""
"202100031948";"144Â 636";"A01";"2";"7";"0";"2";"1";"1";"3";""
"202100031949";"144Â 633";"A01";"1";"7";"0";"2";"4";"1";"1";""
"202100031949";"144Â 634";"Z01";"1";"7";"0";"2";"3";"11";"0";""
"202100031950";"144Â 631";"A01";"1";"7";"0";"1";"1";"23";"1";""
"202100031950";"144Â 632";"B01";"1";"7";"0";"2";"0";"23";"1";""
"202100031951";"144Â 630";"A01";"3";"7";"0";"1";"4";"4";"1";""
"202100031952";"144Â 628";"B01";"2";"31";"0";"2";"5";"2";"1";""
"202100031952";"144Â 629";"A01";"2";"1";"0";"2";"5";"2";"5";""
"202100031953";"144Â 627";"A01";"1";"7";"2";"0";"1";"1";"1";""
"202100031954";"144Â 624";"B01";"1";"31";"0";"2";"1";"1";"1";""
"202100031954";"144Â 625";"A01";"1";"7";"0";"2";"3";"9";"1";""
"202100031954";"144Â 626";"C01";"1";"7";"0";"2";"3";"23";"1";""
"202100031955";"144Â 623";"A01";"3";"10";"0";"1";"4";"20";"1";""
"202100031956";"144Â 622";"A01";"1";"30";"15";"0";"1";"1";"1";""
"202100031957";"144Â 621";"A01";"3";"7";"15";"0";"1";"25";"1";""
"202100031958";"144Â 619";"A01";"1";"30";"0";"2";"7";"1";"1";""
"202100031958";"144Â 620";"B01";"1";"7";"0";"2";"1";"1";"1";""
"202100031959";"144Â 618";"A01";"2";"30";"15";"0";"1";"0";"1";""
"202100031960";"144Â 616";"B01";"1";"7";"0";"2";"8";"9";"1";""
"202100031960";"144Â 617";"A01";"1";"7";"0";"2";"1";"9";"1";""
"202100031961";"144Â 615";"A01";"3";"7";"0";"1";"5";"20";"1";""
"202100031962";"144Â 613";"B01";"2";"7";"0";"2";"6";"14";"1";""
"202100031962";"144Â 614";"A01";"2";"7";"0";"2";"2";"17";"1";""
"202100031963";"144Â 612";"A01";"3";"7";"0";"1";"2";"1";"1";""
"202100031964";"144Â 609";"A01";"1";"7";"4";"2";"2";"17";"1";""
"202100031964";"144Â 610";"B01";"1";"7";"12";"2";"6";"1";"2";""
"202100031964";"144Â 611";"C01";"1";"7";"4";"2";"2";"1";"1";""
"202100031965";"144Â 607";"A01";"1";"7";"0";"2";"8";"15";"1";""
"202100031965";"144Â 608";"B01";"1";"43";"0";"2";"3";"17";"1";""
"202100031966";"144Â 606";"A01";"3";"2";"0";"0";"1";"26";"1";""
"202100031967";"144Â 605";"A01";"2";"33";"3";"0";"0";"0";" -1";""
"202100031968";"144Â 603";"B01";"1";"10";"0";"2";"1";"1";"1";""
"202100031968";"144Â 604";"A01";"3";"2";"0";"2";"8";"19";"1";""
"202100031969";"144Â 601";"A01";"0";"33";"0";"2";"0";"0";"0";""
"202100031969";"144Â 602";"B01";"1";"7";"0";"2";"0";"0";"0";""
"202100031970";"144Â 600";"A01";"2";"32";"12";"0";"1";"1";"1";""
"202100031971";"144Â 599";"A01";"1";"7";"0";"2";"3";"20";"1";""
"202100031972";"144Â 596";"A01";"1";"7";"0";"1";"3";"1";"1";""
"202100031973";"144Â 594";"B01";"1";"7";"0";"2";"1";"1";"1";""
"202100031973";"144Â 595";"A01";"2";"7";"0";"2";"1";"26";"1";""
"202100031974";"144Â 592";"A01";"1";"10";"0";"2";"3";"1";"1";""
"202100031974";"144Â 593";"B01";"3";"7";"0";"2";"7";"15";"1";""
"202100031975";"144Â 590";"A01";"2";"7";"0";"2";"1";"26";"0";""
"202100031975";"144Â 591";"B01";"1";"7";"0";"2";"1";"11";"1";""
"202100031976";"144Â 588";"A01";"0";"1";"0";"2";"1";"5";"5";""
"202100031976";"144Â 589";"B01";"0";"7";"0";"2";"1";"15";"1";""
"202100031977";"144Â 586";"Z01";"0";"7";"0";"2";"1";"15";"0";""
"202100031977";"144Â 587";"B01";"1";"1";"0";"2";"1";"1";"5";""
"202100031978";"144Â 584";"B01";"1";"80";"0";"2";"4";"2";"3";""
"202100031978";"144Â 585";"A01";"1";"7";"0";"2";"2";"2";"1";""
"202100031979";"144Â 582";"B01";"3";"7";"0";"2";"5";"20";"1";""
"202100031979";"144Â 583";"A01";"3";"1";"0";"2";"2";"0";"5";""
"202100031980";"144Â 580";"B01";"2";"7";"2";"2";"8";"21";"1";""
"202100031980";"144Â 581";"A01";"1";"7";"0";"2";"1";"13";"1";""
"202100031981";"144Â 579";"A01";"2";"7";"2";"0";"0";"16";"1";""
"202100031982";"144Â 578";"A01";"3";"1";"0";"1";"1";"1";"5";""
"202100031983";"144Â 576";"B01";"1";"7";"0";"2";"4";"1";"1";""
"202100031983";"144Â 577";"A01";"1";"30";"0";"2";"1";"1";"1";""
"202100031984";"144Â 575";"A01";"3";"7";"8";"1";"1";"1";"1";""
"202100031985";"144Â 574";"Z01";"2";"0";"0";"1";"2";"0";"0";""
"202100031986";"144Â 573";"A01";"0";"7";"9";"0";"1";"1";"1";""
"202100031987";"144Â 570";"A01";"3";"7";"14";"2";"4";"26";"1";""
"202100031987";"144Â 571";"C01";"3";"7";"0";"2";"4";"23";"1";""
"202100031987";"144Â 572";"B01";"3";"7";"14";"2";"4";"26";"1";""
"202100031988";"144Â 569";"A01";"0";"7";"0";"1";"2";"2";"1";""
"202100031989";"144Â 566";"B01";"1";"7";"0";"2";"4";"23";"1";""
"202100031989";"144Â 567";"A01";"2";"7";"0";"2";"4";"1";"2";""
"202100031989";"144Â 568";"Z01";"2";"7";"0";"2";"1";"1";"1";""
"202100031990";"144Â 562";"D01";"1";"7";"0";"2";"4";"23";"1";""
"202100031990";"144Â 563";"C01";"1";"7";"0";"2";"4";"23";"1";""
"202100031990";"144Â 564";"B01";"1";"7";"0";"2";"4";"23";"1";""
"202100031990";"144Â 565";"A01";"1";"7";"0";"2";"1";"1";"2";""
"202100031991";"144Â 561";"A01";"1";"10";"0";"1";"3";"15";"1";""
"202100031992";"144Â 560";"A01";"0";"7";"0";"1";"7";"15";"1";""
"202100031993";"144Â 558";"Z01";"1";"7";"0";"2";"0";"16";"2";""
"202100031993";"144Â 559";"A01";"1";"50";"0";"2";"8";"1";"3";""
"202100031994";"144Â 557";"A01";"2";"2";"0";"0";"7";"1";"1";""
"202100031995";"144Â 554";"A01";"0";"7";"0";"2";"3";"1";"1";""
"202100031995";"144Â 555";"Z01";"0";"32";"0";"2";"3";"9";"1";""
"202100031995";"144Â 556";"B01";"1";"2";"0";"2";"3";"1";"1";""
"202100031996";"144Â 552";"B01";"1";"7";"0";"2";"5";"15";"1";""
"202100031996";"144Â 553";"A01";"1";"7";"0";"2";"1";"2";"1";""
"202100031997";"144Â 550";"A01";"3";"10";"0";"2";"1";"17";"1";""
"202100031997";"144Â 551";"C01";"0";"10";"1";"0";"7";"0";"1";""
"202100031998";"144Â 548";"B01";"1";"7";"0";"2";"2";"21";"1";""
"202100031998";"144Â 549";"A01";"1";"7";"0";"2";"6";"23";"1";""
"202100031999";"144Â 545";"B01";"1";"7";"0";"2";"6";"0";"1";""
"202100031999";"144Â 546";"A01";"1";"7";"0";"2";"6";"26";"1";""
"202100031999";"144Â 547";"C01";"1";"7";"0";"9";"0";"0";"1";""
"202100032000";"144Â 543";"A01";"1";"33";"0";"2";"5";"1";"1";""
"202100032000";"144Â 544";"B01";"1";"7";"0";"2";"2";"1";"0";""
"202100032001";"144Â 541";"A01";"1";"7";"0";"2";"3";"1";"1";""
"202100032001";"144Â 542";"B01";"1";"7";"0";"2";"1";"2";"1";""
"202100032002";"144Â 540";"A01";"1";"7";"2";"0";"1";"15";"1";""
"202100032003";"144Â 538";"B01";"3";"7";"0";"2";"1";"1";"1";""
"202100032003";"144Â 539";"A01";"3";"7";"0";"2";"7";"26";"1";""
"202100032004";"144Â 537";"A01";"2";"33";"16";"0";"7";"15";"1";""
"202100032005";"144Â 535";"B01";"1";"10";"0";"2";"4";"0";"1";""
"202100032005";"144Â 536";"A01";"1";"50";"0";"2";"1";"2";"3";""
"202100032006";"144Â 533";"B01";"1";"7";"1";"2";"3";"1";"1";""
"202100032006";"144Â 534";"A01";"2";"7";"0";"2";"1";"15";"1";""
"202100032007";"144Â 531";"A01";"2";"3";"0";"2";"3";"9";"2";""
"202100032007";"144Â 532";"B01";"2";"2";"0";"2";"2";"1";"1";""
"202100032008";"144Â 530";"A01";"1";"33";"0";"0";"3";"1";"1";""
"202100032009";"144Â 529";"A01";"2";"33";"7";"0";"1";"1";"1";""
"202100032010";"144Â 528";"A01";"1";"33";"0";"0";"8";"1";"1";""
"202100032011";"144Â 526";"A01";"1";"7";"0";"2";"4";"12";"1";""
"202100032011";"144Â 527";"B01";"1";"10";"0";"2";"1";"1";"1";""
"202100032012";"144Â 524";"A01";"1";"7";"0";"2";"1";"1";"1";""
"202100032012";"144Â 525";"B01";"2";"7";"0";"2";"1";"1";"1";""
"202100032013";"144Â 523";"A01";"1";"33";"0";"0";"8";"0";"0";""
"202100032014";"144Â 521";"A01";"1";"14";"0";"2";"7";"17";"1";""
"202100032014";"144Â 522";"B01";"1";"32";"0";"2";"8";"2";"1";""
"202100032015";"144Â 519";"A01";"1";"7";"0";"0";"1";"13";"1";""
"202100032015";"144Â 520";"B01";"2";"10";"6";"0";"3";"1";"1";""
"202100032016";"144Â 518";"A01";"0";"2";"0";"0";"0";"0";"1";""
"202100032017";"144Â 517";"A01";"1";"7";"6";"0";"1";"13";"2";""
"202100032018";"144Â 515";"B01";"2";"7";"7";"2";"1";"1";"1";""
"202100032018";"144Â 516";"A01";"1";"7";"13";"2";"7";"19";"1";""
"202100032019";"144Â 512";"A01";"3";"7";"0";"2";"1";"1";"1";""
"202100032019";"144Â 513";"B01";"3";"7";"0";"2";"4";"1";"1";""
"202100032019";"144Â 514";"C01";"3";"7";"0";"2";"4";"1";"1";""
"202100032020";"144Â 511";"A01";"1";"7";"13";"0";"1";"1";"1";""
"202100032021";"144Â 509";"A01";"0";"7";"0";"2";"3";"5";"1";""
"202100032021";"144Â 510";"B01";"0";"7";"0";"2";"3";"1";"1";""
"202100032022";"144Â 507";"A01";"2";"7";"0";"2";"3";"9";"1";""
"202100032022";"144Â 508";"B01";"2";"31";"0";"0";"5";"15";"1";""
"202100032023";"144Â 506";"A01";"1";"33";"0";"0";"1";"14";"1";""
"202100032024";"144Â 505";"A01";"2";"33";"0";"0";"9";"21";"1";""
"202100032025";"144Â 503";"A01";"0";"7";"0";"2";"1";"15";"1";""
"202100032025";"144Â 504";"B01";"2";"7";"0";"2";"2";"1";"1";""
"202100032026";"144Â 501";"A01";"2";"7";"0";"2";"8";"9";"1";""
"202100032026";"144Â 502";"B01";"1";"7";"0";"2";"1";"1";"1";""
"202100032027";"144Â 499";"B01";"2";"7";"2";"2";"3";"1";"1";""
"202100032027";"144Â 500";"A01";"1";"7";"0";"2";"2";"15";"1";""
"202100032028";"144Â 497";"B01";"0";"32";"0";"2";"1";"1";"1";""
"202100032028";"144Â 498";"A01";"0";"7";"0";"2";"8";"10";"1";""
"202100032029";"144Â 496";"A01";"2";"1";"0";"0";"0";"1";"5";""
"202100032030";"144Â 494";"A01";"0";"7";"0";"2";"1";"19";"1";""
"202100032030";"144Â 495";"B01";"2";"7";"0";"2";"2";"1";"1";""
"202100032031";"144Â 492";"A01";"2";"7";"0";"0";"3";"26";"1";""
"202100032031";"144Â 493";"B01";"1";"2";"0";"0";"1";"1";"1";""
"202100032032";"144Â 491";"A01";"1";"7";"0";"1";"8";"1";"0";""
"202100032033";"144Â 489";"B01";"2";"1";"0";"2";"1";"1";"5";""
"202100032033";"144Â 490";"A01";"3";"7";"0";"2";"8";"1";"1";""
"202100032034";"144Â 487";"A01";"1";"33";"0";"2";"2";"17";"1";""
"202100032034";"144Â 488";"B01";"1";"16";"0";"2";"3";"15";"1";""
"202100032035";"144Â 486";"A01";"1";"7";"0";"0";"0";"26";"1";""
"202100032036";"144Â 485";"A01";"1";"7";"2";"0";"2";"0";"1";""
"202100032037";"144Â 483";"A01";"2";"7";"0";"2";"3";"13";"1";""
"202100032037";"144Â 484";"B01";"1";"7";"0";"2";"3";"1";"1";""
"202100032038";"144Â 482";"A01";"1";"7";"0";"1";"3";"15";"1";""
"202100032039";"144Â 480";"A01";"1";"33";"0";"2";"8";"17";"1";""
"202100032039";"144Â 481";"B01";"2";"7";"0";"2";"8";"1";"1";""
"202100032040";"144Â 478";"B01";"1";"7";"0";"2";"3";"2";"1";""
"202100032040";"144Â 479";"A01";"1";"10";"0";"0";"5";"2";"1";""
"202100032041";"144Â 477";"A01";"2";"33";"13";"0";"3";"0";"1";""
"202100032042";"144Â 476";"A01";"2";"7";"4";"0";"8";"1";"1";""
"202100032043";"144Â 475";"A01";"1";"33";"0";"0";"4";"1";"1";""
"202100032044";"144Â 474";"A01";"2";"7";"2";"0";"9";"21";"1";""
"202100032045";"144Â 472";"A01";"1";"10";"7";"2";"1";"9";"1";""
"202100032045";"144Â 473";"B01";"2";"7";"0";"2";"8";"1";"2";""
"202100032046";"144Â 471";"A01";"1";"7";"0";"0";"0";"0";"1";""
"202100032047";"144Â 469";"A01";"2";"7";"0";"9";"1";"1";"1";""
"202100032047";"144Â 470";"B01";"2";"1";"0";"2";"3";"19";"5";""
"202100032048";"144Â 468";"A01";"3";"2";"0";"0";"9";"1";"1";""
"202100032049";"144Â 466";"B01";"1";"33";"0";"2";"1";"1";"1";""
"202100032049";"144Â 467";"A01";"2";"7";"0";"2";"2";"15";"1";""
"202100032050";"144Â 463";"A01";"1";"7";"13";"0";"2";"0";"1";""
"202100032051";"144Â 461";"A01";"2";"7";"3";"0";"1";"1";"1";""
"202100032052";"144Â 460";"A01";"1";"7";"4";"0";"2";"0";"1";""
"202100032053";"144Â 458";"A01";"2";"7";"0";"2";"1";"14";"1";""
"202100032053";"144Â 459";"B01";"2";"7";"4";"2";"4";"14";"1";""
"202100032054";"144Â 456";"B01";"2";"7";"4";"2";"4";"2";"2";""
"202100032054";"144Â 457";"A01";"2";"7";"4";"2";"1";"2";"1";""
"202100032055";"144Â 454";"B01";"1";"7";"0";"2";"4";"0";"1";""
"202100032055";"144Â 455";"A01";"1";"17";"0";"2";"1";"1";"1";""
"202100032056";"144Â 448";"F01";"2";"7";"0";"2";"4";"1";"0";""
"202100032056";"144Â 449";"E01";"2";"7";"0";"2";"4";"1";"0";""
"202100032056";"144Â 450";"D01";"2";"7";"0";"2";"4";"0";"1";""
"202100032056";"144Â 451";"C01";"2";"7";"0";"2";"1";"2";"1";""
"202100032056";"144Â 452";"B01";"2";"7";"0";"2";"4";"1";"1";""
"202100032056";"144Â 453";"A01";"2";"7";"0";"2";"1";"1";"1";""
"202100032057";"144Â 447";"A01";"1";"7";"0";"0";"1";"1";"1";""
"202100032058";"144Â 446";"A01";"1";"7";"4";"0";"1";"9";"1";""
"202100032059";"144Â 442";"B01";"1";"7";"0";"2";"3";"2";"1";""
"202100032059";"144Â 443";"C01";"1";"7";"0";"2";"2";"1";"1";""
"202100032059";"144Â 444";"D01";"1";"7";"0";"2";"4";"2";"1";""
"202100032059";"144Â 445";"A01";"1";"7";"0";"2";"9";"2";"1";""
"202100032060";"144Â 440";"A01";"1";"33";"0";"2";"3";"3";"1";""
"202100032060";"144Â 441";"B01";"1";"7";"3";"2";"2";"1";"1";""
"202100032061";"144Â 439";"A01";"1";"7";"4";"0";"1";"1";"1";""
"202100032062";"144Â 438";"A01";"1";"7";"4";"0";"1";"1";"1";""
"202100032063";"144Â 436";"A01";"1";"33";"0";"2";"1";"2";"1";""
"202100032063";"144Â 437";"B01";"1";"7";"0";"2";"4";"2";"1";""
"202100032064";"144Â 435";"A01";"2";"7";"4";"0";"8";"12";"1";""
"202100032065";"144Â 434";"A01";"1";"7";"4";"0";"1";"26";"1";""
"202100032066";"144Â 432";"A01";"1";"7";"0";"2";"1";"5";"1";""
"202100032066";"144Â 433";"B01";"2";"7";"0";"2";"1";"1";"1";""
"202100032067";"144Â 430";"B01";"2";"7";"0";"2";"7";"12";"1";""
"202100032067";"144Â 431";"A01";"2";"32";"0";"2";"3";"3";"1";""
"202100032068";"144Â 427";"B01";"1";"33";"0";"2";"8";"1";"1";""
"202100032068";"144Â 428";"A01";"1";"7";"0";"2";"5";"12";"1";""
"202100032069";"144Â 425";"B01";"1";"7";"0";"2";"4";"26";"1";""
"202100032069";"144Â 426";"A01";"1";"7";"0";"2";"1";"2";"1";""
"202100032070";"144Â 424";"A01";"2";"33";"4";"0";"2";"17";"1";""
"202100032071";"144Â 421";"A01";"1";"7";"0";"1";"4";"4";"1";""
"202100032072";"144Â 420";"A01";"3";"10";"0";"1";"1";"1";"1";""
"202100032073";"144Â 419";"A01";"2";"7";"0";"1";"2";"18";"1";""
"202100032074";"144Â 417";"A01";"3";"30";"0";"2";"0";"17";"0";""
"202100032074";"144Â 418";"B01";"3";"7";"0";"2";"3";"15";"1";""
"202100032075";"144Â 416";"A01";"1";"33";"8";"0";"8";"17";"1";""
"202100032076";"144Â 414";"Z01";"2";"7";"0";"2";"8";"15";"6";""
"202100032076";"144Â 415";"B01";"1";"2";"0";"2";"8";"1";"6";""
"202100032077";"144Â 412";"A01";"1";"7";"0";"2";"8";"15";"1";""
"202100032077";"144Â 413";"B01";"1";"99";"0";"2";"1";"1";"6";""
"202100032078";"144Â 411";"A01";"0";"0";"0";"0";"0";"0";"0";""
"202100032079";"144Â 409";"A01";"1";"7";"0";"2";"7";"1";"1";""
"202100032079";"144Â 410";"B01";"1";"7";"0";"2";"1";"16";"1";""
"202100032080";"144Â 407";"B01";"2";"7";"0";"2";"4";"2";"1";""
"202100032080";"144Â 408";"A01";"2";"10";"0";"2";"1";"2";"1";""
"202100032081";"144Â 405";"A01";"1";"1";"8";"2";"1";"15";"5";""
"202100032081";"144Â 406";"B01";"1";"7";"8";"2";"3";"1";"1";""
"202100032082";"144Â 403";"A01";"1";"7";"0";"2";"6";"19";"1";""
"202100032082";"144Â 404";"B01";"1";"7";"0";"2";"1";"1";"1";""
"202100032083";"144Â 401";"B01";"1";"1";"0";"2";"5";"1";"5";""
"202100032083";"144Â 402";"A01";"1";"7";"0";"2";"3";"9";"1";""
"202100032084";"144Â 399";"A01";"2";"7";"0";"2";"6";"1";"1";""
"202100032084";"144Â 400";"B01";"2";"7";"0";"2";"1";"2";"1";""
"202100032085";"144Â 397";"B01";"2";"33";"0";"0";"0";"0";"1";""
"202100032085";"144Â 398";"A01";"2";"7";"0";"2";"1";"1";"1";""
"202100032086";"144Â 395";"B01";"3";"30";"0";"2";"2";"15";"1";""
"202100032086";"144Â 396";"A01";"3";"7";"0";"2";"8";"15";"1";""
"202100032087";"144Â 392";"B01";"3";"7";"0";"2";"1";"1";"1";""
"202100032087";"144Â 393";"C01";"3";"7";"0";"2";"3";"15";"1";""
"202100032087";"144Â 394";"A01";"3";"7";"0";"2";"1";"9";"1";""
"202100032088";"144Â 391";"A01";"2";"7";"0";"1";"1";"26";"1";""
"202100032089";"144Â 390";"A01";"3";"32";"5";"0";"1";"13";"1";""
"202100032090";"144Â 389";"A01";"1";"7";"0";"1";"5";"19";"1";""
"202100032091";"144Â 387";"A01";"2";"17";"0";"2";"3";"9";"1";""
"202100032091";"144Â 388";"B01";"2";"7";"1";"2";"2";"21";"1";""
"202100032092";"144Â 385";"A01";"1";"7";"0";"0";"1";"2";"1";""
"202100032092";"144Â 386";"B01";"1";"33";"0";"0";"4";"1";"1";""
"202100032093";"144Â 383";"A01";"3";"7";"0";"2";"1";"13";"1";""
"202100032093";"144Â 384";"B01";"3";"7";"0";"2";"1";"1";"1";""
"202100032094";"144Â 381";"B01";"1";"7";"0";"2";"8";"1";"1";""
"202100032094";"144Â 382";"A01";"2";"30";"0";"2";"1";"15";"1";""
"202100032095";"144Â 379";"B01";"1";"7";"0";"2";"3";"15";"1";""
"202100032095";"144Â 380";"A01";"1";"31";"0";"2";"1";"5";"1";""
"202100032096";"144Â 378";"A01";"2";"10";"0";"1";"2";"16";"1";""
"202100032097";"144Â 376";"B01";"2";"7";"0";"2";"3";"1";"1";""
"202100032097";"144Â 377";"A01";"1";"7";"14";"2";"1";"13";"1";""
"202100032098";"144Â 374";"A01";"2";"7";"0";"2";"3";"15";"1";""
"202100032098";"144Â 375";"B01";"2";"7";"0";"2";"1";"1";"0";""
"202100032099";"144Â 372";"A01";"2";"7";"0";"2";"3";"15";"1";""
"202100032099";"144Â 373";"B01";"1";"7";"0";"2";"3";"1";"2";""
"202100032100";"144Â 370";"A01";"1";"30";"0";"2";"2";"17";"1";""
"202100032100";"144Â 371";"B01";"1";"7";"0";"2";"3";"15";"2";""
"202100032101";"144Â 369";"A01";"1";"31";"0";"0";"8";"2";"1";""