"Num_Acc";"id_vehicule";"num_veh";"senc";"catv";"obs";"obsm";"choc";"manv";"motor";"occutc"
"202100032102";"144Â 368";"A01";"1";"7";"0";"1";"1";"15";"1";""
"202100032103";"144Â 367";"A01";"2";"7";"2";"0";"8";"14";"1";""
"202100032104";"144Â 365";"A01";"3";"7";"0";"2";"6";"0";"1";""
"202100032104";"144Â 366";"B01";"3";"33";"0";"2";"8";"0";"1";""
"202100032105";"144Â 363";"A01";"1";"3";"0";"2";"1";"2";"1";""
"202100032105";"144Â 364";"B01";"1";"3";"0";"2";"4";"2";"1";""
"202100032106";"144Â 361";"A01";"0";"7";"0";"2";"1";"1";"1";""
"202100032106";"144Â 362";"B01";"0";"10";"0";"2";"4";"1";"0";""
"202100032107";"144Â 359";"B01";"1";"7";"0";"2";"4";"1";"1";""
"202100032107";"144Â 360";"A01";"1";"7";"0";"2";"1";"2";"1";""
"202100032108";"144Â 358";"A01";"2";"32";"1";"0";"0";"1";"1";""
"202100032109";"144Â 356";"A01";"3";"33";"0";"2";"1";"1";"1";""
"202100032109";"144Â 357";"B01";"3";"7";"0";"2";"3";"15";"1";""
"202100032110";"144Â 355";"A01";"1";"7";"9";"0";"1";"15";"1";""
"202100032111";"144Â 354";"A01";"3";"10";"11";"0";"1";"6";"1";""
"202100032112";"144Â 352";"B01";"3";"7";"0";"2";"1";"1";"1";""
"202100032112";"144Â 353";"A01";"3";"7";"0";"2";"7";"1";"1";""
"202100032113";"144Â 351";"A01";"1";"7";"1";"0";"1";"13";"1";""
"202100032114";"144Â 349";"B01";"2";"7";"3";"2";"6";"1";"1";""
"202100032114";"144Â 350";"A01";"2";"15";"0";"2";"7";"12";"1";""
"202100032115";"144Â 347";"B01";"1";"2";"0";"2";"1";"1";"1";""
"202100032115";"144Â 348";"A01";"2";"7";"0";"2";"1";"15";"1";""
"202100032116";"144Â 345";"A01";"3";"7";"0";"2";"1";"1";"1";""
"202100032116";"144Â 346";"B01";"3";"7";"0";"2";"3";"1";"1";""
"202100032117";"144Â 343";"B01";"2";"7";"0";"2";"6";"2";"1";""
"202100032117";"144Â 344";"A01";"2";"7";"0";"2";"1";"9";"1";""
"202100032118";"144Â 340";"A01";"3";"7";"0";"2";"1";"2";"3";""
"202100032118";"144Â 341";"B01";"3";"7";"0";"2";"4";"2";"1";""
"202100032118";"144Â 342";"C01";"3";"7";"0";"2";"4";"2";"1";""
"202100032119";"144Â 338";"A01";"1";"7";"0";"2";"0";"0";"2";""
"202100032119";"144Â 339";"B01";"1";"31";"0";"2";"1";"21";"1";""
"202100032120";"144Â 336";"B01";"3";"7";"0";"2";"1";"1";"1";""
"202100032120";"144Â 337";"A01";"3";"7";"0";"2";"2";"15";"1";""
"202100032121";"144Â 335";"A01";"1";"7";"0";"1";"0";"1";"0";""
"202100032122";"144Â 333";"B01";"3";"7";"0";"2";"1";"0";"1";""
"202100032122";"144Â 334";"A01";"1";"7";"1";"0";"1";"14";"1";""
"202100032123";"144Â 330";"B01";"0";"7";"0";"2";"6";"1";"1";""
"202100032123";"144Â 331";"C01";"1";"7";"0";"2";"1";"2";"1";""
"202100032123";"144Â 332";"A01";"0";"7";"0";"2";"2";"17";"1";""
"202100032124";"144Â 327";"A01";"1";"7";"0";"2";"1";"2";"1";""
"202100032124";"144Â 328";"B01";"1";"7";"0";"2";"4";"2";"1";""
"202100032124";"144Â 329";"C01";"1";"7";"0";"2";"4";"2";"1";""
"202100032125";"144Â 325";"A01";"1";"7";"0";"2";"1";"11";"1";""
"202100032125";"144Â 326";"B01";"1";"33";"0";"2";"6";"1";"1";""
"202100032126";"144Â 323";"B01";"1";"34";"0";"2";"8";"1";"1";""
"202100032126";"144Â 324";"A01";"2";"10";"0";"2";"2";"1";"1";""
"202100032127";"144Â 321";"B01";"2";"7";"0";"2";"2";"1";"3";""
"202100032127";"144Â 322";"A01";"1";"7";"0";"2";"5";"15";"1";""
"202100032128";"144Â 319";"A01";"1";"7";"0";"2";"2";"15";"1";""
"202100032128";"144Â 320";"B01";"2";"33";"0";"2";"3";"1";"1";""
"202100032129";"144Â 318";"A01";"1";"7";"1";"1";"2";"14";"1";""
"202100032130";"144Â 315";"A01";"1";"7";"0";"2";"1";"13";"1";""
"202100032130";"144Â 316";"B01";"2";"30";"0";"2";"1";"1";"1";""
"202100032130";"144Â 317";"C01";"2";"30";"0";"2";"8";"1";"1";""
"202100032131";"144Â 314";"A01";"2";"30";"14";"0";"1";"13";"1";""
"202100032132";"144Â 312";"A01";"1";"7";"0";"2";"1";"13";"0";""
"202100032132";"144Â 313";"B01";"2";"7";"0";"2";"3";"1";"1";""
"202100032133";"144Â 310";"B01";"1";"1";"0";"2";"1";"1";"5";""
"202100032133";"144Â 311";"A01";"2";"7";"0";"2";"3";"15";"1";""
"202100032134";"144Â 309";"A01";"1";"30";"1";"0";"1";"21";"1";""
"202100032135";"144Â 307";"B01";"2";"7";"0";"2";"3";"1";"2";""
"202100032135";"144Â 308";"A01";"2";"30";"0";"2";"2";"1";"1";""
"202100032136";"144Â 306";"Z01";"2";"1";"0";"1";"8";"1";"5";""
"202100032137";"144Â 305";"A01";"1";"7";"7";"0";"3";"13";"1";""
"202100032138";"144Â 303";"A01";"1";"7";"0";"2";"1";"2";"1";""
"202100032138";"144Â 304";"B01";"1";"7";"0";"2";"4";"2";"2";""
"202100032139";"144Â 301";"B01";"1";"30";"0";"2";"1";"1";"1";""
"202100032139";"144Â 302";"A01";"2";"10";"0";"2";"5";"15";"1";""
"202100032140";"144Â 298";"C01";"2";"1";"0";"2";"3";"23";"5";""
"202100032140";"144Â 299";"B01";"1";"33";"0";"2";"1";"1";"0";""
"202100032140";"144Â 300";"A01";"2";"7";"0";"2";"2";"15";"1";""
"202100032141";"144Â 297";"Z01";"3";"10";"0";"1";"5";"4";"1";""
"202100032142";"144Â 295";"A01";"2";"7";"0";"2";"7";"16";"1";""
"202100032142";"144Â 296";"B01";"2";"43";"0";"2";"8";"18";"1";""
"202100032143";"144Â 293";"B01";"2";"30";"0";"2";"7";"1";"1";""
"202100032143";"144Â 294";"A01";"2";"7";"0";"2";"1";"1";"1";""
"202100032144";"144Â 291";"B01";"1";"7";"0";"2";"3";"23";"1";""
"202100032144";"144Â 292";"A01";"1";"50";"0";"2";"1";"2";"3";""
"202100032145";"144Â 290";"A01";"2";"50";"0";"0";"0";"1";"3";""
"202100032146";"144Â 289";"A01";"2";"7";"4";"0";"1";"0";"1";""
"202100032147";"144Â 287";"A01";"2";"7";"7";"2";"7";"1";"1";""
"202100032147";"144Â 288";"B01";"2";"7";"7";"2";"2";"1";"1";""
"202100032148";"144Â 285";"B01";"1";"7";"0";"2";"2";"15";"1";""
"202100032148";"144Â 286";"Z01";"1";"7";"0";"2";"3";"1";"1";""
"202100032149";"144Â 283";"A01";"1";"7";"0";"2";"3";"1";"1";""
"202100032149";"144Â 284";"B01";"2";"3";"0";"2";"4";"0";"1";""
"202100032150";"144Â 281";"A01";"1";"7";"0";"2";"2";"15";"1";""
"202100032150";"144Â 282";"B01";"1";"33";"0";"2";"1";"1";"1";""
"202100032151";"144Â 280";"A01";"1";"0";"0";"1";"8";"1";"1";""
"202100032152";"144Â 279";"A01";"2";"7";"0";"1";"1";"1";"1";""
"202100032153";"144Â 278";"A01";"0";"30";"0";"2";"0";"26";"6";""
"202100032154";"144Â 276";"A01";"0";"7";"0";"2";"2";"26";"1";""
"202100032154";"144Â 277";"B01";"0";"7";"0";"0";"6";"23";"0";""
"202100032155";"144Â 274";"B01";"1";"32";"0";"2";"2";"1";"1";""
"202100032155";"144Â 275";"A01";"1";"7";"9";"2";"8";"16";"1";""
"202100032156";"144Â 272";"Z01";"2";"7";"0";"0";"0";"9";"1";""
"202100032156";"144Â 273";"A01";"1";"33";"0";"0";"0";"15";"1";""
"202100032157";"144Â 271";"A01";"1";"60";"0";"1";"1";"25";"5";""
"202100032158";"144Â 269";"A01";"1";"7";"0";"2";"1";"9";"1";""
"202100032158";"144Â 270";"B01";"1";"7";"0";"2";"3";"9";"1";""
"202100032159";"144Â 268";"A01";"3";"7";"0";"1";"2";"1";"1";""
"202100032160";"144Â 267";"A01";"2";"33";"1";"0";"0";"16";"1";""
"202100032161";"144Â 266";"A01";"3";"2";"0";"0";"7";"26";"1";""
"202100032162";"144Â 265";"A01";"1";"2";"0";"0";"0";"2";"1";""
"202100032163";"144Â 263";"A01";"1";"7";"0";"2";"2";"19";"1";""
"202100032163";"144Â 264";"B01";"1";"7";"0";"2";"8";"1";"1";""
"202100032164";"144Â 261";"A01";"2";"7";"13";"2";"3";"13";"1";""
"202100032164";"144Â 262";"B01";"1";"7";"13";"2";"3";"1";"1";""
"202100032165";"144Â 259";"A01";"3";"33";"0";"0";"0";"1";"1";""
"202100032166";"144Â 255";"A01";"2";"33";"0";"2";"1";"5";"1";""
"202100032166";"144Â 256";"B01";"1";"7";"0";"2";"3";"1";"1";""
"202100032167";"144Â 253";"B01";"1";"7";"0";"2";"1";"1";"1";""
"202100032167";"144Â 254";"A01";"2";"7";"0";"2";"6";"19";"1";""
"202100032168";"144Â 252";"A01";"2";"7";"13";"0";"9";"1";"1";""
"202100032169";"144Â 250";"A01";"1";"7";"0";"2";"8";"19";"0";""
"202100032169";"144Â 251";"B01";"1";"7";"0";"2";"7";"1";"1";""
"202100032170";"144Â 249";"A01";"3";"36";"14";"0";"1";"15";"6";""
"202100032171";"144Â 247";"B01";"3";"7";"0";"2";"8";"1";"1";""
"202100032171";"144Â 248";"A01";"3";"7";"0";"2";"1";"1";"1";""
"202100032172";"144Â 245";"A01";"1";"10";"0";"2";"3";"15";"1";""
"202100032172";"144Â 246";"B01";"2";"2";"0";"2";"1";"1";"1";""
"202100032173";"144Â 243";"B01";"2";"33";"0";"2";"4";"2";"1";""
"202100032173";"144Â 244";"A01";"2";"33";"0";"2";"1";"2";"1";""
"202100032174";"144Â 242";"A01";"1";"7";"13";"0";"2";"14";"1";""
"202100032175";"144Â 240";"A01";"2";"7";"0";"2";"1";"5";"1";""
"202100032175";"144Â 241";"B01";"1";"7";"0";"2";"1";"1";"1";""
"202100032176";"144Â 238";"A01";"1";"7";"0";"2";"1";"0";"1";""
"202100032176";"144Â 239";"B01";"2";"7";"0";"2";"1";"0";"1";""
"202100032177";"144Â 237";"A01";"2";"2";"13";"0";"1";"0";"1";""
"202100032178";"144Â 236";"A01";"2";"7";"2";"0";"3";"1";"1";""
"202100032179";"144Â 235";"A01";"2";"33";"6";"0";"1";"1";"1";""
"202100032180";"144Â 234";"A01";"1";"7";"8";"0";"1";"16";"1";""
"202100032181";"144Â 233";"A01";"1";"7";"5";"0";"0";"1";"1";""
"202100032182";"144Â 232";"A01";"2";"33";"12";"0";"2";"1";"1";""
"202100032183";"144Â 231";"A01";"1";"34";"3";"0";"8";"0";"1";""
"202100032184";"144Â 230";"A01";"2";"33";"0";"0";"7";"1";"1";""
"202100032185";"144Â 228";"B01";"1";"7";"0";"2";"2";"15";"0";""
"202100032185";"144Â 229";"A01";"2";"31";"0";"2";"8";"1";"1";""
"202100032186";"144Â 227";"A01";"1";"2";"0";"0";"0";"1";"1";""
"202100032187";"144Â 226";"A01";"3";"33";"0";"0";"0";"1";"1";""
"202100032188";"144Â 224";"A01";"3";"7";"0";"2";"3";"1";"1";""
"202100032188";"144Â 225";"B01";"3";"1";"0";"2";"1";"1";"5";""
"202100032189";"144Â 223";"A01";"1";"17";"0";"1";"7";"19";"1";""
"202100032190";"144Â 222";"A01";"2";"7";"0";"1";"1";"1";"1";""
"202100032191";"144Â 221";"A01";"1";"7";"0";"1";"1";"1";"1";""
"202100032192";"144Â 220";"A01";"2";"7";"2";"0";"7";"26";"1";""
"202100032193";"144Â 218";"B01";"2";"7";"0";"2";"1";"1";"1";""
"202100032193";"144Â 219";"A01";"1";"7";"0";"2";"8";"19";"1";""
"202100032194";"144Â 216";"B01";"1";"99";"0";"2";"1";"1";"1";""
"202100032194";"144Â 217";"A01";"1";"7";"0";"2";"1";"26";"1";""
"202100032195";"144Â 215";"A01";"2";"7";"7";"0";"1";"13";"1";""
"202100032196";"144Â 214";"A01";"2";"31";"0";"0";"1";"1";"1";""
"202100032197";"144Â 213";"A01";"2";"7";"4";"0";"2";"0";"1";""
"202100032198";"144Â 211";"A01";"1";"7";"0";"0";"4";"24";"1";""
"202100032198";"144Â 212";"B01";"1";"7";"0";"2";"1";"1";"1";""
"202100032199";"144Â 209";"B01";"0";"7";"0";"2";"8";"19";"1";""
"202100032199";"144Â 210";"A01";"0";"43";"0";"2";"2";"1";"1";""
"202100032200";"144Â 207";"A01";"1";"7";"0";"0";"6";"1";"1";""
"202100032200";"144Â 208";"B01";"1";"33";"4";"2";"1";"1";"1";""
"202100032201";"144Â 201";"A01";"1";"2";"0";"1";"2";"14";"1";""
"202100032202";"144Â 199";"B01";"2";"33";"0";"2";"1";"1";"1";""
"202100032202";"144Â 200";"A01";"1";"7";"0";"2";"3";"15";"1";""
"202100032203";"144Â 198";"A01";"2";"7";"0";"1";"2";"1";"1";""
"202100032204";"144Â 197";"A01";"1";"33";"15";"0";"0";"0";"0";""
"202100032205";"144Â 195";"B01";"2";"1";"0";"0";"8";"2";"5";""
"202100032205";"144Â 196";"A01";"2";"7";"6";"0";"7";"17";"1";""
"202100032206";"144Â 194";"A01";"1";"7";"6";"0";"2";"14";"1";""
"202100032207";"144Â 192";"A01";"1";"36";"0";"2";"1";"1";"1";""
"202100032207";"144Â 193";"B01";"2";"7";"0";"2";"1";"1";"1";""
"202100032208";"144Â 190";"A01";"2";"7";"0";"2";"1";"13";"1";""
"202100032208";"144Â 191";"B01";"1";"10";"0";"2";"1";"1";"1";""
"202100032209";"144Â 188";"B01";"2";"33";"0";"2";"1";"1";"1";""
"202100032209";"144Â 189";"A01";"1";"7";"0";"2";"2";"10";"1";""
"202100032210";"144Â 186";"A01";"1";"33";"0";"2";"1";"1";"1";""
"202100032210";"144Â 187";"B01";"1";"7";"0";"2";"6";"26";"1";""
"202100032211";"144Â 185";"A01";"3";"2";"0";"0";"0";"26";"1";""
"202100032212";"144Â 183";"B01";"1";"10";"0";"2";"1";"1";"1";""
"202100032212";"144Â 184";"A01";"1";"30";"0";"2";"4";"9";"1";""
"202100032213";"144Â 182";"A01";"1";"33";"2";"0";"9";"13";"1";""
"202100032214";"144Â 180";"A01";"2";"7";"6";"0";"1";"1";"1";""
"202100032215";"144Â 178";"A01";"2";"7";"0";"2";"3";"2";"2";""
"202100032215";"144Â 179";"B01";"2";"1";"0";"2";"4";"2";"5";""
"202100032216";"144Â 175";"A01";"2";"7";"6";"2";"1";"13";"1";""
"202100032216";"144Â 176";"B01";"2";"7";"0";"2";"3";"19";"0";""
"202100032216";"144Â 177";"C01";"2";"7";"0";"0";"8";"1";"1";""
"202100032217";"144Â 172";"C01";"2";"7";"0";"2";"1";"1";"1";""
"202100032217";"144Â 173";"B01";"2";"7";"0";"2";"3";"1";"1";""
"202100032217";"144Â 174";"A01";"1";"7";"0";"2";"1";"13";"1";""
"202100032218";"144Â 171";"A01";"2";"7";"0";"0";"9";"1";"1";""
"202100032219";"144Â 169";"B01";"1";"33";"0";"2";"2";"1";"1";""
"202100032219";"144Â 170";"A01";"1";"10";"0";"2";"3";"1";"1";""
"202100032220";"144Â 166";"A01";"1";"10";"0";"2";"4";"1";"1";""
"202100032220";"144Â 167";"B01";"1";"7";"0";"2";"4";"2";"1";""
"202100032220";"144Â 168";"C01";"1";"7";"0";"2";"1";"2";"1";""
"202100032221";"144Â 164";"A01";"2";"7";"0";"2";"4";"1";"1";""
"202100032221";"144Â 165";"B01";"2";"7";"0";"2";"1";"2";"1";""
"202100032222";"144Â 162";"A01";"1";"7";"0";"2";"1";"2";"1";""
"202100032222";"144Â 163";"B01";"1";"7";"0";"2";"4";"2";"1";""
"202100032223";"144Â 160";"B01";"2";"7";"0";"2";"4";"1";"0";""
"202100032223";"144Â 161";"A01";"2";"7";"0";"2";"1";"2";"1";""
"202100032224";"144Â 159";"A01";"1";"33";"0";"0";"0";"1";"1";""
"202100032225";"144Â 158";"A01";"2";"7";"4";"0";"1";"13";"1";""
"202100032226";"144Â 156";"A01";"2";"10";"0";"2";"1";"2";"1";""
"202100032226";"144Â 157";"B01";"2";"7";"0";"2";"4";"2";"1";""
"202100032227";"144Â 154";"B01";"1";"33";"0";"2";"7";"1";"1";""
"202100032227";"144Â 155";"A01";"1";"50";"0";"2";"7";"9";"3";""
"202100032228";"144Â 151";"A01";"1";"7";"0";"2";"2";"12";"1";""
"202100032228";"144Â 152";"B01";"1";"7";"0";"2";"6";"1";"1";""
"202100032228";"144Â 153";"C01";"1";"7";"0";"2";"3";"1";"1";""
"202100032229";"144Â 150";"A01";"1";"7";"0";"0";"9";"1";"1";""
"202100032230";"144Â 149";"A01";"1";"7";"0";"0";"9";"16";"1";""
"202100032231";"144Â 148";"A01";"2";"7";"4";"0";"4";"0";"1";""
"202100032232";"144Â 147";"A01";"1";"7";"3";"0";"8";"1";"1";""
"202100032233";"144Â 146";"A01";"2";"14";"0";"1";"2";"1";"1";""
"202100032234";"144Â 145";"A01";"3";"7";"0";"1";"1";"1";"3";""
"202100032235";"144Â 144";"A01";"1";"7";"0";"1";"1";"1";"1";""
"202100032236";"144Â 142";"A01";"1";"38";"0";"1";"2";"15";"1";"1"
"202100032237";"144Â 140";"A01";"1";"2";"0";"2";"1";"1";"1";""
"202100032237";"144Â 141";"B01";"2";"10";"0";"2";"7";"15";"1";""
"202100032238";"144Â 138";"A01";"2";"7";"0";"2";"3";"10";"1";""
"202100032238";"144Â 139";"B01";"2";"30";"0";"2";"1";"13";"1";""
"202100032239";"144Â 136";"A01";"2";"7";"0";"2";"2";"10";"1";""
"202100032239";"144Â 137";"B01";"2";"2";"0";"2";"1";"1";"1";""
"202100032240";"144Â 135";"A01";"3";"10";"0";"1";"4";"4";"1";""
"202100032241";"144Â 133";"B01";"1";"10";"0";"2";"1";"2";"1";""
"202100032241";"144Â 134";"A01";"2";"7";"0";"2";"1";"7";"1";""
"202100032242";"144Â 132";"A01";"1";"0";"0";"0";"0";"26";"0";""
"202100032243";"144Â 130";"A01";"2";"7";"0";"2";"2";"2";"1";""
"202100032243";"144Â 131";"B01";"2";"10";"0";"2";"6";"2";"1";""
"202100032244";"144Â 128";"B01";"1";"7";"0";"2";"2";"1";"1";""
"202100032244";"144Â 129";"A01";"3";"7";"0";"2";"4";"20";"1";""
"202100032245";"144Â 127";"A01";"1";"7";"4";"0";"1";"21";"1";""
"202100032246";"144Â 124";"A01";"1";"7";"0";"2";"1";"11";"1";""
"202100032246";"144Â 125";"B01";"1";"7";"0";"0";"4";"0";"1";""
"202100032246";"144Â 126";"C01";"1";"7";"0";"0";"0";"0";"1";""
"202100032247";"144Â 122";"B01";"3";"32";"0";"2";"7";"17";"1";""
"202100032247";"144Â 123";"Z01";"3";"7";"0";"2";"8";"13";"0";""
"202100032248";"144Â 121";"A01";"0";"7";"1";"0";"1";"1";"1";""
"202100032249";"144Â 117";"B01";"3";"7";"6";"0";"3";"2";"0";""
"202100032249";"144Â 118";"A01";"3";"7";"8";"2";"1";"2";"0";""
"202100032250";"144Â 115";"B01";"3";"1";"0";"0";"0";"1";"0";""
"202100032250";"144Â 116";"A01";"3";"7";"0";"2";"0";"17";"0";""
"202100032251";"144Â 113";"A01";" -1";"7";"0";"1";"1";"1";"1";""
"202100032252";"144Â 112";"A01";"0";"1";"0";"1";"7";"0";"5";""
"202100032253";"144Â 110";"A01";"3";"1";"0";"2";"2";"1";"6";""
"202100032253";"144Â 111";"B01";"3";"7";"0";"2";"1";"1";"0";""
"202100032254";"144Â 109";"A01";"3";"33";"4";"0";"1";"16";"1";""
"202100032255";"144Â 108";"A01";"1";"7";"0";"1";"8";"16";"1";""
"202100032256";"144Â 107";"A01";"2";"10";"0";"1";"3";"1";"1";""
"202100032257";"144Â 105";"B01";"3";"1";"0";"2";"2";"0";"0";""
"202100032257";"144Â 106";"A01";"3";"7";"0";"2";"3";"9";"1";""
"202100032258";"144Â 103";"B01";"1";"10";"0";"2";"2";"0";"1";""
"202100032258";"144Â 104";"A01";"1";"7";"15";"2";"1";"11";"1";""
"202100032259";"144Â 102";"A01";"0";"7";"0";"1";"3";"15";"1";""
"202100032260";"144Â 100";"B01";"1";"80";"0";"2";"0";"0";"3";""
"202100032260";"144Â 101";"A01";"1";"10";"0";"2";"1";"1";"1";""
"202100032261";"144Â 098";"B01";"3";"1";"0";"2";"1";"1";"5";""
"202100032261";"144Â 099";"A01";"0";"7";"0";"2";"3";"9";"2";""
"202100032262";"144Â 096";"A01";"1";"7";"0";"2";"1";"15";"1";""
"202100032262";"144Â 097";"B01";"1";"2";"0";"2";"1";"13";"1";""
"202100032263";"144Â 094";"A01";"1";"3";"0";"2";"7";"1";"0";""
"202100032263";"144Â 095";"B01";"0";"3";"0";"2";"1";"1";"0";""
"202100032264";"144Â 092";"B01";"2";"7";"0";"2";"8";"1";"1";""
"202100032264";"144Â 093";"A01";"2";"7";"0";"2";"2";"21";"1";""
"202100032265";"144Â 089";"C01";"2";"1";"0";"0";"0";"1";"5";""
"202100032265";"144Â 090";"B01";"2";"1";"0";"2";"4";"1";"5";""
"202100032265";"144Â 091";"A01";"2";"7";"0";"2";"1";"17";"1";""
"202100032266";"144Â 086";"A01";"1";"7";"0";"2";"1";"13";"1";""
"202100032266";"144Â 087";"B01";"2";"7";"0";"2";"1";"1";"1";""
"202100032266";"144Â 088";"C01";"2";"7";"0";"2";"1";"23";"1";""
"202100032267";"144Â 084";"B01";"1";"1";"0";"2";"1";"1";"5";""
"202100032267";"144Â 085";"A01";"1";"7";"0";"2";"5";"16";"1";""
"202100032268";"144Â 082";"A01";"2";"10";"0";"1";"3";"20";"1";""
"202100032269";"144Â 080";"B01";"2";"1";"0";"2";"4";"1";"5";""
"202100032269";"144Â 081";"A01";"2";"7";"0";"2";"1";"2";"1";""
"202100032270";"144Â 078";"A01";"1";"7";"0";"2";"1";"2";"1";""
"202100032270";"144Â 079";"B01";"1";"7";"0";"2";"4";"1";"1";""
"202100032271";"144Â 076";"B01";"1";"7";"0";"2";"4";"2";"1";""
"202100032271";"144Â 077";"A01";"1";"7";"0";"2";"1";"2";"1";""
"202100032272";"144Â 074";"A01";"3";"7";"0";"2";"3";"26";"1";""
"202100032272";"144Â 075";"B01";"1";"7";"0";"2";"8";"26";"1";""
"202100032273";"144Â 072";"B01";"1";"10";"0";"2";"7";"26";"1";""
"202100032273";"144Â 073";"A01";"1";"30";"0";"2";"8";"26";"1";""
"202100032274";"144Â 070";"A01";"1";"7";"0";"2";"1";"26";"1";""
"202100032274";"144Â 071";"B01";"1";"30";"0";"2";"1";"26";"1";""
"202100032275";"144Â 068";"A01";"1";"33";"0";"2";"2";"26";"1";""
"202100032275";"144Â 069";"B01";"1";"7";"0";"2";"6";"26";"1";""
"202100032276";"144Â 067";"A01";"2";"7";"0";"1";"1";"1";"1";""
"202100032277";"144Â 066";"A01";"0";"30";"0";"1";"1";"1";"1";""
"202100032278";"144Â 065";"A01";"0";"7";"0";"1";"4";"26";"1";""
"202100032279";"144Â 063";"A01";"2";"10";"0";"2";"3";"9";"1";""
"202100032279";"144Â 064";"B01";"2";"7";"0";"2";"7";"1";"1";""
"202100032280";"144Â 061";"B01";"3";"60";"0";"2";"1";"25";"5";""
"202100032280";"144Â 062";"A01";"3";"10";"0";"2";"5";"1";"1";""
"202100032281";"144Â 058";"B01";"3";"7";"0";"2";"1";"15";"1";""
"202100032281";"144Â 059";"C01";"3";"10";"0";"2";"0";"0";"1";""
"202100032281";"144Â 060";"A01";"2";"7";"0";"2";"1";"1";"1";""
"202100032282";"144Â 056";"A01";"3";"7";"0";"2";"0";"1";"1";""
"202100032282";"144Â 057";"B01";"3";"2";"0";"2";"6";"1";"1";""
"202100032283";"144Â 054";"A01";"3";"7";"0";"2";"3";"15";"1";""
"202100032283";"144Â 055";"B01";"3";"1";"0";"2";"1";"1";"5";""
"202100032284";"144Â 052";"B01";"2";"2";"0";"2";"1";"1";"1";""
"202100032284";"144Â 053";"A01";"1";"7";"0";"2";"2";"1";"1";""
"202100032285";"144Â 050";"B01";"3";"7";"0";"2";"4";"1";"1";""
"202100032285";"144Â 051";"A01";"3";"31";"0";"2";"1";"1";"1";""
"202100032286";"144Â 049";"A01";"0";"7";"1";"0";"1";"1";"1";""
"202100032287";"144Â 047";"A01";"1";"7";"0";"2";"1";"2";"1";""
"202100032287";"144Â 048";"B01";"1";"7";"0";"2";"4";"1";"1";""
"202100032288";"144Â 045";"A01";"1";"7";"0";"2";"2";"16";"1";""
"202100032288";"144Â 046";"B01";"1";"50";"0";"2";"2";"5";"3";""
"202100032289";"144Â 043";"B01";"0";"7";"0";"2";"6";"1";"1";""
"202100032289";"144Â 044";"A01";"0";"1";"0";"2";"1";"25";"5";""
"202100032290";"144Â 042";"A01";"0";"7";"0";"1";"1";"1";"0";""
"202100032291";"144Â 040";"A01";"3";"7";"0";"9";"2";"17";"1";""
"202100032291";"144Â 041";"B01";"3";"1";"0";"0";"0";"0";"0";""
"202100032292";"144Â 038";"A01";"2";"7";"7";"2";"1";"1";"1";""
"202100032292";"144Â 039";"B01";"1";"7";"0";"2";"1";"1";"1";""
"202100032293";"144Â 037";"A01";"1";"7";"1";"0";"1";"13";"1";""
"202100032294";"144Â 035";"A01";"2";"7";"0";"2";"1";"13";"1";""
"202100032294";"144Â 036";"B01";"1";"7";"0";"2";"1";"1";"1";""
"202100032295";"144Â 031";"D01";"3";"31";"0";"2";"3";"26";"1";""
"202100032295";"144Â 032";"C01";"3";"31";"0";"2";"3";"26";"1";""
"202100032295";"144Â 033";"B01";"1";"7";"0";"2";"3";"26";"1";""
"202100032295";"144Â 034";"A01";"1";"7";"0";"2";"2";"26";"1";""
"202100032296";"144Â 029";"A01";"0";"7";"0";"2";"3";"10";"0";""
"202100032296";"144Â 030";"B01";"0";"33";"0";"2";"1";"0";"0";""
"202100032297";"144Â 027";"A01";"0";"7";"0";"2";"7";"15";"1";""
"202100032297";"144Â 028";"B01";"0";"2";"0";"2";"1";"26";"0";""
"202100032298";"144Â 025";"B01";"2";"2";"0";"2";"4";"23";"1";""
"202100032298";"144Â 026";"A01";"2";"3";"0";"2";"1";"2";"1";""
"202100032299";"144Â 023";"B01";"2";"7";"0";"2";"4";"2";"1";""
"202100032299";"144Â 024";"A01";"2";"7";"0";"2";"1";"2";"1";""
"202100032300";"144Â 021";"B01";"1";"1";"0";"2";"0";"0";"5";""
"202100032300";"144Â 022";"A01";"1";"7";"0";"2";"1";"15";"1";""
"202100032301";"144Â 019";"B01";"2";"7";"0";"2";"7";"15";"1";""
"202100032301";"144Â 020";"A01";"1";"33";"0";"2";"1";"21";"1";""
"202100032302";"144Â 017";"A01";"2";"7";"0";"2";"2";"2";"2";""
"202100032302";"144Â 018";"B01";"2";"1";"0";"2";"4";"2";"0";""
"202100032303";"144Â 016";"A01";"0";"10";"9";"0";"3";"1";"1";""
"202100032304";"144Â 014";"A01";"1";"14";"0";"2";"1";"24";"1";""
"202100032304";"144Â 015";"B01";"2";"7";"1";"0";"0";"13";"1";""
"202100032305";"144Â 013";"A01";"2";"13";"0";"1";"1";"1";"1";""
"202100032306";"144Â 012";"A01";"1";"33";"0";"6";"1";"26";"1";""
"202100032307";"144Â 009";"C01";"1";"7";"0";"2";"4";"23";"2";""
"202100032307";"144Â 010";"B01";"1";"7";"0";"2";"4";"23";"1";""
"202100032307";"144Â 011";"A01";"1";"7";"0";"2";"1";"2";"1";""
"202100032308";"144Â 007";"A01";"1";"7";"0";"2";"6";"11";"1";""
"202100032308";"144Â 008";"B01";"1";"31";"0";"2";"7";"1";"1";""