"Num_Acc";"id_vehicule";"num_veh";"senc";"catv";"obs";"obsm";"choc";"manv";"motor";"occutc"
"202100032309";"144Â 005";"A01";"1";"43";"0";"2";"2";"1";"1";""
"202100032309";"144Â 006";"B01";"1";"7";"0";"2";"6";"11";"1";""
"202100032310";"144Â 003";"A01";"1";"33";"0";"2";"1";"2";"1";""
"202100032310";"144Â 004";"B01";"1";"7";"0";"2";"5";"2";"1";""
"202100032311";"144Â 002";"A01";"2";"1";"1";"0";"1";"14";"5";""
"202100032312";"144Â 000";"Z01";"2";"32";"0";"2";"1";"1";"0";""
"202100032312";"144Â 001";"A01";"1";"32";"12";"2";"2";"9";"1";""
"202100032313";"143Â 999";"A01";"2";"33";"0";"0";"0";"1";"1";""
"202100032314";"143Â 997";"A01";"2";"7";"0";"2";"3";"15";"1";""
"202100032314";"143Â 998";"B01";"2";"30";"0";"2";"2";"1";"1";""
"202100032315";"143Â 995";"A01";"2";"7";"0";"2";"2";"15";"1";""
"202100032315";"143Â 996";"B01";"1";"30";"0";"2";"1";"7";"1";""
"202100032316";"143Â 994";"A01";"2";"32";"0";"1";"3";"7";"1";""
"202100032317";"143Â 992";"A01";"2";"37";"0";"2";"2";"7";"1";"1"
"202100032317";"143Â 993";"B01";"2";"1";"0";"2";"3";"13";"5";""
"202100032318";"143Â 990";"B01";"1";"30";"0";"2";"2";"17";"1";""
"202100032318";"143Â 991";"A01";"1";"7";"0";"2";"3";"15";"1";""
"202100032319";"143Â 988";"B01";"2";"2";"0";"2";"1";"1";"1";""
"202100032319";"143Â 989";"A01";"2";"7";"0";"2";"8";"10";"1";""
"202100032320";"143Â 986";"Z01";"2";"7";"0";"2";"1";"15";"0";""
"202100032320";"143Â 987";"A01";"2";"30";"0";"2";"7";"1";"1";""
"202100032321";"143Â 984";"B01";"2";"7";"0";"2";"1";"1";"2";""
"202100032321";"143Â 985";"A01";"2";"7";"0";"2";"7";"1";"2";""
"202100032322";"143Â 983";"A01";"2";"1";"0";"1";"1";"1";"5";""
"202100032323";"143Â 982";"A01";"2";"50";"0";"0";"1";"25";"3";""
"202100032324";"143Â 980";"A01";"1";"31";"0";"2";"3";"3";"1";""
"202100032324";"143Â 981";"B01";"1";"10";"0";"2";"5";"1";"1";""
"202100032325";"143Â 978";"A01";"1";"33";"0";"2";"2";"1";"1";""
"202100032325";"143Â 979";"B01";"1";"50";"0";"2";"8";"15";"3";""
"202100032326";"143Â 976";"A01";"1";"7";"0";"2";"6";"22";"1";""
"202100032326";"143Â 977";"B01";"1";"1";"0";"2";"2";"1";"5";""
"202100032327";"143Â 973";"B01";"3";"7";"0";"2";"8";"1";"2";""
"202100032327";"143Â 974";"C01";"1";"7";"0";"2";"2";"1";"2";""
"202100032327";"143Â 975";"A01";"1";"43";"0";"2";"9";"1";"1";""
"202100032328";"143Â 970";"A01";"1";"34";"0";"2";"0";"2";"1";""
"202100032328";"143Â 971";"B01";"1";"31";"0";"2";"0";"2";"1";""
"202100032328";"143Â 972";"C01";"1";"43";"0";"2";"0";"2";"1";""
"202100032329";"143Â 969";"Z01";"2";"7";"0";"1";"2";"1";"0";""
"202100032330";"143Â 968";"A01";"2";"30";"0";"0";"0";"1";"1";""
"202100032331";"143Â 967";"A01";"3";"10";"0";"1";"6";"1";"1";""
"202100032332";"143Â 965";"A01";"2";"33";"0";"2";"7";"17";"1";""
"202100032332";"143Â 966";"B01";"2";"7";"0";"2";"0";"10";"1";""
"202100032333";"143Â 963";"B01";"2";"32";"0";"2";"1";"1";"1";""
"202100032333";"143Â 964";"A01";"2";"50";"0";"2";"5";"19";"3";""
"202100032334";"143Â 961";"A01";"1";"31";"0";"2";"5";"18";"1";""
"202100032334";"143Â 962";"B01";"1";"10";"0";"2";"8";"18";"1";""
"202100032335";"143Â 959";"A01";"2";"7";"0";"2";"5";"1";"1";""
"202100032335";"143Â 960";"B01";"2";"7";"0";"2";"2";"1";"1";""
"202100032336";"143Â 957";"B01";"2";"37";"0";"2";"2";"2";"1";"2"
"202100032336";"143Â 958";"A01";"2";"7";"0";"2";"8";"15";"1";""
"202100032337";"143Â 956";"A01";"2";"7";"1";"0";"3";"5";"1";""
"202100032338";"143Â 954";"A01";"3";"7";"0";"2";"2";"2";"1";""
"202100032338";"143Â 955";"B01";"3";"7";"0";"2";"4";"16";"0";""
"202100032339";"143Â 952";"A01";"0";"32";"0";"2";"1";"1";"3";""
"202100032339";"143Â 953";"B01";"1";"7";"0";"2";"8";"1";"1";""
"202100032340";"143Â 951";"A01";"2";"7";"0";"1";"2";"1";"1";""
"202100032341";"143Â 950";"A01";"3";"7";"0";"1";"2";"1";"1";""
"202100032342";"143Â 948";"B01";"1";"7";"0";"0";"0";"0";"1";""
"202100032342";"143Â 949";"A01";"1";"7";"0";"2";"3";"1";"1";""
"202100032343";"143Â 947";"A01";"1";"7";"0";"1";"2";"19";"1";""
"202100032344";"143Â 945";"B01";"1";"32";"0";"2";"1";"1";"1";""
"202100032344";"143Â 946";"A01";"1";"10";"0";"2";"6";"11";"1";""
"202100032345";"143Â 944";"A01";"3";"34";"14";"0";"0";"5";"1";""
"202100032346";"143Â 942";"B01";"1";"7";"1";"0";"3";"0";"1";""
"202100032346";"143Â 943";"A01";"1";"30";"1";"2";"7";"17";"1";""
"202100032347";"143Â 941";"A01";"3";"33";"0";"1";"1";"1";"1";""
"202100032348";"143Â 939";"A01";"1";"10";"0";"2";"1";"1";"1";""
"202100032348";"143Â 940";"B01";"3";"7";"1";"0";"7";"1";"1";""
"202100032349";"143Â 938";"A01";"1";"0";"0";"1";"1";"1";"0";""
"202100032350";"143Â 936";"A01";"1";"33";"0";"2";"7";"9";"6";""
"202100032350";"143Â 937";"B01";"1";"7";"0";"2";"1";"9";"1";""
"202100032351";"143Â 935";"A01";"1";"7";"0";"1";"3";"1";"1";""
"202100032352";"143Â 933";"A01";"1";"34";"0";"9";"7";"16";"1";""
"202100032352";"143Â 934";"B01";"1";"50";"0";"2";"8";"7";"3";""
"202100032353";"143Â 931";"B01";"0";"33";"0";"2";"1";"2";"1";""
"202100032353";"143Â 932";"A01";"1";"7";"0";"2";"2";"9";"1";""
"202100032354";"143Â 929";"B01";"1";"50";"0";"2";"8";"1";"3";""
"202100032354";"143Â 930";"A01";"1";"7";"0";"2";"2";"16";"1";""
"202100032355";"143Â 928";"A01";"2";"7";"0";"1";"3";"19";"1";""
"202100032356";"143Â 926";"B01";"2";"30";"0";"2";"2";"1";"3";""
"202100032356";"143Â 927";"A01";"3";"30";"0";"2";"3";"15";"1";""
"202100032357";"143Â 924";"B01";"3";"7";"0";"2";"6";"2";"1";""
"202100032357";"143Â 925";"A01";"3";"7";"0";"2";"1";"1";"1";""
"202100032358";"143Â 922";"A01";"1";"7";"0";"2";"5";"12";"1";""
"202100032358";"143Â 923";"B01";"1";"37";"0";"2";"3";"1";"1";"3"
"202100032359";"143Â 921";"A01";"1";"10";"0";"1";"2";"1";"1";""
"202100032360";"143Â 919";"A01";"1";"30";"0";"2";"7";"17";"1";""
"202100032360";"143Â 920";"B01";"1";"37";"1";"2";"8";"15";"1";"1"
"202100032361";"143Â 918";"A01";"0";"7";"2";"0";"3";"1";"1";""
"202100032362";"143Â 916";"B01";"2";"34";"0";"2";"1";"2";"1";""
"202100032362";"143Â 917";"A01";"2";"7";"0";"0";"6";"10";"1";""
"202100032363";"143Â 915";"A01";"2";"7";"16";"0";"0";"17";"1";""
"202100032364";"143Â 914";"A01";"0";"10";"0";"1";"0";"0";"1";""
"202100032365";"143Â 912";"A01";"1";"7";"0";"9";"3";"9";"1";""
"202100032365";"143Â 913";"B01";"1";"2";"0";"0";"7";"1";"0";""
"202100032366";"143Â 911";"A01";"2";"80";"0";"0";"0";"15";"3";""
"202100032367";"143Â 909";"A01";"2";"1";"0";"2";"8";"16";"5";""
"202100032367";"143Â 910";"B01";"1";"10";"0";"9";"1";"1";"1";""
"202100032368";"143Â 908";"A01";"2";"7";"13";"0";"3";"12";"1";""
"202100032369";"143Â 905";"A01";"1";"7";"13";"0";"2";"17";"1";""
"202100032370";"143Â 902";"C01";"2";"33";"0";"2";"1";"21";"1";""
"202100032370";"143Â 903";"A01";"2";"33";"0";"2";"1";"13";"1";""
"202100032370";"143Â 904";"B01";"1";"7";"0";"2";"1";"1";"1";""
"202100032371";"143Â 900";"A01";"2";"7";"0";"2";"3";"15";"0";""
"202100032371";"143Â 901";"B01";"1";"7";"0";"2";"9";"1";"0";""
"202100032372";"143Â 899";"A01";"3";"21";"0";"1";"8";"23";"6";""
"202100032373";"143Â 898";"A01";"2";"7";"12";"0";"0";"1";"1";""
"202100032374";"143Â 897";"A01";"0";"7";"6";"0";"1";"1";"1";""
"202100032375";"143Â 896";"A01";"1";"7";"8";"0";"2";"1";"1";""
"202100032376";"143Â 895";"A01";"1";"7";"0";"0";"0";"14";"1";""
"202100032377";"143Â 892";"A01";"2";"7";"0";"2";"6";"1";"1";""
"202100032377";"143Â 893";"B01";"2";"31";"0";"2";"1";"1";"1";""
"202100032378";"143Â 891";"A01";"1";"10";"0";"6";"1";"1";"1";""
"202100032379";"143Â 890";"A01";"1";"7";"2";"0";"1";"13";"1";""
"202100032380";"143Â 888";"A01";"1";"34";"0";"2";"1";"5";"1";""
"202100032380";"143Â 889";"B01";"2";"7";"0";"2";"1";"1";"1";""
"202100032381";"143Â 887";"A01";"1";"7";"7";"0";"1";"16";"1";""
"202100032382";"143Â 886";"A01";"2";"1";"0";"5";"0";"21";"5";""
"202100032383";"143Â 885";"A01";"1";"7";"16";"0";"1";"0";"1";""
"202100032384";"143Â 883";"A01";"2";"7";"0";"2";"3";"1";"1";""
"202100032384";"143Â 884";"B01";"1";"7";"0";"2";"3";"1";"1";""
"202100032385";"143Â 881";"A01";"1";"7";"0";"2";"1";"17";"1";""
"202100032385";"143Â 882";"B01";"1";"1";"0";"0";"4";"1";"5";""
"202100032386";"143Â 880";"A01";"1";"33";"0";"6";"1";"1";"1";""
"202100032387";"143Â 879";"A01";"2";"1";"0";"0";"7";"1";"5";""
"202100032388";"143Â 877";"B01";"2";"7";"0";"2";"3";"1";"1";""
"202100032388";"143Â 878";"A01";"1";"7";"0";"2";"3";"1";"1";""
"202100032389";"143Â 876";"A01";"0";"2";"0";"0";"0";"1";"1";""
"202100032390";"143Â 874";"B01";"1";"7";"0";"2";"1";"1";"1";""
"202100032390";"143Â 875";"A01";"2";"33";"0";"2";"1";"13";"1";""
"202100032391";"143Â 873";"A01";"1";"33";"0";"0";"9";"1";"1";""
"202100032392";"143Â 872";"A01";"1";"34";"15";"0";"3";"1";"1";""
"202100032393";"143Â 871";"A01";"1";"1";"0";"0";"0";"1";"5";""
"202100032394";"143Â 870";"A01";"3";"7";"6";"0";"2";"1";"0";""
"202100032395";"143Â 868";"A01";"3";"31";"0";"0";"3";"14";"1";""
"202100032395";"143Â 869";"B01";"3";"7";"0";"0";"1";"13";"1";""
"202100032396";"143Â 865";"A01";"1";"7";"7";"2";"7";"19";"1";""
"202100032396";"143Â 866";"B01";"2";"7";"0";"2";"1";"1";"1";""
"202100032397";"143Â 864";"A01";"1";"32";"0";"0";"0";"1";"1";""
"202100032398";"143Â 862";"A01";"1";"7";"0";"2";"3";"10";"1";""
"202100032398";"143Â 863";"B01";"1";"33";"0";"2";"1";"1";"1";""
"202100032399";"143Â 860";"A01";"2";"7";"0";"2";"1";"17";"1";""
"202100032399";"143Â 861";"B01";"2";"1";"0";"2";"4";"15";"5";""
"202100032400";"143Â 858";"A01";"1";"7";"0";"2";"7";"17";"1";""
"202100032400";"143Â 859";"B01";"1";"7";"4";"2";"3";"1";"1";""
"202100032401";"143Â 857";"A01";"1";"33";"0";"0";"0";"10";"1";""
"202100032402";"143Â 855";"B01";"1";"7";"0";"2";"7";"19";"1";""
"202100032402";"143Â 856";"A01";"3";"7";"0";"2";"1";"1";"1";""
"202100032403";"143Â 853";"A01";"3";"7";"0";"2";"1";"16";"1";""
"202100032403";"143Â 854";"B01";"1";"50";"0";"0";"8";"1";"3";""
"202100032404";"143Â 851";"A01";"2";"30";"0";"2";"1";"17";"1";""
"202100032404";"143Â 852";"B01";"2";"7";"0";"0";"8";"15";"1";""
"202100032405";"143Â 849";"B01";"1";"17";"0";"2";"4";"2";"1";""
"202100032405";"143Â 850";"A01";"1";"7";"0";"2";"1";"2";"1";""
"202100032406";"143Â 848";"A01";"2";"10";"4";"0";"9";"1";"1";""
"202100032407";"143Â 846";"B01";"0";"1";"0";"2";"1";"16";"5";""
"202100032407";"143Â 847";"A01";"0";"7";"0";"9";"3";"1";"1";""
"202100032408";"143Â 844";"A01";"3";"10";"0";"0";"1";"1";"1";""
"202100032408";"143Â 845";"B01";"3";"7";"0";"2";"1";"5";"1";""
"202100032409";"143Â 842";"B01";"2";"7";"0";"2";"3";"21";"1";""
"202100032409";"143Â 843";"A01";"2";"1";"0";"2";"4";"26";"5";""
"202100032410";"143Â 840";"B01";"1";"33";"0";"2";"1";"1";"1";""
"202100032410";"143Â 841";"A01";"1";"7";"0";"2";"2";"15";"1";""
"202100032411";"143Â 838";"B01";"1";"7";"0";"2";"1";"1";"1";""
"202100032411";"143Â 839";"A01";"2";"7";"0";"2";"3";"15";"1";""
"202100032412";"143Â 837";"A01";"0";"2";"0";"0";"0";"1";"1";""
"202100032413";"143Â 836";"A01";"1";"2";"12";"0";"1";"1";"1";""
"202100032414";"143Â 835";"A01";"1";"33";"4";"0";"0";"17";"1";""
"202100032415";"143Â 833";"B01";"0";"1";"0";"2";"8";"15";"5";""
"202100032415";"143Â 834";"A01";"0";"7";"0";"9";"3";"17";"0";""
"202100032416";"143Â 830";"A01";"1";"7";"0";"2";"1";"1";"1";""
"202100032416";"143Â 831";"B01";"1";"7";"0";"0";"4";"23";"1";""
"202100032416";"143Â 832";"C01";"1";"1";"0";"2";"2";"1";"5";""
"202100032417";"143Â 828";"A01";"1";"7";"0";"2";"1";"19";"1";""
"202100032417";"143Â 829";"B01";"2";"7";"0";"2";"2";"1";"1";""
"202100032418";"143Â 827";"A01";"1";"7";"0";"1";"2";"1";"1";""
"202100032419";"143Â 825";"B01";"2";"7";"0";"2";"2";"1";"1";""
"202100032419";"143Â 826";"A01";"1";"7";"0";"2";"1";"19";"1";""
"202100032420";"143Â 824";"A01";"2";"7";"0";"0";"9";"0";"1";""
"202100032421";"143Â 823";"A01";"1";"43";"0";"0";"0";"2";"1";""
"202100032422";"143Â 821";"B01";"2";"7";"0";"2";"1";"2";"1";""
"202100032422";"143Â 822";"A01";"2";"10";"0";"2";"4";"2";"1";""
"202100032423";"143Â 819";"A01";"2";"7";"1";"0";"2";"14";"1";""
"202100032423";"143Â 820";"B01";"2";"7";"0";"2";"6";"24";"1";""
"202100032424";"143Â 816";"A01";"1";"7";"0";"2";"4";"2";"1";""
"202100032424";"143Â 817";"B01";"1";"7";"0";"2";"4";"2";"1";""
"202100032424";"143Â 818";"C01";"1";"7";"0";"2";"1";"2";"1";""
"202100032425";"143Â 815";"A01";"1";"33";"14";"0";"1";"21";"1";""
"202100032426";"143Â 813";"A01";"2";"17";"0";"2";"6";"11";"1";""
"202100032426";"143Â 814";"B01";"2";"7";"0";"2";"2";"1";"1";""
"202100032427";"143Â 811";"A01";"1";"7";"0";"2";"1";"2";"1";""
"202100032427";"143Â 812";"B01";"1";"7";"0";"2";"4";"2";"1";""
"202100032428";"143Â 808";"C01";"2";"17";"0";"2";"4";"0";"1";""
"202100032428";"143Â 809";"B01";"2";"7";"0";"2";"4";"2";"1";""
"202100032428";"143Â 810";"A01";"2";"17";"0";"2";"1";"2";"1";""
"202100032429";"143Â 806";"A01";"1";"7";"0";"2";"2";"1";"1";""
"202100032429";"143Â 807";"B01";"1";"7";"0";"2";"6";"1";"1";""
"202100032430";"143Â 804";"A01";"2";"7";"0";"2";"4";"1";"1";""
"202100032430";"143Â 805";"Z01";"2";"15";"0";"0";"0";"0";"0";""
"202100032431";"143Â 802";"B01";"1";"7";"0";"2";"6";"11";"1";""
"202100032431";"143Â 803";"A01";"1";"33";"0";"2";"2";"3";"1";""
"202100032432";"143Â 800";"Z01";"1";"7";"0";"2";"6";"1";"0";""
"202100032432";"143Â 801";"B01";"1";"33";"0";"2";"2";"12";"1";""
"202100032433";"143Â 799";"A01";"2";"33";"0";"0";"9";"1";"1";""
"202100032434";"143Â 798";"A01";"1";"7";"1";"0";"9";"1";"1";""
"202100032435";"143Â 796";"B01";"2";"33";"0";"2";"1";"1";"1";""
"202100032435";"143Â 797";"A01";"1";"10";"0";"2";"3";"15";"1";""
"202100032436";"143Â 795";"A01";"2";"10";"0";"1";"2";"2";"1";""
"202100032437";"143Â 793";"A01";"1";"7";"0";"2";"2";"1";"1";""
"202100032437";"143Â 794";"B01";"2";"10";"0";"2";"3";"1";"1";""
"202100032438";"143Â 792";"A01";"1";"7";"0";"1";"1";"1";"1";""
"202100032439";"143Â 791";"A01";"3";"7";"0";"1";"3";"1";"1";""
"202100032440";"143Â 789";"A01";"2";"50";"0";"2";"1";"19";"3";""
"202100032440";"143Â 790";"B01";"1";"7";"0";"2";"3";"1";"1";""
"202100032441";"143Â 787";"A01";"3";"1";"0";"2";"1";"1";"5";""
"202100032441";"143Â 788";"B01";"3";"10";"0";"9";"0";"1";"1";""
"202100032442";"143Â 785";"B01";"1";"2";"0";"2";"8";"1";"1";""
"202100032442";"143Â 786";"A01";"1";"7";"0";"2";"7";"16";"1";""
"202100032443";"143Â 784";"A01";"1";"7";"0";"1";"1";"26";"1";""
"202100032444";"143Â 783";"A01";"1";"7";"4";"0";"1";"13";"1";""
"202100032445";"143Â 782";"A01";"2";"7";"0";"1";"3";"19";"1";""
"202100032446";"143Â 780";"A01";"2";"7";"0";"2";"6";"15";"1";""
"202100032446";"143Â 781";"B01";"2";"80";"0";"2";"1";"1";"3";""
"202100032447";"143Â 779";"A01";"3";"7";"0";"1";"1";"1";"1";""
"202100032448";"143Â 777";"A01";"2";"7";"0";"2";"6";"1";"1";""
"202100032448";"143Â 778";"B01";"2";"33";"0";"2";"2";"0";"1";""
"202100032449";"143Â 776";"A01";"3";"20";"0";"1";"1";"1";"0";""
"202100032450";"143Â 775";"A01";"3";"7";"0";"1";"3";"1";"1";""
"202100032451";"143Â 774";"A01";"3";"14";"12";"0";"3";"13";"1";""
"202100032452";"143Â 772";"B01";"1";"7";"0";"2";"4";"2";"1";""
"202100032452";"143Â 773";"A01";"1";"7";"0";"2";"1";"2";"1";""
"202100032453";"143Â 768";"B01";"1";"7";"0";"2";"4";"1";"1";""
"202100032453";"143Â 769";"D01";"1";"7";"0";"2";"3";"1";"2";""
"202100032453";"143Â 770";"A01";"1";"7";"0";"2";"1";"2";"1";""
"202100032453";"143Â 771";"C01";"1";"7";"0";"2";"2";"1";"1";""
"202100032454";"143Â 766";"B01";"1";"7";"0";"2";"4";"1";"1";""
"202100032454";"143Â 767";"A01";"1";"7";"0";"2";"1";"9";"1";""
"202100032455";"143Â 764";"B01";"2";"33";"0";"2";"1";"1";"1";""
"202100032455";"143Â 765";"A01";"2";"7";"0";"2";"4";"4";"1";""
"202100032456";"143Â 762";"B01";"1";"1";"0";"2";"8";"1";"5";""
"202100032456";"143Â 763";"A01";"2";"7";"0";"2";"1";"16";"1";""
"202100032457";"143Â 761";"A01";"3";"7";"0";"1";"2";"2";"1";""
"202100032458";"143Â 760";"A01";"1";"7";"0";"1";"2";"19";"1";""
"202100032459";"143Â 759";"A01";"0";"1";"0";"1";"1";"2";"5";""
"202100032460";"143Â 758";"A01";"3";"37";"0";"1";"1";"26";"2";"1"
"202100032461";"143Â 756";"A01";"1";"7";"0";"2";"1";"2";"1";""
"202100032461";"143Â 757";"B01";"1";"7";"0";"2";"4";"2";"1";""
"202100032462";"143Â 754";"A01";"1";"7";"6";"0";"1";"16";"1";""
"202100032463";"143Â 752";"A01";"3";"7";"0";"2";"2";"15";"1";""
"202100032463";"143Â 753";"B01";"2";"7";"0";"2";"3";"1";"1";""
"202100032464";"143Â 750";"A01";"1";"7";"0";"2";"3";"10";"1";""
"202100032464";"143Â 751";"B01";"1";"7";"0";"2";"3";"1";"0";""
"202100032465";"143Â 749";"A01";"0";"7";"0";"1";"4";"4";"1";""
"202100032466";"143Â 746";"A01";"3";"1";"0";"2";"7";"25";"5";""
"202100032466";"143Â 747";"B01";"0";"7";"0";"2";"7";"9";"1";""
"202100032467";"143Â 741";"A01";"0";"33";"0";"2";"2";"17";"1";""
"202100032467";"143Â 742";"B01";"0";"7";"0";"2";"6";"2";"1";""
"202100032468";"143Â 737";"B01";"1";"1";"1";"0";"1";"1";"5";""
"202100032468";"143Â 738";"A01";"1";"7";"0";"2";"3";"22";"1";""
"202100032469";"143Â 735";"A01";"3";"7";"0";"2";"1";"15";"1";""
"202100032469";"143Â 736";"B01";"3";"7";"0";"2";"1";"1";"1";""
"202100032470";"143Â 733";"A01";"1";"7";"0";"2";"3";"1";"1";""
"202100032470";"143Â 734";"B01";"2";"32";"0";"2";"1";"1";"1";""
"202100032471";"143Â 731";"A01";"1";"1";"2";"4";"1";"19";"5";""
"202100032471";"143Â 732";"B01";"2";"40";"0";"2";"2";"1";"3";""
"202100032472";"143Â 730";"A01";"3";"10";"0";"1";"1";"26";"1";""
"202100032473";"143Â 728";"B01";"1";"31";"0";"2";"0";"1";"1";""
"202100032473";"143Â 729";"A01";"3";"7";"0";"2";"2";"15";"1";""
"202100032474";"143Â 725";"C01";"2";"7";"0";"2";"4";"2";"1";""
"202100032474";"143Â 726";"A01";"2";"7";"0";"2";"1";"2";"1";""
"202100032474";"143Â 727";"B01";"2";"10";"0";"2";"4";"2";"1";""
"202100032475";"143Â 724";"A01";"3";"3";"15";"0";"1";"14";"0";""
"202100032476";"143Â 722";"Z01";"1";"7";"0";"0";"1";"1";"1";""
"202100032476";"143Â 723";"A01";"1";"1";"0";"2";"4";"1";"5";""
"202100032477";"143Â 720";"B01";"1";"99";"0";"2";"3";"0";"3";""
"202100032477";"143Â 721";"A01";"1";"20";"0";"0";"0";"0";"0";""
"202100032478";"143Â 719";"A01";"1";"7";"0";"2";"3";"1";"1";""
"202100032479";"143Â 717";"A01";"2";"33";"0";"2";"1";"2";"1";""
"202100032479";"143Â 718";"B01";"2";"7";"0";"2";"4";"1";"1";""
"202100032480";"143Â 716";"A01";"2";"1";"0";"1";"2";"25";"5";""
"202100032481";"143Â 711";"A01";"1";"7";"0";"9";"1";"1";"1";""
"202100032481";"143Â 712";"B01";"1";"1";"0";"2";"8";"9";"6";""
"202100032482";"143Â 709";"A01";"1";"7";"0";"2";"3";"10";"1";""
"202100032482";"143Â 710";"B01";"1";"31";"0";"2";"9";"1";"1";""
"202100032483";"143Â 705";"B01";"2";"7";"0";"2";"8";"1";"1";""
"202100032483";"143Â 706";"A01";"1";"2";"0";"2";"1";"1";"1";""
"202100032484";"143Â 704";"A01";"2";"7";"0";"1";"2";"1";"1";""
"202100032485";"143Â 702";"A01";"2";"7";"0";"2";"1";"15";"1";""
"202100032485";"143Â 703";"B01";"2";"7";"0";"2";"1";"1";"1";""
"202100032486";"143Â 701";"A01";"3";"7";"0";"1";"3";"15";"1";""
"202100032487";"143Â 700";"A01";"2";"7";"14";"0";"1";"13";"1";""
"202100032488";"143Â 698";"A01";"2";"10";"0";"2";"2";"15";"1";""
"202100032488";"143Â 699";"B01";"1";"34";"0";"2";"1";"1";"1";""
"202100032489";"143Â 696";"A01";"3";"30";"0";"2";"7";"19";"1";""
"202100032489";"143Â 697";"B01";"1";"7";"0";"2";"1";"1";"1";""
"202100032490";"143Â 693";"A01";"1";"32";"0";"1";"1";"1";"1";""
"202100032491";"143Â 691";"B01";"1";"10";"0";"2";"3";"9";"1";""
"202100032491";"143Â 692";"A01";"2";"7";"0";"2";"1";"1";"1";""
"202100032492";"143Â 689";"A01";"1";"33";"0";"2";"1";"18";"1";""
"202100032492";"143Â 690";"B01";"1";"17";"0";"2";"2";"16";"1";""
"202100032493";"143Â 688";"A01";"1";"7";"0";"1";"4";"4";"1";""
"202100032494";"143Â 686";"B01";"2";"30";"0";"2";"3";"1";"1";""
"202100032494";"143Â 687";"A01";"1";"7";"0";"2";"3";"13";"1";""
"202100032495";"143Â 684";"B01";"1";"1";"0";"2";"1";"1";"5";""
"202100032495";"143Â 685";"A01";"1";"7";"0";"2";"7";"26";"1";""
"202100032496";"143Â 682";"B01";"1";"33";"0";"2";"1";"0";"1";""
"202100032496";"143Â 683";"A01";"1";"7";"0";"2";"3";"1";"1";""
"202100032497";"143Â 680";"B01";"2";"1";"0";"2";"6";"19";"5";""
"202100032497";"143Â 681";"A01";"2";"7";"0";"2";"1";"1";"1";""
"202100032498";"143Â 678";"A01";"3";"1";"0";"2";"8";"0";"5";""
"202100032498";"143Â 679";"B01";"0";"7";"0";"2";"1";"19";"1";""
"202100032499";"143Â 676";"A01";"0";"7";"0";"2";"3";"9";"1";""
"202100032499";"143Â 677";"B01";"3";"1";"0";"2";"7";"2";"5";""
"202100032500";"143Â 671";"B01";"3";"7";"0";"2";"3";"9";"1";""
"202100032500";"143Â 672";"A01";"3";"7";"0";"0";"3";"19";"1";""
"202100032501";"143Â 670";"A01";"1";"7";"0";"1";"3";"1";"1";""
"202100032502";"143Â 668";"B01";"2";"7";"0";"2";"4";"1";"1";""
"202100032502";"143Â 669";"A01";"1";"7";"0";"2";"1";"2";"1";""
"202100032503";"143Â 667";"A01";"3";"7";"0";"9";"3";"17";"1";""
"202100032504";"143Â 664";"A01";"1";"31";"0";"2";"1";"1";"1";""
"202100032504";"143Â 665";"B01";"1";"7";"0";"2";"8";"19";"1";""
"202100032505";"143Â 663";"A01";"2";"10";"0";"1";"5";"16";"1";""
"202100032506";"143Â 662";"A01";"1";"30";"0";"1";"1";"17";"1";""
"202100032507";"143Â 660";"A01";"2";"30";"0";"2";"2";"3";"3";""
"202100032507";"143Â 661";"B01";"0";"7";"0";"2";"3";"15";"1";""
"202100032508";"143Â 659";"A01";"1";"1";"0";"0";"0";"21";"5";""
"202100032509";"143Â 657";"A01";"1";"10";"0";"2";"2";"15";"1";""
"202100032509";"143Â 658";"B01";"2";"43";"0";"2";"3";"1";"1";""
"202100032510";"143Â 656";"A01";"1";"30";"0";"1";"1";"16";"1";""
"202100032511";"143Â 654";"A01";"1";"7";"0";"2";"5";"16";"1";""
"202100032511";"143Â 655";"B01";"1";"1";"0";"2";"6";"7";"5";""
"202100032512";"143Â 652";"A01";"2";"33";"0";"2";"2";"15";"1";""
"202100032512";"143Â 653";"B01";"2";"7";"0";"2";"6";"15";"1";""
"202100032513";"143Â 650";"B01";"2";"7";"0";"2";"4";"1";"2";""
"202100032513";"143Â 651";"A01";"2";"33";"0";"2";"1";"1";"1";""
"202100032514";"143Â 647";"C01";"2";"14";"0";"2";"4";"23";"1";""
"202100032514";"143Â 648";"B01";"2";"30";"0";"2";"4";"23";"1";""
"202100032514";"143Â 649";"A01";"2";"10";"0";"2";"1";"1";"1";""
"202100032515";"143Â 645";"A01";"1";"33";"0";"2";"1";"2";"1";""
"202100032515";"143Â 646";"B01";"1";"7";"0";"2";"4";"2";"1";""
"202100032516";"143Â 643";"B01";"2";"32";"0";"2";"1";"1";"1";""
"202100032516";"143Â 644";"A01";"2";"50";"0";"2";"2";"19";"3";""
"202100032517";"143Â 641";"A01";"1";"1";"0";"2";"2";"17";"5";""
"202100032517";"143Â 642";"B01";"1";"1";"0";"2";"3";"13";"5";""
"202100032518";"143Â 640";"A01";"2";"34";"14";"0";"1";"14";"1";""
"202100032519";"143Â 638";"B01";"1";"1";"0";"2";"1";"1";"5";""
"202100032519";"143Â 639";"A01";"2";"1";"0";"2";"0";"10";"5";""
"202100032520";"143Â 636";"Z01";"2";"43";"0";"2";"1";"1";"1";""