"Num_Acc";"id_vehicule";"num_veh";"senc";"catv";"obs";"obsm";"choc";"manv";"motor";"occutc"
"202100032520";"143Â 637";"A01";"2";"1";"0";"2";"4";"1";"5";""
"202100032521";"143Â 634";"A01";"3";"31";"0";"2";"1";"1";"1";""
"202100032521";"143Â 635";"B01";"3";"7";"0";"2";"4";"18";"1";""
"202100032522";"143Â 633";"A01";"1";"7";"0";"1";"3";"1";"2";""
"202100032523";"143Â 631";"A01";"2";"7";"0";"2";"5";"16";"1";""
"202100032523";"143Â 632";"B01";"2";"33";"0";"2";"3";"18";"1";""
"202100032524";"143Â 630";"A01";"1";"50";"8";"0";"1";"1";"3";""
"202100032525";"143Â 629";"A01";"2";"7";"0";"1";"5";"4";"1";""
"202100032526";"143Â 627";"A01";"1";"7";"0";"2";"3";"19";"1";""
"202100032526";"143Â 628";"B01";"1";"1";"0";"0";"0";"0";"5";""
"202100032527";"143Â 626";"A01";"2";"7";"0";"2";"2";"1";"1";""
"202100032528";"143Â 625";"A01";"2";"7";"0";"1";"3";"1";"1";""
"202100032529";"143Â 624";"A01";"2";"50";"0";"1";"1";"3";"3";""
"202100032530";"143Â 622";"A01";"1";"7";"1";"0";"1";"14";"2";""
"202100032530";"143Â 623";"B01";"1";"7";"0";"0";"4";"23";"1";""
"202100032531";"143Â 621";"A01";"2";"32";"0";"1";"0";"26";"0";""
"202100032532";"143Â 620";"A01";"3";"7";"1";"1";"1";"26";"1";""
"202100032533";"143Â 618";"B01";"0";"30";"0";"0";"0";"0";"1";""
"202100032533";"143Â 619";"A01";"0";"7";"0";"0";"0";"0";"1";""
"202100032534";"143Â 616";"A01";"1";"7";"0";"2";"3";"2";"1";""
"202100032534";"143Â 617";"Y01";"1";"50";"0";"2";"0";"0";"3";""
"202100032535";"143Â 614";"B01";"1";"50";"0";"2";"1";"1";"3";""
"202100032535";"143Â 615";"A01";"1";"7";"0";"2";"7";"20";"1";""
"202100032536";"143Â 612";"A01";"2";"30";"0";"1";"1";"1";"0";""
"202100032536";"143Â 613";"Y01";"2";"50";"0";"2";"8";"19";"3";""
"202100032537";"143Â 611";"A01";"1";"7";"0";"1";"3";"21";"1";""
"202100032538";"143Â 609";"A01";"1";"32";"0";"2";"3";"26";"1";""
"202100032538";"143Â 610";"B01";"2";"50";"0";"2";"1";"25";"3";""
"202100032539";"143Â 606";"B01";"1";"10";"0";"2";"1";"26";"1";""
"202100032539";"143Â 607";"Z01";"1";"13";"0";"2";"0";"0";"0";""
"202100032539";"143Â 608";"A01";"1";"7";"0";"2";"4";"26";"1";""
"202100032540";"143Â 604";"A01";"3";"7";"0";"2";"1";"17";"1";""
"202100032540";"143Â 605";"B01";"0";"1";"0";"2";"8";"19";"0";""
"202100032541";"143Â 602";"A01";"1";"32";"0";"2";"8";"1";"1";""
"202100032541";"143Â 603";"B01";"1";"15";"0";"2";"5";"1";"1";""
"202100032542";"143Â 600";"B01";"2";"2";"0";"2";"3";"1";"1";""
"202100032542";"143Â 601";"A01";"1";"7";"0";"2";"2";"15";"1";""
"202100032543";"143Â 598";"A01";"2";"7";"0";"2";"3";"1";"1";""
"202100032543";"143Â 599";"B01";"1";"7";"0";"2";"3";"1";"1";""
"202100032544";"143Â 596";"A01";"2";"33";"0";"2";"7";"1";"1";""
"202100032544";"143Â 597";"B01";"3";"7";"0";"2";"1";"19";"1";""
"202100032545";"143Â 595";"A01";"0";"2";"0";"0";"0";"1";"1";""
"202100032546";"143Â 593";"B01";"1";"1";"3";"0";"0";"1";"5";""
"202100032546";"143Â 594";"A01";"1";"15";"0";"0";"0";"1";"1";""
"202100032547";"143Â 590";"B01";"1";"7";"1";"0";"2";"2";"1";""
"202100032547";"143Â 591";"A01";"1";"7";"1";"0";"0";"2";"1";""
"202100032548";"143Â 588";"B01";"2";"15";"0";"0";"6";"0";"1";""
"202100032548";"143Â 589";"A01";"2";"10";"0";"2";"2";"1";"1";""
"202100032549";"143Â 587";"A01";"3";"2";"0";"0";"0";"2";"1";""
"202100032550";"143Â 586";"A01";"1";"10";"0";"1";"2";"1";"1";""
"202100032551";"143Â 585";"A01";"1";"10";"13";"0";"2";"1";"1";""
"202100032552";"143Â 583";"B01";"1";"33";"0";"2";"7";"2";"1";""
"202100032552";"143Â 584";"A01";"3";"7";"0";"2";"6";"26";"1";""
"202100032553";"143Â 580";"A01";"1";"7";"11";"0";"1";"1";"1";""
"202100032554";"143Â 579";"A01";"1";"33";"7";"0";"1";"1";"1";""
"202100032555";"143Â 578";"A01";"2";"2";"2";"0";"0";"0";"1";""
"202100032556";"143Â 577";"A01";"3";"32";"0";"0";"0";"0";"1";""
"202100032557";"143Â 575";"B01";"1";"7";"0";"2";"2";"17";"3";""
"202100032557";"143Â 576";"A01";"1";"7";"0";"2";"3";"15";"1";""
"202100032558";"143Â 571";"A01";"1";"7";"0";"2";"1";"1";"1";""
"202100032558";"143Â 572";"B01";"3";"7";"8";"2";"7";"19";"1";""
"202100032559";"143Â 570";"A01";"1";"33";"0";"0";"3";"1";"1";""
"202100032560";"143Â 569";"A01";"1";"7";"8";"0";"2";"1";"1";""
"202100032561";"143Â 567";"B01";"2";"13";"0";"2";"2";"15";"1";""
"202100032561";"143Â 568";"A01";"1";"7";"0";"2";"3";"1";"1";""
"202100032562";"143Â 565";"A01";"2";"7";"0";"2";"3";"22";"1";""
"202100032562";"143Â 566";"B01";"2";"80";"1";"0";"1";"22";"3";""
"202100032563";"143Â 564";"A01";"0";"33";"0";"6";"1";"2";"1";""
"202100032564";"143Â 562";"B01";"2";"7";"0";"2";"3";"1";"1";""
"202100032564";"143Â 563";"A01";"1";"7";"0";"2";"3";"13";"1";""
"202100032565";"143Â 560";"A01";"0";"10";"0";"2";"5";"19";"1";""
"202100032565";"143Â 561";"B01";"1";"33";"0";"2";"8";"1";"1";""
"202100032566";"143Â 558";"B01";"2";"7";"0";"2";"1";"5";"1";""
"202100032566";"143Â 559";"A01";"1";"10";"0";"2";"1";"1";"1";""
"202100032567";"143Â 556";"A01";"3";"7";"0";"0";"2";"1";"1";""
"202100032567";"143Â 557";"B01";"3";"1";"0";"2";"2";"9";"5";""
"202100032568";"143Â 555";"A01";"3";"7";"0";"1";"0";"0";"1";""
"202100032569";"143Â 553";"A01";"1";"31";"0";"2";"1";"13";"1";""
"202100032569";"143Â 554";"B01";"2";"7";"0";"2";"1";"1";"1";""
"202100032570";"143Â 551";"A01";"0";"7";"0";"9";"8";"9";"1";""
"202100032570";"143Â 552";"B01";"3";"1";"0";"2";"1";"26";"5";""
"202100032571";"143Â 549";"A01";"0";"7";"0";"2";"2";"2";"1";""
"202100032571";"143Â 550";"B01";"0";"33";"0";"2";"4";"2";"1";""
"202100032572";"143Â 547";"A01";"1";"10";"0";"2";"3";"5";"1";""
"202100032572";"143Â 548";"B01";"2";"7";"0";"2";"3";"1";"1";""
"202100032573";"143Â 545";"A01";"2";"7";"0";"2";"2";"1";"1";""
"202100032573";"143Â 546";"B01";"2";"10";"3";"0";"5";"0";"1";""
"202100032574";"143Â 544";"A01";"2";"17";"0";"0";"0";"0";"1";""
"202100032575";"143Â 543";"A01";"1";"7";"6";"0";"3";"13";"1";""
"202100032576";"143Â 542";"A01";"1";"7";"13";"0";"1";"1";"1";""
"202100032577";"143Â 541";"A01";"1";"7";"13";"0";"7";"1";"1";""
"202100032578";"143Â 539";"B01";"1";"7";"0";"0";"0";"15";"1";""
"202100032578";"143Â 540";"A01";"1";"33";"0";"0";"0";"17";"1";""
"202100032579";"143Â 538";"A01";"3";"7";"8";"0";"1";"13";"1";""
"202100032580";"143Â 537";"A01";"3";"7";"0";"1";"3";"1";"1";""
"202100032581";"143Â 535";"B01";"2";"7";"0";"2";"1";"1";"1";""
"202100032581";"143Â 536";"A01";"1";"2";"0";"2";"3";"1";"1";""
"202100032582";"143Â 533";"A01";"3";"2";"0";"2";"3";"1";"1";""
"202100032582";"143Â 534";"B01";"3";"7";"0";"2";"3";"1";"1";""
"202100032583";"143Â 531";"A01";"2";"7";"0";"9";"1";"1";"0";""
"202100032583";"143Â 532";"B01";"1";"2";"0";"2";"8";"19";"1";""
"202100032584";"143Â 529";"B01";"1";"7";"0";"2";"8";"15";"1";""
"202100032584";"143Â 530";"A01";"1";"33";"0";"2";"0";"15";"1";""
"202100032585";"143Â 527";"B01";"1";"33";"0";"2";"1";"1";"1";""
"202100032585";"143Â 528";"A01";"1";"10";"0";"2";"3";"19";"1";""
"202100032586";"143Â 525";"A01";"2";"33";"0";"2";"1";"21";"1";""
"202100032586";"143Â 526";"B01";"2";"15";"0";"0";"6";"26";"1";""
"202100032587";"143Â 524";"A01";"1";"2";"6";"0";"1";"1";"1";""
"202100032588";"143Â 523";"A01";"0";"7";"0";"1";"3";"26";"1";""
"202100032589";"143Â 521";"B01";"2";"7";"0";"0";"4";"1";"1";""
"202100032589";"143Â 522";"A01";"2";"7";"0";"2";"1";"1";"1";""
"202100032590";"143Â 519";"A01";"1";"7";"0";"2";"2";"9";"1";""
"202100032590";"143Â 520";"B01";"2";"7";"7";"2";"1";"2";"1";""
"202100032591";"143Â 518";"A01";"3";"20";"0";"1";"8";"26";"0";""
"202100032592";"143Â 516";"A01";"3";"7";"0";"2";"2";"15";"1";""
"202100032592";"143Â 517";"B01";"3";"33";"0";"2";"1";"1";"0";""
"202100032593";"143Â 515";"A01";"1";"7";"0";"0";"0";"14";"1";""
"202100032594";"143Â 514";"A01";"3";"17";"0";"1";"0";"0";"1";""
"202100032595";"143Â 512";"B01";"2";"10";"3";"2";"8";"1";"1";""
"202100032595";"143Â 513";"A01";"1";"7";"17";"0";"3";"1";"1";""
"202100032596";"143Â 509";"A01";"2";"7";"0";"2";"0";"0";"1";""
"202100032596";"143Â 510";"B01";"2";"7";"0";"2";"7";"1";"1";""
"202100032596";"143Â 511";"C01";"2";"15";"0";"0";"8";"1";"1";""
"202100032597";"143Â 507";"B01";"2";"7";"0";"0";"4";"2";"1";""
"202100032597";"143Â 508";"A01";"2";"7";"0";"2";"1";"2";"1";""
"202100032598";"143Â 504";"C01";"1";"10";"0";"2";"1";"2";"1";""
"202100032598";"143Â 505";"B01";"1";"10";"0";"2";"4";"23";"1";""
"202100032598";"143Â 506";"A01";"1";"17";"0";"0";"4";"23";"1";""
"202100032599";"143Â 502";"B01";"1";"7";"0";"2";"1";"1";"1";""
"202100032599";"143Â 503";"A01";"2";"1";"0";"2";"8";"19";"5";""
"202100032600";"143Â 500";"A01";"1";"7";"0";"2";"1";"1";"1";""
"202100032600";"143Â 501";"B01";"2";"7";"0";"2";"3";"1";"1";""
"202100032601";"143Â 498";"B01";"2";"7";"6";"2";"2";"26";"1";""
"202100032601";"143Â 499";"A01";"2";"7";"0";"2";"1";"1";"1";""
"202100032602";"143Â 497";"A01";"0";"2";"0";"0";"0";"0";"0";""
"202100032603";"143Â 496";"A01";"1";"7";"13";"9";"9";"1";"1";""
"202100032604";"143Â 495";"A01";"1";"33";"7";"0";"1";"1";"1";""
"202100032605";"143Â 494";"A01";"1";"33";"10";"0";"1";"1";"1";""
"202100032606";"143Â 493";"A01";"3";"33";"6";"0";"1";"0";"1";""
"202100032607";"143Â 491";"A01";"3";"7";"0";"2";"1";"15";"1";""
"202100032607";"143Â 492";"B01";"3";"2";"0";"2";"2";"17";"1";""
"202100032608";"143Â 490";"A01";"1";"7";"15";"0";"2";"1";"1";""
"202100032609";"143Â 488";"B01";"1";"2";"0";"0";"8";"1";"1";""
"202100032609";"143Â 489";"A01";"2";"7";"0";"0";"0";"17";"2";""
"202100032610";"143Â 486";"A01";"2";"7";"0";"2";"7";"1";"1";""
"202100032610";"143Â 487";"B01";"2";"7";"0";"2";"1";"1";"1";""
"202100032611";"143Â 484";"A01";"1";"7";"0";"2";"1";"2";"1";""
"202100032611";"143Â 485";"B01";"1";"1";"0";"0";"4";"1";"5";""
"202100032612";"143Â 482";"B01";"1";"17";"7";"2";"1";"1";"1";""
"202100032612";"143Â 483";"A01";"2";"7";"0";"2";"1";"13";"1";""
"202100032613";"143Â 477";"A01";"2";"7";"0";"2";"4";"1";"1";""
"202100032613";"143Â 478";"B01";"2";"7";"0";"2";"6";"1";"1";""
"202100032613";"143Â 479";"C01";"2";"7";"0";"2";"2";"2";"1";""
"202100032614";"143Â 473";"A01";"2";"7";"0";"2";"4";"1";"1";""
"202100032614";"143Â 474";"B01";"2";"7";"0";"2";"4";"1";"1";""
"202100032614";"143Â 475";"C01";"2";"7";"0";"2";"4";"1";"1";""
"202100032614";"143Â 476";"D01";"2";"10";"0";"2";"1";"1";"1";""
"202100032615";"143Â 472";"A01";"2";"7";"3";"0";"3";"1";"1";""
"202100032616";"143Â 470";"A01";"2";"7";"0";"2";"6";"1";"1";""
"202100032616";"143Â 471";"B01";"2";"7";"0";"2";"2";"12";"1";""
"202100032617";"143Â 469";"A01";"1";"7";"0";"0";"0";"2";"1";""
"202100032618";"143Â 465";"A01";"1";"7";"0";"2";"7";"14";"1";""
"202100032618";"143Â 466";"B01";"1";"33";"0";"2";"7";"1";"1";""
"202100032618";"143Â 467";"C01";"1";"7";"0";"2";"6";"2";"1";""
"202100032618";"143Â 468";"D01";"1";"7";"0";"2";"7";"2";"1";""
"202100032619";"143Â 463";"A01";"2";"7";"0";"2";"8";"11";"1";""
"202100032619";"143Â 464";"B01";"2";"43";"0";"2";"7";"1";"1";""
"202100032620";"143Â 457";"A01";"2";"7";"0";"2";"1";"2";"0";""
"202100032620";"143Â 458";"B01";"2";"10";"0";"2";"1";"2";"1";""
"202100032620";"143Â 459";"C01";"2";"10";"0";"2";"1";"2";"1";""
"202100032620";"143Â 460";"D01";"2";"7";"0";"2";"1";"2";"1";""
"202100032620";"143Â 461";"E01";"2";"7";"0";"2";"1";"2";"1";""
"202100032620";"143Â 462";"F01";"2";"10";"0";"2";"1";"2";"1";""
"202100032621";"143Â 454";"Z01";"2";"0";"0";"1";"0";"26";"0";""
"202100032621";"143Â 455";"C01";"1";"7";"14";"0";"1";"9";"2";""
"202100032621";"143Â 456";"B01";"1";"7";"14";"0";"1";"9";"1";""
"202100032622";"143Â 452";"B01";"1";"34";"0";"2";"0";"0";"1";""
"202100032622";"143Â 453";"A01";"1";"7";"0";"2";"0";"2";"1";""
"202100032623";"143Â 449";"B01";"1";"7";"0";"2";"4";"0";"3";""
"202100032623";"143Â 450";"Z01";"1";"15";"0";"2";"1";"0";"1";""
"202100032623";"143Â 451";"A01";"1";"7";"0";"2";"4";"26";"1";""
"202100032624";"143Â 447";"B01";"1";"7";"0";"2";"3";"2";"1";""
"202100032624";"143Â 448";"A01";"1";"33";"0";"2";"7";"2";"1";""
"202100032625";"143Â 446";"A01";"2";"7";"9";"0";"1";"12";"1";""
"202100032626";"143Â 444";"A01";"1";"14";"0";"2";"1";"2";"1";""
"202100032626";"143Â 445";"B01";"1";"7";"0";"2";"4";"2";"1";""
"202100032627";"143Â 441";"A01";"1";"7";"0";"2";"2";"16";"1";""
"202100032627";"143Â 442";"B01";"1";"31";"0";"2";"8";"3";"1";""
"202100032627";"143Â 443";"C01";"1";"7";"0";"2";"3";"1";"1";""
"202100032628";"143Â 440";"A01";"2";"33";"0";"0";"8";"26";"1";""
"202100032629";"143Â 438";"B01";"3";"7";"0";"2";"3";"1";"1";""
"202100032629";"143Â 439";"A01";"3";"7";"0";"2";"8";"5";"1";""
"202100032630";"143Â 437";"A01";"2";"30";"0";"1";"1";"1";"1";""
"202100032631";"143Â 436";"A01";"2";"10";"0";"1";"1";"1";"1";""
"202100032632";"143Â 435";"A01";"1";"7";"0";"1";"4";"20";"0";""
"202100032633";"143Â 434";"A01";"0";"7";"0";"1";"1";"1";"1";""
"202100032634";"143Â 432";"A01";"3";"10";"0";"2";"1";"13";"1";""
"202100032634";"143Â 433";"B01";"3";"7";"0";"2";"1";"1";"1";""
"202100032635";"143Â 430";"A01";"2";"7";"0";"2";"4";"2";"1";""
"202100032635";"143Â 431";"B01";"2";"7";"0";"2";"1";"2";"1";""
"202100032636";"143Â 428";"B01";"1";"33";"0";"2";"1";"21";"0";""
"202100032636";"143Â 429";"A01";"1";"7";"0";"2";"1";"15";"1";""
"202100032637";"143Â 426";"A01";"2";"1";"0";"2";"4";"2";"0";""
"202100032637";"143Â 427";"B01";"2";"7";"0";"2";"1";"16";"1";""
"202100032638";"143Â 424";"B01";"1";"7";"0";"0";"1";"1";"1";""
"202100032638";"143Â 425";"A01";"2";"1";"0";"2";"7";"5";"5";""
"202100032639";"143Â 423";"A01";"1";"7";"14";"0";"1";"26";"1";""
"202100032640";"143Â 422";"A01";"2";"99";"0";"0";"8";"25";"5";""
"202100032641";"143Â 421";"A01";"1";"50";"0";"1";"3";"1";"3";""
"202100032642";"143Â 419";"B01";"2";"7";"0";"2";"2";"1";"1";""
"202100032642";"143Â 420";"A01";"2";"30";"0";"2";"2";"9";"1";""
"202100032643";"143Â 418";"A01";"1";"7";"0";"1";"1";"16";"1";""
"202100032644";"143Â 417";"A01";"0";"17";"4";"0";"9";"13";"1";""
"202100032645";"143Â 415";"B01";"0";"7";"0";"2";"8";"1";"1";""
"202100032645";"143Â 416";"A01";"0";"7";"8";"2";"1";"1";"1";""
"202100032646";"143Â 413";"A01";"3";"7";"0";"2";"6";"19";"1";""
"202100032646";"143Â 414";"B01";"3";"7";"0";"2";"1";"1";"1";""
"202100032647";"143Â 412";"A01";"1";"7";"0";"0";"9";"1";"1";""
"202100032648";"143Â 410";"A01";"0";"50";"0";"2";"1";"1";"3";""
"202100032648";"143Â 411";"B01";"0";"7";"0";"2";"4";"1";"1";""
"202100032649";"143Â 408";"A01";"0";"7";"0";"2";"7";"15";"1";""
"202100032649";"143Â 409";"B01";"0";"7";"0";"2";"3";"1";"1";""
"202100032650";"143Â 407";"A01";"0";"7";"0";"0";"1";"15";"1";""
"202100032651";"143Â 405";"B01";"0";"7";"0";"2";"4";"1";"1";""
"202100032651";"143Â 406";"A01";"0";"7";"0";"2";"1";"1";"1";""
"202100032652";"143Â 404";"A01";"0";"7";"0";"1";"3";"1";"1";""
"202100032653";"143Â 400";"B01";"2";"33";"0";"2";"4";"2";"1";""
"202100032653";"143Â 401";"A01";"2";"7";"0";"2";"2";"1";"1";""
"202100032654";"143Â 398";"Z01";"1";"7";"0";"2";"0";"0";"0";""
"202100032654";"143Â 399";"A01";"1";"33";"0";"2";"4";"2";"1";""
"202100032655";"143Â 396";"B01";"1";"1";"0";"2";"8";"2";"5";""
"202100032655";"143Â 397";"A01";"1";"10";"0";"2";"7";"2";"1";""
"202100032656";"143Â 394";"A01";"1";"7";"0";"2";"1";"19";"1";""
"202100032656";"143Â 395";"B01";"2";"7";"0";"2";"1";"1";"1";""
"202100032657";"143Â 392";"B01";"1";"10";"0";"2";"3";"1";"1";""
"202100032657";"143Â 393";"A01";"1";"7";"0";"2";"3";"15";"1";""
"202100032658";"143Â 391";"A01";"1";"7";"0";"1";"7";"21";"1";""
"202100032659";"143Â 389";"A01";"1";"7";"8";"4";"3";"13";"1";""
"202100032659";"143Â 390";"B01";"1";"40";"0";"2";"8";"1";"3";""
"202100032660";"143Â 388";"A01";"3";"32";"0";"9";"8";"15";"1";""
"202100032661";"143Â 386";"A01";"2";"7";"0";"2";"3";"15";"1";""
"202100032661";"143Â 387";"B01";"1";"7";"0";"2";"3";"1";"1";""
"202100032662";"143Â 385";"A01";"1";"7";"0";"1";"2";"1";"1";""
"202100032663";"143Â 383";"A01";"2";"7";"0";"2";"3";"15";"1";""
"202100032663";"143Â 384";"B01";"2";"2";"0";"2";"1";"1";"1";""
"202100032664";"143Â 380";"B01";"2";"7";"0";"2";"6";"16";"1";""
"202100032664";"143Â 381";"A01";"1";"7";"0";"2";"2";"1";"1";""
"202100032665";"143Â 378";"A01";"0";"7";"0";"2";"8";"1";"1";""
"202100032665";"143Â 379";"B01";"0";"2";"0";"2";"1";"1";"1";""
"202100032666";"143Â 377";"A01";"0";"15";"0";"1";"5";"16";"0";""
"202100032667";"143Â 371";"A01";"2";"7";"3";"0";"1";"13";"1";""
"202100032668";"143Â 370";"A01";"3";"32";"0";"0";"8";"26";"1";""
"202100032669";"143Â 369";"A01";"1";"10";"9";"1";"1";"14";"1";""
"202100032670";"143Â 367";"B01";"3";"7";"0";"2";"2";"15";"1";""
"202100032670";"143Â 368";"A01";"1";"7";"0";"2";"3";"1";"1";""
"202100032671";"143Â 365";"B01";"1";"7";"0";"2";"3";"15";"1";""
"202100032671";"143Â 366";"A01";"1";"32";"0";"2";"1";"17";"1";""
"202100032672";"143Â 364";"A01";"1";"10";"0";"1";"4";"20";"1";""
"202100032673";"143Â 363";"A01";"1";"7";"13";"0";"1";"1";"1";""
"202100032674";"143Â 361";"B01";"2";"7";"0";"2";"2";"1";"1";""
"202100032674";"143Â 362";"A01";"2";"7";"0";"2";"1";"9";"1";""
"202100032675";"143Â 360";"A01";"1";"7";"0";"1";"1";"2";"1";""
"202100032676";"143Â 358";"A01";"0";"7";"0";"2";"0";"1";"1";""
"202100032676";"143Â 359";"B01";"0";"1";"0";"2";"0";"1";"5";""
"202100032677";"143Â 356";"A01";"1";"7";"0";"2";"8";"10";"1";""
"202100032677";"143Â 357";"B01";"1";"33";"0";"2";"1";"1";"1";""
"202100032678";"143Â 355";"A01";"0";"7";"0";"1";"1";"1";"1";""
"202100032679";"143Â 354";"A01";"0";"7";"2";"0";"3";"13";"1";""
"202100032680";"143Â 352";"B01";"2";"7";"0";"2";"8";"9";"1";""
"202100032680";"143Â 353";"A01";"0";"30";"0";"0";"0";"0";"1";""
"202100032681";"143Â 351";"A01";"1";"7";"0";"1";"0";"0";"2";""
"202100032682";"143Â 349";"A01";"0";"7";"0";"2";"5";"17";"1";""
"202100032682";"143Â 350";"B01";"0";"31";"0";"2";"1";"1";"1";""
"202100032683";"143Â 347";"A01";"2";"10";"9";"0";"1";"26";"0";""
"202100032683";"143Â 348";"B01";"3";"7";"0";"2";"0";"23";"1";""
"202100032684";"143Â 345";"A01";"2";"7";"0";"2";"1";"17";"1";""
"202100032684";"143Â 346";"B01";"2";"10";"0";"2";"3";"15";"1";""
"202100032685";"143Â 343";"A01";"1";"30";"0";"2";"2";"15";"1";""
"202100032685";"143Â 344";"B01";"2";"33";"0";"2";"1";"1";"1";""
"202100032686";"143Â 342";"A01";"0";"32";"4";"0";"1";"0";"1";""
"202100032687";"143Â 340";"A01";"1";"7";"0";"2";"1";"1";"1";""
"202100032687";"143Â 341";"B01";"1";"34";"0";"2";"4";"9";"1";""
"202100032688";"143Â 338";"B01";"3";"7";"0";"2";"4";"26";"1";""
"202100032688";"143Â 339";"A01";"3";"7";"0";"2";"1";"16";"1";""
"202100032689";"143Â 337";"A01";"0";"50";"0";"0";"9";"1";"3";""
"202100032690";"143Â 336";"A01";"1";"7";"0";"1";"1";"1";"1";""
"202100032691";"143Â 334";"B01";"1";"32";"0";"2";"2";"3";"1";""
"202100032691";"143Â 335";"A01";"1";"7";"0";"2";"3";"11";"1";""
"202100032692";"143Â 332";"B01";"2";"32";"0";"2";"2";"1";"1";""
"202100032692";"143Â 333";"A01";"2";"7";"0";"2";"6";"11";"2";""
"202100032693";"143Â 330";"Z01";"1";"7";"0";"2";"8";"13";"1";""
"202100032693";"143Â 331";"A01";"1";"43";"0";"2";"2";"3";"1";""
"202100032694";"143Â 327";"A01";"2";"7";"0";"2";"1";"2";"1";""
"202100032694";"143Â 328";"C01";"2";"7";"0";"2";"4";"2";"1";""
"202100032694";"143Â 329";"B01";"2";"7";"0";"2";"4";"2";"1";""
"202100032695";"143Â 325";"B01";"1";"43";"0";"2";"5";"2";"1";""
"202100032695";"143Â 326";"A01";"1";"30";"0";"2";"2";"2";"1";""
"202100032696";"143Â 324";"Z01";"2";"32";"0";"1";"1";"25";"1";""
"202100032697";"143Â 322";"A01";"1";"7";"0";"2";"3";"22";"1";""
"202100032697";"143Â 323";"B01";"1";"50";"0";"2";"1";"1";"3";""
"202100032698";"143Â 320";"B01";"2";"1";"0";"2";"1";"2";"5";""
"202100032698";"143Â 321";"A01";"2";"10";"0";"2";"4";"23";"1";""
"202100032699";"143Â 318";"A01";"1";"7";"0";"2";"1";"1";"1";""
"202100032699";"143Â 319";"B01";"1";"43";"0";"2";"4";"23";"1";""
"202100032700";"143Â 316";"A01";"1";"7";"0";"2";"7";"1";"1";""
"202100032700";"143Â 317";"B01";"1";"80";"0";"2";"1";"1";"3";""
"202100032701";"143Â 314";"B01";"2";"1";"0";"2";"1";"1";"5";""
"202100032701";"143Â 315";"A01";"2";"14";"0";"2";"7";"16";"1";""
"202100032702";"143Â 312";"A01";"2";"30";"0";"2";"1";"1";"1";""
"202100032702";"143Â 313";"B01";"1";"7";"0";"2";"2";"1";"1";""
"202100032703";"143Â 310";"A01";"2";"1";"0";"2";"1";"1";"5";""
"202100032703";"143Â 311";"B01";"2";"7";"0";"2";"4";"23";"1";""
"202100032704";"143Â 308";"A01";"2";"7";"0";"2";"3";"15";"1";""
"202100032704";"143Â 309";"B01";"2";"31";"0";"2";"2";"1";"1";""
"202100032705";"143Â 307";"A01";"2";"50";"0";"0";"0";"21";"3";""
"202100032706";"143Â 305";"B01";"2";"1";"0";"2";"2";"15";"5";""
"202100032706";"143Â 306";"A01";"1";"33";"0";"2";"3";"1";"1";""
"202100032707";"143Â 304";"A01";"1";"80";"12";"0";"7";"14";"3";""
"202100032708";"143Â 302";"A01";"2";"10";"0";"2";"2";"17";"3";""
"202100032708";"143Â 303";"Y01";"2";"50";"0";"2";"8";"2";"3";""
"202100032709";"143Â 300";"A01";"2";"99";"0";"2";"3";"10";"3";""
"202100032709";"143Â 301";"B01";"1";"7";"0";"2";"1";"26";"1";""
"202100032710";"143Â 298";"B01";"2";"7";"0";"2";"1";"1";"1";""
"202100032710";"143Â 299";"A01";"1";"7";"0";"2";"2";"9";"1";""
"202100032711";"143Â 297";"A01";"3";"7";"1";"0";"3";"1";"1";""
"202100032712";"143Â 296";"A01";"1";"7";"0";"1";"2";"26";"0";""
"202100032713";"143Â 294";"B01";"2";"7";"0";"2";"4";"7";"1";""
"202100032713";"143Â 295";"A01";"2";"37";"0";"2";"1";"2";"1";"1"
"202100032714";"143Â 292";"A01";"1";"7";"0";"2";"1";"2";"1";""
"202100032714";"143Â 293";"B01";"1";"7";"0";"2";"4";"2";"1";""
"202100032715";"143Â 291";"A01";"1";"7";"9";"0";"1";"1";"1";""
"202100032716";"143Â 289";"B01";"1";"1";"0";"2";"8";"1";"5";""
"202100032716";"143Â 290";"Z01";"1";"7";"0";"9";"2";"1";"1";""
"202100032717";"143Â 287";"A01";"1";"7";"0";"2";"3";"15";"1";""
"202100032717";"143Â 288";"B01";"1";"34";"0";"2";"2";"17";"1";""
"202100032718";"143Â 285";"B01";"1";"7";"0";"0";"3";"15";"1";""
"202100032718";"143Â 286";"A01";"1";"30";"0";"2";"1";"17";"1";""
"202100032719";"143Â 283";"A01";"0";"7";"0";"0";"2";"1";"1";""
"202100032719";"143Â 284";"B01";"0";"7";"0";"0";"2";"1";"1";""
"202100032720";"143Â 282";"A01";"3";"10";"9";"0";"3";"1";"1";""
"202100032721";"143Â 281";"A01";"1";"32";"1";"0";"8";"13";"1";""
"202100032722";"143Â 279";"A01";"1";"7";"0";"2";"2";"14";"1";""
"202100032722";"143Â 280";"B01";"1";"30";"0";"2";"6";"0";"1";""
"202100032723";"143Â 277";"A01";"2";"16";"0";"2";"3";"1";"1";""
"202100032723";"143Â 278";"B01";"1";"37";"0";"2";"5";"15";"1";"2"
"202100032724";"143Â 276";"A01";"1";"1";"0";"1";"1";"1";"5";""
"202100032725";"143Â 275";"A01";"1";"7";"9";"0";"1";"0";"1";""