"Num_Acc";"id_vehicule";"num_veh";"senc";"catv";"obs";"obsm";"choc";"manv";"motor";"occutc"
"202100032726";"143Â 273";"A01";"2";"31";"0";"2";"7";"17";"1";""
"202100032726";"143Â 274";"B01";"2";"7";"0";"2";"3";"15";"1";""
"202100032727";"143Â 271";"A01";"2";"7";"0";"2";"5";"16";"1";""
"202100032727";"143Â 272";"B01";"2";"2";"0";"2";"3";"18";"3";""
"202100032728";"143Â 269";"B01";"3";"32";"0";"2";"9";"21";"1";""
"202100032728";"143Â 270";"A01";"3";"14";"0";"2";"1";"13";"1";""
"202100032729";"143Â 267";"B01";"0";"7";"0";"2";"0";"13";"0";""
"202100032729";"143Â 268";"A01";"0";"33";"13";"0";"0";"1";"1";""
"202100032730";"143Â 266";"A01";"1";"7";"8";"0";"3";"13";"1";""
"202100032731";"143Â 264";"A01";"2";"7";"15";"0";"0";"0";"1";""
"202100032732";"143Â 263";"A01";"1";"7";"8";"0";"7";"1";"1";""
"202100032733";"143Â 261";"A01";"1";"7";"0";"2";"3";"1";"1";""
"202100032733";"143Â 262";"B01";"2";"14";"0";"2";"3";"1";"1";""
"202100032734";"143Â 260";"A01";"1";"31";"4";"0";"0";"2";"1";""
"202100032735";"143Â 258";"A01";"1";"7";"0";"2";"1";"13";"1";""
"202100032735";"143Â 259";"B01";"2";"15";"5";"2";"3";"1";"1";""
"202100032736";"143Â 256";"A01";"1";"33";"0";"2";"1";"2";"1";""
"202100032736";"143Â 257";"B01";"1";"7";"0";"2";"4";"2";"1";""
"202100032737";"143Â 254";"B01";"0";"30";"0";"2";"6";"0";"1";""
"202100032737";"143Â 255";"A01";"3";"7";"13";"2";"3";"0";"1";""
"202100032738";"143Â 253";"A01";"2";"7";"0";"0";"0";"1";"1";""
"202100032739";"143Â 251";"B01";"2";"10";"0";"2";"1";"1";"1";""
"202100032739";"143Â 252";"A01";"1";"33";"0";"2";"1";"13";"1";""
"202100032740";"143Â 248";"A01";"2";"17";"0";"2";"1";"1";"1";""
"202100032740";"143Â 249";"B01";"2";"7";"16";"2";"4";"15";"1";""
"202100032740";"143Â 250";"C01";"2";"7";"0";"2";"1";"1";"1";""
"202100032741";"143Â 247";"A01";"1";"33";"15";"0";"1";"1";"1";""
"202100032742";"143Â 244";"C01";"1";"7";"0";"2";"3";"1";"1";""
"202100032742";"143Â 245";"B01";"1";"7";"0";"2";"8";"1";"1";""
"202100032742";"143Â 246";"A01";"2";"7";"0";"2";"3";"13";"1";""
"202100032743";"143Â 243";"A01";"1";"33";"6";"0";"1";"1";"1";""
"202100032744";"143Â 242";"A01";"0";"7";"6";"0";"1";"1";"1";""
"202100032745";"143Â 241";"A01";"2";"7";"6";"0";"1";"13";"1";""
"202100032746";"143Â 239";"B01";"3";"14";"0";"2";"1";"1";"1";""
"202100032746";"143Â 240";"A01";"1";"33";"1";"0";"6";"1";"1";""
"202100032747";"143Â 237";"A01";"1";"3";"0";"2";"3";"13";"1";""
"202100032747";"143Â 238";"B01";"2";"7";"0";"2";"3";"1";"1";""
"202100032748";"143Â 234";"C01";"2";"10";"0";"2";"8";"23";"1";""
"202100032748";"143Â 235";"B01";"1";"7";"0";"2";"1";"1";"1";""
"202100032748";"143Â 236";"A01";"2";"2";"0";"2";"1";"6";"1";""
"202100032749";"143Â 232";"B01";"2";"1";"0";"2";"1";"0";"5";""
"202100032749";"143Â 233";"A01";"1";"7";"0";"9";"2";"15";"1";""
"202100032750";"143Â 231";"B01";"1";"1";"0";"0";"0";"2";"5";""
"202100032751";"143Â 230";"A01";"2";"7";"0";"0";"9";"15";"1";""
"202100032752";"143Â 228";"B01";"1";"15";"0";"2";"8";"1";"1";""
"202100032752";"143Â 229";"A01";"2";"7";"0";"2";"3";"13";"1";""
"202100032753";"143Â 227";"A01";"2";"7";"1";"0";"1";"1";"1";""
"202100032754";"143Â 226";"A01";"3";"7";"13";"0";"3";"13";"1";""
"202100032755";"143Â 224";"B01";"2";"7";"0";"0";"3";"1";"1";""
"202100032755";"143Â 225";"A01";"1";"2";"0";"2";"1";"1";"1";""
"202100032756";"143Â 222";"A01";"1";"10";"0";"9";"1";"17";"1";""
"202100032756";"143Â 223";"B01";"1";"1";"0";"2";"4";"1";"5";""
"202100032757";"143Â 221";"A01";"1";"7";"0";"1";"2";"1";"1";""
"202100032758";"143Â 218";"A01";"3";"7";"6";"0";"1";"1";"1";""
"202100032759";"143Â 217";"A01";"1";"7";"8";"0";"1";"1";"1";""
"202100032760";"143Â 215";"B01";"1";"14";"0";"2";"3";"21";"1";""
"202100032760";"143Â 216";"A01";"2";"33";"0";"2";"8";"21";"1";""
"202100032761";"143Â 213";"B01";"2";"80";"0";"2";"0";"13";"3";""
"202100032761";"143Â 214";"A01";"2";"10";"0";"2";"7";"17";"1";""
"202100032762";"143Â 211";"B01";"2";"30";"0";"2";"7";"1";"1";""
"202100032762";"143Â 212";"A01";"2";"15";"0";"2";"7";"17";"1";""
"202100032763";"143Â 210";"A01";"2";"33";"13";"0";"1";"1";"1";""
"202100032764";"143Â 209";"A01";"2";"7";"13";"0";"7";"0";"1";""
"202100032765";"143Â 207";"A01";"2";"7";"0";"2";"3";"1";"1";""
"202100032765";"143Â 208";"B01";"1";"7";"0";"2";"3";"13";"1";""
"202100032766";"143Â 205";"B01";"1";"3";"0";"2";"1";"17";"1";""
"202100032766";"143Â 206";"A01";"1";"10";"0";"2";"3";"10";"1";""
"202100032767";"143Â 203";"B01";"2";"7";"0";"2";"7";"19";"1";""
"202100032767";"143Â 204";"A01";"1";"3";"0";"2";"1";"1";"1";""
"202100032768";"143Â 202";"A01";"3";"2";"0";"0";"8";"15";"1";""
"202100032769";"143Â 201";"A01";"2";"7";"0";"0";"0";"14";"1";""
"202100032770";"143Â 199";"A01";"2";"17";"0";"2";"2";"14";"1";""
"202100032770";"143Â 200";"B01";"2";"14";"3";"0";"6";"23";"1";""
"202100032771";"143Â 197";"A01";"2";"7";"0";"2";"1";"17";"1";""
"202100032771";"143Â 198";"B01";"2";"2";"0";"2";"4";"15";"1";""
"202100032772";"143Â 196";"A01";"2";"7";"13";"9";"1";"21";"1";""
"202100032773";"143Â 194";"B01";"1";"7";"0";"0";"3";"15";"1";""
"202100032773";"143Â 195";"A01";"2";"2";"0";"0";"2";"1";"1";""
"202100032774";"143Â 192";"B01";"2";"10";"0";"0";"5";"11";"1";""
"202100032774";"143Â 193";"A01";"2";"33";"0";"2";"1";"3";"1";""
"202100032775";"143Â 190";"A01";"2";"33";"4";"0";"3";"6";"1";""
"202100032775";"143Â 191";"B01";"2";"7";"0";"0";"0";"12";"1";""
"202100032776";"143Â 187";"B01";"2";"10";"0";"2";"4";"1";"1";""
"202100032776";"143Â 188";"A01";"2";"7";"1";"2";"1";"3";"1";""
"202100032776";"143Â 189";"C01";"2";"10";"0";"2";"6";"23";"1";""
"202100032777";"143Â 185";"B01";"3";"31";"0";"2";"7";"1";"1";""
"202100032777";"143Â 186";"A01";"3";"7";"0";"2";"3";"15";"1";""
"202100032778";"143Â 184";"A01";"3";"7";"0";"1";"1";"1";"1";""
"202100032779";"143Â 183";"A01";"0";"60";"0";"0";"0";"5";"5";""
"202100032780";"143Â 181";"B01";"2";"7";"0";"2";"3";"1";"1";""
"202100032780";"143Â 182";"A01";"1";"7";"0";"2";"3";"17";"1";""
"202100032781";"143Â 180";"A01";"2";"7";"0";"1";"7";"1";"1";""
"202100032782";"143Â 179";"A01";"1";"33";"5";"0";"7";"15";"1";""
"202100032783";"143Â 177";"A01";"2";"7";"0";"2";"1";"1";"1";""
"202100032783";"143Â 178";"B01";"1";"7";"0";"2";"1";"13";"1";""
"202100032784";"143Â 175";"A01";"1";"33";"0";"2";"1";"17";"1";""
"202100032784";"143Â 176";"B01";"1";"21";"0";"0";"8";"15";"1";""
"202100032785";"143Â 173";"A01";"1";"7";"0";"2";"3";"9";"1";""
"202100032785";"143Â 174";"B01";"1";"2";"0";"2";"1";"1";"1";""
"202100032786";"143Â 171";"B01";"1";"7";"0";"2";"7";"1";"1";""
"202100032786";"143Â 172";"A01";"2";"7";"0";"2";"2";"1";"1";""
"202100032787";"143Â 169";"A01";"1";"33";"10";"0";"0";"0";"1";""
"202100032787";"143Â 170";"B01";"1";"33";"0";"0";"0";"0";"1";""
"202100032788";"143Â 167";"A01";"2";"7";"0";"2";"7";"15";"1";""
"202100032788";"143Â 168";"B01";"1";"1";"0";"2";"1";"1";"5";""
"202100032789";"143Â 165";"A01";"2";"7";"0";"2";"3";"1";"1";""
"202100032789";"143Â 166";"B01";"1";"7";"0";"2";"3";"13";"1";""
"202100032790";"143Â 164";"A01";"3";"1";"0";"0";"0";"0";"5";""
"202100032791";"143Â 162";"A01";"1";"7";"0";"9";"0";"2";"1";""
"202100032791";"143Â 163";"B01";"1";"1";"0";"2";"8";"2";"5";""
"202100032792";"143Â 161";"A01";"1";"7";"1";"0";"1";"1";"1";""
"202100032793";"143Â 159";"A01";"1";"7";"0";"2";"2";"5";"1";""
"202100032793";"143Â 160";"B01";"2";"15";"0";"2";"2";"21";"1";""
"202100032794";"143Â 158";"A01";"1";"32";"3";"0";"2";"1";"1";""
"202100032795";"143Â 157";"A01";"1";"33";"13";"0";"1";"1";"1";""
"202100032796";"143Â 155";"B01";"2";"7";"0";"2";"4";"2";"1";""
"202100032796";"143Â 156";"A01";"2";"15";"0";"2";"1";"2";"1";""
"202100032797";"143Â 154";"A01";"2";"7";"4";"0";"7";"14";"1";""
"202100032798";"143Â 149";"E01";"1";"7";"0";"2";"4";"2";"3";""
"202100032798";"143Â 150";"D01";"1";"7";"0";"2";"7";"0";"1";""
"202100032798";"143Â 151";"C01";"1";"7";"0";"2";"7";"2";"1";""
"202100032798";"143Â 152";"B01";"1";"7";"0";"2";"4";"2";"1";""
"202100032798";"143Â 153";"A01";"1";"10";"0";"2";"1";"2";"1";""
"202100032799";"143Â 147";"B01";"2";"7";"0";"2";"2";"1";"1";""
"202100032799";"143Â 148";"A01";"2";"7";"0";"2";"6";"11";"1";""
"202100032800";"143Â 145";"B01";"1";"17";"0";"2";"6";"1";"1";""
"202100032800";"143Â 146";"A01";"1";"7";"0";"2";"2";"14";"1";""
"202100032801";"143Â 144";"A01";"1";"7";"3";"0";"2";"21";"1";""
"202100032802";"143Â 142";"B01";"2";"43";"0";"2";"4";"11";"1";""
"202100032802";"143Â 143";"A01";"2";"7";"0";"2";"1";"12";"1";""
"202100032803";"143Â 140";"B01";"1";"7";"0";"2";"2";"1";"1";""
"202100032803";"143Â 141";"A01";"1";"2";"0";"2";"3";"15";"1";""
"202100032804";"143Â 138";"A01";"1";"20";"0";"2";"4";"23";"1";""
"202100032804";"143Â 139";"B01";"1";"20";"0";"2";"1";"0";"1";""
"202100032805";"143Â 137";"A01";"1";"30";"0";"1";"1";"17";"1";""
"202100032806";"143Â 136";"A01";"0";"3";"0";"1";"1";"1";"1";""
"202100032807";"143Â 134";"A01";" -1";"7";"1";"0";"0";"2";"0";""
"202100032807";"143Â 135";"B01";" -1";"7";"0";"2";"0";"1";"0";""
"202100032808";"143Â 133";"A01";"2";"10";"0";"1";"3";"1";"1";""
"202100032809";"143Â 131";"B01";"1";"10";"0";"2";"3";"1";"1";""
"202100032809";"143Â 132";"A01";"1";"7";"0";"2";"6";"15";"1";""
"202100032810";"143Â 129";"A01";"2";"7";"0";"2";"3";"9";"1";""
"202100032810";"143Â 130";"B01";"1";"30";"0";"2";"1";"1";"1";""
"202100032811";"143Â 128";"A01";"2";"31";"0";"1";"1";"1";"1";""
"202100032812";"143Â 125";"B01";"0";"10";"0";"0";"3";"1";"1";""
"202100032812";"143Â 126";"A01";"0";"30";"0";"2";"6";"17";"1";""
"202100032812";"143Â 127";"C01";"3";"10";"0";"2";"6";"0";"1";""
"202100032813";"143Â 124";"A01";"3";"33";"0";"0";"0";"26";"1";""
"202100032814";"143Â 122";"A01";"1";"30";"0";"2";"7";"9";"1";""
"202100032814";"143Â 123";"B01";"1";"33";"0";"2";"1";"1";"1";""
"202100032815";"143Â 120";"A01";"3";"2";"0";"2";"4";"26";"1";""
"202100032815";"143Â 121";"B01";"3";"7";"0";"2";"0";"0";"0";""
"202100032816";"143Â 119";"A01";"1";"10";"4";"0";"2";"16";"1";""
"202100032817";"143Â 117";"B01";"1";"30";"0";"2";"1";"9";"1";""
"202100032817";"143Â 118";"A01";"1";"7";"0";"2";"2";"1";"1";""
"202100032818";"143Â 115";"A01";"1";"7";"0";"2";"1";"15";"2";""
"202100032818";"143Â 116";"B01";"2";"60";"0";"2";"1";"1";"5";""
"202100032819";"143Â 114";"B01";"2";"7";"0";"1";"1";"1";"3";""
"202100032820";"143Â 112";"B01";"1";"7";"0";"2";"1";"1";"1";""
"202100032820";"143Â 113";"A01";"1";"7";"0";"2";"4";"23";"1";""
"202100032821";"143Â 111";"A01";"3";"7";"0";"1";"3";"1";"1";""
"202100032822";"143Â 110";"A01";"1";"7";"0";"1";"1";"12";"1";""
"202100032823";"143Â 107";"A01";"1";"10";"0";"9";"3";"16";"1";""
"202100032823";"143Â 108";"B01";"1";"1";"0";"2";"1";"1";"0";""
"202100032824";"143Â 105";"A01";"2";"7";"0";"2";"1";"19";"1";""
"202100032824";"143Â 106";"B01";"1";"50";"0";"2";"8";"1";"3";""
"202100032825";"143Â 103";"B01";"2";"7";"0";"2";"2";"1";"2";""
"202100032825";"143Â 104";"A01";"2";"7";"0";"2";"1";"9";"1";""
"202100032826";"143Â 101";"B01";"2";"7";"0";"2";"4";"2";"1";""
"202100032826";"143Â 102";"A01";"2";"7";"0";"2";"1";"2";"1";""
"202100032827";"143Â 100";"A01";"1";"30";"13";"0";"7";"14";"1";""
"202100032828";"143Â 099";"A01";"2";"7";"13";"0";"3";"13";"1";""
"202100032829";"143Â 097";"A01";"1";"7";"1";"2";"8";"9";"1";""
"202100032829";"143Â 098";"B01";"1";"7";"0";"2";"1";"1";"1";""
"202100032830";"143Â 095";"A01";"3";"33";"0";"2";"1";"17";"1";""
"202100032830";"143Â 096";"B01";"3";"7";"0";"2";"3";"21";"2";""
"202100032831";"143Â 093";"B01";"1";"34";"0";"2";"4";"2";"1";""
"202100032831";"143Â 094";"A01";"1";"7";"0";"2";"1";"2";"1";""
"202100032832";"143Â 090";"A01";"1";"7";"0";"2";"1";"1";"1";""
"202100032832";"143Â 091";"B01";"2";"7";"0";"2";"6";"1";"1";""
"202100032832";"143Â 092";"C01";"1";"7";"0";"2";"1";"1";"1";""
"202100032833";"143Â 088";"A01";"2";"7";"0";"2";"3";"11";"1";""
"202100032833";"143Â 089";"B01";"2";"7";"0";"2";"1";"1";"1";""
"202100032834";"143Â 086";"B01";"0";"37";"0";"2";"2";"1";"3";"3"
"202100032834";"143Â 087";"A01";"0";"7";"0";"2";"8";"15";"1";""
"202100032835";"143Â 084";"A01";"0";"7";"0";"2";"2";"1";"1";""
"202100032835";"143Â 085";"B01";"0";"7";"0";"2";"3";"15";"2";""
"202100032836";"143Â 082";"A01";"0";"33";"0";"2";"1";"2";"1";""
"202100032836";"143Â 083";"B01";"0";"7";"0";"2";"6";"2";"1";""
"202100032837";"143Â 081";"A01";"1";"7";"0";"1";"1";"1";"1";""
"202100032838";"143Â 079";"A01";"1";"7";"1";"2";"8";"1";"1";""
"202100032838";"143Â 080";"B01";"1";"37";"0";"2";"1";"1";"1";"1"
"202100032839";"143Â 077";"B01";"3";"38";"0";"2";"7";"1";"1";"1"
"202100032839";"143Â 078";"A01";"3";"30";"0";"2";"1";"9";"1";""
"202100032840";"143Â 076";"A01";"3";"7";"0";"1";"2";"1";"1";""
"202100032841";"143Â 073";"C01";"2";"7";"0";"2";"2";"0";"1";""
"202100032841";"143Â 074";"B01";"2";"7";"0";"2";"8";"0";"1";""
"202100032841";"143Â 075";"A01";"1";"7";"0";"2";"3";"13";"1";""
"202100032842";"143Â 068";"C01";"1";"7";"0";"2";"8";"23";"1";""
"202100032842";"143Â 069";"A01";"1";"7";"0";"2";"3";"15";"2";""
"202100032842";"143Â 070";"B01";"1";"7";"0";"2";"1";"1";"1";""
"202100032843";"143Â 063";"A01";"1";"10";"0";"2";"1";"2";"1";""
"202100032843";"143Â 064";"E01";"1";"7";"0";"2";"4";"23";"1";""
"202100032843";"143Â 065";"D01";"1";"7";"0";"2";"5";"23";"1";""
"202100032843";"143Â 066";"C01";"1";"7";"0";"2";"4";"23";"1";""
"202100032843";"143Â 067";"B01";"1";"7";"0";"2";"6";"23";"1";""
"202100032844";"143Â 061";"A01";"1";"7";"0";"2";"2";"16";"1";""
"202100032844";"143Â 062";"B01";"1";"1";"0";"2";"1";"1";"5";""
"202100032845";"143Â 059";"A01";"1";"7";"0";"2";"1";"9";"1";""
"202100032845";"143Â 060";"B01";"1";"1";"0";"2";"2";"1";"5";""
"202100032846";"143Â 057";"Z01";"2";"7";"0";"2";"0";"16";"1";""
"202100032846";"143Â 058";"A01";"1";"1";"0";"2";"7";"1";"5";""
"202100032847";"143Â 055";"B01";"1";"7";"0";"2";"5";"1";"1";""
"202100032847";"143Â 056";"A01";"1";"31";"0";"2";"1";"13";"1";""
"202100032848";"143Â 052";"A01";"1";"7";"0";"2";"1";"2";"1";""
"202100032848";"143Â 053";"B01";"1";"7";"0";"2";"4";"2";"1";""
"202100032848";"143Â 054";"C01";"1";"7";"0";"2";"4";"2";"1";""
"202100032849";"143Â 050";"B01";"1";"7";"0";"2";"4";"2";"1";""
"202100032849";"143Â 051";"A01";"1";"34";"0";"2";"1";"1";"1";""
"202100032850";"143Â 049";"A01";"1";"7";"0";"1";"1";"1";"1";""
"202100032851";"143Â 048";"A01";"2";"7";"0";"1";"3";"1";"1";""
"202100032852";"143Â 046";"B01";"1";"7";"0";"2";"7";"1";"1";""
"202100032852";"143Â 047";"A01";"1";"33";"0";"2";"1";"18";"1";""
"202100032853";"143Â 044";"B01";"1";"1";"0";"2";"7";"1";"5";""
"202100032853";"143Â 045";"A01";"1";"7";"0";"2";"3";"1";"1";""
"202100032854";"143Â 042";"B01";"1";"7";"0";"2";"5";"2";"1";""
"202100032854";"143Â 043";"A01";"1";"2";"0";"2";"1";"1";"1";""
"202100032855";"143Â 040";"A01";"2";"7";"0";"2";"2";"15";"1";""
"202100032855";"143Â 041";"B01";"1";"1";"0";"2";"8";"1";"0";""
"202100032856";"143Â 038";"A01";"1";"7";"0";"2";"3";"15";"1";""
"202100032856";"143Â 039";"B01";"2";"33";"0";"2";"1";"13";"1";""
"202100032857";"143Â 037";"A01";"1";"30";"0";"0";"1";"2";"1";""
"202100032858";"143Â 035";"B01";"2";"7";"0";"2";"1";"1";"1";""
"202100032858";"143Â 036";"A01";"1";"7";"0";"2";"1";"9";"1";""
"202100032859";"143Â 032";"C01";"3";"7";"0";"2";"4";"2";"1";""
"202100032859";"143Â 033";"B01";"3";"10";"0";"2";"1";"2";"1";""
"202100032859";"143Â 034";"A01";"3";"7";"0";"2";"1";"2";"1";""
"202100032860";"143Â 030";"A01";"1";"7";"0";"2";"2";"15";"1";""
"202100032860";"143Â 031";"B01";"2";"7";"0";"2";"1";"1";"1";""
"202100032861";"143Â 028";"A01";"0";"7";"0";"2";"1";"16";"1";""
"202100032861";"143Â 029";"B01";"1";"1";"0";"2";"8";"9";"5";""
"202100032862";"143Â 026";"A01";"1";"30";"0";"2";"1";"17";"1";""
"202100032862";"143Â 027";"B01";"2";"7";"0";"2";"3";"1";"1";""
"202100032863";"143Â 024";"A01";"3";"7";"0";"2";"2";"1";"1";""
"202100032863";"143Â 025";"B01";"3";"1";"0";"2";"1";"25";"5";""
"202100032864";"143Â 023";"A01";"2";"7";"11";"0";"3";"13";"1";""
"202100032865";"143Â 022";"A01";"1";"7";"0";"1";"1";"1";"1";""
"202100032866";"143Â 021";"A01";"1";"7";"0";"1";"5";"1";"1";""
"202100032867";"143Â 018";"B01";"1";"3";"0";"2";"4";"2";"1";""
"202100032867";"143Â 019";"C01";"1";"37";"0";"2";"3";"2";"1";"1"
"202100032867";"143Â 020";"A01";"1";"7";"0";"2";"1";"2";"1";""
"202100032868";"143Â 016";"A01";"1";"1";"0";"2";"8";"1";"5";""
"202100032868";"143Â 017";"B01";"1";"10";"0";"9";"1";"1";"1";""
"202100032869";"143Â 014";"A01";"3";"7";"0";"9";"1";"2";"1";""
"202100032869";"143Â 015";"B01";"3";"2";"0";"2";"4";"2";"1";""
"202100032870";"143Â 012";"A01";"1";"7";"0";"9";"3";"22";"1";""
"202100032870";"143Â 013";"B01";"1";"1";"0";"2";"2";"1";"5";""
"202100032871";"143Â 011";"A01";"2";"7";"0";"1";"2";"26";"0";""
"202100032872";"143Â 007";"A01";"1";"30";"0";"0";"2";"16";"1";""
"202100032873";"143Â 006";"A01";"0";"7";"2";"0";"3";"1";"1";""
"202100032874";"143Â 004";"A01";"2";"7";"0";"2";"3";"15";"1";""
"202100032874";"143Â 005";"B01";"2";"7";"0";"2";"5";"2";"1";""
"202100032875";"143Â 002";"A01";"1";"31";"0";"2";"3";"26";"1";""
"202100032875";"143Â 003";"B01";"1";"7";"0";"2";"1";"1";"3";""
"202100032876";"143Â 000";"B01";"3";"7";"0";"2";"1";"1";"1";""
"202100032876";"143Â 001";"A01";"3";"7";"0";"2";"8";"19";"1";""
"202100032877";"142Â 998";"A01";"3";"7";"0";"2";"1";"1";"1";""
"202100032877";"142Â 999";"B01";"3";"7";"0";"2";"4";"0";"1";""
"202100032878";"142Â 995";"C01";"2";"10";"0";"2";"1";"1";"1";""
"202100032878";"142Â 996";"B01";"2";"10";"0";"2";"9";"1";"1";""
"202100032878";"142Â 997";"A01";"2";"7";"0";"2";"3";"18";"1";""
"202100032879";"142Â 993";"A01";"3";"7";"0";"2";"1";"2";"1";""
"202100032879";"142Â 994";"B01";"3";"7";"0";"2";"4";"23";"1";""
"202100032880";"142Â 992";"A01";"2";"7";"0";"1";"1";"21";"1";""
"202100032881";"142Â 991";"A01";"1";"7";"9";"0";"1";"15";"1";""
"202100032882";"142Â 989";"A01";"1";"7";"0";"2";"4";"26";"1";""
"202100032882";"142Â 990";"B01";"1";"2";"0";"2";"1";"1";"1";""
"202100032883";"142Â 986";"A01";"2";"7";"0";"2";"1";"17";"1";""
"202100032883";"142Â 987";"B01";"1";"7";"0";"2";"3";"1";"1";""
"202100032883";"142Â 988";"D01";"2";"7";"0";"2";"6";"1";"1";""
"202100032884";"142Â 984";"A01";"1";"33";"0";"2";"2";"17";"1";""
"202100032884";"142Â 985";"B01";"1";"10";"0";"2";"3";"15";"1";""
"202100032885";"142Â 983";"A01";"1";"33";"0";"1";"7";"21";"1";""
"202100032886";"142Â 981";"A01";"0";"7";"0";"2";"1";"1";"0";""
"202100032886";"142Â 982";"B01";"0";"50";"0";"2";"8";"1";"3";""
"202100032887";"142Â 979";"A01";"3";"7";"0";"2";"1";"15";"1";""
"202100032887";"142Â 980";"B01";"3";"1";"0";"2";"1";"1";"5";""
"202100032888";"142Â 975";"B01";"3";"7";"0";"2";"1";"1";"1";""
"202100032888";"142Â 976";"A01";"3";"2";"0";"2";"7";"1";"1";""
"202100032889";"142Â 971";"A01";"2";"7";"0";"2";"2";"1";"1";""
"202100032889";"142Â 972";"B01";"1";"1";"0";"2";"5";"1";"5";""
"202100032890";"142Â 970";"A01";"0";"32";"0";"1";"1";"1";"1";""
"202100032891";"142Â 968";"B01";"1";"7";"0";"2";"6";"10";"1";""
"202100032891";"142Â 969";"A01";"1";"7";"0";"2";"1";"2";"1";""
"202100032892";"142Â 965";"A01";"1";"7";"1";"0";"7";"14";"1";""
"202100032892";"142Â 966";"C01";"0";"7";"0";"2";"0";"0";"1";""
"202100032892";"142Â 967";"B01";"0";"7";"0";"2";"0";"0";"1";""
"202100032893";"142Â 963";"A01";"1";"10";"0";"2";"1";"1";"1";""
"202100032893";"142Â 964";"B01";"1";"7";"0";"2";"5";"23";"1";""
"202100032894";"142Â 961";"A01";"1";"30";"1";"2";"1";"14";"1";""
"202100032894";"142Â 962";"B01";"1";"7";"1";"0";"4";"23";"1";""
"202100032895";"142Â 960";"A01";"2";"7";"0";"1";"1";"15";"1";""
"202100032896";"142Â 959";"A01";"2";"7";"6";"0";"1";"15";"1";""
"202100032897";"142Â 957";"A01";"1";"7";"0";"2";"3";"11";"1";""
"202100032897";"142Â 958";"B01";"1";"32";"0";"2";"2";"3";"1";""
"202100032898";"142Â 956";"A01";"0";"7";"4";"0";"9";"13";"1";""
"202100032899";"142Â 955";"A01";"1";"7";"0";"1";"3";"16";"1";""
"202100032900";"142Â 954";"Z01";"1";"34";"0";"1";"1";"1";"0";""
"202100032901";"142Â 952";"A01";"1";"30";"0";"2";"1";"2";"1";""
"202100032901";"142Â 953";"B01";"1";"7";"0";"2";"4";"2";"1";""
"202100032902";"142Â 950";"A01";"1";"7";"0";"2";"7";"9";"1";""
"202100032902";"142Â 951";"B01";"1";"33";"0";"2";"3";"1";"1";""
"202100032903";"142Â 948";"A01";"1";"30";"0";"2";"2";"1";"1";""
"202100032903";"142Â 949";"B01";"2";"7";"0";"2";"2";"1";"1";""
"202100032904";"142Â 946";"B01";"2";"31";"0";"2";"8";"2";"1";""
"202100032904";"142Â 947";"A01";"1";"7";"1";"2";"1";"12";"1";""
"202100032905";"142Â 944";"A01";"1";"80";"0";"2";"1";"1";"3";""
"202100032905";"142Â 945";"Z01";"2";"1";"0";"2";"3";"13";"0";""
"202100032906";"142Â 942";"A01";"1";"30";"0";"2";"1";"18";"1";""
"202100032906";"142Â 943";"B01";"1";"38";"0";"2";"7";"16";"1";"1"
"202100032907";"142Â 940";"B01";"2";"7";"0";"2";"3";"9";"1";""
"202100032907";"142Â 941";"A01";"2";"32";"0";"2";"2";"1";"1";""
"202100032908";"142Â 938";"B01";"1";"33";"1";"2";"3";"1";"1";""
"202100032908";"142Â 939";"A01";"1";"7";"1";"2";"2";"9";"1";""
"202100032909";"142Â 936";"B01";"2";"99";"0";"2";"1";"15";"0";""
"202100032909";"142Â 937";"A01";"2";"50";"0";"2";"1";"1";"3";""
"202100032910";"142Â 934";"Z01";"1";"30";"0";"2";"7";"17";"0";""
"202100032910";"142Â 935";"A01";"1";"80";"0";"2";"8";"1";"3";""
"202100032911";"142Â 933";"A01";"2";"10";"0";"1";"4";"4";"1";""
"202100032912";"142Â 931";"A01";"2";"1";"0";"2";"2";"1";"5";""
"202100032912";"142Â 932";"B01";"2";"33";"0";"2";"3";"1";"1";""
"202100032913";"142Â 929";"A01";"1";"7";"0";"2";"7";"15";"1";""
"202100032913";"142Â 930";"B01";"2";"7";"0";"2";"2";"1";"1";""
"202100032914";"142Â 927";"B01";"1";"7";"0";"4";"3";"15";"1";""
"202100032914";"142Â 928";"A01";"2";"40";"0";"2";"1";"1";"3";""
"202100032915";"142Â 925";"A01";"1";"7";"0";"2";"2";"16";"1";""
"202100032915";"142Â 926";"B01";"1";"1";"0";"2";"1";"1";"5";""
"202100032916";"142Â 923";"A01";"2";"1";"0";"2";"1";"25";"5";""
"202100032916";"142Â 924";"B01";"2";"50";"0";"2";"1";"26";"3";""
"202100032917";"142Â 921";"A01";"2";"31";"0";"2";"1";"16";"1";""
"202100032917";"142Â 922";"B01";"2";"7";"0";"2";"5";"10";"1";""
"202100032918";"142Â 919";"A01";"2";"7";"0";"2";"1";"1";"1";""
"202100032918";"142Â 920";"B01";"2";"7";"0";"2";"4";"1";"1";""
"202100032919";"142Â 917";"A01";"0";"7";"0";"2";"8";"9";"1";""
"202100032919";"142Â 918";"B01";"3";"33";"0";"2";"2";"1";"1";""
"202100032920";"142Â 915";"B01";"2";"7";"0";"0";"8";"15";"3";""
"202100032920";"142Â 916";"A01";"2";"7";"0";"2";"2";"17";"1";""