"Num_Acc";"id_vehicule";"num_veh";"senc";"catv";"obs";"obsm";"choc";"manv";"motor";"occutc"
"202100032921";"142Â 913";"A01";"3";"7";"3";"0";"7";"10";"1";""
"202100032921";"142Â 914";"B01";"3";"7";"3";"2";"1";"1";"1";""
"202100032922";"142Â 910";"C01";"3";"7";"0";"0";"4";"2";"1";""
"202100032922";"142Â 911";"B01";"3";"7";"0";"2";"1";"0";"1";""
"202100032922";"142Â 912";"A01";"3";"7";"0";"2";"1";"2";"1";""
"202100032923";"142Â 908";"B01";"0";"31";"0";"2";"3";"0";"1";""
"202100032923";"142Â 909";"A01";"0";"3";"0";"2";"2";"18";"1";""
"202100032924";"142Â 907";"A01";"1";"7";"7";"0";"1";"0";"1";""
"202100032925";"142Â 906";"A01";"2";"10";"0";"1";"1";"16";"1";""
"202100032926";"142Â 905";"A01";"1";"15";"0";"1";"1";"1";"1";""
"202100032927";"142Â 903";"B01";"3";"7";"0";"2";"2";"2";"1";""
"202100032927";"142Â 904";"A01";"3";"99";"0";"2";"3";"15";"1";""
"202100032928";"142Â 901";"A01";"3";"7";"0";"2";"1";"1";"1";""
"202100032928";"142Â 902";"B01";"3";"32";"0";"2";"4";"1";"1";""
"202100032929";"142Â 900";"A01";"2";"33";"0";"1";"5";"16";"1";""
"202100032930";"142Â 899";"A01";"2";"32";"0";"1";"2";"17";"1";""
"202100032931";"142Â 898";"A01";"1";"7";"0";"1";"1";"1";"1";""
"202100032932";"142Â 897";"A01";"1";"7";"4";"0";"2";"11";"0";""
"202100032933";"142Â 895";"B01";"1";"7";"0";"2";"1";"1";"1";""
"202100032933";"142Â 896";"A01";"1";"7";"0";"2";"4";"4";"1";""
"202100032934";"142Â 892";"C01";"1";"7";"0";"2";"1";"1";"1";""
"202100032934";"142Â 893";"B01";"1";"7";"0";"2";"4";"23";"1";""
"202100032934";"142Â 894";"A01";"1";"7";"0";"2";"4";"23";"1";""
"202100032935";"142Â 890";"A01";"1";"7";"0";"2";"4";"1";"1";""
"202100032935";"142Â 891";"B01";"1";"32";"0";"2";"1";"1";"1";""
"202100032936";"142Â 887";"C01";"1";"7";"0";"2";"0";"0";"0";""
"202100032936";"142Â 888";"B01";"1";"7";"0";"2";"0";"0";"0";""
"202100032936";"142Â 889";"A01";"3";"32";"0";"2";"0";"9";"0";""
"202100032937";"142Â 886";"A01";"1";"10";"0";"1";"4";"20";"3";""
"202100032938";"142Â 883";"C01";"1";"3";"0";"2";"0";"0";"0";""
"202100032938";"142Â 884";"B01";"1";"7";"0";"2";"0";"0";"1";""
"202100032938";"142Â 885";"A01";"1";"30";"0";"2";"1";"1";"1";""
"202100032939";"142Â 881";"B01";"2";"7";"0";"2";"3";"1";"1";""
"202100032939";"142Â 882";"A01";"1";"1";"0";"2";"3";"13";"5";""
"202100032940";"142Â 876";"D01";"2";"13";"0";"2";"6";"0";"1";""
"202100032940";"142Â 877";"C01";"2";"7";"0";"2";"4";"0";"1";""
"202100032940";"142Â 878";"B01";"2";"7";"1";"2";"3";"9";"1";""
"202100032940";"142Â 879";"F01";"2";"7";"0";"2";"6";"1";"1";""
"202100032940";"142Â 880";"A01";"2";"7";"1";"2";"5";"12";"1";""
"202100032941";"142Â 874";"B01";"3";"50";"0";"2";"8";"1";"3";""
"202100032941";"142Â 875";"A01";"3";"7";"0";"9";"2";"1";"1";""
"202100032942";"142Â 872";"A01";"2";"50";"0";"2";"1";"1";"3";""
"202100032942";"142Â 873";"B01";"1";"7";"0";"2";"3";"15";"1";""
"202100032943";"142Â 870";"Z01";"1";"7";"0";"2";"8";"13";"0";""
"202100032943";"142Â 871";"A01";"1";"30";"0";"2";"5";"1";"1";""
"202100032944";"142Â 868";"A01";"2";"30";"0";"2";"3";"1";"0";""
"202100032944";"142Â 869";"B01";"1";"7";"0";"2";"2";"15";"1";""
"202100032945";"142Â 866";"A01";"2";"7";"0";"2";"3";"1";"1";""
"202100032945";"142Â 867";"B01";"2";"31";"0";"2";"2";"17";"1";""
"202100032946";"142Â 865";"A01";"2";"33";"9";"1";"1";"1";"1";""
"202100032947";"142Â 863";"B01";"1";"7";"8";"2";"2";"17";"1";""
"202100032947";"142Â 864";"A01";"1";"3";"13";"2";"3";"15";"1";""
"202100032948";"142Â 862";"A01";"3";"7";"0";"1";"2";"15";"1";""
"202100032949";"142Â 860";"A01";"1";"2";"0";"0";"4";"0";"1";""
"202100032949";"142Â 861";"B01";"1";"7";"0";"2";"1";"2";"1";""
"202100032950";"142Â 859";"A01";"3";"33";"8";"0";"0";"13";"1";""
"202100032951";"142Â 857";"A01";"1";"33";"0";"2";"1";"1";"1";""
"202100032951";"142Â 858";"B01";"1";"7";"0";"2";"8";"15";"1";""
"202100032952";"142Â 855";"B01";"3";"2";"0";"2";"4";"1";"1";""
"202100032952";"142Â 856";"A01";"1";"10";"0";"2";"3";"1";"1";""
"202100032953";"142Â 853";"A01";"3";"7";"0";"2";"3";"1";"1";""
"202100032953";"142Â 854";"B01";"3";"2";"0";"2";"1";"1";"1";""
"202100032954";"142Â 851";"B01";"1";"33";"0";"2";"2";"17";"1";""
"202100032954";"142Â 852";"A01";"1";"7";"0";"2";"3";"20";"1";""
"202100032955";"142Â 850";"A01";"2";"7";"17";"0";"2";"1";"1";""
"202100032956";"142Â 849";"A01";"2";"7";"0";"1";"2";"13";"1";""
"202100032957";"142Â 848";"A01";"1";"7";"0";"1";"3";"15";"1";""
"202100032958";"142Â 846";"A01";"3";"30";"0";"2";"1";"1";"1";""
"202100032958";"142Â 847";"B01";"3";"7";"0";"2";"1";"1";"1";""
"202100032959";"142Â 844";"A01";"3";"2";"0";"2";"1";"1";"1";""
"202100032959";"142Â 845";"B01";"3";"7";"0";"2";"2";"16";"1";""
"202100032960";"142Â 841";"A01";"1";"7";"0";"2";"3";"1";"1";""
"202100032960";"142Â 842";"B01";"1";"7";"0";"2";"5";"15";"1";""
"202100032960";"142Â 843";"C01";"2";"7";"0";"2";"3";"1";"1";""
"202100032961";"142Â 840";"A01";"1";"7";"13";"0";"1";"1";"1";""
"202100032962";"142Â 838";"B01";"1";"33";"0";"2";"3";"1";"1";""
"202100032962";"142Â 839";"A01";"2";"10";"0";"2";"1";"19";"1";""
"202100032963";"142Â 837";"A01";"1";"7";"13";"0";"9";"1";"1";""
"202100032964";"142Â 834";"A01";"0";"7";"0";"2";"7";"15";"1";""
"202100032964";"142Â 835";"B01";"0";"7";"0";"2";"1";"5";"1";""
"202100032964";"142Â 836";"C01";"0";"7";"0";"2";"9";"2";"1";""
"202100032965";"142Â 833";"A01";"2";"7";"13";"0";"1";"0";"1";""
"202100032966";"142Â 831";"A01";"2";"7";"0";"2";"3";"1";"1";""
"202100032966";"142Â 832";"B01";"1";"7";"0";"2";"1";"1";"1";""
"202100032967";"142Â 829";"A01";"1";"7";"0";"2";"2";"1";"1";""
"202100032967";"142Â 830";"B01";"2";"7";"0";"2";"2";"13";"1";""
"202100032968";"142Â 828";"A01";"1";"7";"2";"0";"7";"1";"1";""
"202100032969";"142Â 825";"A01";"2";"7";"0";"2";"1";"17";"1";""
"202100032969";"142Â 826";"B01";"1";"33";"0";"2";"1";"1";"1";""
"202100032969";"142Â 827";"C01";"2";"10";"0";"9";"0";"1";"1";""
"202100032970";"142Â 824";"A01";"2";"2";"0";"0";"0";"1";"1";""
"202100032971";"142Â 822";"A01";"1";"7";"0";"2";"8";"15";"1";""
"202100032971";"142Â 823";"B01";"1";"34";"0";"2";"7";"13";"1";""
"202100032972";"142Â 820";"A01";"3";"7";"0";"2";"1";"1";"1";""
"202100032972";"142Â 821";"B01";"3";"1";"0";"2";"8";"11";"0";""
"202100032973";"142Â 818";"B01";"3";"33";"0";"2";"1";"17";"1";""
"202100032973";"142Â 819";"A01";"3";"7";"0";"2";"3";"15";"1";""
"202100032974";"142Â 817";"A01";"1";"31";"16";"0";"0";"1";"1";""
"202100032975";"142Â 816";"A01";"1";"33";"0";"0";"8";"1";"1";""
"202100032976";"142Â 814";"A01";"1";"2";"0";"2";"0";"1";"1";""
"202100032976";"142Â 815";"B01";"0";"7";"0";"2";"8";"9";"1";""
"202100032977";"142Â 810";"A01";"1";"7";"0";"2";"4";"2";"1";""
"202100032977";"142Â 811";"B01";"1";"10";"0";"2";"4";"2";"1";""
"202100032977";"142Â 812";"C01";"1";"7";"0";"2";"4";"2";"1";""
"202100032977";"142Â 813";"D01";"1";"10";"0";"2";"1";"2";"1";""
"202100032978";"142Â 807";"A01";"2";"7";"0";"2";"4";"2";"1";""
"202100032978";"142Â 808";"B01";"2";"7";"0";"0";"0";"0";"1";""
"202100032978";"142Â 809";"C01";"2";"7";"0";"2";"1";"2";"1";""
"202100032979";"142Â 805";"Z01";"0";"7";"0";"0";"0";"0";"0";""
"202100032979";"142Â 806";"A01";"1";"7";"0";"2";"4";"0";"1";""
"202100032980";"142Â 804";"A01";"3";"32";"0";"9";"8";"1";"1";""
"202100032981";"142Â 799";"E01";"1";"7";"3";"2";"1";"21";"1";""
"202100032981";"142Â 800";"D01";"1";"7";"3";"0";"2";"21";"1";""
"202100032981";"142Â 801";"C01";"1";"3";"3";"2";"1";"21";"1";""
"202100032981";"142Â 802";"B01";"1";"7";"3";"0";"1";"21";"1";""
"202100032981";"142Â 803";"A01";"1";"7";"3";"0";"1";"6";"1";""
"202100032982";"142Â 797";"B01";"2";"7";"0";"2";"1";"0";"1";""
"202100032982";"142Â 798";"A01";"2";"7";"0";"2";"4";"0";"1";""
"202100032983";"142Â 793";"A01";"2";"10";"0";"2";"4";"1";"1";""
"202100032983";"142Â 794";"B01";"2";"7";"0";"2";"4";"1";"1";""
"202100032983";"142Â 795";"C01";"2";"7";"0";"2";"4";"0";"1";""
"202100032983";"142Â 796";"D01";"2";"7";"0";"2";"1";"1";"1";""
"202100032984";"142Â 791";"B01";"1";"7";"0";"2";"6";"1";"1";""
"202100032984";"142Â 792";"A01";"1";"17";"0";"2";"2";"12";"1";""
"202100032985";"142Â 787";"B01";"1";"7";"0";"2";"1";"21";"1";""
"202100032985";"142Â 788";"C01";"1";"7";"0";"2";"1";"21";"1";""
"202100032985";"142Â 789";"A01";"1";"7";"0";"2";"3";"1";"1";""
"202100032985";"142Â 790";"Z01";"1";"0";"0";"0";"0";"0";"0";""
"202100032986";"142Â 786";"A01";"1";"7";"7";"0";"3";"14";"1";""
"202100032987";"142Â 784";"B01";"2";"7";"0";"2";"3";"12";"1";""
"202100032987";"142Â 785";"A01";"2";"7";"0";"2";"5";"23";"1";""
"202100032988";"142Â 782";"A01";"2";"7";"0";"2";"3";"11";"1";""
"202100032988";"142Â 783";"B01";"2";"33";"0";"2";"6";"3";"1";""
"202100032989";"142Â 781";"A01";"2";"7";"3";"0";"9";"2";"1";""
"202100032990";"142Â 780";"A01";"1";"7";"0";"0";"0";"26";"1";""
"202100032991";"142Â 778";"B01";"1";"3";"0";"2";"4";"12";"1";""
"202100032991";"142Â 779";"A01";"1";"33";"0";"2";"1";"3";"1";""
"202100032992";"142Â 775";"A01";"2";"7";"0";"2";"6";"18";"1";""
"202100032992";"142Â 776";"B01";"2";"7";"0";"2";"2";"1";"1";""
"202100032992";"142Â 777";"C01";"2";"7";"0";"2";"8";"1";"1";""
"202100032993";"142Â 774";"A01";"2";"7";"3";"0";"9";"1";"1";""
"202100032994";"142Â 771";"A01";"2";"33";"0";"2";"9";"3";"1";""
"202100032994";"142Â 772";"B01";"2";"7";"0";"2";"7";"12";"1";""
"202100032994";"142Â 773";"C01";"2";"7";"0";"2";"8";"1";"2";""
"202100032995";"142Â 769";"B01";"2";"7";"0";"2";"4";"24";"1";""
"202100032995";"142Â 770";"A01";"2";"37";"0";"2";"1";"1";"1";"1"
"202100032996";"142Â 767";"B01";"2";"43";"0";"2";"5";"1";"1";""
"202100032996";"142Â 768";"A01";"2";"7";"0";"2";"3";"11";"1";""
"202100032997";"142Â 764";"A01";"2";"7";"0";"2";"4";"2";"1";""
"202100032997";"142Â 765";"B01";"2";"7";"0";"2";"1";"1";"1";""
"202100032997";"142Â 766";"C01";"2";"7";"0";"2";"1";"2";"1";""
"202100032998";"142Â 761";"A01";"2";"7";"0";"2";"1";"2";"1";""
"202100032998";"142Â 762";"B01";"2";"7";"0";"2";"4";"2";"1";""
"202100032998";"142Â 763";"C01";"2";"7";"0";"2";"4";"2";"1";""
"202100032999";"142Â 760";"A01";"1";"7";"3";"0";"1";"1";"1";""
"202100033000";"142Â 759";"A01";"2";"7";"4";"0";"1";"1";"1";""
"202100033001";"142Â 758";"A01";"2";"7";"3";"0";"2";"0";"1";""
"202100033002";"142Â 756";"B01";"2";"7";"0";"2";"4";"12";"1";""
"202100033002";"142Â 757";"A01";"2";"33";"0";"2";"1";"3";"1";""
"202100033003";"142Â 751";"B01";"1";"10";"0";"2";"4";"2";"1";""
"202100033003";"142Â 752";"A01";"1";"7";"0";"2";"1";"2";"1";""
"202100033003";"142Â 753";"E01";"1";"7";"0";"2";"1";"1";"1";""
"202100033003";"142Â 754";"D01";"1";"7";"0";"2";"4";"2";"1";""
"202100033003";"142Â 755";"C01";"1";"7";"0";"2";"4";"2";"1";""
"202100033004";"142Â 750";"A01";"1";"7";"0";"1";"2";"1";"1";""
"202100033005";"142Â 749";"A01";"2";"30";"0";"1";"0";"26";"1";""
"202100033006";"142Â 748";"A01";"1";"7";"0";"1";"2";"1";"1";""
"202100033007";"142Â 746";"A01";"3";"10";"0";"9";"3";"15";"1";""
"202100033007";"142Â 747";"B01";"3";"1";"0";"2";"0";"0";"0";""
"202100033008";"142Â 744";"B01";"3";"2";"0";"2";"1";"1";"1";""
"202100033008";"142Â 745";"A01";"3";"7";"0";"2";"7";"15";"1";""
"202100033009";"142Â 742";"B01";"1";"33";"0";"2";"1";"1";"1";""
"202100033009";"142Â 743";"A01";"1";"7";"0";"2";"3";"15";"2";""
"202100033010";"142Â 739";"A01";"1";"7";"1";"0";"8";"21";"1";""
"202100033010";"142Â 740";"B01";"1";"7";"0";"2";"7";"23";"1";""
"202100033010";"142Â 741";"C01";"1";"13";"0";"2";"5";"23";"1";""
"202100033011";"142Â 737";"B01";"2";"1";"0";"2";"8";"1";"5";""
"202100033011";"142Â 738";"Z01";"1";"50";"0";"2";"3";"13";"3";""
"202100033012";"142Â 734";"C01";"2";"7";"0";"2";"4";"2";"1";""
"202100033012";"142Â 735";"B01";"2";"7";"0";"2";"4";"2";"1";""
"202100033012";"142Â 736";"A01";"2";"7";"0";"2";"1";"2";"1";""
"202100033013";"142Â 732";"B01";"1";"2";"0";"2";"4";"14";"1";""
"202100033013";"142Â 733";"A01";"1";"7";"0";"2";"1";"1";"1";""
"202100033014";"142Â 729";"A01";"2";"7";"0";"2";"2";"1";"1";""
"202100033014";"142Â 730";"B01";"2";"7";"0";"2";"6";"23";"1";""
"202100033014";"142Â 731";"C01";"2";"7";"0";"2";"0";"0";"1";""
"202100033015";"142Â 728";"A01";"1";"7";"0";"1";"2";"25";"1";""
"202100033016";"142Â 725";"A01";"1";"7";"0";"2";"1";"1";"1";""
"202100033016";"142Â 726";"B01";"1";"7";"0";"2";"4";"1";"1";""
"202100033016";"142Â 727";"C01";"1";"7";"1";"2";"4";"1";"1";""
"202100033017";"142Â 723";"B01";"2";"10";"0";"0";"4";"2";"1";""
"202100033017";"142Â 724";"A01";"2";"10";"0";"2";"1";"2";"1";""
"202100033018";"142Â 722";"A01";"2";"7";"3";"0";"1";"14";"1";""
"202100033019";"142Â 721";"A01";"1";"31";"0";"0";"7";"14";"1";""
"202100033020";"142Â 718";"C01";"2";"7";"0";"2";"6";"1";"1";""
"202100033020";"142Â 719";"B01";"2";"7";"0";"2";"3";"1";"1";""
"202100033020";"142Â 720";"A01";"1";"33";"0";"2";"1";"16";"1";""
"202100033021";"142Â 717";"A01";"3";"1";"0";"1";"1";"1";"5";""
"202100033022";"142Â 715";"B01";"3";"7";"0";"2";"4";"1";"1";""
"202100033022";"142Â 716";"A01";"3";"33";"0";"2";"1";"2";"1";""
"202100033023";"142Â 712";"C01";"2";"7";"0";"2";"4";"1";"0";""
"202100033023";"142Â 713";"B01";"2";"7";"0";"2";"1";"1";"1";""
"202100033023";"142Â 714";"A01";"2";"7";"0";"2";"1";"1";"1";""
"202100033024";"142Â 710";"B01";"2";"1";"0";"2";"8";"1";"5";""
"202100033024";"142Â 711";"A01";"2";"10";"0";"9";"5";"17";"1";""
"202100033025";"142Â 708";"B01";" -1";"7";"0";"2";"1";"1";"1";""
"202100033025";"142Â 709";"A01";" -1";"2";"0";"2";"1";"20";"1";""
"202100033026";"142Â 707";"A01";"0";"7";"0";"1";"5";"1";"1";""
"202100033027";"142Â 705";"B01";"1";"33";"8";"0";"4";"23";"1";""
"202100033027";"142Â 706";"A01";"1";"14";"0";"2";"2";"1";"0";""
"202100033028";"142Â 703";"B01";"2";"7";"0";"2";"5";"15";"1";""
"202100033028";"142Â 704";"A01";"1";"7";"0";"0";"1";"0";"1";""
"202100033029";"142Â 702";"A01";"3";"7";"0";"1";"1";"1";"1";""
"202100033030";"142Â 701";"A01";"1";"43";"12";"0";"2";"1";"1";""
"202100033031";"142Â 700";"A01";"3";"7";"0";"1";"7";"1";"1";""
"202100033032";"142Â 699";"A01";"2";"7";"0";"1";"1";"0";"1";""
"202100033033";"142Â 697";"A01";"1";"7";"8";"2";"3";"18";"1";""
"202100033033";"142Â 698";"B01";"2";"7";"0";"2";"3";"15";"1";""
"202100033034";"142Â 695";"B01";"2";"1";"0";"2";"3";"1";"5";""
"202100033034";"142Â 696";"Z01";"2";"7";"0";"9";"2";"16";"0";""
"202100033035";"142Â 694";"A01";"1";"3";"0";"1";"3";"9";"1";""
"202100033036";"142Â 691";"B01";"1";"7";"0";"2";"1";"1";"1";""
"202100033036";"142Â 692";"A01";"2";"7";"0";"2";"1";"17";"1";""
"202100033036";"142Â 693";"C01";"2";"7";"0";"0";"0";"1";"1";""
"202100033037";"142Â 690";"A01";"1";"7";"0";"1";"1";"1";"2";""
"202100033038";"142Â 688";"B01";"2";"50";"0";"2";"1";"2";"3";""
"202100033038";"142Â 689";"A01";"1";"7";"0";"2";"2";"15";"1";""
"202100033039";"142Â 686";"A01";"1";"7";"0";"2";"4";"1";"1";""
"202100033039";"142Â 687";"B01";"1";"7";"0";"2";"3";"0";"1";""
"202100033040";"142Â 683";"B01";"1";"7";"0";"2";"4";"23";"1";""
"202100033040";"142Â 684";"A01";"1";"7";"0";"2";"1";"1";"1";""
"202100033040";"142Â 685";"C01";"2";"7";"0";"2";"8";"1";"1";""
"202100033041";"142Â 681";"A01";"1";"7";"0";"2";"1";"0";"1";""
"202100033041";"142Â 682";"B01";"2";"7";"0";"2";"1";"0";"1";""
"202100033042";"142Â 680";"A01";"1";"7";"5";"0";"1";"1";"1";""
"202100033043";"142Â 677";"A01";"1";"7";"0";"2";"1";"9";"1";""
"202100033043";"142Â 678";"B01";"1";"7";"0";"2";"1";"1";"1";""
"202100033043";"142Â 679";"C01";"1";"7";"0";"2";"2";"0";"1";""
"202100033044";"142Â 676";"A01";"1";"7";"0";"1";"1";"26";"1";""
"202100033045";"142Â 674";"B01";"1";"7";"0";"2";"1";"1";"1";""
"202100033045";"142Â 675";"A01";"2";"30";"0";"2";"7";"1";"1";""
"202100033046";"142Â 672";"B01";"1";"7";"0";"2";"4";"23";"2";""
"202100033046";"142Â 673";"A01";"1";"7";"0";"2";"1";"2";"1";""
"202100033047";"142Â 670";"B01";"3";"7";"0";"2";"8";"1";"1";""
"202100033047";"142Â 671";"A01";"3";"7";"0";"2";"1";"16";"1";""
"202100033048";"142Â 668";"B01";"3";"3";"0";"2";"4";"1";"1";""
"202100033048";"142Â 669";"A01";"3";"7";"0";"2";"1";"21";"1";""
"202100033049";"142Â 666";"B01";"2";"1";"0";"2";"1";"25";"5";""
"202100033049";"142Â 667";"A01";"3";"7";"0";"2";"2";"16";"1";""
"202100033050";"142Â 665";"A01";"2";"7";"3";"0";"1";"14";"1";""
"202100033051";"142Â 664";"A01";"2";"20";"0";"0";"0";"21";"1";""
"202100033052";"142Â 662";"B01";"2";"80";"0";"2";"7";"1";"3";""
"202100033052";"142Â 663";"A01";"1";"7";"0";"2";"1";"19";"1";""
"202100033053";"142Â 660";"B01";"2";"7";"0";"2";"3";"11";"1";""
"202100033053";"142Â 661";"A01";"2";"7";"0";"2";"1";"17";"1";""
"202100033054";"142Â 658";"A01";"2";"7";"0";"2";"1";"13";"1";""
"202100033054";"142Â 659";"B01";"1";"31";"0";"2";"1";"1";"1";""
"202100033055";"142Â 657";"Z01";"3";"7";"0";"1";"1";"1";"1";""
"202100033056";"142Â 655";"B01";"2";"7";"0";"2";"3";"15";"1";""
"202100033056";"142Â 656";"A01";"1";"30";"0";"2";"3";"1";"1";""
"202100033057";"142Â 653";"B01";"1";"31";"0";"2";"1";"1";"1";""
"202100033057";"142Â 654";"A01";"1";"7";"0";"2";"1";"1";"1";""
"202100033058";"142Â 652";"Z01";"2";"7";"0";"1";"0";"0";"1";""
"202100033059";"142Â 650";"A01";"2";"7";"0";"2";"1";"2";"1";""
"202100033059";"142Â 651";"B01";"2";"7";"0";"2";"4";"2";"1";""
"202100033060";"142Â 649";"A01";"1";"7";"0";"1";"3";"26";"1";""
"202100033061";"142Â 647";"A01";"3";"7";"0";"2";"7";"17";"1";""
"202100033061";"142Â 648";"B01";"3";"31";"0";"2";"8";"0";"1";""
"202100033062";"142Â 643";"A01";"2";"7";"0";"2";"1";"15";"0";""
"202100033062";"142Â 644";"B01";"2";"7";"0";"2";"3";"1";"1";""
"202100033062";"142Â 645";"C01";"1";"10";"0";"2";"3";"23";"1";""
"202100033062";"142Â 646";"D01";"1";"7";"0";"2";"1";"23";"0";""
"202100033063";"142Â 639";"C01";"0";"7";"0";"2";"7";"23";"1";""
"202100033063";"142Â 640";"Z01";"0";"7";"0";"2";"1";"18";"0";""
"202100033063";"142Â 641";"B01";"0";"32";"0";"2";"0";"1";"1";""
"202100033063";"142Â 642";"A01";"0";"33";"0";"2";"4";"1";"1";""
"202100033064";"142Â 637";"B01";"1";"7";"0";"2";"1";"1";"1";""
"202100033064";"142Â 638";"A01";"1";"7";"0";"2";"3";"19";"1";""
"202100033065";"142Â 636";"A01";"1";"7";"2";"0";"1";"26";"1";""
"202100033066";"142Â 635";"A01";"1";"7";"0";"2";"1";"5";"1";""
"202100033067";"142Â 634";"A01";"1";"7";"0";"1";"1";"1";"1";""
"202100033068";"142Â 632";"A01";"1";"7";"0";"2";"1";"13";"1";""
"202100033068";"142Â 633";"C01";"2";"7";"0";"2";"1";"1";"1";""
"202100033069";"142Â 631";"A01";"2";"33";"0";"0";"7";"1";"1";""
"202100033070";"142Â 629";"B01";"1";"43";"0";"2";"7";"1";"1";""
"202100033070";"142Â 630";"A01";"1";"7";"0";"2";"8";"11";"1";""
"202100033071";"142Â 627";"B01";"2";"7";"0";"2";"1";"1";"1";""
"202100033071";"142Â 628";"A01";"1";"31";"0";"2";"8";"1";"1";""
"202100033072";"142Â 626";"Z01";"1";"33";"0";"1";"1";"1";"1";""
"202100033073";"142Â 624";"B01";"2";"1";"0";"2";"4";"10";"5";""
"202100033073";"142Â 625";"A01";"2";"33";"0";"2";"1";"17";"1";""
"202100033074";"142Â 623";"A01";"1";"60";"0";"1";"6";"25";"5";""
"202100033075";"142Â 621";"Z01";"2";"7";"0";"2";"7";"17";"0";""
"202100033075";"142Â 622";"A01";"2";"1";"0";"2";"8";"1";"5";""
"202100033076";"142Â 619";"A01";"3";"7";"0";"2";"3";"9";"1";""
"202100033076";"142Â 620";"B01";"2";"30";"0";"2";"1";"7";"3";""
"202100033077";"142Â 618";"A01";"1";"34";"0";"1";"1";"1";"1";""
"202100033078";"142Â 616";"A01";"1";"10";"0";"2";"7";"16";"1";""
"202100033078";"142Â 617";"B01";"1";"33";"0";"2";"8";"18";"1";""
"202100033079";"142Â 614";"A01";"2";"1";"0";"2";"1";"5";"5";""
"202100033079";"142Â 615";"B01";"1";"10";"0";"2";"3";"1";"1";""
"202100033080";"142Â 613";"A01";"2";"30";"14";"0";"1";"13";"1";""
"202100033081";"142Â 611";"A01";"1";"7";"0";"2";"3";"2";"1";""
"202100033081";"142Â 612";"B01";"1";"30";"0";"2";"4";"23";"1";""
"202100033082";"142Â 609";"A01";"2";"10";"0";"2";"3";"22";"1";""
"202100033082";"142Â 610";"B01";"2";"80";"0";"2";"7";"1";"3";""
"202100033083";"142Â 607";"A01";"1";"32";"0";"2";"2";"15";"1";""
"202100033083";"142Â 608";"B01";"2";"80";"0";"2";"1";"1";"3";""
"202100033084";"142Â 606";"A01";"2";"10";"0";"1";"2";"1";"1";""
"202100033085";"142Â 605";"A01";"2";"30";"0";"1";"1";"7";"3";""
"202100033086";"142Â 604";"A01";"1";"30";"0";"0";"0";"16";"3";""
"202100033087";"142Â 601";"B01";"1";"7";"0";"0";"6";"2";"1";""
"202100033087";"142Â 602";"A01";"1";"2";"0";"2";"1";"15";"1";""
"202100033087";"142Â 603";"C01";"2";"7";"0";"0";"8";"5";"1";""
"202100033088";"142Â 600";"A01";"1";"7";"0";"0";"7";"1";"2";""
"202100033089";"142Â 598";"B01";"1";"33";"0";"2";"8";"1";"1";""
"202100033089";"142Â 599";"A01";"1";"10";"0";"2";"7";"21";"1";""
"202100033090";"142Â 596";"B01";"1";"33";"0";"2";"1";"1";"1";""
"202100033090";"142Â 597";"A01";"2";"7";"0";"2";"5";"15";"0";""
"202100033091";"142Â 595";"A01";"2";"7";"0";"1";"3";"1";"1";""
"202100033092";"142Â 594";"A01";"2";"7";"9";"0";"2";"2";"1";""
"202100033093";"142Â 592";"B01";"2";"7";"0";"2";"3";"1";"1";""
"202100033093";"142Â 593";"A01";"2";"10";"0";"2";"1";"15";"2";""
"202100033094";"142Â 591";"A01";"2";"7";"6";"0";"3";"1";"1";""
"202100033095";"142Â 588";"B01";"2";"7";"0";"2";"1";"2";"1";""
"202100033095";"142Â 589";"C01";"2";"7";"0";"2";"4";"16";"1";""
"202100033095";"142Â 590";"A01";"1";"7";"0";"2";"1";"26";"1";""
"202100033096";"142Â 587";"A01";"1";"7";"0";"1";"0";"20";"1";""
"202100033097";"142Â 586";"A01";"1";"34";"0";"0";"0";"17";"0";""
"202100033098";"142Â 584";"A01";"2";"7";"0";"2";"1";"0";"1";""
"202100033098";"142Â 585";"B01";"1";"38";"0";"2";"1";"0";"1";"2"
"202100033099";"142Â 583";"A01";" -1";"7";"0";"1";"7";"1";"1";""
"202100033100";"142Â 581";"A01";"2";"10";"0";"2";"4";"23";"1";""
"202100033100";"142Â 582";"B01";"2";"50";"0";"2";"1";"2";"3";""
"202100033101";"142Â 580";"A01";"1";"7";"8";"0";"1";"6";"1";""
"202100033102";"142Â 579";"A01";"2";"7";"0";"1";"3";"1";"1";""
"202100033103";"142Â 577";"Z01";"2";"7";"0";"2";"5";"1";"0";""
"202100033103";"142Â 578";"A01";"2";"1";"0";"2";"5";"1";"5";""
"202100033104";"142Â 575";"A01";"2";"7";"0";"2";"7";"16";"1";""
"202100033104";"142Â 576";"B01";"2";"1";"0";"2";"1";"16";"5";""
"202100033105";"142Â 574";"A01";"2";"2";"0";"0";"7";"1";"1";""
"202100033106";"142Â 572";"B01";"1";"33";"0";"0";"1";"1";"1";""
"202100033106";"142Â 573";"A01";"1";"7";"0";"0";"2";"15";"1";""
"202100033107";"142Â 571";"A01";"1";"33";"3";"9";"2";"26";"1";""
"202100033108";"142Â 570";"A01";"1";"7";"0";"0";"9";"0";"1";""
"202100033109";"142Â 568";"A01";"2";"7";"0";"2";"3";"5";"1";""
"202100033109";"142Â 569";"C01";"1";"7";"0";"2";"3";"1";"1";""
"202100033110";"142Â 567";"A01";"2";"7";"2";"0";"3";"13";"1";""