"Num_Acc";"id_vehicule";"num_veh";"senc";"catv";"obs";"obsm";"choc";"manv";"motor";"occutc"
"202100033111";"142Â 566";"A01";"1";"10";"2";"0";"2";"1";"1";""
"202100033112";"142Â 564";"A01";"1";"7";"0";"0";"4";"1";"1";""
"202100033112";"142Â 565";"B01";"1";"10";"0";"2";"1";"2";"1";""
"202100033113";"142Â 563";"A01";"0";"7";"16";"0";"9";"17";"1";""
"202100033114";"142Â 562";"A01";"3";"7";"6";"0";"1";"1";"1";""
"202100033115";"142Â 561";"A01";"3";"31";"6";"0";"1";"1";"1";""
"202100033116";"142Â 560";"A01";"1";"2";"0";"0";"9";"1";"1";""
"202100033117";"142Â 559";"A01";"3";"7";"2";"0";"3";"0";"1";""
"202100033118";"142Â 557";"A01";"2";"2";"0";"2";"3";"15";"1";""
"202100033118";"142Â 558";"B01";"1";"7";"0";"2";"3";"16";"1";""
"202100033119";"142Â 555";"A01";"3";"10";"0";"9";"7";"2";"1";""
"202100033119";"142Â 556";"B01";"3";"1";"0";"2";"4";"2";"5";""
"202100033120";"142Â 554";"A01";"2";"33";"0";"6";"1";"1";"1";""
"202100033121";"142Â 553";"A01";"3";"2";"1";"0";"1";"1";"1";""
"202100033122";"142Â 552";"A01";"2";"7";"0";"1";"3";"1";"1";""
"202100033123";"142Â 549";"B01";"1";"7";"0";"2";"3";"1";"1";""
"202100033123";"142Â 550";"A01";"1";"7";"0";"2";"2";"0";"1";""
"202100033124";"142Â 547";"A01";"2";"7";"12";"2";"1";"1";"1";""
"202100033124";"142Â 548";"B01";"1";"7";"0";"2";"1";"1";"1";""
"202100033125";"142Â 545";"B01";"3";"7";"0";"2";"1";"1";"1";""
"202100033125";"142Â 546";"A01";"0";"7";"0";"2";"1";"1";"0";""
"202100033126";"142Â 542";"A01";"1";"7";"0";"2";"1";"1";"1";""
"202100033126";"142Â 543";"B01";"1";"36";"0";"0";"4";"1";"1";""
"202100033127";"142Â 540";"A01";"1";"7";"6";"0";"3";"1";"1";""
"202100033127";"142Â 541";"B01";"2";"7";"6";"0";"3";"1";"2";""
"202100033128";"142Â 539";"A01";"3";"31";"0";"0";"7";"13";"1";""
"202100033129";"142Â 538";"A01";"1";"7";"0";"0";"1";"1";"1";""
"202100033130";"142Â 537";"A01";"1";"33";"16";"0";"0";"1";"1";""
"202100033131";"142Â 536";"A01";"3";"31";"0";"0";"0";"0";"1";""
"202100033132";"142Â 534";"B01";"1";"7";"0";"2";"3";"1";"1";""
"202100033132";"142Â 535";"A01";"2";"7";"0";"2";"3";"13";"1";""
"202100033133";"142Â 531";"A01";"1";"7";"0";"0";"4";"1";"1";""
"202100033133";"142Â 532";"B01";"1";"7";"0";"0";"4";"1";"1";""
"202100033133";"142Â 533";"C01";"1";"13";"0";"0";"1";"1";"1";""
"202100033134";"142Â 529";"A01";"0";"2";"0";"2";"3";"9";"1";""
"202100033134";"142Â 530";"B01";"0";"7";"0";"2";"1";"1";"1";""
"202100033135";"142Â 528";"A01";"2";"7";"8";"0";"1";"1";"1";""
"202100033136";"142Â 526";"A01";"1";"31";"0";"2";"1";"1";"1";""
"202100033136";"142Â 527";"B01";"1";"10";"0";"0";"6";"23";"1";""
"202100033137";"142Â 524";"A01";"2";"7";"3";"2";"1";"1";"1";""
"202100033137";"142Â 525";"B01";"2";"15";"0";"0";"4";"1";"1";""
"202100033138";"142Â 522";"B01";"2";"7";"0";"0";"4";"0";"1";""
"202100033138";"142Â 523";"A01";"2";"13";"0";"2";"1";"2";"1";""
"202100033139";"142Â 520";"A01";"1";"15";"0";"2";"6";"1";"1";""
"202100033139";"142Â 521";"B01";"1";"10";"4";"2";"2";"17";"1";""
"202100033140";"142Â 519";"A01";"2";"33";"0";"0";"7";"21";"1";""
"202100033141";"142Â 518";"A01";"1";"32";"4";"0";"8";"1";"1";""
"202100033142";"142Â 516";"B01";"1";"7";"0";"2";"3";"1";"1";""
"202100033142";"142Â 517";"A01";"1";"7";"0";"0";"4";"12";"0";""
"202100033143";"142Â 515";"A01";"1";"7";"4";"0";"7";"21";"1";""
"202100033144";"142Â 513";"A01";"2";"7";"13";"2";"1";"17";"1";""
"202100033144";"142Â 514";"B01";"2";"7";"13";"2";"4";"1";"1";""
"202100033145";"142Â 512";"A01";"2";"43";"4";"0";"0";"0";"1";""
"202100033146";"142Â 511";"A01";"3";"7";"0";"1";"1";"26";"0";""
"202100033147";"142Â 510";"A01";"2";"31";"7";"0";"0";"1";"1";""
"202100033148";"142Â 509";"A01";"2";"7";"13";"0";"1";"1";"1";""
"202100033149";"142Â 508";"A01";"1";"33";"4";"0";"7";"1";"1";""
"202100033150";"142Â 507";"A01";"1";"7";"0";"1";"1";"15";"1";""
"202100033151";"142Â 505";"B01";"2";"7";"3";"2";"8";"1";"1";""
"202100033151";"142Â 506";"A01";"2";"7";"0";"2";"2";"1";"1";""
"202100033152";"142Â 504";"A01";"2";"7";"0";"1";"1";"1";"1";""
"202100033153";"142Â 502";"B01";"2";"7";"0";"2";"3";"1";"1";""
"202100033153";"142Â 503";"A01";"1";"7";"0";"2";"3";"13";"1";""
"202100033154";"142Â 501";"A01";"2";"43";"3";"0";"2";"1";"1";""
"202100033155";"142Â 499";"A01";"2";"33";"0";"2";"1";"13";"1";""
"202100033155";"142Â 500";"B01";"1";"7";"0";"2";"3";"19";"1";""
"202100033156";"142Â 498";"A01";"2";"7";"0";"0";"3";"1";"1";""
"202100033157";"142Â 495";"A01";"1";"7";"0";"2";"1";"2";"1";""
"202100033157";"142Â 496";"B01";"1";"7";"0";"2";"4";"2";"1";""
"202100033157";"142Â 497";"C01";"1";"7";"0";"2";"5";"2";"1";""
"202100033158";"142Â 493";"B01";"2";"17";"0";"2";"0";"1";"1";""
"202100033158";"142Â 494";"A01";"2";"7";"0";"2";"1";"1";"1";""
"202100033159";"142Â 491";"A01";"2";"33";"0";"2";"1";"2";"1";""
"202100033159";"142Â 492";"B01";"2";"7";"0";"2";"4";"2";"1";""
"202100033160";"142Â 490";"A01";"1";"7";"4";"0";"1";"11";"1";""
"202100033161";"142Â 488";"A01";"2";"10";"4";"2";"7";"12";"1";""
"202100033161";"142Â 489";"B01";"2";"10";"4";"2";"8";"1";"1";""
"202100033162";"142Â 486";"B01";"2";"34";"0";"2";"8";"3";"1";""
"202100033162";"142Â 487";"A01";"2";"7";"0";"2";"2";"12";"1";""
"202100033163";"142Â 485";"A01";"2";"7";"3";"0";"1";"21";"1";""
"202100033164";"142Â 483";"B01";"2";"10";"0";"2";"4";"23";"1";""
"202100033164";"142Â 484";"A01";"2";"7";"1";"0";"1";"2";"1";""
"202100033165";"142Â 481";"B01";"2";"7";"0";"2";"7";"1";"1";""
"202100033165";"142Â 482";"A01";"2";"31";"0";"2";"8";"3";"1";""
"202100033166";"142Â 480";"A01";"1";"7";"3";"0";"3";"26";"1";""
"202100033167";"142Â 479";"A01";"2";"7";"0";"1";"1";"1";"1";""
"202100033168";"142Â 476";"A01";"1";"7";"0";"1";"1";"1";"1";""
"202100033169";"142Â 474";"B01";"1";"7";"0";"2";"3";"1";"1";""
"202100033169";"142Â 475";"A01";"1";"30";"0";"2";"1";"2";"1";""
"202100033170";"142Â 471";"C01";"1";"7";"0";"2";"1";"1";"0";""
"202100033170";"142Â 472";"B01";"1";"7";"0";"2";"1";"2";"1";""
"202100033170";"142Â 473";"A01";"1";"7";"0";"2";"3";"17";"1";""
"202100033171";"142Â 470";"A01";"2";"32";"0";"2";"9";"26";"1";""
"202100033172";"142Â 468";"B01";"1";"7";"0";"2";"2";"0";"1";""
"202100033172";"142Â 469";"A01";"2";"7";"0";"2";"3";"1";"1";""
"202100033173";"142Â 467";"A01";"0";"7";"1";"0";"0";"0";"1";""
"202100033174";"142Â 465";"A01";"2";"10";"0";"2";"1";"1";"1";""
"202100033174";"142Â 466";"B01";"2";"7";"0";"2";"4";"23";"1";""
"202100033175";"142Â 464";"A01";"3";"30";"0";"2";"0";"21";"1";""
"202100033176";"142Â 462";"A01";"3";"7";"0";"2";"2";"19";"1";""
"202100033176";"142Â 463";"B01";"1";"7";"0";"2";"3";"1";"1";""
"202100033177";"142Â 461";"A01";"3";"7";"10";"0";"8";"15";"1";""
"202100033178";"142Â 459";"A01";"2";"50";"0";"2";"1";"19";"3";""
"202100033178";"142Â 460";"B01";"1";"7";"0";"2";"8";"1";"1";""
"202100033179";"142Â 458";"A01";"1";"32";"0";"1";"1";"9";"1";""
"202100033180";"142Â 456";"A01";"3";"7";"0";"2";"2";"1";"1";""
"202100033180";"142Â 457";"B01";"1";"1";"0";"2";"4";"2";"5";""
"202100033181";"142Â 454";"B01";"1";"1";"0";"0";"0";"0";"0";""
"202100033181";"142Â 455";"A01";"1";"7";"0";"9";"0";"26";"1";""
"202100033182";"142Â 452";"A01";"2";"30";"0";"2";"1";"15";"1";""
"202100033182";"142Â 453";"B01";"1";"7";"0";"2";"3";"2";"1";""
"202100033183";"142Â 450";"A01";"1";"7";"0";"2";"3";"10";"1";""
"202100033183";"142Â 451";"B01";"1";"32";"0";"2";"1";"1";"1";""
"202100033184";"142Â 448";"B01";"1";"7";"0";"2";"4";"1";"1";""
"202100033184";"142Â 449";"A01";"2";"31";"0";"2";"1";"1";"1";""
"202100033185";"142Â 446";"A01";"1";"7";"0";"2";"3";"19";"1";""
"202100033185";"142Â 447";"B01";"1";"2";"0";"2";"1";"1";"1";""
"202100033186";"142Â 444";"B01";"2";"7";"0";"2";"7";"1";"1";""
"202100033186";"142Â 445";"A01";"3";"50";"0";"2";"1";"1";"3";""
"202100033187";"142Â 442";"B01";"2";"7";"0";"2";"8";"15";"1";""
"202100033187";"142Â 443";"A01";"2";"80";"0";"2";"1";"1";"3";""
"202100033188";"142Â 440";"B01";"1";"60";"0";"2";"8";"19";"5";""
"202100033188";"142Â 441";"A01";"1";"7";"0";"2";"1";"26";"1";""
"202100033189";"142Â 438";"B01";"1";"7";"0";"2";"1";"16";"1";""
"202100033189";"142Â 439";"A01";"2";"10";"0";"2";"2";"1";"1";""
"202100033190";"142Â 436";"A01";"2";"33";"0";"2";"1";"1";"1";""
"202100033190";"142Â 437";"B01";"2";"7";"0";"2";"8";"16";"1";""
"202100033191";"142Â 434";"A01";"3";"50";"0";"2";"1";"9";"3";""
"202100033191";"142Â 435";"B01";"3";"7";"0";"2";"2";"26";"1";""
"202100033192";"142Â 433";"A01";"3";"1";"9";"0";"1";"26";"5";""
"202100033193";"142Â 431";"B01";"0";"1";"0";"2";"0";"0";"5";""
"202100033193";"142Â 432";"A01";"2";"7";"0";"2";"5";"14";"1";""
"202100033194";"142Â 430";"A01";"1";"7";"6";"0";"1";"1";"1";""
"202100033195";"142Â 428";"B01";"2";"1";"0";"2";"7";"1";"5";""
"202100033195";"142Â 429";"A01";"2";"7";"0";"2";"7";"17";"1";""
"202100033196";"142Â 427";"A01";"0";"7";"6";"0";"1";"1";"1";""
"202100033197";"142Â 423";"Z01";"1";"7";"8";"2";"2";"0";"1";""
"202100033197";"142Â 424";"A01";"1";"7";"0";"2";"6";"2";"1";""
"202100033197";"142Â 425";"B01";"1";"7";"1";"0";"4";"26";"1";""
"202100033197";"142Â 426";"C01";"1";"7";"2";"0";"4";"0";"1";""
"202100033198";"142Â 421";"B01";"0";"7";"0";"2";"1";"1";"1";""
"202100033198";"142Â 422";"A01";"0";"3";"0";"2";"1";"15";"1";""
"202100033199";"142Â 420";"A01";"2";"7";"9";"0";"1";"19";"1";""
"202100033200";"142Â 419";"A01";"2";"7";"0";"0";"9";"1";"1";""
"202100033201";"142Â 417";"A01";"3";"33";"0";"2";"4";"12";"1";""
"202100033201";"142Â 418";"B01";"3";"7";"0";"0";"0";"0";"1";""
"202100033202";"142Â 416";"A01";"1";"30";"0";"1";"1";"26";"1";""
"202100033203";"142Â 415";"A01";"2";"32";"0";"0";"1";"26";"1";""
"202100033204";"142Â 411";"B01";"2";"7";"0";"2";"6";"1";"1";""
"202100033204";"142Â 412";"A01";"2";"7";"0";"2";"3";"14";"1";""
"202100033205";"142Â 409";"A01";"1";"7";"0";"2";"1";"2";"1";""
"202100033205";"142Â 410";"B01";"1";"7";"0";"2";"4";"2";"1";""
"202100033206";"142Â 407";"A01";"2";"7";"0";"2";"1";"15";"1";""
"202100033206";"142Â 408";"B01";"2";"31";"0";"2";"8";"1";"1";""
"202100033207";"142Â 406";"A01";"1";"50";"0";"1";"0";"1";"3";""
"202100033208";"142Â 404";"B01";"1";"32";"0";"2";"3";"18";"1";""
"202100033208";"142Â 405";"A01";"1";"7";"0";"2";"2";"1";"1";""
"202100033209";"142Â 402";"A01";"1";"1";"0";"2";"1";"1";"5";""
"202100033209";"142Â 403";"Z01";"2";"1";"0";"2";"1";"13";"0";""
"202100033210";"142Â 400";"A01";"1";"10";"0";"2";"3";"22";"1";""
"202100033210";"142Â 401";"B01";"1";"2";"0";"2";"1";"1";"1";""
"202100033211";"142Â 397";"B01";"1";"1";"0";"2";"1";"1";"5";""
"202100033211";"142Â 398";"A01";"2";"7";"0";"2";"8";"5";"1";""
"202100033212";"142Â 396";"A01";"1";"1";"0";"1";"1";"5";"5";""
"202100033213";"142Â 394";"B01";"0";"1";"0";"2";"2";"1";"5";""
"202100033213";"142Â 395";"A01";"3";"32";"0";"2";"3";"1";"1";""
"202100033214";"142Â 393";"A01";"1";"32";"0";"1";"1";"17";"1";""
"202100033215";"142Â 391";"B01";"1";"2";"0";"2";"1";"2";"3";""
"202100033215";"142Â 392";"A01";"1";"7";"0";"0";"5";"23";"1";""
"202100033216";"142Â 389";"B01";"1";"1";"0";"2";"7";"1";"5";""
"202100033216";"142Â 390";"A01";"1";"7";"0";"2";"8";"22";"1";""
"202100033217";"142Â 388";"A01";"1";"1";"12";"0";"2";"14";"5";""
"202100033218";"142Â 386";"A01";"1";"1";"0";"2";"2";"1";"5";""
"202100033218";"142Â 387";"Z01";"2";"50";"0";"2";"0";"19";"3";""
"202100033219";"142Â 385";"A01";"3";"80";"0";"5";"8";"1";"3";""
"202100033220";"142Â 383";"B01";"1";"7";"0";"2";"1";"1";"1";""
"202100033220";"142Â 384";"A01";"2";"7";"15";"2";"3";"1";"1";""
"202100033221";"142Â 381";"B01";"2";"31";"0";"2";"7";"1";"1";""
"202100033221";"142Â 382";"A01";"1";"7";"0";"2";"3";"15";"1";""
"202100033222";"142Â 380";"A01";"1";"7";"1";"2";"8";"13";"1";""
"202100033223";"142Â 378";"B01";"1";"7";"0";"2";"1";"16";"1";""
"202100033223";"142Â 379";"A01";"2";"7";"0";"9";"4";"16";"1";""
"202100033224";"142Â 377";"A01";"0";"7";"1";"0";"2";"1";"1";""
"202100033225";"142Â 374";"A01";"3";"7";"0";"2";"2";"0";"1";""
"202100033225";"142Â 375";"B01";"0";"7";"0";"2";"6";"23";"1";""
"202100033225";"142Â 376";"C01";"0";"7";"0";"2";"4";"23";"1";""
"202100033226";"142Â 372";"A01";"3";"7";"0";"2";"2";"15";"0";""
"202100033226";"142Â 373";"B01";"3";"7";"0";"2";"1";"1";"0";""
"202100033227";"142Â 371";"A01";"1";"7";"9";"0";"1";"15";"2";""
"202100033228";"142Â 370";"A01";"2";"7";"0";"1";"1";"1";"2";""
"202100033229";"142Â 368";"A01";"1";"7";"0";"2";"7";"15";"1";""
"202100033229";"142Â 369";"B01";"2";"2";"0";"2";"1";"1";"1";""
"202100033230";"142Â 367";"A01";"1";"33";"8";"0";"1";"1";"1";""
"202100033231";"142Â 366";"A01";"2";"33";"13";"0";"1";"1";"1";""
"202100033232";"142Â 365";"A01";"1";"7";"13";"0";"1";"1";"1";""
"202100033233";"142Â 364";"A01";"2";"7";"0";"1";"2";"1";"1";""
"202100033234";"142Â 362";"A01";"1";"7";"0";"2";"2";"19";"1";""
"202100033234";"142Â 363";"B01";"2";"7";"0";"2";"2";"1";"1";""
"202100033235";"142Â 361";"A01";"1";"7";"2";"0";"1";"1";"1";""
"202100033236";"142Â 360";"A01";"1";"1";"0";"0";"9";"13";"5";""
"202100033237";"142Â 358";"A01";"1";"7";"0";"2";"3";"3";"1";""
"202100033237";"142Â 359";"B01";"2";"7";"0";"2";"3";"1";"1";""
"202100033238";"142Â 357";"A01";"2";"7";"13";"0";"1";"1";"1";""
"202100033239";"142Â 353";"A01";"3";"10";"0";"2";"8";"19";"1";""
"202100033239";"142Â 354";"B01";"2";"2";"0";"2";"1";"19";"1";""
"202100033240";"142Â 351";"A01";"2";"2";"0";"9";"1";"1";"1";""
"202100033241";"142Â 350";"A01";"1";"7";"2";"0";"1";"1";"1";""
"202100033242";"142Â 348";"B01";"1";"14";"0";"2";"7";"16";"1";""
"202100033242";"142Â 349";"A01";"3";"31";"0";"2";"8";"23";"1";""
"202100033243";"142Â 346";"B01";"3";"7";"0";"2";"3";"19";"1";""
"202100033243";"142Â 347";"A01";"1";"31";"0";"2";"1";"21";"1";""
"202100033244";"142Â 345";"A01";"1";"7";"1";"1";"2";"1";"1";""
"202100033245";"142Â 344";"A01";"1";"7";"0";"0";"3";"0";"0";""
"202100033246";"142Â 343";"A01";"2";"7";"2";"0";"1";"14";"1";""
"202100033247";"142Â 342";"A01";"1";"33";"0";"0";"6";"1";"1";""
"202100033248";"142Â 341";"A01";"2";"7";"0";"0";"9";"14";"1";""
"202100033249";"142Â 339";"A01";"1";"33";"0";"2";"2";"17";"1";""
"202100033249";"142Â 340";"B01";"1";"7";"0";"2";"6";"17";"1";""
"202100033250";"142Â 337";"A01";"3";"7";"0";"2";"1";"1";"1";""
"202100033250";"142Â 338";"B01";"3";"21";"0";"2";"3";"1";"1";""
"202100033251";"142Â 336";"A01";"1";"33";"0";"0";"7";"1";"1";""
"202100033252";"142Â 335";"A01";"1";"7";"4";"0";"2";"1";"1";""
"202100033253";"142Â 333";"A01";"2";"7";"0";"2";"1";"15";"1";""
"202100033253";"142Â 334";"B01";"1";"1";"0";"2";"8";"1";"5";""
"202100033254";"142Â 331";"B01";"1";"7";"0";"2";"1";"1";"1";""
"202100033254";"142Â 332";"A01";"2";"10";"0";"2";"7";"1";"1";""
"202100033255";"142Â 330";"A01";"1";"7";"2";"0";"1";"1";"1";""
"202100033256";"142Â 329";"A01";"1";"2";"8";"0";"1";"0";"1";""
"202100033257";"142Â 325";"A01";"1";"32";"0";"0";"0";"15";"1";""
"202100033257";"142Â 326";"B01";"1";"33";"0";"2";"1";"17";"1";""
"202100033258";"142Â 323";"A01";"2";"7";"0";"2";"1";"13";"1";""
"202100033258";"142Â 324";"B01";"1";"7";"3";"2";"3";"1";"1";""
"202100033259";"142Â 321";"B01";"3";"7";"0";"2";"8";"19";"1";""
"202100033259";"142Â 322";"A01";"0";"7";"0";"2";"1";"1";"1";""
"202100033260";"142Â 318";"A01";"2";"33";"16";"0";"3";"1";"1";""
"202100033261";"142Â 316";"B01";"3";"7";"0";"2";"7";"17";"1";""
"202100033261";"142Â 317";"A01";"3";"30";"0";"2";"8";"15";"1";""
"202100033262";"142Â 315";"A01";"2";"7";"13";"0";"1";"1";"1";""
"202100033263";"142Â 314";"A01";"1";"7";"13";"0";"1";"1";"1";""
"202100033264";"142Â 313";"A01";"1";"33";"0";"0";"1";"1";"1";""
"202100033265";"142Â 312";"A01";"3";"7";"15";"0";"3";"0";"1";""
"202100033266";"142Â 310";"A01";"1";"7";"0";"2";"3";"1";"1";""
"202100033266";"142Â 311";"B01";"1";"7";"0";"2";"2";"1";"1";""
"202100033267";"142Â 308";"A01";"1";"17";"1";"0";"2";"14";"1";""
"202100033267";"142Â 309";"B01";"1";"7";"0";"0";"6";"24";"1";""
"202100033268";"142Â 305";"B01";"1";"17";"0";"0";"7";"1";"1";""
"202100033268";"142Â 306";"A01";"1";"7";"13";"2";"1";"13";"1";""
"202100033269";"142Â 304";"A01";"1";"2";"12";"0";"8";"15";"0";""
"202100033270";"142Â 302";"B01";"2";"7";"0";"2";"1";"5";"3";""
"202100033270";"142Â 303";"A01";"1";"30";"0";"2";"1";"5";"1";""
"202100033271";"142Â 299";"C01";"1";"7";"0";"2";"3";"21";"1";""
"202100033271";"142Â 300";"B01";"2";"10";"0";"0";"6";"2";"1";""
"202100033271";"142Â 301";"A01";"2";"33";"0";"2";"1";"2";"1";""
"202100033272";"142Â 297";"A01";"1";"7";"0";"2";"1";"13";"1";""
"202100033272";"142Â 298";"B01";"2";"7";"0";"2";"1";"1";"1";""
"202100033273";"142Â 296";"A01";"2";"7";"13";"0";"3";"13";"1";""
"202100033274";"142Â 294";"A01";"3";"36";"1";"0";"1";"1";"1";""
"202100033274";"142Â 295";"B01";"0";"7";"0";"0";"3";"24";"1";""
"202100033275";"142Â 292";"B01";"3";"7";"0";"2";"1";"13";"1";""
"202100033275";"142Â 293";"A01";"3";"7";"0";"2";"1";"1";"1";""
"202100033276";"142Â 291";"A01";"1";"7";"0";"9";"1";"14";"1";""
"202100033277";"142Â 289";"A01";"2";"10";"0";"2";"2";"19";"1";""
"202100033277";"142Â 290";"B01";"3";"1";"0";"2";"3";"19";"5";""
"202100033278";"142Â 288";"A01";"1";"7";"2";"0";"3";"1";"1";""
"202100033279";"142Â 287";"A01";"2";"7";"12";"0";"1";"0";"1";""
"202100033280";"142Â 286";"A01";"1";"7";"3";"0";"3";"0";"1";""
"202100033281";"142Â 282";"B01";"2";"7";"0";"2";"6";"11";"1";""
"202100033281";"142Â 283";"A01";"2";"7";"0";"2";"2";"1";"1";""
"202100033282";"142Â 280";"A01";"1";"7";"0";"2";"7";"12";"1";""
"202100033282";"142Â 281";"B01";"1";"31";"0";"2";"1";"3";"1";""
"202100033283";"142Â 278";"B01";"1";"7";"0";"2";"2";"1";"1";""
"202100033283";"142Â 279";"A01";"1";"32";"0";"2";"1";"10";"1";""
"202100033284";"142Â 276";"A01";"1";"7";"0";"2";"4";"2";"1";""
"202100033284";"142Â 277";"B01";"2";"7";"0";"2";"1";"2";"1";""
"202100033285";"142Â 271";"C01";"2";"7";"0";"2";"4";"23";"1";""
"202100033285";"142Â 272";"D01";"2";"7";"0";"2";"4";"23";"1";""
"202100033285";"142Â 273";"E01";"2";"7";"0";"2";"1";"1";"1";""
"202100033285";"142Â 274";"B01";"2";"7";"0";"2";"4";"23";"1";""
"202100033285";"142Â 275";"A01";"2";"7";"0";"2";"4";"23";"1";""
"202100033286";"142Â 268";"C01";"1";"7";"0";"2";"4";"1";"1";""
"202100033286";"142Â 269";"A01";"1";"10";"0";"2";"1";"1";"1";""
"202100033286";"142Â 270";"B01";"1";"7";"0";"2";"4";"1";"1";""
"202100033287";"142Â 266";"A01";"2";"7";"0";"2";"1";"2";"1";""
"202100033287";"142Â 267";"B01";"2";"7";"0";"2";"4";"1";"1";""
"202100033288";"142Â 262";"B01";"2";"7";"0";"2";"4";"2";"1";""
"202100033288";"142Â 263";"A01";"2";"7";"0";"2";"1";"1";"1";""
"202100033288";"142Â 264";"D01";"2";"7";"0";"2";"4";"2";"1";""
"202100033288";"142Â 265";"C01";"2";"7";"0";"2";"4";"2";"1";""
"202100033289";"142Â 261";"A01";"1";"7";"4";"0";"1";"1";"1";""
"202100033290";"142Â 260";"A01";"1";"7";"4";"0";"1";"13";"1";""
"202100033291";"142Â 258";"B01";"1";"7";"0";"2";"4";"1";"1";""
"202100033291";"142Â 259";"A01";"1";"7";"0";"2";"1";"1";"1";""
"202100033292";"142Â 257";"A01";"1";"7";"0";"0";"9";"1";"1";""
"202100033293";"142Â 255";"A01";"2";"7";"3";"2";"1";"1";"1";""
"202100033293";"142Â 256";"B01";"2";"7";"0";"2";"6";"1";"1";""
"202100033294";"142Â 253";"A01";"2";"43";"0";"2";"1";"1";"1";""
"202100033294";"142Â 254";"B01";"2";"7";"0";"2";"4";"1";"3";""
"202100033295";"142Â 252";"A01";"1";"43";"0";"0";"0";"2";"1";""
"202100033296";"142Â 251";"Z01";"3";"7";"0";"1";"1";"1";"1";""
"202100033297";"142Â 250";"B01";"2";"1";"0";"1";"1";"1";"5";""
"202100033298";"142Â 249";"A01";"1";"7";"0";"1";"6";"4";"1";""
"202100033299";"142Â 248";"A01";"2";"33";"0";"1";"1";"1";"1";""
"202100033300";"142Â 246";"A01";"1";"7";"0";"2";"3";"13";"1";""
"202100033300";"142Â 247";"B01";"1";"2";"0";"2";"1";"1";"1";""
"202100033301";"142Â 244";"A01";"2";"1";"0";"2";"1";"5";"5";""
"202100033301";"142Â 245";"B01";"1";"10";"0";"2";"2";"15";"1";""
"202100033302";"142Â 243";"A01";"2";"7";"0";"1";"8";"0";"1";""
"202100033303";"142Â 241";"B01";"1";"7";"0";"2";"3";"1";"1";""
"202100033303";"142Â 242";"A01";"1";"10";"0";"2";"2";"9";"1";""
"202100033304";"142Â 239";"B01";"1";"1";"0";"2";"1";"1";"5";""
"202100033304";"142Â 240";"A01";"1";"7";"0";"2";"2";"19";"1";""
"202100033305";"142Â 238";"A01";"3";"50";"0";"0";"0";"1";"3";""
"202100033306";"142Â 236";"A01";"1";"7";"8";"2";"1";"19";"1";""
"202100033306";"142Â 237";"B01";"2";"7";"8";"2";"2";"1";"1";""
"202100033307";"142Â 232";"A01";"1";"7";"0";"2";"0";"2";"1";""
"202100033307";"142Â 233";"B01";"1";"7";"1";"0";"4";"2";"2";""
"202100033307";"142Â 234";"C01";"1";"33";"0";"2";"1";"2";"1";""
"202100033307";"142Â 235";"T01";"1";"0";"0";"0";"0";"0";"0";""
"202100033308";"142Â 231";"A01";"1";"7";"0";"1";"1";"1";"1";""
"202100033309";"142Â 229";"A01";"3";"3";"0";"2";"1";"13";"1";""
"202100033309";"142Â 230";"B01";"3";"7";"0";"2";"6";"1";"1";""
"202100033310";"142Â 227";"B01";"2";"7";"6";"2";"4";"16";"1";""
"202100033310";"142Â 228";"A01";"2";"7";"0";"2";"1";"1";"1";""
"202100033311";"142Â 225";"B01";"3";"7";"0";"2";"1";"1";"1";""
"202100033311";"142Â 226";"A01";"3";"7";"0";"2";"1";"15";"1";""
"202100033312";"142Â 224";"A01";"3";"7";"0";"1";"1";"26";"1";""
"202100033313";"142Â 222";"B01";"2";"1";"12";"2";"1";"1";"5";""
"202100033313";"142Â 223";"A01";"1";"10";"0";"2";"3";"17";"1";""
"202100033314";"142Â 220";"A01";"1";"7";"0";"2";"1";"15";"1";""
"202100033314";"142Â 221";"B01";"2";"7";"0";"2";"1";"9";"1";""
"202100033315";"142Â 219";"A01";"1";"33";"0";"0";"7";"1";"1";""
"202100033316";"142Â 218";"A01";"1";"7";"11";"0";"1";"1";"1";""
"202100033317";"142Â 215";"C01";"2";"50";"0";"0";"8";"1";"3";""
"202100033317";"142Â 216";"Z01";"2";"7";"0";"2";"2";"14";"1";""
"202100033317";"142Â 217";"B01";"2";"50";"0";"2";"4";"1";"3";""
"202100033318";"142Â 213";"B01";"2";"34";"0";"2";"2";"2";"1";""
"202100033318";"142Â 214";"A01";"2";"7";"0";"2";"3";"20";"1";""
"202100033319";"142Â 211";"A01";"3";"2";"0";"2";"1";"1";"1";""
"202100033319";"142Â 212";"B01";"3";"7";"0";"2";"4";"23";"1";""
"202100033320";"142Â 209";"A01";"3";"99";"0";"2";"1";"19";"1";""
"202100033320";"142Â 210";"B01";"3";"7";"0";"0";"0";"1";"0";""
"202100033321";"142Â 202";"B01";"3";"7";"0";"2";"0";"1";"1";""
"202100033321";"142Â 203";"C01";"3";"33";"0";"2";"1";"1";"1";""
"202100033321";"142Â 204";"A01";"3";"7";"0";"2";"1";"19";"1";""
"202100033322";"142Â 201";"A01";"0";"1";"4";"0";"0";"13";"5";""
"202100033323";"142Â 197";"A01";"1";"17";"0";"2";"1";"13";"1";""
"202100033323";"142Â 198";"B01";"2";"17";"0";"2";"8";"21";"1";""
"202100033324";"142Â 195";"A01";"1";"10";"0";"2";"8";"15";"1";""