"Num_Acc";"id_vehicule";"num_veh";"senc";"catv";"obs";"obsm";"choc";"manv";"motor";"occutc"
"202100033324";"142Â 196";"B01";"2";"32";"0";"2";"2";"2";"1";""
"202100033325";"142Â 193";"B01";"0";"34";"0";"2";"1";"17";"1";""
"202100033325";"142Â 194";"A01";"1";"7";"0";"2";"3";"23";"1";""
"202100033326";"142Â 191";"A01";"1";"10";"0";"2";"0";"20";"1";""
"202100033326";"142Â 192";"B01";"1";"50";"0";"2";"0";"1";"3";""
"202100033327";"142Â 189";"A01";"1";"50";"0";"2";"1";"1";"3";""
"202100033327";"142Â 190";"B01";"1";"7";"0";"2";"2";"1";"1";""
"202100033328";"142Â 187";"Z01";"1";"7";"0";"2";"2";"1";"1";""
"202100033328";"142Â 188";"B01";"1";"32";"0";"2";"4";"1";"1";""
"202100033329";"142Â 186";"A01";"1";"7";"0";"0";"9";"9";"1";""
"202100033330";"142Â 184";"B01";"1";"7";"0";"2";"4";"1";"1";""
"202100033330";"142Â 185";"A01";"1";"7";"0";"2";"1";"1";"1";""
"202100033331";"142Â 183";"A01";"1";"34";"17";"0";"9";"1";"1";""
"202100033332";"142Â 182";"A01";"3";"7";"13";"0";"3";"0";"1";""
"202100033333";"142Â 181";"A01";"1";"33";"11";"0";"1";"1";"1";""
"202100033334";"142Â 180";"A01";"3";"7";"0";"1";"2";"16";"1";""
"202100033335";"142Â 178";"B01";"0";"7";"0";"2";"3";"15";"1";""
"202100033335";"142Â 179";"A01";"0";"1";"0";"2";"8";"1";"5";""
"202100033336";"142Â 177";"A01";"1";"7";"2";"0";"1";"14";"1";""
"202100033337";"142Â 176";"A01";"3";"10";"0";"1";"5";"15";"0";""
"202100033338";"142Â 175";"A01";"1";"30";"12";"0";"2";"14";"1";""
"202100033339";"142Â 174";"A01";"1";"1";"2";"0";"1";"14";"5";""
"202100033340";"142Â 173";"A01";"3";"7";"0";"1";"4";"4";"1";""
"202100033341";"142Â 169";"B01";"2";"7";"0";"2";"4";"23";"1";""
"202100033341";"142Â 170";"A01";"2";"7";"0";"2";"1";"2";"1";""
"202100033342";"142Â 167";"B01";"3";"1";"0";"2";"8";"15";"5";""
"202100033342";"142Â 168";"A01";"0";"33";"0";"2";"1";"1";"1";""
"202100033343";"142Â 166";"A01";"1";"7";"0";"1";"1";"2";"1";""
"202100033344";"142Â 165";"A01";"3";"7";"0";"1";"3";"1";"1";""
"202100033345";"142Â 164";"A01";"2";"10";"0";"1";"2";"16";"1";""
"202100033346";"142Â 162";"A01";"2";"15";"0";"2";"2";"17";"0";""
"202100033346";"142Â 163";"B01";"2";"7";"3";"2";"3";"18";"0";""
"202100033347";"142Â 159";"B01";"1";"7";"0";"2";"1";"1";"0";""
"202100033347";"142Â 160";"C01";"1";"7";"0";"2";"1";"1";"1";""
"202100033347";"142Â 161";"A01";"1";"7";"0";"2";"4";"1";"1";""
"202100033348";"142Â 157";"B01";"2";"7";"0";"2";"6";"1";"1";""
"202100033348";"142Â 158";"A01";"2";"7";"0";"2";"3";"5";"1";""
"202100033349";"142Â 155";"A01";"2";"10";"0";"2";"1";"21";"1";""
"202100033349";"142Â 156";"B01";"2";"7";"0";"2";"5";"2";"1";""
"202100033350";"142Â 153";"B01";"1";"1";"0";"2";"1";"1";"5";""
"202100033350";"142Â 154";"A01";"2";"7";"0";"2";"6";"15";"1";""
"202100033351";"142Â 152";"A01";"2";"7";"14";"0";"1";"1";"1";""
"202100033352";"142Â 150";"B01";"2";"7";"0";"2";"7";"1";"1";""
"202100033352";"142Â 151";"A01";"3";"7";"0";"2";"1";"9";"1";""
"202100033353";"142Â 149";"A01";"1";"7";"1";"0";"2";"1";"1";""
"202100033354";"142Â 147";"A01";"2";"2";"0";"2";"8";"26";"0";""
"202100033354";"142Â 148";"B01";"1";"7";"0";"2";"2";"15";"1";""
"202100033355";"142Â 146";"A01";"2";"7";"2";"0";"1";"13";"1";""
"202100033356";"142Â 144";"B01";"0";"34";"0";"2";"1";"15";"1";""
"202100033356";"142Â 145";"A01";"0";"7";"0";"2";"1";"15";"1";""
"202100033357";"142Â 143";"A01";"2";"7";"0";"1";"3";"26";"1";""
"202100033358";"142Â 141";"A01";"2";"7";"0";"2";"1";"2";"0";""
"202100033358";"142Â 142";"B01";"2";"7";"0";"2";"4";"2";"1";""
"202100033359";"142Â 139";"B01";"0";"50";"0";"2";"1";"1";"3";""
"202100033359";"142Â 140";"A01";"0";"7";"0";"2";"3";"1";"1";""
"202100033360";"142Â 137";"A01";"1";"2";"0";"2";"1";"9";"1";""
"202100033360";"142Â 138";"B01";"1";"7";"0";"2";"2";"1";"1";""
"202100033361";"142Â 135";"A01";"1";"33";"2";"0";"1";"13";"1";""
"202100033361";"142Â 136";"B01";"1";"33";"0";"0";"0";"14";"1";""
"202100033362";"142Â 134";"A01";"1";"50";"0";"1";"1";"1";"3";""
"202100033363";"142Â 133";"A01";"2";"33";"0";"1";"1";"17";"1";""
"202100033364";"142Â 131";"B01";"3";"32";"0";"2";"1";"21";"1";""
"202100033364";"142Â 132";"A01";"3";"7";"0";"2";"3";"15";"1";""
"202100033365";"142Â 129";"B01";"2";"1";"0";"2";"1";"2";"5";""
"202100033365";"142Â 130";"A01";"1";"7";"0";"9";"3";"24";"1";""
"202100033366";"142Â 126";"C01";"1";"7";"0";"0";"4";"1";"1";""
"202100033366";"142Â 127";"B01";"1";"7";"0";"2";"9";"2";"1";""
"202100033366";"142Â 128";"A01";"1";"7";"0";"2";"1";"2";"1";""
"202100033367";"142Â 124";"B01";"1";"2";"0";"2";"4";"0";"1";""
"202100033367";"142Â 125";"A01";"1";"7";"0";"2";"1";"2";"1";""
"202100033368";"142Â 123";"A01";"1";"7";"4";"0";"1";"13";"1";""
"202100033369";"142Â 122";"A01";"1";"31";"0";"2";"7";"1";"1";""
"202100033370";"142Â 120";"B01";"2";"10";"0";"2";"3";"1";"1";""
"202100033370";"142Â 121";"A01";"1";"7";"0";"2";"1";"13";"1";""
"202100033371";"142Â 116";"A01";"2";"7";"0";"1";"1";"26";"1";""
"202100033372";"142Â 115";"A01";"0";"7";"0";"1";"7";"1";"1";""
"202100033373";"142Â 113";"B01";"2";"1";"0";"2";"4";"1";"5";""
"202100033373";"142Â 114";"A01";"2";"10";"0";"2";"2";"1";"1";""
"202100033374";"142Â 112";"A01";"3";"30";"0";"0";"0";"26";"1";""
"202100033375";"142Â 110";"A01";"3";"7";"0";"2";"1";"1";"1";""
"202100033375";"142Â 111";"B01";"3";"7";"0";"2";"4";"1";"1";""
"202100033376";"142Â 108";"B01";"3";"7";"0";"2";"3";"1";"0";""
"202100033376";"142Â 109";"A01";"3";"1";"0";"2";"2";"19";"5";""
"202100033377";"142Â 106";"A01";"1";"7";"0";"2";"2";"1";"1";""
"202100033377";"142Â 107";"B01";"1";"50";"0";"2";"8";"11";"3";""
"202100033378";"142Â 104";"A01";"2";"7";"0";"2";"1";"1";"1";""
"202100033378";"142Â 105";"B01";"1";"1";"0";"2";"8";"1";"5";""
"202100033379";"142Â 102";"B01";"1";"7";"0";"2";"1";"2";"1";""
"202100033379";"142Â 103";"A01";"2";"7";"0";"2";"1";"5";"1";""
"202100033380";"142Â 100";"A01";"2";"7";"0";"2";"1";"15";"1";""
"202100033380";"142Â 101";"B01";"2";"7";"0";"2";"1";"1";"1";""
"202100033381";"142Â 099";"A01";"1";"7";"0";"1";"1";"1";"1";""
"202100033382";"142Â 097";"B01";"1";"7";"0";"2";"1";"1";"1";""
"202100033382";"142Â 098";"A01";"1";"7";"0";"2";"4";"23";"1";""
"202100033383";"142Â 095";"B01";"2";"1";"0";"2";"8";"1";"5";""
"202100033383";"142Â 096";"A01";"1";"7";"0";"2";"1";"19";"1";""
"202100033384";"142Â 093";"B01";"1";"7";"0";"2";"2";"9";"1";""
"202100033384";"142Â 094";"A01";"1";"80";"0";"2";"3";"15";"3";""
"202100033385";"142Â 091";"A01";"3";"7";"0";"2";"2";"1";"1";""
"202100033385";"142Â 092";"B01";"3";"7";"0";"2";"6";"1";"1";""
"202100033386";"142Â 088";"B01";"0";"50";"0";"2";"8";"0";"3";""
"202100033386";"142Â 089";"A01";"0";"7";"0";"2";"1";"0";"1";""
"202100033387";"142Â 086";"A01";"3";"31";"0";"2";"1";"1";"1";""
"202100033387";"142Â 087";"B01";"3";"7";"0";"2";"6";"1";"1";""
"202100033388";"142Â 085";"A01";"3";"7";"0";"1";"2";"1";"1";""
"202100033389";"142Â 083";"A01";"2";"7";"0";"2";"1";"2";"1";""
"202100033389";"142Â 084";"B01";"2";"7";"0";"2";"4";"2";"1";""
"202100033390";"142Â 082";"A01";"1";"7";"1";"0";"1";"13";"1";""
"202100033391";"142Â 080";"A01";"2";"30";"0";"2";"2";"21";"1";""
"202100033391";"142Â 081";"B01";"2";"7";"0";"2";"3";"26";"1";""
"202100033392";"142Â 078";"B01";"2";"50";"0";"2";"1";"1";"3";""
"202100033392";"142Â 079";"A01";"1";"7";"0";"2";"8";"15";"1";""
"202100033393";"142Â 077";"A01";"1";"7";"0";"1";"3";"15";"1";""
"202100033394";"142Â 076";"A01";"2";"30";"12";"0";"3";"13";"1";""
"202100033395";"142Â 073";"B01";"2";"7";"0";"2";"4";"2";"1";""
"202100033395";"142Â 074";"A01";"2";"7";"0";"2";"1";"2";"1";""
"202100033395";"142Â 075";"C01";"2";"7";"0";"2";"4";"2";"1";""
"202100033396";"142Â 071";"B01";"1";"7";"0";"2";"1";"15";"1";""
"202100033396";"142Â 072";"A01";"2";"2";"0";"2";"1";"17";"1";""
"202100033397";"142Â 070";"A01";"3";"7";"0";"1";"1";"1";"2";""
"202100033398";"142Â 068";"A01";"0";"33";"0";"2";"8";"21";"1";""
"202100033398";"142Â 069";"B01";"0";"7";"0";"2";"6";"10";"1";""
"202100033399";"142Â 066";"A01";"1";"31";"0";"0";"0";"0";"1";""
"202100033399";"142Â 067";"B01";"1";"7";"0";"0";"3";"15";"1";""
"202100033400";"142Â 064";"B01";"1";"7";"0";"2";"4";"2";"1";""
"202100033400";"142Â 065";"A01";"1";"7";"0";"2";"1";"2";"1";""
"202100033401";"142Â 061";"A01";"1";"7";"0";"2";"1";"9";"1";""
"202100033401";"142Â 062";"B01";"1";"7";"0";"2";"4";"9";"1";""
"202100033401";"142Â 063";"C01";"1";"7";"0";"0";"4";"0";"1";""
"202100033402";"142Â 060";"A01";"1";"7";"2";"0";"1";"26";"1";""
"202100033403";"142Â 058";"A01";"2";"7";"0";"2";"1";"13";"1";""
"202100033403";"142Â 059";"B01";"1";"7";"0";"2";"1";"21";"1";""
"202100033404";"142Â 057";"A01";"1";"7";"1";"0";"1";"15";"1";""
"202100033405";"142Â 056";"Z01";"3";"30";"0";"1";"1";"25";"0";""
"202100033406";"142Â 054";"B01";"2";"33";"0";"2";"1";"16";"1";""
"202100033406";"142Â 055";"Z01";"2";"7";"0";"2";"0";"0";"0";""
"202100033407";"142Â 053";"A01";"1";"33";"3";"0";"1";"13";"1";""
"202100033408";"142Â 051";"A01";"0";"7";"0";"2";"2";"17";"1";""
"202100033408";"142Â 052";"B01";"0";"50";"0";"2";"8";"13";"3";""
"202100033409";"142Â 049";"B01";"1";"7";"0";"2";"3";"13";"1";""
"202100033409";"142Â 050";"A01";"2";"33";"0";"2";"1";"1";"1";""
"202100033410";"142Â 048";"A01";"3";"80";"0";"1";"1";"1";"3";""
"202100033411";"142Â 047";"A01";"1";"7";"0";"1";"3";"1";"1";""
"202100033412";"142Â 045";"B01";"2";"7";"14";"2";"2";"15";"0";""
"202100033412";"142Â 046";"A01";"2";"7";"8";"2";"3";"26";"1";""
"202100033413";"142Â 043";"B01";"2";"32";"0";"2";"1";"2";"1";""
"202100033413";"142Â 044";"Z01";"2";"7";"0";"2";"7";"16";"0";""
"202100033414";"142Â 042";"A01";"1";"33";"15";"0";"1";"26";"1";""
"202100033415";"142Â 041";"Z01";"1";"7";"0";"1";"1";"1";"1";""
"202100033416";"142Â 039";"B01";"2";"7";"0";"2";"4";"2";"1";""
"202100033416";"142Â 040";"A01";"0";"7";"0";"2";"3";"2";"1";""
"202100033417";"142Â 037";"B01";"1";"2";"0";"2";"0";"2";"1";""
"202100033417";"142Â 038";"A01";"0";"7";"0";"2";"6";"15";"1";""
"202100033418";"142Â 035";"A01";"2";"7";"0";"2";"2";"14";"0";""
"202100033418";"142Â 036";"B01";"2";"33";"0";"2";"6";"1";"1";""
"202100033419";"142Â 033";"B01";"2";"10";"0";"2";"5";"1";"1";""
"202100033419";"142Â 034";"A01";"2";"33";"0";"2";"1";"3";"1";""
"202100033420";"142Â 032";"Z01";"1";"7";"14";"0";"2";"13";"1";""
"202100033421";"142Â 030";"A01";"1";"32";"0";"2";"2";"3";"1";""
"202100033421";"142Â 031";"B01";"1";"7";"0";"2";"8";"11";"3";""
"202100033422";"142Â 028";"Z01";"2";"7";"0";"2";"1";"2";"0";""
"202100033422";"142Â 029";"A01";"2";"30";"0";"2";"6";"2";"1";""
"202100033423";"142Â 026";"B01";"1";"34";"0";"2";"1";"1";"1";""
"202100033423";"142Â 027";"A01";"1";"1";"0";"2";"8";"8";"5";""
"202100033424";"142Â 025";"Z01";"0";"7";"0";"1";"1";"16";"0";""
"202100033425";"142Â 023";"B01";"1";"1";"0";"2";"3";"7";"5";""
"202100033425";"142Â 024";"A01";"1";"7";"0";"2";"2";"17";"1";""
"202100033426";"142Â 021";"A01";"2";"31";"0";"2";"2";"1";"1";""
"202100033426";"142Â 022";"B01";"2";"7";"0";"2";"3";"16";"1";""
"202100033427";"142Â 020";"A01";"0";"33";"0";"1";"2";"1";"1";""
"202100033428";"142Â 019";"A01";"0";"7";"0";"1";"1";"1";"1";""
"202100033429";"142Â 017";"B01";"1";"7";"0";"2";"4";"2";"2";""
"202100033429";"142Â 018";"A01";"1";"1";"0";"2";"1";"2";"5";""
"202100033430";"142Â 016";"Z01";"2";"7";"0";"1";"1";"1";"0";""
"202100033431";"142Â 015";"A01";"1";"7";"1";"0";"3";"1";"1";""
"202100033432";"142Â 013";"A01";"2";"30";"0";"2";"2";"17";"3";""
"202100033432";"142Â 014";"B01";"2";"7";"0";"2";"3";"15";"2";""
"202100033433";"142Â 012";"A01";"1";"32";"14";"0";"0";"14";"1";""
"202100033434";"142Â 010";"A01";"3";"7";"0";"2";"1";"19";"1";""
"202100033434";"142Â 011";"B01";"3";"7";"0";"2";"8";"19";"1";""
"202100033435";"142Â 009";"A01";"2";"7";"0";"1";"1";"1";"1";""
"202100033436";"142Â 007";"A01";"1";"7";"0";"9";"3";"15";"1";""
"202100033436";"142Â 008";"B01";"1";"1";"0";"2";"1";"1";"5";""
"202100033437";"142Â 006";"A01";"1";"7";"0";"2";"1";"26";"0";""
"202100033438";"142Â 003";"A01";"1";"7";"0";"2";"1";"2";"1";""
"202100033438";"142Â 004";"B01";"1";"7";"0";"2";"4";"23";"1";""
"202100033438";"142Â 005";"C01";"1";"10";"0";"2";"4";"23";"1";""
"202100033439";"142Â 001";"A01";"1";"7";"0";"2";"3";"15";"0";""
"202100033439";"142Â 002";"B01";"1";"32";"0";"2";"2";"3";"1";""
"202100033440";"141Â 999";"A01";"1";"10";"0";"2";"8";"24";"1";""
"202100033440";"142Â 000";"B01";"1";"1";"1";"0";"0";"1";"5";""
"202100033441";"141Â 997";"A01";"1";"7";"0";"2";"7";"1";"1";""
"202100033441";"141Â 998";"B01";"1";"7";"0";"2";"1";"1";"1";""
"202100033442";"141Â 993";"D01";"1";"7";"0";"2";"4";"1";"1";""
"202100033442";"141Â 994";"C01";"1";"7";"0";"2";"4";"1";"1";""
"202100033442";"141Â 995";"B01";"1";"7";"0";"2";"4";"1";"1";""
"202100033442";"141Â 996";"A01";"1";"7";"0";"2";"1";"2";"1";""
"202100033443";"141Â 991";"A01";"1";"7";"0";"2";"7";"1";"0";""
"202100033443";"141Â 992";"B01";"1";"2";"0";"2";"8";"9";"1";""
"202100033444";"141Â 990";"A01";"1";"32";"1";"0";"1";"1";"1";""
"202100033445";"141Â 989";"A01";"2";"7";"0";"1";"1";"1";"1";""
"202100033446";"141Â 987";"Y01";"2";"1";"0";"2";"8";"1";"5";""
"202100033446";"141Â 988";"B01";"0";"7";"0";"2";"1";"1";"1";""
"202100033447";"141Â 985";"A01";"1";"7";"0";"2";"1";"1";"1";""
"202100033447";"141Â 986";"B01";"2";"7";"0";"2";"5";"9";"1";""
"202100033448";"141Â 982";"C01";"1";"7";"0";"2";"1";"1";"1";""
"202100033448";"141Â 983";"B01";"2";"7";"3";"2";"6";"1";"1";""
"202100033448";"141Â 984";"A01";"1";"7";"0";"2";"3";"13";"1";""
"202100033449";"141Â 980";"B01";"1";"33";"0";"2";"1";"2";"1";""
"202100033449";"141Â 981";"A01";"1";"33";"0";"0";"4";"2";"1";""
"202100033450";"141Â 978";"B01";"1";"33";"0";"2";"1";"1";"1";""
"202100033450";"141Â 979";"A01";"2";"7";"0";"2";"2";"19";"1";""
"202100033451";"141Â 976";"B01";"1";"10";"0";"2";"3";"1";"1";""
"202100033451";"141Â 977";"A01";"2";"33";"0";"2";"1";"1";"1";""
"202100033452";"141Â 974";"B01";"1";"7";"0";"2";"3";"1";"1";""
"202100033452";"141Â 975";"A01";"2";"7";"0";"2";"1";"13";"1";""
"202100033453";"141Â 972";"B01";"1";"33";"0";"2";"1";"1";"1";""
"202100033453";"141Â 973";"A01";"2";"7";"0";"2";"5";"15";"1";""
"202100033454";"141Â 971";"A01";"3";"7";"8";"0";"1";"1";"1";""
"202100033455";"141Â 969";"B01";"2";"2";"0";"2";"3";"1";"1";""
"202100033455";"141Â 970";"A01";"1";"7";"0";"2";"8";"5";"1";""
"202100033456";"141Â 967";"B01";"2";"7";"0";"2";"7";"17";"0";""
"202100033456";"141Â 968";"A01";"1";"2";"12";"0";"0";"1";"1";""
"202100033457";"141Â 966";"A01";"2";"7";"2";"0";"1";"1";"1";""
"202100033458";"141Â 963";"A01";"1";"7";"0";"2";"1";"5";"1";""
"202100033458";"141Â 964";"B01";"2";"7";"8";"2";"1";"21";"1";""
"202100033458";"141Â 965";"C01";"2";"10";"0";"2";"2";"21";"1";""
"202100033459";"141Â 962";"A01";"2";"2";"7";"0";"7";"1";"1";""
"202100033460";"141Â 959";"C01";"2";"3";"0";"2";"1";"21";"1";""
"202100033460";"141Â 960";"B01";"2";"7";"0";"2";"8";"23";"1";""
"202100033460";"141Â 961";"A01";"1";"2";"1";"1";"1";"17";"1";""
"202100033461";"141Â 958";"A01";"0";"7";"15";"0";"2";"1";"1";""
"202100033462";"141Â 957";"A01";"1";"7";"6";"0";"1";"0";"1";""
"202100033463";"141Â 955";"B01";"0";"7";"0";"2";"1";"1";"1";""
"202100033463";"141Â 956";"A01";"0";"7";"0";"2";"1";"1";"1";""
"202100033464";"141Â 954";"A01";"2";"33";"2";"0";"1";"1";"1";""
"202100033465";"141Â 952";"B01";"2";"7";"0";"0";"3";"1";"1";""
"202100033465";"141Â 953";"A01";"1";"7";"0";"0";"3";"13";"1";""
"202100033466";"141Â 951";"A01";"1";"7";"13";"0";"8";"16";"1";""
"202100033467";"141Â 949";"A01";"2";"7";"0";"9";"1";"9";"1";""
"202100033467";"141Â 950";"B01";"2";"1";"0";"2";"7";"1";"5";""
"202100033468";"141Â 947";"B01";"1";"7";"0";"2";"1";"1";"1";""
"202100033468";"141Â 948";"A01";"2";"7";"0";"2";"1";"13";"1";""
"202100033469";"141Â 945";"A01";"0";"1";"0";"2";"3";"15";"5";""
"202100033469";"141Â 946";"B01";"2";"7";"0";"2";"1";"1";"1";""
"202100033470";"141Â 944";"A01";"1";"7";"2";"0";"8";"1";"1";""
"202100033471";"141Â 943";"A01";"3";"7";"6";"1";"1";"20";"2";""
"202100033472";"141Â 942";"A01";"2";"7";"8";"9";"1";"2";"1";""
"202100033473";"141Â 940";"A01";"1";"33";"0";"2";"1";"17";"1";""
"202100033473";"141Â 941";"B01";"2";"7";"0";"2";"1";"1";"1";""
"202100033474";"141Â 938";"B01";"3";"7";"0";"0";"3";"1";"1";""
"202100033474";"141Â 939";"A01";"3";"7";"0";"2";"3";"1";"1";""
"202100033475";"141Â 937";"A01";"2";"33";"14";"0";"1";"1";"1";""
"202100033476";"141Â 936";"A01";"2";"31";"0";"0";"8";"1";"1";""
"202100033477";"141Â 933";"A01";"2";"36";"0";"2";"9";"1";"1";""
"202100033477";"141Â 934";"B01";"1";"7";"0";"2";"3";"1";"1";""
"202100033477";"141Â 935";"D01";"2";"7";"0";"2";"1";"23";"1";""
"202100033478";"141Â 931";"A01";"1";"7";"16";"0";"2";"2";"1";""
"202100033479";"141Â 930";"A01";"1";"33";"0";"6";"1";"1";"1";""
"202100033480";"141Â 929";"A01";"1";"7";"2";"0";"7";"1";"1";""
"202100033481";"141Â 928";"A01";"1";"7";"2";"0";"2";"1";"1";""
"202100033482";"141Â 926";"B01";"2";"7";"0";"2";"3";"1";"1";""
"202100033482";"141Â 927";"A01";"2";"2";"0";"2";"8";"15";"1";""
"202100033483";"141Â 925";"A01";"1";"7";"2";"0";"1";"1";"1";""
"202100033484";"141Â 923";"B01";"1";"2";"0";"2";"3";"1";"1";""
"202100033484";"141Â 924";"A01";"1";"3";"0";"2";"6";"20";"1";""
"202100033485";"141Â 921";"A01";"3";"7";"0";"2";"2";"15";"1";""
"202100033485";"141Â 922";"B01";"3";"7";"0";"2";"3";"1";"1";""
"202100033486";"141Â 920";"A01";"3";"2";"1";"0";"2";"0";"1";""
"202100033487";"141Â 918";"A01";"2";"7";"9";"0";"5";"6";"1";""
"202100033487";"141Â 919";"B01";"1";"7";"0";"2";"1";"5";"1";""
"202100033488";"141Â 917";"A01";"2";"7";"4";"0";"3";"1";"1";""
"202100033489";"141Â 914";"A01";"2";"38";"1";"0";"2";"1";"1";"12"
"202100033489";"141Â 915";"B01";"2";"14";"0";"0";"6";"24";"1";""
"202100033490";"141Â 913";"A01";"1";"7";"3";"0";"2";"17";"1";""
"202100033491";"141Â 912";"A01";"2";"7";"4";"0";"2";"1";"1";""
"202100033492";"141Â 911";"A01";"1";"7";"16";"0";"1";"1";"1";""
"202100033493";"141Â 909";"A01";"0";"1";"0";"2";"1";"19";"5";""
"202100033493";"141Â 910";"B01";"1";"7";"0";"0";"8";"1";"1";""
"202100033494";"141Â 908";"A01";"2";"33";"13";"0";"1";"0";"1";""
"202100033495";"141Â 906";"B01";"2";"7";"0";"2";"1";"11";"1";""
"202100033495";"141Â 907";"A01";"1";"7";"0";"2";"1";"1";"1";""
"202100033496";"141Â 904";"B01";"2";"2";"0";"2";"1";"16";"1";""
"202100033496";"141Â 905";"A01";"1";"7";"0";"2";"3";"1";"1";""
"202100033497";"141Â 903";"A01";"2";"7";"13";"0";"7";"14";"1";""
"202100033498";"141Â 901";"B01";"2";"7";"0";"2";"2";"1";"1";""
"202100033498";"141Â 902";"A01";"1";"7";"3";"2";"7";"17";"1";""
"202100033499";"141Â 899";"B01";"1";"7";"0";"2";"7";"1";"1";""
"202100033499";"141Â 900";"A01";"3";"7";"0";"2";"1";"9";"1";""
"202100033500";"141Â 898";"A01";"1";"7";"2";"0";"1";"0";"1";""
"202100033501";"141Â 897";"A01";"3";"7";"2";"0";"0";"0";"1";""
"202100033502";"141Â 896";"A01";"3";"13";"0";"1";"5";"4";"1";""
"202100033503";"141Â 895";"A01";"3";"1";"0";"1";"1";"1";"5";""
"202100033504";"141Â 893";"B01";"2";"7";"0";"2";"3";"1";"1";""
"202100033504";"141Â 894";"A01";"1";"7";"8";"2";"1";"13";"1";""
"202100033505";"141Â 891";"A01";"3";"7";"0";"2";"5";"19";"1";""
"202100033505";"141Â 892";"B01";"1";"33";"0";"2";"1";"1";"1";""
"202100033506";"141Â 889";"B01";"2";"17";"0";"2";"8";"15";"1";""
"202100033506";"141Â 890";"A01";"2";"33";"0";"2";"8";"17";"1";""
"202100033507";"141Â 887";"B01";"1";"7";"0";"2";"3";"2";"1";""
"202100033507";"141Â 888";"A01";"1";"2";"0";"0";"4";"2";"1";""
"202100033508";"141Â 885";"A01";"2";"7";"0";"2";"4";"1";"1";""
"202100033508";"141Â 886";"B01";"2";"7";"0";"2";"1";"1";"1";""
"202100033509";"141Â 884";"A01";"2";"7";"4";"5";"1";"26";"1";""
"202100033510";"141Â 880";"A01";"2";"7";"0";"2";"1";"1";"1";""
"202100033510";"141Â 881";"B01";"2";"7";"0";"2";"4";"2";"1";""
"202100033510";"141Â 882";"C01";"2";"7";"0";"2";"0";"2";"1";""
"202100033510";"141Â 883";"D01";"2";"7";"0";"2";"4";"2";"1";""
"202100033511";"141Â 877";"A01";"1";"33";"0";"2";"1";"2";"1";""
"202100033511";"141Â 878";"C01";"2";"7";"0";"2";"1";"1";"1";""
"202100033511";"141Â 879";"B01";"2";"7";"0";"2";"4";"1";"1";""
"202100033512";"141Â 874";"C01";"2";"7";"0";"2";"4";"2";"1";""
"202100033512";"141Â 875";"B01";"2";"7";"0";"2";"4";"2";"1";""
"202100033512";"141Â 876";"A01";"2";"10";"0";"2";"1";"2";"3";""
"202100033513";"141Â 873";"A01";"2";"7";"4";"2";"0";"26";"1";""
"202100033514";"141Â 871";"A01";"1";"33";"0";"2";"3";"3";"1";""
"202100033514";"141Â 872";"B01";"1";"7";"0";"2";"3";"12";"1";""
"202100033515";"141Â 868";"B01";"2";"7";"3";"2";"4";"2";"1";""
"202100033515";"141Â 869";"A01";"2";"33";"0";"2";"8";"18";"1";""
"202100033515";"141Â 870";"Z01";"2";"14";"0";"2";"0";"0";"0";""
"202100033516";"141Â 865";"C01";"2";"7";"0";"2";"2";"2";"1";""
"202100033516";"141Â 866";"B01";"2";"7";"0";"2";"3";"2";"1";""
"202100033516";"141Â 867";"A01";"2";"33";"0";"2";"1";"2";"1";""
"202100033517";"141Â 863";"Z01";"1";"10";"0";"2";"0";"0";"0";""
"202100033517";"141Â 864";"A01";"1";"32";"0";"2";"3";"2";"1";""
"202100033518";"141Â 861";"B01";"1";"10";"0";"2";"1";"21";"1";""
"202100033518";"141Â 862";"Z01";"1";"7";"0";"2";"1";"26";"1";""
"202100033519";"141Â 858";"Z01";"1";"7";"0";"2";"1";"2";"1";""
"202100033519";"141Â 859";"B01";"1";"7";"0";"2";"4";"12";"1";""
"202100033519";"141Â 860";"C01";"1";"7";"0";"2";"4";"13";"1";""
"202100033520";"141Â 856";"A01";"2";"7";"0";"2";"2";"12";"1";""
"202100033520";"141Â 857";"B01";"2";"7";"0";"2";"6";"1";"1";""
"202100033521";"141Â 854";"B01";"1";"33";"0";"2";"8";"3";"1";""
"202100033521";"141Â 855";"A01";"1";"7";"0";"2";"2";"14";"1";""
"202100033522";"141Â 853";"A01";"1";"31";"2";"0";"1";"2";"1";""
"202100033523";"141Â 849";"C01";"1";"7";"0";"2";"4";"1";"1";""
"202100033523";"141Â 850";"D01";"1";"7";"0";"2";"1";"1";"1";""
"202100033523";"141Â 851";"B01";"1";"10";"0";"2";"4";"1";"1";""
"202100033523";"141Â 852";"A01";"1";"7";"0";"2";"4";"1";"2";""
"202100033524";"141Â 847";"B01";"2";"7";"0";"2";"4";"1";"1";""
"202100033524";"141Â 848";"A01";"2";"7";"0";"2";"1";"1";"1";""
"202100033525";"141Â 845";"B01";"1";"34";"0";"2";"1";"3";"1";""
"202100033525";"141Â 846";"A01";"1";"7";"0";"2";"2";"12";"1";""
"202100033526";"141Â 844";"A01";"1";"7";"16";"1";"4";"19";"1";""
"202100033527";"141Â 842";"Z01";"2";"0";"0";"1";"1";"1";"0";""
"202100033528";"141Â 840";"B01";"3";"7";"0";"2";"3";"1";"1";""
"202100033528";"141Â 841";"A01";"3";"7";"0";"2";"3";"13";"1";""
"202100033529";"141Â 838";"B01";"1";"7";"0";"2";"3";"15";"1";""