"Num_Acc";"id_vehicule";"num_veh";"senc";"catv";"obs";"obsm";"choc";"manv";"motor";"occutc"
"202100033529";"141Â 839";"A01";"1";"30";"0";"2";"1";"1";"1";""
"202100033530";"141Â 836";"A01";"1";"33";"0";"2";"7";"15";"1";""
"202100033530";"141Â 837";"B01";"1";"7";"0";"2";"3";"15";"1";""
"202100033531";"141Â 835";"A01";"3";"7";"1";"1";"2";"1";"1";""
"202100033532";"141Â 834";"A01";"1";"7";"0";"1";"8";"15";"1";""
"202100033533";"141Â 833";"A01";"3";"40";"0";"1";"2";"1";"3";""
"202100033534";"141Â 830";"A01";"1";"7";"0";"2";"2";"15";"1";""
"202100033534";"141Â 831";"B01";"1";"7";"0";"2";"3";"1";"1";""
"202100033534";"141Â 832";"C01";"2";"7";"0";"2";"3";"1";"1";""
"202100033535";"141Â 829";"A01";"1";"7";"4";"0";"3";"1";"1";""
"202100033536";"141Â 827";"A01";"1";"30";"0";"2";"1";"2";"1";""
"202100033536";"141Â 828";"B01";"1";"50";"0";"2";"4";"2";"3";""
"202100033537";"141Â 825";"B01";"1";"7";"0";"2";"2";"16";"2";""
"202100033537";"141Â 826";"A01";"1";"34";"0";"2";"3";"1";"1";""
"202100033538";"141Â 823";"B01";"3";"32";"0";"2";"1";"1";"1";""
"202100033538";"141Â 824";"A01";"3";"31";"0";"2";"1";"1";"1";""
"202100033539";"141Â 822";"A01";"0";"10";"0";"1";"1";"0";"0";""
"202100033540";"141Â 820";"B01";"2";"0";"0";"2";"8";"19";"0";""
"202100033540";"141Â 821";"A01";"1";"1";"0";"2";"1";"1";"5";""
"202100033541";"141Â 818";"B01";"3";"10";"0";"2";"3";"23";"1";""
"202100033541";"141Â 819";"A01";"3";"30";"0";"2";"1";"26";"1";""
"202100033542";"141Â 815";"B01";"2";"33";"1";"0";"0";"21";"1";""
"202100033542";"141Â 816";"A01";"1";"7";"0";"0";"0";"0";"1";""
"202100033542";"141Â 817";"C01";"1";"7";"0";"1";"4";"0";"1";""
"202100033543";"141Â 814";"A01";"1";"7";"0";"1";"1";"16";"1";""
"202100033544";"141Â 813";"A01";"2";"50";"12";"0";"1";"26";"3";""
"202100033545";"141Â 811";"B01";"2";"7";"0";"2";"8";"1";"1";""
"202100033545";"141Â 812";"A01";"2";"3";"0";"2";"1";"19";"1";""
"202100033546";"141Â 808";"A01";"1";"10";"0";"2";"1";"13";"1";""
"202100033546";"141Â 809";"B01";"2";"17";"0";"2";"8";"1";"1";""
"202100033547";"141Â 806";"B01";"2";"7";"0";"2";"4";"2";"1";""
"202100033547";"141Â 807";"A01";"2";"7";"15";"0";"1";"2";"1";""
"202100033548";"141Â 804";"A01";"3";"7";"0";"2";"2";"1";"1";""
"202100033548";"141Â 805";"B01";"3";"50";"0";"0";"0";"0";"3";""
"202100033549";"141Â 796";"A01";"3";"17";"0";"2";"1";"26";"1";""
"202100033549";"141Â 797";"B01";"3";"17";"0";"2";"6";"2";"1";""
"202100033549";"141Â 798";"C01";"3";"10";"0";"2";"7";"2";"1";""
"202100033549";"141Â 799";"F01";"3";"17";"0";"2";"1";"1";"1";""
"202100033549";"141Â 800";"E01";"3";"7";"0";"2";"9";"2";"1";""
"202100033549";"141Â 801";"D01";"3";"7";"0";"2";"4";"2";"1";""
"202100033550";"141Â 793";"C01";"0";"7";"0";"2";"1";"0";"1";""
"202100033550";"141Â 794";"B01";"0";"7";"0";"2";"1";"0";"1";""
"202100033550";"141Â 795";"A01";"0";"7";"0";"2";"1";"0";"1";""
"202100033551";"141Â 792";"A01";"2";"7";"1";"0";"2";"14";"1";""
"202100033552";"141Â 790";"B01";"1";"7";"0";"2";"3";"0";"1";""
"202100033552";"141Â 791";"A01";"2";"7";"0";"2";"1";"0";"1";""
"202100033553";"141Â 789";"A01";"1";"7";"0";"1";"3";"1";"1";""
"202100033554";"141Â 787";"B01";"1";"7";"0";"2";"4";"23";"1";""
"202100033554";"141Â 788";"A01";"1";"7";"0";"2";"1";"2";"1";""
"202100033555";"141Â 785";"B01";"3";"33";"0";"2";"3";"1";"1";""
"202100033555";"141Â 786";"A01";"3";"7";"0";"2";"3";"1";"1";""
"202100033556";"141Â 783";"A01";"3";"7";"0";"2";"1";"2";"1";""
"202100033556";"141Â 784";"B01";"3";"7";"0";"2";"3";"0";"1";""
"202100033557";"141Â 781";"A01";"1";"7";"0";"2";"1";"15";"1";""
"202100033557";"141Â 782";"B01";"1";"7";"0";"2";"8";"1";"1";""
"202100033558";"141Â 779";"B01";"0";"60";"0";"2";"0";"0";"5";""
"202100033558";"141Â 780";"A01";"3";"7";"0";"2";"1";"0";"0";""
"202100033559";"141Â 778";"A01";"1";"7";"0";"1";"3";"19";"1";""
"202100033560";"141Â 776";"A01";"1";"7";"0";"2";"1";"15";"1";""
"202100033560";"141Â 777";"B01";"2";"7";"0";"2";"1";"1";"1";""
"202100033561";"141Â 774";"B01";"0";"10";"0";"2";"3";"1";"1";""
"202100033561";"141Â 775";"A01";"0";"1";"0";"2";"3";"15";"5";""
"202100033562";"141Â 773";"A01";"3";"7";"0";"1";"4";"20";"1";""
"202100033563";"141Â 772";"A01";"1";"30";"12";"0";"3";"0";"1";""
"202100033564";"141Â 770";"A01";"3";"1";"0";"2";"1";"1";"5";""
"202100033564";"141Â 771";"B01";"3";"7";"0";"2";"8";"15";"1";""
"202100033565";"141Â 768";"B01";"3";"7";"0";"2";"3";"15";"1";""
"202100033565";"141Â 769";"A01";"2";"32";"0";"2";"2";"1";"1";""
"202100033566";"141Â 767";"A01";"1";"7";"0";"1";"1";"26";"1";""
"202100033567";"141Â 765";"A01";"1";"7";"0";"2";"3";"19";"1";""
"202100033567";"141Â 766";"B01";"1";"33";"0";"2";"4";"16";"1";""
"202100033568";"141Â 763";"A01";"3";"7";"0";"2";"1";"26";"0";""
"202100033568";"141Â 764";"B01";"3";"7";"0";"2";"2";"26";"0";""
"202100033569";"141Â 761";"A01";"1";"7";"0";"2";"1";"19";"1";""
"202100033569";"141Â 762";"B01";"0";"1";"0";"2";"8";"1";"5";""
"202100033570";"141Â 759";"A01";"0";"3";"0";"2";"1";"17";"0";""
"202100033570";"141Â 760";"B01";"0";"7";"0";"2";"1";"1";"1";""
"202100033571";"141Â 757";"A01";"3";"1";"0";"2";"6";"1";"5";""
"202100033571";"141Â 758";"Z01";"3";"7";"0";"2";"2";"2";"0";""
"202100033572";"141Â 755";"A01";"2";"50";"0";"2";"1";"5";"3";""
"202100033572";"141Â 756";"B01";"1";"7";"0";"2";"1";"1";"1";""
"202100033573";"141Â 753";"A01";"0";"7";"0";"2";"1";"9";"2";""
"202100033573";"141Â 754";"B01";"1";"2";"0";"2";"7";"1";"1";""
"202100033574";"141Â 752";"A01";"1";"7";"0";"1";"2";"1";"1";""
"202100033575";"141Â 750";"Z01";"1";"7";"0";"2";"2";"1";"1";""
"202100033575";"141Â 751";"A01";"2";"1";"0";"2";"8";"19";"0";""
"202100033576";"141Â 749";"A01";"2";"1";"0";"0";"0";"1";"5";""
"202100033577";"141Â 748";"A01";"2";"30";"0";"1";"5";"1";"1";""
"202100033578";"141Â 746";"B01";"3";"2";"0";"2";"1";"1";"1";""
"202100033578";"141Â 747";"A01";"3";"7";"0";"9";"3";"15";"1";""
"202100033579";"141Â 745";"A01";"0";"37";"0";"1";"2";"26";"1";"1"
"202100033580";"141Â 743";"Z01";"0";"0";"0";"2";"1";"9";"1";""
"202100033580";"141Â 744";"B01";"1";"1";"0";"2";"1";"19";"1";""
"202100033581";"141Â 741";"B01";"1";"7";"0";"2";"0";"1";"1";""
"202100033581";"141Â 742";"A01";"1";"2";"0";"2";"0";"15";"1";""
"202100033582";"141Â 739";"A01";"2";"30";"0";"2";"1";"2";"1";""
"202100033582";"141Â 740";"B01";"2";"7";"0";"0";"4";"16";"1";""
"202100033583";"141Â 737";"A01";"0";"2";"0";"2";"1";"9";"1";""
"202100033583";"141Â 738";"B01";"0";"37";"0";"2";"3";"1";"1";"1"
"202100033584";"141Â 736";"A01";"3";"1";"0";"4";"1";"1";"5";""
"202100033585";"141Â 734";"A01";"1";"7";"0";"2";"3";"15";"1";""
"202100033585";"141Â 735";"B01";"1";"2";"0";"2";"3";"1";"1";""
"202100033586";"141Â 732";"A01";"2";"7";"0";"2";"5";"15";"1";""
"202100033586";"141Â 733";"B01";"1";"33";"0";"2";"2";"21";"1";""
"202100033587";"141Â 730";"A01";"2";"31";"0";"2";"1";"17";"1";""
"202100033587";"141Â 731";"B01";"2";"7";"0";"2";"8";"15";"1";""
"202100033588";"141Â 728";"A01";"0";"7";"6";"1";"1";"1";"1";""
"202100033589";"141Â 726";"B01";"2";"1";"0";"2";"8";"1";"5";""
"202100033589";"141Â 727";"A01";"2";"7";"0";"2";"1";"16";"1";""
"202100033590";"141Â 725";"A01";"1";"7";"0";"1";"3";"1";"1";""
"202100033591";"141Â 723";"B01";"3";"33";"0";"2";"5";"1";"1";""
"202100033591";"141Â 724";"A01";"2";"7";"0";"2";"3";"9";"1";""
"202100033592";"141Â 721";"A01";"3";"1";"0";"2";"7";"1";"5";""
"202100033592";"141Â 722";"Z01";"3";"7";"0";"2";"0";"15";"1";""
"202100033593";"141Â 719";"B01";"3";"7";"0";"2";"5";"23";"1";""
"202100033593";"141Â 720";"A01";"3";"33";"0";"2";"1";"18";"1";""
"202100033594";"141Â 717";"B01";"1";"7";"0";"2";"7";"1";"1";""
"202100033594";"141Â 718";"A01";"1";"50";"0";"2";"1";"19";"3";""
"202100033595";"141Â 715";"A01";"1";"7";"6";"2";"1";"13";"1";""
"202100033595";"141Â 716";"B01";"2";"7";"0";"2";"2";"1";"1";""
"202100033596";"141Â 714";"A01";"2";"7";"4";"0";"9";"14";"1";""
"202100033597";"141Â 713";"A01";"3";"30";"0";"0";"0";"0";"1";""
"202100033598";"141Â 709";"A01";"2";"10";"14";"0";"1";"2";"1";""
"202100033598";"141Â 710";"D01";"2";"7";"14";"0";"4";"23";"1";""
"202100033598";"141Â 711";"C01";"2";"7";"14";"0";"4";"23";"1";""
"202100033598";"141Â 712";"B01";"2";"7";"14";"0";"4";"23";"1";""
"202100033599";"141Â 707";"A01";"3";"7";"0";"2";"1";"9";"1";""
"202100033599";"141Â 708";"B01";"3";"1";"0";"2";"2";"1";"5";""
"202100033600";"141Â 706";"A01";"1";"33";"1";"0";"1";"17";"1";""
"202100033601";"141Â 704";"B01";"2";"2";"0";"2";"1";"1";"1";""
"202100033601";"141Â 705";"A01";"1";"7";"0";"2";"3";"15";"1";""
"202100033602";"141Â 702";"B01";"1";"10";"0";"2";"4";"23";"1";""
"202100033602";"141Â 703";"A01";"1";"80";"0";"2";"1";"1";"3";""
"202100033603";"141Â 701";"A01";"3";"7";"0";"1";"2";"1";"1";""
"202100033604";"141Â 700";"A01";"2";"1";"0";"0";"0";"23";"5";""
"202100033605";"141Â 699";"A01";"1";"10";"0";"1";"3";"1";"1";""
"202100033606";"141Â 697";"A01";"1";"7";"0";"2";"3";"13";"1";""
"202100033606";"141Â 698";"B01";"2";"7";"0";"2";"3";"1";"1";""
"202100033607";"141Â 696";"A01";"1";"14";"8";"0";"1";"1";"1";""
"202100033608";"141Â 694";"A01";"1";"7";"0";"2";"8";"9";"0";""
"202100033608";"141Â 695";"B01";"1";"32";"0";"2";"0";"0";"0";""
"202100033609";"141Â 693";"A01";"1";"7";"9";"0";"1";"26";"1";""
"202100033610";"141Â 688";"B01";"2";"7";"0";"2";"4";"1";"1";""
"202100033610";"141Â 689";"C01";"2";"7";"0";"2";"4";"1";"1";""
"202100033610";"141Â 690";"A01";"2";"10";"0";"2";"1";"1";"1";""
"202100033611";"141Â 686";"B01";"3";"33";"0";"2";"1";"1";"1";""
"202100033611";"141Â 687";"A01";"0";"7";"0";"2";"2";"15";"1";""
"202100033612";"141Â 684";"B01";"2";"40";"0";"2";"1";"1";" -1";""
"202100033612";"141Â 685";"A01";"1";"7";"0";"4";"8";"15";" -1";""
"202100033613";"141Â 682";"B01";"1";"32";"0";"2";"1";"1";"1";""
"202100033613";"141Â 683";"A01";"2";"1";"0";"2";"8";"15";"5";""
"202100033614";"141Â 680";"A01";"1";"7";"0";"2";"1";"1";"1";""
"202100033614";"141Â 681";"B01";"1";"7";"0";"2";"1";"1";"1";""
"202100033615";"141Â 679";"A01";"2";"7";"0";"1";"1";"26";"0";""
"202100033616";"141Â 678";"A01";"1";"33";"0";"0";"8";"1";"1";""
"202100033617";"141Â 673";"C01";"1";"37";"0";"2";"3";"2";"1";"2"
"202100033617";"141Â 674";"D01";"0";"7";"0";"0";"7";"0";"1";""
"202100033617";"141Â 675";"E01";"0";"7";"0";"0";"7";"0";"1";""
"202100033617";"141Â 676";"B01";"2";"7";"0";"2";"8";"1";"1";""
"202100033617";"141Â 677";"A01";"1";"7";"0";"2";"3";"13";"1";""
"202100033618";"141Â 672";"A01";"1";"32";"0";"1";"1";"3";"1";""
"202100033619";"141Â 670";"A01";"0";"31";"0";"2";"1";"1";"1";""
"202100033619";"141Â 671";"B01";"0";"7";"0";"2";"4";"1";"1";""
"202100033620";"141Â 668";"B01";"1";"33";"0";"2";"7";"1";"1";""
"202100033620";"141Â 669";"Z01";"1";"7";"0";"2";"1";"10";"1";""
"202100033621";"141Â 666";"A01";"1";"7";"0";"0";"1";"0";"0";""
"202100033621";"141Â 667";"B01";"1";"7";"0";"0";"5";"0";"0";""
"202100033622";"141Â 664";"A01";"3";"7";"0";"2";"8";"13";"1";""
"202100033622";"141Â 665";"B01";"3";"7";"0";"2";"2";"1";"1";""
"202100033623";"141Â 663";"A01";"1";"7";"0";"1";"2";"1";"3";""
"202100033624";"141Â 662";"A01";"1";"7";"0";"0";"1";"1";"1";""
"202100033625";"141Â 659";"B01";"2";"7";"0";"2";"8";"11";"1";""
"202100033625";"141Â 660";"C01";"2";"7";"0";"2";"8";"1";"1";""
"202100033625";"141Â 661";"A01";"2";"33";"0";"2";"7";"3";"1";""
"202100033626";"141Â 657";"A01";"1";"7";"0";"2";"2";"1";"2";""
"202100033626";"141Â 658";"B01";"1";"80";"0";"2";"4";"19";"3";""
"202100033627";"141Â 656";"A01";"2";"32";"0";"1";"1";"5";"1";""
"202100033628";"141Â 655";"A01";"1";"7";"0";"1";"2";"1";"1";""
"202100033629";"141Â 653";"B01";"1";"1";"0";"2";"8";"9";"5";""
"202100033629";"141Â 654";"A01";"2";"1";"0";"2";"1";"5";"5";""
"202100033630";"141Â 651";"A01";"2";"7";"0";"2";"3";"15";"2";""
"202100033630";"141Â 652";"B01";"2";"30";"0";"2";"7";"17";"1";""
"202100033631";"141Â 650";"A01";"1";"50";"0";"1";"1";"1";"3";""
"202100033632";"141Â 648";"B01";"2";"30";"0";"2";"6";"1";"1";""
"202100033632";"141Â 649";"A01";"2";"7";"0";"2";"1";"1";"2";""
"202100033633";"141Â 647";"A01";"1";"80";"0";"0";"0";"21";"3";""
"202100033634";"141Â 645";"B01";"2";"10";"0";"2";"3";"15";"1";""
"202100033634";"141Â 646";"A01";"2";"30";"0";"2";"3";"17";"1";""
"202100033635";"141Â 644";"A01";"3";"1";"0";"0";"0";"1";"5";""
"202100033636";"141Â 643";"A01";"1";"33";"0";"0";"8";"1";"1";""
"202100033637";"141Â 641";"A01";"1";"7";"0";"2";"2";"2";"1";""
"202100033637";"141Â 642";"B01";"1";"80";"0";"2";"4";"23";"3";""
"202100033638";"141Â 639";"A01";"2";"30";"0";"2";"6";"9";"3";""
"202100033638";"141Â 640";"B01";"2";"1";"0";"2";"1";"1";"5";""
"202100033639";"141Â 637";"A01";"1";"33";"0";"2";"6";"15";"1";""
"202100033639";"141Â 638";"Z01";"1";"7";"0";"2";"2";"15";"1";""
"202100033640";"141Â 636";"A01";"2";"40";"0";"1";"7";"1";"3";""
"202100033641";"141Â 633";"B01";"1";"7";"0";"2";"2";"16";"1";""
"202100033641";"141Â 634";"A01";"1";"32";"0";"2";"7";"1";"1";""
"202100033641";"141Â 635";"C01";"1";"7";"0";"2";"4";"24";"1";""
"202100033642";"141Â 632";"A01";"1";"1";"0";"1";"8";"15";"5";""
"202100033643";"141Â 631";"A01";"2";"10";"0";"1";"5";"4";"1";""
"202100033644";"141Â 629";"A01";"1";"7";"0";"2";"3";"15";"1";""
"202100033644";"141Â 630";"B01";"1";"1";"0";"2";"1";"1";"5";""
"202100033645";"141Â 627";"A01";"2";"7";"0";"2";"3";"10";"1";""
"202100033645";"141Â 628";"B01";"1";"33";"0";"2";"0";"1";"1";""
"202100033646";"141Â 625";"A01";"1";"33";"0";"2";"1";"2";"1";""
"202100033646";"141Â 626";"B01";"1";"43";"0";"2";"4";"2";"1";""
"202100033647";"141Â 623";"B01";"0";"80";"0";"2";"0";"1";"3";""
"202100033647";"141Â 624";"A01";"0";"32";"0";"2";"0";"1";"1";""
"202100033648";"141Â 622";"A01";"1";"1";"0";"0";"0";"1";"5";""
"202100033649";"141Â 621";"A01";"1";"1";"0";"1";"2";"7";"5";""
"202100033650";"141Â 619";"A01";"1";"33";"0";"2";"0";"17";"1";""
"202100033650";"141Â 620";"B01";"1";"7";"0";"2";"8";"15";"3";""
"202100033651";"141Â 617";"B01";"2";"1";"0";"2";"1";"1";"5";""
"202100033651";"141Â 618";"A01";"2";"1";"0";"2";"1";"13";"5";""
"202100033652";"141Â 615";"B01";"2";"30";"14";"2";"1";"2";"3";""
"202100033652";"141Â 616";"A01";"2";"7";"0";"2";"3";"26";"2";""
"202100033653";"141Â 613";"B01";"2";"33";"0";"2";"7";"17";"1";""
"202100033653";"141Â 614";"A01";"1";"7";"0";"2";"1";"16";"1";""
"202100033654";"141Â 611";"A01";"2";"7";"0";"9";"5";"17";"1";""
"202100033654";"141Â 612";"B01";"2";"1";"0";"2";"1";"15";"5";""
"202100033655";"141Â 609";"A01";"1";"7";"0";"2";"1";"2";"1";""
"202100033655";"141Â 610";"B01";"1";"7";"0";"2";"4";"2";"1";""
"202100033656";"141Â 607";"B01";"2";"7";"0";"2";"3";"15";"1";""
"202100033656";"141Â 608";"A01";"1";"32";"0";"2";"1";"1";"1";""
"202100033657";"141Â 605";"A01";"3";"7";"0";"2";"1";"2";"1";""
"202100033657";"141Â 606";"B01";"3";"7";"0";"2";"4";"2";"1";""
"202100033658";"141Â 599";"A01";"1";"7";"0";"2";"3";"0";"1";""
"202100033658";"141Â 600";"B01";"1";"7";"0";"2";"7";"1";"1";""
"202100033658";"141Â 601";"C01";"1";"7";"0";"2";"8";"23";"1";""
"202100033658";"141Â 602";"D01";"2";"7";"0";"2";"1";"23";"1";""
"202100033658";"141Â 603";"E01";"2";"7";"0";"2";"1";"23";"1";""
"202100033658";"141Â 604";"F01";"3";"7";"0";"2";"4";"2";"1";""
"202100033659";"141Â 597";"A01";"0";"99";"0";"2";"3";"15";"0";""
"202100033659";"141Â 598";"B01";"0";"30";"0";"2";"2";"2";"0";""
"202100033660";"141Â 595";"A01";"2";"10";"0";"2";"3";"1";"1";""
"202100033660";"141Â 596";"B01";"1";"7";"0";"2";"2";"1";"1";""
"202100033661";"141Â 594";"A01";"3";"7";"0";"1";"0";"0";"1";""
"202100033662";"141Â 593";"SA01";"2";"10";"6";"0";"1";"26";"1";""
"202100033663";"141Â 592";"A01";"3";"7";"11";"0";"3";"13";"1";""
"202100033664";"141Â 589";"A01";"1";"33";"0";"2";"1";"26";"1";""
"202100033664";"141Â 590";"B01";"1";"7";"0";"2";"4";"2";"1";""
"202100033664";"141Â 591";"C01";"1";"7";"0";"2";"4";"2";"1";""
"202100033665";"141Â 587";"A01";"1";"7";"0";"2";"1";"2";"1";""
"202100033665";"141Â 588";"B01";"1";"7";"0";"2";"4";"16";"1";""
"202100033666";"141Â 584";"C01";"0";"7";"0";"0";"0";"0";"1";""
"202100033666";"141Â 585";"B01";"0";"7";"0";"0";"0";"0";"1";""
"202100033666";"141Â 586";"A01";"0";"7";"0";"2";"4";"20";"1";""
"202100033667";"141Â 582";"A01";"3";"37";"0";"2";"1";"1";"1";"1"
"202100033667";"141Â 583";"B01";"3";"7";"0";"0";"4";"2";"1";""
"202100033668";"141Â 580";"B01";"2";"1";"0";"2";"7";"12";"0";""
"202100033668";"141Â 581";"A01";"2";"43";"0";"2";"1";"1";"1";""
"202100033669";"141Â 579";"A01";"1";"2";"0";"2";"0";"0";"1";""
"202100033670";"141Â 578";"A01";"1";"7";"0";"9";"3";"15";"1";""
"202100033671";"141Â 576";"A01";"3";"7";"0";"2";"1";"21";"1";""
"202100033671";"141Â 577";"B01";"1";"7";"0";"2";"1";"2";"1";""
"202100033672";"141Â 574";"B01";"1";"50";"0";"2";"2";"1";"3";""
"202100033672";"141Â 575";"A01";"1";"10";"0";"9";"3";"20";"1";""
"202100033673";"141Â 572";"B01";"1";"15";"0";"2";"3";"15";"1";""
"202100033673";"141Â 573";"A01";"2";"7";"0";"2";"3";"1";"1";""
"202100033674";"141Â 571";"A01";"2";"1";"0";"0";"0";"0";"5";""
"202100033675";"141Â 569";"B01";"1";"7";"0";"2";"6";"15";"1";""
"202100033675";"141Â 570";"A01";"1";"32";"0";"2";"0";"17";"1";""
"202100033676";"141Â 567";"A01";"3";"7";"0";"2";"4";"23";"1";""
"202100033676";"141Â 568";"B01";"3";"15";"0";"2";"2";"1";"1";""
"202100033677";"141Â 565";"B01";"3";"37";"0";"2";"2";"16";"1";"1"
"202100033677";"141Â 566";"A01";"3";"32";"0";"2";"8";"18";"1";""
"202100033678";"141Â 563";"B01";"0";"2";"0";"2";"1";"1";"1";""
"202100033678";"141Â 564";"A01";"0";"3";"0";"2";"5";"9";"1";""
"202100033679";"141Â 561";"A01";"1";"7";"0";"2";"4";"23";"1";""
"202100033679";"141Â 562";"B01";"1";"60";"1";"0";"1";"1";"5";""
"202100033680";"141Â 559";"B01";"1";"1";"0";"2";"0";"0";"6";""
"202100033680";"141Â 560";"A01";"1";"30";"0";"2";"0";"15";"1";""
"202100033681";"141Â 558";"A01";"1";"50";"0";"0";"1";"1";"3";""
"202100033682";"141Â 557";"A01";"0";"80";"8";"0";"1";"0";"3";""
"202100033683";"141Â 556";"A01";"1";"60";"0";"0";"0";"15";"5";""
"202100033684";"141Â 554";"B01";"1";"7";"0";"2";"4";"1";"1";""
"202100033684";"141Â 555";"A01";"1";"30";"0";"2";"1";"2";"1";""
"202100033685";"141Â 551";"A01";"1";"7";"0";"2";"1";"2";"1";""
"202100033685";"141Â 552";"B01";"1";"7";"0";"2";"4";"1";"1";""
"202100033685";"141Â 553";"C01";"1";"7";"0";"2";"1";"2";"1";""
"202100033686";"141Â 549";"A01";"1";"7";"0";"2";"5";"10";"2";""
"202100033686";"141Â 550";"B01";"2";"33";"0";"2";"1";"1";"1";""
"202100033687";"141Â 548";"A01";"2";"30";"0";"1";"8";"2";"3";""
"202100033688";"141Â 546";"A01";"2";"7";"0";"2";"3";"9";"1";""
"202100033688";"141Â 547";"B01";"2";"80";"0";"2";"7";"1";"3";""
"202100033689";"141Â 544";"A01";"1";"30";"0";"2";"7";"1";"1";""
"202100033689";"141Â 545";"B01";"1";"7";"0";"2";"1";"26";"1";""
"202100033690";"141Â 542";"A01";"2";"43";"0";"1";"1";"13";"1";""
"202100033690";"141Â 543";"B01";"0";"7";"0";"2";"3";"9";"1";""
"202100033691";"141Â 540";"A01";"2";"33";"0";"2";"1";"17";"1";""
"202100033691";"141Â 541";"B01";"2";"21";"0";"2";"3";"15";"1";""
"202100033692";"141Â 538";"A01";"1";"2";"0";"9";"0";"2";"0";""
"202100033692";"141Â 539";"B01";"2";"1";"0";"2";"4";"1";"5";""
"202100033693";"141Â 537";"A01";"2";"33";"13";"0";"7";"1";"1";""
"202100033694";"141Â 535";"A01";"2";"33";"0";"2";"6";"2";"1";""
"202100033694";"141Â 536";"B01";"2";"3";"0";"2";"6";"2";"1";""
"202100033695";"141Â 534";"A01";"0";"17";"0";"1";"5";"4";"1";""
"202100033696";"141Â 532";"B01";"2";"1";"0";"2";"1";"1";"5";""
"202100033696";"141Â 533";"A01";"1";"7";"0";"2";"2";"15";"1";""
"202100033697";"141Â 530";"B01";"1";"2";"0";"2";"1";"1";"1";""
"202100033697";"141Â 531";"A01";"1";"7";"0";"2";"6";"15";"1";""
"202100033698";"141Â 529";"A01";"1";"7";"8";"0";"3";"1";"1";""
"202100033699";"141Â 528";"A01";"1";"7";"0";"0";"0";"1";"1";""
"202100033700";"141Â 526";"A01";"1";"7";"0";"2";"2";"1";"1";""
"202100033700";"141Â 527";"B01";"1";"14";"0";"0";"6";"2";"1";""
"202100033701";"141Â 523";"A01";"1";"7";"0";"2";"3";"17";"1";""
"202100033701";"141Â 524";"B01";"1";"7";"13";"2";"8";"1";"1";""
"202100033701";"141Â 525";"C01";"2";"7";"0";"2";"3";"1";"1";""
"202100033702";"141Â 522";"A01";"2";"7";"13";"0";"0";"1";"1";""
"202100033703";"141Â 520";"A01";"1";"7";"0";"2";"1";"1";"1";""
"202100033703";"141Â 521";"B01";"2";"7";"0";"2";"1";"1";"1";""
"202100033704";"141Â 518";"A01";"1";"7";"0";"2";"7";"13";"1";""
"202100033704";"141Â 519";"B01";"2";"10";"0";"2";"1";"1";"1";""
"202100033705";"141Â 517";"A01";"0";"33";"15";"0";"0";"1";"1";""
"202100033706";"141Â 515";"A01";"3";"7";"0";"2";"1";"19";"1";""
"202100033706";"141Â 516";"B01";"1";"2";"0";"2";"8";"1";"1";""
"202100033707";"141Â 513";"A01";"1";"7";"0";"2";"2";"17";"1";""
"202100033707";"141Â 514";"B01";"1";"1";"0";"2";"3";"11";"5";""
"202100033708";"141Â 511";"B01";"2";"10";"0";"2";"8";"1";"1";""
"202100033708";"141Â 512";"A01";"1";"2";"0";"2";"8";"1";"1";""
"202100033709";"141Â 509";"B01";"2";"7";"0";"2";"5";"11";"1";""
"202100033709";"141Â 510";"A01";"2";"33";"0";"2";"1";"17";"1";""
"202100033710";"141Â 507";"B01";"1";"7";"0";"2";"3";"1";"1";""
"202100033710";"141Â 508";"A01";"2";"7";"0";"2";"3";"1";"1";""
"202100033711";"141Â 505";"A01";"2";"2";"0";"2";"1";"19";"1";""
"202100033711";"141Â 506";"B01";"2";"7";"0";"2";"3";"1";"1";""
"202100033712";"141Â 504";"A01";"2";"7";"6";"0";"1";"1";"1";""
"202100033713";"141Â 503";"A01";"1";"2";"9";"0";"1";"6";"1";""
"202100033714";"141Â 498";"A01";"2";"33";"13";"0";"3";"17";"1";""
"202100033715";"141Â 497";"A01";"2";"7";"6";"0";"1";"0";"1";""
"202100033716";"141Â 496";"A01";"1";"7";"17";"0";"2";"1";"1";""
"202100033717";"141Â 495";"A01";"2";"33";"2";"0";"2";"1";"1";""
"202100033718";"141Â 493";"B01";"1";"7";"0";"2";"3";"1";"1";""
"202100033718";"141Â 494";"A01";"2";"7";"0";"2";"8";"13";"1";""
"202100033719";"141Â 492";"A01";"1";"2";"0";"0";"0";"14";"1";""
"202100033720";"141Â 487";"A01";"1";"7";"0";"2";"1";"2";"1";""
"202100033720";"141Â 488";"C01";"1";"7";"0";"2";"4";"23";"1";""
"202100033720";"141Â 489";"B01";"1";"7";"0";"2";"4";"23";"1";""
"202100033721";"141Â 486";"A01";"1";"1";"0";"0";"9";"1";"5";""
"202100033722";"141Â 485";"A01";"2";"10";"3";"0";"2";"2";"1";""
"202100033723";"141Â 484";"A01";"3";"33";"0";"0";"0";"23";"1";""
"202100033724";"141Â 482";"A01";"1";"7";"13";"2";"3";"1";"1";""
"202100033724";"141Â 483";"B01";"2";"1";"0";"2";"1";"13";"5";""
"202100033725";"141Â 480";"A01";"2";"7";"0";"2";"5";"15";"1";""
"202100033725";"141Â 481";"B01";"1";"31";"0";"2";"1";"1";"1";""