"Num_Acc";"id_vehicule";"num_veh";"senc";"catv";"obs";"obsm";"choc";"manv";"motor";"occutc"
"202100033726";"141Â 478";"B01";"2";"7";"0";"2";"3";"1";"2";""
"202100033726";"141Â 479";"A01";"1";"7";"0";"2";"3";"13";"1";""
"202100033727";"141Â 477";"A01";"2";"7";"13";"0";"2";"26";"1";""
"202100033728";"141Â 476";"A01";"1";"7";"6";"0";"1";"5";"1";""
"202100033729";"141Â 474";"B01";"1";"7";"0";"2";"1";"1";"1";""
"202100033729";"141Â 475";"A01";"2";"7";"0";"2";"1";"13";"1";""
"202100033730";"141Â 472";"A01";"1";"7";"0";"2";"7";"26";"1";""
"202100033730";"141Â 473";"B01";"2";"7";"0";"2";"3";"26";"1";""
"202100033731";"141Â 471";"A01";"3";"7";"0";"0";"0";"1";"1";""
"202100033732";"141Â 469";"A01";"2";"7";"0";"0";"0";"15";"1";""
"202100033732";"141Â 470";"B01";"1";"2";"0";"0";"0";"13";"1";""
"202100033733";"141Â 468";"A01";"3";"1";"12";"0";"1";"1";"0";""
"202100033734";"141Â 467";"A01";"2";"7";"14";"0";"3";"1";"1";""
"202100033735";"141Â 466";"A01";"1";"7";"13";"0";"1";"1";"1";""
"202100033736";"141Â 464";"B01";"3";"7";"0";"2";"7";"1";"1";""
"202100033736";"141Â 465";"A01";"3";"50";"0";"2";"1";"26";"3";""
"202100033737";"141Â 463";"A01";"2";"7";"2";"0";"1";"0";"1";""
"202100033738";"141Â 462";"A01";"2";"33";"0";"0";"2";"1";"1";""
"202100033739";"141Â 461";"A01";"1";"7";"8";"0";"8";"1";"1";""
"202100033740";"141Â 459";"B01";"1";"1";"0";"2";"1";"1";"5";""
"202100033740";"141Â 460";"A01";"1";"7";"0";"2";"3";"15";"1";""
"202100033741";"141Â 458";"A01";"1";"1";"0";"1";"2";"1";"5";""
"202100033742";"141Â 456";"A01";"1";"7";"0";"2";"3";"11";"1";""
"202100033742";"141Â 457";"B01";"2";"7";"0";"2";"1";"1";"1";""
"202100033743";"141Â 455";"A01";"2";"2";"0";"0";"0";"5";"1";""
"202100033744";"141Â 453";"B01";"2";"7";"0";"2";"2";"15";"1";""
"202100033744";"141Â 454";"A01";"1";"2";"0";"2";"1";"1";"1";""
"202100033745";"141Â 451";"A01";"3";"2";"0";"2";"2";"1";"1";""
"202100033745";"141Â 452";"B01";"3";"7";"0";"0";"6";"9";"1";""
"202100033746";"141Â 449";"A01";"1";"33";"0";"2";"1";"5";"1";""
"202100033746";"141Â 450";"B01";"2";"7";"0";"2";"3";"5";"1";""
"202100033747";"141Â 447";"B01";"2";"7";"0";"2";"8";"1";"1";""
"202100033747";"141Â 448";"A01";"1";"10";"0";"2";"3";"13";"1";""
"202100033748";"141Â 446";"A01";"1";"33";"8";"0";"0";"0";"1";""
"202100033749";"141Â 444";"B01";"1";"2";"0";"2";"1";"5";"1";""
"202100033749";"141Â 445";"A01";"2";"7";"0";"2";"2";"1";"1";""
"202100033750";"141Â 443";"A01";"1";"33";"7";"0";"9";"1";"1";""
"202100033751";"141Â 442";"A01";"2";"7";"16";"0";"0";"26";"1";""
"202100033752";"141Â 440";"B01";"2";"43";"0";"2";"3";"1";"1";""
"202100033752";"141Â 441";"A01";"1";"7";"0";"2";"3";"13";"1";""
"202100033753";"141Â 437";"A01";"2";"17";"0";"2";"4";"2";"1";""
"202100033753";"141Â 438";"B01";"2";"10";"0";"2";"1";"2";"1";""
"202100033753";"141Â 439";"C01";"2";"7";"0";"2";"1";"2";"1";""
"202100033754";"141Â 435";"T01";"0";"7";"0";"0";"0";"0";"1";""
"202100033754";"141Â 436";"A01";"1";"7";"4";"0";"1";"2";"1";""
"202100033755";"141Â 433";"A01";"1";"7";"0";"0";"2";"11";"1";""
"202100033755";"141Â 434";"B01";"1";"15";"0";"0";"6";"0";"1";""
"202100033756";"141Â 432";"A01";"2";"7";"4";"0";"1";"14";"1";""
"202100033757";"141Â 431";"A01";"1";"43";"8";"0";"2";"9";"1";""
"202100033758";"141Â 429";"A01";"1";"32";"0";"2";"7";"3";"1";""
"202100033758";"141Â 430";"Z01";"1";"7";"0";"2";"0";"0";"0";""
"202100033759";"141Â 428";"A01";"1";"7";"3";"0";"2";"1";"1";""
"202100033760";"141Â 427";"A01";"1";"15";"0";"2";"0";"26";"1";""
"202100033761";"141Â 425";"B01";"1";"7";"0";"2";"4";"2";"1";""
"202100033761";"141Â 426";"A01";"1";"7";"0";"2";"1";"2";"1";""
"202100033762";"141Â 422";"A01";"2";"7";"0";"2";"2";"12";"1";""
"202100033762";"141Â 423";"B01";"2";"17";"0";"2";"3";"1";"1";""
"202100033762";"141Â 424";"C01";"2";"7";"0";"2";"1";"1";"1";""
"202100033763";"141Â 419";"B01";"2";"10";"0";"2";"4";"2";"1";""
"202100033763";"141Â 420";"A01";"2";"7";"0";"2";"1";"2";"1";""
"202100033763";"141Â 421";"C01";"2";"10";"0";"2";"4";"2";"1";""
"202100033764";"141Â 418";"A01";"1";"7";"3";"0";"1";"26";"1";""
"202100033765";"141Â 416";"A01";"1";"7";"3";"0";"5";"26";"1";""
"202100033765";"141Â 417";"Z01";"1";"7";"0";"2";"1";"0";"0";""
"202100033766";"141Â 415";"A01";"1";"33";"3";"0";"7";"1";"1";""
"202100033767";"141Â 414";"A01";"2";"30";"0";"1";"1";"1";"1";""
"202100033768";"141Â 413";"A01";"1";"10";"0";"1";"1";"2";"1";""
"202100033769";"141Â 411";"A01";"1";"7";"0";"2";"3";"1";"1";""
"202100033769";"141Â 412";"B01";"1";"50";"0";"2";"1";"15";"3";""
"202100033770";"141Â 409";"B01";"2";"30";"6";"0";"0";"0";"1";""
"202100033770";"141Â 410";"A01";"2";"30";"0";"2";"0";"9";"1";""
"202100033771";"141Â 406";"A01";"1";"30";"0";"2";"9";"17";"1";""
"202100033771";"141Â 407";"B01";"1";"7";"0";"2";"8";"15";"1";""
"202100033771";"141Â 408";"C01";"1";"7";"0";"2";"1";"0";"1";""
"202100033772";"141Â 404";"A01";"3";"50";"0";"2";"8";"15";"3";""
"202100033772";"141Â 405";"B01";"1";"7";"0";"2";"1";"1";"1";""
"202100033773";"141Â 402";"B01";"1";"2";"0";"2";"7";"16";"1";""
"202100033773";"141Â 403";"A01";"2";"7";"0";"2";"3";"9";"1";""
"202100033774";"141Â 400";"A01";"1";"7";"0";"9";"6";"13";"1";""
"202100033774";"141Â 401";"B01";"2";"2";"0";"2";"2";"1";"1";""
"202100033775";"141Â 398";"A01";"1";"7";"0";"4";"2";"2";"1";""
"202100033775";"141Â 399";"B01";"1";"40";"0";"2";"8";"19";"0";""
"202100033776";"141Â 395";"A01";"1";"10";"0";"2";"1";"1";"1";""
"202100033776";"141Â 396";"C01";"2";"7";"0";"2";"2";"0";"1";""
"202100033776";"141Â 397";"B01";"2";"7";"0";"2";"1";"23";"1";""
"202100033777";"141Â 393";"B01";"2";"7";"0";"2";"4";"15";"1";""
"202100033777";"141Â 394";"A01";"2";"37";"0";"2";"1";"1";"1";"1"
"202100033778";"141Â 391";"B01";"2";"40";"1";"0";"7";"1";"3";""
"202100033778";"141Â 392";"A01";"1";"10";"0";"4";"7";"24";"1";""
"202100033779";"141Â 389";"A01";"2";"13";"0";"2";"3";"15";"1";""
"202100033779";"141Â 390";"B01";"1";"32";"0";"2";"0";"1";"1";""
"202100033780";"141Â 387";"A01";"2";"7";"0";"2";"1";"2";"1";""
"202100033780";"141Â 388";"B01";"1";"14";"0";"2";"7";"2";"1";""
"202100033781";"141Â 385";"A01";"2";"1";"0";"2";"1";"9";"5";""
"202100033781";"141Â 386";"B01";"2";"7";"0";"2";"2";"2";"1";""
"202100033782";"141Â 383";"B01";"1";"32";"0";"2";"7";"1";"1";""
"202100033782";"141Â 384";"A01";"1";"7";"0";"2";"7";"15";"1";""
"202100033783";"141Â 382";"A01";"2";"14";"4";"1";"7";"14";"1";""
"202100033784";"141Â 381";"A01";"1";"7";"0";"1";"1";"9";"1";""
"202100033785";"141Â 380";"A01";"3";"7";"0";"1";"3";"2";"1";""
"202100033786";"141Â 379";"A01";"1";"7";"0";"2";"2";"1";"1";""
"202100033787";"141Â 377";"A01";"2";"7";"0";"2";"2";"17";"1";""
"202100033787";"141Â 378";"B01";"3";"50";"0";"2";"6";"0";"3";""
"202100033788";"141Â 376";"A01";"1";"7";"1";"0";"4";"14";"1";""
"202100033789";"141Â 374";"B01";"1";"32";"0";"2";"9";"12";"1";""
"202100033789";"141Â 375";"A01";"1";"17";"0";"2";"1";"1";"1";""
"202100033790";"141Â 372";"A01";"3";"7";"0";"2";"7";"9";"1";""
"202100033790";"141Â 373";"B01";"3";"7";"15";"2";"9";"15";"1";""
"202100033791";"141Â 370";"B01";"1";"32";"0";"2";"1";"2";"1";""
"202100033791";"141Â 371";"A01";"1";"7";"0";"2";"3";"5";"1";""
"202100033792";"141Â 367";"C01";"2";"15";"0";"2";"3";"1";"1";""
"202100033792";"141Â 368";"A01";"2";"7";"0";"2";"8";"9";"1";""
"202100033792";"141Â 369";"B01";"2";"7";"0";"2";"3";"1";"1";""
"202100033793";"141Â 365";"A01";"1";"7";"0";"2";"4";"26";"1";""
"202100033793";"141Â 366";"B01";"1";"34";"0";"0";"4";"23";"1";""
"202100033794";"141Â 361";"B01";"1";"33";"0";"2";"1";"1";"1";""
"202100033794";"141Â 362";"A01";"2";"7";"0";"2";"3";"19";"1";""
"202100033795";"141Â 359";"B01";"2";"33";"0";"2";"1";"0";"1";""
"202100033795";"141Â 360";"A01";"2";"7";"0";"2";"6";"15";"1";""
"202100033796";"141Â 357";"A01";"1";"10";"15";"2";"0";"9";"1";""
"202100033796";"141Â 358";"B01";"1";"7";"2";"2";"0";"0";"1";""
"202100033797";"141Â 353";"A01";"0";"7";"0";"2";"1";"1";"1";""
"202100033797";"141Â 354";"B01";"0";"7";"0";"2";"4";"0";"1";""
"202100033797";"141Â 355";"C01";"0";"7";"0";"2";"4";"0";"1";""
"202100033797";"141Â 356";"D01";"0";"7";"0";"2";"4";"0";"1";""
"202100033798";"141Â 350";"C01";"1";"7";"0";"2";"1";"1";"1";""
"202100033798";"141Â 351";"B01";"1";"10";"0";"2";"1";"1";"1";""
"202100033798";"141Â 352";"A01";"1";"10";"0";"2";"4";"1";"1";""
"202100033799";"141Â 348";"B01";"1";"7";"0";"2";"2";"1";"1";""
"202100033799";"141Â 349";"A01";"1";"7";"0";"2";"6";"11";"1";""
"202100033800";"141Â 345";"A01";"2";"7";"0";"1";"7";"1";"1";""
"202100033801";"141Â 343";"B01";"0";"7";"0";"2";"3";"0";"1";""
"202100033801";"141Â 344";"A01";"0";"2";"0";"2";"1";"1";"1";""
"202100033802";"141Â 342";"A01";"3";"7";"0";"0";"1";"14";"1";""
"202100033803";"141Â 340";"A01";"1";"7";"0";"9";"1";"26";"1";""
"202100033803";"141Â 341";"B01";"2";"1";"0";"2";"1";"25";"0";""
"202100033804";"141Â 338";"B01";"3";"32";"0";"2";"0";"26";"0";""
"202100033804";"141Â 339";"A01";"3";"32";"0";"2";"0";"0";"0";""
"202100033805";"141Â 336";"B01";"1";"1";"0";"2";"8";"1";"5";""
"202100033805";"141Â 337";"A01";"2";"7";"0";"2";"2";"1";"1";""
"202100033806";"141Â 334";"A01";"1";"7";"0";"2";"2";"15";"1";""
"202100033806";"141Â 335";"B01";"2";"2";"0";"2";"3";"1";"1";""
"202100033807";"141Â 332";"B01";"2";"1";"0";"2";"8";"1";"5";""
"202100033807";"141Â 333";"A01";"1";"7";"0";"2";"2";"1";"1";""
"202100033808";"141Â 330";"B01";"0";"43";"0";"2";"7";"17";"1";""
"202100033808";"141Â 331";"A01";"0";"7";"0";"2";"8";"15";"1";""
"202100033809";"141Â 328";"A01";"3";"50";"0";"2";"7";"19";"3";""
"202100033809";"141Â 329";"B01";"1";"7";"0";"2";"1";"1";"1";""
"202100033810";"141Â 326";"A01";"3";"7";"0";"2";"8";"19";"1";""
"202100033810";"141Â 327";"B01";"1";"30";"0";"2";"1";"1";"1";""
"202100033811";"141Â 324";"B01";"2";"7";"0";"2";"1";"1";"1";""
"202100033811";"141Â 325";"A01";"1";"10";"0";"2";"2";"15";"1";""
"202100033812";"141Â 322";"A01";"1";"7";"0";"0";"0";"15";"1";""
"202100033812";"141Â 323";"B01";"1";"31";"0";"2";"0";"1";"1";""
"202100033813";"141Â 319";"B01";"3";"34";"0";"2";"7";"1";"1";""
"202100033813";"141Â 320";"A01";"3";"7";"0";"2";"1";"9";"2";""
"202100033813";"141Â 321";"C01";"3";"7";"0";"2";"1";"23";"1";""
"202100033814";"141Â 317";"B01";"1";"7";"0";"2";"1";"1";"1";""
"202100033814";"141Â 318";"A01";"2";"7";"0";"2";"1";"13";"1";""
"202100033815";"141Â 315";"B01";"2";"7";"0";"2";"3";"15";"1";""
"202100033815";"141Â 316";"A01";"3";"2";"0";"2";"1";"13";"1";""
"202100033816";"141Â 314";"A01";"2";"1";"0";"0";"0";"16";"5";""
"202100033817";"141Â 312";"A01";"1";"7";"1";"2";"1";"1";"1";""
"202100033817";"141Â 313";"B01";"1";"7";"1";"0";"1";"20";"1";""
"202100033818";"141Â 310";"B01";"2";"99";"0";"2";"3";"26";"0";""
"202100033818";"141Â 311";"A01";"2";"7";"0";"2";"2";"26";"0";""
"202100033819";"141Â 309";"A01";"3";"7";"0";"1";"1";"1";"1";""
"202100033820";"141Â 307";"Z01";"2";"7";"0";"2";"1";"1";"1";""
"202100033820";"141Â 308";"A01";"3";"2";"0";"0";"4";"23";"1";""
"202100033821";"141Â 305";"B01";"2";"33";"0";"2";"1";"1";"1";""
"202100033821";"141Â 306";"A01";"1";"7";"0";"2";"1";"15";"1";""
"202100033822";"141Â 303";"A01";"1";"7";"0";"2";"3";"9";"2";""
"202100033822";"141Â 304";"B01";"1";"33";"0";"2";"1";"21";"1";""
"202100033823";"141Â 301";"B01";"1";"7";"0";"2";"3";"26";"1";""
"202100033823";"141Â 302";"A01";"1";"7";"0";"2";"7";"1";"1";""
"202100033824";"141Â 300";"A01";"1";"7";"0";"1";"2";"15";"1";""
"202100033825";"141Â 295";"B01";"0";"60";"0";"2";"7";"19";"5";""
"202100033825";"141Â 296";"A01";"1";"30";"0";"2";"1";"19";"1";""
"202100033826";"141Â 294";"A01";"0";"10";"0";"1";"4";"26";"1";""
"202100033827";"141Â 292";"B01";"0";"14";"0";"2";"3";"1";"1";""
"202100033827";"141Â 293";"A01";"0";"7";"0";"2";"5";"17";"1";""
"202100033828";"141Â 290";"A01";"1";"7";"0";"2";"3";"9";"1";""
"202100033828";"141Â 291";"B01";"1";"1";"0";"2";"3";"19";"5";""
"202100033829";"141Â 288";"A01";"1";"33";"0";"2";"1";"18";"1";""
"202100033829";"141Â 289";"B01";"1";"7";"0";"2";"2";"16";"1";""
"202100033830";"141Â 286";"A01";"1";"7";"0";"2";"2";"1";"1";""
"202100033830";"141Â 287";"B01";"1";"50";"0";"2";"8";"15";"3";""
"202100033831";"141Â 284";"A01";"1";"7";"0";"2";"1";"1";"2";""
"202100033831";"141Â 285";"B01";"1";"7";"0";"2";"4";"1";"1";""
"202100033832";"141Â 283";"A01";"1";"10";"0";"1";"5";"4";"1";""
"202100033833";"141Â 282";"A01";"1";"7";"15";"0";"2";"1";"1";""
"202100033834";"141Â 280";"A01";"0";"2";"0";"2";"8";"16";"1";""
"202100033834";"141Â 281";"B01";"0";"7";"0";"2";"2";"1";"1";""
"202100033835";"141Â 278";"B01";"2";"32";"0";"2";"1";"1";"1";""
"202100033835";"141Â 279";"A01";"1";"7";"0";"2";"2";"15";"1";""
"202100033836";"141Â 276";"B01";"3";"40";"0";"2";"2";"19";"3";""
"202100033836";"141Â 277";"A01";"3";"50";"0";"4";"1";"1";"3";""
"202100033837";"141Â 274";"A01";"3";"7";"0";"2";"3";"13";"1";""
"202100033837";"141Â 275";"B01";"3";"7";"0";"2";"3";"1";"1";""
"202100033838";"141Â 273";"A01";"2";"7";"13";"0";"1";"13";"1";""
"202100033839";"141Â 271";"A01";"3";"7";"0";"2";"1";"16";"1";""
"202100033839";"141Â 272";"B01";"1";"80";"0";"2";"9";"1";"3";""
"202100033840";"141Â 269";"B01";"0";"7";"0";"2";"1";"1";"1";""
"202100033840";"141Â 270";"A01";"0";"7";"0";"2";"1";"5";"1";""
"202100033841";"141Â 267";"A01";"0";"7";"0";"2";"7";"13";"1";""
"202100033841";"141Â 268";"B01";"0";"34";"0";"2";"7";"17";"1";""
"202100033842";"141Â 265";"A01";"1";"7";"0";"2";"7";"15";"1";""
"202100033842";"141Â 266";"B01";"2";"30";"0";"2";"1";"1";"1";""
"202100033843";"141Â 264";"A01";"2";"7";"2";"0";"0";"1";"1";""
"202100033844";"141Â 263";"A01";"3";"10";"0";"1";"1";"1";"1";""
"202100033845";"141Â 261";"A01";"3";"7";"0";"2";"3";"26";"1";""
"202100033845";"141Â 262";"B01";"1";"7";"0";"2";"7";"2";"1";""
"202100033846";"141Â 259";"A01";"2";"60";"0";"2";"1";"16";"5";""
"202100033846";"141Â 260";"B01";"2";"7";"0";"2";"8";"1";"1";""
"202100033847";"141Â 258";"A01";"1";"7";"13";"0";"1";"1";"1";""
"202100033848";"141Â 257";"A01";"1";"7";"13";"0";"9";"1";"1";""
"202100033849";"141Â 256";"A01";"3";"7";"4";"0";"1";"26";"1";""
"202100033850";"141Â 255";"A01";"1";"7";"0";"1";"2";"1";"1";""
"202100033851";"141Â 253";"B01";"1";"80";"0";"2";"1";"26";"3";""
"202100033851";"141Â 254";"A01";"1";"7";"0";"2";"8";"9";"1";""
"202100033852";"141Â 252";"A01";"1";"10";"15";"0";"1";"1";"1";""
"202100033853";"141Â 251";"A01";"2";"7";"2";"0";"1";"0";"1";""
"202100033854";"141Â 250";"A01";"0";"7";"0";"1";"1";"1";"1";""
"202100033855";"141Â 248";"B01";"3";"7";"0";"2";"4";"16";"1";""
"202100033855";"141Â 249";"A01";"3";"30";"0";"2";"1";"0";"1";""
"202100033856";"141Â 246";"B01";"3";"7";"0";"2";"1";"2";"1";""
"202100033856";"141Â 247";"A01";"3";"7";"0";"2";"7";"10";"1";""
"202100033857";"141Â 244";"B01";"3";"7";"0";"2";"3";"1";"1";""
"202100033857";"141Â 245";"A01";"3";"7";"0";"2";"1";"13";"1";""
"202100033858";"141Â 242";"B01";"0";"7";"0";"2";"1";"24";"1";""
"202100033858";"141Â 243";"A01";"0";"7";"1";"0";"1";"1";"1";""
"202100033859";"141Â 240";"B01";"3";"7";"0";"2";"4";"2";"1";""
"202100033859";"141Â 241";"A01";"3";"7";"0";"2";"4";"2";"1";""
"202100033860";"141Â 238";"Z01";"2";"7";"0";"2";"7";"15";"0";""
"202100033860";"141Â 239";"A01";"1";"7";"0";"2";"1";"1";"1";""
"202100033861";"141Â 236";"B01";"3";"31";"0";"2";"2";"0";"1";""
"202100033861";"141Â 237";"A01";"3";"7";"0";"2";"2";"9";"1";""
"202100033862";"141Â 234";"A01";"3";"43";"0";"2";"1";"26";"1";""
"202100033862";"141Â 235";"B01";"3";"7";"0";"2";"4";"21";"5";""
"202100033863";"141Â 232";"A01";"1";"7";"0";"2";"2";"15";"1";""
"202100033863";"141Â 233";"B01";"2";"31";"0";"2";"1";"2";"1";""
"202100033864";"141Â 230";"A01";"2";"33";"0";"2";"6";"16";"1";""
"202100033864";"141Â 231";"B01";"2";"1";"0";"2";"1";"1";"5";""
"202100033865";"141Â 228";"B01";"2";"2";"0";"2";"1";"1";"1";""
"202100033865";"141Â 229";"A01";"2";"7";"0";"2";"3";"19";"1";""
"202100033866";"141Â 226";"A01";"1";"7";"0";"2";"1";"2";"1";""
"202100033866";"141Â 227";"B01";"1";"2";"0";"2";"4";"1";"1";""
"202100033867";"141Â 224";"B01";"2";"7";"0";"2";"9";"15";"1";""
"202100033867";"141Â 225";"A01";"2";"15";"0";"2";"8";"13";"0";""
"202100033868";"141Â 222";"B01";"3";"7";"0";"2";"3";"15";"1";""
"202100033868";"141Â 223";"A01";"3";"33";"0";"2";"7";"17";"1";""
"202100033869";"141Â 220";"B01";"1";"7";"15";"0";"8";"1";"1";""
"202100033869";"141Â 221";"A01";"2";"7";"15";"0";"8";"1";"1";""
"202100033870";"141Â 218";"B01";"1";"10";"0";"2";"5";"1";"1";""
"202100033870";"141Â 219";"A01";"1";"33";"0";"2";"1";"3";"1";""
"202100033871";"141Â 215";"A01";"1";"33";"0";"2";"3";"3";"1";""
"202100033871";"141Â 216";"B01";"1";"7";"0";"2";"5";"23";"1";""
"202100033871";"141Â 217";"C01";"1";"7";"0";"2";"6";"1";"1";""
"202100033872";"141Â 213";"B01";"1";"7";"0";"2";"6";"1";"1";""
"202100033872";"141Â 214";"A01";"1";"33";"0";"2";"2";"13";"1";""
"202100033873";"141Â 211";"A01";"1";"7";"0";"2";"3";"15";"1";""
"202100033873";"141Â 212";"B01";"1";"33";"0";"2";"1";"5";"1";""
"202100033874";"141Â 210";"Z01";"1";"50";"0";"1";"1";"1";"3";""
"202100033875";"141Â 208";"A01";"2";"7";"0";"2";"3";"9";"1";""
"202100033875";"141Â 209";"B01";"1";"1";"0";"2";"1";"5";"5";""
"202100033876";"141Â 206";"B01";"2";"1";"0";"2";"1";"1";"5";""
"202100033876";"141Â 207";"A01";"2";"7";"0";"2";"3";"15";"2";""
"202100033877";"141Â 205";"A01";"2";"10";"0";"1";"2";"1";"1";""
"202100033878";"141Â 204";"A01";"2";"7";"0";"1";"4";"4";"1";""
"202100033879";"141Â 203";"A01";"1";"37";"0";"1";"2";"20";"1";"1"
"202100033880";"141Â 202";"Z01";"2";"10";"0";"1";"2";"20";"1";""
"202100033881";"141Â 200";"B01";"1";"1";"0";"2";"1";"1";"5";""
"202100033881";"141Â 201";"A01";"1";"10";"0";"2";"7";"16";"1";""
"202100033882";"141Â 198";"A01";"2";"7";"0";"2";"6";"2";"2";""
"202100033882";"141Â 199";"B01";"2";"50";"0";"2";"1";"2";"3";""
"202100033883";"141Â 196";"A01";"3";"30";"0";"2";"1";"15";"1";""
"202100033883";"141Â 197";"B01";"1";"10";"0";"2";"3";"1";"1";""
"202100033884";"141Â 194";"A01";"1";"10";"0";"2";"0";"16";"1";""
"202100033884";"141Â 195";"B01";"1";"32";"0";"2";"5";"14";"1";""
"202100033885";"141Â 192";"Z01";"1";"7";"0";"2";"4";"1";"1";""
"202100033885";"141Â 193";"B01";"1";"1";"0";"2";"4";"1";"5";""
"202100033886";"141Â 190";"A01";"1";"30";"0";"2";"8";"13";"1";""
"202100033886";"141Â 191";"B01";"1";"7";"0";"2";"8";"26";"1";""
"202100033887";"141Â 188";"A01";"2";"7";"0";"2";"2";"15";"1";""
"202100033887";"141Â 189";"B01";"1";"31";"0";"2";"1";"16";"1";""
"202100033888";"141Â 186";"A01";"3";"10";"0";"2";"1";"16";"1";""
"202100033888";"141Â 187";"B01";"0";"7";"0";"2";"7";"1";"0";""
"202100033889";"141Â 185";"A01";"1";"7";"15";"0";"1";"15";"1";""
"202100033890";"141Â 183";"B01";"1";"10";"0";"2";"3";"1";"1";""
"202100033890";"141Â 184";"A01";"2";"10";"0";"2";"3";"13";"1";""
"202100033891";"141Â 181";"B01";"1";"7";"0";"2";"7";"23";"2";""
"202100033891";"141Â 182";"A01";"1";"7";"0";"2";"4";"20";"1";""
"202100033892";"141Â 179";"A01";"3";"34";"12";"2";"1";"19";"1";""
"202100033892";"141Â 180";"B01";"3";"10";"0";"2";"7";"1";"1";""
"202100033893";"141Â 177";"A01";"1";"37";"0";"9";"7";"15";"4";"1"
"202100033893";"141Â 178";"B01";"1";"50";"0";"2";"8";"2";"3";""
"202100033894";"141Â 175";"A01";"1";"7";"0";"2";"1";"2";"1";""
"202100033894";"141Â 176";"B01";"1";"7";"0";"2";"4";"20";"1";""
"202100033895";"141Â 173";"A01";"3";"7";"0";"2";"7";"15";"1";""
"202100033895";"141Â 174";"B01";"3";"37";"0";"2";"0";"0";"1";"1"
"202100033896";"141Â 171";"A01";"2";"7";"0";"2";"8";"15";"1";""
"202100033896";"141Â 172";"B01";"2";"33";"0";"2";"1";"1";"1";""
"202100033897";"141Â 169";"A01";"3";"7";"0";"2";"1";"15";"1";""
"202100033897";"141Â 170";"B01";"0";"99";"0";"0";"0";"0";"0";""
"202100033898";"141Â 167";"B01";"2";"7";"0";"2";"1";"5";"1";""
"202100033898";"141Â 168";"A01";"1";"7";"0";"2";"3";"1";"1";""
"202100033899";"141Â 166";"A01";"2";"30";"1";"0";"1";"18";"1";""
"202100033900";"141Â 164";"A01";"1";"2";"0";"2";"1";"16";"1";""
"202100033900";"141Â 165";"B01";"2";"7";"0";"2";"0";"0";"0";""
"202100033901";"141Â 162";"A01";"2";"7";"0";"2";"5";"15";"2";""
"202100033901";"141Â 163";"B01";"1";"33";"0";"2";"1";"1";"1";""
"202100033902";"141Â 160";"Y01";"2";"60";"1";"1";"1";"19";"5";""
"202100033902";"141Â 161";"A01";"2";"60";"1";"1";"1";"5";"5";""
"202100033903";"141Â 159";"A01";"2";"34";"2";"0";"1";"18";"1";""
"202100033904";"141Â 158";"A01";"2";"7";"0";"1";"3";"15";"1";""
"202100033905";"141Â 156";"B01";"1";"43";"0";"2";"4";"23";"1";""
"202100033905";"141Â 157";"A01";"1";"38";"0";"2";"1";"15";"1";"1"
"202100033906";"141Â 154";"B01";"2";"7";"0";"2";"1";"9";"1";""
"202100033906";"141Â 155";"A01";"2";"7";"0";"2";"2";"1";"1";""
"202100033907";"141Â 153";"A01";"1";"60";"0";"0";"0";"19";"5";""
"202100033908";"141Â 151";"B01";"1";"80";"0";"2";"1";"1";"3";""
"202100033908";"141Â 152";"A01";"3";"7";"0";"2";"3";"20";"1";""
"202100033909";"141Â 149";"B01";"2";"1";"0";"0";"0";"1";"0";""
"202100033909";"141Â 150";"A01";"1";"10";"0";"0";"0";"15";"1";""
"202100033910";"141Â 148";"A01";"2";"30";"0";"2";"0";"15";"1";""
"202100033911";"141Â 146";"A01";"1";"7";"0";"2";"3";"17";"1";""
"202100033911";"141Â 147";"B01";"2";"7";"0";"2";"3";"1";"1";""
"202100033912";"141Â 144";"B01";"1";"15";"0";"2";"1";"1";"1";""
"202100033912";"141Â 145";"A01";"2";"10";"0";"2";"2";"13";"1";""
"202100033913";"141Â 143";"A01";"1";"10";"0";"1";"1";"1";"1";""
"202100033914";"141Â 142";"A01";"1";"7";"2";"0";"1";"1";"1";""
"202100033915";"141Â 141";"A01";"2";"31";"0";"0";"1";"1";"1";""
"202100033916";"141Â 139";"A01";"1";"7";"0";"2";"7";"10";"1";""
"202100033916";"141Â 140";"B01";"2";"10";"0";"2";"1";"1";"1";""
"202100033917";"141Â 138";"A01";"1";"33";"0";"0";"0";"1";"1";""
"202100033918";"141Â 135";"A01";"2";"7";"0";"2";"4";"1";"1";""
"202100033918";"141Â 136";"B01";"2";"7";"0";"2";"4";"1";"1";""
"202100033918";"141Â 137";"C01";"2";"7";"0";"2";"1";"1";"1";""
"202100033919";"141Â 133";"A01";"3";"7";"0";"0";"7";"15";"1";""
"202100033919";"141Â 134";"B01";"2";"33";"0";"2";"1";"4";"1";""
"202100033920";"141Â 130";"B01";"1";"7";"8";"2";"0";"26";"1";""
"202100033920";"141Â 131";"A01";"1";"7";"0";"2";"0";"26";"1";""
"202100033921";"141Â 128";"B01";"1";"7";"0";"2";"1";"19";"1";""
"202100033921";"141Â 129";"A01";"1";"2";"0";"2";"8";"1";"1";""
"202100033922";"141Â 126";"B01";"2";"2";"0";"2";"4";"1";"1";""
"202100033922";"141Â 127";"A01";"2";"7";"0";"2";"1";"12";"1";""
"202100033923";"141Â 125";"A01";"1";"7";"2";"0";"9";"1";"1";""