"Num_Acc";"id_vehicule";"num_veh";"senc";"catv";"obs";"obsm";"choc";"manv";"motor";"occutc"
"202100033924";"141Â 123";"B01";"3";"1";"0";"2";"3";"2";"5";""
"202100033924";"141Â 124";"A01";"3";"7";"0";"2";"5";"16";"1";""
"202100033925";"141Â 120";"A01";"1";"33";"0";"0";"8";"1";"1";""
"202100033926";"141Â 118";"A01";"2";"7";"0";"2";"7";"19";"2";""
"202100033926";"141Â 119";"B01";"2";"7";"0";"2";"8";"1";"1";""
"202100033927";"141Â 116";"B01";"2";"21";"0";"0";"6";"15";"1";""
"202100033927";"141Â 117";"A01";"2";"7";"0";"2";"2";"17";"1";""
"202100033928";"141Â 115";"A01";"0";"7";"0";"0";"0";"0";"1";""
"202100033929";"141Â 113";"A01";"1";"7";"0";"0";"8";"19";"1";""
"202100033929";"141Â 114";"B01";"2";"7";"0";"2";"1";"1";"1";""
"202100033930";"141Â 112";"A01";"2";"80";"0";"0";"0";"1";"3";""
"202100033931";"141Â 110";"A01";"2";"2";"0";"2";"1";"5";"1";""
"202100033931";"141Â 111";"B01";"1";"7";"0";"2";"3";"1";"1";""
"202100033932";"141Â 109";"A01";"3";"33";"16";"0";"0";"1";"1";""
"202100033933";"141Â 107";"A01";"1";"7";"0";"2";"1";"13";"1";""
"202100033933";"141Â 108";"B01";"2";"7";"0";"2";"1";"0";"1";""
"202100033934";"141Â 105";"A01";"2";"10";"0";"2";"7";"2";"1";""
"202100033934";"141Â 106";"B01";"2";"1";"0";"2";"3";"2";"5";""
"202100033935";"141Â 103";"A01";"2";"7";"0";"2";"3";"26";"1";""
"202100033935";"141Â 104";"B01";"1";"7";"0";"2";"3";"13";"1";""
"202100033936";"141Â 101";"A01";"1";"15";"0";"2";"2";"16";"1";""
"202100033936";"141Â 102";"B01";"1";"1";"0";"2";"8";"1";"5";""
"202100033937";"141Â 099";"B01";"1";"7";"0";"2";"3";"1";"1";""
"202100033937";"141Â 100";"A01";"3";"1";"0";"2";"1";"19";"5";""
"202100033938";"141Â 097";"B01";"1";"10";"0";"2";"1";"0";"1";""
"202100033938";"141Â 098";"A01";"1";"7";"0";"2";"3";"0";"1";""
"202100033939";"141Â 095";"A01";"1";"7";"5";"2";"7";"13";"1";""
"202100033939";"141Â 096";"B01";"2";"7";"0";"2";"1";"1";"1";""
"202100033940";"141Â 094";"A01";"2";"7";"6";"0";"1";"14";"1";""
"202100033941";"141Â 092";"A01";"1";"17";"0";"2";"6";"1";"1";""
"202100033941";"141Â 093";"B01";"2";"7";"0";"2";"3";"1";"1";""
"202100033942";"141Â 090";"A01";"1";"7";"0";"2";"1";"2";"1";""
"202100033942";"141Â 091";"B01";"1";"14";"0";"2";"4";"1";"1";""
"202100033943";"141Â 089";"A01";"1";"33";"10";"0";"1";"14";"1";""
"202100033944";"141Â 087";"A01";"1";"7";"0";"0";"4";"1";"1";""
"202100033944";"141Â 088";"B01";"1";"7";"0";"2";"1";"1";"1";""
"202100033945";"141Â 085";"B01";"1";"3";"0";"2";"1";"1";"3";""
"202100033945";"141Â 086";"A01";"2";"3";"0";"2";"1";"1";"3";""
"202100033946";"141Â 083";"A01";"2";"7";"0";"2";"7";"19";"1";""
"202100033946";"141Â 084";"B01";"1";"7";"0";"2";"1";"1";"1";""
"202100033947";"141Â 082";"A01";"2";"7";"0";"1";"8";"1";"2";""
"202100033948";"141Â 081";"A01";"1";"17";"0";"0";"6";"1";"1";""
"202100033949";"141Â 080";"A01";"2";"80";"0";"0";"8";"13";"3";""
"202100033950";"141Â 078";"B01";"1";"10";"0";"2";"3";"13";"1";""
"202100033950";"141Â 079";"A01";"2";"43";"0";"2";"1";"1";"1";""
"202100033951";"141Â 075";"A01";"1";"99";"0";"2";"8";"13";"1";""
"202100033951";"141Â 076";"C01";"2";"7";"0";"2";"8";"1";"1";""
"202100033951";"141Â 077";"B01";"2";"17";"0";"2";"8";"1";"1";""
"202100033952";"141Â 074";"A01";"1";"7";"2";"0";"2";"0";"1";""
"202100033953";"141Â 073";"A01";"3";"37";"0";"1";"5";"26";"1";"1"
"202100033954";"141Â 072";"A01";"0";"2";"0";"0";"0";"0";"0";""
"202100033955";"141Â 071";"A01";"2";"7";"2";"0";"6";"1";"1";""
"202100033956";"141Â 069";"B01";"0";"30";"0";"2";"1";"1";"1";""
"202100033956";"141Â 070";"A01";"0";"13";"0";"2";"2";"1";"1";""
"202100033957";"141Â 067";"B01";"2";"33";"6";"2";"3";"21";"1";""
"202100033957";"141Â 068";"A01";"2";"7";"0";"0";"5";"23";"1";""
"202100033958";"141Â 066";"A01";"3";"7";"2";"0";"7";"1";"1";""
"202100033959";"141Â 064";"B01";"2";"33";"0";"2";"1";"1";"1";""
"202100033959";"141Â 065";"A01";"1";"14";"0";"2";"2";"15";"1";""
"202100033960";"141Â 062";"A01";"1";"7";"16";"2";"1";"13";"1";""
"202100033960";"141Â 063";"B01";"1";"33";"0";"0";"1";"1";"1";""
"202100033961";"141Â 060";"A01";"0";"7";"0";"2";"3";"9";"1";""
"202100033961";"141Â 061";"B01";"0";"1";"0";"2";"1";"1";"5";""
"202100033962";"141Â 058";"B01";"0";"7";"0";"9";"3";"15";"1";""
"202100033962";"141Â 059";"A01";"0";"1";"0";"2";"1";"15";"5";""
"202100033963";"141Â 055";"C01";"2";"7";"0";"2";"3";"1";"1";""
"202100033963";"141Â 056";"B01";"2";"30";"0";"2";"3";"1";"1";""
"202100033963";"141Â 057";"A01";"1";"7";"1";"2";"1";"1";"1";""
"202100033964";"141Â 052";"A01";"1";"7";"0";"2";"1";"26";"1";""
"202100033964";"141Â 053";"B01";"1";"31";"0";"2";"7";"1";"1";""
"202100033965";"141Â 050";"A01";"1";"7";"0";"2";"5";"1";"1";""
"202100033965";"141Â 051";"B01";"2";"7";"0";"2";"1";"1";"1";""
"202100033966";"141Â 049";"A01";"1";"7";"0";"1";"3";"1";"0";""
"202100033967";"141Â 048";"A01";"2";"7";"0";"0";"0";"1";"1";""
"202100033968";"141Â 047";"A01";"1";"7";"12";"0";"1";"0";"1";""
"202100033969";"141Â 045";"A01";"2";"7";"0";"2";"2";"15";"1";""
"202100033969";"141Â 046";"B01";"1";"33";"0";"2";"1";"1";"1";""
"202100033970";"141Â 044";"A01";"2";"7";"6";"0";"1";"1";"1";""
"202100033971";"141Â 042";"B01";"2";"7";"0";"0";"8";"1";"1";""
"202100033971";"141Â 043";"A01";"2";"7";"0";"2";"1";"2";"1";""
"202100033972";"141Â 041";"A01";"1";"7";"10";"0";"3";"13";"1";""
"202100033973";"141Â 036";"A01";"1";"7";"0";"2";"4";"26";"1";""
"202100033973";"141Â 037";"B01";"1";"7";"0";"2";"1";"0";"1";""
"202100033974";"141Â 034";"B01";"1";"7";"0";"2";"1";"1";"1";""
"202100033974";"141Â 035";"A01";"1";"7";"0";"2";"4";"1";"1";""
"202100033975";"141Â 031";"A01";"2";"33";"0";"2";"1";"0";"1";""
"202100033975";"141Â 032";"B01";"2";"7";"0";"2";"6";"1";"1";""
"202100033975";"141Â 033";"C01";"2";"7";"0";"2";"6";"1";"1";""
"202100033976";"141Â 028";"C01";"2";"7";"0";"2";"8";"1";"1";""
"202100033976";"141Â 029";"B01";"2";"33";"0";"2";"2";"12";"1";""
"202100033976";"141Â 030";"A01";"2";"10";"0";"2";"2";"3";"1";""
"202100033977";"141Â 026";"B01";"2";"37";"0";"2";"4";"2";"1";"1"
"202100033977";"141Â 027";"A01";"2";"7";"0";"2";"1";"2";"1";""
"202100033978";"141Â 024";"B01";"1";"10";"0";"2";"4";"2";"1";""
"202100033978";"141Â 025";"A01";"1";"33";"0";"2";"1";"2";"1";""
"202100033979";"141Â 022";"A01";"1";"7";"0";"0";"4";"23";"2";""
"202100033979";"141Â 023";"B01";"1";"33";"0";"2";"1";"21";"1";""
"202100033980";"141Â 019";"C01";"1";"7";"0";"2";"1";"26";"1";""
"202100033980";"141Â 020";"B01";"1";"7";"0";"2";"0";"26";"1";""
"202100033980";"141Â 021";"A01";"1";"7";"0";"2";"0";"26";"1";""
"202100033981";"141Â 013";"F01";"1";"7";"0";"2";"4";"1";"1";""
"202100033981";"141Â 014";"E01";"1";"7";"0";"2";"4";"1";"1";""
"202100033981";"141Â 015";"D01";"1";"7";"0";"2";"4";"1";"1";""
"202100033981";"141Â 016";"C01";"1";"7";"0";"2";"4";"1";"1";""
"202100033981";"141Â 017";"B01";"1";"7";"0";"2";"4";"1";"1";""
"202100033981";"141Â 018";"A01";"1";"15";"0";"2";"1";"1";"1";""
"202100033982";"141Â 011";"A01";"1";"7";"0";"2";"1";"2";"0";""
"202100033982";"141Â 012";"B01";"1";"10";"0";"2";"4";"2";"1";""
"202100033983";"141Â 009";"B01";"2";"33";"0";"2";"2";"3";"1";""
"202100033983";"141Â 010";"A01";"2";"7";"0";"2";"6";"9";"1";""
"202100033984";"141Â 008";"A01";"2";"31";"0";"0";"8";"3";"1";""
"202100033985";"141Â 007";"A01";"1";"7";"4";"0";"3";"13";"1";""
"202100033986";"141Â 005";"A01";"2";"10";"0";"2";"4";"1";"1";""
"202100033986";"141Â 006";"B01";"2";"7";"0";"2";"1";"1";"1";""
"202100033987";"141Â 003";"A01";"2";"7";"0";"2";"5";"12";"1";""
"202100033987";"141Â 004";"B01";"2";"33";"0";"2";"3";"1";"1";""
"202100033988";"141Â 001";"B01";"2";"7";"0";"2";"6";"1";"1";""
"202100033988";"141Â 002";"A01";"2";"7";"0";"2";"2";"12";"1";""
"202100033989";"141Â 000";"A01";"3";"34";"6";"0";"3";"13";"1";""
"202100033990";"140Â 998";"B01";"2";"33";"0";"2";"4";"1";"1";""
"202100033990";"140Â 999";"A01";"1";"33";"0";"2";"1";"1";"1";""
"202100033991";"140Â 997";"A01";"2";"7";"0";"1";"1";"1";"1";""
"202100033992";"140Â 995";"A01";"3";"7";"0";"2";"1";"26";"1";""
"202100033992";"140Â 996";"B01";"2";"33";"0";"2";"3";"17";"1";""
"202100033993";"140Â 994";"A01";"2";"80";"0";"1";"1";"25";"3";""
"202100033994";"140Â 992";"B01";"0";"7";"0";"2";"7";"15";"2";""
"202100033994";"140Â 993";"A01";"0";"7";"0";"1";"1";"25";"1";""
"202100033995";"140Â 990";"C01";"2";"7";"0";"2";"3";"26";"1";""
"202100033995";"140Â 991";"B01";"2";"7";"0";"2";"3";"26";"1";""
"202100033996";"140Â 989";"A01";"2";"7";"1";"0";"4";"20";"1";""
"202100033997";"140Â 987";"B01";"3";"1";"0";"2";"1";"1";"5";""
"202100033997";"140Â 988";"A01";"3";"10";"0";"2";"6";"24";"1";""
"202100033998";"140Â 986";"A01";"2";"1";"0";"1";"1";"1";"5";""
"202100033999";"140Â 985";"A01";"2";"7";"0";"1";"1";"1";"1";""
"202100034000";"140Â 984";"A01";"3";"50";"0";"1";"1";"1";"3";""
"202100034001";"140Â 982";"B01";"1";"7";"0";"2";"3";"11";"1";""
"202100034001";"140Â 983";"A01";"1";"32";"0";"2";"1";"7";"1";""
"202100034002";"140Â 981";"A01";"2";"1";"0";"1";"8";"1";"5";""
"202100034003";"140Â 977";"B01";"2";"7";"1";"0";"0";"0";"1";""
"202100034003";"140Â 978";"A01";"1";"10";"1";"0";"1";"23";"1";""
"202100034004";"140Â 976";"A01";"1";"33";"0";"0";"0";"26";"1";""
"202100034005";"140Â 974";"B01";"0";"50";"0";"2";"3";"15";"3";""
"202100034005";"140Â 975";"A01";"0";"7";"0";"2";"3";"1";"1";""
"202100034006";"140Â 973";"A01";"1";"14";"0";"1";"1";"1";"1";""
"202100034007";"140Â 971";"B01";"2";"7";"0";"2";"3";"19";"1";""
"202100034007";"140Â 972";"A01";"2";"7";"0";"2";"1";"19";"1";""
"202100034008";"140Â 969";"B01";"2";"7";"0";"2";"3";"1";"1";""
"202100034008";"140Â 970";"A01";"1";"32";"0";"2";"1";"13";"1";""
"202100034009";"140Â 967";"A01";"3";"7";"0";"2";"1";"15";"1";""
"202100034009";"140Â 968";"B01";"3";"7";"0";"2";"3";"1";"1";""
"202100034010";"140Â 966";"A01";"2";"7";"0";"1";"1";"1";"1";""
"202100034011";"140Â 964";"A01";"3";"7";"0";"2";"1";"19";"1";""
"202100034011";"140Â 965";"B01";"1";"7";"0";"2";"3";"1";"1";""
"202100034012";"140Â 963";"A01";"1";"7";"0";"1";"2";"1";"1";""
"202100034013";"140Â 962";"A01";"2";"1";"0";"1";"1";"1";"5";""
"202100034014";"140Â 960";"A01";"2";"7";"0";"2";"1";"1";"1";""
"202100034014";"140Â 961";"B01";"2";"1";"0";"2";"4";"1";"5";""
"202100034015";"140Â 958";"A01";"1";"7";"0";"2";"1";"1";"1";""
"202100034015";"140Â 959";"B01";"2";"7";"1";"2";"8";"15";"1";""
"202100034016";"140Â 956";"B01";"2";"7";"0";"2";"5";"1";"1";""
"202100034016";"140Â 957";"A01";"2";"31";"0";"2";"1";"26";"1";""
"202100034017";"140Â 954";"A01";"1";"7";"0";"2";"1";"26";"1";""
"202100034017";"140Â 955";"B01";"1";"7";"0";"2";"3";"26";"1";""
"202100034018";"140Â 953";"A01";"3";"7";"0";"1";"3";"26";"1";""
"202100034019";"140Â 951";"B01";"2";"10";"0";"2";"1";"0";"1";""
"202100034019";"140Â 952";"A01";"1";"7";"9";"2";"2";"9";"1";""
"202100034020";"140Â 949";"A01";"1";"33";"0";"2";"7";"2";"1";""
"202100034020";"140Â 950";"B01";"1";"14";"0";"2";"8";"1";"1";""
"202100034021";"140Â 947";"A01";"1";"7";"6";"2";"6";"4";"1";""
"202100034021";"140Â 948";"B01";"2";"7";"0";"2";"2";"1";"1";""
"202100034022";"140Â 946";"A01";"3";"7";"0";"1";"1";"1";"1";""
"202100034023";"140Â 945";"A01";"2";"17";"0";"2";"2";"1";"1";""
"202100034024";"140Â 944";"A01";"1";"7";"0";"5";"3";"1";"1";""
"202100034025";"140Â 942";"A01";"2";"7";"0";"2";"1";"19";"1";""
"202100034025";"140Â 943";"B01";"2";"7";"0";"2";"7";"1";"1";""
"202100034026";"140Â 941";"A01";"2";"7";"0";"0";"8";"1";"1";""
"202100034027";"140Â 939";"A01";"2";"10";"0";"2";"4";"4";"1";""
"202100034027";"140Â 940";"B01";"2";"30";"0";"2";"1";"23";"1";""
"202100034028";"140Â 937";"A01";"1";"7";"0";"2";"1";"15";"1";""
"202100034028";"140Â 938";"B01";"2";"7";"0";"2";"7";"1";"1";""
"202100034029";"140Â 935";"B01";"3";"1";"0";"0";"0";"0";"5";""
"202100034029";"140Â 936";"A01";"3";"7";"0";"2";"2";"2";"1";""
"202100034030";"140Â 934";"A01";"1";"7";"8";"0";"1";"15";"1";""
"202100034031";"140Â 933";"A01";"0";"20";"0";"1";"1";"1";"1";""
"202100034032";"140Â 932";"A01";"3";"10";"0";"1";"8";"15";"1";""
"202100034033";"140Â 928";"B01";"0";"7";"0";"2";"4";"23";"1";""
"202100034033";"140Â 929";"A01";"0";"2";"0";"2";"1";"1";"1";""
"202100034034";"140Â 926";"B01";"3";"1";"0";"2";"0";"1";"5";""
"202100034034";"140Â 927";"A01";"3";"7";"0";"2";"0";"1";"1";""
"202100034035";"140Â 924";"A01";"1";"1";"0";"2";"8";"2";"5";""
"202100034035";"140Â 925";"B01";"1";"7";"0";"2";"7";"2";"1";""
"202100034036";"140Â 922";"A01";"3";"30";"0";"2";"1";"15";"1";""
"202100034036";"140Â 923";"B01";"0";"7";"0";"2";"1";"1";"1";""
"202100034037";"140Â 920";"A01";"3";"7";"0";"2";"2";"15";"1";""
"202100034037";"140Â 921";"B01";"3";"7";"0";"2";"3";"1";"1";""
"202100034038";"140Â 919";"A01";"1";"37";"0";"1";"1";"9";"0";"1"
"202100034039";"140Â 918";"A01";"1";"33";"0";"1";"1";"1";"1";""
"202100034040";"140Â 916";"B01";"1";"50";"0";"2";"5";"1";"3";""
"202100034040";"140Â 917";"A01";"1";"7";"0";"2";"2";"15";"1";""
"202100034041";"140Â 914";"B01";"2";"10";"0";"2";"3";"1";"1";""
"202100034041";"140Â 915";"A01";"1";"7";"0";"2";"3";"1";"1";""
"202100034042";"140Â 912";"A01";"1";"7";"0";"2";"2";"19";"1";""
"202100034042";"140Â 913";"B01";"1";"7";"0";"2";"1";"0";"1";""
"202100034043";"140Â 908";"A01";"2";"2";"0";"2";"3";"13";"1";""
"202100034043";"140Â 909";"B01";"1";"7";"0";"2";"8";"1";"1";""
"202100034043";"140Â 910";"C01";"1";"7";"0";"2";"8";"1";"1";""
"202100034043";"140Â 911";"D01";"1";"7";"0";"2";"8";"1";"1";""
"202100034044";"140Â 906";"B01";"2";"2";"0";"2";"2";"7";"1";""
"202100034044";"140Â 907";"A01";"2";"7";"0";"2";"3";"9";"1";""
"202100034045";"140Â 904";"B01";"1";"2";"0";"2";"1";"1";"1";""
"202100034045";"140Â 905";"A01";"2";"3";"0";"2";"7";"15";"1";""
"202100034046";"140Â 901";"A01";"1";"7";"0";"2";"1";"26";"1";""
"202100034046";"140Â 902";"B01";"1";"7";"0";"2";"4";"2";"2";""
"202100034046";"140Â 903";"C01";"1";"7";"0";"2";"4";"19";"1";""
"202100034047";"140Â 900";"A01";"2";"7";"4";"0";"2";"1";"1";""
"202100034048";"140Â 899";"A01";"2";"30";"14";"0";"1";"1";"1";""
"202100034049";"140Â 898";"A01";"3";"7";"0";"1";"2";"1";"1";""
"202100034050";"140Â 896";"B01";"1";"1";"0";"0";"6";"2";"5";""
"202100034050";"140Â 897";"A01";"0";"10";"0";"0";"2";"9";"0";""
"202100034051";"140Â 894";"A01";"1";"7";"0";"9";"1";"1";"0";""
"202100034051";"140Â 895";"B01";"1";"1";"0";"2";"4";"19";"5";""
"202100034052";"140Â 893";"A01";"2";"50";"0";"1";"1";"1";"3";""
"202100034053";"140Â 890";"C01";"2";"7";"0";"2";"6";"2";"2";""
"202100034053";"140Â 891";"B01";"2";"7";"0";"2";"5";"2";"1";""
"202100034053";"140Â 892";"A01";"2";"7";"0";"2";"3";"2";"1";""
"202100034054";"140Â 889";"A01";"1";"31";"0";"0";"0";"26";"1";""
"202100034055";"140Â 888";"A01";"1";"7";"0";"1";"1";"26";"1";""
"202100034056";"140Â 886";"A01";"1";"7";"0";"9";"3";"9";"1";""
"202100034056";"140Â 887";"B01";"3";"2";"0";"2";"5";"16";"1";""
"202100034057";"140Â 884";"B01";"3";"31";"0";"2";"7";"1";"1";""
"202100034057";"140Â 885";"A01";"0";"7";"0";"2";"1";"15";"1";""
"202100034058";"140Â 882";"B01";"2";"7";"0";"2";"3";"1";"1";""
"202100034058";"140Â 883";"A01";"2";"7";"0";"2";"1";"15";"1";""
"202100034059";"140Â 881";"A01";"1";"7";"1";"0";"2";"1";"1";""
"202100034060";"140Â 879";"B01";"0";"7";"0";"2";"5";"19";"1";""
"202100034060";"140Â 880";"A01";"1";"50";"0";"2";"1";"1";"3";""
"202100034061";"140Â 876";"A01";"2";"7";"0";"2";"1";"1";"1";""
"202100034061";"140Â 877";"B01";"2";"7";"0";"2";"4";"0";"1";""
"202100034061";"140Â 878";"C01";"2";"7";"0";"2";"4";"0";"1";""
"202100034062";"140Â 875";"A01";"3";"7";"0";"1";"4";"26";"0";""
"202100034063";"140Â 873";"B01";"1";"7";"0";"2";"3";"1";"1";""
"202100034063";"140Â 874";"A01";"1";"32";"0";"2";"1";"1";"1";""
"202100034064";"140Â 872";"A01";"2";"7";"9";"0";"1";"1";"1";""
"202100034065";"140Â 870";"A01";"3";"7";"0";"2";"1";"26";"1";""
"202100034065";"140Â 871";"B01";"3";"7";"0";"2";"1";"0";"2";""
"202100034066";"140Â 869";"A01";"2";"33";"8";"0";"1";"13";"1";""
"202100034067";"140Â 868";"A01";"1";"7";"15";"0";"1";"14";"1";""
"202100034068";"140Â 867";"A01";"1";"7";"13";"0";"1";"13";"1";""
"202100034069";"140Â 866";"A01";"1";"7";"6";"0";"2";"13";"1";""
"202100034070";"140Â 864";"B01";"1";"7";"0";"0";"8";"15";"1";""
"202100034070";"140Â 865";"A01";"1";"31";"0";"2";"1";"17";"1";""
"202100034071";"140Â 862";"B01";"1";"7";"0";"2";"3";"15";"1";""
"202100034071";"140Â 863";"A01";"1";"34";"0";"2";"2";"17";"1";""
"202100034072";"140Â 860";"B01";"3";"50";"1";"0";"0";"0";"3";""
"202100034072";"140Â 861";"A01";"3";"7";"0";"9";"0";"24";"1";""
"202100034073";"140Â 856";"A01";"1";"7";"0";"2";"1";"19";"1";""
"202100034073";"140Â 857";"B01";"1";"7";"0";"0";"8";"19";"1";""
"202100034074";"140Â 855";"A01";"1";"7";"9";"1";"2";"1";"2";""
"202100034075";"140Â 853";"B01";"2";"32";"0";"2";"7";"2";"1";""
"202100034075";"140Â 854";"A01";"2";"7";"0";"2";"8";"2";"1";""
"202100034076";"140Â 851";"A01";"3";"7";"0";"2";"1";"1";"1";""
"202100034076";"140Â 852";"B01";"1";"1";"0";"2";"1";"19";"0";""
"202100034077";"140Â 849";"B01";"1";"7";"0";"2";"8";"1";"1";""
"202100034077";"140Â 850";"A01";"1";"1";"0";"2";"1";"1";"5";""
"202100034078";"140Â 848";"A01";"2";"7";"0";"1";"2";"1";"1";""
"202100034079";"140Â 846";"B01";"0";"7";"0";"2";"1";"26";"1";""
"202100034079";"140Â 847";"A01";"0";"7";"0";"2";"2";"15";"1";""
"202100034080";"140Â 844";"B01";"2";"32";"0";"2";"3";"0";"1";""
"202100034080";"140Â 845";"A01";"2";"30";"0";"2";"2";"16";"1";""
"202100034081";"140Â 843";"A01";"2";"30";"0";"1";"8";"1";"1";""
"202100034082";"140Â 841";"A01";"1";"7";"0";"2";"2";"19";"1";""
"202100034082";"140Â 842";"B01";"2";"7";"0";"0";"3";"1";"1";""
"202100034083";"140Â 840";"A01";"1";"2";"1";"0";"2";"5";"1";""
"202100034084";"140Â 838";"B01";"3";"7";"0";"2";"6";"1";"0";""
"202100034084";"140Â 839";"A01";"1";"33";"0";"2";"3";"1";"0";""
"202100034085";"140Â 836";"B01";"0";"7";"0";"2";"5";"9";"1";""
"202100034085";"140Â 837";"A01";"0";"10";"0";"2";"1";"1";"1";""
"202100034086";"140Â 834";"B01";"1";"33";"0";"2";"3";"0";"1";""
"202100034086";"140Â 835";"A01";"2";"7";"0";"2";"2";"15";"1";""
"202100034087";"140Â 832";"B01";"3";"1";"0";"2";"4";"16";"5";""
"202100034087";"140Â 833";"A01";"3";"14";"0";"9";"1";"16";"1";""
"202100034088";"140Â 831";"A01";"3";"10";"0";"1";"4";"4";"1";""
"202100034089";"140Â 829";"A01";"2";"7";"0";"2";"1";"2";"1";""
"202100034089";"140Â 830";"B01";"2";"7";"0";"2";"4";"2";"2";""
"202100034090";"140Â 827";"A01";"1";"31";"0";"2";"3";"1";"1";""
"202100034090";"140Â 828";"B01";"1";"14";"0";"2";"2";"15";"1";""
"202100034091";"140Â 826";"A01";"1";"1";"0";"1";"1";"1";"5";""
"202100034092";"140Â 824";"B01";"1";"10";"0";"2";"2";"20";"1";""
"202100034092";"140Â 825";"A01";"1";"1";"0";"2";"1";"18";"5";""
"202100034093";"140Â 822";"Z01";"1";"7";"0";"2";"7";"17";"1";""
"202100034093";"140Â 823";"A01";"1";"1";"0";"2";"8";"1";"5";""
"202100034094";"140Â 821";"A01";"0";"7";"0";"1";"1";"15";"1";""
"202100034095";"140Â 819";"A01";"2";"7";"0";"2";"1";"2";"1";""
"202100034095";"140Â 820";"B01";"2";"1";"0";"2";"4";"2";"5";""
"202100034096";"140Â 817";"A01";"1";"34";"0";"2";"3";"1";"1";""
"202100034096";"140Â 818";"B01";"2";"50";"0";"2";"1";"15";"3";""
"202100034097";"140Â 815";"B01";"2";"7";"0";"2";"5";"15";"1";""
"202100034097";"140Â 816";"A01";"1";"1";"0";"2";"1";"1";"5";""
"202100034098";"140Â 813";"A01";"1";"31";"0";"2";"3";"23";"1";""
"202100034098";"140Â 814";"B01";"1";"7";"0";"2";"2";"14";"1";""
"202100034099";"140Â 812";"Z01";"1";"30";"0";"1";"1";"1";"0";""
"202100034100";"140Â 811";"A01";"1";"1";"0";"0";"0";"21";"5";""
"202100034101";"140Â 809";"B01";"1";"1";"0";"2";"7";"1";"5";""
"202100034101";"140Â 810";"A01";"2";"7";"0";"2";"2";"1";"1";""
"202100034102";"140Â 807";"A01";"1";"7";"0";"2";"8";"11";"1";""
"202100034102";"140Â 808";"B01";"1";"33";"0";"2";"1";"1";"1";""
"202100034103";"140Â 805";"B01";"2";"1";"0";"2";"8";"1";"5";""
"202100034103";"140Â 806";"A01";"2";"1";"0";"2";"0";"17";"5";""
"202100034104";"140Â 803";"A01";"2";"14";"0";"2";"0";"1";"1";""
"202100034104";"140Â 804";"B01";"1";"10";"0";"2";"3";"1";"1";""
"202100034105";"140Â 798";"A01";"1";"7";"0";"2";"3";"13";"2";""
"202100034105";"140Â 799";"B01";"1";"7";"0";"2";"3";"23";"1";""
"202100034105";"140Â 800";"C01";"1";"7";"0";"2";"7";"23";"1";""
"202100034105";"140Â 801";"E01";"1";"32";"0";"2";"8";"1";"1";""
"202100034105";"140Â 802";"D01";"1";"30";"0";"2";"9";"1";"1";""
"202100034106";"140Â 796";"B01";"1";"7";"0";"2";"3";"15";"2";""
"202100034106";"140Â 797";"A01";"2";"34";"0";"2";"3";"7";"1";""
"202100034107";"140Â 794";"A01";"1";"30";"0";"2";"1";"1";"1";""
"202100034107";"140Â 795";"B01";"1";"7";"0";"2";"0";"15";"1";""
"202100034108";"140Â 792";"B01";"1";"1";"0";"2";"7";"1";"5";""
"202100034108";"140Â 793";"A01";"1";"30";"0";"2";"8";"9";"1";""
"202100034109";"140Â 790";"B01";"1";"7";"1";"2";"2";"1";"1";""
"202100034109";"140Â 791";"A01";"1";"7";"1";"0";"2";"23";"1";""
"202100034110";"140Â 789";"A01";"1";"7";"6";"2";"1";"1";"1";""
"202100034111";"140Â 787";"A01";"1";"7";"0";"2";"2";"22";"1";""
"202100034111";"140Â 788";"Y01";"1";"50";"0";"2";"6";"18";"3";""
"202100034112";"140Â 786";"A01";"2";"10";"0";"1";"1";"13";"1";""
"202100034113";"140Â 785";"A01";"1";"7";"6";"0";"1";"2";"1";""
"202100034114";"140Â 783";"Z01";"1";"2";"0";"2";"1";"9";"1";""
"202100034114";"140Â 784";"A01";"1";"80";"0";"2";"7";"9";"3";""
"202100034115";"140Â 781";"B01";"2";"1";"0";"2";"4";"0";"5";""
"202100034115";"140Â 782";"A01";"2";"10";"0";"2";"2";"26";"1";""
"202100034116";"140Â 779";"A01";"2";"30";"0";"2";"1";"17";"1";""
"202100034116";"140Â 780";"B01";"2";"7";"0";"2";"3";"15";"1";""
"202100034117";"140Â 777";"A01";"1";"7";"0";"2";"1";"26";"0";""
"202100034117";"140Â 778";"B01";"1";"7";"0";"2";"3";"26";"0";""
"202100034118";"140Â 775";"B01";" -1";"32";"0";"0";"0";" -1";" -1";""
"202100034118";"140Â 776";"A01";"1";"10";"0";"2";"3";"2";"1";""
"202100034119";"140Â 774";"A01";"1";"14";"0";"1";"2";"1";"1";""
"202100034120";"140Â 772";"A01";"1";"20";"0";"2";"8";"1";"1";""
"202100034120";"140Â 773";"B01";"0";"2";"0";"2";"1";"1";"1";""
"202100034121";"140Â 771";"A01";"3";"7";"0";"1";"3";"17";"1";""
"202100034122";"140Â 770";"A01";"3";"13";"0";"1";"0";"1";"0";""
"202100034123";"140Â 768";"B01";"1";"13";"0";"2";"2";"1";"1";""
"202100034123";"140Â 769";"A01";"1";"99";"0";"0";"6";"16";"1";""
"202100034124";"140Â 766";"A01";"1";"34";"0";"2";"1";"1";"1";""
"202100034124";"140Â 767";"B01";"2";"7";"0";"2";"2";"15";"1";""