"Num_Acc";"id_vehicule";"num_veh";"senc";"catv";"obs";"obsm";"choc";"manv";"motor";"occutc"
"202100034125";"140Â 765";"A01";"1";"7";"0";"1";"3";"9";"1";""
"202100034126";"140Â 764";"A01";"1";"7";"0";"1";"1";"1";"1";""
"202100034127";"140Â 763";"A01";"2";"32";"0";"1";"1";"26";"1";""
"202100034128";"140Â 762";"A01";"1";"7";"0";"1";"1";"16";"1";""
"202100034129";"140Â 760";"A01";"1";"32";"0";"2";"7";"17";"1";""
"202100034129";"140Â 761";"B01";"1";"7";"0";"2";"3";"15";"1";""
"202100034130";"140Â 758";"A01";"2";"1";"0";"2";"1";"1";"5";""
"202100034130";"140Â 759";"B01";"2";"7";"0";"2";"1";"15";"0";""
"202100034131";"140Â 757";"A01";"3";"7";"0";"2";"1";"1";"1";""
"202100034132";"140Â 754";"C01";"1";"7";"0";"2";"8";"23";"1";""
"202100034132";"140Â 755";"A01";"1";"33";"1";"2";"5";"17";"1";""
"202100034132";"140Â 756";"B01";"1";"7";"0";"2";"3";"15";"1";""
"202100034133";"140Â 752";"A01";"1";"2";"2";"2";"1";"1";"1";""
"202100034133";"140Â 753";"B01";"1";"14";"0";"2";"8";"22";"1";""
"202100034134";"140Â 749";"A01";"2";"30";"0";"2";"8";"18";"1";""
"202100034134";"140Â 750";"B01";"2";"7";"0";"2";"2";"1";"2";""
"202100034134";"140Â 751";"C01";"2";"7";"0";"2";"0";"24";"1";""
"202100034135";"140Â 747";"B01";"3";"7";"0";"2";"1";"1";"1";""
"202100034135";"140Â 748";"A01";"0";"7";"0";"2";"7";"10";"1";""
"202100034136";"140Â 745";"B01";"1";"32";"0";"2";"1";"1";"1";""
"202100034136";"140Â 746";"A01";"1";"7";"0";"2";"3";"15";"1";""
"202100034137";"140Â 743";"B01";"2";"33";"0";"2";"1";"17";"1";""
"202100034137";"140Â 744";"A01";"2";"7";"0";"2";"3";"15";"1";""
"202100034138";"140Â 742";"A01";"3";"7";"13";"0";"1";"1";"1";""
"202100034139";"140Â 740";"A01";"2";"7";"0";"2";"3";"13";"1";""
"202100034139";"140Â 741";"B01";"1";"7";"0";"2";"8";"1";"1";""
"202100034140";"140Â 738";"A01";"3";"33";"0";"2";"1";"21";"1";""
"202100034140";"140Â 739";"B01";"3";"10";"0";"2";"2";"19";"1";""
"202100034141";"140Â 735";"A01";"2";"3";"0";"2";"1";"11";"1";""
"202100034141";"140Â 736";"B01";"1";"7";"0";"0";"3";"1";"1";""
"202100034141";"140Â 737";"C01";"1";"7";"0";"2";"1";"0";"1";""
"202100034142";"140Â 733";"A01";"1";"7";"0";"2";"1";"1";"1";""
"202100034142";"140Â 734";"B01";"2";"7";"0";"2";"1";"13";"1";""
"202100034143";"140Â 731";"A01";"3";"7";"0";"2";"3";"1";"1";""
"202100034143";"140Â 732";"B01";"3";"1";"0";"2";"1";"1";"5";""
"202100034144";"140Â 729";"B01";"1";"1";"0";"2";"1";"1";"5";""
"202100034144";"140Â 730";"A01";"1";"7";"0";"2";"8";"19";"1";""
"202100034145";"140Â 727";"A01";"1";"33";"0";"2";"3";"13";"1";""
"202100034145";"140Â 728";"B01";"2";"7";"0";"2";"3";"0";"6";""
"202100034146";"140Â 726";"A01";"1";"7";"13";"0";"1";"1";"1";""
"202100034147";"140Â 725";"A01";"2";"7";"17";"0";"2";"1";"1";""
"202100034148";"140Â 724";"A01";"1";"7";"1";"0";"2";"14";"1";""
"202100034149";"140Â 720";"C01";"2";"15";"0";"2";"1";"1";"1";""
"202100034149";"140Â 721";"D01";"1";"15";"0";"2";"2";"1";"1";""
"202100034149";"140Â 722";"A01";"2";"7";"0";"2";"4";"1";"1";""
"202100034149";"140Â 723";"B01";"2";"7";"0";"2";"1";"1";"1";""
"202100034150";"140Â 719";"A01";"2";"1";"16";"0";"9";"1";"5";""
"202100034151";"140Â 717";"A01";"0";"7";"0";"2";"3";"14";"1";""
"202100034151";"140Â 718";"B01";"3";"7";"0";"2";"3";"0";"1";""
"202100034152";"140Â 714";"A01";"1";"7";"0";"2";"1";"11";"1";""
"202100034152";"140Â 715";"C01";"2";"7";"0";"2";"1";"1";"1";""
"202100034152";"140Â 716";"B01";"1";"7";"0";"2";"6";"1";"1";""
"202100034153";"140Â 712";"B01";"1";"31";"0";"2";"1";"2";"1";""
"202100034153";"140Â 713";"A01";"1";"32";"0";"0";"4";"2";"1";""
"202100034154";"140Â 711";"A01";"2";"33";"0";"0";"0";"16";"1";""
"202100034155";"140Â 708";"A01";"1";"7";"0";"2";"1";"2";"1";""
"202100034155";"140Â 709";"C01";"1";"7";"0";"0";"4";"1";"1";""
"202100034155";"140Â 710";"B01";"1";"7";"0";"0";"4";"2";"1";""
"202100034156";"140Â 706";"B01";"2";"10";"0";"2";"3";"2";"1";""
"202100034156";"140Â 707";"A01";"2";"33";"0";"2";"4";"2";"1";""
"202100034157";"140Â 704";"B01";"2";"43";"0";"2";"5";"1";"1";""
"202100034157";"140Â 705";"A01";"2";"7";"0";"2";"1";"1";"1";""
"202100034158";"140Â 703";"A01";"0";"36";"13";"0";"3";"1";"1";""
"202100034159";"140Â 701";"A01";"1";"7";"6";"0";"1";"1";"1";""
"202100034160";"140Â 700";"A01";"1";"7";"0";"1";"8";"1";"1";""
"202100034161";"140Â 698";"B01";"1";"7";"0";"2";"5";"2";"1";""
"202100034161";"140Â 699";"A01";"1";"34";"0";"2";"1";"2";"1";""
"202100034162";"140Â 696";"B01";"2";"34";"0";"2";"1";"1";"0";""
"202100034162";"140Â 697";"A01";"2";"7";"0";"2";"2";"19";"1";""
"202100034163";"140Â 695";"A01";"1";"7";"6";"0";"1";"14";"1";""
"202100034164";"140Â 692";"A01";"2";"2";"0";"2";"1";"17";"1";""
"202100034164";"140Â 693";"B01";"2";"7";"0";"2";"6";"15";"1";""
"202100034165";"140Â 691";"A01";"0";"7";"0";"0";"0";"1";"1";""
"202100034166";"140Â 690";"A01";"2";"2";"0";"0";"9";"1";"1";""
"202100034167";"140Â 688";"A01";"2";"7";"14";"2";"8";"13";"1";""
"202100034167";"140Â 689";"B01";"1";"7";"0";"2";"8";"1";"1";""
"202100034168";"140Â 686";"B01";"2";"7";"0";"0";"4";"1";"1";""
"202100034168";"140Â 687";"A01";"2";"7";"0";"2";"1";"2";"1";""
"202100034169";"140Â 685";"A01";"2";"7";"4";"0";"1";"1";"1";""
"202100034170";"140Â 683";"B01";"2";"7";"0";"2";"6";"1";"1";""
"202100034170";"140Â 684";"A01";"2";"15";"0";"2";"2";"12";"1";""
"202100034171";"140Â 678";"A01";"1";"10";"0";"2";"1";"2";"1";""
"202100034171";"140Â 679";"B01";"1";"7";"0";"2";"4";"2";"1";""
"202100034171";"140Â 680";"D01";"1";"7";"0";"0";"4";"2";"1";""
"202100034171";"140Â 681";"C01";"1";"7";"0";"2";"4";"2";"1";""
"202100034172";"140Â 673";"E01";"1";"10";"0";"2";"1";"1";"1";""
"202100034172";"140Â 674";"A01";"1";"7";"0";"0";"4";"1";"1";""
"202100034172";"140Â 675";"B01";"1";"7";"0";"2";"1";"1";"1";""
"202100034172";"140Â 676";"C01";"1";"7";"0";"0";"4";"1";"1";""
"202100034172";"140Â 677";"D01";"1";"7";"0";"2";"1";"1";"1";""
"202100034173";"140Â 667";"A01";"1";"10";"0";"0";"1";"26";"1";""
"202100034173";"140Â 668";"B01";"1";"7";"3";"2";"5";"13";"1";""
"202100034173";"140Â 669";"D01";"1";"7";"0";"2";"4";"17";"1";""
"202100034173";"140Â 670";"C01";"1";"10";"0";"2";"3";"17";"1";""
"202100034173";"140Â 671";"F01";"1";"10";"0";"2";"4";"17";"1";""
"202100034173";"140Â 672";"E01";"1";"7";"0";"2";"4";"17";"1";""
"202100034174";"140Â 665";"B01";"2";"7";"0";"2";"3";"1";"1";""
"202100034174";"140Â 666";"A01";"1";"7";"0";"2";"1";"5";"1";""
"202100034175";"140Â 663";"B01";"1";"33";"0";"2";"7";"17";"1";""
"202100034175";"140Â 664";"A01";"1";"7";"0";"2";"3";"15";"1";""
"202100034176";"140Â 661";"A01";"2";"7";"0";"2";"1";"9";"1";""
"202100034176";"140Â 662";"B01";"1";"7";"0";"2";"1";"1";"1";""
"202100034177";"140Â 659";"B01";"2";"1";"0";"2";"3";"1";"5";""
"202100034177";"140Â 660";"A01";"1";"7";"0";"2";"1";"26";"1";""
"202100034178";"140Â 657";"B01";"1";"14";"0";"0";"5";"2";"1";""
"202100034178";"140Â 658";"A01";"1";"7";"0";"2";"3";"2";"1";""
"202100034179";"140Â 656";"A01";"1";"7";"0";"0";"2";"14";"1";""
"202100034180";"140Â 654";"B01";"2";"20";"0";"0";"5";"2";"1";""
"202100034180";"140Â 655";"A01";"2";"10";"0";"0";"1";"2";"1";""
"202100034181";"140Â 652";"B01";"0";"7";"0";"2";"3";"15";"1";""
"202100034181";"140Â 653";"A01";"3";"7";"0";"0";"5";"15";"1";""
"202100034182";"140Â 650";"B01";"1";"7";"0";"0";"1";"1";"1";""
"202100034182";"140Â 651";"A01";"1";"33";"0";"0";"0";"1";"1";""
"202100034183";"140Â 649";"A01";"1";"33";"0";"0";"9";"26";"1";""
"202100034184";"140Â 647";"A01";"2";"10";"0";"2";"3";"15";"1";""
"202100034184";"140Â 648";"B01";"1";"33";"8";"2";"8";"0";"1";""
"202100034185";"140Â 645";"A01";"2";"7";"0";"2";"1";"11";"1";""
"202100034185";"140Â 646";"B01";"1";"7";"0";"2";"1";"1";"1";""
"202100034186";"140Â 643";"B01";"2";"1";"0";"2";"1";"0";"5";""
"202100034186";"140Â 644";"A01";"1";"10";"0";"2";"2";"9";"1";""
"202100034187";"140Â 642";"A01";"3";"33";"6";"0";"1";"26";"1";""
"202100034188";"140Â 641";"A01";"0";"7";"0";"1";"1";"26";"1";""
"202100034189";"140Â 639";"B01";"0";"10";"1";"0";"2";"1";"1";""
"202100034189";"140Â 640";"A01";"0";"10";"0";"0";"6";"24";"1";""
"202100034190";"140Â 638";"A01";"0";"7";"0";"1";"7";"12";"1";""
"202100034191";"140Â 636";"A01";"1";"7";"0";"2";"5";"2";"2";""
"202100034191";"140Â 637";"B01";"1";"7";"0";"2";"1";"2";"1";""
"202100034192";"140Â 633";"B01";"1";"7";"0";"2";"3";"2";"1";""
"202100034192";"140Â 634";"C01";"1";"7";"1";"0";"2";"1";"1";""
"202100034192";"140Â 635";"A01";"1";"33";"0";"2";"4";"1";"1";""
"202100034193";"140Â 631";"A01";"1";"7";"0";"2";"4";"2";"1";""
"202100034193";"140Â 632";"B01";"1";"7";"0";"2";"1";"2";"1";""
"202100034194";"140Â 630";"A01";"1";"34";"0";"0";"1";"1";"1";""
"202100034195";"140Â 627";"B01";"1";"7";"0";"9";"8";"1";"1";""
"202100034195";"140Â 628";"A01";"1";"7";"3";"0";"2";"21";"1";""
"202100034195";"140Â 629";"C01";"2";"7";"0";"9";"0";"1";"2";""
"202100034196";"140Â 625";"A01";"1";"31";"0";"2";"1";"3";"1";""
"202100034196";"140Â 626";"B01";"1";"10";"0";"2";"4";"11";"1";""
"202100034197";"140Â 623";"A01";"1";"33";"0";"2";"8";"3";"1";""
"202100034197";"140Â 624";"B01";"1";"7";"0";"2";"5";"1";"1";""
"202100034198";"140Â 620";"C01";"2";"7";"0";"2";"4";"1";"1";""
"202100034198";"140Â 621";"B01";"2";"10";"0";"2";"4";"1";"1";""
"202100034198";"140Â 622";"A01";"2";"10";"0";"2";"1";"1";"1";""
"202100034199";"140Â 616";"D01";"1";"7";"0";"2";"4";"0";"1";""
"202100034199";"140Â 617";"C01";"1";"7";"0";"2";"9";"0";"1";""
"202100034199";"140Â 618";"B01";"1";"7";"0";"2";"9";"0";"1";""
"202100034199";"140Â 619";"A01";"1";"7";"0";"2";"1";"0";"1";""
"202100034200";"140Â 615";"A01";"1";"7";"3";"0";"0";"26";"1";""
"202100034201";"140Â 613";"B01";"1";"7";"0";"2";"4";"1";"1";""
"202100034201";"140Â 614";"A01";"1";"43";"0";"2";"1";"1";"1";""
"202100034202";"140Â 610";"C01";"1";"7";"0";"2";"6";"0";"1";""
"202100034202";"140Â 611";"B01";"1";"7";"0";"2";"0";"0";"1";""
"202100034202";"140Â 612";"A01";"1";"7";"0";"2";"1";"26";"1";""
"202100034203";"140Â 609";"A01";"1";"34";"0";"6";"1";"1";"1";""
"202100034204";"140Â 608";"A01";"3";"32";"0";"1";"1";"17";"1";""
"202100034205";"140Â 607";"A01";"2";"7";"0";"1";"1";"1";"1";""
"202100034206";"140Â 605";"A01";"3";"7";"0";"2";"1";"9";"1";""
"202100034206";"140Â 606";"B01";"2";"1";"0";"2";"7";"1";"5";""
"202100034207";"140Â 604";"A01";"1";"30";"1";"0";"3";"13";"6";""
"202100034208";"140Â 602";"A01";"3";"7";"0";"2";"3";"26";"1";""
"202100034208";"140Â 603";"B01";"1";"30";"0";"2";"1";"26";"1";""
"202100034209";"140Â 600";"A01";"3";"7";"0";"2";"1";"1";"1";""
"202100034209";"140Â 601";"B01";"3";"7";"0";"2";"4";"1";"1";""
"202100034210";"140Â 598";"A01";"1";"7";"0";"2";"1";"13";"1";""
"202100034210";"140Â 599";"B01";"1";"7";"0";"2";"0";"0";"1";""
"202100034211";"140Â 596";"B01";"3";"10";"0";"2";"4";"1";"1";""
"202100034211";"140Â 597";"A01";"3";"30";"0";"2";"1";"2";"1";""
"202100034212";"140Â 594";"B01";"1";"7";"0";"2";"2";"15";"1";""
"202100034212";"140Â 595";"A01";"2";"30";"0";"2";"1";"1";"1";""
"202100034213";"140Â 591";"A01";"1";"2";"0";"2";"1";"1";"1";""
"202100034213";"140Â 592";"C01";"3";"7";"1";"0";"0";"0";"1";""
"202100034213";"140Â 593";"B01";"2";"7";"0";"9";"7";"15";"1";""
"202100034214";"140Â 589";"A01";"2";"7";"0";"2";"0";"17";"0";""
"202100034214";"140Â 590";"B01";"2";"30";"0";"2";"3";"9";"1";""
"202100034215";"140Â 587";"A01";"3";"7";"9";"2";"5";"19";"1";""
"202100034215";"140Â 588";"B01";"3";"7";"9";"2";"1";"19";"1";""
"202100034216";"140Â 585";"B01";"2";"7";"0";"2";"3";"2";"1";""
"202100034216";"140Â 586";"A01";"2";"7";"0";"2";"2";"1";"1";""
"202100034217";"140Â 581";"A01";"1";"33";"4";"2";"8";"0";"1";""
"202100034217";"140Â 582";"B01";"1";"7";"4";"2";"0";"0";"1";""
"202100034217";"140Â 583";"C01";"1";"7";"4";"2";"0";"0";"1";""
"202100034217";"140Â 584";"D01";"1";"7";"4";"2";"1";"0";"1";""
"202100034218";"140Â 580";"A01";"0";"7";"0";"1";"1";"0";"0";""
"202100034219";"140Â 579";"A01";"1";"2";"0";"1";"1";"17";"1";""
"202100034220";"140Â 577";"B01";"3";"1";"0";"2";"0";"0";"5";""
"202100034220";"140Â 578";"A01";"3";"7";"0";"2";"1";"15";"1";""
"202100034221";"140Â 575";"A01";"1";"7";"0";"2";"1";"9";"1";""
"202100034221";"140Â 576";"B01";"1";"1";"0";"2";"7";"1";"5";""
"202100034222";"140Â 573";"A01";"1";"31";"0";"2";"4";"2";"1";""
"202100034222";"140Â 574";"B01";"1";"7";"0";"2";"4";"26";"1";""
"202100034223";"140Â 571";"B01";"2";"33";"0";"2";"8";"26";"1";""
"202100034223";"140Â 572";"A01";"1";"7";"0";"2";"7";"15";"1";""
"202100034224";"140Â 570";"A01";"2";"7";"1";"0";"1";"13";"1";""
"202100034225";"140Â 569";"A01";"0";"1";"13";"0";"0";"1";"5";""
"202100034226";"140Â 566";"A01";"3";"10";"0";"1";"4";"26";"1";""
"202100034227";"140Â 564";"B01";"2";"7";"0";"2";"1";"15";"1";""
"202100034227";"140Â 565";"A01";"1";"32";"0";"2";"1";"1";"1";""
"202100034228";"140Â 563";"A01";"2";"10";"0";"1";"3";"15";"3";""
"202100034229";"140Â 562";"A01";"0";"30";"0";"0";"0";"1";"1";""
"202100034230";"140Â 560";"B01";"0";"7";"0";"2";"1";"23";"1";""
"202100034230";"140Â 561";"A01";"0";"7";"0";"2";"1";"15";"1";""
"202100034231";"140Â 558";"B01";"0";"50";"0";"2";"3";"1";"3";""
"202100034231";"140Â 559";"A01";"0";"7";"0";"9";"2";"1";"1";""
"202100034232";"140Â 557";"A01";"2";"7";"1";"0";"1";"26";"1";""
"202100034233";"140Â 555";"B01";"2";"7";"0";"2";"1";"23";"0";""
"202100034233";"140Â 556";"A01";"2";"31";"0";"2";"4";"26";"0";""
"202100034234";"140Â 554";"A01";"3";"7";"1";"0";"0";"26";"0";""
"202100034235";"140Â 553";"A01";"3";"7";"9";"0";"1";"26";"1";""
"202100034236";"140Â 552";"A01";"3";"2";"0";"1";"1";"15";"1";""
"202100034237";"140Â 551";"B01";"2";"1";"0";"2";"1";"1";"5";""
"202100034238";"140Â 546";"A01";"1";"10";"0";"9";"3";"1";"0";""
"202100034238";"140Â 547";"B01";"1";"50";"0";"2";"8";"1";"3";""
"202100034239";"140Â 543";"C01";"2";"7";"0";"2";"4";"23";"1";""
"202100034239";"140Â 544";"B01";"2";"7";"0";"2";"4";"23";"1";""
"202100034239";"140Â 545";"A01";"2";"7";"0";"2";"1";"1";"1";""
"202100034240";"140Â 541";"A01";"1";"7";"0";"2";"1";"1";"1";""
"202100034240";"140Â 542";"B01";"2";"1";"0";"2";"2";"19";"2";""
"202100034241";"140Â 540";"A01";"1";"7";"0";"1";"2";"1";"1";""
"202100034242";"140Â 538";"A01";"1";"7";"0";"2";"2";"15";"1";""
"202100034242";"140Â 539";"B01";"2";"31";"0";"2";"3";"1";"1";""
"202100034243";"140Â 537";"A01";"1";"7";"2";"0";"2";"13";"1";""
"202100034244";"140Â 535";"A01";"2";"7";"0";"2";"7";"1";"1";""
"202100034244";"140Â 536";"B01";"1";"14";"0";"2";"3";"15";"1";""
"202100034245";"140Â 533";"B01";"2";"10";"0";"2";"1";"13";"1";""
"202100034245";"140Â 534";"A01";"2";"30";"0";"2";"1";"17";"1";""
"202100034246";"140Â 531";"B01";"2";"7";"0";"2";"1";"9";"1";""
"202100034246";"140Â 532";"A01";"2";"33";"0";"2";"1";"1";"1";""
"202100034247";"140Â 529";"A01";"1";"7";"0";"2";"1";"2";"1";""
"202100034247";"140Â 530";"B01";"1";"10";"0";"2";"4";"2";"1";""
"202100034248";"140Â 527";"B01";"1";"50";"0";"2";"8";"25";"3";""
"202100034248";"140Â 528";"A01";"2";"14";"0";"2";"0";"15";"1";""
"202100034249";"140Â 525";"B01";"2";"31";"0";"2";"1";"1";"1";""
"202100034249";"140Â 526";"A01";"1";"7";"0";"2";"7";"15";"1";""
"202100034250";"140Â 523";"B01";"2";"33";"0";"2";"1";"1";"1";""
"202100034250";"140Â 524";"A01";"1";"7";"0";"2";"3";"15";"1";""
"202100034251";"140Â 521";"A01";"1";"7";"0";"2";"1";"19";"1";""
"202100034251";"140Â 522";"B01";"1";"7";"0";"2";"1";"19";"1";""
"202100034252";"140Â 519";"A01";"1";"32";"0";"2";"7";"19";"1";""
"202100034252";"140Â 520";"B01";"1";"7";"0";"2";"1";"19";"1";""
"202100034253";"140Â 517";"A01";"1";"7";"0";"2";"2";"19";"1";""
"202100034253";"140Â 518";"B01";"1";"7";"0";"2";"1";"19";"1";""
"202100034254";"140Â 515";"A01";"2";"7";"0";"2";"4";"23";"1";""
"202100034254";"140Â 516";"B01";"2";"1";"0";"2";"1";"2";"6";""
"202100034255";"140Â 513";"A01";"1";"7";"0";"2";"5";"15";"1";""
"202100034255";"140Â 514";"B01";"2";"1";"0";"2";"1";"1";"5";""
"202100034256";"140Â 512";"A01";"3";"7";"9";"0";"1";"1";"1";""
"202100034257";"140Â 510";"A01";"3";"7";"8";"2";"1";"15";"1";""
"202100034257";"140Â 511";"B01";"1";"7";"0";"2";"5";"15";"1";""
"202100034258";"140Â 508";"B01";"1";"33";"0";"2";"1";"17";"1";""
"202100034258";"140Â 509";"A01";"1";"30";"0";"2";"8";"1";"1";""
"202100034259";"140Â 506";"B01";"1";"2";"0";"2";"1";"1";"1";""
"202100034259";"140Â 507";"A01";"1";"7";"0";"2";"2";"15";"1";""
"202100034260";"140Â 501";"A01";"1";"7";"14";"2";"1";"2";"1";""
"202100034260";"140Â 502";"B01";"1";"7";"14";"2";"4";"2";"1";""
"202100034260";"140Â 503";"C01";"1";"7";"0";"2";"4";"2";"1";""
"202100034261";"140Â 499";"B01";"0";"7";"0";"2";"3";"9";"1";""
"202100034261";"140Â 500";"A01";"0";"7";"0";"2";"1";"10";"1";""
"202100034262";"140Â 497";"B01";"1";"7";"0";"2";"5";"1";"1";""
"202100034262";"140Â 498";"A01";"1";"2";"0";"2";"1";"26";"1";""
"202100034263";"140Â 496";"A01";"2";"33";"13";"0";"1";"21";"1";""
"202100034264";"140Â 495";"A01";"3";"7";"0";"1";"5";"2";"1";""
"202100034265";"140Â 493";"B01";"2";"7";"0";"2";"4";"23";"1";""
"202100034265";"140Â 494";"A01";"2";"33";"0";"2";"1";"2";"1";""
"202100034266";"140Â 489";"A01";"1";"7";"0";"2";"1";"2";"1";""
"202100034266";"140Â 490";"B01";"1";"7";"0";"2";"4";"2";"1";""
"202100034267";"140Â 488";"A01";"0";"7";"13";"0";"9";"9";"1";""
"202100034268";"140Â 486";"B01";"3";"1";"0";"2";"8";"1";"5";""
"202100034268";"140Â 487";"A01";"3";"7";"0";"2";"0";"0";"1";""
"202100034269";"140Â 484";"A01";"1";"7";"0";"2";"1";"1";"1";""
"202100034269";"140Â 485";"B01";"3";"7";"0";"2";"1";"1";"1";""
"202100034270";"140Â 483";"Z01";"1";"7";"0";"1";"1";"1";"0";""
"202100034271";"140Â 481";"B01";"1";"7";"0";"2";"3";"1";"1";""
"202100034271";"140Â 482";"A01";"3";"50";"0";"2";"1";"1";"3";""
"202100034272";"140Â 479";"A01";"1";"7";"0";"2";"5";"15";"1";""
"202100034272";"140Â 480";"B01";"2";"1";"0";"2";"1";"1";"5";""
"202100034273";"140Â 478";"A01";"3";"7";"0";"1";"1";"1";"0";""
"202100034274";"140Â 476";"B01";"3";"7";"0";"2";"3";"15";"1";""
"202100034274";"140Â 477";"A01";"3";"30";"0";"2";"2";"17";"0";""
"202100034275";"140Â 474";"A01";"1";"7";"0";"2";"4";"1";"1";""
"202100034275";"140Â 475";"B01";"1";"7";"0";"2";"1";"2";"1";""
"202100034276";"140Â 472";"A01";"2";"7";"0";"2";"1";"19";"1";""
"202100034276";"140Â 473";"B01";"1";"7";"0";"2";"4";"0";"1";""
"202100034277";"140Â 470";"A01";"3";"1";"0";"2";"8";"9";"2";""
"202100034277";"140Â 471";"B01";"1";"7";"0";"9";"3";"1";"1";""
"202100034278";"140Â 467";"B01";"1";"7";"0";"2";"9";"2";"1";""
"202100034278";"140Â 468";"A01";"1";"7";"0";"2";"1";"2";"1";""
"202100034278";"140Â 469";"C01";"1";"7";"0";"2";"4";"2";"1";""
"202100034279";"140Â 466";"A01";"0";"7";"0";"1";"2";"1";"1";""
"202100034280";"140Â 464";"B01";"1";"7";"0";"2";"4";"1";"1";""
"202100034280";"140Â 465";"A01";"1";"7";"0";"2";"1";"1";"1";""
"202100034281";"140Â 462";"B01";"3";"99";"0";"2";"1";"1";"6";""
"202100034281";"140Â 463";"A01";"3";"7";"0";"2";"3";"1";"1";""
"202100034282";"140Â 460";"B01";"0";"7";"0";"2";"3";"15";"1";""
"202100034282";"140Â 461";"A01";"0";"30";"0";"2";"1";"17";"1";""
"202100034283";"140Â 458";"B01";"1";"1";"15";"2";"4";"1";"5";""
"202100034283";"140Â 459";"A01";"1";"7";"0";"2";"1";"1";"1";""
"202100034284";"140Â 456";"B01";"1";"34";"0";"2";"7";"1";"1";""
"202100034284";"140Â 457";"A01";"1";"7";"0";"2";"0";"9";"1";""
"202100034285";"140Â 454";"A01";"3";"7";"0";"2";"5";"26";"1";""
"202100034285";"140Â 455";"B01";"3";"7";"0";"2";"1";"1";"1";""
"202100034286";"140Â 452";"A01";"1";"10";"0";"2";"2";"15";"1";""
"202100034286";"140Â 453";"B01";"2";"3";"0";"2";"3";"1";"1";""
"202100034287";"140Â 451";"A01";"1";"7";"0";"1";"1";"1";"1";""
"202100034288";"140Â 450";"A01";"1";"7";"0";"1";"1";"1";"1";""
"202100034289";"140Â 448";"B01";"1";"7";"0";"2";"1";"1";"1";""
"202100034289";"140Â 449";"A01";"1";"7";"0";"2";"1";"16";"1";""
"202100034290";"140Â 446";"A01";"1";"7";"0";"2";"1";"1";"1";""
"202100034290";"140Â 447";"B01";"1";"7";"0";"2";"4";"1";"1";""
"202100034291";"140Â 444";"A01";"0";"7";"0";"2";"2";"9";"1";""
"202100034291";"140Â 445";"B01";"0";"10";"0";"2";"6";"24";"1";""
"202100034292";"140Â 443";"A01";"0";"14";"15";"0";"1";"1";"1";""
"202100034293";"140Â 441";"A01";"2";"33";"0";"2";"1";"1";"1";""
"202100034293";"140Â 442";"B01";"2";"7";"0";"2";"8";"15";"1";""
"202100034294";"140Â 439";"A01";"0";"43";"0";"2";"1";"2";"1";""
"202100034294";"140Â 440";"B01";"1";"7";"0";"2";"2";"15";"1";""
"202100034295";"140Â 437";"A01";"0";"7";"0";"2";"1";"10";"0";""
"202100034295";"140Â 438";"B01";"0";"33";"0";"2";"8";"26";"0";""
"202100034296";"140Â 436";"A01";"1";"7";"0";"1";"7";"26";"1";""
"202100034297";"140Â 434";"B01";"2";"7";"0";"2";"8";"15";"1";""
"202100034297";"140Â 435";"A01";"2";"34";"0";"2";"1";"17";"1";""
"202100034298";"140Â 430";"A01";"2";"3";"0";"2";"3";"13";"1";""
"202100034298";"140Â 431";"B01";"1";"10";"0";"2";"6";"1";"1";""
"202100034299";"140Â 428";"B01";"1";"10";"0";"2";"8";"13";"1";""
"202100034299";"140Â 429";"A01";"1";"33";"0";"2";"1";"2";"1";""
"202100034300";"140Â 426";"A01";"2";"7";"0";"2";"3";"15";"1";""
"202100034300";"140Â 427";"B01";"2";"7";"0";"2";"2";"1";"1";""
"202100034301";"140Â 424";"A01";"2";"7";"0";"2";"1";"2";"1";""
"202100034301";"140Â 425";"B01";"2";"7";"0";"2";"4";"15";"1";""
"202100034302";"140Â 422";"B01";"1";"7";"0";"2";"1";"1";"1";""
"202100034302";"140Â 423";"A01";"2";"7";"0";"2";"3";"9";"1";""
"202100034303";"140Â 420";"B01";"3";"50";"0";"2";"8";"1";"3";""
"202100034303";"140Â 421";"A01";"3";"7";"0";"9";"2";"26";"1";""
"202100034304";"140Â 419";"A01";"1";"7";"0";"1";"3";"1";"1";""
"202100034305";"140Â 417";"B01";"3";"32";"0";"2";"1";"0";"1";""
"202100034305";"140Â 418";"A01";"3";"7";"0";"2";"3";"15";"1";""
"202100034306";"140Â 415";"A01";"2";"7";"0";"2";"4";"4";"0";""
"202100034306";"140Â 416";"B01";"2";"2";"0";"2";"1";"2";"1";""
"202100034307";"140Â 412";"A01";"1";"33";"0";"2";"1";"2";"1";""
"202100034307";"140Â 413";"B01";"1";"7";"0";"2";"5";"2";"1";""
"202100034308";"140Â 410";"A01";"2";"33";"0";"2";"7";"17";"1";""
"202100034308";"140Â 411";"B01";"2";"10";"0";"2";"8";"15";"1";""
"202100034309";"140Â 408";"Z01";"0";"1";"0";"2";"0";"7";"5";""
"202100034309";"140Â 409";"A01";"1";"1";"0";"2";"7";"19";"5";""
"202100034310";"140Â 406";"A01";"3";"7";"0";"2";"2";"16";"1";""
"202100034310";"140Â 407";"B01";"3";"30";"0";"2";"1";"2";"1";""
"202100034311";"140Â 404";"A01";"2";"10";"0";"2";"7";"16";"1";""
"202100034311";"140Â 405";"B01";"2";"32";"0";"2";"3";"1";"1";""
"202100034312";"140Â 402";"A01";"1";"1";"0";"2";"2";"1";"5";""