"Num_Acc";"id_vehicule";"num_veh";"senc";"catv";"obs";"obsm";"choc";"manv";"motor";"occutc"
"202100034312";"140Â 403";"B01";"2";"7";"0";"2";"2";"15";"1";""
"202100034313";"140Â 400";"Z01";"1";"1";"0";"2";"1";"15";"5";""
"202100034313";"140Â 401";"A01";"2";"1";"0";"2";"1";"1";"5";""
"202100034314";"140Â 398";"A01";"2";"7";"0";"2";"1";"2";"1";""
"202100034314";"140Â 399";"B01";"2";"34";"0";"2";"4";"2";"1";""
"202100034315";"140Â 396";"B01";"1";"1";"0";"2";"4";"1";"0";""
"202100034315";"140Â 397";"A01";"1";"1";"0";"2";"4";"1";"0";""
"202100034316";"140Â 394";"B01";"3";"7";"0";"2";"3";"1";"1";""
"202100034316";"140Â 395";"A01";"3";"30";"0";"2";"7";"19";"1";""
"202100034317";"140Â 393";"A01";"2";"50";"15";"1";"2";"8";"3";""
"202100034318";"140Â 391";"B01";"1";"10";"0";"2";"3";"15";"1";""
"202100034318";"140Â 392";"A01";"1";"33";"0";"2";"4";"18";"1";""
"202100034319";"140Â 389";"A01";"2";"7";"1";"2";"1";"1";"1";""
"202100034319";"140Â 390";"B01";"2";"7";"0";"2";"2";"1";"1";""
"202100034320";"140Â 387";"A01";"0";"7";"0";"9";"1";"1";"1";""
"202100034320";"140Â 388";"B01";"3";"60";"0";"2";"0";"0";"5";""
"202100034321";"140Â 385";"B01";"1";"60";"0";"2";"8";"2";"5";""
"202100034321";"140Â 386";"A01";"1";"33";"0";"2";"3";"13";"1";""
"202100034322";"140Â 383";"B01";"3";"7";"9";"2";"2";"1";"1";""
"202100034322";"140Â 384";"A01";"3";"7";"0";"2";"3";"1";"1";""
"202100034323";"140Â 381";"A01";"1";"7";"0";"0";"2";"15";"1";""
"202100034323";"140Â 382";"B01";"1";"7";"0";"0";"0";"0";"1";""
"202100034324";"140Â 379";"A01";"1";"7";"0";"2";"5";"15";"1";""
"202100034324";"140Â 380";"B01";"2";"2";"0";"2";"1";"1";"1";""
"202100034325";"140Â 377";"B01";"0";"7";"0";"2";"2";"1";"1";""
"202100034325";"140Â 378";"A01";"0";"7";"0";"2";"3";"10";"1";""
"202100034326";"140Â 375";"A01";"3";"7";"0";"2";"1";"26";"1";""
"202100034326";"140Â 376";"B01";"3";"7";"0";"2";"6";"23";"1";""
"202100034327";"140Â 374";"A01";"1";"10";"0";"1";"4";"4";"1";""
"202100034328";"140Â 372";"B01";"1";"50";"0";"2";"7";"1";"3";""
"202100034328";"140Â 373";"A01";"1";"7";"0";"9";"1";"26";"1";""
"202100034329";"140Â 371";"A01";"1";"7";"1";"0";"2";"14";"1";""
"202100034330";"140Â 369";"B01";"2";"7";"0";"0";"6";"23";"1";""
"202100034330";"140Â 370";"A01";"2";"7";"0";"2";"2";"16";"1";""
"202100034331";"140Â 367";"B01";"2";"7";"0";"2";"1";"2";"1";""
"202100034331";"140Â 368";"A01";"2";"2";"0";"2";"4";"23";"1";""
"202100034332";"140Â 366";"A01";"3";"7";"0";"0";"0";"0";"1";""
"202100034333";"140Â 364";"B01";"3";"32";"0";"2";"2";"0";"0";""
"202100034333";"140Â 365";"A01";"1";"7";"0";"2";"7";"1";"6";""
"202100034334";"140Â 362";"A01";"1";"2";"0";"2";"3";"5";"1";""
"202100034334";"140Â 363";"B01";"2";"1";"0";"2";"1";"1";"5";""
"202100034335";"140Â 360";"B01";"1";"31";"0";"2";"3";"15";"1";""
"202100034335";"140Â 361";"A01";"2";"15";"0";"2";"2";"15";"0";""
"202100034336";"140Â 358";"B01";"2";"7";"1";"2";"2";"1";"1";""
"202100034336";"140Â 359";"A01";"1";"10";"0";"2";"2";"15";"1";""
"202100034337";"140Â 356";"A01";"1";"7";"0";"2";"7";"19";"1";""
"202100034337";"140Â 357";"B01";"1";"15";"0";"2";"1";"1";"1";""
"202100034338";"140Â 354";"A01";"2";"7";"0";"0";"3";"15";"1";""
"202100034338";"140Â 355";"B01";"2";"7";"0";"2";"1";"17";"1";""
"202100034339";"140Â 352";"B01";"3";"1";"0";"2";"1";"2";"5";""
"202100034339";"140Â 353";"A01";"3";"1";"0";"0";"0";"2";"5";""
"202100034340";"140Â 350";"C01";"2";"10";"0";"0";"6";"14";"1";""
"202100034340";"140Â 351";"A01";"2";"33";"0";"2";"1";"17";"1";""
"202100034341";"140Â 348";"A01";"1";"38";"0";"2";"3";"13";"1";"1"
"202100034341";"140Â 349";"B01";"2";"17";"0";"2";"3";"1";"1";""
"202100034342";"140Â 346";"B01";"2";"38";"0";"2";"4";"26";"1";"1"
"202100034342";"140Â 347";"A01";"2";"2";"0";"2";"1";"1";"1";""
"202100034343";"140Â 345";"A01";"0";"2";"1";"0";"3";"1";"1";""
"202100034344";"140Â 344";"A01";"1";"7";"4";"0";"3";"11";"1";""
"202100034345";"140Â 342";"B01";"3";"7";"0";"2";"2";"15";"1";""
"202100034345";"140Â 343";"A01";"3";"32";"0";"2";"3";"1";"1";""
"202100034346";"140Â 340";"A01";"2";"1";"0";"0";"4";"23";"6";""
"202100034346";"140Â 341";"B01";"2";"7";"0";"0";"1";"2";"1";""
"202100034347";"140Â 339";"A01";"0";"7";"14";"0";"3";"2";"1";""
"202100034348";"140Â 337";"A01";"1";"7";"0";"2";"3";"1";"1";""
"202100034348";"140Â 338";"B01";"2";"7";"0";"2";"3";"1";"1";""
"202100034349";"140Â 336";"A01";"3";"34";"2";"0";"0";"15";"1";""
"202100034350";"140Â 334";"A01";"1";"7";"0";"2";"3";"15";"1";""
"202100034350";"140Â 335";"B01";"2";"33";"0";"2";"1";"1";"1";""
"202100034351";"140Â 333";"A01";"1";"33";"0";"0";"2";"1";"1";""
"202100034352";"140Â 331";"B01";"1";"7";"0";"2";"1";"1";"1";""
"202100034352";"140Â 332";"A01";"3";"13";"0";"2";"8";"15";"1";""
"202100034353";"140Â 329";"B01";"1";"7";"0";"2";"7";"1";"1";""
"202100034353";"140Â 330";"A01";"1";"7";"0";"2";"1";"1";"1";""
"202100034354";"140Â 328";"A01";"2";"33";"0";"0";"1";"1";"1";""
"202100034355";"140Â 327";"A01";"2";"7";"2";"0";"3";"1";"1";""
"202100034356";"140Â 325";"B01";"2";"80";"0";"2";"7";"1";"3";""
"202100034356";"140Â 326";"A01";"1";"7";"0";"9";"3";"1";"1";""
"202100034357";"140Â 324";"A01";"2";"33";"13";"0";"0";"14";"1";""
"202100034358";"140Â 323";"A01";"1";"33";"13";"0";"0";"1";"1";""
"202100034359";"140Â 321";"B01";"1";"7";"0";"2";"3";"13";"1";""
"202100034359";"140Â 322";"A01";"2";"7";"0";"2";"3";"1";"1";""
"202100034360";"140Â 319";"B01";"3";"1";"0";"2";"4";"2";"5";""
"202100034360";"140Â 320";"A01";"3";"7";"0";"2";"1";"2";"1";""
"202100034361";"140Â 317";"A01";"1";"33";"0";"2";"2";"17";"1";""
"202100034361";"140Â 318";"B01";"1";"7";"0";"2";"8";"15";"1";""
"202100034362";"140Â 315";"B01";"2";"10";"0";"2";"2";"1";"1";""
"202100034362";"140Â 316";"A01";"1";"50";"0";"2";"1";"1";"3";""
"202100034363";"140Â 314";"A01";"1";"50";"12";"0";"0";"1";"3";""
"202100034364";"140Â 312";"B01";"0";"7";"0";"2";"8";"0";"1";""
"202100034364";"140Â 313";"A01";"3";"2";"0";"2";"1";"0";"1";""
"202100034365";"140Â 310";"B01";"3";"7";"0";"2";"1";"1";"1";""
"202100034365";"140Â 311";"A01";"3";"2";"0";"2";"1";"13";"0";""
"202100034366";"140Â 308";"A01";"1";"7";"0";"2";"2";"17";"1";""
"202100034366";"140Â 309";"B01";"2";"21";"0";"2";"3";"15";"1";""
"202100034367";"140Â 307";"A01";"2";"7";"15";"0";"1";"0";"1";""
"202100034368";"140Â 306";"A01";"2";"7";"2";"0";"8";"1";"1";""
"202100034369";"140Â 305";"A01";"1";"33";"6";"0";"7";"1";"1";""
"202100034370";"140Â 303";"B01";"1";"7";"0";"2";"1";"1";"1";""
"202100034370";"140Â 304";"A01";"2";"10";"0";"2";"1";"13";"1";""
"202100034371";"140Â 301";"B01";"1";"2";"0";"2";"3";"1";"1";""
"202100034371";"140Â 302";"A01";"1";"7";"0";"2";"3";"13";"1";""
"202100034372";"140Â 300";"A01";"2";"7";"0";"0";"0";"1";"1";""
"202100034373";"140Â 298";"B01";"2";"14";"0";"2";"2";"19";"1";""
"202100034373";"140Â 299";"A01";"1";"7";"0";"2";"8";"1";"1";""
"202100034374";"140Â 297";"A01";"1";"33";"0";"0";"0";"21";"1";""
"202100034375";"140Â 296";"A01";"1";"33";"0";"0";"7";"1";"1";""
"202100034376";"140Â 295";"A01";"2";"33";"16";"0";"0";"1";"1";""
"202100034377";"140Â 293";"A01";"1";"15";"0";"4";"5";"23";"1";""
"202100034377";"140Â 294";"B01";"1";"39";"1";"2";"1";"26";"1";""
"202100034378";"140Â 292";"A01";"2";"2";"13";"0";"0";"1";"1";""
"202100034379";"140Â 290";"A01";"1";"7";"0";"2";"1";"13";"1";""
"202100034379";"140Â 291";"B01";"2";"7";"0";"2";"1";"1";"1";""
"202100034380";"140Â 285";"A01";"1";"7";"0";"2";"6";"15";"1";""
"202100034380";"140Â 286";"B01";"1";"33";"0";"2";"1";"1";"1";""
"202100034381";"140Â 283";"A01";"1";"15";"0";"9";"2";"1";"1";""
"202100034381";"140Â 284";"B01";"1";"1";"0";"2";"8";"2";"6";""
"202100034382";"140Â 281";"B01";"1";"15";"0";"0";"0";"1";"1";""
"202100034382";"140Â 282";"A01";"1";"33";"0";"0";"8";"1";"1";""
"202100034383";"140Â 279";"C01";"2";"17";"0";"2";"5";"20";"1";""
"202100034383";"140Â 280";"A01";"2";"17";"1";"0";"2";"1";"1";""
"202100034384";"140Â 277";"A01";"1";"7";"0";"2";"1";"13";"1";""
"202100034384";"140Â 278";"B01";"3";"7";"0";"2";"6";"1";"1";""
"202100034385";"140Â 275";"B01";"0";"2";"0";"2";"1";"9";"0";""
"202100034385";"140Â 276";"A01";"0";"7";"0";"9";"3";"1";"1";""
"202100034386";"140Â 273";"A01";"1";"7";"0";"2";"8";"2";"1";""
"202100034386";"140Â 274";"B01";"1";"33";"0";"2";"2";"17";"1";""
"202100034387";"140Â 272";"A01";"2";"7";"2";"0";"1";"11";"1";""
"202100034388";"140Â 271";"A01";"2";"33";"0";"0";"0";"1";"1";""
"202100034389";"140Â 269";"A01";"1";"7";"0";"2";"1";"5";"1";""
"202100034389";"140Â 270";"B01";"2";"7";"0";"2";"1";"17";"1";""
"202100034390";"140Â 267";"B01";"1";"30";"0";"2";"4";"9";"1";""
"202100034390";"140Â 268";"A01";"1";"7";"0";"2";"0";"9";"1";""
"202100034391";"140Â 266";"A01";"2";"10";"2";"0";"3";"1";"1";""
"202100034392";"140Â 264";"B01";"1";"7";"0";"2";"2";"15";"3";""
"202100034392";"140Â 265";"A01";"2";"34";"0";"2";"1";"1";"1";""
"202100034393";"140Â 263";"A01";"3";"33";"0";"6";"1";"1";"1";""
"202100034394";"140Â 259";"B01";"2";"33";"0";"2";"2";"17";"1";""
"202100034394";"140Â 260";"A01";"2";"7";"0";"2";"3";"15";"1";""
"202100034395";"140Â 258";"A01";"3";"3";"6";"0";"1";"1";"3";""
"202100034396";"140Â 256";"B01";"2";"33";"0";"2";"3";"13";"1";""
"202100034396";"140Â 257";"A01";"2";"7";"0";"2";"6";"1";"1";""
"202100034397";"140Â 254";"A01";"3";"7";"0";"2";"3";"26";"1";""
"202100034397";"140Â 255";"B01";"3";"33";"0";"2";"2";"1";"1";""
"202100034398";"140Â 252";"A01";"1";"7";"0";"2";"6";"15";"1";""
"202100034398";"140Â 253";"B01";"1";"31";"0";"2";"1";"17";"1";""
"202100034399";"140Â 250";"A01";"1";"7";"0";"0";"4";"23";"1";""
"202100034399";"140Â 251";"B01";"1";"10";"1";"0";"1";"1";"1";""
"202100034400";"140Â 247";"C01";"1";"7";"0";"2";"1";"1";"1";""
"202100034400";"140Â 248";"A01";"1";"7";"0";"2";"4";"23";"1";""
"202100034400";"140Â 249";"B01";"1";"10";"0";"2";"4";"2";"1";""
"202100034401";"140Â 246";"A01";"2";"7";"14";"0";"1";"26";"1";""
"202100034402";"140Â 243";"A01";"1";"7";"4";"2";"5";"1";"1";""
"202100034402";"140Â 244";"B01";"1";"33";"4";"2";"1";"1";"1";""
"202100034402";"140Â 245";"Z01";"1";"7";"4";"2";"0";"19";"1";""
"202100034403";"140Â 240";"B01";"2";"7";"0";"2";"6";"1";"1";""
"202100034403";"140Â 241";"A01";"2";"7";"0";"2";"1";"1";"1";""
"202100034403";"140Â 242";"C01";"2";"7";"0";"2";"4";"1";"1";""
"202100034404";"140Â 238";"A01";"1";"7";"0";"2";"5";"1";"1";""
"202100034404";"140Â 239";"B01";"1";"7";"0";"0";"0";"0";"1";""
"202100034405";"140Â 236";"A01";"1";"14";"0";"2";"2";"12";"1";""
"202100034405";"140Â 237";"B01";"1";"7";"0";"2";"6";"1";"1";""
"202100034406";"140Â 234";"A01";"1";"33";"0";"2";"8";"26";"1";""
"202100034406";"140Â 235";"B01";"1";"7";"0";"2";"7";"12";"1";""
"202100034407";"140Â 232";"B01";"2";"7";"0";"2";"4";"2";"1";""
"202100034407";"140Â 233";"A01";"2";"7";"0";"2";"1";"1";"1";""
"202100034408";"140Â 230";"A01";"2";"33";"0";"2";"3";"1";"1";""
"202100034408";"140Â 231";"B01";"2";"7";"0";"2";"5";"2";"1";""
"202100034409";"140Â 227";"A01";"2";"10";"0";"2";"1";"2";"1";""
"202100034409";"140Â 228";"B01";"2";"7";"0";"2";"4";"2";"1";""
"202100034409";"140Â 229";"C01";"2";"7";"0";"2";"4";"2";"1";""
"202100034410";"140Â 224";"C01";"2";"10";"0";"2";"4";"2";"1";""
"202100034410";"140Â 225";"A01";"2";"10";"0";"2";"1";"1";"1";""
"202100034410";"140Â 226";"B01";"2";"10";"0";"2";"4";"2";"1";""
"202100034411";"140Â 222";"B01";"2";"7";"0";"2";"4";"1";"1";""
"202100034411";"140Â 223";"C01";"1";"7";"0";"2";"1";"1";" -1";""
"202100034412";"140Â 221";"A01";"2";"33";"0";"2";"8";"9";"1";""
"202100034413";"140Â 220";"A01";"1";"7";"4";"0";"1";"0";"1";""
"202100034414";"140Â 218";"A01";"1";"7";"0";"2";"1";"2";"1";""
"202100034414";"140Â 219";"B01";"1";"7";"0";"2";"4";"2";"1";""
"202100034415";"140Â 217";"A01";"1";"7";"14";"0";"1";"1";"1";""
"202100034416";"140Â 215";"B01";"2";"7";"0";"2";"8";"11";"1";""
"202100034416";"140Â 216";"A01";"2";"32";"0";"2";"2";"3";"1";""
"202100034417";"140Â 213";"A01";"1";"10";"0";"2";"1";"2";"1";""
"202100034417";"140Â 214";"B01";"2";"7";"0";"2";"4";"2";"1";""
"202100034418";"140Â 211";"A01";"1";"33";"0";"2";"7";"3";"1";""
"202100034418";"140Â 212";"B01";"1";"10";"0";"2";"8";"0";"1";""
"202100034419";"140Â 209";"A01";"2";"17";"0";"2";"0";"2";"1";""
"202100034419";"140Â 210";"B01";"2";"7";"0";"2";"0";"0";"1";""
"202100034420";"140Â 206";"C01";"2";"7";"0";"2";"8";"1";"1";""
"202100034420";"140Â 207";"A01";"2";"33";"0";"2";"4";"3";"1";""
"202100034420";"140Â 208";"B01";"2";"33";"0";"2";"1";"3";"1";""
"202100034421";"140Â 204";"A01";"2";"10";"0";"2";"6";"1";"1";""
"202100034421";"140Â 205";"B01";"2";"32";"0";"2";"1";"2";"1";""
"202100034422";"140Â 202";"B01";"1";"33";"0";"2";"2";"3";"1";""
"202100034422";"140Â 203";"A01";"2";"7";"0";"2";"6";"11";"1";""
"202100034423";"140Â 198";"D01";"2";"10";"0";"2";"1";"0";"0";""
"202100034423";"140Â 199";"C01";"2";"10";"0";"2";"4";"0";"1";""
"202100034423";"140Â 200";"B01";"2";"10";"0";"2";"4";"0";"0";""
"202100034423";"140Â 201";"A01";"2";"7";"0";"2";"4";"0";"1";""
"202100034424";"140Â 197";"Z01";"1";"7";"0";"1";"1";"1";"1";""
"202100034425";"140Â 196";"A01";"2";"7";"0";"1";"1";"16";"1";""
"202100034426";"140Â 194";"A01";"1";"10";"0";"2";"2";"2";"1";""
"202100034426";"140Â 195";"B01";"1";"7";"0";"2";"6";"2";"1";""
"202100034427";"140Â 192";"A01";"2";"1";"0";"2";"1";"1";"5";""
"202100034427";"140Â 193";"B01";"1";"7";"0";"2";"3";"9";"1";""
"202100034428";"140Â 191";"A01";"2";"7";"0";"1";"1";"16";"1";""
"202100034429";"140Â 190";"A01";"0";"10";"0";"1";"1";"15";"1";""
"202100034430";"140Â 189";"A01";"1";"1";"1";"0";"1";"14";"5";""
"202100034431";"140Â 187";"B01";"2";"32";"0";"2";"1";"1";"1";""
"202100034431";"140Â 188";"A01";"2";"10";"0";"2";"2";"15";"1";""
"202100034432";"140Â 185";"Z01";"3";"10";"0";"2";"3";"1";"0";""
"202100034432";"140Â 186";"A01";"3";"30";"0";"2";"2";"1";"1";""
"202100034433";"140Â 184";"A01";"1";"1";"12";"0";"1";"21";"5";""
"202100034434";"140Â 183";"A01";"2";"30";"1";"0";"8";"14";"1";""
"202100034435";"140Â 181";"A01";"2";"30";"0";"2";"3";"5";"1";""
"202100034435";"140Â 182";"B01";"1";"7";"0";"2";"3";"1";"1";""
"202100034436";"140Â 179";"A01";"1";"2";"0";"2";"8";"1";"3";""
"202100034436";"140Â 180";"Z01";"1";"7";"0";"2";"7";"17";"0";""
"202100034437";"140Â 177";"A01";"2";"30";"0";"2";"1";"2";"1";""
"202100034437";"140Â 178";"B01";"2";"7";"0";"2";"4";"23";"1";""
"202100034438";"140Â 175";"A01";"1";"34";"0";"2";"1";"1";"1";""
"202100034438";"140Â 176";"B01";"1";"1";"0";"2";"6";"15";"5";""
"202100034439";"140Â 173";"A01";"1";"7";"3";"2";"3";"9";"1";""
"202100034439";"140Â 174";"B01";"1";"32";"0";"2";"2";"1";"1";""
"202100034440";"140Â 171";"B01";"2";"37";"0";"2";"1";"7";"1";"1"
"202100034440";"140Â 172";"A01";"1";"7";"0";"2";"7";"15";"3";""
"202100034441";"140Â 169";"B01";"2";"1";"0";"2";"1";"1";"5";""
"202100034441";"140Â 170";"A01";"1";"7";"0";"2";"2";"15";"1";""
"202100034442";"140Â 167";"A01";"3";"7";"0";"2";"2";"9";"1";""
"202100034442";"140Â 168";"B01";"3";"37";"0";"2";"3";"1";"0";"3"
"202100034443";"140Â 166";"A01";"2";"32";"4";"0";"1";"1";"1";""
"202100034444";"140Â 164";"B01";"2";"7";"0";"2";"3";"20";"1";""
"202100034444";"140Â 165";"A01";"2";"10";"0";"2";"2";"21";"1";""
"202100034445";"140Â 163";"A01";"3";"7";"1";"1";"2";"1";"2";""
"202100034446";"140Â 161";"A01";"1";"33";"0";"0";"8";"1";"1";""
"202100034446";"140Â 162";"Z01";"1";"10";"0";"0";"0";"14";"1";""
"202100034447";"140Â 158";"C01";"3";"10";"3";"0";"0";"2";"1";""
"202100034447";"140Â 159";"A01";"3";"7";"0";"2";"2";"17";"1";""
"202100034447";"140Â 160";"B01";"3";"7";"0";"2";"1";"2";"1";""
"202100034448";"140Â 155";"A01";"3";"33";"0";"2";"1";"26";"1";""
"202100034448";"140Â 156";"B01";"3";"7";"0";"2";"3";"23";"1";""
"202100034448";"140Â 157";"C01";"3";"7";"0";"2";"0";"26";"2";""
"202100034449";"140Â 153";"B01";"3";"32";"0";"2";"8";"9";"1";""
"202100034449";"140Â 154";"A01";" -1";"7";"0";"2";"7";"9";"1";""
"202100034450";"140Â 152";"A01";"1";"7";"0";"1";"1";"1";"0";""
"202100034451";"140Â 150";"A01";"2";"7";"0";"2";"3";"10";"1";""
"202100034451";"140Â 151";"B01";"2";"1";"0";"2";"1";"1";"5";""
"202100034452";"140Â 147";"C01";"1";"33";"0";"2";"1";"1";"1";""
"202100034452";"140Â 148";"B01";"1";"34";"0";"2";"1";"1";"1";""
"202100034452";"140Â 149";"A01";"1";"7";"0";"2";"8";"10";"1";""
"202100034453";"140Â 146";"A01";"1";"7";"0";"1";"1";"1";"1";""
"202100034454";"140Â 144";"A01";"1";"32";"0";"2";"1";"1";"1";""
"202100034454";"140Â 145";"B01";"1";"7";"0";"2";"3";"1";"1";""
"202100034455";"140Â 142";"B01";"1";"2";"0";"2";"1";"1";"1";""
"202100034455";"140Â 143";"A01";"2";"7";"0";"2";"4";"4";"1";""
"202100034456";"140Â 138";"B01";"1";"7";"0";"2";"1";"2";"1";""
"202100034456";"140Â 139";"A01";"1";"7";"0";"0";"4";"1";"1";""
"202100034457";"140Â 137";"A01";"1";"1";"0";"5";"1";"1";"5";""
"202100034458";"140Â 135";"A01";"2";"7";"0";"2";"2";"17";"1";""
"202100034458";"140Â 136";"B01";"2";"1";"0";"0";"8";"1";"5";""
"202100034459";"140Â 134";"A01";"1";"7";"0";"1";"3";"26";"1";""
"202100034460";"140Â 132";"A01";"2";"33";"0";"2";"1";"1";"1";""
"202100034460";"140Â 133";"B01";"1";"10";"0";"2";"3";"1";"1";""
"202100034461";"140Â 130";"B01";"1";"33";"0";"2";"7";"1";"1";""
"202100034461";"140Â 131";"A01";"2";"10";"0";"2";"1";"15";"1";""
"202100034462";"140Â 129";"A01";"1";"7";"2";"0";"5";"0";"1";""
"202100034463";"140Â 127";"B01";"2";"7";"0";"0";"5";"1";"1";""
"202100034463";"140Â 128";"A01";"1";"7";"0";"0";"1";"9";"1";""
"202100034464";"140Â 125";"A01";"2";"7";"0";"2";"1";"13";"1";""
"202100034464";"140Â 126";"B01";"1";"7";"0";"2";"1";"1";"1";""
"202100034465";"140Â 123";"B01";"1";"1";"0";"2";"4";"15";"5";""
"202100034465";"140Â 124";"A01";"2";"7";"0";"2";"3";"2";"1";""
"202100034466";"140Â 121";"A01";"2";"7";"0";"2";"2";"12";"1";""
"202100034466";"140Â 122";"B01";"2";"7";"0";"0";"3";"1";"1";""
"202100034467";"140Â 120";"A01";"1";"7";"3";"0";"1";"1";"1";""
"202100034468";"140Â 114";"A01";"2";"10";"0";"2";"1";"2";"1";""
"202100034468";"140Â 115";"D01";"2";"10";"0";"2";"1";"2";"1";""
"202100034468";"140Â 116";"C01";"2";"7";"0";"2";"1";"2";"1";""
"202100034468";"140Â 117";"B01";"2";"7";"0";"2";"1";"2";"0";""
"202100034469";"140Â 112";"B01";"1";"33";"0";"2";"7";"17";"1";""
"202100034469";"140Â 113";"A01";"1";"7";"0";"2";"8";"13";"1";""
"202100034470";"140Â 110";"B01";"1";"21";"0";"2";"3";"1";"1";""
"202100034470";"140Â 111";"A01";"2";"7";"0";"2";"3";"5";"1";""
"202100034471";"140Â 107";"C01";"1";"10";"13";"2";"8";"1";"1";""
"202100034471";"140Â 108";"A01";"2";"7";"0";"2";"3";"13";"0";""
"202100034471";"140Â 109";"B01";"2";"7";"0";"2";"3";"1";"1";""
"202100034472";"140Â 105";"A01";"1";"7";"0";"2";"2";"15";"1";""
"202100034472";"140Â 106";"B01";"2";"1";"0";"2";"1";"1";"5";""
"202100034473";"140Â 103";"A01";"2";"7";"0";"0";"0";"23";"1";""
"202100034473";"140Â 104";"B01";"1";"1";"0";"0";"0";"21";"5";""
"202100034474";"140Â 101";"B01";"0";"1";"0";"2";"1";"26";"5";""
"202100034474";"140Â 102";"A01";"1";"7";"0";"9";"1";"26";"1";""
"202100034475";"140Â 099";"A01";"3";"7";"0";"2";"7";"15";"1";""
"202100034475";"140Â 100";"B01";"2";"1";"0";"2";"1";"1";"5";""
"202100034476";"140Â 098";"A01";"2";"33";"0";"0";"0";"1";"1";""
"202100034477";"140Â 096";"B01";"2";"1";"0";"2";"6";"1";"5";""
"202100034477";"140Â 097";"A01";"2";"7";"0";"2";"2";"1";"1";""
"202100034478";"140Â 095";"A01";"1";"33";"0";"0";"0";"1";"1";""
"202100034479";"140Â 094";"A01";"1";"36";"13";"0";"0";"1";"1";""
"202100034480";"140Â 093";"A01";"1";"15";"0";"0";"7";"2";"1";""
"202100034481";"140Â 092";"A01";"1";"31";"12";"0";"0";"1";"1";""
"202100034482";"140Â 090";"A01";"1";"7";"0";"2";"1";"17";"1";""
"202100034482";"140Â 091";"B01";"2";"7";"0";"2";"1";"1";"1";""
"202100034483";"140Â 089";"A01";"3";"50";"10";"0";"0";"0";"3";""
"202100034484";"140Â 087";"B01";"1";"33";"0";"2";"1";"2";"1";""
"202100034484";"140Â 088";"A01";"1";"7";"0";"2";"8";"15";"1";""
"202100034485";"140Â 085";"A01";"2";"7";"0";"2";"7";"15";"1";""
"202100034485";"140Â 086";"B01";"1";"7";"0";"2";"1";"1";"1";""
"202100034486";"140Â 083";"A01";"1";"7";"1";"0";"2";"1";"1";""
"202100034486";"140Â 084";"B01";"1";"7";"1";"0";"6";"24";"1";""
"202100034487";"140Â 081";"B01";"0";"7";"0";"2";"5";"2";"1";""
"202100034487";"140Â 082";"A01";"3";"2";"0";"2";"1";"2";"1";""
"202100034488";"140Â 079";"B01";"1";"33";"0";"2";"1";"1";"1";""
"202100034488";"140Â 080";"A01";"2";"7";"0";"2";"5";"15";"1";""
"202100034489";"140Â 078";"A01";"2";"2";"12";"0";"1";"1";"1";""
"202100034490";"140Â 077";"A01";"2";"32";"11";"0";"1";"6";"1";""
"202100034491";"140Â 075";"B01";"1";"2";"0";"2";"1";"2";"1";""
"202100034491";"140Â 076";"A01";"1";"10";"0";"2";"2";"2";"1";""
"202100034492";"140Â 074";"A01";"1";"2";"8";"0";"1";"1";"0";""
"202100034493";"140Â 072";"A01";"1";"7";"0";"2";"3";"15";"1";""
"202100034493";"140Â 073";"B01";"2";"32";"0";"2";"2";"1";"1";""
"202100034494";"140Â 071";"A01";"1";"2";"8";"0";"1";"1";"1";""
"202100034495";"140Â 068";"A01";"0";"10";"0";"2";"3";"19";"1";""
"202100034495";"140Â 069";"B01";"1";"7";"0";"2";"2";"1";"1";""
"202100034496";"140Â 065";"A01";"1";"7";"0";"2";"1";"1";"1";""
"202100034496";"140Â 066";"B01";"1";"7";"0";"0";"4";"1";"1";""
"202100034496";"140Â 067";"C01";"1";"7";"0";"0";"4";"1";"1";""
"202100034497";"140Â 064";"A01";"2";"33";"6";"0";"1";"1";"1";""
"202100034498";"140Â 060";"A01";"1";"1";"0";"9";"4";"2";"5";""
"202100034498";"140Â 061";"B01";"1";"1";"0";"9";"1";"2";"5";""
"202100034498";"140Â 062";"C01";"1";"1";"0";"9";"1";"2";"5";""
"202100034498";"140Â 063";"D01";"1";"1";"0";"9";"1";"2";"5";""
"202100034499";"140Â 059";"A01";"2";"31";"0";"0";"0";"1";"1";""
"202100034500";"140Â 057";"B01";"1";"7";"0";"2";"7";"1";"1";""
"202100034500";"140Â 058";"A01";"2";"7";"0";"2";"1";"1";"1";""
"202100034501";"140Â 055";"B01";"1";"1";"0";"2";"1";"1";"5";""
"202100034501";"140Â 056";"A01";"2";"7";"0";"2";"3";"15";"1";""
"202100034502";"140Â 053";"B01";"2";"7";"0";"2";"3";"1";"1";""
"202100034502";"140Â 054";"A01";"1";"34";"0";"2";"3";"1";"1";""
"202100034503";"140Â 052";"A01";"1";"7";"0";"0";"9";"1";"1";""
"202100034504";"140Â 051";"A01";"1";"33";"8";"0";"1";"1";"1";""
"202100034505";"140Â 049";"B01";"0";"1";"0";"2";"1";"1";"5";""
"202100034505";"140Â 050";"A01";"0";"7";"0";"9";"8";"9";"1";""
"202100034506";"140Â 048";"A01";"3";"2";"0";"0";"0";"1";"1";""
"202100034507";"140Â 046";"A01";"1";"7";"8";"2";"7";"19";"1";""
"202100034507";"140Â 047";"B01";"1";"7";"0";"2";"1";"1";"1";""