"Num_Acc";"id_vehicule";"num_veh";"senc";"catv";"obs";"obsm";"choc";"manv";"motor";"occutc"
"202100034508";"140Â 044";"B01";"1";"10";"0";"2";"3";"1";"1";""
"202100034508";"140Â 045";"A01";"2";"7";"0";"2";"3";"1";"1";""
"202100034509";"140Â 042";"A01";"1";"7";"0";"2";"2";"15";"1";""
"202100034509";"140Â 043";"B01";"2";"2";"0";"2";"1";"1";"1";""
"202100034510";"140Â 040";"B01";"2";"7";"0";"2";"8";"1";"1";""
"202100034510";"140Â 041";"A01";"1";"7";"0";"2";"3";"1";"1";""
"202100034511";"140Â 039";"A01";"2";"10";"3";"0";"2";"0";"1";""
"202100034512";"140Â 037";"B01";"2";"43";"0";"2";"1";"1";"1";""
"202100034512";"140Â 038";"A01";"1";"7";"0";"0";"3";"15";"1";""
"202100034513";"140Â 036";"A01";"2";"7";"4";"0";"9";"2";"1";""
"202100034514";"140Â 033";"C01";"2";"1";"0";"2";"4";"2";"5";""
"202100034514";"140Â 034";"B01";"2";"1";"0";"2";"4";"2";"5";""
"202100034514";"140Â 035";"A01";"2";"7";"0";"2";"1";"2";"1";""
"202100034515";"140Â 032";"A01";"0";"33";"0";"0";"0";"1";"1";""
"202100034516";"140Â 030";"B01";"2";"7";"0";"2";"5";"19";"1";""
"202100034516";"140Â 031";"A01";"2";"32";"0";"2";"1";"1";"1";""
"202100034517";"140Â 028";"A01";"1";"7";"0";"2";"1";"5";"1";""
"202100034517";"140Â 029";"B01";"2";"2";"0";"2";"1";"5";"1";""
"202100034518";"140Â 027";"A01";"2";"33";"2";"0";"8";"1";"1";""
"202100034519";"140Â 026";"A01";"2";"33";"0";"0";"2";"0";"1";""
"202100034520";"140Â 025";"A01";"2";"1";"0";"0";"0";"0";"5";""
"202100034521";"140Â 024";"A01";"3";"1";"0";"0";"0";"1";"5";""
"202100034522";"140Â 022";"B01";"1";"7";"0";"2";"7";"19";"1";""
"202100034522";"140Â 023";"A01";"2";"7";"0";"2";"2";"1";"1";""
"202100034523";"140Â 020";"A01";"1";"33";"0";"2";"1";"14";"1";""
"202100034523";"140Â 021";"B01";"2";"33";"0";"2";"1";"1";"0";""
"202100034524";"140Â 018";"A01";"2";"7";"0";"9";"1";"1";"1";""
"202100034524";"140Â 019";"B01";"0";"1";"0";"2";"8";"19";"5";""
"202100034525";"140Â 016";"A01";"0";"7";"0";"2";"2";"2";"1";""
"202100034525";"140Â 017";"B01";"0";"1";"0";"2";"4";"2";"5";""
"202100034526";"140Â 015";"A01";"1";"7";"0";"1";"8";"1";"0";""
"202100034527";"140Â 013";"B01";"1";"33";"0";"2";"1";"16";"1";""
"202100034527";"140Â 014";"A01";"2";"10";"0";"2";"3";"13";"0";""
"202100034528";"140Â 011";"B01";"0";"21";"0";"2";"3";"1";"1";""
"202100034528";"140Â 012";"A01";"3";"7";"0";"2";"3";"15";"1";""
"202100034529";"140Â 009";"B01";"1";"33";"0";"2";"1";"3";"1";""
"202100034529";"140Â 010";"A01";"1";"7";"0";"2";"8";"10";"1";""
"202100034530";"140Â 007";"A01";"0";"7";"0";"2";"1";"5";"1";""
"202100034530";"140Â 008";"B01";"0";"15";"0";"2";"1";"1";"1";""
"202100034531";"140Â 006";"A01";"2";"7";"2";"0";"3";"17";"1";""
"202100034532";"140Â 005";"A01";"2";"7";"1";"0";"2";"1";"1";""
"202100034533";"140Â 003";"A01";"1";"7";"1";"0";"1";"1";"1";""
"202100034534";"140Â 002";"A01";"2";"33";"9";"0";"3";"1";"1";""
"202100034535";"140Â 001";"A01";"1";"33";"4";"0";"3";"0";"1";""
"202100034536";"139Â 998";"A01";"1";"10";"3";"2";"2";"14";"1";""
"202100034536";"139Â 999";"B01";"1";"7";"0";"2";"6";"1";"1";""
"202100034536";"140Â 000";"C01";"1";"10";"0";"2";"5";"1";"1";""
"202100034537";"139Â 995";"A01";"2";"15";"0";"2";"2";"0";"1";""
"202100034537";"139Â 996";"B01";"2";"7";"0";"2";"5";"0";"1";""
"202100034537";"139Â 997";"C01";"2";"7";"0";"2";"1";"0";"1";""
"202100034538";"139Â 993";"B01";"2";"7";"0";"2";"8";"1";"1";""
"202100034538";"139Â 994";"A01";"2";"17";"0";"2";"2";"12";"1";""
"202100034539";"139Â 992";"A01";"1";"7";"3";"0";"9";"2";"1";""
"202100034540";"139Â 990";"A01";"2";"7";"0";"2";"1";"2";"1";""
"202100034540";"139Â 991";"B01";"2";"10";"0";"2";"4";"2";"1";""
"202100034541";"139Â 987";"A01";"1";"7";"0";"2";"1";"2";"1";""
"202100034541";"139Â 988";"B01";"1";"10";"0";"2";"4";"2";"1";""
"202100034541";"139Â 989";"C01";"1";"10";"0";"2";"4";"2";"1";""
"202100034542";"139Â 984";"A01";"2";"7";"0";"2";"4";"2";"1";""
"202100034542";"139Â 985";"B01";"2";"7";"0";"2";"1";"2";"1";""
"202100034542";"139Â 986";"C01";"2";"10";"0";"2";"0";"0";"1";""
"202100034543";"139Â 982";"B01";"1";"7";"0";"2";"4";"2";"1";""
"202100034543";"139Â 983";"A01";"1";"17";"0";"2";"1";"2";"1";""
"202100034544";"139Â 979";"A01";"2";"7";"0";"2";"1";"2";"1";""
"202100034544";"139Â 980";"B01";"2";"10";"0";"2";"4";"2";"1";""
"202100034544";"139Â 981";"C01";"2";"14";"0";"2";"4";"2";"1";""
"202100034545";"139Â 977";"A01";"2";"7";"0";"2";"1";"2";"1";""
"202100034545";"139Â 978";"B01";"2";"7";"0";"2";"4";"1";"1";""
"202100034546";"139Â 975";"A01";"2";"7";"0";"2";"1";"1";"1";""
"202100034546";"139Â 976";"B01";"2";"7";"0";"2";"5";"11";"1";""
"202100034547";"139Â 973";"B01";"2";"7";"0";"2";"8";"2";"1";""
"202100034547";"139Â 974";"A01";"2";"33";"0";"2";"7";"14";"1";""
"202100034548";"139Â 967";"A01";"2";"7";"0";"1";"2";"1";"1";""
"202100034549";"139Â 966";"A01";"3";"7";"0";"1";"2";"1";"2";""
"202100034550";"139Â 965";"A01";"1";"50";"0";"1";"1";"1";"3";""
"202100034551";"139Â 964";"A01";"1";"7";"0";"1";"1";"1";"1";""
"202100034552";"139Â 962";"B01";"2";"31";"0";"2";"8";"17";"1";""
"202100034552";"139Â 963";"A01";"2";"7";"0";"2";"8";"15";"1";""
"202100034553";"139Â 960";"B01";"1";"7";"0";"2";"1";"1";"1";""
"202100034553";"139Â 961";"A01";"1";"1";"0";"2";"8";"1";"5";""
"202100034554";"139Â 958";"B01";"1";"30";"8";"2";"3";"1";"1";""
"202100034554";"139Â 959";"A01";"2";"7";"0";"2";"1";"1";"1";""
"202100034555";"139Â 956";"A01";"1";"34";"0";"2";"1";"1";"1";""
"202100034555";"139Â 957";"B01";"1";"7";"0";"2";"2";"15";"1";""
"202100034556";"139Â 954";"B01";"1";"33";"8";"2";"1";"1";"1";""
"202100034556";"139Â 955";"A01";"2";"7";"0";"2";"5";"15";"1";""
"202100034557";"139Â 951";"C01";"2";"7";"0";"2";"0";"0";"1";""
"202100034557";"139Â 952";"B01";"2";"33";"0";"2";"0";"0";"1";""
"202100034557";"139Â 953";"A01";"2";"43";"0";"2";"3";"18";"1";""
"202100034558";"139Â 950";"A01";"3";"7";"0";"1";"4";"4";"1";""
"202100034559";"139Â 948";"B01";"1";"7";"0";"2";"4";"23";"1";""
"202100034559";"139Â 949";"A01";"1";"2";"0";"2";"1";"2";"1";""
"202100034560";"139Â 945";"C01";"2";"7";"0";"2";"4";"2";"1";""
"202100034560";"139Â 946";"B01";"2";"7";"0";"2";"4";"2";"1";""
"202100034560";"139Â 947";"A01";"2";"7";"0";"2";"2";"2";"1";""
"202100034561";"139Â 941";"A01";"2";"7";"0";"2";"3";"1";"1";""
"202100034561";"139Â 942";"B01";"1";"43";"0";"2";"1";"17";"1";""
"202100034562";"139Â 938";"A01";"3";"10";"0";"2";"3";"1";"1";""
"202100034562";"139Â 939";"C01";"3";"7";"0";"2";"7";"1";"1";""
"202100034562";"139Â 940";"B01";"3";"7";"0";"2";"1";"16";"1";""
"202100034563";"139Â 936";"B01";"1";"50";"0";"2";"1";"1";"3";""
"202100034563";"139Â 937";"A01";"1";"33";"0";"9";"7";"1";"1";""
"202100034564";"139Â 934";"A01";"1";"7";"0";"2";"7";"16";"1";""
"202100034564";"139Â 935";"B01";"1";"1";"0";"2";"8";"1";"5";""
"202100034565";"139Â 933";"A01";"3";"50";"0";"0";"0";"0";"3";""
"202100034566";"139Â 932";"A01";"3";"7";"8";"0";"0";"1";"1";""
"202100034567";"139Â 930";"B01";"2";"1";"0";"2";"4";"1";"5";""
"202100034567";"139Â 931";"A01";"2";"32";"0";"2";"1";"1";"1";""
"202100034568";"139Â 928";"B01";"1";"7";"0";"2";"1";"1";"1";""
"202100034568";"139Â 929";"A01";"2";"7";"0";"2";"7";"15";"1";""
"202100034569";"139Â 926";"B01";"2";"7";"0";"2";"6";"15";"1";""
"202100034569";"139Â 927";"A01";"2";"7";"0";"2";"1";"1";"1";""
"202100034570";"139Â 924";"B01";"3";"7";"0";"2";"1";"1";"1";""
"202100034570";"139Â 925";"A01";"3";"7";"0";"2";"2";"19";"1";""
"202100034571";"139Â 923";"A01";"3";"10";"6";"0";"0";"2";"1";""
"202100034572";"139Â 921";"B01";"3";"1";"0";"2";"1";"1";"2";""
"202100034572";"139Â 922";"A01";"3";"7";"0";"2";"8";"9";"1";""
"202100034573";"139Â 920";"A01";"1";"30";"0";"0";"0";"1";"1";""
"202100034574";"139Â 918";"A01";"3";"7";"0";"2";"1";"16";"1";""
"202100034574";"139Â 919";"B01";"3";"7";"0";"2";"7";"1";"1";""
"202100034575";"139Â 914";"C01";"0";"7";"0";"2";"4";"2";"1";""
"202100034575";"139Â 915";"D01";"0";"7";"0";"0";"4";"2";"1";""
"202100034575";"139Â 916";"A01";"0";"7";"0";"2";"1";"12";"1";""
"202100034575";"139Â 917";"B01";"0";"7";"0";"0";"4";"23";"1";""
"202100034576";"139Â 913";"A01";"2";"7";"0";"1";"3";"1";"1";""
"202100034577";"139Â 911";"A01";"3";"7";"0";"0";"5";"0";"1";""
"202100034577";"139Â 912";"B01";"3";"1";"0";"0";"1";"0";"5";""
"202100034578";"139Â 909";"B01";"2";"50";"0";"2";"1";"19";"3";""
"202100034578";"139Â 910";"A01";"1";"7";"0";"2";"1";"2";"1";""
"202100034579";"139Â 906";"A01";"2";"0";"0";"2";"1";"26";"0";""
"202100034579";"139Â 907";"B01";"2";"1";"0";"2";"4";"1";"0";""
"202100034579";"139Â 908";"C01";"2";"1";"0";"2";"4";"1";"0";""
"202100034580";"139Â 904";"B01";"1";"80";"1";"0";"1";"1";"3";""
"202100034580";"139Â 905";"A01";"1";"7";"0";"2";"8";"23";"1";""
"202100034581";"139Â 902";"B01";"3";"2";"8";"0";"6";"1";"1";""
"202100034581";"139Â 903";"A01";"0";"7";"0";"2";"3";"15";"1";""
"202100034582";"139Â 901";"A01";"0";"7";"0";"1";"3";"26";"1";""
"202100034583";"139Â 899";"B01";"1";"32";"0";"2";"1";"1";"1";""
"202100034583";"139Â 900";"A01";"2";"7";"0";"2";"7";"15";"1";""
"202100034584";"139Â 897";"Z01";"0";"7";"0";"2";"6";"10";"1";""
"202100034584";"139Â 898";"B01";"0";"33";"0";"2";"1";"15";"1";""
"202100034585";"139Â 896";"A01";"1";"20";"8";"0";"1";"1";"1";""
"202100034586";"139Â 894";"A01";"2";"7";"0";"2";"1";"13";"1";""
"202100034586";"139Â 895";"B01";"1";"7";"0";"2";"2";"13";"1";""
"202100034587";"139Â 891";"B01";"1";"7";"0";"2";"8";"9";"1";""
"202100034587";"139Â 892";"A01";"3";"30";"0";"2";"1";"18";"1";""
"202100034587";"139Â 893";"C01";"1";"7";"0";"2";"0";"1";"1";""
"202100034588";"139Â 889";"B01";"2";"1";"0";"2";"1";"1";"5";""
"202100034588";"139Â 890";"A01";"1";"7";"0";"2";"3";"15";"1";""
"202100034589";"139Â 887";"A01";"1";"7";"0";"2";"7";"15";"1";""
"202100034589";"139Â 888";"B01";"1";"7";"0";"2";"2";"1";"1";""
"202100034590";"139Â 884";"A01";"1";"33";"0";"0";"7";"26";"1";""
"202100034591";"139Â 882";"B01";"3";"1";"0";"2";"7";"1";"5";""
"202100034591";"139Â 883";"A01";"3";"7";"0";"2";"1";"9";"1";""
"202100034592";"139Â 879";"B01";"1";"7";"0";"2";"1";"1";"1";""
"202100034592";"139Â 880";"C01";"1";"7";"0";"2";"4";"1";"1";""
"202100034592";"139Â 881";"A01";"1";"7";"0";"2";"1";"2";"3";""
"202100034593";"139Â 878";"A01";"3";"34";"8";"1";"1";"1";"1";""
"202100034594";"139Â 876";"A01";"2";"32";"14";"2";"2";"17";"1";""
"202100034594";"139Â 877";"B01";"2";"3";"0";"0";"3";"15";"0";""
"202100034595";"139Â 874";"A01";"2";"7";"0";"2";"1";"2";"1";""
"202100034595";"139Â 875";"B01";"1";"2";"0";"2";"7";"15";"1";""
"202100034596";"139Â 872";"A01";"1";"7";"0";"2";"3";"3";"1";""
"202100034596";"139Â 873";"B01";"2";"10";"0";"2";"3";"1";"1";""
"202100034597";"139Â 871";"A01";"1";"1";"0";"1";"8";"1";"5";""
"202100034598";"139Â 869";"B01";"1";"33";"0";"2";"1";"13";"1";""
"202100034598";"139Â 870";"A01";"1";"7";"0";"2";"8";"10";"1";""
"202100034599";"139Â 867";"A01";"1";"7";"0";"2";"5";"12";"1";""
"202100034599";"139Â 868";"B01";"1";"1";"0";"2";"1";"1";"0";""
"202100034600";"139Â 866";"A01";"2";"7";"0";"1";"1";"1";"1";""
"202100034601";"139Â 864";"B01";"3";"33";"0";"0";"4";"0";"1";""
"202100034601";"139Â 865";"A01";"3";"7";"0";"2";"1";"1";"1";""
"202100034602";"139Â 862";"Z01";"3";"7";"0";"0";"0";"11";"1";""
"202100034602";"139Â 863";"A01";"3";"33";"12";"0";"3";"21";"1";""
"202100034603";"139Â 861";"A01";"1";"30";"16";"0";"0";"1";"1";""
"202100034604";"139Â 858";"A01";"2";"7";"0";"2";"1";"2";"1";""
"202100034604";"139Â 859";"B01";"2";"10";"0";"2";"4";"2";"1";""
"202100034604";"139Â 860";"C01";"2";"7";"0";"2";"4";"2";"1";""
"202100034605";"139Â 856";"A01";"1";"32";"0";"2";"7";"3";"1";""
"202100034605";"139Â 857";"B01";"1";"7";"0";"2";"8";"11";"1";""
"202100034606";"139Â 855";"A01";"1";"33";"1";"1";"1";"1";"1";""
"202100034607";"139Â 853";"Z01";"3";"7";"0";"2";"0";"1";"0";""
"202100034607";"139Â 854";"A01";"3";"30";"0";"2";"0";"1";"1";""
"202100034608";"139Â 851";"A01";"1";"7";"0";"2";"1";"16";"1";""
"202100034608";"139Â 852";"B01";"2";"50";"0";"2";"0";"19";"3";""
"202100034609";"139Â 850";"A01";"0";"1";"0";"2";"1";"1";"5";""
"202100034610";"139Â 848";"B01";"1";"30";"0";"2";"7";"14";"1";""
"202100034610";"139Â 849";"A01";"1";"30";"0";"2";"8";"1";"1";""
"202100034611";"139Â 846";"A01";"2";"7";"0";"2";"6";"9";"1";""
"202100034611";"139Â 847";"B01";"2";"30";"0";"2";"1";"1";"1";""
"202100034612";"139Â 845";"A01";"3";"34";"12";"0";"1";"14";"1";""
"202100034613";"139Â 844";"A01";"1";"32";"0";"0";"0";"21";"1";""
"202100034614";"139Â 842";"Z01";"0";"30";"0";"2";"1";"1";"0";""
"202100034614";"139Â 843";"A01";"2";"1";"0";"2";"2";"1";"5";""
"202100034615";"139Â 840";"A01";"1";"30";"0";"2";"1";"2";"1";""
"202100034615";"139Â 841";"B01";"1";"7";"0";"2";"4";"23";"1";""
"202100034616";"139Â 837";"B01";"1";"7";"0";"2";"4";"2";"3";""
"202100034616";"139Â 838";"A01";"1";"7";"0";"2";"1";"2";"1";""
"202100034616";"139Â 839";"C01";"1";"7";"0";"2";"4";"23";"1";""
"202100034617";"139Â 835";"B01";"1";"33";"0";"2";"8";"7";"1";""
"202100034617";"139Â 836";"A01";"1";"7";"0";"2";"2";"16";"2";""
"202100034618";"139Â 834";"A01";"2";"30";"0";"0";"1";"7";"3";""
"202100034619";"139Â 832";"A01";"2";"50";"0";"2";"8";"5";"3";""
"202100034619";"139Â 833";"B01";"1";"7";"0";"2";"3";"1";"1";""
"202100034620";"139Â 831";"A01";"1";"7";"0";"1";"1";"1";"1";""
"202100034621";"139Â 830";"A01";"2";"33";"0";"1";"3";"0";"1";""
"202100034622";"139Â 828";"B01";"1";"7";"0";"2";"1";"1";"1";""
"202100034622";"139Â 829";"A01";"1";"7";"0";"2";"3";"1";"6";""
"202100034623";"139Â 826";"A01";"2";"7";"0";"2";"2";"1";"1";""
"202100034623";"139Â 827";"B01";"1";"60";"0";"2";"7";"19";"5";""
"202100034624";"139Â 824";"A01";"1";"7";"0";"2";"1";"9";"1";""
"202100034624";"139Â 825";"B01";"1";"31";"0";"2";"1";"0";"1";""
"202100034625";"139Â 822";"B01";"0";"50";"0";"0";"8";"0";"3";""
"202100034625";"139Â 823";"A01";"1";"7";"0";"2";"1";"1";"1";""
"202100034626";"139Â 820";"A01";"1";"7";"0";"0";"0";"0";"0";""
"202100034626";"139Â 821";"B01";"3";"1";"0";"2";"1";"1";"0";""
"202100034627";"139Â 818";"B01";"2";"1";"0";"2";"1";"1";"0";""
"202100034627";"139Â 819";"A01";"1";"7";"0";"9";"7";"15";"1";""
"202100034628";"139Â 815";"C01";"3";"7";"0";"2";"6";"1";"1";""
"202100034628";"139Â 816";"B01";"3";"7";"0";"2";"2";"1";"1";""
"202100034628";"139Â 817";"A01";"0";"33";"0";"2";"3";"3";"1";""
"202100034629";"139Â 814";"A01";"2";"7";"0";"1";"3";"1";"1";""
"202100034630";"139Â 812";"A01";"3";"32";"0";"2";"3";"15";"1";""
"202100034630";"139Â 813";"B01";"0";"3";"0";"0";"0";"0";"0";""
"202100034631";"139Â 811";"A01";"2";"7";"0";"1";"1";"1";"2";""
"202100034632";"139Â 810";"A01";"3";"33";"0";"1";"3";"1";"1";""
"202100034633";"139Â 809";"A01";"1";"7";"2";"0";"1";"14";"1";""
"202100034634";"139Â 808";"A01";"1";"33";"15";"9";"1";"14";"1";""
"202100034635";"139Â 807";"A01";"1";"7";"2";"0";"2";"0";"1";""
"202100034636";"139Â 805";"A01";"1";"7";"0";"9";"1";"2";"1";""
"202100034636";"139Â 806";"B01";"1";"1";"0";"0";"4";"2";"5";""
"202100034637";"139Â 803";"B01";"2";"7";"0";"2";"3";"1";"1";""
"202100034637";"139Â 804";"A01";"1";"7";"0";"2";"1";"13";"1";""
"202100034638";"139Â 801";"B01";"2";"1";"0";"2";"1";"1";"5";""
"202100034638";"139Â 802";"A01";"1";"7";"0";"2";"2";"15";"1";""
"202100034639";"139Â 799";"B01";"2";"1";"0";"2";"4";"2";"5";""
"202100034639";"139Â 800";"A01";"2";"7";"0";"2";"2";"17";"1";""
"202100034640";"139Â 798";"A01";"1";"7";"2";"0";"1";"0";"1";""
"202100034641";"139Â 797";"A01";"1";"7";"0";"0";"9";"0";"1";""
"202100034642";"139Â 796";"A01";"1";"7";"8";"0";"2";"1";"1";""
"202100034643";"139Â 794";"B01";"2";"2";"0";"0";"4";"2";"1";""
"202100034643";"139Â 795";"A01";"2";"7";"0";"2";"1";"2";"2";""
"202100034644";"139Â 792";"B01";"1";"7";"0";"2";"3";"1";"1";""
"202100034644";"139Â 793";"A01";"2";"7";"0";"2";"3";"13";"1";""
"202100034645";"139Â 790";"A01";"2";"10";"0";"2";"2";"12";"1";""
"202100034645";"139Â 791";"B01";"2";"7";"0";"2";"4";"1";"1";""
"202100034646";"139Â 789";"A01";"0";"2";"3";"0";"1";"1";"1";""
"202100034647";"139Â 788";"A01";"1";"7";"0";"1";"7";"1";"1";""
"202100034648";"139Â 786";"B01";"2";"7";"0";"9";"2";"1";"1";""
"202100034648";"139Â 787";"A01";"0";"50";"0";"2";"2";"15";"3";""
"202100034649";"139Â 784";"B01";"1";"1";"0";"2";"0";"1";"5";""
"202100034649";"139Â 785";"A01";"2";"7";"0";"2";"1";"1";"1";""
"202100034650";"139Â 783";"A01";"1";"7";"8";"0";"1";"14";"1";""
"202100034651";"139Â 782";"A01";"3";"33";"0";"0";"0";"0";"0";""
"202100034652";"139Â 781";"A01";"3";"2";"0";"0";"8";"1";"1";""
"202100034653";"139Â 780";"A01";"3";"50";"0";"0";"0";"1";"3";""
"202100034654";"139Â 776";"A01";"3";"7";"0";"0";"0";"1";"1";""
"202100034654";"139Â 777";"B01";"3";"1";"0";"2";"0";"1";"6";""
"202100034655";"139Â 775";"A01";"1";"7";"13";"0";"1";"1";"1";""
"202100034656";"139Â 772";"A01";"3";"1";"0";"2";"1";"9";"5";""
"202100034656";"139Â 773";"B01";"2";"7";"0";"2";"7";"1";"1";""
"202100034657";"139Â 771";"A01";"1";"33";"0";"0";"1";"1";"1";""
"202100034658";"139Â 769";"A01";"1";"7";"13";"2";"1";"15";"1";""
"202100034658";"139Â 770";"B01";"2";"7";"0";"2";"1";"1";"1";""
"202100034659";"139Â 767";"B01";"1";"33";"0";"2";"1";"1";"1";""
"202100034659";"139Â 768";"A01";"1";"7";"0";"2";"8";"19";"1";""
"202100034660";"139Â 765";"B01";"2";"13";"0";"2";"3";"1";"1";""
"202100034660";"139Â 766";"A01";"1";"7";"0";"2";"3";"13";"1";""
"202100034661";"139Â 764";"A01";"1";"33";"8";"0";"1";"1";"1";""
"202100034662";"139Â 763";"A01";"2";"7";"2";"0";"0";"13";"1";""
"202100034663";"139Â 761";"B01";"3";"7";"0";"2";"3";"1";"1";""
"202100034663";"139Â 762";"A01";"3";"1";"0";"2";"1";"13";"5";""
"202100034664";"139Â 760";"A01";"3";"60";"0";"0";"0";"1";"5";""
"202100034665";"139Â 759";"A01";"2";"1";"0";"0";"1";"1";"5";""
"202100034666";"139Â 757";"A01";"0";"7";"0";"2";"3";"13";"1";""
"202100034666";"139Â 758";"B01";"0";"7";"0";"2";"3";"1";"1";""
"202100034667";"139Â 755";"A01";"1";"7";"0";"2";"1";"5";"1";""
"202100034667";"139Â 756";"B01";"2";"1";"0";"2";"1";"1";"5";""
"202100034668";"139Â 754";"A01";"2";"7";"8";"0";"9";"1";"1";""
"202100034669";"139Â 753";"A01";"1";"1";"0";"5";"1";"1";"5";""
"202100034670";"139Â 751";"B01";"1";"7";"0";"2";"1";"1";"1";""
"202100034670";"139Â 752";"A01";"2";"7";"0";"2";"1";"5";"1";""
"202100034671";"139Â 750";"A01";"3";"7";"0";"1";"4";"26";"0";""
"202100034672";"139Â 749";"A01";"2";"2";"2";"0";"1";"0";"1";""
"202100034673";"139Â 748";"A01";"1";"7";"2";"0";"1";"1";"1";""
"202100034674";"139Â 745";"B01";"3";"7";"0";"9";"6";"23";"1";""
"202100034674";"139Â 746";"A01";"3";"10";"0";"2";"2";"1";"1";""
"202100034674";"139Â 747";"C01";"3";"50";"0";"0";"8";"19";"3";""
"202100034675";"139Â 744";"A01";"1";"2";"9";"0";"1";"1";"1";""
"202100034676";"139Â 743";"A01";"2";"33";"0";"0";"2";"1";"1";""
"202100034677";"139Â 741";"B01";"1";"10";"0";"2";"2";"17";"1";""
"202100034677";"139Â 742";"A01";"1";"1";"0";"2";"8";"0";"5";""
"202100034678";"139Â 739";"A01";"1";"7";"0";"2";"5";"17";"1";""
"202100034678";"139Â 740";"B01";"1";"1";"0";"2";"3";"1";"6";""
"202100034679";"139Â 737";"A01";"0";"7";"12";"2";"1";"5";"1";""
"202100034679";"139Â 738";"B01";"0";"7";"12";"2";"1";"1";"1";""
"202100034680";"139Â 736";"A01";"1";"31";"0";"0";"8";"1";"1";""
"202100034681";"139Â 734";"B01";"0";"36";"0";"2";"2";"1";"1";""
"202100034681";"139Â 735";"A01";"0";"31";"0";"2";"1";"1";"1";""
"202100034682";"139Â 732";"B01";"3";"7";"0";"2";"9";"0";"1";""
"202100034682";"139Â 733";"A01";"3";"7";"7";"2";"2";"9";"1";""
"202100034683";"139Â 730";"A01";"0";"7";"0";"2";"1";"26";"1";""
"202100034683";"139Â 731";"B01";"3";"7";"0";"2";"2";"1";"1";""
"202100034684";"139Â 728";"B01";"0";"30";"0";"2";"4";"2";"1";""
"202100034684";"139Â 729";"A01";"0";"7";"0";"2";"1";"2";"0";""
"202100034685";"139Â 726";"B01";"2";"2";"0";"2";"4";"15";"1";""
"202100034685";"139Â 727";"A01";"2";"10";"0";"2";"2";"17";"1";""
"202100034686";"139Â 724";"A01";"3";"10";"0";"2";"3";"1";"1";""
"202100034686";"139Â 725";"B01";"3";"30";"0";"2";"1";"1";"1";""
"202100034687";"139Â 723";"A01";"1";"17";"13";"0";"3";"1";"1";""
"202100034688";"139Â 721";"B01";"1";"10";"1";"0";"2";"1";"1";""
"202100034688";"139Â 722";"A01";"1";"7";"0";"2";"8";"24";"1";""
"202100034689";"139Â 719";"B01";"2";"7";"0";"2";"1";"2";"1";""
"202100034689";"139Â 720";"A01";"2";"7";"0";"0";"4";"23";"1";""
"202100034690";"139Â 718";"A01";"2";"15";"0";"1";"2";"1";"1";""
"202100034691";"139Â 716";"B01";"2";"7";"0";"9";"3";"9";"1";""
"202100034691";"139Â 717";"A01";"3";"1";"0";"2";"1";"1";"5";""
"202100034692";"139Â 714";"B01";"1";"10";"0";"0";"4";"2";"1";""
"202100034692";"139Â 715";"A01";"1";"7";"4";"2";"1";"2";"1";""
"202100034693";"139Â 713";"A01";"3";"10";"0";"0";"3";"1";"1";""
"202100034694";"139Â 711";"B01";"1";"2";"0";"2";"8";"15";"1";""
"202100034694";"139Â 712";"A01";"1";"7";"0";"2";"2";"1";"1";""
"202100034695";"139Â 708";"B01";"2";"15";"1";"0";"2";"1";"1";""
"202100034695";"139Â 709";"C01";"2";"7";"0";"2";"1";"1";"1";""
"202100034695";"139Â 710";"A01";"2";"10";"0";"0";"4";"23";"1";""
"202100034696";"139Â 706";"A01";"1";"7";"0";"2";"6";"1";"1";""
"202100034696";"139Â 707";"B01";"2";"7";"0";"2";"3";"16";"1";""
"202100034697";"139Â 704";"A01";"1";"33";"0";"2";"1";"1";"1";""
"202100034697";"139Â 705";"B01";"2";"7";"0";"2";"1";"1";"1";""
"202100034698";"139Â 702";"A01";"3";"7";"0";"0";"2";"15";"1";""
"202100034698";"139Â 703";"B01";"3";"33";"0";"0";"3";"1";"1";""
"202100034699";"139Â 700";"A01";"1";"38";"0";"2";"3";"1";"1";"1"
"202100034699";"139Â 701";"B01";"2";"14";"0";"2";"3";"1";"1";""
"202100034700";"139Â 699";"A01";"2";"7";"10";"0";"2";"14";"1";""
"202100034701";"139Â 697";"B01";"1";"33";"0";"2";"2";"5";"1";""
"202100034701";"139Â 698";"A01";"2";"15";"0";"2";"1";"1";"1";""
"202100034702";"139Â 695";"B01";"2";"1";"0";"0";"7";"1";"5";""
"202100034702";"139Â 696";"A01";"0";"7";"0";"2";"1";"9";"1";""
"202100034703";"139Â 693";"A01";"2";"7";"0";"2";"7";"1";"1";""
"202100034703";"139Â 694";"B01";"2";"1";"0";"2";"8";"1";"5";""
"202100034704";"139Â 692";"A01";"2";"7";"13";"0";"9";"1";"1";""
"202100034705";"139Â 690";"B01";"1";"10";"0";"2";"3";"15";"1";""
"202100034705";"139Â 691";"A01";"1";"33";"0";"2";"1";"17";"1";""
"202100034706";"139Â 688";"B01";"3";"2";"0";"2";"1";"13";"1";""
"202100034706";"139Â 689";"A01";"3";"10";"0";"2";"1";"1";"1";""
"202100034707";"139Â 686";"A01";"1";"7";"0";"2";"1";"1";"1";""
"202100034707";"139Â 687";"B01";"2";"7";"0";"2";"1";"1";"1";""
"202100034708";"139Â 684";"B01";"0";"7";"0";"2";"7";"1";"1";""