"Num_Acc";"id_vehicule";"num_veh";"senc";"catv";"obs";"obsm";"choc";"manv";"motor";"occutc"
"202100034708";"139Â 685";"A01";"0";"7";"0";"2";"1";"19";"1";""
"202100034709";"139Â 683";"A01";"2";"33";"14";"0";"1";"0";"1";""
"202100034710";"139Â 680";"A01";"1";"7";"0";"2";"4";"2";"1";""
"202100034710";"139Â 681";"B01";"1";"7";"0";"2";"1";"2";"1";""
"202100034710";"139Â 682";"C01";"1";"7";"0";"2";"1";"2";"1";""
"202100034711";"139Â 678";"B01";"1";"43";"0";"2";"1";"1";"1";""
"202100034711";"139Â 679";"A01";"1";"7";"0";"2";"5";"2";"1";""
"202100034712";"139Â 676";"A01";"1";"7";"0";"2";"4";"2";"1";""
"202100034712";"139Â 677";"B01";"1";"7";"0";"2";"1";"2";"1";""
"202100034713";"139Â 674";"A01";"1";"34";"0";"2";"4";"1";"1";""
"202100034713";"139Â 675";"B01";"1";"7";"0";"2";"1";"1";"1";""
"202100034714";"139Â 672";"B01";"1";"7";"0";"2";"5";"1";"1";""
"202100034714";"139Â 673";"A01";"1";"43";"0";"2";"3";"3";"1";""
"202100034715";"139Â 668";"T01";"2";"7";"0";"0";"0";"2";"1";""
"202100034715";"139Â 669";"C01";"1";"7";"0";"9";"1";"1";"1";""
"202100034715";"139Â 670";"A01";"2";"7";"0";"2";"1";"18";"1";""
"202100034715";"139Â 671";"B01";"2";"7";"0";"2";"5";"12";"1";""
"202100034716";"139Â 666";"A01";"1";"7";"4";"2";"2";"14";"1";""
"202100034716";"139Â 667";"B01";"2";"7";"0";"9";"1";"1";"1";""
"202100034717";"139Â 662";"A01";"1";"7";"0";"2";"1";"2";"1";""
"202100034717";"139Â 663";"B01";"1";"7";"0";"2";"4";"2";"1";""
"202100034717";"139Â 664";"C01";"1";"7";"0";"2";"4";"2";"1";""
"202100034717";"139Â 665";"D01";"1";"7";"0";"2";"4";"2";"1";""
"202100034718";"139Â 660";"B01";"2";"7";"0";"2";"3";"11";"1";""
"202100034718";"139Â 661";"A01";"2";"43";"0";"2";"1";"3";"1";""
"202100034719";"139Â 658";"A01";"2";"7";"0";"2";"2";"1";"1";""
"202100034719";"139Â 659";"B01";"2";"7";"0";"2";"6";"1";"1";""
"202100034720";"139Â 655";"A01";"1";"33";"0";"2";"1";"3";"1";""
"202100034720";"139Â 656";"B01";"1";"7";"0";"2";"6";"1";"1";""
"202100034720";"139Â 657";"C01";"1";"7";"0";"2";"5";"1";"1";""
"202100034721";"139Â 652";"A01";"1";"7";"0";"2";"1";"11";"1";""
"202100034721";"139Â 653";"B01";"1";"7";"0";"2";"1";"2";"1";""
"202100034721";"139Â 654";"C01";"1";"7";"0";"2";"4";"2";"1";""
"202100034722";"139Â 650";"B01";"2";"7";"0";"2";"0";"26";"1";""
"202100034722";"139Â 651";"A01";"2";"7";"0";"2";"0";"26";"1";""
"202100034723";"139Â 647";"C01";"1";"7";"0";"2";"0";"0";"1";""
"202100034723";"139Â 648";"A01";"1";"7";"0";"2";"1";"26";"1";""
"202100034723";"139Â 649";"B01";"1";"7";"0";"2";"4";"26";"1";""
"202100034724";"139Â 646";"A01";"1";"7";"4";"0";"9";"0";"1";""
"202100034725";"139Â 643";"A01";"2";"7";"0";"2";"1";"1";"1";""
"202100034725";"139Â 644";"B01";"1";"7";"0";"2";"4";"2";"1";""
"202100034725";"139Â 645";"C01";"1";"7";"0";"2";"4";"2";"1";""
"202100034726";"139Â 640";"A01";"2";"7";"0";"2";"1";"1";"1";""
"202100034726";"139Â 641";"B01";"2";"7";"0";"2";"4";"2";"1";""
"202100034726";"139Â 642";"C01";"2";"7";"0";"2";"4";"2";"1";""
"202100034727";"139Â 639";"A01";"2";"7";"4";"0";"9";"14";"1";""
"202100034728";"139Â 637";"A01";"2";"7";"0";"2";"1";"2";"2";""
"202100034728";"139Â 638";"B01";"2";"33";"0";"2";"4";"2";"1";""
"202100034729";"139Â 634";"C01";"2";"34";"0";"2";"1";"1";"1";""
"202100034729";"139Â 635";"B01";"2";"7";"0";"2";"6";"1";"2";""
"202100034729";"139Â 636";"A01";"2";"15";"0";"2";"5";"12";"1";""
"202100034730";"139Â 633";"A01";"2";"7";"4";"0";"3";"13";"1";""
"202100034731";"139Â 632";"A01";"2";"33";"0";"2";"2";"1";"1";""
"202100034732";"139Â 630";"B01";"1";"10";"0";"2";"4";"11";"1";""
"202100034732";"139Â 631";"A01";"1";"33";"0";"2";"1";"9";"1";""
"202100034733";"139Â 628";"B01";"1";"7";"0";"9";"7";"1";"1";""
"202100034733";"139Â 629";"A01";"1";"2";"0";"9";"1";"1";"1";""
"202100034734";"139Â 626";"Z01";"2";"7";"0";"2";"0";"16";"1";""
"202100034734";"139Â 627";"A01";"2";"1";"0";"2";"0";"0";"5";""
"202100034735";"139Â 623";"A01";"2";"7";"9";"2";"1";"1";"1";""
"202100034735";"139Â 624";"C01";"2";"1";"0";"2";"8";"1";"0";""
"202100034735";"139Â 625";"B01";"2";"32";"0";"2";"8";"1";"1";""
"202100034736";"139Â 621";"B01";"2";"7";"0";"2";"1";"1";"1";""
"202100034736";"139Â 622";"A01";"1";"80";"0";"2";"8";"1";"3";""
"202100034737";"139Â 620";"A01";"1";"30";"0";"0";"0";"1";"1";""
"202100034738";"139Â 618";"A01";"3";"30";"0";"2";"1";"17";"1";""
"202100034738";"139Â 619";"B01";"0";"7";"0";"2";"8";"15";"1";""
"202100034739";"139Â 616";"B01";"3";"1";"0";"2";"0";"0";"5";""
"202100034739";"139Â 617";"A01";"2";"10";"0";"2";"7";"16";"1";""
"202100034740";"139Â 615";"A01";"1";"33";"0";"0";"7";"14";"1";""
"202100034741";"139Â 613";"A01";"1";"7";"0";"1";"1";"1";"1";""
"202100034742";"139Â 611";"A01";"2";"7";"0";"2";"3";"2";"1";""
"202100034742";"139Â 612";"B01";"2";"7";"1";"2";"4";"2";"1";""
"202100034743";"139Â 609";"A01";"1";"30";"0";"2";"1";"15";"1";""
"202100034743";"139Â 610";"X01";"1";"7";"0";"2";"0";"0";"0";""
"202100034744";"139Â 607";"B01";"0";"32";"0";"2";"2";"1";"1";""
"202100034744";"139Â 608";"A01";"1";"7";"0";"2";"3";"9";"0";""
"202100034745";"139Â 605";"B01";"2";"33";"0";"2";"4";"1";"1";""
"202100034745";"139Â 606";"A01";"1";"7";"0";"2";"3";"9";"1";""
"202100034746";"139Â 601";"A01";"2";"30";"0";"1";"1";"1";"1";""
"202100034747";"139Â 600";"A01";"0";"7";"0";"1";"2";"0";"1";""
"202100034748";"139Â 598";"B01";"2";"1";"0";"2";"1";"1";"0";""
"202100034748";"139Â 599";"A01";"1";"10";"0";"2";"8";"15";"1";""
"202100034749";"139Â 597";"A01";"2";"2";"12";"0";"0";"1";"1";""
"202100034750";"139Â 593";"A01";"2";"7";"0";"2";"1";"2";"1";""
"202100034750";"139Â 594";"B01";"2";"7";"0";"2";"4";"2";"1";""
"202100034750";"139Â 595";"C01";"2";"7";"0";"2";"4";"2";"1";""
"202100034750";"139Â 596";"D01";"2";"7";"14";"0";"4";"2";"1";""
"202100034751";"139Â 592";"A01";"1";"7";"0";"1";"1";"2";"1";""
"202100034752";"139Â 591";"A01";"1";"7";"0";"1";"1";"26";"2";""
"202100034753";"139Â 590";"A01";"2";"10";"0";"1";"3";"1";"1";""
"202100034754";"139Â 588";"A01";"2";"7";"0";"2";"8";"10";" -1";""
"202100034754";"139Â 589";"B01";"1";"7";"0";"2";"1";"1";" -1";""
"202100034755";"139Â 587";"A01";"2";"33";"0";"0";"0";"1";"1";""
"202100034756";"139Â 585";"A01";"2";"30";"0";"2";"7";"19";"1";""
"202100034756";"139Â 586";"B01";"2";"7";"0";"2";"8";"1";"1";""
"202100034757";"139Â 583";"B01";"2";"32";"0";"2";"6";"21";"1";""
"202100034757";"139Â 584";"A01";"2";"7";"0";"2";"2";"12";"1";""
"202100034758";"139Â 582";"A01";"1";"7";"1";"0";"2";"2";"1";""
"202100034759";"139Â 580";"A01";"2";"7";"0";"2";"3";"10";"1";""
"202100034759";"139Â 581";"B01";"2";"33";"0";"2";"2";"2";"1";""
"202100034760";"139Â 578";"A01";"2";"7";"15";"2";"4";"26";"1";""
"202100034760";"139Â 579";"B01";"2";"7";"0";"2";"2";"26";"1";""
"202100034761";"139Â 577";"A01";"1";"7";"16";"0";"1";"14";"1";""
"202100034762";"139Â 575";"B01";"2";"7";"0";"0";"0";"0";"1";""
"202100034762";"139Â 576";"A01";"1";"34";"0";"2";"3";"17";"1";""
"202100034763";"139Â 573";"B01";"3";"31";"0";"2";"8";"1";"1";""
"202100034763";"139Â 574";"Z01";"1";"7";"0";"2";"1";"15";"0";""
"202100034764";"139Â 571";"B01";"1";"7";"0";"2";"8";"0";"1";""
"202100034764";"139Â 572";"A01";"2";"7";"0";"2";"1";"13";"1";""
"202100034765";"139Â 570";"A01";"1";"31";"1";"0";"1";"1";"1";""
"202100034766";"139Â 568";"B01";"3";"7";"0";"2";"1";"1";"1";""
"202100034766";"139Â 569";"A01";"0";"1";"0";"2";"5";"1";"5";""
"202100034767";"139Â 567";"A01";"3";"7";"0";"1";"3";"1";"1";""
"202100034768";"139Â 566";"A01";"1";"33";"8";"0";"1";"14";"1";""
"202100034769";"139Â 564";"A01";"2";"33";"0";"2";"1";"1";"0";""
"202100034769";"139Â 565";"B01";"1";"7";"0";"2";"8";"15";"1";""
"202100034770";"139Â 563";"A01";"2";"7";"0";"1";"3";"9";"1";""
"202100034771";"139Â 561";"B01";"2";"7";"0";"2";"3";"2";"1";""
"202100034771";"139Â 562";"A01";"2";"32";"0";"2";"2";"17";"1";""
"202100034772";"139Â 560";"A01";"1";"7";"1";"0";"3";"13";"1";""
"202100034773";"139Â 558";"B01";"1";"7";"0";"2";"4";"2";"1";""
"202100034773";"139Â 559";"A01";"1";"7";"0";"2";"1";"2";"1";""
"202100034774";"139Â 554";"B01";"2";"7";"0";"2";"2";"13";"2";""
"202100034774";"139Â 555";"A01";"1";"7";"0";"2";"1";"9";"1";""
"202100034774";"139Â 556";"C01";"3";"7";"1";"0";"6";"0";"1";""
"202100034774";"139Â 557";"D01";"3";"7";"1";"0";"0";"0";"1";""
"202100034775";"139Â 552";"A01";"2";"7";"0";"2";"1";"9";"1";""
"202100034775";"139Â 553";"B01";"1";"33";"0";"2";"2";"26";"1";""
"202100034776";"139Â 550";"A01";"1";"33";"0";"2";"3";"2";"1";""
"202100034776";"139Â 551";"B01";"1";"7";"0";"2";"5";"2";"1";""
"202100034777";"139Â 548";"B01";"1";"7";"0";"2";"3";"11";"1";""
"202100034777";"139Â 549";"A01";"1";"33";"0";"2";"2";"3";"1";""
"202100034778";"139Â 547";"A01";"1";"7";"0";"1";"3";"1";"2";""
"202100034779";"139Â 544";"C01";"1";"7";"0";"2";"8";"7";"1";""
"202100034779";"139Â 545";"B01";"1";"7";"0";"2";"5";"1";"2";""
"202100034779";"139Â 546";"A01";"1";"33";"0";"2";"3";"18";"1";""
"202100034780";"139Â 543";"A01";"1";"30";"0";"1";"1";"5";"1";""
"202100034781";"139Â 541";"A01";"2";"7";"0";"2";"2";"9";"1";""
"202100034781";"139Â 542";"B01";"1";"80";"0";"2";"1";"1";"3";""
"202100034782";"139Â 539";"A01";"1";"34";"0";"2";"2";"17";"1";""
"202100034782";"139Â 540";"B01";"1";"7";"0";"2";"3";"15";"1";""
"202100034783";"139Â 537";"B01";"1";"7";"0";"2";"3";"1";"1";""
"202100034783";"139Â 538";"A01";"1";"1";"0";"2";"7";"15";"5";""
"202100034784";"139Â 536";"A01";"1";"50";"1";"0";"0";"14";"3";""
"202100034785";"139Â 534";"A01";"1";"32";"0";"2";"4";"2";"1";""
"202100034785";"139Â 535";"Z01";"1";"7";"0";"2";"1";"2";"0";""
"202100034786";"139Â 532";"A01";"2";"1";"0";"2";"1";"1";"5";""
"202100034786";"139Â 533";"B01";"1";"34";"0";"2";"3";"1";"1";""
"202100034787";"139Â 531";"A01";"2";"50";"0";"1";"1";"1";"3";""
"202100034788";"139Â 530";"A01";"3";"32";"0";"1";"4";"25";"1";""
"202100034789";"139Â 528";"B01";"2";"1";"0";"2";"1";"1";"5";""
"202100034789";"139Â 529";"A01";"1";"50";"0";"2";"1";"5";"3";""
"202100034790";"139Â 526";"A01";"2";"50";"0";"2";"2";"5";"3";""
"202100034790";"139Â 527";"B01";"1";"33";"0";"2";"2";"1";"1";""
"202100034791";"139Â 524";"A01";"0";"1";"0";"2";"1";"1";"5";""
"202100034791";"139Â 525";"B01";"0";"10";"0";"2";"7";"1";"1";""
"202100034792";"139Â 522";"A01";"2";"1";"0";"2";"1";"1";"5";""
"202100034792";"139Â 523";"B01";"1";"7";"0";"2";"6";"15";"1";""
"202100034793";"139Â 521";"A01";"2";"10";"0";"1";"1";"15";"1";""
"202100034794";"139Â 520";"A01";"2";"7";"0";"1";"8";"15";"1";""
"202100034795";"139Â 516";"B01";"1";"7";"0";"0";"3";"0";"1";""
"202100034795";"139Â 517";"A01";"2";"7";"1";"2";"2";"0";"1";""
"202100034795";"139Â 518";"C01";"1";"7";"0";"0";"3";"0";"1";""
"202100034795";"139Â 519";"KD01";"1";"7";"0";"0";"0";"0";"1";""
"202100034796";"139Â 515";"A01";"1";"10";"0";"2";"3";"15";"1";""
"202100034797";"139Â 513";"A01";"1";"7";"0";"9";"3";"19";"1";""
"202100034797";"139Â 514";"B01";"1";"50";"0";"2";"1";"1";"3";""
"202100034798";"139Â 511";"B01";"1";"50";"0";"2";"3";"1";"3";""
"202100034798";"139Â 512";"A01";"1";"7";"0";"2";"6";"1";"1";""
"202100034799";"139Â 509";"A01";"0";"7";"0";"2";"3";"1";"0";""
"202100034799";"139Â 510";"B01";"1";"33";"0";"2";"1";"2";"0";""
"202100034800";"139Â 507";"B01";"1";"60";"0";"2";"1";"1";"5";""
"202100034800";"139Â 508";"A01";"2";"10";"0";"2";"1";"16";"1";""
"202100034801";"139Â 506";"A01";"2";"30";"0";"2";"1";"17";"1";""
"202100034802";"139Â 503";"B01";"1";"10";"0";"2";"4";"1";"1";""
"202100034802";"139Â 504";"C01";"1";"7";"0";"2";"4";"1";"1";""
"202100034802";"139Â 505";"A01";"1";"7";"0";"2";"1";"1";"1";""
"202100034803";"139Â 501";"A01";"2";"7";"0";"0";"0";"0";"1";""
"202100034803";"139Â 502";"B01";"0";"7";"0";"0";"0";"0";"1";""
"202100034804";"139Â 498";"B01";"1";"1";"0";"2";"2";"5";"5";""
"202100034804";"139Â 499";"A01";"2";"2";"0";"9";"1";"18";"1";""
"202100034805";"139Â 496";"A01";" -1";"7";"0";"2";"2";"9";"0";""
"202100034805";"139Â 497";"B01";" -1";"99";"0";"2";"1";"3";"0";""
"202100034806";"139Â 494";"A01";"1";"7";"0";"2";"3";"15";"1";""
"202100034806";"139Â 495";"Z01";"1";"7";"0";"2";"1";"0";"1";""
"202100034807";"139Â 492";"B01";"1";"1";"0";"2";"1";"1";"5";""
"202100034807";"139Â 493";"A01";"1";"7";"0";"2";"4";"23";"1";""
"202100034808";"139Â 490";"B01";"2";"2";"0";"2";"1";"1";"1";""
"202100034808";"139Â 491";"A01";"2";"7";"0";"2";"8";"10";"1";""
"202100034809";"139Â 489";"A01";"2";"34";"0";"1";"1";"5";"1";""
"202100034810";"139Â 488";"A01";"2";"43";"8";"0";"9";"26";"1";""
"202100034811";"139Â 486";"A01";"0";"7";"0";"2";"3";"15";"2";""
"202100034811";"139Â 487";"B01";"2";"37";"0";"2";"2";"1";"1";"1"
"202100034812";"139Â 484";"B01";"2";"7";"0";"2";"3";"15";"1";""
"202100034812";"139Â 485";"A01";"1";"2";"0";"2";"1";"1";"1";""
"202100034813";"139Â 482";"A01";"3";"43";"0";"2";"1";"1";"1";""
"202100034813";"139Â 483";"B01";"3";"3";"0";"2";"4";"0";"1";""
"202100034814";"139Â 481";"A01";"2";"32";"0";"0";"1";"13";"1";""
"202100034815";"139Â 480";"A01";"1";"60";"0";"1";"1";"1";"5";""
"202100034816";"139Â 478";"A01";"2";"7";"0";"2";"2";"11";"1";""
"202100034816";"139Â 479";"B01";"2";"7";"0";"2";"2";"1";"1";""
"202100034817";"139Â 477";"A01";"3";"7";"13";"0";"1";"1";"1";""
"202100034818";"139Â 475";"A01";"2";"2";"0";"2";"1";"19";"1";""
"202100034818";"139Â 476";"B01";"1";"7";"0";"2";"8";"19";"1";""
"202100034819";"139Â 473";"B01";"1";"7";"0";"2";"3";"1";"1";""
"202100034819";"139Â 474";"A01";"2";"7";"0";"2";"6";"26";"1";""
"202100034820";"139Â 472";"A01";"1";"33";"0";"0";"0";"9";"1";""
"202100034821";"139Â 471";"A01";"3";"36";"0";"0";"0";"0";"1";""
"202100034822";"139Â 469";"B01";"1";"7";"0";"2";"6";"2";"1";""
"202100034822";"139Â 470";"A01";"1";"33";"0";"2";"1";"2";"1";""
"202100034823";"139Â 467";"A01";"1";"7";"0";"2";"3";"15";"1";""
"202100034823";"139Â 468";"B01";"2";"7";"0";"2";"1";"1";"1";""
"202100034824";"139Â 466";"A01";"1";"7";"13";"0";"2";"14";"1";""
"202100034825";"139Â 463";"A01";"2";"33";"0";"2";"1";"1";"1";""
"202100034825";"139Â 464";"B01";"2";"33";"0";"2";"1";"1";"1";""
"202100034825";"139Â 465";"C01";"1";"7";"0";"2";"1";"17";"1";""
"202100034826";"139Â 461";"A01";"2";"10";"0";"2";"7";"17";"1";""
"202100034826";"139Â 462";"B01";"2";"21";"0";"2";"3";"15";"1";""
"202100034827";"139Â 457";"B01";"1";"7";"0";"2";"3";"1";"1";""
"202100034827";"139Â 458";"A01";"1";"33";"0";"2";"0";"17";"1";""
"202100034828";"139Â 456";"A01";"2";"33";"0";"0";"0";"1";"1";""
"202100034829";"139Â 455";"A01";"3";"7";"2";"0";"8";"1";"1";""
"202100034830";"139Â 454";"A01";"1";"7";"2";"0";"1";"13";"1";""
"202100034831";"139Â 450";"D01";"1";"7";"0";"0";"0";"1";"1";""
"202100034831";"139Â 451";"A01";"1";"33";"0";"2";"3";"1";"1";""
"202100034831";"139Â 452";"B01";"2";"7";"0";"2";"1";"1";"1";""
"202100034831";"139Â 453";"C01";"1";"7";"0";"2";"3";"1";"2";""
"202100034832";"139Â 448";"B01";"2";"33";"0";"2";"5";"2";"1";""
"202100034832";"139Â 449";"A01";"2";"33";"0";"2";"1";"2";"1";""
"202100034833";"139Â 446";"A01";"1";"33";"0";"2";"1";"1";"1";""
"202100034833";"139Â 447";"B01";"2";"7";"0";"2";"1";"1";"1";""
"202100034834";"139Â 444";"A01";"1";"7";"0";"2";"2";"15";"1";""
"202100034834";"139Â 445";"B01";"2";"33";"0";"2";"1";"1";"1";""
"202100034835";"139Â 443";"A01";"2";"2";"0";"0";"0";"1";"1";""
"202100034836";"139Â 441";"A01";"1";"10";"0";"2";"2";"1";"1";""
"202100034836";"139Â 442";"B01";"1";"30";"0";"2";"4";"1";"1";""
"202100034837";"139Â 440";"A01";"1";"7";"7";"0";"9";"1";"1";""
"202100034838";"139Â 438";"B01";"2";"31";"0";"2";"1";"1";"1";""
"202100034838";"139Â 439";"A01";"2";"50";"0";"2";"8";"15";"3";""
"202100034839";"139Â 435";"C01";"1";"33";"0";"0";"4";"0";"1";""
"202100034839";"139Â 436";"B01";"1";"33";"0";"0";"4";"0";"1";""
"202100034839";"139Â 437";"A01";"1";"33";"0";"2";"1";"0";"1";""
"202100034840";"139Â 433";"B01";"3";"33";"0";"2";"1";"1";"1";""
"202100034840";"139Â 434";"A01";"3";"7";"0";"2";"8";"1";"1";""
"202100034841";"139Â 432";"A01";"2";"33";"5";"0";"1";"1";"1";""
"202100034842";"139Â 430";"B01";"1";"2";"13";"0";"4";"15";"1";""
"202100034842";"139Â 431";"A01";"1";"7";"0";"2";"1";"17";"1";""
"202100034843";"139Â 428";"B01";"1";"7";"0";"2";"5";"2";"1";""
"202100034843";"139Â 429";"A01";"1";"33";"0";"2";"1";"2";"1";""
"202100034844";"139Â 427";"A01";"1";"33";"5";"0";"1";"13";"1";""
"202100034845";"139Â 423";"A01";"2";"33";"0";"2";"1";"17";"1";""
"202100034845";"139Â 424";"B01";"2";"7";"0";"2";"6";"15";"1";""
"202100034846";"139Â 422";"A01";"2";"33";"3";"0";"7";"1";"1";""
"202100034847";"139Â 421";"A01";"2";"7";"13";"0";"1";"1";"1";""
"202100034848";"139Â 419";"B01";"0";"33";"0";"2";"1";"1";"6";""
"202100034848";"139Â 420";"A01";"3";"7";"0";"2";"7";"15";"6";""
"202100034849";"139Â 418";"A01";"1";"7";"2";"0";"3";"1";"1";""
"202100034850";"139Â 416";"A01";"2";"33";"0";"2";"1";"1";"1";""
"202100034850";"139Â 417";"B01";"2";"7";"0";"2";"4";"15";"1";""
"202100034851";"139Â 414";"A01";"1";"33";"0";"0";"8";"0";"1";""
"202100034852";"139Â 412";"A01";"3";"7";"0";"0";"1";"1";"1";""
"202100034853";"139Â 411";"A01";"2";"3";"16";"0";"1";"1";"1";""
"202100034854";"139Â 409";"A01";"1";"7";"0";"2";"1";"0";"1";""
"202100034854";"139Â 410";"B01";"2";"7";"0";"2";"1";"0";"1";""
"202100034855";"139Â 407";"B01";"1";"7";"0";"2";"3";"1";"1";""
"202100034855";"139Â 408";"A01";"2";"7";"0";"2";"3";"13";"1";""
"202100034856";"139Â 402";"A01";"0";"7";"0";"9";"8";"15";"1";""
"202100034856";"139Â 403";"B01";"3";"1";"0";"2";"1";"17";"5";""
"202100034856";"139Â 404";"C01";"3";"1";"0";"2";"1";"17";"5";""
"202100034856";"139Â 405";"D01";"3";"1";"0";"2";"1";"17";"5";""
"202100034856";"139Â 406";"E01";"3";"1";"0";"2";"1";"17";"5";""
"202100034857";"139Â 401";"A01";"1";"7";"2";"0";"7";"1";"1";""
"202100034858";"139Â 399";"A01";"3";"2";"0";"2";"8";"13";"1";""
"202100034858";"139Â 400";"B01";"3";"7";"0";"2";"3";"1";"1";""
"202100034859";"139Â 398";"A01";"1";"7";"0";"0";"1";"13";"1";""
"202100034860";"139Â 397";"A01";"2";"33";"0";"0";"0";"1";"1";""
"202100034861";"139Â 395";"B01";"1";"1";"0";"2";"8";"1";"5";""
"202100034861";"139Â 396";"A01";"2";"7";"0";"2";"3";"15";"1";""
"202100034862";"139Â 393";"B01";"3";"7";"0";"2";"1";"1";"1";""
"202100034862";"139Â 394";"A01";"3";"7";"0";"2";"8";"19";"1";""
"202100034863";"139Â 392";"A01";"1";"7";"13";"0";"1";"0";"1";""
"202100034864";"139Â 391";"A01";"1";"7";"6";"0";"1";"13";"1";""
"202100034865";"139Â 389";"B01";"3";"60";"0";"2";"3";"0";"5";""
"202100034865";"139Â 390";"A01";"1";"7";"0";"9";"2";"1";"1";""
"202100034866";"139Â 387";"A01";"1";"10";"0";"2";"1";"13";"1";""
"202100034866";"139Â 388";"B01";"2";"7";"0";"2";"1";"0";"1";""
"202100034867";"139Â 386";"A01";"2";"33";"13";"0";"1";"1";"1";""
"202100034868";"139Â 385";"A01";"1";"33";"0";"0";"1";"2";"1";""
"202100034869";"139Â 384";"A01";"1";"7";"16";"0";"2";"26";"1";""
"202100034870";"139Â 383";"A01";"3";"33";"2";"0";"1";"14";"1";""
"202100034871";"139Â 381";"B01";"2";"33";"0";"2";"1";"2";"1";""
"202100034871";"139Â 382";"A01";"2";"7";"0";"0";"4";"23";"1";""
"202100034872";"139Â 380";"A01";"2";"7";"4";"0";"8";"19";"1";""
"202100034873";"139Â 379";"A01";"1";"7";"13";"0";"2";"0";"1";""
"202100034874";"139Â 378";"A01";"2";"7";"13";"0";"9";"14";"1";""
"202100034875";"139Â 376";"B01";"3";"33";"0";"2";"1";"13";"1";""
"202100034875";"139Â 377";"A01";"3";"7";"0";"2";"7";"9";"1";""
"202100034876";"139Â 374";"A01";"1";"10";"0";"1";"2";"1";"1";""
"202100034877";"139Â 372";"B01";"1";"7";"0";"2";"1";"2";"1";""
"202100034877";"139Â 373";"A01";"2";"7";"0";"2";"1";"13";"0";""
"202100034878";"139Â 371";"A01";"3";"7";"8";"0";"2";"1";"1";""
"202100034879";"139Â 369";"A01";"0";"7";"0";"2";"1";"1";"1";""
"202100034879";"139Â 370";"B01";"0";"30";"0";"2";"1";"1";"1";""
"202100034880";"139Â 368";"A01";"2";"10";"0";"1";"1";"1";"1";""
"202100034881";"139Â 366";"A01";"0";"7";"0";"2";"3";"20";"1";""
"202100034881";"139Â 367";"B01";"0";"2";"0";"2";"0";"26";"0";""
"202100034882";"139Â 365";"A01";"1";"7";"0";"1";"3";"1";"1";""
"202100034883";"139Â 364";"A01";"1";"33";"6";"0";"1";"26";"1";""
"202100034884";"139Â 363";"A01";"1";"33";"5";"0";"1";"14";"1";""
"202100034885";"139Â 358";"B01";"3";"2";"0";"2";"7";"1";"1";""
"202100034885";"139Â 359";"A01";"3";"7";"0";"2";"8";"15";"1";""
"202100034886";"139Â 356";"B01";"2";"7";"0";"2";"3";"1";"1";""
"202100034886";"139Â 357";"A01";"1";"7";"0";"0";"8";"1";"1";""
"202100034887";"139Â 355";"A01";"1";"2";"3";"0";"0";"1";"1";""
"202100034888";"139Â 353";"A01";"2";"7";"0";"2";"3";"15";"1";""
"202100034888";"139Â 354";"B01";"2";"33";"0";"2";"2";"17";"1";""
"202100034889";"139Â 352";"A01";"2";"33";"0";"0";"8";"1";"1";""
"202100034890";"139Â 351";"A01";"1";"1";"0";"0";"1";"1";"5";""
"202100034891";"139Â 349";"A01";"2";"33";"0";"2";"1";"13";"1";""
"202100034891";"139Â 350";"B01";"1";"33";"0";"0";"1";"1";"1";""
"202100034892";"139Â 348";"A01";"3";"7";"0";"1";"3";"1";"1";""
"202100034893";"139Â 344";"A01";"3";"2";"0";"2";"3";"1";"1";""
"202100034893";"139Â 345";"B01";"3";"21";"0";"2";"3";"1";"1";""
"202100034894";"139Â 342";"B01";"0";"7";"0";"2";"3";"1";"1";""
"202100034894";"139Â 343";"A01";"0";"7";"0";"2";"3";"1";"1";""
"202100034895";"139Â 339";"A01";"2";"33";"0";"2";"3";"1";"1";""
"202100034895";"139Â 340";"B01";"2";"7";"0";"0";"4";"23";"1";""
"202100034895";"139Â 341";"C01";"1";"33";"0";"2";"1";"5";"1";""
"202100034896";"139Â 337";"B01";"2";"33";"0";"2";"1";"1";"1";""
"202100034896";"139Â 338";"A01";"2";"7";"0";"2";"3";"26";"1";""
"202100034897";"139Â 336";"A01";"3";"31";"8";"0";"8";"17";"1";""
"202100034898";"139Â 334";"B01";"1";"7";"0";"2";"1";"1";"1";""
"202100034898";"139Â 335";"A01";"2";"7";"0";"2";"1";"13";"1";""
"202100034899";"139Â 332";"B01";"2";"7";"0";"2";"4";"2";"1";""
"202100034899";"139Â 333";"A01";"2";"7";"0";"2";"1";"2";"1";""
"202100034900";"139Â 329";"C01";"2";"33";"0";"2";"1";"1";"1";""
"202100034900";"139Â 330";"A01";"1";"7";"0";"2";"1";"13";"1";""
"202100034900";"139Â 331";"B01";"2";"7";"0";"2";"8";"1";"1";""
"202100034901";"139Â 328";"A01";"0";"7";"13";"0";"0";"0";"1";""
"202100034902";"139Â 326";"B01";"0";"0";"0";"2";"5";"15";"1";""
"202100034902";"139Â 327";"A01";"3";"2";"1";"2";"3";"1";"1";""
"202100034903";"139Â 325";"A01";"0";"2";"0";"0";"0";"0";"1";""
"202100034904";"139Â 322";"A01";"2";"7";"4";"2";"4";"11";"1";""
"202100034904";"139Â 323";"C01";"2";"7";"0";"2";"1";"2";"1";""
"202100034904";"139Â 324";"B01";"2";"7";"4";"2";"4";"2";"1";""
"202100034905";"139Â 319";"A01";"2";"7";"0";"2";"4";"2";"1";""
"202100034905";"139Â 320";"B01";"2";"7";"0";"2";"4";"2";"1";""