"Num_Acc";"id_vehicule";"num_veh";"senc";"catv";"obs";"obsm";"choc";"manv";"motor";"occutc"
"202100034905";"139Â 321";"C01";"2";"7";"0";"2";"1";"2";"1";""
"202100034906";"139Â 317";"B01";"2";"7";"0";"2";"1";"1";"1";""
"202100034906";"139Â 318";"A01";"2";"7";"0";"2";"1";"11";"1";""
"202100034907";"139Â 314";"A01";"2";"33";"0";"2";"1";"3";"1";""
"202100034907";"139Â 315";"B01";"2";"7";"0";"2";"3";"2";"1";""
"202100034907";"139Â 316";"C01";"2";"7";"0";"2";"5";"1";"1";""
"202100034908";"139Â 311";"A01";"1";"10";"0";"2";"3";"9";"1";""
"202100034908";"139Â 312";"C01";"1";"7";"0";"2";"1";"1";"1";""
"202100034908";"139Â 313";"B01";"1";"10";"0";"2";"2";"1";"1";""
"202100034909";"139Â 310";"A01";"1";"7";"4";"0";"1";"14";"1";""
"202100034910";"139Â 307";"A01";"1";"10";"0";"2";"1";"9";"1";""
"202100034910";"139Â 308";"B01";"1";"7";"0";"2";"4";"1";"1";""
"202100034910";"139Â 309";"C01";"1";"7";"0";"2";"4";"1";"1";""
"202100034911";"139Â 305";"B01";"1";"33";"0";"2";"0";"26";"1";""
"202100034911";"139Â 306";"Z01";"1";"10";"0";"2";"0";"0";"0";""
"202100034912";"139Â 303";"A01";"1";"7";"1";"0";"1";"1";"1";""
"202100034912";"139Â 304";"B01";"1";"10";"0";"2";"4";"23";"1";""
"202100034913";"139Â 301";"A01";"1";"15";"0";"2";"7";"14";"1";""
"202100034913";"139Â 302";"B01";"1";"7";"0";"2";"8";"1";"1";""
"202100034914";"139Â 298";"A01";"2";"7";"0";"2";"1";"2";"1";""
"202100034914";"139Â 299";"B01";"2";"7";"0";"2";"4";"1";"1";""
"202100034914";"139Â 300";"C01";"2";"7";"0";"2";"1";"2";"1";""
"202100034915";"139Â 296";"A01";"2";"33";"0";"2";"8";"3";"1";""
"202100034915";"139Â 297";"B01";"2";"7";"0";"2";"5";"1";"1";""
"202100034916";"139Â 294";"B01";"1";"17";"0";"2";"4";"2";"1";""
"202100034916";"139Â 295";"A01";"1";"7";"0";"2";"1";"2";"1";""
"202100034917";"139Â 292";"B01";"1";"10";"8";"2";"3";"1";"0";""
"202100034917";"139Â 293";"A01";"2";"7";"0";"2";"1";"19";"0";""
"202100034918";"139Â 291";"A01";"2";"7";"0";"1";"3";"1";"1";""
"202100034919";"139Â 290";"A01";"3";"7";"1";"0";"5";"24";"1";""
"202100034920";"139Â 287";"C01";"2";"7";"0";"2";"2";"1";"1";""
"202100034920";"139Â 288";"A01";"2";"10";"0";"2";"2";"15";"1";""
"202100034920";"139Â 289";"B01";"1";"33";"0";"2";"1";"1";"1";""
"202100034921";"139Â 285";"B01";"2";"7";"0";"2";"1";"1";"1";""
"202100034921";"139Â 286";"A01";"1";"30";"0";"2";"1";"13";"1";""
"202100034922";"139Â 283";"A01";"2";"7";"0";"2";"5";"15";"1";""
"202100034922";"139Â 284";"B01";"1";"50";"0";"2";"1";"1";"3";""
"202100034923";"139Â 282";"A01";"2";"7";"0";"1";"1";"16";"1";""
"202100034924";"139Â 280";"A01";"1";"32";"0";"2";"3";"1";"1";""
"202100034924";"139Â 281";"B01";"2";"50";"0";"2";"2";"15";"3";""
"202100034925";"139Â 279";"A01";"2";"2";"0";"1";"1";"17";"1";""
"202100034926";"139Â 278";"A01";"1";"33";"0";"1";"1";"19";"1";""
"202100034927";"139Â 276";"A01";"1";"43";"0";"2";"1";"2";"1";""
"202100034927";"139Â 277";"B01";"1";"10";"0";"0";"4";"2";"1";""
"202100034928";"139Â 275";"B01";"1";"33";"0";"2";"5";"1";"1";""
"202100034929";"139Â 273";"A01";"2";"7";"0";"2";"1";"11";"1";""
"202100034929";"139Â 274";"B01";"2";"7";"14";"2";"4";"1";"1";""
"202100034930";"139Â 271";"A01";"1";"33";"0";"9";"1";"13";"1";""
"202100034930";"139Â 272";"B01";"2";"21";"0";"0";"3";"1";"1";""
"202100034931";"139Â 270";"A01";"1";"7";"0";"1";"1";"1";"1";""
"202100034932";"139Â 269";"A01";"3";"7";"0";"1";"5";"26";"1";""
"202100034933";"139Â 266";"C01";"2";"7";"14";"2";"4";"2";"2";""
"202100034933";"139Â 267";"A01";"2";"7";"0";"2";"1";"2";"1";""
"202100034933";"139Â 268";"B01";"2";"7";"0";"2";"4";"2";"1";""
"202100034934";"139Â 264";"B01";"3";"1";"14";"2";"1";"1";"5";""
"202100034934";"139Â 265";"A01";"3";"7";"0";"2";"7";"16";"1";""
"202100034935";"139Â 261";"A01";"2";"7";"0";"2";"1";"2";"1";""
"202100034935";"139Â 262";"B01";"2";"7";"0";"2";"4";"2";"1";""
"202100034935";"139Â 263";"C01";"2";"7";"0";"2";"4";"2";"1";""
"202100034936";"139Â 259";"B01";"3";"1";"0";"2";"8";"1";"0";""
"202100034936";"139Â 260";"A01";"3";"7";"0";"2";"1";"9";"1";""
"202100034937";"139Â 257";"B01";"2";"33";"0";"2";"2";"2";"1";""
"202100034937";"139Â 258";"A01";"2";"7";"0";"2";"3";"15";"1";""
"202100034938";"139Â 255";"B01";"1";"43";"0";"2";"3";"1";"1";""
"202100034938";"139Â 256";"A01";"2";"7";"1";"0";"3";"13";"1";""
"202100034939";"139Â 253";"B01";"2";"7";"0";"2";"3";"13";"1";""
"202100034939";"139Â 254";"A01";"1";"31";"0";"2";"1";"17";"1";""
"202100034940";"139Â 252";"A01";"0";"7";"0";"1";"2";"1";"1";""
"202100034941";"139Â 250";"B01";"0";"7";"0";"2";"1";"2";"1";""
"202100034941";"139Â 251";"A01";"0";"10";"0";"2";"4";"2";"1";""
"202100034942";"139Â 248";"B01";"1";"1";"0";"2";"1";"1";"5";""
"202100034942";"139Â 249";"A01";"2";"7";"0";"2";"1";"17";"1";""
"202100034943";"139Â 246";"B01";"2";"1";"0";"2";"1";"1";"5";""
"202100034943";"139Â 247";"A01";"1";"7";"0";"2";"1";"15";"1";""
"202100034944";"139Â 244";"B01";"1";"7";"0";"2";"4";"2";"1";""
"202100034944";"139Â 245";"A01";"1";"30";"0";"2";"1";"2";"1";""
"202100034945";"139Â 242";"A01";"3";"10";"0";"2";"1";"9";"0";""
"202100034945";"139Â 243";"B01";"2";"33";"0";"2";"7";"1";"1";""
"202100034946";"139Â 241";"A01";"1";"10";"0";"1";"4";"4";"1";""
"202100034947";"139Â 237";"A01";"1";"7";"0";"2";"1";"2";"1";""
"202100034947";"139Â 238";"B01";"1";"7";"0";"2";"4";"2";"2";""
"202100034947";"139Â 239";"C01";"1";"7";"0";"2";"4";"2";"1";""
"202100034947";"139Â 240";"D01";"1";"7";"0";"2";"4";"2";"2";""
"202100034948";"139Â 236";"A01";"0";"33";"8";"0";"1";"0";"1";""
"202100034949";"139Â 234";"A01";"1";"33";"0";"2";"1";"21";"1";""
"202100034949";"139Â 235";"B01";"1";"7";"0";"2";"4";"23";"1";""
"202100034950";"139Â 233";"A01";"1";"7";"8";"0";"0";"13";"1";""
"202100034951";"139Â 232";"A01";"0";"33";"8";"0";"1";"1";"1";""
"202100034952";"139Â 230";"B01";"1";"33";"0";"2";"1";"1";"1";""
"202100034952";"139Â 231";"A01";"2";"7";"0";"2";"2";"15";"2";""
"202100034953";"139Â 227";"C01";"3";"7";"0";"2";"4";"2";"1";""
"202100034953";"139Â 228";"B01";"3";"33";"0";"2";"4";"2";"1";""
"202100034953";"139Â 229";"A01";"3";"7";"0";"2";"1";"2";"1";""
"202100034954";"139Â 225";"B01";"0";"60";"0";"2";"3";"9";"5";""
"202100034954";"139Â 226";"Z01";"1";"0";"0";"2";"1";"17";"0";""
"202100034955";"139Â 223";"A01";"2";"7";"0";"2";"3";"9";"1";""
"202100034955";"139Â 224";"B01";"2";"7";"0";"2";"2";"1";"1";""
"202100034956";"139Â 221";"A01";"1";"30";"0";"2";"1";"1";"1";""
"202100034956";"139Â 222";"B01";"1";"37";"0";"2";"6";"1";"1";"1"
"202100034957";"139Â 219";"B01";"2";"2";"0";"2";"1";"1";"1";""
"202100034957";"139Â 220";"A01";"1";"7";"0";"2";"2";"15";"1";""
"202100034958";"139Â 216";"A01";"2";"7";"0";"2";"1";"1";"1";""
"202100034958";"139Â 217";"B01";"1";"7";"0";"2";"5";"1";"1";""
"202100034958";"139Â 218";"C01";"2";"7";"0";"2";"1";"1";"1";""
"202100034959";"139Â 214";"B01";"1";"7";"0";"2";"2";"1";"1";""
"202100034959";"139Â 215";"A01";"1";"30";"0";"2";"2";"26";"1";""
"202100034960";"139Â 212";"A01";"1";"34";"0";"2";"1";"9";"1";""
"202100034960";"139Â 213";"B01";"2";"7";"0";"2";"1";"1";"1";""
"202100034961";"139Â 209";"A01";"2";"7";"0";"2";"1";"1";"1";""
"202100034961";"139Â 210";"B01";"2";"7";"0";"2";"1";"1";"0";""
"202100034961";"139Â 211";"C01";"2";"7";"0";"2";"4";"0";"1";""
"202100034962";"139Â 207";"B01";"3";"30";"0";"2";"1";"19";"1";""
"202100034962";"139Â 208";"A01";"2";"7";"0";"2";"2";"1";"1";""
"202100034963";"139Â 205";"B01";"1";"7";"0";"2";"5";"15";"1";""
"202100034963";"139Â 206";"A01";"2";"7";"0";"2";"2";"1";"1";""
"202100034964";"139Â 203";"A01";"2";"7";"0";"2";"7";"1";"1";""
"202100034964";"139Â 204";"B01";"3";"1";"0";"2";"1";"19";"5";""
"202100034965";"139Â 201";"A01";"2";"7";"0";"2";"3";"9";"1";""
"202100034965";"139Â 202";"B01";"1";"2";"0";"2";"1";"1";"1";""
"202100034966";"139Â 198";"B01";"2";"50";"0";"2";"0";"0";"3";""
"202100034966";"139Â 199";"A01";"1";"7";"0";"9";"2";"15";"1";""
"202100034967";"139Â 196";"A01";"1";"7";"0";"2";"1";"2";"1";""
"202100034967";"139Â 197";"B01";"1";"30";"0";"2";"4";"23";"1";""
"202100034968";"139Â 194";"A01";"1";"33";"0";"2";"1";"26";"1";""
"202100034968";"139Â 195";"B01";"2";"7";"0";"2";"1";"15";"1";""
"202100034969";"139Â 192";"A01";"1";"7";"0";"2";"2";"14";"1";""
"202100034969";"139Â 193";"B01";"2";"1";"0";"2";"3";"15";"5";""
"202100034970";"139Â 190";"A01";"1";"7";"0";"2";"1";"14";"1";""
"202100034970";"139Â 191";"B01";"1";"50";"0";"2";"0";"1";"3";""
"202100034971";"139Â 188";"B01";"1";"1";"0";"2";"0";"1";"5";""
"202100034971";"139Â 189";"A01";"2";"7";"0";"0";"0";"1";"1";""
"202100034972";"139Â 187";"A01";"3";"2";"6";"0";"1";"14";"1";""
"202100034973";"139Â 185";"A01";"2";"30";"0";"2";"1";"9";"1";""
"202100034973";"139Â 186";"B01";"1";"7";"0";"2";"6";"9";"1";""
"202100034974";"139Â 182";"Z01";"1";"7";"0";"2";"0";"0";"0";""
"202100034974";"139Â 183";"B01";"1";"7";"0";"2";"4";"1";"1";""
"202100034974";"139Â 184";"A01";"1";"7";"0";"2";"1";"1";"1";""
"202100034975";"139Â 180";"A01";"3";"1";"0";"2";"1";"26";"5";""
"202100034975";"139Â 181";"B01";"3";"7";"0";"2";"2";"2";"1";""
"202100034976";"139Â 178";"B01";"1";"7";"0";"2";"2";"1";"1";""
"202100034976";"139Â 179";"A01";"2";"7";"0";"2";"3";"19";"1";""
"202100034977";"139Â 176";"B01";"1";"32";"0";"2";"1";"2";"1";""
"202100034977";"139Â 177";"A01";"1";"7";"0";"2";"8";"15";"1";""
"202100034978";"139Â 174";"A01";"2";"7";"0";"2";"1";"9";"1";""
"202100034978";"139Â 175";"B01";"1";"30";"0";"2";"1";"1";"1";""
"202100034979";"139Â 172";"B01";"1";"7";"0";"2";"1";"1";" -1";""
"202100034979";"139Â 173";"A01";"3";"33";"0";"0";"7";"1";"1";""
"202100034980";"139Â 170";"A01";"1";"32";"0";"2";"3";"21";"1";""
"202100034980";"139Â 171";"B01";"2";"7";"0";"2";"3";"9";"1";""
"202100034981";"139Â 169";"A01";"2";"30";"14";"2";"8";"17";"1";""
"202100034982";"139Â 168";"A01";"2";"7";"0";"1";"3";"1";"1";""
"202100034983";"139Â 166";"B01";"1";"7";"0";"2";"4";"2";"1";""
"202100034983";"139Â 167";"A01";"1";"7";"0";"2";"1";"2";"1";""
"202100034984";"139Â 163";"C01";"1";"7";"0";"2";"0";"0";"0";""
"202100034984";"139Â 164";"B01";"1";"33";"0";"2";"3";"0";"1";""
"202100034984";"139Â 165";"A01";"1";"7";"0";"2";"6";"1";"1";""
"202100034985";"139Â 161";"A01";"0";"33";"0";"2";"8";"13";"1";""
"202100034985";"139Â 162";"B01";"1";"7";"0";"2";"2";"1";"1";""
"202100034986";"139Â 160";"A01";"2";"7";"0";"1";"2";"1";"1";""
"202100034987";"139Â 158";"B01";"2";"7";"0";"2";"1";"1";"1";""
"202100034987";"139Â 159";"A01";"1";"7";"0";"2";"1";"11";"1";""
"202100034988";"139Â 156";"A01";"2";"7";"0";"2";"0";"26";"1";""
"202100034988";"139Â 157";"B01";"2";"33";"0";"0";"0";"0";"1";""
"202100034989";"139Â 154";"A01";"2";"7";"0";"2";"5";"15";"1";""
"202100034989";"139Â 155";"B01";"1";"7";"0";"2";"1";"1";"1";""
"202100034990";"139Â 152";"B01";"3";"14";"0";"2";"3";"0";"0";""
"202100034990";"139Â 153";"A01";"3";"7";"0";"2";"1";"17";"1";""
"202100034991";"139Â 150";"B01";"3";"1";"0";"2";"1";"19";"5";""
"202100034991";"139Â 151";"A01";"2";"7";"0";"2";"2";"1";"1";""
"202100034992";"139Â 148";"A01";"2";"20";"0";"2";"6";"13";"1";""
"202100034992";"139Â 149";"B01";"2";"1";"0";"2";"1";"17";"1";""
"202100034993";"139Â 146";"B01";"1";"7";"0";"2";"4";"2";"1";""
"202100034993";"139Â 147";"A01";"1";"7";"0";"2";"1";"2";"1";""
"202100034994";"139Â 144";"B01";"3";"7";"0";"2";"2";"1";"1";""
"202100034994";"139Â 145";"A01";"3";"30";"0";"2";"1";"26";"1";""
"202100034995";"139Â 142";"B01";"1";"1";"0";"2";"1";"2";"5";""
"202100034995";"139Â 143";"A01";"1";"7";"0";"2";"5";"20";"1";""
"202100034996";"139Â 140";"B01";"0";"7";"0";"2";"4";"2";"1";""
"202100034996";"139Â 141";"A01";"0";"2";"0";"2";"1";"2";"1";""
"202100034997";"139Â 138";"A01";"0";"7";"0";"2";"2";"19";"1";""
"202100034997";"139Â 139";"B01";"0";"31";"0";"2";"1";"1";"1";""
"202100034998";"139Â 136";"B01";"2";"1";"0";"2";"8";"1";"0";""
"202100034998";"139Â 137";"A01";"2";"7";"0";"2";"7";"2";"1";""
"202100034999";"139Â 134";"A01";"2";"33";"0";"2";"1";"17";"1";""
"202100034999";"139Â 135";"B01";"1";"7";"0";"2";"3";"1";"1";""
"202100035000";"139Â 133";"A01";"1";"7";"0";"1";"4";"4";"1";""
"202100035001";"139Â 131";"A01";"1";"50";"12";"2";"1";"15";"3";""
"202100035001";"139Â 132";"B01";"1";"30";"0";"2";"1";"26";"1";""
"202100035002";"139Â 130";"A01";"1";"7";"0";"0";"2";"14";"1";""
"202100035003";"139Â 128";"B01";"1";"1";"0";"2";"3";"26";"5";""
"202100035003";"139Â 129";"A01";"1";"7";"0";"2";"2";"16";"1";""
"202100035004";"139Â 127";"A01";"2";"7";"0";"1";"1";"1";"1";""
"202100035005";"139Â 125";"B01";"1";"1";"0";"2";"0";"1";"5";""
"202100035005";"139Â 126";"Z01";"1";"7";"0";"0";"0";"1";"0";""
"202100035006";"139Â 123";"A01";"2";"7";"0";"2";"3";"9";"0";""
"202100035006";"139Â 124";"B01";"2";"2";"0";"2";"1";"1";"1";""
"202100035007";"139Â 122";"A01";"3";"2";"0";"0";"2";"9";"1";""
"202100035008";"139Â 121";"A01";"3";"33";"0";"0";"1";"1";"1";""
"202100035009";"139Â 120";"A01";"2";"1";"15";"0";"1";"1";"5";""
"202100035010";"139Â 119";"A01";"2";"30";"0";"0";"8";"0";"1";""
"202100035011";"139Â 118";"A01";"3";"7";"0";"1";"3";"16";"1";""
"202100035012";"139Â 116";"A01";"2";"33";"0";"2";"1";"2";"1";""
"202100035012";"139Â 117";"B01";"2";"10";"0";"2";"4";"1";"1";""
"202100035013";"139Â 114";"A01";"2";"17";"0";"2";"7";"14";"1";""
"202100035013";"139Â 115";"B01";"2";"33";"0";"2";"4";"3";"1";""
"202100035014";"139Â 110";"A01";"3";"7";"0";"2";"3";"18";"1";""
"202100035014";"139Â 111";"B01";"3";"7";"0";"0";"7";"1";"1";""
"202100035014";"139Â 112";"C01";"3";"7";"0";"2";"5";"1";"1";""
"202100035014";"139Â 113";"D01";"0";"7";"0";"2";"6";"23";"1";""
"202100035015";"139Â 109";"A01";"2";"31";"0";"0";"1";"1";"1";""
"202100035016";"139Â 107";"A01";"0";"7";"0";"2";"0";"26";"0";""
"202100035016";"139Â 108";"B01";"0";"31";"0";"2";"7";"0";"1";""
"202100035017";"139Â 105";"A01";"3";"7";"0";"2";"8";"10";"1";""
"202100035017";"139Â 106";"B01";"3";"33";"0";"2";"1";"2";"1";""
"202100035018";"139Â 104";"A01";"1";"7";"0";"1";"2";"1";"1";""
"202100035019";"139Â 102";"A01";"1";"37";"0";"2";"3";"14";"1";"1"
"202100035019";"139Â 103";"B01";"1";"1";"0";"2";"9";"26";"5";""
"202100035020";"139Â 101";"A01";"3";"7";"0";"1";"1";"26";"1";""
"202100035021";"139Â 099";"A01";"1";"7";"0";"2";"1";"19";"1";""
"202100035021";"139Â 100";"B01";"1";"7";"0";"2";"6";"1";"1";""
"202100035022";"139Â 097";"B01";"2";"1";"0";"2";"0";"1";"5";""
"202100035022";"139Â 098";"A01";"2";"7";"0";"2";"1";"9";"1";""
"202100035023";"139Â 095";"A01";"2";"7";"0";"2";"1";"9";"1";""
"202100035023";"139Â 096";"B01";"3";"50";"0";"2";"5";"1";"3";""
"202100035024";"139Â 091";"A01";"2";"7";"0";"1";"1";"1";"0";""
"202100035025";"139Â 089";"A01";"3";"7";"0";"2";"2";"9";"0";""
"202100035025";"139Â 090";"B01";"3";"1";"0";"0";"4";"16";"5";""
"202100035026";"139Â 087";"B01";"1";"7";"0";"2";"4";"1";"1";""
"202100035026";"139Â 088";"A01";"1";"32";"0";"2";"1";"26";"1";""
"202100035027";"139Â 084";"B01";"3";"7";"0";"2";"3";"1";"1";""
"202100035027";"139Â 085";"A01";"3";"33";"0";"2";"1";"13";"1";""
"202100035028";"139Â 082";"B01";"3";"7";"0";"2";"8";"1";"1";""
"202100035028";"139Â 083";"A01";"3";"7";"0";"2";"1";"13";"1";""
"202100035029";"139Â 080";"B01";"2";"33";"0";"2";"1";"1";"1";""
"202100035029";"139Â 081";"A01";"1";"33";"0";"2";"1";"1";"1";""
"202100035030";"139Â 078";"B01";"3";"7";"0";"2";"2";"1";"1";""
"202100035030";"139Â 079";"A01";"3";"7";"0";"2";"3";"20";"1";""
"202100035031";"139Â 077";"A01";"2";"7";"0";"2";"1";"1";"2";""
"202100035032";"139Â 076";"A01";"3";"7";"0";"1";"5";"26";"0";""
"202100035033";"139Â 074";"A01";"1";"33";"0";"2";"3";"10";"1";""
"202100035033";"139Â 075";"B01";"1";"7";"0";"2";"2";"2";"1";""
"202100035034";"139Â 073";"A01";"2";"31";"0";"1";"1";"25";"1";""
"202100035035";"139Â 072";"Z01";"2";"99";"0";"1";"0";"1";"0";""
"202100035036";"139Â 070";"A01";"2";"7";"0";"2";"5";"15";"1";""
"202100035036";"139Â 071";"B01";"1";"2";"0";"2";"1";"17";"1";""
"202100035037";"139Â 069";"A01";"1";"7";"1";"0";"2";"2";"1";""
"202100035038";"139Â 065";"A01";"2";"7";"1";"0";"6";"9";"1";""
"202100035038";"139Â 066";"B01";"1";"7";"1";"0";"1";"26";"0";""
"202100035038";"139Â 067";"C01";"1";"7";"0";"0";"0";"0";"0";""
"202100035038";"139Â 068";"Z01";"0";"31";"0";"0";"0";"0";"0";""
"202100035039";"139Â 063";"B01";"2";"33";"0";"2";"1";"1";"1";""
"202100035039";"139Â 064";"A01";"1";"7";"0";"2";"1";"15";"1";""
"202100035040";"139Â 061";"A01";"2";"33";"0";"2";"1";"1";"1";""
"202100035040";"139Â 062";"B01";"2";"7";"0";"2";"2";"1";"1";""
"202100035041";"139Â 059";"A01";"2";"33";"1";"0";"1";"1";"1";""
"202100035041";"139Â 060";"B01";"1";"37";"0";"2";"6";"24";"1";"1"
"202100035042";"139Â 057";"A01";"0";"7";"0";"2";"3";"13";"2";""
"202100035042";"139Â 058";"B01";"0";"7";"0";"2";"1";"1";"1";""
"202100035043";"139Â 056";"A01";"1";"32";"2";"0";"1";"14";"1";""
"202100035044";"139Â 055";"A01";"1";"33";"0";"0";"8";"1";"1";""
"202100035045";"139Â 053";"B01";"0";"1";"0";"2";"4";"16";"5";""
"202100035045";"139Â 054";"A01";"0";"7";"0";"2";"1";"16";"1";""
"202100035046";"139Â 052";"A01";"1";"7";"0";"1";"1";"1";"1";""
"202100035047";"139Â 050";"A01";"3";"7";"0";"2";"3";"19";"1";""
"202100035047";"139Â 051";"B01";"2";"7";"0";"2";"2";"1";"1";""
"202100035048";"139Â 048";"A01";"2";"32";"0";"2";"3";"3";"1";""
"202100035048";"139Â 049";"B01";"2";"7";"0";"2";"7";"12";"1";""
"202100035049";"139Â 046";"B01";"1";"32";"0";"2";"3";"3";"1";""
"202100035049";"139Â 047";"A01";"1";"10";"0";"2";"2";"12";"1";""
"202100035050";"139Â 044";"C01";"1";"31";"0";"2";"1";"3";"1";""
"202100035050";"139Â 045";"A01";"1";"43";"0";"2";"2";"3";"1";""
"202100035051";"139Â 041";"A01";"2";"33";"0";"2";"3";"3";"1";""
"202100035051";"139Â 042";"B01";"2";"7";"0";"2";"5";"1";"1";""
"202100035051";"139Â 043";"C01";"2";"7";"0";"2";"6";"1";"1";""
"202100035052";"139Â 039";"B01";"1";"1";"0";"2";"8";"18";"5";""
"202100035052";"139Â 040";"A01";"1";"14";"0";"2";"2";"16";"1";""
"202100035053";"139Â 038";"A01";"1";"30";"0";"1";"3";"1";"1";""
"202100035054";"139Â 036";"B01";"2";"1";"0";"2";"8";"7";"5";""
"202100035054";"139Â 037";"A01";"1";"32";"0";"2";"2";"15";"1";""
"202100035055";"139Â 034";"B01";"2";"30";"0";"2";"2";"17";"3";""
"202100035055";"139Â 035";"A01";"2";"7";"0";"2";"6";"13";"3";""
"202100035056";"139Â 032";"B01";"2";"33";"0";"2";"1";"1";"1";""
"202100035056";"139Â 033";"A01";"2";"10";"0";"0";"1";"1";"1";""
"202100035057";"139Â 030";"A01";"1";"1";"0";"2";"1";"9";"5";""
"202100035057";"139Â 031";"B01";"2";"1";"0";"2";"1";"1";"5";""
"202100035058";"139Â 028";"A01";"2";"34";"0";"1";"1";"3";"1";""
"202100035058";"139Â 029";"B01";"1";"7";"0";"2";"8";"1";"2";""
"202100035059";"139Â 027";"A01";"1";"33";"0";"1";"1";"1";"1";""
"202100035060";"139Â 026";"A01";"0";"30";"0";"0";"0";"21";"3";""
"202100035061";"139Â 024";"A01";"2";"7";"0";"2";"3";"13";"1";""
"202100035061";"139Â 025";"B01";"2";"2";"0";"2";"0";"1";"3";""
"202100035062";"139Â 022";"A01";"1";"7";"0";"2";"5";"14";"1";""
"202100035062";"139Â 023";"B01";"1";"1";"0";"2";"1";"1";"5";""
"202100035063";"139Â 021";"A01";"1";"1";"0";"1";"1";"1";"5";""
"202100035064";"139Â 019";"A01";"1";"43";"0";"2";"3";"13";"1";""
"202100035064";"139Â 020";"B01";"2";"50";"0";"2";"1";"16";"3";""
"202100035065";"139Â 017";"A01";"1";"10";"0";"2";"8";"13";"1";""
"202100035065";"139Â 018";"B01";"2";"30";"0";"2";"7";"17";"1";""
"202100035066";"139Â 015";"A01";"1";"7";"0";"2";"3";"11";"1";""
"202100035066";"139Â 016";"B01";"1";"34";"0";"2";"5";"1";"1";""
"202100035067";"139Â 014";"A01";"2";"1";"0";"1";"1";"1";"5";""
"202100035068";"139Â 012";"A01";"2";"7";"0";"2";"1";"1";"1";""
"202100035068";"139Â 013";"B01";"1";"32";"0";"2";"3";"1";"1";""
"202100035069";"139Â 010";"A01";"1";"10";"0";"2";"2";"1";"1";""
"202100035069";"139Â 011";"B01";"1";"50";"14";"2";"1";"1";"3";""
"202100035070";"139Â 009";"A01";"2";"1";"0";"0";"1";"1";"5";""
"202100035071";"139Â 007";"A01";"2";"13";"0";"2";"8";"22";"6";""
"202100035071";"139Â 008";"B01";"1";"50";"0";"2";"0";"1";"3";""
"202100035072";"139Â 005";"A01";"1";"7";"0";"2";"1";"2";"1";""
"202100035072";"139Â 006";"B01";"1";"7";"0";"2";"4";"2";"1";""
"202100035073";"139Â 004";"A01";"3";"7";"5";"2";"1";"0";"1";""
"202100035074";"139Â 002";"A01";"2";"7";"0";"2";"1";"10";"0";""
"202100035074";"139Â 003";"B01";"2";"7";"0";"2";"8";"9";"1";""
"202100035075";"139Â 000";"B01";"1";"1";"0";"2";"1";"1";"5";""
"202100035075";"139Â 001";"A01";"1";"7";"0";"2";"7";"16";"1";""
"202100035076";"138Â 998";"A01";"2";"7";"0";"2";"8";"15";"2";""
"202100035076";"138Â 999";"B01";"2";"31";"0";"2";"7";"1";"1";""
"202100035077";"138Â 996";"A01";"1";"7";"0";"2";"2";"15";"1";""
"202100035077";"138Â 997";"B01";"1";"33";"0";"2";"1";"1";"1";""
"202100035078";"138Â 994";"A01";"1";"10";"0";"2";"0";"15";"1";""
"202100035078";"138Â 995";"B01";"1";"7";"11";"2";"2";"2";"1";""
"202100035079";"138Â 992";"A01";"1";"7";"0";"2";"1";"16";"1";""
"202100035079";"138Â 993";"B01";"1";"1";"0";"2";"8";"19";"5";""
"202100035080";"138Â 990";"A01";"1";"14";"1";"2";"1";"13";"1";""
"202100035080";"138Â 991";"B01";"1";"10";"0";"2";"7";"1";"1";""
"202100035081";"138Â 989";"A01";"0";"60";"1";"0";"0";"0";"5";""
"202100035082";"138Â 988";"A01";"1";"34";"0";"1";"1";"1";"1";""
"202100035083";"138Â 986";"A01";"3";"7";"0";"2";"1";"26";"1";""
"202100035083";"138Â 987";"B01";"3";"1";"0";"2";"8";"2";"5";""
"202100035084";"138Â 985";"A01";"1";"40";"0";"1";"2";"26";"6";""
"202100035085";"138Â 984";"A01";"1";"7";"0";"1";"0";"1";"1";""
"202100035086";"138Â 982";"A01";"1";"7";"0";"2";"7";"0";"1";""
"202100035086";"138Â 983";"B01";"1";"30";"0";"2";"1";"7";"1";""
"202100035087";"138Â 980";"A01";"1";"10";"0";"9";"5";"16";"1";""
"202100035087";"138Â 981";"B01";"1";"1";"0";"2";"8";"1";"5";""
"202100035088";"138Â 978";"B01";"3";"7";"0";"2";"4";"2";"1";""
"202100035088";"138Â 979";"A01";"3";"50";"0";"2";"1";"2";"3";""
"202100035089";"138Â 977";"A01";"0";"7";"0";"1";"0";"0";"1";""
"202100035090";"138Â 975";"A01";"2";"7";"0";"2";"3";"1";"1";""
"202100035090";"138Â 976";"B01";"1";"7";"0";"2";"3";"1";"1";""
"202100035091";"138Â 972";"C01";"2";"7";"0";"2";"1";"2";"1";""
"202100035091";"138Â 973";"B01";"2";"7";"0";"2";"4";"23";"1";""
"202100035091";"138Â 974";"A01";"2";"7";"0";"2";"1";"2";"1";""
"202100035092";"138Â 970";"B01";"2";"33";"0";"2";"1";"17";"1";""
"202100035092";"138Â 971";"A01";"2";"7";"0";"2";"8";"15";"1";""
"202100035093";"138Â 968";"A01";"1";"33";"0";"2";"1";"17";"1";""
"202100035093";"138Â 969";"B01";"1";"7";"0";"2";"8";"15";"1";""