"Num_Acc";"id_vehicule";"num_veh";"senc";"catv";"obs";"obsm";"choc";"manv";"motor";"occutc"
"202100035094";"138Â 967";"A01";"1";"7";"0";"1";"2";"16";"1";""
"202100035095";"138Â 966";"A01";"2";"30";"0";"0";"0";"13";"1";""
"202100035096";"138Â 964";"B01";"3";"10";"0";"1";"6";"1";"1";""
"202100035096";"138Â 965";"A01";"2";"7";"0";"1";"2";"1";"1";""
"202100035097";"138Â 963";"A01";"2";"34";"0";"1";"1";"1";"1";""
"202100035098";"138Â 962";"A01";"1";"30";"4";"0";"1";"13";"1";""
"202100035099";"138Â 960";"B01";"1";"7";"0";"2";"1";"1";"1";""
"202100035099";"138Â 961";"A01";"1";"7";"1";"2";"7";"26";"1";""
"202100035100";"138Â 959";"A01";"3";"7";"13";"0";"3";"13";"1";""
"202100035101";"138Â 957";"A01";"2";"7";"0";"2";"2";"21";"1";""
"202100035101";"138Â 958";"B01";"1";"1";"0";"2";"1";"13";"5";""
"202100035102";"138Â 956";"A01";"1";"10";"0";"1";"1";"15";"1";""
"202100035103";"138Â 953";"A01";"1";"7";"0";"2";"8";"1";"1";""
"202100035103";"138Â 954";"B01";"1";"7";"0";"2";"2";"17";"1";""
"202100035103";"138Â 955";"C01";"2";"2";"0";"2";"9";"21";"1";""
"202100035104";"138Â 952";"A01";"1";"7";"2";"0";"1";"1";"1";""
"202100035105";"138Â 951";"A01";"1";"7";"0";"0";"9";"1";"1";""
"202100035106";"138Â 950";"A01";"2";"2";"8";"0";"1";"1";"1";""
"202100035107";"138Â 948";"A01";"1";"7";"0";"2";"3";"9";"1";""
"202100035107";"138Â 949";"B01";"1";"7";"0";"2";"1";"1";"1";""
"202100035108";"138Â 947";"A01";"2";"33";"8";"0";"1";"1";"1";""
"202100035109";"138Â 946";"A01";"1";"7";"2";"0";"1";"1";"1";""
"202100035110";"138Â 944";"A01";"2";"7";"0";"2";"3";"13";"1";""
"202100035110";"138Â 945";"B01";"1";"7";"0";"2";"3";"1";"1";""
"202100035111";"138Â 942";"A01";"1";"33";"0";"2";"1";"2";"1";""
"202100035111";"138Â 943";"B01";"1";"7";"0";"0";"4";"2";"1";""
"202100035112";"138Â 940";"A01";"2";"7";"0";"2";"3";"13";"1";""
"202100035112";"138Â 941";"B01";"1";"7";"0";"2";"2";"1";"1";""
"202100035113";"138Â 939";"A01";"3";"33";"6";"0";"3";"26";"0";""
"202100035114";"138Â 938";"A01";"3";"7";"8";"0";"1";"1";"1";""
"202100035115";"138Â 936";"B01";"1";"10";"0";"2";"6";"2";"1";""
"202100035115";"138Â 937";"A01";"1";"32";"0";"2";"1";"17";"1";""
"202100035116";"138Â 935";"A01";"1";"7";"0";"1";"2";"1";"1";""
"202100035117";"138Â 934";"A01";"2";"7";"2";"0";"1";"1";"1";""
"202100035118";"138Â 932";"C01";"3";"7";"0";"2";"8";"15";"1";""
"202100035118";"138Â 933";"A01";"3";"31";"0";"2";"1";"1";"1";""
"202100035119";"138Â 930";"A01";"2";"2";"0";"2";"1";"11";"1";""
"202100035119";"138Â 931";"B01";"1";"7";"0";"2";"3";"1";"1";""
"202100035120";"138Â 928";"A01";"3";"33";"0";"2";"1";"17";"1";""
"202100035120";"138Â 929";"B01";"3";"7";"0";"2";"8";"15";"1";""
"202100035121";"138Â 926";"B01";"2";"7";"0";"2";"8";"1";"1";""
"202100035121";"138Â 927";"A01";"3";"7";"0";"2";"1";"1";"1";""
"202100035122";"138Â 924";"A01";"3";"7";"0";"2";"3";"1";"1";""
"202100035122";"138Â 925";"B01";"3";"7";"0";"2";"2";"1";"1";""
"202100035123";"138Â 923";"A01";"2";"33";"0";"5";"1";"1";"1";""
"202100035124";"138Â 921";"A01";"2";"33";"0";"2";"1";"13";"1";""
"202100035124";"138Â 922";"B01";"1";"21";"0";"2";"2";"1";"1";""
"202100035125";"138Â 918";"C01";"1";"30";"0";"0";"2";"18";"1";""
"202100035125";"138Â 919";"A01";"1";"7";"0";"2";"7";"1";"1";""
"202100035125";"138Â 920";"B01";"1";"32";"0";"2";"2";"18";"0";""
"202100035126";"138Â 916";"B01";"2";"33";"0";"2";"1";"1";"1";""
"202100035126";"138Â 917";"A01";"1";"7";"0";"2";"3";"15";"1";""
"202100035127";"138Â 914";"A01";"2";"7";"0";"2";"1";"2";"1";""
"202100035127";"138Â 915";"B01";"2";"33";"0";"0";"4";"2";"1";""
"202100035128";"138Â 912";"B01";"2";"7";"0";"9";"8";"1";"1";""
"202100035128";"138Â 913";"A01";"1";"33";"13";"2";"0";"13";"1";""
"202100035129";"138Â 911";"A01";"2";"33";"14";"0";"1";"17";"1";""
"202100035130";"138Â 910";"A01";"1";"32";"12";"0";"1";"1";"1";""
"202100035131";"138Â 908";"A01";"1";"7";"0";"2";"1";"23";"1";""
"202100035131";"138Â 909";"B01";"1";"33";"0";"0";"7";"23";"1";""
"202100035132";"138Â 907";"A01";"1";"7";"0";"0";"8";"13";"1";""
"202100035133";"138Â 906";"A01";"2";"2";"0";"0";"7";"0";"1";""
"202100035134";"138Â 904";"A01";"1";"30";"0";"2";"1";"1";"1";""
"202100035134";"138Â 905";"B01";"1";"7";"0";"2";"2";"1";"1";""
"202100035135";"138Â 901";"A01";"1";"7";"0";"2";"1";"0";"1";""
"202100035135";"138Â 902";"B01";"2";"7";"0";"2";"1";"0";"1";""
"202100035136";"138Â 899";"B01";"1";"20";"0";"2";"4";"2";"1";""
"202100035136";"138Â 900";"A01";"1";"7";"0";"2";"1";"2";"1";""
"202100035137";"138Â 898";"A01";"1";"7";"1";"2";"5";"4";"1";""
"202100035138";"138Â 897";"A01";"1";"7";"13";"0";"9";"1";"1";""
"202100035139";"138Â 896";"A01";"1";"7";"6";"0";"1";"1";"1";""
"202100035140";"138Â 894";"B01";"2";"7";"0";"2";"8";"1";"1";""
"202100035140";"138Â 895";"A01";"1";"33";"0";"2";"8";"13";"1";""
"202100035141";"138Â 893";"A01";"1";"7";"0";"0";"2";"14";"1";""
"202100035142";"138Â 891";"A01";"1";"7";"0";"2";"2";"15";"1";""
"202100035142";"138Â 892";"B01";"2";"2";"0";"2";"1";"1";"1";""
"202100035143";"138Â 890";"A01";"2";"7";"2";"0";"5";"1";"1";""
"202100035144";"138Â 888";"A01";"2";"7";"0";"2";"3";"15";"1";""
"202100035144";"138Â 889";"B01";"1";"2";"0";"2";"1";"1";"1";""
"202100035145";"138Â 887";"A01";"1";"7";"8";"0";"2";"1";"1";""
"202100035146";"138Â 885";"A01";"3";"7";"0";"2";"2";"1";"1";""
"202100035146";"138Â 886";"B01";"3";"7";"0";"2";"7";"15";"1";""
"202100035147";"138Â 884";"A01";"2";"7";"6";"0";"1";"13";"1";""
"202100035148";"138Â 882";"A01";"3";"7";"13";"0";"1";"1";"1";""
"202100035149";"138Â 881";"A01";"2";"7";"0";"0";"0";"1";"1";""
"202100035150";"138Â 880";"A01";"0";"7";"2";"0";"1";"0";"1";""
"202100035151";"138Â 879";"A01";"1";"7";"0";"1";"8";"2";"1";""
"202100035152";"138Â 877";"B01";"1";"17";"0";"0";"6";"2";"6";""
"202100035152";"138Â 878";"A01";"1";"7";"0";"2";"1";"2";"1";""
"202100035153";"138Â 875";"A01";"1";"7";"0";"2";"1";"1";"1";""
"202100035153";"138Â 876";"B01";"2";"7";"0";"2";"1";"13";"1";""
"202100035154";"138Â 873";"B01";"2";"7";"0";"2";"3";"1";"1";""
"202100035154";"138Â 874";"A01";"1";"1";"0";"2";"1";"13";"5";""
"202100035155";"138Â 869";"A01";"2";"2";"0";"2";"1";"17";"1";""
"202100035155";"138Â 870";"B01";"1";"10";"0";"2";"3";"17";"1";""
"202100035155";"138Â 871";"C01";"1";"7";"0";"2";"9";"1";"1";""
"202100035155";"138Â 872";"D01";"1";"7";"0";"2";"1";"1";"1";""
"202100035156";"138Â 867";"A01";"1";"7";"16";"0";"1";"1";"1";""
"202100035157";"138Â 866";"A01";"2";"33";"3";"0";"1";"1";"1";""
"202100035158";"138Â 864";"A01";"1";"10";"1";"0";"2";"2";"1";""
"202100035158";"138Â 865";"B01";"1";"15";"0";"0";"6";"24";"1";""
"202100035159";"138Â 862";"B01";"1";"7";"0";"2";"3";"1";"1";""
"202100035159";"138Â 863";"A01";"2";"7";"0";"2";"3";"15";"1";""
"202100035160";"138Â 860";"A01";"2";"7";"0";"2";"1";"15";"1";""
"202100035160";"138Â 861";"B01";"1";"7";"0";"2";"1";"1";"1";""
"202100035161";"138Â 858";"B01";"1";"7";"0";"2";"2";"15";"1";""
"202100035161";"138Â 859";"A01";"2";"33";"0";"2";"1";"1";"1";""
"202100035162";"138Â 856";"A01";"0";"7";"0";"0";"0";"0";"1";""
"202100035162";"138Â 857";"B01";"2";"2";"0";"2";"6";"1";"1";""
"202100035163";"138Â 855";"A01";"1";"7";"0";"1";"1";"1";"1";""
"202100035164";"138Â 853";"B01";"1";"7";"0";"2";"3";"1";"1";""
"202100035164";"138Â 854";"A01";"2";"7";"0";"2";"3";"5";"1";""
"202100035165";"138Â 851";"A01";"2";"33";"0";"2";"1";"17";"1";""
"202100035165";"138Â 852";"B01";"2";"7";"0";"2";"6";"15";"1";""
"202100035166";"138Â 849";"A01";"1";"7";"0";"2";"3";"1";"1";""
"202100035166";"138Â 850";"B01";"2";"2";"0";"2";"1";"1";"1";""
"202100035167";"138Â 847";"B01";"0";"21";"0";"2";"3";"1";"1";""
"202100035167";"138Â 848";"A01";"3";"33";"0";"2";"1";"13";"1";""
"202100035168";"138Â 846";"A01";"2";"33";"15";"0";"1";"0";"1";""
"202100035169";"138Â 845";"A01";"1";"7";"0";"1";"1";"1";"1";""
"202100035170";"138Â 843";"A01";"3";"7";"0";"2";"3";"13";"1";""
"202100035170";"138Â 844";"B01";"3";"7";"0";"2";"3";"1";"1";""
"202100035171";"138Â 841";"B01";"3";"7";"0";"2";"3";"1";"1";""
"202100035171";"138Â 842";"A01";"3";"31";"0";"2";"1";"5";"1";""
"202100035172";"138Â 837";"D01";"1";"10";"0";"2";"2";"23";"1";""
"202100035172";"138Â 838";"A01";"1";"7";"0";"2";"7";"15";"1";""
"202100035172";"138Â 839";"B01";"2";"7";"0";"2";"2";"1";"1";""
"202100035172";"138Â 840";"C01";"1";"7";"0";"2";"1";"1";"1";""
"202100035173";"138Â 835";"B01";"2";"1";"0";"2";"0";"1";"5";""
"202100035173";"138Â 836";"A01";"1";"15";"0";"2";"3";"16";"1";""
"202100035174";"138Â 833";"A01";"3";"7";"0";"2";"5";"13";"1";""
"202100035174";"138Â 834";"B01";"3";"7";"0";"2";"2";"1";"1";""
"202100035175";"138Â 832";"A01";"1";"2";"0";"0";"1";"1";"1";""
"202100035176";"138Â 831";"A01";"1";"7";"2";"0";"1";"1";"1";""
"202100035177";"138Â 829";"A01";"2";"2";"0";"2";"1";"2";"1";""
"202100035177";"138Â 830";"B01";"1";"2";"0";"0";"4";"2";"0";""
"202100035178";"138Â 827";"B01";"1";"7";"0";"2";"3";"1";"1";""
"202100035178";"138Â 828";"A01";"2";"33";"0";"2";"1";"17";"1";""
"202100035179";"138Â 826";"A01";"2";"33";"0";"0";"0";"1";"1";""
"202100035180";"138Â 825";"A01";"3";"7";"0";"1";"1";"16";"1";""
"202100035181";"138Â 824";"A01";"1";"7";"11";"0";"1";"13";"1";""
"202100035182";"138Â 821";"C01";"2";"33";"0";"2";"8";"1";"1";""
"202100035182";"138Â 822";"B01";"2";"10";"0";"2";"4";"1";"1";""
"202100035182";"138Â 823";"A01";"2";"33";"0";"2";"1";"2";"1";""
"202100035183";"138Â 819";"B01";"1";"7";"0";"2";"4";"2";"2";""
"202100035183";"138Â 820";"A01";"1";"7";"0";"2";"1";"2";"1";""
"202100035184";"138Â 816";"C01";"1";"10";"0";"2";"6";"2";"1";""
"202100035184";"138Â 817";"B01";"1";"7";"0";"2";"4";"12";"1";""
"202100035184";"138Â 818";"A01";"1";"7";"0";"2";"1";"1";"1";""
"202100035185";"138Â 814";"B01";"2";"33";"0";"2";"7";"3";"1";""
"202100035185";"138Â 815";"A01";"2";"7";"0";"2";"3";"11";"1";""
"202100035186";"138Â 811";"C01";"1";"7";"0";"2";"4";"1";"1";""
"202100035186";"138Â 812";"B01";"1";"7";"0";"2";"4";"2";"1";""
"202100035186";"138Â 813";"A01";"1";"7";"0";"2";"1";"1";"1";""
"202100035187";"138Â 809";"B01";"2";"15";"0";"2";"6";"1";"1";""
"202100035187";"138Â 810";"A01";"2";"7";"0";"2";"3";"14";"1";""
"202100035188";"138Â 806";"A01";"2";"7";"0";"2";"1";"2";"1";""
"202100035188";"138Â 807";"B01";"2";"7";"0";"2";"4";"2";"1";""
"202100035188";"138Â 808";"C01";"2";"7";"0";"2";"4";"2";"1";""
"202100035189";"138Â 803";"B01";"2";"14";"0";"2";"4";"2";"1";""
"202100035189";"138Â 804";"C01";"2";"7";"0";"2";"4";"2";"1";""
"202100035189";"138Â 805";"A01";"2";"14";"0";"2";"1";"2";"1";""
"202100035190";"138Â 800";"C01";"1";"7";"0";"2";"0";"2";"1";""
"202100035190";"138Â 801";"B01";"1";"7";"0";"2";"0";"2";"1";""
"202100035190";"138Â 802";"A01";"1";"7";"0";"2";"0";"2";"1";""
"202100035191";"138Â 797";"B01";"2";"7";"0";"2";"4";"12";"1";""
"202100035191";"138Â 798";"A01";"2";"31";"0";"2";"1";"26";"1";""
"202100035191";"138Â 799";"C01";"2";"7";"0";"2";"0";"0";"3";""
"202100035192";"138Â 793";"D01";"2";"7";"0";"2";"4";"1";"1";""
"202100035192";"138Â 794";"C01";"2";"7";"0";"2";"4";"1";"1";""
"202100035192";"138Â 795";"B01";"2";"7";"1";"2";"4";"1";"1";""
"202100035192";"138Â 796";"A01";"2";"10";"0";"2";"1";"1";"1";""
"202100035193";"138Â 791";"B01";"2";"7";"0";"2";"5";"12";"1";""
"202100035193";"138Â 792";"A01";"2";"34";"0";"2";"1";"3";"1";""
"202100035194";"138Â 790";"A01";"2";"33";"0";"0";"8";"13";"1";""
"202100035195";"138Â 789";"A01";"1";"33";"0";"2";"0";"1";"1";""
"202100035196";"138Â 787";"Z01";"2";"10";"0";"2";"4";"2";"0";""
"202100035196";"138Â 788";"A01";"2";"33";"0";"2";"1";"2";"1";""
"202100035197";"138Â 782";"A01";"2";"7";"0";"2";"3";"1";"1";""
"202100035197";"138Â 783";"B01";"2";"7";"0";"2";"2";"2";"1";""
"202100035197";"138Â 784";"C01";"2";"7";"0";"2";"3";"1";"1";""
"202100035197";"138Â 785";"D01";"1";"7";"0";"2";"3";"1";"1";""
"202100035197";"138Â 786";"Z01";"2";"7";"0";"2";"1";"5";"1";""
"202100035198";"138Â 780";"A01";"2";"7";"0";"2";"8";"10";"1";""
"202100035198";"138Â 781";"B01";"2";"33";"0";"2";"7";"1";"1";""
"202100035199";"138Â 778";"B01";"1";"33";"0";"2";"2";"1";"1";""
"202100035199";"138Â 779";"A01";"1";"7";"0";"2";"3";"11";"1";""
"202100035200";"138Â 777";"A01";"3";"7";"0";"1";"3";"1";"1";""
"202100035201";"138Â 776";"A01";"1";"7";"0";"1";"2";"1";" -1";""
"202100035202";"138Â 775";"A01";"1";"7";"0";"1";"1";"1";"1";""
"202100035203";"138Â 774";"A01";"2";"7";"1";"1";"0";"20";"1";""
"202100035204";"138Â 773";"A01";"1";"7";"0";"1";"2";"1";"1";""
"202100035205";"138Â 772";"A01";"0";"10";"0";"1";"3";"1";"0";""
"202100035206";"138Â 770";"B01";"1";"7";"0";"2";"4";"2";"1";""
"202100035206";"138Â 771";"A01";"2";"14";"0";"2";"2";"9";"1";""
"202100035207";"138Â 769";"A01";"3";"99";"0";"1";"0";"14";"0";""
"202100035208";"138Â 766";"A01";"2";"33";"0";"2";"1";"1";"1";""
"202100035208";"138Â 767";"B01";"2";"7";"0";"2";"5";"12";"1";""
"202100035209";"138Â 764";"A01";"1";"1";"0";"2";"1";"1";"5";""
"202100035209";"138Â 765";"B01";"1";"1";"0";"2";"4";"1";"5";""
"202100035210";"138Â 762";"A01";"2";"7";"0";"2";"3";"15";"1";""
"202100035210";"138Â 763";"B01";"2";"32";"0";"2";"7";"3";"1";""
"202100035211";"138Â 761";"A01";"3";"32";"0";"1";"1";"3";"1";""
"202100035212";"138Â 760";"A01";"3";"2";"9";"0";"1";"21";"1";""
"202100035213";"138Â 758";"B01";"1";"1";"0";"2";"7";"0";"5";""
"202100035213";"138Â 759";"A01";"2";"7";"0";"2";"2";"15";"1";""
"202100035214";"138Â 756";"B01";"2";"33";"0";"2";"1";"1";"1";""
"202100035214";"138Â 757";"A01";"2";"80";"0";"2";"8";"15";"3";""
"202100035215";"138Â 754";"B01";"3";"7";"0";"2";"6";"15";"0";""
"202100035215";"138Â 755";"A01";"1";"7";"0";"2";"1";"1";"1";""
"202100035216";"138Â 752";"A01";"1";"7";"0";"2";"1";"15";"1";""
"202100035216";"138Â 753";"B01";"2";"32";"0";"2";"8";"1";"1";""
"202100035217";"138Â 750";"B01";"1";"32";"0";"2";"2";"1";"1";""
"202100035217";"138Â 751";"A01";"1";"7";"0";"2";"8";"16";"1";""
"202100035218";"138Â 748";"A01";"2";"7";"0";"2";"1";"15";"1";""
"202100035218";"138Â 749";"B01";"1";"80";"0";"2";"1";"1";"3";""
"202100035219";"138Â 746";"A01";"2";"33";"0";"2";"1";"1";"1";""
"202100035219";"138Â 747";"B01";"1";"7";"0";"2";"3";"1";"1";""
"202100035220";"138Â 745";"A01";"1";"7";"8";"0";"3";"14";"1";""
"202100035221";"138Â 744";"A01";"3";"7";"0";"1";"1";"1";"1";""
"202100035222";"138Â 742";"A01";"3";"7";"0";"2";"1";"1";"1";""
"202100035222";"138Â 743";"B01";"3";"1";"0";"2";"1";"5";"5";""
"202100035223";"138Â 740";"A01";"3";"30";"0";"2";"1";"1";"1";""
"202100035223";"138Â 741";"B01";"3";"7";"0";"2";"2";"15";"1";""
"202100035224";"138Â 739";"A01";"1";"7";"0";"1";"1";"17";"1";""
"202100035225";"138Â 738";"Z01";"1";"7";"0";"1";"1";"1";"1";""
"202100035226";"138Â 736";"B01";"1";"33";"0";"2";"2";"2";"1";""
"202100035226";"138Â 737";"A01";"1";"7";"0";"2";"3";"10";"2";""
"202100035227";"138Â 734";"B01";"2";"7";"0";"2";"5";"15";"2";""
"202100035227";"138Â 735";"A01";"1";"33";"0";"2";"1";"0";"1";""
"202100035228";"138Â 733";"A01";"2";"7";"0";"1";"2";"1";"1";""
"202100035229";"138Â 732";"A01";"2";"7";"0";"1";"1";"1";"1";""
"202100035230";"138Â 730";"B01";"1";"33";"0";"2";"1";"1";"1";""
"202100035230";"138Â 731";"A01";"1";"7";"0";"2";"8";"19";"1";""
"202100035231";"138Â 728";"A01";"1";"7";"0";"2";"1";"2";"1";""
"202100035231";"138Â 729";"B01";"1";"7";"0";"2";"4";"2";"1";""
"202100035232";"138Â 727";"A01";"1";"31";"3";"0";"7";"1";"1";""
"202100035233";"138Â 725";"A01";"3";"10";"0";"2";"2";"1";"0";""
"202100035233";"138Â 726";"B01";"3";"33";"0";"2";"0";"13";"1";""
"202100035234";"138Â 724";"B01";"3";"30";"0";"2";"0";"1";"1";""
"202100035235";"138Â 723";"A01";"2";"7";"0";"1";"2";"1";"1";""
"202100035236";"138Â 721";"A01";"2";"7";"0";"2";"1";"13";"1";""
"202100035236";"138Â 722";"B01";"1";"7";"0";"2";"3";"1";"1";""
"202100035237";"138Â 719";"A01";"1";"7";"1";"0";"2";"14";"1";""
"202100035237";"138Â 720";"B01";"1";"7";"0";"2";"6";"24";"0";""
"202100035238";"138Â 717";"A01";"1";"7";"0";"9";"8";"2";"1";""
"202100035238";"138Â 718";"B01";"1";"1";"0";"2";"1";"2";"5";""
"202100035239";"138Â 716";"A01";"2";"7";"2";"0";"1";"2";"1";""
"202100035240";"138Â 715";"A01";"2";"7";"0";"1";"1";"1";"1";""
"202100035241";"138Â 705";"B01";"2";"7";"0";"2";"6";"10";"1";""
"202100035241";"138Â 706";"A01";"2";"14";"0";"2";"2";"12";"1";""
"202100035242";"138Â 703";"B01";"3";"2";"0";"9";"1";"1";"1";""
"202100035242";"138Â 704";"A01";"3";"1";"0";"9";"1";"19";"5";""
"202100035243";"138Â 701";"A01";" -1";"33";"0";"2";"1";"17";"1";""
"202100035243";"138Â 702";"B01";" -1";"10";"0";"2";"4";"13";"1";""
"202100035244";"138Â 700";"A01";"1";"1";"1";"0";"1";"1";"5";""
"202100035245";"138Â 699";"A01";"1";"30";"1";"0";"1";"14";"1";""
"202100035246";"138Â 697";"B01";"2";"1";"0";"2";"8";"1";"5";""
"202100035246";"138Â 698";"A01";"1";"7";"0";"2";"1";"15";"0";""
"202100035247";"138Â 696";"A01";"2";"10";"15";"0";"3";"2";"1";""
"202100035248";"138Â 694";"A01";"1";"30";"0";"2";"2";"9";"1";""
"202100035248";"138Â 695";"Z01";"2";"7";"0";"2";"7";"0";"1";""
"202100035249";"138Â 692";"A01";"1";"7";"0";"2";"8";"26";"1";""
"202100035249";"138Â 693";"B01";"1";"33";"0";"2";"1";"26";"1";""
"202100035250";"138Â 690";"A01";"0";"37";"0";"2";"1";"2";"1";"1"
"202100035250";"138Â 691";"B01";"1";"33";"0";"2";"4";"2";"1";""
"202100035251";"138Â 688";"B01";"3";"30";"0";"2";"1";"1";"1";""
"202100035251";"138Â 689";"A01";"0";"7";"0";"2";"3";"15";"1";""
"202100035252";"138Â 687";"A01";"2";"7";"2";"0";"3";"13";"1";""
"202100035253";"138Â 686";"A01";"2";"3";"0";"1";"1";"1";"0";""
"202100035254";"138Â 684";"A01";"3";"7";"0";"2";"3";"9";"1";""
"202100035254";"138Â 685";"B01";"3";"1";"0";"2";"7";"1";"5";""
"202100035255";"138Â 683";"A01";"2";"7";"4";"0";"1";"14";"1";""
"202100035256";"138Â 681";"B01";"1";"7";"0";"2";"7";"1";"1";""
"202100035256";"138Â 682";"A01";"1";"7";"0";"2";"8";"1";"1";""
"202100035257";"138Â 680";"A01";"1";"14";"0";"1";"4";"4";"1";""
"202100035258";"138Â 678";"B01";"2";"33";"0";"2";"1";"26";"1";""
"202100035258";"138Â 679";"A01";"1";"7";"0";"2";"2";"10";"1";""
"202100035259";"138Â 676";"B01";"1";"7";"0";"2";"4";"26";"1";""
"202100035259";"138Â 677";"A01";"1";"30";"0";"2";"1";"26";"1";""
"202100035260";"138Â 674";"B01";"1";"1";"0";"2";"8";"1";"5";""
"202100035260";"138Â 675";"A01";"1";"7";"0";"2";"1";"1";"1";""
"202100035261";"138Â 673";"A01";"2";"30";"6";"0";"1";"2";"1";""
"202100035262";"138Â 671";"B01";"1";"2";"0";"2";"1";"1";"1";""
"202100035262";"138Â 672";"A01";"1";"7";"0";"2";"3";"15";"1";""
"202100035263";"138Â 669";"A01";"2";"30";"0";"2";"1";"1";"1";""
"202100035263";"138Â 670";"B01";"1";"7";"0";"2";"6";"1";"1";""
"202100035264";"138Â 667";"A01";"2";"30";"0";"2";"1";"1";"1";""
"202100035264";"138Â 668";"B01";"3";"7";"0";"2";"7";"1";"2";""
"202100035265";"138Â 665";"B01";"1";"7";"0";"2";"8";"1";"1";""
"202100035265";"138Â 666";"A01";"1";"7";"0";"2";"1";"19";"1";""
"202100035266";"138Â 662";"A01";"1";"32";"0";"2";"2";"3";"1";""
"202100035266";"138Â 663";"B01";"1";"7";"0";"2";"6";"0";"1";""
"202100035266";"138Â 664";"C01";"1";"7";"0";"2";"2";"0";"1";""
"202100035267";"138Â 661";"A01";"3";"7";"0";"1";"1";"1";"1";""
"202100035268";"138Â 659";"B01";"2";"7";"0";"2";"1";"2";"1";""
"202100035268";"138Â 660";"A01";"1";"1";"0";"2";"8";"9";"5";""
"202100035269";"138Â 658";"A01";"3";"34";"0";"1";"1";"1";"1";""
"202100035270";"138Â 656";"B01";"1";"31";"0";"2";"3";"1";"1";""
"202100035270";"138Â 657";"A01";"2";"7";"0";"2";"2";"15";"1";""
"202100035271";"138Â 655";"A01";"1";"33";"0";"1";"2";"17";"1";""
"202100035272";"138Â 654";"A01";"1";"7";"1";"0";"1";"1";"1";""
"202100035273";"138Â 652";"Z01";"0";"7";"0";"2";"7";"15";"1";""
"202100035273";"138Â 653";"B01";"0";"33";"0";"2";"2";"1";"1";""
"202100035274";"138Â 650";"A01";"1";"10";"0";"2";"1";"1";"1";""
"202100035274";"138Â 651";"B01";"3";"33";"0";"2";"4";"16";"1";""
"202100035275";"138Â 648";"A01";"0";"7";"0";"2";"2";"15";"1";""
"202100035275";"138Â 649";"B01";"0";"1";"0";"2";"1";"1";"5";""
"202100035276";"138Â 646";"A01";"1";"10";"0";"2";"2";"16";"1";""
"202100035276";"138Â 647";"B01";"1";"80";"0";"2";"3";"1";"3";""
"202100035277";"138Â 644";"A01";"1";"15";"0";"2";"2";"15";"0";""
"202100035277";"138Â 645";"B01";"1";"7";"0";"2";"8";"12";"0";""
"202100035278";"138Â 643";"B01";"1";"33";"0";"2";"3";"1";"1";""
"202100035279";"138Â 641";"B01";"3";"7";"0";"2";"3";"15";"1";""
"202100035279";"138Â 642";"A01";"3";"32";"0";"2";"1";"17";"1";""
"202100035280";"138Â 640";"A01";"1";"2";"1";"0";"2";"14";"1";""
"202100035281";"138Â 638";"A01";"3";"7";"0";"2";"1";"15";"1";""
"202100035281";"138Â 639";"B01";"3";"1";"0";"2";"1";"16";"5";""
"202100035282";"138Â 637";"A01";"1";"7";"0";"9";"1";"1";"1";""
"202100035283";"138Â 635";"A01";"3";"7";"0";"2";"3";"10";"1";""
"202100035283";"138Â 636";"B01";"3";"33";"0";"2";"1";"17";"1";""
"202100035284";"138Â 633";"A01";"1";"7";"0";"2";"4";"2";"1";""
"202100035284";"138Â 634";"Z01";"1";"7";"0";"2";"1";"1";"1";""
"202100035285";"138Â 631";"B01";"2";"7";"0";"2";"1";"15";"1";""
"202100035285";"138Â 632";"A01";"1";"33";"0";"2";"1";"1";"1";""
"202100035286";"138Â 629";"B01";"1";"7";"0";"2";"4";"2";"1";""
"202100035286";"138Â 630";"A01";"1";"7";"0";"2";"1";"2";"1";""
"202100035287";"138Â 627";"A01";"1";"7";"0";"1";"3";"1";"1";""
"202100035287";"138Â 628";"B01";"2";"50";"0";"1";"1";"3";"3";""
"202100035288";"138Â 626";"Z01";"1";"7";"0";"1";"0";"1";"0";""
"202100035289";"138Â 624";"A01";"1";"7";"0";"2";"1";"0";"2";""
"202100035289";"138Â 625";"B01";"0";"1";"0";"2";"5";"0";"6";""
"202100035290";"138Â 622";"B01";"0";"2";"0";"2";"9";"2";"1";""
"202100035290";"138Â 623";"A01";"0";"7";"0";"2";"1";"9";"2";""
"202100035291";"138Â 620";"B01";"2";"7";" -1";"2";"1";"1";"1";""
"202100035291";"138Â 621";"A01";"1";"7";" -1";"2";"1";"15";"1";""
"202100035292";"138Â 618";"A01";"2";"7";"7";"2";"5";"15";"1";""
"202100035292";"138Â 619";"B01";"1";"7";"0";"2";"2";"1";"1";""
"202100035293";"138Â 617";"A01";"3";"30";"12";"0";"1";"1";"1";""
"202100035294";"138Â 616";"A01";"2";"32";"0";"1";"1";"5";"1";""
"202100035295";"138Â 614";"A01";"2";"7";"0";"2";"2";"21";"1";""
"202100035295";"138Â 615";"B01";"2";"7";"0";"2";"3";"9";"1";""
"202100035296";"138Â 613";"A01";"2";"7";"0";"1";"2";"1";"1";""
"202100035297";"138Â 611";"A01";"2";"7";"0";"2";"2";"26";"1";""
"202100035297";"138Â 612";"B01";"1";"7";"0";"0";"0";"0";"0";""
"202100035298";"138Â 610";"A01";"3";"10";"0";"1";"2";"16";"1";""
"202100035299";"138Â 608";"A01";"0";"10";"0";"2";"3";"9";"1";""
"202100035299";"138Â 609";"B01";"1";"33";"0";"2";"1";"1";"1";""