"Num_Acc";"id_vehicule";"num_veh";"senc";"catv";"obs";"obsm";"choc";"manv";"motor";"occutc"
"202100035300";"138Â 606";"A01";"1";"7";"0";"2";"2";"15";"1";""
"202100035300";"138Â 607";"B01";"2";"1";"0";"2";"1";"1";"5";""
"202100035301";"138Â 605";"A01";"2";"7";"0";"1";"2";"1";"1";""
"202100035302";"138Â 603";"B01";"2";"32";"0";"2";"3";"1";"1";""
"202100035302";"138Â 604";"A01";"1";"7";"0";"2";"1";"15";"1";""
"202100035303";"138Â 601";"A01";"2";"30";"0";"2";"1";"17";"1";""
"202100035303";"138Â 602";"B01";"2";"7";"0";"2";"8";"15";"1";""
"202100035304";"138Â 599";"Z01";"1";"10";"0";"2";"7";"1";"1";""
"202100035304";"138Â 600";"A01";"1";"1";"0";"2";"7";"1";"5";""
"202100035305";"138Â 597";"B01";"2";"30";"0";"2";"1";"1";"1";""
"202100035305";"138Â 598";"A01";"1";"7";"0";"2";"1";"15";"3";""
"202100035306";"138Â 596";"A01";"1";"10";"1";"0";"8";"13";"3";""
"202100035307";"138Â 595";"A01";"1";"7";"0";"1";"8";"1";"1";""
"202100035308";"138Â 593";"A01";"2";"34";"0";"2";"8";"7";"1";""
"202100035308";"138Â 594";"B01";"2";"7";"0";"2";"2";"16";"2";""
"202100035309";"138Â 591";"A01";"2";"30";"0";"2";"3";"13";"1";""
"202100035309";"138Â 592";"B01";"1";"7";"0";"2";"3";"1";"1";""
"202100035310";"138Â 589";"B01";"1";"14";"0";"2";"6";"23";"6";""
"202100035310";"138Â 590";"A01";"1";"1";"0";"2";"1";"2";"5";""
"202100035311";"138Â 588";"A01";"2";"80";"0";"0";"7";"21";"3";""
"202100035312";"138Â 587";"A01";"2";"7";"0";"1";"1";"1";"1";""
"202100035313";"138Â 586";"A01";"2";"33";"0";"1";"1";"17";"1";""
"202100035314";"138Â 585";"Z01";"2";"1";"0";"1";"1";"1";"5";""
"202100035315";"138Â 583";"A01";"2";"7";"0";"2";"1";"2";"1";""
"202100035315";"138Â 584";"B01";"2";"7";"0";"2";"4";"23";"1";""
"202100035316";"138Â 582";"Z01";"1";"30";"0";"1";"1";"25";"0";""
"202100035317";"138Â 581";"A01";"1";"7";"1";"0";"1";"14";"1";""
"202100035318";"138Â 579";"A01";"1";"32";"1";"2";"1";"1";"1";""
"202100035318";"138Â 580";"Z01";"1";"7";"0";"2";"0";"9";"0";""
"202100035319";"138Â 577";"A01";"1";"7";"0";"2";"7";"14";"1";""
"202100035319";"138Â 578";"B01";"1";"30";"0";"2";"8";"1";"1";""
"202100035320";"138Â 575";"B01";"0";"1";"0";"2";"7";"1";"5";""
"202100035320";"138Â 576";"A01";"1";"7";"0";"2";"1";"1";"1";""
"202100035321";"138Â 574";"Z01";"2";"30";"0";"1";"1";"1";"1";""
"202100035322";"138Â 572";"A01";"1";"30";"0";"2";"8";"15";"1";""
"202100035322";"138Â 573";"B01";"1";"30";"0";"2";"1";"17";"1";""
"202100035323";"138Â 570";"A01";"2";"7";"0";"2";"7";"1";"1";""
"202100035323";"138Â 571";"B01";"2";"30";"0";"2";"1";"1";"3";""
"202100035324";"138Â 567";"A01";"1";"7";"0";"2";"1";"2";"1";""
"202100035324";"138Â 568";"B01";"2";"7";"0";"2";"5";"23";"1";""
"202100035324";"138Â 569";"C01";"1";"10";"0";"2";"1";"23";"1";""
"202100035325";"138Â 565";"A01";"1";"7";"0";"2";"2";"2";"1";""
"202100035325";"138Â 566";"B01";"1";"1";"0";"2";"5";"12";"5";""
"202100035326";"138Â 563";"B01";"1";"7";"0";"2";"5";"23";"1";""
"202100035326";"138Â 564";"A01";"1";"43";"0";"2";"1";"2";"1";""
"202100035327";"138Â 561";"B01";"3";"1";"0";"2";"1";"1";"5";""
"202100035327";"138Â 562";"A01";"3";"10";"0";"2";"3";"1";"1";""
"202100035328";"138Â 559";"A01";"2";"33";"0";"2";"1";"1";"1";""
"202100035328";"138Â 560";"B01";"2";"1";"0";"2";"0";"19";"5";""
"202100035329";"138Â 558";"A01";"1";"50";"0";"0";"0";"1";"3";""
"202100035330";"138Â 556";"Z01";"2";"7";"0";"2";"1";"1";"0";""
"202100035330";"138Â 557";"A01";"1";"1";"0";"2";"1";"1";"5";""
"202100035331";"138Â 554";"B01";"1";"1";"0";"2";"8";"13";"5";""
"202100035331";"138Â 555";"A01";"1";"1";"0";"2";"7";"1";"5";""
"202100035332";"138Â 552";"A01";"2";"7";"0";"2";"2";"2";"1";""
"202100035332";"138Â 553";"B01";"2";"1";"0";"0";"0";"0";"0";""
"202100035333";"138Â 550";"B01";"0";"1";"1";"0";"0";"2";"5";""
"202100035333";"138Â 551";"A01";"0";"7";"0";"2";"2";"24";"1";""
"202100035334";"138Â 548";"B01";"2";"1";"0";"2";"7";"19";"5";""
"202100035334";"138Â 549";"A01";"2";"37";"0";"2";"2";"1";"0";"3"
"202100035335";"138Â 547";"A01";"1";"7";"0";"1";"1";"16";"1";""
"202100035336";"138Â 545";"A01";"1";"7";"0";"2";"1";"15";"1";""
"202100035336";"138Â 546";"B01";"2";"2";"0";"2";"1";"1";"1";""
"202100035337";"138Â 543";"B01";"2";"10";"0";"2";"3";"1";"6";""
"202100035337";"138Â 544";"A01";"2";"43";"0";"2";"2";"3";"1";""
"202100035338";"138Â 541";"A01";"2";"7";"0";"2";"2";"20";"1";""
"202100035338";"138Â 542";"B01";"2";"7";"0";"2";"2";"1";"1";""
"202100035339";"138Â 540";"A01";"0";"32";"0";"1";"1";"26";"0";""
"202100035340";"138Â 538";"A01";"0";"10";"0";"2";"2";"1";"1";""
"202100035340";"138Â 539";"B01";"0";"7";"0";"2";"3";"1";"1";""
"202100035341";"138Â 537";"A01";"1";"7";"0";"1";"6";"10";"1";""
"202100035342";"138Â 535";"A01";"1";"7";"0";"2";"4";"1";"1";""
"202100035342";"138Â 536";"B01";"1";"7";"0";"2";"2";"1";"1";""
"202100035343";"138Â 533";"B01";"3";"31";"0";"2";"1";"17";"1";""
"202100035343";"138Â 534";"A01";"3";"7";"0";"2";"3";"9";"1";""
"202100035344";"138Â 531";"A01";"3";"33";"0";"2";"1";"19";"1";""
"202100035344";"138Â 532";"B01";"0";"99";"0";"0";"8";"19";"0";""
"202100035345";"138Â 529";"A01";"1";"7";"0";"2";"2";"15";"1";""
"202100035345";"138Â 530";"B01";"1";"33";"0";"2";"1";"1";"1";""
"202100035346";"138Â 527";"B01";"1";"2";"0";"2";"1";"1";"1";""
"202100035346";"138Â 528";"A01";"1";"10";"0";"2";"2";"14";"0";""
"202100035347";"138Â 525";"B01";"1";"7";"0";"2";"1";"1";"0";""
"202100035347";"138Â 526";"A01";"2";"7";"1";"2";"1";"17";"0";""
"202100035348";"138Â 524";"A01";"1";"7";"1";"2";"2";"1";"1";""
"202100035349";"138Â 522";"B01";"1";"30";"0";"2";"8";"17";"1";""
"202100035349";"138Â 523";"A01";"2";"7";"0";"2";"1";"10";"1";""
"202100035350";"138Â 520";"B01";"1";"1";"0";"2";"1";"15";"0";""
"202100035350";"138Â 521";"A01";"2";"10";"0";"2";"2";"1";"1";""
"202100035351";"138Â 518";"A01";"1";"7";"0";"2";"5";"1";"1";""
"202100035351";"138Â 519";"B01";"2";"1";"0";"2";"1";"1";"5";""
"202100035352";"138Â 517";"A01";"1";"7";"0";"2";"1";"1";"1";""
"202100035353";"138Â 515";"B01";"2";"34";"0";"0";"8";"1";"1";""
"202100035353";"138Â 516";"A01";"1";"7";"0";"2";"2";"26";"1";""
"202100035354";"138Â 513";"B01";"0";"7";"0";"2";"3";"15";"1";""
"202100035354";"138Â 514";"A01";"2";"34";"0";"2";"1";"0";"1";""
"202100035355";"138Â 511";"A01";"1";"7";"0";"2";"3";"5";"1";""
"202100035355";"138Â 512";"B01";"2";"7";"0";"2";"3";"1";"1";""
"202100035356";"138Â 509";"A01";"2";"10";"0";"2";"1";"2";"1";""
"202100035356";"138Â 510";"B01";"2";"7";"0";"0";"4";"2";"1";""
"202100035357";"138Â 508";"A01";"1";"7";"6";"0";"2";"14";"1";""
"202100035358";"138Â 506";"A01";"2";"7";"16";"2";"6";"9";"1";""
"202100035358";"138Â 507";"B01";"1";"7";"0";"2";"1";"1";"1";""
"202100035359";"138Â 505";"A01";"1";"7";"0";"1";"7";"1";"1";""
"202100035360";"138Â 503";"B01";"2";"7";"0";"2";"1";"2";"1";""
"202100035360";"138Â 504";"A01";"1";"7";"0";"2";"1";"13";"1";""
"202100035361";"138Â 502";"A01";"1";"7";"0";"1";"3";"1";"1";""
"202100035362";"138Â 501";"A01";"2";"7";"0";"1";"2";"21";"2";""
"202100035363";"138Â 500";"A01";"1";"7";"13";"0";"3";"13";"1";""
"202100035364";"138Â 499";"A01";"1";"1";"0";"0";"0";"2";"5";""
"202100035365";"138Â 497";"B01";"1";"33";"0";"2";"1";"1";"1";""
"202100035365";"138Â 498";"A01";"2";"7";"0";"2";"2";"11";"1";""
"202100035366";"138Â 495";"B01";"1";"7";"0";"2";"2";"1";"1";""
"202100035366";"138Â 496";"A01";"1";"2";"0";"2";"8";"1";"1";""
"202100035367";"138Â 494";"A01";"1";"7";"0";"1";"3";"1";"1";""
"202100035368";"138Â 486";"H01";"2";"1";"0";"0";"0";"26";"5";""
"202100035368";"138Â 487";"G01";"2";"1";"0";"0";"0";"26";"5";""
"202100035368";"138Â 488";"F01";"2";"1";"0";"0";"0";"26";"5";""
"202100035368";"138Â 489";"E01";"2";"1";"0";"0";"0";"26";"5";""
"202100035368";"138Â 490";"D01";"2";"1";"0";"0";"0";"14";"5";""
"202100035368";"138Â 491";"C01";"2";"7";"0";"0";"0";"17";"1";""
"202100035368";"138Â 492";"B01";"1";"7";"0";"2";"3";"21";"1";""
"202100035368";"138Â 493";"A01";"2";"1";"0";"2";"1";"13";"5";""
"202100035369";"138Â 485";"A01";"1";"7";"8";"0";"1";"1";"1";""
"202100035370";"138Â 484";"A01";"1";"37";"0";"0";"8";"13";"1";"4"
"202100035371";"138Â 483";"A01";"2";"33";"3";"0";"2";"1";"1";""
"202100035372";"138Â 482";"A01";"1";"7";"13";"0";"9";"1";"1";""
"202100035373";"138Â 481";"A01";"1";"7";"0";"1";"2";"1";"1";""
"202100035374";"138Â 480";"A01";"1";"7";"13";"0";"2";"1";"1";""
"202100035375";"138Â 478";"A01";"2";"7";"0";"2";"2";"17";"1";""
"202100035375";"138Â 479";"B01";"2";"1";"0";"2";"8";"2";"5";""
"202100035376";"138Â 477";"A01";"1";"7";"13";"0";"1";"26";"1";""
"202100035377";"138Â 475";"B01";"1";"34";"0";"2";"1";"1";"1";""
"202100035377";"138Â 476";"A01";"1";"7";"0";"2";"6";"15";"1";""
"202100035378";"138Â 473";"A01";"2";"33";"0";"2";"1";"2";"1";""
"202100035378";"138Â 474";"B01";"2";"10";"0";"0";"4";"2";"1";""
"202100035379";"138Â 471";"A01";"2";"7";"0";"2";"3";"15";"1";""
"202100035379";"138Â 472";"B01";"2";"33";"0";"2";"1";"1";"1";""
"202100035380";"138Â 470";"A01";"2";"2";"6";"0";"1";"0";"1";""
"202100035381";"138Â 469";"A01";"0";"33";"0";"0";"0";"1";"1";""
"202100035382";"138Â 467";"B01";"1";"1";"0";"2";"4";"15";"5";""
"202100035382";"138Â 468";"A01";"1";"2";"0";"2";"1";"17";"1";""
"202100035383";"138Â 466";"A01";"0";"7";"0";"0";"0";"1";"0";""
"202100035384";"138Â 464";"B01";"2";"33";"0";"2";"1";"1";"1";""
"202100035384";"138Â 465";"A01";"1";"99";"0";"2";"5";"15";"1";""
"202100035385";"138Â 463";"A01";"2";"33";"0";"0";"8";"16";"1";""
"202100035386";"138Â 461";"A01";"2";"33";"0";"2";"1";"11";"1";""
"202100035386";"138Â 462";"B01";"2";"7";"0";"2";"6";"15";"1";""
"202100035387";"138Â 459";"B01";"2";"7";"0";"2";"4";"1";"1";""
"202100035387";"138Â 460";"A01";"2";"2";"0";"2";"1";"1";"1";""
"202100035388";"138Â 457";"B01";"1";"7";"0";"0";"0";"2";"1";""
"202100035388";"138Â 458";"A01";"1";"2";"0";"2";"1";"2";"1";""
"202100035389";"138Â 456";"A01";"1";"1";"0";"0";"7";"1";"5";""
"202100035390";"138Â 455";"A01";"1";"7";"0";"1";"1";"1";"1";""
"202100035391";"138Â 454";"A01";"1";"21";"0";"0";"3";"1";"1";""
"202100035392";"138Â 452";"B01";"3";"7";"0";"2";"1";"1";"1";""
"202100035392";"138Â 453";"A01";"3";"7";"0";"2";"1";"13";"1";""
"202100035393";"138Â 451";"A01";"1";"33";"13";"0";"2";"1";"1";""
"202100035394";"138Â 450";"A01";"1";"33";"0";"6";"1";"1";"1";""
"202100035395";"138Â 448";"C01";"1";"7";"0";"2";"4";"2";"2";""
"202100035395";"138Â 449";"A01";"1";"15";"0";"2";"1";"2";"1";""
"202100035396";"138Â 446";"B01";"1";"7";"0";"2";"2";"1";"1";""
"202100035396";"138Â 447";"A01";"2";"7";"0";"2";"7";"13";"1";""
"202100035397";"138Â 444";"B01";"1";"15";"0";"2";"6";"1";"1";""
"202100035397";"138Â 445";"A01";"2";"7";"0";"2";"3";"13";"1";""
"202100035398";"138Â 443";"A01";"1";"7";"17";"0";"1";"1";"1";""
"202100035399";"138Â 442";"A01";"0";"7";"3";"0";"2";"0";"1";""
"202100035400";"138Â 441";"A01";"1";"10";"5";"0";"1";"1";"1";""
"202100035401";"138Â 440";"A01";"2";"33";"0";"0";"0";"0";"1";""
"202100035402";"138Â 439";"A01";"3";"7";"0";"1";"3";"0";"1";""
"202100035403";"138Â 437";"B01";"1";"2";"0";"2";"1";"1";"1";""
"202100035403";"138Â 438";"A01";"1";"10";"0";"2";"8";"9";"1";""
"202100035404";"138Â 435";"A01";"1";"7";"0";"0";"4";"13";"0";""
"202100035404";"138Â 436";"B01";"1";"33";"0";"0";"1";"13";"1";""
"202100035405";"138Â 434";"A01";"1";"7";"16";"0";"2";"1";"1";""
"202100035406";"138Â 433";"A01";"1";"7";"3";"0";"1";"1";"1";""
"202100035407";"138Â 431";"B01";"3";"1";"0";"2";"4";"1";"5";""
"202100035407";"138Â 432";"A01";"3";"7";"0";"9";"1";"18";"1";""
"202100035408";"138Â 428";"A01";"2";"7";"0";"0";"4";"2";"1";""
"202100035408";"138Â 429";"B01";"2";"7";"0";"0";"4";"2";"1";""
"202100035408";"138Â 430";"C01";"2";"33";"0";"2";"1";"2";"1";""
"202100035409";"138Â 427";"A01";"0";"7";"15";"0";"3";"0";"1";""
"202100035410";"138Â 425";"A01";"1";"2";"0";"2";"1";"1";"1";""
"202100035410";"138Â 426";"B01";"0";"2";"0";"2";"8";"1";"1";""
"202100035411";"138Â 422";"A01";"0";"3";"1";"0";"9";"26";"1";""
"202100035412";"138Â 421";"A01";"1";"10";"0";"1";"0";"1";"1";""
"202100035413";"138Â 420";"A01";"3";"7";"9";"0";"1";"1";"1";""
"202100035414";"138Â 418";"A01";"0";"7";"0";"0";"8";"2";"2";""
"202100035414";"138Â 419";"B01";"0";"31";"0";"2";"2";"1";"1";""
"202100035415";"138Â 416";"B01";"2";"33";"0";"2";"7";"17";"1";""
"202100035415";"138Â 417";"A01";"2";"7";"0";"2";"8";"1";"1";""
"202100035416";"138Â 412";"D01";"0";"7";"0";"0";"0";"22";"1";""
"202100035416";"138Â 413";"C01";"0";"7";"0";"2";"0";"26";"1";""
"202100035416";"138Â 414";"B01";"0";"33";"0";"2";"1";"1";"0";""
"202100035416";"138Â 415";"A01";"0";"7";"0";"2";"3";"13";"1";""
"202100035417";"138Â 410";"A01";"1";"7";"0";"2";"8";"1";"1";""
"202100035417";"138Â 411";"B01";"3";"2";"0";"2";"1";"19";"1";""
"202100035418";"138Â 409";"A01";"2";"33";"15";"0";"9";"1";"1";""
"202100035419";"138Â 407";"A01";"2";"7";"0";"0";"4";"11";"1";""
"202100035419";"138Â 408";"B01";"2";"7";"0";"2";"0";"0";"1";""
"202100035420";"138Â 405";"B01";"2";"33";"0";"2";"1";"19";"1";""
"202100035420";"138Â 406";"A01";"1";"7";"0";"2";"2";"1";"1";""
"202100035421";"138Â 403";"B01";"2";"7";"0";"2";"1";"1";"1";""
"202100035421";"138Â 404";"A01";"2";"33";"3";"0";"0";"17";"1";""
"202100035422";"138Â 399";"D01";"2";"10";"0";"2";"1";"2";"1";""
"202100035422";"138Â 400";"C01";"2";"7";"0";"2";"8";"1";"1";""
"202100035422";"138Â 401";"B01";"2";"15";"0";"2";"2";"14";"1";""
"202100035422";"138Â 402";"A01";"2";"7";"0";"2";"6";"1";"1";""
"202100035423";"138Â 397";"A01";"1";"15";"0";"2";"2";"12";"1";""
"202100035423";"138Â 398";"B01";"1";"10";"0";"2";"6";"1";"1";""
"202100035424";"138Â 396";"A01";"1";"33";"3";"0";"9";"2";"1";""
"202100035425";"138Â 395";"A01";"2";"7";"4";"0";"3";"26";"1";""
"202100035426";"138Â 393";"A01";"1";"7";"0";"2";"8";"11";"1";""
"202100035426";"138Â 394";"B01";"1";"33";"0";"2";"1";"3";"1";""
"202100035427";"138Â 391";"A01";"2";"33";"0";"2";"8";"3";"1";""
"202100035427";"138Â 392";"B01";"2";"7";"0";"2";"2";"12";"1";""
"202100035428";"138Â 389";"A01";"1";"7";"0";"2";"3";"11";"1";""
"202100035428";"138Â 390";"B01";"1";"32";"0";"2";"2";"1";"1";""
"202100035429";"138Â 387";"A01";"1";"7";"0";"2";"1";"2";"1";""
"202100035429";"138Â 388";"B01";"1";"7";"0";"2";"4";"2";"1";""
"202100035430";"138Â 385";"A01";"1";"33";"0";"2";"1";"3";"1";""
"202100035430";"138Â 386";"B01";"1";"7";"0";"2";"6";"11";"1";""
"202100035431";"138Â 383";"B01";"2";"7";"0";"2";"2";"12";"1";""
"202100035431";"138Â 384";"A01";"2";"33";"0";"2";"1";"3";"0";""
"202100035432";"138Â 381";"B01";"1";"7";"0";"2";"4";"2";"1";""
"202100035432";"138Â 382";"A01";"1";"33";"0";"2";"1";"2";"1";""
"202100035433";"138Â 379";"A01";"1";"33";"1";"0";"1";"18";"1";""
"202100035433";"138Â 380";"B01";"1";"10";"0";"2";"6";"23";"1";""
"202100035434";"138Â 377";"B01";"2";"7";"0";"0";"5";"12";"1";""
"202100035434";"138Â 378";"A01";"2";"33";"0";"2";"1";"3";"1";""
"202100035435";"138Â 375";"A01";"1";"33";"0";"2";"0";"3";"1";""
"202100035435";"138Â 376";"B01";"1";"7";"0";"2";"6";"1";"1";""
"202100035436";"138Â 373";"B01";"1";"7";"4";"2";"0";"1";"1";""
"202100035436";"138Â 374";"A01";"1";"13";"0";"2";"3";"11";"1";""
"202100035437";"138Â 372";"A01";"1";"7";"6";"0";"1";"1";"1";""
"202100035438";"138Â 369";"A01";"1";"7";"0";"2";"0";"0";"1";""
"202100035438";"138Â 370";"B01";"1";"7";"0";"2";"6";"2";"1";""
"202100035438";"138Â 371";"C01";"1";"7";"0";"2";"4";"2";"1";""
"202100035439";"138Â 367";"B01";"1";"30";"0";"2";"4";"2";"1";""
"202100035439";"138Â 368";"A01";"1";"7";"0";"2";"2";"1";"1";""
"202100035440";"138Â 364";"C01";"1";"33";"0";"2";"1";"3";"1";""
"202100035440";"138Â 365";"B01";"1";"7";"0";"2";"2";"12";"1";""
"202100035440";"138Â 366";"A01";"1";"7";"0";"2";"3";"1";"1";""
"202100035441";"138Â 362";"B01";"1";"33";"0";"2";"1";"3";"1";""
"202100035441";"138Â 363";"A01";"1";"7";"0";"2";"5";"0";"1";""
"202100035442";"138Â 360";"A01";"2";"2";"0";"2";"1";"1";"1";""
"202100035442";"138Â 361";"B01";"2";"7";"0";"2";"3";"11";"1";""
"202100035443";"138Â 357";"B01";"2";"7";"0";"2";"7";"12";"1";""
"202100035443";"138Â 358";"A01";"2";"33";"0";"2";"8";"3";"1";""
"202100035443";"138Â 359";"C01";"2";"10";"0";"2";"8";"1";"1";""
"202100035444";"138Â 356";"A01";"1";"7";"0";"1";"7";"20";"1";""
"202100035445";"138Â 355";"A01";"3";"10";"0";"1";"8";"15";"1";""
"202100035446";"138Â 353";"A01";"2";"10";"0";"2";"1";"15";"1";""
"202100035446";"138Â 354";"B01";"1";"7";"0";"2";"2";"1";"1";""
"202100035447";"138Â 351";"B01";"2";"1";"0";"2";"1";"1";"5";""
"202100035447";"138Â 352";"A01";"2";"3";"0";"2";"2";"16";"1";""
"202100035448";"138Â 349";"B01";"1";"31";"0";"2";"8";"1";"1";""
"202100035448";"138Â 350";"A01";"1";"7";"0";"2";"2";"16";"1";""
"202100035449";"138Â 346";"C01";"1";"7";"12";"0";"3";"1";"1";""
"202100035449";"138Â 347";"B01";"1";"7";"12";"0";"1";"1";"1";""
"202100035449";"138Â 348";"A01";"1";"7";"12";"0";"1";"1";"1";""
"202100035450";"138Â 345";"A01";"1";"7";"0";"0";"2";"23";"1";""
"202100035451";"138Â 343";"A01";"2";"37";"0";"2";"3";"1";"1";"2"
"202100035451";"138Â 344";"B01";"2";"7";"0";"2";"5";"12";"1";""
"202100035452";"138Â 341";"A01";"2";"7";"0";"2";"1";"19";"1";""
"202100035452";"138Â 342";"B01";"2";"7";"0";"2";"8";"1";"2";""
"202100035453";"138Â 339";"A01";"2";"1";"0";"2";"1";"1";"5";""
"202100035453";"138Â 340";"B01";"2";"33";"0";"2";"6";"1";"1";""
"202100035454";"138Â 338";"A01";"2";"2";"0";"1";"1";"1";"1";""
"202100035455";"138Â 337";"Z01";"0";"0";"0";"1";"0";"0";"0";""
"202100035456";"138Â 335";"Z01";"2";"7";"0";"2";"1";"16";"1";""
"202100035456";"138Â 336";"A01";"2";"32";"0";"2";"4";"1";"1";""
"202100035457";"138Â 333";"A01";"2";"7";"0";"2";"6";"15";"1";""
"202100035457";"138Â 334";"B01";"2";"30";"0";"2";"1";"1";"1";""
"202100035458";"138Â 328";"A01";"2";"34";"0";"2";"1";"21";"1";""
"202100035458";"138Â 329";"C01";"1";"7";"1";"2";"3";"23";"1";""
"202100035458";"138Â 330";"B01";"1";"7";"0";"2";"3";"15";"1";""
"202100035459";"138Â 327";"A01";"1";"7";"0";"1";"5";"20";"1";""
"202100035460";"138Â 326";"A01";"3";"3";"1";"0";"3";"1";"1";""
"202100035461";"138Â 325";"A01";"3";"7";"0";"1";"1";"1";"1";""
"202100035462";"138Â 323";"B01";"2";"7";"0";"2";"1";"2";"1";""
"202100035462";"138Â 324";"A01";"2";"30";"0";"2";"4";"23";"1";""
"202100035463";"138Â 322";"A01";"0";"10";"0";"1";"1";"16";"1";""
"202100035464";"138Â 321";"A01";"1";"32";"0";"1";"2";"17";"1";""
"202100035465";"138Â 318";"C01";"2";"7";"0";"2";"1";"1";"1";""
"202100035465";"138Â 319";"B01";"1";"10";"0";"2";"6";"2";"1";""
"202100035465";"138Â 320";"A01";"1";"33";"0";"2";"2";"13";"1";""
"202100035466";"138Â 314";"C01";"1";"34";"0";"2";"1";"1";"1";""
"202100035466";"138Â 315";"B01";"2";"7";"0";"2";"1";"1";"1";""
"202100035466";"138Â 316";"A01";"2";"7";"0";"2";"2";"15";"1";""
"202100035467";"138Â 313";"A01";"3";"37";"9";"1";"7";"16";"0";"1"
"202100035468";"138Â 311";"A01";"1";"7";"0";"2";"7";"17";"1";""
"202100035468";"138Â 312";"B01";"1";"33";"0";"2";"8";"3";"1";""
"202100035469";"138Â 310";"A01";"2";"7";"1";"0";"9";"14";"1";""
"202100035470";"138Â 308";"A01";"3";"7";"0";"4";"2";"1";"1";""
"202100035470";"138Â 309";"B01";"3";"40";"0";"2";"3";"1";"3";""
"202100035471";"138Â 307";"A01";"1";"31";"0";"1";"3";"1";"1";""
"202100035472";"138Â 305";"A01";"1";"7";"0";"2";"2";"16";"1";""
"202100035472";"138Â 306";"B01";"1";"1";"0";"2";"1";"1";"5";""
"202100035473";"138Â 303";"A01";"1";"7";"1";"2";"1";"13";"1";""
"202100035473";"138Â 304";"B01";"1";"7";"0";"2";"7";"23";"1";""
"202100035474";"138Â 301";"A01";"1";"7";"0";"2";"3";"1";"1";""
"202100035474";"138Â 302";"B01";"2";"1";"0";"2";"1";"5";"5";""
"202100035475";"138Â 299";"B01";"0";"2";"0";"2";"1";"1";"1";""
"202100035475";"138Â 300";"A01";"0";"7";"0";"2";"7";"9";"1";""
"202100035476";"138Â 298";"A01";"0";"7";"0";"1";"7";"9";"1";""
"202100035477";"138Â 297";"A01";"1";"7";"0";"1";"1";"1";"1";""
"202100035478";"138Â 295";"B01";"2";"7";"0";"2";"3";"1";"1";""
"202100035478";"138Â 296";"A01";"1";"1";"0";"2";"7";"15";"5";""
"202100035479";"138Â 293";"A01";"1";"50";"0";"2";"3";"1";"3";""
"202100035479";"138Â 294";"B01";"1";"7";"0";"2";"1";"1";"1";""
"202100035480";"138Â 292";"A01";"2";"50";"0";"0";"0";"0";"3";""
"202100035481";"138Â 290";"B01";"0";"33";"0";"2";"1";"1";"1";""
"202100035481";"138Â 291";"A01";"3";"7";"0";"2";"1";"15";"1";""
"202100035482";"138Â 288";"B01";"2";"7";"0";"2";"4";"2";"1";""
"202100035482";"138Â 289";"A01";"2";"30";"0";"2";"1";"1";"1";""
"202100035483";"138Â 286";"B01";"2";"7";"0";"2";"4";"1";"1";""
"202100035483";"138Â 287";"A01";"2";"7";"0";"2";"1";"1";"1";""
"202100035484";"138Â 284";"A01";"1";"14";"0";"2";"7";"14";"1";""
"202100035484";"138Â 285";"B01";"1";"7";"0";"2";"8";"1";"1";""
"202100035485";"138Â 282";"A01";"1";"7";"0";"2";"1";"15";"1";""
"202100035485";"138Â 283";"B01";"1";"1";"0";"2";"1";"1";"5";""
"202100035486";"138Â 280";"A01";"2";"33";"0";"2";"2";"21";"1";""
"202100035486";"138Â 281";"B01";"1";"7";"0";"2";"1";"15";"1";""
"202100035487";"138Â 279";"A01";"1";"7";"0";"1";"3";"1";"1";""
"202100035488";"138Â 278";"A01";"3";"7";"0";"1";"3";"1";"1";""
"202100035489";"138Â 276";"A01";"2";"33";"0";"2";"1";"13";"1";""
"202100035489";"138Â 277";"B01";"2";"7";"0";"2";"3";"10";"1";""
"202100035490";"138Â 274";"A01";"2";"7";"0";"2";"1";"17";"1";""
"202100035490";"138Â 275";"B01";"2";"7";"6";"2";"8";"15";"1";""
"202100035491";"138Â 271";"B01";"2";"7";"0";"2";"2";"1";"1";""
"202100035491";"138Â 272";"A01";"1";"1";"0";"2";"1";"1";"5";""
"202100035492";"138Â 269";"A01";"3";"1";"0";"2";"1";"9";"5";""
"202100035492";"138Â 270";"B01";"0";"7";"0";"2";"2";"1";"1";""
"202100035493";"138Â 267";"A01";"0";"80";"0";"2";"8";"19";"3";""
"202100035493";"138Â 268";"B01";"0";"7";"0";"2";"5";"1";"1";""
"202100035494";"138Â 265";"B01";"0";"7";"0";"2";"4";"1";"1";""
"202100035494";"138Â 266";"A01";"0";"2";"0";"2";"1";"1";"1";""
"202100035495";"138Â 264";"A01";"1";"3";"0";"0";"9";"26";"3";""
"202100035496";"138Â 262";"B01";"1";"1";"0";"2";"4";"26";"5";""
"202100035496";"138Â 263";"A01";"1";"7";"0";"2";"2";"26";"1";""
"202100035497";"138Â 261";"A01";"1";"2";"0";"0";"0";"26";"1";""
"202100035498";"138Â 259";"A01";"2";"7";"0";"1";"3";"5";"1";""
"202100035498";"138Â 260";"B01";"1";"7";"0";"2";"1";"23";"1";""
"202100035499";"138Â 258";"A01";"2";"3";"15";"0";"0";"14";"1";""
"202100035500";"138Â 256";"A01";"1";"33";"9";"2";"1";"7";"1";""
"202100035500";"138Â 257";"B01";"1";"7";"0";"0";"0";"0";"1";""
"202100035501";"138Â 254";"B01";"1";"33";"0";"2";"7";"1";"1";""