"Num_Acc";"id_vehicule";"num_veh";"senc";"catv";"obs";"obsm";"choc";"manv";"motor";"occutc"
"202100035501";"138Â 255";"A01";"1";"1";"0";"2";"8";"9";"5";""
"202100035502";"138Â 252";"B01";"2";"7";"0";"2";"3";"9";"1";""
"202100035502";"138Â 253";"A01";"2";"7";"0";"2";"7";"9";"1";""
"202100035503";"138Â 250";"B01";"3";"7";"0";"2";"8";"1";"1";""
"202100035503";"138Â 251";"A01";"3";"7";"0";"2";"1";"1";"1";""
"202100035504";"138Â 249";"A01";"3";"7";"0";"1";"2";"1";"1";""
"202100035505";"138Â 247";"B01";"2";"10";"0";"2";"2";"1";"1";""
"202100035505";"138Â 248";"A01";"1";"7";"0";"2";"7";"19";"1";""
"202100035506";"138Â 245";"A01";"3";"1";"0";"2";"8";"19";"6";""
"202100035506";"138Â 246";"B01";"1";"10";"0";"2";"2";"1";"1";""
"202100035507";"138Â 243";"B01";"3";"2";"0";"2";"5";"12";"1";""
"202100035507";"138Â 244";"A01";"3";"7";"0";"2";"1";"9";"1";""
"202100035508";"138Â 241";"A01";"1";"32";"0";"2";"1";"26";"1";""
"202100035508";"138Â 242";"B01";"1";"7";"0";"2";"4";"26";"1";""
"202100035509";"138Â 239";"B01";"3";"7";"0";"2";"1";"1";"1";""
"202100035509";"138Â 240";"A01";"3";"7";"0";"2";"1";"5";"1";""
"202100035510";"138Â 238";"A01";"3";"7";"0";"1";"2";"21";"1";""
"202100035511";"138Â 236";"B01";"2";"1";"0";"2";"0";"1";"5";""
"202100035511";"138Â 237";"A01";"2";"7";"0";"2";"2";"16";"1";""
"202100035512";"138Â 234";"A01";"2";"7";"0";"2";"2";"15";"1";""
"202100035512";"138Â 235";"B01";"3";"80";"0";"2";"0";"1";"3";""
"202100035513";"138Â 232";"B01";"1";"10";"0";"2";"5";"1";"0";""
"202100035513";"138Â 233";"A01";"1";"33";"0";"2";"1";"1";"1";""
"202100035514";"138Â 231";"A01";"3";"15";"0";"9";"7";"26";"1";""
"202100035515";"138Â 229";"B01";"3";"7";"0";"2";"6";"2";"1";""
"202100035515";"138Â 230";"A01";"3";"7";"0";"2";"1";"2";"1";""
"202100035516";"138Â 227";"Z01";"1";"7";"0";"2";"4";"1";"0";""
"202100035516";"138Â 228";"B01";"1";"3";"0";"2";"1";"1";"1";""
"202100035517";"138Â 225";"A01";"2";"33";"0";"2";"1";"17";"1";""
"202100035517";"138Â 226";"B01";"2";"7";"0";"2";"8";"15";"1";""
"202100035518";"138Â 223";"B01";"1";"1";"0";"2";"7";"26";"0";""
"202100035518";"138Â 224";"A01";"1";"7";"0";"2";"0";"26";"1";""
"202100035519";"138Â 221";"A01";"2";"7";"0";"2";"2";"9";"1";""
"202100035519";"138Â 222";"B01";"2";"2";"0";"2";"3";"17";"1";""
"202100035520";"138Â 220";"A01";"2";"7";"0";"1";"2";"1";"1";""
"202100035521";"138Â 218";"B01";"0";"32";"0";"2";"0";"21";"1";""
"202100035521";"138Â 219";"A01";"0";"7";"0";"0";"0";"1";"1";""
"202100035522";"138Â 216";"B01";"1";"7";"9";"2";"1";"1";"1";""
"202100035522";"138Â 217";"A01";"1";"7";"0";"2";"2";"1";"1";""
"202100035523";"138Â 214";"B01";"2";"7";"0";"2";"3";"16";"1";""
"202100035523";"138Â 215";"A01";"1";"7";"0";"2";"5";"12";"1";""
"202100035524";"138Â 212";"A01";"1";"7";"0";"9";"3";"9";"1";""
"202100035524";"138Â 213";"B01";"1";"31";"0";"2";"3";"9";"1";""
"202100035525";"138Â 210";"A01";"3";"7";"0";"2";"3";"9";"1";""
"202100035525";"138Â 211";"B01";"3";"1";"0";"2";"2";"1";"5";""
"202100035526";"138Â 208";"A01";"2";"31";"0";"2";"3";"3";"1";""
"202100035526";"138Â 209";"B01";"2";"10";"0";"2";"5";"1";"1";""
"202100035527";"138Â 206";"A01";"1";"7";"0";"2";"5";"12";"1";""
"202100035527";"138Â 207";"B01";"1";"31";"0";"2";"3";"3";"1";""
"202100035528";"138Â 204";"B01";"1";"7";"0";"2";"7";"12";"1";""
"202100035528";"138Â 205";"A01";"1";"33";"0";"2";"3";"3";"1";""
"202100035529";"138Â 202";"A01";"1";"7";"0";"2";"1";"2";"1";""
"202100035529";"138Â 203";"B01";"1";"33";"0";"2";"4";"2";"1";""
"202100035530";"138Â 200";"A01";"2";"33";"0";"2";"1";"1";"1";""
"202100035530";"138Â 201";"Z01";"1";"10";"0";"0";"4";"11";"0";""
"202100035531";"138Â 197";"A01";"2";"33";"0";"2";"1";"3";"1";""
"202100035531";"138Â 198";"B01";"2";"7";"0";"2";"7";"12";"1";""
"202100035531";"138Â 199";"C01";"2";"7";"0";"2";"6";"1";"1";""
"202100035532";"138Â 196";"A01";"1";"14";"0";"1";"7";"1";"1";""
"202100035533";"138Â 194";"B01";"1";"7";"0";"2";"8";"1";"1";""
"202100035533";"138Â 195";"A01";"1";"32";"0";"2";"2";"1";"1";""
"202100035534";"138Â 192";"B01";"1";"10";"0";"2";"1";"1";"3";""
"202100035534";"138Â 193";"A01";"2";"33";"0";"2";"1";"8";"1";""
"202100035535";"138Â 190";"A01";"2";"30";"0";"2";"2";"14";"1";""
"202100035535";"138Â 191";"B01";"2";"7";"0";"2";"2";"7";"1";""
"202100035536";"138Â 188";"A01";"1";"10";"0";"2";"8";"22";"1";""
"202100035536";"138Â 189";"B01";"1";"80";"0";"2";"1";"2";"3";""
"202100035537";"138Â 187";"A01";"1";"32";"14";"0";"2";"14";"1";""
"202100035538";"138Â 185";"A01";"1";"7";"0";"2";"1";"1";"2";""
"202100035538";"138Â 186";"B01";"1";"1";"0";"2";"4";"23";"5";""
"202100035539";"138Â 183";"B01";"2";"7";"0";"2";"1";"1";"1";""
"202100035539";"138Â 184";"A01";"1";"30";"0";"2";"2";"1";"1";""
"202100035540";"138Â 182";"A01";"1";"7";"0";"1";"2";"1";"1";""
"202100035541";"138Â 180";"A01";"2";"7";"0";"2";"1";"2";"1";""
"202100035541";"138Â 181";"B01";"2";"7";"0";"2";"5";"23";"1";""
"202100035542";"138Â 178";"A01";"2";"13";"0";"2";"4";"4";"1";""
"202100035542";"138Â 179";"B01";"2";"30";"0";"2";"1";"2";"1";""
"202100035543";"138Â 176";"A01";"1";"32";"0";"2";"1";"1";"1";""
"202100035543";"138Â 177";"B01";"0";"1";"0";"2";"1";"1";"5";""
"202100035544";"138Â 174";"A01";"2";"7";"0";"2";"2";"2";"1";""
"202100035544";"138Â 175";"B01";"2";"31";"0";"2";"8";"23";"1";""
"202100035545";"138Â 172";"Z01";"1";"7";"0";"2";"1";"2";"1";""
"202100035545";"138Â 173";"A01";"1";"30";"0";"2";"4";"23";"1";""
"202100035546";"138Â 170";"A01";"2";"30";"0";"2";"1";"2";"3";""
"202100035546";"138Â 171";"B01";"2";"7";"0";"2";"6";"23";"2";""
"202100035547";"138Â 169";"A01";"2";"7";"0";"1";"1";"1";"2";""
"202100035548";"138Â 167";"A01";"3";"32";"0";"2";"4";"23";"1";""
"202100035548";"138Â 168";"Z01";"3";"7";"0";"2";"1";"1";"1";""
"202100035549";"138Â 165";"A01";"2";"1";"0";"2";"0";"14";"5";""
"202100035549";"138Â 166";"B01";"1";"1";"0";"2";"0";"1";"5";""
"202100035550";"138Â 164";"A01";"0";"1";"0";"0";"0";"1";"5";""
"202100035551";"138Â 163";"A01";"1";"50";"14";"0";"1";"14";"3";""
"202100035552";"138Â 162";"A01";"1";"1";"14";"0";"1";"14";"5";""
"202100035553";"138Â 161";"A01";"1";"1";"14";"0";"1";"14";"5";""
"202100035554";"138Â 159";"B01";"1";"1";"0";"2";"7";"1";"5";""
"202100035554";"138Â 160";"A01";"1";"10";"0";"2";"3";"15";"1";""
"202100035555";"138Â 157";"B01";"3";"1";"0";"9";"1";"1";"0";""
"202100035555";"138Â 158";"A01";"3";"1";"0";"9";"1";"16";"5";""
"202100035556";"138Â 156";"A01";"1";"15";"0";"1";"2";"1";"1";""
"202100035557";"138Â 154";"B01";"2";"7";"0";"2";"3";"1";"1";""
"202100035557";"138Â 155";"A01";"1";"30";"0";"2";"3";"5";"1";""
"202100035558";"138Â 153";"A01";"3";"33";"15";"0";"1";"1";"1";""
"202100035559";"138Â 152";"A01";"2";"7";"0";"1";"3";"10";"1";""
"202100035560";"138Â 150";"B01";"2";"10";"0";"2";"4";"9";"1";""
"202100035560";"138Â 151";"A01";"1";"33";"0";"2";"1";"2";"1";""
"202100035561";"138Â 149";"A01";"1";"7";"0";"1";"0";"26";"1";""
"202100035562";"138Â 147";"A01";"2";"7";"0";"2";"2";"15";"1";""
"202100035562";"138Â 148";"B01";"1";"31";"0";"2";"1";"1";"1";""
"202100035563";"138Â 146";"A01";"3";"7";"0";"1";"3";"1";"1";""
"202100035564";"138Â 145";"A01";"2";"7";"0";"1";"2";"26";"1";""
"202100035565";"138Â 143";"A01";"1";"30";"0";"2";"4";"2";"1";""
"202100035565";"138Â 144";"B01";"1";"7";"0";"2";"1";"2";"1";""
"202100035566";"138Â 142";"A01";"2";"7";"0";"1";"2";"15";"1";""
"202100035567";"138Â 140";"B01";"3";"7";"0";"2";"1";"15";"1";""
"202100035567";"138Â 141";"A01";"3";"7";"0";"2";"2";"19";"1";""
"202100035568";"138Â 138";"B01";"1";"60";"0";"2";"7";"9";"5";""
"202100035568";"138Â 139";"A01";"1";"7";"0";"2";"6";"4";"1";""
"202100035569";"138Â 136";"A01";"1";"7";"0";"9";"1";"16";"1";""
"202100035569";"138Â 137";"B01";"1";"50";"0";"2";"0";"0";"3";""
"202100035570";"138Â 134";"B01";"1";"2";"0";"2";"0";"2";"1";""
"202100035570";"138Â 135";"A01";"1";"7";"0";"2";"3";"15";"1";""
"202100035571";"138Â 133";"A01";"2";"43";"11";"0";"1";"15";"1";""
"202100035572";"138Â 132";"A01";"2";"7";"0";"1";"7";"1";"1";""
"202100035573";"138Â 130";"B01";"1";"32";"0";"2";"1";"2";"1";""
"202100035573";"138Â 131";"A01";"1";"33";"0";"2";"4";"1";"1";""
"202100035574";"138Â 128";"A01";"2";"1";"0";"2";"1";"1";"5";""
"202100035574";"138Â 129";"B01";"2";"7";"0";"2";"0";"15";"1";""
"202100035575";"138Â 126";"A01";"1";"10";"0";"2";"2";"1";"1";""
"202100035575";"138Â 127";"B01";"1";"34";"0";"2";"3";"15";"1";""
"202100035576";"138Â 125";"A01";"1";"33";"0";"0";"8";"16";"1";""
"202100035577";"138Â 123";"A01";"1";"7";"0";"2";"1";"15";"1";""
"202100035577";"138Â 124";"B01";"2";"1";"0";"2";"1";"15";"0";""
"202100035578";"138Â 121";"B01";"2";"10";"0";"2";"2";"16";"1";""
"202100035578";"138Â 122";"A01";"2";"34";"0";"2";"1";"16";"1";""
"202100035579";"138Â 120";"A01";"1";"1";"0";"1";"1";"15";"5";""
"202100035580";"138Â 119";"A01";"1";"7";"0";"1";"1";"15";"1";""
"202100035581";"138Â 117";"A01";"1";"7";"0";"2";"1";"2";"1";""
"202100035581";"138Â 118";"B01";"1";"7";"1";"2";"4";"1";"1";""
"202100035582";"138Â 114";"C01";"1";"7";"0";"2";"6";"26";"1";""
"202100035582";"138Â 115";"B01";"1";"7";"0";"2";"6";"23";"1";""
"202100035582";"138Â 116";"A01";"1";"7";"0";"2";"2";"17";"1";""
"202100035583";"138Â 112";"A01";"1";"7";"0";"2";"6";"15";"1";""
"202100035583";"138Â 113";"B01";"1";"99";"0";"2";"1";"1";"3";""
"202100035584";"138Â 111";"A01";"3";"7";"0";"1";"0";"1";"1";""
"202100035585";"138Â 109";"A01";"2";"7";"0";"2";"8";"1";"1";""
"202100035585";"138Â 110";"B01";"2";"10";"0";"2";"3";"1";"1";""
"202100035586";"138Â 107";"B01";"2";"33";"0";"2";"7";"12";"1";""
"202100035586";"138Â 108";"A01";"2";"7";"0";"2";"3";"1";"1";""
"202100035587";"138Â 105";"A01";"1";"7";"0";"2";"1";"5";"2";""
"202100035587";"138Â 106";"B01";"2";"7";"0";"2";"1";"1";"1";""
"202100035588";"138Â 103";"A01";"3";"2";"0";"2";"1";"1";"1";""
"202100035588";"138Â 104";"B01";"3";"7";"0";"2";"3";"19";"1";""
"202100035589";"138Â 101";"A01";"1";"43";"0";"9";"1";"1";"1";""
"202100035590";"138Â 100";"A01";"3";"31";"0";"0";"0";"15";"1";""
"202100035591";"138Â 099";"A01";"1";"14";"13";"0";"7";"14";"1";""
"202100035592";"138Â 098";"A01";"1";"7";"0";"1";"4";"9";"2";""
"202100035593";"138Â 097";"A01";"2";"10";"2";"0";"5";"13";"0";""
"202100035594";"138Â 095";"A01";"2";"7";"0";"2";"3";"1";"1";""
"202100035594";"138Â 096";"B01";"1";"7";"0";"2";"3";"1";"1";""
"202100035595";"138Â 093";"A01";"1";"33";"0";"2";"1";"1";"1";""
"202100035595";"138Â 094";"B01";"2";"7";"0";"2";"2";"15";"1";""
"202100035596";"138Â 091";"A01";"3";"7";"0";"2";"3";"17";"0";""
"202100035596";"138Â 092";"B01";"3";"14";"0";"2";"3";"0";"1";""
"202100035597";"138Â 090";"A01";"1";"1";"0";"5";"0";"1";"5";""
"202100035598";"138Â 087";"C01";"2";"7";"0";"2";"6";"1";"3";""
"202100035598";"138Â 088";"B01";"2";"7";"0";"2";"1";"1";"1";""
"202100035598";"138Â 089";"A01";"1";"7";"0";"2";"3";"5";"1";""
"202100035599";"138Â 085";"A01";"1";"2";"0";"2";"6";"1";"1";""
"202100035599";"138Â 086";"B01";"1";"7";"0";"2";"2";"1";"1";""
"202100035600";"138Â 083";"B01";"2";"1";"0";"2";"1";"1";"0";""
"202100035600";"138Â 084";"A01";"1";"7";"0";"9";"3";"26";"1";""
"202100035601";"138Â 082";"A01";"1";"7";"0";"0";"0";"1";"1";""
"202100035602";"138Â 081";"A01";"1";"80";"0";"0";"1";"1";"3";""
"202100035603";"138Â 080";"A01";"2";"7";"13";"0";"3";"13";"1";""
"202100035604";"138Â 078";"A01";"2";"7";"0";"2";"8";"15";"1";""
"202100035604";"138Â 079";"B01";"1";"10";"0";"2";"1";"1";"1";""
"202100035605";"138Â 076";"A01";"2";"7";"0";"2";"3";"13";"1";""
"202100035605";"138Â 077";"B01";"1";"7";"0";"2";"3";"1";"1";""
"202100035606";"138Â 075";"A01";"3";"7";"0";"1";"1";"15";"1";""
"202100035607";"138Â 073";"B01";"1";"10";"0";"2";"1";"2";"1";""
"202100035607";"138Â 074";"A01";"1";"7";"0";"2";"4";"1";"1";""
"202100035608";"138Â 071";"B01";"1";"7";"9";"2";"1";"1";"1";""
"202100035608";"138Â 072";"A01";"2";"7";"0";"2";"1";"15";"1";""
"202100035609";"138Â 069";"A01";"1";"1";"0";"2";"1";"1";"5";""
"202100035609";"138Â 070";"B01";"2";"37";"0";"9";"8";"1";"1";"1"
"202100035610";"138Â 067";"A01";"1";"7";"0";"2";"2";"2";"1";""
"202100035610";"138Â 068";"B01";"1";"33";"0";"2";"4";"1";"1";""
"202100035611";"138Â 066";"A01";"3";"7";"2";"0";"5";"1";"1";""
"202100035612";"138Â 064";"B01";"2";"7";"0";"2";"3";"1";"1";""
"202100035612";"138Â 065";"A01";"1";"7";"0";"2";"3";"17";"1";""
"202100035613";"138Â 062";"A01";"3";"7";"0";"2";"3";"1";"1";""
"202100035613";"138Â 063";"B01";"3";"2";"0";"2";"1";"13";"1";""
"202100035614";"138Â 060";"A01";"1";"7";"0";"2";"1";"1";"1";""
"202100035614";"138Â 061";"B01";"2";"7";"0";"2";"1";"1";"1";""
"202100035615";"138Â 058";"A01";"1";"10";"0";"2";"7";"17";"1";""
"202100035615";"138Â 059";"B01";"1";"1";"0";"2";"8";"1";"5";""
"202100035616";"138Â 056";"A01";"1";"7";"0";"2";"1";"13";"1";""
"202100035616";"138Â 057";"B01";"2";"7";"0";"2";"1";"1";"1";""
"202100035617";"138Â 055";"A01";"1";"33";"2";"0";"0";"1";"1";""
"202100035618";"138Â 053";"B01";"1";"7";"0";"2";"3";"1";"1";""
"202100035618";"138Â 054";"A01";"2";"7";"0";"2";"3";"13";"1";""
"202100035619";"138Â 051";"B01";"1";"7";"0";"2";"2";"1";"1";""
"202100035619";"138Â 052";"A01";"0";"1";"0";"2";"1";"15";"5";""
"202100035620";"138Â 050";"A01";"3";"1";"0";"0";"0";"1";"5";""
"202100035621";"138Â 048";"A01";"3";"1";"0";"2";"1";"2";"5";""
"202100035621";"138Â 049";"B01";"3";"7";"0";"2";"8";"16";"1";""
"202100035622";"138Â 046";"B01";"2";"7";"0";"2";"3";"1";"1";""
"202100035622";"138Â 047";"A01";"1";"2";"0";"2";"3";"13";"1";""
"202100035623";"138Â 045";"A01";"1";"7";"0";"0";"9";"17";"1";""
"202100035624";"138Â 044";"A01";"1";"33";"13";"0";"1";"0";"1";""
"202100035625";"138Â 042";"B01";"1";"2";"0";"2";"1";"1";"1";""
"202100035625";"138Â 043";"A01";"1";"7";"0";"2";"2";"1";"1";""
"202100035626";"138Â 041";"A01";"3";"10";"0";"0";"8";"1";"1";""
"202100035627";"138Â 038";"A01";"2";"7";"0";"2";"8";"13";"1";""
"202100035627";"138Â 039";"B01";"1";"7";"2";"2";"8";"1";"1";""
"202100035627";"138Â 040";"C01";"2";"7";"0";"2";"1";"1";"1";""
"202100035628";"138Â 034";"D01";"1";"7";"0";"2";"3";"1";"1";""
"202100035628";"138Â 035";"C01";"1";"7";"0";"2";"8";"1";"1";""
"202100035628";"138Â 036";"A01";"2";"7";"0";"2";"1";"2";"1";""
"202100035628";"138Â 037";"B01";"2";"7";"0";"2";"4";"2";"1";""
"202100035629";"138Â 032";"B01";"1";"7";"0";"2";"2";"1";"1";""
"202100035629";"138Â 033";"A01";"1";"7";"0";"2";"1";"26";"1";""
"202100035630";"138Â 029";"A01";"1";"7";"0";"2";"3";"16";"1";""
"202100035630";"138Â 030";"B01";"1";"33";"0";"2";"2";"16";"1";""
"202100035631";"138Â 027";"B01";"3";"7";"2";"0";"6";"9";"1";""
"202100035631";"138Â 028";"A01";"1";"7";"0";"2";"1";"1";"1";""
"202100035632";"138Â 026";"A01";"1";"33";"0";"0";"0";"1";"1";""
"202100035633";"138Â 024";"A01";"1";"7";"0";"0";"1";"1";"1";""
"202100035633";"138Â 025";"B01";"1";"7";"1";"0";"4";"1";"1";""
"202100035634";"138Â 021";"C01";"2";"10";"0";"2";"3";"1";"1";""
"202100035634";"138Â 022";"A01";"1";"7";"14";"2";"3";"5";"1";""
"202100035634";"138Â 023";"B01";"1";"7";"0";"2";"6";"23";"1";""
"202100035635";"138Â 020";"A01";"1";"33";"0";"9";"0";"0";"1";""
"202100035636";"138Â 018";"A01";"0";"31";"16";"0";"0";"0";"1";""
"202100035637";"138Â 016";"A01";"2";"2";"0";"2";"3";"2";"1";""
"202100035637";"138Â 017";"B01";"2";"7";"0";"0";"5";"2";"1";""
"202100035638";"138Â 015";"A01";"3";"1";"0";"1";"2";"0";"6";""
"202100035639";"138Â 014";"A01";"1";"7";"6";"0";"1";"17";"1";""
"202100035640";"138Â 013";"A01";"1";"2";"2";"0";"0";"0";"1";""
"202100035641";"138Â 011";"B01";"0";"7";"0";"0";"4";"1";"1";""
"202100035641";"138Â 012";"A01";"0";"10";"0";"2";"1";"2";"1";""
"202100035642";"138Â 008";"A01";"1";"7";"0";"2";"4";"2";"1";""
"202100035642";"138Â 009";"C01";"1";"7";"0";"2";"1";"2";"1";""
"202100035642";"138Â 010";"B01";"1";"7";"0";"2";"4";"2";"1";""
"202100035643";"138Â 006";"A01";"2";"34";"0";"2";"3";"3";"1";""
"202100035643";"138Â 007";"B01";"2";"7";"0";"2";"5";"1";"1";""
"202100035644";"138Â 004";"B01";"2";"7";"0";"2";"4";"2";"1";""
"202100035644";"138Â 005";"A01";"2";"7";"0";"2";"1";"2";"1";""
"202100035645";"137Â 999";"A01";"1";"7";"4";"2";"1";"5";"1";""
"202100035645";"138Â 000";"B01";"2";"7";"0";"2";"1";"1";"1";""
"202100035645";"138Â 001";"C01";"1";"17";"0";"2";"2";"21";"1";""
"202100035645";"138Â 002";"D01";"2";"7";"0";"2";"2";"21";"1";""
"202100035645";"138Â 003";"E01";"2";"7";"0";"9";"1";"1";"1";""
"202100035646";"137Â 996";"A01";"2";"7";"0";"2";"1";"2";"1";""
"202100035646";"137Â 997";"B01";"2";"7";"0";"2";"4";"2";"1";""
"202100035646";"137Â 998";"C01";"2";"10";"0";"0";"4";"1";"1";""
"202100035647";"137Â 994";"B01";"1";"7";"4";"2";"4";"1";"1";""
"202100035647";"137Â 995";"A01";"1";"7";"0";"2";"1";"1";"1";""
"202100035648";"137Â 992";"A01";"1";"17";"0";"2";"2";"12";"1";""
"202100035648";"137Â 993";"B01";"1";"7";"0";"2";"4";"1";"1";""
"202100035649";"137Â 990";"A01";"2";"7";"0";"2";"1";"2";"1";""
"202100035649";"137Â 991";"B01";"2";"7";"0";"2";"4";"2";"1";""
"202100035650";"137Â 989";"A01";"1";"33";"0";"0";"0";"1";"1";""
"202100035651";"137Â 988";"A01";"1";"33";"0";"0";"0";"1";"1";""
"202100035652";"137Â 986";"B01";"1";"7";"0";"2";"4";"2";"1";""
"202100035652";"137Â 987";"A01";"1";"7";"0";"2";"2";"2";"1";""
"202100035653";"137Â 984";"A01";"1";"33";"0";"2";"1";"2";"1";""
"202100035653";"137Â 985";"B01";"1";"7";"0";"2";"4";"12";"1";""
"202100035654";"137Â 982";"A01";"2";"34";"0";"2";"1";"2";"1";""
"202100035654";"137Â 983";"B01";"2";"7";"0";"2";"4";"2";"2";""
"202100035655";"137Â 980";"B01";"2";"7";"0";"2";"6";"12";"1";""
"202100035655";"137Â 981";"A01";"2";"33";"0";"2";"1";"3";"0";""
"202100035656";"137Â 978";"A01";"0";"7";"0";"0";"0";"9";"1";""
"202100035656";"137Â 979";"B01";"0";"32";"0";"0";"0";"0";"1";""
"202100035657";"137Â 976";"B01";"2";"7";"0";"2";"2";"1";"1";""
"202100035657";"137Â 977";"A01";"2";"7";"0";"2";"3";"11";"1";""
"202100035658";"137Â 973";"A01";"1";"31";"0";"2";"8";"3";"1";""
"202100035658";"137Â 974";"B01";"1";"7";"0";"2";"7";"17";"1";""
"202100035658";"137Â 975";"C01";"1";"7";"0";"2";"6";"1";"1";""
"202100035659";"137Â 970";"A01";"1";"17";"0";"2";"6";"1";"1";""
"202100035659";"137Â 971";"C01";"1";"33";"0";"2";"3";"3";"1";""
"202100035659";"137Â 972";"B01";"1";"7";"0";"2";"7";"0";"1";""
"202100035660";"137Â 967";"B01";"2";"7";"0";"2";"4";"12";"1";""
"202100035660";"137Â 968";"C01";"2";"7";"0";"2";"7";"1";"1";""
"202100035660";"137Â 969";"A01";"2";"33";"0";"2";"9";"3";"1";""
"202100035661";"137Â 966";"Z01";"2";"7";"0";"1";"0";"0";"0";""
"202100035662";"137Â 965";"A01";"1";"43";"4";"0";"8";"13";"1";""
"202100035663";"137Â 963";"A01";"1";"10";"0";"2";"4";"1";"0";""
"202100035663";"137Â 964";"B01";"1";"7";"0";"2";"1";"26";"0";""
"202100035664";"137Â 961";"B01";"2";"32";"0";"2";"2";"17";"1";""
"202100035664";"137Â 962";"A01";"2";"7";"0";"2";"3";"10";"1";""
"202100035665";"137Â 960";"A01";"1";"7";"0";"1";"2";"9";"1";""
"202100035666";"137Â 959";"A01";"3";"7";"0";"1";"0";"9";"0";""
"202100035667";"137Â 958";"A01";"1";"0";"0";"0";"0";"1";"0";""
"202100035668";"137Â 956";"A01";"1";"2";"0";"2";"1";"7";"1";""
"202100035668";"137Â 957";"B01";"1";"7";"0";"2";"3";"1";"1";""
"202100035669";"137Â 955";"A01";"2";"7";"0";"1";"1";"1";"0";""
"202100035670";"137Â 953";"B01";"2";"37";"0";"2";"8";"22";"1";"1"
"202100035670";"137Â 954";"A01";"2";"7";"0";"2";"1";"17";"1";""
"202100035671";"137Â 952";"A01";"1";"7";"0";"9";"2";"21";"1";""
"202100035672";"137Â 950";"B01";"1";"31";"0";"2";"1";"1";"1";""
"202100035672";"137Â 951";"A01";"1";"10";"0";"2";"7";"15";"1";""
"202100035673";"137Â 949";"A01";"2";"7";"8";"0";"1";"1";"1";""
"202100035674";"137Â 947";"A01";"1";"10";"0";"0";"1";"1";"1";""
"202100035674";"137Â 948";"B01";"1";"1";"0";"2";"4";"2";"5";""
"202100035675";"137Â 942";"E01";"3";"7";"1";"0";"6";"0";"1";""
"202100035675";"137Â 943";"D01";"3";"7";"1";"0";"2";"0";"1";""
"202100035675";"137Â 944";"C01";"3";"7";"1";"0";"8";"0";"1";""
"202100035675";"137Â 945";"B01";"3";"7";"0";"2";"8";"20";"1";""
"202100035675";"137Â 946";"A01";"3";"7";"0";"2";"1";"1";"1";""
"202100035676";"137Â 941";"A01";"0";"33";"0";"1";"0";"1";" -1";""
"202100035677";"137Â 940";"A01";"1";"32";"12";"1";"1";"1";"1";""
"202100035678";"137Â 939";"Z01";"1";"7";"0";"1";"2";"9";"0";""
"202100035679";"137Â 937";"B01";"1";"33";"0";"2";"1";"1";"1";""
"202100035679";"137Â 938";"A01";"1";"7";"0";"2";"5";"12";"1";""
"202100035680";"137Â 935";"B01";"0";"7";"0";"2";"4";"2";"1";""
"202100035680";"137Â 936";"A01";"0";"7";"0";"2";"1";"2";"1";""
"202100035681";"137Â 933";"B01";"2";"1";"0";"2";"1";"1";"5";""
"202100035681";"137Â 934";"A01";"2";"7";"0";"2";"3";"22";"1";""
"202100035682";"137Â 931";"A01";"1";"7";"0";"2";"1";"2";"1";""
"202100035682";"137Â 932";"B01";"1";"33";"0";"2";"4";"2";"1";""
"202100035683";"137Â 929";"B01";"3";"7";"0";"2";"2";"9";"1";""
"202100035683";"137Â 930";"A01";"0";"7";"0";"2";"3";"9";"1";""
"202100035684";"137Â 927";"B01";"1";"7";"13";"2";"3";"1";"1";""
"202100035684";"137Â 928";"A01";"2";"7";"6";"2";"3";"13";"1";""
"202100035685";"137Â 926";"A01";"1";"7";"0";"1";"1";"1";"1";""
"202100035686";"137Â 924";"A01";"2";"7";"0";"2";"7";"16";"1";""
"202100035686";"137Â 925";"B01";"2";"1";"0";"2";"1";"1";"5";""
"202100035687";"137Â 923";"A01";"2";"33";"15";"0";"8";"25";"1";""
"202100035688";"137Â 921";"B01";"0";"10";"0";"2";"4";"2";"1";""
"202100035688";"137Â 922";"A01";"0";"7";"0";"2";"1";"2";"1";""
"202100035689";"137Â 919";"B01";"2";"7";"0";"2";"1";"0";"1";""
"202100035689";"137Â 920";"A01";"2";"10";"0";"2";"1";"13";"1";""
"202100035690";"137Â 917";"A01";"2";"7";"0";"2";"3";"15";"1";""
"202100035690";"137Â 918";"B01";"1";"60";"0";"2";"1";"1";"5";""
"202100035691";"137Â 916";"A01";"1";"30";"0";"1";"8";"1";"1";""
"202100035692";"137Â 914";"B01";"1";"1";"0";"2";"1";"0";"5";""
"202100035692";"137Â 915";"A01";"2";"7";"0";"2";"3";"23";"1";""
"202100035693";"137Â 912";"B01";"1";"7";"0";"2";"8";"26";"1";""
"202100035693";"137Â 913";"A01";"1";"30";"0";"2";"1";"1";"1";""
"202100035694";"137Â 909";"A01";"1";"13";"0";"2";"0";"17";"1";""
"202100035694";"137Â 910";"B01";"1";"31";"0";"2";"0";"2";"1";""
"202100035695";"137Â 907";"A01";"2";"34";"0";"2";"1";"7";"1";""
"202100035695";"137Â 908";"B01";"0";"3";"0";"0";"8";"9";"1";""
"202100035696";"137Â 905";"B01";"1";"7";"0";"2";"4";"26";"1";""
"202100035696";"137Â 906";"A01";"1";"10";"0";"2";"2";"1";"1";""
"202100035697";"137Â 904";"A01";"1";"1";"0";"1";"1";"1";"5";""
"202100035698";"137Â 903";"A01";"3";"7";"0";"1";"1";"15";"1";""