"Num_Acc";"id_vehicule";"num_veh";"senc";"catv";"obs";"obsm";"choc";"manv";"motor";"occutc"
"202100035699";"137Â 901";"B01";"1";"7";"0";"2";"2";"16";"1";""
"202100035699";"137Â 902";"A01";"1";"50";"0";"2";"8";"18";"3";""
"202100035700";"137Â 899";"B01";"1";"50";"0";"2";"1";"26";"3";""
"202100035700";"137Â 900";"A01";"1";"7";"0";"2";"5";"16";"1";""
"202100035701";"137Â 896";"B01";"1";"7";"0";"2";"4";"2";"1";""
"202100035701";"137Â 897";"C01";"1";"7";"0";"2";"4";"2";"1";""
"202100035701";"137Â 898";"A01";"1";"10";"0";"2";"1";"2";"1";""
"202100035702";"137Â 895";"A01";"1";"7";"1";"0";"2";"9";"1";""
"202100035703";"137Â 893";"B01";"3";"30";"0";"2";"1";"1";"1";""
"202100035703";"137Â 894";"A01";"1";"7";"0";"2";"2";"15";"1";""
"202100035704";"137Â 892";"A01";"1";"30";"1";"0";"1";"26";"1";""
"202100035705";"137Â 890";"B01";"3";"10";"0";"2";"2";"16";"1";""
"202100035705";"137Â 891";"A01";"3";"30";"0";"2";"1";"21";"1";""
"202100035706";"137Â 888";"A01";"1";"7";"0";"2";"1";"26";"6";""
"202100035706";"137Â 889";"B01";"1";"33";"0";"2";"4";"9";"6";""
"202100035707";"137Â 886";"A01";"1";"7";"0";"2";"2";"21";"1";""
"202100035707";"137Â 887";"B01";"1";"7";"0";"2";"6";"1";"1";""
"202100035708";"137Â 883";"B01";"1";"10";"0";"2";"4";"1";"1";""
"202100035708";"137Â 884";"C01";"1";"7";"0";"2";"1";"2";"1";""
"202100035708";"137Â 885";"A01";"1";"7";"0";"2";"1";"2";"1";""
"202100035709";"137Â 881";"B01";"3";"32";"0";"2";"1";"1";"1";""
"202100035709";"137Â 882";"A01";"2";"7";"0";"2";"3";"1";"1";""
"202100035710";"137Â 879";"A01";"3";"50";"0";"2";"1";"1";"3";""
"202100035710";"137Â 880";"B01";"3";"33";"0";"9";"8";"1";"1";""
"202100035711";"137Â 878";"A01";"1";"7";"0";"1";"1";"1";"1";""
"202100035712";"137Â 876";"B01";"1";"7";"0";"2";"4";"0";"1";""
"202100035712";"137Â 877";"A01";"1";"2";"0";"2";"1";"2";"1";""
"202100035713";"137Â 875";"A01";"1";"7";"6";"0";"1";"26";"1";""
"202100035714";"137Â 873";"B01";"2";"7";"0";"2";"4";"2";"1";""
"202100035714";"137Â 874";"A01";"2";"7";"0";"2";"1";"2";"1";""
"202100035715";"137Â 872";"A01";"1";"7";"0";"1";"1";"26";"1";""
"202100035716";"137Â 870";"B01";"1";"1";"0";"2";"0";"1";"5";""
"202100035716";"137Â 871";"A01";"0";"7";"0";"2";"5";"16";"1";""
"202100035717";"137Â 868";"A01";"1";"10";"0";"2";"8";"22";"1";""
"202100035717";"137Â 869";"B01";"1";"1";"1";"0";"7";"1";"5";""
"202100035718";"137Â 867";"Z01";"1";"10";"0";"1";"3";"11";"1";""
"202100035719";"137Â 865";"A01";"2";"7";"1";"0";"8";"22";"2";""
"202100035719";"137Â 866";"B01";"1";"1";"1";"0";"1";"2";"6";""
"202100035720";"137Â 863";"A01";"3";"7";"0";"2";"3";"0";"1";""
"202100035720";"137Â 864";"B01";"3";"7";"0";"2";"3";"0";"1";""
"202100035721";"137Â 861";"A01";"2";"7";"0";"2";"2";"15";"1";""
"202100035721";"137Â 862";"B01";"1";"7";"0";"2";"8";"1";"1";""
"202100035722";"137Â 860";"A01";"2";"7";"0";"0";"2";"1";"1";""
"202100035723";"137Â 858";"B01";"1";"7";"0";"2";"4";"15";"1";""
"202100035723";"137Â 859";"A01";"1";"14";"0";"2";"1";"1";"1";""
"202100035724";"137Â 856";"B01";"0";"7";"0";"2";"0";"0";"1";""
"202100035724";"137Â 857";"A01";"2";"7";"0";"2";"2";"1";"1";""
"202100035725";"137Â 855";"A01";"3";"30";"12";"0";"1";"26";"1";""
"202100035726";"137Â 854";"A01";"2";"7";"0";"1";"7";"1";"1";""
"202100035727";"137Â 852";"B01";"1";"33";"0";"2";"2";"1";"1";""
"202100035727";"137Â 853";"Z01";"1";"30";"0";"2";"3";"15";"1";""
"202100035728";"137Â 850";"A01";"1";"34";"0";"2";"1";"26";"1";""
"202100035728";"137Â 851";"B01";"1";"7";"0";"2";"1";"9";"1";""
"202100035729";"137Â 848";"A01";"1";"7";"0";"2";"0";"16";"0";""
"202100035729";"137Â 849";"B01";"1";"50";"0";"2";"0";"0";"0";""
"202100035730";"137Â 846";"A01";"1";"7";"0";"2";"1";"1";"1";""
"202100035730";"137Â 847";"B01";"1";"15";"0";"2";"4";"1";"1";""
"202100035731";"137Â 844";"B01";"3";"7";"0";"0";"0";"0";"1";""
"202100035731";"137Â 845";"A01";"3";"7";"0";"2";"7";"26";"1";""
"202100035732";"137Â 842";"Z01";"3";"32";"0";"2";"1";"17";"0";""
"202100035732";"137Â 843";"B01";"1";"1";"0";"2";"4";"1";"5";""
"202100035733";"137Â 840";"B01";"1";"7";"0";"2";"1";"5";"1";""
"202100035733";"137Â 841";"A01";"2";"7";"0";"2";"1";"1";"1";""
"202100035734";"137Â 838";"B01";"2";"32";"0";"2";"2";"3";"1";""
"202100035734";"137Â 839";"A01";"1";"7";"0";"2";"2";"15";"1";""
"202100035735";"137Â 837";"A01";"1";"7";"0";"1";"1";"1";"1";""
"202100035736";"137Â 835";"B01";"3";"7";"0";"2";"1";"21";"1";""
"202100035736";"137Â 836";"A01";"3";"99";"0";"2";"1";"17";"1";""
"202100035737";"137Â 833";"A01";"3";"7";"0";"2";"7";"0";"1";""
"202100035737";"137Â 834";"B01";"3";"1";"0";"2";"1";"19";"5";""
"202100035738";"137Â 831";"A01";"1";"7";"0";"2";"3";"20";"1";""
"202100035738";"137Â 832";"B01";"1";"31";"0";"2";"1";"1";"1";""
"202100035739";"137Â 828";"B01";"2";"7";"0";"2";"3";"1";"1";""
"202100035739";"137Â 829";"C01";"2";"10";"0";"2";"4";"1";"1";""
"202100035739";"137Â 830";"A01";"2";"7";"0";"2";"1";"1";"1";""
"202100035740";"137Â 824";"D01";"2";"7";"0";"2";"0";"1";" -1";""
"202100035740";"137Â 825";"A01";"2";"2";"0";"2";"0";"0";"0";""
"202100035740";"137Â 826";"B01";"2";"2";"0";"2";"0";"0";"1";""
"202100035740";"137Â 827";"C01";"2";"7";"0";"2";"2";"2";"1";""
"202100035741";"137Â 822";"A01";"1";"2";"0";"2";"2";"15";"1";""
"202100035741";"137Â 823";"B01";"2";"7";"0";"2";"3";"1";"1";""
"202100035742";"137Â 820";"B01";"1";"7";"0";"2";"1";"1";"1";""
"202100035742";"137Â 821";"A01";"2";"7";"0";"2";"2";"1";"1";""
"202100035743";"137Â 817";"C01";"2";"7";"0";"2";"1";"2";"2";""
"202100035743";"137Â 818";"B01";"2";"7";"0";"2";"4";"2";"1";""
"202100035743";"137Â 819";"A01";"2";"7";"0";"2";"4";"23";"1";""
"202100035744";"137Â 814";"C01";"2";"7";"0";"2";"6";"1";"1";""
"202100035744";"137Â 815";"A01";"2";"32";"0";"2";"3";"17";"1";""
"202100035744";"137Â 816";"B01";"1";"7";"0";"2";"8";"1";"1";""
"202100035745";"137Â 812";"B01";"1";"2";"0";"2";"3";"15";"1";""
"202100035745";"137Â 813";"A01";"1";"7";"0";"2";"2";"17";"1";""
"202100035746";"137Â 810";"A01";"1";"1";"0";"2";"8";"1";"5";""
"202100035746";"137Â 811";"Z01";"1";"7";"0";"2";"2";"17";"0";""
"202100035747";"137Â 809";"A01";"2";"7";"0";"1";"1";"15";"1";""
"202100035748";"137Â 808";"A01";"1";"40";"0";"1";"3";"1";"3";""
"202100035749";"137Â 806";"B01";"2";"1";"0";"2";"1";"1";"5";""
"202100035749";"137Â 807";"A01";"2";"7";"0";"9";"1";"15";"2";""
"202100035750";"137Â 804";"B01";"1";"33";"0";"2";"2";"15";"1";""
"202100035750";"137Â 805";"A01";"2";"7";"0";"2";"2";"1";"1";""
"202100035751";"137Â 803";"A01";"1";"1";"0";"1";"1";"1";"5";""
"202100035752";"137Â 802";"Z01";"1";"7";"0";"1";"1";"16";"1";""
"202100035753";"137Â 800";"B01";"2";"31";"0";"2";"2";"1";"1";""
"202100035753";"137Â 801";"A01";"1";"30";"0";"2";"3";"9";"1";""
"202100035754";"137Â 798";"A01";"1";"32";"0";"2";"1";"2";"1";""
"202100035754";"137Â 799";"B01";"1";"7";"0";"2";"5";"2";"1";""
"202100035755";"137Â 796";"Z01";"2";"14";"0";"2";"2";"14";"6";""
"202100035755";"137Â 797";"A01";"2";"33";"4";"2";"3";"3";"1";""
"202100035756";"137Â 794";"A01";"2";"50";"0";"2";"1";"1";"3";""
"202100035756";"137Â 795";"B01";"2";"7";"0";"2";"3";"1";"1";""
"202100035757";"137Â 792";"A01";"3";"10";"0";"2";"5";"14";"1";""
"202100035757";"137Â 793";"B01";"3";"30";"0";"2";"3";"1";"1";""
"202100035758";"137Â 790";"A01";"1";"7";"0";"2";"2";"16";"1";""
"202100035758";"137Â 791";"B01";"1";"1";"0";"2";"1";"1";"5";""
"202100035759";"137Â 788";"B01";"1";"1";"0";"2";"3";"18";"5";""
"202100035759";"137Â 789";"A01";"1";"7";"0";"2";"5";"22";"1";""
"202100035760";"137Â 786";"B01";"2";"1";"0";"2";"1";"1";"5";""
"202100035760";"137Â 787";"A01";"2";"10";"0";"2";"3";"15";"1";""
"202100035761";"137Â 784";"A01";"3";"7";"0";"2";"1";"2";"1";""
"202100035761";"137Â 785";"B01";"0";"32";"0";"2";"4";"23";"1";""
"202100035762";"137Â 783";"A01";"2";"80";"0";"0";"1";"1";"3";""
"202100035763";"137Â 781";"A01";"2";"32";"0";"2";"1";"13";"1";""
"202100035763";"137Â 782";"B01";"1";"1";"0";"2";"1";"1";"5";""
"202100035764";"137Â 780";"A01";"1";"7";"0";"0";"5";"22";"0";""
"202100035765";"137Â 778";"B01";"1";"32";"0";"0";"1";"1";"1";""
"202100035765";"137Â 779";"A01";"1";"2";"0";"0";"8";"1";"1";""
"202100035766";"137Â 776";"A01";"0";"10";"0";"9";"3";"2";"1";""
"202100035766";"137Â 777";"B01";"1";"99";"0";"2";"1";"7";"0";""
"202100035767";"137Â 774";"A01";"2";"7";"1";"0";"1";"1";"1";""
"202100035767";"137Â 775";"B01";"2";"7";"1";"0";"4";"24";"1";""
"202100035768";"137Â 773";"A01";"1";"10";"0";"1";"1";"15";"1";""
"202100035769";"137Â 772";"A01";"3";"7";"0";"1";"1";"16";"1";""
"202100035770";"137Â 770";"B01";"0";"7";"1";"2";"7";"1";"1";""
"202100035770";"137Â 771";"A01";"0";"7";"0";"2";"3";"24";"1";""
"202100035771";"137Â 769";"A01";"0";"7";"0";"1";"2";"26";"1";""
"202100035772";"137Â 767";"A01";"1";"7";"0";"2";"2";"1";"1";""
"202100035772";"137Â 768";"Y01";"2";"1";"0";"2";"1";"19";"0";""
"202100035773";"137Â 765";"B01";"1";"7";"0";"2";"8";"1";"1";""
"202100035773";"137Â 766";"A01";"1";"30";"0";"2";"7";"17";"1";""
"202100035774";"137Â 763";"B01";"1";"7";"0";"2";"2";"16";"1";""
"202100035774";"137Â 764";"A01";"0";"31";"0";"2";"7";"1";"1";""
"202100035775";"137Â 760";"A01";"3";"7";"0";"2";"4";"4";"2";""
"202100035775";"137Â 761";"B01";"3";"33";"0";"2";"1";"2";"1";""
"202100035775";"137Â 762";"C01";"3";"7";"0";"2";"4";"20";"1";""
"202100035776";"137Â 759";"A01";"2";"7";"0";"1";"0";"26";"1";""
"202100035777";"137Â 757";"B01";"3";"7";"0";"2";"3";"16";"1";""
"202100035777";"137Â 758";"A01";"2";"33";"0";"2";"3";"16";"1";""
"202100035778";"137Â 754";"A01";"1";"7";"0";"2";"1";"26";"1";""
"202100035778";"137Â 755";"B01";"1";"7";"0";"2";"4";"1";"1";""
"202100035778";"137Â 756";"C01";"1";"7";"0";"2";"4";"1";"1";""
"202100035779";"137Â 752";"A01";"1";"32";"0";"2";"1";"2";"1";""
"202100035779";"137Â 753";"B01";"2";"7";"0";"2";"2";"15";"1";""
"202100035780";"137Â 750";"B01";"0";"30";"0";"2";"8";"16";"1";""
"202100035780";"137Â 751";"A01";"0";"30";"0";"2";"7";"16";"1";""
"202100035781";"137Â 748";"A01";"2";"7";"0";"2";"2";"16";"1";""
"202100035781";"137Â 749";"B01";"2";"1";"0";"2";"8";"1";"5";""
"202100035782";"137Â 746";"A01";"3";"7";"0";"2";"3";"9";"1";""
"202100035782";"137Â 747";"B01";"3";"30";"0";"2";"0";"0";"1";""
"202100035783";"137Â 744";"B01";"3";"7";"0";"2";"4";"23";"0";""
"202100035783";"137Â 745";"A01";"0";"1";"0";"2";"4";"26";"6";""
"202100035784";"137Â 742";"B01";"2";"32";"0";"2";"3";"0";"1";""
"202100035784";"137Â 743";"A01";"2";"7";"0";"2";"1";"15";"1";""
"202100035785";"137Â 738";"C01";"2";"7";"0";"2";"2";"1";"1";""
"202100035785";"137Â 739";"A01";"1";"7";"0";"2";"1";"5";"1";""
"202100035785";"137Â 740";"B01";"2";"7";"0";"2";"1";"1";"1";""
"202100035785";"137Â 741";"D01";"2";"7";"0";"2";"1";"1";"1";""
"202100035786";"137Â 737";"A01";"1";"32";"0";"0";"0";"21";"1";""
"202100035787";"137Â 735";"A01";"1";"33";"0";"2";"1";"17";"1";""
"202100035787";"137Â 736";"B01";"1";"7";"0";"2";"8";"15";"1";""
"202100035788";"137Â 733";"B01";"1";"31";"0";"2";"2";"1";"1";""
"202100035788";"137Â 734";"A01";"1";"7";"0";"2";"3";"9";"1";""
"202100035789";"137Â 732";"A01";"2";"33";"8";"0";"0";"1";"1";""
"202100035790";"137Â 731";"A01";"1";"33";"14";"0";"1";"1";"1";""
"202100035791";"137Â 729";"B01";"2";"7";"3";"2";"3";"1";"1";""
"202100035791";"137Â 730";"A01";"1";"10";"3";"0";"3";"1";"1";""
"202100035792";"137Â 728";"A01";"1";"33";"0";"0";"0";"21";"1";""
"202100035793";"137Â 727";"A01";"1";"7";"0";"0";"0";"1";"1";""
"202100035794";"137Â 725";"B01";"1";"33";"0";"2";"1";"1";"0";""
"202100035794";"137Â 726";"A01";"1";"7";"0";"2";"3";"9";"1";""
"202100035795";"137Â 723";"B01";"2";"43";"0";"2";"0";"11";"1";""
"202100035795";"137Â 724";"A01";"2";"7";"0";"0";"8";"2";"1";""
"202100035796";"137Â 722";"A01";"1";"3";"0";"0";"9";"0";"1";""
"202100035797";"137Â 721";"A01";"1";"33";"3";"0";"2";"1";"1";""
"202100035798";"137Â 719";"B01";"2";"33";"0";"2";"3";"2";"1";""
"202100035798";"137Â 720";"A01";"2";"7";"0";"0";"5";"15";"1";""
"202100035799";"137Â 718";"A01";"2";"7";"0";"0";"9";"0";"1";""
"202100035800";"137Â 717";"A01";"1";"33";"15";"0";"1";"1";"1";""
"202100035801";"137Â 715";"A01";"1";"7";"0";"2";"1";"13";"1";""
"202100035801";"137Â 716";"B01";"2";"7";"0";"2";"1";"1";"1";""
"202100035802";"137Â 713";"A01";"2";"7";"0";"2";"1";"5";"1";""
"202100035802";"137Â 714";"B01";"1";"7";"0";"2";"1";"1";"1";""
"202100035803";"137Â 711";"A01";"1";"7";"0";"2";"3";"1";"1";""
"202100035803";"137Â 712";"B01";"2";"7";"0";"2";"3";"1";"1";""
"202100035804";"137Â 709";"B01";"1";"31";"0";"2";"7";"3";"1";""
"202100035804";"137Â 710";"A01";"1";"10";"0";"2";"8";"11";"1";""
"202100035805";"137Â 707";"A01";"3";"7";"0";"2";"2";"0";"0";""
"202100035805";"137Â 708";"B01";"3";"1";"0";"2";"1";"0";"5";""
"202100035806";"137Â 705";"B01";"2";"15";"0";"2";"6";"2";"1";""
"202100035806";"137Â 706";"A01";"2";"1";"0";"2";"0";"9";"5";""
"202100035807";"137Â 701";"A01";"1";"7";"0";"2";"7";"15";"1";""
"202100035807";"137Â 702";"B01";"2";"7";"0";"2";"1";"1";"1";""
"202100035808";"137Â 700";"A01";" -1";"33";"0";"0";"0";"0";"1";""
"202100035809";"137Â 699";"A01";"2";"2";"0";"0";"8";"15";"1";""
"202100035810";"137Â 697";"B01";"2";"7";"0";"2";"3";"1";"1";""
"202100035810";"137Â 698";"A01";"1";"7";"0";"2";"3";"13";"1";""
"202100035811";"137Â 695";"A01";"3";"1";"0";"0";"4";"9";"5";""
"202100035811";"137Â 696";"B01";"3";"10";"0";"2";"3";"1";"1";""
"202100035812";"137Â 693";"A01";"2";"7";"0";"2";"1";"1";"1";""
"202100035812";"137Â 694";"B01";"1";"7";"0";"2";"1";"1";"1";""
"202100035813";"137Â 691";"A01";"1";"1";"0";"2";"3";"1";"5";""
"202100035813";"137Â 692";"B01";"2";"20";"0";"9";"0";"26";"1";""
"202100035814";"137Â 689";"B01";"1";"10";"0";"2";"2";"1";"1";""
"202100035814";"137Â 690";"A01";"2";"10";"0";"2";"1";"1";"1";""
"202100035815";"137Â 688";"A01";"1";"7";"8";"0";"1";"1";"1";""
"202100035816";"137Â 686";"A01";"2";"7";"0";"2";"2";"1";"1";""
"202100035816";"137Â 687";"B01";"1";"2";"0";"2";"3";"15";"1";""
"202100035817";"137Â 684";"A01";"1";"33";"0";"2";"1";"1";"1";""
"202100035817";"137Â 685";"B01";"2";"7";"0";"2";"3";"1";"1";""
"202100035818";"137Â 683";"A01";"1";"7";"6";"0";"1";"1";"1";""
"202100035819";"137Â 682";"A01";"3";"7";"0";"1";"2";"1";"1";""
"202100035820";"137Â 677";"A01";"2";"7";"0";"2";"4";"1";"1";""
"202100035820";"137Â 678";"B01";"2";"7";"0";"2";"4";"1";"1";""
"202100035820";"137Â 679";"C01";"2";"7";"0";"2";"1";"1";"1";""
"202100035821";"137Â 676";"A01";"3";"7";"6";"0";"2";"15";"1";""
"202100035822";"137Â 675";"A01";"2";"33";"0";"6";"1";"1";"1";""
"202100035823";"137Â 672";"A01";"2";"33";"13";"0";"1";"1";"1";""
"202100035823";"137Â 673";"B01";"2";"33";"13";"0";"1";"1";"1";""
"202100035824";"137Â 670";"A01";"0";"2";"0";"2";"8";"13";"1";""
"202100035824";"137Â 671";"B01";"0";"7";"0";"2";"8";"1";"1";""
"202100035825";"137Â 669";"A01";"1";"7";"15";"0";"1";"0";"1";""
"202100035826";"137Â 668";"A01";"2";"7";"15";"0";"7";"1";"1";""
"202100035827";"137Â 666";"A01";"1";"2";"0";"2";"8";"9";"1";""
"202100035827";"137Â 667";"B01";"2";"33";"0";"2";"7";"1";"1";""
"202100035828";"137Â 665";"A01";"1";"33";"0";"0";"9";"1";"1";""
"202100035829";"137Â 661";"D01";"1";"7";"0";"9";"2";"2";"1";""
"202100035829";"137Â 662";"C01";"1";"10";"0";"2";"3";"2";"1";""
"202100035829";"137Â 663";"B01";"1";"7";"0";"0";"4";"2";"1";""
"202100035829";"137Â 664";"A01";"1";"10";"0";"2";"1";"2";"1";""
"202100035830";"137Â 659";"A01";"2";"7";"0";"0";"3";"1";"1";""
"202100035830";"137Â 660";"B01";"1";"7";"0";"0";"3";"1";"1";""
"202100035831";"137Â 655";"C01";"1";"10";"0";"2";"3";"1";"1";""
"202100035831";"137Â 656";"D01";"1";"7";"14";"0";"2";"21";"1";""
"202100035831";"137Â 657";"B01";"1";"7";"8";"2";"3";"1";"1";""
"202100035831";"137Â 658";"A01";"2";"7";"0";"2";"3";"21";"1";""
"202100035832";"137Â 654";"A01";"3";"2";"13";"0";"1";"1";"1";""
"202100035833";"137Â 652";"B01";"2";"33";"0";"2";"7";"16";"1";""
"202100035833";"137Â 653";"A01";"1";"7";"0";"2";"3";"9";"1";""
"202100035834";"137Â 650";"B01";"1";"1";"0";"2";"1";"1";"5";""
"202100035834";"137Â 651";"A01";"2";"37";"0";"9";"2";"15";"1";"1"
"202100035835";"137Â 648";"B01";"2";"7";"0";"9";"2";"1";"1";""
"202100035835";"137Â 649";"A01";"1";"1";"0";"0";"4";"9";"5";""
"202100035836";"137Â 647";"A01";"3";"2";"0";"2";"3";"0";"1";""
"202100035837";"137Â 645";"A01";"3";"1";"0";"2";"1";"19";"5";""
"202100035837";"137Â 646";"B01";"3";"7";"0";"2";"2";"16";"1";""
"202100035838";"137Â 644";"A01";"1";"1";"0";"9";"0";"1";"5";""
"202100035839";"137Â 641";"B01";"3";"1";"0";"0";"8";"19";"5";""
"202100035839";"137Â 642";"A01";"3";"7";"0";"9";"1";"15";"1";""
"202100035840";"137Â 639";"A01";"2";"7";"0";"0";"6";"9";"1";""
"202100035840";"137Â 640";"B01";"2";"1";"0";"0";"1";"9";"6";""
"202100035841";"137Â 638";"A01";"1";"7";"0";"0";"0";"1";"1";""
"202100035842";"137Â 635";"A01";"2";"33";"0";"2";"1";"2";"1";""
"202100035842";"137Â 636";"B01";"2";"7";"0";"2";"4";"2";"0";""
"202100035843";"137Â 633";"B01";"2";"2";"0";"2";"7";"1";"1";""
"202100035843";"137Â 634";"A01";"3";"7";"0";"2";"3";"9";"1";""
"202100035844";"137Â 631";"B01";"1";"7";"4";"2";"1";"1";"1";""
"202100035844";"137Â 632";"A01";"1";"7";"0";"0";"4";"1";"1";""
"202100035845";"137Â 629";"B01";"2";"33";"0";"2";"2";"2";"1";""
"202100035845";"137Â 630";"A01";"2";"21";"0";"0";"3";"2";"1";""
"202100035846";"137Â 625";"B01";"2";"7";"0";"2";"1";"23";"1";""
"202100035846";"137Â 626";"A01";"2";"7";"0";"2";"4";"23";"1";""
"202100035846";"137Â 627";"D01";"2";"7";"0";"2";"1";"2";"1";""
"202100035846";"137Â 628";"C01";"2";"7";"0";"2";"4";"23";"1";""
"202100035847";"137Â 623";"A01";"1";"7";"0";"2";"4";"1";"1";""
"202100035847";"137Â 624";"B01";"1";"7";"0";"2";"1";"1";"1";""
"202100035848";"137Â 620";"C01";"1";"14";"0";"2";"1";"2";"1";""
"202100035848";"137Â 621";"B01";"1";"14";"0";"2";"1";"2";"1";""
"202100035848";"137Â 622";"A01";"1";"7";"0";"2";"4";"2";"1";""
"202100035849";"137Â 618";"A01";"2";"10";"0";"2";"4";"2";"1";""
"202100035849";"137Â 619";"B01";"1";"7";"0";"2";"1";"2";"1";""
"202100035850";"137Â 614";"B01";"2";"7";"0";"2";"4";"2";"1";""
"202100035850";"137Â 615";"C01";"2";"7";"0";"2";"4";"2";"1";""
"202100035850";"137Â 616";"D01";"2";"7";"0";"2";"1";"2";"1";""
"202100035850";"137Â 617";"A01";"2";"10";"0";"2";"4";"2";"1";""
"202100035851";"137Â 612";"B01";"2";"10";"0";"2";"6";"1";"1";""
"202100035851";"137Â 613";"A01";"1";"10";"0";"2";"1";"12";"1";""
"202100035852";"137Â 610";"A01";"2";"7";"0";"2";"3";"11";"1";""
"202100035852";"137Â 611";"B01";"2";"33";"0";"2";"1";"3";"1";""
"202100035853";"137Â 608";"B01";"2";"10";"0";"2";"4";"1";"1";""
"202100035853";"137Â 609";"A01";"2";"7";"0";"2";"1";"2";"1";""
"202100035854";"137Â 605";"A01";"2";"7";"0";"2";"1";"2";"3";""
"202100035854";"137Â 606";"B01";"2";"7";"0";"2";"4";"2";"1";""
"202100035854";"137Â 607";"C01";"2";"7";"0";"2";"4";"2";"1";""
"202100035855";"137Â 603";"B01";"1";"10";"0";"0";"1";"2";"1";""
"202100035855";"137Â 604";"A01";"1";"7";"0";"2";"4";"2";"1";""
"202100035856";"137Â 599";"B01";"1";"10";"0";"2";"4";"2";"1";""
"202100035856";"137Â 600";"C01";"1";"7";"0";"2";"4";"2";"1";""
"202100035856";"137Â 601";"D01";"1";"7";"0";"2";"4";"2";"1";""
"202100035856";"137Â 602";"A01";"1";"10";"0";"2";"1";"2";"1";""
"202100035857";"137Â 597";"A01";"1";"14";"0";"2";"2";"12";"1";""
"202100035857";"137Â 598";"B01";"2";"10";"0";"2";"6";"1";"1";""
"202100035858";"137Â 594";"C01";"2";"7";"0";"2";"6";"2";"1";""
"202100035858";"137Â 595";"B01";"2";"7";"0";"2";"4";"2";"1";""
"202100035858";"137Â 596";"A01";"2";"7";"0";"2";"1";"2";"1";""
"202100035859";"137Â 590";"D01";"1";"10";"0";"2";"4";"2";"1";""
"202100035859";"137Â 591";"C01";"1";"7";"0";"2";"4";"2";"1";""
"202100035859";"137Â 592";"B01";"1";"7";"0";"2";"4";"2";"1";""
"202100035859";"137Â 593";"A01";"1";"10";"0";"2";"1";"2";"1";""
"202100035860";"137Â 585";"A01";"1";"7";"0";"2";"7";"12";"1";""
"202100035860";"137Â 586";"B01";"1";"34";"0";"2";"8";"3";"1";""
"202100035861";"137Â 583";"B01";"1";"10";"0";"2";"6";"11";"1";""
"202100035861";"137Â 584";"A01";"1";"33";"0";"2";"1";"3";"1";""
"202100035862";"137Â 582";"A01";"0";"33";"0";"1";"1";"1";"1";""
"202100035863";"137Â 581";"A01";"1";"1";"0";"1";"1";"19";"5";""
"202100035864";"137Â 580";"A01";"3";"7";"0";"1";"1";"1";"1";""
"202100035865";"137Â 578";"A01";"2";"10";"16";"0";"9";"14";"1";""
"202100035866";"137Â 576";"A01";"2";"50";"0";"2";"1";"5";"3";""
"202100035866";"137Â 577";"B01";"1";"2";"0";"9";"1";"1";"1";""
"202100035867";"137Â 574";"A01";"2";"10";"0";"2";"2";"1";"1";""
"202100035867";"137Â 575";"B01";"2";"2";"0";"2";"4";"1";"1";""
"202100035868";"137Â 572";"A01";"1";"32";"0";"2";"7";"1";"1";""
"202100035868";"137Â 573";"B01";"2";"7";"0";"2";"1";"1";"1";""
"202100035869";"137Â 570";"B01";"1";"1";"0";"2";"0";"26";"5";""
"202100035869";"137Â 571";"A01";"2";"7";"0";"2";"0";"15";"1";""
"202100035870";"137Â 566";"D01";"1";"1";"0";"2";"0";"2";"5";""
"202100035870";"137Â 567";"C01";"1";"1";"0";"2";"4";"2";"5";""
"202100035870";"137Â 568";"B01";"1";"1";"0";"2";"4";"2";"5";""
"202100035870";"137Â 569";"A01";"1";"7";"0";"9";"1";"18";"1";""
"202100035871";"137Â 565";"A01";"2";"7";"4";"0";"1";"26";"1";""
"202100035872";"137Â 563";"B01";"1";"2";"14";"9";"1";"1";"1";""
"202100035872";"137Â 564";"A01";"1";"7";"0";"2";"4";"9";"1";""
"202100035873";"137Â 561";"A01";"1";"7";"0";"2";"1";"17";"1";""
"202100035873";"137Â 562";"B01";"1";"7";"0";"2";"3";"15";"1";""
"202100035874";"137Â 560";"A01";"2";"7";"0";"1";"1";"19";"1";""
"202100035875";"137Â 559";"A01";"1";"7";"14";"0";"1";"13";"1";""
"202100035876";"137Â 558";"A01";"3";"7";"1";"1";"6";"20";"1";""
"202100035877";"137Â 557";"A01";"3";"7";"0";"1";"2";"1";"1";""
"202100035878";"137Â 555";"B01";"1";"7";"0";"2";"7";"1";"1";""
"202100035878";"137Â 556";"A01";"1";"31";"0";"2";"1";"9";"1";""
"202100035879";"137Â 553";"A01";"2";"34";"0";"2";"1";"3";"1";""
"202100035879";"137Â 554";"B01";"2";"7";"0";"2";"8";"15";"1";""
"202100035880";"137Â 552";"A01";"3";"10";"0";"1";"2";"15";"1";""
"202100035881";"137Â 551";"A01";"1";"33";"0";"2";"0";"1";"1";""
"202100035882";"137Â 549";"A01";"2";"7";"0";"2";"1";"17";"1";""
"202100035882";"137Â 550";"B01";"1";"7";"0";"2";"3";"1";"1";""
"202100035883";"137Â 546";"A01";"1";"7";"0";"2";"1";"1";"1";""
"202100035883";"137Â 547";"B01";"2";"7";"0";"2";"1";"1";"1";""
"202100035884";"137Â 543";"A01";"1";"7";"0";"2";"6";"19";"1";""
"202100035884";"137Â 544";"B01";"2";"7";"0";"2";"1";"1";"1";""