"Num_Acc";"id_vehicule";"num_veh";"senc";"catv";"obs";"obsm";"choc";"manv";"motor";"occutc"
"202100035884";"137Â 545";"C01";"2";"15";"0";"2";"1";"1";"1";""
"202100035885";"137Â 542";"A01";"1";"1";"0";"1";"4";"1";"5";""
"202100035886";"137Â 541";"A01";"1";"7";"0";"1";"2";"1";"0";""
"202100035887";"137Â 540";"A01";"2";"7";"8";"0";"1";"14";"1";""
"202100035888";"137Â 539";"A01";"1";"10";"0";"2";"4";"20";"1";""
"202100035889";"137Â 537";"B01";"1";"0";"0";"2";"1";"0";"0";""
"202100035889";"137Â 538";"A01";"1";"1";"0";"2";"4";"0";"5";""
"202100035890";"137Â 535";"A01";"0";"50";"0";"2";"1";"5";"3";""
"202100035890";"137Â 536";"B01";"1";"7";"0";"2";"3";"1";"1";""
"202100035891";"137Â 533";"B01";"0";"7";"0";"2";"6";"15";"1";""
"202100035891";"137Â 534";"A01";"0";"7";"0";"2";"1";"1";"1";""
"202100035892";"137Â 531";"B01";"3";"1";"0";"2";"1";"1";"5";""
"202100035892";"137Â 532";"A01";"2";"7";"0";"2";"3";"9";"1";""
"202100035893";"137Â 529";"B01";"1";"7";"0";"2";"8";"15";"1";""
"202100035893";"137Â 530";"A01";"1";"30";"0";"2";"1";"17";"1";""
"202100035894";"137Â 528";"A01";"1";"30";"0";"0";"0";"21";"1";""
"202100035895";"137Â 526";"B01";"1";"1";"0";"2";"4";"2";"5";""
"202100035895";"137Â 527";"A01";"1";"7";"0";"2";"1";"26";"1";""
"202100035896";"137Â 524";"A01";"1";"30";"0";"2";"1";"19";"1";""
"202100035896";"137Â 525";"B01";"1";"7";"0";"2";"1";"19";"1";""
"202100035897";"137Â 523";"A01";"3";"7";"0";"1";"4";"4";"1";""
"202100035898";"137Â 521";"B01";"2";"10";"0";"2";"1";"1";"1";""
"202100035898";"137Â 522";"A01";"2";"33";"0";"2";"1";"1";"1";""
"202100035899";"137Â 520";"A01";"1";"7";"0";"1";"1";"1";"1";""
"202100035900";"137Â 518";"C01";"2";"7";"0";"2";"3";"1";"1";""
"202100035900";"137Â 519";"A01";"1";"7";"1";"2";"3";"1";"1";""
"202100035901";"137Â 516";"B01";"2";"1";"0";"2";"8";"19";"5";""
"202100035901";"137Â 517";"A01";"2";"7";"0";"2";"1";"9";"1";""
"202100035902";"137Â 514";"B01";"3";"40";"0";"2";"1";"1";"3";""
"202100035902";"137Â 515";"A01";"2";"7";"0";"4";"8";"15";"1";""
"202100035903";"137Â 513";"A01";"1";"2";"12";"0";"1";"14";"1";""
"202100035904";"137Â 511";"B01";"2";"33";"0";"2";"7";"1";"1";""
"202100035904";"137Â 512";"A01";"2";"7";"0";"2";"3";"1";"1";""
"202100035905";"137Â 510";"A01";"2";"7";"15";"0";"1";"14";"1";""
"202100035906";"137Â 508";"A01";"1";"7";"1";"0";"3";"1";"1";""
"202100035906";"137Â 509";"C01";"1";"2";"0";"2";"0";"2";"1";""
"202100035907";"137Â 507";"A01";"0";"7";"1";"0";"9";"20";"1";""
"202100035908";"137Â 505";"B01";"3";"7";"0";"2";"4";"2";"1";""
"202100035908";"137Â 506";"A01";"3";"7";"0";"2";"1";"2";"1";""
"202100035909";"137Â 503";"A01";"3";"7";"0";"2";"2";"2";"1";""
"202100035909";"137Â 504";"B01";"2";"2";"0";"2";"1";"16";"1";""
"202100035910";"137Â 501";"A01";"1";"2";"0";"2";"1";"2";"1";""
"202100035910";"137Â 502";"B01";"1";"7";"0";"2";"4";"2";"1";""
"202100035911";"137Â 499";"B01";"3";"50";"0";"2";"1";"1";"3";""
"202100035911";"137Â 500";"A01";"3";"21";"0";"2";"6";"24";"1";""
"202100035912";"137Â 497";"A01";"1";"7";"0";"2";"8";"16";"1";""
"202100035912";"137Â 498";"B01";"1";"7";"0";"2";"2";"1";"1";""
"202100035913";"137Â 495";"A01";"1";"7";"0";"2";"3";"1";"1";""
"202100035913";"137Â 496";"B01";"0";"1";"0";"2";"1";"9";"5";""
"202100035914";"137Â 490";"A01";"1";"7";"0";"2";"1";"15";"1";""
"202100035914";"137Â 491";"B01";"1";"33";"0";"2";"8";"1";"1";""
"202100035915";"137Â 488";"A01";"2";"7";"0";"2";"2";"16";"1";""
"202100035915";"137Â 489";"B01";"2";"1";"0";"2";"1";"1";"5";""
"202100035916";"137Â 487";"A01";"1";"7";"1";"0";"3";"13";"1";""
"202100035917";"137Â 485";"Y01";"3";"50";"0";"2";"0";"1";"3";""
"202100035917";"137Â 486";"A01";"3";"7";"0";"2";"3";"9";"1";""
"202100035918";"137Â 483";"A01";"1";"7";"0";"2";"3";"15";"1";""
"202100035918";"137Â 484";"B01";"2";"2";"0";"2";"1";"1";"1";""
"202100035919";"137Â 481";"B01";"1";"7";"0";"2";"2";"9";"1";""
"202100035919";"137Â 482";"A01";"1";"7";"0";"2";"3";"1";"1";""
"202100035920";"137Â 480";"A01";"2";"33";"16";"0";"9";"26";"1";""
"202100035921";"137Â 478";"B01";"0";"7";"0";"0";"4";"1";"1";""
"202100035921";"137Â 479";"A01";"0";"7";"0";"2";"1";"2";"1";""
"202100035922";"137Â 477";"A01";"1";"7";"15";"0";"8";"13";"1";""
"202100035923";"137Â 476";"A01";"2";"30";"0";"0";"0";"26";"1";""
"202100035924";"137Â 474";"A01";"2";"7";"0";"2";"1";"13";"1";""
"202100035924";"137Â 475";"B01";"1";"7";"0";"2";"1";"1";"1";""
"202100035925";"137Â 472";"B01";"1";"7";"0";"2";"4";"2";"1";""
"202100035925";"137Â 473";"A01";"1";"7";"0";"2";"1";"2";"1";""
"202100035926";"137Â 470";"A01";"1";"7";"0";"2";"1";"13";"1";""
"202100035926";"137Â 471";"B01";"2";"7";"0";"2";"1";"1";"1";""
"202100035927";"137Â 469";"A01";"2";"7";"10";"0";"1";"1";"1";""
"202100035928";"137Â 467";"A01";"3";"7";"0";"2";"3";"15";"1";""
"202100035928";"137Â 468";"B01";"3";"2";"0";"2";"1";"5";"1";""
"202100035929";"137Â 466";"A01";"1";"32";"0";"1";"1";"1";"1";""
"202100035930";"137Â 464";"A01";"2";"7";"0";"2";"3";"5";"1";""
"202100035930";"137Â 465";"B01";"1";"2";"0";"2";"1";"2";"1";""
"202100035931";"137Â 463";"A01";"2";"33";"3";"0";"9";"17";"1";""
"202100035932";"137Â 461";"A01";"1";"7";"0";"2";"3";"9";"1";""
"202100035932";"137Â 462";"B01";"3";"1";"0";"2";"0";"0";"5";""
"202100035933";"137Â 459";"A01";"3";"32";"0";"2";"3";"15";"6";""
"202100035933";"137Â 460";"B01";"0";"7";"0";"2";"2";"15";"0";""
"202100035934";"137Â 458";"A01";"2";"7";"7";"0";"1";"14";"1";""
"202100035935";"137Â 456";"B01";"2";"7";"0";"2";"3";"15";"1";""
"202100035935";"137Â 457";"A01";"2";"31";"0";"2";"7";"17";"1";""
"202100035936";"137Â 452";"B01";"1";"7";"0";"2";"0";"1";"1";""
"202100035936";"137Â 453";"A01";"2";"7";"0";"2";"0";"9";"1";""
"202100035936";"137Â 454";"D01";"1";"7";"0";"0";"0";"0";"1";""
"202100035936";"137Â 455";"C01";"1";"7";"0";"0";"0";"0";"0";""
"202100035937";"137Â 449";"Z01";"2";"7";"0";"2";"0";"2";"0";""
"202100035937";"137Â 450";"B01";"2";"10";"0";"2";"4";"2";"1";""
"202100035937";"137Â 451";"A01";"2";"7";"0";"2";"4";"2";"1";""
"202100035938";"137Â 447";"B01";"1";"7";"0";"2";"8";"11";"1";""
"202100035938";"137Â 448";"A01";"1";"33";"0";"2";"7";"3";"1";""
"202100035939";"137Â 445";"B01";"2";"33";"0";"2";"8";"18";"1";""
"202100035939";"137Â 446";"A01";"2";"7";"0";"2";"2";"16";"1";""
"202100035940";"137Â 443";"A01";"2";"30";"0";"2";"2";"5";"1";""
"202100035940";"137Â 444";"B01";"1";"1";"0";"2";"2";"1";"5";""
"202100035941";"137Â 442";"A01";"1";"1";"0";"1";"2";"1";"5";""
"202100035942";"137Â 440";"A01";"1";"80";"0";"2";"1";"1";"3";""
"202100035942";"137Â 441";"B01";"1";"7";"0";"2";"7";"22";"1";""
"202100035943";"137Â 438";"A01";"2";"30";"0";"2";"5";"17";"1";""
"202100035943";"137Â 439";"B01";"2";"1";"0";"2";"4";"1";"5";""
"202100035944";"137Â 436";"B01";"1";"30";"0";"2";"7";"17";"3";""
"202100035944";"137Â 437";"A01";"1";"10";"0";"2";"8";"15";"6";""
"202100035945";"137Â 434";"B01";"2";"33";"0";"2";"1";"13";"1";""
"202100035945";"137Â 435";"A01";"1";"10";"0";"2";"3";"23";"1";""
"202100035946";"137Â 431";"A01";"2";"7";"0";"2";"7";"22";"1";""
"202100035946";"137Â 432";"B01";"2";"30";"0";"2";"1";"18";"1";""
"202100035946";"137Â 433";"C01";"2";"7";"0";"2";"3";"1";"1";""
"202100035947";"137Â 429";"A01";"1";"7";"0";"2";"2";"13";"1";""
"202100035947";"137Â 430";"B01";"1";"1";"0";"2";"8";"17";"5";""
"202100035948";"137Â 428";"A01";"1";"50";"0";"0";"0";"1";"3";""
"202100035949";"137Â 426";"B01";"2";"1";"0";"2";"1";"17";"5";""
"202100035949";"137Â 427";"A01";"2";"7";"0";"2";"8";"22";"2";""
"202100035950";"137Â 424";"B01";"2";"43";"0";"2";"6";"23";"1";""
"202100035950";"137Â 425";"A01";"2";"30";"0";"2";"1";"2";"1";""
"202100035951";"137Â 422";"B01";"1";"2";"0";"2";"1";"0";"1";""
"202100035951";"137Â 423";"A01";"1";"7";"0";"2";"2";"0";"1";""
"202100035952";"137Â 420";"Y01";"1";"1";"1";"0";"7";"18";"5";""
"202100035952";"137Â 421";"A01";"1";"7";"0";"2";"2";"23";"1";""
"202100035953";"137Â 418";"B01";"1";"33";"0";"2";"9";"1";"1";""
"202100035953";"137Â 419";"A01";"1";"10";"0";"2";"2";"15";"1";""
"202100035954";"137Â 416";"A01";"1";"10";"0";"2";"7";"16";"1";""
"202100035954";"137Â 417";"B01";"1";"1";"0";"0";"0";"0";"5";""
"202100035955";"137Â 414";"A01";"2";"7";"0";"2";"1";"9";"1";""
"202100035955";"137Â 415";"B01";"2";"1";"0";"2";"3";"9";"5";""
"202100035956";"137Â 412";"A01";"2";"7";"0";"2";"1";"1";"1";""
"202100035956";"137Â 413";"B01";"1";"50";"0";"2";"1";"1";"3";""
"202100035957";"137Â 410";"A01";"1";"34";"0";"2";"8";"9";"1";""
"202100035957";"137Â 411";"B01";"1";"7";"0";"2";"2";"1";"1";""
"202100035958";"137Â 409";"A01";"3";"34";"0";"1";"2";"1";"1";""
"202100035959";"137Â 407";"A01";"1";"34";"1";"0";"8";"1";"1";""
"202100035959";"137Â 408";"B01";"1";"3";"0";"2";"2";"14";"1";""
"202100035960";"137Â 405";"A01";"3";"0";"0";"2";"4";"1";"3";""
"202100035960";"137Â 406";"B01";"3";"7";"0";"9";"2";"0";"1";""
"202100035961";"137Â 403";"B01";"1";"50";"0";"2";"0";"0";"3";""
"202100035961";"137Â 404";"A01";"1";"7";"0";"9";"1";"16";"1";""
"202100035962";"137Â 401";"B01";"3";"7";"0";"2";"2";"16";"0";""
"202100035962";"137Â 402";"A01";"3";"7";"0";"2";"3";"1";"0";""
"202100035963";"137Â 399";"A01";"0";"7";"0";"2";"2";"1";"1";""
"202100035963";"137Â 400";"B01";"0";"1";"0";"2";"3";"19";"5";""
"202100035964";"137Â 397";"B01";"3";"30";"0";"2";"7";"19";"1";""
"202100035964";"137Â 398";"A01";"3";"7";"0";"2";"1";"15";"1";""
"202100035965";"137Â 396";"A01";"1";"7";"0";"1";"1";"1";"1";""
"202100035966";"137Â 394";"B01";"1";"33";"0";"2";"1";"1";"1";""
"202100035966";"137Â 395";"A01";"1";"7";"0";"2";"8";"15";"1";""
"202100035967";"137Â 392";"B01";"3";"10";"1";"2";"5";"13";"1";""
"202100035967";"137Â 393";"A01";"1";"30";"1";"2";"5";"26";"1";""
"202100035968";"137Â 390";"B01";"2";"2";"0";"2";"8";"1";"1";""
"202100035968";"137Â 391";"A01";"2";"7";"0";"2";"7";"14";"1";""
"202100035969";"137Â 389";"A01";"2";"1";"0";"1";"1";"7";"5";""
"202100035970";"137Â 387";"A01";"1";"7";"0";"2";"3";"1";"1";""
"202100035970";"137Â 388";"B01";"1";"30";"0";"2";"1";"1";"1";""
"202100035971";"137Â 385";"A01";"1";"7";"0";"2";"2";"16";"1";""
"202100035971";"137Â 386";"B01";"1";"2";"0";"2";"1";"7";"1";""
"202100035972";"137Â 383";"A01";"3";"34";"0";"2";"1";"12";"1";""
"202100035972";"137Â 384";"B01";"3";"7";"0";"2";"4";"23";"1";""
"202100035973";"137Â 382";"A01";"3";"32";"0";"1";"0";"0";"0";""
"202100035974";"137Â 380";"A01";"3";"7";"0";"2";"1";"2";"1";""
"202100035974";"137Â 381";"B01";"3";"7";"0";"2";"4";"1";"1";""
"202100035975";"137Â 379";"A01";"3";"1";"0";"0";"0";"1";"5";""
"202100035976";"137Â 378";"A01";"2";"7";"13";"0";"1";"14";"1";""
"202100035977";"137Â 376";"B01";"3";"10";"0";"2";"8";"1";"1";""
"202100035977";"137Â 377";"A01";"3";"2";"0";"2";"1";"1";"1";""
"202100035978";"137Â 374";"B01";"1";"10";"0";"2";"2";"1";"1";""
"202100035978";"137Â 375";"A01";"1";"1";"0";"2";"8";"9";"5";""
"202100035979";"137Â 372";"A01";"1";"7";"0";"2";"1";"13";"1";""
"202100035979";"137Â 373";"B01";"2";"7";"0";"2";"1";"1";"1";""
"202100035980";"137Â 370";"B01";"2";"7";"0";"2";"6";"1";"1";""
"202100035980";"137Â 371";"A01";"1";"7";"0";"2";"2";"9";"1";""
"202100035981";"137Â 368";"A01";"3";"7";"0";"2";"3";"13";"1";""
"202100035981";"137Â 369";"B01";"3";"31";"0";"0";"3";"1";"1";""
"202100035982";"137Â 366";"B01";"2";"33";"0";"2";"1";"1";"1";""
"202100035982";"137Â 367";"A01";"1";"14";"0";"2";"6";"9";"1";""
"202100035983";"137Â 365";"A01";"3";"7";"8";"0";"1";"14";"1";""
"202100035984";"137Â 363";"A01";"1";"7";"0";"2";"1";"1";"1";""
"202100035984";"137Â 364";"B01";"2";"10";"0";"2";"1";"5";"1";""
"202100035985";"137Â 361";"B01";"2";"1";"0";"2";"5";"1";"5";""
"202100035985";"137Â 362";"A01";"2";"7";"0";"9";"1";"1";"1";""
"202100035986";"137Â 360";"A01";"1";"10";"0";"1";"2";"1";"1";""
"202100035987";"137Â 359";"A01";"1";"1";"0";"0";"0";"1";"5";""
"202100035988";"137Â 357";"A01";"2";"33";"0";"2";"1";"1";"1";""
"202100035988";"137Â 358";"B01";"1";"7";"0";"2";"6";"1";"1";""
"202100035989";"137Â 356";"A01";"2";"7";"16";"0";"1";"1";"1";""
"202100035990";"137Â 355";"A01";"3";"7";"13";"0";"1";"16";"1";""
"202100035991";"137Â 353";"A01";"1";"7";"0";"2";"2";"15";"1";""
"202100035991";"137Â 354";"B01";"2";"7";"0";"2";"1";"21";"2";""
"202100035992";"137Â 352";"A01";"3";"36";"0";"0";"1";"1";"1";""
"202100035993";"137Â 350";"A01";"2";"33";"0";"2";"3";"13";"1";""
"202100035993";"137Â 351";"B01";"1";"7";"0";"2";"3";"21";"1";""
"202100035994";"137Â 349";"A01";"2";"7";"12";"9";"7";"26";"1";""
"202100035995";"137Â 347";"B01";"2";"10";"0";"2";"8";"1";"1";""
"202100035995";"137Â 348";"A01";"3";"50";"0";"2";"1";"19";"3";""
"202100035996";"137Â 346";"A01";"1";"7";"8";"0";"1";"1";"1";""
"202100035997";"137Â 344";"A01";"1";"7";"0";"2";"1";"19";"1";""
"202100035997";"137Â 345";"B01";"2";"7";"0";"2";"8";"1";"1";""
"202100035998";"137Â 342";"A01";"2";"7";"0";"2";"3";"1";"1";""
"202100035998";"137Â 343";"B01";"1";"15";"0";"0";"3";"1";"1";""
"202100035999";"137Â 340";"B01";"1";"7";"0";"2";"1";"1";"1";""
"202100035999";"137Â 341";"A01";"2";"7";"0";"2";"1";"1";"1";""
"202100036000";"137Â 338";"A01";"2";"7";"1";"0";"1";"14";"1";""
"202100036000";"137Â 339";"B01";"2";"7";"3";"2";"7";"14";"1";""
"202100036001";"137Â 336";"B01";"2";"7";"0";"2";"1";"1";"1";""
"202100036001";"137Â 337";"A01";"1";"10";"0";"2";"1";"5";"1";""
"202100036002";"137Â 332";"C01";"1";"7";"0";"2";"1";"1";"1";""
"202100036002";"137Â 333";"D01";"1";"7";"0";"2";"3";"1";"1";""
"202100036002";"137Â 334";"B01";"1";"7";"0";"2";"6";"15";"1";""
"202100036002";"137Â 335";"A01";"1";"33";"0";"2";"1";"1";"1";""
"202100036003";"137Â 331";"A01";"1";"7";"6";"0";"8";"1";"1";""
"202100036004";"137Â 328";"B01";"1";"7";"0";"2";"3";"1";"1";""
"202100036004";"137Â 329";"A01";"2";"10";"0";"2";"3";"1";"1";""
"202100036005";"137Â 326";"A01";"2";"37";"0";"2";"3";"1";"1";"1"
"202100036005";"137Â 327";"B01";"1";"7";"0";"2";"3";"5";"0";""
"202100036006";"137Â 325";"A01";"1";"33";"13";"0";"2";"1";"1";""
"202100036007";"137Â 324";"A01";"1";"7";"0";"1";"3";"1";"2";""
"202100036008";"137Â 323";"A01";"2";"7";"16";"0";"1";"2";"1";""
"202100036009";"137Â 321";"A01";"1";"1";"0";"2";"1";"2";"5";""
"202100036009";"137Â 322";"B01";"1";"1";"0";"2";"4";"1";"5";""
"202100036010";"137Â 320";"A01";"2";"2";"17";"0";"0";"1";"1";""
"202100036011";"137Â 318";"B01";"2";"7";"0";"0";"1";"1";"1";""
"202100036011";"137Â 319";"A01";"1";"10";"0";"2";"2";"10";"1";""
"202100036012";"137Â 317";"A01";"3";"2";"0";"0";"8";"0";"1";""
"202100036013";"137Â 315";"B01";"2";"33";"0";"2";"2";"1";"1";""
"202100036013";"137Â 316";"A01";"1";"7";"0";"2";"3";"15";"1";""
"202100036014";"137Â 314";"A01";"1";"7";"0";"1";"2";"2";"1";""
"202100036015";"137Â 312";"A01";"2";"10";"0";"2";"1";"17";"1";""
"202100036015";"137Â 313";"B01";"1";"15";"0";"2";"1";"1";"1";""
"202100036016";"137Â 310";"B01";"1";"14";"0";"2";"7";"17";"1";""
"202100036016";"137Â 311";"A01";"1";"2";"0";"2";"1";"15";"1";""
"202100036017";"137Â 309";"A01";"1";"7";"13";"0";"2";"21";"1";""
"202100036018";"137Â 307";"A01";"2";"7";"0";"0";"8";"2";"1";""
"202100036018";"137Â 308";"B01";"1";"7";"0";"0";"3";"2";"1";""
"202100036019";"137Â 306";"A01";"2";"7";"0";"1";"1";"1";"1";""
"202100036020";"137Â 304";"A01";"2";"7";"0";"2";"6";"15";"1";""
"202100036020";"137Â 305";"B01";"2";"34";"0";"2";"2";"17";"0";""
"202100036021";"137Â 301";"C01";"1";"10";"0";"2";"1";"21";"1";""
"202100036021";"137Â 302";"B01";"1";"10";"0";"2";"1";"0";"1";""
"202100036021";"137Â 303";"A01";"2";"10";"0";"2";"1";"13";"1";""
"202100036022";"137Â 299";"A01";"1";"7";"0";"2";"3";"13";"1";""
"202100036022";"137Â 300";"B01";"2";"7";"0";"2";"3";"1";"1";""
"202100036023";"137Â 297";"B01";"2";"7";"0";"2";"1";"1";"1";""
"202100036023";"137Â 298";"A01";"1";"10";"0";"2";"1";"17";"1";""
"202100036024";"137Â 296";"A01";"2";"7";"4";"0";"9";"1";"1";""
"202100036025";"137Â 293";"A01";"1";"7";"0";"2";"3";"2";"1";""
"202100036025";"137Â 294";"B01";"1";"33";"4";"2";"2";"2";"1";""
"202100036026";"137Â 291";"A01";"2";"3";"0";"2";"7";"19";"1";""
"202100036026";"137Â 292";"B01";"1";"7";"0";"2";"3";"1";"1";""
"202100036027";"137Â 289";"B01";"3";"1";"0";"2";"7";"1";"5";""
"202100036027";"137Â 290";"A01";"3";"7";"0";"2";"3";"26";"1";""
"202100036028";"137Â 287";"B01";"3";"7";"0";"2";"3";"15";"1";""
"202100036028";"137Â 288";"A01";"1";"34";"0";"0";"1";"17";"1";""
"202100036029";"137Â 285";"A01";"2";"7";"0";"2";"7";"17";"1";""
"202100036029";"137Â 286";"B01";"2";"1";"0";"2";"8";"1";"5";""
"202100036030";"137Â 283";"A01";"1";"7";"0";"2";"2";"15";"1";""
"202100036030";"137Â 284";"B01";"2";"7";"0";"2";"3";"1";"1";""
"202100036031";"137Â 281";"A01";"1";"10";"0";"0";"6";"23";"1";""
"202100036031";"137Â 282";"B01";"1";"33";"0";"2";"1";"1";"1";""
"202100036032";"137Â 280";"A01";"2";"32";"0";"0";"0";"1";"1";""
"202100036033";"137Â 279";"A01";"3";"7";"0";"1";"1";"26";"1";""
"202100036034";"137Â 277";"B01";"1";"7";"0";"2";"5";"2";"1";""
"202100036034";"137Â 278";"A01";"1";"1";"0";"2";"8";"2";"5";""
"202100036035";"137Â 275";"A01";"1";"33";"0";"2";"2";"17";"1";""
"202100036035";"137Â 276";"B01";"1";"7";"0";"2";"3";"1";"1";""
"202100036036";"137Â 274";"A01";"2";"7";"0";"0";"1";"0";"1";""
"202100036037";"137Â 272";"B01";"0";"1";"0";"2";"8";"15";"5";""
"202100036037";"137Â 273";"A01";"2";"7";"0";"0";"1";"1";"1";""
"202100036038";"137Â 270";"A01";"1";"7";"0";"2";"4";"0";"3";""
"202100036038";"137Â 271";"B01";"1";"7";"0";"2";"1";"0";"1";""
"202100036039";"137Â 269";"A01";"2";"7";"3";"0";"8";"1";"1";""
"202100036040";"137Â 267";"A01";"1";"7";"0";"2";"1";"1";"2";""
"202100036040";"137Â 268";"B01";"1";"33";"0";"2";"4";"1";"1";""
"202100036041";"137Â 264";"C01";"1";"7";"0";"2";"4";"0";"1";""
"202100036041";"137Â 265";"B01";"1";"7";"0";"2";"4";"26";"1";""
"202100036041";"137Â 266";"A01";"1";"7";"0";"2";"1";"26";"1";""
"202100036042";"137Â 262";"B01";"2";"7";"0";"2";"8";"1";"1";""
"202100036042";"137Â 263";"A01";"2";"13";"0";"2";"2";"12";"1";""
"202100036043";"137Â 259";"A01";"1";"33";"0";"2";"3";"2";"1";""
"202100036043";"137Â 260";"B01";"1";"7";"0";"9";"6";"1";"1";""
"202100036044";"137Â 257";"A01";"1";"7";"0";"2";"1";"17";"1";""
"202100036044";"137Â 258";"B01";"1";"7";"0";"2";"1";"1";"1";""
"202100036045";"137Â 255";"Z01";"1";"7";"0";"2";"1";"0";"0";""
"202100036045";"137Â 256";"A01";"1";"30";"0";"2";"4";"1";"1";""
"202100036046";"137Â 253";"B01";"1";"7";"0";"2";"5";"2";"1";""
"202100036046";"137Â 254";"A01";"1";"34";"0";"2";"1";"2";"1";""
"202100036047";"137Â 251";"A01";"3";"30";"0";"2";"3";"1";"1";""
"202100036047";"137Â 252";"B01";"3";"50";"0";"2";"1";"25";"3";""
"202100036048";"137Â 250";"A01";"1";"30";"15";"0";"1";"15";"1";""
"202100036049";"137Â 249";"A01";"2";"7";"6";"0";"1";"1";"1";""
"202100036050";"137Â 247";"A01";"3";"7";"0";"2";"6";"2";"1";""
"202100036050";"137Â 248";"B01";"3";"2";"0";"0";"0";"0";"1";""
"202100036051";"137Â 245";"B01";"1";"33";"0";"2";"1";"1";"1";""
"202100036051";"137Â 246";"A01";"1";"7";"0";"2";"3";"15";"1";""
"202100036052";"137Â 244";"A01";"2";"7";"1";"0";"7";"21";"1";""
"202100036053";"137Â 241";"B01";"3";"7";"0";"2";"4";"1";"1";""
"202100036053";"137Â 242";"A01";"1";"7";"0";"2";"1";"2";"1";""
"202100036053";"137Â 243";"C01";"3";"7";"0";"2";"4";"2";"1";""
"202100036054";"137Â 239";"A01";"2";"7";"0";"2";"8";"15";"1";""
"202100036054";"137Â 240";"B01";"2";"33";"0";"2";"7";"1";"1";""
"202100036055";"137Â 234";"A01";"2";"33";"0";"2";"4";"23";"1";""
"202100036055";"137Â 235";"B01";"2";"2";"0";"2";"1";"1";"1";""
"202100036056";"137Â 233";"A01";"3";"7";"2";"0";"2";"1";"1";""
"202100036057";"137Â 229";"B01";"2";"7";"0";"2";"3";"16";"1";""
"202100036057";"137Â 230";"A01";"2";"7";"0";"2";"1";"15";"1";""
"202100036058";"137Â 228";"Z01";"3";"7";"5";"1";"1";"1";"1";""
"202100036059";"137Â 226";"B01";"2";"50";"0";"2";"1";"26";"3";""
"202100036059";"137Â 227";"A01";"1";"7";"0";"9";"2";"26";"1";""
"202100036060";"137Â 224";"A01";"3";"7";"0";"2";"3";"1";"1";""
"202100036060";"137Â 225";"B01";"3";"7";"0";"2";"7";"0";"1";""
"202100036061";"137Â 223";"A01";"3";"7";"0";"1";"1";"20";"1";""
"202100036062";"137Â 221";"B01";"3";"3";"0";"2";"1";"15";"0";""
"202100036062";"137Â 222";"A01";"3";"3";"0";"2";"3";"1";"0";""
"202100036063";"137Â 219";"Z01";"0";"7";"0";"9";"8";"26";"1";""
"202100036063";"137Â 220";"B01";"1";"50";"0";"2";"8";"15";"3";""
"202100036064";"137Â 217";"B01";"1";"7";"0";"9";"1";"1";"1";""
"202100036064";"137Â 218";"A01";"1";"1";"0";"2";"1";"25";"5";""
"202100036065";"137Â 216";"A01";"3";"7";"7";"0";"1";"26";"1";""
"202100036066";"137Â 214";"B01";"1";"2";"0";"2";"7";"17";"1";""
"202100036066";"137Â 215";"A01";"1";"1";"0";"2";"8";"1";"5";""
"202100036067";"137Â 213";"A01";"0";"7";"6";"0";"1";"13";"1";""
"202100036068";"137Â 211";"B01";"3";"33";"0";"2";"1";"1";"1";""
"202100036068";"137Â 212";"A01";"3";"7";"0";"2";"7";"1";"1";""
"202100036069";"137Â 210";"A01";"2";"7";"13";"0";"1";"14";"1";""
"202100036070";"137Â 209";"A01";"3";"1";"0";"0";"0";"1";"5";""
"202100036071";"137Â 207";"B01";"2";"7";"0";"2";"1";"0";"0";""
"202100036071";"137Â 208";"A01";"1";"7";"14";"2";"1";"26";"0";""
"202100036072";"137Â 206";"A01";"1";"7";"0";"1";"4";"4";"1";""
"202100036073";"137Â 204";"A01";"2";"7";"0";"2";"3";"15";"1";""
"202100036073";"137Â 205";"B01";"2";"1";"0";"2";"8";"1";"5";""
"202100036074";"137Â 201";"A01";"1";"32";"0";"2";"1";"18";"1";""
"202100036074";"137Â 202";"B01";"1";"7";"0";"2";"2";"1";"1";""
"202100036074";"137Â 203";"C01";"1";"7";"0";"2";"5";"1";"1";""
"202100036075";"137Â 199";"A01";"2";"7";"0";"2";"3";"15";"1";""
"202100036075";"137Â 200";"B01";"2";"32";"0";"2";"1";"2";"1";""
"202100036076";"137Â 197";"B01";"1";"1";"0";"2";"8";"1";"5";""
"202100036076";"137Â 198";"A01";"1";"7";"0";"2";"7";"17";"0";""
"202100036077";"137Â 195";"B01";"1";"1";"0";"2";"1";"12";"5";""
"202100036077";"137Â 196";"A01";"1";"7";"0";"2";"2";"1";"1";""
"202100036078";"137Â 193";"A01";"3";"34";"0";"2";"1";"3";"0";""
"202100036078";"137Â 194";"B01";"3";"7";"0";"2";"4";"1";"1";""
"202100036079";"137Â 192";"A01";"1";"7";"0";"1";"1";"15";"1";""
"202100036080";"137Â 190";"B01";"1";"7";"0";"0";"0";"0";"1";""
"202100036080";"137Â 191";"A01";"1";"7";"0";"0";"0";"0";"1";""
"202100036081";"137Â 188";"B01";"3";"7";"0";"2";"4";"1";"1";""
"202100036081";"137Â 189";"A01";"3";"33";"0";"2";"1";"2";"1";""
"202100036082";"137Â 187";"A01";"1";"7";"0";"1";"3";"1";"1";""
"202100036083";"137Â 185";"B01";"3";"33";"0";"2";"7";"1";"1";""
"202100036083";"137Â 186";"A01";"3";"7";"0";"2";"1";"1";"1";""