"Num_Acc";"id_vehicule";"num_veh";"senc";"catv";"obs";"obsm";"choc";"manv";"motor";"occutc"
"202100036084";"137Â 184";"A01";"1";"7";"9";"0";"2";"16";"1";""
"202100036085";"137Â 182";"B01";"3";"31";"0";"2";"7";"1";"1";""
"202100036085";"137Â 183";"Z01";"0";"33";"0";"0";"0";"0";"0";""
"202100036086";"137Â 180";"B01";"3";"7";"0";"9";"3";"2";"1";""
"202100036086";"137Â 181";"A01";"3";"32";"0";"2";"3";"17";"1";""
"202100036087";"137Â 178";"B01";"2";"7";"0";"2";"6";"20";"1";""
"202100036087";"137Â 179";"A01";"2";"7";"0";"2";"2";"21";"1";""
"202100036088";"137Â 174";"B01";"1";"7";"0";"2";"4";"1";"1";""
"202100036088";"137Â 175";"A01";"1";"7";"0";"2";"1";"1";"1";""
"202100036088";"137Â 176";"D01";"1";"7";"0";"2";"4";"1";"1";""
"202100036088";"137Â 177";"C01";"1";"7";"0";"2";"4";"1";"1";""
"202100036089";"137Â 172";"A01";"1";"7";"0";"2";"1";"2";"2";""
"202100036089";"137Â 173";"B01";"1";"7";"0";"2";"4";"23";"1";""
"202100036090";"137Â 170";"B01";"1";"7";"0";"2";"7";"14";"1";""
"202100036090";"137Â 171";"A01";"1";"33";"0";"2";"3";"3";"1";""
"202100036091";"137Â 168";"A01";"1";"33";"0";"2";"1";"3";"1";""
"202100036091";"137Â 169";"Z01";"1";"7";"0";"2";"8";"11";"1";""
"202100036092";"137Â 166";"B01";"2";"7";"0";"2";"5";"12";"1";""
"202100036092";"137Â 167";"A01";"2";"33";"0";"2";"1";"3";"1";""
"202100036093";"137Â 163";"C01";"3";"1";"0";"2";"4";"2";"5";""
"202100036093";"137Â 164";"B01";"3";"1";"0";"2";"4";"2";"5";""
"202100036093";"137Â 165";"A01";"3";"1";"0";"2";"1";"2";"5";""
"202100036094";"137Â 162";"A01";"2";"30";"0";"1";"1";"5";"1";""
"202100036095";"137Â 160";"B01";"1";"7";"0";"2";"4";"1";"1";""
"202100036095";"137Â 161";"A01";"1";"30";"0";"2";"1";"1";"3";""
"202100036096";"137Â 158";"B01";"1";"7";"0";"2";"7";"1";"3";""
"202100036096";"137Â 159";"A01";"0";"80";"0";"2";"8";"11";"3";""
"202100036097";"137Â 156";"B01";"1";"7";"0";"2";"1";"1";"1";""
"202100036097";"137Â 157";"A01";"1";"1";"1";"2";"8";"19";"5";""
"202100036098";"137Â 154";"A01";"2";"1";"0";"2";"1";"1";"5";""
"202100036098";"137Â 155";"B01";"1";"7";"0";"2";"5";"16";"2";""
"202100036099";"137Â 153";"A01";"1";"31";"14";"0";"2";"18";"1";""
"202100036100";"137Â 151";"A01";"2";"34";"0";"2";"3";"7";"1";""
"202100036100";"137Â 152";"B01";"2";"7";"0";"2";"7";"12";"1";""
"202100036101";"137Â 149";"A01";"1";"7";"0";"2";"7";"16";"1";""
"202100036101";"137Â 150";"B01";"1";"30";"0";"2";"1";"16";"1";""
"202100036102";"137Â 148";"A01";"2";"43";"12";"0";"1";"13";"1";""
"202100036103";"137Â 146";"A01";"1";"7";"0";"2";"3";"22";"1";""
"202100036103";"137Â 147";"B01";"1";"1";"0";"2";"2";"1";"5";""
"202100036104";"137Â 145";"Z01";"1";"50";"0";"1";"3";"1";"3";""
"202100036105";"137Â 143";"A01";"2";"7";"1";"0";"1";"26";"1";""
"202100036105";"137Â 144";"B01";"1";"32";"1";"0";"1";"17";"1";""
"202100036106";"137Â 141";"B01";"2";"7";"0";"2";"1";"1";"1";""
"202100036106";"137Â 142";"A01";"1";"30";"0";"2";"1";"26";"1";""
"202100036107";"137Â 139";"B01";"2";"7";"0";"2";"2";"1";"1";""
"202100036107";"137Â 140";"A01";"1";"30";"0";"2";"7";"1";"1";""
"202100036108";"137Â 138";"A01";"1";"33";"4";"0";"3";"13";"1";""
"202100036109";"137Â 137";"Z01";"3";"32";"0";"1";"8";"25";"0";""
"202100036110";"137Â 134";"B01";"0";"7";"0";"2";"0";"0";"1";""
"202100036110";"137Â 135";"A01";"0";"7";"0";"2";"6";"1";"1";""
"202100036110";"137Â 136";"C01";"0";"7";"0";"2";"0";"0";"0";""
"202100036111";"137Â 133";"A01";"3";"7";"0";"1";"3";"20";"1";""
"202100036112";"137Â 131";"A01";"1";"13";"0";"2";"1";"26";"1";""
"202100036112";"137Â 132";"B01";"1";"7";"0";"2";"4";"26";"1";""
"202100036113";"137Â 129";"A01";"2";"7";"0";"2";"3";"15";"1";""
"202100036113";"137Â 130";"B01";"2";"34";"0";"2";"2";"1";"1";""
"202100036114";"137Â 126";"A01";"1";"32";"1";"2";"1";"18";"1";""
"202100036114";"137Â 127";"B01";"1";"7";"0";"2";"2";"1";"3";""
"202100036114";"137Â 128";"C01";"1";"7";"0";"2";"3";"24";"1";""
"202100036115";"137Â 125";"A01";"1";"7";"6";"0";"2";"15";"1";""
"202100036116";"137Â 124";"A01";"1";"33";"0";"0";"8";"1";"1";""
"202100036117";"137Â 122";"A01";"3";"7";"8";"2";"2";"15";"1";""
"202100036117";"137Â 123";"B01";"2";"7";"0";"2";"3";"1";"1";""
"202100036118";"137Â 121";"A01";"2";"33";"13";"0";"1";"1";"1";""
"202100036119";"137Â 119";"A01";"2";"7";"0";"2";"3";"9";"1";""
"202100036119";"137Â 120";"B01";"2";"1";"0";"2";"2";"1";"5";""
"202100036120";"137Â 118";"A01";"2";"33";"0";"0";"0";"1";"1";""
"202100036121";"137Â 116";"B01";"3";"7";"0";"2";"1";"15";"1";""
"202100036121";"137Â 117";"A01";"3";"34";"0";"2";"1";"2";"1";""
"202100036122";"137Â 114";"B01";"2";"17";"0";"2";"3";"21";"1";""
"202100036122";"137Â 115";"A01";"1";"7";"0";"2";"3";"13";"1";""
"202100036123";"137Â 112";"B01";"2";"7";"0";"2";"2";"1";"0";""
"202100036123";"137Â 113";"A01";"1";"2";"0";"2";"1";"13";"1";""
"202100036124";"137Â 111";"A01";"0";"2";"6";"0";"7";"0";"1";""
"202100036125";"137Â 110";"A01";"2";"7";"13";"0";"3";"1";"1";""
"202100036126";"137Â 108";"A01";"2";"2";"0";"2";"1";"13";"1";""
"202100036126";"137Â 109";"B01";"1";"7";"0";"2";"1";"1";"1";""
"202100036127";"137Â 107";"A01";"2";"1";"0";"5";"4";"0";"0";""
"202100036128";"137Â 105";"B01";"1";"7";"0";"0";"7";"15";"1";""
"202100036128";"137Â 106";"A01";"2";"38";"0";"2";"2";"1";"1";"1"
"202100036129";"137Â 104";"A01";"2";"7";"13";"0";"2";"1";"1";""
"202100036130";"137Â 099";"A01";"2";"15";"0";"0";"0";"1";"1";""
"202100036130";"137Â 100";"B01";"1";"7";"0";"9";"6";"5";"1";""
"202100036130";"137Â 101";"C01";"2";"7";"0";"2";"1";"5";"1";""
"202100036130";"137Â 102";"D01";"1";"7";"0";"9";"0";"5";"1";""
"202100036130";"137Â 103";"E01";"1";"7";"0";"9";"1";"5";"1";""
"202100036131";"137Â 098";"A01";"1";"7";"2";"0";"7";"13";"1";""
"202100036132";"137Â 096";"A01";"1";"7";"14";"2";"8";"6";"1";""
"202100036132";"137Â 097";"B01";"1";"13";"0";"0";"8";"1";"1";""
"202100036133";"137Â 095";"A01";"1";"36";"15";"0";"1";"0";"1";""
"202100036134";"137Â 093";"B01";"3";"1";"0";"2";"2";"19";"5";""
"202100036134";"137Â 094";"A01";"3";"7";"0";"0";"8";"1";"1";""
"202100036135";"137Â 092";"A01";"2";"7";"8";"0";"8";"13";"1";""
"202100036136";"137Â 091";"A01";" -1";"1";"0";"0";"0";"1";"5";""
"202100036137";"137Â 090";"A01";"1";"33";"7";"0";"2";"1";"1";""
"202100036138";"137Â 088";"B01";"3";"33";"8";"0";"7";"21";"1";""
"202100036138";"137Â 089";"A01";"3";"7";"0";"0";"0";"9";"0";""
"202100036139";"137Â 086";"A01";"2";"7";"0";"2";"7";"15";"1";""
"202100036139";"137Â 087";"B01";"1";"1";"0";"2";"1";"18";"5";""
"202100036140";"137Â 084";"A01";"2";"7";"0";"0";"8";"15";"1";""
"202100036140";"137Â 085";"B01";"1";"2";"0";"2";"1";"1";"1";""
"202100036141";"137Â 083";"A01";"3";"17";"0";"1";"0";"1";"1";""
"202100036142";"137Â 080";"C01";"3";"1";"0";"2";"0";"2";"5";""
"202100036142";"137Â 081";"B01";"3";"1";"0";"2";"0";"1";"5";""
"202100036142";"137Â 082";"A01";"3";"1";"0";"2";"4";"17";"5";""
"202100036143";"137Â 078";"B01";"2";"7";"0";"2";"8";"15";"1";""
"202100036143";"137Â 079";"A01";"1";"2";"0";"2";"1";"1";"1";""
"202100036144";"137Â 077";"A01";"1";"33";"4";"0";"7";"1";"1";""
"202100036145";"137Â 076";"A01";"1";"1";"0";"0";"0";"26";"5";""
"202100036146";"137Â 074";"A01";"2";"7";"0";"2";"1";"13";"1";""
"202100036146";"137Â 075";"B01";"1";"7";"0";"2";"1";"0";"1";""
"202100036147";"137Â 072";"B01";"2";"7";"0";"2";"1";"1";"1";""
"202100036147";"137Â 073";"A01";"1";"7";"0";"2";"3";"16";"1";""
"202100036148";"137Â 070";"B01";"2";"13";"0";"2";"3";"1";"1";""
"202100036148";"137Â 071";"A01";"1";"7";"0";"2";"3";"1";"1";""
"202100036149";"137Â 069";"A01";"1";"33";"0";"0";"8";"1";"1";""
"202100036150";"137Â 068";"A01";"2";"15";"0";"0";"0";"1";"1";""
"202100036151";"137Â 067";"A01";"0";"31";"2";"0";"1";"0";"1";""
"202100036152";"137Â 065";"A01";"0";"7";"0";"2";"1";"2";"1";""
"202100036152";"137Â 066";"B01";"0";"7";"0";"0";"4";"15";"1";""
"202100036153";"137Â 064";"A01";"2";"7";"8";"0";"2";"21";"1";""
"202100036154";"137Â 063";"A01";"2";"2";"13";"0";"1";"14";"1";""
"202100036155";"137Â 062";"A01";"1";"7";"2";"0";"3";"1";"1";""
"202100036156";"137Â 060";"B01";"1";"7";"0";"0";"6";"15";"1";""
"202100036156";"137Â 061";"A01";"1";"7";"0";"0";"2";"1";"1";""
"202100036157";"137Â 059";"A01";"1";"7";"1";"0";"0";"2";"1";""
"202100036158";"137Â 058";"A01";"1";"33";"0";"0";"9";"2";"1";""
"202100036159";"137Â 057";"A01";"1";"7";"4";"0";"1";"9";"1";""
"202100036160";"137Â 055";"A01";"2";"10";"0";"2";"1";"15";"1";""
"202100036160";"137Â 056";"B01";"1";"7";"0";"2";"1";"1";"1";""
"202100036161";"137Â 054";"A01";"2";"7";"0";"0";"0";"1";"1";""
"202100036162";"137Â 053";"A01";"2";"7";"17";"0";"3";"1";"1";""
"202100036163";"137Â 051";"A01";"3";"1";"0";"2";"0";"1";"5";""
"202100036163";"137Â 052";"B01";"3";"7";"0";"9";"3";"1";"1";""
"202100036164";"137Â 049";"A01";"2";"7";"0";"0";"3";"15";"1";""
"202100036164";"137Â 050";"B01";"1";"15";"0";"2";"2";"1";"1";""
"202100036165";"137Â 048";"A01";"1";"7";"9";"9";"7";"26";"1";""
"202100036166";"137Â 045";"A01";"2";"7";"13";"0";"9";"17";"1";""
"202100036167";"137Â 043";"A01";"1";"10";"0";"2";"2";"2";"1";""
"202100036167";"137Â 044";"B01";"1";"15";"0";"0";"0";"1";"1";""
"202100036168";"137Â 041";"A01";"2";"33";"0";"2";"1";"17";"1";""
"202100036168";"137Â 042";"B01";"2";"7";"0";"2";"6";"15";"1";""
"202100036169";"137Â 039";"A01";"3";"2";"0";"2";"1";"1";"1";""
"202100036169";"137Â 040";"B01";"0";"7";"0";"0";"3";"1";"1";""
"202100036170";"137Â 037";"A01";"2";"7";"0";"2";"6";"15";"2";""
"202100036170";"137Â 038";"B01";"2";"33";"0";"2";"1";"2";"1";""
"202100036171";"137Â 036";"A01";"1";"33";"0";"5";"1";"1";"1";""
"202100036172";"137Â 035";"A01";"2";"10";"13";"0";"2";"2";"1";""
"202100036173";"137Â 033";"A01";"0";"2";"0";"2";"1";"2";"1";""
"202100036173";"137Â 034";"B01";"3";"7";"0";"0";"4";"1";"1";""
"202100036174";"137Â 032";"A01";"3";"10";"0";"1";"1";"1";"1";""
"202100036175";"137Â 031";"A01";"1";"7";"17";"0";"3";"13";"1";""
"202100036176";"137Â 030";"A01";"2";"7";"2";"0";"7";"14";"1";""
"202100036177";"137Â 028";"B01";"3";"1";"0";"2";"1";"0";"5";""
"202100036177";"137Â 029";"A01";"0";"7";"0";"9";"2";"0";"1";""
"202100036178";"137Â 026";"B01";"1";"7";"0";"0";"8";"1";"1";""
"202100036178";"137Â 027";"A01";"2";"33";"0";"2";"8";"17";"1";""
"202100036179";"137Â 024";"B01";"1";"7";"0";"2";"1";"13";"1";""
"202100036179";"137Â 025";"A01";"2";"7";"0";"2";"1";"1";"1";""
"202100036180";"137Â 022";"B01";"2";"2";"0";"2";"1";"1";"1";""
"202100036180";"137Â 023";"A01";"1";"7";"0";"2";"2";"15";"1";""
"202100036181";"137Â 020";"B01";"1";"7";"6";"0";"1";"24";"1";""
"202100036181";"137Â 021";"A01";"1";"7";"1";"0";"1";"1";"1";""
"202100036182";"137Â 018";"A01";"0";"7";"0";"2";"1";"1";"1";""
"202100036182";"137Â 019";"B01";"0";"7";"0";"2";"1";"13";"1";""
"202100036183";"137Â 016";"A01";"1";"7";"0";"2";"7";"19";"1";""
"202100036183";"137Â 017";"B01";"1";"7";"0";"2";"1";"1";"1";""
"202100036184";"137Â 015";"A01";"3";"38";"0";"1";"7";"20";"1";"1"
"202100036185";"137Â 013";"A01";"3";"7";"0";"2";"2";"20";"1";""
"202100036185";"137Â 014";"B01";"3";"2";"0";"2";"1";"1";"1";""
"202100036186";"137Â 012";"A01";"1";"33";"0";"0";"7";"6";"1";""
"202100036187";"137Â 010";"A01";"2";"7";"0";"2";"2";"9";"1";""
"202100036187";"137Â 011";"B01";"1";"31";"0";"2";"7";"17";"1";""
"202100036188";"137Â 009";"A01";"1";"7";"13";"0";"1";"0";"1";""
"202100036189";"137Â 008";"A01";"1";"32";"14";"0";"8";"26";"1";""
"202100036190";"137Â 006";"B01";"1";"7";"0";"2";"4";"1";"1";""
"202100036190";"137Â 007";"A01";"1";"7";"0";"2";"1";"1";"1";""
"202100036191";"137Â 004";"A01";"2";"10";"0";"2";"6";"1";"1";""
"202100036191";"137Â 005";"B01";"2";"33";"3";"2";"3";"17";"1";""
"202100036192";"136Â 999";"C01";"2";"7";"0";"2";"4";"2";"1";""
"202100036192";"137Â 000";"D01";"2";"7";"0";"2";"4";"1";"1";""
"202100036192";"137Â 001";"E01";"2";"14";"0";"2";"1";"1";"1";""
"202100036192";"137Â 002";"A01";"2";"7";"0";"2";"4";"1";"1";""
"202100036192";"137Â 003";"B01";"2";"7";"0";"2";"4";"1";"1";""
"202100036193";"136Â 997";"B01";"1";"33";"0";"2";"1";"1";"1";""
"202100036193";"136Â 998";"A01";"1";"7";"0";"2";"4";"26";"1";""
"202100036194";"136Â 994";"C01";"1";"7";"0";"2";"1";"2";"1";""
"202100036194";"136Â 995";"B01";"2";"7";"0";"2";"1";"2";"1";""
"202100036194";"136Â 996";"A01";"2";"7";"0";"2";"4";"2";"1";""
"202100036195";"136Â 990";"A01";"2";"7";"0";"2";"4";"2";"1";""
"202100036195";"136Â 991";"B01";"2";"32";"0";"2";"1";"2";"1";""
"202100036196";"136Â 989";"A01";"2";"7";"4";"0";"1";"26";"1";""
"202100036197";"136Â 987";"A01";"2";"7";"0";"2";"1";"2";"1";""
"202100036197";"136Â 988";"B01";"2";"7";"0";"0";"0";"0";"1";""
"202100036198";"136Â 985";"B01";"2";"7";"0";"0";"4";"2";"1";""
"202100036198";"136Â 986";"A01";"2";"10";"0";"2";"1";"1";"1";""
"202100036199";"136Â 983";"B01";"2";"33";"0";"2";"1";"3";"1";""
"202100036199";"136Â 984";"A01";"2";"7";"0";"2";"4";"2";"1";""
"202100036200";"136Â 981";"B01";"1";"7";"0";"2";"5";"2";"1";""
"202100036200";"136Â 982";"A01";"1";"33";"0";"2";"3";"12";"1";""
"202100036201";"136Â 980";"A01";"2";"7";"4";"0";"1";"1";"1";""
"202100036202";"136Â 978";"A01";"1";"7";"0";"2";"2";"0";"1";""
"202100036202";"136Â 979";"B01";"1";"7";"0";"0";"6";"0";"1";""
"202100036203";"136Â 977";"A01";"2";"31";"4";"0";"0";"26";"1";""
"202100036204";"136Â 975";"A01";"1";"7";"0";"2";"2";"2";"1";""
"202100036204";"136Â 976";"B01";"1";"33";"0";"2";"4";"1";"1";""
"202100036205";"136Â 973";"B01";"2";"7";"0";"2";"4";"2";"1";""
"202100036205";"136Â 974";"A01";"2";"7";"0";"2";"1";"2";"1";""
"202100036206";"136Â 970";"A01";"2";"7";"0";"2";"1";"2";"1";""
"202100036206";"136Â 971";"B01";"2";"7";"0";"2";"4";"2";"1";""
"202100036206";"136Â 972";"C01";"2";"7";"0";"2";"4";"2";"1";""
"202100036207";"136Â 968";"A01";"1";"7";"0";"2";"1";"2";"1";""
"202100036207";"136Â 969";"B01";"1";"7";"0";"2";"4";"2";"1";""
"202100036208";"136Â 967";"A01";"1";"7";"4";"0";"3";"9";"1";""
"202100036209";"136Â 965";"A01";"2";"7";"0";"2";"5";"1";"1";""
"202100036209";"136Â 966";"B01";"2";"33";"0";"2";"1";"3";"1";""
"202100036210";"136Â 962";"A01";"1";"7";"0";"2";"1";"1";"1";""
"202100036210";"136Â 963";"B01";"1";"7";"0";"2";"4";"9";"1";""
"202100036210";"136Â 964";"C01";"1";"7";"0";"2";"4";"1";"1";""
"202100036211";"136Â 960";"B01";"2";"14";"0";"2";"3";"1";"1";""
"202100036211";"136Â 961";"A01";"2";"7";"4";"2";"9";"1";"1";""
"202100036212";"136Â 959";"A01";"1";"7";"0";"1";"0";"1";"1";""
"202100036213";"136Â 958";"A01";"2";"7";"0";"1";"1";"1";"1";""
"202100036214";"136Â 956";"A01";"1";"32";"0";"2";"6";"26";"1";""
"202100036214";"136Â 957";"B01";"1";"7";"0";"2";"1";"0";"1";""
"202100036215";"136Â 955";"A01";"1";"7";"0";"1";"3";"15";"1";""
"202100036216";"136Â 954";"A01";"3";"7";"12";"0";"1";"1";"1";""
"202100036217";"136Â 952";"B01";"1";"2";"0";"2";"1";"1";"1";""
"202100036217";"136Â 953";"A01";"1";"10";"0";"9";"2";"16";"1";""
"202100036218";"136Â 950";"B01";"2";"7";"0";"2";"1";"1";"1";""
"202100036218";"136Â 951";"A01";"1";"7";"0";"2";"8";"1";"1";""
"202100036219";"136Â 949";"A01";"1";"50";"0";"1";"1";"25";"3";""
"202100036220";"136Â 947";"A01";"2";"7";"0";"2";"1";"15";"1";""
"202100036220";"136Â 948";"B01";"1";"1";"0";"2";"1";"1";"5";""
"202100036221";"136Â 945";"B01";"1";"7";"0";"2";"1";"1";"1";""
"202100036221";"136Â 946";"A01";"1";"7";"0";"2";"1";"1";"1";""
"202100036222";"136Â 943";"B01";"1";"33";"0";"2";"1";"7";"1";""
"202100036222";"136Â 944";"A01";"1";"7";"0";"2";"2";"16";"2";""
"202100036223";"136Â 941";"B01";"2";"1";"0";"2";"1";"1";"5";""
"202100036223";"136Â 942";"A01";"1";"7";"0";"2";"3";"15";"1";""
"202100036224";"136Â 939";"A01";"3";"32";"0";"2";"5";"1";"1";""
"202100036224";"136Â 940";"B01";"3";"10";"0";"2";"1";"16";"1";""
"202100036225";"136Â 935";"B01";"2";"7";"0";"2";"8";"1";"1";""
"202100036225";"136Â 936";"A01";"1";"7";"0";"2";"3";"13";"1";""
"202100036225";"136Â 937";"C01";"2";"7";"0";"2";"1";"1";"1";""
"202100036226";"136Â 933";"A01";"1";"7";"0";"2";"1";"13";"1";""
"202100036226";"136Â 934";"B01";"1";"7";"0";"2";"1";"0";"1";""
"202100036227";"136Â 932";"A01";"0";"7";"0";"1";"1";"1";"1";""
"202100036228";"136Â 930";"A01";"0";"7";"0";"2";"3";"1";"1";""
"202100036228";"136Â 931";"B01";"0";"7";"0";"2";"3";"1";"1";""
"202100036229";"136Â 926";"B01";"2";"60";"0";"2";"0";"0";"5";""
"202100036229";"136Â 927";"A01";"1";"7";"0";"9";"3";"9";"1";""
"202100036230";"136Â 924";"B01";"1";"33";"0";"2";"2";"17";"1";""
"202100036230";"136Â 925";"A01";"1";"7";"0";"2";"3";"10";"1";""
"202100036231";"136Â 923";"A01";"1";"7";"0";"1";"5";"1";"1";""
"202100036232";"136Â 919";"B01";"1";"33";"0";"2";"1";"2";"1";""
"202100036232";"136Â 920";"A01";"1";"7";"0";"2";"6";"23";"1";""
"202100036233";"136Â 917";"A01";"3";"10";"0";"2";"3";"15";"1";""
"202100036233";"136Â 918";"B01";"1";"7";"0";"2";"7";"1";"1";""
"202100036234";"136Â 915";"B01";"1";"30";"0";"2";"3";"26";"1";""
"202100036234";"136Â 916";"A01";"1";"7";"0";"2";"3";"9";"1";""
"202100036235";"136Â 913";"A01";"3";"10";"0";"2";"2";"26";"1";""
"202100036235";"136Â 914";"B01";"3";"2";"0";"2";"1";"0";"1";""
"202100036236";"136Â 912";"A01";"2";"7";"0";"1";"2";"1";"1";""
"202100036237";"136Â 911";"A01";"0";"33";"0";"1";"2";"26";"1";""
"202100036238";"136Â 909";"B01";"1";"2";"0";"2";"1";"1";"1";""
"202100036238";"136Â 910";"A01";"3";"7";"0";"2";"8";"1";"1";""
"202100036239";"136Â 907";"A01";"1";"7";"0";"2";"2";"2";"1";""
"202100036239";"136Â 908";"B01";"1";"1";"0";"2";"4";"1";"5";""
"202100036240";"136Â 905";"B01";"1";"1";"0";"2";"1";"1";"5";""
"202100036240";"136Â 906";"A01";"2";"7";"0";"2";"6";"9";"1";""
"202100036241";"136Â 903";"A01";"1";"7";"0";"2";"7";"1";"1";""
"202100036241";"136Â 904";"B01";"1";"30";"0";"2";"8";"11";"0";""
"202100036242";"136Â 902";"A01";"1";"7";"1";"0";"0";"0";"1";""
"202100036243";"136Â 899";"B01";"3";"10";"0";"2";"3";"1";"1";""
"202100036243";"136Â 900";"C01";"3";"30";"0";"2";"1";"1";"1";""
"202100036243";"136Â 901";"A01";"3";"7";"0";"2";"1";"13";"1";""
"202100036244";"136Â 895";"B01";"1";"33";"0";"2";"1";"1";"1";""
"202100036244";"136Â 896";"A01";"1";"7";"0";"2";"8";"15";"1";""
"202100036245";"136Â 892";"C01";"1";"7";"0";"2";"2";"0";"1";""
"202100036245";"136Â 893";"B01";"1";"7";"0";"2";"8";"1";"1";""
"202100036245";"136Â 894";"A01";"2";"7";"0";"2";"1";"5";"1";""
"202100036246";"136Â 890";"A01";"3";"10";"0";"2";"5";"15";"1";""
"202100036246";"136Â 891";"B01";"3";"33";"0";"2";"1";"1";"1";""
"202100036247";"136Â 888";"A01";"1";"7";"0";"2";"3";"15";"0";""
"202100036247";"136Â 889";"B01";"1";"30";"0";"2";"7";"17";"1";""
"202100036248";"136Â 887";"A01";"1";"34";"0";"0";"0";"1";"1";""
"202100036249";"136Â 886";"A01";"1";"7";"15";"0";"0";"14";"1";""
"202100036250";"136Â 884";"B01";"2";"7";"0";"2";"2";"1";"1";""
"202100036250";"136Â 885";"A01";"2";"30";"0";"2";"3";"26";"1";""
"202100036251";"136Â 883";"A01";"1";"30";"3";"0";"1";"1";"1";""
"202100036252";"136Â 879";"A01";"1";"7";"0";"2";"3";"9";"1";""
"202100036252";"136Â 880";"B01";"1";"7";"0";"2";"7";"1";"1";""
"202100036253";"136Â 877";"A01";"3";"2";"0";"2";"1";"19";"1";""
"202100036253";"136Â 878";"B01";"3";"10";"0";"2";"1";"1";"1";""
"202100036254";"136Â 875";"A01";"1";"7";"0";"2";"1";"15";"1";""
"202100036254";"136Â 876";"B01";"1";"7";"0";"2";"1";"1";"1";""
"202100036255";"136Â 874";"A01";"2";"7";"0";"1";"3";"0";"0";""
"202100036256";"136Â 872";"A01";"1";"7";"0";"2";"8";"1";"1";""
"202100036256";"136Â 873";"Z01";"0";"7";"0";"2";"1";"15";"1";""
"202100036257";"136Â 871";"A01";"3";"7";"13";"0";"9";"6";"1";""
"202100036258";"136Â 870";"A01";"1";"10";"0";"1";"2";"16";"1";""
"202100036259";"136Â 867";"B01";"2";"7";"0";"2";"6";"11";"1";""
"202100036259";"136Â 868";"A01";"2";"33";"0";"2";"2";"3";"1";""
"202100036260";"136Â 865";"A01";"1";"7";"0";"2";"8";"1";"1";""
"202100036260";"136Â 866";"Z01";"1";"10";"0";"2";"2";"12";"1";""
"202100036261";"136Â 863";"A01";"2";"7";"0";"2";"1";"2";"1";""
"202100036261";"136Â 864";"B01";"2";"7";"0";"2";"4";"2";"1";""
"202100036262";"136Â 861";"B01";"2";"7";"0";"2";"3";"1";"1";""
"202100036262";"136Â 862";"A01";"2";"7";"0";"2";"5";"12";"1";""
"202100036263";"136Â 858";"B01";"3";"7";"0";"2";"8";"2";"2";""
"202100036263";"136Â 859";"C01";"3";"7";"0";"2";"8";"2";"1";""
"202100036263";"136Â 860";"A01";"3";"7";"0";"2";"2";"13";"0";""
"202100036264";"136Â 856";"A01";"1";"1";"0";"2";"2";"9";"5";""
"202100036264";"136Â 857";"Z01";"1";"7";"0";"2";"3";"1";"0";""
"202100036265";"136Â 854";"A01";"1";"80";"0";"2";"2";"1";"3";""
"202100036265";"136Â 855";"B01";"1";"7";"0";"2";"3";"22";"1";""
"202100036266";"136Â 852";"Z01";"1";"50";"0";"2";"1";"1";"3";""
"202100036266";"136Â 853";"A01";"1";"1";"0";"2";"2";"5";"5";""
"202100036267";"136Â 850";"A01";"2";"43";"0";"2";"1";"2";"1";""
"202100036267";"136Â 851";"B01";"2";"43";"0";"2";"4";"23";"1";""
"202100036268";"136Â 848";"B01";"2";"10";"0";"2";"3";"22";"1";""
"202100036268";"136Â 849";"A01";"2";"1";"0";"2";"1";"1";"5";""
"202100036269";"136Â 847";"A01";"2";"50";"0";"0";"7";"1";"3";""
"202100036270";"136Â 846";"A01";"1";"60";"0";"0";"0";"14";"5";""
"202100036271";"136Â 845";"A01";"1";"7";"9";"0";"0";"1";"1";""
"202100036272";"136Â 844";"A01";"0";"10";"0";"1";"1";"0";"0";""
"202100036273";"136Â 842";"A01";"2";"7";"0";"2";"6";"9";"0";""
"202100036273";"136Â 843";"B01";"2";"7";"0";"2";"2";"1";"1";""
"202100036274";"136Â 840";"B01";"3";"7";"0";"2";"1";"1";"1";""
"202100036274";"136Â 841";"A01";"3";"7";"0";"2";"2";"15";"1";""
"202100036275";"136Â 838";"B01";"3";"32";"0";"2";"4";"2";"1";""
"202100036275";"136Â 839";"A01";"3";"7";"0";"2";"1";"2";"1";""
"202100036276";"136Â 836";"A01";"1";"7";"0";"2";"3";"13";"1";""
"202100036276";"136Â 837";"B01";"1";"7";"0";"2";"3";"1";"1";""
"202100036277";"136Â 833";"A01";"2";"7";"0";"2";"1";"2";"1";""
"202100036277";"136Â 834";"B01";"2";"7";"0";"2";"4";"1";"1";""
"202100036277";"136Â 835";"C01";"2";"7";"0";"2";"4";"2";"1";""
"202100036278";"136Â 832";"A01";"1";"31";"0";"1";"1";"17";"0";""
"202100036279";"136Â 830";"B01";"2";"33";"0";"2";"0";"0";"1";""
"202100036279";"136Â 831";"A01";"2";"10";"0";"2";"1";"26";"1";""
"202100036280";"136Â 828";"A01";"1";"10";"0";"2";"2";"15";"1";""
"202100036280";"136Â 829";"B01";"1";"7";"0";"2";"3";"1";"1";""
"202100036281";"136Â 827";"A01";"2";"30";"2";"0";"1";"25";"1";""
"202100036282";"136Â 825";"A01";"1";"7";"0";"2";"3";"16";"1";""
"202100036282";"136Â 826";"B01";"1";"2";"0";"2";"1";"2";"1";""
"202100036283";"136Â 823";"B01";"1";"7";"0";"2";"1";"2";"1";""