"Num_Acc";"id_vehicule";"num_veh";"senc";"catv";"obs";"obsm";"choc";"manv";"motor";"occutc"
"202100036283";"136Â 824";"A01";"1";"7";"9";"0";"4";"23";"1";""
"202100036284";"136Â 822";"A01";"3";"7";"0";"1";"3";"26";"2";""
"202100036285";"136Â 820";"A01";"1";"7";"0";"2";"3";"10";"1";""
"202100036285";"136Â 821";"B01";"1";"1";"0";"2";"1";"1";"5";""
"202100036286";"136Â 819";"A01";"2";"7";"0";"1";"1";"11";"1";""
"202100036287";"136Â 818";"A01";"2";"7";"8";"1";"5";"20";"1";""
"202100036288";"136Â 817";"A01";"2";"36";"4";"0";"6";"15";"1";""
"202100036289";"136Â 815";"B01";"2";"30";"0";"2";"1";"1";"1";""
"202100036289";"136Â 816";"A01";"1";"7";"0";"2";"8";"1";"1";""
"202100036290";"136Â 813";"B01";"2";"7";"0";"0";"6";"1";"1";""
"202100036290";"136Â 814";"A01";"2";"7";"0";"2";"2";"1";"2";""
"202100036291";"136Â 812";"A01";"0";"21";"13";"0";"0";"0";"1";""
"202100036292";"136Â 811";"A01";"0";"7";"8";"0";"5";"26";"1";""
"202100036293";"136Â 810";"A01";"2";"7";"13";"0";"1";"1";"1";""
"202100036294";"136Â 809";"A01";"1";"7";"13";"0";"7";"1";"1";""
"202100036295";"136Â 808";"A01";"1";"7";"0";"1";"1";"1";"1";""
"202100036296";"136Â 807";"A01";"0";"7";"2";"0";"1";"0";"1";""
"202100036297";"136Â 806";"A01";"1";"7";"15";"0";"3";"13";"1";""
"202100036298";"136Â 804";"B01";"1";"10";"13";"2";"7";"1";"1";""
"202100036298";"136Â 805";"A01";"1";"7";"3";"2";"1";"9";"1";""
"202100036299";"136Â 802";"A01";"2";"10";"6";"2";"1";"13";"1";""
"202100036299";"136Â 803";"B01";"1";"7";"6";"2";"1";"1";"1";""
"202100036300";"136Â 800";"B01";"2";"2";"14";"0";"0";"21";"1";""
"202100036300";"136Â 801";"A01";"3";"1";"0";"0";"0";"16";"5";""
"202100036301";"136Â 799";"A01";"2";"33";"3";"0";"1";"1";"1";""
"202100036302";"136Â 797";"B01";"1";"7";"0";"2";"1";"1";"1";""
"202100036302";"136Â 798";"A01";"2";"7";"0";"2";"1";"5";"1";""
"202100036303";"136Â 796";"A01";"2";"7";"0";"0";"9";"1";"1";""
"202100036304";"136Â 794";"B01";"1";"7";"0";"2";"8";"13";"1";""
"202100036304";"136Â 795";"A01";"1";"33";"0";"2";"7";"17";"1";""
"202100036305";"136Â 793";"A01";"1";"33";"12";"0";"1";"1";"1";""
"202100036306";"136Â 790";"B01";"1";"1";"0";"0";"8";"1";"5";""
"202100036306";"136Â 791";"C01";"1";"1";"0";"2";"3";"1";"5";""
"202100036306";"136Â 792";"A01";"1";"7";"0";"2";"2";"19";"1";""
"202100036307";"136Â 788";"B01";"3";"7";"0";"2";"2";"1";"1";""
"202100036307";"136Â 789";"A01";"3";"2";"0";"2";"1";"5";"1";""
"202100036308";"136Â 785";"B01";"2";"7";"3";"0";"4";"1";"1";""
"202100036308";"136Â 786";"A01";"2";"10";"0";"2";"2";"11";"1";""
"202100036309";"136Â 784";"A01";"2";"32";"13";"0";"8";"1";"1";""
"202100036310";"136Â 783";"A01";"1";"7";"6";"0";"1";"1";"1";""
"202100036311";"136Â 782";"A01";"1";"7";"13";"0";"2";"1";"1";""
"202100036312";"136Â 780";"A01";"1";"7";"0";"2";"1";"1";"1";""
"202100036312";"136Â 781";"B01";"2";"7";"0";"2";"1";"1";"1";""
"202100036313";"136Â 779";"A01";"3";"7";"2";"0";"1";"1";"1";""
"202100036314";"136Â 778";"A01";"1";"2";"0";"0";"8";"1";"1";""
"202100036315";"136Â 777";"A01";"1";"7";"13";"0";"1";"1";"1";""
"202100036316";"136Â 775";"B01";"3";"33";"0";"2";"3";"18";"1";""
"202100036316";"136Â 776";"A01";"3";"33";"0";"2";"7";"1";"1";""
"202100036317";"136Â 774";"A01";"3";"7";"13";"0";"0";"1";"1";""
"202100036318";"136Â 773";"A01";"3";"10";"2";"0";"1";"1";"1";""
"202100036319";"136Â 770";"A01";"1";"7";"8";"0";"1";"1";"1";""
"202100036320";"136Â 769";"A01";"2";"7";"13";"0";"0";"1";"1";""
"202100036321";"136Â 767";"B01";"3";"2";"0";"0";"8";"1";"1";""
"202100036321";"136Â 768";"A01";"3";"7";"0";"2";"1";"1";"1";""
"202100036322";"136Â 766";"A01";"1";"33";"13";"0";"1";"1";"1";""
"202100036323";"136Â 764";"B01";"2";"7";"0";"2";"3";"1";"1";""
"202100036323";"136Â 765";"A01";"1";"7";"0";"2";"3";"1";"1";""
"202100036324";"136Â 762";"A01";"1";"7";"0";"2";"1";"17";"1";""
"202100036324";"136Â 763";"B01";"2";"7";"0";"2";"3";"1";"1";""
"202100036325";"136Â 761";"A01";"0";"1";"13";"0";"2";"1";"5";""
"202100036326";"136Â 759";"A01";"2";"33";"0";"2";"1";"14";"1";""
"202100036326";"136Â 760";"B01";"1";"7";"0";"2";"5";"15";"1";""
"202100036327";"136Â 757";"A01";"1";"33";"0";"2";"1";"17";"1";""
"202100036327";"136Â 758";"B01";"1";"7";"0";"2";"4";"2";"1";""
"202100036328";"136Â 756";"A01";"1";"33";"6";"0";"1";"21";"1";""
"202100036329";"136Â 753";"A01";"1";"7";"0";"2";"6";"2";"1";""
"202100036329";"136Â 754";"B01";"1";"7";"0";"2";"1";"2";"1";""
"202100036329";"136Â 755";"C01";"2";"7";"0";"2";"1";"1";"1";""
"202100036330";"136Â 752";"A01";"1";"31";"15";"0";"1";"1";"1";""
"202100036331";"136Â 751";"A01";"1";"7";"13";"0";"2";"0";"1";""
"202100036332";"136Â 750";"A01";"1";"34";"0";"6";"1";"1";"1";""
"202100036333";"136Â 749";"A01";"2";"33";"16";"0";"1";"1";"1";""
"202100036334";"136Â 747";"B01";"1";"99";"0";"0";"6";"1";"1";""
"202100036334";"136Â 748";"A01";"1";"7";"0";"2";"1";"17";"1";""
"202100036335";"136Â 745";"A01";"2";"10";"0";"0";"1";"2";"1";""
"202100036335";"136Â 746";"B01";"2";"7";"0";"2";"4";"2";"1";""
"202100036336";"136Â 744";"A01";"2";"7";"4";"0";"1";"11";"1";""
"202100036337";"136Â 743";"A01";"1";"2";"13";"0";"0";"1";"1";""
"202100036338";"136Â 742";"A01";"2";"7";"0";"1";"7";"1";"1";""
"202100036339";"136Â 741";"A01";"2";"7";"1";"0";"8";"1";"1";""
"202100036340";"136Â 740";"A01";"0";"7";"0";"0";"1";"26";"1";""
"202100036341";"136Â 739";"A01";"2";"31";"0";"0";"0";"16";"1";""
"202100036342";"136Â 737";"B01";"1";"33";"0";"2";"8";"1";"1";""
"202100036342";"136Â 738";"A01";"1";"7";"0";"2";"7";"17";"1";""
"202100036343";"136Â 735";"A01";"1";"7";"0";"2";"3";"15";"1";""
"202100036343";"136Â 736";"B01";"2";"7";"0";"2";"1";"1";"1";""
"202100036344";"136Â 734";"A01";"1";"33";"6";"0";"7";"1";"1";""
"202100036345";"136Â 732";"A01";"1";"7";"0";"2";"3";"13";"1";""
"202100036345";"136Â 733";"B01";"2";"33";"0";"2";"1";"1";"1";""
"202100036346";"136Â 730";"B01";"2";"33";"0";"2";"8";"1";"1";""
"202100036346";"136Â 731";"A01";"1";"7";"0";"2";"2";"15";"1";""
"202100036347";"136Â 728";"A01";"2";"7";"0";"2";"3";"13";"1";""
"202100036347";"136Â 729";"B01";"1";"33";"0";"2";"1";"1";"1";""
"202100036348";"136Â 726";"A01";"2";"7";"0";"2";"1";"21";"1";""
"202100036348";"136Â 727";"B01";"1";"7";"0";"2";"1";"21";"1";""
"202100036349";"136Â 725";"A01";"1";"33";"0";"0";"7";"1";"1";""
"202100036350";"136Â 723";"A01";"0";"7";"0";"0";"6";"23";"1";""
"202100036350";"136Â 724";"B01";"0";"7";"0";"2";"1";"1";"1";""
"202100036351";"136Â 720";"C01";"1";"37";"0";"2";"1";"2";"1";"2"
"202100036351";"136Â 721";"B01";"1";"7";"0";"2";"4";"2";"1";""
"202100036351";"136Â 722";"A01";"1";"7";"0";"2";"4";"1";"1";""
"202100036352";"136Â 718";"B01";"1";"7";"0";"2";"1";"2";"1";""
"202100036352";"136Â 719";"A01";"1";"7";"0";"2";"4";"9";"1";""
"202100036353";"136Â 715";"C01";"1";"7";"14";"0";"1";"2";"1";""
"202100036353";"136Â 716";"B01";"1";"7";"14";"0";"1";"2";"1";""
"202100036353";"136Â 717";"A01";"1";"7";"3";"0";"1";"2";"1";""
"202100036354";"136Â 714";"A01";"2";"33";"16";"0";"0";"9";"1";""
"202100036355";"136Â 712";"A01";"2";"7";"0";"2";"6";"1";"1";""
"202100036355";"136Â 713";"Z01";"2";"7";"0";"2";"2";"1";"1";""
"202100036356";"136Â 710";"B01";"2";"7";"0";"2";"8";"21";"1";""
"202100036356";"136Â 711";"A01";"2";"33";"0";"2";"7";"1";"1";""
"202100036357";"136Â 708";"A01";"1";"33";"0";"2";"1";"2";"1";""
"202100036357";"136Â 709";"B01";"1";"7";"0";"2";"5";"1";"1";""
"202100036358";"136Â 706";"A01";"1";"7";"3";"0";"4";"1";"1";""
"202100036358";"136Â 707";"B01";"1";"7";"0";"2";"1";"2";"1";""
"202100036359";"136Â 705";"A01";"3";"7";"0";"1";"1";"1";"1";""
"202100036360";"136Â 704";"A01";"1";"7";"0";"1";"5";"1";"1";""
"202100036361";"136Â 703";"A01";"2";"7";"0";"1";"3";"1";"1";""
"202100036362";"136Â 701";"A01";"2";"7";"0";"2";"3";"1";"1";""
"202100036362";"136Â 702";"B01";"1";"7";"0";"2";"3";"1";"1";""
"202100036363";"136Â 700";"A01";"1";"7";"0";"1";"1";"2";"1";""
"202100036364";"136Â 699";"A01";"2";"10";"0";"1";"1";"1";"1";""
"202100036365";"136Â 698";"A01";"3";"7";"0";"1";"1";"1";"1";""
"202100036366";"136Â 697";"A01";"2";"7";"9";"0";"1";"0";"1";""
"202100036367";"136Â 695";"B01";"2";"7";"0";"2";"4";"1";"1";""
"202100036367";"136Â 696";"A01";"2";"31";"0";"2";"1";"1";"1";""
"202100036368";"136Â 693";"B01";"1";"1";"0";"4";"4";"19";"5";""
"202100036368";"136Â 694";"A01";"2";"40";"0";"2";"1";"1";"3";""
"202100036369";"136Â 692";"A01";"3";"0";"0";"1";"0";"0";"0";""
"202100036370";"136Â 690";"A01";"2";"7";"0";"2";"7";"16";"1";""
"202100036370";"136Â 691";"B01";"2";"1";"0";"2";"1";"2";"0";""
"202100036371";"136Â 689";"A01";"1";"7";"0";"1";"1";"16";"1";""
"202100036372";"136Â 687";"B01";"1";"7";"0";"2";"5";"1";"0";""
"202100036372";"136Â 688";"A01";"1";"7";"0";"2";"2";"18";"0";""
"202100036373";"136Â 686";"A01";"3";"7";"0";"1";"1";"1";"1";""
"202100036374";"136Â 684";"A01";"1";"7";"0";"2";"6";"9";"1";""
"202100036374";"136Â 685";"B01";"1";"7";"0";"2";"5";"1";"1";""
"202100036375";"136Â 682";"A01";"3";"7";"0";"2";"2";"15";"1";""
"202100036375";"136Â 683";"B01";"3";"7";"0";"2";"1";"0";"1";""
"202100036376";"136Â 680";"A01";"2";"43";"0";"2";"4";"13";"1";""
"202100036376";"136Â 681";"B01";"2";"10";"0";"2";"1";"1";"1";""
"202100036377";"136Â 679";"A01";"1";"7";"1";"2";"1";"1";"1";""
"202100036378";"136Â 678";"A01";"1";"99";"6";"0";"1";"26";"0";""
"202100036379";"136Â 676";"A01";"1";"7";"0";"2";"3";"19";"1";""
"202100036379";"136Â 677";"B01";"1";"7";"0";"2";"2";"1";"1";""
"202100036380";"136Â 674";"B01";"0";"33";"0";"2";"7";"1";"1";""
"202100036380";"136Â 675";"A01";"0";"7";"0";"2";"1";"9";"1";""
"202100036381";"136Â 672";"B01";"1";"21";"0";"2";"8";"15";"1";""
"202100036381";"136Â 673";"A01";"1";"13";"0";"2";"1";"17";"1";""
"202100036382";"136Â 670";"B01";"2";"7";"0";"2";"1";"1";"1";""
"202100036382";"136Â 671";"A01";"1";"7";"12";"2";"4";"13";"1";""
"202100036383";"136Â 669";"A01";"2";"35";"0";"0";"0";"1";"1";""
"202100036384";"136Â 667";"A01";"3";"32";"0";"2";"9";"1";"1";""
"202100036384";"136Â 668";"B01";"3";"7";"0";"2";"4";"1";"3";""
"202100036385";"136Â 665";"B01";"3";"31";"0";"2";"1";"1";"1";""
"202100036385";"136Â 666";"A01";"3";"7";"0";"2";"3";"15";"1";""
"202100036386";"136Â 664";"A01";"3";"7";"1";"1";"3";"17";"1";""
"202100036387";"136Â 662";"A01";"0";"33";"0";"2";"1";"17";"1";""
"202100036387";"136Â 663";"B01";"0";"7";"0";"2";"1";"15";"1";""
"202100036388";"136Â 661";"A01";"0";"7";"0";"1";"1";"15";"1";""
"202100036389";"136Â 659";"A01";"0";"10";"0";"2";"1";"12";"1";""
"202100036389";"136Â 660";"B01";"0";"7";"0";"2";"4";"1";"2";""
"202100036390";"136Â 658";"A01";"3";"7";"15";"0";"1";"26";"1";""
"202100036391";"136Â 656";"A01";"1";"7";"0";"2";"1";"13";"1";""
"202100036391";"136Â 657";"B01";"2";"7";"0";"2";"1";"1";"1";""
"202100036392";"136Â 655";"A01";"0";"7";"0";"1";"3";"0";"1";""
"202100036393";"136Â 653";"A01";"1";"7";"0";"2";"1";"2";"1";""
"202100036393";"136Â 654";"B01";"1";"7";"0";"2";"4";"2";"1";""
"202100036394";"136Â 650";"A01";"1";"7";"0";"2";"1";"2";"1";""
"202100036394";"136Â 651";"C01";"1";"7";"0";"2";"4";"2";"1";""
"202100036394";"136Â 652";"B01";"1";"7";"0";"2";"4";"2";"1";""
"202100036395";"136Â 646";"A01";"2";"7";"10";"2";"1";"13";"1";""
"202100036395";"136Â 647";"C01";"1";"7";"0";"2";"5";"21";"1";""
"202100036395";"136Â 648";"D01";"1";"7";"10";"2";"7";"21";"1";""
"202100036395";"136Â 649";"B01";"1";"7";"0";"2";"6";"21";"1";""
"202100036396";"136Â 644";"B01";"2";"31";"0";"2";"6";"1";"1";""
"202100036396";"136Â 645";"A01";"1";"7";"0";"2";"3";"15";"1";""
"202100036397";"136Â 642";"A01";"1";"1";"0";"2";"0";"19";"5";""
"202100036397";"136Â 643";"Z01";"2";"7";"0";"2";"0";"1";"1";""
"202100036398";"136Â 640";"A01";"1";"7";"0";"2";"1";"13";"1";""
"202100036398";"136Â 641";"B01";"1";"7";"0";"2";"1";"0";"1";""
"202100036399";"136Â 638";"B01";"2";"7";"0";"2";"1";"1";"1";""
"202100036399";"136Â 639";"A01";"1";"7";"0";"2";"1";"9";"1";""
"202100036400";"136Â 637";"A01";"2";"7";"0";"1";"3";"1";"1";""
"202100036401";"136Â 636";"A01";"1";"30";"0";"0";"0";"1";"3";""
"202100036402";"136Â 633";"A01";"3";"7";"0";"2";"3";"13";"1";""
"202100036402";"136Â 634";"B01";"3";"7";"0";"2";"3";"1";"2";""
"202100036402";"136Â 635";"C01";"3";"7";"0";"2";"3";"1";"1";""
"202100036403";"136Â 631";"A01";"1";"7";"0";"2";"1";"2";"1";""
"202100036403";"136Â 632";"B01";"1";"33";"0";"2";"4";"1";"1";""
"202100036404";"136Â 629";"A01";"2";"10";"0";"2";"1";"19";"0";""
"202100036404";"136Â 630";"B01";"2";"10";"0";"2";"7";"1";"1";""
"202100036405";"136Â 628";"A01";"1";"10";"0";"1";"1";"1";" -1";""
"202100036406";"136Â 627";"A01";"1";"7";"0";"1";"4";"20";"1";""
"202100036407";"136Â 625";"A01";"1";"1";"0";"2";"1";"25";"5";""
"202100036407";"136Â 626";"B01";"2";"7";"0";"2";"6";"16";"1";""
"202100036408";"136Â 623";"A01";"1";"1";"0";"2";"1";"25";"5";""
"202100036408";"136Â 624";"B01";"2";"7";"0";"2";"7";"23";"1";""
"202100036409";"136Â 620";"A01";"2";"7";"0";"2";"1";"1";"2";""
"202100036409";"136Â 621";"C01";"2";"7";"0";"2";"1";"23";"1";""
"202100036409";"136Â 622";"B01";"1";"7";"0";"2";"8";"1";"1";""
"202100036410";"136Â 618";"B01";"1";"10";"0";"2";"4";"1";"1";""
"202100036410";"136Â 619";"A01";"1";"15";"0";"2";"1";"2";"1";""
"202100036411";"136Â 616";"A01";"1";"7";"0";"9";"3";"10";"1";""
"202100036411";"136Â 617";"B01";"1";"33";"0";"2";"1";"1";"1";""
"202100036412";"136Â 614";"A01";"1";"7";"0";"2";"8";"16";"1";""
"202100036412";"136Â 615";"B01";"1";"7";"0";"2";"7";"1";"1";""
"202100036413";"136Â 613";"Z01";"1";"7";"0";"1";"1";"1";"0";""
"202100036414";"136Â 612";"A01";"1";"10";"0";"1";"1";"26";"1";""
"202100036415";"136Â 611";"A01";"1";"7";"0";"1";"1";"1";"1";""
"202100036416";"136Â 609";"A01";"0";"7";"0";"2";"1";"1";"1";""
"202100036416";"136Â 610";"B01";"0";"33";"0";"2";"4";"1";"1";""
"202100036417";"136Â 608";"A01";"1";"10";"0";"1";"1";"1";"1";""
"202100036418";"136Â 606";"B01";"2";"2";"0";"0";"0";"0";"1";""
"202100036418";"136Â 607";"A01";"1";"7";"0";"2";"2";"26";"1";""
"202100036419";"136Â 605";"A01";"1";"7";"14";"0";"3";"1";"1";""
"202100036420";"136Â 604";"A01";"1";"30";"0";"0";"3";"26";"1";""
"202100036421";"136Â 602";"A01";"1";"7";"0";"2";"1";"26";"1";""
"202100036421";"136Â 603";"B01";"1";"10";"0";"2";"4";"26";"1";""
"202100036422";"136Â 601";"A01";"1";"80";"0";"0";"2";"26";"3";""
"202100036423";"136Â 600";"A01";"1";"2";"0";"0";"3";"26";"1";""
"202100036424";"136Â 599";"A01";"3";"1";"0";"1";"1";"19";"5";""
"202100036425";"136Â 598";"A01";"3";"10";"0";"1";"1";"15";"0";""
"202100036426";"136Â 596";"A01";"3";"7";"0";"2";"1";"15";"1";""
"202100036426";"136Â 597";"B01";"3";"1";"0";"2";"3";"19";"5";""
"202100036427";"136Â 594";"A01";"3";"1";"0";"2";"5";"9";"5";""
"202100036427";"136Â 595";"B01";"0";"7";"0";"2";"3";"1";"1";""
"202100036428";"136Â 593";"A01";"3";"7";"12";"0";"1";"16";"1";""
"202100036429";"136Â 591";"B01";"2";"7";"0";"2";"4";"23";"1";""
"202100036429";"136Â 592";"A01";"2";"1";"0";"2";"1";"1";"5";""
"202100036430";"136Â 590";"A01";"3";"10";"6";"0";"1";"0";"1";""
"202100036431";"136Â 588";"B01";"1";"1";"0";"2";"4";"1";"5";""
"202100036431";"136Â 589";"A01";"2";"7";"0";"2";"2";"16";"1";""
"202100036432";"136Â 584";"A01";"2";"7";"0";"2";"1";"2";"1";""
"202100036432";"136Â 585";"B01";"2";"7";"0";"2";"4";"2";"1";""
"202100036432";"136Â 586";"C01";"2";"7";"0";"2";"4";"2";"1";""
"202100036432";"136Â 587";"D01";"2";"7";"0";"2";"4";"2";"1";""
"202100036433";"136Â 582";"B01";"2";"7";"0";"2";"3";"1";"1";""
"202100036433";"136Â 583";"A01";"1";"31";"0";"2";"1";"15";"3";""
"202100036434";"136Â 581";"Z01";"2";"7";"0";"1";"1";"26";"1";""
"202100036435";"136Â 580";"A01";"2";"7";"0";"1";"2";"15";"1";""
"202100036436";"136Â 578";"A01";"1";"1";"0";"2";"2";"17";"5";""
"202100036436";"136Â 579";"B01";"1";"10";"0";"2";"3";"15";"1";""
"202100036437";"136Â 576";"B01";"2";"7";"0";"0";"7";"1";"1";""
"202100036437";"136Â 577";"A01";"0";"7";"0";"2";"1";"9";"1";""
"202100036438";"136Â 574";"B01";"2";"7";"0";"2";"3";"1";"1";""
"202100036438";"136Â 575";"A01";"1";"7";"0";"2";"3";"13";"1";""
"202100036439";"136Â 571";"C01";"3";"7";"0";"2";"7";"1";"1";""
"202100036439";"136Â 572";"B01";"3";"7";"0";"2";"6";"2";"1";""
"202100036439";"136Â 573";"A01";"3";"7";"0";"2";"2";"9";"0";""
"202100036440";"136Â 570";"A01";"2";"7";"0";"1";"3";"1";"1";""
"202100036441";"136Â 568";"A01";"1";"33";"5";"2";"7";"17";"1";""
"202100036441";"136Â 569";"B01";"1";"7";"5";"2";"8";"1";"1";""
"202100036442";"136Â 566";"B01";"1";"7";"0";"2";"4";"1";"1";""
"202100036442";"136Â 567";"A01";"1";"33";"0";"2";"1";"1";"1";""
"202100036443";"136Â 564";"B01";"2";"2";"0";"2";"1";"1";"1";""
"202100036443";"136Â 565";"A01";"1";"7";"0";"2";"1";"15";"1";""
"202100036444";"136Â 562";"A01";"2";"33";"0";"2";"7";"1";"1";""
"202100036444";"136Â 563";"Z01";"2";"10";"0";"2";"3";"1";"1";""
"202100036445";"136Â 559";"A01";"2";"34";"0";"2";"2";"17";"1";""
"202100036445";"136Â 560";"B01";"2";"7";"0";"2";"3";"2";"1";""
"202100036445";"136Â 561";"C01";"1";"7";"0";"2";"3";"21";"1";""
"202100036446";"136Â 557";"B01";"3";"7";"8";"2";"2";"15";"1";""
"202100036446";"136Â 558";"A01";"1";"7";"0";"2";"0";"0";"1";""
"202100036447";"136Â 555";"B01";"2";"34";"0";"2";"3";"1";"1";""
"202100036447";"136Â 556";"A01";"2";"7";"0";"2";"2";"26";"1";""
"202100036448";"136Â 552";"A01";"1";"30";"0";"2";"9";"17";"1";""
"202100036448";"136Â 553";"B01";"1";"30";"0";"2";"8";"1";"1";""
"202100036448";"136Â 554";"C01";"2";"7";"0";"2";"1";"1";"1";""
"202100036449";"136Â 550";"A01";"1";"30";"0";"2";"6";"19";"0";""
"202100036449";"136Â 551";"B01";"2";"30";"0";"2";"1";"5";"0";""
"202100036450";"136Â 548";"A01";"1";"50";"0";"2";"7";"1";"3";""
"202100036450";"136Â 549";"Z01";"2";"10";"0";"2";"0";"0";"1";""
"202100036451";"136Â 546";"A01";"3";"7";"0";"2";"3";"13";"1";""
"202100036451";"136Â 547";"B01";"3";"7";"0";"2";"2";"1";"1";""
"202100036452";"136Â 543";"A01";"3";"7";"0";"2";"1";"26";"1";""
"202100036452";"136Â 544";"B01";"3";"2";"14";"0";"4";"26";"1";""
"202100036452";"136Â 545";"C01";"3";"15";"0";"2";"4";"26";"1";""
"202100036453";"136Â 540";"A01";"1";"7";"0";"2";"3";"9";"1";""
"202100036453";"136Â 541";"B01";"1";"17";"0";"2";"2";"1";"1";""
"202100036453";"136Â 542";"C01";"1";"7";"0";"2";"7";"17";"1";""
"202100036454";"136Â 539";"A01";"1";"7";"0";"1";"2";"16";"1";""
"202100036455";"136Â 537";"B01";"2";"7";"0";"2";"2";"1";"1";""
"202100036455";"136Â 538";"A01";"1";"7";"12";"1";"1";"6";"1";""
"202100036456";"136Â 534";"A01";"1";"7";"0";"2";"3";"9";"1";""
"202100036456";"136Â 535";"B01";"1";"34";"0";"2";"2";"1";"1";""
"202100036456";"136Â 536";"C01";"2";"10";"0";"2";"3";"1";"1";""
"202100036457";"136Â 532";"B01";"1";"10";"0";"2";"1";"1";"1";""
"202100036457";"136Â 533";"A01";"1";"7";"15";"2";"7";"15";"1";""
"202100036458";"136Â 530";"B01";"1";"7";"0";"2";"3";"15";"1";""
"202100036458";"136Â 531";"A01";"1";"34";"0";"2";"7";"17";"1";""
"202100036459";"136Â 528";"A01";"0";"7";"0";"2";"1";"5";"1";""
"202100036459";"136Â 529";"B01";"0";"7";"0";"2";"1";"1";"1";""
"202100036460";"136Â 526";"A01";"0";"7";"0";"2";"1";"2";"1";""
"202100036460";"136Â 527";"B01";"0";"7";"0";"2";"4";"2";"1";""
"202100036461";"136Â 525";"A01";"1";"7";"0";"1";"8";"1";"1";""
"202100036462";"136Â 524";"A01";"1";"7";"8";"0";"1";"1";"2";""
"202100036463";"136Â 522";"B01";"2";"33";"0";"2";"1";"1";"1";""
"202100036463";"136Â 523";"A01";"2";"7";"0";"2";"8";"10";"2";""
"202100036464";"136Â 520";"A01";"2";"10";"0";"2";"5";"1";"1";""
"202100036464";"136Â 521";"B01";"2";"30";"0";"0";"8";"3";"1";""
"202100036465";"136Â 518";"A01";"1";"7";"0";"2";"1";"1";"2";""
"202100036465";"136Â 519";"B01";"2";"50";"0";"2";"7";"19";"3";""
"202100036466";"136Â 517";"A01";"0";"7";"0";"1";"1";"1";"2";""
"202100036467";"136Â 515";"B01";"3";"7";"0";"2";"4";"2";"1";""
"202100036467";"136Â 516";"A01";"3";"7";"0";"2";"1";"2";"1";""
"202100036468";"136Â 514";"A01";"3";"3";"0";"1";"5";"4";"3";""
"202100036469";"136Â 512";"A01";"2";"32";"0";"2";"8";"1";"1";""
"202100036469";"136Â 513";"B01";"1";"1";"0";"2";"3";"15";"5";""
"202100036470";"136Â 510";"A01";"1";"30";"0";"2";"3";"18";"3";""
"202100036470";"136Â 511";"B01";"1";"7";"0";"2";"7";"1";"1";""
"202100036471";"136Â 509";"A01";"2";"33";"0";"2";"1";"17";"1";""
"202100036472";"136Â 507";"B01";"1";"30";"0";"2";"2";"16";"1";""
"202100036472";"136Â 508";"A01";"1";"7";"0";"2";"0";"15";"1";""
"202100036473";"136Â 505";"B01";"1";"7";"0";"2";"4";"23";"1";""
"202100036473";"136Â 506";"A01";"1";"32";"0";"2";"1";"2";"1";""
"202100036474";"136Â 504";"Z01";"2";"32";"0";"1";"3";"1";"1";""
"202100036475";"136Â 502";"A01";"2";"34";"0";"2";"1";"2";"1";""
"202100036475";"136Â 503";"B01";"2";"10";"0";"2";"6";"23";"1";""
"202100036476";"136Â 500";"A01";"1";"10";"0";"2";"5";"4";"1";""
"202100036476";"136Â 501";"B01";"1";"2";"0";"2";"1";"1";"1";""
"202100036477";"136Â 499";"A01";"1";"99";"0";"0";"0";"1";"3";""
"202100036478";"136Â 498";"A01";"1";"32";"12";"1";"1";"0";"1";""
"202100036479";"136Â 497";"Z01";"0";"7";"0";"1";"1";"26";"0";""
"202100036480";"136Â 495";"B01";"1";"2";"0";"2";"3";"1";"1";""
"202100036480";"136Â 496";"Z01";"2";"7";"0";"2";"0";"10";"1";""
"202100036481";"136Â 494";"A01";"1";"10";"0";"1";"1";"15";"1";""
"202100036482";"136Â 492";"B01";"2";"34";"9";"2";"1";"1";"1";""
"202100036482";"136Â 493";"A01";"3";"37";"9";"2";"8";"15";"1";"2"
"202100036483";"136Â 490";"A01";"3";"7";"1";"0";"1";"17";"1";""
"202100036483";"136Â 491";"B01";"1";"33";"0";"2";"1";"0";"1";""
"202100036484";"136Â 488";"A01";"1";"99";"0";"2";"7";"22";"0";""
"202100036484";"136Â 489";"B01";"1";"1";"0";"2";"1";"18";"6";""
"202100036485";"136Â 486";"A01";"1";"33";"0";"2";"1";"19";"1";""
"202100036485";"136Â 487";"Y01";"1";"60";"0";"2";"1";"0";"5";""
"202100036486";"136Â 484";"A01";"2";"31";"0";"2";"3";"15";"1";""
"202100036486";"136Â 485";"B01";"1";"30";"0";"2";"3";"1";"1";""
"202100036487";"136Â 482";"B01";"1";"1";"0";"2";"1";"2";"0";""
"202100036487";"136Â 483";"A01";"2";"30";"0";"9";"1";"12";"1";""
"202100036488";"136Â 480";"B01";"3";"7";"0";"2";"8";"9";"1";""
"202100036488";"136Â 481";"A01";"2";"10";"0";"2";"1";"1";"1";""
"202100036489";"136Â 478";"A01";"3";"30";"0";"2";"1";"1";"1";""
"202100036489";"136Â 479";"B01";"0";"10";"0";"2";"2";"1";"0";""
"202100036490";"136Â 477";"A01";"2";"30";"0";"1";"1";"1";"1";""
"202100036491";"136Â 475";"A01";"3";"1";"0";"2";"1";"19";"5";""
"202100036491";"136Â 476";"B01";"2";"30";"0";"2";"1";"1";"1";""
"202100036492";"136Â 473";"B01";"1";"10";"0";"2";"4";"1";"1";""
"202100036492";"136Â 474";"A01";"1";"2";"0";"2";"1";"2";"1";""