"Num_Acc";"id_vehicule";"num_veh";"senc";"catv";"obs";"obsm";"choc";"manv";"motor";"occutc"
"202100036493";"136Â 472";"Z01";"2";"30";"0";"2";"1";"25";"1";""
"202100036494";"136Â 470";"B01";"2";"80";"0";"2";"7";"2";"3";""
"202100036494";"136Â 471";"A01";"2";"7";"0";"2";"3";"2";"1";""
"202100036495";"136Â 469";"A01";"2";"80";"0";"1";"8";"1";"3";""
"202100036496";"136Â 468";"A01";"2";"33";"0";"1";"1";"16";"1";""
"202100036497";"136Â 466";"B01";"2";"1";"1";"2";"6";"19";"5";""
"202100036497";"136Â 467";"A01";"1";"7";"0";"2";"3";"1";"1";""
"202100036498";"136Â 464";"B01";"3";"80";"0";"0";"7";"26";"3";""
"202100036498";"136Â 465";"A01";"3";"7";"0";"2";"3";"1";"1";""
"202100036499";"136Â 462";"B01";"1";"7";"0";"2";"1";"16";"1";""
"202100036499";"136Â 463";"A01";"1";"7";"0";"2";"7";"1";"1";""
"202100036500";"136Â 461";"A01";"1";"7";"4";"0";"1";"1";"1";""
"202100036501";"136Â 459";"B01";"1";"7";"0";"2";"2";"15";"1";""
"202100036501";"136Â 460";"A01";"2";"33";"0";"2";"1";"0";"1";""
"202100036502";"136Â 458";"A01";"2";"7";"13";"0";"8";"1";"1";""
"202100036503";"136Â 456";"B01";"2";"7";"0";"2";"2";"2";"1";""
"202100036503";"136Â 457";"A01";"2";"7";"0";"2";"5";"2";"1";""
"202100036504";"136Â 454";"B01";"1";"7";"0";"2";"3";"1";"1";""
"202100036504";"136Â 455";"A01";"1";"7";"0";"2";"2";"1";"1";""
"202100036505";"136Â 452";"A01";"1";"7";"0";"2";"3";"1";"1";""
"202100036505";"136Â 453";"B01";"2";"1";"0";"2";"1";"1";"5";""
"202100036506";"136Â 450";"B01";"1";"1";"0";"2";"0";"13";"0";""
"202100036506";"136Â 451";"A01";"1";"7";"12";"2";"2";"1";"1";""
"202100036507";"136Â 448";"A01";"3";"30";"0";"2";"1";"13";"1";""
"202100036507";"136Â 449";"B01";"3";"7";"0";"2";"2";"1";"1";""
"202100036508";"136Â 447";"A01";"2";"7";"2";"0";"3";"13";"1";""
"202100036509";"136Â 445";"B01";"0";"7";"0";"0";"3";"1";"1";""
"202100036509";"136Â 446";"A01";"0";"10";"0";"0";"3";"13";"1";""
"202100036510";"136Â 444";"A01";"2";"7";"2";"0";"3";"5";"1";""
"202100036511";"136Â 443";"A01";"1";"7";"0";"1";"7";"1";"1";""
"202100036512";"136Â 442";"A01";"2";"7";"16";"0";"1";"1";"1";""
"202100036513";"136Â 440";"B01";"0";"1";"0";"2";"1";"0";"5";""
"202100036513";"136Â 441";"A01";"0";"7";"0";"9";"2";"15";"1";""
"202100036514";"136Â 439";"A01";"0";"36";"0";"0";"0";"1";"1";""
"202100036515";"136Â 438";"A01";"2";"7";"0";"0";"1";"1";"1";""
"202100036516";"136Â 436";"A01";"1";"2";"0";"2";"1";"2";"1";""
"202100036516";"136Â 437";"B01";"1";"7";"0";"2";"7";"16";"1";""
"202100036517";"136Â 434";"B01";"1";"31";"0";"0";"0";"2";"1";""
"202100036517";"136Â 435";"A01";"1";"7";"0";"0";"0";"9";"1";""
"202100036518";"136Â 433";"A01";"1";"10";"6";"0";"8";"1";"1";""
"202100036519";"136Â 432";"A01";"1";"7";"0";"0";"5";"20";"1";""
"202100036520";"136Â 431";"A01";"2";"33";"0";"0";"7";"1";"1";""
"202100036521";"136Â 429";"B01";"0";"7";"0";"0";"4";"2";"1";""
"202100036521";"136Â 430";"A01";"1";"7";"0";"0";"1";"2";"1";""
"202100036522";"136Â 428";"A01";"2";"7";"2";"0";"0";"19";"1";""
"202100036523";"136Â 427";"A01";"1";"7";"0";"1";"2";"1";"1";""
"202100036524";"136Â 426";"A01";"1";"7";"2";"0";"2";"1";"1";""
"202100036525";"136Â 425";"A01";"1";"7";"2";"0";"9";"14";"1";""
"202100036526";"136Â 424";"A01";"2";"7";"2";"0";"9";"1";"1";""
"202100036527";"136Â 423";"A01";"2";"33";"2";"0";"7";"0";"1";""
"202100036528";"136Â 422";"A01";"1";"7";"7";"0";"2";"1";"1";""
"202100036529";"136Â 421";"A01";"1";"7";"6";"0";"3";"13";"1";""
"202100036530";"136Â 419";"A01";"0";"33";"0";"2";"1";"0";"1";""
"202100036530";"136Â 420";"B01";"0";"7";"0";"2";"5";"15";"1";""
"202100036531";"136Â 417";"A01";"1";"7";"0";"0";"3";"9";"1";""
"202100036531";"136Â 418";"B01";"1";"38";"0";"0";"2";"1";"1";"1"
"202100036532";"136Â 412";"A01";"1";"14";"0";"2";"6";"13";"1";""
"202100036532";"136Â 413";"E01";"1";"10";"0";"2";"8";"1";"1";""
"202100036532";"136Â 414";"D01";"1";"7";"0";"2";"2";"1";"1";""
"202100036532";"136Â 415";"B01";"1";"15";"0";"2";"6";"1";"1";""
"202100036532";"136Â 416";"C01";"1";"7";"0";"2";"2";"1";"1";""
"202100036533";"136Â 410";"C01";"2";"15";"0";"0";"4";"24";"1";""
"202100036533";"136Â 411";"A01";"2";"7";"1";"2";"1";"1";"1";""
"202100036534";"136Â 409";"A01";"1";"7";"0";"1";"1";"1";"1";""
"202100036535";"136Â 408";"B01";"2";"7";"0";"0";"2";"1";"1";""
"202100036536";"136Â 406";"A01";"2";"7";"1";"1";"1";"13";"1";""
"202100036536";"136Â 407";"B01";"1";"10";"0";"2";"2";"23";"0";""
"202100036537";"136Â 405";"A01";"1";"7";"13";"0";"3";"16";"1";""
"202100036538";"136Â 404";"A01";"1";"7";"13";"0";"3";"16";"1";""
"202100036539";"136Â 402";"B01";"1";"1";"0";"0";"8";"1";"5";""
"202100036539";"136Â 403";"A01";"2";"7";"0";"2";"1";"15";"1";""
"202100036540";"136Â 401";"A01";"1";"33";"2";"0";"1";"1";"1";""
"202100036541";"136Â 399";"B01";"1";"7";"0";"2";"1";"1";"1";""
"202100036541";"136Â 400";"A01";"1";"7";"0";"2";"2";"15";"1";""
"202100036542";"136Â 397";"B01";"1";"7";"0";"2";"2";"1";"1";""
"202100036542";"136Â 398";"A01";"2";"1";"0";"2";"7";"15";"5";""
"202100036543";"136Â 395";"A01";"1";"32";"0";"2";"1";"2";"1";""
"202100036543";"136Â 396";"B01";"1";"7";"0";"0";"4";"23";"1";""
"202100036544";"136Â 394";"A01";"2";"7";"0";"1";"2";"1";"1";""
"202100036545";"136Â 393";"A01";"3";"7";"0";"0";"3";"15";"1";""
"202100036546";"136Â 391";"A01";"1";"33";"13";"0";"1";"10";"1";""
"202100036547";"136Â 389";"A01";"2";"7";"0";"2";"3";"13";"1";""
"202100036547";"136Â 390";"B01";"1";"7";"0";"2";"3";"1";"1";""
"202100036548";"136Â 387";"A01";"1";"7";"0";"2";"3";"19";"1";""
"202100036548";"136Â 388";"B01";"2";"2";"0";"2";"1";"1";"1";""
"202100036549";"136Â 386";"A01";"1";"14";"0";"1";"7";"17";"1";""
"202100036550";"136Â 384";"A01";"3";"2";"0";"2";"1";"1";"1";""
"202100036550";"136Â 385";"B01";"3";"7";"0";"0";"2";"20";"1";""
"202100036551";"136Â 383";"A01";"1";"7";"0";"9";"1";"1";"1";""
"202100036552";"136Â 381";"A01";"2";"7";"0";"2";"8";"15";"1";""
"202100036552";"136Â 382";"B01";"1";"2";"0";"2";"1";"3";"1";""
"202100036553";"136Â 380";"A01";"2";"7";"0";"0";"0";"1";"1";""
"202100036554";"136Â 378";"A01";"1";"7";"0";"2";"1";"15";"1";""
"202100036554";"136Â 379";"B01";"2";"33";"0";"2";"8";"1";"1";""
"202100036555";"136Â 376";"B01";"2";"7";"0";"0";"3";"15";"1";""
"202100036555";"136Â 377";"A01";"1";"7";"0";"0";"2";"1";"1";""
"202100036556";"136Â 374";"A01";"0";"7";"0";"2";"1";"5";"1";""
"202100036556";"136Â 375";"B01";"0";"7";"0";"2";"1";"1";"1";""
"202100036557";"136Â 372";"A01";"2";"7";"0";"2";"3";"19";"1";""
"202100036557";"136Â 373";"B01";"1";"7";"0";"2";"1";"1";"1";""
"202100036558";"136Â 370";"B01";"3";"7";"0";"2";"1";"1";"1";""
"202100036558";"136Â 371";"A01";"3";"7";"0";"2";"1";"13";"1";""
"202100036559";"136Â 367";"A01";"1";"7";"0";"2";"1";"2";"1";""
"202100036559";"136Â 368";"B01";"1";"10";"0";"2";"4";"1";"1";""
"202100036560";"136Â 362";"C01";"1";"10";"0";"2";"4";"1";"1";""
"202100036560";"136Â 363";"D01";"1";"7";"0";"2";"4";"1";"1";""
"202100036560";"136Â 364";"E01";"1";"7";"0";"2";"4";"1";"1";""
"202100036560";"136Â 365";"B01";"1";"10";"0";"2";"1";"1";"0";""
"202100036560";"136Â 366";"A01";"1";"10";"0";"2";"1";"1";"1";""
"202100036561";"136Â 360";"B01";"1";"7";"0";"2";"1";"2";"1";""
"202100036561";"136Â 361";"A01";"1";"7";"0";"2";"4";"2";"1";""
"202100036562";"136Â 358";"A01";"1";"7";"0";"2";"2";"17";"1";""
"202100036562";"136Â 359";"B01";"1";"33";"0";"2";"8";"1";"1";""
"202100036563";"136Â 356";"B01";"1";"17";"0";"0";"5";"23";"1";""
"202100036563";"136Â 357";"A01";"1";"7";"0";"2";"3";"2";"1";""
"202100036564";"136Â 353";"B01";"2";"7";"0";"2";"6";"2";"1";""
"202100036564";"136Â 354";"A01";"2";"7";"0";"2";"1";"1";"1";""
"202100036564";"136Â 355";"C01";"2";"7";"0";"2";"0";"2";"1";""
"202100036565";"136Â 351";"A01";"2";"33";"0";"2";"1";"3";"1";""
"202100036565";"136Â 352";"B01";"2";"7";"0";"2";"4";"12";"1";""
"202100036566";"136Â 349";"A01";"1";"33";"0";"2";"2";"3";"1";""
"202100036566";"136Â 350";"B01";"1";"7";"0";"2";"6";"11";"1";""
"202100036567";"136Â 348";"A01";"1";"34";"4";"0";"4";"0";"1";""
"202100036568";"136Â 346";"B01";"1";"7";"0";"2";"4";"1";"1";""
"202100036568";"136Â 347";"A01";"1";"33";"0";"2";"1";"1";"1";""
"202100036569";"136Â 345";"A01";"2";"7";"4";"0";"1";"26";"1";""
"202100036570";"136Â 344";"A01";"1";"7";"0";"1";"1";"1";"1";""
"202100036571";"136Â 343";"A01";"3";"7";"0";"1";"2";"1";"1";""
"202100036572";"136Â 342";"Z01";"1";"32";"0";"0";"1";"17";"0";""
"202100036573";"136Â 341";"A01";"1";"31";"0";"0";"0";"17";"1";""
"202100036574";"136Â 340";"A01";"1";"31";"0";"0";"0";"16";"1";""
"202100036575";"136Â 339";"A01";"1";"7";"0";"1";"1";"15";"1";""
"202100036576";"136Â 335";"D01";"1";"7";"0";"2";"6";"1";"1";""
"202100036576";"136Â 336";"C01";"1";"7";"0";"2";"8";"1";"1";""
"202100036576";"136Â 337";"A01";"1";"7";"0";"2";"2";"16";"1";""
"202100036576";"136Â 338";"B01";"1";"33";"0";"2";"8";"1";"1";""
"202100036577";"136Â 334";"A01";"1";"30";"9";"0";"1";"1";"1";""
"202100036578";"136Â 332";"B01";"1";"30";"0";"2";"8";"1";"1";""
"202100036578";"136Â 333";"A01";"1";"30";"0";"2";"1";"15";"1";""
"202100036579";"136Â 329";"D01";"2";"7";"0";"2";"4";"2";"1";""
"202100036579";"136Â 330";"C01";"2";"10";"0";"2";"6";"2";"1";""
"202100036579";"136Â 331";"A01";"2";"7";"1";"2";"1";"2";"1";""
"202100036580";"136Â 328";"A01";"2";"7";"0";"2";"9";"14";"1";""
"202100036581";"136Â 327";"A01";"1";"7";"0";"1";"1";"1";"1";""
"202100036582";"136Â 325";"B01";"0";"7";"0";"0";"0";"0";"0";""
"202100036582";"136Â 326";"A01";"3";"7";"0";"2";"1";"15";"0";""
"202100036583";"136Â 323";"A01";"3";"10";"0";"2";"3";"15";"1";""
"202100036583";"136Â 324";"B01";"1";"7";"0";"2";"2";"1";"1";""
"202100036584";"136Â 319";"A01";"3";"7";"0";"2";"3";"1";"1";""
"202100036584";"136Â 320";"B01";"3";"7";"0";"1";"1";"1";"1";""
"202100036585";"136Â 317";"A01";"3";"7";"0";"2";"1";"1";"1";""
"202100036585";"136Â 318";"B01";"3";"33";"0";"2";"1";"9";"1";""
"202100036586";"136Â 315";"A01";"3";"10";"0";"2";"3";"15";"1";""
"202100036586";"136Â 316";"B01";"3";"7";"0";"2";"2";"1";"1";""
"202100036587";"136Â 313";"B01";"3";"50";"0";"2";"1";"1";"3";""
"202100036587";"136Â 314";"A01";"3";"7";"0";"2";"5";"16";"1";""
"202100036588";"136Â 311";"B01";"2";"7";"0";"2";"3";"1";"1";""
"202100036588";"136Â 312";"A01";"1";"7";"0";"0";"2";"1";"1";""
"202100036589";"136Â 309";"A01";"2";"7";"0";"2";"2";"15";"1";""
"202100036589";"136Â 310";"B01";"1";"31";"0";"2";"1";"1";"1";""
"202100036590";"136Â 307";"A01";"0";"50";"0";"2";"7";"19";"3";""
"202100036590";"136Â 308";"B01";"0";"10";"0";"2";"1";"1";"1";""
"202100036591";"136Â 304";"A01";"3";"7";"0";"1";"1";"15";"1";""
"202100036592";"136Â 297";"A01";"0";"7";"0";"2";"1";"9";"1";""
"202100036592";"136Â 298";"B01";"0";"2";"0";"0";"2";"1";"1";""
"202100036593";"136Â 295";"A01";"3";"15";"0";"2";"1";"1";"1";""
"202100036593";"136Â 296";"B01";"3";"7";"0";"2";"4";"1";"1";""
"202100036594";"136Â 293";"B01";"1";"1";"0";"9";"1";"25";"5";""
"202100036594";"136Â 294";"A01";"1";"50";"0";"2";"1";"25";"3";""
"202100036595";"136Â 291";"A01";"2";"2";"0";"2";"7";"15";"1";""
"202100036595";"136Â 292";"B01";"1";"7";"0";"2";"3";"1";"1";""
"202100036596";"136Â 289";"B01";"0";"7";"0";"2";"7";"1";"1";""
"202100036596";"136Â 290";"A01";"1";"7";"0";"2";"1";"19";"1";""
"202100036597";"136Â 286";"C01";"2";"50";"0";"0";"0";"1";"3";""
"202100036597";"136Â 287";"B01";"2";"50";"0";"2";"1";"1";"3";""
"202100036597";"136Â 288";"A01";"2";"7";"0";"2";"4";"20";"1";""
"202100036598";"136Â 285";"A01";"3";"7";"0";"1";"3";"1";"1";""
"202100036599";"136Â 283";"A01";"1";"7";"0";"2";"1";"15";"1";""
"202100036599";"136Â 284";"B01";"2";"1";"0";"2";"8";"19";"5";""
"202100036600";"136Â 281";"A01";"1";"1";"0";"2";"1";"13";"5";""
"202100036600";"136Â 282";"B01";"2";"1";"0";"2";"1";"13";"5";""
"202100036601";"136Â 279";"A01";"1";"32";"0";"2";"2";"21";"1";""
"202100036601";"136Â 280";"B01";"1";"7";"0";"2";"8";"15";"1";""
"202100036602";"136Â 278";"A01";"3";"7";"1";"0";"2";"1";"1";""
"202100036603";"136Â 277";"A01";"1";"10";"0";"1";"4";"26";"1";""
"202100036604";"136Â 275";"B01";"3";"33";"0";"2";"1";"1";"1";""
"202100036604";"136Â 276";"A01";"3";"7";"0";"2";"2";"15";"1";""
"202100036605";"136Â 274";"A01";"2";"7";"15";"0";"1";"13";"1";""
"202100036606";"136Â 272";"A01";"2";"7";"0";"2";"1";"1";"1";""
"202100036606";"136Â 273";"B01";"3";"7";"0";"2";"7";"19";"5";""
"202100036607";"136Â 270";"B01";"2";"31";"0";"2";"2";"1";"1";""
"202100036607";"136Â 271";"A01";"3";"7";"0";"2";"3";"9";"1";""
"202100036608";"136Â 269";"A01";"1";"7";"0";"9";"1";"26";"1";""
"202100036609";"136Â 267";"B01";"3";"7";"0";"2";"1";"26";"1";""
"202100036609";"136Â 268";"A01";"1";"1";"0";"2";"1";"26";"5";""
"202100036610";"136Â 266";"A01";"3";"7";"0";"1";"7";"26";"1";""
"202100036611";"136Â 265";"A01";"0";"2";"0";"0";"8";"26";"1";""
"202100036612";"136Â 263";"A01";"1";"10";"0";"2";"0";"9";"1";""
"202100036612";"136Â 264";"B01";"1";"80";"0";"2";"0";"1";"3";""
"202100036613";"136Â 261";"A01";"1";"7";"0";"2";"3";"15";"1";""
"202100036613";"136Â 262";"B01";"1";"33";"0";"2";"2";"17";"1";""
"202100036614";"136Â 260";"A01";"1";"7";"0";"1";"1";"15";"1";""
"202100036615";"136Â 258";"B01";"1";"1";"0";"2";"1";"1";"5";""
"202100036615";"136Â 259";"A01";"3";"7";"0";"2";"8";"9";"1";""
"202100036616";"136Â 257";"A01";"1";"1";"0";"0";"8";"1";"2";""
"202100036617";"136Â 255";"B01";"2";"33";"0";"2";"1";"1";"1";""
"202100036617";"136Â 256";"A01";"1";"10";"0";"2";"2";"15";"1";""
"202100036618";"136Â 254";"A01";"1";"7";"11";"0";"9";"26";"1";""
"202100036619";"136Â 252";"A01";"3";"7";"0";"2";"8";"15";"2";""
"202100036619";"136Â 253";"B01";"1";"33";"0";"2";"1";"17";"1";""
"202100036620";"136Â 251";"A01";"2";"32";"0";"0";"1";"12";"1";""
"202100036621";"136Â 250";"A01";"1";"7";"0";"1";"2";"1";"1";""
"202100036622";"136Â 248";"A01";"2";"13";"0";"2";"7";"12";"1";""
"202100036622";"136Â 249";"B01";"2";"7";"0";"2";"8";"1";"1";""
"202100036623";"136Â 246";"B01";"0";"7";"0";"2";"3";"1";"1";""
"202100036623";"136Â 247";"A01";"0";"7";"0";"2";"3";"9";"1";""
"202100036624";"136Â 244";"A01";"0";"7";"0";"2";"1";"1";"1";""
"202100036624";"136Â 245";"B01";"0";"31";"0";"2";"2";"1";"1";""
"202100036625";"136Â 243";"A01";"2";"7";"1";"0";"2";"14";"1";""
"202100036626";"136Â 239";"B01";"1";"7";"0";"2";"1";"2";"1";""
"202100036626";"136Â 240";"C01";"1";"7";"0";"2";"1";"0";"1";""
"202100036626";"136Â 241";"D01";"1";"7";"0";"2";"1";"2";"1";""
"202100036626";"136Â 242";"A01";"1";"7";"0";"2";"1";"1";"1";""
"202100036627";"136Â 237";"A01";"3";"7";"0";"2";"5";"15";"1";""
"202100036627";"136Â 238";"B01";"3";"7";"0";"2";"1";"1";"1";""
"202100036628";"136Â 236";"A01";"1";"7";"1";"0";"1";"14";"1";""
"202100036629";"136Â 234";"A01";"1";"7";"0";"2";"4";"20";"1";""
"202100036629";"136Â 235";"B01";"1";"2";"0";"2";"7";"1";"1";""
"202100036630";"136Â 232";"B01";"3";"7";"0";"2";"3";"16";"1";""
"202100036630";"136Â 233";"A01";"3";"7";"0";"2";"1";"1";"1";""
"202100036631";"136Â 230";"B01";"1";"7";"0";"2";"2";"2";"1";""
"202100036631";"136Â 231";"A01";"3";"30";"0";"2";"8";"19";"1";""
"202100036632";"136Â 228";"A01";"0";"32";"0";"2";"1";"3";"1";""
"202100036632";"136Â 229";"B01";"0";"7";"0";"2";"8";"15";"1";""
"202100036633";"136Â 227";"A01";"1";"7";"9";"0";"3";"14";"1";""
"202100036634";"136Â 225";"A01";"2";"7";"0";"2";"8";"19";"1";""
"202100036634";"136Â 226";"B01";"1";"7";"0";"2";"1";"1";"1";""
"202100036635";"136Â 224";"A01";"1";"7";"1";"0";"1";"1";"1";""
"202100036636";"136Â 222";"A01";"2";"7";"0";"9";"2";"1";"1";""
"202100036636";"136Â 223";"B01";"1";"1";"0";"2";"3";"1";"5";""
"202100036637";"136Â 221";"A01";"1";"2";"0";"0";"7";"16";"1";""
"202100036638";"136Â 219";"A01";"1";"7";"0";"2";"1";"2";"1";""
"202100036638";"136Â 220";"B01";"1";"43";"0";"2";"4";"2";"1";""
"202100036639";"136Â 218";"A01";"0";"30";"1";"0";"1";"5";"3";""
"202100036640";"136Â 216";"B01";"2";"34";"0";"2";"1";"1";"1";""
"202100036640";"136Â 217";"A01";"1";"7";"0";"2";"3";"19";"1";""
"202100036641";"136Â 213";"C01";"2";"7";"0";"2";"4";"2";"1";""
"202100036641";"136Â 214";"B01";"2";"10";"0";"2";"4";"1";"0";""
"202100036641";"136Â 215";"A01";"2";"7";"0";"2";"1";"2";"1";""
"202100036642";"136Â 211";"B01";"1";"7";"0";"2";"3";"1";"1";""
"202100036642";"136Â 212";"A01";"1";"17";"0";"2";"2";"12";"1";""
"202100036643";"136Â 209";"B01";"1";"32";"0";"2";"2";"17";"1";""
"202100036643";"136Â 210";"A01";"1";"7";"0";"2";"3";"10";"1";""
"202100036644";"136Â 207";"A01";"1";"7";"0";"2";"2";"5";"1";""
"202100036644";"136Â 208";"B01";"1";"50";"0";"2";"1";"1";"3";""
"202100036645";"136Â 206";"A01";"1";"80";"0";"1";"1";"1";"3";""
"202100036646";"136Â 204";"B01";"2";"30";"0";"2";"7";"1";"1";""
"202100036646";"136Â 205";"A01";"2";"7";"0";"2";"6";"10";"1";""
"202100036647";"136Â 202";"A01";"1";"7";"0";"2";"1";"1";"1";""
"202100036647";"136Â 203";"B01";"1";"32";"0";"2";"4";"11";"1";""
"202100036648";"136Â 200";"A01";"2";"31";"0";"2";"7";"17";"1";""
"202100036648";"136Â 201";"B01";"1";"50";"0";"2";"1";"1";"3";""
"202100036649";"136Â 199";"A01";"1";"50";"0";"1";"1";"1";"3";""
"202100036650";"136Â 198";"A01";"1";"7";"0";"1";"1";"16";"1";""
"202100036651";"136Â 196";"B01";"1";"34";"0";"2";"1";"17";"1";""
"202100036651";"136Â 197";"A01";"1";"7";"0";"2";"3";"10";"2";""
"202100036652";"136Â 195";"A01";"2";"34";"12";"0";"8";"17";"1";""
"202100036653";"136Â 193";"B01";"1";"1";"0";"2";"0";"9";"5";""
"202100036653";"136Â 194";"A01";"1";"7";"0";"2";"0";"9";"1";""
"202100036654";"136Â 192";"A01";"1";"80";"9";"0";"7";"14";"3";""
"202100036655";"136Â 191";"A01";"1";"50";"0";"0";"1";"26";"3";""
"202100036656";"136Â 189";"B01";"2";"30";"0";"2";"2";"1";"1";""
"202100036656";"136Â 190";"A01";"2";"7";"0";"2";"3";"20";"1";""
"202100036657";"136Â 188";"A01";"2";"99";"0";"1";"1";"5";"0";""
"202100036658";"136Â 186";"B01";"3";"99";"0";"2";"1";"2";"3";""
"202100036658";"136Â 187";"A01";"3";"7";"1";"0";"4";"23";"1";""
"202100036659";"136Â 184";"B01";"1";"7";"0";"1";"8";"2";"0";""
"202100036659";"136Â 185";"A01";"1";"33";"0";"1";"2";"2";"1";""
"202100036660";"136Â 183";"RA01";"2";"10";"0";"1";"1";"9";"1";""
"202100036661";"136Â 181";"B01";"3";"7";"0";"2";"2";"1";"1";""
"202100036661";"136Â 182";"A01";"3";"7";"14";"2";"1";"26";"1";""
"202100036662";"136Â 179";"A01";"1";"7";"0";"2";"3";"15";"1";""
"202100036662";"136Â 180";"B01";"1";"1";"0";"2";"1";"5";"5";""
"202100036663";"136Â 177";"B01";"1";"37";"0";"2";"3";"1";"1";"1"
"202100036663";"136Â 178";"A01";"1";"15";"0";"2";"5";"4";"1";""
"202100036664";"136Â 176";"A01";"2";"7";"0";"1";"5";"26";"1";""
"202100036665";"136Â 174";"B01";"2";"37";"0";"0";"0";"0";"2";"1"
"202100036665";"136Â 175";"A01";"2";"30";"0";"0";"6";"3";"1";""
"202100036666";"136Â 172";"A01";"0";"30";"0";"2";"1";"0";"0";""
"202100036666";"136Â 173";"B01";"0";"7";"0";"2";"1";"0";"0";""
"202100036667";"136Â 170";"B01";"1";"34";"0";"2";"2";"1";"1";""
"202100036667";"136Â 171";"A01";"1";"7";"0";"2";"3";"9";"1";""
"202100036668";"136Â 168";"B01";"0";"7";"0";"2";"8";"9";"1";""
"202100036668";"136Â 169";"A01";"1";"30";"0";"2";"1";"5";"1";""
"202100036669";"136Â 166";"A01";"1";"32";"0";"2";"8";"3";"1";""
"202100036669";"136Â 167";"B01";"1";"7";"0";"2";"5";"2";"1";""
"202100036670";"136Â 165";"A01";"2";"7";"0";"1";"2";"15";"1";""
"202100036671";"136Â 163";"B01";"1";"10";"0";"2";"8";"9";"1";""
"202100036671";"136Â 164";"A01";"2";"1";"0";"2";"1";"1";"6";""
"202100036672";"136Â 161";"A01";"1";"30";"0";"2";"1";"1";"1";""
"202100036672";"136Â 162";"B01";"2";"31";"0";"2";"3";"1";"1";""
"202100036673";"136Â 159";"A01";"1";"7";"0";"2";"5";"17";"0";""
"202100036673";"136Â 160";"B01";"2";"33";"0";"2";"1";"1";"1";""
"202100036674";"136Â 158";"A01";"1";"33";"0";"0";"0";"14";"1";""
"202100036675";"136Â 156";"B01";"3";"7";"0";"2";"1";"1";"1";""
"202100036675";"136Â 157";"A01";"3";"7";"0";"2";"3";"19";"1";""
"202100036676";"136Â 155";"A01";"1";"7";"0";"1";"2";"0";"1";""
"202100036677";"136Â 153";"A01";"1";"7";"0";"0";"5";"15";"1";""
"202100036677";"136Â 154";"B01";"2";"33";"0";"2";"1";"1";"1";""
"202100036678";"136Â 151";"A01";"1";"43";"0";"2";"1";"13";"1";""
"202100036678";"136Â 152";"B01";"2";"10";"0";"2";"1";"1";"1";""
"202100036679";"136Â 150";"A01";"2";"1";"0";"6";"8";"1";"5";""
"202100036680";"136Â 149";"A01";"0";"2";"15";"0";"2";"25";"3";""
"202100036681";"136Â 147";"B01";"1";"31";"0";"2";"1";"1";"1";""
"202100036681";"136Â 148";"A01";"2";"10";"0";"2";"1";"15";"1";""
"202100036682";"136Â 144";"C01";"1";"7";"0";"2";"1";"23";"1";""
"202100036682";"136Â 145";"B01";"1";"7";"0";"2";"1";"1";"0";""
"202100036682";"136Â 146";"A01";"2";"7";"0";"2";"1";"15";"1";""
"202100036683";"136Â 141";"C01";"2";"7";"0";"0";"0";"21";"1";""
"202100036683";"136Â 142";"B01";"1";"33";"0";"0";"0";"21";"1";""
"202100036683";"136Â 143";"A01";"2";"7";"0";"0";"0";"23";"0";""
"202100036684";"136Â 140";"A01";"2";"31";"12";"0";"0";"1";"1";""
"202100036685";"136Â 139";"A01";"1";"1";"0";"5";"8";"1";"5";""
"202100036686";"136Â 138";"A01";"3";"1";"0";"0";"0";"26";"5";""
"202100036687";"136Â 137";"A01";"1";"7";"6";"0";"1";"1";"1";""
"202100036688";"136Â 135";"A01";"2";"7";"0";"2";"1";"9";"1";""
"202100036688";"136Â 136";"B01";"2";"1";"0";"2";"1";"1";"5";""
"202100036689";"136Â 133";"B01";"1";"15";"0";"2";"1";"1";"1";""
"202100036689";"136Â 134";"A01";"2";"7";"0";"2";"7";"19";"1";""
"202100036690";"136Â 130";"A01";"1";"7";"2";"0";"8";"2";"1";""
"202100036691";"136Â 129";"A01";"1";"7";"2";"0";"1";"1";"1";""
"202100036692";"136Â 128";"A01";"1";"7";"13";"0";"2";"1";"1";""
"202100036693";"136Â 127";"A01";"0";"36";"0";"0";"0";"0";"1";""
"202100036694";"136Â 126";"A01";"2";"7";"2";"0";"2";"1";"1";""
"202100036695";"136Â 124";"A01";"3";"2";"0";"2";"1";"13";"1";""
"202100036695";"136Â 125";"B01";"3";"10";"0";"2";"3";"1";"1";""
"202100036696";"136Â 120";"A01";"2";"7";"11";"2";"3";"15";"1";""
"202100036696";"136Â 121";"B01";"1";"7";"11";"2";"8";"1";"1";""
"202100036697";"136Â 118";"A01";"1";"7";"0";"9";"2";"1";"1";""
"202100036697";"136Â 119";"B01";"3";"1";"0";"2";"1";"1";"0";""
"202100036698";"136Â 115";"A01";"2";"15";"3";"0";"2";"1";"1";""
"202100036699";"136Â 113";"B01";"3";"10";"0";"2";"6";"1";"1";""
"202100036699";"136Â 114";"A01";"3";"13";"0";"2";"3";"1";"0";""
"202100036700";"136Â 111";"B01";"1";"7";"0";"2";"3";"1";"1";""
"202100036700";"136Â 112";"A01";"2";"7";"0";"2";"3";"5";"1";""
"202100036701";"136Â 110";"A01";"1";"7";"2";"0";"1";"1";"1";""
"202100036702";"136Â 104";"C01";"2";"7";"0";"2";"3";"1";"1";""