"Num_Acc";"id_vehicule";"num_veh";"senc";"catv";"obs";"obsm";"choc";"manv";"motor";"occutc"
"202100036702";"136Â 105";"B01";"2";"7";"13";"2";"8";"1";"1";""
"202100036702";"136Â 106";"A01";"1";"7";"13";"2";"3";"13";"1";""
"202100036703";"136Â 103";"A01";"3";"2";"6";"0";"2";"1";"1";""
"202100036704";"136Â 101";"A01";"3";"31";"0";"2";"1";"19";"1";""
"202100036704";"136Â 102";"B01";"2";"7";"0";"2";"2";"1";"1";""
"202100036705";"136Â 100";"A01";"1";"33";"16";"0";"0";"1";"1";""
"202100036706";"136Â 099";"A01";"2";"33";"12";"0";"1";"16";"1";""
"202100036707";"136Â 097";"B01";"3";"33";"0";"2";"1";"23";"1";""
"202100036707";"136Â 098";"A01";"3";"15";"0";"2";"4";"4";"1";""
"202100036708";"136Â 096";"A01";"1";"2";"0";"0";"1";"1";"1";""
"202100036709";"136Â 094";"B01";"1";"10";"0";"2";"4";"1";"1";""
"202100036709";"136Â 095";"A01";"1";"7";"0";"2";"1";"12";"1";""
"202100036710";"136Â 092";"B01";"1";"80";"0";"2";"7";"1";"3";""
"202100036710";"136Â 093";"A01";"1";"7";"0";"2";"8";"9";"1";""
"202100036711";"136Â 090";"B01";"0";"1";"0";"2";"1";"0";"5";""
"202100036711";"136Â 091";"A01";"0";"7";"0";"1";"3";"26";"1";""
"202100036712";"136Â 088";"B01";"2";"33";"0";"2";"1";"1";"1";""
"202100036712";"136Â 089";"A01";"1";"7";"0";"2";"2";"15";"1";""
"202100036713";"136Â 087";"A01";"3";"10";"0";"1";"2";"1";"1";""
"202100036714";"136Â 086";"A01";"3";"7";"0";"1";"4";"4";"1";""
"202100036715";"136Â 084";"A01";"2";"33";"0";"2";"1";"17";"1";""
"202100036715";"136Â 085";"B01";"1";"17";"0";"2";"3";"1";"1";""
"202100036716";"136Â 082";"B01";"1";"7";"0";"0";"4";"2";"1";""
"202100036716";"136Â 083";"A01";"1";"7";"0";"2";"1";"2";"1";""
"202100036717";"136Â 080";"B01";"0";"33";"0";"0";"2";"1";"1";""
"202100036717";"136Â 081";"A01";"0";"7";"0";"0";"3";"15";"0";""
"202100036718";"136Â 076";"B01";"0";"1";"0";"0";"8";"19";"5";""
"202100036718";"136Â 077";"A01";"3";"7";"0";"2";"1";"1";"1";""
"202100036719";"136Â 075";"A01";"1";"33";"0";"6";"2";"1";"1";""
"202100036720";"136Â 073";"B01";"0";"50";"0";"2";"4";"1";"3";""
"202100036720";"136Â 074";"A01";"0";"7";"0";"2";"1";"2";"1";""
"202100036721";"136Â 072";"A01";"1";"7";"1";"0";"1";"14";"1";""
"202100036722";"136Â 071";"A01";"3";"7";"6";"0";"1";"15";"1";""
"202100036723";"136Â 069";"B01";"1";"7";"0";"2";"1";"1";"1";""
"202100036723";"136Â 070";"A01";"2";"7";"0";"2";"1";"1";"1";""
"202100036724";"136Â 068";"A01";"1";"33";"2";"6";"1";"15";"1";""
"202100036725";"136Â 066";"B01";"2";"43";"0";"2";"1";"1";"1";""
"202100036725";"136Â 067";"A01";"1";"7";"0";"2";"2";"15";"1";""
"202100036726";"136Â 063";"A01";"1";"33";"0";"2";"1";"17";"1";""
"202100036726";"136Â 064";"B01";"2";"7";"0";"2";"3";"21";"1";""
"202100036726";"136Â 065";"C01";"1";"17";"0";"2";"6";"1";"1";""
"202100036727";"136Â 061";"A01";"1";"7";"0";"2";"2";"15";"1";""
"202100036727";"136Â 062";"B01";"2";"7";"0";"2";"1";"1";"1";""
"202100036728";"136Â 059";"B01";"2";"7";"0";"2";"1";"1";"1";""
"202100036728";"136Â 060";"A01";"1";"7";"0";"2";"1";"13";"1";""
"202100036729";"136Â 058";"A01";"1";"7";"13";"0";"2";"15";"1";""
"202100036730";"136Â 056";"B01";"1";"7";"0";"2";"1";"1";"1";""
"202100036730";"136Â 057";"A01";"2";"7";"0";"2";"1";"5";"1";""
"202100036731";"136Â 054";"B01";"1";"7";"0";"2";"3";"9";"1";""
"202100036731";"136Â 055";"A01";"2";"33";"0";"2";"7";"1";"1";""
"202100036732";"136Â 053";"A01";"2";"10";"6";"0";"1";"1";"1";""
"202100036733";"136Â 051";"B01";"2";"7";"0";"2";"7";"1";"1";""
"202100036733";"136Â 052";"A01";"3";"10";"0";"2";"2";"9";"1";""
"202100036734";"136Â 048";"A01";"1";"7";"0";"2";"1";"1";"1";""
"202100036734";"136Â 049";"C01";"1";"7";"0";"2";"1";"1";"1";""
"202100036734";"136Â 050";"B01";"1";"7";"0";"2";"3";"1";"1";""
"202100036735";"136Â 043";"A01";"1";"10";"0";"2";"4";"2";"1";""
"202100036735";"136Â 044";"B01";"1";"10";"0";"2";"1";"2";"1";""
"202100036735";"136Â 045";"C01";"1";"10";"0";"2";"1";"1";"1";""
"202100036735";"136Â 046";"E01";"1";"10";"0";"2";"1";"1";"1";""
"202100036735";"136Â 047";"D01";"1";"10";"0";"2";"1";"1";"1";""
"202100036736";"136Â 041";"A01";"1";"33";"0";"2";"1";"1";"1";""
"202100036736";"136Â 042";"B01";"1";"10";"0";"9";"5";"1";"1";""
"202100036737";"136Â 038";"A01";"2";"17";"0";"2";"2";"14";"1";""
"202100036737";"136Â 039";"C01";"2";"7";"0";"2";"3";"11";"1";""
"202100036737";"136Â 040";"B01";"2";"7";"0";"2";"4";"1";"1";""
"202100036738";"136Â 036";"B01";"1";"7";"0";"2";"5";"2";"1";""
"202100036738";"136Â 037";"A01";"1";"7";"0";"2";"1";"2";"1";""
"202100036739";"136Â 034";"A01";"1";"33";"0";"2";"1";"12";"1";""
"202100036739";"136Â 035";"B01";"1";"10";"0";"2";"4";"1";"1";""
"202100036740";"136Â 033";"A01";"2";"7";"3";"0";"1";"1";"0";""
"202100036741";"136Â 031";"A01";"2";"7";"0";"2";"1";"1";"1";""
"202100036741";"136Â 032";"B01";"2";"10";"0";"2";"6";"2";"1";""
"202100036742";"136Â 029";"B01";"2";"7";"0";"2";"8";"11";"1";""
"202100036742";"136Â 030";"A01";"2";"15";"0";"2";"2";"1";"1";""
"202100036743";"136Â 027";"B01";"2";"7";"0";"2";"4";"2";"1";""
"202100036743";"136Â 028";"A01";"2";"33";"0";"2";"1";"3";"1";""
"202100036744";"136Â 024";"C01";"1";"7";"0";"2";"6";"1";"1";""
"202100036744";"136Â 025";"B01";"1";"7";"0";"2";"5";"12";"1";""
"202100036744";"136Â 026";"A01";"1";"33";"0";"2";"1";"3";"1";""
"202100036745";"136Â 022";"A01";"2";"7";"0";"2";"6";"1";"1";""
"202100036745";"136Â 023";"B01";"2";"34";"0";"2";"1";"2";"1";""
"202100036746";"136Â 021";"A01";"3";"37";"0";"1";"2";"1";"1";"1"
"202100036747";"136Â 020";"A01";"3";"7";"0";"1";"0";"26";"1";""
"202100036748";"136Â 016";"B01";"2";"7";"0";"2";"8";"19";"1";""
"202100036748";"136Â 017";"A01";"2";"30";"0";"2";"1";"19";"1";""
"202100036749";"136Â 015";"A01";"2";"7";"0";"1";"1";"17";"1";""
"202100036750";"136Â 014";"A01";"2";"7";"0";"1";"1";"1";"1";""
"202100036751";"136Â 012";"B01";"1";"14";"0";"2";"7";"1";"1";""
"202100036751";"136Â 013";"A01";"1";"7";"8";"2";"1";"1";"1";""
"202100036752";"136Â 010";"A01";"2";"7";"0";"2";"1";"1";"1";""
"202100036752";"136Â 011";"B01";"2";"7";"0";"2";"4";"23";"1";""
"202100036753";"136Â 008";"A01";"2";"7";"0";"2";"6";"11";"1";""
"202100036753";"136Â 009";"B01";"2";"7";"0";"2";"2";"1";"1";""
"202100036754";"136Â 006";"A01";"2";"7";"0";"2";"3";"15";"1";""
"202100036754";"136Â 007";"B01";"2";"32";"0";"2";"1";"1";"1";""
"202100036755";"136Â 004";"B01";"2";"50";"0";"2";"8";"1";"3";""
"202100036755";"136Â 005";"Z01";"2";"10";"0";"9";"2";"14";"0";""
"202100036756";"136Â 002";"A01";"2";"7";"0";"2";"2";"13";"1";""
"202100036756";"136Â 003";"B01";"1";"7";"0";"2";"2";"23";"1";""
"202100036757";"136Â 000";"B01";"2";"7";"0";"2";"2";"16";"1";""
"202100036757";"136Â 001";"A01";"2";"33";"0";"2";"1";"7";"1";""
"202100036758";"135Â 999";"A01";"1";"32";"9";"0";"7";"12";"1";""
"202100036759";"135Â 997";"A01";"1";"7";"0";"2";"7";"2";"0";""
"202100036759";"135Â 998";"B01";"1";"34";"0";"2";"8";"2";"1";""
"202100036760";"135Â 996";"A01";"3";"7";"0";"1";"0";"20";"1";""
"202100036761";"135Â 994";"B01";"2";"33";"0";"2";"8";"1";"1";""
"202100036761";"135Â 995";"A01";"2";"7";"0";"2";"2";"15";"1";""
"202100036762";"135Â 992";"A01";"1";"37";"0";"0";"4";"23";"0";"1"
"202100036762";"135Â 993";"B01";"1";"10";"0";"2";"1";"1";"0";""
"202100036763";"135Â 991";"A01";"2";"1";"0";"0";"1";"1";"5";""
"202100036764";"135Â 989";"B01";"1";"7";"0";"2";"6";"2";"1";""
"202100036764";"135Â 990";"A01";"1";"7";"0";"2";"3";"13";"1";""
"202100036765";"135Â 988";"A01";"1";"10";"0";"1";"6";"20";"1";""
"202100036766";"135Â 987";"A01";"1";"7";"0";"1";"3";"26";"1";""
"202100036767";"135Â 986";"A01";"1";"7";"0";"2";"2";"1";"1";""
"202100036768";"135Â 984";"A01";"3";"7";"0";"9";"0";"0";"1";""
"202100036768";"135Â 985";"B01";"3";"1";"0";"2";"0";"0";"0";""
"202100036769";"135Â 983";"A01";"1";"33";"0";"0";"8";"1";"1";""
"202100036770";"135Â 981";"B01";"2";"1";"0";"2";"0";"19";"5";""
"202100036770";"135Â 982";"A01";"2";"7";"0";"9";"1";"1";"1";""
"202100036771";"135Â 979";"B01";"3";"7";"0";"2";"2";"0";"0";""
"202100036771";"135Â 980";"A01";"3";"30";"0";"2";"2";"11";"0";""
"202100036772";"135Â 975";"B01";"1";"7";"0";"2";"2";"1";"1";""
"202100036772";"135Â 976";"A01";"3";"7";"0";"2";"3";"5";"2";""
"202100036773";"135Â 974";"A01";"0";"7";"0";"2";"1";"1";"1";""
"202100036774";"135Â 973";"B01";"1";"7";"0";"1";"1";"19";"1";""
"202100036775";"135Â 972";"A01";"1";"7";"0";"1";"8";"15";"1";""
"202100036776";"135Â 971";"A01";"1";"40";"0";"1";"3";"1";"3";""
"202100036777";"135Â 970";"A01";"2";"7";"0";"1";"3";"1";"1";""
"202100036778";"135Â 969";"A01";"1";"7";"0";"1";"2";"1";"1";""
"202100036779";"135Â 967";"B01";"3";"10";"0";"2";"6";"2";"1";""
"202100036779";"135Â 968";"A01";"3";"30";"0";"2";"1";"2";"1";""
"202100036780";"135Â 964";"C01";"1";"10";"0";"2";"4";"1";"1";""
"202100036780";"135Â 965";"B01";"1";"7";"0";"2";"9";"1";"1";""
"202100036780";"135Â 966";"A01";"1";"7";"0";"2";"1";"1";"1";""
"202100036781";"135Â 962";"B01";"3";"7";"0";"2";"5";"2";"1";""
"202100036781";"135Â 963";"A01";"3";"30";"0";"2";"1";"2";"1";""
"202100036782";"135Â 960";"A01";"0";"33";"0";"2";"7";"9";"1";""
"202100036782";"135Â 961";"B01";"0";"7";"0";"2";"2";"1";"1";""
"202100036783";"135Â 958";"B01";"3";"1";"0";"2";"4";"1";"5";""
"202100036783";"135Â 959";"A01";"3";"7";"0";"2";"3";"9";"1";""
"202100036784";"135Â 957";"A01";"2";"2";"12";"0";"2";"21";"1";""
"202100036785";"135Â 956";"A01";"1";"7";"0";"1";"1";"26";"1";""
"202100036786";"135Â 954";"A01";"1";"33";"0";"2";"2";"17";"1";""
"202100036786";"135Â 955";"B01";"1";"7";"0";"2";"1";"26";"1";""
"202100036787";"135Â 952";"A01";"1";"7";"0";"2";"1";"1";"1";""
"202100036787";"135Â 953";"B01";"0";"7";"0";"2";"4";"1";"1";""
"202100036788";"135Â 950";"A01";"0";"10";"0";"2";"1";"20";"1";""
"202100036788";"135Â 951";"B01";"0";"33";"1";"2";"1";"0";"1";""
"202100036789";"135Â 948";"B01";"1";"1";"0";"2";"1";"1";"5";""
"202100036789";"135Â 949";"A01";"2";"7";"0";"2";"1";"15";"1";""
"202100036790";"135Â 946";"A01";"1";"7";"0";"2";"3";"15";"1";""
"202100036790";"135Â 947";"B01";"2";"33";"0";"2";"1";"1";"1";""
"202100036791";"135Â 944";"A01";"1";"30";"0";"2";"7";"1";"1";""
"202100036791";"135Â 945";"B01";"2";"7";"0";"2";"1";"1";"1";""
"202100036792";"135Â 942";"A01";"1";"2";"0";"2";"1";"17";"1";""
"202100036792";"135Â 943";"B01";"1";"7";"0";"2";"8";"15";"1";""
"202100036793";"135Â 940";"B01";"1";"1";"0";"2";"7";"1";"5";""
"202100036793";"135Â 941";"A01";"1";"7";"0";"9";"1";"26";"1";""
"202100036794";"135Â 938";"B01";"1";"50";"0";"2";"1";"1";"3";""
"202100036794";"135Â 939";"A01";"3";"7";"0";"2";"3";"9";"1";""
"202100036795";"135Â 937";"A01";"3";"2";"0";"0";"2";"26";"1";""
"202100036796";"135Â 935";"A01";"1";"7";"0";"2";"3";"11";"1";""
"202100036796";"135Â 936";"B01";"1";"33";"0";"2";"7";"0";"1";""
"202100036797";"135Â 934";"A01";"3";"7";"0";"1";"2";"1";"2";""
"202100036798";"135Â 932";"A01";"2";"33";"0";"2";"1";"1";"1";""
"202100036798";"135Â 933";"B01";"2";"7";"0";"2";"6";"1";"1";""
"202100036799";"135Â 930";"A01";"2";"33";"0";"2";"1";"1";"1";""
"202100036799";"135Â 931";"B01";"1";"7";"0";"2";"1";"15";"1";""
"202100036800";"135Â 927";"A01";"3";"30";"0";"1";"0";"0";"1";""
"202100036801";"135Â 925";"A01";"1";"50";"14";"0";"1";"1";"3";""
"202100036802";"135Â 923";"B01";"3";"30";"0";"2";"1";"1";"1";""
"202100036802";"135Â 924";"A01";"3";"30";"0";"2";"1";"13";"1";""
"202100036803";"135Â 921";"B01";"1";"33";"0";"2";"1";"1";"1";""
"202100036803";"135Â 922";"A01";"2";"10";"0";"2";"7";"15";"1";""
"202100036804";"135Â 920";"A01";"0";"7";"0";"1";"2";"26";"1";""
"202100036805";"135Â 918";"B01";"1";"32";"0";"2";"2";"17";"1";""
"202100036805";"135Â 919";"A01";"1";"7";"0";"2";"8";"15";"1";""
"202100036806";"135Â 916";"A01";"2";"33";"0";"2";"4";"23";"1";""
"202100036806";"135Â 917";"B01";"2";"10";"0";"2";"1";"2";"1";""
"202100036807";"135Â 914";"B01";"1";"1";"0";"2";"1";"1";"5";""
"202100036807";"135Â 915";"A01";"2";"7";"0";"9";"1";"9";"1";""
"202100036808";"135Â 912";"B01";"1";"7";"0";"2";"4";"4";"1";""
"202100036808";"135Â 913";"A01";"1";"7";"0";"2";"1";"1";"1";""
"202100036809";"135Â 910";"B01";"2";"31";"0";"0";"5";"12";"1";""
"202100036809";"135Â 911";"A01";"1";"7";"0";"2";"2";"9";"1";""
"202100036810";"135Â 907";"C01";"3";"7";"0";"2";"1";"1";"1";""
"202100036810";"135Â 908";"B01";"3";"7";"0";"2";"6";"23";"1";""
"202100036810";"135Â 909";"A01";"3";"7";"0";"2";"1";"17";"1";""
"202100036811";"135Â 905";"B01";"2";"1";"0";"2";"4";"1";"5";""
"202100036811";"135Â 906";"A01";"2";"7";"0";"9";"3";"1";"1";""
"202100036812";"135Â 903";"B01";"0";"50";"0";"2";"1";"1";"3";""
"202100036812";"135Â 904";"A01";"3";"7";"0";"2";"3";"15";"1";""
"202100036813";"135Â 901";"A01";"2";"7";"0";"2";"2";"1";"3";""
"202100036813";"135Â 902";"B01";"2";"1";"0";"2";"1";"19";"5";""
"202100036814";"135Â 900";"A01";"1";"7";"0";"1";"1";"1";"1";""
"202100036815";"135Â 896";"B01";"1";"7";"0";"2";"1";"1";"1";""
"202100036815";"135Â 897";"A01";"1";"7";"0";"2";"3";"15";"1";""
"202100036816";"135Â 894";"B01";"2";"7";"0";"2";"8";"1";"1";""
"202100036816";"135Â 895";"A01";"1";"7";"0";"2";"6";"1";"1";""
"202100036817";"135Â 891";"A01";"2";"7";"0";"2";"1";"21";"1";""
"202100036817";"135Â 892";"B01";"2";"7";"0";"2";"0";"19";"1";""
"202100036817";"135Â 893";"C01";"1";"7";"0";"2";"4";"15";"0";""
"202100036818";"135Â 889";"A01";"1";"7";"0";"2";"3";"17";"1";""
"202100036818";"135Â 890";"B01";"2";"33";"0";"2";"8";"15";"1";""
"202100036819";"135Â 887";"Z01";"0";"7";"0";"2";"0";"1";"0";""
"202100036819";"135Â 888";"A01";"2";"32";"0";"2";"0";"1";"1";""
"202100036820";"135Â 885";"A01";"1";"7";"0";"2";"1";"2";"1";""
"202100036820";"135Â 886";"B01";"1";"7";"0";"2";"4";"2";"1";""
"202100036821";"135Â 883";"B01";"3";"7";"0";"0";"2";"9";"1";""
"202100036821";"135Â 884";"A01";"3";"31";"0";"0";"6";"9";"1";""
"202100036822";"135Â 881";"A01";"1";"7";"0";"2";"1";"9";"1";""
"202100036822";"135Â 882";"B01";"2";"1";"0";"2";"7";"26";"5";""
"202100036823";"135Â 879";"A01";"3";"7";"0";"2";"8";"24";"1";""
"202100036823";"135Â 880";"B01";"3";"1";"1";"2";"1";"1";"5";""
"202100036824";"135Â 878";"A01";"3";"1";"0";"0";"1";"1";"5";""
"202100036825";"135Â 877";"A01";"1";"7";"0";"1";"1";"1";"1";""
"202100036826";"135Â 875";"B01";"3";"34";"0";"2";"8";"0";"1";""
"202100036826";"135Â 876";"A01";"3";"7";"0";"2";"5";"16";"1";""
"202100036827";"135Â 873";"B01";"1";"7";"0";"2";"6";"2";"2";""
"202100036827";"135Â 874";"A01";"1";"7";"0";"2";"2";"2";"1";""
"202100036828";"135Â 872";"A01";"2";"7";"0";"2";"2";"21";"1";""
"202100036829";"135Â 869";"A01";"1";"31";"0";"2";"8";"3";"1";""
"202100036829";"135Â 870";"B01";"1";"7";"0";"2";"7";"1";"1";""
"202100036829";"135Â 871";"C01";"1";"31";"0";"2";"1";"3";"1";""
"202100036830";"135Â 866";"B01";"1";"7";"0";"2";"5";"2";"1";""
"202100036830";"135Â 867";"C01";"1";"10";"0";"2";"6";"2";"1";""
"202100036830";"135Â 868";"A01";"1";"33";"0";"2";"1";"3";"1";""
"202100036831";"135Â 864";"A01";"1";"10";"0";"2";"4";"20";"1";""
"202100036831";"135Â 865";"B01";"1";"1";"0";"2";"1";"1";"5";""
"202100036832";"135Â 862";"A01";"2";"33";"0";"2";"1";"18";"1";""
"202100036832";"135Â 863";"B01";"2";"7";"0";"2";"5";"16";"1";""
"202100036833";"135Â 860";"B01";"2";"43";"0";"2";"2";"3";"1";""
"202100036833";"135Â 861";"A01";"1";"7";"0";"2";"3";"9";"1";""
"202100036834";"135Â 858";"A01";"1";"32";"0";"2";"1";"1";"1";""
"202100036834";"135Â 859";"B01";"1";"7";"0";"2";"2";"9";"1";""
"202100036835";"135Â 856";"B01";"2";"1";"0";"2";"3";"1";"5";""
"202100036835";"135Â 857";"A01";"2";"7";"0";"2";"2";"14";"1";""
"202100036836";"135Â 854";"A01";"3";"7";"0";"2";"2";"12";"1";""
"202100036836";"135Â 855";"B01";"3";"1";"0";"2";"3";"1";"5";""
"202100036837";"135Â 852";"A01";"1";"1";"0";"2";"8";"19";"5";""
"202100036837";"135Â 853";"B01";"1";"2";"0";"2";"1";"1";"1";""
"202100036838";"135Â 850";"A01";"2";"10";"0";"2";"8";"22";"1";""
"202100036838";"135Â 851";"B01";"2";"1";"0";"2";"7";"17";"5";""
"202100036839";"135Â 848";"A01";"1";"32";"0";"2";"1";"1";"1";""
"202100036839";"135Â 849";"Z01";"1";"7";"0";"2";"2";"1";"1";""
"202100036840";"135Â 847";"A01";"2";"30";"0";"1";"1";"1";"1";""
"202100036841";"135Â 846";"A01";"2";"50";"0";"1";"1";"1";"3";""
"202100036842";"135Â 844";"B01";"1";"80";"0";"2";"2";"1";"3";""
"202100036842";"135Â 845";"A01";"1";"10";"0";"2";"3";"22";"1";""
"202100036843";"135Â 842";"A01";"1";"1";"0";"2";"3";"2";"5";""
"202100036843";"135Â 843";"B01";"1";"1";"0";"2";"4";"1";"5";""
"202100036844";"135Â 840";"B01";"2";"33";"0";"2";"8";"1";"1";""
"202100036844";"135Â 841";"A01";"1";"10";"0";"2";"1";"15";"1";""
"202100036845";"135Â 838";"A01";"2";"50";"0";"2";"1";"17";"3";""
"202100036845";"135Â 839";"Z01";"2";"10";"0";"0";"8";"22";"6";""
"202100036846";"135Â 836";"A01";"1";"32";"0";"2";"0";"1";"0";""
"202100036846";"135Â 837";"B01";"1";"7";"0";"0";"0";"11";"1";""
"202100036847";"135Â 834";"B01";"1";"7";"0";"2";"1";"1";"1";""
"202100036847";"135Â 835";"A01";"1";"7";"0";"2";"1";"1";"1";""
"202100036848";"135Â 830";"A01";"1";"7";"0";"2";"9";"26";"1";""
"202100036848";"135Â 831";"D01";"1";"2";"0";"2";"9";"0";"1";""
"202100036848";"135Â 832";"C01";"1";"7";"0";"2";"4";"26";"1";""
"202100036848";"135Â 833";"B01";"1";"7";"0";"2";"1";"0";"1";""
"202100036849";"135Â 828";"A01";"1";"43";"0";"2";"2";"17";"1";""
"202100036849";"135Â 829";"B01";"1";"7";"0";"2";"8";"13";"1";""
"202100036850";"135Â 826";"A01";"1";"7";"0";"2";"2";"19";"1";""
"202100036850";"135Â 827";"B01";"1";"31";"0";"2";"1";"1";"1";""
"202100036851";"135Â 824";"A01";"1";"32";"0";"2";"1";"3";"1";""
"202100036851";"135Â 825";"B01";"2";"7";"0";"2";"3";"15";"1";""
"202100036852";"135Â 823";"A01";"0";"7";"12";"0";"3";"1";"1";""
"202100036853";"135Â 822";"A01";"2";"10";"0";"1";"8";"22";"1";""
"202100036854";"135Â 821";"A01";"2";"7";"0";"1";"2";"26";"1";""
"202100036855";"135Â 820";"A01";"1";"7";"0";"1";"0";"1";"1";""
"202100036856";"135Â 817";"C01";"1";"7";"0";"9";"8";"1";"1";""
"202100036856";"135Â 818";"A01";"2";"50";"0";"2";"1";"19";"3";""
"202100036856";"135Â 819";"B01";"2";"50";"0";"2";"1";"19";"3";""
"202100036857";"135Â 815";"A01";"1";"7";"0";"2";"1";"26";"1";""
"202100036857";"135Â 816";"B01";"2";"50";"0";"2";"1";"9";"3";""
"202100036858";"135Â 814";"A01";"1";"7";"0";"1";"4";"4";"0";""
"202100036859";"135Â 812";"B01";"2";"7";"0";"2";"2";"1";"1";""
"202100036859";"135Â 813";"A01";"2";"7";"0";"2";"3";"9";"1";""
"202100036860";"135Â 809";"C01";"1";"7";"0";"0";"0";"0";"1";""
"202100036860";"135Â 810";"B01";"1";"20";"0";"0";"8";"22";"0";""
"202100036860";"135Â 811";"A01";"1";"30";"1";"0";"2";"2";"1";""
"202100036861";"135Â 808";"A01";"3";"7";"0";"1";"2";"21";"1";""
"202100036862";"135Â 806";"B01";"3";"32";"0";"2";"2";"1";"1";""
"202100036862";"135Â 807";"Z01";"0";"10";"0";"2";"5";"10";"1";""
"202100036863";"135Â 804";"A01";"1";"7";"0";"2";"3";"23";"1";""
"202100036863";"135Â 805";"B01";"1";"1";"0";"2";"2";"20";"5";""
"202100036864";"135Â 802";"B01";"2";"7";"0";"2";"4";"1";"1";""
"202100036864";"135Â 803";"A01";"2";"3";"0";"2";"1";"1";"0";""
"202100036865";"135Â 801";"A01";"0";"7";"0";"1";"1";"12";"1";""
"202100036866";"135Â 800";"A01";"1";"7";"0";"1";"4";"20";"0";""
"202100036867";"135Â 799";"A01";"2";"1";"0";"1";"1";"1";"5";""
"202100036868";"135Â 798";"A01";"3";"1";"0";"1";"1";"26";"5";""
"202100036869";"135Â 797";"A01";"1";"34";"0";"1";"2";"0";"1";""
"202100036870";"135Â 795";"Z01";"1";"7";"0";"2";"2";"15";"0";""
"202100036870";"135Â 796";"A01";"2";"1";"0";"2";"6";"1";"5";""
"202100036871";"135Â 793";"B01";"2";"10";"0";"2";"1";"1";"1";""
"202100036871";"135Â 794";"A01";"3";"50";"0";"2";"7";"19";"3";""
"202100036872";"135Â 791";"B01";"1";"7";"0";"2";"5";"15";"1";""
"202100036872";"135Â 792";"A01";"1";"7";"0";"2";"3";"1";"1";""
"202100036873";"135Â 789";"B01";"0";"30";"0";"2";"3";"9";"1";""
"202100036873";"135Â 790";"A01";"2";"1";"0";"2";"5";"1";"5";""
"202100036874";"135Â 785";"Z01";"2";"7";"0";"2";"7";"14";"0";""
"202100036874";"135Â 786";"B01";"2";"32";"0";"2";"1";"3";"1";""
"202100036874";"135Â 787";"C01";"2";"7";"0";"2";"4";"1";"1";""
"202100036874";"135Â 788";"D01";"2";"7";"0";"2";"5";"1";"1";""
"202100036875";"135Â 783";"B01";"1";"7";"0";"2";"8";"13";"0";""
"202100036875";"135Â 784";"A01";"2";"2";"0";"2";"3";"14";"1";""
"202100036876";"135Â 780";"A01";"2";"7";"0";"2";"1";"13";"1";""
"202100036876";"135Â 781";"C01";"1";"7";"6";"0";"3";"1";"1";""
"202100036876";"135Â 782";"B01";"2";"7";"13";"0";"6";"1";"1";""
"202100036877";"135Â 779";"A01";"1";"7";"7";"0";"9";"0";"1";""
"202100036878";"135Â 778";"A01";"2";"7";"2";"0";"3";"13";"1";""
"202100036879";"135Â 777";"A01";"1";"7";"3";"0";"3";"1";"1";""
"202100036880";"135Â 775";"A01";"0";"7";"0";"9";"3";"1";"0";""
"202100036880";"135Â 776";"B01";"3";"1";"0";"2";"8";"1";"0";""
"202100036881";"135Â 773";"A01";"2";"7";"0";"2";"1";"1";"1";""
"202100036881";"135Â 774";"B01";"2";"7";"0";"2";"3";"0";"1";""
"202100036882";"135Â 772";"A01";"2";"7";"13";"0";"4";"1";"1";""
"202100036883";"135Â 771";"A01";"1";"10";"13";"0";"2";"14";"1";""
"202100036884";"135Â 769";"A01";"1";"7";"0";"2";"1";"5";"1";""
"202100036884";"135Â 770";"B01";"2";"7";"0";"2";"1";"1";"1";""
"202100036885";"135Â 767";"B01";"3";"21";"0";"2";"8";"19";"6";""
"202100036885";"135Â 768";"A01";"2";"10";"0";"2";"1";"1";"1";""
"202100036886";"135Â 766";"A01";"1";"33";"2";"0";"7";"1";"1";""
"202100036887";"135Â 764";"A01";"1";"7";"0";"2";"1";"19";"1";""
"202100036887";"135Â 765";"B01";"1";"1";"0";"2";"8";"1";"5";""
"202100036888";"135Â 763";"A01";"2";"33";"0";"0";"0";"1";"1";""
"202100036889";"135Â 760";"C01";"2";"7";"0";"0";"6";"1";"1";""
"202100036889";"135Â 761";"B01";"2";"33";"0";"0";"4";"1";"1";""
"202100036889";"135Â 762";"A01";"2";"7";"0";"2";"1";"2";"1";""
"202100036890";"135Â 758";"A01";"1";"10";"0";"2";"1";"1";"1";""
"202100036890";"135Â 759";"B01";"2";"7";"0";"0";"7";"1";"1";""
"202100036891";"135Â 756";"B01";"1";"10";"0";"2";"3";"1";"1";""
"202100036891";"135Â 757";"A01";"1";"2";"0";"2";"7";"1";"1";""
"202100036892";"135Â 754";"B01";"1";"7";"0";"0";"3";"1";"1";""
"202100036892";"135Â 755";"A01";"2";"7";"0";"2";"1";"15";"1";""
"202100036893";"135Â 753";"A01";"1";"33";"14";"0";"9";"1";"1";""
"202100036894";"135Â 752";"A01";"0";"7";"6";"0";"1";"1";"1";""
"202100036895";"135Â 750";"B01";"3";"7";"0";"2";"3";"15";"1";""
"202100036895";"135Â 751";"A01";" -1";"33";"0";"2";"1";"1";"1";""
"202100036896";"135Â 749";"A01";"0";"2";"6";"0";"1";"0";"0";""
"202100036897";"135Â 747";"B01";"3";"7";"0";"2";"3";"1";"1";""