"Num_Acc";"id_vehicule";"num_veh";"senc";"catv";"obs";"obsm";"choc";"manv";"motor";"occutc"
"202100036897";"135Â 748";"A01";"3";"2";"0";"2";"8";"19";"1";""
"202100036898";"135Â 745";"A01";"2";"7";"0";"9";"2";"17";"1";""
"202100036898";"135Â 746";"B01";"2";"60";"0";"2";"0";"15";"5";""
"202100036899";"135Â 744";"A01";"3";"1";"14";"0";"0";"1";"5";""
"202100036900";"135Â 743";"A01";"1";"7";"0";"1";"2";"1";"1";""
"202100036901";"135Â 741";"A01";"1";"30";"0";"2";"1";"5";"1";""
"202100036901";"135Â 742";"B01";"2";"7";"0";"2";"1";"1";"1";""
"202100036902";"135Â 740";"A01";"1";"7";"6";"0";"1";"0";"1";""
"202100036903";"135Â 738";"A01";"1";"7";"0";"2";"3";"15";"1";""
"202100036903";"135Â 739";"B01";"1";"33";"0";"2";"2";"17";"1";""
"202100036904";"135Â 736";"B01";"0";"7";"0";"0";"0";"26";"1";""
"202100036904";"135Â 737";"A01";"0";"7";"15";"0";"1";"21";"1";""
"202100036905";"135Â 734";"A01";"2";"33";"0";"2";"1";"1";"1";""
"202100036905";"135Â 735";"B01";"2";"14";"0";"2";"3";"20";"1";""
"202100036906";"135Â 731";"A01";"3";"30";"0";"0";"8";"15";"1";""
"202100036907";"135Â 729";"A01";"1";"33";"3";"2";"1";"17";"1";""
"202100036907";"135Â 730";"B01";"1";"7";"0";"2";"6";"1";"1";""
"202100036908";"135Â 727";"A01";"2";"7";"0";"2";"3";"1";"1";""
"202100036908";"135Â 728";"B01";"1";"7";"0";"2";"3";"15";"1";""
"202100036909";"135Â 725";"B01";"1";"7";"0";"0";"3";"1";"1";""
"202100036909";"135Â 726";"A01";"2";"7";"0";"2";"3";"1";"1";""
"202100036910";"135Â 724";"A01";"2";"7";"0";"1";"1";"1";"1";""
"202100036911";"135Â 723";"A01";"2";"33";"6";"0";"1";"16";"1";""
"202100036912";"135Â 722";"A01";"3";"7";"8";"0";"2";"1";"1";""
"202100036913";"135Â 721";"A01";"2";"33";"12";"0";"2";"1";"1";""
"202100036914";"135Â 717";"B01";"1";"7";"8";"0";"8";"1";"1";""
"202100036914";"135Â 718";"A01";"2";"7";"7";"2";"1";"1";"1";""
"202100036915";"135Â 715";"B01";"3";"39";"0";"2";"1";"1";"1";""
"202100036915";"135Â 716";"A01";"3";"7";"0";"4";"2";"9";"1";""
"202100036916";"135Â 714";"A01";"3";"33";"0";"0";"0";"1";"1";""
"202100036917";"135Â 713";"A01";"2";"34";"0";"1";"3";"1";"1";""
"202100036918";"135Â 712";"A01";"1";"7";"0";"1";"2";"1";"1";""
"202100036919";"135Â 710";"A01";"1";"14";"0";"2";"3";"1";"1";""
"202100036919";"135Â 711";"B01";"1";"7";"0";"0";"4";"15";"1";""
"202100036920";"135Â 708";"A01";"2";"10";"0";"2";"1";"2";"1";""
"202100036920";"135Â 709";"B01";"2";"17";"0";"0";"4";"1";"1";""
"202100036921";"135Â 706";"B01";"1";"7";"3";"0";"4";"2";"1";""
"202100036921";"135Â 707";"A01";"1";"7";"0";"2";"1";"2";"1";""
"202100036922";"135Â 705";"A01";"2";"7";"2";"0";"1";"1";"1";""
"202100036923";"135Â 703";"B01";"2";"7";"0";"2";"1";"1";"1";""
"202100036923";"135Â 704";"A01";"1";"7";"0";"2";"1";"1";"1";""
"202100036924";"135Â 700";"A01";"3";"1";"0";"1";"1";"17";"0";""
"202100036925";"135Â 699";"A01";"1";"7";"13";"0";"2";"1";"1";""
"202100036926";"135Â 698";"A01";"1";"33";"0";"0";"0";"2";"1";""
"202100036927";"135Â 697";"A01";"2";"33";"16";"0";"1";"1";"1";""
"202100036928";"135Â 696";"A01";"1";"7";"16";"0";"9";"1";"1";""
"202100036929";"135Â 695";"A01";"1";"7";"1";"0";"1";"1";"1";""
"202100036930";"135Â 693";"A01";"1";"7";"0";"2";"1";"1";"1";""
"202100036930";"135Â 694";"B01";"1";"10";"0";"2";"4";"1";"1";""
"202100036931";"135Â 691";"A01";"1";"7";"0";"2";"4";"1";"1";""
"202100036931";"135Â 692";"B01";"2";"7";"0";"2";"1";"2";"1";""
"202100036932";"135Â 689";"B01";"1";"33";"0";"2";"1";"2";"1";""
"202100036932";"135Â 690";"A01";"1";"10";"0";"2";"4";"2";"1";""
"202100036933";"135Â 688";"A01";"2";"14";"0";"1";"1";"1";"1";""
"202100036934";"135Â 684";"D01";"1";"7";"0";"2";"4";"2";"1";""
"202100036934";"135Â 685";"C01";"1";"10";"0";"2";"4";"2";"1";""
"202100036934";"135Â 686";"B01";"1";"7";"0";"2";"4";"2";"1";""
"202100036934";"135Â 687";"A01";"1";"10";"0";"2";"1";"1";"1";""
"202100036935";"135Â 681";"C01";"2";"7";"0";"2";"4";"2";"1";""
"202100036935";"135Â 682";"B01";"2";"7";"0";"2";"1";"2";"1";""
"202100036935";"135Â 683";"A01";"2";"33";"0";"2";"4";"2";"1";""
"202100036936";"135Â 678";"Z01";"2";"7";"0";"2";"2";"2";"1";""
"202100036936";"135Â 679";"B01";"2";"7";"0";"2";"6";"1";"1";""
"202100036936";"135Â 680";"A01";"2";"7";"0";"2";"4";"2";"1";""
"202100036937";"135Â 677";"A01";"1";"7";"1";"1";"2";"14";"1";""
"202100036938";"135Â 674";"C01";"2";"10";"4";"2";"4";"2";"1";""
"202100036938";"135Â 675";"B01";"2";"10";"4";"2";"4";"2";"1";""
"202100036938";"135Â 676";"A01";"2";"10";"4";"2";"1";"2";"1";""
"202100036939";"135Â 671";"C01";"2";"7";"0";"2";"4";"1";"1";""
"202100036939";"135Â 672";"A01";"2";"7";"0";"2";"1";"1";"1";""
"202100036939";"135Â 673";"B01";"2";"7";"0";"2";"4";"1";"1";""
"202100036940";"135Â 667";"A01";"2";"43";"0";"2";"1";"3";"1";""
"202100036940";"135Â 668";"B01";"2";"7";"0";"2";"4";"23";"1";""
"202100036940";"135Â 669";"C01";"2";"7";"0";"2";"7";"1";"1";""
"202100036940";"135Â 670";"D01";"2";"10";"0";"2";"8";"1";"1";""
"202100036941";"135Â 665";"B01";"1";"7";"0";"2";"1";"1";"1";""
"202100036941";"135Â 666";"Z01";"1";"7";"0";"2";"4";"21";"1";""
"202100036942";"135Â 664";"A01";"1";"7";"4";"0";"1";"21";"1";""
"202100036943";"135Â 662";"B01";"1";"7";"0";"2";"4";"15";"1";""
"202100036943";"135Â 663";"A01";"1";"7";"0";"2";"1";"1";"1";""
"202100036944";"135Â 661";"A01";"3";"7";"0";"1";"1";"26";"1";""
"202100036945";"135Â 660";"A01";"1";"32";"0";"1";"1";"1";"1";""
"202100036946";"135Â 659";"A01";"2";"7";"1";"0";"1";"14";"1";""
"202100036947";"135Â 657";"B01";"1";"10";"0";"2";"8";"1";"1";""
"202100036947";"135Â 658";"A01";"2";"7";"0";"2";"1";"1";"1";""
"202100036948";"135Â 655";"B01";"2";"10";"0";"2";"4";"1";"1";""
"202100036948";"135Â 656";"A01";"2";"30";"0";"2";"1";"1";"1";""
"202100036949";"135Â 653";"B01";"3";"7";"0";"9";"3";"1";"1";""
"202100036949";"135Â 654";"A01";"3";"7";"0";"9";"3";"15";"1";""
"202100036950";"135Â 651";"B01";"1";"10";"0";"0";"4";"0";"1";""
"202100036950";"135Â 652";"A01";"1";"10";"0";"2";"1";"26";"1";""
"202100036951";"135Â 650";"A01";"1";"7";"4";"1";"3";"1";"1";""
"202100036952";"135Â 648";"B01";"2";"7";"0";"2";"7";"1";"1";""
"202100036952";"135Â 649";"A01";"2";"7";"0";"2";"1";"1";"1";""
"202100036953";"135Â 646";"B01";"0";"1";"0";"2";"1";"19";"5";""
"202100036953";"135Â 647";"A01";"2";"7";"0";"2";"3";"1";"1";""
"202100036954";"135Â 644";"A01";"1";"7";"0";"2";"3";"22";"1";""
"202100036954";"135Â 645";"B01";"1";"1";"1";"0";"1";"1";"5";""
"202100036955";"135Â 642";"B01";"2";"33";"0";"2";"8";"1";"1";""
"202100036955";"135Â 643";"A01";"1";"10";"0";"2";"3";"15";"1";""
"202100036956";"135Â 641";"A01";"1";"10";"0";"1";"1";"1";"1";""
"202100036957";"135Â 639";"B01";"1";"99";"0";"2";"8";"19";"3";""
"202100036957";"135Â 640";"A01";"1";"7";"0";"2";"1";"1";"1";""
"202100036958";"135Â 637";"B01";"1";"37";"0";"2";"2";"7";"1";"1"
"202100036958";"135Â 638";"A01";"1";"7";"0";"2";"3";"15";"1";""
"202100036959";"135Â 635";"Z01";"3";"17";"0";"2";"2";"13";"1";""
"202100036959";"135Â 636";"A01";"3";"7";"0";"2";"6";"20";"1";""
"202100036960";"135Â 634";"A01";"3";"10";"1";"1";"1";"0";"1";""
"202100036961";"135Â 633";"A01";"3";"7";"0";"1";"4";"20";"1";""
"202100036962";"135Â 631";"B01";"1";"33";"0";"2";"1";"17";"1";""
"202100036962";"135Â 632";"A01";"2";"7";"0";"2";"2";"9";"2";""
"202100036963";"135Â 629";"B01";"3";"31";"12";"2";"7";"2";"1";""
"202100036963";"135Â 630";"Z01";"3";"7";"0";"2";"8";"13";"1";""
"202100036964";"135Â 627";"A01";" -1";"7";"0";"2";"1";"15";"1";""
"202100036964";"135Â 628";"B01";" -1";"7";"0";"2";"3";"0";"1";""
"202100036965";"135Â 625";"A01";"0";"7";"0";"2";"1";"1";"1";""
"202100036965";"135Â 626";"B01";"0";"7";"0";"2";"4";"1";"1";""
"202100036966";"135Â 623";"A01";"0";"7";"0";"2";"1";"1";"1";""
"202100036966";"135Â 624";"B01";"0";"7";"0";"2";"4";"1";"1";""
"202100036967";"135Â 622";"A01";"2";"10";"0";"0";"0";"1";"0";""
"202100036968";"135Â 621";"A01";"2";"7";"0";"1";"1";"1";"1";""
"202100036969";"135Â 619";"A01";"3";"38";"0";"1";"7";"16";"1";"1"
"202100036970";"135Â 616";"C01";"1";"7";"0";"2";"4";"23";"1";""
"202100036970";"135Â 617";"B01";"1";"7";"0";"2";"4";"2";"1";""
"202100036970";"135Â 618";"A01";"1";"14";"0";"2";"1";"2";"1";""
"202100036971";"135Â 614";"A01";"1";"7";"0";"2";"1";"1";"1";""
"202100036971";"135Â 615";"B01";"2";"7";"0";"2";"3";"0";"3";""
"202100036972";"135Â 612";"A01";"2";"7";"0";"9";"3";"9";"1";""
"202100036972";"135Â 613";"B01";"3";"1";"0";"2";"1";"1";"5";""
"202100036973";"135Â 610";"A01";"2";"50";"0";"0";"0";"1";"3";""
"202100036974";"135Â 608";"A01";"0";"30";"0";"0";"7";"0";"1";""
"202100036975";"135Â 606";"B01";"3";"7";"0";"2";"7";"1";"1";""
"202100036975";"135Â 607";"A01";"1";"7";"0";"2";"1";"1";"1";""
"202100036976";"135Â 604";"B01";"2";"7";"0";"0";"5";"23";"1";""
"202100036976";"135Â 605";"A01";"2";"7";"0";"2";"3";"1";"1";""
"202100036977";"135Â 602";"B01";"1";"33";"0";"2";"3";"1";"1";""
"202100036977";"135Â 603";"A01";"2";"7";"0";"2";"1";"15";"1";""
"202100036978";"135Â 601";"A01";"1";"7";"0";"1";"5";"1";"6";""
"202100036979";"135Â 599";"A01";"1";"35";"0";"2";"0";"13";"1";""
"202100036979";"135Â 600";"B01";"2";"7";"0";"2";"3";"1";"1";""
"202100036980";"135Â 597";"B01";"2";"1";"0";"2";"0";"19";"5";""
"202100036980";"135Â 598";"A01";"1";"10";"0";"2";"1";"10";"1";""
"202100036981";"135Â 595";"A01";"1";"7";"0";"2";"2";"1";"1";""
"202100036981";"135Â 596";"B01";"1";"1";"0";"2";"1";"13";"5";""
"202100036982";"135Â 594";"A01";"1";"7";"0";"1";"1";"1";"1";""
"202100036983";"135Â 592";"Z01";"1";"7";"0";"2";"1";"1";"1";""
"202100036983";"135Â 593";"A01";"1";"7";"0";"2";"8";"1";"1";""
"202100036984";"135Â 590";"A01";"3";"60";"0";"2";"2";"15";"5";""
"202100036984";"135Â 591";"B01";"3";"7";"0";"2";"3";"16";"1";""
"202100036985";"135Â 589";"A01";"1";"33";"0";"0";"0";"11";"1";""
"202100036986";"135Â 588";"A01";"3";"30";"0";"2";"4";"26";"1";""
"202100036987";"135Â 586";"B01";"2";"13";"0";"2";"5";"21";"1";""
"202100036987";"135Â 587";"A01";"2";"30";"0";"2";"1";"21";"1";""
"202100036988";"135Â 584";"A01";"1";"7";"0";"2";"2";"10";"1";""
"202100036988";"135Â 585";"B01";"1";"33";"0";"2";"1";"1";"1";""
"202100036989";"135Â 580";"A01";"3";"7";"0";"9";"8";"15";"1";""
"202100036989";"135Â 581";"B01";"3";"33";"0";"2";"1";"1";"1";""
"202100036990";"135Â 577";"A01";"2";"30";"0";"2";"1";"26";"1";""
"202100036990";"135Â 578";"B01";"1";"10";"0";"2";"2";"19";"1";""
"202100036991";"135Â 575";"B01";"1";"37";"0";"2";"1";"1";"1";"2"
"202100036991";"135Â 576";"A01";"1";"7";"0";"2";"7";"16";"1";""
"202100036992";"135Â 573";"B01";"1";"7";"0";"2";"6";"1";"1";""
"202100036992";"135Â 574";"A01";"1";"33";"0";"2";"1";"2";"1";""
"202100036993";"135Â 572";"A01";"2";"7";"0";"1";"4";"4";"3";""
"202100036994";"135Â 571";"A01";"1";"30";"14";"0";"1";"1";"1";""
"202100036995";"135Â 569";"B01";"1";"7";"0";"2";"3";"16";"1";""
"202100036995";"135Â 570";"A01";"2";"33";"0";"2";"2";"1";"1";""
"202100036996";"135Â 566";"A01";"2";"7";"0";"2";"1";"2";"1";""
"202100036996";"135Â 567";"B01";"2";"7";"0";"2";"4";"2";"1";""
"202100036996";"135Â 568";"C01";"2";"7";"0";"2";"4";"23";"2";""
"202100036997";"135Â 564";"A01";"1";"7";"0";"2";"2";"2";"1";""
"202100036997";"135Â 565";"B01";"1";"7";"0";"2";"6";"16";"1";""
"202100036998";"135Â 562";"B01";"1";"7";"0";"2";"4";"2";"1";""
"202100036998";"135Â 563";"A01";"1";"2";"0";"2";"1";"2";"3";""
"202100036999";"135Â 560";"B01";"3";"1";"0";"2";"1";"26";"5";""
"202100036999";"135Â 561";"A01";"3";"7";"0";"2";"1";"26";"1";""
"202100037000";"135Â 559";"A01";"3";"7";"0";"1";"3";"26";"1";""
"202100037001";"135Â 558";"A01";"2";"7";"0";"1";"0";"15";"1";""
"202100037002";"135Â 557";"A01";"1";"7";"0";"1";"1";"15";"2";""
"202100037003";"135Â 556";"A01";"2";"7";"0";"0";"9";"14";"1";""
"202100037004";"135Â 555";"A01";"1";"7";"0";"1";"2";"1";"1";""
"202100037005";"135Â 554";"A01";"1";"33";"0";"0";"1";"1";"1";""
"202100037006";"135Â 553";"A01";"3";"1";"14";"0";"1";"1";"5";""
"202100037007";"135Â 551";"B01";"3";"7";"0";"2";"7";"15";"1";""
"202100037007";"135Â 552";"A01";"1";"7";"0";"2";"1";"1";"1";""
"202100037008";"135Â 549";"B01";"3";"80";"0";"2";"1";"1";"3";""
"202100037008";"135Â 550";"A01";"3";"7";"0";"2";"1";"9";"1";""
"202100037009";"135Â 547";"B01";"3";"7";"0";"2";"3";"15";"1";""
"202100037009";"135Â 548";"A01";"1";"7";"0";"2";"2";"13";"1";""
"202100037010";"135Â 546";"A01";"2";"7";"0";"1";"8";"2";"1";""
"202100037011";"135Â 544";"A01";"0";"1";"0";"2";"1";"15";"5";""
"202100037011";"135Â 545";"Z01";"0";"0";"0";"2";"0";"0";"0";""
"202100037012";"135Â 542";"A01";"1";"7";"0";"2";"4";"15";"1";""
"202100037012";"135Â 543";"B01";"1";"31";"0";"2";"1";"2";"1";""
"202100037013";"135Â 541";"A01";"2";"7";"0";"1";"2";"26";"1";""
"202100037014";"135Â 540";"A01";"1";"99";"0";"1";"7";"1";"3";""
"202100037015";"135Â 538";"A01";"0";"7";"0";"2";"0";"26";"1";""
"202100037015";"135Â 539";"B01";"3";"7";"2";"2";"3";"1";"1";""
"202100037016";"135Â 536";"A01";"0";"7";"14";"2";"1";"19";"1";""
"202100037016";"135Â 537";"B01";"0";"7";"0";"2";"1";"1";"1";""
"202100037017";"135Â 534";"A01";"1";"2";"1";"0";"1";"1";"1";""
"202100037017";"135Â 535";"B01";"1";"7";"0";"2";"6";"15";"1";""
"202100037018";"135Â 533";"A01";"1";"10";"6";"1";"7";"1";"1";""
"202100037019";"135Â 531";"A01";"2";"1";"0";"2";"6";"15";"5";""
"202100037019";"135Â 532";"B01";"2";"33";"0";"2";"1";"17";"1";""
"202100037020";"135Â 529";"B01";"1";"1";"1";"0";"1";"2";"5";""
"202100037020";"135Â 530";"A01";"1";"14";"0";"2";"6";"24";"1";""
"202100037021";"135Â 527";"A01";"1";"37";"0";"2";"5";"1";"1";"1"
"202100037021";"135Â 528";"B01";"1";"80";"0";"2";"1";"9";"5";""
"202100037022";"135Â 526";"A01";"1";"7";"3";"0";"9";"13";"1";""
"202100037023";"135Â 524";"A01";"3";"7";"0";"2";"3";"2";"1";""
"202100037023";"135Â 525";"B01";"3";"7";"0";"2";"3";"13";"1";""
"202100037024";"135Â 521";"A01";"1";"10";"0";"1";"1";"15";"1";""
"202100037025";"135Â 519";"B01";"1";"1";"0";"2";"6";"1";"5";""
"202100037025";"135Â 520";"A01";"1";"2";"0";"2";"1";"1";"1";""
"202100037026";"135Â 517";"A01";"1";"7";"0";"2";"3";"13";"0";""
"202100037026";"135Â 518";"B01";"2";"33";"0";"2";"1";"1";"1";""
"202100037027";"135Â 515";"B01";"1";"30";"0";"2";"0";"0";"1";""
"202100037027";"135Â 516";"A01";"1";"7";"0";"2";"6";"15";"1";""
"202100037028";"135Â 513";"B01";"2";"7";"0";"2";"4";"2";"1";""
"202100037028";"135Â 514";"A01";"2";"7";"0";"2";"1";"2";"1";""
"202100037029";"135Â 511";"B01";"2";"7";"0";"2";"4";"2";"1";""
"202100037029";"135Â 512";"A01";"1";"7";"0";"2";"1";"2";"1";""
"202100037030";"135Â 509";"B01";"3";"7";"0";"2";"4";"2";"1";""
"202100037030";"135Â 510";"A01";"3";"7";"0";"2";"1";"2";"1";""
"202100037031";"135Â 507";"B01";"1";"33";"0";"2";"1";"1";"1";""
"202100037031";"135Â 508";"A01";"1";"7";"0";"2";"2";"1";"1";""
"202100037032";"135Â 506";"A01";"3";"10";"0";"1";"4";"4";"1";""
"202100037033";"135Â 505";"A01";"2";"7";"8";"0";"1";"26";"1";""
"202100037034";"135Â 503";"A01";"2";"7";"0";"2";"0";"0";"1";""
"202100037034";"135Â 504";"B01";"1";"33";"0";"2";"2";"15";"1";""
"202100037035";"135Â 501";"B01";"1";"7";"0";"2";"8";"1";"1";""
"202100037035";"135Â 502";"A01";"1";"17";"0";"2";"2";"12";"1";""
"202100037036";"135Â 499";"A01";"2";"33";"0";"2";"3";"3";"1";""
"202100037036";"135Â 500";"B01";"2";"7";"0";"2";"5";"1";"1";""
"202100037037";"135Â 496";"C01";"1";"7";"0";"2";"6";"1";"1";""
"202100037037";"135Â 497";"B01";"1";"7";"0";"2";"5";"1";"1";""
"202100037037";"135Â 498";"A01";"1";"33";"0";"2";"3";"3";"1";""
"202100037038";"135Â 494";"A01";"2";"7";"0";"2";"1";"12";"1";""
"202100037038";"135Â 495";"B01";"2";"7";"0";"2";"6";"11";"1";""
"202100037039";"135Â 492";"A01";"1";"7";"0";"2";"1";"2";"1";""
"202100037039";"135Â 493";"B01";"1";"14";"0";"2";"4";"2";"0";""
"202100037040";"135Â 490";"B01";"1";"7";"0";"2";"3";"1";"1";""
"202100037040";"135Â 491";"A01";"2";"33";"1";"2";"1";"17";"1";""
"202100037041";"135Â 488";"B01";"2";"60";"0";"2";"8";"1";"5";""
"202100037041";"135Â 489";"A01";"2";"10";"0";"2";"2";"14";"1";""
"202100037042";"135Â 486";"A01";"1";"7";"0";"2";"3";"2";"1";""
"202100037042";"135Â 487";"B01";"1";"33";"0";"2";"4";"17";"1";""
"202100037043";"135Â 485";"A01";"1";"30";"0";"1";"1";"1";"3";""
"202100037044";"135Â 483";"B01";"1";"7";"0";"2";"7";"22";"1";""
"202100037044";"135Â 484";"A01";"3";"1";"0";"2";"1";"18";"5";""
"202100037045";"135Â 481";"A01";"3";"10";"0";"2";"2";"1";"1";""
"202100037045";"135Â 482";"B01";"0";"43";"0";"2";"1";"16";"1";""
"202100037046";"135Â 479";"B01";"2";"7";"0";"2";"4";"2";"1";""
"202100037046";"135Â 480";"A01";"2";"30";"0";"2";"1";"2";"1";""
"202100037047";"135Â 478";"A01";"1";"30";"1";"0";"1";"13";"3";""
"202100037048";"135Â 476";"A01";"1";"7";"0";"2";"2";"15";"2";""
"202100037048";"135Â 477";"B01";"2";"30";"0";"2";"1";"1";"1";""
"202100037049";"135Â 474";"A01";"3";"7";"0";"2";"8";"22";"1";""
"202100037049";"135Â 475";"B01";"3";"30";"0";"2";"1";"3";"1";""
"202100037050";"135Â 473";"A01";"0";"30";"0";"1";"7";"26";"3";""
"202100037051";"135Â 472";"A01";"2";"7";"0";"1";"5";"1";"1";""
"202100037052";"135Â 470";"B01";"1";"32";"0";"2";"6";"20";"1";""
"202100037052";"135Â 471";"A01";"3";"10";"0";"2";"8";"1";"1";""
"202100037053";"135Â 468";"A01";"1";"32";"0";"2";"1";"18";"1";""
"202100037053";"135Â 469";"B01";"1";"7";"0";"2";"5";"2";"1";""
"202100037054";"135Â 467";"A01";"3";"1";"12";"0";"7";"14";"5";""
"202100037055";"135Â 465";"B01";"2";"7";"0";"2";"3";"16";"1";""
"202100037055";"135Â 466";"A01";"2";"33";"0";"2";"3";"18";"1";""
"202100037056";"135Â 463";"B01";"0";"1";"0";"2";"7";"19";"5";""
"202100037056";"135Â 464";"A01";"0";"32";"0";"2";"1";"17";"1";""
"202100037057";"135Â 462";"A01";"0";"7";"14";"0";"1";"1";"1";""
"202100037058";"135Â 460";"A01";"1";"7";"0";"2";"7";"17";"1";""
"202100037058";"135Â 461";"B01";"1";"1";"0";"2";"8";"2";"5";""
"202100037059";"135Â 458";"B01";"1";"14";"0";"2";"3";"1";"1";""
"202100037059";"135Â 459";"A01";"1";"30";"0";"2";"1";"13";"1";""
"202100037060";"135Â 456";"B01";"2";"37";"0";"2";"7";"1";"1";"2"
"202100037060";"135Â 457";"A01";"2";"37";"0";"2";"3";"9";"1";"1"
"202100037061";"135Â 454";"C01";"2";"1";"0";"2";"6";"1";"5";""
"202100037061";"135Â 455";"A01";"2";"7";"0";"2";"2";"1";"1";""
"202100037062";"135Â 453";"A01";"1";"30";"0";"0";"7";"1";"1";""
"202100037063";"135Â 451";"B01";"1";"1";"0";"2";"3";"13";"5";""
"202100037063";"135Â 452";"A01";"2";"7";"0";"2";"2";"14";"1";""
"202100037064";"135Â 449";"A01";"3";"30";"0";"2";"0";"1";"1";""
"202100037064";"135Â 450";"B01";"3";"7";"0";"2";"3";"1";"1";""
"202100037065";"135Â 447";"B01";"3";"7";"0";"2";"5";"9";"1";""
"202100037065";"135Â 448";"A01";"3";"7";"0";"2";"1";"26";"1";""
"202100037066";"135Â 445";"B01";"0";"7";"0";"2";"1";"2";"1";""
"202100037066";"135Â 446";"A01";"0";"7";"0";"2";"4";"0";"1";""
"202100037067";"135Â 443";"A01";"3";"3";"0";"2";"1";"26";"1";""
"202100037067";"135Â 444";"B01";"3";"7";"0";"2";"1";"1";"1";""
"202100037068";"135Â 442";"A01";"0";"99";"0";"1";"0";"25";"0";""
"202100037069";"135Â 440";"B01";"2";"7";"0";"2";"8";"1";"1";""
"202100037069";"135Â 441";"A01";"1";"7";"0";"2";"1";"1";"1";""
"202100037070";"135Â 438";"B01";"1";"7";"0";"2";"1";"19";"1";""
"202100037070";"135Â 439";"A01";"2";"30";"0";"2";"8";"21";"1";""
"202100037071";"135Â 437";"A01";"1";"7";"0";"1";"2";"15";"0";""
"202100037072";"135Â 435";"A01";"3";"7";"0";"2";"1";"2";"1";""
"202100037072";"135Â 436";"B01";"3";"10";"0";"2";"4";"0";"1";""
"202100037073";"135Â 433";"B01";"1";"7";"0";"2";"7";"16";"1";""
"202100037073";"135Â 434";"A01";"1";"2";"0";"2";"1";"18";"1";""
"202100037074";"135Â 431";"A01";"1";"14";"0";"2";"2";"2";"1";""
"202100037074";"135Â 432";"B01";"1";"7";"0";"2";"6";"1";"1";""
"202100037075";"135Â 430";"A01";"1";"30";"0";"0";"1";"13";"1";""
"202100037076";"135Â 428";"B01";"1";"10";"0";"2";"2";"9";"1";""
"202100037076";"135Â 429";"A01";"1";"33";"1";"2";"1";"19";"1";""
"202100037077";"135Â 426";"B01";"3";"50";"0";"2";"8";"1";"3";""
"202100037077";"135Â 427";"A01";"3";"7";"0";"2";"2";"16";"1";""
"202100037078";"135Â 424";"A01";"3";"34";"0";"2";"6";"1";"1";""
"202100037078";"135Â 425";"B01";"3";"7";"0";"2";"2";"16";"1";""
"202100037079";"135Â 422";"B01";"1";"7";"0";"0";"2";"0";"0";""
"202100037079";"135Â 423";"A01";"1";"2";"0";"2";"2";"3";"1";""
"202100037080";"135Â 420";"A01";"0";"30";"0";"1";"1";"5";"0";""
"202100037081";"135Â 419";"A01";"1";"7";"13";"0";"2";"14";"1";""
"202100037082";"135Â 417";"B01";"2";"7";"0";"0";"1";"1";"1";""
"202100037082";"135Â 418";"A01";"1";"10";"0";"0";"2";"1";"1";""
"202100037083";"135Â 416";"A01";"0";"2";"0";"0";"0";"1";"1";""
"202100037084";"135Â 415";"A01";"2";"14";"2";"0";"1";"1";"1";""
"202100037085";"135Â 414";"A01";"2";"2";"12";"0";"3";"13";"1";""
"202100037086";"135Â 413";"A01";"1";"7";"0";"1";"2";"1";"1";""
"202100037087";"135Â 411";"B01";"3";"7";"0";"2";"3";"1";"1";""
"202100037087";"135Â 412";"A01";"3";"7";"0";"2";"3";"1";"1";""
"202100037088";"135Â 409";"B01";"3";"10";"0";"2";"3";"1";"1";""
"202100037088";"135Â 410";"A01";"3";"7";"0";"2";"3";"13";"1";""
"202100037089";"135Â 406";"A01";"3";"36";"13";"0";"1";"13";"1";""
"202100037090";"135Â 405";"A01";"2";"33";"9";"0";"7";"1";"1";""
"202100037091";"135Â 404";"A01";"1";"7";"0";"0";"0";"17";"1";""
"202100037092";"135Â 401";"A01";"1";"7";"6";"0";"3";"13";"1";""
"202100037093";"135Â 399";"A01";"1";"7";"0";"2";"3";"1";"1";""
"202100037093";"135Â 400";"B01";"2";"7";"0";"2";"3";"1";"1";""
"202100037094";"135Â 398";"A01";"2";"33";"4";"0";"2";"15";"1";""
"202100037095";"135Â 397";"A01";"3";"31";"0";"0";"0";"1";"1";""
"202100037096";"135Â 396";"A01";"0";"7";"9";"0";"3";"1";"1";""
"202100037097";"135Â 394";"B01";"2";"7";"0";"2";"3";"17";"1";""
"202100037097";"135Â 395";"A01";"1";"7";"0";"2";"3";"13";"1";""
"202100037098";"135Â 392";"B01";"2";"7";"0";"2";"6";"26";"1";""
"202100037098";"135Â 393";"A01";"2";"7";"0";"2";"1";"19";"1";""
"202100037099";"135Â 391";"A01";"3";"80";"12";"0";"0";"1";"3";""
"202100037100";"135Â 390";"A01";"2";"7";"13";"0";"2";"1";"1";""
"202100037101";"135Â 388";"B01";"1";"10";"0";"0";"3";"15";"1";""
"202100037101";"135Â 389";"A01";"1";"33";"0";"2";"1";"2";"1";""
"202100037102";"135Â 383";"B01";"2";"33";"0";"2";"1";"13";"1";""
"202100037102";"135Â 384";"A01";"1";"7";"0";"2";"1";"1";"1";""
"202100037103";"135Â 381";"A01";"0";"7";"0";"2";"3";"9";"1";""
"202100037103";"135Â 382";"B01";"1";"38";"0";"2";"2";"1";"1";"1"
"202100037104";"135Â 379";"B01";"2";"7";"0";"2";"3";"1";"1";""
"202100037104";"135Â 380";"A01";"2";"1";"0";"2";"1";"9";"5";""