"Num_Acc";"id_vehicule";"num_veh";"senc";"catv";"obs";"obsm";"choc";"manv";"motor";"occutc"
"202100037105";"135Â 377";"A01";"1";"7";"0";"2";"3";"1";"1";""
"202100037105";"135Â 378";"B01";"2";"7";"0";"2";"3";"1";"1";""
"202100037106";"135Â 375";"D01";"1";"17";"0";"0";"0";"1";"1";""
"202100037106";"135Â 376";"A01";"2";"10";"1";"0";"1";"1";"1";""
"202100037107";"135Â 374";"A01";"3";"36";"13";"0";"1";"0";"1";""
"202100037108";"135Â 372";"B01";"2";"33";"0";"2";"1";"17";"1";""
"202100037108";"135Â 373";"A01";"2";"21";"0";"0";"3";"15";"1";""
"202100037109";"135Â 370";"B01";"3";"10";"1";"2";"3";"5";"1";""
"202100037109";"135Â 371";"A01";"3";"7";"0";"0";"3";"23";"1";""
"202100037110";"135Â 368";"C01";"1";"16";"1";"0";"1";"1";"1";""
"202100037110";"135Â 369";"A01";"1";"17";"0";"0";"4";"23";"1";""
"202100037111";"135Â 366";"A01";"1";"1";"0";"2";"1";"1";"5";""
"202100037111";"135Â 367";"B01";"1";"10";"0";"2";"7";"19";"1";""
"202100037112";"135Â 364";"B01";"2";"38";"0";"2";"6";"16";"1";"1"
"202100037112";"135Â 365";"A01";"2";"33";"0";"2";"1";"3";"1";""
"202100037113";"135Â 360";"D01";"1";"7";"0";"2";"2";"17";"1";""
"202100037113";"135Â 361";"C01";"1";"15";"0";"2";"1";"2";"1";""
"202100037113";"135Â 362";"B01";"1";"15";"0";"2";"1";"2";"1";""
"202100037113";"135Â 363";"A01";"1";"15";"0";"2";"4";"2";"1";""
"202100037114";"135Â 359";"A01";"1";"7";"13";"0";"1";"0";"1";""
"202100037115";"135Â 358";"A01";"1";"33";"13";"0";"3";"2";"1";""
"202100037116";"135Â 357";"A01";"1";"7";"16";"0";"1";"1";"1";""
"202100037117";"135Â 355";"B01";"0";"10";"0";"2";"6";"24";"1";""
"202100037117";"135Â 356";"A01";"0";"7";"1";"0";"3";"1";"1";""
"202100037118";"135Â 354";"A01";"2";"7";"15";"0";"2";"1";"1";""
"202100037119";"135Â 353";"A01";"1";"7";"2";"0";"1";"1";"1";""
"202100037120";"135Â 351";"A01";"1";"7";"0";"2";"1";"13";"1";""
"202100037120";"135Â 352";"B01";"2";"7";"0";"2";"3";"1";"1";""
"202100037121";"135Â 349";"B01";"0";"7";"0";"2";"2";"15";"1";""
"202100037121";"135Â 350";"A01";"0";"33";"0";"2";"8";"1";"1";""
"202100037122";"135Â 347";"B01";"2";"1";"0";"2";"1";"1";"5";""
"202100037122";"135Â 348";"A01";"2";"10";"0";"2";"7";"16";"1";""
"202100037123";"135Â 346";"A01";"0";"7";"0";"1";"1";"1";"1";""
"202100037124";"135Â 345";"A01";"2";"33";"0";"0";"9";"1";"1";""
"202100037125";"135Â 343";"B01";"2";"33";"0";"2";"2";"2";"1";""
"202100037125";"135Â 344";"A01";"2";"7";"0";"2";"3";"15";"1";""
"202100037126";"135Â 338";"E01";"1";"7";"13";"0";"0";"21";"1";""
"202100037126";"135Â 339";"D01";"1";"7";"0";"2";"3";"1";"1";""
"202100037126";"135Â 340";"C01";"2";"7";"0";"2";"3";"1";"1";""
"202100037126";"135Â 341";"B01";"1";"7";"0";"2";"3";"1";"1";""
"202100037126";"135Â 342";"A01";"2";"7";"0";"2";"1";"17";"1";""
"202100037127";"135Â 337";"A01";"1";"2";"12";"0";"2";"20";"1";""
"202100037128";"135Â 333";"A01";"2";"7";"0";"9";"8";"1";"1";""
"202100037128";"135Â 334";"B01";"1";"1";"0";"2";"1";"1";"5";""
"202100037129";"135Â 332";"A01";"1";"33";"0";"0";"0";"17";"1";""
"202100037130";"135Â 329";"A01";"2";"7";"0";"2";"4";"1";"1";""
"202100037130";"135Â 330";"B01";"2";"7";"0";"2";"4";"2";"1";""
"202100037130";"135Â 331";"C01";"2";"7";"0";"2";"1";"2";"1";""
"202100037131";"135Â 328";"A01";"1";"7";"3";"0";"1";"21";"1";""
"202100037132";"135Â 324";"C01";"1";"7";"1";"0";"1";"2";"1";""
"202100037132";"135Â 325";"B01";"1";"33";"1";"0";"4";"0";"1";""
"202100037132";"135Â 326";"A01";"1";"7";"0";"0";"4";"2";"1";""
"202100037132";"135Â 327";"D01";"1";"7";"1";"0";"1";"2";"1";""
"202100037133";"135Â 323";"A01";"1";"7";"4";"0";"1";"1";"1";""
"202100037134";"135Â 319";"D01";"1";"7";"0";"2";"4";"2";"1";""
"202100037134";"135Â 320";"C01";"1";"7";"0";"2";"4";"2";"1";""
"202100037134";"135Â 321";"B01";"1";"10";"0";"2";"4";"2";"1";""
"202100037134";"135Â 322";"A01";"1";"31";"0";"2";"1";"2";"1";""
"202100037135";"135Â 317";"B01";"1";"7";"0";"2";"4";"1";"1";""
"202100037135";"135Â 318";"A01";"1";"10";"0";"2";"1";"14";"1";""
"202100037136";"135Â 314";"A01";"2";"7";"0";"2";"2";"9";"1";""
"202100037136";"135Â 315";"C01";"2";"7";"0";"2";"4";"1";"1";""
"202100037136";"135Â 316";"B01";"2";"7";"0";"2";"6";"0";"1";""
"202100037137";"135Â 311";"A01";"1";"7";"0";"2";"2";"1";"1";""
"202100037137";"135Â 312";"B01";"1";"10";"0";"2";"1";"2";"1";""
"202100037137";"135Â 313";"C01";"1";"17";"0";"2";"4";"2";"1";""
"202100037138";"135Â 309";"A01";"1";"33";"0";"2";"4";"2";"1";""
"202100037138";"135Â 310";"B01";"1";"7";"0";"2";"1";"2";"1";""
"202100037139";"135Â 307";"A01";"2";"33";"0";"2";"4";"2";"1";""
"202100037139";"135Â 308";"B01";"2";"7";"0";"2";"1";"2";"1";""
"202100037140";"135Â 306";"A01";"2";"7";"3";"0";"1";"1";"1";""
"202100037141";"135Â 304";"A01";"2";"7";"0";"0";"4";"0";"1";""
"202100037141";"135Â 305";"B01";"2";"14";"0";"0";"0";"0";"1";""
"202100037142";"135Â 300";"C01";"2";"7";"0";"2";"6";"23";"1";""
"202100037142";"135Â 301";"B01";"2";"7";"0";"2";"0";"1";"1";""
"202100037142";"135Â 302";"A01";"2";"7";"0";"2";"5";"12";"1";""
"202100037142";"135Â 303";"D01";"2";"7";"0";"2";"0";"0";"1";""
"202100037143";"135Â 298";"A01";"1";"10";"0";"2";"1";"2";"1";""
"202100037143";"135Â 299";"B01";"1";"15";"0";"2";"4";"23";"1";""
"202100037144";"135Â 295";"C01";"2";"7";"0";"2";"3";"1";"1";""
"202100037144";"135Â 296";"B01";"2";"7";"0";"2";"5";"1";"1";""
"202100037144";"135Â 297";"A01";"2";"7";"0";"2";"3";"14";"1";""
"202100037145";"135Â 291";"A01";"2";"7";"0";"2";"4";"23";"1";""
"202100037145";"135Â 292";"B01";"2";"10";"0";"2";"9";"1";"1";""
"202100037145";"135Â 293";"C01";"2";"10";"0";"2";"9";"1";"1";""
"202100037145";"135Â 294";"D01";"2";"7";"0";"2";"1";"1";"1";""
"202100037146";"135Â 289";"A01";"1";"31";"0";"2";"1";"3";"1";""
"202100037146";"135Â 290";"B01";"1";"7";"0";"2";"4";"2";"1";""
"202100037147";"135Â 288";"A01";"1";"34";"14";"0";"1";"21";"1";""
"202100037148";"135Â 286";"B01";"2";"7";"0";"2";"4";"2";"1";""
"202100037148";"135Â 287";"A01";"2";"7";"0";"2";"1";"2";"1";""
"202100037149";"135Â 283";"C01";"2";"10";"0";"2";"4";"2";"1";""
"202100037149";"135Â 284";"B01";"2";"7";"0";"2";"4";"2";"1";""
"202100037149";"135Â 285";"A01";"2";"10";"0";"2";"1";"2";"1";""
"202100037150";"135Â 282";"A01";"2";"7";"4";"0";"1";"0";"0";""
"202100037151";"135Â 277";"E01";"2";"7";"0";"2";"1";"1";"1";""
"202100037151";"135Â 278";"D01";"2";"7";"0";"2";"4";"2";"1";""
"202100037151";"135Â 279";"C01";"2";"7";"0";"2";"4";"2";"1";""
"202100037151";"135Â 280";"B01";"2";"7";"0";"2";"8";"2";"1";""
"202100037151";"135Â 281";"A01";"2";"7";"0";"2";"2";"12";"1";""
"202100037152";"135Â 275";"A01";"2";"13";"0";"2";"1";"1";"1";""
"202100037152";"135Â 276";"B01";"2";"7";"0";"2";"4";"2";"1";""
"202100037153";"135Â 273";"B01";"2";"32";"0";"2";"1";"21";"1";""
"202100037153";"135Â 274";"A01";"2";"7";"0";"2";"4";"1";"1";""
"202100037154";"135Â 269";"D01";"2";"7";"0";"2";"4";"0";"1";""
"202100037154";"135Â 270";"C01";"2";"7";"0";"2";"4";"0";"1";""
"202100037154";"135Â 271";"A01";"2";"7";"0";"2";"1";"2";"1";""
"202100037154";"135Â 272";"B01";"2";"7";"0";"2";"4";"2";"1";""
"202100037155";"135Â 267";"B01";"1";"15";"0";"2";"2";"12";"1";""
"202100037155";"135Â 268";"A01";"1";"7";"0";"2";"8";"1";"1";""
"202100037156";"135Â 266";"A01";"3";"7";"8";"1";"6";"23";"1";""
"202100037157";"135Â 263";"A01";"1";"7";"0";"1";"2";"1";"1";""
"202100037158";"135Â 262";"A01";"3";"7";"0";"1";"2";"0";"1";""
"202100037159";"135Â 261";"A01";"3";"7";"0";"1";"8";"1";"1";""
"202100037160";"135Â 260";"A01";"2";"7";"0";"1";"3";"1";"1";""
"202100037161";"135Â 259";"A01";"1";"7";"0";"1";"1";"9";"1";""
"202100037162";"135Â 258";"A01";"2";"7";"0";"1";"3";"1";"1";""
"202100037163";"135Â 257";"A01";"1";"7";"1";"0";"0";"20";"1";""
"202100037164";"135Â 256";"A01";"0";"7";"0";"1";"2";"1";"1";""
"202100037165";"135Â 254";"B01";"2";"7";"0";"2";"4";"1";"1";""
"202100037165";"135Â 255";"A01";"2";"10";"0";"2";"1";"1";"1";""
"202100037166";"135Â 252";"B01";"2";"7";"0";"2";"6";"15";"1";""
"202100037166";"135Â 253";"A01";"2";"30";"0";"2";"1";"17";"1";""
"202100037167";"135Â 250";"A01";"0";"7";"0";"2";"3";"0";"0";""
"202100037167";"135Â 251";"B01";"0";"30";"0";"2";"0";"0";"1";""
"202100037168";"135Â 248";"A01";"1";"33";"0";"2";"8";"1";"1";""
"202100037168";"135Â 249";"B01";"1";"7";"0";"2";"3";"1";"1";""
"202100037169";"135Â 247";"A01";"3";"7";"0";"1";"6";"20";"1";""
"202100037170";"135Â 246";"Z01";"1";"7";"0";"1";"6";"13";"0";""
"202100037171";"135Â 243";"B01";"1";"30";"0";"2";"8";"23";"1";""
"202100037171";"135Â 244";"C01";"1";"37";"0";"2";"3";"23";"1";"1"
"202100037171";"135Â 245";"A01";"1";"7";"0";"2";"2";"2";"1";""
"202100037172";"135Â 240";"C01";"2";"7";"0";"2";"4";"2";"1";""
"202100037172";"135Â 241";"B01";"2";"7";"0";"2";"4";"2";"1";""
"202100037172";"135Â 242";"A01";"2";"7";"0";"2";"1";"2";"1";""
"202100037173";"135Â 238";"B01";"1";"43";"0";"2";"8";"1";"1";""
"202100037173";"135Â 239";"A01";"2";"7";"0";"2";"1";"15";"1";""
"202100037174";"135Â 237";"A01";"1";"30";"0";"2";"0";"21";"1";""
"202100037175";"135Â 235";"A01";"3";"7";"0";"2";"6";"15";"1";""
"202100037175";"135Â 236";"B01";"3";"33";"0";"0";"7";"1";"1";""
"202100037176";"135Â 233";"A01";"3";"7";"0";"2";"6";"9";"1";""
"202100037176";"135Â 234";"B01";"1";"50";"0";"0";"1";"1";"3";""
"202100037177";"135Â 231";"B01";"1";"7";"0";"2";"2";"1";"1";""
"202100037177";"135Â 232";"A01";"1";"7";"0";"2";"3";"10";"1";""
"202100037178";"135Â 230";"A01";"1";"7";"0";"1";"3";"1";"1";""
"202100037179";"135Â 228";"A01";"1";"7";"0";"0";"0";"0";"1";""
"202100037179";"135Â 229";"B01";"1";"32";"0";"0";"0";"0";"0";""
"202100037180";"135Â 227";"A01";"3";"7";"0";"1";"2";"15";"1";""
"202100037181";"135Â 225";"A01";"1";"7";"0";"2";"7";"15";"1";""
"202100037181";"135Â 226";"B01";"1";"7";"0";"2";"1";"1";"1";""
"202100037182";"135Â 223";"B01";"1";"30";"0";"0";"0";"0";"1";""
"202100037182";"135Â 224";"A01";"1";"7";"0";"0";"0";"0";"1";""
"202100037183";"135Â 221";"B01";"2";"1";"0";"2";"1";"1";"5";""
"202100037183";"135Â 222";"A01";"1";"7";"0";"2";"1";"13";"1";""
"202100037184";"135Â 219";"B01";"1";"7";"0";"2";"1";"15";"1";""
"202100037184";"135Â 220";"A01";"2";"7";"0";"2";"8";"1";"1";""
"202100037185";"135Â 217";"B01";"2";"10";"0";"2";"4";"23";"1";""
"202100037185";"135Â 218";"A01";"2";"2";"0";"2";"1";"1";"1";""
"202100037186";"135Â 216";"A01";"2";"50";"0";"0";"1";"1";"3";""
"202100037187";"135Â 214";"B01";"2";"7";"0";"2";"6";"2";"1";""
"202100037187";"135Â 215";"A01";"1";"33";"0";"2";"1";"2";"1";""
"202100037188";"135Â 212";"A01";"1";"1";"0";"2";"1";"9";"5";""
"202100037188";"135Â 213";"B01";"2";"7";"0";"2";"2";"0";"1";""
"202100037189";"135Â 210";"A01";"2";"7";"0";"2";"1";"15";"1";""
"202100037189";"135Â 211";"B01";"3";"7";"0";"2";"3";"1";"1";""
"202100037190";"135Â 206";"A01";"1";"32";"0";"1";"1";"1";"1";""
"202100037191";"135Â 204";"A01";"1";"7";"0";"2";"8";"9";"1";""
"202100037191";"135Â 205";"B01";"2";"99";"0";"2";"1";"1";"6";""
"202100037192";"135Â 202";"B01";"1";"14";"0";"2";"7";"15";"1";""
"202100037192";"135Â 203";"A01";"2";"33";"0";"2";"1";"1";"1";""
"202100037193";"135Â 200";"A01";"3";"7";"1";"1";"2";"17";"1";""
"202100037193";"135Â 201";"B01";"3";"7";"0";"2";"6";"24";"1";""
"202100037194";"135Â 198";"A01";"2";"43";"4";"2";"1";"1";"1";""
"202100037194";"135Â 199";"B01";"3";"7";"0";"2";"1";"0";"1";""
"202100037195";"135Â 196";"B01";"2";"7";"0";"2";"1";"1";"1";""
"202100037195";"135Â 197";"A01";"1";"7";"0";"2";"1";"17";"1";""
"202100037196";"135Â 194";"A01";"1";"7";"0";"2";"1";"26";"1";""
"202100037196";"135Â 195";"B01";"1";"1";"0";"2";"7";"1";"0";""
"202100037197";"135Â 192";"A01";"3";"7";"0";"2";"1";"5";"1";""
"202100037197";"135Â 193";"B01";"3";"7";"0";"2";"1";"1";"1";""
"202100037198";"135Â 191";"A01";"1";"10";"2";"0";"6";"13";"1";""
"202100037199";"135Â 190";"A01";"1";"7";"0";"1";"1";"1";"2";""
"202100037200";"135Â 188";"B01";"2";"32";"0";"2";"1";"0";"1";""
"202100037200";"135Â 189";"A01";"1";"7";"0";"2";"1";"0";"1";""
"202100037201";"135Â 186";"A01";"1";"30";"0";"2";"2";"1";"3";""
"202100037201";"135Â 187";"B01";"1";"32";"0";"2";"3";"1";"1";""
"202100037202";"135Â 184";"A01";"0";"7";"0";"2";"2";"2";"1";""
"202100037202";"135Â 185";"B01";"0";"7";"0";"2";"3";"0";"6";""
"202100037203";"135Â 182";"A01";"1";"7";"0";"2";"8";"9";"1";""
"202100037203";"135Â 183";"B01";"1";"1";"0";"2";"7";"2";"0";""
"202100037204";"135Â 180";"B01";"1";"33";"0";"2";"1";"1";"1";""
"202100037204";"135Â 181";"A01";"1";"7";"0";"2";"2";"15";"1";""
"202100037205";"135Â 178";"A01";"1";"7";"0";"2";"2";"15";"1";""
"202100037205";"135Â 179";"B01";"2";"33";"0";"2";"1";"1";"1";""
"202100037206";"135Â 176";"B01";"1";"33";"0";"2";"2";"2";"1";""
"202100037206";"135Â 177";"A01";"1";"7";"0";"2";"6";"9";"0";""
"202100037207";"135Â 174";"A01";"2";"7";"0";"2";"5";"15";"1";""
"202100037207";"135Â 175";"B01";"1";"80";"0";"2";"2";"1";"3";""
"202100037208";"135Â 173";"A01";"2";"7";"0";"1";"2";"15";"1";""
"202100037209";"135Â 171";"A01";"1";"7";"0";"2";"2";"1";"1";""
"202100037209";"135Â 172";"B01";"2";"7";"0";"2";"3";"10";"1";""
"202100037210";"135Â 169";"B01";"1";"7";"0";"2";"4";"2";"1";""
"202100037210";"135Â 170";"A01";"1";"7";"0";"2";"1";"2";"1";""
"202100037211";"135Â 167";"A01";"1";"32";"0";"2";"1";"1";"1";""
"202100037211";"135Â 168";"B01";"2";"7";"0";"2";"1";"15";"2";""
"202100037212";"135Â 165";"B01";"2";"7";"0";"2";"8";"13";"1";""
"202100037212";"135Â 166";"A01";"2";"31";"0";"0";"7";"17";"1";""
"202100037213";"135Â 163";"B01";"2";"7";"0";"2";"1";"1";"1";""
"202100037213";"135Â 164";"A01";"1";"7";"0";"2";"1";"5";"1";""
"202100037214";"135Â 161";"A01";"2";"7";"0";"2";"3";"15";"1";""
"202100037214";"135Â 162";"B01";"1";"1";"0";"2";"3";"1";"5";""
"202100037215";"135Â 159";"A01";"1";"31";"0";"2";"1";"2";"1";""
"202100037215";"135Â 160";"B01";"1";"10";"0";"2";"4";"2";"1";""
"202100037216";"135Â 158";"A01";"1";"7";"8";"0";"7";"14";"1";""
"202100037217";"135Â 156";"B01";"1";"7";"0";"2";"2";"1";"1";""
"202100037217";"135Â 157";"A01";"1";"7";"0";"2";"1";"19";"1";""
"202100037218";"135Â 155";"A01";"1";"32";"0";"1";"1";"26";"1";""
"202100037219";"135Â 152";"B01";"1";"7";"0";"2";"4";"1";"1";""
"202100037219";"135Â 153";"C01";"1";"7";"0";"2";"1";"1";"3";""
"202100037219";"135Â 154";"A01";"1";"7";"0";"2";"4";"23";"1";""
"202100037220";"135Â 150";"B01";"2";"7";"0";"2";"1";"15";"1";""
"202100037220";"135Â 151";"A01";"2";"7";"0";"2";"6";"1";"1";""
"202100037221";"135Â 148";"B01";"2";"7";"0";"2";"1";"19";"1";""
"202100037221";"135Â 149";"A01";"1";"7";"0";"2";"7";"19";"1";""
"202100037222";"135Â 147";"A01";"1";"10";"6";"0";"2";"1";"1";""
"202100037223";"135Â 146";"A01";"1";"7";"1";"0";"2";"2";"1";""
"202100037224";"135Â 144";"A01";"2";"7";"0";"2";"2";"15";"1";""
"202100037224";"135Â 145";"B01";"1";"2";"0";"2";"1";"2";"1";""
"202100037225";"135Â 143";"A01";"1";"33";"0";"1";"3";"21";"1";""
"202100037226";"135Â 141";"B01";"1";"1";"1";"0";"1";"1";"0";""
"202100037226";"135Â 142";"A01";"3";"7";"0";"2";"3";"24";"1";""
"202100037227";"135Â 139";"B01";"2";"2";"0";"2";"1";"1";"3";""
"202100037227";"135Â 140";"A01";"1";"7";"0";"2";"8";"15";"1";""
"202100037228";"135Â 138";"A01";"1";"7";"0";"1";"2";"26";"1";""
"202100037229";"135Â 136";"A01";"1";"7";"0";"2";"3";"19";"1";""
"202100037229";"135Â 137";"B01";"1";"1";"0";"2";"1";"1";"5";""
"202100037230";"135Â 134";"A01";"1";"7";"0";"2";"7";"17";"1";""
"202100037230";"135Â 135";"B01";"1";"1";"0";"2";"8";"1";"5";""
"202100037231";"135Â 133";"A01";"1";"7";"13";"0";"9";"21";"1";""
"202100037232";"135Â 131";"B01";"1";"7";"0";"2";"3";"1";"1";""
"202100037232";"135Â 132";"A01";"1";"7";"9";"2";"3";"11";"1";""
"202100037233";"135Â 129";"B01";"3";"2";"0";"2";"7";"1";"1";""
"202100037233";"135Â 130";"A01";"3";"7";"0";"2";"8";"11";"1";""
"202100037234";"135Â 128";"A01";"0";"7";"0";"1";"8";"1";"1";""
"202100037235";"135Â 126";"A01";"1";"7";"0";"2";"4";"1";"1";""
"202100037235";"135Â 127";"B01";"1";"2";"0";"2";"4";"1";"1";""
"202100037236";"135Â 124";"B01";"0";"10";"0";"2";"4";"2";"1";""
"202100037236";"135Â 125";"A01";"0";"7";"0";"2";"1";"2";"1";""
"202100037237";"135Â 122";"B01";"3";"33";"0";"2";"6";"26";"1";""
"202100037237";"135Â 123";"A01";"3";"7";"0";"2";"5";"26";"1";""
"202100037238";"135Â 120";"A01";"0";"7";"0";"2";"7";"9";"1";""
"202100037238";"135Â 121";"B01";"2";"33";"0";"2";"8";"1";"1";""
"202100037239";"135Â 118";"A01";"2";"7";"0";"2";"3";"13";"1";""
"202100037239";"135Â 119";"B01";"1";"7";"0";"2";"3";"1";"1";""
"202100037240";"135Â 115";"A01";"3";"7";"0";"2";"4";"23";"1";""
"202100037240";"135Â 116";"C01";"3";"7";"0";"2";"1";"1";"1";""
"202100037240";"135Â 117";"B01";"3";"7";"0";"2";"1";"1";"1";""
"202100037241";"135Â 113";"B01";"1";"7";"0";"0";"4";"23";"1";""
"202100037241";"135Â 114";"A01";"1";"10";"0";"2";"1";"1";"1";""
"202100037242";"135Â 111";"B01";"1";"37";"0";"2";"3";"1";"4";"1"
"202100037242";"135Â 112";"A01";"1";"7";"0";"2";"3";"1";"1";""
"202100037243";"135Â 109";"B01";"1";"30";"0";"2";"0";"0";"1";""
"202100037243";"135Â 110";"A01";"1";"7";"0";"2";"5";"1";"0";""
"202100037244";"135Â 107";"B01";"3";"7";"8";"2";"1";"26";"1";""
"202100037244";"135Â 108";"A01";"2";"7";"0";"2";"3";"26";"1";""
"202100037245";"135Â 105";"B01";"3";"7";"0";"2";"8";"16";"1";""
"202100037245";"135Â 106";"A01";"3";"2";"0";"2";"1";"1";"1";""
"202100037246";"135Â 103";"A01";"2";"7";"0";"2";"2";"15";"1";""
"202100037246";"135Â 104";"B01";"2";"7";"0";"2";"3";"1";"1";""
"202100037247";"135Â 101";"A01";"3";"7";"0";"2";"5";"15";"1";""
"202100037247";"135Â 102";"B01";"3";"7";"0";"2";"1";"1";"1";""
"202100037248";"135Â 099";"A01";"3";"7";"0";"2";"5";"16";"1";""
"202100037248";"135Â 100";"B01";"3";"1";"0";"2";"1";"2";"6";""
"202100037249";"135Â 097";"A01";"1";"7";"0";"2";"2";"1";"1";""
"202100037249";"135Â 098";"B01";"1";"7";"0";"2";"3";"1";"1";""
"202100037250";"135Â 095";"A01";"2";"7";"0";"2";"3";"15";"1";""
"202100037250";"135Â 096";"B01";"1";"1";"0";"2";"6";"1";"5";""
"202100037251";"135Â 093";"A01";"2";"7";"0";"2";"7";"1";"1";""
"202100037251";"135Â 094";"B01";"1";"7";"0";"2";"1";"1";"1";""
"202100037252";"135Â 091";"B01";"1";"7";"0";"2";"1";"1";"1";""
"202100037252";"135Â 092";"A01";"2";"43";"0";"2";"1";"15";"1";""
"202100037253";"135Â 089";"A01";"3";"7";"0";"2";"3";"19";"1";""
"202100037253";"135Â 090";"B01";"3";"33";"0";"2";"1";"1";"1";""
"202100037254";"135Â 088";"A01";"2";"3";"6";"0";"1";"21";"1";""
"202100037255";"135Â 086";"B01";"3";"7";"0";"2";"8";"0";"1";""
"202100037255";"135Â 087";"A01";"0";"7";"0";"2";"1";"0";"1";""
"202100037256";"135Â 084";"A01";"1";"7";"0";"2";"1";"1";"1";""
"202100037256";"135Â 085";"B01";"2";"7";"0";"2";"1";"1";"1";""
"202100037257";"135Â 083";"A01";"0";"7";"0";"0";"2";"1";"0";""
"202100037258";"135Â 081";"A01";"1";"7";"0";"2";"1";"15";"1";""
"202100037258";"135Â 082";"B01";"1";"2";"0";"2";"0";"1";"1";""
"202100037259";"135Â 079";"B01";"1";"7";"0";"2";"3";"1";"1";""
"202100037259";"135Â 080";"A01";"1";"30";"0";"2";"2";"16";"1";""
"202100037260";"135Â 077";"A01";"3";"7";"0";"2";"3";"15";"6";""
"202100037260";"135Â 078";"B01";"1";"31";"0";"2";"1";"1";"6";""
"202100037261";"135Â 075";"A01";"3";"7";"0";"2";"2";"16";"1";""
"202100037261";"135Â 076";"B01";"3";"1";"0";"2";"2";"13";"5";""
"202100037262";"135Â 070";"A01";"1";"30";"0";"2";"1";"5";"1";""
"202100037262";"135Â 071";"B01";"2";"30";"0";"2";"1";"1";"1";""
"202100037263";"135Â 068";"A01";"0";"7";"0";"2";"1";"21";"1";""
"202100037263";"135Â 069";"B01";"3";"7";"0";"2";"4";"16";"1";""
"202100037264";"135Â 066";"A01";"1";"10";"0";"2";"3";"15";"1";""
"202100037264";"135Â 067";"B01";"1";"7";"0";"2";"3";"1";"1";""
"202100037265";"135Â 064";"A01";"1";"7";"0";"2";"1";"1";"1";""
"202100037265";"135Â 065";"B01";"1";"33";"0";"2";"4";"1";"1";""
"202100037266";"135Â 063";"A01";"2";"33";"0";"0";"1";"1";"1";""
"202100037267";"135Â 061";"B01";"1";"7";"0";"2";"7";"1";"1";""
"202100037267";"135Â 062";"A01";"1";"32";"0";"2";"1";"26";"1";""
"202100037268";"135Â 059";"A01";"0";"7";"0";"2";"1";"9";"1";""
"202100037268";"135Â 060";"B01";"2";"33";"0";"2";"1";"17";"1";""
"202100037269";"135Â 058";"A01";"2";"7";"0";"1";"0";"11";"1";""
"202100037270";"135Â 055";"C01";"2";"7";"0";"2";"6";"1";"1";""
"202100037270";"135Â 056";"B01";"2";"7";"0";"2";"4";"1";"1";""
"202100037270";"135Â 057";"A01";"2";"7";"0";"2";"1";"1";"1";""
"202100037271";"135Â 053";"B01";"1";"32";"0";"2";"0";"0";"1";""
"202100037271";"135Â 054";"A01";"1";"7";"0";"2";"1";"9";"0";""
"202100037272";"135Â 051";"B01";"1";"7";"0";"2";"6";"15";"1";""
"202100037272";"135Â 052";"A01";"1";"33";"0";"2";"7";"17";"1";""
"202100037273";"135Â 048";"A01";"1";"7";"0";"2";"1";"2";"1";""
"202100037273";"135Â 049";"B01";"1";"7";"0";"2";"4";"2";"1";""
"202100037273";"135Â 050";"C01";"1";"7";"0";"2";"4";"2";"1";""
"202100037274";"135Â 046";"B01";"0";"1";"0";"2";"1";"1";"0";""
"202100037274";"135Â 047";"A01";"0";"7";"0";"2";"3";"15";"1";""
"202100037275";"135Â 043";"C01";"0";"10";"0";"2";"4";"1";"1";""
"202100037275";"135Â 044";"B01";"0";"7";"0";"2";"4";"1";"1";""
"202100037275";"135Â 045";"A01";"0";"7";"1";"0";"1";"2";"1";""
"202100037276";"135Â 042";"A01";"2";"7";"0";"1";"8";"2";"1";""
"202100037277";"135Â 041";"A01";"1";"7";"8";"0";"1";"1";"1";""
"202100037278";"135Â 039";"A01";"2";"7";"0";"2";"3";"9";"1";""
"202100037278";"135Â 040";"B01";"1";"33";"0";"2";"2";"1";"1";""
"202100037279";"135Â 038";"A01";"3";"2";"0";"0";"0";"9";"0";""
"202100037280";"135Â 035";"A01";"1";"33";"0";"2";"2";"3";"1";""
"202100037280";"135Â 036";"B01";"1";"7";"0";"2";"5";"1";"0";""
"202100037280";"135Â 037";"Z01";"0";"32";"0";"2";"0";"11";"0";""
"202100037281";"135Â 032";"A01";"1";"33";"0";"2";"2";"3";"1";""
"202100037281";"135Â 033";"C01";"1";"10";"0";"2";"5";"1";"0";""
"202100037281";"135Â 034";"B01";"1";"14";"0";"2";"6";"1";"1";""
"202100037282";"135Â 031";"A01";"2";"32";"0";"1";"1";"17";"1";""
"202100037283";"135Â 029";"A01";"2";"30";"0";"2";"2";"5";"3";""
"202100037283";"135Â 030";"B01";"1";"1";"0";"2";"3";"1";"5";""
"202100037284";"135Â 028";"A01";"1";"2";"0";"1";"1";"17";"3";""
"202100037285";"135Â 026";"B01";"1";"1";"0";"2";"1";"1";"5";""
"202100037285";"135Â 027";"A01";"1";"7";"0";"2";"1";"15";"1";""
"202100037286";"135Â 024";"A01";"2";"50";"0";"2";"4";"11";"3";""
"202100037286";"135Â 025";"B01";"2";"50";"0";"2";"1";"17";"3";""
"202100037287";"135Â 022";"A01";"1";"43";"0";"2";"7";"15";"1";""
"202100037287";"135Â 023";"Z01";"1";"7";"0";"2";"0";"16";"0";""
"202100037288";"135Â 021";"A01";"2";"34";"0";"1";"1";"5";"1";""