"Num_Acc";"id_vehicule";"num_veh";"senc";"catv";"obs";"obsm";"choc";"manv";"motor";"occutc"
"202100037289";"135Â 019";"B01";"3";"33";"0";"2";"7";"1";"1";""
"202100037289";"135Â 020";"A01";"3";"7";"0";"2";"8";"13";"1";""
"202100037290";"135Â 017";"B01";"1";"7";"0";"2";"4";"2";"1";""
"202100037290";"135Â 018";"A01";"1";"1";"0";"2";"1";"2";"5";""
"202100037291";"135Â 016";"A01";"1";"7";"0";"1";"1";"15";"1";""
"202100037292";"135Â 013";"A01";"3";"1";"0";"2";"7";"19";"5";""
"202100037292";"135Â 014";"B01";"3";"7";"0";"2";"3";"1";"3";""
"202100037292";"135Â 015";"C01";"3";"15";"0";"2";"2";"1";"1";""
"202100037293";"135Â 009";"A01";"1";"7";"1";"0";"2";"14";"1";""
"202100037293";"135Â 010";"B01";"1";"7";"1";"2";"4";"24";"1";""
"202100037293";"135Â 011";"C01";"1";"7";"1";"2";"4";"24";"1";""
"202100037293";"135Â 012";"D01";"2";"37";"12";"2";"6";"1";"6";"1"
"202100037294";"135Â 006";"Z01";"3";"7";"0";"2";"1";"11";"0";""
"202100037294";"135Â 007";"B01";"3";"7";"0";"2";"4";"23";"1";""
"202100037294";"135Â 008";"A01";"3";"7";"0";"2";"4";"1";"1";""
"202100037295";"135Â 005";"A01";"1";"1";"0";"0";"0";"21";"5";""
"202100037296";"135Â 004";"A01";"2";"1";"0";"1";"3";"16";"5";""
"202100037297";"135Â 002";"A01";"1";"80";"0";"2";"1";"1";"3";""
"202100037297";"135Â 003";"B01";"1";"10";"0";"9";"4";"23";"3";""
"202100037298";"135Â 000";"A01";"2";"7";"0";"2";"8";"15";"2";""
"202100037298";"135Â 001";"B01";"2";"1";"0";"2";"3";"1";"5";""
"202100037299";"134Â 998";"B01";"2";"31";"0";"0";"7";"1";"1";""
"202100037299";"134Â 999";"A01";"2";"7";"0";"2";"8";"11";"2";""
"202100037300";"134Â 996";"A01";"0";"7";"0";"2";"2";"15";"1";""
"202100037300";"134Â 997";"B01";"1";"7";"0";"2";"3";"1";"1";""
"202100037301";"134Â 995";"A01";"1";"2";"15";"2";"4";"19";"1";""
"202100037302";"134Â 993";"B01";"2";"33";"0";"2";"7";"2";"1";""
"202100037302";"134Â 994";"A01";"2";"7";"0";"2";"6";"2";"1";""
"202100037303";"134Â 992";"A01";"2";"34";"1";"0";"1";"2";"1";""
"202100037304";"134Â 990";"B01";"2";"33";"0";"2";"8";"0";"1";""
"202100037304";"134Â 991";"A01";"2";"7";"0";"2";"1";"0";"1";""
"202100037305";"134Â 988";"B01";"2";"1";"0";"2";"8";"2";"5";""
"202100037305";"134Â 989";"A01";"2";"7";"0";"2";"5";"17";"1";""
"202100037306";"134Â 987";"A01";"1";"2";"0";"1";"1";"1";"0";""
"202100037307";"134Â 985";"A01";"1";"7";"1";"0";"1";"1";"1";""
"202100037307";"134Â 986";"B01";"1";"7";"0";"2";"1";"0";"1";""
"202100037308";"134Â 984";"A01";"1";"99";"0";"1";"3";"9";"0";""
"202100037309";"134Â 983";"A01";"1";"7";"1";"0";"2";"1";"1";""
"202100037310";"134Â 981";"A01";"2";"10";"0";"2";"1";"1";"1";""
"202100037310";"134Â 982";"B01";"2";"7";"0";"2";"8";"0";"1";""
"202100037311";"134Â 979";"A01";"1";"30";"0";"2";"7";"19";"0";""
"202100037311";"134Â 980";"B01";"1";"7";"0";"2";"0";"0";"0";""
"202100037312";"134Â 977";"A01";"1";"7";"0";"2";"2";"2";"1";""
"202100037312";"134Â 978";"Y01";"1";"60";"0";"2";"4";"26";"5";""
"202100037313";"134Â 975";"A01";"1";"33";"0";"2";"1";"1";"1";""
"202100037313";"134Â 976";"B01";"1";"7";"0";"0";"0";"0";"0";""
"202100037314";"134Â 974";"A01";"0";"7";"0";"1";"3";"1";"2";""
"202100037315";"134Â 972";"B01";"1";"99";"0";"0";"8";"23";"6";""
"202100037315";"134Â 973";"A01";"1";"1";"0";"2";"1";"17";"5";""
"202100037316";"134Â 970";"A01";"1";"7";"0";"2";"2";"10";"1";""
"202100037316";"134Â 971";"B01";"1";"32";"0";"2";"1";"17";"1";""
"202100037317";"134Â 968";"A01";"1";"43";"0";"2";"8";"15";"1";""
"202100037317";"134Â 969";"B01";"1";"7";"0";"2";"7";"1";"1";""
"202100037318";"134Â 966";"B01";"1";"32";"0";"2";"1";"1";"1";""
"202100037318";"134Â 967";"A01";"1";"10";"0";"2";"1";"1";"1";""
"202100037319";"134Â 964";"A01";"2";"7";"0";"1";"2";"16";"2";""
"202100037319";"134Â 965";"Y01";"1";"60";"0";"2";"7";"19";"5";""
"202100037320";"134Â 963";"A01";"1";"31";"0";"0";"0";"1";"1";""
"202100037321";"134Â 961";"B01";"0";"1";"0";"0";"0";"0";"0";""
"202100037321";"134Â 962";"A01";"0";"7";"0";"0";"0";"0";"1";""
"202100037322";"134Â 959";"A01";"2";"7";"0";"2";"2";"17";"1";""
"202100037322";"134Â 960";"B01";"2";"1";"0";"2";"0";"0";"5";""
"202100037323";"134Â 957";"A01";"3";"99";"0";"9";"2";"10";"1";""
"202100037323";"134Â 958";"B01";"3";"1";"0";"2";"0";"1";"5";""
"202100037324";"134Â 955";"B01";"2";"2";"0";"2";"1";"0";"1";""
"202100037324";"134Â 956";"Z01";"1";"7";"0";"2";"3";"15";"1";""
"202100037325";"134Â 953";"B01";"2";"1";"0";"2";"0";"1";"0";""
"202100037325";"134Â 954";"A01";"1";"7";"0";"2";"2";"16";"1";""
"202100037326";"134Â 951";"A01";"2";"10";"0";"0";"0";"14";"1";""
"202100037326";"134Â 952";"B01";"2";"50";"0";"0";"0";"5";"3";""
"202100037327";"134Â 949";"A01";"2";"80";"0";"2";"1";"13";"3";""
"202100037327";"134Â 950";"B01";"1";"10";"0";"2";"2";"0";"1";""
"202100037328";"134Â 947";"A01";"2";"7";"0";"2";"3";"1";"1";""
"202100037328";"134Â 948";"B01";"1";"7";"0";"2";"3";"1";"1";""
"202100037329";"134Â 945";"B01";"1";"1";"0";"0";"9";"26";"5";""
"202100037329";"134Â 946";"A01";"1";"7";"0";"0";" -1";"1";"1";""
"202100037330";"134Â 942";"A01";"3";"7";"0";"1";"4";"20";"1";""
"202100037331";"134Â 940";"A01";"1";"7";"0";"2";"1";"0";"1";""
"202100037331";"134Â 941";"B01";"1";"17";"0";"2";"4";"0";"1";""
"202100037332";"134Â 938";"B01";"2";"7";"1";"0";"2";"21";"1";""
"202100037332";"134Â 939";"A01";"2";"7";"0";"2";"5";"23";"1";""
"202100037333";"134Â 936";"A01";"1";"7";"0";"2";"3";"1";"1";""
"202100037333";"134Â 937";"B01";"2";"7";"0";"2";"6";"1";"1";""
"202100037334";"134Â 932";"A01";"1";"7";"0";"2";"0";"0";"1";""
"202100037334";"134Â 933";"B01";"1";"7";"0";"2";"4";"1";"1";""
"202100037335";"134Â 930";"A01";"2";"10";"0";"2";"2";"17";"1";""
"202100037335";"134Â 931";"B01";"1";"33";"0";"2";"2";"1";"1";""
"202100037336";"134Â 927";"C01";"1";"15";"0";"2";"6";"1";"1";""
"202100037336";"134Â 928";"B01";"2";"14";"0";"2";"8";"1";"1";""
"202100037336";"134Â 929";"A01";"2";"1";"0";"2";"7";"3";"5";""
"202100037337";"134Â 925";"A01";"2";"7";"0";"2";"2";"15";"1";""
"202100037337";"134Â 926";"B01";"1";"33";"0";"2";"2";"1";"1";""
"202100037338";"134Â 924";"B01";"1";"33";"0";"0";"8";"21";"1";""
"202100037339";"134Â 923";"A01";"2";"33";"0";"0";"7";"1";"1";""
"202100037340";"134Â 921";"B01";"2";"31";"0";"2";"8";"11";"1";""
"202100037340";"134Â 922";"A01";"2";"7";"0";"2";"7";"17";"1";""
"202100037341";"134Â 920";"A01";"1";"7";"2";"0";"1";"14";"1";""
"202100037342";"134Â 918";"B01";"1";"7";"0";"2";"3";"15";"1";""
"202100037342";"134Â 919";"A01";"1";"33";"0";"2";"2";"17";"1";""
"202100037343";"134Â 917";"A01";"2";"7";"6";"0";"1";"1";"1";""
"202100037344";"134Â 915";"B01";"2";"7";"0";"2";"8";"1";"1";""
"202100037344";"134Â 916";"A01";"1";"7";"0";"2";"1";"1";"1";""
"202100037345";"134Â 913";"A01";"1";"7";"0";"2";"3";"13";"1";""
"202100037345";"134Â 914";"B01";"2";"15";"0";"2";"1";"1";"1";""
"202100037346";"134Â 911";"A01";"1";"10";"0";"2";"1";"1";"1";""
"202100037346";"134Â 912";"B01";"2";"1";"0";"2";"7";"6";"5";""
"202100037347";"134Â 910";"A01";"1";"2";"0";"0";"0";"1";"1";""
"202100037348";"134Â 909";"A01";"2";"7";"2";"0";"2";"1";"1";""
"202100037349";"134Â 908";"A01";"1";"7";"1";"0";"1";"1";"1";""
"202100037350";"134Â 905";"B01";"2";"15";"0";"2";"1";"1";"1";""
"202100037350";"134Â 906";"A01";"1";"7";"0";"2";"8";"15";"1";""
"202100037351";"134Â 904";"A01";"1";"7";"1";"0";"2";"14";"1";""
"202100037352";"134Â 902";"B01";"1";"3";"0";"2";"3";"1";"1";""
"202100037352";"134Â 903";"A01";"2";"7";"0";"2";"3";"15";"1";""
"202100037353";"134Â 900";"A01";"1";"33";"0";"5";"1";"1";"1";""
"202100037353";"134Â 901";"B01";"1";"33";"0";"2";"1";"1";"1";""
"202100037354";"134Â 898";"A01";"2";"7";"0";"9";"3";"9";"1";""
"202100037354";"134Â 899";"B01";"2";"1";"0";"2";"1";"9";"5";""
"202100037355";"134Â 896";"B01";"2";"10";"0";"2";"3";"1";"1";""
"202100037355";"134Â 897";"A01";"3";"2";"0";"2";"7";"15";"1";""
"202100037356";"134Â 894";"A01";"1";"33";"0";"2";"1";"13";"1";""
"202100037356";"134Â 895";"B01";"2";"7";"0";"2";"6";"1";"1";""
"202100037357";"134Â 893";"A01";"0";"2";"13";"0";"1";"0";"1";""
"202100037358";"134Â 891";"B01";"1";"33";"0";"2";"1";"1";"1";""
"202100037358";"134Â 892";"A01";"2";"7";"0";"2";"1";"19";"1";""
"202100037359";"134Â 889";"B01";"2";"2";"0";"2";"1";"1";"1";""
"202100037359";"134Â 890";"A01";"1";"7";"0";"2";"5";"15";"1";""
"202100037360";"134Â 888";"A01";"2";"7";"0";"1";"1";"1";"1";""
"202100037361";"134Â 887";"A01";"0";"7";"0";"0";"3";"1";"1";""
"202100037362";"134Â 885";"A01";"1";"7";"0";"2";"6";"9";"1";""
"202100037362";"134Â 886";"B01";"1";"17";"0";"2";"2";"1";"1";""
"202100037363";"134Â 883";"A01";"3";"2";"0";"2";"1";"13";"1";""
"202100037363";"134Â 884";"B01";"3";"33";"0";"2";"1";"1";"1";""
"202100037364";"134Â 882";"A01";"1";"7";"8";"0";"2";"2";"1";""
"202100037365";"134Â 880";"A01";"2";"33";"0";"2";"1";"2";"1";""
"202100037365";"134Â 881";"B01";"2";"7";"0";"2";"4";"0";"1";""
"202100037366";"134Â 878";"A01";"1";"7";"0";"1";"0";"0";"1";""
"202100037366";"134Â 879";"B01";"1";"1";"0";"2";"0";"0";"5";""
"202100037367";"134Â 876";"B01";"3";"1";"0";"2";"8";"2";"5";""
"202100037367";"134Â 877";"A01";"3";"7";"0";"2";"6";"2";"1";""
"202100037368";"134Â 874";"A01";"1";"10";"0";"2";"1";"13";"1";""
"202100037368";"134Â 875";"B01";"2";"7";"0";"2";"1";"26";"1";""
"202100037369";"134Â 873";"A01";"1";"7";"1";"0";"1";"1";"1";""
"202100037370";"134Â 871";"B01";"3";"7";"0";"2";"3";"15";"1";""
"202100037370";"134Â 872";"A01";"3";"33";"0";"2";"3";"1";"1";""
"202100037371";"134Â 869";"A01";"1";"10";"0";"0";"5";"15";"1";""
"202100037371";"134Â 870";"B01";"1";"33";"0";"2";"1";"2";"1";""
"202100037372";"134Â 868";"A01";"2";"2";"3";"0";"1";"1";"1";""
"202100037373";"134Â 867";"A01";"2";"1";"0";"0";"9";"1";"5";""
"202100037374";"134Â 865";"A01";"2";"7";"3";"2";"2";"3";"1";""
"202100037374";"134Â 866";"B01";"2";"15";"0";"0";"6";"1";"1";""
"202100037375";"134Â 864";"A01";"1";"33";"6";"0";"3";"1";"1";""
"202100037376";"134Â 862";"B01";"1";"17";"0";"2";"3";"1";"1";""
"202100037376";"134Â 863";"A01";"1";"7";"12";"2";"3";"1";"1";""
"202100037377";"134Â 860";"A01";"2";"7";"0";"2";"3";"15";"0";""
"202100037377";"134Â 861";"B01";"2";"32";"0";"2";"8";"1";"1";""
"202100037378";"134Â 858";"A01";"3";"33";"0";"2";"0";"1";"1";""
"202100037378";"134Â 859";"B01";"3";"14";"0";"2";"8";"1";"1";""
"202100037379";"134Â 854";"B01";"1";"33";"0";"2";"1";"1";"1";""
"202100037379";"134Â 855";"A01";"1";"7";"0";"2";"6";"2";"1";""
"202100037380";"134Â 853";"A01";"1";"31";"13";"0";"2";"1";"1";""
"202100037381";"134Â 851";"A01";"1";"7";"0";"2";"3";"19";"1";""
"202100037381";"134Â 852";"B01";"2";"7";"0";"2";"0";"1";"1";""
"202100037382";"134Â 850";"A01";"2";"7";"0";"1";"2";"16";"1";""
"202100037383";"134Â 848";"A01";"0";"7";"0";"1";"3";"1";"1";""
"202100037384";"134Â 845";"A01";"0";"7";"8";"0";"1";"1";"1";""
"202100037385";"134Â 842";"C01";"1";"7";"0";"2";"4";"1";"1";""
"202100037385";"134Â 843";"B01";"1";"10";"0";"2";"4";"1";"1";""
"202100037385";"134Â 844";"A01";"1";"10";"0";"2";"1";"2";"1";""
"202100037386";"134Â 841";"A01";"1";"17";"0";"0";"0";"0";"1";""
"202100037387";"134Â 837";"D01";"2";"7";"0";"2";"4";"1";"1";""
"202100037387";"134Â 838";"C01";"2";"33";"0";"2";"4";"1";"1";""
"202100037387";"134Â 839";"B01";"2";"7";"0";"2";"4";"2";"1";""
"202100037387";"134Â 840";"A01";"2";"7";"0";"2";"1";"1";"1";""
"202100037388";"134Â 836";"A01";"1";"34";"3";"0";"1";"0";"1";""
"202100037389";"134Â 833";"A01";"2";"7";"0";"2";"1";"1";"1";""
"202100037389";"134Â 834";"B01";"2";"7";"0";"2";"4";"2";"1";""
"202100037389";"134Â 835";"C01";"2";"7";"0";"2";"4";"2";"1";""
"202100037390";"134Â 831";"A01";"1";"10";"0";"2";"1";"2";"1";""
"202100037390";"134Â 832";"B01";"1";"7";"0";"2";"4";"2";"1";""
"202100037391";"134Â 829";"B01";"2";"7";"0";"2";"0";"0";"1";""
"202100037391";"134Â 830";"A01";"2";"10";"0";"2";"1";"2";"1";""
"202100037392";"134Â 827";"B01";"1";"10";"0";"2";"6";"1";"1";""
"202100037392";"134Â 828";"A01";"1";"33";"0";"2";"2";"3";"1";""
"202100037393";"134Â 823";"A01";"1";"7";"0";"2";"2";"17";"2";""
"202100037393";"134Â 824";"B01";"1";"7";"0";"2";"6";"1";"1";""
"202100037393";"134Â 825";"C01";"1";"7";"0";"2";"5";"1";"1";""
"202100037393";"134Â 826";"D01";"1";"7";"0";"2";"2";"1";"1";""
"202100037394";"134Â 821";"A01";"1";"7";"0";"2";"1";"1";"1";""
"202100037394";"134Â 822";"B01";"1";"7";"0";"2";"4";"2";"1";""
"202100037395";"134Â 819";"A01";"2";"7";"0";"2";"6";"9";"1";""
"202100037395";"134Â 820";"B01";"1";"15";"0";"2";"2";"2";"1";""
"202100037396";"134Â 817";"A01";"1";"10";"1";"0";"1";"2";"1";""
"202100037396";"134Â 818";"B01";"2";"7";"0";"2";"4";"23";"1";""
"202100037397";"134Â 815";"A01";"2";"7";"0";"2";"8";"0";"1";""
"202100037397";"134Â 816";"B01";"2";"31";"4";"2";"0";"0";"1";""
"202100037398";"134Â 814";"A01";"2";"33";"0";"2";"6";"1";"1";""
"202100037399";"134Â 813";"A01";"3";"7";"0";"1";"2";"14";"1";""
"202100037400";"134Â 811";"B01";"2";"7";"0";"2";"3";"1";"1";""
"202100037400";"134Â 812";"A01";"1";"13";"0";"2";"2";"15";"1";""
"202100037401";"134Â 810";"A01";"1";"7";"0";"1";"4";"4";"1";""
"202100037402";"134Â 808";"A01";"1";"7";"0";"2";"2";"12";"1";""
"202100037402";"134Â 809";"B01";"1";"7";"0";"2";"3";"1";"1";""
"202100037403";"134Â 806";"B01";"2";"7";"0";"2";"3";"26";"1";""
"202100037403";"134Â 807";"A01";"1";"7";"0";"2";"3";"13";"1";""
"202100037404";"134Â 804";"B01";"0";"7";"0";"2";"1";"24";"0";""
"202100037404";"134Â 805";"A01";"0";"7";"0";"2";"1";"26";"0";""
"202100037405";"134Â 802";"B01";"1";"1";"0";"2";"2";"1";"5";""
"202100037405";"134Â 803";"A01";"1";"10";"0";"2";"3";"9";"1";""
"202100037406";"134Â 801";"A01";" -1";"32";"0";"2";"1";"19";"1";""
"202100037407";"134Â 800";"A01";"2";"7";"0";"1";"1";"15";"1";""
"202100037408";"134Â 798";"A01";"2";"7";"15";"2";"3";"0";"1";""
"202100037408";"134Â 799";"B01";"3";"7";"0";"2";"5";"1";"1";""
"202100037409";"134Â 796";"A01";"2";"7";"0";"2";"4";"1";"1";""
"202100037409";"134Â 797";"B01";"2";"7";"0";"2";"1";"1";"1";""
"202100037410";"134Â 794";"A01";"1";"30";"0";"2";"8";"1";"1";""
"202100037410";"134Â 795";"B01";"1";"7";"0";"2";"2";"12";"1";""
"202100037411";"134Â 793";"A01";"3";"33";"12";"0";"2";"1";"1";""
"202100037412";"134Â 791";"A01";"2";"7";"0";"2";"2";"19";"1";""
"202100037412";"134Â 792";"B01";"1";"2";"0";"2";"8";"1";"1";""
"202100037413";"134Â 789";"B01";"3";"33";"0";"2";"2";"17";"1";""
"202100037413";"134Â 790";"A01";"3";"7";"0";"2";"3";"15";"1";""
"202100037414";"134Â 788";"A01";"1";"7";"0";"1";"1";"1";"1";""
"202100037415";"134Â 786";"B01";"2";"7";"0";"2";"1";"9";"0";""
"202100037415";"134Â 787";"A01";"1";"7";"0";"2";"7";"26";"0";""
"202100037416";"134Â 782";"A01";"1";"7";"0";"2";"1";"1";"1";""
"202100037416";"134Â 783";"B01";"1";"7";"0";"2";"1";"1";"1";""
"202100037417";"134Â 780";"A01";"2";"2";"0";"2";"1";"13";"1";""
"202100037417";"134Â 781";"B01";"1";"1";"0";"2";"3";"1";"5";""
"202100037418";"134Â 773";"A01";"2";"7";"2";"2";"1";"1";"1";""
"202100037418";"134Â 774";"B01";"0";"7";"0";"2";"2";"15";"1";""
"202100037419";"134Â 772";"A01";"3";"7";"0";"1";"2";"26";"1";""
"202100037420";"134Â 770";"B01";"2";"7";"0";"2";"3";"9";"1";""
"202100037420";"134Â 771";"A01";"2";"50";"0";"2";"3";"15";"3";""
"202100037421";"134Â 768";"A01";"1";"7";"0";"2";"1";"21";"1";""
"202100037421";"134Â 769";"B01";"3";"50";"0";"2";"0";"19";"3";""
"202100037422";"134Â 766";"A01";"3";"7";"0";"2";"1";"1";"1";""
"202100037422";"134Â 767";"B01";"3";"7";"0";"2";"4";"1";"1";""
"202100037423";"134Â 764";"B01";"2";"7";"0";"1";"1";"1";"1";""
"202100037423";"134Â 765";"A01";"1";"7";"0";"1";"1";"1";"1";""
"202100037424";"134Â 762";"B01";"1";"7";"0";"2";"2";"1";"1";""
"202100037424";"134Â 763";"A01";"2";"7";"0";"2";"1";"1";"1";""
"202100037425";"134Â 761";"A01";"1";"33";"0";"0";"7";"1";"1";""
"202100037426";"134Â 758";"C01";"1";"7";"0";"0";"0";"0";"1";""
"202100037426";"134Â 759";"B01";"0";"2";"1";"2";"9";"1";"1";""
"202100037426";"134Â 760";"A01";"1";"10";"1";"2";"8";"24";"1";""
"202100037427";"134Â 756";"B01";"2";"7";"0";"2";"1";"16";"1";""
"202100037427";"134Â 757";"A01";"3";"1";"0";"2";"8";"25";"0";""
"202100037428";"134Â 754";"A01";"1";"7";"0";"2";"5";"19";"1";""
"202100037428";"134Â 755";"B01";"2";"7";"0";"2";"3";"1";"1";""
"202100037429";"134Â 752";"A01";"1";"7";"0";"2";"1";"15";"1";""
"202100037429";"134Â 753";"B01";"2";"32";"0";"2";"2";"1";"1";""
"202100037430";"134Â 751";"A01";"1";"33";"0";"5";"1";"1";"1";""
"202100037431";"134Â 749";"A01";"3";"10";"9";"2";"1";"26";"1";""
"202100037431";"134Â 750";"B01";"3";"7";"0";"0";"4";"1";"1";""
"202100037432";"134Â 748";"A01";"1";"7";"13";"0";"2";"14";"1";""
"202100037433";"134Â 746";"A01";"1";"33";"0";"2";"1";"2";"1";""
"202100037433";"134Â 747";"B01";"1";"7";"0";"2";"6";"20";"1";""
"202100037434";"134Â 744";"B01";"1";"7";"0";"2";"3";"15";"1";""
"202100037434";"134Â 745";"A01";"1";"31";"0";"2";"3";"17";"1";""
"202100037435";"134Â 743";"Z01";"2";"7";"0";"1";"0";"1";"0";""
"202100037436";"134Â 741";"A01";"2";"32";"0";"2";"1";"2";"1";""
"202100037436";"134Â 742";"B01";"2";"7";"0";"2";"5";"23";"1";""
"202100037437";"134Â 739";"A01";"1";"7";"0";"2";"1";"1";"1";""
"202100037437";"134Â 740";"B01";"1";"7";"0";"2";"1";"1";"1";""
"202100037438";"134Â 738";"A01";"1";"7";"13";"0";"9";"14";"1";""
"202100037439";"134Â 736";"A01";"0";"7";"1";"0";"1";"13";"1";""
"202100037439";"134Â 737";"B01";"3";"7";"0";"2";"1";"24";"1";""
"202100037440";"134Â 735";"A01";"1";"30";"6";"0";"1";"1";"1";""
"202100037441";"134Â 733";"B01";"1";"7";"1";"2";"4";"1";"1";""
"202100037441";"134Â 734";"A01";"1";"10";"0";"2";"1";"1";"1";""
"202100037442";"134Â 731";"B01";"3";"33";"0";"2";"2";"2";"1";""
"202100037442";"134Â 732";"A01";"0";"32";"0";"2";"1";"9";"1";""
"202100037443";"134Â 729";"A01";"1";"7";"0";"2";"1";"1";"1";""
"202100037443";"134Â 730";"B01";"1";"1";"0";"2";"1";"13";"5";""
"202100037444";"134Â 727";"B01";"2";"7";"0";"2";"4";"12";"1";""
"202100037444";"134Â 728";"A01";"2";"33";"0";"2";"1";"3";"1";""
"202100037445";"134Â 726";"A01";"1";"7";"0";"1";"1";"1";"1";""
"202100037446";"134Â 724";"A01";"3";"1";"0";"2";"1";"2";"5";""
"202100037446";"134Â 725";"B01";"3";"50";"0";"2";"8";"19";"3";""
"202100037447";"134Â 723";"A01";"3";"7";"1";"0";"1";"14";"1";""
"202100037448";"134Â 721";"A01";"2";"7";"0";"2";"7";"1";"1";""
"202100037448";"134Â 722";"B01";"1";"7";"0";"2";"1";"1";"1";""
"202100037449";"134Â 719";"A01";"1";"30";"0";"2";"7";"17";"1";""
"202100037449";"134Â 720";"B01";"1";"7";"0";"2";"3";"15";"1";""
"202100037450";"134Â 718";"A01";"0";"7";"1";"1";"1";"1";"1";""
"202100037451";"134Â 716";"A01";"1";"7";"0";"2";"2";"16";"1";""
"202100037451";"134Â 717";"B01";"1";"1";"0";"2";"1";"1";"5";""
"202100037452";"134Â 715";"A01";"0";"32";"12";"0";"1";"1";"1";""
"202100037453";"134Â 714";"Z01";"3";"80";"0";"1";"1";"1";"3";""
"202100037454";"134Â 713";"A01";"1";"1";"0";"0";"1";"13";"5";""
"202100037455";"134Â 711";"A01";"1";"7";"0";"2";"4";"2";"1";""
"202100037455";"134Â 712";"B01";"1";"2";"0";"2";"1";"2";"1";""
"202100037456";"134Â 710";"A01";"1";"30";"1";"0";"7";"0";"1";""
"202100037457";"134Â 709";"A01";"1";"7";"0";"1";"1";"15";"1";""
"202100037458";"134Â 708";"A01";"2";"10";"0";"1";"1";"1";"1";""
"202100037459";"134Â 707";"A01";"1";"7";"0";"1";"4";"20";"1";""
"202100037460";"134Â 705";"B01";"2";"7";"4";"2";"2";"1";"1";""
"202100037460";"134Â 706";"A01";"1";"7";"4";"2";"3";"16";"1";""
"202100037461";"134Â 703";"B01";"2";"1";"0";"2";"1";"2";"5";""
"202100037461";"134Â 704";"A01";"2";"7";"0";"2";"7";"2";"1";""
"202100037462";"134Â 702";"A01";"1";"1";"12";"0";"1";"0";"5";""
"202100037463";"134Â 700";"B01";"2";"1";"0";"2";"1";"15";"0";""
"202100037463";"134Â 701";"A01";"1";"7";"0";"2";"1";"1";"1";""
"202100037464";"134Â 698";"B01";"1";"7";"0";"2";"2";"16";"1";""
"202100037464";"134Â 699";"A01";"1";"50";"0";"2";"3";"25";"3";""
"202100037465";"134Â 696";"B01";"1";"7";"0";"2";"8";"19";"1";""
"202100037465";"134Â 697";"A01";"3";"7";"0";"2";"1";"19";"1";""
"202100037466";"134Â 695";"A01";"1";"10";"0";"0";"0";"1";"1";""
"202100037467";"134Â 694";"A01";"2";"33";"0";"0";"3";"1";"1";""
"202100037468";"134Â 693";"A01";"3";"33";"2";"0";"1";"1";"1";""
"202100037469";"134Â 691";"A01";"1";"7";"0";"2";"4";"1";"1";""
"202100037469";"134Â 692";"B01";"1";"10";"0";"2";"1";"1";"1";""
"202100037470";"134Â 690";"A01";"2";"7";"14";"0";"3";"1";"1";""
"202100037471";"134Â 689";"A01";"2";"33";"0";"0";"0";"1";"1";""
"202100037472";"134Â 688";"A01";"1";"7";"0";"0";"3";"0";"1";""
"202100037473";"134Â 686";"B01";"2";"7";"0";"2";"3";"1";"1";""
"202100037473";"134Â 687";"A01";"1";"7";"0";"2";"3";"13";"1";""
"202100037474";"134Â 684";"A01";"1";"33";"0";"2";"3";"1";"1";""
"202100037474";"134Â 685";"B01";"1";"7";"0";"2";"2";"19";"1";""
"202100037475";"134Â 683";"A01";"0";"33";"15";"0";"1";"1";"1";""
"202100037476";"134Â 681";"A01";"2";"7";"3";"2";"1";"2";"1";""
"202100037476";"134Â 682";"B01";"2";"17";"0";"2";"8";"2";"1";""
"202100037477";"134Â 680";"A01";"1";"7";"13";"0";"1";"1";"1";""
"202100037478";"134Â 678";"A01";"1";"7";"8";"2";"1";"1";"1";""
"202100037478";"134Â 679";"B01";"2";"1";"0";"2";"8";"1";"5";""
"202100037479";"134Â 676";"A01";"2";"7";"1";"2";"2";"5";"1";""
"202100037479";"134Â 677";"B01";"1";"7";"0";"2";"2";"2";"1";""
"202100037480";"134Â 674";"A01";"3";"7";"0";"9";"3";"3";"1";""
"202100037480";"134Â 675";"B01";"3";"1";"0";"2";"1";"1";"5";""
"202100037481";"134Â 672";"B01";"1";"7";"0";"0";"1";"1";"1";""
"202100037481";"134Â 673";"A01";"2";"10";"0";"0";"2";"1";"1";""
"202100037482";"134Â 670";"B01";"1";"33";"0";"2";"1";"2";"1";""
"202100037482";"134Â 671";"A01";"1";"33";"12";"0";"4";"1";"1";""
"202100037483";"134Â 668";"A01";"3";"7";"0";"2";"1";"15";"1";""
"202100037483";"134Â 669";"B01";"3";"7";"0";"2";"1";"16";"1";""
"202100037484";"134Â 667";"A01";"0";"7";"13";"0";"3";"13";"1";""
"202100037485";"134Â 666";"A01";"2";"80";"0";"0";"0";"1";"3";""
"202100037486";"134Â 665";"A01";"0";"31";"0";"0";"0";"16";"1";""
"202100037487";"134Â 663";"B01";"1";"7";"0";"2";"1";"1";"1";""
"202100037487";"134Â 664";"A01";"2";"7";"0";"2";"0";"13";"1";""
"202100037488";"134Â 661";"B01";"1";"7";"0";"2";"8";"1";"1";""
"202100037488";"134Â 662";"A01";"2";"33";"0";"2";"1";"13";"1";""
"202100037489";"134Â 659";"A01";"1";"7";"0";"2";"1";"13";"1";""
"202100037489";"134Â 660";"B01";"1";"7";"0";"2";"1";"1";"1";""
"202100037490";"134Â 658";"A01";"0";"50";"0";"0";"0";"0";"3";""
"202100037491";"134Â 656";"B01";"2";"33";"0";"2";"1";"13";"1";""
"202100037491";"134Â 657";"A01";"1";"7";"0";"2";"3";"10";"1";""