"Num_Acc";"id_vehicule";"num_veh";"senc";"catv";"obs";"obsm";"choc";"manv";"motor";"occutc"
"202100037492";"134Â 655";"A01";"3";"2";"0";"0";"0";"1";"1";""
"202100037493";"134Â 653";"A01";"3";"1";"0";"2";"8";"19";"5";""
"202100037493";"134Â 654";"B01";"3";"7";"0";"2";"3";"1";"1";""
"202100037494";"134Â 651";"B01";"2";"1";"0";"2";"1";"0";"5";""
"202100037494";"134Â 652";"A01";"1";"10";"0";"9";"8";"15";"1";""
"202100037495";"134Â 647";"D01";"1";"10";"0";"9";"3";"1";"1";""
"202100037495";"134Â 648";"C01";"1";"7";"0";"9";"1";"1";"1";""
"202100037495";"134Â 649";"B01";"1";"7";"0";"2";"5";"15";"1";""
"202100037495";"134Â 650";"A01";"2";"33";"0";"2";"1";"1";"1";""
"202100037496";"134Â 646";"A01";"1";"7";"6";"0";"1";"1";"1";""
"202100037497";"134Â 645";"A01";"3";"33";"16";"0";"7";"15";"1";""
"202100037498";"134Â 642";"A01";"2";"10";"0";"2";"2";"17";"1";""
"202100037498";"134Â 643";"B01";"2";"7";"0";"2";"3";"13";"1";""
"202100037498";"134Â 644";"C01";"2";"21";"0";"0";"6";"1";"1";""
"202100037499";"134Â 640";"A01";"1";"7";"0";"2";"8";"15";"1";""
"202100037499";"134Â 641";"B01";"2";"2";"0";"2";"1";"1";"1";""
"202100037500";"134Â 638";"B01";"0";"7";"13";"2";"1";"17";"1";""
"202100037500";"134Â 639";"A01";"0";"31";"0";"2";"8";"11";"1";""
"202100037501";"134Â 636";"A01";"3";"33";"0";"2";"1";"13";"1";""
"202100037501";"134Â 637";"B01";"3";"7";"0";"2";"3";"1";"1";""
"202100037502";"134Â 634";"A01";"1";"7";"0";"2";"3";"13";"1";""
"202100037502";"134Â 635";"B01";"2";"33";"0";"2";"3";"1";"1";""
"202100037503";"134Â 632";"B01";"1";"7";"0";"0";"2";"13";"1";""
"202100037503";"134Â 633";"A01";"2";"7";"0";"2";"2";"13";"1";""
"202100037504";"134Â 630";"B01";"1";"33";"0";"2";"7";"17";"1";""
"202100037504";"134Â 631";"A01";"1";"7";"0";"0";"6";"1";"0";""
"202100037505";"134Â 628";"B01";"2";"33";"0";"2";"1";"1";"1";""
"202100037505";"134Â 629";"A01";"1";"7";"2";"2";"3";"5";"1";""
"202100037506";"134Â 626";"A01";"2";"13";"3";"2";"2";"13";"1";""
"202100037506";"134Â 627";"B01";"1";"7";"0";"0";"2";"1";"1";""
"202100037507";"134Â 625";"A01";"2";"2";"13";"0";"1";"1";"1";""
"202100037508";"134Â 623";"B01";"2";"33";"0";"2";"2";"1";"1";""
"202100037508";"134Â 624";"A01";"1";"7";"0";"2";"8";"9";"1";""
"202100037509";"134Â 620";"A01";"1";"10";"0";"2";"1";"13";"1";""
"202100037509";"134Â 621";"B01";"1";"7";"0";"2";"1";"1";"1";""
"202100037509";"134Â 622";"C01";"1";"7";"0";"2";"1";"2";"2";""
"202100037510";"134Â 618";"A01";"2";"31";"0";"2";"1";"13";"1";""
"202100037510";"134Â 619";"B01";"1";"33";"0";"2";"1";"1";"1";""
"202100037511";"134Â 616";"B01";"1";"7";"0";"2";"3";"14";"2";""
"202100037511";"134Â 617";"A01";"2";"7";"0";"2";"2";"13";"1";""
"202100037512";"134Â 615";"A01";"2";"34";"0";"0";"7";"1";"1";""
"202100037513";"134Â 614";"A01";"1";"7";"5";"0";"1";"1";"1";""
"202100037514";"134Â 611";"A01";"2";"7";"0";"2";"1";"2";"1";""
"202100037514";"134Â 612";"B01";"2";"7";"0";"0";"4";"2";"1";""
"202100037514";"134Â 613";"C01";"2";"7";"14";"0";"1";"1";"1";""
"202100037515";"134Â 608";"A01";"2";"17";"4";"2";"8";"11";"1";""
"202100037515";"134Â 609";"B01";"2";"7";"4";"2";"7";"1";"1";""
"202100037515";"134Â 610";"C01";"1";"7";"0";"9";"1";"26";"1";""
"202100037516";"134Â 607";"A01";"1";"7";"0";"0";"0";"1";"1";""
"202100037517";"134Â 606";"A01";"2";"7";"0";"1";"1";"16";"1";""
"202100037518";"134Â 603";"B01";"2";"7";"0";"2";"3";"0";"1";""
"202100037518";"134Â 604";"A01";"1";"7";"0";"2";"1";"1";"1";""
"202100037519";"134Â 601";"B01";"2";"7";"0";"0";"1";"0";"1";""
"202100037519";"134Â 602";"A01";"2";"7";"7";"0";"8";"1";"1";""
"202100037520";"134Â 597";"A01";"1";"7";"0";"2";"8";"15";"1";""
"202100037520";"134Â 598";"B01";"1";"7";"0";"2";"1";"1";"1";""
"202100037521";"134Â 595";"A01";"2";"7";"0";"2";"1";"1";"1";""
"202100037521";"134Â 596";"B01";"1";"10";"0";"2";"7";"15";"1";""
"202100037522";"134Â 594";"A01";"2";"7";"2";"0";"5";"13";"1";""
"202100037523";"134Â 592";"B01";"1";"7";"0";"2";"1";"1";"1";""
"202100037523";"134Â 593";"A01";"0";"7";"0";"2";"8";"15";"1";""
"202100037524";"134Â 590";"B01";"2";"7";"0";"2";"3";"1";"1";""
"202100037524";"134Â 591";"A01";"1";"33";"0";"2";"3";"13";"1";""
"202100037525";"134Â 589";"A01";"1";"33";"0";"0";"1";"1";"1";""
"202100037526";"134Â 588";"A01";"2";"33";"12";"0";"1";"16";"1";""
"202100037527";"134Â 586";"B01";"1";"7";"0";"2";"0";"17";"1";""
"202100037527";"134Â 587";"A01";"1";"33";"0";"2";"1";"2";"1";""
"202100037528";"134Â 585";"A01";"0";"33";"16";"0";"0";"21";"1";""
"202100037529";"134Â 584";"A01";"0";"7";"3";"0";"2";"0";"1";""
"202100037530";"134Â 582";"B01";"1";"7";"0";"0";"2";"1";"1";""
"202100037530";"134Â 583";"A01";"1";"7";"0";"2";"1";"1";"1";""
"202100037531";"134Â 581";"A01";"1";"31";"6";"9";"1";"0";"1";""
"202100037532";"134Â 579";"B01";"3";"1";"0";"9";"1";"1";"5";""
"202100037532";"134Â 580";"A01";"3";"1";"0";"9";"4";"0";"5";""
"202100037533";"134Â 577";"A01";"0";"7";"0";"2";"3";"9";"1";""
"202100037533";"134Â 578";"B01";"0";"7";"0";"2";"1";"1";"1";""
"202100037534";"134Â 575";"A01";"2";"7";"0";"2";"3";"1";"1";""
"202100037534";"134Â 576";"B01";"3";"31";"0";"2";"7";"15";"1";""
"202100037535";"134Â 573";"B01";"2";"7";"0";"2";"1";"1";"1";""
"202100037535";"134Â 574";"A01";"2";"7";"0";"2";"4";"1";"1";""
"202100037536";"134Â 570";"T01";"2";"7";"0";"0";"0";"1";"1";""
"202100037536";"134Â 571";"A01";"2";"7";"0";"2";"2";"1";"1";""
"202100037536";"134Â 572";"B01";"1";"7";"0";"2";"8";"1";"1";""
"202100037537";"134Â 568";"B01";"2";"7";"0";"2";"1";"1";"1";""
"202100037537";"134Â 569";"A01";"2";"7";"0";"2";"4";"1";"1";""
"202100037538";"134Â 565";"C01";"1";"7";"0";"2";"1";"12";"1";""
"202100037538";"134Â 566";"B01";"1";"7";"0";"2";"5";"1";"1";""
"202100037538";"134Â 567";"A01";"1";"7";"0";"2";"8";"1";"1";""
"202100037539";"134Â 563";"B01";"2";"14";"0";"2";"1";"2";"1";""
"202100037539";"134Â 564";"A01";"2";"7";"0";"2";"4";"11";"1";""
"202100037540";"134Â 561";"Z01";"2";"10";"14";"2";"1";"3";"1";""
"202100037540";"134Â 562";"B01";"2";"10";"4";"0";"9";"26";"1";""
"202100037541";"134Â 559";"B01";"1";"10";"13";"2";"6";"1";"1";""
"202100037541";"134Â 560";"A01";"1";"7";"0";"2";"2";"14";"1";""
"202100037542";"134Â 556";"B01";"2";"7";"0";"2";"8";"1";"1";""
"202100037542";"134Â 557";"A01";"2";"7";"0";"2";"2";"17";"1";""
"202100037542";"134Â 558";"C01";"2";"7";"0";"2";"3";"1";"1";""
"202100037543";"134Â 554";"A01";"1";"33";"0";"2";"6";"11";"1";""
"202100037543";"134Â 555";"Z01";"1";"7";"0";"2";"1";"0";"0";""
"202100037544";"134Â 553";"A01";"2";"33";"16";"0";"0";"0";"1";""
"202100037545";"134Â 551";"B01";"2";"7";"0";"2";"4";"1";"1";""
"202100037545";"134Â 552";"A01";"2";"7";"0";"2";"1";"1";"1";""
"202100037546";"134Â 550";"A01";"1";"31";"0";"2";"7";"14";"1";""
"202100037547";"134Â 547";"C01";"1";"7";"0";"2";"9";"26";"1";""
"202100037547";"134Â 548";"B01";"1";"7";"0";"2";"4";"26";"1";""
"202100037547";"134Â 549";"A01";"1";"7";"0";"2";"1";"19";"3";""
"202100037548";"134Â 545";"B01";"2";"33";"0";"2";"4";"1";"1";""
"202100037548";"134Â 546";"Z01";"2";"7";"0";"2";"1";"1";"1";""
"202100037549";"134Â 543";"A01";"2";"7";"0";"2";"0";"0";"1";""
"202100037549";"134Â 544";"B01";"2";"7";"0";"2";"4";"2";"1";""
"202100037550";"134Â 541";"B01";"1";"7";"0";"2";"4";"1";"1";""
"202100037550";"134Â 542";"A01";"1";"7";"0";"2";"1";"1";"1";""
"202100037551";"134Â 539";"B01";"2";"7";"0";"2";"4";"1";"1";""
"202100037551";"134Â 540";"A01";"2";"7";"0";"2";"1";"2";"1";""
"202100037552";"134Â 538";"A01";"2";"7";"0";"1";"1";"1";"1";""
"202100037553";"134Â 537";"A01";"1";"7";"0";"1";"1";"1";"1";""
"202100037554";"134Â 536";"A01";"1";"7";"0";"1";"3";"1";"0";""
"202100037555";"134Â 535";"A01";"3";"10";"0";"1";"1";"26";"1";""
"202100037556";"134Â 534";"A01";"3";"7";"0";"1";"3";"26";"2";""
"202100037557";"134Â 533";"A01";"1";"2";"1";"0";"3";"13";"1";""
"202100037558";"134Â 531";"A01";"1";"7";"1";"2";"8";"22";"1";""
"202100037558";"134Â 532";"B01";"1";"2";"1";"0";"7";"1";"1";""
"202100037559";"134Â 529";"B01";"1";"31";"0";"9";"1";"1";"1";""
"202100037559";"134Â 530";"A01";"2";"30";"0";"9";"1";"1";"1";""
"202100037560";"134Â 527";"B01";"0";"7";"0";"2";"3";"1";"1";""
"202100037560";"134Â 528";"A01";"0";"7";"0";"2";"2";"5";"1";""
"202100037561";"134Â 525";"B01";"2";"7";"0";"2";"1";"1";"1";""
"202100037561";"134Â 526";"A01";"2";"30";"0";"2";"8";"1";"1";""
"202100037562";"134Â 523";"B01";"2";"34";"0";"2";"1";"1";"1";""
"202100037562";"134Â 524";"A01";"1";"7";"0";"2";"7";"15";"1";""
"202100037563";"134Â 522";"A01";"3";"10";"0";"1";"2";"1";"1";""
"202100037564";"134Â 520";"A01";"2";"7";"0";"0";"0";"15";"1";""
"202100037564";"134Â 521";"B01";"1";"33";"0";"0";"0";"1";"1";""
"202100037565";"134Â 518";"B01";"2";"2";"0";"2";"1";"1";"1";""
"202100037565";"134Â 519";"A01";"2";"7";"0";"2";"3";"11";"1";""
"202100037566";"134Â 516";"A01";"3";"7";"0";"2";"6";"9";"1";""
"202100037566";"134Â 517";"B01";"1";"33";"0";"2";"1";"21";"1";""
"202100037567";"134Â 514";"A01";"1";"7";"0";"2";"3";"1";"0";""
"202100037567";"134Â 515";"B01";"1";"7";"0";"2";"6";"19";"1";""
"202100037568";"134Â 513";"A01";"2";"33";"0";"0";"7";"1";"1";""
"202100037569";"134Â 512";"A01";"1";"7";"0";"1";"1";"1";"1";""
"202100037570";"134Â 510";"B01";"1";"7";"0";"2";"4";"23";"1";""
"202100037570";"134Â 511";"A01";"1";"7";"0";"2";"1";"17";"1";""
"202100037571";"134Â 508";"A01";"2";"34";"0";"2";"1";"9";"1";""
"202100037571";"134Â 509";"B01";"2";"7";"0";"2";"5";"16";"1";""
"202100037572";"134Â 506";"B01";"2";"37";"0";"2";"6";"23";"1";"1"
"202100037572";"134Â 507";"A01";"2";"7";"0";"2";"2";"11";"0";""
"202100037573";"134Â 501";"B01";"0";"7";"0";"2";"6";"1";"1";""
"202100037573";"134Â 502";"A01";"0";"7";"0";"2";"1";"1";"1";""
"202100037574";"134Â 499";"B01";"2";"7";"0";"0";"5";"15";"1";""
"202100037574";"134Â 500";"A01";"2";"7";"0";"2";"3";"21";"1";""
"202100037575";"134Â 498";"A01";"1";"2";"8";"0";"1";"14";"1";""
"202100037576";"134Â 495";"A01";"1";"7";"0";"2";"3";"10";"1";""
"202100037576";"134Â 496";"B01";"1";"33";"0";"2";"1";"1";"1";""
"202100037577";"134Â 493";"B01";"2";"7";"0";"2";"3";"0";"1";""
"202100037577";"134Â 494";"A01";"1";"33";"0";"2";"1";"13";"1";""
"202100037578";"134Â 490";"B01";"0";"7";"9";"0";"5";"23";"1";""
"202100037578";"134Â 491";"C01";"0";"7";"0";"0";"3";"23";"1";""
"202100037578";"134Â 492";"A01";"0";"7";"0";"2";"1";"26";"1";""
"202100037579";"134Â 488";"A01";"2";"1";"0";"2";"1";"25";"5";""
"202100037579";"134Â 489";"B01";"3";"7";"0";"2";"2";"26";"1";""
"202100037580";"134Â 487";"A01";"1";"34";"0";"1";"0";"17";"1";""
"202100037581";"134Â 485";"B01";"1";"7";"0";"2";"1";"2";"1";""
"202100037581";"134Â 486";"A01";"2";"7";"0";"2";"1";"9";"1";""
"202100037582";"134Â 483";"B01";"2";"7";"0";"2";"1";"1";"1";""
"202100037582";"134Â 484";"A01";"1";"7";"0";"2";"1";"13";"1";""
"202100037583";"134Â 481";"B01";"1";"33";"0";"2";"1";"21";"1";""
"202100037583";"134Â 482";"A01";"2";"7";"0";"2";"6";"15";"1";""
"202100037584";"134Â 479";"B01";"2";"40";"0";"2";"1";"1";"3";""
"202100037584";"134Â 480";"A01";"1";"7";"0";"4";"3";"15";"1";""
"202100037585";"134Â 477";"A01";"2";"33";"0";"2";"1";"1";"1";""
"202100037585";"134Â 478";"B01";"3";"7";"0";"2";"3";"19";"1";""
"202100037586";"134Â 476";"A01";"2";"7";"0";"1";"1";"1";"1";""
"202100037587";"134Â 474";"B01";"1";"34";"0";"2";"8";"1";"1";""
"202100037587";"134Â 475";"A01";"1";"7";"0";"9";"7";"17";"1";""
"202100037588";"134Â 472";"B01";"1";"30";"0";"2";"1";"1";"1";""
"202100037588";"134Â 473";"A01";"1";"7";"0";"9";"3";"13";"1";""
"202100037589";"134Â 470";"A01";"2";"7";"0";"2";"7";"15";"1";""
"202100037589";"134Â 471";"B01";"1";"33";"0";"2";"1";"0";"1";""
"202100037590";"134Â 468";"A01";"2";"32";"0";"2";"1";"1";"1";""
"202100037590";"134Â 469";"B01";"2";"7";"0";"2";"2";"1";"1";""
"202100037591";"134Â 466";"A01";"3";"7";"0";"2";"5";"1";"1";""
"202100037591";"134Â 467";"B01";"3";"2";"0";"2";"6";"1";"1";""
"202100037592";"134Â 465";"A01";"2";"7";"0";"1";"1";"15";"1";""
"202100037593";"134Â 463";"A01";"2";"7";"0";"2";"3";"10";"1";""
"202100037593";"134Â 464";"B01";"2";"2";"0";"2";"1";"17";"3";""
"202100037594";"134Â 461";"A01";"2";"7";"0";"2";"1";"15";"1";""
"202100037594";"134Â 462";"B01";"1";"7";"0";"2";"5";"1";"1";""
"202100037595";"134Â 460";"A01";"1";"7";"13";"0";"1";"1";"1";""
"202100037596";"134Â 458";"A01";"2";"1";"0";"2";"2";"9";"5";""
"202100037596";"134Â 459";"B01";"2";"7";"0";"2";"3";"1";"1";""
"202100037597";"134Â 457";"A01";"0";"30";"0";"0";"1";"1";"1";""
"202100037598";"134Â 455";"B01";"2";"33";"0";"2";"4";"23";"1";""
"202100037598";"134Â 456";"A01";"2";"13";"0";"2";"1";"9";"1";""
"202100037599";"134Â 453";"B01";"3";"7";"0";"2";"3";"9";"2";""
"202100037599";"134Â 454";"A01";"3";"7";"0";"2";"4";"9";"1";""
"202100037600";"134Â 452";"A01";"1";"7";"6";"0";"2";"14";"1";""
"202100037601";"134Â 449";"A01";"2";"7";"0";"2";"1";"2";"1";""
"202100037601";"134Â 450";"B01";"2";"7";"0";"2";"4";"2";"1";""
"202100037601";"134Â 451";"C01";"2";"7";"0";"2";"4";"2";"1";""
"202100037602";"134Â 447";"A01";"2";"7";"0";"2";"3";"10";"1";""
"202100037602";"134Â 448";"B01";"2";"33";"0";"2";"3";"1";"1";""
"202100037603";"134Â 445";"Z01";"1";"30";"0";"2";"0";"18";"0";""
"202100037603";"134Â 446";"B01";"1";"50";"0";"2";"1";"1";"3";""
"202100037604";"134Â 443";"B01";"2";"2";"0";"2";"7";"1";"1";""
"202100037604";"134Â 444";"A01";"2";"7";"0";"2";"8";"9";"1";""
"202100037605";"134Â 441";"B01";"2";"2";"0";"2";"2";"17";"1";""
"202100037605";"134Â 442";"A01";"2";"7";"0";"2";"3";"15";"1";""
"202100037606";"134Â 440";"A01";"1";"30";"0";"2";"0";"7";"1";""
"202100037607";"134Â 438";"B01";"2";"1";"0";"2";"7";"9";"5";""
"202100037607";"134Â 439";"A01";"2";"31";"0";"2";"1";"1";"1";""
"202100037608";"134Â 436";"A01";"1";"7";"0";"2";"2";"15";"1";""
"202100037608";"134Â 437";"B01";"2";"43";"0";"2";"8";"1";"1";""
"202100037609";"134Â 434";"B01";"1";"80";"0";"2";"1";"1";"3";""
"202100037609";"134Â 435";"A01";"1";"7";"0";"2";"3";"22";"3";""
"202100037610";"134Â 432";"A01";"2";"7";"0";"2";"0";"17";"1";""
"202100037610";"134Â 433";"B01";"2";"43";"0";"0";"3";"1";"1";""
"202100037611";"134Â 430";"B01";"3";"31";"0";"2";"8";"1";"1";""
"202100037611";"134Â 431";"A01";"3";"7";"12";"2";"2";"15";"1";""
"202100037612";"134Â 428";"A01";"3";"1";"0";"2";"1";"5";"5";""
"202100037612";"134Â 429";"B01";"3";"10";"0";"2";"1";"15";"1";""
"202100037613";"134Â 425";"A01";"1";"7";"0";"2";"3";"1";"1";""
"202100037613";"134Â 426";"C01";"1";"7";"0";"2";"3";"21";"1";""
"202100037613";"134Â 427";"B01";"1";"7";"0";"2";"4";"15";"2";""
"202100037614";"134Â 424";"A01";"0";"30";"3";"0";"1";"14";"1";""
"202100037615";"134Â 423";"A01";"1";"7";"1";"0";"2";"14";"1";""
"202100037616";"134Â 421";"B01";"1";"7";"0";"2";"0";"1";"1";""
"202100037616";"134Â 422";"A01";"1";"30";"8";"0";"1";"18";"1";""
"202100037617";"134Â 417";"C01";"0";"1";"0";"2";"0";"23";"5";""
"202100037617";"134Â 418";"D01";"0";"1";"0";"2";"0";"23";"5";""
"202100037617";"134Â 419";"A01";"1";"33";"12";"2";"2";"21";"1";""
"202100037617";"134Â 420";"B01";"0";"1";"0";"2";"0";"23";"5";""
"202100037618";"134Â 415";"B01";"1";"7";"0";"2";"1";"1";"1";""
"202100037618";"134Â 416";"A01";"1";"7";"0";"2";"6";"10";"1";""
"202100037619";"134Â 413";"B01";"1";"7";"0";"2";"1";"1";"1";""
"202100037619";"134Â 414";"A01";"1";"1";"0";"2";"1";"1";"5";""
"202100037620";"134Â 412";"A01";"0";"10";"0";"1";"4";"4";"1";""
"202100037621";"134Â 410";"A01";"2";"1";"0";"2";"1";"2";"5";""
"202100037621";"134Â 411";"B01";"0";"1";"0";"2";"4";"2";"5";""
"202100037622";"134Â 409";"A01";"1";"1";"0";"0";"0";"1";"5";""
"202100037623";"134Â 408";"A01";"1";"1";"0";"0";"0";"21";"5";""
"202100037624";"134Â 406";"A01";"2";"7";"0";"2";"2";"16";"1";""
"202100037624";"134Â 407";"B01";"2";"1";"0";"2";"1";"19";"5";""
"202100037625";"134Â 405";"A01";"2";"7";"4";"2";"2";"14";"1";""
"202100037626";"134Â 403";"A01";"2";"33";"0";"2";"1";"17";"1";""
"202100037626";"134Â 404";"B01";"2";"7";"0";"2";"3";"18";"1";""
"202100037627";"134Â 401";"B01";"1";"2";"0";"2";"1";"2";"1";""
"202100037627";"134Â 402";"A01";"1";"7";"0";"2";"5";"2";"1";""
"202100037628";"134Â 400";"A01";"1";"7";"0";"1";"3";"15";"1";""
"202100037629";"134Â 398";"A01";"0";"7";"0";"2";"2";"15";"1";""
"202100037629";"134Â 399";"B01";"0";"34";"0";"2";"1";"1";"1";""
"202100037630";"134Â 396";"B01";"2";"2";"0";"2";"1";"1";"1";""
"202100037630";"134Â 397";"A01";"2";"7";"0";"2";"3";"9";"1";""
"202100037631";"134Â 394";"A01";"3";"7";"0";"2";"1";"1";"1";""
"202100037631";"134Â 395";"B01";"3";"7";"0";"2";"8";"1";"1";""
"202100037632";"134Â 392";"B01";"1";"7";"0";"2";"1";"19";"0";""
"202100037632";"134Â 393";"A01";"1";"7";"0";"2";"1";"2";"0";""
"202100037633";"134Â 389";"C01";"1";"7";"0";"2";"1";"23";"1";""
"202100037633";"134Â 390";"A01";"1";"7";"0";"2";"3";"1";"1";""
"202100037633";"134Â 391";"B01";"1";"7";"0";"2";"2";"1";"1";""
"202100037634";"134Â 387";"A01";"3";"7";"0";"2";"3";"1";"0";""
"202100037634";"134Â 388";"B01";"3";"43";"0";"2";"4";"23";"1";""
"202100037635";"134Â 386";"A01";"2";"7";"0";"1";"1";"1";"1";""
"202100037636";"134Â 383";"B01";"1";"99";"0";"2";"1";"2";"1";""
"202100037636";"134Â 384";"A01";"1";"7";"1";"2";"1";"1";"1";""
"202100037636";"134Â 385";"C01";"1";"7";"0";"2";"8";"16";"1";""
"202100037637";"134Â 382";"A01";"1";"7";"0";"1";"1";"0";"1";""
"202100037638";"134Â 380";"A01";"3";"7";"0";"2";"1";"1";"1";""
"202100037638";"134Â 381";"B01";"3";"7";"0";"2";"3";"16";"1";""
"202100037639";"134Â 377";"C01";"2";"7";"0";"2";"4";"23";"1";""
"202100037639";"134Â 378";"B01";"2";"7";"0";"2";"4";"1";"1";""
"202100037639";"134Â 379";"A01";"2";"7";"0";"2";"1";"1";"1";""
"202100037640";"134Â 376";"A01";"1";"33";"8";"0";"1";"1";"1";""
"202100037641";"134Â 373";"A01";"2";"32";"0";"0";"1";"1";"1";""
"202100037642";"134Â 371";"A01";"1";"7";"0";"2";"2";"15";"1";""
"202100037642";"134Â 372";"B01";"1";"7";"8";"2";"1";"1";"1";""
"202100037643";"134Â 369";"A01";"2";"7";"0";"2";"2";"15";"1";""
"202100037643";"134Â 370";"B01";"1";"33";"0";"2";"1";"1";"1";""
"202100037644";"134Â 368";"A01";"2";"7";"0";"1";"3";"1";"1";""
"202100037645";"134Â 367";"A01";"0";"7";"1";"0";"1";"5";"1";""
"202100037646";"134Â 365";"B01";"2";"7";"0";"2";"1";"15";"1";""
"202100037646";"134Â 366";"A01";"2";"1";"0";"0";"4";"2";"5";""
"202100037647";"134Â 363";"B01";"2";"33";"0";"2";"1";"1";"1";""
"202100037647";"134Â 364";"A01";"1";"7";"0";"2";"7";"15";"1";""
"202100037648";"134Â 362";"A01";"0";"7";"7";"0";"1";"1";"1";""
"202100037649";"134Â 360";"A01";"3";"7";"0";"2";"3";"19";"1";""
"202100037649";"134Â 361";"B01";"3";"7";"0";"2";"1";"19";"1";""
"202100037650";"134Â 358";"A01";"2";"7";"0";"2";"1";"13";"1";""
"202100037650";"134Â 359";"B01";"1";"33";"0";"2";"1";"1";"1";""
"202100037651";"134Â 357";"A01";"0";"2";"5";"0";"0";"1";"0";""
"202100037652";"134Â 356";"A01";"2";"33";"0";"0";"0";"14";"0";""
"202100037653";"134Â 355";"A01";"0";"33";"6";"0";"9";"1";"1";""
"202100037654";"134Â 354";"A01";"3";"7";"13";"0";"9";"1";"1";""
"202100037655";"134Â 352";"A01";"1";"33";"12";"2";"0";"1";"1";""
"202100037655";"134Â 353";"B01";"2";"7";"0";"0";"1";"1";"1";""
"202100037656";"134Â 350";"B01";"1";"50";"0";"2";"1";"1";"3";""
"202100037656";"134Â 351";"A01";"2";"7";"0";"2";"2";"1";"1";""
"202100037657";"134Â 348";"A01";"1";"7";"0";"2";"1";"1";"1";""
"202100037657";"134Â 349";"B01";"2";"7";"0";"2";"3";"1";"1";""
"202100037658";"134Â 347";"A01";"1";"33";"13";"0";"3";"1";"1";""
"202100037659";"134Â 345";"B01";"1";"7";"0";"2";"7";"17";"1";""
"202100037659";"134Â 346";"A01";"1";"7";"0";"2";"3";"15";"1";""
"202100037660";"134Â 341";"B01";"1";"10";"0";"0";"3";"21";"1";""
"202100037660";"134Â 342";"A01";"2";"7";"0";"2";"3";"19";"1";""
"202100037660";"134Â 343";"D01";"1";"7";"0";"2";"1";"1";"1";""
"202100037660";"134Â 344";"C01";"1";"7";"0";"2";"2";"1";"1";""
"202100037661";"134Â 339";"A01";"2";"7";"0";"2";"1";"5";"1";""
"202100037661";"134Â 340";"B01";"1";"7";"0";"2";"1";"1";"1";""
"202100037662";"134Â 337";"A01";"2";"33";"0";"2";"1";"1";"1";""
"202100037662";"134Â 338";"B01";"2";"7";"0";"0";"7";"16";"1";""
"202100037663";"134Â 335";"A01";"0";"7";"0";"2";"3";"15";"1";""
"202100037663";"134Â 336";"B01";"3";"2";"0";"2";"1";"1";"1";""
"202100037664";"134Â 333";"A01";"2";"7";"0";"2";"8";"9";"1";""
"202100037664";"134Â 334";"B01";"1";"7";"0";"2";"1";"1";"1";""
"202100037665";"134Â 332";"A01";"1";"10";"2";"0";"1";"14";"1";""
"202100037666";"134Â 331";"A01";"1";"33";"1";"0";"8";"1";"1";""
"202100037667";"134Â 330";"A01";"2";"31";"13";"0";"0";"2";"1";""
"202100037668";"134Â 328";"A01";"3";"7";"0";"2";"2";"1";"1";""
"202100037668";"134Â 329";"B01";"3";"2";"0";"2";"1";"5";"1";""
"202100037669";"134Â 327";"A01";"3";"7";"0";"1";"1";"1";"1";""
"202100037670";"134Â 323";"B01";"1";"7";"0";"0";"1";"1";"1";""
"202100037670";"134Â 324";"A01";"1";"7";"0";"2";"7";"1";"1";""
"202100037671";"134Â 319";"C01";"1";"7";"0";"2";"6";"13";"1";""
"202100037671";"134Â 320";"B01";"2";"33";"0";"2";"1";"1";"1";""
"202100037671";"134Â 321";"A01";"1";"33";"0";"2";"1";"17";"1";""
"202100037672";"134Â 318";"A01";"1";"7";"8";"0";"9";"0";"1";""
"202100037673";"134Â 316";"A01";"2";"7";"0";"2";"3";"9";"1";""
"202100037673";"134Â 317";"B01";"1";"33";"0";"2";"5";"1";"1";""
"202100037674";"134Â 314";"B01";"1";"99";"0";"2";"4";"16";"1";""
"202100037674";"134Â 315";"A01";"1";"7";"0";"2";"1";"0";"1";""
"202100037675";"134Â 312";"A01";"2";"7";"0";"2";"8";"26";"1";""
"202100037675";"134Â 313";"B01";"1";"33";"15";"2";"3";"1";"1";""
"202100037676";"134Â 310";"B01";"2";"99";"0";"2";"8";"1";"1";""
"202100037676";"134Â 311";"A01";"1";"33";"0";"2";"3";"1";"1";""
"202100037677";"134Â 309";"A01";"3";"32";"0";"0";"3";"0";"1";""
"202100037678";"134Â 308";"A01";"2";"7";"8";"0";"9";"14";"1";""
"202100037679";"134Â 307";"A01";"1";"7";"2";"0";"1";"1";"1";""
"202100037680";"134Â 306";"A01";"2";"33";"3";"0";"9";"1";"1";""
"202100037681";"134Â 305";"A01";"1";"33";"0";"0";"1";"1";"1";""
"202100037682";"134Â 303";"B01";"1";"7";"0";"2";"1";"19";"1";""
"202100037682";"134Â 304";"A01";"1";"33";"0";"2";"7";"1";"1";""
"202100037683";"134Â 301";"B01";"2";"33";"0";"2";"1";"1";"1";""
"202100037683";"134Â 302";"A01";"3";"7";"0";"2";"3";"15";"1";""
"202100037684";"134Â 300";"A01";"2";"31";"13";"0";"1";"1";"1";""
"202100037685";"134Â 299";"A01";"1";"31";"15";"0";"1";"1";"1";""
"202100037686";"134Â 298";"A01";"2";"33";"0";"0";"0";"1";"1";""
"202100037687";"134Â 296";"B01";"2";"7";"0";"2";"8";"1";"1";""