"Num_Acc";"id_vehicule";"num_veh";"senc";"catv";"obs";"obsm";"choc";"manv";"motor";"occutc"
"202100037687";"134Â 297";"A01";"2";"15";"0";"2";"7";"17";"0";""
"202100037688";"134Â 295";"A01";"1";"2";"15";"0";"1";"26";"1";""
"202100037689";"134Â 294";"A01";"3";"7";"0";"1";"1";"1";"1";""
"202100037690";"134Â 292";"B01";"1";"7";"0";"2";"1";"13";"1";""
"202100037690";"134Â 293";"A01";"2";"7";"0";"2";"3";"1";"1";""
"202100037691";"134Â 290";"B01";"1";"21";"0";"2";"4";"1";"1";""
"202100037691";"134Â 291";"A01";"1";"7";"0";"2";"1";"1";"1";""
"202100037692";"134Â 289";"A01";"2";"7";"13";"0";"3";"0";"1";""
"202100037693";"134Â 287";"B01";"1";"1";"0";"2";"1";"1";"5";""
"202100037693";"134Â 288";"A01";"2";"7";"0";"2";"3";"16";"1";""
"202100037694";"134Â 286";"A01";"3";"7";"2";"0";"1";"1";"1";""
"202100037695";"134Â 283";"A01";"1";"33";"0";"0";"9";"15";"1";""
"202100037696";"134Â 282";"A01";"1";"7";"9";"0";"1";"14";"1";""
"202100037697";"134Â 281";"A01";"1";"33";"0";"0";"3";"1";"0";""
"202100037698";"134Â 279";"B01";"1";"32";"0";"2";"1";"17";"1";""
"202100037698";"134Â 280";"A01";"1";"7";"0";"2";"8";"15";"6";""
"202100037699";"134Â 278";"A01";"2";"33";"13";"0";"1";"13";"1";""
"202100037700";"134Â 277";"A01";"1";"33";"15";"0";"1";"1";"1";""
"202100037701";"134Â 275";"B01";"1";"1";"0";"2";"5";"1";"5";""
"202100037701";"134Â 276";"A01";"1";"1";"0";"2";"3";"1";"5";""
"202100037702";"134Â 273";"B01";"1";"7";"0";"2";"1";"1";"1";""
"202100037702";"134Â 274";"A01";"2";"7";"0";"2";"1";"15";"1";""
"202100037703";"134Â 272";"A01";"3";"2";"6";"0";"3";"1";"1";""
"202100037704";"134Â 270";"B01";"2";"33";"0";"2";"1";"1";"1";""
"202100037704";"134Â 271";"A01";"1";"7";"0";"2";"2";"15";"1";""
"202100037705";"134Â 269";"A01";"1";"7";"15";"0";"2";"14";"1";""
"202100037706";"134Â 267";"A01";"3";"7";"0";"2";"3";"15";"1";""
"202100037706";"134Â 268";"B01";"1";"33";"0";"2";"1";"1";"1";""
"202100037707";"134Â 265";"B01";"2";"34";"0";"2";"1";"1";"1";""
"202100037707";"134Â 266";"A01";"1";"7";"0";"2";"2";"15";"1";""
"202100037708";"134Â 264";"A01";"1";"1";"0";"0";"0";"1";"5";""
"202100037709";"134Â 262";"B01";"2";"7";"0";"2";"8";"1";"1";""
"202100037709";"134Â 263";"A01";"1";"33";"0";"2";"8";"13";"1";""
"202100037710";"134Â 260";"A01";"2";"7";"0";"2";"1";"19";"1";""
"202100037710";"134Â 261";"B01";"1";"7";"0";"2";"2";"1";"1";""
"202100037711";"134Â 258";"B01";"0";"30";"0";"2";"8";"15";"1";""
"202100037711";"134Â 259";"A01";"0";"2";"0";"2";"1";"2";"1";""
"202100037712";"134Â 257";"A01";"1";"7";"6";"0";"3";"1";"1";""
"202100037713";"134Â 255";"B01";"1";"7";"0";"2";"2";"2";"1";""
"202100037713";"134Â 256";"A01";"1";"7";"0";"2";"6";"23";"1";""
"202100037714";"134Â 253";"B01";"1";"7";"0";"2";"1";"2";"1";""
"202100037714";"134Â 254";"A01";"1";"7";"0";"2";"4";"10";"1";""
"202100037715";"134Â 251";"B01";"1";"31";"0";"2";"8";"3";"1";""
"202100037715";"134Â 252";"A01";"1";"7";"0";"2";"7";"12";"1";""
"202100037716";"134Â 249";"B01";"2";"7";"0";"2";"1";"1";"1";""
"202100037716";"134Â 250";"A01";"1";"7";"0";"2";"4";"23";"3";""
"202100037717";"134Â 245";"D01";"1";"7";"0";"2";"4";"1";"1";""
"202100037717";"134Â 246";"A01";"1";"7";"0";"2";"2";"21";"1";""
"202100037717";"134Â 247";"C01";"1";"7";"0";"2";"7";"1";"1";""
"202100037717";"134Â 248";"B01";"1";"17";"0";"2";"6";"1";"1";""
"202100037718";"134Â 243";"B01";"2";"7";"0";"2";"7";"12";"1";""
"202100037718";"134Â 244";"A01";"1";"31";"0";"2";"7";"3";"1";""
"202100037719";"134Â 242";"A01";"1";"7";"3";"0";"1";"2";"1";""
"202100037720";"134Â 240";"B01";"2";"7";"0";"2";"4";"0";"1";""
"202100037720";"134Â 241";"A01";"2";"33";"0";"2";"4";"12";"1";""
"202100037721";"134Â 239";"A01";"2";"7";"3";"0";"0";"21";"1";""
"202100037722";"134Â 238";"A01";"1";"31";"13";"0";"1";"14";"1";""
"202100037723";"134Â 235";"A01";"1";"7";"0";"2";"1";"2";"1";""
"202100037723";"134Â 236";"B01";"1";"10";"0";"2";"1";"2";"1";""
"202100037723";"134Â 237";"C01";"1";"10";"0";"2";"4";"2";"1";""
"202100037724";"134Â 234";"A01";"1";"31";"0";"2";"8";"26";"1";""
"202100037725";"134Â 232";"A01";"2";"7";"0";"2";"6";"12";"1";""
"202100037725";"134Â 233";"B01";"2";"33";"0";"2";"1";"3";"1";""
"202100037726";"134Â 230";"B01";"2";"31";"0";"2";"7";"1";"1";""
"202100037726";"134Â 231";"A01";"2";"7";"0";"2";"8";"11";"1";""
"202100037727";"134Â 229";"A01";"1";"32";"0";"1";"1";"1";"1";""
"202100037728";"134Â 228";"A01";"1";"7";"0";"1";"1";"16";"1";""
"202100037729";"134Â 227";"A01";"3";"7";"0";"1";"2";"1";"1";""
"202100037730";"134Â 225";"B01";"0";"33";"0";"2";"4";"2";"1";""
"202100037730";"134Â 226";"A01";"0";"33";"0";"2";"1";"2";"1";""
"202100037731";"134Â 224";"A01";"1";"2";"0";"0";"0";"1";"1";""
"202100037732";"134Â 222";"B01";"2";"33";"0";"2";"1";"1";"1";""
"202100037732";"134Â 223";"A01";"2";"7";"0";"2";"4";"1";"1";""
"202100037733";"134Â 220";"B01";"3";"1";"0";"2";"8";"1";"5";""
"202100037733";"134Â 221";"A01";"3";"7";"0";"9";"1";"1";"1";""
"202100037734";"134Â 219";"A01";"3";"2";"0";"0";"0";"0";"0";""
"202100037735";"134Â 217";"B01";"2";"2";"0";"2";"8";"1";"1";""
"202100037735";"134Â 218";"A01";"1";"7";"0";"9";"1";"15";"1";""
"202100037736";"134Â 215";"A01";"1";"7";"0";"9";"6";"2";"1";""
"202100037736";"134Â 216";"B01";"1";"1";"0";"2";"8";"1";"0";""
"202100037737";"134Â 213";"A01";"2";"7";"0";"2";"7";"2";"1";""
"202100037737";"134Â 214";"B01";"2";"2";"0";"2";"8";"2";"3";""
"202100037738";"134Â 212";"A01";"1";"7";"0";"1";"8";"1";"1";""
"202100037739";"134Â 209";"B01";"1";"7";"0";"2";"3";"1";"1";""
"202100037739";"134Â 210";"C01";"1";"2";"0";"2";"7";"18";"1";""
"202100037739";"134Â 211";"A01";"1";"7";"0";"2";"5";"15";"1";""
"202100037740";"134Â 208";"A01";"2";"30";"0";"0";"2";"3";"1";""
"202100037741";"134Â 207";"A01";"1";"7";"6";"0";"1";"13";"1";""
"202100037742";"134Â 205";"B01";"3";"7";"0";"2";"5";"1";"1";""
"202100037742";"134Â 206";"A01";"2";"50";"0";"2";"1";"19";"3";""
"202100037743";"134Â 204";"A01";"2";"7";"0";"1";"1";"15";"3";""
"202100037744";"134Â 202";"A01";"2";"30";"0";"2";"9";"21";"1";""
"202100037744";"134Â 203";"B01";"2";"3";"0";"2";"3";"13";"1";""
"202100037745";"134Â 200";"B01";"3";"34";"0";"2";"3";"1";"1";""
"202100037745";"134Â 201";"A01";"3";"10";"0";"2";"1";"26";"1";""
"202100037746";"134Â 199";"A01";"1";"33";"8";"0";"1";"26";"1";""
"202100037747";"134Â 196";"C01";"2";"37";"0";"2";"6";"1";"1";"1"
"202100037747";"134Â 197";"B01";"2";"7";"0";"2";"4";"17";"1";""
"202100037747";"134Â 198";"A01";"2";"33";"0";"2";"2";"3";"1";""
"202100037748";"134Â 194";"B01";"2";"31";"0";"2";"1";"1";"1";""
"202100037748";"134Â 195";"A01";"1";"7";"0";"2";"2";"15";"1";""
"202100037749";"134Â 193";"A01";"1";"7";"16";"0";"9";"1";"1";""
"202100037750";"134Â 191";"A01";"1";"7";"0";"2";"3";"9";"1";""
"202100037750";"134Â 192";"B01";"1";"33";"0";"2";"1";"1";"1";""
"202100037751";"134Â 188";"B01";"2";"7";"0";"2";"1";"1";"1";""
"202100037751";"134Â 189";"A01";"1";"7";"0";"2";"1";"15";"1";""
"202100037752";"134Â 187";"A01";"2";"33";"0";"0";"7";"13";"1";""
"202100037753";"134Â 183";"A01";"1";"10";"0";"2";"1";"2";"1";""
"202100037753";"134Â 184";"B01";"1";"7";"0";"2";"4";"2";"1";""
"202100037753";"134Â 185";"C01";"1";"10";"0";"2";"4";"2";"0";""
"202100037753";"134Â 186";"D01";"1";"7";"0";"2";"4";"0";"1";""
"202100037754";"134Â 180";"C01";"1";"7";"0";"2";"4";"1";"1";""
"202100037754";"134Â 181";"B01";"1";"7";"0";"2";"4";"1";"1";""
"202100037754";"134Â 182";"A01";"1";"7";"0";"2";"1";"1";"1";""
"202100037755";"134Â 178";"B01";"3";"7";"0";"0";"3";"1";"1";""
"202100037755";"134Â 179";"A01";"3";"7";"0";"2";"1";"26";"1";""
"202100037756";"134Â 177";"A01";"3";"7";"0";"1";"7";"1";"1";""
"202100037757";"134Â 176";"A01";"0";"7";"1";"1";"4";"4";"1";""
"202100037758";"134Â 172";"B01";"2";"7";"1";"0";"4";"1";"1";""
"202100037758";"134Â 173";"A01";"1";"33";"1";"2";"1";"13";"1";""
"202100037759";"134Â 169";"A01";"2";"10";"0";"2";"6";"15";"1";""
"202100037759";"134Â 170";"B01";"2";"33";"0";"2";"1";"0";"1";""
"202100037760";"134Â 168";"A01";"3";"7";"0";"1";"8";"15";"1";""
"202100037761";"134Â 164";"A01";"3";"2";"0";"2";"3";"15";"1";""
"202100037761";"134Â 165";"B01";"3";"50";"0";"2";"2";"19";"3";""
"202100037762";"134Â 162";"A01";"2";"7";"0";"2";"1";"1";"1";""
"202100037762";"134Â 163";"B01";"2";"50";"0";"2";"8";"1";"3";""
"202100037763";"134Â 160";"B01";"1";"7";"0";"2";"1";"1";"1";""
"202100037763";"134Â 161";"A01";"2";"32";"0";"2";"1";"1";"1";""
"202100037764";"134Â 159";"A01";"1";"36";"0";"0";"7";"15";"1";""
"202100037765";"134Â 157";"A01";"1";"33";"12";"2";"8";"21";"1";""
"202100037765";"134Â 158";"B01";"1";"7";"0";"2";"0";"16";"1";""
"202100037766";"134Â 155";"A01";"1";"10";"0";"2";"3";"22";"1";""
"202100037766";"134Â 156";"B01";"1";"1";"1";"0";"1";"1";"5";""
"202100037767";"134Â 153";"A01";"1";"7";"0";"2";"1";"2";"1";""
"202100037767";"134Â 154";"B01";"1";"7";"0";"2";"4";"15";"1";""
"202100037768";"134Â 151";"A01";"2";"30";"0";"2";"1";"19";"1";""
"202100037768";"134Â 152";"B01";"1";"10";"0";"2";"7";"1";"1";""
"202100037769";"134Â 150";"A01";"3";"0";"0";"1";"0";"2";"0";""
"202100037770";"134Â 148";"A01";"0";"7";"0";"2";"3";"1";"1";""
"202100037770";"134Â 149";"B01";"0";"7";"0";"2";"1";"1";"1";""
"202100037771";"134Â 146";"B01";"3";"1";"0";"2";"9";"19";"0";""
"202100037771";"134Â 147";"A01";"1";"10";"0";"2";"2";"1";"1";""
"202100037772";"134Â 145";"A01";"2";"7";"1";"0";"9";"1";"1";""
"202100037773";"134Â 144";"A01";"1";"7";"9";"1";"9";"14";"1";""
"202100037774";"134Â 142";"A01";"1";"7";"0";"4";"8";"9";"1";""
"202100037774";"134Â 143";"B01";"3";"39";"0";"2";"1";"1";"0";""
"202100037775";"134Â 140";"A01";"1";"7";"0";"2";"3";"13";"1";""
"202100037775";"134Â 141";"B01";"2";"7";"1";"2";"3";"1";"1";""
"202100037776";"134Â 138";"B01";"1";"32";"0";"2";"1";"1";"1";""
"202100037776";"134Â 139";"A01";"1";"7";"0";"9";"2";"15";"1";""
"202100037777";"134Â 136";"A01";"3";"33";"0";"2";"1";"1";"1";""
"202100037777";"134Â 137";"B01";"3";"7";"0";"9";"4";"1";"1";""
"202100037778";"134Â 134";"B01";"0";"1";"1";"0";"1";"1";"5";""
"202100037778";"134Â 135";"A01";"0";"7";"0";"2";"8";"24";"1";""
"202100037779";"134Â 132";"A01";"2";"7";"0";"2";"7";"17";"1";""
"202100037779";"134Â 133";"B01";"2";"2";"0";"2";"8";"17";"1";""
"202100037780";"134Â 129";"C01";"0";"7";"0";"0";"4";"2";"1";""
"202100037780";"134Â 130";"B01";"0";"7";"0";"2";"4";"2";"1";""
"202100037780";"134Â 131";"A01";"0";"7";"0";"2";"1";"2";"1";""
"202100037781";"134Â 127";"A01";"3";"7";"0";"2";"3";"19";"1";""
"202100037781";"134Â 128";"B01";"0";"7";"0";"2";"3";"19";"1";""
"202100037782";"134Â 125";"A01";"1";"7";"0";"9";"5";"16";"1";""
"202100037782";"134Â 126";"B01";"3";"50";"0";"2";"1";"19";"3";""
"202100037783";"134Â 124";"A01";"1";"7";"4";"0";"1";"1";"1";""
"202100037784";"134Â 122";"B01";"1";"2";"0";"2";"8";"7";"1";""
"202100037784";"134Â 123";"A01";"1";"7";"0";"2";"7";"16";"1";""
"202100037785";"134Â 120";"A01";"1";"7";"0";"2";"2";"26";"1";""
"202100037785";"134Â 121";"B01";"1";"7";"0";"2";"1";"0";"1";""
"202100037786";"134Â 119";"A01";"1";"7";"0";"1";"3";"26";"1";""
"202100037787";"134Â 117";"B01";"2";"7";"0";"2";"7";"1";"1";""
"202100037787";"134Â 118";"A01";"3";"7";"0";"2";"1";"26";"1";""
"202100037788";"134Â 115";"A01";"3";"31";"0";"2";"1";"19";"1";""
"202100037788";"134Â 116";"B01";"3";"7";"0";"2";"2";"0";"1";""
"202100037789";"134Â 114";"A01";"3";"30";"9";"0";"1";"1";"1";""
"202100037790";"134Â 113";"A01";"3";"7";"0";"1";"3";"1";"1";""
"202100037791";"134Â 112";"A01";"3";"2";"0";"0";"8";"26";"1";""
"202100037792";"134Â 110";"B01";"1";"10";"0";"2";"6";"1";"0";""
"202100037792";"134Â 111";"A01";"1";"30";"0";"2";"2";"17";"1";""
"202100037793";"134Â 108";"B01";"3";"7";"0";"2";"5";"12";"1";""
"202100037793";"134Â 109";"A01";"3";"7";"0";"2";"3";"1";"1";""
"202100037794";"134Â 106";"A01";"2";"1";"0";"2";"2";"2";"5";""
"202100037794";"134Â 107";"B01";"2";"7";"0";"2";"6";"2";"1";""
"202100037795";"134Â 104";"B01";"1";"7";"8";"2";"7";"23";"1";""
"202100037795";"134Â 105";"A01";"2";"37";"14";"0";"7";"1";"1";"1"
"202100037796";"134Â 102";"A01";"0";"1";"1";"0";"1";"21";"6";""
"202100037796";"134Â 103";"B01";"1";"10";"0";"2";"7";"22";"1";""
"202100037797";"134Â 101";"A01";"2";"33";"0";"1";"1";"1";"1";""
"202100037798";"134Â 098";"A01";"3";"30";"0";"1";"1";"25";"1";""
"202100037799";"134Â 096";"A01";"1";"7";"0";"2";"2";"19";"1";""
"202100037799";"134Â 097";"B01";"2";"7";"0";"2";"1";"1";"1";""
"202100037800";"134Â 094";"B01";"3";"33";"0";"2";"1";"0";"1";""
"202100037800";"134Â 095";"A01";"3";"7";"0";"2";"3";"15";"1";""
"202100037801";"134Â 092";"B01";"1";"7";"0";"2";"4";"20";"1";""
"202100037801";"134Â 093";"A01";"1";"7";"0";"2";"1";"1";"1";""
"202100037802";"134Â 088";"A01";"3";"32";"0";"2";"1";"17";"1";""
"202100037802";"134Â 089";"B01";"3";"7";"0";"2";"6";"15";"1";""
"202100037803";"134Â 086";"B01";"1";"7";"0";"1";"1";"1";"1";""
"202100037803";"134Â 087";"A01";"1";"7";"1";"2";"1";"26";"1";""
"202100037804";"134Â 084";"B01";"0";"7";"0";"2";"2";"1";"1";""
"202100037804";"134Â 085";"A01";"0";"7";"0";"2";"1";"1";"1";""
"202100037805";"134Â 080";"B01";"1";"7";"0";"2";"6";"24";"1";""
"202100037805";"134Â 081";"A01";"1";"7";"1";"0";"3";"1";"1";""
"202100037806";"134Â 078";"A01";"1";"7";"0";"2";"1";"1";"1";""
"202100037806";"134Â 079";"B01";"1";"7";"0";"2";"4";"1";"1";""
"202100037807";"134Â 076";"A01";"1";"7";"0";"2";"1";"1";"1";""
"202100037807";"134Â 077";"B01";"1";"1";"0";"2";"1";"1";"5";""
"202100037808";"134Â 074";"A01";"1";"7";"0";"2";"1";"1";"1";""
"202100037808";"134Â 075";"B01";"1";"1";"0";"2";"1";"1";"5";""
"202100037809";"134Â 073";"A01";"1";"7";"0";"1";"1";"1";"1";""
"202100037810";"134Â 071";"Z01";"3";"7";"0";"2";"1";"0";"1";""
"202100037810";"134Â 072";"A01";"3";"33";"0";"2";"4";"1";"1";""
"202100037811";"134Â 069";"A01";"3";"7";"0";"2";"2";"5";"1";""
"202100037811";"134Â 070";"B01";"3";"2";"0";"2";"1";"9";"1";""
"202100037812";"134Â 067";"Z01";"0";"7";"0";"2";"0";"0";"0";""
"202100037812";"134Â 068";"A01";"0";"7";"0";"2";"0";"26";"1";""
"202100037813";"134Â 065";"A01";"3";"7";"0";"2";"1";"1";"1";""
"202100037813";"134Â 066";"B01";"3";"7";"0";"2";"4";"23";"1";""
"202100037814";"134Â 063";"A01";"1";"33";"12";"2";"2";"15";"1";""
"202100037814";"134Â 064";"B01";"1";"30";"12";"2";"1";"1";"0";""
"202100037815";"134Â 061";"B01";"3";"1";"0";"2";"7";"2";"0";""
"202100037815";"134Â 062";"A01";"2";"7";"0";"2";"3";"9";"1";""
"202100037816";"134Â 060";"A01";"1";"7";"0";"1";"1";"1";"1";""
"202100037817";"134Â 058";"A01";"2";"7";"0";"2";"3";"9";"2";""
"202100037817";"134Â 059";"B01";"3";"30";"0";"2";"1";"1";"1";""
"202100037818";"134Â 057";"A01";"2";"7";"1";"0";"2";"0";"1";""
"202100037819";"134Â 055";"A01";"3";"33";"0";"2";"1";"26";"1";""
"202100037819";"134Â 056";"B01";"3";"43";"0";"2";"1";"0";"1";""
"202100037820";"134Â 053";"B01";"1";"10";"0";"2";"3";"23";"1";""
"202100037820";"134Â 054";"A01";"2";"32";"0";"2";"1";"21";"1";""
"202100037821";"134Â 052";"A01";"1";"7";"13";"0";"6";"1";"1";""
"202100037822";"134Â 049";"A01";"2";"10";"0";"2";"1";"1";"1";""
"202100037822";"134Â 050";"B01";"2";"7";"0";"2";"4";"1";"1";""
"202100037822";"134Â 051";"C01";"2";"7";"0";"2";"4";"1";"1";""
"202100037823";"134Â 047";"B01";"1";"33";"0";"2";"3";"21";"1";""
"202100037823";"134Â 048";"Z01";"2";"7";"0";"2";"0";"0";"0";""
"202100037824";"134Â 045";"A01";"3";"7";"0";"2";"3";"13";"1";""
"202100037824";"134Â 046";"B01";"3";"33";"0";"2";"1";"1";"1";""
"202100037825";"134Â 043";"B01";"1";"33";"0";"2";"1";"21";"1";""
"202100037825";"134Â 044";"A01";"2";"7";"0";"0";"2";"19";"1";""
"202100037826";"134Â 042";"A01";"1";"33";"0";"0";"7";"21";"1";""
"202100037827";"134Â 040";"B01";"1";"50";"0";"2";"7";"5";"3";""
"202100037827";"134Â 041";"A01";"2";"7";"0";"2";"1";"16";"2";""
"202100037828";"134Â 038";"A01";"2";"31";"0";"2";"1";"1";"1";""
"202100037828";"134Â 039";"B01";"2";"50";"0";"2";"4";"15";"3";""
"202100037829";"134Â 036";"B01";"1";"80";"0";"2";"4";"1";"3";""
"202100037829";"134Â 037";"A01";"3";"30";"0";"2";"1";"16";"1";""
"202100037830";"134Â 034";"B01";"1";"1";"0";"2";"1";"2";"5";""
"202100037830";"134Â 035";"A01";"1";"1";"0";"2";"3";"10";"5";""
"202100037831";"134Â 033";"A01";"2";"40";"0";"1";"7";"1";"3";""
"202100037832";"134Â 032";"A01";"1";"32";"0";"0";"0";"21";"1";""
"202100037833";"134Â 031";"A01";"1";"43";"0";"1";"1";"1";"1";""
"202100037834";"134Â 029";"B01";"3";"7";"0";"2";"6";"23";"1";""
"202100037834";"134Â 030";"A01";"3";"43";"0";"2";"1";"1";"1";""
"202100037835";"134Â 027";"A01";"2";"7";"0";"2";"8";"22";"1";""
"202100037835";"134Â 028";"B01";"0";"43";"0";"2";"7";"17";"1";""
"202100037836";"134Â 025";"B01";"2";"7";"0";"2";"7";"16";"3";""
"202100037836";"134Â 026";"A01";"2";"33";"8";"2";"2";"18";"1";""
"202100037837";"134Â 024";"A01";"1";"30";"0";"1";"1";"1";"1";""
"202100037838";"134Â 023";"A01";"2";"30";"1";"0";"2";"14";"1";""
"202100037839";"134Â 021";"A01";"0";"30";"12";"2";"7";"14";"1";""
"202100037839";"134Â 022";"B01";"0";"30";"0";"2";"0";"1";"1";""
"202100037840";"134Â 019";"B01";"2";"1";"0";"2";"1";"1";"5";""
"202100037840";"134Â 020";"A01";"2";"7";"0";"2";"8";"22";"1";""
"202100037841";"134Â 017";"B01";"2";"1";"0";"2";"1";"1";"5";""
"202100037841";"134Â 018";"A01";"2";"10";"0";"2";"5";"4";"1";""
"202100037842";"134Â 015";"B01";"2";"7";"0";"2";"1";"15";"1";""
"202100037842";"134Â 016";"A01";"2";"50";"0";"2";"7";"19";"3";""
"202100037843";"134Â 014";"A01";"2";"7";"0";"1";"1";"1";"1";""
"202100037844";"134Â 013";"A01";"1";"7";"1";"0";"1";"1";"1";""
"202100037845";"134Â 012";"A01";"2";"43";"0";"1";"2";"26";"1";""
"202100037846";"134Â 010";"A01";"3";"7";"8";"2";"1";"16";"1";""
"202100037846";"134Â 011";"B01";"3";"2";"8";"2";"1";"1";"1";""
"202100037847";"134Â 009";"A01";"1";"7";"0";"1";"3";"1";"1";""
"202100037848";"134Â 007";"A01";"2";"7";"0";"2";"8";"15";"1";""
"202100037848";"134Â 008";"B01";"2";"34";"0";"2";"7";"17";"1";""
"202100037849";"134Â 005";"B01";"2";"7";"9";"2";"3";"26";"1";""
"202100037849";"134Â 006";"Z01";"2";"7";"0";"2";"2";"0";"1";""
"202100037850";"134Â 003";"A01";"3";"7";"0";"2";"7";"5";"1";""
"202100037850";"134Â 004";"B01";"3";"7";"0";"2";"8";"23";"1";""
"202100037851";"134Â 002";"A01";"2";"10";"8";"0";"1";"9";"1";""
"202100037852";"134Â 000";"Z01";"3";"7";"0";"2";"0";"16";"1";""
"202100037852";"134Â 001";"B01";"3";"10";"0";"2";"7";"24";"1";""
"202100037853";"133Â 999";"A01";"3";"7";"3";"0";"9";"1";"1";""
"202100037854";"133Â 997";"B01";"1";"31";"0";"0";"8";"1";"1";""
"202100037854";"133Â 998";"A01";"2";"7";"0";"2";"0";"15";"0";""
"202100037855";"133Â 995";"B01";"3";"10";"0";"2";"2";"2";"3";""
"202100037855";"133Â 996";"A01";"1";"7";"0";"2";"1";"26";"1";""
"202100037856";"133Â 994";"Z01";"3";"30";"9";"1";"0";"26";"1";""
"202100037857";"133Â 992";"B01";"0";"1";"0";"0";"0";"0";"0";""
"202100037857";"133Â 993";"A01";"1";"15";"0";"2";"7";"16";"1";""
"202100037858";"133Â 991";"A01";"0";"7";"6";"0";"1";"19";"1";""
"202100037859";"133Â 990";"A01";"2";"7";"0";"1";"1";"1";"1";""
"202100037860";"133Â 988";"A01";"1";"7";"0";"2";"5";"2";"1";""
"202100037860";"133Â 989";"B01";"1";"10";"0";"2";"3";"2";"1";""
"202100037861";"133Â 986";"A01";"2";"7";"0";"2";"2";"15";"1";""
"202100037861";"133Â 987";"B01";"1";"33";"0";"2";"1";"0";"1";""
"202100037862";"133Â 984";"B01";"3";"2";"0";"2";"0";"15";"1";""
"202100037862";"133Â 985";"A01";"3";"7";"0";"2";"1";"1";"1";""
"202100037863";"133Â 982";"B01";"1";"7";"14";"9";"4";"0";"0";""
"202100037863";"133Â 983";"A01";"2";"1";"14";"0";"1";"26";"5";""
"202100037864";"133Â 980";"A01";"0";"7";"0";"0";"0";"13";"1";""
"202100037864";"133Â 981";"B01";"0";"2";"0";"2";"0";"3";"1";""
"202100037865";"133Â 978";"B01";"3";"33";"0";"2";"8";"1";"1";""
"202100037865";"133Â 979";"A01";"3";"7";"0";"2";"1";"15";"1";""
"202100037866";"133Â 976";"A01";"1";"7";"0";"2";"1";"15";"1";""
"202100037866";"133Â 977";"B01";"1";"7";"0";"2";"2";"0";"1";""
"202100037867";"133Â 975";"A01";"2";"7";"14";"0";"1";"1";"1";""
"202100037868";"133Â 974";"A01";"2";"1";"0";"1";"1";"1";"5";""
"202100037869";"133Â 972";"A01";"1";"33";"0";"2";"1";"11";"1";""
"202100037869";"133Â 973";"B01";"1";"30";"0";"2";"4";"2";"1";""
"202100037870";"133Â 970";"A01";"3";"2";"0";"2";"7";"17";"1";""
"202100037870";"133Â 971";"B01";"3";"7";"0";"2";"3";"15";"1";""
"202100037871";"133Â 968";"B01";"2";"32";"0";"2";"6";"18";"1";""
"202100037871";"133Â 969";"A01";"2";"13";"0";"2";"5";"1";"1";""
"202100037872";"133Â 966";"A01";"2";"7";"0";"2";"4";"15";"1";""
"202100037872";"133Â 967";"B01";"2";"31";"0";"2";"1";"2";"1";""
"202100037873";"133Â 964";"B01";"3";"43";"0";"2";"4";"1";"1";""
"202100037873";"133Â 965";"A01";"2";"7";"0";"2";"1";"2";"2";""
"202100037874";"133Â 963";"A01";"2";"7";"0";"1";"1";"16";"1";""
"202100037875";"133Â 961";"A01";"2";"33";"0";"2";"2";"2";"0";""
"202100037875";"133Â 962";"B01";"2";"32";"0";"2";"6";"1";"1";""
"202100037876";"133Â 960";"A01";"1";"7";"1";"9";"2";"1";"1";""
"202100037877";"133Â 957";"C01";"2";"7";"0";"2";"4";"23";"1";""
"202100037877";"133Â 958";"B01";"2";"7";"0";"2";"4";"23";"2";""
"202100037877";"133Â 959";"A01";"2";"10";"14";"0";"1";"1";"1";""
"202100037878";"133Â 956";"A01";"1";"0";"8";"0";"7";"25";"0";""
"202100037879";"133Â 954";"B01";"2";"33";"0";"2";"7";"1";"1";""
"202100037879";"133Â 955";"A01";"1";"7";"0";"2";"1";"19";"1";""
"202100037880";"133Â 952";"B01";"1";"7";"8";"0";"3";"1";"1";""
"202100037880";"133Â 953";"A01";"2";"7";"0";"0";"3";"1";"1";""
"202100037881";"133Â 950";"B01";"1";"10";"0";"2";"6";"15";"1";""
"202100037881";"133Â 951";"A01";"1";"33";"0";"2";"1";"15";"1";""
"202100037882";"133Â 949";"A01";"3";"7";"0";"1";"5";"4";"1";""
"202100037883";"133Â 948";"A01";"2";"7";"0";"1";"2";"1";"1";""
"202100037884";"133Â 946";"A01";"2";"33";"14";"2";"2";"2";"1";""
"202100037884";"133Â 947";"B01";"2";"7";"0";"0";"6";"2";"1";""
"202100037885";"133Â 944";"A01";"2";"33";"0";"2";"8";"1";"1";""
"202100037885";"133Â 945";"B01";"1";"7";"0";"2";"8";"1";"1";""
"202100037886";"133Â 942";"B01";"1";"33";"0";"2";"2";"17";"1";""
"202100037886";"133Â 943";"A01";"1";"7";"0";"2";"3";"17";"1";""
"202100037887";"133Â 941";"A01";"1";"33";"7";"0";"0";"1";"1";""
"202100037888";"133Â 939";"B01";"1";"1";"0";"2";"1";"13";"5";""
"202100037888";"133Â 940";"A01";"1";"7";"0";"2";"1";"1";"1";""
"202100037889";"133Â 938";"A01";"3";"2";"0";"1";"1";"1";"1";""
"202100037890";"133Â 936";"B01";"1";"1";"0";"2";"4";"1";"5";""
"202100037890";"133Â 937";"A01";"1";"1";"0";"2";"1";"2";"5";""