"Num_Acc";"id_vehicule";"num_veh";"senc";"catv";"obs";"obsm";"choc";"manv";"motor";"occutc"
"202100037891";"133Â 933";"B01";"3";"7";"0";"0";"0";"26";"1";""
"202100037891";"133Â 934";"C01";"2";"21";"0";"2";"3";"1";"6";""
"202100037891";"133Â 935";"A01";"2";"2";"0";"2";"1";"21";"1";""
"202100037892";"133Â 932";"A01";"2";"2";"12";"0";"3";"15";"1";""
"202100037893";"133Â 930";"B01";"2";"7";"0";"0";"5";"1";"1";""
"202100037893";"133Â 931";"A01";"2";"7";"0";"2";"3";"1";"1";""
"202100037894";"133Â 929";"A01";"2";"1";"1";"0";"1";"14";"5";""
"202100037895";"133Â 926";"A01";"1";"7";"0";"2";"3";"13";"1";""
"202100037895";"133Â 927";"B01";"2";"7";"0";"2";"3";"1";"1";""
"202100037896";"133Â 924";"A01";"1";"7";"6";"2";"3";"2";"1";""
"202100037896";"133Â 925";"B01";"2";"7";"6";"2";"3";"2";"1";""
"202100037897";"133Â 922";"A01";"1";"7";"0";"0";"8";"9";"1";""
"202100037897";"133Â 923";"B01";"1";"1";"0";"2";"1";"9";"0";""
"202100037898";"133Â 921";"A01";"1";"7";"8";"0";"3";"0";"1";""
"202100037899";"133Â 920";"A01";"1";"7";"0";"0";"3";"14";"1";""
"202100037900";"133Â 918";"A01";"2";"7";"0";"2";"7";"15";"1";""
"202100037900";"133Â 919";"B01";"1";"31";"0";"2";"1";"1";"1";""
"202100037901";"133Â 916";"A01";"1";"10";"0";"2";"1";"1";"1";""
"202100037901";"133Â 917";"B01";"0";"7";"0";"2";"3";"16";"1";""
"202100037902";"133Â 915";"A01";"2";"2";"0";"0";"0";"1";"1";""
"202100037903";"133Â 913";"B01";"2";"1";"0";"9";"1";"2";"5";""
"202100037903";"133Â 914";"A01";"2";"1";"0";"9";"1";"2";"5";""
"202100037904";"133Â 912";"A01";"2";"33";"0";"6";"0";"1";"1";""
"202100037905";"133Â 910";"A01";"2";"7";"0";"2";"1";"1";"1";""
"202100037905";"133Â 911";"B01";"3";"7";"0";"2";"7";"9";"1";""
"202100037906";"133Â 907";"C01";"1";"2";"0";"2";"3";"1";"1";""
"202100037906";"133Â 908";"B01";"1";"7";"0";"2";"8";"1";"1";""
"202100037906";"133Â 909";"A01";"3";"7";"0";"2";"3";"21";"1";""
"202100037907";"133Â 905";"A01";"2";"7";"8";"2";"7";"15";"1";""
"202100037907";"133Â 906";"B01";"2";"7";"0";"2";"1";"1";"1";""
"202100037908";"133Â 904";"A01";"2";"33";"3";"0";"0";"1";"1";""
"202100037909";"133Â 903";"A01";"0";"36";"0";"0";"1";"0";"1";""
"202100037910";"133Â 901";"B01";"2";"7";"0";"2";"1";"15";"1";""
"202100037910";"133Â 902";"A01";"1";"2";"0";"2";"1";"0";"1";""
"202100037911";"133Â 899";"B01";"2";"33";"0";"2";"3";"1";"1";""
"202100037911";"133Â 900";"A01";"1";"10";"0";"2";"3";"1";"1";""
"202100037912";"133Â 897";"B01";"2";"33";"0";"2";"3";"1";"1";""
"202100037912";"133Â 898";"A01";"2";"7";"0";"0";"5";"15";"1";""
"202100037913";"133Â 896";"A01";"2";"7";"13";"0";"1";"0";"1";""
"202100037914";"133Â 895";"A01";"1";"33";"6";"0";"8";"1";"1";""
"202100037915";"133Â 894";"A01";"1";"33";"0";"0";"8";"26";"1";""
"202100037916";"133Â 893";"A01";"2";"1";"13";"0";"2";"1";"5";""
"202100037917";"133Â 891";"A01";"2";"7";"0";"2";"3";"9";"1";""
"202100037917";"133Â 892";"B01";"1";"7";"3";"2";"1";"1";"1";""
"202100037918";"133Â 890";"A01";"1";"7";"1";"0";"3";"1";"1";""
"202100037919";"133Â 888";"B01";"1";"0";"0";"9";"2";"1";"0";""
"202100037919";"133Â 889";"A01";"1";"1";"0";"0";"4";"1";"5";""
"202100037920";"133Â 886";"A01";"0";"33";"0";"2";"1";"1";"1";""
"202100037920";"133Â 887";"B01";"0";"7";"0";"9";"1";"1";"1";""
"202100037921";"133Â 883";"C01";"2";"33";"0";"2";"1";"1";"1";""
"202100037921";"133Â 884";"B01";"2";"33";"0";"2";"1";"1";"1";""
"202100037921";"133Â 885";"A01";"2";"7";"0";"0";"4";"1";"1";""
"202100037922";"133Â 882";"A01";"3";"7";"9";"1";"1";"1";"1";""
"202100037923";"133Â 880";"B01";"2";"7";"0";"0";"1";"1";"1";""
"202100037923";"133Â 881";"A01";"1";"10";"0";"2";"1";"13";"1";""
"202100037924";"133Â 879";"A01";"1";"1";"0";"0";"0";"1";"5";""
"202100037925";"133Â 876";"C01";"0";"14";"0";"0";"0";"15";"1";""
"202100037925";"133Â 877";"A01";"1";"1";"0";"9";"1";"1";"5";""
"202100037925";"133Â 878";"B01";"1";"1";"0";"9";"1";"1";"5";""
"202100037926";"133Â 875";"A01";"2";"33";"13";"0";"1";"1";"1";""
"202100037927";"133Â 873";"B01";"2";"33";"0";"2";"1";"1";"1";""
"202100037927";"133Â 874";"A01";"1";"7";"0";"2";"2";"15";"1";""
"202100037928";"133Â 871";"B01";"2";"7";"0";"0";"0";"15";"1";""
"202100037928";"133Â 872";"A01";"1";"33";"0";"0";"0";"1";"1";""
"202100037929";"133Â 869";"A01";"1";"7";"0";"2";"3";"15";"1";""
"202100037929";"133Â 870";"B01";"1";"33";"0";"2";"1";"1";"1";""
"202100037930";"133Â 867";"B01";"2";"7";"0";"2";"1";"1";"1";""
"202100037930";"133Â 868";"A01";"1";"7";"0";"2";"3";"15";"1";""
"202100037931";"133Â 865";"B01";"1";"1";"0";"2";"4";"2";"5";""
"202100037931";"133Â 866";"A01";"1";"7";"0";"2";"2";"2";"1";""
"202100037932";"133Â 864";"A01";"0";"10";"0";"1";"2";"1";"0";""
"202100037933";"133Â 862";"B01";"1";"7";"0";"2";"3";"2";"1";""
"202100037933";"133Â 863";"A01";"1";"10";"6";"0";"6";"2";"1";""
"202100037934";"133Â 860";"A01";"1";"10";"0";"2";"8";"10";"1";""
"202100037934";"133Â 861";"B01";"1";"31";"0";"2";"1";"1";"1";""
"202100037935";"133Â 859";"A01";"3";"7";"2";"0";"1";"13";"1";""
"202100037936";"133Â 857";"A01";"3";"2";"13";"0";"1";"1";"1";""
"202100037937";"133Â 855";"A01";"1";"10";"0";"2";"8";"19";"1";""
"202100037937";"133Â 856";"B01";"1";"10";"0";"2";"3";"1";"1";""
"202100037938";"133Â 853";"A01";"1";"7";"0";"9";"3";"16";"1";""
"202100037938";"133Â 854";"B01";"1";"1";"0";"2";"2";"1";"5";""
"202100037939";"133Â 851";"B01";"1";"7";"0";"6";"1";"1";"1";""
"202100037939";"133Â 852";"A01";"2";"7";"0";"6";"1";"1";"1";""
"202100037940";"133Â 850";"A01";"1";"33";"3";"0";"1";"12";"1";""
"202100037941";"133Â 847";"B01";"1";"7";"0";"2";"4";"2";"1";""
"202100037941";"133Â 848";"C01";"1";"10";"0";"2";"1";"2";"1";""
"202100037941";"133Â 849";"A01";"1";"7";"0";"2";"4";"1";"1";""
"202100037942";"133Â 845";"A01";"2";"10";"0";"2";"3";"14";"1";""
"202100037942";"133Â 846";"B01";"2";"7";"0";"2";"6";"1";"1";""
"202100037943";"133Â 844";"A01";"2";"7";"0";"2";"9";"2";"1";""
"202100037944";"133Â 842";"A01";"2";"33";"0";"2";"1";"2";"1";""
"202100037944";"133Â 843";"B01";"2";"7";"0";"2";"4";"2";"1";""
"202100037945";"133Â 840";"B01";"2";"7";"0";"2";"5";"2";"1";""
"202100037945";"133Â 841";"A01";"2";"33";"0";"2";"3";"2";"1";""
"202100037946";"133Â 838";"B01";"2";"7";"0";"2";"2";"12";"1";""
"202100037946";"133Â 839";"A01";"2";"14";"0";"2";"3";"1";"1";""
"202100037947";"133Â 836";"A01";"1";"7";"0";"2";"0";"13";"1";""
"202100037947";"133Â 837";"B01";"1";"10";"0";"2";"0";"13";"1";""
"202100037948";"133Â 834";"A01";"1";"13";"0";"2";"1";"1";"1";""
"202100037948";"133Â 835";"B01";"1";"7";"0";"2";"4";"1";"1";""
"202100037949";"133Â 831";"A01";"1";"7";"0";"2";"3";"21";"1";""
"202100037949";"133Â 832";"B01";"1";"7";"0";"2";"5";"1";"1";""
"202100037949";"133Â 833";"C01";"1";"13";"0";"2";"8";"1";"1";""
"202100037950";"133Â 829";"A01";"1";"32";"0";"2";"3";"3";"1";""
"202100037950";"133Â 830";"B01";"1";"7";"0";"2";"5";"12";"2";""
"202100037951";"133Â 828";"A01";"3";"7";"0";"1";"1";"1";"1";""
"202100037952";"133Â 826";"B01";"3";"7";"0";"2";"1";"2";"1";""
"202100037952";"133Â 827";"A01";"3";"7";"0";"2";"2";"2";"2";""
"202100037953";"133Â 824";"A01";"1";"7";"8";"2";"1";"21";"1";""
"202100037953";"133Â 825";"B01";"2";"7";"0";"2";"2";"1";"1";""
"202100037954";"133Â 822";"B01";"2";"7";"0";"2";"4";"1";"1";""
"202100037954";"133Â 823";"A01";"2";"33";"0";"2";"1";"1";"1";""
"202100037955";"133Â 820";"B01";"2";"7";"0";"2";"5";"23";"1";""
"202100037955";"133Â 821";"A01";"2";"34";"0";"2";"1";"2";"1";""
"202100037956";"133Â 819";"A01";"1";"30";"0";"0";"1";"19";"1";""
"202100037957";"133Â 817";"A01";"1";"31";"0";"2";"1";"1";"6";""
"202100037957";"133Â 818";"B01";"1";"7";"0";"2";"4";"1";"6";""
"202100037958";"133Â 815";"B01";"1";"2";"0";"2";"7";"1";"1";""
"202100037958";"133Â 816";"A01";"1";"7";"0";"2";"2";"26";"2";""
"202100037959";"133Â 813";"B01";"2";"7";"0";"2";"3";"16";"1";""
"202100037959";"133Â 814";"A01";"2";"32";"0";"2";"5";"16";"6";""
"202100037960";"133Â 810";"A01";"2";"7";"0";"2";"1";"1";"1";""
"202100037960";"133Â 811";"B01";"2";"7";"0";"2";"1";"1";"1";""
"202100037960";"133Â 812";"C01";"2";"7";"0";"0";"4";"1";"1";""
"202100037961";"133Â 809";"A01";"2";"10";"1";"1";"4";"26";"1";""
"202100037962";"133Â 808";"A01";"3";"1";"1";"1";"1";"21";"5";""
"202100037963";"133Â 807";"A01";"1";"7";"0";"1";"7";"1";"1";""
"202100037964";"133Â 805";"A01";"2";"7";"0";"2";"1";"2";"1";""
"202100037964";"133Â 806";"B01";"2";"7";"0";"2";"4";"2";"1";""
"202100037965";"133Â 803";"A01";"1";"7";"0";"2";"8";"15";"1";""
"202100037965";"133Â 804";"B01";"1";"31";"0";"2";"1";"17";"1";""
"202100037966";"133Â 801";"A01";"1";"7";"0";"2";"1";"9";"1";""
"202100037966";"133Â 802";"B01";"2";"33";"0";"2";"1";"17";"1";""
"202100037967";"133Â 799";"B01";"3";"7";"0";"2";"6";"0";"1";""
"202100037967";"133Â 800";"A01";"3";"34";"0";"2";"7";"17";"1";""
"202100037968";"133Â 797";"A01";"1";"7";"0";"2";"3";"1";"1";""
"202100037968";"133Â 798";"B01";"1";"2";"0";"2";"1";"15";"1";""
"202100037969";"133Â 794";"A01";"3";"13";"0";"2";"4";"4";"1";""
"202100037969";"133Â 795";"B01";"3";"30";"0";"2";"8";"0";"1";""
"202100037970";"133Â 793";"A01";"2";"30";"0";"2";"8";"1";"1";""
"202100037971";"133Â 789";"B01";"0";"1";"0";"2";"9";"15";"0";""
"202100037971";"133Â 790";"A01";"0";"33";"0";"2";"7";"17";"1";""
"202100037972";"133Â 787";"B01";"2";"7";"0";"2";"0";"15";"0";""
"202100037972";"133Â 788";"A01";"1";"30";"0";"2";"1";"0";"0";""
"202100037973";"133Â 785";"A01";"1";"7";"0";"2";"3";"15";"1";""
"202100037973";"133Â 786";"B01";"1";"34";"0";"2";"7";"2";"1";""
"202100037974";"133Â 783";"B01";"0";"7";"0";"9";"1";"1";"1";""
"202100037974";"133Â 784";"A01";"0";"99";"0";"2";"1";"1";"3";""
"202100037975";"133Â 781";"A01";"1";"7";"0";"2";"1";"2";"1";""
"202100037975";"133Â 782";"B01";"1";"7";"0";"2";"4";"23";"1";""
"202100037976";"133Â 778";"B01";"1";"7";"1";"2";"7";"1";"1";""
"202100037976";"133Â 779";"A01";"1";"30";"0";"2";"0";"0";"1";""
"202100037977";"133Â 776";"B01";"1";"7";"0";"2";"2";"17";"0";""
"202100037977";"133Â 777";"A01";"1";"7";"0";"2";"3";"15";"0";""
"202100037978";"133Â 774";"B01";"1";"7";"0";"2";"1";"1";"1";""
"202100037978";"133Â 775";"A01";"2";"7";"0";"2";"1";"1";"1";""
"202100037979";"133Â 773";"A01";"3";"3";"0";"1";"1";"1";"1";""
"202100037980";"133Â 771";"A01";"1";"7";"0";"2";"8";"22";"1";""
"202100037980";"133Â 772";"B01";"1";"1";"1";"0";"2";"1";"5";""
"202100037981";"133Â 770";"A01";"3";"7";"0";"1";"1";"9";"1";""
"202100037982";"133Â 768";"A01";"1";"10";"0";"2";"1";"15";"1";""
"202100037982";"133Â 769";"B01";"2";"33";"0";"2";"1";"0";"1";""
"202100037983";"133Â 767";"A01";"2";"7";"0";"1";"7";"21";"1";""
"202100037984";"133Â 765";"A01";"1";"7";"1";"2";"1";"1";"1";""
"202100037984";"133Â 766";"B01";"1";"7";"1";"2";"3";"1";"1";""
"202100037985";"133Â 763";"B01";"3";"50";"0";"2";"7";"1";"3";""
"202100037985";"133Â 764";"A01";"3";"10";"0";"9";"7";"1";"1";""
"202100037986";"133Â 762";"A01";"3";"7";"0";"0";"1";"26";"1";""
"202100037987";"133Â 761";"A01";"1";"37";"0";"1";"0";"26";"3";"1"
"202100037988";"133Â 759";"A01";"3";"7";"0";"2";"1";"9";"1";""
"202100037988";"133Â 760";"B01";"1";"7";"0";"2";"2";"1";"1";""
"202100037989";"133Â 757";"B01";"1";"2";"0";"2";"0";"1";"1";""
"202100037989";"133Â 758";"A01";"1";"7";"0";"2";"8";"9";"0";""
"202100037990";"133Â 755";"B01";"1";"30";"0";"2";"7";"1";"1";""
"202100037990";"133Â 756";"A01";"0";"7";"0";"2";"1";"9";"1";""
"202100037991";"133Â 753";"A01";"1";"7";"0";"2";"1";"2";"1";""
"202100037991";"133Â 754";"B01";"1";"7";"0";"2";"4";"2";"1";""
"202100037992";"133Â 751";"B01";"2";"80";"0";"2";"8";"1";"3";""
"202100037992";"133Â 752";"A01";"2";"7";"0";"2";"5";"17";"1";""
"202100037993";"133Â 749";"B01";"3";"7";"0";"2";"3";"15";"1";""
"202100037993";"133Â 750";"A01";"2";"33";"0";"2";"1";"1";"1";""
"202100037994";"133Â 747";"A01";"1";"7";"0";"2";"4";"2";"1";""
"202100037994";"133Â 748";"B01";"1";"33";"0";"2";"1";"17";"1";""
"202100037995";"133Â 746";"A01";"2";"7";"0";"1";"1";"1";"1";""
"202100037996";"133Â 745";"A01";"2";"7";"0";"0";"0";"14";"1";""
"202100037997";"133Â 742";"C01";"0";"7";"0";"2";"1";"2";"1";""
"202100037997";"133Â 743";"A01";"0";"7";"0";"2";"4";"1";"1";""
"202100037997";"133Â 744";"B01";"0";"7";"0";"2";"1";"2";"1";""
"202100037998";"133Â 741";"A01";"3";"7";"13";"0";"9";"0";"1";""
"202100037999";"133Â 739";"A01";"1";"7";"0";"9";"2";"26";"1";""
"202100037999";"133Â 740";"B01";"1";"50";"0";"2";"3";"26";"3";""
"202100038000";"133Â 738";"A01";"1";"2";"0";"0";"7";"26";"1";""
"202100038001";"133Â 735";"D01";"2";"7";"0";"2";"8";"23";"1";""
"202100038001";"133Â 736";"B01";"0";"33";"0";"2";"1";"10";"1";""
"202100038001";"133Â 737";"A01";"0";"33";"0";"2";"3";"1";"1";""
"202100038002";"133Â 733";"A01";"1";"30";"0";"2";"7";"17";"1";""
"202100038002";"133Â 734";"B01";"1";"10";"0";"2";"3";"15";"1";""
"202100038003";"133Â 731";"B01";"1";"50";"0";"2";"1";"1";"3";""
"202100038003";"133Â 732";"A01";"1";"7";"0";"2";"8";"15";"1";""
"202100038004";"133Â 727";"B01";"1";"7";"0";"2";"1";"1";"1";""
"202100038004";"133Â 728";"A01";"2";"7";"0";"2";"7";"19";"1";""
"202100038005";"133Â 726";"A01";"1";"7";"0";"1";"2";"1";"1";""
"202100038006";"133Â 725";"Z01";"3";"7";"0";"1";"2";"1";"0";""
"202100038007";"133Â 724";"A01";"1";"7";"0";"1";"1";"16";"1";""
"202100038008";"133Â 723";"A01";"3";"37";"0";"1";"2";"1";"1";"1"
"202100038009";"133Â 720";"B01";"1";"7";"0";"2";"4";"23";"1";""
"202100038009";"133Â 721";"A01";"1";"7";"14";"0";"1";"1";"1";""
"202100038009";"133Â 722";"C01";"3";"7";"0";"2";"4";"23";"1";""
"202100038010";"133Â 718";"B01";"2";"1";"0";"2";"7";"1";"5";""
"202100038010";"133Â 719";"A01";"2";"7";"0";"2";"3";"15";"1";""
"202100038011";"133Â 716";"A01";"3";"7";"0";"2";"3";"9";"1";""
"202100038011";"133Â 717";"B01";"3";"7";"0";"2";"2";"1";"1";""
"202100038012";"133Â 714";"A01";"2";"7";"0";"2";"1";"9";"1";""
"202100038012";"133Â 715";"B01";"1";"7";"8";"2";"1";"1";"1";""
"202100038013";"133Â 712";"A01";"2";"7";"0";"2";"1";"1";"1";""
"202100038013";"133Â 713";"B01";"1";"32";"0";"2";"3";"1";"1";""
"202100038014";"133Â 711";"A01";"1";"32";"0";"0";"0";"0";"1";""
"202100038015";"133Â 709";"A01";"1";"10";"0";"2";"4";"11";"1";""
"202100038015";"133Â 710";"B01";"1";"33";"0";"2";"4";"1";"1";""
"202100038016";"133Â 707";"B01";"1";"7";"0";"2";"2";"15";"1";""
"202100038016";"133Â 708";"A01";"1";"43";"0";"2";"1";"18";"1";""
"202100038017";"133Â 705";"B01";"1";"7";"0";"2";"2";"1";"1";""
"202100038017";"133Â 706";"A01";"1";"1";"0";"2";"3";"19";"5";""
"202100038018";"133Â 704";"A01";"2";"7";"2";"0";"0";"26";"0";""
"202100038019";"133Â 702";"A01";"1";"7";"0";"2";"7";"15";"1";""
"202100038019";"133Â 703";"B01";"2";"33";"0";"2";"1";"1";"1";""
"202100038020";"133Â 701";"A01";"1";"33";"5";"0";"8";"13";"1";""
"202100038021";"133Â 699";"B01";"3";"1";"0";"2";"0";"1";"5";""
"202100038021";"133Â 700";"A01";"3";"7";"0";"2";"0";"0";"1";""
"202100038022";"133Â 697";"B01";"1";"30";"0";"2";"5";"16";"1";""
"202100038022";"133Â 698";"A01";"1";"7";"0";"2";"1";"15";"1";""
"202100038023";"133Â 695";"A01";"1";"30";"0";"2";"1";"13";"1";""
"202100038023";"133Â 696";"B01";"2";"7";"0";"2";"1";"1";"1";""
"202100038024";"133Â 694";"A01";"3";"7";"0";"1";"7";"1";"2";""
"202100038025";"133Â 692";"B01";"2";"34";"0";"2";"2";"0";"1";""
"202100038025";"133Â 693";"A01";"2";"7";"0";"2";"6";"15";"1";""
"202100038026";"133Â 690";"A01";"0";"7";"0";"2";"8";"20";"1";""
"202100038026";"133Â 691";"B01";"0";"34";"0";"2";"1";"1";"1";""
"202100038027";"133Â 688";"B01";"3";"30";"0";"2";"0";"1";"1";""
"202100038027";"133Â 689";"A01";"3";"7";"0";"2";"0";"15";"1";""
"202100038028";"133Â 687";"A01";"1";"7";"0";"1";"1";"15";"1";""
"202100038029";"133Â 686";"A01";"3";"7";"14";"1";"2";"1";"1";""
"202100038030";"133Â 684";"B01";"1";"7";"0";"2";"1";"1";"1";""
"202100038030";"133Â 685";"A01";"1";"7";"0";"2";"2";"15";"1";""
"202100038031";"133Â 682";"A01";"0";"10";"0";"2";"8";"15";"0";""
"202100038031";"133Â 683";"B01";"0";"34";"0";"2";"1";"1";"1";""
"202100038032";"133Â 679";"A01";"2";"10";"14";"2";"3";"13";"1";""
"202100038032";"133Â 680";"B01";"1";"7";"0";"2";"3";"1";"1";""
"202100038032";"133Â 681";"C01";"1";"7";"0";"2";"2";"1";"1";""
"202100038033";"133Â 678";"A01";"2";"7";"0";"1";"1";"1";"1";""
"202100038034";"133Â 675";"C01";"1";"7";"0";"2";"6";"1";"3";""
"202100038034";"133Â 676";"B01";"1";"33";"0";"2";"2";"3";"1";""
"202100038034";"133Â 677";"A01";"1";"7";"0";"2";"8";"11";"1";""
"202100038035";"133Â 673";"Z01";"1";"7";"0";"2";"0";"13";"3";""
"202100038035";"133Â 674";"A01";"1";"32";"0";"2";"8";"23";"1";""
"202100038036";"133Â 671";"B01";"3";"32";"0";"2";"1";"1";"1";""
"202100038036";"133Â 672";"A01";"3";"7";"0";"2";"3";"15";"1";""
"202100038037";"133Â 669";"B01";"2";"50";"0";"2";"2";"1";"3";""
"202100038037";"133Â 670";"A01";"2";"7";"0";"2";"3";"9";"1";""
"202100038038";"133Â 668";"A01";"2";"10";"0";"1";"4";"4";"1";""
"202100038039";"133Â 666";"B01";"1";"34";"0";"9";"7";"1";"3";""
"202100038039";"133Â 667";"A01";"1";"50";"0";"2";"8";"11";"3";""
"202100038040";"133Â 664";"A01";"1";"7";"0";"2";"7";"9";"1";""
"202100038040";"133Â 665";"B01";"1";"1";"0";"2";"8";"1";"5";""
"202100038041";"133Â 663";"A01";"1";"7";"0";"1";"2";"1";"1";""
"202100038042";"133Â 661";"A01";"2";"7";"0";"2";"2";"15";"1";""
"202100038042";"133Â 662";"B01";"1";"30";"0";"2";"1";"1";"1";""
"202100038043";"133Â 660";"A01";"2";"7";"0";"1";"2";"15";"1";""
"202100038044";"133Â 659";"A01";"1";"1";"0";"0";"0";"21";"5";""
"202100038045";"133Â 657";"B01";"2";"32";"0";"2";"7";"15";"1";""
"202100038045";"133Â 658";"A01";"2";"7";"0";"2";"7";"15";"1";""
"202100038046";"133Â 655";"A01";"2";"7";"0";"2";"3";"1";"1";""
"202100038046";"133Â 656";"B01";"3";"1";"0";"2";"7";"19";"5";""
"202100038047";"133Â 653";"A01";"1";"1";"0";"2";"5";"19";"5";""
"202100038047";"133Â 654";"B01";"1";"7";"0";"2";"2";"1";"1";""
"202100038048";"133Â 652";"A01";"1";"7";"0";"1";"2";"13";"1";""
"202100038049";"133Â 650";"B01";"0";"1";"0";"2";"4";"26";"5";""
"202100038049";"133Â 651";"C01";"2";"7";"0";"2";"1";"2";"1";""
"202100038050";"133Â 648";"B01";"1";"1";"0";"2";"8";"1";"5";""
"202100038050";"133Â 649";"Z01";"1";"7";"0";"2";"2";"26";"1";""
"202100038051";"133Â 646";"A01";"1";"7";"0";"2";"5";"15";"1";""
"202100038051";"133Â 647";"B01";"1";"33";"0";"2";"1";"1";"1";""
"202100038052";"133Â 644";"A01";"1";"7";"0";"2";"7";"15";"1";""
"202100038052";"133Â 645";"B01";"2";"2";"0";"2";"1";"1";"1";""
"202100038053";"133Â 642";"A01";"3";"7";"0";"9";"1";"26";"1";""
"202100038053";"133Â 643";"B01";"3";"50";"0";"2";"1";"9";"3";""
"202100038054";"133Â 640";"B01";"1";"30";"0";"2";"0";"1";"1";""
"202100038054";"133Â 641";"Z01";"1";"7";"0";"2";"8";"10";"1";""
"202100038055";"133Â 638";"B01";"2";"2";"0";"2";"7";"1";"1";""
"202100038055";"133Â 639";"A01";"1";"7";"0";"2";"1";"1";"1";""
"202100038056";"133Â 637";"A01";"0";"7";"0";"1";"8";"2";"1";""
"202100038057";"133Â 636";"A01";"2";"7";"0";"1";"3";"2";"1";""
"202100038058";"133Â 634";"B01";"0";"7";"0";"2";"2";"9";"1";""
"202100038058";"133Â 635";"A01";"1";"10";"0";"2";"3";"1";"1";""
"202100038059";"133Â 628";"D01";"0";"7";"1";"0";"0";"0";"0";""
"202100038059";"133Â 629";"C01";"3";"7";"1";"0";"7";"0";"0";""
"202100038059";"133Â 630";"B01";"0";"7";"0";"2";"8";"0";"0";""
"202100038059";"133Â 631";"A01";"3";"7";"0";"2";"1";"26";"0";""
"202100038059";"133Â 632";"F01";"3";"10";"1";"0";"0";"0";"0";""
"202100038059";"133Â 633";"E01";"0";"7";"0";"0";"0";"0";"0";""
"202100038060";"133Â 626";"A01";"2";"7";"0";"2";"8";"10";"1";""
"202100038060";"133Â 627";"B01";"2";"31";"0";"2";"0";"0";"1";""
"202100038061";"133Â 624";"A01";"2";"7";"0";"2";"2";"1";"1";""
"202100038061";"133Â 625";"B01";"2";"7";"0";"0";"0";"0";"1";""
"202100038062";"133Â 622";"B01";"1";"1";"0";"2";"8";"15";"5";""
"202100038062";"133Â 623";"A01";"1";"60";"0";"2";"1";"16";"5";""
"202100038063";"133Â 621";"A01";"3";"7";"0";"1";"3";"15";"0";""
"202100038064";"133Â 619";"A01";"1";"43";"0";"2";"1";"17";"1";""
"202100038064";"133Â 620";"B01";"1";"7";"0";"2";"3";"15";"1";""
"202100038065";"133Â 617";"A01";"3";"7";"0";"2";"2";"0";"1";""
"202100038065";"133Â 618";"B01";"3";"33";"0";"2";"1";"26";"1";""
"202100038066";"133Â 615";"B01";"1";"7";"0";"2";"8";"15";"1";""
"202100038066";"133Â 616";"A01";"1";"34";"0";"2";"2";"17";"1";""
"202100038067";"133Â 614";"A01";"1";"32";"1";"0";"7";"14";"3";""
"202100038068";"133Â 613";"A01";"1";"7";"13";"0";"1";"1";"1";""
"202100038069";"133Â 611";"A01";"1";"21";"0";"0";"3";"15";"1";""
"202100038069";"133Â 612";"B01";"2";"33";"0";"0";"1";"0";"1";""
"202100038070";"133Â 610";"A01";"2";"7";"2";"0";"1";"1";"1";""
"202100038071";"133Â 608";"B01";"1";"7";"0";"2";"5";"12";"1";""
"202100038071";"133Â 609";"A01";"1";"33";"0";"2";"3";"1";"1";""
"202100038072";"133Â 606";"A01";"1";"33";"0";"2";"1";"2";"1";""
"202100038072";"133Â 607";"B01";"1";"7";"0";"2";"4";"1";"1";""
"202100038073";"133Â 604";"A01";"2";"10";"0";"2";"2";"2";"1";""
"202100038073";"133Â 605";"B01";"2";"1";"0";"2";"4";"2";"5";""
"202100038074";"133Â 603";"A01";"1";"33";"0";"6";"1";"1";"1";""
"202100038075";"133Â 601";"A01";"2";"7";"0";"2";"1";"1";"1";""
"202100038075";"133Â 602";"B01";"1";"17";"0";"2";"3";"9";"1";""
"202100038076";"133Â 600";"A01";"1";"7";"13";"0";"2";"0";"1";""
"202100038077";"133Â 598";"A01";"2";"1";"1";"0";"1";"1";"5";""
"202100038077";"133Â 599";"B01";"2";"13";"0";"2";"4";"24";"1";""
"202100038078";"133Â 597";"A01";"1";"7";"13";"0";"1";"1";"1";""
"202100038079";"133Â 595";"B01";"1";"7";"0";"2";"3";"2";"1";""
"202100038079";"133Â 596";"A01";"1";"33";"0";"2";"4";"2";"1";""
"202100038080";"133Â 594";"A01";"1";"7";"0";"1";"1";"1";"1";""
"202100038081";"133Â 592";"B01";"2";"7";"0";"2";"4";"1";"1";""
"202100038081";"133Â 593";"A01";"2";"7";"0";"2";"1";"1";"1";""
"202100038082";"133Â 591";"A01";"1";"2";"5";"0";"1";"1";"1";""
"202100038083";"133Â 588";"A01";"2";"15";"13";"0";"8";"1";"1";""
"202100038084";"133Â 587";"A01";"2";"7";"13";"0";"1";"1";"1";""
"202100038085";"133Â 585";"B01";"2";"14";"0";"0";"3";"1";"1";""
"202100038085";"133Â 586";"A01";"1";"7";"0";"2";"3";"13";"1";""
"202100038086";"133Â 584";"A01";"3";"2";"2";"0";"1";"1";"1";""
"202100038087";"133Â 583";"A01";"2";"7";"0";"1";"1";"15";"2";""
"202100038088";"133Â 582";"A01";"2";"7";"2";"0";"6";"13";"1";""
"202100038089";"133Â 580";"B01";"1";"31";"0";"2";"1";"3";"1";""
"202100038089";"133Â 581";"A01";"1";"7";"0";"2";"3";"10";"1";""
"202100038090";"133Â 578";"B01";"3";"1";"0";"2";"1";"15";"5";""
"202100038090";"133Â 579";"A01";"3";"7";"0";"9";"1";"16";"1";""