"Num_Acc";"id_vehicule";"num_veh";"senc";"catv";"obs";"obsm";"choc";"manv";"motor";"occutc"
"202100038091";"133Â 577";"A01";"1";"33";"6";"0";"0";"13";"1";""
"202100038092";"133Â 575";"B01";"2";"7";"0";"2";"2";"17";"1";""
"202100038092";"133Â 576";"A01";"2";"7";"0";"2";"8";"15";"1";""
"202100038093";"133Â 573";"B01";"2";"7";"0";"2";"2";"1";"1";""
"202100038093";"133Â 574";"A01";"1";"7";"15";"2";"7";"19";"1";""
"202100038094";"133Â 571";"A01";"1";"33";"0";"2";"1";"17";"1";""
"202100038094";"133Â 572";"B01";"1";"7";"0";"0";"3";"15";"1";""
"202100038095";"133Â 570";"A01";"3";"2";"0";"0";"2";"1";"1";""
"202100038096";"133Â 568";"B01";"1";"1";"0";"2";"4";"13";"5";""
"202100038096";"133Â 569";"A01";"1";"1";"0";"2";"1";"1";"5";""
"202100038097";"133Â 566";"A01";"1";"7";"0";"2";"3";"15";"1";""
"202100038097";"133Â 567";"B01";"2";"1";"0";"2";"6";"1";"5";""
"202100038098";"133Â 565";"A01";"2";"33";"13";"0";"1";"1";"1";""
"202100038099";"133Â 562";"B01";"1";"7";"0";"2";"1";"1";"1";""
"202100038099";"133Â 563";"C01";"1";"10";"8";"0";"1";"1";"1";""
"202100038099";"133Â 564";"A01";"1";"7";"0";"2";"8";"19";"1";""
"202100038100";"133Â 559";"C01";"1";"7";"0";"2";"4";"23";"1";""
"202100038100";"133Â 560";"A01";"1";"10";"0";"2";"1";"2";"1";""
"202100038100";"133Â 561";"B01";"1";"10";"0";"2";"4";"23";"1";""
"202100038101";"133Â 558";"A01";"3";"2";"0";"0";"0";"1";"1";""
"202100038102";"133Â 557";"A01";"1";"7";"14";"0";"1";"1";"1";""
"202100038103";"133Â 556";"A01";"1";"7";"8";"0";"8";"1";"1";""
"202100038104";"133Â 554";"B01";"3";"7";"0";"2";"8";"1";"1";""
"202100038104";"133Â 555";"A01";"2";"33";"0";"2";"1";"1";"1";""
"202100038105";"133Â 552";"A01";"2";"7";"0";"2";"4";"9";"1";""
"202100038105";"133Â 553";"B01";"1";"7";"0";"2";"1";"2";"1";""
"202100038106";"133Â 550";"B01";"2";"2";"0";"2";"4";"1";"1";""
"202100038106";"133Â 551";"A01";"2";"7";"0";"2";"2";"2";"1";""
"202100038107";"133Â 549";"A01";"1";"7";"13";"0";"2";"14";"1";""
"202100038108";"133Â 545";"A01";"1";"2";"0";"2";"1";"17";"1";""
"202100038108";"133Â 546";"B01";"1";"7";"0";"0";"8";"15";"1";""
"202100038109";"133Â 544";"A01";"1";"7";"13";"0";"2";"1";"1";""
"202100038110";"133Â 542";"A01";"2";"7";"0";"0";"4";"2";"1";""
"202100038110";"133Â 543";"B01";"2";"7";"9";"0";"1";"2";"1";""
"202100038111";"133Â 540";"B01";"1";"10";"0";"2";"1";"1";"1";""
"202100038111";"133Â 541";"A01";"1";"14";"0";"0";"4";"1";"1";""
"202100038112";"133Â 539";"A01";"1";"7";"0";"1";"1";"1";"1";""
"202100038113";"133Â 537";"B01";"3";"7";"0";"2";"1";"2";"1";""
"202100038113";"133Â 538";"A01";"3";"7";"0";"2";"4";"23";"1";""
"202100038114";"133Â 535";"A01";"1";"7";"0";"2";"1";"13";"1";""
"202100038114";"133Â 536";"B01";"2";"7";"0";"2";"1";"1";"1";""
"202100038115";"133Â 534";"A01";"1";"7";"15";"0";"0";"1";"1";""
"202100038116";"133Â 532";"B01";"1";"99";"0";"2";"5";"15";"1";""
"202100038116";"133Â 533";"A01";"2";"33";"0";"2";"1";"1";"1";""
"202100038117";"133Â 531";"A01";"1";"7";"0";"2";"1";"1";"1";""
"202100038118";"133Â 530";"A01";"2";"7";"2";"0";"1";"0";"1";""
"202100038119";"133Â 529";"A01";"2";"7";"0";"1";"2";"1";"1";""
"202100038120";"133Â 527";"B01";"2";"33";"0";"2";"8";"1";"1";""
"202100038120";"133Â 528";"A01";"1";"7";"0";"2";"3";"13";"1";""
"202100038121";"133Â 526";"A01";"2";"7";"13";"0";"1";"0";"1";""
"202100038122";"133Â 521";"B01";"2";"33";"0";"2";"1";"1";"1";""
"202100038122";"133Â 522";"A01";"2";"7";"0";"2";"3";"9";"1";""
"202100038123";"133Â 519";"A01";"1";"7";"0";"2";"1";"1";"1";""
"202100038123";"133Â 520";"C01";"1";"7";"0";"2";"8";"22";"1";""
"202100038124";"133Â 517";"B01";"2";"7";"4";"2";"3";"9";"1";""
"202100038124";"133Â 518";"A01";"2";"17";"0";"2";"2";"2";"1";""
"202100038125";"133Â 515";"A01";"2";"7";"0";"2";"1";"2";"2";""
"202100038125";"133Â 516";"B01";"2";"7";"0";"2";"4";"1";"1";""
"202100038126";"133Â 513";"A01";"1";"7";"0";"2";"1";"2";"1";""
"202100038126";"133Â 514";"B01";"1";"7";"0";"2";"4";"2";"1";""
"202100038127";"133Â 511";"A01";"2";"43";"0";"2";"1";"3";"1";""
"202100038127";"133Â 512";"B01";"2";"7";"0";"2";"6";"23";"1";""
"202100038128";"133Â 508";"A01";"2";"7";"0";"2";"3";"26";"1";""
"202100038128";"133Â 509";"B01";"2";"7";"0";"2";"5";"1";"1";""
"202100038128";"133Â 510";"C01";"2";"7";"0";"2";"4";"1";"1";""
"202100038129";"133Â 504";"A01";"1";"7";"0";"2";"1";"1";"1";""
"202100038129";"133Â 505";"B01";"1";"7";"0";"2";"4";"2";"1";""
"202100038129";"133Â 506";"C01";"1";"10";"0";"2";"4";"2";"1";""
"202100038129";"133Â 507";"D01";"1";"7";"0";"2";"4";"2";"1";""
"202100038130";"133Â 503";"A01";"2";"10";"3";"0";"1";"21";"1";""
"202100038131";"133Â 501";"A01";"1";"10";"0";"2";"1";"2";"1";""
"202100038131";"133Â 502";"B01";"1";"7";"0";"2";"4";"2";"1";""
"202100038132";"133Â 499";"B01";"1";"10";"0";"2";"5";"23";"1";""
"202100038132";"133Â 500";"A01";"1";"43";"0";"2";"1";"1";"1";""
"202100038133";"133Â 495";"C01";"2";"10";"0";"2";"4";"2";"1";""
"202100038133";"133Â 496";"D01";"2";"7";"0";"2";"4";"2";"1";""
"202100038133";"133Â 497";"B01";"1";"10";"0";"2";"4";"2";"1";""
"202100038133";"133Â 498";"A01";"2";"7";"0";"2";"1";"1";"1";""
"202100038134";"133Â 491";"D01";"2";"7";"0";"2";"4";"2";"1";""
"202100038134";"133Â 492";"C01";"2";"7";"0";"2";"4";"2";"1";""
"202100038134";"133Â 493";"B01";"2";"7";"0";"2";"4";"2";"1";""
"202100038134";"133Â 494";"A01";"2";"7";"0";"2";"1";"2";"1";""
"202100038135";"133Â 488";"A01";"2";"33";"0";"2";"2";"3";"1";""
"202100038135";"133Â 489";"B01";"2";"7";"0";"2";"3";"1";"0";""
"202100038135";"133Â 490";"C01";"2";"7";"0";"2";"6";"2";"1";""
"202100038136";"133Â 486";"A01";"2";"14";"0";"2";"1";"1";"1";""
"202100038136";"133Â 487";"B01";"2";"7";"0";"2";"4";"2";"1";""
"202100038137";"133Â 484";"A01";"2";"7";"0";"2";"1";"1";"1";""
"202100038137";"133Â 485";"B01";"2";"7";"0";"2";"4";"2";"1";""
"202100038138";"133Â 482";"B01";"2";"7";"0";"2";"4";"1";"1";""
"202100038138";"133Â 483";"A01";"2";"7";"0";"2";"1";"11";"1";""
"202100038139";"133Â 480";"A01";"2";"33";"0";"2";"1";"2";"1";""
"202100038139";"133Â 481";"B01";"2";"10";"0";"2";"6";"2";"1";""
"202100038140";"133Â 477";"A01";"2";"10";"0";"2";"7";"2";"1";""
"202100038140";"133Â 478";"B01";"2";"7";"0";"2";"6";"2";"1";""
"202100038140";"133Â 479";"C01";"2";"17";"0";"2";"2";"12";"1";""
"202100038141";"133Â 475";"A01";"2";"7";"0";"2";"8";"11";"1";""
"202100038141";"133Â 476";"B01";"2";"33";"0";"2";"7";"3";"1";""
"202100038142";"133Â 471";"A01";"1";"7";"0";"2";"1";"1";"1";""
"202100038142";"133Â 472";"B01";"1";"7";"0";"2";"4";"1";"1";""
"202100038142";"133Â 473";"C01";"1";"7";"0";"2";"4";"2";"1";""
"202100038143";"133Â 470";"A01";"1";"7";"0";"1";"1";"1";"1";""
"202100038144";"133Â 468";"A01";"1";"7";"0";"2";"2";"19";"1";""
"202100038144";"133Â 469";"B01";"2";"30";"0";"2";"1";"2";"1";""
"202100038145";"133Â 465";"C01";"2";"7";"0";"2";"8";"23";"1";""
"202100038145";"133Â 466";"B01";"2";"2";"0";"2";"1";"1";"1";""
"202100038145";"133Â 467";"A01";"1";"7";"0";"2";"1";"19";"1";""
"202100038146";"133Â 464";"A01";"1";"2";"0";"0";"1";"1";"1";""
"202100038147";"133Â 463";"A01";"1";"50";"12";"0";"1";"1";"3";""
"202100038148";"133Â 461";"B01";"2";"37";"0";"2";"8";"1";"1";"3"
"202100038148";"133Â 462";"A01";"2";"7";"0";"2";"2";"1";"1";""
"202100038149";"133Â 459";"A01";"2";"7";"0";"2";"1";"2";"1";""
"202100038149";"133Â 460";"B01";"2";"7";"0";"2";"4";"2";"1";""
"202100038150";"133Â 457";"B01";"1";"2";"0";"0";"4";"1";"1";""
"202100038150";"133Â 458";"A01";"1";"7";"0";"2";"1";"1";"1";""
"202100038151";"133Â 456";"A01";"1";"7";"0";"0";"9";"1";"1";""
"202100038152";"133Â 454";"A01";"2";"31";"0";"2";"1";"26";"1";""
"202100038152";"133Â 455";"B01";"2";"7";"0";"2";"4";"26";"1";""
"202100038153";"133Â 452";"B01";"1";"7";"0";"2";"3";"9";"1";""
"202100038153";"133Â 453";"A01";"1";"7";"0";"2";"2";"1";"1";""
"202100038154";"133Â 451";"A01";"1";"13";"14";"1";"5";"14";"1";""
"202100038155";"133Â 449";"B01";"3";"37";"9";"2";"2";"1";"1";"1"
"202100038155";"133Â 450";"A01";"3";"7";"0";"2";"1";"16";"1";""
"202100038156";"133Â 447";"A01";"3";"7";"0";"9";"1";"9";"2";""
"202100038156";"133Â 448";"B01";"3";"1";"0";"2";"7";"1";"5";""
"202100038157";"133Â 446";"A01";"2";"30";"9";"0";"1";"26";"1";""
"202100038158";"133Â 444";"B01";"3";"7";"0";"2";"2";"15";"1";""
"202100038158";"133Â 445";"A01";"2";"31";"0";"2";"3";"17";"1";""
"202100038159";"133Â 442";"B01";"2";"7";"0";"2";"1";"15";"1";""
"202100038159";"133Â 443";"A01";"1";"7";"0";"2";"6";"9";"1";""
"202100038160";"133Â 439";"A01";"2";"7";"0";"2";"1";"19";"1";""
"202100038160";"133Â 440";"C01";"1";"10";"0";"2";"8";"1";"1";""
"202100038160";"133Â 441";"B01";"1";"7";"0";"2";"8";"19";"3";""
"202100038161";"133Â 435";"A01";"3";"1";"0";"2";"1";"2";"0";""
"202100038161";"133Â 436";"B01";"3";"7";"0";"2";"4";"23";"1";""
"202100038162";"133Â 433";"B01";"0";"32";"0";"2";"1";"17";"1";""
"202100038162";"133Â 434";"A01";"1";"7";"0";"2";"3";"15";"1";""
"202100038163";"133Â 431";"B01";"2";"1";"0";"2";"2";"15";"5";""
"202100038163";"133Â 432";"A01";"1";"7";"0";"2";"1";"16";"1";""
"202100038164";"133Â 429";"A01";"2";"7";"9";"2";"3";"7";"1";""
"202100038164";"133Â 430";"B01";"2";"10";"0";"2";"2";"16";"1";""
"202100038165";"133Â 427";"B01";"2";"7";"0";"2";"1";"1";"1";""
"202100038165";"133Â 428";"A01";"1";"7";"0";"2";"2";"15";"1";""
"202100038166";"133Â 425";"B01";"2";"50";"0";"2";"1";"19";"3";""
"202100038166";"133Â 426";"A01";"1";"7";"0";"2";"5";"1";"1";""
"202100038167";"133Â 424";"Z01";"1";"7";"0";"1";"0";"1";"1";""
"202100038168";"133Â 422";"B01";"2";"1";"0";"2";"3";"19";"5";""
"202100038168";"133Â 423";"A01";"1";"7";"0";"2";"1";"15";"1";""
"202100038169";"133Â 420";"B01";"2";"33";"0";"2";"2";"1";"1";""
"202100038169";"133Â 421";"A01";"1";"1";"0";"2";"0";"19";"5";""
"202100038170";"133Â 419";"A01";"1";"30";"1";"0";"1";"26";"1";""
"202100038171";"133Â 417";"B01";"2";"7";"0";"2";"4";"1";"1";""
"202100038171";"133Â 418";"A01";"2";"10";"0";"2";"1";"1";"1";""
"202100038172";"133Â 416";"A01";"1";"30";"4";"0";"1";"21";"1";""
"202100038173";"133Â 415";"A01";"3";"2";"0";"1";"1";"16";"1";""
"202100038174";"133Â 414";"A01";"2";"38";"0";"1";"2";"1";"1";"1"
"202100038175";"133Â 412";"A01";"1";"7";"8";"0";"3";"11";"1";""
"202100038175";"133Â 413";"B01";"1";"7";"9";"0";"1";"11";"1";""
"202100038176";"133Â 410";"B01";"1";"2";"0";"2";"1";"0";"1";""
"202100038176";"133Â 411";"A01";"1";"7";"0";"2";"3";"9";"1";""
"202100038177";"133Â 408";"B01";"1";"1";"0";"2";"1";"1";"5";""
"202100038177";"133Â 409";"A01";"2";"7";"0";"2";"7";"15";"1";""
"202100038178";"133Â 406";"B01";"2";"2";"0";"0";"7";"1";"1";""
"202100038178";"133Â 407";"A01";"2";"10";"0";"2";"1";"9";"1";""
"202100038179";"133Â 403";"B01";"1";"30";"0";"2";"1";"1";"1";""
"202100038179";"133Â 404";"A01";"1";"7";"0";"2";"7";"16";"1";""
"202100038180";"133Â 401";"A01";"3";"7";"0";"2";"1";"17";"1";""
"202100038180";"133Â 402";"B01";"3";"10";"0";"2";"3";"15";"1";""
"202100038181";"133Â 399";"B01";"0";"1";"1";"0";"1";"1";"0";""
"202100038181";"133Â 400";"A01";"0";"10";"1";"2";"3";"22";"1";""
"202100038182";"133Â 397";"B01";"1";"7";"0";"2";"2";"15";"1";""
"202100038182";"133Â 398";"A01";"3";"30";"0";"2";"1";"1";"1";""
"202100038183";"133Â 395";"B01";"2";"7";"0";"2";"4";"1";"1";""
"202100038183";"133Â 396";"A01";"2";"7";"0";"2";"1";"1";"1";""
"202100038184";"133Â 393";"A01";"1";"7";"0";"2";"1";"9";"1";""
"202100038184";"133Â 394";"B01";"0";"1";"0";"2";"0";"1";"0";""
"202100038185";"133Â 391";"A01";"1";"13";"0";"0";"0";"0";"1";""
"202100038185";"133Â 392";"B01";"1";"1";"0";"2";"8";"2";"5";""
"202100038186";"133Â 389";"B01";"2";"7";"0";"2";"6";"2";"1";""
"202100038186";"133Â 390";"A01";"2";"7";"0";"2";"2";"14";"1";""
"202100038187";"133Â 387";"A01";"1";"7";"0";"2";"2";"15";"1";""
"202100038187";"133Â 388";"B01";"2";"2";"0";"2";"1";"1";"1";""
"202100038188";"133Â 386";"A01";"1";"30";"0";"1";"1";"1";"3";""
"202100038189";"133Â 382";"B01";"1";"7";"0";"2";"6";"2";"0";""
"202100038189";"133Â 383";"A01";"1";"33";"0";"2";"1";"0";"1";""
"202100038190";"133Â 381";"A01";"3";"10";"0";"1";"2";"26";"1";""
"202100038191";"133Â 379";"A01";"1";"7";"3";"2";"1";"21";"1";""
"202100038191";"133Â 380";"B01";"2";"7";"0";"2";"8";"1";"1";""
"202100038192";"133Â 375";"A01";"1";"33";"0";"2";"1";"5";"1";""
"202100038192";"133Â 376";"B01";"2";"7";"0";"2";"8";"15";"1";""
"202100038193";"133Â 373";"B01";"2";"33";"0";"2";"1";"1";"1";""
"202100038193";"133Â 374";"A01";"1";"7";"0";"2";"1";"11";"1";""
"202100038194";"133Â 372";"A01";"1";"34";"0";"0";"0";"26";"1";""
"202100038195";"133Â 370";"A01";"0";"7";"0";"2";"1";"15";"1";""
"202100038195";"133Â 371";"B01";"0";"7";"0";"2";"2";"1";"1";""
"202100038196";"133Â 369";"A01";"3";"7";"0";"1";"2";"1";"1";""
"202100038197";"133Â 367";"B01";"2";"7";"0";"2";"8";"15";"1";""
"202100038197";"133Â 368";"A01";"2";"7";"0";"2";"1";"17";"1";""
"202100038198";"133Â 366";"A01";"3";"7";"0";"1";"3";"26";"1";""
"202100038199";"133Â 365";"A01";"1";"7";"0";"9";"3";"1";"1";""
"202100038200";"133Â 363";"A01";"3";"7";"0";"2";"1";"19";"2";""
"202100038200";"133Â 364";"B01";"2";"7";"0";"2";"2";"1";"1";""
"202100038201";"133Â 361";"B01";"1";"7";"0";"2";"4";"2";"1";""
"202100038201";"133Â 362";"A01";"1";"3";"0";"2";"1";"2";"1";""
"202100038202";"133Â 360";"A01";"2";"7";"8";"0";"1";"16";"1";""
"202100038203";"133Â 358";"B01";"1";"7";"0";"2";"5";"15";"1";""
"202100038203";"133Â 359";"A01";"1";"7";"0";"2";"3";"1";"1";""
"202100038204";"133Â 356";"A01";"2";"7";"0";"2";"1";"26";"1";""
"202100038204";"133Â 357";"B01";"2";"7";"0";"2";"4";"26";"1";""
"202100038205";"133Â 354";"B01";"1";"10";"0";"2";"8";"1";"1";""
"202100038205";"133Â 355";"A01";"2";"7";"0";"2";"3";"13";"1";""
"202100038206";"133Â 352";"A01";"2";"7";"0";"2";"1";"1";"1";""
"202100038206";"133Â 353";"B01";"2";"7";"0";"2";"4";"1";"1";""
"202100038207";"133Â 351";"A01";"2";"2";"0";"0";"0";"1";"1";""
"202100038208";"133Â 349";"A01";"2";"33";"0";"9";"4";"23";"0";""
"202100038208";"133Â 350";"B01";"2";"10";"0";"2";"2";"1";"1";""
"202100038209";"133Â 345";"A01";"2";"7";"4";"2";"2";"14";"1";""
"202100038209";"133Â 346";"B01";"2";"10";"0";"2";"6";"1";"1";""
"202100038209";"133Â 347";"C01";"2";"7";"0";"2";"4";"1";"1";""
"202100038209";"133Â 348";"D01";"2";"7";"0";"2";"7";"1";"1";""
"202100038210";"133Â 343";"A01";"1";"33";"0";"2";"2";"3";"1";""
"202100038210";"133Â 344";"B01";"1";"33";"0";"2";"6";"23";"1";""
"202100038211";"133Â 342";"A01";"1";"14";"0";"1";"2";"16";"1";""
"202100038212";"133Â 340";"A01";"1";"7";"0";"2";"2";"16";"1";""
"202100038212";"133Â 341";"B01";"1";"30";"0";"2";"3";"18";"3";""
"202100038213";"133Â 338";"A01";"1";"30";"1";"2";"1";"13";"1";""
"202100038213";"133Â 339";"B01";"2";"13";"0";"2";"3";"1";"1";""
"202100038214";"133Â 337";"Z01";"2";"30";"0";"1";"0";"0";"1";""
"202100038215";"133Â 336";"A01";"1";"43";"0";"1";"2";"5";"1";""
"202100038216";"133Â 334";"Z01";"2";"32";"0";"2";"0";"13";"0";""
"202100038216";"133Â 335";"A01";"2";"7";"0";"2";"3";"1";"1";""
"202100038217";"133Â 332";"A01";"3";"10";"0";"2";"5";"15";"1";""
"202100038217";"133Â 333";"B01";"3";"33";"0";"2";"1";"1";"1";""
"202100038218";"133Â 331";"A01";"3";"7";"0";"1";"3";"16";"1";""
"202100038219";"133Â 330";"A01";"2";"7";"0";"1";"4";"4";"3";""
"202100038220";"133Â 329";"A01";"2";"50";"0";"0";"1";"1";"3";""
"202100038221";"133Â 327";"A01";"2";"50";"0";"2";"1";"13";"3";""
"202100038221";"133Â 328";"B01";"1";"1";"0";"2";"1";"1";"5";""
"202100038222";"133Â 326";"A01";"1";"50";"0";"0";"3";"14";"3";""
"202100038223";"133Â 324";"B01";"1";"7";"0";"2";"7";"23";"3";""
"202100038223";"133Â 325";"A01";"1";"30";"0";"2";"3";"18";"1";""
"202100038224";"133Â 322";"B01";"0";"10";"0";"2";"2";"15";"1";""
"202100038224";"133Â 323";"A01";"1";"7";"0";"2";"6";"1";"1";""
"202100038225";"133Â 320";"Z01";"1";"7";"0";"2";"7";"22";"0";""
"202100038225";"133Â 321";"A01";"1";"50";"0";"2";"1";"18";"3";""
"202100038226";"133Â 318";"B01";"2";"7";"0";"2";"1";"1";"1";""
"202100038226";"133Â 319";"A01";"1";"7";"0";"2";"2";"15";"1";""
"202100038227";"133Â 316";"B01";"1";"33";"0";"2";"1";"5";"1";""
"202100038227";"133Â 317";"A01";"1";"10";"0";"2";"3";"10";"1";""
"202100038228";"133Â 314";"B01";"1";"1";"0";"2";"1";"2";"5";""
"202100038228";"133Â 315";"A01";"1";"7";"0";"2";"6";"15";"1";""
"202100038229";"133Â 311";"C01";"2";"7";"0";"2";"4";"26";"1";""
"202100038229";"133Â 312";"A01";"2";"7";"0";"2";"2";"10";"1";""
"202100038229";"133Â 313";"B01";"2";"2";"0";"2";"8";"1";"1";""
"202100038230";"133Â 309";"B01";"2";"7";"0";"0";"6";"0";"1";""
"202100038230";"133Â 310";"A01";"2";"2";"0";"2";"1";"26";"1";""
"202100038231";"133Â 307";"B01";"1";"40";"0";"2";"1";"1";"0";""
"202100038231";"133Â 308";"A01";"1";"7";"0";"4";"3";"15";"1";""
"202100038232";"133Â 304";"C01";"2";"7";"0";"2";"4";"1";"1";""
"202100038232";"133Â 305";"B01";"2";"7";"0";"2";"4";"23";"1";""
"202100038232";"133Â 306";"A01";"2";"7";"0";"2";"1";"2";"1";""
"202100038233";"133Â 302";"A01";"2";"7";"0";"2";"8";"9";"1";""
"202100038233";"133Â 303";"B01";"2";"43";"0";"2";"1";"2";"1";""
"202100038234";"133Â 300";"B01";"2";"10";"1";"0";"0";"0";"1";""
"202100038234";"133Â 301";"A01";"2";"7";"1";"0";"3";"26";"1";""
"202100038235";"133Â 298";"A01";"1";"33";"0";"2";"7";"1";"1";""
"202100038235";"133Â 299";"B01";"3";"7";"0";"2";"1";"1";"1";""
"202100038236";"133Â 296";"B01";"0";"7";"0";"2";"3";"10";"1";""
"202100038236";"133Â 297";"A01";"0";"2";"0";"2";"1";"17";"1";""
"202100038237";"133Â 295";"A01";"2";"7";"0";"1";"2";"19";"1";""
"202100038238";"133Â 293";"B01";"3";"37";"0";"2";"3";"2";"0";"4"
"202100038238";"133Â 294";"A01";"3";"7";"0";"2";"5";"16";"1";""
"202100038239";"133Â 291";"B01";"3";"7";"0";"2";"3";"15";"1";""
"202100038239";"133Â 292";"A01";"3";"32";"0";"2";"2";"26";"1";""
"202100038240";"133Â 289";"A01";"1";"32";"0";"2";"1";"17";"1";""
"202100038240";"133Â 290";"B01";"1";"10";"0";"2";"8";"15";"1";""
"202100038241";"133Â 288";"A01";"3";"1";"0";"1";"1";"26";"5";""
"202100038242";"133Â 286";"B01";"2";"32";"0";"2";"0";"1";"1";""
"202100038242";"133Â 287";"A01";"2";"33";"0";"2";"0";"0";"1";""
"202100038243";"133Â 285";"A01";"1";"33";"0";"1";"4";"26";"1";""
"202100038244";"133Â 284";"A01";"2";"7";"6";"0";"1";"14";"1";""
"202100038245";"133Â 282";"A01";"1";"7";"16";"0";"3";"13";"1";""
"202100038245";"133Â 283";"B01";"2";"7";"13";"0";"3";"21";"1";""
"202100038246";"133Â 281";"A01";"0";"7";"6";"0";"7";"0";"1";""
"202100038247";"133Â 280";"A01";"2";"7";"4";"0";"3";"11";"1";""
"202100038248";"133Â 278";"A01";"1";"33";"0";"2";"3";"26";"1";""
"202100038248";"133Â 279";"B01";"1";"7";"0";"2";"2";"19";"1";""
"202100038249";"133Â 277";"A01";"2";"7";"0";"1";"1";"1";"1";""
"202100038250";"133Â 275";"A01";"3";"7";"0";"0";"1";"13";"1";""
"202100038250";"133Â 276";"B01";"3";"7";"0";"0";"1";"14";"1";""
"202100038251";"133Â 273";"A01";"2";"17";"3";"2";"7";"6";"1";""
"202100038251";"133Â 274";"B01";"1";"7";"0";"2";"1";"1";"1";""
"202100038252";"133Â 271";"A01";"2";"33";"0";"2";"1";"0";"1";""
"202100038252";"133Â 272";"B01";"2";"7";"0";"2";"6";"0";"0";""
"202100038253";"133Â 269";"B01";"2";"2";"0";"2";"1";"2";"1";""
"202100038253";"133Â 270";"A01";"2";"7";"0";"2";"6";"15";"1";""
"202100038254";"133Â 268";"A01";"2";"7";"0";"1";"7";"1";"1";""
"202100038255";"133Â 267";"A01";"1";"37";"6";"0";"2";"19";"1";"10"
"202100038256";"133Â 266";"A01";"1";"7";"2";"0";"8";"0";"1";""
"202100038257";"133Â 264";"B01";"3";"33";"0";"2";"3";"15";"1";""
"202100038257";"133Â 265";"A01";"3";"33";"0";"2";"3";"13";"1";""
"202100038258";"133Â 262";"A01";"1";"33";"0";"2";"1";"17";"1";""
"202100038258";"133Â 263";"B01";"1";"7";"0";"2";"8";"15";"1";""
"202100038259";"133Â 261";"A01";"1";"7";"6";"0";"1";"14";"1";""
"202100038260";"133Â 259";"B01";"3";"1";"0";"2";"3";"1";"5";""
"202100038260";"133Â 260";"A01";"2";"7";"0";"2";"7";"16";"1";""
"202100038261";"133Â 258";"A01";"1";"33";"0";"6";"1";"1";"1";""
"202100038262";"133Â 256";"B01";"3";"2";"0";"2";"8";"0";"1";""
"202100038262";"133Â 257";"A01";"3";"7";"0";"2";"2";"0";"1";""
"202100038263";"133Â 255";"A01";"1";"2";"14";"0";"0";"1";"1";""
"202100038264";"133Â 253";"A01";"1";"7";"0";"2";"3";"13";"1";""
"202100038264";"133Â 254";"B01";"2";"7";"0";"2";"3";"1";"1";""
"202100038265";"133Â 249";"B01";"1";"7";"0";"0";"4";"2";"1";""
"202100038265";"133Â 250";"A01";"1";"33";"3";"2";"1";"2";"1";""
"202100038266";"133Â 246";"B01";"2";"7";"0";"2";"3";"1";"1";""
"202100038266";"133Â 247";"A01";"1";"33";"0";"2";"1";"1";"1";""
"202100038267";"133Â 243";"A01";"2";"7";"0";"2";"3";"17";"1";""
"202100038267";"133Â 244";"B01";"1";"7";"0";"2";"3";"1";"1";""
"202100038267";"133Â 245";"C01";"2";"13";"0";"2";"3";"1";"0";""
"202100038268";"133Â 241";"A01";"1";"33";"0";"2";"1";"2";"1";""
"202100038268";"133Â 242";"B01";"1";"1";"0";"2";"4";"0";"5";""
"202100038269";"133Â 239";"B01";"2";"31";"0";"2";"0";"1";"1";""
"202100038269";"133Â 240";"A01";"1";"7";"0";"2";"1";"1";"1";""
"202100038270";"133Â 238";"A01";"2";"7";"6";"0";"1";"1";"1";""
"202100038271";"133Â 237";"A01";"1";"7";"10";"0";"1";"13";"1";""
"202100038272";"133Â 236";"A01";"3";"33";"0";"1";"8";"1";"1";""
"202100038273";"133Â 234";"A01";"2";"21";"0";"2";"7";"15";"1";""
"202100038273";"133Â 235";"B01";"1";"31";"0";"2";"1";"1";"1";""
"202100038274";"133Â 231";"A01";"1";"7";"0";"1";"2";"1";"1";""
"202100038275";"133Â 230";"A01";"0";"7";"0";"1";"4";"4";"1";""
"202100038276";"133Â 228";"A01";"1";"7";"0";"0";"4";"23";"1";""
"202100038276";"133Â 229";"B01";"2";"2";"1";"0";"1";"2";"1";""
"202100038277";"133Â 225";"A01";"2";"34";"0";"0";"0";"1";"1";""
"202100038278";"133Â 223";"A01";"2";"7";"0";"2";"2";"15";"1";""
"202100038278";"133Â 224";"B01";"1";"33";"0";"2";"1";"1";"1";""
"202100038279";"133Â 222";"A01";"1";"33";"13";"0";"1";"2";"1";""
"202100038280";"133Â 221";"A01";"2";"33";"0";"0";"0";"1";"1";""
"202100038281";"133Â 219";"B01";"3";"7";"0";"0";"7";"1";"1";""
"202100038281";"133Â 220";"A01";"3";"1";"0";"2";"1";"1";"5";""
"202100038282";"133Â 217";"A01";"1";"7";"0";"2";"1";"0";"1";""
"202100038282";"133Â 218";"B01";"1";"7";"0";"2";"5";"15";"1";""
"202100038283";"133Â 216";"A01";"3";"10";"0";"9";"8";"26";"1";""
"202100038284";"133Â 214";"B01";"2";"14";"0";"2";"6";"23";"1";""
"202100038284";"133Â 215";"A01";"2";"7";"0";"2";"2";"1";"1";""
"202100038285";"133Â 213";"A01";"1";"7";"16";"0";"9";"1";"1";""
"202100038286";"133Â 211";"A01";"2";"33";"0";"2";"3";"18";"1";""
"202100038286";"133Â 212";"B01";"2";"7";"0";"9";"7";"16";"1";""