"Num_Acc";"id_vehicule";"num_veh";"senc";"catv";"obs";"obsm";"choc";"manv";"motor";"occutc"
"202100038287";"133Â 210";"A01";"1";"33";"13";"0";"1";"13";"1";""
"202100038288";"133Â 208";"A01";"3";"7";"0";"2";"1";"5";"1";""
"202100038288";"133Â 209";"B01";"0";"7";"0";"2";"1";"21";"1";""
"202100038289";"133Â 205";"B01";"1";"2";"0";"2";"1";"1";"1";""
"202100038289";"133Â 206";"A01";"2";"7";"0";"2";"3";"1";"1";""
"202100038290";"133Â 203";"A01";"1";"7";"0";"0";"6";"15";"1";""
"202100038290";"133Â 204";"B01";"1";"33";"0";"2";"1";"2";"1";""
"202100038291";"133Â 201";"A01";"2";"1";"0";"2";"1";"1";"5";""
"202100038291";"133Â 202";"B01";"2";"7";"0";"2";"8";"1";"1";""
"202100038292";"133Â 200";"A01";"2";"33";"0";"0";"9";"1";"1";""
"202100038293";"133Â 198";"A01";"2";"7";"0";"0";"4";"2";"1";""
"202100038293";"133Â 199";"B01";"2";"7";"0";"2";"1";"2";"1";""
"202100038294";"133Â 195";"C01";"1";"31";"0";"2";"1";"1";"1";""
"202100038294";"133Â 196";"B01";"1";"31";"0";"2";"1";"1";"1";""
"202100038294";"133Â 197";"A01";"2";"7";"0";"2";"3";"13";"1";""
"202100038295";"133Â 193";"A01";"3";"10";"0";"2";"7";"12";"1";""
"202100038295";"133Â 194";"B01";"3";"34";"0";"2";"3";"0";"1";""
"202100038296";"133Â 191";"B01";"2";"7";"0";"2";"3";"1";"1";""
"202100038296";"133Â 192";"A01";"1";"7";"0";"2";"1";"1";"1";""
"202100038297";"133Â 189";"A01";"1";"7";"0";"2";"3";"15";"1";""
"202100038297";"133Â 190";"B01";"2";"30";"0";"2";"1";"21";"1";""
"202100038298";"133Â 187";"B01";"2";"1";"12";"2";"3";"1";"5";""
"202100038298";"133Â 188";"A01";"2";"7";"0";"2";"7";"17";"1";""
"202100038299";"133Â 185";"B01";"3";"1";"0";"2";"1";"15";"5";""
"202100038299";"133Â 186";"A01";"3";"10";"0";"9";"7";"17";"1";""
"202100038300";"133Â 184";"A01";"2";"7";"0";"0";"0";"9";"1";""
"202100038301";"133Â 181";"Z01";"1";"7";"0";"2";"1";"1";"1";""
"202100038301";"133Â 182";"B01";"1";"10";"0";"2";"4";"1";"1";""
"202100038301";"133Â 183";"A01";"1";"7";"0";"2";"1";"1";"1";""
"202100038302";"133Â 178";"C01";"1";"7";"0";"2";"4";"1";"1";""
"202100038302";"133Â 179";"B01";"1";"7";"0";"2";"8";"1";"1";""
"202100038302";"133Â 180";"A01";"1";"33";"0";"2";"1";"1";"1";""
"202100038303";"133Â 176";"A01";"2";"7";"0";"2";"6";"14";"1";""
"202100038303";"133Â 177";"B01";"1";"33";"0";"2";"1";"1";"1";""
"202100038304";"133Â 173";"C01";"1";"7";"0";"2";"4";"2";"1";""
"202100038304";"133Â 174";"B01";"1";"7";"0";"2";"4";"2";"1";""
"202100038304";"133Â 175";"A01";"1";"15";"0";"2";"1";"2";"1";""
"202100038305";"133Â 170";"C01";"1";"7";"0";"2";"4";"2";"1";""
"202100038305";"133Â 171";"B01";"1";"7";"0";"2";"4";"2";"1";""
"202100038305";"133Â 172";"A01";"1";"7";"0";"2";"1";"2";"1";""
"202100038306";"133Â 168";"A01";"2";"33";"0";"2";"1";"2";"1";""
"202100038306";"133Â 169";"B01";"2";"7";"0";"2";"4";"2";"1";""
"202100038307";"133Â 165";"C01";"1";"7";"0";"2";"0";"0";"1";""
"202100038307";"133Â 166";"B01";"1";"7";"0";"2";"0";"0";"1";""
"202100038307";"133Â 167";"A01";"1";"33";"0";"2";"3";"3";"1";""
"202100038308";"133Â 163";"A01";"2";"17";"0";"2";"1";"1";"1";""
"202100038308";"133Â 164";"B01";"2";"15";"0";"2";"4";"2";"1";""
"202100038309";"133Â 161";"B01";"1";"15";"0";"2";"3";"1";"1";""
"202100038309";"133Â 162";"A01";"1";"7";"0";"2";"2";"1";"1";""
"202100038310";"133Â 160";"A01";"0";"32";"0";"1";"1";"1";"1";""
"202100038311";"133Â 158";"A01";"1";"10";"0";"1";"2";"1";"1";""
"202100038312";"133Â 156";"A01";"2";"7";"0";"1";"2";"1";"1";""
"202100038313";"133Â 155";"A01";"2";"30";"0";"1";"1";"1";"1";""
"202100038314";"133Â 154";"A01";"1";"7";"0";"1";"2";"1";"1";""
"202100038315";"133Â 152";"A01";"2";"7";"0";"2";"8";"11";"1";""
"202100038315";"133Â 153";"B01";"2";"33";"0";"2";"7";"3";"1";""
"202100038316";"133Â 150";"Z01";"1";"2";"0";"9";"1";"0";"0";""
"202100038316";"133Â 151";"A01";"1";"1";"0";"9";"1";"1";"5";""
"202100038317";"133Â 148";"A01";"1";"33";"0";"2";"1";"1";"1";""
"202100038317";"133Â 149";"B01";"1";"7";"0";"2";"2";"1";"1";""
"202100038318";"133Â 146";"A01";"2";"10";"0";"2";"1";"1";"3";""
"202100038318";"133Â 147";"B01";"2";"1";"0";"2";"8";"1";"5";""
"202100038319";"133Â 145";"A01";"2";"1";"0";"1";"1";"1";"5";""
"202100038320";"133Â 143";"B01";"2";"7";"0";"2";"8";"1";"1";""
"202100038320";"133Â 144";"A01";"1";"7";"0";"2";"1";"1";"1";""
"202100038321";"133Â 142";"A01";"1";"7";"12";"0";"1";"14";"1";""
"202100038322";"133Â 141";"A01";"1";"7";"0";"1";"1";"1";"1";""
"202100038323";"133Â 139";"B01";"2";"33";"0";"2";"9";"1";"1";""
"202100038323";"133Â 140";"A01";"2";"7";"1";"2";"8";"15";"1";""
"202100038324";"133Â 138";"E01";"1";"7";"0";"1";"1";"1";"1";""
"202100038325";"133Â 136";"B01";"3";"7";"0";"2";"3";"15";"1";""
"202100038325";"133Â 137";"A01";"3";"33";"9";"2";"1";"16";"1";""
"202100038326";"133Â 133";"C01";"1";"7";"0";"2";"4";"2";"1";""
"202100038326";"133Â 134";"B01";"1";"7";"0";"2";"4";"2";"1";""
"202100038326";"133Â 135";"A01";"1";"7";"0";"2";"1";"2";"1";""
"202100038327";"133Â 131";"B01";"3";"7";"0";"2";"1";"21";"1";""
"202100038327";"133Â 132";"A01";"1";"7";"0";"2";"3";"17";"1";""
"202100038328";"133Â 127";"B01";"2";"7";"0";"2";"4";"23";"1";""
"202100038328";"133Â 128";"A01";"2";"7";"0";"2";"1";"1";"1";""
"202100038329";"133Â 125";"A01";"1";"7";"0";"0";"0";"16";"1";""
"202100038329";"133Â 126";"B01";"1";"80";"0";"0";"0";"0";"3";""
"202100038330";"133Â 123";"A01";"1";"7";"0";"2";"8";"1";"1";""
"202100038330";"133Â 124";"B01";"2";"2";"0";"2";"1";"1";"1";""
"202100038331";"133Â 121";"A01";"0";"2";"0";"2";"1";"9";"1";""
"202100038331";"133Â 122";"B01";"3";"7";"0";"2";"7";"1";"1";""
"202100038332";"133Â 119";"A01";"1";"7";"0";"1";"3";"1";"1";""
"202100038333";"133Â 112";"B01";"2";"1";"0";"2";"4";"2";"0";""
"202100038333";"133Â 113";"A01";"2";"7";"0";"2";"1";"9";"1";""
"202100038334";"133Â 110";"B01";"1";"34";"0";"2";"1";"1";"1";""
"202100038334";"133Â 111";"A01";"2";"7";"0";"2";"5";"15";"1";""
"202100038335";"133Â 108";"B01";"1";"7";"0";"2";"6";"16";"1";""
"202100038335";"133Â 109";"A01";"1";"34";"0";"2";"1";"1";"1";""
"202100038336";"133Â 106";"B01";"2";"10";"0";"2";"1";"16";"1";""
"202100038336";"133Â 107";"A01";"1";"7";"0";"2";"3";"15";"1";""
"202100038337";"133Â 104";"B01";"2";"50";"0";"2";"1";"1";"3";""
"202100038337";"133Â 105";"A01";"1";"7";"0";"2";"2";"20";"1";""
"202100038338";"133Â 102";"B01";"2";"2";"0";"2";"2";"15";"1";""
"202100038338";"133Â 103";"A01";"1";"7";"0";"2";"1";"1";"1";""
"202100038339";"133Â 100";"A01";"2";"30";"0";"2";"2";"17";"1";""
"202100038339";"133Â 101";"Z01";"1";"7";"0";"2";"3";"15";"1";""
"202100038340";"133Â 098";"A01";"0";"10";"0";"2";"1";"15";"1";""
"202100038340";"133Â 099";"B01";"0";"33";"0";"2";"1";"1";"1";""
"202100038341";"133Â 097";"A01";"1";"7";"0";"1";"1";"1";"1";""
"202100038342";"133Â 095";"B01";"2";"7";"0";"2";"5";"23";"1";""
"202100038342";"133Â 096";"A01";"2";"32";"0";"2";"1";"18";"1";""
"202100038343";"133Â 094";"A01";"1";"60";"0";"0";"2";"1";"5";""
"202100038344";"133Â 092";"A01";"1";"7";"0";"2";"1";"1";"1";""
"202100038344";"133Â 093";"B01";"1";"7";"0";"2";"1";"1";"1";""
"202100038345";"133Â 090";"B01";"1";"1";"0";"2";"1";"1";"5";""
"202100038345";"133Â 091";"A01";"3";"7";"0";"2";"2";"9";"1";""
"202100038346";"133Â 088";"A01";"1";"7";"0";"2";"3";"1";"1";""
"202100038346";"133Â 089";"B01";"1";"7";"0";"2";"2";"1";"1";""
"202100038347";"133Â 086";"B01";"2";"7";"0";"2";"6";"1";"1";""
"202100038347";"133Â 087";"A01";"2";"2";"0";"2";"1";"1";"1";""
"202100038348";"133Â 085";"A01";"2";"7";"0";"1";"1";"1";"1";""
"202100038349";"133Â 084";"A01";"1";"7";"0";"1";"3";"1";"1";""
"202100038350";"133Â 082";"A01";"1";"7";"0";"2";"1";"1";"1";""
"202100038350";"133Â 083";"B01";"3";"7";"0";"2";"3";"1";"1";""
"202100038351";"133Â 081";"A01";"2";"7";"0";"1";"5";"4";"1";""
"202100038352";"133Â 080";"A01";"1";"7";"2";"0";"2";"13";"1";""
"202100038353";"133Â 079";"A01";"1";"2";"1";"0";"2";"14";"3";""
"202100038354";"133Â 078";"A01";"2";"30";"13";"0";"1";"14";"1";""
"202100038355";"133Â 076";"A01";"1";"7";"7";"2";"1";"5";"1";""
"202100038355";"133Â 077";"B01";"2";"7";"0";"2";"1";"1";"1";""
"202100038356";"133Â 074";"A01";"1";"7";"0";"2";"2";"15";"1";""
"202100038356";"133Â 075";"B01";"2";"30";"0";"2";"1";"1";"1";""
"202100038357";"133Â 073";"A01";"0";"7";"6";"0";"2";"14";"1";""
"202100038358";"133Â 072";"A01";"1";"30";"12";"0";"1";"1";"1";""
"202100038359";"133Â 070";"B01";"3";"7";"0";"2";"3";"5";"1";""
"202100038359";"133Â 071";"A01";"3";"7";"0";"2";"3";"16";"1";""
"202100038360";"133Â 068";"B01";"1";"7";"0";"2";"7";"1";"1";""
"202100038360";"133Â 069";"A01";"1";"30";"0";"2";"8";"1";"1";""
"202100038361";"133Â 066";"A01";"1";"7";"0";"2";"4";"1";"1";""
"202100038361";"133Â 067";"B01";"1";"10";"0";"2";"1";"1";"1";""
"202100038362";"133Â 065";"A01";"3";"7";"4";"0";"1";"19";"1";""
"202100038363";"133Â 063";"B01";"1";"15";"0";"2";"8";"1";"1";""
"202100038363";"133Â 064";"A01";"2";"7";"0";"2";"3";"13";"1";""
"202100038364";"133Â 062";"Z01";"3";"30";"0";"1";"2";"16";"1";""
"202100038365";"133Â 060";"A01";"3";"7";"0";"2";"1";"2";"1";""
"202100038365";"133Â 061";"B01";"3";"7";"0";"2";"6";"2";"1";""
"202100038366";"133Â 059";"A01";"1";"7";"0";"1";"2";"1";"1";""
"202100038367";"133Â 057";"B01";"2";"7";"0";"2";"5";"15";"3";""
"202100038367";"133Â 058";"A01";"2";"1";"0";"2";"1";"18";"5";""
"202100038368";"133Â 055";"A01";"3";"33";"0";"2";"3";"2";"1";""
"202100038368";"133Â 056";"B01";"1";"7";"0";"2";"3";"15";"1";""
"202100038369";"133Â 053";"B01";"1";"7";"0";"2";"1";"1";"1";""
"202100038369";"133Â 054";"A01";"2";"2";"0";"2";"7";"5";"1";""
"202100038370";"133Â 051";"A01";"3";"7";"0";"2";"2";"26";"1";""
"202100038370";"133Â 052";"B01";"3";"31";"0";"2";"8";"26";"1";""
"202100038371";"133Â 049";"A01";"2";"1";"0";"2";"1";"2";"5";""
"202100038371";"133Â 050";"B01";"2";"37";"0";"2";"5";"17";"1";"1"
"202100038372";"133Â 047";"B01";"2";"7";"0";"2";"5";"15";"1";""
"202100038372";"133Â 048";"A01";"2";"7";"0";"2";"2";"1";"1";""
"202100038373";"133Â 046";"A01";"2";"7";"6";"0";"1";"1";"1";""
"202100038374";"133Â 045";"A01";"1";"7";"1";"0";"3";"1";"1";""
"202100038375";"133Â 044";"A01";"1";"7";"0";"1";"3";"1";"0";""
"202100038376";"133Â 043";"A01";"2";"7";"0";"1";"1";"1";"1";""
"202100038377";"133Â 041";"A01";"1";"7";"0";"2";"1";"1";"1";""
"202100038377";"133Â 042";"B01";"2";"7";"0";"2";"0";"1";"1";""
"202100038378";"133Â 040";"A01";"2";"7";"9";"0";"3";"1";"1";""
"202100038379";"133Â 038";"A01";"1";"30";"0";"2";"1";"2";"1";""
"202100038379";"133Â 039";"B01";"1";"7";"0";"2";"4";"1";"1";""
"202100038380";"133Â 034";"A01";" -1";"7";"0";"1";"8";"1";"2";""
"202100038381";"133Â 032";"B01";"1";"1";"0";"2";"7";"1";"0";""
"202100038381";"133Â 033";"A01";"1";"10";"0";"2";"7";"10";"1";""
"202100038382";"133Â 030";"B01";"1";"33";"0";"2";"1";"1";"1";""
"202100038382";"133Â 031";"A01";"2";"10";"0";"2";"3";"15";"1";""
"202100038383";"133Â 029";"A01";"0";"30";"0";"1";"1";"26";"1";""
"202100038384";"133Â 028";"A01";"2";"3";"0";"1";"1";"15";"0";""
"202100038385";"133Â 026";"A01";"0";"7";"0";"2";"9";"2";"1";""
"202100038385";"133Â 027";"B01";"0";"30";"0";"2";"7";"1";"1";""
"202100038386";"133Â 023";"B01";"1";"7";"0";"9";"6";"1";"1";""
"202100038386";"133Â 024";"C01";"1";"33";"0";"9";"1";"1";"0";""
"202100038386";"133Â 025";"A01";"3";"1";"0";"2";"1";"19";"5";""
"202100038387";"133Â 021";"B01";"1";"30";"0";"2";"1";"9";"1";""
"202100038387";"133Â 022";"A01";"1";"7";"0";"2";"0";"0";"0";""
"202100038388";"133Â 019";"A01";"3";"33";"0";"2";"1";"0";"1";""
"202100038388";"133Â 020";"B01";"2";"7";"0";"2";"2";"16";"1";""
"202100038389";"133Â 017";"B01";"1";"7";"0";"2";"3";"0";"1";""
"202100038389";"133Â 018";"A01";"3";"10";"0";"2";"2";"0";"1";""
"202100038390";"133Â 015";"A01";"1";"43";"0";"2";"3";"3";"1";""
"202100038390";"133Â 016";"B01";"2";"7";"0";"2";"5";"1";"1";""
"202100038391";"133Â 012";"Z01";"2";"10";"0";"2";"4";"2";"0";""
"202100038391";"133Â 013";"A01";"2";"7";"0";"2";"1";"2";"1";""
"202100038391";"133Â 014";"B01";"2";"10";"0";"2";"1";"2";"1";""
"202100038392";"133Â 011";"A01";"2";"1";"0";"1";"1";"1";"5";""
"202100038393";"133Â 010";"A01";"2";"7";"0";"1";"2";"1";"1";""
"202100038394";"133Â 008";"A01";"2";"30";"0";"2";"3";"18";"1";""
"202100038394";"133Â 009";"B01";"1";"14";"0";"2";"7";"16";"1";""
"202100038395";"133Â 007";"A01";"1";"7";"0";"1";"1";"7";"2";""
"202100038396";"133Â 005";"A01";"1";"7";"0";"2";"4";"2";"1";""
"202100038396";"133Â 006";"B01";"1";"7";"0";"2";"4";"23";"1";""
"202100038397";"133Â 003";"B01";"2";"34";"0";"2";"1";"2";"1";""
"202100038397";"133Â 004";"A01";"1";"7";"0";"2";"2";"15";"1";""
"202100038398";"133Â 002";"A01";"2";"80";"0";"1";"1";"1";"3";""
"202100038399";"133Â 000";"A01";"2";"31";"0";"2";"2";"17";"1";""
"202100038399";"133Â 001";"B01";"2";"7";"0";"2";"3";"15";"1";""
"202100038400";"132Â 998";"A01";"2";"30";"0";"2";"8";"10";"1";""
"202100038400";"132Â 999";"B01";"2";"34";"0";"2";"1";"1";"1";""
"202100038401";"132Â 997";"A01";"1";"1";"0";"1";"1";"1";"5";""
"202100038402";"132Â 995";"A01";"2";"7";"0";"2";"5";"14";"1";""
"202100038402";"132Â 996";"B01";"2";"43";"0";"2";"3";"1";"1";""
"202100038403";"132Â 993";"B01";"1";"7";"0";"2";"4";"2";"1";""
"202100038403";"132Â 994";"A01";"1";"10";"0";"2";"1";"2";"1";""
"202100038404";"132Â 992";"A01";"1";"7";"0";"1";"2";"16";"2";""
"202100038405";"132Â 990";"A01";"3";"99";"0";"2";"1";"26";"3";""
"202100038405";"132Â 991";"B01";"1";"7";"0";"2";"4";"1";"1";""
"202100038406";"132Â 989";"A01";"3";"30";"0";"1";"1";"1";"1";""
"202100038407";"132Â 988";"A01";"2";"7";"12";"0";"0";"21";"1";""
"202100038408";"132Â 986";"A01";"1";"31";"0";"2";"1";"13";"1";""
"202100038408";"132Â 987";"B01";"2";"10";"0";"2";"8";"1";"1";""
"202100038409";"132Â 984";"B01";"2";"2";"0";"2";"8";"15";"1";""
"202100038409";"132Â 985";"A01";"2";"3";"0";"2";"5";"1";"1";""
"202100038410";"132Â 982";"B01";"0";"31";"0";"2";"2";"1";"0";""
"202100038410";"132Â 983";"A01";"1";"0";"1";"2";"3";"15";"0";""
"202100038411";"132Â 981";"A01";"3";"7";"0";"1";"1";"9";"1";""
"202100038412";"132Â 979";"B01";"1";"34";"0";"2";"7";"1";"1";""
"202100038412";"132Â 980";"A01";"1";"10";"0";"2";"3";"11";"1";""
"202100038413";"132Â 977";"A01";"1";"32";"0";"2";"1";"1";"1";""
"202100038413";"132Â 978";"B01";"0";"7";"0";"2";"0";"15";"1";""
"202100038414";"132Â 975";"B01";"1";"7";"0";"2";"4";"16";"1";""
"202100038414";"132Â 976";"A01";"1";"3";"0";"2";"1";"16";"4";""
"202100038415";"132Â 974";"A01";"2";"30";"0";"0";"0";"21";"1";""
"202100038416";"132Â 973";"A01";"1";"7";"0";"1";"2";"1";"1";""
"202100038417";"132Â 972";"A01";"3";"50";"0";"0";"0";"26";"3";""
"202100038418";"132Â 971";"A01";"2";"33";"0";"0";"8";"23";"1";""
"202100038419";"132Â 970";"A01";"1";"50";"9";"0";"0";"1";"3";""
"202100038420";"132Â 968";"A01";"1";"30";"0";"2";"1";"18";"1";""
"202100038420";"132Â 969";"B01";"1";"7";"0";"2";"2";"16";"1";""
"202100038421";"132Â 966";"A01";"3";"7";"0";"2";"2";"16";"1";""
"202100038421";"132Â 967";"B01";"3";"1";"0";"2";"1";"1";"5";""
"202100038422";"132Â 964";"A01";"1";"32";"0";"2";"3";"1";"1";""
"202100038422";"132Â 965";"B01";"1";"7";"0";"2";"2";"16";"1";""
"202100038423";"132Â 963";"A01";"1";"32";"15";"0";"1";"13";"1";""
"202100038424";"132Â 962";"A01";"1";"7";"1";"0";"1";"15";"1";""
"202100038425";"132Â 961";"A01";"2";"17";"0";"0";"7";"1";"1";""
"202100038426";"132Â 959";"A01";"2";"10";"0";"0";"6";"1";"1";""
"202100038426";"132Â 960";"B01";"2";"17";"0";"0";"6";"2";"1";""
"202100038427";"132Â 958";"A01";"2";"31";"3";"0";"6";"3";"1";""
"202100038428";"132Â 955";"C01";"1";"1";"0";"2";"1";"1";"5";""
"202100038428";"132Â 956";"B01";"1";"1";"0";"2";"1";"1";"5";""
"202100038428";"132Â 957";"A01";"2";"7";"2";"2";"1";"14";"1";""
"202100038429";"132Â 952";"C01";"2";"7";"0";"2";"5";"2";"1";""
"202100038429";"132Â 953";"B01";"2";"7";"0";"2";"3";"2";"1";""
"202100038429";"132Â 954";"A01";"2";"7";"0";"2";"2";"2";"1";""
"202100038430";"132Â 950";"B01";"1";"17";"0";"0";"0";"13";"1";""
"202100038430";"132Â 951";"A01";"1";"7";"0";"2";"2";"1";"1";""
"202100038431";"132Â 948";"B01";"2";"7";"0";"2";"3";"1";"1";""
"202100038431";"132Â 949";"A01";"1";"2";"0";"2";"1";"13";"1";""
"202100038432";"132Â 946";"B01";"2";"7";"0";"0";"4";"2";"1";""
"202100038432";"132Â 947";"A01";"2";"7";"0";"2";"1";"2";"1";""
"202100038433";"132Â 944";"B01";"2";"2";"0";"2";"1";"1";"1";""
"202100038433";"132Â 945";"A01";"1";"7";"0";"2";"3";"15";"0";""
"202100038434";"132Â 943";"A01";"2";"7";"0";"1";"1";"0";"1";""
"202100038435";"132Â 942";"A01";"0";"33";"13";"0";"1";"14";"1";""
"202100038436";"132Â 941";"A01";"3";"10";"0";"1";"1";"1";"1";""
"202100038437";"132Â 940";"A01";"2";"7";"13";"0";"1";"1";"1";""
"202100038438";"132Â 938";"A01";"2";"7";"6";"0";"1";"2";"1";""
"202100038439";"132Â 936";"A01";"2";"7";"0";"2";"1";"1";"1";""
"202100038439";"132Â 937";"B01";"2";"33";"0";"0";"4";"1";"1";""
"202100038440";"132Â 935";"A01";"1";"7";"13";"0";"1";"1";"1";""
"202100038441";"132Â 933";"B01";"2";"7";"0";"2";"2";"15";"1";""
"202100038441";"132Â 934";"A01";"1";"33";"0";"2";"1";"1";"1";""
"202100038442";"132Â 931";"A01";"0";"7";"0";"2";"2";"1";"1";""
"202100038442";"132Â 932";"B01";"0";"1";"0";"2";"1";"1";"5";""
"202100038443";"132Â 929";"A01";"1";"10";"0";"2";"1";"2";"1";""
"202100038443";"132Â 930";"B01";"1";"17";"0";"0";"4";"2";"1";""
"202100038444";"132Â 927";"B01";"1";"7";"0";"0";"1";"1";"1";""
"202100038444";"132Â 928";"A01";"1";"7";"0";"0";"3";"9";"1";""
"202100038445";"132Â 924";"C01";"2";"7";"0";"2";"1";"1";"1";""
"202100038445";"132Â 925";"B01";"2";"7";"0";"2";"1";"1";"1";""
"202100038445";"132Â 926";"A01";"2";"7";"0";"2";"3";"17";"1";""
"202100038446";"132Â 923";"A01";"0";"1";"0";"0";"0";"0";"5";""
"202100038447";"132Â 921";"B01";"1";"7";"0";"2";"8";"1";"1";""
"202100038447";"132Â 922";"A01";"2";"7";"0";"2";"3";"13";"1";""
"202100038448";"132Â 920";"A01";"2";"33";"0";"0";"9";"1";"1";""
"202100038449";"132Â 919";"A01";"1";"7";"0";"0";"1";"21";"1";""
"202100038450";"132Â 916";"B01";"2";"7";"0";"2";"1";"1";"1";""
"202100038450";"132Â 917";"A01";"1";"7";"0";"2";"7";"13";"1";""
"202100038450";"132Â 918";"C01";"1";"17";"0";"2";"1";"1";"1";""
"202100038451";"132Â 914";"B01";"2";"1";"0";"0";"1";"13";"5";""
"202100038451";"132Â 915";"A01";"1";"7";"0";"2";"3";"1";"1";""
"202100038452";"132Â 912";"B01";"2";"7";"0";"2";"2";"1";"1";""
"202100038452";"132Â 913";"A01";"1";"2";"3";"2";"1";"13";"1";""
"202100038453";"132Â 911";"A01";"2";"33";"0";"6";"1";"1";"1";""
"202100038454";"132Â 909";"A01";"0";"7";"0";"2";"3";"16";"0";""
"202100038454";"132Â 910";"B01";"3";"1";"0";"2";"1";"9";"5";""
"202100038455";"132Â 907";"A01";"1";"7";"0";"2";"8";"1";"1";""
"202100038455";"132Â 908";"B01";"2";"7";"0";"2";"1";"19";"1";""
"202100038456";"132Â 905";"A01";"0";"7";"0";"2";"5";"15";"1";""
"202100038456";"132Â 906";"B01";"0";"33";"0";"2";"1";"1";"1";""
"202100038457";"132Â 904";"A01";"0";"38";"0";"1";"2";"1";"0";"1"
"202100038458";"132Â 902";"B01";"2";"7";"0";"0";"0";"17";"1";""
"202100038458";"132Â 903";"A01";"2";"33";"13";"0";"3";"17";"3";""
"202100038459";"132Â 900";"A01";"2";"7";"0";"2";"3";"10";"1";""
"202100038459";"132Â 901";"B01";"2";"2";"0";"2";"1";"17";"1";""
"202100038460";"132Â 898";"A01";"2";"31";"0";"2";"1";"17";"1";""
"202100038460";"132Â 899";"B01";"1";"7";"0";"2";"1";"2";"1";""
"202100038461";"132Â 897";"A01";"2";"7";"2";"0";"7";"1";"1";""
"202100038462";"132Â 895";"B01";"2";"7";"0";"0";"4";"1";"1";""
"202100038462";"132Â 896";"A01";"2";"7";"0";"2";"1";"1";"1";""
"202100038463";"132Â 894";"A01";"2";"7";"0";"1";"1";"1";"1";""
"202100038464";"132Â 892";"A01";"2";"7";"0";"2";"6";"10";"1";""
"202100038464";"132Â 893";"B01";"1";"33";"0";"2";"1";"1";"1";""
"202100038465";"132Â 890";"A01";"2";"7";"0";"2";"3";"19";"1";""
"202100038465";"132Â 891";"B01";"1";"33";"0";"2";"1";"1";"1";""
"202100038466";"132Â 889";"A01";"2";"7";"2";"0";"1";"13";"1";""
"202100038467";"132Â 887";"B01";"1";"7";"0";"2";"2";"17";"1";""
"202100038467";"132Â 888";"A01";"1";"7";"0";"2";"8";"15";"1";""
"202100038468";"132Â 885";"B01";"0";"15";"0";"0";"6";"24";"1";""
"202100038468";"132Â 886";"A01";"0";"2";"1";"0";"1";"0";"1";""
"202100038469";"132Â 884";"A01";"1";"2";"0";"1";"1";"19";"1";""
"202100038470";"132Â 882";"A01";"1";"7";"0";"2";"2";"1";"1";""
"202100038470";"132Â 883";"B01";"1";"1";"0";"2";"6";"0";"5";""
"202100038471";"132Â 881";"A01";"2";"3";"0";"1";"1";"19";"0";""
"202100038472";"132Â 880";"A01";"2";"10";"9";"1";"2";"14";"1";""
"202100038473";"132Â 879";"A01";"0";"7";"13";"0";"0";"0";"1";""
"202100038474";"132Â 877";"A01";"1";"7";"0";"2";"3";"15";"1";""
"202100038474";"132Â 878";"B01";"2";"2";"0";"2";"8";"15";"1";""
"202100038475";"132Â 876";"A01";"1";"7";"13";"0";"6";"1";"1";""
"202100038476";"132Â 875";"A01";"1";"7";"0";"1";"1";"1";"1";""
"202100038477";"132Â 873";"B01";"2";"2";"0";"2";"1";"2";"1";""
"202100038477";"132Â 874";"A01";"1";"7";"0";"2";"5";"10";"1";""
"202100038478";"132Â 871";"A01";"2";"7";"0";"2";"4";"15";"1";""
"202100038478";"132Â 872";"B01";"2";"7";"0";"2";"1";"2";"1";""
"202100038479";"132Â 869";"B01";"1";"7";"0";"2";"3";"1";"1";""
"202100038479";"132Â 870";"A01";"3";"7";"0";"2";"2";"19";"1";""
"202100038480";"132Â 865";"D01";"2";"7";"0";"0";"4";"1";"1";""
"202100038480";"132Â 866";"C01";"2";"7";"3";"2";"4";"1";"1";""
"202100038480";"132Â 867";"B01";"2";"7";"0";"2";"4";"1";"1";""
"202100038480";"132Â 868";"A01";"2";"7";"0";"2";"1";"11";"1";""
"202100038481";"132Â 864";"A01";"2";"7";"16";"0";"0";"1";"1";""
"202100038482";"132Â 861";"A01";"2";"7";"0";"0";"4";"23";"1";""
"202100038482";"132Â 862";"B01";"2";"7";"0";"2";"4";"23";"1";""
"202100038482";"132Â 863";"C01";"2";"13";"0";"2";"1";"2";"1";""
"202100038483";"132Â 859";"B01";"2";"7";"0";"2";"4";"1";"1";""
"202100038483";"132Â 860";"A01";"2";"7";"0";"2";"1";"2";"1";""
"202100038484";"132Â 857";"B01";"2";"7";"0";"2";"5";"0";"1";""
"202100038484";"132Â 858";"A01";"2";"7";"0";"2";"2";"2";"1";""
"202100038485";"132Â 855";"B01";"2";"7";"0";"2";"1";"2";"1";""
"202100038485";"132Â 856";"A01";"2";"10";"0";"2";"4";"1";"1";""
"202100038486";"132Â 850";"C01";"1";"7";"0";"2";"1";"2";"1";""
"202100038486";"132Â 851";"D01";"1";"10";"0";"2";"5";"1";"1";""
"202100038486";"132Â 852";"E01";"1";"7";"0";"2";"3";"2";"1";""
"202100038486";"132Â 853";"A01";"1";"10";"0";"2";"4";"1";"1";""
"202100038486";"132Â 854";"B01";"1";"7";"0";"2";"4";"2";"1";""
"202100038487";"132Â 847";"A01";"1";"7";"0";"2";"4";"2";"1";""
"202100038487";"132Â 848";"B01";"1";"7";"14";"2";"4";"2";"1";""