"Num_Acc";"id_vehicule";"num_veh";"senc";"catv";"obs";"obsm";"choc";"manv";"motor";"occutc"
"202100038487";"132Â 849";"C01";"1";"7";"0";"2";"1";"2";"1";""
"202100038488";"132Â 846";"A01";"2";"7";"0";"0";"7";"1";"1";""
"202100038489";"132Â 844";"B01";"1";"7";"0";"2";"4";"2";"1";""
"202100038489";"132Â 845";"A01";"1";"7";"0";"2";"1";"2";"1";""
"202100038490";"132Â 842";"B01";"1";"7";"0";"2";"7";"1";"1";""
"202100038490";"132Â 843";"A01";"1";"33";"0";"2";"3";"11";"1";""
"202100038491";"132Â 839";"A01";"1";"7";"0";"2";"1";"2";"1";""
"202100038491";"132Â 840";"B01";"1";"7";"0";"2";"4";"2";"1";""
"202100038491";"132Â 841";"C01";"1";"10";"0";"2";"4";"2";"1";""
"202100038492";"132Â 838";"A01";"1";"32";"0";"0";"0";"15";"1";""
"202100038493";"132Â 836";"Z01";"2";"7";"14";"0";"0";"0";"0";""
"202100038493";"132Â 837";"B01";"2";"7";"0";"2";"0";"24";"1";""
"202100038494";"132Â 834";"B01";"1";"7";"0";"2";"4";"1";"1";""
"202100038494";"132Â 835";"A01";"1";"33";"0";"2";"1";"1";"1";""
"202100038495";"132Â 833";"A01";"1";"10";"4";"0";"8";"13";"1";""
"202100038496";"132Â 832";"A01";"1";"7";"3";"0";"1";"1";"1";""
"202100038497";"132Â 829";"A01";"2";"10";"0";"2";"1";"1";"1";""
"202100038497";"132Â 830";"B01";"2";"10";"0";"2";"4";"1";"1";""
"202100038497";"132Â 831";"C01";"2";"7";"0";"2";"4";"1";"1";""
"202100038498";"132Â 828";"A01";"1";"10";"4";"2";"1";"1";"1";""
"202100038499";"132Â 826";"B01";"1";"7";"0";"0";"4";"1";"1";""
"202100038499";"132Â 827";"A01";"1";"7";"0";"2";"8";"1";"1";""
"202100038500";"132Â 825";"A01";"1";"7";"3";"0";"1";"15";"1";""
"202100038501";"132Â 822";"C01";"2";"7";"0";"2";"4";"2";"1";""
"202100038501";"132Â 823";"B01";"2";"7";"0";"2";"4";"2";"1";""
"202100038501";"132Â 824";"A01";"2";"7";"0";"2";"1";"2";"1";""
"202100038502";"132Â 821";"A01";"1";"33";"14";"0";"9";"3";"1";""
"202100038503";"132Â 818";"A01";"1";"7";"0";"2";"7";"1";"1";""
"202100038503";"132Â 819";"B01";"1";"80";"0";"2";"2";"11";"3";""
"202100038504";"132Â 817";"A01";"2";"7";"5";"0";"1";"14";"1";""
"202100038505";"132Â 815";"B01";"1";"10";"0";"2";"2";"26";"1";""
"202100038505";"132Â 816";"A01";"2";"7";"0";"2";"3";"1";"1";""
"202100038506";"132Â 814";"A01";"1";"2";"0";"1";"7";"0";"1";""
"202100038507";"132Â 811";"C01";"1";"7";"0";"2";"1";"1";"1";""
"202100038507";"132Â 812";"B01";"1";"7";"0";"2";"3";"21";"1";""
"202100038507";"132Â 813";"A01";"1";"7";"0";"2";"1";"5";"1";""
"202100038508";"132Â 810";"A01";"2";"30";"12";"0";"0";"0";"0";""
"202100038509";"132Â 808";"B01";"1";"7";"0";"2";"8";"15";"1";""
"202100038509";"132Â 809";"A01";"1";"7";"0";"2";"1";"17";"1";""
"202100038510";"132Â 807";"A01";"1";"7";"0";"1";"4";"20";"1";""
"202100038511";"132Â 806";"A01";"1";"7";"0";"1";"1";"25";"1";""
"202100038512";"132Â 804";"B01";"3";"30";"0";"2";"2";"1";"1";""
"202100038512";"132Â 805";"A01";"3";"7";"0";"2";"3";"15";"1";""
"202100038513";"132Â 802";"A01";"2";"1";"0";"2";"8";"1";"5";""
"202100038513";"132Â 803";"Z01";"2";"10";"0";"2";"2";"17";"0";""
"202100038514";"132Â 799";"A01";"2";"7";"0";"2";"1";"2";"1";""
"202100038514";"132Â 800";"B01";"2";"7";"0";"2";"4";"2";"1";""
"202100038514";"132Â 801";"C01";"2";"7";"0";"0";"4";"2";"1";""
"202100038515";"132Â 797";"A01";"0";"7";"0";"2";"1";"26";"1";""
"202100038515";"132Â 798";"B01";"0";"7";"0";"2";"1";"26";"0";""
"202100038516";"132Â 795";"A01";"3";"7";"0";"2";"3";"15";"1";""
"202100038516";"132Â 796";"B01";"3";"34";"0";"2";"7";"1";"1";""
"202100038517";"132Â 793";"B01";"3";"7";"0";"2";"3";"1";"1";""
"202100038517";"132Â 794";"A01";"3";"7";"0";"2";"7";"1";"1";""
"202100038518";"132Â 791";"B01";"1";"7";"0";"2";"0";"1";"1";""
"202100038518";"132Â 792";"A01";"1";"7";"0";"2";"1";"13";"1";""
"202100038519";"132Â 788";"B01";"2";"7";"0";"2";"4";"2";"1";""
"202100038519";"132Â 789";"C01";"2";"7";"0";"2";"4";"2";"1";""
"202100038519";"132Â 790";"A01";"2";"7";"0";"2";"1";"2";"1";""
"202100038520";"132Â 787";"A01";"2";"10";"0";"5";"9";"21";"1";""
"202100038521";"132Â 785";"B01";"3";"7";"1";"2";"1";"17";"0";""
"202100038521";"132Â 786";"A01";"3";"7";"1";"2";"1";"17";"0";""
"202100038522";"132Â 783";"Z01";"2";"99";"0";"0";"0";"25";"0";""
"202100038522";"132Â 784";"A01";"1";"40";"0";"1";"7";"23";"3";""
"202100038523";"132Â 781";"B01";"1";"7";"0";"2";"1";"1";"1";""
"202100038523";"132Â 782";"A01";"2";"7";"0";"2";"1";"13";"1";""
"202100038524";"132Â 779";"A01";"2";"7";"0";"2";"7";"12";"1";""
"202100038524";"132Â 780";"B01";"2";"7";"0";"2";"8";"1";"1";""
"202100038525";"132Â 777";"A01";"2";"10";"0";"2";"2";"13";"1";""
"202100038525";"132Â 778";"B01";"2";"7";"0";"2";"6";"1";"1";""
"202100038526";"132Â 775";"B01";"1";"7";"0";"2";"4";"23";"1";""
"202100038526";"132Â 776";"A01";"1";"7";"0";"2";"3";"2";"1";""
"202100038527";"132Â 773";"B01";"1";"32";"0";"2";"0";"1";"1";""
"202100038527";"132Â 774";"A01";"2";"7";"0";"2";"3";"1";"1";""
"202100038528";"132Â 771";"B01";"3";"30";"0";"2";"1";"17";"1";""
"202100038528";"132Â 772";"A01";"3";"7";"0";"2";"8";"15";"1";""
"202100038529";"132Â 769";"A01";"2";"7";"0";"2";"6";"22";"1";""
"202100038529";"132Â 770";"B01";"2";"7";"0";"2";"7";"1";"1";""
"202100038530";"132Â 767";"A01";"1";"7";"0";"2";"2";"15";"1";""
"202100038530";"132Â 768";"B01";"2";"1";"0";"2";"1";"1";"5";""
"202100038531";"132Â 765";"B01";"2";"1";"0";"2";"7";"1";"5";""
"202100038531";"132Â 766";"A01";"2";"7";"0";"2";"8";"22";"1";""
"202100038532";"132Â 763";"A01";"2";"50";"0";"2";"1";"2";"3";""
"202100038532";"132Â 764";"B01";"2";"50";"0";"2";"4";"2";"3";""
"202100038533";"132Â 762";"A01";"2";"7";"0";"1";"2";"15";"2";""
"202100038534";"132Â 761";"A01";"1";"7";"0";"1";"1";"15";"1";""
"202100038535";"132Â 759";"B01";"3";"10";"1";"2";"3";"20";"1";""
"202100038535";"132Â 760";"A01";"3";"30";"0";"2";"1";"15";"1";""
"202100038536";"132Â 757";"B01";"1";"7";"1";"2";"1";"2";"1";""
"202100038536";"132Â 758";"A01";"1";"7";"0";"2";"4";"23";"1";""
"202100038537";"132Â 755";"A01";"2";"31";"0";"2";"1";"2";"1";""
"202100038537";"132Â 756";"B01";"1";"30";"0";"0";"2";"15";"1";""
"202100038538";"132Â 753";"A01";"2";"34";"0";"2";"1";"3";"1";""
"202100038538";"132Â 754";"B01";"2";"7";"0";"2";"3";"1";"1";""
"202100038539";"132Â 752";"A01";"1";"50";"0";"0";"0";"0";"3";""
"202100038540";"132Â 751";"A01";"1";"7";"0";"1";"2";"26";"1";""
"202100038541";"132Â 750";"A01";"2";"7";"0";"1";"1";"1";"0";""
"202100038542";"132Â 749";"A01";"1";"7";"1";"0";"1";"13";"1";""
"202100038543";"132Â 748";"A01";"0";"37";"0";"1";"3";"16";"1";"1"
"202100038544";"132Â 746";"A01";"2";"1";"0";"2";"1";"9";"5";""
"202100038544";"132Â 747";"B01";"1";"60";"0";"2";"2";"25";"5";""
"202100038545";"132Â 744";"A01";"2";"7";"0";"2";"1";"15";"1";""
"202100038545";"132Â 745";"B01";"1";"2";"0";"2";"8";"1";"1";""
"202100038546";"132Â 743";"A01";"2";"30";"0";"0";"0";"1";"1";""
"202100038547";"132Â 740";"A01";"1";"34";"0";"2";"2";"17";"1";""
"202100038547";"132Â 741";"B01";"1";"7";"0";"2";"8";"15";"1";""
"202100038547";"132Â 742";"C01";"1";"7";"0";"2";"2";"23";"1";""
"202100038548";"132Â 738";"A01";"2";"33";"0";"2";"1";"0";"1";""
"202100038548";"132Â 739";"B01";"2";"7";"0";"2";"5";"1";"1";""
"202100038549";"132Â 737";"A01";"2";"7";"4";"0";"8";"1";"1";""
"202100038550";"132Â 735";"B01";"3";"7";"0";"1";"4";"1";"1";""
"202100038550";"132Â 736";"A01";"3";"7";"0";"2";"1";"1";"1";""
"202100038551";"132Â 733";"B01";"1";"7";"0";"2";"3";"26";"1";""
"202100038551";"132Â 734";"A01";"2";"7";"0";"2";"1";"1";"1";""
"202100038552";"132Â 731";"A01";"1";"7";"0";"2";"1";"2";"1";""
"202100038552";"132Â 732";"B01";"1";"7";"0";"2";"4";"1";"1";""
"202100038553";"132Â 730";"A01";"2";"2";"6";"0";"1";"2";"1";""
"202100038554";"132Â 729";"A01";"1";"33";"0";"0";"1";"14";"1";""
"202100038555";"132Â 728";"A01";"1";"7";"2";"0";"9";"1";"1";""
"202100038556";"132Â 726";"B01";"2";"34";"3";"2";"9";"1";"1";""
"202100038556";"132Â 727";"A01";"1";"7";"0";"2";"4";"15";"0";""
"202100038557";"132Â 724";"B01";"1";"7";"0";"2";"2";"1";"1";""
"202100038557";"132Â 725";"A01";"1";"2";"0";"2";"1";"19";"1";""
"202100038558";"132Â 723";"A01";"1";"33";"6";"0";"1";"19";"1";""
"202100038559";"132Â 721";"A01";"0";"7";"0";"2";"3";"13";"1";""
"202100038559";"132Â 722";"B01";"1";"2";"12";"2";"3";"1";"1";""
"202100038560";"132Â 720";"A01";"2";"7";"13";"0";"1";"14";"1";""
"202100038561";"132Â 719";"A01";"1";"14";"0";"0";"9";"0";"1";""
"202100038562";"132Â 717";"A01";"2";"99";"1";"2";"1";"17";"0";""
"202100038562";"132Â 718";"B01";"1";"7";"0";"2";"2";"1";"1";""
"202100038563";"132Â 715";"A01";"1";"7";"0";"2";"5";"1";"1";""
"202100038563";"132Â 716";"B01";"1";"7";"0";"2";"3";"1";"1";""
"202100038564";"132Â 714";"A01";"2";"1";"0";"1";"1";"0";"5";""
"202100038565";"132Â 712";"A01";"2";"7";"0";"2";"3";"1";"1";""
"202100038565";"132Â 713";"B01";"1";"17";"0";"2";"3";"1";"1";""
"202100038566";"132Â 711";"A01";"1";"7";"0";"0";"0";"0";"1";""
"202100038567";"132Â 708";"A01";"2";"7";"0";"2";"3";"13";"1";""
"202100038567";"132Â 709";"B01";"1";"7";"3";"2";"3";"1";"1";""
"202100038567";"132Â 710";"C01";"1";"7";"0";"2";"1";"1";"1";""
"202100038568";"132Â 706";"A01";"1";"7";"0";"2";"3";"16";"1";""
"202100038568";"132Â 707";"B01";"2";"7";"0";"2";"1";"1";"1";""
"202100038569";"132Â 705";"A01";"1";"36";"6";"0";"3";"0";"1";""
"202100038570";"132Â 704";"A01";"2";"33";"0";"0";"0";"0";"1";""
"202100038571";"132Â 701";"A01";"1";"15";"0";"2";"6";"1";"1";""
"202100038571";"132Â 702";"B01";"2";"7";"0";"2";"3";"1";"1";""
"202100038572";"132Â 700";"A01";"2";"33";"13";"0";"7";"1";"1";""
"202100038573";"132Â 698";"B01";"2";"7";"0";"2";"1";"1";"1";""
"202100038573";"132Â 699";"A01";"2";"7";"0";"2";"3";"1";"1";""
"202100038574";"132Â 697";"A01";"3";"7";"0";"0";"1";"13";"1";""
"202100038575";"132Â 695";"B01";"0";"31";"0";"2";"8";"0";"1";""
"202100038575";"132Â 696";"A01";"3";"2";"0";"2";"1";"0";"1";""
"202100038576";"132Â 689";"E01";"2";"7";"0";"0";"4";"23";"0";""
"202100038576";"132Â 690";"D01";"2";"7";"0";"0";"4";"23";"0";""
"202100038576";"132Â 691";"C01";"2";"7";"0";"2";"4";"2";"0";""
"202100038576";"132Â 692";"B01";"2";"7";"0";"2";"4";"2";"0";""
"202100038576";"132Â 693";"A01";"2";"7";"0";"2";"1";"2";"6";""
"202100038576";"132Â 694";"F01";"2";"7";"0";"2";"4";"2";"0";""
"202100038577";"132Â 688";"A01";"3";"7";"13";"0";"1";"13";"1";""
"202100038578";"132Â 686";"B01";"1";"7";"0";"0";"6";"1";"1";""
"202100038578";"132Â 687";"A01";"1";"7";"0";"2";"2";"1";"1";""
"202100038579";"132Â 684";"A01";"2";"7";"0";"2";"8";"10";"1";""
"202100038579";"132Â 685";"B01";"1";"7";"0";"2";"1";"1";"1";""
"202100038580";"132Â 683";"B01";"3";"7";"1";"1";"3";"26";"1";""
"202100038581";"132Â 682";"A01";"2";"7";"0";"0";"9";"1";"1";""
"202100038582";"132Â 680";"B01";"2";"7";"0";"2";"8";"15";"1";""
"202100038582";"132Â 681";"A01";"2";"33";"0";"2";"1";"13";"1";""
"202100038583";"132Â 679";"A01";"1";"33";"16";"0";"1";"0";"1";""
"202100038584";"132Â 677";"B01";"2";"10";"0";"2";"3";"15";"1";""
"202100038584";"132Â 678";"A01";"2";"7";"0";"2";"1";"17";"1";""
"202100038585";"132Â 676";"A01";"2";"7";"13";"0";"2";"1";"1";""
"202100038586";"132Â 675";"A01";"1";"7";"0";"1";"3";"15";"1";""
"202100038587";"132Â 673";"B01";"0";"33";"0";"2";"1";"1";"1";""
"202100038587";"132Â 674";"A01";"0";"7";"0";"2";"4";"9";"1";""
"202100038588";"132Â 670";"A01";"1";"33";"0";"2";"1";"13";"1";""
"202100038588";"132Â 671";"B01";"2";"7";"0";"2";"3";"1";"1";""
"202100038589";"132Â 658";"J01";"1";"99";"0";"2";"4";"1";"1";""
"202100038589";"132Â 659";"K01";"1";"7";"3";"0";"1";"1";"1";""
"202100038589";"132Â 660";"L01";"1";"7";"0";"2";"1";"1";"1";""
"202100038589";"132Â 661";"D01";"1";"7";"1";"2";"2";"1";"1";""
"202100038589";"132Â 662";"E01";"1";"7";"0";"0";"7";"1";"1";""
"202100038589";"132Â 663";"F01";"1";"10";"0";"0";"6";"26";"1";""
"202100038589";"132Â 664";"B01";"1";"7";"0";"2";"0";"2";"1";""
"202100038589";"132Â 665";"A01";"1";"7";"0";"9";"4";"2";"1";""
"202100038589";"132Â 666";"C01";"1";"7";"0";"9";"1";"2";"1";""
"202100038589";"132Â 667";"G01";"1";"7";"0";"2";"8";"1";"1";""
"202100038589";"132Â 668";"I01";"1";"7";"0";"2";"8";"1";"2";""
"202100038589";"132Â 669";"H01";"1";"7";"0";"0";"8";"1";"1";""
"202100038590";"132Â 656";"B01";"0";"7";"0";"0";"1";"0";"1";""
"202100038590";"132Â 657";"A01";"0";"7";"1";"0";"1";"1";"1";""
"202100038591";"132Â 654";"A01";"1";"7";"0";"2";"1";"12";"1";""
"202100038591";"132Â 655";"B01";"1";"7";"4";"2";"4";"1";"1";""
"202100038592";"132Â 653";"A01";"2";"7";"3";"0";"1";"21";"1";""
"202100038593";"132Â 652";"A01";"2";"7";"3";"0";"1";"1";"1";""
"202100038594";"132Â 650";"B01";"2";"7";"0";"2";"4";"1";"1";""
"202100038594";"132Â 651";"A01";"2";"7";"0";"2";"1";"1";"1";""
"202100038595";"132Â 649";"A01";"1";"7";"6";"0";"1";"1";"1";""
"202100038596";"132Â 648";"A01";"1";"7";"0";"1";"3";"1";"1";""
"202100038597";"132Â 647";"A01";"1";"10";"6";"0";"1";"16";"1";""
"202100038598";"132Â 645";"A01";"3";"7";"0";"2";"3";"19";"1";""
"202100038598";"132Â 646";"B01";"3";"34";"0";"2";"1";"1";"1";""
"202100038599";"132Â 643";"A01";"1";"31";"0";"2";"3";"13";"1";""
"202100038599";"132Â 644";"B01";"1";"7";"0";"2";"8";"1";"1";""
"202100038600";"132Â 641";"A01";"1";"7";"0";"9";"2";"9";"1";""
"202100038600";"132Â 642";"B01";"1";"1";"0";"2";"1";"1";"5";""
"202100038601";"132Â 639";"B01";"3";"7";"0";"2";"6";"1";"1";""
"202100038601";"132Â 640";"A01";"1";"30";"0";"2";"1";"1";"1";""
"202100038602";"132Â 637";"A01";"1";"7";"9";"2";"6";"14";"1";""
"202100038602";"132Â 638";"B01";"1";"7";"0";"2";"1";"0";"0";""
"202100038603";"132Â 635";"A01";"1";"7";"0";"2";"2";"15";"1";""
"202100038603";"132Â 636";"B01";"2";"7";"0";"2";"8";"2";"1";""
"202100038604";"132Â 633";"A01";"1";"7";"0";"2";"1";"1";"1";""
"202100038604";"132Â 634";"B01";"2";"1";"0";"2";"7";"1";"0";""
"202100038605";"132Â 631";"B01";"2";"99";"0";"2";"1";"1";"0";""
"202100038605";"132Â 632";"A01";"1";"7";"0";"2";"2";"16";"1";""
"202100038606";"132Â 630";"A01";"2";"43";"0";"1";"2";"1";"1";""
"202100038607";"132Â 628";"B01";"1";"7";"0";"2";"4";"23";"1";""
"202100038607";"132Â 629";"A01";"1";"30";"0";"2";"1";"2";"1";""
"202100038608";"132Â 626";"A01";"2";"7";"0";"2";"3";"9";"1";""
"202100038608";"132Â 627";"B01";"2";"7";"0";"2";"5";"16";"1";""
"202100038609";"132Â 623";"B01";"2";"37";"0";"2";"3";"1";"1";"4"
"202100038609";"132Â 624";"A01";"2";"7";"0";"2";"3";"1";"1";""
"202100038610";"132Â 621";"B01";"3";"38";"0";"2";"0";"0";"1";"1"
"202100038610";"132Â 622";"A01";"3";"7";"0";"2";"1";"0";"1";""
"202100038611";"132Â 619";"B01";"1";"32";"0";"2";"1";"1";"1";""
"202100038611";"132Â 620";"A01";"1";"7";"0";"2";"3";"16";"1";""
"202100038612";"132Â 617";"A01";"3";"30";"0";"2";"1";"1";"1";""
"202100038612";"132Â 618";"B01";"1";"7";"0";"2";"3";"15";"1";""
"202100038613";"132Â 616";"A01";"1";"7";"0";"1";"1";"2";"1";""
"202100038614";"132Â 615";"A01";"0";"36";"0";"0";"0";"0";"1";""
"202100038615";"132Â 614";"A01";"1";"7";"4";"0";"1";"21";"1";""
"202100038616";"132Â 612";"A01";"2";"7";"0";"2";"2";"16";"1";""
"202100038616";"132Â 613";"B01";"2";"2";"1";"2";"8";"1";"1";""
"202100038617";"132Â 611";"A01";"1";"7";"0";"0";"1";"13";"1";""
"202100038618";"132Â 609";"B01";"2";"1";"0";"2";"1";"1";"5";""
"202100038618";"132Â 610";"A01";"2";"7";"0";"9";"7";"1";"1";""
"202100038619";"132Â 607";"B01";"1";"7";"0";"2";"4";"23";"1";""
"202100038619";"132Â 608";"A01";"1";"33";"0";"2";"3";"21";"1";""
"202100038620";"132Â 606";"A01";"1";"7";"8";"0";"8";"1";"1";""
"202100038621";"132Â 605";"A01";"2";"7";"8";"0";"7";"1";"1";""
"202100038622";"132Â 602";"A01";"1";"7";"3";"0";"2";"14";"1";""
"202100038623";"132Â 600";"B01";"0";"7";"0";"2";"3";"1";"1";""
"202100038623";"132Â 601";"A01";"0";"7";"0";"2";"3";"13";"1";""
"202100038624";"132Â 598";"A01";"2";"7";"0";"2";"1";"1";"1";""
"202100038624";"132Â 599";"B01";"2";"7";"0";"2";"7";"15";"1";""
"202100038625";"132Â 596";"A01";"0";"3";"0";"1";"1";"1";"0";""
"202100038626";"132Â 594";"A01";"1";"7";"0";"2";"3";"1";"1";""
"202100038626";"132Â 595";"B01";"1";"7";"0";"2";"4";"15";"1";""
"202100038627";"132Â 592";"A01";"1";"7";"0";"2";"8";"26";"1";""
"202100038627";"132Â 593";"B01";"1";"7";"0";"2";"1";"26";"1";""
"202100038628";"132Â 591";"A01";"1";"7";"0";"1";"1";"15";"1";""
"202100038629";"132Â 589";"A01";"2";"7";"6";"0";"1";"1";"1";""
"202100038630";"132Â 587";"B01";"3";"7";"0";"2";"1";"1";"1";""
"202100038630";"132Â 588";"A01";"3";"7";"0";"2";"8";"15";"1";""
"202100038631";"132Â 585";"B01";"2";"33";"0";"2";"1";"1";"1";""
"202100038631";"132Â 586";"A01";"0";"7";"0";"2";"2";"11";"1";""
"202100038632";"132Â 584";"Z01";"0";"0";"0";"1";"0";"0";"0";""
"202100038633";"132Â 582";"A01";"1";"7";"0";"2";"2";"18";"1";""
"202100038633";"132Â 583";"B01";"1";"7";"0";"2";"6";"0";"1";""
"202100038634";"132Â 580";"Z01";"1";"7";"0";"2";"1";"0";"0";""
"202100038634";"132Â 581";"A01";"1";"2";"0";"2";"4";"0";"1";""
"202100038635";"132Â 578";"B01";"0";"33";"0";"2";"8";"1";"1";""
"202100038635";"132Â 579";"A01";"1";"7";"0";"2";"1";"9";"1";""
"202100038636";"132Â 574";"A01";"2";"7";"0";"2";"6";"19";"0";""
"202100038636";"132Â 575";"B01";"2";"33";"0";"2";"1";"19";"1";""
"202100038637";"132Â 572";"A01";"1";"33";"0";"2";"1";"1";"1";""
"202100038637";"132Â 573";"B01";"1";"7";"0";"2";"4";"1";"1";""
"202100038638";"132Â 571";"A01";"1";"7";"0";"1";"4";"26";"0";""
"202100038639";"132Â 569";"A01";"1";"7";"0";"2";"1";"11";"1";""
"202100038639";"132Â 570";"B01";"1";"13";"0";"2";"4";"0";"1";""
"202100038640";"132Â 566";"A01";"3";"7";"1";"0";"2";"0";"1";""
"202100038640";"132Â 567";"B01";"3";"7";"0";"2";"2";"0";"0";""
"202100038640";"132Â 568";"C01";"3";"7";"0";"2";"0";"0";"0";""
"202100038641";"132Â 564";"A01";"1";"7";"0";"2";"7";"19";"1";""
"202100038641";"132Â 565";"B01";"2";"33";"0";"2";"1";"1";"1";""
"202100038642";"132Â 563";"A01";"3";"33";"0";"0";"7";"16";"1";""
"202100038643";"132Â 562";"A01";"1";"2";"1";"0";"0";"14";"1";""
"202100038644";"132Â 560";"A01";"1";"7";"0";"0";"4";"26";"1";""
"202100038644";"132Â 561";"B01";"1";"7";"0";"2";"1";"2";"1";""
"202100038645";"132Â 558";"A01";"3";"7";"0";"2";"2";"1";"1";""
"202100038645";"132Â 559";"B01";"0";"7";"0";"2";"8";"1";"2";""
"202100038646";"132Â 556";"B01";"2";"7";"0";"2";"6";"23";"1";""
"202100038646";"132Â 557";"A01";"2";"80";"0";"2";"1";"2";"3";""
"202100038647";"132Â 554";"A01";"1";"33";"1";"2";"1";"20";"1";""
"202100038647";"132Â 555";"B01";"2";"1";"0";"2";"1";"1";"5";""
"202100038648";"132Â 552";"B01";"1";"7";"0";"2";"2";"12";"1";""
"202100038648";"132Â 553";"A01";"1";"32";"0";"2";"8";"1";"1";""
"202100038649";"132Â 550";"A01";"0";"32";"0";"2";"2";"16";"1";""
"202100038649";"132Â 551";"B01";"0";"7";"0";"2";"3";"1";"1";""
"202100038650";"132Â 548";"A01";"2";"7";"0";"2";"8";"11";"1";""
"202100038650";"132Â 549";"B01";"2";"33";"0";"2";"1";"1";"1";""
"202100038651";"132Â 546";"B01";"2";"7";"0";"2";"8";"1";"3";""
"202100038651";"132Â 547";"A01";"2";"30";"0";"2";"1";"1";"1";""
"202100038652";"132Â 544";"B01";"1";"7";"8";"2";"0";"21";"1";""
"202100038652";"132Â 545";"A01";"1";"7";"0";"2";"0";"1";"0";""
"202100038653";"132Â 542";"A01";"2";"2";"0";"2";"1";"17";"1";""
"202100038653";"132Â 543";"B01";"2";"7";"0";"2";"3";"15";"1";""
"202100038654";"132Â 540";"A01";"2";"7";"0";"2";"2";"15";"1";""
"202100038654";"132Â 541";"B01";"1";"2";"0";"2";"1";"1";"3";""
"202100038655";"132Â 538";"A01";"2";"7";"0";"2";"8";"1";"1";""
"202100038655";"132Â 539";"B01";"2";"7";"0";"2";"0";"15";"1";""
"202100038656";"132Â 536";"B01";"2";"32";"0";"2";"1";"2";"1";""
"202100038656";"132Â 537";"A01";"2";"7";"0";"2";"4";"2";"1";""
"202100038657";"132Â 534";"A01";"1";"7";"0";"2";"2";"2";"1";""
"202100038657";"132Â 535";"B01";"1";"7";"0";"2";"3";"0";"1";""
"202100038658";"132Â 533";"A01";"1";"7";"9";"0";"3";"13";"1";""
"202100038659";"132Â 531";"B01";"3";"10";"0";"2";"8";"10";"1";""
"202100038659";"132Â 532";"A01";"3";"32";"0";"2";"1";"13";"1";""
"202100038660";"132Â 529";"A01";"1";"7";"9";"2";"1";"26";"1";""
"202100038660";"132Â 530";"B01";"2";"7";"0";"2";"3";"15";"1";""
"202100038661";"132Â 528";"A01";"1";"7";"0";"1";"1";"9";"1";""
"202100038662";"132Â 526";"A01";"2";"33";"0";"2";"1";"26";"1";""
"202100038662";"132Â 527";"B01";"2";"7";"0";"2";"4";"1";"1";""
"202100038663";"132Â 525";"A01";"1";"30";"14";"0";"1";"2";"1";""
"202100038664";"132Â 524";"A01";"2";"60";"1";"0";"6";"1";"5";""
"202100038665";"132Â 523";"A01";"1";"33";"0";"0";"7";"1";"1";""
"202100038666";"132Â 522";"Z01";"1";"32";"0";"1";"1";"2";"0";""
"202100038667";"132Â 521";"A01";"2";"99";"13";"0";"7";"26";"1";""
"202100038668";"132Â 519";"A01";"1";"33";"0";"2";"0";"1";"1";""
"202100038668";"132Â 520";"B01";"2";"7";"0";"2";"0";"1";"1";""
"202100038669";"132Â 518";"A01";"1";"7";"0";"0";"1";"1";"1";""
"202100038670";"132Â 516";"A01";"2";"7";"8";"2";"1";"14";"1";""
"202100038670";"132Â 517";"B01";"1";"7";"0";"2";"1";"1";"1";""
"202100038671";"132Â 514";"A01";"2";"7";"0";"2";"3";"13";"1";""
"202100038671";"132Â 515";"B01";"1";"7";"2";"2";"2";"1";"1";""
"202100038672";"132Â 513";"A01";"3";"2";"2";"0";"0";"21";"1";""
"202100038673";"132Â 508";"A01";"1";"7";"0";"0";"4";"1";"1";""
"202100038673";"132Â 509";"C01";"1";"7";"0";"2";"9";"2";"1";""
"202100038673";"132Â 510";"E01";"1";"7";"0";"2";"1";"2";"1";""
"202100038673";"132Â 511";"D01";"1";"7";"0";"2";"9";"2";"1";""
"202100038673";"132Â 512";"B01";"1";"7";"0";"2";"1";"2";"1";""
"202100038674";"132Â 506";"B01";"1";"7";"0";"2";"2";"1";"1";""
"202100038674";"132Â 507";"A01";"2";"7";"0";"2";"3";"21";"1";""
"202100038675";"132Â 505";"A01";"1";"33";"13";"0";"1";"1";"1";""
"202100038676";"132Â 503";"A01";"0";"7";"0";"2";"3";"9";"1";""
"202100038676";"132Â 504";"B01";"0";"2";"0";"2";"7";"1";"1";""
"202100038677";"132Â 502";"A01";"2";"7";"0";"0";"0";"17";"1";""
"202100038678";"132Â 501";"A01";"2";"7";"13";"0";"9";"1";"1";""
"202100038679";"132Â 499";"B01";"1";"7";"0";"2";"3";"13";"1";""
"202100038679";"132Â 500";"A01";"2";"7";"0";"2";"3";"1";"1";""
"202100038680";"132Â 498";"A01";"2";"3";"0";"0";"3";"1";"1";""
"202100038681";"132Â 497";"A01";"2";"7";"2";"0";"2";"14";"1";""
"202100038682";"132Â 495";"A01";"2";"7";"13";"2";"2";"1";"1";""
"202100038682";"132Â 496";"B01";"1";"7";"7";"0";"1";"1";"0";""
"202100038683";"132Â 494";"A01";"1";"33";"16";"0";"0";"5";"1";""
"202100038684";"132Â 492";"A01";"2";"7";"0";"2";"1";"15";"2";""
"202100038684";"132Â 493";"B01";"1";"7";"0";"2";"1";"1";"1";""
"202100038685";"132Â 487";"D01";"1";"7";"0";"2";"2";"23";"1";""
"202100038685";"132Â 488";"B01";"2";"7";"1";"2";"1";"1";"1";""