"Num_Acc";"id_vehicule";"num_veh";"senc";"catv";"obs";"obsm";"choc";"manv";"motor";"occutc"
"202100038685";"132Â 489";"A01";"1";"7";"0";"2";"1";"15";"1";""
"202100038686";"132Â 485";"A01";"2";"10";"0";"2";"7";"17";"1";""
"202100038686";"132Â 486";"B01";"2";"2";"0";"2";"8";"15";"1";""
"202100038687";"132Â 483";"B01";"1";"7";"0";"2";"3";"1";"1";""
"202100038687";"132Â 484";"A01";"2";"31";"0";"2";"3";"5";"1";""
"202100038688";"132Â 482";"A01";"3";"1";"0";"0";"0";"1";"0";""
"202100038689";"132Â 479";"A01";"2";"7";"0";"2";"3";"13";"1";""
"202100038689";"132Â 480";"B01";"1";"21";"0";"2";"8";"1";"1";""
"202100038689";"132Â 481";"C01";"1";"7";"0";"2";"3";"1";"1";""
"202100038690";"132Â 475";"D01";"0";"7";"0";"0";"1";"1";"1";""
"202100038690";"132Â 476";"C01";"0";"7";"0";"0";"4";"1";"1";""
"202100038690";"132Â 477";"B01";"0";"7";"0";"0";"5";"11";"1";""
"202100038690";"132Â 478";"A01";"0";"7";"0";"2";"2";"0";"1";""
"202100038691";"132Â 473";"B01";"1";"7";"0";"0";"4";"16";"1";""
"202100038691";"132Â 474";"A01";"1";"7";"0";"2";"1";"2";"1";""
"202100038692";"132Â 468";"A01";"1";"7";"0";"2";"1";"21";"1";""
"202100038692";"132Â 469";"B01";"2";"33";"0";"2";"3";"1";"1";""
"202100038692";"132Â 470";"E01";"1";"7";"0";"2";"4";"23";"1";""
"202100038692";"132Â 471";"D01";"1";"7";"0";"0";"4";"23";"1";""
"202100038692";"132Â 472";"C01";"1";"7";"0";"2";"4";"23";"1";""
"202100038693";"132Â 466";"B01";"1";"7";"0";"2";"3";"16";"1";""
"202100038693";"132Â 467";"A01";"1";"7";"0";"2";"1";"1";"1";""
"202100038694";"132Â 464";"B01";"0";"36";"0";"2";"7";"0";"0";""
"202100038694";"132Â 465";"A01";"3";"31";"1";"0";"8";"0";"0";""
"202100038695";"132Â 463";"A01";"1";"7";"2";"0";"2";"1";"1";""
"202100038696";"132Â 461";"B01";"1";"7";"0";"2";"3";"1";"1";""
"202100038696";"132Â 462";"A01";"0";"7";"0";"2";"2";"19";"1";""
"202100038697";"132Â 460";"A01";"1";"7";"13";"0";"3";"1";"1";""
"202100038698";"132Â 458";"B01";"2";"60";"0";"2";"2";"19";"5";""
"202100038698";"132Â 459";"A01";"2";"7";"0";"2";"2";"1";"1";""
"202100038699";"132Â 457";"A01";"2";"10";"2";"0";"1";"6";"1";""
"202100038700";"132Â 456";"A01";"2";"1";"0";"1";"1";"1";"5";""
"202100038701";"132Â 455";"A01";"1";"7";"3";"0";"3";"0";"1";""
"202100038702";"132Â 454";"A01";"1";"7";"0";"0";"0";"13";"1";""
"202100038703";"132Â 453";"A01";"2";"7";"6";"0";"1";"0";"1";""
"202100038704";"132Â 452";"A01";"1";"33";"6";"0";"1";"1";"1";""
"202100038705";"132Â 451";"A01";"1";"33";"7";"0";"1";"0";"0";""
"202100038706";"132Â 450";"A01";"2";"33";"0";"0";"0";"1";"1";""
"202100038707";"132Â 448";"B01";"2";"7";"0";"9";"1";"1";"1";""
"202100038707";"132Â 449";"A01";"1";"33";"2";"0";"9";"1";"1";""
"202100038708";"132Â 446";"A01";"3";"7";"0";"2";"2";"1";"1";""
"202100038708";"132Â 447";"B01";"3";"7";"0";"2";"2";"13";"1";""
"202100038709";"132Â 443";"C01";"2";"7";"0";"2";"3";"1";"1";""
"202100038709";"132Â 444";"B01";"1";"7";"0";"2";"5";"15";"1";""
"202100038709";"132Â 445";"A01";"1";"7";"13";"2";"3";"18";"1";""
"202100038710";"132Â 441";"B01";"1";"33";"0";"2";"1";"13";"1";""
"202100038710";"132Â 442";"A01";"2";"7";"0";"2";"3";"21";"1";""
"202100038711";"132Â 439";"A01";"3";"7";"0";"9";"0";"2";"1";""
"202100038711";"132Â 440";"B01";"0";"1";"0";"0";"4";"2";"0";""
"202100038712";"132Â 437";"A01";"2";"7";"0";"2";"3";"13";"1";""
"202100038712";"132Â 438";"B01";"1";"7";"3";"2";"3";"21";"1";""
"202100038713";"132Â 435";"A01";"1";"7";"0";"2";"1";"1";"1";""
"202100038713";"132Â 436";"B01";"3";"1";"0";"2";"5";"1";"5";""
"202100038714";"132Â 433";"B01";"1";"7";"0";"2";"1";"1";"3";""
"202100038714";"132Â 434";"A01";"0";"7";"0";"2";"1";"15";"1";""
"202100038715";"132Â 431";"B01";"3";"7";"0";"2";"3";"15";"1";""
"202100038715";"132Â 432";"A01";"3";"1";"0";"2";"1";"16";"5";""
"202100038716";"132Â 430";"A01";"2";"7";"13";"0";"2";"15";"1";""
"202100038717";"132Â 427";"A01";"1";"7";"8";"0";"3";"14";"1";""
"202100038718";"132Â 424";"B01";"1";"7";"0";"2";"2";"12";"1";""
"202100038718";"132Â 425";"A01";"1";"32";"0";"0";"7";"1";"1";""
"202100038719";"132Â 421";"C01";"1";"7";"0";"2";"1";"2";"1";""
"202100038719";"132Â 422";"B01";"1";"7";"0";"2";"1";"2";"0";""
"202100038719";"132Â 423";"A01";"1";"7";"0";"2";"4";"1";"1";""
"202100038720";"132Â 419";"B01";"2";"7";"0";"2";"8";"1";"1";""
"202100038720";"132Â 420";"A01";"2";"7";"0";"2";"8";"1";"1";""
"202100038721";"132Â 417";"B01";"1";"7";"0";"2";"4";"2";"1";""
"202100038721";"132Â 418";"A01";"1";"7";"0";"2";"2";"2";"1";""
"202100038722";"132Â 416";"A01";"2";"7";"0";"0";"9";"2";"1";""
"202100038723";"132Â 412";"A01";"2";"7";"0";"2";"4";"2";"1";""
"202100038723";"132Â 413";"B01";"2";"7";"0";"2";"8";"2";"1";""
"202100038723";"132Â 414";"C01";"2";"7";"0";"2";"1";"2";"1";""
"202100038723";"132Â 415";"D01";"2";"7";"0";"2";"2";"2";"0";""
"202100038724";"132Â 411";"A01";"1";"7";"4";"0";"0";"1";"1";""
"202100038725";"132Â 409";"A01";"1";"33";"0";"2";"1";"1";"1";""
"202100038725";"132Â 410";"B01";"1";"7";"0";"2";"5";"1";"1";""
"202100038726";"132Â 408";"A01";"1";"7";"4";"0";"3";"13";"1";""
"202100038727";"132Â 405";"A01";"2";"7";"4";"0";"1";"1";"1";""
"202100038727";"132Â 406";"B01";"2";"10";"0";"2";"1";"1";"1";""
"202100038727";"132Â 407";"C01";"2";"7";"0";"2";"2";"1";"1";""
"202100038728";"132Â 400";"E01";"1";"7";"0";"2";"1";"1";"1";""
"202100038728";"132Â 401";"D01";"1";"7";"0";"2";"1";"1";"1";""
"202100038728";"132Â 402";"C01";"1";"7";"0";"2";"4";"1";"1";""
"202100038728";"132Â 403";"B01";"1";"7";"0";"2";"9";"1";"1";""
"202100038728";"132Â 404";"A01";"1";"7";"0";"2";"9";"1";"1";""
"202100038729";"132Â 398";"B01";"2";"7";"0";"2";"6";"11";"1";""
"202100038729";"132Â 399";"A01";"2";"33";"0";"2";"7";"1";"1";""
"202100038730";"132Â 397";"A01";"2";"33";"4";"0";"7";"1";"1";""
"202100038731";"132Â 395";"B01";"2";"7";"0";"2";"4";"2";"1";""
"202100038731";"132Â 396";"A01";"2";"7";"0";"2";"1";"0";"1";""
"202100038732";"132Â 392";"A01";"2";"7";"0";"2";"1";"1";"1";""
"202100038732";"132Â 393";"B01";"2";"7";"0";"2";"4";"1";"1";""
"202100038732";"132Â 394";"C01";"2";"7";"0";"2";"4";"1";"1";""
"202100038733";"132Â 391";"A01";"3";"1";"0";"0";"0";"19";"6";""
"202100038734";"132Â 390";"A01";"2";"7";"1";"0";"7";"2";"1";""
"202100038735";"132Â 388";"B01";"3";"7";"0";"2";"1";"0";"1";""
"202100038735";"132Â 389";"A01";"3";"7";"0";"2";"1";"13";"1";""
"202100038736";"132Â 385";"B01";"3";"7";"0";"2";"8";"1";"1";""
"202100038736";"132Â 386";"C01";"3";"7";"0";"2";"1";"2";"1";""
"202100038736";"132Â 387";"A01";"3";"7";"0";"2";"1";"21";"1";""
"202100038737";"132Â 383";"A01";"3";"32";"0";"2";"1";"17";"1";""
"202100038737";"132Â 384";"B01";"3";"7";"0";"2";"3";"15";"1";""
"202100038738";"132Â 380";"B01";"3";"7";"0";"2";"3";"16";"1";""
"202100038738";"132Â 381";"A01";"3";"7";"0";"2";"3";"15";"1";""
"202100038739";"132Â 378";"B01";"2";"7";"0";"2";"4";"1";"1";""
"202100038739";"132Â 379";"A01";"2";"10";"0";"2";"1";"1";"1";""
"202100038740";"132Â 376";"A01";"3";"7";"0";"2";"3";"9";"1";""
"202100038740";"132Â 377";"B01";"3";"33";"0";"2";"1";"19";"1";""
"202100038741";"132Â 375";"A01";"1";"7";"0";"1";"1";"9";"1";""
"202100038742";"132Â 370";"A01";"3";"7";"8";"0";"8";"0";"1";""
"202100038743";"132Â 364";"A01";"1";"7";"0";"2";"2";"2";"1";""
"202100038743";"132Â 365";"B01";"1";"7";"0";"2";"6";"2";"1";""
"202100038743";"132Â 366";"C01";"1";"7";"0";"2";"4";"2";"1";""
"202100038744";"132Â 362";"A01";"1";"7";"0";"2";"8";"13";"1";""
"202100038744";"132Â 363";"B01";"2";"33";"0";"2";"3";"1";"1";""
"202100038745";"132Â 360";"A01";"2";"7";"9";"2";"3";"16";"1";""
"202100038745";"132Â 361";"B01";"2";"33";"0";"2";"1";"1";"1";""
"202100038746";"132Â 358";"B01";"1";"7";"0";"2";"2";"15";"1";""
"202100038746";"132Â 359";"A01";"1";"7";"0";"2";"1";"1";"1";""
"202100038747";"132Â 356";"A01";"1";"7";"0";"2";"1";"17";"1";""
"202100038747";"132Â 357";"B01";"2";"7";"0";"2";"1";"2";"1";""
"202100038748";"132Â 354";"A01";"0";"7";"0";"9";"2";"19";"1";""
"202100038748";"132Â 355";"B01";"0";"50";"0";"2";"1";"1";"3";""
"202100038749";"132Â 352";"A01";"3";"7";"0";"2";"6";"3";"2";""
"202100038749";"132Â 353";"B01";"3";"7";"0";"2";"2";"2";"1";""
"202100038750";"132Â 349";"B01";"1";"7";"0";"2";"8";"1";"1";""
"202100038750";"132Â 350";"C01";"1";"7";"0";"2";"2";"1";"1";""
"202100038750";"132Â 351";"A01";"1";"2";"0";"2";"1";"19";"1";""
"202100038751";"132Â 347";"A01";"0";"3";"1";"2";"1";"2";"1";""
"202100038751";"132Â 348";"B01";"0";"7";"0";"2";"4";"2";"1";""
"202100038752";"132Â 345";"B01";"2";"7";"0";"2";"3";"1";"1";""
"202100038752";"132Â 346";"A01";"2";"3";"0";"2";"3";"15";"1";""
"202100038753";"132Â 342";"A01";"1";"7";"0";"2";"1";"2";"1";""
"202100038753";"132Â 343";"C01";"1";"7";"0";"2";"5";"2";"1";""
"202100038753";"132Â 344";"B01";"1";"7";"0";"2";"1";"23";"1";""
"202100038754";"132Â 340";"B01";"3";"32";"0";"2";"7";"0";"1";""
"202100038754";"132Â 341";"A01";"3";"7";"0";"2";"3";"0";"1";""
"202100038755";"132Â 339";"A01";"1";"7";"8";"0";"1";"16";"1";""
"202100038756";"132Â 337";"A01";"1";"30";"0";"2";"2";"17";"1";""
"202100038756";"132Â 338";"B01";"3";"7";"0";"2";"0";"15";"1";""
"202100038757";"132Â 335";"A01";"1";"7";"0";"2";"1";"2";"1";""
"202100038757";"132Â 336";"B01";"1";"7";"0";"2";"4";"1";"1";""
"202100038758";"132Â 333";"A01";"1";"7";"6";"2";"1";"1";"1";""
"202100038758";"132Â 334";"B01";"1";"15";"0";"2";"7";"1";"1";""
"202100038759";"132Â 331";"A01";"3";"7";"0";"2";"3";"15";"1";""
"202100038759";"132Â 332";"B01";"3";"7";"0";"2";"1";"1";"1";""
"202100038760";"132Â 329";"A01";"1";"7";"0";"9";"1";"1";"1";""
"202100038760";"132Â 330";"B01";"2";"1";"0";"2";"1";"5";"5";""
"202100038761";"132Â 328";"A01";"1";"7";"0";"1";"1";"1";"1";""
"202100038762";"132Â 326";"A01";"1";"7";"0";"9";"2";"16";"1";""
"202100038762";"132Â 327";"B01";"1";"1";"0";"2";"1";"16";"5";""
"202100038763";"132Â 325";"A01";"3";"7";"0";"1";"4";"20";"1";""
"202100038764";"132Â 323";"A01";"2";"15";"0";"2";"5";"1";"1";""
"202100038764";"132Â 324";"B01";"2";"1";"0";"2";"3";"1";"5";""
"202100038765";"132Â 322";"A01";"1";"7";"0";"1";"1";"2";"1";""
"202100038766";"132Â 321";"A01";"1";"31";"0";"1";"1";"17";"1";""
"202100038767";"132Â 319";"A01";"1";"33";"0";"2";"1";"17";"1";""
"202100038767";"132Â 320";"B01";"1";"10";"0";"2";"4";"15";"1";""
"202100038768";"132Â 318";"A01";"1";"30";"2";"0";"1";"1";"1";""
"202100038769";"132Â 316";"B01";"2";"2";"0";"2";"1";"17";"1";""
"202100038769";"132Â 317";"A01";"2";"7";"0";"2";"3";"15";"0";""
"202100038770";"132Â 314";"A01";"1";"7";"1";"0";"1";"26";"1";""
"202100038770";"132Â 315";"B01";"1";"7";"0";"2";"4";"23";"1";""
"202100038771";"132Â 312";"A01";"2";"31";"0";"2";"2";"3";"1";""
"202100038771";"132Â 313";"B01";"2";"7";"4";"2";"6";"1";"1";""
"202100038772";"132Â 310";"A01";"1";"80";"0";"2";"1";"2";"3";""
"202100038772";"132Â 311";"B01";"1";"7";"0";"2";"4";"23";"1";""
"202100038773";"132Â 309";"A01";"1";"32";"0";"1";"3";"9";"3";""
"202100038774";"132Â 307";"B01";"1";"2";"0";"2";"7";"17";"1";""
"202100038774";"132Â 308";"A01";"1";"7";"0";"2";"3";"15";"1";""
"202100038775";"132Â 305";"B01";"1";"7";"0";"2";"8";"15";"1";""
"202100038775";"132Â 306";"A01";"1";"30";"0";"2";"2";"17";"1";""
"202100038776";"132Â 304";"A01";"1";"7";"12";"0";"9";"13";"1";""
"202100038777";"132Â 302";"B01";"1";"2";"0";"2";"4";"2";"1";""
"202100038777";"132Â 303";"A01";"1";"7";"0";"2";"1";"2";"3";""
"202100038778";"132Â 300";"A01";"2";"32";"0";"2";"2";"17";"1";""
"202100038778";"132Â 301";"B01";"2";"7";"0";"2";"3";"15";"1";""
"202100038779";"132Â 298";"A01";"2";"10";"0";"2";"8";"22";"1";""
"202100038779";"132Â 299";"B01";"2";"1";"0";"2";"1";"1";"5";""
"202100038780";"132Â 296";"A01";"1";"7";"0";"2";"1";"1";"1";""
"202100038780";"132Â 297";"B01";"1";"7";"1";"2";"8";"1";"2";""
"202100038781";"132Â 294";"A01";"2";"7";"0";"2";"8";"22";"1";""
"202100038781";"132Â 295";"B01";"2";"2";"0";"2";"1";"1";"1";""
"202100038782";"132Â 293";"A01";"1";"31";"0";"0";"7";"1";"3";""
"202100038783";"132Â 291";"A01";"0";"7";"3";"0";"1";"1";"1";""
"202100038783";"132Â 292";"B01";"0";"2";"0";"2";"4";"24";"1";""
"202100038784";"132Â 289";"A01";"1";"1";"0";"2";"5";"14";"5";""
"202100038784";"132Â 290";"B01";"1";"80";"0";"2";"3";"18";"3";""
"202100038785";"132Â 287";"A01";"1";"10";"0";"2";"1";"2";"1";""
"202100038785";"132Â 288";"B01";"1";"7";"0";"2";"4";"23";"1";""
"202100038786";"132Â 285";"B01";"2";"1";"0";"2";"1";"25";"5";""
"202100038786";"132Â 286";"A01";"2";"7";"0";"2";"8";"9";"1";""
"202100038787";"132Â 284";"A01";"2";"33";"12";"0";"1";"0";"1";""
"202100038788";"132Â 282";"A01";"1";"99";"0";"2";"1";"15";"1";""
"202100038788";"132Â 283";"B01";"2";"99";"0";"2";"1";"1";"1";""
"202100038789";"132Â 280";"A01";"1";"7";"0";"2";"2";"14";"1";""
"202100038789";"132Â 281";"B01";"1";"31";"0";"2";"8";"1";"1";""
"202100038790";"132Â 278";"B01";"1";"2";"0";"2";"3";"1";"0";""
"202100038790";"132Â 279";"A01";"2";"10";"0";"2";"2";"10";"0";""
"202100038791";"132Â 275";"A01";"1";"7";"0";"2";"1";"2";"1";""
"202100038791";"132Â 276";"B01";"1";"7";"0";"2";"4";"2";"0";""
"202100038791";"132Â 277";"C01";"1";"7";"0";"2";"4";"15";"1";""
"202100038792";"132Â 274";"A01";"1";"7";"0";"1";"3";"2";"1";""
"202100038793";"132Â 272";"B01";"2";"7";"0";"2";"1";"15";"1";""
"202100038793";"132Â 273";"A01";"2";"32";"0";"2";"6";"21";"1";""
"202100038794";"132Â 270";"B01";"3";"7";"0";"2";"4";"0";"1";""
"202100038794";"132Â 271";"A01";"3";"7";"0";"2";"1";"1";"1";""
"202100038795";"132Â 267";"A01";"1";"10";"0";"2";"1";"15";"1";""
"202100038795";"132Â 268";"B01";"2";"7";"0";"2";"1";"16";"1";""
"202100038796";"132Â 265";"B01";"1";"7";"0";"2";"2";"9";"1";""
"202100038796";"132Â 266";"A01";"1";"3";"1";"0";"0";"11";"0";""
"202100038797";"132Â 264";"A01";"1";"32";"1";"0";"1";"1";"1";""
"202100038798";"132Â 263";"A01";"2";"33";"8";"0";"1";"0";"1";""
"202100038799";"132Â 262";"A01";"1";"7";"13";"0";"8";"1";"1";""
"202100038800";"132Â 261";"A01";"1";"33";"0";"0";"6";"1";"1";""
"202100038801";"132Â 259";"A01";"2";"7";"0";"2";"8";"15";"1";""
"202100038801";"132Â 260";"B01";"2";"32";"0";"2";"1";"17";"1";""
"202100038802";"132Â 257";"B01";"1";"33";"0";"2";"1";"1";"1";""
"202100038802";"132Â 258";"A01";"2";"7";"0";"2";"1";"9";"1";""
"202100038803";"132Â 255";"A01";"2";"33";"0";"2";"1";"13";"1";""
"202100038803";"132Â 256";"B01";"1";"7";"0";"2";"3";"1";"3";""
"202100038804";"132Â 253";"A01";"1";"7";"0";"2";"5";"16";"0";""
"202100038804";"132Â 254";"B01";"1";"33";"0";"2";"3";"1";"1";""
"202100038805";"132Â 251";"B01";"1";"7";"0";"2";"2";"21";"1";""
"202100038805";"132Â 252";"A01";"1";"7";"0";"2";"6";"11";"3";""
"202100038806";"132Â 248";"B01";"2";"20";"0";"2";"6";"1";"1";""
"202100038806";"132Â 249";"A01";"1";"31";"0";"2";"8";"1";"1";""
"202100038806";"132Â 250";"C01";"2";"10";"0";"2";"3";"1";"1";""
"202100038807";"132Â 246";"A01";"3";"2";"0";"2";"2";"19";"1";""
"202100038807";"132Â 247";"B01";"1";"7";"0";"2";"2";"0";"1";""
"202100038808";"132Â 245";"A01";"2";"33";"0";"0";"9";"1";"1";""
"202100038809";"132Â 244";"A01";"1";"33";"0";"0";"0";"0";"1";""
"202100038810";"132Â 243";"A01";"2";"2";"0";"0";"1";"1";"1";""
"202100038811";"132Â 241";"B01";"1";"1";"0";"0";"4";"1";"5";""
"202100038811";"132Â 242";"A01";"1";"7";"0";"2";"2";"1";"1";""
"202100038812";"132Â 240";"A01";"1";"36";"3";"0";"2";"1";"1";""
"202100038813";"132Â 239";"A01";"1";"7";"13";"0";"1";"5";"1";""
"202100038814";"132Â 238";"A01";"3";"80";"0";"0";"0";"1";"3";""
"202100038815";"132Â 236";"A01";"1";"7";"0";"2";"3";"13";"1";""
"202100038815";"132Â 237";"B01";"2";"43";"0";"2";"3";"1";"1";""
"202100038816";"132Â 235";"A01";"2";"33";"2";"0";"1";"1";"1";""
"202100038817";"132Â 234";"A01";"0";"7";"6";"0";"2";"1";"1";""
"202100038818";"132Â 233";"A01";"1";"2";"0";"1";"1";"1";"1";""
"202100038819";"132Â 231";"A01";"2";"33";"0";"0";"8";"26";"1";""
"202100038820";"132Â 230";"A01";"3";"2";"14";"0";"1";"1";"1";""
"202100038821";"132Â 229";"A01";"2";"7";"13";"0";"9";"15";"1";""
"202100038822";"132Â 228";"A01";"2";"7";"3";"0";"8";"1";"1";""
"202100038823";"132Â 227";"A01";"2";"10";"6";"0";"3";"13";"1";""
"202100038824";"132Â 226";"A01";"2";"34";"0";"0";"7";"1";"1";""
"202100038825";"132Â 224";"B01";"2";"1";"0";"2";"8";"1";"5";""
"202100038825";"132Â 225";"A01";"2";"7";"0";"2";"7";"17";"0";""
"202100038826";"132Â 223";"A01";"3";"21";"13";"0";"2";"16";"1";""
"202100038827";"132Â 222";"A01";"1";"7";"2";"0";"7";"13";"1";""
"202100038828";"132Â 221";"A01";"2";"33";"0";"6";"1";"1";"1";""
"202100038829";"132Â 220";"A01";"1";"10";"0";"1";"2";"21";"1";""
"202100038830";"132Â 218";"B01";"2";"7";"0";"2";"3";"1";"1";""
"202100038830";"132Â 219";"A01";"1";"33";"0";"2";"1";"17";"1";""
"202100038831";"132Â 216";"B01";"3";"7";"0";"0";"0";"1";"1";""
"202100038831";"132Â 217";"A01";"0";"1";"6";"0";"0";"1";"5";""
"202100038832";"132Â 215";"A01";"1";"33";"3";"0";"7";"2";"1";""
"202100038833";"132Â 213";"A01";"1";"7";"0";"2";"7";"15";"1";""
"202100038833";"132Â 214";"B01";"2";"33";"0";"2";"1";"1";"1";""
"202100038834";"132Â 210";"B01";"2";"7";"0";"2";"2";"5";"1";""
"202100038834";"132Â 211";"A01";"1";"33";"0";"2";"1";"21";"1";""
"202100038835";"132Â 209";"A01";"1";"33";"11";"0";"1";"6";"1";""
"202100038836";"132Â 205";"A01";"0";"7";"8";"2";"1";"17";"1";""
"202100038836";"132Â 206";"B01";"0";"7";"0";"2";"3";"15";"1";""
"202100038837";"132Â 204";"A01";"3";"34";"0";"0";"8";"1";"1";""
"202100038838";"132Â 203";"A01";"1";"7";"3";"0";"1";"14";"1";""
"202100038839";"132Â 201";"A01";"2";"33";"12";"2";"3";"6";"1";""
"202100038839";"132Â 202";"B01";"1";"7";"0";"2";"1";"1";"1";""
"202100038840";"132Â 200";"A01";"3";"31";"8";"0";"1";"13";"1";""
"202100038841";"132Â 199";"A01";"2";"7";"0";"0";"1";"0";"1";""
"202100038842";"132Â 198";"A01";"2";"10";"8";"0";"1";"14";"1";""
"202100038843";"132Â 196";"A01";"2";"7";"0";"2";"3";"1";"1";""
"202100038843";"132Â 197";"B01";"1";"32";"0";"2";"1";"1";"1";""
"202100038844";"132Â 194";"B01";"1";"7";"0";"2";"1";"1";"1";""
"202100038844";"132Â 195";"A01";"2";"7";"0";"2";"1";"15";"1";""
"202100038845";"132Â 193";"A01";"1";"7";"0";"0";"9";"17";"1";""
"202100038846";"132Â 191";"B01";"1";"7";"0";"2";"3";"1";"1";""
"202100038846";"132Â 192";"A01";"2";"7";"0";"2";"3";"15";"1";""
"202100038847";"132Â 189";"B01";"3";"7";"0";"2";"6";"9";"1";""
"202100038847";"132Â 190";"A01";"0";"33";"0";"2";"1";"1";"1";""
"202100038848";"132Â 187";"A01";"0";"7";"0";"0";"1";"9";"1";""
"202100038848";"132Â 188";"B01";"3";"30";"0";"0";"8";"9";"1";""
"202100038849";"132Â 186";"A01";"1";"50";"10";"0";"1";"0";"3";""
"202100038850";"132Â 185";"A01";"2";"7";"0";"0";"0";"1";"1";""
"202100038851";"132Â 184";"A01";"1";"1";"0";"0";"0";"19";"5";""
"202100038852";"132Â 182";"A01";"1";"2";"0";"2";"1";"1";"1";""
"202100038852";"132Â 183";"B01";"2";"7";"0";"2";"6";"11";"1";""
"202100038853";"132Â 180";"A01";"2";"7";"0";"2";"1";"13";"1";""
"202100038853";"132Â 181";"B01";"1";"33";"0";"2";"1";"1";"1";""
"202100038854";"132Â 179";"A01";"1";"7";"13";"0";"3";"15";"1";""
"202100038855";"132Â 178";"A01";"1";"33";"2";"0";"0";"0";"1";""
"202100038856";"132Â 176";"B01";"2";"1";"0";"2";"1";"1";"5";""
"202100038856";"132Â 177";"A01";"2";"7";"0";"9";"2";"15";"1";""
"202100038857";"132Â 174";"B01";"2";"2";"0";"2";"1";"1";"1";""
"202100038857";"132Â 175";"A01";"1";"7";"0";"2";"3";"15";"1";""
"202100038858";"132Â 173";"A01";"1";"7";"0";"1";"1";"1";"1";""
"202100038859";"132Â 171";"B01";"2";"7";"0";"2";"1";"2";"1";""
"202100038859";"132Â 172";"A01";"2";"33";"0";"2";"4";"1";"2";""
"202100038860";"132Â 167";"A01";"1";"7";"13";"0";"1";"1";"1";""
"202100038861";"132Â 165";"B01";"2";"7";"0";"2";"2";"1";"1";""
"202100038861";"132Â 166";"A01";"2";"7";"0";"2";"6";"1";"1";""
"202100038862";"132Â 163";"B01";"2";"7";"0";"2";"4";"1";"1";""
"202100038862";"132Â 164";"A01";"2";"31";"0";"2";"1";"1";"1";""
"202100038863";"132Â 161";"A01";"1";"33";"0";"2";"8";"1";"1";""
"202100038863";"132Â 162";"B01";"1";"7";"0";"2";"6";"1";"1";""
"202100038864";"132Â 158";"A01";"2";"7";"0";"2";"1";"1";"1";""
"202100038864";"132Â 159";"B01";"2";"7";"0";"2";"4";"2";"1";""
"202100038864";"132Â 160";"C01";"2";"7";"0";"2";"4";"2";"1";""
"202100038865";"132Â 155";"C01";"2";"7";"0";"2";"4";"1";"1";""
"202100038865";"132Â 156";"B01";"2";"7";"0";"2";"4";"0";"1";""
"202100038865";"132Â 157";"A01";"2";"7";"0";"2";"1";"1";"1";""
"202100038866";"132Â 153";"A01";"1";"7";"0";"2";"1";"1";"1";""
"202100038866";"132Â 154";"B01";"1";"7";"0";"2";"4";"1";"1";""
"202100038867";"132Â 150";"A01";"2";"7";"0";"2";"1";"1";"1";""
"202100038867";"132Â 151";"C01";"2";"7";"0";"2";"4";"1";"1";""
"202100038867";"132Â 152";"B01";"2";"7";"0";"2";"4";"1";"1";""
"202100038868";"132Â 148";"B01";"2";"7";"0";"2";"1";"1";"1";""
"202100038868";"132Â 149";"A01";"2";"7";"0";"2";"4";"1";"1";""
"202100038869";"132Â 146";"A01";"1";"7";"0";"1";"1";"1";"1";""
"202100038870";"132Â 144";"A01";"0";"7";"2";"2";"3";"7";"6";""
"202100038870";"132Â 145";"B01";"0";"7";"0";"2";"2";"1";"0";""
"202100038871";"132Â 143";"A01";"2";"33";"0";"1";"2";"17";"1";""
"202100038872";"132Â 142";"A01";"1";"7";"1";"0";"3";"1";"1";""
"202100038873";"132Â 141";"A01";"3";"7";"0";"1";"4";"20";"1";""
"202100038874";"132Â 140";"A01";"2";"10";"0";"1";"2";"1";"1";""
"202100038875";"132Â 138";"A01";"3";"33";"1";"0";"1";"14";"0";""
"202100038875";"132Â 139";"B01";"3";"7";"0";"2";"3";"14";"1";""
"202100038876";"132Â 136";"A01";"3";"10";"0";"2";"3";"9";"1";""
"202100038876";"132Â 137";"B01";"3";"1";"0";"2";"7";"1";"5";""
"202100038877";"132Â 134";"B01";"2";"2";"0";"2";"1";"17";"1";""
"202100038877";"132Â 135";"A01";"2";"7";"0";"2";"6";"15";"1";""
"202100038878";"132Â 132";"A01";"3";"7";"0";"2";"8";"15";"1";""
"202100038878";"132Â 133";"B01";"1";"7";"0";"2";"6";"1";"1";""
"202100038879";"132Â 131";"A01";"0";"7";"0";"1";"1";"18";"1";""
"202100038880";"132Â 129";"Y01";"2";"1";"0";"2";"7";"1";"5";""
"202100038880";"132Â 130";"A01";"1";"7";"0";"2";"7";"9";"1";""
"202100038881";"132Â 128";"A01";"1";"30";"12";"0";"1";"1";"1";""
"202100038882";"132Â 127";"A01";"3";"30";"16";"0";"0";"13";"1";""
"202100038883";"132Â 126";"A01";"3";"7";"14";"0";"2";"1";"1";""
"202100038884";"132Â 125";"A01";"1";"30";"0";"0";"7";"1";"1";""
"202100038885";"132Â 124";"A01";"2";"7";"0";"1";"4";"20";"1";""
"202100038886";"132Â 122";"A01";"1";"7";"0";"0";"6";"16";"1";""
"202100038886";"132Â 123";"B01";"1";"7";"0";"2";"2";"12";"1";""
"202100038887";"132Â 121";"A01";"3";"7";"6";"0";"3";"26";"1";""