"Num_Acc";"id_vehicule";"num_veh";"senc";"catv";"obs";"obsm";"choc";"manv";"motor";"occutc"
"202100038888";"132Â 119";"B01";"1";"33";"0";"2";"1";"17";"1";""
"202100038888";"132Â 120";"A01";"1";"7";"0";"2";"8";"15";"1";""
"202100038889";"132Â 117";"B01";"2";"7";"0";"2";"3";"15";"1";""
"202100038889";"132Â 118";"A01";"1";"33";"0";"2";"1";"1";"1";""
"202100038890";"132Â 116";"A01";"1";"7";"0";"1";"2";"26";"1";""
"202100038891";"132Â 114";"B01";"2";"7";"0";"2";"1";"0";"1";""
"202100038891";"132Â 115";"A01";"1";"7";"0";"2";"1";"1";"1";""
"202100038892";"132Â 112";"A01";"2";"10";"13";"2";"1";"14";"1";""
"202100038892";"132Â 113";"B01";"2";"7";"0";"2";"5";"2";"1";""
"202100038893";"132Â 109";"B01";"1";"7";"0";"2";"4";"2";"2";""
"202100038893";"132Â 110";"C01";"1";"7";"0";"2";"4";"2";"1";""
"202100038893";"132Â 111";"A01";"1";"7";"0";"2";"1";"2";"1";""
"202100038894";"132Â 108";"A01";"1";"7";"0";"1";"7";"1";"1";""
"202100038895";"132Â 107";"A01";"0";"7";"8";"0";"1";"14";"1";""
"202100038896";"132Â 105";"A01";"1";"7";"0";"2";"0";"15";"1";""
"202100038896";"132Â 106";"B01";"1";"32";"0";"2";"0";"1";"1";""
"202100038897";"132Â 102";"A01";"2";"7";"0";"2";"3";"13";"1";""
"202100038897";"132Â 103";"B01";"1";"7";"0";"2";"1";"1";"1";""
"202100038897";"132Â 104";"C01";"2";"37";"0";"2";"3";"1";"1";"1"
"202100038898";"132Â 101";"A01";"0";"7";"0";"0";"2";"1";"1";""
"202100038899";"132Â 099";"B01";"1";"15";"0";"2";"1";"0";"0";""
"202100038899";"132Â 100";"A01";"1";"34";"0";"2";"1";"26";"0";""
"202100038900";"132Â 098";"A01";"3";"31";"0";"0";"1";"2";"1";""
"202100038901";"132Â 096";"A01";"1";"7";"0";"2";"7";"1";"1";""
"202100038901";"132Â 097";"B01";"2";"1";"0";"2";"1";"1";"5";""
"202100038902";"132Â 094";"A01";"3";"33";"0";"2";"8";"9";"1";""
"202100038902";"132Â 095";"B01";"3";"7";"0";"2";"7";"9";"1";""
"202100038903";"132Â 091";"A01";"2";"7";"0";"1";"1";"16";"1";""
"202100038904";"132Â 089";"A01";"1";"1";"0";"2";"1";"1";"5";""
"202100038904";"132Â 090";"B01";"2";"7";"0";"2";"5";"16";"1";""
"202100038905";"132Â 087";"A01";"1";"7";"0";"2";"1";"1";"1";""
"202100038905";"132Â 088";"B01";"1";"7";"0";"2";"4";"23";"1";""
"202100038906";"132Â 085";"A01";"2";"7";"8";"2";"1";"13";"1";""
"202100038906";"132Â 086";"B01";"1";"7";"0";"2";"2";"1";"1";""
"202100038907";"132Â 084";"A01";"1";"30";"12";"0";"8";"13";"1";""
"202100038908";"132Â 082";"B01";"2";"33";"0";"2";"1";"26";"1";""
"202100038908";"132Â 083";"A01";"1";"7";"0";"2";"7";"15";"1";""
"202100038909";"132Â 080";"B01";"2";"1";"0";"2";"1";"1";"1";""
"202100038909";"132Â 081";"A01";"1";"7";"0";"2";"7";"15";"1";""
"202100038910";"132Â 078";"B01";"1";"7";"9";"2";"1";"1";"1";""
"202100038910";"132Â 079";"A01";"1";"7";"9";"2";"3";"19";"1";""
"202100038911";"132Â 076";"B01";"0";"3";"0";"0";"0";"0";"1";""
"202100038911";"132Â 077";"Z01";"1";"7";"0";"2";"7";"19";"1";""
"202100038912";"132Â 075";"A01";"1";"7";"0";"1";"1";"1";"1";""
"202100038913";"132Â 074";"A01";"2";"14";"0";"1";"1";"1";"1";""
"202100038914";"132Â 072";"B01";"1";"99";"0";"2";"1";"1";"6";""
"202100038914";"132Â 073";"A01";"1";"99";"0";"0";"3";"23";"1";""
"202100038915";"132Â 070";"A01";"1";"7";"15";"0";"1";"13";"1";""
"202100038916";"132Â 069";"A01";"1";"3";"0";"0";"1";"26";"3";""
"202100038917";"132Â 068";"A01";"3";"7";"13";"0";"1";"14";"1";""
"202100038918";"132Â 066";"A01";"2";"7";"0";"2";"2";"1";"1";""
"202100038918";"132Â 067";"Y01";"2";"1";"0";"2";"1";"1";"5";""
"202100038919";"132Â 064";"B01";"1";"30";"0";"2";"1";"21";"1";""
"202100038919";"132Â 065";"Z01";"1";"7";"0";"2";"3";"11";"1";""
"202100038920";"132Â 062";"B01";"3";"7";"0";"2";"8";"15";"1";""
"202100038920";"132Â 063";"A01";"1";"32";"0";"2";"1";"1";"1";""
"202100038921";"132Â 061";"A01";"2";"33";"1";"0";"4";"14";"1";""
"202100038922";"132Â 060";"B01";"2";"1";"0";"1";"1";"1";"5";""
"202100038923";"132Â 058";"B01";"2";"7";"0";"2";"1";"2";"1";""
"202100038923";"132Â 059";"A01";"2";"7";"0";"2";"4";"1";"1";""
"202100038924";"132Â 056";"A01";"1";"7";"0";"2";"3";"9";"1";""
"202100038924";"132Â 057";"B01";"1";"32";"0";"2";"2";"1";"1";""
"202100038925";"132Â 054";"A01";"2";"7";"0";"2";"7";"15";"1";""
"202100038925";"132Â 055";"B01";"1";"7";"0";"2";"1";"1";"1";""
"202100038926";"132Â 052";"B01";"1";"7";"0";"2";"7";"15";"1";""
"202100038926";"132Â 053";"A01";"1";"32";"0";"2";"1";"0";"1";""
"202100038927";"132Â 050";"B01";"2";"7";"0";"2";"1";"0";"1";""
"202100038927";"132Â 051";"A01";"1";"7";"0";"2";"1";"11";"1";""
"202100038928";"132Â 048";"B01";"3";"10";"0";"2";"6";"16";"1";""
"202100038928";"132Â 049";"A01";"2";"2";"0";"2";"1";"19";"1";""
"202100038929";"132Â 044";"B01";"0";"37";"0";"2";"1";"1";"1";"1"
"202100038929";"132Â 045";"A01";"3";"7";"0";"2";"2";"16";"1";""
"202100038930";"132Â 042";"B01";"1";"7";"0";"2";"6";"2";"1";""
"202100038930";"132Â 043";"A01";"1";"33";"14";"0";"1";"2";"1";""
"202100038931";"132Â 040";"A01";"1";"7";"0";"2";"1";"9";"1";""
"202100038931";"132Â 041";"B01";"1";"30";"0";"2";"4";"0";"1";""
"202100038932";"132Â 038";"B01";"3";"2";"1";"2";"4";"24";"1";""
"202100038932";"132Â 039";"A01";"3";"7";"1";"0";"1";"24";"1";""
"202100038933";"132Â 036";"B01";"1";"7";"0";"2";"3";"9";"1";""
"202100038933";"132Â 037";"A01";"1";"7";"0";"2";"1";"1";"1";""
"202100038934";"132Â 034";"B01";"1";"7";"0";"2";"7";"1";"1";""
"202100038934";"132Â 035";"A01";"1";"7";"0";"2";"8";"10";"1";""
"202100038935";"132Â 033";"A01";"1";"7";"1";"0";"1";"1";"1";""
"202100038936";"132Â 032";"A01";"0";"7";"0";"1";"1";"1";"1";""
"202100038937";"132Â 030";"B01";"2";"1";"0";"0";"0";"0";"0";""
"202100038937";"132Â 031";"A01";"1";"33";"12";"2";"2";"14";"1";""
"202100038938";"132Â 028";"A01";"1";"30";"0";"2";"8";"19";"1";""
"202100038938";"132Â 029";"B01";"2";"32";"0";"2";"1";"3";"1";""
"202100038939";"132Â 027";"A01";"2";"32";"11";"0";"1";"2";"1";""
"202100038940";"132Â 024";"A01";"1";"31";"0";"2";"1";"5";"1";""
"202100038940";"132Â 025";"C01";"1";"7";"0";"2";"3";"13";"1";""
"202100038940";"132Â 026";"B01";"1";"7";"0";"0";"3";"16";"1";""
"202100038941";"132Â 023";"A01";"3";"7";"0";"1";"1";"9";"1";""
"202100038942";"132Â 022";"A01";"1";"7";"0";"1";"1";"1";"1";""
"202100038943";"132Â 020";"A01";"1";"7";"0";"2";"1";"1";"1";""
"202100038943";"132Â 021";"B01";"1";"7";"0";"2";"4";"1";"1";""
"202100038944";"132Â 019";"A01";"0";"7";"2";"0";"1";"1";"1";""
"202100038945";"132Â 018";"A01";"0";"7";"6";"0";"1";"9";"1";""
"202100038946";"132Â 017";"A01";"1";"31";"1";"0";"7";"21";"1";""
"202100038947";"132Â 016";"A01";"1";"30";"0";"0";"3";"1";"1";""
"202100038948";"132Â 015";"A01";"1";"10";"0";"1";"2";"1";"1";""
"202100038949";"132Â 014";"A01";"1";"34";"0";"0";"8";"26";"1";""
"202100038950";"132Â 013";"A01";"1";"7";"0";"1";"2";"16";"1";""
"202100038951";"132Â 011";"B01";"2";"7";"0";"2";"4";"23";"1";""
"202100038951";"132Â 012";"A01";"2";"30";"0";"2";"1";"1";"0";""
"202100038952";"132Â 010";"A01";"1";"7";"0";"1";"1";"0";"1";""
"202100038953";"132Â 008";"B01";"1";"15";"0";"2";"6";"1";"1";""
"202100038953";"132Â 009";"A01";"1";"7";"0";"2";"2";"11";"1";""
"202100038954";"132Â 007";"A01";"2";"33";"0";"0";"7";"3";"1";""
"202100038955";"132Â 005";"A01";"2";"50";"0";"2";"7";"25";"3";""
"202100038955";"132Â 006";"B01";"1";"60";"0";"2";"1";"25";"5";""
"202100038956";"132Â 004";"A01";"2";"30";"0";"1";"7";"1";"3";""
"202100038957";"132Â 003";"A01";"1";"34";"0";"1";"0";"1";"1";""
"202100038958";"132Â 001";"B01";"2";"1";"0";"2";"5";"1";"5";""
"202100038958";"132Â 002";"A01";"2";"10";"0";"2";"5";"16";"1";""
"202100038959";"131Â 999";"A01";"1";"32";"0";"2";"7";"17";"1";""
"202100038959";"132Â 000";"B01";"1";"10";"0";"2";"3";"15";"1";""
"202100038960";"131Â 998";"A01";"1";"32";"0";"1";"8";"15";"1";""
"202100038961";"131Â 996";"A01";"3";"32";"0";"2";"4";"1";"1";""
"202100038961";"131Â 997";"Z01";"3";"7";"0";"2";"3";"13";"0";""
"202100038962";"131Â 993";"A01";"2";"32";"0";"2";"9";"3";"1";""
"202100038962";"131Â 994";"B01";"2";"13";"0";"2";"5";"23";"1";""
"202100038962";"131Â 995";"C01";"2";"37";"0";"2";"6";"23";"3";"1"
"202100038963";"131Â 992";"A01";"1";"7";"0";"1";"1";"1";"2";""
"202100038964";"131Â 990";"A01";"0";"33";"0";"2";"1";"1";"1";""
"202100038964";"131Â 991";"Z01";"2";"7";"0";"2";"1";"15";"2";""
"202100038965";"131Â 988";"A01";"1";"14";"0";"2";"1";"2";"6";""
"202100038965";"131Â 989";"B01";"1";"7";"0";"2";"4";"2";"1";""
"202100038966";"131Â 987";"A01";"3";"1";"0";"0";"0";"1";"5";""
"202100038967";"131Â 985";"B01";"1";"7";"0";"2";"7";"1";"3";""
"202100038967";"131Â 986";"A01";"1";"30";"0";"2";"2";"20";"1";""
"202100038968";"131Â 984";"A01";"2";"30";"0";"1";"1";"1";"1";""
"202100038969";"131Â 983";"A01";"1";"43";"0";"1";"1";"1";"1";""
"202100038970";"131Â 981";"A01";"1";"1";"0";"2";"7";"5";"5";""
"202100038970";"131Â 982";"Z01";"1";"1";"0";"2";"1";"1";"5";""
"202100038971";"131Â 979";"B01";"2";"50";"0";"2";"1";"1";"3";""
"202100038971";"131Â 980";"A01";"2";"10";"0";"2";"8";"22";"1";""
"202100038972";"131Â 977";"A01";"2";"7";"0";"2";"2";"1";"1";""
"202100038972";"131Â 978";"B01";"2";"32";"0";"2";"1";"1";"1";""
"202100038973";"131Â 976";"A01";"3";"1";"0";"0";"1";"26";"5";""
"202100038974";"131Â 975";"A01";"2";"32";"0";"1";"1";"1";"1";""
"202100038975";"131Â 973";"A01";"1";"10";"0";"9";"2";"12";"1";""
"202100038975";"131Â 974";"B01";"1";"1";"0";"2";"0";"1";"5";""
"202100038976";"131Â 972";"A01";"3";"7";"0";"1";"7";"1";"1";""
"202100038977";"131Â 970";"B01";"1";"7";"0";"2";"5";"1";"1";""
"202100038977";"131Â 971";"A01";"1";"2";"0";"2";"3";"11";"1";""
"202100038978";"131Â 968";"A01";"1";"33";"0";"2";"1";"2";"1";""
"202100038978";"131Â 969";"B01";"1";"7";"0";"9";"7";"20";"1";""
"202100038979";"131Â 967";"A01";"3";"30";"15";"0";"0";"1";"1";""
"202100038980";"131Â 966";"A01";"1";"7";"0";"1";"1";"1";"1";""
"202100038981";"131Â 964";"B01";"2";"7";"0";"2";"4";"0";"1";""
"202100038981";"131Â 965";"A01";"2";"7";"0";"2";"1";"2";"1";""
"202100038982";"131Â 962";"A01";"3";"7";"0";"2";"1";"16";"1";""
"202100038982";"131Â 963";"B01";"0";"7";"0";"2";"7";"1";"1";""
"202100038983";"131Â 960";"B01";"1";"7";"0";"2";"3";"15";"1";""
"202100038983";"131Â 961";"A01";"1";"7";"0";"2";"2";"5";"1";""
"202100038984";"131Â 958";"A01";"2";"34";"0";"2";"1";"1";"1";""
"202100038984";"131Â 959";"B01";"1";"7";"0";"2";"3";"15";"0";""
"202100038985";"131Â 956";"B01";"3";"80";"0";"2";"7";"0";"3";""
"202100038985";"131Â 957";"A01";"3";"7";"0";"2";"3";"26";"1";""
"202100038986";"131Â 954";"B01";"1";"7";"0";"2";"8";"13";"1";""
"202100038986";"131Â 955";"A01";"1";"33";"0";"2";"7";"17";"1";""
"202100038987";"131Â 952";"B01";"1";"7";"0";"2";"6";"2";"1";""
"202100038987";"131Â 953";"A01";"1";"7";"0";"2";"2";"2";"1";""
"202100038988";"131Â 949";"A01";"2";"7";"0";"1";"2";"1";"1";""
"202100038989";"131Â 946";"C01";"3";"10";"1";"2";"2";"0";"0";""
"202100038989";"131Â 947";"B01";"1";"7";"0";"2";"0";"0";"1";""
"202100038989";"131Â 948";"A01";"1";"33";"0";"2";"2";"13";"1";""
"202100038990";"131Â 943";"A01";"0";"7";"1";"0";"1";"2";"1";""
"202100038991";"131Â 942";"A01";"1";"7";"0";"1";"1";"19";"1";""
"202100038992";"131Â 940";"A01";"1";"7";"0";"2";"8";"1";"1";""
"202100038992";"131Â 941";"B01";"2";"7";"0";"2";"8";"1";"2";""
"202100038993";"131Â 939";"A01";"2";"7";"0";"1";"1";"9";"1";""
"202100038994";"131Â 937";"B01";"3";"1";"0";"0";"0";"0";"0";""
"202100038994";"131Â 938";"A01";"3";"30";"0";"0";"0";"0";"0";""
"202100038995";"131Â 935";"B01";"1";"1";"0";"2";"1";"17";"0";""
"202100038995";"131Â 936";"A01";"3";"7";"0";"2";"3";"9";"1";""
"202100038996";"131Â 934";"A01";"2";"7";"0";"1";"4";"26";"1";""
"202100038997";"131Â 933";"A01";"1";"32";"0";"2";"1";"1";"1";""
"202100038998";"131Â 931";"A01";"1";"43";"0";"2";"2";"17";"1";""
"202100038998";"131Â 932";"B01";"1";"1";"0";"2";"6";"13";"5";""
"202100038999";"131Â 930";"C01";"1";"1";"0";"0";"8";"1";"5";""
"202100039000";"131Â 928";"B01";"2";"33";"0";"2";"1";"1";"1";""
"202100039000";"131Â 929";"A01";"1";"7";"0";"2";"5";"1";"1";""
"202100039001";"131Â 926";"A01";"1";"7";"0";"2";"8";"23";"1";""
"202100039001";"131Â 927";"B01";"1";"50";"0";"2";"3";"17";"3";""
"202100039002";"131Â 924";"A01";"1";"1";"0";"2";"3";"19";"5";""
"202100039002";"131Â 925";"Z01";"2";"7";"0";"2";"2";"1";"1";""
"202100039003";"131Â 921";"C01";"1";"7";"0";"2";"0";"0";"1";""
"202100039003";"131Â 922";"B01";"1";"7";"0";"2";"1";"1";"1";""
"202100039003";"131Â 923";"A01";"1";"7";"0";"2";"1";"2";"1";""
"202100039004";"131Â 919";"A01";"2";"33";"0";"2";"1";"1";"1";""
"202100039004";"131Â 920";"B01";"2";"33";"0";"2";"4";"1";"1";""
"202100039005";"131Â 918";"A01";"2";"7";"8";"0";"3";"0";"1";""
"202100039006";"131Â 916";"A01";"3";"7";"0";"2";"8";"15";"1";""
"202100039006";"131Â 917";"B01";"1";"31";"0";"2";"1";"17";"1";""
"202100039007";"131Â 915";"A01";"2";"7";"8";"0";"3";"0";"1";""
"202100039008";"131Â 914";"A01";"2";"7";"15";"0";"1";"20";"1";""
"202100039009";"131Â 912";"B01";"2";"10";"0";"2";"8";"17";"0";""
"202100039009";"131Â 913";"A01";"2";"33";"0";"2";"7";"17";"1";""
"202100039010";"131Â 910";"A01";"2";"7";"0";"2";"1";"17";"1";""
"202100039010";"131Â 911";"B01";"2";"7";"0";"0";"4";"15";"1";""
"202100039011";"131Â 908";"A01";"2";"10";"0";"2";"3";"15";"1";""
"202100039011";"131Â 909";"B01";"1";"33";"0";"2";"1";"1";"1";""
"202100039012";"131Â 907";"A01";"3";"7";"2";"0";"3";"0";"1";""
"202100039013";"131Â 905";"A01";"2";"7";"0";"2";"1";"17";"1";""
"202100039013";"131Â 906";"B01";"1";"7";"0";"2";"1";"1";"1";""
"202100039014";"131Â 904";"A01";"0";"34";"0";"0";"1";"1";"0";""
"202100039015";"131Â 902";"A01";"2";"7";"0";"2";"3";"13";"1";""
"202100039015";"131Â 903";"B01";"1";"37";"0";"2";"3";"1";"1";"16"
"202100039016";"131Â 900";"B01";"2";"7";"0";"2";"3";"1";"1";""
"202100039016";"131Â 901";"A01";"1";"7";"0";"2";"3";"5";"1";""
"202100039017";"131Â 899";"A01";"1";"7";"2";"0";"4";"1";"1";""
"202100039018";"131Â 898";"A01";"3";"7";"15";"0";"2";"1";"1";""
"202100039019";"131Â 897";"A01";"2";"7";"2";"0";"1";"0";"1";""
"202100039020";"131Â 896";"A01";"2";"36";"2";"0";"1";"1";"1";""
"202100039021";"131Â 894";"A01";"1";"7";"9";"2";"7";"1";"1";""
"202100039021";"131Â 895";"B01";"1";"7";"0";"2";"1";"1";"1";""
"202100039022";"131Â 892";"B01";"3";"7";"0";"9";"6";"15";"0";""
"202100039022";"131Â 893";"A01";"3";"1";"0";"2";"4";"16";"6";""
"202100039023";"131Â 891";"A01";"1";"7";"2";"0";"1";"14";"6";""
"202100039024";"131Â 890";"A01";"2";"7";"6";"0";"1";"1";"1";""
"202100039025";"131Â 888";"A01";"2";"7";"0";"2";"3";"17";"1";""
"202100039025";"131Â 889";"B01";"1";"7";"0";"2";"3";"21";"1";""
"202100039026";"131Â 886";"B01";"1";"33";"0";"2";"1";"1";"1";""
"202100039026";"131Â 887";"A01";"2";"7";"0";"2";"8";"15";"1";""
"202100039027";"131Â 885";"A01";"2";"7";"13";"0";"1";"1";"1";""
"202100039028";"131Â 883";"B01";"2";"7";"0";"9";"3";"1";"1";""
"202100039028";"131Â 884";"A01";"2";"1";"0";"2";"7";"12";"0";""
"202100039029";"131Â 882";"A01";"2";"33";"0";"0";"0";"1";"1";""
"202100039030";"131Â 881";"A01";"1";"7";"7";"0";"1";"1";"1";""
"202100039031";"131Â 879";"A01";"1";"7";"0";"0";"2";"0";"1";""
"202100039031";"131Â 880";"B01";"2";"1";"0";"2";"1";"0";"5";""
"202100039032";"131Â 877";"A01";"1";"7";"6";"2";"3";"13";"1";""
"202100039032";"131Â 878";"B01";"2";"33";"0";"2";"1";"13";"1";""
"202100039033";"131Â 876";"A01";"0";"7";"1";"0";"3";"1";"1";""
"202100039034";"131Â 874";"A01";"1";"7";"0";"2";"7";"16";"1";""
"202100039034";"131Â 875";"B01";"1";"33";"0";"2";"1";"18";"1";""
"202100039035";"131Â 873";"A01";"3";"33";"13";"0";"0";"21";"1";""
"202100039036";"131Â 871";"A01";"1";"7";"0";"2";"2";"19";"1";""
"202100039036";"131Â 872";"B01";"1";"7";"0";"2";"3";"1";"1";""
"202100039037";"131Â 869";"A01";"0";"7";"0";"2";"6";"19";"1";""
"202100039037";"131Â 870";"B01";"0";"33";"0";"2";"8";"19";"1";""
"202100039038";"131Â 865";"A01";"3";"7";"0";"0";"0";"1";"1";""
"202100039039";"131Â 863";"A01";"2";"33";"1";"0";"3";"13";"1";""
"202100039040";"131Â 859";"B01";"1";"7";"0";"2";"4";"1";"1";""
"202100039040";"131Â 860";"C01";"1";"7";"0";"2";"4";"1";"1";""
"202100039040";"131Â 861";"D01";"1";"7";"0";"2";"1";"1";"1";""
"202100039040";"131Â 862";"A01";"1";"7";"0";"2";"4";"1";"1";""
"202100039041";"131Â 857";"B01";"1";"10";"0";"2";"1";"2";"1";""
"202100039041";"131Â 858";"A01";"1";"7";"0";"2";"4";"2";"1";""
"202100039042";"131Â 850";"A01";"1";"7";"0";"2";"2";"0";"1";""
"202100039042";"131Â 851";"B01";"1";"7";"0";"2";"6";"0";"1";""
"202100039042";"131Â 852";"C01";"1";"7";"0";"2";"4";"1";"1";""
"202100039042";"131Â 853";"D01";"1";"15";"0";"2";"8";"1";"1";""
"202100039043";"131Â 848";"A01";"2";"7";"0";"2";"8";"11";"1";""
"202100039043";"131Â 849";"B01";"2";"33";"0";"2";"1";"3";"1";""
"202100039044";"131Â 845";"A01";"2";"7";"0";"2";"0";"12";"1";""
"202100039044";"131Â 846";"B01";"2";"33";"0";"2";"1";"21";"1";""
"202100039044";"131Â 847";"C01";"2";"15";"0";"2";"4";"1";"1";""
"202100039045";"131Â 842";"B01";"1";"33";"0";"2";"3";"3";"1";""
"202100039045";"131Â 843";"A01";"1";"7";"0";"2";"2";"12";"1";""
"202100039045";"131Â 844";"C01";"1";"7";"0";"2";"6";"1";"2";""
"202100039046";"131Â 840";"B01";"1";"7";"0";"2";"1";"1";"1";""
"202100039046";"131Â 841";"A01";"1";"7";"4";"2";"8";"12";"1";""
"202100039047";"131Â 838";"A01";"1";"7";"0";"2";"5";"12";"1";""
"202100039047";"131Â 839";"B01";"1";"33";"0";"2";"8";"3";"1";""
"202100039048";"131Â 836";"B01";"2";"10";"0";"2";"4";"1";"1";""
"202100039048";"131Â 837";"A01";"2";"33";"0";"2";"1";"1";"1";""
"202100039049";"131Â 834";"A01";"1";"7";"0";"2";"1";"26";"1";""
"202100039049";"131Â 835";"B01";"1";"7";"0";"2";"4";"0";"1";""
"202100039050";"131Â 832";"A01";"1";"33";"4";"2";"1";"3";"1";""
"202100039050";"131Â 833";"B01";"1";"7";"4";"2";"6";"11";"1";""
"202100039051";"131Â 830";"B01";"2";"14";"0";"2";"1";"2";"1";""
"202100039051";"131Â 831";"A01";"2";"17";"0";"2";"4";"2";"1";""
"202100039052";"131Â 829";"A01";"2";"7";"4";"0";"1";"9";"1";""
"202100039053";"131Â 826";"B01";"3";"7";"0";"2";"1";"9";"1";""
"202100039053";"131Â 827";"A01";"3";"7";"0";"2";"3";"15";"1";""
"202100039054";"131Â 824";"A01";"0";"7";"0";"1";"2";"1";"1";""
"202100039055";"131Â 822";"B01";"2";"7";"0";"2";"2";"16";"1";""
"202100039055";"131Â 823";"A01";"0";"1";"12";"2";"8";"1";"5";""
"202100039056";"131Â 821";"A01";"1";"7";"0";"1";"2";"9";"1";""
"202100039057";"131Â 820";"A01";"2";"7";"0";"1";"1";"1";"1";""
"202100039058";"131Â 819";"A01";"3";"37";"0";"0";"0";"26";"1";"3"
"202100039059";"131Â 817";"B01";"2";"7";"0";"2";"3";"15";"1";""
"202100039059";"131Â 818";"A01";"2";"7";"8";"2";"2";"17";"1";""
"202100039060";"131Â 815";"B01";"1";"31";"0";"2";"3";"1";"3";""
"202100039060";"131Â 816";"A01";"2";"7";"0";"2";"1";"19";"1";""
"202100039061";"131Â 813";"B01";"1";"1";"0";"2";"8";"15";"5";""
"202100039061";"131Â 814";"A01";"2";"7";"0";"9";"4";"4";"3";""
"202100039062";"131Â 811";"B01";"2";"1";"0";"4";"1";"19";"5";""
"202100039062";"131Â 812";"A01";"0";"40";"0";"2";"2";"1";"0";""
"202100039063";"131Â 810";"A01";"1";"7";"0";"1";"2";"2";"1";""
"202100039064";"131Â 808";"A01";"1";"7";"1";"0";"1";"2";"1";""
"202100039064";"131Â 809";"B01";"1";"7";"1";"0";"4";"2";"1";""
"202100039065";"131Â 807";"A01";"2";"7";"1";"0";"2";"1";"1";""
"202100039066";"131Â 805";"Z01";"2";"10";"0";"2";"1";"16";"0";""
"202100039066";"131Â 806";"B01";"1";"1";"0";"2";"8";"19";"5";""
"202100039067";"131Â 804";"A01";"3";"10";"0";"1";"3";"26";"1";""
"202100039068";"131Â 803";"A01";"1";"7";"8";"0";"1";"14";"1";""
"202100039069";"131Â 802";"A01";"2";"7";"0";"1";"2";"1";"1";""
"202100039070";"131Â 800";"A01";"1";"7";"0";"2";"1";"0";"1";""
"202100039070";"131Â 801";"B01";"3";"33";"0";"2";"4";"16";"1";""
"202100039071";"131Â 798";"B01";"3";"1";"0";"2";"1";"1";"5";""
"202100039071";"131Â 799";"A01";"3";"7";"0";"9";"7";"1";"1";""
"202100039072";"131Â 796";"A01";"1";"10";"0";"2";"5";"1";"1";""
"202100039072";"131Â 797";"B01";"2";"80";"0";"2";"1";"1";"3";""
"202100039073";"131Â 794";"B01";"2";"10";"0";"2";"2";"12";"1";""
"202100039073";"131Â 795";"A01";"2";"33";"0";"2";"1";"3";"1";""
"202100039074";"131Â 792";"B01";"2";"7";"0";"2";"3";"1";"1";""
"202100039074";"131Â 793";"A01";"0";"50";"0";"2";"1";"19";"3";""
"202100039075";"131Â 791";"A01";"1";"32";"12";"0";"1";"14";"1";""
"202100039076";"131Â 789";"A01";"1";"7";"0";"2";"2";"15";"1";""
"202100039076";"131Â 790";"B01";"2";"7";"0";"2";"2";"1";"1";""
"202100039077";"131Â 788";"A01";"1";"7";"0";"1";"1";"19";"1";""
"202100039078";"131Â 785";"B01";"0";"7";"0";"2";"4";"2";"1";""
"202100039078";"131Â 786";"A01";"0";"7";"0";"2";"1";"2";"1";""
"202100039078";"131Â 787";"C01";"0";"10";"0";"2";"4";"2";"1";""
"202100039079";"131Â 782";"C01";"0";"7";"0";"2";"4";"2";"1";""
"202100039079";"131Â 783";"B01";"0";"7";"0";"2";"4";"1";"1";""
"202100039079";"131Â 784";"A01";"0";"7";"0";"2";"1";"2";"1";""
"202100039080";"131Â 779";"A01";"3";"7";"0";"1";"0";"1";"1";""
"202100039081";"131Â 778";"A01";"2";"7";"2";"0";"3";"13";"1";""
"202100039082";"131Â 776";"A01";"3";"30";"0";"2";"1";"5";"1";""
"202100039082";"131Â 777";"B01";"3";"7";"0";"2";"3";"1";"1";""
"202100039083";"131Â 774";"A01";"3";"30";"0";"2";"2";"1";"1";""
"202100039083";"131Â 775";"B01";"3";"7";"0";"2";"8";"9";"1";""
"202100039084";"131Â 773";"A01";"1";"7";"0";"1";"1";"1";"1";""
"202100039085";"131Â 769";"B01";"2";"7";"0";"2";"5";"23";"1";""
"202100039085";"131Â 770";"A01";"2";"30";"0";"2";"1";"1";"0";""
"202100039086";"131Â 767";"Z01";"2";"7";"0";"2";"1";"15";"1";""
"202100039086";"131Â 768";"A01";"1";"1";"0";"2";"7";"19";"5";""
"202100039087";"131Â 765";"A01";"1";"7";"0";"2";"1";"1";"1";""
"202100039087";"131Â 766";"B01";"1";"7";"0";"2";"4";"1";"1";""
"202100039088";"131Â 763";"B01";"1";"7";"0";"2";"1";"1";"1";""
"202100039088";"131Â 764";"A01";"2";"7";"0";"2";"1";"13";"1";""
"202100039089";"131Â 761";"B01";"1";"7";"0";"2";"4";"1";"1";""
"202100039089";"131Â 762";"A01";"1";"32";"0";"2";"1";"1";"1";""
"202100039090";"131Â 759";"B01";"2";"7";"0";"2";"1";"1";"1";""
"202100039090";"131Â 760";"A01";"2";"1";"0";"2";"6";"19";"5";""
"202100039091";"131Â 757";"B01";"2";"7";"0";"2";"6";"1";"1";""
"202100039091";"131Â 758";"A01";"1";"7";"0";"2";"1";"10";"1";""
"202100039092";"131Â 755";"B01";"2";"31";"0";"2";"1";"17";"1";""
"202100039092";"131Â 756";"A01";"2";"7";"0";"2";"3";"15";"1";""
"202100039093";"131Â 753";"A01";"1";"7";"0";"2";"3";"19";"1";""
"202100039093";"131Â 754";"B01";"2";"31";"0";"2";"1";"17";"1";""
"202100039094";"131Â 752";"A01";"3";"30";"14";"0";"8";"11";"1";""