"Num_Acc";"id_vehicule";"num_veh";"senc";"catv";"obs";"obsm";"choc";"manv";"motor";"occutc"
"202100039095";"131Â 750";"B01";"3";"7";"0";"2";"3";"1";"1";""
"202100039095";"131Â 751";"A01";"3";"30";"0";"2";"1";"15";"1";""
"202100039096";"131Â 748";"A01";"2";"7";"0";"2";"2";"15";"1";""
"202100039096";"131Â 749";"B01";"1";"31";"0";"2";"1";"1";"1";""
"202100039097";"131Â 746";"B01";"2";"7";"0";"2";"4";"23";"1";""
"202100039097";"131Â 747";"A01";"2";"10";"0";"2";"1";"2";"1";""
"202100039098";"131Â 745";"A01";"1";"7";"0";"1";"1";"1";"1";""
"202100039099";"131Â 743";"B01";"2";"7";"0";"2";"2";"1";"1";""
"202100039099";"131Â 744";"A01";"2";"50";"0";"2";"1";"16";"3";""
"202100039100";"131Â 741";"B01";"1";"7";"0";"2";"1";"1";"1";""
"202100039100";"131Â 742";"A01";"1";"7";"0";"2";"7";"1";"1";""
"202100039101";"131Â 740";"A01";"3";"7";"1";"0";"1";"1";"1";""
"202100039102";"131Â 739";"A01";"1";"7";"0";"1";"3";"0";"1";""
"202100039103";"131Â 737";"B01";"1";"34";"0";"2";"2";"1";"1";""
"202100039103";"131Â 738";"A01";"0";"7";"0";"2";"3";"15";"1";""
"202100039104";"131Â 736";"A01";"1";"7";"0";"1";"1";"1";"1";""
"202100039105";"131Â 734";"A01";"1";"7";"0";"2";"8";"10";"1";""
"202100039105";"131Â 735";"B01";"1";"2";"0";"2";"1";"1";"1";""
"202100039106";"131Â 731";"Z01";"1";"7";"0";"2";"3";"5";"1";""
"202100039106";"131Â 732";"B01";"3";"7";"0";"2";"3";"1";"1";""
"202100039106";"131Â 733";"A01";"1";"7";"0";"2";"3";"1";"1";""
"202100039107";"131Â 729";"A01";"3";"7";"0";"2";"2";"12";"1";""
"202100039107";"131Â 730";"B01";"3";"7";"0";"2";"3";"16";"1";""
"202100039108";"131Â 726";"C01";"1";"7";"0";"2";"8";"1";"1";""
"202100039108";"131Â 727";"B01";"2";"7";"0";"2";"8";"1";"1";""
"202100039108";"131Â 728";"A01";"1";"7";"0";"2";"3";"21";"1";""
"202100039109";"131Â 723";"A01";"2";"7";"0";"1";"1";"1";"1";""
"202100039110";"131Â 721";"B01";"3";"1";"0";"2";"3";"1";"5";""
"202100039110";"131Â 722";"A01";"3";"7";"0";"2";"3";"23";"1";""
"202100039111";"131Â 720";"A01";"1";"13";"0";"1";"2";"15";"1";""
"202100039112";"131Â 718";"A01";"2";"30";"0";"4";"7";"19";"1";""
"202100039112";"131Â 719";"B01";"0";"40";"0";"2";"3";"1";"3";""
"202100039113";"131Â 716";"A01";"3";"0";"0";"1";"0";"2";"0";""
"202100039114";"131Â 714";"B01";"2";"33";"0";"2";"1";"1";"1";""
"202100039114";"131Â 715";"A01";"1";"7";"0";"2";"2";"15";"1";""
"202100039115";"131Â 713";"A01";"2";"7";"0";"5";"1";"1";"1";""
"202100039116";"131Â 712";"A01";"3";"7";"8";"0";"3";"13";"1";""
"202100039117";"131Â 708";"A01";"1";"10";"0";"1";"3";"15";"1";""
"202100039118";"131Â 704";"B01";"1";"1";"0";"2";"1";"0";"5";""
"202100039118";"131Â 705";"A01";"1";"7";"0";"2";"1";"1";"1";""
"202100039119";"131Â 702";"B01";"3";"7";"0";"2";"3";"1";"1";""
"202100039119";"131Â 703";"A01";"3";"1";"0";"2";"1";"15";"5";""
"202100039120";"131Â 701";"A01";"3";"33";"0";"0";"2";"26";"1";""
"202100039121";"131Â 699";"B01";"2";"7";"0";"2";"7";"1";"1";""
"202100039121";"131Â 700";"A01";"1";"7";"0";"2";"1";"9";"1";""
"202100039122";"131Â 697";"B01";"0";"7";"0";"2";"1";"1";"1";""
"202100039122";"131Â 698";"A01";"0";"2";"0";"2";"1";"13";"1";""
"202100039123";"131Â 696";"A01";"1";"30";"0";"0";"3";"1";"1";""
"202100039124";"131Â 694";"A01";"0";"7";"0";"0";"0";"0";"0";""
"202100039124";"131Â 695";"B01";"0";"60";"0";"0";"0";"0";"5";""
"202100039125";"131Â 692";"A01";"3";"7";"0";"9";"3";"15";"1";""
"202100039125";"131Â 693";"B01";"3";"1";"0";"2";"3";"1";"6";""
"202100039126";"131Â 690";"A01";"1";"7";"0";"2";"1";"2";"1";""
"202100039126";"131Â 691";"B01";"1";"50";"0";"2";"8";"16";"3";""
"202100039127";"131Â 688";"B01";"2";"7";"0";"2";"0";"0";"1";""
"202100039127";"131Â 689";"A01";"1";"1";"0";"2";"0";"1";"5";""
"202100039128";"131Â 687";"A01";"1";"7";"0";"1";"2";"2";"1";""
"202100039129";"131Â 685";"B01";"1";"99";"0";"2";"6";"1";"1";""
"202100039129";"131Â 686";"A01";"2";"7";"0";"2";"1";"19";"1";""
"202100039130";"131Â 683";"A01";"3";"7";"1";"9";"1";"13";"1";""
"202100039130";"131Â 684";"B01";"3";"7";"0";"9";"0";"26";"1";""
"202100039131";"131Â 681";"A01";"1";"7";"0";"2";"1";"1";"3";""
"202100039131";"131Â 682";"B01";"1";"43";"0";"2";"7";"1";"1";""
"202100039132";"131Â 680";"Z01";"2";"7";"0";"1";"0";"26";"0";""
"202100039133";"131Â 677";"A01";"1";"33";"0";"2";"3";"3";"1";""
"202100039133";"131Â 678";"C01";"1";"7";"0";"2";"3";"1";"2";""
"202100039133";"131Â 679";"B01";"1";"10";"0";"2";"5";"1";"1";""
"202100039134";"131Â 675";"B01";"2";"10";"0";"2";"7";"12";"1";""
"202100039134";"131Â 676";"A01";"2";"33";"0";"2";"3";"3";"1";""
"202100039135";"131Â 673";"A01";"1";"32";"0";"2";"1";"2";"1";""
"202100039135";"131Â 674";"B01";"1";"7";"0";"2";"4";"2";"1";""
"202100039136";"131Â 671";"B01";"2";"34";"0";"2";"3";"3";"1";""
"202100039136";"131Â 672";"A01";"2";"7";"0";"2";"5";"14";"1";""
"202100039137";"131Â 669";"A01";"3";"33";"0";"2";"1";"5";"1";""
"202100039137";"131Â 670";"B01";"3";"32";"0";"2";"8";"15";"1";""
"202100039138";"131Â 666";"A01";"1";"7";"0";"2";"5";"15";"1";""
"202100039138";"131Â 667";"B01";"1";"7";"0";"2";"1";"21";"1";""
"202100039138";"131Â 668";"C01";"2";"2";"0";"2";"1";"1";"1";""
"202100039139";"131Â 664";"A01";"1";"30";"0";"2";"1";"2";"1";""
"202100039139";"131Â 665";"B01";"1";"7";"0";"2";"5";"23";"1";""
"202100039140";"131Â 662";"Z01";"1";"2";"0";"2";"2";"17";"1";""
"202100039140";"131Â 663";"A01";"1";"1";"0";"2";"6";"15";"5";""
"202100039141";"131Â 660";"A01";"1";"1";"0";"2";"5";"15";"5";""
"202100039141";"131Â 661";"B01";"2";"2";"0";"2";"1";"1";"1";""
"202100039142";"131Â 659";"A01";"2";"7";"1";"1";"1";"1";"2";""
"202100039143";"131Â 657";"A01";"2";"34";"0";"2";"1";"17";"1";""
"202100039143";"131Â 658";"B01";"2";"32";"0";"2";"3";"15";"1";""
"202100039144";"131Â 655";"A01";"1";"60";"0";"2";"8";"19";"5";""
"202100039144";"131Â 656";"Z01";"1";"7";"0";"2";"1";"16";"1";""
"202100039145";"131Â 653";"B01";"1";"10";"0";"2";"4";"2";"1";""
"202100039145";"131Â 654";"A01";"1";"1";"0";"2";"1";"2";"5";""
"202100039146";"131Â 651";"B01";"2";"32";"0";"2";"7";"1";"1";""
"202100039146";"131Â 652";"A01";"2";"10";"0";"2";"3";"22";"1";""
"202100039147";"131Â 649";"B01";"2";"10";"0";"2";"2";"1";"3";""
"202100039147";"131Â 650";"A01";"1";"1";"0";"2";"0";"13";"5";""
"202100039148";"131Â 648";"A01";"2";"1";"0";"1";"8";"1";"5";""
"202100039149";"131Â 646";"B01";"1";"7";"0";"2";"1";"1";"1";""
"202100039149";"131Â 647";"A01";"3";"10";"0";"2";"4";"20";"1";""
"202100039150";"131Â 644";"A01";"3";"33";"0";"2";"1";"17";"1";""
"202100039150";"131Â 645";"B01";"3";"10";"0";"2";"6";"15";"1";""
"202100039151";"131Â 642";"B01";"2";"7";"0";"2";"0";"0";"1";""
"202100039151";"131Â 643";"A01";"2";"2";"0";"2";"1";"11";"1";""
"202100039152";"131Â 641";"A01";"2";"7";"0";"2";"4";"16";"1";""
"202100039153";"131Â 638";"C01";"2";"7";"0";"2";"4";"1";"1";""
"202100039153";"131Â 639";"B01";"2";"7";"0";"2";"4";"1";"1";""
"202100039153";"131Â 640";"A01";"2";"7";"0";"2";"1";"1";"1";""
"202100039154";"131Â 636";"B01";"3";"7";"0";"2";"3";"0";"1";""
"202100039154";"131Â 637";"A01";"3";"7";"0";"2";"3";"13";"1";""
"202100039155";"131Â 634";"B01";"1";"32";"0";"2";"1";"2";"1";""
"202100039155";"131Â 635";"A01";"1";"7";"0";"2";"6";"10";"1";""
"202100039156";"131Â 633";"A01";"0";"7";"0";"1";"1";"1";"0";""
"202100039157";"131Â 632";"A01";"3";"7";"1";"1";"3";"26";"1";""
"202100039158";"131Â 631";"A01";"1";"10";"0";"1";"2";"26";"1";""
"202100039159";"131Â 629";"B01";"1";"7";"0";"2";"3";"15";"0";""
"202100039159";"131Â 630";"A01";"2";"30";"0";"2";"7";"17";"1";""
"202100039160";"131Â 628";"A01";"2";"7";"0";"1";"0";"1";"1";""
"202100039161";"131Â 625";"C01";"0";"7";"0";"2";"1";"1";"1";""
"202100039161";"131Â 626";"A01";"0";"7";"0";"2";"0";"1";"1";""
"202100039161";"131Â 627";"B01";"0";"37";"0";"2";"1";"1";"1";"2"
"202100039162";"131Â 623";"A01";"2";"30";"0";"2";"1";"2";"1";""
"202100039162";"131Â 624";"B01";"2";"10";"0";"2";"6";"23";"1";""
"202100039163";"131Â 621";"B01";"1";"2";"0";"2";"7";"16";"1";""
"202100039163";"131Â 622";"A01";"2";"10";"0";"2";"1";"16";"1";""
"202100039164";"131Â 619";"B01";"2";"7";"0";"2";"6";"23";"1";""
"202100039164";"131Â 620";"A01";"2";"2";"0";"2";"1";"1";"1";""
"202100039165";"131Â 617";"A01";"2";"7";"0";"2";"2";"15";"1";""
"202100039165";"131Â 618";"B01";"1";"1";"0";"2";"8";"1";"6";""
"202100039166";"131Â 616";"A01";"2";"7";"0";"1";"4";"4";"1";""
"202100039167";"131Â 613";"C01";"2";"7";"0";"2";"4";"1";"2";""
"202100039167";"131Â 614";"B01";"2";"43";"0";"2";"4";"2";"1";""
"202100039167";"131Â 615";"A01";"2";"7";"0";"2";"1";"2";"1";""
"202100039168";"131Â 611";"B01";"2";"50";"0";"2";"1";"1";"3";""
"202100039168";"131Â 612";"A01";"2";"7";"0";"2";"3";"20";"1";""
"202100039169";"131Â 610";"A01";"1";"10";"2";"0";"3";"13";"1";""
"202100039170";"131Â 609";"A01";"1";"7";"7";"0";"3";"0";"1";""
"202100039171";"131Â 605";"B01";"1";"7";"0";"2";"4";"2";"1";""
"202100039171";"131Â 606";"C01";"1";"7";"0";"2";"4";"2";"1";""
"202100039171";"131Â 607";"D01";"1";"7";"0";"2";"4";"2";"1";""
"202100039171";"131Â 608";"A01";"1";"7";"0";"2";"1";"2";"1";""
"202100039172";"131Â 601";"A01";"1";"7";"0";"2";"4";"11";"1";""
"202100039172";"131Â 602";"B01";"2";"7";"0";"2";"1";"1";"1";""
"202100039173";"131Â 600";"A01";"0";"1";"0";"0";"8";"2";"5";""
"202100039174";"131Â 599";"A01";"2";"33";"13";"0";"8";"1";"1";""
"202100039175";"131Â 597";"B01";"2";"10";"0";"9";"3";"1";"1";""
"202100039175";"131Â 598";"A01";"1";"1";"0";"2";"8";"19";"5";""
"202100039176";"131Â 594";"C01";"1";"10";"0";"2";"4";"2";"1";""
"202100039176";"131Â 595";"B01";"1";"10";"0";"2";"4";"2";"1";""
"202100039176";"131Â 596";"A01";"1";"10";"0";"2";"1";"2";"1";""
"202100039177";"131Â 593";"A01";"1";"10";"0";"1";"2";"1";"1";""
"202100039178";"131Â 592";"A01";"2";"33";"0";"6";"3";"14";"1";""
"202100039179";"131Â 591";"A01";"2";"7";"13";"0";"9";"1";"1";""
"202100039180";"131Â 590";"A01";"3";"60";"0";"0";"0";"0";"5";""
"202100039181";"131Â 589";"A01";"2";"7";"2";"0";"1";"1";"1";""
"202100039182";"131Â 587";"A01";"2";"3";"0";"2";"3";"13";"1";""
"202100039182";"131Â 588";"B01";"1";"17";"0";"2";"3";"1";"1";""
"202100039183";"131Â 586";"A01";"1";"7";"0";"0";"1";"1";"1";""
"202100039184";"131Â 585";"A01";"2";"7";"6";"0";"3";"2";"1";""
"202100039185";"131Â 583";"B01";"1";"10";"0";"2";"1";"1";"1";""
"202100039185";"131Â 584";"A01";"2";"7";"0";"2";"3";"19";"1";""
"202100039186";"131Â 582";"A01";"2";"15";"0";"1";"1";"9";"1";""
"202100039187";"131Â 581";"A01";"3";"7";"13";"0";"3";"2";"1";""
"202100039188";"131Â 579";"A01";"1";"33";"0";"2";"1";"1";"1";""
"202100039188";"131Â 580";"B01";"2";"7";"0";"2";"3";"1";"1";""
"202100039189";"131Â 577";"B01";"1";"1";"0";"2";"1";"1";"5";""
"202100039189";"131Â 578";"A01";"2";"7";"0";"2";"2";"15";"1";""
"202100039190";"131Â 575";"A01";"3";"7";"0";"2";"3";"1";"1";""
"202100039190";"131Â 576";"B01";"3";"7";"0";"2";"3";"13";"1";""
"202100039191";"131Â 574";"A01";"2";"7";"5";"0";"1";"1";"1";""
"202100039192";"131Â 572";"A01";"1";"2";"0";"2";"2";"17";"1";""
"202100039192";"131Â 573";"B01";"1";"7";"0";"2";"8";"15";"1";""
"202100039193";"131Â 567";"B01";"1";"14";"15";"2";"1";"13";"1";""
"202100039193";"131Â 568";"A01";"2";"7";"0";"2";"1";"17";"1";""
"202100039193";"131Â 569";"D01";"2";"10";"0";"0";"8";"1";"6";""
"202100039193";"131Â 570";"C01";"2";"15";"0";"0";"6";"0";"1";""
"202100039194";"131Â 565";"A01";"1";"7";"0";"2";"1";"1";"1";""
"202100039194";"131Â 566";"B01";"3";"7";"7";"2";"6";"19";"1";""
"202100039195";"131Â 563";"A01";"2";"7";"0";"2";"1";"15";"1";""
"202100039195";"131Â 564";"B01";"2";"7";"0";"2";"4";"15";"1";""
"202100039196";"131Â 562";"A01";"1";"7";"0";"1";"7";"1";"1";""
"202100039197";"131Â 560";"A01";"2";"10";"0";"0";"9";"0";"1";""
"202100039197";"131Â 561";"B01";"1";"7";"4";"0";"9";"0";"1";""
"202100039198";"131Â 559";"A01";"1";"7";"13";"0";"3";"1";"1";""
"202100039199";"131Â 557";"B01";"2";"7";"0";"2";"1";"1";"1";""
"202100039199";"131Â 558";"A01";"1";"7";"0";"2";"7";"5";"1";""
"202100039200";"131Â 555";"B01";"2";"7";"0";"2";"2";"1";"1";""
"202100039200";"131Â 556";"A01";"2";"7";"0";"2";"6";"11";"1";""
"202100039201";"131Â 552";"B01";"1";"7";"0";"2";"3";"1";"1";""
"202100039201";"131Â 553";"A01";"1";"33";"0";"2";"6";"11";"1";""
"202100039201";"131Â 554";"C01";"1";"7";"3";"0";"2";"1";"1";""
"202100039202";"131Â 550";"A01";"1";"7";"13";"2";"2";"1";"1";""
"202100039202";"131Â 551";"B01";"1";"15";"0";"2";"8";"1";"0";""
"202100039203";"131Â 548";"B01";"2";"17";"0";"2";"3";"1";"1";""
"202100039203";"131Â 549";"A01";"1";"33";"0";"2";"3";"13";"1";""
"202100039204";"131Â 546";"B01";"2";"34";"0";"2";"1";"21";"1";""
"202100039204";"131Â 547";"A01";"1";"7";"0";"2";"1";"15";"1";""
"202100039205";"131Â 544";"B01";"1";"7";"0";"0";"4";"1";"1";""
"202100039205";"131Â 545";"A01";"1";"33";"0";"0";"1";"1";"1";""
"202100039206";"131Â 542";"B01";"1";"7";"0";"2";"1";"1";"1";""
"202100039206";"131Â 543";"A01";"2";"7";"0";"2";"5";"19";"1";""
"202100039207";"131Â 540";"B01";"2";"33";"0";"2";"7";"17";"1";""
"202100039207";"131Â 541";"A01";"2";"20";"0";"0";"8";"15";"1";""
"202100039208";"131Â 539";"A01";"1";"2";"0";"0";"2";"1";"1";""
"202100039209";"131Â 537";"B01";"1";"7";"0";"2";"8";"13";"1";""
"202100039209";"131Â 538";"A01";"1";"33";"2";"2";"2";"17";"1";""
"202100039210";"131Â 535";"A01";"1";"7";"0";"2";"1";"13";"1";""
"202100039210";"131Â 536";"B01";"2";"15";"0";"2";"1";"1";"1";""
"202100039211";"131Â 533";"B01";"2";"7";"0";"2";"1";"1";"1";""
"202100039211";"131Â 534";"A01";"1";"7";"0";"2";"1";"13";"1";""
"202100039212";"131Â 531";"B01";"2";"7";"0";"2";"1";"1";"1";""
"202100039212";"131Â 532";"A01";"1";"7";"0";"2";"1";"13";"1";""
"202100039213";"131Â 529";"A01";"1";"17";"0";"2";"3";"1";"1";""
"202100039213";"131Â 530";"B01";"2";"3";"0";"2";"3";"1";"1";""
"202100039214";"131Â 528";"A01";"1";"7";"0";"1";"2";"1";"1";""
"202100039215";"131Â 527";"A01";"2";"2";"0";"0";"1";"13";"1";""
"202100039216";"131Â 525";"A01";"1";"7";"0";"2";"3";"13";"1";""
"202100039216";"131Â 526";"B01";"2";"33";"0";"2";"8";"1";"1";""
"202100039217";"131Â 523";"A01";"2";"7";"0";"2";"3";"13";"1";""
"202100039217";"131Â 524";"B01";"1";"17";"0";"2";"3";"1";"0";""
"202100039218";"131Â 520";"A01";"1";"33";"0";"5";"1";"1";"1";""
"202100039219";"131Â 519";"A01";"3";"7";"0";"1";"3";"15";"1";""
"202100039220";"131Â 518";"A01";"3";"2";"8";"0";"1";"14";"1";""
"202100039221";"131Â 516";"B01";"2";"7";"0";"2";"1";"1";"1";""
"202100039221";"131Â 517";"A01";"1";"7";"0";"2";"1";"21";"1";""
"202100039222";"131Â 512";"A01";"1";"33";"0";"2";"1";"13";"1";""
"202100039222";"131Â 513";"B01";"2";"7";"0";"2";"2";"1";"1";""
"202100039223";"131Â 510";"A01";"1";"7";"0";"2";"4";"2";"1";""
"202100039223";"131Â 511";"B01";"1";"7";"0";"2";"1";"2";"1";""
"202100039224";"131Â 508";"B01";"2";"7";"0";"2";"5";"12";"1";""
"202100039224";"131Â 509";"A01";"2";"33";"0";"2";"1";"1";"1";""
"202100039225";"131Â 507";"A01";"2";"7";"0";"2";"1";"14";"1";""
"202100039226";"131Â 505";"A01";"1";"10";"0";"2";"4";"1";"1";""
"202100039226";"131Â 506";"B01";"1";"32";"0";"2";"1";"3";"1";""
"202100039227";"131Â 503";"A01";"1";"7";"0";"2";"3";"9";"1";""
"202100039227";"131Â 504";"B01";"1";"33";"0";"2";"7";"1";"1";""
"202100039228";"131Â 500";"A01";"2";"7";"0";"2";"5";"2";"1";""
"202100039228";"131Â 501";"B01";"2";"7";"0";"2";"4";"2";"1";""
"202100039228";"131Â 502";"C01";"2";"7";"0";"2";"1";"2";"1";""
"202100039229";"131Â 496";"D01";"2";"7";"0";"2";"1";"1";"1";""
"202100039229";"131Â 497";"C01";"2";"10";"0";"2";"1";"1";"1";""
"202100039229";"131Â 498";"B01";"2";"7";"0";"2";"4";"23";"1";""
"202100039229";"131Â 499";"A01";"2";"7";"0";"2";"4";"23";"1";""
"202100039230";"131Â 495";"A01";"2";"33";"14";"0";"0";"26";"1";""
"202100039231";"131Â 493";"A01";"2";"10";"0";"2";"0";"0";"1";""
"202100039231";"131Â 494";"B01";"2";"7";"0";"2";"0";"0";"1";""
"202100039232";"131Â 489";"D01";"1";"7";"0";"2";"0";"26";"1";""
"202100039232";"131Â 490";"C01";"1";"7";"0";"0";"4";"0";"1";""
"202100039232";"131Â 491";"B01";"1";"7";"0";"2";"9";"0";"1";""
"202100039232";"131Â 492";"A01";"1";"7";"0";"2";"1";"26";"1";""
"202100039233";"131Â 486";"C01";"1";"7";"0";"2";"4";"26";"1";""
"202100039233";"131Â 487";"B01";"1";"7";"0";"2";"1";"0";"1";""
"202100039233";"131Â 488";"A01";"1";"13";"0";"2";"1";"26";"1";""
"202100039234";"131Â 484";"A01";"1";"10";"0";"2";"1";"2";"1";""
"202100039234";"131Â 485";"B01";"1";"7";"0";"2";"4";"2";"1";""
"202100039235";"131Â 481";"A01";"1";"7";"0";"2";"2";"14";"1";""
"202100039235";"131Â 482";"C01";"1";"17";"0";"2";"2";"0";"1";""
"202100039235";"131Â 483";"B01";"1";"7";"4";"2";"3";"1";"1";""
"202100039236";"131Â 479";"A01";"1";"7";"0";"2";"5";"26";"2";""
"202100039236";"131Â 480";"B01";"1";"15";"0";"2";"1";"1";"1";""
"202100039237";"131Â 478";"A01";"2";"7";"3";"0";"3";"13";"1";""
"202100039238";"131Â 474";"A01";"1";"7";"0";"2";"1";"2";"1";""
"202100039238";"131Â 475";"B01";"1";"7";"0";"2";"4";"2";"1";""
"202100039238";"131Â 476";"C01";"1";"7";"0";"2";"4";"2";"1";""
"202100039238";"131Â 477";"D01";"1";"7";"0";"2";"4";"2";"1";""
"202100039239";"131Â 472";"B01";"1";"31";"0";"2";"1";"1";"1";""
"202100039239";"131Â 473";"A01";"1";"10";"0";"2";"6";"13";"1";""
"202100039240";"131Â 471";"A01";"2";"7";"4";"0";"1";"14";"1";""
"202100039241";"131Â 469";"B01";"2";"7";"0";"2";"4";"2";"1";""
"202100039241";"131Â 470";"A01";"2";"7";"0";"2";"1";"2";"1";""
"202100039242";"131Â 466";"C01";"1";"7";"0";"2";"7";"1";"1";""
"202100039242";"131Â 467";"B01";"2";"7";"0";"2";"8";"2";"1";""
"202100039242";"131Â 468";"A01";"1";"17";"0";"2";"2";"12";"1";""
"202100039243";"131Â 464";"B01";"2";"7";"0";"2";"1";"2";"1";""
"202100039243";"131Â 465";"A01";"2";"7";"0";"2";"1";"2";"1";""
"202100039244";"131Â 462";"A01";"1";"34";"0";"2";"1";"3";"1";""
"202100039244";"131Â 463";"B01";"1";"7";"0";"2";"7";"12";"1";""
"202100039245";"131Â 460";"A01";"2";"31";"0";"2";"0";"3";"1";""
"202100039245";"131Â 461";"B01";"2";"13";"0";"2";"6";"1";"1";""
"202100039246";"131Â 459";"A01";"1";"7";"0";"1";"1";"9";"1";""
"202100039247";"131Â 457";"A01";"1";"7";"0";"1";"1";"1";"1";""
"202100039248";"131Â 456";"A01";"3";"7";"0";"1";"1";"26";"1";""
"202100039249";"131Â 454";"B01";"2";"30";"0";"2";"1";"1";"1";""
"202100039249";"131Â 455";"A01";"2";"7";"0";"2";"3";"15";"1";""
"202100039250";"131Â 452";"B01";"2";"31";"0";"2";"7";"0";"1";""
"202100039250";"131Â 453";"A01";"2";"7";"0";"2";"3";"11";"1";""
"202100039251";"131Â 450";"A01";"2";"7";"0";"2";"7";"16";"1";""
"202100039251";"131Â 451";"B01";"3";"1";"0";"2";"1";"15";"5";""
"202100039252";"131Â 448";"B01";"3";"32";"0";"2";"2";"17";"1";""
"202100039252";"131Â 449";"A01";"3";"10";"0";"2";"8";"15";"1";""
"202100039253";"131Â 446";"A01";"3";"2";"0";"2";"1";"17";"1";""
"202100039253";"131Â 447";"B01";"3";"7";"0";"2";"3";"15";"1";""
"202100039254";"131Â 444";"A01";"1";"2";"0";"2";"4";"26";"1";""
"202100039254";"131Â 445";"Z01";"1";"1";"0";"9";"4";"1";"5";""
"202100039255";"131Â 442";"A01";"2";"7";"0";"2";"1";"16";"1";""
"202100039255";"131Â 443";"B01";"1";"1";"0";"2";"8";"0";"0";""
"202100039256";"131Â 440";"B01";"3";"50";"0";"2";"1";"1";"3";""
"202100039256";"131Â 441";"A01";"0";"7";"0";"2";"2";"19";"1";""
"202100039257";"131Â 437";"B01";"1";"7";"0";"2";"0";"0";"1";""
"202100039257";"131Â 438";"C01";"1";"7";"0";"2";"0";"0";"0";""
"202100039257";"131Â 439";"A01";"1";"3";"0";"2";"0";"26";"0";""
"202100039258";"131Â 435";"B01";"1";"7";"0";"2";"4";"23";"1";""
"202100039258";"131Â 436";"A01";"1";"30";"1";"0";"1";"18";"1";""
"202100039259";"131Â 433";"B01";"2";"33";"0";"2";"1";"1";"0";""
"202100039259";"131Â 434";"A01";"1";"7";"0";"2";"7";"15";"1";""
"202100039260";"131Â 430";"C01";"1";"7";"0";"2";"0";"0";"1";""
"202100039260";"131Â 431";"B01";"0";"99";"0";"0";"0";"0";"0";""
"202100039260";"131Â 432";"A01";"1";"99";"0";"2";"4";"26";"6";""
"202100039261";"131Â 428";"B01";"3";"7";"0";"2";"0";"1";"1";""
"202100039261";"131Â 429";"A01";"0";"33";"0";"2";"0";"0";"1";""
"202100039262";"131Â 426";"A01";"3";"7";"1";"2";"1";"1";"1";""
"202100039262";"131Â 427";"B01";"3";"7";"3";"2";"3";"1";"1";""
"202100039263";"131Â 424";"A01";"1";"10";"1";"0";"2";"1";"1";""
"202100039264";"131Â 422";"B01";"1";"30";"0";"2";"8";"1";"1";""
"202100039264";"131Â 423";"A01";"1";"7";"0";"2";"8";"12";"2";""
"202100039265";"131Â 419";"A01";"1";"32";"11";"0";"1";"26";"1";""
"202100039266";"131Â 417";"A01";"0";"7";"0";"2";"1";"15";"1";""
"202100039266";"131Â 418";"B01";"0";"7";"0";"2";"3";"1";"1";""
"202100039267";"131Â 415";"B01";"0";"7";"0";"2";"4";"23";"1";""
"202100039267";"131Â 416";"A01";"0";"1";"0";"2";"1";"2";"5";""
"202100039268";"131Â 413";"B01";"0";"7";"0";"2";"5";"1";"1";""
"202100039268";"131Â 414";"A01";"0";"50";"0";"2";"0";"5";"3";""
"202100039269";"131Â 409";"A01";"2";"33";"12";"0";"2";"1";"1";""
"202100039270";"131Â 407";"B01";"1";"33";"0";"2";"7";"2";"1";""
"202100039270";"131Â 408";"A01";"1";"7";"0";"2";"8";"11";"1";""
"202100039271";"131Â 405";"A01";"2";"7";"0";"2";"2";"17";"1";""
"202100039271";"131Â 406";"B01";"2";"50";"0";"2";"4";"13";"3";""
"202100039272";"131Â 403";"B01";"3";"50";"0";"2";"1";"1";"3";""
"202100039272";"131Â 404";"A01";"3";"1";"0";"2";"3";"19";"5";""
"202100039273";"131Â 401";"B01";"2";"1";"0";"2";"1";"1";"0";""
"202100039273";"131Â 402";"A01";"1";"7";"0";"2";"8";"1";"1";""
"202100039274";"131Â 399";"B01";"2";"1";"0";"2";"1";"1";"5";""
"202100039274";"131Â 400";"A01";"2";"7";"0";"2";"5";"16";"1";""
"202100039275";"131Â 397";"B01";"1";"30";"0";"2";"3";"1";"1";""
"202100039275";"131Â 398";"A01";"1";"7";"0";"2";"1";"15";"1";""
"202100039276";"131Â 395";"B01";"2";"7";"0";"2";"2";"15";"1";""
"202100039276";"131Â 396";"A01";"2";"32";"0";"2";"1";"18";"1";""
"202100039277";"131Â 393";"A01";"1";"7";"0";"2";"3";"1";"1";""
"202100039277";"131Â 394";"B01";"3";"50";"0";"2";"9";"1";"3";""
"202100039278";"131Â 391";"B01";"3";"17";"0";"2";"6";"24";"1";""
"202100039278";"131Â 392";"A01";"3";"7";"1";"0";"1";"1";"1";""
"202100039279";"131Â 390";"A01";"1";"7";"0";"1";"2";"1";"1";""
"202100039280";"131Â 388";"A01";"1";"7";"0";"2";"4";"23";"1";""
"202100039280";"131Â 389";"Z01";"1";"7";"14";"0";"0";"0";"0";""
"202100039281";"131Â 386";"A01";"2";"7";"0";"9";"1";"0";"1";""
"202100039281";"131Â 387";"B01";"0";"1";"0";"2";"8";"26";"5";""
"202100039282";"131Â 384";"B01";"0";"7";"0";"2";"4";"1";"1";""
"202100039282";"131Â 385";"A01";"0";"2";"0";"2";"1";"1";"3";""
"202100039283";"131Â 383";"A01";"1";"7";"0";"1";"2";"1";"1";""
"202100039284";"131Â 381";"A01";"1";"7";"0";"9";"1";"26";"1";""