"Num_Acc";"id_vehicule";"num_veh";"senc";"catv";"obs";"obsm";"choc";"manv";"motor";"occutc"
"202100039284";"131Â 382";"B01";"1";"50";"0";"2";"1";"26";"3";""
"202100039285";"131Â 379";"A01";"1";"7";"0";"2";"3";"15";"1";""
"202100039285";"131Â 380";"B01";"2";"7";"0";"2";"2";"21";"1";""
"202100039286";"131Â 378";"A01";"1";"7";"0";"1";"1";"1";"1";""
"202100039287";"131Â 375";"C01";"1";"7";"0";"2";"4";"1";"1";""
"202100039287";"131Â 376";"B01";"1";"7";"0";"2";"4";"2";"1";""
"202100039287";"131Â 377";"A01";"1";"7";"0";"2";"1";"2";"1";""
"202100039288";"131Â 374";"A01";"0";"30";"0";"0";"2";"1";"1";""
"202100039289";"131Â 372";"B01";"0";"7";"0";"2";"1";"1";"1";""
"202100039289";"131Â 373";"A01";"0";"7";"0";"2";"1";"13";"1";""
"202100039290";"131Â 371";"A01";"1";"7";"0";"1";"1";"9";"1";""
"202100039291";"131Â 369";"B01";"0";"7";"0";"2";"3";"15";"1";""
"202100039291";"131Â 370";"A01";"0";"7";"0";"2";"2";"1";"1";""
"202100039292";"131Â 367";"B01";"1";"7";"0";"2";"5";"1";"1";""
"202100039292";"131Â 368";"A01";"1";"2";"0";"2";"2";"15";"1";""
"202100039293";"131Â 365";"B01";"1";"7";"0";"2";"4";"2";"1";""
"202100039293";"131Â 366";"A01";"1";"30";"0";"2";"1";"1";"1";""
"202100039294";"131Â 363";"A01";"1";"7";"0";"2";"6";"15";"1";""
"202100039294";"131Â 364";"B01";"2";"33";"0";"2";"2";"1";"1";""
"202100039295";"131Â 361";"B01";"1";"31";"0";"2";"6";"1";"1";""
"202100039295";"131Â 362";"A01";"2";"7";"0";"2";"3";"15";"1";""
"202100039296";"131Â 359";"A01";"3";"7";"1";"0";"5";"4";"1";""
"202100039296";"131Â 360";"B01";"3";"7";"15";"0";"8";"24";"1";""
"202100039297";"131Â 357";"A01";"1";"7";"0";"2";"1";"1";"1";""
"202100039297";"131Â 358";"B01";"2";"7";"0";"2";"1";"1";"1";""
"202100039298";"131Â 354";"C01";"3";"7";"0";"2";"6";"0";"1";""
"202100039298";"131Â 355";"B01";"3";"7";"0";"2";"8";"1";"1";""
"202100039298";"131Â 356";"A01";"3";"10";"0";"2";"2";"9";"1";""
"202100039299";"131Â 352";"B01";"0";"7";"0";"2";"5";"1";"0";""
"202100039299";"131Â 353";"A01";"0";"7";"0";"2";"3";"1";"1";""
"202100039300";"131Â 350";"B01";"1";"7";"0";"2";"4";"1";"1";""
"202100039300";"131Â 351";"A01";"1";"7";"0";"2";"1";"1";"1";""
"202100039301";"131Â 348";"A01";"1";"37";"0";"2";"3";"0";"1";"1"
"202100039301";"131Â 349";"B01";"1";"30";"0";"2";"1";"1";"1";""
"202100039302";"131Â 346";"A01";"1";"33";"11";"2";"3";"2";"1";""
"202100039302";"131Â 347";"Z01";"1";"7";"0";"0";"0";"0";"0";""
"202100039303";"131Â 345";"A01";"3";"7";"6";"1";"2";"14";"1";""
"202100039304";"131Â 343";"Z01";"0";"10";"0";"2";"4";"17";"1";""
"202100039304";"131Â 344";"A01";"0";"30";"0";"2";"1";"2";"1";""
"202100039305";"131Â 341";"B01";"1";"37";"15";"2";"3";"21";"2";"4"
"202100039305";"131Â 342";"A01";"2";"7";"0";"2";"1";"13";"1";""
"202100039306";"131Â 339";"B01";"1";"33";"0";"2";"1";"1";"1";""
"202100039306";"131Â 340";"A01";"1";"7";"0";"2";"6";"20";"1";""
"202100039307";"131Â 337";"A01";"2";"7";"0";"2";"3";"15";"1";""
"202100039307";"131Â 338";"B01";"0";"32";"0";"2";"2";"17";"1";""
"202100039308";"131Â 335";"B01";"2";"33";"0";"2";"0";"0";"1";""
"202100039308";"131Â 336";"A01";"1";"7";"0";"2";"0";"10";"1";""
"202100039309";"131Â 333";"B01";"1";"31";"0";"2";"1";"1";"1";""
"202100039309";"131Â 334";"A01";"2";"7";"0";"2";"1";"15";"1";""
"202100039310";"131Â 332";"A01";"3";"1";"8";"0";"1";"0";"5";""
"202100039311";"131Â 331";"B01";"1";"7";"0";"1";"2";"19";"3";""
"202100039312";"131Â 330";"A01";"2";"33";"0";"1";"3";"26";"1";""
"202100039313";"131Â 329";"A01";"1";"2";"1";"1";"1";"17";"1";""
"202100039314";"131Â 327";"B01";"0";"10";"0";"2";"3";"1";"1";""
"202100039314";"131Â 328";"A01";"1";"30";"0";"2";"1";"17";"1";""
"202100039315";"131Â 326";"A01";"0";"7";"0";"1";"1";"26";"1";""
"202100039316";"131Â 324";"A01";"2";"7";"0";"2";"3";"1";"2";""
"202100039316";"131Â 325";"B01";"3";"30";"0";"2";"4";"23";"1";""
"202100039317";"131Â 322";"B01";"2";"50";"0";"0";"0";"14";"3";""
"202100039317";"131Â 323";"A01";"1";"50";"0";"2";"1";"1";"3";""
"202100039318";"131Â 320";"A01";"3";"43";"0";"2";"2";"2";"1";""
"202100039318";"131Â 321";"B01";"3";"7";"14";"2";"2";"14";"1";""
"202100039319";"131Â 319";"A01";"1";"43";"0";"1";"1";"1";"1";""
"202100039320";"131Â 317";"A01";"1";"43";"0";"2";"7";"17";"1";""
"202100039320";"131Â 318";"B01";"1";"7";"0";"2";"6";"15";"1";""
"202100039321";"131Â 315";"A01";"1";"7";"0";"2";"2";"16";"1";""
"202100039321";"131Â 316";"B01";"1";"30";"0";"2";"8";"18";"1";""
"202100039322";"131Â 313";"A01";"2";"7";"0";"2";"2";"1";"1";""
"202100039322";"131Â 314";"B01";"2";"60";"0";"2";"0";"19";"5";""
"202100039323";"131Â 311";"A01";"2";"30";"0";"2";"1";"17";"1";""
"202100039323";"131Â 312";"B01";"2";"7";"0";"2";"3";"1";"1";""
"202100039324";"131Â 309";"A01";"0";"7";"0";"2";"7";"12";"1";""
"202100039324";"131Â 310";"B01";"0";"33";"0";"2";"8";"1";"1";""
"202100039325";"131Â 308";"Z01";"2";"10";"0";"1";"0";"0";"0";""
"202100039326";"131Â 306";"B01";"1";"2";"0";"2";"7";"1";"1";""
"202100039326";"131Â 307";"A01";"1";"7";"0";"2";"3";"11";"1";""
"202100039327";"131Â 304";"A01";"2";"7";"1";"2";"3";"1";"1";""
"202100039327";"131Â 305";"B01";"1";"7";"0";"2";"3";"1";"1";""
"202100039328";"131Â 302";"A01";"2";"7";"0";"2";"1";"5";"1";""
"202100039328";"131Â 303";"B01";"1";"7";"0";"2";"1";"1";"1";""
"202100039329";"131Â 300";"A01";"2";"7";"0";"2";"3";"15";"1";""
"202100039329";"131Â 301";"B01";"2";"2";"0";"2";"7";"2";"1";""
"202100039330";"131Â 297";"A01";"0";"10";"0";"2";"1";"26";"0";""
"202100039330";"131Â 298";"B01";"0";"3";"1";"2";"4";"23";"0";""
"202100039330";"131Â 299";"C01";"0";"3";"1";"0";"4";"24";"0";""
"202100039331";"131Â 295";"B01";"3";"7";"1";"2";"3";"1";"1";""
"202100039331";"131Â 296";"A01";"3";"7";"0";"2";"3";"13";"1";""
"202100039332";"131Â 293";"A01";"1";"7";"8";"2";"9";"16";"0";""
"202100039332";"131Â 294";"B01";"1";"7";"0";"2";"2";"1";"0";""
"202100039333";"131Â 291";"A01";"2";"7";"0";"2";"3";"1";"1";""
"202100039333";"131Â 292";"B01";"1";"7";"0";"2";"2";"1";"1";""
"202100039334";"131Â 290";"A01";"2";"7";"6";"0";"1";"26";"1";""
"202100039335";"131Â 289";"A01";"3";"7";"15";"0";"1";"9";"1";""
"202100039336";"131Â 287";"B01";"1";"10";"0";"2";"1";"1";"1";""
"202100039336";"131Â 288";"A01";"2";"14";"0";"2";"1";"5";"1";""
"202100039337";"131Â 286";"A01";"3";"7";"0";"1";"6";"20";"1";""
"202100039338";"131Â 285";"A01";"0";"31";"15";"0";"8";"13";"1";""
"202100039339";"131Â 283";"A01";"3";"1";"0";"2";"2";"1";"5";""
"202100039339";"131Â 284";"B01";"3";"7";"0";"9";"3";"1";"1";""
"202100039340";"131Â 280";"A01";"2";"7";"0";"2";"1";"13";"1";""
"202100039340";"131Â 281";"B01";"1";"7";"0";"2";"3";"1";"1";""
"202100039340";"131Â 282";"C01";"1";"99";"0";"2";"6";"1";"1";""
"202100039341";"131Â 279";"A01";"2";"7";"6";"0";"1";"14";"1";""
"202100039342";"131Â 277";"A01";"2";"7";"4";"2";"2";"26";"1";""
"202100039342";"131Â 278";"B01";"1";"7";"4";"2";"3";"26";"1";""
"202100039343";"131Â 274";"B01";"1";"7";"0";"0";"0";"21";"1";""
"202100039343";"131Â 275";"A01";"2";"33";"0";"2";"1";"13";"1";""
"202100039343";"131Â 276";"C01";"1";"31";"0";"2";"1";"0";"1";""
"202100039344";"131Â 273";"A01";"1";"7";"8";"0";"1";"1";"1";""
"202100039345";"131Â 272";"A01";"0";"7";"6";"0";"1";"1";"1";""
"202100039346";"131Â 270";"B01";"2";"7";"0";"2";"1";"15";"1";""
"202100039346";"131Â 271";"A01";"2";"33";"0";"2";"1";"1";"1";""
"202100039347";"131Â 268";"B01";"2";"7";"0";"2";"1";"1";"1";""
"202100039347";"131Â 269";"A01";"1";"7";"0";"2";"1";"15";"1";""
"202100039348";"131Â 266";"A01";"0";"7";"0";"2";"4";"1";"1";""
"202100039348";"131Â 267";"B01";"0";"7";"0";"2";"1";"1";"1";""
"202100039349";"131Â 264";"A01";"3";"2";"0";"2";"7";"1";"1";""
"202100039349";"131Â 265";"B01";"3";"7";"0";"2";"2";"9";"1";""
"202100039350";"131Â 262";"A01";"1";"7";"0";"2";"3";"1";"1";""
"202100039350";"131Â 263";"B01";"2";"7";"0";"2";"6";"1";"1";""
"202100039351";"131Â 260";"B01";"3";"33";"0";"2";"8";"1";"1";""
"202100039351";"131Â 261";"A01";"3";"7";"0";"2";"3";"1";"1";""
"202100039352";"131Â 258";"B01";"2";"2";"0";"2";"8";"15";"1";""
"202100039352";"131Â 259";"A01";"2";"7";"0";"2";"7";"17";"1";""
"202100039353";"131Â 256";"B01";"3";"7";"0";"2";"1";"1";"1";""
"202100039353";"131Â 257";"A01";"3";"7";"0";"2";"1";"13";"1";""
"202100039354";"131Â 255";"A01";"2";"33";"0";"0";"7";"1";"1";""
"202100039355";"131Â 254";"A01";"1";"7";"1";"0";"2";"1";"1";""
"202100039356";"131Â 253";"A01";"1";"7";"0";"1";"1";"1";"1";""
"202100039357";"131Â 251";"B01";"3";"7";"0";"2";"8";"1";"1";""
"202100039357";"131Â 252";"A01";"3";"7";"0";"2";"2";"9";"1";""
"202100039358";"131Â 249";"A01";"2";"7";"0";"9";"1";"1";"1";""
"202100039358";"131Â 250";"B01";"2";"10";"0";"0";"0";"1";"6";""
"202100039359";"131Â 247";"A01";"0";"33";"0";"0";"7";"16";"1";""
"202100039360";"131Â 245";"A01";"1";"7";"0";"2";"3";"14";"1";""
"202100039360";"131Â 246";"B01";"2";"7";"0";"2";"3";"14";"1";""
"202100039361";"131Â 243";"A01";"3";"2";"0";"2";"2";"1";"1";""
"202100039361";"131Â 244";"B01";"3";"7";"0";"2";"8";"15";"1";""
"202100039362";"131Â 241";"B01";"1";"10";"0";"2";"2";"14";"1";""
"202100039362";"131Â 242";"A01";"1";"80";"0";"0";"2";"23";"3";""
"202100039363";"131Â 239";"A01";"2";"2";"0";"2";"1";"13";"1";""
"202100039363";"131Â 240";"B01";"1";"10";"0";"2";"3";"21";"1";""
"202100039364";"131Â 237";"A01";"1";"2";"0";"2";"3";"1";"1";""
"202100039364";"131Â 238";"B01";"1";"7";"0";"2";"2";"19";"1";""
"202100039365";"131Â 236";"A01";"2";"7";"0";"1";"6";"4";"1";""
"202100039366";"131Â 235";"A01";"3";"31";"0";"0";"0";"1";"1";""
"202100039367";"131Â 233";"B01";"2";"15";"0";"2";"8";"1";"1";""
"202100039367";"131Â 234";"A01";"1";"2";"0";"2";"3";"13";"1";""
"202100039368";"131Â 231";"B01";"2";"17";"0";"0";"4";"2";"1";""
"202100039368";"131Â 232";"A01";"2";"17";"0";"2";"1";"2";"1";""
"202100039369";"131Â 230";"A01";"1";"33";"0";"0";"8";"26";"1";""
"202100039370";"131Â 228";"B01";"3";"33";"0";"2";"1";"1";"1";""
"202100039370";"131Â 229";"A01";"3";"7";"0";"2";"3";"15";"1";""
"202100039371";"131Â 225";"A01";"3";"30";"6";"0";"3";"13";"1";""
"202100039372";"131Â 224";"A01";"3";"2";"12";"0";"0";"15";"1";""
"202100039373";"131Â 222";"B01";"2";"2";"0";"2";"1";"1";"1";""
"202100039373";"131Â 223";"A01";"2";"7";"0";"2";"7";"15";"1";""
"202100039374";"131Â 221";"A01";"2";"2";"0";"0";"0";"1";"1";""
"202100039375";"131Â 219";"B01";"1";"1";"0";"2";"1";"0";"5";""
"202100039375";"131Â 220";"A01";"1";"7";"0";"9";"2";"0";"4";""
"202100039376";"131Â 218";"A01";"1";"33";"0";"1";"1";"1";"1";""
"202100039377";"131Â 216";"B01";"0";"7";"0";"0";"1";"5";"1";""
"202100039377";"131Â 217";"A01";"0";"33";"0";"2";"1";"1";"1";""
"202100039378";"131Â 214";"A01";"3";"2";"0";"2";"2";"0";"1";""
"202100039378";"131Â 215";"B01";"0";"7";"0";"2";"2";"11";"1";""
"202100039379";"131Â 213";"A01";"2";"33";"0";"0";"0";"17";"1";""
"202100039380";"131Â 212";"A01";"2";"7";"16";"0";"1";"1";"1";""
"202100039381";"131Â 210";"B01";"2";"2";"0";"2";"6";"2";"1";""
"202100039381";"131Â 211";"A01";"2";"7";"0";"2";"6";"2";"2";""
"202100039382";"131Â 208";"B01";"2";"1";"0";"2";"1";"1";"5";""
"202100039382";"131Â 209";"A01";"1";"7";"0";"0";"1";"15";"1";""
"202100039383";"131Â 206";"B01";"3";"33";"15";"2";"2";"17";"1";""
"202100039383";"131Â 207";"A01";"3";"7";"0";"2";"8";"15";"1";""
"202100039384";"131Â 203";"A01";"2";"10";"0";"2";"7";"15";"1";""
"202100039384";"131Â 204";"B01";"1";"33";"0";"2";"1";"1";"1";""
"202100039384";"131Â 205";"C01";"2";"7";"0";"9";"2";"1";"1";""
"202100039385";"131Â 202";"A01";"2";"7";"0";"1";"7";"13";"1";""
"202100039386";"131Â 200";"A01";"1";"7";"0";"0";"0";"2";"1";""
"202100039387";"131Â 197";"B01";"2";"17";"0";"2";"1";"2";"1";""
"202100039387";"131Â 198";"C01";"2";"38";"0";"9";"3";"2";"1";"4"
"202100039387";"131Â 199";"A01";"2";"15";"0";"0";"4";"2";"1";""
"202100039388";"131Â 194";"B01";"2";"17";"0";"2";"2";"24";"1";""
"202100039388";"131Â 195";"A01";"2";"7";"1";"0";"2";"1";"1";""
"202100039388";"131Â 196";"C01";"2";"99";"0";"2";"7";"24";"0";""
"202100039389";"131Â 190";"D01";"2";"17";"0";"2";"4";"2";"1";""
"202100039389";"131Â 191";"C01";"2";"7";"0";"2";"4";"2";"1";""
"202100039389";"131Â 192";"A01";"2";"17";"0";"2";"1";"1";"1";""
"202100039389";"131Â 193";"B01";"2";"17";"0";"2";"4";"2";"1";""
"202100039390";"131Â 187";"A01";"1";"10";"0";"2";"1";"2";"1";""
"202100039390";"131Â 188";"B01";"1";"7";"0";"2";"4";"2";"1";""
"202100039390";"131Â 189";"C01";"1";"10";"0";"2";"3";"21";"1";""
"202100039391";"131Â 186";"A01";"2";"33";"4";"0";"8";"13";"1";""
"202100039392";"131Â 185";"A01";"2";"17";"4";"0";"2";"21";"1";""
"202100039393";"131Â 183";"B01";"1";"32";"0";"2";"8";"1";"1";""
"202100039393";"131Â 184";"A01";"1";"14";"0";"2";"7";"1";"0";""
"202100039394";"131Â 180";"A01";"1";"10";"0";"2";"1";"2";"1";""
"202100039394";"131Â 181";"B01";"1";"7";"0";"2";"4";"2";"1";""
"202100039394";"131Â 182";"C01";"1";"7";"0";"2";"5";"0";"1";""
"202100039395";"131Â 178";"B01";"2";"7";"0";"2";"4";"1";"3";""
"202100039395";"131Â 179";"A01";"2";"7";"0";"2";"1";"1";"1";""
"202100039396";"131Â 176";"B01";"1";"7";"0";"2";"6";"2";"1";""
"202100039396";"131Â 177";"A01";"1";"15";"0";"2";"2";"11";"1";""
"202100039397";"131Â 174";"A01";"1";"17";"0";"2";"2";"12";"1";""
"202100039397";"131Â 175";"B01";"1";"7";"0";"2";"3";"2";"1";""
"202100039398";"131Â 172";"A01";"1";"7";"0";"2";"1";"1";"1";""
"202100039398";"131Â 173";"B01";"1";"10";"0";"2";"4";"23";"1";""
"202100039399";"131Â 169";"A01";"2";"7";"0";"2";"1";"1";"1";""
"202100039399";"131Â 170";"B01";"2";"10";"0";"2";"4";"0";"1";""
"202100039399";"131Â 171";"C01";"2";"7";"0";"2";"4";"1";"1";""
"202100039400";"131Â 168";"A01";"2";"33";"0";"5";"7";"21";"1";""
"202100039401";"131Â 166";"A01";"2";"15";"0";"2";"2";"1";"1";""
"202100039401";"131Â 167";"B01";"2";"7";"0";"2";"3";"11";"1";""
"202100039402";"131Â 165";"A01";"2";"7";"4";"0";"3";"1";"1";""
"202100039403";"131Â 163";"B01";"1";"7";"0";"2";"1";"1";"1";""
"202100039403";"131Â 164";"A01";"1";"50";"0";"2";"8";"19";"3";""
"202100039404";"131Â 162";"A01";"2";"7";"0";"1";"1";"1";"1";""
"202100039405";"131Â 161";"A01";"1";"30";"0";"1";"0";"17";"1";""
"202100039406";"131Â 160";"A01";"1";"7";"0";"1";"2";"1";"1";""
"202100039407";"131Â 159";"A01";"1";"7";"0";"1";"7";"19";"1";""
"202100039408";"131Â 158";"Z01";"3";"7";"0";"1";"0";"1";"0";""
"202100039409";"131Â 157";"A01";"1";"7";"0";"1";"1";"1";"1";""
"202100039410";"131Â 155";"B01";"0";"2";"0";"2";"1";"1";"1";""
"202100039410";"131Â 156";"A01";"3";"7";"0";"2";"3";"19";"1";""
"202100039411";"131Â 153";"A01";"1";"33";"0";"2";"1";"1";"1";""
"202100039411";"131Â 154";"B01";"1";"33";"0";"2";"4";"1";"1";""
"202100039412";"131Â 151";"A01";"0";"7";"0";"2";"3";"15";"1";""
"202100039412";"131Â 152";"B01";"0";"34";"0";"2";"8";"1";"1";""
"202100039413";"131Â 149";"A01";"1";"31";"0";"2";"3";"1";"1";""
"202100039413";"131Â 150";"B01";"1";"7";"0";"2";"2";"1";"1";""
"202100039414";"131Â 148";"A01";"3";"7";"0";"1";"4";"26";"1";""
"202100039415";"131Â 146";"A01";"1";"7";"0";"2";"1";"2";"1";""
"202100039415";"131Â 147";"B01";"1";"7";"0";"0";"4";"2";"1";""
"202100039416";"131Â 144";"A01";"1";"7";"0";"2";"1";"15";"1";""
"202100039416";"131Â 145";"B01";"2";"34";"0";"2";"1";"1";"1";""
"202100039417";"131Â 142";"B01";"3";"34";"0";"2";"8";"0";"1";""
"202100039417";"131Â 143";"A01";"3";"7";"0";"2";"7";"15";"1";""
"202100039418";"131Â 141";"A01";"3";"7";"8";"0";"1";"26";"1";""
"202100039419";"131Â 140";"A01";"3";"7";"0";"1";"3";"1";"1";""
"202100039420";"131Â 138";"A01";"3";"7";"0";"2";"1";"1";"1";""
"202100039420";"131Â 139";"B01";"3";"7";"0";"2";"7";"1";"1";""
"202100039421";"131Â 136";"A01";"1";"7";"0";"2";"1";"1";"1";""
"202100039421";"131Â 137";"B01";"3";"50";"0";"2";"1";"9";"3";""
"202100039422";"131Â 134";"B01";"2";"7";"0";"2";"1";"2";"1";""
"202100039422";"131Â 135";"A01";"1";"10";"0";"2";"4";"23";"1";""
"202100039423";"131Â 132";"A01";"1";"7";"0";"2";"2";"9";"1";""
"202100039423";"131Â 133";"B01";"1";"33";"0";"2";"4";"2";"1";""
"202100039424";"131Â 131";"A01";"2";"10";"0";"2";"2";"1";"1";""
"202100039425";"131Â 129";"A01";"2";"32";"0";"2";"1";"1";"1";""
"202100039425";"131Â 130";"B01";"3";"7";"0";"2";"8";"19";"0";""
"202100039426";"131Â 127";"B01";"1";"2";"0";"2";"0";"1";"1";""
"202100039426";"131Â 128";"A01";"1";"7";"0";"2";"3";"19";"2";""
"202100039427";"131Â 126";"A01";"3";"10";"0";"1";"5";"4";"1";""
"202100039428";"131Â 123";"A01";"1";"99";"6";"0";"1";"14";"1";""
"202100039429";"131Â 122";"A01";"1";"7";"13";"0";"2";"26";"1";""
"202100039430";"131Â 120";"A01";"1";"7";"0";"9";"1";"9";"1";""
"202100039430";"131Â 121";"B01";"3";"50";"0";"2";"7";"1";"3";""
"202100039431";"131Â 119";"A01";"2";"7";"0";"1";"4";"26";"1";""
"202100039432";"131Â 118";"A01";"2";"34";"0";"1";"3";"17";"0";""
"202100039433";"131Â 117";"A01";"2";"7";"0";"1";"1";"1";"0";""
"202100039434";"131Â 115";"A01";"0";"7";"0";"2";"1";"9";"1";""
"202100039434";"131Â 116";"B01";"0";"7";"0";"2";"7";"1";"1";""
"202100039435";"131Â 113";"B01";"2";"7";"0";"2";"1";"1";"1";""
"202100039435";"131Â 114";"A01";"1";"7";"0";"2";"2";"15";"1";""
"202100039436";"131Â 112";"A01";"1";"7";"0";"1";"2";"15";"1";""
"202100039437";"131Â 110";"A01";"1";"33";"0";"2";"2";"17";"1";""
"202100039437";"131Â 111";"B01";"1";"7";"0";"2";"6";"15";"1";""
"202100039438";"131Â 108";"A01";"2";"7";"0";"2";"3";"10";"1";""
"202100039438";"131Â 109";"B01";"2";"2";"0";"2";"1";"1";"1";""
"202100039439";"131Â 107";"A01";"2";"7";"13";"0";"1";"1";"1";""
"202100039440";"131Â 105";"B01";"0";"1";"0";"9";"4";"2";"0";""
"202100039440";"131Â 106";"A01";"3";"7";"0";"9";"1";"2";"1";""
"202100039441";"131Â 103";"B01";"2";"7";"0";"2";"1";"1";"1";""
"202100039441";"131Â 104";"A01";"2";"10";"0";"2";"8";"1";"1";""
"202100039442";"131Â 102";"A01";"1";"7";"0";"1";"1";"1";"1";""
"202100039443";"131Â 101";"A01";"1";"10";"0";"1";"2";"1";"1";""
"202100039444";"131Â 100";"A01";"1";"7";"0";"1";"1";"1";"1";""
"202100039445";"131Â 098";"A01";"1";"30";"0";"2";"1";"1";"1";""
"202100039445";"131Â 099";"B01";"1";"7";"0";"9";"2";"1";"1";""
"202100039446";"131Â 096";"B01";"2";"7";"0";"2";"3";"1";"1";""
"202100039446";"131Â 097";"A01";"1";"7";"0";"2";"3";"1";"1";""
"202100039447";"131Â 095";"A01";"1";"33";"0";"2";"5";"9";"1";""
"202100039448";"131Â 093";"B01";"2";"1";"0";"2";"3";"19";"5";""
"202100039448";"131Â 094";"A01";"2";"7";"0";"2";"2";"1";"1";""
"202100039449";"131Â 092";"A01";"0";"7";"8";"0";"1";"16";"1";""
"202100039450";"131Â 091";"A01";"1";"1";"0";"9";"1";"26";"6";""
"202100039451";"131Â 090";"A01";"2";"0";"0";"1";"1";"0";"0";""
"202100039452";"131Â 089";"A01";"3";"37";"0";"0";"0";"1";"1";"3"
"202100039453";"131Â 087";"A01";"3";"7";"0";"2";"3";"19";"1";""
"202100039453";"131Â 088";"B01";"3";"7";"0";"2";"2";"1";"1";""
"202100039454";"131Â 085";"A01";"1";"7";"0";"2";"6";"26";"1";""
"202100039454";"131Â 086";"B01";"1";"34";"0";"2";"1";"2";"1";""
"202100039455";"131Â 083";"B01";"0";"2";"0";"2";"1";"1";"1";""
"202100039455";"131Â 084";"A01";"1";"13";"0";"2";"1";"26";"1";""
"202100039456";"131Â 081";"B01";"2";"13";"0";"2";"4";"1";"1";""
"202100039456";"131Â 082";"A01";"2";"1";"0";"2";"1";"1";"5";""
"202100039457";"131Â 079";"B01";"1";"1";"0";"2";"1";"1";"5";""
"202100039457";"131Â 080";"A01";"1";"7";"0";"2";"3";"22";"1";""
"202100039458";"131Â 077";"Z01";"2";"7";"0";"2";"1";"16";"1";""
"202100039458";"131Â 078";"A01";"1";"1";"0";"2";"8";"5";"5";""
"202100039459";"131Â 075";"B01";"1";"7";"0";"2";"3";"1";"1";""
"202100039459";"131Â 076";"A01";"1";"1";"0";"2";"1";"19";"5";""
"202100039460";"131Â 073";"A01";"1";"10";"0";"2";"2";"21";"1";""
"202100039460";"131Â 074";"B01";"1";"7";"0";"2";"4";"1";"1";""
"202100039461";"131Â 071";"A01";"1";"7";"2";"0";"1";"14";"0";""
"202100039462";"131Â 069";"B01";"2";"1";"0";"2";"8";"0";"5";""
"202100039462";"131Â 070";"A01";"2";"33";"0";"2";"1";"2";"1";""
"202100039463";"131Â 067";"B01";"2";"7";"0";"2";"4";"0";"1";""
"202100039463";"131Â 068";"A01";"2";"7";"0";"2";"1";"2";"1";""
"202100039464";"131Â 065";"A01";"2";"33";"14";"2";"1";"1";"1";""
"202100039464";"131Â 066";"B01";"2";"30";"0";"2";"0";"23";"1";""
"202100039465";"131Â 064";"A01";"0";"7";"0";"1";"2";"1";"1";""
"202100039466";"131Â 063";"A01";"3";"14";"0";"1";"0";"26";"1";""
"202100039467";"131Â 061";"A01";"0";"7";"0";"2";"6";"20";"1";""
"202100039467";"131Â 062";"Z01";"0";"7";"0";"2";"2";"1";"1";""
"202100039468";"131Â 060";"A01";"3";"7";"0";"1";"1";"1";"1";""
"202100039469";"131Â 057";"C01";"2";"2";"0";"2";"1";"1";"1";""
"202100039469";"131Â 058";"B01";"1";"7";"0";"2";"3";"1";"1";""
"202100039469";"131Â 059";"A01";"2";"7";"0";"0";"0";"16";"1";""
"202100039470";"131Â 054";"B01";"2";"7";"0";"2";"4";"23";"2";""
"202100039470";"131Â 055";"A01";"2";"7";"0";"2";"1";"2";"1";""
"202100039470";"131Â 056";"C01";"2";"7";"0";"2";"4";"23";"1";""
"202100039471";"131Â 052";"B01";"1";"7";"0";"2";"5";"1";"1";""
"202100039471";"131Â 053";"A01";"1";"7";"4";"2";"9";"13";"1";""
"202100039472";"131Â 051";"A01";"1";"7";"0";"1";"2";"1";"3";""
"202100039473";"131Â 049";"A01";"1";"7";"0";"2";"2";"9";"1";""
"202100039473";"131Â 050";"B01";"1";"33";"0";"2";"2";"17";"1";""
"202100039474";"131Â 047";"A01";"1";"7";"0";"2";"2";"16";"1";""
"202100039474";"131Â 048";"B01";"1";"1";"0";"2";"2";"7";"5";""
"202100039475";"131Â 045";"A01";"2";"7";"0";"2";"3";"15";"2";""
"202100039475";"131Â 046";"B01";"2";"30";"0";"2";"1";"17";"1";""
"202100039476";"131Â 043";"A01";"1";"14";"0";"2";"7";"16";"1";""
"202100039476";"131Â 044";"B01";"1";"1";"0";"2";"3";"1";"5";""
"202100039477";"131Â 041";"B01";"2";"31";"0";"2";"1";"1";"1";""
"202100039477";"131Â 042";"A01";"2";"7";"0";"2";"3";"15";"1";""
"202100039478";"131Â 040";"A01";"3";"80";"0";"0";"0";"1";"3";""
"202100039479";"131Â 039";"A01";"1";"30";"0";"0";"7";"16";"3";""
"202100039480";"131Â 037";"A01";"2";"34";"0";"2";"1";"1";"1";""
"202100039480";"131Â 038";"B01";"2";"7";"0";"2";"8";"1";"1";""
"202100039481";"131Â 035";"A01";"2";"60";"0";"2";"1";"1";"5";""
"202100039481";"131Â 036";"B01";"2";"0";"0";"0";"0";"0";"1";""
"202100039482";"131Â 033";"A01";"2";"10";"0";"2";"6";"13";"1";""
"202100039482";"131Â 034";"B01";"2";"7";"0";"2";"2";"1";"1";""
"202100039483";"131Â 032";"Z01";"2";"7";"0";"1";"4";"4";"0";""
"202100039484";"131Â 030";"B01";"3";"50";"0";"0";"1";"25";"3";""
"202100039484";"131Â 031";"A01";"3";"7";"0";"0";"2";"1";"1";""
"202100039485";"131Â 029";"A01";"0";"7";"0";"1";"3";"9";"1";""
"202100039486";"131Â 027";"B01";"1";"7";"0";"2";"4";"23";"1";""