"Num_Acc";"id_vehicule";"num_veh";"senc";"catv";"obs";"obsm";"choc";"manv";"motor";"occutc"
"202100039486";"131Â 028";"A01";"1";"7";"0";"2";"1";"2";"1";""
"202100039487";"131Â 025";"B01";"0";"7";"0";"2";"6";"15";"1";""
"202100039487";"131Â 026";"A01";"0";"30";"0";"2";"1";"3";"1";""
"202100039488";"131Â 024";"A01";"2";"7";"1";"0";"1";"13";"1";""
"202100039489";"131Â 021";"A01";"1";"10";"0";"2";"1";"26";"1";""
"202100039489";"131Â 022";"C01";"1";"7";"0";"2";"0";"1";"3";""
"202100039489";"131Â 023";"B01";"1";"7";"0";"2";"9";"1";"0";""
"202100039490";"131Â 019";"A01";"1";"30";"0";"2";"0";"7";"1";""
"202100039490";"131Â 020";"B01";"1";"7";"0";"2";"2";"16";"1";""
"202100039491";"131Â 018";"A01";"1";"7";"0";"1";"2";"1";"1";""
"202100039492";"131Â 016";"B01";"2";"2";"0";"2";"1";"2";"1";""
"202100039492";"131Â 017";"A01";"2";"7";"0";"0";"6";"23";"1";""
"202100039493";"131Â 014";"B01";"1";"7";"0";"0";"1";"15";"1";""
"202100039493";"131Â 015";"A01";"2";"7";"0";"2";"1";"17";"1";""
"202100039494";"131Â 010";"B01";"1";"32";"0";"2";"1";"5";"1";""
"202100039494";"131Â 011";"A01";"2";"7";"0";"2";"1";"1";"1";""
"202100039495";"131Â 008";"B01";"3";"1";"0";"2";"2";"25";"5";""
"202100039495";"131Â 009";"A01";"3";"7";"0";"2";"3";"26";"2";""
"202100039496";"131Â 006";"A01";"0";"7";"0";"2";"3";"0";"1";""
"202100039496";"131Â 007";"B01";"0";"38";"0";"2";"3";"1";"1";"2"
"202100039497";"131Â 004";"A01";"1";"7";"0";"2";"3";"1";"1";""
"202100039497";"131Â 005";"B01";"3";"7";"0";"2";"2";"15";"1";""
"202100039498";"131Â 002";"B01";"1";"7";"0";"2";"2";"13";"1";""
"202100039498";"131Â 003";"A01";"2";"7";"0";"2";"1";"1";"1";""
"202100039499";"130Â 999";"A01";"3";"7";"0";"9";"1";"1";"1";""
"202100039499";"131Â 000";"B01";"3";"1";"0";"2";"8";"19";"5";""
"202100039500";"130Â 998";"A01";"2";"33";"16";"0";"0";"1";"1";""
"202100039501";"130Â 996";"A01";"2";"7";"0";"2";"3";"13";"1";""
"202100039501";"130Â 997";"B01";"1";"38";"0";"2";"3";"1";"1";"1"
"202100039502";"130Â 994";"A01";"3";"1";"0";"2";"3";"13";"5";""
"202100039502";"130Â 995";"B01";"3";"7";"0";"2";"8";"1";"1";""
"202100039503";"130Â 992";"B01";"2";"7";"13";"2";"1";"13";"1";""
"202100039503";"130Â 993";"A01";"1";"7";"3";"2";"1";"1";"1";""
"202100039504";"130Â 991";"A01";"1";"7";"7";"0";"1";"14";"1";""
"202100039505";"130Â 990";"A01";"3";"7";"6";"0";"8";"1";"1";""
"202100039506";"130Â 987";"A01";"2";"7";"0";"2";"1";"13";"1";""
"202100039506";"130Â 988";"B01";"1";"7";"0";"2";"8";"1";"1";""
"202100039506";"130Â 989";"C01";"1";"10";"0";"2";"8";"1";"1";""
"202100039507";"130Â 985";"A01";"2";"7";"0";"2";"1";"15";"1";""
"202100039507";"130Â 986";"B01";"1";"7";"0";"2";"1";"1";"2";""
"202100039508";"130Â 983";"A01";"1";"1";"5";"0";"2";"1";"5";""
"202100039509";"130Â 981";"A01";"2";"7";"0";"2";"2";"1";"1";""
"202100039509";"130Â 982";"B01";"2";"1";"0";"2";"4";"16";"6";""
"202100039510";"130Â 979";"B01";"2";"14";"0";"2";"1";"1";"1";""
"202100039510";"130Â 980";"A01";"1";"7";"0";"2";"6";"9";"1";""
"202100039511";"130Â 978";"A01";"1";"7";"5";"0";"1";"1";"1";""
"202100039512";"130Â 975";"A01";"3";"7";"0";"1";"1";"1";"1";""
"202100039513";"130Â 973";"B01";"1";"32";"0";"2";"1";"1";"1";""
"202100039513";"130Â 974";"A01";"2";"7";"0";"2";"2";"15";"1";""
"202100039514";"130Â 972";"A01";"2";"7";"13";"0";"0";"1";"1";""
"202100039515";"130Â 970";"A01";"3";"10";"0";"2";"8";"19";"1";""
"202100039515";"130Â 971";"B01";"2";"10";"0";"2";"1";"21";"1";""
"202100039516";"130Â 968";"B01";"2";"15";"0";"2";"1";"1";"1";""
"202100039516";"130Â 969";"A01";"1";"7";"0";"2";"1";"13";"1";""
"202100039517";"130Â 966";"B01";"1";"13";"0";"2";"3";"1";"1";""
"202100039517";"130Â 967";"A01";"2";"7";"0";"2";"1";"13";"1";""
"202100039518";"130Â 964";"B01";"2";"7";"0";"2";"8";"15";"1";""
"202100039518";"130Â 965";"A01";"1";"38";"0";"2";"3";"1";"1";"1"
"202100039519";"130Â 962";"B01";"1";"10";"0";"2";"3";"13";"1";""
"202100039519";"130Â 963";"A01";"1";"33";"0";"2";"7";"17";"1";""
"202100039520";"130Â 960";"A01";"1";"7";"1";"0";"1";"1";"1";""
"202100039520";"130Â 961";"B01";"1";"10";"0";"0";"4";"24";"1";""
"202100039521";"130Â 958";"B01";"2";"7";"3";"2";"1";"1";"1";""
"202100039521";"130Â 959";"A01";"2";"7";"3";"0";"1";"1";"1";""
"202100039522";"130Â 955";"A01";"1";"7";"0";"2";"3";"13";"1";""
"202100039522";"130Â 956";"B01";"2";"7";"0";"2";"8";"1";"1";""
"202100039522";"130Â 957";"C01";"0";"7";"0";"2";"3";"1";"1";""
"202100039523";"130Â 954";"A01";"3";"7";"2";"0";"1";"19";"1";""
"202100039524";"130Â 952";"A01";"3";"34";"0";"2";"1";"17";"1";""
"202100039524";"130Â 953";"B01";"3";"10";"0";"2";"1";"1";"1";""
"202100039525";"130Â 950";"A01";"2";"7";"0";"2";"3";"17";"1";""
"202100039525";"130Â 951";"B01";"1";"7";"0";"2";"3";"17";"1";""
"202100039526";"130Â 946";"A01";"2";"7";"0";"2";"1";"17";"1";""
"202100039526";"130Â 947";"C01";"1";"7";"0";"2";"1";"2";"1";""
"202100039526";"130Â 948";"D01";"1";"7";"0";"2";"1";"2";"1";""
"202100039526";"130Â 949";"B01";"1";"7";"0";"2";"2";"2";"1";""
"202100039527";"130Â 944";"B01";"2";"33";"0";"2";"3";"15";"1";""
"202100039527";"130Â 945";"A01";"2";"7";"0";"2";"2";"17";"1";""
"202100039528";"130Â 942";"A01";"1";"7";"0";"9";"3";"1";"1";""
"202100039528";"130Â 943";"B01";"2";"1";"0";"2";"7";"19";"5";""
"202100039529";"130Â 940";"B01";"2";"7";"0";"0";"2";"1";"1";""
"202100039529";"130Â 941";"A01";"2";"7";"0";"0";"0";"10";"1";""
"202100039530";"130Â 938";"A01";"2";"7";"0";"2";"3";"1";"1";""
"202100039530";"130Â 939";"B01";"2";"10";"0";"2";"2";"1";"1";""
"202100039531";"130Â 936";"B01";"3";"7";"0";"2";"1";"1";"1";""
"202100039531";"130Â 937";"A01";"3";"7";"0";"2";"1";"13";"1";""
"202100039532";"130Â 934";"B01";"2";"1";"0";"2";"1";"1";"5";""
"202100039532";"130Â 935";"A01";"1";"7";"0";"2";"5";"15";"6";""
"202100039533";"130Â 931";"A01";"1";"7";"0";"2";"4";"2";"1";""
"202100039533";"130Â 932";"B01";"1";"7";"0";"2";"4";"0";"1";""
"202100039533";"130Â 933";"C01";"1";"7";"0";"2";"1";"2";"1";""
"202100039534";"130Â 928";"C01";"1";"7";"0";"2";"8";"11";"1";""
"202100039534";"130Â 929";"B01";"1";"7";"4";"0";"7";"21";"1";""
"202100039534";"130Â 930";"A01";"1";"14";"0";"2";"2";"1";"1";""
"202100039535";"130Â 925";"C01";"1";"7";"0";"2";"2";"1";"1";""
"202100039535";"130Â 926";"B01";"1";"15";"0";"2";"8";"1";"1";""
"202100039535";"130Â 927";"A01";"1";"31";"0";"2";"3";"3";"1";""
"202100039536";"130Â 921";"D01";"2";"7";"4";"2";"1";"2";"1";""
"202100039536";"130Â 922";"C01";"2";"10";"4";"2";"4";"2";"1";""
"202100039536";"130Â 923";"B01";"2";"10";"4";"2";"4";"2";"1";""
"202100039536";"130Â 924";"A01";"2";"10";"4";"2";"4";"2";"1";""
"202100039537";"130Â 919";"B01";"2";"7";"3";"2";"4";"2";"6";""
"202100039537";"130Â 920";"A01";"2";"7";"16";"2";"4";"2";"6";""
"202100039538";"130Â 917";"A01";"1";"7";"0";"2";"1";"2";"1";""
"202100039538";"130Â 918";"B01";"1";"10";"0";"2";"4";"2";"1";""
"202100039539";"130Â 916";"A01";"2";"14";"0";"2";"1";"1";"1";""
"202100039540";"130Â 914";"A01";"2";"33";"0";"2";"3";"3";"1";""
"202100039540";"130Â 915";"B01";"2";"7";"0";"2";"7";"12";"1";""
"202100039541";"130Â 913";"A01";"2";"7";"4";"0";"2";"0";"1";""
"202100039542";"130Â 910";"A01";"2";"3";"0";"2";"4";"2";"1";""
"202100039542";"130Â 911";"B01";"2";"7";"0";"2";"3";"11";"1";""
"202100039542";"130Â 912";"C01";"2";"7";"0";"2";"3";"1";"1";""
"202100039543";"130Â 908";"A01";"2";"10";"0";"2";"1";"1";"1";""
"202100039543";"130Â 909";"B01";"2";"7";"0";"9";"4";"2";"1";""
"202100039544";"130Â 907";"A01";"1";"10";"3";"0";"1";"12";"1";""
"202100039545";"130Â 904";"A01";"1";"7";"0";"2";"8";"13";"1";""
"202100039545";"130Â 905";"B01";"1";"7";"0";"2";"0";"0";"1";""
"202100039545";"130Â 906";"C01";"2";"7";"0";"2";"0";"0";"1";""
"202100039546";"130Â 903";"Z01";"3";"0";"0";"1";"1";"15";"0";""
"202100039547";"130Â 902";"A01";"0";"7";"0";"1";"1";"15";"1";""
"202100039548";"130Â 901";"A01";"1";"7";"0";"1";"1";"1";"1";""
"202100039549";"130Â 899";"B01";"0";"34";"0";"2";"8";"1";"0";""
"202100039549";"130Â 900";"A01";"0";"7";"0";"2";"0";"0";"1";""
"202100039550";"130Â 898";"A01";"1";"7";"0";"1";"3";"1";"1";""
"202100039551";"130Â 893";"E01";"2";"7";"0";"2";"1";"2";"1";""
"202100039551";"130Â 894";"D01";"2";"7";"0";"2";"4";"2";"1";""
"202100039551";"130Â 895";"A01";"2";"7";"0";"2";"4";"2";"1";""
"202100039551";"130Â 896";"B01";"2";"7";"0";"2";"4";"1";"1";""
"202100039551";"130Â 897";"C01";"2";"7";"1";"0";"4";"1";"1";""
"202100039552";"130Â 891";"A01";"1";"7";"0";"1";"1";"1";"6";""
"202100039553";"130Â 890";"A01";"3";"7";"0";"1";"5";"1";"1";""
"202100039554";"130Â 888";"A01";"1";"7";"0";"2";"3";"9";"1";""
"202100039554";"130Â 889";"B01";"1";"33";"0";"2";"1";"3";"1";""
"202100039555";"130Â 887";"A01";"1";"7";"0";"1";"3";"16";"1";""
"202100039556";"130Â 885";"B01";"1";"50";"0";"2";"1";"25";"3";""
"202100039556";"130Â 886";"A01";"1";"7";"0";"2";"3";"26";"1";""
"202100039557";"130Â 882";"C01";"2";"7";"0";"2";"0";"0";"1";""
"202100039557";"130Â 883";"B01";"2";"33";"0";"2";"0";"0";"1";""
"202100039557";"130Â 884";"A01";"2";"10";"0";"2";"0";"0";"1";""
"202100039558";"130Â 880";"A01";"1";"30";"1";"2";"1";"13";"1";""
"202100039558";"130Â 881";"B01";"2";"7";"1";"2";"3";"1";"1";""
"202100039559";"130Â 878";"B01";"1";"7";"0";"2";"6";"11";"1";""
"202100039559";"130Â 879";"A01";"1";"16";"0";"2";"7";"12";"1";""
"202100039560";"130Â 877";"A01";"0";"7";"13";"0";"9";"1";"1";""
"202100039561";"130Â 875";"A01";"1";"7";"0";"2";"3";"9";"1";""
"202100039561";"130Â 876";"B01";"1";"1";"0";"2";"4";"1";"5";""
"202100039562";"130Â 870";"B01";"1";"7";"0";"2";"3";"1";"1";""
"202100039562";"130Â 871";"A01";"1";"33";"0";"2";"1";"5";"1";""
"202100039563";"130Â 868";"B01";"1";"1";"0";"2";"1";"1";"0";""
"202100039563";"130Â 869";"A01";"2";"7";"0";"9";"5";"16";"1";""
"202100039564";"130Â 867";"A01";"1";"7";"0";"1";"3";"15";"1";""
"202100039565";"130Â 865";"B01";"2";"33";"0";"2";"1";"1";"1";""
"202100039565";"130Â 866";"A01";"1";"7";"0";"2";"5";"15";"1";""
"202100039566";"130Â 864";"A01";"1";"7";"0";"1";"2";"1";"1";""
"202100039567";"130Â 862";"A01";"1";"7";"0";"2";"2";"15";"1";""
"202100039567";"130Â 863";"B01";"2";"33";"0";"2";"1";"1";"1";""
"202100039568";"130Â 860";"B01";"2";"10";"0";"2";"7";"17";"1";""
"202100039568";"130Â 861";"A01";"2";"7";"0";"2";"8";"17";"1";""
"202100039569";"130Â 858";"B01";"2";"7";"0";"2";"5";"15";"1";""
"202100039569";"130Â 859";"A01";"2";"33";"0";"2";"1";"17";"1";""
"202100039570";"130Â 856";"A01";"1";"7";"0";"2";"1";"15";"1";""
"202100039570";"130Â 857";"B01";"2";"31";"0";"2";"1";"1";"1";""
"202100039571";"130Â 853";"C01";"1";"99";"0";"2";"4";"1";"1";""
"202100039571";"130Â 854";"A01";"1";"7";"0";"2";"1";"9";"1";""
"202100039571";"130Â 855";"B01";"1";"99";"0";"2";"3";"1";"1";""
"202100039572";"130Â 851";"Z01";"2";"7";"0";"2";"1";"2";"1";""
"202100039572";"130Â 852";"B01";"2";"30";"0";"2";"4";"1";"1";""
"202100039573";"130Â 850";"A01";"1";"7";"0";"1";"2";"1";"0";""
"202100039574";"130Â 848";"A01";"1";"7";"0";"2";"2";"26";"1";""
"202100039574";"130Â 849";"B01";"1";"7";"0";"2";"1";"0";"1";""
"202100039575";"130Â 846";"A01";"3";"7";"0";"2";"3";"15";"1";""
"202100039575";"130Â 847";"B01";"1";"7";"0";"2";"1";"1";"1";""
"202100039576";"130Â 845";"A01";"3";"10";"0";"1";"0";"0";"0";""
"202100039577";"130Â 844";"A01";"1";"50";"0";"0";"0";"1";"3";""
"202100039578";"130Â 842";"A01";"3";"1";"0";"2";"3";"15";"5";""
"202100039578";"130Â 843";"B01";"3";"33";"0";"2";"1";"1";"1";""
"202100039579";"130Â 840";"B01";"1";"1";"0";"2";"7";"16";"5";""
"202100039579";"130Â 841";"A01";"0";"7";"0";"2";"0";"0";" -1";""
"202100039580";"130Â 836";"B01";"2";"7";"0";"2";"4";"1";"1";""
"202100039580";"130Â 837";"A01";"2";"10";"0";"2";"1";"1";"1";""
"202100039580";"130Â 838";"C01";"2";"10";"0";"2";"0";"9";"1";""
"202100039580";"130Â 839";"D01";"2";"7";"0";"0";"0";"0";"1";""
"202100039581";"130Â 834";"A01";"0";"7";"0";"2";"3";"26";"1";""
"202100039581";"130Â 835";"B01";"0";"1";"0";"2";"1";"1";"5";""
"202100039582";"130Â 832";"B01";"1";"33";"0";"2";"1";"1";"1";""
"202100039582";"130Â 833";"A01";"2";"7";"0";"2";"5";"15";"1";""
"202100039583";"130Â 830";"A01";"1";"7";"0";"2";"1";"15";"1";""
"202100039583";"130Â 831";"B01";"2";"7";"0";"9";"8";"1";"1";""
"202100039584";"130Â 828";"B01";"1";"7";"0";"2";"7";"1";"1";""
"202100039584";"130Â 829";"A01";"2";"7";"0";"2";"1";"1";"1";""
"202100039585";"130Â 827";"A01";"0";"50";"0";"1";"1";"25";"3";""
"202100039586";"130Â 824";"A01";"1";"7";"13";"0";"1";"1";"1";""
"202100039587";"130Â 823";"A01";"1";"7";"0";"1";"3";"0";"1";""
"202100039588";"130Â 822";"A01";"0";"34";"9";"0";"9";"1";"1";""
"202100039589";"130Â 820";"B01";"3";"33";"0";"2";"1";"1";"1";""
"202100039589";"130Â 821";"A01";"0";"7";"0";"2";"8";"15";"1";""
"202100039590";"130Â 818";"A01";"0";"7";"0";"2";"3";"16";"1";""
"202100039590";"130Â 819";"B01";"0";"7";"0";"2";"1";"1";"1";""
"202100039591";"130Â 816";"A01";"1";"34";"0";"2";"1";"0";"1";""
"202100039591";"130Â 817";"B01";"2";"37";"0";"2";"8";"0";"1";"1"
"202100039592";"130Â 814";"A01";"1";"7";"0";"2";"1";"16";"1";""
"202100039592";"130Â 815";"B01";"1";"32";"0";"2";"8";"1";"1";""
"202100039593";"130Â 813";"A01";"2";"0";"0";"1";"1";"25";"3";""
"202100039594";"130Â 810";"A01";"1";"7";"0";"2";"1";"11";"1";""
"202100039594";"130Â 811";"C01";"1";"7";"0";"2";"8";"2";"1";""
"202100039594";"130Â 812";"B01";"1";"7";"0";"2";"4";"2";"1";""
"202100039595";"130Â 809";"A01";"0";"7";"6";"0";"3";"1";"1";""
"202100039596";"130Â 807";"B01";"1";"7";"0";"2";"4";"1";"1";""
"202100039596";"130Â 808";"A01";"1";"7";"0";"2";"1";"1";"1";""
"202100039597";"130Â 805";"B01";"1";"7";"0";"2";"5";"1";"1";""
"202100039597";"130Â 806";"A01";"1";"7";"0";"2";"3";"13";"1";""
"202100039598";"130Â 804";"A01";"2";"33";"0";"0";"7";"1";"1";""
"202100039599";"130Â 803";"A01";"3";"30";"12";"0";"1";"14";"1";""
"202100039600";"130Â 801";"B01";"1";"7";"0";"2";"1";"1";"1";""
"202100039600";"130Â 802";"A01";"2";"7";"9";"2";"7";"1";"1";""
"202100039601";"130Â 800";"A01";"2";"80";"0";"1";"1";"1";"3";""
"202100039602";"130Â 799";"Z01";"1";"10";"0";"1";"4";"4";"0";""
"202100039603";"130Â 797";"B01";"2";"7";"0";"2";"4";"23";"1";""
"202100039603";"130Â 798";"A01";"2";"31";"0";"2";"1";"2";"1";""
"202100039604";"130Â 796";"Z01";"1";"30";"0";"1";"1";"1";"0";""
"202100039605";"130Â 795";"A01";"2";"30";"0";"1";"1";"25";"3";""
"202100039606";"130Â 793";"B01";"1";"10";"0";"2";"5";"24";"1";""
"202100039606";"130Â 794";"A01";"1";"7";"0";"2";"3";"13";"1";""
"202100039607";"130Â 791";"A01";"2";"7";"0";"2";"3";"15";"1";""
"202100039607";"130Â 792";"B01";"2";"1";"0";"2";"7";"1";"5";""
"202100039608";"130Â 789";"B01";"2";"7";"0";"2";"5";"1";"1";""
"202100039608";"130Â 790";"A01";"1";"30";"0";"2";"1";"1";"1";""
"202100039609";"130Â 788";"A01";"1";"7";"0";"1";"3";"9";"2";""
"202100039610";"130Â 787";"A01";"1";"1";"0";"1";"1";"1";"5";""
"202100039611";"130Â 786";"Z01";"1";"1";"0";"1";"1";"1";"5";""
"202100039612";"130Â 784";"B01";"1";"32";"0";"2";"2";"1";"1";""
"202100039612";"130Â 785";"A01";"1";"50";"0";"2";"4";"18";"3";""
"202100039613";"130Â 783";"A01";"1";"30";"0";"0";"3";"1";"1";""
"202100039614";"130Â 782";"A01";"1";"32";"0";"0";"0";"1";"1";""
"202100039615";"130Â 780";"A01";"1";"7";"0";"2";"1";"2";"1";""
"202100039615";"130Â 781";"B01";"1";"7";"0";"2";"4";"2";"1";""
"202100039616";"130Â 777";"A01";"3";"7";"0";"2";"1";"2";"1";""
"202100039616";"130Â 778";"B01";"3";"7";"0";"2";"1";"2";"1";""
"202100039616";"130Â 779";"C01";"3";"10";"0";"2";"4";"2";"1";""
"202100039617";"130Â 775";"B01";"3";"3";"1";"0";"1";"2";"1";""
"202100039617";"130Â 776";"A01";"3";"3";"1";"0";"3";"19";"1";""
"202100039618";"130Â 773";"A01";"0";"7";"0";"2";"2";"15";"0";""
"202100039618";"130Â 774";"B01";"1";"2";"0";"2";"2";"1";"1";""
"202100039619";"130Â 771";"A01";"2";"1";"0";"2";"1";"13";"5";""
"202100039619";"130Â 772";"B01";"1";"7";"0";"2";"1";"1";"1";""
"202100039620";"130Â 769";"B01";"1";"30";"0";"2";"4";"9";"1";""
"202100039620";"130Â 770";"Z01";"1";"7";"0";"1";"1";"1";"1";""
"202100039621";"130Â 768";"A01";"0";"30";"14";"0";"1";"18";"1";""
"202100039622";"130Â 766";"A01";"1";"7";"0";"2";"2";"15";"1";""
"202100039622";"130Â 767";"B01";"1";"33";"0";"2";"1";"19";"1";""
"202100039623";"130Â 764";"A01";"1";"7";"0";"2";"5";"15";"1";""
"202100039623";"130Â 765";"B01";"2";"2";"0";"2";"1";"1";"1";""
"202100039624";"130Â 762";"B01";"1";"33";"0";"2";"3";"1";"1";""
"202100039624";"130Â 763";"A01";"1";"10";"0";"2";"3";"11";"1";""
"202100039625";"130Â 761";"A01";"1";"7";"0";"1";"1";"0";"2";""
"202100039626";"130Â 759";"B01";"1";"15";"0";"2";"8";"1";"6";""
"202100039626";"130Â 760";"A01";"2";"7";"0";"2";"8";"13";"1";""
"202100039627";"130Â 757";"A01";"2";"32";"0";"2";"1";"2";"0";""
"202100039627";"130Â 758";"B01";"2";"37";"0";"0";"4";"2";"0";"1"
"202100039628";"130Â 755";"A01";"2";"7";"0";"2";"1";"5";"1";""
"202100039628";"130Â 756";"B01";"1";"14";"0";"2";"1";"1";"1";""
"202100039629";"130Â 754";"A01";"1";"7";"0";"1";"3";"1";"1";""
"202100039630";"130Â 753";"A01";"0";"2";"0";"0";"0";"1";"1";""
"202100039631";"130Â 752";"A01";"1";"7";"13";"0";"0";"1";"1";""
"202100039632";"130Â 751";"A01";"1";"7";"4";"0";"7";"1";"1";""
"202100039633";"130Â 749";"B01";"2";"7";"0";"0";"3";"9";"1";""
"202100039633";"130Â 750";"A01";"1";"33";"0";"2";"1";"1";"1";""
"202100039634";"130Â 748";"A01";"2";"10";"2";"0";"1";"16";"1";""
"202100039635";"130Â 744";"A01";"2";"7";"0";"2";"6";"15";"1";""
"202100039635";"130Â 745";"B01";"2";"33";"0";"2";"1";"2";"1";""
"202100039636";"130Â 742";"B01";"2";"7";"0";"0";"4";"2";"1";""
"202100039636";"130Â 743";"A01";"2";"33";"0";"2";"1";"2";"1";""
"202100039637";"130Â 740";"B01";"1";"33";"0";"2";"1";"1";"1";""
"202100039637";"130Â 741";"A01";"2";"3";"0";"2";"2";"15";"1";""
"202100039638";"130Â 738";"B01";"0";"7";"0";"2";"1";"2";"0";""
"202100039638";"130Â 739";"A01";"1";"31";"0";"0";"4";"1";"1";""
"202100039639";"130Â 736";"B01";"1";"17";"0";"2";"5";"2";"1";""
"202100039639";"130Â 737";"A01";"1";"17";"0";"2";"1";"2";"1";""
"202100039640";"130Â 735";"A01";"0";"2";"2";"0";"1";"0";"1";""
"202100039641";"130Â 734";"A01";"2";"7";"16";"0";"1";"1";"1";""
"202100039642";"130Â 732";"A01";"3";"7";"8";"2";"7";"19";"1";""
"202100039642";"130Â 733";"B01";"1";"7";"0";"0";"1";"1";"1";""
"202100039643";"130Â 730";"B01";"1";"20";"0";"2";"0";"1";"0";""
"202100039643";"130Â 731";"A01";"1";"7";"0";"0";"0";"0";"1";""
"202100039644";"130Â 726";"A01";"3";"33";"0";"2";"1";"1";"1";""
"202100039644";"130Â 727";"B01";"3";"7";"0";"2";"3";"1";"1";""
"202100039645";"130Â 725";"A01";"2";"7";"16";"0";"2";"1";"1";""
"202100039646";"130Â 723";"A01";"1";"7";"13";"2";"3";"14";"1";""
"202100039646";"130Â 724";"B01";"1";"13";"0";"2";"3";"1";"1";""
"202100039647";"130Â 722";"A01";"1";"7";"0";"1";"2";"1";"1";""
"202100039648";"130Â 721";"A01";"1";"10";"0";"1";"1";"1";"1";""
"202100039649";"130Â 720";"A01";"1";"7";"0";"0";"9";"1";"1";""
"202100039650";"130Â 718";"A01";"2";"7";"6";"0";"1";"1";"1";""
"202100039651";"130Â 716";"B01";"0";"1";"0";"2";"1";"1";"5";""
"202100039651";"130Â 717";"A01";"0";"7";"0";"2";"4";"4";"1";""
"202100039652";"130Â 715";"A01";"1";"7";"6";"0";"1";"1";"1";""
"202100039653";"130Â 714";"A01";"3";"7";"0";"5";"3";"1";"1";""
"202100039654";"130Â 712";"A01";"2";"33";"0";"2";"1";"2";"1";""
"202100039654";"130Â 713";"B01";"2";"17";"0";"2";"4";"1";"1";""
"202100039655";"130Â 710";"A01";"2";"7";"0";"2";"1";"0";"1";""
"202100039655";"130Â 711";"B01";"2";"15";"0";"2";"4";"1";"1";""
"202100039656";"130Â 709";"A01";"1";"32";"12";"0";"7";"1";"1";""
"202100039657";"130Â 708";"A01";"3";"10";"0";"1";"2";"14";"1";""
"202100039658";"130Â 706";"B01";"2";"7";"0";"2";"1";"2";"1";""
"202100039658";"130Â 707";"A01";"2";"7";"0";"6";"1";"1";"1";""
"202100039659";"130Â 704";"A01";"2";"7";"0";"2";"3";"13";"1";""
"202100039659";"130Â 705";"B01";"1";"7";"0";"2";"1";"1";"1";""
"202100039660";"130Â 701";"C01";"2";"7";"0";"2";"2";"1";"1";""
"202100039660";"130Â 702";"B01";"2";"7";"13";"2";"3";"1";"1";""
"202100039660";"130Â 703";"A01";"1";"7";"0";"2";"1";"13";"1";""
"202100039661";"130Â 699";"B01";"1";"2";"0";"2";"1";"1";"1";""
"202100039661";"130Â 700";"A01";"2";"7";"0";"2";"3";"19";"1";""
"202100039662";"130Â 698";"A01";"2";"7";"6";"0";"5";"1";"1";""
"202100039663";"130Â 696";"B01";"1";"17";"0";"0";"4";"2";"1";""
"202100039663";"130Â 697";"A01";"1";"17";"0";"2";"1";"2";"1";""
"202100039664";"130Â 689";"F01";"2";"7";"0";"0";"1";"1";"2";""
"202100039664";"130Â 690";"B01";"2";"7";"0";"0";"1";"1";"1";""
"202100039664";"130Â 691";"A01";"2";"7";"0";"0";"4";"1";"1";""
"202100039664";"130Â 692";"G01";"2";"7";"0";"0";"1";"1";"1";""
"202100039664";"130Â 693";"E01";"2";"7";"0";"0";"1";"1";"1";""
"202100039664";"130Â 694";"D01";"2";"7";"0";"0";"1";"1";"1";""
"202100039664";"130Â 695";"C01";"2";"7";"0";"0";"1";"1";"1";""
"202100039665";"130Â 686";"C01";"1";"7";"0";"2";"4";"2";"2";""
"202100039665";"130Â 687";"A01";"1";"10";"0";"2";"1";"2";"1";""
"202100039665";"130Â 688";"B01";"1";"7";"0";"2";"1";"2";"1";""
"202100039666";"130Â 683";"C01";"1";"10";"0";"2";"2";"1";"1";""
"202100039666";"130Â 684";"B01";"1";"7";"0";"2";"1";"1";"1";""
"202100039666";"130Â 685";"A01";"1";"10";"0";"2";"1";"5";"1";""
"202100039667";"130Â 679";"A01";"2";"10";"0";"2";"1";"2";"1";""
"202100039667";"130Â 680";"B01";"2";"7";"0";"2";"4";"2";"1";""
"202100039667";"130Â 681";"C01";"2";"7";"0";"2";"4";"2";"1";""
"202100039667";"130Â 682";"D01";"2";"7";"0";"2";"4";"2";"1";""
"202100039668";"130Â 678";"A01";"1";"7";"4";"0";"2";"0";"1";""
"202100039669";"130Â 674";"A01";"1";"7";"0";"9";"4";"23";"1";""
"202100039669";"130Â 675";"B01";"1";"7";"1";"0";"0";"23";"1";""
"202100039669";"130Â 676";"C01";"1";"7";"0";"1";"0";"0";"1";""
"202100039669";"130Â 677";"D01";"1";"7";"0";"2";"0";"0";"1";""
"202100039670";"130Â 673";"A01";"1";"7";"3";"0";"3";"13";"1";""
"202100039671";"130Â 672";"A01";"1";"7";"4";"0";"7";"1";"1";""
"202100039672";"130Â 671";"A01";"2";"7";"4";"0";"1";"1";"1";""
"202100039673";"130Â 669";"B01";"2";"33";"0";"2";"6";"2";"1";""
"202100039673";"130Â 670";"Z01";"2";"7";"0";"2";"2";"2";"0";""
"202100039674";"130Â 668";"A01";"1";"7";"4";"0";"2";"1";"1";""
"202100039675";"130Â 666";"A01";"2";"7";"0";"2";"1";"1";"1";""
"202100039675";"130Â 667";"B01";"2";"7";"0";"2";"8";"1";"1";""
"202100039676";"130Â 665";"A01";"1";"7";"4";"0";"3";"12";"1";""
"202100039677";"130Â 664";"A01";"2";"7";"4";"0";"1";"0";"1";""
"202100039678";"130Â 660";"A01";"1";"7";"0";"2";"1";"2";"1";""