"Num_Acc";"id_vehicule";"num_veh";"senc";"catv";"obs";"obsm";"choc";"manv";"motor";"occutc"
"202100039678";"130Â 661";"B01";"1";"7";"1";"0";"4";"2";"2";""
"202100039678";"130Â 662";"C01";"1";"10";"4";"0";"2";"2";"1";""
"202100039678";"130Â 663";"D01";"1";"7";"4";"0";"1";"2";"1";""
"202100039679";"130Â 655";"A01";"2";"7";"0";"2";"4";"23";"1";""
"202100039679";"130Â 656";"B01";"2";"7";"0";"2";"4";"23";"2";""
"202100039679";"130Â 657";"C01";"2";"7";"0";"2";"4";"23";"1";""
"202100039679";"130Â 658";"D01";"2";"7";"0";"2";"4";"23";"1";""
"202100039679";"130Â 659";"E01";"2";"7";"0";"2";"1";"1";"1";""
"202100039680";"130Â 652";"A01";"1";"7";"12";"2";"1";"1";"1";""
"202100039680";"130Â 653";"B01";"2";"7";"0";"2";"1";"1";"1";""
"202100039680";"130Â 654";"C01";"2";"7";"0";"2";"8";"1";"1";""
"202100039681";"130Â 650";"A01";"1";"30";"0";"2";"1";"1";"1";""
"202100039681";"130Â 651";"B01";"2";"7";"0";"2";"7";"1";"1";""
"202100039682";"130Â 648";"B01";"1";"7";"0";"2";"3";"15";"1";""
"202100039682";"130Â 649";"A01";"1";"7";"0";"2";"2";"5";"1";""
"202100039683";"130Â 646";"B01";"2";"32";"0";"2";"1";"26";"1";""
"202100039683";"130Â 647";"A01";"2";"7";"0";"2";"5";"15";"1";""
"202100039684";"130Â 644";"B01";"3";"7";"0";"2";"1";"1";"1";""
"202100039684";"130Â 645";"A01";"3";"7";"0";"2";"7";"19";"1";""
"202100039685";"130Â 642";"B01";"1";"7";"0";"2";"8";"15";"1";""
"202100039685";"130Â 643";"A01";"1";"30";"0";"2";"1";"19";"1";""
"202100039686";"130Â 641";"A01";"1";"10";"2";"0";"1";"1";"1";""
"202100039687";"130Â 640";"A01";"1";"7";"0";"1";"8";"1";"1";""
"202100039688";"130Â 638";"B01";"3";"33";"0";"0";"0";"1";"1";""
"202100039688";"130Â 639";"A01";"3";"7";"0";"0";"0";"9";"0";""
"202100039689";"130Â 637";"A01";"1";"30";"0";"0";"0";"0";"1";""
"202100039690";"130Â 636";"A01";"3";"7";"0";"1";"1";"1";"1";""
"202100039691";"130Â 633";"A01";"1";"1";"0";"2";"1";"25";"5";""
"202100039691";"130Â 634";"C01";"1";"7";"0";"2";"1";"1";"1";""
"202100039691";"130Â 635";"B01";"1";"3";"9";"9";"7";"1";"1";""
"202100039692";"130Â 631";"A01";"1";"7";"0";"9";"2";"16";"1";""
"202100039692";"130Â 632";"B01";"1";"1";"0";"2";"1";"1";"5";""
"202100039693";"130Â 630";"A01";"3";"7";"0";"1";"3";"1";"1";""
"202100039694";"130Â 629";"A01";"3";"7";"8";"0";"1";"0";"1";""
"202100039695";"130Â 626";"A01";"1";"7";"13";"0";"7";"1";"1";""
"202100039696";"130Â 625";"A01";"2";"7";"3";"0";"0";"26";"1";""
"202100039697";"130Â 623";"A01";"1";"7";"0";"9";"1";"15";"0";""
"202100039697";"130Â 624";"B01";"2";"34";"0";"2";"1";"2";"0";""
"202100039698";"130Â 622";"A01";"3";"7";"0";"1";"3";"9";"1";""
"202100039699";"130Â 621";"A01";"2";"7";"13";"0";"6";"1";"1";""
"202100039700";"130Â 620";"A01";"1";"7";"0";"1";"3";"15";"1";""
"202100039701";"130Â 618";"A01";"1";"10";"0";"2";"2";"12";"1";""
"202100039701";"130Â 619";"B01";"1";"31";"0";"2";"8";"0";"1";""
"202100039702";"130Â 616";"A01";"1";"7";"0";"2";"1";"2";"1";""
"202100039702";"130Â 617";"B01";"1";"7";"0";"2";"4";"2";"1";""
"202100039703";"130Â 615";"A01";"1";"7";"14";"0";"9";"1";"1";""
"202100039704";"130Â 613";"B01";"1";"7";"0";"2";"4";"2";"1";""
"202100039704";"130Â 614";"A01";"1";"7";"0";"2";"1";"2";"2";""
"202100039705";"130Â 611";"A01";"1";"7";"9";"2";"1";"13";"2";""
"202100039705";"130Â 612";"B01";"1";"7";"0";"2";"6";"1";"1";""
"202100039706";"130Â 609";"B01";"1";"1";"0";"2";"3";"7";"5";""
"202100039706";"130Â 610";"A01";"1";"7";"0";"2";"2";"16";"1";""
"202100039707";"130Â 606";"A01";"2";"7";"0";"2";"6";"23";"1";""
"202100039707";"130Â 607";"B01";"2";"30";"0";"2";"4";"23";"1";""
"202100039707";"130Â 608";"C01";"2";"7";"0";"2";"1";"2";"1";""
"202100039708";"130Â 604";"A01";"1";"30";"0";"2";"8";"7";"1";""
"202100039708";"130Â 605";"B01";"1";"7";"0";"2";"2";"16";"1";""
"202100039709";"130Â 603";"Z01";"1";"7";"0";"1";"2";"1";"1";""
"202100039710";"130Â 601";"B01";"1";"30";"0";"2";"1";"10";"1";""
"202100039710";"130Â 602";"A01";"2";"32";"0";"2";"3";"1";"1";""
"202100039711";"130Â 599";"A01";"2";"30";"0";"2";"1";"2";"1";""
"202100039711";"130Â 600";"B01";"2";"33";"0";"2";"4";"23";"1";""
"202100039712";"130Â 597";"A01";"2";"30";"0";"2";"3";"1";"1";""
"202100039712";"130Â 598";"B01";"2";"7";"0";"2";"8";"10";"1";""
"202100039713";"130Â 596";"A01";"1";"1";"14";"0";"7";"12";"5";""
"202100039714";"130Â 594";"B01";"2";"10";"0";"2";"1";"2";"3";""
"202100039714";"130Â 595";"A01";"2";"7";"0";"2";"4";"23";"1";""
"202100039715";"130Â 592";"B01";"2";"50";"0";"2";"8";"1";"3";""
"202100039715";"130Â 593";"A01";"1";"7";"8";"2";"2";"15";"1";""
"202100039716";"130Â 590";"A01";"1";"30";"0";"2";"1";"1";"1";""
"202100039716";"130Â 591";"B01";"2";"7";"0";"2";"7";"1";"1";""
"202100039717";"130Â 588";"A01";"0";"30";"0";"0";"3";"1";"1";""
"202100039717";"130Â 589";"Z01";"0";"7";"0";"0";"0";"1";"1";""
"202100039718";"130Â 586";"A01";"1";"30";"0";"2";"1";"2";"1";""
"202100039718";"130Â 587";"B01";"1";"7";"0";"2";"4";"23";"1";""
"202100039719";"130Â 584";"A01";"1";"1";"0";"2";"1";"9";"5";""
"202100039719";"130Â 585";"B01";"2";"7";"0";"2";"1";"1";"1";""
"202100039720";"130Â 581";"C01";"2";"7";"0";"2";"4";"2";"1";""
"202100039720";"130Â 582";"B01";"2";"7";"0";"2";"4";"2";"1";""
"202100039720";"130Â 583";"A01";"2";"7";"0";"2";"1";"2";"1";""
"202100039721";"130Â 580";"A01";"1";"50";"0";"0";"1";"1";"3";""
"202100039722";"130Â 579";"A01";"0";"30";"0";"0";"0";"1";"3";""
"202100039723";"130Â 577";"B01";"3";"2";"0";"2";"1";"16";"1";""
"202100039723";"130Â 578";"A01";"2";"7";"0";"2";"2";"1";"1";""
"202100039724";"130Â 576";"A01";"2";"7";"1";"2";"4";"20";"1";""
"202100039725";"130Â 572";"D01";"2";"7";"0";"2";"2";"1";"1";""
"202100039725";"130Â 573";"C01";"2";"7";"0";"2";"3";"1";"1";""
"202100039725";"130Â 574";"B01";"2";"7";"0";"2";"1";"1";"1";""
"202100039725";"130Â 575";"A01";"2";"7";"11";"2";"9";"6";"1";""
"202100039726";"130Â 570";"A01";"2";"7";"0";"2";"1";"1";"1";""
"202100039726";"130Â 571";"B01";"1";"7";"0";"2";"3";"16";"1";""
"202100039727";"130Â 568";"B01";" -1";"60";"0";"2";"0";"19";"5";""
"202100039727";"130Â 569";"A01";" -1";"7";"0";"9";"0";"1";"0";""
"202100039728";"130Â 566";"B01";"2";"7";"0";"9";"3";"1";"1";""
"202100039728";"130Â 567";"A01";"2";"1";"0";"2";"1";"1";"5";""
"202100039729";"130Â 564";"A01";"0";"32";"0";"2";"8";"1";"1";""
"202100039729";"130Â 565";"B01";"1";"7";"0";"0";"0";"0";"1";""
"202100039730";"130Â 563";"A01";"1";"7";"0";"1";"3";"9";"1";""
"202100039731";"130Â 561";"B01";"1";"33";"0";"2";"7";"1";"1";""
"202100039731";"130Â 562";"A01";"1";"7";"0";"0";"0";"9";"1";""
"202100039732";"130Â 559";"A01";"1";"1";"0";"2";"1";"5";"5";""
"202100039732";"130Â 560";"B01";"1";"7";"0";"2";"8";"1";"1";""
"202100039733";"130Â 558";"A01";"1";"30";"0";"0";"0";"1";"1";""
"202100039734";"130Â 557";"A01";"2";"7";"15";"0";"1";"1";"1";""
"202100039735";"130Â 555";"A01";"2";"7";"8";"2";"2";"17";"1";""
"202100039735";"130Â 556";"B01";"1";"7";"0";"2";"3";"1";"2";""
"202100039736";"130Â 554";"A01";"1";"7";"0";"1";"2";"1";"1";""
"202100039737";"130Â 552";"A01";"1";"2";"0";"2";"1";"0";"1";""
"202100039737";"130Â 553";"B01";"1";"7";"0";"0";"8";"0";"1";""
"202100039738";"130Â 550";"B01";"1";"17";"0";"0";"6";"1";"1";""
"202100039738";"130Â 551";"A01";"1";"7";"0";"2";"2";"12";"1";""
"202100039739";"130Â 549";"A01";"1";"1";"0";"0";"0";"2";"5";""
"202100039740";"130Â 548";"A01";"3";"10";"6";"0";"3";"1";"1";""
"202100039741";"130Â 546";"A01";"2";"7";"0";"2";"2";"12";"1";""
"202100039741";"130Â 547";"B01";"2";"7";"0";"0";"3";"1";"1";""
"202100039742";"130Â 544";"B01";"3";"1";"13";"2";"1";"19";"5";""
"202100039742";"130Â 545";"A01";"3";"7";"0";"9";"2";"26";"1";""
"202100039743";"130Â 543";"A01";"3";"7";"0";"1";"2";"0";"1";""
"202100039744";"130Â 542";"A01";"2";"7";"16";"6";"0";"21";"1";""
"202100039745";"130Â 539";"C01";"2";"7";"0";"2";"1";"2";"1";""
"202100039745";"130Â 540";"B01";"2";"7";"0";"2";"4";"1";"1";""
"202100039745";"130Â 541";"A01";"2";"7";"0";"2";"4";"1";"1";""
"202100039746";"130Â 537";"A01";"2";"7";"0";"2";"3";"0";"1";""
"202100039746";"130Â 538";"B01";"3";"3";"0";"2";"1";"9";"1";""
"202100039747";"130Â 536";"A01";"1";"7";"13";"0";"1";"1";"1";""
"202100039748";"130Â 533";"B01";"1";"7";"0";"2";"1";"1";"1";""
"202100039748";"130Â 534";"A01";"2";"7";"0";"2";"8";"13";"1";""
"202100039749";"130Â 532";"A01";"1";"7";"2";"0";"1";"1";"1";""
"202100039750";"130Â 529";"A01";"2";"7";"0";"2";"3";"11";"1";""
"202100039750";"130Â 530";"B01";"1";"13";"0";"2";"8";"12";"1";""
"202100039750";"130Â 531";"C01";"1";"7";"0";"2";"1";"0";"1";""
"202100039751";"130Â 527";"A01";"1";"7";"0";"2";"7";"13";"1";""
"202100039751";"130Â 528";"B01";"2";"7";"0";"2";"1";"1";"1";""
"202100039752";"130Â 526";"A01";"2";"7";"0";"0";"9";"1";"1";""
"202100039753";"130Â 524";"A01";"1";"7";"0";"2";"3";"13";"1";""
"202100039753";"130Â 525";"B01";"2";"7";"0";"2";"8";"1";"1";""
"202100039754";"130Â 523";"A01";"0";"36";"0";"0";"1";"26";"1";""
"202100039755";"130Â 522";"A01";"1";"7";"8";"0";"1";"13";"1";""
"202100039756";"130Â 521";"A01";"2";"36";"0";"0";"0";"1";"1";""
"202100039757";"130Â 519";"B01";"2";"7";"0";"2";"3";"2";"1";""
"202100039757";"130Â 520";"A01";"1";"1";"0";"2";"2";"17";"5";""
"202100039758";"130Â 518";"A01";"1";"7";"2";"0";"1";"1";"1";""
"202100039759";"130Â 514";"D01";"2";"14";"0";"2";"1";"2";"1";""
"202100039759";"130Â 515";"C01";"2";"15";"0";"2";"4";"23";"1";""
"202100039759";"130Â 516";"B01";"2";"7";"0";"2";"4";"23";"1";""
"202100039759";"130Â 517";"A01";"2";"15";"0";"0";"4";"23";"1";""
"202100039760";"130Â 513";"A01";"2";"7";"0";"1";"2";"1";"1";""
"202100039761";"130Â 511";"B01";"1";"34";"0";"2";"1";"17";"1";""
"202100039761";"130Â 512";"A01";"0";"7";"0";"2";"3";"9";"1";""
"202100039762";"130Â 509";"A01";"2";"7";"0";"2";"3";"1";"1";""
"202100039762";"130Â 510";"B01";"2";"1";"0";"2";"9";"5";"5";""
"202100039763";"130Â 508";"A01";"1";"7";"0";"1";"1";"1";"1";""
"202100039764";"130Â 507";"A01";"3";"34";"6";"0";"1";"1";"1";""
"202100039765";"130Â 506";"A01";"3";"32";"0";"0";"1";"1";"1";""
"202100039766";"130Â 504";"B01";"2";"1";"0";"2";"3";"13";"5";""
"202100039766";"130Â 505";"A01";"2";"38";"0";"9";"5";"2";"1";"1"
"202100039767";"130Â 502";"B01";"2";"7";"0";"0";"1";"1";"1";""
"202100039767";"130Â 503";"A01";"1";"7";"0";"2";"1";"13";"1";""
"202100039768";"130Â 500";"B01";"1";"7";"0";"0";"6";"23";"2";""
"202100039768";"130Â 501";"A01";"1";"1";"1";"0";"1";"1";"5";""
"202100039769";"130Â 499";"A01";"1";"7";"0";"1";"2";"1";"1";""
"202100039770";"130Â 497";"A01";"2";"33";"0";"2";"1";"13";"1";""
"202100039770";"130Â 498";"B01";"1";"33";"0";"2";"1";"1";"1";""
"202100039771";"130Â 496";"A01";"1";"7";"9";"0";"1";"0";"1";""
"202100039772";"130Â 495";"A01";"1";"7";"2";"0";"1";"16";"1";""
"202100039773";"130Â 493";"A01";"1";"33";"0";"2";"1";"2";"1";""
"202100039773";"130Â 494";"B01";"1";"7";"0";"0";"4";"2";"1";""
"202100039774";"130Â 491";"B01";"3";"1";"0";"0";"0";"2";"5";""
"202100039774";"130Â 492";"A01";"3";"37";"0";"0";"0";"2";"1";"1"
"202100039775";"130Â 490";"A01";"2";"7";"2";"0";"1";"1";"1";""
"202100039776";"130Â 488";"A01";"3";"7";"13";"2";"3";"1";"1";""
"202100039776";"130Â 489";"B01";"3";"2";"0";"2";"1";"1";"1";""
"202100039777";"130Â 487";"A01";"0";"33";"12";"0";"0";"26";"1";""
"202100039778";"130Â 486";"A01";"0";"7";"0";"1";"1";"17";"1";""
"202100039779";"130Â 485";"A01";"2";"7";"13";"0";"3";"1";"1";""
"202100039780";"130Â 482";"A01";"2";"7";"0";"2";"4";"2";"1";""
"202100039780";"130Â 483";"B01";"2";"7";"0";"2";"4";"2";"3";""
"202100039780";"130Â 484";"C01";"2";"7";"0";"2";"1";"2";"1";""
"202100039781";"130Â 480";"A01";"1";"7";"0";"2";"2";"2";"1";""
"202100039781";"130Â 481";"B01";"1";"7";"0";"2";"5";"2";"1";""
"202100039782";"130Â 478";"B01";"2";"33";"0";"2";"7";"1";"1";""
"202100039782";"130Â 479";"A01";"2";"15";"0";"2";"8";"13";"1";""
"202100039783";"130Â 473";"C01";"1";"7";"0";"2";"0";"2";"1";""
"202100039783";"130Â 474";"D01";"1";"7";"0";"2";"4";"2";"1";""
"202100039783";"130Â 475";"E01";"1";"7";"0";"2";"4";"2";"1";""
"202100039783";"130Â 476";"B01";"1";"7";"0";"2";"4";"2";"1";""
"202100039783";"130Â 477";"A01";"1";"7";"0";"2";"1";"1";"1";""
"202100039784";"130Â 471";"A01";"1";"7";"0";"2";"1";"2";"1";""
"202100039784";"130Â 472";"B01";"1";"7";"0";"2";"4";"2";"1";""
"202100039785";"130Â 470";"A01";"1";"7";"4";"0";"1";"1";"1";""
"202100039786";"130Â 467";"A01";"2";"10";"0";"2";"3";"1";"1";""
"202100039786";"130Â 468";"B01";"2";"7";"0";"2";"2";"23";"1";""
"202100039786";"130Â 469";"C01";"2";"7";"0";"2";"4";"23";"1";""
"202100039787";"130Â 466";"A01";"2";"7";"4";"0";"5";"1";"1";""
"202100039788";"130Â 464";"B01";"2";"10";"3";"2";"8";"12";"1";""
"202100039788";"130Â 465";"A01";"2";"10";"4";"2";"6";"17";"1";""
"202100039789";"130Â 463";"A01";"1";"7";"3";"0";"2";"26";"1";""
"202100039790";"130Â 461";"A01";"2";"33";"0";"2";"1";"2";"1";""
"202100039790";"130Â 462";"B01";"2";"7";"0";"2";"4";"2";"1";""
"202100039791";"130Â 459";"A01";"1";"7";"1";"0";"2";"26";"1";""
"202100039791";"130Â 460";"B01";"1";"7";"0";"2";"6";"24";"1";""
"202100039792";"130Â 456";"C01";"1";"7";"0";"2";"4";"1";"1";""
"202100039792";"130Â 457";"B01";"1";"7";"0";"2";"4";"1";"1";""
"202100039792";"130Â 458";"A01";"1";"7";"0";"2";"1";"1";"1";""
"202100039793";"130Â 454";"B01";"1";"7";"0";"0";"4";"6";"1";""
"202100039793";"130Â 455";"A01";"1";"33";"0";"2";"1";"1";"1";""
"202100039794";"130Â 451";"C01";"2";"7";"0";"2";"1";"2";"1";""
"202100039794";"130Â 452";"B01";"2";"7";"0";"2";"9";"2";"2";""
"202100039794";"130Â 453";"A01";"2";"7";"0";"2";"4";"2";"1";""
"202100039795";"130Â 449";"A01";"1";"7";"0";"2";"7";"17";"1";""
"202100039795";"130Â 450";"B01";"1";"7";"0";"2";"1";"1";"1";""
"202100039796";"130Â 444";"A01";"2";"7";"0";"2";"1";"1";"1";""
"202100039796";"130Â 445";"B01";"2";"7";"0";"2";"4";"1";"1";""
"202100039796";"130Â 446";"C01";"2";"7";"0";"2";"4";"1";"1";""
"202100039796";"130Â 447";"D01";"2";"7";"0";"2";"4";"0";"1";""
"202100039796";"130Â 448";"E01";"2";"7";"0";"2";"4";"0";"1";""
"202100039797";"130Â 443";"A01";"1";"7";"13";"0";"1";"14";"1";""
"202100039798";"130Â 442";"A01";"1";"7";"0";"1";"2";"1";"1";""
"202100039799";"130Â 441";"A01";"1";"7";"0";"0";"0";"1";"1";""
"202100039800";"130Â 439";"B01";"1";"7";"0";"2";"3";"1";"1";""
"202100039800";"130Â 440";"A01";"1";"7";"0";"2";"1";"1";"1";""
"202100039801";"130Â 437";"B01";"1";"7";"0";"2";"3";"1";"1";""
"202100039801";"130Â 438";"A01";"1";"7";"0";"2";"2";"1";"1";""
"202100039802";"130Â 435";"B01";"1";"7";"0";"2";"4";"2";"1";""
"202100039802";"130Â 436";"A01";"1";"7";"0";"2";"1";"2";"1";""
"202100039803";"130Â 433";"A01";"2";"7";"0";"2";"1";"17";"1";""
"202100039803";"130Â 434";"B01";"1";"7";"0";"2";"3";"2";"1";""
"202100039804";"130Â 431";"A01";"2";"1";"0";"2";"7";"1";"5";""
"202100039804";"130Â 432";"B01";"2";"7";"0";"2";"3";"1";"1";""
"202100039805";"130Â 429";"A01";"3";"7";"0";"2";"1";"15";"1";""
"202100039805";"130Â 430";"B01";"3";"2";"0";"2";"1";"1";"1";""
"202100039806";"130Â 427";"A01";"1";"7";"0";"2";"6";"17";"1";""
"202100039806";"130Â 428";"B01";"1";"7";"0";"2";"2";"1";"3";""
"202100039807";"130Â 425";"A01";"3";"7";"0";"9";"2";"1";"1";""
"202100039807";"130Â 426";"Y01";"3";"1";"0";"2";"1";"1";"0";""
"202100039808";"130Â 424";"A01";"1";"99";"8";"0";"2";"13";"1";""
"202100039809";"130Â 422";"B01";"3";"32";"0";"2";"1";"17";"1";""
"202100039809";"130Â 423";"A01";"3";"7";"0";"2";"8";"15";"1";""
"202100039810";"130Â 421";"A01";"3";"7";"17";"0";"0";"1";" -1";""
"202100039811";"130Â 419";"B01";"1";"2";"0";"2";"4";"23";"1";""
"202100039811";"130Â 420";"A01";"1";"7";"0";"2";"0";"0";"0";""
"202100039812";"130Â 415";"A01";"2";"10";"0";"9";"7";"16";"1";""
"202100039812";"130Â 416";"B01";"2";"1";"0";"2";"0";"0";"5";""
"202100039813";"130Â 413";"A01";"2";"7";"0";"2";"1";"1";"1";""
"202100039813";"130Â 414";"B01";"1";"50";"0";"2";"0";"5";"3";""
"202100039814";"130Â 411";"B01";"1";"7";"0";"2";"6";"2";"1";""
"202100039814";"130Â 412";"A01";"1";"7";"1";"2";"2";"2";"1";""
"202100039815";"130Â 409";"A01";"1";"7";"0";"2";"1";"1";"1";""
"202100039815";"130Â 410";"B01";"2";"2";"0";"2";"8";"7";"1";""
"202100039816";"130Â 407";"A01";"2";"2";"0";"9";"1";"1";"1";""
"202100039816";"130Â 408";"B01";"2";"1";"0";"2";"3";"19";"0";""
"202100039817";"130Â 406";"A01";"0";"7";"2";"0";"2";"1";"1";""
"202100039818";"130Â 404";"A01";"0";"7";"0";"2";"1";"1";"1";""
"202100039818";"130Â 405";"B01";"0";"7";"0";"2";"5";"1";"1";""
"202100039819";"130Â 402";"A01";"1";"7";"0";"2";"3";"15";"1";""
"202100039819";"130Â 403";"B01";"0";"1";"0";"0";"0";"0";"5";""
"202100039820";"130Â 401";"A01";"1";"7";"0";"1";"1";"26";"1";""
"202100039821";"130Â 400";"A01";"1";"7";"8";"0";"7";"1";"1";""
"202100039822";"130Â 398";"B01";"1";"7";"0";"2";"8";"1";"1";""
"202100039822";"130Â 399";"A01";"1";"50";"0";"2";"0";"13";"3";""
"202100039823";"130Â 396";"A01";"0";"30";"0";"2";"7";"9";"1";""
"202100039823";"130Â 397";"B01";"0";"30";"0";"0";"0";"1";"1";""
"202100039824";"130Â 394";"A01";"0";"7";"0";"2";"3";"15";"1";""
"202100039824";"130Â 395";"B01";"0";"7";"0";"2";"3";"15";"1";""
"202100039825";"130Â 392";"B01";"2";"7";"0";"2";"1";"2";"1";""
"202100039825";"130Â 393";"A01";"1";"7";"0";"2";"7";"13";"1";""
"202100039826";"130Â 389";"B01";"2";"7";"0";"2";"2";"15";"1";""
"202100039826";"130Â 390";"A01";"2";"7";"0";"2";"1";"1";"1";""
"202100039826";"130Â 391";"C01";"1";"7";"0";"2";"3";"1";"1";""
"202100039827";"130Â 388";"A01";"1";"7";"13";"0";"1";"26";"1";""
"202100039828";"130Â 386";"A01";"1";"7";"0";"2";"1";"1";"1";""
"202100039828";"130Â 387";"B01";"2";"7";"0";"2";"1";"15";"1";""
"202100039829";"130Â 385";"A01";"1";"3";"0";"0";"0";"9";"0";""
"202100039830";"130Â 383";"B01";"3";"7";"0";"2";"5";"1";"1";""
"202100039830";"130Â 384";"A01";"3";"10";"0";"2";"1";"1";"0";""
"202100039831";"130Â 382";"A01";"1";"7";"0";"0";"1";"0";"1";""
"202100039832";"130Â 380";"B01";"1";"33";"0";"2";"7";"1";"1";""
"202100039832";"130Â 381";"A01";"3";"7";"0";"2";"8";"20";"1";""
"202100039833";"130Â 379";"A01";"1";"7";"0";"1";"1";"15";"1";""
"202100039834";"130Â 378";"A01";"3";"7";"3";"0";"3";"26";"1";""
"202100039835";"130Â 377";"A01";"1";"7";"0";"1";"1";"1";"1";""
"202100039836";"130Â 375";"B01";"3";"10";"0";"2";"1";"1";"1";""
"202100039836";"130Â 376";"A01";"3";"10";"0";"2";"7";"1";"1";""
"202100039837";"130Â 372";"A01";"1";"7";"0";"2";"9";"1";"1";""
"202100039837";"130Â 373";"B01";"2";"7";"0";"2";"1";"1";"1";""
"202100039837";"130Â 374";"C01";"2";"7";"0";"2";"4";"23";"1";""
"202100039838";"130Â 370";"B01";"0";"10";"0";"2";"3";"1";"1";""
"202100039838";"130Â 371";"A01";"1";"43";"0";"2";"3";"1";"1";""
"202100039839";"130Â 369";"A01";"1";"30";"0";"0";"7";"21";"1";""
"202100039840";"130Â 367";"A01";"2";"7";"0";"2";"2";"1";"1";""
"202100039840";"130Â 368";"B01";"1";"33";"0";"2";"1";"1";"1";""
"202100039841";"130Â 366";"A01";"2";"7";"1";"0";"2";"14";"1";""
"202100039842";"130Â 363";"A01";"1";"10";"0";"2";"1";"1";"1";""
"202100039842";"130Â 364";"B01";"1";"7";"0";"2";"4";"1";"1";""
"202100039842";"130Â 365";"C01";"1";"7";"0";"2";"4";"1";"3";""
"202100039843";"130Â 361";"A01";"2";"30";"0";"2";"1";"17";"1";""
"202100039843";"130Â 362";"B01";"2";"7";"0";"2";"8";"15";"1";""
"202100039844";"130Â 359";"A01";"1";"7";"0";"2";"3";"1";"1";""
"202100039844";"130Â 360";"B01";"2";"7";"0";"2";"6";"1";"1";""
"202100039845";"130Â 358";"A01";"0";"50";"0";"0";"0";"19";"3";""
"202100039846";"130Â 356";"A01";"0";"7";"0";"2";"7";"19";"1";""
"202100039846";"130Â 357";"B01";"3";"37";"0";"2";"1";"1";"1";"1"
"202100039847";"130Â 354";"A01";"1";"31";"0";"2";"8";"1";"1";""
"202100039847";"130Â 355";"B01";"2";"7";"0";"2";"4";"10";"1";""
"202100039848";"130Â 352";"A01";"2";"1";"0";"2";"1";"1";"5";""
"202100039848";"130Â 353";"B01";"3";"7";"0";"2";"3";"1";"1";""
"202100039849";"130Â 351";"A01";"2";"7";"9";"0";"1";"15";"1";""
"202100039850";"130Â 349";"A01";"1";"1";"0";"2";"1";"26";"0";""
"202100039850";"130Â 350";"B01";"1";"7";"0";"9";"3";"15";"1";""
"202100039851";"130Â 347";"B01";"0";"7";"0";"2";"1";"1";"1";""
"202100039851";"130Â 348";"A01";"0";"7";"0";"2";"7";"15";"1";""
"202100039852";"130Â 345";"B01";"3";"7";"0";"2";"3";"2";"1";""
"202100039852";"130Â 346";"A01";"3";"10";"3";"2";"5";"1";"1";""
"202100039853";"130Â 344";"A01";"3";"7";"1";"1";"1";"18";"1";""
"202100039854";"130Â 342";"B01";"1";"7";"0";"2";"4";"1";"1";""
"202100039854";"130Â 343";"A01";"1";"7";"0";"2";"1";"11";"1";""
"202100039855";"130Â 340";"A01";"1";"7";"0";"2";"6";"24";"1";""
"202100039855";"130Â 341";"B01";"1";"1";"1";"0";"6";"1";"5";""
"202100039856";"130Â 338";"A01";"2";"7";"0";"2";"3";"13";"1";""
"202100039856";"130Â 339";"B01";"1";"38";"0";"2";"3";"1";"1";"3"
"202100039857";"130Â 337";"A01";"1";"7";"13";"0";"1";"13";"1";""
"202100039858";"130Â 336";"A01";"3";"50";"0";"0";"0";"1";"3";""
"202100039859";"130Â 335";"A01";"1";"7";"13";"0";"2";"1";"1";""
"202100039860";"130Â 334";"A01";"2";"33";"0";"0";"0";"1";"1";""
"202100039861";"130Â 332";"A01";"2";"7";"9";"2";"3";"6";"1";""
"202100039861";"130Â 333";"B01";"1";"7";"12";"2";"3";"1";"1";""
"202100039862";"130Â 330";"A01";"1";"36";"13";"0";"0";"2";"1";""
"202100039862";"130Â 331";"B01";"1";"36";"0";"0";"0";"2";"1";""
"202100039863";"130Â 329";"A01";"3";"7";"2";"0";"2";"1";"1";""
"202100039864";"130Â 328";"A01";"1";"10";"6";"0";"1";"1";"1";""
"202100039865";"130Â 326";"A01";"0";"7";"0";"2";"3";"15";"1";""
"202100039865";"130Â 327";"B01";"2";"33";"0";"2";"1";"1";"1";""
"202100039866";"130Â 325";"A01";"1";"7";"2";"0";"7";"1";"1";""
"202100039867";"130Â 322";"C01";"2";"7";"0";"2";"4";"1";"1";""
"202100039867";"130Â 323";"B01";"2";"7";"0";"2";"2";"17";"1";""
"202100039867";"130Â 324";"A01";"2";"33";"0";"2";"1";"11";"1";""
"202100039868";"130Â 320";"B01";"1";"7";"0";"2";"3";"1";"1";""
"202100039868";"130Â 321";"A01";"2";"7";"0";"2";"8";"1";"1";""
"202100039869";"130Â 319";"A01";"2";"7";"2";"0";"1";"1";"1";""
"202100039870";"130Â 318";"A01";"1";"7";"2";"0";"2";"1";"1";""
"202100039871";"130Â 317";"A01";"2";"7";"6";"0";"1";"0";"1";""
"202100039872";"130Â 316";"A01";"1";"33";"0";"0";"7";"1";"1";""
"202100039873";"130Â 315";"A01";"1";"1";"0";"0";"0";"0";"5";""
"202100039874";"130Â 314";"A01";"0";"2";"1";"0";"1";"26";"1";""
"202100039875";"130Â 313";"A01";"3";"31";"14";"0";"0";"0";"1";""
"202100039876";"130Â 311";"A01";"1";"2";"0";"2";"7";"14";"1";""
"202100039876";"130Â 312";"B01";"3";"7";"0";"2";"3";"23";"1";""
"202100039877";"130Â 310";"A01";"2";"7";"2";"0";"1";"1";"0";""