"Num_Acc";"id_vehicule";"num_veh";"senc";"catv";"obs";"obsm";"choc";"manv";"motor";"occutc"
"202100039878";"130Â 308";"A01";"3";"7";"0";"2";"2";"1";"1";""
"202100039878";"130Â 309";"B01";"3";"33";"0";"2";"1";"19";"1";""
"202100039879";"130Â 305";"A01";"1";"7";"0";"2";"2";"1";"1";""
"202100039879";"130Â 306";"B01";"1";"7";"0";"0";"3";"1";"1";""
"202100039880";"130Â 304";"A01";"2";"33";"3";"0";"1";"0";"1";""
"202100039881";"130Â 302";"A01";"1";"7";"0";"2";"3";"1";"1";""
"202100039881";"130Â 303";"B01";"1";"2";"0";"2";"1";"19";"1";""
"202100039882";"130Â 299";"A01";"2";"7";"0";"2";"2";"12";"1";""
"202100039882";"130Â 300";"B01";"2";"33";"0";"2";"3";"3";"1";""
"202100039883";"130Â 297";"B01";"2";"7";"0";"0";"2";"0";"1";""
"202100039883";"130Â 298";"A01";"1";"7";"0";"0";"1";"1";"1";""
"202100039884";"130Â 296";"A01";"1";"33";"8";"0";"7";"1";"1";""
"202100039885";"130Â 294";"A01";"2";"13";"0";"2";"1";"1";"1";""
"202100039885";"130Â 295";"B01";"1";"7";"0";"2";"1";"1";"1";""
"202100039886";"130Â 293";"A01";"1";"7";"13";"0";"0";"1";"1";""
"202100039887";"130Â 292";"A01";"2";"7";"15";"0";"4";"19";"1";""
"202100039888";"130Â 290";"A01";"2";"1";"0";"2";"2";"15";"5";""
"202100039888";"130Â 291";"B01";"1";"7";"0";"9";"2";"1";"1";""
"202100039889";"130Â 289";"A01";"3";"7";"2";"0";"1";"1";"1";""
"202100039890";"130Â 287";"A01";"1";"7";"0";"2";"1";"5";"1";""
"202100039890";"130Â 288";"B01";"1";"33";"0";"2";"1";"2";"1";""
"202100039891";"130Â 286";"A01";"2";"7";"13";"0";"3";"14";"1";""
"202100039892";"130Â 284";"B01";"0";"7";"15";"2";"1";"1";"1";""
"202100039892";"130Â 285";"A01";"3";"10";"15";"2";"2";"1";"1";""
"202100039893";"130Â 283";"A01";"1";"10";"10";"0";"2";"1";"1";""
"202100039894";"130Â 280";"A01";"1";"7";"15";"0";"2";"1";"1";""
"202100039895";"130Â 277";"B01";"2";"7";"0";"2";"1";"2";"1";""
"202100039895";"130Â 278";"A01";"2";"7";"0";"2";"4";"1";"1";""
"202100039896";"130Â 275";"A01";"1";"7";"0";"2";"2";"14";"1";""
"202100039896";"130Â 276";"B01";"1";"7";"4";"0";"0";"0";"1";""
"202100039897";"130Â 274";"A01";"1";"7";"4";"0";"1";"1";"1";""
"202100039898";"130Â 272";"A01";"2";"7";"0";"2";"1";"2";"1";""
"202100039898";"130Â 273";"B01";"2";"7";"0";"2";"4";"2";"1";""
"202100039899";"130Â 271";"A01";"1";"7";"4";"0";"2";"1";"1";""
"202100039900";"130Â 270";"A01";"1";"7";"3";"0";"1";"1";"1";""
"202100039901";"130Â 269";"A01";"1";"7";"4";"0";"1";"9";"1";""
"202100039902";"130Â 267";"B01";"2";"7";"0";"2";"4";"1";"1";""
"202100039902";"130Â 268";"A01";"2";"7";"0";"2";"1";"1";"1";""
"202100039903";"130Â 265";"B01";"2";"17";"0";"2";"4";"26";"1";""
"202100039903";"130Â 266";"A01";"2";"10";"0";"2";"1";"26";"1";""
"202100039904";"130Â 263";"B01";"1";"7";"0";"2";"2";"16";"1";""
"202100039904";"130Â 264";"A01";"1";"32";"0";"2";"1";"7";"1";""
"202100039905";"130Â 261";"B01";"1";"7";"15";"2";"1";"1";"1";""
"202100039905";"130Â 262";"A01";"2";"7";"9";"2";"1";"15";"1";""
"202100039906";"130Â 257";"B01";"2";"10";"0";"2";"4";"23";"1";""
"202100039906";"130Â 258";"A01";"2";"10";"0";"2";"1";"1";"1";""
"202100039906";"130Â 259";"D01";"2";"10";"0";"2";"4";"23";"1";""
"202100039906";"130Â 260";"C01";"2";"7";"0";"2";"4";"23";"1";""
"202100039907";"130Â 256";"A01";"1";"7";"0";"1";"2";"1";"1";""
"202100039908";"130Â 254";"B01";"3";"7";"0";"2";"4";"1";"1";""
"202100039908";"130Â 255";"A01";"2";"2";"0";"2";"1";"1";"1";""
"202100039909";"130Â 252";"A01";"2";"7";"0";"2";"1";"2";"1";""
"202100039909";"130Â 253";"B01";"2";"7";"0";"2";"4";"2";"1";""
"202100039910";"130Â 250";"B01";"1";"33";"0";"2";"2";"0";"1";""
"202100039910";"130Â 251";"A01";"1";"7";"0";"2";"2";"15";"1";""
"202100039911";"130Â 248";"B01";"1";"7";"0";"2";"3";"2";"1";""
"202100039911";"130Â 249";"A01";"2";"7";"0";"2";"3";"15";"1";""
"202100039912";"130Â 246";"A01";"3";"7";"0";"9";"1";"1";"0";""
"202100039912";"130Â 247";"B01";"1";"50";"0";"2";"6";"25";"3";""
"202100039913";"130Â 245";"A01";"0";"7";"0";"1";"1";"1";"1";""
"202100039914";"130Â 242";"C01";"1";"7";"0";"2";"4";"2";"1";""
"202100039914";"130Â 243";"B01";"1";"7";"0";"2";"4";"2";"1";""
"202100039914";"130Â 244";"A01";"1";"7";"0";"2";"1";"2";"1";""
"202100039915";"130Â 240";"B01";"1";"7";"0";"2";"6";"1";"1";""
"202100039915";"130Â 241";"A01";"1";"7";"0";"2";"2";"9";"1";""
"202100039916";"130Â 238";"B01";"2";"7";"1";"0";"4";"23";"1";""
"202100039916";"130Â 239";"A01";"2";"14";"1";"0";"1";"23";"1";""
"202100039917";"130Â 237";"A01";"3";"7";"0";"1";"5";"23";"1";""
"202100039918";"130Â 235";"A01";"2";"7";"0";"2";"8";"1";"1";""
"202100039918";"130Â 236";"B01";"1";"7";"0";"2";"1";"1";"1";""
"202100039919";"130Â 233";"A01";"1";"2";"0";"2";"1";"16";"1";""
"202100039919";"130Â 234";"B01";"2";"7";"0";"2";"0";"5";"1";""
"202100039920";"130Â 232";"A01";"1";"7";"0";"1";"2";"16";"1";""
"202100039921";"130Â 230";"B01";"2";"7";"0";"2";"2";"1";"1";""
"202100039921";"130Â 231";"A01";"2";"7";"11";"2";"1";"6";"1";""
"202100039922";"130Â 227";"A01";"0";"7";"0";"1";"0";"19";"0";""
"202100039923";"130Â 225";"B01";"1";"1";"0";"2";"4";"1";"5";""
"202100039923";"130Â 226";"A01";"1";"7";"0";"2";"1";"9";"1";""
"202100039924";"130Â 223";"A01";"2";"7";"0";"2";"1";"9";"1";""
"202100039924";"130Â 224";"B01";"2";"7";"0";"2";"5";"1";"1";""
"202100039925";"130Â 220";"A01";"2";"7";"0";"2";"1";"0";"1";""
"202100039925";"130Â 221";"C01";"2";"7";"0";"2";"4";"23";"1";""
"202100039925";"130Â 222";"B01";"2";"7";"0";"2";"9";"0";"1";""
"202100039926";"130Â 218";"B01";"2";"7";"0";"2";"2";"1";"1";""
"202100039926";"130Â 219";"A01";"1";"1";"0";"2";"0";"19";"5";""
"202100039927";"130Â 216";"A01";"3";"7";"0";"2";"1";"15";"1";""
"202100039927";"130Â 217";"B01";"3";"7";"0";"2";"3";"2";"1";""
"202100039928";"130Â 214";"A01";"2";"7";"0";"2";"1";"1";"1";""
"202100039928";"130Â 215";"B01";"2";"10";"0";"2";"6";"23";"1";""
"202100039929";"130Â 213";"A01";"3";"30";"0";"0";"3";"1";"1";""
"202100039930";"130Â 211";"A01";"1";"7";"0";"0";" -1";"1";"1";""
"202100039930";"130Â 212";"B01";"2";"7";"0";"9";"1";"1";"1";""
"202100039931";"130Â 209";"B01";"0";"40";"0";"0";"7";"24";"3";""
"202100039931";"130Â 210";"A01";"2";"1";"0";"4";"0";"2";"5";""
"202100039932";"130Â 207";"B01";"1";"33";"0";"2";"9";"2";"1";""
"202100039932";"130Â 208";"A01";"1";"7";"0";"2";"1";"15";"1";""
"202100039933";"130Â 205";"A01";"2";"7";"0";"2";"1";"9";"1";""
"202100039933";"130Â 206";"B01";"1";"1";"0";"2";"7";"1";"5";""
"202100039934";"130Â 204";"A01";"1";"7";"0";"1";"2";"15";"1";""
"202100039935";"130Â 203";"A01";"1";"7";"15";"0";"1";"0";"1";""
"202100039936";"130Â 201";"B01";"2";"10";"0";"2";"8";"19";"1";""
"202100039936";"130Â 202";"A01";"2";"7";"0";"2";"1";"19";"1";""
"202100039937";"130Â 200";"A01";"0";"7";"6";"0";"1";"16";"1";""
"202100039938";"130Â 199";"A01";"1";"7";"0";"1";"1";"19";"1";""
"202100039939";"130Â 197";"A01";"2";"7";"0";"2";"1";"9";"1";""
"202100039939";"130Â 198";"B01";"2";"7";"0";"2";"3";"1";"1";""
"202100039940";"130Â 195";"A01";"1";"1";"1";"0";"1";"17";"5";""
"202100039940";"130Â 196";"B01";"1";"7";"1";"0";"3";"22";"1";""
"202100039941";"130Â 194";"A01";"3";"7";"0";"1";"2";"26";"1";""
"202100039942";"130Â 192";"A01";"1";"7";"0";"2";"3";"9";"1";""
"202100039942";"130Â 193";"B01";"2";"2";"0";"2";"7";"1";"1";""
"202100039943";"130Â 190";"B01";"1";"7";"0";"2";"3";"1";"1";""
"202100039943";"130Â 191";"A01";"1";"1";"0";"2";"1";"1";"5";""
"202100039944";"130Â 188";"B01";"2";"7";"0";"2";"8";"1";"1";""
"202100039944";"130Â 189";"A01";"2";"7";"0";"2";"3";"1";"1";""
"202100039945";"130Â 187";"A01";"2";"7";"0";"1";"2";"1";"1";""
"202100039946";"130Â 184";"C01";"2";"7";"0";"2";"3";"1";"1";""
"202100039946";"130Â 185";"B01";"1";"7";"0";"2";"5";"2";"1";""
"202100039946";"130Â 186";"A01";"1";"7";"0";"2";"3";"2";"2";""
"202100039947";"130Â 182";"B01";"0";"37";"0";"2";"0";"1";"1";"1"
"202100039947";"130Â 183";"A01";"0";"30";"0";"2";"0";"0";"1";""
"202100039948";"130Â 180";"B01";"2";"1";"0";"2";"1";"1";"5";""
"202100039948";"130Â 181";"A01";"2";"7";"0";"2";"6";"9";"1";""
"202100039949";"130Â 178";"A01";"1";"7";"0";"2";"2";"1";"1";""
"202100039949";"130Â 179";"B01";"1";"31";"0";"2";"3";"1";"1";""
"202100039950";"130Â 177";"A01";"1";"7";"6";"2";"1";"14";"1";""
"202100039951";"130Â 175";"B01";"2";"7";"0";"2";"1";"1";"1";""
"202100039951";"130Â 176";"A01";"1";"7";"0";"2";"1";"1";"1";""
"202100039952";"130Â 173";"Z01";"3";"7";"0";"2";"1";"2";"1";""
"202100039952";"130Â 174";"B01";"1";"7";"0";"2";"4";"1";"1";""
"202100039953";"130Â 172";"A01";"1";"33";"0";"1";"1";"0";"1";""
"202100039954";"130Â 170";"B01";"1";"33";"0";"2";"1";"17";"1";""
"202100039954";"130Â 171";"A01";"3";"7";"0";"2";"6";"13";"1";""
"202100039955";"130Â 169";"A01";"2";"7";"2";"0";"2";"14";"1";""
"202100039956";"130Â 168";"A01";"3";"30";"6";"0";"1";"15";"1";""
"202100039957";"130Â 166";"B01";"2";"7";"0";"2";"1";"1";"1";""
"202100039957";"130Â 167";"A01";"1";"7";"0";"2";"1";"15";"1";""
"202100039958";"130Â 164";"B01";"2";"33";"0";"2";"1";"17";"1";""
"202100039958";"130Â 165";"A01";"2";"7";"0";"2";"8";"10";"1";""
"202100039959";"130Â 163";"A01";"1";"1";"4";"0";"1";"1";"5";""
"202100039960";"130Â 161";"A01";"1";"43";"0";"2";"2";"1";"1";""
"202100039960";"130Â 162";"B01";"1";"7";"0";"2";"8";"22";"2";""
"202100039961";"130Â 159";"A01";"1";"7";"0";"2";"5";"12";"1";""
"202100039961";"130Â 160";"B01";"1";"32";"0";"2";"1";"3";"1";""
"202100039962";"130Â 158";"A01";"3";"32";"14";"0";"1";"15";"1";""
"202100039963";"130Â 156";"A01";"1";"7";"0";"2";"6";"19";"1";""
"202100039963";"130Â 157";"B01";"2";"2";"0";"2";"1";"1";"1";""
"202100039964";"130Â 154";"B01";"1";"7";"0";"2";"3";"16";"1";""
"202100039964";"130Â 155";"A01";"3";"7";"0";"2";"2";"1";"1";""
"202100039965";"130Â 152";"B01";"1";"7";"0";"2";"8";"1";"1";""
"202100039965";"130Â 153";"A01";"2";"14";"0";"2";"3";"1";"1";""
"202100039966";"130Â 150";"B01";"1";"33";"0";"2";"4";"2";"1";""
"202100039966";"130Â 151";"A01";"1";"7";"0";"2";"1";"1";"1";""
"202100039967";"130Â 148";"B01";"1";"10";"0";"2";"4";"23";"1";""
"202100039967";"130Â 149";"A01";"1";"7";"0";"2";"1";"2";"1";""
"202100039968";"130Â 147";"A01";"2";"33";"0";"0";"0";"26";"1";""
"202100039969";"130Â 145";"B01";"1";"32";"0";"2";"2";"5";"1";""
"202100039969";"130Â 146";"A01";"1";"7";"0";"2";"3";"15";"1";""
"202100039970";"130Â 143";"A01";"3";"30";"0";"2";"0";"0";"1";""
"202100039970";"130Â 144";"B01";"1";"7";"0";"0";"0";"0";"1";""
"202100039971";"130Â 142";"A01";"3";"7";"0";"1";"2";"1";"1";""
"202100039972";"130Â 140";"B01";"2";"7";"0";"2";"3";"15";"1";""
"202100039972";"130Â 141";"A01";"2";"33";"0";"2";"2";"1";"1";""
"202100039973";"130Â 139";"A01";"1";"7";"1";"0";"3";"5";"0";""
"202100039974";"130Â 137";"A01";"1";"37";"0";"2";"6";"1";"1";"1"
"202100039974";"130Â 138";"B01";"2";"30";"0";"2";"1";"1";"1";""
"202100039975";"130Â 136";"A01";"2";"10";"0";"1";"1";"7";"1";""
"202100039976";"130Â 135";"A01";"1";"2";"0";"0";"8";"1";"1";""
"202100039977";"130Â 134";"A01";"1";"30";"14";"0";"1";"19";"1";""
"202100039978";"130Â 133";"A01";"2";"15";"0";"0";"2";"0";"1";""
"202100039979";"130Â 131";"A01";"1";"7";"3";"2";"5";"5";"1";""
"202100039979";"130Â 132";"B01";"2";"7";"0";"2";"2";"1";"1";""
"202100039980";"130Â 129";"B01";"2";"7";"0";"0";"4";"2";"1";""
"202100039980";"130Â 130";"A01";"2";"17";"0";"2";"1";"2";"1";""
"202100039981";"130Â 127";"A01";"1";"33";"0";"2";"1";"2";"1";""
"202100039981";"130Â 128";"B01";"1";"33";"0";"0";"4";"2";"1";""
"202100039982";"130Â 125";"A01";"1";"7";"2";"0";"3";"13";"1";""
"202100039982";"130Â 126";"B01";"2";"2";"0";"2";"1";"1";"1";""
"202100039983";"130Â 124";"A01";"1";"7";"15";"9";"1";"16";"1";""
"202100039984";"130Â 123";"A01";"1";"33";"12";"0";"1";"1";"1";""
"202100039985";"130Â 121";"B01";"2";"3";"0";"2";"3";"15";"1";""
"202100039985";"130Â 122";"A01";"2";"33";"0";"2";"2";"17";"1";""
"202100039986";"130Â 120";"A01";"1";"36";"0";"0";"0";"14";"1";""
"202100039987";"130Â 118";"A01";"1";"7";"0";"2";"1";"1";"1";""
"202100039987";"130Â 119";"B01";"3";"7";"0";"2";"2";"1";"1";""
"202100039988";"130Â 116";"A01";"3";"7";"0";"2";"3";"1";"1";""
"202100039988";"130Â 117";"B01";"3";"7";"0";"2";"3";"1";"1";""
"202100039989";"130Â 114";"A01";"3";"2";"0";"2";"1";"0";"1";""
"202100039989";"130Â 115";"B01";"3";"7";"0";"2";"2";"16";"1";""
"202100039990";"130Â 112";"B01";"1";"2";"0";"2";"0";"1";"1";""
"202100039990";"130Â 113";"A01";"1";"7";"0";"2";"3";"9";"1";""
"202100039991";"130Â 110";"A01";"2";"7";"15";"2";"7";"1";"1";""
"202100039991";"130Â 111";"B01";"1";"7";"15";"2";"1";"1";"1";""
"202100039992";"130Â 108";"B01";"2";"1";"0";"2";"1";"1";"6";""
"202100039992";"130Â 109";"A01";"1";"7";"0";"9";"6";"15";"1";""
"202100039993";"130Â 107";"A01";"2";"31";"0";"0";"0";"17";"1";""
"202100039994";"130Â 105";"A01";"1";"7";"0";"0";"1";"1";"1";""
"202100039995";"130Â 103";"A01";"1";"33";"0";"2";"8";"15";"1";""
"202100039995";"130Â 104";"B01";"1";"33";"0";"2";"7";"1";"1";""
"202100039996";"130Â 101";"B01";"1";"10";"0";"0";"6";"2";"1";""
"202100039996";"130Â 102";"A01";"1";"1";"0";"2";"1";"2";"5";""
"202100039997";"130Â 100";"A01";"2";"7";"13";"0";"2";"1";"1";""
"202100039998";"130Â 096";"B01";"0";"7";"0";"2";"2";"1";"1";""
"202100039998";"130Â 097";"A01";"3";"7";"0";"2";"1";"19";"1";""
"202100039999";"130Â 095";"A01";"1";"36";"0";"0";"0";"0";"1";""
"202100040000";"130Â 094";"A01";"1";"33";"14";"6";"1";"1";"1";""
"202100040001";"130Â 092";"A01";"2";"7";"0";"2";"3";"10";"1";""
"202100040001";"130Â 093";"B01";"1";"43";"0";"2";"2";"1";"1";""
"202100040002";"130Â 090";"B01";"2";"1";"0";"2";"8";"2";"0";""
"202100040002";"130Â 091";"A01";"1";"7";"0";"2";"7";"17";"0";""
"202100040003";"130Â 089";"A01";"2";"33";"0";"0";"7";"1";"1";""
"202100040004";"130Â 088";"A01";"2";"7";"3";"0";"9";"1";"1";""
"202100040005";"130Â 086";"A01";"2";"7";"0";"2";"3";"1";"1";""
"202100040005";"130Â 087";"B01";"1";"7";"0";"2";"3";"1";"1";""
"202100040006";"130Â 083";"B01";"1";"7";"0";"2";"1";"1";"0";""
"202100040006";"130Â 084";"A01";"2";"7";"0";"2";"8";"19";"1";""
"202100040007";"130Â 082";"A01";"2";"33";"2";"0";"1";"2";"1";""
"202100040008";"130Â 080";"A01";"1";"10";"1";"0";"1";"0";"1";""
"202100040008";"130Â 081";"B01";"1";"7";"0";"0";"4";"23";"1";""
"202100040009";"130Â 077";"A01";"1";"7";"2";"0";"1";"13";"1";""
"202100040010";"130Â 076";"A01";"3";"7";"0";"1";"2";"16";"1";""
"202100040011";"130Â 074";"B01";"1";"7";"0";"0";"6";"1";"1";""
"202100040011";"130Â 075";"A01";"2";"7";"0";"2";"3";"13";"1";""
"202100040012";"130Â 073";"A01";"2";"10";"0";"1";"2";"15";"1";""
"202100040013";"130Â 070";"A01";"1";"2";"0";"0";"1";"0";"1";""
"202100040014";"130Â 068";"B01";"2";"7";"0";"2";"1";"1";"1";""
"202100040014";"130Â 069";"A01";"2";"7";"0";"0";"7";"1";"1";""
"202100040015";"130Â 067";"A01";"1";"7";"4";"0";"2";"14";"1";""
"202100040016";"130Â 066";"A01";"3";"7";"3";"0";"2";"1";"1";""
"202100040017";"130Â 064";"A01";"2";"33";"0";"2";"1";"2";"1";""
"202100040017";"130Â 065";"B01";"2";"7";"0";"2";"4";"2";"1";""
"202100040018";"130Â 063";"A01";"2";"10";"4";"0";"3";"2";"1";""
"202100040019";"130Â 062";"A01";"1";"7";"4";"0";"3";"13";"1";""
"202100040020";"130Â 061";"A01";"2";"7";"3";"0";"2";"12";"1";""
"202100040021";"130Â 060";"A01";"2";"31";"0";"0";"0";"21";"1";""
"202100040022";"130Â 058";"B01";"1";"7";"0";"2";"8";"1";"3";""
"202100040022";"130Â 059";"A01";"1";"7";"0";"2";"1";"12";"1";""
"202100040023";"130Â 057";"A01";"2";"7";"0";"1";"0";"1";"1";""
"202100040024";"130Â 056";"A01";"0";"7";"0";"1";"5";"20";"2";""
"202100040025";"130Â 055";"A01";"2";"7";"16";"0";"9";"14";"1";""
"202100040026";"130Â 053";"A01";"1";"30";"0";"2";"1";"13";"1";""
"202100040026";"130Â 054";"B01";"2";"7";"0";"2";"1";"1";"1";""
"202100040027";"130Â 051";"A01";"1";"10";"0";"2";"3";"10";"1";""
"202100040027";"130Â 052";"B01";"2";"31";"0";"2";"1";"1";"1";""
"202100040028";"130Â 049";"A01";"3";"30";"0";"2";"1";"1";"1";""
"202100040028";"130Â 050";"B01";"3";"7";"0";"2";"4";"15";"0";""
"202100040029";"130Â 047";"A01";"3";"7";"8";"2";"1";"1";"1";""
"202100040029";"130Â 048";"B01";"1";"7";"0";"2";"8";"1";"1";""
"202100040030";"130Â 045";"A01";"1";"7";"0";"2";"8";"15";"1";""
"202100040030";"130Â 046";"B01";"2";"2";"0";"2";"8";"18";"1";""
"202100040031";"130Â 043";"B01";"3";"2";"0";"2";"1";"10";"1";""
"202100040031";"130Â 044";"A01";"3";"7";"0";"2";"1";"1";"1";""
"202100040032";"130Â 041";"Z01";"3";"7";"0";"2";"0";"0";"0";""
"202100040032";"130Â 042";"B01";"3";"1";"0";"2";"0";"0";"0";""
"202100040033";"130Â 039";"A01";"2";"7";"0";"2";"1";"9";"1";""
"202100040033";"130Â 040";"B01";"2";"7";"0";"2";"5";"1";"1";""
"202100040034";"130Â 038";"A01";"3";"10";"0";"1";"8";"15";"1";""
"202100040035";"130Â 036";"B01";"2";"1";"0";"2";"4";"1";" -1";""
"202100040035";"130Â 037";"A01";"2";"7";"0";"2";"2";"13";"4";""
"202100040036";"130Â 035";"A01";"3";"32";"0";"0";"0";"0";"0";""
"202100040037";"130Â 033";"A01";"3";"30";"0";"9";"1";"14";"3";""
"202100040037";"130Â 034";"B01";"3";"1";"0";"2";"8";"0";"0";""
"202100040038";"130Â 031";"B01";"2";"10";"0";"2";"5";"23";"1";""
"202100040038";"130Â 032";"A01";"2";"30";"0";"2";"1";"3";"0";""
"202100040039";"130Â 029";"A01";"3";"7";"14";"0";"3";"14";"1";""
"202100040039";"130Â 030";"B01";"3";"7";"0";"2";"3";"23";"2";""
"202100040040";"130Â 026";"A01";"2";"7";"0";"9";"0";"2";"1";""
"202100040040";"130Â 027";"B01";"2";"7";"0";"9";"1";"2";"1";""
"202100040040";"130Â 028";"C01";"2";"7";"0";"9";"1";"2";"1";""
"202100040041";"130Â 024";"B01";"2";"7";"0";"2";"2";"1";"1";""
"202100040041";"130Â 025";"A01";"1";"7";"0";"2";"1";"15";"1";""
"202100040042";"130Â 023";"A01";"1";"7";"0";"9";"2";"14";"1";""
"202100040043";"130Â 021";"B01";"1";"10";"0";"2";"6";"15";"1";""
"202100040043";"130Â 022";"A01";"1";"7";"0";"2";"1";"17";"1";""
"202100040044";"130Â 020";"A01";"1";"30";"8";"2";"7";"21";"1";""
"202100040045";"130Â 018";"A01";"2";"30";"0";"2";"1";"1";"1";""
"202100040045";"130Â 019";"B01";"1";"7";"0";"2";"3";"15";"1";""
"202100040046";"130Â 016";"B01";"1";"7";"0";"2";"1";"1";"1";""
"202100040046";"130Â 017";"A01";"1";"7";"0";"2";"7";"15";"1";""
"202100040047";"130Â 015";"A01";"1";"7";"0";"9";"1";"26";"1";""
"202100040048";"130Â 013";"B01";"2";"7";"0";"2";"1";"26";"1";""
"202100040048";"130Â 014";"A01";"1";"10";"10";"2";"1";"13";"1";""
"202100040049";"130Â 011";"B01";"2";"7";"0";"2";"1";"1";"1";""
"202100040049";"130Â 012";"A01";"1";"30";"0";"2";"3";"16";"1";""
"202100040050";"130Â 010";"A01";"2";"30";"0";"0";"2";"26";"6";""
"202100040051";"130Â 006";"A01";"1";"7";"0";"2";"1";"1";"1";""
"202100040051";"130Â 007";"B01";"1";"7";"0";"2";"4";"1";"1";""
"202100040051";"130Â 008";"C01";"1";"7";"0";"2";"4";"1";"1";""
"202100040051";"130Â 009";"D01";"1";"7";"0";"2";"4";"2";"1";""
"202100040052";"130Â 005";"A01";"1";"30";"0";"0";"8";"2";"1";""
"202100040053";"130Â 003";"B01";"3";"1";"0";"2";"7";"19";"5";""
"202100040053";"130Â 004";"A01";"1";"7";"0";"2";"1";"1";"1";""
"202100040054";"130Â 001";"B01";"1";"33";"0";"2";"2";"1";"1";""
"202100040054";"130Â 002";"A01";"1";"7";"0";"2";"3";"20";"1";""
"202100040055";"129Â 999";"A01";"2";"2";"0";"2";"2";"14";"1";""
"202100040055";"130Â 000";"B01";"1";"7";"0";"2";"3";"1";"1";""
"202100040056";"129Â 997";"B01";"2";"7";"0";"2";"8";"1";"1";""
"202100040056";"129Â 998";"A01";"2";"1";"0";"2";"8";"26";"5";""
"202100040057";"129Â 995";"A01";"1";"7";"0";"2";"3";"15";"1";""
"202100040057";"129Â 996";"B01";"1";"2";"0";"2";"1";"17";"1";""
"202100040058";"129Â 993";"A01";"2";"30";"0";"2";"1";"17";"1";""
"202100040058";"129Â 994";"B01";"2";"7";"0";"2";"3";"15";"1";""
"202100040059";"129Â 992";"A01";"1";"33";"0";"0";"0";"21";"1";""
"202100040060";"129Â 990";"B01";"1";"7";"0";"2";"9";"1";"1";""
"202100040060";"129Â 991";"A01";"3";"7";"0";"2";"1";"1";"1";""
"202100040061";"129Â 989";"Z01";"2";"99";"0";"1";"1";"1";"3";""
"202100040062";"129Â 987";"B01";"3";"10";"0";"2";"3";"9";"0";""
"202100040062";"129Â 988";"A01";"3";"10";"0";"2";"1";"0";"0";""
"202100040063";"129Â 985";"A01";"1";"10";"0";"2";"8";"10";"1";""
"202100040063";"129Â 986";"B01";"2";"7";"0";"2";"1";"1";"1";""
"202100040064";"129Â 983";"A01";"1";"33";"0";"2";"3";"1";"1";""
"202100040064";"129Â 984";"B01";"2";"7";"0";"2";"3";"15";"0";""
"202100040065";"129Â 981";"B01";"2";"7";"0";"2";"7";"1";"6";""
"202100040065";"129Â 982";"A01";"1";"15";"0";"2";"2";"19";"6";""
"202100040066";"129Â 980";"A01";"1";"30";"0";"0";"0";"1";"1";""
"202100040067";"129Â 978";"A01";"0";"7";"1";"0";"6";"20";"2";""
"202100040067";"129Â 979";"B01";"3";"30";"0";"2";"1";"24";"1";""
"202100040068";"129Â 976";"B01";"2";"32";"0";"2";"1";"1";"1";""
"202100040068";"129Â 977";"A01";"2";"3";"0";"2";"3";"10";"3";""
"202100040069";"129Â 974";"A01";"2";"7";"0";"2";"6";"15";"1";""
"202100040069";"129Â 975";"B01";"2";"34";"0";"2";"1";"8";"1";""
"202100040070";"129Â 973";"A01";"2";"99";"0";"1";"3";"16";"3";""
"202100040071";"129Â 970";"A01";"1";"2";"0";"2";"1";"17";"1";""
"202100040071";"129Â 971";"B01";"1";"7";"0";"2";"4";"23";"1";""
"202100040071";"129Â 972";"C01";"1";"33";"0";"2";"4";"2";"1";""
"202100040072";"129Â 968";"A01";"1";"7";"0";"2";"4";"23";"2";""
"202100040072";"129Â 969";"B01";"1";"7";"0";"2";"1";"2";"1";""
"202100040073";"129Â 966";"A01";"2";"7";"0";"2";"2";"12";"1";""
"202100040073";"129Â 967";"B01";"2";"30";"0";"2";"1";"1";"1";""
"202100040074";"129Â 964";"B01";"1";"1";"0";"2";"1";"1";"5";""
"202100040074";"129Â 965";"A01";"2";"7";"0";"2";"2";"26";"1";""
"202100040075";"129Â 962";"A01";"1";"7";"0";"2";"1";"0";"1";""
"202100040075";"129Â 963";"B01";"1";"30";"0";"2";"1";"0";"1";""
"202100040076";"129Â 961";"A01";"0";"7";"12";"0";"3";"21";"1";""
"202100040077";"129Â 959";"A01";"2";"10";"14";"2";"2";"21";"1";""
"202100040077";"129Â 960";"B01";"2";"7";"0";"0";"6";"23";"1";""
"202100040078";"129Â 957";"B01";"2";"2";"0";"2";"8";"1";"1";""
"202100040078";"129Â 958";"A01";"2";"7";"0";"2";"2";"16";"1";""
"202100040079";"129Â 955";"Z01";"1";"7";"0";"2";"4";"1";"0";""
"202100040079";"129Â 956";"A01";"1";"1";"0";"2";"1";"1";"5";""
"202100040080";"129Â 953";"A01";"2";"7";"0";"2";"1";"15";"3";""
"202100040080";"129Â 954";"B01";"1";"30";"0";"2";"8";"1";"1";""
"202100040081";"129Â 951";"B01";"1";"7";"0";"2";"1";"1";"1";""
"202100040081";"129Â 952";"A01";"1";"32";"0";"2";"3";"1";"1";""
"202100040082";"129Â 949";"B01";"2";"2";"0";"2";"4";"1";"1";""
"202100040082";"129Â 950";"A01";"2";"34";"0";"2";"1";"2";"1";""
"202100040083";"129Â 947";"B01";"3";"7";"0";"2";"2";"9";"1";""