"Num_Acc";"id_vehicule";"num_veh";"senc";"catv";"obs";"obsm";"choc";"manv";"motor";"occutc"
"202100040493";"129Â 225";"Z01";"0";"7";"0";"1";"1";"1";"0";""
"202100040494";"129Â 224";"A01";"1";"7";"6";"0";"1";"1";"1";""
"202100040495";"129Â 222";"B01";"1";"7";"0";"2";"7";"20";"1";""
"202100040495";"129Â 223";"A01";"1";"30";"0";"2";"1";"18";"1";""
"202100040496";"129Â 221";"A01";"2";"17";"2";"0";"1";"1";"1";""
"202100040497";"129Â 219";"A01";"1";"7";"0";"2";"2";"15";"1";""
"202100040497";"129Â 220";"B01";"2";"1";"0";"2";"1";"1";"5";""
"202100040498";"129Â 217";"B01";"2";"7";"0";"2";"8";"1";"1";""
"202100040498";"129Â 218";"A01";"2";"31";"0";"2";"7";"3";"1";""
"202100040499";"129Â 214";"C01";"1";"7";"0";"2";"4";"2";"1";""
"202100040499";"129Â 215";"B01";"1";"7";"0";"2";"4";"23";"1";""
"202100040499";"129Â 216";"A01";"1";"14";"0";"2";"2";"2";"1";""
"202100040500";"129Â 212";"A01";"1";"17";"0";"2";"2";"12";"1";""
"202100040500";"129Â 213";"B01";"1";"7";"0";"2";"8";"1";"1";""
"202100040501";"129Â 210";"Z01";"1";"7";"0";"2";"1";"1";"0";""
"202100040501";"129Â 211";"A01";"1";"1";"0";"2";"0";"15";"5";""
"202100040502";"129Â 208";"B01";"2";"7";"0";"2";"7";"15";"1";""
"202100040502";"129Â 209";"A01";"1";"10";"0";"2";"1";"1";"1";""
"202100040503";"129Â 206";"A01";"1";"30";"0";"2";"1";"13";"3";""
"202100040503";"129Â 207";"B01";"1";"1";"0";"2";"8";"1";"5";""
"202100040504";"129Â 204";"A01";"3";"10";"0";"2";"1";"1";"1";""
"202100040504";"129Â 205";"B01";"1";"1";"0";"2";"4";"1";"5";""
"202100040505";"129Â 202";"A01";"1";"30";"0";"2";"2";"10";"1";""
"202100040505";"129Â 203";"Z01";"2";"10";"0";"2";"0";"1";"0";""
"202100040506";"129Â 200";"A01";"1";"7";"0";"2";"3";"22";"1";""
"202100040506";"129Â 201";"B01";"1";"1";"0";"2";"2";"1";"5";""
"202100040507";"129Â 198";"A01";"2";"10";"0";"2";"3";"15";"1";""
"202100040507";"129Â 199";"Z01";"2";"30";"0";"2";"7";"17";"0";""
"202100040508";"129Â 197";"A01";"1";"10";"0";"1";"1";"1";"1";""
"202100040509";"129Â 196";"A01";"1";"7";"0";"1";"7";"15";"2";""
"202100040510";"129Â 194";"B01";"1";"10";"0";"2";"0";"1";"1";""
"202100040510";"129Â 195";"A01";"1";"7";"0";"2";"3";"22";"1";""
"202100040511";"129Â 192";"B01";"3";"10";"1";"2";"1";"1";"1";""
"202100040511";"129Â 193";"A01";"2";"7";"0";"2";"1";"1";"1";""
"202100040512";"129Â 191";"A01";"1";"7";"0";"1";"4";"4";"1";""
"202100040513";"129Â 189";"A01";"1";"7";"0";"2";"2";"22";"1";""
"202100040513";"129Â 190";"B01";"1";"1";"0";"2";"2";"1";"5";""
"202100040514";"129Â 187";"A01";"1";"1";"0";"2";"1";"5";"5";""
"202100040514";"129Â 188";"Z01";"2";"1";"0";"2";"1";"1";"5";""
"202100040515";"129Â 186";"A01";"2";"7";"0";"1";"1";"2";"1";""
"202100040516";"129Â 185";"A01";"1";"7";"0";"2";"3";"26";"1";""
"202100040517";"129Â 183";"B01";"1";"10";"0";"2";"1";"2";"1";""
"202100040517";"129Â 184";"A01";"1";"31";"0";"2";"4";"23";"1";""
"202100040518";"129Â 181";"A01";"1";"7";"0";"2";"2";"2";"2";""
"202100040518";"129Â 182";"B01";"1";"7";"0";"2";"3";"1";"1";""
"202100040519";"129Â 179";"B01";"1";"7";"0";"0";"0";"24";"1";""
"202100040519";"129Â 180";"A01";"1";"7";"0";"0";"0";"1";"1";""
"202100040520";"129Â 177";"A01";"2";"34";"0";"2";"3";"3";"1";""
"202100040520";"129Â 178";"B01";"2";"7";"0";"2";"5";"23";"1";""
"202100040521";"129Â 176";"A01";"2";"33";"0";"0";"7";"1";"1";""
"202100040522";"129Â 175";"A01";"0";"7";"0";"1";"1";"1";"0";""
"202100040523";"129Â 172";"C01";"1";"7";"0";"2";"4";"1";"1";""
"202100040523";"129Â 173";"B01";"1";"7";"0";"2";"4";"1";"1";""
"202100040523";"129Â 174";"A01";"1";"7";"0";"2";"1";"2";"1";""
"202100040524";"129Â 170";"A01";"1";"3";"0";"2";"2";"14";"1";""
"202100040524";"129Â 171";"B01";"1";"33";"0";"2";"7";"1";"1";""
"202100040525";"129Â 168";"A01";"1";"7";"0";"2";"3";"11";"1";""
"202100040525";"129Â 169";"B01";"1";"33";"0";"2";"2";"1";"1";""
"202100040526";"129Â 166";"B01";"1";"7";"0";"2";"3";"1";"1";""
"202100040526";"129Â 167";"A01";"1";"3";"0";"2";"5";"17";"1";""
"202100040527";"129Â 165";"A01";"3";"7";"0";"1";"4";"4";"1";""
"202100040528";"129Â 164";"A01";"0";"1";"12";"0";"1";"1";"5";""
"202100040529";"129Â 162";"A01";"1";"10";"0";"2";"1";"1";"1";""
"202100040529";"129Â 163";"B01";"1";"7";"0";"2";"7";"1";"1";""
"202100040530";"129Â 161";"A01";"0";"7";"0";"1";"1";"15";"1";""
"202100040531";"129Â 159";"A01";"2";"10";"0";"2";"1";"2";"1";""
"202100040531";"129Â 160";"B01";"2";"7";"0";"2";"4";"23";"1";""
"202100040532";"129Â 157";"A01";"1";"7";"0";"2";"2";"9";"1";""
"202100040532";"129Â 158";"B01";"1";"7";"0";"2";"3";"1";"1";""
"202100040533";"129Â 156";"A01";"2";"33";"1";"2";"3";"21";"1";""
"202100040534";"129Â 155";"A01";"1";"7";"0";"1";"1";"1";"1";""
"202100040535";"129Â 152";"A01";"1";"7";"0";"2";"1";"2";"1";""
"202100040535";"129Â 153";"B01";"1";"7";"0";"2";"4";"2";"1";""
"202100040535";"129Â 154";"C01";"1";"7";"0";"2";"4";"1";"1";""
"202100040536";"129Â 150";"A01";"2";"7";"0";"2";"1";"16";"0";""
"202100040536";"129Â 151";"B01";"3";"1";"0";"2";"1";"19";"0";""
"202100040537";"129Â 149";"A01";"2";"7";"13";"0";"1";"14";"1";""
"202100040538";"129Â 148";"A01";"2";"33";"13";"0";"9";"1";"1";""
"202100040539";"129Â 147";"A01";"2";"1";"0";"0";"9";"2";"5";""
"202100040540";"129Â 146";"A01";"2";"30";"6";"0";"1";"2";"1";""
"202100040541";"129Â 145";"A01";"3";"7";"17";"0";"2";"0";"1";""
"202100040542";"129Â 143";"A01";"2";"33";"0";"2";"2";"17";"1";""
"202100040542";"129Â 144";"B01";"1";"7";"0";"2";"3";"15";"1";""
"202100040543";"129Â 141";"A01";"1";"7";"0";"2";"3";"13";"1";""
"202100040543";"129Â 142";"B01";"2";"7";"0";"2";"2";"1";"1";""
"202100040544";"129Â 139";"A01";"1";"7";"0";"2";"1";"2";"1";""
"202100040544";"129Â 140";"B01";"1";"7";"0";"2";"4";"2";"1";""
"202100040545";"129Â 137";"B01";"1";"10";"0";"2";"1";"0";"1";""
"202100040545";"129Â 138";"A01";"2";"7";"0";"2";"1";"0";"1";""
"202100040546";"129Â 135";"A01";"3";"1";"0";"2";"7";"15";"5";""
"202100040546";"129Â 136";"B01";"3";"7";"0";"9";"3";"1";"1";""
"202100040547";"129Â 133";"A01";"2";"21";"0";"0";"0";"19";"1";""
"202100040547";"129Â 134";"C01";"1";"7";"0";"2";"1";"1";"1";""
"202100040548";"129Â 132";"A01";"2";"7";"0";"1";"3";"1";"1";""
"202100040549";"129Â 131";"A01";"3";"7";"6";"0";"3";"1";"1";""
"202100040550";"129Â 129";"A01";"1";"33";"0";"2";"1";"13";"1";""
"202100040550";"129Â 130";"B01";"2";"7";"0";"2";"1";"1";"1";""
"202100040551";"129Â 127";"B01";"2";"7";"0";"2";"7";"2";"1";""
"202100040551";"129Â 128";"A01";"2";"80";"0";"2";"8";"15";"3";""
"202100040552";"129Â 126";"A01";"1";"33";"3";"0";"9";"1";"1";""
"202100040553";"129Â 124";"B01";"1";"14";"0";"2";"2";"23";"1";""
"202100040553";"129Â 125";"A01";"2";"7";"0";"2";"1";"1";"1";""
"202100040554";"129Â 123";"A01";"2";"7";"0";"1";"9";"1";"1";""
"202100040555";"129Â 120";"A01";"2";"7";"0";"2";"2";"15";"1";""
"202100040555";"129Â 121";"B01";"1";"7";"0";"2";"3";"1";"1";""
"202100040556";"129Â 119";"A01";"2";"7";"2";"0";"1";"0";"1";""
"202100040557";"129Â 118";"A01";"0";"2";"17";"0";"1";"0";"1";""
"202100040558";"129Â 116";"B01";"3";"13";"0";"2";"1";"19";"1";""
"202100040558";"129Â 117";"A01";"2";"7";"0";"0";"8";"1";"1";""
"202100040559";"129Â 115";"A01";"2";"33";"3";"0";"1";"1";"1";""
"202100040560";"129Â 114";"A01";"1";"7";"2";"0";"1";"0";"1";""
"202100040561";"129Â 113";"A01";"1";"7";"0";"1";"2";"1";"1";""
"202100040562";"129Â 111";"A01";"1";"7";"0";"2";"1";"13";"1";""
"202100040562";"129Â 112";"B01";"2";"7";"0";"2";"1";"0";"1";""
"202100040563";"129Â 110";"A01";"3";"7";"0";"1";"2";"1";"1";""
"202100040564";"129Â 108";"A01";"1";"7";"0";"2";"1";"13";"1";""
"202100040564";"129Â 109";"B01";"1";"7";"0";"0";"6";"1";"1";""
"202100040565";"129Â 106";"B01";"2";"1";"0";"2";"7";"19";"5";""
"202100040565";"129Â 107";"A01";"1";"7";"0";"2";"1";"1";"1";""
"202100040566";"129Â 105";"A01";"1";"3";"6";"0";"1";"1";"1";""
"202100040567";"129Â 103";"A01";"2";"10";"0";"2";"2";"1";"1";""
"202100040567";"129Â 104";"B01";"2";"2";"0";"2";"1";"1";"1";""
"202100040568";"129Â 102";"A01";"1";"7";"6";"0";"9";"1";"1";""
"202100040569";"129Â 101";"A01";"1";"33";"13";"0";"7";"1";"1";""
"202100040570";"129Â 099";"A01";"1";"7";"0";"2";"2";"1";"1";""
"202100040570";"129Â 100";"B01";"3";"1";"0";"2";"8";"19";"5";""
"202100040571";"129Â 097";"B01";"2";"7";"0";"2";"1";"26";"2";""
"202100040571";"129Â 098";"A01";"1";"33";"0";"2";"2";"1";"1";""
"202100040572";"129Â 096";"A01";"1";"7";"2";"0";"1";"1";"1";""
"202100040573";"129Â 095";"A01";"1";"7";"2";"0";"1";"1";"1";""
"202100040574";"129Â 094";"A01";"2";"33";"15";"0";"8";"17";"1";""
"202100040575";"129Â 093";"A01";"1";"7";"0";"0";"0";"13";"1";""
"202100040576";"129Â 091";"A01";"1";"17";"0";"2";"6";"13";"1";""
"202100040576";"129Â 092";"B01";"2";"7";"0";"2";"8";"1";"1";""
"202100040577";"129Â 090";"A01";"1";"33";"0";"0";"0";"1";"1";""
"202100040578";"129Â 089";"A01";"1";"7";"0";"0";"9";"0";"1";""
"202100040579";"129Â 086";"A01";"1";"15";"0";"2";"4";"1";"1";""
"202100040579";"129Â 087";"B01";"1";"10";"0";"2";"1";"1";"1";""
"202100040579";"129Â 088";"C01";"1";"10";"0";"2";"1";"1";"1";""
"202100040580";"129Â 081";"A01";"2";"37";"0";"2";"1";"2";"1";"1"
"202100040580";"129Â 082";"B01";"2";"10";"0";"2";"4";"2";"1";""
"202100040580";"129Â 083";"E01";"2";"7";"0";"2";"4";"2";"1";""
"202100040580";"129Â 084";"D01";"2";"10";"0";"2";"4";"2";"1";""
"202100040580";"129Â 085";"C01";"2";"10";"0";"2";"4";"2";"1";""
"202100040581";"129Â 079";"A01";"1";"14";"0";"2";"2";"1";"1";""
"202100040581";"129Â 080";"B01";"1";"7";"0";"2";"3";"9";"1";""
"202100040582";"129Â 077";"B01";"1";"15";"0";"2";"3";"0";"1";""
"202100040582";"129Â 078";"A01";"1";"7";"0";"2";"6";"12";"1";""
"202100040583";"129Â 076";"A01";"1";"7";"4";"0";"1";"26";"0";""
"202100040584";"129Â 073";"A01";"2";"33";"0";"2";"7";"3";"1";""
"202100040584";"129Â 074";"C01";"2";"7";"0";"2";"5";"1";"1";""
"202100040584";"129Â 075";"B01";"2";"7";"0";"2";"8";"13";"1";""
"202100040585";"129Â 072";"A01";"2";"7";"0";"0";"9";"1";"1";""
"202100040586";"129Â 070";"A01";"2";"10";"0";"2";"1";"13";"1";""
"202100040586";"129Â 071";"B01";"1";"7";"0";"2";"1";"1";"1";""
"202100040587";"129Â 068";"B01";"2";"7";"0";"2";"7";"1";"1";""
"202100040587";"129Â 069";"A01";"2";"37";"0";"2";"3";"16";"1";"1"
"202100040588";"129Â 067";"A01";"2";"10";"0";"1";"2";"1";"1";""
"202100040589";"129Â 065";"B01";"1";"10";"0";"2";"3";"15";"1";""
"202100040589";"129Â 066";"A01";"1";"80";"0";"2";"1";"17";"5";""
"202100040590";"129Â 063";"A01";"0";"7";"0";"2";"8";"15";"1";""
"202100040590";"129Â 064";"B01";"3";"1";"0";"2";"7";"17";"0";""
"202100040591";"129Â 061";"B01";"1";"2";"0";"2";"7";"15";"1";""
"202100040591";"129Â 062";"A01";"2";"7";"0";"2";"7";"21";"1";""
"202100040592";"129Â 059";"Z01";"2";"7";"0";"2";"1";"19";"6";""
"202100040592";"129Â 060";"B01";"0";"1";"0";"0";"0";"0";"0";""
"202100040593";"129Â 057";"B01";"0";"7";"0";"2";"8";"1";"1";""
"202100040593";"129Â 058";"A01";"0";"7";"0";"2";"1";"9";"1";""
"202100040594";"129Â 055";"A01";"1";"7";"0";"2";"2";"26";"1";""
"202100040594";"129Â 056";"B01";"1";"34";"1";"2";"1";"0";"1";""
"202100040595";"129Â 053";"A01";"1";"33";"0";"2";"0";"15";"1";""
"202100040595";"129Â 054";"B01";"1";"33";"0";"1";"0";"1";"1";""
"202100040596";"129Â 052";"A01";"1";"33";"0";"0";"0";"1";"1";""
"202100040597";"129Â 050";"B01";"2";"7";"0";"0";"4";"23";"1";""
"202100040597";"129Â 051";"A01";"2";"31";"0";"2";"1";"1";"1";""
"202100040598";"129Â 048";"A01";"1";"7";"0";"2";"1";"26";"1";""
"202100040598";"129Â 049";"B01";"1";"7";"0";"1";"4";"26";"1";""
"202100040599";"129Â 046";"A01";"3";"1";"0";"2";"1";"25";"5";""
"202100040599";"129Â 047";"B01";"3";"7";"0";"2";"2";"26";"1";""
"202100040600";"129Â 042";"A01";"3";"7";"0";"2";"1";"15";"1";""
"202100040600";"129Â 043";"B01";"3";"7";"0";"2";"2";"1";"1";""
"202100040601";"129Â 040";"A01";"1";"7";"0";"2";"8";"10";"1";""
"202100040601";"129Â 041";"B01";"1";"32";"0";"2";"1";"1";"1";""
"202100040602";"129Â 038";"B01";"0";"7";"0";"2";"1";"19";"1";""
"202100040602";"129Â 039";"A01";"0";"60";"0";"2";"0";"1";"5";""
"202100040603";"129Â 036";"B01";"2";"7";"0";"0";"5";"0";"1";""
"202100040603";"129Â 037";"A01";"2";"33";"0";"2";"5";"26";"1";""
"202100040604";"129Â 034";"B01";"2";"99";"0";"2";"1";"1";"6";""
"202100040604";"129Â 035";"A01";"1";"7";"0";"2";"1";"5";"1";""
"202100040605";"129Â 032";"A01";"2";"7";"0";"2";"0";"1";"1";""
"202100040605";"129Â 033";"B01";"2";"32";"0";"2";"0";"2";"1";""
"202100040606";"129Â 031";"A01";"1";"7";"0";"9";"2";"0";"0";""
"202100040607";"129Â 029";"B01";"2";"7";"0";"2";"2";"1";"1";""
"202100040607";"129Â 030";"A01";"2";"7";"0";"2";"1";"0";"1";""
"202100040608";"129Â 027";"B01";"1";"2";"0";"2";"1";"0";"1";""
"202100040608";"129Â 028";"A01";"1";"7";"0";"2";"5";"26";"1";""
"202100040609";"129Â 026";"A01";"3";"36";"0";"0";"0";"14";"1";""
"202100040610";"129Â 025";"A01";"2";"80";"0";"0";"0";"2";"3";""
"202100040611";"129Â 024";"A01";"3";"50";"0";"0";"0";"1";"3";""
"202100040612";"129Â 023";"A01";"2";"7";"0";"0";"9";"2";"1";""
"202100040613";"129Â 022";"A01";"2";"7";"13";"0";"7";"14";"1";""
"202100040614";"129Â 018";"A01";"1";"7";"0";"2";"1";"1";"1";""
"202100040614";"129Â 019";"B01";"1";"7";"0";"2";"8";"1";"2";""
"202100040615";"129Â 017";"A01";"1";"7";"12";"0";"2";"14";"1";""
"202100040616";"129Â 014";"A01";"1";"7";"0";"2";"1";"13";"1";""
"202100040616";"129Â 015";"C01";"2";"7";"0";"2";"1";"1";"1";""
"202100040616";"129Â 016";"B01";"1";"7";"0";"2";"3";"1";"1";""
"202100040617";"129Â 011";"C01";"1";"33";"0";"2";"1";"2";"1";""
"202100040617";"129Â 012";"B01";"1";"7";"0";"2";"9";"2";"1";""
"202100040617";"129Â 013";"A01";"1";"7";"0";"2";"4";"26";"2";""
"202100040618";"129Â 009";"B01";"1";"2";"0";"2";"1";"26";"1";""
"202100040618";"129Â 010";"A01";"2";"7";"0";"2";"3";"15";"1";""
"202100040619";"129Â 007";"B01";"2";"10";"0";"2";"2";"19";"1";""
"202100040619";"129Â 008";"A01";"2";"7";"0";"2";"7";"1";"1";""
"202100040620";"129Â 005";"A01";"1";"10";"0";"2";"1";"15";"1";""
"202100040620";"129Â 006";"B01";"1";"7";"0";"2";"1";"1";"1";""
"202100040621";"129Â 004";"A01";"2";"7";"0";"1";"3";"1";"1";""
"202100040622";"129Â 002";"A01";"3";"7";"0";"2";"1";"15";"1";""
"202100040622";"129Â 003";"B01";"3";"31";"0";"2";"6";"15";"1";""
"202100040623";"129Â 000";"Z01";"2";"7";"0";"2";"8";"22";"0";""
"202100040623";"129Â 001";"A01";"2";"31";"0";"2";"5";"3";"1";""
"202100040624";"128Â 998";"B01";"1";"7";"0";"2";"4";"2";"1";""
"202100040624";"128Â 999";"A01";"1";"32";"0";"2";"1";"2";"1";""
"202100040625";"128Â 996";"B01";"2";"50";"0";"2";"1";"1";"3";""
"202100040625";"128Â 997";"A01";"0";"7";"0";"2";"1";"15";"1";""
"202100040626";"128Â 994";"A01";"1";"7";"0";"2";"5";"15";"1";""
"202100040626";"128Â 995";"B01";"3";"1";"0";"2";"1";"1";"5";""
"202100040627";"128Â 993";"A01";"2";"7";"0";"1";"2";"1";"1";""
"202100040628";"128Â 991";"A01";"1";"30";"0";"2";"3";"9";"1";""
"202100040628";"128Â 992";"B01";"1";"7";"0";"2";"2";"7";"1";""
"202100040629";"128Â 989";"A01";"2";"7";"0";"2";"3";"15";"2";""
"202100040629";"128Â 990";"B01";"1";"30";"0";"2";"3";"1";"1";""
"202100040630";"128Â 987";"A01";"1";"7";"0";"2";"3";"10";"1";""
"202100040630";"128Â 988";"B01";"1";"34";"0";"2";"2";"2";"1";""
"202100040631";"128Â 985";"A01";"1";"7";"0";"2";"2";"1";"1";""
"202100040631";"128Â 986";"B01";"2";"10";"0";"2";"2";"15";"1";""
"202100040632";"128Â 983";"B01";"2";"32";"0";"2";"1";"1";"1";""
"202100040632";"128Â 984";"A01";"1";"7";"0";"2";"1";"1";"1";""
"202100040633";"128Â 981";"A01";"2";"1";"0";"2";"8";"1";"5";""
"202100040633";"128Â 982";"Z01";"2";"7";"0";"2";"0";"17";"0";""
"202100040634";"128Â 978";"A01";"0";"7";"0";"2";"1";"1";"1";""
"202100040634";"128Â 979";"C01";"0";"99";"0";"0";"0";"0";"0";""
"202100040634";"128Â 980";"B01";"0";"99";"0";"0";"0";"0";"0";""
"202100040635";"128Â 976";"B01";"2";"34";"0";"2";"1";"1";"1";""
"202100040635";"128Â 977";"A01";"1";"7";"0";"2";"7";"1";"1";""
"202100040636";"128Â 975";"A01";"3";"7";"0";"1";"3";"1";"0";""
"202100040637";"128Â 973";"A01";"3";"34";"0";"2";"1";"19";"1";""
"202100040637";"128Â 974";"B01";"3";"7";"0";"2";"1";"9";"1";""
"202100040638";"128Â 972";"A01";"1";"10";"0";"1";"3";"1";"1";""
"202100040639";"128Â 971";"A01";"2";"7";"15";"0";"9";"0";"1";""
"202100040640";"128Â 970";"A01";"1";"7";"2";"0";"1";"14";"1";""
"202100040641";"128Â 968";"A01";"1";"7";"0";"2";"3";"15";"1";""
"202100040641";"128Â 969";"B01";"1";"30";"0";"2";"1";"1";"0";""
"202100040642";"128Â 967";"A01";"0";"2";"13";"0";"2";"1";"1";""
"202100040643";"128Â 965";"B01";"2";"33";"0";"2";"3";"1";"1";""
"202100040643";"128Â 966";"A01";"1";"7";"0";"2";"3";"20";"1";""
"202100040644";"128Â 964";"A01";"1";"7";"6";"0";"1";"7";"1";""
"202100040645";"128Â 963";"A01";"2";"7";"0";"0";"9";"0";"1";""
"202100040646";"128Â 962";"A01";"2";"10";"0";"1";"2";"1";"1";""
"202100040647";"128Â 960";"A01";"3";"10";"0";"2";"1";"15";"1";""
"202100040647";"128Â 961";"B01";"3";"31";"0";"2";"3";"1";"1";""
"202100040648";"128Â 959";"A01";"0";"1";"0";"0";"0";"0";"5";""
"202100040649";"128Â 958";"A01";"3";"31";"0";"0";"7";"1";"1";""
"202100040650";"128Â 957";"A01";"2";"33";"0";"0";"0";"1";"1";""
"202100040651";"128Â 955";"A01";"2";"10";"0";"9";"8";"15";"1";""
"202100040651";"128Â 956";"B01";"2";"32";"0";"2";"2";"17";"1";""
"202100040652";"128Â 954";"A01";"1";"7";"8";"0";"1";"14";"1";""
"202100040653";"128Â 952";"B01";"1";"21";"0";"0";"0";"19";"1";""
"202100040653";"128Â 953";"A01";"2";"33";"0";"0";"2";"1";"1";""
"202100040654";"128Â 950";"B01";"1";"33";"0";"2";"1";"13";"1";""
"202100040654";"128Â 951";"A01";"1";"7";"0";"2";"3";"11";"1";""
"202100040655";"128Â 949";"A01";" -1";"7";"13";"0";"1";"1";"1";""
"202100040656";"128Â 948";"A01";"1";"7";"13";"0";"1";"13";"1";""
"202100040657";"128Â 947";"A01";"2";"33";"10";"0";"8";"16";"1";""
"202100040658";"128Â 946";"A01";"1";"33";"0";"0";"0";"1";"1";""
"202100040659";"128Â 944";"B01";"0";"7";"0";"2";"1";"1";"1";""
"202100040659";"128Â 945";"A01";"3";"7";"0";"2";"6";"16";"2";""
"202100040660";"128Â 942";"A01";"1";"7";"0";"2";"1";"1";"1";""
"202100040660";"128Â 943";"B01";"2";"7";"2";"2";"1";"1";"0";""
"202100040661";"128Â 940";"B01";"2";"10";"0";"2";"3";"21";"1";""
"202100040661";"128Â 941";"A01";"1";"7";"0";"2";"1";"13";"1";""
"202100040662";"128Â 939";"A01";"3";"7";"0";"0";"0";"0";"1";""
"202100040663";"128Â 938";"A01";"2";"1";"0";"0";"8";"1";"5";""
"202100040664";"128Â 937";"A01";"1";"2";"6";"1";"1";"1";"1";""
"202100040665";"128Â 935";"A01";"1";"7";"0";"2";"1";"15";"1";""
"202100040665";"128Â 936";"B01";"1";"7";"0";"2";"1";"1";"1";""
"202100040666";"128Â 933";"B01";"0";"7";"0";"2";"1";"19";"1";""
"202100040666";"128Â 934";"A01";"2";"21";"0";"2";"5";"1";"1";""
"202100040667";"128Â 932";"A01";"1";"10";"2";"0";"3";"1";"1";""
"202100040668";"128Â 930";"A01";"3";"2";"5";"0";"2";"0";"1";""
"202100040669";"128Â 927";"C01";"1";"7";"0";"2";"8";"1";"1";""
"202100040669";"128Â 928";"B01";"1";"1";"0";"2";"1";"1";"6";""
"202100040669";"128Â 929";"A01";"1";"1";"0";"2";"1";"1";"6";""
"202100040670";"128Â 926";"A01";"1";"7";"2";"0";"8";"1";"1";""
"202100040671";"128Â 925";"A01";"2";"33";"0";"0";"5";"0";"0";""
"202100040672";"128Â 924";"A01";"1";"33";"8";"0";"1";"1";"1";""
"202100040673";"128Â 922";"B01";"2";"1";"0";"2";"9";"1";"5";""
"202100040673";"128Â 923";"A01";"1";"1";"0";"2";"1";"1";"5";""
"202100040674";"128Â 920";"B01";"2";"33";"0";"2";"1";"1";"1";""
"202100040674";"128Â 921";"A01";"1";"7";"0";"2";"3";"19";"1";""
"202100040675";"128Â 919";"A01";"1";"31";"0";"0";"1";"13";"1";""
"202100040676";"128Â 917";"A01";"1";"7";"0";"2";"7";"17";"1";""
"202100040676";"128Â 918";"B01";"1";"7";"0";"2";"3";"10";"1";""
"202100040677";"128Â 915";"B01";"2";"33";"0";"2";"0";"17";"1";""
"202100040677";"128Â 916";"A01";"2";"21";"0";"0";"0";"15";"1";""
"202100040678";"128Â 913";"B01";"1";"2";"0";"2";"8";"1";"1";""
"202100040678";"128Â 914";"A01";"1";"10";"0";"2";"2";"15";"1";""
"202100040679";"128Â 912";"A01";"0";"2";"8";"0";"1";"1";"1";""
"202100040680";"128Â 910";"B01";"1";"7";"0";"2";"4";"2";"1";""
"202100040680";"128Â 911";"A01";"1";"7";"0";"2";"1";"2";"1";""
"202100040681";"128Â 908";"B01";"2";"7";"0";"2";"1";"2";"1";""
"202100040681";"128Â 909";"A01";"0";"7";"0";"2";"2";"19";"1";""
"202100040682";"128Â 906";"A01";"2";"7";"0";"2";"1";"13";"1";""
"202100040682";"128Â 907";"B01";"1";"7";"0";"2";"8";"1";"1";""
"202100040683";"128Â 903";"B01";"1";"1";"0";"2";"8";"1";"5";""
"202100040683";"128Â 904";"A01";"2";"7";"0";"2";"3";"1";"0";""
"202100040684";"128Â 902";"A01";"3";"32";"13";"0";"0";"26";"1";""
"202100040685";"128Â 900";"A01";"2";"10";"0";"2";"8";"13";"1";""
"202100040685";"128Â 901";"B01";"2";"33";"0";"2";"7";"1";"1";""
"202100040686";"128Â 899";"A01";"1";"10";"2";"0";"1";"1";"1";""
"202100040687";"128Â 897";"B01";"1";"7";"0";"0";"4";"0";"1";""
"202100040687";"128Â 898";"A01";"1";"33";"0";"2";"1";"1";"1";""
"202100040688";"128Â 896";"A01";"1";"32";"0";"0";"0";"0";"1";""
"202100040689";"128Â 895";"A01";"2";"7";"13";"0";"0";"1";"1";""
"202100040690";"128Â 893";"A01";"1";"7";"0";"2";"2";"19";"1";""
"202100040690";"128Â 894";"B01";"1";"33";"0";"2";"1";"1";"1";""
"202100040691";"128Â 891";"B01";"2";"7";"0";"2";"3";"1";"1";""
"202100040691";"128Â 892";"A01";"1";"7";"0";"2";"3";"1";"0";""
"202100040692";"128Â 889";"B01";"2";"33";"0";"0";"1";"1";"1";""
"202100040692";"128Â 890";"A01";"2";"7";"0";"0";"4";"1";"1";""
"202100040693";"128Â 887";"A01";"0";"43";"0";"2";"3";"1";"1";""
"202100040693";"128Â 888";"B01";"0";"99";"0";"2";"3";"0";"1";""
"202100040694";"128Â 885";"B01";"1";"7";"0";"2";"3";"1";"1";""
"202100040694";"128Â 886";"A01";"2";"7";"0";"2";"3";"13";"1";""
"202100040695";"128Â 883";"B01";"1";"1";"0";"0";"2";"1";"5";""
"202100040695";"128Â 884";"A01";"2";"7";"0";"2";"2";"15";"1";""
"202100040696";"128Â 882";"A01";"1";"2";"0";"6";"1";"1";"0";""
"202100040697";"128Â 880";"B01";"2";"7";"0";"2";"3";"1";"1";""
"202100040697";"128Â 881";"A01";"1";"33";"0";"2";"1";"5";"1";""
"202100040698";"128Â 877";"A01";"3";"21";"0";"0";"0";"1";"1";""
"202100040699";"128Â 873";"B01";" -1";"10";"3";"2";"1";"0";"1";""
"202100040699";"128Â 874";"A01";" -1";"7";"0";"2";"7";"13";"1";""
"202100040700";"128Â 871";"A01";"1";"7";"1";"2";"1";"1";"0";""
"202100040700";"128Â 872";"B01";"0";"1";"0";"2";"5";"19";"0";""
"202100040701";"128Â 867";"C01";"1";"7";"6";"2";"1";"1";"1";""
"202100040701";"128Â 868";"A01";"2";"7";"4";"2";"1";"2";"1";""
"202100040701";"128Â 869";"D01";"2";"7";"0";"2";"0";"2";"1";""