"Num_Acc";"id_vehicule";"num_veh";"senc";"catv";"obs";"obsm";"choc";"manv";"motor";"occutc"
"202100040701";"128Â 870";"B01";"2";"7";"0";"2";"6";"2";"1";""
"202100040702";"128Â 865";"A01";"1";"7";"0";"2";"4";"24";"1";""
"202100040702";"128Â 866";"B01";"1";"15";"1";"0";"1";"1";"1";""
"202100040703";"128Â 863";"A01";"1";"10";"0";"2";"6";"2";"1";""
"202100040703";"128Â 864";"B01";"1";"7";"0";"2";"1";"13";"1";""
"202100040704";"128Â 861";"B01";"1";"33";"0";"2";"3";"2";"1";""
"202100040704";"128Â 862";"A01";"1";"7";"0";"2";"6";"1";"1";""
"202100040705";"128Â 859";"B01";"1";"7";"4";"2";"4";"23";"1";""
"202100040705";"128Â 860";"A01";"1";"7";"0";"2";"1";"12";"1";""
"202100040706";"128Â 855";"C01";"1";"7";"0";"2";"4";"2";"1";""
"202100040706";"128Â 856";"B01";"1";"10";"0";"2";"4";"2";"1";""
"202100040706";"128Â 857";"D01";"1";"7";"0";"2";"4";"2";"1";""
"202100040706";"128Â 858";"A01";"1";"37";"0";"2";"1";"1";"1";"1"
"202100040707";"128Â 852";"C01";"2";"7";"0";"2";"6";"2";"1";""
"202100040707";"128Â 853";"B01";"2";"7";"0";"2";"5";"2";"1";""
"202100040707";"128Â 854";"A01";"2";"7";"4";"2";"1";"21";"1";""
"202100040708";"128Â 850";"A01";"2";"34";"0";"2";"1";"2";"1";""
"202100040708";"128Â 851";"B01";"2";"7";"0";"2";"6";"2";"1";""
"202100040709";"128Â 848";"A01";"2";"7";"0";"2";"1";"26";"1";""
"202100040709";"128Â 849";"B01";"2";"7";"0";"2";"6";"1";"1";""
"202100040710";"128Â 845";"A01";"2";"7";"0";"2";"1";"1";"1";""
"202100040710";"128Â 846";"C01";"2";"7";"0";"2";"5";"1";"1";""
"202100040710";"128Â 847";"B01";"2";"33";"0";"2";"1";"3";"1";""
"202100040711";"128Â 843";"B01";"2";"7";"0";"2";"4";"2";"1";""
"202100040711";"128Â 844";"A01";"2";"7";"0";"2";"1";"2";"1";""
"202100040712";"128Â 842";"A01";"1";"33";"0";"0";"7";"1";"1";""
"202100040713";"128Â 839";"C01";"1";"7";"0";"2";"5";"1";"1";""
"202100040713";"128Â 840";"B01";"1";"43";"0";"2";"2";"3";"1";""
"202100040713";"128Â 841";"A01";"1";"7";"0";"2";"3";"11";"1";""
"202100040714";"128Â 837";"B01";"2";"7";"0";"2";"4";"2";"1";""
"202100040714";"128Â 838";"A01";"2";"7";"4";"2";"1";"14";"1";""
"202100040715";"128Â 834";"A01";"2";"7";"0";"2";"1";"2";"1";""
"202100040715";"128Â 835";"B01";"2";"7";"0";"2";"1";"26";"1";""
"202100040715";"128Â 836";"C01";"2";"7";"0";"2";"4";"23";"1";""
"202100040716";"128Â 833";"A01";"1";"33";"13";"0";"9";"14";"1";""
"202100040717";"128Â 830";"C01";"2";"7";"0";"2";"8";"17";"1";""
"202100040717";"128Â 831";"B01";"2";"33";"0";"2";"7";"3";"1";""
"202100040717";"128Â 832";"A01";"2";"7";"0";"2";"4";"1";"1";""
"202100040718";"128Â 828";"B01";"2";"33";"0";"2";"1";"13";"1";""
"202100040718";"128Â 829";"A01";"2";"7";"0";"2";"6";"1";"1";""
"202100040719";"128Â 826";"B01";"1";"10";"0";"2";"3";"1";"1";""
"202100040719";"128Â 827";"A01";"0";"7";"0";"2";"2";"19";"1";""
"202100040720";"128Â 824";"B01";"1";"33";"0";"2";"1";"1";"1";""
"202100040720";"128Â 825";"A01";"2";"7";"0";"2";"7";"15";"1";""
"202100040721";"128Â 823";"A01";"2";"34";"9";"0";"1";"1";"1";""
"202100040722";"128Â 821";"A01";"1";"7";"0";"2";"1";"15";"1";""
"202100040722";"128Â 822";"B01";"2";"1";"0";"2";"1";"7";"5";""
"202100040723";"128Â 820";"A01";"1";"30";"12";"0";"3";"16";"1";""
"202100040724";"128Â 819";"A01";"3";"7";"6";"0";"1";"13";"1";""
"202100040725";"128Â 817";"A01";"1";"37";"0";"2";"3";"26";"1";"1"
"202100040725";"128Â 818";"B01";"1";"7";"0";"2";"2";"0";"0";""
"202100040726";"128Â 816";"A01";"1";"7";"0";"1";"2";"19";"1";""
"202100040727";"128Â 815";"A01";"3";"7";"0";"1";"4";"26";"1";""
"202100040728";"128Â 811";"B01";"2";"33";"0";"2";"5";"5";"0";""
"202100040728";"128Â 812";"A01";"2";"7";"0";"2";"1";"1";"0";""
"202100040729";"128Â 804";"A01";"2";"7";"0";"2";"2";"17";"1";""
"202100040729";"128Â 805";"B01";"2";"7";"0";"0";"6";"2";"1";""
"202100040729";"128Â 806";"C01";"1";"7";"0";"2";"8";"5";"1";""
"202100040730";"128Â 803";"A01";"3";"33";"14";"0";"1";"0";"1";""
"202100040731";"128Â 802";"A01";"0";"7";"6";"0";"1";"13";"1";""
"202100040732";"128Â 801";"A01";"1";"7";"0";"0";"0";"1";"1";""
"202100040733";"128Â 799";"A01";"0";"7";"0";"2";"1";"1";"1";""
"202100040733";"128Â 800";"B01";"0";"7";"0";"2";"8";"1";"1";""
"202100040734";"128Â 798";"A01";"1";"30";"0";"1";"1";"25";"0";""
"202100040735";"128Â 797";"A01";"2";"7";"0";"1";"1";"1";"1";""
"202100040736";"128Â 796";"A01";"3";"7";"0";"1";"2";"16";"1";""
"202100040737";"128Â 794";"B01";"0";"7";"0";"2";"3";"0";"1";""
"202100040737";"128Â 795";"A01";"0";"7";"0";"2";"3";"16";"1";""
"202100040738";"128Â 792";"B01";"2";"30";"0";"2";"8";"5";"1";""
"202100040738";"128Â 793";"A01";"2";"30";"0";"2";"7";"5";"1";""
"202100040739";"128Â 790";"A01";"2";"7";"0";"2";"3";"15";"1";""
"202100040739";"128Â 791";"B01";"2";"31";"0";"2";"1";"17";"1";""
"202100040740";"128Â 789";"A01";"1";"7";"0";"1";"2";"1";"1";""
"202100040741";"128Â 788";"A01";"1";"7";"0";"1";"2";"19";"1";""
"202100040742";"128Â 786";"A01";"3";"7";"0";"0";"0";"0";"1";""
"202100040742";"128Â 787";"B01";"3";"2";"0";"0";"0";"0";"1";""
"202100040743";"128Â 784";"B01";"2";"7";"0";"2";"8";"15";"2";""
"202100040743";"128Â 785";"A01";"1";"30";"0";"2";"1";"1";"1";""
"202100040744";"128Â 782";"B01";"1";"7";"0";"2";"1";"1";"1";""
"202100040744";"128Â 783";"A01";"2";"7";"0";"2";"2";"15";"1";""
"202100040745";"128Â 780";"B01";"2";"7";"0";"2";"4";"23";"1";""
"202100040745";"128Â 781";"A01";"2";"2";"0";"2";"7";"2";"1";""
"202100040746";"128Â 776";"A01";"3";"7";"0";"2";"2";"15";"1";""
"202100040746";"128Â 777";"B01";"3";"1";"0";"2";"1";"1";"5";""
"202100040747";"128Â 774";"Z01";"3";"7";"0";"2";"1";"0";"0";""
"202100040747";"128Â 775";"A01";"3";"1";"0";"2";"1";"26";"5";""
"202100040748";"128Â 772";"Z01";"2";"7";"0";"2";"1";"2";"1";""
"202100040748";"128Â 773";"A01";"2";"7";"0";"2";"4";"23";"1";""
"202100040749";"128Â 771";"A01";"1";"7";"1";"0";"4";"4";"1";""
"202100040750";"128Â 769";"B01";"3";"33";"0";"2";"1";"1";"1";""
"202100040750";"128Â 770";"A01";"3";"7";"0";"2";"8";"15";"1";""
"202100040751";"128Â 767";"B01";"1";"7";"0";"2";"1";"1";"1";""
"202100040751";"128Â 768";"A01";"1";"10";"0";"2";"5";"9";"0";""
"202100040752";"128Â 766";"A01";"2";"33";"1";"0";"1";"5";"1";""
"202100040753";"128Â 764";"B01";"1";"31";"0";"2";"4";"2";"1";""
"202100040753";"128Â 765";"A01";"1";"7";"0";"2";"1";"2";"1";""
"202100040754";"128Â 762";"B01";"0";"37";"0";"2";"1";"1";"1";"2"
"202100040754";"128Â 763";"A01";"0";"14";"0";"2";"7";"19";"1";""
"202100040755";"128Â 761";"A01";"1";"7";"1";"0";"1";"1";"1";""
"202100040756";"128Â 759";"B01";"1";"7";"14";"0";"1";"1";"1";""
"202100040756";"128Â 760";"A01";"1";"7";"11";"0";"1";"1";"1";""
"202100040757";"128Â 757";"B01";"1";"7";"0";"2";"3";"2";"1";""
"202100040757";"128Â 758";"A01";"1";"33";"0";"2";"1";"2";"1";""
"202100040758";"128Â 756";"A01";"3";"7";"2";"0";"0";"26";"1";""
"202100040759";"128Â 755";"A01";"1";"7";"0";"1";"2";"26";"1";""
"202100040760";"128Â 754";"A01";"1";"7";"4";"0";"3";"26";"1";""
"202100040761";"128Â 751";"C01";"1";"43";"0";"2";"3";"3";"1";""
"202100040761";"128Â 752";"B01";"1";"7";"0";"2";"4";"2";"3";""
"202100040761";"128Â 753";"A01";"1";"7";"0";"2";"1";"2";"1";""
"202100040762";"128Â 749";"B01";"1";"7";"0";"2";"4";"23";"1";""
"202100040762";"128Â 750";"A01";"1";"10";"0";"2";"1";"2";"1";""
"202100040763";"128Â 747";"A01";"1";"7";"0";"1";"2";"2";"1";""
"202100040763";"128Â 748";"B01";"1";"7";"0";"2";"1";"2";"1";""
"202100040764";"128Â 746";"A01";"2";"7";"0";"1";"2";"1";"1";""
"202100040765";"128Â 744";"B01";"2";"30";"0";"2";"4";"13";"1";""
"202100040765";"128Â 745";"A01";"2";"32";"0";"2";"8";"21";"1";""
"202100040766";"128Â 743";"A01";"3";"33";"0";"0";"0";"1";"1";""
"202100040767";"128Â 741";"B01";"1";"10";"0";"2";"1";"1";"1";""
"202100040767";"128Â 742";"A01";"1";"30";"0";"2";"9";"1";"1";""
"202100040768";"128Â 739";"B01";"1";"1";"0";"2";"7";"1";"5";""
"202100040768";"128Â 740";"A01";"1";"10";"0";"2";"8";"15";"1";""
"202100040769";"128Â 738";"A01";"1";"10";"15";"0";"1";"13";"1";""
"202100040770";"128Â 736";"A01";"1";"32";"0";"2";"6";"9";"1";""
"202100040770";"128Â 737";"B01";"1";"7";"0";"2";"1";"1";"1";""
"202100040771";"128Â 733";"B01";"1";"7";"0";"2";"3";"22";"1";""
"202100040771";"128Â 734";"C01";"1";"7";"0";"2";"2";"1";"2";""
"202100040771";"128Â 735";"A01";"1";"32";"0";"2";"1";"18";"1";""
"202100040772";"128Â 732";"A01";"2";"1";"0";"0";"0";"21";"5";""
"202100040773";"128Â 730";"A01";"1";"7";"0";"2";"6";"15";"1";""
"202100040773";"128Â 731";"B01";"1";"1";"0";"2";"1";"1";"5";""
"202100040774";"128Â 728";"A01";"2";"7";"0";"2";"3";"13";"1";""
"202100040774";"128Â 729";"B01";"2";"33";"0";"2";"2";"1";"1";""
"202100040775";"128Â 727";"A01";"2";"1";"0";"1";"2";"1";"5";""
"202100040776";"128Â 726";"A01";"1";"33";"0";"1";"1";"26";"1";""
"202100040777";"128Â 725";"A01";"1";"7";"0";"1";"6";"20";"1";""
"202100040778";"128Â 723";"A01";"2";"30";"0";"2";"1";"15";"1";""
"202100040778";"128Â 724";"B01";"2";"1";"0";"2";"2";"1";"5";""
"202100040779";"128Â 721";"B01";"3";"10";"0";"2";"1";"1";"1";""
"202100040779";"128Â 722";"A01";"3";"33";"0";"2";"8";"1";"1";""
"202100040780";"128Â 719";"A01";"2";"7";"0";"2";"5";"22";"1";""
"202100040780";"128Â 720";"B01";"2";"1";"1";"0";"1";"1";"5";""
"202100040781";"128Â 717";"B01";"3";"36";"0";"2";"8";"26";"1";""
"202100040781";"128Â 718";"A01";"2";"7";"0";"2";"1";"1";"1";""
"202100040782";"128Â 715";"B01";"1";"33";"0";"2";"8";"17";"1";""
"202100040782";"128Â 716";"A01";"1";"7";"0";"2";"7";"17";"1";""
"202100040783";"128Â 714";"A01";"1";"33";"0";"0";"0";"14";"1";""
"202100040784";"128Â 713";"A01";"1";"7";"13";"0";"2";"1";"1";""
"202100040785";"128Â 712";"A01";"2";"7";"0";"0";"1";"13";"1";""
"202100040786";"128Â 710";"B01";"0";"1";"0";"2";"1";"26";"5";""
"202100040786";"128Â 711";"A01";"0";"2";"15";"9";"1";"26";"1";""
"202100040787";"128Â 708";"A01";"1";"7";"0";"2";"6";"11";"1";""
"202100040787";"128Â 709";"B01";"1";"7";"0";"2";"2";"1";"1";""
"202100040788";"128Â 706";"A01";"1";"7";"0";"2";"1";"2";"1";""
"202100040788";"128Â 707";"B01";"1";"7";"0";"0";"4";"1";"1";""
"202100040789";"128Â 705";"A01";"2";"7";"2";"0";"1";"15";"1";""
"202100040790";"128Â 704";"A01";"2";"33";"13";"0";"2";"2";"1";""
"202100040791";"128Â 700";"D01";"1";"7";"0";"0";"6";"1";"1";""
"202100040791";"128Â 701";"C01";"2";"7";"0";"0";"0";"21";"1";""
"202100040791";"128Â 702";"B01";"2";"7";"0";"2";"1";"1";"1";""
"202100040791";"128Â 703";"A01";"1";"7";"0";"2";"3";"17";"1";""
"202100040792";"128Â 698";"A01";"3";"7";"9";"0";"5";"9";"1";""
"202100040792";"128Â 699";"B01";"1";"7";"0";"0";"1";"1";"1";""
"202100040793";"128Â 696";"A01";"1";"7";"0";"2";"1";"1";"1";""
"202100040793";"128Â 697";"B01";"2";"1";"0";"2";"1";"5";"5";""
"202100040794";"128Â 695";"A01";"2";"7";"8";"0";"1";"1";"1";""
"202100040795";"128Â 694";"A01";"1";"33";"0";"0";"0";"1";"1";""
"202100040796";"128Â 693";"A01";"3";"33";"13";"0";"1";"17";"1";""
"202100040797";"128Â 692";"A01";"2";"33";"15";"0";"1";"15";"1";""
"202100040798";"128Â 691";"A01";"1";"33";"0";"0";"0";"1";"1";""
"202100040799";"128Â 689";"A01";"2";"43";"13";"0";"1";"13";"1";""
"202100040800";"128Â 687";"A01";"3";"7";"0";"2";"1";"16";"0";""
"202100040800";"128Â 688";"B01";"1";"33";"0";"2";"8";"1";"0";""
"202100040801";"128Â 686";"A01";"2";"33";"0";"0";"1";"2";"1";""
"202100040802";"128Â 684";"B01";"2";"2";"0";"2";"6";"15";"1";""
"202100040802";"128Â 685";"A01";"2";"2";"0";"2";"1";"1";"1";""
"202100040803";"128Â 683";"A01";"3";"7";"13";"0";"9";"2";"1";""
"202100040804";"128Â 682";"A01";"2";"7";"15";"0";"9";"13";"1";""
"202100040805";"128Â 681";"A01";"3";"7";"0";"0";"1";"1";"1";""
"202100040806";"128Â 680";"A01";"1";"33";"14";"0";"1";"1";"1";""
"202100040807";"128Â 679";"A01";"2";"33";"3";"0";"2";"2";"1";""
"202100040808";"128Â 677";"A01";"1";"2";"0";"2";"1";"5";"1";""
"202100040808";"128Â 678";"B01";"1";"7";"0";"2";"5";"1";"1";""
"202100040809";"128Â 676";"A01";"2";"7";"6";"0";"5";"0";"1";""
"202100040810";"128Â 674";"B01";"1";"7";"3";"2";"0";"0";"1";""
"202100040810";"128Â 675";"A01";"1";"7";"3";"2";"0";"0";"1";""
"202100040811";"128Â 672";"B01";"1";"43";"0";"2";"1";"16";"1";""
"202100040811";"128Â 673";"A01";"1";"7";"0";"0";"4";"1";"1";""
"202100040812";"128Â 670";"A01";"1";"31";"13";"0";"0";"1";"1";""
"202100040813";"128Â 669";"A01";"1";"1";"0";"0";"8";"0";"5";""
"202100040814";"128Â 668";"A01";"3";"7";"13";"0";"3";"13";"1";""
"202100040815";"128Â 667";"A01";"2";"7";"16";"0";"1";"1";"1";""
"202100040816";"128Â 665";"A01";"1";"2";"0";"2";"1";"13";"1";""
"202100040816";"128Â 666";"B01";"2";"7";"0";"2";"1";"5";"1";""
"202100040817";"128Â 664";"A01";"2";"1";"0";"0";"0";"1";"5";""
"202100040818";"128Â 663";"A01";"2";"7";"0";"1";"1";"1";"1";""
"202100040819";"128Â 661";"A01";"2";"33";"0";"2";"1";"2";"1";""
"202100040819";"128Â 662";"B01";"2";"7";"0";"0";"6";"2";"1";""
"202100040820";"128Â 660";"A01";"1";"7";"13";"0";"7";"1";"1";""
"202100040821";"128Â 659";"A01";"2";"31";"13";"0";"8";"1";"1";""
"202100040822";"128Â 657";"A01";"3";"7";"0";"2";"3";"16";"1";""
"202100040822";"128Â 658";"B01";"3";"1";"0";"2";"1";"1";"5";""
"202100040823";"128Â 656";"A01";"1";"33";"13";"0";"0";"1";"1";""
"202100040824";"128Â 655";"A01";"2";"1";"0";"0";"0";"21";"6";""
"202100040825";"128Â 654";"A01";"0";"7";"2";"0";"1";"1";"1";""
"202100040826";"128Â 653";"A01";"2";"34";"0";"9";"9";"1";"1";""
"202100040827";"128Â 652";"A01";"1";"7";"13";"0";"1";"1";"1";""
"202100040828";"128Â 650";"A01";"2";"7";"0";"1";"1";"16";"1";""
"202100040829";"128Â 648";"A01";"1";"7";"4";"2";"3";"1";"0";""
"202100040829";"128Â 649";"B01";"1";"7";"0";"2";"2";"1";"1";""
"202100040830";"128Â 647";"A01";"1";"10";"13";"0";"2";"14";"1";""
"202100040831";"128Â 646";"A01";"1";"2";"8";"0";"1";"14";"1";""
"202100040832";"128Â 645";"A01";"1";"7";"16";"1";"2";"1";"1";""
"202100040833";"128Â 643";"B01";"2";"7";"0";"2";"2";"1";"1";""
"202100040833";"128Â 644";"A01";"1";"33";"0";"2";"1";"13";"1";""
"202100040834";"128Â 642";"A01";"3";"31";"6";"0";"1";"1";"1";""
"202100040835";"128Â 641";"A01";"1";"1";"1";"0";"1";"26";"5";""
"202100040836";"128Â 639";"A01";"2";"33";"2";"0";"1";"14";"1";""
"202100040836";"128Â 640";"B01";"2";"33";"13";"0";"0";"14";"1";""
"202100040837";"128Â 638";"A01";"1";"7";"5";"0";"2";"1";"1";""
"202100040838";"128Â 637";"A01";"1";"33";"8";"0";"1";"1";"1";""
"202100040839";"128Â 636";"A01";"1";"7";"3";"0";"1";"0";"1";""
"202100040840";"128Â 634";"A01";"1";"7";"0";"2";"2";"15";"1";""
"202100040840";"128Â 635";"B01";"2";"34";"0";"2";"1";"18";"1";""
"202100040841";"128Â 632";"A01";"1";"33";"0";"2";"2";"1";"1";""
"202100040841";"128Â 633";"B01";"3";"7";"0";"2";"3";"16";"1";""
"202100040842";"128Â 631";"A01";"1";"32";"13";"0";"1";"0";"1";""
"202100040843";"128Â 629";"A01";"2";"33";"0";"2";"1";"1";"1";""
"202100040843";"128Â 630";"B01";"2";"33";"0";"2";"8";"15";"1";""
"202100040844";"128Â 628";"A01";"1";"33";"0";"0";"9";"1";"1";""
"202100040845";"128Â 626";"B01";"3";"33";"0";"2";"1";"26";"1";""
"202100040845";"128Â 627";"A01";"3";"7";"0";"0";"3";"9";"1";""
"202100040846";"128Â 623";"C01";"1";"7";"0";"2";"6";"1";"1";""
"202100040846";"128Â 624";"B01";"1";"10";"0";"2";"6";"1";"1";""
"202100040846";"128Â 625";"A01";"2";"33";"0";"2";"0";"13";"1";""
"202100040847";"128Â 621";"A01";"1";"2";"0";"9";"2";"14";"1";""
"202100040847";"128Â 622";"B01";"1";"1";"0";"2";"8";"1";"5";""
"202100040848";"128Â 619";"A01";"2";"7";"0";"2";"8";"10";"1";""
"202100040848";"128Â 620";"B01";"2";"7";"0";"2";"2";"17";"1";""
"202100040849";"128Â 617";"B01";"1";"1";"0";"0";"4";"0";"5";""
"202100040849";"128Â 618";"A01";"1";"33";"0";"2";"1";"0";"1";""
"202100040850";"128Â 615";"A01";"1";"7";"0";"2";"1";"15";"1";""
"202100040850";"128Â 616";"B01";"2";"31";"0";"2";"1";"1";"1";""
"202100040851";"128Â 614";"A01";"1";"7";"6";"0";"3";"21";"1";""
"202100040852";"128Â 611";"C01";"1";"7";"0";"2";"4";"1";"1";""
"202100040852";"128Â 612";"B01";"1";"7";"0";"2";"4";"1";"1";""
"202100040852";"128Â 613";"A01";"1";"10";"0";"2";"1";"12";"1";""
"202100040853";"128Â 608";"C01";"2";"7";"0";"2";"1";"2";"1";""
"202100040853";"128Â 609";"B01";"2";"7";"0";"2";"1";"1";"1";""
"202100040853";"128Â 610";"A01";"2";"7";"0";"2";"4";"1";"1";""
"202100040854";"128Â 606";"A01";"1";"7";"0";"2";"7";"12";"1";""
"202100040854";"128Â 607";"B01";"1";"34";"0";"2";"8";"1";"1";""
"202100040855";"128Â 604";"B01";"2";"7";"4";"2";"3";"1";"1";""
"202100040855";"128Â 605";"A01";"2";"14";"0";"2";"7";"12";"1";""
"202100040856";"128Â 602";"B01";"1";"7";"0";"2";"1";"1";"1";""
"202100040856";"128Â 603";"A01";"1";"7";"0";"2";"4";"11";"1";""
"202100040857";"128Â 600";"B01";"2";"7";"0";"2";"8";"11";"1";""
"202100040857";"128Â 601";"A01";"2";"32";"0";"2";"7";"17";"1";""
"202100040858";"128Â 598";"B01";"2";"7";"0";"2";"4";"2";"1";""
"202100040858";"128Â 599";"A01";"2";"7";"0";"2";"1";"2";"1";""
"202100040859";"128Â 595";"A01";"1";"31";"0";"2";"7";"3";"1";""
"202100040859";"128Â 596";"B01";"1";"7";"0";"2";"8";"1";"1";""
"202100040859";"128Â 597";"C01";"1";"7";"0";"2";"7";"1";"1";""
"202100040860";"128Â 593";"A01";"1";"33";"0";"2";"1";"3";"1";""
"202100040860";"128Â 594";"B01";"1";"31";"0";"2";"6";"3";"1";""
"202100040861";"128Â 590";"A01";"1";"33";"0";"2";"2";"3";"1";""
"202100040861";"128Â 591";"B01";"1";"7";"0";"2";"6";"1";"1";""
"202100040861";"128Â 592";"C01";"1";"7";"0";"2";"5";"1";"1";""
"202100040862";"128Â 588";"A01";"1";"7";"0";"2";"1";"2";"1";""
"202100040862";"128Â 589";"B01";"1";"7";"0";"2";"4";"2";"0";""
"202100040863";"128Â 586";"B01";"3";"33";"0";"2";"1";"1";"1";""
"202100040863";"128Â 587";"A01";"3";"7";"0";"2";"7";"15";"1";""
"202100040864";"128Â 583";"A01";"3";"7";"0";"1";"3";"1";"1";""
"202100040865";"128Â 581";"B01";"3";"1";"0";"2";"1";"1";"5";""
"202100040865";"128Â 582";"A01";"3";"1";"0";"2";"1";"13";"5";""
"202100040866";"128Â 579";"B01";"1";"2";"0";"2";"2";"1";"1";""
"202100040866";"128Â 580";"A01";"2";"7";"0";"2";"3";"15";"1";""
"202100040867";"128Â 577";"B01";"3";"7";"0";"2";"2";"2";"1";""
"202100040867";"128Â 578";"A01";"3";"30";"0";"2";"5";"2";"1";""
"202100040868";"128Â 575";"Z01";"2";"2";"0";"2";"0";"1";"0";""
"202100040868";"128Â 576";"A01";"1";"7";"0";"2";"7";"16";"1";""
"202100040869";"128Â 573";"B01";"1";"7";"0";"2";"8";"1";"1";""
"202100040869";"128Â 574";"A01";"1";"2";"0";"2";"1";"5";"1";""
"202100040870";"128Â 571";"B01";"2";"30";"0";"2";"0";"0";"0";""
"202100040870";"128Â 572";"A01";"2";"50";"0";"2";"3";"1";"3";""
"202100040871";"128Â 568";"A01";"2";"7";"1";"0";"2";"14";"0";""
"202100040871";"128Â 569";"B01";"2";"7";"1";"0";"6";"0";"0";""
"202100040871";"128Â 570";"C01";"2";"7";"1";"2";"4";"0";"1";""
"202100040872";"128Â 567";"A01";"2";"7";"8";"0";"1";"16";"1";""
"202100040873";"128Â 565";"A01";"2";"7";"0";"2";"1";"15";"1";""
"202100040873";"128Â 566";"B01";"1";"7";"0";"2";"2";"1";"1";""
"202100040874";"128Â 563";"B01";"2";"99";"0";"2";"4";"13";"3";""
"202100040874";"128Â 564";"A01";"2";"30";"0";"2";"4";"17";"1";""
"202100040875";"128Â 561";"B01";"2";"43";"0";"2";"0";"0";"1";""
"202100040875";"128Â 562";"A01";"1";"32";"0";"2";"0";"26";"1";""
"202100040876";"128Â 559";"A01";"1";"7";"0";"0";"3";"1";"0";""
"202100040876";"128Â 560";"B01";"1";"7";"15";"0";"1";"1";"0";""
"202100040877";"128Â 557";"A01";"1";"7";"4";"0";"1";"19";"1";""
"202100040878";"128Â 555";"B01";"1";"1";"0";"2";"1";"0";"0";""
"202100040878";"128Â 556";"A01";"2";"7";"0";"9";"3";"26";"1";""
"202100040879";"128Â 554";"A01";"2";"7";"0";"1";"1";"1";"2";""
"202100040880";"128Â 552";"A01";"1";"7";"0";"2";"1";"2";"1";""
"202100040880";"128Â 553";"B01";"1";"7";"0";"2";"4";"2";"1";""
"202100040881";"128Â 551";"A01";"1";"7";"1";"0";"1";"1";"1";""
"202100040882";"128Â 550";"A01";"1";"3";"0";"1";"3";"1";"1";""
"202100040883";"128Â 548";"A01";"2";"31";"0";"2";"1";"17";"1";""
"202100040883";"128Â 549";"B01";"1";"7";"0";"2";"3";"9";"1";""
"202100040884";"128Â 546";"A01";"2";"7";"0";"2";"1";"2";"1";""
"202100040884";"128Â 547";"B01";"1";"7";"0";"2";"4";"2";"1";""
"202100040885";"128Â 544";"B01";"1";"7";"0";"2";"1";"2";"1";""
"202100040885";"128Â 545";"A01";"1";"7";"0";"2";"4";"2";"1";""
"202100040886";"128Â 543";"A01";"0";"7";"0";"1";"2";"1";"1";""
"202100040887";"128Â 541";"B01";"0";"7";"0";"2";"3";"15";"1";""
"202100040887";"128Â 542";"A01";"0";"7";"0";"2";"0";"0";"0";""
"202100040888";"128Â 539";"A01";"3";"7";"0";"9";"3";"2";"1";""
"202100040888";"128Â 540";"B01";"3";"1";"0";"2";"8";"19";"5";""
"202100040889";"128Â 538";"A01";"2";"31";"0";"2";"8";"1";"1";""
"202100040890";"128Â 537";"A01";"0";"7";"0";"1";"2";"1";"1";""
"202100040891";"128Â 535";"B01";"3";"60";"0";"2";"7";"1";"5";""
"202100040891";"128Â 536";"A01";"3";"7";"0";"2";"2";"1";"1";""
"202100040892";"128Â 534";"A01";"2";"7";"0";"1";"1";"1";"1";""
"202100040893";"128Â 533";"A01";"1";"10";"0";"1";"4";"20";"6";""
"202100040894";"128Â 531";"A01";"1";"7";"0";"2";"2";"10";"1";""
"202100040894";"128Â 532";"B01";"1";"1";"0";"2";"1";"1";"5";""
"202100040895";"128Â 529";"B01";"1";"7";"0";"2";"5";"16";"1";""
"202100040895";"128Â 530";"A01";"1";"1";"0";"2";"1";"1";"5";""
"202100040896";"128Â 527";"A01";"1";"10";"0";"2";"1";"9";"1";""
"202100040896";"128Â 528";"B01";"2";"1";"0";"2";"7";"1";"5";""
"202100040897";"128Â 526";"A01";"1";"7";"0";"1";"1";"1";"1";""
"202100040898";"128Â 524";"FA01";"0";"7";"0";"2";"8";"1";"1";""
"202100040898";"128Â 525";"B01";"1";"33";"0";"2";"0";"0";"0";""
"202100040899";"128Â 523";"A01";"1";"7";"0";"1";"3";"1";"1";""
"202100040900";"128Â 519";"B01";"1";"33";"0";"2";"7";"1";"1";""
"202100040900";"128Â 520";"A01";"2";"7";"0";"2";"1";"15";"1";""
"202100040901";"128Â 517";"B01";"1";"80";"0";"2";"7";"1";"3";""
"202100040901";"128Â 518";"A01";"3";"7";"0";"2";"1";"9";"1";""
"202100040902";"128Â 515";"A01";"1";"7";"0";"9";"7";"17";"1";""
"202100040902";"128Â 516";"B01";"2";"1";"0";"2";"8";"2";"5";""
"202100040903";"128Â 513";"A01";"1";"7";"0";"9";"8";"10";"1";""
"202100040903";"128Â 514";"B01";"1";"33";"0";"2";"1";"1";"1";""
"202100040904";"128Â 511";"B01";"1";"7";"0";"2";"8";"1";"1";""
"202100040904";"128Â 512";"A01";"1";"10";"0";"2";"1";"1";"1";""
"202100040905";"128Â 509";"A01";"1";"7";"0";"2";"8";"1";"1";""
"202100040905";"128Â 510";"B01";"1";"7";"0";"2";"1";"1";"1";""
"202100040906";"128Â 506";"A01";"2";"10";"0";"1";"1";"1";"1";""
"202100040907";"128Â 504";"A01";"1";"7";"0";"2";"8";"9";"1";""
"202100040907";"128Â 505";"B01";"1";"1";"0";"2";"7";"1";"5";""
"202100040908";"128Â 503";"A01";"0";"7";"1";"0";"1";"14";"1";""
"202100040909";"128Â 501";"B01";"0";"7";"0";"2";"1";"1";"1";""