"Num_Acc";"id_vehicule";"num_veh";"senc";"catv";"obs";"obsm";"choc";"manv";"motor";"occutc"
"202100040909";"128Â 502";"A01";"0";"1";"0";"2";"1";"19";"5";""
"202100040910";"128Â 499";"B01";"1";"7";"0";"2";"1";"15";"1";""
"202100040910";"128Â 500";"A01";"1";"30";"0";"2";"1";"26";"1";""
"202100040911";"128Â 497";"A01";"2";"7";"0";"2";"8";"15";"1";""
"202100040911";"128Â 498";"B01";"1";"2";"0";"2";"1";"1";"1";""
"202100040912";"128Â 495";"B01";"3";"1";"0";"2";"9";"18";"5";""
"202100040912";"128Â 496";"A01";"3";"14";"0";"2";"7";"16";"1";""
"202100040913";"128Â 492";"A01";"1";"30";"0";"2";"1";"2";"1";""
"202100040913";"128Â 493";"B01";"1";"7";"0";"2";"4";"2";"1";""
"202100040914";"128Â 490";"A01";"1";"7";"0";"2";"1";"1";"1";""
"202100040914";"128Â 491";"B01";"1";"7";"8";"2";"5";"1";"1";""
"202100040915";"128Â 488";"B01";"3";"7";"0";"2";"8";"15";"1";""
"202100040915";"128Â 489";"A01";"3";"7";"0";"2";"1";"1";"1";""
"202100040916";"128Â 487";"A01";"3";"37";"0";"1";"2";"16";"1";"1"
"202100040917";"128Â 485";"B01";"1";"14";"0";"2";"2";"1";"1";""
"202100040917";"128Â 486";"A01";"1";"7";"0";"2";"5";"15";"1";""
"202100040918";"128Â 483";"A01";"1";"7";"0";"2";"1";"2";"1";""
"202100040918";"128Â 484";"B01";"1";"7";"0";"2";"4";"1";"1";""
"202100040919";"128Â 481";"B01";"1";"2";"0";"2";"7";"1";"3";""
"202100040919";"128Â 482";"A01";"1";"7";"0";"2";"8";"9";"1";""
"202100040920";"128Â 477";"A01";"1";"7";"0";"2";"1";"19";"1";""
"202100040920";"128Â 478";"B01";"1";"7";"0";"2";"4";"1";"1";""
"202100040920";"128Â 479";"C01";"1";"7";"0";"2";"4";"1";"1";""
"202100040920";"128Â 480";"D01";"1";"7";"0";"2";"0";"0";"0";""
"202100040921";"128Â 475";"A01";"2";"10";"0";"2";"1";"2";"1";""
"202100040921";"128Â 476";"B01";"2";"7";"0";"2";"6";"23";"1";""
"202100040922";"128Â 473";"B01";"3";"50";"0";"2";"1";"1";"3";""
"202100040922";"128Â 474";"A01";"3";"10";"0";"2";"3";"1";"1";""
"202100040923";"128Â 472";"A01";"1";"7";"1";"0";"3";"5";"1";""
"202100040924";"128Â 470";"B01";"3";"2";"0";"2";"1";"17";"1";""
"202100040924";"128Â 471";"A01";"3";"7";"0";"2";"3";"10";"1";""
"202100040925";"128Â 468";"B01";"3";"2";"0";"2";"1";"1";"1";""
"202100040925";"128Â 469";"A01";"3";"7";"0";"2";"1";"15";"1";""
"202100040926";"128Â 466";"Z01";"2";"7";"0";"2";"0";"15";"0";""
"202100040926";"128Â 467";"B01";"2";"30";"0";"2";"0";"1";"1";""
"202100040927";"128Â 464";"A01";"2";"10";"0";"2";"5";"15";"1";""
"202100040927";"128Â 465";"B01";"2";"1";"0";"2";"2";"1";"5";""
"202100040928";"128Â 463";"A01";"0";"7";"0";"1";"4";"20";"1";""
"202100040929";"128Â 461";"A01";"2";"31";"0";"2";"1";"1";"1";""
"202100040929";"128Â 462";"B01";"2";"7";"0";"2";"8";"15";"1";""
"202100040930";"128Â 460";"A01";"1";"7";"0";"1";"3";"1";"1";""
"202100040931";"128Â 458";"A01";"2";"30";"0";"2";"1";"26";"1";""
"202100040931";"128Â 459";"B01";"1";"7";"0";"2";"3";"9";"1";""
"202100040932";"128Â 456";"A01";"3";"7";"0";"2";"8";"15";"1";""
"202100040932";"128Â 457";"B01";"3";"7";"0";"2";"2";"17";"1";""
"202100040933";"128Â 454";"C01";"1";"0";"0";"2";"9";"26";" -1";""
"202100040933";"128Â 455";"B01";"1";"31";"0";"2";"1";"1";"1";""
"202100040934";"128Â 452";"B01";"0";"2";"0";"2";"0";"1";"1";""
"202100040934";"128Â 453";"A01";"0";"7";"0";"2";"0";"0";"0";""
"202100040935";"128Â 450";"B01";"3";"30";"0";"2";"4";"12";"1";""
"202100040935";"128Â 451";"A01";"3";"7";"0";"2";"1";"0";"1";""
"202100040936";"128Â 448";"A01";"0";"2";"0";"2";"2";"3";"1";""
"202100040936";"128Â 449";"B01";"0";"7";"0";"2";"3";"15";"2";""
"202100040937";"128Â 447";"A01";"3";"0";"0";"1";"1";"26";"1";""
"202100040938";"128Â 445";"B01";"2";"7";"0";"2";"3";"1";"1";""
"202100040938";"128Â 446";"A01";"1";"7";"0";"2";"2";"14";"1";""
"202100040939";"128Â 443";"B01";"2";"33";"0";"2";"1";"2";"1";""
"202100040939";"128Â 444";"A01";"1";"30";"0";"2";"1";"17";"1";""
"202100040940";"128Â 441";"A01";"3";"10";"0";"2";"2";"1";"1";""
"202100040940";"128Â 442";"B01";"3";"10";"0";"2";"6";"1";"1";""
"202100040941";"128Â 439";"B01";"3";"1";"0";"2";"7";"1";"5";""
"202100040941";"128Â 440";"A01";"3";"7";"0";"2";"1";"1";"1";""
"202100040942";"128Â 437";"A01";"1";"7";"0";"2";"2";"21";"1";""
"202100040942";"128Â 438";"B01";"1";"7";"0";"2";"6";"1";"1";""
"202100040943";"128Â 434";"C01";"3";"7";"0";"2";"6";"13";"1";""
"202100040943";"128Â 435";"B01";"1";"33";"0";"2";"8";"1";"1";""
"202100040943";"128Â 436";"A01";"1";"33";"4";"0";"3";"13";"1";""
"202100040944";"128Â 432";"B01";"1";"1";"0";"2";"8";"2";"6";""
"202100040944";"128Â 433";"A01";"1";"7";"0";"2";"2";"2";"2";""
"202100040945";"128Â 430";"A01";"3";"30";"0";"2";"0";"0";"0";""
"202100040945";"128Â 431";"B01";"3";"7";"0";"9";"0";"0";"0";""
"202100040946";"128Â 428";"A01";"2";"7";"0";"2";"2";"22";"1";""
"202100040946";"128Â 429";"B01";"2";"80";"0";"2";"8";"18";"3";""
"202100040947";"128Â 426";"A01";"1";"7";"0";"2";"1";"1";"1";""
"202100040947";"128Â 427";"B01";"1";"33";"0";"2";"3";"1";"1";""
"202100040948";"128Â 424";"A01";"1";"10";"0";"2";"6";"10";"1";""
"202100040948";"128Â 425";"B01";"1";"80";"0";"2";"1";"1";"3";""
"202100040949";"128Â 422";"B01";"1";"14";"0";"2";"8";"10";"1";""
"202100040949";"128Â 423";"A01";"1";"32";"0";"2";"2";"1";"1";""
"202100040950";"128Â 420";"B01";"2";"7";"0";"2";"6";"23";"3";""
"202100040950";"128Â 421";"A01";"2";"34";"0";"2";"2";"9";"1";""
"202100040951";"128Â 418";"A01";"2";"7";"0";"2";"2";"9";"3";""
"202100040951";"128Â 419";"B01";"2";"30";"0";"2";"1";"1";"1";""
"202100040952";"128Â 417";"A01";"2";"10";"0";"1";"2";"16";"3";""
"202100040953";"128Â 415";"A01";"1";"33";"0";"2";"6";"1";"1";""
"202100040953";"128Â 416";"Z01";"1";"7";"0";"2";"0";"12";"0";""
"202100040954";"128Â 413";"A01";"2";"1";"0";"2";"8";"13";"5";""
"202100040954";"128Â 414";"B01";"2";"7";"0";"2";"7";"1";"2";""
"202100040955";"128Â 411";"B01";"1";"80";"0";"2";"5";"1";"3";""
"202100040955";"128Â 412";"A01";"1";"7";"0";"2";"1";"1";"1";""
"202100040956";"128Â 410";"A01";"1";"1";"0";"0";"1";"1";"5";""
"202100040957";"128Â 409";"A01";"2";"32";"0";"0";"0";"1";"3";""
"202100040958";"128Â 407";"A01";"2";"30";"8";"0";"1";"16";"1";""
"202100040958";"128Â 408";"B01";"2";"7";"8";"0";"7";"1";"1";""
"202100040959";"128Â 405";"A01";"3";"7";"0";"2";"3";"15";"1";""
"202100040959";"128Â 406";"B01";"3";"1";"0";"2";"1";"1";"5";""
"202100040960";"128Â 403";"A01";"1";"7";"0";"2";"2";"1";"1";""
"202100040960";"128Â 404";"B01";"3";"7";"0";"2";"0";"0";"1";""
"202100040961";"128Â 401";"A01";"2";"32";"8";"2";"3";"18";"1";""
"202100040961";"128Â 402";"B01";"2";"7";"0";"2";"2";"16";"1";""
"202100040962";"128Â 399";"A01";"2";"30";"0";"2";"1";"1";"1";""
"202100040962";"128Â 400";"B01";"2";"7";"0";"2";"2";"16";"1";""
"202100040963";"128Â 397";"A01";"0";"7";"0";"2";"3";"15";"1";""
"202100040963";"128Â 398";"B01";"1";"31";"0";"2";"3";"1";"1";""
"202100040964";"128Â 394";"A01";"3";"7";"0";"2";"7";"12";"1";""
"202100040964";"128Â 395";"C01";"3";"10";"0";"2";"5";"1";"0";""
"202100040964";"128Â 396";"B01";"3";"32";"0";"2";"8";"1";"1";""
"202100040965";"128Â 392";"B01";"3";"7";"0";"2";"2";"1";"2";""
"202100040965";"128Â 393";"A01";"3";"15";"0";"0";"6";"1";"1";""
"202100040966";"128Â 390";"A01";"1";"7";"0";"2";"2";"16";"1";""
"202100040966";"128Â 391";"B01";"1";"33";"0";"2";"3";"16";"1";""
"202100040967";"128Â 388";"B01";"1";"99";"0";"0";"4";"0";"3";""
"202100040967";"128Â 389";"A01";"1";"7";"0";"2";"1";"17";"1";""
"202100040968";"128Â 387";"A01";"2";"7";"9";"0";"8";"9";"1";""
"202100040969";"128Â 385";"A01";"3";"30";"0";"2";"2";"15";"1";""
"202100040969";"128Â 386";"B01";"3";"7";"0";"2";"2";"16";"2";""
"202100040970";"128Â 383";"A01";"2";"7";"1";"2";"1";"13";"1";""
"202100040970";"128Â 384";"B01";"2";"7";"0";"2";"8";"13";"1";""
"202100040971";"128Â 382";"A01";"0";"7";"0";"1";"2";"2";"1";""
"202100040972";"128Â 380";"B01";"3";"7";"0";"2";"5";"15";"1";""
"202100040972";"128Â 381";"A01";"3";"7";"0";"2";"3";"1";"1";""
"202100040973";"128Â 379";"A01";"1";"7";"1";"0";"0";"0";"1";""
"202100040974";"128Â 377";"A01";"3";"7";"0";"1";"0";"0";"0";""
"202100040975";"128Â 376";"A01";"1";"10";"0";"1";"4";"26";"1";""
"202100040976";"128Â 374";"B01";"1";"43";"0";"2";"1";"2";"1";""
"202100040976";"128Â 375";"A01";"1";"7";"0";"2";"5";"15";"1";""
"202100040977";"128Â 373";"A01";"0";"7";"8";"0";"1";"26";"1";""
"202100040978";"128Â 372";"A01";"1";"7";"0";"1";"8";"26";"1";""
"202100040979";"128Â 370";"B01";"1";"32";"0";"2";"2";"21";"1";""
"202100040979";"128Â 371";"A01";"1";"7";"0";"2";"3";"10";"1";""
"202100040980";"128Â 368";"A01";"2";"50";"0";"2";"1";"5";"3";""
"202100040980";"128Â 369";"B01";"1";"1";"0";"2";"1";"1";"5";""
"202100040981";"128Â 366";"A01";"1";"1";"0";"2";"0";"17";"5";""
"202100040981";"128Â 367";"B01";"1";"1";"0";"2";"0";"21";"5";""
"202100040982";"128Â 364";"A01";"1";"7";"0";"2";"3";"11";"1";""
"202100040982";"128Â 365";"B01";"2";"7";"0";"2";"3";"1";"1";""
"202100040983";"128Â 363";"A01";"2";"33";"13";"0";"1";"1";"1";""
"202100040984";"128Â 361";"B01";"2";"1";"0";"2";"1";"1";"5";""
"202100040984";"128Â 362";"A01";"1";"7";"13";"2";"3";"21";"1";""
"202100040985";"128Â 359";"B01";"2";"33";"0";"2";"8";"1";"1";""
"202100040985";"128Â 360";"A01";"2";"7";"0";"2";"3";"1";"1";""
"202100040986";"128Â 358";"A01";"2";"2";"0";"0";"3";"1";"1";""
"202100040987";"128Â 356";"A01";"1";"33";"0";"2";"1";"2";"1";""
"202100040987";"128Â 357";"B01";"1";"7";"0";"2";"5";"2";"1";""
"202100040988";"128Â 354";"A01";"0";"7";"2";"9";"3";"1";"1";""
"202100040988";"128Â 355";"B01";"0";"1";"15";"2";"4";"2";"5";""
"202100040989";"128Â 353";"A01";"0";"7";"0";"1";"4";"20";"1";""
"202100040990";"128Â 351";"A01";"2";"7";"0";"9";"1";"15";"1";""
"202100040990";"128Â 352";"B01";"2";"1";"0";"2";"4";"1";"5";""
"202100040991";"128Â 349";"B01";"3";"10";"0";"2";"3";"1";"1";""
"202100040991";"128Â 350";"A01";"3";"2";"0";"2";"3";"1";"1";""
"202100040992";"128Â 347";"B01";"2";"7";"0";"2";"3";"1";"1";""
"202100040992";"128Â 348";"A01";"1";"7";"0";"2";"3";"1";"1";""
"202100040993";"128Â 345";"B01";"1";"33";"0";"2";"7";"17";"1";""
"202100040993";"128Â 346";"A01";"1";"10";"0";"2";"3";"15";"1";""
"202100040994";"128Â 344";"A01";"1";"7";"2";"0";"1";"1";"1";""
"202100040995";"128Â 341";"C01";"2";"33";"0";"2";"1";"1";"1";""
"202100040995";"128Â 342";"B01";"1";"7";"0";"0";"3";"1";"1";""
"202100040995";"128Â 343";"A01";"2";"7";"0";"2";"4";"1";"1";""
"202100040996";"128Â 340";"A01";"2";"35";"0";"0";"0";"1";"1";""
"202100040997";"128Â 336";"A01";"1";"7";"0";"2";"1";"2";"1";""
"202100040997";"128Â 337";"B01";"1";"7";"0";"2";"4";"1";"1";""
"202100040997";"128Â 338";"C01";"2";"7";"0";"2";"8";"1";"1";""
"202100040998";"128Â 335";"A01";"1";"31";"0";"0";"0";"1";"1";""
"202100040999";"128Â 333";"A01";"2";"15";"0";"9";"0";"1";"1";""
"202100040999";"128Â 334";"B01";"1";"1";"0";"9";"3";"1";"5";""
"202100041000";"128Â 331";"A01";"2";"10";"0";"2";"7";"5";"1";""
"202100041000";"128Â 332";"B01";"1";"33";"0";"2";"7";"1";"1";""
"202100041001";"128Â 329";"A01";"2";"21";"0";"2";"1";"9";"1";""
"202100041001";"128Â 330";"B01";"1";"10";"0";"2";"7";"1";"1";""
"202100041002";"128Â 327";"A01";"1";"7";"0";"2";"3";"1";"1";""
"202100041002";"128Â 328";"B01";"2";"33";"0";"2";"1";"1";"1";""
"202100041003";"128Â 325";"B01";"2";"33";"0";"2";"3";"1";"1";""
"202100041003";"128Â 326";"A01";"1";"33";"0";"2";"3";"13";"1";""
"202100041004";"128Â 324";"A01";"0";"33";"0";"0";"2";"1";"1";""
"202100041005";"128Â 323";"A01";"0";"36";"0";"0";"1";"0";"1";""
"202100041006";"128Â 321";"B01";"1";"7";"0";"2";"1";"0";"1";""
"202100041006";"128Â 322";"A01";"1";"10";"0";"2";"3";"16";"1";""
"202100041007";"128Â 319";"A01";"3";"7";"6";"0";"3";"1";"1";""
"202100041008";"128Â 318";"A01";"2";"7";"0";"1";"8";"21";"1";""
"202100041009";"128Â 316";"B01";"2";"7";"0";"0";"8";"1";"1";""
"202100041009";"128Â 317";"A01";"2";"7";"0";"2";"2";"14";"1";""
"202100041010";"128Â 313";"C01";"0";"7";"0";"2";"1";"23";"1";""
"202100041010";"128Â 314";"B01";"0";"2";"0";"2";"2";"1";"1";""
"202100041010";"128Â 315";"A01";"0";"7";"0";"2";"1";"16";"1";""
"202100041011";"128Â 311";"A01";"1";"7";"0";"2";"8";"1";"1";""
"202100041011";"128Â 312";"B01";"3";"7";"0";"2";"1";"1";"1";""
"202100041012";"128Â 309";"B01";"1";"7";"0";"2";"7";"17";"1";""
"202100041012";"128Â 310";"A01";"1";"7";"3";"2";"8";"13";"1";""
"202100041013";"128Â 307";"B01";"0";"7";"0";"0";"3";"2";"0";""
"202100041013";"128Â 308";"A01";"0";"7";"0";"0";"6";"2";"0";""
"202100041014";"128Â 305";"A01";"3";"1";"0";"0";"0";"2";"5";""
"202100041014";"128Â 306";"B01";"0";"7";"0";"9";"0";"1";"0";""
"202100041015";"128Â 303";"A01";"1";"10";"0";"2";"3";"13";"1";""
"202100041015";"128Â 304";"B01";"2";"7";"0";"2";"3";"1";"1";""
"202100041016";"128Â 302";"A01";"1";"7";"12";"0";"9";"1";"1";""
"202100041017";"128Â 300";"B01";"3";"7";"0";"2";"3";"1";"1";""
"202100041017";"128Â 301";"A01";"1";"34";"0";"2";"1";"1";"1";""
"202100041018";"128Â 298";"B01";"2";"7";"0";"2";"1";"1";"2";""
"202100041018";"128Â 299";"A01";"1";"7";"0";"2";"3";"19";"1";""
"202100041019";"128Â 296";"B01";"1";"7";"0";"2";"9";"1";"1";""
"202100041019";"128Â 297";"A01";"2";"7";"0";"2";"1";"19";"1";""
"202100041020";"128Â 294";"B01";"1";"7";"0";"2";"1";"2";"1";""
"202100041020";"128Â 295";"A01";"2";"33";"0";"2";"1";"5";"1";""
"202100041021";"128Â 292";"A01";"2";"33";"0";"0";"0";"1";"1";""
"202100041021";"128Â 293";"B01";"2";"33";"0";"0";"1";"1";"1";""
"202100041022";"128Â 291";"A01";"1";"33";"13";"0";"1";"1";"1";""
"202100041023";"128Â 289";"A01";"0";"2";"0";"2";"3";"1";"1";""
"202100041023";"128Â 290";"B01";"0";"1";"0";"2";"5";"19";"5";""
"202100041024";"128Â 288";"A01";"1";"7";"0";"0";"3";"1";"1";""
"202100041025";"128Â 286";"A01";"1";"7";"0";"2";"5";"17";"1";""
"202100041025";"128Â 287";"C01";"1";"1";"0";"2";"8";"0";"0";""
"202100041026";"128Â 284";"B01";"1";"7";"0";"2";"1";"1";"1";""
"202100041026";"128Â 285";"A01";"2";"7";"0";"2";"3";"5";"1";""
"202100041027";"128Â 282";"A01";"2";"7";"13";"0";"2";"14";"1";""
"202100041028";"128Â 281";"A01";"2";"2";"3";"0";"7";"1";"1";""
"202100041029";"128Â 280";"A01";"1";"7";"3";"0";"2";"1";"1";""
"202100041030";"128Â 278";"A01";"1";"10";"0";"2";"3";"13";"1";""
"202100041030";"128Â 279";"B01";"2";"7";"0";"2";"3";"1";"1";""
"202100041031";"128Â 277";"A01";"0";"7";"13";"0";"1";"1";"1";""
"202100041032";"128Â 272";"A01";"1";"7";"0";"2";"4";"1";"1";""
"202100041032";"128Â 273";"D01";"1";"10";"0";"2";"1";"2";"1";""
"202100041032";"128Â 274";"C01";"1";"7";"0";"2";"4";"2";"1";""
"202100041032";"128Â 275";"B01";"1";"7";"0";"2";"5";"2";"1";""
"202100041033";"128Â 270";"A01";"2";"15";"0";"2";"2";"1";"1";""
"202100041033";"128Â 271";"B01";"2";"7";"0";"2";"8";"11";"1";""
"202100041034";"128Â 268";"B01";"1";"7";"0";"2";"1";"2";"1";""
"202100041034";"128Â 269";"A01";"1";"7";"0";"2";"4";"1";"1";""
"202100041035";"128Â 265";"C01";"2";"7";"0";"2";"1";"2";"1";""
"202100041035";"128Â 266";"B01";"2";"10";"0";"2";"4";"2";"1";""
"202100041035";"128Â 267";"A01";"2";"7";"0";"2";"4";"1";"1";""
"202100041036";"128Â 263";"B01";"2";"7";"0";"2";"1";"1";"1";""
"202100041036";"128Â 264";"A01";"2";"7";"0";"2";"4";"1";"1";""
"202100041037";"128Â 260";"Z01";"1";"10";"0";"2";"0";"1";"0";""
"202100041037";"128Â 261";"A01";"1";"7";"0";"2";"4";"2";"1";""
"202100041037";"128Â 262";"B01";"1";"33";"0";"2";"1";"2";"1";""
"202100041038";"128Â 258";"A01";"1";"7";"0";"2";"2";"2";"1";""
"202100041038";"128Â 259";"B01";"1";"32";"0";"2";"4";"1";"1";""
"202100041039";"128Â 256";"A01";"2";"7";"4";"2";"9";"1";"1";""
"202100041039";"128Â 257";"B01";"2";"10";"0";"2";"0";"0";"1";""
"202100041040";"128Â 254";"B01";"2";"7";"0";"2";"4";"2";"1";""
"202100041040";"128Â 255";"A01";"2";"33";"0";"2";"1";"2";"1";""
"202100041041";"128Â 252";"A01";"1";"7";"0";"2";"4";"1";"1";""
"202100041041";"128Â 253";"B01";"1";"7";"0";"2";"1";"2";"1";""
"202100041042";"128Â 250";"A01";"2";"7";"0";"2";"1";"2";"1";""
"202100041042";"128Â 251";"B01";"2";"7";"0";"2";"4";"2";"1";""
"202100041043";"128Â 248";"A01";"2";"10";"0";"2";"1";"2";"1";""
"202100041043";"128Â 249";"B01";"2";"7";"0";"2";"4";"2";"1";""
"202100041044";"128Â 246";"A01";"1";"33";"0";"2";"1";"3";"1";""
"202100041044";"128Â 247";"B01";"1";"7";"0";"2";"4";"1";"1";""
"202100041045";"128Â 242";"A01";"2";"30";"0";"2";"1";"1";"1";""
"202100041045";"128Â 243";"B01";"3";"7";"0";"2";"5";"26";"1";""
"202100041046";"128Â 241";"A01";"1";"7";"0";"1";"1";"1";"1";""
"202100041047";"128Â 240";"A01";"1";"33";"4";"0";"7";"18";"1";""
"202100041048";"128Â 238";"B01";"2";"7";"0";"9";"5";"1";"1";""
"202100041048";"128Â 239";"A01";"2";"2";"0";"2";"0";"1";"1";""
"202100041049";"128Â 236";"A01";"2";"7";"0";"2";"1";"1";"1";""
"202100041049";"128Â 237";"B01";"2";"7";"0";"2";"4";"1";"1";""
"202100041050";"128Â 235";"A01";"0";"2";"0";"2";"1";"1";"1";""
"202100041051";"128Â 233";"B01";"1";"7";"0";"2";"1";"1";"1";""
"202100041051";"128Â 234";"A01";"2";"3";"0";"2";"1";"5";"1";""
"202100041052";"128Â 231";"A01";"1";"7";"0";"2";"1";"1";"1";""
"202100041052";"128Â 232";"B01";"1";"7";"0";"2";"6";"1";"1";""
"202100041053";"128Â 230";"A01";"2";"36";"12";"0";"0";"0";"1";""
"202100041054";"128Â 226";"C01";"2";"7";"0";"2";"5";"1";"1";""
"202100041054";"128Â 227";"D01";"2";"7";"0";"2";"7";"1";"0";""
"202100041054";"128Â 228";"A01";"2";"7";"0";"2";"8";"22";"1";""
"202100041054";"128Â 229";"B01";"2";"2";"1";"2";"1";"1";"1";""
"202100041055";"128Â 224";"A01";"1";"10";"0";"9";"1";"1";"1";""
"202100041055";"128Â 225";"B01";"2";"1";"0";"2";"7";"19";"5";""
"202100041056";"128Â 223";"A01";"2";"20";"0";"1";"3";"1";"1";""
"202100041057";"128Â 221";"A01";"2";"7";"0";"2";"1";"1";"1";""
"202100041057";"128Â 222";"B01";"1";"32";"0";"2";"1";"21";"1";""
"202100041058";"128Â 219";"A01";"2";"7";"1";"2";"7";"20";"1";""
"202100041058";"128Â 220";"B01";"2";"7";"1";"2";"1";"1";"1";""
"202100041059";"128Â 215";"A01";"1";"7";"0";"2";"1";"26";"1";""
"202100041059";"128Â 216";"B01";"1";"10";"0";"2";"1";"26";"1";""
"202100041059";"128Â 217";"C01";"1";"10";"0";"2";"4";"2";"1";""
"202100041059";"128Â 218";"D01";"1";"7";"0";"2";"4";"2";"1";""
"202100041060";"128Â 213";"A01";"1";"7";"0";"2";"7";"15";"1";""
"202100041060";"128Â 214";"B01";"1";"1";"0";"2";"1";"0";"5";""
"202100041061";"128Â 211";"B01";"1";"2";"0";"2";"1";"1";"1";""
"202100041061";"128Â 212";"A01";"1";"7";"0";"2";"3";"15";"1";""
"202100041062";"128Â 210";"A01";"3";"7";"0";"1";"2";"16";"0";""
"202100041063";"128Â 207";"C01";"2";"7";"0";"2";"3";"5";"1";""
"202100041063";"128Â 208";"Z01";"3";"7";"0";"2";"3";"26";"1";""
"202100041063";"128Â 209";"B01";"3";"7";"9";"2";"5";"15";"1";""
"202100041064";"128Â 205";"B01";"1";"7";"0";"2";"4";"2";"1";""
"202100041064";"128Â 206";"A01";"1";"7";"0";"2";"1";"2";"0";""
"202100041065";"128Â 204";"A01";"1";"7";"9";"0";"1";"26";"1";""
"202100041066";"128Â 203";"A01";"1";"7";"15";"0";"2";"26";"1";""
"202100041067";"128Â 201";"A01";"1";"7";"0";"2";"3";"13";"1";""
"202100041067";"128Â 202";"B01";"2";"7";"0";"2";"1";"1";"1";""
"202100041068";"128Â 199";"A01";"3";"7";"0";"2";"1";"15";"1";""
"202100041068";"128Â 200";"B01";"3";"7";"0";"2";"1";"1";"1";""
"202100041069";"128Â 198";"A01";"1";"7";"13";"0";"7";"14";"1";""
"202100041070";"128Â 196";"A01";"1";"7";"0";"2";"3";"13";"1";""
"202100041070";"128Â 197";"B01";"2";"7";"0";"2";"3";"1";"1";""
"202100041071";"128Â 194";"A01";"1";"10";"16";"9";"1";"9";"1";""
"202100041071";"128Â 195";"B01";"2";"33";"0";"2";"1";"5";"1";""
"202100041072";"128Â 191";"A01";"3";"7";"0";"1";"3";"15";"1";""
"202100041073";"128Â 190";"A01";"0";"33";"14";"0";"3";"13";"0";""
"202100041074";"128Â 188";"A01";"3";"7";"0";"2";"1";"13";"0";""
"202100041074";"128Â 189";"B01";"3";"7";"0";"2";"1";"1";"0";""
"202100041075";"128Â 187";"A01";"3";"7";"0";"1";"1";"15";"1";""
"202100041076";"128Â 186";"A01";"2";"7";"13";"0";"2";"17";"1";""
"202100041077";"128Â 185";"A01";"1";"7";"2";"0";"0";"19";"1";""
"202100041078";"128Â 183";"B01";"0";"1";"0";"2";"8";"15";"5";""
"202100041078";"128Â 184";"A01";"0";"7";"0";"9";"2";"21";"1";""
"202100041079";"128Â 182";"A01";"2";"7";"6";"0";"0";"1";"1";""
"202100041080";"128Â 180";"B01";"0";"30";"0";"2";"3";"9";"1";""
"202100041080";"128Â 181";"A01";"0";"99";"0";"2";"1";"1";"1";""
"202100041081";"128Â 179";"A01";"2";"7";"0";"1";"1";"21";"1";""
"202100041082";"128Â 178";"A01";"2";"7";"0";"1";"7";"1";"1";""
"202100041083";"128Â 176";"B01";"1";"1";"0";"2";"1";"1";"5";""
"202100041083";"128Â 177";"A01";"1";"7";"0";"2";"1";"16";"1";""
"202100041084";"128Â 174";"B01";"1";"7";"0";"2";"3";"15";"1";""
"202100041084";"128Â 175";"A01";"2";"30";"0";"2";"1";"1";"1";""
"202100041085";"128Â 171";"A01";"1";"33";"0";"2";"1";"2";"1";""
"202100041085";"128Â 172";"T01";"1";"99";"0";"0";"0";"2";" -1";""
"202100041085";"128Â 173";"B01";"1";"7";"0";"2";"4";"2";"1";""
"202100041086";"128Â 169";"B01";"2";"7";"0";"2";"4";"2";"1";""
"202100041086";"128Â 170";"A01";"2";"7";"0";"2";"1";"1";"1";""
"202100041087";"128Â 168";"A01";"0";"7";"0";"1";"1";"1";"1";""
"202100041088";"128Â 166";"A01";"1";"7";"0";"2";"1";"16";"1";""
"202100041088";"128Â 167";"B01";"2";"50";"0";"2";"1";"25";"3";""
"202100041089";"128Â 165";"A01";"1";"7";"0";"1";"2";"15";"1";""
"202100041090";"128Â 163";"B01";"1";"7";"0";"2";"3";"13";"1";""
"202100041090";"128Â 164";"A01";"2";"36";"0";"2";"2";"13";"1";""
"202100041091";"128Â 161";"B01";"1";"33";"0";"2";"2";"1";"1";""
"202100041091";"128Â 162";"A01";"2";"7";"0";"2";"3";"15";"1";""
"202100041092";"128Â 159";"A01";"2";"7";"0";"2";"1";"2";"1";""
"202100041092";"128Â 160";"B01";"2";"7";"0";"2";"4";"1";"1";""
"202100041093";"128Â 158";"A01";"2";"7";"0";"1";"1";"1";"1";""
"202100041094";"128Â 157";"A01";"1";"33";"0";"0";"0";"26";"1";""
"202100041095";"128Â 155";"A01";"3";"10";"0";"2";"1";"2";"1";""
"202100041095";"128Â 156";"B01";"3";"7";"0";"2";"4";"2";"1";""
"202100041096";"128Â 153";"A01";"3";"7";"0";"2";"1";"2";"1";""
"202100041096";"128Â 154";"B01";"3";"7";"0";"2";"4";"2";"1";""
"202100041097";"128Â 151";"A01";"3";"7";"0";"2";"2";"22";"1";""
"202100041097";"128Â 152";"B01";"3";"1";"0";"9";"1";"1";"5";""
"202100041098";"128Â 149";"B01";"1";"33";"0";"2";"1";"2";"1";""
"202100041098";"128Â 150";"A01";"1";"7";"0";"2";"6";"15";"2";""
"202100041099";"128Â 148";"A01";"0";"7";"6";"0";"1";"1";"1";""
"202100041100";"128Â 146";"B01";"0";"7";"0";"2";"1";"1";"1";""
"202100041100";"128Â 147";"A01";"0";"7";"0";"2";"1";"15";"1";""
"202100041101";"128Â 144";"A01";"1";"30";"0";"2";"0";"1";"1";""