"Num_Acc";"id_vehicule";"num_veh";"senc";"catv";"obs";"obsm";"choc";"manv";"motor";"occutc"
"202100041101";"128Â 145";"B01";"1";"7";"0";"2";"0";"0";"1";""
"202100041102";"128Â 143";"A01";"3";"7";"0";"1";"1";"26";"1";""
"202100041103";"128Â 141";"B01";"1";"10";"14";"2";"4";"23";"1";""
"202100041103";"128Â 142";"A01";"1";"7";"0";"2";"1";"1";"1";""
"202100041104";"128Â 140";"A01";"2";"1";"0";"0";"0";"1";"5";""
"202100041105";"128Â 139";"A01";"1";"30";"0";"0";"8";"1";"1";""
"202100041106";"128Â 137";"B01";"1";"1";"0";"2";"1";"21";"5";""
"202100041106";"128Â 138";"A01";"1";"7";"0";"9";"2";"17";"1";""
"202100041107";"128Â 133";"A01";"0";"7";"0";"2";"1";"2";"1";""
"202100041107";"128Â 134";"D01";"0";"7";"0";"2";"4";"23";"1";""
"202100041107";"128Â 135";"C01";"0";"7";"0";"2";"4";"23";"1";""
"202100041107";"128Â 136";"B01";"0";"7";"0";"2";"4";"23";"1";""
"202100041108";"128Â 131";"B01";"3";"2";"0";"2";"1";"1";"1";""
"202100041108";"128Â 132";"A01";"3";"7";"0";"2";"4";"15";"1";""
"202100041109";"128Â 130";"A01";"3";"10";"0";"0";"2";"0";"1";""
"202100041110";"128Â 129";"A01";"0";"7";"0";"1";"1";"1";"1";""
"202100041111";"128Â 127";"B01";"1";"7";"0";"2";"2";"1";"1";""
"202100041111";"128Â 128";"A01";"2";"2";"0";"2";"1";"1";"1";""
"202100041112";"128Â 125";"A01";"2";"34";"1";"2";"1";"7";"1";""
"202100041112";"128Â 126";"B01";"2";"7";"0";"2";"7";"12";"6";""
"202100041113";"128Â 123";"B01";"2";"99";"0";"2";"3";"10";"3";""
"202100041113";"128Â 124";"A01";"1";"99";"0";"2";"2";"1";"3";""
"202100041114";"128Â 121";"A01";"1";"10";"0";"2";"3";"26";"1";""
"202100041114";"128Â 122";"B01";"1";"1";"0";"2";"1";"1";"5";""
"202100041115";"128Â 119";"A01";"0";"7";"0";"2";"8";"9";"1";""
"202100041115";"128Â 120";"B01";"2";"1";"0";"2";"7";"1";"5";""
"202100041116";"128Â 117";"A01";"2";"17";"0";"2";"6";"1";"1";""
"202100041116";"128Â 118";"B01";"1";"7";"0";"2";"1";"1";"1";""
"202100041117";"128Â 115";"A01";"2";"7";"0";"2";"1";"9";"1";""
"202100041117";"128Â 116";"B01";"1";"1";"0";"2";"0";"1";"0";""
"202100041118";"128Â 111";"A01";"2";"7";"1";"0";"7";"1";"1";""
"202100041118";"128Â 112";"B01";"2";"7";"1";"2";"8";"24";"1";""
"202100041119";"128Â 110";"A01";"3";"7";"0";"1";"2";"1";"1";""
"202100041120";"128Â 108";"B01";"2";"33";"0";"2";"1";"1";"1";""
"202100041120";"128Â 109";"A01";"1";"10";"0";"2";"6";"15";"1";""
"202100041121";"128Â 106";"B01";"1";"7";"0";"2";"1";"1";"1";""
"202100041121";"128Â 107";"A01";"1";"7";"0";"2";"1";"1";"1";""
"202100041122";"128Â 105";"A01";"1";"30";"0";"1";"1";"21";"0";""
"202100041123";"128Â 102";"B01";"3";"34";"0";"2";"1";"1";"1";""
"202100041123";"128Â 103";"A01";"3";"7";"0";"2";"5";"15";"1";""
"202100041123";"128Â 104";"T01";"1";"7";"0";"2";"0";"23";"1";""
"202100041124";"128Â 101";"A01";"1";"33";"0";"1";"1";"17";"0";""
"202100041125";"128Â 099";"B01";"2";"7";"0";"2";"2";"1";"1";""
"202100041125";"128Â 100";"A01";"3";"50";"0";"2";"1";"1";"3";""
"202100041126";"128Â 097";"A01";"3";"7";"0";"2";"7";"15";"1";""
"202100041126";"128Â 098";"B01";"3";"2";"0";"2";"1";"1";"1";""
"202100041127";"128Â 095";"B01";"3";"7";"0";"2";"5";"2";"1";""
"202100041127";"128Â 096";"A01";"3";"7";"0";"2";"3";"2";"1";""
"202100041128";"128Â 094";"A01";"3";"33";"0";"1";"3";"3";"1";""
"202100041129";"128Â 093";"A01";"3";"7";"0";"1";"1";"9";"1";""
"202100041130";"128Â 089";"C01";"1";"37";"0";"2";"6";"23";"1";"1"
"202100041130";"128Â 090";"B01";"1";"2";"1";"2";"1";"21";"1";""
"202100041130";"128Â 091";"A01";"1";"7";"0";"2";"5";"23";"1";""
"202100041131";"128Â 086";"A01";"3";"10";"8";"2";"5";"19";"1";""
"202100041131";"128Â 087";"C01";"3";"7";"0";"2";"1";"23";"1";""
"202100041131";"128Â 088";"B01";"1";"10";"8";"2";"1";"1";"1";""
"202100041132";"128Â 084";"A01";"3";"1";"0";"2";"1";"19";"5";""
"202100041132";"128Â 085";"B01";"3";"7";"0";"2";"8";"1";"1";""
"202100041133";"128Â 082";"B01";"1";"7";"0";"2";"4";"2";"1";""
"202100041133";"128Â 083";"A01";"1";"32";"0";"2";"1";"1";"1";""
"202100041134";"128Â 081";"A01";"3";"2";"0";"1";"1";"1";"1";""
"202100041135";"128Â 079";"A01";"1";"30";"0";"2";"1";"17";"3";""
"202100041135";"128Â 080";"B01";"1";"7";"0";"2";"6";"23";"1";""
"202100041136";"128Â 077";"A01";"2";"31";"0";"2";"1";"1";"1";""
"202100041136";"128Â 078";"B01";"1";"7";"0";"2";"2";"15";"1";""
"202100041137";"128Â 075";"A01";"2";"30";"0";"2";"7";"17";"1";""
"202100041137";"128Â 076";"B01";"2";"14";"0";"2";"6";"23";"1";""
"202100041138";"128Â 073";"A01";"2";"1";"0";"2";"7";"19";"5";""
"202100041138";"128Â 074";"B01";"2";"7";"0";"2";"1";"1";"1";""
"202100041139";"128Â 071";"A01";"0";"7";"0";"2";"4";"9";"1";""
"202100041139";"128Â 072";"B01";"0";"30";"0";"2";"7";"1";"1";""
"202100041140";"128Â 069";"A01";"2";"7";"0";"2";"3";"9";"1";""
"202100041140";"128Â 070";"B01";"1";"32";"0";"2";"3";"1";"1";""
"202100041141";"128Â 067";"A01";"2";"14";"0";"2";"2";"14";"1";""
"202100041141";"128Â 068";"B01";"2";"7";"0";"2";"6";"1";"1";""
"202100041142";"128Â 065";"A01";"1";"10";"0";"2";"1";"2";"1";""
"202100041142";"128Â 066";"B01";"1";"7";"0";"2";"4";"2";"1";""
"202100041143";"128Â 063";"A01";"1";"13";"0";"2";"2";"2";"1";""
"202100041143";"128Â 064";"B01";"1";"31";"0";"2";"4";"2";"1";""
"202100041144";"128Â 061";"B01";"1";"7";"0";"2";"8";"15";"1";""
"202100041144";"128Â 062";"A01";"2";"7";"0";"2";"1";"1";"1";""
"202100041145";"128Â 059";"B01";"1";"1";"0";"2";"1";"18";"5";""
"202100041145";"128Â 060";"A01";"1";"7";"0";"2";"5";"22";"1";""
"202100041146";"128Â 056";"A01";"2";"7";"0";"2";"1";"2";"1";""
"202100041146";"128Â 057";"B01";"2";"7";"0";"2";"4";"2";"1";""
"202100041146";"128Â 058";"C01";"2";"7";"0";"2";"4";"2";"1";""
"202100041147";"128Â 054";"A01";"2";"7";"0";"2";"2";"1";"1";""
"202100041147";"128Â 055";"B01";"1";"1";"0";"2";"8";"1";"5";""
"202100041148";"128Â 052";"A01";"1";"30";"0";"2";"1";"1";"1";""
"202100041148";"128Â 053";"B01";"1";"13";"0";"2";"8";"1";"1";""
"202100041149";"128Â 050";"B01";"1";"50";"0";"0";"0";"1";"3";""
"202100041149";"128Â 051";"A01";"1";"37";"0";"0";"0";"1";"0";"1"
"202100041150";"128Â 048";"A01";"1";"7";"0";"2";"6";"26";"1";""
"202100041150";"128Â 049";"B01";"1";"10";"0";"2";"2";"1";"1";""
"202100041151";"128Â 046";"B01";"1";"2";"0";"2";"1";"1";"1";""
"202100041151";"128Â 047";"A01";"1";"7";"0";"2";"2";"19";"1";""
"202100041152";"128Â 043";"C01";"1";"37";"0";"2";"4";"1";"1";"1"
"202100041152";"128Â 044";"B01";"1";"7";"0";"2";"4";"1";"1";""
"202100041152";"128Â 045";"A01";"1";"7";"0";"2";"1";"21";"0";""
"202100041153";"128Â 041";"A01";"1";"30";"0";"2";"2";"14";"1";""
"202100041153";"128Â 042";"B01";"1";"10";"0";"2";"6";"26";"1";""
"202100041154";"128Â 039";"B01";"1";"7";"0";"2";"7";"1";"2";""
"202100041154";"128Â 040";"A01";"1";"3";"0";"2";"1";"26";"1";""
"202100041155";"128Â 037";"B01";"0";"7";"0";"2";"3";"1";"1";""
"202100041155";"128Â 038";"A01";"0";"7";"0";"2";"1";"15";"1";""
"202100041156";"128Â 035";"B01";"1";"34";"0";"2";"1";"17";"1";""
"202100041156";"128Â 036";"A01";"2";"7";"0";"2";"3";"10";"1";""
"202100041157";"128Â 033";"B01";"1";"30";"0";"2";"1";"1";"1";""
"202100041157";"128Â 034";"A01";"2";"7";"0";"2";"1";"15";"1";""
"202100041158";"128Â 031";"B01";"3";"7";"0";"0";"0";"0";"0";""
"202100041158";"128Â 032";"A01";"0";"34";"1";"0";"2";"26";"1";""
"202100041159";"128Â 029";"A01";"2";"50";"0";"2";"1";"1";"3";""
"202100041159";"128Â 030";"B01";"2";"7";"0";"2";"3";"15";"1";""
"202100041160";"128Â 028";"A01";"1";"80";"12";"0";"1";"19";"3";""
"202100041161";"128Â 026";"B01";"1";"1";"0";"2";"1";"1";"5";""
"202100041161";"128Â 027";"A01";"1";"1";"0";"2";"1";"26";"5";""
"202100041162";"128Â 025";"A01";"1";"1";"0";"0";"0";"16";"5";""
"202100041163";"128Â 023";"A01";"1";"33";"0";"2";"3";"1";"1";""
"202100041163";"128Â 024";"B01";"1";"7";"0";"2";"2";"16";"1";""
"202100041164";"128Â 021";"B01";"1";"7";"0";"2";"1";"2";"1";""
"202100041164";"128Â 022";"A01";"1";"7";"15";"2";"1";"9";"1";""
"202100041165";"128Â 018";"C01";"2";"14";"0";"2";"3";"22";"1";""
"202100041165";"128Â 019";"B01";"2";"7";"0";"2";"2";"1";"1";""
"202100041165";"128Â 020";"A01";"2";"30";"0";"2";"2";"18";"1";""
"202100041166";"128Â 017";"A01";"1";"14";"0";"1";"7";"16";"1";""
"202100041167";"128Â 015";"B01";"2";"10";"0";"2";"5";"23";"1";""
"202100041167";"128Â 016";"A01";"2";"30";"0";"2";"7";"2";"1";""
"202100041168";"128Â 013";"A01";"1";"7";"0";"2";"2";"10";"1";""
"202100041168";"128Â 014";"B01";"1";"2";"0";"2";"1";"9";"1";""
"202100041169";"128Â 011";"B01";"1";"14";"0";"2";"3";"1";"1";""
"202100041169";"128Â 012";"A01";"3";"7";"0";"2";"2";"15";"1";""
"202100041170";"128Â 010";"A01";"2";"7";"16";"0";"0";"0";"1";""
"202100041171";"128Â 007";"A01";"2";"16";"1";"0";"1";"12";"1";""
"202100041171";"128Â 008";"C01";"2";"16";"0";"0";"7";"24";"1";""
"202100041171";"128Â 009";"D01";"2";"16";"0";"0";"4";"24";"1";""
"202100041172";"128Â 004";"A01";"2";"7";"0";"2";"8";"1";"1";""
"202100041172";"128Â 005";"B01";"2";"1";"1";"0";"2";"1";"5";""
"202100041173";"128Â 002";"A01";"0";"1";"0";"9";"1";"15";"5";""
"202100041173";"128Â 003";"B01";"0";"1";"0";"9";"1";"1";"5";""
"202100041174";"128Â 000";"B01";"1";"10";"0";"2";"8";"15";"1";""
"202100041174";"128Â 001";"A01";"1";"2";"0";"2";"1";"11";"1";""
"202100041175";"127Â 998";"A01";"1";"32";"0";"2";"1";"18";"1";""
"202100041175";"127Â 999";"B01";"1";"7";"0";"0";"5";"23";"1";""
"202100041176";"127Â 996";"B01";"3";"21";"0";"2";"6";"14";"1";""
"202100041176";"127Â 997";"A01";"0";"33";"0";"2";"1";"0";"1";""
"202100041177";"127Â 995";"A01";"1";"7";"2";"0";"8";"17";"1";""
"202100041178";"127Â 993";"B01";"2";"7";"0";"0";"4";"15";"1";""
"202100041178";"127Â 994";"A01";"2";"7";"0";"2";"1";"1";"1";""
"202100041179";"127Â 991";"A01";"3";"2";"0";"2";"7";"17";"1";""
"202100041179";"127Â 992";"B01";"3";"7";"0";"2";"8";"15";"1";""
"202100041180";"127Â 990";"A01";"2";"7";"0";"1";"0";"1";"1";""
"202100041181";"127Â 988";"A01";"2";"34";"0";"2";"1";"1";"1";""
"202100041181";"127Â 989";"B01";"1";"7";"0";"0";"2";"15";"1";""
"202100041182";"127Â 987";"A01";"2";"7";"2";"0";"2";"1";"1";""
"202100041183";"127Â 984";"C01";"1";"7";"0";"2";"2";"1";"1";""
"202100041183";"127Â 985";"A01";"2";"7";"0";"2";"1";"13";"1";""
"202100041183";"127Â 986";"B01";"1";"7";"0";"2";"1";"1";"1";""
"202100041184";"127Â 982";"A01";"3";"7";"13";"0";"0";"16";"1";""
"202100041184";"127Â 983";"B01";"3";"7";"13";"0";"7";"19";"1";""
"202100041185";"127Â 981";"A01";"1";"2";"6";"0";"1";"21";"1";""
"202100041186";"127Â 979";"B01";"1";"7";"0";"2";"1";"1";"1";""
"202100041186";"127Â 980";"A01";"2";"7";"0";"2";"1";"5";"2";""
"202100041187";"127Â 978";"A01";"3";"7";"2";"0";"0";"1";"1";""
"202100041188";"127Â 976";"B01";"3";"7";"0";"2";"2";"19";"1";""
"202100041188";"127Â 977";"A01";"1";"7";"0";"2";"1";"1";"1";""
"202100041189";"127Â 974";"A01";"1";"33";"0";"2";"1";"9";"1";""
"202100041189";"127Â 975";"B01";"2";"7";"0";"2";"2";"9";"1";""
"202100041190";"127Â 973";"A01";"3";"7";"0";"1";"2";"1";"1";""
"202100041191";"127Â 971";"A01";"1";"7";"0";"2";"1";"1";"1";""
"202100041191";"127Â 972";"B01";"1";"21";"0";"2";"4";"15";"1";""
"202100041192";"127Â 969";"B01";"2";"33";"0";"2";"1";"1";"1";""
"202100041192";"127Â 970";"A01";"1";"7";"0";"2";"7";"15";"1";""
"202100041193";"127Â 968";"A01";"2";"7";"8";"0";"1";"1";"1";""
"202100041194";"127Â 967";"A01";"1";"10";"6";"0";"1";"14";"1";""
"202100041195";"127Â 965";"A01";"1";"7";"0";"2";"3";"15";"1";""
"202100041195";"127Â 966";"B01";"1";"7";"0";"2";"2";"1";"1";""
"202100041196";"127Â 964";"A01";"3";"31";"13";"0";"1";"1";"1";""
"202100041197";"127Â 963";"A01";"3";"7";"13";"0";"2";"1";"1";""
"202100041198";"127Â 961";"B01";"3";"1";"0";"2";"1";"26";"5";""
"202100041198";"127Â 962";"A01";"3";"7";"0";"2";"3";"9";"1";""
"202100041199";"127Â 960";"A01";"2";"10";"8";"0";"2";"1";"1";""
"202100041200";"127Â 959";"A01";"1";"7";"2";"0";"2";"1";"1";""
"202100041201";"127Â 958";"A01";"1";"10";"0";"1";"4";"20";"1";""
"202100041202";"127Â 957";"A01";"0";"10";"0";"1";"0";"0";"1";""
"202100041203";"127Â 956";"A01";"1";"7";"3";"0";"1";"1";"1";""
"202100041204";"127Â 954";"B01";"1";"10";"0";"2";"3";"15";"1";""
"202100041204";"127Â 955";"A01";"2";"2";"0";"2";"1";"17";"1";""
"202100041205";"127Â 952";"A01";"0";"10";"0";"0";"2";"9";"1";""
"202100041205";"127Â 953";"B01";"0";"7";"8";"0";"3";"1";"1";""
"202100041206";"127Â 951";"A01";"1";"7";"2";"0";"1";"1";"1";""
"202100041207";"127Â 949";"A01";"1";"7";"0";"9";"3";"15";"1";""
"202100041207";"127Â 950";"B01";"1";"33";"0";"0";"7";"17";"1";""
"202100041208";"127Â 947";"B01";"2";"10";"0";"0";"6";"12";"1";""
"202100041208";"127Â 948";"A01";"2";"33";"0";"2";"1";"3";"1";""
"202100041209";"127Â 945";"B01";"1";"15";"0";"2";"3";"1";"0";""
"202100041209";"127Â 946";"A01";"2";"7";"0";"2";"3";"13";"1";""
"202100041210";"127Â 943";"B01";"1";"1";"0";"2";"8";"1";"5";""
"202100041210";"127Â 944";"A01";"2";"7";"0";"9";"1";"19";"1";""
"202100041211";"127Â 941";"B01";"1";"7";"0";"2";"1";"1";"2";""
"202100041211";"127Â 942";"A01";"2";"7";"0";"2";"1";"13";"1";""
"202100041212";"127Â 940";"A01";"1";"7";"0";"0";"3";"1";"1";""
"202100041213";"127Â 938";"B01";"3";"31";"0";"2";"0";"1";"0";""
"202100041213";"127Â 939";"A01";"3";"7";"0";"2";"3";"1";"1";""
"202100041214";"127Â 936";"A01";"1";"38";"0";"2";"4";"23";"1";"1"
"202100041214";"127Â 937";"B01";"1";"2";"1";"2";"1";"26";"1";""
"202100041215";"127Â 934";"A01";"2";"7";"0";"2";"1";"1";"1";""
"202100041215";"127Â 935";"B01";"1";"7";"0";"2";"1";"1";"1";""
"202100041216";"127Â 932";"A01";"2";"7";"0";"2";"1";"26";"1";""
"202100041216";"127Â 933";"B01";"1";"7";"0";"2";"2";"1";"1";""
"202100041217";"127Â 931";"A01";"3";"1";"6";"0";"3";"0";"5";""
"202100041218";"127Â 927";"B01";"0";"15";"0";"2";"1";"1";"1";""
"202100041218";"127Â 928";"A01";"0";"7";"0";"2";"1";"13";"1";""
"202100041219";"127Â 925";"A01";"2";"15";"0";"2";"1";"2";"1";""
"202100041219";"127Â 926";"B01";"2";"7";"0";"2";"4";"2";"1";""
"202100041220";"127Â 923";"B01";"2";"2";"0";"2";"1";"9";"0";""
"202100041220";"127Â 924";"A01";"2";"7";"0";"2";"3";"9";"1";""
"202100041221";"127Â 920";"A01";"1";"7";"0";"2";"4";"1";"1";""
"202100041221";"127Â 921";"B01";"1";"7";"0";"2";"4";"1";"3";""
"202100041221";"127Â 922";"C01";"1";"7";"0";"2";"1";"1";"1";""
"202100041222";"127Â 918";"A01";"1";"7";"0";"2";"4";"2";"1";""
"202100041222";"127Â 919";"B01";"1";"7";"0";"2";"1";"2";"1";""
"202100041223";"127Â 915";"A01";"2";"17";"0";"2";"1";"2";"1";""
"202100041223";"127Â 916";"B01";"2";"7";"0";"2";"4";"2";"1";""
"202100041223";"127Â 917";"C01";"2";"7";"0";"2";"4";"2";"1";""
"202100041224";"127Â 914";"A01";"1";"7";"0";"0";"9";"13";"1";""
"202100041225";"127Â 912";"A01";"1";"31";"0";"2";"1";"2";"1";""
"202100041225";"127Â 913";"B01";"1";"10";"0";"2";"6";"2";"1";""
"202100041226";"127Â 910";"B01";"2";"10";"0";"2";"7";"1";"1";""
"202100041226";"127Â 911";"A01";"2";"10";"0";"2";"3";"1";"1";""
"202100041227";"127Â 909";"A01";"1";"33";"0";"0";"4";"1";"1";""
"202100041228";"127Â 908";"A01";"1";"7";"4";"0";"9";"1";"1";""
"202100041229";"127Â 907";"A01";"1";"10";"3";"0";"1";"1";"1";""
"202100041230";"127Â 905";"A01";"1";"7";"0";"2";"0";"11";"1";""
"202100041230";"127Â 906";"B01";"1";"7";"0";"2";"0";"0";"1";""
"202100041231";"127Â 904";"A01";"1";"33";"0";"2";"0";"26";"1";""
"202100041232";"127Â 902";"A01";"1";"7";"0";"2";"4";"2";"1";""
"202100041232";"127Â 903";"B01";"1";"10";"0";"2";"1";"2";"1";""
"202100041233";"127Â 898";"D01";"2";"7";"0";"2";"2";"1";"1";""
"202100041233";"127Â 899";"C01";"2";"33";"0";"2";"6";"2";"1";""
"202100041233";"127Â 900";"B01";"2";"33";"0";"2";"2";"2";"1";""
"202100041233";"127Â 901";"A01";"2";"32";"0";"2";"3";"9";"1";""
"202100041234";"127Â 895";"C01";"1";"7";"0";"2";"9";"9";"1";""
"202100041234";"127Â 896";"B01";"1";"14";"0";"2";"5";"1";"1";""
"202100041234";"127Â 897";"A01";"1";"7";"0";"2";"1";"1";"1";""
"202100041235";"127Â 893";"B01";"2";"31";"0";"2";"1";"2";"1";""
"202100041235";"127Â 894";"A01";"2";"7";"0";"2";"5";"2";"1";""
"202100041236";"127Â 892";"A01";"1";"7";"4";"0";"3";"26";"1";""
"202100041237";"127Â 889";"C01";"2";"7";"0";"2";"4";"2";"1";""
"202100041237";"127Â 890";"B01";"2";"7";"0";"2";"4";"1";"1";""
"202100041237";"127Â 891";"A01";"2";"7";"0";"2";"1";"26";"1";""
"202100041238";"127Â 888";"A01";"2";"7";"4";"0";"1";"1";"1";""
"202100041239";"127Â 886";"A01";"1";"7";"0";"2";"5";"12";"1";""
"202100041239";"127Â 887";"B01";"1";"33";"0";"2";"6";"3";"1";""
"202100041240";"127Â 885";"A01";"2";"7";"0";"1";"7";"1";"1";""
"202100041241";"127Â 883";"A01";"1";"7";"0";"2";"7";"17";"1";""
"202100041241";"127Â 884";"B01";"1";"1";"0";"0";"8";"13";"5";""
"202100041242";"127Â 881";"A01";"3";"7";"0";"1";"1";"1";"1";""
"202100041243";"127Â 880";"A01";"3";"30";"0";"1";"1";"26";"1";""
"202100041244";"127Â 878";"A01";"1";"30";"0";"2";"1";"1";"1";""
"202100041244";"127Â 879";"B01";"2";"1";"0";"2";"1";"1";"5";""
"202100041245";"127Â 876";"A01";"1";"30";"12";"2";"1";"1";"1";""
"202100041245";"127Â 877";"B01";"2";"30";"12";"2";"1";"26";"1";""
"202100041246";"127Â 875";"A01";"3";"7";"8";"0";"1";"13";"1";""
"202100041247";"127Â 873";"B01";"2";"2";"0";"2";"1";"1";"1";""
"202100041247";"127Â 874";"A01";"1";"7";"0";"2";"8";"9";"1";""
"202100041248";"127Â 871";"B01";"1";"32";"0";"2";"1";"1";"1";""
"202100041248";"127Â 872";"A01";"1";"7";"0";"2";"2";"16";"1";""
"202100041249";"127Â 869";"A01";"1";"7";"0";"2";"3";"15";"2";""
"202100041249";"127Â 870";"B01";"1";"1";"0";"2";"1";"1";"5";""
"202100041250";"127Â 865";"A01";"1";"7";"0";"2";"1";"1";"1";""
"202100041250";"127Â 866";"B01";"1";"7";"0";"2";"4";"1";"1";""
"202100041250";"127Â 867";"C01";"1";"7";"0";"2";"4";"1";"1";""
"202100041250";"127Â 868";"D01";"1";"7";"0";"2";"4";"1";"1";""
"202100041251";"127Â 864";"A01";"3";"7";"1";"0";"1";"16";"1";""
"202100041252";"127Â 862";"A01";"0";"7";"0";"2";"3";"26";"1";""
"202100041252";"127Â 863";"B01";"0";"41";"0";"0";"1";"1";"1";""
"202100041253";"127Â 860";"B01";"2";"7";"0";"2";"2";"1";"2";""
"202100041253";"127Â 861";"A01";"1";"10";"0";"2";"5";"15";"1";""
"202100041254";"127Â 858";"A01";"3";"7";"0";"2";"7";"26";"1";""
"202100041254";"127Â 859";"B01";"3";"7";"0";"2";"1";"1";"1";""
"202100041255";"127Â 856";"A01";"2";"7";"0";"2";"4";"1";"1";""
"202100041255";"127Â 857";"B01";"2";"34";"0";"2";"2";"17";"1";""
"202100041256";"127Â 853";"B01";"1";"7";"0";"2";"6";"2";"1";""
"202100041256";"127Â 854";"A01";"1";"30";"0";"2";"1";"12";"1";""
"202100041257";"127Â 851";"B01";"0";"7";"0";"2";"4";"2";"1";""
"202100041257";"127Â 852";"A01";"0";"7";"0";"2";"1";"2";"1";""
"202100041258";"127Â 850";"A01";"2";"7";"0";"1";"3";"15";"1";""
"202100041259";"127Â 849";"A01";"2";"99";"8";"0";"1";"1";"1";""
"202100041260";"127Â 848";"A01";"3";"7";"0";"1";"1";"15";"3";""
"202100041261";"127Â 845";"B01";"1";"50";"0";"2";"1";"1";"3";""
"202100041261";"127Â 846";"A01";"2";"10";"0";"2";"4";"4";"1";""
"202100041262";"127Â 843";"B01";"0";"7";"0";"2";"8";"0";"1";""
"202100041262";"127Â 844";"A01";"0";"33";"0";"2";"7";"10";"1";""
"202100041263";"127Â 842";"A01";"1";"7";"0";"1";"1";"1";"1";""
"202100041264";"127Â 841";"A01";"1";"7";"0";"1";"1";"9";"1";""
"202100041265";"127Â 840";"A01";"3";"7";"0";"1";"1";"2";"1";""
"202100041266";"127Â 839";"A01";"0";"7";"0";"1";"7";"9";"1";""
"202100041267";"127Â 837";"A01";"3";"1";"0";"2";"1";"9";"5";""
"202100041267";"127Â 838";"B01";"3";"7";"0";"2";"3";"23";"1";""
"202100041268";"127Â 835";"A01";"3";"7";"0";"2";"2";"9";"1";""
"202100041268";"127Â 836";"B01";"1";"34";"0";"2";"2";"1";"1";""
"202100041269";"127Â 834";"A01";"1";"30";"0";"0";"8";"2";"1";""
"202100041270";"127Â 833";"A01";"1";"33";"0";"0";"8";"21";"1";""
"202100041271";"127Â 831";"A01";"3";"7";"0";"2";"3";"13";"1";""
"202100041271";"127Â 832";"B01";"3";"33";"0";"2";"2";"17";"1";""
"202100041272";"127Â 830";"A01";"1";"7";"8";"0";"1";"13";"1";""
"202100041273";"127Â 828";"B01";"3";"2";"0";"2";"3";"5";"1";""
"202100041273";"127Â 829";"A01";"3";"7";"0";"2";"3";"15";"1";""
"202100041274";"127Â 826";"B01";"2";"7";"0";"2";"1";"1";"1";""
"202100041274";"127Â 827";"A01";"2";"7";"0";"2";"8";"15";"1";""
"202100041275";"127Â 824";"A01";"2";"33";"0";"2";"1";"26";"1";""
"202100041275";"127Â 825";"B01";"2";"7";"0";"2";"6";"2";"1";""
"202100041276";"127Â 823";"A01";"1";"31";"0";"0";"7";"1";"1";""
"202100041277";"127Â 822";"A01";"3";"7";"15";"1";"4";"20";"1";""
"202100041278";"127Â 821";"A01";"3";"7";"12";"0";"2";"14";"1";""
"202100041279";"127Â 819";"A01";"1";"7";"0";"2";"1";"2";"1";""
"202100041279";"127Â 820";"B01";"1";"7";"0";"2";"4";"2";"1";""
"202100041280";"127Â 817";"A01";"0";"7";"0";"2";"3";"13";"1";""
"202100041280";"127Â 818";"B01";"0";"30";"0";"2";"1";"13";"3";""
"202100041281";"127Â 815";"B01";"0";"7";"0";"2";"3";"16";"1";""
"202100041281";"127Â 816";"A01";"0";"7";"0";"2";"7";"1";"1";""
"202100041282";"127Â 814";"A01";"3";"7";"9";"0";"1";"26";"1";""
"202100041283";"127Â 813";"A01";"3";"2";"0";"0";"8";"1";"3";""
"202100041284";"127Â 812";"A01";"3";"7";"0";"1";"2";"1";"1";""
"202100041285";"127Â 811";"A01";"1";"7";"0";"1";"3";"1";"1";""
"202100041286";"127Â 809";"A01";"1";"7";"0";"2";"2";"1";"1";""
"202100041286";"127Â 810";"B01";"2";"1";"0";"2";"8";"0";"5";""
"202100041287";"127Â 807";"B01";"0";"7";"0";"2";"1";"1";"1";""
"202100041287";"127Â 808";"A01";"0";"1";"0";"2";"8";"19";"5";""
"202100041288";"127Â 806";"A01";"3";"7";"0";"1";"1";"16";"1";""
"202100041289";"127Â 804";"A01";"1";"33";"0";"2";"1";"1";"0";""
"202100041289";"127Â 805";"B01";"1";"7";"0";"2";"4";"23";"1";""
"202100041290";"127Â 803";"A01";"0";"7";"0";"1";"2";"1";"1";""
"202100041291";"127Â 802";"A01";"1";"33";"2";"0";"2";"2";"1";""
"202100041292";"127Â 800";"A01";"0";"7";"0";"2";"1";"6";"1";""
"202100041292";"127Â 801";"B01";"1";"7";"0";"2";"1";"1";"1";""
"202100041293";"127Â 799";"A01";"1";"7";"0";"1";"1";"1";"1";""
"202100041294";"127Â 797";"A01";"1";"7";"0";"2";"7";"16";"0";""
"202100041294";"127Â 798";"B01";"1";"1";"0";"2";"3";"1";"5";""
"202100041295";"127Â 796";"A01";"1";"7";"6";"0";"1";"1";"1";""
"202100041296";"127Â 793";"A01";"1";"7";"0";"2";"3";"13";"1";""
"202100041296";"127Â 794";"B01";"2";"7";"0";"2";"6";"1";"1";""
"202100041296";"127Â 795";"C01";"2";"10";"0";"2";"6";"1";"1";""
"202100041297";"127Â 791";"A01";"0";"32";"0";"2";"1";"1";"1";""
"202100041297";"127Â 792";"B01";"0";"30";"0";"2";"6";"13";"1";""
"202100041298";"127Â 789";"A01";"2";"7";"0";"2";"3";"15";"1";""
"202100041298";"127Â 790";"B01";"1";"32";"0";"2";"1";"1";"1";""
"202100041299";"127Â 787";"B01";"1";"7";"0";"2";"6";"0";"1";""