"Num_Acc";"id_vehicule";"num_veh";"senc";"catv";"obs";"obsm";"choc";"manv";"motor";"occutc"
"202100041299";"127Â 788";"A01";"2";"7";"0";"2";"1";"21";"1";""
"202100041300";"127Â 785";"A01";"1";"30";"0";"2";"1";"17";"1";""
"202100041300";"127Â 786";"B01";"1";"30";"0";"2";"8";"15";"1";""
"202100041301";"127Â 782";"A01";"1";"7";"0";"2";"4";"1";"1";""
"202100041301";"127Â 783";"B01";"1";"7";"0";"2";"4";"1";"1";""
"202100041301";"127Â 784";"C01";"1";"7";"0";"2";"1";"1";"1";""
"202100041302";"127Â 781";"A01";"2";"7";"0";"1";"2";"1";"1";""
"202100041303";"127Â 780";"A01";"3";"7";"0";"1";"1";"16";"1";""
"202100041304";"127Â 779";"A01";"1";"37";"0";"1";"2";"21";"1";"1"
"202100041305";"127Â 777";"B01";"2";"33";"0";"2";"1";"1";"1";""
"202100041305";"127Â 778";"A01";"1";"7";"0";"2";"2";"15";"1";""
"202100041306";"127Â 774";"A01";"2";"32";"0";"2";"8";"11";"1";""
"202100041306";"127Â 775";"B01";"2";"33";"0";"2";"2";"3";"1";""
"202100041306";"127Â 776";"C01";"2";"7";"0";"2";"6";"1";"1";""
"202100041307";"127Â 772";"B01";"3";"33";"0";"2";"4";"9";"1";""
"202100041307";"127Â 773";"A01";"3";"7";"0";"2";"1";"1";"1";""
"202100041308";"127Â 770";"A01";"3";"30";"0";"2";"8";"18";"1";""
"202100041308";"127Â 771";"B01";"3";"7";"0";"2";"2";"12";"2";""
"202100041309";"127Â 767";"C01";"1";"7";"0";"2";"4";"2";"1";""
"202100041309";"127Â 768";"B01";"1";"7";"0";"2";"4";"2";"2";""
"202100041309";"127Â 769";"A01";"1";"7";"0";"2";"1";"2";"1";""
"202100041310";"127Â 766";"A01";"1";"7";"0";"1";"7";"15";"1";""
"202100041311";"127Â 765";"A01";"1";"30";"0";"1";"1";"17";"1";""
"202100041312";"127Â 763";"A01";"1";"32";"0";"2";"7";"1";"1";""
"202100041312";"127Â 764";"B01";"3";"10";"0";"2";"1";"1";"1";""
"202100041313";"127Â 760";"A01";"1";"10";"0";"2";"3";"15";"1";""
"202100041313";"127Â 761";"B01";"1";"33";"0";"2";"2";"17";"1";""
"202100041313";"127Â 762";"C01";"2";"10";"0";"2";"3";"23";"1";""
"202100041314";"127Â 759";"A01";"2";"31";"0";"1";"1";"1";"1";""
"202100041315";"127Â 758";"A01";"2";"32";"0";"0";"7";"16";"1";""
"202100041316";"127Â 757";"A01";"2";"7";"0";"1";"1";"1";"1";""
"202100041317";"127Â 755";"B01";"2";"7";"0";"2";"5";"15";"1";""
"202100041317";"127Â 756";"A01";"1";"32";"0";"2";"3";"1";"1";""
"202100041318";"127Â 753";"A01";"2";"2";"0";"2";"1";"2";"3";""
"202100041318";"127Â 754";"B01";"2";"7";"0";"2";"4";"23";"1";""
"202100041319";"127Â 751";"A01";"1";"7";"0";"2";"1";"2";"1";""
"202100041319";"127Â 752";"B01";"1";"1";"0";"2";"4";"2";"5";""
"202100041320";"127Â 750";"A01";"1";"33";"0";"1";"2";"1";"1";""
"202100041321";"127Â 748";"B01";"1";"30";"0";"2";"1";"1";"1";""
"202100041321";"127Â 749";"A01";"1";"30";"0";"2";"1";"10";"1";""
"202100041322";"127Â 746";"A01";"1";"30";"0";"2";"2";"18";"1";""
"202100041322";"127Â 747";"B01";"1";"7";"0";"2";"7";"1";"1";""
"202100041323";"127Â 743";"A01";"1";"7";"0";"2";"3";"22";"1";""
"202100041323";"127Â 744";"B01";"1";"33";"0";"2";"2";"3";"1";""
"202100041323";"127Â 745";"C01";"2";"7";"0";"2";"1";"1";"1";""
"202100041324";"127Â 741";"A01";"2";"80";"0";"2";"7";"1";"3";""
"202100041324";"127Â 742";"B01";"1";"7";"0";"2";"1";"1";"1";""
"202100041325";"127Â 739";"B01";"1";"2";"0";"2";"2";"2";"1";""
"202100041325";"127Â 740";"A01";"1";"7";"0";"0";"1";"9";"1";""
"202100041326";"127Â 737";"A01";"2";"1";"0";"2";"1";"5";"5";""
"202100041326";"127Â 738";"B01";"1";"7";"0";"2";"1";"15";"1";""
"202100041327";"127Â 735";"B01";"3";"10";"0";"2";"3";"1";"0";""
"202100041327";"127Â 736";"A01";"3";"14";"0";"2";"2";"16";"0";""
"202100041328";"127Â 733";"B01";"2";"50";"0";"2";"8";"25";"3";""
"202100041328";"127Â 734";"A01";"1";"7";"0";"2";"1";"9";"1";""
"202100041329";"127Â 731";"B01";"2";"31";"0";"2";"1";"1";"1";""
"202100041329";"127Â 732";"A01";"2";"7";"0";"2";"4";"1";"1";""
"202100041330";"127Â 728";"A01";"2";"7";"0";"2";"3";"2";"1";""
"202100041330";"127Â 729";"B01";"2";"7";"0";"2";"4";"23";"1";""
"202100041330";"127Â 730";"C01";"2";"7";"0";"2";"4";"23";"2";""
"202100041331";"127Â 727";"A01";"2";"1";"0";"1";"1";"1";"5";""
"202100041332";"127Â 726";"A01";"1";"37";"0";"1";"2";"15";"1";"1"
"202100041333";"127Â 725";"A01";"3";"30";"0";"0";"1";"1";"1";""
"202100041334";"127Â 723";"B01";"3";"10";"0";"2";"0";"0";"0";""
"202100041334";"127Â 724";"A01";"3";"33";"1";"2";"8";"1";"0";""
"202100041335";"127Â 722";"A01";"2";"7";"0";"1";"1";"1";"1";""
"202100041336";"127Â 720";"B01";"2";"32";"0";"2";"3";"1";"1";""
"202100041336";"127Â 721";"A01";"2";"7";"0";"2";"7";"16";"1";""
"202100041337";"127Â 719";"A01";"2";"1";"0";"1";"1";"1";"5";""
"202100041338";"127Â 717";"A01";"3";"7";"0";"2";"4";"1";"1";""
"202100041338";"127Â 718";"B01";"3";"7";"0";"2";"1";"2";"0";""
"202100041339";"127Â 716";"A01";"3";"7";"0";"1";"8";"1";"1";""
"202100041340";"127Â 714";"A01";"1";"32";"0";"2";"2";"16";"3";""
"202100041340";"127Â 715";"B01";"2";"7";"0";"2";"6";"16";"1";""
"202100041341";"127Â 712";"B01";"2";"7";"0";"2";"1";"1";"1";""
"202100041341";"127Â 713";"A01";"1";"7";"0";"2";"1";"13";"1";""
"202100041342";"127Â 710";"B01";"0";"7";"0";"2";"3";"1";"1";""
"202100041342";"127Â 711";"A01";"3";"7";"0";"2";"3";"1";"1";""
"202100041343";"127Â 709";"A01";"0";"7";"0";"1";"1";"9";"1";""
"202100041344";"127Â 707";"A01";"1";"31";"0";"2";"3";"1";"1";""
"202100041344";"127Â 708";"B01";"2";"14";"0";"2";"8";"13";"1";""
"202100041345";"127Â 706";"A01";"2";"33";"5";"0";"1";"1";"1";""
"202100041346";"127Â 704";"A01";"1";"7";"0";"2";"3";"16";"1";""
"202100041346";"127Â 705";"B01";"2";"30";"0";"2";"1";"1";"1";""
"202100041347";"127Â 702";"B01";"3";"7";"5";"0";"8";"15";"1";""
"202100041347";"127Â 703";"A01";"3";"10";"15";"2";"1";"1";"1";""
"202100041348";"127Â 700";"A01";"2";"7";"0";"2";"8";"15";"1";""
"202100041348";"127Â 701";"B01";"1";"10";"0";"2";"1";"0";"1";""
"202100041349";"127Â 699";"A01";"1";"7";"0";"0";"1";"1";"1";""
"202100041350";"127Â 697";"B01";"2";"7";"0";"2";"1";"1";"1";""
"202100041350";"127Â 698";"A01";"2";"14";"0";"2";"7";"19";"1";""
"202100041351";"127Â 696";"A01";"1";"1";"14";"9";"1";"1";"5";""
"202100041352";"127Â 694";"B01";"2";"7";"0";"2";"1";"15";"1";""
"202100041352";"127Â 695";"A01";"1";"7";"7";"2";"1";"1";"1";""
"202100041353";"127Â 692";"A01";"0";"7";"0";"2";"1";"1";"1";""
"202100041353";"127Â 693";"B01";"0";"7";"0";"2";"3";"16";"3";""
"202100041354";"127Â 690";"B01";"2";"7";"0";"2";"8";"2";"1";""
"202100041354";"127Â 691";"A01";"2";"33";"0";"2";"2";"17";"1";""
"202100041355";"127Â 689";"A01";"1";"7";"0";"1";"3";"1";"3";""
"202100041356";"127Â 686";"A01";"1";"10";"0";"2";"1";"17";"1";""
"202100041356";"127Â 687";"B01";"2";"7";"0";"2";"1";"1";"1";""
"202100041356";"127Â 688";"C01";"1";"7";"0";"2";"6";"23";"1";""
"202100041357";"127Â 684";"A01";"0";"2";"0";"2";"7";"1";"1";""
"202100041357";"127Â 685";"B01";"0";"7";"0";"2";"1";"1";"1";""
"202100041358";"127Â 682";"A01";"3";"7";"0";"2";"2";"19";"1";""
"202100041358";"127Â 683";"B01";"3";"1";"0";"2";"1";"1";"5";""
"202100041359";"127Â 680";"B01";"1";"7";"0";"2";"1";"1";"1";""
"202100041359";"127Â 681";"A01";"2";"7";"0";"2";"1";"26";"1";""
"202100041360";"127Â 676";"A01";"2";"7";"0";"2";"3";"13";"1";""
"202100041360";"127Â 677";"C01";"1";"7";"0";"2";"8";"1";"1";""
"202100041360";"127Â 678";"B01";"1";"7";"0";"2";"8";"1";"1";""
"202100041360";"127Â 679";"D01";"1";"13";"0";"9";"1";"1";"1";""
"202100041361";"127Â 674";"B01";"2";"7";"0";"2";"4";"2";"1";""
"202100041361";"127Â 675";"A01";"2";"33";"0";"2";"1";"2";"1";""
"202100041362";"127Â 673";"A01";"2";"7";"0";"1";"3";"15";"1";""
"202100041363";"127Â 671";"B01";"2";"7";"0";"2";"8";"1";"1";""
"202100041363";"127Â 672";"A01";"1";"33";"0";"2";"8";"1";"1";""
"202100041364";"127Â 669";"A01";"1";"7";"0";"2";"2";"17";"1";""
"202100041364";"127Â 670";"B01";"1";"7";"0";"2";"3";"15";"1";""
"202100041365";"127Â 668";"A01";"2";"7";"0";"0";"9";"1";"1";""
"202100041366";"127Â 667";"A01";"2";"7";"8";"0";"1";"13";"1";""
"202100041367";"127Â 665";"B01";"1";"33";"0";"2";"1";"1";"1";""
"202100041367";"127Â 666";"A01";"2";"7";"0";"2";"2";"15";"1";""
"202100041368";"127Â 663";"B01";"1";"38";"0";"2";"2";"1";"1";"1"
"202100041368";"127Â 664";"A01";"2";"7";"0";"2";"1";"19";"1";""
"202100041369";"127Â 661";"B01";"1";"10";"0";"2";"6";"9";"1";""
"202100041369";"127Â 662";"A01";"1";"7";"0";"2";"5";"17";"1";""
"202100041370";"127Â 658";"C01";"2";"7";"0";"2";"1";"1";"1";""
"202100041370";"127Â 659";"B01";"2";"33";"0";"2";"1";"1";"1";""
"202100041370";"127Â 660";"A01";"1";"7";"0";"2";"1";"5";"1";""
"202100041371";"127Â 656";"A01";"1";"15";"0";"2";"1";"1";"1";""
"202100041371";"127Â 657";"B01";"3";"7";"13";"2";"8";"19";"1";""
"202100041372";"127Â 654";"B01";"2";"7";"0";"2";"1";"11";"1";""
"202100041372";"127Â 655";"A01";"1";"7";"0";"2";"1";"1";"1";""
"202100041373";"127Â 652";"B01";"2";"7";"0";"2";"1";"1";"1";""
"202100041373";"127Â 653";"A01";"1";"10";"0";"2";"1";"13";"1";""
"202100041374";"127Â 650";"A01";"2";"20";"16";"2";"9";"1";"1";""
"202100041374";"127Â 651";"B01";"1";"7";"0";"9";"8";"1";"1";""
"202100041375";"127Â 649";"A01";"3";"7";"0";"1";"1";"0";"1";""
"202100041376";"127Â 647";"B01";"3";"15";"0";"2";"8";"9";"1";""
"202100041376";"127Â 648";"A01";"1";"34";"4";"2";"2";"1";"1";""
"202100041377";"127Â 645";"A01";"2";"7";"0";"2";"1";"13";"1";""
"202100041377";"127Â 646";"B01";"1";"7";"0";"2";"1";"1";"1";""
"202100041378";"127Â 644";"A01";"1";"7";"2";"0";"8";"17";"1";""
"202100041379";"127Â 643";"A01";"3";"7";"0";"1";"4";"4";"1";""
"202100041380";"127Â 642";"A01";"2";"7";"13";"0";"2";"1";"1";""
"202100041381";"127Â 640";"A01";"2";"7";"0";"2";"1";"15";"1";""
"202100041381";"127Â 641";"B01";"1";"7";"0";"2";"8";"1";"1";""
"202100041382";"127Â 638";"A01";"3";"13";"0";"2";"4";"1";"1";""
"202100041382";"127Â 639";"B01";"3";"7";"6";"2";"3";"0";"1";""
"202100041383";"127Â 636";"A01";"0";"7";"0";"2";"3";"15";"1";""
"202100041383";"127Â 637";"B01";"1";"2";"0";"2";"1";"17";"1";""
"202100041384";"127Â 635";"A01";"2";"33";"4";"0";"3";"13";"1";""
"202100041385";"127Â 634";"A01";"2";"7";"0";"0";"0";"26";"1";""
"202100041386";"127Â 631";"B01";"2";"15";"0";"2";"4";"23";"1";""
"202100041386";"127Â 632";"C01";"2";"15";"0";"2";"4";"23";"1";""
"202100041386";"127Â 633";"A01";"2";"15";"0";"2";"1";"2";"1";""
"202100041387";"127Â 629";"A01";"2";"10";"0";"2";"2";"11";"1";""
"202100041387";"127Â 630";"B01";"2";"33";"0";"2";"8";"1";"1";""
"202100041388";"127Â 625";"D01";"2";"7";"0";"2";"4";"2";"1";""
"202100041388";"127Â 626";"C01";"2";"7";"0";"2";"1";"2";"1";""
"202100041388";"127Â 627";"B01";"2";"7";"0";"2";"4";"2";"1";""
"202100041388";"127Â 628";"A01";"2";"7";"0";"2";"1";"2";"1";""
"202100041389";"127Â 624";"A01";"2";"33";"0";"0";"0";"1";"1";""
"202100041390";"127Â 622";"B01";"1";"7";"0";"2";"5";"2";"1";""
"202100041390";"127Â 623";"A01";"1";"7";"0";"2";"3";"2";"1";""
"202100041391";"127Â 620";"B01";"2";"34";"0";"2";"3";"1";"1";""
"202100041391";"127Â 621";"A01";"2";"7";"0";"2";"5";"12";"1";""
"202100041392";"127Â 618";"B01";"2";"14";"0";"2";"4";"1";"1";""
"202100041392";"127Â 619";"A01";"2";"7";"0";"2";"1";"1";"1";""
"202100041393";"127Â 616";"B01";"2";"33";"0";"2";"4";"3";"1";""
"202100041393";"127Â 617";"A01";"2";"7";"0";"2";"2";"14";"1";""
"202100041394";"127Â 613";"A01";"1";"33";"0";"2";"1";"3";"1";""
"202100041394";"127Â 614";"B01";"1";"7";"0";"2";"4";"1";"1";""
"202100041394";"127Â 615";"C01";"1";"7";"0";"2";"4";"1";"1";""
"202100041395";"127Â 611";"A01";"2";"7";"0";"2";"1";"26";"1";""
"202100041395";"127Â 612";"B01";"2";"7";"0";"2";"5";"1";"1";""
"202100041396";"127Â 610";"A01";"2";"7";"4";"0";"8";"1";"1";""
"202100041397";"127Â 607";"C01";"2";"7";"0";"2";"4";"2";"1";""
"202100041397";"127Â 608";"B01";"2";"7";"0";"2";"4";"2";"1";""
"202100041397";"127Â 609";"A01";"2";"7";"0";"2";"1";"0";"1";""
"202100041398";"127Â 605";"B01";"1";"7";"0";"0";"0";"0";"1";""
"202100041398";"127Â 606";"A01";"1";"7";"4";"9";"1";"18";"1";""
"202100041399";"127Â 601";"A01";"2";"14";"0";"2";"1";"1";"6";""
"202100041399";"127Â 602";"C01";"2";"7";"0";"2";"4";"23";"6";""
"202100041399";"127Â 603";"B01";"2";"7";"0";"2";"4";"23";"1";""
"202100041399";"127Â 604";"D01";"2";"7";"0";"0";"4";"23";"0";""
"202100041400";"127Â 599";"A01";"2";"14";"0";"2";"2";"16";"1";""
"202100041400";"127Â 600";"B01";"2";"2";"0";"2";"8";"18";"1";""
"202100041401";"127Â 597";"A01";"1";"33";"0";"2";"4";"17";"1";""
"202100041401";"127Â 598";"B01";"1";"7";"0";"2";"3";"15";"0";""
"202100041402";"127Â 595";"A01";"1";"30";"0";"2";"3";"9";"1";""
"202100041402";"127Â 596";"B01";"1";"7";"0";"2";"7";"13";"1";""
"202100041403";"127Â 594";"A01";"2";"37";"0";"1";"5";"1";"1";"1"
"202100041404";"127Â 593";"A01";"1";"7";"0";"1";"4";"4";"1";""
"202100041405";"127Â 592";"Z01";"2";"7";"0";"1";"0";"1";"0";""
"202100041406";"127Â 590";"B01";"2";"30";"0";"2";"1";"1";"1";""
"202100041406";"127Â 591";"A01";"1";"7";"0";"2";"5";"15";"3";""
"202100041407";"127Â 588";"A01";"2";"7";"0";"2";"5";"16";"1";""
"202100041407";"127Â 589";"B01";"2";"2";"0";"2";"8";"1";"1";""
"202100041408";"127Â 586";"B01";"2";"30";"0";"2";"1";"1";"3";""
"202100041408";"127Â 587";"A01";"2";"7";"0";"2";"8";"15";"1";""
"202100041409";"127Â 584";"A01";"3";"33";"0";"2";"1";"1";"1";""
"202100041409";"127Â 585";"B01";"3";"7";"0";"2";"5";"12";"1";""
"202100041410";"127Â 582";"B01";"0";"1";"0";"2";"0";"18";"5";""
"202100041410";"127Â 583";"A01";"0";"7";"0";"2";"2";"14";"1";""
"202100041411";"127Â 580";"B01";"2";"32";"1";"2";"1";"1";"1";""
"202100041411";"127Â 581";"A01";"2";"10";"0";"2";"8";"22";"1";""
"202100041412";"127Â 578";"B01";"3";"33";"0";"2";"1";"1";"1";""
"202100041412";"127Â 579";"A01";"3";"10";"0";"2";"5";"14";"1";""
"202100041413";"127Â 577";"A01";"1";"80";"14";"0";"2";"12";"3";""
"202100041414";"127Â 576";"A01";"2";"33";"0";"0";"0";"1";"1";""
"202100041415";"127Â 574";"A01";"1";"7";"0";"2";"1";"2";"1";""
"202100041415";"127Â 575";"B01";"1";"7";"0";"2";"4";"2";"1";""
"202100041416";"127Â 572";"A01";"1";"7";"0";"2";"8";"15";"1";""
"202100041416";"127Â 573";"B01";"0";"33";"0";"2";"1";"17";"1";""
"202100041417";"127Â 571";"A01";"1";"7";"9";"0";"1";"26";"1";""
"202100041418";"127Â 569";"A01";"2";"7";"0";"2";"3";"1";"1";""
"202100041418";"127Â 570";"B01";"1";"2";"0";"2";"0";"16";"1";""
"202100041419";"127Â 567";"A01";"1";"7";"0";"2";"2";"1";"1";""
"202100041419";"127Â 568";"B01";"1";"7";"0";"2";"0";"1";"1";""
"202100041420";"127Â 565";"A01";"3";"10";"0";"2";"6";"4";"1";""
"202100041420";"127Â 566";"B01";"3";"30";"0";"2";"1";"1";"1";""
"202100041421";"127Â 564";"A01";" -1";"31";"0";"1";"5";"26";"0";""
"202100041422";"127Â 563";"A01";"1";"7";"0";"1";"2";"1";"2";""
"202100041423";"127Â 561";"A01";"1";"33";"0";"2";"2";"21";"1";""
"202100041423";"127Â 562";"B01";"3";"1";"0";"2";"3";"9";"5";""
"202100041424";"127Â 560";"A01";"1";"7";"0";"1";"4";"20";"1";""
"202100041425";"127Â 558";"B01";"2";"31";"0";"2";"1";"3";"3";""
"202100041425";"127Â 559";"A01";"2";"7";"0";"2";"3";"0";"1";""
"202100041426";"127Â 556";"B01";"1";"43";"0";"2";"7";"1";"1";""
"202100041426";"127Â 557";"A01";"1";"7";"0";"2";"1";"9";"1";""
"202100041427";"127Â 554";"A01";"1";"13";"0";"2";"3";"15";"0";""
"202100041427";"127Â 555";"B01";"1";"2";"0";"2";"2";"17";"1";""
"202100041428";"127Â 552";"A01";"2";"33";"0";"2";"2";"17";"1";""
"202100041428";"127Â 553";"B01";"2";"7";"0";"2";"3";"15";"1";""
"202100041429";"127Â 550";"A01";"1";"7";"0";"2";"8";"10";"1";""
"202100041429";"127Â 551";"B01";"1";"34";"0";"2";"2";"3";"1";""
"202100041430";"127Â 548";"A01";"2";"7";"0";"2";"7";"1";"1";""
"202100041430";"127Â 549";"B01";"2";"2";"0";"2";"1";"1";"1";""
"202100041431";"127Â 546";"A01";"1";"10";"0";"2";"3";"15";"1";""
"202100041431";"127Â 547";"B01";"1";"33";"0";"2";"6";"15";"1";""
"202100041432";"127Â 543";"A01";"1";"33";"0";"2";"5";"3";"1";""
"202100041432";"127Â 544";"B01";"1";"10";"0";"2";"5";"1";"1";""
"202100041432";"127Â 545";"C01";"1";"14";"0";"2";"6";"1";"1";""
"202100041433";"127Â 541";"B01";"1";"32";"0";"0";"4";"1";"1";""
"202100041433";"127Â 542";"A01";"1";"7";"0";"2";"1";"2";"1";""
"202100041434";"127Â 539";"A01";"3";"7";"0";"2";"2";"19";"1";""
"202100041434";"127Â 540";"B01";"2";"7";"0";"2";"3";"1";"1";""
"202100041435";"127Â 537";"B01";"3";"7";"0";"2";"3";"1";"1";""
"202100041435";"127Â 538";"A01";"3";"33";"0";"2";"1";"0";"1";""
"202100041436";"127Â 536";"B01";"1";"17";"1";"1";"2";"2";"1";""
"202100041437";"127Â 533";"A01";"1";"10";"0";"2";"1";"2";"1";""
"202100041437";"127Â 534";"B01";"1";"10";"0";"0";"4";"2";"1";""
"202100041437";"127Â 535";"C01";"1";"10";"0";"2";"9";"2";"1";""
"202100041438";"127Â 532";"A01";"1";"7";"13";"0";"9";"1";"2";""
"202100041439";"127Â 530";"B01";"2";"2";"0";"2";"1";"1";"1";""
"202100041439";"127Â 531";"A01";"1";"7";"0";"2";"2";"15";"1";""
"202100041440";"127Â 528";"B01";"1";"7";"0";"9";"3";"1";"1";""
"202100041440";"127Â 529";"A01";"2";"2";"0";"2";"1";"13";"1";""
"202100041441";"127Â 527";"A01";"2";"33";"13";"0";"0";"1";"1";""
"202100041442";"127Â 525";"A01";"0";"33";"0";"2";"8";"9";"1";""
"202100041442";"127Â 526";"B01";"1";"7";"0";"2";"1";"1";"1";""
"202100041443";"127Â 523";"A01";"1";"7";"0";"2";"1";"5";"1";""
"202100041443";"127Â 524";"B01";"2";"7";"0";"2";"1";"1";"1";""
"202100041444";"127Â 522";"A01";"2";"33";"15";"0";"1";"1";"1";""
"202100041445";"127Â 521";"A01";"1";"33";"14";"0";"9";"1";"1";""
"202100041446";"127Â 519";"A01";"2";"7";"0";"2";"1";"13";"1";""
"202100041446";"127Â 520";"B01";"1";"7";"0";"2";"1";"1";"1";""
"202100041447";"127Â 517";"B01";"2";"15";"0";"2";"3";"1";"1";""
"202100041447";"127Â 518";"A01";"1";"7";"0";"2";"3";"13";"1";""
"202100041448";"127Â 516";"A01";"1";"33";"8";"0";"3";"14";"1";""
"202100041449";"127Â 515";"A01";"2";"7";"13";"0";"3";"1";"1";""
"202100041450";"127Â 514";"A01";"1";"7";"10";"0";"1";"1";"1";""
"202100041451";"127Â 513";"A01";"0";"7";"13";"0";"9";"16";"1";""
"202100041452";"127Â 512";"A01";"2";"10";"11";"0";"1";"1";"1";""
"202100041453";"127Â 511";"A01";"1";"15";"16";"0";"0";"1";"1";""
"202100041454";"127Â 509";"A01";"1";"33";"0";"2";"3";"1";"1";""
"202100041454";"127Â 510";"B01";"2";"7";"0";"2";"3";"13";"1";""
"202100041455";"127Â 507";"B01";"2";"10";"0";"2";"2";"17";"1";""
"202100041455";"127Â 508";"A01";"2";"7";"0";"0";"6";"1";"1";""
"202100041456";"127Â 505";"B01";"3";"1";"0";"2";"4";"15";"5";""
"202100041456";"127Â 506";"A01";"1";"7";"0";"2";"2";"1";"1";""
"202100041457";"127Â 503";"B01";"3";"7";"0";"2";"1";"15";"1";""
"202100041457";"127Â 504";"A01";"2";"7";"0";"2";"9";"1";"1";""
"202100041458";"127Â 501";"A01";"1";"7";"0";"2";"3";"11";"1";""
"202100041458";"127Â 502";"B01";"2";"7";"6";"2";"3";"13";"1";""
"202100041459";"127Â 499";"B01";"3";"1";"0";"2";"7";"19";"5";""
"202100041459";"127Â 500";"A01";"3";"7";"0";"2";"1";"1";"1";""
"202100041460";"127Â 498";"A01";"1";"31";"7";"0";"1";"17";"1";""
"202100041461";"127Â 496";"B01";"1";"14";"0";"2";"2";"12";"1";""
"202100041461";"127Â 497";"A01";"1";"7";"4";"2";"6";"2";"1";""
"202100041462";"127Â 495";"A01";"1";"7";"13";"0";"1";"1";"1";""
"202100041463";"127Â 492";"B01";"1";"7";"0";"2";"2";"17";"1";""
"202100041463";"127Â 493";"C01";"2";"20";"0";"2";"8";"1";"1";""
"202100041463";"127Â 494";"A01";"1";"17";"0";"2";"6";"17";"1";""
"202100041464";"127Â 491";"A01";"0";"10";"0";"0";"0";"1";"1";""
"202100041465";"127Â 489";"B01";"3";"2";"0";"2";"1";"2";"1";""
"202100041465";"127Â 490";"A01";"3";"2";"0";"0";"4";"23";"1";""
"202100041466";"127Â 487";"A01";"2";"33";"0";"0";"1";"2";"1";""
"202100041466";"127Â 488";"B01";"2";"10";"0";"0";"8";"2";"1";""
"202100041467";"127Â 485";"B01";"2";"33";"0";"2";"1";"1";"1";""
"202100041467";"127Â 486";"A01";"1";"7";"0";"2";"7";"15";"1";""
"202100041468";"127Â 484";"A01";"3";"7";"0";"1";"8";"1";"1";""
"202100041469";"127Â 483";"A01";"3";"7";"13";"0";"7";"1";"1";""
"202100041470";"127Â 480";"A01";"1";"7";"0";"2";"4";"1";"1";""
"202100041470";"127Â 481";"B01";"1";"7";"0";"2";"4";"1";"1";""
"202100041470";"127Â 482";"C01";"1";"7";"0";"2";"1";"1";"1";""
"202100041471";"127Â 476";"A01";"2";"33";"0";"2";"5";"1";"1";""
"202100041471";"127Â 477";"B01";"2";"33";"0";"2";"1";"2";"1";""
"202100041471";"127Â 478";"C01";"2";"10";"0";"2";"0";"1";"1";""
"202100041471";"127Â 479";"D01";"2";"7";"0";"2";"1";"1";"1";""
"202100041472";"127Â 474";"A01";"2";"33";"0";"2";"1";"2";"1";""
"202100041472";"127Â 475";"B01";"2";"7";"0";"2";"4";"1";"1";""
"202100041473";"127Â 473";"A01";"1";"7";"4";"0";"0";"0";"1";""
"202100041474";"127Â 472";"A01";"2";"7";"0";"2";"8";"2";"1";""
"202100041475";"127Â 471";"A01";"1";"7";"4";"0";"1";"2";"1";""
"202100041476";"127Â 470";"A01";"2";"33";"4";"0";"8";"1";"1";""
"202100041477";"127Â 468";"A01";"1";"7";"0";"2";"1";"2";"1";""
"202100041477";"127Â 469";"B01";"1";"7";"0";"2";"4";"2";"1";""
"202100041478";"127Â 466";"A01";"1";"33";"0";"2";"3";"3";"1";""
"202100041478";"127Â 467";"B01";"1";"7";"0";"2";"7";"0";"1";""
"202100041479";"127Â 464";"A01";"1";"13";"0";"2";"1";"2";"1";""
"202100041479";"127Â 465";"B01";"1";"13";"0";"2";"4";"2";"1";""
"202100041480";"127Â 459";"B01";"1";"7";"0";"2";"6";"2";"1";""
"202100041480";"127Â 460";"C01";"1";"7";"0";"2";"4";"2";"1";""
"202100041480";"127Â 461";"D01";"1";"7";"0";"2";"4";"2";"1";""
"202100041480";"127Â 462";"E01";"1";"7";"0";"2";"4";"2";"1";""
"202100041480";"127Â 463";"A01";"1";"10";"0";"2";"1";"1";"1";""
"202100041481";"127Â 458";"A01";"1";"7";"3";"0";"1";"1";"1";""
"202100041482";"127Â 455";"C01";"2";"10";"0";"2";"4";"0";"1";""
"202100041482";"127Â 456";"B01";"2";"10";"0";"2";"0";"0";"1";""
"202100041482";"127Â 457";"A01";"2";"7";"0";"2";"1";"2";"1";""
"202100041483";"127Â 454";"A01";"1";"30";"0";"1";"1";"1";"1";""
"202100041484";"127Â 453";"A01";"1";"7";"0";"1";"2";"26";"1";""
"202100041485";"127Â 452";"A01";"1";"7";"0";"0";"2";"14";"1";""
"202100041486";"127Â 451";"A01";"3";"7";"0";"1";"3";"15";"1";""
"202100041487";"127Â 449";"A01";"0";"34";"0";"2";"1";"3";"1";""
"202100041487";"127Â 450";"B01";"0";"7";"0";"2";"3";"15";"1";""
"202100041488";"127Â 447";"A01";"2";"7";"0";"1";"1";"15";"0";""
"202100041489";"127Â 446";"A01";"2";"7";"0";"1";"2";"1";"1";""
"202100041490";"127Â 444";"B01";"2";"33";"16";"2";"2";"1";"1";""
"202100041490";"127Â 445";"A01";"2";"7";"16";"2";"7";"15";"1";""
"202100041491";"127Â 442";"B01";"1";"30";"0";"2";"1";"1";"1";""
"202100041491";"127Â 443";"A01";"2";"7";"0";"2";"7";"17";"1";""
"202100041492";"127Â 440";"B01";"1";"99";"1";"2";"1";"15";"1";""
"202100041492";"127Â 441";"A01";"2";"33";"9";"2";"1";"17";"1";""