"Num_Acc";"id_vehicule";"num_veh";"senc";"catv";"obs";"obsm";"choc";"manv";"motor";"occutc"
"202100041493";"127Â 439";"A01";"3";"30";"0";"0";"0";"0";"1";""
"202100041494";"127Â 436";"C01";"2";"7";"0";"2";"4";"1";"1";""
"202100041494";"127Â 437";"B01";"1";"7";"0";"2";"4";"1";"1";""
"202100041494";"127Â 438";"A01";"1";"7";"0";"2";"1";"1";"1";""
"202100041495";"127Â 434";"B01";"2";"7";"0";"2";"6";"0";"1";""
"202100041495";"127Â 435";"A01";"1";"30";"0";"2";"1";"9";"1";""
"202100041496";"127Â 433";"A01";"3";"7";"1";"1";"1";"1";"1";""
"202100041497";"127Â 432";"A01";"1";"1";"12";"0";"1";"16";"5";""
"202100041498";"127Â 430";"B01";"3";"7";"0";"9";"1";"16";"1";""
"202100041498";"127Â 431";"A01";"3";"1";"0";"2";"1";"2";"6";""
"202100041499";"127Â 429";"A01";"1";"30";"0";"2";"4";"26";"1";""
"202100041500";"127Â 427";"A01";"1";"37";"0";"1";"2";"21";"1";"1"
"202100041501";"127Â 426";"A01";"2";"7";"0";"1";"3";"7";"1";""
"202100041502";"127Â 425";"A01";"2";"33";"4";"0";"8";"13";"1";""
"202100041503";"127Â 424";"A01";"1";"7";"0";"9";"1";"6";"1";""
"202100041504";"127Â 422";"B01";"2";"37";"0";"2";"4";"1";"1";"1"
"202100041504";"127Â 423";"A01";"2";"37";"0";"2";"1";"1";"1";"3"
"202100041505";"127Â 420";"B01";"1";"7";"0";"2";"0";"2";"1";""
"202100041505";"127Â 421";"A01";"1";"2";"0";"2";"6";"17";"1";""
"202100041506";"127Â 419";"A01";"2";"7";"12";"0";"9";"13";"1";""
"202100041507";"127Â 418";"A01";"1";"80";"0";"1";"1";"1";"3";""
"202100041508";"127Â 416";"B01";"1";"7";"0";"2";"4";"2";"1";""
"202100041508";"127Â 417";"A01";"1";"7";"0";"2";"1";"2";"1";""
"202100041509";"127Â 414";"A01";"1";"14";"0";"2";"2";"12";"1";""
"202100041509";"127Â 415";"B01";"1";"7";"0";"2";"6";"1";"1";""
"202100041510";"127Â 412";"A01";"1";"33";"0";"2";"1";"1";"1";""
"202100041510";"127Â 413";"B01";"2";"33";"0";"2";"2";"15";"1";""
"202100041511";"127Â 411";"A01";"1";"7";"12";"0";"3";"26";"1";""
"202100041512";"127Â 409";"A01";"3";"7";"0";"9";"8";"0";"1";""
"202100041512";"127Â 410";"B01";"1";"31";"0";"2";"3";"0";"1";""
"202100041513";"127Â 408";"A01";"0";"15";"0";"0";"7";"1";"1";""
"202100041514";"127Â 406";"B01";"1";"7";"11";"0";"6";"15";"1";""
"202100041514";"127Â 407";"A01";"1";"7";"0";"2";"3";"9";"1";""
"202100041515";"127Â 404";"B01";"0";"7";"0";"2";"8";"1";"1";""
"202100041515";"127Â 405";"A01";"0";"32";"0";"2";"7";"17";"1";""
"202100041516";"127Â 402";"A01";"1";"10";"0";"2";"3";"13";"1";""
"202100041516";"127Â 403";"B01";"2";"1";"0";"2";"1";"1";"5";""
"202100041517";"127Â 401";"A01";"3";"7";"14";"0";"1";"1";"1";""
"202100041518";"127Â 399";"A01";"1";"7";"0";"2";"2";"15";"1";""
"202100041518";"127Â 400";"B01";"2";"50";"0";"2";"1";"1";"3";""
"202100041519";"127Â 397";"A01";"1";"7";"0";"2";"2";"1";"1";""
"202100041519";"127Â 398";"B01";"2";"7";"0";"2";"4";"1";"1";""
"202100041520";"127Â 395";"A01";"1";"7";"0";"2";"1";"2";"1";""
"202100041520";"127Â 396";"B01";"1";"7";"0";"2";"4";"2";"1";""
"202100041521";"127Â 393";"A01";"3";"7";"0";"2";"2";"1";"1";""
"202100041521";"127Â 394";"B01";"3";"7";"0";"2";"1";"1";"1";""
"202100041522";"127Â 392";"A01";"2";"31";"5";"0";"2";"13";"1";""
"202100041523";"127Â 390";"A01";"3";"30";"1";"0";"2";"21";"1";""
"202100041523";"127Â 391";"B01";"3";"7";"0";"2";"6";"1";"2";""
"202100041524";"127Â 388";"B01";"1";"7";"0";"2";"1";"1";"1";""
"202100041524";"127Â 389";"A01";"1";"33";"0";"2";"7";"16";"1";""
"202100041525";"127Â 386";"B01";"1";"7";"0";"2";"1";"15";"1";""
"202100041525";"127Â 387";"A01";"2";"2";"0";"2";"1";"1";"3";""
"202100041526";"127Â 384";"B01";"1";"10";"0";"2";"6";"1";"1";""
"202100041526";"127Â 385";"A01";"2";"33";"0";"2";"1";"15";"1";""
"202100041527";"127Â 382";"B01";"2";"7";"0";"2";"1";"1";"1";""
"202100041527";"127Â 383";"A01";"1";"30";"0";"2";"2";"1";"1";""
"202100041528";"127Â 380";"B01";"2";"7";"0";"2";"1";"16";"1";""
"202100041528";"127Â 381";"A01";"2";"7";"0";"2";"2";"1";"1";""
"202100041529";"127Â 377";"C01";"2";"7";"0";"2";"4";"1";"1";""
"202100041529";"127Â 378";"B01";"2";"7";"0";"2";"4";"1";"1";""
"202100041529";"127Â 379";"A01";"2";"7";"0";"2";"1";"2";"1";""
"202100041530";"127Â 376";"A01";"0";"33";"1";"0";"0";"26";"1";""
"202100041531";"127Â 375";"A01";"1";"7";"0";"1";"3";"1";"1";""
"202100041532";"127Â 373";"B01";"3";"7";"0";"2";"7";"1";"1";""
"202100041532";"127Â 374";"A01";"3";"7";"0";"2";"1";"15";"1";""
"202100041533";"127Â 369";"D01";"3";"7";"0";"2";"4";"1";"1";""
"202100041533";"127Â 370";"C01";"3";"7";"0";"2";"4";"1";"1";""
"202100041533";"127Â 371";"A01";"3";"10";"0";"2";"1";"1";"1";""
"202100041533";"127Â 372";"B01";"3";"7";"0";"2";"4";"1";"1";""
"202100041534";"127Â 367";"B01";"3";"7";"0";"2";"1";"1";"1";""
"202100041534";"127Â 368";"A01";"3";"7";"0";"2";"1";"15";"1";""
"202100041535";"127Â 365";"B01";"2";"43";"0";"2";"1";"1";"1";""
"202100041535";"127Â 366";"A01";"3";"7";"0";"2";"1";"11";"1";""
"202100041536";"127Â 361";"A01";"2";"7";"0";"2";"8";"13";"1";""
"202100041536";"127Â 362";"B01";"1";"7";"0";"2";"6";"0";"1";""
"202100041536";"127Â 363";"C01";"1";"7";"0";"2";"1";"1";"0";""
"202100041536";"127Â 364";"D01";"1";"7";"0";"2";"1";"2";"1";""
"202100041537";"127Â 359";"A01";"3";"37";"0";"2";"3";"15";"1";"1"
"202100041537";"127Â 360";"B01";"3";"30";"0";"2";"1";"1";"1";""
"202100041538";"127Â 358";"A01";"2";"7";"0";"1";"3";"1";"1";""
"202100041539";"127Â 356";"B01";"3";"1";"0";"0";"4";"2";"5";""
"202100041539";"127Â 357";"A01";"3";"7";"0";"9";"2";"2";"1";""
"202100041540";"127Â 354";"B01";"0";"7";"0";"2";"4";"1";"1";""
"202100041540";"127Â 355";"A01";"0";"7";"0";"2";"1";"1";"1";""
"202100041541";"127Â 352";"B01";"1";"32";"1";"0";"4";"2";"1";""
"202100041541";"127Â 353";"A01";"1";"15";"0";"2";"4";"23";"1";""
"202100041542";"127Â 350";"B01";"1";"7";"0";"2";"8";"1";"1";""
"202100041542";"127Â 351";"A01";"1";"7";"0";"2";"1";"26";"1";""
"202100041543";"127Â 348";"A01";"2";"7";"1";"2";"1";"1";"1";""
"202100041543";"127Â 349";"B01";"2";"7";"6";"2";"7";"1";"1";""
"202100041544";"127Â 346";"A01";"2";"50";"0";"2";"7";"15";"3";""
"202100041544";"127Â 347";"B01";"2";"7";"0";"2";"3";"1";"1";""
"202100041545";"127Â 344";"A01";"2";"36";"0";"2";"2";"1";"1";""
"202100041545";"127Â 345";"B01";"1";"7";"0";"2";"2";"15";"1";""
"202100041546";"127Â 342";"A01";"2";"33";"0";"2";"1";"1";"1";""
"202100041546";"127Â 343";"B01";"3";"7";"0";"2";"2";"1";"1";""
"202100041547";"127Â 340";"B01";"1";"10";"0";"2";"4";"1";"1";""
"202100041547";"127Â 341";"A01";"1";"10";"0";"2";"1";"1";"1";""
"202100041548";"127Â 339";"A01";"1";"7";"1";"0";"1";"1";"1";""
"202100041549";"127Â 337";"A01";"1";"32";"0";"2";"1";"2";"1";""
"202100041549";"127Â 338";"B01";"1";"10";"0";"2";"5";"2";"1";""
"202100041550";"127Â 335";"B01";"2";"10";"0";"2";"6";"1";"3";""
"202100041550";"127Â 336";"A01";"2";"7";"0";"2";"1";"5";"1";""
"202100041551";"127Â 333";"B01";"1";"10";"0";"2";"5";"16";"1";""
"202100041551";"127Â 334";"A01";"1";"30";"0";"2";"3";"18";"1";""
"202100041552";"127Â 331";"A01";"1";"43";"0";"1";"1";"16";"1";""
"202100041552";"127Â 332";"B01";"1";"33";"0";"0";"2";"16";"1";""
"202100041553";"127Â 330";"Z01";"3";"30";"0";"1";"1";"1";"1";""
"202100041554";"127Â 329";"A01";"1";"10";"0";"1";"1";"15";"1";""
"202100041555";"127Â 327";"Z01";"2";"10";"0";"2";"1";"10";"1";""
"202100041555";"127Â 328";"A01";"1";"32";"0";"2";"2";"1";"1";""
"202100041556";"127Â 324";"A01";"1";"3";"0";"2";"9";"14";"3";""
"202100041556";"127Â 325";"B01";"1";"7";"0";"2";"6";"23";"1";""
"202100041556";"127Â 326";"C01";"1";"7";"0";"2";"2";"1";"1";""
"202100041557";"127Â 322";"A01";"1";"7";"0";"2";"2";"15";"1";""
"202100041557";"127Â 323";"B01";"1";"31";"0";"2";"1";"1";"1";""
"202100041558";"127Â 320";"A01";"2";"7";"0";"2";"3";"15";"1";""
"202100041558";"127Â 321";"B01";"2";"32";"0";"2";"2";"2";"1";""
"202100041559";"127Â 318";"B01";"2";"1";"0";"2";"1";"1";"5";""
"202100041559";"127Â 319";"A01";"1";"1";"0";"2";"1";"17";"5";""
"202100041560";"127Â 317";"A01";"1";"10";"0";"1";"4";"4";"1";""
"202100041561";"127Â 316";"A01";"1";"1";"14";"0";"7";"13";"5";""
"202100041562";"127Â 314";"A01";"0";"7";"0";"2";"2";"26";"1";""
"202100041562";"127Â 315";"B01";"3";"7";"0";"2";"3";"1";"1";""
"202100041563";"127Â 310";"D01";"2";"7";"0";"2";"1";"1";"1";""
"202100041563";"127Â 311";"C01";"2";"7";"0";"2";"4";"1";"0";""
"202100041563";"127Â 312";"B01";"2";"7";"0";"2";"4";"1";"1";""
"202100041563";"127Â 313";"A01";"2";"7";"0";"2";"4";"1";"0";""
"202100041564";"127Â 308";"B01";"1";"1";"8";"2";"3";"1";"5";""
"202100041564";"127Â 309";"A01";"1";"7";"0";"2";"4";"20";"1";""
"202100041565";"127Â 305";"A01";"1";"10";"0";"2";"1";"2";"1";""
"202100041565";"127Â 306";"C01";"1";"10";"0";"2";"4";"2";"1";""
"202100041565";"127Â 307";"B01";"1";"7";"0";"2";"4";"2";"1";""
"202100041566";"127Â 303";"B01";"0";"34";"0";"0";"5";"0";"1";""
"202100041566";"127Â 304";"A01";"0";"7";"0";"0";"3";"15";"1";""
"202100041567";"127Â 301";"A01";"1";"7";"0";"2";"8";"22";"1";""
"202100041567";"127Â 302";"B01";"1";"2";"1";"0";"2";"1";"1";""
"202100041568";"127Â 298";"B01";"3";"10";"0";"2";"0";"0";"1";""
"202100041568";"127Â 299";"C01";"3";"60";"12";"0";"5";"1";"5";""
"202100041568";"127Â 300";"A01";"3";"33";"0";"2";"2";"0";"1";""
"202100041569";"127Â 296";"B01";"1";"7";"0";"0";"4";"2";"1";""
"202100041569";"127Â 297";"A01";"1";"2";"0";"2";"1";"2";"1";""
"202100041570";"127Â 294";"A01";"2";"10";"1";"0";"3";"24";"1";""
"202100041570";"127Â 295";"B01";"2";"2";"1";"0";"2";"3";"1";""
"202100041571";"127Â 292";"B01";"1";"50";"0";"0";"0";"0";"3";""
"202100041571";"127Â 293";"A01";"1";"7";"0";"2";"2";"1";"1";""
"202100041572";"127Â 290";"A01";"1";"7";"0";"2";"1";"9";"0";""
"202100041572";"127Â 291";"B01";"2";"7";"0";"2";"2";"5";"1";""
"202100041573";"127Â 289";"A01";"3";"7";"0";"1";"1";"2";"3";""
"202100041574";"127Â 288";"A01";"1";"7";"0";"1";"1";"17";"1";""
"202100041575";"127Â 286";"A01";"0";"10";"0";"2";"2";"15";"1";""
"202100041575";"127Â 287";"B01";"3";"30";"0";"2";"1";"3";"1";""
"202100041576";"127Â 284";"B01";" -1";"7";"0";"2";"1";"1";"1";""
"202100041576";"127Â 285";"A01";" -1";"7";"0";"2";"1";"26";"1";""
"202100041577";"127Â 282";"B01";"2";"1";"0";"2";"1";"1";"5";""
"202100041577";"127Â 283";"A01";"1";"7";"0";"2";"1";"1";"0";""
"202100041578";"127Â 279";"C01";"1";"7";"0";"2";"1";"1";"6";""
"202100041578";"127Â 280";"B01";"1";"99";"0";"2";"4";"23";"6";""
"202100041578";"127Â 281";"A01";"1";"10";"0";"2";"4";"23";"1";""
"202100041579";"127Â 278";"A01";"1";"34";"0";"0";"3";"21";"1";""
"202100041580";"127Â 277";"A01";"3";"7";"9";"0";"2";"14";"1";""
"202100041581";"127Â 276";"A01";"2";"14";"6";"0";"1";"1";"1";""
"202100041582";"127Â 274";"A01";"0";"2";"0";"2";"1";"1";"1";""
"202100041582";"127Â 275";"B01";"0";"7";"0";"2";"3";"1";"1";""
"202100041583";"127Â 272";"B01";"2";"7";"0";"2";"3";"1";"1";""
"202100041583";"127Â 273";"A01";"1";"2";"0";"2";"1";"17";"1";""
"202100041584";"127Â 271";"A01";"1";"2";"0";"0";"0";"0";"1";""
"202100041585";"127Â 270";"A01";"0";"1";"0";"0";"0";"1";"5";""
"202100041586";"127Â 268";"A01";"1";"33";"0";"2";"1";"1";"1";""
"202100041586";"127Â 269";"B01";"2";"7";"0";"2";"8";"15";"1";""
"202100041587";"127Â 267";"A01";"1";"2";"0";"5";"1";"1";"1";""
"202100041588";"127Â 265";"A01";"2";"7";"0";"2";"8";"9";"1";""
"202100041588";"127Â 266";"B01";"1";"33";"0";"2";"1";"1";"1";""
"202100041589";"127Â 263";"A01";"1";"10";"0";"9";"1";"1";"0";""
"202100041589";"127Â 264";"B01";"2";"1";"0";"2";"1";"1";"5";""
"202100041590";"127Â 262";"A01";"1";"1";"8";"0";"1";"1";"5";""
"202100041591";"127Â 260";"A01";"2";"7";"0";"2";"1";"11";"1";""
"202100041591";"127Â 261";"B01";"1";"1";"0";"2";"1";"1";"5";""
"202100041592";"127Â 259";"A01";"3";"3";"13";"0";"3";"1";"1";""
"202100041593";"127Â 256";"A01";"2";"7";"0";"2";"3";"13";"1";""
"202100041593";"127Â 257";"C01";"1";"10";"14";"2";"8";"1";"1";""
"202100041593";"127Â 258";"B01";"3";"7";"0";"2";"3";"23";"1";""
"202100041594";"127Â 254";"A01";"2";"7";"0";"0";"4";"23";"1";""
"202100041594";"127Â 255";"B01";"2";"21";"0";"2";"1";"2";"1";""
"202100041595";"127Â 252";"B01";"2";"10";"0";"2";"3";"15";"1";""
"202100041595";"127Â 253";"A01";"2";"34";"0";"2";"1";"17";"1";""
"202100041596";"127Â 250";"B01";"1";"2";"0";"2";"1";"1";"1";""
"202100041596";"127Â 251";"A01";"3";"10";"0";"0";"2";"1";"1";""
"202100041597";"127Â 249";"A01";"1";"7";"13";"0";"0";"1";"1";""
"202100041598";"127Â 248";"A01";"2";"33";"0";"0";"0";"0";"0";""
"202100041599";"127Â 246";"B01";"1";"7";"0";"2";"1";"1";"1";""
"202100041599";"127Â 247";"A01";"2";"7";"7";"2";"1";"6";"1";""
"202100041600";"127Â 243";"C01";"2";"7";"0";"2";"4";"1";"1";""
"202100041600";"127Â 244";"B01";"2";"7";"0";"2";"4";"1";"1";""
"202100041600";"127Â 245";"A01";"2";"10";"0";"2";"1";"1";"1";""
"202100041601";"127Â 242";"A01";"1";"7";"2";"0";"2";"1";"1";""
"202100041602";"127Â 241";"A01";"2";"7";"0";"1";"7";"5";"1";""
"202100041603";"127Â 240";"A01";"2";"33";"0";"0";"7";"1";"1";""
"202100041604";"127Â 238";"A01";"1";"10";"0";"2";"1";"1";"1";""
"202100041604";"127Â 239";"B01";"1";"7";"0";"0";"4";"1";"1";""
"202100041605";"127Â 237";"A01";"1";"7";"0";"1";"2";"15";"1";""
"202100041606";"127Â 232";"A01";"2";"7";"0";"0";"0";"11";"1";""
"202100041606";"127Â 233";"B01";"2";"33";"0";"0";"6";"1";"1";""
"202100041606";"127Â 234";"C01";"2";"33";"0";"2";"1";"1";"1";""
"202100041607";"127Â 231";"A01";"2";"7";"15";"0";"1";"1";"1";""
"202100041608";"127Â 230";"A01";"2";"7";"2";"0";"1";"14";"1";""
"202100041609";"127Â 229";"A01";"2";"7";"0";"1";"1";"21";"1";""
"202100041610";"127Â 227";"A01";"0";"7";"0";"2";"6";"0";"3";""
"202100041610";"127Â 228";"B01";"0";"1";"0";"2";"1";"0";"0";""
"202100041611";"127Â 225";"B01";"1";"32";"0";"2";"8";"1";"1";""
"202100041611";"127Â 226";"A01";"2";"7";"0";"2";"1";"15";"1";""
"202100041612";"127Â 223";"A01";"1";"7";"0";"2";"3";"11";"1";""
"202100041612";"127Â 224";"B01";"1";"34";"0";"2";"1";"1";"1";""
"202100041613";"127Â 221";"A01";"1";"7";"0";"2";"1";"13";"1";""
"202100041613";"127Â 222";"B01";"2";"33";"0";"2";"1";"1";"1";""
"202100041614";"127Â 219";"A01";"3";"7";"1";"2";"1";"13";"1";""
"202100041614";"127Â 220";"B01";"3";"7";"1";"2";"3";"1";"1";""
"202100041615";"127Â 217";"A01";"3";"7";"0";"2";"3";"9";"1";""
"202100041615";"127Â 218";"B01";"2";"1";"0";"2";"1";"1";"5";""
"202100041616";"127Â 216";"A01";"2";"7";"13";"0";"2";"1";"2";""
"202100041617";"127Â 215";"A01";"3";"7";"9";"0";"1";"16";"1";""
"202100041618";"127Â 213";"B01";"3";"33";"0";"2";"1";"1";"1";""
"202100041618";"127Â 214";"A01";"3";"7";"0";"2";"3";"9";"1";""
"202100041619";"127Â 211";"A01";"1";"2";"0";"2";"1";"0";"1";""
"202100041619";"127Â 212";"B01";"1";"7";"0";"0";"5";"23";"1";""
"202100041620";"127Â 210";"A01";"3";"7";"0";"1";"2";"16";"1";""
"202100041621";"127Â 208";"A01";"1";"7";"0";"2";"1";"1";"1";""
"202100041621";"127Â 209";"B01";"2";"7";"0";"2";"1";"5";"1";""
"202100041622";"127Â 206";"B01";"2";"7";"0";"2";"3";"9";"1";""
"202100041622";"127Â 207";"A01";"2";"7";"0";"2";"2";"1";"1";""
"202100041623";"127Â 205";"A01";"2";"7";"15";"0";"4";"1";"1";""
"202100041624";"127Â 201";"D01";"1";"7";"0";"2";"0";"0";"1";""
"202100041624";"127Â 202";"A01";"1";"7";"0";"2";"2";"14";"1";""
"202100041624";"127Â 203";"B01";"1";"7";"0";"2";"9";"0";"1";""
"202100041624";"127Â 204";"C01";"1";"7";"0";"2";"0";"0";"1";""
"202100041625";"127Â 200";"A01";"2";"7";"3";"0";"9";"2";"1";""
"202100041626";"127Â 198";"A01";"2";"10";"0";"2";"6";"2";"1";""
"202100041626";"127Â 199";"B01";"2";"14";"0";"2";"2";"0";"1";""
"202100041627";"127Â 196";"A01";"1";"7";"0";"2";"1";"1";"1";""
"202100041627";"127Â 197";"B01";"1";"7";"0";"2";"4";"1";"1";""
"202100041628";"127Â 194";"B01";"1";"7";"0";"2";"1";"2";"1";""
"202100041628";"127Â 195";"C01";"1";"7";"0";"2";"4";"2";"1";""
"202100041629";"127Â 193";"A01";"2";"7";"3";"0";"8";"20";"1";""
"202100041630";"127Â 191";"A01";"1";"7";"0";"2";"1";"2";"1";""
"202100041630";"127Â 192";"B01";"1";"7";"0";"2";"4";"2";"1";""
"202100041631";"127Â 188";"A01";"2";"7";"0";"2";"1";"2";"2";""
"202100041631";"127Â 189";"B01";"2";"7";"0";"2";"9";"1";"1";""
"202100041631";"127Â 190";"C01";"2";"7";"0";"2";"4";"1";"1";""
"202100041632";"127Â 186";"A01";"2";"7";"0";"2";"3";"2";"1";""
"202100041632";"127Â 187";"B01";"2";"7";"0";"2";"5";"2";"1";""
"202100041633";"127Â 185";"A01";"2";"14";"3";"0";"2";"26";"1";""
"202100041634";"127Â 182";"A01";"1";"7";"0";"2";"8";"1";"1";""
"202100041634";"127Â 183";"B01";"1";"7";"0";"2";"4";"23";"1";""
"202100041634";"127Â 184";"C01";"1";"7";"0";"2";"4";"23";"1";""
"202100041635";"127Â 181";"A01";"1";"7";"0";"1";"0";"19";"0";""
"202100041636";"127Â 178";"A01";"1";"7";"0";"2";"2";"1";"1";""
"202100041636";"127Â 179";"B01";"2";"7";"0";"2";"8";"1";"1";""
"202100041637";"127Â 177";"A01";"1";"7";"0";"1";"1";"18";"1";""
"202100041638";"127Â 176";"A01";"1";"7";"0";"1";"2";"1";"1";""
"202100041639";"127Â 175";"A01";"1";"7";"1";"0";"3";"9";"6";""
"202100041640";"127Â 172";"B01";"3";"7";"0";"2";"0";"0";"0";""
"202100041640";"127Â 173";"A01";"3";"7";"0";"2";"0";"0";"0";""
"202100041641";"127Â 171";"A01";"1";"7";"0";"1";"1";"0";"1";""
"202100041642";"127Â 168";"C01";"2";"7";"0";"2";"3";"1";"2";""
"202100041642";"127Â 169";"B01";" -1";"7";"0";"2";"3";"9";"1";""
"202100041642";"127Â 170";"A01";"1";"33";"0";"2";"1";"1";"1";""
"202100041643";"127Â 167";"A01";"1";"7";"0";"1";"3";"15";"1";""
"202100041644";"127Â 166";"A01";"1";"7";"0";"1";"1";"1";"1";""
"202100041645";"127Â 165";"A01";"3";"7";"0";"1";"1";"1";"1";""
"202100041646";"127Â 164";"A01";"1";"30";"0";"1";"1";"1";"1";""
"202100041647";"127Â 163";"A01";"1";"7";"0";"1";"3";"16";"1";""
"202100041648";"127Â 161";"B01";"2";"30";"0";"2";"8";"2";"1";""
"202100041648";"127Â 162";"A01";"2";"7";"0";"2";"2";"16";"1";""
"202100041649";"127Â 160";"A01";"3";"10";"0";"1";"3";"0";"1";""
"202100041650";"127Â 155";"A01";"1";"7";"0";"1";"1";"1";"1";""
"202100041651";"127Â 153";"A01";"2";"7";"0";"2";"7";"16";"1";""
"202100041651";"127Â 154";"B01";"2";"30";"0";"2";"8";"16";"1";""
"202100041652";"127Â 151";"A01";"1";"7";"0";"2";"3";"15";"1";""
"202100041652";"127Â 152";"B01";"2";"33";"0";"2";"1";"1";"1";""
"202100041653";"127Â 149";"B01";"0";"7";"0";"2";"3";"1";"2";""
"202100041653";"127Â 150";"A01";"0";"7";"1";"2";"2";"1";"1";""
"202100041654";"127Â 147";"B01";"2";"7";"8";"2";"1";"1";"1";""
"202100041654";"127Â 148";"A01";"1";"7";"8";"1";"8";"1";"1";""
"202100041655";"127Â 145";"A01";"1";"31";"0";"2";"3";"1";"1";""
"202100041655";"127Â 146";"B01";"1";"7";"0";"2";"0";"1";"0";""
"202100041656";"127Â 142";"A01";"1";"7";"0";"2";"7";"12";"1";""
"202100041656";"127Â 143";"B01";"1";"7";"0";"2";"8";"2";"1";""
"202100041656";"127Â 144";"C01";"1";"7";"4";"2";"4";"2";"1";""
"202100041657";"127Â 141";"A01";"1";"30";"0";"1";"1";"7";"0";""
"202100041658";"127Â 139";"B01";"3";"34";"0";"2";"1";"1";"1";""
"202100041658";"127Â 140";"A01";"3";"7";"0";"2";"1";"13";"1";""
"202100041659";"127Â 138";"A01";"2";"30";"0";"0";"3";"15";"1";""
"202100041660";"127Â 136";"B01";"2";"7";"0";"2";"3";"15";"1";""
"202100041660";"127Â 137";"A01";"2";"7";"0";"2";"2";"1";"1";""
"202100041661";"127Â 133";"B01";"0";"7";"0";"2";"3";"1";"1";""
"202100041661";"127Â 134";"C01";"0";"7";"0";"2";"4";"2";"1";""
"202100041661";"127Â 135";"A01";"0";"7";"0";"2";"3";"13";"1";""
"202100041662";"127Â 131";"A01";"3";"7";"0";"0";"8";"19";"1";""
"202100041662";"127Â 132";"B01";"1";"7";"0";"0";"0";"0";"1";""
"202100041663";"127Â 129";"A01";"3";"33";"8";"2";"2";"17";"1";""
"202100041663";"127Â 130";"B01";"1";"7";"0";"2";"3";"15";"2";""
"202100041664";"127Â 128";"A01";"1";"7";"4";"0";"2";"21";"1";""
"202100041665";"127Â 127";"A01";"1";"33";"0";"0";"3";"1";"1";""
"202100041666";"127Â 125";"A01";"2";"7";"0";"2";"1";"2";"1";""
"202100041666";"127Â 126";"B01";"2";"7";"0";"1";"4";"23";"1";""
"202100041667";"127Â 123";"A01";"1";"7";"0";"2";"1";"15";"1";""
"202100041667";"127Â 124";"B01";"2";"7";"0";"2";"3";"1";"1";""
"202100041668";"127Â 121";"A01";"1";"7";"0";"2";"1";"9";"1";""
"202100041668";"127Â 122";"B01";"1";"7";"0";"2";"8";"1";"1";""
"202100041669";"127Â 120";"A01";"2";"30";"0";"1";"1";"1";"1";""
"202100041670";"127Â 119";"A01";"2";"7";"13";"0";"9";"14";"1";""
"202100041671";"127Â 118";"A01";"1";"7";"0";"1";"2";"1";"1";""
"202100041672";"127Â 116";"A01";"3";"7";"13";"0";"1";"0";"1";""
"202100041673";"127Â 114";"A01";"2";"7";"1";"0";"2";"14";"1";""
"202100041673";"127Â 115";"B01";"1";"7";"1";"0";"2";"26";"1";""
"202100041674";"127Â 113";"A01";"1";"7";"2";"0";"1";"1";"1";""
"202100041675";"127Â 112";"Z01";"1";"0";"0";"1";"0";"1";"6";""
"202100041676";"127Â 110";"B01";"1";"33";"0";"2";"4";"23";"1";""
"202100041676";"127Â 111";"A01";"1";"33";"0";"2";"1";"1";"1";""
"202100041677";"127Â 109";"A01";"1";"7";"0";"0";"1";"1";"1";""
"202100041678";"127Â 108";"A01";"1";"7";"1";"0";"1";"1";"1";""
"202100041679";"127Â 107";"A01";"0";"7";"13";"0";"1";"14";"1";""
"202100041680";"127Â 105";"B01";"1";"50";"0";"2";"1";"1";"3";""
"202100041680";"127Â 106";"A01";"1";"80";"0";"2";"8";"1";"3";""
"202100041681";"127Â 103";"B01";"1";"33";"0";"2";"1";"1";"1";""
"202100041681";"127Â 104";"A01";"2";"7";"0";"2";"2";"15";"1";""
"202100041682";"127Â 101";"B01";"1";"2";"0";"2";"1";"1";"1";""
"202100041682";"127Â 102";"A01";"1";"7";"0";"2";"8";"22";"1";""
"202100041683";"127Â 099";"B01";"1";"1";"0";"2";"7";"1";"5";""
"202100041683";"127Â 100";"A01";"1";"7";"0";"2";"8";"9";"1";""
"202100041684";"127Â 098";"A01";"3";"32";"8";"0";"2";"14";"1";""
"202100041685";"127Â 096";"B01";"0";"37";"0";"2";"2";"16";"1";"3"
"202100041685";"127Â 097";"A01";"0";"7";"0";"2";"5";"15";"1";""
"202100041686";"127Â 094";"B01";"2";"7";"0";"2";"7";"15";"1";""
"202100041686";"127Â 095";"A01";"1";"30";"0";"2";"2";"1";"1";""
"202100041687";"127Â 092";"B01";"1";"7";"0";"2";"3";"1";"2";""
"202100041687";"127Â 093";"A01";"1";"50";"0";"2";"1";"1";"3";""
"202100041688";"127Â 090";"B01";"1";"32";"0";"2";"4";"2";"1";""
"202100041688";"127Â 091";"A01";"1";"30";"0";"2";"1";"2";"1";""
"202100041689";"127Â 088";"A01";"2";"7";"0";"2";"6";"15";"1";""
"202100041689";"127Â 089";"B01";"2";"33";"0";"2";"1";"17";"1";""
"202100041690";"127Â 087";"A01";"2";"30";"0";"1";"1";"1";"1";""
"202100041691";"127Â 085";"A01";"1";"7";"0";"2";"5";"16";"1";""
"202100041691";"127Â 086";"B01";"0";"34";"0";"2";"3";"18";"1";""
"202100041692";"127Â 084";"A01";"1";"30";"0";"1";"7";"1";"1";""
"202100041693";"127Â 083";"Z01";"0";"50";"0";"1";"1";"25";"3";""