"Num_Acc";"id_vehicule";"num_veh";"senc";"catv";"obs";"obsm";"choc";"manv";"motor";"occutc"
"202100041694";"127Â 081";"B01";"1";"7";"0";"2";"3";"10";"1";""
"202100041694";"127Â 082";"A01";"1";"7";"0";"2";"2";"17";"1";""
"202100041695";"127Â 080";"A01";"2";"1";"1";"0";"1";"1";"5";""
"202100041696";"127Â 078";"A01";"1";"30";"0";"2";"1";"1";"1";""
"202100041696";"127Â 079";"B01";"0";"7";"0";"0";"0";"0";"1";""
"202100041697";"127Â 077";"A01";"2";"7";"6";"0";"1";"1";"1";""
"202100041698";"127Â 076";"A01";"1";"7";"14";"1";"2";"9";"6";""
"202100041699";"127Â 074";"A01";"3";"7";"0";"2";"1";"9";"1";""
"202100041699";"127Â 075";"B01";"3";"33";"0";"2";"7";"1";"1";""
"202100041700";"127Â 073";"A01";"2";"10";"0";"1";"3";"16";"1";""
"202100041701";"127Â 071";"B01";"3";"7";"0";"2";"2";"1";"1";""
"202100041701";"127Â 072";"A01";"3";"7";"0";"2";"3";"19";"1";""
"202100041702";"127Â 069";"B01";"2";"7";"0";"2";"3";"15";"1";""
"202100041702";"127Â 070";"A01";"1";"33";"0";"2";"2";"3";"1";""
"202100041703";"127Â 067";"B01";"0";"7";"0";"2";"8";"19";"1";""
"202100041703";"127Â 068";"A01";"0";"7";"0";"2";"1";"19";"1";""
"202100041704";"127Â 065";"A01";"1";"10";"0";"2";"2";"26";"1";""
"202100041704";"127Â 066";"B01";"1";"15";"0";"2";"6";"1";"1";""
"202100041705";"127Â 063";"A01";"3";"7";"0";"2";"1";"1";"1";""
"202100041705";"127Â 064";"B01";"3";"36";"0";"2";"2";"15";"1";""
"202100041706";"127Â 061";"A01";"2";"15";"0";"2";"1";"2";"1";""
"202100041706";"127Â 062";"B01";"2";"15";"0";"0";"4";"2";"1";""
"202100041707";"127Â 059";"A01";"3";"33";"0";"2";"1";"1";"1";""
"202100041707";"127Â 060";"B01";"3";"21";"0";"2";"3";"9";"1";""
"202100041708";"127Â 057";"A01";"1";"7";"0";"2";"3";"1";"1";""
"202100041708";"127Â 058";"B01";"2";"7";"0";"2";"3";"1";"1";""
"202100041709";"127Â 055";"B01";"1";"15";"0";"2";"1";"1";"1";""
"202100041709";"127Â 056";"A01";"1";"7";"0";"2";"3";"16";"1";""
"202100041710";"127Â 054";"A01";"1";"7";"2";"0";"2";"21";"1";""
"202100041711";"127Â 052";"A01";"0";"7";"0";"2";"3";"23";"1";""
"202100041711";"127Â 053";"B01";"1";"1";"0";"2";"1";"16";"5";""
"202100041712";"127Â 051";"A01";"1";"33";"13";"0";"1";"14";"1";""
"202100041713";"127Â 050";"A01";"1";"7";"13";"0";"0";"1";"1";""
"202100041714";"127Â 046";"A01";"0";"1";"0";"0";"8";"19";"5";""
"202100041714";"127Â 047";"B01";"0";"33";"0";"2";"1";"1";"1";""
"202100041715";"127Â 045";"A01";"1";"7";"6";"0";"1";"1";"1";""
"202100041716";"127Â 043";"B01";"1";"37";"0";"2";"2";"9";"1";"1"
"202100041716";"127Â 044";"A01";"1";"1";"0";"2";"3";"25";"5";""
"202100041717";"127Â 040";"A01";"1";"2";"0";"2";"1";"1";"1";""
"202100041717";"127Â 041";"B01";"1";"7";"0";"2";"8";"20";"1";""
"202100041718";"127Â 037";"A01";"1";"7";"0";"2";"1";"1";"1";""
"202100041718";"127Â 038";"B01";"2";"7";"0";"2";"2";"1";"1";""
"202100041719";"127Â 036";"A01";"1";"33";"8";"0";"1";"1";"1";""
"202100041720";"127Â 034";"A01";"2";"2";"0";"2";"8";"19";"1";""
"202100041720";"127Â 035";"B01";"1";"7";"0";"2";"1";"1";"1";""
"202100041721";"127Â 033";"A01";"2";"7";"4";"0";"1";"11";"1";""
"202100041722";"127Â 032";"A01";"1";"7";"13";"0";"1";"1";"1";""
"202100041723";"127Â 031";"A01";"1";"7";"6";"0";"2";"1";"1";""
"202100041724";"127Â 029";"A01";"1";"15";"0";"2";"6";"1";"1";""
"202100041724";"127Â 030";"B01";"1";"10";"0";"9";"2";"2";"1";""
"202100041725";"127Â 028";"A01";"3";"33";"0";"0";"1";"1";"1";""
"202100041726";"127Â 026";"B01";"2";"15";"0";"2";"6";"26";"1";""
"202100041726";"127Â 027";"A01";"2";"7";"0";"2";"1";"26";"1";""
"202100041727";"127Â 024";"A01";"2";"7";"0";"2";"2";"2";"1";""
"202100041727";"127Â 025";"B01";"2";"7";"4";"0";"4";"1";"1";""
"202100041728";"127Â 023";"A01";"2";"7";"4";"0";"7";"1";"1";""
"202100041729";"127Â 022";"A01";"1";"10";"2";"0";"7";"14";"1";""
"202100041730";"127Â 020";"B01";"2";"7";"0";"2";"3";"15";"1";""
"202100041730";"127Â 021";"A01";"2";"33";"0";"2";"7";"17";"1";""
"202100041731";"127Â 018";"A01";"1";"7";"0";"2";"7";"19";"1";""
"202100041731";"127Â 019";"B01";"1";"7";"0";"2";"1";"1";"1";""
"202100041732";"127Â 016";"A01";"2";"7";"0";"2";"2";"9";"1";""
"202100041732";"127Â 017";"B01";"2";"1";"0";"2";"8";"1";"5";""
"202100041733";"127Â 014";"A01";"1";"15";"0";"2";"3";"0";"0";""
"202100041733";"127Â 015";"B01";"2";"33";"0";"2";"3";"0";"1";""
"202100041734";"127Â 012";"A01";"1";"2";"0";"2";"8";"15";"1";""
"202100041734";"127Â 013";"B01";"2";"7";"0";"2";"1";"1";"1";""
"202100041735";"127Â 011";"A01";"2";"7";"13";"0";"2";"0";"1";""
"202100041736";"127Â 010";"A01";"0";"7";"2";"0";"3";"1";"1";""
"202100041737";"127Â 009";"A01";"0";"31";"1";"0";"1";"26";"1";""
"202100041738";"127Â 007";"A01";"2";"1";"0";"2";"8";"1";"5";""
"202100041738";"127Â 008";"B01";"2";"7";"0";"2";"7";"1";"0";""
"202100041739";"127Â 003";"A01";"1";"7";"0";"0";"1";"1";"1";""
"202100041740";"127Â 001";"B01";"1";"7";"0";"2";"2";"2";"1";""
"202100041740";"127Â 002";"A01";"1";"10";"0";"2";"6";"1";"1";""
"202100041741";"126Â 999";"A01";"1";"7";"0";"2";"4";"2";"1";""
"202100041741";"127Â 000";"Z01";"1";"7";"0";"2";"1";"2";"1";""
"202100041742";"126Â 997";"B01";"2";"7";"0";"2";"1";"2";"1";""
"202100041742";"126Â 998";"A01";"2";"7";"0";"2";"4";"2";"1";""
"202100041743";"126Â 995";"B01";"1";"7";"0";"2";"1";"0";"1";""
"202100041743";"126Â 996";"A01";"1";"7";"4";"2";"1";"1";"1";""
"202100041744";"126Â 994";"A01";"2";"7";"0";"0";"0";"2";"1";""
"202100041745";"126Â 993";"A01";"1";"7";"3";"0";"0";"0";"1";""
"202100041746";"126Â 989";"C01";"1";"7";"0";"2";"3";"1";"1";""
"202100041746";"126Â 990";"D01";"1";"15";"0";"2";"2";"12";"1";""
"202100041746";"126Â 991";"A01";"1";"7";"0";"2";"7";"1";"1";""
"202100041746";"126Â 992";"B01";"1";"7";"0";"2";"7";"1";"1";""
"202100041747";"126Â 987";"B01";"2";"2";"0";"2";"8";"14";"1";""
"202100041747";"126Â 988";"A01";"2";"7";"0";"2";"7";"1";"1";""
"202100041748";"126Â 986";"A01";"2";"33";"3";"0";"3";"1";"1";""
"202100041749";"126Â 985";"A01";"1";"7";"13";"0";"1";"14";"1";""
"202100041750";"126Â 983";"A01";"2";"7";"3";"2";"1";"14";"1";""
"202100041750";"126Â 984";"B01";"2";"7";"0";"2";"5";"1";"1";""
"202100041751";"126Â 981";"A01";"1";"7";"0";"2";"3";"5";"1";""
"202100041751";"126Â 982";"B01";"2";"7";"0";"2";"1";"1";"1";""
"202100041752";"126Â 976";"A01";"2";"7";"0";"2";"1";"2";"1";""
"202100041752";"126Â 977";"B01";"2";"7";"0";"2";"5";"2";"1";""
"202100041752";"126Â 978";"C01";"2";"7";"0";"2";"4";"2";"1";""
"202100041752";"126Â 979";"D01";"2";"7";"0";"2";"4";"1";"1";""
"202100041752";"126Â 980";"E01";"2";"7";"0";"2";"4";"1";"1";""
"202100041753";"126Â 975";"A01";"1";"7";"13";"0";"1";"2";"1";""
"202100041754";"126Â 974";"A01";"2";"7";"6";"0";"2";"1";"1";""
"202100041755";"126Â 973";"A01";"1";"7";"0";"1";"3";"26";"1";""
"202100041756";"126Â 972";"A01";"3";"10";"0";"1";"2";"1";"1";""
"202100041757";"126Â 969";"A01";"1";"7";"0";"1";"7";"1";"1";""
"202100041758";"126Â 966";"A01";"1";"30";"0";"1";"1";"0";"1";""
"202100041759";"126Â 965";"A01";"1";"50";"14";"0";"1";"16";"3";""
"202100041760";"126Â 963";"B01";"1";"31";"0";"2";"1";"13";"1";""
"202100041760";"126Â 964";"A01";"2";"7";"0";"2";"3";"15";"1";""
"202100041761";"126Â 962";"A01";"3";"10";"0";"1";"3";"1";"1";""
"202100041762";"126Â 960";"B01";"3";"50";"12";"0";"1";"1";"3";""
"202100041762";"126Â 961";"A01";"3";"7";"0";"0";"1";"14";"1";""
"202100041763";"126Â 959";"A01";"1";"7";"12";"1";"3";"26";"1";""
"202100041764";"126Â 957";"A01";"2";"7";"0";"2";"3";"1";"1";""
"202100041764";"126Â 958";"B01";"2";"50";"0";"2";"6";"9";"3";""
"202100041765";"126Â 956";"A01";"0";"7";"0";"1";"2";"15";"0";""
"202100041766";"126Â 955";"Z01";"3";"7";"0";"1";"7";"19";"0";""
"202100041767";"126Â 953";"B01";"2";"1";"0";"2";"0";"19";"5";""
"202100041767";"126Â 954";"A01";"2";"7";"0";"2";"3";"1";"1";""
"202100041768";"126Â 952";"A01";"1";"7";"0";"1";"2";"26";"0";""
"202100041769";"126Â 951";"A01";"1";"7";"0";"1";"1";"14";"1";""
"202100041770";"126Â 948";"A01";"2";"32";"0";"1";"1";"1";"1";""
"202100041771";"126Â 947";"B01";"1";"7";"0";"1";"1";"1";"1";""
"202100041772";"126Â 945";"A01";"1";"2";"0";"2";"7";"1";"1";""
"202100041772";"126Â 946";"B01";"2";"7";"0";"2";"1";"15";"0";""
"202100041773";"126Â 944";"A01";"2";"7";"0";"1";"2";"1";"1";""
"202100041774";"126Â 942";"A01";"1";"30";"16";"0";"0";"26";"1";""
"202100041775";"126Â 941";"A01";"1";"30";"14";"0";"1";"1";"1";""
"202100041776";"126Â 940";"A01";"1";"2";"0";"0";"0";"1";"1";""
"202100041777";"126Â 938";"A01";"2";"7";"0";"2";"1";"1";"1";""
"202100041777";"126Â 939";"B01";"2";"7";"0";"2";"1";"5";"1";""
"202100041778";"126Â 936";"A01";"2";"1";"0";"2";"3";"1";"5";""
"202100041778";"126Â 937";"B01";"2";"7";"0";"2";"1";"0";" -1";""
"202100041779";"126Â 934";"A01";"2";"7";"0";"2";"1";"13";"1";""
"202100041779";"126Â 935";"B01";"2";"7";"0";"2";"1";"1";"1";""
"202100041780";"126Â 933";"A01";"1";"30";"0";"0";"2";"1";"1";""
"202100041781";"126Â 930";"C01";"1";"7";"1";"2";"1";"26";"1";""
"202100041781";"126Â 931";"A01";"1";"30";"0";"2";"4";"26";"1";""
"202100041781";"126Â 932";"B01";"1";"7";"0";"9";"4";"1";"1";""
"202100041782";"126Â 928";"A01";"2";"7";"0";"9";"3";"19";"2";""
"202100041782";"126Â 929";"B01";"1";"34";"0";"2";"1";"1";"1";""
"202100041783";"126Â 924";"A01";"2";"7";"0";"2";"1";"13";"1";""
"202100041783";"126Â 925";"B01";"1";"2";"0";"2";"1";"1";"1";""
"202100041784";"126Â 922";"B01";"3";"7";"0";"2";"1";"1";"1";""
"202100041784";"126Â 923";"A01";"3";"31";"0";"2";"1";"13";"1";""
"202100041785";"126Â 921";"A01";"0";"99";"12";"0";"0";"26";"1";""
"202100041786";"126Â 918";"C01";"0";"7";"0";"2";"0";"0";"1";""
"202100041786";"126Â 919";"B01";"0";"3";"0";"2";"0";"0";"1";""
"202100041786";"126Â 920";"A01";"0";"7";"0";"2";"0";"0";"1";""
"202100041787";"126Â 915";"A01";"1";"10";"0";"2";"3";"9";"1";""
"202100041787";"126Â 916";"B01";"1";"30";"0";"2";"5";"1";"1";""
"202100041788";"126Â 913";"B01";"3";"7";"0";"2";"8";"9";"1";""
"202100041788";"126Â 914";"A01";"1";"33";"0";"2";"1";"17";"1";""
"202100041789";"126Â 911";"B01";"3";"7";"1";"0";"3";"4";"1";""
"202100041789";"126Â 912";"A01";"3";"7";"0";"2";"5";"24";"1";""
"202100041790";"126Â 909";"B01";"1";"1";"0";"2";"4";"1";"5";""
"202100041790";"126Â 910";"A01";"1";"7";"0";"2";"1";"1";"1";""
"202100041791";"126Â 907";"A01";"2";"7";"0";"2";"3";"1";"1";""
"202100041791";"126Â 908";"B01";"1";"7";"0";"2";"3";"23";"1";""
"202100041792";"126Â 905";"B01";"2";"7";"8";"2";"8";"16";"1";""
"202100041792";"126Â 906";"A01";"1";"7";"0";"2";"2";"12";"0";""
"202100041793";"126Â 903";"B01";"2";"7";"0";"2";"3";"1";"1";""
"202100041793";"126Â 904";"A01";"1";"7";"0";"2";"1";"5";"1";""
"202100041794";"126Â 901";"B01";"2";"1";"0";"2";"4";"13";"5";""
"202100041794";"126Â 902";"A01";"2";"7";"8";"2";"1";"2";"1";""
"202100041795";"126Â 900";"A01";"1";"7";"14";"0";"1";"9";"1";""
"202100041796";"126Â 898";"B01";"1";"33";"0";"2";"8";"1";"1";""
"202100041796";"126Â 899";"A01";"1";"7";"0";"2";"1";"1";"1";""
"202100041797";"126Â 897";"A01";"0";"30";"0";"0";"0";"15";"1";""
"202100041798";"126Â 895";"B01";"3";"1";"0";"2";"7";"26";"5";""
"202100041798";"126Â 896";"A01";"3";"7";"0";"2";"3";"9";"1";""
"202100041799";"126Â 892";"A01";"2";"7";"0";"2";"4";"23";"1";""
"202100041799";"126Â 893";"B01";"2";"7";"0";"2";"4";"23";"1";""
"202100041799";"126Â 894";"Z01";"2";"7";"0";"2";"1";"1";"0";""
"202100041800";"126Â 890";"B01";"2";"33";"0";"2";"1";"1";"1";""
"202100041800";"126Â 891";"A01";"1";"7";"0";"2";"1";"15";"1";""
"202100041801";"126Â 889";"A01";"1";"33";"0";"5";"1";"21";"1";""
"202100041802";"126Â 887";"A01";"1";"7";"0";"2";"1";"1";"1";""
"202100041802";"126Â 888";"B01";"1";"7";"0";"2";"4";"1";"1";""
"202100041803";"126Â 885";"A01";"2";"7";"0";"2";"3";"18";"1";""
"202100041803";"126Â 886";"B01";"2";"7";"0";"2";"2";"1";"2";""
"202100041804";"126Â 884";"A01";"1";"33";"0";"0";"5";"9";"1";""
"202100041805";"126Â 882";"A01";"2";"7";"0";"2";"0";"0";"1";""
"202100041805";"126Â 883";"B01";"1";"7";"0";"2";"1";"13";"1";""
"202100041806";"126Â 880";"B01";"1";"31";"0";"2";"3";"3";"1";""
"202100041806";"126Â 881";"A01";"1";"7";"0";"2";"5";"12";"1";""
"202100041807";"126Â 879";"A01";"1";"33";"0";"0";"0";"1";"1";""
"202100041808";"126Â 878";"A01";"1";"33";"0";"1";"1";"1";"1";""
"202100041809";"126Â 876";"A01";"3";"33";"0";"2";"1";"16";"1";""
"202100041809";"126Â 877";"B01";"3";"7";"0";"2";"2";"15";"1";""
"202100041810";"126Â 874";"B01";"2";"1";"0";"2";"2";"1";"5";""
"202100041810";"126Â 875";"A01";"2";"7";"0";"2";"3";"10";"1";""
"202100041811";"126Â 872";"A01";"1";"10";"0";"2";"3";"1";"1";""
"202100041811";"126Â 873";"B01";"1";"1";"0";"2";"1";"1";"5";""
"202100041812";"126Â 870";"A01";"1";"34";"0";"2";"2";"15";"1";""
"202100041812";"126Â 871";"B01";"2";"30";"0";"2";"3";"1";"1";""
"202100041813";"126Â 868";"B01";"1";"7";"0";"2";"2";"15";"1";""
"202100041813";"126Â 869";"A01";"2";"50";"0";"2";"1";"1";"3";""
"202100041814";"126Â 867";"A01";"1";"7";"0";"1";"1";"1";"1";""
"202100041815";"126Â 865";"B01";"3";"1";"0";"2";"1";"1";"5";""
"202100041815";"126Â 866";"A01";"3";"1";"0";"2";"1";"5";"5";""
"202100041816";"126Â 863";"B01";"2";"2";"0";"2";"1";"1";"1";""
"202100041816";"126Â 864";"A01";"2";"7";"0";"2";"3";"9";"1";""
"202100041817";"126Â 862";"A01";"2";"1";"1";"0";"8";"14";"5";""
"202100041818";"126Â 861";"A01";"2";"1";"0";"0";"0";"1";"5";""
"202100041819";"126Â 859";"B01";"1";"10";"0";"2";"1";"1";"1";""
"202100041819";"126Â 860";"A01";"2";"33";"0";"2";"7";"1";"1";""
"202100041820";"126Â 857";"A01";"3";"7";"0";"2";"1";"2";"2";""
"202100041820";"126Â 858";"B01";"3";"7";"0";"2";"4";"2";"1";""
"202100041821";"126Â 856";"A01";"2";"7";"0";"1";"2";"1";"1";""
"202100041822";"126Â 854";"A01";"1";"50";"0";"2";"1";"19";"3";""
"202100041822";"126Â 855";"B01";"1";"7";"0";"2";"3";"1";"2";""
"202100041823";"126Â 852";"A01";"1";"7";"0";"2";"2";"15";"1";""
"202100041823";"126Â 853";"B01";"1";"31";"0";"2";"6";"1";"1";""
"202100041824";"126Â 850";"A01";"1";"7";"0";"2";"5";"12";"1";""
"202100041824";"126Â 851";"B01";"1";"7";"0";"2";"3";"18";"1";""
"202100041825";"126Â 847";"A01";" -1";"7";"0";"2";"3";"21";"1";""
"202100041825";"126Â 848";"C01";" -1";"7";"1";"2";"4";"0";"1";""
"202100041825";"126Â 849";"B01";" -1";"10";"0";"2";"3";"10";"1";""
"202100041826";"126Â 846";"A01";"3";"7";"0";"1";"1";"15";"1";""
"202100041827";"126Â 844";"A01";"2";"7";"0";"2";"7";"1";"0";""
"202100041827";"126Â 845";"B01";"1";"2";"0";"2";"1";"1";"0";""
"202100041828";"126Â 842";"A01";"1";"7";"0";"2";"1";"26";"1";""
"202100041828";"126Â 843";"B01";"1";"7";"0";"2";"4";"2";"1";""
"202100041829";"126Â 841";"A01";"2";"7";"0";"1";"4";"26";"0";""
"202100041830";"126Â 840";"A01";"1";"32";"11";"0";"3";"13";"1";""
"202100041831";"126Â 838";"B01";"2";"7";"0";"2";"4";"23";"1";""
"202100041831";"126Â 839";"A01";"2";"7";"0";"2";"1";"2";"1";""
"202100041832";"126Â 837";"A01";"2";"7";"13";"0";"2";"1";"1";""
"202100041833";"126Â 836";"A01";"2";"7";"13";"0";"0";"13";"1";""
"202100041834";"126Â 835";"A01";"1";"31";"16";"0";"1";"1";"1";""
"202100041835";"126Â 834";"A01";"1";"7";"13";"0";"2";"13";"1";""
"202100041836";"126Â 833";"A01";"3";"7";"0";"1";"1";"16";"0";""
"202100041837";"126Â 832";"A01";"2";"2";"0";"0";"0";"15";"1";""
"202100041838";"126Â 831";"A01";"0";"7";"0";"0";"1";"1";"1";""
"202100041839";"126Â 829";"A01";"1";"7";"0";"2";"1";"5";"0";""
"202100041839";"126Â 830";"B01";"2";"7";"1";"2";"1";"1";"1";""
"202100041840";"126Â 828";"B01";"0";"50";"0";"0";" -1";"1";"3";""
"202100041841";"126Â 827";"A01";"1";"7";"13";"0";"2";"1";"1";""
"202100041842";"126Â 826";"A01";"2";"33";"0";"0";"1";"13";"1";""
"202100041843";"126Â 825";"A01";"1";"2";"0";"0";"0";"1";"1";""
"202100041844";"126Â 824";"A01";"2";"33";"13";"0";"1";"1";"1";""
"202100041845";"126Â 823";"A01";"1";"7";"13";"0";"1";"13";"1";""
"202100041846";"126Â 821";"A01";"2";"31";"0";"2";"1";"5";"1";""
"202100041846";"126Â 822";"B01";"1";"10";"0";"2";"0";"1";"1";""
"202100041847";"126Â 819";"A01";"1";"7";"0";"2";"7";"13";"1";""
"202100041847";"126Â 820";"B01";"2";"7";"0";"2";"1";"1";"1";""
"202100041848";"126Â 818";"A01";"3";"7";"0";"1";"1";"1";"1";""
"202100041849";"126Â 817";"A01";"3";"7";"13";"0";"7";"1";"1";""
"202100041850";"126Â 816";"A01";"2";"33";"7";"0";"1";"1";"1";""
"202100041851";"126Â 815";"A01";"1";"10";"6";"0";"3";"1";"1";""
"202100041852";"126Â 814";"A01";"2";"7";"3";"0";"0";"1";"1";""
"202100041853";"126Â 813";"A01";"1";"7";"4";"0";"2";"2";"1";""
"202100041854";"126Â 812";"A01";"1";"7";"4";"0";"3";"1";"1";""
"202100041855";"126Â 810";"A01";"3";"1";"0";"0";"1";"25";"5";""
"202100041855";"126Â 811";"B01";"3";"7";"0";"0";"2";"26";"1";""
"202100041856";"126Â 809";"A01";"1";"7";"0";"1";"2";"1";"0";""
"202100041857";"126Â 808";"A01";"2";"2";"0";"0";"0";"17";"1";""
"202100041858";"126Â 807";"A01";"1";"31";"16";"0";"0";"1";"1";""
"202100041859";"126Â 804";"A01";"1";"7";"0";"2";"3";"1";"1";""
"202100041859";"126Â 805";"B01";"2";"7";"0";"2";"8";"1";"0";""
"202100041859";"126Â 806";"C01";"2";"7";"0";"2";"3";"1";"1";""
"202100041860";"126Â 802";"B01";"1";"7";"0";"2";"4";"15";"1";""
"202100041860";"126Â 803";"A01";"1";"31";"0";"2";"1";"1";"1";""
"202100041861";"126Â 801";"A01";"1";"21";"0";"9";"0";"0";"0";""
"202100041862";"126Â 798";"A01";"1";"7";"0";"2";"1";"2";"1";""
"202100041862";"126Â 799";"B01";"1";"7";"0";"2";"4";"2";"1";""
"202100041862";"126Â 800";"C01";"1";"7";"0";"2";"4";"2";"1";""
"202100041863";"126Â 796";"B01";"1";"7";"0";"2";"8";"2";"1";""
"202100041863";"126Â 797";"A01";"1";"7";"4";"2";"9";"2";"1";""
"202100041864";"126Â 795";"A01";"2";"7";"14";"0";"1";"1";"1";""
"202100041865";"126Â 794";"A01";"2";"7";"6";"0";"1";"26";"1";""
"202100041866";"126Â 789";"B01";"2";"7";"0";"2";"4";"1";"1";""
"202100041866";"126Â 790";"C01";"2";"7";"0";"2";"4";"1";"1";""
"202100041866";"126Â 791";"D01";"2";"7";"0";"2";"4";"1";"1";""
"202100041866";"126Â 792";"E01";"2";"7";"0";"2";"4";"1";"1";""
"202100041866";"126Â 793";"A01";"2";"10";"0";"2";"1";"1";"1";""
"202100041867";"126Â 788";"A01";"1";"10";"0";"1";"1";"15";"1";""
"202100041868";"126Â 785";"A01";"1";"7";"0";"2";"1";"1";"1";""
"202100041868";"126Â 786";"B01";"1";"7";"0";"2";"1";"1";"1";""
"202100041868";"126Â 787";"C01";"1";"14";"0";"2";"4";"1";"1";""
"202100041869";"126Â 782";"C01";"1";"7";"0";"2";"1";"2";"1";""
"202100041869";"126Â 783";"B01";"1";"7";"0";"2";"4";"0";"1";""
"202100041869";"126Â 784";"A01";"1";"7";"0";"2";"4";"23";"1";""
"202100041870";"126Â 780";"B01";"1";"2";"0";"2";"1";"1";"1";""
"202100041870";"126Â 781";"A01";"2";"7";"0";"2";"3";"15";"1";""
"202100041871";"126Â 779";"A01";"2";"7";"0";"1";"1";"15";"1";""
"202100041872";"126Â 777";"A01";"0";"7";"0";"2";"4";"1";"1";""
"202100041872";"126Â 778";"B01";"0";"7";"0";"2";"1";"0";" -1";""
"202100041873";"126Â 776";"A01";"2";"1";"0";"0";"8";"1";"5";""
"202100041874";"126Â 774";"B01";"2";"7";"0";"2";"8";"1";"1";""
"202100041874";"126Â 775";"A01";"2";"7";"0";"2";"2";"15";"1";""
"202100041875";"126Â 772";"B01";"3";"10";"0";"2";"1";"1";"1";""
"202100041875";"126Â 773";"A01";"3";"7";"14";"2";"9";"1";"1";""
"202100041876";"126Â 771";"A01";"2";"7";"0";"1";"0";"0";"0";""
"202100041877";"126Â 769";"B01";"1";"15";"0";"2";"1";"10";"1";""
"202100041877";"126Â 770";"A01";"1";"7";"0";"2";"3";"1";"1";""
"202100041878";"126Â 768";"A01";"1";"10";"13";"0";"2";"26";"1";""
"202100041879";"126Â 766";"A01";"1";"7";"0";"2";"1";"9";"1";""
"202100041879";"126Â 767";"B01";"1";"7";"0";"2";"3";"1";"1";""
"202100041880";"126Â 764";"B01";"1";"1";"0";"2";"1";"25";"5";""
"202100041880";"126Â 765";"A01";"2";"7";"0";"2";"8";"1";"1";""
"202100041881";"126Â 762";"A01";"1";"7";"0";"2";"2";"15";"1";""
"202100041881";"126Â 763";"B01";"2";"7";"0";"2";"1";"1";"1";""
"202100041882";"126Â 760";"B01";"3";"33";"0";"2";"1";"1";"1";""
"202100041882";"126Â 761";"A01";"3";"37";"0";"2";"8";"9";"1";"1"
"202100041883";"126Â 755";"A01";"1";"7";"8";"0";"1";"1";"1";""
"202100041884";"126Â 753";"B01";"1";"7";"0";"2";"3";"1";"1";""
"202100041884";"126Â 754";"A01";"1";"7";"0";"2";"2";"1";"1";""
"202100041885";"126Â 751";"B01";"3";"7";"0";"2";"4";"23";"0";""
"202100041885";"126Â 752";"A01";"3";"7";"0";"2";"1";"26";"0";""
"202100041886";"126Â 750";"A01";"3";"7";"0";"1";"3";"26";"1";""
"202100041887";"126Â 747";"A01";"1";"31";"0";"2";"1";"21";"1";""
"202100041887";"126Â 748";"B01";"1";"7";"0";"2";"3";"26";"1";""
"202100041888";"126Â 745";"A01";"0";"7";"0";"2";"7";"13";"1";""
"202100041888";"126Â 746";"B01";"0";"2";"0";"2";"1";"1";"1";""
"202100041889";"126Â 743";"A01";"3";"7";"0";"2";"3";"15";"1";""
"202100041889";"126Â 744";"B01";"3";"1";"0";"2";"1";"1";"5";""
"202100041890";"126Â 741";"B01";"1";"33";"0";"2";"1";"1";"1";""
"202100041890";"126Â 742";"A01";"3";"3";"0";"2";"2";"9";"1";""
"202100041891";"126Â 739";"A01";"1";"7";"0";"2";"2";"9";"1";""
"202100041891";"126Â 740";"B01";"1";"3";"0";"2";"2";"2";"1";""
"202100041892";"126Â 737";"B01";"2";"7";"0";"2";"8";"1";"1";""
"202100041892";"126Â 738";"A01";"1";"10";"0";"2";"3";"15";"1";""
"202100041893";"126Â 735";"A01";"1";"7";"0";"9";"8";"1";"1";""
"202100041893";"126Â 736";"C01";"1";"31";"0";"2";"2";"1";"1";""
"202100041894";"126Â 734";"A01";"0";"1";"0";"0";"0";"1";"5";""
"202100041895";"126Â 732";"B01";"1";"1";"0";"2";"4";"1";"5";""
"202100041895";"126Â 733";"A01";"1";"7";"0";"2";"2";"1";"1";""
"202100041896";"126Â 730";"B01";"2";"33";"0";"0";"0";"0";"1";""
"202100041896";"126Â 731";"A01";"1";"7";"0";"2";"5";"9";"1";""
"202100041897";"126Â 728";"A01";"1";"13";"0";"2";"1";"2";"1";""
"202100041897";"126Â 729";"B01";"1";"7";"0";"2";"4";"23";"1";""
"202100041898";"126Â 726";"B01";"1";"33";"0";"2";"1";"1";"1";""
"202100041898";"126Â 727";"A01";"2";"7";"0";"2";"6";"17";"1";""
"202100041899";"126Â 725";"A01";"2";"30";"0";"0";"1";"16";"1";""
"202100041900";"126Â 723";"B01";"2";"7";"0";"2";"4";"1";"1";""
"202100041900";"126Â 724";"A01";"2";"7";"0";"2";"9";"26";"1";""
"202100041901";"126Â 721";"B01";"2";"1";"0";"2";"0";"0";"5";""
"202100041901";"126Â 722";"A01";"1";"7";"0";"2";"4";"26";"0";""
"202100041902";"126Â 719";"B01";"1";"1";"0";"2";"1";"9";"5";""
"202100041902";"126Â 720";"A01";"1";"7";"0";"2";"2";"9";"2";""
"202100041903";"126Â 717";"B01";"1";"7";"0";"2";"0";"13";"1";""
"202100041903";"126Â 718";"A01";"2";"31";"0";"2";"2";"17";"1";""
"202100041904";"126Â 715";"B01";"3";"14";"0";"2";"3";"1";"1";""
"202100041904";"126Â 716";"A01";"3";"31";"0";"2";"2";"13";"1";""
"202100041905";"126Â 713";"B01";"0";"80";"0";"2";"3";"0";"3";""
"202100041905";"126Â 714";"A01";"3";"7";"0";"2";"3";"26";"1";""