"Num_Acc";"id_vehicule";"num_veh";"senc";"catv";"obs";"obsm";"choc";"manv";"motor";"occutc"
"202100041906";"126Â 711";"B01";"3";"7";"0";"2";"5";"16";"1";""
"202100041906";"126Â 712";"A01";"3";"33";"0";"2";"3";"26";"1";""
"202100041907";"126Â 709";"A01";"2";"33";"0";"2";"3";"17";"1";""
"202100041907";"126Â 710";"B01";"1";"7";"0";"2";"3";"1";"1";""
"202100041908";"126Â 707";"A01";"1";"7";"8";"2";"0";"1";"1";""
"202100041908";"126Â 708";"B01";"2";"7";"15";"2";"1";"19";"1";""
"202100041909";"126Â 706";"A01";"3";"7";"8";"0";"1";"14";"1";""
"202100041910";"126Â 704";"A01";"1";"7";"0";"2";"2";"26";"1";""
"202100041910";"126Â 705";"B01";"2";"80";"0";"2";"1";"25";"3";""
"202100041911";"126Â 702";"A01";"2";"7";"0";"2";"1";"2";"2";""
"202100041911";"126Â 703";"B01";"2";"7";"0";"2";"4";"15";"1";""
"202100041912";"126Â 701";"A01";"2";"7";"3";"2";"9";"9";"1";""
"202100041913";"126Â 699";"A01";"2";"7";"1";"0";"1";"14";"1";""
"202100041913";"126Â 700";"B01";"3";"7";"1";"2";"6";"24";"1";""
"202100041914";"126Â 698";"A01";"1";"30";"5";"0";"7";"14";"1";""
"202100041915";"126Â 696";"A01";"1";"7";"0";"2";"3";"15";"1";""
"202100041915";"126Â 697";"B01";"2";"2";"0";"2";"1";"1";"1";""
"202100041916";"126Â 695";"A01";"3";"7";"6";"0";"1";"0";"1";""
"202100041917";"126Â 693";"A01";"2";"32";"0";"2";"1";"2";"1";""
"202100041917";"126Â 694";"B01";"2";"7";"0";"2";"6";"15";"1";""
"202100041918";"126Â 691";"B01";"1";"7";"0";"2";"8";"0";"1";""
"202100041918";"126Â 692";"A01";"1";"7";"0";"2";"1";"0";"1";""
"202100041919";"126Â 690";"A01";"1";"30";"0";"0";"8";"26";"1";""
"202100041920";"126Â 688";"A01";"2";"10";"15";"2";"3";"15";"1";""
"202100041920";"126Â 689";"B01";"2";"7";"0";"2";"2";"11";"1";""
"202100041921";"126Â 686";"B01";"2";"7";"0";"2";"3";"9";"1";""
"202100041921";"126Â 687";"A01";"1";"7";"0";"2";"2";"1";"1";""
"202100041922";"126Â 684";"B01";"2";"14";"0";"0";"4";"1";"1";""
"202100041922";"126Â 685";"A01";"2";"7";"0";"2";"1";"1";"1";""
"202100041923";"126Â 682";"A01";"1";"7";"0";"2";"1";"13";"1";""
"202100041923";"126Â 683";"B01";"2";"7";"0";"2";"3";"23";"1";""
"202100041924";"126Â 680";"A01";"0";"7";"0";"2";"2";"1";"1";""
"202100041924";"126Â 681";"B01";"1";"14";"0";"2";"1";"1";"1";""
"202100041925";"126Â 678";"B01";"1";"1";"0";"2";"4";"1";"5";""
"202100041925";"126Â 679";"A01";"1";"10";"0";"2";"3";"16";"1";""
"202100041926";"126Â 676";"B01";"2";"33";"0";"2";"3";"21";"1";""
"202100041926";"126Â 677";"A01";"1";"10";"0";"2";"2";"15";"1";""
"202100041927";"126Â 674";"A01";"2";"2";"0";"2";"7";"9";"1";""
"202100041927";"126Â 675";"B01";"2";"1";"0";"2";"1";"1";"5";""
"202100041928";"126Â 673";"A01";"2";"1";"0";"1";"1";"25";"5";""
"202100041929";"126Â 671";"B01";"2";"1";"0";"2";"8";"1";"5";""
"202100041929";"126Â 672";"A01";"2";"7";"0";"2";"2";"16";"1";""
"202100041930";"126Â 669";"A01";"1";"7";"0";"2";"1";"1";"1";""
"202100041930";"126Â 670";"B01";"1";"1";"0";"2";"7";"16";"5";""
"202100041931";"126Â 667";"A01";"1";"7";"0";"2";"2";"16";"1";""
"202100041931";"126Â 668";"B01";"1";"60";"0";"2";"1";"1";"5";""
"202100041932";"126Â 666";"A01";"1";"7";"0";"1";"3";"1";"2";""
"202100041933";"126Â 665";"A01";"1";"30";"8";"0";"8";"14";"3";""
"202100041934";"126Â 663";"A01";"2";"50";"0";"2";"3";"8";"3";""
"202100041934";"126Â 664";"B01";"1";"7";"0";"2";"3";"7";"1";""
"202100041935";"126Â 662";"A01";"3";"2";"0";"1";"1";"3";"1";""
"202100041936";"126Â 660";"A01";"1";"34";"15";"2";"3";"1";"1";""
"202100041936";"126Â 661";"B01";"1";"7";"0";"2";"5";"1";"1";""
"202100041937";"126Â 658";"B01";"2";"7";"0";"2";"3";"10";"1";""
"202100041937";"126Â 659";"A01";"1";"7";"0";"2";"1";"1";"1";""
"202100041938";"126Â 656";"A01";"1";"60";"1";"0";"1";"25";"5";""
"202100041938";"126Â 657";"B01";"1";"7";"0";"2";"8";"22";"1";""
"202100041939";"126Â 655";"A01";"2";"7";"4";"0";"2";"0";"1";""
"202100041940";"126Â 654";"A01";"3";"1";"0";"1";"1";"1";"0";""
"202100041941";"126Â 652";"B01";"2";"7";"0";"2";"4";"0";"2";""
"202100041941";"126Â 653";"A01";"2";"7";"0";"2";"1";"0";"1";""
"202100041942";"126Â 651";"A01";"2";"7";"0";"1";"1";"1";"1";""
"202100041943";"126Â 649";"Z01";"1";"7";"0";"0";"4";"0";"0";""
"202100041943";"126Â 650";"A01";"1";"1";"0";"2";"4";"1";"5";""
"202100041944";"126Â 647";"A01";"0";"13";"0";"2";"3";"19";"1";""
"202100041944";"126Â 648";"B01";"0";"33";"0";"2";"1";"1";"1";""
"202100041945";"126Â 645";"B01";"1";"99";"0";"2";"3";"2";"1";""
"202100041945";"126Â 646";"A01";"1";"7";"0";"2";"2";"15";"1";""
"202100041946";"126Â 643";"B01";"2";"13";"0";"2";"3";"15";"1";""
"202100041946";"126Â 644";"A01";"1";"2";"0";"2";"3";"18";"1";""
"202100041947";"126Â 641";"B01";"1";"7";"0";"2";"3";"1";"1";""
"202100041947";"126Â 642";"A01";"1";"7";"0";"2";"2";"19";"1";""
"202100041948";"126Â 639";"B01";"1";"1";"0";"2";"1";"1";"0";""
"202100041948";"126Â 640";"A01";"1";"7";"0";"2";"8";"19";"1";""
"202100041949";"126Â 638";"A01";"1";"30";"0";"1";"1";"1";"3";""
"202100041950";"126Â 636";"A01";" -1";"33";"0";"2";"1";"1";"1";""
"202100041950";"126Â 637";"B01";" -1";"7";"0";"2";"1";"0";"1";""
"202100041951";"126Â 634";"A01";" -1";"34";"0";"2";"6";"1";"1";""
"202100041951";"126Â 635";"B01";" -1";"7";"0";"2";"3";"15";"1";""
"202100041952";"126Â 632";"A01";"2";"30";"0";"2";"2";"2";"1";""
"202100041952";"126Â 633";"B01";"2";"7";"0";"2";"3";"2";"1";""
"202100041953";"126Â 630";"A01";"2";"33";"0";"2";"1";"3";"1";""
"202100041953";"126Â 631";"B01";"2";"7";"0";"2";"6";"15";"2";""
"202100041954";"126Â 628";"B01";"1";"43";"0";"2";"2";"13";"1";""
"202100041954";"126Â 629";"A01";"2";"7";"0";"2";"3";"9";"1";""
"202100041955";"126Â 626";"B01";"1";"1";"0";"2";"8";"1";"5";""
"202100041955";"126Â 627";"A01";"1";"10";"0";"2";"2";"2";"1";""
"202100041956";"126Â 625";"A01";"2";"30";"1";"0";"1";"26";"1";""
"202100041957";"126Â 623";"B01";"1";"7";"0";"2";"3";"15";"1";""
"202100041957";"126Â 624";"A01";"1";"32";"0";"2";"1";"15";"1";""
"202100041958";"126Â 621";"B01";"2";"33";"0";"2";"2";"3";"1";""
"202100041958";"126Â 622";"A01";"1";"30";"0";"2";"3";"16";"0";""
"202100041959";"126Â 619";"A01";"3";"10";"0";"2";"2";"12";"1";""
"202100041959";"126Â 620";"B01";"3";"32";"4";"2";"3";"12";"1";""
"202100041960";"126Â 617";"A01";"3";"10";"0";"2";"6";"2";"1";""
"202100041960";"126Â 618";"B01";"3";"43";"0";"2";"2";"2";"1";""
"202100041961";"126Â 614";"A01";"2";"7";"17";"0";"1";"0";"1";""
"202100041962";"126Â 612";"A01";"2";"7";"0";"2";"1";"16";"1";""
"202100041962";"126Â 613";"B01";"1";"2";"0";"2";"1";"1";"1";""
"202100041963";"126Â 611";"A01";"0";"7";"13";"0";"1";"0";"1";""
"202100041964";"126Â 609";"A01";"1";"7";"0";"2";"3";"5";"1";""
"202100041964";"126Â 610";"B01";"1";"7";"0";"2";"2";"1";"1";""
"202100041965";"126Â 608";"A01";"3";"7";"14";"0";"9";"1";"0";""
"202100041966";"126Â 606";"A01";"1";"7";"0";"0";"0";"15";"1";""
"202100041966";"126Â 607";"B01";"1";"33";"0";"0";"2";"1";"1";""
"202100041967";"126Â 603";"A01";"3";"2";"13";"0";"2";"1";"1";""
"202100041968";"126Â 601";"B01";"2";"10";"0";"2";"2";"17";"1";""
"202100041968";"126Â 602";"A01";"2";"7";"0";"2";"3";"15";"1";""
"202100041969";"126Â 600";"A01";"1";"33";"3";"0";"3";"1";"1";""
"202100041970";"126Â 598";"B01";"1";"33";"0";"0";"7";"1";"1";""
"202100041970";"126Â 599";"A01";"1";"7";"0";"2";"1";"9";"1";""
"202100041971";"126Â 597";"A01";"2";"7";"2";"0";"1";"1";"1";""
"202100041972";"126Â 595";"A01";"1";"7";"0";"2";"8";"15";"1";""
"202100041972";"126Â 596";"B01";"1";"32";"0";"2";"1";"17";"1";""
"202100041973";"126Â 593";"A01";"1";"2";"8";"0";"1";"26";"1";""
"202100041974";"126Â 592";"A01";"1";"33";"2";"0";"1";"0";"1";""
"202100041975";"126Â 591";"A01";"1";"7";"14";"2";"1";"1";"1";""
"202100041976";"126Â 589";"A01";"1";"7";"0";"2";"3";"5";"1";""
"202100041976";"126Â 590";"B01";"2";"7";"0";"2";"3";"1";"1";""
"202100041977";"126Â 588";"A01";"3";"7";"0";"1";"1";"1";"1";""
"202100041978";"126Â 587";"A01";"2";"36";"0";"0";"0";"10";"0";""
"202100041979";"126Â 586";"A01";"2";"7";"2";"0";"2";"1";"1";""
"202100041980";"126Â 584";"B01";"3";"7";"0";"0";"4";"1";"1";""
"202100041980";"126Â 585";"A01";"3";"7";"0";"2";"1";"1";"1";""
"202100041981";"126Â 582";"A01";"1";"1";"0";"2";"1";"1";"5";""
"202100041981";"126Â 583";"B01";"1";"7";"0";"0";"4";"1";"1";""
"202100041982";"126Â 580";"B01";"1";"1";"0";"2";"6";"13";"5";""
"202100041982";"126Â 581";"A01";"1";"7";"0";"2";"2";"1";"1";""
"202100041983";"126Â 579";"A01";"1";"32";"3";"0";"0";"9";"1";""
"202100041984";"126Â 577";"B01";"2";"33";"0";"2";"4";"15";"1";""
"202100041984";"126Â 578";"A01";"2";"14";"0";"2";"3";"1";"1";""
"202100041985";"126Â 575";"B01";"0";"43";"0";"2";"1";"2";"1";""
"202100041985";"126Â 576";"A01";"0";"7";"0";"2";"6";"16";"1";""
"202100041986";"126Â 574";"A01";"3";"7";"0";"0";"9";"0";"1";""
"202100041987";"126Â 572";"B01";"2";"7";"0";"2";"1";"1";"1";""
"202100041987";"126Â 573";"A01";"2";"10";"0";"2";"7";"26";"1";""
"202100041988";"126Â 570";"B01";"1";"7";"3";"2";"3";"2";"1";""
"202100041988";"126Â 571";"A01";"1";"7";"3";"2";"4";"23";"1";""
"202100041989";"126Â 568";"B01";"1";"15";"0";"2";"1";"12";" -1";""
"202100041989";"126Â 569";"A01";"1";"7";"4";"2";"9";"1";"1";""
"202100041990";"126Â 567";"A01";"1";"7";"0";"0";"9";"2";"1";""
"202100041991";"126Â 565";"A01";"2";"7";"0";"2";"1";"2";"1";""
"202100041991";"126Â 566";"B01";"2";"15";"0";"2";"4";"2";"1";""
"202100041992";"126Â 564";"A01";"2";"7";"3";"0";"1";"2";"1";""
"202100041993";"126Â 562";"B01";"1";"15";"0";"2";"4";"2";"1";""
"202100041993";"126Â 563";"A01";"1";"7";"0";"2";"1";"2";"1";""
"202100041994";"126Â 560";"B01";"1";"10";"0";"2";"6";"11";"1";""
"202100041994";"126Â 561";"A01";"1";"33";"0";"2";"1";"11";"1";""
"202100041995";"126Â 557";"B01";"1";"33";"0";"2";"8";"1";"0";""
"202100041995";"126Â 558";"A01";"1";"7";"0";"2";"1";"1";"1";""
"202100041996";"126Â 556";"A01";"1";"7";"0";"1";"7";"26";"1";""
"202100041997";"126Â 554";"A01";"1";"10";"0";"2";"2";"15";"0";""
"202100041997";"126Â 555";"B01";"2";"2";"0";"2";"1";"1";"0";""
"202100041998";"126Â 552";"B01";"3";"7";"0";"2";"7";"1";"6";""
"202100041998";"126Â 553";"A01";"3";"7";"0";"2";"1";"0";"1";""
"202100041999";"126Â 549";"C01";"2";"7";"0";"0";"4";"1";"1";""
"202100041999";"126Â 550";"B01";"1";"7";"0";"2";"4";"0";"1";""
"202100041999";"126Â 551";"A01";"2";"7";"0";"2";"1";"23";"1";""
"202100042000";"126Â 547";"A01";"1";"7";"0";"2";"3";"1";"1";""
"202100042000";"126Â 548";"B01";"1";"7";"0";"2";"1";"1";"1";""
"202100042001";"126Â 545";"B01";"2";"2";"0";"2";"2";"17";"1";""
"202100042001";"126Â 546";"A01";"2";"10";"0";"2";"8";"15";"1";""
"202100042002";"126Â 543";"A01";"2";"37";"0";"2";"3";"1";"1";"2"
"202100042002";"126Â 544";"B01";"2";"7";"0";"2";"2";"5";"1";""
"202100042003";"126Â 541";"A01";"3";"7";"0";"2";"3";"15";"1";""
"202100042003";"126Â 542";"B01";"3";"33";"0";"2";"1";"1";"1";""
"202100042004";"126Â 539";"B01";"3";"33";"0";"2";"1";"17";"1";""
"202100042004";"126Â 540";"A01";"3";"10";"0";"2";"8";"15";"1";""
"202100042005";"126Â 537";"A01";"3";"7";"0";"2";"4";"1";"1";""
"202100042005";"126Â 538";"B01";"3";"7";"14";"9";"4";"1";"1";""
"202100042006";"126Â 535";"B01";"1";"50";"0";"2";"8";"1";"3";""
"202100042006";"126Â 536";"A01";"1";"7";"0";"2";"1";"19";"1";""
"202100042007";"126Â 534";"A01";"2";"7";"2";"0";"3";"13";"1";""
"202100042008";"126Â 532";"A01";"0";"2";"0";"2";"1";"1";"1";""
"202100042008";"126Â 533";"B01";"0";"7";"0";"2";"4";"23";"1";""
"202100042009";"126Â 531";"A01";"0";"33";"0";"2";"1";"21";"1";""
"202100042010";"126Â 529";"B01";"2";"1";"0";"2";"7";"26";"0";""
"202100042010";"126Â 530";"A01";"1";"7";"0";"2";"1";"26";"1";""
"202100042011";"126Â 527";"A01";"1";"7";"0";"2";"5";"16";"1";""
"202100042011";"126Â 528";"B01";"1";"33";"0";"2";"3";"1";"1";""
"202100042012";"126Â 525";"A01";"1";"10";"0";"2";"1";"2";"1";""
"202100042012";"126Â 526";"B01";"1";"7";"0";"2";"4";"23";"1";""
"202100042013";"126Â 523";"A01";"2";"7";"8";"0";"1";"21";"1";""
"202100042013";"126Â 524";"B01";"1";"7";"8";"0";"3";"1";"1";""
"202100042014";"126Â 521";"B01";"2";"7";"3";"2";"2";"1";"1";""
"202100042014";"126Â 522";"A01";"2";"7";"0";"2";"4";"11";"0";""
"202100042015";"126Â 519";"B01";"2";"1";"0";"2";"7";"1";"5";""
"202100042015";"126Â 520";"A01";"1";"10";"0";"2";"2";"1";"1";""
"202100042016";"126Â 518";"A01";"2";"7";"0";"1";"3";"1";"1";""
"202100042017";"126Â 516";"B01";"1";"7";"0";"2";"4";"15";"1";""
"202100042017";"126Â 517";"A01";"1";"7";"0";"2";"1";"15";"1";""
"202100042018";"126Â 515";"A01";"1";"2";"1";"0";"4";"1";"1";""
"202100042019";"126Â 513";"A01";"2";"7";"0";"2";"5";"15";"2";""
"202100042019";"126Â 514";"B01";"1";"2";"0";"2";"1";"1";"1";""
"202100042020";"126Â 512";"A01";"1";"7";"0";"1";"1";"15";"1";""
"202100042021";"126Â 509";"A01";"1";"7";"0";"2";"4";"1";"1";""
"202100042021";"126Â 510";"B01";"1";"7";"0";"2";"1";"1";"1";""
"202100042021";"126Â 511";"C01";"1";"7";"0";"2";"1";"1";"1";""
"202100042022";"126Â 508";"A01";"1";"7";"0";"1";"1";"15";"1";""
"202100042023";"126Â 507";"A01";"3";"33";"0";"0";"0";"1";"1";""
"202100042024";"126Â 506";"A01";"3";"7";"0";"1";"1";"15";"1";""
"202100042025";"126Â 505";"A01";"0";"7";"0";"1";"2";"1";"1";""
"202100042026";"126Â 503";"B01";"2";"7";"0";"2";"7";"15";"1";""
"202100042026";"126Â 504";"A01";"1";"33";"0";"2";"1";"1";"1";""
"202100042027";"126Â 502";"A01";"1";"7";"0";"1";"5";"15";"1";""
"202100042028";"126Â 500";"B01";"0";"7";"0";"2";"7";"0";"1";""
"202100042028";"126Â 501";"A01";"0";"7";"0";"2";"1";"19";"1";""
"202100042029";"126Â 498";"B01";"1";"7";"0";"2";"2";"1";"1";""
"202100042029";"126Â 499";"A01";"1";"7";"0";"2";"1";"9";"1";""
"202100042030";"126Â 496";"B01";"2";"1";"0";"2";"1";"1";"0";""
"202100042030";"126Â 497";"A01";"1";"7";"0";"2";"2";"15";"1";""
"202100042031";"126Â 494";"B01";"3";"7";"0";"2";"1";"1";"1";""
"202100042031";"126Â 495";"A01";"3";"32";"0";"2";"1";"5";"1";""
"202100042032";"126Â 492";"A01";"3";"7";"0";"2";"3";"1";"1";""
"202100042032";"126Â 493";"B01";"3";"1";"0";"2";"1";"19";"0";""
"202100042033";"126Â 491";"B01";"3";"7";"0";"1";"2";"26";"1";""
"202100042034";"126Â 490";"A01";"1";"7";"0";"1";"1";"1";"1";""
"202100042035";"126Â 489";"A01";"1";"7";"6";"0";"5";"0";"1";""
"202100042036";"126Â 487";"B01";"2";"10";"0";"2";"3";"1";"1";""
"202100042036";"126Â 488";"A01";"1";"7";"0";"2";"3";"13";"1";""
"202100042037";"126Â 485";"A01";"3";"80";"0";"2";"1";"5";"3";""
"202100042037";"126Â 486";"B01";"3";"7";"0";"2";"2";"16";"1";""
"202100042038";"126Â 483";"B01";"1";"10";"0";"2";"3";"1";"1";""
"202100042038";"126Â 484";"A01";"2";"7";"0";"2";"1";"13";"1";""
"202100042039";"126Â 481";"B01";"2";"33";"0";"2";"1";"17";"1";""
"202100042039";"126Â 482";"A01";"2";"10";"0";"2";"3";"13";"1";""
"202100042040";"126Â 479";"A01";"1";"32";"0";"2";"3";"18";"1";""
"202100042040";"126Â 480";"B01";"1";"7";"0";"2";"7";"16";"1";""
"202100042041";"126Â 477";"A01";"1";"2";"0";"2";"1";"26";"1";""
"202100042041";"126Â 478";"B01";"2";"10";"0";"2";"6";"0";"1";""
"202100042042";"126Â 475";"B01";"2";"33";"0";"2";"7";"0";"1";""
"202100042042";"126Â 476";"A01";"2";"7";"0";"2";"3";"9";"1";""
"202100042043";"126Â 473";"B01";"1";"1";"1";"0";"2";"1";"5";""
"202100042043";"126Â 474";"A01";"1";"7";"0";"2";"3";"22";"1";""
"202100042044";"126Â 472";"A01";"1";"7";"0";"1";"1";"1";"1";""
"202100042045";"126Â 470";"A01";"3";"7";"3";"2";"1";"18";"1";""
"202100042045";"126Â 471";"B01";"3";"15";"0";"2";"2";"12";"1";""
"202100042046";"126Â 469";"A01";"2";"30";"12";"0";"7";"1";"1";""
"202100042047";"126Â 468";"A01";"0";"43";"6";"0";"0";"26";"1";""
"202100042048";"126Â 466";"B01";"2";"31";"0";"2";"1";"12";"1";""
"202100042048";"126Â 467";"A01";"1";"7";"0";"2";"3";"15";"1";""
"202100042049";"126Â 464";"A01";"3";"7";"0";"2";"1";"1";"1";""
"202100042049";"126Â 465";"B01";"1";"7";"0";"2";"7";"1";"1";""
"202100042050";"126Â 462";"B01";"2";"7";"0";"2";"7";"15";"1";""
"202100042050";"126Â 463";"A01";"1";"7";"0";"2";"1";"1";"1";""
"202100042051";"126Â 460";"B01";"1";"33";"1";"2";"9";"17";"1";""
"202100042051";"126Â 461";"A01";"1";"10";"0";"2";"3";"10";"1";""
"202100042052";"126Â 458";"A01";"2";"1";"0";"2";"1";"19";"5";""
"202100042052";"126Â 459";"B01";"2";"1";"0";"2";"1";"1";"5";""
"202100042053";"126Â 457";"A01";"1";"30";"12";"0";"1";"13";"1";""
"202100042054";"126Â 455";"B01";"1";"2";"0";"2";"5";"1";"1";""
"202100042054";"126Â 456";"A01";"1";"7";"0";"2";"3";"13";"2";""
"202100042055";"126Â 454";"A01";"2";"80";"0";"1";"1";"5";"3";""
"202100042056";"126Â 452";"B01";"3";"2";"0";"2";"3";"1";"1";""
"202100042056";"126Â 453";"A01";"3";"15";"0";"2";"2";"15";"1";""
"202100042057";"126Â 450";"B01";"2";"1";"0";"2";"2";"1";"5";""
"202100042057";"126Â 451";"A01";"1";"30";"0";"2";"4";"9";"1";""
"202100042058";"126Â 449";"A01";"1";"30";"0";"0";"1";"1";"1";""
"202100042059";"126Â 447";"B01";"2";"7";"0";"2";"4";"2";"1";""
"202100042059";"126Â 448";"A01";"2";"10";"0";"2";"1";"2";"1";""
"202100042060";"126Â 445";"B01";"2";"1";"0";"2";"3";"1";"5";""
"202100042060";"126Â 446";"A01";"2";"7";"0";"2";"7";"17";"1";""
"202100042061";"126Â 443";"Z01";"2";"1";"0";"2";"8";"1";"5";""
"202100042061";"126Â 444";"A01";"1";"80";"0";"2";"7";"18";"3";""
"202100042062";"126Â 442";"A01";"2";"80";"0";"0";"0";"1";"3";""
"202100042063";"126Â 440";"A01";"1";"1";"0";"2";"1";"1";"5";""
"202100042063";"126Â 441";"B01";"2";"7";"0";"9";"3";"15";"1";""
"202100042064";"126Â 438";"A01";"1";"7";"0";"2";"3";"2";"1";""
"202100042064";"126Â 439";"B01";"1";"2";"0";"2";"5";"23";"1";""
"202100042065";"126Â 436";"B01";"0";"40";"0";"2";"1";"1";"3";""
"202100042065";"126Â 437";"A01";"3";"7";"0";"4";"6";"9";"1";""
"202100042066";"126Â 434";"B01";"2";"33";"0";"2";"3";"1";"1";""
"202100042066";"126Â 435";"A01";"2";"7";"0";"2";"3";"9";"1";""
"202100042067";"126Â 432";"A01";"2";"7";"0";"2";"3";"15";"1";""
"202100042067";"126Â 433";"B01";"2";"33";"0";"2";"1";"3";"1";""
"202100042068";"126Â 430";"B01";"1";"7";"0";"2";"1";"1";"1";""
"202100042068";"126Â 431";"A01";"2";"7";"0";"2";"3";"15";"1";""
"202100042069";"126Â 429";"B01";"1";"10";"0";"1";"4";"16";"1";""
"202100042070";"126Â 427";"A01";"0";"7";"0";"2";"1";"26";"1";""
"202100042070";"126Â 428";"B01";"1";"31";"0";"2";"8";"15";"1";""
"202100042071";"126Â 425";"A01";"3";"7";"0";"2";"5";"1";"1";""
"202100042071";"126Â 426";"B01";"2";"7";"0";"2";"2";"1";"1";""
"202100042072";"126Â 423";"A01";"3";"7";"0";"9";"3";"15";"0";""
"202100042072";"126Â 424";"B01";"3";"1";"0";"2";"1";"23";"5";""
"202100042073";"126Â 421";"A01";"1";"7";"0";"0";"3";"26";"1";""
"202100042073";"126Â 422";"B01";"1";"2";"0";"2";"1";"17";"0";""
"202100042074";"126Â 419";"B01";"2";"37";"0";"0";"0";"0";"0";"1"
"202100042074";"126Â 420";"A01";"1";"2";"1";"0";"1";"1";"1";""
"202100042075";"126Â 417";"B01";"3";"30";"0";"2";"1";"1";"1";""
"202100042075";"126Â 418";"A01";"3";"7";"0";"2";"3";"10";"1";""
"202100042076";"126Â 415";"B01";"1";"33";"0";"2";"1";"23";"1";""
"202100042076";"126Â 416";"A01";"1";"7";"0";"2";"4";"4";"1";""
"202100042077";"126Â 413";"B01";"1";"7";"0";"0";"6";"1";"0";""
"202100042077";"126Â 414";"A01";"1";"13";"0";"2";"2";"2";"0";""
"202100042078";"126Â 412";"A01";"1";"33";"0";"0";"4";"1";"1";""
"202100042079";"126Â 410";"A01";"1";"7";"0";"2";"2";"19";"1";""
"202100042079";"126Â 411";"B01";"2";"43";"0";"2";"1";"1";"1";""
"202100042080";"126Â 408";"A01";"2";"7";"0";"2";"3";"9";"2";""
"202100042080";"126Â 409";"B01";"2";"1";"0";"2";"2";"16";"5";""
"202100042081";"126Â 406";"A01";"2";"2";"0";"2";"1";"1";"1";""
"202100042081";"126Â 407";"B01";"2";"7";"0";"2";"3";"1";"1";""
"202100042082";"126Â 405";"A01";"1";"7";"2";"0";"3";"1";"1";""
"202100042083";"126Â 403";"A01";"2";"2";"0";"2";"1";"1";"1";""
"202100042083";"126Â 404";"B01";"3";"7";"0";"2";"6";"15";"1";""
"202100042084";"126Â 402";"A01";"2";"34";"8";"0";"1";"1";"1";""
"202100042085";"126Â 400";"B01";"2";"17";"0";"2";"8";"2";"1";""
"202100042085";"126Â 401";"A01";"2";"33";"0";"2";"7";"9";"1";""
"202100042086";"126Â 399";"A01";"2";"32";"0";"0";"0";"16";"1";""
"202100042087";"126Â 398";"A01";"1";"7";"2";"0";"1";"6";"1";""
"202100042088";"126Â 397";"A01";"3";"7";"9";"1";"3";"4";"1";""
"202100042089";"126Â 396";"A01";"1";"43";"9";"0";"1";"14";"1";""
"202100042090";"126Â 395";"A01";"2";"21";"0";"1";"5";"17";"1";""
"202100042091";"126Â 394";"A01";"1";"7";"0";"1";"3";"15";"1";""
"202100042092";"126Â 392";"B01";"2";"3";"0";"2";"3";"1";"1";""
"202100042092";"126Â 393";"A01";"2";"7";"0";"2";"5";"17";"0";""
"202100042093";"126Â 391";"A01";"0";"2";"13";"0";"0";"1";"1";""
"202100042094";"126Â 389";"B01";"1";"7";"0";"2";"7";"1";"1";""
"202100042094";"126Â 390";"A01";"1";"33";"0";"2";"3";"9";"1";""
"202100042095";"126Â 387";"A01";"0";"21";"0";"2";"1";"19";"1";""
"202100042095";"126Â 388";"B01";"0";"7";"0";"2";"8";"1";"0";""
"202100042096";"126Â 385";"A01";"3";"7";"0";"2";"3";"16";"1";""
"202100042096";"126Â 386";"B01";"0";"7";"0";"1";"3";"1";"1";""
"202100042097";"126Â 382";"B01";"2";"7";"0";"2";"2";"1";"1";""
"202100042097";"126Â 383";"A01";"2";"7";"0";"0";"6";"1";"1";""
"202100042097";"126Â 384";"C01";"1";"7";"0";"2";"1";"1";"1";""
"202100042098";"126Â 380";"A01";"0";"7";"0";"2";"2";"1";"1";""
"202100042098";"126Â 381";"B01";"2";"33";"0";"2";"1";"1";"1";""
"202100042099";"126Â 378";"B01";"1";"1";"0";"2";"1";"1";"5";""
"202100042099";"126Â 379";"A01";"2";"2";"0";"2";"5";"15";"1";""
"202100042100";"126Â 377";"A01";"2";"7";"2";"0";"2";"0";"1";""
"202100042101";"126Â 374";"A01";"1";"7";"0";"0";"3";"1";"1";""
"202100042101";"126Â 375";"B01";"1";"7";"0";"0";"3";"1";"1";""
"202100042102";"126Â 372";"B01";"2";"10";"0";"0";"0";"1";"1";""
"202100042102";"126Â 373";"A01";"1";"2";"0";"2";"0";"1";"1";""
"202100042103";"126Â 371";"A01";"3";"1";"6";"0";"1";"15";"5";""
"202100042104";"126Â 370";"A01";"1";"7";"3";"0";"9";"1";"1";""
"202100042105";"126Â 368";"A01";"2";"7";"0";"2";"1";"1";"1";""
"202100042105";"126Â 369";"B01";"2";"2";"0";"2";"2";"1";"1";""
"202100042106";"126Â 366";"A01";"1";"7";"0";"2";"3";"1";"1";""
"202100042106";"126Â 367";"B01";"2";"2";"0";"2";"1";"1";"1";""
"202100042107";"126Â 365";"A01";"2";"7";"16";"0";"2";"17";"1";""
"202100042108";"126Â 363";"B01";"0";"1";"0";"2";"1";"19";"0";""
"202100042108";"126Â 364";"A01";"1";"7";"12";"2";"2";"1";"1";""
"202100042109";"126Â 361";"B01";"0";"1";"0";"2";"8";"2";"5";""
"202100042109";"126Â 362";"A01";"3";"1";"0";"2";"8";"2";"5";""
"202100042110";"126Â 359";"B01";"0";"7";"0";"2";"7";"14";"1";""
"202100042110";"126Â 360";"A01";"0";"37";"0";"2";"3";"1";"1";"1"