"Num_Acc";"id_vehicule";"num_veh";"senc";"catv";"obs";"obsm";"choc";"manv";"motor";"occutc"
"202100042111";"126Â 357";"B01";"2";"17";"0";"2";"6";"12";"1";""
"202100042111";"126Â 358";"A01";"2";"7";"0";"2";"1";"21";"1";""
"202100042112";"126Â 354";"B01";"1";"7";"0";"2";"4";"2";"1";""
"202100042112";"126Â 355";"A01";"1";"7";"0";"0";"4";"1";"1";""
"202100042112";"126Â 356";"C01";"1";"7";"0";"2";"1";"1";"1";""
"202100042113";"126Â 351";"C01";"1";"10";"0";"2";"1";"1";"1";""
"202100042113";"126Â 352";"B01";"1";"7";"0";"2";"4";"2";"1";""
"202100042113";"126Â 353";"A01";"1";"7";"0";"0";"4";"2";"1";""
"202100042114";"126Â 349";"A01";"2";"7";"0";"2";"1";"15";"1";""
"202100042114";"126Â 350";"B01";"3";"7";"0";"2";"7";"1";"1";""
"202100042115";"126Â 347";"B01";"1";"7";"0";"9";"6";"2";"3";""
"202100042115";"126Â 348";"A01";"1";"32";"0";"2";"1";"2";"0";""
"202100042116";"126Â 346";"A01";"0";"32";"0";"0";"0";"15";"1";""
"202100042117";"126Â 345";"A01";"1";"7";"0";"1";"2";"15";"1";""
"202100042118";"126Â 344";"A01";"1";"17";"0";"0";"0";"15";"1";""
"202100042119";"126Â 341";"C01";"1";"7";"0";"2";"1";"1";"1";""
"202100042119";"126Â 342";"B01";"2";"10";"0";"2";"3";"1";"1";""
"202100042119";"126Â 343";"A01";"1";"10";"0";"2";"1";"13";"1";""
"202100042120";"126Â 340";"A01";"1";"30";"0";"1";"1";"19";"1";""
"202100042121";"126Â 339";"A01";"1";"7";"12";"0";"2";"1";"1";""
"202100042122";"126Â 337";"B01";"2";"10";"0";"2";"3";"1";"1";""
"202100042122";"126Â 338";"A01";"1";"33";"0";"2";"1";"17";"1";""
"202100042123";"126Â 335";"B01";"2";"33";"0";"2";"1";"1";"1";""
"202100042123";"126Â 336";"A01";"1";"7";"0";"2";"3";"15";"1";""
"202100042124";"126Â 333";"A01";"2";"2";"0";"2";"1";"17";"1";""
"202100042124";"126Â 334";"B01";"3";"10";"0";"2";"3";"19";"1";""
"202100042125";"126Â 331";"B01";"1";"2";"0";"2";"1";"10";"0";""
"202100042125";"126Â 332";"A01";"1";"1";"0";"2";"1";"1";"5";""
"202100042126";"126Â 328";"B01";"1";"7";"0";"2";"7";"1";"1";""
"202100042126";"126Â 329";"C01";"2";"7";"0";"2";"3";"1";"1";""
"202100042126";"126Â 330";"A01";"1";"7";"0";"2";"1";"1";"1";""
"202100042127";"126Â 327";"A01";"1";"7";"7";"0";"1";"1";"1";""
"202100042128";"126Â 325";"A01";"2";"7";"0";"2";"1";"1";"1";""
"202100042128";"126Â 326";"B01";"1";"7";"6";"2";"3";"1";"1";""
"202100042129";"126Â 323";"A01";"1";"10";"0";"2";"1";"0";"1";""
"202100042129";"126Â 324";"B01";"2";"7";"0";"2";"1";"0";"1";""
"202100042130";"126Â 319";"A01";"2";"33";"0";"2";"1";"1";"1";""
"202100042130";"126Â 320";"B01";"1";"7";"0";"2";"8";"19";"1";""
"202100042131";"126Â 318";"A01";"3";"10";"0";"1";"6";"4";"1";""
"202100042132";"126Â 317";"A01";"3";"7";"0";"1";"4";"4";"1";""
"202100042133";"126Â 315";"A01";"3";"1";"0";"0";"4";"9";"5";""
"202100042133";"126Â 316";"B01";"3";"7";"0";"2";"2";"1";"1";""
"202100042134";"126Â 313";"A01";"3";"7";"0";"2";"1";"2";"1";""
"202100042134";"126Â 314";"B01";"3";"33";"0";"0";"4";"23";"1";""
"202100042135";"126Â 312";"A01";"3";"2";"12";"0";"1";"1";"1";""
"202100042136";"126Â 310";"B01";"1";"7";"0";"2";"1";"9";"1";""
"202100042136";"126Â 311";"A01";"1";"2";"0";"2";"1";"1";"1";""
"202100042137";"126Â 308";"A01";"1";"7";"14";"0";"1";"1";"1";""
"202100042138";"126Â 307";"A01";"1";"7";"0";"2";"7";"1";"1";""
"202100042139";"126Â 305";"B01";"2";"7";"0";"2";"6";"1";"1";""
"202100042139";"126Â 306";"A01";"2";"17";"0";"2";"5";"14";"1";""
"202100042140";"126Â 301";"A01";"2";"7";"0";"9";"9";"26";"1";""
"202100042140";"126Â 302";"B01";"2";"7";"0";"2";"2";"0";"1";""
"202100042140";"126Â 303";"C01";"2";"7";"0";"2";"4";"23";"1";""
"202100042140";"126Â 304";"D01";"2";"7";"0";"2";"4";"23";"1";""
"202100042141";"126Â 299";"A01";"2";"15";"0";"2";"2";"12";"1";""
"202100042141";"126Â 300";"B01";"2";"7";"0";"2";"6";"1";"1";""
"202100042142";"126Â 297";"B01";"1";"15";"0";"2";"2";"14";"1";""
"202100042142";"126Â 298";"A01";"1";"7";"0";"2";"6";"13";"1";""
"202100042143";"126Â 295";"A01";"1";"10";"0";"2";"0";"14";"1";""
"202100042143";"126Â 296";"B01";"1";"7";"0";"2";"0";"1";"1";""
"202100042144";"126Â 294";"A01";"2";"33";"0";"0";"9";"2";"1";""
"202100042145";"126Â 292";"A01";"1";"32";"1";"0";"1";"12";"1";""
"202100042145";"126Â 293";"B01";"1";"10";"0";"2";"4";"26";"1";""
"202100042146";"126Â 290";"A01";"1";"33";"0";"2";"1";"1";"1";""
"202100042146";"126Â 291";"B01";"1";"7";"0";"2";"0";"17";"1";""
"202100042147";"126Â 288";"A01";"1";"10";"0";"2";"1";"1";"1";""
"202100042147";"126Â 289";"B01";"1";"7";"0";"2";"4";"1";"1";""
"202100042148";"126Â 286";"B01";"1";"30";"0";"2";"1";"1";"1";""
"202100042148";"126Â 287";"A01";"1";"7";"0";"9";"6";"9";"1";""
"202100042149";"126Â 284";"B01";"2";"7";"0";"2";"8";"1";"1";""
"202100042149";"126Â 285";"A01";"1";"0";"0";"0";"8";"26";"0";""
"202100042150";"126Â 282";"B01";"1";"7";"0";"2";"4";"9";"1";""
"202100042150";"126Â 283";"A01";"1";"30";"0";"2";"1";"18";"1";""
"202100042151";"126Â 280";"B01";"2";"60";"0";"2";"1";"0";"5";""
"202100042151";"126Â 281";"A01";"1";"1";"0";"2";"1";"25";"0";""
"202100042152";"126Â 278";"B01";"2";"2";"0";"2";"1";"2";"1";""
"202100042152";"126Â 279";"A01";"2";"7";"0";"9";"8";"15";"1";""
"202100042153";"126Â 276";"B01";"2";"1";"0";"2";"0";"1";"5";""
"202100042153";"126Â 277";"A01";"1";"7";"0";"2";"1";"15";"1";""
"202100042154";"126Â 274";"A01";"2";"31";"1";"2";"2";"17";"1";""
"202100042154";"126Â 275";"B01";"2";"10";"0";"2";"3";"26";"1";""
"202100042155";"126Â 272";"A01";"1";"7";"14";"2";"1";"1";"1";""
"202100042155";"126Â 273";"B01";"1";"7";"14";"2";"4";"15";"1";""
"202100042156";"126Â 270";"B01";"1";"7";"0";"2";"1";"2";"1";""
"202100042156";"126Â 271";"A01";"1";"7";"0";"2";"4";"26";"1";""
"202100042157";"126Â 268";"B01";"0";"7";"0";"2";"5";"17";"1";""
"202100042157";"126Â 269";"A01";"0";"37";"0";"2";"3";"15";"1";"2"
"202100042158";"126Â 266";"A01";"2";"7";"0";"2";"1";"19";"1";""
"202100042158";"126Â 267";"B01";"2";"7";"0";"2";"8";"1";"1";""
"202100042159";"126Â 264";"A01";"1";"36";"0";"2";"1";"19";"1";""
"202100042159";"126Â 265";"B01";"1";"7";"0";"2";"8";"0";"0";""
"202100042160";"126Â 263";"A01";"1";"33";"15";"0";"2";"26";"1";""
"202100042161";"126Â 261";"B01";"3";"7";"0";"2";"2";"1";"1";""
"202100042161";"126Â 262";"A01";"3";"7";"0";"2";"8";"9";"1";""
"202100042162";"126Â 257";"A01";"3";"33";"0";"2";"9";"13";"1";""
"202100042162";"126Â 258";"B01";"3";"7";"0";"2";"7";"1";"1";""
"202100042163";"126Â 256";"A01";"3";"7";"0";"1";"2";"26";"1";""
"202100042164";"126Â 255";"A01";"1";"7";"0";"1";"1";"1";"1";""
"202100042165";"126Â 254";"A01";"2";"7";"2";"0";"3";"13";"1";""
"202100042166";"126Â 251";"A01";"3";"7";"0";"1";"1";"15";"1";""
"202100042167";"126Â 250";"A01";"2";"7";"0";"0";"1";"14";"1";""
"202100042168";"126Â 248";"B01";"1";"2";"0";"0";"0";"0";"1";""
"202100042168";"126Â 249";"A01";"1";"7";"0";"2";"2";"16";"1";""
"202100042169";"126Â 246";"A01";"1";"37";"8";"1";"7";"16";"1";"1"
"202100042170";"126Â 244";"B01";"2";"1";"0";"2";"1";"1";"5";""
"202100042170";"126Â 245";"A01";"1";"7";"0";"2";"1";"16";"1";""
"202100042171";"126Â 242";"B01";"1";"7";"0";"2";"5";"1";"1";""
"202100042171";"126Â 243";"A01";"2";"7";"0";"2";"1";"1";"1";""
"202100042172";"126Â 240";"B01";"2";"10";"0";"2";"0";"19";" -1";""
"202100042172";"126Â 241";"A01";"0";"1";"0";"2";"0";"19";" -1";""
"202100042173";"126Â 238";"B01";"3";"1";"0";"2";"4";"2";"0";""
"202100042173";"126Â 239";"A01";"3";"7";"0";"2";"1";"2";"1";""
"202100042174";"126Â 237";"A01";"3";"7";"0";"1";"1";"1";"1";""
"202100042175";"126Â 234";"B01";"3";"7";"0";"2";"3";"19";"1";""
"202100042175";"126Â 235";"A01";"3";"7";"0";"2";"1";"19";"1";""
"202100042176";"126Â 231";"A01";"1";"15";"13";"0";"7";"14";"1";""
"202100042177";"126Â 230";"A01";"3";"7";"13";"0";"9";"14";"1";""
"202100042178";"126Â 229";"A01";"2";"30";"1";"0";"2";"1";"1";""
"202100042179";"126Â 228";"A01";"3";"7";"0";"1";"3";"1";"1";""
"202100042180";"126Â 227";"A01";"1";"7";"12";"0";"1";"9";"1";""
"202100042181";"126Â 226";"A01";"1";"7";"0";"1";"8";"1";"1";""
"202100042182";"126Â 224";"A01";"3";"60";"0";"0";"0";"21";"5";""
"202100042182";"126Â 225";"Z01";"3";"7";"0";" -1";" -1";"1";" -1";""
"202100042183";"126Â 222";"A01";"3";"7";"0";"2";"2";"15";"1";""
"202100042183";"126Â 223";"B01";"3";"1";"0";"2";"8";"1";"5";""
"202100042184";"126Â 221";"A01";"2";"7";"6";"2";"9";"14";"1";""
"202100042185";"126Â 220";"A01";"3";"7";"0";"0";"2";"1";"1";""
"202100042186";"126Â 218";"B01";"1";"1";"0";"2";"1";"15";"5";""
"202100042186";"126Â 219";"A01";"1";"7";"0";"2";"3";"15";"1";""
"202100042187";"126Â 216";"A01";"1";"10";"0";"0";"7";"9";"1";""
"202100042187";"126Â 217";"B01";"1";"1";"0";"2";"8";"12";"5";""
"202100042188";"126Â 214";"B01";"1";"2";"0";"2";"1";"1";"1";""
"202100042188";"126Â 215";"A01";"1";"7";"0";"2";"8";"15";"1";""
"202100042189";"126Â 212";"A01";"1";"1";"0";"2";"4";"19";"5";""
"202100042189";"126Â 213";"Z01";"2";"7";"0";"2";"0";"1";"0";""
"202100042190";"126Â 210";"A01";"1";"33";"0";"2";"2";"16";"1";""
"202100042190";"126Â 211";"B01";"1";"7";"0";"2";"3";"1";"1";""
"202100042191";"126Â 207";"C01";"2";"7";"0";"2";"1";"0";"1";""
"202100042191";"126Â 208";"B01";"2";"7";"0";"2";"6";"9";"1";""
"202100042191";"126Â 209";"A01";"2";"7";"0";"2";"1";"26";"1";""
"202100042192";"126Â 205";"B01";"1";"7";"1";"2";"3";"1";"1";""
"202100042192";"126Â 206";"A01";"2";"7";"0";"2";"3";"15";"1";""
"202100042193";"126Â 202";"A01";"1";"7";"2";"0";"2";"14";"1";""
"202100042194";"126Â 200";"A01";"2";"33";"0";"2";"1";"1";"1";""
"202100042194";"126Â 201";"B01";"2";"2";"0";"2";"8";"15";"1";""
"202100042195";"126Â 198";"B01";"1";"1";"0";"2";"1";"1";"0";""
"202100042195";"126Â 199";"A01";"1";"10";"0";"2";"7";"16";"1";""
"202100042196";"126Â 196";"A01";"1";"7";"0";"2";"3";"15";"1";""
"202100042196";"126Â 197";"B01";"1";"7";"0";"2";"1";"1";"1";""
"202100042197";"126Â 195";"A01";"1";"7";"6";"0";"2";"1";"1";""
"202100042198";"126Â 193";"B01";"1";"7";"0";"2";"1";"1";"1";""
"202100042198";"126Â 194";"A01";"1";"7";"0";"2";"8";"10";"1";""
"202100042199";"126Â 191";"A01";"0";"32";"5";"2";"0";"18";"1";""
"202100042199";"126Â 192";"B01";"3";"7";"0";"2";"0";"0";"1";""
"202100042200";"126Â 189";"B01";"3";"38";"0";"2";"3";"1";"1";"1"
"202100042200";"126Â 190";"A01";"3";"7";"0";"2";"3";"5";"1";""
"202100042201";"126Â 188";"A01";"2";"7";"9";"0";"1";"26";"1";""
"202100042202";"126Â 186";"B01";"1";"1";"0";"2";"7";"1";"5";""
"202100042202";"126Â 187";"A01";"2";"7";"0";"2";"1";"9";"1";""
"202100042203";"126Â 185";"A01";"0";"2";"0";"0";"0";"15";"1";""
"202100042204";"126Â 184";"A01";"3";"7";"0";"0";"3";"13";"1";""
"202100042205";"126Â 183";"A01";"1";"7";"8";"0";"3";"1";"1";""
"202100042206";"126Â 181";"B01";"3";"7";"0";"2";"5";"23";"1";""
"202100042206";"126Â 182";"A01";"3";"32";"14";"0";"1";"1";"1";""
"202100042207";"126Â 179";"B01";"1";"32";"0";"2";"2";"12";"1";""
"202100042207";"126Â 180";"A01";"1";"33";"0";"2";"3";"3";"1";""
"202100042208";"126Â 177";"A01";"1";"32";"0";"2";"1";"2";"1";""
"202100042208";"126Â 178";"B01";"1";"10";"0";"2";"4";"2";"3";""
"202100042209";"126Â 176";"A01";"2";"2";"0";"1";"8";"1";"1";""
"202100042210";"126Â 174";"A01";"2";"7";"0";"2";"7";"22";"1";""
"202100042210";"126Â 175";"B01";"2";"1";"0";"2";"2";"1";"5";""
"202100042211";"126Â 172";"A01";"1";"10";"0";"2";"8";"22";"1";""
"202100042211";"126Â 173";"B01";"1";"80";"0";"2";"1";"17";"3";""
"202100042212";"126Â 171";"A01";"2";"1";"0";"1";"1";"1";"5";""
"202100042213";"126Â 169";"B01";"1";"33";"0";"2";"2";"1";"1";""
"202100042213";"126Â 170";"A01";"1";"7";"0";"2";"3";"15";"1";""
"202100042214";"126Â 167";"A01";"3";"7";"0";"2";"2";"1";"1";""
"202100042214";"126Â 168";"B01";"2";"10";"0";"2";"8";"1";"1";""
"202100042215";"126Â 165";"A01";"1";"1";"0";"2";"1";"5";"5";""
"202100042215";"126Â 166";"B01";"1";"1";"0";"2";"1";"1";"5";""
"202100042216";"126Â 163";"B01";"2";"1";"0";"2";"7";"19";"5";""
"202100042216";"126Â 164";"A01";"2";"32";"0";"2";"2";"21";"1";""
"202100042217";"126Â 162";"A01";"1";"7";"0";"1";"5";"2";"1";""
"202100042218";"126Â 161";"A01";"2";"31";"0";"1";"1";"1";"1";""
"202100042219";"126Â 160";"A01";"1";"7";"0";"1";"1";"2";"1";""
"202100042220";"126Â 159";"A01";"3";"7";"0";"1";"2";"1";"1";""
"202100042221";"126Â 157";"A01";"2";"1";"0";"2";"4";"15";"6";""
"202100042221";"126Â 158";"B01";"2";"7";"0";"9";"2";"15";"1";""
"202100042222";"126Â 155";"B01";" -1";"7";"0";"2";"3";"15";"1";""
"202100042222";"126Â 156";"A01";" -1";"7";"0";"2";"1";"1";"1";""
"202100042223";"126Â 153";"B01";"2";"7";"0";"2";"2";"15";"2";""
"202100042223";"126Â 154";"A01";"1";"34";"0";"2";"3";"18";"1";""
"202100042224";"126Â 151";"A01";"1";"37";"0";"2";"3";"9";"1";"1"
"202100042224";"126Â 152";"B01";"1";"10";"0";"2";"5";"17";"1";""
"202100042225";"126Â 150";"A01";"1";"7";"0";"1";"2";"1";"1";""
"202100042226";"126Â 148";"A01";"2";"7";"0";"2";"8";"10";"1";""
"202100042226";"126Â 149";"B01";"2";"33";"0";"2";"1";"1";"1";""
"202100042227";"126Â 145";"C01";"2";"7";"0";"9";"1";"21";"1";""
"202100042227";"126Â 146";"A01";"1";"10";"0";"2";"3";"26";"0";""
"202100042227";"126Â 147";"B01";"2";"37";"0";"2";"3";"0";"0";"1"
"202100042228";"126Â 144";"A01";"2";"7";"0";"1";"1";"10";"1";""
"202100042229";"126Â 142";"A01";"2";"30";"0";"2";"1";"26";"1";""
"202100042229";"126Â 143";"B01";"2";"7";"0";"2";"5";"2";"1";""
"202100042230";"126Â 140";"A01";"1";"7";"0";"2";"1";"9";"1";""
"202100042230";"126Â 141";"B01";"2";"1";"0";"2";"3";"1";"5";""
"202100042231";"126Â 138";"A01";"1";"7";"0";"2";"7";"21";"1";""
"202100042231";"126Â 139";"B01";"1";"1";"0";"2";"8";"1";"5";""
"202100042232";"126Â 136";"A01";"1";"43";"0";"2";"1";"2";"1";""
"202100042232";"126Â 137";"B01";"1";"7";"0";"2";"4";"1";"1";""
"202100042233";"126Â 134";"Y01";"3";"1";"0";"2";"1";"1";"5";""
"202100042233";"126Â 135";"A01";"3";"10";"0";"2";"2";"14";"1";""
"202100042234";"126Â 133";"A01";"2";"7";"0";"1";"1";"1";"2";""
"202100042235";"126Â 132";"A01";"1";"32";"12";"0";"1";"13";"0";""
"202100042236";"126Â 130";"B01";"1";"33";"0";"2";"4";"12";"1";""
"202100042236";"126Â 131";"A01";"1";"10";"0";"2";"2";"1";"1";""
"202100042237";"126Â 128";"B01";"2";"2";"0";"2";"1";"1";"1";""
"202100042237";"126Â 129";"A01";"1";"7";"0";"2";"1";"17";"1";""
"202100042238";"126Â 127";"A01";"1";"33";"0";"0";"8";"1";"1";""
"202100042239";"126Â 126";"A01";"1";"2";"0";"0";"2";"1";"1";""
"202100042240";"126Â 124";"A01";"2";"10";"0";"2";"9";"1";"1";""
"202100042240";"126Â 125";"B01";"1";"10";"0";"2";"3";"13";"1";""
"202100042241";"126Â 122";"A01";"1";"7";"0";"2";"2";"15";"1";""
"202100042241";"126Â 123";"B01";"2";"7";"0";"2";"3";"1";"1";""
"202100042242";"126Â 121";"A01";"2";"7";"0";"0";"9";"19";"1";""
"202100042243";"126Â 120";"A01";"3";"31";"13";"0";"0";"17";"1";""
"202100042244";"126Â 118";"B01";"1";"7";"0";"2";"3";"1";"1";""
"202100042244";"126Â 119";"A01";"2";"33";"3";"2";"8";"1";"1";""
"202100042245";"126Â 117";"A01";"2";"33";"14";"0";"1";"0";"1";""
"202100042246";"126Â 115";"B01";"0";"7";"0";"0";"2";"1";"1";""
"202100042246";"126Â 116";"A01";"0";"2";"0";"2";"1";"5";"1";""
"202100042247";"126Â 114";"A01";"3";"33";"13";"0";"1";"1";"1";""
"202100042248";"126Â 112";"B01";"2";"7";"8";"2";"3";"1";"1";""
"202100042248";"126Â 113";"A01";"2";"7";"0";"2";"2";"19";"1";""
"202100042249";"126Â 110";"A01";"1";"2";"0";"2";"1";"13";"1";""
"202100042249";"126Â 111";"B01";"1";"7";"0";"2";"6";"11";"1";""
"202100042250";"126Â 109";"A01";"1";"7";"6";"0";"2";"1";"1";""
"202100042251";"126Â 107";"A01";"3";"7";"0";"9";"2";"1";"1";""
"202100042251";"126Â 108";"B01";"0";"2";"0";"2";"7";"15";"1";""
"202100042252";"126Â 105";"A01";"1";"33";"0";"2";"1";"17";"1";""
"202100042252";"126Â 106";"B01";"1";"21";"0";"2";"6";"15";"1";""
"202100042253";"126Â 104";"A01";"3";"37";"0";"1";"7";"1";"1";"1"
"202100042254";"126Â 102";"A01";"3";"7";"0";"2";"1";"13";"1";""
"202100042254";"126Â 103";"B01";"3";"7";"0";"2";"1";"1";"1";""
"202100042255";"126Â 100";"A01";"1";"7";"0";"2";"8";"19";"1";""
"202100042255";"126Â 101";"B01";"1";"31";"0";"2";"1";"1";"1";""
"202100042256";"126Â 097";"A01";"2";"7";"0";"2";"1";"1";"1";""
"202100042256";"126Â 098";"B01";"1";"10";"0";"2";"1";"1";"1";""
"202100042256";"126Â 099";"C01";"1";"7";"0";"2";"1";"1";"1";""
"202100042257";"126Â 095";"B01";"3";"7";"0";"2";"1";"1";"1";""
"202100042257";"126Â 096";"A01";"3";"7";"6";"2";"1";"1";"1";""
"202100042258";"126Â 093";"B01";"1";"7";"0";"0";"4";"16";"1";""
"202100042258";"126Â 094";"A01";"1";"2";"0";"2";"1";"1";"1";""
"202100042259";"126Â 091";"A01";"2";"10";"0";"2";"1";"11";"1";""
"202100042259";"126Â 092";"B01";"1";"7";"0";"2";"1";"1";"1";""
"202100042260";"126Â 090";"A01";"1";"7";"2";"0";"1";"15";"1";""
"202100042261";"126Â 088";"A01";"3";"7";"0";"2";"1";"1";"1";""
"202100042261";"126Â 089";"B01";"3";"60";"0";"2";"0";"19";"5";""
"202100042262";"126Â 086";"A01";"2";"10";"0";"2";"2";"13";"1";""
"202100042262";"126Â 087";"B01";"1";"7";"0";"2";"2";"1";"1";""
"202100042263";"126Â 085";"A01";"2";"10";"3";"0";"1";"26";"1";""
"202100042264";"126Â 083";"B01";"2";"1";"0";"2";"2";"26";"5";""
"202100042264";"126Â 084";"A01";"1";"7";"0";"9";"3";"1";"1";""
"202100042265";"126Â 082";"A01";"2";"7";"6";"0";"1";"13";"1";""
"202100042266";"126Â 080";"A01";"2";"7";"0";"2";"2";"21";"1";""
"202100042266";"126Â 081";"B01";"1";"10";"0";"2";"3";"1";"1";""
"202100042267";"126Â 079";"A01";"1";"7";"13";"0";"2";"1";"1";""
"202100042268";"126Â 077";"B01";"1";"50";"0";"2";"1";"9";"3";""
"202100042268";"126Â 078";"A01";"1";"10";"0";"2";"1";"1";"1";""
"202100042269";"126Â 076";"A01";"3";"2";"0";"0";"0";"1";"1";""
"202100042270";"126Â 074";"A01";"2";"7";"0";"2";"1";"2";"1";""
"202100042270";"126Â 075";"B01";"1";"7";"9";"0";"4";"1";"1";""
"202100042271";"126Â 071";"B01";"1";"7";"0";"0";"7";"26";"1";""
"202100042271";"126Â 072";"A01";"1";"7";"0";"2";"3";"26";"1";""
"202100042272";"126Â 069";"B01";"3";"10";"0";"0";"3";"1";"1";""
"202100042272";"126Â 070";"A01";"3";"33";"0";"0";"0";"0";"1";""
"202100042273";"126Â 068";"A01";"2";"34";"3";"0";"2";"0";"1";""
"202100042274";"126Â 067";"A01";"2";"7";"4";"0";"1";"0";"1";""
"202100042275";"126Â 065";"A01";"1";"7";"4";"2";"3";"13";"1";""
"202100042275";"126Â 066";"B01";"1";"15";"0";"2";"6";"1";"1";""
"202100042276";"126Â 063";"B01";"2";"7";"0";"2";"2";"1";"1";""
"202100042276";"126Â 064";"A01";"2";"7";"0";"2";"3";"11";"1";""
"202100042277";"126Â 059";"B01";"1";"33";"0";"2";"8";"2";"1";""
"202100042277";"126Â 060";"D01";"1";"7";"0";"2";"4";"2";"1";""
"202100042277";"126Â 061";"C01";"1";"7";"0";"2";"8";"2";"1";""
"202100042277";"126Â 062";"A01";"1";"7";"0";"2";"7";"1";"1";""
"202100042278";"126Â 054";"A01";"1";"14";"0";"2";"2";"2";"1";""
"202100042278";"126Â 055";"B01";"1";"10";"0";"2";"4";"2";"1";""
"202100042278";"126Â 056";"C01";"1";"7";"0";"2";"4";"2";"1";""
"202100042278";"126Â 057";"D01";"1";"37";"0";"2";"2";"1";"1";"1"
"202100042278";"126Â 058";"E01";"1";"7";"0";"2";"4";"2";"1";""
"202100042279";"126Â 052";"A01";"0";"7";"0";"2";"1";"1";"1";""
"202100042279";"126Â 053";"B01";"1";"7";"0";"2";"4";"1";"1";""
"202100042280";"126Â 051";"A01";"2";"7";"0";"1";"1";"1";"1";""
"202100042281";"126Â 049";"A01";"0";"7";"0";"2";"0";"0";"1";""
"202100042281";"126Â 050";"B01";"0";"15";"0";"2";"3";"0";"1";""
"202100042282";"126Â 047";"A01";"3";"7";"0";"2";"5";"26";"1";""
"202100042282";"126Â 048";"B01";"3";"7";"1";"0";"2";"26";"1";""
"202100042283";"126Â 046";"A01";"1";"30";"0";"0";"8";"1";"1";""
"202100042284";"126Â 045";"Z01";"3";"0";"0";"2";"1";"1";"6";""
"202100042285";"126Â 044";"A01";"1";"7";"0";"1";"1";"1";"1";""
"202100042286";"126Â 042";"A01";"2";"7";"0";"2";"1";"13";"0";""
"202100042286";"126Â 043";"B01";"1";"2";"0";"2";"1";"1";"1";""
"202100042287";"126Â 040";"A01";"1";"7";"0";"2";"6";"15";"1";""
"202100042287";"126Â 041";"B01";"1";"33";"0";"2";"1";"17";"1";""
"202100042288";"126Â 036";"B01";"1";"7";"0";"2";"1";"2";"1";""
"202100042288";"126Â 037";"C01";"1";"7";"0";"2";"3";"2";"1";""
"202100042288";"126Â 038";"A01";"1";"7";"0";"2";"6";"2";"1";""
"202100042289";"126Â 035";"A01";"1";"7";"1";"0";"3";"13";"1";""
"202100042290";"126Â 033";"A01";"1";"7";"0";"2";"1";"2";"1";""
"202100042290";"126Â 034";"B01";"1";"14";"0";"2";"4";"23";"1";""
"202100042291";"126Â 031";"B01";"1";"32";"0";"2";"1";"1";"1";""
"202100042291";"126Â 032";"A01";"1";"7";"0";"2";"3";"20";"1";""
"202100042292";"126Â 030";"A01";"1";"10";"12";"0";"1";"13";"1";""
"202100042293";"126Â 027";"A01";"1";"99";"0";"2";"1";"2";"1";""
"202100042293";"126Â 028";"B01";"1";"10";"0";"9";"4";"23";"1";""
"202100042294";"126Â 025";"B01";"2";"2";"0";"2";"3";"1";"1";""
"202100042294";"126Â 026";"A01";"1";"7";"0";"2";"3";"1";"1";""
"202100042295";"126Â 022";"B01";"2";"7";"0";"2";"0";"0";"0";""
"202100042295";"126Â 023";"C01";"2";"7";"0";"2";"4";"23";"1";""
"202100042295";"126Â 024";"A01";"2";"7";"0";"2";"4";"23";"1";""
"202100042296";"126Â 021";"A01";"2";"7";"0";"1";"5";"1";"1";""
"202100042297";"126Â 020";"A01";"0";"10";"0";"1";"1";"15";"1";""
"202100042298";"126Â 018";"A01";"3";"2";"0";"2";"8";"1";"1";""
"202100042298";"126Â 019";"B01";"3";"2";"0";"2";"1";"1";"1";""
"202100042299";"126Â 016";"A01";"2";"7";"0";"2";"1";"1";"1";""
"202100042299";"126Â 017";"B01";"1";"10";"0";"2";"1";"1";"1";""
"202100042300";"126Â 015";"A01";"2";"7";"0";"1";"0";"21";"1";""
"202100042301";"126Â 013";"A01";"1";"30";"0";"2";"1";"26";"1";""
"202100042301";"126Â 014";"B01";"1";"7";"0";"2";"4";"2";"1";""
"202100042302";"126Â 011";"A01";"2";"7";"0";"2";"1";"2";"1";""
"202100042302";"126Â 012";"B01";"2";"10";"0";"2";"4";"23";"1";""
"202100042303";"126Â 009";"A01";"2";"7";"0";"2";"2";"1";"1";""
"202100042303";"126Â 010";"B01";"1";"7";"0";"2";"3";"1";"1";""
"202100042304";"126Â 007";"B01";"2";"7";"2";"2";"1";"1";"1";""
"202100042304";"126Â 008";"A01";"2";"7";"0";"2";"3";"15";"1";""
"202100042305";"126Â 005";"B01";"3";"15";"0";"2";"4";"24";"1";""
"202100042305";"126Â 006";"A01";"3";"7";"1";"0";"1";"1";"1";""
"202100042306";"126Â 003";"A01";"1";"7";"0";"0";"0";"1";"1";""
"202100042306";"126Â 004";"B01";"1";"33";"0";"0";"1";"1";"1";""
"202100042307";"126Â 001";"A01";"1";"32";"0";"2";"7";"17";"1";""
"202100042307";"126Â 002";"B01";"2";"7";"0";"2";"3";"15";"2";""
"202100042308";"125Â 999";"B01";"3";"7";"0";"2";"2";"15";"1";""
"202100042308";"126Â 000";"A01";"3";"10";"0";"2";"1";"9";"1";""
"202100042309";"125Â 998";"A01";"3";"7";"13";"0";"3";"1";"1";""
"202100042310";"125Â 997";"A01";"3";"7";"0";"1";"4";"4";"1";""
"202100042311";"125Â 995";"A01";"1";"7";"0";"9";"7";"16";"1";""