"Num_Acc";"id_vehicule";"num_veh";"senc";"catv";"obs";"obsm";"choc";"manv";"motor";"occutc"
"202100042311";"125Â 996";"B01";"1";"50";"0";"2";"1";"1";"3";""
"202100042312";"125Â 993";"A01";"3";"7";"0";"2";"1";"15";"1";""
"202100042312";"125Â 994";"B01";"3";"7";"0";"2";"3";"1";"1";""
"202100042313";"125Â 989";"A01";"2";"7";"0";"2";"1";"2";"1";""
"202100042313";"125Â 990";"D01";"2";"7";"0";"2";"4";"2";"1";""
"202100042313";"125Â 991";"C01";"2";"7";"0";"2";"4";"2";"1";""
"202100042313";"125Â 992";"B01";"2";"7";"0";"2";"4";"2";"1";""
"202100042314";"125Â 988";"A01";"3";"7";"0";"1";"2";"1";"1";""
"202100042315";"125Â 986";"B01";"1";"1";"0";"2";"1";"15";"5";""
"202100042315";"125Â 987";"A01";"0";"7";"0";"2";"1";"15";"1";""
"202100042316";"125Â 984";"A01";"3";"32";"0";"2";"1";"17";"1";""
"202100042316";"125Â 985";"B01";"3";"7";"0";"2";"8";"15";"1";""
"202100042317";"125Â 982";"A01";"1";"13";"0";"2";"8";"1";"1";""
"202100042317";"125Â 983";"B01";"2";"7";"0";"2";"3";"1";"1";""
"202100042318";"125Â 980";"A01";"2";"7";"0";"2";"2";"15";"1";""
"202100042318";"125Â 981";"B01";"2";"2";"0";"2";"1";"18";"1";""
"202100042319";"125Â 978";"A01";"0";"7";"0";"2";"2";"15";"1";""
"202100042319";"125Â 979";"B01";"0";"33";"0";"0";"0";"0";"1";""
"202100042320";"125Â 977";"A01";"2";"7";"0";"1";"3";"15";"1";""
"202100042321";"125Â 975";"B01";"3";"2";"0";"2";"1";"1";"1";""
"202100042321";"125Â 976";"A01";"1";"7";"0";"2";"3";"9";"1";""
"202100042322";"125Â 973";"B01";"3";"7";"0";"2";"1";"2";"1";""
"202100042322";"125Â 974";"A01";"3";"7";"0";"2";"1";"0";"1";""
"202100042323";"125Â 971";"B01";"0";"1";"0";"2";"7";"17";"5";""
"202100042323";"125Â 972";"A01";"0";"7";"0";"2";"3";"15";"1";""
"202100042324";"125Â 970";"A01";"1";"14";"0";"1";"4";"4";"1";""
"202100042325";"125Â 969";"A01";"3";"31";"3";"0";"7";"21";"1";""
"202100042326";"125Â 968";"A01";"3";"7";"0";"1";"7";"1";"1";""
"202100042327";"125Â 965";"A01";"0";"7";"0";"1";"2";"1";"1";""
"202100042328";"125Â 962";"B01";"1";"7";"0";"2";"0";"0";"3";""
"202100042328";"125Â 963";"A01";"1";"7";"0";"2";"4";"2";"1";""
"202100042328";"125Â 964";"C01";"1";"7";"0";"2";"2";"2";"1";""
"202100042329";"125Â 960";"B01";"1";"7";"0";"2";"1";"1";"1";""
"202100042329";"125Â 961";"A01";"1";"7";"0";"2";"1";"1";"1";""
"202100042330";"125Â 959";"A01";"1";"34";"0";"1";"1";"1";"1";""
"202100042331";"125Â 957";"B01";"2";"7";"0";"2";"0";"0";"1";""
"202100042331";"125Â 958";"A01";"2";"50";"0";"2";"1";"26";"3";""
"202100042332";"125Â 955";"B01";"1";"7";"0";"2";"8";"1";"1";""
"202100042332";"125Â 956";"A01";"2";"30";"0";"2";"8";"13";"1";""
"202100042333";"125Â 954";"A01";"1";"7";"1";"1";"2";"9";"1";""
"202100042334";"125Â 952";"A01";"3";"7";"0";"2";"7";"1";"1";""
"202100042334";"125Â 953";"B01";"3";"7";"0";"2";"1";"1";"1";""
"202100042335";"125Â 951";"A01";"3";"3";"0";"1";"3";"15";"1";""
"202100042336";"125Â 949";"A01";"3";"7";"0";"2";"8";"13";"1";""
"202100042336";"125Â 950";"B01";"3";"10";"0";"2";"0";"0";"1";""
"202100042337";"125Â 947";"A01";"0";"50";"0";" -1";"1";"15";"3";""
"202100042337";"125Â 948";"B01";"0";"40";"0";"2";"3";"1";"3";""
"202100042338";"125Â 945";"A01";"1";"7";"0";"2";"1";"2";"1";""
"202100042338";"125Â 946";"B01";"1";"7";"0";"2";"4";"2";"1";""
"202100042339";"125Â 941";"A01";"0";"7";"0";"2";"7";"14";"1";""
"202100042339";"125Â 942";"B01";"3";"7";"1";"2";"6";"1";"1";""
"202100042339";"125Â 943";"D01";"3";"7";"0";"2";"3";"24";"1";""
"202100042339";"125Â 944";"C01";"3";"7";"0";"2";"1";"24";"1";""
"202100042340";"125Â 940";"A01";"2";"7";"4";"0";"1";"1";"1";""
"202100042341";"125Â 938";"B01";"1";"7";"0";"2";"3";"1";"1";""
"202100042341";"125Â 939";"A01";"1";"7";"0";"2";"3";"9";"1";""
"202100042342";"125Â 937";"A01";"2";"31";"14";"0";"8";"1";"1";""
"202100042343";"125Â 935";"A01";"1";"32";"0";"2";"1";"15";"1";""
"202100042343";"125Â 936";"B01";"2";"31";"0";"2";"8";"1";"3";""
"202100042344";"125Â 933";"B01";"2";"1";"0";"2";"4";"17";"5";""
"202100042344";"125Â 934";"A01";"2";"7";"0";"2";"1";"1";"1";""
"202100042345";"125Â 932";"A01";"1";"50";"0";"0";"0";"21";"3";""
"202100042346";"125Â 930";"A01";"1";"32";"0";"2";"7";"1";"1";""
"202100042346";"125Â 931";"Z01";"0";"7";"0";"2";"7";"11";"0";""
"202100042347";"125Â 928";"A01";"1";"33";"0";"2";"1";"1";"1";""
"202100042347";"125Â 929";"B01";"2";"1";"0";"2";"8";"1";"5";""
"202100042348";"125Â 927";"A01";"1";"30";"0";"0";"3";"15";"1";""
"202100042349";"125Â 925";"A01";"2";"33";"0";"2";"7";"14";"1";""
"202100042349";"125Â 926";"B01";"2";"7";"0";"2";"8";"1";"1";""
"202100042350";"125Â 923";"A01";"1";"7";"0";"2";"5";"1";"1";""
"202100042350";"125Â 924";"B01";"1";"43";"0";"2";"1";"1";"1";""
"202100042351";"125Â 921";"B01";"3";"7";"0";"2";"3";"16";"1";""
"202100042351";"125Â 922";"A01";"3";"2";"0";"2";"2";"17";"1";""
"202100042352";"125Â 919";"A01";"2";"1";"0";"2";"7";"1";"5";""
"202100042352";"125Â 920";"B01";"2";"7";"0";"0";"8";"1";"1";""
"202100042353";"125Â 918";"A01";"2";"50";"0";"1";"1";"21";"3";""
"202100042354";"125Â 916";"B01";"2";"7";"0";"2";"3";"1";"1";""
"202100042354";"125Â 917";"A01";"1";"32";"0";"2";"1";"1";"1";""
"202100042355";"125Â 914";"B01";"2";"43";"0";"2";"5";"17";"1";""
"202100042355";"125Â 915";"A01";"2";"1";"0";"2";"1";"15";"5";""
"202100042356";"125Â 912";"A01";"1";"30";"0";"2";"8";"13";"1";""
"202100042356";"125Â 913";"B01";"1";"7";"0";"2";"5";"2";"1";""
"202100042357";"125Â 911";"A01";"1";"31";"0";"1";"1";"1";"1";""
"202100042358";"125Â 910";"A01";"2";"50";"0";"0";"0";"7";"3";""
"202100042359";"125Â 909";"A01";"1";"1";"0";"0";"0";"1";"5";""
"202100042360";"125Â 908";"Z01";"0";"31";"0";"1";"1";"1";"0";""
"202100042361";"125Â 907";"Z01";"1";"50";"0";"1";"1";"25";"3";""
"202100042362";"125Â 906";"Z01";"1";"14";"0";"1";"4";"4";"1";""
"202100042363";"125Â 905";"A01";"1";"37";"0";"1";"0";"1";"0";"1"
"202100042364";"125Â 903";"B01";"2";"32";"0";"2";"1";"1";"1";""
"202100042364";"125Â 904";"A01";"1";"30";"0";"2";"2";"1";"1";""
"202100042365";"125Â 901";"B01";"3";"50";"14";"0";"7";"2";"3";""
"202100042365";"125Â 902";"A01";"3";"7";"14";"0";"1";"2";"1";""
"202100042366";"125Â 899";"A01";"2";"34";"0";"2";"7";"0";"1";""
"202100042366";"125Â 900";"B01";"2";"50";"0";"2";"7";"1";"3";""
"202100042367";"125Â 897";"B01";"3";"7";"0";"2";"7";"9";"1";""
"202100042367";"125Â 898";"A01";"3";"7";"0";"2";"2";"1";"1";""
"202100042368";"125Â 895";"A01";"1";"2";"14";"0";"1";"17";"1";""
"202100042368";"125Â 896";"B01";"3";"1";"0";"2";"8";"1";"5";""
"202100042369";"125Â 893";"Y01";" -1";"0";"0";"2";"0";"0";"0";""
"202100042369";"125Â 894";"A01";"1";"10";"0";"1";"0";"20";"1";""
"202100042370";"125Â 891";"A01";"3";"10";"0";"9";"8";"23";"1";""
"202100042370";"125Â 892";"B01";"3";"1";"0";"2";"1";"25";"5";""
"202100042371";"125Â 889";"A01";"2";"7";"0";"2";"3";"15";"1";""
"202100042371";"125Â 890";"B01";"2";"2";"0";"2";"7";"1";"1";""
"202100042372";"125Â 887";"B01";"2";"7";"12";"2";"3";"14";"0";""
"202100042372";"125Â 888";"A01";"1";"7";"0";"2";"3";"26";"1";""
"202100042373";"125Â 886";"A01";"3";"7";"0";"1";"2";"15";"1";""
"202100042374";"125Â 884";"B01";"3";"2";"0";"2";"1";"17";"1";""
"202100042374";"125Â 885";"A01";"3";"7";"0";"2";"3";"13";"1";""
"202100042375";"125Â 882";"A01";"3";"32";"0";"2";"1";"0";"1";""
"202100042375";"125Â 883";"B01";"3";"7";"0";"2";"4";"1";"1";""
"202100042376";"125Â 881";"A01";"1";"34";"1";"1";"1";"1";"1";""
"202100042377";"125Â 880";"A01";"1";"7";"0";"1";"6";"19";"1";""
"202100042378";"125Â 879";"A01";"1";"31";"15";"0";"1";"13";"1";""
"202100042379";"125Â 878";"A01";"1";"1";"0";"1";"1";"1";"5";""
"202100042380";"125Â 876";"B01";"1";"7";"0";"2";"5";"16";"1";""
"202100042380";"125Â 877";"A01";"1";"1";"0";"2";"1";"1";"5";""
"202100042381";"125Â 874";"A01";"0";"50";"0";"2";"0";"26";"3";""
"202100042381";"125Â 875";"B01";"2";"7";"0";"2";"2";"1";"2";""
"202100042382";"125Â 872";"A01";"3";"2";"0";"2";"1";"16";"1";""
"202100042382";"125Â 873";"B01";"3";"7";"0";"2";"1";"1";"1";""
"202100042383";"125Â 870";"A01";"3";"21";"0";"0";"2";"1";"1";""
"202100042383";"125Â 871";"B01";"3";"33";"0";"2";"1";"1";"1";""
"202100042384";"125Â 868";"B01";"2";"7";"0";"2";"6";"15";"1";""
"202100042384";"125Â 869";"A01";"1";"33";"8";"2";"1";"1";"1";""
"202100042385";"125Â 867";"A01";"2";"33";"0";"0";"1";"1";"1";""
"202100042386";"125Â 866";"A01";"1";"10";"2";"0";"1";"1";"1";""
"202100042387";"125Â 864";"B01";"1";"7";"0";"2";"1";"1";"1";""
"202100042387";"125Â 865";"A01";"2";"7";"0";"2";"3";"15";"1";""
"202100042388";"125Â 863";"A01";"1";"10";"9";"0";"2";"1";"1";""
"202100042389";"125Â 861";"B01";"1";"10";"0";"2";"3";"15";"1";""
"202100042389";"125Â 862";"A01";"2";"33";"0";"2";"8";"1";"1";""
"202100042390";"125Â 860";"A01";"3";"7";"2";"0";"1";"0";"1";""
"202100042391";"125Â 857";"C01";"1";"7";"0";"2";"1";"1";"1";""
"202100042391";"125Â 858";"B01";"1";"13";"0";"2";"2";"1";"1";""
"202100042391";"125Â 859";"A01";"1";"20";"0";"0";"6";"1";"1";""
"202100042392";"125Â 855";"A01";"2";"7";"7";"2";"1";"1";"1";""
"202100042392";"125Â 856";"B01";"3";"7";"0";"2";"8";"1";"1";""
"202100042393";"125Â 853";"B01";"3";"2";"0";"2";"1";"1";"1";""
"202100042393";"125Â 854";"A01";"3";"10";"0";"2";"2";"6";"1";""
"202100042394";"125Â 852";"A01";"1";"2";"0";"0";"8";"1";"1";""
"202100042395";"125Â 850";"A01";"2";"7";"0";"2";"3";"1";"1";""
"202100042395";"125Â 851";"B01";"2";"7";"0";"2";"8";"9";"1";""
"202100042396";"125Â 847";"A01";"0";"7";"0";"0";"5";"17";"1";""
"202100042396";"125Â 848";"B01";"0";"7";"0";"2";"3";"2";"1";""
"202100042397";"125Â 845";"B01";"1";"7";"0";"2";"1";"1";"1";""
"202100042397";"125Â 846";"A01";"3";"7";"0";"2";"3";"15";"1";""
"202100042398";"125Â 844";"A01";"2";"33";"13";"0";"1";"17";"1";""
"202100042399";"125Â 843";"A01";"2";"7";"2";"0";"2";"1";"1";""
"202100042400";"125Â 841";"A01";"1";"33";"0";"2";"8";"1";"1";""
"202100042400";"125Â 842";"B01";"1";"7";"0";"2";"1";"19";"1";""
"202100042401";"125Â 839";"B01";"0";"30";"0";"2";"1";"1";"1";""
"202100042401";"125Â 840";"A01";"0";"7";"0";"2";"4";"26";"1";""
"202100042402";"125Â 838";"A01";"3";"2";"0";"1";"1";"1";"1";""
"202100042403";"125Â 837";"A01";"2";"7";"0";"0";"2";"1";"1";""
"202100042404";"125Â 835";"B01";"1";"33";"0";"0";"0";"1";"1";""
"202100042404";"125Â 836";"A01";"1";"33";"0";"0";"0";"1";"1";""
"202100042405";"125Â 833";"A01";"1";"2";"0";"2";"1";"1";"1";""
"202100042405";"125Â 834";"B01";"2";"7";"0";"2";"3";"1";"1";""
"202100042406";"125Â 832";"A01";"3";"33";"0";"0";"0";"1";"1";""
"202100042407";"125Â 830";"B01";"1";"15";"0";"2";"3";"1";"1";""
"202100042407";"125Â 831";"A01";"2";"7";"0";"2";"1";"13";"1";""
"202100042408";"125Â 828";"A01";"0";"50";"0";"2";"1";"17";"3";""
"202100042408";"125Â 829";"B01";"0";"7";"0";"9";"6";"15";"1";""
"202100042409";"125Â 827";"A01";"1";"7";"0";"1";"3";"1";"1";""
"202100042410";"125Â 821";"A01";"1";"7";"3";"2";"7";"13";"1";""
"202100042410";"125Â 822";"B01";"2";"17";"0";"2";"3";"1";"1";""
"202100042411";"125Â 819";"B01";"2";"32";"0";"2";"3";"1";"1";""
"202100042411";"125Â 820";"A01";"2";"7";"0";"2";"1";"15";"1";""
"202100042412";"125Â 818";"A01";"3";"33";"0";"0";"1";"1";"1";""
"202100042413";"125Â 815";"A01";"2";"7";"6";"2";"9";"0";"1";""
"202100042413";"125Â 816";"B01";"1";"7";"6";"2";"1";"0";"1";""
"202100042414";"125Â 811";"A01";"2";"7";"0";"2";"1";"2";"1";""
"202100042414";"125Â 812";"B01";"2";"7";"0";"2";"4";"2";"1";""
"202100042414";"125Â 813";"D01";"2";"7";"0";"2";"4";"2";"1";""
"202100042414";"125Â 814";"C01";"1";"7";"0";"2";"4";"2";"1";""
"202100042415";"125Â 808";"Z01";"1";"7";"0";"0";"0";"0";"0";""
"202100042415";"125Â 809";"B01";"1";"34";"0";"2";"1";"2";"1";""
"202100042415";"125Â 810";"A01";"1";"33";"4";"2";"2";"3";"1";""
"202100042416";"125Â 805";"A01";"2";"7";"0";"2";"4";"23";"3";""
"202100042416";"125Â 806";"B01";"2";"7";"0";"2";"1";"1";"1";""
"202100042416";"125Â 807";"C01";"2";"7";"0";"2";"1";"1";"1";""
"202100042417";"125Â 804";"A01";"1";"7";"4";"0";"8";"1";"1";""
"202100042418";"125Â 802";"A01";"1";"7";"0";"2";"6";"11";"1";""
"202100042418";"125Â 803";"B01";"1";"14";"0";"2";"2";"1";"1";""
"202100042419";"125Â 800";"A01";"2";"7";"0";"2";"5";"26";"1";""
"202100042419";"125Â 801";"B01";"1";"15";"0";"2";"3";"21";"1";""
"202100042420";"125Â 798";"B01";"2";"7";"0";"2";"5";"2";"1";""
"202100042420";"125Â 799";"A01";"2";"15";"0";"2";"3";"2";"1";""
"202100042421";"125Â 797";"A01";"2";"7";"3";"2";"2";"1";"1";""
"202100042422";"125Â 795";"B01";"2";"7";"0";"2";"6";"23";"1";""
"202100042422";"125Â 796";"A01";"2";"33";"0";"2";"1";"12";"1";""
"202100042423";"125Â 790";"A01";"1";"7";"9";"2";"1";"2";"1";""
"202100042423";"125Â 791";"B01";"1";"7";"0";"2";"6";"2";"1";""
"202100042424";"125Â 788";"B01";"1";"7";"0";"2";"4";"23";"1";""
"202100042424";"125Â 789";"A01";"1";"10";"0";"2";"2";"2";"1";""
"202100042425";"125Â 786";"B01";"1";"7";"0";"2";"2";"0";"1";""
"202100042425";"125Â 787";"A01";"1";"7";"0";"2";"4";"4";"1";""
"202100042426";"125Â 784";"A01";"1";"7";"0";"2";"1";"9";"1";""
"202100042426";"125Â 785";"B01";"1";"1";"0";"2";"0";"26";"5";""
"202100042427";"125Â 782";"A01";"3";"30";"0";"2";"4";"26";"1";""
"202100042427";"125Â 783";"B01";"3";"7";"0";"0";"4";"23";"1";""
"202100042428";"125Â 780";"A01";"1";"1";"0";"2";"8";"1";"5";""
"202100042428";"125Â 781";"B01";"1";"7";"0";"2";"1";"1";"1";""
"202100042429";"125Â 779";"A01";"2";"7";"3";"0";"1";"1";"1";""
"202100042430";"125Â 778";"A01";"1";"99";"9";"0";"0";"2";"6";""
"202100042431";"125Â 775";"C01";"1";"7";"0";"0";"4";"1";"1";""
"202100042431";"125Â 776";"B01";"1";"7";"0";"2";"1";"1";"1";""
"202100042431";"125Â 777";"A01";"1";"7";"0";"2";"1";"21";"1";""
"202100042432";"125Â 774";"A01";"1";"33";"0";"9";"8";"21";"1";""
"202100042433";"125Â 772";"A01";"1";"1";"0";"2";"1";"2";"5";""
"202100042433";"125Â 773";"B01";"1";"7";"0";"1";"4";"23";"1";""
"202100042434";"125Â 770";"A01";"1";"7";"1";"2";"5";"1";"1";""
"202100042434";"125Â 771";"B01";"1";"31";"0";"2";"1";"1";"1";""
"202100042435";"125Â 769";"A01";"1";"7";"0";"1";"2";"1";"1";""
"202100042436";"125Â 768";"A01";"1";"30";"0";"0";"7";"1";"1";""
"202100042437";"125Â 766";"A01";"1";"43";"0";"2";"1";"1";"1";""
"202100042437";"125Â 767";"B01";"1";"7";"0";"2";"4";"23";"1";""
"202100042438";"125Â 765";"A01";"3";"2";"0";"0";"8";"21";"1";""
"202100042439";"125Â 764";"A01";"2";"32";"0";"0";"0";"1";"1";""
"202100042440";"125Â 762";"B01";"0";"7";"0";"2";"6";"1";"1";""
"202100042440";"125Â 763";"A01";"0";"50";"0";"2";"1";"5";"3";""
"202100042441";"125Â 760";"B01";"1";"32";"0";"2";"0";"1";"0";""
"202100042441";"125Â 761";"A01";"1";"10";"0";"2";"4";"4";"0";""
"202100042442";"125Â 756";"B01";"3";"7";"3";"2";"2";"1";"1";""
"202100042442";"125Â 757";"A01";"3";"7";"8";"2";"1";"19";"1";""
"202100042443";"125Â 753";"A01";"0";"7";"0";"2";"1";"1";"1";""
"202100042443";"125Â 754";"Z01";"0";"99";"0";"0";"0";"0";"0";""
"202100042444";"125Â 748";"A01";"1";"7";"0";"2";"2";"12";"1";""
"202100042444";"125Â 749";"B01";"1";"7";"0";"2";"4";"1";"1";""
"202100042444";"125Â 750";"C01";"1";"7";"0";"2";"4";"1";"1";""
"202100042444";"125Â 751";"E01";"1";"7";"0";"2";"4";"1";"1";""
"202100042444";"125Â 752";"D01";"1";"7";"0";"2";"1";"1";"1";""
"202100042445";"125Â 746";"A01";"0";"7";"0";"2";"2";"15";"1";""
"202100042445";"125Â 747";"B01";"3";"7";"0";"2";"1";"1";"1";""
"202100042446";"125Â 745";"A01";"0";"33";"1";"0";"1";"14";"1";""
"202100042447";"125Â 744";"A01";"2";"2";"12";"0";"2";"1";"1";""
"202100042448";"125Â 743";"A01";"3";"1";"0";"0";"0";"1";"5";""
"202100042449";"125Â 742";"A01";"1";"33";"0";"1";"0";"1";"0";""
"202100042450";"125Â 740";"A01";"1";"10";"0";"2";"2";"17";"1";""
"202100042450";"125Â 741";"B01";"1";"7";"0";"2";"3";"9";"1";""
"202100042451";"125Â 738";"A01";"3";"7";"0";"9";"3";"1";"1";""
"202100042451";"125Â 739";"B01";"3";"1";"0";"2";"1";"1";"5";""
"202100042452";"125Â 736";"B01";"1";"32";"0";"2";"1";"12";"1";""
"202100042452";"125Â 737";"A01";"3";"7";"0";"2";"1";"0";"1";""
"202100042453";"125Â 734";"B01";"1";"1";"0";"2";"2";"1";"5";""
"202100042453";"125Â 735";"A01";"1";"7";"0";"2";"4";"20";"1";""
"202100042454";"125Â 732";"B01";"2";"1";"0";"2";"5";"1";"5";""
"202100042454";"125Â 733";"A01";"1";"30";"0";"2";"1";"1";"3";""
"202100042455";"125Â 730";"A01";"1";"7";"0";"2";"1";"26";"1";""
"202100042455";"125Â 731";"B01";"2";"31";"0";"2";"2";"15";"1";""
"202100042456";"125Â 728";"B01";"2";"10";"0";"2";"1";"2";"1";""
"202100042456";"125Â 729";"A01";"1";"7";"0";"2";"7";"15";"1";""
"202100042457";"125Â 726";"A01";"1";"7";"0";"2";"0";"9";"1";""
"202100042457";"125Â 727";"B01";"2";"1";"0";"2";"0";"1";"5";""
"202100042458";"125Â 725";"A01";"2";"30";"11";"0";"8";"1";"1";""
"202100042459";"125Â 723";"A01";"0";"30";"0";"2";"0";"0";" -1";""
"202100042459";"125Â 724";"B01";"0";"7";"0";"2";"0";"0";" -1";""
"202100042460";"125Â 722";"A01";"0";"2";"6";"0";"1";"0";"1";""
"202100042461";"125Â 720";"A01";"2";"7";"0";"2";"8";"24";"1";""
"202100042461";"125Â 721";"B01";"2";"1";"1";"0";"1";"1";"5";""
"202100042462";"125Â 718";"A01";"3";"1";"0";"4";"7";"21";"5";""
"202100042462";"125Â 719";"B01";"3";"39";"0";"2";"3";"1";"3";""
"202100042463";"125Â 716";"B01";"2";"1";"0";"2";"7";"1";"5";""
"202100042463";"125Â 717";"Z01";"2";"7";"0";"0";"1";"15";"0";""
"202100042464";"125Â 715";"A01";"3";"7";"6";"0";"1";"1";"1";""
"202100042465";"125Â 713";"A01";"0";"50";"0";"0";"0";"0";"3";""
"202100042465";"125Â 714";"B01";"1";"7";"0";"2";"7";"1";"1";""
"202100042466";"125Â 712";"A01";"1";"2";"0";"0";"7";"1";"1";""
"202100042467";"125Â 710";"B01";"2";"50";"0";"2";"1";"1";"3";""
"202100042467";"125Â 711";"A01";"2";"7";"0";"2";"2";"16";"1";""
"202100042468";"125Â 708";"Z01";"1";"7";"0";"2";"1";"9";"1";""
"202100042468";"125Â 709";"B01";"1";"1";"0";"2";"1";"1";"5";""
"202100042469";"125Â 706";"B01";"3";"7";"0";"2";"0";"0";"1";""
"202100042469";"125Â 707";"A01";"3";"7";"0";"2";"7";"26";"1";""
"202100042470";"125Â 705";"A01";"2";"40";"0";"1";"1";"9";"3";""
"202100042471";"125Â 703";"A01";"3";"7";"0";"2";"1";"1";"1";""
"202100042471";"125Â 704";"B01";"3";"32";"0";"2";"1";"1";"1";""
"202100042472";"125Â 701";"A01";"3";"80";"0";"2";"3";"0";"3";""
"202100042472";"125Â 702";"B01";"3";"7";"0";"2";"3";"15";"1";""
"202100042473";"125Â 699";"A01";"3";"7";"0";"2";"7";"16";"1";""
"202100042473";"125Â 700";"B01";"3";"1";"0";"2";"0";"1";"5";""
"202100042474";"125Â 698";"A01";"1";"7";"0";"1";"1";"1";"1";""
"202100042475";"125Â 696";"A01";"1";"7";"0";"2";"2";"20";"1";""
"202100042475";"125Â 697";"B01";"1";"33";"0";"2";"8";"1";"1";""
"202100042476";"125Â 695";"A01";"1";"7";"0";"1";"2";"1";"1";""
"202100042477";"125Â 694";"A01";"3";"30";"14";"0";"1";"1";"1";""
"202100042478";"125Â 692";"B01";"3";"1";"0";"2";"8";"0";"0";""
"202100042478";"125Â 693";"A01";"3";"7";"0";"9";"1";"1";"1";""
"202100042479";"125Â 691";"A01";"0";"33";"0";"0";"8";"15";"1";""
"202100042480";"125Â 689";"B01";"1";"10";"0";"2";"2";"2";"1";""
"202100042480";"125Â 690";"A01";"1";"3";"0";"2";"6";"2";"1";""
"202100042481";"125Â 687";"B01";"2";"7";"0";"2";"1";"1";"0";""
"202100042481";"125Â 688";"A01";"2";"7";"0";"2";"4";"23";"0";""
"202100042482";"125Â 685";"B01";"2";"7";"0";"2";"3";"16";"1";""
"202100042482";"125Â 686";"A01";"2";"34";"0";"2";"7";"1";"1";""
"202100042483";"125Â 684";"A01";"1";"7";"0";"1";"3";"1";"1";""
"202100042484";"125Â 682";"B01";"1";"10";"0";"2";"1";"1";"1";""
"202100042484";"125Â 683";"A01";"1";"30";"0";"2";"1";"1";"1";""
"202100042485";"125Â 679";"Z01";"1";"31";"0";"2";"1";"2";"1";""
"202100042485";"125Â 680";"B01";"1";"7";"0";"2";"6";"23";"1";""
"202100042485";"125Â 681";"C01";"1";"33";"0";"2";"1";"1";"1";""
"202100042486";"125Â 677";"A01";"2";"7";"0";"2";"0";"20";"0";""
"202100042486";"125Â 678";"B01";"1";"2";"0";"2";"1";"2";"1";""
"202100042487";"125Â 675";"B01";"2";"37";"0";"2";"5";"1";"1";"2"
"202100042487";"125Â 676";"Z01";"3";"7";"0";"2";"1";"1";"1";""
"202100042488";"125Â 674";"Z01";"2";"7";"0";"1";"1";"16";"0";""
"202100042489";"125Â 672";"A01";"2";"10";"0";"2";"2";"1";"1";""
"202100042489";"125Â 673";"B01";"2";"10";"0";"2";"3";"0";"1";""
"202100042490";"125Â 670";"A01";"1";"7";"0";"2";"1";"15";"1";""
"202100042490";"125Â 671";"B01";"1";"7";"8";"2";"2";"1";"2";""
"202100042491";"125Â 669";"A01";"2";"33";"3";"0";"7";"1";"1";""
"202100042492";"125Â 666";"A01";"2";"7";"0";"2";"2";"10";"1";""
"202100042492";"125Â 667";"C01";"2";"7";"0";"0";"5";"24";"1";""
"202100042492";"125Â 668";"B01";"2";"33";"1";"0";"3";"1";"1";""
"202100042493";"125Â 664";"B01";"2";"32";"0";"2";"1";"18";"1";""
"202100042493";"125Â 665";"A01";"2";"33";"0";"2";"7";"16";"1";""
"202100042494";"125Â 662";"B01";"2";"1";"0";"2";"3";"1";"5";""
"202100042494";"125Â 663";"A01";"1";"10";"0";"2";"4";"4";"1";""
"202100042495";"125Â 661";"A01";"1";"30";"0";"1";"1";"1";"1";""
"202100042496";"125Â 660";"A01";"2";"14";"0";"1";"1";"1";"1";""
"202100042497";"125Â 658";"B01";"2";"7";"0";"2";"8";"15";"2";""
"202100042497";"125Â 659";"A01";"2";"34";"1";"2";"9";"17";"1";""
"202100042498";"125Â 657";"A01";"1";"32";"0";"0";"7";"16";"1";""
"202100042499";"125Â 654";"A01";"1";"34";"1";"2";"4";"2";"1";""
"202100042499";"125Â 655";"Z01";"1";"7";"0";"2";"4";"23";"0";""
"202100042499";"125Â 656";"B01";"1";"10";"0";"2";"5";"24";"1";""
"202100042500";"125Â 652";"A01";"1";"30";"0";"2";"8";"13";"1";""
"202100042500";"125Â 653";"Z01";"1";"7";"0";"2";"7";"1";"0";""
"202100042501";"125Â 650";"A01";"3";"33";"0";"2";"6";"18";"1";""
"202100042501";"125Â 651";"B01";"3";"10";"0";"2";"2";"1";"1";""
"202100042502";"125Â 648";"B01";"2";"7";"0";"2";"7";"1";"1";""
"202100042502";"125Â 649";"A01";"2";"30";"0";"2";"8";"13";"1";""
"202100042503";"125Â 646";"A01";"1";"7";"0";"2";"3";"15";"1";""
"202100042503";"125Â 647";"B01";"2";"33";"0";"2";"8";"1";"1";""
"202100042504";"125Â 645";"A01";"1";"34";"0";"1";"1";"1";"1";""
"202100042505";"125Â 643";"B01";"1";"32";"0";"2";"3";"1";"1";""
"202100042505";"125Â 644";"A01";"2";"10";"0";"2";"5";"4";"1";""
"202100042506";"125Â 640";"A01";"1";"7";"0";"2";"1";"2";"1";""
"202100042506";"125Â 641";"C01";"1";"7";"0";"2";"2";"2";"1";""
"202100042506";"125Â 642";"B01";"1";"30";"0";"2";"4";"23";"1";""
"202100042507";"125Â 639";"A01";"1";"1";"0";"0";"0";"1";"5";""
"202100042508";"125Â 637";"B01";"1";"1";"0";"2";"1";"1";"5";""
"202100042508";"125Â 638";"A01";"1";"7";"0";"2";"2";"16";"1";""
"202100042509";"125Â 635";"A01";"1";"7";"0";"2";"8";"1";"1";""
"202100042509";"125Â 636";"B01";"2";"1";"0";"2";"1";"1";"1";""