"Num_Acc";"id_vehicule";"num_veh";"senc";"catv";"obs";"obsm";"choc";"manv";"motor";"occutc"
"202100042510";"125Â 634";"A01";"1";"7";"14";"0";"1";"14";"1";""
"202100042511";"125Â 633";"A01";"2";"3";"0";"1";"7";"1";"1";""
"202100042512";"125Â 631";"B01";"2";"7";"0";"2";"7";"1";"1";""
"202100042512";"125Â 632";"A01";"2";"7";"0";"2";"1";"26";"1";""
"202100042513";"125Â 629";"B01";"1";"3";"14";"9";"3";"13";"1";""
"202100042513";"125Â 630";"A01";"2";"3";"0";"2";"3";"26";"1";""
"202100042514";"125Â 627";"A01";"1";"34";"0";"2";"2";"1";"1";""
"202100042514";"125Â 628";"B01";"2";"7";"0";"2";"3";"9";"1";""
"202100042515";"125Â 626";"A01";" -1";"37";"0";"1";"7";"9";"2";"1"
"202100042516";"125Â 624";"A01";"1";"30";"0";"2";"1";"18";"1";""
"202100042516";"125Â 625";"B01";"1";"7";"0";"2";"2";"16";"1";""
"202100042517";"125Â 622";"B01";"2";"2";"0";"2";"6";"15";"1";""
"202100042517";"125Â 623";"A01";"2";"7";"0";"2";"6";"15";"1";""
"202100042518";"125Â 620";"A01";"1";"7";"0";"2";"3";"13";"1";""
"202100042518";"125Â 621";"B01";"2";"38";"0";"2";"3";"21";"1";"1"
"202100042519";"125Â 619";"A01";"1";"7";"13";"0";"3";"1";"1";""
"202100042520";"125Â 618";"A01";"1";"7";"15";"0";"1";"13";"1";""
"202100042521";"125Â 616";"A01";"2";"33";"0";"2";"8";"15";"1";""
"202100042521";"125Â 617";"B01";"1";"7";"0";"0";"2";"2";"0";""
"202100042522";"125Â 615";"A01";"0";"2";"6";"9";"0";"13";"1";""
"202100042523";"125Â 613";"B01";"1";"1";"0";"0";"1";"1";"5";""
"202100042523";"125Â 614";"A01";"2";"21";"0";"0";"6";"1";"0";""
"202100042524";"125Â 611";"A01";"1";"14";"0";"0";"5";"15";"1";""
"202100042524";"125Â 612";"B01";"1";"10";"0";"2";"1";"13";"1";""
"202100042525";"125Â 610";"A01";"1";"7";"2";"0";"3";"0";"1";""
"202100042526";"125Â 609";"A01";"2";"7";"0";"1";"3";"1";"1";""
"202100042527";"125Â 608";"A01";"1";"1";"13";"0";"1";"19";"5";""
"202100042528";"125Â 606";"B01";"3";"1";"0";"2";"1";"19";"5";""
"202100042528";"125Â 607";"A01";"3";"7";"0";"2";"7";"1";"1";""
"202100042529";"125Â 605";"A01";"3";"2";"6";"0";"1";"13";"1";""
"202100042530";"125Â 604";"A01";"0";"3";"0";"1";"1";"1";"0";""
"202100042531";"125Â 602";"A01";"2";"7";"0";"0";"7";"15";"1";""
"202100042531";"125Â 603";"B01";"1";"1";"0";"2";"1";"1";"5";""
"202100042532";"125Â 600";"B01";"3";"7";"0";"2";"1";"19";"1";""
"202100042532";"125Â 601";"A01";"2";"7";"0";"2";"2";"1";"1";""
"202100042533";"125Â 598";"B01";"2";"10";"0";"2";"3";"1";"1";""
"202100042533";"125Â 599";"A01";"1";"2";"0";"2";"1";"1";"1";""
"202100042534";"125Â 596";"B01";"3";"2";"0";"2";"1";"1";"1";""
"202100042534";"125Â 597";"A01";"3";"7";"0";"2";"2";"19";"1";""
"202100042535";"125Â 594";"A01";"1";"7";"0";"2";"3";"13";"1";""
"202100042535";"125Â 595";"B01";"2";"7";"0";"2";"3";"1";"1";""
"202100042536";"125Â 593";"A01";"1";"7";"13";"0";"9";"17";"1";""
"202100042537";"125Â 592";"A01";"1";"1";"0";"0";"7";"2";"5";""
"202100042538";"125Â 591";"A01";"3";"7";"0";"0";"0";"1";"1";""
"202100042539";"125Â 589";"B01";"1";"7";"0";"2";"3";"1";"1";""
"202100042539";"125Â 590";"A01";"2";"21";"0";"2";"4";"1";"1";""
"202100042540";"125Â 588";"A01";"1";"7";"0";"1";"5";"15";"1";""
"202100042541";"125Â 586";"A01";"2";"7";"0";"2";"2";"15";"1";""
"202100042541";"125Â 587";"B01";"1";"33";"0";"2";"1";"1";"1";""
"202100042542";"125Â 584";"B01";"0";"7";"0";"0";"8";"24";"1";""
"202100042542";"125Â 585";"A01";"0";"7";"1";"0";"5";"4";"1";""
"202100042543";"125Â 582";"A01";"0";"7";"0";"2";"3";"15";"1";""
"202100042543";"125Â 583";"B01";"0";"2";"0";"2";"1";"17";"1";""
"202100042544";"125Â 580";"A01";"1";"10";"0";"9";"2";"20";"1";""
"202100042544";"125Â 581";"B01";"1";"1";"0";"2";"1";"0";"5";""
"202100042545";"125Â 579";"A01";"2";"17";"3";"0";"1";"1";"1";""
"202100042546";"125Â 578";"A01";"0";"33";"0";"0";"9";"26";"1";""
"202100042547";"125Â 577";"A01";"1";"17";"3";"0";"7";"14";"1";""
"202100042548";"125Â 575";"A01";"1";"10";"0";"2";"3";"11";"1";""
"202100042548";"125Â 576";"B01";"2";"15";"0";"2";"3";"1";"1";""
"202100042549";"125Â 573";"A01";"1";"7";"0";"0";"1";"17";"1";""
"202100042549";"125Â 574";"B01";"2";"7";"0";"0";"1";"0";"1";""
"202100042550";"125Â 571";"A01";"3";"7";"0";"0";"3";"15";"1";""
"202100042550";"125Â 572";"B01";"3";"31";"0";"0";"2";"17";"1";""
"202100042551";"125Â 569";"A01";"2";"7";"0";"2";"8";"9";"1";""
"202100042551";"125Â 570";"B01";"2";"1";"0";"2";"7";"1";"5";""
"202100042552";"125Â 568";"A01";"2";"7";"2";"0";"3";"1";"3";""
"202100042553";"125Â 567";"A01";"1";"10";"0";"1";"3";"1";"1";""
"202100042554";"125Â 565";"B01";"0";"2";"0";"2";"3";"2";"1";""
"202100042554";"125Â 566";"A01";"0";"7";"0";"2";"2";"17";"1";""
"202100042555";"125Â 564";"A01";"1";"1";"0";"0";"1";"18";"5";""
"202100042556";"125Â 561";"A01";"1";"7";"0";"0";"4";"2";"1";""
"202100042556";"125Â 562";"B01";"1";"7";"0";"2";"4";"2";"1";""
"202100042556";"125Â 563";"C01";"1";"10";"0";"2";"1";"2";"1";""
"202100042557";"125Â 557";"A01";"3";"7";"0";"2";"1";"1";"2";""
"202100042557";"125Â 558";"B01";"3";"1";"0";"2";"0";"9";"5";""
"202100042558";"125Â 555";"A01";"1";"21";"0";"2";"3";"15";"1";""
"202100042558";"125Â 556";"B01";"1";"2";"0";"2";"1";"17";"1";""
"202100042559";"125Â 553";"A01";"1";"33";"0";"2";"2";"1";"1";""
"202100042559";"125Â 554";"B01";"1";"7";"0";"2";"3";"19";"1";""
"202100042560";"125Â 551";"A01";"2";"7";"0";"9";"7";"17";"1";""
"202100042560";"125Â 552";"B01";"2";"1";"0";"2";"3";"1";"5";""
"202100042561";"125Â 550";"A01";"3";"99";"0";"1";"4";"4";"1";""
"202100042562";"125Â 548";"B01";"1";"7";"0";"0";"4";"1";"1";""
"202100042562";"125Â 549";"A01";"1";"7";"0";"2";"1";"1";"1";""
"202100042563";"125Â 546";"B01";"2";"7";"0";"2";"1";"2";"1";""
"202100042563";"125Â 547";"A01";"2";"10";"13";"2";"4";"1";"1";""
"202100042564";"125Â 544";"A01";"2";"14";"0";"2";"1";"2";"1";""
"202100042564";"125Â 545";"B01";"2";"15";"0";"2";"4";"1";"1";""
"202100042565";"125Â 543";"A01";"2";"33";"3";"0";"9";"2";"1";""
"202100042566";"125Â 541";"B01";"2";"7";"0";"2";"4";"2";"1";""
"202100042566";"125Â 542";"A01";"2";"7";"0";"2";"1";"2";"1";""
"202100042567";"125Â 539";"A01";"1";"10";"0";"2";"5";"14";"1";""
"202100042567";"125Â 540";"B01";"1";"33";"0";"2";"3";"3";"1";""
"202100042568";"125Â 536";"A01";"1";"7";"0";"2";"1";"2";"1";""
"202100042568";"125Â 537";"C01";"1";"7";"0";"2";"4";"2";"1";""
"202100042568";"125Â 538";"B01";"1";"7";"0";"2";"1";"2";"1";""
"202100042569";"125Â 534";"B01";"1";"33";"0";"2";"1";"1";"1";""
"202100042569";"125Â 535";"A01";"1";"7";"0";"2";"2";"12";"1";""
"202100042570";"125Â 530";"A01";"2";"7";"4";"2";"1";"5";"1";""
"202100042570";"125Â 531";"D01";"1";"10";"0";"2";"8";"1";"1";""
"202100042570";"125Â 532";"C01";"1";"10";"0";"2";"6";"12";"1";""
"202100042570";"125Â 533";"B01";"1";"7";"4";"2";"2";"17";"1";""
"202100042571";"125Â 528";"A01";"1";"7";"0";"2";"1";"13";"1";""
"202100042571";"125Â 529";"B01";"2";"7";"0";"2";"8";"1";"1";""
"202100042572";"125Â 526";"B01";"2";"7";"0";"2";"4";"23";"1";""
"202100042572";"125Â 527";"A01";"2";"7";"0";"2";"1";"23";"1";""
"202100042573";"125Â 524";"B01";"1";"30";"0";"0";"0";"2";"1";""
"202100042573";"125Â 525";"A01";"1";"10";"0";"0";"0";"18";"1";""
"202100042574";"125Â 523";"A01";"1";"7";"10";"0";"2";"14";"1";""
"202100042575";"125Â 521";"A01";"2";"7";"0";"2";"1";"1";"1";""
"202100042575";"125Â 522";"B01";"2";"60";"0";"2";"3";"19";"5";""
"202100042576";"125Â 519";"A01";"2";"33";"0";"2";"3";"13";"1";""
"202100042576";"125Â 520";"B01";"2";"7";"0";"2";"8";"1";"1";""
"202100042577";"125Â 518";"A01";"3";"7";"0";"1";"0";"26";"1";""
"202100042578";"125Â 516";"B01";"1";"7";"0";"2";"4";"0";"1";""
"202100042578";"125Â 517";"A01";"1";"7";"0";"2";"1";"0";"1";""
"202100042579";"125Â 514";"B01";"3";"10";"0";"2";"4";"9";"1";""
"202100042579";"125Â 515";"A01";"3";"7";"0";"2";"2";"14";"1";""
"202100042580";"125Â 513";"A01";"0";"7";"0";"1";"1";"19";"1";""
"202100042581";"125Â 511";"A01";"2";"7";"0";"2";"1";"15";"1";""
"202100042581";"125Â 512";"B01";"1";"33";"0";"2";"1";"1";"1";""
"202100042582";"125Â 509";"B01";"2";"60";"0";"2";"8";"7";"5";""
"202100042582";"125Â 510";"A01";"1";"20";"0";"2";"8";"1";"1";""
"202100042583";"125Â 507";"A01";"2";"7";"0";"2";"1";"1";"1";""
"202100042583";"125Â 508";"B01";"2";"7";"0";"2";"4";"1";"1";""
"202100042584";"125Â 504";"A01";"2";"50";"12";"1";"8";"13";"3";""
"202100042585";"125Â 502";"A01";"2";"2";"0";"2";"0";"1";"1";""
"202100042585";"125Â 503";"B01";"2";"2";"0";"2";"1";"1";"1";""
"202100042586";"125Â 500";"A01";"3";"31";"0";"2";"1";"1";"1";""
"202100042586";"125Â 501";"B01";"3";"7";"0";"2";"8";"15";"1";""
"202100042587";"125Â 499";"A01";"0";"32";"0";"1";"0";"0";"1";""
"202100042588";"125Â 497";"A01";"0";"7";"0";"2";"1";"15";"1";""
"202100042588";"125Â 498";"B01";"0";"7";"0";"2";"1";"1";"1";""
"202100042589";"125Â 495";"A01";"3";"7";"0";"2";"3";"15";"1";""
"202100042589";"125Â 496";"B01";"3";"33";"0";"2";"1";"1";"1";""
"202100042590";"125Â 493";"B01";"3";"7";"0";"2";"3";"15";"1";""
"202100042590";"125Â 494";"A01";"3";"33";"0";"2";"1";"17";"1";""
"202100042591";"125Â 492";"A01";"1";"7";"3";"0";"1";"13";"1";""
"202100042592";"125Â 490";"B01";"1";"7";"0";"2";"1";"1";"1";""
"202100042592";"125Â 491";"A01";"2";"7";"0";"2";"3";"1";"1";""
"202100042593";"125Â 488";"B01";"3";"7";"0";"2";"1";"1";"1";""
"202100042593";"125Â 489";"A01";"2";"7";"0";"2";"3";"15";"1";""
"202100042594";"125Â 486";"B01";"1";"7";"0";"2";"1";"1";"1";""
"202100042594";"125Â 487";"A01";"2";"2";"0";"2";"3";"1";"1";""
"202100042595";"125Â 484";"A01";"2";"7";"0";"2";"1";"1";"1";""
"202100042595";"125Â 485";"B01";"1";"1";"0";"2";"1";"13";"5";""
"202100042596";"125Â 483";"A01";"3";"31";"0";"0";"0";"9";"1";""
"202100042597";"125Â 481";"A01";"3";"31";"0";"2";"1";"2";"1";""
"202100042597";"125Â 482";"B01";"0";"1";"0";"0";"4";"15";"0";""
"202100042598";"125Â 480";"A01";"1";"32";"0";"0";"0";"0";"1";""
"202100042599";"125Â 478";"A01";"1";"1";"0";"1";"4";"25";"5";""
"202100042600";"125Â 476";"A01";"3";"7";"0";"9";"5";"16";"1";""
"202100042600";"125Â 477";"B01";"3";"1";"0";"0";"0";"0";"0";""
"202100042601";"125Â 474";"A01";"2";"7";"0";"2";"3";"1";"2";""
"202100042601";"125Â 475";"B01";"2";"1";"0";"2";"1";"1";"5";""
"202100042602";"125Â 472";"A01";"1";"7";"0";"2";"8";"15";"1";""
"202100042602";"125Â 473";"B01";"1";"33";"0";"2";"1";"17";"1";""
"202100042603";"125Â 470";"A01";"2";"7";"0";"2";"5";"16";"1";""
"202100042603";"125Â 471";"B01";"2";"1";"0";"2";"1";"1";"5";""
"202100042604";"125Â 469";"A01";"2";"7";"4";"0";"2";"14";"1";""
"202100042605";"125Â 467";"B01";"2";"34";"0";"2";"2";"17";"1";""
"202100042605";"125Â 468";"A01";"2";"7";"0";"2";"3";"10";"1";""
"202100042606";"125Â 465";"A01";"1";"7";"0";"2";"3";"1";"1";""
"202100042606";"125Â 466";"B01";"2";"1";"0";"2";"1";"1";"5";""
"202100042607";"125Â 463";"B01";"2";"7";"0";"2";"4";"2";"1";""
"202100042607";"125Â 464";"A01";"2";"7";"0";"2";"1";"2";"1";""
"202100042608";"125Â 461";"A01";"2";"7";"0";"9";"1";"15";"2";""
"202100042608";"125Â 462";"B01";"1";"60";"0";"2";"8";"1";"5";""
"202100042609";"125Â 459";"B01";"3";"7";"0";"2";"7";"1";"1";""
"202100042609";"125Â 460";"A01";"1";"7";"0";"2";"1";"1";"1";""
"202100042610";"125Â 458";"A01";"1";"32";"0";"1";"2";"19";"1";""
"202100042611";"125Â 457";"A01";"2";"7";"0";"1";"3";"1";"1";""
"202100042612";"125Â 456";"A01";"3";"1";"0";"0";"0";"1";"5";""
"202100042613";"125Â 455";"A01";"0";"1";"0";"0";"1";"1";"5";""
"202100042614";"125Â 454";"A01";"2";"32";"0";"0";"8";"16";"1";""
"202100042615";"125Â 452";"B01";"1";"7";"0";"2";"1";"2";"1";""
"202100042615";"125Â 453";"A01";"0";"43";"0";"2";"1";"2";"1";""
"202100042616";"125Â 450";"B01";"1";"7";"0";"2";"2";"15";"1";""
"202100042616";"125Â 451";"A01";"2";"7";"0";"2";"5";"1";"1";""
"202100042617";"125Â 446";"A01";"1";"7";"0";"2";"9";"13";"1";""
"202100042617";"125Â 447";"B01";"1";"43";"0";"2";"4";"1";"1";""
"202100042617";"125Â 448";"C01";"1";"7";"0";"2";"4";"1";"1";""
"202100042617";"125Â 449";"D01";"1";"7";"0";"2";"6";"1";"2";""
"202100042618";"125Â 444";"A01";"3";"7";"0";"2";"3";"1";"1";""
"202100042618";"125Â 445";"B01";"3";"2";"0";"2";"3";"1";"1";""
"202100042619";"125Â 443";"A01";"2";"33";"0";"0";"0";"1";"1";""
"202100042620";"125Â 441";"A01";"3";"33";"0";"2";"1";"17";"1";""
"202100042620";"125Â 442";"B01";"3";"7";"0";"2";"3";"15";"1";""
"202100042621";"125Â 440";"A01";"2";"7";"2";"0";"3";"1";"1";""
"202100042622";"125Â 439";"A01";"2";"7";"3";"6";"1";"21";"1";""
"202100042623";"125Â 438";"A01";"3";"2";"6";"0";"1";"26";"1";""
"202100042624";"125Â 435";"B01";"2";"33";"0";"2";"1";"11";"1";""
"202100042624";"125Â 436";"A01";"2";"7";"6";"2";"6";"15";"1";""
"202100042624";"125Â 437";"C01";"2";"33";"0";"2";"1";"1";"1";""
"202100042625";"125Â 433";"B01";"2";"31";"0";"2";"8";"1";"1";""
"202100042625";"125Â 434";"A01";"1";"7";"0";"2";"9";"1";"1";""
"202100042626";"125Â 431";"A01";"1";"7";"0";"2";"2";"1";"1";""
"202100042626";"125Â 432";"B01";"1";"1";"0";"0";"3";"1";"0";""
"202100042627";"125Â 429";"A01";"3";"7";"0";"2";"8";"10";"1";""
"202100042627";"125Â 430";"B01";"3";"33";"0";"2";"0";"0";"1";""
"202100042628";"125Â 428";"A01";"1";"14";"4";"0";"1";"1";"1";""
"202100042629";"125Â 427";"A01";"3";"36";"0";"0";"0";"26";"1";""
"202100042630";"125Â 425";"A01";"3";"7";"0";"2";"3";"1";"1";""
"202100042630";"125Â 426";"B01";"0";"1";"0";"2";"1";"15";" -1";""
"202100042631";"125Â 424";"A01";"1";"33";"7";"0";"1";"1";"1";""
"202100042632";"125Â 423";"A01";"1";"33";"6";"0";"1";"0";"1";""
"202100042633";"125Â 422";"A01";"2";"15";"0";"1";"1";"1";"1";""
"202100042634";"125Â 421";"A01";"2";"7";"15";"0";"1";"14";"1";""
"202100042635";"125Â 420";"A01";"1";"7";"8";"0";"9";"1";"1";""
"202100042636";"125Â 419";"A01";"1";"7";"13";"0";"1";"13";"1";""
"202100042637";"125Â 418";"A01";"2";"36";"0";"0";"3";"1";"1";""
"202100042638";"125Â 416";"A01";"1";"2";"0";"0";"0";"21";"1";""
"202100042638";"125Â 417";"B01";"2";"7";"0";"0";"0";"5";"0";""
"202100042639";"125Â 413";"C01";"0";"7";"14";"2";"6";"1";"0";""
"202100042639";"125Â 414";"B01";"0";"7";"0";"2";"4";"15";"0";""
"202100042639";"125Â 415";"A01";"0";"15";"0";"2";"3";"1";"0";""
"202100042640";"125Â 409";"B01";"2";"1";"0";"2";"3";"1";"5";""
"202100042640";"125Â 410";"A01";"2";"7";"0";"2";"8";"16";"1";""
"202100042641";"125Â 407";"B01";"1";"7";"0";"2";"1";"15";"1";""
"202100042641";"125Â 408";"A01";"2";"2";"0";"2";"1";"1";"1";""
"202100042642";"125Â 406";"A01";"1";"36";"0";"0";"0";"16";"1";""
"202100042643";"125Â 404";"B01";"3";"37";"0";"2";"6";"1";"1";"1"
"202100042643";"125Â 405";"A01";"3";"1";"11";"2";"8";"17";"5";""
"202100042644";"125Â 402";"B01";"2";"7";"0";"0";"8";"1";"1";""
"202100042644";"125Â 403";"A01";"1";"2";"0";"0";"8";"1";"1";""
"202100042645";"125Â 401";"A01";"2";"7";"13";"0";"1";"1";"1";""
"202100042646";"125Â 400";"A01";"2";"7";"4";"0";"3";"2";"1";""
"202100042647";"125Â 399";"A01";"1";"7";"1";"0";"2";"0";"1";""
"202100042648";"125Â 398";"A01";"3";"7";"5";"0";"1";"1";"1";""
"202100042649";"125Â 397";"A01";"0";"33";"0";"0";"8";"0";"1";""
"202100042650";"125Â 395";"A01";"1";"7";"0";"2";"1";"13";"1";""
"202100042650";"125Â 396";"B01";"2";"7";"0";"2";"1";"1";"1";""
"202100042651";"125Â 393";"B01";"1";"7";"0";"2";"3";"1";"1";""
"202100042651";"125Â 394";"A01";"2";"2";"0";"2";"1";"13";"1";""
"202100042652";"125Â 392";"A01";"1";"7";"8";"0";"1";"1";"1";""
"202100042653";"125Â 391";"A01";"2";"7";"2";"0";"7";"0";"1";""
"202100042654";"125Â 389";"A01";"2";"7";"0";"2";"6";"1";"3";""
"202100042654";"125Â 390";"B01";"2";"10";"0";"2";"2";"12";"1";""
"202100042655";"125Â 385";"D01";"1";"7";"1";"0";"1";"1";"1";""
"202100042655";"125Â 386";"C01";"1";"10";"1";"0";"3";"13";"1";""
"202100042655";"125Â 387";"B01";"1";"7";"0";"2";"0";"1";"1";""
"202100042655";"125Â 388";"A01";"1";"7";"4";"0";"2";"11";"1";""
"202100042656";"125Â 383";"A01";"1";"7";"0";"2";"1";"26";"1";""
"202100042656";"125Â 384";"B01";"1";"7";"0";"2";"4";"0";"1";""
"202100042657";"125Â 380";"C01";"2";"7";"0";"2";"4";"26";"1";""
"202100042657";"125Â 381";"A01";"2";"7";"0";"2";"1";"26";"1";""
"202100042657";"125Â 382";"B01";"2";"7";"0";"2";"4";"17";"1";""
"202100042658";"125Â 379";"A01";"2";"33";"3";"0";"0";"13";"1";""
"202100042659";"125Â 378";"A01";"2";"33";"0";"2";"1";"2";"1";""
"202100042660";"125Â 376";"A01";"2";"7";"0";"2";"8";"11";"1";""
"202100042660";"125Â 377";"B01";"2";"33";"0";"2";"7";"2";"1";""
"202100042661";"125Â 375";"A01";"1";"33";"4";"0";"3";"1";"1";""
"202100042662";"125Â 374";"A01";"2";"33";"3";"0";"3";"1";"1";""
"202100042663";"125Â 373";"A01";"2";"7";"8";"0";"4";"0";"1";""
"202100042664";"125Â 371";"A01";"1";"7";"0";"2";"1";"2";"1";""
"202100042664";"125Â 372";"B01";"1";"7";"0";"2";"4";"23";"1";""
"202100042665";"125Â 369";"B01";"1";"10";"0";"2";"3";"1";"1";""
"202100042665";"125Â 370";"A01";"2";"7";"0";"2";"2";"15";"1";""
"202100042666";"125Â 367";"A01";"1";"33";"0";"2";"1";"2";"1";""
"202100042666";"125Â 368";"B01";"1";"10";"0";"2";"4";"2";"1";""
"202100042667";"125Â 365";"Z01";"2";"7";"0";"2";"2";"1";"0";""
"202100042667";"125Â 366";"B01";"1";"2";"0";"2";"1";"1";"1";""
"202100042668";"125Â 363";"B01";"1";"7";"0";"2";"1";"1";"1";""
"202100042668";"125Â 364";"A01";"2";"50";"0";"2";"1";"5";"3";""
"202100042669";"125Â 361";"A01";"1";"31";"0";"2";"1";"26";"1";""
"202100042669";"125Â 362";"B01";"1";"7";"0";"2";"7";"1";"1";""
"202100042670";"125Â 359";"A01";"3";"7";"0";"2";"1";"5";"1";""
"202100042670";"125Â 360";"B01";"3";"7";"0";"2";"1";"1";"1";""
"202100042671";"125Â 358";"A01";"2";"7";"0";"1";"1";"26";"0";""
"202100042672";"125Â 356";"A01";"1";"32";"0";"2";"1";"21";"1";""
"202100042672";"125Â 357";"B01";"1";"7";"0";"2";"3";"15";"1";""
"202100042673";"125Â 355";"A01";"2";"7";"3";"0";"1";"21";"1";""
"202100042674";"125Â 353";"B01";"1";"7";"0";"2";"2";"2";"1";""
"202100042674";"125Â 354";"A01";"1";"30";"0";"2";"1";"2";"1";""
"202100042675";"125Â 351";"A01";"1";"33";"0";"2";"3";"21";"1";""
"202100042675";"125Â 352";"B01";"1";"33";"0";"2";"5";"26";"1";""
"202100042676";"125Â 349";"A01";"1";"33";"0";"2";"1";"1";"1";""
"202100042676";"125Â 350";"B01";"1";"7";"0";"2";"4";"23";"1";""
"202100042677";"125Â 347";"A01";"0";"7";"0";"1";"2";"1";"1";""
"202100042678";"125Â 345";"A01";"3";"7";"0";"1";"2";"1";"1";""
"202100042679";"125Â 344";"A01";"2";"7";"8";"0";"1";"21";"1";""
"202100042680";"125Â 343";"A01";"0";"33";"14";"0";"1";"1";"1";""
"202100042681";"125Â 342";"A01";"1";"7";"2";"0";"6";"13";"1";""
"202100042682";"125Â 337";"A01";"3";"30";"0";"2";"3";"14";"1";""
"202100042682";"125Â 338";"B01";"3";"7";"0";"2";"2";"0";"1";""
"202100042683";"125Â 336";"A01";"3";"34";"0";"0";"0";"9";"1";""
"202100042684";"125Â 334";"B01";"1";"7";"0";"9";"8";"1";"1";""
"202100042684";"125Â 335";"A01";"1";"1";"0";"2";"7";"1";"5";""
"202100042685";"125Â 332";"A01";"1";"7";"0";"2";"1";"1";"1";""
"202100042685";"125Â 333";"B01";"1";"7";"0";"2";"1";"1";"1";""
"202100042686";"125Â 331";"A01";"3";"7";"0";"1";"2";"21";"1";""
"202100042687";"125Â 330";"A01";"3";"7";"0";"1";"0";"26";"0";""
"202100042688";"125Â 328";"B01";"3";"7";"0";"2";"6";"15";"1";""
"202100042688";"125Â 329";"A01";"3";"33";"0";"2";"1";"17";"1";""
"202100042689";"125Â 327";"A01";"1";"32";"0";"0";"3";"0";"1";""
"202100042690";"125Â 325";"B01";"1";"2";"0";"2";"4";"1";"1";""
"202100042690";"125Â 326";"Z01";"1";"7";"0";"2";"1";"2";"1";""
"202100042691";"125Â 323";"B01";"2";"34";"0";"2";"1";"1";"1";""
"202100042691";"125Â 324";"A01";"1";"7";"0";"2";"7";"19";"1";""
"202100042692";"125Â 322";"A01";"2";"7";"0";"1";"1";"1";"1";""
"202100042693";"125Â 321";"A01";"3";"7";"13";"0";"2";"14";"1";""
"202100042694";"125Â 317";"ZZ01";"1";"7";"0";"2";"1";"2";"1";""
"202100042694";"125Â 318";"D01";"1";"7";"0";"2";"4";"2";"1";""
"202100042694";"125Â 319";"C01";"1";"7";"0";"2";"4";"2";"1";""
"202100042694";"125Â 320";"Z01";"1";"7";"0";"2";"1";"2";"1";""
"202100042695";"125Â 315";"A01";"3";"30";"0";"2";"1";"5";"1";""
"202100042695";"125Â 316";"B01";"3";"7";"0";"2";"1";"1";"1";""
"202100042696";"125Â 313";"B01";"2";"32";"0";"2";"1";"1";"1";""
"202100042696";"125Â 314";"A01";"1";"7";"0";"2";"1";"15";"1";""
"202100042697";"125Â 312";"A01";"1";"7";"1";"0";"1";"14";"1";""
"202100042698";"125Â 310";"B01";"1";"32";"0";"2";"2";"1";"1";""
"202100042698";"125Â 311";"A01";"2";"7";"0";"2";"8";"9";"1";""
"202100042699";"125Â 307";"B01";"1";"1";"0";"2";"5";"2";"5";""
"202100042699";"125Â 308";"A01";"1";"1";"0";"2";"1";"2";"5";""
"202100042699";"125Â 309";"C01";"1";"1";"0";"2";"1";"2";"5";""
"202100042700";"125Â 305";"A01";"3";"14";"0";"2";"2";"1";"1";""
"202100042700";"125Â 306";"B01";"3";"1";"0";"2";"8";"18";"5";""
"202100042701";"125Â 304";"A01";"3";"7";"0";"1";"7";"4";"1";""
"202100042702";"125Â 302";"B01";"1";"33";"0";"2";"1";"1";"1";""
"202100042702";"125Â 303";"A01";"1";"7";"0";"2";"2";"15";"1";""
"202100042703";"125Â 300";"B01";"3";"1";"0";"2";"2";"1";"5";""
"202100042703";"125Â 301";"A01";"3";"7";"0";"2";"3";"9";"1";""
"202100042704";"125Â 298";"B01";"1";"1";"0";"2";"8";"19";"5";""
"202100042704";"125Â 299";"A01";"1";"1";"0";"2";"1";"1";"5";""
"202100042705";"125Â 296";"A01";"1";"7";"0";"2";"7";"15";"1";""
"202100042705";"125Â 297";"B01";"2";"1";"0";"2";"1";"1";"5";""
"202100042706";"125Â 294";"B01";"1";"10";"0";"2";"3";"15";"1";""
"202100042706";"125Â 295";"A01";"1";"31";"0";"2";"7";"17";"1";""
"202100042707";"125Â 292";"A01";"2";"32";"0";"2";"1";"1";"1";""
"202100042707";"125Â 293";"B01";"2";"7";"0";"2";"4";"16";"1";""
"202100042708";"125Â 290";"A01";"1";"7";"0";"2";"4";"1";"3";""
"202100042708";"125Â 291";"B01";"1";"1";"0";"2";"4";"12";"5";""
"202100042709";"125Â 289";"A01";"0";"7";"1";"0";"2";"1";"3";""
"202100042710";"125Â 288";"A01";"1";"7";"0";"1";"1";"15";"1";""
"202100042711";"125Â 287";"A01";"3";"7";"4";"0";"2";"0";"1";""
"202100042712";"125Â 286";"A01";"3";"30";"15";"0";"0";"0";"1";""
"202100042713";"125Â 285";"A01";"1";"7";"0";"1";"3";"16";"1";""
"202100042714";"125Â 283";"A01";"3";"32";"0";"2";"1";"26";"1";""
"202100042714";"125Â 284";"B01";"1";"7";"0";"2";"4";"26";"1";""
"202100042715";"125Â 279";"C01";"1";"7";"0";"0";"0";"0";"1";""
"202100042715";"125Â 280";"B01";"1";"7";"0";"0";"0";"0";"1";""
"202100042715";"125Â 281";"A01";"1";"10";"0";"0";"0";"0";"0";""
"202100042715";"125Â 282";"D01";"1";"7";"0";"0";"0";"0";"1";""
"202100042716";"125Â 278";"A01";"1";"20";"0";"1";"2";"15";"0";""
"202100042717";"125Â 277";"A01";"1";"7";"1";"0";"2";"17";"1";""
"202100042718";"125Â 276";"A01";"1";"7";"0";"2";"1";"1";"1";""