"Num_Acc";"id_vehicule";"num_veh";"senc";"catv";"obs";"obsm";"choc";"manv";"motor";"occutc"
"202100042719";"125Â 274";"A01";"3";"7";"0";"2";"1";"2";"1";""
"202100042719";"125Â 275";"B01";"3";"7";"0";"2";"4";"1";"1";""
"202100042720";"125Â 272";"A01";"0";"7";"0";"2";"3";"20";"1";""
"202100042720";"125Â 273";"B01";"0";"7";"0";"2";"2";"1";"1";""
"202100042721";"125Â 271";"A01";"1";"30";"7";"0";"1";"1";"1";""
"202100042722";"125Â 270";"A01";"1";"50";"0";"0";"0";"1";"3";""
"202100042723";"125Â 268";"B01";"3";"33";"0";"2";"2";"1";"1";""
"202100042723";"125Â 269";"A01";"3";"7";"0";"2";"1";"23";"1";""
"202100042724";"125Â 266";"B01";"1";"7";"0";"2";"4";"1";"1";""
"202100042724";"125Â 267";"A01";"1";"7";"0";"2";"1";"2";"1";""
"202100042725";"125Â 265";"A01";"1";"7";"0";"1";"5";"4";"1";""
"202100042726";"125Â 263";"A01";"1";"36";"1";"0";"1";"1";"6";""
"202100042726";"125Â 264";"B01";"0";"7";"0";"2";"7";"23";"0";""
"202100042727";"125Â 262";"A01";"1";"33";"6";"0";"1";"1";"1";""
"202100042728";"125Â 261";"A01";"1";"7";"0";"0";"9";"21";"1";""
"202100042729";"125Â 259";"A01";"2";"7";"0";"2";"2";"2";"1";""
"202100042729";"125Â 260";"B01";"2";"1";"0";"0";"4";"2";"5";""
"202100042730";"125Â 258";"A01";"1";"33";"6";"0";"1";"1";"6";""
"202100042731";"125Â 257";"A01";"2";"33";"13";"0";"1";"1";"1";""
"202100042732";"125Â 255";"A01";"0";"10";"0";"2";"3";"1";"1";""
"202100042732";"125Â 256";"B01";"0";"7";"15";"2";"7";"1";"1";""
"202100042733";"125Â 253";"B01";"1";"7";"0";"2";"3";"13";"1";""
"202100042733";"125Â 254";"A01";"2";"7";"0";"2";"3";"1";"1";""
"202100042734";"125Â 251";"A01";"1";"7";"0";"9";"1";"1";"1";""
"202100042734";"125Â 252";"B01";"0";"1";"0";"2";"1";"0";"5";""
"202100042735";"125Â 249";"B01";"2";"31";"0";"2";"3";"1";"1";""
"202100042735";"125Â 250";"A01";"1";"7";"0";"2";"3";"17";"0";""
"202100042736";"125Â 247";"A01";"3";"31";"0";"2";"1";"19";"0";""
"202100042736";"125Â 248";"B01";"0";"7";"0";"2";"2";"1";"0";""
"202100042737";"125Â 244";"A01";"3";"7";"0";"0";"9";"1";"1";""
"202100042738";"125Â 243";"A01";"2";"7";"2";"0";"1";"1";"1";""
"202100042739";"125Â 241";"B01";"3";"2";"0";"2";"1";"1";"1";""
"202100042739";"125Â 242";"A01";"1";"7";"0";"2";"3";"15";"1";""
"202100042740";"125Â 240";"A01";"3";"10";"0";"1";"2";"20";"0";""
"202100042741";"125Â 239";"A01";"1";"7";"2";"0";"3";"1";"1";""
"202100042742";"125Â 238";"A01";"2";"7";"3";"0";"1";"14";"1";""
"202100042743";"125Â 236";"A01";"3";"33";"0";"2";"1";"5";"1";""
"202100042743";"125Â 237";"B01";"3";"7";"0";"2";"1";"1";"1";""
"202100042744";"125Â 234";"A01";"1";"2";"0";"2";"4";"1";"1";""
"202100042744";"125Â 235";"B01";"2";"7";"0";"2";"3";"1";"1";""
"202100042745";"125Â 233";"A01";"1";"7";"0";"1";"2";"1";"1";""
"202100042746";"125Â 232";"A01";"2";"33";"3";"0";"3";"0";"1";""
"202100042747";"125Â 231";"A01";"1";"34";"6";"0";"1";"1";"1";""
"202100042748";"125Â 229";"A01";"1";"7";"13";"2";"2";"16";"1";""
"202100042748";"125Â 230";"B01";"2";"7";"0";"2";"1";"1";"1";""
"202100042749";"125Â 227";"B01";"2";"21";"0";"2";"3";"15";"1";""
"202100042749";"125Â 228";"A01";"1";"33";"0";"2";"3";"1";"1";""
"202100042750";"125Â 226";"A01";"0";"32";"0";"0";"2";"0";"1";""
"202100042751";"125Â 225";"A01";"1";"7";"8";"0";"1";"14";"1";""
"202100042752";"125Â 224";"A01";"3";"2";"17";"0";"1";"0";"1";""
"202100042753";"125Â 223";"A01";"2";"31";"0";"0";"0";"0";"1";""
"202100042754";"125Â 221";"B01";"2";"7";"0";"2";"3";"2";"1";""
"202100042754";"125Â 222";"A01";"2";"2";"0";"0";"8";"0";"1";""
"202100042755";"125Â 220";"A01";"2";"32";"0";"1";"1";"1";"1";""
"202100042756";"125Â 219";"A01";"2";"33";"0";"0";"0";"1";"1";""
"202100042757";"125Â 218";"A01";"0";"33";"1";"0";"1";"1";"1";""
"202100042758";"125Â 216";"B01";"1";"7";"0";"2";"3";"1";"1";""
"202100042758";"125Â 217";"A01";"2";"7";"0";"2";"3";"13";"1";""
"202100042759";"125Â 215";"A01";"1";"7";"8";"0";"3";"13";"1";""
"202100042760";"125Â 214";"A01";"1";"7";"2";"0";"3";"1";"1";""
"202100042761";"125Â 212";"A01";"1";"33";"15";"0";"3";"17";"1";""
"202100042762";"125Â 210";"A01";"2";"7";"2";"0";"7";"13";"1";""
"202100042763";"125Â 208";"A01";"1";"33";"0";"2";"1";"2";"1";""
"202100042763";"125Â 209";"B01";"1";"10";"0";"0";"7";"16";"1";""
"202100042764";"125Â 206";"A01";"1";"7";"3";"0";"9";"1";"1";""
"202100042765";"125Â 204";"A01";"1";"7";"5";"2";"5";"19";"1";""
"202100042765";"125Â 205";"B01";"1";"7";"5";"2";"1";"1";"1";""
"202100042766";"125Â 203";"A01";"2";"10";"0";"1";"2";"1";"1";""
"202100042767";"125Â 202";"A01";"3";"7";"13";"0";"2";"14";"1";""
"202100042768";"125Â 201";"A01";"1";"7";"3";"0";"2";"1";"0";""
"202100042769";"125Â 199";"B01";"3";"7";"0";"2";"8";"1";"1";""
"202100042769";"125Â 200";"A01";"3";"33";"0";"2";"8";"13";"1";""
"202100042770";"125Â 197";"B01";"3";"7";"8";"0";"6";"23";"1";""
"202100042770";"125Â 198";"A01";"3";"7";"1";"0";"2";"1";"1";""
"202100042771";"125Â 195";"B01";"2";"7";"0";"2";"2";"1";"1";""
"202100042771";"125Â 196";"A01";"1";"10";"0";"2";"0";"13";"1";""
"202100042772";"125Â 193";"B01";"2";"10";"0";"2";"8";"1";"1";""
"202100042772";"125Â 194";"A01";"1";"2";"0";"2";"3";"1";"1";""
"202100042773";"125Â 192";"A01";"1";"7";"0";"0";"0";"12";"1";""
"202100042774";"125Â 190";"B01";"1";"33";"0";"2";"1";"2";"1";""
"202100042774";"125Â 191";"A01";"1";"7";"0";"2";"2";"15";"1";""
"202100042775";"125Â 189";"A01";"1";"2";"0";"0";"0";"1";"1";""
"202100042776";"125Â 188";"A01";"1";"2";"12";"0";"1";"1";"1";""
"202100042777";"125Â 187";"A01";"2";"33";"0";"1";"7";"17";"1";""
"202100042778";"125Â 185";"B01";"1";"7";"0";"2";"3";"1";"1";""
"202100042778";"125Â 186";"A01";"2";"7";"0";"2";"3";"13";"1";""
"202100042779";"125Â 183";"A01";"1";"33";"0";"2";"8";"10";"1";""
"202100042779";"125Â 184";"B01";"1";"33";"0";"2";"1";"1";"1";""
"202100042780";"125Â 182";"A01";"1";"33";"12";"0";"7";"1";"1";""
"202100042781";"125Â 181";"A01";"2";"36";"13";"0";"2";"1";"1";""
"202100042782";"125Â 180";"A01";"2";"33";"15";"0";"9";"1";"1";""
"202100042783";"125Â 178";"B01";"0";"1";"0";"2";"1";"9";"5";""
"202100042783";"125Â 179";"A01";"3";"7";"0";"9";"3";"1";"1";""
"202100042784";"125Â 177";"A01";"0";"7";"13";"0";"1";"1";"1";""
"202100042785";"125Â 176";"A01";"2";"33";"6";"0";"1";"14";"1";""
"202100042786";"125Â 175";"A01";"1";"30";"8";"0";"1";"10";"1";""
"202100042787";"125Â 174";"A01";"1";"33";"13";"0";"1";"1";"1";""
"202100042788";"125Â 173";"A01";"3";"33";"2";"0";"1";"0";"1";""
"202100042789";"125Â 172";"A01";"3";"31";"0";"0";"0";"17";"1";""
"202100042790";"125Â 171";"A01";"3";"33";"0";"0";"0";"0";"1";""
"202100042791";"125Â 169";"A01";"2";"7";"0";"2";"2";"17";"1";""
"202100042791";"125Â 170";"B01";"2";"1";"0";"0";"4";"1";"5";""
"202100042792";"125Â 168";"A01";"1";"7";"9";"0";"1";"12";"1";""
"202100042793";"125Â 167";"A01";"2";"7";"6";"0";"1";"1";"1";""
"202100042794";"125Â 165";"B01";"1";"7";"0";"2";"1";"19";"1";""
"202100042794";"125Â 166";"A01";"1";"7";"0";"2";"1";"1";"1";""
"202100042795";"125Â 164";"A01";"2";"7";"0";"0";"1";"1";"1";""
"202100042796";"125Â 162";"B01";"2";"7";"0";"2";"1";"2";"1";""
"202100042796";"125Â 163";"A01";"2";"7";"0";"2";"4";"2";"1";""
"202100042797";"125Â 161";"A01";"2";"7";"3";"0";"1";"14";"1";""
"202100042798";"125Â 159";"A01";"2";"7";"0";"2";"1";"1";"1";""
"202100042798";"125Â 160";"B01";"2";"7";"0";"2";"4";"1";"1";""
"202100042799";"125Â 155";"D01";"1";"7";"0";"2";"1";"1";"1";""
"202100042799";"125Â 156";"C01";"1";"10";"0";"2";"4";"1";"1";""
"202100042799";"125Â 157";"B01";"1";"10";"0";"2";"4";"1";"1";""
"202100042799";"125Â 158";"A01";"1";"7";"0";"2";"4";"1";"1";""
"202100042800";"125Â 153";"B01";"2";"2";"0";"2";"4";"1";"1";""
"202100042800";"125Â 154";"A01";"2";"7";"0";"2";"1";"1";"1";""
"202100042801";"125Â 152";"A01";"2";"33";"0";"0";"7";"9";"1";""
"202100042802";"125Â 151";"A01";"3";"33";"0";"1";"7";"0";"0";""
"202100042803";"125Â 149";"A01";"1";"7";"0";"2";"3";"13";"1";""
"202100042803";"125Â 150";"B01";"2";"2";"0";"2";"1";"2";"1";""
"202100042804";"125Â 148";"A01";"1";"32";"0";"0";"8";"1";"1";""
"202100042805";"125Â 146";"B01";"1";"2";"0";"2";"1";"16";"1";""
"202100042805";"125Â 147";"A01";"1";"7";"0";"9";"8";"1";"1";""
"202100042806";"125Â 144";"B01";"1";"2";"0";"2";"1";"1";"1";""
"202100042806";"125Â 145";"A01";"1";"7";"0";"2";"7";"15";"1";""
"202100042807";"125Â 143";"A01";"3";"99";"13";"0";"1";"26";"1";""
"202100042808";"125Â 141";"B01";"3";"1";"0";"2";"1";"1";"5";""
"202100042808";"125Â 142";"A01";"3";"7";"0";"2";"2";"15";"1";""
"202100042809";"125Â 139";"A01";"2";"7";"0";"2";"3";"15";"1";""
"202100042809";"125Â 140";"B01";"1";"1";"0";"2";"3";"1";"5";""
"202100042810";"125Â 137";"A01";"1";"10";"0";"2";"5";"2";"1";""
"202100042810";"125Â 138";"B01";"1";"32";"0";"2";"7";"2";"1";""
"202100042811";"125Â 135";"A01";"3";"7";"1";"2";"1";"26";"1";""
"202100042811";"125Â 136";"B01";"3";"7";"0";"2";"8";"1";"1";""
"202100042812";"125Â 133";"A01";"2";"2";"0";"2";"1";"5";"1";""
"202100042812";"125Â 134";"B01";"1";"7";"0";"2";"3";"1";"1";""
"202100042813";"125Â 131";"A01";"1";"30";"0";"2";"1";"1";"1";""
"202100042813";"125Â 132";"B01";"3";"7";"0";"2";"2";"1";"1";""
"202100042814";"125Â 129";"B01";"1";"7";"0";"2";"4";"2";"1";""
"202100042814";"125Â 130";"A01";"1";"43";"0";"2";"1";"2";"1";""
"202100042815";"125Â 128";"A01";"1";"33";"16";"2";"0";"21";"1";""
"202100042816";"125Â 127";"A01";"1";"7";"0";"1";"7";"1";"1";""
"202100042817";"125Â 126";"A01";"3";"1";"0";"1";"7";"0";"5";""
"202100042818";"125Â 124";"A01";"2";"7";"0";"2";"3";"26";"1";""
"202100042818";"125Â 125";"B01";"2";"2";"0";"2";"7";"12";"1";""
"202100042819";"125Â 123";"A01";"3";"39";"0";"1";"3";"1";"3";""
"202100042820";"125Â 122";"A01";"2";"1";"0";"0";"0";"1";"6";""
"202100042821";"125Â 121";"Z01";"2";"7";"9";"1";"1";"14";"1";""
"202100042822";"125Â 119";"B01";"1";"7";"0";"2";"8";"15";"1";""
"202100042822";"125Â 120";"A01";"1";"33";"0";"2";"1";"17";"1";""
"202100042823";"125Â 117";"B01";"1";"34";"0";"2";"7";"1";"1";""
"202100042823";"125Â 118";"A01";"3";"7";"0";"2";"3";"9";"1";""
"202100042824";"125Â 115";"B01";"0";"7";"0";"2";"1";"1";"1";""
"202100042824";"125Â 116";"A01";"0";"30";"0";"2";"1";"5";"1";""
"202100042825";"125Â 114";"A01";"0";"7";"0";"1";"3";"1";"1";""
"202100042826";"125Â 112";"A01";"3";"7";"0";"2";"3";"15";"1";""
"202100042826";"125Â 113";"B01";"1";"1";"0";"2";"1";"1";"5";""
"202100042827";"125Â 110";"B01";"1";"7";"0";"2";"5";"2";"1";""
"202100042827";"125Â 111";"A01";"1";"33";"0";"2";"1";"2";"1";""
"202100042828";"125Â 108";"B01";"0";"7";"0";"2";"2";"0";"1";""
"202100042828";"125Â 109";"A01";"0";"33";"0";"2";"1";"0";"1";""
"202100042829";"125Â 106";"A01";"0";"31";"0";"2";"6";"23";"1";""
"202100042829";"125Â 107";"B01";"0";"15";"0";"2";"1";"0";"1";""
"202100042830";"125Â 105";"A01";"0";"7";"2";"0";"1";"1";"1";""
"202100042831";"125Â 104";"A01";"0";"32";"8";"0";"2";"13";"1";""
"202100042832";"125Â 103";"A01";"3";"33";"12";"0";"1";"0";"1";""
"202100042833";"125Â 102";"A01";"2";"7";"0";"0";"2";"0";"0";""
"202100042834";"125Â 100";"B01";"1";"1";"0";"2";"3";"1";"5";""
"202100042834";"125Â 101";"A01";"1";"32";"0";"2";"2";"9";"1";""
"202100042835";"125Â 098";"A01";"2";"31";"0";"2";"1";"19";"1";""
"202100042835";"125Â 099";"B01";"1";"7";"0";"2";"3";"19";"1";""
"202100042836";"125Â 096";"A01";"1";"7";"0";"2";"3";"13";"1";""
"202100042836";"125Â 097";"B01";"2";"7";"0";"2";"3";"1";"1";""
"202100042837";"125Â 094";"B01";"2";"32";"0";"9";"1";"1";"1";""
"202100042837";"125Â 095";"A01";"2";"1";"0";"2";"8";"15";"5";""
"202100042838";"125Â 092";"A01";"1";"7";"0";"2";"3";"10";"1";""
"202100042838";"125Â 093";"B01";"1";"1";"0";"2";"3";"2";"0";""
"202100042839";"125Â 091";"A01";"1";"7";"0";"1";"1";"1";"1";""
"202100042840";"125Â 090";"A01";"1";"30";"0";"1";"1";"1";"1";""
"202100042841";"125Â 088";"B01";"2";"40";"0";"2";"1";"1";"3";""
"202100042841";"125Â 089";"A01";"1";"7";"0";"4";"5";"1";"1";""
"202100042842";"125Â 086";"B01";"2";"13";"0";"2";"1";"15";"1";""
"202100042842";"125Â 087";"A01";"1";"7";"0";"2";"3";"15";"1";""
"202100042843";"125Â 084";"B01";"2";"7";"0";"2";"8";"1";"1";""
"202100042843";"125Â 085";"A01";"1";"7";"11";"2";"3";"13";"1";""
"202100042844";"125Â 083";"A01";"1";"10";"0";"1";"7";"1";"1";""
"202100042845";"125Â 082";"A01";"1";"7";"0";"1";"3";"15";"1";""
"202100042846";"125Â 080";"Z01";"2";"7";"0";"0";"0";"0";"0";""
"202100042846";"125Â 081";"A01";"1";"50";"0";"2";"1";"1";"3";""
"202100042847";"125Â 078";"B01";"2";"30";"0";"2";"1";"1";"1";""
"202100042847";"125Â 079";"A01";"1";"7";"0";"2";"3";"15";"1";""
"202100042848";"125Â 077";"A01";"1";"7";"1";"0";"2";"14";"1";""
"202100042849";"125Â 075";"A01";"2";"7";"0";"2";"2";"15";"1";""
"202100042849";"125Â 076";"B01";"1";"1";"0";"2";"1";"1";"5";""
"202100042850";"125Â 073";"B01";"2";"1";"0";"2";"7";"1";"5";""
"202100042850";"125Â 074";"A01";"2";"7";"0";"2";"3";"9";"1";""
"202100042851";"125Â 071";"B01";"1";"1";"0";"2";"8";"1";"5";""
"202100042851";"125Â 072";"Z01";"1";"7";"0";"0";"0";"0";"1";""
"202100042852";"125Â 069";"A01";"1";"7";"0";"2";"1";"1";"1";""
"202100042852";"125Â 070";"B01";"2";"7";"0";"2";"3";"15";"1";""
"202100042853";"125Â 067";"A01";"3";"7";"0";"9";"1";"0";"1";""
"202100042853";"125Â 068";"B01";"3";"1";"0";"2";"5";"2";"5";""
"202100042854";"125Â 065";"A01";"1";"7";"0";"2";"6";"15";"1";""
"202100042854";"125Â 066";"B01";"1";"33";"0";"2";"1";"17";"1";""
"202100042855";"125Â 063";"B01";"2";"1";"0";"2";"1";"5";"5";""
"202100042855";"125Â 064";"A01";"1";"7";"0";"2";"1";"1";"1";""
"202100042856";"125Â 061";"A01";"1";"7";"0";"2";"8";"9";"1";""
"202100042856";"125Â 062";"B01";"1";"33";"0";"2";"1";"1";"1";""
"202100042857";"125Â 059";"B01";"2";"7";"0";"0";"5";"2";"1";""
"202100042857";"125Â 060";"A01";"2";"2";"0";"2";"1";"2";"1";""
"202100042858";"125Â 058";"A01";"3";"31";"8";"0";"0";"26";"0";""
"202100042859";"125Â 057";"A01";"1";"7";"0";"1";"1";"1";"1";""
"202100042860";"125Â 055";"A01";"1";"7";"0";"2";"8";"10";"0";""
"202100042860";"125Â 056";"B01";"0";"33";"0";"2";"1";"1";"1";""
"202100042861";"125Â 053";"B01";"1";"7";"0";"2";"3";"17";"1";""
"202100042861";"125Â 054";"A01";"1";"7";"0";"2";"2";"17";"1";""
"202100042862";"125Â 052";"A01";"3";"30";"0";"0";"0";"15";"0";""
"202100042863";"125Â 050";"B01";"3";"32";"0";"2";"1";"2";"0";""
"202100042863";"125Â 051";"A01";"3";"7";"0";"2";"3";"11";"0";""
"202100042864";"125Â 047";"Z01";"2";"7";"0";"2";"2";"5";"1";""
"202100042864";"125Â 048";"B01";"1";"7";"0";"2";"0";"0";"1";""
"202100042864";"125Â 049";"C01";"1";"10";"0";"2";"0";"0";"1";""
"202100042865";"125Â 045";"B01";"2";"7";"0";"2";"4";"1";"1";""
"202100042865";"125Â 046";"A01";"2";"7";"0";"2";"1";"2";"1";""
"202100042866";"125Â 044";"A01";"0";"7";"1";"0";"9";"26";"1";""
"202100042867";"125Â 042";"B01";"1";"7";"0";"2";"3";"15";"1";""
"202100042867";"125Â 043";"A01";"1";"2";"0";"2";"7";"17";"1";""
"202100042868";"125Â 040";"B01";"1";"33";"0";"2";"4";"1";"1";""
"202100042868";"125Â 041";"A01";"1";"7";"0";"9";"2";"1";"1";""
"202100042869";"125Â 039";"A01";"3";"7";"0";"1";"1";"16";"1";""
"202100042870";"125Â 037";"B01";"2";"2";"0";"2";"3";"1";"1";""
"202100042870";"125Â 038";"A01";"1";"17";"0";"2";"3";"15";"1";""
"202100042871";"125Â 036";"A01";"1";"30";"0";"0";"1";"26";"1";""
"202100042872";"125Â 034";"A01";"1";"7";"0";"2";"0";"0";"1";""
"202100042872";"125Â 035";"B01";"1";"2";"0";"2";"0";"0";"1";""
"202100042873";"125Â 031";"A01";"1";"33";"0";"2";"1";"1";"1";""
"202100042873";"125Â 032";"B01";"2";"7";"0";"2";"3";"23";"0";""
"202100042873";"125Â 033";"C01";"2";"7";"0";"2";"6";"23";"0";""
"202100042874";"125Â 030";"Z01";"3";"32";"0";"1";"1";"2";"0";""
"202100042875";"125Â 029";"A01";"3";"31";"0";"0";"8";"1";"1";""
"202100042876";"125Â 027";"B01";"3";"33";"0";"2";"7";"1";"1";""
"202100042876";"125Â 028";"A01";"3";"7";"0";"2";"2";"9";"1";""
"202100042877";"125Â 026";"A01";"2";"7";"0";"1";"0";"1";"1";""
"202100042878";"125Â 024";"A01";"3";"37";"0";"2";"3";"1";"1";"3"
"202100042878";"125Â 025";"B01";"1";"7";"0";"2";"0";"1";"1";""
"202100042879";"125Â 022";"B01";"3";"50";"0";"2";"0";"19";"3";""
"202100042879";"125Â 023";"A01";"3";"7";"0";"2";"3";"1";"1";""
"202100042880";"125Â 017";"C01";"2";"7";"0";"2";"8";"24";"1";""
"202100042880";"125Â 018";"B01";"2";"10";"0";"2";"1";"1";"1";""
"202100042880";"125Â 019";"A01";"2";"7";"1";"2";"2";"13";"1";""
"202100042880";"125Â 020";"E01";"2";"10";"0";"2";"1";"24";"1";""
"202100042880";"125Â 021";"D01";"2";"10";"0";"2";"6";"24";"1";""
"202100042881";"125Â 016";"D01";"0";"7";"1";"0";"1";"24";"1";""
"202100042882";"125Â 014";"B01";"3";"7";"0";"2";"7";"1";"1";""
"202100042882";"125Â 015";"A01";"3";"30";"0";"2";"1";"5";"1";""
"202100042883";"125Â 012";"B01";"1";"21";"0";"0";"4";"9";"1";""
"202100042883";"125Â 013";"A01";"2";"7";"0";"2";"0";"9";"1";""
"202100042884";"125Â 010";"A01";"1";"7";"0";"2";"2";"1";"1";""
"202100042884";"125Â 011";"B01";"3";"7";"0";"2";"3";"16";"1";""
"202100042885";"125Â 008";"B01";"3";"7";"0";"2";"1";"1";"1";""
"202100042885";"125Â 009";"A01";"3";"7";"0";"2";"1";"1";"1";""
"202100042886";"125Â 006";"B01";"0";"33";"0";"2";"1";"1";"1";""
"202100042886";"125Â 007";"A01";"3";"7";"0";"2";"3";"15";"1";""
"202100042887";"125Â 004";"A01";"1";"7";"0";"2";"4";"15";"1";""
"202100042887";"125Â 005";"B01";"1";"7";"0";"2";"1";"2";"1";""
"202100042888";"125Â 003";"A01";"3";"7";"15";"0";"1";"16";"1";""
"202100042889";"125Â 001";"Z01";"2";"7";"0";"2";"0";"1";"0";""
"202100042889";"125Â 002";"B01";"2";"30";"0";"2";"8";"19";"1";""
"202100042890";"124Â 999";"B01";"1";"7";"0";"2";"8";"0";"1";""
"202100042890";"125Â 000";"A01";"1";"30";"0";"2";"1";"26";"1";""
"202100042891";"124Â 998";"A01";"2";"30";"0";"9";"1";"1";"1";""
"202100042892";"124Â 996";"Z01";"0";"7";"0";"2";"1";"0";"0";""
"202100042892";"124Â 997";"B01";"0";"31";"0";"2";"3";"1";"1";""
"202100042893";"124Â 995";"A01";"0";"7";"9";"0";"1";"15";"1";""
"202100042894";"124Â 994";"A01";"2";"2";"0";"0";"0";"1";"1";""
"202100042895";"124Â 992";"A01";"3";"1";"0";"2";"8";"1";"5";""
"202100042895";"124Â 993";"B01";"3";"7";"0";"2";"2";"1";"1";""
"202100042896";"124Â 989";"A01";"1";"7";"0";"2";"2";"1";"1";""
"202100042896";"124Â 990";"B01";"1";"33";"4";"2";"7";"1";"1";""
"202100042896";"124Â 991";"C01";"1";"10";"0";"2";"6";"13";"1";""
"202100042897";"124Â 987";"B01";"2";"7";"0";"2";"8";"22";"1";""
"202100042897";"124Â 988";"A01";"2";"1";"1";"0";"1";"26";"5";""
"202100042898";"124Â 986";"A01";"1";"7";"0";"1";"3";"26";"1";""
"202100042899";"124Â 985";"A01";"2";"99";"0";"0";"0";"26";"5";""
"202100042900";"124Â 983";"A01";"1";"7";"0";"0";"0";"0";"0";""
"202100042900";"124Â 984";"B01";"1";"31";"0";"2";"1";"15";"1";""
"202100042901";"124Â 982";"A01";"2";"33";"17";"0";"1";"1";"1";""
"202100042902";"124Â 980";"B01";"1";"7";"0";"2";"8";"12";"1";""
"202100042902";"124Â 981";"A01";"1";"43";"0";"2";"3";"3";"1";""
"202100042903";"124Â 977";"A01";"2";"33";"0";"2";"1";"3";"1";""
"202100042903";"124Â 978";"B01";"2";"7";"0";"2";"7";"12";"1";""
"202100042903";"124Â 979";"C01";"2";"7";"0";"2";"5";"1";"1";""
"202100042904";"124Â 975";"A01";"1";"14";"0";"2";"6";"11";"1";""
"202100042904";"124Â 976";"B01";"1";"43";"0";"2";"2";"1";"1";""
"202100042905";"124Â 974";"A01";"2";"2";"0";"1";"1";"1";"1";""
"202100042906";"124Â 973";"A01";"3";"7";"0";"1";"1";"1";"2";""
"202100042907";"124Â 971";"B01";"2";"10";"0";"2";"8";"22";"1";""
"202100042907";"124Â 972";"A01";"2";"1";"0";"2";"1";"1";"5";""
"202100042908";"124Â 970";"Z01";"2";"7";"0";"1";"1";"1";"0";""
"202100042909";"124Â 968";"B01";"1";"50";"0";"2";"5";"19";"3";""
"202100042909";"124Â 969";"A01";"2";"31";"0";"2";"1";"1";"1";""
"202100042910";"124Â 967";"A01";"1";"30";"0";"1";"2";"1";"1";""
"202100042911";"124Â 965";"B01";"1";"7";"0";"2";"3";"1";"1";""
"202100042911";"124Â 966";"A01";"2";"30";"0";"2";"1";"13";"1";""
"202100042912";"124Â 963";"B01";"1";"30";"0";"2";"4";"24";"3";""
"202100042912";"124Â 964";"A01";"1";"32";"0";"2";"1";"1";"1";""
"202100042913";"124Â 962";"A01";"1";"33";"0";"1";"1";"1";"1";""
"202100042914";"124Â 960";"A01";"1";"1";"0";"2";"1";"1";"5";""
"202100042914";"124Â 961";"B01";"1";"7";"0";"2";"3";"22";"1";""
"202100042915";"124Â 958";"A01";"1";"1";"0";"2";"1";"2";"5";""
"202100042915";"124Â 959";"B01";"1";"7";"0";"2";"6";"23";"2";""
"202100042916";"124Â 957";"A01";"3";"14";"0";"1";"6";"16";"1";""
"202100042917";"124Â 955";"B01";"1";"7";"0";"2";"6";"16";"1";""
"202100042917";"124Â 956";"A01";"1";"30";"0";"2";"2";"1";"1";""
"202100042918";"124Â 954";"A01";"1";"30";"7";"0";"1";"13";"3";""
"202100042919";"124Â 953";"A01";"1";"7";"1";"9";"2";"26";"1";""
"202100042920";"124Â 951";"B01";"3";"1";"0";"2";"8";"0";"5";""
"202100042920";"124Â 952";"Z01";"3";"7";"0";"2";"0";"1";"0";""
"202100042921";"124Â 949";"B01";"3";"1";"0";"9";"1";"1";"5";""
"202100042921";"124Â 950";"A01";"3";"1";"0";"2";"1";"1";"5";""
"202100042922";"124Â 947";"A01";"2";"7";"0";"2";"3";"23";"1";""
"202100042922";"124Â 948";"B01";"2";"10";"0";"2";"2";"9";"1";""
"202100042923";"124Â 944";"B01";"1";"33";"0";"2";"1";"1";"1";""
"202100042923";"124Â 945";"A01";"2";"15";"0";"2";"3";"15";"1";""
"202100042923";"124Â 946";"C01";"1";"80";"0";"2";"1";"23";"3";""
"202100042924";"124Â 942";"B01";"1";"7";"2";"2";"1";"1";"1";""
"202100042924";"124Â 943";"A01";"2";"7";"0";"2";"2";"15";"1";""
"202100042925";"124Â 940";"B01";"1";"30";"0";"9";"0";"0";"1";""
"202100042925";"124Â 941";"A01";"1";"50";"0";"2";"7";"1";"3";""
"202100042926";"124Â 939";"A01";"1";"7";"0";"1";"1";"1";"1";""
"202100042927";"124Â 937";"A01";"1";"7";"0";"2";"3";"1";"2";""
"202100042927";"124Â 938";"B01";"1";"31";"6";"0";"7";"1";"3";""
"202100042928";"124Â 935";"B01";"1";"30";"0";"2";"7";"26";"1";""
"202100042928";"124Â 936";"A01";"1";"7";"0";"2";"1";"1";"1";""
"202100042929";"124Â 934";"A01";"3";"10";"14";"0";"3";"15";"1";""
"202100042930";"124Â 932";"B01";"1";"32";"0";"2";"1";"1";"1";""
"202100042930";"124Â 933";"A01";"1";"7";"0";"2";"3";"26";"1";""
"202100042931";"124Â 931";"A01";"0";"10";"8";"0";"1";"26";"1";""
"202100042932";"124Â 930";"A01";"3";"10";"0";"1";"1";"15";"1";""
"202100042933";"124Â 928";"B01";"1";"30";"0";"2";"1";"1";"1";""
"202100042933";"124Â 929";"A01";"1";"7";"0";"2";"5";"12";"1";""
"202100042934";"124Â 926";"A01";"1";"7";"0";"2";"4";"23";"1";""
"202100042934";"124Â 927";"B01";"1";"30";"0";"2";"1";"2";"1";""
"202100042935";"124Â 924";"A01";"2";"7";"0";"2";"3";"16";"0";""
"202100042935";"124Â 925";"B01";"2";"2";"0";"2";"3";"1";"1";""
"202100042936";"124Â 922";"B01";"1";"7";"0";"2";"1";"2";"2";""