"Num_Acc";"id_vehicule";"num_veh";"senc";"catv";"obs";"obsm";"choc";"manv";"motor";"occutc"
"202100042936";"124Â 923";"A01";"1";"7";"0";"2";"4";"1";"1";""
"202100042937";"124Â 920";"A01";"2";"80";"0";"2";"3";"1";"3";""
"202100042937";"124Â 921";"B01";"1";"1";"0";"2";"3";"1";"5";""
"202100042938";"124Â 918";"A01";"1";"10";"0";"2";"1";"1";"1";""
"202100042938";"124Â 919";"B01";"1";"7";"0";"2";"2";"1";"1";""
"202100042939";"124Â 916";"B01";"1";"30";"0";"2";"2";"1";"1";""
"202100042939";"124Â 917";"A01";"1";"7";"0";"2";"3";"20";"1";""
"202100042940";"124Â 915";"A01";"2";"7";"0";"1";"2";"16";"1";""
"202100042941";"124Â 914";"A01";"2";"33";"14";"0";"8";"1";"1";""
"202100042942";"124Â 912";"A01";"1";"1";"0";"2";"1";"1";"5";""
"202100042942";"124Â 913";"B01";"2";"7";"0";"9";"3";"15";"1";""
"202100042943";"124Â 910";"A01";"1";"7";"0";"2";"3";"17";"1";""
"202100042943";"124Â 911";"B01";"2";"1";"0";"0";"1";"1";"5";""
"202100042944";"124Â 908";"A01";"2";"34";"0";"2";"1";"17";"1";""
"202100042944";"124Â 909";"B01";"2";"7";"0";"2";"8";"15";"1";""
"202100042945";"124Â 906";"A01";"2";"33";"0";"2";"1";"5";"1";""
"202100042945";"124Â 907";"B01";"1";"7";"4";"2";"1";"21";"1";""
"202100042946";"124Â 904";"B01";"1";"15";"0";"0";"7";"1";"1";""
"202100042946";"124Â 905";"A01";"1";"50";"0";"2";"1";"19";"3";""
"202100042947";"124Â 903";"A01";"2";"7";"0";"1";"1";"1";"1";""
"202100042948";"124Â 901";"A01";"3";"33";"0";"2";"1";"17";"1";""
"202100042948";"124Â 902";"B01";"3";"7";"0";"2";"6";"15";"1";""
"202100042949";"124Â 898";"B01";"2";"7";"0";"2";"4";"15";"1";""
"202100042949";"124Â 899";"C01";"1";"7";"0";"2";"1";"1";"1";""
"202100042949";"124Â 900";"A01";"2";"10";"0";"2";"1";"1";"1";""
"202100042950";"124Â 897";"A01";"2";"7";"2";"0";"1";"1";"1";""
"202100042951";"124Â 896";"A01";"0";"33";"13";"0";"0";"1";"1";""
"202100042952";"124Â 894";"A01";"2";"7";"0";"9";"1";"1";"1";""
"202100042952";"124Â 895";"B01";"2";"1";"0";"2";"7";"1";"5";""
"202100042953";"124Â 892";"A01";"0";"43";"0";"0";"2";"15";"1";""
"202100042953";"124Â 893";"B01";"1";"33";"0";"2";"1";"1";"1";""
"202100042954";"124Â 890";"B01";"3";"21";"0";"2";"2";"1";"1";""
"202100042954";"124Â 891";"A01";"3";"2";"0";"2";"1";"5";"1";""
"202100042955";"124Â 888";"A01";"3";"7";"0";"2";"8";"19";"1";""
"202100042955";"124Â 889";"B01";"1";"7";"0";"2";"1";"1";"3";""
"202100042956";"124Â 886";"A01";"2";"33";"0";"2";"1";"13";"1";""
"202100042956";"124Â 887";"B01";"1";"7";"0";"2";"3";"1";"1";""
"202100042957";"124Â 885";"A01";"1";"7";"15";"0";"7";"1";"1";""
"202100042958";"124Â 884";"A01";"1";"2";"13";"0";"0";"14";"1";""
"202100042959";"124Â 882";"B01";"1";"30";"0";"2";"7";"17";"1";""
"202100042959";"124Â 883";"A01";"1";"20";"0";"2";"3";"11";"1";""
"202100042960";"124Â 881";"A01";"1";"7";"0";"0";"9";"1";"1";""
"202100042961";"124Â 879";"B01";"0";"21";"0";"0";"6";"15";"1";""
"202100042961";"124Â 880";"A01";"0";"2";"0";"2";"1";"17";"1";""
"202100042962";"124Â 878";"A01";"1";"7";"2";"0";"2";"1";"1";""
"202100042963";"124Â 876";"A01";"1";"2";"0";"0";"4";"0";"1";""
"202100042963";"124Â 877";"B01";"1";"7";"0";"2";"3";"2";"1";""
"202100042964";"124Â 875";"A01";"2";"1";"0";"9";"1";"0";"5";""
"202100042965";"124Â 873";"A01";"1";"33";"0";"2";"1";"13";"1";""
"202100042965";"124Â 874";"B01";"2";"7";"0";"2";"3";"1";"1";""
"202100042966";"124Â 871";"B01";"2";"7";"0";"0";"5";"23";"1";""
"202100042966";"124Â 872";"A01";"2";"2";"0";"2";"1";"1";"1";""
"202100042967";"124Â 869";"B01";"1";"7";"0";"2";"1";"1";"1";""
"202100042967";"124Â 870";"A01";"2";"7";"0";"2";"1";"15";"1";""
"202100042968";"124Â 868";"A01";"1";"2";"0";"5";"7";"21";"1";""
"202100042969";"124Â 867";"A01";"1";"7";"13";"0";"2";"0";"1";""
"202100042970";"124Â 862";"A01";"2";"7";"0";"2";"1";"1";"1";""
"202100042970";"124Â 863";"B01";"1";"7";"0";"2";"1";"5";"1";""
"202100042971";"124Â 860";"A01";"0";"7";"0";"2";"1";"1";"1";""
"202100042971";"124Â 861";"B01";"1";"7";"0";"2";"8";"1";"1";""
"202100042972";"124Â 858";"B01";"1";"33";"0";"2";"1";"1";"1";""
"202100042972";"124Â 859";"A01";"2";"7";"0";"2";"7";"15";"1";""
"202100042973";"124Â 857";"A01";"2";"33";"0";"0";"9";"15";"1";""
"202100042974";"124Â 856";"A01";"1";"7";"3";"0";"1";"13";"1";""
"202100042975";"124Â 855";"A01";"2";"7";"4";"0";"3";"13";"1";""
"202100042976";"124Â 852";"A01";"2";"7";"0";"2";"1";"17";"1";""
"202100042976";"124Â 853";"B01";"1";"1";"0";"2";"1";"1";"5";""
"202100042976";"124Â 854";"C01";"1";"1";"0";"2";"0";"1";"5";""
"202100042977";"124Â 849";"A01";"2";"7";"0";"2";"1";"1";"1";""
"202100042977";"124Â 850";"B01";"1";"33";"0";"2";"1";"1";"1";""
"202100042977";"124Â 851";"C01";"1";"10";"0";"2";"3";"1";"1";""
"202100042978";"124Â 848";"A01";"2";"34";"0";"0";"9";"0";"1";""
"202100042979";"124Â 847";"A01";"3";"7";"0";"1";"1";"17";"1";""
"202100042980";"124Â 845";"B01";"1";"30";"0";"2";"7";"17";"1";""
"202100042980";"124Â 846";"A01";"1";"3";"0";"2";"8";"15";"1";""
"202100042981";"124Â 843";"B01";"3";"1";"0";"2";"2";"0";"0";""
"202100042981";"124Â 844";"A01";"3";"13";"0";"2";"6";"0";"0";""
"202100042982";"124Â 842";"A01";"1";"7";"0";"1";"1";"16";"1";""
"202100042983";"124Â 840";"A01";"1";"7";"0";"0";"4";"15";"1";""
"202100042983";"124Â 841";"B01";"1";"10";"0";"2";"3";"17";"1";""
"202100042984";"124Â 839";"A01";"2";"7";"6";"0";"7";"13";"1";""
"202100042985";"124Â 837";"A01";"3";"7";"0";"2";"7";"19";"1";""
"202100042985";"124Â 838";"B01";"2";"7";"8";"2";"1";"1";"1";""
"202100042986";"124Â 835";"A01";"2";"1";"0";"0";"0";"1";"5";""
"202100042987";"124Â 833";"B01";"1";"1";"0";"2";"1";"1";"5";""
"202100042987";"124Â 834";"A01";"2";"7";"0";"2";"3";"15";"1";""
"202100042988";"124Â 831";"A01";"3";"7";"0";"2";"3";"1";"1";""
"202100042988";"124Â 832";"B01";"3";"10";"0";"2";"3";"1";"1";""
"202100042989";"124Â 830";"A01";"1";"7";"6";"0";"1";"16";"1";""
"202100042990";"124Â 829";"A01";"2";"21";"13";"0";"3";"0";"1";""
"202100042991";"124Â 824";"E01";"2";"10";"0";"2";"0";"2";"1";""
"202100042991";"124Â 825";"D01";"2";"7";"0";"2";"1";"2";"1";""
"202100042991";"124Â 826";"C01";"2";"7";"0";"2";"1";"2";"1";""
"202100042991";"124Â 827";"B01";"2";"7";"0";"2";"1";"1";"1";""
"202100042991";"124Â 828";"A01";"2";"7";"0";"2";"4";"26";"2";""
"202100042992";"124Â 823";"A01";"1";"7";"3";"0";"2";"1";"1";""
"202100042993";"124Â 822";"A01";"1";"31";"0";"2";"1";"1";"1";""
"202100042994";"124Â 821";"A01";"2";"7";"0";"0";"9";"26";"1";""
"202100042995";"124Â 819";"B01";"1";"7";"0";"2";"2";"16";"1";""
"202100042995";"124Â 820";"A01";"1";"31";"0";"2";"1";"7";"1";""
"202100042996";"124Â 817";"Z01";"2";"7";"0";"2";"1";"2";"1";""
"202100042996";"124Â 818";"B01";"2";"7";"0";"2";"4";"2";"1";""
"202100042997";"124Â 816";"A01";"3";"30";"0";"0";"8";"1";"1";""
"202100042998";"124Â 814";"Z01";"2";"7";"0";"2";"0";"15";"1";""
"202100042998";"124Â 815";"A01";"1";"30";"0";"2";"1";"1";"1";""
"202100042999";"124Â 812";"A01";"1";"7";"0";"2";"1";"1";"1";""
"202100042999";"124Â 813";"B01";"1";"7";"0";"2";"4";"1";"1";""
"202100043000";"124Â 810";"B01";"3";"30";"0";"2";"1";"1";"1";""
"202100043000";"124Â 811";"A01";"3";"7";"0";"2";"7";"15";"1";""
"202100043001";"124Â 809";"A01";"2";"7";"0";"1";"3";"19";"1";""
"202100043002";"124Â 806";"B01";"1";"31";"12";"2";"8";"21";"1";""
"202100043002";"124Â 807";"A01";"2";"7";"0";"2";"8";"9";"0";""
"202100043003";"124Â 804";"B01";"1";"7";"0";"2";"1";"1";"1";""
"202100043003";"124Â 805";"A01";"2";"7";"0";"2";"2";"15";"1";""
"202100043004";"124Â 803";"A01";"2";"7";"0";"1";"1";"1";"1";""
"202100043005";"124Â 801";"A01";"1";"7";"0";"2";"1";"1";"1";""
"202100043005";"124Â 802";"B01";"1";"7";"0";"2";"5";"1";"1";""
"202100043006";"124Â 799";"A01";"2";"7";"0";"2";"6";"15";"1";""
"202100043006";"124Â 800";"B01";"1";"33";"0";"2";"1";"1";"1";""
"202100043007";"124Â 797";"B01";"0";"7";"0";"2";"1";"1";"1";""
"202100043007";"124Â 798";"A01";"0";"50";"0";"2";"4";"19";"3";""
"202100043008";"124Â 795";"A01";"3";"7";"0";"2";"2";"9";"1";""
"202100043008";"124Â 796";"B01";"3";"1";"0";"0";"0";"0";"2";""
"202100043009";"124Â 793";"B01";"3";"7";"0";"2";"4";"1";"1";""
"202100043009";"124Â 794";"A01";"3";"10";"0";"2";"1";"0";"3";""
"202100043010";"124Â 789";"A01";"2";"10";"0";"2";"1";"1";"1";""
"202100043010";"124Â 790";"B01";"2";"7";"0";"2";"4";"1";"1";""
"202100043011";"124Â 788";"A01";"2";"10";"0";"0";"7";"14";"1";""
"202100043012";"124Â 786";"A01";"2";"7";"8";"4";"8";"1";"1";""
"202100043012";"124Â 787";"B01";"1";"40";"0";"2";"1";"1";"3";""
"202100043013";"124Â 785";"A01";"1";"7";"0";"1";"1";"15";"1";""
"202100043014";"124Â 784";"A01";"2";"32";"14";"2";"9";"1";"1";""
"202100043015";"124Â 783";"A01";"1";"7";"8";"0";"1";"16";"1";""
"202100043016";"124Â 782";"A01";"1";"7";"1";"0";"1";"1";"1";""
"202100043017";"124Â 781";"A01";"1";"30";"8";"0";"1";"14";"1";""
"202100043018";"124Â 779";"B01";"0";"2";"0";"2";"7";"26";"1";""
"202100043018";"124Â 780";"A01";"0";"7";"0";"2";"8";"26";"1";""
"202100043019";"124Â 777";"A01";"1";"30";"0";"2";"1";"0";"1";""
"202100043019";"124Â 778";"B01";"1";"7";"0";"2";"2";"1";"1";""
"202100043020";"124Â 775";"A01";"3";"7";"0";"2";"1";"1";"1";""
"202100043020";"124Â 776";"B01";"3";"7";"0";"2";"2";"1";"1";""
"202100043021";"124Â 774";"A01";"2";"33";"15";"0";"1";"13";"1";""
"202100043022";"124Â 772";"A01";"1";"7";"0";"2";"3";"1";"1";""
"202100043022";"124Â 773";"B01";"1";"2";"0";"2";"1";"1";"1";""
"202100043023";"124Â 771";"A01";"1";"7";"0";"1";"7";"1";"1";""
"202100043024";"124Â 770";"A01";"3";"7";"6";"0";"2";"16";"1";""
"202100043025";"124Â 768";"A01";"3";"7";"0";"2";"3";"26";"1";""
"202100043025";"124Â 769";"B01";"3";"1";"0";"2";"8";"19";"5";""
"202100043026";"124Â 766";"A01";"2";"1";"0";"2";"1";"1";"5";""
"202100043026";"124Â 767";"B01";"0";"7";"0";"2";"3";"16";"1";""
"202100043027";"124Â 764";"A01";"1";"7";"0";"2";"0";"1";"1";""
"202100043027";"124Â 765";"B01";"1";"7";"0";"2";"3";"0";"1";""
"202100043028";"124Â 763";"A01";"1";"7";"0";"1";"4";"4";"1";""
"202100043029";"124Â 761";"B01";"0";"7";"0";"2";"3";"1";"1";""
"202100043029";"124Â 762";"A01";"1";"7";"0";"2";"1";"1";"1";""
"202100043030";"124Â 759";"A01";"3";"7";"0";"2";"4";"1";"1";""
"202100043030";"124Â 760";"B01";"3";"7";"0";"2";"1";"2";"1";""
"202100043031";"124Â 757";"B01";"1";"32";"0";"2";"1";"1";"1";""
"202100043031";"124Â 758";"A01";"2";"7";"0";"2";"1";"15";"1";""
"202100043032";"124Â 756";"A01";"2";"7";"0";"1";"3";"1";"1";""
"202100043033";"124Â 754";"B01";"3";"50";"0";"2";"7";"19";"3";""
"202100043033";"124Â 755";"A01";"1";"7";"0";"2";"2";"1";"1";""
"202100043034";"124Â 751";"A01";"2";"7";"0";"2";"1";"9";"1";""
"202100043034";"124Â 752";"C01";"2";"7";"0";"2";"4";"2";"1";""
"202100043034";"124Â 753";"B01";"2";"7";"0";"2";"4";"2";"1";""
"202100043035";"124Â 749";"A01";"1";"30";"0";"2";"1";"1";"1";""
"202100043035";"124Â 750";"Z01";"1";"7";"0";"2";"6";"15";"0";""
"202100043036";"124Â 748";"A01";"3";"30";"0";"0";"2";"16";"1";""
"202100043037";"124Â 745";"A01";"2";"7";"0";"2";"1";"19";"1";""
"202100043037";"124Â 746";"B01";"2";"7";"0";"2";"7";"1";"1";""
"202100043037";"124Â 747";"C01";"1";"7";"0";"2";"1";"1";"1";""
"202100043038";"124Â 744";"B01";"3";"7";"8";"0";"3";"13";"1";""
"202100043039";"124Â 741";"C01";"2";"7";"0";"2";"1";"1";"1";""
"202100043039";"124Â 742";"B01";"1";"33";"0";"2";"1";"1";"1";""
"202100043039";"124Â 743";"A01";"2";"7";"0";"2";"0";"9";"1";""
"202100043040";"124Â 740";"A01";"1";"2";"0";"0";"7";"1";"1";""
"202100043041";"124Â 739";"A01";"3";"33";"10";"0";"1";"15";"1";""
"202100043042";"124Â 737";"B01";"1";"10";"0";"2";"1";"1";"0";""
"202100043042";"124Â 738";"A01";"1";"7";"0";"2";"4";"23";"1";""
"202100043043";"124Â 736";"A01";"1";"7";"0";"1";"1";"9";"1";""
"202100043044";"124Â 734";"B01";"3";"7";"0";"2";"1";"2";"1";""
"202100043044";"124Â 735";"A01";"3";"7";"0";"2";"2";"1";"0";""
"202100043045";"124Â 732";"A01";"1";"7";"0";"2";"8";"15";"1";""
"202100043045";"124Â 733";"B01";"1";"7";"0";"2";"1";"1";"1";""
"202100043046";"124Â 730";"B01";"1";"7";"0";"2";"2";"1";"1";""
"202100043046";"124Â 731";"A01";"1";"1";"0";"2";"1";"1";"5";""
"202100043047";"124Â 729";"A01";"1";"7";"8";"0";"1";"26";"1";""
"202100043048";"124Â 727";"B01";"1";"32";"0";"2";"1";"21";"1";""
"202100043048";"124Â 728";"A01";"1";"3";"0";"2";"8";"15";"1";""
"202100043049";"124Â 725";"A01";"3";"33";"0";"9";"8";"1";"1";""
"202100043049";"124Â 726";"B01";"3";"13";"0";"2";"6";"16";"1";""
"202100043050";"124Â 722";"C01";"3";"7";"1";"0";"4";"26";"1";""
"202100043050";"124Â 723";"B01";"3";"43";"0";"2";"1";"1";"6";""
"202100043050";"124Â 724";"A01";"3";"7";"0";"2";"3";"11";"1";""
"202100043051";"124Â 720";"B01";"1";"10";"0";"0";"0";"0";"1";""
"202100043051";"124Â 721";"A01";"1";"33";"3";"0";"1";"17";"1";""
"202100043052";"124Â 718";"A01";"2";"33";"0";"2";"1";"2";"1";""
"202100043052";"124Â 719";"B01";"2";"10";"0";"2";"4";"2";"1";""
"202100043053";"124Â 717";"A01";"3";"7";"12";"1";"2";"1";"1";""
"202100043054";"124Â 715";"B01";"1";"80";"0";"2";"4";"23";"3";""
"202100043054";"124Â 716";"A01";"1";"7";"0";"2";"4";"2";"1";""
"202100043055";"124Â 714";"A01";"2";"1";"0";"1";"1";"21";"5";""
"202100043056";"124Â 712";"Z01";"2";"7";"0";"2";"2";"2";"2";""
"202100043056";"124Â 713";"A01";"2";"2";"0";"2";"4";"2";"1";""
"202100043057";"124Â 711";"A01";"2";"33";"0";"1";"1";"1";"1";""
"202100043058";"124Â 709";"A01";"1";"7";"0";"2";"1";"10";"2";""
"202100043058";"124Â 710";"B01";"1";"37";"0";"2";"3";"7";"2";"2"
"202100043059";"124Â 708";"A01";"2";"7";"0";"1";"7";"16";"2";""
"202100043060";"124Â 706";"A01";"1";"7";"0";"2";"6";"11";"2";""
"202100043060";"124Â 707";"B01";"1";"37";"0";"2";"2";"1";"6";"1"
"202100043061";"124Â 704";"A01";"1";"32";"0";"2";"2";"1";"1";""
"202100043061";"124Â 705";"Z01";"1";"7";"0";"2";"8";"11";"1";""
"202100043062";"124Â 703";"A01";"1";"1";"0";"1";"8";"1";"5";""
"202100043063";"124Â 701";"A01";"2";"1";"0";"2";"0";"21";"5";""
"202100043063";"124Â 702";"B01";"2";"10";"0";"2";"0";"14";"1";""
"202100043064";"124Â 699";"A01";"2";"1";"1";"2";"8";"17";"5";""
"202100043064";"124Â 700";"B01";"2";"7";"0";"0";"0";"24";"1";""
"202100043065";"124Â 697";"B01";"1";"1";"0";"2";"5";"1";"5";""
"202100043065";"124Â 698";"A01";"2";"7";"0";"2";"3";"9";"1";""
"202100043066";"124Â 695";"A01";"1";"30";"0";"2";"1";"17";"1";""
"202100043066";"124Â 696";"B01";"1";"7";"0";"2";"3";"15";"1";""
"202100043067";"124Â 693";"A01";"1";"7";"0";"2";"2";"19";"1";""
"202100043067";"124Â 694";"B01";"2";"33";"0";"2";"3";"1";"1";""
"202100043068";"124Â 692";"A01";"1";"30";"0";"1";"1";"1";"1";""
"202100043069";"124Â 690";"A01";"2";"7";"0";"2";"1";"9";"1";""
"202100043069";"124Â 691";"B01";"3";"7";"0";"2";"1";"1";"1";""
"202100043070";"124Â 688";"A01";"1";"7";"0";"2";"2";"15";"1";""
"202100043070";"124Â 689";"B01";"1";"31";"0";"2";"1";"1";"1";""
"202100043071";"124Â 685";"C01";" -1";"10";"0";"2";"3";"11";"1";""
"202100043071";"124Â 686";"B01";" -1";"33";"0";"2";"2";"2";"1";""
"202100043071";"124Â 687";"A01";" -1";"10";"0";"2";"6";"23";"1";""
"202100043072";"124Â 683";"A01";"1";"7";"0";"2";"1";"15";"1";""
"202100043072";"124Â 684";"B01";"1";"32";"0";"2";"2";"3";"1";""
"202100043073";"124Â 681";"B01";"1";"2";"0";"2";"8";"26";"1";""
"202100043073";"124Â 682";"A01";"1";"7";"0";"2";"2";"11";"1";""
"202100043074";"124Â 680";"A01";"2";"7";"0";"1";"3";"1";"1";""
"202100043075";"124Â 679";"A01";"2";"7";"0";"1";"1";"1";"1";""
"202100043076";"124Â 677";"A01";"1";"10";"0";"2";"7";"1";"1";""
"202100043076";"124Â 678";"B01";"1";"1";"0";"2";"8";"1";"5";""
"202100043077";"124Â 675";"B01";"0";"33";"0";"2";"8";"1";"1";""
"202100043077";"124Â 676";"A01";"1";"7";"0";"2";"2";"1";"1";""
"202100043078";"124Â 673";"A01";"1";"10";"0";"2";"5";"0";"1";""
"202100043078";"124Â 674";"B01";"1";"32";"0";"2";"1";"0";"1";""
"202100043079";"124Â 671";"B01";"1";"60";"0";"2";"1";"15";"5";""
"202100043079";"124Â 672";"A01";"1";"7";"0";"2";"7";"1";"1";""
"202100043080";"124Â 670";"A01";"3";"7";"10";"0";"0";"1";"1";""
"202100043081";"124Â 669";"A01";"3";"33";"6";"0";"1";"0";"1";""
"202100043082";"124Â 666";"A01";"1";"10";"0";"1";"1";"1";"1";""
"202100043083";"124Â 665";"A01";"1";"7";"0";"1";"1";"9";"1";""
"202100043084";"124Â 663";"B01";"1";"17";"6";"0";"8";"24";"6";""
"202100043084";"124Â 664";"A01";"1";"17";"1";"9";"2";"0";"1";""
"202100043085";"124Â 661";"B01";"3";"7";"0";"2";"6";"19";"1";""
"202100043085";"124Â 662";"A01";"1";"7";"0";"2";"1";"1";"1";""
"202100043086";"124Â 660";"A01";"2";"32";"0";"0";"0";"1";"1";""
"202100043087";"124Â 658";"A01";"2";"1";"0";"2";"2";"1";"5";""
"202100043087";"124Â 659";"B01";"1";"10";"0";"0";"3";"9";"1";""
"202100043088";"124Â 656";"B01";"1";"33";"0";"2";"1";"1";"1";""
"202100043088";"124Â 657";"A01";"1";"7";"0";"0";"4";"1";"1";""
"202100043089";"124Â 654";"A01";"1";"7";"0";"2";"8";"15";"1";""
"202100043089";"124Â 655";"B01";"2";"2";"0";"2";"1";"15";"1";""
"202100043090";"124Â 652";"A01";"1";"1";"0";"2";"1";"1";"5";""
"202100043090";"124Â 653";"B01";"1";"1";"0";"2";"4";"1";"5";""
"202100043091";"124Â 650";"B01";"1";"7";"0";"0";"4";"15";"1";""
"202100043091";"124Â 651";"A01";"1";"1";"14";"0";"1";"1";"5";""
"202100043092";"124Â 648";"B01";"2";"7";"0";"0";"1";"2";"1";""
"202100043092";"124Â 649";"A01";"2";"7";"0";"0";"4";"2";"1";""
"202100043093";"124Â 647";"A01";"2";"2";"0";"0";"0";"1";"0";""
"202100043094";"124Â 644";"A01";"1";"7";"14";"0";"1";"13";"1";""
"202100043095";"124Â 642";"B01";"2";"33";"0";"2";"1";"1";"1";""
"202100043095";"124Â 643";"A01";"1";"7";"0";"2";"1";"15";"1";""
"202100043096";"124Â 641";"A01";"2";"7";"0";"1";"3";"1";"1";""
"202100043097";"124Â 640";"A01";"2";"33";"16";"0";"0";"1";"1";""
"202100043098";"124Â 638";"B01";"1";"1";"0";"2";"1";"1";"5";""
"202100043098";"124Â 639";"A01";"2";"7";"0";"2";"1";"15";"1";""
"202100043099";"124Â 636";"A01";"3";"7";"0";"0";"5";"19";"1";""
"202100043099";"124Â 637";"B01";"1";"33";"0";"2";"1";"1";"1";""
"202100043100";"124Â 635";"A01";"0";"2";"0";"0";"0";"1";"1";""
"202100043101";"124Â 634";"A01";"2";"10";"3";"0";"1";"13";"1";""
"202100043102";"124Â 633";"A01";"2";"7";"13";"0";"1";"1";"1";""
"202100043103";"124Â 632";"A01";"2";"13";"3";"9";"3";"0";"1";""
"202100043104";"124Â 631";"A01";"1";"7";"0";"1";"2";"1";"1";""
"202100043105";"124Â 628";"A01";"1";"7";"0";"1";"1";"2";"1";""
"202100043105";"124Â 629";"C01";"1";"7";"0";"0";"8";"2";"1";""
"202100043105";"124Â 630";"B01";"1";"7";"0";"2";"4";"2";"1";""
"202100043106";"124Â 626";"B01";"2";"1";"0";"2";"1";"1";"5";""
"202100043106";"124Â 627";"A01";"1";"7";"0";"9";"2";"1";"1";""
"202100043107";"124Â 622";"B01";"3";"1";"0";"2";"8";"1";"5";""
"202100043107";"124Â 623";"A01";"3";"7";"0";"9";"7";"17";"1";""
"202100043108";"124Â 619";"A01";"1";"7";"0";"2";"1";"1";"1";""
"202100043108";"124Â 620";"B01";"1";"7";"0";"2";"4";"15";"1";""
"202100043108";"124Â 621";"C01";"2";"7";"0";"2";"1";"1";"1";""
"202100043109";"124Â 617";"B01";"2";"7";"0";"2";"2";"1";"1";""
"202100043109";"124Â 618";"A01";"1";"33";"0";"2";"1";"13";"1";""
"202100043110";"124Â 615";"B01";"1";"1";"0";"2";"0";"1";"5";""
"202100043110";"124Â 616";"A01";"2";"1";"0";"2";"0";"1";"5";""
"202100043111";"124Â 613";"A01";"1";"7";"0";"0";"8";"15";"1";""
"202100043111";"124Â 614";"B01";"1";"34";"0";"2";"2";"21";"1";""
"202100043112";"124Â 611";"B01";"1";"21";"0";"0";"4";"1";"1";""
"202100043112";"124Â 612";"A01";"1";"7";"0";"2";"1";"1";"1";""
"202100043113";"124Â 609";"A01";"1";"1";"0";"2";"1";"1";"5";""
"202100043113";"124Â 610";"B01";"1";"7";"0";"2";"8";"15";"1";""
"202100043114";"124Â 608";"A01";"0";"2";"0";"0";"0";"1";"1";""
"202100043115";"124Â 606";"A01";"2";"7";"0";"2";"1";"15";"1";""
"202100043115";"124Â 607";"B01";"1";"7";"0";"0";"1";"1";"1";""
"202100043116";"124Â 604";"B01";"0";"33";"0";"2";"1";"16";"1";""
"202100043116";"124Â 605";"A01";" -1";"7";"0";"0";"4";"23";"2";""
"202100043117";"124Â 603";"A01";"1";"7";"0";"0";"1";"26";"1";""
"202100043118";"124Â 602";"A01";"1";"33";"12";"0";"7";"1";"1";""
"202100043119";"124Â 600";"Z01";"1";"7";"0";"2";"1";"2";"0";""
"202100043119";"124Â 601";"B01";"1";"7";"4";"2";"6";"2";"1";""
"202100043120";"124Â 599";"A01";"2";"7";"13";"0";"1";"2";"1";""
"202100043121";"124Â 597";"A01";"2";"13";"0";"2";"8";"11";"1";""
"202100043121";"124Â 598";"B01";"2";"33";"0";"2";"7";"11";"1";""
"202100043122";"124Â 595";"A01";"1";"33";"0";"2";"1";"26";"1";""
"202100043122";"124Â 596";"B01";"1";"7";"0";"9";"4";"1";"1";""
"202100043123";"124Â 594";"A01";"1";"7";"6";"0";"2";"1";"3";""
"202100043124";"124Â 592";"B01";"3";"10";"0";"2";"3";"15";"1";""
"202100043124";"124Â 593";"A01";"3";"30";"0";"2";"1";"8";"1";""
"202100043125";"124Â 590";"B01";"1";"31";"0";"2";"2";"1";"1";""
"202100043125";"124Â 591";"A01";"1";"7";"0";"2";"3";"13";"1";""
"202100043126";"124Â 589";"A01";"3";"7";"0";"1";"1";"15";"1";""
"202100043127";"124Â 585";"A01";"1";"7";"0";"2";"0";"0";"1";""
"202100043127";"124Â 586";"B01";"1";"2";"0";"2";"1";"26";"1";""
"202100043128";"124Â 583";"B01";"3";"7";"0";"2";"7";"1";"1";""
"202100043128";"124Â 584";"A01";"3";"10";"0";"2";"1";"1";"1";""
"202100043129";"124Â 581";"B01";"1";"33";"14";"2";"1";"1";"1";""
"202100043129";"124Â 582";"A01";"1";"7";"14";"0";"4";"1";"1";""
"202100043130";"124Â 579";"B01";"1";"31";"0";"2";"6";"1";"1";""
"202100043130";"124Â 580";"A01";"1";"30";"0";"2";"7";"16";"1";""
"202100043131";"124Â 578";"A01";"1";"7";"0";"1";"1";"1";"1";""
"202100043132";"124Â 577";"A01";"2";"1";"0";"1";"1";"1";"5";""
"202100043133";"124Â 575";"B01";"2";"80";"0";"2";"1";"1";"3";""
"202100043133";"124Â 576";"A01";"2";"7";"0";"2";"3";"26";"1";""
"202100043134";"124Â 573";"B01";"2";"7";"0";"2";"6";"1";"1";""
"202100043134";"124Â 574";"A01";"2";"30";"0";"2";"1";"21";"1";""
"202100043135";"124Â 572";"A01";"3";"7";"0";"1";"7";"26";"1";""
"202100043136";"124Â 570";"A01";"1";"7";"0";"2";"8";"9";"1";""
"202100043136";"124Â 571";"B01";"1";"7";"0";"2";"3";"1";"1";""
"202100043137";"124Â 569";"A01";"1";"7";"0";"1";"1";"1";"1";""
"202100043138";"124Â 567";"B01";"2";"7";"9";"0";"3";"19";"1";""
"202100043138";"124Â 568";"A01";"1";"10";"0";"2";"2";"19";"1";""
"202100043139";"124Â 565";"B01";"1";"7";"0";"2";"4";"2";"1";""
"202100043139";"124Â 566";"A01";"1";"7";"0";"2";"1";"2";"1";""
"202100043140";"124Â 559";"A01";"1";"7";"0";"1";"1";"16";"1";""
"202100043141";"124Â 558";"A01";"0";"13";"0";"1";"1";"1";"0";""
"202100043142";"124Â 557";"A01";"0";"7";"0";"1";"1";"1";"1";""
"202100043143";"124Â 556";"A01";"3";"7";"0";"1";"2";"26";"1";""