"Num_Acc";"id_vehicule";"num_veh";"senc";"catv";"obs";"obsm";"choc";"manv";"motor";"occutc"
"202100043144";"124Â 554";"B01";"1";"10";"0";"2";"8";"2";"1";""
"202100043144";"124Â 555";"A01";"1";"30";"0";"2";"1";"2";"1";""
"202100043145";"124Â 552";"B01";"1";"10";"0";"2";"2";"1";"1";""
"202100043145";"124Â 553";"A01";"1";"7";"0";"2";"3";"15";"1";""
"202100043146";"124Â 550";"Z01";"1";"7";"0";"2";"4";"1";"0";""
"202100043146";"124Â 551";"A01";"1";"7";"0";"2";"1";"1";"1";""
"202100043147";"124Â 548";"A01";"1";"2";"0";"2";"1";"3";"1";""
"202100043147";"124Â 549";"B01";"1";"1";"0";"2";"3";"1";"0";""
"202100043148";"124Â 546";"B01";"1";"7";"2";"2";"1";"9";"1";""
"202100043148";"124Â 547";"A01";"3";"1";"0";"2";"1";"5";"5";""
"202100043149";"124Â 544";"B01";"2";"2";"0";"2";"7";"1";"1";""
"202100043149";"124Â 545";"A01";"1";"7";"0";"2";"8";"13";"1";""
"202100043150";"124Â 542";"A01";"2";"7";"0";"9";"1";"13";"1";""
"202100043150";"124Â 543";"B01";"1";"1";"0";"2";"8";"2";"6";""
"202100043151";"124Â 539";"B01";"3";"7";"0";"2";"8";"1";"1";""
"202100043151";"124Â 540";"A01";"0";"7";"0";"2";"9";"3";"1";""
"202100043151";"124Â 541";"C01";"3";"10";"0";"2";"3";"1";"1";""
"202100043152";"124Â 537";"B01";"1";"7";"0";"0";"4";"24";"1";""
"202100043152";"124Â 538";"A01";"3";"7";"1";"0";"1";"17";"1";""
"202100043153";"124Â 535";"B01";"1";"7";"0";"2";"7";"15";"1";""
"202100043153";"124Â 536";"A01";"2";"34";"0";"2";"2";"1";"1";""
"202100043154";"124Â 531";"D01";"3";"10";"0";"2";"8";"26";"1";""
"202100043154";"124Â 532";"C01";"3";"7";"0";"2";"4";"0";"2";""
"202100043154";"124Â 533";"A01";"3";"7";"3";"2";"1";"17";"1";""
"202100043154";"124Â 534";"B01";"3";"7";"0";"2";"9";"26";"1";""
"202100043155";"124Â 530";"A01";"2";"1";"16";"0";"0";"1";"5";""
"202100043156";"124Â 529";"A01";"1";"7";"16";"0";"2";"1";"1";""
"202100043157";"124Â 527";"A01";"1";"7";"0";"2";"1";"1";"1";""
"202100043157";"124Â 528";"B01";"1";"1";"0";"2";"8";"19";"5";""
"202100043158";"124Â 525";"A01";"1";"7";"0";"2";"3";"18";"1";""
"202100043158";"124Â 526";"B01";"0";"7";"0";"2";"3";"1";"1";""
"202100043159";"124Â 523";"B01";"2";"7";"0";"2";"3";"0";"1";""
"202100043159";"124Â 524";"A01";"1";"7";"0";"2";"3";"1";"1";""
"202100043160";"124Â 522";"Z01";"2";"7";"0";"1";"7";"1";"1";""
"202100043161";"124Â 520";"A01";"1";"7";"0";"2";"2";"1";"1";""
"202100043161";"124Â 521";"B01";"1";"30";"0";"2";"4";"0";"1";""
"202100043162";"124Â 518";"B01";"1";"30";"0";"2";"2";"0";"1";""
"202100043162";"124Â 519";"A01";"2";"7";"0";"2";"8";"0";"1";""
"202100043163";"124Â 516";"B01";"1";"7";"0";"0";"4";"23";"0";""
"202100043163";"124Â 517";"A01";"1";"1";"0";"2";"1";"2";"0";""
"202100043164";"124Â 514";"A01";"1";"34";"0";"2";"7";"17";"0";""
"202100043164";"124Â 515";"B01";"1";"7";"0";"2";"3";"1";"1";""
"202100043165";"124Â 511";"C01";"1";"7";"0";"2";"3";"0";"1";""
"202100043165";"124Â 512";"A01";"2";"7";"0";"2";"2";"0";"1";""
"202100043165";"124Â 513";"B01";"1";"7";"0";"2";"7";"15";"1";""
"202100043166";"124Â 509";"B01";"3";"7";"0";"2";"7";"1";"1";""
"202100043166";"124Â 510";"A01";"3";"7";"0";"2";"3";"17";"1";""
"202100043167";"124Â 507";"A01";"1";"30";"0";"2";"1";"1";"1";""
"202100043167";"124Â 508";"B01";"1";"7";"0";"2";"3";"1";"1";""
"202100043168";"124Â 505";"B01";"3";"7";"0";"2";"5";"15";"1";""
"202100043168";"124Â 506";"M01";"3";"34";"0";"2";"1";"1";"1";""
"202100043169";"124Â 503";"A01";"2";"33";"0";"2";"1";"23";"1";""
"202100043169";"124Â 504";"B01";"2";"10";"0";"2";"4";"4";"1";""
"202100043170";"124Â 501";"A01";"1";"30";"0";"2";"2";"1";"1";""
"202100043170";"124Â 502";"B01";"0";"7";"0";"2";"1";"16";"1";""
"202100043171";"124Â 499";"A01";"1";"7";"0";"2";"2";"15";"1";""
"202100043171";"124Â 500";"B01";"2";"31";"0";"2";"1";"1";"1";""
"202100043172";"124Â 496";"A01";"1";"7";"0";"4";"1";"9";"1";""
"202100043172";"124Â 497";"C01";"1";"7";"0";"2";"6";"23";"1";""
"202100043172";"124Â 498";"B01";"1";"40";"0";"2";"1";"1";"3";""
"202100043173";"124Â 494";"B01";"1";"1";"0";"2";"1";"1";"0";""
"202100043173";"124Â 495";"A01";"1";"7";"0";"9";"3";"1";"1";""
"202100043174";"124Â 492";"A01";"1";"33";"0";"2";"2";"1";"1";""
"202100043174";"124Â 493";"B01";"1";"10";"0";"2";"3";"1";"1";""
"202100043175";"124Â 489";"A01";"1";"7";"0";"2";"1";"1";"1";""
"202100043175";"124Â 490";"C01";"1";"7";"0";"2";"4";"1";"1";""
"202100043175";"124Â 491";"B01";"1";"10";"0";"2";"4";"1";"1";""
"202100043176";"124Â 487";"A01";"1";"50";"0";"2";"1";"25";"3";""
"202100043176";"124Â 488";"B01";"3";"7";"0";"2";"2";"1";"1";""
"202100043177";"124Â 485";"A01";"1";"7";"0";"1";"5";"16";"1";""
"202100043177";"124Â 486";"B01";"1";"7";"0";"2";"3";"14";"1";""
"202100043178";"124Â 482";"A01";"1";"7";"14";"0";"4";"2";"1";""
"202100043178";"124Â 483";"C01";"2";"7";"0";"2";"8";"5";"1";""
"202100043178";"124Â 484";"B01";"1";"33";"0";"0";"4";"2";"1";""
"202100043179";"124Â 478";"A01";"2";"7";"0";"2";"3";"15";"1";""
"202100043179";"124Â 479";"B01";"1";"33";"0";"2";"1";"2";"1";""
"202100043180";"124Â 477";"Z01";"0";"99";"0";"1";"0";"26";"0";""
"202100043181";"124Â 475";"Y01";"2";"0";"0";"0";" -1";"1";" -1";""
"202100043181";"124Â 476";"A01";"2";"7";"0";"1";"2";"1";"1";""
"202100043182";"124Â 473";"B01";"1";"7";"0";"2";"3";"0";"1";""
"202100043182";"124Â 474";"A01";"1";"31";"1";"2";"7";"17";"1";""
"202100043183";"124Â 471";"A01";"1";"30";"0";"2";"1";"9";"1";""
"202100043183";"124Â 472";"Z01";"1";"7";"0";"2";"3";"1";"0";""
"202100043184";"124Â 470";"A01";"1";"7";"0";"1";"4";"4";"1";""
"202100043185";"124Â 468";"A01";"1";"33";"0";"2";"0";"21";"1";""
"202100043185";"124Â 469";"B01";"1";"7";"0";"0";"0";"3";"1";""
"202100043186";"124Â 466";"B01";"2";"7";"0";"2";"2";"15";"1";""
"202100043186";"124Â 467";"A01";"1";"31";"0";"2";"1";"1";"1";""
"202100043187";"124Â 464";"A01";"3";"7";"0";"2";"1";"0";"1";""
"202100043187";"124Â 465";"B01";"3";"7";"0";"2";"2";"1";"1";""
"202100043188";"124Â 462";"B01";"3";"7";"0";"2";"8";"1";"1";""
"202100043188";"124Â 463";"A01";"3";"7";"0";"2";"7";"17";"1";""
"202100043189";"124Â 461";"A01";"3";"7";"0";"1";"1";"15";"0";""
"202100043190";"124Â 459";"A01";"3";"7";"0";"2";"2";"13";"2";""
"202100043190";"124Â 460";"B01";"0";"1";"0";"2";"6";"1";"6";""
"202100043191";"124Â 457";"B01";"1";"7";"0";"2";"5";"23";"1";""
"202100043191";"124Â 458";"A01";"1";"43";"0";"2";"3";"2";"1";""
"202100043192";"124Â 455";"A01";"1";"7";"0";"2";"2";"1";"1";""
"202100043192";"124Â 456";"B01";"1";"32";"0";"2";"2";"15";"1";""
"202100043193";"124Â 453";"A01";"1";"31";"0";"2";"3";"17";"1";""
"202100043193";"124Â 454";"B01";"1";"10";"0";"2";"3";"1";"1";""
"202100043194";"124Â 452";"A01";"2";"50";"1";"0";"6";"13";"3";""
"202100043195";"124Â 450";"B01";"2";"7";"0";"2";"8";"22";"1";""
"202100043195";"124Â 451";"A01";"2";"30";"0";"2";"7";"7";"1";""
"202100043196";"124Â 448";"A01";"1";"7";"0";"2";"3";"15";"1";""
"202100043196";"124Â 449";"B01";"2";"32";"0";"2";"8";"1";"1";""
"202100043197";"124Â 446";"A01";"1";"32";"0";"2";"1";"18";"1";""
"202100043197";"124Â 447";"B01";"1";"7";"0";"2";"3";"16";"1";""
"202100043198";"124Â 444";"Z01";"3";"7";"0";"2";"1";"2";"0";""
"202100043198";"124Â 445";"B01";"1";"7";"0";"2";"5";"23";"0";""
"202100043199";"124Â 442";"B01";"1";"14";"0";"2";"5";"15";"6";""
"202100043199";"124Â 443";"A01";"1";"37";"0";"2";"8";"7";"2";"1"
"202100043200";"124Â 440";"A01";"2";"1";"0";"2";"3";"10";"5";""
"202100043200";"124Â 441";"B01";"2";"33";"0";"2";"1";"1";"1";""
"202100043201";"124Â 438";"B01";"2";"1";"0";"2";"3";"1";"5";""
"202100043201";"124Â 439";"A01";"1";"33";"0";"2";"1";"10";"1";""
"202100043202";"124Â 437";"A01";"1";"2";"0";"0";"0";"18";"1";""
"202100043203";"124Â 435";"A01";"1";"7";"0";"2";"3";"9";"1";""
"202100043203";"124Â 436";"B01";"2";"1";"0";"2";"1";"1";"5";""
"202100043204";"124Â 433";"A01";"2";"7";"0";"2";"2";"1";"1";""
"202100043204";"124Â 434";"B01";"2";"33";"0";"2";"1";"1";"1";""
"202100043205";"124Â 432";"A01";"2";"1";"0";"1";"1";"1";"5";""
"202100043206";"124Â 429";"A01";"3";"7";"0";"2";"7";"1";"1";""
"202100043206";"124Â 430";"B01";"3";"32";"0";"2";"1";"1";"1";""
"202100043206";"124Â 431";"C01";"3";"7";"0";"2";"9";"1";"1";""
"202100043207";"124Â 427";"A01";"1";"7";"0";"2";"2";"15";"1";""
"202100043207";"124Â 428";"B01";"2";"31";"0";"2";"1";"1";"1";""
"202100043208";"124Â 425";"A01";"1";"7";"0";"2";"5";"16";"1";""
"202100043208";"124Â 426";"B01";"1";"33";"0";"2";"1";"14";"1";""
"202100043209";"124Â 423";"A01";"0";"31";"0";"2";"0";"0";"0";""
"202100043209";"124Â 424";"B01";"0";"32";"0";"2";"1";"0";"0";""
"202100043210";"124Â 421";"B01";"1";"99";"0";"2";"1";"2";"0";""
"202100043210";"124Â 422";"A01";"2";"7";"0";"2";"0";"17";"0";""
"202100043211";"124Â 419";"A01";" -1";"7";"0";"2";"1";"9";"0";""
"202100043211";"124Â 420";"B01";" -1";"7";"0";"2";"7";"1";"0";""
"202100043212";"124Â 418";"A01";"1";"7";"0";"1";"1";"1";"1";""
"202100043213";"124Â 416";"A01";"1";"1";"0";"2";"1";"5";"5";""
"202100043213";"124Â 417";"B01";"1";"7";"0";"2";"3";"15";"1";""
"202100043214";"124Â 414";"B01";"1";"7";"0";"2";"4";"1";"1";""
"202100043214";"124Â 415";"A01";"1";"7";"0";"2";"1";"2";"1";""
"202100043215";"124Â 412";"A01";"3";"10";"0";"2";"7";"15";"1";""
"202100043215";"124Â 413";"B01";"3";"7";"0";"2";"2";"1";"1";""
"202100043216";"124Â 410";"B01";"1";"7";"0";"2";"2";"12";"1";""
"202100043216";"124Â 411";"A01";"1";"32";"0";"2";"3";"1";"1";""
"202100043217";"124Â 408";"A01";"3";"50";"0";"2";"1";"26";"3";""
"202100043217";"124Â 409";"B01";"3";"7";"0";"2";"7";"16";"1";""
"202100043218";"124Â 406";"B01";"3";"1";"0";"2";"7";"1";"5";""
"202100043218";"124Â 407";"A01";"3";"10";"0";"2";"2";"16";"1";""
"202100043219";"124Â 403";"C01";"2";"7";"0";"2";"5";"2";"1";""
"202100043219";"124Â 404";"B01";"2";"32";"0";"2";"6";"1";"1";""
"202100043219";"124Â 405";"A01";"1";"7";"0";"2";"3";"15";"1";""
"202100043220";"124Â 401";"A01";"1";"7";"0";"2";"3";"15";"1";""
"202100043220";"124Â 402";"B01";"1";"1";"0";"2";"1";"1";"5";""
"202100043221";"124Â 399";"A01";"1";"7";"1";"2";"2";"16";"1";""
"202100043221";"124Â 400";"B01";"1";"31";"1";"2";"1";"1";"1";""
"202100043222";"124Â 397";"B01";"1";"7";"0";"2";"2";"20";"1";""
"202100043222";"124Â 398";"A01";"2";"33";"0";"2";"1";"1";"1";""
"202100043223";"124Â 396";"A01";"1";"7";"2";"0";"1";"1";"1";""
"202100043224";"124Â 394";"A01";"1";"33";"0";"2";"1";"3";"1";""
"202100043224";"124Â 395";"B01";"1";"7";"0";"2";"6";"1";"1";""
"202100043225";"124Â 392";"A01";"3";"1";"0";"2";"7";"12";"5";""
"202100043225";"124Â 393";"B01";"0";"10";"0";"2";"8";"1";"1";""
"202100043226";"124Â 390";"A01";"3";"43";"0";"2";"8";"23";"1";""
"202100043226";"124Â 391";"B01";"3";"7";"0";"2";"2";"16";"2";""
"202100043227";"124Â 389";"A01";"2";"7";"15";"0";"2";"14";"1";""
"202100043228";"124Â 387";"A01";"2";"7";"0";"2";"1";"5";"1";""
"202100043228";"124Â 388";"B01";"2";"7";"0";"2";"1";"1";"1";""
"202100043229";"124Â 386";"A01";"1";"36";"13";"0";"2";"1";"1";""
"202100043230";"124Â 384";"A01";"2";"15";"4";"2";"3";"1";"1";""
"202100043230";"124Â 385";"B01";"1";"10";"0";"2";"1";"13";"1";""
"202100043231";"124Â 382";"A01";"1";"7";"0";"2";"1";"12";"1";""
"202100043231";"124Â 383";"B01";"1";"13";"0";"0";"5";"1";"1";""
"202100043232";"124Â 380";"A01";"1";"7";"0";"2";"2";"17";"1";""
"202100043232";"124Â 381";"B01";"1";"99";"0";"0";"6";"1";"1";""
"202100043233";"124Â 378";"A01";"1";"7";"0";"2";"1";"2";"1";""
"202100043233";"124Â 379";"B01";"1";"1";"0";"0";"4";"2";"5";""
"202100043234";"124Â 377";"A01";"1";"33";"13";"0";"1";"1";"1";""
"202100043235";"124Â 376";"A01";"3";"21";"0";"0";"0";"14";"1";""
"202100043236";"124Â 375";"A01";"1";"2";"11";"0";"1";"1";"1";""
"202100043237";"124Â 373";"A01";"1";"10";"0";"2";"1";"13";"1";""
"202100043237";"124Â 374";"B01";"2";"7";"0";"2";"1";"15";"1";""
"202100043238";"124Â 372";"A01";"1";"7";"0";"1";"0";"15";"1";""
"202100043239";"124Â 370";"B01";"2";"2";"0";"2";"1";"15";"1";""
"202100043239";"124Â 371";"A01";"2";"7";"0";"2";"1";"1";"1";""
"202100043240";"124Â 369";"A01";"2";"7";"0";"0";"9";"21";"1";""
"202100043241";"124Â 367";"B01";"2";"7";"5";"2";"3";"13";"1";""
"202100043241";"124Â 368";"A01";"1";"13";"0";"2";"3";"1";"1";""
"202100043242";"124Â 366";"A01";"0";"2";"16";"0";"8";"0";"1";""
"202100043243";"124Â 365";"A01";"1";"7";"13";"0";"2";"21";"1";""
"202100043244";"124Â 363";"A01";"3";"80";"0";"2";"1";"13";"3";""
"202100043244";"124Â 364";"B01";"3";"2";"0";"2";"1";"1";"1";""
"202100043245";"124Â 362";"A01";"3";"7";"2";"0";"0";"0";"1";""
"202100043246";"124Â 360";"A01";"1";"7";"0";"2";"1";"15";"1";""
"202100043246";"124Â 361";"B01";"2";"7";"0";"2";"3";"1";"1";""
"202100043247";"124Â 358";"B01";"1";"10";"0";"2";"2";"1";"1";""
"202100043247";"124Â 359";"A01";"0";"1";"0";"2";"1";"9";"5";""
"202100043248";"124Â 355";"A01";"1";"7";"0";"2";"1";"15";"1";""
"202100043248";"124Â 356";"B01";"2";"7";"6";"2";"1";"1";"1";""
"202100043248";"124Â 357";"C01";"1";"7";"0";"2";"3";"1";"1";""
"202100043249";"124Â 353";"A01";"0";"2";"0";"0";"2";"0";"1";""
"202100043249";"124Â 354";"B01";"0";"7";"0";"0";"2";"0";"2";""
"202100043250";"124Â 352";"A01";"1";"7";"13";"0";"2";"1";"1";""
"202100043251";"124Â 350";"A01";"3";"2";"0";"2";"1";"1";"1";""
"202100043251";"124Â 351";"B01";"3";"7";"0";"2";"8";"1";"1";""
"202100043252";"124Â 349";"A01";"1";"1";"0";"0";"1";"3";"5";""
"202100043253";"124Â 345";"C01";"0";"7";"0";"2";"3";"2";"1";""
"202100043253";"124Â 346";"B01";"1";"7";"0";"2";"1";"1";"1";""
"202100043253";"124Â 347";"A01";"3";"7";"0";"2";"3";"19";"1";""
"202100043254";"124Â 343";"B01";"1";"33";"0";"2";"1";"21";"1";""
"202100043254";"124Â 344";"A01";"1";"7";"0";"2";"3";"19";"1";""
"202100043255";"124Â 341";"B01";"3";"1";"0";"2";"8";"15";"5";""
"202100043255";"124Â 342";"A01";"3";"7";"0";"2";"1";"1";"1";""
"202100043256";"124Â 340";"A01";"1";"1";"16";"0";"1";"13";"5";""
"202100043257";"124Â 338";"C01";"1";"14";"0";"2";"3";"1";"1";""
"202100043257";"124Â 339";"A01";"2";"15";"0";"0";"8";"1";"1";""
"202100043258";"124Â 337";"A01";"1";"31";"0";"0";"0";"0";"6";""
"202100043259";"124Â 335";"A01";"2";"7";"0";"9";"8";"1";"1";""
"202100043259";"124Â 336";"B01";"2";"1";"0";"2";"7";"1";"5";""
"202100043260";"124Â 334";"A01";"2";"33";"0";"0";"3";"1";"1";""
"202100043261";"124Â 333";"A01";"1";"1";"0";"0";"7";"1";"5";""
"202100043262";"124Â 332";"A01";"1";"31";"0";"0";"1";"1";"1";""
"202100043263";"124Â 331";"A01";"3";"7";"6";"0";"2";"1";"1";""
"202100043264";"124Â 330";"A01";"2";"3";"0";"0";"7";"0";"1";""
"202100043265";"124Â 328";"B01";"1";"7";"0";"2";"4";"1";"1";""
"202100043265";"124Â 329";"A01";"1";"7";"0";"2";"1";"1";"1";""
"202100043266";"124Â 327";"A01";"3";"2";"0";"0";"0";"1";"1";""
"202100043267";"124Â 325";"B01";"1";"7";"0";"2";"2";"1";"1";""
"202100043267";"124Â 326";"A01";"1";"33";"0";"2";"4";"26";"1";""
"202100043268";"124Â 324";"A01";"2";"7";"0";"1";"1";"1";"1";""
"202100043269";"124Â 320";"A01";"2";"7";"0";"0";"0";"0";"1";""
"202100043270";"124Â 318";"B01";"1";"17";"0";"2";"8";"19";"1";""
"202100043270";"124Â 319";"A01";"2";"7";"0";"2";"2";"1";"1";""
"202100043271";"124Â 317";"A01";"1";"10";"2";"0";"3";"0";"1";""
"202100043272";"124Â 316";"A01";"1";"33";"0";"6";"1";"1";"1";""
"202100043273";"124Â 314";"A01";"1";"7";"0";"2";"7";"26";"1";""
"202100043273";"124Â 315";"B01";"1";"2";"0";"2";"8";"1";"1";""
"202100043274";"124Â 312";"B01";"2";"31";"0";"2";"1";"1";"1";""
"202100043274";"124Â 313";"A01";"1";"7";"0";"2";"3";"15";"1";""
"202100043275";"124Â 310";"A01";"3";"7";"0";"0";"7";"1";"1";""
"202100043275";"124Â 311";"B01";"0";"7";"0";"2";"1";"1";"1";""
"202100043276";"124Â 308";"A01";"1";"14";"0";"2";"7";"15";"1";""
"202100043276";"124Â 309";"B01";"2";"33";"0";"2";"1";"1";"1";""
"202100043277";"124Â 307";"A01";"3";"33";"17";"0";"1";"1";"1";""
"202100043278";"124Â 306";"A01";"3";"80";"0";"0";"7";"1";"3";""
"202100043279";"124Â 305";"A01";"1";"15";"2";"0";"1";"1";"1";""
"202100043280";"124Â 304";"A01";"1";"7";"2";"0";"8";"21";"1";""
"202100043281";"124Â 301";"A01";"1";"7";"0";"2";"1";"13";"1";""
"202100043281";"124Â 302";"B01";"1";"15";"0";"2";"2";"1";"1";""
"202100043282";"124Â 299";"A01";"1";"1";"0";"9";"0";"1";"5";""
"202100043282";"124Â 300";"B01";"1";"21";"0";"9";"0";"26";"1";""
"202100043283";"124Â 297";"B01";"1";"7";"0";"2";"2";"17";"1";""
"202100043283";"124Â 298";"A01";"1";"33";"8";"0";"6";"26";"1";""
"202100043284";"124Â 293";"D01";"1";"7";"0";"0";"3";"1";"1";""
"202100043284";"124Â 294";"C01";"2";"7";"0";"2";"1";"1";"1";""
"202100043284";"124Â 295";"A01";"2";"7";"0";"0";"4";"1";"1";""
"202100043284";"124Â 296";"B01";"2";"7";"0";"2";"5";"1";"1";""
"202100043285";"124Â 291";"A01";"3";"33";"0";"2";"1";"1";"1";""
"202100043285";"124Â 292";"B01";"3";"7";"0";"2";"7";"15";"1";""
"202100043286";"124Â 289";"A01";"1";"7";"0";"0";"3";"17";"1";""
"202100043286";"124Â 290";"B01";"2";"2";"0";"0";"3";"1";"1";""
"202100043287";"124Â 287";"B01";"0";"7";"0";"2";"1";"1";"1";""
"202100043287";"124Â 288";"A01";"0";"7";"8";"2";"1";"13";"1";""
"202100043288";"124Â 284";"A01";"1";"31";"0";"2";"1";"2";"1";""
"202100043288";"124Â 285";"B01";"1";"21";"0";"2";"4";"2";"1";""
"202100043289";"124Â 282";"A01";"2";"7";"0";"9";"2";"1";"2";""
"202100043289";"124Â 283";"B01";"3";"1";"0";"2";"1";"1";"5";""
"202100043290";"124Â 281";"A01";"2";"43";"4";"0";"7";"1";"1";""
"202100043291";"124Â 280";"A01";"1";"7";"0";"5";"1";"19";"1";""
"202100043292";"124Â 277";"C01";"2";"10";"3";"2";"3";"2";"1";""
"202100043292";"124Â 278";"B01";"2";"7";"3";"2";"3";"19";"1";""
"202100043292";"124Â 279";"A01";"2";"7";"3";"2";"5";"1";"1";""
"202100043293";"124Â 276";"A01";"1";"7";"0";" -1";"1";"1";"0";""
"202100043294";"124Â 275";"A01";"1";"33";"0";"1";"1";"17";"1";""
"202100043295";"124Â 273";"B01";"2";"33";"0";"2";"1";"1";"1";""
"202100043295";"124Â 274";"A01";"2";"7";"0";"2";"6";"15";"1";""
"202100043296";"124Â 272";"A01";"0";"34";"0";"0";"0";"13";"1";""
"202100043297";"124Â 270";"A01";"3";"7";"0";"2";"2";"1";"1";""
"202100043297";"124Â 271";"B01";"3";"1";"0";"2";"4";"0";"5";""
"202100043298";"124Â 268";"B01";"1";"1";"0";"2";"8";"15";"5";""
"202100043298";"124Â 269";"A01";"2";"7";"0";"2";"1";"1";"0";""
"202100043299";"124Â 265";"A01";"1";"7";"0";"2";"1";"2";"1";""
"202100043299";"124Â 266";"C01";"1";"7";"0";"2";"4";"2";"1";""
"202100043299";"124Â 267";"B01";"1";"7";"0";"2";"4";"2";"1";""
"202100043300";"124Â 263";"B01";"2";"7";"0";"2";"2";"2";"1";""
"202100043300";"124Â 264";"A01";"2";"30";"0";"2";"0";"9";"1";""
"202100043301";"124Â 261";"A01";"1";"2";"0";"2";"2";"2";"1";""
"202100043301";"124Â 262";"B01";"1";"7";"0";"2";"3";"15";"1";""
"202100043302";"124Â 259";"B01";"1";"7";"0";"2";"6";"15";"1";""
"202100043302";"124Â 260";"A01";"1";"43";"0";"2";"1";"1";"1";""
"202100043303";"124Â 258";"A01";"2";"7";"14";"0";"2";"17";"1";""
"202100043304";"124Â 256";"B01";"1";"7";"4";"2";"1";"11";"1";""
"202100043304";"124Â 257";"A01";"1";"10";"4";"2";"5";"1";"1";""
"202100043305";"124Â 254";"A01";"2";"7";"14";"2";"1";"19";"1";""
"202100043305";"124Â 255";"B01";"3";"7";"0";"2";"3";"9";"1";""
"202100043306";"124Â 252";"A01";"2";"1";"0";"0";"8";"1";"5";""
"202100043307";"124Â 251";"A01";"1";"33";"1";"0";"4";"9";"1";""
"202100043308";"124Â 249";"A01";"3";"33";"0";"2";"3";"2";"1";""
"202100043308";"124Â 250";"B01";"3";"33";"0";"2";"5";"2";"1";""
"202100043309";"124Â 248";"A01";"1";"7";"0";"1";"3";"1";"1";""
"202100043310";"124Â 247";"A01";"0";"7";"0";"1";"1";"15";"2";""
"202100043311";"124Â 245";"B01";"0";"7";"0";"2";"3";"15";"1";""
"202100043311";"124Â 246";"A01";"0";"32";"0";"2";"1";"17";"1";""
"202100043312";"124Â 242";"A01";"3";"99";"0";"1";"1";"1";"0";""
"202100043313";"124Â 239";"A01";"3";"7";"0";"2";"7";"9";"1";""
"202100043313";"124Â 240";"B01";"3";"34";"0";"2";"1";"1";"1";""
"202100043314";"124Â 237";"B01";"1";"7";"0";"2";"4";"1";"1";""
"202100043314";"124Â 238";"A01";"1";"7";"8";"2";"1";"2";"1";""
"202100043315";"124Â 235";"A01";"0";"1";"0";"2";"8";"1";"5";""
"202100043315";"124Â 236";"B01";"0";"7";"0";"2";"1";"9";"0";""
"202100043316";"124Â 233";"A01";"1";"50";"0";"2";"7";"1";"3";""
"202100043316";"124Â 234";"B01";"2";"10";"0";"2";"1";"1";"1";""
"202100043317";"124Â 232";"A01";"1";"7";"0";"1";"2";"1";"1";""
"202100043318";"124Â 231";"Z01";"3";"7";"0";"1";"0";"0";"1";""
"202100043319";"124Â 229";"A01";"1";"7";"0";"2";"3";"10";"1";""
"202100043319";"124Â 230";"B01";"2";"2";"0";"2";"1";"2";"1";""
"202100043320";"124Â 227";"B01";"1";"7";"0";"2";"3";"1";"1";""
"202100043320";"124Â 228";"A01";"1";"7";"0";"2";"2";"1";"1";""
"202100043321";"124Â 225";"B01";"1";"7";"0";"2";"1";"1";"1";""
"202100043321";"124Â 226";"A01";"1";"7";"0";"9";"8";"10";"1";""
"202100043322";"124Â 223";"B01";"1";"50";"0";"2";"4";"1";"3";""
"202100043322";"124Â 224";"A01";"2";"7";"0";"9";"1";"9";"1";""
"202100043323";"124Â 222";"A01";"1";"3";"16";"0";"1";"26";"1";""
"202100043324";"124Â 220";"A01";"1";"7";"0";"9";"3";"15";"1";""
"202100043324";"124Â 221";"B01";"2";"1";"14";"0";"0";"0";"0";""
"202100043325";"124Â 218";"A01";"2";"10";"0";"2";"1";"15";"1";""
"202100043325";"124Â 219";"B01";"2";"33";"0";"2";"1";"1";"1";""
"202100043326";"124Â 217";"A01";"1";"0";"1";"0";"1";"14";"0";""
"202100043327";"124Â 215";"B01";"1";"1";"0";"2";"8";"16";"5";""
"202100043327";"124Â 216";"A01";"2";"1";"0";"2";"8";"15";"5";""
"202100043328";"124Â 214";"A01";"1";"1";"14";"0";"0";"1";"5";""
"202100043329";"124Â 212";"A01";"0";"10";"0";"2";"5";"15";"1";""
"202100043329";"124Â 213";"B01";"0";"33";"0";"2";"1";"2";"1";""
"202100043330";"124Â 210";"B01";"1";"7";"0";"2";"7";"1";"1";""
"202100043330";"124Â 211";"A01";"1";"2";"0";"2";"1";"19";"1";""
"202100043331";"124Â 209";"A01";"3";"1";"0";"1";"0";"1";"5";""
"202100043332";"124Â 207";"A01";"2";"40";"0";"2";"3";"1";"3";""
"202100043332";"124Â 208";"B01";"1";"60";"0";"4";"2";"0";"5";""
"202100043333";"124Â 206";"A01";"1";"32";"0";"1";"1";"1";"1";""
"202100043334";"124Â 204";"B01";"1";"1";"0";"0";"4";"1";"0";""
"202100043334";"124Â 205";"A01";"1";"7";"0";"2";"2";"1";"1";""
"202100043335";"124Â 203";"A01";"1";"7";"8";"0";"3";"13";"1";""
"202100043336";"124Â 202";"A01";"1";"7";"6";"0";"1";"1";"1";""
"202100043337";"124Â 200";"A01";"1";"7";"0";"2";"3";"15";"1";""
"202100043337";"124Â 201";"B01";"2";"43";"0";"2";"1";"1";"1";""
"202100043338";"124Â 198";"B01";"0";"7";"0";"2";"1";"1";"1";""
"202100043338";"124Â 199";"A01";"0";"7";"0";"2";"1";"13";"1";""
"202100043339";"124Â 196";"A01";"1";"34";"0";"2";"3";"18";"1";""