"Num_Acc";"id_vehicule";"num_veh";"senc";"catv";"obs";"obsm";"choc";"manv";"motor";"occutc"
"202100043339";"124Â 197";"B01";"1";"14";"0";"2";"2";"1";"1";""
"202100043340";"124Â 194";"A01";"1";"7";"9";"2";"2";"15";"1";""
"202100043340";"124Â 195";"B01";"2";"7";"0";"2";"2";"1";"1";""
"202100043341";"124Â 192";"B01";"1";"1";"0";"2";"1";"1";"0";""
"202100043341";"124Â 193";"A01";"1";"7";"0";"2";"1";"9";"1";""
"202100043342";"124Â 190";"A01";"0";"3";"0";"2";"1";"16";"1";""
"202100043342";"124Â 191";"B01";"0";"1";"0";"2";"1";"13";"5";""
"202100043343";"124Â 188";"B01";"3";"31";"0";"2";"1";"1";"1";""
"202100043343";"124Â 189";"A01";"3";"7";"0";"2";"3";"15";"1";""
"202100043344";"124Â 186";"A01";"1";"10";"0";"2";"3";"11";"1";""
"202100043344";"124Â 187";"B01";"1";"31";"0";"2";"7";"1";"1";""
"202100043345";"124Â 184";"A01";"1";"7";"0";"2";"2";"12";"1";""
"202100043345";"124Â 185";"B01";"1";"7";"0";"2";"6";"1";"1";""
"202100043346";"124Â 183";"A01";"1";"7";"0";"1";"2";"7";"2";""
"202100043347";"124Â 181";"A01";"1";"2";"0";"2";"1";"1";"1";""
"202100043347";"124Â 182";"B01";"1";"37";"0";"2";"6";"23";"2";"1"
"202100043348";"124Â 179";"A01";"1";"34";"0";"2";"3";"1";"1";""
"202100043348";"124Â 180";"B01";"3";"50";"0";"2";"1";"19";"3";""
"202100043349";"124Â 178";"A01";"2";"10";"0";"1";"8";"15";"1";""
"202100043350";"124Â 177";"A01";"2";"7";"1";"1";"2";"1";"1";""
"202100043351";"124Â 174";"A01";"2";"7";"0";"2";"1";"15";"1";""
"202100043351";"124Â 175";"B01";"2";"1";"0";"2";"3";"1";"5";""
"202100043352";"124Â 173";"A01";"1";"80";"0";"1";"1";"1";"3";""
"202100043353";"124Â 172";"A01";"2";"43";"1";"0";"3";"18";"1";""
"202100043354";"124Â 171";"A01";"1";"7";"0";"1";"2";"19";"1";""
"202100043355";"124Â 169";"B01";"2";"1";"0";"0";"0";"0";"5";""
"202100043355";"124Â 170";"A01";"2";"10";"0";"2";"0";"9";"1";""
"202100043356";"124Â 167";"B01";"2";"1";"0";"2";"4";"1";"5";""
"202100043356";"124Â 168";"A01";"2";"30";"0";"9";"1";"9";"1";""
"202100043357";"124Â 165";"B01";"1";"2";"0";"2";"8";"1";"3";""
"202100043357";"124Â 166";"A01";"2";"7";"0";"2";"2";"19";"1";""
"202100043358";"124Â 164";"A01";"2";"7";"0";"1";"2";"2";"1";""
"202100043359";"124Â 162";"A01";"2";"2";"0";"2";"7";"15";"1";""
"202100043359";"124Â 163";"B01";"2";"7";"0";"2";"1";"1";"1";""
"202100043360";"124Â 161";"A01";"0";"10";"0";"1";"3";"21";"1";""
"202100043361";"124Â 159";"B01";"2";"10";"0";"2";"3";"1";"1";""
"202100043361";"124Â 160";"A01";"2";"7";"0";"2";"5";"1";"1";""
"202100043362";"124Â 158";"A01";"1";"3";"0";"1";"4";"4";"0";""
"202100043363";"124Â 156";"A01";" -1";"10";"0";"1";"6";"4";"1";""
"202100043363";"124Â 157";"B01";"1";"7";"0";"1";"3";"1";"1";""
"202100043364";"124Â 154";"B01";" -1";"7";"0";"2";"1";"16";"1";""
"202100043364";"124Â 155";"A01";"1";"34";"0";"2";"1";"1";"0";""
"202100043365";"124Â 152";"A01";"1";"10";"0";"2";"8";"10";"1";""
"202100043365";"124Â 153";"B01";"1";"2";"0";"2";"1";"17";"1";""
"202100043366";"124Â 150";"A01";"1";"37";"1";"1";"1";"19";"1";"1"
"202100043366";"124Â 151";"B01";"1";"99";"0";"2";"0";"0";"0";""
"202100043367";"124Â 148";"A01";"2";"7";"0";"2";"7";"1";"1";""
"202100043367";"124Â 149";"B01";"2";"7";"0";"2";"1";"1";"1";""
"202100043368";"124Â 147";"Z01";"3";"7";"0";"1";"4";"0";"0";""
"202100043369";"124Â 145";"A01";"3";"7";"0";"9";"3";"26";"1";""
"202100043369";"124Â 146";"B01";"3";"1";"1";"2";"1";"1";"0";""
"202100043370";"124Â 143";"A01";"1";"32";"0";"2";"7";"15";"1";""
"202100043370";"124Â 144";"B01";"2";"7";"0";"2";"1";"1";"1";""
"202100043371";"124Â 141";"A01";"1";"30";"0";"2";"7";"9";"1";""
"202100043371";"124Â 142";"B01";"3";"34";"0";"2";"1";"1";"1";""
"202100043372";"124Â 139";"B01";"1";"32";"0";"2";"0";"0";"1";""
"202100043372";"124Â 140";"A01";"1";"30";"0";"2";"0";"13";"0";""
"202100043373";"124Â 137";"B01";"1";"1";"0";"2";"1";"1";"5";""
"202100043373";"124Â 138";"A01";"1";"7";"0";"2";"2";"16";"1";""
"202100043374";"124Â 135";"B01";"2";"7";"0";"2";"1";"15";"1";""
"202100043374";"124Â 136";"A01";"1";"32";"0";"2";"1";"1";"1";""
"202100043375";"124Â 133";"B01";"2";"1";"0";"2";"1";"1";"5";""
"202100043375";"124Â 134";"A01";"3";"7";"2";"2";"3";"16";"1";""
"202100043376";"124Â 131";"A01";"1";"14";"0";"2";"2";"16";"0";""
"202100043376";"124Â 132";"B01";"1";"2";"0";"2";"3";"1";"1";""
"202100043377";"124Â 128";"B01";"1";"2";"0";"2";"1";"1";"1";""
"202100043377";"124Â 129";"A01";"3";"7";"0";"2";"3";"26";"1";""
"202100043378";"124Â 125";"A01";"3";"14";"0";"1";"4";"4";"1";""
"202100043379";"124Â 121";"A01";"1";"7";"0";"2";"2";"1";"1";""
"202100043379";"124Â 122";"B01";"2";"60";"0";"2";"8";"19";"5";""
"202100043380";"124Â 120";"A01";"1";"32";"0";"0";"8";"17";"1";""
"202100043381";"124Â 119";"A01";"3";"1";"6";"0";"1";"1";"0";""
"202100043382";"124Â 117";"A01";"1";"7";"0";"2";"6";"15";"1";""
"202100043382";"124Â 118";"B01";"1";"7";"0";"2";"2";"17";"1";""
"202100043383";"124Â 115";"B01";"2";"7";"0";"2";"2";"1";"1";""
"202100043383";"124Â 116";"A01";"1";"2";"0";"2";"1";"1";"1";""
"202100043384";"124Â 113";"B01";"1";"7";"0";"2";"4";"23";"1";""
"202100043384";"124Â 114";"A01";"1";"7";"0";"2";"1";"1";"1";""
"202100043385";"124Â 112";"A01";"2";"2";"15";"0";"1";"21";"1";""
"202100043386";"124Â 111";"A01";"3";"21";"0";"1";"2";"1";"1";""
"202100043387";"124Â 110";"A01";"1";"33";"5";"0";"7";"1";"1";""
"202100043388";"124Â 108";"B01";"2";"7";"0";"2";"3";"1";"1";""
"202100043388";"124Â 109";"A01";"1";"7";"0";"2";"3";"1";"1";""
"202100043389";"124Â 106";"A01";"0";"7";"0";"2";"6";"15";"1";""
"202100043389";"124Â 107";"B01";"0";"36";"0";"2";"1";"1";"0";""
"202100043390";"124Â 104";"B01";"0";"7";"0";"2";"1";"2";"1";""
"202100043390";"124Â 105";"A01";"0";"15";"0";"2";"7";"2";"1";""
"202100043391";"124Â 102";"A01";"1";"2";"9";"0";"1";"17";"1";""
"202100043391";"124Â 103";"B01";"1";"7";"0";"0";"0";"15";"0";""
"202100043392";"124Â 101";"A01";"0";"7";"13";"0";"1";"1";"1";""
"202100043393";"124Â 100";"A01";"1";"7";"4";"0";"3";"17";"1";""
"202100043394";"124Â 099";"A01";"2";"33";"3";"0";"1";"2";"1";""
"202100043395";"124Â 098";"A01";"1";"7";"13";"0";"2";"1";"1";""
"202100043396";"124Â 096";"A01";"1";"7";"0";"2";"5";"1";"1";""
"202100043396";"124Â 097";"B01";"1";"7";"0";"2";"3";"11";"1";""
"202100043397";"124Â 093";"C01";"1";"7";"0";"2";"4";"1";"1";""
"202100043397";"124Â 094";"B01";"1";"7";"0";"2";"3";"12";"1";""
"202100043397";"124Â 095";"A01";"1";"7";"0";"2";"1";"0";"1";""
"202100043398";"124Â 092";"A01";"1";"7";"4";"0";"3";"21";"1";""
"202100043399";"124Â 091";"A01";"1";"7";"15";"1";"1";"14";"1";""
"202100043400";"124Â 088";"A01";"1";"7";"0";"2";"4";"23";"1";""
"202100043400";"124Â 089";"C01";"1";"7";"0";"2";"1";"2";"1";""
"202100043400";"124Â 090";"B01";"1";"7";"0";"2";"4";"2";"1";""
"202100043401";"124Â 085";"A01";"2";"7";"0";"2";"4";"23";"1";""
"202100043401";"124Â 086";"B01";"2";"7";"0";"2";"4";"23";"1";""
"202100043401";"124Â 087";"C01";"2";"7";"0";"2";"1";"2";"1";""
"202100043402";"124Â 082";"C01";"2";"7";"14";"0";"0";"0";"1";""
"202100043402";"124Â 083";"B01";"2";"10";"0";"2";"4";"24";"1";""
"202100043402";"124Â 084";"A01";"2";"31";"1";"0";"7";"1";"1";""
"202100043403";"124Â 079";"C01";"1";"10";"0";"2";"6";"2";"1";""
"202100043403";"124Â 080";"B01";"1";"7";"0";"0";"0";"0";"1";""
"202100043403";"124Â 081";"A01";"1";"7";"0";"2";"2";"21";"1";""
"202100043404";"124Â 077";"B01";"2";"7";"0";"2";"4";"1";"1";""
"202100043404";"124Â 078";"A01";"2";"43";"0";"2";"1";"1";"1";""
"202100043405";"124Â 076";"A01";"1";"7";"0";"1";"2";"1";"1";""
"202100043406";"124Â 075";"A01";"1";"33";"0";"1";"1";"1";"1";""
"202100043407";"124Â 074";"A01";"1";"32";"4";"0";"7";"1";"1";""
"202100043408";"124Â 073";"A01";"1";"30";"0";"1";"1";"17";"1";""
"202100043409";"124Â 071";"A01";"1";"7";"6";"2";"1";"17";"1";""
"202100043409";"124Â 072";"B01";"2";"2";"0";"2";"1";"1";"1";""
"202100043410";"124Â 070";"A01";"1";"2";"0";"0";"7";"9";"1";""
"202100043411";"124Â 068";"A01";"1";"2";"0";"2";"8";"13";"1";""
"202100043411";"124Â 069";"B01";"1";"10";"0";"2";"4";"1";"1";""
"202100043412";"124Â 065";"C01";"2";"7";"0";"2";"1";"0";"1";""
"202100043412";"124Â 066";"B01";"2";"7";"1";"2";"8";"1";"1";""
"202100043412";"124Â 067";"A01";"1";"7";"0";"2";"1";"1";"1";""
"202100043413";"124Â 064";"A01";"1";"7";"0";"0";"8";"1";"1";""
"202100043414";"124Â 062";"B01";"1";"50";"0";"2";"8";"1";"3";""
"202100043414";"124Â 063";"A01";"2";"7";"0";"2";"2";"15";"1";""
"202100043415";"124Â 057";"A01";"3";"7";"0";"2";"2";"13";"1";""
"202100043415";"124Â 058";"C01";"3";"7";"0";"0";"4";"2";"1";""
"202100043415";"124Â 059";"B01";"3";"7";"0";"2";"6";"2";"1";""
"202100043416";"124Â 055";"B01";"3";"10";"0";"2";"3";"1";"1";""
"202100043416";"124Â 056";"A01";"3";"10";"0";"2";"3";"13";"1";""
"202100043417";"124Â 054";"A01";"3";"32";"0";"0";"9";"15";"1";""
"202100043418";"124Â 053";"A01";"0";"7";"0";"1";"2";"2";"1";""
"202100043419";"124Â 050";"B01";"2";"7";"1";"2";"4";"2";"1";""
"202100043419";"124Â 051";"C01";"2";"15";"0";"2";"4";"24";"1";""
"202100043419";"124Â 052";"A01";"2";"15";"0";"2";"1";"2";"1";""
"202100043420";"124Â 049";"A01";"1";"3";"6";"0";"2";"14";"1";""
"202100043421";"124Â 048";"A01";"3";"7";"0";"1";"3";"1";"1";""
"202100043422";"124Â 046";"A01";"3";"7";"0";"9";"6";"20";"1";""
"202100043422";"124Â 047";"B01";"3";"99";"0";"2";"1";"1";"3";""
"202100043423";"124Â 043";"C01";"0";"7";"0";"5";"4";"1";"1";""
"202100043423";"124Â 044";"B01";"0";"7";"0";"2";"4";"1";"1";""
"202100043423";"124Â 045";"A01";"0";"7";"0";"2";"1";"1";"1";""
"202100043424";"124Â 041";"B01";"1";"43";"0";"2";"7";"17";"1";""
"202100043424";"124Â 042";"A01";"1";"7";"0";"2";"8";"15";"1";""
"202100043425";"124Â 040";"A01";"3";"7";"0";"1";"1";"16";"1";""
"202100043426";"124Â 037";"A01";"0";"10";"11";"0";"3";"13";"1";""
"202100043427";"124Â 035";"A01";"1";"7";"0";"2";"1";"0";"1";""
"202100043427";"124Â 036";"B01";"2";"30";"0";"2";"3";"0";"1";""
"202100043428";"124Â 033";"A01";"1";"1";"0";"2";"1";"17";"5";""
"202100043428";"124Â 034";"B01";"1";"1";"0";"2";"6";"15";"5";""
"202100043429";"124Â 032";"Z01";"1";"1";"0";"1";"0";"1";"5";""
"202100043430";"124Â 030";"A01";"1";"7";"0";"2";"1";"15";"1";""
"202100043430";"124Â 031";"B01";"1";"7";"0";"2";"2";"1";"1";""
"202100043431";"124Â 028";"B01";"2";"7";"0";"2";"3";"1";"1";""
"202100043431";"124Â 029";"A01";"2";"7";"6";"2";"1";"15";"1";""
"202100043432";"124Â 026";"B01";"2";"33";"0";"2";"1";"1";"1";""
"202100043432";"124Â 027";"A01";"1";"7";"0";"2";"2";"15";"1";""
"202100043433";"124Â 024";"A01";"3";"7";"0";"2";"2";"1";"1";""
"202100043433";"124Â 025";"B01";"1";"7";"0";"2";"1";"1";"1";""
"202100043434";"124Â 022";"B01";"2";"7";"0";"2";"2";"19";"1";""
"202100043434";"124Â 023";"A01";"1";"7";"0";"2";"1";"19";"1";""
"202100043435";"124Â 020";"B01";"1";"7";"0";"2";"1";"0";"1";""
"202100043435";"124Â 021";"A01";"1";"7";"0";"2";"1";"0";"1";""
"202100043436";"124Â 019";"A01";"2";"7";"0";"1";"2";"1";"1";""
"202100043437";"124Â 018";"A01";"0";"50";"0";"0";"0";"25";"3";""
"202100043438";"124Â 016";"A01";"1";"2";"0";"2";"0";"0";"1";""
"202100043438";"124Â 017";"B01";"1";"7";"0";"2";"0";"0";"1";""
"202100043439";"124Â 012";"D01";"1";"7";"0";"2";"4";"0";"1";""
"202100043439";"124Â 013";"C01";"1";"7";"0";"2";"1";"0";"1";""
"202100043439";"124Â 014";"A01";"1";"7";"0";"2";"1";"1";"1";""
"202100043439";"124Â 015";"B01";"1";"7";"0";"2";"1";"0";"1";""
"202100043440";"124Â 010";"A01";"1";"7";"0";"2";"0";"0";"1";""
"202100043440";"124Â 011";"B01";"1";"50";"0";"2";"5";"0";"3";""
"202100043441";"124Â 008";"B01";"2";"7";"0";"2";"6";"15";"1";""
"202100043441";"124Â 009";"A01";"2";"30";"0";"2";"1";"17";"1";""
"202100043442";"124Â 007";"A01";"1";"7";"4";"1";"3";"1";"1";""
"202100043443";"124Â 005";"A01";"3";"10";"9";"2";"7";"15";"1";""
"202100043443";"124Â 006";"B01";"1";"7";"9";"2";"1";"1";"1";""
"202100043444";"124Â 004";"A01";"1";"7";"0";"1";"3";"1";"1";""
"202100043445";"124Â 002";"B01";"1";"7";"0";"2";"2";"1";"1";""
"202100043445";"124Â 003";"A01";"1";"7";"0";"2";"3";"9";"1";""
"202100043446";"124Â 000";"A01";"3";"7";"0";"2";"0";"1";"1";""
"202100043446";"124Â 001";"B01";"3";"7";"0";"2";"0";"0";"1";""
"202100043447";"123Â 998";"A01";"2";"7";"0";"2";"1";"1";"1";""
"202100043447";"123Â 999";"B01";"1";"1";"0";"2";"0";"19";"5";""
"202100043448";"123Â 996";"B01";"2";"7";"0";"2";"1";"26";"1";""
"202100043448";"123Â 997";"A01";"1";"7";"0";"2";"1";"26";"1";""
"202100043449";"123Â 994";"A01";"2";"7";"0";"2";"1";"19";"1";""
"202100043449";"123Â 995";"B01";"2";"10";"0";"2";"7";"1";"1";""
"202100043450";"123Â 992";"B01";"3";"7";"0";"2";"3";"16";"1";""
"202100043450";"123Â 993";"A01";"3";"31";"0";"2";"1";"1";"1";""
"202100043451";"123Â 990";"A01";"0";"50";"0";"2";"7";"16";"0";""
"202100043451";"123Â 991";"B01";"0";"7";"0";"9";"2";"1";"1";""
"202100043452";"123Â 988";"B01";"0";"33";"0";"2";"1";"1";"1";""
"202100043452";"123Â 989";"A01";"0";"7";"0";"2";"3";"19";"1";""
"202100043453";"123Â 986";"B01";"1";"7";"0";"2";"3";"1";"1";""
"202100043453";"123Â 987";"A01";"1";"1";"0";"2";"8";"9";"5";""
"202100043454";"123Â 984";"B01";"2";"32";"0";"2";"9";"2";"1";""
"202100043454";"123Â 985";"A01";"2";"7";"0";"2";"3";"15";"1";""
"202100043455";"123Â 983";"A01";"2";"7";"7";"0";"2";"1";"1";""
"202100043456";"123Â 982";"A01";"1";"7";"0";"0";"1";"15";"1";""
"202100043457";"123Â 981";"A01";"2";"32";"0";"0";"0";"26";"1";""
"202100043458";"123Â 980";"A01";"1";"33";"0";"1";"3";"1";"1";""
"202100043459";"123Â 978";"B01";"2";"7";"0";"2";"4";"2";"1";""
"202100043459";"123Â 979";"A01";"2";"7";"0";"2";"1";"2";"1";""
"202100043460";"123Â 976";"B01";"2";"7";"0";"2";"2";"1";"1";""
"202100043460";"123Â 977";"A01";"1";"7";"0";"2";"3";"13";"1";""
"202100043461";"123Â 975";"A01";"1";"31";"4";"0";"1";"1";"1";""
"202100043462";"123Â 973";"A01";"3";"1";"0";"2";"1";"1";"5";""
"202100043462";"123Â 974";"B01";"3";"7";"0";"2";"4";"23";"1";""
"202100043463";"123Â 972";"A01";"2";"30";"14";"0";"1";"14";"1";""
"202100043464";"123Â 970";"A01";"1";"50";"0";"2";"7";"17";"3";""
"202100043464";"123Â 971";"Z01";"1";"50";"0";"2";"0";"15";"3";""
"202100043465";"123Â 966";"B01";"3";"7";"0";"2";"4";"2";"1";""
"202100043465";"123Â 967";"A01";"3";"7";"0";"2";"1";"2";"1";""
"202100043466";"123Â 964";"A01";"1";"7";"0";"2";"1";"1";"2";""
"202100043466";"123Â 965";"B01";"2";"30";"0";"2";"0";"1";"1";""
"202100043467";"123Â 962";"B01";"2";"31";"0";"2";"2";"17";"1";""
"202100043467";"123Â 963";"A01";"2";"10";"0";"2";"3";"13";"1";""
"202100043468";"123Â 960";"A01";"1";"7";"0";"2";"1";"15";"1";""
"202100043468";"123Â 961";"B01";"1";"7";"0";"2";"6";"1";"1";""
"202100043469";"123Â 959";"Z01";"3";"2";"0";"1";"0";"25";"0";""
"202100043470";"123Â 958";"A01";"2";"10";"1";"0";"2";"2";"0";""
"202100043471";"123Â 956";"A01";"2";"7";"0";"2";"3";"15";"1";""
"202100043471";"123Â 957";"B01";"2";"32";"0";"2";"2";"2";"1";""
"202100043472";"123Â 954";"B01";"2";"32";"0";"2";"1";"1";"1";""
"202100043472";"123Â 955";"A01";"1";"7";"0";"2";"1";"15";"1";""
"202100043473";"123Â 952";"B01";"3";"13";"0";"2";"4";"2";"1";""
"202100043473";"123Â 953";"A01";"3";"37";"0";"2";"1";"1";"1";"1"
"202100043474";"123Â 950";"A01";"1";"7";"0";"2";"4";"2";"1";""
"202100043474";"123Â 951";"B01";"0";"7";"0";"2";"4";"2";"1";""
"202100043475";"123Â 948";"A01";"1";"20";"0";"2";"1";"0";"1";""
"202100043475";"123Â 949";"B01";"3";"7";"0";"2";"3";"0";"1";""
"202100043476";"123Â 947";"A01";" -1";"7";"0";"1";"3";"1";"1";""
"202100043477";"123Â 945";"A01";"2";"7";"0";"2";"3";"11";"2";""
"202100043477";"123Â 946";"B01";"2";"33";"0";"2";"1";"1";"1";""
"202100043478";"123Â 944";"A01";"1";"32";"0";"1";"1";"21";"1";""
"202100043479";"123Â 942";"A01";"2";"32";"0";"2";"3";"2";"1";""
"202100043479";"123Â 943";"B01";"0";"7";"0";"2";"2";"16";"1";""
"202100043480";"123Â 940";"A01";"2";"7";"0";"2";"2";"16";"1";""
"202100043480";"123Â 941";"B01";"2";"7";"0";"2";"3";"9";"1";""
"202100043481";"123Â 939";"A01";"1";"50";"8";"0";"1";"1";"3";""
"202100043482";"123Â 937";"B01";"2";"2";"0";"2";"1";"17";"0";""
"202100043482";"123Â 938";"A01";"2";"7";"0";"2";"6";"10";"0";""
"202100043483";"123Â 935";"B01";"1";"30";"0";"2";"1";"1";"1";""
"202100043483";"123Â 936";"A01";"1";"7";"0";"2";"3";"9";"1";""
"202100043484";"123Â 933";"B01";"1";"33";"0";"2";"8";"21";"1";""
"202100043484";"123Â 934";"A01";"2";"7";"0";"2";"8";"19";"1";""
"202100043485";"123Â 931";"B01";"2";"32";"0";"2";"1";"1";"1";""
"202100043485";"123Â 932";"A01";"1";"7";"0";"2";"3";"15";"1";""
"202100043486";"123Â 930";"A01";"2";"7";"2";"0";"1";"1";"1";""
"202100043487";"123Â 928";"B01";"1";"31";"0";"2";"1";"1";"1";""
"202100043487";"123Â 929";"A01";"1";"7";"0";"2";"6";"23";"0";""
"202100043488";"123Â 926";"A01";"1";"7";"10";"2";"1";"13";"1";""
"202100043488";"123Â 927";"C01";"1";"7";"0";"2";"1";"1";"1";""
"202100043489";"123Â 925";"A01";"3";"2";"0";"0";"0";"1";"1";""
"202100043490";"123Â 923";"B01";"2";"7";"0";"2";"3";"1";"1";""
"202100043490";"123Â 924";"A01";"1";"7";"0";"2";"3";"13";"2";""
"202100043491";"123Â 921";"A01";"2";"33";"0";"0";"6";"23";"1";""
"202100043491";"123Â 922";"B01";"2";"33";"0";"2";"2";"2";"1";""
"202100043492";"123Â 918";"B01";"2";"7";"7";"0";"8";"1";"1";""
"202100043492";"123Â 919";"A01";"2";"7";"7";"2";"1";"19";"1";""
"202100043493";"123Â 917";"A01";"1";"7";"2";"0";"1";"13";"1";""
"202100043494";"123Â 915";"B01";"1";"7";"0";"2";"3";"1";"1";""
"202100043494";"123Â 916";"A01";"2";"2";"0";"2";"1";"13";"1";""
"202100043495";"123Â 914";"A01";"3";"10";"0";"1";"5";"4";"1";""
"202100043496";"123Â 912";"A01";"1";"33";"0";"2";"1";"1";"1";""
"202100043496";"123Â 913";"B01";"1";"7";"0";"0";"6";"1";"1";""
"202100043497";"123Â 911";"A01";"1";"7";"6";"0";"3";"1";"1";""
"202100043498";"123Â 909";"A01";"2";"7";"0";"2";"2";"1";"1";""
"202100043498";"123Â 910";"B01";"2";"80";"0";"2";"4";"1";"3";""
"202100043499";"123Â 908";"A01";"0";"7";"2";"0";"9";"1";"1";""
"202100043500";"123Â 907";"A01";"3";"31";"0";"0";"0";"14";"1";""
"202100043501";"123Â 906";"A01";"1";"7";"0";"1";"1";"1";"1";""
"202100043502";"123Â 905";"A01";"1";"31";"13";"0";"3";"1";"1";""
"202100043503";"123Â 903";"A01";"3";"7";"0";"9";"5";"1";"1";""
"202100043503";"123Â 904";"B01";"3";"1";"0";"2";"1";"1";"5";""
"202100043504";"123Â 902";"A01";"1";"33";"0";"0";"0";"2";"1";""
"202100043505";"123Â 901";"A01";"1";"7";"17";"0";"7";"1";"1";""
"202100043506";"123Â 898";"B01";"3";"1";"0";"2";"0";"15";"5";""
"202100043506";"123Â 899";"A01";"0";"7";"0";"2";"2";"21";"1";""
"202100043507";"123Â 896";"A01";"2";"7";"0";"2";"3";"5";"1";""
"202100043507";"123Â 897";"B01";"1";"7";"0";"0";"3";"1";"1";""
"202100043508";"123Â 894";"A01";"1";"31";"0";"2";"1";"2";"1";""
"202100043508";"123Â 895";"B01";"1";"7";"0";"0";"5";"1";"1";""
"202100043509";"123Â 892";"B01";"1";"21";"0";"0";"0";"16";"1";""
"202100043509";"123Â 893";"A01";"2";"14";"8";"0";"7";"1";"1";""
"202100043510";"123Â 890";"A01";"1";"7";"0";"2";"3";"15";"1";""
"202100043510";"123Â 891";"B01";"3";"33";"0";"2";"3";"1";"1";""
"202100043511";"123Â 888";"B01";"2";"7";"0";"2";"1";"1";"1";""
"202100043511";"123Â 889";"A01";"1";"7";"0";"2";"1";"5";"1";""
"202100043512";"123Â 886";"B01";"1";"34";"0";"2";"1";"1";"1";""
"202100043512";"123Â 887";"A01";"1";"7";"0";"2";"7";"16";"1";""
"202100043513";"123Â 884";"B01";"1";"15";"0";"2";"1";"1";"1";""
"202100043513";"123Â 885";"A01";"2";"7";"0";"2";"1";"13";"1";""
"202100043514";"123Â 882";"A01";"3";"33";"13";"0";"1";"1";"1";""
"202100043515";"123Â 880";"B01";"2";"7";"0";"2";"1";"1";"1";""
"202100043515";"123Â 881";"A01";"2";"7";"0";"2";"8";"5";"1";""
"202100043516";"123Â 879";"A01";"2";"34";"0";"0";"0";"1";"1";""
"202100043517";"123Â 876";"A01";"2";"7";"6";"2";"3";"0";"1";""
"202100043517";"123Â 877";"B01";"1";"33";"0";"2";"8";"19";"1";""
"202100043518";"123Â 874";"A01";"1";"7";"0";"2";"1";"5";"1";""
"202100043518";"123Â 875";"B01";"2";"14";"0";"2";"3";"1";"0";""
"202100043519";"123Â 872";"B01";"1";"7";"0";"2";"2";"1";"1";""
"202100043519";"123Â 873";"C01";"3";"10";"0";"2";"3";"1";"1";""
"202100043520";"123Â 871";"A01";"0";"7";"15";"0";"7";"15";"1";""
"202100043521";"123Â 870";"A01";"3";"7";"17";"0";"2";"0";"1";""
"202100043522";"123Â 867";"B01";"2";"7";"0";"2";"6";"15";"1";""
"202100043522";"123Â 868";"C01";"2";"7";"0";"2";"3";"21";"1";""
"202100043522";"123Â 869";"A01";"1";"7";"0";"2";"3";"1";"1";""
"202100043523";"123Â 865";"A01";"1";"7";"0";"2";"0";"17";"1";""
"202100043523";"123Â 866";"B01";"1";"2";"0";"2";"3";"1";"1";""
"202100043524";"123Â 863";"A01";"1";"7";"0";"2";"1";"13";"1";""
"202100043524";"123Â 864";"B01";"2";"7";"0";"2";"1";"1";"1";""
"202100043525";"123Â 862";"A01";"3";"2";"6";"0";"3";"16";"1";""
"202100043526";"123Â 860";"A01";"1";"7";"0";"2";"1";"10";"1";""
"202100043526";"123Â 861";"B01";"2";"7";"0";"2";"7";"2";"1";""
"202100043527";"123Â 859";"A01";"1";"7";"2";"0";"9";"1";"1";""
"202100043528";"123Â 857";"B01";"2";"7";"0";"2";"3";"1";"1";""
"202100043528";"123Â 858";"A01";"1";"2";"0";"2";"3";"13";"1";""
"202100043529";"123Â 855";"A01";"2";"7";"0";"2";"1";"5";"1";""
"202100043529";"123Â 856";"B01";"1";"7";"0";"2";"1";"1";"1";""
"202100043530";"123Â 853";"A01";"2";"43";"0";"2";"3";"3";"1";""
"202100043530";"123Â 854";"B01";"1";"7";"0";"2";"7";"0";"1";""
"202100043531";"123Â 851";"B01";"1";"14";"0";"2";"2";"2";"1";""
"202100043531";"123Â 852";"A01";"1";"7";"0";"2";"3";"1";"1";""
"202100043532";"123Â 850";"A01";"1";"3";"13";"0";"0";"26";"3";""
"202100043533";"123Â 848";"B01";"1";"32";"0";"2";"8";"1";"1";""
"202100043533";"123Â 849";"A01";"2";"10";"0";"2";"1";"1";"1";""
"202100043534";"123Â 847";"A01";"3";"10";"0";"1";"4";"26";"1";""
"202100043535";"123Â 845";"A01";"1";"10";"0";"2";"1";"1";"1";""
"202100043535";"123Â 846";"B01";"1";"7";"0";"2";"7";"1";"1";""
"202100043536";"123Â 843";"B01";"1";"1";"0";"2";"4";"1";"0";""
"202100043536";"123Â 844";"A01";"1";"7";"0";"2";"2";"1";"1";""
"202100043537";"123Â 841";"B01";" -1";"7";"4";"0";"4";"2";"1";""
"202100043537";"123Â 842";"A01";" -1";"7";"0";"2";"1";"2";"1";""
"202100043538";"123Â 839";"B01";"2";"7";"0";"2";"1";"1";"1";""
"202100043538";"123Â 840";"A01";"2";"30";"0";"2";"1";"17";"1";""
"202100043539";"123Â 837";"B01";"2";"7";"0";"2";"5";"1";"1";""
"202100043539";"123Â 838";"A01";"1";"30";"0";"2";"1";"1";"1";""
"202100043540";"123Â 835";"B01";"2";"7";"0";"2";"3";"1";"1";""
"202100043540";"123Â 836";"A01";"1";"7";"0";"2";"1";"13";"1";""
"202100043541";"123Â 834";"A01";"3";"7";"8";"1";"2";"1";"1";""
"202100043542";"123Â 832";"A01";"1";"30";"0";"2";"1";"1";"1";""