"Num_Acc";"id_vehicule";"num_veh";"senc";"catv";"obs";"obsm";"choc";"manv";"motor";"occutc"
"202100043542";"123Â 833";"B01";"1";"7";"0";"2";"6";"1";"1";""
"202100043543";"123Â 831";"A01";"2";"7";"0";"1";"6";"4";"1";""
"202100043544";"123Â 829";"B01";"1";"31";"0";"2";"1";"1";"1";""
"202100043544";"123Â 830";"A01";"1";"7";"0";"2";"2";"15";"1";""
"202100043545";"123Â 827";"B01";"1";"7";"0";"2";"1";"15";"1";""
"202100043545";"123Â 828";"A01";"1";"7";"0";"2";"7";"1";"1";""
"202100043546";"123Â 825";"A01";"3";"7";"0";"2";"2";"19";"1";""
"202100043546";"123Â 826";"B01";"3";"33";"0";"2";"1";"1";"1";""
"202100043547";"123Â 823";"B01";"1";"33";"0";"2";"1";"1";"1";""
"202100043547";"123Â 824";"A01";"2";"7";"0";"2";"2";"15";"1";""
"202100043548";"123Â 821";"A01";"1";"7";"0";"2";"1";"15";"1";""
"202100043548";"123Â 822";"B01";"2";"2";"0";"2";"1";"1";"1";""
"202100043549";"123Â 819";"B01";"2";"1";"0";"2";"2";"26";"5";""
"202100043549";"123Â 820";"Z01";"2";"7";"0";"2";"2";"1";"0";""
"202100043550";"123Â 818";"A01";"1";"7";"0";"1";"3";"1";"1";""
"202100043551";"123Â 817";"A01";"1";"7";"0";"1";"8";"2";"1";""
"202100043552";"123Â 816";"A01";"1";"7";"0";"1";"1";"1";"3";""
"202100043553";"123Â 814";"A01";"1";"33";"0";"2";"1";"1";"1";""
"202100043553";"123Â 815";"B01";"2";"7";"0";"2";"1";"15";"1";""
"202100043554";"123Â 813";"A01";"3";"10";"0";"1";"3";"1";"1";""
"202100043555";"123Â 812";"A01";"3";"31";"14";"0";"1";"14";"1";""
"202100043556";"123Â 810";"B01";"2";"1";"0";"2";"1";"1";"5";""
"202100043556";"123Â 811";"A01";"2";"7";"0";"2";"2";"22";"1";""
"202100043557";"123Â 808";"Z01";"3";"30";"0";"2";"8";"9";"0";""
"202100043557";"123Â 809";"B01";"1";"1";"0";"2";"1";"1";"5";""
"202100043558";"123Â 807";"A01";"3";"30";"0";"0";"0";"1";"1";""
"202100043559";"123Â 806";"A01";"1";"7";"0";"1";"3";"1";"2";""
"202100043560";"123Â 804";"B01";"2";"31";"0";"2";"7";"1";"1";""
"202100043560";"123Â 805";"A01";"2";"7";"0";"2";"1";"9";"1";""
"202100043561";"123Â 802";"A01";"1";"7";"0";"0";"1";"1";"1";""
"202100043561";"123Â 803";"B01";"2";"7";"0";"0";"2";"1";"1";""
"202100043562";"123Â 800";"B01";"3";"33";"0";"2";"1";"1";"1";""
"202100043562";"123Â 801";"A01";"3";"7";"0";"2";"2";"15";"1";""
"202100043563";"123Â 798";"A01";"0";"7";"0";"2";"1";"16";"1";""
"202100043563";"123Â 799";"B01";"0";"32";"0";"2";"2";"1";"1";""
"202100043564";"123Â 797";"A01";"3";"32";"0";"1";"0";"26";"1";""
"202100043565";"123Â 795";"A01";"1";"7";"0";"2";"2";"16";"1";""
"202100043565";"123Â 796";"B01";"1";"2";"0";"2";"1";"1";"1";""
"202100043566";"123Â 794";"A01";"0";"30";"0";"0";"0";"1";"1";""
"202100043567";"123Â 792";"B01";"1";"7";"0";"2";"5";"12";"1";""
"202100043567";"123Â 793";"A01";"1";"43";"0";"2";"3";"26";"1";""
"202100043568";"123Â 790";"A01";"2";"33";"0";"2";"8";"15";"1";""
"202100043568";"123Â 791";"B01";"2";"7";"0";"2";"1";"15";"1";""
"202100043569";"123Â 789";"A01";"2";"7";"1";"0";"3";"13";"1";""
"202100043570";"123Â 788";"A01";"2";"7";"1";"0";"2";"14";"2";""
"202100043571";"123Â 787";"A01";"0";"33";"0";"0";"1";"14";"1";""
"202100043572";"123Â 785";"A01";"1";"10";"0";"2";"2";"21";"1";""
"202100043572";"123Â 786";"B01";"3";"1";"0";"2";"1";"19";"5";""
"202100043573";"123Â 784";"A01";"1";"34";"13";"0";"1";"14";"1";""
"202100043574";"123Â 781";"A01";"3";"10";"0";"2";"3";"1";"1";""
"202100043574";"123Â 782";"B01";"3";"7";"0";"2";"3";"13";"1";""
"202100043574";"123Â 783";"C01";"3";"7";"0";"2";"8";"1";"1";""
"202100043575";"123Â 780";"A01";"1";"7";"0";"1";"1";"1";"1";""
"202100043576";"123Â 778";"B01";"2";"7";"0";"2";"4";"2";"1";""
"202100043576";"123Â 779";"A01";"2";"32";"0";"2";"1";"1";"1";""
"202100043577";"123Â 775";"A01";"3";"1";"0";"0";"0";"1";"5";""
"202100043578";"123Â 774";"A01";"3";"7";"0";"1";"8";"26";"1";""
"202100043579";"123Â 773";"A01";"1";"2";"0";"0";"0";"0";"0";""
"202100043580";"123Â 770";"C01";"1";"33";"0";"2";"4";"15";"1";""
"202100043580";"123Â 771";"B01";"1";"33";"0";"2";"8";"15";"1";""
"202100043580";"123Â 772";"A01";"1";"7";"0";"2";"1";"17";"1";""
"202100043581";"123Â 768";"B01";"2";"21";"0";"2";"3";"1";"1";""
"202100043581";"123Â 769";"A01";"1";"33";"0";"2";"1";"13";"1";""
"202100043582";"123Â 766";"A01";"1";"7";"0";"2";"2";"13";"1";""
"202100043582";"123Â 767";"B01";"2";"7";"0";"2";"1";"1";"1";""
"202100043583";"123Â 764";"A01";"2";"7";"0";"2";"3";"1";"1";""
"202100043583";"123Â 765";"B01";"1";"7";"0";"2";"1";"1";"1";""
"202100043584";"123Â 762";"A01";"1";"7";"0";"2";"3";"0";"1";""
"202100043584";"123Â 763";"B01";"2";"1";"0";"2";"1";"13";"5";""
"202100043585";"123Â 760";"A01";"2";"7";"0";"2";"1";"2";"1";""
"202100043585";"123Â 761";"B01";"2";"10";"0";"2";"4";"2";"1";""
"202100043586";"123Â 759";"A01";"2";"36";"13";"0";"2";"1";"1";""
"202100043587";"123Â 758";"A01";"2";"50";"1";"0";"1";"0";"3";""
"202100043588";"123Â 756";"B01";"0";"10";"7";"0";"2";"15";"1";""
"202100043588";"123Â 757";"A01";"0";"7";"7";"2";"1";"1";"1";""
"202100043589";"123Â 755";"A01";"1";"31";"0";"0";"8";"1";"1";""
"202100043590";"123Â 754";"A01";"1";"7";"2";"0";"8";"1";"1";""
"202100043591";"123Â 753";"A01";"1";"32";"3";"0";"1";"1";"1";""
"202100043592";"123Â 751";"B01";"3";"1";"0";"2";"8";"19";"0";""
"202100043592";"123Â 752";"A01";"3";"10";"0";"2";"3";"1";"1";""
"202100043593";"123Â 750";"A01";"1";"7";"8";"0";"0";"1";"1";""
"202100043594";"123Â 749";"A01";"2";"7";"0";"1";"1";"1";"1";""
"202100043595";"123Â 747";"A01";"2";"7";"2";"0";"1";"1";"1";""
"202100043596";"123Â 744";"A01";"0";"2";"0";"9";"3";"1";"1";""
"202100043596";"123Â 745";"B01";"3";"1";"0";"2";"3";"1";"5";""
"202100043596";"123Â 746";"C01";"3";"1";"0";"2";"3";"1";"5";""
"202100043597";"123Â 743";"A01";"2";"7";"1";"0";"2";"1";"2";""
"202100043598";"123Â 742";"A01";"1";"7";"8";"0";"9";"2";"1";""
"202100043599";"123Â 740";"B01";"1";"7";"0";"0";"6";"23";"1";""
"202100043599";"123Â 741";"A01";"1";"2";"0";"2";"1";"1";"1";""
"202100043600";"123Â 738";"A01";"1";"1";"0";"2";"1";"1";"5";""
"202100043600";"123Â 739";"B01";"1";"1";"0";"2";"4";"2";"5";""
"202100043601";"123Â 736";"B01";"1";"33";"0";"2";"1";"1";"1";""
"202100043601";"123Â 737";"A01";"1";"7";"0";"2";"2";"2";"1";""
"202100043602";"123Â 735";"A01";"1";"7";"0";"0";"9";"1";"1";""
"202100043603";"123Â 734";"A01";"2";"7";"4";"0";"2";"1";"1";""
"202100043604";"123Â 732";"A01";"1";"7";"0";"2";"8";"13";"1";""
"202100043604";"123Â 733";"B01";"1";"7";"0";"2";"1";"2";"1";""
"202100043605";"123Â 731";"A01";"2";"7";"4";"0";"2";"26";"1";""
"202100043606";"123Â 730";"A01";"2";"7";"0";"0";"1";"13";"1";""
"202100043607";"123Â 729";"A01";"2";"7";"4";"0";"1";"26";"1";""
"202100043608";"123Â 728";"A01";"2";"7";"4";"0";"1";"14";"1";""
"202100043609";"123Â 727";"A01";"3";"7";"8";"0";"1";"9";"1";""
"202100043610";"123Â 725";"A01";"1";"7";"0";"2";"7";"19";"1";""
"202100043610";"123Â 726";"B01";"1";"33";"14";"0";"0";"0";"1";""
"202100043611";"123Â 723";"B01";"1";"2";"0";"2";"7";"1";"1";""
"202100043611";"123Â 724";"A01";"1";"7";"0";"9";"0";"9";"1";""
"202100043612";"123Â 721";"B01";"3";"31";"0";"2";"1";"1";"1";""
"202100043612";"123Â 722";"A01";"3";"7";"0";"2";"7";"19";"1";""
"202100043613";"123Â 719";"A01";"3";"7";"0";"2";"8";"10";"1";""
"202100043613";"123Â 720";"B01";"3";"33";"0";"2";"1";"2";"1";""
"202100043614";"123Â 717";"B01";"3";"7";"0";"2";"3";"9";"1";""
"202100043614";"123Â 718";"A01";"3";"7";"0";"2";"3";"9";"1";""
"202100043615";"123Â 716";"A01";"1";"7";"0";"1";"3";"1";"1";""
"202100043616";"123Â 714";"A01";"2";"10";"0";"2";"3";"11";"1";""
"202100043616";"123Â 715";"B01";"2";"7";"0";"2";"2";"26";"1";""
"202100043617";"123Â 712";"B01";"3";"33";"0";"2";"9";"17";"1";""
"202100043617";"123Â 713";"A01";"3";"7";"0";"2";"8";"1";"1";""
"202100043618";"123Â 711";"A01";"2";"1";"0";"1";"1";"1";"5";""
"202100043619";"123Â 709";"A01";"2";"7";"0";"2";"1";"15";"1";""
"202100043619";"123Â 710";"B01";"1";"7";"0";"2";"1";"1";"1";""
"202100043620";"123Â 708";"A01";"2";"7";"6";"0";"1";"14";"1";""
"202100043621";"123Â 706";"B01";"2";"7";"0";"2";"6";"1";"2";""
"202100043621";"123Â 707";"A01";"1";"7";"0";"2";"1";"1";"1";""
"202100043622";"123Â 704";"A01";"1";"10";"0";"2";"5";"15";"1";""
"202100043622";"123Â 705";"B01";"2";"33";"0";"2";"1";"1";"1";""
"202100043623";"123Â 703";"A01";"2";"7";"0";"1";"1";"1";"1";""
"202100043624";"123Â 700";"B01";"3";"7";"0";"2";"3";"9";"1";""
"202100043624";"123Â 701";"C01";"2";"7";"0";"2";"3";"23";"1";""
"202100043624";"123Â 702";"A01";"2";"31";"0";"2";"1";"17";"1";""
"202100043625";"123Â 698";"A01";"3";"2";"0";"2";"1";"26";"1";""
"202100043625";"123Â 699";"B01";"3";"7";"0";"2";"4";"2";"1";""
"202100043626";"123Â 696";"A01";"1";"7";"0";"2";"2";"1";"1";""
"202100043626";"123Â 697";"B01";"1";"33";"0";"2";"3";"15";"1";""
"202100043627";"123Â 694";"A01";"2";"37";"0";"2";"1";"1";"1";"2"
"202100043627";"123Â 695";"B01";"2";"1";"0";"2";"7";"15";"5";""
"202100043628";"123Â 692";"B01";"2";"7";"0";"2";"4";"1";"1";""
"202100043628";"123Â 693";"A01";"2";"3";"0";"2";"1";"2";"1";""
"202100043629";"123Â 690";"B01";"3";"33";"0";"2";"1";"1";"1";""
"202100043629";"123Â 691";"A01";"3";"7";"0";"2";"2";"15";"1";""
"202100043630";"123Â 688";"B01";"2";"10";"0";"2";"4";"2";"1";""
"202100043630";"123Â 689";"A01";"2";"7";"0";"2";"1";"2";"1";""
"202100043631";"123Â 686";"B01";"1";"7";"0";"2";"4";"1";"1";""
"202100043631";"123Â 687";"A01";"1";"7";"0";"2";"1";"2";"1";""
"202100043632";"123Â 684";"B01";"1";"7";"0";"2";"2";"1";"1";""
"202100043632";"123Â 685";"A01";"2";"2";"0";"2";"1";"5";"1";""
"202100043633";"123Â 682";"B01";"3";"2";"0";"2";"2";"14";"1";""
"202100043633";"123Â 683";"Z01";"3";"7";"0";"2";"3";"0";"0";""
"202100043634";"123Â 680";"A01";"1";"7";"0";"2";"7";"16";"1";""
"202100043634";"123Â 681";"B01";"1";"1";"0";"2";"1";"1";"5";""
"202100043635";"123Â 679";"A01";"1";"7";"9";"0";"2";"1";"1";""
"202100043636";"123Â 677";"B01";"0";"7";"0";"2";"8";"1";"1";""
"202100043636";"123Â 678";"A01";"0";"30";"0";"2";"1";"19";"1";""
"202100043637";"123Â 675";"A01";"1";"7";"0";"2";"2";"15";"1";""
"202100043637";"123Â 676";"B01";"0";"7";"0";"0";"1";"1";" -1";""
"202100043638";"123Â 673";"B01";"2";"37";"0";"2";"3";"1";"1";"2"
"202100043638";"123Â 674";"A01";"1";"7";"0";"2";"3";"13";"1";""
"202100043639";"123Â 672";"A01";"2";"30";"12";"0";"7";"14";"1";""
"202100043640";"123Â 670";"A01";"0";"7";"0";"2";"0";"26";"1";""
"202100043640";"123Â 671";"B01";"1";"32";"0";"2";"3";"0";"1";""
"202100043641";"123Â 668";"A01";"1";"7";"0";"2";"1";"26";"1";""
"202100043641";"123Â 669";"B01";"1";"7";"0";"0";"0";"0";"0";""
"202100043642";"123Â 666";"B01";"1";"7";"0";"2";"4";"0";"1";""
"202100043642";"123Â 667";"A01";"1";"7";"0";"2";"1";"0";"1";""
"202100043643";"123Â 664";"A01";"2";"32";"0";"2";"1";"1";"1";""
"202100043643";"123Â 665";"B01";"2";"7";"0";"2";"4";"23";"1";""
"202100043644";"123Â 662";"A01";"1";"7";"0";"2";"3";"13";"1";""
"202100043644";"123Â 663";"B01";"1";"80";"0";"2";"7";"1";"3";""
"202100043645";"123Â 660";"A01";"2";"7";"0";"2";"5";"10";"1";""
"202100043645";"123Â 661";"B01";"1";"31";"0";"2";"1";"1";"1";""
"202100043646";"123Â 658";"A01";"1";"14";"0";"2";"2";"1";"1";""
"202100043646";"123Â 659";"B01";"1";"1";"0";"2";"4";"13";"5";""
"202100043647";"123Â 656";"A01";"1";"32";"0";"2";"8";"1";"1";""
"202100043647";"123Â 657";"B01";"1";"60";"0";"2";"8";"19";"5";""
"202100043648";"123Â 655";"A01";"2";"33";"0";"1";"1";"1";"1";""
"202100043649";"123Â 653";"B01";"2";"32";"0";"2";"3";"14";"1";""
"202100043649";"123Â 654";"A01";"2";"7";"0";"2";"5";"17";"1";""
"202100043650";"123Â 651";"A01";"1";"7";"0";"2";"3";"15";"1";""
"202100043650";"123Â 652";"B01";"1";"30";"0";"2";"8";"1";"1";""
"202100043651";"123Â 649";"A01";"1";"32";"0";"2";"1";"2";"1";""
"202100043651";"123Â 650";"B01";"1";"1";"0";"2";"6";"15";"5";""
"202100043652";"123Â 647";"B01";"3";"1";"0";"2";"1";"1";"5";""
"202100043652";"123Â 648";"A01";"3";"7";"0";"2";"3";"22";"1";""
"202100043653";"123Â 645";"Z01";"3";"1";"0";"2";"3";"2";"5";""
"202100043653";"123Â 646";"B01";"1";"60";"0";"2";"5";"2";"5";""
"202100043654";"123Â 643";"A01";"1";"31";"0";"2";"1";"26";"1";""
"202100043654";"123Â 644";"B01";"0";"7";"0";"2";"1";"15";"1";""
"202100043655";"123Â 641";"A01";"2";"7";"0";"2";"7";"19";"1";""
"202100043655";"123Â 642";"B01";"1";"2";"0";"2";"1";"19";"1";""
"202100043656";"123Â 639";"A01";"2";"10";"0";"0";"6";"20";"6";""
"202100043656";"123Â 640";"B01";"2";"31";"0";"2";"1";"17";"1";""
"202100043657";"123Â 638";"A01";"2";"30";"0";"1";"1";"1";"1";""
"202100043658";"123Â 636";"B01";"2";"2";"0";"2";"3";"9";"1";""
"202100043658";"123Â 637";"A01";"2";"10";"0";"2";"2";"9";"1";""
"202100043659";"123Â 634";"A01";"3";"7";"0";"2";"1";"1";"1";""
"202100043659";"123Â 635";"B01";"3";"7";"0";"2";"2";"15";"1";""
"202100043660";"123Â 632";"A01";"2";"33";"0";"2";"1";"2";"1";""
"202100043660";"123Â 633";"B01";"2";"7";"0";"2";"5";"1";"1";""
"202100043661";"123Â 630";"B01";"1";"1";"0";"2";"1";"1";"0";""
"202100043661";"123Â 631";"A01";"1";"20";"0";"2";"2";"16";"1";""
"202100043662";"123Â 628";"C01";" -1";"7";"1";"2";"1";"26";"1";""
"202100043662";"123Â 629";"A01";" -1";"30";"1";"0";"2";"26";"1";""
"202100043663";"123Â 626";"A01";"2";"7";"0";"2";"3";"15";"1";""
"202100043663";"123Â 627";"B01";"2";"33";"0";"2";"2";"17";"1";""
"202100043664";"123Â 625";"A01";"3";"40";"0";"1";"1";"1";"3";""
"202100043665";"123Â 623";"B01";"1";"10";"0";"1";"0";"9";"0";""
"202100043665";"123Â 624";"A01";"3";"7";"0";"2";"4";"15";"0";""
"202100043666";"123Â 621";"B01";"1";"2";"0";"2";"3";"13";"1";""
"202100043666";"123Â 622";"A01";"1";"7";"0";"2";"2";"1";"1";""
"202100043667";"123Â 620";"A01";"1";"32";"0";"1";"1";"16";"1";""
"202100043668";"123Â 619";"A01";"2";"7";"2";"0";"1";"1";"1";""
"202100043669";"123Â 618";"A01";"3";"7";"6";"0";"1";"2";"1";""
"202100043670";"123Â 616";"B01";"3";"7";"0";"2";"1";"1";"1";""
"202100043670";"123Â 617";"A01";"3";"7";"0";"2";"1";"13";"1";""
"202100043671";"123Â 614";"B01";"2";"10";"0";"2";"3";"0";"1";""
"202100043671";"123Â 615";"A01";"1";"7";"0";"2";"8";"13";"1";""
"202100043672";"123Â 613";"A01";"3";"7";"0";"1";"1";"1";"1";""
"202100043673";"123Â 612";"A01";"1";"33";"0";"0";"1";"1";"1";""
"202100043674";"123Â 610";"B01";"2";"1";"0";"0";"5";"1";"0";""
"202100043674";"123Â 611";"A01";"1";"7";"0";"9";"3";"9";"1";""
"202100043675";"123Â 609";"A01";"2";"7";"0";"0";"9";"1";"1";""
"202100043676";"123Â 607";"B01";"2";"7";"0";"9";"3";"1";"1";""
"202100043676";"123Â 608";"A01";"1";"2";"0";"2";"1";"5";"1";""
"202100043677";"123Â 605";"A01";"0";"7";"0";"0";"8";"1";"1";""
"202100043677";"123Â 606";"B01";"0";"7";"0";"0";"2";"1";"1";""
"202100043678";"123Â 603";"B01";"1";"1";"0";"2";"3";"1";"5";""
"202100043678";"123Â 604";"A01";"2";"7";"0";"2";"3";"15";"1";""
"202100043679";"123Â 602";"A01";"1";"7";"14";"0";"1";"1";"0";""
"202100043680";"123Â 601";"A01";"1";"2";"13";"0";"1";"1";"1";""
"202100043681";"123Â 600";"A01";"1";"2";"12";"0";"1";"1";"1";""
"202100043682";"123Â 598";"A01";"1";"36";"0";"2";"5";"1";"1";""
"202100043682";"123Â 599";"B01";"1";"7";"0";"2";"3";"13";"0";""
"202100043683";"123Â 597";"A01";"3";"7";"0";"1";"4";"4";"2";""
"202100043684";"123Â 596";"A01";"1";"7";"6";"0";"9";"1";"1";""
"202100043685";"123Â 594";"B01";"1";"15";"0";"2";"6";"1";"1";""
"202100043685";"123Â 595";"A01";"2";"7";"0";"2";"3";"1";"1";""
"202100043686";"123Â 593";"A01";"0";"31";"0";"0";"0";"1";"1";""
"202100043687";"123Â 592";"A01";"2";"7";"2";"0";"3";"1";"1";""
"202100043688";"123Â 590";"A01";"3";"7";"0";"9";"2";"1";"1";""
"202100043688";"123Â 591";"B01";"3";"1";"0";"2";"3";"1";"5";""
"202100043689";"123Â 589";"A01";"3";"31";"0";"0";"0";"1";"1";""
"202100043690";"123Â 588";"A01";"0";"7";"1";"0";"1";"13";"1";""
"202100043691";"123Â 587";"A01";"1";"33";"13";"0";"0";"1";"1";""
"202100043692";"123Â 585";"A01";"2";"33";"0";"2";"1";"5";"1";""
"202100043692";"123Â 586";"B01";"1";"10";"0";"2";"3";"1";"1";""
"202100043693";"123Â 583";"A01";"1";"2";"0";"2";"2";"1";"1";""
"202100043693";"123Â 584";"B01";"2";"7";"0";"2";"1";"15";"1";""
"202100043694";"123Â 580";"B01";"1";"2";"0";"2";"1";"1";"1";""
"202100043694";"123Â 581";"C01";"1";"2";"0";"2";"1";"1";"1";""
"202100043694";"123Â 582";"A01";"2";"10";"0";"2";"3";"16";"1";""
"202100043695";"123Â 579";"A01";"1";"33";"0";"0";"8";"15";"1";""
"202100043696";"123Â 578";"A01";"1";"7";"13";"0";"2";"1";"1";""
"202100043697";"123Â 577";"A01";"1";"7";"13";"0";"0";"14";"1";""
"202100043698";"123Â 575";"A01";"1";"7";"0";"2";"2";"2";"1";""
"202100043698";"123Â 576";"B01";"1";"1";"0";"2";"4";"2";"5";""
"202100043699";"123Â 574";"A01";"2";"7";"15";"0";"1";"0";"1";""
"202100043700";"123Â 573";"A01";"3";"33";"15";"0";"9";"1";"4";""
"202100043701";"123Â 572";"A01";"3";"7";"2";"0";"1";"1";"1";""
"202100043702";"123Â 571";"A01";"3";"31";"5";"0";"1";"25";"1";""
"202100043703";"123Â 570";"A01";"1";"33";"0";"0";"0";"0";"1";""
"202100043704";"123Â 568";"B01";"1";"7";"13";"0";"6";"2";"1";""
"202100043704";"123Â 569";"A01";"1";"7";"0";"2";"2";"2";"1";""
"202100043705";"123Â 566";"B01";"2";"3";"0";"2";"8";"11";"1";""
"202100043705";"123Â 567";"A01";"2";"2";"0";"2";"2";"1";"1";""
"202100043706";"123Â 565";"A01";"3";"10";"1";"1";"1";"2";"1";""
"202100043707";"123Â 564";"A01";"1";"33";"8";"9";"2";"26";"1";""
"202100043708";"123Â 562";"A01";"1";"1";"0";"2";"1";"1";"5";""
"202100043708";"123Â 563";"B01";"1";"7";"0";"2";"3";"1";"1";""
"202100043709";"123Â 561";"A01";"2";"7";"2";"0";"8";"14";"1";""
"202100043710";"123Â 560";"A01";"2";"1";"0";"0";"0";"1";"5";""
"202100043711";"123Â 559";"A01";"2";"10";"2";"0";"1";"13";"1";""
"202100043712";"123Â 558";"A01";"3";"2";"0";"1";"1";"1";"1";""
"202100043713";"123Â 556";"B01";"3";"7";"0";"2";"1";"1";"1";""
"202100043713";"123Â 557";"A01";"3";"2";"0";"2";"1";"1";"1";""
"202100043714";"123Â 554";"A01";"1";"10";"0";"2";"2";"1";"1";""
"202100043714";"123Â 555";"B01";"1";"1";"0";"2";"7";"19";"5";""
"202100043715";"123Â 553";"A01";"3";"7";"13";"0";"7";"2";"1";""
"202100043716";"123Â 550";"A01";"1";"1";"0";"2";"6";"9";"5";""
"202100043716";"123Â 551";"B01";"2";"7";"0";"2";"2";"1";"1";""
"202100043717";"123Â 548";"B01";"2";"10";"0";"2";"1";"1";"1";""
"202100043717";"123Â 549";"A01";"1";"7";"0";"2";"7";"1";"1";""
"202100043718";"123Â 546";"B01";"2";"15";"0";"2";"7";"12";"1";""
"202100043718";"123Â 547";"A01";"2";"7";"0";"2";"8";"2";"1";""
"202100043719";"123Â 545";"A01";"2";"7";"0";"0";"1";"1";"1";""
"202100043720";"123Â 544";"A01";"1";"7";"13";"0";"2";"1";"1";""
"202100043721";"123Â 542";"A01";"1";"7";"0";"2";"4";"1";"1";""
"202100043721";"123Â 543";"B01";"1";"7";"0";"2";"1";"2";"1";""
"202100043722";"123Â 540";"A01";"1";"15";"0";"2";"3";"9";"1";""
"202100043722";"123Â 541";"B01";"1";"7";"0";"2";"2";"1";"1";""
"202100043723";"123Â 538";"B01";"1";"33";"4";"2";"7";"1";"1";""
"202100043723";"123Â 539";"A01";"1";"7";"0";"2";"8";"11";"1";""
"202100043724";"123Â 535";"C01";"1";"32";"0";"2";"3";"1";"1";""
"202100043724";"123Â 536";"B01";"1";"7";"0";"2";"5";"14";"1";""
"202100043724";"123Â 537";"A01";"1";"14";"0";"2";"0";"12";"1";""
"202100043725";"123Â 532";"C01";"1";"7";"0";"0";"2";"14";"1";""
"202100043725";"123Â 533";"B01";"1";"7";"0";"2";"6";"1";"1";""
"202100043725";"123Â 534";"A01";"1";"7";"0";"2";"2";"1";"1";""
"202100043726";"123Â 530";"Z01";"1";"7";"0";"2";"0";"0";"0";""
"202100043726";"123Â 531";"A01";"1";"33";"0";"2";"1";"1";"1";""
"202100043727";"123Â 528";"B01";"1";"7";"0";"2";"6";"2";"1";""
"202100043727";"123Â 529";"A01";"1";"31";"0";"2";"1";"12";"1";""
"202100043728";"123Â 526";"B01";"1";"7";"0";"2";"4";"1";"1";""
"202100043728";"123Â 527";"A01";"1";"7";"0";"2";"1";"2";"1";""
"202100043729";"123Â 524";"A01";"2";"7";"0";"2";"7";"12";"1";""
"202100043729";"123Â 525";"B01";"2";"33";"0";"2";"3";"3";"1";""
"202100043730";"123Â 520";"A01";"2";"7";"1";"2";"1";"17";"1";""
"202100043730";"123Â 521";"B01";"2";"7";"0";"2";"6";"16";"1";""
"202100043731";"123Â 518";"B01";"1";"7";"0";"2";"4";"1";"1";""
"202100043731";"123Â 519";"A01";"1";"10";"0";"2";"1";"2";"1";""
"202100043732";"123Â 517";"A01";"3";"33";"2";"0";"1";"9";"1";""
"202100043733";"123Â 516";"A01";"1";"7";"2";"2";"0";"26";"1";""
"202100043734";"123Â 514";"B01";"2";"7";"0";"2";"3";"1";"1";""
"202100043734";"123Â 515";"A01";"2";"33";"11";"2";"7";"17";"1";""
"202100043735";"123Â 512";"B01";"2";"7";"0";"2";"7";"1";"1";""
"202100043735";"123Â 513";"A01";"2";"30";"0";"2";"1";"9";"1";""
"202100043736";"123Â 511";"A01";"1";"31";"0";"0";"0";"9";"1";""
"202100043737";"123Â 508";"A01";"1";"7";"0";"2";"2";"14";"1";""
"202100043737";"123Â 509";"C01";"2";"7";"0";"2";"1";"1";"1";""
"202100043737";"123Â 510";"B01";"1";"32";"0";"2";"1";"14";"1";""
"202100043738";"123Â 505";"A01";"3";"7";"0";"2";"9";"17";"1";""
"202100043738";"123Â 506";"B01";"3";"17";"0";"2";"8";"1";"1";""
"202100043738";"123Â 507";"C01";"3";"10";"0";"2";"8";"1";"1";""
"202100043739";"123Â 503";"A01";"2";"7";"0";"2";"8";"0";"1";""
"202100043739";"123Â 504";"B01";"1";"30";"0";"2";"8";"0";"1";""
"202100043740";"123Â 501";"B01";"2";"7";"0";"2";"3";"1";"1";""
"202100043740";"123Â 502";"A01";"2";"7";"0";"2";"6";"15";"1";""
"202100043741";"123Â 499";"B01";"1";"99";"0";"2";"3";"1";"1";""
"202100043741";"123Â 500";"A01";"1";"7";"2";"2";"1";"9";"1";""
"202100043742";"123Â 497";"B01";"2";"7";"0";"2";"3";"13";"1";""
"202100043742";"123Â 498";"A01";"1";"7";"0";"2";"3";"1";"1";""
"202100043743";"123Â 495";"A01";"0";"10";"0";"2";"2";"1";"1";""
"202100043743";"123Â 496";"B01";"3";"1";"0";"2";"1";"5";"5";""
"202100043744";"123Â 494";"A01";"1";"10";"4";"0";"1";"2";"1";""
"202100043745";"123Â 492";"B01";"1";"7";"0";"2";"2";"1";"1";""
"202100043745";"123Â 493";"A01";"2";"3";"0";"2";"1";"14";"1";""
"202100043746";"123Â 491";"A01";"2";"7";"15";"0";"2";"14";"1";""
"202100043747";"123Â 489";"B01";"1";"7";"0";"2";"3";"1";"1";""
"202100043747";"123Â 490";"A01";"2";"30";"0";"2";"8";"19";"1";""
"202100043748";"123Â 487";"A01";"0";"7";"0";"2";"1";"13";"1";""
"202100043748";"123Â 488";"B01";"0";"7";"0";"2";"1";"1";"1";""
"202100043749";"123Â 485";"B01";"0";"2";"0";"2";"1";"1";"3";""
"202100043749";"123Â 486";"A01";"0";"7";"0";"2";"3";"20";"1";""
"202100043750";"123Â 484";"A01";"0";"7";"1";"0";"9";"1";"1";""
"202100043751";"123Â 481";"A01";"1";"32";"12";"0";"1";"16";"1";""
"202100043752";"123Â 479";"A01";"2";"7";"0";"2";"1";"5";"1";""
"202100043752";"123Â 480";"B01";"1";"7";"0";"2";"1";"1";"1";""
"202100043753";"123Â 477";"B01";"1";"7";"0";"2";"1";"11";"1";""