"Num_Acc";"id_vehicule";"num_veh";"senc";"catv";"obs";"obsm";"choc";"manv";"motor";"occutc"
"202100043753";"123Â 478";"A01";"2";"7";"0";"2";"8";"15";"1";""
"202100043754";"123Â 475";"A01";"3";"34";"0";"2";"1";"26";"1";""
"202100043754";"123Â 476";"B01";"3";"7";"0";"2";"5";"2";"1";""
"202100043755";"123Â 474";"A01";"0";"10";"0";"1";"2";"15";"1";""
"202100043756";"123Â 472";"A01";"0";"7";"0";"2";"2";"1";"1";""
"202100043756";"123Â 473";"B01";"2";"7";"0";"2";"3";"9";"1";""
"202100043757";"123Â 471";"A01";"1";"7";"13";"0";"0";"1";"1";""
"202100043758";"123Â 469";"B01";"2";"7";"0";"2";"2";"1";"1";""
"202100043758";"123Â 470";"A01";"2";"7";"0";"2";"3";"16";"1";""
"202100043759";"123Â 467";"A01";"3";"7";"0";"2";"3";"15";"1";""
"202100043759";"123Â 468";"B01";"3";"7";"0";"2";"8";"1";"1";""
"202100043760";"123Â 465";"A01";"1";"7";"0";"2";"7";"15";"1";""
"202100043760";"123Â 466";"B01";"2";"2";"0";"2";"1";"1";"1";""
"202100043761";"123Â 464";"A01";"3";"31";"0";"0";"1";"26";"1";""
"202100043762";"123Â 463";"A01";"3";"10";"0";"1";"4";"4";"1";""
"202100043763";"123Â 461";"A01";"1";"2";"0";"2";"1";"17";"1";""
"202100043763";"123Â 462";"B01";"1";"7";"0";"2";"6";"15";"1";""
"202100043764";"123Â 460";"A01";"2";"7";"0";"1";"1";"1";"1";""
"202100043765";"123Â 458";"B01";"2";"7";"0";"2";"1";"1";"1";""
"202100043765";"123Â 459";"A01";"2";"10";"0";"2";"7";"1";"1";""
"202100043766";"123Â 457";"A01";"2";"37";"0";"1";"8";"15";"1";"1"
"202100043767";"123Â 455";"A01";"2";"7";"0";"2";"1";"2";"1";""
"202100043767";"123Â 456";"B01";"2";"7";"0";"2";"4";"1";"1";""
"202100043768";"123Â 453";"A01";"2";"7";"0";"2";"8";"23";"1";""
"202100043768";"123Â 454";"B01";"3";"7";"0";"2";"3";"13";"1";""
"202100043769";"123Â 451";"A01";"2";"2";"0";"2";"1";"1";"1";""
"202100043769";"123Â 452";"B01";"2";"7";"0";"2";"4";"1";"1";""
"202100043770";"123Â 449";"B01";"2";"7";"0";"2";"4";"23";"1";""
"202100043770";"123Â 450";"A01";"2";"10";"0";"2";"1";"1";"1";""
"202100043771";"123Â 447";"B01";"2";"30";"0";"2";"8";"1";"1";""
"202100043771";"123Â 448";"A01";"1";"7";"0";"2";"1";"15";"0";""
"202100043772";"123Â 445";"A01";"2";"33";"0";"2";"1";"1";"1";""
"202100043772";"123Â 446";"B01";"2";"7";"0";"2";"6";"1";"1";""
"202100043773";"123Â 443";"B01";"1";"33";"0";"2";"1";"3";"1";""
"202100043773";"123Â 444";"A01";"1";"7";"0";"2";"6";"15";"1";""
"202100043774";"123Â 441";"B01";"3";"34";"0";"2";"1";"1";"1";""
"202100043774";"123Â 442";"A01";"3";"7";"0";"2";"7";"15";"1";""
"202100043775";"123Â 438";"C01";"1";"7";"0";"0";"0";"0";"1";""
"202100043775";"123Â 439";"A01";"1";"10";"0";"0";"1";"2";"1";""
"202100043775";"123Â 440";"B01";"1";"7";"0";"0";"0";"0";"1";""
"202100043776";"123Â 436";"B01";"2";"7";"0";"2";"4";"2";"1";""
"202100043776";"123Â 437";"A01";"2";"2";"0";"2";"1";"2";"1";""
"202100043777";"123Â 434";"B01";"1";"7";"0";"2";"1";"1";"1";""
"202100043777";"123Â 435";"A01";"1";"50";"0";"2";"1";"19";"3";""
"202100043778";"123Â 430";"A01";"2";"33";"0";"2";"7";"12";"1";""
"202100043778";"123Â 431";"B01";"2";"7";"0";"2";"6";"1";"1";""
"202100043779";"123Â 429";"A01";"1";"10";"0";"1";"7";"1";"1";""
"202100043780";"123Â 428";"A01";"2";"33";"0";"0";"8";"21";"1";""
"202100043781";"123Â 427";"A01";"1";"7";"16";"0";"9";"1";"1";""
"202100043782";"123Â 425";"A01";"1";"7";"0";"2";"1";"1";"1";""
"202100043782";"123Â 426";"B01";"1";"7";"0";"2";"4";"24";"1";""
"202100043783";"123Â 423";"A01";"2";"7";"0";"2";"2";"15";"1";""
"202100043783";"123Â 424";"B01";"1";"2";"0";"2";"7";"1";"1";""
"202100043784";"123Â 421";"A01";"1";"7";"0";"2";"5";"15";"1";""
"202100043784";"123Â 422";"B01";"1";"2";"0";"2";"1";"0";"1";""
"202100043785";"123Â 419";"B01";"2";"1";"0";"2";"2";"1";"5";""
"202100043785";"123Â 420";"A01";"1";"7";"0";"2";"3";"15";"1";""
"202100043786";"123Â 416";"B01";"2";"7";"0";"2";"4";"2";"1";""
"202100043786";"123Â 417";"A01";"2";"32";"0";"2";"4";"2";"1";""
"202100043786";"123Â 418";"Z01";"2";"7";"0";"2";"1";"2";"0";""
"202100043787";"123Â 414";"A01";"2";"7";"0";"2";"1";"2";"1";""
"202100043787";"123Â 415";"B01";"2";"7";"0";"2";"4";"2";"1";""
"202100043788";"123Â 412";"A01";"2";"31";"0";"2";"1";"2";"1";""
"202100043788";"123Â 413";"B01";"2";"7";"0";"2";"4";"2";"1";""
"202100043789";"123Â 410";"A01";"2";"33";"0";"2";"3";"3";"1";""
"202100043789";"123Â 411";"B01";"2";"7";"0";"2";"5";"12";"1";""
"202100043790";"123Â 409";"A01";"2";"7";"0";"1";"1";"1";"2";""
"202100043791";"123Â 407";"B01";"2";"50";"0";"2";"1";"1";"3";""
"202100043791";"123Â 408";"A01";"1";"7";"0";"2";"1";"16";"1";""
"202100043792";"123Â 405";"A01";"1";"37";"0";"2";"2";"16";"3";"1"
"202100043792";"123Â 406";"B01";"1";"1";"0";"2";"3";"1";"5";""
"202100043793";"123Â 403";"B01";"2";"10";"0";"2";"7";"16";"3";""
"202100043793";"123Â 404";"A01";"2";"80";"0";"2";"1";"1";"3";""
"202100043794";"123Â 402";"Z01";"1";"7";"0";"1";"1";"15";"1";""
"202100043795";"123Â 400";"B01";"3";"31";"0";"2";"1";"1";"1";""
"202100043795";"123Â 401";"A01";"3";"30";"0";"2";"8";"9";"1";""
"202100043796";"123Â 398";"B01";"1";"80";"0";"2";"8";"1";"3";""
"202100043796";"123Â 399";"A01";"1";"7";"0";"2";"2";"14";"1";""
"202100043797";"123Â 396";"A01";"1";"7";"0";"2";"3";"1";"1";""
"202100043797";"123Â 397";"B01";"1";"7";"0";"2";"1";"15";"1";""
"202100043798";"123Â 394";"B01";"1";"50";"0";"2";"8";"1";"3";""
"202100043798";"123Â 395";"A01";"1";"7";"0";"2";"1";"1";"1";""
"202100043799";"123Â 393";"A01";"2";"7";"0";"1";"2";"9";"1";""
"202100043800";"123Â 391";"A01";"3";"7";"0";"2";"5";"1";"1";""
"202100043800";"123Â 392";"B01";"3";"7";"0";"2";"2";"9";"1";""
"202100043801";"123Â 390";"A01";"2";"10";"0";"1";"4";"26";"1";""
"202100043802";"123Â 388";"B01";"1";"32";"0";"2";"1";"3";"1";""
"202100043802";"123Â 389";"A01";"1";"7";"1";"0";"0";"11";"1";""
"202100043803";"123Â 385";"A01";"1";"7";"0";"2";"2";"10";"1";""
"202100043803";"123Â 386";"C01";"1";"37";"0";"2";"5";"9";"1";"1"
"202100043803";"123Â 387";"B01";"1";"7";"0";"2";"1";"2";"1";""
"202100043804";"123Â 383";"A01";"1";"7";"0";"2";"1";"13";"1";""
"202100043804";"123Â 384";"B01";"2";"7";"0";"2";"1";"23";"2";""
"202100043805";"123Â 381";"A01";"3";"7";"0";"2";"3";"15";"1";""
"202100043805";"123Â 382";"B01";"3";"7";"0";"2";"1";"1";"1";""
"202100043806";"123Â 379";"B01";"3";"7";"0";"2";"3";"1";"1";""
"202100043806";"123Â 380";"A01";"3";"30";"0";"2";"0";"0";"1";""
"202100043807";"123Â 377";"B01";"1";"7";"0";"2";"3";"2";"1";""
"202100043807";"123Â 378";"A01";"1";"32";"16";"0";"4";"23";"1";""
"202100043808";"123Â 375";"B01";"2";"7";"1";"0";"2";"0";"1";""
"202100043808";"123Â 376";"A01";"1";"7";"0";"2";"2";"1";"1";""
"202100043809";"123Â 373";"B01";"2";"31";"0";"2";"2";"0";"1";""
"202100043809";"123Â 374";"A01";"2";"7";"0";"2";"3";"15";"1";""
"202100043810";"123Â 372";"A01";"3";"7";"0";"1";"1";"1";"1";""
"202100043811";"123Â 371";"A01";"1";"30";"0";"0";"3";"26";"1";""
"202100043812";"123Â 369";"B01";"1";"7";"0";"2";"4";"1";"1";""
"202100043812";"123Â 370";"A01";"1";"7";"0";"2";"1";"2";"1";""
"202100043813";"123Â 367";"A01";"2";"7";"0";"2";"8";"22";"1";""
"202100043813";"123Â 368";"B01";"2";"1";"1";"0";"7";"2";"0";""
"202100043814";"123Â 366";"A01";"2";"7";"0";"1";"4";"4";"1";""
"202100043815";"123Â 365";"A01";"1";"30";"0";"1";"3";"17";"1";""
"202100043816";"123Â 363";"B01";"3";"10";"0";"2";"8";"13";"1";""
"202100043816";"123Â 364";"A01";"3";"30";"0";"2";"8";"17";"0";""
"202100043817";"123Â 361";"A01";"1";"7";"1";"1";"3";"14";"1";""
"202100043817";"123Â 362";"B01";"1";"7";"0";"0";"6";"24";"1";""
"202100043818";"123Â 359";"B01";"1";"7";"0";"2";"8";"1";"1";""
"202100043818";"123Â 360";"A01";"2";"7";"0";"2";"8";"13";"1";""
"202100043819";"123Â 358";"A01";"1";"1";"0";"9";"1";"0";"5";""
"202100043820";"123Â 354";"D01";"2";"7";"1";"0";"3";"21";"1";""
"202100043820";"123Â 355";"C01";"2";"7";"3";"2";"7";"17";"1";""
"202100043820";"123Â 356";"B01";"2";"17";"0";"2";"8";"17";"1";""
"202100043820";"123Â 357";"A01";"2";"17";"0";"0";"5";"24";"1";""
"202100043821";"123Â 352";"A01";"0";"7";"0";"2";"1";"0";"1";""
"202100043821";"123Â 353";"B01";"0";"7";"0";"2";"4";"0";"1";""
"202100043822";"123Â 350";"A01";"2";"31";"0";"2";"1";"17";"1";""
"202100043822";"123Â 351";"B01";"2";"7";"0";"0";"3";"15";"1";""
"202100043823";"123Â 349";"A01";"0";"7";"0";"0";"1";"1";"1";""
"202100043824";"123Â 348";"A01";"1";"80";"0";"0";"0";"0";"3";""
"202100043825";"123Â 347";"A01";"1";"7";"2";"0";"8";"1";"3";""
"202100043826";"123Â 345";"A01";"0";"7";"0";"2";"8";"15";"1";""
"202100043826";"123Â 346";"B01";"2";"30";"0";"2";"1";"1";"1";""
"202100043827";"123Â 343";"A01";"1";"15";"0";"2";"2";"15";"1";""
"202100043827";"123Â 344";"B01";"2";"33";"0";"2";"1";"1";"1";""
"202100043828";"123Â 341";"A01";"2";"2";"0";"2";"1";"17";"1";""
"202100043828";"123Â 342";"B01";"2";"7";"0";"2";"3";"15";"1";""
"202100043829";"123Â 339";"B01";"1";"7";"0";"2";"1";"1";"1";""
"202100043829";"123Â 340";"A01";"2";"7";"0";"2";"1";"13";"1";""
"202100043830";"123Â 338";"A01";"1";"33";"13";"9";"9";"13";"1";""
"202100043831";"123Â 337";"A01";"3";"32";"13";"0";"8";"1";"1";""
"202100043832";"123Â 335";"A01";"3";"7";"0";"2";"3";"1";"1";""
"202100043832";"123Â 336";"B01";"3";"7";"0";"2";"3";"1";"1";""
"202100043833";"123Â 334";"A01";"1";"7";"2";"0";"5";"14";"1";""
"202100043834";"123Â 333";"A01";"3";"2";"0";"1";"3";"1";"1";""
"202100043835";"123Â 328";"D01";"1";"7";"0";"2";"9";"1";"0";""
"202100043835";"123Â 329";"E01";"1";"7";"0";"2";"9";"23";"1";""
"202100043835";"123Â 330";"A01";"1";"7";"0";"2";"1";"1";"1";""
"202100043835";"123Â 331";"B01";"1";"7";"0";"2";"9";"23";"1";""
"202100043835";"123Â 332";"C01";"1";"7";"0";"2";"9";"23";"1";""
"202100043836";"123Â 325";"A01";"2";"17";"0";"6";"1";"1";"1";""
"202100043836";"123Â 326";"B01";"2";"7";"0";"6";"2";"1";"1";""
"202100043836";"123Â 327";"C01";"2";"7";"3";"6";"1";"1";"1";""
"202100043837";"123Â 321";"A01";"1";"7";"0";"2";"7";"13";"1";""
"202100043837";"123Â 322";"B01";"2";"7";"0";"2";"1";"1";"1";""
"202100043838";"123Â 319";"A01";"2";"7";"0";"2";"3";"19";"1";""
"202100043838";"123Â 320";"B01";"1";"32";"0";"2";"1";"1";"1";""
"202100043839";"123Â 317";"B01";"2";"1";"0";"2";"1";"19";"0";""
"202100043839";"123Â 318";"A01";"2";"7";"0";"9";"2";"1";"1";""
"202100043840";"123Â 315";"B01";"1";"33";"0";"2";"1";"0";"1";""
"202100043840";"123Â 316";"A01";"2";"7";"0";"2";"3";"10";"1";""
"202100043841";"123Â 313";"B01";"3";"2";"0";"2";"1";"1";"1";""
"202100043841";"123Â 314";"A01";"3";"2";"0";"2";"3";"19";"1";""
"202100043842";"123Â 309";"A01";"1";"33";"4";"0";"7";"1";"1";""
"202100043843";"123Â 307";"A01";"1";"33";"0";"2";"0";"1";"1";""
"202100043843";"123Â 308";"B01";"2";"7";"0";"2";"1";"1";"1";""
"202100043844";"123Â 305";"A01";"2";"31";"0";"2";"8";"1";"1";""
"202100043844";"123Â 306";"B01";"1";"7";"0";"2";"3";"13";"1";""
"202100043845";"123Â 300";"A01";"0";"10";"0";"1";"1";"1";"1";""
"202100043846";"123Â 298";"A01";"1";"14";"0";"2";"2";"12";"1";""
"202100043846";"123Â 299";"B01";"2";"7";"0";"2";"3";"1";"1";""
"202100043847";"123Â 296";"A01";"2";"7";"0";"2";"1";"2";"1";""
"202100043847";"123Â 297";"B01";"2";"7";"0";"2";"4";"1";"1";""
"202100043848";"123Â 295";"A01";"2";"7";"14";"0";"1";"0";"1";""
"202100043849";"123Â 293";"B01";"1";"7";"0";"2";"6";"2";"2";""
"202100043849";"123Â 294";"A01";"1";"7";"0";"2";"2";"2";"1";""
"202100043850";"123Â 292";"B01";"1";"34";"1";"0";"1";"2";"1";""
"202100043851";"123Â 289";"C01";"2";"7";"0";"2";"4";"24";"1";""
"202100043851";"123Â 290";"A01";"2";"10";"1";"0";"1";"26";"1";""
"202100043851";"123Â 291";"B01";"2";"7";"0";"2";"4";"24";"1";""
"202100043852";"123Â 284";"C01";"1";"7";"0";"2";"1";"0";"1";""
"202100043852";"123Â 285";"B01";"1";"7";"0";"2";"4";"0";"1";""
"202100043852";"123Â 286";"A01";"1";"7";"0";"2";"1";"0";"1";""
"202100043852";"123Â 287";"D01";"1";"10";"0";"2";"4";"0";"1";""
"202100043852";"123Â 288";"E01";"1";"10";"0";"2";"8";"0";"1";""
"202100043853";"123Â 282";"B01";"2";"7";"0";"2";"3";"1";"1";""
"202100043853";"123Â 283";"A01";"2";"34";"0";"2";"1";"5";"1";""
"202100043854";"123Â 280";"Z01";"1";"7";"0";"2";"1";"26";"0";""
"202100043854";"123Â 281";"A01";"1";"7";"0";"2";"8";"23";"1";""
"202100043855";"123Â 278";"A01";"1";"17";"0";"2";"3";"11";"1";""
"202100043855";"123Â 279";"B01";"1";"7";"0";"2";"5";"1";"1";""
"202100043856";"123Â 276";"A01";"3";"37";"0";"2";"3";"1";"1";"1"
"202100043856";"123Â 277";"B01";"3";"7";"0";"2";"8";"17";"1";""
"202100043857";"123Â 274";"B01";"1";"7";"0";"2";"2";"1";"2";""
"202100043857";"123Â 275";"A01";"1";"7";"0";"2";"2";"1";"2";""
"202100043858";"123Â 271";"A01";"2";"10";"0";"1";"3";"15";"1";""
"202100043859";"123Â 269";"B01";"2";"99";"0";"2";"1";"1";"3";""
"202100043859";"123Â 270";"A01";"1";"7";"0";"2";"0";"0";"0";""
"202100043860";"123Â 267";"A01";"3";"7";"0";"2";"3";"1";"1";""
"202100043860";"123Â 268";"B01";"3";"30";"0";"2";"1";"0";"1";""
"202100043861";"123Â 266";"A01";"3";"7";"9";"0";"1";"26";"1";""
"202100043862";"123Â 264";"A01";"2";"7";"6";"9";"1";"1";"1";""
"202100043862";"123Â 265";"B01";"1";"1";"6";"2";"8";"19";"0";""
"202100043863";"123Â 263";"A01";"1";"7";"0";"1";"1";"1";"1";""
"202100043864";"123Â 261";"A01";"1";"14";"0";"9";"5";"17";"1";""
"202100043864";"123Â 262";"B01";"1";"1";"0";"0";"0";"2";"5";""
"202100043865";"123Â 260";"A01";"2";"7";"15";"0";"8";" -1";"1";""
"202100043866";"123Â 258";"B01";"2";"7";"0";"2";"2";"0";"1";""
"202100043866";"123Â 259";"A01";"3";"7";"0";"2";"8";"9";"1";""
"202100043867";"123Â 257";"A01";"1";"7";"0";"1";"1";"1";"0";""
"202100043868";"123Â 256";"A01";"1";"30";"12";"0";"8";"13";"1";""
"202100043869";"123Â 254";"B01";"2";"1";"0";"2";"4";"1";"5";""
"202100043869";"123Â 255";"A01";"1";"7";"0";"2";"3";"16";"1";""
"202100043870";"123Â 252";"A01";"1";"2";"0";"2";"1";"1";"1";""
"202100043870";"123Â 253";"B01";"1";"7";"0";"2";"4";"2";"1";""
"202100043871";"123Â 250";"B01";"2";"7";"0";"2";"2";"16";"1";""
"202100043871";"123Â 251";"A01";"2";"2";"0";"2";"2";"18";"1";""
"202100043872";"123Â 249";"A01";"1";"99";"0";"1";"1";"15";"1";""
"202100043873";"123Â 247";"A01";"1";"13";"5";"2";"2";"12";"0";""
"202100043873";"123Â 248";"B01";"1";"7";"3";"2";"6";"1";"1";""
"202100043874";"123Â 246";"A01";"3";"7";"0";"1";"8";"15";"1";""
"202100043875";"123Â 245";"A01";"2";"7";"0";"1";"1";"1";"1";""
"202100043876";"123Â 243";"A01";"1";"7";"0";"2";"1";"1";"1";""
"202100043876";"123Â 244";"B01";"2";"7";"0";"2";"1";"1";"1";""
"202100043877";"123Â 241";"B01";"2";"10";"0";"0";"8";"15";"1";""
"202100043877";"123Â 242";"A01";"2";"31";"0";"2";"1";"17";"1";""
"202100043878";"123Â 240";"A01";"2";"7";"0";"1";"7";"1";"1";""
"202100043879";"123Â 239";"A01";"1";"7";"0";"1";"2";"1";"1";""
"202100043880";"123Â 236";"A01";"2";"7";"0";"2";"1";"1";"1";""
"202100043880";"123Â 237";"C01";"2";"7";"0";"2";"1";"26";"1";""
"202100043880";"123Â 238";"B01";"2";"7";"9";"0";"5";"15";"1";""
"202100043881";"123Â 234";"B01";"1";"7";"0";"2";"2";"16";"1";""
"202100043881";"123Â 235";"A01";"1";"1";"0";"2";"1";"1";"0";""
"202100043882";"123Â 233";"A01";"1";"15";"13";"0";"2";"26";"1";""
"202100043883";"123Â 230";"C01";"1";"7";"0";"0";"0";"0";"0";""
"202100043883";"123Â 231";"B01";"3";"3";"0";"0";"0";"0";"0";""
"202100043883";"123Â 232";"A01";"2";"7";"0";"0";"0";"0";"0";""
"202100043884";"123Â 228";"B01";"1";"7";"0";"2";"2";"1";"1";""
"202100043884";"123Â 229";"A01";"1";"1";"0";"2";"1";"9";"5";""
"202100043885";"123Â 226";"A01";"1";"50";"0";"2";"1";"1";"3";""
"202100043885";"123Â 227";"B01";"1";"7";"0";"2";"5";"2";"1";""
"202100043886";"123Â 224";"B01";"0";"37";"0";"2";"0";"0";"1";"2"
"202100043886";"123Â 225";"A01";"0";"10";"0";"2";"2";"15";"1";""
"202100043887";"123Â 222";"A01";"1";"7";"0";"2";"2";"15";"1";""
"202100043887";"123Â 223";"B01";"2";"31";"0";"2";"3";"1";"1";""
"202100043888";"123Â 221";"A01";"1";"30";"0";"1";"1";"11";"0";""
"202100043889";"123Â 219";"B01";"1";"7";"0";"0";"0";"24";"0";""
"202100043889";"123Â 220";"A01";"1";"2";"0";"2";"2";"21";"0";""
"202100043890";"123Â 217";"B01";"3";"7";"0";"2";"8";"1";"1";""
"202100043890";"123Â 218";"A01";"3";"7";"0";"2";"1";"1";"1";""
"202100043891";"123Â 215";"A01";"2";"7";"0";"2";"3";"9";"1";""
"202100043891";"123Â 216";"B01";"2";"7";"0";"2";"1";"1";"1";""
"202100043892";"123Â 211";"A01";"0";"2";"0";"2";"1";"17";"1";""
"202100043892";"123Â 212";"B01";"0";"1";"0";"2";"4";"15";"5";""
"202100043893";"123Â 209";"A01";"1";"15";"0";"0";"0";"1";"1";""
"202100043893";"123Â 210";"B01";"1";"7";"4";"0";"0";"1";"1";""
"202100043894";"123Â 208";"A01";"2";"7";"0";"1";"2";"19";"1";""
"202100043895";"123Â 207";"A01";"1";"7";"3";"2";"3";"19";"1";""
"202100043896";"123Â 206";"A01";"3";"7";"1";"0";"1";"14";"1";""
"202100043897";"123Â 204";"B01";"1";"34";"0";"2";"4";"23";"1";""
"202100043897";"123Â 205";"Z01";"1";"7";"0";"2";"1";"26";"1";""
"202100043898";"123Â 202";"B01";"1";"33";"0";"2";"1";"1";"1";""
"202100043898";"123Â 203";"A01";"1";"7";"0";"2";"3";"10";"1";""
"202100043899";"123Â 200";"A01";"3";"30";"0";"2";"1";"0";"1";""
"202100043899";"123Â 201";"B01";"3";"7";"0";"2";"1";"0";"0";""
"202100043900";"123Â 198";"B01";"2";"31";"0";"2";"1";"1";"1";""
"202100043900";"123Â 199";"A01";"1";"7";"0";"2";"0";"15";"1";""
"202100043901";"123Â 197";"A01";"3";"7";"1";"0";"2";"1";"1";""
"202100043902";"123Â 195";"A01";"2";"7";"0";"2";"5";"1";"1";""
"202100043902";"123Â 196";"B01";"3";"13";"0";"2";"1";"0";"1";""
"202100043903";"123Â 193";"A01";"3";"7";"0";"2";"3";"1";"1";""
"202100043903";"123Â 194";"B01";"3";"32";"0";"2";"4";"23";"1";""
"202100043904";"123Â 191";"A01";"2";"33";"0";"2";"4";"2";"1";""
"202100043904";"123Â 192";"Z01";"2";"7";"0";"2";"1";"2";"1";""
"202100043905";"123Â 190";"A01";"2";"80";"0";"2";"0";"21";"3";""
"202100043906";"123Â 188";"B01";"2";"7";"0";"2";"2";"1";"1";""
"202100043906";"123Â 189";"A01";"2";"50";"0";"2";"3";"13";"3";""
"202100043907";"123Â 186";"A01";"2";"32";"0";"2";"1";"1";"1";""
"202100043907";"123Â 187";"B01";"2";"1";"0";"2";"4";"21";"5";""
"202100043908";"123Â 184";"B01";"2";"1";"0";"2";"4";"17";"5";""
"202100043908";"123Â 185";"A01";"2";"7";"0";"2";"1";"17";"1";""
"202100043909";"123Â 181";"B01";"1";"10";"0";"2";"5";"2";"1";""
"202100043909";"123Â 182";"A01";"1";"33";"0";"2";"1";"2";"1";""
"202100043909";"123Â 183";"C01";"1";"7";"0";"2";"6";"1";"1";""
"202100043910";"123Â 179";"B01";"2";"7";"0";"2";"1";"15";"1";""
"202100043910";"123Â 180";"A01";"1";"34";"0";"2";"3";"7";"1";""
"202100043911";"123Â 178";"A01";"1";"50";"0";"1";"1";"1";"3";""
"202100043912";"123Â 177";"A01";"1";"32";"9";"0";"5";"13";"1";""
"202100043913";"123Â 175";"A01";"1";"33";"0";"2";"4";"23";"1";""
"202100043913";"123Â 176";"Z01";"1";"32";"0";"2";"1";"2";"1";""
"202100043914";"123Â 173";"A01";"1";"10";"0";"2";"2";"16";"1";""
"202100043914";"123Â 174";"B01";"1";"1";"0";"2";"1";"1";"5";""
"202100043915";"123Â 172";"A01";"2";"7";"0";"1";"4";"4";"1";""
"202100043916";"123Â 171";"A01";"3";"7";"0";"1";"7";"4";"2";""
"202100043917";"123Â 170";"A01";"2";"10";"7";"0";"3";"1";"1";""
"202100043918";"123Â 169";"A01";"3";"7";"0";"1";"1";"15";"1";""
"202100043919";"123Â 167";"A01";"1";"7";"0";"2";"3";"2";"1";""
"202100043919";"123Â 168";"B01";"3";"1";"0";"2";"0";"0";"5";""
"202100043920";"123Â 166";"A01";"1";"7";"0";"1";"0";"0";"6";""
"202100043921";"123Â 164";"A01";"3";"7";"0";"2";"1";"1";"0";""
"202100043921";"123Â 165";"B01";"3";"17";"0";"2";"4";"23";"0";""
"202100043922";"123Â 162";"A01";"1";"30";"0";"2";"4";"11";"1";""
"202100043922";"123Â 163";"B01";"1";"7";"0";"2";"1";"1";"1";""
"202100043923";"123Â 161";"X01";"0";"0";"0";"1";"0";"0";"0";""
"202100043924";"123Â 159";"A01";"1";"30";"0";"2";"2";"17";"1";""
"202100043924";"123Â 160";"B01";"2";"10";"0";"2";"3";"15";"1";""
"202100043925";"123Â 157";"B01";"1";"7";"0";"2";"4";"15";"1";""
"202100043925";"123Â 158";"A01";"1";"7";"0";"2";"1";"23";"1";""
"202100043926";"123Â 155";"A01";"2";"10";"0";"2";"1";"1";"1";""
"202100043926";"123Â 156";"B01";"2";"7";"0";"0";"4";"1";"1";""
"202100043927";"123Â 154";"A01";"2";"7";"0";"1";"3";"1";"1";""
"202100043928";"123Â 153";"A01";"1";"10";"0";"1";"1";"1";"1";""
"202100043929";"123Â 151";"B01";"2";"34";"0";"2";"8";"18";"1";""
"202100043929";"123Â 152";"A01";"2";"37";"0";"2";"2";"16";"0";"1"
"202100043930";"123Â 149";"A01";"1";"7";"0";"2";"3";"16";"1";""
"202100043930";"123Â 150";"B01";"2";"1";"0";"2";"1";"1";"0";""
"202100043931";"123Â 147";"B01";"2";"31";"0";"2";"1";"1";"1";""
"202100043931";"123Â 148";"A01";"1";"7";"0";"9";"2";"10";"1";""
"202100043932";"123Â 145";"A01";" -1";"7";"0";"2";"3";"15";"1";""
"202100043932";"123Â 146";"B01";" -1";"2";"0";"2";"1";"17";"1";""
"202100043933";"123Â 144";"A01";"3";"37";"0";"2";"2";"17";"1";"1"
"202100043934";"123Â 143";"A01";"2";"7";"0";"1";"2";"1";"2";""
"202100043935";"123Â 142";"A01";"3";"1";"13";"0";"1";"26";"0";""
"202100043936";"123Â 140";"A01";"1";"7";"0";"2";"3";"13";"1";""
"202100043936";"123Â 141";"B01";"2";"1";"0";"2";"3";"21";"6";""
"202100043937";"123Â 139";"A01";"2";"30";"0";"1";"1";"7";"1";""
"202100043938";"123Â 137";"B01";"2";"1";"1";"0";"1";"1";"5";""
"202100043938";"123Â 138";"A01";"2";"7";"0";"9";"6";"22";"1";""
"202100043939";"123Â 136";"A01";"2";"7";"8";"0";"1";"13";"1";""
"202100043940";"123Â 135";"A01";"3";"14";"0";"1";"5";"4";"1";""
"202100043941";"123Â 134";"A01";"2";"1";"0";"1";"3";"1";"5";""
"202100043942";"123Â 132";"B01";"2";"32";"0";"2";"1";"1";"1";""
"202100043942";"123Â 133";"A01";"2";"7";"0";"2";"3";"15";"1";""
"202100043943";"123Â 130";"B01";"1";"7";"0";"2";"3";"1";"1";""
"202100043943";"123Â 131";"A01";"2";"7";"0";"2";"3";"1";"1";""
"202100043944";"123Â 128";"B01";"3";"10";"0";"2";"8";"19";"1";""
"202100043944";"123Â 129";"A01";"2";"7";"0";"2";"1";"1";"1";""
"202100043945";"123Â 127";"A01";"2";"7";"0";"0";"0";"0";"1";""
"202100043946";"123Â 125";"B01";"0";"2";"0";"2";"1";"1";"1";""
"202100043946";"123Â 126";"A01";"0";"2";"0";"2";"1";"1";"1";""
"202100043947";"123Â 123";"A01";"1";"7";"0";"2";"2";"15";"1";""
"202100043947";"123Â 124";"B01";"2";"7";"13";"2";"3";"1";"1";""
"202100043948";"123Â 121";"A01";"2";"7";"13";"0";"9";"1";"1";""
"202100043949";"123Â 119";"A01";"1";"7";"0";"2";"8";"15";"1";""
"202100043949";"123Â 120";"B01";"2";"2";"0";"2";"1";"17";"1";""
"202100043950";"123Â 117";"B01";"1";"7";"0";"2";"2";"1";"1";""
"202100043950";"123Â 118";"A01";"1";"1";"0";"0";"4";"1";"5";""
"202100043951";"123Â 115";"A01";"1";"17";"0";"2";"4";"1";"1";""
"202100043951";"123Â 116";"B01";"1";"10";"0";"2";"1";"2";"1";""