"Num_Acc";"id_vehicule";"num_veh";"senc";"catv";"obs";"obsm";"choc";"manv";"motor";"occutc"
"202100043952";"123Â 113";"B01";"1";"2";"0";"2";"1";"1";"1";""
"202100043952";"123Â 114";"A01";"0";"7";"0";"2";"4";"20";"1";""
"202100043953";"123Â 112";"A01";"1";"2";"13";"0";"1";"0";"1";""
"202100043954";"123Â 110";"B01";"1";"10";"0";"2";"3";"15";"1";""
"202100043954";"123Â 111";"A01";"1";"7";"0";"2";"1";"17";"1";""
"202100043955";"123Â 108";"A01";"3";"7";"0";"2";"2";"13";"1";""
"202100043955";"123Â 109";"B01";"3";"10";"0";"2";"2";"11";"1";""
"202100043956";"123Â 107";"A01";"2";"7";"13";"0";"2";"1";"1";""
"202100043957";"123Â 106";"A01";"1";"7";"0";"0";"0";"0";"3";""
"202100043958";"123Â 104";"A01";"1";"7";"0";"0";"0";"17";"0";""
"202100043958";"123Â 105";"B01";"1";"17";"13";"0";"3";"21";"1";""
"202100043959";"123Â 103";"A01";"3";"7";"6";"0";"3";"1";"1";""
"202100043960";"123Â 101";"A01";"3";"31";"0";"2";"2";"13";"1";""
"202100043960";"123Â 102";"B01";"3";"7";"0";"2";"2";"1";"1";""
"202100043961";"123Â 100";"A01";"1";"7";"15";"0";"1";"2";"1";""
"202100043962";"123Â 099";"A01";"3";"7";"0";"1";"3";"2";"1";""
"202100043963";"123Â 098";"A01";"1";"7";"0";"1";"3";"1";"1";""
"202100043964";"123Â 096";"A01";"0";"60";"0";"2";"0";"23";"5";""
"202100043964";"123Â 097";"B01";"0";"41";"0";"2";"0";"2";"0";""
"202100043965";"123Â 094";"A01";"3";"7";"0";"0";"3";"1";"1";""
"202100043965";"123Â 095";"B01";"3";"7";"0";"0";"3";"1";"1";""
"202100043966";"123Â 092";"B01";"1";"10";"0";"2";"2";"2";"1";""
"202100043966";"123Â 093";"A01";"1";"7";"0";"2";"3";"19";"1";""
"202100043967";"123Â 091";"A01";"2";"13";"13";"0";"1";"1";"1";""
"202100043968";"123Â 089";"A01";"1";"7";"0";"0";"4";"0";"1";""
"202100043968";"123Â 090";"B01";"1";"10";"0";"2";"1";"1";"1";""
"202100043969";"123Â 086";"A01";"1";"7";"6";"0";"2";"1";"1";""
"202100043970";"123Â 084";"A01";"2";"2";"0";"2";"1";"21";"1";""
"202100043970";"123Â 085";"B01";"3";"10";"0";"2";"8";"9";"0";""
"202100043971";"123Â 082";"B01";"1";"7";"0";"2";"2";"15";"1";""
"202100043971";"123Â 083";"A01";"1";"7";"13";"2";"1";"1";"1";""
"202100043972";"123Â 080";"A01";"1";"7";"0";"2";"3";"19";"1";""
"202100043972";"123Â 081";"B01";"2";"37";"0";"2";"2";"1";"2";"1"
"202100043973";"123Â 079";"A01";"1";"33";"0";"2";"1";"2";"1";""
"202100043974";"123Â 077";"B01";"2";"15";"0";"2";"1";"1";"1";""
"202100043974";"123Â 078";"A01";"1";"7";"0";"2";"1";"13";"1";""
"202100043975";"123Â 075";"A01";"2";"10";"0";"2";"1";"2";"1";""
"202100043975";"123Â 076";"B01";"2";"7";"0";"2";"4";"15";"1";""
"202100043976";"123Â 074";"A01";"1";"7";"11";"0";"1";"2";"1";""
"202100043977";"123Â 073";"A01";"1";"80";"0";"0";"9";"1";"3";""
"202100043978";"123Â 072";"A01";"2";"15";"0";"0";"9";"1";"1";""
"202100043979";"123Â 071";"A01";"1";"2";"9";"9";"1";"1";"1";""
"202100043980";"123Â 069";"A01";"2";"7";"0";"0";"3";"1";"1";""
"202100043980";"123Â 070";"B01";"3";"10";"0";"2";"2";"25";"3";""
"202100043981";"123Â 068";"A01";"1";"7";"0";"0";"9";"1";"1";""
"202100043982";"123Â 065";"B01";"2";"15";"0";"2";"1";"1";"1";""
"202100043982";"123Â 066";"A01";"1";"10";"0";"2";"1";"5";"1";""
"202100043983";"123Â 064";"A01";"1";"7";"6";"0";"1";"13";"1";""
"202100043984";"123Â 062";"B01";"1";"1";"0";"2";"1";"1";"5";""
"202100043984";"123Â 063";"A01";"1";"7";"0";"2";"2";"16";"1";""
"202100043985";"123Â 061";"A01";"2";"7";"13";"0";"2";"1";"1";""
"202100043986";"123Â 059";"B01";"1";"2";"0";"0";"8";"1";"1";""
"202100043986";"123Â 060";"A01";"2";"7";"0";"2";"3";"15";"1";""
"202100043987";"123Â 057";"A01";"2";"7";"0";"2";"1";"15";"1";""
"202100043987";"123Â 058";"B01";"1";"7";"0";"2";"1";"1";"1";""
"202100043988";"123Â 055";"A01";"1";"7";"0";"2";"1";"1";"1";""
"202100043988";"123Â 056";"B01";"2";"7";"0";"2";"7";"19";"1";""
"202100043989";"123Â 053";"A01";"1";"13";"6";"0";"1";"1";"1";""
"202100043990";"123Â 050";"C01";"1";"7";"0";"2";"1";"2";"1";""
"202100043990";"123Â 051";"B01";"1";"7";"0";"2";"4";"2";"1";""
"202100043990";"123Â 052";"A01";"1";"7";"0";"2";"4";"1";"1";""
"202100043991";"123Â 049";"A01";"2";"10";"6";"0";"1";"14";"1";""
"202100043992";"123Â 044";"C01";"2";"10";"0";"2";"4";"2";"1";""
"202100043992";"123Â 045";"E01";"2";"7";"0";"2";"4";"2";"1";""
"202100043992";"123Â 046";"D01";"2";"7";"0";"2";"1";"0";"1";""
"202100043992";"123Â 047";"B01";"2";"7";"0";"2";"4";"2";"1";""
"202100043992";"123Â 048";"A01";"2";"7";"0";"2";"1";"2";"1";""
"202100043993";"123Â 042";"B01";"1";"7";"0";"2";"4";"1";"1";""
"202100043993";"123Â 043";"A01";"1";"7";"0";"2";"1";"1";"1";""
"202100043994";"123Â 039";"A01";"2";"10";"0";"2";"1";"2";"1";""
"202100043994";"123Â 040";"B01";"2";"7";"0";"2";"4";"2";"1";""
"202100043994";"123Â 041";"C01";"2";"7";"0";"2";"4";"2";"1";""
"202100043995";"123Â 037";"A01";"2";"7";"0";"2";"3";"9";"1";""
"202100043995";"123Â 038";"B01";"2";"31";"0";"2";"1";"3";"1";""
"202100043996";"123Â 035";"Z01";"1";"7";"0";"2";"6";"9";"0";""
"202100043996";"123Â 036";"A01";"1";"7";"0";"2";"1";"1";"1";""
"202100043997";"123Â 033";"A01";"1";"7";"0";"2";"4";"2";"1";""
"202100043997";"123Â 034";"B01";"1";"15";"0";"2";"1";"2";"0";""
"202100043998";"123Â 030";"C01";"2";"7";"0";"2";"4";"1";"1";""
"202100043998";"123Â 031";"A01";"2";"10";"0";"2";"1";"1";"1";""
"202100043998";"123Â 032";"B01";"2";"7";"0";"2";"4";"1";"1";""
"202100043999";"123Â 027";"A01";"2";"30";"0";"2";"7";"17";"1";""
"202100043999";"123Â 028";"C01";"2";"7";"0";"2";"8";"1";"1";""
"202100043999";"123Â 029";"B01";"2";"30";"0";"2";"9";"17";"1";""
"202100044000";"123Â 026";"A01";"3";"7";"0";"1";"3";"1";"1";""
"202100044001";"123Â 024";"A01";"2";"7";"0";"2";"4";"26";"1";""
"202100044001";"123Â 025";"B01";"2";"1";"0";"2";"5";"0";"0";""
"202100044002";"123Â 023";"A01";"3";"7";"0";"1";"1";"15";"0";""
"202100044003";"123Â 021";"A01";"1";"7";"2";"2";"1";"2";"1";""
"202100044003";"123Â 022";"B01";"1";"7";"1";"2";"4";"2";"1";""
"202100044004";"123Â 019";"A01";"1";"10";"8";"2";"1";"19";"1";""
"202100044004";"123Â 020";"B01";"1";"7";"0";"2";"3";"1";"1";""
"202100044005";"123Â 017";"A01";"1";"7";"0";"2";"3";"15";"1";""
"202100044005";"123Â 018";"B01";"1";"43";"0";"2";"7";"1";"1";""
"202100044006";"123Â 016";"A01";"3";"7";"0";"1";"1";"9";"1";""
"202100044007";"123Â 015";"A01";"1";"7";"0";"1";"3";"20";"1";""
"202100044008";"123Â 013";"A01";"1";"33";"0";"2";"2";"17";"1";""
"202100044008";"123Â 014";"B01";"1";"7";"0";"2";"3";"15";"2";""
"202100044009";"123Â 011";"B01";"1";"7";"0";"2";"3";"1";"1";""
"202100044009";"123Â 012";"A01";"1";"33";"0";"2";"2";"16";"1";""
"202100044010";"123Â 010";"A01";"2";"7";"0";"1";"3";"1";"1";""
"202100044011";"123Â 007";"C01";"2";"10";"0";"2";"4";"2";"1";""
"202100044011";"123Â 008";"B01";"2";"7";"0";"2";"4";"2";"1";""
"202100044011";"123Â 009";"A01";"2";"7";"0";"2";"1";"1";"1";""
"202100044012";"123Â 005";"B01";"1";"1";"0";"2";"1";"1";"5";""
"202100044012";"123Â 006";"A01";"1";"7";"0";"2";"7";"20";"1";""
"202100044013";"123Â 003";"A01";"1";"7";"0";"2";"1";"2";"1";""
"202100044013";"123Â 004";"B01";"1";"7";"0";"2";"4";"23";"1";""
"202100044014";"123Â 002";"A01";"2";"7";"0";"1";"1";"13";"1";""
"202100044015";"123Â 001";"A01";"1";"30";"0";"1";"7";"26";"1";""
"202100044016";"122Â 999";"B01";"0";"7";"0";"2";"4";"23";"1";""
"202100044016";"123Â 000";"A01";"0";"7";"0";"2";"1";"2";"1";""
"202100044017";"122Â 997";"B01";"0";"2";"0";"2";"1";"1";"1";""
"202100044017";"122Â 998";"A01";"0";"7";"0";"2";"3";"9";"1";""
"202100044018";"122Â 996";"A01";"1";"7";"8";"0";"2";"1";"1";""
"202100044019";"122Â 994";"A01";"1";"7";"0";"2";"2";"15";"1";""
"202100044019";"122Â 995";"B01";"1";"32";"0";"2";"1";"21";"1";""
"202100044020";"122Â 992";"A01";"2";"7";"0";"2";"3";"15";"1";""
"202100044020";"122Â 993";"B01";"3";"7";"0";"2";"4";"9";"1";""
"202100044021";"122Â 990";"A01";"1";"10";"1";"2";"7";"19";"1";""
"202100044021";"122Â 991";"B01";"1";"7";"0";"2";"1";"1";"1";""
"202100044022";"122Â 989";"A01";"1";"33";"0";"0";"0";"14";"1";""
"202100044023";"122Â 988";"A01";"1";"1";"16";"0";"0";"21";"5";""
"202100044024";"122Â 985";"C01";"2";"7";"0";"2";"4";"26";"1";""
"202100044024";"122Â 986";"B01";"1";"7";"0";"2";"4";"0";"1";""
"202100044024";"122Â 987";"A01";"2";"7";"0";"2";"1";"1";"1";""
"202100044025";"122Â 984";"A01";"1";"10";"2";"0";"3";"26";"1";""
"202100044026";"122Â 982";"A01";"1";"7";"0";"2";"1";"20";"1";""
"202100044026";"122Â 983";"B01";"1";"31";"0";"2";"1";"1";"1";""
"202100044027";"122Â 980";"B01";"0";"7";"0";"2";"5";"16";"1";""
"202100044027";"122Â 981";"A01";"0";"33";"0";"2";"1";"1";"1";""
"202100044028";"122Â 978";"B01";"2";"10";"0";"2";"4";"1";"1";""
"202100044028";"122Â 979";"A01";"2";"30";"0";"2";"1";"1";"1";""
"202100044029";"122Â 976";"B01";"0";"80";"0";"2";"8";"19";"3";""
"202100044029";"122Â 977";"A01";"0";"7";"0";"2";"1";"1";"1";""
"202100044030";"122Â 974";"B01";"3";"17";"0";"2";"4";"2";"1";""
"202100044030";"122Â 975";"A01";"3";"37";"0";"2";"1";"2";"6";"1"
"202100044031";"122Â 972";"B01";"1";"7";"0";"2";"1";"1";"1";""
"202100044031";"122Â 973";"A01";"2";"7";"0";"2";"7";"1";"1";""
"202100044032";"122Â 970";"A01";"3";"33";"0";"2";"8";"18";"1";""
"202100044032";"122Â 971";"B01";"3";"7";"0";"2";"2";"2";"1";""
"202100044033";"122Â 968";"B01";"1";"7";"0";"2";"3";"15";"1";""
"202100044033";"122Â 969";"A01";"1";"32";"0";"2";"2";"17";"1";""
"202100044034";"122Â 965";"C01";"3";"7";"0";"2";"4";"24";"1";""
"202100044034";"122Â 966";"A01";"1";"7";"0";"2";"2";"0";"1";""
"202100044034";"122Â 967";"B01";"1";"31";"0";"2";"0";"0";"1";""
"202100044035";"122Â 963";"B01";"1";"7";"0";"2";"2";"1";"1";""
"202100044035";"122Â 964";"A01";"2";"32";"0";"2";"1";"13";"1";""
"202100044036";"122Â 961";"A01";"1";"30";"0";"2";"5";"2";"1";""
"202100044036";"122Â 962";"B01";"1";"7";"0";"2";"5";"2";"1";""
"202100044037";"122Â 959";"B01";"1";"31";"0";"2";"1";"2";"1";""
"202100044037";"122Â 960";"A01";"1";"7";"0";"2";"2";"12";"1";""
"202100044038";"122Â 958";"A01";"1";"7";"0";"1";"1";"1";"1";""
"202100044039";"122Â 957";"A01";"1";"7";"4";"0";"1";"14";"1";""
"202100044040";"122Â 955";"B01";"2";"32";"0";"2";"4";"1";"1";""
"202100044040";"122Â 956";"A01";"2";"7";"0";"2";"1";"1";"1";""
"202100044041";"122Â 954";"A01";"1";"33";"0";"0";"3";"1";"1";""
"202100044042";"122Â 952";"A01";"1";"7";"0";"2";"6";"15";"1";""
"202100044042";"122Â 953";"B01";"1";"33";"0";"2";"2";"1";"1";""
"202100044043";"122Â 950";"B01";"2";"7";"0";"2";"3";"1";"1";""
"202100044043";"122Â 951";"A01";"1";"30";"0";"2";"1";"17";"1";""
"202100044044";"122Â 948";"Z01";"1";"2";"0";"2";"6";"19";"1";""
"202100044044";"122Â 949";"A01";"2";"1";"0";"2";"1";"5";"5";""
"202100044045";"122Â 946";"A01";"1";"30";"0";"2";"1";"18";"1";""
"202100044045";"122Â 947";"B01";"1";"14";"0";"2";"7";"22";"1";""
"202100044046";"122Â 944";"B01";"2";"33";"0";"2";"1";"1";"1";""
"202100044046";"122Â 945";"A01";"2";"33";"0";"2";"8";"10";"1";""
"202100044047";"122Â 943";"A01";"1";"1";"0";"2";"1";"21";"5";""
"202100044048";"122Â 941";"A01";"2";"50";"0";"2";"3";"15";"3";""
"202100044048";"122Â 942";"B01";"2";"7";"0";"2";"2";"2";"1";""
"202100044049";"122Â 939";"B01";"1";"1";"0";"2";"1";"1";"5";""
"202100044049";"122Â 940";"A01";"2";"50";"0";"2";"1";"5";"3";""
"202100044050";"122Â 938";"A01";"2";"1";"0";"1";"8";"5";"5";""
"202100044051";"122Â 936";"A01";"1";"32";"0";"2";"1";"2";"1";""
"202100044051";"122Â 937";"B01";"1";"32";"0";"2";"0";"2";"1";""
"202100044052";"122Â 935";"A01";"2";"1";"12";"0";"1";"14";"5";""
"202100044053";"122Â 933";"B01";"1";"1";"0";"2";"8";"7";"5";""
"202100044053";"122Â 934";"A01";"1";"10";"0";"2";"2";"16";"1";""
"202100044054";"122Â 931";"B01";"1";"7";"0";"2";"1";"1";"1";""
"202100044054";"122Â 932";"A01";"1";"33";"0";"2";"3";"1";"1";""
"202100044055";"122Â 930";"A01";"3";"43";"0";"1";"1";"1";"0";""
"202100044056";"122Â 928";"B01";"1";"15";"0";"0";"3";"0";"1";""
"202100044056";"122Â 929";"A01";"1";"7";"0";"2";"3";"2";"1";""
"202100044057";"122Â 926";"A01";" -1";"7";"0";"2";"2";"26";"1";""
"202100044057";"122Â 927";"B01";" -1";"33";"0";"2";"3";"1";"1";""
"202100044058";"122Â 925";"A01";"1";"10";"0";"1";"1";"16";"1";""
"202100044059";"122Â 923";"B01";"3";"10";"0";"0";"1";"1";"6";""
"202100044059";"122Â 924";"A01";"3";"2";"15";"2";"1";"16";"1";""
"202100044060";"122Â 921";"A01";"1";"10";"0";"2";"6";"20";"1";""
"202100044060";"122Â 922";"B01";"1";"2";"2";"2";"3";"24";"0";""
"202100044061";"122Â 919";"A01";"2";"10";"0";"2";"8";"2";"1";""
"202100044061";"122Â 920";"B01";"1";"2";"0";"2";"1";"1";"1";""
"202100044062";"122Â 917";"A01";"1";"7";"0";"1";"1";"15";"1";""
"202100044063";"122Â 915";"A01";"2";"32";"0";"2";"4";"1";"1";""
"202100044063";"122Â 916";"B01";"2";"7";"0";"2";"3";"2";"1";""
"202100044064";"122Â 914";"A01";"2";"10";"0";"1";"1";"1";"1";""
"202100044065";"122Â 912";"B01";"3";"7";"0";"2";"1";"1";"1";""
"202100044065";"122Â 913";"A01";"3";"7";"0";"2";"3";"10";"1";""
"202100044066";"122Â 910";"A01";"1";"7";"0";"2";"3";"9";"1";""
"202100044066";"122Â 911";"B01";"1";"1";"0";"2";"1";"1";"6";""
"202100044067";"122Â 908";"B01";"2";"7";"0";"2";"6";"1";"1";""
"202100044067";"122Â 909";"A01";"3";"36";"0";"2";"2";"9";"1";""
"202100044068";"122Â 906";"A01";"1";"10";"0";"2";"1";"3";"1";""
"202100044068";"122Â 907";"B01";"2";"2";"0";"2";"1";"1";"1";""
"202100044069";"122Â 904";"B01";"3";"33";"0";"2";"3";"13";"1";""
"202100044069";"122Â 905";"A01";"3";"7";"0";"2";"3";"1";"1";""
"202100044070";"122Â 903";"A01";"1";"2";"3";"0";"7";"1";"1";""
"202100044071";"122Â 902";"A01";"2";"33";"3";"0";"3";"1";"1";""
"202100044072";"122Â 900";"A01";"1";"10";"0";"2";"1";"1";"1";""
"202100044072";"122Â 901";"B01";"1";"1";"0";"0";"8";"15";"5";""
"202100044073";"122Â 899";"A01";"1";"7";"0";"1";"1";"1";"1";""
"202100044074";"122Â 894";"A01";"1";"7";"0";"2";"3";"17";"1";""
"202100044074";"122Â 895";"B01";"2";"7";"5";"2";"3";"1";"1";""
"202100044074";"122Â 896";"C01";"2";"7";"0";"2";"3";"1";"1";""
"202100044075";"122Â 893";"A01";"2";"7";"0";"1";"2";"1";"1";""
"202100044076";"122Â 891";"B01";"2";"10";"0";"2";"2";"1";"1";""
"202100044076";"122Â 892";"A01";"1";"7";"0";"2";"3";"13";"1";""
"202100044077";"122Â 888";"A01";"0";"7";"0";"2";"1";"13";"1";""
"202100044077";"122Â 889";"B01";"0";"7";"0";"2";"3";"1";"1";""
"202100044077";"122Â 890";"C01";"0";"7";"0";"2";"1";"1";"1";""
"202100044078";"122Â 886";"B01";"1";"7";"0";"2";"3";"1";"1";""
"202100044078";"122Â 887";"A01";"3";"7";"0";"2";"2";"1";"1";""
"202100044079";"122Â 885";"A01";"1";"33";"13";"0";"1";"1";"1";""
"202100044080";"122Â 884";"A01";"3";"7";"13";"0";"2";"1";"1";""
"202100044081";"122Â 882";"A01";"2";"17";"0";"2";"6";"13";"1";""
"202100044081";"122Â 883";"B01";"1";"17";"0";"2";"3";"1";"1";""
"202100044082";"122Â 881";"A01";"1";"7";"13";"0";"1";"3";"1";""
"202100044083";"122Â 879";"B01";"1";"7";"0";"2";"3";"1";"1";""
"202100044083";"122Â 880";"A01";"2";"7";"0";"2";"3";"1";"1";""
"202100044084";"122Â 877";"B01";"2";"10";"0";"2";"2";"1";"1";""
"202100044084";"122Â 878";"A01";"2";"32";"0";"2";"8";"19";"1";""
"202100044085";"122Â 876";"A01";"3";"7";"0";"1";"3";"1";"1";""
"202100044086";"122Â 874";"A01";"1";"7";"0";"2";"6";"9";"1";""
"202100044086";"122Â 875";"B01";"1";"33";"0";"2";"1";"1";"1";""
"202100044087";"122Â 871";"A01";"2";"7";"0";"2";"1";"13";"1";""
"202100044087";"122Â 872";"B01";"1";"7";"0";"2";"1";"1";"0";""
"202100044088";"122Â 870";"A01";"3";"7";"2";"0";"3";"1";"1";""
"202100044089";"122Â 869";"A01";"2";"7";"6";"0";"0";"1";"1";""
"202100044090";"122Â 866";"A01";"2";"10";"0";"2";"3";"17";"1";""
"202100044090";"122Â 867";"B01";"1";"7";"0";"2";"3";"1";"1";""
"202100044090";"122Â 868";"C01";"2";"17";"0";"2";"3";"1";"1";""
"202100044091";"122Â 863";"B01";"2";"15";"0";"2";"2";"1";"1";""
"202100044091";"122Â 864";"C01";"1";"7";"0";"2";"6";"1";"1";""
"202100044091";"122Â 865";"A01";"1";"7";"0";"2";"1";"13";"1";""
"202100044092";"122Â 862";"A01";"2";"33";"0";"0";"1";"2";"1";""
"202100044093";"122Â 860";"A01";"1";"33";"0";"2";"8";"1";"1";""
"202100044093";"122Â 861";"B01";"2";"7";"8";"2";"1";"15";"1";""
"202100044094";"122Â 858";"A01";"2";"7";"4";"2";"3";"11";"1";""
"202100044094";"122Â 859";"B01";"2";"7";"0";"0";"4";"1";"1";""
"202100044095";"122Â 856";"B01";"3";"80";"0";"2";"3";"1";"3";""
"202100044095";"122Â 857";"A01";"3";"33";"2";"2";"1";"11";"1";""
"202100044096";"122Â 855";"A01";"1";"33";"13";"0";"1";"1";"1";""
"202100044097";"122Â 854";"A01";"3";"7";"0";"1";"3";"1";"1";""
"202100044098";"122Â 850";"A01";"2";"50";"0";"0";"2";"1";"3";""
"202100044098";"122Â 851";"B01";"1";"7";"0";"2";"3";"16";"1";""
"202100044099";"122Â 849";"A01";"2";"7";"0";"0";"1";"1";"2";""
"202100044100";"122Â 847";"A01";"3";"1";"0";"2";"1";"5";"5";""
"202100044100";"122Â 848";"B01";"3";"7";"0";"2";"1";"1";"1";""
"202100044101";"122Â 845";"A01";"2";"7";"1";"0";"1";"14";"1";""
"202100044101";"122Â 846";"B01";"2";"15";"0";"2";"4";"24";"1";""
"202100044102";"122Â 843";"A01";"1";"7";"0";"2";"1";"2";"1";""
"202100044102";"122Â 844";"B01";"1";"15";"0";"0";"4";"2";"1";""
"202100044103";"122Â 841";"B01";"1";"13";"0";"9";"7";"1";"1";""
"202100044103";"122Â 842";"A01";"1";"1";"0";"2";"8";"9";"5";""
"202100044104";"122Â 840";"A01";"1";"7";"0";"0";"9";"1";"1";""
"202100044105";"122Â 838";"B01";"2";"7";"0";"2";"2";"1";"1";""
"202100044105";"122Â 839";"A01";"2";"7";"0";"2";"3";"11";"1";""
"202100044106";"122Â 836";"A01";"2";"7";"0";"2";"1";"26";"1";""
"202100044106";"122Â 837";"B01";"2";"7";"0";"2";"4";"26";"1";""
"202100044107";"122Â 834";"A01";"2";"10";"1";"0";"2";"1";"1";""
"202100044107";"122Â 835";"B01";"2";"7";"0";"2";"6";"24";"1";""
"202100044108";"122Â 832";"A01";"1";"2";"0";"2";"2";"15";"1";""
"202100044108";"122Â 833";"B01";"2";"10";"0";"2";"3";"1";"1";""
"202100044109";"122Â 830";"B01";"1";"33";"0";"2";"8";"1";"1";""
"202100044109";"122Â 831";"A01";"0";"7";"0";"2";"2";"9";"1";""
"202100044110";"122Â 828";"A01";"3";"10";"0";"9";"2";"14";"1";""
"202100044110";"122Â 829";"B01";"3";"80";"0";"2";"2";"1";"3";""
"202100044111";"122Â 825";"A01";"1";"7";"0";"2";"6";"26";"1";""
"202100044111";"122Â 826";"B01";"2";"7";"0";"2";"4";"26";"1";""
"202100044111";"122Â 827";"C01";"1";"7";"0";"2";"1";"26";"1";""
"202100044112";"122Â 824";"A01";"2";"80";"0";"0";"0";"2";"3";""
"202100044113";"122Â 822";"B01";"1";"7";"0";"2";"5";"15";"1";""
"202100044113";"122Â 823";"A01";"1";"30";"0";"2";"1";"0";"1";""
"202100044114";"122Â 820";"B01";"2";"30";"0";"2";"8";"16";"1";""
"202100044114";"122Â 821";"A01";"2";"7";"0";"2";"7";"17";"1";""
"202100044115";"122Â 818";"B01";"1";"2";"0";"2";"1";"1";"1";""
"202100044115";"122Â 819";"A01";"0";"7";"0";"2";"1";"15";"1";""
"202100044116";"122Â 817";"A01";"1";"30";"0";"2";"4";"2";"1";""
"202100044117";"122Â 815";"A01";"1";"7";"0";"2";"7";"22";"1";""
"202100044117";"122Â 816";"B01";"1";"2";"0";"2";"3";"1";"1";""
"202100044118";"122Â 813";"A01";"2";"2";"0";"2";"1";"1";"0";""
"202100044118";"122Â 814";"B01";"3";"1";"0";"2";"8";"1";"5";""
"202100044119";"122Â 811";"B01";"3";"32";"0";"2";"1";"17";"1";""
"202100044119";"122Â 812";"A01";"3";"7";"0";"2";"8";"15";"1";""
"202100044120";"122Â 809";"B01";"1";"1";"14";"2";"1";"2";"5";""
"202100044120";"122Â 810";"A01";"1";"7";"0";"2";"4";"26";"1";""
"202100044121";"122Â 808";"A01";"3";"7";"0";"1";"5";"4";"1";""
"202100044122";"122Â 806";"B01";"1";"34";"0";"2";"7";"17";"1";""
"202100044122";"122Â 807";"A01";"3";"7";"0";"2";"1";"15";"1";""
"202100044123";"122Â 805";"A01";"1";"37";"0";"1";"3";"21";"0";"1"
"202100044124";"122Â 803";"A01";"1";"32";"0";"2";"1";"17";"1";""
"202100044124";"122Â 804";"B01";"1";"10";"0";"2";"3";"15";"1";""
"202100044125";"122Â 802";"A01";"1";"7";"0";"1";"1";"19";"1";""
"202100044126";"122Â 800";"A01";"3";"31";"0";"2";"1";"1";"1";""
"202100044126";"122Â 801";"B01";"3";"7";"0";"0";"5";"23";"1";""
"202100044127";"122Â 799";"A01";"1";"33";"3";"0";"9";"0";"1";""
"202100044128";"122Â 797";"B01";"3";"1";"0";"2";"0";"1";"0";""
"202100044128";"122Â 798";"A01";"0";"7";"0";"2";"0";"15";"0";""
"202100044129";"122Â 795";"A01";"3";"39";"0";"1";"3";"1";"0";""
"202100044130";"122Â 793";"B01";"1";"1";"0";"2";"1";"1";"5";""
"202100044130";"122Â 794";"A01";"1";"10";"0";"2";"3";"9";"1";""
"202100044131";"122Â 791";"B01";"1";"7";"8";"2";"2";"15";"1";""
"202100044131";"122Â 792";"A01";"0";"33";"0";"2";"7";"17";"6";""
"202100044132";"122Â 789";"A01";"3";"7";"0";"2";"3";"1";"1";""
"202100044132";"122Â 790";"B01";"3";"7";"0";"2";"7";"15";"1";""
"202100044133";"122Â 787";"A01";"1";"7";"0";"2";"3";"15";"1";""
"202100044133";"122Â 788";"B01";"2";"7";"0";"2";"3";"1";"1";""
"202100044134";"122Â 785";"A01";"1";"7";"0";"2";"1";"15";"1";""
"202100044134";"122Â 786";"B01";"1";"7";"0";"2";"4";"15";"1";""
"202100044135";"122Â 783";"B01";"0";"7";"0";"2";"4";"2";"2";""
"202100044135";"122Â 784";"A01";"0";"7";"0";"2";"1";"2";"1";""
"202100044136";"122Â 782";"A01";"3";"30";"8";"0";"1";"13";"1";""
"202100044137";"122Â 780";"B01";"2";"7";"0";"2";"4";"1";"2";""
"202100044137";"122Â 781";"A01";"2";"7";"0";"2";"1";"1";"1";""
"202100044138";"122Â 779";"A01";"1";"7";"0";"0";"2";"1";"1";""
"202100044139";"122Â 778";"A01";"1";"30";"0";"0";"8";"9";"1";""
"202100044140";"122Â 775";"A01";"2";"7";"0";"2";"1";"1";"1";""
"202100044140";"122Â 776";"B01";"2";"99";"0";"2";"7";"1";"0";""
"202100044140";"122Â 777";"C01";"2";"7";"0";"2";"8";"23";"1";""
"202100044141";"122Â 773";"A01";"2";"7";"0";"2";"7";"15";"1";""
"202100044141";"122Â 774";"B01";"2";"7";"0";"2";"1";"1";"1";""
"202100044142";"122Â 772";"A01";"1";"7";"15";"0";"1";"14";"1";""
"202100044143";"122Â 771";"A01";"2";"1";"0";"1";"2";"1";"5";""
"202100044144";"122Â 770";"A01";"1";"7";"13";"0";"2";"15";"1";""
"202100044145";"122Â 769";"A01";"1";"7";"2";"0";"1";"13";"1";""
"202100044146";"122Â 768";"A01";"2";"7";"13";"0";"2";"14";"1";""
"202100044147";"122Â 767";"A01";"1";"7";"0";"1";"3";"1";"1";""
"202100044148";"122Â 765";"A01";"1";"30";"0";"2";"0";"15";"1";""
"202100044148";"122Â 766";"B01";"2";"7";"0";"2";"3";"1";"1";""
"202100044149";"122Â 763";"B01";"1";"50";"0";"2";"8";"19";"3";""
"202100044149";"122Â 764";"A01";"1";"7";"0";"2";"1";"1";"1";""
"202100044150";"122Â 761";"A01";"3";"10";"0";"2";"1";"15";"1";""
"202100044150";"122Â 762";"B01";"3";"7";"0";"2";"4";"15";"1";""
"202100044151";"122Â 757";"B01";"1";"33";"0";"2";"1";"17";"1";""
"202100044151";"122Â 758";"A01";"3";"7";"0";"2";"3";"15";"1";""
"202100044152";"122Â 755";"B01";"2";"7";"0";"2";"8";"15";"2";""
"202100044152";"122Â 756";"A01";"2";"31";"0";"2";"7";"3";"1";""