"Num_Acc";"id_vehicule";"num_veh";"senc";"catv";"obs";"obsm";"choc";"manv";"motor";"occutc"
"202100044153";"122Â 749";"A01";"2";"7";"0";"2";"1";"2";"1";""
"202100044153";"122Â 750";"B01";"2";"7";"0";"2";"4";"2";"1";""
"202100044153";"122Â 751";"C01";"2";"32";"0";"2";"4";"2";"1";""
"202100044153";"122Â 752";"D01";"2";"7";"0";"2";"4";"2";"0";""
"202100044154";"122Â 747";"A01";"0";"7";"0";"2";"1";"9";"1";""
"202100044154";"122Â 748";"B01";"0";"32";"0";"2";"2";"3";"1";""
"202100044155";"122Â 746";"A01";"2";"43";"6";"0";"0";"2";"1";""
"202100044156";"122Â 744";"B01";"2";"80";"0";"2";"3";"25";"5";""
"202100044156";"122Â 745";"A01";"2";"7";"0";"2";"2";"25";"1";""
"202100044157";"122Â 742";"B01";"3";"7";"0";"2";"1";"9";"1";""
"202100044157";"122Â 743";"A01";"2";"7";"6";"0";"0";"0";"1";""
"202100044158";"122Â 740";"A01";"1";"7";"0";"2";"1";"2";"3";""
"202100044158";"122Â 741";"B01";"1";"10";"0";"2";"4";"2";"1";""
"202100044159";"122Â 738";"B01";"1";"33";"0";"2";"2";"17";"1";""
"202100044159";"122Â 739";"A01";"1";"7";"0";"2";"3";"15";"1";""
"202100044160";"122Â 737";"A01";"2";"1";"0";"1";"1";"1";"5";""
"202100044161";"122Â 735";"B01";"0";"30";"0";"2";"2";"1";"1";""
"202100044161";"122Â 736";"Z01";"0";"7";"0";"2";"0";"14";"0";""
"202100044162";"122Â 733";"B01";"2";"2";"0";"2";"2";"1";"1";""
"202100044162";"122Â 734";"A01";"2";"7";"0";"2";"4";"20";"1";""
"202100044163";"122Â 732";"A01";"2";"30";"0";"2";"0";"21";"1";""
"202100044164";"122Â 730";"B01";"2";"7";"0";"2";"2";"15";"1";""
"202100044164";"122Â 731";"A01";"1";"43";"0";"2";"1";"7";"1";""
"202100044165";"122Â 728";"B01";"1";"32";"0";"2";"3";"1";"1";""
"202100044165";"122Â 729";"A01";"1";"30";"0";"2";"5";"12";"1";""
"202100044166";"122Â 726";"A01";"3";"7";"0";"2";"1";"1";"1";""
"202100044166";"122Â 727";"B01";"3";"7";"0";"2";"4";"23";"1";""
"202100044167";"122Â 725";"A01";"3";"80";"0";"0";"0";"1";"3";""
"202100044168";"122Â 724";"A01";"1";"30";"0";"1";"7";"1";"3";""
"202100044169";"122Â 722";"A01";"1";"32";"0";"2";"1";"1";"1";""
"202100044169";"122Â 723";"B01";"0";"1";"0";"2";"8";"9";"5";""
"202100044170";"122Â 720";"B01";"1";"7";"0";"2";"2";"16";"1";""
"202100044170";"122Â 721";"A01";"1";"32";"0";"2";"3";"18";"1";""
"202100044171";"122Â 718";"B01";"3";"7";"0";"2";"7";"1";"1";""
"202100044171";"122Â 719";"A01";"2";"1";"0";"2";"1";"15";"5";""
"202100044172";"122Â 716";"B01";"1";"7";"0";"2";"4";"2";"1";""
"202100044172";"122Â 717";"A01";"1";"14";"0";"2";"1";"2";"1";""
"202100044173";"122Â 714";"A01";"3";"7";"0";"2";"4";"2";"1";""
"202100044173";"122Â 715";"B01";"2";"10";"1";"9";"4";"2";"1";""
"202100044174";"122Â 712";"B01";"2";"7";"0";"2";"4";"2";"1";""
"202100044174";"122Â 713";"A01";"2";"30";"0";"2";"1";"2";"1";""
"202100044175";"122Â 710";"B01";"3";"7";"0";"2";"8";"1";"3";""
"202100044175";"122Â 711";"A01";"3";"7";"0";"2";"1";"19";"1";""
"202100044176";"122Â 709";"Z01";"2";"50";"0";"1";"1";"25";"3";""
"202100044177";"122Â 707";"A01";"3";"32";"0";"2";"1";"1";"1";""
"202100044177";"122Â 708";"B01";"3";"7";"0";"2";"3";"15";"1";""
"202100044178";"122Â 706";"A01";"1";"7";"1";"0";"2";"14";"1";""
"202100044179";"122Â 704";"A01";"1";"7";"0";"2";"2";"2";"1";""
"202100044179";"122Â 705";"B01";"1";"7";"0";"2";"0";"0";"1";""
"202100044180";"122Â 702";"A01";"2";"32";"0";"2";"1";"21";"1";""
"202100044180";"122Â 703";"B01";"1";"7";"0";"2";"3";"21";"1";""
"202100044181";"122Â 700";"A01";"1";"7";"12";"2";"3";"15";"1";""
"202100044181";"122Â 701";"B01";"2";"30";"0";"2";"1";"1";"1";""
"202100044182";"122Â 698";"B01";"2";"33";"0";"2";"6";"1";"1";""
"202100044182";"122Â 699";"A01";"1";"7";"0";"2";"3";"2";"0";""
"202100044183";"122Â 696";"B01";"1";"50";"1";"0";"1";"1";"3";""
"202100044183";"122Â 697";"A01";"1";"7";"0";"2";"8";"22";"1";""
"202100044184";"122Â 694";"A01";"3";"7";"0";"2";"3";"16";"1";""
"202100044184";"122Â 695";"B01";"3";"1";"0";"2";"3";"5";"0";""
"202100044185";"122Â 693";"A01";"1";"7";"0";"0";"5";"23";"1";""
"202100044186";"122Â 691";"A01";"1";"10";"0";"2";"3";"16";"1";""
"202100044186";"122Â 692";"B01";"3";"1";"0";"2";"1";"19";"5";""
"202100044187";"122Â 690";"A01";"2";"50";"0";"1";"0";"19";"3";""
"202100044188";"122Â 689";"A01";"1";"30";"0";"0";"9";"1";"1";""
"202100044189";"122Â 688";"A01";"1";"7";"0";"1";"1";"9";"1";""
"202100044190";"122Â 686";"B01";"2";"33";"0";"2";"7";"1";"1";""
"202100044190";"122Â 687";"A01";"1";"7";"0";"2";"1";"1";"1";""
"202100044191";"122Â 684";"B01";"1";"7";"0";"2";"1";"1";"1";""
"202100044191";"122Â 685";"A01";"2";"7";"3";"2";"1";"13";"1";""
"202100044192";"122Â 682";"B01";"3";"1";"0";"2";"3";"1";"5";""
"202100044192";"122Â 683";"A01";"3";"7";"13";"2";"3";"1";"1";""
"202100044193";"122Â 680";"A01";"0";"7";"0";"0";"6";"10";"1";""
"202100044193";"122Â 681";"B01";"2";"33";"0";"2";"1";"1";"1";""
"202100044194";"122Â 678";"A01";"2";"33";"0";"0";"1";"2";"1";""
"202100044194";"122Â 679";"B01";"2";"21";"0";"2";"5";"15";"1";""
"202100044195";"122Â 677";"A01";"1";"7";"3";"0";"2";"2";"0";""
"202100044196";"122Â 675";"A01";"2";"7";"0";"2";"1";"17";"1";""
"202100044196";"122Â 676";"B01";"1";"33";"0";"2";"1";"1";"1";""
"202100044197";"122Â 674";"A01";"1";"2";"0";"0";"0";"1";"1";""
"202100044198";"122Â 672";"A01";"2";"7";"0";"2";"3";"1";"1";""
"202100044198";"122Â 673";"B01";"1";"7";"0";"2";"3";"1";"1";""
"202100044199";"122Â 670";"B01";"2";"13";"0";"2";"2";"1";"1";""
"202100044199";"122Â 671";"A01";"1";"10";"0";"2";"2";"13";"1";""
"202100044200";"122Â 669";"A01";"1";"10";"13";"0";"7";"1";"1";""
"202100044201";"122Â 667";"B01";"3";"7";"0";"2";"3";"14";"1";""
"202100044201";"122Â 668";"A01";"3";"7";"0";"2";"3";"13";"1";""
"202100044202";"122Â 666";"A01";"1";"7";"0";"0";"9";"1";"1";""
"202100044203";"122Â 664";"B01";"1";"7";"0";"2";"1";"1";"1";""
"202100044203";"122Â 665";"A01";"1";"7";"0";"2";"3";"9";"1";""
"202100044204";"122Â 663";"A01";"3";"32";"0";"0";"9";"14";"1";""
"202100044205";"122Â 661";"A01";"2";"7";"0";"2";"3";"13";"2";""
"202100044205";"122Â 662";"B01";"1";"15";"0";"2";"3";"1";"1";""
"202100044206";"122Â 659";"B01";"1";"10";"0";"0";"4";"1";"1";""
"202100044206";"122Â 660";"A01";"1";"10";"0";"2";"1";"2";"1";""
"202100044207";"122Â 655";"D01";"2";"7";"5";"0";"1";"0";"1";""
"202100044207";"122Â 656";"C01";"2";"10";"0";"2";"1";"0";"1";""
"202100044207";"122Â 657";"B01";"2";"10";"1";"0";"1";"0";"1";""
"202100044207";"122Â 658";"A01";"2";"7";"3";"0";"0";"0";"1";""
"202100044208";"122Â 652";"A01";"2";"7";"0";"2";"2";"5";"1";""
"202100044208";"122Â 653";"C01";"1";"7";"0";"2";"1";"2";"1";""
"202100044208";"122Â 654";"B01";"1";"7";"0";"2";"1";"5";"1";""
"202100044209";"122Â 648";"B01";"3";"10";"0";"2";"1";"15";"1";""
"202100044209";"122Â 649";"A01";"3";"1";"0";"2";"1";"1";"5";""
"202100044210";"122Â 646";"B01";"1";"2";"0";"2";"2";"2";"1";""
"202100044210";"122Â 647";"A01";"2";"7";"0";"2";"3";"9";"1";""
"202100044211";"122Â 644";"A01";"1";"33";"0";"2";"8";"21";"1";""
"202100044211";"122Â 645";"B01";"1";"15";"0";"2";"2";"16";"1";""
"202100044212";"122Â 642";"B01";"1";"2";"0";"2";"1";"1";"1";""
"202100044212";"122Â 643";"A01";"2";"7";"0";"2";"2";"15";"1";""
"202100044213";"122Â 640";"B01";"2";"7";"0";"2";"3";"1";"1";""
"202100044213";"122Â 641";"A01";"1";"10";"0";"2";"6";"13";"1";""
"202100044214";"122Â 639";"A01";"3";"7";"0";"1";"2";"1";"1";""
"202100044215";"122Â 638";"A01";"2";"7";"0";"1";"5";"4";"1";""
"202100044216";"122Â 637";"A01";"1";"7";"13";"0";"1";"1";"1";""
"202100044217";"122Â 636";"A01";"1";"7";"13";"0";"9";"1";"1";""
"202100044218";"122Â 634";"A01";"1";"7";"0";"2";"4";"1";"1";""
"202100044218";"122Â 635";"B01";"1";"33";"0";"2";"1";"1";"1";""
"202100044219";"122Â 632";"A01";"1";"10";"0";"2";"1";"1";"1";""
"202100044219";"122Â 633";"B01";"1";"7";"0";"2";"4";"1";"1";""
"202100044220";"122Â 630";"A01";"1";"7";"0";"2";"1";"2";"1";""
"202100044220";"122Â 631";"B01";"1";"7";"0";"2";"4";"1";"1";""
"202100044221";"122Â 628";"B01";"2";"15";"0";"2";"3";"11";"1";""
"202100044221";"122Â 629";"A01";"2";"7";"0";"2";"2";"1";"1";""
"202100044222";"122Â 627";"A01";"1";"7";"4";"0";"2";"26";"1";""
"202100044223";"122Â 625";"A01";"1";"7";"0";"2";"1";"1";"1";""
"202100044223";"122Â 626";"B01";"1";"7";"0";"2";"4";"2";"1";""
"202100044224";"122Â 623";"A01";"1";"33";"0";"2";"0";"26";"1";""
"202100044224";"122Â 624";"B01";"1";"7";"0";"2";"2";"0";"1";""
"202100044225";"122Â 621";"B01";"2";"7";"0";"2";"1";"2";"1";""
"202100044225";"122Â 622";"A01";"2";"7";"0";"2";"4";"2";"1";""
"202100044226";"122Â 614";"A01";"2";"10";"0";"2";"4";"2";"1";""
"202100044226";"122Â 615";"B01";"2";"13";"0";"2";"1";"2";"1";""
"202100044226";"122Â 616";"C01";"2";"7";"0";"2";"4";"0";"1";""
"202100044226";"122Â 617";"D01";"2";"10";"0";"2";"1";"1";"1";""
"202100044226";"122Â 618";"E01";"2";"7";"0";"2";"4";"2";"1";""
"202100044226";"122Â 619";"F01";"2";"7";"0";"2";"8";"2";"1";""
"202100044226";"122Â 620";"G01";"2";"7";"0";"2";"0";"2";"1";""
"202100044227";"122Â 612";"B01";"1";"7";"0";"2";"0";"21";"1";""
"202100044227";"122Â 613";"A01";"1";"7";"0";"2";"6";"26";"1";""
"202100044228";"122Â 611";"A01";"2";"33";"3";"0";"9";"1";"1";""
"202100044229";"122Â 608";"C01";"1";"7";"0";"2";"6";"1";"1";""
"202100044229";"122Â 609";"A01";"1";"7";"0";"2";"3";"11";"1";""
"202100044229";"122Â 610";"B01";"1";"7";"0";"2";"2";"1";"1";""
"202100044230";"122Â 606";"A01";"1";"10";"0";"2";"3";"12";"1";""
"202100044230";"122Â 607";"B01";"1";"15";"0";"2";"5";"11";"1";""
"202100044231";"122Â 603";"B01";"1";"10";"0";"2";"4";"2";"1";""
"202100044231";"122Â 604";"A01";"1";"10";"0";"2";"1";"2";"1";""
"202100044231";"122Â 605";"C01";"1";"7";"0";"2";"4";"2";"1";""
"202100044232";"122Â 601";"A01";"1";"14";"0";"2";"3";"2";"1";""
"202100044232";"122Â 602";"B01";"1";"7";"3";"2";"5";"12";"1";""
"202100044233";"122Â 599";"A01";"1";"7";"0";"2";"1";"26";"1";""
"202100044233";"122Â 600";"B01";"1";"7";"0";"2";"4";"26";"1";""
"202100044234";"122Â 596";"B01";"2";"2";"0";"2";"1";"1";"1";""
"202100044234";"122Â 597";"A01";"2";"7";"0";"2";"7";"15";"1";""
"202100044235";"122Â 595";"A01";"1";"30";"0";"1";"1";"1";"1";""
"202100044236";"122Â 594";"A01";"1";"7";"0";"1";"2";"1";"1";""
"202100044237";"122Â 593";"A01";"1";"2";"0";"0";"9";"1";"1";""
"202100044238";"122Â 591";"B01";"1";"7";"0";"2";"1";"0";"1";""
"202100044238";"122Â 592";"A01";"1";"7";"0";"2";"4";"0";"1";""
"202100044239";"122Â 590";"A01";"1";"50";"0";"2";"8";"26";"3";""
"202100044240";"122Â 589";"A01";"1";"7";"4";"0";"2";"1";"1";""
"202100044241";"122Â 587";"A01";"1";"33";"0";"2";"1";"2";"1";""
"202100044241";"122Â 588";"B01";"1";"7";"0";"2";"4";"2";"1";""
"202100044242";"122Â 585";"B01";"1";"7";"0";"2";"4";"1";"0";""
"202100044242";"122Â 586";"A01";"1";"36";"1";"2";"1";"1";"1";""
"202100044243";"122Â 584";"A01";"2";"7";"0";"1";"1";"19";"1";""
"202100044244";"122Â 583";"A01";"3";"10";"14";"0";"3";"1";"1";""
"202100044245";"122Â 581";"B01";"2";"1";"0";"2";"1";"1";"5";""
"202100044245";"122Â 582";"A01";"1";"7";"0";"2";"5";"15";"1";""
"202100044246";"122Â 579";"B01";"1";"2";"0";"2";"7";"1";"1";""
"202100044246";"122Â 580";"A01";"1";"7";"0";"2";"8";"11";"1";""
"202100044247";"122Â 577";"A01";"1";"10";"0";"9";"2";"26";"1";""
"202100044247";"122Â 578";"B01";"1";"1";"0";"2";"7";"26";"5";""
"202100044248";"122Â 576";"A01";"0";"7";"0";"1";"1";"16";"1";""
"202100044249";"122Â 574";"B01";"0";"7";"0";"2";"7";"0";"1";""
"202100044249";"122Â 575";"A01";"2";"7";"0";"2";"7";"1";"1";""
"202100044250";"122Â 572";"A01";"1";"7";"0";"2";"6";"22";"1";""
"202100044250";"122Â 573";"B01";"1";"50";"0";"2";"1";"1";"3";""
"202100044251";"122Â 570";"A01";"1";"7";"0";"2";"8";"1";"1";""
"202100044251";"122Â 571";"B01";"0";"50";"0";"2";"1";"19";"3";""
"202100044252";"122Â 568";"A01";"1";"10";"0";"2";"1";"9";"1";""
"202100044252";"122Â 569";"B01";"2";"33";"0";"2";"2";"1";"1";""
"202100044253";"122Â 566";"B01";"1";"7";"0";"2";"8";"19";"1";""
"202100044253";"122Â 567";"A01";"1";"7";"0";"2";"1";"19";"1";""
"202100044254";"122Â 563";"A01";"1";"7";"0";"2";"1";"2";"1";""
"202100044254";"122Â 564";"B01";"1";"7";"0";"2";"4";"23";"1";""
"202100044254";"122Â 565";"C01";"1";"7";"0";"2";"4";"23";"1";""
"202100044255";"122Â 562";"A01";"2";"7";"15";"0";"2";"14";"1";""
"202100044256";"122Â 560";"A01";"2";"7";"0";"2";"3";"1";"1";""
"202100044256";"122Â 561";"B01";"1";"7";"0";"2";"2";"1";"1";""
"202100044257";"122Â 558";"B01";"1";"7";"0";"2";"7";"1";"1";""
"202100044257";"122Â 559";"A01";"1";"2";"0";"2";"1";"19";"1";""
"202100044258";"122Â 555";"C01";"2";"7";"0";"2";"1";"2";"1";""
"202100044258";"122Â 556";"B01";"2";"7";"0";"2";"4";"2";"1";""
"202100044258";"122Â 557";"A01";"2";"7";"0";"2";"4";"15";"1";""
"202100044259";"122Â 553";"B01";" -1";"1";"0";"2";"1";"19";"5";""
"202100044259";"122Â 554";"A01";"2";"7";"0";"2";"1";"1";"1";""
"202100044260";"122Â 551";"B01";"2";"1";"1";"0";"1";"1";"5";""
"202100044260";"122Â 552";"A01";"2";"10";"0";"2";"8";"22";"1";""
"202100044261";"122Â 549";"A01";"1";"7";"1";"2";"1";"2";"1";""
"202100044261";"122Â 550";"B01";"2";"7";"0";"2";"4";"2";"1";""
"202100044262";"122Â 548";"B01";"2";"2";"0";"0";"7";"26";"3";""
"202100044263";"122Â 546";"B01";"1";"80";"0";"2";"1";"1";"3";""
"202100044263";"122Â 547";"A01";"2";"7";"0";"2";"2";"15";"1";""
"202100044264";"122Â 545";"A01";"3";"7";"8";"0";"3";"5";"1";""
"202100044265";"122Â 544";"A01";"3";"33";"1";"0";"1";"26";"0";""
"202100044266";"122Â 542";"A01";"3";"50";"0";"2";"1";"1";"3";""
"202100044266";"122Â 543";"B01";"3";"7";"0";"2";"3";"1";"1";""
"202100044267";"122Â 540";"A01";"1";"7";"0";"9";"1";"1";"1";""
"202100044267";"122Â 541";"B01";"1";"1";"0";"2";"8";"1";"5";""
"202100044268";"122Â 538";"A01";"0";"10";"0";"2";"1";"1";"1";""
"202100044268";"122Â 539";"B01";"0";"7";"0";"2";"5";"1";"1";""
"202100044269";"122Â 536";"B01";"0";"7";"0";"2";"1";"1";"1";""
"202100044269";"122Â 537";"A01";"0";"7";"0";"2";"1";"13";"0";""
"202100044270";"122Â 534";"B01";"1";"2";"0";"2";"0";"0";"1";""
"202100044270";"122Â 535";"A01";"1";"7";"0";"2";"1";"15";"1";""
"202100044271";"122Â 532";"A01";"2";"7";"0";"2";"2";"15";"1";""
"202100044271";"122Â 533";"B01";"1";"33";"0";"2";"1";"1";"1";""
"202100044272";"122Â 530";"B01";"1";"7";"0";"2";"4";"23";"1";""
"202100044272";"122Â 531";"A01";"1";"7";"0";"2";"1";"2";"1";""
"202100044273";"122Â 529";"A01";"1";"10";"3";"0";"7";"14";"1";""
"202100044274";"122Â 527";"B01";"1";"31";"0";"2";"1";"1";"1";""
"202100044274";"122Â 528";"A01";"2";"7";"0";"2";"7";"1";"1";""
"202100044275";"122Â 525";"A01";"1";"7";"0";"2";"1";"2";"1";""
"202100044275";"122Â 526";"B01";"1";"7";"0";"2";"4";"23";"1";""
"202100044276";"122Â 524";"A01";"2";"7";"8";"0";"1";"1";"1";""
"202100044277";"122Â 522";"B01";"1";"7";"0";"2";"5";"16";"1";""
"202100044277";"122Â 523";"A01";"1";"31";"0";"2";"1";"7";"1";""
"202100044278";"122Â 520";"B01";"1";"7";"0";"2";"2";"15";"1";""
"202100044278";"122Â 521";"A01";"2";"32";"0";"2";"1";"1";"1";""
"202100044279";"122Â 518";"A01";"3";"33";"0";"0";"0";"0";"1";""
"202100044279";"122Â 519";"B01";"3";"7";"0";"0";"0";"0";"1";""
"202100044280";"122Â 517";"A01";"3";"7";"0";"1";"4";"4";"1";""
"202100044281";"122Â 515";"A01";"2";"1";"0";"2";"1";"19";"5";""
"202100044281";"122Â 516";"B01";"1";"7";"0";"2";"7";"1";"1";""
"202100044282";"122Â 512";"Z01";"1";"7";"0";"2";"2";"12";"1";""
"202100044282";"122Â 513";"B01";"1";"7";"0";"2";"7";"1";"1";""
"202100044282";"122Â 514";"A01";"1";"38";"0";"2";"3";"1";"1";"1"
"202100044283";"122Â 511";"A01";"3";"7";"0";"1";"6";"4";"1";""
"202100044284";"122Â 509";"A01";"3";"7";"0";"2";"1";"2";"1";""
"202100044284";"122Â 510";"B01";"3";"7";"0";"2";"4";"23";"1";""
"202100044285";"122Â 507";"B01";"1";"30";"0";"2";"9";"0";"1";""
"202100044285";"122Â 508";"A01";"2";"7";"0";"2";"1";"1";"1";""
"202100044286";"122Â 504";"A01";"3";"7";"0";"2";"1";"26";"1";""
"202100044286";"122Â 505";"C01";"3";"7";"0";"2";"2";"24";"1";""
"202100044286";"122Â 506";"B01";"3";"7";"0";"2";"7";"1";"1";""
"202100044287";"122Â 502";"B01";"3";"7";"0";"2";"3";"15";"1";""
"202100044287";"122Â 503";"A01";"3";"30";"0";"2";"7";"17";"1";""
"202100044288";"122Â 501";"A01";"2";"10";"0";"1";"1";"1";"1";""
"202100044289";"122Â 499";"A01";"2";"2";"0";"2";"1";"1";"1";""
"202100044289";"122Â 500";"B01";"2";"7";"0";"2";"5";"15";"1";""
"202100044290";"122Â 497";"D01";"3";"60";"0";"2";"1";"19";"5";""
"202100044290";"122Â 498";"A01";"1";"7";"0";"2";"2";"1";"1";""
"202100044291";"122Â 494";"B01";"1";"43";"0";"2";"4";"3";"1";""
"202100044291";"122Â 495";"C01";"1";"7";"0";"2";"8";"1";"1";""
"202100044291";"122Â 496";"A01";"1";"33";"0";"2";"1";"3";"1";""
"202100044292";"122Â 492";"B01";"1";"7";"0";"2";"1";"2";"2";""
"202100044292";"122Â 493";"A01";"1";"7";"0";"2";"4";"2";"1";""
"202100044293";"122Â 490";"Z01";"1";"33";"0";"2";"0";"1";"1";""
"202100044293";"122Â 491";"A01";"1";"1";"0";"2";"3";"1";"5";""
"202100044294";"122Â 488";"B01";"1";"1";"0";"2";"8";"19";"5";""
"202100044294";"122Â 489";"A01";"2";"7";"0";"2";"3";"15";"1";""
"202100044295";"122Â 486";"B01";"2";"2";"0";"2";"5";"1";"1";""
"202100044295";"122Â 487";"A01";"2";"7";"0";"2";"3";"10";"1";""
"202100044296";"122Â 484";"B01";"2";"7";"0";"2";"8";"22";"1";""
"202100044296";"122Â 485";"A01";"2";"1";"0";"2";"1";"1";"5";""
"202100044297";"122Â 482";"B01";"3";"30";"0";"2";"1";"17";"1";""
"202100044297";"122Â 483";"A01";"3";"80";"0";"2";"8";"19";"3";""
"202100044298";"122Â 480";"A01";"2";"7";"0";"2";"3";"2";"1";""
"202100044298";"122Â 481";"B01";"2";"32";"0";"2";"5";"2";"1";""
"202100044299";"122Â 479";"A01";"1";"50";"0";"1";"1";"5";"3";""
"202100044300";"122Â 477";"B01";"2";"7";"0";"2";"2";"16";"1";""
"202100044300";"122Â 478";"A01";"2";"32";"0";"2";"3";"18";"1";""
"202100044301";"122Â 475";"B01";"2";"33";"0";"2";"8";"1";"1";""
"202100044301";"122Â 476";"A01";"1";"7";"0";"2";"3";"15";"1";""
"202100044302";"122Â 474";"A01";"2";"50";"0";"1";"1";"25";"3";""
"202100044303";"122Â 473";"A01";"2";"1";"0";"1";"1";"1";"5";""
"202100044304";"122Â 471";"B01";"1";"30";"0";"2";"4";"23";"1";""
"202100044304";"122Â 472";"A01";"1";"7";"0";"2";"1";"2";"1";""
"202100044305";"122Â 470";"A01";"1";"7";"0";"1";"4";"4";"1";""
"202100044306";"122Â 469";"A01";"1";"7";"0";"1";"3";"1";"1";""
"202100044307";"122Â 467";"B01";"1";"7";"0";"2";"0";"0";"1";""
"202100044307";"122Â 468";"A01";"1";"7";"0";"2";"0";"19";"1";""
"202100044308";"122Â 466";"A01";"2";"7";"0";"1";"3";"1";"1";""
"202100044309";"122Â 463";"C01";"3";"7";"0";"2";"0";"0";"1";""
"202100044309";"122Â 464";"B01";" -1";"7";"0";"2";"8";"1";"1";""
"202100044309";"122Â 465";"A01";" -1";"32";"0";"2";"1";"1";"3";""
"202100044310";"122Â 462";"A01";"1";"10";"0";"1";"3";"11";"0";""
"202100044311";"122Â 461";"A01";"1";"7";"0";"1";"0";"11";"0";""
"202100044312";"122Â 459";"A01";"1";"7";"0";"2";"3";"15";"1";""
"202100044312";"122Â 460";"B01";"1";"43";"0";"2";"1";"17";"1";""
"202100044313";"122Â 458";"A01";"1";"7";"0";"1";"2";"1";"1";""
"202100044314";"122Â 457";"A01";"2";"1";"0";"1";"1";"1";"5";""
"202100044315";"122Â 456";"A01";"0";"7";"1";"0";"2";"26";"1";""
"202100044316";"122Â 454";"A01";"1";"30";"0";"2";"1";"1";"1";""
"202100044316";"122Â 455";"B01";"2";"10";"0";"2";"3";"19";"1";""
"202100044317";"122Â 453";"A01";"1";"33";"0";"1";"1";"1";"1";""
"202100044318";"122Â 451";"A01";"1";"7";"0";"2";"3";"9";"1";""
"202100044318";"122Â 452";"B01";"1";"1";"0";"2";"7";"1";"5";""
"202100044319";"122Â 449";"A01";"2";"7";"0";"2";"7";"15";"1";""
"202100044319";"122Â 450";"B01";"1";"37";"0";"2";"2";"1";"1";"1"
"202100044320";"122Â 447";"A01";"1";"3";"0";"2";"1";"1";"1";""
"202100044320";"122Â 448";"B01";"1";"1";"0";"2";"4";"15";"5";""
"202100044321";"122Â 445";"A01";"1";"7";"0";"2";"3";"19";"1";""
"202100044321";"122Â 446";"B01";"2";"2";"0";"0";"8";"1";"1";""
"202100044322";"122Â 443";"A01";"0";"7";"0";"2";"2";"1";"1";""
"202100044322";"122Â 444";"B01";"0";"2";"0";"2";"3";"1";"1";""
"202100044323";"122Â 442";"A01";"3";"2";"0";"0";"8";"15";"1";""
"202100044324";"122Â 440";"A01";"3";"21";"0";"2";"2";"16";"1";""
"202100044324";"122Â 441";"B01";"3";"2";"0";"2";"1";"18";"1";""
"202100044325";"122Â 436";"C01";"1";"10";"0";"2";"1";"2";"1";""
"202100044325";"122Â 437";"B01";"1";"7";"0";"2";"3";"1";"1";""
"202100044325";"122Â 438";"D01";"1";"7";"0";"2";"1";"2";"1";""
"202100044325";"122Â 439";"A01";"2";"7";"0";"2";"3";"13";"1";""
"202100044326";"122Â 434";"B01";"2";"7";"0";"2";"7";"1";"1";""
"202100044326";"122Â 435";"A01";"3";"7";"0";"2";"1";"19";"1";""
"202100044327";"122Â 433";"A01";"2";"7";"2";"0";"1";"1";"1";""
"202100044328";"122Â 431";"A01";"1";"0";"0";"2";"0";"0";"0";""
"202100044328";"122Â 432";"B01";"1";"1";"0";"0";"4";"1";"5";""
"202100044329";"122Â 429";"A01";"3";"7";"1";"2";"7";"13";"1";""
"202100044329";"122Â 430";"B01";"3";"7";"0";"2";"1";"1";"1";""
"202100044330";"122Â 428";"A01";"2";"7";"13";"0";"1";"14";"1";""
"202100044331";"122Â 426";"A01";"1";"17";"0";"2";"1";"17";"1";""
"202100044331";"122Â 427";"B01";"1";"7";"0";"2";"8";"26";"1";""
"202100044332";"122Â 425";"A01";"2";"2";"2";"0";"2";"1";"1";""
"202100044333";"122Â 423";"A01";"1";"7";"0";"2";"1";"1";"1";""
"202100044333";"122Â 424";"B01";"2";"7";"0";"2";"8";"14";"1";""
"202100044334";"122Â 422";"A01";"1";"7";"2";"0";"3";"13";"1";""
"202100044335";"122Â 420";"A01";"0";"7";"0";"9";"4";"2";"1";""
"202100044335";"122Â 421";"B01";"3";"1";"0";"0";"4";"1";"5";""
"202100044336";"122Â 418";"A01";"2";"7";"0";"0";"8";"19";"1";""
"202100044336";"122Â 419";"B01";"2";"31";"0";"2";"3";"21";"1";""
"202100044337";"122Â 416";"A01";"1";"10";"0";"2";"2";"0";"1";""
"202100044337";"122Â 417";"B01";"1";"10";"0";"2";"6";"0";"0";""
"202100044338";"122Â 414";"B01";"1";"10";"0";"9";"1";"17";"1";""
"202100044338";"122Â 415";"A01";"1";"17";"0";"2";"0";"1";"1";""
"202100044339";"122Â 413";"A01";"3";"7";"16";"0";"9";"26";"1";""
"202100044340";"122Â 412";"A01";"3";"21";"0";"1";"5";"17";"1";""
"202100044341";"122Â 411";"A01";"1";"7";"13";"0";"1";"5";"1";""
"202100044342";"122Â 410";"A01";"2";"7";"13";"0";"1";"1";"1";""
"202100044343";"122Â 409";"A01";"1";"7";"5";"0";"0";"2";"1";""
"202100044344";"122Â 407";"B01";"1";"7";"0";"2";"1";"1";"1";""
"202100044344";"122Â 408";"A01";"2";"7";"0";"2";"1";"13";"1";""
"202100044345";"122Â 406";"A01";"1";"7";"0";"0";"1";"1";"1";""
"202100044346";"122Â 405";"A01";"2";"14";"3";"0";"7";"14";"1";""
"202100044347";"122Â 403";"B01";"2";"10";"0";"2";"8";"21";"1";""
"202100044347";"122Â 404";"A01";"1";"7";"0";"2";"3";"13";"1";""
"202100044348";"122Â 400";"A01";"1";"7";"0";"2";"7";"2";"1";""