"Num_Acc";"id_vehicule";"num_veh";"senc";"catv";"obs";"obsm";"choc";"manv";"motor";"occutc"
"202100044349";"122Â 398";"B01";"1";"10";"0";"2";"6";"2";"1";""
"202100044349";"122Â 399";"A01";"1";"33";"0";"2";"1";"2";"1";""
"202100044350";"122Â 396";"A01";"1";"10";"0";"2";"1";"1";"1";""
"202100044350";"122Â 397";"B01";"1";"15";"0";"2";"4";"2";"1";""
"202100044351";"122Â 394";"A01";"2";"7";"4";"2";"1";"5";"1";""
"202100044351";"122Â 395";"B01";"1";"7";"4";"2";"1";"1";"1";""
"202100044352";"122Â 393";"A01";"3";"7";"12";"0";"2";"0";"1";""
"202100044353";"122Â 392";"A01";"2";"2";"9";"0";"0";"1";"3";""
"202100044354";"122Â 390";"A01";"1";"7";"0";"2";"1";"15";"1";""
"202100044354";"122Â 391";"B01";"2";"7";"8";"2";"3";"1";"2";""
"202100044355";"122Â 388";"B01";"2";"7";"12";"2";"7";"21";"1";""
"202100044355";"122Â 389";"A01";"2";"7";"0";"1";"1";"9";"1";""
"202100044356";"122Â 386";"B01";"2";"7";"0";"2";"4";"1";"1";""
"202100044356";"122Â 387";"A01";"2";"2";"0";"2";"2";"1";"1";""
"202100044357";"122Â 385";"A01";"3";"30";"16";"0";"1";"1";"1";""
"202100044358";"122Â 382";"A01";"2";"7";"0";"2";"1";"16";"1";""
"202100044358";"122Â 383";"B01";"2";"7";"1";"2";"2";"1";"1";""
"202100044359";"122Â 381";"A01";"2";"7";"3";"0";"1";"16";"0";""
"202100044360";"122Â 379";"B01";"2";"7";"9";"2";"2";"1";"1";""
"202100044360";"122Â 380";"A01";"1";"7";"0";"2";"2";"15";"1";""
"202100044361";"122Â 378";"A01";"1";"7";"0";"1";"2";"16";"1";""
"202100044362";"122Â 377";"A01";"3";"10";"2";"0";"3";"1";"1";""
"202100044363";"122Â 373";"C01";"1";"7";"0";"2";"1";"1";"1";""
"202100044363";"122Â 374";"B01";"1";"33";"3";"2";"1";"1";"1";""
"202100044363";"122Â 375";"A01";"1";"7";"3";"0";"1";"1";"1";""
"202100044363";"122Â 376";"D01";"1";"7";"0";"2";"3";"1";"1";""
"202100044364";"122Â 371";"A01";"1";"7";"0";"2";"3";"15";"0";""
"202100044364";"122Â 372";"B01";"1";"7";"0";"2";"3";"1";"0";""
"202100044365";"122Â 369";"B01";"1";"7";"0";"2";"1";"1";"1";""
"202100044365";"122Â 370";"A01";"1";"1";"0";"2";"8";"15";"1";""
"202100044366";"122Â 367";"A01";"1";"7";"0";"2";"2";"15";"1";""
"202100044366";"122Â 368";"B01";"1";"7";"0";"2";"3";"1";"2";""
"202100044367";"122Â 363";"A01";"1";"10";"0";"1";"7";"23";"1";""
"202100044367";"122Â 364";"B01";"1";"10";"0";"2";"1";"2";"1";""
"202100044368";"122Â 362";"A01";"3";"30";"0";"0";"0";"1";"1";""
"202100044369";"122Â 360";"B01";"1";"30";"0";"2";"1";"1";"1";""
"202100044369";"122Â 361";"A01";"2";"30";"0";"2";"2";"15";"1";""
"202100044370";"122Â 358";"A01";"1";"7";"0";"2";"2";"1";"1";""
"202100044370";"122Â 359";"B01";"1";"37";"0";"2";"1";"1";"1";"1"
"202100044371";"122Â 356";"B01";"1";"30";"0";"2";"1";"2";"1";""
"202100044371";"122Â 357";"A01";"1";"31";"0";"2";"4";"23";"1";""
"202100044372";"122Â 355";"A01";"1";"0";"0";"1";"6";"20";"0";""
"202100044373";"122Â 354";"A01";"2";"7";"1";"0";"2";"14";"1";""
"202100044374";"122Â 352";"B01";"3";"7";"0";"2";"2";"26";"1";""
"202100044374";"122Â 353";"A01";"2";"30";"0";"2";"2";"26";"0";""
"202100044375";"122Â 350";"A01";"0";"10";"0";"2";"1";"9";"1";""
"202100044375";"122Â 351";"B01";"0";"10";"0";"2";"8";"1";"1";""
"202100044376";"122Â 349";"A01";"1";"7";"1";"0";"1";"1";"1";""
"202100044377";"122Â 347";"A01";"1";"1";"0";"2";"1";"1";"5";""
"202100044377";"122Â 348";"B01";"0";"3";"0";"2";"3";"9";"1";""
"202100044378";"122Â 346";"A01";"2";"7";"8";"0";"3";"13";"1";""
"202100044379";"122Â 344";"B01";"2";"7";"0";"2";"1";"1";"1";""
"202100044379";"122Â 345";"A01";"2";"7";"0";"2";"6";"13";"1";""
"202100044380";"122Â 343";"A01";"2";"7";"2";"0";"3";"13";"1";""
"202100044381";"122Â 342";"A01";"2";"7";"4";"0";"6";"1";"1";""
"202100044382";"122Â 341";"A01";"3";"7";"13";"0";"1";"14";"1";""
"202100044383";"122Â 339";"A01";"1";"2";"0";"2";"8";"13";"1";""
"202100044383";"122Â 340";"B01";"2";"10";"0";"2";"8";"14";"1";""
"202100044384";"122Â 338";"A01";"1";"2";"0";"0";"0";"1";"1";""
"202100044385";"122Â 337";"A01";"2";"7";"8";"0";"2";"1";"1";""
"202100044386";"122Â 336";"A01";"2";"2";"6";"0";"2";"1";"1";""
"202100044387";"122Â 335";"A01";"0";"7";"3";"0";"1";"0";"1";""
"202100044388";"122Â 333";"B01";"1";"7";"0";"2";"3";"15";"1";""
"202100044388";"122Â 334";"A01";"2";"33";"0";"2";"1";"17";"1";""
"202100044389";"122Â 332";"B01";"1";"7";"0";"1";"1";"16";"1";""
"202100044390";"122Â 330";"A01";"1";"7";"0";"2";"1";"15";"1";""
"202100044390";"122Â 331";"B01";"2";"7";"0";"2";"1";"1";"1";""
"202100044391";"122Â 329";"A01";"1";"7";"13";"0";"9";"13";"1";""
"202100044392";"122Â 328";"A01";"1";"7";"12";"0";"1";"2";"1";""
"202100044393";"122Â 327";"A01";"1";"1";"0";"0";"9";"1";"5";""
"202100044394";"122Â 326";"A01";"2";"7";"13";"0";"2";"0";"1";""
"202100044395";"122Â 325";"A01";"1";"7";"8";"0";"2";"1";"1";""
"202100044396";"122Â 321";"D01";"2";"7";"13";"0";"7";"1";"1";""
"202100044396";"122Â 322";"C01";"1";"7";"13";"0";"1";"1";"1";""
"202100044396";"122Â 323";"B01";"1";"10";"0";"2";"3";"1";"1";""
"202100044396";"122Â 324";"A01";"1";"10";"0";"2";"3";"5";"1";""
"202100044397";"122Â 319";"B01";"2";"7";"0";"2";"1";"1";"1";""
"202100044397";"122Â 320";"A01";"2";"7";"0";"2";"2";"15";"1";""
"202100044398";"122Â 318";"A01";"2";"33";"0";"0";"0";"1";"1";""
"202100044399";"122Â 316";"A01";"1";"33";"0";"2";"8";"1";"1";""
"202100044399";"122Â 317";"B01";"2";"7";"0";"2";"8";"0";"1";""
"202100044400";"122Â 315";"A01";"2";"33";"0";"0";"9";"14";"1";""
"202100044401";"122Â 313";"B01";"3";"7";"13";"2";"1";"1";"1";""
"202100044401";"122Â 314";"A01";"3";"7";"0";"2";"1";"1";"1";""
"202100044402";"122Â 311";"A01";"1";"7";"0";"2";"3";"13";"1";""
"202100044402";"122Â 312";"B01";"2";"7";"13";"2";"3";"1";"1";""
"202100044403";"122Â 309";"A01";"2";"7";"2";"0";"2";"1";"1";""
"202100044404";"122Â 308";"A01";"1";"7";"0";"1";"2";"16";"1";""
"202100044405";"122Â 306";"A01";"2";"37";"0";"0";"3";"1";"1";"1"
"202100044405";"122Â 307";"B01";"3";"7";"0";"0";"1";"15";"1";""
"202100044406";"122Â 305";"A01";"2";"7";"0";"1";"1";"2";"1";""
"202100044407";"122Â 304";"A01";"2";"7";"2";"0";"1";"14";"1";""
"202100044408";"122Â 303";"A01";"3";"7";"0";"1";"1";"16";"1";""
"202100044409";"122Â 301";"B01";"2";"10";"0";"2";"3";"0";"1";""
"202100044409";"122Â 302";"A01";"1";"10";"0";"2";"3";"0";"1";""
"202100044410";"122Â 300";"B01";"2";"17";"13";"0";"8";"1";"0";""
"202100044411";"122Â 299";"A01";"1";"7";"2";"0";"4";"4";"1";""
"202100044412";"122Â 297";"A01";"1";"7";"13";"2";"7";"13";"1";""
"202100044412";"122Â 298";"B01";"2";"7";"0";"2";"1";"1";"1";""
"202100044413";"122Â 295";"B01";"2";"10";"0";"2";"5";"23";"1";""
"202100044413";"122Â 296";"A01";"2";"30";"0";"2";"1";"2";"1";""
"202100044414";"122Â 294";"A01";"2";"15";"3";"0";"3";"2";"1";""
"202100044415";"122Â 292";"B01";"1";"7";"0";"2";"3";"15";"1";""
"202100044415";"122Â 293";"A01";"1";"7";"13";"2";"2";"17";"1";""
"202100044416";"122Â 290";"B01";"1";"7";"0";"2";"1";"1";"1";""
"202100044416";"122Â 291";"A01";"1";"2";"0";"2";"4";"2";"1";""
"202100044417";"122Â 289";"A01";"2";"7";"17";"0";"1";"1";"1";""
"202100044418";"122Â 287";"B01";"2";"10";"0";"2";"3";"1";"1";""
"202100044418";"122Â 288";"A01";"1";"7";"0";"2";"3";"13";"1";""
"202100044419";"122Â 286";"A01";"1";"33";"0";"0";"9";"1";"1";""
"202100044420";"122Â 284";"A01";"1";"7";"0";"0";"6";"15";"1";""
"202100044420";"122Â 285";"B01";"1";"2";"0";"2";"3";"1";"1";""
"202100044421";"122Â 283";"A01";"1";"2";"1";"0";"3";"1";"1";""
"202100044422";"122Â 281";"A01";"1";"17";"0";"0";"3";"1";"1";""
"202100044423";"122Â 279";"B01";"2";"7";"0";"2";"3";"1";"1";""
"202100044423";"122Â 280";"A01";"2";"7";"0";"2";"7";"4";"1";""
"202100044424";"122Â 278";"A01";"1";"7";"5";"0";"0";"1";"1";""
"202100044425";"122Â 276";"Z01";"2";"7";"0";"2";"1";"0";"0";""
"202100044425";"122Â 277";"A01";"2";"7";"0";"2";"4";"1";"1";""
"202100044426";"122Â 273";"B01";"1";"7";"0";"2";"3";"1";"1";""
"202100044426";"122Â 274";"A01";"1";"7";"0";"2";"1";"17";"1";""
"202100044426";"122Â 275";"C01";"1";"7";"0";"2";"4";"1";"1";""
"202100044427";"122Â 271";"A01";"2";"7";"0";"2";"2";"1";"1";""
"202100044427";"122Â 272";"B01";"2";"33";"0";"2";"9";"26";"1";""
"202100044428";"122Â 270";"A01";"2";"7";"0";"0";"3";"13";"1";""
"202100044429";"122Â 269";"A01";"1";"7";"4";"0";"2";"1";"1";""
"202100044430";"122Â 266";"B01";"1";"7";"0";"2";"6";"2";"1";""
"202100044430";"122Â 267";"A01";"2";"7";"0";"2";"1";"1";"1";""
"202100044430";"122Â 268";"C01";"2";"7";"0";"2";"1";"1";"1";""
"202100044431";"122Â 265";"A01";"1";"7";"4";"0";"1";"1";"1";""
"202100044432";"122Â 264";"A01";"2";"7";"0";"0";"9";"1";"1";""
"202100044433";"122Â 262";"A01";"1";"7";"0";"2";"1";"1";"1";""
"202100044433";"122Â 263";"B01";"1";"7";"0";"2";"4";"2";"1";""
"202100044434";"122Â 261";"A01";"2";"7";"4";"0";"1";"1";"1";""
"202100044435";"122Â 260";"A01";"2";"7";"4";"0";"1";"1";"1";""
"202100044436";"122Â 258";"A01";"1";"7";"3";"0";"9";"11";"1";""
"202100044436";"122Â 259";"B01";"1";"7";"0";"9";"0";"0";"1";""
"202100044437";"122Â 255";"B01";"2";"7";"0";"2";"4";"1";"1";""
"202100044437";"122Â 256";"C01";"2";"7";"0";"2";"4";"1";"1";""
"202100044437";"122Â 257";"A01";"2";"7";"1";"2";"1";"1";"1";""
"202100044438";"122Â 254";"A01";"2";"7";"3";"0";"9";"1";"1";""
"202100044439";"122Â 253";"A01";"1";"7";"0";"1";"2";"15";"1";""
"202100044440";"122Â 250";"A01";"2";"7";"0";"2";"3";"15";"1";""
"202100044440";"122Â 251";"B01";"1";"2";"0";"2";"1";"1";"1";""
"202100044441";"122Â 249";"A01";"0";"30";"1";"0";"2";"26";"1";""
"202100044442";"122Â 247";"A01";"1";"7";"0";"0";"0";"0";"1";""
"202100044442";"122Â 248";"B01";"1";"32";"0";"0";"0";"0";"1";""
"202100044443";"122Â 246";"A01";"3";"10";"16";"0";"1";"1";"1";""
"202100044444";"122Â 244";"A01";"2";"2";"0";"2";"8";"1";"1";""
"202100044444";"122Â 245";"B01";"2";"7";"0";"2";"0";"0";"1";""
"202100044445";"122Â 243";"A01";"2";"7";"4";"0";"1";"1";"1";""
"202100044446";"122Â 242";"A01";"1";"7";"0";"1";"2";"1";"0";""
"202100044447";"122Â 240";"B01";"1";"7";"0";"2";"7";"2";"1";""
"202100044447";"122Â 241";"A01";"1";"7";"0";"2";"9";"16";"1";""
"202100044448";"122Â 239";"A01";"1";"50";"12";"0";"8";"26";"3";""
"202100044449";"122Â 238";"A01";"1";"7";"1";"0";"2";"1";"1";""
"202100044450";"122Â 237";"A01";"3";"7";"0";"1";"0";"1";"1";""
"202100044451";"122Â 235";"A01";"3";"7";"0";"2";"3";"15";"1";""
"202100044451";"122Â 236";"B01";"3";"33";"0";"2";"1";"1";"1";""
"202100044452";"122Â 233";"A01";"1";"7";"0";"2";"0";"23";"1";""
"202100044452";"122Â 234";"B01";"1";"1";"1";"0";"7";"1";"5";""
"202100044453";"122Â 232";"A01";"1";"7";"6";"0";"1";"15";"1";""
"202100044454";"122Â 231";"A01";"1";"3";"8";"0";"3";"14";"1";""
"202100044455";"122Â 229";"B01";"1";"2";"0";"2";"7";"23";"1";""
"202100044455";"122Â 230";"A01";"3";"7";"0";"2";"5";"20";"6";""
"202100044456";"122Â 227";"A01";"2";"7";"0";"2";"3";"13";"1";""
"202100044456";"122Â 228";"B01";"1";"17";"0";"2";"3";"21";"0";""
"202100044457";"122Â 225";"A01";"1";"1";"0";"2";"1";"16";"5";""
"202100044457";"122Â 226";"B01";"1";"7";"0";"9";"8";"1";"1";""
"202100044458";"122Â 224";"A01";"0";"2";"0";"0";"0";"1";"1";""
"202100044459";"122Â 223";"A01";"2";"7";"3";"0";"6";"15";"1";""
"202100044460";"122Â 221";"A01";"2";"7";"0";"2";"1";"9";"1";""
"202100044460";"122Â 222";"B01";"2";"33";"0";"2";"7";"1";"1";""
"202100044461";"122Â 219";"B01";"3";"33";"12";"0";"4";"1";"1";""
"202100044461";"122Â 220";"A01";"3";"7";"0";"2";"2";"2";"1";""
"202100044462";"122Â 217";"A01";"2";"7";"0";"2";"2";"26";"1";""
"202100044462";"122Â 218";"B01";"1";"34";"0";"2";"1";"1";"1";""
"202100044463";"122Â 215";"A01";"1";"7";"0";"2";"1";"15";"1";""
"202100044463";"122Â 216";"B01";"1";"7";"0";"2";"3";"0";"1";""
"202100044464";"122Â 213";"A01";"2";"1";"0";"2";"1";"25";"5";""
"202100044464";"122Â 214";"B01";"2";"37";"0";"2";"2";"1";"2";"1"
"202100044465";"122Â 211";"B01";"1";"7";"0";"2";"4";"1";"1";""
"202100044465";"122Â 212";"A01";"1";"10";"0";"2";"1";"1";"1";""
"202100044466";"122Â 210";"A01";"3";"7";"7";"0";"3";"1";"1";""
"202100044467";"122Â 208";"A01";"2";"7";"0";"2";"1";"2";"1";""
"202100044467";"122Â 209";"B01";"2";"7";"0";"2";"4";"2";"1";""
"202100044468";"122Â 207";"A01";"1";"7";"0";"1";"1";"1";"1";""
"202100044469";"122Â 205";"A01";"3";"7";"0";"2";"3";"15";"1";""
"202100044469";"122Â 206";"B01";"3";"32";"0";"2";"1";"14";"1";""
"202100044470";"122Â 203";"B01";"0";"7";"0";"2";"3";"15";"1";""
"202100044470";"122Â 204";"A01";"0";"30";"0";"2";"1";"17";"1";""
"202100044471";"122Â 202";"A01";"1";"31";"12";"0";"3";"14";"1";""
"202100044472";"122Â 201";"A01";"2";"33";"6";"0";"7";"1";"1";""
"202100044473";"122Â 199";"A01";"2";"33";"0";"2";"3";"3";"1";""
"202100044473";"122Â 200";"Z01";"2";"10";"0";"2";"5";"14";"0";""
"202100044474";"122Â 198";"A01";"1";"32";"0";"2";"8";"21";"1";""
"202100044475";"122Â 195";"C01";"1";"7";"0";"2";"4";"23";"1";""
"202100044475";"122Â 196";"B01";"1";"7";"0";"2";"4";"2";"1";""
"202100044475";"122Â 197";"A01";"1";"10";"0";"2";"1";"2";"1";""
"202100044476";"122Â 193";"B01";"3";"33";"0";"2";"4";"2";"1";""
"202100044476";"122Â 194";"A01";"3";"33";"0";"2";"1";"2";"1";""
"202100044477";"122Â 192";"A01";"1";"7";"0";"1";"1";"1";"1";""
"202100044478";"122Â 191";"A01";"1";"7";"0";"1";"1";"1";"2";""
"202100044479";"122Â 189";"A01";"2";"50";"0";"2";"1";"18";"3";""
"202100044479";"122Â 190";"Z01";"2";"7";"0";"2";"2";"22";"0";""
"202100044480";"122Â 187";"Z01";"2";"7";"0";"2";"0";"10";"0";""
"202100044480";"122Â 188";"A01";"1";"30";"0";"2";"1";"1";"1";""
"202100044481";"122Â 186";"A01";"2";"80";"0";"1";"7";"1";"3";""
"202100044482";"122Â 184";"B01";"2";"1";"0";"2";"1";"1";"5";""
"202100044482";"122Â 185";"A01";"2";"7";"0";"2";"3";"9";"2";""
"202100044483";"122Â 182";"A01";"2";"7";"0";"2";"7";"16";"1";""
"202100044483";"122Â 183";"B01";"2";"1";"0";"2";"1";"1";"5";""
"202100044484";"122Â 180";"A01";"1";"7";"0";"2";"2";"15";"1";""
"202100044484";"122Â 181";"B01";"2";"32";"0";"2";"1";"1";"1";""
"202100044485";"122Â 178";"A01";"2";"7";"0";"2";"3";"15";"1";""
"202100044485";"122Â 179";"B01";"2";"30";"0";"2";"2";"17";"1";""
"202100044486";"122Â 177";"A01";"1";"7";"7";"0";"1";"1";"1";""
"202100044487";"122Â 176";"A01";"2";"1";"0";"0";"0";"1";"5";""
"202100044488";"122Â 174";"B01";"1";"7";"0";"2";"1";"1";"2";""
"202100044488";"122Â 175";"A01";"1";"2";"0";"2";"2";"7";"1";""
"202100044489";"122Â 172";"A01";"1";"7";"0";"9";"7";"16";"1";""
"202100044489";"122Â 173";"B01";"1";"1";"0";"2";"8";"1";"0";""
"202100044490";"122Â 171";"A01";"3";"30";"4";"0";"3";"17";"1";""
"202100044491";"122Â 169";"A01";"1";"7";"0";"2";"8";"22";"1";""
"202100044491";"122Â 170";"B01";"1";"2";"14";"2";"1";"17";"1";""
"202100044492";"122Â 168";"A01";"0";"31";"0";"0";"7";"1";"3";""
"202100044493";"122Â 166";"B01";"2";"1";"14";"2";"3";"1";"5";""
"202100044493";"122Â 167";"A01";"2";"7";"0";"2";"5";"4";"1";""
"202100044494";"122Â 164";"B01";"1";"10";"0";"2";"5";"23";"1";""
"202100044494";"122Â 165";"A01";"1";"30";"0";"2";"1";"1";"1";""
"202100044495";"122Â 163";"A01";"0";"36";"0";"0";"2";"0";"1";""
"202100044496";"122Â 162";"A01";"2";"7";"8";"0";"1";"1";"1";""
"202100044497";"122Â 161";"A01";"2";"33";"0";"0";"0";"1";"1";""
"202100044498";"122Â 160";"A01";"2";"7";"4";"0";"2";"1";"1";""
"202100044499";"122Â 158";"B01";"1";"7";"0";"2";"1";"1";"1";""
"202100044499";"122Â 159";"A01";"1";"7";"0";"2";"1";"5";"1";""
"202100044500";"122Â 157";"A01";"1";"7";"2";"0";"1";"1";"1";""
"202100044501";"122Â 156";"A01";"3";"7";"13";"0";"0";"1";"1";""
"202100044502";"122Â 155";"A01";"3";"7";"0";"0";"9";"0";"1";""
"202100044503";"122Â 154";"A01";"2";"7";"0";"0";"0";"0";"1";""
"202100044504";"122Â 153";"A01";"2";"7";"17";"0";"1";"1";"1";""
"202100044505";"122Â 152";"A01";"1";"7";"13";"0";"1";"1";"1";""
"202100044506";"122Â 150";"A01";"3";"1";"0";"2";"7";"2";"5";""
"202100044506";"122Â 151";"B01";"3";"1";"0";"2";"1";"2";"5";""
"202100044507";"122Â 149";"A01";"1";"7";"0";"5";"1";"1";"1";""
"202100044508";"122Â 148";"A01";"2";"2";"12";"0";"7";"1";"1";""
"202100044509";"122Â 147";"A01";"2";"7";"2";"0";"1";"1";"1";""
"202100044510";"122Â 146";"A01";"1";"7";"0";"0";"0";"1";"1";""
"202100044511";"122Â 145";"A01";"2";"7";"2";"0";"2";"13";"1";""
"202100044512";"122Â 143";"B01";"1";"10";"0";"2";"5";"1";"1";""
"202100044512";"122Â 144";"A01";"1";"30";"0";"2";"8";"9";"1";""
"202100044513";"122Â 142";"A01";"2";"7";"3";"0";"0";"1";"1";""
"202100044514";"122Â 141";"A01";"1";"10";"13";"0";"1";"0";"1";""
"202100044515";"122Â 139";"B01";"0";"30";"0";"2";"1";"1";"1";""
"202100044515";"122Â 140";"A01";"3";"31";"0";"2";"1";"5";"1";""
"202100044516";"122Â 138";"A01";"3";"7";"0";"1";"2";"20";"1";""
"202100044517";"122Â 136";"A01";"1";"7";"0";"2";"3";"13";"1";""
"202100044517";"122Â 137";"B01";"2";"7";"0";"2";"1";"1";"1";""
"202100044518";"122Â 135";"A01";"3";"7";"0";"1";"4";"4";"1";""
"202100044519";"122Â 134";"A01";"2";"7";"2";"0";"3";"0";"1";""
"202100044520";"122Â 133";"A01";"2";"33";"12";"0";"8";"1";"1";""
"202100044521";"122Â 132";"A01";"1";"7";"15";"0";"0";"1";"1";""
"202100044522";"122Â 131";"A01";"1";"7";"0";"1";"3";"11";"1";""
"202100044523";"122Â 130";"A01";"3";"7";"16";"0";"1";"1";"1";""
"202100044524";"122Â 129";"A01";"1";"7";"13";"0";"9";"1";"1";""
"202100044525";"122Â 128";"A01";"1";"2";"9";"0";"0";"0";"1";""
"202100044526";"122Â 126";"A01";"1";"7";"14";"0";"1";"1";"1";""
"202100044527";"122Â 125";"A01";"1";"7";"4";"0";"1";"1";"1";""
"202100044528";"122Â 124";"A01";"2";"7";"4";"2";"9";"1";"2";""
"202100044529";"122Â 123";"A01";"1";"7";"4";"0";"8";"13";"1";""
"202100044530";"122Â 122";"A01";"2";"7";"4";"0";"0";"0";"1";""
"202100044531";"122Â 120";"B01";"1";"7";"0";"2";"0";"1";"3";""
"202100044531";"122Â 121";"A01";"1";"7";"0";"2";"3";"1";"1";""
"202100044532";"122Â 119";"A01";"1";"33";"0";"0";"9";"16";"1";""
"202100044533";"122Â 117";"A01";"2";"7";"0";"2";"2";"1";"1";""
"202100044533";"122Â 118";"B01";"2";"7";"0";"2";"4";"2";"1";""
"202100044534";"122Â 116";"A01";"2";"7";"13";"0";"9";"26";"1";""
"202100044535";"122Â 115";"A01";"1";"30";"0";"1";"1";"25";"1";""
"202100044536";"122Â 113";"A01";"2";"7";"0";"2";"2";"1";"1";""
"202100044536";"122Â 114";"B01";"2";"7";"0";"2";"3";"1";"1";""
"202100044537";"122Â 112";"A01";"2";"1";"0";"1";"1";"1";"5";""
"202100044538";"122Â 110";"B01";"2";"33";"0";"2";"1";"17";"1";""
"202100044538";"122Â 111";"A01";"2";"7";"0";"2";"3";"10";"1";""
"202100044539";"122Â 108";"A01";"2";"32";"0";"2";"8";"1";"1";""
"202100044539";"122Â 109";"B01";"2";"7";"0";"2";"2";"15";"1";""
"202100044540";"122Â 105";"C01";"1";"33";"0";"2";"1";"2";"1";""
"202100044540";"122Â 106";"B01";"1";"7";"0";"2";"9";"2";"1";""
"202100044540";"122Â 107";"A01";"1";"13";"0";"2";"4";"2";"1";""
"202100044541";"122Â 103";"B01";"3";"7";"0";"2";"1";"2";"1";""
"202100044541";"122Â 104";"A01";"3";"7";"0";"2";"4";"23";"1";""
"202100044542";"122Â 101";"B01";"1";"43";"0";"2";"1";"2";"1";""
"202100044542";"122Â 102";"A01";"1";"7";"0";"9";"4";"26";"1";""
"202100044543";"122Â 099";"A01";"3";"7";"0";"2";"2";"1";"1";""
"202100044543";"122Â 100";"B01";"3";"7";"0";"2";"4";"24";"1";""
"202100044544";"122Â 097";"B01";"0";"7";"0";"2";"1";"1";"1";""
"202100044544";"122Â 098";"A01";"0";"7";"0";"2";"1";"17";"1";""
"202100044545";"122Â 095";"A01";"2";"60";"0";"2";"3";"13";"5";""
"202100044545";"122Â 096";"B01";"2";"7";"0";"2";"2";"2";"1";""
"202100044546";"122Â 094";"A01";"1";"31";"14";"0";"7";"1";"1";""
"202100044547";"122Â 088";"D01";"2";"7";"0";"2";"4";"2";"1";""
"202100044547";"122Â 089";"C01";"2";"7";"0";"2";"4";"2";"1";""
"202100044547";"122Â 090";"B01";"2";"7";"0";"2";"4";"2";"1";""
"202100044547";"122Â 091";"A01";"2";"7";"0";"2";"1";"2";"1";""
"202100044548";"122Â 087";"A01";"1";"7";"0";"1";"2";"1";"1";""
"202100044549";"122Â 085";"B01";"2";"33";"0";"2";"1";"1";"1";""
"202100044549";"122Â 086";"A01";"0";"2";"0";"2";"5";"9";"1";""
"202100044550";"122Â 083";"B01";"1";"14";"0";"2";"3";"1";"1";""
"202100044550";"122Â 084";"A01";"2";"7";"0";"2";"3";"1";"1";""
"202100044551";"122Â 081";"B01";"3";"33";"0";"2";"1";"25";"1";""
"202100044551";"122Â 082";"A01";"3";"7";"0";"2";"2";"15";"1";""
"202100044552";"122Â 079";"A01";"3";"7";"0";"1";"1";"1";"1";""
"202100044553";"122Â 078";"A01";"1";"7";"12";"0";"1";"12";"1";""
"202100044554";"122Â 076";"A01";"2";"7";"0";"2";"1";"1";"1";""
"202100044554";"122Â 077";"B01";"1";"10";"0";"2";"3";"0";"1";""
"202100044555";"122Â 074";"A01";"1";"7";"0";"2";"8";"22";"1";""
"202100044555";"122Â 075";"B01";"1";"1";"0";"2";"1";"1";"0";""
"202100044556";"122Â 073";"A01";"1";"10";"0";"1";"1";"0";"1";""
"202100044557";"122Â 071";"A01";"2";"7";"0";"2";"3";"15";"1";""
"202100044557";"122Â 072";"B01";"1";"31";"0";"2";"8";"1";"1";""
"202100044558";"122Â 070";"A01";"2";"10";"0";"1";"1";"13";"0";""
"202100044559";"122Â 068";"B01";"1";"7";"0";"2";"6";"1";"1";""
"202100044559";"122Â 069";"A01";"1";"1";"0";"2";"1";"19";"5";""
"202100044560";"122Â 066";"A01";"3";"7";"0";"2";"1";"2";"1";""
"202100044560";"122Â 067";"B01";"3";"7";"0";"2";"4";"2";"1";""
"202100044561";"122Â 064";"A01";"1";"7";"0";"2";"9";"1";"1";""
"202100044561";"122Â 065";"B01";"1";"7";"0";"2";"1";"1";"1";""
"202100044562";"122Â 062";"B01";"1";"7";"0";"2";"1";"1";"1";""
"202100044562";"122Â 063";"A01";"1";"7";"0";"2";"7";"1";"1";""
"202100044563";"122Â 060";"A01";"2";"7";"0";"2";"3";"16";"1";""
"202100044563";"122Â 061";"B01";"1";"7";"0";"2";"1";"1";"1";""
"202100044564";"122Â 059";"A01";"1";"7";"0";"1";"1";"1";"1";""
"202100044565";"122Â 057";"B01";"1";"7";"0";"1";"4";"1";"1";""
"202100044565";"122Â 058";"A01";"1";"7";"0";"2";"1";"1";"1";""
"202100044566";"122Â 055";"B01";"1";"1";"0";"2";"3";"19";"5";""
"202100044566";"122Â 056";"Z01";"1";"0";"0";"2";"0";"18";"0";""
"202100044567";"122Â 053";"B01";"1";"7";"0";"2";"4";"2";"1";""
"202100044567";"122Â 054";"A01";"1";"7";"0";"2";"1";"2";"1";""
"202100044568";"122Â 052";"A01";"1";"2";"0";"0";"0";"1";"1";""
"202100044569";"122Â 050";"A01";"3";"1";"0";"2";"1";"2";"6";""
"202100044569";"122Â 051";"B01";"1";"7";"0";"9";"4";"23";"1";""
"202100044570";"122Â 048";"A01";"1";"7";"0";"2";"1";"1";"1";""
"202100044570";"122Â 049";"B01";"2";"13";"0";"0";"5";"1";"1";""
"202100044571";"122Â 047";"RA01";"2";"31";"8";"0";"1";"26";"1";""
"202100044572";"122Â 046";"A01";"2";"7";"2";"0";"1";"1";"1";""
"202100044573";"122Â 044";"B01";"0";"7";"0";"2";"3";"1";"1";""
"202100044573";"122Â 045";"A01";"0";"7";"0";"2";"1";"15";"1";""
"202100044574";"122Â 043";"A01";"3";"7";"13";"0";"2";"15";"1";""
"202100044575";"122Â 041";"B01";"1";"7";"0";"2";"4";"2";"1";""