"Num_Acc";"id_vehicule";"num_veh";"senc";"catv";"obs";"obsm";"choc";"manv";"motor";"occutc"
"202100044575";"122Â 042";"A01";"1";"7";"0";"2";"1";"2";"1";""
"202100044576";"122Â 039";"A01";"2";"50";"0";"2";"1";"15";"3";""
"202100044576";"122Â 040";"B01";"1";"7";"0";"2";"2";"1";"1";""
"202100044577";"122Â 037";"A01";"1";"7";"0";"2";"1";"2";"0";""
"202100044577";"122Â 038";"B01";"1";"2";"0";"2";"4";"0";"1";""
"202100044578";"122Â 035";"E01";"1";"33";"1";"2";"1";"1";" -1";""
"202100044578";"122Â 036";"B01";"2";"7";"0";"2";"3";"13";"1";""
"202100044579";"122Â 033";"B01";"3";"7";"0";"2";"3";"2";"0";""
"202100044579";"122Â 034";"A01";"3";"15";"0";"2";"1";"14";"1";""
"202100044580";"122Â 031";"A01";"0";"7";"0";"2";"1";"26";"1";""
"202100044580";"122Â 032";"B01";"0";"7";"0";"2";"2";"16";"0";""
"202100044581";"122Â 029";"A01";"1";"7";"0";"2";"1";"15";"1";""
"202100044581";"122Â 030";"B01";"1";"10";"0";"2";"8";"1";"1";""
"202100044582";"122Â 027";"A01";"1";"7";"0";"2";"6";"19";"1";""
"202100044582";"122Â 028";"B01";"1";"50";"0";"2";"1";"1";"3";""
"202100044583";"122Â 026";"A01";"1";"1";"5";"0";"1";"1";"5";""
"202100044584";"122Â 024";"B01";"1";"7";"0";"2";"8";"1";"1";""
"202100044584";"122Â 025";"A01";"1";"7";"0";"2";"1";"1";"1";""
"202100044585";"122Â 022";"B01";"2";"10";"0";"2";"1";"1";"1";""
"202100044585";"122Â 023";"A01";"1";"30";"0";"2";"1";"17";"0";""
"202100044586";"122Â 020";"A01";"0";"7";"15";"2";"8";"19";"1";""
"202100044586";"122Â 021";"B01";"2";"7";"0";"2";"1";"21";"1";""
"202100044587";"122Â 019";"A01";"1";"7";"8";"0";"1";"25";"1";""
"202100044588";"122Â 017";"A01";"1";"7";"0";"2";"2";"9";"1";""
"202100044588";"122Â 018";"B01";"1";"30";"0";"2";"1";"2";"1";""
"202100044589";"122Â 016";"Z01";"2";"2";"0";"1";"1";"1";"0";""
"202100044590";"122Â 015";"A01";"3";"50";"0";"1";"1";"1";"3";""
"202100044591";"122Â 014";"A01";"2";"43";"0";"1";"1";"3";"1";""
"202100044592";"122Â 011";"C01";"2";"60";"0";"2";"8";"16";"5";""
"202100044592";"122Â 012";"B01";"2";"1";"0";"2";"8";"16";"5";""
"202100044592";"122Â 013";"A01";"2";"14";"0";"2";"2";"16";"1";""
"202100044593";"122Â 009";"A01";"3";"10";"0";"2";"1";"1";"1";""
"202100044593";"122Â 010";"B01";"3";"7";"0";"2";"4";"23";"1";""
"202100044594";"122Â 007";"A01";"2";"2";"0";"2";"6";"9";"1";""
"202100044594";"122Â 008";"B01";"2";"1";"0";"2";"1";"1";"5";""
"202100044595";"122Â 006";"A01";"1";"7";"0";"1";"1";"1";"1";""
"202100044596";"122Â 005";"A01";"1";"31";"0";"0";"3";"15";"3";""
"202100044597";"122Â 003";"A01";"2";"10";"0";"2";"0";"9";"1";""
"202100044597";"122Â 004";"B01";"2";"33";"0";"2";"0";"21";"1";""
"202100044598";"122Â 001";"A01";"1";"7";"0";"2";"2";"15";"1";""
"202100044598";"122Â 002";"B01";"2";"2";"0";"2";"1";"1";"1";""
"202100044599";"121Â 999";"B01";"2";"31";"0";"2";"3";"1";"1";""
"202100044599";"122Â 000";"A01";"1";"7";"0";"2";"1";"15";"1";""
"202100044600";"121Â 997";"A01";"1";"7";"0";"2";"3";"15";"1";""
"202100044600";"121Â 998";"B01";"2";"37";"0";"2";"2";"1";"1";"3"
"202100044601";"121Â 995";"A01";"2";"7";"0";"2";"3";"15";"1";""
"202100044601";"121Â 996";"B01";"1";"31";"1";"2";"1";"1";"1";""
"202100044602";"121Â 993";"A01";"1";"30";"0";"2";"1";"2";"1";""
"202100044602";"121Â 994";"B01";"1";"7";"0";"2";"6";"2";"1";""
"202100044603";"121Â 991";"A01";"1";"43";"0";"2";"1";"1";"1";""
"202100044603";"121Â 992";"B01";"1";"7";"0";"2";"4";"26";"1";""
"202100044604";"121Â 989";"A01";"2";"7";"0";"2";"1";"2";"1";""
"202100044604";"121Â 990";"B01";"2";"7";"0";"2";"4";"23";"1";""
"202100044605";"121Â 987";"A01";"2";"7";"0";"1";"1";"1";"1";""
"202100044605";"121Â 988";"B01";"1";"7";"0";"2";"2";"1";"1";""
"202100044606";"121Â 986";"A01";"1";"50";"0";"1";"1";"0";"3";""
"202100044607";"121Â 984";"A01";"1";"33";"0";"2";"5";"15";"1";""
"202100044607";"121Â 985";"B01";"3";"7";"0";"2";"4";"26";"1";""
"202100044608";"121Â 983";"A01";"1";"7";"0";"1";"4";"20";"1";""
"202100044609";"121Â 981";"B01";"1";"32";"0";"2";"1";"1";"1";""
"202100044609";"121Â 982";"A01";"1";"10";"0";"0";"0";"0";"0";""
"202100044610";"121Â 979";"A01";"1";"7";"0";"9";"1";"1";"1";""
"202100044610";"121Â 980";"B01";"3";"99";"0";"2";"8";"0";"3";""
"202100044611";"121Â 977";"B01";"0";"7";"1";"2";"1";"26";"1";""
"202100044611";"121Â 978";"A01";"1";"30";"0";"2";"2";"1";"1";""
"202100044612";"121Â 975";"A01";"2";"10";"0";"2";"3";"15";"1";""
"202100044612";"121Â 976";"B01";"2";"32";"0";"2";"1";"17";"1";""
"202100044613";"121Â 974";"A01";"3";"1";"0";"1";"8";"1";"0";""
"202100044614";"121Â 973";"A01";"2";"1";"8";"0";"1";"1";"0";""
"202100044615";"121Â 971";"Z01";"3";"7";"0";"2";"1";"9";"0";""
"202100044615";"121Â 972";"B01";"1";"50";"0";"2";"7";"1";"3";""
"202100044616";"121Â 969";"B01";"1";"32";"0";"2";"3";"1";"1";""
"202100044616";"121Â 970";"A01";"1";"1";"0";"2";"2";"12";"5";""
"202100044617";"121Â 967";"B01";"2";"7";"0";"2";"1";"1";"1";""
"202100044617";"121Â 968";"A01";"2";"34";"0";"2";"1";"1";"1";""
"202100044618";"121Â 966";"A01";"2";"7";"6";"0";"1";"1";"1";""
"202100044619";"121Â 965";"A01";"2";"7";"15";"0";"2";"14";"1";""
"202100044620";"121Â 964";"A01";"1";"7";"0";"1";"2";"1";"1";""
"202100044621";"121Â 963";"A01";"2";"1";"0";"0";"0";"0";"5";""
"202100044622";"121Â 961";"B01";"3";"7";"0";"2";"1";"1";"1";""
"202100044622";"121Â 962";"A01";"3";"2";"0";"2";"1";"13";"1";""
"202100044623";"121Â 959";"B01";"3";"7";"0";"2";"5";"19";"1";""
"202100044623";"121Â 960";"A01";"3";"1";"0";"2";"3";"1";"5";""
"202100044624";"121Â 958";"A01";"1";"2";"2";"0";"3";"15";"1";""
"202100044625";"121Â 956";"B01";"2";"7";"0";"0";"0";"19";"0";""
"202100044625";"121Â 957";"A01";"1";"33";"0";"0";"0";"1";"0";""
"202100044626";"121Â 954";"B01";"1";"7";"0";"2";"1";"1";"1";""
"202100044626";"121Â 955";"A01";"2";"7";"0";"2";"1";"1";"1";""
"202100044627";"121Â 952";"A01";"1";"1";"0";"0";"8";"15";"5";""
"202100044627";"121Â 953";"B01";"1";"2";"0";"2";"1";"15";"1";""
"202100044628";"121Â 950";"A01";"2";"7";"8";"2";"3";"13";"1";""
"202100044628";"121Â 951";"B01";"1";"7";"0";"2";"3";"15";"1";""
"202100044629";"121Â 949";"A01";"1";"7";"2";"0";"1";"1";"1";""
"202100044630";"121Â 948";"A01";"3";"7";"0";"1";"4";"4";"1";""
"202100044631";"121Â 946";"B01";"1";"10";"0";"0";"1";"1";"1";""
"202100044631";"121Â 947";"A01";"2";"7";"0";"2";"7";"13";"1";""
"202100044632";"121Â 944";"B01";"1";"33";"0";"2";"3";"17";"1";""
"202100044632";"121Â 945";"A01";"1";"7";"0";"2";"8";"1";"1";""
"202100044633";"121Â 943";"A01";"1";"10";"0";"1";"2";"1";"1";""
"202100044634";"121Â 941";"A01";"1";"7";"0";"2";"3";"15";"1";""
"202100044634";"121Â 942";"B01";"1";"33";"0";"2";"1";"17";"1";""
"202100044635";"121Â 938";"B01";"1";"7";"2";"2";"8";"13";"1";""
"202100044635";"121Â 939";"A01";"2";"7";"2";"2";"8";"1";"1";""
"202100044636";"121Â 937";"A01";"2";"33";"2";"0";"1";"1";"1";""
"202100044637";"121Â 935";"A01";"3";"33";"0";"2";"2";"17";"1";""
"202100044637";"121Â 936";"B01";"3";"21";"0";"2";"3";"15";"1";""
"202100044638";"121Â 933";"A01";"1";"7";"2";"0";"1";"2";"1";""
"202100044638";"121Â 934";"B01";"1";"7";"2";"2";"4";"2";"1";""
"202100044639";"121Â 931";"A01";"2";"31";"2";"2";"1";"0";"0";""
"202100044639";"121Â 932";"B01";"2";"33";"2";"2";"4";"2";"0";""
"202100044640";"121Â 929";"A01";"2";"7";"0";"9";"8";"1";"1";""
"202100044640";"121Â 930";"B01";"1";"1";"0";"2";"3";"1";"5";""
"202100044641";"121Â 927";"A01";"1";"7";"0";"0";"3";"13";"1";""
"202100044641";"121Â 928";"B01";"2";"7";"0";"2";"3";"1";"1";""
"202100044642";"121Â 925";"A01";"1";"17";"0";"2";"2";"1";"1";""
"202100044642";"121Â 926";"B01";"1";"13";"0";"2";"6";"1";"1";""
"202100044643";"121Â 923";"B01";"2";"7";"0";"2";"6";"1";"1";""
"202100044643";"121Â 924";"A01";"2";"7";"0";"2";"2";"26";"1";""
"202100044644";"121Â 920";"C01";"1";"7";"0";"2";"8";"2";"1";""
"202100044644";"121Â 921";"B01";"1";"7";"0";"2";"4";"2";"1";""
"202100044644";"121Â 922";"A01";"1";"34";"0";"2";"1";"2";"1";""
"202100044645";"121Â 918";"A01";"2";"7";"0";"2";"1";"26";"1";""
"202100044645";"121Â 919";"B01";"2";"17";"0";"2";"4";"0";"1";""
"202100044646";"121Â 914";"D01";"1";"7";"0";"2";"3";"2";"2";""
"202100044646";"121Â 915";"B01";"1";"33";"0";"2";"0";"3";"1";""
"202100044646";"121Â 916";"A01";"1";"7";"0";"2";"4";"2";"1";""
"202100044646";"121Â 917";"C01";"1";"7";"0";"2";"2";"2";"1";""
"202100044647";"121Â 912";"A01";"1";"7";"0";"2";"4";"0";"1";""
"202100044647";"121Â 913";"B01";"1";"15";"0";"2";"2";"0";"1";""
"202100044648";"121Â 908";"A01";"1";"10";"0";"2";"1";"1";"1";""
"202100044648";"121Â 909";"B01";"1";"7";"0";"2";"4";"1";"1";""
"202100044648";"121Â 910";"D01";"1";"7";"0";"2";"4";"1";"1";""
"202100044648";"121Â 911";"C01";"1";"7";"0";"2";"4";"1";"1";""
"202100044649";"121Â 906";"A01";"1";"14";"0";"2";"1";"1";"1";""
"202100044649";"121Â 907";"B01";"1";"7";"0";"2";"4";"1";"1";""
"202100044650";"121Â 903";"B01";"1";"7";"0";"2";"1";"1";"1";""
"202100044650";"121Â 904";"A01";"1";"7";"0";"2";"0";"0";"1";""
"202100044651";"121Â 901";"A01";"2";"7";"0";"2";"3";"1";"1";""
"202100044651";"121Â 902";"B01";"2";"7";"0";"2";"7";"16";"1";""
"202100044652";"121Â 899";"B01";"3";"7";"0";"2";"0";"19";"1";""
"202100044652";"121Â 900";"A01";"3";"33";"0";"2";"7";"1";"1";""
"202100044653";"121Â 897";"A01";"3";"7";"0";"2";"1";"26";"1";""
"202100044653";"121Â 898";"B01";"3";"7";"0";"2";"1";"0";"1";""
"202100044654";"121Â 895";"B01";"2";"2";"0";"2";"1";"1";"1";""
"202100044654";"121Â 896";"A01";"1";"2";"0";"2";"1";"1";"1";""
"202100044655";"121Â 893";"B01";"0";"2";"0";"2";"0";"1";"1";""
"202100044655";"121Â 894";"A01";"0";"7";"0";"2";"0";"1";"1";""
"202100044656";"121Â 891";"B01";"2";"1";"0";"2";"1";"19";"5";""
"202100044656";"121Â 892";"A01";"2";"7";"0";"2";"2";"1";"1";""
"202100044657";"121Â 889";"A01";"1";"7";"0";"2";"2";"15";"1";""
"202100044657";"121Â 890";"B01";"2";"32";"0";"2";"1";"1";"1";""
"202100044658";"121Â 888";"A01";"3";"10";"0";"0";"6";"15";"1";""
"202100044659";"121Â 886";"B01";"1";"7";"0";"1";"4";"26";"1";""
"202100044659";"121Â 887";"A01";"1";"7";"0";"2";"1";"26";"2";""
"202100044660";"121Â 884";"A01";"3";"7";"0";"2";"3";"1";"1";""
"202100044660";"121Â 885";"Z01";"3";"7";"15";"2";"1";"1";"1";""
"202100044661";"121Â 883";"A01";"1";"1";"0";"0";"0";"1";"5";""
"202100044662";"121Â 882";"A01";"1";"10";"0";"1";"2";"15";"1";""
"202100044663";"121Â 880";"A01";"2";"7";"0";"2";"2";"15";"2";""
"202100044663";"121Â 881";"B01";"1";"33";"0";"2";"1";"0";"1";""
"202100044664";"121Â 877";"B01";" -1";"33";"0";"2";"8";"1";"1";""
"202100044664";"121Â 878";"A01";" -1";"7";"0";"2";"8";"13";"1";""
"202100044665";"121Â 875";"A01";"1";"7";"0";"2";"1";"19";"1";""
"202100044665";"121Â 876";"B01";"1";"7";"0";"2";"2";"1";"1";""
"202100044666";"121Â 874";"A01";"3";"37";"0";"1";"1";"1";"1";"1"
"202100044667";"121Â 871";"A01";"3";"7";"0";"2";"1";"1";"1";""
"202100044667";"121Â 872";"C01";"3";"7";"8";"2";"3";"1";"1";""
"202100044667";"121Â 873";"B01";"3";"7";"0";"2";"2";"1";"1";""
"202100044668";"121Â 869";"B01";"1";"7";"0";"2";"3";"1";"1";""
"202100044668";"121Â 870";"A01";"1";"30";"0";"2";"1";"1";"1";""
"202100044669";"121Â 867";"B01";"1";"7";"0";"2";"1";"1";"1";""
"202100044669";"121Â 868";"A01";"2";"7";"0";"2";"1";"15";"1";""
"202100044670";"121Â 865";"B01";"1";"2";"0";"2";"1";"1";"1";""
"202100044670";"121Â 866";"A01";"2";"7";"0";"2";"3";"9";"1";""
"202100044671";"121Â 863";"A01";"2";"7";"0";"2";"2";"16";"2";""
"202100044671";"121Â 864";"B01";"2";"30";"0";"2";"3";"18";"3";""
"202100044672";"121Â 861";"B01";"1";"7";"0";"2";"8";"15";"1";""
"202100044672";"121Â 862";"A01";"1";"30";"0";"2";"1";"17";"1";""
"202100044673";"121Â 859";"A01";"2";"33";"0";"2";"1";"13";"1";""
"202100044673";"121Â 860";"B01";"1";"7";"0";"2";"3";"23";"1";""
"202100044674";"121Â 857";"A01";"0";"7";"0";"2";"8";"9";"1";""
"202100044674";"121Â 858";"B01";"1";"7";"0";"2";"1";"1";"1";""
"202100044675";"121Â 855";"A01";"2";"7";"0";"2";"1";"1";"1";""
"202100044675";"121Â 856";"B01";"1";"30";"0";"2";"7";"1";"3";""
"202100044676";"121Â 853";"A01";"1";"7";"0";"2";"1";"9";"1";""
"202100044676";"121Â 854";"B01";"1";"7";"0";"2";"3";"1";"1";""
"202100044677";"121Â 851";"B01";"3";"1";"0";"2";"7";"19";"5";""
"202100044677";"121Â 852";"A01";"2";"7";"0";"2";"1";"1";"1";""
"202100044678";"121Â 850";"A01";"3";"31";"0";"1";"1";"1";"1";""
"202100044679";"121Â 849";"A01";"1";"7";"0";"1";"7";"1";"1";""
"202100044680";"121Â 847";"B01";"3";"10";"0";"2";"6";"16";"1";""
"202100044680";"121Â 848";"A01";"3";"33";"0";"2";"1";"16";"1";""
"202100044681";"121Â 845";"A01";"0";"3";"0";"2";"0";"15";"1";""
"202100044681";"121Â 846";"B01";"0";"32";"0";"2";"1";"1";"1";""
"202100044682";"121Â 843";"B01";"0";"0";"0";"2";"1";"2";"0";""
"202100044682";"121Â 844";"A01";"2";"30";"0";"2";"4";"1";"1";""
"202100044683";"121Â 841";"B01";"2";"7";"0";"2";"6";"15";"1";""
"202100044683";"121Â 842";"A01";"2";"33";"0";"2";"1";"17";"1";""
"202100044684";"121Â 839";"B01";"2";"7";"0";"2";"3";"1";"1";""
"202100044684";"121Â 840";"A01";"1";"31";"0";"2";"6";"1";"1";""
"202100044685";"121Â 837";"B01";"3";"2";"0";"2";"7";"0";"1";""
"202100044685";"121Â 838";"A01";"3";"7";"0";"2";"1";"1";"1";""
"202100044686";"121Â 835";"B01";"3";"1";"0";"2";"8";"0";"5";""
"202100044686";"121Â 836";"A01";"3";"7";"0";"2";"1";"1";"1";""
"202100044687";"121Â 834";"A01";"3";"30";"14";"0";"9";"1";"1";""
"202100044688";"121Â 832";"B01";"3";"1";"0";"2";"4";"1";"5";""
"202100044688";"121Â 833";"A01";"1";"7";"0";"2";"1";"1";"1";""
"202100044689";"121Â 831";"A01";"0";"7";"0";"1";"2";"1";"1";""
"202100044690";"121Â 829";"A01";"3";"10";"0";"0";"0";"9";"1";""
"202100044690";"121Â 830";"B01";"1";"80";"8";"0";"1";"0";"3";""
"202100044691";"121Â 828";"B01";"3";"7";"0";"1";"1";"1";"1";""
"202100044692";"121Â 827";"Z01";"1";"0";"0";"1";"0";"0";"0";""
"202100044693";"121Â 825";"B01";"1";"33";"0";"2";"2";"1";"1";""
"202100044693";"121Â 826";"A01";"2";"7";"0";"2";"3";"9";"1";""
"202100044694";"121Â 823";"A01";"2";"7";"0";"2";"1";"1";"1";""
"202100044694";"121Â 824";"B01";"1";"7";"0";"2";"2";"1";"1";""
"202100044695";"121Â 821";"B01";"2";"7";"3";"0";"3";"13";"1";""
"202100044695";"121Â 822";"A01";"2";"7";"0";"2";"7";"1";"1";""
"202100044696";"121Â 820";"A01";"0";"7";"0";"1";"2";"1";"1";""
"202100044697";"121Â 818";"B01";"1";"7";"0";"2";"1";"1";"1";""
"202100044697";"121Â 819";"A01";"1";"7";"0";"2";"1";"13";"1";""
"202100044698";"121Â 816";"B01";"2";"1";"0";"2";"8";"1";"5";""
"202100044698";"121Â 817";"A01";"2";"7";"0";"2";"2";"21";"1";""
"202100044699";"121Â 814";"B01";"2";"7";"0";"2";"3";"9";"1";""
"202100044699";"121Â 815";"A01";"1";"7";"0";"2";"1";"17";"1";""
"202100044700";"121Â 812";"A01";"1";"7";"0";"2";"3";"1";"1";""
"202100044700";"121Â 813";"B01";"1";"7";"0";"2";"2";"1";"1";""
"202100044701";"121Â 810";"A01";"3";"10";"0";"2";"3";"9";"1";""
"202100044701";"121Â 811";"B01";"3";"7";"0";"2";"2";"1";"1";""
"202100044702";"121Â 809";"A01";"1";"7";"0";"1";"2";"9";"1";""
"202100044703";"121Â 807";"B01";"3";"7";"0";"2";"3";"23";"1";""
"202100044703";"121Â 808";"A01";"2";"1";"0";"2";"1";"1";"5";""
"202100044704";"121Â 805";"A01";"1";"7";"0";"2";"1";"1";"1";""
"202100044704";"121Â 806";"B01";"1";"7";"0";"2";"4";"23";"1";""
"202100044705";"121Â 804";"A01";"1";"7";"0";"1";"1";"1";"1";""
"202100044706";"121Â 803";"A01";"2";"32";"0";"0";"2";"1";"1";""
"202100044707";"121Â 801";"A01";"1";"10";"0";"2";"7";"1";"1";""
"202100044707";"121Â 802";"B01";"1";"43";"0";"2";"1";"1";"1";""
"202100044708";"121Â 800";"A01";"3";"33";"0";"9";"1";"1";"1";""
"202100044709";"121Â 798";"A01";"2";"32";"9";"2";"8";"1";"1";""
"202100044709";"121Â 799";"B01";"3";"7";"9";"2";"1";"15";"1";""
"202100044710";"121Â 796";"B01";"1";"33";"0";"2";"4";"1";"1";""
"202100044710";"121Â 797";"A01";"1";"10";"9";"2";"1";"1";"1";""
"202100044711";"121Â 794";"B01";"2";"34";"0";"2";"5";"1";"1";""
"202100044711";"121Â 795";"A01";"2";"7";"0";"2";"3";"1";"1";""
"202100044712";"121Â 793";"A01";"2";"50";"0";"1";"1";"14";"3";""
"202100044713";"121Â 792";"A01";"1";"80";"0";"0";"1";"15";"3";""
"202100044714";"121Â 791";"A01";"2";"1";"0";"1";"7";"1";"5";""
"202100044715";"121Â 789";"A01";"3";"31";"0";"2";"1";"1";"1";""
"202100044715";"121Â 790";"B01";"3";"10";"0";"2";"4";"16";"1";""
"202100044716";"121Â 787";"A01";"1";"10";"0";"2";"2";"17";"1";""
"202100044716";"121Â 788";"B01";"1";"7";"0";"2";"3";"15";"1";""
"202100044717";"121Â 785";"B01";"1";"1";"0";"2";"5";"19";"5";""
"202100044717";"121Â 786";"A01";"1";"43";"0";"2";"2";"1";"1";""
"202100044718";"121Â 783";"A01";"2";"7";"0";"2";"3";"1";"1";""
"202100044718";"121Â 784";"B01";"2";"50";"0";"2";"4";"1";"3";""
"202100044719";"121Â 780";"B01";"2";"7";"0";"2";"1";"16";"1";""
"202100044719";"121Â 781";"A01";"2";"33";"0";"2";"7";"1";"1";""
"202100044719";"121Â 782";"C01";"1";"7";"0";"2";"3";"1";"2";""
"202100044720";"121Â 778";"A01";"1";"7";"0";"2";"3";"13";"1";""
"202100044720";"121Â 779";"B01";"1";"30";"0";"2";"7";"1";"3";""
"202100044721";"121Â 776";"B01";"1";"33";"0";"2";"1";"1";"1";""
"202100044721";"121Â 777";"A01";"1";"7";"0";"2";"2";"1";"1";""
"202100044722";"121Â 774";"A01";"1";"7";"0";"2";"7";"16";"1";""
"202100044722";"121Â 775";"B01";"1";"1";"0";"2";"4";"1";"5";""
"202100044723";"121Â 773";"B01";"1";"50";"1";"0";"1";"1";"3";""
"202100044724";"121Â 772";"A01";"2";"7";"0";"1";"1";"1";"1";""
"202100044725";"121Â 770";"B01";"1";"2";"0";"2";"8";"1";"1";""
"202100044725";"121Â 771";"A01";"1";"7";"0";"2";"7";"9";"1";""
"202100044726";"121Â 768";"A01";"1";"7";"11";"2";"2";"1";"1";""
"202100044726";"121Â 769";"B01";"1";"10";"0";"2";"7";"1";"1";""
"202100044727";"121Â 766";"A01";"1";"7";"0";"2";"3";"15";"2";""
"202100044727";"121Â 767";"B01";"1";"2";"0";"2";"7";"17";"1";""
"202100044728";"121Â 765";"A01";"0";"7";"0";"1";"1";"15";"1";""
"202100044729";"121Â 763";"A01";"3";"7";"0";"9";"8";"22";"2";""
"202100044729";"121Â 764";"B01";"3";"1";"1";"0";"1";"1";"5";""
"202100044730";"121Â 761";"B01";"3";"1";"0";"2";"1";"19";"5";""
"202100044730";"121Â 762";"A01";"2";"10";"0";"2";"7";"1";"1";""
"202100044731";"121Â 759";"B01";"1";"10";"15";"0";"7";"9";"1";""
"202100044731";"121Â 760";"A01";"1";"7";"0";"2";"1";"1";"1";""
"202100044732";"121Â 757";"A01";"1";"1";"0";"2";"8";"1";"5";""
"202100044732";"121Â 758";"B01";"1";"7";"0";"2";"2";"1";"1";""
"202100044733";"121Â 754";"A01";"1";"7";"13";"0";"1";"13";"1";""
"202100044734";"121Â 753";"A01";"0";"7";"0";"1";"4";"4";"1";""
"202100044735";"121Â 751";"A01";"1";"10";"0";"0";"0";"15";"1";""
"202100044735";"121Â 752";"B01";"2";"2";"0";"0";"0";"5";"1";""
"202100044736";"121Â 750";"A01";"1";"7";"0";"0";"9";"1";"1";""
"202100044737";"121Â 749";"A01";"2";"7";"2";"0";"2";"1";"1";""
"202100044738";"121Â 748";"A01";"1";"7";"0";"1";"1";"15";"1";""
"202100044739";"121Â 746";"A01";"1";"7";"0";"0";"3";"13";"1";""
"202100044739";"121Â 747";"B01";"1";"31";"0";"2";"1";"14";"1";""
"202100044740";"121Â 745";"A01";"1";"7";"13";"0";"1";"0";"1";""
"202100044741";"121Â 743";"A01";"1";"50";"0";"2";"1";"15";"3";""
"202100044741";"121Â 744";"B01";"1";"7";"0";"2";"1";"0";"1";""
"202100044742";"121Â 741";"A01";"2";"10";"0";"0";"8";"1";"1";""
"202100044742";"121Â 742";"B01";"1";"7";"0";"2";"3";"1";"1";""
"202100044743";"121Â 740";"A01";"2";"34";"12";"0";"1";"1";"1";""
"202100044744";"121Â 737";"B01";"1";"7";"0";"2";"4";"2";"1";""
"202100044744";"121Â 738";"C01";"1";"7";"0";"2";"3";"2";"1";""
"202100044744";"121Â 739";"A01";"1";"7";"0";"2";"4";"2";"1";""
"202100044745";"121Â 735";"A01";"1";"7";"0";"2";"1";"17";"1";""
"202100044745";"121Â 736";"B01";"2";"7";"0";"2";"1";"1";"1";""
"202100044746";"121Â 734";"A01";"1";"7";"0";"1";"1";"15";"1";""
"202100044747";"121Â 733";"A01";"1";"1";"0";"0";"1";"0";"5";""
"202100044748";"121Â 731";"B01";"2";"7";"0";"2";"1";"1";"2";""
"202100044748";"121Â 732";"A01";"1";"7";"0";"2";"2";"15";"1";""
"202100044749";"121Â 728";"B01";"2";"7";"0";"2";"1";"1";"1";""
"202100044749";"121Â 729";"A01";"1";"3";"0";"2";"3";"11";"1";""
"202100044749";"121Â 730";"C01";"2";"7";"0";"2";"3";"23";"1";""
"202100044750";"121Â 726";"A01";"1";"7";"0";"2";"5";"1";"1";""
"202100044750";"121Â 727";"B01";"1";"33";"0";"2";"1";"1";"1";""
"202100044751";"121Â 724";"B01";"1";"7";"0";"0";"1";"1";"1";""
"202100044751";"121Â 725";"A01";"1";"7";"0";"0";"1";"13";"1";""
"202100044752";"121Â 722";"A01";"1";"7";"0";"2";"1";"13";"1";""
"202100044752";"121Â 723";"B01";"2";"7";"0";"2";"1";"0";"1";""
"202100044753";"121Â 720";"A01";"0";"1";"0";"2";"8";"1";"5";""
"202100044753";"121Â 721";"B01";"1";"7";"0";"9";"1";"1";"1";""
"202100044754";"121Â 718";"B01";"2";"10";"0";"2";"1";"1";"1";""
"202100044754";"121Â 719";"A01";"1";"31";"0";"2";"3";"1";"1";""
"202100044755";"121Â 716";"A01";"2";"7";"13";"0";"1";"1";"1";""
"202100044756";"121Â 715";"A01";"2";"33";"14";"0";"9";"1";"1";""
"202100044757";"121Â 714";"A01";"2";"10";"15";"0";"3";"1";"1";""
"202100044758";"121Â 712";"B01";"3";"7";"0";"2";"8";"1";"1";""
"202100044758";"121Â 713";"A01";"3";"2";"0";"2";"1";"1";"1";""
"202100044759";"121Â 710";"B01";"2";"15";"0";"0";"6";"1";"1";""
"202100044759";"121Â 711";"A01";"2";"10";"0";"2";"2";"1";"1";""
"202100044760";"121Â 705";"A01";"1";"15";"0";"0";"4";"23";"1";""
"202100044760";"121Â 706";"B01";"1";"7";"14";"2";"1";"1";"1";""
"202100044760";"121Â 707";"C01";"1";"7";"0";"0";"4";"1";"1";""
"202100044760";"121Â 708";"D01";"1";"7";"14";"2";"1";"1";"1";""
"202100044760";"121Â 709";"E01";"1";"10";"0";"0";"6";"1";"1";""
"202100044761";"121Â 702";"B01";"2";"10";"3";"2";"3";"1";"1";""
"202100044761";"121Â 703";"A01";"1";"7";"0";"2";"3";"13";"1";""
"202100044761";"121Â 704";"C01";"1";"10";"0";"2";"3";"1";"1";""
"202100044762";"121Â 700";"A01";"1";"7";"0";"0";"8";"9";"3";""
"202100044762";"121Â 701";"B01";"1";"33";"0";"2";"1";"1";"1";""
"202100044763";"121Â 699";"A01";"1";"7";"0";"1";"2";"1";"1";""
"202100044764";"121Â 697";"B01";"3";"2";"0";"2";"1";"13";"1";""
"202100044764";"121Â 698";"A01";"3";"7";"0";"2";"2";"1";"1";""
"202100044765";"121Â 695";"A01";"1";"7";"0";"0";"3";"1";"1";""
"202100044765";"121Â 696";"B01";"1";"7";"1";"0";"4";"23";"1";""
"202100044766";"121Â 693";"A01";"1";"1";"0";"2";"1";"19";"0";""
"202100044766";"121Â 694";"B01";"2";"38";"0";"2";"1";"1";"1";"1"
"202100044767";"121Â 690";"A01";"2";"7";"0";"2";"3";"1";"1";""
"202100044767";"121Â 691";"B01";"1";"7";"0";"2";"3";"1";"1";""
"202100044767";"121Â 692";"C01";"2";"7";"10";"2";"1";"1";"1";""
"202100044768";"121Â 689";"A01";"2";"31";"13";"9";"2";"1";"1";""