"Num_Acc";"id_vehicule";"num_veh";"senc";"catv";"obs";"obsm";"choc";"manv";"motor";"occutc"
"202100044769";"121Â 688";"A01";"1";"17";"6";"0";"3";"1";"1";""
"202100044770";"121Â 687";"A01";"3";"2";"0";"0";"3";"0";"1";""
"202100044771";"121Â 685";"B01";" -1";"7";"0";"2";"1";"0";"1";""
"202100044771";"121Â 686";"A01";" -1";"7";"0";"2";"1";"13";"1";""
"202100044772";"121Â 684";"A01";"1";"2";"12";"0";"3";"1";"1";""
"202100044773";"121Â 682";"B01";"2";"10";"0";"2";"1";"1";"1";""
"202100044773";"121Â 683";"A01";"2";"36";"0";"2";"7";"19";"1";""
"202100044774";"121Â 680";"A01";"2";"31";"0";"2";"8";"1";"1";""
"202100044774";"121Â 681";"B01";"2";"0";"0";"2";"5";"1";" -1";""
"202100044775";"121Â 678";"B01";"1";"7";"0";"2";"8";"1";"1";""
"202100044775";"121Â 679";"A01";"1";"15";"0";"2";"7";"12";"1";""
"202100044776";"121Â 676";"Z01";"2";"0";"0";"2";"1";"2";"1";""
"202100044776";"121Â 677";"A01";"2";"10";"0";"2";"4";"1";"1";""
"202100044777";"121Â 675";"A01";"2";"7";"3";"0";"1";"9";"1";""
"202100044778";"121Â 673";"B01";"1";"7";"0";"2";"6";"1";"1";""
"202100044778";"121Â 674";"A01";"1";"33";"4";"2";"3";"11";"1";""
"202100044779";"121Â 671";"B01";"1";"7";"0";"2";"5";"1";"1";""
"202100044779";"121Â 672";"A01";"1";"7";"0";"2";"3";"12";"1";""
"202100044780";"121Â 669";"A01";"1";"7";"0";"2";"5";"12";"1";""
"202100044780";"121Â 670";"B01";"1";"10";"0";"2";"3";"2";"1";""
"202100044781";"121Â 667";"B01";"1";"7";"0";"2";"4";"1";"1";""
"202100044781";"121Â 668";"A01";"1";"10";"0";"2";"1";"1";"1";""
"202100044782";"121Â 665";"A01";"1";"10";"0";"2";"5";"12";"1";""
"202100044782";"121Â 666";"B01";"1";"33";"0";"2";"1";"2";"1";""
"202100044783";"121Â 663";"A01";"1";"33";"5";"2";"1";"1";"1";""
"202100044783";"121Â 664";"B01";"1";"7";"0";"2";"7";"1";"1";""
"202100044784";"121Â 661";"A01";"2";"7";"0";"2";"6";"1";"1";""
"202100044784";"121Â 662";"Z01";"2";"10";"0";"2";"1";"0";"1";""
"202100044785";"121Â 660";"A01";"2";"15";"0";"1";"1";"9";"1";""
"202100044786";"121Â 656";"A01";"1";"7";"0";"2";"2";"19";"1";""
"202100044786";"121Â 657";"B01";"2";"32";"0";"2";"7";"1";"1";""
"202100044787";"121Â 655";"A01";"3";"7";"0";"1";"1";"15";"1";""
"202100044788";"121Â 654";"A01";"1";"7";"0";"1";"1";"9";"1";""
"202100044789";"121Â 653";"A01";"3";"7";"0";"1";"3";"15";"1";""
"202100044790";"121Â 651";"A01";"2";"7";"0";"2";"1";"2";"1";""
"202100044790";"121Â 652";"B01";"2";"7";"0";"2";"4";"2";"1";""
"202100044791";"121Â 649";"A01";"1";"10";"0";"2";"1";"2";"1";""
"202100044791";"121Â 650";"B01";"1";"7";"0";"2";"4";"2";"1";""
"202100044792";"121Â 645";"C01";"1";"7";"0";"2";"4";"1";"1";""
"202100044792";"121Â 646";"A01";"1";"10";"0";"2";"2";"2";"1";""
"202100044792";"121Â 647";"B01";"1";"7";"0";"2";"4";"1";"1";""
"202100044792";"121Â 648";"D01";"1";"7";"0";"2";"6";"1";"1";""
"202100044793";"121Â 642";"A01";"2";"7";"0";"2";"2";"19";"1";""
"202100044793";"121Â 643";"C01";"1";"7";"0";"2";"2";"16";"0";""
"202100044793";"121Â 644";"B01";"2";"7";"0";"2";"6";"2";"0";""
"202100044794";"121Â 641";"A01";"2";"32";"0";"0";"8";"1";"1";""
"202100044795";"121Â 640";"A01";"3";"7";"0";"1";"2";"26";"1";""
"202100044796";"121Â 639";"Z01";"3";"7";"0";"1";"2";"15";"1";""
"202100044797";"121Â 637";"B01";"3";"1";"0";"2";"1";"26";"2";""
"202100044797";"121Â 638";"A01";"3";"7";"0";"2";"1";"26";"1";""
"202100044798";"121Â 636";"A01";"2";"1";"0";"0";"7";"1";"5";""
"202100044799";"121Â 635";"A01";"2";"1";"0";"0";"0";"1";"5";""
"202100044800";"121Â 633";"A01";"1";"32";"0";"2";"1";"1";"1";""
"202100044800";"121Â 634";"B01";"2";"7";"0";"2";"6";"1";"1";""
"202100044801";"121Â 632";"A01";"1";"7";"0";"1";"2";"1";"1";""
"202100044802";"121Â 630";"A01";"1";"7";"0";"0";"0";"20";"1";""
"202100044802";"121Â 631";"B01";"1";"33";"6";"0";"3";"21";"1";""
"202100044803";"121Â 628";"A01";"1";"7";"0";"2";"1";"16";"1";""
"202100044803";"121Â 629";"B01";"1";"7";"0";"2";"1";"1";"1";""
"202100044804";"121Â 627";"B01";"1";"33";"0";"2";"8";"1";"1";""
"202100044805";"121Â 625";"A01";"2";"2";"0";"2";"1";"2";"1";""
"202100044805";"121Â 626";"B01";"2";"7";"0";"2";"6";"2";"1";""
"202100044806";"121Â 624";"A01";"1";"7";"0";"1";"1";"15";"1";""
"202100044807";"121Â 623";"A01";"1";"7";"0";"1";"1";"1";"1";""
"202100044808";"121Â 621";"B01";"1";"37";"0";"2";"5";"1";"4";"1"
"202100044808";"121Â 622";"A01";"3";"1";"0";"2";"1";"19";"5";""
"202100044809";"121Â 619";"B01";"1";"1";"0";"2";"2";"1";"5";""
"202100044809";"121Â 620";"A01";"2";"7";"0";"2";"3";"15";"1";""
"202100044810";"121Â 618";"A01";"3";"7";"0";"1";"3";"1";"1";""
"202100044811";"121Â 617";"A01";"1";"30";"0";"0";"0";"1";"1";""
"202100044812";"121Â 615";"A01";"1";"10";"0";"2";"1";"15";"1";""
"202100044812";"121Â 616";"B01";"2";"33";"0";"2";"1";"1";"1";""
"202100044813";"121Â 613";"A01";"1";"7";"0";"2";"1";"9";"1";""
"202100044813";"121Â 614";"B01";"1";"1";"0";"2";"7";"0";"5";""
"202100044814";"121Â 611";"B01";"1";"7";"0";"2";"1";"1";"1";""
"202100044814";"121Â 612";"A01";"2";"7";"0";"2";"7";"19";"1";""
"202100044815";"121Â 610";"A01";"2";"7";"0";"1";"2";"15";"1";""
"202100044816";"121Â 608";"A01";"1";"43";"0";"2";"1";"2";"1";""
"202100044816";"121Â 609";"B01";"1";"7";"0";"2";"4";"2";"1";""
"202100044817";"121Â 606";"A01";"2";"7";"0";"2";"2";"9";"1";""
"202100044817";"121Â 607";"B01";"1";"7";"0";"2";"3";"1";"1";""
"202100044818";"121Â 604";"B01";"3";"50";"0";"2";"8";"19";"3";""
"202100044818";"121Â 605";"A01";"3";"7";"0";"2";"2";"1";"1";""
"202100044819";"121Â 603";"A01";"0";"3";"0";"1";"4";"4";"3";""
"202100044820";"121Â 601";"B01";"3";"7";"0";"2";"6";"1";"3";""
"202100044820";"121Â 602";"A01";"3";"1";"0";"2";"1";"19";"5";""
"202100044821";"121Â 599";"B01";"1";"7";"0";"2";"6";"15";"0";""
"202100044821";"121Â 600";"A01";"1";"7";"0";"2";"1";"2";"1";""
"202100044822";"121Â 597";"B01";"2";"1";"0";"2";"8";"15";"5";""
"202100044822";"121Â 598";"A01";"1";"7";"0";"2";"3";"15";"1";""
"202100044823";"121Â 595";"A01";"3";"7";"0";"2";"3";"15";"1";""
"202100044823";"121Â 596";"B01";"3";"1";"0";"2";"8";"1";"5";""
"202100044824";"121Â 594";"A01";"0";"1";"0";"0";"1";"2";"5";""
"202100044825";"121Â 592";"B01";"2";"2";"0";"2";"4";"1";"1";""
"202100044825";"121Â 593";"A01";"2";"7";"0";"2";"3";"1";"1";""
"202100044826";"121Â 591";"A01";"1";"30";"0";"1";"1";"18";"1";""
"202100044827";"121Â 589";"B01";"3";"7";"0";"2";"2";"2";"0";""
"202100044827";"121Â 590";"A01";"3";"2";"0";"2";"1";"9";"1";""
"202100044828";"121Â 587";"A01";"3";"1";"0";"2";"4";"15";"0";""
"202100044828";"121Â 588";"Z01";"3";"7";"0";"2";"0";"0";"6";""
"202100044829";"121Â 584";"C01";"1";"7";"0";"2";"4";"2";"1";""
"202100044829";"121Â 585";"B01";"1";"10";"0";"2";"4";"2";"1";""
"202100044829";"121Â 586";"A01";"1";"10";"0";"2";"1";"2";"1";""
"202100044830";"121Â 582";"B01";"2";"43";"0";"2";"6";"2";"1";""
"202100044830";"121Â 583";"A01";"2";"7";"0";"2";"1";"2";"1";""
"202100044831";"121Â 580";"A01";"1";"10";"0";"2";"1";"2";"1";""
"202100044831";"121Â 581";"B01";"1";"10";"0";"2";"4";"2";"1";""
"202100044832";"121Â 578";"A01";"1";"10";"0";"2";"8";"10";"1";""
"202100044832";"121Â 579";"B01";"1";"32";"0";"2";"2";"1";"1";""
"202100044833";"121Â 576";"Z01";"2";"7";"0";"2";"3";"10";"1";""
"202100044833";"121Â 577";"A01";"1";"32";"0";"2";"3";"1";"1";""
"202100044834";"121Â 574";"A01";"1";"32";"0";"2";"3";"18";"1";""
"202100044834";"121Â 575";"B01";"1";"38";"0";"2";"2";"12";"1";"1"
"202100044835";"121Â 573";"A01";"1";"50";"0";"1";"1";"1";"3";""
"202100044836";"121Â 572";"A01";"3";"30";"8";"0";"3";"16";"1";""
"202100044837";"121Â 571";"A01";"1";"7";"0";"1";"4";"4";"1";""
"202100044838";"121Â 569";"A01";"1";"7";"0";"2";"1";"1";"3";""
"202100044838";"121Â 570";"B01";"2";"1";"0";"2";"0";"9";"5";""
"202100044839";"121Â 567";"B01";"1";"1";"0";"2";"8";"18";"5";""
"202100044839";"121Â 568";"A01";"1";"13";"0";"2";"8";"15";"1";""
"202100044840";"121Â 565";"B01";"1";"30";"1";"0";"1";"17";"1";""
"202100044840";"121Â 566";"A01";"1";"7";"0";"0";"6";"23";"1";""
"202100044841";"121Â 564";"A01";"2";"14";"0";"0";"0";"0";"1";""
"202100044842";"121Â 562";"A01";"1";"30";"0";"2";"7";"9";"0";""
"202100044842";"121Â 563";"B01";"1";"7";"0";"2";"1";"1";"1";""
"202100044843";"121Â 560";"A01";"1";"7";"0";"2";"1";"1";"1";""
"202100044843";"121Â 561";"B01";"1";"7";"0";"2";"6";"1";"1";""
"202100044844";"121Â 559";"A01";"2";"30";"15";"0";"8";"13";"1";""
"202100044845";"121Â 557";"B01";"1";"20";"0";"2";"7";"24";"3";""
"202100044845";"121Â 558";"A01";"1";"7";"1";"0";"1";"1";"1";""
"202100044846";"121Â 556";"A01";"3";"30";"0";"1";"1";"17";"1";""
"202100044847";"121Â 554";"B01";"1";"2";"0";"2";"8";"1";"1";""
"202100044847";"121Â 555";"A01";"1";"37";"0";"2";"7";"14";"0";"1"
"202100044848";"121Â 552";"B01";"1";"7";"0";"2";"1";"26";"1";""
"202100044848";"121Â 553";"A01";"1";"7";"0";"2";"1";"26";"1";""
"202100044849";"121Â 551";"A01";"3";"7";"0";"1";"3";"26";"1";""
"202100044850";"121Â 549";"B01";"1";"32";"0";"2";"5";"17";"1";""
"202100044850";"121Â 550";"A01";"1";"7";"0";"2";"2";"9";"1";""
"202100044851";"121Â 548";"A01";"2";"7";"0";"1";"2";"1";"1";""
"202100044852";"121Â 545";"C01";"1";"10";"0";"2";"4";"1";"1";""
"202100044852";"121Â 546";"B01";"1";"7";"0";"2";"4";"1";"1";""
"202100044852";"121Â 547";"A01";"1";"10";"0";"2";"4";"1";"1";""
"202100044853";"121Â 544";"A01";"1";"7";"0";"1";"1";"16";"1";""
"202100044854";"121Â 542";"A01";"1";"7";"0";"2";"3";"15";"1";""
"202100044854";"121Â 543";"B01";"1";"32";"0";"2";"1";"1";"1";""
"202100044855";"121Â 540";"A01";"2";"30";"0";"2";"2";"1";"1";""
"202100044855";"121Â 541";"B01";"2";"7";"0";"2";"5";"16";"1";""
"202100044856";"121Â 538";"B01";"1";"2";"0";"2";"4";"15";"1";""
"202100044856";"121Â 539";"A01";"1";"10";"0";"2";"1";"15";"1";""
"202100044857";"121Â 537";"A01";"3";"2";"0";"0";"1";"1";"1";""
"202100044858";"121Â 535";"A01";"1";"7";"0";"2";"2";"1";"1";""
"202100044858";"121Â 536";"B01";"2";"7";"0";"2";"1";"1";"1";""
"202100044859";"121Â 533";"A01";"3";"7";"0";"2";"3";"1";"1";""
"202100044859";"121Â 534";"B01";"3";"2";"0";"2";"1";"0";"1";""
"202100044860";"121Â 532";"A01";"2";"10";"0";"1";"3";"15";"1";""
"202100044861";"121Â 530";"A01";"2";"3";"0";"2";"3";"19";"1";""
"202100044861";"121Â 531";"B01";"2";"31";"0";"2";"1";"1";"1";""
"202100044862";"121Â 528";"B01";"1";"7";"0";"2";"8";"1";"1";""
"202100044862";"121Â 529";"A01";"2";"33";"0";"2";"8";"13";"1";""
"202100044863";"121Â 526";"B01";"1";"1";"0";"2";"1";"19";"5";""
"202100044863";"121Â 527";"A01";"1";"7";"0";"2";"2";"1";"1";""
"202100044864";"121Â 524";"B01";"2";"7";"0";"2";"2";"24";"1";""
"202100044864";"121Â 525";"A01";"0";"7";"1";"0";"2";"21";"1";""
"202100044865";"121Â 522";"B01";"0";"33";"0";"2";"1";"21";"1";""
"202100044865";"121Â 523";"A01";"0";"10";"0";"2";"2";"19";"1";""
"202100044866";"121Â 520";"B01";"1";"1";"0";"2";"8";"15";"5";""
"202100044866";"121Â 521";"A01";"1";"7";"0";"2";"2";"17";"1";""
"202100044867";"121Â 519";"A01";"1";"7";"0";"1";"2";"1";"1";""
"202100044868";"121Â 517";"B01";"3";"7";"0";"2";"2";"1";"1";""
"202100044868";"121Â 518";"A01";"3";"1";"0";"2";"1";"19";"5";""
"202100044869";"121Â 516";"A01";"1";"7";"13";"0";"9";"1";"1";""
"202100044870";"121Â 515";"A01";"1";"7";"13";"0";"1";"13";"1";""
"202100044871";"121Â 511";"A01";"3";"1";"0";"2";"3";"9";"5";""
"202100044871";"121Â 512";"B01";"1";"10";"0";"9";"7";"1";"1";""
"202100044872";"121Â 510";"A01";"2";"7";"16";"0";"2";"1";"1";""
"202100044873";"121Â 508";"B01";"2";"15";"0";"2";"2";"1";"1";""
"202100044873";"121Â 509";"A01";"2";"7";"0";"2";"8";"10";"0";""
"202100044874";"121Â 506";"B01";"1";"7";"0";"0";"3";"23";"1";""
"202100044874";"121Â 507";"A01";"1";"7";"0";"2";"1";"6";"1";""
"202100044875";"121Â 505";"A01";"0";"7";"0";"1";"2";"0";"1";""
"202100044876";"121Â 503";"A01";"3";"7";"0";"2";"0";"1";"1";""
"202100044876";"121Â 504";"B01";"3";"7";"0";"9";"3";"1";"1";""
"202100044877";"121Â 501";"A01";"1";"80";"0";"2";"8";"13";"3";""
"202100044877";"121Â 502";"B01";"1";"7";"0";"9";"2";"17";"1";""
"202100044878";"121Â 500";"A01";"1";"33";"16";"0";"0";"1";"1";""
"202100044879";"121Â 499";"A01";"2";"7";"0";"0";"0";"1";"1";""
"202100044880";"121Â 497";"B01";"2";"7";"0";"2";"3";"1";"1";""
"202100044880";"121Â 498";"A01";"1";"7";"0";"2";"3";"13";"1";""
"202100044881";"121Â 495";"B01";"1";"7";"0";"2";"3";"1";"1";""
"202100044881";"121Â 496";"A01";"3";"1";"0";"2";"1";"19";"5";""
"202100044882";"121Â 493";"B01";"0";"7";"0";"0";"8";"9";"1";""
"202100044882";"121Â 494";"A01";"2";"33";"1";"2";"1";"1";"1";""
"202100044883";"121Â 490";"A01";"1";"7";"13";"0";"0";"0";"1";""
"202100044884";"121Â 489";"A01";"1";"7";"0";"1";"0";"1";"1";""
"202100044885";"121Â 487";"A01";"3";"31";"0";"2";"5";"26";"1";""
"202100044885";"121Â 488";"B01";"3";"31";"0";"2";"5";"26";"1";""
"202100044886";"121Â 486";"A01";"2";"7";"2";"0";"0";"1";"1";""
"202100044887";"121Â 484";"B01";"1";"7";"0";"2";"8";"23";"1";""
"202100044887";"121Â 485";"A01";"1";"7";"6";"2";"2";"13";"1";""
"202100044888";"121Â 482";"B01";"1";"7";"0";"2";"3";"1";"1";""
"202100044888";"121Â 483";"A01";"2";"7";"0";"2";"3";"1";"1";""
"202100044889";"121Â 480";"A01";"1";"7";"0";"2";"2";"17";"1";""
"202100044889";"121Â 481";"B01";"1";"21";"0";"0";"8";"15";"0";""
"202100044890";"121Â 478";"A01";"2";"33";"0";"2";"7";"17";"1";""
"202100044890";"121Â 479";"B01";"2";"10";"0";"2";"3";"15";"1";""
"202100044891";"121Â 477";"A01";"2";"7";"4";"0";"1";"1";"1";""
"202100044892";"121Â 475";"B01";"2";"17";"0";"0";"6";"2";"1";""
"202100044892";"121Â 476";"A01";"2";"10";"0";"2";"2";"1";"1";""
"202100044893";"121Â 474";"A01";"2";"7";"0";"1";"3";"11";"1";""
"202100044894";"121Â 473";"A01";"1";"7";"0";"5";"1";"1";"1";""
"202100044895";"121Â 472";"A01";"1";"7";"0";"1";"2";"2";"1";""
"202100044896";"121Â 470";"A01";"3";"2";"0";"2";"1";"1";"1";""
"202100044896";"121Â 471";"B01";"3";"1";"0";"2";"1";"2";"5";""
"202100044897";"121Â 469";"A01";"3";"36";"6";"0";"3";"1";"0";""
"202100044898";"121Â 467";"C01";"3";"2";"0";"2";"2";"26";"1";""
"202100044898";"121Â 468";"A01";"0";"7";"0";"0";"6";"9";"1";""
"202100044899";"121Â 465";"B01";"0";"1";"0";"0";"4";"2";"5";""
"202100044899";"121Â 466";"A01";"0";"10";"0";"2";"2";"1";"1";""
"202100044900";"121Â 463";"B01";"1";"7";"0";"2";"1";"1";"1";""
"202100044900";"121Â 464";"A01";"1";"7";"0";"2";"4";"9";"1";""
"202100044901";"121Â 461";"A01";"1";"15";"0";"2";"6";"1";"1";""
"202100044901";"121Â 462";"B01";"1";"33";"0";"2";"1";"3";"1";""
"202100044902";"121Â 460";"A01";"1";"43";"0";"0";"1";"21";"1";""
"202100044903";"121Â 459";"A01";"1";"7";"0";"1";"1";"1";"1";""
"202100044904";"121Â 458";"A01";"1";"7";"0";"1";"3";"15";"1";""
"202100044905";"121Â 456";"A01";"1";"1";"0";"2";"8";"26";"5";""
"202100044905";"121Â 457";"Z01";"1";"7";"0";"2";"2";"15";"0";""
"202100044906";"121Â 454";"B01";"2";"33";"0";"2";"1";"1";"1";""
"202100044906";"121Â 455";"A01";"2";"7";"0";"2";"8";"10";"1";""
"202100044907";"121Â 453";"A01";"1";"7";"0";"1";"3";"1";"1";""
"202100044908";"121Â 452";"A01";"3";"7";"0";"1";"2";"15";"1";""
"202100044909";"121Â 450";"A01";"2";"7";"0";"2";"3";"1";"2";""
"202100044909";"121Â 451";"Y01";"2";"1";"0";"2";"7";"1";"5";""
"202100044910";"121Â 448";"A01";"1";"7";"0";"2";"5";"16";"1";""
"202100044910";"121Â 449";"B01";"1";"37";"0";"2";"3";"1";"1";"3"
"202100044911";"121Â 447";"A01";"1";"7";"4";"0";"1";"26";"1";""
"202100044912";"121Â 445";"B01";"1";"1";"0";"2";"0";"0";"5";""
"202100044912";"121Â 446";"A01";"1";"7";"0";"2";"3";"9";"1";""
"202100044913";"121Â 444";"A01";"1";"7";"0";"1";"2";"1";"1";""
"202100044914";"121Â 441";"A01";"2";"30";"1";"0";"1";"14";"3";""
"202100044915";"121Â 439";"B01";"3";"33";"0";"2";"1";"17";"1";""
"202100044915";"121Â 440";"A01";"3";"7";"0";"2";"2";"19";"1";""
"202100044916";"121Â 437";"A01";"3";"31";"0";"0";"1";"1";"1";""
"202100044916";"121Â 438";"B01";"3";"7";"0";"2";"4";"1";"1";""
"202100044917";"121Â 435";"B01";"1";"43";"0";"2";"2";"17";"1";""
"202100044917";"121Â 436";"A01";"1";"7";"0";"2";"3";"15";"1";""
"202100044918";"121Â 434";"A01";"2";"3";"0";"0";"1";"13";"1";""
"202100044919";"121Â 433";"A01";"1";"7";"0";"1";"1";"1";"1";""
"202100044920";"121Â 431";"A01";"0";"37";"1";"2";"1";"1";"1";"1"
"202100044920";"121Â 432";"B01";"3";"1";"0";"2";"1";"1";"5";""
"202100044921";"121Â 429";"A01";"3";"7";"0";"2";"3";"1";"1";""
"202100044921";"121Â 430";"B01";"3";"60";"8";"2";"2";"19";"5";""
"202100044922";"121Â 428";"A01";"2";"7";"6";"0";"1";"14";"1";""
"202100044923";"121Â 426";"A01";"2";"7";"0";"2";"3";"16";"1";""
"202100044923";"121Â 427";"B01";"2";"7";"0";"2";"2";"1";"1";""
"202100044924";"121Â 424";"A01";"2";"7";"0";"2";"1";"0";"1";""
"202100044924";"121Â 425";"B01";"2";"7";"0";"2";"4";"0";"1";""
"202100044925";"121Â 423";"A01";"1";"7";"0";"1";"1";"1";"1";""
"202100044926";"121Â 421";"A01";"3";"7";"0";"2";"7";"26";"1";""
"202100044926";"121Â 422";"B01";"3";"7";"0";"2";"1";"1";"1";""
"202100044927";"121Â 420";"A01";"1";"7";"0";"1";"3";"1";"1";""
"202100044928";"121Â 419";"A01";"1";"7";"0";"1";"3";"17";"1";""
"202100044929";"121Â 417";"B01";"1";"32";"0";"2";"7";"2";"1";""
"202100044929";"121Â 418";"Z01";"1";"7";"0";"2";"0";"2";"1";""
"202100044930";"121Â 415";"A01";"1";"7";"0";"9";"1";"1";"1";""
"202100044930";"121Â 416";"B01";"1";"50";"0";"2";"1";"19";"3";""
"202100044931";"121Â 413";"A01";"2";"7";"0";"2";"3";"1";"1";""
"202100044931";"121Â 414";"B01";"2";"7";"0";"2";"5";"16";"1";""
"202100044932";"121Â 411";"A01";"2";"7";"0";"2";"2";"15";"1";""
"202100044932";"121Â 412";"B01";"1";"2";"0";"2";"1";"1";"1";""
"202100044933";"121Â 410";"A01";"1";"7";"0";"1";"4";"4";"1";""
"202100044934";"121Â 408";"B01";"2";"2";"0";"2";"8";"1";"1";""
"202100044934";"121Â 409";"A01";"1";"7";"0";"2";"2";"15";"1";""
"202100044935";"121Â 407";"A01";"2";"34";"0";"0";"7";"1";"1";""
"202100044936";"121Â 406";"A01";"3";"7";"0";"1";"3";"1";"1";""
"202100044937";"121Â 405";"B01";"3";"32";"0";"0";"0";"1";"1";""
"202100044938";"121Â 404";"A01";"3";"7";"1";"0";"2";"13";"1";""
"202100044939";"121Â 403";"A01";"1";"30";"0";"0";"1";"1";"3";""
"202100044940";"121Â 402";"A01";"1";"7";"13";"0";"3";"13";"1";""
"202100044941";"121Â 401";"A01";"2";"33";"0";"0";"0";"1";"1";""
"202100044942";"121Â 399";"B01";"2";"1";"0";"2";"8";"1";"5";""
"202100044942";"121Â 400";"A01";"2";"10";"0";"2";"5";"17";"1";""
"202100044943";"121Â 397";"B01";"2";"7";"0";"2";"4";"1";"1";""
"202100044943";"121Â 398";"A01";"2";"30";"0";"2";"1";"2";"1";""
"202100044944";"121Â 395";"A01";"1";"50";"0";"2";"4";"0";"3";""
"202100044944";"121Â 396";"B01";"1";"7";"0";"2";"0";"0";"1";""
"202100044945";"121Â 393";"B01";"2";"7";"0";"2";"1";"1";"1";""
"202100044945";"121Â 394";"A01";"3";"7";"0";"2";"6";"20";"1";""
"202100044946";"121Â 391";"A01";"1";"7";"0";"2";"1";"2";"1";""
"202100044946";"121Â 392";"B01";"1";"7";"0";"2";"4";"2";"1";""
"202100044947";"121Â 389";"B01";"3";"7";"0";"2";"5";"15";"1";""
"202100044947";"121Â 390";"A01";"3";"7";"0";"2";"3";"1";"1";""
"202100044948";"121Â 388";"A01";"0";"33";"13";"0";"0";"26";"1";""
"202100044949";"121Â 386";"B01";"2";"1";"0";"2";"1";"1";"5";""
"202100044949";"121Â 387";"A01";"2";"7";"0";"2";"2";"9";"2";""
"202100044950";"121Â 384";"A01";"1";"7";"0";"2";"7";"1";"1";""
"202100044950";"121Â 385";"B01";"1";"7";"0";"2";"1";"1";"1";""
"202100044951";"121Â 383";"A01";"1";"7";"0";"0";"1";"1";" -1";""
"202100044952";"121Â 382";"A01";"3";"2";"0";"0";"1";"1";" -1";""
"202100044953";"121Â 380";"B01";"1";"7";"0";"2";"4";"2";"1";""
"202100044953";"121Â 381";"A01";"1";"7";"0";"2";"1";"2";"1";""
"202100044954";"121Â 378";"A01";"1";"7";"0";"9";"3";"0";"1";""
"202100044954";"121Â 379";"B01";"3";"1";"0";"2";"1";"1";"5";""
"202100044955";"121Â 377";"A01";"1";"33";"0";"0";"1";"26";"1";""
"202100044956";"121Â 376";"A01";"0";"33";"0";"5";"5";"9";"1";""
"202100044957";"121Â 372";"C01";"1";"7";"0";"2";"4";"1";"1";""
"202100044957";"121Â 373";"D01";"1";"7";"0";"2";"4";"1";"1";""
"202100044957";"121Â 374";"A01";"1";"10";"0";"2";"1";"1";"1";""
"202100044957";"121Â 375";"B01";"2";"7";"0";"2";"4";"1";"2";""
"202100044958";"121Â 371";"A01";"1";"30";"8";"0";"1";"21";"1";""
"202100044959";"121Â 370";"A01";"3";"33";"8";"0";"0";"1";"1";""
"202100044960";"121Â 368";"A01";"0";"7";"0";"2";"2";"19";"1";""
"202100044960";"121Â 369";"B01";"0";"7";"0";"2";"2";"1";"1";""
"202100044961";"121Â 366";"A01";"1";"7";"0";"2";"3";"1";"1";""
"202100044961";"121Â 367";"B01";"1";"33";"0";"2";"2";"12";"1";""
"202100044962";"121Â 364";"Z01";"1";"7";"0";"2";"1";"1";"1";""
"202100044962";"121Â 365";"A01";"1";"7";"0";"2";"3";"15";"1";""
"202100044963";"121Â 362";"A01";"0";"10";"0";"2";"5";"15";"1";""
"202100044963";"121Â 363";"B01";"0";"32";"0";"2";"1";"1";"1";""
"202100044964";"121Â 360";"A01";"3";"7";"0";"2";"8";"0";"1";""
"202100044964";"121Â 361";"B01";"3";"7";"0";"2";"1";"0";"1";""
"202100044965";"121Â 358";"B01";"3";"1";"0";"2";"1";"1";"5";""
"202100044965";"121Â 359";"A01";"3";"38";"0";"9";"1";"26";"1";"1"
"202100044966";"121Â 356";"B01";"1";"7";"0";"2";"2";"20";"1";""
"202100044966";"121Â 357";"A01";"1";"30";"0";"2";"3";"18";"1";""
"202100044967";"121Â 354";"A01";"0";"7";"0";"2";"1";"13";"1";""
"202100044967";"121Â 355";"B01";"0";"7";"0";"2";"1";"1";"1";""
"202100044968";"121Â 352";"A01";"2";"7";"0";"2";"3";"15";"1";""
"202100044968";"121Â 353";"B01";"2";"32";"0";"2";"1";"17";"1";""
"202100044969";"121Â 350";"B01";"1";"33";"0";"2";"3";"17";"1";""
"202100044969";"121Â 351";"A01";"1";"7";"0";"2";"8";"10";"1";""
"202100044970";"121Â 346";"A01";"1";"7";"0";"2";"1";"1";"1";""
"202100044970";"121Â 347";"D01";"1";"7";"0";"2";"4";"1";"1";""
"202100044970";"121Â 348";"C01";"1";"7";"0";"2";"4";"1";"1";""
"202100044970";"121Â 349";"B01";"1";"7";"0";"2";"4";"1";"1";""
"202100044971";"121Â 345";"A01";"2";"1";"12";"0";"0";"15";"5";""
"202100044972";"121Â 343";"Z01";"3";"50";"0";"2";"1";"19";"3";""
"202100044972";"121Â 344";"A01";"1";"7";"0";"2";"5";"16";"2";""
"202100044973";"121Â 342";"A01";"3";"7";"11";"0";"1";"13";"1";""
"202100044974";"121Â 340";"A01";"1";"31";"0";"1";"2";"1";"1";""
"202100044974";"121Â 341";"B01";"2";"7";"0";"2";"3";"1";"1";""
"202100044975";"121Â 338";"B01";"2";"1";"0";"2";"3";"19";"5";""
"202100044975";"121Â 339";"A01";"2";"34";"0";"2";"1";"1";"1";""
"202100044976";"121Â 336";"B01";"2";"1";"0";"2";"4";"2";"5";""
"202100044976";"121Â 337";"A01";"2";"7";"0";"2";"1";"2";"1";""
"202100044977";"121Â 334";"A01";"1";"10";"0";"2";"3";"15";"1";""
"202100044977";"121Â 335";"B01";"1";"1";"0";"2";"1";"1";"5";""