"Num_Acc";"id_vehicule";"num_veh";"senc";"catv";"obs";"obsm";"choc";"manv";"motor";"occutc"
"202100044978";"121Â 333";"A01";"1";"7";"0";"1";"1";"1";"1";""
"202100044979";"121Â 330";"A01";"1";"7";"0";"2";"1";"1";"1";""
"202100044979";"121Â 331";"B01";"1";"10";"0";"2";"4";"1";"1";""
"202100044980";"121Â 328";"B01";"1";"2";"0";"2";"1";"1";"1";""
"202100044980";"121Â 329";"A01";"2";"10";"0";"2";"2";"10";"1";""
"202100044981";"121Â 327";"A01";"1";"33";"0";"1";"1";"1";"1";""
"202100044982";"121Â 325";"B01";"1";"7";"0";"2";"1";"1";"1";""
"202100044982";"121Â 326";"A01";"1";"7";"0";"2";"8";"1";"1";""
"202100044983";"121Â 323";"A01";"0";"7";"0";"2";"1";"0";"0";""
"202100044983";"121Â 324";"Y01";"2";"60";"0";"2";"7";"19";"5";""
"202100044984";"121Â 321";"B01";"3";"14";"1";"0";"4";"23";"1";""
"202100044984";"121Â 322";"A01";"3";"34";"14";"0";"1";"14";"1";""
"202100044985";"121Â 319";"A01";"2";"7";"0";"2";"5";"15";"1";""
"202100044985";"121Â 320";"B01";"1";"2";"0";"2";"1";"1";"1";""
"202100044986";"121Â 318";"A01";"1";"7";"2";"0";"1";"0";"1";""
"202100044987";"121Â 316";"B01";" -1";"7";"0";"2";"1";"1";"1";""
"202100044987";"121Â 317";"A01";" -1";"7";"0";"2";"7";"15";"1";""
"202100044988";"121Â 314";"B01";"2";"2";"0";"2";"3";"0";"1";""
"202100044988";"121Â 315";"A01";"2";"7";"0";"2";"2";"16";"1";""
"202100044989";"121Â 312";"B01";"2";"7";"0";"2";"8";"1";"1";""
"202100044989";"121Â 313";"A01";"1";"30";"0";"2";"1";"15";"1";""
"202100044990";"121Â 310";"A01";"1";"7";"0";"2";"3";"19";"1";""
"202100044990";"121Â 311";"B01";"1";"7";"0";"2";"2";"19";"1";""
"202100044991";"121Â 308";"A01";"3";"10";"0";"2";"5";"26";"1";""
"202100044991";"121Â 309";"B01";"3";"30";"0";"2";"1";"0";"1";""
"202100044992";"121Â 306";"B01";"1";"50";"0";"2";"1";"1";"3";""
"202100044992";"121Â 307";"A01";"2";"7";"0";"2";"8";"10";"1";""
"202100044993";"121Â 304";"B01";"2";"43";"0";"2";"1";"1";"1";""
"202100044993";"121Â 305";"A01";"2";"2";"0";"2";"6";"9";"1";""
"202100044994";"121Â 302";"B01";"2";"15";"0";"2";"8";"1";"1";""
"202100044994";"121Â 303";"A01";"1";"2";"0";"2";"8";"13";"1";""
"202100044995";"121Â 300";"A01";"0";"2";"0";"2";"2";"1";"1";""
"202100044995";"121Â 301";"B01";"0";"7";"0";"2";"3";"10";"1";""
"202100044996";"121Â 298";"B01";"2";"1";"0";"2";"1";"1";"5";""
"202100044996";"121Â 299";"A01";"1";"7";"0";"9";"2";"15";"1";""
"202100044997";"121Â 297";"A01";"1";"7";"0";"0";"9";"0";"1";""
"202100044998";"121Â 295";"B01";"1";"80";"0";"2";"8";"1";"3";""
"202100044998";"121Â 296";"A01";"1";"7";"0";"2";"2";"1";"1";""
"202100044999";"121Â 292";"A01";"1";"7";"0";"2";"3";"1";"1";""
"202100044999";"121Â 293";"B01";"2";"2";"0";"2";"1";"1";"1";""
"202100044999";"121Â 294";"C01";"2";"2";"0";"2";"1";"13";"1";""
"202100045000";"121Â 291";"A01";"3";"2";"0";"0";"1";"0";"1";""
"202100045001";"121Â 290";"A01";"0";"14";"2";"0";"1";"1";"1";""
"202100045002";"121Â 288";"B01";"1";"16";"0";"2";"3";"1";"1";""
"202100045002";"121Â 289";"A01";"2";"16";"3";"2";"1";"13";"1";""
"202100045003";"121Â 286";"B01";"2";"13";"0";"2";"3";"1";"1";""
"202100045003";"121Â 287";"A01";"1";"10";"0";"2";"8";"10";"1";""
"202100045004";"121Â 283";"A01";"1";"7";"0";"2";"1";"13";"1";""
"202100045004";"121Â 284";"B01";"1";"14";"0";"2";"1";"1";"1";""
"202100045004";"121Â 285";"C01";"1";"7";"0";"2";"1";"1";"1";""
"202100045005";"121Â 281";"B01";"1";"33";"0";"2";"1";"1";"1";""
"202100045005";"121Â 282";"A01";"2";"7";"0";"2";"3";"15";"1";""
"202100045006";"121Â 279";"B01";"1";"7";"0";"9";"1";"1";"1";""
"202100045006";"121Â 280";"A01";"2";"7";"0";"2";"1";"15";"1";""
"202100045007";"121Â 278";"A01";"2";"7";"13";"0";"2";"1";"1";""
"202100045008";"121Â 277";"A01";"2";"7";"3";"0";"3";"1";"1";""
"202100045009";"121Â 275";"A01";"2";"7";"0";"2";"7";"2";"1";""
"202100045009";"121Â 276";"B01";"2";"10";"0";"2";"8";"2";"1";""
"202100045010";"121Â 273";"B01";"2";"7";"0";"2";"5";"2";"1";""
"202100045010";"121Â 274";"A01";"2";"10";"0";"2";"1";"2";"1";""
"202100045011";"121Â 271";"B01";"2";"7";"0";"2";"5";"1";"1";""
"202100045011";"121Â 272";"A01";"2";"7";"0";"2";"0";"1";"1";""
"202100045012";"121Â 268";"A01";"1";"7";"0";"2";"8";"11";"1";""
"202100045012";"121Â 269";"C01";"1";"10";"0";"2";"3";"1";"1";""
"202100045012";"121Â 270";"B01";"1";"34";"0";"2";"2";"3";"1";""
"202100045013";"121Â 265";"A01";"2";"33";"0";"2";"1";"3";"1";""
"202100045013";"121Â 266";"C01";"2";"7";"0";"2";"4";"2";"1";""
"202100045013";"121Â 267";"B01";"2";"10";"0";"2";"8";"2";"1";""
"202100045014";"121Â 264";"A01";"1";"7";"0";"1";"2";"1";"1";""
"202100045015";"121Â 263";"A01";"1";"10";"0";"1";"5";"1";"1";""
"202100045016";"121Â 261";"B01";"1";"1";"0";"2";"8";"1";"5";""
"202100045016";"121Â 262";"A01";"2";"7";"0";"2";"1";"15";"1";""
"202100045017";"121Â 259";"A01";"2";"7";"0";"2";"1";"1";"1";""
"202100045017";"121Â 260";"B01";"1";"50";"0";"2";"7";"1";"3";""
"202100045018";"121Â 257";"A01";"1";"7";"0";"2";"3";"15";"1";""
"202100045018";"121Â 258";"B01";"2";"7";"0";"2";"3";"1";"1";""
"202100045019";"121Â 255";"A01";"2";"33";"0";"2";"1";"13";"1";""
"202100045019";"121Â 256";"B01";"1";"7";"0";"2";"3";"1";"1";""
"202100045020";"121Â 254";"A01";"1";"7";"0";"1";"2";"2";"1";""
"202100045021";"121Â 252";"B01";"1";"7";"0";"2";"8";"2";"1";""
"202100045021";"121Â 253";"A01";"1";"33";"0";"2";"2";"1";"1";""
"202100045022";"121Â 250";"A01";"1";"7";"0";"2";"8";"0";"0";""
"202100045022";"121Â 251";"B01";"1";"7";"0";"2";"1";"1";"1";""
"202100045023";"121Â 248";"B01";"1";"34";"0";"2";"1";"1";"1";""
"202100045023";"121Â 249";"A01";"1";"7";"0";"2";"7";"9";"1";""
"202100045024";"121Â 246";"A01";"1";"10";"0";"2";"4";"1";"1";""
"202100045024";"121Â 247";"B01";"1";"7";"0";"2";"1";"1";"1";""
"202100045025";"121Â 244";"A01";"3";"30";"0";"2";"3";"1";"1";""
"202100045025";"121Â 245";"B01";"3";"7";"0";"2";"2";"1";"1";""
"202100045026";"121Â 243";"A01";"2";"7";"0";"1";"3";"1";"1";""
"202100045027";"121Â 241";"B01";"1";"1";"0";"2";"0";"1";"5";""
"202100045027";"121Â 242";"A01";"1";"7";"0";"2";"3";"9";"1";""
"202100045028";"121Â 238";"C01";"1";"7";"0";"2";"4";"26";"1";""
"202100045028";"121Â 239";"B01";"2";"7";"0";"2";"2";"1";"1";""
"202100045028";"121Â 240";"A01";"2";"10";"0";"2";"0";"23";"1";""
"202100045029";"121Â 236";"B01";"2";"32";"0";"2";"2";"1";"1";""
"202100045029";"121Â 237";"A01";"2";"7";"0";"2";"3";"11";"1";""
"202100045030";"121Â 235";"A01";"1";"30";"1";"0";"1";"14";"1";""
"202100045031";"121Â 232";"A01";"0";"7";"0";"2";"2";"16";"0";""
"202100045031";"121Â 233";"B01";"0";"32";"0";"2";"0";"0";"1";""
"202100045031";"121Â 234";"C01";"0";"10";"0";"2";"0";"0";"6";""
"202100045032";"121Â 230";"A01";"1";"7";"0";"2";"8";"15";"1";""
"202100045032";"121Â 231";"B01";"1";"33";"0";"2";"1";"1";"1";""
"202100045033";"121Â 229";"A01";"1";"7";"6";"0";"1";"16";"1";""
"202100045034";"121Â 228";"A01";"2";"32";"12";"0";"1";"12";"1";""
"202100045035";"121Â 226";"A01";"3";"7";"0";"2";"3";"9";"1";""
"202100045035";"121Â 227";"B01";"3";"2";"0";"2";"7";"1";"1";""
"202100045036";"121Â 225";"A01";"1";"30";"0";"1";"1";"1";"1";""
"202100045037";"121Â 223";"B01";"1";"33";"0";"2";"3";"1";"1";""
"202100045037";"121Â 224";"A01";"1";"7";"0";"2";"2";"12";"1";""
"202100045038";"121Â 221";"B01";"1";"2";"0";"2";"1";"17";"1";""
"202100045038";"121Â 222";"A01";"2";"7";"0";"2";"1";"24";"2";""
"202100045039";"121Â 220";"Y01";"2";"1";"0";"2";"2";"1";"5";""
"202100045040";"121Â 219";"A01";"1";"7";"1";"0";"3";"26";"1";""
"202100045041";"121Â 217";"A01";"3";"7";"0";"2";"1";"2";"1";""
"202100045041";"121Â 218";"B01";"3";"7";"0";"2";"4";"1";"1";""
"202100045042";"121Â 215";"B01";"1";"7";"0";"2";"6";"1";"1";""
"202100045042";"121Â 216";"A01";"2";"7";"0";"2";"1";"10";"1";""
"202100045043";"121Â 214";"A01";" -1";"7";"0";"1";"0";"0";"1";""
"202100045044";"121Â 213";"A01";"2";"7";"9";"0";"1";"9";"1";""
"202100045045";"121Â 211";"B01";"1";"30";"0";"0";"1";"21";"1";""
"202100045045";"121Â 212";"A01";"2";"2";"0";"0";"0";"26";"0";""
"202100045046";"121Â 209";"B01";"2";"30";"0";"2";"1";"1";"1";""
"202100045046";"121Â 210";"A01";"2";"7";"0";"2";"8";"1";"1";""
"202100045047";"121Â 207";"A01";"1";"32";"0";"2";"1";"2";"1";""
"202100045047";"121Â 208";"B01";"1";"7";"0";"2";"4";"1";"1";""
"202100045048";"121Â 205";"B01";"2";"2";"0";"2";"1";"17";"1";""
"202100045048";"121Â 206";"A01";"2";"7";"0";"2";"6";"15";"1";""
"202100045049";"121Â 204";"A01";"2";"2";"6";"0";"8";"13";"1";""
"202100045050";"121Â 203";"A01";"1";"31";"0";"0";"0";"14";"1";""
"202100045051";"121Â 201";"A01";"1";"7";"0";"2";"4";"15";"1";""
"202100045051";"121Â 202";"B01";"1";"32";"0";"2";"1";"2";"1";""
"202100045052";"121Â 199";"B01";"1";"7";"0";"2";"1";"1";"1";""
"202100045052";"121Â 200";"A01";"2";"7";"0";"2";"1";"5";"1";""
"202100045053";"121Â 198";"A01";"1";"33";"0";"0";"7";"0";"1";""
"202100045054";"121Â 197";"A01";"2";"7";"8";"0";"3";"1";"1";""
"202100045055";"121Â 195";"B01";"1";"7";"0";"2";"1";"1";"1";""
"202100045055";"121Â 196";"A01";"2";"7";"0";"2";"1";"17";"1";""
"202100045056";"121Â 193";"B01";"2";"7";"0";"0";"6";"15";"1";""
"202100045056";"121Â 194";"A01";"2";"33";"0";"2";"1";"17";"1";""
"202100045057";"121Â 190";"A01";"2";"33";"0";"2";"1";"2";"1";""
"202100045057";"121Â 191";"B01";"2";"7";"0";"0";"5";"1";"1";""
"202100045058";"121Â 188";"B01";"2";"7";"0";"2";"1";"1";"1";""
"202100045058";"121Â 189";"A01";"1";"7";"0";"2";"1";"5";"1";""
"202100045059";"121Â 187";"A01";"0";"7";"0";"1";"1";"1";"1";""
"202100045060";"121Â 185";"A01";"1";"10";"0";"0";"1";"15";"1";""
"202100045060";"121Â 186";"B01";"2";"7";"0";"0";"2";"1";"1";""
"202100045061";"121Â 184";"A01";"1";"2";"12";"0";"1";"1";"1";""
"202100045062";"121Â 181";"A01";"2";"7";"1";"2";"3";"1";"1";""
"202100045062";"121Â 182";"C01";"1";"7";"0";"0";"3";"1";"1";""
"202100045062";"121Â 183";"B01";"1";"7";"0";"0";"3";"1";"2";""
"202100045063";"121Â 179";"B01";"2";"7";"0";"2";"3";"15";"2";""
"202100045063";"121Â 180";"A01";"2";"33";"0";"2";"1";"17";"1";""
"202100045064";"121Â 178";"A01";"2";"7";"13";"0";"3";"1";"1";""
"202100045065";"121Â 177";"A01";"2";"1";"0";"0";"0";"0";"5";""
"202100045066";"121Â 176";"A01";"2";"7";"10";"0";"1";"13";"1";""
"202100045067";"121Â 173";"A01";"2";"1";"0";"2";"1";"2";"5";""
"202100045067";"121Â 174";"B01";"2";"1";"0";"0";"4";"2";"5";""
"202100045067";"121Â 175";"C01";"2";"1";"0";"2";"1";"2";"5";""
"202100045068";"121Â 171";"A01";"2";"7";"0";"2";"1";"1";"1";""
"202100045068";"121Â 172";"B01";"1";"10";"0";"2";"1";"1";"1";""
"202100045069";"121Â 170";"A01";"1";"2";"0";"0";"0";"1";"1";""
"202100045070";"121Â 169";"A01";"2";"10";"15";"0";"9";"2";"1";""
"202100045071";"121Â 167";"B01";"2";"80";"0";"2";"2";"1";"3";""
"202100045071";"121Â 168";"A01";"0";"7";"0";"2";"3";"9";"1";""
"202100045072";"121Â 166";"A01";"3";"7";"0";"1";"7";"1";"1";""
"202100045073";"121Â 165";"A01";"1";"7";"0";"1";"2";"0";"1";""
"202100045074";"121Â 164";"A01";"2";"15";"16";"0";"2";"1";"1";""
"202100045075";"121Â 162";"A01";"3";"7";"0";"2";"2";"1";"1";""
"202100045075";"121Â 163";"B01";"3";"1";"0";"2";"1";"16";"5";""
"202100045076";"121Â 161";"A01";"1";"17";"3";"0";"8";"19";"1";""
"202100045077";"121Â 159";"C01";"2";"10";"0";"2";"1";"1";"1";""
"202100045077";"121Â 160";"A01";"2";"7";"1";"2";"2";"12";"1";""
"202100045078";"121Â 157";"B01";"2";"31";"0";"2";"1";"2";"1";""
"202100045078";"121Â 158";"A01";"1";"7";"0";"2";"1";"5";"1";""
"202100045079";"121Â 156";"A01";"1";"10";"13";"0";"1";"14";"1";""
"202100045080";"121Â 155";"A01";"3";"10";"0";"0";"9";"15";"1";""
"202100045081";"121Â 152";"A01";"1";"33";"0";"0";"8";"1";"1";""
"202100045081";"121Â 153";"B01";"1";"36";"0";"2";"1";"10";"1";""
"202100045082";"121Â 150";"A01";"1";"10";"0";"2";"1";"1";"1";""
"202100045082";"121Â 151";"B01";"2";"7";"5";"2";"2";"5";"1";""
"202100045083";"121Â 147";"C01";"2";"10";"0";"2";"8";"23";"1";""
"202100045083";"121Â 148";"A01";"1";"7";"0";"2";"1";"15";"1";""
"202100045083";"121Â 149";"B01";"2";"10";"0";"2";"1";"1";"1";""
"202100045084";"121Â 146";"A01";"2";"33";"10";"0";"9";"1";"1";""
"202100045085";"121Â 145";"A01";"2";"1";"0";"0";"0";"1";"5";""
"202100045086";"121Â 144";"A01";"2";"7";"0";"1";"2";"0";"1";""
"202100045087";"121Â 142";"A01";"2";"33";"0";"2";"1";"1";"1";""
"202100045087";"121Â 143";"B01";"1";"7";"0";"0";"3";"1";"1";""
"202100045088";"121Â 140";"A01";"2";"7";"5";"0";"2";"0";"1";""
"202100045089";"121Â 138";"A01";"2";"1";"0";"0";"1";"1";"5";""
"202100045089";"121Â 139";"B01";"2";"1";"0";"9";"4";"1";"5";""
"202100045090";"121Â 136";"B01";"1";"1";"0";"2";"3";"15";"5";""
"202100045090";"121Â 137";"A01";"1";"2";"0";"9";"2";"1";"1";""
"202100045091";"121Â 135";"A01";"1";"2";"2";"0";"1";"1";"1";""
"202100045092";"121Â 129";"A01";"1";"7";"0";"2";"1";"2";"1";""
"202100045092";"121Â 130";"B01";"1";"7";"0";"2";"0";"2";"1";""
"202100045092";"121Â 131";"E01";"1";"7";"0";"2";"0";"2";"1";""
"202100045092";"121Â 132";"F01";"1";"7";"0";"2";"0";"1";"3";""
"202100045092";"121Â 133";"C01";"1";"7";"0";"2";"0";"2";"1";""
"202100045092";"121Â 134";"D01";"1";"7";"0";"2";"0";"2";"1";""
"202100045093";"121Â 128";"A01";"2";"7";"3";"0";"1";"16";"1";""
"202100045094";"121Â 127";"A01";"1";"7";"4";"0";"2";"2";"1";""
"202100045095";"121Â 125";"A01";"2";"17";"0";"2";"7";"12";"1";""
"202100045095";"121Â 126";"B01";"2";"7";"0";"2";"8";"2";"1";""
"202100045096";"121Â 124";"A01";"2";"7";"4";"0";"3";"1";"1";""
"202100045097";"121Â 123";"A01";"1";"7";"0";"1";"1";"1";"1";""
"202100045098";"121Â 122";"A01";"1";"7";"0";"0";"1";"13";"1";""
"202100045099";"121Â 121";"A01";"3";"7";"0";"1";"4";"26";"1";""
"202100045100";"121Â 120";"A01";"3";"7";"0";"1";"8";"1";"1";""
"202100045101";"121Â 119";"A01";"2";"7";"12";"1";"1";"26";"2";""
"202100045102";"121Â 118";"A01";"0";"10";"0";"1";"1";"1";"1";""
"202100045103";"121Â 117";"A01";"1";"32";"0";"1";"1";"0";"1";""
"202100045104";"121Â 112";"D01";"2";"7";"14";"0";"1";"1";"1";""
"202100045104";"121Â 113";"E01";"2";"7";"1";"0";"1";"1";"1";""
"202100045104";"121Â 114";"A01";"2";"7";"0";"2";"1";"2";"1";""
"202100045104";"121Â 115";"B01";"2";"7";"0";"0";"4";"2";"1";""
"202100045104";"121Â 116";"C01";"2";"7";"0";"2";"1";"21";"1";""
"202100045105";"121Â 111";"A01";"1";"37";"0";"1";"5";"26";"1";"1"
"202100045106";"121Â 109";"A01";" -1";"7";"0";"2";"1";"1";"1";""
"202100045106";"121Â 110";"B01";" -1";"7";"0";"2";"8";"1";"1";""
"202100045107";"121Â 108";"A01";"2";"10";"0";"1";"1";"1";"1";""
"202100045108";"121Â 106";"B01";"1";"30";"0";"2";"1";"17";"1";""
"202100045108";"121Â 107";"A01";"2";"7";"0";"2";"8";"15";"1";""
"202100045109";"121Â 105";"A01";"1";"7";"8";"0";"1";"14";"1";""
"202100045110";"121Â 103";"B01";"2";"33";"0";"2";"1";"1";"1";""
"202100045110";"121Â 104";"A01";"2";"50";"0";"2";"4";"12";"3";""
"202100045111";"121Â 102";"A01";"2";"33";"0";"0";"7";"26";"1";""
"202100045112";"121Â 100";"B01";"1";"7";"0";"0";"4";"1";"1";""
"202100045112";"121Â 101";"A01";"1";"0";"0";"2";"1";"1";"0";""
"202100045113";"121Â 099";"A01";"2";"30";"0";"0";"7";"1";"1";""
"202100045114";"121Â 098";"A01";"3";"7";"0";"1";"1";"1";"1";""
"202100045115";"121Â 097";"A01";"2";"2";"0";"1";"1";"17";"3";""
"202100045116";"121Â 095";"A01";"3";"33";"0";"2";"2";"17";"1";""
"202100045116";"121Â 096";"B01";"3";"7";"0";"2";"3";"2";"1";""
"202100045117";"121Â 093";"B01";"1";"30";"0";"2";"1";"1";"1";""
"202100045117";"121Â 094";"A01";"1";"30";"0";"2";"1";"17";"1";""
"202100045118";"121Â 091";"A01";"2";"7";"0";"2";"5";"15";"1";""
"202100045118";"121Â 092";"B01";"1";"33";"0";"2";"1";"2";"1";""
"202100045119";"121Â 089";"A01";"1";"7";"0";"9";"1";"16";"1";""
"202100045119";"121Â 090";"B01";"1";"1";"0";"2";"7";"1";"5";""
"202100045120";"121Â 084";"A01";"1";"7";"2";"0";"1";"13";"1";""
"202100045121";"121Â 082";"A01";"2";"31";"11";"0";"1";"1";"1";""
"202100045121";"121Â 083";"B01";"2";"31";"11";"0";"1";"1";"1";""
"202100045122";"121Â 080";"A01";"2";"7";"0";"2";"1";"1";"1";""
"202100045122";"121Â 081";"B01";"1";"7";"0";"2";"7";"1";"1";""
"202100045123";"121Â 077";"C01";"3";"7";"0";"2";"3";"23";"1";""
"202100045123";"121Â 078";"A01";"2";"7";"0";"2";"7";"19";"1";""
"202100045123";"121Â 079";"B01";"1";"7";"0";"2";"1";"1";"1";""
"202100045124";"121Â 075";"A01";"2";"7";"0";"2";"1";"13";"1";""
"202100045124";"121Â 076";"B01";"1";"7";"0";"2";"3";"1";"1";""
"202100045125";"121Â 073";"B01";"2";"7";"0";"2";"1";"1";"1";""
"202100045125";"121Â 074";"A01";"2";"7";"0";"2";"7";"15";"1";""
"202100045126";"121Â 072";"A01";"2";"33";"7";"0";"6";"13";"1";""
"202100045127";"121Â 070";"B01";"1";"1";"0";"2";"8";"15";"5";""
"202100045127";"121Â 071";"A01";"1";"7";"0";"2";"1";"1";"1";""
"202100045128";"121Â 068";"B01";"1";"80";"0";"2";"8";"1";"3";""
"202100045128";"121Â 069";"A01";"1";"7";"0";"9";"3";"9";"1";""
"202100045129";"121Â 066";"A01";"3";"7";"0";"2";"2";"19";"1";""
"202100045129";"121Â 067";"B01";"3";"7";"0";"2";"1";"0";"1";""
"202100045130";"121Â 064";"A01";"2";"7";"0";"2";"4";"1";"1";""
"202100045130";"121Â 065";"B01";"2";"7";"0";"2";"1";"2";"1";""
"202100045131";"121Â 061";"A01";"2";"7";"0";"2";"2";"1";"1";""
"202100045131";"121Â 062";"B01";"2";"1";"0";"2";"1";"1";"5";""
"202100045132";"121Â 059";"B01";"1";"7";"0";"2";"3";"10";"1";""
"202100045132";"121Â 060";"A01";"1";"7";"0";"2";"1";"1";"1";""
"202100045133";"121Â 058";"A01";"1";"32";"12";"0";"1";"1";"1";""
"202100045134";"121Â 056";"B01";"1";"33";"0";"2";"0";"0";"1";""
"202100045134";"121Â 057";"A01";"1";"7";"0";"2";"0";"26";"1";""
"202100045135";"121Â 054";"B01";"1";"33";"0";"2";"1";"1";"1";""
"202100045135";"121Â 055";"A01";"1";"7";"0";"2";"7";"15";"1";""
"202100045136";"121Â 052";"B01";"1";"7";"0";"2";"3";"15";"1";""
"202100045136";"121Â 053";"A01";"1";"30";"0";"2";"1";"17";"1";""
"202100045137";"121Â 050";"B01";"3";"7";"0";"2";"2";"15";"1";""
"202100045137";"121Â 051";"A01";"3";"33";"1";"2";"1";"1";"1";""
"202100045138";"121Â 048";"A01";"2";"7";"0";"2";"3";"15";"1";""
"202100045138";"121Â 049";"B01";"2";"2";"0";"2";"2";"1";"1";""
"202100045139";"121Â 046";"A01";"2";"7";"0";"2";"2";"12";"1";""
"202100045139";"121Â 047";"B01";"2";"31";"0";"2";"8";"3";"1";""
"202100045140";"121Â 045";"A01";"1";"33";"0";"0";"0";"3";"1";""
"202100045141";"121Â 043";"B01";"2";"30";"0";"2";"1";"1";"1";""
"202100045141";"121Â 044";"A01";"2";"7";"0";"2";"3";"9";"1";""
"202100045142";"121Â 042";"A01";"2";"1";"0";"1";"1";"21";"5";""
"202100045143";"121Â 039";"B01";"2";"7";"0";"2";"8";"1";"1";""
"202100045143";"121Â 040";"C01";"1";"7";"0";"2";"6";"1";"1";""
"202100045143";"121Â 041";"A01";"2";"7";"0";"2";"1";"1";"1";""
"202100045144";"121Â 038";"A01";"3";"1";"8";"0";"1";"21";"5";""
"202100045145";"121Â 037";"A01";"1";"30";"9";"0";"1";"15";"1";""
"202100045146";"121Â 035";"B01";"2";"7";"0";"0";"6";"23";"1";""
"202100045146";"121Â 036";"A01";"2";"7";"0";"2";"2";"2";"1";""
"202100045147";"121Â 033";"A01";"3";"1";"0";"2";"1";"1";"5";""
"202100045147";"121Â 034";"B01";"3";"7";"0";"9";"2";"2";"1";""
"202100045148";"121Â 031";"B01";"2";"0";"0";"2";"7";"14";"1";""
"202100045148";"121Â 032";"A01";"2";"31";"0";"2";"2";"1";"1";""
"202100045149";"121Â 029";"B01";"1";"7";"0";"0";"4";"23";"1";""
"202100045149";"121Â 030";"A01";"1";"30";"0";"2";"1";"1";"1";""
"202100045150";"121Â 027";"A01";"0";"7";"0";"2";"2";"9";"1";""
"202100045150";"121Â 028";"B01";"2";"7";"1";"2";"2";"1";"1";""
"202100045151";"121Â 025";"A01";"2";"7";"0";"2";"1";"1";"1";""
"202100045151";"121Â 026";"B01";"2";"7";"0";"2";"4";"23";"1";""
"202100045152";"121Â 023";"B01";"0";"60";"0";"2";"0";"26";"5";""
"202100045152";"121Â 024";"A01";"1";"7";"0";"2";"1";"19";"1";""
"202100045153";"121Â 021";"B01";" -1";"30";"0";"2";"8";"15";"1";""
"202100045153";"121Â 022";"A01";" -1";"7";"0";"0";"8";"15";"1";""
"202100045154";"121Â 019";"B01";"1";"7";"0";"2";"4";"9";"0";""
"202100045154";"121Â 020";"A01";"1";"7";"0";"2";"1";"9";"0";""
"202100045155";"121Â 017";"A01";"1";"33";"0";"2";"4";"15";"1";""
"202100045155";"121Â 018";"B01";"1";"30";"0";"2";"1";"17";"1";""
"202100045156";"121Â 015";"A01";"3";"7";"0";"9";"2";"1";"1";""
"202100045156";"121Â 016";"B01";"3";"1";"0";"2";"1";"1";"0";""
"202100045157";"121Â 013";"B01";"2";"7";"0";"2";"1";"1";"1";""
"202100045157";"121Â 014";"A01";"1";"10";"9";"2";"3";"15";"1";""
"202100045158";"121Â 012";"A01";" -1";"7";"4";"0";"1";"19";"1";""
"202100045159";"121Â 010";"B01";"1";"7";"0";"2";"3";"15";"1";""
"202100045159";"121Â 011";"A01";"1";"7";"0";"2";"3";"1";"1";""
"202100045160";"121Â 008";"A01";"1";"7";"0";"2";"1";"0";"1";""
"202100045160";"121Â 009";"B01";"1";"7";"0";"2";"4";"0";"1";""
"202100045161";"121Â 006";"A01";"0";"7";"0";"2";"1";"1";"1";""
"202100045161";"121Â 007";"B01";"0";"31";"0";"2";"3";"15";"1";""
"202100045162";"121Â 004";"A01";"1";"32";"0";"2";"1";"1";"1";""
"202100045162";"121Â 005";"B01";"2";"7";"0";"2";"2";"15";"0";""
"202100045163";"121Â 003";"A01";"2";"7";"6";"0";"1";"1";"1";""
"202100045164";"121Â 002";"A01";"2";"7";"5";"0";"0";"1";"1";""
"202100045165";"121Â 001";"A01";"2";"33";"0";"0";"0";"1";"1";""
"202100045166";"120Â 999";"B01";"1";"33";"0";"2";"1";"1";"1";""
"202100045166";"121Â 000";"A01";"2";"7";"0";"2";"3";"15";"1";""
"202100045167";"120Â 998";"A01";"1";"7";"15";"0";"2";"2";"1";""
"202100045168";"120Â 996";"A01";"1";"10";"8";"0";"6";"16";"1";""
"202100045168";"120Â 997";"B01";"2";"7";"0";"2";"1";"19";"1";""
"202100045169";"120Â 995";"A01";"1";"7";"0";"0";"9";"1";"1";""
"202100045170";"120Â 994";"A01";"2";"7";"13";"0";"1";"1";"1";""
"202100045171";"120Â 989";"A01";"2";"7";"0";"2";"3";"11";"1";""
"202100045171";"120Â 990";"B01";"1";"7";"0";"2";"3";"1";"1";""
"202100045172";"120Â 988";"A01";"1";"33";"0";"0";"0";"1";"1";""
"202100045173";"120Â 986";"B01";"2";"7";"0";"2";"3";"1";"1";""
"202100045173";"120Â 987";"A01";"1";"2";"0";"2";"3";"13";"1";""
"202100045174";"120Â 985";"A01";"3";"33";"3";"0";"7";"1";"1";""
"202100045175";"120Â 984";"A01";"0";"7";"0";"1";"2";"1";"1";""
"202100045176";"120Â 983";"A01";"2";"33";"0";"0";"9";"17";"1";""
"202100045177";"120Â 981";"A01";"2";"10";"0";"2";"1";"17";"1";""
"202100045177";"120Â 982";"B01";"2";"7";"6";"2";"6";"15";"1";""
"202100045178";"120Â 980";"A01";"2";"7";"1";"0";"1";"13";"1";""
"202100045179";"120Â 979";"A01";"1";"33";"13";"0";"2";"1";"1";""
"202100045180";"120Â 977";"A01";"1";"7";"0";"2";"1";"15";"1";""
"202100045180";"120Â 978";"B01";"1";"33";"0";"2";"7";"1";"1";""
"202100045181";"120Â 976";"A01";"3";"33";"0";"0";"1";"1";"1";""
"202100045182";"120Â 975";"A01";"1";"36";"6";"0";"2";"1";"1";""
"202100045183";"120Â 974";"A01";"2";"7";"13";"0";"3";"1";"1";""