"Num_Acc";"id_vehicule";"num_veh";"senc";"catv";"obs";"obsm";"choc";"manv";"motor";"occutc"
"202100045184";"120Â 972";"B01";"2";"1";"0";"2";"1";"1";"5";""
"202100045184";"120Â 973";"A01";"1";"7";"0";"2";"1";"1";"1";""
"202100045185";"120Â 970";"B01";"1";"2";"0";"2";"1";"17";"1";""
"202100045185";"120Â 971";"A01";"1";"7";"0";"2";"3";"15";"1";""
"202100045186";"120Â 969";"A01";"2";"7";"3";"0";"2";"14";"1";""
"202100045187";"120Â 968";"A01";"1";"2";"0";"0";"0";"1";"1";""
"202100045188";"120Â 966";"B01";"1";"7";"0";"2";"3";"1";"1";""
"202100045188";"120Â 967";"A01";"2";"1";"0";"2";"1";"13";"5";""
"202100045189";"120Â 965";"A01";"1";"7";"0";"1";"5";"1";"1";""
"202100045190";"120Â 963";"A01";"3";"7";"0";"2";"1";"19";"1";""
"202100045190";"120Â 964";"B01";"1";"33";"0";"2";"8";"1";"1";""
"202100045191";"120Â 961";"A01";"1";"7";"0";"2";"2";"1";"1";""
"202100045191";"120Â 962";"B01";"2";"1";"0";"2";"1";"5";"5";""
"202100045192";"120Â 959";"A01";"1";"7";"0";"9";"2";"17";"1";""
"202100045192";"120Â 960";"B01";"1";"1";"0";"2";"3";"2";"0";""
"202100045193";"120Â 957";"A01";"1";"7";"0";"2";"1";"0";"1";""
"202100045193";"120Â 958";"B01";"1";"33";"0";"2";"4";"0";"1";""
"202100045194";"120Â 954";"C01";"1";"7";"0";"2";"1";"1";"1";""
"202100045194";"120Â 955";"B01";"1";"7";"0";"2";"8";"1";"1";""
"202100045194";"120Â 956";"A01";"2";"7";"0";"2";"7";"17";"1";""
"202100045195";"120Â 952";"A01";"1";"31";"0";"2";"3";"1";"1";""
"202100045195";"120Â 953";"B01";"2";"31";"0";"2";"3";"0";"1";""
"202100045196";"120Â 951";"A01";"1";"7";"13";"0";"1";"1";"1";""
"202100045197";"120Â 950";"A01";"1";"7";"15";"0";"2";"14";"1";""
"202100045198";"120Â 949";"A01";"3";"7";"0";"0";"9";"1";"1";""
"202100045199";"120Â 944";"A01";"2";"7";"0";"2";"4";"2";"1";""
"202100045199";"120Â 945";"B01";"2";"7";"0";"2";"4";"2";"1";""
"202100045199";"120Â 946";"C01";"2";"7";"0";"2";"4";"2";"1";""
"202100045199";"120Â 947";"D01";"2";"7";"0";"2";"4";"2";"1";""
"202100045199";"120Â 948";"E01";"2";"7";"0";"2";"1";"2";"1";""
"202100045200";"120Â 943";"A01";"2";"7";"13";"0";"1";"1";"1";""
"202100045201";"120Â 938";"Z01";"1";"7";"0";"2";"0";"0";"0";""
"202100045201";"120Â 939";"D01";"1";"7";"0";"2";"1";"1";"1";""
"202100045201";"120Â 940";"C01";"2";"7";"0";"2";"1";"1";"1";""
"202100045201";"120Â 941";"B01";"2";"7";"0";"2";"4";"1";"1";""
"202100045201";"120Â 942";"A01";"2";"7";"0";"2";"4";"1";"1";""
"202100045202";"120Â 937";"A01";"2";"7";"0";"5";"2";"21";"1";""
"202100045203";"120Â 936";"A01";"1";"33";"4";"0";"2";"14";"1";""
"202100045204";"120Â 935";"A01";"1";"7";"0";"1";"7";"1";"1";""
"202100045205";"120Â 928";"B01";"1";"7";"0";"2";"6";"16";"1";""
"202100045205";"120Â 929";"C01";"2";"7";"0";"2";"6";"16";"1";""
"202100045205";"120Â 930";"E01";"1";"7";"0";"2";"3";"1";"1";""
"202100045205";"120Â 931";"D01";"1";"7";"0";"2";"1";"1";"1";""
"202100045205";"120Â 932";"A01";"1";"7";"0";"2";"3";"15";"1";""
"202100045206";"120Â 926";"A01";"1";"7";"0";"4";"8";"26";"1";""
"202100045206";"120Â 927";"B01";"2";"40";"0";"2";"1";"1";"3";""
"202100045207";"120Â 925";"A01";"3";"7";"0";"1";"2";"26";"1";""
"202100045208";"120Â 924";"A01";"1";"7";"8";"0";"2";"26";"1";""
"202100045209";"120Â 922";"A01";"1";"7";"0";"2";"1";"2";"1";""
"202100045209";"120Â 923";"B01";"1";"10";"0";"2";"4";"2";"1";""
"202100045210";"120Â 920";"A01";"2";"7";"0";"2";"2";"15";"1";""
"202100045210";"120Â 921";"B01";"1";"2";"0";"2";"1";"1";"1";""
"202100045211";"120Â 918";"A01";"1";"38";"0";"2";"0";"1";"0";"1"
"202100045211";"120Â 919";"B01";"3";"50";"0";"2";"7";"19";"3";""
"202100045212";"120Â 914";"D01";"2";"7";"0";"2";"4";"23";"1";""
"202100045212";"120Â 915";"C01";"2";"7";"0";"2";"4";"23";"0";""
"202100045212";"120Â 916";"B01";"2";"7";"0";"2";"4";"23";"1";""
"202100045212";"120Â 917";"A01";"2";"7";"0";"2";"1";"1";"1";""
"202100045213";"120Â 912";"A01";"1";"7";"0";"2";"3";"15";"2";""
"202100045213";"120Â 913";"B01";"2";"31";"0";"2";"6";"18";"1";""
"202100045214";"120Â 910";"A01";"2";"10";"0";"2";"7";"1";"1";""
"202100045214";"120Â 911";"B01";"2";"33";"0";"2";"3";"13";"1";""
"202100045215";"120Â 907";"A01";"1";"7";"0";"2";"5";"16";"1";""
"202100045215";"120Â 908";"B01";"1";"37";"0";"2";"3";"9";"1";"6"
"202100045216";"120Â 905";"A01";"1";"7";"0";"2";"3";"15";"1";""
"202100045216";"120Â 906";"B01";"2";"30";"0";"2";"0";"1";"1";""
"202100045217";"120Â 903";"A01";"1";"7";"0";"2";"7";"1";"1";""
"202100045217";"120Â 904";"B01";"2";"7";"0";"2";"1";"1";"1";""
"202100045218";"120Â 901";"A01";"1";"30";"0";"0";"2";"9";"1";""
"202100045218";"120Â 902";"B01";"2";"7";"0";"2";"1";"1";"1";""
"202100045219";"120Â 899";"A01";"1";"7";"0";"2";"8";"10";"1";""
"202100045219";"120Â 900";"B01";"1";"7";"0";"2";"1";"1";"1";""
"202100045220";"120Â 894";"B01";"2";"2";"0";"2";"1";"1";"1";""
"202100045220";"120Â 895";"A01";"1";"7";"0";"2";"7";"15";"1";""
"202100045221";"120Â 892";"B01";"1";"7";"0";"2";"4";"1";"1";""
"202100045221";"120Â 893";"A01";"1";"2";"0";"2";"1";"1";"1";""
"202100045222";"120Â 891";"B01";"1";"1";"0";"0";"0";"26";"5";""
"202100045223";"120Â 889";"B01";"1";"2";"0";"2";"2";"0";"6";""
"202100045223";"120Â 890";"A01";"1";"7";"0";"2";"0";"0";"0";""
"202100045224";"120Â 887";"A01";"1";"7";"1";"2";"2";"11";"1";""
"202100045224";"120Â 888";"B01";"2";"7";"0";"2";"2";"21";"1";""
"202100045225";"120Â 885";"B01";"1";"37";"0";"0";"0";"0";"2";"1"
"202100045225";"120Â 886";"A01";"1";"31";"0";"2";"1";"1";"1";""
"202100045226";"120Â 883";"B01";"3";"31";"0";"2";"7";"15";"1";""
"202100045226";"120Â 884";"A01";"3";"7";"0";"2";"1";"1";"1";""
"202100045227";"120Â 882";"A01";"1";"7";"0";"0";"0";"2";"0";""
"202100045228";"120Â 880";"A01";"3";"7";"0";"2";"1";"1";"1";""
"202100045228";"120Â 881";"B01";"3";"7";"0";"2";"4";"1";"1";""
"202100045229";"120Â 878";"B01";"2";"50";"0";"2";"8";"1";"3";""
"202100045229";"120Â 879";"A01";"2";"7";"0";"2";"1";"17";"1";""
"202100045230";"120Â 877";"A01";"3";"10";"0";"1";"1";"1";"1";""
"202100045231";"120Â 875";"B01";"1";"7";"0";"2";"3";"15";"1";""
"202100045231";"120Â 876";"A01";"0";"30";"0";"2";"1";"17";"1";""
"202100045232";"120Â 871";"B01";"2";"10";"0";"2";"4";"23";"1";""
"202100045232";"120Â 872";"A01";"2";"7";"0";"2";"1";"1";"1";""
"202100045233";"120Â 869";"A01";"0";"7";"0";"2";"1";"9";"1";""
"202100045233";"120Â 870";"B01";"0";"99";"0";"2";"4";"4";"0";""
"202100045234";"120Â 868";"A01";"1";"7";"0";"1";"1";"1";"1";""
"202100045235";"120Â 867";"A01";"0";"3";"0";"1";"4";"4";"3";""
"202100045236";"120Â 865";"A01";"1";"30";"0";"2";"1";"2";"1";""
"202100045236";"120Â 866";"B01";"1";"7";"0";"2";"5";"1";"1";""
"202100045237";"120Â 864";"A01";"1";"30";"0";"1";"1";"1";"1";""
"202100045238";"120Â 862";"A01";"3";"7";"0";"2";"2";"1";"1";""
"202100045238";"120Â 863";"B01";"2";"43";"0";"2";"2";"1";"1";""
"202100045239";"120Â 860";"A01";"2";"7";"0";"2";"2";"1";"1";""
"202100045239";"120Â 861";"B01";"2";"1";"0";"2";"1";"9";"5";""
"202100045240";"120Â 858";"A01";"2";"7";"0";"2";"2";"1";"1";""
"202100045240";"120Â 859";"B01";"2";"50";"0";"2";"1";"9";"3";""
"202100045241";"120Â 857";"A01";"3";"32";"1";"0";"2";"13";"1";""
"202100045242";"120Â 854";"A01";"2";"7";"0";"2";"2";"1";"2";""
"202100045242";"120Â 855";"B01";"2";"2";"0";"2";"8";"1";"1";""
"202100045242";"120Â 856";"Z01";"2";"7";"0";"2";"8";"1";"2";""
"202100045243";"120Â 852";"A01";"2";"7";"0";"2";"1";"1";"1";""
"202100045243";"120Â 853";"B01";"1";"2";"0";"2";"8";"15";"1";""
"202100045244";"120Â 850";"B01";"1";"10";"0";"2";"0";"16";"1";""
"202100045244";"120Â 851";"A01";"1";"1";"8";"2";"8";"21";"5";""
"202100045245";"120Â 848";"B01";"3";"7";"0";"2";"1";"5";"0";""
"202100045245";"120Â 849";"A01";"3";"34";"0";"2";"1";"23";"1";""
"202100045246";"120Â 846";"B01";"1";"30";"0";"2";"7";"5";"1";""
"202100045246";"120Â 847";"A01";"2";"30";"0";"2";"2";"1";"1";""
"202100045247";"120Â 844";"Z01";"1";"7";"0";"2";"1";"2";"1";""
"202100045247";"120Â 845";"A01";"3";"7";"0";"0";"5";"15";"1";""
"202100045248";"120Â 842";"A01";"2";"2";"0";"1";"3";"17";"3";""
"202100045249";"120Â 840";"A01";"3";"7";"0";"2";"5";"22";"2";""
"202100045249";"120Â 841";"B01";"3";"1";"0";"2";"0";"16";"5";""
"202100045250";"120Â 838";"B01";"1";"7";"0";"2";"3";"2";"1";""
"202100045250";"120Â 839";"A01";"2";"50";"0";"2";"1";"19";"3";""
"202100045251";"120Â 836";"B01";"1";"7";"0";"2";"5";"23";"1";""
"202100045251";"120Â 837";"A01";"1";"2";"0";"2";"1";"2";"1";""
"202100045252";"120Â 834";"A01";"2";"7";"0";"2";"3";"15";"1";""
"202100045252";"120Â 835";"B01";"2";"2";"0";"2";"6";"1";"1";""
"202100045253";"120Â 832";"B01";"2";"7";"0";"2";"3";"1";"1";""
"202100045253";"120Â 833";"A01";"2";"33";"0";"2";"1";"1";"1";""
"202100045254";"120Â 831";"A01";"2";"30";"0";"1";"2";"1";"1";""
"202100045255";"120Â 829";"B01";"3";"10";"0";"1";"1";"26";"1";""
"202100045255";"120Â 830";"A01";"3";"7";"0";"1";"6";"26";"1";""
"202100045256";"120Â 827";"A01";"2";"10";"0";"2";"8";"1";"1";""
"202100045256";"120Â 828";"B01";"1";"7";"0";"2";"1";"1";"1";""
"202100045257";"120Â 825";"A01";"3";"30";"0";"2";"1";"26";"1";""
"202100045257";"120Â 826";"B01";"1";"7";"0";"2";"3";"19";"1";""
"202100045258";"120Â 823";"A01";"0";"7";"0";"2";"1";"19";"1";""
"202100045258";"120Â 824";"B01";"0";"7";"0";"2";"1";"1";"1";""
"202100045259";"120Â 822";"A01";"2";"7";"1";"0";"1";"14";"1";""
"202100045260";"120Â 820";"B01";"2";"7";"0";"2";"7";"17";"1";""
"202100045260";"120Â 821";"A01";"2";"7";"0";"2";"3";"15";"1";""
"202100045261";"120Â 818";"A01";"1";"1";"0";"2";"8";"1";"5";""
"202100045261";"120Â 819";"B01";"1";"7";"0";"2";"2";"16";"0";""
"202100045262";"120Â 816";"B01";"3";"10";"0";"2";"2";"1";"3";""
"202100045262";"120Â 817";"A01";"3";"10";"0";"2";"3";"1";"0";""
"202100045263";"120Â 814";"B01";"2";"34";"0";"2";"1";"1";"1";""
"202100045263";"120Â 815";"A01";"1";"7";"0";"2";"2";"15";"0";""
"202100045264";"120Â 812";"A01";"2";"30";"0";"2";"1";"1";"3";""
"202100045264";"120Â 813";"B01";"3";"1";"0";"2";"8";"10";"5";""
"202100045265";"120Â 810";"B01";"3";"43";"0";"2";"8";"9";"1";""
"202100045265";"120Â 811";"A01";"3";"30";"0";"2";"1";"1";"1";""
"202100045266";"120Â 807";"C01";"2";"1";"0";"2";"1";"5";"5";""
"202100045266";"120Â 808";"B01";"2";"1";"0";"2";"1";"5";"5";""
"202100045266";"120Â 809";"A01";"1";"33";"0";"2";"1";"13";"1";""
"202100045267";"120Â 806";"A01";"3";"7";"13";"0";"4";"1";"1";""
"202100045268";"120Â 804";"B01";"2";"7";"0";"2";"4";"19";"1";""
"202100045268";"120Â 805";"A01";"2";"33";"0";"2";"1";"1";"1";""
"202100045269";"120Â 802";"B01";"2";"7";"0";"2";"3";"1";"2";""
"202100045269";"120Â 803";"A01";"3";"10";"0";"2";"2";"1";"1";""
"202100045270";"120Â 801";"A01";"1";"33";"15";"0";"3";"1";"1";""
"202100045271";"120Â 799";"B01";"2";"7";"0";"0";"3";"1";"1";""
"202100045271";"120Â 800";"A01";"1";"7";"0";"2";"3";"1";"1";""
"202100045272";"120Â 797";"A01";"2";"30";"0";"2";"1";"17";"1";""
"202100045272";"120Â 798";"B01";"2";"3";"0";"2";"2";"1";"1";""
"202100045273";"120Â 795";"A01";"2";"7";"0";"2";"6";"15";"1";""
"202100045273";"120Â 796";"B01";"2";"33";"0";"2";"1";"17";"1";""
"202100045274";"120Â 794";"A01";"1";"7";"6";"0";"3";"16";"1";""
"202100045275";"120Â 792";"B01";"2";"1";"0";"2";"3";"15";"5";""
"202100045275";"120Â 793";"A01";"2";"7";"0";"9";"2";"2";"1";""
"202100045276";"120Â 790";"B01";"2";"7";"0";"2";"1";"2";"1";""
"202100045276";"120Â 791";"A01";"2";"7";"0";"2";"5";"1";"1";""
"202100045277";"120Â 789";"A01";"1";"7";"13";"0";"1";"1";"1";""
"202100045278";"120Â 787";"A01";"3";"7";"0";"2";"3";"1";"1";""
"202100045278";"120Â 788";"B01";"3";"1";"0";"2";"1";"1";"6";""
"202100045279";"120Â 785";"B01";"2";"7";"0";"0";"4";"15";"1";""
"202100045279";"120Â 786";"A01";"2";"7";"0";"2";"1";"2";"1";""
"202100045280";"120Â 783";"A01";"1";"7";"0";"2";"4";"17";"1";""
"202100045280";"120Â 784";"B01";"1";"1";"0";"2";"1";"1";"5";""
"202100045281";"120Â 782";"A01";"1";"2";"2";"0";"1";"1";"1";""
"202100045282";"120Â 781";"A01";"2";"7";"2";"0";"1";"1";"1";""
"202100045283";"120Â 780";"A01";"1";"33";"0";"1";"2";"1";"1";""
"202100045284";"120Â 778";"B01";"1";"33";"0";"2";"1";"1";"1";""
"202100045284";"120Â 779";"A01";"3";"7";"0";"2";"3";"15";"1";""
"202100045285";"120Â 777";"A01";"1";"7";"0";"1";"1";"1";"1";""
"202100045286";"120Â 774";"C01";"1";"10";"0";"2";"1";"1";"1";""
"202100045286";"120Â 775";"A01";"1";"7";"0";"0";"4";"23";"1";""
"202100045286";"120Â 776";"B01";"1";"7";"0";"2";"4";"1";"1";""
"202100045287";"120Â 772";"B01";"1";"7";"0";"2";"8";"15";"1";""
"202100045287";"120Â 773";"A01";"1";"33";"0";"2";"1";"17";"1";""
"202100045288";"120Â 769";"C01";"2";"7";"0";"9";"1";"1";"1";""
"202100045288";"120Â 770";"B01";"1";"7";"0";"2";"6";"2";"1";""
"202100045288";"120Â 771";"A01";"1";"2";"0";"2";"1";"2";"1";""
"202100045289";"120Â 767";"B01";"1";"2";"0";"2";"7";"15";"3";""
"202100045289";"120Â 768";"A01";"2";"7";"0";"2";"2";"1";"1";""
"202100045290";"120Â 765";"B01";"2";"33";"0";"2";"1";"1";"1";""
"202100045290";"120Â 766";"A01";"1";"7";"0";"2";"2";"15";"1";""
"202100045291";"120Â 764";"A01";"1";"21";"0";"0";"0";"1";"1";""
"202100045292";"120Â 762";"A01";"1";"7";"0";"2";"1";"19";"1";""
"202100045292";"120Â 763";"B01";"2";"7";"0";"2";"3";"1";"1";""
"202100045293";"120Â 760";"B01";"1";"7";"0";"0";"8";"1";"1";""
"202100045293";"120Â 761";"A01";"2";"10";"8";"0";"1";"19";"1";""
"202100045294";"120Â 759";"A01";"2";"7";"2";"0";"1";"1";"1";""
"202100045295";"120Â 757";"B01";"3";"36";"0";"2";"1";"1";"1";""
"202100045295";"120Â 758";"A01";"3";"35";"0";"2";"1";"1";"1";""
"202100045296";"120Â 756";"A01";"1";"7";"0";"0";"0";"21";"1";""
"202100045297";"120Â 754";"A01";"2";"7";"0";"2";"3";"21";"1";""
"202100045297";"120Â 755";"B01";"1";"7";"0";"2";"2";"21";"1";""
"202100045298";"120Â 753";"A01";"1";"32";"12";"0";"1";"1";"1";""
"202100045299";"120Â 751";"B01";"2";"33";"0";"2";"1";"1";"1";""
"202100045299";"120Â 752";"A01";"2";"35";"0";"0";"4";"2";"1";""
"202100045300";"120Â 750";"A01";"1";"1";"0";"0";"0";"1";"5";""
"202100045301";"120Â 749";"A01";"2";"33";"13";"0";"1";"1";"1";""
"202100045302";"120Â 748";"A01";"1";"31";"6";"0";"2";"2";"1";""
"202100045303";"120Â 747";"A01";"1";"7";"2";"0";"1";"13";"1";""
"202100045304";"120Â 746";"A01";"1";"7";"16";"0";"0";"1";"1";""
"202100045305";"120Â 745";"A01";"2";"7";"0";"1";"1";"1";"1";""
"202100045306";"120Â 744";"A01";"1";"7";"13";"0";"9";"1";"1";""
"202100045307";"120Â 742";"B01";"1";"7";"0";"2";"3";"1";"1";""
"202100045307";"120Â 743";"A01";"2";"7";"0";"2";"3";"17";"1";""
"202100045308";"120Â 741";"A01";"2";"31";"0";"0";"0";"1";"1";""
"202100045309";"120Â 740";"A01";"2";"33";"0";"0";"0";"16";"1";""
"202100045310";"120Â 739";"A01";"3";"2";"0";"1";"1";"1";"1";""
"202100045311";"120Â 736";"A01";"3";"7";"0";"2";"3";"21";"1";""
"202100045311";"120Â 737";"C01";"3";"1";"0";"2";"4";"13";"5";""
"202100045311";"120Â 738";"B01";"3";"1";"0";"2";"1";"13";"5";""
"202100045312";"120Â 735";"A01";"3";"14";"0";"0";"8";"1";"1";""
"202100045313";"120Â 734";"A01";"2";"33";"13";"0";"2";"0";"1";""
"202100045314";"120Â 733";"A01";"1";"7";"0";"0";"2";"1";"1";""
"202100045315";"120Â 732";"A01";"3";"7";"0";"1";"2";"1";"1";""
"202100045316";"120Â 730";"A01";"3";"7";"0";"2";"3";"15";"1";""
"202100045316";"120Â 731";"B01";"0";"31";"0";"2";"1";"17";"1";""
"202100045317";"120Â 729";"A01";"1";"7";"0";"1";"3";"1";"1";""
"202100045318";"120Â 727";"A01";"1";"7";"1";"0";"8";"1";"1";""
"202100045318";"120Â 728";"B01";"1";"7";"0";"0";"5";"23";"1";""
"202100045319";"120Â 725";"A01";"1";"50";"0";"2";"3";"5";"3";""
"202100045319";"120Â 726";"B01";"2";"7";"0";"2";"8";"1";"1";""
"202100045320";"120Â 723";"A01";"0";"7";"0";"2";"1";"15";"1";""
"202100045320";"120Â 724";"B01";"0";"33";"0";"2";"7";"1";"1";""
"202100045321";"120Â 722";"A01";"3";"7";"0";"1";"2";"1";"1";""
"202100045322";"120Â 721";"A01";"2";"33";"0";"0";"0";"1";"1";""
"202100045323";"120Â 718";"C01";"1";"1";"0";"0";"0";"13";"5";""
"202100045323";"120Â 719";"B01";"1";"33";"0";"2";"1";"1";"1";""
"202100045323";"120Â 720";"A01";"1";"7";"0";"0";"4";"1";"1";""
"202100045324";"120Â 715";"A01";"3";"7";"0";"2";"0";"1";"1";""
"202100045324";"120Â 716";"C01";"0";"7";"0";"0";"4";"1";"1";""
"202100045324";"120Â 717";"B01";"3";"7";"0";"2";"4";"1";"1";""
"202100045325";"120Â 714";"A01";"1";"36";"0";"0";"2";"15";"1";""
"202100045326";"120Â 713";"A01";"1";"33";"0";"0";"8";"1";"1";""
"202100045327";"120Â 712";"A01";"1";"7";"8";"0";"0";"1";"1";""
"202100045328";"120Â 711";"A01";"1";"7";"13";"0";"1";"1";"1";""
"202100045329";"120Â 710";"A01";"2";"7";"4";"0";"1";"1";"1";""
"202100045330";"120Â 709";"A01";"1";"7";"7";"0";"1";"1";"1";""
"202100045331";"120Â 708";"A01";"2";"7";"4";"0";"3";"21";"1";""
"202100045332";"120Â 707";"A01";"1";"7";"4";"0";"9";"1";"1";""
"202100045333";"120Â 706";"A01";"2";"7";"3";"0";"1";"14";"1";""
"202100045334";"120Â 705";"A01";"1";"7";"0";"0";"9";"0";"1";""
"202100045335";"120Â 703";"A01";"1";"15";"0";"2";"2";"12";"1";""
"202100045335";"120Â 704";"B01";"1";"7";"0";"2";"6";"1";"1";""
"202100045336";"120Â 702";"A01";"2";"33";"14";"0";"9";"12";"1";""
"202100045337";"120Â 700";"B01";"2";"7";"0";"2";"4";"2";"1";""
"202100045337";"120Â 701";"A01";"2";"10";"0";"2";"1";"2";"1";""
"202100045338";"120Â 698";"A01";"2";"7";"0";"2";"1";"1";"1";""
"202100045338";"120Â 699";"B01";"2";"7";"0";"1";"4";"1";"1";""
"202100045339";"120Â 697";"A01";"2";"7";"0";"0";"1";"1";"1";""
"202100045340";"120Â 696";"A01";"3";"37";"0";"1";"2";"1";"1";"1"
"202100045341";"120Â 693";"C01";"1";"7";"0";"0";"0";"0";"1";""
"202100045341";"120Â 694";"B01";"1";"7";"0";"2";"4";"0";"1";""
"202100045341";"120Â 695";"A01";"1";"7";"0";"2";"1";"2";"1";""
"202100045342";"120Â 691";"A01";"2";"7";"0";"2";"3";"5";"1";""
"202100045342";"120Â 692";"B01";"1";"7";"0";"2";"3";"1";"1";""
"202100045343";"120Â 689";"A01";"1";"43";"0";"2";"1";"1";"1";""
"202100045343";"120Â 690";"B01";"2";"7";"0";"2";"3";"15";"1";""
"202100045344";"120Â 687";"A01";"1";"7";"1";"0";"3";"13";"1";""
"202100045344";"120Â 688";"B01";"1";"7";"1";"1";"5";"0";"1";""
"202100045345";"120Â 685";"A01";"1";"7";"0";"2";"3";"15";"1";""
"202100045345";"120Â 686";"B01";"2";"31";"0";"2";"1";"1";"1";""
"202100045346";"120Â 683";"B01";"1";"7";"0";"2";"1";"21";"1";""
"202100045346";"120Â 684";"A01";"1";"7";"0";"2";"3";"9";"1";""
"202100045347";"120Â 682";"A01";"2";"40";"0";"1";"2";"1";"3";""
"202100045348";"120Â 680";"B01";"1";"50";"0";"2";"7";"1";"3";""
"202100045348";"120Â 681";"Z01";"2";"7";"0";"2";"1";"1";"1";""
"202100045349";"120Â 679";"A01";"2";"7";"0";"1";"2";"1";"1";""
"202100045350";"120Â 678";"A01";"2";"30";"14";"0";"1";"13";"1";""
"202100045351";"120Â 676";"A01";"1";"7";"0";"2";"1";"2";"0";""
"202100045351";"120Â 677";"B01";"1";"7";"0";"2";"3";"16";"0";""
"202100045352";"120Â 675";"A01";"1";"10";"0";"1";"2";"16";"0";""
"202100045353";"120Â 673";"B01";"0";"7";"0";"2";"3";"9";"2";""
"202100045353";"120Â 674";"A01";"0";"33";"0";"0";"8";"1";"0";""
"202100045354";"120Â 672";"A01";"1";"7";"0";"1";"4";"26";"1";""
"202100045355";"120Â 669";"C01";"1";"10";"4";"2";"7";"1";"1";""
"202100045355";"120Â 670";"B01";"1";"17";"0";"2";"7";"1";"1";""
"202100045355";"120Â 671";"A01";"1";"7";"3";"2";"7";"9";"2";""
"202100045356";"120Â 668";"A01";" -1";"7";"0";"0";"9";"13";"1";""
"202100045357";"120Â 667";"A01";"1";"7";"0";"1";"1";"1";"1";""
"202100045358";"120Â 665";"A01";"2";"7";"0";"2";"1";"15";"1";""
"202100045358";"120Â 666";"B01";"1";"7";"0";"2";"1";"1";"1";""
"202100045359";"120Â 664";"A01";"2";"7";"0";"1";"2";"1";"1";""
"202100045360";"120Â 662";"A01";"2";"34";"0";"2";"1";"26";"1";""
"202100045360";"120Â 663";"B01";"2";"80";"0";"2";"3";"19";"3";""
"202100045361";"120Â 657";"A01";"0";"7";"0";"2";"1";"1";"1";""
"202100045361";"120Â 658";"D01";"0";"7";"0";"2";"4";"1";"1";""
"202100045361";"120Â 659";"C01";"0";"7";"0";"2";"4";"1";"1";""
"202100045361";"120Â 660";"B01";"0";"7";"0";"2";"4";"1";"1";""
"202100045362";"120Â 652";"D01";"0";"7";"0";"2";"4";"1";"1";""
"202100045362";"120Â 653";"E01";"0";"7";"0";"2";"4";"1";"1";""
"202100045362";"120Â 654";"A01";"0";"10";"0";"2";"1";"1";"1";""
"202100045362";"120Â 655";"B01";"0";"7";"0";"2";"4";"1";"1";""
"202100045362";"120Â 656";"C01";"0";"7";"0";"2";"4";"1";"1";""
"202100045363";"120Â 648";"B01";"2";"1";"0";"2";"8";"1";"5";""
"202100045363";"120Â 649";"A01";"3";"7";"0";"2";"1";"1";"1";""
"202100045364";"120Â 647";"A01";"1";"33";"1";"0";"1";"26";"1";""
"202100045365";"120Â 641";"B01";"1";"30";"0";"2";"1";"1";"1";""
"202100045365";"120Â 642";"A01";"1";" -1";"0";"2";"8";"15";"0";""
"202100045366";"120Â 639";"A01";"3";"7";"1";"0";"4";"15";"1";""
"202100045366";"120Â 640";"B01";"3";"33";"0";"2";"4";"26";"1";""
"202100045367";"120Â 637";"A01";"1";"1";"0";" -1";"1";"19";"5";""
"202100045367";"120Â 638";"B01";"1";"40";"0";"1";"1";"1";"3";""
"202100045368";"120Â 635";"B01";"1";"7";"0";"2";"7";"1";"1";""
"202100045368";"120Â 636";"A01";"3";"1";"0";"2";"1";"19";"5";""
"202100045369";"120Â 634";"A01";"1";"7";"0";"1";"2";"9";"1";""
"202100045370";"120Â 632";"B01";"1";"33";"0";"2";"1";"1";"1";""
"202100045370";"120Â 633";"A01";"2";"7";"0";"2";"5";"15";"1";""
"202100045371";"120Â 630";"A01";"1";"43";"0";"2";"1";"2";"1";""
"202100045371";"120Â 631";"B01";"1";"7";"0";"2";"4";"2";"1";""
"202100045372";"120Â 628";"B01";"3";"7";"0";"2";"3";"1";"1";""
"202100045372";"120Â 629";"A01";"3";"1";"0";"2";"3";"1";"5";""
"202100045373";"120Â 627";"A01";"2";"33";"12";"0";"8";"21";"1";""
"202100045374";"120Â 625";"B01";"1";"7";"0";"2";"4";"23";"1";""
"202100045374";"120Â 626";"A01";"1";"37";"0";"2";"1";"26";"1";"1"
"202100045375";"120Â 624";"A01";"2";"7";"0";"1";"1";"26";"1";""
"202100045376";"120Â 623";"A01";"3";"7";"0";"1";"3";"1";"1";""
"202100045377";"120Â 621";"A01";"1";"7";"0";"2";"1";"13";"1";""
"202100045377";"120Â 622";"B01";"2";"7";"0";"2";"1";"1";"1";""
"202100045378";"120Â 620";"A01";"2";"7";"12";"1";"1";"1";"1";""
"202100045379";"120Â 618";"A01";"0";"7";"0";"2";"1";"17";"1";""
"202100045379";"120Â 619";"B01";"0";"1";"0";"2";"8";"15";"5";""
"202100045380";"120Â 616";"A01";"2";"7";"0";"2";"1";"18";"1";""
"202100045380";"120Â 617";"B01";"2";"7";"0";"2";"4";"1";"1";""
"202100045381";"120Â 614";"A01";"1";"7";"0";"2";"3";"1";"1";""
"202100045381";"120Â 615";"B01";"2";"7";"0";"2";"3";"16";"1";""
"202100045382";"120Â 612";"B01";"1";"7";"0";"0";"7";"2";"1";""
"202100045382";"120Â 613";"A01";"1";"1";"0";"2";"7";"15";"5";""
"202100045383";"120Â 610";"A01";"0";"7";"0";"2";"7";"19";"1";""