"Num_Acc";"id_vehicule";"num_veh";"senc";"catv";"obs";"obsm";"choc";"manv";"motor";"occutc"
"202100045383";"120Â 611";"B01";"0";"7";"0";"2";"1";"1";"1";""
"202100045384";"120Â 608";"B01";"0";"7";"1";"2";"5";"1";"1";""
"202100045384";"120Â 609";"A01";"0";"2";"0";"2";"1";"2";"1";""
"202100045385";"120Â 607";"A01";"3";"7";"0";"1";"1";"1";"1";""
"202100045386";"120Â 605";"B01";"3";"50";"0";"2";"0";"1";"3";""
"202100045386";"120Â 606";"A01";"3";"7";"0";"2";"0";"0";"1";""
"202100045387";"120Â 604";"A01";"3";"1";"0";"2";"0";"1";"5";""
"202100045388";"120Â 602";"C01";"1";"2";"0";"2";"7";"14";"3";""
"202100045388";"120Â 603";"A01";"1";"30";"1";"2";"1";"18";"1";""
"202100045389";"120Â 600";"B01";"3";"7";"1";"2";"3";"16";"1";""
"202100045389";"120Â 601";"A01";"1";"7";"0";"2";"2";"1";"1";""
"202100045390";"120Â 599";"A01";"1";"7";"0";"1";"2";"1";"1";""
"202100045391";"120Â 597";"A01";"1";"7";"0";"2";"2";"15";"1";""
"202100045391";"120Â 598";"B01";"2";"33";"0";"2";"7";"1";"1";""
"202100045392";"120Â 596";"A01";"3";"30";"0";"1";"0";"1";" -1";""
"202100045393";"120Â 593";"A01";"1";"50";"0";"2";"1";"5";"3";""
"202100045393";"120Â 594";"B01";"2";"7";"0";"9";"3";"1";"1";""
"202100045394";"120Â 590";"A01";"3";"50";"0";"0";"0";"1";"3";""
"202100045395";"120Â 589";"A01";"1";"33";"0";"0";"8";"1";"1";""
"202100045396";"120Â 587";"A01";"2";"2";"0";"2";"7";"12";"1";""
"202100045396";"120Â 588";"B01";"2";"7";"0";"2";"3";"21";"1";""
"202100045397";"120Â 586";"A01";"2";"7";"1";"0";"2";"1";"1";""
"202100045398";"120Â 584";"A01";"1";"50";"0";"2";"1";"19";"3";""
"202100045398";"120Â 585";"B01";"1";"7";"0";"2";"3";"1";"1";""
"202100045399";"120Â 582";"B01";"2";"33";"0";"2";"6";"15";"1";""
"202100045399";"120Â 583";"A01";"2";"1";"0";"2";"2";"15";"0";""
"202100045400";"120Â 580";"B01";"1";"1";"0";"4";"1";"19";"5";""
"202100045400";"120Â 581";"A01";"1";"40";"0";"2";"1";"1";"3";""
"202100045401";"120Â 578";"A01";"2";"7";"0";"2";"2";"15";"1";""
"202100045401";"120Â 579";"B01";"2";"7";"0";"2";"5";"1";"1";""
"202100045402";"120Â 577";"A01";"1";"7";"0";"1";"2";"1";"3";""
"202100045403";"120Â 575";"A01";"3";"7";"0";"2";"1";"1";"1";""
"202100045403";"120Â 576";"B01";"3";"7";"0";"2";"7";"1";"1";""
"202100045404";"120Â 571";"D01";"2";"7";"0";"2";"4";"2";"1";""
"202100045404";"120Â 572";"C01";"2";"7";"0";"2";"4";"2";"1";""
"202100045404";"120Â 573";"B01";"2";"7";"0";"2";"4";"2";"1";""
"202100045404";"120Â 574";"A01";"2";"7";"0";"2";"1";"2";"1";""
"202100045405";"120Â 569";"B01";"1";"21";"0";"2";"4";"1";"1";""
"202100045405";"120Â 570";"A01";"1";"7";"0";"2";"1";"17";"1";""
"202100045406";"120Â 567";"A01";"2";"30";"0";"2";"5";"15";"1";""
"202100045406";"120Â 568";"B01";"1";"33";"0";"2";"1";"1";"1";""
"202100045407";"120Â 565";"A01";"1";"7";"0";"2";"8";"1";"1";""
"202100045407";"120Â 566";"B01";"1";"50";"0";"2";"7";"17";"3";""
"202100045408";"120Â 564";"A01";"0";"30";"12";"0";"0";"1";"1";""
"202100045409";"120Â 562";"B01";"2";"7";"0";"2";"6";"2";"1";""
"202100045409";"120Â 563";"A01";"1";"30";"0";"2";"1";"5";"1";""
"202100045410";"120Â 560";"B01";"2";"43";"0";"2";"8";"15";"1";""
"202100045410";"120Â 561";"A01";"1";"7";"0";"2";"3";"1";"1";""
"202100045411";"120Â 558";"Z01";"1";"7";"0";"2";"1";"2";"1";""
"202100045411";"120Â 559";"B01";"2";"50";"0";"2";"1";"19";"3";""
"202100045412";"120Â 557";"A01";"3";"10";"0";"1";"7";"1";"1";""
"202100045413";"120Â 555";"B01";"1";"7";"0";"0";"6";"0";"1";""
"202100045413";"120Â 556";"A01";"1";"10";"0";"2";"1";"1";"1";""
"202100045414";"120Â 554";"A01";"1";"7";"0";"1";"2";"17";"1";""
"202100045415";"120Â 553";"A01";"1";"2";"0";"1";"1";"1";"1";""
"202100045416";"120Â 551";"A01";"3";"7";"0";"2";"2";"9";"1";""
"202100045416";"120Â 552";"B01";"3";"33";"0";"2";"1";"1";"1";""
"202100045417";"120Â 550";"A01";"1";"10";"0";"1";"1";"15";"1";""
"202100045418";"120Â 547";"C01";"1";"7";"0";"2";"6";"23";"1";""
"202100045418";"120Â 548";"B01";"1";"7";"0";"2";"2";"23";"1";""
"202100045418";"120Â 549";"A01";"1";"32";"0";"2";"3";"3";"1";""
"202100045419";"120Â 545";"A01";"1";"7";"0";"2";"2";"12";"1";""
"202100045419";"120Â 546";"B01";"1";"31";"0";"2";"3";"2";"1";""
"202100045420";"120Â 543";"B01";"3";"10";"0";"2";"1";"1";"1";""
"202100045420";"120Â 544";"A01";"3";"7";"0";"2";"2";"1";"1";""
"202100045421";"120Â 541";"Z01";"3";"7";"0";"2";"0";"1";"1";""
"202100045421";"120Â 542";"B01";"3";"33";"0";"2";"6";"1";"1";""
"202100045422";"120Â 540";"A01";"2";"10";"0";"2";"3";"1";"1";""
"202100045423";"120Â 538";"B01";"2";"30";"0";"2";"7";"17";"1";""
"202100045423";"120Â 539";"A01";"2";"10";"0";"2";"3";"15";"1";""
"202100045424";"120Â 535";"C01";"1";"7";"0";"2";"8";"23";"1";""
"202100045424";"120Â 536";"A01";"2";"31";"0";"2";"3";"15";"1";""
"202100045424";"120Â 537";"B01";"1";"43";"0";"2";"3";"23";"1";""
"202100045425";"120Â 533";"A01";"1";"43";"0";"2";"2";"1";"1";""
"202100045425";"120Â 534";"Z01";"3";"2";"0";"2";"0";"9";"0";""
"202100045426";"120Â 532";"A01";"1";"33";"0";"1";"1";"21";"1";""
"202100045427";"120Â 530";"B01";"3";"2";"0";"2";"3";"1";"1";""
"202100045427";"120Â 531";"A01";"3";"7";"0";"2";"2";"15";"1";""
"202100045428";"120Â 529";"A01";"2";"1";"0";"1";"4";"25";"5";""
"202100045429";"120Â 527";"B01";"2";"50";"0";"2";"8";"19";"3";""
"202100045429";"120Â 528";"A01";"1";"31";"0";"2";"2";"1";"1";""
"202100045430";"120Â 526";"A01";"1";"50";"0";"1";"7";"1";"3";""
"202100045431";"120Â 525";"A01";"2";"34";"0";"0";"1";"1";"1";""
"202100045432";"120Â 524";"Z01";"1";"30";"0";"1";"0";"1";"0";""
"202100045433";"120Â 523";"A01";"2";"33";"0";"1";"3";"1";"1";""
"202100045434";"120Â 522";"A01";"3";"1";"0";"0";"0";"21";"5";""
"202100045435";"120Â 520";"B01";"3";"7";"0";"2";"1";"1";"1";""
"202100045435";"120Â 521";"A01";"3";"7";"0";"2";"2";"1";"1";""
"202100045436";"120Â 518";"B01";"2";"7";"0";"0";"6";"1";"0";""
"202100045436";"120Â 519";"A01";"1";"33";"0";"2";"3";"15";"0";""
"202100045437";"120Â 516";"B01";"1";"7";"0";"2";"7";"23";"1";""
"202100045437";"120Â 517";"A01";"1";"50";"0";"2";"1";"18";"3";""
"202100045438";"120Â 515";"A01";"1";"7";"12";"2";"2";"1";"1";""
"202100045439";"120Â 514";"A01";"1";"7";"0";"1";"2";"1";"1";""
"202100045440";"120Â 512";"B01";"2";"60";"0";"2";"1";"1";"5";""
"202100045440";"120Â 513";"A01";"2";"10";"0";"2";"2";"16";"1";""
"202100045441";"120Â 510";"B01";"2";"7";"0";"2";"3";"1";"1";""
"202100045441";"120Â 511";"A01";"0";"7";"0";"2";"1";"1";"1";""
"202100045442";"120Â 509";"A01";"2";"3";"0";"1";"3";"1";"1";""
"202100045443";"120Â 508";"A01";"3";"7";"1";"0";"1";"21";"1";""
"202100045444";"120Â 506";"A01";" -1";"32";"0";"2";"2";"1";"1";""
"202100045444";"120Â 507";"B01";" -1";"7";"0";"2";"5";"15";"1";""
"202100045445";"120Â 504";"A01";"1";"7";"0";"9";"1";"1";"1";""
"202100045445";"120Â 505";"B01";" -1";"50";"0";"2";"7";"19";"3";""
"202100045446";"120Â 503";"A01";"2";"7";"0";"1";"0";"1";"1";""
"202100045447";"120Â 501";"B01";"1";"1";"0";"2";"1";"2";"5";""
"202100045447";"120Â 502";"A01";"1";"7";"0";"9";"3";"2";"1";""
"202100045448";"120Â 499";"A01";"1";"7";"0";"2";"3";"1";"2";""
"202100045448";"120Â 500";"B01";"1";"1";"0";"2";"7";"0";"5";""
"202100045449";"120Â 497";"A01";"1";"7";"0";"2";"1";"19";"1";""
"202100045449";"120Â 498";"B01";"1";"32";"0";"2";"8";"1";"1";""
"202100045450";"120Â 495";"A01";"1";"7";"12";"0";"5";"1";"1";""
"202100045450";"120Â 496";"B01";"1";"7";"0";"2";"3";"1";"2";""
"202100045451";"120Â 494";"A01";"1";"7";"12";"0";"3";"14";"1";""
"202100045452";"120Â 492";"B01";"3";"34";"0";"2";"1";"1";"1";""
"202100045452";"120Â 493";"A01";"3";"7";"0";"2";"7";"10";"1";""
"202100045453";"120Â 489";"A01";"2";"33";"0";"2";"9";"17";"1";""
"202100045453";"120Â 490";"B01";"1";"7";"0";"2";"8";"1";"1";""
"202100045453";"120Â 491";"C01";"1";"10";"0";"2";"3";"1";"1";""
"202100045454";"120Â 487";"A01";"2";"7";"0";"2";"1";"1";"1";""
"202100045454";"120Â 488";"B01";"1";"32";"0";"2";"8";"1";"1";""
"202100045455";"120Â 485";"A01";"2";"80";"0";"2";"1";"2";"3";""
"202100045455";"120Â 486";"B01";"2";"7";"0";"2";"4";"23";"1";""
"202100045456";"120Â 483";"A01";"1";"1";"0";"2";"1";"25";"5";""
"202100045456";"120Â 484";"B01";"2";"7";"0";"2";"7";"1";"1";""
"202100045457";"120Â 482";"A01";"1";"34";"0";"1";"1";"1";"1";""
"202100045458";"120Â 480";"B01";"1";"7";"0";"2";"4";"1";"3";""
"202100045458";"120Â 481";"A01";"1";"33";"0";"2";"1";"2";"1";""
"202100045459";"120Â 478";"B01";"1";"34";"0";"2";"3";"15";"1";""
"202100045459";"120Â 479";"A01";"1";"30";"0";"2";"1";"2";"1";""
"202100045460";"120Â 477";"Z01";"1";"34";"0";"1";"0";"19";"1";""
"202100045461";"120Â 475";"B01";"2";"1";"0";"2";"1";"1";"5";""
"202100045461";"120Â 476";"A01";"1";"7";"0";"2";"1";"16";"1";""
"202100045462";"120Â 473";"A01";"1";"10";"0";"2";"3";"15";"1";""
"202100045462";"120Â 474";"B01";"1";"31";"0";"2";"2";"1";"1";""
"202100045463";"120Â 471";"A01";"2";"1";"0";"2";"1";"13";"5";""
"202100045463";"120Â 472";"B01";"1";"7";"0";"2";"3";"1";"1";""
"202100045464";"120Â 469";"B01";"1";"21";"0";"2";"6";"1";"1";""
"202100045464";"120Â 470";"A01";"2";"30";"0";"2";"3";"13";"1";""
"202100045465";"120Â 467";"B01";"1";"7";"0";"2";"3";"1";"1";""
"202100045465";"120Â 468";"A01";"2";"31";"0";"2";"1";"13";"1";""
"202100045466";"120Â 466";"A01";"2";"7";"3";"0";"1";"0";"1";""
"202100045467";"120Â 464";"B01";"2";"2";"0";"2";"3";"1";"1";""
"202100045467";"120Â 465";"A01";"1";"7";"0";"2";"3";"1";"1";""
"202100045468";"120Â 463";"A01";"0";"7";"2";"0";"1";"1";"1";""
"202100045469";"120Â 461";"A01";"1";"7";"0";"2";"1";"2";"1";""
"202100045469";"120Â 462";"B01";"1";"33";"3";"0";"4";"2";"1";""
"202100045470";"120Â 459";"B01";"2";"7";"0";"2";"1";"1";"1";""
"202100045470";"120Â 460";"A01";"1";"7";"0";"2";"1";"17";"1";""
"202100045471";"120Â 458";"A01";"1";"7";"16";"0";"1";"0";"1";""
"202100045472";"120Â 456";"B01";"1";"33";"0";"2";"1";"1";"1";""
"202100045472";"120Â 457";"A01";"2";"7";"0";"2";"7";"15";"3";""
"202100045473";"120Â 454";"A01";"2";"31";"0";"2";"8";"9";"1";""
"202100045473";"120Â 455";"B01";"2";"7";"0";"2";"7";"1";"1";""
"202100045474";"120Â 452";"B01";"2";"2";"0";"2";"1";"13";"1";""
"202100045474";"120Â 453";"A01";"1";"7";"0";"2";"1";"1";"1";""
"202100045475";"120Â 450";"B01";"1";"33";"0";"0";"7";"1";"1";""
"202100045475";"120Â 451";"A01";"1";"7";"0";"2";"1";"9";"1";""
"202100045476";"120Â 449";"A01";"2";"7";"0";"1";"3";"1";"1";""
"202100045477";"120Â 447";"B01";"2";"2";"0";"2";"7";"2";"1";""
"202100045477";"120Â 448";"A01";"2";"7";"0";"2";"6";"2";"1";""
"202100045478";"120Â 445";"B01";"3";"7";"0";"2";"3";"1";"1";""
"202100045478";"120Â 446";"A01";"3";"7";"0";"2";"2";"19";"1";""
"202100045479";"120Â 444";"A01";"2";"7";"15";"0";"1";"1";"1";""
"202100045480";"120Â 442";"B01";"2";"7";"0";"2";"5";"15";"1";""
"202100045480";"120Â 443";"A01";"2";"31";"0";"2";"1";"1";"1";""
"202100045481";"120Â 440";"A01";"1";"7";"0";"2";"1";"1";"1";""
"202100045481";"120Â 441";"B01";"1";"7";"0";"2";"7";"1";"1";""
"202100045482";"120Â 439";"A01";"1";"7";"15";"0";"3";"1";"1";""
"202100045483";"120Â 438";"A01";"2";"7";"13";"0";"1";"1";"1";""
"202100045484";"120Â 437";"A01";"3";"7";"0";"1";"2";"1";"1";""
"202100045485";"120Â 434";"B01";"1";"7";"0";"2";"3";"1";"1";""
"202100045485";"120Â 435";"A01";"2";"33";"0";"2";"1";"15";"1";""
"202100045486";"120Â 433";"A01";"1";"7";"1";"1";"1";"17";"1";""
"202100045487";"120Â 432";"A01";"3";"7";"13";"0";"1";"1";"1";""
"202100045488";"120Â 429";"A01";"1";"33";"13";"0";"1";"26";"1";""
"202100045489";"120Â 427";"B01";"1";"7";"0";"2";"3";"1";"1";""
"202100045489";"120Â 428";"A01";"2";"10";"0";"0";"0";"1";"1";""
"202100045490";"120Â 424";"A01";"1";"33";"0";"2";"8";"1";"1";""
"202100045490";"120Â 425";"B01";"2";"7";"0";"2";"3";"1";"1";""
"202100045490";"120Â 426";"C01";"1";"33";"16";"0";" -1";"1";"1";""
"202100045491";"120Â 422";"B01";"2";"33";"0";"2";"8";"17";"1";""
"202100045491";"120Â 423";"A01";"1";"7";"0";"2";"2";"16";"1";""
"202100045492";"120Â 420";"B01";"2";"7";"0";"0";"2";"14";"1";""
"202100045492";"120Â 421";"A01";"1";"7";"0";"2";"8";"20";"1";""
"202100045493";"120Â 419";"A01";"3";"10";"2";"0";"1";"1";"1";""
"202100045494";"120Â 418";"A01";"1";"7";"17";"0";"1";"1";"1";""
"202100045495";"120Â 417";"A01";"2";"7";"13";"0";"0";"1";"1";""
"202100045496";"120Â 415";"B01";"1";"7";"2";"2";"8";"1";"1";""
"202100045496";"120Â 416";"A01";"1";"7";"0";"2";"1";"1";"1";""
"202100045497";"120Â 412";"A01";"1";"7";"0";"2";"1";"5";"1";""
"202100045497";"120Â 413";"B01";"2";"7";"4";"2";"1";"1";"1";""
"202100045498";"120Â 411";"A01";"0";"7";"2";"0";"0";"0";"0";""
"202100045499";"120Â 409";"B01";"1";"10";"0";"2";"2";"22";"1";""
"202100045499";"120Â 410";"A01";"2";"2";"0";"2";"6";"18";"1";""
"202100045500";"120Â 408";"A01";"2";"7";"0";"1";"3";"21";"1";""
"202100045501";"120Â 407";"A01";"1";"7";"2";"0";"9";"17";"1";""
"202100045502";"120Â 405";"B01";"1";"1";"0";"2";"1";"1";"5";""
"202100045502";"120Â 406";"A01";"1";"7";"0";"2";"1";"15";"1";""
"202100045503";"120Â 403";"A01";"1";"7";"0";"2";"1";"2";"1";""
"202100045503";"120Â 404";"B01";"1";"7";"0";"0";"4";"2";"1";""
"202100045504";"120Â 401";"B01";"2";"7";"0";"2";"3";"1";"1";""
"202100045504";"120Â 402";"A01";"1";"7";"0";"2";"3";"1";"1";""
"202100045505";"120Â 400";"A01";"2";"7";"2";"0";"3";"13";"1";""
"202100045506";"120Â 399";"A01";"1";"2";"0";"0";"8";"1";"1";""
"202100045507";"120Â 397";"B01";"1";"31";"0";"9";"9";"2";"0";""
"202100045507";"120Â 398";"A01";"1";"31";"0";"9";"9";"2";"0";""
"202100045508";"120Â 396";"A01";"2";"7";"0";"1";"3";"1";"1";""
"202100045509";"120Â 394";"A01";"1";"7";"0";"2";"3";"13";"1";""
"202100045509";"120Â 395";"B01";"2";"7";"0";"2";"3";"1";"1";""
"202100045510";"120Â 393";"A01";"1";"2";"0";"0";"8";"20";"1";""
"202100045511";"120Â 392";"A01";"1";"33";"0";"6";"1";"1";"1";""
"202100045512";"120Â 390";"B01";"2";"7";"8";"2";"8";"1";"1";""
"202100045512";"120Â 391";"A01";"1";"7";"0";"2";"1";"1";"1";""
"202100045513";"120Â 389";"A01";"3";"7";"0";"1";"5";"1";"1";""
"202100045514";"120Â 387";"B01";"3";"33";"0";"2";"1";"0";"1";""
"202100045514";"120Â 388";"A01";"3";"7";"0";"2";"3";"13";"1";""
"202100045515";"120Â 386";"A01";"3";"7";"6";"0";"1";"0";"1";""
"202100045516";"120Â 384";"A01";"1";"7";"0";"2";"8";"2";"2";""
"202100045516";"120Â 385";"B01";"1";"7";"0";"2";"2";"12";"1";""
"202100045517";"120Â 382";"A01";"1";"7";"0";"2";"4";"2";"1";""
"202100045517";"120Â 383";"B01";"1";"7";"0";"2";"1";"2";"1";""
"202100045518";"120Â 380";"B01";"1";"7";"0";"2";"6";"1";"2";""
"202100045518";"120Â 381";"A01";"1";"7";"0";"2";"2";"0";"1";""
"202100045519";"120Â 378";"A01";"2";"33";"0";"2";"1";"2";"1";""
"202100045519";"120Â 379";"B01";"2";"7";"0";"2";"4";"23";"1";""
"202100045520";"120Â 376";"A01";"2";"7";"0";"2";"2";"1";"1";""
"202100045520";"120Â 377";"B01";"2";"7";"0";"2";"8";"1";"1";""
"202100045521";"120Â 374";"B01";"1";"0";"0";"2";"0";"12";" -1";""
"202100045521";"120Â 375";"A01";"1";"7";"0";"2";"4";"1";"1";""
"202100045522";"120Â 372";"B01";"1";"7";"0";"2";"6";"1";"1";""
"202100045522";"120Â 373";"A01";"1";"7";"0";"2";"3";"16";"1";""
"202100045523";"120Â 368";"D01";"2";"7";"0";"2";"4";"2";"1";""
"202100045523";"120Â 369";"C01";"2";"7";"0";"2";"4";"2";"0";""
"202100045523";"120Â 370";"B01";"2";"10";"0";"2";"4";"2";"1";""
"202100045523";"120Â 371";"A01";"2";"7";"0";"2";"1";"2";"1";""
"202100045524";"120Â 366";"A01";"1";"31";"0";"2";"0";"26";"1";""
"202100045524";"120Â 367";"B01";"1";"10";"0";"2";"0";"26";"1";""
"202100045525";"120Â 365";"A01";"2";"7";"0";"1";"3";"0";"1";""
"202100045526";"120Â 363";"B01";"1";"34";"0";"2";"5";"1";"1";""
"202100045526";"120Â 364";"A01";"1";"7";"0";"2";"3";"11";"2";""
"202100045527";"120Â 362";"A01";"2";"32";"6";"0";"7";"1";"1";""
"202100045528";"120Â 361";"A01";"3";"7";"0";"1";"1";"1";"0";""
"202100045529";"120Â 360";"A01";"1";"37";"0";"1";"2";"1";"1";"1"
"202100045530";"120Â 359";"A01";"1";"7";"1";"2";"2";"14";"1";""
"202100045531";"120Â 357";"A01";"1";"30";"0";"2";"2";"2";"1";""
"202100045531";"120Â 358";"B01";"1";"7";"0";"2";"4";"2";"1";""
"202100045532";"120Â 355";"A01";"1";"31";"0";"2";"2";"2";"1";""
"202100045532";"120Â 356";"B01";"1";"7";"0";"2";"6";"1";"1";""
"202100045533";"120Â 353";"A01";"0";"7";"0";"2";"7";"1";"1";""
"202100045533";"120Â 354";"B01";"2";"1";"0";"0";"0";"0";"1";""
"202100045534";"120Â 351";"A01";"0";"7";"0";"2";"7";"19";"1";""
"202100045534";"120Â 352";"B01";"1";"2";"0";"2";"1";"1";"1";""
"202100045535";"120Â 349";"A01";"1";"1";"0";"2";"1";"1";"5";""
"202100045535";"120Â 350";"B01";"1";"7";"0";"2";"4";"1";"1";""
"202100045536";"120Â 347";"A01";"1";"7";"0";"2";"2";"15";"1";""
"202100045536";"120Â 348";"B01";"1";"7";"0";"2";"1";"1";"1";""
"202100045537";"120Â 345";"B01";"1";"7";"0";"2";"8";"15";"1";""
"202100045537";"120Â 346";"A01";"2";"50";"0";"2";"1";"1";"3";""
"202100045538";"120Â 343";"B01";"2";"1";"0";"2";"1";"1";"5";""
"202100045538";"120Â 344";"A01";"2";"7";"0";"2";"2";"1";"1";""
"202100045539";"120Â 340";"A01";"1";"7";"0";"2";"1";"26";"1";""
"202100045539";"120Â 341";"B01";"1";"7";"0";"2";"4";"2";"1";""
"202100045539";"120Â 342";"C01";"1";"7";"0";"2";"4";"26";"1";""
"202100045540";"120Â 338";"A01";"1";"7";"0";"2";"1";"2";"1";""
"202100045540";"120Â 339";"B01";"1";"7";"0";"0";"0";"0";"1";""
"202100045541";"120Â 337";"A01";"3";"7";"0";"1";"2";"9";"1";""
"202100045542";"120Â 335";"A01";"2";"7";"0";"2";"3";"19";"1";""
"202100045542";"120Â 336";"B01";"2";"7";"0";"2";"1";"1";"1";""
"202100045543";"120Â 333";"B01";"1";"31";"0";"2";"1";"2";"1";""
"202100045543";"120Â 334";"A01";"1";"7";"0";"2";"8";"19";"1";""
"202100045544";"120Â 332";"A01";"1";"33";"11";"0";"1";"3";"1";""
"202100045545";"120Â 329";"A01";"1";"7";"0";"2";"4";"1";"1";""
"202100045545";"120Â 330";"B01";"1";"7";"0";"2";"4";"1";"1";""
"202100045545";"120Â 331";"C01";"1";"7";"0";"2";"4";"1";"1";""
"202100045546";"120Â 327";"A01";"3";"7";"9";"2";"3";"13";"1";""
"202100045546";"120Â 328";"B01";"3";"7";"0";"2";"8";"0";"1";""
"202100045547";"120Â 326";"A01";"1";"7";"0";"1";"2";"17";"1";""
"202100045548";"120Â 323";"B01";"1";"7";"12";"2";"7";"26";"1";""
"202100045548";"120Â 324";"C01";"1";"7";"0";"2";"1";"26";"1";""
"202100045548";"120Â 325";"A01";"2";"37";"0";"2";"1";"26";"1";"1"
"202100045549";"120Â 321";"A01";"2";"32";"0";"2";"8";"3";"1";""
"202100045549";"120Â 322";"Z01";"2";"7";"0";"2";"8";"22";"0";""
"202100045550";"120Â 319";"B01";"1";"7";"0";"2";"3";"15";"1";""
"202100045550";"120Â 320";"A01";"1";"7";"0";"2";"7";"17";"1";""
"202100045551";"120Â 317";"B01";"1";"50";"0";"2";"7";"1";"3";""
"202100045551";"120Â 318";"A01";"1";"7";"0";"2";"1";"1";"1";""
"202100045552";"120Â 315";"A01";"1";"33";"0";"2";"8";"2";"1";""
"202100045552";"120Â 316";"B01";"1";"7";"0";"0";"5";"1";"1";""
"202100045553";"120Â 314";"A01";"1";"10";"0";"1";"2";"1";"1";""
"202100045554";"120Â 312";"B01";"2";"7";"0";"2";"6";"15";"1";""
"202100045554";"120Â 313";"A01";"2";"2";"0";"2";"2";"15";"3";""
"202100045555";"120Â 310";"A01";"0";"7";"0";"2";"7";"24";"1";""
"202100045555";"120Â 311";"B01";"0";"50";"1";"0";"0";"1";"3";""
"202100045556";"120Â 309";"A01";"2";"33";"0";"0";"7";"9";"1";""
"202100045557";"120Â 308";"A01";"3";"1";"0";"1";"1";"1";"5";""
"202100045558";"120Â 306";"A01";"1";"30";"1";"0";"0";"1";"1";""
"202100045558";"120Â 307";"B01";"1";"7";"1";"0";"0";"1";"1";""
"202100045559";"120Â 295";"A01";"2";"33";"0";"2";"1";"17";"1";""
"202100045559";"120Â 296";"B01";"1";"7";"0";"2";"3";"15";"1";""
"202100045560";"120Â 293";"A01";"0";"7";"0";"2";"7";"15";"1";""
"202100045560";"120Â 294";"B01";"0";"32";"0";"2";"3";"1";"1";""
"202100045561";"120Â 292";"A01";"2";"10";"0";"1";"0";"26";"1";""
"202100045562";"120Â 291";"A01";"1";"3";"6";"0";"3";"1";"1";""
"202100045563";"120Â 289";"A01";"1";"7";"0";"2";"1";"9";"1";""
"202100045563";"120Â 290";"B01";"1";"1";"0";"2";"7";"1";"5";""
"202100045564";"120Â 287";"B01";"1";"1";"1";"0";"1";"1";"5";""
"202100045564";"120Â 288";"A01";"1";"7";"0";"2";"8";"22";"1";""
"202100045565";"120Â 285";"B01";"1";"7";"0";"2";"3";"1";"1";""
"202100045565";"120Â 286";"A01";"3";"7";"0";"2";"3";"20";"1";""
"202100045566";"120Â 283";"A01";"2";"1";"0";"2";"1";"16";"5";""
"202100045566";"120Â 284";"B01";"2";"7";"0";"2";"3";"1";"1";""
"202100045567";"120Â 281";"B01";"1";"2";"0";"2";"1";"1";"1";""
"202100045567";"120Â 282";"A01";"2";"7";"0";"2";"2";"15";"1";""
"202100045568";"120Â 278";"A01";"1";"31";"0";"2";"1";"17";"3";""
"202100045568";"120Â 279";"B01";"1";"7";"0";"2";"3";"13";"1";""
"202100045569";"120Â 277";"A01";"1";"7";"0";"1";"2";"17";"1";""
"202100045570";"120Â 276";"A01";"3";"31";"12";"0";"2";"14";"1";""
"202100045571";"120Â 273";"A01";"2";"7";"0";"2";"7";"15";"1";""
"202100045571";"120Â 274";"C01";"3";"7";"8";"0";"8";"23";"1";""
"202100045571";"120Â 275";"B01";"1";"7";"0";"2";"1";"1";"1";""
"202100045572";"120Â 272";"A01";"1";"7";"0";"1";"1";"1";"1";""
"202100045573";"120Â 271";"A01";"1";"10";"0";"1";"4";"20";"1";""
"202100045574";"120Â 269";"A01";"1";"7";"0";"2";"1";"19";"1";""
"202100045574";"120Â 270";"B01";"1";"33";"0";"2";"8";"1";"1";""
"202100045575";"120Â 267";"A01";"1";"7";"0";"2";"2";"15";"1";""
"202100045575";"120Â 268";"B01";"2";"32";"0";"2";"1";"5";"1";""
"202100045576";"120Â 265";"A01";"1";"60";"0";"2";"0";"2";"5";""
"202100045576";"120Â 266";"Z01";"0";"7";"0";"0";"0";"0";"0";""
"202100045577";"120Â 264";"A01";"3";"7";"12";"0";"8";"26";"1";""
"202100045578";"120Â 262";"B01";"2";"34";"0";"2";"1";"1";"0";""
"202100045578";"120Â 263";"A01";"1";"7";"0";"2";"5";"15";"0";""
"202100045579";"120Â 260";"A01";"1";"7";"0";"2";"1";"16";"1";""
"202100045579";"120Â 261";"B01";"1";"1";"0";"2";"1";"19";"5";""
"202100045580";"120Â 257";"C01";"1";"7";"0";"9";"0";"1";"1";""
"202100045580";"120Â 258";"B01";"1";"31";"0";"2";"1";"1";"1";""
"202100045580";"120Â 259";"A01";"1";"7";"0";"2";"1";"17";"1";""
"202100045581";"120Â 255";"A01";"1";"7";"0";"9";"2";"1";"1";""
"202100045581";"120Â 256";"B01";"1";"33";"0";"2";"1";"0";"1";""
"202100045582";"120Â 253";"B01";"1";"43";"0";"2";"1";"1";"1";""
"202100045582";"120Â 254";"A01";"1";"7";"0";"9";"8";"15";"1";""
"202100045583";"120Â 250";"C01";"1";"7";"0";"2";"4";"1";"1";""
"202100045583";"120Â 251";"B01";"1";"7";"0";"2";"4";"1";"1";""
"202100045583";"120Â 252";"A01";"1";"7";"0";"2";"1";"1";"1";""
"202100045584";"120Â 248";"B01";"1";"10";"0";"2";"2";"1";"1";""
"202100045584";"120Â 249";"A01";"1";"7";"0";"2";"8";"22";"1";""
"202100045585";"120Â 247";"A01";"3";"7";"0";"0";"2";"14";"1";""
"202100045586";"120Â 246";"A01";"2";"33";"0";"1";"1";"1";"1";""