"Num_Acc";"id_vehicule";"num_veh";"senc";"catv";"obs";"obsm";"choc";"manv";"motor";"occutc"
"202100045587";"120Â 244";"A01";"3";"7";"0";"2";"1";"1";"1";""
"202100045587";"120Â 245";"B01";"3";"1";"0";"2";"1";"1";"5";""
"202100045588";"120Â 243";"A01";"3";"7";"0";"1";"3";"1";"1";""
"202100045589";"120Â 239";"A01";"1";"33";"0";"2";"1";"17";"1";""
"202100045589";"120Â 240";"B01";"1";"7";"0";"2";"6";"15";"1";""
"202100045590";"120Â 237";"A01";"1";"33";"0";"2";"1";"1";"1";""
"202100045590";"120Â 238";"B01";"1";"7";"0";"2";"4";"1";"1";""
"202100045591";"120Â 236";"A01";"1";"31";"12";"0";"1";"14";"1";""
"202100045592";"120Â 234";"B01";"1";"60";"0";"2";"1";"1";"5";""
"202100045592";"120Â 235";"A01";"3";"7";"0";"2";"8";"22";"1";""
"202100045593";"120Â 232";"A01";"1";"50";"0";"2";"1";"25";"3";""
"202100045593";"120Â 233";"B01";"1";"7";"0";"2";"2";"9";"1";""
"202100045594";"120Â 230";"A01";"3";"30";"0";"2";"1";"13";"1";""
"202100045594";"120Â 231";"B01";"3";"7";"0";"2";"2";"1";"1";""
"202100045595";"120Â 228";"B01";"2";"1";"0";"2";"1";"1";"5";""
"202100045595";"120Â 229";"A01";"2";"7";"0";"2";"7";"16";"1";""
"202100045596";"120Â 226";"B01";"1";"33";"0";"2";"3";"1";"1";""
"202100045596";"120Â 227";"A01";"2";"7";"0";"2";"3";"15";"1";""
"202100045597";"120Â 224";"A01";"1";"7";"0";"2";"2";"17";"1";""
"202100045597";"120Â 225";"B01";"1";"1";"0";"2";"8";"1";"5";""
"202100045598";"120Â 223";"A01";"1";"7";"0";"1";"2";"15";"1";""
"202100045599";"120Â 222";"A01";"1";"7";"9";"0";"1";"1";"1";""
"202100045600";"120Â 220";"A01";"2";"10";"0";"2";"8";"10";"1";""
"202100045600";"120Â 221";"B01";"1";"32";"0";"2";"1";"1";"1";""
"202100045601";"120Â 219";"A01";"2";"30";"0";"0";"1";"1";"1";""
"202100045602";"120Â 218";"A01";"3";"99";"0";"0";"0";"26";"3";""
"202100045603";"120Â 217";"A01";"3";"7";"0";"1";"4";"20";"1";""
"202100045604";"120Â 215";"B01";"2";"31";"0";"2";"1";"1";"1";""
"202100045604";"120Â 216";"A01";"1";"7";"0";"2";"6";"15";"1";""
"202100045605";"120Â 213";"A01";"1";"31";"0";"2";"1";"13";"1";""
"202100045605";"120Â 214";"B01";"2";"7";"0";"2";"3";"1";"1";""
"202100045606";"120Â 212";"A01";"0";"30";"0";"1";"1";"1";"1";""
"202100045607";"120Â 210";"B01";"2";"2";"0";"2";"1";"1";"1";""
"202100045607";"120Â 211";"A01";"1";"7";"0";"2";"0";"13";"1";""
"202100045608";"120Â 208";"A01";"3";"7";"0";"9";"7";"15";"1";""
"202100045608";"120Â 209";"B01";"3";"50";"0";"2";"1";"0";"3";""
"202100045609";"120Â 207";"A01";"0";"7";"0";"1";"3";"16";"1";""
"202100045610";"120Â 205";"A01";"2";"7";"0";"2";"2";"12";"1";""
"202100045610";"120Â 206";"B01";"2";"2";"0";"2";"3";"1";"1";""
"202100045611";"120Â 203";"A01";"3";"7";"0";"2";"3";"1";"1";""
"202100045611";"120Â 204";"B01";"3";"7";"0";"2";"3";"1";"1";""
"202100045612";"120Â 202";"A01";"1";"30";"0";"1";"1";"14";"1";""
"202100045613";"120Â 201";"A01";"1";"7";"14";"1";"4";"26";"1";""
"202100045614";"120Â 199";"B01";"1";"1";"0";"2";"8";"16";"5";""
"202100045614";"120Â 200";"A01";"3";"15";"0";"2";"5";"16";"1";""
"202100045615";"120Â 198";"A01";"1";"7";"0";"1";"2";"1";"1";""
"202100045616";"120Â 196";"B01";"2";"7";"0";"2";"8";"1";"1";""
"202100045616";"120Â 197";"A01";"0";"7";"0";"2";"1";"15";"1";""
"202100045617";"120Â 194";"A01";"1";"30";"0";"2";"1";"1";"1";""
"202100045617";"120Â 195";"B01";"1";"10";"0";"2";"7";"12";"1";""
"202100045618";"120Â 192";"A01";"3";"2";"0";"2";"1";"1";"1";""
"202100045618";"120Â 193";"B01";"3";"7";"0";"2";"4";"1";"1";""
"202100045619";"120Â 190";"B01";"1";"33";"1";"2";"1";"1";"1";""
"202100045619";"120Â 191";"A01";"1";"7";"0";"2";"3";"15";"1";""
"202100045620";"120Â 189";"A01";"2";"10";"0";"1";"1";"1";"2";""
"202100045621";"120Â 187";"A01";"1";"30";"0";"2";"1";"15";"1";""
"202100045621";"120Â 188";"B01";"1";"30";"0";"2";"3";"1";"1";""
"202100045622";"120Â 186";"A01";"1";"7";"1";"0";"3";"13";"1";""
"202100045623";"120Â 185";"A01";"1";"10";"0";"1";"7";"16";"1";""
"202100045624";"120Â 183";"A01";"1";"7";"0";"2";"3";"9";"1";""
"202100045624";"120Â 184";"B01";"1";"33";"0";"2";"2";"1";"1";""
"202100045625";"120Â 181";"A01";"1";"10";"0";"2";"8";"10";"1";""
"202100045625";"120Â 182";"B01";"2";"43";"0";"2";"1";"1";"1";""
"202100045626";"120Â 179";"A01";"1";"7";"0";"2";"2";"2";"3";""
"202100045626";"120Â 180";"B01";"1";"7";"0";"2";"6";"23";"1";""
"202100045627";"120Â 177";"A01";"3";"7";"0";"2";"2";"15";"1";""
"202100045627";"120Â 178";"B01";"3";"32";"0";"2";"1";"1";"1";""
"202100045628";"120Â 176";"A01";"2";"37";"0";"0";"0";"21";"2";"2"
"202100045629";"120Â 175";"A01";"1";"1";"12";"0";"1";"1";"5";""
"202100045630";"120Â 174";"A01";"1";"80";"0";"1";"1";"1";"3";""
"202100045631";"120Â 172";"B01";"1";"7";"0";"2";"8";"7";"2";""
"202100045631";"120Â 173";"A01";"2";"1";"0";"2";"8";"13";"5";""
"202100045632";"120Â 170";"A01";"1";"32";"0";"2";"7";"15";"1";""
"202100045632";"120Â 171";"B01";"1";"10";"0";"2";"8";"15";"1";""
"202100045633";"120Â 168";"A01";"3";"30";"0";"2";"0";"11";"1";""
"202100045633";"120Â 169";"B01";"3";"7";"0";"2";"2";"17";"1";""
"202100045634";"120Â 167";"A01";"2";"1";"0";"1";"2";"5";"5";""
"202100045635";"120Â 165";"B01";"1";"50";"0";"2";"1";"1";"3";""
"202100045635";"120Â 166";"A01";"1";"10";"0";"2";"2";"16";"1";""
"202100045636";"120Â 164";"A01";"2";"1";"0";"0";"1";"16";"5";""
"202100045637";"120Â 162";"A01";"1";"7";"0";"2";"2";"17";"1";""
"202100045637";"120Â 163";"B01";"1";"1";"0";"2";"0";"13";"5";""
"202100045638";"120Â 160";"B01";"2";"1";"0";"2";"8";"23";"5";""
"202100045638";"120Â 161";"A01";"1";"7";"0";"2";"7";"1";"1";""
"202100045639";"120Â 158";"A01";"1";"33";"0";"2";"2";"1";"1";""
"202100045639";"120Â 159";"B01";"1";"10";"0";"2";"1";"1";"1";""
"202100045640";"120Â 156";"A01";"1";"1";"0";"2";"0";"2";"5";""
"202100045640";"120Â 157";"B01";"1";"1";"0";"2";"4";"2";"5";""
"202100045641";"120Â 154";"B01";"3";"33";"0";"2";"8";"1";"1";""
"202100045641";"120Â 155";"A01";"3";"7";"0";"2";"2";"14";"1";""
"202100045642";"120Â 152";"A01";"3";"7";"0";"2";"3";"15";"1";""
"202100045642";"120Â 153";"B01";"3";"32";"0";"2";"2";"13";"1";""
"202100045643";"120Â 150";"B01";"1";"7";"0";"2";"5";"1";"2";""
"202100045643";"120Â 151";"A01";"1";"32";"0";"2";"1";"2";"1";""
"202100045644";"120Â 149";"A01";"1";"2";"0";"1";"3";"1";"0";""
"202100045645";"120Â 147";"B01";"2";"10";"0";"2";"2";"1";"1";""
"202100045645";"120Â 148";"A01";"1";"60";"0";"2";"3";"26";"5";""
"202100045646";"120Â 145";"A01";"1";"34";"0";"2";"3";"18";"1";""
"202100045646";"120Â 146";"B01";"1";"7";"0";"2";"2";"16";"1";""
"202100045647";"120Â 143";"A01";"2";"7";"0";"2";"1";"5";"1";""
"202100045647";"120Â 144";"B01";"2";"7";"0";"0";"8";"1";"1";""
"202100045648";"120Â 141";"B01";"2";"7";"0";"2";"5";"1";"1";""
"202100045648";"120Â 142";"A01";"2";"7";"0";"2";"3";"15";"1";""
"202100045649";"120Â 140";"A01";"1";"7";"1";"0";"3";"1";"1";""
"202100045650";"120Â 138";"B01";"2";"7";"0";"2";"4";"23";"1";""
"202100045650";"120Â 139";"A01";"2";"7";"1";"2";"1";"2";"2";""
"202100045651";"120Â 137";"A01";"2";"33";"1";"0";"1";"0";"1";""
"202100045652";"120Â 136";"Z01";"0";"2";"9";"2";"0";"25";"0";""
"202100045653";"120Â 135";"A01";"1";"7";"0";"1";"3";"16";"1";""
"202100045654";"120Â 133";"B01";"1";"7";"0";"2";"7";"0";"1";""
"202100045654";"120Â 134";"A01";"1";"30";"0";"2";"7";"19";"3";""
"202100045655";"120Â 132";"A01";"3";"43";"0";"1";"1";"1";"1";""
"202100045656";"120Â 130";"A01";"2";"7";"0";"2";"3";"0";"1";""
"202100045656";"120Â 131";"B01";"1";"7";"0";"2";"3";"0";"1";""
"202100045657";"120Â 128";"B01";"2";"50";"1";"0";"1";"18";"3";""
"202100045657";"120Â 129";"A01";"2";"10";"0";"2";"2";"23";"1";""
"202100045658";"120Â 126";"A01";"3";"99";"0";"2";"1";"0";"0";""
"202100045658";"120Â 127";"B01";"3";"7";"0";"0";"3";"20";"1";""
"202100045659";"120Â 125";"A01";"3";"7";"0";"1";"1";"25";"1";""
"202100045660";"120Â 123";"A01";"2";"7";"0";"2";"0";"26";"1";""
"202100045660";"120Â 124";"EB01";"2";"7";"0";"2";"0";"0";"1";""
"202100045661";"120Â 121";"A01";"1";"7";"0";"2";"2";"16";"1";""
"202100045661";"120Â 122";"B01";"1";"1";"0";"2";"1";"1";"5";""
"202100045662";"120Â 119";"B01";"0";"7";"0";"2";"4";"16";"1";""
"202100045662";"120Â 120";"A01";"0";"37";"0";"2";"2";"16";"2";"4"
"202100045663";"120Â 118";"A01";"0";"60";"0";"9";"0";"1";"5";""
"202100045664";"120Â 117";"A01";"0";"50";"0";"0";"0";"0";"3";""
"202100045665";"120Â 115";"B01";"1";"1";"0";"2";"1";"5";"5";""
"202100045665";"120Â 116";"A01";"1";"7";"0";"2";"3";"1";"1";""
"202100045666";"120Â 113";"B01";"1";"7";"0";"2";"2";"15";"1";""
"202100045666";"120Â 114";"A01";"2";"30";"0";"2";"3";"1";"1";""
"202100045667";"120Â 109";"B01";"1";"7";"12";"2";"0";"1";"1";""
"202100045667";"120Â 110";"C01";"1";"7";"6";"2";"0";"1";"1";""
"202100045667";"120Â 111";"D01";"1";"10";"0";"2";"1";"1";"1";""
"202100045667";"120Â 112";"Z01";"2";"30";"0";"0";"0";"5";"1";""
"202100045668";"120Â 106";"B01";"1";"10";"0";"0";"8";"1";"1";""
"202100045668";"120Â 107";"A01";"1";"33";"8";"2";"0";"17";"0";""
"202100045668";"120Â 108";"C01";"2";"1";"0";"0";"0";"1";"6";""
"202100045669";"120Â 105";"A01";"3";"7";"0";"1";"1";"1";"1";""
"202100045670";"120Â 104";"A01";"1";"33";"5";"0";"1";"1";"1";""
"202100045671";"120Â 103";"A01";"1";"1";"0";"0";"0";"13";"5";""
"202100045672";"120Â 099";"C01";"1";"7";"0";"2";"8";"1";"1";""
"202100045672";"120Â 100";"B01";"2";"15";"0";"2";"3";"1";"1";""
"202100045672";"120Â 101";"A01";"1";"7";"0";"2";"1";"13";"1";""
"202100045673";"120Â 098";"A01";"2";"33";"12";"0";"1";"17";"1";""
"202100045674";"120Â 096";"B01";"3";"80";"0";"2";"2";"1";"3";""
"202100045674";"120Â 097";"A01";"3";"80";"0";"2";"6";"13";"3";""
"202100045675";"120Â 095";"A01";"3";"7";"13";"0";"1";"1";"0";""
"202100045676";"120Â 093";"B01";"1";"7";"0";"2";"4";"15";"1";""
"202100045676";"120Â 094";"A01";"1";"7";"0";"2";"1";"17";"1";""
"202100045677";"120Â 092";"A01";"3";"2";"0";"0";"0";"1";"1";""
"202100045678";"120Â 090";"A01";"0";"3";"0";"0";"2";"15";"1";""
"202100045678";"120Â 091";"B01";"0";"7";"0";"2";"2";"1";"1";""
"202100045679";"120Â 089";"A01";"1";"33";"13";"0";"1";"1";"1";""
"202100045680";"120Â 088";"A01";"2";"21";"0";"0";"0";"1";"0";""
"202100045681";"120Â 087";"A01";"1";"33";"0";"6";"1";"1";"1";""
"202100045682";"120Â 085";"B01";"2";"7";"7";"2";"3";"1";"1";""
"202100045682";"120Â 086";"A01";"1";"7";"0";"2";"2";"11";"1";""
"202100045683";"120Â 084";"A01";"1";"33";"13";"0";"1";"0";"1";""
"202100045684";"120Â 080";"D01";"1";"7";"0";"2";"6";"21";"1";""
"202100045684";"120Â 081";"C01";"1";"15";"0";"2";"3";"1";"1";""
"202100045684";"120Â 082";"B01";"2";"7";"0";"2";"1";"1";"1";""
"202100045684";"120Â 083";"A01";"1";"7";"0";"2";"1";"17";"1";""
"202100045685";"120Â 079";"A01";"1";"34";"0";"0";"2";"1";"1";""
"202100045686";"120Â 076";"A01";"1";"33";"0";"2";"8";"11";"1";""
"202100045686";"120Â 077";"B01";"1";"33";"8";"0";"4";"1";"1";""
"202100045686";"120Â 078";"C01";"2";"7";"0";"2";"8";"1";"1";""
"202100045687";"120Â 075";"A01";"1";"1";"0";"1";"1";"2";"5";""
"202100045688";"120Â 072";"C01";"1";"7";"0";"2";"1";"1";"1";""
"202100045688";"120Â 073";"B01";"1";"7";"0";"2";"1";"1";"1";""
"202100045688";"120Â 074";"A01";"2";"7";"0";"2";"1";"13";"1";""
"202100045689";"120Â 071";"A01";"2";"7";"13";"6";"1";"21";"1";""
"202100045690";"120Â 070";"A01";"2";"7";"13";"0";"1";"1";"1";""
"202100045691";"120Â 069";"A01";"2";"7";"13";"0";"1";"0";"1";""
"202100045692";"120Â 068";"A01";"1";"7";"3";"0";"2";"1";"1";""
"202100045693";"120Â 066";"A01";"2";"7";"0";"0";"2";"15";"1";""
"202100045693";"120Â 067";"B01";"1";"1";"0";"2";"1";"25";"5";""
"202100045694";"120Â 065";"A01";"2";"7";"13";"0";"1";"26";"1";""
"202100045695";"120Â 063";"B01";"2";"7";"0";"9";"1";"2";"1";""
"202100045695";"120Â 064";"A01";"2";"1";"0";"0";"4";"2";"5";""
"202100045696";"120Â 061";"B01";"1";"33";"0";"2";"1";"17";"1";""
"202100045696";"120Â 062";"A01";"1";"7";"0";"2";"8";"15";"1";""
"202100045697";"120Â 059";"A01";"1";"43";"0";"2";"2";"21";"1";""
"202100045697";"120Â 060";"B01";"3";"7";"0";"2";"3";"16";"1";""
"202100045698";"120Â 057";"A01";"2";"7";"0";"2";"3";"17";"1";""
"202100045698";"120Â 058";"B01";"1";"33";"0";"2";"1";"26";"1";""
"202100045699";"120Â 055";"B01";"1";"1";"0";"2";"5";"1";"5";""
"202100045699";"120Â 056";"A01";"3";"7";"0";"2";"1";"9";"1";""
"202100045700";"120Â 053";"A01";"2";"14";"0";"2";"1";"1";"1";""
"202100045700";"120Â 054";"B01";"2";"7";"0";"2";"4";"15";"1";""
"202100045701";"120Â 052";"A01";"2";"7";"16";"0";"9";"1";"1";""
"202100045702";"120Â 051";"A01";"2";"7";"0";"1";"1";"15";"1";""
"202100045703";"120Â 050";"A01";"3";"36";"0";"0";"0";"1";"1";""
"202100045704";"120Â 049";"A01";"2";"7";"0";"1";"3";"15";"1";""
"202100045705";"120Â 047";"B01";"2";"7";"8";"2";"3";"15";"1";""
"202100045705";"120Â 048";"A01";"2";"33";"8";"2";"1";"17";"1";""
"202100045706";"120Â 045";"B01";"1";"30";"0";"2";"3";"2";"1";""
"202100045706";"120Â 046";"A01";"1";"10";"0";"2";"5";"2";"1";""
"202100045707";"120Â 044";"A01";"2";"7";"13";"0";"9";"1";"1";""
"202100045708";"120Â 042";"A01";"3";"7";"0";"2";"3";"1";"1";""
"202100045708";"120Â 043";"B01";"3";"33";"0";"2";"3";"13";"1";""
"202100045709";"120Â 040";"A01";"1";"10";"0";"9";"2";"1";"1";""
"202100045709";"120Â 041";"B01";"1";"1";"0";"0";"4";"1";"5";""
"202100045710";"120Â 039";"A01";"1";"32";"0";"0";"7";"1";"1";""
"202100045711";"120Â 038";"A01";"3";"3";"0";"1";"2";"20";"0";""
"202100045712";"120Â 036";"B01";"2";"33";"6";"2";"1";"2";"1";""
"202100045712";"120Â 037";"A01";"2";"7";"6";"2";"4";"2";"1";""
"202100045713";"120Â 035";"A01";"2";"7";"0";"0";"9";"1";"1";""
"202100045714";"120Â 033";"B01";"2";"31";"0";"2";"4";"2";"1";""
"202100045714";"120Â 034";"A01";"2";"7";"0";"2";"1";"2";"1";""
"202100045715";"120Â 032";"A01";"2";"7";"3";"0";"0";"2";"1";""
"202100045716";"120Â 028";"D01";"1";"7";"0";"2";"4";"2";"1";""
"202100045716";"120Â 029";"C01";"1";"7";"0";"2";"4";"2";"1";""
"202100045716";"120Â 030";"B01";"1";"7";"0";"2";"4";"2";"1";""
"202100045716";"120Â 031";"A01";"1";"7";"0";"2";"1";"1";"1";""
"202100045717";"120Â 027";"A01";"2";"7";"13";"2";"1";"1";"1";""
"202100045718";"120Â 026";"A01";"1";"32";"14";"0";"7";"1";"1";""
"202100045719";"120Â 024";"A01";"2";"7";"0";"2";"8";"9";"1";""
"202100045719";"120Â 025";"B01";"2";"17";"0";"2";"2";"1";"1";""
"202100045720";"120Â 023";"A01";"3";"7";"0";"1";"4";"26";"1";""
"202100045721";"120Â 022";"A01";"1";"7";"0";"1";"1";"9";"1";""
"202100045722";"120Â 021";"A01";"2";"33";"0";"1";"3";"1";"1";""
"202100045723";"120Â 020";"A01";"1";"7";"0";"1";"1";"1";"1";""
"202100045724";"120Â 018";"B01";"2";"7";"0";"2";"3";"1";"1";""
"202100045724";"120Â 019";"A01";"1";"7";"0";"2";"3";"15";"1";""
"202100045725";"120Â 017";"A01";"3";"33";"0";"0";"0";"1";"1";""
"202100045726";"120Â 015";"A01";"2";"7";"0";"2";"1";"2";"1";""
"202100045726";"120Â 016";"B01";"2";"7";"0";"2";"4";"23";"1";""
"202100045727";"120Â 014";"A01";"0";"7";"0";"1";"1";"15";"1";""
"202100045728";"120Â 013";"A01";"1";"7";"8";"0";"2";"0";"1";""
"202100045729";"120Â 011";"A01";"1";"7";"0";"9";"2";"15";"1";""
"202100045729";"120Â 012";"B01";"2";"1";"0";"2";"2";"15";"5";""
"202100045730";"120Â 009";"B01";"3";"37";"0";"2";"3";"1";"2";"7"
"202100045730";"120Â 010";"A01";"3";"7";"0";"9";"2";"19";"1";""
"202100045731";"120Â 008";"B01";"2";"34";"0";"0";"0";"1";"1";""
"202100045732";"120Â 007";"A01";"1";"30";"0";"0";"0";"16";"3";""
"202100045733";"120Â 006";"A01";"0";"30";"0";"1";"1";"26";"1";""
"202100045734";"120Â 003";"A01";"2";"10";"0";"2";"6";"19";"1";""
"202100045734";"120Â 004";"B01";"2";"2";"0";"2";"0";"19";"1";""
"202100045735";"120Â 001";"B01";"1";"80";"0";"2";"1";"9";"3";""
"202100045735";"120Â 002";"A01";"1";"7";"0";"2";"2";"1";"1";""
"202100045736";"120Â 000";"A01";"3";"34";"0";"1";"0";"26";"0";""
"202100045737";"119Â 999";"A01";"0";"1";"0";"1";"1";"1";"5";""
"202100045738";"119Â 997";"A01";"1";"7";"0";"2";"1";"1";"1";""
"202100045738";"119Â 998";"B01";"1";"7";"0";"2";"7";"1";"1";""
"202100045739";"119Â 995";"B01";"3";"7";"0";"2";"8";"15";"1";""
"202100045739";"119Â 996";"A01";"3";"31";"0";"2";"1";"17";"1";""
"202100045740";"119Â 993";"A01";"2";"10";"0";"2";"1";"1";"1";""
"202100045740";"119Â 994";"B01";"2";"7";"0";"2";"2";"1";"1";""
"202100045741";"119Â 991";"B01";"2";"10";"0";"2";"5";"1";"1";""
"202100045741";"119Â 992";"A01";"2";"7";"0";"2";"1";"1";"1";""
"202100045742";"119Â 989";"A01";"1";"7";"0";"2";"1";"1";"1";""
"202100045742";"119Â 990";"B01";"1";"1";"0";"2";"8";"19";"5";""
"202100045743";"119Â 987";"B01";"2";"1";"0";"2";"6";"19";"5";""
"202100045743";"119Â 988";"A01";"1";"7";"0";"2";"3";"1";"1";""
"202100045744";"119Â 984";"B01";"1";"7";"0";"2";"4";"12";"1";""
"202100045744";"119Â 985";"A01";"1";"7";"0";"2";"1";"2";"1";""
"202100045744";"119Â 986";"C01";"1";"7";"0";"2";"4";"1";"1";""
"202100045745";"119Â 982";"B01";"2";"7";"0";"2";"1";"1";"1";""
"202100045745";"119Â 983";"A01";"2";"10";"0";"2";"1";"15";"1";""
"202100045746";"119Â 981";"A01";"1";"7";"0";"1";"1";"2";"1";""
"202100045747";"119Â 979";"B01";"1";"7";"0";"2";"3";"15";"1";""
"202100045747";"119Â 980";"A01";"1";"30";"0";"2";"2";"17";"1";""
"202100045748";"119Â 977";"B01";"2";"7";"0";"2";"8";"1";"1";""
"202100045748";"119Â 978";"A01";"1";"30";"0";"2";"8";"21";"1";""
"202100045749";"119Â 975";"A01";"1";"7";"0";"2";"8";"11";"3";""
"202100045749";"119Â 976";"B01";"1";"33";"0";"2";"7";"1";"1";""
"202100045750";"119Â 973";"B01";"3";"7";"0";"2";"6";"2";"1";""
"202100045750";"119Â 974";"A01";"1";"32";"0";"2";"1";"1";"1";""
"202100045751";"119Â 971";"A01";"2";"7";"0";"2";"1";"19";"1";""
"202100045751";"119Â 972";"B01";"2";"31";"0";"2";"7";"1";"1";""
"202100045752";"119Â 969";"B01";"1";"7";"0";"2";"1";"1";"1";""
"202100045752";"119Â 970";"A01";"1";"2";"0";"2";"4";"17";"1";""
"202100045753";"119Â 967";"A01";"1";"7";"0";"2";"1";"13";"1";""
"202100045753";"119Â 968";"B01";"2";"7";"6";"2";"1";"10";"1";""
"202100045754";"119Â 965";"A01";"2";"7";"0";"2";"1";"1";"1";""
"202100045754";"119Â 966";"B01";"2";"7";"0";"2";"8";"1";"1";""
"202100045755";"119Â 964";"A01";"2";"7";"0";"0";"3";"26";"1";""
"202100045756";"119Â 963";"A01";"1";"1";"12";"0";"1";"14";"5";""
"202100045757";"119Â 960";"B01";"2";"7";"0";"2";"4";"1";"1";""
"202100045757";"119Â 961";"C01";"2";"7";"0";"2";"4";"1";"1";""
"202100045757";"119Â 962";"A01";"2";"7";"0";"2";"1";"2";"1";""
"202100045758";"119Â 958";"A01";"3";"17";"0";"9";"7";"1";"1";""
"202100045758";"119Â 959";"B01";"3";"1";"0";"2";"8";"1";"5";""
"202100045759";"119Â 957";"A01";"3";"1";"8";"0";"1";"1";"5";""
"202100045760";"119Â 955";"B01";"1";"33";"0";"2";"8";"15";"1";""
"202100045760";"119Â 956";"A01";"2";"7";"0";"2";"3";"13";"1";""
"202100045761";"119Â 954";"A01";"2";"30";"0";"0";"8";"15";"1";""
"202100045762";"119Â 952";"A01";"1";"7";"0";"2";"3";"1";"1";""
"202100045762";"119Â 953";"B01";"2";"7";"0";"2";"3";"1";"1";""
"202100045763";"119Â 950";"B01";"3";"7";"0";"2";"4";"1";"1";""
"202100045763";"119Â 951";"A01";"3";"33";"0";"2";"1";"1";"1";""
"202100045764";"119Â 948";"A01";"3";"17";"0";"2";"2";"2";"1";""
"202100045764";"119Â 949";"B01";"3";"7";"0";"2";"4";"9";"1";""
"202100045765";"119Â 947";"B01";"3";"34";"0";"1";"1";"1";"1";""
"202100045766";"119Â 946";"Z01";"1";"7";"0";"1";"2";"2";"0";""
"202100045767";"119Â 944";"B01";"1";"33";"0";"2";"7";"1";"1";""
"202100045767";"119Â 945";"A01";"1";"7";"0";"2";"8";"10";"1";""
"202100045768";"119Â 942";"A01";"2";"30";"0";"2";"1";"1";"1";""
"202100045768";"119Â 943";"B01";"2";"7";"0";"2";"4";"1";"1";""
"202100045769";"119Â 940";"B01";"0";"7";"0";"0";"3";"1";"1";""
"202100045769";"119Â 941";"A01";"0";"50";"0";"2";"1";"1";"3";""
"202100045770";"119Â 937";"A01";"1";"7";"0";"1";"2";"9";"1";""
"202100045771";"119Â 935";"B01";"2";"80";"0";"2";"8";"1";"3";""
"202100045771";"119Â 936";"A01";"1";"7";"0";"2";"3";"15";"1";""
"202100045772";"119Â 933";"A01";"1";"30";"0";"2";"1";"1";"1";""
"202100045772";"119Â 934";"B01";"1";"7";"0";"2";"1";"15";"1";""
"202100045773";"119Â 931";"A01";"1";"7";"0";"2";"1";"1";"1";""
"202100045773";"119Â 932";"B01";"1";"1";"0";"2";"1";"1";"5";""
"202100045774";"119Â 930";"A01";"0";"7";"13";"0";"9";"13";"1";""
"202100045775";"119Â 928";"A01";"1";"7";"0";"2";"1";"26";"1";""
"202100045775";"119Â 929";"B01";"1";"7";"0";"2";"1";"1";"1";""
"202100045776";"119Â 926";"A01";"0";"10";"0";"2";"1";"1";"1";""
"202100045776";"119Â 927";"B01";"0";"7";"0";"2";"4";"23";"1";""
"202100045777";"119Â 924";"B01";"0";"0";"0";"2";"1";"0";"0";""
"202100045777";"119Â 925";"A01";"0";"7";"0";"2";"4";"23";"1";""
"202100045778";"119Â 922";"B01";"3";"7";"0";"2";"4";"2";"1";""
"202100045778";"119Â 923";"A01";"3";"2";"0";"2";"1";"21";"1";""
"202100045779";"119Â 921";"A01";"0";"7";"0";"1";"3";"1";"1";""
"202100045780";"119Â 919";"A01";"2";"32";"0";"2";"2";"1";"1";""
"202100045780";"119Â 920";"B01";"2";"7";"0";"2";"1";"1";"1";""
"202100045781";"119Â 917";"A01";"1";"10";"0";"2";"0";"15";"1";""
"202100045781";"119Â 918";"B01";"0";"32";"0";"2";"0";"21";"1";""
"202100045782";"119Â 915";"A01";"1";"7";"0";"0";"0";"9";"1";""
"202100045782";"119Â 916";"B01";"1";"33";"0";"0";"0";"1";"1";""
"202100045783";"119Â 914";"A01";"3";"7";"0";"0";"0";"26";"1";""
"202100045784";"119Â 912";"B01";"2";"33";"0";"2";"8";"1";"1";""
"202100045784";"119Â 913";"A01";"2";"7";"0";"2";"2";"12";"1";""
"202100045785";"119Â 910";"A01";"1";"7";"0";"2";"2";"1";"1";""
"202100045785";"119Â 911";"B01";"1";"7";"0";"2";"6";"11";"1";""
"202100045786";"119Â 908";"A01";"3";"7";"0";"2";"1";"1";"1";""
"202100045786";"119Â 909";"B01";"3";"7";"0";"2";"7";"1";"2";""
"202100045787";"119Â 906";"A01";"1";"7";"0";"2";"3";"22";"1";""
"202100045787";"119Â 907";"B01";"1";"1";"0";"2";"1";"7";"5";""
"202100045788";"119Â 904";"A01";"3";"43";"0";"2";"2";"1";"1";""
"202100045788";"119Â 905";"B01";"1";"7";"0";"2";"3";"1";"1";""
"202100045789";"119Â 902";"A01";"1";"7";"0";"2";"3";"1";"1";""
"202100045789";"119Â 903";"B01";"1";"30";"0";"2";"2";"17";"1";""
"202100045790";"119Â 901";"A01";"3";"1";"0";"0";"0";"1";"5";""
"202100045791";"119Â 900";"A01";"2";"7";"0";"1";"2";"15";"1";""
"202100045792";"119Â 899";"A01";"3";"1";"0";"1";"1";"1";"5";""
"202100045793";"119Â 897";"A01";"1";"7";"0";"2";"2";"10";"1";""
"202100045793";"119Â 898";"B01";"1";"32";"0";"2";"1";"1";"1";""
"202100045794";"119Â 895";"B01";"1";"2";"9";"2";"8";"1";"1";""
"202100045794";"119Â 896";"A01";"1";"7";"0";"2";"7";"12";"1";""
"202100045795";"119Â 893";"B01";"2";"33";"0";"2";"4";"23";"1";""
"202100045795";"119Â 894";"A01";"2";"7";"0";"2";"1";"16";"1";""