"Num_Acc";"id_vehicule";"num_veh";"senc";"catv";"obs";"obsm";"choc";"manv";"motor";"occutc"
"202100045796";"119Â 892";"A01";"2";"7";"0";"1";"2";"1";"1";""
"202100045797";"119Â 890";"B01";"1";"50";"0";"2";"7";"16";"3";""
"202100045797";"119Â 891";"A01";"1";"1";"0";"2";"8";"18";"5";""
"202100045798";"119Â 888";"B01";"2";"1";"0";"2";"4";"23";"5";""
"202100045798";"119Â 889";"A01";"2";"1";"0";"2";"1";"1";"5";""
"202100045799";"119Â 887";"A01";"1";"1";"0";"0";"0";"21";"5";""
"202100045800";"119Â 886";"A01";"1";"7";"0";"1";"3";"15";"1";""
"202100045801";"119Â 884";"B01";"1";"7";"0";"2";"4";"23";"1";""
"202100045801";"119Â 885";"A01";"1";"2";"0";"2";"1";"1";"1";""
"202100045802";"119Â 882";"D01";"2";"60";"0";"2";"1";"13";"5";""
"202100045802";"119Â 883";"A01";"2";"1";"0";"2";"1";"1";"5";""
"202100045803";"119Â 881";"A01";"3";"34";"14";"0";"2";"1";"1";""
"202100045804";"119Â 880";"A01";"3";"2";"0";"0";"0";"1";"1";""
"202100045805";"119Â 879";"A01";"3";"3";"0";"1";"2";"1";"0";""
"202100045806";"119Â 877";"A01";"1";"10";"0";"9";"1";"1";"1";""
"202100045806";"119Â 878";"B01";"1";"1";"0";"2";"0";"0";"0";""
"202100045807";"119Â 876";"A01";"0";"7";"0";"1";"3";"9";"1";""
"202100045808";"119Â 874";"A01";"3";"7";"0";"2";"0";"2";"1";""
"202100045808";"119Â 875";"B01";"3";"1";"0";"0";"0";"0";"0";""
"202100045809";"119Â 873";"A01";"3";"7";"12";"1";"1";"2";"2";""
"202100045810";"119Â 871";"B01";" -1";"33";"0";"2";"1";"0";"1";""
"202100045810";"119Â 872";"A01";" -1";"7";"0";"2";"6";"15";"1";""
"202100045811";"119Â 869";"B01";"0";"10";"0";"2";"2";"1";"0";""
"202100045811";"119Â 870";"A01";"0";"32";"0";"2";"1";"1";"0";""
"202100045812";"119Â 867";"A01";"2";"7";"0";"2";"3";"1";"2";""
"202100045812";"119Â 868";"B01";"3";"33";"0";"1";"3";"1";"1";""
"202100045813";"119Â 865";"A01";"2";"30";"0";"0";"8";"21";"1";""
"202100045813";"119Â 866";"B01";" -1";"7";"1";"0";"0";"22";"1";""
"202100045814";"119Â 864";"A01";"1";"7";"0";"1";"3";"15";"1";""
"202100045815";"119Â 862";"B01";"1";"32";"0";"2";"1";"0";"1";""
"202100045815";"119Â 863";"A01";"1";"7";"0";"2";"8";"15";"1";""
"202100045816";"119Â 860";"B01";"2";"7";"0";"0";"6";"1";"1";""
"202100045816";"119Â 861";"A01";"2";"14";"0";"0";"1";"9";"1";""
"202100045817";"119Â 858";"A01";"0";"7";"0";"2";"5";"10";"2";""
"202100045817";"119Â 859";"B01";"0";"33";"0";"2";"1";"2";"1";""
"202100045818";"119Â 856";"A01";"1";"7";"0";"2";"2";"15";"1";""
"202100045818";"119Â 857";"B01";"2";"34";"0";"2";"1";"1";"1";""
"202100045819";"119Â 854";"B01";"2";"32";"0";"2";"1";"1";"1";""
"202100045819";"119Â 855";"A01";"2";"7";"0";"2";"5";"16";"1";""
"202100045820";"119Â 853";"Z01";"1";"7";"0";"1";"2";"15";"0";""
"202100045821";"119Â 851";"B01";"1";"10";"0";"2";"7";"15";"1";""
"202100045821";"119Â 852";"A01";"2";"30";"0";"2";"1";"1";"1";""
"202100045822";"119Â 849";"B01";"2";"33";"0";"2";"1";"1";"1";""
"202100045822";"119Â 850";"A01";"2";"7";"0";"2";"3";"15";"2";""
"202100045823";"119Â 847";"B01";"1";"7";"0";"2";"2";"16";"1";""
"202100045823";"119Â 848";"A01";"1";"32";"0";"2";"1";"18";"1";""
"202100045824";"119Â 845";"A01";"1";"7";"0";"2";"2";"15";"1";""
"202100045824";"119Â 846";"B01";"2";"80";"0";"2";"7";"1";"3";""
"202100045825";"119Â 843";"A01";"2";"7";"0";"2";"3";"1";"1";""
"202100045825";"119Â 844";"B01";"1";"21";"0";"2";"6";"1";"1";""
"202100045826";"119Â 840";"B01";"3";"7";"0";"2";"3";"21";"0";""
"202100045826";"119Â 841";"A01";"3";"7";"0";"2";"3";"23";"0";""
"202100045827";"119Â 838";"B01";"1";"2";"0";"2";"1";"2";"1";""
"202100045827";"119Â 839";"A01";"1";"7";"0";"0";"6";"23";"1";""
"202100045828";"119Â 836";"B01";"1";"1";"0";"2";"1";"25";"5";""
"202100045828";"119Â 837";"A01";"2";"10";"0";"2";"2";"16";"1";""
"202100045829";"119Â 834";"B01";" -1";"1";"0";"2";"8";"2";"5";""
"202100045829";"119Â 835";"A01";" -1";"7";"0";"2";"2";"2";"1";""
"202100045830";"119Â 832";"A01";"3";"7";"0";"2";"1";"1";"1";""
"202100045830";"119Â 833";"B01";"3";"1";"0";"2";"1";"5";"5";""
"202100045831";"119Â 830";"B01";"2";"7";"0";"2";"6";"15";"1";""
"202100045831";"119Â 831";"A01";"2";"10";"0";"2";"1";"17";"1";""
"202100045832";"119Â 828";"A01";"2";"7";"0";"2";"1";"0";"1";""
"202100045832";"119Â 829";"B01";"2";"15";"0";"0";"4";"0";"1";""
"202100045833";"119Â 827";"A01";"2";"7";"13";"0";"9";"1";"1";""
"202100045834";"119Â 825";"B01";"2";"7";"0";"2";"3";"15";"1";""
"202100045834";"119Â 826";"A01";"2";"33";"0";"2";"2";"17";"1";""
"202100045835";"119Â 823";"A01";"1";"33";"2";"2";"2";"17";"1";""
"202100045835";"119Â 824";"B01";"1";"7";"0";"2";"3";"17";"1";""
"202100045836";"119Â 821";"A01";"2";"13";"0";"2";"1";"1";"1";""
"202100045836";"119Â 822";"B01";"2";"15";"0";"0";"4";"1";"1";""
"202100045837";"119Â 819";"A01";"2";"10";"0";"2";"2";"15";"0";""
"202100045837";"119Â 820";"B01";"1";"31";"0";"2";"1";"1";"1";""
"202100045838";"119Â 818";"A01";"1";"36";"0";"0";"0";"0";"1";""
"202100045839";"119Â 817";"A01";"2";"33";"0";"0";"1";"19";"0";""
"202100045840";"119Â 815";"A01";"2";"7";"0";"2";"2";"10";"1";""
"202100045840";"119Â 816";"B01";"2";"33";"0";"2";"1";"13";"1";""
"202100045841";"119Â 814";"A01";"2";"33";"0";"5";"1";"1";"1";""
"202100045842";"119Â 813";"A01";"2";"7";"0";"0";"0";"1";"1";""
"202100045843";"119Â 812";"A01";"2";"7";"16";"0";"1";"1";"1";""
"202100045844";"119Â 810";"A01";"1";"7";"0";"2";"1";"1";"1";""
"202100045844";"119Â 811";"B01";"3";"2";"0";"2";"3";"1";"1";""
"202100045845";"119Â 808";"A01";"3";"7";"0";"9";"1";"5";"1";""
"202100045845";"119Â 809";"B01";"3";"1";"0";"2";"1";"1";"5";""
"202100045846";"119Â 806";"B01";"0";"2";"0";"2";"1";"0";"1";""
"202100045846";"119Â 807";"A01";"3";"7";"0";"2";"3";"19";"1";""
"202100045847";"119Â 804";"B01";"2";"7";"0";"2";"1";"15";"1";""
"202100045847";"119Â 805";"A01";"3";"10";"13";"2";"3";"1";"1";""
"202100045848";"119Â 802";"A01";"1";"7";"0";"2";"3";"9";"0";""
"202100045848";"119Â 803";"B01";"2";"80";"0";"2";"7";"15";"3";""
"202100045849";"119Â 801";"A01";"2";"33";"0";"0";"1";"13";"1";""
"202100045850";"119Â 799";"A01";"0";"2";"0";"2";"3";"9";"1";""
"202100045850";"119Â 800";"B01";"0";"7";"0";"2";"2";"20";"1";""
"202100045851";"119Â 798";"A01";"2";"10";"6";"0";"3";"13";"1";""
"202100045852";"119Â 796";"B01";"2";"1";"0";"2";"1";"1";"5";""
"202100045852";"119Â 797";"A01";"2";"7";"0";"2";"2";"19";"1";""
"202100045853";"119Â 794";"A01";"2";"7";"0";"0";"4";"1";"1";""
"202100045853";"119Â 795";"B01";"2";"7";"0";"2";"1";"1";"1";""
"202100045854";"119Â 791";"A01";"3";"7";"0";"9";"1";"5";"1";""
"202100045854";"119Â 792";"B01";"3";"50";"0";"2";"1";"1";"3";""
"202100045855";"119Â 789";"A01";"0";"7";"15";"2";"1";"1";"1";""
"202100045855";"119Â 790";"B01";"0";"7";"0";"0";"7";"23";"1";""
"202100045856";"119Â 786";"B01";"1";"1";"0";"2";"4";"2";"5";""
"202100045856";"119Â 787";"A01";"1";"7";"0";"9";"3";"2";"1";""
"202100045857";"119Â 785";"A01";"3";"2";"1";"0";"1";"0";"1";""
"202100045858";"119Â 783";"A01";"1";"7";"0";"2";"8";"9";"1";""
"202100045858";"119Â 784";"B01";"1";"1";"0";"2";"2";"26";"5";""
"202100045859";"119Â 782";"A01";"1";"7";"2";"0";"1";"1";"1";""
"202100045860";"119Â 780";"B01";"1";"7";"0";"0";"2";"1";"1";""
"202100045860";"119Â 781";"A01";"1";"35";"0";"0";"8";"19";"0";""
"202100045861";"119Â 778";"A01";"1";"2";"0";"0";"0";"2";"1";""
"202100045861";"119Â 779";"B01";"1";"7";"0";"0";"0";"0";"1";""
"202100045862";"119Â 776";"B01";"2";"1";"0";"2";"4";"2";"5";""
"202100045862";"119Â 777";"A01";"2";"7";"0";"2";"5";"2";"1";""
"202100045863";"119Â 774";"B01";"2";"7";"0";"2";"3";"1";"1";""
"202100045863";"119Â 775";"A01";"1";"7";"0";"2";"3";"17";"1";""
"202100045864";"119Â 772";"B01";"3";"14";"0";"2";"3";"2";"1";""
"202100045864";"119Â 773";"A01";"3";"31";"0";"2";"0";"21";"1";""
"202100045865";"119Â 771";"A01";"1";"7";"8";"0";"1";"21";"1";""
"202100045866";"119Â 770";"A01";"2";"33";"0";"0";"0";"1";"1";""
"202100045867";"119Â 769";"A01";"2";"7";"0";"1";"2";"1";"1";""
"202100045868";"119Â 767";"A01";"1";"7";"0";"2";"7";"9";"1";""
"202100045868";"119Â 768";"B01";"1";"33";"0";"2";"7";"15";"1";""
"202100045869";"119Â 766";"A01";"0";"37";"0";"1";"2";"1";"1";"1"
"202100045870";"119Â 764";"B01";"3";"80";"0";"2";"7";"17";"3";""
"202100045870";"119Â 765";"A01";"3";"1";"0";"2";"8";"13";"5";""
"202100045871";"119Â 762";"A01";"2";"33";"17";"2";"1";"14";"1";""
"202100045871";"119Â 763";"B01";"1";"7";"0";"2";"3";"1";"1";""
"202100045872";"119Â 760";"B01";"1";"30";"0";"2";"3";"1";"1";""
"202100045872";"119Â 761";"A01";"1";"7";"0";"2";"2";"15";"1";""
"202100045873";"119Â 758";"A01";"0";"10";"0";"2";"3";"13";"1";""
"202100045873";"119Â 759";"B01";"0";"7";"0";"2";"2";"1";"1";""
"202100045874";"119Â 757";"A01";"1";"7";"8";"0";"1";"0";"1";""
"202100045875";"119Â 756";"A01";"1";"7";"0";"1";"2";"1";"1";""
"202100045876";"119Â 754";"A01";"3";"7";"0";"0";"7";"15";"1";""
"202100045876";"119Â 755";"B01";"3";"1";"0";"0";"1";"1";"5";""
"202100045877";"119Â 753";"A01";"1";"7";"13";"0";"1";"13";"1";""
"202100045878";"119Â 751";"A01";"1";"7";"0";"2";"2";"15";"1";""
"202100045878";"119Â 752";"B01";"2";"2";"0";"2";"1";"1";"1";""
"202100045879";"119Â 750";"A01";"0";"1";"0";"0";"0";"1";"5";""
"202100045880";"119Â 749";"A01";"2";"7";"0";"0";"1";"1";"1";""
"202100045881";"119Â 746";"A01";"2";"7";"0";"2";"6";"11";"1";""
"202100045881";"119Â 747";"B01";"2";"10";"0";"2";"2";"1";"1";""
"202100045881";"119Â 748";"C01";"2";"7";"0";"2";"6";"1";"1";""
"202100045882";"119Â 745";"A01";"1";"31";"4";"0";"8";"2";"1";""
"202100045883";"119Â 743";"B01";"1";"33";"0";"2";"3";"1";"1";""
"202100045883";"119Â 744";"A01";"1";"7";"0";"2";"5";"9";"1";""
"202100045884";"119Â 740";"A01";"1";"10";"0";"2";"1";"2";"1";""
"202100045884";"119Â 741";"B01";"1";"7";"0";"2";"4";"2";"1";""
"202100045884";"119Â 742";"C01";"1";"7";"0";"2";"4";"2";"1";""
"202100045885";"119Â 738";"A01";"2";"7";"0";"2";"1";"21";"1";""
"202100045885";"119Â 739";"B01";"2";"7";"0";"2";"4";"21";"1";""
"202100045886";"119Â 733";"C01";"1";"33";"0";"2";"7";"17";"1";""
"202100045886";"119Â 734";"B01";"1";"7";"1";"2";"2";"13";"1";""
"202100045886";"119Â 735";"A01";"1";"7";"0";"2";"6";"23";"1";""
"202100045887";"119Â 732";"A01";"1";"7";"0";"1";"1";"1";"1";""
"202100045888";"119Â 731";"A01";"1";"7";"0";"1";"8";"19";"6";""
"202100045889";"119Â 730";"A01";"2";"10";"0";"0";"6";"20";"0";""
"202100045890";"119Â 729";"A01";"1";"7";"0";"1";"2";"1";"6";""
"202100045891";"119Â 728";"A01";"0";"7";"0";"1";"1";"1";"0";""
"202100045892";"119Â 727";"A01";"3";"7";"0";"1";"1";"1";"1";""
"202100045893";"119Â 726";"A01";"1";"33";"0";"1";"1";"1";"1";""
"202100045894";"119Â 725";"A01";"2";"34";"0";"1";"1";"1";"1";""
"202100045895";"119Â 723";"B01";"1";"10";"0";"2";"4";"1";"1";""
"202100045895";"119Â 724";"A01";"1";"10";"0";"2";"1";"1";"1";""
"202100045896";"119Â 721";"A01";"2";"33";"0";"2";"0";"21";"1";""
"202100045896";"119Â 722";"B01";"2";"10";"0";"0";"0";"14";"1";""
"202100045897";"119Â 719";"B01";"1";"7";"0";"0";"4";"0";"1";""
"202100045897";"119Â 720";"A01";"1";"7";"0";"2";"1";"1";"0";""
"202100045898";"119Â 716";"A01";"1";"7";"0";"1";"2";"14";"1";""
"202100045899";"119Â 711";"B01";"1";"7";"0";"2";"1";"1";"1";""
"202100045899";"119Â 712";"A01";"1";"7";"0";"2";"8";"1";"1";""
"202100045899";"119Â 713";"Z01";"1";"7";"0";"2";"2";"12";"0";""
"202100045900";"119Â 710";"A01";"1";"1";"0";"1";"1";"25";"5";""
"202100045901";"119Â 708";"T01";"2";"7";"1";"0";"0";"23";"1";""
"202100045901";"119Â 709";"A01";"2";"43";"0";"1";"1";"1";"1";""
"202100045902";"119Â 706";"A01";"2";"7";"0";"2";"3";"9";"1";""
"202100045902";"119Â 707";"B01";"2";"30";"0";"2";"1";"2";"1";""
"202100045903";"119Â 704";"A01";"2";"33";"0";"2";"1";"15";"1";""
"202100045903";"119Â 705";"B01";"2";"7";"0";"2";"3";"0";"0";""
"202100045904";"119Â 703";"A01";"1";"33";"0";"0";"0";"3";"1";""
"202100045905";"119Â 701";"B01";"3";"7";"0";"2";"4";"23";"0";""
"202100045905";"119Â 702";"A01";"3";"7";"0";"2";"1";"1";"1";""
"202100045906";"119Â 699";"B01";"1";"37";"0";"2";"5";"23";"1";"1"
"202100045906";"119Â 700";"A01";"1";"99";"0";"2";"3";"2";"1";""
"202100045907";"119Â 697";"B01";"1";"31";"0";"2";"2";"0";"1";""
"202100045907";"119Â 698";"A01";"1";"7";"1";"0";"1";"15";"1";""
"202100045908";"119Â 695";"A01";"1";"20";"0";"2";"2";"19";"1";""
"202100045908";"119Â 696";"B01";"2";"10";"0";"2";"1";"1";"1";""
"202100045909";"119Â 694";"A01";"1";"32";"0";"9";"0";"15";"1";""
"202100045910";"119Â 692";"A01";"0";"7";"0";"2";"1";"14";"1";""
"202100045910";"119Â 693";"B01";"0";"10";"0";"0";"1";"0";"0";""
"202100045911";"119Â 690";"A01";"2";"7";"0";"2";"1";"2";"1";""
"202100045911";"119Â 691";"B01";"2";"99";"0";"2";"4";"23";"1";""
"202100045912";"119Â 688";"B01";"2";"7";"0";"2";"1";"1";"1";""
"202100045912";"119Â 689";"A01";"1";"7";"0";"2";"7";"15";"1";""
"202100045913";"119Â 687";"A01";"2";"30";"14";"0";"0";"0";"1";""
"202100045914";"119Â 686";"A01";"2";"33";"0";"1";"2";"1";"1";""
"202100045915";"119Â 684";"B01";"2";"30";"0";"2";"4";"23";"1";""
"202100045915";"119Â 685";"A01";"1";"7";"0";"2";"1";"26";"1";""
"202100045916";"119Â 683";"A01";"3";"7";"0";"1";"3";"1";"2";""
"202100045917";"119Â 682";"A01";"1";"7";"0";"1";"3";"1";"1";""
"202100045918";"119Â 680";"B01";"3";"7";"0";"2";"2";"1";"1";""
"202100045918";"119Â 681";"A01";"0";"7";"0";"2";"3";"16";"1";""
"202100045919";"119Â 679";"A01";"3";"7";"0";"1";"2";"1";"1";""
"202100045920";"119Â 677";"A01";"0";"2";"0";"2";"2";"18";"1";""
"202100045920";"119Â 678";"B01";"0";"7";"0";"0";"2";"1";"1";""
"202100045921";"119Â 675";"B01";"0";"7";"0";"2";"8";"1";"1";""
"202100045921";"119Â 676";"A01";"0";"2";"0";"2";"7";"17";"1";""
"202100045922";"119Â 673";"B01";"0";"7";"0";"2";"3";"16";"1";""
"202100045922";"119Â 674";"A01";"0";"7";"0";"2";"3";"15";"1";""
"202100045923";"119Â 671";"B01";"3";"33";"0";"2";"3";"1";"1";""
"202100045923";"119Â 672";"A01";"3";"7";"0";"2";"6";"15";"1";""
"202100045924";"119Â 669";"B01";"2";"1";"0";"2";"0";"0";"5";""
"202100045924";"119Â 670";"A01";"2";"34";"0";"2";"0";"0";"1";""
"202100045925";"119Â 665";"B01";"1";"7";"0";"2";"3";"1";"1";""
"202100045925";"119Â 666";"A01";"1";"10";"0";"2";"7";"1";"1";""
"202100045926";"119Â 663";"A01";"3";"7";"0";"2";"3";"9";"2";""
"202100045926";"119Â 664";"B01";"2";"1";"0";"2";"7";"1";"5";""
"202100045927";"119Â 661";"B01";"2";"1";"0";"2";"1";"1";"5";""
"202100045927";"119Â 662";"A01";"1";"7";"0";"2";"1";"9";"1";""
"202100045928";"119Â 659";"B01";"2";"1";"0";"0";"0";"0";"5";""
"202100045928";"119Â 660";"A01";"2";"7";"0";"2";"0";"0";"1";""
"202100045929";"119Â 657";"Z01";"1";"7";"0";"2";"0";"0";"0";""
"202100045929";"119Â 658";"B01";"1";"33";"0";"2";"1";"0";"1";""
"202100045930";"119Â 655";"A01";"1";"1";"0";"2";"1";"19";"5";""
"202100045930";"119Â 656";"B01";"2";"7";"0";"2";"3";"1";"2";""
"202100045931";"119Â 653";"B01";"1";"7";"0";"2";"1";"1";"1";""
"202100045931";"119Â 654";"A01";"2";"10";"0";"2";"8";"15";"1";""
"202100045932";"119Â 650";"A01";"1";"7";"0";"2";"1";"26";"1";""
"202100045932";"119Â 651";"B01";"1";"34";"0";"2";"4";"1";"1";""
"202100045932";"119Â 652";"C01";"1";"7";"0";"2";"4";"26";"1";""
"202100045933";"119Â 648";"A01";"1";"7";"0";"2";"5";"15";"1";""
"202100045933";"119Â 649";"B01";"2";"33";"0";"2";"1";"1";"1";""
"202100045934";"119Â 647";"A01";"1";"7";"0";"1";"1";"1";"1";""
"202100045935";"119Â 646";"A01";"3";"7";"15";"0";"1";"16";"0";""
"202100045936";"119Â 643";"C01";"3";"7";"0";"2";"3";"0";"1";""
"202100045936";"119Â 644";"B01";"3";"33";"0";"2";"8";"9";"1";""
"202100045936";"119Â 645";"A01";"3";"7";"0";"2";"3";"9";"1";""
"202100045937";"119Â 641";"A01";"3";"10";"0";"9";"8";"1";"1";""
"202100045937";"119Â 642";"B01";"3";"30";"0";"2";"8";"1";"3";""
"202100045938";"119Â 640";"A01";"1";"7";"15";"1";"1";"26";"1";""
"202100045939";"119Â 638";"B01";"3";"7";"0";"2";"7";"1";"1";""
"202100045939";"119Â 639";"A01";"3";"7";"0";"2";"1";"1";"1";""
"202100045940";"119Â 636";"B01";"1";"2";"0";"2";"3";"1";"1";""
"202100045940";"119Â 637";"A01";"2";"7";"0";"2";"2";"1";"1";""
"202100045941";"119Â 635";"A01";"2";"7";"0";"1";"2";"1";"1";""
"202100045942";"119Â 633";"B01";"1";"1";"0";"2";"1";"1";"5";""
"202100045942";"119Â 634";"A01";"1";"7";"0";"2";"2";"16";"1";""
"202100045943";"119Â 632";"A01";"2";"7";"15";"0";"1";"14";"1";""
"202100045944";"119Â 630";"B01";"1";"1";"0";"2";"7";"19";"5";""
"202100045944";"119Â 631";"A01";"1";"7";"0";"2";"1";"16";"1";""
"202100045945";"119Â 629";"A01";"2";"30";"0";"0";"0";"1";"3";""
"202100045946";"119Â 627";"B01";"2";"1";"0";"2";"1";"1";"5";""
"202100045946";"119Â 628";"A01";"2";"7";"0";"2";"5";"16";"1";""
"202100045947";"119Â 625";"A01";"1";"7";"0";"2";"1";"15";"1";""
"202100045947";"119Â 626";"B01";"2";"33";"0";"2";"1";"1";"1";""
"202100045948";"119Â 622";"B01";"3";"7";"0";"2";"7";"16";"1";""
"202100045948";"119Â 623";"D01";"0";"7";"0";"0";"0";"0";"1";""
"202100045948";"119Â 624";"Z01";"2";"7";"1";"2";"1";"18";"1";""
"202100045949";"119Â 620";"B01";"1";"7";"0";"2";"3";"1";"1";""
"202100045949";"119Â 621";"A01";"0";"10";"0";"2";"1";"19";"1";""
"202100045950";"119Â 618";"A01";"2";"7";"0";"2";"1";"2";"1";""
"202100045950";"119Â 619";"B01";"2";"7";"0";"2";"4";"1";"1";""
"202100045951";"119Â 616";"A01";"2";"14";"0";"2";"5";"12";"1";""
"202100045951";"119Â 617";"B01";"2";"7";"0";"2";"3";"1";"1";""
"202100045952";"119Â 615";"A01";"1";"7";"3";"0";"2";"14";"1";""
"202100045953";"119Â 614";"A01";"1";"7";"0";"5";"0";"21";"1";""
"202100045954";"119Â 612";"A01";"3";"7";"0";"9";"0";"1";"1";""
"202100045954";"119Â 613";"B01";"0";"1";"0";"2";"0";"15";"5";""
"202100045955";"119Â 611";"A01";"3";"31";"0";"1";"2";"21";"1";""
"202100045956";"119Â 609";"B01";"0";"32";"0";"2";"8";"1";"1";""
"202100045956";"119Â 610";"A01";"0";"7";"0";"2";"8";"15";"1";""
"202100045957";"119Â 605";"A01";"1";"7";"0";"1";"0";"0";"1";""
"202100045958";"119Â 603";"A01";"3";"32";"0";"2";"1";"1";"1";""
"202100045958";"119Â 604";"B01";"0";"7";"0";"2";"3";"16";"1";""
"202100045959";"119Â 601";"B01";"2";"7";"0";"2";"8";"1";"1";""
"202100045959";"119Â 602";"A01";"1";"7";"0";"2";"1";"13";"1";""
"202100045960";"119Â 600";"Z01";"1";"7";"0";"1";"1";"1";"1";""
"202100045961";"119Â 598";"A01";"3";"7";"0";"2";"2";"9";"1";""
"202100045961";"119Â 599";"B01";"1";"33";"1";"2";"3";"1";"1";""
"202100045962";"119Â 596";"A01";"2";"7";"0";"2";"4";"15";"1";""
"202100045962";"119Â 597";"B01";"2";"33";"0";"2";"1";"2";"1";""
"202100045963";"119Â 594";"B01";"1";"2";"0";"2";"1";"1";"1";""
"202100045963";"119Â 595";"A01";"2";"7";"0";"2";"2";"15";"1";""
"202100045964";"119Â 592";"B01";"2";"7";"0";"2";"5";"16";"1";""
"202100045964";"119Â 593";"A01";"2";"30";"0";"2";"1";"1";"1";""
"202100045965";"119Â 591";"A01";"1";"10";"0";"1";"1";"1";"1";""
"202100045966";"119Â 589";"A01";"3";"7";"0";"2";"1";"2";"1";""
"202100045966";"119Â 590";"B01";"3";"7";"0";"2";"5";"2";"1";""
"202100045967";"119Â 587";"B01";"2";"7";"0";"2";"6";"9";"1";""
"202100045967";"119Â 588";"A01";"2";"33";"0";"2";"1";"17";"1";""
"202100045968";"119Â 585";"B01";"1";"7";"0";"2";"3";"11";"1";""
"202100045968";"119Â 586";"A01";"1";"33";"0";"2";"2";"3";"1";""
"202100045969";"119Â 584";"A01";"2";"14";"0";"1";"1";"1";"1";""
"202100045970";"119Â 582";"B01";"1";"1";"0";"2";"7";"16";"5";""
"202100045970";"119Â 583";"A01";"1";"33";"0";"2";"1";"7";"1";""
"202100045971";"119Â 581";"A01";"1";"7";"0";"1";"4";"1";"1";""
"202100045972";"119Â 579";"A01";"3";"32";"0";"2";"1";"15";"1";""
"202100045972";"119Â 580";"Z01";"3";"33";"0";"2";"1";"1";"1";""
"202100045973";"119Â 577";"A01";"1";"2";"0";"2";"1";"17";"1";""
"202100045973";"119Â 578";"B01";"1";"7";"0";"2";"3";"9";"1";""
"202100045974";"119Â 575";"A01";"1";"34";"0";"2";"6";"18";"1";""
"202100045974";"119Â 576";"Z01";"3";"10";"0";"2";"7";"16";"0";""
"202100045975";"119Â 574";"A01";"2";"7";"6";"0";"1";"15";"1";""
"202100045976";"119Â 572";"Z01";"2";"7";"0";"2";"2";"17";"1";""
"202100045976";"119Â 573";"A01";"2";"50";"0";"2";"6";"1";"3";""
"202100045977";"119Â 570";"B01";"1";"33";"0";"2";"1";"1";"1";""
"202100045977";"119Â 571";"A01";"1";"7";"0";"2";"8";"10";"2";""
"202100045978";"119Â 568";"A01";"1";"1";"0";"2";"3";"15";"5";""
"202100045978";"119Â 569";"B01";"1";"7";"0";"2";"2";"1";"1";""
"202100045979";"119Â 566";"B01";"2";"1";"0";"2";"3";"15";"5";""
"202100045979";"119Â 567";"A01";"2";"37";"0";"2";"2";"13";"2";"1"
"202100045980";"119Â 564";"B01";"2";"7";"0";"2";"4";"23";"1";""
"202100045980";"119Â 565";"A01";"1";"33";"0";"2";"1";"1";"1";""
"202100045981";"119Â 562";"B01";"2";"1";"0";"2";"7";"1";"5";""
"202100045981";"119Â 563";"A01";"2";"1";"0";"2";"8";"18";"5";""
"202100045982";"119Â 561";"A01";"1";"10";"0";"1";"1";"15";"1";""
"202100045983";"119Â 560";"A01";"3";"1";"12";"0";"0";"14";"5";""
"202100045984";"119Â 559";"A01";"1";"7";"0";"1";"8";"1";"1";""
"202100045985";"119Â 558";"A01";"2";"1";"0";"0";"0";"1";"5";""
"202100045986";"119Â 557";"A01";"1";"2";"0";"1";"1";"1";"1";""
"202100045987";"119Â 556";"A01";"1";"50";"0";"0";"0";"1";"3";""
"202100045988";"119Â 555";"A01";"1";"7";"0";"1";"3";"1";"1";""
"202100045989";"119Â 553";"B01";"2";"7";"0";"2";"3";"9";"1";""
"202100045989";"119Â 554";"A01";"1";"30";"0";"2";"1";"21";"1";""
"202100045990";"119Â 551";"A01";"0";"7";"0";"2";"3";"26";"0";""
"202100045990";"119Â 552";"B01";"1";"43";"0";"2";"1";"1";"1";""
"202100045991";"119Â 549";"A01";"0";"10";"0";"2";"1";"0";"0";""
"202100045991";"119Â 550";"B01";"1";"7";"0";"2";"1";"0";"0";""
"202100045992";"119Â 547";"B01";"3";"33";"0";"2";"8";"2";"1";""
"202100045992";"119Â 548";"A01";"3";"7";"0";"2";"3";"0";"1";""
"202100045993";"119Â 545";"A01";"1";"7";"1";"2";"2";"9";"1";""
"202100045993";"119Â 546";"B01";"1";"33";"1";"2";"3";"2";"1";""
"202100045994";"119Â 543";"A01";"1";"10";"0";"2";"1";"19";"1";""
"202100045994";"119Â 544";"B01";"1";"1";"0";"2";"1";"19";"5";""
"202100045995";"119Â 541";"B01";"2";"7";"0";"2";"7";"15";"1";""
"202100045995";"119Â 542";"A01";"1";"33";"0";"2";"1";"1";"1";""
"202100045996";"119Â 539";"B01";"1";"33";"0";"2";"3";"1";"1";""
"202100045996";"119Â 540";"A01";"2";"7";"0";"0";"2";"10";"1";""
"202100045997";"119Â 537";"B01";"1";"1";"1";"0";"1";"1";"5";""
"202100045997";"119Â 538";"A01";"1";"7";"0";"2";"8";"24";"1";""
"202100045998";"119Â 535";"B01";"1";"7";"0";"2";"1";"15";"1";""
"202100045998";"119Â 536";"A01";"2";"32";"0";"2";"1";"1";"1";""
"202100045999";"119Â 534";"A01";"1";"7";"0";"1";"2";"1";"1";""
"202100046000";"119Â 530";"D01";"2";"7";"1";"0";"4";"24";"2";""
"202100046000";"119Â 531";"A01";"2";"33";"0";"2";"1";"1";"1";""