"Num_Acc";"id_vehicule";"num_veh";"senc";"catv";"obs";"obsm";"choc";"manv";"motor";"occutc"
"202100046000";"119Â 532";"C01";"2";"7";"1";"0";"8";"24";"1";""
"202100046000";"119Â 533";"B01";"2";"7";"1";"2";"3";"16";"1";""
"202100046001";"119Â 528";"B01";"2";"2";"0";"2";"1";"23";"1";""
"202100046001";"119Â 529";"A01";"2";"2";"0";"2";"4";"1";"3";""
"202100046002";"119Â 526";"B01";"1";"32";"0";"2";"2";"1";"1";""
"202100046002";"119Â 527";"A01";"2";"50";"0";"2";"1";"25";"3";""
"202100046003";"119Â 525";"A01";"2";"7";"2";"0";"8";"26";"1";""
"202100046004";"119Â 524";"A01";"1";"7";"1";"0";"1";"1";"1";""
"202100046005";"119Â 522";"A01";"2";"10";"3";"0";"2";"11";"1";""
"202100046006";"119Â 521";"A01";"1";"7";"0";"1";"3";"1";"0";""
"202100046007";"119Â 519";"B01";"1";"7";"0";"0";"4";"1";"1";""
"202100046007";"119Â 520";"A01";"2";"33";"0";"2";"1";"2";"1";""
"202100046008";"119Â 518";"A01";"3";"7";"0";"1";"1";"1";"1";""
"202100046009";"119Â 517";"A01";"0";"1";"14";"0";"0";"1";"5";""
"202100046010";"119Â 515";"B01";"2";"2";"0";"2";"1";"1";"1";""
"202100046010";"119Â 516";"A01";"0";"7";"0";"2";"3";"14";"1";""
"202100046011";"119Â 513";"A01";"2";"10";"3";"2";"1";"0";"1";""
"202100046011";"119Â 514";"B01";"2";"15";"0";"2";"7";"1";"1";""
"202100046012";"119Â 511";"B01";"1";"7";"0";"6";"4";"1";"1";""
"202100046012";"119Â 512";"A01";"1";"37";"0";"2";"1";"1";"1";"1"
"202100046013";"119Â 509";"B01";"2";"10";"0";"2";"1";"1";"1";""
"202100046013";"119Â 510";"A01";"1";"7";"0";"2";"1";"13";"1";""
"202100046014";"119Â 508";"A01";"1";"7";"8";"0";"1";"1";"1";""
"202100046015";"119Â 506";"B01";"1";"7";"0";"0";"2";"1";"1";""
"202100046015";"119Â 507";"A01";"2";"7";"0";"0";"3";"15";"1";""
"202100046016";"119Â 505";"A01";"1";"33";"0";"0";"9";"1";"1";""
"202100046017";"119Â 503";"B01";"2";"1";"0";"2";"8";"1";"5";""
"202100046017";"119Â 504";"A01";"1";"7";"0";"9";"1";"15";"1";""
"202100046018";"119Â 501";"B01";"2";"1";"0";"2";"8";"13";"5";""
"202100046018";"119Â 502";"A01";"2";"7";"0";"9";"7";"17";"1";""
"202100046019";"119Â 499";"A01";"2";"7";"0";"2";"3";"9";"1";""
"202100046019";"119Â 500";"B01";"0";"33";"0";"0";"7";"1";"1";""
"202100046020";"119Â 498";"A01";"2";"33";"0";"0";"0";"1";"1";""
"202100046021";"119Â 497";"A01";"3";"7";"0";"1";"0";"19";"1";""
"202100046022";"119Â 496";"A01";"2";"7";"2";"0";"8";"1";"1";""
"202100046023";"119Â 494";"A01";"1";"2";"0";"2";"1";"2";"1";""
"202100046023";"119Â 495";"B01";"1";"7";"0";"0";"4";"2";"1";""
"202100046024";"119Â 492";"A01";"2";"10";"0";"2";"3";"1";"1";""
"202100046024";"119Â 493";"B01";"1";"31";"0";"2";"1";"13";"1";""
"202100046025";"119Â 490";"A01";"1";"7";"9";"0";"1";"9";"1";""
"202100046025";"119Â 491";"B01";"0";"7";"0";"0";"3";"1";"2";""
"202100046026";"119Â 488";"B01";"2";"33";"0";"0";"4";"23";"1";""
"202100046026";"119Â 489";"A01";"2";"33";"0";"2";"1";"2";"1";""
"202100046027";"119Â 486";"B01";"2";"2";"0";"2";"3";"1";"1";""
"202100046027";"119Â 487";"A01";"1";"7";"0";"2";"3";"15";"1";""
"202100046028";"119Â 484";"B01";"2";"2";"0";"2";"1";"1";"1";""
"202100046028";"119Â 485";"A01";"1";"7";"0";"2";"6";"26";"1";""
"202100046029";"119Â 483";"A01";"3";"43";"0";"1";"0";"1";"1";""
"202100046030";"119Â 481";"A01";"1";"7";"0";"0";"0";"9";"0";""
"202100046030";"119Â 482";"B01";"1";"33";"0";"0";"8";"1";"1";""
"202100046031";"119Â 478";"B01";"2";"10";"0";"2";"2";"2";"4";""
"202100046031";"119Â 479";"A01";"2";"17";"0";"0";"6";"2";"1";""
"202100046032";"119Â 476";"B01";"3";"33";"0";"2";"2";"1";"1";""
"202100046032";"119Â 477";"A01";"3";"7";"0";"2";"3";"16";"1";""
"202100046033";"119Â 474";"A01";"1";"7";"0";"2";"3";"15";"1";""
"202100046033";"119Â 475";"B01";"2";"2";"0";"2";"1";"1";"0";""
"202100046034";"119Â 473";"A01";"2";"7";"6";"0";"1";"16";"1";""
"202100046035";"119Â 471";"A01";"1";"1";"0";"0";"2";"1";"5";""
"202100046035";"119Â 472";"B01";"1";"1";"0";"0";"4";"1";"5";""
"202100046036";"119Â 470";"A01";"0";"10";"0";"1";"3";"26";"1";""
"202100046037";"119Â 468";"A01";"1";"32";"0";"2";"1";"17";"1";""
"202100046037";"119Â 469";"B01";"1";"7";"0";"0";"6";"13";"1";""
"202100046038";"119Â 466";"B01";"1";"10";"0";"2";"2";"21";"1";""
"202100046038";"119Â 467";"A01";"1";"1";"0";"2";"8";"19";"5";""
"202100046039";"119Â 465";"A01";"2";"7";"8";"0";"8";"19";"1";""
"202100046040";"119Â 463";"A01";"1";"7";"0";"2";"2";"15";"1";""
"202100046040";"119Â 464";"B01";"2";"2";"0";"2";"3";"1";"1";""
"202100046041";"119Â 461";"B01";"1";"7";"0";"0";"4";"23";"1";""
"202100046041";"119Â 462";"A01";"1";"7";"0";"2";"1";"2";"2";""
"202100046042";"119Â 459";"A01";"2";"7";"0";"2";"3";"15";"1";""
"202100046042";"119Â 460";"B01";"2";"31";"0";"2";"1";"17";"1";""
"202100046043";"119Â 457";"B01";"0";"7";"0";"9";"6";"4";"1";""
"202100046043";"119Â 458";"A01";"0";"1";"0";"0";"1";"2";"5";""
"202100046044";"119Â 453";"E01";"1";"7";"0";"0";"6";"1";"1";""
"202100046044";"119Â 454";"D01";"1";"7";"4";"0";"5";"1";"1";""
"202100046044";"119Â 455";"A01";"1";"7";"3";"2";"7";"1";"1";""
"202100046044";"119Â 456";"B01";"1";"7";"0";"0";"8";"1";"1";""
"202100046045";"119Â 451";"A01";"2";"7";"0";"2";"3";"1";"1";""
"202100046045";"119Â 452";"B01";"1";"7";"0";"2";"1";"15";"1";""
"202100046046";"119Â 448";"A01";"0";"1";"0";"0";"0";"0";"5";""
"202100046047";"119Â 447";"A01";"1";"32";"0";"0";"0";"2";"1";""
"202100046048";"119Â 445";"B01";"1";"33";"0";"2";"3";"1";"1";""
"202100046048";"119Â 446";"A01";"1";"7";"0";"2";"7";"12";"1";""
"202100046049";"119Â 444";"A01";"1";"7";"0";"0";"1";"1";"1";""
"202100046050";"119Â 441";"C01";"1";"17";"0";"2";"6";"1";"1";""
"202100046050";"119Â 442";"A01";"1";"10";"0";"2";"1";"1";"1";""
"202100046050";"119Â 443";"B01";"1";"7";"0";"2";"4";"23";"1";""
"202100046051";"119Â 440";"A01";"1";"7";"11";"0";"1";"13";"1";""
"202100046052";"119Â 438";"Z01";"1";"7";"0";"2";"0";"0";"0";""
"202100046052";"119Â 439";"A01";"1";"2";"0";"2";"4";"2";"1";""
"202100046053";"119Â 435";"C01";"2";"17";"0";"2";"6";"23";"1";""
"202100046053";"119Â 436";"B01";"2";"10";"0";"2";"6";"23";"1";""
"202100046053";"119Â 437";"A01";"2";"7";"0";"2";"2";"2";"1";""
"202100046054";"119Â 433";"A01";"2";"7";"0";"2";"2";"12";"1";""
"202100046054";"119Â 434";"B01";"2";"7";"0";"2";"6";"1";"1";""
"202100046055";"119Â 431";"A01";"1";"7";"0";"2";"7";"14";"1";""
"202100046055";"119Â 432";"B01";"1";"31";"0";"2";"1";"18";"1";""
"202100046056";"119Â 427";"A01";"2";"10";"0";"2";"1";"2";"1";""
"202100046056";"119Â 428";"D01";"2";"7";"0";"2";"4";"2";"1";""
"202100046056";"119Â 429";"C01";"2";"7";"0";"2";"4";"2";"1";""
"202100046056";"119Â 430";"B01";"2";"10";"0";"2";"4";"2";"1";""
"202100046057";"119Â 424";"B01";"1";"7";"0";"2";"5";"23";"1";""
"202100046057";"119Â 425";"C01";"1";"7";"0";"2";"1";"1";"1";""
"202100046057";"119Â 426";"A01";"1";"33";"0";"2";"1";"3";"1";""
"202100046058";"119Â 421";"A01";"1";"10";"0";"1";"1";"1";"1";""
"202100046059";"119Â 420";"A01";"2";"7";"0";"1";"2";"15";"1";""
"202100046060";"119Â 419";"A01";"1";"31";"0";"1";"8";"1";"1";""
"202100046061";"119Â 417";"A01";"2";"43";"0";"0";"6";"9";"1";""
"202100046061";"119Â 418";"B01";"2";"15";"0";"2";"3";"15";"1";""
"202100046062";"119Â 415";"A01";"2";"33";"0";"2";"1";"1";"1";""
"202100046062";"119Â 416";"B01";"2";"7";"0";"2";"3";"15";"1";""
"202100046063";"119Â 413";"A01";"3";"7";"0";"2";"7";"19";"1";""
"202100046063";"119Â 414";"B01";"3";"7";"0";"2";"2";"1";"1";""
"202100046064";"119Â 411";"A01";"3";"33";"0";"2";"3";"9";"1";""
"202100046064";"119Â 412";"B01";"3";"7";"0";"2";"5";"12";"1";""
"202100046065";"119Â 409";"B01";"2";"32";"0";"2";"5";"1";"1";""
"202100046065";"119Â 410";"A01";"1";"7";"0";"2";"5";"0";"1";""
"202100046066";"119Â 408";"A01";"3";"7";"1";"0";"1";"1";"2";""
"202100046067";"119Â 407";"A01";"1";"7";"1";"1";"1";"1";"1";""
"202100046068";"119Â 405";"Z01";"2";"7";"0";"0";"3";"13";"1";""
"202100046068";"119Â 406";"B01";"1";"7";"0";"2";"6";"1";"1";""
"202100046069";"119Â 403";"B01";"1";"7";"0";"2";"1";"1";"1";""
"202100046069";"119Â 404";"A01";"1";"33";"0";"2";"4";"2";"1";""
"202100046070";"119Â 401";"A01";"0";"33";"0";"2";"8";"17";"1";""
"202100046070";"119Â 402";"Z01";"3";"10";"0";"2";"7";"17";"1";""
"202100046071";"119Â 399";"A01";"2";"7";"0";"1";"3";"26";"1";""
"202100046072";"119Â 398";"A01";"2";"3";"6";"0";"1";"13";"1";""
"202100046073";"119Â 396";"B01";"2";"34";"0";"2";"1";"17";"1";""
"202100046073";"119Â 397";"A01";"2";"7";"0";"2";"8";"15";"1";""
"202100046074";"119Â 395";"A01";"1";"7";"0";"1";"1";"1";"1";""
"202100046075";"119Â 393";"A01";"1";"30";"0";"2";"7";"2";"1";""
"202100046075";"119Â 394";"B01";"1";"7";"0";"2";"3";"15";"1";""
"202100046076";"119Â 391";"A01";"1";"7";"0";"2";"2";"15";"1";""
"202100046076";"119Â 392";"B01";"2";"7";"0";"2";"1";"1";"1";""
"202100046077";"119Â 389";"B01";"1";"1";"0";"2";"7";"0";"5";""
"202100046077";"119Â 390";"A01";"1";"7";"0";"2";"1";"9";"1";""
"202100046078";"119Â 387";"B01";"1";"7";"0";"2";"4";"2";"1";""
"202100046078";"119Â 388";"A01";"1";"7";"0";"2";"1";"2";"1";""
"202100046079";"119Â 386";"A01";"2";"30";"14";"0";"8";"26";"1";""
"202100046080";"119Â 385";"A01";"1";"7";"0";"1";"1";"1";"1";""
"202100046081";"119Â 384";"A01";"1";"10";"8";"0";"2";"26";"1";""
"202100046082";"119Â 382";"B01";"1";"7";"0";"2";"2";"1";"1";""
"202100046082";"119Â 383";"A01";"1";"7";"0";"2";"1";"9";"1";""
"202100046083";"119Â 380";"A01";"2";"7";"0";"2";"7";"17";"1";""
"202100046083";"119Â 381";"B01";"2";"7";"0";"2";"8";"15";"1";""
"202100046084";"119Â 379";"A01";"1";"7";"0";"1";"2";"21";"1";""
"202100046085";"119Â 377";"B01";"3";"7";"0";"2";"3";"1";"1";""
"202100046085";"119Â 378";"A01";"3";"30";"0";"2";"2";"1";"1";""
"202100046086";"119Â 376";"A01";"1";"7";"0";"1";"1";"1";"1";""
"202100046087";"119Â 375";"A01";"1";"31";"13";"0";"1";"1";"1";""
"202100046088";"119Â 373";"A01";"1";"7";"1";"2";"2";"15";"1";""
"202100046088";"119Â 374";"C01";"2";"1";"0";"2";"1";"1";"5";""
"202100046089";"119Â 372";"A01";"2";"2";"1";"0";"1";"14";"3";""
"202100046090";"119Â 370";"B01";"2";"7";"0";"2";"8";"16";"1";""
"202100046090";"119Â 371";"A01";"2";"2";"0";"2";"1";"1";"1";""
"202100046091";"119Â 368";"A01";"1";"7";"0";"2";"3";"15";"1";""
"202100046091";"119Â 369";"B01";"2";"31";"0";"2";"1";"1";"1";""
"202100046092";"119Â 366";"B01";"0";"1";"0";"2";"3";"1";"5";""
"202100046092";"119Â 367";"A01";"0";"10";"0";"2";"3";"16";"1";""
"202100046093";"119Â 365";"A01";"2";"7";"8";"0";"2";"1";"3";""
"202100046094";"119Â 364";"A01";"1";"7";"1";"0";"2";"16";"1";""
"202100046095";"119Â 362";"B01";"2";"7";"0";"2";"8";"1";"1";""
"202100046095";"119Â 363";"A01";"2";"1";"0";"2";"1";"1";"5";""
"202100046096";"119Â 361";"A01";"0";"7";"6";"0";"2";"1";"1";""
"202100046097";"119Â 360";"A01";"2";"7";"13";"0";"1";"14";"1";""
"202100046098";"119Â 358";"B01";"1";"33";"0";"2";"1";"26";"1";""
"202100046098";"119Â 359";"A01";"2";"7";"0";"9";"8";"9";"1";""
"202100046099";"119Â 357";"A01";"2";"33";"12";"0";"1";"13";"1";""
"202100046100";"119Â 356";"A01";"3";"7";"2";"0";"1";"26";"1";""
"202100046101";"119Â 353";"C01";"3";"7";"0";"2";"4";"1";"2";""
"202100046101";"119Â 354";"A01";"3";"7";"0";"2";"1";"1";"1";""
"202100046101";"119Â 355";"B01";"3";"7";"0";"2";"9";"1";"1";""
"202100046102";"119Â 352";"A01";"3";"1";"0";"9";"0";"1";"5";""
"202100046103";"119Â 351";"A01";"2";"7";"13";"0";"1";"16";"1";""
"202100046104";"119Â 349";"B01";"3";"7";"0";"2";"8";"23";"1";""
"202100046104";"119Â 350";"A01";"3";"7";"0";"2";"1";"21";"1";""
"202100046105";"119Â 348";"B01";"1";"7";"0";"1";"5";"1";"1";""
"202100046106";"119Â 346";"B01";"1";"33";"0";"2";"1";"1";"1";""
"202100046106";"119Â 347";"A01";"2";"7";"0";"2";"2";"15";"1";""
"202100046107";"119Â 344";"B01";"2";"1";"0";"2";"1";"1";"5";""
"202100046107";"119Â 345";"A01";"1";"7";"0";"2";"5";"15";"1";""
"202100046108";"119Â 343";"A01";"2";"7";"0";"1";"3";"1";"1";""
"202100046109";"119Â 342";"Z01";"3";"99";"0";"1";"1";"26";"0";""
"202100046110";"119Â 340";"A01";"3";"7";"0";"2";"3";"16";"1";""
"202100046110";"119Â 341";"B01";"3";"33";"0";"2";"2";"1";"1";""
"202100046111";"119Â 339";"A01";"3";"7";"0";"1";"4";"4";"1";""
"202100046112";"119Â 337";"A01";"2";"7";"0";"2";"7";"15";"1";""
"202100046112";"119Â 338";"B01";"1";"34";"0";"2";"1";"1";"1";""
"202100046113";"119Â 336";"A01";"3";"7";"2";"0";"1";"1";"1";""
"202100046114";"119Â 334";"A01";"3";"7";"0";"2";"1";"15";"1";""
"202100046114";"119Â 335";"B01";"3";"7";"0";"2";"3";"1";"1";""
"202100046115";"119Â 332";"A01";"3";"7";"0";"2";"1";"1";"1";""
"202100046115";"119Â 333";"B01";"0";"7";"0";"2";"7";"9";"1";""
"202100046116";"119Â 331";"A01";"2";"7";"0";"1";"2";"15";"1";""
"202100046117";"119Â 330";"A01";"1";"7";"15";"0";"1";"14";"1";""
"202100046118";"119Â 329";"A01";"1";"7";"0";"1";"2";"1";"0";""
"202100046119";"119Â 327";"B01";"3";"33";"0";"2";"1";"1";"1";""
"202100046119";"119Â 328";"A01";"3";"7";"0";"2";"3";"5";"0";""
"202100046120";"119Â 325";"B01";"2";"7";"0";"0";"5";"2";"1";""
"202100046120";"119Â 326";"A01";"2";"7";"1";"2";"1";"2";"1";""
"202100046121";"119Â 323";"A01";"1";"7";"0";"2";"1";"16";"1";""
"202100046121";"119Â 324";"B01";"1";"2";"0";"2";"1";"1";"1";""
"202100046122";"119Â 321";"B01";"0";"34";"0";"2";"1";"1";"1";""
"202100046122";"119Â 322";"A01";"3";"7";"0";"2";"7";"15";"1";""
"202100046123";"119Â 319";"A01";"2";"32";"0";"2";"1";"13";"1";""
"202100046123";"119Â 320";"B01";"1";"7";"0";"0";"3";"0";"1";""
"202100046124";"119Â 318";"A01";"2";"34";"0";"1";"1";"1";"1";""
"202100046125";"119Â 316";"A01";"1";"7";"0";"2";"1";"0";"0";""
"202100046125";"119Â 317";"B01";"1";"7";"0";"2";"4";"1";"0";""
"202100046126";"119Â 315";"A01";"3";"7";"1";"0";"1";"13";"1";""
"202100046127";"119Â 312";"B01";"1";"30";"0";"2";"4";"1";"1";""
"202100046127";"119Â 313";"C01";"1";"7";"0";"2";"4";"0";"1";""
"202100046127";"119Â 314";"Z01";"1";"7";"0";"2";"1";"2";"0";""
"202100046128";"119Â 310";"A01";"2";"7";"0";"2";"3";"9";"2";""
"202100046128";"119Â 311";"B01";"3";"1";"0";"2";"5";"15";"0";""
"202100046129";"119Â 308";"A01";"1";"7";"0";"2";"1";"1";"1";""
"202100046129";"119Â 309";"B01";"1";"1";"0";"2";"4";"19";"6";""
"202100046130";"119Â 306";"A01";"1";"7";"0";"2";"7";"15";"1";""
"202100046130";"119Â 307";"B01";"2";"33";"0";"2";"1";"1";"1";""
"202100046131";"119Â 305";"A01";"1";"3";"9";"0";"1";"14";"1";""
"202100046132";"119Â 302";"A01";"3";"7";"0";"2";"2";"15";"1";""
"202100046132";"119Â 303";"C01";"3";"7";"0";"2";"6";"26";"0";""
"202100046132";"119Â 304";"B01";"3";"7";"0";"2";"3";"1";"1";""
"202100046133";"119Â 300";"B01";"3";"7";"0";"2";"6";"1";"1";""
"202100046133";"119Â 301";"A01";"3";"7";"0";"2";"8";"13";"1";""
"202100046134";"119Â 298";"A01";"1";"33";"0";"2";"7";"1";"1";""
"202100046134";"119Â 299";"B01";"1";"7";"0";"2";"6";"11";"1";""
"202100046135";"119Â 296";"B01";"1";"7";"0";"2";"4";"23";"1";""
"202100046135";"119Â 297";"A01";"1";"7";"0";"2";"1";"2";"1";""
"202100046136";"119Â 294";"B01";"3";"1";"0";"2";"7";"9";"5";""
"202100046136";"119Â 295";"A01";"2";"1";"0";"2";"1";"1";"5";""
"202100046137";"119Â 292";"A01";"1";"33";"1";"2";"2";"17";"1";""
"202100046137";"119Â 293";"B01";"1";"7";"0";"2";"3";"13";"1";""
"202100046138";"119Â 290";"A01";"2";"7";"0";"2";"2";"1";"1";""
"202100046138";"119Â 291";"B01";"2";"1";"0";"2";"1";"19";"5";""
"202100046139";"119Â 288";"B01";"1";"7";"0";"2";"4";"2";"1";""
"202100046139";"119Â 289";"A01";"1";"7";"0";"2";"1";"2";"1";""
"202100046140";"119Â 286";"A01";"3";"34";"0";"2";"1";"2";"1";""
"202100046140";"119Â 287";"B01";"3";"43";"0";"2";"4";"2";"1";""
"202100046141";"119Â 285";"A01";"1";"7";"1";"0";"1";"13";"1";""
"202100046142";"119Â 283";"Z01";"1";"7";"0";"2";"8";"22";"1";""
"202100046142";"119Â 284";"A01";"1";"1";"0";"2";"1";"1";"5";""
"202100046143";"119Â 281";"B01";"1";"7";"0";"2";"1";"1";"1";""
"202100046143";"119Â 282";"A01";"3";"1";"0";"2";"8";"19";"5";""
"202100046144";"119Â 279";"A01";"1";"10";"0";"2";"2";"5";"1";""
"202100046144";"119Â 280";"B01";"3";"1";"0";"2";"8";"26";"5";""
"202100046145";"119Â 278";"A01";"2";"7";"0";"1";"7";"1";"1";""
"202100046146";"119Â 276";"B01";"1";"7";"0";"2";"7";"1";"1";""
"202100046146";"119Â 277";"A01";"2";"10";"0";"2";"3";"1";"1";""
"202100046147";"119Â 274";"A01";"1";"10";"0";"2";"2";"9";"1";""
"202100046147";"119Â 275";"B01";"1";"2";"0";"2";"8";"1";"1";""
"202100046148";"119Â 273";"A01";"1";"36";"0";"0";"0";"26";"0";""
"202100046149";"119Â 272";"Z01";"3";"7";"0";"1";"0";"26";"0";""
"202100046150";"119Â 271";"A01";"1";"10";"1";"0";"1";"17";"1";""
"202100046151";"119Â 269";"A01";"2";"7";"0";"2";"1";"1";"1";""
"202100046151";"119Â 270";"B01";"1";"7";"0";"2";"1";"20";"1";""
"202100046152";"119Â 268";"A01";"0";"7";"0";"1";"0";"0";" -1";""
"202100046153";"119Â 266";"B01";"1";"34";"0";"2";"7";"1";"1";""
"202100046153";"119Â 267";"A01";"1";"30";"0";"2";"1";"10";"1";""
"202100046154";"119Â 265";"A01";"3";"32";"0";"0";"0";"26";"1";""
"202100046155";"119Â 264";"A01";"1";"7";"1";"0";"2";"16";"2";""
"202100046156";"119Â 263";"A01";"1";"30";"0";"0";"0";"0";"1";""
"202100046157";"119Â 261";"A01";"2";"30";"0";"2";"1";"5";"1";""
"202100046157";"119Â 262";"B01";"1";"7";"0";"2";"3";"19";"1";""
"202100046158";"119Â 260";"A01";"2";"1";"0";"0";"0";"5";"6";""
"202100046159";"119Â 258";"Y01";"2";"60";"0";"2";"8";"19";"5";""
"202100046159";"119Â 259";"A01";"2";"33";"0";"1";"1";"1";"1";""
"202100046160";"119Â 257";"A01";"0";"7";"0";"1";"2";"1";"1";""
"202100046161";"119Â 254";"B01";"1";"10";"0";"2";"3";"1";"1";""
"202100046161";"119Â 255";"A01";"1";"1";"0";"2";"8";"19";"5";""
"202100046162";"119Â 253";"A01";"2";"7";"8";"0";"1";"5";"1";""
"202100046163";"119Â 251";"A01";"1";"31";"0";"2";"3";"11";"0";""
"202100046163";"119Â 252";"B01";"1";"7";"0";"2";"5";"1";"1";""
"202100046164";"119Â 249";"A01";"1";"33";"0";"2";"1";"17";"1";""
"202100046164";"119Â 250";"B01";"2";"7";"0";"2";"3";"1";"1";""
"202100046165";"119Â 248";"A01";"1";"7";"13";"0";"2";"14";"1";""
"202100046166";"119Â 246";"A01";"1";"7";"0";"0";"5";"23";"1";""
"202100046166";"119Â 247";"B01";"1";"7";"0";"2";"3";"1";"1";""
"202100046167";"119Â 244";"A01";"3";"2";"13";"0";"1";"1";"1";""
"202100046168";"119Â 243";"A01";"1";"7";"0";"1";"2";"1";"1";""
"202100046169";"119Â 241";"B01";"2";"7";"0";"2";"1";"1";"1";""
"202100046169";"119Â 242";"A01";"2";"7";"0";"0";"4";"1";"1";""
"202100046170";"119Â 239";"A01";"3";"7";"0";"2";"2";"15";"1";""
"202100046170";"119Â 240";"B01";"3";"7";"0";"2";"1";"1";"1";""
"202100046171";"119Â 237";"B01";"2";"7";"0";"0";"8";"15";"1";""
"202100046171";"119Â 238";"A01";"2";"33";"0";"2";"1";"17";"1";""
"202100046172";"119Â 235";"A01";"2";"2";"0";"2";"1";"17";"1";""
"202100046172";"119Â 236";"B01";"2";"7";"0";"2";"6";"15";"1";""
"202100046173";"119Â 234";"A01";"3";"7";"6";"0";"7";"1";"1";""
"202100046174";"119Â 232";"A01";"2";"7";"0";"0";"4";"23";"1";""
"202100046174";"119Â 233";"B01";"2";"2";"0";"2";"1";"1";"1";""
"202100046175";"119Â 231";"A01";"2";"7";"2";"0";"8";"1";"1";""
"202100046176";"119Â 230";"A01";"1";"7";"13";"0";"2";"0";"1";""
"202100046177";"119Â 228";"A01";"1";"7";"0";"2";"3";"19";"1";""
"202100046177";"119Â 229";"B01";"2";"10";"6";"2";"8";"1";"1";""
"202100046178";"119Â 227";"A01";"1";"7";"0";"1";"3";"1";"1";""
"202100046179";"119Â 225";"B01";"2";"15";"0";"2";"3";"1";"1";""
"202100046179";"119Â 226";"A01";"1";"7";"0";"2";"3";"13";"6";""
"202100046180";"119Â 223";"A01";"3";"14";"0";"2";"0";"17";"1";""
"202100046180";"119Â 224";"B01";"3";"1";"0";"2";"0";"2";"5";""
"202100046181";"119Â 221";"B01";"2";"2";"0";"2";"1";"1";"1";""
"202100046181";"119Â 222";"A01";"1";"7";"0";"2";"3";"15";"1";""
"202100046182";"119Â 220";"A01";"3";"7";"0";"1";"7";"1";"1";""
"202100046183";"119Â 219";"A01";"2";"33";"0";"6";"1";"1";"1";""
"202100046184";"119Â 218";"A01";"1";"7";"1";"0";"1";"12";"1";""
"202100046185";"119Â 217";"A01";"0";"2";"0";"0";"0";"0";"1";""
"202100046186";"119Â 216";"A01";"1";"33";"0";"0";"0";"0";"1";""
"202100046187";"119Â 214";"A01";"2";"7";"0";"2";"3";"21";"1";""
"202100046187";"119Â 215";"B01";"1";"7";"0";"2";"3";"17";"1";""
"202100046188";"119Â 213";"A01";"1";"7";"2";"0";"2";"13";"1";""
"202100046189";"119Â 209";"A01";"0";"7";"0";"1";"3";"2";"1";""
"202100046190";"119Â 207";"B01";"2";"15";"0";"0";"4";"1";"1";""
"202100046190";"119Â 208";"A01";"2";"14";"0";"2";"1";"2";"1";""
"202100046191";"119Â 205";"B01";"2";"7";"0";"0";"1";"19";"1";""
"202100046191";"119Â 206";"A01";"1";"1";"0";"0";"7";"1";"5";""
"202100046192";"119Â 202";"A01";"0";"99";"0";"0";"0";"1";"6";""
"202100046193";"119Â 201";"A01";"2";"31";"11";"0";"2";"1";"1";""
"202100046194";"119Â 199";"B01";"1";"10";"15";"0";"5";"15";"1";""
"202100046194";"119Â 200";"A01";"2";"7";"0";"0";"2";"1";"1";""
"202100046195";"119Â 197";"B01";"3";"33";"0";"2";"1";"17";"1";""
"202100046195";"119Â 198";"A01";"3";"2";"0";"0";"4";"15";"1";""
"202100046196";"119Â 194";"A01";"0";"10";"0";"2";"2";"11";"1";""
"202100046196";"119Â 195";"B01";"0";"33";"0";"2";"1";"1";"1";""
"202100046197";"119Â 193";"A01";"3";"7";"0";"0";"3";"0";"1";""
"202100046198";"119Â 192";"A01";"2";"36";"8";"0";"2";"26";"1";""
"202100046199";"119Â 190";"B01";"3";"1";"0";"0";"0";"14";"5";""
"202100046199";"119Â 191";"A01";"3";"7";"0";"0";"0";"21";"1";""
"202100046200";"119Â 188";"B01";"2";"7";"0";"2";"1";"2";"1";""
"202100046200";"119Â 189";"A01";"2";"7";"0";"2";"4";"2";"1";""
"202100046201";"119Â 184";"B01";"2";"10";"3";"2";"6";"0";"1";""
"202100046201";"119Â 185";"A01";"2";"7";"0";"2";"1";"2";"1";""
"202100046202";"119Â 182";"A01";"2";"7";"0";"2";"3";"13";"1";""
"202100046202";"119Â 183";"B01";"2";"10";"0";"2";"5";"1";"1";""
"202100046203";"119Â 180";"B01";"2";"7";"0";"2";"2";"21";"1";""
"202100046203";"119Â 181";"A01";"1";"7";"0";"2";"1";"13";"1";""
"202100046204";"119Â 178";"B01";"1";"15";"0";"2";"6";"2";"1";""
"202100046204";"119Â 179";"A01";"1";"7";"0";"2";"1";"2";"1";""
"202100046205";"119Â 177";"A01";"2";"33";"0";"0";"0";"15";"1";""
"202100046206";"119Â 175";"B01";"1";"7";"0";"2";"1";"1";"1";""
"202100046206";"119Â 176";"A01";"1";"7";"3";"2";"3";"19";"1";""
"202100046207";"119Â 174";"A01";"2";"7";"0";"2";"1";"26";"1";""
"202100046208";"119Â 171";"B01";"2";"7";"0";"2";"8";"17";"1";""
"202100046208";"119Â 172";"A01";"2";"7";"0";"2";"8";"17";"1";""
"202100046209";"119Â 169";"A01";"1";"7";"0";"2";"2";"14";"1";""
"202100046209";"119Â 170";"B01";"1";"7";"0";"2";"3";"16";"1";""
"202100046210";"119Â 167";"A01";"1";"7";"0";"2";"1";"13";"1";""
"202100046210";"119Â 168";"B01";"1";"7";"0";"2";"3";"1";"1";""