"Num_Acc";"id_vehicule";"num_veh";"senc";"catv";"obs";"obsm";"choc";"manv";"motor";"occutc"
"202100046211";"119Â 165";"B01";"2";"7";"14";"0";"6";"1";"1";""
"202100046211";"119Â 166";"A01";"2";"32";"14";"0";"1";"11";"1";""
"202100046212";"119Â 163";"B01";"2";"7";"0";"2";"1";"15";"1";""
"202100046212";"119Â 164";"A01";"1";"7";"0";"2";"2";"1";"1";""
"202100046213";"119Â 162";"A01";"1";"7";"6";"0";"2";"1";"1";""
"202100046214";"119Â 160";"A01";"1";"13";"0";"2";"1";"2";"1";""
"202100046214";"119Â 161";"B01";"1";"7";"0";"9";"4";"2";"1";""
"202100046215";"119Â 158";"A01";"0";"7";"0";"2";"7";"9";"1";""
"202100046215";"119Â 159";"B01";"1";"31";"0";"2";"6";"1";"1";""
"202100046216";"119Â 157";"A01";"2";"30";"0";"1";"1";"1";"1";""
"202100046217";"119Â 155";"A01";"1";"99";"0";"2";"4";"9";"2";""
"202100046217";"119Â 156";"B01";"1";"10";"0";"9";"0";"2";"1";""
"202100046218";"119Â 154";"A01";"2";"7";"0";"1";"1";"9";"1";""
"202100046219";"119Â 153";"A01";"2";"33";"1";"0";"3";"13";"1";""
"202100046220";"119Â 152";"A01";"0";"7";"0";"1";"3";"9";"1";""
"202100046221";"119Â 151";"A01";"1";"99";"0";"0";"0";"16";"0";""
"202100046222";"119Â 149";"B01";"3";"7";"0";"2";"1";"2";"1";""
"202100046222";"119Â 150";"A01";"3";"34";"0";"2";"8";"2";"1";""
"202100046223";"119Â 147";"A01";"2";"7";"0";"2";"1";"15";"1";""
"202100046223";"119Â 148";"B01";"1";"33";"0";"2";"1";"1";"1";""
"202100046224";"119Â 146";"A01";"3";"7";"0";"1";"2";"1";"1";""
"202100046225";"119Â 145";"A01";"0";"7";"0";"1";"4";"20";"1";""
"202100046226";"119Â 143";"B01";"3";"7";"0";"2";"3";"26";"1";""
"202100046226";"119Â 144";"A01";"3";"7";"0";"2";"1";"26";"1";""
"202100046227";"119Â 141";"B01";"0";"7";"0";"2";"4";"9";"1";""
"202100046227";"119Â 142";"A01";"3";"7";"0";"2";"1";"1";"1";""
"202100046228";"119Â 140";"A01";"1";"7";"12";"0";"3";"13";"1";""
"202100046229";"119Â 139";"A01";"3";"33";"0";"0";"7";"17";"1";""
"202100046230";"119Â 137";"Z01";"0";"7";"0";"2";"4";"15";"0";""
"202100046230";"119Â 138";"B01";"0";"2";"0";"2";"1";"18";"0";""
"202100046231";"119Â 135";"B01";"2";"7";"0";"2";"3";"23";"1";""
"202100046231";"119Â 136";"A01";"1";"30";"0";"2";"1";"5";"1";""
"202100046232";"119Â 133";"Z01";"2";"7";"0";"2";"1";"14";"1";""
"202100046232";"119Â 134";"A01";"2";"34";"0";"2";"4";"13";"1";""
"202100046233";"119Â 131";"B01";"1";"32";"0";"2";"1";"1";"1";""
"202100046233";"119Â 132";"A01";"0";"7";"0";"2";"5";"15";"1";""
"202100046234";"119Â 129";"B01";"1";"33";"0";"2";"1";"2";"1";""
"202100046234";"119Â 130";"A01";"1";"2";"0";"2";"6";"15";"1";""
"202100046235";"119Â 127";"A01";"0";"10";"0";"2";"1";"2";"1";""
"202100046235";"119Â 128";"B01";"0";"7";"0";"2";"4";"2";"1";""
"202100046236";"119Â 125";"A01";"1";"7";"0";"2";"1";"10";"1";""
"202100046236";"119Â 126";"B01";"1";"2";"0";"2";"1";"1";"0";""
"202100046237";"119Â 124";"A01";"1";"7";"5";"0";"0";"0";"1";""
"202100046238";"119Â 122";"A01";"3";"30";"0";"2";"0";"0";"1";""
"202100046238";"119Â 123";"B01";"1";"7";"0";"2";"3";"9";"1";""
"202100046239";"119Â 119";"B01";"3";"43";"0";"9";"4";"0";"1";""
"202100046239";"119Â 120";"A01";"3";"7";"0";"2";"3";"26";"1";""
"202100046239";"119Â 121";"Z01";"3";"7";"0";"2";"1";"26";"0";""
"202100046240";"119Â 118";"A01";"1";"33";"6";"0";"1";"1";"1";""
"202100046241";"119Â 116";"B01";"3";"7";"0";"2";"4";"2";"1";""
"202100046241";"119Â 117";"A01";"3";"7";"0";"2";"1";"2";"1";""
"202100046242";"119Â 115";"A01";"2";"33";"0";"0";"0";"1";"1";""
"202100046243";"119Â 114";"A01";"1";"7";"1";"0";"1";"13";"1";""
"202100046244";"119Â 113";"A01";"1";"1";"12";"0";"1";"14";"5";""
"202100046245";"119Â 111";"B01";"1";"2";"0";"2";"1";"1";"1";""
"202100046245";"119Â 112";"A01";"1";"7";"0";"2";"1";"15";"1";""
"202100046246";"119Â 109";"B01";"2";"7";"0";"2";"6";"1";"1";""
"202100046246";"119Â 110";"A01";"2";"30";"0";"2";"1";"1";"1";""
"202100046247";"119Â 107";"B01";"2";"37";"0";"2";"4";"23";"1";"1"
"202100046247";"119Â 108";"A01";"2";"7";"14";"0";"1";"2";"1";""
"202100046248";"119Â 105";"B01";"1";"7";"0";"2";"3";"1";"1";""
"202100046248";"119Â 106";"A01";"2";"31";"0";"2";"2";"15";"1";""
"202100046249";"119Â 103";"Y01";"0";"50";"0";"2";"7";"0";"3";""
"202100046249";"119Â 104";"A01";"3";"7";"0";"2";"6";"20";"1";""
"202100046250";"119Â 102";"A01";"2";"7";"1";"0";"1";"1";"1";""
"202100046251";"119Â 100";"A01";"2";"7";"0";"0";"1";"9";"1";""
"202100046251";"119Â 101";"B01";"1";"7";"0";"0";"8";"1";"1";""
"202100046252";"119Â 099";"A01";"1";"1";"12";"0";"1";"1";"5";""
"202100046253";"119Â 098";"A01";"2";"32";"0";"1";"1";"1";"0";""
"202100046254";"119Â 097";"A01";"1";"7";"0";"1";"1";"1";"1";""
"202100046255";"119Â 095";"B01";"0";"50";"0";"2";"1";"1";"3";""
"202100046255";"119Â 096";"A01";"0";"7";"0";"0";"4";"9";"1";""
"202100046256";"119Â 093";"A01";"0";"33";"0";"2";"1";"1";"1";""
"202100046256";"119Â 094";"B01";"0";"37";"0";"2";"8";"1";"2";"2"
"202100046257";"119Â 091";"B01";"1";"7";"0";"2";"8";"1";"1";""
"202100046257";"119Â 092";"A01";"1";"33";"0";"2";"7";"17";"1";""
"202100046258";"119Â 090";"A01";"3";"33";"3";"0";"2";"1";"1";""
"202100046259";"119Â 088";"B01";"2";"10";"0";"0";"7";"15";"1";""
"202100046259";"119Â 089";"A01";"1";"33";"0";"2";"1";"1";"1";""
"202100046260";"119Â 087";"A01";"2";"7";"0";"1";"2";"1";"1";""
"202100046261";"119Â 086";"A01";"0";"36";"2";"0";"1";"0";"0";""
"202100046262";"119Â 082";"A01";"1";"7";"0";"2";"4";"1";"1";""
"202100046262";"119Â 083";"B01";"2";"7";"0";"2";"1";"2";"1";""
"202100046263";"119Â 080";"B01";"1";"7";"0";"2";"3";"1";"1";""
"202100046263";"119Â 081";"A01";"2";"7";"0";"2";"3";"13";"1";""
"202100046264";"119Â 079";"A01";"1";"33";"0";"0";"1";"1";"1";""
"202100046265";"119Â 077";"A01";"1";"7";"0";"2";"1";"13";"1";""
"202100046265";"119Â 078";"B01";"2";"7";"0";"2";"1";"1";"1";""
"202100046266";"119Â 075";"A01";"2";"7";"3";"2";"2";"13";"1";""
"202100046266";"119Â 076";"B01";"1";"7";"0";"2";"1";"1";"1";""
"202100046267";"119Â 072";"A01";"1";"2";"0";"0";"5";"0";"1";""
"202100046267";"119Â 073";"B01";"1";"2";"0";"2";"2";"2";"1";""
"202100046268";"119Â 070";"A01";"1";"7";"0";"2";"1";"15";"1";""
"202100046268";"119Â 071";"B01";"2";"7";"12";"2";"3";"1";"1";""
"202100046269";"119Â 069";"A01";"3";"7";"13";"0";"1";"1";"2";""
"202100046270";"119Â 067";"B01";"2";"7";"0";"0";"0";"0";" -1";""
"202100046270";"119Â 068";"A01";"2";"30";"16";"0";"4";"1";"1";""
"202100046271";"119Â 066";"A01";"2";"31";"0";"0";"0";"1";"1";""
"202100046272";"119Â 064";"B01";"1";"31";"0";"2";"7";"17";"3";""
"202100046272";"119Â 065";"A01";"1";"7";"0";"2";"8";"17";"1";""
"202100046273";"119Â 062";"A01";"1";"7";"0";"2";"1";"13";"1";""
"202100046273";"119Â 063";"B01";"2";"7";"0";"2";"1";"1";"1";""
"202100046274";"119Â 061";"A01";"0";"31";"13";"0";"3";"1";"1";""
"202100046275";"119Â 060";"A01";"1";"2";"0";"0";"0";"1";"1";""
"202100046276";"119Â 059";"A01";"2";"7";"17";"0";"9";"1";"1";""
"202100046277";"119Â 057";"A01";"2";"33";"0";"2";"1";"17";"1";""
"202100046277";"119Â 058";"B01";"2";"1";"0";"2";"4";"15";"5";""
"202100046278";"119Â 054";"B01";"3";"7";"13";"2";"1";"1";"1";""
"202100046278";"119Â 055";"A01";"3";"7";"13";"2";"2";"19";"1";""
"202100046279";"119Â 052";"A01";"1";"7";"0";"9";"2";"2";"1";""
"202100046279";"119Â 053";"B01";"2";"1";"0";"0";"4";"1";"5";""
"202100046280";"119Â 051";"A01";"1";"7";"2";"0";"1";"14";"1";""
"202100046281";"119Â 050";"A01";"0";"7";"13";"0";"1";"0";"0";""
"202100046282";"119Â 049";"A01";"2";"7";"0";"1";"3";"1";"1";""
"202100046283";"119Â 048";"A01";"1";"7";"2";"0";"1";"13";"1";""
"202100046284";"119Â 046";"A01";"2";"7";"0";"2";"1";"1";"1";""
"202100046284";"119Â 047";"B01";"3";"7";"0";"2";"3";"15";"1";""
"202100046285";"119Â 045";"A01";"1";"7";"13";"0";"2";"21";"1";""
"202100046286";"119Â 040";"A01";"2";"7";"0";"2";"1";"13";"1";""
"202100046286";"119Â 041";"B01";"1";"33";"0";"2";"1";"1";"1";""
"202100046286";"119Â 042";"C01";"1";"33";"0";"2";"1";"1";"1";""
"202100046286";"119Â 043";"D01";"1";"33";"0";"2";"1";"1";"1";""
"202100046286";"119Â 044";"E01";"1";"33";"0";"9";"1";"1";"1";""
"202100046287";"119Â 039";"A01";"2";"2";"13";"0";"0";"1";"1";""
"202100046288";"119Â 038";"A01";"1";"7";"13";"0";"3";"1";"1";""
"202100046289";"119Â 037";"A01";"1";"33";"0";"0";"0";"1";"1";""
"202100046290";"119Â 035";"B01";"2";"33";"0";"2";"1";"1";"1";""
"202100046290";"119Â 036";"A01";"1";"17";"0";"2";"3";"15";"1";""
"202100046291";"119Â 034";"A01";"3";"7";"0";"1";"1";"1";"1";""
"202100046292";"119Â 033";"A01";"3";"33";"0";"0";"7";"1";"1";""
"202100046293";"119Â 031";"B01";"1";"7";"0";"2";"1";"1";"1";""
"202100046293";"119Â 032";"A01";"1";"7";"0";"2";"3";"15";"1";""
"202100046294";"119Â 030";"A01";"1";"10";"4";"0";"0";"0";"1";""
"202100046295";"119Â 028";"B01";"2";"33";"0";"2";"7";"17";"1";""
"202100046295";"119Â 029";"A01";"2";"7";"0";"2";"8";"11";"1";""
"202100046296";"119Â 027";"A01";"2";"7";"4";"0";"1";"1";"1";""
"202100046297";"119Â 025";"B01";"2";"10";"0";"0";"4";"15";"1";""
"202100046297";"119Â 026";"A01";"2";"31";"0";"2";"1";"17";"1";""
"202100046298";"119Â 023";"B01";"2";"7";"0";"0";"8";"15";"1";""
"202100046298";"119Â 024";"A01";"2";"2";"0";"2";"2";"17";"1";""
"202100046299";"119Â 022";"A01";"1";"7";"7";"9";"1";"1";"1";""
"202100046300";"119Â 020";"A01";"2";"7";"0";"2";"3";"1";"1";""
"202100046300";"119Â 021";"B01";"2";"7";"0";"2";"1";"17";"1";""
"202100046301";"119Â 018";"A01";"1";"33";"0";"2";"1";"1";"1";""
"202100046301";"119Â 019";"B01";"1";"7";"0";"2";"3";"15";"1";""
"202100046302";"119Â 015";"A01";"2";"31";"0";"2";"2";"17";"1";""
"202100046302";"119Â 016";"B01";"2";"7";"0";"0";"8";"15";"1";""
"202100046303";"119Â 013";"B01";"2";"7";"0";"2";"3";"1";"1";""
"202100046303";"119Â 014";"A01";"1";"7";"0";"2";"3";"1";"1";""
"202100046304";"119Â 011";"B01";"2";"10";"0";"2";"1";"1";"1";""
"202100046304";"119Â 012";"A01";"1";"33";"0";"2";"1";"13";"1";""
"202100046305";"119Â 008";"C01";"2";"33";"0";"2";"3";"0";"1";""
"202100046305";"119Â 009";"B01";"1";"33";"0";"2";"1";"0";"1";""
"202100046305";"119Â 010";"A01";"2";"33";"0";"2";"1";"17";"1";""
"202100046306";"119Â 006";"B01";"2";"33";"0";"2";"7";"1";"1";""
"202100046306";"119Â 007";"A01";"2";"10";"0";"2";"2";"19";"1";""
"202100046307";"119Â 005";"A01";"1";"10";"0";"0";"1";"26";"1";""
"202100046308";"119Â 003";"B01";"1";"2";"0";"2";"1";"17";"1";""
"202100046308";"119Â 004";"A01";"1";"21";"0";"2";"3";"15";"1";""
"202100046309";"119Â 001";"B01";"2";"7";"0";"2";"3";"1";"1";""
"202100046309";"119Â 002";"A01";"1";"1";"0";"2";"1";"19";"5";""
"202100046310";"118Â 999";"B01";"3";"10";"0";"2";"3";"0";"1";""
"202100046310";"119Â 000";"A01";"3";"7";"0";"2";"2";"19";"1";""
"202100046311";"118Â 997";"B01";"1";"32";"0";"2";"7";"3";"1";""
"202100046311";"118Â 998";"A01";"1";"7";"0";"2";"8";"13";"1";""
"202100046312";"118Â 995";"B01";"2";"1";"0";"2";"1";"15";"5";""
"202100046312";"118Â 996";"A01";"1";"7";"0";"2";"3";"1";"1";""
"202100046313";"118Â 994";"A01";"3";"2";"13";"0";"1";"14";"1";""
"202100046314";"118Â 992";"B01";"1";"43";"3";"2";"1";"1";"1";""
"202100046314";"118Â 993";"A01";"2";"10";"0";"2";"3";"1";"1";""
"202100046315";"118Â 990";"B01";"0";"2";"0";"2";"1";"1";"1";""
"202100046315";"118Â 991";"A01";"0";"7";"0";"0";"5";"20";"1";""
"202100046316";"118Â 988";"B01";"2";"33";"0";"2";"1";"2";"1";""
"202100046316";"118Â 989";"A01";"2";"7";"0";"2";"4";"1";"1";""
"202100046317";"118Â 986";"B01";"2";"7";"0";"1";"1";"26";"1";""
"202100046317";"118Â 987";"A01";"2";"7";"15";"0";"0";"1";"1";""
"202100046318";"118Â 984";"B01";"1";"7";"0";"2";"1";"2";"1";""
"202100046318";"118Â 985";"A01";"1";"7";"0";"2";"4";"9";"1";""
"202100046319";"118Â 983";"A01";"2";"33";"3";"0";"1";"18";"1";""
"202100046320";"118Â 981";"A01";"1";"7";"0";"2";"2";"12";"1";""
"202100046320";"118Â 982";"B01";"1";"7";"0";"2";"8";"1";"1";""
"202100046321";"118Â 979";"A01";"2";"7";"4";"2";"3";"1";"1";""
"202100046321";"118Â 980";"B01";"2";"7";"0";"2";"4";"1";"1";""
"202100046322";"118Â 974";"D01";"2";"10";"0";"2";"4";"23";"1";""
"202100046322";"118Â 975";"E01";"2";"7";"0";"2";"1";"2";"1";""
"202100046322";"118Â 976";"C01";"2";"10";"0";"2";"4";"23";"1";""
"202100046322";"118Â 977";"B01";"2";"7";"0";"2";"4";"23";"1";""
"202100046322";"118Â 978";"A01";"2";"13";"0";"2";"4";"23";"1";""
"202100046323";"118Â 970";"D01";"2";"7";"0";"2";"1";"2";"1";""
"202100046323";"118Â 971";"A01";"2";"7";"0";"2";"4";"23";"1";""
"202100046323";"118Â 972";"B01";"2";"7";"0";"2";"4";"23";"1";""
"202100046323";"118Â 973";"C01";"2";"7";"0";"2";"4";"23";"1";""
"202100046324";"118Â 969";"A01";"1";"7";"5";"0";"2";"14";"1";""
"202100046325";"118Â 968";"A01";"2";"7";"0";"0";"0";"1";"1";""
"202100046326";"118Â 964";"D01";"1";"7";"0";"2";"1";"0";"1";""
"202100046326";"118Â 965";"C01";"2";"10";"0";"2";"2";"0";"1";""
"202100046326";"118Â 966";"B01";"1";"10";"0";"2";"8";"0";"1";""
"202100046326";"118Â 967";"A01";"1";"7";"0";"2";"2";"3";"1";""
"202100046327";"118Â 962";"B01";"2";"7";"0";"2";"4";"2";"1";""
"202100046327";"118Â 963";"Z01";"2";"7";"0";"2";"1";"1";"1";""
"202100046328";"118Â 960";"A01";"2";"7";"0";"2";"3";"1";"1";""
"202100046328";"118Â 961";"B01";"2";"7";"0";"2";"5";"2";"1";""
"202100046329";"118Â 957";"A01";"1";"7";"15";"0";"7";"1";"1";""
"202100046330";"118Â 955";"B01";"2";"7";"0";"2";"2";"15";"1";""
"202100046330";"118Â 956";"A01";"1";"7";"0";"2";"1";"1";"1";""
"202100046331";"118Â 954";"A01";"1";"30";"0";"2";"7";"1";"1";""
"202100046332";"118Â 952";"B01";"1";"7";"14";"0";"1";"1";"1";""
"202100046332";"118Â 953";"A01";"1";"7";"0";"2";"1";"26";"1";""
"202100046333";"118Â 951";"A01";"1";"7";"4";"0";"1";"1";"1";""
"202100046334";"118Â 949";"A01";"2";"7";"0";"2";"8";"10";"1";""
"202100046334";"118Â 950";"B01";"1";"33";"0";"2";"1";"1";"1";""
"202100046335";"118Â 948";"A01";"3";"13";"0";"1";"1";"15";"1";""
"202100046336";"118Â 947";"A01";"1";"10";"12";"0";"1";"14";"1";""
"202100046337";"118Â 945";"A01";"1";"7";"0";"2";"2";"16";"1";""
"202100046337";"118Â 946";"B01";"2";"30";"0";"2";"1";"1";"1";""
"202100046338";"118Â 944";"A01";"2";"30";"9";"0";"1";"1";"1";""
"202100046339";"118Â 942";"A01";"1";"7";"6";"2";"1";"13";"1";""
"202100046339";"118Â 943";"B01";"2";"7";"6";"2";"3";"1";"1";""
"202100046340";"118Â 940";"B01";"3";"7";"0";"2";"8";"15";"1";""
"202100046340";"118Â 941";"A01";"3";"7";"0";"2";"1";"17";"1";""
"202100046341";"118Â 939";"A01";"2";"34";"0";"0";"8";"9";"1";""
"202100046342";"118Â 938";"A01";"3";"50";"0";"0";"0";"25";"3";""
"202100046343";"118Â 936";"A01";"1";"7";"0";"2";"1";"1";"1";""
"202100046343";"118Â 937";"B01";"1";"7";"0";"2";"4";"0";"1";""
"202100046344";"118Â 934";"A01";"1";"7";"0";"2";"4";"4";"1";""
"202100046344";"118Â 935";"B01";"1";"7";"0";"2";"1";"1";"1";""
"202100046345";"118Â 931";"C01";"1";"7";"0";"2";"0";"0";"1";""
"202100046345";"118Â 932";"B01";"1";"7";"0";"2";"8";"0";"1";""
"202100046345";"118Â 933";"A01";"1";"7";"0";"2";"2";"21";"1";""
"202100046346";"118Â 929";"B01";"1";"7";"0";"2";"8";"1";"1";""
"202100046346";"118Â 930";"A01";"2";"7";"0";"2";"2";"1";"1";""
"202100046347";"118Â 927";"A01";"2";"30";"0";"2";"1";"1";"1";""
"202100046347";"118Â 928";"B01";"2";"7";"0";"2";"4";"1";"1";""
"202100046348";"118Â 925";"B01";"2";"7";"0";"2";"2";"1";"1";""
"202100046348";"118Â 926";"A01";"1";"7";"9";"2";"3";"1";"1";""
"202100046349";"118Â 923";"B01";"1";"7";"0";"2";"3";"1";"1";""
"202100046349";"118Â 924";"A01";"2";"30";"0";"2";"3";"17";"1";""
"202100046350";"118Â 921";"A01";"2";"7";"16";"2";"3";"10";"1";""
"202100046350";"118Â 922";"B01";"2";"7";"0";"2";"1";"1";"1";""
"202100046351";"118Â 919";"B01";"3";"33";"0";"2";"4";"1";"1";""
"202100046351";"118Â 920";"A01";"3";"7";"0";"2";"3";"2";"1";""
"202100046352";"118Â 917";"B01";"3";"7";"0";"2";"3";"2";"1";""
"202100046352";"118Â 918";"A01";"3";"7";"0";"2";"6";"15";"1";""
"202100046353";"118Â 915";"B01";"1";"7";"0";"2";"5";"15";"1";""
"202100046353";"118Â 916";"A01";"1";"30";"0";"2";"8";"1";"1";""
"202100046354";"118Â 913";"A01";"1";"7";"0";"2";"4";"2";"1";""
"202100046354";"118Â 914";"B01";"1";"7";"0";"2";"1";"2";"0";""
"202100046355";"118Â 909";"A01";"3";"33";"0";"0";"0";"2";"1";""
"202100046356";"118Â 908";"A01";"2";"7";"1";"0";"2";"15";"1";""
"202100046357";"118Â 906";"B01";"0";"32";"1";"2";"1";"6";"1";""
"202100046357";"118Â 907";"A01";"0";"7";"0";"2";"3";"9";"1";""
"202100046358";"118Â 904";"B01";"1";"31";"0";"2";"2";"1";"1";""
"202100046358";"118Â 905";"A01";"1";"7";"0";"2";"3";"11";"1";""
"202100046359";"118Â 902";"B01";"1";"30";"0";"2";"1";"1";"1";""
"202100046359";"118Â 903";"A01";"2";"30";"0";"2";"8";"19";"1";""
"202100046360";"118Â 900";"A01";"2";"33";"0";"2";"7";"17";"1";""
"202100046360";"118Â 901";"B01";"3";"7";"0";"2";"2";"15";"1";""
"202100046361";"118Â 899";"A01";"3";"32";"0";"1";"1";"1";"1";""
"202100046362";"118Â 897";"A01";"1";"7";"1";"0";"4";"23";"1";""
"202100046362";"118Â 898";"B01";"1";"7";"14";"2";"1";"1";"1";""
"202100046363";"118Â 895";"B01";"2";"34";"0";"2";"7";"17";"1";""
"202100046363";"118Â 896";"A01";"2";"10";"0";"2";"8";"9";"1";""
"202100046364";"118Â 893";"A01";"1";"7";"0";"2";"1";"1";"1";""
"202100046364";"118Â 894";"B01";"1";"32";"0";"2";"8";"1";"1";""
"202100046365";"118Â 891";"B01";"1";"30";"0";"2";"1";"2";"1";""
"202100046365";"118Â 892";"A01";"1";"1";"0";"2";"4";"2";"5";""
"202100046366";"118Â 890";"A01";"1";"34";"0";"0";"8";"1";"1";""
"202100046367";"118Â 887";"C01";"3";"80";"0";"2";"1";"1";"3";""
"202100046367";"118Â 888";"B01";"2";"80";"0";"2";"1";"1";"3";""
"202100046367";"118Â 889";"A01";"1";"80";"0";"2";"1";"5";"3";""
"202100046368";"118Â 886";"A01";"1";"30";"0";"0";"0";"1";"1";""
"202100046369";"118Â 885";"A01";"2";"43";"0";"0";"8";"1";"1";""
"202100046370";"118Â 883";"B01";"2";"30";"0";"2";"1";"9";"1";""
"202100046370";"118Â 884";"A01";"2";"32";"0";"2";"3";"7";"1";""
"202100046371";"118Â 881";"Z01";"1";"7";"0";"2";"2";"22";"1";""
"202100046371";"118Â 882";"A01";"1";"1";"0";"2";"8";"1";"5";""
"202100046372";"118Â 879";"B01";"3";"2";"0";"2";"8";"11";"1";""
"202100046372";"118Â 880";"A01";"3";"7";"0";"2";"2";"1";"1";""
"202100046373";"118Â 878";"A01";"1";"7";"1";"0";"7";"14";"1";""
"202100046374";"118Â 877";"A01";"3";"7";"11";"0";"9";"1";"1";""
"202100046375";"118Â 875";"B01";"2";"1";"0";"2";"1";"1";"5";""
"202100046375";"118Â 876";"A01";"1";"1";"0";"2";"1";"14";"5";""
"202100046376";"118Â 874";"A01";"1";"50";"0";"0";"0";"26";"3";""
"202100046377";"118Â 872";"A01";"2";"32";"0";"2";"1";"1";"1";""
"202100046377";"118Â 873";"Z01";"2";"1";"0";"2";"5";"1";"5";""
"202100046378";"118Â 869";"C01";"2";"32";"0";"2";"1";"7";"1";""
"202100046378";"118Â 870";"B01";"2";"31";"0";"2";"5";"7";"3";""
"202100046378";"118Â 871";"A01";"2";"32";"0";"2";"5";"23";"1";""
"202100046379";"118Â 867";"B01";"2";"1";"0";"2";"7";"1";"5";""
"202100046379";"118Â 868";"A01";"2";"10";"0";"2";"3";"22";"1";""
"202100046380";"118Â 865";"B01";"1";"50";"0";"2";"0";"21";"3";""
"202100046380";"118Â 866";"A01";"1";"10";"0";"2";"0";"22";"1";""
"202100046381";"118Â 864";"A01";"1";"33";"1";"0";"1";"14";"1";""
"202100046382";"118Â 863";"A01";"1";"34";"0";"1";"1";"1";"1";""
"202100046383";"118Â 861";"B01";"1";"1";"0";"2";"1";"1";"5";""
"202100046383";"118Â 862";"A01";"1";"7";"0";"2";"3";"22";"1";""
"202100046384";"118Â 859";"A01";"1";"7";"0";"2";"2";"1";"2";""
"202100046384";"118Â 860";"B01";"1";"33";"0";"2";"1";"16";"1";""
"202100046385";"118Â 857";"B01";"2";"50";"0";"2";"8";"7";"3";""
"202100046385";"118Â 858";"A01";"2";"37";"0";"2";"7";"14";"2";"1"
"202100046386";"118Â 855";"A01";"1";"33";"0";"2";"3";"15";"1";""
"202100046386";"118Â 856";"B01";"1";"50";"0";"2";"2";"1";"3";""
"202100046387";"118Â 854";"A01";"1";"1";"0";"1";"1";"1";"5";""
"202100046388";"118Â 853";"A01";"2";"7";"1";"0";"2";"14";"1";""
"202100046389";"118Â 851";"B01";"2";"3";"0";"2";"3";"1";"1";""
"202100046389";"118Â 852";"Y01";"2";"1";"0";"2";"1";"2";"5";""
"202100046390";"118Â 849";"A01";"2";"7";"0";"2";"2";"15";"1";""
"202100046390";"118Â 850";"B01";"1";"31";"0";"2";"0";"0";"1";""
"202100046391";"118Â 848";"B01";"3";"32";"0";"2";"8";"1";"1";""
"202100046392";"118Â 847";"A01";"3";"7";"0";"1";"3";"1";"1";""
"202100046393";"118Â 845";"B01";"1";"1";"0";"2";"7";"15";"5";""
"202100046393";"118Â 846";"A01";"1";"7";"0";"2";"3";"1";"1";""
"202100046394";"118Â 843";"B01";"3";"33";"0";"2";"1";"1";"1";""
"202100046394";"118Â 844";"A01";"1";"7";"0";"2";"3";"0";"1";""
"202100046395";"118Â 841";"A01";"1";"7";"8";"2";"3";"26";"1";""
"202100046395";"118Â 842";"B01";"1";"30";"8";"2";"7";"17";"0";""
"202100046396";"118Â 840";"A01";"2";"7";"0";"1";"8";"1";"1";""
"202100046397";"118Â 838";"A01";"1";"7";"0";"2";"3";"15";"1";""
"202100046397";"118Â 839";"B01";"1";"34";"0";"2";"7";"17";"1";""
"202100046398";"118Â 836";"A01";" -1";"7";"0";"2";"3";"15";"0";""
"202100046398";"118Â 837";"B01";" -1";"7";"8";"2";"3";"1";"1";""
"202100046399";"118Â 834";"B01";"0";"7";"0";"2";"1";"0";"0";""
"202100046399";"118Â 835";"A01";"0";"30";"0";"2";"4";"1";"1";""
"202100046400";"118Â 833";"A01";"3";"7";"8";"0";"2";"15";"0";""
"202100046401";"118Â 831";"A01";"3";"7";"0";"0";"4";"1";"0";""
"202100046401";"118Â 832";"B01";"3";"0";"0";"2";"1";"1";"0";""
"202100046402";"118Â 829";"B01";"3";"2";"0";"2";"2";"1";"1";""
"202100046402";"118Â 830";"A01";"3";"7";"0";"2";"3";"19";"1";""
"202100046403";"118Â 828";"A01";"1";"32";"1";"0";"1";"26";"1";""
"202100046404";"118Â 826";"A01";"2";"7";"0";"2";"8";"15";"1";""
"202100046404";"118Â 827";"B01";"2";"2";"0";"2";"1";"1";"1";""
"202100046405";"118Â 824";"B01";"1";"31";"0";"2";"1";"1";"1";""
"202100046405";"118Â 825";"A01";"2";"7";"0";"2";"3";"1";"1";""
"202100046406";"118Â 822";"A01";"1";"7";"0";"2";"3";"14";"1";""
"202100046406";"118Â 823";"B01";"1";"33";"0";"2";"1";"17";"1";""
"202100046407";"118Â 820";"B01";"2";"7";"0";"2";"3";"0";"1";""
"202100046407";"118Â 821";"A01";"2";"7";"0";"2";"1";"0";"1";""
"202100046408";"118Â 819";"A01";"2";"7";"0";"1";"1";"1";"1";""
"202100046409";"118Â 818";"A01";"1";"7";"6";"0";"0";"0";"3";""
"202100046410";"118Â 817";"A01";"2";"33";"3";"6";"1";"1";"1";""
"202100046411";"118Â 816";"A01";"1";"7";"13";"0";"1";"1";"1";""
"202100046412";"118Â 815";"A01";"2";"7";"2";"0";"0";"1";"1";""
"202100046413";"118Â 813";"B01";"1";"10";"0";"2";"5";"15";"1";""
"202100046413";"118Â 814";"A01";"2";"33";"0";"2";"1";"1";"0";""
"202100046414";"118Â 811";"B01";"1";"7";"0";"0";"3";"2";"1";""
"202100046414";"118Â 812";"A01";"1";"7";"4";"2";"3";"11";"1";""
"202100046415";"118Â 809";"B01";"1";"33";"0";"2";"1";"1";"1";""