"Num_Acc";"id_vehicule";"num_veh";"senc";"catv";"obs";"obsm";"choc";"manv";"motor";"occutc"
"202100046415";"118Â 810";"A01";"2";"10";"0";"0";"8";"11";"1";""
"202100046416";"118Â 808";"A01";"2";"7";"2";"0";"3";"1";"1";""
"202100046417";"118Â 806";"B01";"2";"7";"0";"2";"3";"1";"1";""
"202100046417";"118Â 807";"A01";"1";"33";"0";"2";"4";"1";"1";""
"202100046418";"118Â 805";"A01";"2";"7";"2";"0";"4";"13";"1";""
"202100046419";"118Â 803";"A01";"2";"7";"0";"2";"1";"13";"1";""
"202100046419";"118Â 804";"B01";"2";"37";"0";"2";"3";"21";"1";"1"
"202100046420";"118Â 802";"A01";"0";"2";"0";"0";"0";"0";"0";""
"202100046421";"118Â 800";"A01";"1";"2";"0";"2";"1";"1";"1";""
"202100046421";"118Â 801";"B01";"1";"7";"0";"0";"8";"1";"1";""
"202100046422";"118Â 799";"A01";"1";"7";"13";"0";"0";"1";"1";""
"202100046423";"118Â 797";"B01";"2";"36";"0";"2";"1";"1";"1";""
"202100046423";"118Â 798";"A01";"1";"33";"0";"2";"1";"1";"1";""
"202100046424";"118Â 795";"B01";"2";"1";"0";"2";"4";"2";"5";""
"202100046424";"118Â 796";"A01";"2";"7";"0";"2";"1";"2";"1";""
"202100046425";"118Â 792";"B01";"1";"7";"0";"2";"3";"2";"1";""
"202100046425";"118Â 793";"C01";"2";"7";"0";"0";"8";"1";"1";""
"202100046425";"118Â 794";"A01";"1";"7";"0";"2";"1";"1";"1";""
"202100046426";"118Â 791";"A01";"2";"7";"2";"0";"2";"1";"1";""
"202100046427";"118Â 790";"A01";"2";"33";"3";"0";"1";"1";"1";""
"202100046428";"118Â 789";"A01";"1";"33";"0";"0";"1";"1";"1";""
"202100046429";"118Â 788";"A01";"1";"32";"0";"0";"7";"16";"1";""
"202100046430";"118Â 787";"A01";"1";"7";"0";"0";"2";"1";"1";""
"202100046431";"118Â 785";"A01";"2";"7";"0";"2";"1";"13";"1";""
"202100046431";"118Â 786";"B01";"1";"7";"0";"2";"1";"1";"1";""
"202100046432";"118Â 783";"A01";"2";"7";"0";"2";"7";"2";"1";""
"202100046432";"118Â 784";"B01";"2";"1";"0";"2";"8";"2";"0";""
"202100046433";"118Â 781";"B01";"0";"7";"0";"2";"3";"0";"1";""
"202100046433";"118Â 782";"A01";"0";"2";"0";"2";"2";"0";"1";""
"202100046434";"118Â 779";"B01";"2";"7";"0";"9";"3";"1";"1";""
"202100046434";"118Â 780";"A01";"1";"31";"0";"2";"0";"13";"1";""
"202100046435";"118Â 778";"A01";"2";"33";"10";"0";"7";"14";"1";""
"202100046436";"118Â 776";"A01";"1";"10";"0";"0";"7";"19";"0";""
"202100046436";"118Â 777";"B01";"1";"33";"0";"2";"1";"1";"1";""
"202100046437";"118Â 775";"A01";"3";"7";"2";"0";"2";"14";"1";""
"202100046438";"118Â 774";"A01";"2";"1";"0";"2";"1";"1";"5";""
"202100046439";"118Â 772";"B01";"2";"7";"0";"2";"3";"1";"1";""
"202100046439";"118Â 773";"A01";"1";"7";"0";"2";"1";"17";"1";""
"202100046440";"118Â 771";"A01";"0";"33";"13";"0";"1";"1";"1";""
"202100046441";"118Â 769";"B01";"2";"31";"0";"2";"1";"1";"1";""
"202100046441";"118Â 770";"A01";"1";"7";"0";"2";"3";"15";"1";""
"202100046442";"118Â 768";"A01";"2";"7";"13";"0";"1";"1";"1";""
"202100046443";"118Â 767";"A01";"3";"7";"6";"0";"0";"1";"1";""
"202100046444";"118Â 765";"B01";"3";"7";"0";"2";"3";"26";"1";""
"202100046444";"118Â 766";"A01";"3";"2";"0";"2";"3";"16";"1";""
"202100046445";"118Â 764";"A01";"1";"36";"5";"0";"3";"1";"1";""
"202100046446";"118Â 763";"A01";"1";"33";"0";"1";"1";"13";"1";""
"202100046447";"118Â 760";"A01";"0";"2";"13";"0";"1";"0";"1";""
"202100046448";"118Â 756";"C01";"2";"1";"0";"2";"7";"1";"5";""
"202100046448";"118Â 757";"B01";"2";"1";"0";"2";"2";"1";"5";""
"202100046448";"118Â 758";"A01";"2";"10";"0";"2";"6";"4";"1";""
"202100046449";"118Â 754";"B01";"2";"1";"0";"2";"1";"1";"5";""
"202100046449";"118Â 755";"A01";"1";"7";"0";"0";"7";"15";"1";""
"202100046450";"118Â 753";"A01";"3";"2";"0";"0";"0";"1";"1";""
"202100046451";"118Â 752";"A01";"0";"7";"0";"1";"3";"1";"1";""
"202100046452";"118Â 750";"A01";"2";"7";"0";"2";"3";"15";"1";""
"202100046452";"118Â 751";"B01";"2";"2";"0";"2";"1";"1";"1";""
"202100046453";"118Â 749";"A01";"1";"7";"0";"0";"9";"13";"1";""
"202100046454";"118Â 747";"A01";"0";"7";"0";"2";"3";"9";"1";""
"202100046454";"118Â 748";"B01";"2";"31";"0";"2";"1";"2";"1";""
"202100046455";"118Â 746";"A01";"3";"2";"0";"6";"1";"1";"1";""
"202100046456";"118Â 745";"A01";"2";"7";"16";"0";"9";"1";"1";""
"202100046457";"118Â 743";"A01";"2";"7";"0";"2";"1";"2";"1";""
"202100046457";"118Â 744";"B01";"2";"7";"0";"0";"4";"1";"1";""
"202100046458";"118Â 741";"B01";"1";"7";"0";"2";"1";"1";"1";""
"202100046458";"118Â 742";"A01";"1";"7";"0";"2";"3";"19";"1";""
"202100046459";"118Â 739";"B01";"1";"15";"0";"0";"3";"1";"1";""
"202100046459";"118Â 740";"A01";"2";"7";"0";"2";"1";"13";"1";""
"202100046460";"118Â 737";"A01";"2";"7";"0";"0";"4";"15";"1";""
"202100046460";"118Â 738";"B01";"2";"2";"0";"2";"1";"2";"1";""
"202100046461";"118Â 735";"B01";"2";"34";"0";"2";"1";"17";"1";""
"202100046461";"118Â 736";"A01";"1";"7";"0";"2";"2";"1";"1";""
"202100046462";"118Â 733";"B01";"2";"1";"0";"2";"1";"17";"5";""
"202100046462";"118Â 734";"A01";"1";"33";"0";"9";"1";"0";"1";""
"202100046463";"118Â 730";"C01";"2";"7";"0";"2";"1";"1";"1";""
"202100046463";"118Â 731";"B01";"2";"7";"0";"2";"3";"1";"1";""
"202100046463";"118Â 732";"A01";"1";"7";"0";"0";"1";"1";"1";""
"202100046464";"118Â 729";"A01";"1";"7";"13";"0";"1";"0";"1";""
"202100046465";"118Â 727";"A01";"2";"7";"15";"0";"1";"0";"0";""
"202100046466";"118Â 726";"A01";"1";"1";"0";"0";"0";"1";"5";""
"202100046467";"118Â 725";"A01";"1";"31";"11";"0";"8";"1";"0";""
"202100046468";"118Â 724";"A01";"2";"7";"6";"0";"3";"13";"1";""
"202100046469";"118Â 723";"A01";"1";"7";"2";"0";"0";"0";"1";""
"202100046470";"118Â 721";"A01";"1";"7";"0";"0";"4";"23";"1";""
"202100046470";"118Â 722";"B01";"1";"7";"0";"2";"1";"23";"1";""
"202100046471";"118Â 719";"A01";"2";"33";"0";"2";"1";"1";"1";""
"202100046471";"118Â 720";"B01";"2";"30";"0";"2";"4";"15";"1";""
"202100046472";"118Â 718";"A01";"2";"1";"13";"0";"1";"1";"5";""
"202100046473";"118Â 717";"A01";"1";"2";"6";"0";"8";"19";"1";""
"202100046474";"118Â 716";"A01";"2";"7";"2";"0";"2";"1";"1";""
"202100046475";"118Â 714";"B01";"2";"7";"5";"2";"8";"1";"1";""
"202100046475";"118Â 715";"A01";"2";"17";"0";"2";"2";"12";"1";""
"202100046476";"118Â 711";"A01";"2";"7";"3";"0";"1";"13";"1";""
"202100046476";"118Â 712";"B01";"2";"10";"3";"0";"1";"2";"1";""
"202100046476";"118Â 713";"C01";"2";"7";"14";"0";"3";"21";"1";""
"202100046477";"118Â 708";"C01";"1";"7";"0";"2";"0";"0";"1";""
"202100046477";"118Â 709";"B01";"1";"7";"0";"2";"0";"0";"1";""
"202100046477";"118Â 710";"A01";"1";"7";"0";"2";"0";"0";"1";""
"202100046478";"118Â 706";"A01";"1";"7";"0";"2";"1";"1";"1";""
"202100046478";"118Â 707";"B01";"1";"10";"0";"2";"4";"1";"1";""
"202100046479";"118Â 704";"B01";"1";"7";"0";"2";"2";"2";"1";""
"202100046479";"118Â 705";"A01";"1";"10";"4";"2";"6";"11";"1";""
"202100046480";"118Â 701";"B01";"1";"7";"0";"2";"4";"2";"1";""
"202100046480";"118Â 702";"A01";"1";"7";"0";"2";"1";"1";"1";""
"202100046480";"118Â 703";"C01";"1";"7";"0";"2";"4";"2";"1";""
"202100046481";"118Â 698";"A01";"2";"33";"0";"2";"1";"1";"1";""
"202100046481";"118Â 699";"B01";"2";"7";"0";"2";"4";"2";"1";""
"202100046481";"118Â 700";"C01";"1";"7";"4";"2";"1";"2";"1";""
"202100046482";"118Â 697";"A01";"2";"7";"3";"0";"1";"11";"1";""
"202100046483";"118Â 696";"A01";"1";"33";"0";"2";"3";"14";"1";""
"202100046484";"118Â 695";"A01";"1";"7";"4";"0";"1";"21";"1";""
"202100046485";"118Â 694";"A01";"3";"7";"0";"1";"4";"26";"1";""
"202100046486";"118Â 693";"A01";"1";"7";"0";"1";"2";"1";"1";""
"202100046487";"118Â 692";"B01";"1";"32";"0";"1";"1";"26";"0";""
"202100046488";"118Â 691";"A01";"2";"33";"0";"0";"1";"1";"1";""
"202100046489";"118Â 690";"A01";"1";"7";"0";"1";"2";"1";"1";""
"202100046490";"118Â 688";"B01";"1";"7";"0";"2";"1";"2";"1";""
"202100046490";"118Â 689";"A01";"1";"10";"0";"2";"4";"1";"1";""
"202100046491";"118Â 686";"A01";"3";"50";"0";"2";"1";"19";"3";""
"202100046491";"118Â 687";"B01";"3";"7";"0";"2";"3";"15";"1";""
"202100046492";"118Â 684";"B01";"3";"7";"0";"2";"1";"23";"1";""
"202100046492";"118Â 685";"A01";"1";"3";"0";"2";"1";"13";"1";""
"202100046493";"118Â 682";"A01";"3";"7";"0";"2";"2";"15";"1";""
"202100046493";"118Â 683";"B01";"3";"30";"0";"2";"1";"1";"1";""
"202100046494";"118Â 679";"Z01";"1";"7";"0";"2";"1";"1";"1";""
"202100046494";"118Â 680";"B01";"1";"7";"0";"2";"4";"1";"1";""
"202100046494";"118Â 681";"C01";"1";"7";"0";"2";"4";"1";"1";""
"202100046495";"118Â 678";"A01";"2";"1";"0";"0";"0";"1";"5";""
"202100046496";"118Â 677";"A01";"1";"7";"10";"0";"1";"1";"1";""
"202100046497";"118Â 675";"Y01";"2";"50";"0";"2";"4";"15";"3";""
"202100046497";"118Â 676";"A01";"1";"7";"0";"9";"3";"15";"1";""
"202100046498";"118Â 674";"A01";"1";"7";"0";"1";"1";"26";"1";""
"202100046499";"118Â 672";"A01";"1";"7";"0";"2";"7";"15";"1";""
"202100046499";"118Â 673";"B01";"2";"33";"0";"2";"1";"1";"1";""
"202100046500";"118Â 668";"B01";"3";"7";"0";"2";"8";"1";"0";""
"202100046500";"118Â 669";"A01";"3";"7";"0";"2";"1";"17";"0";""
"202100046501";"118Â 666";"A01";"3";"7";"0";"2";"5";"1";"1";""
"202100046501";"118Â 667";"B01";"2";"1";"0";"2";"1";"1";"5";""
"202100046502";"118Â 665";"A01";"0";"7";"0";"1";"0";"1";"1";""
"202100046503";"118Â 663";"A01";"1";"7";"0";"2";"1";"26";"1";""
"202100046503";"118Â 664";"B01";"2";"7";"0";"2";"7";"15";"1";""
"202100046504";"118Â 662";"A01";"0";"7";"0";"1";"2";"1";"1";""
"202100046505";"118Â 659";"C01";"1";"7";"0";"2";"8";"1";"1";""
"202100046505";"118Â 660";"B01";"2";"10";"0";"2";"6";"23";"1";""
"202100046505";"118Â 661";"A01";"2";"30";"0";"2";"1";"1";"1";""
"202100046506";"118Â 656";"C01";"1";"7";"0";"2";"1";"1";"1";""
"202100046506";"118Â 657";"A01";"2";"33";"0";"2";"7";"17";"1";""
"202100046506";"118Â 658";"B01";"1";"7";"0";"2";"3";"15";"1";""
"202100046507";"118Â 654";"B01";"1";"32";"0";"2";"6";"1";"1";""
"202100046507";"118Â 655";"A01";"1";"7";"0";"2";"2";"12";"1";""
"202100046508";"118Â 653";"A01";"1";"30";"0";"0";"7";"26";"1";""
"202100046509";"118Â 651";"B01";"2";"33";"0";"2";"1";"21";"1";""
"202100046509";"118Â 652";"A01";"1";"1";"0";"2";"6";"2";"5";""
"202100046510";"118Â 649";"B01";"2";"7";"0";"2";"6";"1";"1";""
"202100046510";"118Â 650";"A01";"1";"2";"0";"2";"1";"1";"1";""
"202100046511";"118Â 647";"A01";"1";"7";"0";"2";"7";"15";"1";""
"202100046511";"118Â 648";"B01";"1";"32";"0";"2";"7";"1";"1";""
"202100046512";"118Â 645";"B01";"2";"7";"0";"2";"2";"0";"1";""
"202100046512";"118Â 646";"A01";"2";"1";"0";"2";"7";"26";"5";""
"202100046513";"118Â 643";"B01";"1";"1";"0";"2";"7";"1";"5";""
"202100046513";"118Â 644";"A01";"2";"7";"0";"2";"1";"26";"1";""
"202100046514";"118Â 641";"A01";"2";"32";"0";"2";"1";"21";"1";""
"202100046514";"118Â 642";"B01";"1";"7";"0";"2";"1";"1";"1";""
"202100046515";"118Â 640";"A01";"1";"7";"0";"1";"1";"1";"1";""
"202100046516";"118Â 638";"A01";"2";"1";"0";"2";"1";"13";"6";""
"202100046516";"118Â 639";"B01";"2";"7";"0";"2";"3";"0";"1";""
"202100046517";"118Â 637";"A01";"1";"7";"14";"0";"1";"1";"1";""
"202100046518";"118Â 634";"C01";"1";"17";"0";"9";"1";"1";"1";""
"202100046518";"118Â 635";"B01";"1";"10";"0";"9";"6";"1";"1";""
"202100046518";"118Â 636";"A01";"1";"33";"0";"2";"1";"1";"1";""
"202100046519";"118Â 633";"A01";"1";"10";"0";"1";"4";"20";"1";""
"202100046520";"118Â 631";"A01";"1";"37";"0";"2";"4";"1";"1";"1"
"202100046520";"118Â 632";"B01";"1";"7";"0";"2";"1";"1";"1";""
"202100046521";"118Â 629";"B01";"1";"7";"0";"2";"1";"1";"1";""
"202100046521";"118Â 630";"A01";"1";"7";"0";"2";"7";"15";"1";""
"202100046522";"118Â 627";"B01";"0";"50";"0";"2";"2";"15";"3";""
"202100046522";"118Â 628";"A01";"0";"7";"0";"2";"8";"0";"1";""
"202100046523";"118Â 625";"A01";"3";"30";"0";"2";"1";"0";"1";""
"202100046523";"118Â 626";"B01";"3";"7";"0";"2";"8";"1";"1";""
"202100046524";"118Â 623";"B01";"0";"7";"0";"2";"1";"1";"1";""
"202100046524";"118Â 624";"A01";"0";"2";"0";"2";"1";"1";"1";""
"202100046525";"118Â 621";"A01";"3";"7";"0";"2";"1";"1";"1";""
"202100046525";"118Â 622";"B01";"3";"10";"0";"2";"1";"1";"1";""
"202100046526";"118Â 619";"A01";"3";"33";"0";"2";"1";"1";"1";""
"202100046526";"118Â 620";"B01";"3";"10";"0";"2";"4";"1";"1";""
"202100046527";"118Â 618";"A01";"3";"50";"0";"0";"0";"1";"3";""
"202100046528";"118Â 616";"B01";"2";"7";"0";"2";"3";"1";"1";""
"202100046528";"118Â 617";"A01";"1";"7";"6";"2";"2";"1";"1";""
"202100046529";"118Â 615";"A01";"3";"7";"0";"1";"2";"16";"1";""
"202100046530";"118Â 614";"A01";"3";"7";"0";"1";"4";"4";"1";""
"202100046531";"118Â 612";"A01";"2";"60";"0";"2";"8";"19";"5";""
"202100046531";"118Â 613";"B01";"1";"43";"0";"2";"1";"1";"1";""
"202100046532";"118Â 609";"A01";"2";"10";"0";"2";"1";"1";"1";""
"202100046532";"118Â 610";"B01";"2";"7";"0";"2";"4";"23";"1";""
"202100046532";"118Â 611";"C01";"2";"7";"0";"2";"4";"23";"1";""
"202100046533";"118Â 607";"A01";"3";"32";"0";"2";"2";"15";"1";""
"202100046533";"118Â 608";"B01";"2";"2";"0";"2";"1";"7";"1";""
"202100046534";"118Â 605";"A01";"0";"7";"0";"2";"2";"1";"1";""
"202100046534";"118Â 606";"B01";"0";"7";"0";"2";"1";"16";"1";""
"202100046535";"118Â 603";"A01";"1";"7";"0";"2";"3";"15";"1";""
"202100046535";"118Â 604";"B01";"1";"2";"0";"2";"0";"2";"1";""
"202100046536";"118Â 601";"A01";"1";"31";"0";"2";"1";"2";"1";""
"202100046536";"118Â 602";"B01";"1";"17";"6";"0";"4";"2";"1";""
"202100046537";"118Â 599";"A01";"1";"7";"0";"2";"2";"15";"1";""
"202100046537";"118Â 600";"B01";"2";"2";"0";"2";"1";"1";"1";""
"202100046538";"118Â 597";"B01";"2";"7";"0";"2";"4";"15";"1";""
"202100046538";"118Â 598";"A01";"2";"7";"0";"2";"1";"1";"1";""
"202100046539";"118Â 594";"C01";"3";"10";"0";"2";"3";"1";"1";""
"202100046539";"118Â 595";"B01";"3";"33";"0";"2";"2";"1";"1";""
"202100046539";"118Â 596";"A01";"3";"10";"0";"2";"7";"15";"1";""
"202100046540";"118Â 592";"B01";"1";"60";"0";"2";"4";"1";"5";""
"202100046540";"118Â 593";"Z01";"1";"7";"0";"9";"1";"2";"0";""
"202100046541";"118Â 590";"B01";"0";"7";"0";"2";"1";"9";"1";""
"202100046541";"118Â 591";"A01";"0";"1";"0";"2";"3";"25";"5";""
"202100046542";"118Â 586";"A01";"1";"34";"0";"2";"1";"1";"1";""
"202100046542";"118Â 587";"B01";"2";"10";"0";"2";"6";"0";"1";""
"202100046543";"118Â 583";"B01";"2";"33";"0";"2";"6";"23";"1";""
"202100046543";"118Â 584";"A01";"2";"32";"0";"2";"1";"1";"1";""
"202100046543";"118Â 585";"C01";"2";"7";"0";"2";"2";"15";"0";""
"202100046544";"118Â 581";"B01";"1";"7";"0";"2";"8";"1";"1";""
"202100046544";"118Â 582";"A01";"1";"7";"0";"2";"1";"19";"1";""
"202100046545";"118Â 580";"A01";"1";"14";"0";"1";"1";"26";"1";""
"202100046546";"118Â 578";"B01";"2";"7";"0";"0";"4";"2";"1";""
"202100046546";"118Â 579";"A01";"1";"7";"0";"2";"1";"1";"1";""
"202100046547";"118Â 577";"A01";"3";"10";"0";"1";"3";"15";"1";""
"202100046548";"118Â 575";"A01";"1";"7";"0";"2";"2";"15";"1";""
"202100046548";"118Â 576";"B01";"2";"33";"0";"2";"1";"26";"1";""
"202100046549";"118Â 571";"A01";"1";"7";"0";"2";"4";"1";"1";""
"202100046549";"118Â 572";"C01";"1";"10";"0";"2";"0";"0";"1";""
"202100046549";"118Â 573";"D01";"1";"7";"0";"2";"0";"0";"1";""
"202100046549";"118Â 574";"B01";"1";"7";"0";"2";"0";"0";"1";""
"202100046550";"118Â 568";"C01";"1";"7";"0";"2";"1";"2";"1";""
"202100046550";"118Â 569";"A01";"0";"7";"0";"2";"4";"2";"1";""
"202100046550";"118Â 570";"B01";"1";"7";"0";"2";"4";"2";"1";""
"202100046551";"118Â 561";"G01";"1";"7";"0";"2";"4";"1";"1";""
"202100046551";"118Â 562";"F01";"1";"7";"0";"2";"9";"1";"1";""
"202100046551";"118Â 563";"E01";"1";"7";"0";"2";"9";"1";"1";""
"202100046551";"118Â 564";"D01";"1";"10";"0";"2";"1";"1";"1";""
"202100046551";"118Â 565";"C01";"1";"7";"0";"2";"9";"1";"1";""
"202100046551";"118Â 566";"B01";"1";"7";"0";"2";"5";"1";"2";""
"202100046551";"118Â 567";"A01";"1";"15";"0";"2";"6";"1";"1";""
"202100046552";"118Â 558";"B01";"1";"7";"0";"2";"4";"23";"1";""
"202100046552";"118Â 559";"C01";"1";"7";"0";"2";"2";"2";"1";""
"202100046552";"118Â 560";"A01";"1";"10";"0";"2";"1";"2";"1";""
"202100046553";"118Â 555";"A01";"2";"10";"0";"2";"7";"12";"1";""
"202100046553";"118Â 556";"C01";"2";"15";"0";"2";"4";"24";"1";""
"202100046553";"118Â 557";"B01";"2";"7";"0";"2";"8";"1";"1";""
"202100046554";"118Â 554";"A01";"2";"17";"3";"0";"1";"13";"1";""
"202100046555";"118Â 552";"A01";"2";"33";"0";"2";"1";"0";"1";""
"202100046555";"118Â 553";"B01";"2";"7";"0";"2";"5";"0";"1";""
"202100046556";"118Â 551";"A01";"1";"7";"4";"0";"2";"1";"1";""
"202100046557";"118Â 550";"A01";"2";"7";"0";"9";"1";"9";"1";""
"202100046558";"118Â 547";"C01";"1";"7";"0";"2";"1";"2";"1";""
"202100046558";"118Â 548";"B01";"1";"7";"0";"2";"1";"1";"0";""
"202100046558";"118Â 549";"A01";"1";"7";"0";"2";"0";"1";"0";""
"202100046559";"118Â 546";"A01";"3";"7";"0";"1";"1";"25";"1";""
"202100046560";"118Â 544";"A01";"2";"30";"0";"2";"7";"1";"1";""
"202100046560";"118Â 545";"B01";"1";"7";"0";"2";"1";"1";"1";""
"202100046561";"118Â 542";"Z01";"2";"14";"0";"2";"2";"1";"1";""
"202100046561";"118Â 543";"B01";"2";"50";"13";"2";"8";"1";"3";""
"202100046562";"118Â 540";"A01";"1";"7";"0";"0";"0";"16";"1";""
"202100046562";"118Â 541";"B01";"1";"2";"0";"2";"0";"1";"1";""
"202100046563";"118Â 538";"A01";"1";"2";"0";"2";"8";"1";"1";""
"202100046563";"118Â 539";"B01";"2";"7";"0";"9";"8";"1";"1";""
"202100046564";"118Â 536";"A01";"2";"7";"0";"2";"1";"21";"0";""
"202100046564";"118Â 537";"B01";"2";"30";"0";"2";"4";"1";"1";""
"202100046565";"118Â 535";"A01";"3";"33";"0";"2";"0";"1";"0";""
"202100046566";"118Â 534";"A01";"1";"7";"0";"1";"1";"2";"1";""
"202100046567";"118Â 531";"A01";"1";"7";"0";"2";"1";"1";"1";""
"202100046567";"118Â 532";"B01";"1";"7";"0";"2";"4";"23";"1";""
"202100046567";"118Â 533";"C01";"1";"7";"0";"2";"6";"15";"1";""
"202100046568";"118Â 529";"B01";"3";"1";"0";"2";"1";"0";"0";""
"202100046568";"118Â 530";"A01";"3";"7";"0";"2";"3";"26";"1";""
"202100046569";"118Â 528";"A01";"2";"30";"0";"0";"0";"9";"1";""
"202100046570";"118Â 526";"A01";"1";"7";"0";"9";"8";"1";"1";""
"202100046570";"118Â 527";"B01";"1";"50";"0";"2";"7";"0";"3";""
"202100046571";"118Â 525";"A01";"3";"10";"0";"1";"1";"1";"1";""
"202100046572";"118Â 523";"A01";"2";"7";"0";"2";"1";"2";"1";""
"202100046572";"118Â 524";"B01";"2";"7";"0";"2";"6";"2";"1";""
"202100046573";"118Â 521";"A01";"1";"33";"0";"2";"0";"14";"1";""
"202100046573";"118Â 522";"B01";"1";"33";"0";"2";"0";"0";"1";""
"202100046574";"118Â 519";"A01";"1";"7";"0";"2";"2";"9";"1";""
"202100046574";"118Â 520";"B01";"2";"7";"0";"2";"1";"1";"1";""
"202100046575";"118Â 517";"A01";"1";"2";"0";"2";"8";"18";"1";""
"202100046575";"118Â 518";"B01";"1";"2";"0";"2";"5";"23";"1";""
"202100046576";"118Â 516";"A01";"3";"7";"2";"0";"1";"26";"6";""
"202100046577";"118Â 515";"A01";"3";"7";"0";"1";"1";"16";"1";""
"202100046578";"118Â 514";"A01";"0";"7";"0";"1";"1";"1";"1";""
"202100046579";"118Â 512";"A01";"1";"10";"0";"2";"4";"20";"1";""
"202100046579";"118Â 513";"B01";"1";"30";"0";"2";"1";"21";"1";""
"202100046580";"118Â 510";"B01";"0";"1";"0";"0";"0";"0";"5";""
"202100046580";"118Â 511";"A01";"0";"7";"0";"2";"7";"22";"1";""
"202100046581";"118Â 508";"B01";"0";"7";"0";"0";"0";"0";"1";""
"202100046581";"118Â 509";"A01";"0";"7";"0";"2";"3";"1";"1";""
"202100046582";"118Â 507";"A01";"0";"7";"0";"1";"1";"1";"1";""
"202100046583";"118Â 506";"A01";"3";"7";"0";"1";"1";"21";"1";""
"202100046584";"118Â 503";"A01";"2";"33";"6";"0";"0";"26";"1";""
"202100046585";"118Â 501";"A01";"1";"7";"0";"2";"4";"2";"1";""
"202100046585";"118Â 502";"B01";"1";"7";"0";"2";"4";"1";"1";""
"202100046586";"118Â 499";"C01";"1";"1";"0";"2";"1";"15";"5";""
"202100046586";"118Â 500";"A01";"2";"7";"0";"2";"3";"16";"1";""
"202100046587";"118Â 495";"D01";"1";"7";"0";"2";"4";"1";"1";""
"202100046587";"118Â 496";"B01";"1";"7";"0";"2";"1";"1";"1";""
"202100046587";"118Â 497";"A01";"1";"7";"0";"2";"1";"2";"1";""
"202100046587";"118Â 498";"C01";"1";"7";"0";"2";"1";"1";"1";""
"202100046588";"118Â 493";"A01";"1";"7";"0";"2";"3";"9";"1";""
"202100046588";"118Â 494";"B01";"1";"2";"0";"2";"1";"16";"1";""
"202100046589";"118Â 491";"A01";"2";"10";"0";"2";"1";"15";"1";""
"202100046589";"118Â 492";"B01";"2";"7";"0";"2";"2";"1";"1";""
"202100046590";"118Â 489";"A01";"2";"7";"0";"2";"2";"9";"1";""
"202100046590";"118Â 490";"B01";"2";"1";"0";"2";"1";"1";"6";""
"202100046591";"118Â 487";"A01";"1";"50";"0";"2";"1";"15";"3";""
"202100046591";"118Â 488";"B01";"2";"7";"0";"2";"1";"1";"1";""
"202100046592";"118Â 485";"B01";"1";"7";"0";"2";"8";"1";"1";""
"202100046592";"118Â 486";"A01";"2";"7";"0";"2";"2";"1";"1";""
"202100046593";"118Â 483";"B01";"1";"7";"0";"2";"4";"2";"1";""
"202100046593";"118Â 484";"A01";"1";"7";"0";"2";"1";"2";"1";""
"202100046594";"118Â 481";"B01";"3";"7";"0";"2";"3";"19";"1";""
"202100046594";"118Â 482";"A01";"3";"32";"0";"2";"7";"19";"1";""
"202100046595";"118Â 479";"B01";"2";"10";"0";"2";"3";"26";"1";""
"202100046595";"118Â 480";"A01";"2";"33";"0";"2";"5";"16";"1";""
"202100046596";"118Â 477";"A01";"2";"7";"0";"2";"2";"1";"1";""
"202100046596";"118Â 478";"Y01";"2";"1";"0";"0";"0";"0";"5";""
"202100046597";"118Â 475";"B01";"2";"7";"0";"2";"1";"9";"1";""
"202100046597";"118Â 476";"A01";"1";"7";"0";"2";"2";"1";"1";""
"202100046598";"118Â 473";"B01";"0";"60";"0";"2";"8";"19";"5";""
"202100046598";"118Â 474";"A01";"0";"7";"0";"2";"1";"1";"1";""
"202100046599";"118Â 472";"A01";"3";"7";"0";"1";"1";"1";"1";""
"202100046600";"118Â 471";"A01";"1";"3";"0";"1";"1";"16";"1";""
"202100046601";"118Â 470";"A01";"0";"7";"1";"0";"1";"1";"1";""
"202100046602";"118Â 469";"A01";"3";"1";"0";"1";"1";"1";"5";""
"202100046603";"118Â 468";"A01";"1";"7";"0";"1";"3";"13";"1";""
"202100046604";"118Â 464";"A01";"2";"7";"0";"2";"1";"1";"1";""
"202100046604";"118Â 465";"B01";"1";"10";"0";"2";"1";"0";"1";""
"202100046604";"118Â 466";"C01";"2";"10";"0";"2";"0";"0";"1";""
"202100046604";"118Â 467";"D01";"2";"10";"0";"2";"0";"0";"1";""
"202100046605";"118Â 463";"A01";"2";"7";"0";"1";"1";"15";"1";""
"202100046606";"118Â 461";"B01";"3";"40";"0";"2";"1";"1";"3";""
"202100046606";"118Â 462";"A01";"3";"34";"0";"4";"7";"19";"1";""
"202100046607";"118Â 459";"B01";"2";"1";"0";"2";"8";"0";"5";""
"202100046607";"118Â 460";"A01";"2";"14";"0";"2";"7";"16";"1";""
"202100046608";"118Â 458";"A01";"2";"7";"6";"0";"1";"1";"1";""
"202100046609";"118Â 455";"B01";"1";"7";"0";"2";"4";"23";"1";""
"202100046609";"118Â 456";"C01";"1";"10";"0";"2";"4";"23";"1";""
"202100046609";"118Â 457";"Z01";"1";"7";"0";"2";"1";"1";"1";""
"202100046610";"118Â 453";"A01";"2";"15";"0";"2";"4";"9";"1";""
"202100046610";"118Â 454";"B01";"2";"7";"0";"2";"7";"1";"1";""
"202100046611";"118Â 451";"B01";"3";"31";"0";"2";"1";"1";"1";""