"Num_Acc";"id_vehicule";"num_veh";"senc";"catv";"obs";"obsm";"choc";"manv";"motor";"occutc"
"202100046611";"118Â 452";"A01";"3";"7";"0";"2";"3";"20";"1";""
"202100046612";"118Â 449";"B01";"2";"7";"0";"2";"6";"2";"3";""
"202100046612";"118Â 450";"A01";"2";"32";"0";"2";"7";"17";"6";""
"202100046613";"118Â 447";"A01";"3";"30";"0";"2";"1";"19";"1";""
"202100046613";"118Â 448";"B01";"3";"7";"0";"2";"2";"1";"1";""
"202100046614";"118Â 446";"A01";"1";"7";"0";"1";"1";"16";"1";""
"202100046615";"118Â 443";"A01";"1";"7";"0";"1";"1";"1";"1";""
"202100046616";"118Â 441";"A01";"2";"10";"0";"2";"3";"15";"1";""
"202100046616";"118Â 442";"B01";"2";"1";"0";"2";"2";"1";"5";""
"202100046617";"118Â 439";"A01";"3";"7";"0";"2";"5";"16";"1";""
"202100046617";"118Â 440";"Z01";"3";"1";"0";"2";"0";"0";"5";""
"202100046618";"118Â 438";"A01";"1";"7";"3";"0";"7";"1";"1";""
"202100046619";"118Â 436";"B01";"1";"32";"0";"2";"1";"1";"1";""
"202100046619";"118Â 437";"A01";"2";"7";"0";"2";"7";"15";"1";""
"202100046620";"118Â 434";"A01";"1";"7";"0";"2";"3";"6";"1";""
"202100046620";"118Â 435";"B01";"1";"7";"0";"2";"2";"1";"1";""
"202100046621";"118Â 432";"A01";"0";"7";"0";"2";"7";"15";"1";""
"202100046621";"118Â 433";"B01";"0";"33";"0";"2";"1";"1";"1";""
"202100046622";"118Â 430";"B01";"0";"7";"0";"9";"1";"1";"1";""
"202100046622";"118Â 431";"A01";"0";"31";"0";"2";"1";"13";"1";""
"202100046623";"118Â 428";"B01";"3";"10";"0";"2";"3";"1";"1";""
"202100046623";"118Â 429";"A01";"3";"33";"0";"2";"1";"1";"1";""
"202100046624";"118Â 427";"A01";"2";"7";"0";"1";"3";"1";"6";""
"202100046625";"118Â 425";"A01";"1";"7";"0";"9";"4";"23";"1";""
"202100046625";"118Â 426";"B01";"1";"7";"0";"2";"1";"2";"1";""
"202100046626";"118Â 423";"B01";"3";"1";"0";"9";"4";"21";"5";""
"202100046626";"118Â 424";"A01";"3";"1";"0";"9";"1";"1";"5";""
"202100046627";"118Â 422";"A01";"1";"7";"0";"1";"2";"1";"1";""
"202100046628";"118Â 420";"B01";"0";"31";"0";"2";"4";"23";"1";""
"202100046628";"118Â 421";"A01";"2";"7";"0";"2";"3";"1";"1";""
"202100046629";"118Â 417";"B01";"1";"7";"0";"2";"6";"1";"1";""
"202100046629";"118Â 418";"C01";"1";"7";"0";"2";"1";"1";"2";""
"202100046629";"118Â 419";"A01";"1";"15";"0";"2";"2";"12";"1";""
"202100046630";"118Â 415";"B01";"2";"7";"0";"2";"5";"12";"1";""
"202100046630";"118Â 416";"A01";"2";"43";"0";"2";"1";"1";"1";""
"202100046631";"118Â 413";"A01";"2";"43";"0";"2";"1";"3";"1";""
"202100046631";"118Â 414";"B01";"2";"7";"0";"2";"5";"1";"1";""
"202100046632";"118Â 411";"B01";"1";"50";"0";"2";"1";"1";"3";""
"202100046632";"118Â 412";"A01";"2";"31";"0";"2";"2";"15";"1";""
"202100046633";"118Â 409";"B01";"1";"7";"0";"2";"2";"1";"1";""
"202100046633";"118Â 410";"A01";"1";"30";"0";"2";"7";"18";"1";""
"202100046634";"118Â 406";"Z01";"1";"30";"0";"2";"7";"13";"0";""
"202100046634";"118Â 407";"B01";"2";"80";"0";"2";"1";"1";"3";""
"202100046634";"118Â 408";"A01";"2";"80";"0";"2";"1";"1";"3";""
"202100046635";"118Â 405";"A01";"2";"30";"14";"0";"8";"1";"1";""
"202100046636";"118Â 403";"B01";"1";"7";"0";"2";"3";"15";"1";""
"202100046636";"118Â 404";"A01";"1";"30";"0";"2";"7";"7";"1";""
"202100046637";"118Â 401";"Z01";"2";"7";"0";"2";"0";"17";"0";""
"202100046637";"118Â 402";"A01";"2";"30";"0";"2";"1";"1";"3";""
"202100046638";"118Â 400";"A01";"1";"50";"0";"0";"0";"1";"3";""
"202100046639";"118Â 398";"A01";"2";"10";"0";"2";"2";"2";"1";""
"202100046639";"118Â 399";"B01";"2";"7";"0";"2";"6";"23";"1";""
"202100046640";"118Â 397";"A01";"2";"7";"0";"1";"2";"1";"1";""
"202100046641";"118Â 395";"A01";"1";"33";"0";"2";"1";"18";"1";""
"202100046641";"118Â 396";"B01";"2";"7";"0";"2";"2";"15";"1";""
"202100046642";"118Â 394";"A01";"2";"80";"0";"1";"1";"1";"3";""
"202100046643";"118Â 392";"B01";"1";"7";"0";"2";"4";"23";"1";""
"202100046643";"118Â 393";"A01";"1";"2";"0";"2";"1";"2";"1";""
"202100046644";"118Â 391";"A01";"1";"1";"0";"1";"2";"1";"5";""
"202100046645";"118Â 389";"B01";"2";"1";"0";"2";"0";"1";"5";""
"202100046645";"118Â 390";"A01";"2";"10";"0";"2";"0";"22";"1";""
"202100046646";"118Â 387";"B01";"2";"1";"0";"2";"8";"18";"5";""
"202100046646";"118Â 388";"A01";"2";"15";"0";"2";"7";"1";"1";""
"202100046647";"118Â 385";"B01";"2";"34";"0";"2";"4";"17";"3";""
"202100046647";"118Â 386";"A01";"2";"1";"0";"2";"1";"15";"5";""
"202100046648";"118Â 383";"A01";"2";"7";"0";"2";"2";"16";"1";""
"202100046648";"118Â 384";"B01";"1";"1";"0";"2";"4";"1";"5";""
"202100046649";"118Â 381";"B01";"3";"1";"0";"2";"8";"1";"5";""
"202100046649";"118Â 382";"A01";"0";"7";"0";"2";"7";"17";"1";""
"202100046650";"118Â 380";"A01";"2";"30";"0";"1";"1";"1";"1";""
"202100046651";"118Â 378";"A01";"1";"7";"0";"2";"3";"21";"1";""
"202100046651";"118Â 379";"B01";"1";"7";"0";"2";"5";"2";"1";""
"202100046652";"118Â 377";"A01";"0";"7";"1";"1";"2";"13";"1";""
"202100046653";"118Â 376";"A01";"1";"31";"0";"1";"1";"26";"0";""
"202100046654";"118Â 374";"A01";"1";"7";"0";"2";"7";"20";"1";""
"202100046654";"118Â 375";"B01";"2";"2";"0";"2";"1";"1";"1";""
"202100046655";"118Â 373";"A01";"1";"1";"0";"1";"1";"1";"5";""
"202100046656";"118Â 372";"A01";"0";"7";"0";"2";"2";"17";"1";""
"202100046657";"118Â 369";"C01";"3";"7";"0";"2";"8";"1";"1";""
"202100046657";"118Â 370";"B01";"3";"7";"0";"2";"3";"15";"2";""
"202100046657";"118Â 371";"A01";"3";"33";"0";"2";"1";"1";"1";""
"202100046658";"118Â 366";"B01";"1";"7";"0";"2";"4";"0";"0";""
"202100046658";"118Â 367";"A01";"1";"7";"0";"2";"1";"2";"0";""
"202100046659";"118Â 365";"A01";"1";"15";"0";"1";"0";"19";"1";""
"202100046660";"118Â 364";"A01";"3";"60";"0";"1";"1";"1";"5";""
"202100046661";"118Â 363";"A01";"1";"0";"0";"1";"0";"1";"0";""
"202100046662";"118Â 362";"A01";"1";"7";"3";"0";"9";"1";"1";""
"202100046663";"118Â 361";"A01";"1";"7";"0";"1";"2";"1";"1";""
"202100046664";"118Â 359";"A01";"3";"34";"0";"2";"1";"1";"0";""
"202100046664";"118Â 360";"B01";"3";"3";"0";"2";"5";"9";"0";""
"202100046665";"118Â 355";"A01";"2";"30";"0";"2";"1";"3";"1";""
"202100046665";"118Â 356";"T01";"2";"7";"0";"2";"0";"26";"1";""
"202100046665";"118Â 357";"C01";"1";"37";"0";"2";"3";"1";"1";"1"
"202100046665";"118Â 358";"B01";"2";"7";"0";"2";"4";"1";"1";""
"202100046666";"118Â 353";"B01";"1";"7";"0";"2";"2";"16";"1";""
"202100046666";"118Â 354";"A01";"1";"50";"0";"2";"1";"1";"3";""
"202100046667";"118Â 351";"B01";"2";"33";"0";"2";"1";"1";"1";""
"202100046667";"118Â 352";"A01";"1";"15";"0";"2";"3";"15";"1";""
"202100046668";"118Â 350";"A01";"2";"7";"1";"0";"2";"1";"1";""
"202100046669";"118Â 349";"A01";"1";"7";"1";"0";"7";"1";"1";""
"202100046670";"118Â 348";"A01";"0";"7";"13";"0";"3";"26";"1";""
"202100046671";"118Â 347";"A01";"2";"7";"3";"0";"1";"9";"1";""
"202100046672";"118Â 345";"B01";"2";"60";"0";"0";"7";"15";"5";""
"202100046672";"118Â 346";"A01";"2";"7";"0";"2";"7";"1";"1";""
"202100046673";"118Â 343";"A01";"2";"15";"0";"2";"7";"17";"1";""
"202100046673";"118Â 344";"B01";"2";"1";"0";"0";"8";"23";"5";""
"202100046674";"118Â 342";"A01";"0";"7";"0";"1";"8";"2";"1";""
"202100046675";"118Â 341";"A01";"1";"15";"0";"1";"3";"1";"1";""
"202100046676";"118Â 339";"B01";"1";"7";"0";"2";"1";"1";"1";""
"202100046676";"118Â 340";"A01";"1";"7";"0";"2";"3";"15";"1";""
"202100046677";"118Â 337";"B01";"2";"7";"0";"2";"1";"1";"1";""
"202100046677";"118Â 338";"A01";"1";"7";"0";"2";"1";"5";"1";""
"202100046678";"118Â 335";"A01";"1";"7";"1";"0";"2";"1";"1";""
"202100046678";"118Â 336";"B01";"1";"10";"0";"0";"4";"24";"1";""
"202100046679";"118Â 334";"A01";"3";"7";"0";"0";"8";"23";"1";""
"202100046680";"118Â 333";"A01";"3";"7";"0";"1";"4";"4";"2";""
"202100046681";"118Â 332";"A01";"1";"33";"0";"6";"1";"1";"1";""
"202100046682";"118Â 331";"A01";"2";"7";"4";"0";"1";"1";"1";""
"202100046683";"118Â 330";"A01";"2";"33";"10";"0";"1";"1";"1";""
"202100046684";"118Â 329";"A01";"1";"1";"0";"0";"8";"1";"5";""
"202100046685";"118Â 327";"A01";"1";"7";"0";"2";"2";"15";"1";""
"202100046685";"118Â 328";"B01";"2";"33";"0";"2";"1";"1";"1";""
"202100046686";"118Â 324";"A01";"1";"2";"0";"2";"7";"19";"1";""
"202100046686";"118Â 325";"C01";"2";"15";"0";"2";"1";"1";"1";""
"202100046686";"118Â 326";"B01";"1";"10";"0";"2";"3";"1";"1";""
"202100046687";"118Â 322";"B01";"1";"1";"0";"2";"8";"1";"5";""
"202100046687";"118Â 323";"A01";"1";"7";"0";"2";"7";"17";"1";""
"202100046688";"118Â 320";"B01";"1";"7";"0";"2";"7";"1";"1";""
"202100046688";"118Â 321";"A01";"2";"7";"0";"2";"3";"15";"1";""
"202100046689";"118Â 319";"A01";"0";"7";"2";"0";"3";"13";"1";""
"202100046690";"118Â 318";"A01";"2";"7";"13";"0";"2";"1";"1";""
"202100046691";"118Â 316";"A01";"3";"7";"0";"1";"4";"20";"1";""
"202100046692";"118Â 314";"A01";"2";"10";"0";"2";"0";"1";"1";""
"202100046692";"118Â 315";"B01";"1";"7";"0";"9";"3";"1";"1";""
"202100046693";"118Â 313";"A01";"1";"7";"0";"1";"2";"1";"1";""
"202100046694";"118Â 312";"A01";"1";"32";"13";"0";"1";"1";"1";""
"202100046695";"118Â 311";"A01";"2";"7";"2";"0";"3";"1";"1";""
"202100046696";"118Â 309";"B01";"1";"10";"0";"2";"2";"1";"1";""
"202100046696";"118Â 310";"A01";"1";"33";"0";"2";"0";"18";"1";""
"202100046697";"118Â 307";"A01";"1";"7";"0";"0";"2";"1";"0";""
"202100046697";"118Â 308";"B01";"1";"1";"0";"2";"3";"13";"0";""
"202100046698";"118Â 305";"B01";"0";"7";"0";"2";"8";"1";"2";""
"202100046698";"118Â 306";"A01";"3";"7";"0";"2";"3";"26";"1";""
"202100046699";"118Â 304";"A01";"3";"1";"8";"0";"0";"1";"5";""
"202100046700";"118Â 300";"C01";"2";"7";"0";"0";"4";"2";"1";""
"202100046700";"118Â 301";"B01";"2";"7";"0";"2";"4";"2";"1";""
"202100046700";"118Â 302";"A01";"2";"7";"0";"2";"1";"2";"1";""
"202100046701";"118Â 299";"A01";"2";"7";"2";"0";"2";"1";"1";""
"202100046702";"118Â 297";"B01";"1";"31";"0";"2";"1";"1";"1";""
"202100046702";"118Â 298";"A01";"2";"7";"0";"2";"2";"15";"1";""
"202100046703";"118Â 296";"A01";"2";"7";"13";"0";"2";"1";"1";""
"202100046704";"118Â 295";"A01";"3";"33";"9";"0";"0";"0";"1";""
"202100046705";"118Â 293";"A01";"1";"33";"0";"0";"0";"1";"1";""
"202100046706";"118Â 290";"B01";"1";"7";"0";"2";"4";"2";"1";""
"202100046706";"118Â 291";"C01";"1";"7";"0";"2";"1";"2";"0";""
"202100046706";"118Â 292";"A01";"1";"7";"0";"2";"4";"2";"1";""
"202100046707";"118Â 287";"A01";"1";"10";"0";"2";"4";"2";"1";""
"202100046707";"118Â 288";"B01";"1";"7";"0";"2";"1";"2";"1";""
"202100046707";"118Â 289";"C01";"1";"10";"0";"2";"1";"2";"1";""
"202100046708";"118Â 286";"A01";"1";"7";"14";"0";"9";"0";"1";""
"202100046709";"118Â 284";"B01";"1";"10";"0";"2";"3";"21";"1";""
"202100046709";"118Â 285";"A01";"1";"7";"0";"2";"5";"23";"1";""
"202100046710";"118Â 281";"C01";"1";"7";"0";"2";"1";"2";"1";""
"202100046710";"118Â 282";"B01";"1";"7";"0";"2";"4";"2";"1";""
"202100046710";"118Â 283";"A01";"1";"7";"0";"2";"4";"2";"1";""
"202100046711";"118Â 279";"B01";"2";"7";"0";"2";"1";"2";"1";""
"202100046711";"118Â 280";"A01";"2";"10";"0";"2";"4";"1";"1";""
"202100046712";"118Â 277";"B01";"1";"7";"0";"2";"3";"23";"1";""
"202100046712";"118Â 278";"A01";"1";"7";"0";"2";"1";"2";"1";""
"202100046713";"118Â 272";"C01";"2";"7";"0";"2";"4";"1";"1";""
"202100046713";"118Â 273";"A01";"2";"13";"0";"2";"1";"2";"1";""
"202100046713";"118Â 274";"B01";"2";"7";"0";"2";"4";"1";"1";""
"202100046713";"118Â 275";"D01";"2";"7";"0";"2";"4";"2";"1";""
"202100046713";"118Â 276";"E01";"2";"7";"0";"2";"4";"0";"1";""
"202100046714";"118Â 270";"A01";"1";"7";"0";"2";"0";"0";"1";""
"202100046714";"118Â 271";"B01";"1";"7";"0";"2";"0";"0";"1";""
"202100046715";"118Â 267";"A01";"2";"43";"0";"2";"7";"3";"1";""
"202100046715";"118Â 268";"B01";"2";"7";"0";"2";"8";"2";"1";""
"202100046715";"118Â 269";"C01";"2";"10";"0";"2";"5";"2";"1";""
"202100046716";"118Â 265";"A01";"2";"7";"0";"2";"1";"17";"1";""
"202100046716";"118Â 266";"B01";"2";"3";"3";"2";"4";"1";"1";""
"202100046717";"118Â 263";"B01";"2";"33";"0";"2";"7";"3";"1";""
"202100046717";"118Â 264";"A01";"2";"7";"0";"2";"8";"11";"1";""
"202100046718";"118Â 262";"A01";"2";"33";"0";"2";"2";"1";"1";""
"202100046719";"118Â 260";"A01";"2";"10";"0";"2";"1";"1";"1";""
"202100046719";"118Â 261";"B01";"2";"7";"0";"2";"4";"1";"1";""
"202100046720";"118Â 259";"A01";"2";"7";"0";"1";"6";"4";"1";""
"202100046721";"118Â 258";"A01";"1";"7";"0";"1";"1";"1";"1";""
"202100046722";"118Â 256";"A01";"1";"30";"0";"2";"4";"1";"1";""
"202100046722";"118Â 257";"B01";"1";"7";"0";"2";"1";"1";"1";""
"202100046723";"118Â 255";"A01";"3";"30";"12";"0";"0";"0";"0";""
"202100046724";"118Â 253";"Z01";"1";"0";"0";"0";"0";"0";"0";""
"202100046724";"118Â 254";"B01";"1";"2";"0";"2";"0";"16";"1";""
"202100046725";"118Â 252";"A01";"1";"37";"0";"1";"1";"26";"1";"1"
"202100046726";"118Â 250";"B01";"2";"60";"0";"2";"1";"1";"5";""
"202100046726";"118Â 251";"A01";"2";"7";"0";"2";"5";"16";"1";""
"202100046727";"118Â 248";"B01";"2";"1";"0";"2";"1";"1";"5";""
"202100046727";"118Â 249";"A01";"2";"7";"0";"2";"3";"15";"1";""
"202100046728";"118Â 247";"A01";"1";"99";"0";"0";"0";"26";"0";""
"202100046729";"118Â 245";"A01";"2";"7";"0";"2";"7";"19";"1";""
"202100046729";"118Â 246";"B01";"3";"33";"0";"2";"1";"19";"1";""
"202100046730";"118Â 243";"B01";"1";"30";"0";"2";"1";"1";"1";""
"202100046730";"118Â 244";"A01";"3";"7";"0";"2";"3";"15";"1";""
"202100046731";"118Â 241";"B01";"1";"31";"0";"2";"1";"1";"1";""
"202100046731";"118Â 242";"A01";"1";"7";"0";"2";"5";"21";"1";""
"202100046732";"118Â 239";"A01";"2";"10";"0";"2";"0";"1";"1";""
"202100046732";"118Â 240";"B01";"1";"1";"0";"2";"0";"0";"5";""
"202100046733";"118Â 236";"A01";"2";"7";"0";"2";"3";"13";"1";""
"202100046733";"118Â 237";"C01";"2";"7";"0";"2";"4";"1";"1";""
"202100046733";"118Â 238";"B01";"2";"7";"0";"2";"1";"14";"1";""
"202100046734";"118Â 234";"A01";"3";"7";"0";"2";"2";"15";"1";""
"202100046734";"118Â 235";"B01";"0";"33";"0";"0";"0";"0";"1";""
"202100046735";"118Â 233";"A01";"1";"7";"0";"1";"3";"16";"1";""
"202100046736";"118Â 231";"B01";"0";"80";"0";"2";"2";"15";"3";""
"202100046736";"118Â 232";"A01";"3";"7";"0";"1";"3";"2";"1";""
"202100046737";"118Â 229";"B01";"2";"10";"0";"2";"4";"2";"1";""
"202100046737";"118Â 230";"A01";"2";"33";"0";"2";"1";"2";"1";""
"202100046738";"118Â 227";"A01";"1";"80";"0";"2";"1";"1";"3";""
"202100046738";"118Â 228";"B01";"2";"37";"0";"2";"8";"1";"1";"1"
"202100046739";"118Â 225";"A01";"2";"7";"0";"2";"2";"15";"1";""
"202100046739";"118Â 226";"B01";"1";"2";"0";"2";"7";"21";"1";""
"202100046740";"118Â 222";"C01";"2";"7";"0";"2";"4";"2";"1";""
"202100046740";"118Â 223";"B01";"2";"7";"0";"2";"4";"2";"1";""
"202100046740";"118Â 224";"A01";"2";"7";"0";"2";"1";"2";"1";""
"202100046741";"118Â 221";"A01";"2";"7";"0";"1";"0";"0";"1";""
"202100046742";"118Â 220";"A01";"1";"7";"0";"1";"1";"16";"1";""
"202100046743";"118Â 218";"Z01";"2";"7";"0";"2";"1";"13";"1";""
"202100046743";"118Â 219";"A01";"1";"7";"0";"2";"3";"1";"1";""
"202100046744";"118Â 216";"A01";"1";"7";"1";"0";"1";"14";"1";""
"202100046744";"118Â 217";"B01";"1";"7";"0";"2";"2";"24";"1";""
"202100046745";"118Â 215";"A01";"2";"7";"0";"1";"1";"15";"1";""
"202100046746";"118Â 213";"A01";"1";"7";"0";"2";"3";"10";"1";""
"202100046746";"118Â 214";"B01";"2";"2";"0";"2";"1";"1";"1";""
"202100046747";"118Â 212";"A01";"1";"10";"8";"0";"1";"1";"1";""
"202100046748";"118Â 210";"A01";"1";"7";"0";"2";"1";"15";"1";""
"202100046748";"118Â 211";"B01";"3";"60";"0";"2";"0";"1";"5";""
"202100046749";"118Â 208";"B01";"1";"30";"0";"2";"3";"1";"3";""
"202100046749";"118Â 209";"A01";"1";"30";"0";"2";"2";"1";"1";""
"202100046750";"118Â 207";"A01";"3";"33";"0";"0";"1";"1";"0";""
"202100046751";"118Â 206";"A01";"1";"7";"16";"0";"1";"15";"1";""
"202100046752";"118Â 205";"A01";"2";"99";"0";"1";"2";"19";"1";""
"202100046753";"118Â 203";"B01";"3";"7";"0";"2";"3";"1";"1";""
"202100046753";"118Â 204";"A01";"3";"32";"0";"2";"8";"15";"1";""
"202100046754";"118Â 201";"B01";"1";"7";"0";"2";"4";"1";"1";""
"202100046754";"118Â 202";"A01";"1";"7";"0";"2";"1";"1";"1";""
"202100046755";"118Â 199";"A01";"1";"7";"0";"2";"6";"1";"1";""
"202100046755";"118Â 200";"B01";"2";"2";"0";"2";"1";"1";"1";""
"202100046756";"118Â 197";"B01";"1";"7";"0";"2";"3";"1";"1";""
"202100046756";"118Â 198";"A01";"2";"7";"0";"2";"2";"1";"1";""
"202100046757";"118Â 195";"B01";"3";"1";"0";"0";"0";"1";"5";""
"202100046757";"118Â 196";"A01";"3";"1";"0";"0";"0";"1";"5";""
"202100046758";"118Â 193";"A01";"3";"7";"0";"2";"1";"2";"0";""
"202100046758";"118Â 194";"B01";"3";"30";"0";"2";"4";"23";"1";""
"202100046759";"118Â 191";"B01";"2";"7";"0";"2";"1";"1";"1";""
"202100046759";"118Â 192";"A01";"1";"33";"14";"2";"1";"13";"1";""
"202100046760";"118Â 189";"B01";"0";"37";"0";"2";"2";"1";"1";"2"
"202100046760";"118Â 190";"A01";"0";"7";"0";"2";"1";"26";"1";""
"202100046761";"118Â 187";"A01";"2";"1";"0";"2";"0";"26";"0";""
"202100046761";"118Â 188";"B01";"1";"7";"0";"2";"3";"16";"1";""
"202100046762";"118Â 185";"B01";"3";"10";"0";"2";"2";"1";"1";""
"202100046762";"118Â 186";"A01";"2";"7";"0";"2";"1";"1";"1";""
"202100046763";"118Â 184";"A01";"1";"7";"0";"1";"2";"1";"1";""
"202100046764";"118Â 182";"A01";"1";"7";"5";"2";"8";"9";"1";""
"202100046764";"118Â 183";"B01";"1";"17";"5";"2";"7";"1";"1";""
"202100046765";"118Â 180";"A01";"1";"10";"0";"2";"1";"1";"1";""
"202100046765";"118Â 181";"B01";"1";"1";"0";"2";"4";"23";"5";""
"202100046766";"118Â 178";"A01";"2";"1";"0";"2";"8";"15";"5";""
"202100046766";"118Â 179";"B01";"2";"7";"0";"2";"0";"1";"1";""
"202100046767";"118Â 176";"B01";"1";"7";"0";"2";"4";"1";"1";""
"202100046767";"118Â 177";"A01";"1";"32";"0";"2";"1";"2";"1";""
"202100046768";"118Â 174";"A01";"1";"10";"0";"2";"7";"16";"1";""
"202100046768";"118Â 175";"B01";"1";"2";"0";"2";"3";"0";"1";""
"202100046769";"118Â 171";"A01";"1";"7";"0";"2";"1";"15";"1";""
"202100046769";"118Â 172";"B01";"2";"2";"1";"2";"1";"1";"1";""
"202100046769";"118Â 173";"C01";"0";"7";"0";"2";"4";"24";"1";""
"202100046770";"118Â 169";"A01";"1";"43";"0";"2";"1";"0";"1";""
"202100046770";"118Â 170";"B01";"1";"7";"0";"2";"5";"15";"1";""
"202100046771";"118Â 168";"A01";"1";"7";"0";"1";"2";"14";"1";""
"202100046772";"118Â 166";"A01";"1";"99";"0";"2";"3";"1";"0";""
"202100046772";"118Â 167";"B01";"2";"99";"0";"2";"3";"1";"0";""
"202100046773";"118Â 164";"B01";"3";"33";"0";"2";"1";"1";"1";""
"202100046773";"118Â 165";"A01";"3";"32";"0";"2";"1";"1";"1";""
"202100046774";"118Â 163";"A01";"0";"30";"0";"1";"1";"17";"1";""
"202100046775";"118Â 160";"A01";"2";"17";"0";"2";"2";"12";"1";""
"202100046775";"118Â 161";"B01";"2";"7";"0";"2";"6";"1";"2";""
"202100046775";"118Â 162";"C01";"2";"7";"0";"2";"6";"1";"1";""
"202100046776";"118Â 158";"B01";"1";"33";"0";"2";"2";"1";"1";""
"202100046776";"118Â 159";"A01";"1";"10";"0";"2";"3";"11";"1";""
"202100046777";"118Â 156";"Z01";"1";"32";"0";"2";"1";"5";"1";""
"202100046777";"118Â 157";"B01";"2";"1";"0";"2";"1";"9";"5";""
"202100046778";"118Â 154";"Z01";"1";"7";"0";"2";"1";"1";"0";""
"202100046778";"118Â 155";"B01";"1";"30";"0";"2";"7";"1";"1";""
"202100046779";"118Â 153";"A01";"2";"10";"0";"1";"1";"1";"1";""
"202100046780";"118Â 152";"A01";"1";"10";"0";"1";"7";"1";"1";""
"202100046781";"118Â 150";"A01";"3";"10";"0";"2";"7";"15";"1";""
"202100046781";"118Â 151";"B01";"3";"33";"0";"2";"1";"1";"1";""
"202100046782";"118Â 148";"Z01";"2";"10";"0";"2";"7";"1";"1";""
"202100046782";"118Â 149";"A01";"2";"7";"0";"2";"8";"24";"1";""
"202100046783";"118Â 147";"A01";"2";"1";"12";"0";"0";"1";"5";""
"202100046784";"118Â 145";"B01";"2";"2";"0";"2";"3";"9";"1";""
"202100046784";"118Â 146";"A01";"2";"7";"0";"2";"2";"1";"1";""
"202100046785";"118Â 144";"A01";"2";"50";"0";"1";"3";"18";"3";""
"202100046786";"118Â 142";"B01";"3";"37";"0";"2";"7";"1";"1";"1"
"202100046786";"118Â 143";"A01";"3";"50";"0";"2";"1";"16";"3";""
"202100046787";"118Â 141";"A01";"2";"50";"0";"0";"0";"1";"3";""
"202100046788";"118Â 139";"Z01";"2";"2";"0";"2";"1";"15";"1";""
"202100046788";"118Â 140";"A01";"1";"1";"0";"2";"1";"1";"5";""
"202100046789";"118Â 137";"A01";"3";"37";"0";"2";"1";"2";"1";"1"
"202100046789";"118Â 138";"B01";"3";"7";"0";"2";"4";"2";"1";""
"202100046790";"118Â 136";"A01";"1";"33";"0";"1";"1";"1";"1";""
"202100046791";"118Â 134";"A01";"2";"1";"0";"2";"1";"17";"5";""
"202100046791";"118Â 135";"B01";"1";"1";"0";"2";"1";"1";"5";""
"202100046792";"118Â 132";"A01";"2";"1";"0";"2";"1";"16";"5";""
"202100046792";"118Â 133";"B01";"1";"1";"0";"2";"1";"1";"5";""
"202100046793";"118Â 131";"Z01";"1";"1";"0";"1";"1";"1";"5";""
"202100046794";"118Â 129";"B01";"2";"1";"0";"2";"3";"1";"5";""
"202100046794";"118Â 130";"Z01";"1";"2";"0";"9";"0";"19";"1";""
"202100046795";"118Â 127";"B01";"1";"1";"0";"2";"8";"10";"5";""
"202100046795";"118Â 128";"A01";"1";"7";"0";"9";"1";"9";"1";""
"202100046796";"118Â 126";"A01";"3";"10";"0";"1";"4";"4";"1";""
"202100046797";"118Â 124";"A01";"1";"30";"0";"2";"1";"13";"1";""
"202100046797";"118Â 125";"B01";"1";"31";"0";"2";"8";"15";"1";""
"202100046798";"118Â 122";"B01";"2";"7";"0";"0";"6";"1";"1";""
"202100046798";"118Â 123";"A01";"2";"7";"0";"2";"0";"1";"1";""
"202100046799";"118Â 121";"A01";"2";"31";"8";"0";"1";"13";"1";""
"202100046800";"118Â 118";"A01";"2";"7";"0";"2";"0";"15";"1";""
"202100046800";"118Â 119";"C01";"1";"1";"1";"2";"2";"9";"5";""
"202100046800";"118Â 120";"D01";"1";"7";"0";"2";"5";"26";"1";""
"202100046801";"118Â 117";"A01";"1";"7";"0";"1";"1";"2";"1";""
"202100046802";"118Â 115";"A01";"1";"7";"0";"2";"8";"1";"1";""
"202100046802";"118Â 116";"B01";"2";"7";"0";"2";"1";"1";"1";""
"202100046803";"118Â 114";"A01";"2";"7";"0";"1";"3";"1";"1";""
"202100046804";"118Â 112";"B01";"3";"7";"0";"2";"6";"1";"1";""
"202100046804";"118Â 113";"A01";"3";"10";"0";"2";"1";"9";"1";""
"202100046805";"118Â 110";"A01";"1";"7";"0";"9";"3";"1";"0";""
"202100046805";"118Â 111";"B01";"1";"1";"0";"2";"0";"0";"0";""
"202100046806";"118Â 109";"A01";"2";"7";"0";"1";"2";"19";"2";""
"202100046807";"118Â 108";"A01";"2";"30";"0";"1";"0";"26";"1";""
"202100046808";"118Â 106";"A01";"1";"34";"0";"2";"1";"1";"0";""
"202100046808";"118Â 107";"B01";"1";"37";"0";"2";"3";"1";"1";"2"
"202100046809";"118Â 105";"A01";"1";"7";"0";"0";"2";"16";"1";""
"202100046810";"118Â 103";"B01";"3";"7";"0";"2";"4";"1";"1";""
"202100046810";"118Â 104";"A01";"3";"1";"0";"2";"1";"2";"5";""
"202100046811";"118Â 102";"A01";"3";"7";"0";"1";"2";"16";"1";""
"202100046812";"118Â 101";"A01";"1";"7";"0";"1";"1";"1";"1";""
"202100046813";"118Â 099";"A01";"1";"10";"0";"2";"1";"15";"1";""
"202100046813";"118Â 100";"B01";"2";"33";"0";"2";"1";"1";"1";""