"Num_Acc";"id_vehicule";"num_veh";"senc";"catv";"obs";"obsm";"choc";"manv";"motor";"occutc"
"202100046814";"118Â 097";"B01";"2";"33";"0";"2";"1";"17";"1";""
"202100046814";"118Â 098";"A01";"2";"7";"0";"2";"6";"17";"1";""
"202100046815";"118Â 096";"A01";"1";"33";"13";"0";"9";"17";"1";""
"202100046816";"118Â 095";"A01";"0";"7";"2";"0";"1";"0";"1";""
"202100046817";"118Â 093";"A01";"2";"7";"0";"2";"1";"2";"1";""
"202100046817";"118Â 094";"B01";"2";"7";"0";"2";"4";"1";"1";""
"202100046818";"118Â 092";"A01";"1";"30";"0";"1";"1";"1";"1";""
"202100046819";"118Â 090";"B01";"1";"2";"0";"2";"1";"1";"1";""
"202100046819";"118Â 091";"A01";"3";"7";"0";"2";"7";"1";"1";""
"202100046820";"118Â 088";"B01";"1";"33";"0";"2";"1";"1";"1";""
"202100046820";"118Â 089";"A01";"2";"10";"0";"2";"3";"6";"1";""
"202100046821";"118Â 086";"A01";"1";"33";"0";"2";"1";"3";"1";""
"202100046821";"118Â 087";"B01";"2";"7";"0";"2";"2";"9";"1";""
"202100046822";"118Â 083";"B01";"1";"80";"0";"2";"8";"15";"3";""
"202100046822";"118Â 084";"C01";"1";"80";"0";"2";"1";"15";"3";""
"202100046822";"118Â 085";"A01";"1";"7";"0";"2";"2";"17";"1";""
"202100046823";"118Â 081";"B01";"2";"17";"0";"2";"1";"1";"1";""
"202100046823";"118Â 082";"A01";"1";"7";"14";"2";"1";"6";"1";""
"202100046824";"118Â 080";"A01";"1";"33";"0";"1";"3";"1";"1";""
"202100046825";"118Â 078";"A01";"0";"7";"0";"2";"1";"5";"1";""
"202100046825";"118Â 079";"B01";"0";"7";"0";"0";"1";"1";"1";""
"202100046826";"118Â 077";"A01";"2";"31";"0";"6";"1";"1";"1";""
"202100046827";"118Â 076";"A01";"2";"33";"0";"0";"8";"1";"1";""
"202100046828";"118Â 074";"B01";"2";"7";"0";"2";"1";"15";"1";""
"202100046828";"118Â 075";"A01";"1";"7";"0";"2";"3";"1";"1";""
"202100046829";"118Â 073";"A01";"3";"99";"12";"0";"3";"13";"1";""
"202100046830";"118Â 071";"B01";"1";"7";"0";"2";"1";"21";"1";""
"202100046830";"118Â 072";"A01";"2";"10";"0";"2";"1";"13";"1";""
"202100046831";"118Â 069";"A01";"2";"7";"0";"2";"8";"9";"1";""
"202100046831";"118Â 070";"B01";"1";"10";"0";"0";"2";"1";"1";""
"202100046832";"118Â 068";"A01";"2";"7";"8";"0";"3";"1";"1";""
"202100046833";"118Â 066";"A01";"1";"7";"0";"2";"2";"13";"1";""
"202100046833";"118Â 067";"B01";"2";"7";"0";"2";"2";"1";"1";""
"202100046834";"118Â 064";"A01";"1";"7";"0";"0";"2";"1";"0";""
"202100046834";"118Â 065";"B01";"1";"1";"0";"0";"3";"1";"5";""
"202100046835";"118Â 063";"A01";"3";"33";"0";"0";"0";"14";"1";""
"202100046836";"118Â 061";"B01";"1";"7";"0";"2";"1";"1";"1";""
"202100046836";"118Â 062";"A01";"1";"7";"0";"2";"8";"9";"1";""
"202100046837";"118Â 060";"A01";"2";"7";"8";"0";"3";"14";"1";""
"202100046838";"118Â 059";"A01";"3";"7";"0";"1";"1";"15";"1";""
"202100046839";"118Â 058";"A01";"2";"33";"0";"6";"1";"1";"1";""
"202100046840";"118Â 056";"A01";"1";"2";"0";"2";"4";"11";"1";""
"202100046840";"118Â 057";"B01";"2";"7";"0";"2";"2";"1";"1";""
"202100046841";"118Â 054";"A01";"2";"7";"0";"2";"1";"1";"1";""
"202100046841";"118Â 055";"B01";"2";"1";"0";"2";"8";"19";"5";""
"202100046842";"118Â 052";"B01";"1";"1";"0";"2";"4";"2";"5";""
"202100046842";"118Â 053";"A01";"1";"7";"0";"0";"2";"2";"1";""
"202100046843";"118Â 050";"B01";"2";"14";"0";"2";"3";"26";"1";""
"202100046843";"118Â 051";"A01";"2";"33";"0";"2";"7";"1";"1";""
"202100046844";"118Â 044";"B01";"1";"1";"0";"2";"8";"1";"5";""
"202100046844";"118Â 045";"A01";"1";"7";"0";"9";"7";"2";"1";""
"202100046845";"118Â 042";"A01";"3";"7";"0";"2";"8";"19";"1";""
"202100046845";"118Â 043";"B01";"1";"7";"0";"2";"1";"1";"1";""
"202100046846";"118Â 040";"A01";"2";"7";"0";"2";"5";"13";"1";""
"202100046846";"118Â 041";"B01";"1";"7";"0";"2";"1";"1";"1";""
"202100046847";"118Â 038";"B01";"1";"7";"0";"2";"3";"19";"1";""
"202100046847";"118Â 039";"A01";"1";"33";"0";"2";"1";"13";"1";""
"202100046848";"118Â 037";"A01";"3";"7";"10";"0";"3";"2";"1";""
"202100046849";"118Â 036";"A01";"1";"7";"0";"1";"1";"1";"2";""
"202100046850";"118Â 034";"A01";"3";"7";"0";"2";"3";"9";"1";""
"202100046850";"118Â 035";"B01";"3";"1";"0";"2";"2";"15";"5";""
"202100046851";"118Â 032";"A01";"2";"7";"0";"2";"2";"21";"1";""
"202100046851";"118Â 033";"B01";"1";"14";"0";"2";"7";"1";"1";""
"202100046852";"118Â 030";"A01";"1";"7";"0";"9";"7";"17";"1";""
"202100046852";"118Â 031";"B01";"1";"1";"0";"2";"3";"21";"5";""
"202100046853";"118Â 029";"A01";"0";"7";"13";"0";"1";"0";"1";""
"202100046854";"118Â 028";"A01";"2";"2";"8";"0";"1";"1";"1";""
"202100046855";"118Â 026";"B01";"2";"32";"0";"2";"1";"1";"1";""
"202100046855";"118Â 027";"A01";"2";"7";"0";"2";"1";"9";"1";""
"202100046856";"118Â 024";"A01";"2";"10";"0";"2";"5";"14";"1";""
"202100046856";"118Â 025";"B01";"2";"33";"0";"2";"3";"1";"1";""
"202100046857";"118Â 021";"B01";"2";"7";"0";"2";"4";"2";"1";""
"202100046857";"118Â 022";"A01";"2";"7";"0";"2";"1";"1";"1";""
"202100046857";"118Â 023";"C01";"2";"10";"0";"2";"4";"2";"1";""
"202100046858";"118Â 018";"B01";"2";"7";"0";"2";"4";"2";"1";""
"202100046858";"118Â 019";"A01";"2";"7";"0";"2";"1";"2";"1";""
"202100046858";"118Â 020";"C01";"2";"10";"0";"2";"4";"2";"1";""
"202100046859";"118Â 017";"A01";"1";"10";"0";"1";"2";"2";"1";""
"202100046860";"118Â 016";"A01";"2";"7";"0";"1";"3";"1";"1";""
"202100046861";"118Â 014";"A01";"2";"7";"0";"2";"1";"1";"1";""
"202100046861";"118Â 015";"B01";"1";"7";"0";"2";"4";"1";"1";""
"202100046862";"118Â 012";"A01";"1";"7";"0";"2";"3";"15";"1";""
"202100046862";"118Â 013";"B01";"2";"32";"14";"2";"3";"17";"1";""
"202100046863";"118Â 010";"A01";"3";"33";"0";"2";"1";"2";"1";""
"202100046863";"118Â 011";"B01";"0";"7";"0";"2";"3";"2";"1";""
"202100046864";"118Â 008";"A01";"1";"7";"0";"2";"7";"15";"1";""
"202100046864";"118Â 009";"B01";"1";"2";"0";"2";"8";"15";"1";""
"202100046865";"118Â 006";"B01";"2";"7";"0";"2";"1";"1";"1";""
"202100046865";"118Â 007";"A01";"1";"7";"1";"2";"1";"13";"1";""
"202100046866";"118Â 004";"B01";"1";"50";"0";"2";"1";"1";"3";""
"202100046866";"118Â 005";"A01";"1";"7";"0";"2";"8";"15";"1";""
"202100046867";"118Â 002";"A01";"1";"7";"0";"2";"2";"2";"1";""
"202100046867";"118Â 003";"B01";"1";"32";"0";"2";"4";"23";"6";""
"202100046868";"118Â 001";"A01";"2";"7";"1";"0";"1";"1";"1";""
"202100046869";"117Â 999";"B01";"2";"80";"0";"2";"1";"21";"3";""
"202100046869";"118Â 000";"C01";"1";"7";"0";"2";"3";"1";"1";""
"202100046870";"117Â 998";"A01";"3";"50";"2";"0";"1";"26";"3";""
"202100046871";"117Â 996";"B01";"0";"7";"0";"2";"2";"1";"1";""
"202100046871";"117Â 997";"A01";"0";"7";"0";"2";"1";"1";"1";""
"202100046872";"117Â 994";"A01";"1";"7";"0";"2";"3";"9";"1";""
"202100046872";"117Â 995";"B01";"1";"10";"0";"0";"2";"15";"0";""
"202100046873";"117Â 992";"A01";"2";"10";"0";"2";"1";"9";"1";""
"202100046873";"117Â 993";"B01";"2";"1";"0";"2";"7";"1";"5";""
"202100046874";"117Â 990";"A01";"1";"7";"0";"2";"3";"15";"1";""
"202100046874";"117Â 991";"B01";"2";"2";"0";"2";"1";"6";"1";""
"202100046875";"117Â 989";"A01";"3";"7";"0";"1";"6";"4";"1";""
"202100046876";"117Â 987";"B01";"1";"33";"0";"2";"1";"1";"1";""
"202100046876";"117Â 988";"A01";"1";"7";"0";"2";"7";"9";"1";""
"202100046877";"117Â 985";"B01";"3";"33";"0";"2";"1";"2";"1";""
"202100046877";"117Â 986";"A01";"3";"7";"0";"2";"3";"26";"1";""
"202100046878";"117Â 983";"B01";"2";"10";"1";"0";"0";"0";"1";""
"202100046878";"117Â 984";"A01";"2";"7";"1";"0";"1";"13";"0";""
"202100046879";"117Â 979";"Z01";"3";"7";"0";"2";"1";"1";"0";""
"202100046879";"117Â 980";"C01";"3";"37";"0";"2";"4";"2";"1";"1"
"202100046879";"117Â 981";"B01";"3";"7";"0";"2";"4";"2";"1";""
"202100046879";"117Â 982";"A01";"3";"7";"0";"2";"4";"2";"1";""
"202100046880";"117Â 977";"A01";"2";"7";"0";"2";"3";"15";"1";""
"202100046880";"117Â 978";"B01";"2";"1";"0";"2";"1";"1";"6";""
"202100046881";"117Â 974";"A01";"0";"33";"0";"2";"2";"11";"1";""
"202100046881";"117Â 975";"B01";"0";"7";"0";"0";"6";"1";"1";""
"202100046882";"117Â 973";"A01";"0";"7";"0";"1";"1";"1";"1";""
"202100046883";"117Â 972";"A01";"1";"7";"0";"1";"3";"1";"1";""
"202100046884";"117Â 970";"B01";"1";"1";"0";"0";"0";"1";"0";""
"202100046884";"117Â 971";"A01";"3";"7";"1";"0";"0";"22";"0";""
"202100046885";"117Â 966";"B01";"3";"7";"0";"2";"1";"1";"1";""
"202100046885";"117Â 967";"A01";"3";"7";"0";"2";"1";"5";"1";""
"202100046886";"117Â 963";"A01";"1";"7";"0";"2";"1";"21";"1";""
"202100046886";"117Â 964";"C01";"1";"7";"0";"2";"6";"23";"1";""
"202100046886";"117Â 965";"B01";"2";"7";"0";"2";"1";"9";"1";""
"202100046887";"117Â 962";"A01";"3";"10";"0";"1";"4";"26";"1";""
"202100046888";"117Â 960";"A01";"0";"7";"0";"2";"1";"26";"1";""
"202100046888";"117Â 961";"B01";"0";"2";"0";"2";"1";"1";"1";""
"202100046889";"117Â 959";"A01";"2";"33";"0";"0";"7";"21";"1";""
"202100046890";"117Â 958";"Z01";"2";"7";"0";"1";"0";"0";"1";""
"202100046891";"117Â 957";"A01";"2";"7";"0";"1";"4";"4";"1";""
"202100046892";"117Â 956";"A01";"3";"33";"0";"1";"2";"21";"1";""
"202100046893";"117Â 954";"A01";"1";"7";"0";"2";"1";"2";"1";""
"202100046893";"117Â 955";"B01";"1";"7";"0";"2";"4";"23";"1";""
"202100046894";"117Â 952";"B01";"2";"2";"0";"2";"1";"1";"1";""
"202100046894";"117Â 953";"A01";"1";"7";"0";"2";"8";"15";"1";""
"202100046895";"117Â 950";"B01";"1";"7";"0";"2";"2";"15";"1";""
"202100046895";"117Â 951";"A01";"1";"2";"0";"2";"1";"1";"1";""
"202100046896";"117Â 948";"A01";"1";"7";"0";"2";"1";"1";"1";""
"202100046896";"117Â 949";"B01";"1";"7";"0";"2";"4";"2";"1";""
"202100046897";"117Â 947";"A01";"0";"7";"0";"1";"1";"1";"1";""
"202100046898";"117Â 944";"A01";"1";"7";"0";"0";"4";"1";"1";""
"202100046898";"117Â 945";"B01";"1";"7";"0";"2";"1";"1";"1";""
"202100046898";"117Â 946";"C01";"1";"7";"0";"2";"1";"1";"1";""
"202100046899";"117Â 942";"B01";"1";"7";"0";"2";"2";"0";"1";""
"202100046899";"117Â 943";"A01";"2";"33";"0";"2";"1";"18";"1";""
"202100046900";"117Â 940";"A01";"1";"7";"0";"2";"1";"13";"1";""
"202100046900";"117Â 941";"B01";"2";"7";"0";"2";"1";"1";"1";""
"202100046901";"117Â 938";"A01";"1";"7";"0";"2";"2";"16";"1";""
"202100046901";"117Â 939";"B01";"1";"1";"0";"2";"0";"0";"5";""
"202100046902";"117Â 936";"A01";"1";"30";"0";"2";"3";"1";"1";""
"202100046902";"117Â 937";"B01";"2";"7";"0";"2";"2";"1";"1";""
"202100046903";"117Â 935";"A01";"2";"7";"0";"1";"1";"15";"1";""
"202100046904";"117Â 933";"A01";"1";"7";"0";"2";"1";"26";"1";""
"202100046904";"117Â 934";"B01";"1";"1";"0";"2";"7";"19";"5";""
"202100046905";"117Â 931";"A01";"1";"7";"0";"2";"8";"15";"1";""
"202100046905";"117Â 932";"B01";"1";"1";"0";"2";"7";"2";"5";""
"202100046906";"117Â 929";"A01";"3";"7";"0";"2";"5";"15";"1";""
"202100046906";"117Â 930";"B01";"3";"7";"0";"2";"1";"1";"1";""
"202100046907";"117Â 927";"B01";"2";"1";"0";"0";"4";"2";"5";""
"202100046907";"117Â 928";"A01";"2";"7";"0";"2";"1";"2";"1";""
"202100046908";"117Â 925";"A01";"1";"7";"0";"2";"2";"9";"1";""
"202100046908";"117Â 926";"B01";"1";"1";"0";"2";"1";"5";"5";""
"202100046909";"117Â 924";"A01";"1";"7";"0";"1";"3";"1";"1";""
"202100046910";"117Â 923";"A01";"3";"1";"8";"0";"1";"1";"5";""
"202100046911";"117Â 921";"A01";"3";"1";"0";"2";"1";"1";"5";""
"202100046911";"117Â 922";"B01";"3";"7";"0";"2";"2";"1";"1";""
"202100046912";"117Â 919";"A01";"2";"7";"0";"2";"0";"2";"1";""
"202100046912";"117Â 920";"B01";"2";"1";"0";"2";"7";"2";"5";""
"202100046913";"117Â 917";"A01";"0";"7";"0";"2";"3";"24";"1";""
"202100046913";"117Â 918";"B01";"3";"1";"0";"2";"2";"2";"5";""
"202100046914";"117Â 915";"B01";"2";"50";"0";"2";"1";"25";"3";""
"202100046914";"117Â 916";"A01";"1";"7";"0";"2";"3";"16";"1";""
"202100046915";"117Â 914";"A01";"3";"7";"12";"0";"2";"14";"1";""
"202100046916";"117Â 912";"B01";"2";"33";"0";"2";"2";"1";"1";""
"202100046916";"117Â 913";"A01";"2";"7";"0";"2";"6";"19";"1";""
"202100046917";"117Â 909";"C01";"1";"7";"10";"2";"4";"1";"1";""
"202100046917";"117Â 910";"A01";"1";"7";"0";"2";"1";"1";"1";""
"202100046917";"117Â 911";"B01";"1";"7";"0";"2";"1";"1";"1";""
"202100046918";"117Â 908";"A01";"1";"13";"4";"0";"0";"26";"1";""
"202100046919";"117Â 906";"B01";"1";"7";"0";"2";"2";"1";"1";""
"202100046919";"117Â 907";"A01";"1";"32";"0";"2";"3";"18";"1";""
"202100046920";"117Â 905";"A01";"0";"7";"0";"1";"1";"1";"1";""
"202100046921";"117Â 903";"A01";"1";"10";"0";"2";"5";"15";"1";""
"202100046921";"117Â 904";"B01";"0";"31";"0";"2";"1";"1";"1";""
"202100046922";"117Â 900";"C01";"2";"13";"0";"2";"7";"1";"1";""
"202100046922";"117Â 901";"B01";"2";"7";"1";"2";"1";"1";"1";""
"202100046922";"117Â 902";"A01";"2";"7";"0";"2";"4";"23";"1";""
"202100046923";"117Â 898";"A01";"1";"7";"0";"2";"3";"24";"1";""
"202100046923";"117Â 899";"B01";"1";"1";"0";"2";"9";"1";"5";""
"202100046924";"117Â 897";"A01";"0";"37";"0";"1";"1";"1";"1";"1"
"202100046925";"117Â 894";"C01";"1";"7";"0";"2";"4";"1";"3";""
"202100046925";"117Â 895";"B01";"1";"7";"0";"2";"9";"1";"1";""
"202100046925";"117Â 896";"A01";"1";"10";"0";"2";"1";"1";"1";""
"202100046926";"117Â 892";"B01";"1";"33";"0";"2";"4";"1";"1";""
"202100046926";"117Â 893";"A01";"1";"7";"0";"2";"1";"9";"1";""
"202100046927";"117Â 891";"A01";"0";"7";"8";"0";"1";"26";"1";""
"202100046928";"117Â 890";"A01";"0";"7";"0";"0";"1";"14";"1";""
"202100046929";"117Â 889";"A01";"3";"7";"0";"1";"1";"15";"1";""
"202100046930";"117Â 887";"B01";"1";"7";"0";"2";"1";"1";"1";""
"202100046930";"117Â 888";"A01";"2";"10";"0";"2";"8";"15";"1";""
"202100046931";"117Â 886";"A01";"3";"7";"0";"1";"1";"9";"1";""
"202100046932";"117Â 884";"B01";"2";"7";"0";"0";"4";"2";"3";""
"202100046932";"117Â 885";"A01";"2";"7";"0";"2";"1";"2";"1";""
"202100046933";"117Â 883";"A01";"1";"7";"3";"2";"1";"21";"1";""
"202100046934";"117Â 881";"B01";"2";"33";"0";"2";"1";"1";"1";""
"202100046934";"117Â 882";"A01";"1";"7";"0";"2";"3";"15";"1";""
"202100046935";"117Â 880";"A01";"1";"10";"0";"1";"1";"1";"1";""
"202100046936";"117Â 878";"B01";"2";"2";"0";"2";"7";"1";"1";""
"202100046936";"117Â 879";"A01";"2";"7";"0";"2";"8";"11";"1";""
"202100046937";"117Â 876";"A01";"0";"7";"1";"0";"7";"1";"1";""
"202100046937";"117Â 877";"B01";"1";"7";"0";"2";"3";"15";"1";""
"202100046938";"117Â 874";"B01";"0";"7";"0";"2";"1";"0";"1";""
"202100046938";"117Â 875";"A01";"0";"7";"0";"2";"1";"0";"1";""
"202100046939";"117Â 872";"B01";"1";"33";"0";"2";"7";"2";"1";""
"202100046939";"117Â 873";"A01";"1";"7";"0";"2";"1";"9";"1";""
"202100046940";"117Â 870";"A01";"1";"7";"0";"2";"7";"15";"1";""
"202100046940";"117Â 871";"B01";"1";"33";"0";"2";"1";"1";"1";""
"202100046941";"117Â 868";"B01";"3";"7";"0";"2";"3";"1";"0";""
"202100046941";"117Â 869";"A01";"3";"7";"0";"2";"3";"1";"1";""
"202100046942";"117Â 866";"A01";"3";"3";"0";"2";"8";"2";"0";""
"202100046942";"117Â 867";"B01";"2";"1";"0";"2";"1";"14";"0";""
"202100046943";"117Â 864";"A01";"1";"7";"0";"2";"8";"15";"1";""
"202100046943";"117Â 865";"B01";"1";"2";"0";"2";"7";"17";"1";""
"202100046944";"117Â 862";"B01";"1";"32";"0";"2";"1";"1";"1";""
"202100046944";"117Â 863";"A01";"2";"7";"0";"2";"7";"15";"1";""
"202100046945";"117Â 861";"A01";"1";"7";"0";"1";"1";"1";"1";""
"202100046946";"117Â 860";"A01";"1";"1";"0";"1";"3";"1";"5";""
"202100046947";"117Â 859";"Z01";"2";"7";"0";"1";"0";"1";"0";""
"202100046948";"117Â 857";"B01";"3";"1";"0";"2";"8";"19";"5";""
"202100046948";"117Â 858";"A01";"2";"32";"0";"2";"1";"5";"1";""
"202100046949";"117Â 856";"A01";"1";"1";"0";"0";"0";"21";"5";""
"202100046950";"117Â 854";"A01";"1";"7";"0";"2";"5";"23";"1";""
"202100046950";"117Â 855";"B01";"1";"2";"0";"2";"3";"7";"1";""
"202100046951";"117Â 852";"A01";"3";"7";"0";"2";"5";"2";"1";""
"202100046951";"117Â 853";"B01";"3";"32";"0";"2";"4";"2";"1";""
"202100046952";"117Â 851";"A01";"2";"1";"0";"1";"3";"1";"5";""
"202100046953";"117Â 849";"A01";"2";"30";"0";"2";"3";"18";"1";""
"202100046953";"117Â 850";"B01";"2";"7";"0";"2";"2";"16";"1";""
"202100046954";"117Â 847";"A01";"1";"50";"7";"2";"2";"17";"3";""
"202100046954";"117Â 848";"B01";"1";"50";"0";"2";"8";"1";"3";""
"202100046955";"117Â 845";"A01";"2";"7";"0";"2";"6";"23";"1";""
"202100046955";"117Â 846";"B01";"2";"33";"0";"2";"2";"2";"1";""
"202100046956";"117Â 843";"A01";"2";"32";"0";"2";"1";"18";"1";""
"202100046956";"117Â 844";"B01";"2";"7";"0";"2";"2";"16";"1";""
"202100046957";"117Â 841";"B01";"2";"7";"0";"2";"3";"9";"1";""
"202100046957";"117Â 842";"A01";"2";"33";"0";"2";"1";"17";"1";""
"202100046958";"117Â 840";"A01";"2";"60";"1";"0";"1";"17";"5";""
"202100046959";"117Â 839";"A01";"2";"7";"0";"1";"3";"26";"1";""
"202100046960";"117Â 838";"A01";"3";"7";"0";"1";"2";"1";"1";""
"202100046961";"117Â 836";"A01";"1";"10";"0";"2";"2";"1";"1";""
"202100046961";"117Â 837";"B01";"1";"7";"1";"0";"4";"23";"1";""
"202100046962";"117Â 834";"A01";"3";"30";"0";"2";"8";"16";"3";""
"202100046962";"117Â 835";"B01";"3";"37";"0";"2";"1";"1";"1";"1"
"202100046963";"117Â 833";"A01";"1";"10";"0";"1";"5";"4";"1";""
"202100046964";"117Â 832";"A01";"1";"7";"0";"1";"2";"1";"1";""
"202100046965";"117Â 830";"B01";"1";"7";"0";"2";"2";"0";"1";""
"202100046965";"117Â 831";"A01";"3";"31";"0";"2";"1";"26";"1";""
"202100046966";"117Â 829";"A01";"1";"31";"14";"0";"1";"14";"1";""
"202100046967";"117Â 827";"A01";"2";"10";"8";"2";"2";"16";"1";""
"202100046967";"117Â 828";"B01";"2";"50";"8";"2";"3";"18";"3";""
"202100046968";"117Â 825";"A01";"2";"7";"0";"2";"0";"26";"1";""
"202100046968";"117Â 826";"B01";"2";"33";"0";"2";"0";"0";"1";""
"202100046969";"117Â 824";"A01";"3";"1";"0";"1";"1";"25";"5";""
"202100046970";"117Â 823";"A01";"2";"7";"15";"0";"1";"1";"1";""
"202100046971";"117Â 821";"B01";"1";"1";"0";"2";"8";"1";"5";""
"202100046971";"117Â 822";"A01";"1";"7";"0";"2";"7";"17";"1";""
"202100046972";"117Â 818";"A01";"2";"7";"0";"0";"6";"15";"1";""
"202100046972";"117Â 819";"B01";"1";"7";"0";"2";"1";"1";"1";""
"202100046972";"117Â 820";"C01";"2";"33";"0";"2";"4";"2";"1";""
"202100046973";"117Â 816";"A01";"0";"7";"0";"9";"5";"16";"1";""
"202100046973";"117Â 817";"B01";"0";"1";"0";"2";"1";"23";"5";""
"202100046974";"117Â 814";"A01";"1";"7";"0";"2";"3";"15";"1";""
"202100046974";"117Â 815";"B01";"1";"33";"0";"2";"0";"1";"1";""
"202100046975";"117Â 813";"A01";"2";"7";"0";"0";"1";"1";"1";""
"202100046976";"117Â 812";"A01";"1";"7";"0";"1";"3";"1";"1";""
"202100046977";"117Â 810";"A01";"2";"33";"0";"0";"8";"17";"1";""
"202100046977";"117Â 811";"B01";"2";"21";"0";"0";"6";"15";"1";""
"202100046978";"117Â 809";"A01";"0";"33";"0";"0";"0";"1";"1";""
"202100046979";"117Â 808";"A01";"2";"33";"0";"0";"1";"1";"1";""
"202100046980";"117Â 807";"A01";"3";"7";"0";"0";"2";"1";"1";""
"202100046981";"117Â 804";"C01";"2";"33";"0";"2";"1";"1";"1";""
"202100046981";"117Â 805";"B01";"2";"7";"0";"2";"3";"1";"1";""
"202100046981";"117Â 806";"A01";"1";"7";"0";"2";"7";"9";"2";""
"202100046982";"117Â 802";"A01";"2";"7";"0";"2";"3";"13";"1";""
"202100046982";"117Â 803";"B01";"1";"17";"0";"2";"3";"1";"1";""
"202100046983";"117Â 801";"A01";"1";"7";"8";"0";"5";"13";"1";""
"202100046984";"117Â 798";"B01";"1";"10";"0";"2";"5";"1";"1";""
"202100046984";"117Â 799";"A01";"1";"33";"0";"2";"1";"1";"1";""
"202100046985";"117Â 796";"B01";"2";"7";"0";"2";"1";"1";"1";""
"202100046985";"117Â 797";"A01";"1";"7";"0";"2";"1";"15";"1";""
"202100046986";"117Â 794";"B01";"1";"2";"0";"2";"1";"1";"1";""
"202100046986";"117Â 795";"A01";"2";"2";"0";"2";"8";"9";"1";""
"202100046987";"117Â 793";"A01";"3";"7";"0";"1";"1";"1";"1";""
"202100046988";"117Â 792";"A01";"2";"10";"13";"0";"7";"21";"1";""
"202100046989";"117Â 790";"A01";"0";"1";"0";"2";"1";"19";"5";""
"202100046989";"117Â 791";"B01";"3";"7";"0";"9";"7";"1";"1";""
"202100046990";"117Â 788";"A01";"2";"2";"0";"2";"1";"1";"1";""
"202100046990";"117Â 789";"B01";"1";"10";"0";"0";"6";"16";"1";""
"202100046991";"117Â 787";"A01";"2";"7";"4";"0";"1";"16";"1";""
"202100046992";"117Â 786";"A01";"3";"7";"0";"1";"1";"20";"1";""
"202100046993";"117Â 784";"A01";"2";"17";"0";"2";"1";"1";"1";""
"202100046993";"117Â 785";"B01";"2";"17";"0";"0";"4";"1";"1";""
"202100046994";"117Â 782";"A01";"2";"7";"0";"0";"7";"13";"1";""
"202100046994";"117Â 783";"B01";"1";"7";"0";"2";"2";"15";"1";""
"202100046995";"117Â 777";"E01";"1";"7";"0";"0";"4";"2";"1";""
"202100046995";"117Â 778";"D01";"1";"7";"0";"2";"4";"2";"1";""
"202100046995";"117Â 779";"C01";"1";"7";"0";"2";"4";"2";"1";""
"202100046995";"117Â 780";"A01";"1";"7";"0";"2";"1";"2";"1";""
"202100046995";"117Â 781";"B01";"1";"7";"0";"2";"4";"2";"1";""
"202100046996";"117Â 775";"B01";"1";"37";"0";"0";"6";"24";"1";"2"
"202100046996";"117Â 776";"A01";"1";"7";"1";"0";"1";"1";"1";""
"202100046997";"117Â 774";"A01";"2";"7";"4";"0";"2";"17";"1";""
"202100046998";"117Â 772";"B01";"1";"10";"0";"2";"1";"1";"1";""
"202100046998";"117Â 773";"A01";"1";"7";"0";"2";"4";"23";"1";""
"202100046999";"117Â 771";"A01";"2";"7";"0";"1";"2";"1";"1";""
"202100047000";"117Â 770";"A01";"2";"7";"0";"0";"9";"1";"1";""
"202100047001";"117Â 764";"A01";"1";"7";"0";"2";"1";"1";"1";""
"202100047001";"117Â 765";"E01";"1";"7";"0";"2";"1";"2";"1";""
"202100047001";"117Â 766";"D01";"1";"7";"0";"2";"1";"2";"1";""
"202100047001";"117Â 767";"B01";"1";"7";"0";"2";"4";"2";"1";""
"202100047001";"117Â 768";"C01";"1";"10";"0";"2";"4";"2";"1";""
"202100047002";"117Â 762";"B01";"1";"7";"0";"2";"7";"1";"1";""
"202100047002";"117Â 763";"A01";"1";"10";"0";"2";"3";"13";"1";""
"202100047003";"117Â 759";"C01";"1";"7";"0";"2";"4";"2";"1";""
"202100047003";"117Â 760";"B01";"1";"7";"0";"2";"4";"2";"2";""
"202100047003";"117Â 761";"A01";"1";"7";"0";"2";"1";"2";"1";""
"202100047004";"117Â 757";"A01";"1";"10";"0";"2";"1";"1";"1";""
"202100047004";"117Â 758";"B01";"1";"7";"0";"2";"4";"2";"1";""
"202100047005";"117Â 755";"A01";"1";"7";"0";"2";"1";"2";"1";""
"202100047005";"117Â 756";"B01";"1";"7";"0";"2";"4";"1";"1";""
"202100047006";"117Â 754";"A01";"1";"15";"0";"0";"9";"1";"1";""
"202100047007";"117Â 752";"B01";"1";"7";"0";"2";"4";"2";"1";""
"202100047007";"117Â 753";"A01";"1";"32";"0";"2";"1";"2";"1";""
"202100047008";"117Â 751";"A01";"2";"7";"0";"0";"9";"1";"1";""
"202100047009";"117Â 749";"A01";"1";"7";"0";"2";"3";"9";"1";""
"202100047009";"117Â 750";"B01";"1";"7";"0";"2";"2";"1";"1";""
"202100047010";"117Â 747";"B01";"2";"33";"0";"2";"1";"1";"1";""
"202100047010";"117Â 748";"A01";"2";"7";"0";"2";"5";"1";"1";""
"202100047011";"117Â 746";"A01";"1";"7";"4";"0";"2";"12";"1";""
"202100047012";"117Â 743";"A01";"2";"14";"0";"2";"2";"12";"1";""
"202100047012";"117Â 744";"C01";"2";"7";"0";"2";"5";"1";"1";""
"202100047012";"117Â 745";"B01";"2";"7";"0";"2";"8";"1";"1";""
"202100047013";"117Â 740";"C01";"2";"15";"0";"2";"1";"1";"1";""