"Num_Acc";"id_vehicule";"num_veh";"senc";"catv";"obs";"obsm";"choc";"manv";"motor";"occutc"
"202100047013";"117Â 741";"A01";"2";"15";"0";"2";"4";"23";"1";""
"202100047013";"117Â 742";"B01";"2";"7";"0";"2";"1";"1";"0";""
"202100047014";"117Â 738";"B01";"2";"7";"0";"2";"6";"1";"1";""
"202100047014";"117Â 739";"A01";"2";"33";"0";"2";"1";"1";"1";""
"202100047015";"117Â 736";"A01";"1";"7";"0";"2";"3";"15";"1";""
"202100047015";"117Â 737";"B01";"2";"33";"0";"2";"8";"1";"1";""
"202100047016";"117Â 734";"B01";"3";"7";"0";"2";"3";"15";"0";""
"202100047016";"117Â 735";"A01";"1";"2";"0";"2";"3";"3";"0";""
"202100047017";"117Â 732";"A01";"1";"7";"0";"2";"2";"1";"1";""
"202100047017";"117Â 733";"B01";"3";"50";"0";"2";"1";"19";"3";""
"202100047018";"117Â 730";"B01";"2";"10";"0";"2";"0";"0";"1";""
"202100047018";"117Â 731";"A01";"1";"7";"7";"0";"7";"15";"1";""
"202100047019";"117Â 728";"A01";"1";"7";"0";"2";"1";"13";"1";""
"202100047019";"117Â 729";"B01";"2";"7";"0";"2";"1";"1";"1";""
"202100047020";"117Â 726";"B01";"1";"7";"0";"0";"4";"2";"1";""
"202100047020";"117Â 727";"A01";"1";"7";"0";"2";"1";"17";"1";""
"202100047021";"117Â 724";"B01";"1";"7";"0";"2";"4";"2";"1";""
"202100047021";"117Â 725";"A01";"1";"31";"0";"2";"1";"2";"1";""
"202100047022";"117Â 722";"A01";"1";"34";"8";"0";"1";"1";"1";""
"202100047022";"117Â 723";"B01";"1";"33";"0";"0";"4";"2";"1";""
"202100047023";"117Â 720";"B01";"2";"7";"0";"2";"3";"15";"1";""
"202100047023";"117Â 721";"A01";"0";"34";"0";"2";"2";"2";"1";""
"202100047024";"117Â 718";"A01";"1";"7";"0";"2";"3";"15";"1";""
"202100047024";"117Â 719";"B01";"1";"33";"0";"2";"1";"17";"1";""
"202100047025";"117Â 717";"A01";"2";"7";"15";"0";"2";"1";"1";""
"202100047026";"117Â 714";"C01";"3";"7";"0";"0";" -1";"1";" -1";""
"202100047026";"117Â 715";"B01";"2";"33";"0";"2";"1";"9";"1";""
"202100047026";"117Â 716";"A01";"1";"7";"0";"2";"3";"15";"1";""
"202100047027";"117Â 713";"A01";"1";"60";"0";"0";"7";"1";"5";""
"202100047028";"117Â 711";"A01";"0";"7";"0";"1";"1";"1";"1";""
"202100047029";"117Â 709";"A01";"0";"1";"0";"2";"1";"25";"5";""
"202100047029";"117Â 710";"B01";"0";"7";"0";"2";"1";"5";"1";""
"202100047030";"117Â 707";"A01";"3";"30";"0";"2";"1";"1";"1";""
"202100047030";"117Â 708";"B01";" -1";"2";"0";"2";"7";" -1";"1";""
"202100047031";"117Â 705";"A01";"0";"10";"0";"2";"7";"10";"1";""
"202100047031";"117Â 706";"B01";"0";"7";"0";"2";"1";"1";"1";""
"202100047032";"117Â 703";"B01";"2";"37";"0";"9";"4";"1";"1";"1"
"202100047032";"117Â 704";"A01";"2";"80";"0";"2";"1";"16";"3";""
"202100047033";"117Â 701";"A01";"2";"7";"0";"2";"1";"15";"1";""
"202100047033";"117Â 702";"B01";"1";"2";"0";"2";"3";"1";"1";""
"202100047034";"117Â 699";"A01";"2";"33";"0";"2";"7";"1";"1";""
"202100047034";"117Â 700";"B01";"1";"7";"0";"2";"5";"15";"1";""
"202100047035";"117Â 698";"Z01";"3";"7";"0";"1";"0";"0";"0";""
"202100047036";"117Â 695";"A01";"3";"7";"0";"1";"1";"26";"1";""
"202100047037";"117Â 694";"A01";"1";"33";"16";"0";"3";"13";"1";""
"202100047038";"117Â 692";"A01";"2";"10";"0";"0";"1";"0";"1";""
"202100047038";"117Â 693";"B01";"2";"7";"0";"0";"4";"0";"1";""
"202100047039";"117Â 690";"A01";"1";"7";"0";"2";"1";"0";"1";""
"202100047039";"117Â 691";"B01";"2";"2";"0";"2";"1";"1";"1";""
"202100047040";"117Â 689";"A01";"2";"99";"0";"1";"4";"26";"1";""
"202100047041";"117Â 687";"A01";"0";"7";"0";"2";"2";"15";"1";""
"202100047041";"117Â 688";"B01";"1";"33";"0";"2";"7";"1";"1";""
"202100047042";"117Â 685";"B01";"2";"7";"0";"2";"2";"1";"0";""
"202100047042";"117Â 686";"A01";"3";"7";"0";"2";"2";"1";"1";""
"202100047043";"117Â 683";"B01";"1";"7";"0";"2";"5";"1";"1";""
"202100047043";"117Â 684";"A01";"1";"3";"0";"2";"2";"1";"1";""
"202100047044";"117Â 681";"B01";"1";"33";"0";"2";"4";"1";"1";""
"202100047044";"117Â 682";"A01";"1";"10";"0";"2";"2";"1";"1";""
"202100047045";"117Â 678";"B01";"2";"7";"0";"2";"4";"2";"2";""
"202100047045";"117Â 679";"C01";"2";"7";"0";"0";"4";"2";"1";""
"202100047045";"117Â 680";"A01";"2";"7";"0";"2";"1";"1";"1";""
"202100047046";"117Â 677";"A01";"3";"7";"0";"1";"1";"1";"1";""
"202100047047";"117Â 676";"A01";"2";"7";"0";"1";"3";"26";"1";""
"202100047048";"117Â 674";"A01";"0";"7";"12";"2";"7";"15";"1";""
"202100047048";"117Â 675";"B01";"0";"7";"12";"2";"1";"1";"1";""
"202100047049";"117Â 673";"A01";"1";"7";"0";"1";"2";"1";"1";""
"202100047050";"117Â 671";"B01";"1";"50";"0";"2";"8";"19";"3";""
"202100047050";"117Â 672";"A01";"1";"7";"0";"2";"1";"1";"1";""
"202100047051";"117Â 669";"A01";"2";"7";"0";"2";"1";"1";"1";""
"202100047051";"117Â 670";"B01";"2";"7";"0";"2";"4";"1";"1";""
"202100047052";"117Â 667";"A01";"2";"33";"1";"0";"8";"26";"1";""
"202100047052";"117Â 668";"B01";"2";"10";"0";"0";"4";"23";"1";""
"202100047053";"117Â 666";"A01";"1";"30";"0";"0";"7";"15";"1";""
"202100047054";"117Â 664";"A01";"2";"1";"0";"2";"1";"1";"5";""
"202100047054";"117Â 665";"B01";"1";"1";"0";"2";"2";"15";"5";""
"202100047055";"117Â 660";"A01";"1";"30";"0";"2";"2";"12";"1";""
"202100047055";"117Â 661";"B01";"1";"7";"0";"2";"3";"1";"1";""
"202100047056";"117Â 658";"A01";"2";"10";"0";"2";"1";"9";"1";""
"202100047056";"117Â 659";"B01";"2";"7";"0";"2";"2";"1";"1";""
"202100047057";"117Â 655";"C01";"2";"7";"0";"2";"4";"23";"1";""
"202100047057";"117Â 656";"B01";"2";"7";"0";"2";"4";"23";"1";""
"202100047057";"117Â 657";"A01";"2";"7";"0";"2";"1";"2";"1";""
"202100047058";"117Â 654";"A01";"2";"7";"0";"1";"1";"1";"1";""
"202100047059";"117Â 652";"A01";"1";"10";"0";"2";"2";"15";"1";""
"202100047059";"117Â 653";"B01";"1";"1";"0";"2";"2";"1";"5";""
"202100047060";"117Â 651";"A01";"2";"1";"0";"1";"1";"1";"5";""
"202100047061";"117Â 649";"B01";"2";"33";"0";"2";"0";"1";"1";""
"202100047061";"117Â 650";"A01";"2";"7";"0";"2";"0";"0";"1";""
"202100047062";"117Â 647";"A01";"1";"7";"0";"2";"2";"9";"1";""
"202100047062";"117Â 648";"B01";"1";"50";"0";"2";"1";"9";"3";""
"202100047063";"117Â 645";"A01";"2";"7";"0";"2";"7";"1";"1";""
"202100047063";"117Â 646";"B01";"2";"30";"0";"2";"8";"3";"0";""
"202100047064";"117Â 643";"B01";"1";"7";"0";"2";"2";"1";"0";""
"202100047064";"117Â 644";"A01";"1";"7";"0";"2";"1";"1";"0";""
"202100047065";"117Â 642";"A01";"3";"7";"0";"1";"4";"26";"1";""
"202100047066";"117Â 641";"A01";"1";"2";"0";"0";"0";"1";"1";""
"202100047067";"117Â 638";"A01";"1";"7";"1";"2";"2";"14";"1";""
"202100047067";"117Â 639";"B01";"1";"7";"0";"2";"6";"0";"1";""
"202100047067";"117Â 640";"C01";"2";"7";"0";"2";"1";"1";"1";""
"202100047068";"117Â 636";"B01";"2";"2";"0";"2";"2";"17";"1";""
"202100047068";"117Â 637";"A01";"2";"7";"0";"2";"6";"15";"1";""
"202100047069";"117Â 634";"B01";"2";"7";"0";"2";"1";"1";"1";""
"202100047069";"117Â 635";"A01";"1";"7";"0";"6";"1";"13";"1";""
"202100047070";"117Â 633";"A01";"0";"7";"7";"0";"1";"0";"1";""
"202100047071";"117Â 631";"B01";"1";"7";"0";"2";"8";"1";"1";""
"202100047071";"117Â 632";"A01";"1";"7";"0";"2";"3";"1";"2";""
"202100047072";"117Â 630";"A01";"2";"1";"0";"0";"1";"0";"5";""
"202100047073";"117Â 628";"A01";"1";"7";"0";"0";"3";"0";"1";""
"202100047073";"117Â 629";"B01";"2";"7";"0";"2";"2";"0";"1";""
"202100047074";"117Â 626";"A01";"1";"3";"0";"2";"1";"1";"1";""
"202100047074";"117Â 627";"B01";"1";"10";"0";"2";"7";"1";"1";""
"202100047075";"117Â 624";"A01";"2";"33";"0";"2";"1";"2";"1";""
"202100047075";"117Â 625";"B01";"2";"99";"0";"0";"4";"2";"1";""
"202100047076";"117Â 623";"A01";"3";"7";"0";"1";"1";"1";"1";""
"202100047077";"117Â 620";"C01";"1";"7";"0";"0";"3";"1";"1";""
"202100047077";"117Â 621";"A01";"2";"31";"0";"2";"1";"21";"1";""
"202100047077";"117Â 622";"B01";"1";"7";"0";"0";"6";"1";"1";""
"202100047078";"117Â 619";"A01";"3";"10";"0";"1";"2";"1";"1";""
"202100047079";"117Â 617";"B01";"1";"10";"0";"2";"6";"1";"1";""
"202100047079";"117Â 618";"A01";"1";"7";"0";"2";"2";"14";"2";""
"202100047080";"117Â 615";"A01";"2";"7";"0";"2";"1";"15";"1";""
"202100047080";"117Â 616";"B01";"1";"33";"0";"2";"1";"1";"1";""
"202100047081";"117Â 613";"B01";"0";"1";"0";"2";"4";"2";"5";""
"202100047081";"117Â 614";"A01";"0";"7";"0";"9";"1";"2";"1";""
"202100047082";"117Â 611";"B01";"2";"7";"0";"2";"3";"11";"1";""
"202100047082";"117Â 612";"A01";"2";"7";"0";"2";"7";"12";"1";""
"202100047083";"117Â 609";"A01";"3";"7";"0";"0";"3";"16";"1";""
"202100047083";"117Â 610";"B01";"1";"7";"0";"2";"2";"9";"1";""
"202100047084";"117Â 608";"A01";"2";"7";"6";"0";"1";"13";"1";""
"202100047085";"117Â 606";"B01";"3";"2";"0";"2";"1";"1";"1";""
"202100047085";"117Â 607";"A01";"3";"7";"0";"2";"3";"16";"1";""
"202100047086";"117Â 605";"A01";"2";"7";"0";"1";"2";"1";"1";""
"202100047087";"117Â 604";"A01";"0";"1";"0";"0";"0";"0";"5";""
"202100047088";"117Â 600";"A01";"1";"17";"0";"2";"1";"1";"1";""
"202100047088";"117Â 601";"D01";"1";"7";"0";"0";"4";"1";"1";""
"202100047088";"117Â 602";"C01";"1";"7";"0";"2";"4";"1";"1";""
"202100047088";"117Â 603";"B01";"1";"7";"0";"2";"4";"1";"1";""
"202100047089";"117Â 598";"A01";"1";"7";"13";"2";"1";"19";"1";""
"202100047089";"117Â 599";"B01";"1";"7";"13";"2";"8";"1";"1";""
"202100047090";"117Â 597";"A01";"2";"7";"0";"1";"2";"16";"1";""
"202100047091";"117Â 595";"A01";"1";"7";"0";"2";"3";"5";"1";""
"202100047091";"117Â 596";"B01";"2";"7";"0";"2";"8";"1";"1";""
"202100047092";"117Â 594";"A01";"2";"2";"0";"0";"0";"21";"0";""
"202100047093";"117Â 592";"A01";"2";"7";"0";"2";"3";"15";"1";""
"202100047093";"117Â 593";"B01";"1";"33";"0";"2";"7";"1";"1";""
"202100047094";"117Â 591";"A01";"1";"7";"2";"0";"8";"13";"1";""
"202100047095";"117Â 590";"A01";"0";"2";"0";"0";"0";"1";"1";""
"202100047096";"117Â 588";"A01";"3";"7";"16";"2";"2";"9";"1";""
"202100047096";"117Â 589";"B01";"3";"2";"16";"2";"1";"1";"1";""
"202100047097";"117Â 586";"A01";"2";"33";"0";"2";"1";"3";"1";""
"202100047097";"117Â 587";"B01";"2";"7";"0";"2";"8";"15";"1";""
"202100047098";"117Â 584";"B01";"1";"7";"0";"2";"1";"26";"1";""
"202100047098";"117Â 585";"A01";"2";"33";"0";"2";"1";"13";"1";""
"202100047099";"117Â 583";"A01";"3";"2";"0";"1";"1";"25";"1";""
"202100047100";"117Â 581";"B01";"2";"10";"0";"2";"3";"1";"1";""
"202100047100";"117Â 582";"A01";"1";"3";"0";"2";"3";"13";"1";""
"202100047101";"117Â 579";"A01";"0";"38";"0";"2";"8";"9";"1";"1"
"202100047101";"117Â 580";"B01";"2";"33";"0";"2";"1";"1";"1";""
"202100047102";"117Â 577";"A01";"2";"7";"0";"0";"6";"1";"1";""
"202100047102";"117Â 578";"B01";"1";"7";"0";"2";"2";"15";"1";""
"202100047103";"117Â 576";"A01";"3";"31";"0";"0";"3";"15";"1";""
"202100047104";"117Â 572";"B01";"1";"7";"0";"0";"4";"2";"1";""
"202100047104";"117Â 573";"A01";"1";"7";"0";"2";"1";"2";"1";""
"202100047105";"117Â 570";"B01";"1";"7";"0";"2";"9";"1";"1";""
"202100047105";"117Â 571";"A01";"1";"15";"0";"2";"5";"12";"1";""
"202100047106";"117Â 567";"C01";"1";"7";"0";"2";"1";"2";"1";""
"202100047106";"117Â 568";"B01";"1";"7";"0";"2";"1";"2";"1";""
"202100047106";"117Â 569";"A01";"1";"33";"0";"2";"4";"2";"1";""
"202100047107";"117Â 566";"A01";"2";"7";"3";"0";"1";"2";"1";""
"202100047108";"117Â 564";"A01";"1";"17";"0";"2";"1";"2";"1";""
"202100047108";"117Â 565";"B01";"1";"7";"0";"2";"0";"0";"1";""
"202100047109";"117Â 563";"A01";"2";"32";"0";"0";"9";"9";"1";""
"202100047110";"117Â 562";"A01";"2";"7";"3";"0";"1";"13";"1";""
"202100047111";"117Â 560";"B01";"1";"7";"0";"2";"4";"2";"1";""
"202100047111";"117Â 561";"A01";"1";"7";"0";"2";"1";"1";"1";""
"202100047112";"117Â 558";"B01";"2";"7";"0";"2";"4";"2";"1";""
"202100047112";"117Â 559";"A01";"2";"10";"0";"2";"1";"2";"2";""
"202100047113";"117Â 556";"A01";"2";"7";"0";"2";"8";"11";"2";""
"202100047113";"117Â 557";"B01";"2";"33";"0";"2";"7";"1";"1";""
"202100047114";"117Â 553";"C01";"2";"7";"0";"2";"4";"1";"2";""
"202100047114";"117Â 554";"B01";"2";"7";"0";"2";"4";"1";"3";""
"202100047114";"117Â 555";"A01";"2";"7";"0";"2";"1";"1";"1";""
"202100047115";"117Â 551";"B01";"1";"7";"0";"2";"2";"1";"1";""
"202100047115";"117Â 552";"A01";"1";"7";"0";"2";"9";"11";"3";""
"202100047116";"117Â 549";"B01";"1";"1";"0";"2";"7";"1";"5";""
"202100047116";"117Â 550";"A01";"1";"7";"0";"2";"1";"1";"1";""
"202100047117";"117Â 548";"A01";"1";"7";"0";"1";"3";"1";"1";""
"202100047118";"117Â 546";"A01";"1";"33";"12";"0";"0";"14";"1";""
"202100047119";"117Â 544";"B01";"3";"1";"0";"2";"4";"1";"5";""
"202100047119";"117Â 545";"A01";"3";"7";"0";"9";"3";"9";"1";""
"202100047120";"117Â 542";"A01";"1";"1";"0";"2";"7";"26";"5";""
"202100047120";"117Â 543";"Z01";"1";"7";"0";"2";"1";"9";"1";""
"202100047121";"117Â 540";"B01";"2";"7";"6";"2";"7";"1";"1";""
"202100047121";"117Â 541";"A01";"2";"7";"0";"2";"1";"1";"1";""
"202100047122";"117Â 538";"B01";"0";"33";"0";"2";"5";"9";"0";""
"202100047122";"117Â 539";"A01";"0";"7";"0";"2";"3";"2";"0";""
"202100047123";"117Â 536";"A01";"1";"7";"0";"2";"2";"1";"1";""
"202100047123";"117Â 537";"B01";"1";"7";"0";"2";"8";"15";"1";""
"202100047124";"117Â 534";"A01";"1";"31";"0";"2";"1";"1";"1";""
"202100047124";"117Â 535";"B01";"2";"7";"0";"2";"6";"15";"1";""
"202100047125";"117Â 532";"A01";"1";"7";"0";"9";"7";"14";"1";""
"202100047125";"117Â 533";"B01";"1";"1";"0";"2";"0";"0";"0";""
"202100047126";"117Â 530";"B01";"2";"7";"0";"2";"4";"23";"1";""
"202100047126";"117Â 531";"A01";"2";"7";"14";"0";"1";"2";"1";""
"202100047127";"117Â 528";"B01";"2";"2";"0";"2";"1";"16";"1";""
"202100047127";"117Â 529";"A01";"1";"10";"0";"2";"1";"9";"1";""
"202100047128";"117Â 527";"A01";"2";"7";"1";"0";"2";"14";"1";""
"202100047129";"117Â 525";"B01";"1";"2";"0";"0";"8";"1";"0";""
"202100047129";"117Â 526";"A01";"1";"7";"0";"2";"1";"1";"1";""
"202100047130";"117Â 523";"B01";"1";"2";"1";"2";"3";"15";"1";""
"202100047130";"117Â 524";"A01";"2";"10";"1";"2";"2";"1";"1";""
"202100047131";"117Â 521";"A01";"2";"33";"0";"2";"1";"26";"0";""
"202100047131";"117Â 522";"B01";"1";"31";"0";"2";"1";"1";"1";""
"202100047132";"117Â 519";"B01";"3";"32";"0";"2";"2";"17";"1";""
"202100047132";"117Â 520";"A01";"3";"10";"0";"2";"3";"13";"1";""
"202100047133";"117Â 518";"A01";"2";"7";"0";"1";"1";"1";"1";""
"202100047134";"117Â 516";"A01";"3";"7";"0";"2";"3";"15";"1";""
"202100047134";"117Â 517";"B01";"3";"7";"0";"2";"2";"1";"1";""
"202100047135";"117Â 514";"B01";"1";"31";"0";"2";"7";"9";"1";""
"202100047135";"117Â 515";"A01";"1";"7";"8";"2";"1";"9";"1";""
"202100047136";"117Â 513";"A01";"1";"30";"0";"1";"1";"1";"1";""
"202100047137";"117Â 511";"A01";"2";"33";"0";"2";"1";"1";"1";""
"202100047137";"117Â 512";"B01";"2";"7";"0";"2";"1";"15";"1";""
"202100047138";"117Â 509";"Z01";"3";"7";"0";"2";"0";"9";"0";""
"202100047138";"117Â 510";"A01";"3";"1";"0";"2";"0";"25";"5";""
"202100047139";"117Â 507";"A01";"1";"7";"0";"2";"2";"22";"1";""
"202100047139";"117Â 508";"B01";"1";"1";"0";"2";"1";"1";"5";""
"202100047140";"117Â 505";"A01";"1";"30";"0";"2";"1";"2";"1";""
"202100047140";"117Â 506";"B01";"1";"7";"0";"2";"5";"2";"1";""
"202100047141";"117Â 504";"A01";"3";"1";"0";"0";"0";"1";"5";""
"202100047142";"117Â 502";"A01";"2";"30";"0";"2";"7";"5";"1";""
"202100047142";"117Â 503";"B01";"2";"7";"0";"2";"1";"9";"1";""
"202100047143";"117Â 500";"A01";"1";"7";"0";"2";"3";"13";"1";""
"202100047143";"117Â 501";"B01";"1";"33";"0";"2";"1";"17";"1";""
"202100047144";"117Â 498";"A01";"1";"7";"0";"2";"7";"10";"2";""
"202100047144";"117Â 499";"B01";"1";"50";"0";"2";"3";"1";"3";""
"202100047145";"117Â 497";"A01";"1";"7";"0";"1";"1";"1";"1";""
"202100047146";"117Â 495";"B01";"1";"2";"0";"2";"4";"1";"1";""
"202100047146";"117Â 496";"A01";"1";"7";"0";"2";"1";"2";"1";""
"202100047147";"117Â 494";"A01";"0";"1";"0";"0";"0";"26";"5";""
"202100047148";"117Â 491";"A01";"2";"7";"0";"2";"3";"5";"1";""
"202100047148";"117Â 492";"B01";"1";"33";"0";"2";"3";"5";"1";""
"202100047149";"117Â 490";"A01";"1";"7";"4";"0";"9";"17";"1";""
"202100047150";"117Â 488";"B01";"1";"7";"3";"0";"1";"26";"1";""
"202100047150";"117Â 489";"A01";"1";"10";"3";"0";"1";"1";"1";""
"202100047151";"117Â 486";"B01";"1";"1";"0";"2";"3";"1";"5";""
"202100047151";"117Â 487";"A01";"1";"33";"0";"9";"2";"1";"1";""
"202100047152";"117Â 484";"B01";"1";"7";"0";"2";"1";"1";"1";""
"202100047152";"117Â 485";"A01";"2";"7";"0";"2";"1";"17";"1";""
"202100047153";"117Â 482";"A01";"3";"1";"0";"0";"0";"1";"5";""
"202100047154";"117Â 481";"A01";"3";"7";"0";"1";"2";"1";"1";""
"202100047155";"117Â 478";"C01";"2";"7";"0";"2";"1";"21";"1";""
"202100047155";"117Â 479";"B01";"2";"7";"0";"2";"6";"21";"1";""
"202100047155";"117Â 480";"A01";"1";"7";"0";"2";"1";"5";"1";""
"202100047156";"117Â 476";"B01";"1";"7";"0";"0";"8";"1";"1";""
"202100047156";"117Â 477";"A01";"1";"7";"0";"2";"1";"1";"1";""
"202100047157";"117Â 474";"B01";"3";"21";"0";"1";"5";"24";"1";""
"202100047157";"117Â 475";"A01";"3";"7";"0";"9";"2";"17";"1";""
"202100047158";"117Â 472";"B01";"2";"15";"0";"4";"7";"23";"1";""
"202100047158";"117Â 473";"A01";"0";"39";"1";"0";"3";"1";"0";""
"202100047159";"117Â 470";"B01";"2";"1";"2";"2";"8";"1";"5";""
"202100047159";"117Â 471";"A01";"2";"10";"0";"9";"2";"17";"1";""
"202100047160";"117Â 469";"A01";"3";"10";"0";"1";"1";"23";"1";""
"202100047161";"117Â 468";"A01";"3";"7";"17";"0";"3";"0";"1";""
"202100047162";"117Â 467";"A01";"2";"7";"8";"0";"4";"1";"1";""
"202100047163";"117Â 466";"A01";"3";"10";"0";"1";"8";"18";"0";""
"202100047164";"117Â 464";"A01";"1";"7";"12";"0";"3";"2";"1";""
"202100047165";"117Â 462";"A01";"1";"7";"0";"2";"3";"1";"1";""
"202100047165";"117Â 463";"B01";"2";"1";"0";"2";"1";"5";"5";""
"202100047166";"117Â 460";"A01";"2";"7";"0";"0";"8";"15";"1";""
"202100047166";"117Â 461";"B01";"2";"7";"0";"2";"2";"2";"1";""
"202100047167";"117Â 459";"A01";"3";"36";"1";"0";"1";"1";"1";""
"202100047168";"117Â 457";"B01";"2";"7";"0";"2";"3";"1";"1";""
"202100047168";"117Â 458";"A01";"1";"7";"0";"2";"3";"13";"1";""
"202100047169";"117Â 454";"A01";"2";"7";"0";"2";"3";"9";"1";""
"202100047169";"117Â 455";"B01";"1";"2";"0";"2";"1";"1";"1";""
"202100047170";"117Â 453";"A01";"2";"17";"0";"1";"6";"20";"1";""
"202100047171";"117Â 451";"A01";"0";"7";"0";"2";"5";"15";"1";""
"202100047171";"117Â 452";"B01";"0";"34";"0";"2";"1";"17";"1";""
"202100047172";"117Â 449";"A01";"1";"7";"0";"2";"2";"1";"1";""
"202100047172";"117Â 450";"B01";"2";"7";"0";"2";"3";"15";"1";""
"202100047173";"117Â 447";"B01";"2";"7";"0";"2";"3";"1";"1";""
"202100047173";"117Â 448";"A01";"1";"37";"0";"2";"3";"21";"1";"1"
"202100047174";"117Â 444";"B01";"2";"14";"0";"2";"1";"1";"1";""
"202100047174";"117Â 445";"A01";"1";"33";"0";"2";"1";"17";"1";""
"202100047175";"117Â 442";"B01";"1";"7";"0";"0";"4";"1";"1";""
"202100047175";"117Â 443";"A01";"1";"10";"0";"2";"1";"1";"1";""
"202100047176";"117Â 440";"B01";"2";"10";"0";"2";"1";"1";"1";""
"202100047176";"117Â 441";"A01";"1";"7";"0";"2";"1";"13";"1";""
"202100047177";"117Â 438";"B01";"2";"7";"0";"2";"4";"2";"1";""
"202100047177";"117Â 439";"A01";"2";"7";"4";"2";"1";"17";"1";""
"202100047178";"117Â 435";"C01";"1";"7";"0";"2";"1";"1";"1";""
"202100047178";"117Â 436";"B01";"1";"7";"0";"2";"3";"1";"2";""
"202100047178";"117Â 437";"A01";"2";"7";"0";"2";"1";"13";"1";""
"202100047179";"117Â 434";"A01";"1";"34";"12";"0";"0";"1";"1";""
"202100047180";"117Â 432";"A01";"1";"10";"0";"2";"7";"15";"1";""
"202100047180";"117Â 433";"B01";"2";"33";"0";"2";"1";"1";"1";""
"202100047181";"117Â 431";"A01";"2";"7";"0";"0";"9";"17";"1";""
"202100047182";"117Â 425";"A01";"1";"33";"0";"2";"1";"2";"1";""
"202100047182";"117Â 426";"B01";"1";"7";"0";"0";"4";"2";"1";""
"202100047182";"117Â 427";"C01";"2";"7";"0";"2";"3";"1";"1";""
"202100047183";"117Â 424";"A01";"1";"7";"0";"1";"1";"1";"1";""
"202100047184";"117Â 423";"A01";"3";"35";"7";"0";"1";"1";"1";""
"202100047185";"117Â 422";"A01";"2";"33";"17";"0";"1";"1";"1";""
"202100047186";"117Â 421";"A01";"1";"7";"0";"1";"1";"1";"1";""
"202100047187";"117Â 420";"A01";"2";"10";"0";"1";"1";"15";"1";""
"202100047188";"117Â 418";"A01";"1";"7";"0";"9";"9";"1";"1";""
"202100047188";"117Â 419";"B01";"1";"10";"0";"2";"2";"1";"1";""
"202100047189";"117Â 416";"A01";"1";"7";"0";"2";"4";"1";"3";""
"202100047189";"117Â 417";"B01";"1";"33";"0";"2";"1";"2";"1";""
"202100047190";"117Â 414";"A01";"2";"10";"0";"2";"3";"11";"1";""
"202100047190";"117Â 415";"B01";"2";"33";"0";"2";"1";"1";"1";""
"202100047191";"117Â 412";"A01";"2";"7";"0";"2";"3";"13";"1";""
"202100047191";"117Â 413";"B01";"2";"7";"0";"2";"7";"1";"1";""
"202100047192";"117Â 411";"A01";"2";"7";"4";"0";"3";"26";"1";""
"202100047193";"117Â 409";"A01";"2";"7";"0";"2";"2";"14";"1";""
"202100047193";"117Â 410";"B01";"2";"10";"0";"2";"3";"1";"1";""
"202100047194";"117Â 407";"A01";"2";"7";"0";"2";"1";"2";"1";""
"202100047194";"117Â 408";"B01";"2";"7";"0";"2";"4";"2";"1";""
"202100047195";"117Â 406";"A01";"1";"7";"4";"0";"3";"26";"1";""
"202100047196";"117Â 404";"B01";"1";"7";"0";"2";"4";"2";"1";""
"202100047196";"117Â 405";"A01";"1";"33";"0";"2";"1";"2";"1";""
"202100047197";"117Â 402";"B01";"1";"17";"0";"2";"8";"13";"1";""
"202100047197";"117Â 403";"A01";"1";"7";"0";"2";"7";"2";"1";""
"202100047198";"117Â 401";"A01";"2";"7";"8";"0";"1";"18";"1";""
"202100047199";"117Â 399";"A01";"3";"7";"0";"2";"3";"9";"1";""
"202100047199";"117Â 400";"B01";"3";"2";"0";"2";"1";"1";"1";""
"202100047200";"117Â 397";"B01";"1";"7";"0";"2";"3";"9";"1";""
"202100047200";"117Â 398";"A01";"2";"1";"0";"2";"1";"5";"6";""
"202100047201";"117Â 395";"A01";"1";"7";"0";"2";"0";"1";"1";""
"202100047201";"117Â 396";"B01";"1";"7";"0";"2";"0";"9";"0";""
"202100047202";"117Â 393";"A01";"0";"7";"0";"9";"1";"1";"1";""
"202100047202";"117Â 394";"B01";"1";"7";"0";"2";"3";"1";"1";""
"202100047203";"117Â 391";"B01";"2";"7";"0";"2";"3";"1";"1";""
"202100047203";"117Â 392";"A01";"1";"7";"0";"2";"2";"15";"1";""
"202100047204";"117Â 389";"B01";"2";"7";"0";"2";"8";"24";"1";""
"202100047204";"117Â 390";"A01";"2";"80";"1";"0";"2";"1";"3";""
"202100047205";"117Â 388";"B01";"3";"7";"0";"1";"2";"1";"1";""
"202100047206";"117Â 385";"B01";"1";"7";"0";"2";"4";"26";"1";""
"202100047206";"117Â 386";"C01";"1";"7";"3";"0";"4";"26";"1";""
"202100047206";"117Â 387";"A01";"1";"7";"0";"2";"1";"26";"1";""
"202100047207";"117Â 384";"A01";"3";"7";"0";"1";"1";"15";"1";""
"202100047208";"117Â 382";"A01";"1";"14";"0";"2";"2";"1";"1";""
"202100047208";"117Â 383";"B01";"1";"7";"0";"2";"3";"1";"1";""
"202100047209";"117Â 380";"B01";"2";"7";"0";"2";"4";"23";"1";""
"202100047209";"117Â 381";"Z01";"2";"7";"0";"2";"1";"2";"1";""
"202100047210";"117Â 378";"A01";"1";"7";"0";"2";"3";"15";"0";""
"202100047210";"117Â 379";"B01";"1";"30";"0";"2";"7";"17";"0";""