"Num_Acc";"id_vehicule";"num_veh";"senc";"catv";"obs";"obsm";"choc";"manv";"motor";"occutc"
"202100047211";"117Â 376";"B01";"2";"7";"0";"2";"2";"1";"1";""
"202100047211";"117Â 377";"A01";"2";"7";"0";"2";"3";"9";"1";""
"202100047212";"117Â 374";"A01";"1";"30";"0";"2";"1";"7";"1";""
"202100047212";"117Â 375";"B01";"1";"7";"0";"2";"7";"16";"1";""
"202100047213";"117Â 372";"A01";"1";"30";"0";"2";"1";"17";"1";""
"202100047213";"117Â 373";"B01";"2";"7";"0";"2";"1";"1";"1";""
"202100047214";"117Â 370";"A01";"1";"33";"0";"2";"1";"1";"1";""
"202100047214";"117Â 371";"B01";"1";"33";"0";"2";"4";"23";"1";""
"202100047215";"117Â 368";"A01";"1";"7";"0";"2";"7";"1";"1";""
"202100047215";"117Â 369";"B01";"2";"2";"0";"2";"1";"1";"3";""
"202100047216";"117Â 365";"D01";"2";"7";"0";"2";"1";"1";" -1";""
"202100047216";"117Â 366";"B01";"1";"7";"0";"2";"6";"0";"1";""
"202100047216";"117Â 367";"A01";"1";"33";"0";"2";"1";"26";"0";""
"202100047217";"117Â 364";"A01";"2";"7";"0";"1";"3";"16";"1";""
"202100047218";"117Â 362";"B01";"1";"32";"0";"2";"1";"2";"1";""
"202100047218";"117Â 363";"A01";"2";"7";"0";"2";"8";"10";"1";""
"202100047219";"117Â 361";"A01";"3";"7";"8";"0";"1";"1";"1";""
"202100047220";"117Â 359";"A01";"3";"30";"0";"2";"1";"1";"1";""
"202100047220";"117Â 360";"B01";"0";"7";"0";"2";"3";"15";"1";""
"202100047221";"117Â 357";"A01";"1";"7";"0";"2";"2";"15";"1";""
"202100047221";"117Â 358";"B01";"2";"33";"0";"0";"0";"0";"1";""
"202100047222";"117Â 355";"B01";"3";"33";"0";"2";"2";"1";"1";""
"202100047222";"117Â 356";"A01";"3";"7";"0";"2";"3";"9";"3";""
"202100047223";"117Â 354";"A01";"1";"7";"12";"0";"1";"1";"1";""
"202100047224";"117Â 352";"Z01";"1";"7";"0";"2";"1";"19";"1";""
"202100047224";"117Â 353";"[01";"2";"60";"0";"2";"8";"19";"5";""
"202100047225";"117Â 349";"A01";"2";"32";"0";"2";"3";"2";"1";""
"202100047225";"117Â 350";"C01";"1";"7";"0";"2";"3";"1";"1";""
"202100047225";"117Â 351";"B01";"2";"7";"0";"2";"6";"1";"1";""
"202100047226";"117Â 345";"D01";"1";"7";"0";"2";"8";"1";"1";""
"202100047226";"117Â 346";"C01";"2";"7";"0";"2";"1";"1";"1";""
"202100047226";"117Â 347";"A01";"1";"33";"0";"2";"9";"17";"1";""
"202100047226";"117Â 348";"B01";"1";"7";"0";"2";"3";"17";"1";""
"202100047227";"117Â 343";"B01";"1";"7";"0";"2";"3";"0";"1";""
"202100047227";"117Â 344";"A01";"1";"7";"0";"2";"1";"19";"1";""
"202100047228";"117Â 341";"B01";"1";"7";"0";"2";"2";"26";"1";""
"202100047228";"117Â 342";"A01";"1";"2";"0";"2";"1";"1";"1";""
"202100047229";"117Â 340";"A01";"1";"7";"3";"0";"3";"21";"1";""
"202100047230";"117Â 339";"A01";"1";"7";"1";"0";"7";"1";"1";""
"202100047231";"117Â 337";"B01";"3";"7";"0";"2";"6";"0";"1";""
"202100047231";"117Â 338";"A01";"1";"7";"0";"2";"3";"2";"1";""
"202100047232";"117Â 335";"B01";"3";"33";"0";"2";"8";"0";"1";""
"202100047232";"117Â 336";"A01";"3";"7";"0";"2";"2";"15";"1";""
"202100047233";"117Â 334";"A01";"1";"7";"0";"1";"0";"1";"1";""
"202100047234";"117Â 332";"A01";"2";"7";"0";"2";"0";"19";"0";""
"202100047234";"117Â 333";"B01";"1";"7";"0";"2";"2";"1";"1";""
"202100047235";"117Â 330";"A01";"2";"2";"0";"2";"4";"26";"1";""
"202100047235";"117Â 331";"Z01";"2";"7";"0";"9";"1";"26";"1";""
"202100047236";"117Â 328";"A01";"2";"7";"0";"2";"3";"9";"1";""
"202100047236";"117Â 329";"B01";"1";"32";"0";"2";"3";"1";"1";""
"202100047237";"117Â 325";"C01";"1";"7";"0";"2";"1";"23";"1";""
"202100047237";"117Â 326";"B01";"1";"7";"0";"2";"0";"23";"1";""
"202100047237";"117Â 327";"A01";"2";"7";"14";"2";"1";"1";"1";""
"202100047238";"117Â 323";"A01";"1";"7";"0";"2";"3";"1";"1";""
"202100047238";"117Â 324";"B01";"3";"7";"0";"2";"2";"11";"1";""
"202100047239";"117Â 321";"A01";"1";"7";"0";"2";"3";"15";"0";""
"202100047239";"117Â 322";"B01";"2";"33";"0";"2";"8";"1";"1";""
"202100047240";"117Â 317";"D01";"3";"7";"0";"9";"1";"1";"1";""
"202100047240";"117Â 318";"C01";"3";"7";"0";"2";"3";"1";"1";""
"202100047240";"117Â 319";"B01";"3";"7";"0";"2";"6";"1";"1";""
"202100047240";"117Â 320";"A01";"3";"33";"0";"2";"3";"21";"1";""
"202100047241";"117Â 316";"A01";"2";"31";"8";"0";"1";"6";"1";""
"202100047242";"117Â 314";"B01";"3";"7";"0";"2";"8";"0";"1";""
"202100047242";"117Â 315";"A01";"2";"7";"0";"2";"1";"0";"1";""
"202100047243";"117Â 313";"A01";"1";"37";"2";"0";"1";"14";"3";"10"
"202100047244";"117Â 312";"A01";"2";"10";"0";"1";"2";"1";"1";""
"202100047245";"117Â 310";"A01";"1";"50";"0";"2";"1";"1";"3";""
"202100047245";"117Â 311";"B01";"1";"1";"0";"2";"8";"19";"5";""
"202100047246";"117Â 309";"A01";"3";"1";"0";"1";"1";"1";"5";""
"202100047247";"117Â 307";"A01";"2";"80";"0";"2";"4";"19";"3";""
"202100047247";"117Â 308";"B01";"2";"37";"0";"2";"6";"1";"1";"1"
"202100047248";"117Â 306";"A01";"3";"7";"11";"0";"1";"1";"1";""
"202100047249";"117Â 304";"B01";"1";"32";"0";"2";"1";"7";"1";""
"202100047249";"117Â 305";"A01";"2";"1";"0";"2";"1";"5";"5";""
"202100047250";"117Â 302";"A01";"2";"7";"0";"2";"5";"10";"1";""
"202100047250";"117Â 303";"B01";"1";"33";"0";"2";"1";"1";"1";""
"202100047251";"117Â 300";"A01";"1";"1";"0";"2";"1";"1";"5";""
"202100047251";"117Â 301";"B01";"1";"7";"0";"2";"5";"1";"1";""
"202100047252";"117Â 298";"B01";"2";"7";"0";"2";"6";"23";"1";""
"202100047252";"117Â 299";"A01";"2";"32";"0";"2";"2";"1";"1";""
"202100047253";"117Â 296";"A01";"3";"32";"0";"2";"5";"17";"1";""
"202100047253";"117Â 297";"B01";"3";"7";"0";"2";"3";"15";"1";""
"202100047254";"117Â 295";"A01";"1";"1";"0";"9";"1";"1";"5";""
"202100047255";"117Â 293";"B01";"1";"10";"15";"0";"4";"2";"1";""
"202100047255";"117Â 294";"A01";"1";"33";"0";"2";"1";"26";"1";""
"202100047256";"117Â 291";"B01";"1";"80";"1";"0";"1";"1";"3";""
"202100047256";"117Â 292";"A01";"1";"7";"0";"2";"4";"24";"0";""
"202100047257";"117Â 290";"A01";"2";"7";"0";"1";"0";"0";"1";""
"202100047258";"117Â 288";"A01";"1";"30";"0";"2";"1";"2";"1";""
"202100047258";"117Â 289";"B01";"1";"7";"0";"2";"0";"0";"1";""
"202100047259";"117Â 287";"B01";"1";"7";"0";"1";"1";"2";"1";""
"202100047260";"117Â 285";"B01";"3";"1";"0";"2";"1";"26";"6";""
"202100047260";"117Â 286";"A01";"3";"7";"0";"2";"7";"16";"1";""
"202100047261";"117Â 283";"B01";"1";"7";"0";"2";"4";"0";"1";""
"202100047261";"117Â 284";"A01";"1";"7";"14";"2";"1";"26";"1";""
"202100047262";"117Â 281";"B01";"3";"7";"1";"2";"2";"1";"1";""
"202100047262";"117Â 282";"A01";"1";"10";"0";"2";"3";"26";"1";""
"202100047263";"117Â 279";"B01";" -1";"10";"0";"2";"3";"1";"1";""
"202100047263";"117Â 280";"A01";"2";"7";"0";"2";"1";"1";"1";""
"202100047264";"117Â 277";"A01";"3";"30";"0";"2";"8";"1";"1";""
"202100047264";"117Â 278";"B01";"0";"7";"0";"2";"2";"9";"0";""
"202100047265";"117Â 276";"A01";"2";"7";"0";"1";"2";"19";"1";""
"202100047266";"117Â 275";"A01";"1";"7";"0";"1";"3";"1";"1";""
"202100047267";"117Â 273";"B01";"1";"32";"0";"2";"1";"17";"1";""
"202100047267";"117Â 274";"A01";"1";"7";"0";"2";"3";"15";"1";""
"202100047268";"117Â 271";"A01";"1";"1";"0";"2";"1";"2";"5";""
"202100047268";"117Â 272";"B01";"1";"10";"0";"0";"5";"1";"1";""
"202100047269";"117Â 269";"B01";"1";"1";"0";"2";"1";"1";"5";""
"202100047269";"117Â 270";"A01";"2";"7";"0";"2";"3";"15";"2";""
"202100047270";"117Â 267";"A01";"1";"32";"0";"2";"7";"25";"1";""
"202100047270";"117Â 268";"B01";"2";"7";"0";"2";"2";"9";"1";""
"202100047271";"117Â 265";"B01";"2";"7";"9";"2";"1";"1";"1";""
"202100047271";"117Â 266";"A01";"1";"7";"0";"2";"1";"1";"1";""
"202100047272";"117Â 264";"A01";"1";"33";"0";"0";"8";"1";"1";""
"202100047273";"117Â 262";"A01";"2";"2";"0";"0";"8";"15";"1";""
"202100047273";"117Â 263";"B01";"2";"7";"15";"2";"5";"17";"1";""
"202100047274";"117Â 261";"A01";"2";"7";"8";"0";"9";"14";"1";""
"202100047275";"117Â 259";"A01";"2";"2";"0";"2";"1";"1";"1";""
"202100047275";"117Â 260";"B01";"1";"10";"0";"2";"7";"15";"1";""
"202100047276";"117Â 257";"A01";"0";"7";"0";"2";"3";"15";"1";""
"202100047276";"117Â 258";"B01";"0";"33";"0";"2";"1";"1";"1";""
"202100047277";"117Â 254";"A01";"1";"7";"0";"2";"3";"9";"1";""
"202100047277";"117Â 255";"B01";"1";"33";"0";"2";"1";"17";"1";""
"202100047278";"117Â 252";"A01";"2";"7";"0";"2";"5";"2";"1";""
"202100047278";"117Â 253";"B01";"2";"2";"0";"2";"1";"2";"1";""
"202100047279";"117Â 250";"B01";"2";"7";"0";"2";"3";"1";"1";""
"202100047279";"117Â 251";"A01";"1";"10";"0";"2";"3";"1";"1";""
"202100047280";"117Â 248";"B01";"2";"7";"0";"2";"8";"1";"1";""
"202100047280";"117Â 249";"A01";"1";"33";"0";"2";"8";"1";"1";""
"202100047281";"117Â 247";"A01";"1";"7";"0";"0";"0";"1";"1";""
"202100047282";"117Â 246";"A01";"3";"7";"0";"1";"1";"0";"1";""
"202100047283";"117Â 245";"A01";"3";"7";"1";"0";"1";"13";"1";""
"202100047284";"117Â 243";"B01";"2";"2";"0";"0";"6";"20";"1";""
"202100047284";"117Â 244";"A01";"2";"2";"0";"2";"1";"1";"1";""
"202100047285";"117Â 242";"A01";"1";"1";"0";"0";"9";"1";"2";""
"202100047286";"117Â 240";"A01";"1";"2";"0";"2";"1";"2";"1";""
"202100047286";"117Â 241";"B01";"1";"7";"0";"0";"4";"2";"1";""
"202100047287";"117Â 238";"A01";"1";"7";"0";"2";"3";"13";"1";""
"202100047287";"117Â 239";"B01";"2";"7";"0";"2";"2";"21";"1";""
"202100047288";"117Â 236";"A01";"3";"7";"0";"2";"1";"0";"1";""
"202100047288";"117Â 237";"B01";"3";"7";"0";"2";"1";"0";"1";""
"202100047289";"117Â 234";"B01";"1";"7";"0";"2";"2";"1";"1";""
"202100047289";"117Â 235";"A01";"2";"33";"0";"2";"1";"13";"1";""
"202100047290";"117Â 232";"A01";"2";"7";"0";"9";"3";"1";"1";""
"202100047290";"117Â 233";"B01";"1";"1";"0";"2";"8";"16";"5";""
"202100047291";"117Â 231";"A01";"2";"7";"13";"0";"2";"1";"1";""
"202100047292";"117Â 230";"A01";"3";"7";"13";"0";"3";"1";"1";""
"202100047293";"117Â 229";"A01";"1";"2";"0";"0";"0";"1";"1";""
"202100047294";"117Â 227";"B01";"3";"7";"0";"2";"8";"1";"1";""
"202100047294";"117Â 228";"A01";"3";"7";"0";"2";"1";"1";"1";""
"202100047295";"117Â 226";"A01";"1";"7";"5";"0";"2";"15";"1";""
"202100047296";"117Â 225";"A01";"3";"7";"2";"0";"2";"1";"1";""
"202100047297";"117Â 223";"B01";"2";"2";"6";"2";"7";"1";"1";""
"202100047297";"117Â 224";"A01";"1";"7";"0";"2";"2";"15";"1";""
"202100047298";"117Â 221";"B01";"1";"17";"8";"2";"2";"21";"1";""
"202100047298";"117Â 222";"A01";"2";"7";"6";"0";"8";"15";"1";""
"202100047299";"117Â 220";"A01";"1";"7";"0";"0";"9";"1";"1";""
"202100047300";"117Â 219";"A01";"2";"7";"0";"1";"3";"21";"1";""
"202100047301";"117Â 217";"B01";"3";"32";"0";"2";"8";"10";"1";""
"202100047301";"117Â 218";"A01";"3";"31";"0";"2";"1";"21";"1";""
"202100047302";"117Â 216";"A01";"1";"31";"12";"0";"1";"15";"1";""
"202100047303";"117Â 214";"A01";"2";"33";"0";"2";"1";"1";"1";""
"202100047303";"117Â 215";"B01";"1";"7";"0";"2";"4";"1";"1";""
"202100047304";"117Â 212";"A01";"1";"33";"0";"2";"1";"1";"1";""
"202100047304";"117Â 213";"B01";"2";"7";"0";"2";"5";"15";"1";""
"202100047305";"117Â 211";"A01";"1";"7";"9";"0";"1";"0";"1";""
"202100047306";"117Â 210";"A01";"1";"7";"0";"1";"1";"1";"1";""
"202100047307";"117Â 206";"B01";"1";"7";"0";"2";"2";"1";"1";""
"202100047307";"117Â 207";"A01";"2";"31";"0";"2";"1";"1";"1";""
"202100047307";"117Â 208";"C01";"2";"2";"0";"2";"1";"1";"1";""
"202100047307";"117Â 209";"D01";"2";"7";"0";"0";"6";"24";"1";""
"202100047308";"117Â 205";"A01";"1";"7";"8";"0";"0";"1";"1";""
"202100047309";"117Â 203";"A01";"1";"7";"0";"0";"8";"15";"1";""
"202100047309";"117Â 204";"B01";"1";"33";"13";"2";"9";"17";"1";""
"202100047310";"117Â 202";"A01";"2";"7";"9";"0";"1";"1";"1";""
"202100047311";"117Â 200";"A01";"2";"33";"0";"2";"6";"1";"1";""
"202100047311";"117Â 201";"Z01";"2";"7";"0";"2";"7";"12";"1";""
"202100047312";"117Â 198";"B01";"2";"7";"0";"2";"1";"1";"1";""
"202100047312";"117Â 199";"A01";"2";"7";"0";"2";"4";"1";"1";""
"202100047313";"117Â 197";"A01";"2";"7";"0";"9";"9";"1";"1";""
"202100047314";"117Â 194";"C01";"2";"7";"0";"2";"4";"1";"1";""
"202100047314";"117Â 195";"B01";"2";"7";"0";"2";"4";"2";"1";""
"202100047314";"117Â 196";"A01";"2";"14";"0";"2";"3";"2";"1";""
"202100047315";"117Â 192";"B01";"2";"14";"0";"2";"4";"1";"1";""
"202100047315";"117Â 193";"A01";"2";"7";"0";"2";"1";"13";"1";""
"202100047316";"117Â 190";"A01";"1";"10";"0";"2";"2";"14";"1";""
"202100047316";"117Â 191";"B01";"1";"7";"0";"2";"6";"1";"1";""
"202100047317";"117Â 188";"A01";"1";"7";"3";"2";"4";"26";"1";""
"202100047317";"117Â 189";"Z01";"1";"7";"0";"2";"1";"1";"1";""
"202100047318";"117Â 186";"Z01";"2";"7";"0";"2";"0";"0";"0";""
"202100047318";"117Â 187";"A01";"2";"33";"0";"2";"7";"26";"1";""
"202100047319";"117Â 184";"B01";"1";"7";"0";"2";"4";"0";"1";""
"202100047319";"117Â 185";"A01";"2";"7";"0";"2";"1";"0";"1";""
"202100047320";"117Â 183";"A01";"2";"31";"0";"0";"9";"26";"1";""
"202100047321";"117Â 181";"B01";"1";"2";"0";"2";"8";"1";"1";""
"202100047321";"117Â 182";"A01";"1";"7";"0";"2";"3";"1";"1";""
"202100047322";"117Â 179";"B01";"1";"7";"2";"0";"0";"14";"1";""
"202100047322";"117Â 180";"A01";"2";"30";"14";"0";"0";"13";"1";""
"202100047323";"117Â 178";"A01";"3";"7";"0";"1";"1";"19";"1";""
"202100047324";"117Â 176";"A01";"3";"7";"8";"2";"4";"4";"1";""
"202100047324";"117Â 177";"B01";"1";"10";"0";"2";"1";"1";"1";""
"202100047325";"117Â 174";"A01";"3";"14";"0";"2";"2";"1";"1";""
"202100047325";"117Â 175";"B01";"3";"7";"0";"2";"3";"1";"1";""
"202100047326";"117Â 173";"A01";"1";"37";"0";"1";"3";"1";"1";"1"
"202100047327";"117Â 172";"A01";"2";"32";"8";"0";"1";"2";"1";""
"202100047328";"117Â 171";"A01";"0";"30";"1";"0";"7";"16";"3";""
"202100047329";"117Â 166";"A01";"0";"7";"0";"2";"1";"1";"1";""
"202100047329";"117Â 167";"B01";"0";"7";"0";"2";"2";"1";"1";""
"202100047330";"117Â 164";"A01";"1";"7";"0";"2";"1";"19";"1";""
"202100047330";"117Â 165";"B01";"1";"7";"0";"2";"8";"15";"1";""
"202100047331";"117Â 162";"B01";"1";"7";"0";"2";"4";"23";"1";""
"202100047331";"117Â 163";"A01";"1";"7";"0";"2";"1";"2";"1";""
"202100047332";"117Â 161";"A01";"1";"7";"0";"1";"1";"1";"1";""
"202100047333";"117Â 159";"A01";"1";"32";"0";"2";"1";"2";"1";""
"202100047333";"117Â 160";"B01";"1";"7";"0";"2";"4";"2";"1";""
"202100047334";"117Â 156";"C01";"1";"7";"0";"2";"4";"1";"1";""
"202100047334";"117Â 157";"B01";"1";"17";"0";"2";"4";"1";"1";""
"202100047334";"117Â 158";"A01";"1";"10";"0";"2";"1";"2";"1";""
"202100047335";"117Â 155";"A01";"1";"7";"0";"1";"1";"15";"1";""
"202100047336";"117Â 153";"A01";"1";"30";"0";"2";"1";"2";"1";""
"202100047336";"117Â 154";"B01";"1";"7";"0";"2";"4";"0";"1";""
"202100047337";"117Â 151";"A01";"1";"33";"0";"2";"1";"2";"1";""
"202100047337";"117Â 152";"B01";"1";"7";"0";"2";"4";"2";"1";""
"202100047338";"117Â 149";"A01";"1";"7";"0";"2";"1";"9";"1";""
"202100047338";"117Â 150";"B01";"1";"2";"0";"2";"8";"0";"1";""
"202100047339";"117Â 148";"A01";"1";"7";"0";"1";"1";"26";"1";""
"202100047340";"117Â 147";"A01";"1";"7";"1";"1";"1";"20";"1";""
"202100047341";"117Â 146";"A01";"1";"1";"12";"0";"1";"16";"5";""
"202100047342";"117Â 144";"B01";"1";"7";"0";"2";"7";"1";"1";""
"202100047342";"117Â 145";"A01";"1";"7";"0";"2";"8";"1";"1";""
"202100047343";"117Â 142";"A01";"1";"7";"0";"9";"1";"1";"1";""
"202100047343";"117Â 143";"B01";"1";"1";"0";"2";"8";"19";"5";""
"202100047344";"117Â 141";"A01";"1";"7";"0";"2";"7";"1";"1";""
"202100047345";"117Â 140";"A01";"1";"1";"0";"1";"1";"25";"5";""
"202100047346";"117Â 138";"Z01";"2";"7";"0";"0";"0";"14";"0";""
"202100047346";"117Â 139";"A01";"2";"2";"12";"0";"1";"1";"1";""
"202100047347";"117Â 137";"A01";"3";"7";"0";"1";"4";"26";"1";""
"202100047348";"117Â 135";"A01";"3";"7";"0";"2";"1";"1";"1";""
"202100047348";"117Â 136";"B01";"3";"1";"0";"2";"4";"2";"5";""
"202100047349";"117Â 134";"A01";"3";"7";"14";"0";"0";"1";" -1";""
"202100047350";"117Â 133";"A01";"3";"7";"0";"1";"1";"1";"1";""
"202100047351";"117Â 131";"B01";"3";"10";"0";"2";"4";"23";"0";""
"202100047351";"117Â 132";"A01";"3";"10";"0";"2";"1";"1";"0";""
"202100047352";"117Â 130";"A01";"1";"7";"6";"0";"1";"22";"1";""
"202100047353";"117Â 129";"B01";"2";"33";"0";"0";"0";"21";"1";""
"202100047354";"117Â 127";"A01";"2";"14";"0";"2";"1";"26";"1";""
"202100047354";"117Â 128";"B01";"2";"7";"0";"2";"4";"26";"1";""
"202100047355";"117Â 125";"A01";"2";"7";"0";"2";"3";"9";"1";""
"202100047355";"117Â 126";"B01";"1";"30";"0";"2";"7";"9";"1";""
"202100047356";"117Â 123";"A01";"1";"7";"0";"2";"2";"9";"1";""
"202100047356";"117Â 124";"B01";"1";"2";"0";"2";"8";"17";"1";""
"202100047357";"117Â 121";"A01";"1";"7";"0";"2";"7";"1";"1";""
"202100047357";"117Â 122";"B01";"3";"2";"0";"2";"8";"9";"1";""
"202100047358";"117Â 120";"A01";"1";"10";"14";"1";"5";"16";"1";""
"202100047359";"117Â 119";"A01";"2";"7";"0";"1";"2";"17";"1";""
"202100047360";"117Â 117";"A01";"2";"7";"0";"2";"2";"16";"1";""
"202100047360";"117Â 118";"B01";"2";"2";"0";"2";"3";"1";"1";""
"202100047361";"117Â 116";"A01";"0";"7";"0";"1";"2";"1";"3";""
"202100047362";"117Â 114";"A01";"1";"15";"0";"2";"2";"16";"1";""
"202100047362";"117Â 115";"B01";"1";"80";"0";"2";"3";"1";"3";""
"202100047363";"117Â 112";"B01";"2";"1";"0";"2";"1";"1";"5";""
"202100047363";"117Â 113";"A01";"2";"7";"0";"9";"5";"16";"1";""
"202100047364";"117Â 110";"B01";"0";"1";"0";"0";"0";"0";"5";""
"202100047364";"117Â 111";"A01";"0";"7";"0";"2";"5";"2";"1";""
"202100047365";"117Â 108";"B01";"3";"1";"0";"2";"4";"16";"5";""
"202100047365";"117Â 109";"A01";"3";"7";"0";"2";"2";"16";"1";""
"202100047366";"117Â 107";"A01";"1";"2";"0";"0";"0";"16";"1";""
"202100047367";"117Â 106";"A01";"2";"7";"1";"0";"1";"1";"1";""
"202100047368";"117Â 104";"B01";"1";"7";"0";"2";"1";"1";"2";""
"202100047368";"117Â 105";"A01";"0";"33";"0";"2";"7";"15";"1";""
"202100047369";"117Â 102";"A01";"1";"7";"0";"2";"1";"13";"1";""
"202100047369";"117Â 103";"B01";"2";"7";"0";"2";"1";"1";"1";""
"202100047370";"117Â 100";"A01";"0";"7";"0";"2";"6";"26";"0";""
"202100047370";"117Â 101";"B01";"0";"7";"8";"2";"3";"2";"0";""
"202100047371";"117Â 099";"A01";"1";"0";"0";"1";"1";"26";"0";""
"202100047372";"117Â 097";"A01";"2";"7";"0";"2";"7";"15";"1";""
"202100047372";"117Â 098";"B01";"1";"32";"0";"2";"1";"1";"1";""
"202100047373";"117Â 095";"B01";"3";"33";"1";"2";"6";"1";"1";""
"202100047373";"117Â 096";"A01";"3";"7";"0";"2";"1";"19";"1";""
"202100047374";"117Â 093";"B01";"0";"34";"0";"2";"0";"0";"1";""
"202100047374";"117Â 094";"A01";"0";"7";"0";"2";"3";"20";"1";""
"202100047375";"117Â 091";"B01";"2";"10";"0";"2";"1";"1";"1";""
"202100047375";"117Â 092";"A01";"1";"7";"0";"2";"8";"19";"1";""
"202100047376";"117Â 089";"B01";"2";"32";"0";"2";"2";"2";"1";""
"202100047376";"117Â 090";"A01";"1";"7";"0";"2";"3";"9";"1";""
"202100047377";"117Â 087";"B01";"1";"32";"0";"2";"2";"17";"3";""
"202100047377";"117Â 088";"A01";"2";"7";"0";"2";"3";"10";"1";""
"202100047378";"117Â 085";"B01";"2";"50";"1";"0";"1";"26";"3";""
"202100047378";"117Â 086";"A01";"1";"38";"0";"2";"7";"24";"1";"1"
"202100047379";"117Â 082";"A01";"1";"7";"0";"2";"1";"2";"1";""
"202100047379";"117Â 083";"B01";"1";"7";"0";"2";"4";"2";"1";""
"202100047379";"117Â 084";"C01";"1";"7";"0";"2";"6";"2";"1";""
"202100047380";"117Â 080";"A01";"3";"7";"0";"2";"1";"16";"1";""
"202100047380";"117Â 081";"B01";"2";"7";"0";"2";"5";"1";"1";""
"202100047381";"117Â 078";"A01";"3";"7";"0";"2";"1";"0";"2";""
"202100047381";"117Â 079";"B01";"3";"7";"0";"2";"5";"0";"1";""
"202100047382";"117Â 076";"B01";"1";"7";"0";"2";"4";"23";"1";""
"202100047382";"117Â 077";"A01";"1";"30";"0";"2";"1";"2";"1";""
"202100047383";"117Â 073";"C01";"1";"10";"0";"2";"6";"23";"1";""
"202100047383";"117Â 074";"B01";"1";"7";"0";"2";"7";"1";"1";""
"202100047383";"117Â 075";"A01";"1";"33";"0";"2";"3";"3";"1";""
"202100047384";"117Â 071";"A01";"1";"7";"0";"2";"1";"1";"1";""
"202100047384";"117Â 072";"B01";"1";"17";"0";"2";"5";"1";"1";""
"202100047385";"117Â 069";"A01";"2";"7";"0";"2";"3";"1";"1";""
"202100047385";"117Â 070";"B01";"2";"10";"0";"2";"2";"1";"1";""
"202100047386";"117Â 067";"A01";"2";"80";"0";"2";"7";"1";"3";""
"202100047386";"117Â 068";"B01";"2";"10";"0";"2";"8";"22";"1";""
"202100047387";"117Â 065";"A01";"2";"7";"1";"2";"2";"9";"1";""
"202100047387";"117Â 066";"B01";"2";"43";"0";"2";"3";"3";"1";""
"202100047388";"117Â 064";"A01";"3";"7";"0";"1";"3";"1";"1";""
"202100047389";"117Â 063";"A01";"3";"10";"0";"1";"3";"15";"1";""
"202100047390";"117Â 061";"A01";"1";"7";"0";"2";"5";"15";"2";""
"202100047390";"117Â 062";"B01";"2";"33";"0";"2";"3";"1";"1";""
"202100047391";"117Â 059";"B01";"3";"7";"0";"2";"5";"2";"1";""
"202100047391";"117Â 060";"A01";"3";"34";"0";"2";"3";"2";"1";""
"202100047392";"117Â 058";"Z01";"1";"1";"0";"1";"1";"1";"0";""
"202100047393";"117Â 056";"A01";"2";"50";"0";"2";"7";"1";"3";""
"202100047393";"117Â 057";"B01";"1";"10";"0";"2";"1";"1";"1";""
"202100047394";"117Â 054";"B01";"3";"10";"0";"2";"8";"2";"1";""
"202100047394";"117Â 055";"A01";"3";"33";"0";"2";"7";"3";"1";""
"202100047395";"117Â 052";"B01";"2";"43";"0";"2";"7";"5";"1";""
"202100047395";"117Â 053";"A01";"3";"7";"0";"2";"3";"10";"1";""
"202100047396";"117Â 051";"A01";"2";"1";"0";"0";"0";"21";"5";""
"202100047397";"117Â 049";"A01";"1";"7";"0";"2";"3";"10";"1";""
"202100047397";"117Â 050";"B01";"1";"30";"0";"2";"1";"1";"1";""
"202100047398";"117Â 047";"B01";"2";"32";"0";"2";"1";"1";"1";""
"202100047398";"117Â 048";"A01";"2";"7";"0";"2";"3";"15";"1";""
"202100047399";"117Â 045";"A01";"1";"34";"0";"2";"5";"1";"1";""
"202100047399";"117Â 046";"B01";"1";"7";"0";"0";"1";"0";"1";""
"202100047400";"117Â 043";"A01";"1";"7";"0";"2";"7";"1";"1";""
"202100047400";"117Â 044";"B01";"1";"1";"0";"2";"8";"1";"5";""
"202100047401";"117Â 041";"B01";"1";"33";"0";"2";"4";"2";"1";""
"202100047401";"117Â 042";"A01";"1";"7";"0";"2";"1";"2";"1";""
"202100047402";"117Â 039";"B01";"1";"30";"0";"2";"4";"0";"1";""
"202100047402";"117Â 040";"A01";"1";"7";"0";"2";"1";"0";"1";""
"202100047403";"117Â 037";"B01";"2";"7";"0";"2";"3";"15";"1";""
"202100047403";"117Â 038";"A01";"2";"33";"0";"2";"1";"11";"1";""
"202100047404";"117Â 036";"A01";"1";"7";"0";"1";"6";"20";"1";""
"202100047405";"117Â 034";"A01";"2";"7";"1";"2";"0";"13";"1";""
"202100047405";"117Â 035";"B01";"1";"7";"0";"2";"1";"23";"1";""
"202100047406";"117Â 032";"B01";" -1";"34";"0";"2";"1";"1";"1";""
"202100047406";"117Â 033";"A01";" -1";"7";"0";"2";"5";"9";"1";""
"202100047407";"117Â 030";"B01";"0";"33";"0";"2";"1";"2";"1";""
"202100047407";"117Â 031";"A01";"0";"10";"0";"2";"1";"11";"0";""
"202100047408";"117Â 028";"A01";"1";"32";"0";"2";"1";"2";"1";""
"202100047408";"117Â 029";"B01";"1";"7";"0";"2";"6";"26";"2";""
"202100047409";"117Â 027";"A01";"1";"32";"12";"0";"7";"1";"1";""