"Num_Acc";"id_vehicule";"num_veh";"senc";"catv";"obs";"obsm";"choc";"manv";"motor";"occutc"
"202100047410";"117Â 025";"A01";"2";"30";"0";"2";"1";"17";"1";""
"202100047410";"117Â 026";"B01";"2";"10";"0";"2";"8";"15";"1";""
"202100047411";"117Â 024";"A01";"2";"10";"0";"1";"4";"20";"1";""
"202100047412";"117Â 022";"B01";"1";"32";"0";"2";"2";"21";"1";""
"202100047412";"117Â 023";"A01";"1";"7";"0";"2";"4";"4";"1";""
"202100047413";"117Â 021";"A01";"2";"7";"0";"1";"1";"20";"1";""
"202100047414";"117Â 020";"A01";"3";"1";"0";"1";"1";"25";"5";""
"202100047415";"117Â 017";"A01";"1";"31";"0";"2";"1";"1";"1";""
"202100047415";"117Â 018";"B01";"1";"7";"0";"2";"0";"1";"1";""
"202100047415";"117Â 019";"C01";"1";"7";"0";"2";"0";"1";"1";""
"202100047416";"117Â 015";"A01";"3";"31";"0";"2";"8";"19";"1";""
"202100047416";"117Â 016";"B01";"3";"31";"0";"2";"1";"1";"1";""
"202100047417";"117Â 014";"A01";"3";"33";"2";"0";"1";"6";"1";""
"202100047418";"117Â 012";"A01";"1";"33";"8";"2";"1";"17";"1";""
"202100047418";"117Â 013";"B01";"1";"7";"0";"2";"3";"15";"1";""
"202100047419";"117Â 010";"A01";"1";"7";"0";"2";"1";"2";"1";""
"202100047419";"117Â 011";"B01";"1";"17";"0";"0";"4";"2";"1";""
"202100047420";"117Â 008";"A01";"2";"7";"0";"2";"1";"1";"1";""
"202100047420";"117Â 009";"B01";"1";"7";"0";"0";"8";"9";"1";""
"202100047421";"117Â 006";"A01";"2";"31";"0";"2";"8";"1";"1";""
"202100047421";"117Â 007";"B01";"1";"33";"0";"2";"1";"19";"1";""
"202100047422";"117Â 004";"B01";"0";"7";"0";"2";"3";"1";"1";""
"202100047422";"117Â 005";"A01";"3";"2";"0";"2";"1";"15";"1";""
"202100047423";"117Â 003";"A01";"2";"7";"0";"0";"9";"1";"1";""
"202100047424";"117Â 002";"A01";"3";"2";"2";"0";"1";"1";"1";""
"202100047425";"117Â 000";"A01";"2";"7";"0";"2";"3";"13";"1";""
"202100047425";"117Â 001";"B01";"1";"7";"0";"2";"8";"1";"1";""
"202100047426";"116Â 995";"B01";"1";"21";"0";"2";"3";"1";"1";""
"202100047426";"116Â 996";"A01";"1";"7";"0";"9";"9";"17";"1";""
"202100047427";"116Â 994";"A01";"2";"7";"2";"0";"1";"14";"1";""
"202100047428";"116Â 992";"B01";"2";"1";"0";"0";"0";"0";"5";""
"202100047428";"116Â 993";"A01";"1";"7";"0";"9";"1";"1";"0";""
"202100047429";"116Â 990";"B01";"2";"7";"0";"2";"1";"1";"1";""
"202100047429";"116Â 991";"A01";"2";"7";"0";"2";"8";"15";"1";""
"202100047430";"116Â 988";"A01";"1";"99";"6";"2";"4";"17";"1";""
"202100047430";"116Â 989";"B01";"1";"99";"0";"2";"0";"2";"1";""
"202100047431";"116Â 987";"A01";"1";"7";"0";"0";"9";"1";"1";""
"202100047432";"116Â 982";"B01";"1";"7";"0";"9";"1";"23";"1";""
"202100047432";"116Â 983";"A01";"2";"33";"0";"2";"1";"1";"1";""
"202100047433";"116Â 981";"A01";"1";"7";"0";"0";"9";"5";"1";""
"202100047434";"116Â 978";"A01";"3";"7";"0";"2";"1";"16";"1";""
"202100047434";"116Â 979";"B01";"3";"1";"0";"2";"6";"9";"5";""
"202100047435";"116Â 977";"A01";"2";"7";"3";"0";"3";"6";"1";""
"202100047436";"116Â 976";"A01";"1";"7";"13";"0";"1";"1";"1";""
"202100047437";"116Â 974";"A01";"3";"7";"0";"9";"8";"26";"1";""
"202100047437";"116Â 975";"B01";"3";"50";"0";"2";"1";"1";"3";""
"202100047438";"116Â 973";"A01";"1";"7";"14";"0";"5";"1";"1";""
"202100047439";"116Â 970";"B01";"2";"7";"0";"2";"4";"2";"1";""
"202100047439";"116Â 971";"A01";"2";"7";"0";"0";"4";"2";"1";""
"202100047439";"116Â 972";"C01";"2";"7";"0";"2";"1";"2";"1";""
"202100047440";"116Â 968";"B01";"2";"10";"0";"2";"1";"1";"1";""
"202100047440";"116Â 969";"A01";"1";"7";"0";"2";"1";"5";"1";""
"202100047441";"116Â 966";"A01";"2";"7";"0";"2";"2";"2";"1";""
"202100047441";"116Â 967";"B01";"2";"7";"0";"0";"4";"2";"1";""
"202100047442";"116Â 965";"A01";"2";"7";"13";"0";"3";"14";"1";""
"202100047443";"116Â 963";"B01";"0";"36";"15";"0";"3";"17";"1";""
"202100047443";"116Â 964";"A01";"3";"2";"0";"0";"8";"13";"1";""
"202100047444";"116Â 961";"A01";"3";"7";"0";"2";"2";"2";"1";""
"202100047444";"116Â 962";"B01";"3";"7";"0";"1";"3";"11";"1";""
"202100047445";"116Â 959";"A01";"1";"7";"0";"2";"2";"1";"1";""
"202100047445";"116Â 960";"B01";"1";"50";"0";"2";"8";"15";"3";""
"202100047446";"116Â 957";"B01";"2";"7";"0";"2";"1";"1";"1";""
"202100047446";"116Â 958";"A01";"1";"7";"0";"2";"7";"13";"1";""
"202100047447";"116Â 956";"A01";"1";"7";"9";"0";"1";"0";"1";""
"202100047448";"116Â 954";"A01";"1";"31";"0";"2";"3";"2";"1";""
"202100047448";"116Â 955";"B01";"1";"7";"0";"0";"5";"15";"0";""
"202100047449";"116Â 952";"B01";"1";"7";"0";"2";"4";"2";"1";""
"202100047449";"116Â 953";"A01";"1";"2";"0";"2";"1";"2";"1";""
"202100047450";"116Â 950";"A01";"0";"7";"0";"2";"2";"13";"1";""
"202100047450";"116Â 951";"B01";"0";"7";"0";"2";"3";"1";"1";""
"202100047451";"116Â 948";"A01";"2";"10";"0";"2";"8";"1";"1";""
"202100047451";"116Â 949";"B01";"1";"14";"0";"2";"1";"1";"1";""
"202100047452";"116Â 945";"A01";"1";"2";"0";"0";"8";"1";"1";""
"202100047453";"116Â 943";"A01";"2";"7";"0";"2";"1";"19";"1";""
"202100047453";"116Â 944";"B01";"2";"33";"0";"2";"8";"1";"1";""
"202100047454";"116Â 942";"A01";"2";"7";"6";"0";"1";"1";"1";""
"202100047455";"116Â 941";"A01";"1";"33";"13";"0";"0";"0";"1";""
"202100047456";"116Â 939";"B01";"1";"7";"0";"2";"4";"0";"1";""
"202100047456";"116Â 940";"A01";"1";"7";"0";"2";"1";"26";"1";""
"202100047457";"116Â 937";"B01";"2";"15";"0";"2";"2";"12";"1";""
"202100047457";"116Â 938";"A01";"1";"7";"0";"2";"6";"1";"1";""
"202100047458";"116Â 935";"A01";"1";"7";"0";"2";"2";"3";"1";""
"202100047458";"116Â 936";"B01";"1";"7";"0";"2";"6";"1";"1";""
"202100047459";"116Â 932";"C01";"1";"7";"0";"2";"4";"1";"1";""
"202100047459";"116Â 933";"B01";"1";"7";"0";"2";"4";"2";"1";""
"202100047459";"116Â 934";"A01";"1";"7";"0";"2";"1";"2";"1";""
"202100047460";"116Â 931";"A01";"1";"33";"16";"0";"8";"0";"1";""
"202100047461";"116Â 929";"A01";"2";"43";"0";"2";"1";"2";"1";""
"202100047461";"116Â 930";"B01";"2";"7";"0";"2";"4";"2";"1";""
"202100047462";"116Â 927";"B01";"1";"7";"0";"2";"4";"11";"1";""
"202100047462";"116Â 928";"A01";"1";"33";"0";"2";"1";"3";"1";""
"202100047463";"116Â 925";"B01";"1";"7";"0";"2";"4";"2";"1";""
"202100047463";"116Â 926";"A01";"1";"7";"0";"2";"1";"1";"1";""
"202100047464";"116Â 924";"A01";"1";"7";"3";"0";"3";"1";"1";""
"202100047465";"116Â 922";"A01";"2";"43";"0";"2";"1";"2";"1";""
"202100047465";"116Â 923";"B01";"2";"7";"0";"2";"6";"1";"2";""
"202100047466";"116Â 919";"B01";"2";"43";"0";"2";"1";"3";"1";""
"202100047466";"116Â 920";"C01";"2";"10";"0";"2";"7";"23";"1";""
"202100047466";"116Â 921";"A01";"2";"7";"0";"2";"7";"12";"1";""
"202100047467";"116Â 917";"A01";"1";"2";"0";"2";"1";"1";"1";""
"202100047467";"116Â 918";"B01";"1";"7";"0";"2";"4";"1";"1";""
"202100047468";"116Â 915";"B01";"2";"2";"0";"2";"1";"1";"1";""
"202100047468";"116Â 916";"A01";"1";"7";"0";"9";"2";"17";"1";""
"202100047469";"116Â 913";"A01";"3";"7";"0";"2";"1";"13";"1";""
"202100047469";"116Â 914";"B01";"3";"7";"0";"2";"1";"1";"1";""
"202100047470";"116Â 911";"B01";"1";"7";"0";"9";"8";"16";"1";""
"202100047470";"116Â 912";"A01";"1";"2";"0";"2";"8";"18";"1";""
"202100047471";"116Â 909";"B01";"2";"7";"0";"2";"2";"15";"1";""
"202100047471";"116Â 910";"A01";"1";"50";"0";"2";"1";"1";"3";""
"202100047472";"116Â 908";"A01";"2";"7";"0";"1";"4";"4";"1";""
"202100047473";"116Â 906";"A01";"1";"7";"0";"2";"7";"16";"1";""
"202100047473";"116Â 907";"B01";"1";"2";"0";"2";"1";"18";"1";""
"202100047474";"116Â 905";"A01";"2";"33";"12";"0";"8";"15";"1";""
"202100047475";"116Â 903";"A01";"1";"30";"0";"2";"1";"17";"1";""
"202100047475";"116Â 904";"B01";"1";"7";"0";"2";"8";"15";"1";""
"202100047476";"116Â 902";"A01";"1";"7";"0";"1";"3";"1";"1";""
"202100047477";"116Â 900";"A01";"1";"7";"0";"2";"3";"17";"1";""
"202100047477";"116Â 901";"B01";"2";"7";"0";"2";"3";"1";"1";""
"202100047478";"116Â 897";"C01";"2";"7";"0";"2";"2";"1";"1";""
"202100047478";"116Â 898";"A01";"1";"7";"0";"2";"1";"13";"1";""
"202100047478";"116Â 899";"B01";"1";"7";"0";"2";"3";"0";"1";""
"202100047479";"116Â 895";"A01";"2";"10";"0";"4";"2";"16";"1";""
"202100047479";"116Â 896";"B01";"3";"39";"0";"2";"3";"19";"3";""
"202100047480";"116Â 893";"A01";"0";"7";"0";"2";"2";"10";"1";""
"202100047480";"116Â 894";"B01";"0";"33";"0";"2";"1";"1";"1";""
"202100047481";"116Â 892";"A01";"0";"10";"0";"1";"7";"1";"1";""
"202100047482";"116Â 890";"B01";"0";"7";"0";"2";"1";"0";"1";""
"202100047482";"116Â 891";"A01";"0";"7";"0";"2";"2";"1";"1";""
"202100047483";"116Â 889";"A01";"3";"7";"0";"1";"4";"20";"1";""
"202100047484";"116Â 887";"A01";"1";"1";"0";"2";"1";"19";"5";""
"202100047484";"116Â 888";"B01";"2";"7";"0";"2";"2";"16";"1";""
"202100047485";"116Â 885";"A01";"0";"7";"0";"2";"1";"1";"1";""
"202100047485";"116Â 886";"B01";"1";"7";"0";"2";"4";"2";"1";""
"202100047486";"116Â 883";"B01";"2";"7";"0";"2";"3";"1";"1";""
"202100047486";"116Â 884";"A01";"1";"7";"0";"2";"1";"13";"1";""
"202100047487";"116Â 881";"A01";"2";"7";"0";"2";"1";"5";"1";""
"202100047487";"116Â 882";"B01";"1";"7";"0";"2";"5";"1";"1";""
"202100047488";"116Â 879";"A01";"1";"7";"0";"2";"4";"23";"2";""
"202100047488";"116Â 880";"B01";"1";"2";"0";"2";"1";"1";"1";""
"202100047489";"116Â 877";"B01";"3";"34";"0";"2";"1";"1";"1";""
"202100047489";"116Â 878";"A01";"3";"7";"0";"2";"5";"19";"1";""
"202100047490";"116Â 876";"A01";"2";"30";"0";"0";"3";"17";"1";""
"202100047491";"116Â 874";"A01";"1";"7";"0";"2";"2";"15";"1";""
"202100047491";"116Â 875";"B01";"2";"7";"0";"2";"1";"1";"1";""
"202100047492";"116Â 872";"A01";"2";"32";"0";"2";"6";"15";"1";""
"202100047492";"116Â 873";"B01";"2";"7";"0";"2";"1";"2";"1";""
"202100047493";"116Â 870";"A01";"2";"7";"0";"2";"2";"15";"1";""
"202100047493";"116Â 871";"B01";"1";"1";"0";"2";"2";"1";"5";""
"202100047494";"116Â 868";"A01";"3";"10";"0";"2";"1";"26";"1";""
"202100047494";"116Â 869";"B01";"3";"2";"0";"2";"1";"26";"1";""
"202100047495";"116Â 864";"D01";"2";"7";"0";"2";"3";"1";"1";""
"202100047495";"116Â 865";"C01";"1";"7";"0";"2";"6";"1";"1";""
"202100047495";"116Â 866";"B01";"1";"7";"0";"2";"8";"1";"1";""
"202100047495";"116Â 867";"A01";"1";"7";"0";"2";"1";"17";"1";""
"202100047496";"116Â 863";"A01";"1";"33";"16";"0";"8";"15";"1";""
"202100047497";"116Â 860";"B01";"2";"7";"0";"2";"1";"1";"1";""
"202100047497";"116Â 861";"C01";"2";"7";"0";"2";"1";"1";"1";""
"202100047497";"116Â 862";"A01";"2";"7";"0";"2";"9";"1";"1";""
"202100047498";"116Â 859";"A01";"3";"7";"0";"0";"0";"14";"1";""
"202100047499";"116Â 857";"A01";"2";"7";"0";"2";"2";"19";"1";""
"202100047499";"116Â 858";"B01";"2";"1";"1";"2";"1";"1";"0";""
"202100047500";"116Â 856";"A01";"3";"7";"0";"1";"1";"1";"1";""
"202100047501";"116Â 854";"A01";"2";"33";"0";"2";"1";"1";"1";""
"202100047501";"116Â 855";"B01";"1";"7";"0";"2";"1";"15";"1";""
"202100047502";"116Â 852";"A01";"1";"7";"0";"2";"5";"15";"1";""
"202100047502";"116Â 853";"B01";"2";"43";"0";"2";"1";"18";"1";""
"202100047503";"116Â 850";"A01";"1";"7";"0";"2";"2";"1";"1";""
"202100047503";"116Â 851";"C01";"1";"99";"0";"2";"4";"26";"1";""
"202100047504";"116Â 848";"A01";"1";"34";"0";"2";"1";"17";"1";""
"202100047504";"116Â 849";"B01";"1";"10";"0";"2";"4";"15";"1";""
"202100047505";"116Â 847";"Z01";"1";"7";"0";"1";"2";"20";"1";""
"202100047506";"116Â 845";"A01";"3";"10";"0";"2";"4";"26";"1";""
"202100047506";"116Â 846";"B01";"3";"21";"0";"2";"7";"0";"0";""
"202100047507";"116Â 843";"A01";"1";"30";"0";"2";"7";"15";"1";""
"202100047507";"116Â 844";"B01";"0";"7";"0";"2";"2";"1";"0";""
"202100047508";"116Â 841";"A01";"2";"7";"0";"2";"7";"19";"1";""
"202100047508";"116Â 842";"B01";"1";"7";"0";"2";"3";"1";"1";""
"202100047509";"116Â 839";"A01";"1";"7";"0";"2";"7";"14";"1";""
"202100047509";"116Â 840";"B01";"1";"30";"0";"2";"8";"1";"1";""
"202100047510";"116Â 837";"A01";"1";"7";"0";"2";"1";"1";"1";""
"202100047510";"116Â 838";"B01";"1";"7";"0";"2";"4";"23";"0";""
"202100047511";"116Â 836";"A01";"2";"10";"0";"1";"3";"1";"1";""
"202100047512";"116Â 834";"B01";"0";"1";"0";"2";"8";"19";"5";""
"202100047512";"116Â 835";"A01";"1";"34";"0";"2";"1";"1";"1";""
"202100047513";"116Â 832";"B01";"2";"7";"0";"2";"4";"1";"1";""
"202100047513";"116Â 833";"A01";"2";"1";"0";"2";"1";"2";"5";""
"202100047514";"116Â 831";"A01";"3";"10";"0";"1";"2";"26";"1";""
"202100047515";"116Â 830";"A01";"1";"7";"0";"1";"5";"1";"1";""
"202100047516";"116Â 828";"A01";"1";"7";"0";"2";"8";"9";"1";""
"202100047516";"116Â 829";"B01";"1";"32";"0";"2";"8";"1";"1";""
"202100047517";"116Â 827";"A01";"1";"10";"0";"1";"2";"1";"1";""
"202100047518";"116Â 825";"B01";"1";"7";"0";"2";"4";"2";"1";""
"202100047518";"116Â 826";"A01";"1";"7";"8";"2";"1";"2";"1";""
"202100047519";"116Â 824";"A01";"2";"33";"0";"0";"8";"3";"1";""
"202100047520";"116Â 823";"A01";"1";"7";"0";"1";"2";"1";"1";""
"202100047521";"116Â 821";"B01";"2";"2";"0";"2";"0";"17";"3";""
"202100047521";"116Â 822";"A01";"1";"7";"0";"2";"3";"15";"1";""
"202100047522";"116Â 820";"A01";"3";"7";"0";"1";"5";"1";"1";""
"202100047523";"116Â 818";"A01";"1";"7";"0";"2";"5";"12";"1";""
"202100047523";"116Â 819";"B01";"1";"33";"0";"2";"1";"1";"1";""
"202100047524";"116Â 817";"A01";"1";"7";"0";"1";"3";"15";"1";""
"202100047525";"116Â 815";"B01";"1";"1";"0";"2";"1";"1";"5";""
"202100047525";"116Â 816";"A01";"1";"7";"0";"2";"3";"22";"1";""
"202100047526";"116Â 813";"B01";"1";"2";"0";"2";"1";"1";"1";""
"202100047526";"116Â 814";"A01";"1";"7";"0";"2";"3";"22";"2";""
"202100047527";"116Â 811";"A01";"1";"10";"0";"2";"3";"10";"1";""
"202100047527";"116Â 812";"B01";"1";"33";"0";"2";"2";"1";"1";""
"202100047528";"116Â 809";"Z01";"2";"7";"0";"2";"1";"15";"1";""
"202100047528";"116Â 810";"A01";"1";"33";"0";"2";"8";"1";"1";""
"202100047529";"116Â 807";"B01";"3";"10";"0";"2";"2";"1";"1";""
"202100047529";"116Â 808";"A01";"3";"7";"0";"2";"3";"11";"1";""
"202100047530";"116Â 805";"A01";"1";"7";"0";"2";"7";"16";"2";""
"202100047530";"116Â 806";"B01";"1";"1";"0";"2";"1";"1";"5";""
"202100047531";"116Â 803";"A01";"1";"33";"0";"2";"1";"15";"1";""
"202100047531";"116Â 804";"B01";"1";"1";"0";"2";"3";"1";"5";""
"202100047532";"116Â 801";"B01";"2";"34";"0";"2";"1";"1";"1";""
"202100047532";"116Â 802";"A01";"2";"7";"0";"2";"2";"16";"1";""
"202100047533";"116Â 799";"B01";"1";"10";"0";"2";"2";"16";"1";""
"202100047533";"116Â 800";"A01";"1";"30";"0";"2";"8";"18";"1";""
"202100047534";"116Â 798";"A01";"1";"10";"0";"1";"1";"1";"3";""
"202100047535";"116Â 797";"A01";"2";"33";"0";"1";"1";"1";"1";""
"202100047536";"116Â 795";"B01";"1";"50";"0";"2";"1";"2";"3";""
"202100047536";"116Â 796";"A01";"2";"1";"0";"2";"1";"5";"5";""
"202100047537";"116Â 793";"B01";"1";"32";"0";"2";"4";"17";"1";""
"202100047537";"116Â 794";"A01";"1";"10";"0";"2";"3";"15";"1";""
"202100047538";"116Â 792";"Z01";"1";"10";"0";"1";"2";"10";"0";""
"202100047539";"116Â 791";"A01";"0";"14";"0";"1";"7";"16";"1";""
"202100047540";"116Â 789";"B01";"0";"7";"7";"2";"1";"1";"2";""
"202100047540";"116Â 790";"A01";"3";"7";"0";"2";"2";"15";"1";""
"202100047541";"116Â 787";"B01";"2";"2";"0";"0";"2";"1";"1";""
"202100047541";"116Â 788";"A01";"1";"3";"0";"2";"0";"15";"0";""
"202100047542";"116Â 785";"A01";"2";"7";"0";"2";"1";"15";"0";""
"202100047542";"116Â 786";"B01";"1";"30";"0";"2";"3";"1";"1";""
"202100047543";"116Â 783";"A01";"2";"7";"0";"2";"3";"15";"2";""
"202100047543";"116Â 784";"B01";"2";"7";"1";"2";"5";"1";"0";""
"202100047544";"116Â 782";"A01";"1";"34";"0";"1";"2";"21";"1";""
"202100047545";"116Â 781";"A01";"1";"1";"0";"0";"0";"1";"5";""
"202100047546";"116Â 779";"A01";"3";"1";"0";"2";"3";"19";"0";""
"202100047546";"116Â 780";"B01";"2";"60";"0";"2";"1";"1";"5";""
"202100047547";"116Â 777";"A01";"1";"7";"0";"2";"7";"13";"1";""
"202100047547";"116Â 778";"B01";"2";"17";"0";"2";"1";"1";"1";""
"202100047548";"116Â 776";"A01";"2";"7";"13";"0";"1";"2";"1";""
"202100047549";"116Â 775";"A01";"2";"7";"2";"0";"9";"21";"1";""
"202100047550";"116Â 774";"A01";"3";"7";"2";"0";"3";"1";"1";""
"202100047551";"116Â 773";"A01";"1";"7";"2";"0";"1";"1";"1";""
"202100047552";"116Â 768";"A01";"1";"7";"0";"2";"1";"17";"1";""
"202100047552";"116Â 769";"B01";"1";"7";"0";"2";"3";"1";"1";""
"202100047552";"116Â 770";"C01";"2";"7";"0";"2";"1";"1";"1";""
"202100047553";"116Â 767";"A01";"1";"33";"6";"0";"0";"1";"1";""
"202100047554";"116Â 765";"A01";"2";"7";"0";"2";"1";"5";"1";""
"202100047554";"116Â 766";"B01";"1";"33";"0";"2";"3";"1";"1";""
"202100047555";"116Â 764";"A01";"2";"7";"16";"0";"2";"1";"1";""
"202100047556";"116Â 762";"A01";"2";"7";"13";"0";"3";"13";"1";""
"202100047557";"116Â 761";"A01";"2";"7";"0";"1";"3";"1";"1";""
"202100047558";"116Â 758";"C01";"2";"7";"0";"0";"4";"23";"1";""
"202100047558";"116Â 759";"B01";"2";"7";"0";"2";"4";"23";"1";""
"202100047558";"116Â 760";"A01";"2";"7";"0";"2";"1";"1";"1";""
"202100047559";"116Â 757";"A01";"1";"7";"13";"0";"1";"1";"1";""
"202100047560";"116Â 754";"A01";"1";"7";"0";"2";"1";"2";"1";""
"202100047560";"116Â 755";"B01";"1";"7";"15";"2";"4";"1";"1";""
"202100047560";"116Â 756";"C01";"2";"7";"0";"2";"1";"1";"1";""
"202100047561";"116Â 752";"B01";"1";"2";"0";"2";"1";"1";"1";""
"202100047561";"116Â 753";"A01";"2";"7";"0";"2";"3";"1";"1";""
"202100047562";"116Â 750";"B01";"3";"7";"0";"2";"8";"19";"1";""
"202100047562";"116Â 751";"A01";"2";"33";"0";"2";"1";"1";"1";""
"202100047563";"116Â 748";"A01";"1";"7";"0";"2";"1";"1";"1";""
"202100047563";"116Â 749";"B01";"2";"14";"0";"2";"1";"1";"1";""
"202100047564";"116Â 747";"A01";"1";"7";"7";"0";"3";"26";"1";""
"202100047565";"116Â 746";"A01";"2";"7";"0";"5";"1";"1";"1";""
"202100047566";"116Â 744";"A01";"1";"7";"0";"2";"1";"17";"1";""
"202100047566";"116Â 745";"B01";"2";"7";"0";"2";"1";"1";"1";""
"202100047567";"116Â 742";"B01";"1";"7";"0";"2";"1";"1";"1";""
"202100047567";"116Â 743";"A01";"2";"2";"0";"1";"1";"17";"1";""
"202100047568";"116Â 741";"A01";"1";"15";"6";"0";"2";"1";"1";""
"202100047569";"116Â 739";"A01";"2";"7";"0";"2";"6";"11";"1";""
"202100047569";"116Â 740";"B01";"2";"7";"0";"2";"2";"1";"1";""
"202100047570";"116Â 737";"B01";"1";"10";"0";"2";"2";"24";"1";""
"202100047570";"116Â 738";"A01";"2";"10";"1";"1";"3";"13";"1";""
"202100047571";"116Â 734";"C01";"1";"7";"0";"0";"4";"1";"1";""
"202100047571";"116Â 735";"B01";"1";"7";"0";"0";"1";"1";"1";""
"202100047571";"116Â 736";"A01";"1";"7";"0";"0";"4";"1";"1";""
"202100047572";"116Â 732";"B01";"1";"33";"0";"2";"1";"17";"1";""
"202100047572";"116Â 733";"A01";"1";"7";"0";"2";"3";"13";"1";""
"202100047573";"116Â 728";"A01";"0";"10";"0";"0";"3";"15";"1";""
"202100047573";"116Â 729";"B01";"0";"2";"0";"0";"1";"0";"1";""
"202100047574";"116Â 726";"A01";"3";"2";"0";"2";"7";"0";"1";""
"202100047574";"116Â 727";"B01";"3";"7";"0";"2";"0";"0";"1";""
"202100047575";"116Â 724";"A01";"3";"7";"6";"0";"1";"1";"1";""
"202100047576";"116Â 722";"B01";"1";"7";"0";"2";"3";"1";"1";""
"202100047576";"116Â 723";"A01";"2";"33";"0";"2";"1";"13";"1";""
"202100047577";"116Â 720";"A01";"2";"13";"0";"2";"1";"1";"1";""
"202100047577";"116Â 721";"B01";"1";"14";"0";"2";"1";"1";"1";""
"202100047578";"116Â 718";"B01";"1";"7";"0";"2";"3";"1";"1";""
"202100047578";"116Â 719";"A01";"2";"7";"0";"2";"3";"13";"1";""
"202100047579";"116Â 717";"A01";"0";"7";"13";"0";"2";"1";"1";""
"202100047580";"116Â 716";"A01";"1";"10";"0";"1";"4";"4";"1";""
"202100047581";"116Â 713";"B01";"1";"7";"0";"2";"3";"17";"1";""
"202100047581";"116Â 714";"C01";"1";"37";"0";"2";"8";"1";"1";"1"
"202100047581";"116Â 715";"A01";"2";"7";"0";"2";"3";"1";"1";""
"202100047582";"116Â 711";"A01";"1";"7";"0";"2";"4";"1";"1";""
"202100047582";"116Â 712";"B01";"1";"7";"0";"2";"1";"11";"1";""
"202100047583";"116Â 709";"B01";"1";"7";"0";"2";"4";"1";"1";""
"202100047583";"116Â 710";"A01";"1";"7";"0";"2";"1";"2";"1";""
"202100047584";"116Â 707";"A01";"1";"7";"0";"2";"7";"17";"1";""
"202100047584";"116Â 708";"B01";"1";"37";"0";"2";"8";"1";"1";"1"
"202100047585";"116Â 705";"A01";"1";"7";"0";"2";"4";"1";"1";""
"202100047585";"116Â 706";"B01";"1";"7";"0";"2";"3";"12";"1";""
"202100047586";"116Â 702";"A01";"1";"7";"0";"2";"4";"23";"1";""
"202100047586";"116Â 703";"B01";"1";"7";"0";"2";"4";"23";"1";""
"202100047586";"116Â 704";"C01";"1";"7";"0";"2";"1";"2";"1";""
"202100047587";"116Â 700";"B01";"1";"7";"0";"2";"2";"1";"3";""
"202100047587";"116Â 701";"A01";"1";"7";"0";"2";"1";"1";"1";""
"202100047588";"116Â 697";"B01";"1";"33";"0";"2";"9";"3";"1";""
"202100047588";"116Â 698";"C01";"1";"7";"0";"2";"7";"12";"1";""
"202100047588";"116Â 699";"A01";"1";"10";"0";"2";"6";"1";"1";""
"202100047589";"116Â 693";"D01";"1";"7";"0";"2";"4";"2";"1";""
"202100047589";"116Â 694";"C01";"1";"7";"0";"2";"4";"2";"1";""
"202100047589";"116Â 695";"B01";"1";"7";"0";"2";"4";"2";"1";""
"202100047589";"116Â 696";"A01";"1";"10";"0";"2";"1";"2";"1";""
"202100047590";"116Â 690";"A01";"1";"15";"0";"0";"0";"0";"1";""
"202100047590";"116Â 691";"B01";"1";"7";"0";"2";"0";"1";"1";""
"202100047590";"116Â 692";"C01";"1";"7";"0";"2";"7";"1";"1";""
"202100047591";"116Â 689";"A01";"1";"7";"0";"0";"1";"2";"1";""
"202100047592";"116Â 688";"A01";"2";"7";"4";"0";"1";"2";"1";""
"202100047593";"116Â 686";"A01";"1";"7";"0";"2";"1";"2";"1";""
"202100047593";"116Â 687";"B01";"1";"7";"0";"2";"4";"23";"1";""
"202100047594";"116Â 682";"D01";"2";"7";"0";"2";"1";"12";"1";""
"202100047594";"116Â 683";"C01";"2";"7";"0";"2";"9";"12";"1";""
"202100047594";"116Â 684";"A01";"2";"15";"0";"2";"4";"1";"1";""
"202100047594";"116Â 685";"B01";"2";"7";"0";"2";"9";"1";"2";""
"202100047595";"116Â 680";"B01";"1";"7";"0";"2";"1";"1";"1";""
"202100047595";"116Â 681";"A01";"1";"7";"0";"2";"4";"1";"1";""
"202100047596";"116Â 676";"B01";"2";"7";"0";"2";"6";"15";"1";""
"202100047596";"116Â 677";"A01";"1";"7";"0";"2";"3";"1";"1";""
"202100047597";"116Â 674";"A01";"1";"7";"0";"2";"2";"1";"1";""
"202100047597";"116Â 675";"B01";"2";"30";"0";"2";"1";"13";"1";""
"202100047598";"116Â 672";"A01";"1";"50";"0";"2";"8";"1";"3";""
"202100047598";"116Â 673";"B01";"2";"7";"0";"2";"1";"15";"1";""
"202100047599";"116Â 671";"A01";"1";"7";"0";"1";"3";"1";"1";""
"202100047600";"116Â 669";"B01";"3";"7";"0";"2";"1";"1";"1";""
"202100047600";"116Â 670";"A01";"3";"7";"0";"2";"7";"10";"1";""
"202100047601";"116Â 667";"A01";"1";"7";"8";"2";"1";"1";"1";""
"202100047601";"116Â 668";"B01";"1";"7";"0";"2";"6";"1";"1";""
"202100047602";"116Â 665";"B01";"1";"30";"1";"0";"1";"2";"1";""
"202100047602";"116Â 666";"A01";"1";"7";"1";"0";"4";"20";"1";""
"202100047603";"116Â 663";"A01";"2";"7";"0";"2";"3";"10";"1";""
"202100047603";"116Â 664";"B01";"2";"2";"0";"2";"2";"17";"1";""