"Num_Acc";"id_vehicule";"num_veh";"senc";"catv";"obs";"obsm";"choc";"manv";"motor";"occutc"
"202100047604";"116Â 662";"A01";"2";"7";"12";"9";"1";"14";"1";""
"202100047605";"116Â 660";"A01";"1";"7";"0";"2";"1";"17";"1";""
"202100047605";"116Â 661";"B01";"2";"7";"0";"2";"1";"26";"1";""
"202100047606";"116Â 658";"A01";"2";"7";"0";"2";"3";"1";"1";""
"202100047606";"116Â 659";"B01";"2";"10";"0";"2";"8";"15";"1";""
"202100047607";"116Â 656";"A01";"1";"7";"0";"2";"1";"1";"1";""
"202100047607";"116Â 657";"B01";"1";"7";"0";"2";"8";"1";"1";""
"202100047608";"116Â 654";"A01";"1";"7";"0";"2";"7";"15";"1";""
"202100047608";"116Â 655";"B01";"1";"30";"0";"2";"2";"1";"1";""
"202100047609";"116Â 653";"A01";"1";"80";"0";"0";"0";"0";"3";""
"202100047610";"116Â 652";"A01";"2";"1";"0";"0";"8";"1";"5";""
"202100047611";"116Â 650";"B01";"2";"7";"0";"2";"1";"1";"1";""
"202100047611";"116Â 651";"A01";"2";"7";"0";"2";"1";"15";"1";""
"202100047612";"116Â 649";"A01";"0";"7";"0";"1";"1";"16";"1";""
"202100047613";"116Â 647";"B01";"1";"7";"0";"2";"1";"1";"1";""
"202100047613";"116Â 648";"A01";"2";"7";"0";"2";"1";"15";"1";""
"202100047614";"116Â 645";"A01";"1";"31";"0";"2";"3";"17";"1";""
"202100047614";"116Â 646";"B01";"1";"7";"0";"2";"8";"15";"1";""
"202100047615";"116Â 642";"B01";"3";"10";"0";"2";"8";"19";"1";""
"202100047615";"116Â 643";"A01";"3";"7";"0";"2";"1";"13";"1";""
"202100047616";"116Â 641";"A01";"1";"7";"0";"1";"2";"1";"1";""
"202100047617";"116Â 639";"B01";"1";"7";"0";"2";"7";"1";"1";""
"202100047617";"116Â 640";"A01";"1";"7";"0";"2";"1";"9";"1";""
"202100047618";"116Â 637";"A01";"1";"7";"0";"2";"1";"1";"1";""
"202100047618";"116Â 638";"B01";"2";"7";"0";"2";"7";"15";"1";""
"202100047619";"116Â 636";"A01";"1";"30";"0";"1";"1";"17";"1";""
"202100047620";"116Â 635";"A01";"1";"7";"0";"1";"2";"15";"1";""
"202100047621";"116Â 633";"B01";"2";"7";"0";"2";"8";"15";"1";""
"202100047621";"116Â 634";"A01";"2";"2";"0";"2";"1";"17";"1";""
"202100047622";"116Â 631";"B01";"1";"33";"0";"2";"7";"15";"1";""
"202100047622";"116Â 632";"A01";"3";"99";"0";"2";"1";"15";"0";""
"202100047623";"116Â 629";"B01";"2";"50";"0";"2";"8";"1";"3";""
"202100047623";"116Â 630";"A01";"2";"7";"0";"2";"1";"16";"1";""
"202100047624";"116Â 627";"B01";"1";"7";"0";"2";"1";"1";"1";""
"202100047624";"116Â 628";"A01";"1";"7";"0";"2";"2";"15";"1";""
"202100047625";"116Â 626";"A01";"1";"7";"0";"1";"2";"1";"1";""
"202100047626";"116Â 624";"B01";"1";"30";"0";"2";" -1";" -1";" -1";""
"202100047626";"116Â 625";"A01";"1";"7";"0";"2";"3";"1";"1";""
"202100047627";"116Â 623";"B01";"1";"7";"0";"1";"8";"1";"1";""
"202100047628";"116Â 619";"D01";"3";"7";"0";"2";"3";"0";"1";""
"202100047628";"116Â 620";"Z01";"2";"7";"0";"2";"2";"12";"0";""
"202100047628";"116Â 621";"B01";"2";"32";"0";"2";"3";"9";"1";""
"202100047628";"116Â 622";"C01";"3";"7";"0";"2";"4";"0";"1";""
"202100047629";"116Â 617";"A01";"2";"10";"0";"2";"3";"9";"1";""
"202100047629";"116Â 618";"B01";"2";"1";"0";"2";"1";"1";"5";""
"202100047630";"116Â 615";"A01";"2";"7";"0";"2";"3";"1";"1";""
"202100047630";"116Â 616";"B01";"1";"1";"0";"2";"1";"1";"5";""
"202100047631";"116Â 614";"A01";"1";"7";"0";"1";"3";"14";"1";""
"202100047632";"116Â 612";"B01";"0";"7";"0";"2";"3";"1";"1";""
"202100047632";"116Â 613";"A01";"0";"7";"0";"2";"1";"13";"1";""
"202100047633";"116Â 611";"A01";"2";"7";"0";"1";"1";"1";"1";""
"202100047634";"116Â 609";"A01";"1";"7";"13";"0";"0";"1";"1";""
"202100047635";"116Â 607";"A01";"1";"7";"0";"2";"1";"1";"1";""
"202100047635";"116Â 608";"B01";"1";"7";"0";"2";"4";"1";"1";""
"202100047636";"116Â 606";"A01";"1";"0";"0";"0";"0";"26";"0";""
"202100047637";"116Â 604";"A01";"2";"30";"0";"2";"1";"17";"1";""
"202100047637";"116Â 605";"B01";"2";"7";"0";"2";"8";"15";"1";""
"202100047638";"116Â 602";"B01";"0";"7";"0";"2";"5";"16";"1";""
"202100047638";"116Â 603";"A01";"3";"3";"0";"2";"3";"1";"1";""
"202100047639";"116Â 600";"A01";"3";"7";"0";"2";"6";"13";"1";""
"202100047639";"116Â 601";"B01";"3";"7";"0";"2";"3";"26";"1";""
"202100047640";"116Â 598";"A01";"3";"33";"0";"2";"8";"11";"1";""
"202100047640";"116Â 599";"B01";"3";"7";"0";"2";"7";"1";"1";""
"202100047641";"116Â 597";"A01";"2";"32";"0";"1";"1";"1";"1";""
"202100047642";"116Â 596";"A01";"1";"1";"0";"0";"0";"0";"5";""
"202100047643";"116Â 593";"C01";"2";"7";"0";"0";"6";"1";"1";""
"202100047643";"116Â 594";"B01";"2";"7";"0";"2";"9";"1";"1";""
"202100047643";"116Â 595";"A01";"2";"7";"0";"2";"1";"1";"1";""
"202100047644";"116Â 591";"B01";"3";"7";"0";"2";"2";"10";"1";""
"202100047644";"116Â 592";"A01";"3";"34";"0";"2";"1";"1";"1";""
"202100047645";"116Â 589";"A01";"2";"7";"0";"2";"2";"15";"1";""
"202100047645";"116Â 590";"B01";"1";"33";"0";"2";"1";"1";"1";""
"202100047646";"116Â 587";"A01";"2";"43";"0";"2";"1";"3";"1";""
"202100047646";"116Â 588";"B01";"2";"7";"0";"2";"5";"12";"3";""
"202100047647";"116Â 585";"B01";"1";"7";"0";"2";"4";"1";"1";""
"202100047647";"116Â 586";"A01";"1";"7";"0";"2";"1";"1";"1";""
"202100047648";"116Â 583";"A01";"1";"17";"0";"2";"6";"13";"1";""
"202100047648";"116Â 584";"B01";"1";"33";"0";"2";"7";"3";"1";""
"202100047649";"116Â 581";"A01";"2";"10";"0";"2";"5";"15";"1";""
"202100047649";"116Â 582";"B01";"1";"33";"0";"2";"8";"1";"1";""
"202100047650";"116Â 580";"A01";"1";"7";"0";"1";"1";"15";"1";""
"202100047651";"116Â 578";"A01";"3";"7";"0";"2";"8";"10";"1";""
"202100047651";"116Â 579";"B01";"3";"33";"0";"2";"2";"17";"1";""
"202100047652";"116Â 577";"A01";"2";"1";"0";"0";"3";"15";"5";""
"202100047653";"116Â 575";"B01";"2";"1";"0";"2";"5";"1";"5";""
"202100047653";"116Â 576";"A01";"2";"7";"0";"2";"7";"14";"1";""
"202100047654";"116Â 573";"B01";"1";"33";"0";"2";"0";"23";"1";""
"202100047654";"116Â 574";"A01";"1";"7";"0";"2";"2";"1";"1";""
"202100047655";"116Â 571";"A01";"2";"7";"1";"2";"2";"1";"1";""
"202100047655";"116Â 572";"B01";"2";"7";"1";"2";"3";"1";"2";""
"202100047656";"116Â 569";"B01";"2";"7";"0";"2";"5";"1";"1";""
"202100047656";"116Â 570";"A01";"2";"1";"0";"2";"5";"2";"0";""
"202100047657";"116Â 567";"A01";"1";"10";"0";"2";"1";"15";"1";""
"202100047657";"116Â 568";"B01";"2";"31";"0";"2";"8";"1";"1";""
"202100047658";"116Â 564";"C01";"1";"7";"0";"2";"0";"0";"1";""
"202100047658";"116Â 565";"A01";"1";"7";"0";"2";"1";"15";"1";""
"202100047658";"116Â 566";"B01";"2";"7";"0";"2";"1";"2";"1";""
"202100047659";"116Â 562";"B01";"2";"7";"1";"2";"1";"20";"1";""
"202100047659";"116Â 563";"A01";"1";"34";"1";"2";"1";"1";"1";""
"202100047660";"116Â 560";"A01";"2";"7";"0";"2";"1";"10";"1";""
"202100047660";"116Â 561";"B01";"1";"1";"0";"2";"1";"13";"5";""
"202100047661";"116Â 558";"A01";"1";"7";"0";"2";"3";"1";"1";""
"202100047661";"116Â 559";"B01";"2";"7";"0";"2";"3";"15";"1";""
"202100047662";"116Â 556";"A01";"0";"30";"0";"2";"7";"26";"1";""
"202100047662";"116Â 557";"B01";"0";"13";"0";"2";"1";"16";"1";""
"202100047663";"116Â 554";"B01";"2";"7";"0";"2";"6";"9";"1";""
"202100047663";"116Â 555";"A01";"1";"34";"0";"2";"8";"1";"1";""
"202100047664";"116Â 552";"B01";"2";"32";"0";"2";"0";"9";"0";""
"202100047664";"116Â 553";"A01";"1";"31";"0";"2";"0";"9";"1";""
"202100047665";"116Â 550";"B01";"1";"30";"0";"2";"0";"0";"1";""
"202100047665";"116Â 551";"A01";"1";"10";"0";"2";"3";"10";"1";""
"202100047666";"116Â 549";"A01";"3";"7";"0";"1";"1";"16";"1";""
"202100047667";"116Â 547";"A01";"1";"33";"0";"2";"2";"1";"1";""
"202100047667";"116Â 548";"B01";"2";"1";"0";"2";"3";"11";"6";""
"202100047668";"116Â 546";"A01";"1";"7";"0";"1";"1";"9";"1";""
"202100047669";"116Â 545";"A01";"3";"10";"0";"1";"4";"4";"1";""
"202100047670";"116Â 544";"A01";"3";"33";"0";"0";"0";"1";"1";""
"202100047671";"116Â 542";"B01";"1";"10";"0";"9";"8";"1";"1";""
"202100047671";"116Â 543";"A01";"1";"15";"0";"1";"0";"1";"1";""
"202100047672";"116Â 539";"A01";"2";"17";"3";"0";"2";"1";"1";""
"202100047673";"116Â 537";"A01";"3";"7";"0";"2";"3";"15";"1";""
"202100047673";"116Â 538";"B01";"3";"2";"0";"2";"1";"3";"1";""
"202100047674";"116Â 536";"A01";"1";"7";"13";"0";"0";"13";"1";""
"202100047675";"116Â 534";"A01";"2";"7";"6";"2";"2";"17";"1";""
"202100047675";"116Â 535";"B01";"2";"32";"0";"2";"1";"1";"1";""
"202100047676";"116Â 533";"A01";"1";"7";"0";"0";"6";"4";"1";""
"202100047677";"116Â 531";"B01";"2";"33";"0";"0";"1";"23";"1";""
"202100047677";"116Â 532";"A01";"1";"7";"0";"2";"3";"17";"1";""
"202100047678";"116Â 530";"A01";"1";"7";"17";"0";"1";"1";"2";""
"202100047679";"116Â 529";"A01";"2";"10";"13";"0";"2";"1";"1";""
"202100047680";"116Â 527";"A01";"3";"2";"0";"0";"1";"1";"1";""
"202100047680";"116Â 528";"B01";"3";"7";"0";"0";"5";"23";"1";""
"202100047681";"116Â 525";"B01";"2";"10";"0";"2";"3";"1";"1";""
"202100047681";"116Â 526";"A01";"1";"7";"0";"2";"3";"13";"1";""
"202100047682";"116Â 524";"A01";"2";"7";"2";"0";"2";"21";"1";""
"202100047683";"116Â 523";"A01";"2";"7";"0";"1";"1";"15";"1";""
"202100047684";"116Â 520";"C01";"2";"7";"0";"2";"3";"2";"1";""
"202100047684";"116Â 521";"B01";"2";"7";"0";"2";"6";"2";"6";""
"202100047684";"116Â 522";"A01";"1";"7";"0";"2";"1";"13";"1";""
"202100047685";"116Â 519";"A01";"2";"7";"13";"0";"1";"1";"1";""
"202100047686";"116Â 517";"A01";"1";"7";"0";"2";"3";"1";"1";""
"202100047686";"116Â 518";"B01";"3";"50";"0";"2";"2";"19";"3";""
"202100047687";"116Â 515";"A01";"3";"10";"0";"2";"6";"4";"1";""
"202100047687";"116Â 516";"B01";"3";"7";"0";"0";"2";"23";"1";""
"202100047688";"116Â 514";"A01";"2";"7";"16";"0";"1";"26";"1";""
"202100047689";"116Â 513";"A01";"2";"7";"6";"0";"2";"0";"0";""
"202100047690";"116Â 511";"B01";"1";"1";"0";"2";"0";"26";"5";""
"202100047690";"116Â 512";"A01";"1";"1";"0";"2";"0";"1";"5";""
"202100047691";"116Â 510";"A01";"1";"32";"14";"0";"1";"14";"1";""
"202100047692";"116Â 507";"A01";"2";"7";"3";"2";"6";"9";"1";""
"202100047692";"116Â 508";"B01";"2";"14";"0";"2";"2";"1";"1";""
"202100047692";"116Â 509";"C01";"2";"34";"0";"2";"7";"17";"1";""
"202100047693";"116Â 506";"A01";"2";"7";"0";"0";"1";"13";"1";""
"202100047694";"116Â 502";"D01";"1";"15";"0";"2";"4";"23";"1";""
"202100047694";"116Â 503";"C01";"1";"10";"0";"2";"1";"1";"1";""
"202100047694";"116Â 504";"B01";"1";"10";"1";"2";"1";"1";"1";""
"202100047694";"116Â 505";"A01";"1";"7";"0";"2";"1";"1";"1";""
"202100047695";"116Â 499";"B01";"1";"7";"0";"2";"4";"1";"1";""
"202100047695";"116Â 500";"C01";"1";"10";"0";"2";"4";"1";"1";""
"202100047695";"116Â 501";"A01";"1";"10";"0";"2";"1";"1";"1";""
"202100047696";"116Â 496";"C01";"1";"7";"0";"2";"4";"1";"1";""
"202100047696";"116Â 497";"A01";"1";"7";"0";"2";"1";"1";"1";""
"202100047696";"116Â 498";"B01";"1";"7";"0";"2";"4";"1";"1";""
"202100047697";"116Â 493";"C01";"2";"7";"0";"2";"3";"1";"0";""
"202100047697";"116Â 494";"B01";"2";"7";"0";"2";"4";"1";"0";""
"202100047697";"116Â 495";"A01";"2";"33";"0";"2";"1";"1";"0";""
"202100047698";"116Â 491";"B01";"1";"7";"0";"2";"4";"0";"1";""
"202100047698";"116Â 492";"A01";"1";"10";"0";"2";"1";"2";"1";""
"202100047699";"116Â 487";"A01";"2";"17";"0";"2";"1";"11";"1";""
"202100047699";"116Â 488";"B01";"2";"7";"0";"2";"0";"2";"1";""
"202100047699";"116Â 489";"C01";"2";"7";"0";"2";"1";"2";"1";""
"202100047699";"116Â 490";"D01";"2";"10";"0";"2";"1";"2";"1";""
"202100047700";"116Â 485";"A01";"2";"7";"0";"2";"7";"2";"1";""
"202100047700";"116Â 486";"B01";"2";"7";"0";"2";"7";"1";"1";""
"202100047701";"116Â 483";"B01";"2";"7";"0";"2";"5";"2";"2";""
"202100047701";"116Â 484";"A01";"2";"10";"0";"2";"3";"1";"1";""
"202100047702";"116Â 480";"C01";"2";"7";"0";"2";"4";"2";"1";""
"202100047702";"116Â 481";"B01";"2";"33";"0";"2";"1";"3";"1";""
"202100047702";"116Â 482";"A01";"2";"10";"0";"2";"2";"12";"1";""
"202100047703";"116Â 478";"A01";"2";"7";"0";"2";"2";"2";"1";""
"202100047703";"116Â 479";"B01";"2";"32";"0";"2";"8";"0";"1";""
"202100047704";"116Â 476";"B01";"1";"1";"0";"2";"4";"13";"5";""
"202100047704";"116Â 477";"A01";"1";"10";"0";"2";"1";"2";"1";""
"202100047705";"116Â 475";"A01";"1";"7";"0";"1";"1";"1";"1";""
"202100047706";"116Â 473";"B01";"2";"7";"0";"9";"7";"2";"6";""
"202100047706";"116Â 474";"A01";"1";"2";"0";"2";"1";"26";"6";""
"202100047707";"116Â 471";"B01";"1";"2";"0";"2";"7";"1";"1";""
"202100047707";"116Â 472";"A01";"1";"7";"0";"2";"1";"15";"2";""
"202100047708";"116Â 469";"A01";"1";"10";"0";"2";"8";"15";"1";""
"202100047708";"116Â 470";"B01";"1";"2";"0";"2";"1";"3";"1";""
"202100047709";"116Â 467";"B01";"3";"1";"0";"2";"3";"1";"5";""
"202100047709";"116Â 468";"Z01";"3";"7";"0";"2";"2";"9";"0";""
"202100047710";"116Â 465";"A01";"2";"7";"0";"2";"2";"15";"1";""
"202100047710";"116Â 466";"B01";"1";"32";"0";"2";"1";"1";"1";""
"202100047711";"116Â 463";"A01";"1";"7";"0";"2";"0";"1";"1";""
"202100047711";"116Â 464";"B01";"1";"1";"0";"2";"0";"7";"0";""
"202100047712";"116Â 461";"A01";"2";"10";"0";"2";"3";"15";"1";""
"202100047712";"116Â 462";"B01";"2";"43";"0";"2";"2";"17";"1";""
"202100047713";"116Â 459";"A01";"1";"7";"2";"2";"9";"17";"1";""
"202100047713";"116Â 460";"B01";"1";"14";"0";"2";"3";"15";"1";""
"202100047714";"116Â 457";"A01";"1";"7";"0";"2";"7";"15";"1";""
"202100047714";"116Â 458";"B01";"2";"33";"0";"2";"1";"1";"1";""
"202100047715";"116Â 456";"A01";"2";"7";"1";"0";"2";"1";"1";""
"202100047716";"116Â 454";"A01";"2";"2";"0";"2";"1";"2";"1";""
"202100047716";"116Â 455";"B01";"0";"7";"0";"2";"4";"2";"1";""
"202100047717";"116Â 452";"B01";"3";"3";"0";"0";"4";"23";"1";""
"202100047717";"116Â 453";"A01";"3";"7";"0";"2";"1";"16";"1";""
"202100047718";"116Â 450";"A01";"0";"7";"0";"2";"0";"1";"1";""
"202100047718";"116Â 451";"B01";"0";"7";"0";"2";"0";"0";"1";""
"202100047719";"116Â 448";"B01";"0";"7";"0";"2";"1";"1";"1";""
"202100047719";"116Â 449";"A01";"0";"1";"0";"2";"1";"15";"5";""
"202100047720";"116Â 447";"A01";"3";"7";"0";"1";"2";"2";"1";""
"202100047721";"116Â 446";"A01";"2";"7";"0";"1";"2";"16";"1";""
"202100047722";"116Â 444";"A01";"2";"10";"0";"2";"1";"2";"0";""
"202100047722";"116Â 445";"B01";"2";"7";"0";"2";"6";"2";"1";""
"202100047723";"116Â 443";"A01";"1";"10";"0";"1";"1";"1";"1";""
"202100047724";"116Â 441";"B01";"1";"1";"0";"2";"1";"1";"5";""
"202100047724";"116Â 442";"A01";"1";"7";"0";"2";"7";"16";"1";""
"202100047725";"116Â 439";"A01";"1";"30";"0";"2";"1";"2";"1";""
"202100047725";"116Â 440";"B01";"1";"7";"0";"2";"4";"2";"1";""
"202100047726";"116Â 437";"B01";"2";"1";"0";"2";"4";"2";"5";""
"202100047726";"116Â 438";"A01";"2";"7";"0";"2";"2";"9";"1";""
"202100047727";"116Â 435";"A01";"3";"7";"0";"2";"2";"15";"1";""
"202100047727";"116Â 436";"B01";"2";"7";"0";"2";"1";"1";"1";""
"202100047728";"116Â 434";"Z01";"1";"7";"0";"1";"1";"1";"1";""
"202100047729";"116Â 432";"B01";"1";"32";"0";"2";"1";"17";"1";""
"202100047729";"116Â 433";"A01";"1";"10";"0";"2";"8";"23";"1";""
"202100047730";"116Â 430";"A01";"1";"7";"0";"2";"2";"15";"1";""
"202100047730";"116Â 431";"B01";"1";"7";"0";"2";"1";"1";"1";""
"202100047731";"116Â 429";"A01";"1";"7";"0";"1";"2";"14";"1";""
"202100047732";"116Â 428";"A01";"1";"30";"0";"0";"3";"26";"1";""
"202100047733";"116Â 426";"B01";"1";"7";"0";"2";"1";"1";"1";""
"202100047733";"116Â 427";"A01";"1";"10";"0";"2";"8";"13";"1";""
"202100047734";"116Â 424";"B01";"2";"43";"0";"2";"3";"1";"1";""
"202100047734";"116Â 425";"A01";"2";"10";"0";"2";"1";"19";"1";""
"202100047735";"116Â 423";"A01";"2";"33";"0";"0";"8";"1";"1";""
"202100047736";"116Â 422";"A01";"1";"7";"6";"0";"1";"19";"1";""
"202100047737";"116Â 420";"A01";"0";"7";"0";"2";"3";"15";"1";""
"202100047737";"116Â 421";"B01";"3";"80";"0";"2";"1";"0";"3";""
"202100047738";"116Â 418";"A01";"0";"7";"0";"2";"1";"9";"1";""
"202100047738";"116Â 419";"B01";"1";"1";"0";"0";"0";"0";"5";""
"202100047739";"116Â 417";"A01";"1";"7";"0";"1";"3";"1";"1";""
"202100047740";"116Â 415";"B01";"1";"7";"0";"2";"1";"1";"1";""
"202100047740";"116Â 416";"A01";"1";"7";"0";"2";"7";"1";"1";""
"202100047741";"116Â 413";"A01";"3";"7";"0";"1";"2";"1";"1";""
"202100047741";"116Â 414";"Y01";"3";"1";"0";"0";"0";"0";"5";""
"202100047742";"116Â 411";"A01";"2";"7";"0";"2";"4";"1";"1";""
"202100047742";"116Â 412";"B01";"2";"7";"0";"2";"1";"2";"1";""
"202100047743";"116Â 409";"B01";"2";"1";"0";"2";"1";"1";"5";""
"202100047743";"116Â 410";"A01";"2";"7";"0";"2";"7";"16";"1";""
"202100047744";"116Â 408";"A01";"2";"7";"4";"0";"1";"1";"1";""
"202100047745";"116Â 406";"A01";"0";"7";"0";"2";"3";"9";"1";""
"202100047745";"116Â 407";"B01";"3";"33";"0";"2";"7";"1";"1";""
"202100047746";"116Â 405";"A01";"1";"7";"15";"0";"1";"14";"1";""
"202100047747";"116Â 404";"A01";"1";"7";"0";"1";"1";"1";"1";""
"202100047748";"116Â 402";"B01";"1";"32";"0";"2";"1";"1";"1";""
"202100047748";"116Â 403";"A01";"2";"7";"0";"2";"5";"15";"1";""
"202100047749";"116Â 398";"B01";"3";"32";"0";"2";"0";"1";"1";""
"202100047749";"116Â 399";"A01";"3";"30";"0";"2";"0";"0";"1";""
"202100047750";"116Â 396";"A01";"1";"7";"0";"2";"1";"2";"1";""
"202100047750";"116Â 397";"B01";"1";"7";"0";"2";"4";"2";"1";""
"202100047751";"116Â 393";"A01";"1";"7";"0";"2";"1";"1";"1";""
"202100047751";"116Â 394";"C01";"1";"7";"0";"2";"4";"1";"1";""
"202100047751";"116Â 395";"B01";"1";"7";"0";"2";"4";"1";"1";""
"202100047752";"116Â 392";"A01";"2";"7";"0";"1";"3";"1";"0";""
"202100047753";"116Â 389";"B01";"1";"33";"0";"2";"1";"1";"1";""
"202100047753";"116Â 390";"A01";"2";"10";"0";"2";"7";"10";"1";""
"202100047754";"116Â 387";"A01";"1";"7";"0";"2";"4";"9";"1";""
"202100047754";"116Â 388";"B01";"1";"7";"0";"2";"1";"2";"1";""
"202100047755";"116Â 386";"A01";"1";"7";"0";"1";"1";"0";"1";""
"202100047756";"116Â 384";"A01";"2";"7";"3";"2";"2";"2";"1";""
"202100047756";"116Â 385";"B01";"2";"7";"3";"2";"8";"11";"1";""
"202100047757";"116Â 382";"A01";"1";"7";"0";"2";"6";"15";"1";""
"202100047757";"116Â 383";"B01";"1";"2";"0";"2";"1";"1";"1";""
"202100047758";"116Â 380";"A01";"1";"30";"0";"2";"1";"17";"1";""
"202100047758";"116Â 381";"B01";"1";"7";"0";"2";"4";"1";"1";""
"202100047759";"116Â 379";"A01";"2";"1";"0";"1";"0";"0";"5";""
"202100047760";"116Â 377";"B01";"1";"7";"0";"2";"1";"1";"1";""
"202100047760";"116Â 378";"A01";"2";"7";"0";"2";"7";"1";"1";""
"202100047761";"116Â 375";"B01";"3";"7";"0";"2";"1";"1";"0";""
"202100047761";"116Â 376";"A01";"3";"7";"1";"2";"7";"1";"1";""
"202100047762";"116Â 373";"B01";"1";"15";"0";"2";"3";"1";"0";""
"202100047762";"116Â 374";"A01";"1";"7";"0";"2";"4";"19";"1";""
"202100047763";"116Â 371";"B01";"1";"7";"0";"2";"2";"11";"1";""
"202100047763";"116Â 372";"A01";"1";"10";"0";"2";"6";"11";"1";""
"202100047764";"116Â 368";"A01";"1";"7";"0";"2";"6";"1";"1";""
"202100047764";"116Â 369";"B01";"1";"33";"0";"2";"1";"1";"1";""
"202100047765";"116Â 367";"A01";"1";"10";"0";"1";"1";"1";"1";""
"202100047766";"116Â 365";"B01";"1";"10";"0";"2";"1";"2";"1";""
"202100047766";"116Â 366";"A01";"0";"7";"0";"2";"8";"10";"1";""
"202100047767";"116Â 364";"A01";"1";"7";"0";"1";"2";"16";"1";""
"202100047768";"116Â 362";"B01";"0";"2";"0";"2";"1";"1";"1";""
"202100047768";"116Â 363";"A01";"0";"7";"0";"2";"3";"16";"1";""
"202100047769";"116Â 361";"A01";"2";"7";"1";"0";"1";"14";"0";""
"202100047770";"116Â 360";"A01";"2";"1";"0";"0";"0";"0";"5";""
"202100047771";"116Â 359";"A01";"1";"7";"8";"0";"2";"1";"1";""
"202100047772";"116Â 358";"A01";"1";"7";"0";"1";"3";"1";"1";""
"202100047773";"116Â 356";"A01";"1";"7";"0";"2";"1";"15";"1";""
"202100047773";"116Â 357";"B01";"2";"7";"0";"2";"1";"1";"1";""
"202100047774";"116Â 355";"A01";"2";"7";"9";"0";"1";"1";"1";""
"202100047775";"116Â 353";"A01";"1";"30";"0";"2";"1";"1";"1";""
"202100047775";"116Â 354";"B01";"2";"7";"0";"2";"3";"15";"1";""
"202100047776";"116Â 352";"A01";"2";"32";"0";"2";"1";"1";"1";""
"202100047777";"116Â 351";"A01";"1";"7";"0";"1";"2";"1";"1";""
"202100047778";"116Â 348";"A01";"2";"14";"0";"2";"2";"1";"1";""
"202100047778";"116Â 349";"C01";"2";"7";"0";"2";"0";"0";"1";""
"202100047778";"116Â 350";"B01";"1";"3";"0";"2";"3";"15";"1";""
"202100047779";"116Â 346";"A01";"1";"7";"0";"2";"1";"16";"1";""
"202100047779";"116Â 347";"B01";"2";"1";"0";"2";"2";"1";"5";""
"202100047780";"116Â 344";"B01";"2";"7";"0";"2";"0";"21";"1";""
"202100047780";"116Â 345";"A01";"1";"2";"0";"2";"0";"25";"1";""
"202100047781";"116Â 342";"A01";"1";"7";"0";"2";"3";"15";"1";""
"202100047781";"116Â 343";"B01";"2";"2";"0";"2";"1";"1";"1";""
"202100047782";"116Â 340";"A01";"1";"7";"0";"2";"1";"1";"1";""
"202100047782";"116Â 341";"B01";"1";"7";"0";"2";"4";"1";"1";""
"202100047783";"116Â 338";"B01";"1";"7";"0";"2";"2";"1";"1";""
"202100047783";"116Â 339";"A01";"1";"7";"0";"2";"1";"1";"1";""
"202100047784";"116Â 336";"B01";"2";"2";"0";"2";"1";"1";"1";""
"202100047784";"116Â 337";"A01";"3";"7";"0";"2";"3";"9";"1";""
"202100047785";"116Â 334";"A01";"1";"7";"0";"2";"1";"1";"1";""
"202100047785";"116Â 335";"B01";"2";"7";"0";"2";"4";"2";"1";""
"202100047786";"116Â 333";"A01";"2";"7";"0";"1";"2";"0";"1";""
"202100047787";"116Â 331";"B01";"2";"7";"0";"2";"1";"15";"1";""
"202100047787";"116Â 332";"A01";"3";"14";"0";"2";"3";"1";"1";""
"202100047788";"116Â 330";"A01";"1";"30";"14";"0";"1";"13";"3";""
"202100047789";"116Â 328";"B01";"3";"7";"0";"9";"2";"16";"1";""
"202100047789";"116Â 329";"A01";"3";"50";"0";"2";"1";"26";"3";""
"202100047790";"116Â 327";"A01";"0";"7";"0";"1";"6";"26";"1";""
"202100047791";"116Â 325";"B01";"3";"7";"0";"2";"1";"1";"1";""
"202100047791";"116Â 326";"A01";"3";"33";"0";"2";"2";"1";"1";""
"202100047792";"116Â 324";"A01";"1";"33";"0";"0";"0";"14";"1";""
"202100047793";"116Â 323";"A01";"3";"7";"0";"1";"2";"1";"1";""
"202100047794";"116Â 322";"A01";"3";"17";"0";"1";"4";"20";"1";""
"202100047795";"116Â 321";"A01";"2";"7";"0";"1";"1";"15";"1";""
"202100047796";"116Â 319";"A01";"3";"7";"0";"2";"7";"15";"1";""
"202100047796";"116Â 320";"B01";"3";"7";"0";"2";"1";"1";"1";""
"202100047797";"116Â 318";"A01";"2";"1";"12";"0";"0";"0";"5";""
"202100047798";"116Â 316";"B01";"2";"31";"0";"2";"7";"1";"1";""
"202100047798";"116Â 317";"A01";"1";"10";"0";"2";"2";"19";"1";""
"202100047799";"116Â 314";"B01";"2";"7";"0";"2";"1";"1";"1";""
"202100047799";"116Â 315";"A01";"1";"7";"0";"2";"1";"15";"1";""
"202100047800";"116Â 312";"A01";"1";"7";"0";"2";"3";"24";"1";""
"202100047800";"116Â 313";"B01";"1";"7";"1";"0";"2";"1";"1";""
"202100047801";"116Â 311";"A01";"1";"10";"0";"1";"8";"17";"1";""
"202100047802";"116Â 309";"B01";"1";"7";"0";"2";"0";"2";"1";""
"202100047802";"116Â 310";"A01";"1";"7";"0";"2";"2";"2";"1";""
"202100047803";"116Â 308";"A01";"3";"30";"0";"1";"1";"1";"1";""
"202100047804";"116Â 306";"B01";"1";"1";"0";"2";"8";"1";"0";""