"Num_Acc";"id_vehicule";"num_veh";"senc";"catv";"obs";"obsm";"choc";"manv";"motor";"occutc"
"202100047804";"116Â 307";"A01";"2";"7";"0";"2";"2";"15";"1";""
"202100047805";"116Â 303";"C01";"2";"7";"0";"2";"1";"24";"1";""
"202100047805";"116Â 304";"B01";"1";"7";"0";"2";"1";"1";"1";""
"202100047805";"116Â 305";"A01";"1";"7";"0";"2";"2";"15";"1";""
"202100047806";"116Â 301";"B01";"3";"7";"0";"2";"2";"9";"1";""
"202100047806";"116Â 302";"A01";"2";"2";"0";"2";"7";"1";"1";""
"202100047807";"116Â 300";"A01";"2";"7";"0";"1";"7";"1";"1";""
"202100047808";"116Â 298";"A01";"1";"10";"0";"2";"1";"1";"1";""
"202100047808";"116Â 299";"B01";"1";"7";"0";"2";"4";"1";"1";""
"202100047809";"116Â 296";"B01";"1";"7";"0";"2";"2";"1";"1";""
"202100047809";"116Â 297";"A01";"2";"30";"0";"2";"0";"5";"1";""
"202100047810";"116Â 295";"A01";"2";"7";"0";"1";"4";"4";"1";""
"202100047811";"116Â 293";"A01";"3";"7";"1";"2";"6";"9";"1";""
"202100047811";"116Â 294";"B01";"3";"10";"1";"2";"1";"17";"0";""
"202100047812";"116Â 291";"B01";"2";"32";"0";"2";"1";"1";"1";""
"202100047812";"116Â 292";"A01";"1";"7";"0";"2";"3";"15";"1";""
"202100047813";"116Â 289";"A01";"2";"43";"0";"2";"1";"1";"1";""
"202100047813";"116Â 290";"B01";"2";"7";"0";"2";"3";"15";"1";""
"202100047814";"116Â 287";"B01";"2";"7";"0";"2";"3";"1";"1";""
"202100047814";"116Â 288";"A01";"1";"7";"0";"2";"3";"13";"1";""
"202100047815";"116Â 286";"A01";"1";"7";"2";"0";"1";"14";"1";""
"202100047816";"116Â 284";"A01";"1";"7";"0";"2";"1";"1";"0";""
"202100047816";"116Â 285";"B01";"2";"7";"0";"2";"1";"1";"1";""
"202100047817";"116Â 282";"B01";"3";"43";"0";"2";"1";"1";"1";""
"202100047817";"116Â 283";"A01";"3";"7";"0";"2";"2";"15";"1";""
"202100047818";"116Â 281";"A01";"2";"7";"0";"1";"3";"1";"1";""
"202100047819";"116Â 279";"A01";"1";"7";"0";"2";"3";"15";"1";""
"202100047819";"116Â 280";"B01";"1";"2";"0";"2";"1";"15";"1";""
"202100047820";"116Â 277";"A01";"2";"7";"0";"2";"3";"15";"1";""
"202100047820";"116Â 278";"B01";"1";"43";"0";"2";"1";"17";"1";""
"202100047821";"116Â 276";"A01";"2";"7";"0";"1";"2";"2";"1";""
"202100047822";"116Â 274";"A01";"1";"30";"1";"2";"1";"18";"1";""
"202100047822";"116Â 275";"B01";"1";"7";"0";"2";"1";"20";"0";""
"202100047823";"116Â 271";"C01";"1";"7";"0";"2";"3";"1";"1";""
"202100047823";"116Â 272";"B01";"2";"7";"0";"2";"6";"16";"1";""
"202100047823";"116Â 273";"A01";"2";"30";"0";"2";"1";"17";"1";""
"202100047824";"116Â 269";"A01";"1";"10";"0";"2";"1";"2";"1";""
"202100047824";"116Â 270";"B01";"1";"7";"0";"2";"4";"23";"1";""
"202100047825";"116Â 267";"B01";"1";"33";"0";"2";"1";"1";"1";""
"202100047825";"116Â 268";"A01";"1";"7";"0";"2";"6";"11";"1";""
"202100047826";"116Â 266";"A01";"1";"7";"0";"1";"3";"15";"1";""
"202100047827";"116Â 265";"A01";"1";"30";"0";"0";"0";"1";"1";""
"202100047828";"116Â 263";"A01";"1";"7";"0";"2";"1";"1";"1";""
"202100047828";"116Â 264";"B01";"2";"43";"0";"2";"8";"9";"1";""
"202100047829";"116Â 262";"A01";"1";"10";"0";"1";"1";"15";"1";""
"202100047830";"116Â 260";"B01";"2";"32";"0";"2";"1";"1";"1";""
"202100047830";"116Â 261";"A01";"1";"7";"0";"2";"5";"10";"1";""
"202100047831";"116Â 259";"A01";"2";"7";"0";"1";"2";"1";"1";""
"202100047832";"116Â 258";"A01";"1";"33";"0";"1";"1";"1";"1";""
"202100047833";"116Â 257";"A01";"2";"60";"12";"0";"1";"14";"5";""
"202100047834";"116Â 255";"A01";"1";"7";"14";"2";"6";"17";"1";""
"202100047834";"116Â 256";"B01";"3";"7";"1";"2";"1";"15";"1";""
"202100047835";"116Â 253";"A01";"2";"7";"0";"2";"4";"2";"1";""
"202100047835";"116Â 254";"B01";"2";"7";"0";"2";"1";"2";"0";""
"202100047836";"116Â 252";"A01";"2";"32";"0";"1";"1";"13";"0";""
"202100047837";"116Â 250";"B01";"2";"30";"0";"2";"1";"0";"1";""
"202100047837";"116Â 251";"A01";"2";"10";"0";"2";"4";"26";"1";""
"202100047838";"116Â 249";"A01";"1";"7";"0";"1";"1";"15";"1";""
"202100047839";"116Â 248";"B01";"3";"0";"0";"1";"7";"0";"1";""
"202100047840";"116Â 246";"B01";"3";"7";"0";"2";"8";"1";"1";""
"202100047840";"116Â 247";"A01";"3";"30";"0";"2";"2";"3";"1";""
"202100047841";"116Â 244";"A01";"3";"7";"0";"2";"8";"15";"1";""
"202100047841";"116Â 245";"B01";"3";"10";"0";"2";"2";"1";"1";""
"202100047842";"116Â 242";"B01";"0";"7";"0";"2";"1";"23";"1";""
"202100047842";"116Â 243";"A01";"0";"7";"0";"2";"3";"1";"1";""
"202100047843";"116Â 240";"A01";"2";"33";"0";"2";"1";"1";"1";""
"202100047843";"116Â 241";"B01";"1";"7";"0";"2";"2";"15";"1";""
"202100047844";"116Â 238";"B01";"1";"1";"0";"2";"1";"1";"5";""
"202100047844";"116Â 239";"A01";"2";"7";"0";"9";"7";"1";"1";""
"202100047845";"116Â 236";"B01";"1";"80";"0";"2";"1";"1";"3";""
"202100047845";"116Â 237";"A01";"1";"7";"0";"2";"3";"15";"1";""
"202100047846";"116Â 234";"A01";"1";"30";"0";"2";"7";"17";"1";""
"202100047846";"116Â 235";"B01";"1";"7";"0";"2";"8";"15";"1";""
"202100047847";"116Â 232";"B01";"2";"33";"0";"2";"1";"1";"1";""
"202100047847";"116Â 233";"A01";"1";"7";"0";"2";"5";"10";"1";""
"202100047848";"116Â 230";"A01";"2";"2";"0";"2";"1";"2";"1";""
"202100047848";"116Â 231";"B01";"2";"33";"0";"2";"4";"1";"1";""
"202100047849";"116Â 228";"A01";"1";"7";"0";"2";"3";"9";"1";""
"202100047849";"116Â 229";"B01";"3";"50";"0";"2";"2";"9";"3";""
"202100047850";"116Â 227";"A01";"0";"7";"0";"1";"1";"9";"1";""
"202100047851";"116Â 225";"B01";"3";"99";"0";"2";"1";"19";"0";""
"202100047851";"116Â 226";"A01";"3";"7";"0";"2";"1";"1";"1";""
"202100047852";"116Â 224";"A01";"2";"7";"10";"0";"2";"6";"1";""
"202100047853";"116Â 223";"A01";"1";"31";"0";"0";"0";"2";"1";""
"202100047854";"116Â 220";"C01";"1";"7";"0";"2";"3";"1";"1";""
"202100047854";"116Â 221";"B01";"1";"7";"0";"2";"1";"1";"1";""
"202100047854";"116Â 222";"A01";"1";"7";"0";"2";"1";"5";"1";""
"202100047855";"116Â 219";"A01";"3";"2";"1";"0";"1";"1";"1";""
"202100047856";"116Â 218";"A01";"0";"31";"0";"0";"0";"21";"1";""
"202100047857";"116Â 216";"A01";"1";"7";"0";"2";"1";"1";"1";""
"202100047857";"116Â 217";"B01";"0";"7";"0";"2";"7";"19";"1";""
"202100047858";"116Â 214";"A01";"0";"7";"0";"2";"2";"11";"1";""
"202100047858";"116Â 215";"B01";"2";"7";"0";"2";"2";"1";"1";""
"202100047859";"116Â 213";"A01";"3";"32";"0";"0";"0";"1";"1";""
"202100047860";"116Â 211";"B01";"2";"7";"15";"0";"8";"1";"1";""
"202100047860";"116Â 212";"A01";"1";"7";"0";"2";"7";"1";"1";""
"202100047861";"116Â 210";"A01";"2";"7";"0";"0";"9";"1";"1";""
"202100047862";"116Â 208";"A01";"1";"7";"0";"2";"1";"13";"1";""
"202100047862";"116Â 209";"B01";"2";"10";"0";"2";"1";"1";"1";""
"202100047863";"116Â 206";"B01";"0";"7";"0";"0";"6";"0";"1";""
"202100047863";"116Â 207";"A01";"0";"33";"0";"2";"1";"0";"1";""
"202100047864";"116Â 204";"A01";"1";"34";"0";"2";"8";"1";"1";""
"202100047864";"116Â 205";"B01";"2";"10";"0";"2";"6";"9";"1";""
"202100047865";"116Â 202";"A01";"2";"10";"0";"2";"3";"13";"1";""
"202100047865";"116Â 203";"B01";"1";"37";"0";"2";"3";"26";"1";"1"
"202100047866";"116Â 200";"B01";"1";"7";"0";"2";"1";"1";"1";""
"202100047866";"116Â 201";"A01";"2";"7";"0";"2";"3";"5";"1";""
"202100047867";"116Â 199";"A01";"2";"7";"0";"1";"7";"1";"1";""
"202100047868";"116Â 197";"B01";"2";"14";"0";"2";"1";"1";"1";""
"202100047868";"116Â 198";"A01";"1";"7";"0";"2";"1";"0";"1";""
"202100047869";"116Â 195";"B01";"1";"1";"0";"2";"1";"1";"5";""
"202100047869";"116Â 196";"A01";"1";"1";"0";"2";"4";"1";"5";""
"202100047870";"116Â 193";"A01";"1";"1";"0";"2";"1";"1";"5";""
"202100047870";"116Â 194";"B01";"2";"7";"0";"0";"7";"15";"1";""
"202100047871";"116Â 190";"A01";"2";"15";"0";"0";"0";"1";"0";""
"202100047871";"116Â 191";"C01";"1";"7";"0";"9";"1";"1";"0";""
"202100047871";"116Â 192";"B01";"1";"7";"0";"9";"6";"1";"1";""
"202100047872";"116Â 170";"A01";"2";"7";"0";"0";"0";"17";"1";""
"202100047872";"116Â 171";"B01";"1";"7";"3";"9";"3";"13";"1";""
"202100047872";"116Â 172";"K01";"2";"1";"0";"2";"0";"1";"5";""
"202100047872";"116Â 173";"L01";"2";"1";"0";"9";"0";"1";"5";""
"202100047872";"116Â 174";"M01";"2";"1";"0";"9";"0";"1";"5";""
"202100047872";"116Â 175";"O01";"2";"1";"0";"9";"0";"1";"5";""
"202100047872";"116Â 176";"P01";"2";"1";"0";"0";"0";"1";"5";""
"202100047872";"116Â 177";"Q01";"2";"1";"0";"9";"0";"1";"5";""
"202100047872";"116Â 178";"R01";"2";"1";"0";"0";"0";"1";"5";""
"202100047872";"116Â 179";"S01";"2";"1";"0";"0";"0";"1";"5";""
"202100047872";"116Â 180";"T01";"2";"1";"0";"0";"0";"1";"5";""
"202100047872";"116Â 181";"C01";"2";"1";"0";"0";"0";"1";"5";""
"202100047872";"116Â 182";"D01";"2";"1";"0";"2";"0";"1";"5";""
"202100047872";"116Â 183";"E01";"2";"1";"0";"2";"0";"1";"5";""
"202100047872";"116Â 184";"F01";"2";"1";"0";"2";"0";"1";"5";""
"202100047872";"116Â 185";"G01";"2";"1";"0";"2";"0";"1";"5";""
"202100047872";"116Â 186";"H01";"2";"1";"0";"2";"1";"1";"5";""
"202100047872";"116Â 187";"I01";"2";"1";"0";"2";"1";"0";"5";""
"202100047872";"116Â 188";"J01";"2";"1";"0";"2";"1";"0";"5";""
"202100047872";"116Â 189";"N01";"2";"1";"0";"9";"0";"1";"5";""
"202100047873";"116Â 169";"B01";"2";"7";"1";"0";"1";"2";"1";""
"202100047874";"116Â 167";"B01";"2";"7";"0";"2";"2";"0";"1";""
"202100047874";"116Â 168";"A01";"1";"7";"0";"2";"2";"13";"1";""
"202100047875";"116Â 166";"A01";"1";"33";"0";"0";"8";"1";"1";""
"202100047876";"116Â 164";"A01";"2";"7";"3";"2";"2";"17";"1";""
"202100047876";"116Â 165";"B01";"1";"7";"0";"2";"2";"1";"1";""
"202100047877";"116Â 162";"A01";"1";"2";"0";"2";"3";"1";"1";""
"202100047877";"116Â 163";"B01";"2";"7";"0";"2";"2";"15";"1";""
"202100047878";"116Â 161";"A01";"2";"7";"2";"0";"1";"14";"1";""
"202100047879";"116Â 160";"A01";"2";"33";"8";"0";"1";"1";"1";""
"202100047880";"116Â 158";"B01";"2";"7";"7";"2";"3";"2";"1";""
"202100047880";"116Â 159";"A01";"1";"7";"7";"2";"2";"2";"1";""
"202100047881";"116Â 156";"A01";"3";"2";"0";"2";"1";"13";"1";""
"202100047881";"116Â 157";"B01";"3";"7";"0";"2";"3";"1";"1";""
"202100047882";"116Â 154";"B01";"2";"34";"0";"0";"2";"2";"1";""
"202100047882";"116Â 155";"A01";"0";"7";"0";"2";"1";"9";"1";""
"202100047883";"116Â 149";"A01";"2";"7";"0";"2";"1";"13";"1";""
"202100047883";"116Â 150";"B01";"1";"7";"0";"2";"1";"1";"1";""
"202100047884";"116Â 147";"A01";"2";"10";"0";"2";"4";"1";"1";""
"202100047884";"116Â 148";"B01";"2";"7";"0";"2";"1";"2";"1";""
"202100047885";"116Â 146";"A01";"2";"31";"14";"0";"3";"1";"1";""
"202100047886";"116Â 143";"A01";"1";"43";"0";"0";"0";"26";"1";""
"202100047886";"116Â 144";"B01";"1";"7";"0";"0";"0";"0";"1";""
"202100047886";"116Â 145";"C01";"1";"7";"0";"0";"0";"0";"1";""
"202100047887";"116Â 142";"A01";"1";"7";"4";"0";"1";"14";"1";""
"202100047888";"116Â 140";"A01";"1";"7";"0";"2";"8";"11";"1";""
"202100047888";"116Â 141";"B01";"1";"15";"0";"2";"2";"1";"1";""
"202100047889";"116Â 137";"C01";"2";"10";"0";"2";"1";"2";"1";""
"202100047889";"116Â 138";"A01";"2";"34";"0";"2";"1";"2";"1";""
"202100047889";"116Â 139";"B01";"2";"7";"0";"2";"4";"2";"1";""
"202100047890";"116Â 135";"A01";"1";"7";"0";"2";"1";"1";"1";""
"202100047890";"116Â 136";"B01";"1";"7";"0";"2";"4";"2";"1";""
"202100047891";"116Â 134";"A01";"2";"7";"3";"0";"1";"13";"1";""
"202100047892";"116Â 132";"A01";"1";"7";"0";"2";"2";"17";"1";""
"202100047892";"116Â 133";"B01";"1";"7";"0";"2";"3";"26";"1";""
"202100047893";"116Â 128";"D01";"2";"7";"0";"2";"3";"2";"1";""
"202100047893";"116Â 129";"C01";"2";"33";"0";"2";"1";"2";"1";""
"202100047893";"116Â 130";"B01";"2";"7";"0";"2";"6";"13";"2";""
"202100047893";"116Â 131";"A01";"2";"14";"0";"2";"2";"2";"1";""
"202100047894";"116Â 125";"A01";"2";"31";"0";"1";"7";"1";"1";""
"202100047895";"116Â 124";"A01";"2";"30";"0";"1";"1";"1";"1";""
"202100047896";"116Â 122";"A01";"3";"7";"0";"2";"5";"1";"1";""
"202100047896";"116Â 123";"B01";"3";"7";"0";"2";"1";"1";"1";""
"202100047897";"116Â 120";"A01";"1";"2";"0";"2";"1";"2";"1";""
"202100047897";"116Â 121";"B01";"1";"7";"0";"2";"4";"15";"1";""
"202100047898";"116Â 118";"B01";"1";"7";"0";"2";"7";"16";"1";""
"202100047898";"116Â 119";"A01";"1";"2";"0";"2";"1";"9";"1";""
"202100047899";"116Â 115";"A01";"2";"7";"1";"0";"1";"1";"1";""
"202100047899";"116Â 116";"B01";"1";"7";"1";"2";"4";"0";"1";""
"202100047899";"116Â 117";"C01";"2";"7";"0";"2";"0";"0";"1";""
"202100047900";"116Â 113";"A01";"2";"13";"0";"2";"1";"1";"1";""
"202100047900";"116Â 114";"B01";"2";"7";"0";"2";"3";"16";"1";""
"202100047901";"116Â 112";"A01";"2";"7";"8";"0";"1";"1";"1";""
"202100047902";"116Â 111";"A01";"2";"7";"8";"0";"3";"17";"1";""
"202100047903";"116Â 110";"A01";"2";"7";"4";"0";"1";"13";"1";""
"202100047904";"116Â 108";"B01";"1";"7";"0";"2";"3";"1";"1";""
"202100047904";"116Â 109";"A01";"2";"7";"0";"2";"6";"19";"0";""
"202100047905";"116Â 106";"A01";"1";"7";"0";"2";"3";"9";"1";""
"202100047905";"116Â 107";"B01";"2";"33";"0";"2";"7";"2";"1";""
"202100047906";"116Â 105";"A01";"2";"2";"0";"0";"0";"0";"1";""
"202100047907";"116Â 103";"B01";"1";"7";"0";"2";"1";"1";"1";""
"202100047907";"116Â 104";"A01";"1";"7";"0";"2";"4";"9";"1";""
"202100047908";"116Â 101";"Z01";"2";"7";"0";"2";"4";"23";"0";""
"202100047908";"116Â 102";"A01";"2";"7";"0";"2";"1";"1";"1";""
"202100047909";"116Â 098";"C01";"2";"7";"0";"9";"3";"23";"1";""
"202100047909";"116Â 099";"A01";"2";"7";"0";"2";"3";"15";"1";""
"202100047909";"116Â 100";"B01";"1";"34";"14";"2";"1";"1";"1";""
"202100047910";"116Â 097";"A01";"3";"7";"0";"1";"2";"1";"1";""
"202100047911";"116Â 096";"A01";"0";"7";"0";"1";"4";"4";"1";""
"202100047912";"116Â 095";"A01";"2";"7";"0";"1";"1";"15";"1";""
"202100047913";"116Â 093";"A01";"1";"7";"0";"2";"2";"17";"1";""
"202100047913";"116Â 094";"B01";"1";"15";"0";"2";"3";"1";"1";""
"202100047914";"116Â 087";"A01";"2";"7";"0";"2";"1";"2";"1";""
"202100047914";"116Â 088";"B01";"2";"7";"0";"2";"4";"2";"1";""
"202100047914";"116Â 089";"C01";"2";"7";"0";"2";"4";"2";"1";""
"202100047914";"116Â 090";"D01";"2";"7";"0";"2";"4";"2";"1";""
"202100047914";"116Â 091";"E01";"2";"7";"0";"2";"4";"2";"1";""
"202100047915";"116Â 085";"A01";"1";"17";"0";"2";"7";"0";"1";""
"202100047915";"116Â 086";"B01";"1";"7";"0";"2";"8";"0";"1";""
"202100047916";"116Â 083";"A01";"3";"7";"0";"2";"1";"9";"1";""
"202100047916";"116Â 084";"B01";"3";"7";"0";"2";"8";"1";"1";""
"202100047917";"116Â 081";"A01";"2";"7";"0";"2";"1";"19";"1";""
"202100047917";"116Â 082";"B01";"1";"7";"0";"2";"8";"1";"1";""
"202100047918";"116Â 080";"A01";"2";"7";"0";"1";"1";"1";"1";""
"202100047919";"116Â 079";"A01";"2";"7";"6";"0";"2";"14";"1";""
"202100047920";"116Â 078";"A01";"1";"7";"8";"0";"1";"13";"2";""
"202100047921";"116Â 076";"A01";"2";"7";"0";"2";"1";"1";"1";""
"202100047921";"116Â 077";"B01";"2";"30";"0";"0";"4";"23";"1";""
"202100047922";"116Â 075";"A01";"2";"7";"0";"1";"8";"1";"1";""
"202100047923";"116Â 073";"A01";"1";"7";"0";"2";"1";"26";"1";""
"202100047923";"116Â 074";"B01";"1";"37";"0";"2";"4";"2";"1";"1"
"202100047924";"116Â 072";"A01";"3";"33";"13";"0";"1";"1";"1";""
"202100047925";"116Â 070";"B01";"2";"7";"0";"2";"6";"1";"1";""
"202100047925";"116Â 071";"A01";"2";"33";"0";"2";"1";"2";"1";""
"202100047926";"116Â 069";"A01";"3";"7";"13";"0";"3";"1";"1";""
"202100047927";"116Â 067";"A01";"1";"7";"0";"2";"4";"2";"1";""
"202100047927";"116Â 068";"B01";"1";"7";"0";"2";"1";"2";"1";""
"202100047928";"116Â 065";"A01";"1";"7";"0";"2";"6";"10";"1";""
"202100047928";"116Â 066";"B01";"2";"7";"0";"2";"1";"1";"1";""
"202100047929";"116Â 063";"B01";"2";"7";"0";"2";"3";"1";"1";""
"202100047929";"116Â 064";"A01";"1";"14";"13";"2";"3";"1";"1";""
"202100047930";"116Â 061";"B01";"2";"1";"0";"2";"1";"1";"5";""
"202100047930";"116Â 062";"A01";"2";"7";"0";"9";"3";"15";"1";""
"202100047931";"116Â 060";"A01";"2";"7";"0";"1";"2";"1";"1";""
"202100047932";"116Â 059";"A01";"0";"7";"2";"0";"1";"1";"1";""
"202100047933";"116Â 058";"A01";"1";"7";"3";"0";"8";"1";"1";""
"202100047934";"116Â 056";"B01";"2";"7";"0";"2";"6";"1";"1";""
"202100047934";"116Â 057";"A01";"2";"7";"0";"2";"1";"2";"1";""
"202100047935";"116Â 054";"A01";"1";"7";"0";"2";"1";"17";"1";""
"202100047935";"116Â 055";"B01";"2";"7";"0";"2";"1";"1";"1";""
"202100047936";"116Â 052";"A01";"2";"7";"9";"2";"1";"1";"1";""
"202100047936";"116Â 053";"B01";"2";"7";"9";"2";"1";"1";"1";""
"202100047937";"116Â 051";"A01";"1";"7";"0";"1";"1";"1";"1";""
"202100047938";"116Â 049";"B01";"2";"7";"0";"2";"8";"0";"2";""
"202100047938";"116Â 050";"A01";"1";"7";"0";"2";"1";"13";"1";""
"202100047939";"116Â 047";"B01";"3";"31";"0";"2";"1";"2";"1";""
"202100047939";"116Â 048";"A01";"3";"7";"0";"2";"1";"10";"1";""
"202100047940";"116Â 046";"A01";"1";"33";"4";"0";"1";"1";"1";""
"202100047941";"116Â 044";"A01";"0";"31";"0";"2";"1";"2";"1";""
"202100047941";"116Â 045";"B01";"0";"7";"0";"2";"4";"2";"1";""
"202100047942";"116Â 042";"B01";"1";"80";"0";"2";"7";"1";"3";""
"202100047942";"116Â 043";"A01";"1";"7";"0";"2";"6";"9";"1";""
"202100047943";"116Â 041";"A01";"1";"2";"0";"0";"7";"1";"1";""
"202100047944";"116Â 038";"B01";"2";"10";"0";"2";"2";"2";"3";""
"202100047944";"116Â 039";"A01";"2";"7";"0";"2";"6";"21";"1";""
"202100047945";"116Â 036";"A01";"1";"7";"0";"2";"1";"26";"1";""
"202100047945";"116Â 037";"B01";"1";"2";"0";"2";"4";"1";"1";""
"202100047946";"116Â 034";"B01";"3";"7";"0";"2";"3";"15";"1";""
"202100047946";"116Â 035";"A01";"3";"32";"0";"2";"1";"3";"1";""
"202100047947";"116Â 032";"B01";"3";"32";"0";"2";"2";"3";"1";""
"202100047947";"116Â 033";"A01";"3";"7";"0";"2";"3";"15";"1";""
"202100047948";"116Â 030";"A01";"3";"10";"0";"2";"1";"26";"1";""
"202100047948";"116Â 031";"B01";"3";"7";"0";"2";"4";"26";"1";""
"202100047949";"116Â 029";"A01";"1";"7";"8";"0";"2";"1";"1";""
"202100047950";"116Â 027";"A01";"2";"31";"0";"2";"1";"1";"1";""
"202100047950";"116Â 028";"B01";"2";"7";"0";"0";"8";"15";"1";""
"202100047951";"116Â 025";"A01";"0";"7";"0";"2";"8";"15";"1";""
"202100047951";"116Â 026";"B01";"0";"2";"0";"2";"1";"1";"1";""
"202100047952";"116Â 023";"A01";"1";"31";"0";"2";"2";"3";"1";""
"202100047952";"116Â 024";"B01";"1";"7";"0";"2";"6";"11";"1";""
"202100047953";"116Â 022";"A01";"2";"31";"1";"0";"2";"14";"1";""
"202100047954";"116Â 021";"A01";"1";"7";"0";"1";"2";"1";"1";""
"202100047955";"116Â 019";"B01";"1";"7";"0";"2";"3";"22";"1";""
"202100047955";"116Â 020";"A01";"1";"50";"0";"2";"1";"1";"3";""
"202100047956";"116Â 017";"A01";"2";"33";"0";"2";"3";"1";"1";""
"202100047956";"116Â 018";"B01";"3";"7";"0";"2";"2";"1";"1";""
"202100047957";"116Â 015";"A01";"2";"1";"0";"2";"1";"5";"5";""
"202100047957";"116Â 016";"B01";"1";"7";"0";"2";"3";"1";"1";""
"202100047958";"116Â 014";"A01";"1";"7";"0";"1";"1";"1";"1";""
"202100047959";"116Â 012";"A01";"1";"1";"0";"2";"5";"1";"5";""
"202100047959";"116Â 013";"B01";"1";"7";"0";"2";"1";"1";"1";""
"202100047960";"116Â 010";"B01";"2";"37";"0";"2";"2";"1";"1";"1"
"202100047960";"116Â 011";"A01";"1";"33";"0";"2";"1";"13";"1";""
"202100047961";"116Â 008";"A01";"3";"37";"0";"2";"6";"16";"2";"1"
"202100047961";"116Â 009";"B01";"3";"37";"1";"0";"5";"24";"1";"2"
"202100047962";"116Â 007";"A01";"0";"7";"0";"1";"2";"1";"1";""
"202100047963";"116Â 006";"A01";"3";"7";"0";"1";"7";"1";"1";""
"202100047964";"116Â 005";"A01";"1";"7";"0";"1";"3";"1";"1";""
"202100047965";"116Â 003";"A01";"1";"7";"0";"9";"6";"23";"1";""
"202100047965";"116Â 004";"B01";"1";"33";"14";"0";"2";"17";"0";""
"202100047966";"116Â 001";"A01";"1";"7";"0";"2";"2";"17";"1";""
"202100047966";"116Â 002";"B01";"1";"7";"0";"2";"4";"15";"1";""
"202100047967";"116Â 000";"A01";"3";"33";"1";"0";"1";"26";"1";""
"202100047968";"115Â 998";"A01";"2";"7";"0";"2";"2";"15";"1";""
"202100047968";"115Â 999";"B01";"1";"2";"0";"2";"1";"1";"1";""
"202100047969";"115Â 996";"B01";"1";"30";"0";"2";"7";"16";"1";""
"202100047969";"115Â 997";"A01";"1";"7";"0";"2";"3";"16";"1";""
"202100047970";"115Â 993";"C01";"2";"7";"0";"2";"4";"23";"1";""
"202100047970";"115Â 994";"B01";"2";"7";"1";"2";"1";"23";"1";""
"202100047970";"115Â 995";"A01";"2";"10";"0";"2";"1";"2";"1";""
"202100047971";"115Â 992";"A01";"3";"7";"1";"0";"2";"26";"1";""
"202100047972";"115Â 990";"B01";"1";"37";"0";"2";"4";"1";"1";"2"
"202100047972";"115Â 991";"A01";"1";"14";"0";"2";"1";"2";"1";""
"202100047973";"115Â 988";"A01";"2";"7";"0";"2";"3";"2";"1";""
"202100047973";"115Â 989";"B01";"2";"33";"0";"2";"2";"2";"1";""
"202100047974";"115Â 987";"A01";"1";"7";"1";"0";"3";"1";"1";""
"202100047975";"115Â 986";"B01";"1";"1";"0";"2";"1";"1";"0";""
"202100047976";"115Â 985";"A01";"2";"43";"0";"0";"0";"1";"1";""
"202100047977";"115Â 983";"B01";"2";"10";"4";"2";"1";"2";"1";""
"202100047977";"115Â 984";"A01";"2";"7";"4";"0";"5";"2";"1";""
"202100047978";"115Â 981";"A01";"2";"7";"6";"2";"2";"17";"1";""
"202100047978";"115Â 982";"B01";"2";"7";"0";"2";"3";"1";"1";""
"202100047979";"115Â 979";"A01";"1";"7";"0";"9";"3";"1";"1";""
"202100047979";"115Â 980";"B01";"2";"1";"0";"2";"7";"1";"5";""
"202100047980";"115Â 977";"A01";"3";"1";"15";"2";"1";"1";"6";""
"202100047980";"115Â 978";"B01";"3";"7";"0";"9";"1";"1";"1";""
"202100047981";"115Â 975";"B01";"1";"33";"0";"2";"1";"2";"1";""
"202100047981";"115Â 976";"A01";"1";"10";"0";"2";"6";"10";"1";""
"202100047982";"115Â 974";"A01";"1";"7";"0";"9";"2";"0";"1";""
"202100047983";"115Â 973";"A01";"2";"33";"0";"0";"1";"13";"1";""
"202100047984";"115Â 971";"A01";"1";"7";"9";"2";"3";"1";"1";""
"202100047984";"115Â 972";"B01";"2";"7";"0";"2";"2";"15";"1";""
"202100047985";"115Â 968";"A01";"1";"33";"0";"2";"1";"0";"1";""
"202100047985";"115Â 969";"B01";"2";"7";"6";"2";"3";"1";"1";""
"202100047986";"115Â 966";"B01";"2";"10";"0";"2";"1";"1";"1";""
"202100047986";"115Â 967";"A01";"1";"7";"0";"2";"1";"13";"1";""
"202100047987";"115Â 963";"A01";"3";"1";"0";"2";"8";"18";"5";""
"202100047987";"115Â 964";"C01";"3";"7";"0";"2";"3";"1";"1";""
"202100047987";"115Â 965";"B01";"3";"7";"0";"2";"2";"15";"1";""
"202100047988";"115Â 962";"A01";"2";"7";"6";"0";"0";"13";"1";""
"202100047989";"115Â 960";"A01";"2";"7";"0";"2";"7";"19";"1";""
"202100047989";"115Â 961";"B01";"2";"7";"0";"2";"1";"1";"1";""
"202100047990";"115Â 958";"A01";"1";"14";"0";"2";"2";"1";"1";""
"202100047990";"115Â 959";"B01";"1";"1";"0";"2";"8";"19";"5";""
"202100047991";"115Â 956";"A01";"1";"7";"17";"0";"2";"14";"1";""
"202100047992";"115Â 955";"A01";"2";"33";"4";"0";"8";"13";"1";""
"202100047993";"115Â 954";"A01";"2";"33";"0";"0";"0";"0";"1";""
"202100047994";"115Â 952";"B01";"0";"1";"0";"2";"8";"16";"0";""
"202100047994";"115Â 953";"A01";"0";"7";"0";"2";"8";"1";"1";""
"202100047995";"115Â 950";"A01";"1";"7";"0";"2";"3";"13";"1";""
"202100047995";"115Â 951";"B01";"2";"7";"0";"2";"3";"1";"1";""