"Num_Acc";"id_vehicule";"num_veh";"senc";"catv";"obs";"obsm";"choc";"manv";"motor";"occutc"
"202100047996";"115Â 948";"A01";"2";"2";"1";"0";"2";"2";"1";""
"202100047996";"115Â 949";"B01";"2";"7";"0";"0";"6";"24";"1";""
"202100047997";"115Â 946";"B01";"2";"7";"0";"2";"1";"1";"1";""
"202100047997";"115Â 947";"A01";"0";"7";"0";"2";"8";"19";"1";""
"202100047998";"115Â 939";"A01";"3";"7";"2";"0";"0";"1";"1";""
"202100047999";"115Â 938";"A01";"1";"7";"0";"1";"2";"15";"1";""
"202100048000";"115Â 937";"A01";"2";"7";"3";"0";"1";"13";"1";""
"202100048001";"115Â 936";"A01";"2";"7";"15";"0";"1";"21";"1";""
"202100048002";"115Â 935";"A01";"1";"7";"6";"0";"6";"1";"1";""
"202100048003";"115Â 933";"A01";"2";"7";"0";"2";"1";"2";"1";""
"202100048003";"115Â 934";"B01";"2";"7";"0";"2";"4";"2";"1";""
"202100048004";"115Â 932";"A01";"1";"7";"10";"0";"1";"14";"1";""
"202100048005";"115Â 931";"A01";"1";"33";"0";"0";"7";"1";"1";""
"202100048006";"115Â 930";"A01";"1";"7";"4";"0";"3";"1";"1";""
"202100048007";"115Â 928";"B01";"1";"33";"0";"2";"3";"1";"1";""
"202100048007";"115Â 929";"A01";"1";"10";"0";"2";"2";"12";"1";""
"202100048008";"115Â 927";"A01";"2";"7";"3";"0";"1";"1";"1";""
"202100048009";"115Â 925";"A01";"1";"7";"0";"2";"1";"2";"1";""
"202100048009";"115Â 926";"B01";"1";"43";"3";"2";"4";"2";"1";""
"202100048010";"115Â 923";"A01";"1";"7";"0";"2";"1";"14";"1";""
"202100048010";"115Â 924";"B01";"1";"7";"0";"2";"4";"1";"1";""
"202100048011";"115Â 922";"A01";"2";"7";"3";"0";"9";"0";"1";""
"202100048012";"115Â 921";"A01";"1";"7";"17";"0";"1";"13";"1";""
"202100048013";"115Â 919";"A01";"1";"7";"0";"2";"3";"9";"1";""
"202100048013";"115Â 920";"B01";"1";"33";"0";"2";"2";"1";"1";""
"202100048014";"115Â 918";"A01";"2";"40";"0";"1";"2";"1";"3";""
"202100048015";"115Â 917";"A01";"1";"32";"0";"1";"1";"2";"1";""
"202100048016";"115Â 915";"A01";"2";"7";"0";"2";"1";"2";"1";""
"202100048016";"115Â 916";"B01";"2";"7";"0";"2";"4";"2";"1";""
"202100048017";"115Â 913";"B01";"1";"30";"0";"2";"1";"1";"1";""
"202100048017";"115Â 914";"A01";"2";"7";"0";"2";"7";"15";"1";""
"202100048018";"115Â 911";"A01";"3";"1";"1";"0";"5";"1";"5";""
"202100048018";"115Â 912";"B01";"3";"7";"1";"2";"5";"24";"1";""
"202100048019";"115Â 910";"A01";"1";"7";"0";"1";"7";"16";"1";""
"202100048020";"115Â 909";"A01";"1";"7";"0";"1";"1";"1";"1";""
"202100048021";"115Â 908";"A01";"2";"30";"16";"0";"1";"26";"0";""
"202100048022";"115Â 907";"A01";"3";"31";"0";"1";"1";"1";"1";""
"202100048023";"115Â 904";"A01";"0";"7";"1";"0";"1";"23";"2";""
"202100048023";"115Â 905";"C01";"0";"7";"0";"0";"4";"24";"1";""
"202100048023";"115Â 906";"B01";"0";"7";"1";"0";"4";"23";"1";""
"202100048024";"115Â 900";"B01";"1";"1";"0";"2";"8";"1";"5";""
"202100048024";"115Â 901";"A01";"1";"10";"0";"2";"1";"1";"1";""
"202100048025";"115Â 898";"B01";"1";"33";"0";"2";"3";"1";"1";""
"202100048025";"115Â 899";"A01";"2";"7";"0";"2";"3";"15";"1";""
"202100048026";"115Â 896";"A01";"0";"7";"0";"2";"3";"20";"1";""
"202100048026";"115Â 897";"B01";"0";"7";"0";"2";"5";"20";"0";""
"202100048027";"115Â 895";"A01";"3";"7";"0";"1";"0";"9";"1";""
"202100048028";"115Â 893";"A01";"1";"7";"0";"2";"3";"1";"1";""
"202100048028";"115Â 894";"B01";"1";"7";"0";"2";"6";"15";"1";""
"202100048029";"115Â 890";"A01";"2";"7";"0";"2";"2";"19";"1";""
"202100048029";"115Â 891";"B01";"1";"1";"0";"2";"1";"1";"5";""
"202100048029";"115Â 892";"C01";"1";"1";"0";"2";"1";"1";"5";""
"202100048030";"115Â 889";"A01";"1";"7";"4";"0";"1";"14";"1";""
"202100048031";"115Â 888";"A01";"2";"32";"8";"0";"1";"25";"1";""
"202100048032";"115Â 886";"A01";"1";"30";"0";"2";"3";"11";"1";""
"202100048032";"115Â 887";"B01";"1";"7";"0";"2";"2";"1";"1";""
"202100048033";"115Â 884";"A01";"1";"7";"0";"2";"2";"1";"1";""
"202100048033";"115Â 885";"B01";"1";"50";"0";"2";"3";"1";"3";""
"202100048034";"115Â 882";"B01";"3";"32";"0";"2";"3";"1";"1";""
"202100048034";"115Â 883";"A01";"3";"10";"0";"2";"5";"16";"1";""
"202100048035";"115Â 880";"A01";"2";"30";"0";"2";"2";"1";"1";""
"202100048035";"115Â 881";"B01";"2";"33";"0";"2";"8";"1";"1";""
"202100048036";"115Â 878";"B01";"2";"7";"0";"2";"2";"16";"1";""
"202100048036";"115Â 879";"A01";"2";"32";"0";"2";"3";"18";"1";""
"202100048037";"115Â 876";"B01";"2";"30";"0";"2";"8";"17";"3";""
"202100048037";"115Â 877";"A01";"1";"7";"0";"2";"8";"22";"1";""
"202100048038";"115Â 874";"Z01";"1";"1";"0";"2";"0";"13";"5";""
"202100048038";"115Â 875";"A01";"1";"50";"1";"2";"1";"21";"3";""
"202100048039";"115Â 873";"A01";"2";"30";"1";"0";"7";"14";"1";""
"202100048040";"115Â 871";"Z01";"3";"30";"0";"2";"0";"1";"0";""
"202100048040";"115Â 872";"A01";"1";"30";"0";"2";"7";"1";"1";""
"202100048041";"115Â 870";"A01";"1";"43";"1";"0";"7";"21";"1";""
"202100048042";"115Â 868";"B01";"2";"7";"0";"2";"5";"23";"1";""
"202100048042";"115Â 869";"A01";"2";"31";"0";"2";"1";"2";"1";""
"202100048043";"115Â 867";"A01";"1";"30";"0";"0";"0";"1";"1";""
"202100048044";"115Â 865";"Z01";"1";"7";"0";"2";"0";"0";"1";""
"202100048044";"115Â 866";"A01";"1";"7";"11";"0";"4";"26";"1";""
"202100048045";"115Â 864";"V01";"0";"1";"0";"1";"1";"1";"5";""
"202100048046";"115Â 863";"A01";"2";"10";"8";"0";"1";"26";"0";""
"202100048047";"115Â 861";"B01";"0";"7";"0";"2";"2";"12";"2";""
"202100048047";"115Â 862";"A01";"0";"99";"0";"2";"3";"26";"1";""
"202100048048";"115Â 859";"B01";"1";"7";"1";"2";"8";"20";"1";""
"202100048048";"115Â 860";"A01";"1";"7";"1";"2";"1";"1";"1";""
"202100048049";"115Â 857";"B01";"2";"7";"7";"0";"4";"2";"1";""
"202100048049";"115Â 858";"A01";"2";"7";"7";"2";"1";"2";"1";""
"202100048050";"115Â 855";"B01";"3";"7";"0";"9";"4";"1";"0";""
"202100048050";"115Â 856";"A01";"0";"32";"0";"2";"1";"2";"1";""
"202100048051";"115Â 853";"B01";"1";"7";"0";"2";"3";"15";"1";""
"202100048051";"115Â 854";"A01";"1";"7";"6";"1";"1";"1";"1";""
"202100048052";"115Â 851";"A01";"1";"7";"0";"2";"1";"13";"1";""
"202100048052";"115Â 852";"B01";"2";"37";"0";"2";"1";"1";"1";"4"
"202100048053";"115Â 849";"A01";"1";"33";"0";"2";"6";"26";"1";""
"202100048053";"115Â 850";"B01";"1";"7";"0";"2";"2";"12";"1";""
"202100048054";"115Â 847";"B01";"2";"7";"0";"2";"2";"1";"2";""
"202100048054";"115Â 848";"A01";"1";"7";"13";"2";"1";"1";"1";""
"202100048055";"115Â 846";"A01";"2";"7";"4";"0";"8";"2";"2";""
"202100048056";"115Â 843";"A01";"1";"7";"0";"2";"2";"15";"1";""
"202100048056";"115Â 844";"B01";"2";"7";"0";"2";"1";"1";"1";""
"202100048056";"115Â 845";"C01";"1";"7";"0";"2";"3";"1";"1";""
"202100048057";"115Â 841";"B01";"1";"15";"0";"0";"8";"1";"1";""
"202100048057";"115Â 842";"A01";"1";"7";"4";"2";"8";"1";"1";""
"202100048058";"115Â 840";"A01";"2";"7";"13";"0";"3";"0";"1";""
"202100048059";"115Â 839";"A01";"1";"10";"13";"0";"9";"1";"1";""
"202100048060";"115Â 836";"A01";"2";"7";"0";"0";"4";"23";"1";""
"202100048060";"115Â 837";"B01";"2";"7";"0";"2";"4";"23";"1";""
"202100048060";"115Â 838";"C01";"2";"33";"1";"0";"1";"2";"1";""
"202100048061";"115Â 835";"A01";"2";"7";"13";"0";"1";"0";"1";""
"202100048062";"115Â 833";"A01";"1";"7";"0";"2";"5";"5";"1";""
"202100048062";"115Â 834";"B01";"2";"14";"0";"2";"1";"1";"1";""
"202100048063";"115Â 831";"A01";"2";"7";"0";"2";"3";"13";"1";""
"202100048063";"115Â 832";"B01";"2";"10";"0";"2";"3";"1";"1";""
"202100048064";"115Â 830";"A01";"1";"10";"0";"1";"3";"15";"1";""
"202100048065";"115Â 829";"A01";"2";"36";"0";"0";"0";"1";"1";""
"202100048066";"115Â 828";"A01";"1";"7";"6";"0";"1";"1";"1";""
"202100048067";"115Â 827";"A01";"2";"7";"13";"0";"2";"19";"1";""
"202100048068";"115Â 825";"A01";"1";"7";"0";"0";"0";"17";"1";""
"202100048068";"115Â 826";"B01";"1";"33";"0";"0";"0";"17";"1";""
"202100048069";"115Â 823";"A01";"1";"7";"0";"2";"3";"13";"1";""
"202100048069";"115Â 824";"B01";"2";"7";"0";"2";"3";"1";"1";""
"202100048070";"115Â 822";"A01";"2";"7";"6";"0";"3";"0";"1";""
"202100048071";"115Â 821";"A01";"1";"33";"2";"0";"2";"2";"1";""
"202100048072";"115Â 818";"A01";"2";"33";"13";"0";"9";"17";"1";""
"202100048073";"115Â 817";"A01";"1";"7";"6";"0";"2";"1";"1";""
"202100048074";"115Â 816";"A01";"1";"7";"0";"0";"0";"1";"0";""
"202100048075";"115Â 813";"A01";"1";"7";"0";"2";"7";"15";"1";""
"202100048075";"115Â 814";"C01";"1";"7";"0";"2";"1";"1";"1";""
"202100048075";"115Â 815";"B01";"2";"2";"0";"2";"1";"1";"1";""
"202100048076";"115Â 811";"B01";"0";"1";"0";"0";"4";"1";"5";""
"202100048076";"115Â 812";"A01";"0";"7";"0";"2";"1";"1";"1";""
"202100048077";"115Â 810";"A01";"1";"7";"13";"0";"2";"1";"1";""
"202100048078";"115Â 808";"A01";"3";"32";"0";"2";"1";"13";"1";""
"202100048078";"115Â 809";"B01";"3";"7";"0";"2";"2";"1";"1";""
"202100048079";"115Â 807";"A01";"2";"7";"16";"0";"1";"2";"1";""
"202100048080";"115Â 806";"A01";"2";"7";"13";"0";"0";"1";"1";""
"202100048081";"115Â 804";"B01";"1";"7";"0";"0";"4";"2";"1";""
"202100048081";"115Â 805";"A01";"1";"7";"0";"2";"1";"2";"1";""
"202100048082";"115Â 802";"B01";"2";"7";"0";"2";"3";"1";"1";""
"202100048082";"115Â 803";"A01";"1";"34";"0";"2";"0";"13";"0";""
"202100048083";"115Â 801";"A01";"2";"7";"0";"1";"2";"1";"1";""
"202100048084";"115Â 800";"A01";"2";"7";"15";"0";"1";"1";"1";""
"202100048085";"115Â 798";"A01";"2";"32";"0";"2";"1";"1";"1";""
"202100048085";"115Â 799";"B01";"2";"30";"0";"2";"4";"1";"1";""
"202100048086";"115Â 796";"A01";"1";"7";"0";"2";"4";"26";"1";""
"202100048086";"115Â 797";"B01";"1";"7";"0";"2";"1";"2";"1";""
"202100048087";"115Â 795";"A01";"1";"33";"0";"0";"0";"13";"1";""
"202100048088";"115Â 793";"B01";"3";"1";"0";"0";"4";"19";"5";""
"202100048088";"115Â 794";"A01";"2";"7";"0";"2";"2";"1";"1";""
"202100048089";"115Â 792";"A01";"2";"17";"1";"0";"2";"2";"1";""
"202100048090";"115Â 791";"A01";"0";"20";"0";"1";"2";"16";"1";""
"202100048091";"115Â 790";"A01";"1";"33";"15";"0";"7";"1";"1";""
"202100048092";"115Â 789";"A01";"2";"7";"13";"0";"1";"1";"1";""
"202100048093";"115Â 787";"B01";"2";"14";"6";"2";"2";"13";"1";""
"202100048093";"115Â 788";"A01";"1";"7";"0";"2";"7";"13";"1";""
"202100048094";"115Â 785";"B01";"1";"7";"0";"2";"1";"1";"1";""
"202100048094";"115Â 786";"A01";"1";"7";"0";"0";"8";"15";"1";""
"202100048095";"115Â 784";"A01";"1";"7";"2";"0";"1";"0";"1";""
"202100048096";"115Â 782";"A01";"1";"7";"0";"2";"2";"1";"1";""
"202100048096";"115Â 783";"B01";"1";"7";"0";"0";"3";"19";"1";""
"202100048097";"115Â 781";"A01";"1";"10";"0";"1";"3";"1";"1";""
"202100048098";"115Â 779";"A01";"1";"7";"0";"2";"1";"19";"1";""
"202100048098";"115Â 780";"B01";"2";"17";"0";"2";"1";"2";"1";""
"202100048099";"115Â 776";"C01";"2";"7";"3";"2";"1";"5";"1";""
"202100048099";"115Â 777";"B01";"2";"7";"3";"2";"2";"3";"1";""
"202100048099";"115Â 778";"A01";"2";"7";"3";"2";"8";"2";"1";""
"202100048100";"115Â 773";"B01";"1";"7";"0";"2";"5";"1";"1";""
"202100048100";"115Â 774";"A01";"1";"7";"0";"2";"4";"1";"2";""
"202100048100";"115Â 775";"C01";"1";"7";"0";"2";"3";"21";"2";""
"202100048101";"115Â 772";"A01";"1";"7";"4";"0";"2";"14";"1";""
"202100048102";"115Â 770";"B01";"2";"10";"0";"2";"1";"2";"1";""
"202100048102";"115Â 771";"A01";"2";"10";"0";"2";"4";"1";"1";""
"202100048103";"115Â 767";"A01";"1";"7";"0";"2";"4";"9";"1";""
"202100048103";"115Â 768";"B01";"1";"7";"0";"0";"4";"2";"1";""
"202100048103";"115Â 769";"C01";"1";"7";"1";"0";"1";"1";"1";""
"202100048104";"115Â 765";"B01";"2";"7";"0";"2";"3";"2";"1";""
"202100048104";"115Â 766";"A01";"2";"10";"0";"2";"5";"2";"1";""
"202100048105";"115Â 763";"A01";"2";"33";"0";"2";"1";"2";"1";""
"202100048105";"115Â 764";"B01";"2";"7";"0";"2";"5";"23";"1";""
"202100048106";"115Â 760";"A01";"2";"10";"0";"2";"1";"9";"1";""
"202100048106";"115Â 761";"B01";"2";"10";"0";"2";"4";"9";"1";""
"202100048106";"115Â 762";"C01";"2";"10";"0";"2";"4";"23";"1";""
"202100048107";"115Â 759";"A01";"2";"10";"0";"0";"2";"1";"1";""
"202100048108";"115Â 758";"A01";"1";"7";"3";"0";"6";"1";"1";""
"202100048109";"115Â 756";"B01";"2";"33";"0";"2";"1";"1";"1";""
"202100048109";"115Â 757";"A01";"2";"7";"0";"2";"6";"11";"1";""
"202100048110";"115Â 755";"A01";"2";"10";"4";"0";"3";"13";"1";""
"202100048111";"115Â 753";"A01";"2";"7";"0";"2";"1";"1";"1";""
"202100048111";"115Â 754";"B01";"2";"7";"0";"2";"4";"1";"1";""
"202100048112";"115Â 751";"A01";"1";"7";"0";"2";"4";"23";"1";""
"202100048112";"115Â 752";"B01";"1";"10";"1";"0";"1";"1";"1";""
"202100048113";"115Â 749";"B01";"1";"7";"0";"2";"4";"1";"1";""
"202100048113";"115Â 750";"A01";"1";"7";"0";"2";"1";"1";"1";""
"202100048114";"115Â 747";"A01";"1";"10";"0";"2";"1";"2";"1";""
"202100048114";"115Â 748";"B01";"1";"7";"0";"2";"4";"0";"1";""
"202100048115";"115Â 744";"C01";"2";"7";"1";"0";"7";"1";"0";""
"202100048115";"115Â 745";"B01";"2";"7";"0";"2";"6";"23";"1";""
"202100048115";"115Â 746";"A01";"2";"7";"3";"0";"1";"1";"1";""
"202100048116";"115Â 741";"C01";"1";"7";"0";"2";"1";"23";"1";""
"202100048116";"115Â 742";"B01";"1";"7";"0";"0";"1";"23";"1";""
"202100048116";"115Â 743";"A01";"1";"7";"0";"2";"4";"4";"1";""
"202100048117";"115Â 736";"E01";"2";"37";"0";"2";"2";"0";"1";"1"
"202100048117";"115Â 737";"D01";"2";"10";"0";"2";"8";"2";"1";""
"202100048117";"115Â 738";"C01";"2";"10";"0";"2";"3";"2";"1";""
"202100048117";"115Â 739";"B01";"2";"10";"0";"2";"3";"2";"1";""
"202100048117";"115Â 740";"A01";"2";"10";"0";"2";"1";"2";"1";""
"202100048118";"115Â 735";"A01";"1";"7";"0";"1";"7";"0";"1";""
"202100048119";"115Â 733";"A01";"1";"30";"0";"2";"1";"26";"1";""
"202100048119";"115Â 734";"B01";"1";"7";"0";"2";"3";"0";"1";""
"202100048120";"115Â 731";"B01";"0";"7";"0";"9";"2";"16";"1";""
"202100048120";"115Â 732";"A01";"1";"1";"0";"2";"1";"19";"5";""
"202100048121";"115Â 729";"A01";"3";"7";"0";"2";"3";"15";"1";""
"202100048121";"115Â 730";"B01";"3";"7";"0";"2";"3";"19";"1";""
"202100048122";"115Â 727";"B01";"2";"1";"0";"2";"3";"9";"5";""
"202100048122";"115Â 728";"A01";"2";"7";"0";"2";"2";"26";"1";""
"202100048123";"115Â 726";"A01";"2";"7";"0";"1";"1";"26";"1";""
"202100048124";"115Â 725";"A01";"2";"7";"0";"1";"2";"1";"1";""
"202100048125";"115Â 722";"C01";"2";"7";"0";"2";"4";"1";"1";""
"202100048125";"115Â 723";"B01";"2";"7";"0";"2";"9";"1";"1";""
"202100048125";"115Â 724";"A01";"2";"7";"0";"2";"1";"1";"1";""
"202100048126";"115Â 721";"A01";"0";"7";"0";"1";"1";"15";"1";""
"202100048127";"115Â 717";"A01";"1";"7";"0";"2";"3";"9";"1";""
"202100048127";"115Â 718";"B01";"2";"33";"0";"2";"7";"16";"1";""
"202100048128";"115Â 715";"A01";"1";"10";"0";"2";"1";"15";"1";""
"202100048128";"115Â 716";"B01";"2";"7";"0";"2";"7";"1";"1";""
"202100048129";"115Â 713";"A01";"2";"31";"0";"2";"1";"2";"0";""
"202100048129";"115Â 714";"B01";"2";"7";"0";"2";"4";"1";"0";""
"202100048130";"115Â 710";"A01";"2";"30";"0";"0";"8";"1";"1";""
"202100048131";"115Â 709";"A01";"1";"7";"11";"0";"1";"1";"1";""
"202100048132";"115Â 708";"A01";"3";"3";"12";"0";"9";"10";"1";""
"202100048133";"115Â 707";"A01";"2";"7";"2";"0";"7";"1";"1";""
"202100048134";"115Â 706";"A01";"2";"7";"8";"0";"9";"14";"1";""
"202100048135";"115Â 705";"A01";"3";"30";"0";"0";"0";"1";"1";""
"202100048136";"115Â 703";"B01";"2";"2";"0";"2";"1";"1";"1";""
"202100048136";"115Â 704";"A01";"1";"10";"0";"2";"2";"15";"1";""
"202100048137";"115Â 702";"A01";"1";"7";"0";"1";"1";"1";"1";""
"202100048138";"115Â 700";"A01";"1";"7";"13";"0";"1";"18";"1";""
"202100048139";"115Â 699";"A01";"2";"7";"8";"0";"8";"13";"1";""
"202100048140";"115Â 698";"A01";"1";"7";"2";"0";"1";"1";"1";""
"202100048141";"115Â 696";"A01";"1";"34";"0";"2";"2";"17";"1";""
"202100048141";"115Â 697";"B01";"1";"7";"0";"2";"3";"15";"1";""
"202100048142";"115Â 694";"A01";"0";"7";"0";"2";"1";"2";"1";""
"202100048142";"115Â 695";"B01";"0";"7";"0";"2";"4";"2";"1";""
"202100048143";"115Â 692";"B01";"0";"2";"0";"2";"0";"0";"1";""
"202100048143";"115Â 693";"A01";"0";"7";"0";"2";"3";"9";"1";""
"202100048144";"115Â 690";"A01";"1";"40";"0";"9";"3";"26";"3";""
"202100048144";"115Â 691";"B01";"1";"99";"0";"2";"7";"0";"3";""
"202100048145";"115Â 689";"A01";"1";"33";"0";"1";"1";"1";"1";""
"202100048146";"115Â 687";"A01";"3";"7";"0";"2";"2";"9";"1";""
"202100048146";"115Â 688";"B01";"3";"1";"0";"2";"1";"1";"5";""
"202100048147";"115Â 685";"A01";"2";"30";"0";"2";"2";"1";"3";""
"202100048147";"115Â 686";"B01";"1";"10";"0";"2";"3";"1";"1";""
"202100048148";"115Â 683";"Z01";"2";"7";"0";"2";"1";"15";"1";""
"202100048148";"115Â 684";"B01";"2";"1";"0";"2";"8";"1";"5";""
"202100048149";"115Â 681";"A01";"1";"2";"0";"2";"1";"1";"1";""
"202100048149";"115Â 682";"B01";"2";"7";"0";"2";"3";"10";"2";""
"202100048150";"115Â 679";"A01";"2";"1";"0";"2";"1";"1";"5";""
"202100048150";"115Â 680";"B01";"1";"7";"0";"2";"3";"1";"1";""
"202100048151";"115Â 678";"B01";"2";"30";"0";"0";"0";"21";"1";""
"202100048152";"115Â 676";"Z01";"2";"30";"0";"2";"1";"13";"1";""
"202100048152";"115Â 677";"B01";"1";"30";"0";"2";"1";"23";"1";""
"202100048153";"115Â 675";"A01";"1";"10";"0";"1";"4";"20";"1";""
"202100048154";"115Â 673";"A01";"1";"10";"0";"2";"6";"10";"1";""
"202100048154";"115Â 674";"B01";"1";"32";"0";"2";"6";"1";"1";""
"202100048155";"115Â 671";"B01";"1";"1";"0";"2";"8";"10";"5";""
"202100048155";"115Â 672";"A01";"1";"33";"0";"2";"1";"1";"1";""
"202100048156";"115Â 669";"B01";"1";"2";"0";"2";"1";"1";"1";""
"202100048156";"115Â 670";"A01";"1";"7";"0";"2";"5";"16";"3";""
"202100048157";"115Â 667";"A01";"3";"10";"0";"2";"1";"26";"0";""
"202100048157";"115Â 668";"B01";"3";"10";"0";"2";"4";"0";"0";""
"202100048158";"115Â 666";"A01";"2";"30";"15";"0";"0";"1";"3";""
"202100048159";"115Â 664";"A01";" -1";"7";"0";"2";"3";"1";"1";""
"202100048159";"115Â 665";"B01";" -1";"7";"0";"2";"1";"1";"2";""
"202100048160";"115Â 662";"A01";" -1";"7";"0";"2";"1";"2";"1";""
"202100048160";"115Â 663";"B01";" -1";"10";"3";"0";"4";"2";"1";""
"202100048161";"115Â 661";"A01";"1";"2";"0";"2";"1";"13";"6";""
"202100048162";"115Â 659";"A01";" -1";"10";"0";"2";"8";"15";"1";""
"202100048162";"115Â 660";"B01";"0";"32";"0";"2";"2";"2";"1";""
"202100048163";"115Â 657";"B01";"3";"7";"0";"2";"1";"1";"1";""
"202100048163";"115Â 658";"A01";"3";"7";"0";"2";"6";"1";"1";""
"202100048164";"115Â 656";"A01";"2";"7";"0";"1";"1";"1";"1";""
"202100048165";"115Â 654";"B01";"1";"7";"0";"2";"4";"1";"1";""
"202100048165";"115Â 655";"A01";"1";"30";"0";"2";"1";"2";"1";""
"202100048166";"115Â 652";"B01";"3";"2";"0";"2";"4";"23";"1";""
"202100048166";"115Â 653";"A01";"3";"7";"0";"2";"1";"9";"1";""
"202100048167";"115Â 650";"B01";"1";"7";"0";"0";"5";"1";"1";""
"202100048167";"115Â 651";"A01";"1";"10";"0";"2";"1";"2";"1";""
"202100048168";"115Â 648";"B01";"1";"2";"0";"2";"3";"15";"1";""
"202100048168";"115Â 649";"A01";"1";"7";"0";"2";"2";"1";"1";""
"202100048169";"115Â 646";"B01";"1";"31";"0";"2";"3";"1";"0";""
"202100048169";"115Â 647";"A01";"2";"10";"0";"2";"3";"15";"1";""
"202100048170";"115Â 645";"A01";"1";"34";"0";"0";"2";"1";"1";""
"202100048171";"115Â 644";"A01";"3";"50";"0";"0";"1";"26";"3";""
"202100048172";"115Â 639";"E01";"3";"7";"0";"0";"3";"23";"1";""
"202100048172";"115Â 640";"D01";"2";"7";"0";"2";"1";"1";"1";""
"202100048172";"115Â 641";"B01";"2";"7";"0";"0";"4";"23";"1";""
"202100048172";"115Â 642";"A01";"2";"7";"0";"2";"1";"1";"1";""
"202100048172";"115Â 643";"C01";"2";"7";"0";"2";"1";"1";"2";""
"202100048173";"115Â 637";"B01";"2";"7";"0";"2";"3";"1";"1";""
"202100048173";"115Â 638";"A01";"1";"33";"0";"2";"1";"17";"1";""
"202100048174";"115Â 635";"B01";"3";"7";"0";"0";"2";"23";"1";""
"202100048174";"115Â 636";"A01";"1";"7";"0";"2";"1";"1";"1";""
"202100048175";"115Â 634";"A01";"1";"7";"9";"0";"1";"0";"1";""
"202100048176";"115Â 632";"B01";"1";"33";"0";"2";"2";"2";"1";""
"202100048176";"115Â 633";"A01";"1";"33";"0";"0";"4";"2";"1";""
"202100048177";"115Â 631";"A01";"0";"7";"6";"0";"1";"16";"1";""
"202100048178";"115Â 630";"A01";"1";"7";"3";"0";"1";"0";"1";""
"202100048179";"115Â 628";"A01";"1";"7";"4";"2";"1";"2";"1";""
"202100048179";"115Â 629";"B01";"1";"7";"3";"0";"4";"2";"1";""
"202100048180";"115Â 626";"B01";"2";"7";"0";"2";"3";"2";"1";""
"202100048180";"115Â 627";"A01";"3";"10";"0";"2";"7";"2";"1";""
"202100048181";"115Â 625";"A01";"1";"33";"0";"0";"1";"0";"1";""
"202100048182";"115Â 624";"A01";"1";"33";"13";"0";"1";"14";"1";""
"202100048183";"115Â 623";"A01";"2";"7";"0";"0";"0";"0";"1";""
"202100048184";"115Â 622";"A01";"1";"7";"0";"0";"1";"1";"1";""
"202100048185";"115Â 621";"A01";"1";"7";"13";"0";"1";"1";"1";""
"202100048186";"115Â 620";"A01";"2";"7";"0";"1";"1";"21";"0";""
"202100048187";"115Â 619";"A01";"1";"33";"13";"0";"2";"1";"1";""
"202100048188";"115Â 618";"A01";"1";"7";"2";"0";"8";"17";"1";""
"202100048189";"115Â 617";"A01";"2";"7";"6";"0";"1";"0";"1";""
"202100048190";"115Â 615";"B01";"1";"2";"0";"2";"7";"1";"1";""
"202100048190";"115Â 616";"A01";"1";"7";"0";"2";"1";"1";"1";""
"202100048191";"115Â 614";"A01";"1";"33";"2";"0";"1";"13";"1";""
"202100048192";"115Â 613";"A01";"1";"14";"13";"0";"1";"1";"1";""
"202100048193";"115Â 612";"A01";"1";"33";"0";"0";"1";"1";"1";""
"202100048194";"115Â 611";"A01";"1";"33";"13";"0";"7";"2";"1";""
"202100048195";"115Â 609";"A01";"1";"7";"0";"2";"2";"1";"1";""
"202100048195";"115Â 610";"B01";"2";"33";"0";"2";"1";"13";"1";""
"202100048196";"115Â 607";"A01";"2";"7";"0";"2";"2";"1";"1";""
"202100048196";"115Â 608";"B01";"3";"1";"0";"2";"1";"26";"0";""
"202100048197";"115Â 605";"A01";"0";"10";"0";"2";"1";"1";"1";""
"202100048197";"115Â 606";"B01";"0";"2";"0";"2";"1";"1";"1";""
"202100048198";"115Â 604";"A01";"2";"7";"3";"0";"7";"1";"1";""
"202100048199";"115Â 603";"A01";"1";"7";"3";"0";"9";"1";"1";""
"202100048200";"115Â 598";"E01";"1";"7";"0";"2";"1";"2";"1";""
"202100048200";"115Â 599";"D01";"1";"7";"0";"2";"2";"2";"1";""
"202100048200";"115Â 600";"C01";"1";"7";"0";"2";"4";"2";"1";""
"202100048200";"115Â 601";"B01";"1";"7";"0";"2";"4";"2";"1";""
"202100048200";"115Â 602";"A01";"1";"7";"0";"0";"4";"0";"1";""
"202100048201";"115Â 597";"A01";"1";"7";"2";"0";"1";"1";"1";""
"202100048202";"115Â 595";"A01";"1";"33";"0";"2";"1";"1";"1";""
"202100048202";"115Â 596";"B01";"2";"7";"0";"2";"1";"1";"1";""
"202100048203";"115Â 593";"A01";"1";"2";"0";"2";"2";"15";"1";""
"202100048203";"115Â 594";"B01";"2";"7";"0";"2";"1";"1";"1";""
"202100048204";"115Â 592";"A01";"0";"7";"0";"1";"8";"15";"1";""
"202100048205";"115Â 589";"A01";"1";"7";"0";"2";"8";"1";"1";""
"202100048205";"115Â 590";"Z01";"1";"0";"0";"2";"0";"14";"0";""
"202100048206";"115Â 588";"A01";"2";"7";"5";"0";"2";"14";"1";""
"202100048207";"115Â 586";"B01";"1";"33";"0";"2";"8";"18";"1";""