"Num_Acc";"id_vehicule";"num_veh";"senc";"catv";"obs";"obsm";"choc";"manv";"motor";"occutc"
"202100048207";"115Â 587";"A01";"1";"10";"0";"2";"7";"12";"1";""
"202100048208";"115Â 585";"A01";"2";"7";"4";"0";"1";"13";"1";""
"202100048209";"115Â 584";"A01";"2";"7";"3";"0";"1";"9";"1";""
"202100048210";"115Â 583";"A01";"1";"33";"16";"0";"8";"0";"1";""
"202100048211";"115Â 581";"B01";"1";"7";"0";"2";"4";"2";"0";""
"202100048211";"115Â 582";"A01";"1";"7";"0";"2";"1";"2";"0";""
"202100048212";"115Â 580";"A01";"2";"15";"3";"2";"8";"1";"1";""
"202100048213";"115Â 578";"A01";"2";"7";"0";"2";"1";"1";"1";""
"202100048213";"115Â 579";"B01";"2";"7";"0";"2";"4";"1";"1";""
"202100048214";"115Â 572";"F01";"1";"7";"0";"2";"5";"1";"1";""
"202100048214";"115Â 573";"E01";"1";"7";"0";"2";"4";"2";"1";""
"202100048214";"115Â 574";"D01";"1";"7";"0";"2";"4";"2";"1";""
"202100048214";"115Â 575";"C01";"1";"10";"0";"2";"4";"2";"1";""
"202100048214";"115Â 576";"B01";"1";"7";"0";"2";"4";"2";"1";""
"202100048214";"115Â 577";"A01";"1";"14";"0";"2";"1";"2";"1";""
"202100048215";"115Â 570";"A01";"2";"7";"0";"2";"1";"9";"1";""
"202100048215";"115Â 571";"B01";"2";"7";"0";"0";"4";"9";"1";""
"202100048216";"115Â 568";"A01";"2";"7";"0";"2";"1";"1";"1";""
"202100048216";"115Â 569";"B01";"1";"7";"3";"2";"6";"0";"1";""
"202100048217";"115Â 566";"A01";"1";"7";"3";"2";"1";"1";"1";""
"202100048217";"115Â 567";"B01";"1";"15";"0";"2";"8";"1";"1";""
"202100048218";"115Â 564";"B01";"1";"15";"4";"2";"4";"1";"1";""
"202100048218";"115Â 565";"A01";"1";"7";"4";"2";"1";"1";"1";""
"202100048219";"115Â 563";"A01";"1";"7";"3";"0";"1";"16";"1";""
"202100048220";"115Â 561";"B01";"1";"7";"0";"2";"5";"2";"1";""
"202100048220";"115Â 562";"A01";"1";"1";"0";"2";"1";"2";"5";""
"202100048221";"115Â 560";"A01";"1";"31";"0";"0";"0";"26";"1";""
"202100048222";"115Â 558";"A01";"3";"7";"0";"2";"2";"1";"1";""
"202100048222";"115Â 559";"B01";"3";"7";"0";"2";"8";"1";"1";""
"202100048223";"115Â 557";"A01";"1";"20";"0";"0";"1";"26";"1";""
"202100048224";"115Â 555";"A01";"1";"10";"0";"2";"3";"1";"1";""
"202100048224";"115Â 556";"B01";"2";"7";"0";"2";"2";"1";"1";""
"202100048225";"115Â 553";"B01";"2";"7";"0";"2";"4";"2";"1";""
"202100048225";"115Â 554";"A01";"2";"7";"0";"2";"1";"2";"1";""
"202100048226";"115Â 551";"B01";"0";"32";"0";"2";"1";"0";"1";""
"202100048226";"115Â 552";"A01";"0";"32";"0";"2";"1";"0";"0";""
"202100048227";"115Â 549";"B01";"2";"2";"0";"2";"1";"5";"1";""
"202100048227";"115Â 550";"A01";"1";"7";"0";"2";"3";"1";"1";""
"202100048228";"115Â 548";"A01";"2";"7";"1";"0";"2";"1";"1";""
"202100048229";"115Â 546";"A01";"1";"7";"0";"2";"1";"5";"1";""
"202100048229";"115Â 547";"B01";"2";"7";"0";"2";"7";"1";"1";""
"202100048230";"115Â 544";"A01";"3";"7";"0";"2";"1";"1";"1";""
"202100048230";"115Â 545";"B01";"3";"7";"0";"2";"1";"16";"1";""
"202100048231";"115Â 543";"A01";"1";"10";"14";"9";"1";"26";"1";""
"202100048232";"115Â 541";"A01";"1";"7";"15";"0";"1";"19";"1";""
"202100048232";"115Â 542";"B01";"3";"7";"0";"2";"1";"1";"1";""
"202100048233";"115Â 539";"A01";"3";"7";"0";"2";"2";"1";"1";""
"202100048233";"115Â 540";"B01";"1";"38";"0";"2";"3";"1";"1";"1"
"202100048234";"115Â 536";"A01";"1";"7";"0";"2";"1";"2";"1";""
"202100048234";"115Â 537";"B01";"1";"7";"0";"2";"4";"2";"1";""
"202100048234";"115Â 538";"C01";"1";"7";"0";"2";"4";"2";"1";""
"202100048235";"115Â 534";"A01";"2";"10";"0";"2";"8";"15";"1";""
"202100048235";"115Â 535";"B01";"2";"10";"0";"2";"1";"1";"1";""
"202100048236";"115Â 532";"A01";"1";"7";"9";"2";"1";"9";"1";""
"202100048236";"115Â 533";"B01";"1";"7";"0";"2";"5";"1";"1";""
"202100048237";"115Â 531";"A01";"1";"7";"0";"1";"3";"1";"1";""
"202100048238";"115Â 529";"A01";"1";"1";"0";"2";"1";"15";"0";""
"202100048238";"115Â 530";"B01";"1";"7";"0";"2";"1";"15";"1";""
"202100048239";"115Â 527";"B01";"2";"7";"0";"2";"1";"1";"1";""
"202100048239";"115Â 528";"A01";"1";"32";"0";"2";"2";"15";"1";""
"202100048240";"115Â 521";"A01";"3";"7";"1";"0";"5";"4";"1";""
"202100048240";"115Â 522";"B01";"3";"7";"1";"2";"6";"24";"1";""
"202100048241";"115Â 518";"A01";"0";"7";"0";"2";"3";"26";"1";""
"202100048241";"115Â 519";"B01";"0";"33";"0";"2";"0";"0";"1";""
"202100048241";"115Â 520";"C01";"0";"7";"0";"2";"1";"0";"1";""
"202100048242";"115Â 517";"A01";"0";"7";"0";"1";"3";"1";"1";""
"202100048243";"115Â 515";"A01";"0";"10";"0";"2";"2";"15";"1";""
"202100048243";"115Â 516";"B01";"0";"99";"0";"2";"1";"1";"5";""
"202100048244";"115Â 513";"B01";"0";"33";"0";"2";"1";"17";"1";""
"202100048244";"115Â 514";"A01";"0";"10";"0";"2";"5";"15";"1";""
"202100048245";"115Â 512";"A01";"2";"7";"0";"1";"2";"26";"1";""
"202100048246";"115Â 509";"B01";"1";"7";"8";"2";"4";"23";"1";""
"202100048246";"115Â 510";"C01";"1";"7";"0";"2";"4";"23";"1";""
"202100048246";"115Â 511";"A01";"1";"10";"0";"2";"1";"2";"1";""
"202100048247";"115Â 508";"A01";"1";"10";"6";"0";"1";"1";"1";""
"202100048248";"115Â 506";"A01";"2";"7";"0";"2";"3";"15";"1";""
"202100048248";"115Â 507";"B01";"1";"2";"0";"2";"9";"1";"1";""
"202100048249";"115Â 505";"A01";"1";"7";"0";"1";"1";"1";"1";""
"202100048250";"115Â 503";"A01";"2";"10";"0";"2";"5";"15";"1";""
"202100048250";"115Â 504";"B01";"1";"2";"0";"2";"1";"1";"1";""
"202100048251";"115Â 501";"B01";"2";"7";"0";"2";"4";"2";"1";""
"202100048251";"115Â 502";"A01";"2";"7";"0";"2";"1";"2";"1";""
"202100048252";"115Â 499";"B01";"3";"31";"0";"2";"4";"2";"1";""
"202100048252";"115Â 500";"A01";"3";"7";"0";"2";"2";"2";"1";""
"202100048253";"115Â 497";"B01";"1";"7";"0";"2";"4";"1";"1";""
"202100048253";"115Â 498";"A01";"1";"7";"0";"2";"1";"1";"1";""
"202100048254";"115Â 496";"A01";"1";"7";"6";"0";"1";"16";"1";""
"202100048255";"115Â 494";"B01";"2";"7";"0";"2";"3";"15";"1";""
"202100048255";"115Â 495";"A01";"1";"7";"11";"2";"1";"1";"1";""
"202100048256";"115Â 492";"A01";"3";"7";"0";"2";"1";"9";"1";""
"202100048256";"115Â 493";"B01";"3";"1";"0";"2";"7";"1";"5";""
"202100048257";"115Â 490";"B01";"2";"7";"0";"2";"4";"23";"1";""
"202100048257";"115Â 491";"A01";"2";"7";"0";"2";"1";"1";"1";""
"202100048258";"115Â 489";"A01";"3";"33";"2";"0";"1";"13";"1";""
"202100048259";"115Â 487";"B01";"2";"33";"0";"2";"1";"1";"0";""
"202100048259";"115Â 488";"A01";"1";"7";"0";"2";"2";"15";"1";""
"202100048260";"115Â 485";"B01";"3";"7";"0";"9";"7";"0";"1";""
"202100048260";"115Â 486";"A01";"3";"1";"0";"2";"1";"1";"5";""
"202100048261";"115Â 483";"B01";"3";"10";"0";"9";"4";"1";"1";""
"202100048261";"115Â 484";"A01";"3";"1";"0";"2";"1";"1";"5";""
"202100048262";"115Â 482";"A01";"3";"7";"2";"0";"7";"15";"1";""
"202100048263";"115Â 480";"B01";"3";"7";"0";"2";"4";"1";"1";""
"202100048263";"115Â 481";"A01";"3";"7";"0";"2";"1";"1";"1";""
"202100048264";"115Â 479";"A01";"2";"30";"12";"0";"0";"1";"1";""
"202100048265";"115Â 477";"B01";"0";"2";"0";"2";"8";"1";"1";""
"202100048265";"115Â 478";"A01";"0";"7";"0";"2";"1";"15";"1";""
"202100048266";"115Â 476";"A01";"1";"7";"0";"1";"1";"1";"1";""
"202100048267";"115Â 474";"A01";"3";"7";"0";"2";"3";"15";"1";""
"202100048267";"115Â 475";"B01";"1";"31";"0";"2";"6";"1";"1";""
"202100048268";"115Â 472";"A01";"1";"33";"0";"2";"1";"3";"1";""
"202100048268";"115Â 473";"B01";"1";"7";"0";"2";"8";"15";"1";""
"202100048269";"115Â 470";"B01";"3";"7";"0";"2";"3";"1";"1";""
"202100048269";"115Â 471";"A01";"1";"7";"0";"2";"1";"1";"1";""
"202100048270";"115Â 468";"B01";"1";"7";"0";"2";"0";"15";" -1";""
"202100048270";"115Â 469";"A01";"2";"7";"0";"2";"8";"1";"1";""
"202100048271";"115Â 467";"A01";"2";"1";"0";"1";"1";"26";"0";""
"202100048272";"115Â 464";"A01";"2";"7";"0";"2";"1";"1";"1";""
"202100048272";"115Â 465";"B01";"2";"7";"0";"2";"4";"23";"1";""
"202100048272";"115Â 466";"C01";"2";"7";"0";"2";"4";"23";"1";""
"202100048273";"115Â 462";"A01";"1";"7";"0";"2";"6";"23";"1";""
"202100048273";"115Â 463";"B01";"1";"7";"0";"2";"2";"26";"1";""
"202100048274";"115Â 461";"A01";"1";"7";"0";"1";"1";"15";"1";""
"202100048275";"115Â 459";"A01";"0";"31";"0";"2";"0";"17";"1";""
"202100048275";"115Â 460";"B01";"3";"7";"0";"2";"0";"15";"1";""
"202100048276";"115Â 458";"A01";"0";"7";"0";"0";"2";"14";"1";""
"202100048277";"115Â 457";"A01";"1";"50";"0";"1";"1";"1";"3";""
"202100048278";"115Â 454";"C01";"1";"7";"0";"2";"4";"2";"1";""
"202100048278";"115Â 455";"B01";"1";"7";"0";"2";"4";"2";"1";""
"202100048278";"115Â 456";"A01";"1";"10";"0";"2";"1";"2";"1";""
"202100048279";"115Â 453";"A01";"1";"7";"0";"1";"2";"1";"1";""
"202100048280";"115Â 452";"A01";"2";"40";"0";"1";"3";"1";"3";""
"202100048281";"115Â 450";"A01";"1";"30";"0";"2";"1";"1";"1";""
"202100048281";"115Â 451";"B01";"2";"7";"0";"2";"2";"15";"1";""
"202100048282";"115Â 448";"B01";"2";"2";"0";"2";"7";"1";"1";""
"202100048282";"115Â 449";"A01";"1";"7";"0";"2";"1";"19";"1";""
"202100048283";"115Â 447";"A01";"2";"1";"0";"1";"0";"1";"6";""
"202100048284";"115Â 446";"A01";"1";"1";"0";"1";"1";"8";"5";""
"202100048285";"115Â 444";"B01";"1";"1";"0";"2";"8";"14";"5";""
"202100048285";"115Â 445";"A01";"1";"7";"0";"2";"5";"16";"1";""
"202100048286";"115Â 442";"B01";"2";"10";"0";"2";"4";"22";"1";""
"202100048286";"115Â 443";"A01";"2";"50";"0";"2";"1";"1";"3";""
"202100048287";"115Â 440";"B01";"1";"32";"0";"2";"7";"1";"3";""
"202100048287";"115Â 441";"A01";"1";"10";"0";"2";"8";"10";"1";""
"202100048288";"115Â 438";"B01";"2";"7";"0";"2";"7";"15";"1";""
"202100048288";"115Â 439";"A01";"1";"30";"0";"2";"1";"1";"1";""
"202100048289";"115Â 436";"B01";"1";"33";"1";"2";"1";"1";"1";""
"202100048289";"115Â 437";"A01";"1";"7";"0";"2";"5";"9";"1";""
"202100048290";"115Â 434";"A01";"3";"7";"0";"2";"1";"2";"1";""
"202100048290";"115Â 435";"B01";"3";"10";"0";"2";"4";"2";"1";""
"202100048291";"115Â 432";"B01";"1";"7";"0";"2";"3";"15";"1";""
"202100048291";"115Â 433";"A01";"1";"31";"0";"2";"1";"17";"1";""
"202100048292";"115Â 430";"A01";"1";"7";"0";"2";"1";"1";"1";""
"202100048292";"115Â 431";"B01";"2";"60";"0";"2";"8";"19";"5";""
"202100048293";"115Â 429";"A01";"1";"7";"6";"0";"1";"16";"1";""
"202100048294";"115Â 428";"A01";"1";"1";"0";"0";"0";"1";"5";""
"202100048295";"115Â 426";"B01";"1";"7";"4";"2";"3";"1";"1";""
"202100048295";"115Â 427";"A01";"1";"7";"0";"2";"1";"15";"1";""
"202100048296";"115Â 424";"B01";"2";"1";"0";"2";"1";"15";"5";""
"202100048296";"115Â 425";"A01";"2";"7";"0";"2";"2";"7";"2";""
"202100048297";"115Â 423";"A01";"1";"30";"12";"0";"2";"16";"1";""
"202100048298";"115Â 422";"A01";"3";"7";"14";"0";"2";"15";"1";""
"202100048299";"115Â 421";"A01";"1";"7";"0";"1";"0";"0";"1";""
"202100048300";"115Â 419";"B01";"2";"32";"0";"0";"3";"1";"1";""
"202100048300";"115Â 420";"A01";"3";"7";"0";"2";"1";"9";"1";""
"202100048301";"115Â 418";"A01";"2";"7";"0";"1";"0";"2";"1";""
"202100048302";"115Â 416";"A01";"1";"7";"0";"2";"1";"1";"3";""
"202100048302";"115Â 417";"B01";"1";"7";"0";"2";"7";"1";"1";""
"202100048303";"115Â 414";"B01";"3";"16";"0";"0";"4";"2";"0";""
"202100048303";"115Â 415";"A01";"3";"17";"0";"2";"0";"26";"1";""
"202100048304";"115Â 413";"A01";"1";"7";"0";"1";"2";"1";"1";""
"202100048305";"115Â 411";"A01";"2";"7";"0";"2";"1";"1";"1";""
"202100048305";"115Â 412";"B01";"2";"7";"14";"0";"4";"1";"1";""
"202100048306";"115Â 410";"A01";"1";"7";"0";"1";"1";"16";"1";""
"202100048307";"115Â 409";"A01";"3";"7";"0";"1";"0";"2";"0";""
"202100048308";"115Â 407";"A01";"3";"10";"0";"2";"6";"15";"1";""
"202100048308";"115Â 408";"B01";"3";"2";"0";"2";"2";"2";"1";""
"202100048309";"115Â 405";"A01";"1";"10";"0";"2";"1";"9";"1";""
"202100048309";"115Â 406";"B01";"1";"43";"0";"2";"7";"1";"1";""
"202100048310";"115Â 404";"A01";"3";"7";"0";"1";"4";"4";"1";""
"202100048311";"115Â 402";"A01";"0";"30";"0";"2";"0";"0";"1";""
"202100048311";"115Â 403";"Z01";"0";"7";"0";"2";"0";"0";"0";""
"202100048312";"115Â 400";"A01";"0";"7";"0";"2";"8";"19";"1";""
"202100048312";"115Â 401";"B01";"1";"7";"0";"2";"8";"1";"1";""
"202100048313";"115Â 397";"B01";"3";"7";"0";"2";"4";"2";"1";""
"202100048313";"115Â 398";"A01";"3";"7";"0";"0";"4";"1";"1";""
"202100048313";"115Â 399";"C01";"3";"13";"0";"2";"1";"2";"0";""
"202100048314";"115Â 395";"B01";"2";"99";"0";"0";"4";"1";"6";""
"202100048314";"115Â 396";"A01";"2";"99";"0";"2";"2";"14";"6";""
"202100048315";"115Â 393";"A01";"2";"30";"0";"2";"1";"5";"1";""
"202100048315";"115Â 394";"B01";"2";"7";"0";"2";"1";"16";"1";""
"202100048316";"115Â 390";"A01";"2";"7";"0";"2";"4";"16";"1";""
"202100048316";"115Â 391";"B01";"2";"7";"0";"2";"1";"16";"1";""
"202100048316";"115Â 392";"C01";"3";"7";"0";"2";"4";"23";"1";""
"202100048317";"115Â 388";"A01";"1";"7";"0";"2";"7";"9";"1";""
"202100048317";"115Â 389";"B01";"1";"30";"0";"2";"1";"1";"3";""
"202100048318";"115Â 387";"A01";"1";"33";"13";"0";"1";"1";"1";""
"202100048319";"115Â 385";"A01";"2";"7";"0";"2";"3";"13";"1";""
"202100048319";"115Â 386";"B01";"1";"7";"0";"2";"8";"1";"1";""
"202100048320";"115Â 384";"A01";"2";"7";"0";"1";"2";"1";"1";""
"202100048321";"115Â 383";"A01";"2";"7";"13";"0";"3";"1";"1";""
"202100048322";"115Â 379";"A01";"1";"7";"0";"0";"6";"23";"1";""
"202100048322";"115Â 380";"B01";"1";"7";"0";"2";"2";"1";"1";""
"202100048323";"115Â 377";"B01";"2";"7";"0";"2";"1";"1";"1";""
"202100048323";"115Â 378";"A01";"1";"7";"0";"2";"7";"1";"1";""
"202100048324";"115Â 375";"B01";"1";"7";"0";"2";"7";"10";"1";""
"202100048324";"115Â 376";"A01";"2";"7";"0";"2";"1";"1";"1";""
"202100048325";"115Â 374";"A01";"1";"33";"0";"0";"8";"1";"1";""
"202100048326";"115Â 372";"A01";"2";"2";"1";"0";"2";"13";"1";""
"202100048326";"115Â 373";"B01";"1";"1";"0";"0";"8";"23";"5";""
"202100048327";"115Â 370";"B01";"3";"10";"0";"2";"1";"1";"1";""
"202100048327";"115Â 371";"A01";"3";"10";"0";"0";"8";"19";"1";""
"202100048328";"115Â 367";"B01";"3";"7";"0";"2";"8";"16";"1";""
"202100048328";"115Â 368";"A01";"3";"2";"0";"2";"1";"15";"1";""
"202100048329";"115Â 366";"A01";"1";"33";"5";"0";"7";"1";"1";""
"202100048330";"115Â 365";"A01";"1";"2";"0";"0";"0";"0";"1";""
"202100048331";"115Â 362";"B01";"2";"2";"0";"2";"3";"15";"1";""
"202100048331";"115Â 363";"A01";"2";"7";"0";"2";"2";"17";"1";""
"202100048332";"115Â 360";"B01";"0";"7";"0";"0";"4";"1";"1";""
"202100048332";"115Â 361";"A01";"0";"2";"0";"2";"2";"1";"1";""
"202100048333";"115Â 359";"A01";"2";"7";"6";"0";"1";"13";"1";""
"202100048334";"115Â 358";"A01";"2";"7";"13";"0";"0";"0";"1";""
"202100048335";"115Â 357";"A01";"1";"10";"0";"1";"3";"1";"3";""
"202100048336";"115Â 355";"B01";"2";"7";"0";"2";"1";"1";"1";""
"202100048336";"115Â 356";"A01";"1";"7";"0";"2";"1";"15";"1";""
"202100048337";"115Â 354";"A01";"2";"7";"0";"1";"3";"1";"1";""
"202100048338";"115Â 353";"A01";"1";"7";"16";"0";"9";"1";"1";""
"202100048339";"115Â 352";"A01";"1";"7";"0";"0";"9";"1";"1";""
"202100048340";"115Â 351";"A01";"3";"7";"13";"0";"0";"1";"1";""
"202100048341";"115Â 348";"B01";"2";"7";"0";"2";"2";"21";"1";""
"202100048341";"115Â 349";"A01";"1";"7";"0";"2";"3";"19";"1";""
"202100048342";"115Â 346";"A01";"1";"1";"0";"0";"4";"13";"6";""
"202100048342";"115Â 347";"B01";"1";"7";"0";"0";"1";"17";"1";""
"202100048343";"115Â 344";"B01";"1";"31";"0";"0";"1";"1";"1";""
"202100048343";"115Â 345";"A01";"0";"7";"0";"0";"2";"15";"1";""
"202100048344";"115Â 343";"A01";"2";"7";"0";"0";"9";"1";"1";""
"202100048345";"115Â 342";"A01";"3";"31";"0";"0";"7";"13";"1";""
"202100048346";"115Â 341";"A01";"0";"7";"0";"0";"0";"0";"1";""
"202100048347";"115Â 339";"B01";"1";"7";"0";"2";"4";"15";"1";""
"202100048347";"115Â 340";"A01";"1";"7";"0";"2";"1";"2";"1";""
"202100048348";"115Â 335";"C01";"1";"7";"0";"2";"4";"23";"1";""
"202100048348";"115Â 336";"B01";"1";"7";"0";"2";"4";"23";"1";""
"202100048348";"115Â 337";"A01";"1";"7";"0";"2";"1";"1";"1";""
"202100048349";"115Â 333";"B01";"2";"14";"0";"2";"7";"1";"1";""
"202100048349";"115Â 334";"A01";"2";"7";"0";"2";"1";"13";"1";""
"202100048350";"115Â 330";"B01";"1";"7";"0";"2";"4";"2";"1";""
"202100048350";"115Â 331";"A01";"1";"10";"0";"2";"1";"1";"1";""
"202100048350";"115Â 332";"C01";"1";"7";"0";"2";"6";"1";"1";""
"202100048351";"115Â 324";"D01";"1";"7";"0";"2";"4";"2";"1";""
"202100048351";"115Â 325";"B01";"1";"7";"0";"2";"1";"2";"1";""
"202100048351";"115Â 326";"A01";"1";"7";"0";"2";"1";"2";"1";""
"202100048351";"115Â 327";"F01";"1";"7";"0";"2";"4";"2";"1";""
"202100048351";"115Â 328";"E01";"1";"7";"0";"2";"1";"2";"1";""
"202100048351";"115Â 329";"C01";"1";"7";"0";"2";"1";"2";"2";""
"202100048352";"115Â 323";"A01";"1";"7";"4";"0";"7";"1";"1";""
"202100048353";"115Â 321";"A01";"2";"7";"0";"2";"1";"26";"1";""
"202100048353";"115Â 322";"B01";"1";"7";"0";"2";"1";"1";"1";""
"202100048354";"115Â 320";"A01";"2";"43";"0";"0";"7";"1";"1";""
"202100048355";"115Â 318";"A01";"1";"10";"0";"2";"5";"12";"1";""
"202100048355";"115Â 319";"B01";"1";"7";"0";"2";"3";"1";"1";""
"202100048356";"115Â 316";"B01";"1";"34";"0";"2";"8";"3";"1";""
"202100048356";"115Â 317";"A01";"1";"7";"1";"2";"2";"12";"1";""
"202100048357";"115Â 315";"A01";"1";"7";"3";"0";"1";"14";"1";""
"202100048358";"115Â 314";"A01";"2";"33";"9";"0";"1";"13";"1";""
"202100048359";"115Â 313";"A01";"1";"7";"4";"0";"1";"1";"1";""
"202100048360";"115Â 311";"A01";"1";"17";"1";"0";"2";"1";"1";""
"202100048360";"115Â 312";"B01";"1";"13";"0";"2";"6";"2";"1";""
"202100048361";"115Â 308";"C01";"2";"10";"0";"2";"2";"1";"1";""
"202100048361";"115Â 309";"B01";"2";"7";"0";"2";"6";"1";"1";""
"202100048361";"115Â 310";"A01";"2";"33";"0";"2";"1";"18";"1";""
"202100048362";"115Â 307";"A01";"2";"10";"0";"1";"1";"1";"1";""
"202100048363";"115Â 305";"A01";"1";"10";"0";"2";"1";"1";"1";""
"202100048363";"115Â 306";"B01";"1";"10";"0";"2";"4";"23";"1";""
"202100048364";"115Â 303";"A01";"2";"7";"0";"2";"2";"15";"1";""
"202100048364";"115Â 304";"B01";"2";"30";"0";"2";"1";"1";"1";""
"202100048365";"115Â 302";"A01";"1";"7";"0";"1";"1";"2";"1";""
"202100048366";"115Â 300";"A01";"1";"31";"0";"2";"7";"17";"1";""
"202100048366";"115Â 301";"B01";"1";"7";"0";"2";"3";"15";"1";""
"202100048367";"115Â 299";"A01";"3";"43";"12";"0";"1";"11";"1";""
"202100048368";"115Â 296";"C01";"1";"7";"0";"2";"4";"23";"1";""
"202100048368";"115Â 297";"B01";"1";"7";"0";"2";"4";"23";"1";""
"202100048368";"115Â 298";"A01";"1";"7";"0";"2";"1";"2";"1";""
"202100048369";"115Â 295";"A01";"1";"7";"0";"1";"2";"15";"1";""
"202100048370";"115Â 294";"A01";"1";"7";"0";"1";"1";"13";"1";""
"202100048371";"115Â 292";"A01";"2";"7";"0";"2";"6";"11";"1";""
"202100048371";"115Â 293";"B01";"2";"32";"0";"2";"3";"1";"1";""
"202100048372";"115Â 291";"A01";"2";"7";"0";"1";"2";"9";"1";""
"202100048373";"115Â 289";"A01";"2";"7";"0";"2";"2";"1";"1";""
"202100048373";"115Â 290";"B01";"2";"7";"0";"2";"4";"1";"1";""
"202100048374";"115Â 288";"A01";"2";"7";"1";"0";"2";"1";"1";""
"202100048375";"115Â 286";"B01";"1";"33";"0";"2";"8";"1";"1";""
"202100048375";"115Â 287";"A01";"1";"7";"0";"2";"7";"12";"1";""
"202100048376";"115Â 284";"A01";"3";"32";"0";"2";"2";"26";"1";""
"202100048376";"115Â 285";"B01";"3";"10";"0";"2";"3";"0";"0";""
"202100048377";"115Â 283";"A01";"1";"32";"0";"0";"2";"16";"1";""
"202100048378";"115Â 282";"A01";"3";"10";"0";"1";"3";"26";"1";""
"202100048379";"115Â 280";"A01";"1";"7";"0";"2";"2";"21";"1";""
"202100048379";"115Â 281";"B01";"2";"7";"2";"2";"1";"9";"1";""
"202100048380";"115Â 278";"B01";"3";"7";"0";"2";"3";"1";"1";""
"202100048380";"115Â 279";"A01";"3";"2";"0";"2";"1";"13";"1";""
"202100048381";"115Â 277";"A01";"2";"10";"12";"0";"9";"1";"1";""
"202100048382";"115Â 275";"B01";"2";"1";"0";"2";"1";"1";"5";""
"202100048382";"115Â 276";"A01";"1";"14";"0";"9";"3";"16";"1";""
"202100048383";"115Â 273";"A01";"0";"7";"0";"2";"2";"15";"1";""
"202100048383";"115Â 274";"B01";"0";"1";"0";"2";"1";"25";"5";""
"202100048384";"115Â 272";"A01";"0";"7";"0";"1";"1";"1";"1";""
"202100048385";"115Â 270";"A01";"0";"30";"0";"2";"1";"0";"1";""
"202100048385";"115Â 271";"B01";"0";"7";"0";"2";"5";"20";"1";""
"202100048386";"115Â 269";"A01";"3";"7";"0";"1";"1";"1";"1";""
"202100048387";"115Â 267";"B01";"0";"7";"0";"0";"0";"16";"1";""
"202100048387";"115Â 268";"A01";"3";"7";"0";"2";"5";"21";"1";""
"202100048388";"115Â 265";"A01";"3";"33";"0";"2";"6";"26";"1";""
"202100048388";"115Â 266";"B01";"3";"7";"0";"2";"3";"15";"1";""
"202100048389";"115Â 264";"A01";"0";"10";"0";"1";"1";"1";"1";""
"202100048390";"115Â 261";"A01";"0";"7";"0";"2";"7";"1";"1";""
"202100048390";"115Â 262";"C01";"0";"7";"0";"2";"1";"23";"1";""
"202100048390";"115Â 263";"B01";"0";"7";"0";"2";"1";"1";"1";""
"202100048391";"115Â 259";"A01";"2";"7";"1";"0";"1";"1";"1";""
"202100048392";"115Â 257";"B01";"3";"7";"0";"2";"8";"0";"1";""
"202100048392";"115Â 258";"A01";"1";"7";"0";"2";"2";"9";"1";""
"202100048393";"115Â 255";"A01";"1";"10";"0";"2";"3";"1";"1";""
"202100048393";"115Â 256";"B01";"2";"7";"0";"2";"2";"1";"1";""
"202100048394";"115Â 253";"A01";"1";"7";"0";"2";"2";"19";"1";""
"202100048394";"115Â 254";"B01";"2";"7";"8";"2";"1";"1";"1";""
"202100048395";"115Â 251";"B01";"1";"2";"0";"2";"7";"20";"3";""
"202100048395";"115Â 252";"A01";"1";"7";"0";"2";"1";"14";"1";""
"202100048396";"115Â 249";"A01";"3";"7";"0";"2";"3";"16";"2";""
"202100048396";"115Â 250";"B01";"3";"7";"0";"2";"1";"1";"1";""
"202100048397";"115Â 247";"A01";"2";"2";"0";"2";"1";"2";"1";""
"202100048397";"115Â 248";"B01";"2";"7";"0";"2";"4";"2";"1";""
"202100048398";"115Â 245";"B01";"3";"1";"0";"2";"6";"1";"5";""
"202100048398";"115Â 246";"Z01";"3";"7";"0";"2";"2";"17";"0";""
"202100048399";"115Â 244";"A01";"1";"7";"0";"1";"1";"16";"1";""
"202100048400";"115Â 243";"A01";"1";"7";"0";"1";"8";"26";"1";""
"202100048401";"115Â 241";"B01";"2";"30";"0";"2";"1";"9";"1";""
"202100048401";"115Â 242";"A01";"1";"99";"0";"2";"5";"9";"3";""
"202100048402";"115Â 239";"B01";"2";"7";"0";"2";"3";"0";"1";""
"202100048402";"115Â 240";"A01";"1";"17";"0";"2";"3";"13";"1";""
"202100048403";"115Â 237";"B01";"2";"10";"0";"2";"8";"1";"1";""
"202100048403";"115Â 238";"A01";"1";"30";"0";"2";"1";"13";"3";""
"202100048404";"115Â 236";"Z01";"1";"7";"0";"1";"1";"1";"1";""
"202100048405";"115Â 235";"A01";"3";"7";"0";"1";"2";"1";"1";""
"202100048406";"115Â 234";"A01";"3";"7";"0";"1";"2";"9";"1";""
"202100048407";"115Â 233";"A01";"1";"10";"0";"1";"1";"16";"1";""
"202100048408";"115Â 231";"B01";"1";"7";"0";"2";"3";"15";"1";""
"202100048408";"115Â 232";"A01";"2";"33";"0";"2";"1";"1";"1";""
"202100048409";"115Â 230";"A01";"3";"7";"0";"1";"2";"1";"1";""
"202100048410";"115Â 228";"A01";"3";"30";"0";"2";"1";"2";"1";""
"202100048410";"115Â 229";"B01";"3";"7";"0";"2";"4";"2";"1";""