"Num_Acc";"id_vehicule";"num_veh";"senc";"catv";"obs";"obsm";"choc";"manv";"motor";"occutc"
"202100048411";"115Â 226";"B01";"3";"7";"0";"2";"1";"1";"1";""
"202100048411";"115Â 227";"A01";"0";"31";"0";"2";"1";"2";"1";""
"202100048412";"115Â 224";"A01";"1";"7";"0";"2";"1";"1";"6";""
"202100048412";"115Â 225";"B01";"1";"7";"0";"2";"5";"0";"1";""
"202100048413";"115Â 221";"B01";"1";"7";"0";"2";"1";"1";"1";""
"202100048413";"115Â 222";"A01";"1";"7";"0";"2";"1";"1";"1";""
"202100048413";"115Â 223";"C01";"1";"7";"0";"2";"4";"1";"1";""
"202100048414";"115Â 218";"A01";"3";"14";"3";"2";"1";"2";"1";""
"202100048414";"115Â 219";"B01";"3";"7";"3";"2";"9";"2";"2";""
"202100048414";"115Â 220";"C01";"3";"7";"0";"2";"6";"2";"1";""
"202100048415";"115Â 216";"A01";"1";"10";"0";"2";"3";"9";"1";""
"202100048415";"115Â 217";"B01";"1";"7";"0";"2";"1";"1";"1";""
"202100048416";"115Â 214";"A01";"1";"7";"0";"2";"1";"15";"1";""
"202100048416";"115Â 215";"B01";"1";"7";"0";"2";"1";"1";"1";""
"202100048417";"115Â 213";"A01";"1";"7";"0";"9";"7";"21";"1";""
"202100048418";"115Â 211";"A01";"0";"7";"0";"2";"8";"15";"1";""
"202100048418";"115Â 212";"B01";"2";"33";"0";"2";"1";"1";"1";""
"202100048419";"115Â 209";"A01";"1";"32";"1";"2";"8";"24";"1";""
"202100048419";"115Â 210";"Z01";"1";"7";"1";"2";"0";"2";"1";""
"202100048420";"115Â 207";"B01";"1";"2";"0";"2";"1";"2";"1";""
"202100048420";"115Â 208";"A01";"2";"7";"0";"2";"2";"15";"1";""
"202100048421";"115Â 206";"A01";"1";"31";"0";"1";"1";"25";"1";""
"202100048422";"115Â 204";"B01";"2";"34";"0";"2";"4";"1";"0";""
"202100048422";"115Â 205";"A01";"2";"7";"0";"2";"1";"2";"0";""
"202100048423";"115Â 202";"B01";"1";"1";"0";"2";"1";"26";"5";""
"202100048423";"115Â 203";"A01";"1";"7";"0";"2";"7";"1";"0";""
"202100048424";"115Â 201";"A01";"1";"34";"12";"0";"1";"1";"1";""
"202100048425";"115Â 200";"A01";"2";"7";"1";"0";"1";"1";"1";""
"202100048426";"115Â 198";"B01";"1";"7";"0";"0";"4";"23";"1";""
"202100048426";"115Â 199";"A01";"1";"7";"0";"2";"1";"1";"1";""
"202100048427";"115Â 196";"B01";"3";"10";"0";"2";"8";"15";"1";""
"202100048427";"115Â 197";"A01";"3";"33";"0";"2";"1";"17";"1";""
"202100048428";"115Â 195";"A01";"2";"7";"0";"1";"1";"1";"1";""
"202100048429";"115Â 193";"A01";"2";"33";"0";"2";"3";"2";"1";""
"202100048429";"115Â 194";"B01";"2";"10";"0";"2";"5";"2";"1";""
"202100048430";"115Â 190";"A01";"1";"33";"0";"2";"1";"3";"1";""
"202100048430";"115Â 191";"B01";"1";"33";"0";"2";"4";"11";"1";""
"202100048430";"115Â 192";"C01";"1";"10";"0";"2";"7";"1";"1";""
"202100048431";"115Â 189";"A01";"1";"7";"0";"1";"2";"1";"1";""
"202100048432";"115Â 187";"B01";"1";"80";"0";"2";"8";"1";"3";""
"202100048432";"115Â 188";"A01";"1";"7";"0";"2";"7";"22";"1";""
"202100048433";"115Â 186";"A01";"1";"7";"0";"1";"2";"1";"1";""
"202100048434";"115Â 184";"B01";"1";"7";"0";"2";"5";"2";"1";""
"202100048434";"115Â 185";"A01";"1";"30";"0";"2";"1";"2";"1";""
"202100048435";"115Â 182";"A01";"1";"1";"0";"2";"0";"1";"5";""
"202100048435";"115Â 183";"Z01";"2";"1";"0";"2";"0";"1";"5";""
"202100048436";"115Â 180";"B01";"2";"30";"0";"2";"1";"1";"1";""
"202100048436";"115Â 181";"A01";"1";"7";"0";"2";"2";"15";"1";""
"202100048437";"115Â 178";"B01";"1";"50";"0";"2";"0";"1";"3";""
"202100048437";"115Â 179";"A01";"1";"7";"0";"2";"8";"15";"1";""
"202100048438";"115Â 176";"B01";"1";"10";"0";"2";"8";"22";"1";""
"202100048438";"115Â 177";"A01";"1";"1";"0";"2";"7";"1";"5";""
"202100048439";"115Â 174";"B01";"1";"1";"0";"2";"2";"2";"5";""
"202100048439";"115Â 175";"A01";"1";"7";"0";"2";"8";"22";"1";""
"202100048440";"115Â 171";"C01";"1";"43";"0";"2";"0";"1";"1";""
"202100048440";"115Â 172";"B01";"1";"34";"0";"2";"1";"1";"1";""
"202100048440";"115Â 173";"A01";"2";"7";"0";"2";"0";"15";"1";""
"202100048441";"115Â 169";"B01";"3";"30";"0";"2";"3";"15";"1";""
"202100048441";"115Â 170";"A01";"3";"7";"0";"2";"1";"1";"1";""
"202100048442";"115Â 168";"A01";"1";"1";"0";"0";"0";"21";"5";""
"202100048443";"115Â 166";"B01";"2";"1";"0";"2";"1";"1";"5";""
"202100048443";"115Â 167";"A01";"1";"1";"0";"2";"1";"17";"5";""
"202100048444";"115Â 165";"A01";"2";"7";"0";"1";"4";"20";"1";""
"202100048445";"115Â 164";"A01";"1";"7";"0";"1";"1";"26";"1";""
"202100048446";"115Â 162";"A01";"1";"30";"0";"2";"9";"1";"0";""
"202100048446";"115Â 163";"B01";"2";"7";"0";"2";"3";"1";"1";""
"202100048447";"115Â 161";"A01";"1";"10";"7";"0";"1";"1";"1";""
"202100048448";"115Â 159";"B01";"1";"1";"0";"2";"1";"1";"5";""
"202100048448";"115Â 160";"A01";"1";"10";"0";"2";"3";"13";"1";""
"202100048449";"115Â 156";"C01";"2";"7";"0";"2";"4";"1";"1";""
"202100048449";"115Â 157";"B01";"2";"7";"0";"2";"4";"1";"1";""
"202100048449";"115Â 158";"A01";"2";"7";"0";"2";"1";"1";"1";""
"202100048450";"115Â 155";"A01";"1";"7";"0";"1";"1";"15";"1";""
"202100048451";"115Â 154";"Z01";"0";"30";"0";"2";"0";"26";"0";""
"202100048452";"115Â 152";"A01";" -1";"14";"0";"2";"8";"2";"1";""
"202100048452";"115Â 153";"B01";" -1";"30";"0";"2";"7";"2";"1";""
"202100048453";"115Â 150";"A01";"1";"10";"8";"0";"7";"26";"1";""
"202100048453";"115Â 151";"B01";"1";"10";"0";"2";"1";"0";"1";""
"202100048454";"115Â 149";"Z01";"0";"99";"0";"1";"0";"26";"0";""
"202100048455";"115Â 148";"A01";"1";"7";"0";"1";"3";"13";"1";""
"202100048456";"115Â 146";"A01";"1";"32";"0";"2";"1";"2";"1";""
"202100048456";"115Â 147";"B01";"1";"7";"0";"2";"4";"2";"1";""
"202100048457";"115Â 144";"A01";"2";"7";"0";"2";"2";"26";"1";""
"202100048457";"115Â 145";"B01";"2";"7";"0";"2";"3";"15";"1";""
"202100048458";"115Â 142";"A01";"2";"7";"0";"2";"1";"2";"1";""
"202100048458";"115Â 143";"B01";"1";"7";"0";"2";"4";"23";"1";""
"202100048459";"115Â 140";"A01";"2";"7";"12";"1";"9";"23";"2";""
"202100048459";"115Â 141";"B01";"2";"10";"0";"2";"1";"2";"1";""
"202100048460";"115Â 138";"B01";"1";"10";"0";"2";"6";"20";"1";""
"202100048460";"115Â 139";"A01";"1";"31";"0";"2";"2";"2";"1";""
"202100048461";"115Â 137";"A01";"0";"7";"0";"0";"9";"1";"1";""
"202100048462";"115Â 135";"B01";"1";"1";"0";"2";"6";"1";"5";""
"202100048462";"115Â 136";"A01";"1";"10";"0";"2";"2";"2";"1";""
"202100048463";"115Â 134";"A01";"2";"7";"13";"0";"2";"1";"1";""
"202100048464";"115Â 132";"B01";"1";"7";"0";"2";"4";"2";"1";""
"202100048464";"115Â 133";"A01";"1";"7";"0";"2";"1";"2";"1";""
"202100048465";"115Â 131";"A01";"1";"7";"0";"0";"0";"1";"1";""
"202100048466";"115Â 129";"A01";"2";"7";"0";"2";"1";"1";"1";""
"202100048466";"115Â 130";"B01";"1";"7";"0";"2";"1";"13";"1";""
"202100048467";"115Â 128";"A01";"1";"10";"13";"0";"2";"0";"1";""
"202100048468";"115Â 126";"B01";"1";"7";"0";"2";"3";"15";"1";""
"202100048468";"115Â 127";"A01";"1";"7";"8";"2";"2";"17";"1";""
"202100048469";"115Â 125";"A01";"2";"7";"1";"0";"8";"26";"1";""
"202100048470";"115Â 124";"A01";"2";"7";"2";"0";"0";"13";"1";""
"202100048471";"115Â 122";"A01";"2";"15";"0";"2";"6";"1";"1";""
"202100048471";"115Â 123";"B01";"1";"7";"0";"2";"3";"1";"1";""
"202100048472";"115Â 121";"A01";"1";"7";"0";"1";"1";"16";"0";""
"202100048473";"115Â 120";"A01";"2";"7";"2";"0";"9";"14";"1";""
"202100048474";"115Â 118";"B01";"1";"10";"0";"2";"2";"1";"1";""
"202100048474";"115Â 119";"A01";"2";"33";"0";"2";"8";"1";"1";""
"202100048475";"115Â 117";"A01";"1";"33";"13";"0";"1";"1";"1";""
"202100048476";"115Â 115";"B01";"2";"7";"0";"2";"2";"1";"1";""
"202100048476";"115Â 116";"A01";"2";"7";"0";"2";"3";"9";"1";""
"202100048477";"115Â 112";"C01";"2";"7";"0";"2";"1";"1";"1";""
"202100048477";"115Â 113";"B01";"2";"7";"0";"2";"1";"1";"1";""
"202100048477";"115Â 114";"A01";"1";"7";"0";"2";"1";"5";"1";""
"202100048478";"115Â 109";"A01";"1";"1";"0";"2";"3";"21";"5";""
"202100048478";"115Â 110";"C01";"1";"15";"0";"0";"0";"1";"1";""
"202100048478";"115Â 111";"B01";"2";"15";"0";"2";"3";"1";"1";""
"202100048479";"115Â 108";"A01";"2";"3";"1";"0";"2";"1";"1";""
"202100048480";"115Â 106";"B01";"2";"7";"0";"0";"3";"1";"1";""
"202100048480";"115Â 107";"A01";"1";"7";"0";"0";"8";"19";"1";""
"202100048481";"115Â 104";"B01";"2";"7";"0";"2";"8";"1";"1";""
"202100048481";"115Â 105";"A01";"1";"10";"0";"2";"3";"13";"1";""
"202100048482";"115Â 103";"A01";"2";"7";"6";"0";"9";"14";"1";""
"202100048483";"115Â 101";"A01";"3";"7";"0";"2";"3";"15";"1";""
"202100048483";"115Â 102";"B01";"2";"2";"0";"2";"1";"1";"1";""
"202100048484";"115Â 098";"A01";"2";"7";"0";"2";"3";"11";"1";""
"202100048484";"115Â 099";"B01";"2";"15";"0";"0";"5";"1";"1";""
"202100048484";"115Â 100";"C01";"2";"7";"0";"2";"7";"17";"1";""
"202100048485";"115Â 097";"A01";"2";"7";"4";"0";"3";"1";"1";""
"202100048486";"115Â 095";"B01";"1";"7";"0";"2";"1";"1";"1";""
"202100048486";"115Â 096";"A01";"2";"7";"0";"2";"7";"13";"1";""
"202100048487";"115Â 093";"A01";"1";"7";"0";"0";"4";"23";"1";""
"202100048487";"115Â 094";"B01";"1";"7";"0";"0";"1";"26";"1";""
"202100048488";"115Â 091";"A01";"1";"10";"0";"0";"0";"0";"1";""
"202100048489";"115Â 089";"A01";"2";"2";"0";"2";"1";"17";"1";""
"202100048489";"115Â 090";"B01";"1";"7";"0";"2";"1";"1";"1";""
"202100048490";"115Â 087";"B01";"1";"7";"0";"0";"3";"1";"1";""
"202100048490";"115Â 088";"A01";"2";"7";"0";"0";"3";"13";"1";""
"202100048491";"115Â 084";"B01";"2";"7";"0";"2";"1";"2";"1";""
"202100048491";"115Â 085";"A01";"2";"7";"0";"2";"4";"1";"1";""
"202100048492";"115Â 082";"A01";"1";"7";"0";"2";"4";"1";"1";""
"202100048492";"115Â 083";"B01";"1";"7";"0";"2";"1";"2";"1";""
"202100048493";"115Â 080";"A01";"1";"14";"0";"2";"5";"12";"1";""
"202100048493";"115Â 081";"B01";"1";"7";"0";"2";"3";"1";"1";""
"202100048494";"115Â 078";"B01";"2";"17";"0";"2";"6";"1";"1";""
"202100048494";"115Â 079";"A01";"2";"10";"0";"2";"2";"14";"1";""
"202100048495";"115Â 076";"A01";"2";"33";"0";"2";"3";"1";"1";""
"202100048495";"115Â 077";"B01";"2";"7";"0";"2";"8";"11";"1";""
"202100048496";"115Â 074";"A01";"2";"7";"0";"0";"0";"26";"1";""
"202100048496";"115Â 075";"B01";"2";"7";"0";"0";"0";"0";"1";""
"202100048497";"115Â 072";"A01";"2";"14";"0";"2";"0";"1";"1";""
"202100048497";"115Â 073";"B01";"2";"7";"0";"2";"3";"2";"1";""
"202100048498";"115Â 069";"A01";"2";"7";"0";"2";"1";"2";"1";""
"202100048498";"115Â 070";"B01";"2";"7";"0";"2";"4";"2";"1";""
"202100048498";"115Â 071";"C01";"2";"7";"0";"2";"4";"2";"2";""
"202100048499";"115Â 067";"B01";"1";"30";"0";"2";"2";"12";"1";""
"202100048499";"115Â 068";"A01";"1";"15";"0";"2";"6";"1";"1";""
"202100048500";"115Â 065";"A01";"2";"33";"0";"2";"1";"3";"1";""
"202100048500";"115Â 066";"B01";"2";"10";"0";"2";"8";"11";"1";""
"202100048501";"115Â 064";"A01";"0";"39";"0";"1";"1";"1";"0";""
"202100048502";"115Â 063";"A01";"2";"7";"0";"1";"1";"1";"1";""
"202100048503";"115Â 061";"A01";"2";"33";"0";"2";"2";"16";"1";""
"202100048503";"115Â 062";"B01";"1";"7";"0";"2";"3";"1";"1";""
"202100048504";"115Â 059";"A01";"2";"7";"0";"2";"1";"9";"1";""
"202100048504";"115Â 060";"B01";"2";"7";"0";"2";"4";"23";"1";""
"202100048505";"115Â 058";"A01";"3";"1";"0";"1";"1";"1";"5";""
"202100048506";"115Â 056";"B01";"3";"1";"0";"0";"4";"15";"0";""
"202100048506";"115Â 057";"A01";"3";"7";"0";"9";"1";"16";"1";""
"202100048507";"115Â 054";"B01";"1";"7";"0";"2";"6";"21";"1";""
"202100048507";"115Â 055";"A01";"1";"7";"0";"2";"2";"2";"1";""
"202100048508";"115Â 052";"A01";"1";"7";"0";"2";"3";"9";"1";""
"202100048508";"115Â 053";"B01";"3";"1";"0";"2";"0";"0";"5";""
"202100048509";"115Â 051";"Z01";"2";"7";"0";"1";"1";"16";"0";""
"202100048510";"115Â 050";"A01";"3";"7";"0";"2";"1";"17";"1";""
"202100048511";"115Â 047";"C01";"3";"7";"1";"2";"8";"0";"1";""
"202100048511";"115Â 048";"B01";"3";"2";"0";"2";"3";"1";"1";""
"202100048511";"115Â 049";"A01";"3";"7";"0";"2";"1";"13";"1";""
"202100048512";"115Â 046";"A01";"3";"32";"0";"2";"3";"17";"1";""
"202100048513";"115Â 045";"Z01";"3";"37";"0";"1";"2";"1";"1";"1"
"202100048514";"115Â 043";"A01";"2";"14";"0";"2";"1";"1";"1";""
"202100048514";"115Â 044";"B01";"2";"7";"0";"0";"4";"1";"1";""
"202100048515";"115Â 041";"B01";"2";"7";"0";"2";"4";"0";"1";""
"202100048515";"115Â 042";"A01";"2";"2";"0";"2";"1";"1";"1";""
"202100048516";"115Â 039";"A01";"2";"7";"0";"2";"8";"9";"1";""
"202100048516";"115Â 040";"B01";"1";"30";"0";"2";"1";"1";"1";""
"202100048517";"115Â 037";"B01";"1";"7";"0";"2";"6";"23";"0";""
"202100048517";"115Â 038";"A01";"1";"7";"0";"2";"3";"1";"0";""
"202100048518";"115Â 035";"A01";"1";"14";"0";"2";"1";"13";"1";""
"202100048518";"115Â 036";"B01";"2";"17";"0";"2";"3";"1";"1";""
"202100048519";"115Â 032";"A01";"2";"7";"15";"0";"1";"1";"1";""
"202100048520";"115Â 030";"A01";"1";"7";"1";"2";"3";"23";"1";""
"202100048520";"115Â 031";"B01";"1";"1";"14";"0";"2";"25";"0";""
"202100048521";"115Â 027";"A01";"1";"10";"0";"2";"1";"2";"1";""
"202100048521";"115Â 028";"C01";"1";"7";"0";"2";"4";"23";"1";""
"202100048521";"115Â 029";"B01";"1";"7";"0";"2";"4";"23";"1";""
"202100048522";"115Â 025";"A01";"1";"32";"0";"2";"1";"1";"1";""
"202100048522";"115Â 026";"B01";"2";"7";"0";"2";"1";"15";"1";""
"202100048523";"115Â 023";"B01";"2";"7";"0";"2";"6";"15";"1";""
"202100048523";"115Â 024";"A01";"1";"7";"0";"2";"3";"1";"1";""
"202100048524";"115Â 021";"B01";"1";"1";"0";"2";"7";"19";"5";""
"202100048524";"115Â 022";"A01";"2";"7";"0";"2";"1";"1";"1";""
"202100048525";"115Â 019";"A01";"1";"10";"0";"2";"1";"1";"1";""
"202100048525";"115Â 020";"B01";"2";"1";"0";"2";"0";"0";"5";""
"202100048526";"115Â 017";"A01";"1";"7";"0";"2";"1";"15";"1";""
"202100048526";"115Â 018";"B01";"2";"7";"0";"2";"8";"1";"1";""
"202100048527";"115Â 015";"B01";"2";"7";"0";"2";"0";"0";"1";""
"202100048527";"115Â 016";"A01";"1";"2";"0";"2";"1";"13";"1";""
"202100048528";"115Â 012";"A01";"2";"7";"8";"2";"1";"1";"1";""
"202100048528";"115Â 013";"C01";"3";"7";"0";"2";"3";"1";"1";""
"202100048528";"115Â 014";"B01";"3";"7";"0";"2";"6";"1";"1";""
"202100048529";"115Â 010";"A01";"2";"80";"0";"2";"3";"15";"3";""
"202100048529";"115Â 011";"B01";"2";"7";"0";"2";"2";"23";"1";""
"202100048530";"115Â 008";"A01";"2";"10";"0";"2";"1";"1";"1";""
"202100048530";"115Â 009";"B01";"1";"1";"0";"2";"3";"15";"5";""
"202100048531";"115Â 006";"B01";"2";"7";"0";"2";"1";"1";"1";""
"202100048531";"115Â 007";"A01";"1";"7";"0";"2";"7";"15";"1";""
"202100048532";"115Â 004";"A01";"1";"2";"0";"2";"7";"15";"1";""
"202100048532";"115Â 005";"B01";"2";"7";"0";"2";"2";"1";"1";""
"202100048533";"115Â 002";"B01";"3";"7";"0";"2";"4";"1";"1";""
"202100048533";"115Â 003";"A01";"3";"1";"0";"2";"1";"2";"5";""
"202100048534";"115Â 000";"A01";"1";"30";"0";"2";"2";"12";"1";""
"202100048534";"115Â 001";"B01";"2";"30";"0";"2";"3";"1";"1";""
"202100048535";"114Â 998";"A01";"1";"7";"0";"2";"7";"12";"1";""
"202100048535";"114Â 999";"B01";"1";"1";"0";"2";"8";"0";"5";""
"202100048536";"114Â 995";"B01";"0";"7";"0";"2";"4";"23";"1";""
"202100048536";"114Â 996";"C01";"1";"7";"0";"0";"4";"23";"1";""
"202100048536";"114Â 997";"A01";"1";"37";"0";"2";"1";"2";"6";"1"
"202100048537";"114Â 993";"A01";"3";"7";"0";"2";"2";"21";"1";""
"202100048537";"114Â 994";"B01";"3";"7";"0";"2";"3";"9";"1";""
"202100048538";"114Â 991";"A01";"1";"17";"0";"2";"3";"15";"1";""
"202100048538";"114Â 992";"B01";"1";"7";"0";"2";"0";"1";"1";""
"202100048539";"114Â 989";"B01";"1";"10";"0";"2";"1";"1";"1";""
"202100048539";"114Â 990";"A01";"1";"7";"0";"2";"8";"16";"1";""
"202100048540";"114Â 987";"A01";"1";"7";"8";"0";"5";"13";"1";""
"202100048541";"114Â 985";"A01";"1";"7";"0";"2";"2";"1";"1";""
"202100048541";"114Â 986";"B01";"3";"80";"0";"2";"3";"19";"3";""
"202100048542";"114Â 984";"A01";"1";"7";"0";"1";"8";"1";"1";""
"202100048543";"114Â 983";"A01";"2";"7";"14";"0";"3";"13";"1";""
"202100048544";"114Â 980";"A01";"3";"7";"0";"2";"1";"2";"1";""
"202100048544";"114Â 981";"B01";"3";"7";"0";"2";"1";"2";"1";""
"202100048544";"114Â 982";"C01";"3";"7";"0";"9";"4";"2";"2";""
"202100048545";"114Â 979";"A01";"2";"7";"0";"1";"2";"16";"1";""
"202100048546";"114Â 977";"B01";"1";"14";"0";"2";"0";"0";"1";""
"202100048546";"114Â 978";"A01";"1";"7";"4";"2";"0";"9";"1";""
"202100048547";"114Â 975";"B01";"3";"14";"0";"2";"2";"1";"1";""
"202100048547";"114Â 976";"A01";"0";"7";"9";"2";"7";"15";"1";""
"202100048548";"114Â 973";"B01";"2";"7";"0";"2";"1";"1";"1";""
"202100048548";"114Â 974";"A01";"2";"7";"0";"2";"1";"1";"1";""
"202100048549";"114Â 971";"A01";"1";"7";"0";"2";"3";"15";"1";""
"202100048549";"114Â 972";"B01";"2";"10";"0";"2";"1";"1";"1";""
"202100048550";"114Â 969";"A01";"2";"7";"0";"2";"1";"0";"1";""
"202100048550";"114Â 970";"B01";"2";"7";"0";"2";"2";"1";"1";""
"202100048551";"114Â 968";"A01";"0";"7";"0";"1";"2";"1";"1";""
"202100048552";"114Â 966";"A01";"3";"7";"0";"2";"7";"19";"1";""
"202100048552";"114Â 967";"B01";"3";"7";"0";"2";"1";"26";"1";""
"202100048553";"114Â 962";"B01";"3";"80";"0";"2";"4";"1";"3";""
"202100048553";"114Â 963";"A01";"3";"13";"0";"2";"4";"4";"1";""
"202100048554";"114Â 959";"A01";"2";"7";"0";"2";"3";"1";"1";""
"202100048554";"114Â 960";"B01";"2";"7";"0";"2";"4";"0";"1";""
"202100048554";"114Â 961";"C01";"2";"7";"0";"2";"6";"1";"1";""
"202100048555";"114Â 958";"A01";"1";"7";"0";"1";"2";"1";"1";""
"202100048556";"114Â 957";"A01";"1";"10";"0";"1";"1";"1";"3";""
"202100048557";"114Â 955";"B01";"1";"32";"0";"1";"8";"1";"1";""
"202100048557";"114Â 956";"A01";"2";"7";"0";"2";"1";"19";"1";""
"202100048558";"114Â 953";"A01";"2";"7";"0";"2";"1";"19";"0";""
"202100048558";"114Â 954";"B01";"2";"7";"0";"9";"3";"23";"1";""
"202100048559";"114Â 952";"A01";"0";"37";"0";"1";"5";"14";"1";"1"
"202100048560";"114Â 950";"A01";"1";"7";"0";"2";"2";"1";"1";""
"202100048560";"114Â 951";"B01";"1";"32";"0";"2";"1";"1";"1";""
"202100048561";"114Â 949";"A01";"1";"7";"0";"1";"1";"1";"1";""
"202100048562";"114Â 948";"A01";"1";"2";"0";"0";"0";"7";"1";""
"202100048563";"114Â 947";"A01";"1";"1";"12";"0";"1";"9";"5";""
"202100048564";"114Â 945";"A01";"1";"10";"0";"2";"8";"13";"1";""
"202100048564";"114Â 946";"B01";"1";"32";"0";"2";"7";"1";"1";""
"202100048565";"114Â 943";"B01";"2";"31";"0";"2";"3";"1";"1";""
"202100048565";"114Â 944";"A01";"2";"7";"0";"2";"2";"1";"1";""
"202100048566";"114Â 941";"B01";"3";"7";"0";"2";"3";"1";"1";""
"202100048566";"114Â 942";"A01";"1";"32";"1";"2";"1";"1";"1";""
"202100048567";"114Â 939";"A01";"1";"30";"0";"2";"7";"1";"1";""
"202100048567";"114Â 940";"B01";"1";"10";"0";"2";"1";"15";"1";""
"202100048568";"114Â 938";"A01";"1";"1";"0";"0";"0";"1";"5";""
"202100048569";"114Â 936";"B01";"2";"32";"0";"2";"1";"1";"1";""
"202100048569";"114Â 937";"A01";"1";"7";"0";"2";"6";"10";"1";""
"202100048570";"114Â 934";"B01";"1";"2";"0";"2";"2";"17";"1";""
"202100048570";"114Â 935";"A01";"1";"7";"0";"2";"3";"1";"1";""
"202100048571";"114Â 932";"B01";"1";"14";"0";"2";"3";"13";"1";""
"202100048571";"114Â 933";"A01";"1";"34";"0";"2";"2";"17";"1";""
"202100048572";"114Â 930";"A01";"1";"7";"0";"2";"3";"9";"1";""
"202100048572";"114Â 931";"B01";"1";"30";"0";"2";"2";"1";"1";""
"202100048573";"114Â 929";"A01";"1";"10";"0";"1";"4";"20";"1";""
"202100048574";"114Â 927";"A01";"1";"7";"0";"2";"1";"1";"1";""
"202100048574";"114Â 928";"B01";"1";"7";"0";"2";"4";"24";"1";""
"202100048575";"114Â 926";"A01";"2";"10";"0";"1";"2";"16";"1";""
"202100048576";"114Â 924";"A01";"1";"10";"0";"2";"1";"1";"1";""
"202100048576";"114Â 925";"B01";"2";"14";"0";"2";"0";"1";"1";""
"202100048577";"114Â 922";"Z01";"1";"32";"0";"2";"1";"2";"1";""
"202100048577";"114Â 923";"A01";"1";"32";"0";"2";"4";"23";"1";""
"202100048578";"114Â 920";"A01";"2";"7";"0";"2";"3";"1";"1";""
"202100048578";"114Â 921";"B01";"1";"7";"0";"2";"1";"15";"1";""
"202100048579";"114Â 919";"Z01";"2";"80";"0";"1";"1";"21";"3";""
"202100048580";"114Â 917";"B01";"2";"10";"0";"2";"8";"1";"1";""
"202100048580";"114Â 918";"A01";"1";"7";"0";"2";"1";"1";"1";""
"202100048581";"114Â 915";"A01";"1";"10";"0";"2";"0";"19";"1";""
"202100048581";"114Â 916";"B01";"1";"50";"0";"2";"6";"1";"3";""
"202100048582";"114Â 914";"A01";"2";"7";"0";"1";"3";"21";"1";""
"202100048583";"114Â 913";"A01";"1";"30";"0";"0";"1";"1";"1";""
"202100048584";"114Â 912";"A01";"2";"2";"0";"0";"8";"0";"1";""
"202100048585";"114Â 911";"A01";"1";"7";"0";"1";"2";"1";"1";""
"202100048586";"114Â 910";"A01";"2";"43";"0";"1";"7";"2";"1";""
"202100048587";"114Â 909";"A01";"1";"34";"0";"2";"2";"17";"1";""
"202100048588";"114Â 908";"A01";"3";"10";"0";"1";"4";"4";"3";""
"202100048589";"114Â 906";"A01";" -1";"7";"0";"2";"5";"15";"1";""
"202100048589";"114Â 907";"B01";" -1";"33";"0";"2";"3";"21";"1";""
"202100048590";"114Â 904";"B01";"2";"32";"0";"2";"8";"1";"1";""
"202100048590";"114Â 905";"A01";"1";"7";"0";"2";"1";"15";"1";""
"202100048591";"114Â 902";"Y01";"1";"1";"0";"2";"1";"26";"0";""
"202100048591";"114Â 903";"A01";"1";"7";"0";"0";"3";"9";"2";""
"202100048592";"114Â 900";"B01";" -1";"7";"0";"2";"0";"0";"0";""
"202100048592";"114Â 901";"A01";"0";"7";"0";"2";"3";"9";"1";""
"202100048593";"114Â 899";"A01";"1";"7";"1";"0";"2";"1";"1";""
"202100048594";"114Â 897";"B01";"1";"7";"0";"2";"3";"15";"1";""
"202100048594";"114Â 898";"A01";"2";"31";"0";"2";"3";"1";"1";""
"202100048595";"114Â 895";"Z01";"1";"7";"0";"2";"1";"0";"0";""
"202100048595";"114Â 896";"A01";"1";"30";"0";"2";"4";"23";"1";""
"202100048596";"114Â 893";"A01";"2";"7";"0";"2";"2";"15";"1";""
"202100048596";"114Â 894";"B01";"1";"33";"0";"2";"1";"1";"1";""
"202100048597";"114Â 892";"A01";"2";"15";"0";"1";"3";"13";"1";""
"202100048598";"114Â 891";"A01";"1";"7";"2";"0";"8";"0";"1";""
"202100048599";"114Â 890";"A01";"2";"10";"0";"1";"1";"1";"1";""
"202100048600";"114Â 889";"A01";"3";"7";"16";"0";"0";"14";"1";""
"202100048601";"114Â 887";"A01";"1";"31";"0";"2";"1";"1";"1";""
"202100048601";"114Â 888";"B01";"2";"7";"0";"2";"3";"10";"1";""
"202100048602";"114Â 885";"A01";"1";"7";"0";"2";"2";"16";"1";""
"202100048602";"114Â 886";"B01";"2";"50";"0";"0";"6";"1";"3";""
"202100048603";"114Â 881";"A01";"1";"7";"0";"2";"2";"1";"1";""
"202100048603";"114Â 882";"B01";"1";"80";"0";"2";"1";"1";"3";""
"202100048604";"114Â 879";"B01";"2";"7";"0";"2";"1";"1";"1";""
"202100048604";"114Â 880";"A01";"1";"31";"0";"2";"1";"13";"1";""
"202100048605";"114Â 878";"A01";"2";"7";"10";"0";"1";"19";"1";""
"202100048606";"114Â 877";"A01";"3";"14";"0";"1";"2";"15";"1";""
"202100048607";"114Â 873";"B01";"2";"1";"1";"0";"1";"2";"5";""
"202100048607";"114Â 874";"A01";"2";"14";"0";"0";"6";"0";"0";""
"202100048608";"114Â 872";"A01";"1";"7";"0";"1";"3";"15";"1";""
"202100048609";"114Â 871";"A01";"3";"2";"0";"0";"0";"1";"1";""
"202100048610";"114Â 870";"A01";"1";"7";"10";"0";"2";"1";"1";""