"Num_Acc";"id_vehicule";"num_veh";"senc";"catv";"obs";"obsm";"choc";"manv";"motor";"occutc"
"202100048611";"114Â 868";"A01";"2";"7";"15";"2";"3";"1";"1";""
"202100048611";"114Â 869";"B01";"0";"7";"7";"2";"7";"1";"1";""
"202100048612";"114Â 867";"A01";"3";"7";"2";"0";"1";"1";"1";""
"202100048613";"114Â 866";"A01";"2";"7";"2";"0";"1";"19";"1";""
"202100048614";"114Â 865";"A01";"2";"10";"0";"1";"7";"1";"1";""
"202100048615";"114Â 864";"A01";"1";"2";"0";"0";"0";"1";"1";""
"202100048616";"114Â 863";"A01";"1";"33";"0";"0";"2";"1";"1";""
"202100048617";"114Â 860";"A01";"0";"2";"0";"0";"6";"2";"1";""
"202100048618";"114Â 858";"B01";"1";"7";"0";"2";"4";"15";"1";""
"202100048618";"114Â 859";"A01";"1";"7";"0";"2";"1";"1";"1";""
"202100048619";"114Â 856";"B01";"2";"7";"0";"2";"3";"1";"1";""
"202100048619";"114Â 857";"A01";"1";"7";"0";"2";"3";"0";"1";""
"202100048620";"114Â 855";"A01";"1";"7";"8";"0";"7";"0";"1";""
"202100048621";"114Â 854";"A01";"1";"7";"0";"1";"3";"17";"2";""
"202100048622";"114Â 852";"A01";"1";"7";"0";"2";"1";"1";"1";""
"202100048622";"114Â 853";"B01";"1";"1";"0";"2";"4";"14";"5";""
"202100048623";"114Â 850";"B01";"1";"7";"0";"0";"4";"2";"1";""
"202100048623";"114Â 851";"A01";"1";"7";"0";"0";"1";"2";"1";""
"202100048624";"114Â 849";"A01";"2";"7";"8";"0";"1";"1";"1";""
"202100048625";"114Â 844";"E01";"1";"17";"0";"0";"4";"1";"1";""
"202100048625";"114Â 845";"A01";"1";"17";"0";"2";"2";"11";"1";""
"202100048625";"114Â 846";"B01";"1";"7";"0";"2";"4";"1";"1";""
"202100048625";"114Â 847";"C01";"1";"7";"0";"2";"4";"1";"1";""
"202100048625";"114Â 848";"D01";"1";"7";"0";"2";"4";"1";"1";""
"202100048626";"114Â 842";"B01";"1";"17";"0";"2";"1";"1";"1";""
"202100048626";"114Â 843";"A01";"2";"7";"0";"2";"2";"1";"1";""
"202100048627";"114Â 841";"A01";"1";"33";"5";"0";"7";"14";"1";""
"202100048628";"114Â 838";"B01";"0";"2";"0";"2";"1";"18";"1";""
"202100048628";"114Â 839";"A01";"0";"7";"0";"2";"7";"16";"1";""
"202100048629";"114Â 836";"B01";"1";"7";"0";"2";"2";"2";"1";""
"202100048629";"114Â 837";"A01";"1";"10";"0";"2";"6";"1";"1";""
"202100048630";"114Â 834";"B01";"3";"7";"0";"2";"3";"19";"1";""
"202100048630";"114Â 835";"A01";"2";"7";"0";"2";"2";"1";"1";""
"202100048631";"114Â 832";"A01";"2";"31";"0";"2";"1";"1";"1";""
"202100048631";"114Â 833";"B01";"2";"7";"0";"2";"3";"15";"1";""
"202100048632";"114Â 830";"B01";"2";"10";"0";"2";"3";"1";"1";""
"202100048632";"114Â 831";"A01";"1";"7";"0";"2";"1";"1";"1";""
"202100048633";"114Â 829";"A01";"1";"7";"2";"0";"8";"13";"1";""
"202100048634";"114Â 827";"A01";"2";"33";"0";"2";"2";"2";"1";""
"202100048634";"114Â 828";"B01";"2";"7";"0";"2";"3";"1";"1";""
"202100048635";"114Â 823";"B01";"2";"10";"0";"2";"1";"2";"1";""
"202100048635";"114Â 824";"A01";"2";"7";"0";"2";"4";"2";"3";""
"202100048636";"114Â 820";"B01";"2";"7";"0";"2";"4";"2";"1";""
"202100048636";"114Â 821";"A01";"2";"7";"0";"2";"4";"2";"1";""
"202100048636";"114Â 822";"C01";"2";"10";"0";"2";"1";"2";"1";""
"202100048637";"114Â 817";"C01";"1";"7";"0";"2";"5";"1";"0";""
"202100048637";"114Â 818";"B01";"2";"7";"0";"2";"4";"1";"1";""
"202100048637";"114Â 819";"A01";"2";"7";"0";"2";"1";"11";"1";""
"202100048638";"114Â 816";"A01";"2";"7";"4";"0";"9";"0";"1";""
"202100048639";"114Â 813";"A01";"1";"7";"0";"2";"4";"2";"1";""
"202100048639";"114Â 814";"C01";"1";"7";"0";"2";"1";"2";"1";""
"202100048639";"114Â 815";"B01";"1";"7";"0";"2";"4";"2";"1";""
"202100048640";"114Â 810";"A01";"2";"7";"0";"2";"1";"2";"1";""
"202100048640";"114Â 811";"B01";"2";"7";"0";"2";"4";"2";"1";""
"202100048640";"114Â 812";"C01";"2";"7";"0";"2";"4";"2";"1";""
"202100048641";"114Â 809";"A01";"2";"7";"4";"0";"2";"0";"1";""
"202100048642";"114Â 807";"B01";"1";"33";"4";"2";"3";"9";"1";""
"202100048642";"114Â 808";"A01";"1";"17";"0";"2";"7";"1";"1";""
"202100048643";"114Â 805";"B01";"2";"7";"0";"2";"4";"1";"1";""
"202100048643";"114Â 806";"A01";"2";"32";"0";"2";"1";"0";"1";""
"202100048644";"114Â 804";"A01";"3";"7";"0";"1";"2";"0";"1";""
"202100048645";"114Â 802";"A01";"1";"7";"0";"2";"5";"15";"1";""
"202100048645";"114Â 803";"B01";"1";"32";"0";"2";"1";"3";"1";""
"202100048646";"114Â 801";"A01";"3";"7";"0";"1";"1";"1";"1";""
"202100048647";"114Â 799";"B01";"1";"7";"0";"2";"1";"1";"1";""
"202100048647";"114Â 800";"A01";"1";"7";"0";"2";"2";"1";"1";""
"202100048648";"114Â 798";"A01";"1";"7";"0";"1";"0";"0";"0";""
"202100048649";"114Â 797";"A01";"3";"32";"0";"1";"1";"0";"1";""
"202100048650";"114Â 795";"B01";"2";"7";"0";"2";"8";"15";"1";""
"202100048650";"114Â 796";"A01";"2";"1";"0";"2";"1";"17";"5";""
"202100048651";"114Â 794";"A01";"2";"2";"14";"0";"1";"1";"1";""
"202100048652";"114Â 791";"A01";"1";"7";"0";"2";"1";"2";"1";""
"202100048652";"114Â 792";"B01";"1";"7";"0";"2";"6";"2";"1";""
"202100048652";"114Â 793";"C01";"1";"7";"0";"2";"4";"21";"1";""
"202100048653";"114Â 789";"A01";"2";"33";"0";"2";"1";"1";"1";""
"202100048653";"114Â 790";"B01";"2";"14";"0";"2";"2";"15";"1";""
"202100048654";"114Â 788";"A01";"3";"37";"1";"1";"5";"16";"1";"1"
"202100048655";"114Â 784";"A01";"1";"7";"0";"2";"3";"15";"1";""
"202100048655";"114Â 785";"B01";"1";"7";"0";"2";"1";"1";"1";""
"202100048655";"114Â 786";"C01";"1";"7";"0";"2";"9";"1";"1";""
"202100048655";"114Â 787";"D01";"1";"7";"1";"0";"4";"24";"1";""
"202100048656";"114Â 783";"A01";"2";"7";"0";"0";"1";"9";"1";""
"202100048657";"114Â 781";"B01";"1";"34";"0";"2";"1";"1";"1";""
"202100048657";"114Â 782";"A01";"2";"7";"0";"2";"3";"15";"1";""
"202100048658";"114Â 778";"B01";"3";"32";"0";"2";"7";"1";"1";""
"202100048658";"114Â 779";"A01";"3";"7";"0";"2";"1";"9";"1";""
"202100048659";"114Â 776";"B01";"2";"1";"0";"2";"1";"26";"5";""
"202100048659";"114Â 777";"A01";"0";"7";"0";"2";"3";"26";"1";""
"202100048660";"114Â 775";"A01";"2";"7";"0";"1";"2";"1";"1";""
"202100048661";"114Â 773";"B01";"3";"33";"0";"2";"1";"1";"0";""
"202100048661";"114Â 774";"A01";"3";"7";"0";"2";"2";"17";"0";""
"202100048662";"114Â 771";"A01";"0";"7";"0";"2";"1";"2";"1";""
"202100048662";"114Â 772";"B01";"3";"13";"0";"2";"4";"23";"1";""
"202100048663";"114Â 770";"A01";"2";"32";"0";"0";"0";"0";"1";""
"202100048664";"114Â 768";"B01";"2";"50";"0";"2";"1";"1";"3";""
"202100048664";"114Â 769";"A01";"1";"10";"0";"2";"0";"10";"3";""
"202100048665";"114Â 766";"B01";"1";"7";"0";"2";"3";"9";"1";""
"202100048665";"114Â 767";"A01";"1";"7";"0";"2";"1";"9";"1";""
"202100048666";"114Â 764";"A01";"2";"1";"0";"2";"1";"15";"5";""
"202100048666";"114Â 765";"B01";"1";"7";"0";"2";"1";"1";"1";""
"202100048667";"114Â 762";"A01";"1";"7";"0";"2";"1";"20";"1";""
"202100048667";"114Â 763";"B01";"3";"7";"0";"2";"3";"1";"1";""
"202100048668";"114Â 761";"A01";"2";"33";"15";"0";"1";"14";"1";""
"202100048669";"114Â 759";"A01";"1";"7";"0";"2";"1";"19";"1";""
"202100048669";"114Â 760";"B01";"3";"7";"0";"2";"7";"1";"1";""
"202100048670";"114Â 758";"A01";"1";"2";"0";"2";"0";"1";"3";""
"202100048671";"114Â 757";"Z01";"0";"7";"0";"1";"3";"9";"0";""
"202100048672";"114Â 755";"A01";"1";"2";"0";"2";"8";"9";"1";""
"202100048672";"114Â 756";"Z01";"2";"7";"0";"2";"1";"26";"0";""
"202100048673";"114Â 754";"A01";"1";"31";"0";"0";"0";"23";"1";""
"202100048674";"114Â 752";"B01";"2";"33";"0";"2";"2";"12";"1";""
"202100048674";"114Â 753";"A01";"2";"7";"0";"2";"3";"13";"1";""
"202100048675";"114Â 749";"Z01";"3";"99";"0";"1";"0";"17";"6";""
"202100048676";"114Â 747";"B01";"3";"7";"0";"2";"8";"1";"1";""
"202100048676";"114Â 748";"A01";"2";"7";"0";"2";"1";"1";"1";""
"202100048677";"114Â 745";"A01";"3";"7";"0";"2";"1";"2";"1";""
"202100048677";"114Â 746";"B01";"3";"13";"0";"2";"4";"2";"1";""
"202100048678";"114Â 743";"A01";"1";"15";"0";"2";"5";"14";"1";""
"202100048678";"114Â 744";"B01";"1";"80";"0";"2";"1";"7";"3";""
"202100048679";"114Â 741";"B01";"1";"33";"0";"2";"2";"1";"1";""
"202100048679";"114Â 742";"A01";"1";"7";"0";"2";"3";"11";"1";""
"202100048680";"114Â 739";"A01";"1";"33";"14";"0";"3";"12";"1";""
"202100048680";"114Â 740";"B01";"1";"7";"0";"2";"3";"9";"1";""
"202100048681";"114Â 737";"A01";"1";"15";"0";"2";"7";"17";"1";""
"202100048681";"114Â 738";"B01";"1";"3";"0";"2";"3";"15";"1";""
"202100048682";"114Â 735";"B01";"3";"7";"0";"2";"2";"1";"0";""
"202100048682";"114Â 736";"A01";"3";"7";"0";"2";"1";"1";"1";""
"202100048683";"114Â 733";"B01";"1";"7";"0";"2";"2";"1";"1";""
"202100048683";"114Â 734";"A01";"2";"30";"0";"2";"8";"26";"1";""
"202100048684";"114Â 732";"A01";"0";"32";"0";"1";"2";"17";"1";""
"202100048685";"114Â 730";"B01";"2";"7";"0";"2";"3";"15";"1";""
"202100048685";"114Â 731";"A01";"2";"1";"0";"2";"1";"1";"5";""
"202100048686";"114Â 728";"A01";"1";"7";"0";"2";"3";"1";"0";""
"202100048686";"114Â 729";"Z01";"1";"7";"0";"2";"0";"0";"0";""
"202100048687";"114Â 726";"A01";"0";"34";"0";"2";"1";"1";"1";""
"202100048687";"114Â 727";"B01";"0";"7";"0";"2";"6";"0";"1";""
"202100048688";"114Â 724";"A01";"1";"7";"0";"2";"0";"0";"1";""
"202100048688";"114Â 725";"B01";"1";"3";"0";"2";"0";"24";"3";""
"202100048689";"114Â 721";"C01";"2";"7";"0";"2";"8";"1";"1";""
"202100048689";"114Â 722";"A01";"1";"30";"0";"2";"1";"1";"1";""
"202100048689";"114Â 723";"B01";"1";"32";"0";"2";"1";"1";"1";""
"202100048690";"114Â 720";"A01";"1";"34";"0";"1";"2";"2";"1";""
"202100048691";"114Â 718";"B01";"2";"32";"1";"0";"1";"2";"1";""
"202100048691";"114Â 719";"A01";"2";"15";"0";"2";"6";"24";"1";""
"202100048692";"114Â 717";"A01";"0";"30";"0";"0";"0";"1";"1";""
"202100048693";"114Â 716";"A01";"2";"10";"0";"1";"2";"1";"1";""
"202100048694";"114Â 715";"A01";"2";"30";"1";"1";"1";"1";"3";""
"202100048695";"114Â 713";"A01";"3";"7";"0";"2";"6";"15";"1";""
"202100048695";"114Â 714";"B01";"3";"32";"0";"2";"7";"17";"1";""
"202100048696";"114Â 711";"B01";"2";"50";"0";"2";"1";"1";"3";""
"202100048696";"114Â 712";"A01";"1";"7";"0";"2";"5";"15";"2";""
"202100048697";"114Â 709";"A01";"3";"34";"0";"2";"1";"17";"1";""
"202100048697";"114Â 710";"B01";"3";"7";"0";"2";"8";"10";"1";""
"202100048698";"114Â 707";"B01";"1";"7";"1";"1";"0";"23";"1";""
"202100048698";"114Â 708";"A01";"1";"7";"0";"2";"1";"1";"2";""
"202100048699";"114Â 706";"A01";"1";"7";"0";"1";"2";"1";"1";""
"202100048700";"114Â 705";"A01";"1";"1";"0";"1";"1";"21";"5";""
"202100048701";"114Â 703";"A01";"1";"1";"0";"2";"1";"19";"5";""
"202100048701";"114Â 704";"B01";"1";"7";"0";"2";"6";"15";"1";""
"202100048702";"114Â 701";"A01";"2";"7";"0";"2";"8";"22";"1";""
"202100048702";"114Â 702";"B01";"1";"1";"0";"2";"1";"1";"5";""
"202100048703";"114Â 699";"A01";"1";"7";"0";"2";"1";"1";"1";""
"202100048703";"114Â 700";"B01";"1";"7";"0";"2";"1";"11";"1";""
"202100048704";"114Â 698";"A01";"1";"7";"0";"1";"3";"1";"1";""
"202100048705";"114Â 697";"A01";"2";"7";"1";"1";"3";"1";"1";""
"202100048706";"114Â 695";"A01";"2";"33";"0";"2";"1";"5";"1";""
"202100048706";"114Â 696";"B01";"1";"7";"0";"2";"1";"1";"1";""
"202100048707";"114Â 693";"B01";"2";"10";"1";"0";"1";"0";"1";""
"202100048707";"114Â 694";"A01";"2";"7";"1";"0";"0";"0";"2";""
"202100048708";"114Â 692";"A01";"1";"7";"1";"2";"7";"2";"1";""
"202100048709";"114Â 691";"A01";"3";"7";"0";"1";"2";"2";"0";""
"202100048710";"114Â 689";"B01";"3";"30";"0";"2";"3";"19";"6";""
"202100048710";"114Â 690";"A01";"3";"32";"0";"2";"5";"9";"6";""
"202100048711";"114Â 687";"A01";"2";"10";"0";"2";"2";"1";"1";""
"202100048711";"114Â 688";"B01";"2";"99";"0";"2";"3";"9";"0";""
"202100048712";"114Â 686";"A01";"2";"34";"0";"1";"0";"17";"0";""
"202100048713";"114Â 685";"A01";"2";"7";"1";"1";"3";"17";"1";""
"202100048714";"114Â 683";"B01";"1";"30";"0";"0";"0";"0";"1";""
"202100048714";"114Â 684";"A01";"1";"7";"0";"0";"1";"15";"1";""
"202100048715";"114Â 682";"A01";"0";"7";"0";"1";"2";"9";"1";""
"202100048716";"114Â 681";"A01";"3";"7";"15";"2";"1";"13";"1";""
"202100048717";"114Â 679";"B01";"1";"60";"0";"2";"7";"19";"5";""
"202100048717";"114Â 680";"A01";"1";"30";"0";"2";"1";"18";"1";""
"202100048718";"114Â 677";"A01";"3";"7";"0";"2";"1";"15";"1";""
"202100048718";"114Â 678";"B01";"2";"1";"0";"2";"1";"1";"5";""
"202100048719";"114Â 675";"A01";"2";"17";"0";"2";"8";"16";"1";""
"202100048719";"114Â 676";"B01";"2";"33";"0";"0";"0";"1";"1";""
"202100048720";"114Â 674";"A01";"2";"7";"0";"1";"0";"1";"0";""
"202100048721";"114Â 671";"B01";"1";"32";"0";"2";"1";"1";"1";""
"202100048721";"114Â 672";"C01";"1";"7";"0";"2";"7";"14";"1";""
"202100048721";"114Â 673";"Z01";"2";"7";"0";"2";"1";"15";"0";""
"202100048722";"114Â 669";"B01";"1";"7";"0";"2";"1";"15";"1";""
"202100048722";"114Â 670";"A01";"2";"10";"0";"2";"2";"1";"1";""
"202100048723";"114Â 667";"B01";"2";"7";"0";"2";"5";"1";"1";""
"202100048723";"114Â 668";"A01";"2";"7";"0";"2";"1";"1";"1";""
"202100048724";"114Â 666";"A01";"3";"2";"13";"0";"1";"1";"1";""
"202100048725";"114Â 665";"A01";"1";"10";"0";"0";"0";"13";"1";""
"202100048726";"114Â 663";"B01";"2";"1";"0";"2";"8";"2";"5";""
"202100048726";"114Â 664";"A01";"2";"7";"0";"2";"7";"2";"1";""
"202100048727";"114Â 661";"B01";"2";"7";"0";"2";"1";"1";"1";""
"202100048727";"114Â 662";"A01";"0";"7";"7";"0";"7";"19";"1";""
"202100048728";"114Â 659";"A01";"2";"7";"0";"0";"2";"1";"1";""
"202100048728";"114Â 660";"B01";"2";"33";"0";"2";"3";"11";"1";""
"202100048729";"114Â 657";"B01";"2";"1";"0";"2";"8";"1";"5";""
"202100048729";"114Â 658";"A01";"1";"7";"0";"9";"1";"15";"1";""
"202100048730";"114Â 655";"A01";"1";"7";"0";"2";"4";"2";"1";""
"202100048730";"114Â 656";"B01";"1";"7";"0";"2";"1";"2";"1";""
"202100048731";"114Â 654";"A01";"3";"33";"0";"0";"1";"1";"1";""
"202100048732";"114Â 653";"A01";"2";"10";"2";"0";"3";"0";"1";""
"202100048733";"114Â 651";"A01";"1";"10";"0";"2";"3";"15";"1";""
"202100048733";"114Â 652";"B01";"2";"33";"0";"2";"1";"1";"1";""
"202100048734";"114Â 649";"B01";"2";"7";"0";"2";"4";"1";"1";""
"202100048734";"114Â 650";"A01";"2";"33";"0";"2";"1";"1";"1";""
"202100048735";"114Â 648";"A01";"1";"7";"6";"0";"8";"1";"1";""
"202100048736";"114Â 646";"B01";"2";"7";"0";"2";"4";"1";"1";""
"202100048736";"114Â 647";"A01";"1";"7";"0";"2";"2";"1";"1";""
"202100048737";"114Â 644";"A01";"1";"7";"0";"2";"3";"1";"1";""
"202100048737";"114Â 645";"B01";"2";"7";"0";"2";"1";"19";"1";""
"202100048738";"114Â 643";"A01";"1";"7";"2";"0";"1";"1";"1";""
"202100048739";"114Â 642";"A01";"1";"2";"13";"0";"0";"1";"1";""
"202100048740";"114Â 641";"A01";"1";"7";"8";"0";"1";"0";"1";""
"202100048741";"114Â 639";"B01";"2";"7";"0";"2";"3";"1";"1";""
"202100048741";"114Â 640";"A01";"1";"7";"0";"2";"3";"13";"1";""
"202100048742";"114Â 637";"B01";"2";"7";"0";"2";"7";"1";"1";""
"202100048742";"114Â 638";"A01";"1";"7";"0";"2";"1";"1";"1";""
"202100048743";"114Â 635";"A01";"2";"7";"0";"2";"8";"19";"1";""
"202100048743";"114Â 636";"B01";"1";"7";"0";"2";"1";"1";"1";""
"202100048744";"114Â 633";"B01";"1";"10";"3";"2";"4";"11";"1";""
"202100048744";"114Â 634";"A01";"1";"7";"0";"2";"1";"17";"1";""
"202100048745";"114Â 631";"B01";"2";"33";"0";"2";"1";"1";"1";""
"202100048745";"114Â 632";"A01";"2";"7";"0";"2";"3";"10";"1";""
"202100048746";"114Â 630";"A01";"3";"50";"14";"0";"1";"1";"3";""
"202100048747";"114Â 628";"A01";"2";"1";"0";"2";"3";"2";"0";""
"202100048747";"114Â 629";"B01";"2";"7";"0";"9";"2";"0";"1";""
"202100048748";"114Â 626";"B01";"2";"7";"0";"2";"6";"15";"1";""
"202100048748";"114Â 627";"A01";"1";"7";"0";"2";"1";"1";"1";""
"202100048749";"114Â 624";"A01";"2";"7";"0";"2";"2";"13";"1";""
"202100048749";"114Â 625";"B01";"1";"31";"0";"2";"1";"0";"1";""
"202100048750";"114Â 623";"A01";"3";"1";"0";"0";"0";"0";"5";""
"202100048751";"114Â 621";"A01";"0";"7";"0";"2";"2";"19";"1";""
"202100048751";"114Â 622";"B01";"1";"7";"0";"2";"3";"1";"1";""
"202100048752";"114Â 619";"A01";"3";"2";"0";"2";"1";"1";"1";""
"202100048752";"114Â 620";"B01";"3";"7";"0";"0";"4";"1";"1";""
"202100048753";"114Â 618";"A01";"2";"2";"17";"0";"1";"1";"1";""
"202100048754";"114Â 617";"A01";"1";"7";"13";"0";"3";"13";"1";""
"202100048755";"114Â 616";"A01";"1";"7";"0";"1";"2";"2";"1";""
"202100048756";"114Â 615";"A01";"2";"7";"0";"1";"3";"15";"1";""
"202100048757";"114Â 614";"A01";"2";"33";"0";"0";"0";"0";"1";""
"202100048758";"114Â 612";"A01";"1";"7";"14";"0";"3";"1";"1";""
"202100048758";"114Â 613";"B01";"1";"15";"0";"2";"5";"23";"1";""
"202100048759";"114Â 609";"A01";"1";"7";"0";"2";"1";"2";"1";""
"202100048759";"114Â 610";"B01";"1";"7";"0";"2";"4";"21";"1";""
"202100048759";"114Â 611";"C01";"1";"7";"0";"2";"4";"2";"1";""
"202100048760";"114Â 607";"B01";"2";"15";"0";"2";"2";"12";"1";""
"202100048760";"114Â 608";"A01";"2";"7";"0";"2";"6";"1";"1";""
"202100048761";"114Â 606";"A01";"2";"33";"0";"0";"0";"0";"1";""
"202100048762";"114Â 604";"B01";"2";"7";"0";"2";"6";"11";"1";""
"202100048762";"114Â 605";"A01";"2";"7";"0";"2";"2";"1";"1";""
"202100048763";"114Â 603";"A01";"1";"13";"3";"2";"4";"2";"1";""
"202100048764";"114Â 602";"A01";"2";"33";"0";"0";"2";"1";"1";""
"202100048765";"114Â 600";"B01";"1";"7";"0";"2";"4";"2";"1";""
"202100048765";"114Â 601";"A01";"2";"10";"0";"2";"1";"2";"1";""
"202100048766";"114Â 598";"B01";"2";"7";"4";"2";"7";"1";"1";""
"202100048766";"114Â 599";"A01";"2";"17";"0";"2";"8";"11";"1";""
"202100048767";"114Â 596";"A01";"2";"7";"0";"2";"8";"11";"1";""
"202100048767";"114Â 597";"B01";"2";"34";"0";"2";"7";"1";"1";""
"202100048768";"114Â 594";"A01";"1";"32";"0";"2";"1";"3";"1";""
"202100048768";"114Â 595";"B01";"1";"7";"0";"2";"2";"12";"1";""
"202100048769";"114Â 591";"C01";"1";"10";"0";"2";"4";"2";"1";""
"202100048769";"114Â 592";"A01";"1";"10";"0";"2";"1";"2";"1";""
"202100048769";"114Â 593";"B01";"1";"7";"0";"2";"4";"2";"1";""
"202100048770";"114Â 589";"A01";"1";"7";"0";"2";"1";"1";"1";""
"202100048770";"114Â 590";"B01";"1";"10";"0";"2";"4";"1";"1";""
"202100048771";"114Â 588";"A01";"1";"7";"5";"0";"1";"14";"1";""
"202100048772";"114Â 586";"B01";"1";"31";"0";"2";"7";"1";"1";""
"202100048772";"114Â 587";"A01";"2";"7";"0";"2";"1";"9";"1";""
"202100048773";"114Â 585";"A01";"3";"7";"0";"1";"1";"15";"1";""
"202100048774";"114Â 584";"A01";"1";"40";"0";"1";"7";"1";"3";""
"202100048775";"114Â 582";"A01";"1";"7";"0";"2";"2";"16";"1";""
"202100048775";"114Â 583";"B01";"1";"33";"0";"2";"0";"1";"1";""
"202100048776";"114Â 580";"A01";"2";"7";"0";"2";"3";"10";"1";""
"202100048776";"114Â 581";"B01";"2";"32";"0";"2";"7";"17";"1";""
"202100048777";"114Â 578";"B01";"3";"32";"0";"2";"3";"1";"1";""
"202100048777";"114Â 579";"A01";"3";"10";"0";"2";"2";"12";"1";""
"202100048778";"114Â 576";"A01";"2";"7";"0";"2";"3";"9";"1";""
"202100048778";"114Â 577";"B01";"2";"7";"0";"2";"2";"1";"1";""
"202100048779";"114Â 575";"Z01";"3";"1";"0";"1";"1";"16";"5";""
"202100048780";"114Â 573";"B01";"2";"1";"0";"2";"4";"23";"5";""
"202100048780";"114Â 574";"A01";"2";"1";"0";"2";"1";"1";"5";""
"202100048781";"114Â 571";"A01";"2";"1";"0";"2";"6";"1";"5";""
"202100048781";"114Â 572";"Z01";"0";"7";"0";"2";"0";"14";"0";""
"202100048782";"114Â 570";"A01";"2";"2";"0";"0";"7";"1";"1";""
"202100048783";"114Â 568";"B01";"1";"7";"0";"2";"3";"1";"1";""
"202100048783";"114Â 569";"A01";"1";"33";"0";"2";"1";"1";"1";""
"202100048784";"114Â 567";"A01";"1";"32";"0";"1";"1";"1";"1";""
"202100048785";"114Â 566";"A01";"1";"30";"0";"0";"3";"1";"1";""
"202100048786";"114Â 564";"B01";"2";"1";"0";"2";"1";"1";"5";""
"202100048786";"114Â 565";"A01";"1";"50";"0";"2";"1";"13";"3";""
"202100048787";"114Â 563";"Z01";"1";"7";"0";"1";"2";"1";"0";""
"202100048788";"114Â 562";"A01";"2";"7";"8";"0";"4";"20";"1";""
"202100048789";"114Â 560";"B01";"2";"34";"0";"2";"7";"1";"1";""
"202100048789";"114Â 561";"A01";"3";"7";"0";"2";"2";"15";"1";""
"202100048790";"114Â 558";"A01";"1";"7";"0";"2";"1";"19";"1";""
"202100048790";"114Â 559";"B01";"3";"7";"0";"2";"1";"0";"1";""
"202100048791";"114Â 555";"B01";"3";"10";"0";"2";"1";"1";"1";""
"202100048791";"114Â 556";"A01";" -1";"7";"0";"2";"8";"10";"1";""
"202100048791";"114Â 557";"C01";"3";"7";"0";"2";"2";"1";"1";""
"202100048792";"114Â 554";"A01";"1";"7";"15";"1";"1";"1";"1";""
"202100048793";"114Â 553";"A01";"1";"7";"0";"1";"1";"1";"0";""
"202100048794";"114Â 551";"A01";"1";"7";"0";"2";"2";"17";"1";""
"202100048794";"114Â 552";"B01";"1";"99";"0";"2";"8";"2";"0";""
"202100048795";"114Â 549";"B01";"3";"31";"0";"2";"2";"16";"1";""
"202100048795";"114Â 550";"A01";"3";"30";"0";"2";"3";"26";"1";""
"202100048796";"114Â 548";"A01";"0";"10";"0";"1";"1";"0";"1";""
"202100048797";"114Â 547";"A01";"0";"50";"0";"0";"0";"0";"3";""
"202100048798";"114Â 545";"B01";"0";"1";"0";"2";"8";"26";"0";""
"202100048798";"114Â 546";"A01";"2";"7";"0";"2";"2";"13";"0";""
"202100048799";"114Â 544";"A01";"2";"2";"0";"0";"8";"26";"1";""
"202100048800";"114Â 542";"A01";"1";"7";"0";"2";"1";"2";"1";""
"202100048800";"114Â 543";"B01";"1";"7";"0";"2";"4";"23";"1";""
"202100048801";"114Â 541";"A01";"1";"7";"15";"0";"1";"1";"1";""
"202100048802";"114Â 539";"A01";"1";"7";"0";"0";"0";"0";"1";""
"202100048802";"114Â 540";"B01";"2";"80";"0";"0";"0";"13";"2";""
"202100048803";"114Â 537";"A01";"1";"7";"3";"2";"1";"1";"1";""
"202100048803";"114Â 538";"B01";"2";"7";"0";"2";"1";"1";"1";""
"202100048804";"114Â 532";"A01";"1";"7";"0";"9";"3";"26";"1";""
"202100048804";"114Â 533";"B01";"1";"1";"0";"2";"7";"1";"0";""
"202100048805";"114Â 531";"A01";"1";"7";"8";"0";"1";"0";"1";""
"202100048806";"114Â 529";"A01";"1";"33";"0";"2";"1";"1";"1";""
"202100048806";"114Â 530";"B01";"2";"3";"0";"2";"3";"15";"1";""
"202100048807";"114Â 527";"B01";"3";"7";"0";"2";"1";"1";"1";""
"202100048807";"114Â 528";"A01";"2";"7";"0";"2";"8";"1";"1";""
"202100048808";"114Â 526";"A01";"1";"7";"9";"0";"3";"1";"1";""
"202100048809";"114Â 524";"A01";"2";"7";"0";"2";"8";"1";"1";""
"202100048809";"114Â 525";"B01";"1";"7";"0";"2";"1";"1";"1";""
"202100048810";"114Â 522";"B01";"1";"7";"0";"2";"1";"19";"1";""
"202100048810";"114Â 523";"A01";"2";"7";"7";"2";"8";"19";"1";""
"202100048811";"114Â 518";"B01";"2";"14";"0";"2";"8";"17";"1";""
"202100048811";"114Â 519";"D01";"1";"17";"0";"0";"0";"24";"1";""
"202100048811";"114Â 520";"A01";"1";"31";"0";"2";"1";"2";"1";""
"202100048811";"114Â 521";"C01";"1";"10";"0";"2";"6";"1";"1";""
"202100048812";"114Â 517";"A01";"1";"1";"3";"9";"1";"16";"5";""
"202100048813";"114Â 515";"B01";"1";"7";"0";"2";"3";"1";"1";""
"202100048813";"114Â 516";"A01";"2";"10";"0";"2";"3";"15";"1";""
"202100048814";"114Â 512";"A01";"2";"30";"0";"2";"1";"5";"1";""
"202100048814";"114Â 513";"B01";"1";"2";"0";"2";"1";"1";"1";""
"202100048814";"114Â 514";"C01";"2";"7";"0";"2";"8";"1";"1";""