"Num_Acc";"id_vehicule";"num_veh";"senc";"catv";"obs";"obsm";"choc";"manv";"motor";"occutc"
"202100048815";"114Â 509";"B01";"2";"7";"0";"2";"3";"1";"1";""
"202100048815";"114Â 510";"C01";"1";"7";"0";"2";"1";"1";"1";""
"202100048815";"114Â 511";"A01";"2";"7";"0";"2";"1";"18";"1";""
"202100048816";"114Â 507";"B01";"2";"7";"0";"2";"1";"1";"1";""
"202100048816";"114Â 508";"A01";"1";"7";"0";"2";"1";"13";"1";""
"202100048817";"114Â 506";"A01";"3";"2";"0";"1";"1";"1";"1";""
"202100048818";"114Â 504";"B01";"1";"80";"0";"2";"8";"15";"3";""
"202100048818";"114Â 505";"A01";"1";"7";"0";"2";"2";"17";"1";""
"202100048819";"114Â 502";"A01";"2";"10";"0";"2";"2";"2";"1";""
"202100048819";"114Â 503";"B01";"2";"80";"0";"2";"4";"1";"3";""
"202100048820";"114Â 500";"B01";"2";"13";"0";"2";"5";"2";"1";""
"202100048820";"114Â 501";"A01";"2";"10";"0";"2";"1";"2";"1";""
"202100048821";"114Â 499";"A01";"2";"7";"7";"0";"2";"2";"1";""
"202100048822";"114Â 498";"A01";" -1";"7";"0";"0";"0";"1";"1";""
"202100048823";"114Â 495";"A01";"1";"7";"0";"2";"3";"13";"1";""
"202100048823";"114Â 496";"B01";"1";"7";"0";"0";"5";"1";"1";""
"202100048824";"114Â 493";"A01";"1";"7";"0";"2";"7";"10";"1";""
"202100048824";"114Â 494";"B01";"2";"33";"0";"2";"1";"1";"1";""
"202100048825";"114Â 491";"A01";"2";"7";"0";"2";"2";"12";"1";""
"202100048825";"114Â 492";"B01";"2";"15";"0";"0";"6";"1";"1";""
"202100048826";"114Â 490";"A01";"2";"7";"2";"0";"0";"1";"1";""
"202100048827";"114Â 488";"A01";"1";"14";"0";"0";"6";"15";"1";""
"202100048827";"114Â 489";"B01";"1";"7";"0";"2";"2";"17";"1";""
"202100048828";"114Â 486";"B01";"1";"1";"0";"0";"7";"1";"5";""
"202100048828";"114Â 487";"A01";"2";"7";"0";"2";"1";"15";"1";""
"202100048829";"114Â 483";"C01";"2";"7";"0";"2";"7";"17";"1";""
"202100048829";"114Â 484";"A01";"2";"1";"0";"2";"8";"1";"5";""
"202100048829";"114Â 485";"B01";"1";"1";"0";"2";"8";"1";"5";""
"202100048830";"114Â 477";"A01";"2";"7";"0";"2";"3";"1";"1";""
"202100048830";"114Â 478";"B01";"2";"15";"0";"2";"2";"14";"1";""
"202100048831";"114Â 475";"A01";"1";"14";"0";"2";"8";"11";"1";""
"202100048831";"114Â 476";"B01";"1";"33";"0";"0";"7";"2";"1";""
"202100048832";"114Â 473";"B01";"2";"7";"0";"2";"4";"2";"1";""
"202100048832";"114Â 474";"A01";"2";"7";"0";"2";"1";"2";"1";""
"202100048833";"114Â 471";"B01";"1";"7";"0";"2";"4";"2";"2";""
"202100048833";"114Â 472";"A01";"1";"7";"0";"2";"1";"2";"2";""
"202100048834";"114Â 470";"A01";"1";"33";"0";"0";"7";"11";"1";""
"202100048835";"114Â 468";"B01";"2";"7";"0";"2";"8";"2";"1";""
"202100048835";"114Â 469";"A01";"2";"13";"0";"2";"2";"14";"1";""
"202100048836";"114Â 467";"A01";"2";"7";"4";"0";"1";"1";"1";""
"202100048837";"114Â 465";"B01";"2";"7";"0";"2";"7";"26";"1";""
"202100048837";"114Â 466";"A01";"2";"33";"0";"2";"3";"18";"1";""
"202100048838";"114Â 463";"B01";"1";"7";"0";"2";"4";"2";"1";""
"202100048838";"114Â 464";"A01";"1";"7";"0";"2";"9";"1";"1";""
"202100048839";"114Â 461";"A01";"2";"7";"0";"2";"0";"0";"1";""
"202100048839";"114Â 462";"B01";"2";"33";"0";"2";"0";"0";"1";""
"202100048840";"114Â 459";"A01";"2";"7";"0";"2";"2";"1";"1";""
"202100048840";"114Â 460";"B01";"2";"7";"0";"2";"6";"23";"1";""
"202100048841";"114Â 458";"A01";"2";"7";"0";"1";"1";"19";"1";""
"202100048842";"114Â 457";"A01";"1";"7";"0";"1";"3";"1";"1";""
"202100048843";"114Â 455";"A01";"1";"32";"0";"2";"1";"26";"1";""
"202100048843";"114Â 456";"B01";"1";"37";"0";"2";"2";"15";"1";"1"
"202100048844";"114Â 453";"A01";"2";"7";"0";"2";"3";"9";"1";""
"202100048844";"114Â 454";"B01";"2";"2";"0";"2";"2";"0";"1";""
"202100048845";"114Â 452";"B01";"2";"30";"1";"0";"2";"13";"1";""
"202100048846";"114Â 450";"A01";"1";"31";"0";"2";"1";"2";"1";""
"202100048846";"114Â 451";"B01";"1";"7";"0";"2";"4";"23";"1";""
"202100048847";"114Â 449";"A01";"1";"1";"0";"1";"1";"1";"5";""
"202100048848";"114Â 448";"A01";"3";"7";"8";"0";"2";"26";"1";""
"202100048849";"114Â 445";"A01";"2";"33";"0";"2";"4";"2";"0";""
"202100048849";"114Â 446";"C01";"1";"7";"0";"2";"1";"1";"1";""
"202100048849";"114Â 447";"B01";"2";"33";"0";"2";"1";"2";"0";""
"202100048850";"114Â 443";"B01";"2";"7";"0";"2";"4";"23";"1";""
"202100048850";"114Â 444";"A01";"2";"7";"0";"2";"1";"2";"1";""
"202100048851";"114Â 441";"B01";"2";"7";"0";"2";"8";"15";"1";""
"202100048851";"114Â 442";"A01";"2";"33";"0";"2";"2";"17";"1";""
"202100048852";"114Â 438";"A01";"1";"7";"1";"0";"1";"1";"1";""
"202100048852";"114Â 439";"C01";"3";"7";"0";"0";"0";"0";"1";""
"202100048852";"114Â 440";"B01";"3";"7";"0";"0";"0";"0";"1";""
"202100048853";"114Â 436";"B01";"0";"7";"0";"0";"4";"15";"1";""
"202100048853";"114Â 437";"A01";"0";"2";"0";"2";"1";"15";"1";""
"202100048854";"114Â 435";"A01";"1";"31";"0";"0";"3";"1";"1";""
"202100048855";"114Â 433";"B01";"0";"7";"0";"2";"1";"1";"1";""
"202100048855";"114Â 434";"A01";"0";"2";"0";"2";"6";"15";"1";""
"202100048856";"114Â 431";"B01";"3";"40";"0";"2";"3";"1";"3";""
"202100048856";"114Â 432";"A01";"1";"7";"0";"4";"1";"1";"1";""
"202100048857";"114Â 429";"Y01";"2";"1";"1";"0";"1";"1";"5";""
"202100048857";"114Â 430";"A01";"2";"7";"0";"2";"8";"22";"1";""
"202100048858";"114Â 427";"A01";"3";"7";"0";"2";"1";"7";"1";""
"202100048858";"114Â 428";"B01";"3";"7";"0";"2";"2";"0";"1";""
"202100048859";"114Â 426";"A01";"1";"7";"1";"0";"2";"1";"1";""
"202100048860";"114Â 424";"B01";"1";"32";"0";"2";"3";"1";"1";""
"202100048860";"114Â 425";"A01";"1";"30";"0";"2";"1";"1";"1";""
"202100048861";"114Â 422";"A01";"1";"7";"0";"2";"3";"1";"1";""
"202100048861";"114Â 423";"B01";"1";"32";"0";"2";"1";"1";"1";""
"202100048862";"114Â 420";"A01";"3";"32";"0";"2";"1";"17";"1";""
"202100048862";"114Â 421";"B01";"3";"7";"0";"2";"3";"15";"1";""
"202100048863";"114Â 419";"A01";"1";"1";"0";"0";"0";"1";"5";""
"202100048864";"114Â 418";"A01";"3";"7";"0";"1";"5";"20";"1";""
"202100048865";"114Â 415";"A01";"1";"33";"0";"2";"3";"3";"1";""
"202100048865";"114Â 416";"B01";"1";"7";"0";"2";"7";"12";"1";""
"202100048865";"114Â 417";"C01";"1";"7";"0";"2";"1";"1";"1";""
"202100048866";"114Â 413";"B01";"1";"7";"0";"2";"5";"2";"2";""
"202100048866";"114Â 414";"A01";"1";"33";"0";"2";"1";"2";"1";""
"202100048867";"114Â 411";"B01";"1";"10";"0";"2";"5";"1";"1";""
"202100048867";"114Â 412";"A01";"1";"7";"0";"2";"3";"11";"3";""
"202100048868";"114Â 406";"B01";"2";"33";"0";"2";"7";"3";"1";""
"202100048868";"114Â 407";"A01";"2";"7";"0";"2";"8";"11";"1";""
"202100048868";"114Â 408";"E01";"2";"10";"0";"2";"3";"1";"1";""
"202100048868";"114Â 409";"D01";"2";"10";"0";"2";"5";"1";"1";""
"202100048868";"114Â 410";"C01";"2";"10";"0";"2";"5";"1";"1";""
"202100048869";"114Â 404";"B01";"2";"7";"0";"2";"7";"16";"1";""
"202100048869";"114Â 405";"A01";"2";"30";"0";"2";"8";"18";"1";""
"202100048870";"114Â 403";"A01";"1";"7";"0";"1";"2";"1";"1";""
"202100048871";"114Â 401";"A01";"2";"3";"0";"2";"3";"26";"1";""
"202100048871";"114Â 402";"B01";"2";"43";"0";"2";"1";"17";"1";""
"202100048872";"114Â 399";"A01";"1";"10";"0";"9";"2";"15";"1";""
"202100048872";"114Â 400";"B01";"2";"50";"0";"2";"8";"1";"3";""
"202100048873";"114Â 397";"A01";"1";"30";"0";"2";"1";"16";"1";""
"202100048873";"114Â 398";"B01";"1";"7";"0";"2";"2";"1";"1";""
"202100048874";"114Â 395";"B01";"2";"7";"0";"2";"3";"15";"1";""
"202100048874";"114Â 396";"A01";"2";"33";"0";"2";"7";"17";"1";""
"202100048875";"114Â 393";"A01";"3";"2";"0";"2";"8";"5";"1";""
"202100048875";"114Â 394";"B01";"3";"7";"0";"2";"1";"1";"1";""
"202100048876";"114Â 391";"B01";"2";"7";"0";"2";"1";"1";"1";""
"202100048876";"114Â 392";"A01";"2";"7";"0";"0";"7";"19";"1";""
"202100048877";"114Â 389";"B01";"1";"7";"0";"2";"1";"21";"1";""
"202100048877";"114Â 390";"A01";"2";"7";"0";"2";"1";"13";"1";""
"202100048878";"114Â 387";"A01";"1";"7";"13";"0";"0";"21";"1";""
"202100048879";"114Â 386";"A01";"3";"7";"0";"0";"0";"1";"1";""
"202100048880";"114Â 385";"A01";"1";"14";"0";"0";"7";"15";"1";""
"202100048881";"114Â 384";"A01";"1";"17";"15";"0";"2";"1";"1";""
"202100048882";"114Â 383";"A01";"2";"7";"2";"0";"3";"1";"1";""
"202100048883";"114Â 381";"B01";"2";"7";"7";"2";"3";"1";"1";""
"202100048883";"114Â 382";"A01";"1";"7";"0";"2";"1";"15";"1";""
"202100048884";"114Â 380";"A01";"2";"33";"0";"1";"1";"21";"1";""
"202100048885";"114Â 378";"A01";"1";"10";"0";"0";"0";"0";"1";""
"202100048886";"114Â 375";"A01";"3";"7";"0";"2";"2";"19";"1";""
"202100048886";"114Â 376";"B01";"3";"7";"0";"2";"8";"23";"1";""
"202100048886";"114Â 377";"C01";"2";"7";"0";"2";"3";"1";"1";""
"202100048887";"114Â 373";"A01";"1";"7";"0";"2";"3";"1";"1";""
"202100048887";"114Â 374";"B01";"2";"13";"0";"2";"3";"1";"1";""
"202100048888";"114Â 372";"A01";"1";"7";"0";"0";"9";"0";"1";""
"202100048889";"114Â 370";"B01";"2";"7";"0";"2";"7";"1";"1";""
"202100048889";"114Â 371";"A01";"2";"7";"0";"2";"3";"15";"1";""
"202100048890";"114Â 368";"B01";"1";"34";"0";"2";"2";"17";"1";""
"202100048890";"114Â 369";"A01";"1";"7";"0";"2";"8";"15";"1";""
"202100048891";"114Â 366";"B01";"2";"3";"0";"0";"4";"2";"1";""
"202100048891";"114Â 367";"A01";"2";"38";"0";"2";"1";"2";"1";"1"
"202100048892";"114Â 365";"A01";"3";"7";"15";"0";"1";"1";"1";""
"202100048893";"114Â 364";"A01";"1";"7";"6";"0";"1";"0";"1";""
"202100048894";"114Â 362";"A01";"3";"7";"0";"2";"4";"2";"1";""
"202100048894";"114Â 363";"B01";"0";"33";"0";"2";"1";"2";"1";""
"202100048895";"114Â 360";"B01";"1";"7";"0";"2";"1";"5";"1";""
"202100048895";"114Â 361";"A01";"2";"7";"0";"0";"1";"23";"1";""
"202100048896";"114Â 358";"B01";"1";"7";"0";"2";"1";"2";"1";""
"202100048896";"114Â 359";"A01";"2";"99";"0";"2";"3";"9";"1";""
"202100048897";"114Â 356";"B01";"1";"15";"0";"2";"1";"1";"1";""
"202100048897";"114Â 357";"A01";"2";"7";"0";"2";"1";"11";"1";""
"202100048898";"114Â 354";"A01";"1";"7";"0";"2";"8";"15";"1";""
"202100048898";"114Â 355";"B01";"1";"37";"0";"2";"2";"7";"1";"1"
"202100048899";"114Â 352";"B01";"2";"1";"0";"2";"1";"1";"5";""
"202100048899";"114Â 353";"A01";"1";"7";"0";"2";"1";"15";"1";""
"202100048900";"114Â 350";"A01";"1";"17";"0";"2";"1";"1";"1";""
"202100048900";"114Â 351";"B01";"2";"7";"0";"2";"3";"15";"1";""
"202100048901";"114Â 348";"B01";"1";"7";"0";"2";"4";"2";"1";""
"202100048901";"114Â 349";"A01";"1";"7";"0";"2";"1";"2";"1";""
"202100048902";"114Â 346";"B01";"2";"7";"0";"0";"4";"1";"1";""
"202100048902";"114Â 347";"A01";"2";"33";"0";"2";"1";"2";"1";""
"202100048903";"114Â 344";"A01";"1";"7";"0";"2";"4";"1";"1";""
"202100048903";"114Â 345";"B01";"1";"7";"0";"2";"1";"1";"1";""
"202100048904";"114Â 343";"A01";"1";"7";"6";"0";"1";"13";"1";""
"202100048905";"114Â 341";"A01";"1";"10";"0";"2";"3";"1";"1";""
"202100048905";"114Â 342";"B01";"1";"50";"0";"2";"4";"0";"3";""
"202100048906";"114Â 339";"A01";"1";"99";"0";"2";"8";"11";"1";""
"202100048906";"114Â 340";"B01";"1";"7";"0";"2";"1";"17";"1";""
"202100048907";"114Â 337";"A01";"2";"7";"0";"2";"3";"15";"1";""
"202100048907";"114Â 338";"B01";"1";"7";"15";"2";"3";"21";"1";""
"202100048908";"114Â 336";"A01";"3";"7";"6";"0";"1";"1";"1";""
"202100048909";"114Â 334";"A01";"1";"7";"0";"2";"3";"17";"1";""
"202100048909";"114Â 335";"B01";"2";"7";"0";"2";"3";"1";"1";""
"202100048910";"114Â 332";"A01";"2";"7";"0";"0";"1";"1";"1";""
"202100048910";"114Â 333";"B01";"1";"7";"0";"0";"3";"0";"1";""
"202100048911";"114Â 331";"A01";"2";"7";"0";"1";"2";"2";"1";""
"202100048912";"114Â 329";"A01";"1";"7";"0";"2";"2";"1";"1";""
"202100048912";"114Â 330";"B01";"1";"7";"0";"2";"3";"19";"1";""
"202100048913";"114Â 328";"A01";"1";"7";"2";"0";"1";"14";"1";""
"202100048914";"114Â 326";"A01";"1";"43";"0";"2";"2";"3";"1";""
"202100048914";"114Â 327";"B01";"1";"7";"0";"2";"3";"1";"1";""
"202100048915";"114Â 325";"A01";"2";"7";"0";"0";"9";"12";"1";""
"202100048916";"114Â 323";"A01";"2";"7";"0";"2";"1";"1";"1";""
"202100048916";"114Â 324";"B01";"2";"7";"0";"2";"4";"23";"1";""
"202100048917";"114Â 320";"C01";"2";"7";"0";"0";"4";"2";"1";""
"202100048917";"114Â 321";"B01";"2";"7";"0";"2";"1";"2";"1";""
"202100048917";"114Â 322";"A01";"2";"7";"0";"2";"3";"2";"1";""
"202100048918";"114Â 317";"Z01";"2";"10";"0";"0";"0";"0";"0";""
"202100048918";"114Â 318";"B01";"2";"33";"0";"2";"0";"12";"1";""
"202100048918";"114Â 319";"A01";"2";"7";"0";"2";"3";"1";"1";""
"202100048919";"114Â 314";"C01";"2";"33";"0";"2";"6";"2";"1";""
"202100048919";"114Â 315";"B01";"2";"7";"0";"2";"5";"2";"2";""
"202100048919";"114Â 316";"A01";"2";"32";"0";"2";"3";"3";"1";""
"202100048920";"114Â 312";"A01";"1";"7";"1";"0";"1";"12";"1";""
"202100048920";"114Â 313";"B01";"1";"7";"0";"2";"4";"23";"2";""
"202100048921";"114Â 311";"A01";"2";"7";"13";"2";"6";"1";"1";""
"202100048922";"114Â 308";"E01";"3";"7";"0";"2";"6";"0";"1";""
"202100048922";"114Â 309";"B01";"2";"7";"0";"2";"8";"1";"1";""
"202100048922";"114Â 310";"A01";"1";"7";"0";"2";"1";"26";"1";""
"202100048923";"114Â 306";"A01";"3";"30";"0";"2";"1";"13";"1";""
"202100048923";"114Â 307";"B01";"3";"7";"0";"2";"3";"1";"1";""
"202100048924";"114Â 304";"B01";"1";"7";"0";"2";"3";"1";"1";""
"202100048924";"114Â 305";"A01";"1";"1";"0";"2";"7";"1";"5";""
"202100048925";"114Â 303";"A01";"2";"7";"0";"1";"3";"1";"1";""
"202100048926";"114Â 301";"A01";"2";"7";"0";"2";"3";"13";"1";""
"202100048926";"114Â 302";"B01";"2";"7";"0";"2";"3";"5";"1";""
"202100048927";"114Â 298";"C01";"1";"10";"0";"2";"3";"23";"1";""
"202100048927";"114Â 299";"B01";"2";"7";"0";"2";"3";"23";"1";""
"202100048927";"114Â 300";"A01";"2";"7";"0";"2";"1";"19";"1";""
"202100048928";"114Â 296";"B01";"1";"10";"0";"2";"3";"15";"1";""
"202100048928";"114Â 297";"A01";"1";"33";"0";"2";"7";"17";"1";""
"202100048929";"114Â 294";"A01";"2";"7";"0";"2";"3";"16";"1";""
"202100048929";"114Â 295";"B01";"1";"33";"0";"2";"1";"1";"1";""
"202100048930";"114Â 292";"A01";"2";"30";"0";"2";"1";"13";"1";""
"202100048930";"114Â 293";"B01";"1";"7";"0";"2";"2";"1";"1";""
"202100048931";"114Â 289";"A01";"2";"7";"0";"1";"2";"16";"1";""
"202100048932";"114Â 284";"A01";"1";"30";"0";"2";"1";"26";"1";""
"202100048932";"114Â 285";"B01";"2";"7";"0";"2";"3";"1";"1";""
"202100048933";"114Â 282";"A01";"1";"7";"0";"2";"6";"15";"1";""
"202100048933";"114Â 283";"B01";"1";"33";"0";"2";"1";"1";"1";""
"202100048934";"114Â 280";"B01";"2";"7";"0";"2";"2";"21";"1";""
"202100048934";"114Â 281";"A01";"3";"80";"0";"2";"1";"15";"3";""
"202100048935";"114Â 279";"A01";"2";"33";"0";"0";"0";"17";"1";""
"202100048936";"114Â 276";"A01";"2";"7";"0";"2";"2";"14";"1";""
"202100048936";"114Â 277";"B01";"2";"7";"0";"0";"4";"23";"1";""
"202100048936";"114Â 278";"C01";"2";"7";"0";"0";"6";"1";"1";""
"202100048937";"114Â 274";"A01";"0";"7";"0";"2";"3";"19";"1";""
"202100048937";"114Â 275";"B01";"0";"1";"0";"2";"2";"1";"5";""
"202100048938";"114Â 272";"A01";"1";"31";"0";"2";"1";"19";"0";""
"202100048938";"114Â 273";"B01";"1";"7";"0";"2";"1";"2";"1";""
"202100048939";"114Â 271";"A01";"3";"33";"12";"0";"1";"1";"1";""
"202100048940";"114Â 270";"A01";"1";"7";"13";"0";"1";"1";"1";""
"202100048941";"114Â 267";"B01";"2";"7";"0";"2";"2";"15";"1";""
"202100048941";"114Â 268";"A01";"2";"7";"2";"2";"1";"2";"1";""
"202100048942";"114Â 266";"A01";"2";"7";"2";"0";"8";"1";"1";""
"202100048943";"114Â 265";"A01";"2";"7";"8";"0";"1";"26";"1";""
"202100048944";"114Â 263";"B01";"2";"50";"0";"2";"1";"19";"3";""
"202100048944";"114Â 264";"A01";"1";"7";"0";"2";"4";"4";"1";""
"202100048945";"114Â 261";"B01";"1";"15";"0";"2";"0";"1";"1";""
"202100048945";"114Â 262";"A01";"2";"7";"0";"2";"3";"13";"1";""
"202100048946";"114Â 260";"A01";"0";"7";"12";"0";"2";"15";"1";""
"202100048947";"114Â 258";"Z01";"3";"1";"0";"2";"9";"2";"0";""
"202100048947";"114Â 259";"A01";"3";"7";"0";"2";"2";"2";"1";""
"202100048948";"114Â 256";"A01";"0";"30";"0";"2";"1";"3";"1";""
"202100048948";"114Â 257";"B01";"0";"7";"0";"2";"6";"1";"1";""
"202100048949";"114Â 255";"Z01";"1";"7";"0";"1";"0";"0";"0";""
"202100048950";"114Â 253";"A01";"2";"7";"0";"2";"7";"15";"1";""
"202100048950";"114Â 254";"B01";"3";"33";"0";"2";"1";"1";"1";""
"202100048951";"114Â 251";"A01";"2";"7";"0";"2";"2";"17";"1";""
"202100048951";"114Â 252";"B01";"2";"1";"0";"2";"8";"1";"5";""
"202100048952";"114Â 249";"A01";"1";"33";"0";"2";"1";"17";"1";""
"202100048952";"114Â 250";"B01";"1";"7";"0";"2";"8";"15";"1";""
"202100048953";"114Â 247";"A01";"1";"30";"0";"2";"2";"3";"1";""
"202100048953";"114Â 248";"B01";"1";"7";"0";"2";"3";"11";"1";""
"202100048954";"114Â 244";"C01";"1";"32";"0";"2";"0";"1";"1";""
"202100048954";"114Â 245";"B01";"1";"7";"0";"2";"0";"23";"1";""
"202100048954";"114Â 246";"A01";"1";"7";"0";"2";"0";"23";"1";""
"202100048955";"114Â 242";"A01";"3";"50";"0";"2";"2";"7";"3";""
"202100048955";"114Â 243";"B01";"1";"7";"0";"2";"2";"15";"1";""
"202100048956";"114Â 240";"B01";"1";"37";"0";"2";"1";"9";"2";"1"
"202100048956";"114Â 241";"A01";"2";"1";"0";"2";"1";"1";"5";""
"202100048957";"114Â 238";"A01";"2";"32";"9";"2";"8";"1";"1";""
"202100048957";"114Â 239";"B01";"2";"7";"0";"2";"1";"1";"1";""
"202100048958";"114Â 236";"B01";"1";"2";"0";"2";"3";"1";"1";""
"202100048958";"114Â 237";"A01";"2";"7";"0";"2";"3";"15";"1";""
"202100048959";"114Â 235";"A01";"2";"7";"0";"1";"2";"1";"2";""
"202100048960";"114Â 233";"B01";"2";"50";"0";"2";"0";"5";"3";""
"202100048960";"114Â 234";"A01";"1";"7";"0";"2";"2";"9";"1";""
"202100048961";"114Â 232";"A01";"1";"7";"11";"0";"1";"1";"1";""
"202100048962";"114Â 231";"A01";"1";"7";"0";"1";"2";"7";"1";""
"202100048963";"114Â 229";"A01";"3";"7";"0";"2";"1";"15";"1";""
"202100048963";"114Â 230";"B01";"0";"43";"0";"2";"3";"1";"1";""
"202100048964";"114Â 227";"A01";"3";"7";"0";"2";"2";"15";"1";""
"202100048964";"114Â 228";"B01";"3";"2";"0";"2";"8";"1";"1";""
"202100048965";"114Â 225";"A01";"1";"7";"0";"2";"7";"16";"1";""
"202100048965";"114Â 226";"B01";"1";"2";"0";"2";"1";"18";"1";""
"202100048966";"114Â 223";"B01";"3";"7";"0";"2";"7";"15";"1";""
"202100048966";"114Â 224";"A01";"2";"7";"0";"2";"1";"1";"0";""
"202100048967";"114Â 222";"A01";"0";"10";"1";"2";"4";"4";"1";""
"202100048968";"114Â 219";"A01";"1";"7";"0";"2";"1";"2";"1";""
"202100048968";"114Â 220";"B01";"1";"7";"0";"2";"4";"1";"1";""
"202100048968";"114Â 221";"C01";"1";"7";"0";"2";"4";"2";"1";""
"202100048969";"114Â 217";"B01";"1";"32";"8";"0";"8";"17";"1";""
"202100048969";"114Â 218";"A01";"1";"7";"0";"2";"0";"15";"1";""
"202100048970";"114Â 215";"A01";" -1";"7";"0";"2";"5";"2";"1";""
"202100048970";"114Â 216";"B01";" -1";"7";"0";"2";"1";"2";"1";""
"202100048971";"114Â 213";"B01";"2";"33";"0";"9";"7";"1";"1";""
"202100048971";"114Â 214";"A01";"2";"3";"0";"2";"3";"9";"0";""
"202100048972";"114Â 211";"A01";"1";"7";"0";"2";"1";"15";"1";""
"202100048972";"114Â 212";"B01";"1";"1";"0";"2";"1";"16";"0";""
"202100048973";"114Â 209";"B01";"1";"7";"0";"2";"4";"1";"1";""
"202100048973";"114Â 210";"A01";"3";"7";"0";"2";"1";"1";"1";""
"202100048974";"114Â 208";"Z01";"1";"13";"0";"1";"4";"4";"0";""
"202100048975";"114Â 206";"A01";"1";"7";"0";"2";"5";"1";"1";""
"202100048975";"114Â 207";"B01";"1";"7";"0";"2";"2";"1";"1";""
"202100048976";"114Â 205";"A01";" -1";"7";"0";"1";"1";"9";"1";""
"202100048977";"114Â 203";"B01";"1";"34";"0";"2";"1";"1";"1";""
"202100048977";"114Â 204";"A01";"2";"7";"0";"2";"3";"15";"1";""
"202100048978";"114Â 201";"B01";"0";"1";"0";"2";"4";"19";"5";""
"202100048978";"114Â 202";"A01";"0";"10";"0";"2";"3";"1";"1";""
"202100048979";"114Â 198";"A01";"2";"34";"1";"0";"3";"1";"1";""
"202100048980";"114Â 197";"A01";"1";"31";"0";"1";"2";"1";"1";""
"202100048981";"114Â 195";"A01";"2";"32";"0";"2";"1";"5";"1";""
"202100048981";"114Â 196";"B01";"1";"7";"0";"2";"3";"15";"1";""
"202100048982";"114Â 193";"A01";"2";"7";"0";"2";"3";"15";"1";""
"202100048982";"114Â 194";"B01";"1";"1";"0";"2";"1";"1";"5";""
"202100048983";"114Â 191";"A01";"1";"7";"0";"2";"8";"15";"1";""
"202100048983";"114Â 192";"B01";"1";"2";"0";"2";"1";"17";"1";""
"202100048984";"114Â 190";"A01";"1";"31";"0";"0";"8";"1";"1";""
"202100048985";"114Â 188";"A01";"1";"7";"0";"2";"1";"1";"1";""
"202100048985";"114Â 189";"B01";"2";"7";"0";"2";"1";"13";"1";""
"202100048986";"114Â 187";"A01";"1";"7";"0";"1";"7";"1";"1";""
"202100048987";"114Â 186";"A01";"3";"2";"0";"0";"0";"2";"1";""
"202100048988";"114Â 185";"A01";"1";"7";"13";"0";"2";"1";"1";""
"202100048989";"114Â 184";"A01";"1";"7";"3";"0";"1";"14";"1";""
"202100048990";"114Â 182";"A01";"1";"7";"3";"2";"5";"13";"1";""
"202100048990";"114Â 183";"B01";"2";"7";"0";"2";"1";"1";"1";""
"202100048991";"114Â 181";"A01";"3";"31";"0";"0";"8";"1";"1";""
"202100048992";"114Â 180";"A01";"0";"7";"6";"0";"1";"19";"1";""
"202100048993";"114Â 178";"B01";"2";"33";"0";"2";"1";"1";"1";""
"202100048993";"114Â 179";"A01";"1";"7";"0";"2";"5";"15";"2";""
"202100048994";"114Â 176";"A01";"0";"31";"0";"2";"1";"2";"1";""
"202100048994";"114Â 177";"B01";"0";"33";"0";"2";"4";"2";"1";""
"202100048995";"114Â 175";"A01";"1";"1";"0";"0";"1";"13";"5";""
"202100048996";"114Â 173";"A01";"2";"7";"6";"2";"1";"1";"1";""
"202100048996";"114Â 174";"B01";"2";"7";"2";"2";"1";"1";"1";""
"202100048997";"114Â 172";"A01";"2";"7";"1";"0";"1";"1";"1";""
"202100048998";"114Â 170";"A01";"1";"10";"0";"2";"3";"1";"1";""
"202100048998";"114Â 171";"B01";"1";"1";"0";"2";"4";"11";"5";""
"202100048999";"114Â 168";"B01";"2";"21";"0";"2";"3";"1";"1";""
"202100048999";"114Â 169";"A01";"1";"7";"0";"2";"3";"13";"1";""
"202100049000";"114Â 166";"A01";"2";"7";"0";"0";"5";"15";"1";""
"202100049000";"114Â 167";"B01";"1";"1";"0";"2";"1";"1";"5";""
"202100049001";"114Â 165";"A01";"1";"33";"14";"0";"7";"1";"1";""
"202100049002";"114Â 164";"A01";"3";"7";"8";"0";"3";"13";"1";""
"202100049003";"114Â 163";"A01";"1";"7";"6";"0";"2";"1";"1";""
"202100049004";"114Â 161";"A01";"2";"7";"0";"0";"5";"9";"1";""
"202100049004";"114Â 162";"B01";"1";"33";"0";"2";"1";"1";"1";""
"202100049005";"114Â 160";"A01";"1";"7";"7";"0";"0";"1";"1";""
"202100049006";"114Â 158";"A01";"3";"7";"0";"2";"3";"13";"1";""
"202100049006";"114Â 159";"B01";"0";"7";"8";"2";"3";"1";"1";""
"202100049007";"114Â 155";"A01";"2";"7";"13";"0";"9";"1";"1";""
"202100049008";"114Â 154";"A01";"1";"7";"15";"0";"0";"26";"1";""
"202100049009";"114Â 153";"A01";"1";"2";"14";"0";"1";"1";"1";""
"202100049010";"114Â 152";"A01";"2";"7";"8";"0";"1";"1";"1";""
"202100049011";"114Â 150";"B01";"0";"7";"0";"2";"1";"1";"1";""
"202100049011";"114Â 151";"A01";"3";"30";"0";"2";"1";"1";"1";""
"202100049012";"114Â 149";"A01";"2";"7";"2";"0";"5";"1";"1";""
"202100049013";"114Â 148";"A01";"3";"1";"0";"0";"1";"1";"5";""
"202100049014";"114Â 147";"A01";"3";"33";"2";"0";"1";"0";"1";""