"Num_Acc";"id_vehicule";"num_veh";"senc";"catv";"obs";"obsm";"choc";"manv";"motor";"occutc"
"202100049015";"114Â 146";"A01";"1";"10";"13";"0";"1";"26";"1";""
"202100049016";"114Â 145";"A01";"0";"7";"2";"0";"3";"1";"1";""
"202100049017";"114Â 143";"B01";"2";"7";"0";"2";"4";"23";"1";""
"202100049017";"114Â 144";"A01";"2";"7";"6";"2";"2";"2";"1";""
"202100049018";"114Â 142";"A01";"1";"7";"8";"0";"1";"0";"1";""
"202100049019";"114Â 141";"A01";"1";"7";"8";"0";"3";"13";"1";""
"202100049020";"114Â 138";"B01";"1";"7";"0";"2";"3";"1";"1";""
"202100049020";"114Â 139";"C01";"2";"7";"0";"2";"1";"23";"1";""
"202100049020";"114Â 140";"A01";"2";"7";"0";"2";"2";"10";"1";""
"202100049021";"114Â 135";"A01";"3";"2";"2";"0";"1";"1";"1";""
"202100049022";"114Â 134";"A01";"2";"7";"17";"0";"1";"1";"1";""
"202100049023";"114Â 132";"A01";"1";"7";"0";"2";"1";"13";"1";""
"202100049023";"114Â 133";"B01";"2";"7";"0";"2";"1";"2";"1";""
"202100049024";"114Â 131";"A01";"2";"7";"13";"0";"1";"14";"1";""
"202100049025";"114Â 130";"A01";"3";"33";"0";"0";"0";"2";"1";""
"202100049026";"114Â 127";"B01";"1";"7";"0";"2";"1";"13";"1";""
"202100049026";"114Â 128";"A01";"2";"7";"0";"2";"5";"21";"1";""
"202100049026";"114Â 129";"C01";"2";"33";"0";"2";"1";"0";"1";""
"202100049027";"114Â 125";"B01";"2";"7";"0";"2";"3";"1";"1";""
"202100049027";"114Â 126";"A01";"1";"7";"0";"2";"3";"1";"1";""
"202100049028";"114Â 124";"A01";"2";"7";"10";"0";"3";"1";"1";""
"202100049029";"114Â 123";"A01";"2";"7";"0";"0";"0";"5";"1";""
"202100049030";"114Â 121";"A01";"1";"33";"0";"2";"1";"2";"1";""
"202100049030";"114Â 122";"B01";"1";"7";"0";"0";"4";"2";"1";""
"202100049031";"114Â 116";"A01";"1";"7";"0";"2";"8";"1";"1";""
"202100049032";"114Â 113";"A01";"2";"7";"0";"2";"1";"1";"1";""
"202100049032";"114Â 114";"B01";"2";"7";"0";"2";"4";"1";"1";""
"202100049032";"114Â 115";"C01";"2";"7";"0";"2";"4";"1";"1";""
"202100049033";"114Â 111";"B01";"2";"7";"0";"2";"4";"2";"1";""
"202100049033";"114Â 112";"A01";"2";"10";"0";"2";"1";"2";"1";""
"202100049034";"114Â 108";"C01";"2";"7";"0";"2";"4";"2";"1";""
"202100049034";"114Â 109";"A01";"2";"7";"0";"2";"1";"2";"1";""
"202100049034";"114Â 110";"B01";"2";"7";"0";"2";"4";"2";"1";""
"202100049035";"114Â 107";"A01";"1";"33";"0";"0";"9";"26";"1";""
"202100049036";"114Â 106";"A01";"1";"33";"0";"0";"9";"14";"1";""
"202100049037";"114Â 104";"B01";"2";"10";"0";"2";"4";"1";"1";""
"202100049037";"114Â 105";"A01";"2";"7";"0";"2";"1";"2";"1";""
"202100049038";"114Â 101";"C01";"1";"7";"4";"0";"4";"2";"1";""
"202100049038";"114Â 102";"B01";"1";"7";"4";"0";"4";"2";"1";""
"202100049038";"114Â 103";"A01";"1";"7";"4";"0";"1";"2";"1";""
"202100049039";"114Â 099";"B01";"1";"15";"0";"2";"3";"1";"0";""
"202100049039";"114Â 100";"A01";"1";"7";"0";"2";"2";"14";"1";""
"202100049040";"114Â 097";"B01";"1";"7";"0";"2";"4";"1";"1";""
"202100049040";"114Â 098";"A01";"1";"7";"0";"2";"1";"2";"1";""
"202100049041";"114Â 095";"A01";"2";"33";"0";"2";"8";"3";"1";""
"202100049041";"114Â 096";"B01";"2";"7";"0";"2";"7";"12";"1";""
"202100049042";"114Â 092";"A01";"2";"7";"0";"2";"4";"2";"1";""
"202100049042";"114Â 093";"B01";"2";"10";"0";"2";"1";"2";"4";""
"202100049042";"114Â 094";"C01";"2";"13";"0";"2";"4";"2";"4";""
"202100049043";"114Â 090";"B01";"1";"7";"0";"2";"1";"1";"1";""
"202100049043";"114Â 091";"A01";"1";"7";"0";"2";"7";"19";"1";""
"202100049044";"114Â 087";"C01";"1";"7";"0";"0";"4";"2";"1";""
"202100049044";"114Â 088";"B01";"1";"7";"0";"2";"4";"2";"1";""
"202100049044";"114Â 089";"A01";"1";"7";"0";"2";"1";"9";"1";""
"202100049045";"114Â 086";"A01";"1";"7";"0";"1";"1";"15";"1";""
"202100049046";"114Â 085";"A01";"1";"10";"0";"1";"3";"9";"1";""
"202100049047";"114Â 083";"C01";"1";"7";"0";"2";"8";"24";"1";""
"202100049047";"114Â 084";"A01";"1";"10";"1";"0";"9";"21";"1";""
"202100049048";"114Â 082";"A01";"3";"3";"0";"1";"4";"20";"1";""
"202100049049";"114Â 080";"B01";"1";"7";"0";"2";"3";"1";"1";""
"202100049049";"114Â 081";"A01";"2";"7";"0";"2";"3";"13";"1";""
"202100049050";"114Â 079";"A01";"2";"7";"0";"1";"2";"1";"2";""
"202100049051";"114Â 077";"B01";"2";"7";"0";"2";"6";"1";"1";""
"202100049051";"114Â 078";"A01";"2";"33";"0";"1";"1";"17";"1";""
"202100049052";"114Â 076";"A01";"3";"7";"0";"1";"2";"1";"1";""
"202100049053";"114Â 074";"A01";"2";"33";"0";"2";"1";"1";"1";""
"202100049053";"114Â 075";"B01";"2";"7";"0";"2";"2";"19";"1";""
"202100049054";"114Â 073";"A01";"1";"31";"0";"0";"0";"26";"0";""
"202100049055";"114Â 072";"A01";"1";"34";"10";"0";"7";"26";"1";""
"202100049056";"114Â 070";"A01";"3";"80";"0";"2";"8";"19";"3";""
"202100049056";"114Â 071";"B01";"1";"7";"0";"2";"2";"1";"1";""
"202100049057";"114Â 068";"B01";"1";"10";"0";"2";"8";"2";"1";""
"202100049057";"114Â 069";"A01";"1";"33";"0";"2";"7";"2";"1";""
"202100049058";"114Â 067";"A01";"1";"10";"0";"1";"4";"26";"1";""
"202100049059";"114Â 065";"A01";"2";"7";"0";"2";"3";"15";"1";""
"202100049059";"114Â 066";"B01";"2";"2";"0";"2";"7";"17";"1";""
"202100049060";"114Â 063";"B01";"3";"7";"0";"2";"1";"1";"2";""
"202100049060";"114Â 064";"A01";"3";"30";"0";"2";"7";"16";"1";""
"202100049061";"114Â 061";"B01";"1";"34";"0";"2";"5";"2";"0";""
"202100049061";"114Â 062";"A01";"1";"7";"0";"2";"2";"1";"1";""
"202100049062";"114Â 060";"A01";"1";"7";"6";"0";"1";"15";"1";""
"202100049063";"114Â 059";"A01";"1";"30";"14";"2";"3";"1";"1";""
"202100049064";"114Â 058";"A01";"0";"7";"0";"1";"3";"16";"1";""
"202100049065";"114Â 056";"A01";"2";"1";"0";"2";"8";"19";"5";""
"202100049065";"114Â 057";"B01";"2";"7";"0";"2";"1";"1";"1";""
"202100049066";"114Â 054";"A01";"0";"30";"0";"2";"1";"1";"1";""
"202100049066";"114Â 055";"B01";"0";"7";"0";"2";"4";"1";"1";""
"202100049067";"114Â 052";"B01";"0";"7";"0";"2";"1";"1";"1";""
"202100049067";"114Â 053";"A01";"0";"7";"0";"2";"3";"15";"1";""
"202100049068";"114Â 050";"Z01";"1";"10";"0";"2";"0";"0";"1";""
"202100049068";"114Â 051";"B01";"1";"3";"0";"2";"1";"0";"1";""
"202100049069";"114Â 048";"A01";"0";"7";"1";"0";"1";"16";"1";""
"202100049069";"114Â 049";"B01";"0";"37";"0";"2";"3";"24";"1";"1"
"202100049070";"114Â 047";"A01";"1";"7";"5";"0";"0";"1";"1";""
"202100049071";"114Â 045";"A01";"2";"7";"0";"2";"2";"15";"1";""
"202100049071";"114Â 046";"B01";"1";"33";"0";"2";"1";"1";"1";""
"202100049072";"114Â 044";"A01";"3";"33";"15";"0";"1";"1";"1";""
"202100049073";"114Â 042";"B01";"1";"7";"0";"2";"2";"1";"1";""
"202100049073";"114Â 043";"A01";"1";"7";"0";"2";"1";"15";"1";""
"202100049074";"114Â 041";"A01";"1";"7";"0";"1";"3";"26";"1";""
"202100049075";"114Â 038";"A01";"1";"7";"0";"2";"1";"2";"1";""
"202100049075";"114Â 039";"B01";"1";"7";"0";"2";"4";"2";"1";""
"202100049075";"114Â 040";"C01";"1";"7";"0";"2";"4";"2";"1";""
"202100049076";"114Â 037";"A01";"1";"60";"0";"1";"1";"1";"5";""
"202100049077";"114Â 035";"A01";"1";"7";"1";"2";"1";"16";"1";""
"202100049077";"114Â 036";"B01";"0";"33";"1";"2";"7";"1";"1";""
"202100049078";"114Â 034";"A01";"1";"7";"13";"0";"0";"14";"1";""
"202100049079";"114Â 033";"A01";"3";"7";"0";"1";"4";"4";"1";""
"202100049080";"114Â 030";"A01";"1";"10";"0";"2";"1";"2";"1";""
"202100049080";"114Â 031";"B01";"1";"7";"0";"2";"4";"2";"1";""
"202100049080";"114Â 032";"C01";"1";"7";"0";"2";"4";"2";"1";""
"202100049081";"114Â 028";"B01";"3";"10";"0";"2";"3";"1";"1";""
"202100049081";"114Â 029";"A01";"3";"7";"0";"2";"7";"12";"1";""
"202100049082";"114Â 027";"A01";"1";"31";"15";"0";"8";"1";"1";""
"202100049083";"114Â 023";"C01";"3";"7";"0";"2";"4";"15";"1";""
"202100049083";"114Â 024";"A01";"3";"7";"9";"2";"1";"9";"2";""
"202100049083";"114Â 025";"B01";"3";"7";"0";"2";"7";"10";"1";""
"202100049083";"114Â 026";"D01";"3";"10";"0";"2";"3";"1";"1";""
"202100049084";"114Â 021";"A01";"3";"7";"0";"2";"2";"16";"1";""
"202100049084";"114Â 022";"B01";"3";"1";"0";"2";"1";"1";"5";""
"202100049085";"114Â 017";"A01";"1";"7";"0";"2";"3";"26";"1";""
"202100049085";"114Â 018";"B01";"1";"7";"0";"2";"2";"1";"1";""
"202100049086";"114Â 015";"A01";"2";"1";"0";"2";"7";"1";"5";""
"202100049086";"114Â 016";"B01";"2";"7";"0";"2";"1";"1";"1";""
"202100049087";"114Â 013";"B01";"3";"10";"0";"0";"7";"0";"1";""
"202100049087";"114Â 014";"A01";"3";"60";"0";"2";"0";"0";"5";""
"202100049088";"114Â 011";"A01";"3";"7";"1";"2";"9";"16";"1";""
"202100049088";"114Â 012";"B01";"3";"7";"0";"2";"1";"0";"1";""
"202100049089";"114Â 009";"A01";"3";"7";"0";"2";"1";"15";"1";""
"202100049089";"114Â 010";"B01";"1";"31";"0";"2";"1";"1";"1";""
"202100049090";"114Â 008";"A01";"1";"7";"0";"1";"1";"15";"1";""
"202100049091";"114Â 005";"A01";"3";"7";"1";"0";"3";"9";"1";""
"202100049091";"114Â 006";"C01";"3";"10";"1";"0";"0";"0";"1";""
"202100049091";"114Â 007";"B01";"1";"2";"1";"2";"1";"1";"1";""
"202100049092";"114Â 003";"B01";"2";"7";"0";"2";"4";"23";"2";""
"202100049092";"114Â 004";"A01";"2";"31";"0";"2";"1";"2";"1";""
"202100049093";"114Â 001";"A01";"1";"7";"0";"2";"1";"13";"2";""
"202100049093";"114Â 002";"B01";"2";"17";"0";"2";"1";"1";"6";""
"202100049094";"113Â 999";"A01";"2";"7";"0";"2";"3";"1";"1";""
"202100049094";"114Â 000";"B01";"1";"7";"0";"2";"3";"1";"1";""
"202100049095";"113Â 997";"A01";"3";"7";"0";"2";"2";"1";"1";""
"202100049095";"113Â 998";"B01";"3";"2";"0";"2";"1";"1";"1";""
"202100049096";"113Â 996";"A01";"2";"2";"0";"0";"1";"1";"1";""
"202100049097";"113Â 993";"A01";"1";"7";"12";"2";"1";"9";"1";""
"202100049097";"113Â 994";"B01";"1";"7";"0";"2";"1";"1";"1";""
"202100049097";"113Â 995";"C01";"1";"7";"0";"2";"8";"1";"1";""
"202100049098";"113Â 991";"A01";"2";"30";"0";"2";"1";"18";"1";""
"202100049098";"113Â 992";"B01";"2";"7";"0";"2";"2";"16";"1";""
"202100049099";"113Â 990";"A01";"3";"7";"0";"1";"1";"1";"1";""
"202100049100";"113Â 989";"A01";"1";"7";"0";"1";"1";"21";"1";""
"202100049101";"113Â 987";"A01";"1";"3";"0";"2";"7";"15";"1";""
"202100049101";"113Â 988";"B01";"2";"33";"0";"2";"1";"1";"1";""
"202100049102";"113Â 985";"A01";"1";"33";"0";"2";"1";"2";"1";""
"202100049102";"113Â 986";"B01";"1";"7";"0";"2";"6";"23";"1";""
"202100049103";"113Â 984";"A01";"2";"7";"6";"0";"2";"14";"1";""
"202100049104";"113Â 983";"A01";"1";"32";"0";"1";"1";"1";"0";""
"202100049105";"113Â 981";"A01";"1";"7";"0";"9";"3";"15";"1";""
"202100049105";"113Â 982";"B01";"2";"1";"0";"2";"1";"1";"5";""
"202100049106";"113Â 979";"B01";"2";"7";"0";"2";"4";"2";"1";""
"202100049106";"113Â 980";"A01";"2";"7";"0";"2";"1";"2";"1";""
"202100049107";"113Â 977";"B01";"1";"1";"0";"2";"7";"26";"5";""
"202100049107";"113Â 978";"A01";"3";"7";"0";"9";"2";"9";"1";""
"202100049108";"113Â 975";"A01";"3";"7";"0";"2";"4";"4";"1";""
"202100049108";"113Â 976";"B01";"3";"2";"0";"2";"1";"1";"1";""
"202100049109";"113Â 974";"A01";"2";"7";"0";"1";"7";"1";"1";""
"202100049110";"113Â 970";"A01";"1";"7";"0";"2";"3";"14";"1";""
"202100049110";"113Â 971";"B01";"1";"7";"0";"2";"3";"11";"1";""
"202100049110";"113Â 972";"C01";"1";"7";"0";"2";"5";"1";"1";""
"202100049110";"113Â 973";"D01";"1";"7";"0";"0";"4";"1";"1";""
"202100049111";"113Â 969";"A01";"1";"99";"0";"9";"0";"26";"0";""
"202100049112";"113Â 967";"B01";"1";"80";"0";"2";"8";"19";"3";""
"202100049112";"113Â 968";"A01";"1";"7";"0";"2";"2";"26";"1";""
"202100049113";"113Â 965";"B01";"1";"1";"0";"2";"1";"1";"0";""
"202100049113";"113Â 966";"A01";"2";"10";"0";"2";"3";"15";"1";""
"202100049114";"113Â 963";"B01";"3";"2";"1";"2";"1";"18";"1";""
"202100049114";"113Â 964";"A01";"0";"7";"0";"2";"0";"0";"0";""
"202100049115";"113Â 961";"A01";"3";"7";"0";"2";"2";"15";"1";""
"202100049115";"113Â 962";"B01";"0";"33";"0";"2";"1";"1";"1";""
"202100049116";"113Â 959";"B01";"3";"7";"0";"2";"2";"1";"1";""
"202100049116";"113Â 960";"A01";"3";"31";"0";"2";"1";"5";"0";""
"202100049117";"113Â 957";"B01";"1";"7";"0";"2";"3";"15";"1";""
"202100049117";"113Â 958";"A01";"1";"33";"0";"2";"1";"13";"1";""
"202100049118";"113Â 955";"A01";"2";"36";"0";"2";"1";"2";"1";""
"202100049118";"113Â 956";"B01";"2";"32";"0";"2";"4";"23";"1";""
"202100049119";"113Â 953";"B01";"1";"32";"14";"2";"0";"0";"1";""
"202100049119";"113Â 954";"A01";"1";"7";"14";"2";"0";"0";"1";""
"202100049120";"113Â 952";"A01";"2";"7";"1";"0";"1";"26";"1";""
"202100049121";"113Â 950";"B01";"3";"33";"0";"2";"2";"1";"1";""
"202100049121";"113Â 951";"Z01";"3";"7";"0";"2";"3";"15";"1";""
"202100049122";"113Â 948";"A01";"2";"7";"0";"2";"3";"15";"1";""
"202100049122";"113Â 949";"B01";"2";"7";"1";"0";"7";"1";"1";""
"202100049123";"113Â 945";"A01";"3";"7";"0";"2";"2";"21";"1";""
"202100049123";"113Â 946";"Z01";"3";"7";"0";"2";"3";"13";"1";""
"202100049123";"113Â 947";"B01";"3";"7";"0";"2";"5";"26";"1";""
"202100049124";"113Â 943";"A01";"1";"7";"0";"2";"1";"2";"1";""
"202100049124";"113Â 944";"B01";"1";"7";"0";"2";"4";"2";"1";""
"202100049125";"113Â 941";"A01";"1";"32";"0";"2";"8";"11";"1";""
"202100049125";"113Â 942";"B01";"1";"32";"0";"2";"7";"1";"1";""
"202100049126";"113Â 939";"A01";"1";"33";"0";"2";"7";"3";"1";""
"202100049126";"113Â 940";"B01";"1";"10";"0";"2";"8";"11";"1";""
"202100049127";"113Â 938";"A01";"2";"32";"0";"1";"1";"1";"1";""
"202100049128";"113Â 937";"A01";"2";"1";"0";"1";"1";"1";"5";""
"202100049129";"113Â 935";"A01";"3";"7";"0";"2";"7";"16";"1";""
"202100049129";"113Â 936";"B01";"3";"33";"0";"2";"0";"18";"1";""
"202100049130";"113Â 934";"A01";"1";"1";"0";"0";"0";"21";"5";""
"202100049131";"113Â 932";"A01";"3";"2";"0";"2";"6";"18";"1";""
"202100049131";"113Â 933";"B01";"3";"7";"0";"2";"0";"1";"1";""
"202100049132";"113Â 930";"A01";"3";"7";"0";"2";"2";"1";"1";""
"202100049132";"113Â 931";"B01";"1";"37";"0";"2";"3";"9";"1";"2"
"202100049133";"113Â 928";"B01";"1";"43";"0";"2";"2";"15";"1";""
"202100049133";"113Â 929";"A01";"1";"30";"0";"2";"3";"13";"3";""
"202100049134";"113Â 927";"A01";"1";"7";"0";"1";"1";"1";"1";""
"202100049135";"113Â 926";"A01";"2";"1";"1";"0";"1";"14";"5";""
"202100049136";"113Â 925";"A01";"2";"7";"0";"1";"2";"15";"1";""
"202100049137";"113Â 923";"A01";"2";"7";"12";"2";"1";"1";"1";""
"202100049137";"113Â 924";"B01";"3";"7";"12";"2";"8";"1";"1";""
"202100049138";"113Â 921";"B01";"1";"7";"0";"2";"3";"1";"2";""
"202100049138";"113Â 922";"A01";"2";"30";"0";"2";"1";"1";"1";""
"202100049139";"113Â 919";"A01";"1";"10";"0";"2";"8";"22";"1";""
"202100049139";"113Â 920";"B01";"2";"60";"0";"2";"1";"1";"5";""
"202100049140";"113Â 917";"Z01";"2";"7";"0";"2";"1";"2";"1";""
"202100049140";"113Â 918";"A01";"2";"7";"0";"2";"6";"2";"1";""
"202100049141";"113Â 916";"A01";"1";"1";"0";"0";"0";"1";"5";""
"202100049142";"113Â 915";"A01";"3";"7";"0";"1";"1";"15";"1";""
"202100049143";"113Â 914";"A01";"1";"10";"0";"1";"3";"2";"1";""
"202100049144";"113Â 913";"A01";"1";"32";"0";"2";"1";"17";"1";""
"202100049145";"113Â 912";"B01";"2";"10";"0";"1";"1";"1";"0";""
"202100049146";"113Â 909";"A01";"2";"7";"0";"2";"2";"14";"1";""
"202100049146";"113Â 910";"C01";"2";"7";"0";"2";"4";"0";"1";""
"202100049146";"113Â 911";"B01";"2";"32";"0";"2";"1";"3";"1";""
"202100049147";"113Â 907";"A01";"1";"30";"0";"2";"3";"3";"1";""
"202100049147";"113Â 908";"B01";"1";"7";"0";"0";"5";"26";"1";""
"202100049148";"113Â 903";"C01";"1";"10";"1";"2";"4";"23";"1";""
"202100049148";"113Â 904";"A01";"1";"7";"1";"2";"1";"26";"1";""
"202100049148";"113Â 905";"B01";"1";"7";"0";"2";"4";"23";"1";""
"202100049148";"113Â 906";"D01";"1";"7";"0";"2";"4";"23";"1";""
"202100049149";"113Â 901";"B01";"1";"7";"0";"2";"0";"0";"0";""
"202100049149";"113Â 902";"A01";"1";"7";"0";"2";"0";"0";"1";""
"202100049150";"113Â 899";"A01";"1";"7";"1";"0";"2";"1";"1";""
"202100049150";"113Â 900";"B01";"1";"2";"1";"0";"1";"1";"1";""
"202100049151";"113Â 898";"A01";"1";"10";"0";"1";"1";"17";"0";""
"202100049152";"113Â 896";"B01";"2";"33";"0";"2";"1";"1";"1";""
"202100049152";"113Â 897";"A01";"1";"7";"0";"2";"2";"10";"0";""
"202100049153";"113Â 894";"B01";"2";"7";"0";"2";"2";"1";"1";""
"202100049153";"113Â 895";"A01";"1";"34";"0";"2";"1";"1";"1";""
"202100049154";"113Â 892";"Z01";"3";"0";"0";"2";"1";"25";"0";""
"202100049154";"113Â 893";"A01";"2";"32";"0";"2";"7";"25";"1";""
"202100049155";"113Â 891";"A01";"2";"7";"0";"1";"1";"15";"1";""
"202100049156";"113Â 889";"A01";"1";"32";"0";"2";"1";"1";"1";""
"202100049156";"113Â 890";"B01";"1";"7";"0";"2";"5";"15";"1";""
"202100049157";"113Â 888";"A01";"2";"7";"0";"1";"2";"1";"1";""
"202100049158";"113Â 887";"A01";"2";"7";"0";"1";"8";"1";"1";""
"202100049159";"113Â 885";"B01";"1";"10";"0";"2";"7";"16";"1";""
"202100049159";"113Â 886";"A01";"1";"32";"0";"2";"8";"1";"1";""
"202100049160";"113Â 883";"B01";"1";"50";"0";"2";"8";"1";"3";""
"202100049160";"113Â 884";"A01";"2";"7";"0";"2";"7";"1";"1";""
"202100049161";"113Â 881";"B01";"1";"7";"2";"2";"4";"0";"1";""
"202100049161";"113Â 882";"A01";"1";"7";"0";"2";"1";"14";"1";""
"202100049162";"113Â 879";"B01";"1";"15";"0";"2";"1";"2";"1";""
"202100049162";"113Â 880";"A01";"1";"15";"0";"0";"4";"2";"1";""
"202100049163";"113Â 878";"A01";"2";"7";"13";"0";"3";"1";"1";""
"202100049164";"113Â 875";"C01";"2";"7";"0";"2";"1";"1";"1";""
"202100049164";"113Â 876";"B01";"2";"7";"0";"2";"1";"1";"1";""
"202100049164";"113Â 877";"A01";"1";"15";"0";"2";"8";"10";"1";""
"202100049165";"113Â 873";"A01";"1";"7";"0";"2";"2";"2";"1";""
"202100049165";"113Â 874";"B01";"1";"10";"3";"1";"1";"21";"1";""
"202100049166";"113Â 871";"A01";"2";"2";"1";"0";"1";"2";"1";""
"202100049166";"113Â 872";"B01";"2";"7";"0";"0";"6";"23";"1";""
"202100049167";"113Â 869";"A01";"1";"7";"0";"2";"1";"1";"1";""
"202100049167";"113Â 870";"B01";"3";"1";"0";"2";"7";"19";"5";""
"202100049168";"113Â 865";"A01";"2";"33";"0";"2";"1";"13";"1";""
"202100049168";"113Â 866";"D01";"1";"7";"0";"2";"3";"1";"1";""
"202100049168";"113Â 867";"C01";"1";"7";"0";"2";"3";"0";"1";""
"202100049168";"113Â 868";"B01";"2";"33";"0";"2";"0";"13";"0";""
"202100049169";"113Â 864";"A01";"2";"7";"2";"0";"3";"13";"1";""
"202100049170";"113Â 863";"A01";"1";"33";"3";"0";"8";"13";"1";""
"202100049171";"113Â 861";"A01";"1";"7";"0";"0";"8";"9";"1";""
"202100049171";"113Â 862";"B01";"2";"7";"0";"0";"3";"1";"1";""
"202100049172";"113Â 859";"B01";"2";"7";"8";"2";"3";"1";"1";""
"202100049172";"113Â 860";"A01";"2";"7";"0";"2";"2";"0";"1";""
"202100049173";"113Â 857";"A01";"1";"7";"0";"2";"3";"5";"1";""
"202100049173";"113Â 858";"B01";"2";"7";"0";"2";"3";"1";"1";""
"202100049174";"113Â 855";"A01";"2";"33";"0";"2";"1";"1";"1";""
"202100049174";"113Â 856";"B01";"3";"7";"0";"2";"8";"9";"1";""
"202100049175";"113Â 853";"B01";"2";"7";"8";"2";"3";"1";"1";""
"202100049175";"113Â 854";"A01";"1";"7";"0";"2";"2";"0";"1";""
"202100049176";"113Â 851";"A01";"2";"7";"0";"2";"5";"15";"1";""
"202100049176";"113Â 852";"B01";"1";"7";"0";"2";"3";"2";"1";""
"202100049177";"113Â 849";"B01";"1";"7";"0";"2";"3";"15";"1";""
"202100049177";"113Â 850";"A01";"1";"2";"0";"2";"1";"17";"1";""
"202100049178";"113Â 848";"A01";"1";"33";"0";"0";"0";"1";"1";""
"202100049179";"113Â 846";"A01";"1";"7";"0";"2";"3";"16";"1";""
"202100049179";"113Â 847";"B01";"2";"33";"0";"2";"1";"1";"0";""
"202100049180";"113Â 844";"A01";"2";"1";"0";"9";"4";"0";"5";""
"202100049180";"113Â 845";"B01";"2";"1";"0";"2";"1";"0";"5";""
"202100049181";"113Â 843";"A01";"2";"7";"6";"0";"2";"1";"1";""
"202100049182";"113Â 841";"B01";"1";"30";"0";"2";"1";"1";"1";""
"202100049182";"113Â 842";"A01";"2";"33";"0";"0";"0";"1";"1";""
"202100049183";"113Â 839";"B01";"1";"7";"0";"2";"1";"23";"1";""
"202100049183";"113Â 840";"A01";"1";"7";"0";"0";"4";"23";"1";""
"202100049184";"113Â 838";"A01";"1";"7";"0";"1";"2";"1";"1";""
"202100049185";"113Â 836";"A01";"0";"33";"0";"2";"8";"1";"1";""
"202100049185";"113Â 837";"B01";"0";"3";"0";"2";"1";"26";"1";""
"202100049186";"113Â 835";"A01";"1";"31";"0";"0";"0";"26";"1";""
"202100049187";"113Â 834";"A01";"1";"10";"13";"0";"9";"1";"1";""
"202100049188";"113Â 833";"A01";"3";"10";"16";"0";"9";"14";"1";""
"202100049189";"113Â 832";"A01";"1";"7";"0";"1";"1";"1";"1";""
"202100049190";"113Â 831";"A01";"2";"33";"16";"0";"1";"14";"1";""
"202100049191";"113Â 829";"B01";"2";"7";"0";"2";"3";"1";"1";""
"202100049191";"113Â 830";"A01";"1";"7";"0";"2";"3";"15";"1";""
"202100049192";"113Â 828";"A01";"2";"7";"0";"1";"1";"1";"1";""
"202100049193";"113Â 825";"A01";"1";"7";"0";"2";"3";"15";"1";""
"202100049193";"113Â 826";"B01";"2";"34";"0";"2";"1";"1";"1";""
"202100049193";"113Â 827";"C01";"2";"7";"0";"2";"3";"23";"1";""
"202100049194";"113Â 824";"A01";"1";"7";"0";"1";"1";"1";"1";""
"202100049195";"113Â 823";"A01";"0";"7";"0";"1";"4";"20";"0";""
"202100049196";"113Â 822";"A01";"1";"2";"0";"0";"1";"1";"1";""
"202100049197";"113Â 821";"A01";"1";"7";"0";"1";"2";"1";"1";""
"202100049198";"113Â 819";"A01";"3";"2";"0";"2";"1";"9";"1";""
"202100049198";"113Â 820";"B01";"3";"7";"0";"2";"1";"13";"0";""
"202100049199";"113Â 817";"B01";"2";"21";"0";"2";"1";"1";"1";""
"202100049199";"113Â 818";"A01";"1";"7";"0";"2";"1";"17";"1";""
"202100049200";"113Â 815";"A01";"2";"7";"13";"2";"1";"14";"1";""
"202100049200";"113Â 816";"B01";"3";"7";"0";"0";"8";"1";"2";""
"202100049201";"113Â 813";"B01";"2";"7";"0";"2";"5";"1";"1";""
"202100049201";"113Â 814";"A01";"1";"7";"0";"2";"5";"18";"1";""
"202100049202";"113Â 811";"A01";"2";"10";"0";"2";"1";"1";"1";""
"202100049202";"113Â 812";"B01";"2";"33";"0";"2";"4";"1";"1";""
"202100049203";"113Â 810";"A01";"2";"7";"3";"0";"1";"0";"1";""
"202100049204";"113Â 805";"C01";"1";"7";"0";"2";"4";"2";"0";""
"202100049204";"113Â 806";"D01";"1";"7";"0";"2";"4";"2";"0";""
"202100049204";"113Â 807";"E01";"1";"7";"0";"2";"1";"2";"0";""
"202100049204";"113Â 808";"A01";"1";"7";"0";"2";"4";"2";"0";""
"202100049204";"113Â 809";"B01";"1";"7";"0";"2";"4";"2";"0";""
"202100049205";"113Â 803";"A01";"1";"7";"0";"2";"4";"12";"1";""
"202100049205";"113Â 804";"B01";"1";"7";"0";"2";"1";"1";"1";""
"202100049206";"113Â 801";"B01";"1";"7";"0";"2";"5";"2";"3";""
"202100049206";"113Â 802";"A01";"1";"7";"0";"2";"3";"11";"1";""
"202100049207";"113Â 798";"C01";"1";"7";"0";"2";"4";"1";"1";""
"202100049207";"113Â 799";"A01";"1";"10";"0";"2";"1";"1";"1";""
"202100049207";"113Â 800";"B01";"1";"10";"0";"2";"5";"17";"1";""
"202100049208";"113Â 796";"B01";"1";"7";"1";"0";"1";"2";"1";""
"202100049208";"113Â 797";"A01";"1";"7";"0";"2";"4";"23";"1";""
"202100049209";"113Â 793";"C01";"2";"7";"0";"2";"2";"23";"1";""
"202100049209";"113Â 794";"A01";"2";"43";"0";"2";"3";"12";"1";""
"202100049209";"113Â 795";"B01";"2";"7";"0";"2";"2";"23";"1";""
"202100049210";"113Â 792";"A01";"1";"7";"4";"0";"3";"13";"1";""