"Num_Acc";"id_vehicule";"num_veh";"senc";"catv";"obs";"obsm";"choc";"manv";"motor";"occutc"
"202100049211";"113Â 790";"B01";"2";"80";"0";"2";"3";"1";"3";""
"202100049211";"113Â 791";"A01";"1";"7";"0";"2";"7";"19";"1";""
"202100049212";"113Â 788";"B01";"2";"2";"0";"2";"1";"17";"1";""
"202100049212";"113Â 789";"A01";"2";"7";"0";"2";"3";"15";"1";""
"202100049213";"113Â 786";"A01";"1";"31";"0";"2";"1";"1";"1";""
"202100049213";"113Â 787";"B01";"1";"7";"0";"2";"5";"9";"1";""
"202100049214";"113Â 784";"B01";"1";"33";"0";"2";"1";"3";"1";""
"202100049214";"113Â 785";"A01";"1";"7";"0";"2";"5";"0";"1";""
"202100049215";"113Â 782";"B01";"1";"2";"0";"2";"7";"1";"1";""
"202100049215";"113Â 783";"A01";"1";"7";"0";"9";"3";"9";"1";""
"202100049216";"113Â 780";"A01";"3";"32";"0";"2";"1";"1";"1";""
"202100049216";"113Â 781";"B01";"3";"7";"0";"2";"8";"15";"1";""
"202100049217";"113Â 778";"B01";"0";"10";"0";"2";"0";"0";"1";""
"202100049217";"113Â 779";"A01";"0";"7";"8";"0";"1";"21";"1";""
"202100049218";"113Â 776";"A01";"2";"7";"0";"2";"1";"10";"1";""
"202100049218";"113Â 777";"B01";"2";"7";"0";"2";"8";"1";"1";""
"202100049219";"113Â 775";"A01";"3";"38";"0";"1";"2";"20";"1";"1"
"202100049220";"113Â 773";"A01";"1";"10";"0";"2";"2";"16";"1";""
"202100049220";"113Â 774";"B01";"1";"1";"0";"2";"8";"1";"5";""
"202100049221";"113Â 771";"B01";"1";"10";"0";"2";"0";"0";"1";""
"202100049221";"113Â 772";"A01";"1";"7";"0";"2";"1";"2";"1";""
"202100049222";"113Â 769";"B01";"3";"33";"0";"2";"1";"1";"1";""
"202100049222";"113Â 770";"A01";"3";"7";"0";"2";"5";"15";"1";""
"202100049223";"113Â 768";"A01";"2";"7";"8";"0";"2";"14";"1";""
"202100049224";"113Â 766";"B01";"1";"7";"0";"2";"8";"1";"1";""
"202100049224";"113Â 767";"A01";"1";"33";"0";"2";"1";"19";"1";""
"202100049225";"113Â 764";"B01";"2";"33";"0";"2";"1";"1";"1";""
"202100049225";"113Â 765";"A01";"1";"7";"11";"2";"1";"21";"0";""
"202100049226";"113Â 763";"A01";"2";"17";"0";"1";"5";"1";"1";""
"202100049227";"113Â 761";"B01";"1";"33";"0";"0";"0";"0";"0";""
"202100049227";"113Â 762";"A01";"1";"7";"0";"2";"3";"10";"1";""
"202100049228";"113Â 760";"A01";"2";"7";"0";"1";"2";"1";"1";""
"202100049229";"113Â 759";"A01";"2";"7";"8";"0";"1";"13";"1";""
"202100049230";"113Â 757";"A01";"1";"7";"0";"2";"1";"2";"1";""
"202100049230";"113Â 758";"B01";"1";"7";"0";"2";"4";"2";"1";""
"202100049231";"113Â 755";"B01";"1";"2";"0";"2";"1";"1";"1";""
"202100049231";"113Â 756";"A01";"3";"7";"0";"2";"3";"15";"1";""
"202100049232";"113Â 754";"A01";"2";"2";"0";"1";"1";"1";"0";""
"202100049233";"113Â 752";"B01";"1";"7";"0";"2";"3";"21";"1";""
"202100049233";"113Â 753";"A01";"2";"30";"0";"2";"1";"17";"1";""
"202100049234";"113Â 750";"B01";"2";"10";"0";"2";"3";"15";"1";""
"202100049234";"113Â 751";"A01";"2";"34";"8";"2";"1";"17";"1";""
"202100049235";"113Â 749";"A01";"3";"60";"0";"1";"1";"21";"5";""
"202100049236";"113Â 747";"A01";"1";"7";"3";"2";"1";"1";"1";""
"202100049236";"113Â 748";"B01";"1";"7";"3";"2";"4";"2";"1";""
"202100049237";"113Â 745";"A01";"1";"32";"0";"2";"7";"17";"1";""
"202100049237";"113Â 746";"B01";"1";"7";"0";"2";"3";"15";"3";""
"202100049238";"113Â 744";"A01";"1";"7";"0";"1";"1";"1";"1";""
"202100049239";"113Â 743";"Z01";"1";"30";"0";"1";"1";"0";"1";""
"202100049240";"113Â 741";"B01";"1";"7";"0";"2";"2";"1";"1";""
"202100049240";"113Â 742";"A01";"1";"7";"0";"2";"1";"26";"2";""
"202100049241";"113Â 739";"B01";"1";"7";"11";"2";"2";"2";"1";""
"202100049241";"113Â 740";"A01";"2";"10";"0";"2";"5";"15";"1";""
"202100049242";"113Â 737";"B01";"1";"7";"0";"2";"4";"1";"1";""
"202100049242";"113Â 738";"A01";"1";"30";"0";"2";"2";"2";"1";""
"202100049243";"113Â 735";"A01";"1";"2";"0";"2";"1";"7";"1";""
"202100049243";"113Â 736";"B01";"1";"7";"0";"2";"3";"15";"1";""
"202100049244";"113Â 733";"A01";"1";"33";"0";"2";"1";"17";"1";""
"202100049244";"113Â 734";"B01";"2";"7";"0";"2";"3";"1";"1";""
"202100049245";"113Â 731";"A01";"3";"7";"0";"2";"2";"15";"1";""
"202100049245";"113Â 732";"B01";"3";"80";"0";"2";"1";"0";"3";""
"202100049246";"113Â 729";"B01";"1";"7";"0";"2";"5";"15";"1";""
"202100049246";"113Â 730";"A01";"2";"31";"0";"2";"3";"1";"1";""
"202100049247";"113Â 728";"A01";"1";"7";"15";"0";"1";"1";"1";""
"202100049248";"113Â 726";"B01";"3";"7";"0";"2";"3";"26";"1";""
"202100049248";"113Â 727";"A01";"3";"7";"0";"2";"6";"26";"1";""
"202100049249";"113Â 725";"A01";"3";"7";"0";"1";"1";"1";"1";""
"202100049250";"113Â 724";"A01";"3";"7";"8";"0";"1";"1";"1";""
"202100049251";"113Â 723";"A01";"3";"33";"12";"0";"0";"1";"1";""
"202100049252";"113Â 722";"A01";"3";"31";"0";"9";"0";"20";"1";""
"202100049253";"113Â 721";"A01";"0";"7";"0";"1";"1";"5";"1";""
"202100049254";"113Â 719";"B01";"3";"7";"0";"2";"1";"1";"1";""
"202100049254";"113Â 720";"A01";"3";"10";"0";"2";"2";"15";"1";""
"202100049255";"113Â 717";"B01";"3";"2";"0";"2";"8";"1";"1";""
"202100049255";"113Â 718";"A01";"0";"7";"0";"2";"2";"26";"1";""
"202100049256";"113Â 715";"B01";"1";"7";"0";"2";"6";"1";"1";""
"202100049256";"113Â 716";"A01";"1";"1";"0";"2";"1";"1";"5";""
"202100049257";"113Â 713";"A01";"2";"7";"0";"2";"2";"17";"1";""
"202100049257";"113Â 714";"B01";"1";"33";"0";"2";"2";"2";"1";""
"202100049258";"113Â 711";"B01";"1";"1";"0";"2";"1";"15";"5";""
"202100049258";"113Â 712";"A01";"1";"7";"0";"2";"7";"16";"1";""
"202100049259";"113Â 710";"A01";"1";"7";"0";"1";"1";"1";"1";""
"202100049260";"113Â 708";"B01";"2";"30";"0";"2";"1";"1";"1";""
"202100049260";"113Â 709";"A01";"1";"7";"0";"2";"2";"15";"1";""
"202100049261";"113Â 706";"B01";"2";"7";"0";"2";"4";"1";"1";""
"202100049261";"113Â 707";"A01";"2";"7";"0";"2";"1";"26";"1";""
"202100049262";"113Â 703";"A01";"2";"32";"1";"0";"1";"18";"1";""
"202100049263";"113Â 701";"A01";"2";"7";"0";"2";"1";"2";"1";""
"202100049263";"113Â 702";"B01";"2";"7";"0";"0";"4";"2";"1";""
"202100049264";"113Â 700";"A01";"2";"7";"12";"1";"2";"2";"1";""
"202100049265";"113Â 698";"B01";"1";"32";"9";"2";"1";"11";"1";""
"202100049265";"113Â 699";"A01";"1";"7";"9";"2";"4";"0";"1";""
"202100049266";"113Â 697";"A01";"2";"99";"9";"2";"0";"26";"0";""
"202100049267";"113Â 695";"A01";"1";"33";"0";"2";"1";"17";"1";""
"202100049267";"113Â 696";"B01";"1";"7";"0";"2";"8";"15";"1";""
"202100049268";"113Â 693";"B01";"1";"33";"11";"2";"1";"1";"1";""
"202100049268";"113Â 694";"A01";"2";"7";"11";"2";"2";"16";"1";""
"202100049269";"113Â 691";"A01";"2";"33";"0";"2";"6";"11";"1";""
"202100049269";"113Â 692";"B01";"2";"7";"0";"2";"2";"1";"2";""
"202100049270";"113Â 689";"A01";"1";"7";"0";"2";"3";"11";"1";""
"202100049270";"113Â 690";"B01";"1";"32";"0";"2";"2";"1";"1";""
"202100049271";"113Â 687";"A01";"1";"7";"0";"2";"4";"15";"1";""
"202100049271";"113Â 688";"B01";"1";"2";"0";"2";"1";"17";"1";""
"202100049272";"113Â 685";"B01";"2";"32";"0";"2";"1";"23";"1";""
"202100049272";"113Â 686";"A01";"2";"7";"0";"2";"4";"4";"1";""
"202100049273";"113Â 683";"A01";"2";"7";"0";"2";"2";"1";"1";""
"202100049273";"113Â 684";"B01";"1";"1";"0";"2";"8";"1";"5";""
"202100049274";"113Â 682";"A01";"1";"1";"2";"0";"1";"1";"5";""
"202100049275";"113Â 680";"A01";"1";"30";"0";"2";"2";"17";"1";""
"202100049275";"113Â 681";"B01";"1";"7";"0";"2";"3";"15";"1";""
"202100049276";"113Â 678";"Z01";"2";"7";"0";"2";"1";"1";"0";""
"202100049276";"113Â 679";"A01";"2";"1";"0";"2";"4";"1";"5";""
"202100049277";"113Â 677";"A01";"1";"10";"11";"0";"1";"1";"1";""
"202100049278";"113Â 675";"A01";"3";"10";"0";"2";"8";"22";"1";""
"202100049278";"113Â 676";"B01";"3";"1";"0";"2";"1";"1";"5";""
"202100049279";"113Â 673";"B01";"1";"50";"0";"2";"1";"1";"3";""
"202100049279";"113Â 674";"A01";"1";"7";"0";"2";"2";"1";"1";""
"202100049280";"113Â 672";"A01";"2";"7";"0";"1";"3";"1";"1";""
"202100049281";"113Â 670";"B01";"1";"50";"0";"2";"1";"1";"3";""
"202100049281";"113Â 671";"A01";"2";"7";"0";"2";"5";"15";"1";""
"202100049282";"113Â 669";"A01";"1";"10";"0";"1";"2";"1";"1";""
"202100049283";"113Â 668";"A01";"1";"1";"0";"1";"4";"1";"5";""
"202100049284";"113Â 666";"A01";"3";"30";"0";"2";"8";"18";"1";""
"202100049284";"113Â 667";"B01";"3";"10";"0";"2";"2";"16";"1";""
"202100049285";"113Â 663";"A01";"2";"10";"0";"2";"1";"23";"1";""
"202100049285";"113Â 664";"B01";"2";"10";"0";"2";"4";"23";"1";""
"202100049285";"113Â 665";"C01";"2";"7";"0";"2";"4";"1";"1";""
"202100049286";"113Â 662";"A01";"3";"1";"0";"0";"0";"1";"5";""
"202100049287";"113Â 660";"B01";"2";"2";"0";"0";"1";"1";"1";""
"202100049287";"113Â 661";"A01";"1";"1";"0";"2";"1";"5";"5";""
"202100049288";"113Â 659";"A01";"2";"1";"0";"0";"0";"13";"5";""
"202100049289";"113Â 657";"B01";"1";"33";"0";"2";"1";"1";"1";""
"202100049289";"113Â 658";"A01";"1";"7";"0";"2";"6";"11";"1";""
"202100049290";"113Â 655";"B01";"2";"7";"8";"0";"5";"2";"1";""
"202100049290";"113Â 656";"A01";"2";"7";"0";"2";"1";"2";"1";""
"202100049291";"113Â 652";"A01";"2";"3";"0";"2";"1";"26";"1";""
"202100049291";"113Â 653";"C01";"2";"30";"0";"2";"5";"2";"1";""
"202100049291";"113Â 654";"B01";"2";"30";"0";"2";"0";"0";"1";""
"202100049292";"113Â 650";"A01";" -1";"7";"0";"2";"3";"15";"1";""
"202100049292";"113Â 651";"B01";" -1";"1";"0";"2";"1";"1";"5";""
"202100049293";"113Â 648";"A01";" -1";"7";"0";"2";"1";"2";"0";""
"202100049293";"113Â 649";"B01";" -1";"7";"0";"0";"4";"2";"0";""
"202100049294";"113Â 646";"A01";"3";"1";"0";"2";"0";"9";"5";""
"202100049294";"113Â 647";"Z01";"1";"7";"0";"9";"0";"0";"0";""
"202100049295";"113Â 645";"A01";"3";"7";"0";"1";"3";"1";"0";""
"202100049296";"113Â 644";"A01";"1";"32";"14";"0";"1";"1";"1";""
"202100049297";"113Â 642";"A01";"2";"37";"0";"2";"1";"2";"1";"2"
"202100049297";"113Â 643";"B01";"2";"7";"0";"2";"4";"1";"1";""
"202100049298";"113Â 640";"Z01";"1";"15";"0";"2";"0";"0";"1";""
"202100049298";"113Â 641";"A01";"1";"2";"0";"2";"8";"19";"1";""
"202100049299";"113Â 638";"A01";"1";"32";"0";"2";"5";"3";"1";""
"202100049299";"113Â 639";"B01";"1";"7";"0";"2";"3";"15";"1";""
"202100049300";"113Â 636";"A01";"2";"33";"0";"2";"4";"1";"1";""
"202100049300";"113Â 637";"B01";"2";"33";"0";"2";"1";"2";"1";""
"202100049301";"113Â 634";"B01";"1";"2";"0";"2";"4";"1";"1";""
"202100049301";"113Â 635";"A01";"1";"7";"0";"2";"0";"0";"1";""
"202100049302";"113Â 632";"B01";"3";"7";"0";"2";"3";"1";"1";""
"202100049302";"113Â 633";"A01";"3";"7";"0";"2";"1";"16";"1";""
"202100049303";"113Â 630";"A01";"1";"32";"0";"2";"1";"1";"1";""
"202100049303";"113Â 631";"B01";"2";"33";"0";"2";"1";"5";"1";""
"202100049304";"113Â 628";"B01";"2";"15";"0";"2";"2";"1";"1";""
"202100049304";"113Â 629";"A01";"1";"7";"0";"2";"7";"15";"1";""
"202100049305";"113Â 627";"A01";"1";"33";"0";"0";"0";"17";"1";""
"202100049306";"113Â 625";"B01";"3";"7";"0";"2";"8";"15";"1";""
"202100049306";"113Â 626";"A01";"2";"7";"0";"2";"1";"1";"1";""
"202100049307";"113Â 624";"A01";"1";"7";"2";"0";"1";"1";"1";""
"202100049308";"113Â 623";"A01";"0";"7";"13";"0";"3";"13";"1";""
"202100049309";"113Â 621";"A01";"2";"7";"0";"2";"3";"15";"1";""
"202100049309";"113Â 622";"B01";"1";"7";"0";"2";"1";"1";"1";""
"202100049310";"113Â 619";"A01";"1";"1";"0";"2";"1";"0";"5";""
"202100049310";"113Â 620";"B01";"3";"7";"0";"2";"1";"1";"1";""
"202100049311";"113Â 617";"A01";"2";"1";"0";"0";"1";"1";"5";""
"202100049311";"113Â 618";"B01";"1";"21";"0";"0";"3";"1";"1";""
"202100049312";"113Â 615";"B01";"3";"7";"0";"2";"3";"0";"0";""
"202100049312";"113Â 616";"A01";"0";"30";"0";"2";"3";"1";"1";""
"202100049313";"113Â 614";"A01";"3";"10";"13";"0";"1";"1";"1";""
"202100049314";"113Â 613";"A01";"2";"7";"0";"0";"9";"1";"1";""
"202100049315";"113Â 612";"A01";"1";"7";"0";"1";"2";"14";"1";""
"202100049316";"113Â 611";"A01";"3";"7";"0";"1";"4";"4";"1";""
"202100049317";"113Â 609";"B01";"1";"7";"0";"2";"3";"1";"1";""
"202100049317";"113Â 610";"A01";"2";"7";"0";"2";"3";"13";"1";""
"202100049318";"113Â 608";"A01";"2";"1";"0";"1";"1";"1";"5";""
"202100049319";"113Â 607";"A01";"1";"7";"8";"0";"0";"1";"1";""
"202100049320";"113Â 605";"B01";"2";"31";"0";"2";"1";"17";"1";""
"202100049320";"113Â 606";"A01";"2";"10";"0";"2";"3";"15";"1";""
"202100049321";"113Â 603";"A01";"2";"7";"0";"2";"6";"12";"1";""
"202100049321";"113Â 604";"B01";"2";"10";"0";"0";"3";"1";"1";""
"202100049322";"113Â 601";"A01";"2";"7";"0";"2";"1";"17";"1";""
"202100049322";"113Â 602";"B01";"1";"32";"0";"2";"1";"1";"1";""
"202100049323";"113Â 599";"B01";"2";"33";"0";"0";"1";"1";"1";""
"202100049323";"113Â 600";"A01";"1";"7";"0";"0";"8";"15";"1";""
"202100049324";"113Â 598";"A01";"2";"7";"2";"0";"7";"21";"1";""
"202100049325";"113Â 596";"B01";"1";"7";"0";"0";"4";"1";"1";""
"202100049325";"113Â 597";"A01";"1";"7";"0";"2";"1";"0";"0";""
"202100049326";"113Â 594";"B01";"2";"10";"0";"2";"1";"17";"1";""
"202100049326";"113Â 595";"A01";"1";"7";"0";"2";"1";"1";"1";""
"202100049327";"113Â 592";"B01";"2";"32";"0";"2";"1";"13";"1";""
"202100049327";"113Â 593";"A01";"1";"7";"0";"2";"3";"1";"1";""
"202100049328";"113Â 590";"B01";"1";"10";"0";"2";"1";"1";"1";""
"202100049328";"113Â 591";"A01";"2";"10";"0";"2";"3";"5";"1";""
"202100049329";"113Â 588";"A01";"2";"33";"0";"2";"1";"17";"1";""
"202100049329";"113Â 589";"B01";"1";"33";"0";"2";"1";"1";"1";""
"202100049330";"113Â 585";"C01";"0";"7";"0";"2";"1";"1";"1";""
"202100049330";"113Â 586";"B01";"1";"31";"0";"2";"1";"1";"1";""
"202100049330";"113Â 587";"A01";"1";"7";"0";"2";"6";"15";"1";""
"202100049331";"113Â 583";"A01";"1";"7";"0";"2";"3";"13";"1";""
"202100049331";"113Â 584";"B01";"2";"7";"0";"2";"3";"1";"1";""
"202100049332";"113Â 581";"A01";"2";"2";"0";"2";"1";"1";"1";""
"202100049332";"113Â 582";"B01";"2";"7";"0";"2";"4";"1";"1";""
"202100049333";"113Â 579";"A01";"1";"7";"0";"2";"3";"1";"1";""
"202100049333";"113Â 580";"B01";"2";"3";"0";"2";"8";"9";"1";""
"202100049334";"113Â 578";"A01";"2";"7";"0";"1";"3";"15";"1";""
"202100049335";"113Â 577";"A01";"1";"7";"0";"0";"0";"0";"1";""
"202100049336";"113Â 573";"A01";"1";"15";"0";"2";"2";"12";"1";""
"202100049336";"113Â 574";"B01";"1";"7";"0";"2";"8";"1";"1";""
"202100049337";"113Â 571";"A01";"2";"7";"0";"2";"1";"1";"1";""
"202100049337";"113Â 572";"B01";"2";"7";"0";"2";"4";"2";"1";""
"202100049338";"113Â 569";"B01";"1";"7";"0";"2";"4";"2";"1";""
"202100049338";"113Â 570";"A01";"1";"7";"0";"2";"1";"1";"1";""
"202100049339";"113Â 567";"B01";"2";"7";"3";"0";"3";"1";"1";""
"202100049339";"113Â 568";"A01";"2";"15";"0";"2";"0";"0";"1";""
"202100049340";"113Â 565";"B01";"1";"32";"0";"2";"8";"1";"1";""
"202100049340";"113Â 566";"A01";"1";"7";"0";"2";"7";"12";"1";""
"202100049341";"113Â 563";"A01";"1";"7";"0";"2";"1";"2";"1";""
"202100049341";"113Â 564";"B01";"1";"13";"0";"2";"4";"2";"0";""
"202100049342";"113Â 562";"A01";"1";"17";"4";"2";"0";"26";"1";""
"202100049343";"113Â 561";"A01";"1";"7";"0";"0";"9";"12";"1";""
"202100049344";"113Â 558";"A01";"2";"7";"0";"2";"3";"1";"1";""
"202100049344";"113Â 559";"B01";"2";"15";"0";"2";"5";"1";"1";""
"202100049344";"113Â 560";"C01";"2";"10";"4";"2";"7";"1";"1";""
"202100049345";"113Â 556";"Z01";"2";"7";"0";"2";"1";"1";"1";""
"202100049345";"113Â 557";"B01";"2";"7";"0";"2";"4";"1";"1";""
"202100049346";"113Â 554";"B01";"2";"33";"4";"2";"7";"0";"1";""
"202100049346";"113Â 555";"A01";"2";"10";"0";"2";"8";"11";"1";""
"202100049347";"113Â 552";"A01";"2";"7";"0";"2";"3";"15";"1";""
"202100049347";"113Â 553";"B01";"1";"31";"0";"2";"1";"17";"1";""
"202100049348";"113Â 551";"A01";"1";"32";"0";"9";"0";"1";"1";""
"202100049349";"113Â 550";"A01";"1";"7";"1";"2";"2";"1";"1";""
"202100049350";"113Â 548";"A01";"1";"7";"0";"2";"1";"14";"1";""
"202100049350";"113Â 549";"B01";"1";"7";"1";"2";"4";"26";"1";""
"202100049351";"113Â 546";"B01";"1";"7";"0";"2";"8";"15";"1";""
"202100049351";"113Â 547";"A01";"1";"31";"0";"2";"1";"1";"1";""
"202100049352";"113Â 544";"B01";"1";"1";"0";"2";"1";"5";"0";""
"202100049352";"113Â 545";"A01";"1";"7";"0";"2";"1";"9";"0";""
"202100049353";"113Â 543";"A01";"1";"1";"0";"0";"0";"1";"5";""
"202100049354";"113Â 540";"B01";"1";"31";"0";"2";"7";"1";"1";""
"202100049354";"113Â 541";"C01";"1";"7";"0";"2";"3";"1";"1";""
"202100049354";"113Â 542";"A01";"1";"7";"0";"2";"2";"15";"1";""
"202100049355";"113Â 539";"A01";"2";"10";"0";"9";"1";"14";"1";""
"202100049356";"113Â 537";"A01";"1";"33";"0";"2";"2";"17";"1";""
"202100049356";"113Â 538";"B01";"1";"10";"0";"0";"8";"15";"1";""
"202100049357";"113Â 536";"A01";"2";"30";"0";"0";"0";"0";"1";""
"202100049358";"113Â 535";"Z01";"3";"7";"0";"1";"0";"0";"0";""
"202100049359";"113Â 534";"A01";"3";"7";"0";"1";"2";"14";"1";""
"202100049360";"113Â 533";"A01";"1";"7";"0";"1";"2";"16";"1";""
"202100049361";"113Â 531";"B01";"2";"2";"0";"2";"1";"1";"1";""
"202100049361";"113Â 532";"A01";"1";"7";"0";"2";"3";"15";"1";""
"202100049362";"113Â 530";"A01";"1";"7";"0";"1";"2";"1";"1";""
"202100049363";"113Â 529";"A01";"2";"33";"0";"0";"0";"1";"1";""
"202100049364";"113Â 527";"B01";"2";"2";"0";"2";"1";"1";"1";""
"202100049364";"113Â 528";"A01";"2";"7";"0";"2";"6";"9";"1";""
"202100049365";"113Â 526";"A01";"1";"2";"0";"0";"8";"1";"1";""
"202100049366";"113Â 521";"A01";"0";"7";"0";"2";"4";"1";"1";""
"202100049366";"113Â 522";"B01";"1";"7";"0";"2";"4";"1";"1";""
"202100049366";"113Â 523";"C01";"1";"7";"0";"2";"1";"1";"1";""
"202100049366";"113Â 524";"D01";"1";"7";"0";"2";"4";"1";"1";""
"202100049366";"113Â 525";"E01";"1";"7";"0";"2";"4";"1";"1";""
"202100049367";"113Â 519";"A01";"3";"7";"0";"2";"1";"9";"3";""
"202100049367";"113Â 520";"B01";"3";"1";"0";"2";"7";"1";"0";""
"202100049368";"113Â 515";"Y01";"1";"1";"0";"2";"7";"9";"5";""
"202100049368";"113Â 516";"A01";"1";"7";"0";"9";"1";"9";"1";""
"202100049369";"113Â 513";"B01";"2";"7";"0";"2";"2";"1";"1";""
"202100049369";"113Â 514";"A01";"1";"7";"0";"2";"2";"15";"1";""
"202100049370";"113Â 511";"A01";"2";"7";"0";"2";"1";"15";"1";""
"202100049370";"113Â 512";"B01";"1";"33";"0";"2";"1";"1";"1";""
"202100049371";"113Â 509";"B01";"1";"7";"0";"2";"4";"23";"0";""
"202100049371";"113Â 510";"A01";"1";"2";"1";"0";"1";"2";"0";""
"202100049372";"113Â 507";"B01";"0";"15";"0";"2";"8";"1";"1";""
"202100049372";"113Â 508";"A01";"0";"7";"0";"2";"7";"17";"1";""
"202100049373";"113Â 506";"A01";"1";"7";"0";"1";"1";"1";"1";""
"202100049374";"113Â 505";"A01";"1";"7";"13";"0";"1";"1";"1";""
"202100049375";"113Â 504";"A01";"3";"10";"0";"1";"4";"4";"1";""
"202100049376";"113Â 502";"A01";"1";"7";"0";"2";"7";"15";"1";""
"202100049376";"113Â 503";"B01";"2";"33";"0";"2";"1";"1";"1";""
"202100049377";"113Â 500";"A01";"2";"37";"0";"2";"6";"15";"1";"1"
"202100049377";"113Â 501";"B01";"1";"7";"0";"2";"1";"1";"1";""
"202100049378";"113Â 498";"B01";"3";"1";"0";"2";"1";"1";"0";""
"202100049378";"113Â 499";"A01";"3";"7";"0";"2";"0";"1";"1";""
"202100049379";"113Â 496";"B01";"1";"37";"0";"2";"6";"1";"2";"1"
"202100049379";"113Â 497";"A01";"2";"7";"0";"2";"3";"16";"1";""
"202100049380";"113Â 494";"A01";"1";"10";"0";"2";"1";"2";"1";""
"202100049380";"113Â 495";"B01";"1";"7";"0";"2";"4";"0";"1";""
"202100049381";"113Â 492";"A01";"1";"7";"0";"2";"2";"15";"2";""
"202100049381";"113Â 493";"B01";"2";"1";"0";"2";"1";"1";"0";""
"202100049382";"113Â 490";"B01";"1";"7";"0";"2";"4";"2";"1";""
"202100049382";"113Â 491";"A01";"1";"10";"0";"2";"1";"2";"1";""
"202100049383";"113Â 488";"B01";"3";"3";"0";"2";"1";"15";"6";""
"202100049383";"113Â 489";"A01";"3";"31";"0";"2";"1";"1";"6";""
"202100049384";"113Â 486";"B01";"1";"7";"0";"2";"8";"1";"1";""
"202100049384";"113Â 487";"A01";"1";"7";"0";"2";"2";"1";"1";""
"202100049385";"113Â 484";"B01";"1";"30";"0";"2";"1";"1";"1";""
"202100049385";"113Â 485";"A01";"1";"7";"0";"9";"7";"1";"1";""
"202100049386";"113Â 482";"A01";"3";"7";"0";"2";"1";"2";"1";""
"202100049386";"113Â 483";"B01";"3";"7";"0";"2";"7";"1";"1";""
"202100049387";"113Â 481";"A01";"3";"30";"0";"0";"0";"1";"1";""
"202100049388";"113Â 479";"B01";"1";"37";"0";"2";"4";"23";"1";"1"
"202100049388";"113Â 480";"A01";"1";"7";"0";"2";"1";"2";"1";""
"202100049389";"113Â 478";"A01";"0";"1";"0";"1";"1";"26";"5";""
"202100049390";"113Â 476";"B01";"0";"2";"0";"2";"2";"0";"1";""
"202100049390";"113Â 477";"A01";"0";"7";"0";"2";"3";"15";"1";""
"202100049391";"113Â 474";"B01";"1";"7";"0";"2";"6";"15";"1";""
"202100049391";"113Â 475";"A01";"1";"33";"0";"2";"1";"1";"1";""
"202100049392";"113Â 472";"A01";"1";"7";"0";"2";"3";"9";"1";""
"202100049392";"113Â 473";"B01";"1";"7";"0";"2";"1";"1";"1";""
"202100049393";"113Â 469";"A01";"1";"7";"0";"9";"2";"21";"1";""
"202100049393";"113Â 470";"C01";"1";"7";"0";"2";"6";"23";"1";""
"202100049393";"113Â 471";"B01";"3";"1";"1";"2";"1";"19";"5";""
"202100049394";"113Â 468";"A01";"1";"7";"0";"1";"1";"20";"1";""
"202100049395";"113Â 466";"B01";"1";"7";"0";"2";"3";"15";"1";""
"202100049395";"113Â 467";"A01";"1";"7";"0";"2";"2";"1";"1";""
"202100049396";"113Â 464";"B01";"3";"7";"0";"0";"0";"0";"1";""
"202100049396";"113Â 465";"A01";"1";"1";"0";"2";"1";"19";"5";""
"202100049397";"113Â 462";"A01";"2";"1";"0";"2";"1";"9";"5";""
"202100049397";"113Â 463";"B01";"3";"7";"0";"2";"3";"9";"1";""
"202100049398";"113Â 459";"C01";"2";"10";"0";"2";"4";"2";"1";""
"202100049398";"113Â 460";"B01";"2";"7";"0";"2";"4";"2";"2";""
"202100049398";"113Â 461";"A01";"2";"7";"0";"2";"1";"2";"1";""
"202100049399";"113Â 456";"B01";"1";"7";"0";"2";"3";"15";"1";""
"202100049399";"113Â 457";"A01";"1";"31";"0";"2";"2";"17";"1";""
"202100049399";"113Â 458";"C01";"2";"36";"1";"2";"2";"0";"0";""
"202100049400";"113Â 454";"A01";"3";"30";"0";"2";"1";"13";"1";""
"202100049400";"113Â 455";"B01";"3";"7";"0";"2";"1";"2";"1";""
"202100049401";"113Â 453";"A01";"3";"7";"0";"1";"1";"2";"0";""
"202100049402";"113Â 451";"Z01";"1";"33";"0";"2";"1";"0";"0";""
"202100049402";"113Â 452";"B01";"1";"30";"0";"2";"2";"0";"1";""
"202100049403";"113Â 449";"B01";"0";"30";"0";"2";"1";"1";"1";""
"202100049403";"113Â 450";"A01";"0";"7";"0";"2";"1";"15";"1";""
"202100049404";"113Â 447";"A01";"3";"7";"0";"2";"3";"13";"1";""
"202100049404";"113Â 448";"B01";"2";"33";"0";"2";"3";"1";"1";""
"202100049405";"113Â 445";"A01";"2";"31";"0";"2";"1";"17";"1";""
"202100049405";"113Â 446";"B01";"1";"7";"0";"2";"3";"1";"1";""
"202100049406";"113Â 443";"B01";"2";"30";"0";"2";"9";"1";"1";""
"202100049406";"113Â 444";"A01";"3";"10";"0";"2";"8";"15";"1";""
"202100049407";"113Â 441";"A01";"2";"7";"0";"2";"2";"14";"1";""
"202100049407";"113Â 442";"B01";"2";"7";"0";"2";"6";"1";"1";""
"202100049408";"113Â 438";"B01";"1";"17";"0";"2";"8";"1";"1";""
"202100049408";"113Â 439";"C01";"1";"7";"0";"2";"7";"1";"1";""