"Num_Acc";"id_vehicule";"num_veh";"senc";"catv";"obs";"obsm";"choc";"manv";"motor";"occutc"
"202100049408";"113Â 440";"A01";"1";"32";"0";"2";"2";"18";"1";""
"202100049409";"113Â 437";"A01";"1";"30";"0";"1";"2";"1";"3";""
"202100049410";"113Â 436";"A01";"1";"7";"1";"0";"1";"20";"3";""
"202100049411";"113Â 435";"A01";"0";"7";"0";"1";"2";"1";"1";""
"202100049412";"113Â 433";"B01";"1";"1";"0";"2";"4";"13";"5";""
"202100049412";"113Â 434";"A01";"1";"10";"0";"2";"1";"1";"1";""
"202100049413";"113Â 432";"Z01";"2";"1";"0";"1";"0";"1";"5";""
"202100049414";"113Â 431";"A01";"2";"1";"0";"1";"1";"1";"5";""
"202100049415";"113Â 430";"A01";"2";"80";"0";"0";"0";"21";"3";""
"202100049416";"113Â 429";"A01";"2";"10";"0";"1";"5";"4";"1";""
"202100049417";"113Â 428";"A01";"1";"7";"0";"2";"3";"1";"1";""
"202100049418";"113Â 426";"B01";"3";"60";"0";"2";"1";"19";"5";""
"202100049418";"113Â 427";"A01";"1";"33";"0";"9";"2";"1";"1";""
"202100049419";"113Â 425";"A01";"1";"38";"0";"0";"0";"2";"1";"3"
"202100049420";"113Â 424";"A01";"2";"7";"12";"0";"2";"14";"1";""
"202100049421";"113Â 422";"B01";"3";"7";"0";"9";"2";"26";"1";""
"202100049421";"113Â 423";"A01";"1";"1";"0";"2";"8";"1";"5";""
"202100049422";"113Â 420";"B01";"3";"1";"0";"2";"2";"1";"5";""
"202100049422";"113Â 421";"Z01";"3";"7";"0";"2";"2";"26";"0";""
"202100049423";"113Â 418";"A01";"0";"7";"0";"2";"2";"17";"1";""
"202100049423";"113Â 419";"B01";"3";"37";"0";"2";"3";"1";"1";"4"
"202100049424";"113Â 416";"A01";"3";"99";"0";"2";"3";"10";"1";""
"202100049424";"113Â 417";"B01";"3";"31";"0";"2";"2";"12";"1";""
"202100049425";"113Â 414";"B01";"1";"14";"0";"9";"6";"0";"1";""
"202100049425";"113Â 415";"A01";"1";"3";"0";"9";"3";"9";"1";""
"202100049426";"113Â 412";"B01";" -1";"7";"0";"2";"3";"2";"1";""
"202100049426";"113Â 413";"A01";"2";"7";"0";"2";"2";"9";"1";""
"202100049427";"113Â 410";"A01";"2";"7";"0";"2";"7";"1";"1";""
"202100049427";"113Â 411";"B01";"1";"1";"0";"2";"1";"1";"5";""
"202100049428";"113Â 409";"A01";"1";"30";"0";"1";"3";"2";"1";""
"202100049429";"113Â 408";"A01";"1";"10";"0";"1";"2";"9";"1";""
"202100049430";"113Â 406";"B01";"2";"1";"0";"2";"7";"9";"5";""
"202100049430";"113Â 407";"A01";"2";"7";"0";"2";"3";"19";"1";""
"202100049431";"113Â 404";"A01";"2";"30";"0";"2";"2";"17";"3";""
"202100049431";"113Â 405";"B01";"2";"10";"0";"2";"3";"15";"1";""
"202100049432";"113Â 402";"A01";"3";"7";"0";"2";"1";"15";"1";""
"202100049432";"113Â 403";"B01";"3";"33";"0";"2";"1";"1";"1";""
"202100049433";"113Â 400";"B01";"0";"1";"0";"2";"0";"1";"5";""
"202100049433";"113Â 401";"A01";"3";"2";"0";"9";"0";"0";"0";""
"202100049434";"113Â 398";"A01";"3";"1";"0";"2";"1";"15";"5";""
"202100049434";"113Â 399";"B01";"3";"7";"0";"9";"6";"1";"1";""
"202100049435";"113Â 397";"A01";"1";"7";"13";"0";"0";"0";"1";""
"202100049436";"113Â 395";"B01";"1";"7";"0";"2";"7";"17";"1";""
"202100049436";"113Â 396";"A01";"1";"7";"0";"2";"8";"15";"1";""
"202100049437";"113Â 393";"B01";"1";"7";"0";"9";"2";"1";"1";""
"202100049437";"113Â 394";"A01";"1";"1";"0";"2";"8";"16";"5";""
"202100049438";"113Â 391";"A01";"2";"33";"0";"2";"1";"1";"1";""
"202100049438";"113Â 392";"B01";"1";"7";"0";"0";"7";"16";"1";""
"202100049439";"113Â 389";"B01";"2";"2";"0";"2";"1";"2";"1";""
"202100049439";"113Â 390";"A01";"2";"7";"0";"2";"4";"1";"1";""
"202100049440";"113Â 388";"A01";"2";"7";"0";"0";"0";"1";"1";""
"202100049441";"113Â 386";"A01";"2";"7";"0";"2";"1";"5";"1";""
"202100049441";"113Â 387";"B01";"1";"14";"0";"2";"1";"1";"1";""
"202100049442";"113Â 385";"A01";"1";"10";"0";"1";"3";"1";"1";""
"202100049443";"113Â 382";"A01";"2";"33";"0";"2";"1";"17";"1";""
"202100049443";"113Â 383";"B01";"2";"7";"0";"0";"8";"1";"1";""
"202100049443";"113Â 384";"C01";"1";"13";"0";"0";"3";"1";"1";""
"202100049444";"113Â 380";"B01";"0";"7";"0";"2";"1";"1";"1";""
"202100049444";"113Â 381";"A01";"1";"7";"0";"2";"2";"19";"1";""
"202100049445";"113Â 379";"A01";"2";"31";"0";"0";"0";"1";"1";""
"202100049446";"113Â 378";"A01";"1";"7";"2";"0";"1";"2";"1";""
"202100049447";"113Â 377";"A01";"3";"7";"13";"0";"1";"1";"1";""
"202100049448";"113Â 376";"A01";"1";"7";"8";"0";"1";"1";"1";""
"202100049449";"113Â 375";"A01";"2";"31";"6";"0";"1";"1";"1";""
"202100049450";"113Â 372";"A01";"1";"10";"0";"2";"1";"2";"1";""
"202100049450";"113Â 373";"C01";"1";"7";"0";"0";"0";"2";"1";""
"202100049450";"113Â 374";"B01";"1";"7";"4";"0";"4";"2";"1";""
"202100049451";"113Â 370";"A01";"2";"7";"0";"2";"1";"1";"1";""
"202100049451";"113Â 371";"B01";"2";"10";"0";"2";"1";"1";"1";""
"202100049452";"113Â 368";"A01";"1";"10";"0";"2";"3";"21";"1";""
"202100049452";"113Â 369";"B01";"1";"7";"7";"0";"5";"15";"1";""
"202100049453";"113Â 366";"A01";"0";"10";"0";"2";"1";"15";"1";""
"202100049453";"113Â 367";"B01";"0";"1";"0";"2";"1";"1";"5";""
"202100049454";"113Â 364";"A01";"1";"7";"0";"2";"3";"1";"1";""
"202100049454";"113Â 365";"B01";"2";"7";"15";"2";"1";"13";"1";""
"202100049455";"113Â 362";"B01";"3";"7";"0";"2";"1";"19";"1";""
"202100049455";"113Â 363";"A01";"2";"7";"0";"0";"2";"19";"1";""
"202100049456";"113Â 361";"A01";"3";"7";"0";"1";"2";"1";"1";""
"202100049457";"113Â 359";"B01";"2";"10";"0";"2";"1";"15";"1";""
"202100049457";"113Â 360";"A01";"1";"33";"0";"2";"1";"17";"1";""
"202100049458";"113Â 358";"A01";"1";"7";"7";"0";"1";"2";"1";""
"202100049459";"113Â 357";"A01";"1";"7";"4";"0";"9";"1";"1";""
"202100049460";"113Â 354";"A01";"2";"7";"5";"0";"3";"12";"1";""
"202100049460";"113Â 355";"X01";"2";"15";"0";"2";"2";"12";"1";""
"202100049460";"113Â 356";"B01";"2";"15";"0";"2";"0";"0";"1";""
"202100049461";"113Â 353";"A01";"1";"7";"0";"1";"1";"2";"1";""
"202100049462";"113Â 350";"C01";"2";"7";"0";"2";"4";"1";"1";""
"202100049462";"113Â 351";"B01";"2";"33";"4";"2";"1";"11";"1";""
"202100049462";"113Â 352";"A01";"2";"33";"0";"2";"1";"21";"1";""
"202100049463";"113Â 348";"B01";"2";"7";"0";"2";"4";"2";"1";""
"202100049463";"113Â 349";"A01";"2";"32";"0";"2";"1";"2";"1";""
"202100049464";"113Â 347";"A01";"2";"7";"0";"0";"9";"1";"1";""
"202100049465";"113Â 343";"A01";"2";"33";"0";"2";"1";"3";"1";""
"202100049465";"113Â 344";"B01";"2";"7";"0";"2";"2";"12";"1";""
"202100049465";"113Â 345";"C01";"2";"7";"0";"2";"5";"1";"1";""
"202100049465";"113Â 346";"D01";"2";"7";"0";"2";"6";"1";"1";""
"202100049466";"113Â 340";"A01";"1";"7";"3";"2";"1";"9";"1";""
"202100049466";"113Â 341";"B01";"1";"7";"3";"2";"1";"1";"1";""
"202100049466";"113Â 342";"C01";"1";"7";"3";"2";"1";"1";"1";""
"202100049467";"113Â 338";"B01";"1";"31";"0";"2";"4";"23";"1";""
"202100049467";"113Â 339";"A01";"1";"7";"0";"2";"1";"9";"1";""
"202100049468";"113Â 337";"A01";"1";"33";"0";"2";"1";"26";"1";""
"202100049469";"113Â 336";"A01";"3";"7";"0";"1";"6";"20";"1";""
"202100049470";"113Â 334";"A01";"1";"7";"0";"9";"8";"15";"1";""
"202100049470";"113Â 335";"B01";"1";"2";"0";"2";"1";"2";"1";""
"202100049471";"113Â 332";"B01";"1";"2";"0";"2";"3";"1";"1";""
"202100049471";"113Â 333";"A01";"2";"7";"0";"2";"3";"15";"1";""
"202100049472";"113Â 330";"B01";"1";"7";"0";"2";"4";"1";"1";""
"202100049472";"113Â 331";"A01";"1";"1";"0";"2";"1";"1";"0";""
"202100049473";"113Â 328";"B01";"1";"33";"0";"2";"8";"0";"1";""
"202100049473";"113Â 329";"A01";"3";"7";"0";"2";"3";"9";"1";""
"202100049474";"113Â 323";"A01";"1";"7";"3";"2";"1";"14";"1";""
"202100049474";"113Â 324";"B01";"1";"7";"3";"2";"2";"12";"1";""
"202100049474";"113Â 325";"C01";"1";"7";"3";"2";"1";"1";"1";""
"202100049474";"113Â 326";"D01";"1";"10";"3";"2";"6";"1";"1";""
"202100049474";"113Â 327";"E01";"1";"7";"3";"2";"5";"1";"1";""
"202100049475";"113Â 321";"A01";"1";"7";"0";"1";"2";"1";"1";""
"202100049476";"113Â 319";"B01";"2";"7";"0";"2";"7";"15";"1";""
"202100049476";"113Â 320";"A01";"1";"7";"0";"2";"1";"1";"1";""
"202100049477";"113Â 316";"B01";"2";"32";"0";"2";"4";"23";"1";""
"202100049477";"113Â 317";"C01";"2";"7";"0";"2";"4";"23";"1";""
"202100049477";"113Â 318";"A01";"2";"7";"0";"2";"1";"1";"0";""
"202100049478";"113Â 314";"A01";"2";"7";"0";"0";"6";"2";"1";""
"202100049478";"113Â 315";"B01";"2";"33";"0";"2";"1";"2";"1";""
"202100049479";"113Â 312";"B01";"2";"7";"0";"2";"1";"6";"1";""
"202100049479";"113Â 313";"A01";"1";"2";"0";"2";"7";"1";"1";""
"202100049480";"113Â 311";"A01";"0";"10";"0";"1";"1";"15";"1";""
"202100049481";"113Â 308";"A01";"1";"7";"0";"2";"1";"9";"1";""
"202100049481";"113Â 309";"B01";"1";"7";"0";"2";"1";"9";"1";""
"202100049481";"113Â 310";"C01";"1";"15";"0";"2";"1";"9";"1";""
"202100049482";"113Â 306";"B01";"1";"7";"0";"2";"3";"1";"1";""
"202100049482";"113Â 307";"A01";"2";"7";"0";"2";"3";"13";"2";""
"202100049483";"113Â 304";"A01";"3";"30";"0";"2";"1";"5";"1";""
"202100049483";"113Â 305";"B01";"3";"2";"0";"2";"8";"1";"1";""
"202100049484";"113Â 303";"A01";"3";"2";"1";"0";"1";"14";"1";""
"202100049485";"113Â 301";"B01";"0";"1";"0";"2";"8";"1";"5";""
"202100049485";"113Â 302";"A01";"0";"10";"0";"2";"1";"9";"1";""
"202100049486";"113Â 299";"B01";"1";"7";"0";"2";"2";"2";"1";""
"202100049486";"113Â 300";"A01";"1";"7";"0";"2";"1";"15";"1";""
"202100049487";"113Â 297";"B01";"1";"10";"0";"9";"5";"23";"3";""
"202100049487";"113Â 298";"A01";"1";"1";"0";"2";"1";"2";"5";""
"202100049488";"113Â 295";"A01";"2";"10";"0";"2";"1";"2";"1";""
"202100049488";"113Â 296";"B01";"2";"7";"0";"2";"4";"2";"1";""
"202100049489";"113Â 293";"A01";"1";"33";"0";"2";"3";"15";"1";""
"202100049489";"113Â 294";"B01";"2";"7";"0";"2";"3";"1";"1";""
"202100049490";"113Â 291";"A01";"2";"33";"0";"2";"8";"21";"1";""
"202100049490";"113Â 292";"Z01";"1";"10";"0";"2";"8";"1";"0";""
"202100049491";"113Â 290";"A01";"2";"7";"0";"1";"7";"1";"1";""
"202100049492";"113Â 287";"A01";"2";"7";"0";"2";"3";"19";"1";""
"202100049492";"113Â 288";"B01";"2";"7";"0";"2";"3";"1";"1";""
"202100049492";"113Â 289";"C01";"2";"7";"0";"9";"3";"1";"1";""
"202100049493";"113Â 285";"A01";"1";"7";"0";"9";"8";"9";"1";""
"202100049493";"113Â 286";"B01";"1";"50";"0";"2";"1";"1";"3";""
"202100049494";"113Â 283";"A01";"1";"7";"0";"9";"3";"24";"2";""
"202100049494";"113Â 284";"B01";"1";"1";"0";"2";"1";"1";"5";""
"202100049495";"113Â 281";"B01";"3";"2";"0";"2";"1";"1";"1";""
"202100049495";"113Â 282";"A01";"2";"7";"0";"2";"2";"19";"1";""
"202100049496";"113Â 280";"A01";"3";"7";"5";"0";"1";"1";"1";""
"202100049497";"113Â 278";"B01";"0";"40";"0";"9";"3";"1";"3";""
"202100049497";"113Â 279";"A01";"3";"50";"0";"4";"1";"26";"3";""
"202100049498";"113Â 276";"B01";"2";"30";"0";"2";"1";"13";"1";""
"202100049498";"113Â 277";"A01";"1";"7";"0";"2";"3";"1";"1";""
"202100049499";"113Â 275";"Z01";"0";"30";"0";"1";"0";"1";"1";""
"202100049500";"113Â 273";"A01";"1";"7";"0";"2";"2";"1";"1";""
"202100049500";"113Â 274";"B01";"1";"7";"0";"2";"5";"1";"1";""
"202100049501";"113Â 271";"A01";"2";"31";"0";"2";"4";"1";"1";""
"202100049501";"113Â 272";"B01";"2";"1";"0";"2";"1";"1";"5";""
"202100049502";"113Â 269";"B01";"2";"7";"0";"2";"3";"15";"1";""
"202100049502";"113Â 270";"A01";"2";"50";"0";"2";"1";"15";"3";""
"202100049503";"113Â 267";"B01";"2";"7";"0";"2";"2";"15";"1";""
"202100049503";"113Â 268";"A01";"1";"7";"0";"2";"1";"1";"1";""
"202100049504";"113Â 265";"B01";"0";"7";"0";"2";"6";"1";"1";""
"202100049504";"113Â 266";"A01";"0";"7";"0";"2";"1";"19";"1";""
"202100049505";"113Â 263";"A01";"1";"7";"0";"2";"5";"9";"1";""
"202100049505";"113Â 264";"B01";"1";"2";"0";"2";"2";"1";"1";""
"202100049506";"113Â 261";"A01";"1";"7";"0";"2";"2";"2";"1";""
"202100049506";"113Â 262";"B01";"1";"1";"0";"2";"6";"1";"5";""
"202100049507";"113Â 260";"A01";"1";"33";"6";"0";"1";"1";"1";""
"202100049508";"113Â 256";"D01";"0";"7";"0";"0";"4";"23";"1";""
"202100049508";"113Â 257";"C01";"0";"7";"0";"2";"8";"23";"1";""
"202100049508";"113Â 258";"B01";"0";"7";"0";"2";"5";"23";"1";""
"202100049508";"113Â 259";"A01";"0";"7";"0";"2";"1";"1";"1";""
"202100049509";"113Â 255";"TA01";"1";"14";"4";"0";"7";"16";"1";""
"202100049510";"113Â 253";"A01";"1";"43";"0";"2";"2";"3";"1";""
"202100049510";"113Â 254";"B01";"1";"7";"0";"2";"3";"15";"1";""
"202100049511";"113Â 251";"B01";"2";"7";"8";"1";"7";"1";"1";""
"202100049511";"113Â 252";"A01";"2";"7";"0";"2";"1";"1";"0";""
"202100049512";"113Â 250";"A01";"0";"7";"0";"1";"2";"1";"1";""
"202100049513";"113Â 248";"A01";"2";"1";"0";"2";"6";"19";"0";""
"202100049513";"113Â 249";"B01";"2";"31";"0";"2";"1";"1";"1";""
"202100049514";"113Â 246";"A01";"1";"7";"0";"2";"6";"2";"1";""
"202100049514";"113Â 247";"B01";"2";"34";"0";"2";"2";"17";"3";""
"202100049515";"113Â 245";"A01";"1";"7";"0";"1";"2";"0";"1";""
"202100049516";"113Â 244";"A01";"3";"31";"0";"0";"7";"0";"1";""
"202100049517";"113Â 242";"B01";"3";"7";"0";"2";"1";"1";"1";""
"202100049517";"113Â 243";"A01";"1";"7";"0";"2";"8";"1";"1";""
"202100049518";"113Â 240";"A01";"2";"1";"0";"2";"1";"26";"0";""
"202100049518";"113Â 241";"B01";"2";"7";"0";"2";"3";"1";"1";""
"202100049519";"113Â 239";"A01";"1";"1";"1";"0";"1";"1";"5";""
"202100049520";"113Â 238";"A01";"1";"33";"8";"0";"1";"12";"1";""
"202100049521";"113Â 236";"A01";"1";"13";"0";"2";"7";"16";"1";""
"202100049521";"113Â 237";"B01";"1";"1";"0";"2";"8";"1";"5";""
"202100049522";"113Â 235";"A01";"1";"7";"0";"1";"2";"1";"3";""
"202100049523";"113Â 234";"A01";"1";"37";"0";"1";"2";"7";"2";"1"
"202100049524";"113Â 233";"A01";"1";"30";"14";"0";"1";"1";"1";""
"202100049525";"113Â 231";"B01";"1";"7";"0";"2";"8";"13";"1";""
"202100049525";"113Â 232";"A01";"1";"33";"0";"2";"1";"17";"1";""
"202100049526";"113Â 230";"A01";"1";"10";"0";"1";"5";"16";"1";""
"202100049527";"113Â 228";"A01";"3";"7";"0";"2";"8";"9";"1";""
"202100049527";"113Â 229";"B01";"3";"15";"0";"2";"2";"1";"1";""
"202100049528";"113Â 227";"A01";"1";"37";"0";"1";"7";"7";"1";"1"
"202100049529";"113Â 225";"A01";"1";"7";"0";"2";"8";"22";"1";""
"202100049529";"113Â 226";"B01";"1";"1";"0";"2";"1";"1";"5";""
"202100049530";"113Â 223";"B01";"1";"1";"0";"2";"1";"1";"5";""
"202100049530";"113Â 224";"A01";"2";"1";"0";"2";"2";"15";"5";""
"202100049531";"113Â 222";"A01";"2";"1";"0";"1";"3";"1";"5";""
"202100049532";"113Â 220";"A01";"1";"7";"0";"2";"1";"1";"1";""
"202100049532";"113Â 221";"B01";"1";"30";"0";"2";"6";"1";"1";""
"202100049533";"113Â 218";"B01";"0";"1";"0";"2";"1";"19";"5";""
"202100049533";"113Â 219";"A01";"1";"7";"0";"2";"1";"13";"1";""
"202100049534";"113Â 216";"A01";"2";"30";"1";"2";"1";"18";"1";""
"202100049534";"113Â 217";"B01";"2";"7";"0";"2";"2";"1";"1";""
"202100049535";"113Â 214";"A01";"1";"33";"0";"2";"1";"2";"1";""
"202100049535";"113Â 215";"B01";"1";"7";"0";"2";"4";"1";"1";""
"202100049536";"113Â 213";"A01";"2";"7";"0";"1";"2";"1";"1";""
"202100049537";"113Â 212";"A01";"1";"7";"8";"0";"8";"17";"1";""
"202100049538";"113Â 210";"B01";"1";"33";"0";"2";"1";"17";"0";""
"202100049538";"113Â 211";"A01";"1";"7";"0";"2";"5";"19";"0";""
"202100049539";"113Â 208";"B01";"2";"7";"0";"2";"1";"1";"1";""
"202100049539";"113Â 209";"A01";"2";"7";"0";"2";"5";"1";"1";""
"202100049540";"113Â 206";"B01";"2";"10";"0";"2";"6";"13";"0";""
"202100049540";"113Â 207";"A01";"2";"32";"0";"2";"2";"17";"6";""
"202100049541";"113Â 204";"A01";"2";"2";"0";"2";"1";"2";"1";""
"202100049541";"113Â 205";"B01";"2";"7";"0";"2";"3";"15";"1";""
"202100049542";"113Â 202";"B01";"1";"7";"0";"2";"5";"1";"1";""
"202100049542";"113Â 203";"A01";"1";"7";"0";"2";"1";"26";"1";""
"202100049543";"113Â 199";"A01";"3";"7";"9";"1";"1";"1";"1";""
"202100049544";"113Â 197";"A01";"1";"7";"0";"2";"2";"2";"2";""
"202100049544";"113Â 198";"B01";"1";"2";"0";"2";"8";"18";"1";""
"202100049545";"113Â 195";"B01";"2";"7";"0";"2";"3";"15";"1";""
"202100049545";"113Â 196";"A01";"2";"30";"0";"2";"1";"17";"0";""
"202100049546";"113Â 193";"B01";"3";"30";"0";"2";"8";"1";"1";""
"202100049546";"113Â 194";"A01";"2";"7";"0";"2";"1";"1";"2";""
"202100049547";"113Â 192";"A01";"3";"33";"0";"1";"1";"18";"1";""
"202100049548";"113Â 190";"A01";"2";"7";"0";"2";"1";"16";"1";""
"202100049548";"113Â 191";"B01";"3";"80";"0";"2";"8";"19";"3";""
"202100049549";"113Â 189";"A01";"1";"10";"8";"0";"1";"2";"1";""
"202100049550";"113Â 188";"A01";"0";"7";"0";"0";"2";"0";"1";""
"202100049551";"113Â 186";"A01";"1";"7";"3";"2";"1";"9";"1";""
"202100049551";"113Â 187";"B01";"1";"7";"5";"0";"4";"23";"1";""
"202100049552";"113Â 185";"A01";"2";"15";"0";"0";"0";"14";"6";""
"202100049553";"113Â 181";"D01";"1";"7";"7";"0";"3";"1";"1";""
"202100049553";"113Â 182";"C01";"1";"7";"0";"2";"8";"1";"1";""
"202100049553";"113Â 183";"B01";"1";"7";"0";"2";"1";"1";"1";""
"202100049553";"113Â 184";"A01";"2";"7";"0";"2";"3";"1";"1";""
"202100049554";"113Â 179";"A01";"1";"7";"0";"2";"3";"15";"1";""
"202100049554";"113Â 180";"B01";"1";"1";"0";"2";"1";"17";"5";""
"202100049555";"113Â 177";"A01";"2";"7";"0";"2";"2";"1";"1";""
"202100049555";"113Â 178";"B01";"2";"1";"0";"2";"8";"1";"5";""
"202100049556";"113Â 176";"A01";"2";"33";"0";"0";"8";"16";"1";""
"202100049557";"113Â 174";"B01";"1";"7";"0";"2";"1";"1";"1";""
"202100049557";"113Â 175";"A01";"2";"7";"0";"2";"1";"1";"1";""
"202100049558";"113Â 172";"B01";"2";"13";"0";"2";"3";"1";"1";""
"202100049558";"113Â 173";"A01";"1";"7";"0";"2";"3";"13";"1";""
"202100049559";"113Â 170";"A01";"2";"2";"0";"2";"8";"1";"1";""
"202100049559";"113Â 171";"B01";"2";"10";"0";"2";"2";"13";"1";""
"202100049560";"113Â 168";"B01";"2";"7";"0";"0";"1";"1";"1";""
"202100049560";"113Â 169";"A01";"1";"7";"3";"2";"3";"13";"1";""
"202100049561";"113Â 166";"A01";"1";"32";"3";"2";"1";"2";"1";""
"202100049561";"113Â 167";"B01";"1";"7";"0";"0";"4";"23";"1";""
"202100049562";"113Â 165";"A01";"1";"33";"0";"0";"8";"0";"1";""
"202100049563";"113Â 163";"B01";"1";"7";"0";"0";"4";"15";"1";""
"202100049563";"113Â 164";"A01";"1";"15";"0";"0";"1";"1";"1";""
"202100049564";"113Â 161";"B01";"2";"7";"0";"2";"1";"1";"1";""
"202100049564";"113Â 162";"A01";"2";"2";"0";"0";"8";"15";"1";""
"202100049565";"113Â 160";"A01";"3";"33";"16";"0";"0";"1";"0";""
"202100049566";"113Â 159";"A01";"2";"7";"0";"1";"3";"15";"1";""
"202100049567";"113Â 158";"A01";"0";"7";"1";"0";"2";"0";"1";""
"202100049568";"113Â 155";"A01";"3";"33";"0";"2";"1";"2";"1";""
"202100049568";"113Â 156";"B01";"3";"7";"0";"0";"6";"2";"1";""
"202100049568";"113Â 157";"C01";"3";"7";"0";"2";"3";"1";"1";""
"202100049569";"113Â 153";"A01";"1";"1";"0";"2";"3";"2";"5";""
"202100049569";"113Â 154";"B01";"1";"33";"0";"2";"0";"17";"1";""
"202100049570";"113Â 151";"A01";"1";"7";"0";"9";"2";"1";"1";""
"202100049570";"113Â 152";"B01";"3";"1";"0";"2";"2";"9";"5";""
"202100049571";"113Â 150";"A01";"1";"7";"0";"9";"3";"1";"1";""
"202100049572";"113Â 148";"A01";"1";"7";"0";"2";"1";"21";"1";""
"202100049572";"113Â 149";"B01";"1";"7";"0";"2";"4";"23";"1";""
"202100049573";"113Â 146";"B01";"1";"15";"0";"2";"2";"0";"1";""
"202100049573";"113Â 147";"A01";"1";"7";"0";"2";"8";"1";"2";""
"202100049574";"113Â 143";"A01";"1";"7";"0";"2";"0";"23";"1";""
"202100049574";"113Â 144";"B01";"1";"7";"0";"2";"5";"21";"1";""
"202100049574";"113Â 145";"C01";"1";"10";"0";"2";"3";"21";"1";""
"202100049575";"113Â 142";"A01";"1";"7";"16";"0";"9";"1";"1";""
"202100049576";"113Â 139";"C01";"1";"7";"0";"2";"3";"1";"1";""
"202100049576";"113Â 140";"B01";"1";"15";"0";"2";"6";"1";"1";""
"202100049576";"113Â 141";"A01";"1";"7";"0";"2";"2";"11";"1";""
"202100049577";"113Â 137";"A01";"2";"7";"0";"2";"1";"2";"1";""
"202100049577";"113Â 138";"B01";"2";"7";"0";"2";"5";"2";"1";""
"202100049578";"113Â 135";"A01";"1";"7";"0";"2";"1";"2";"1";""
"202100049578";"113Â 136";"B01";"1";"10";"0";"2";"4";"2";"1";""
"202100049579";"113Â 134";"A01";"2";"32";"0";"0";"9";"1";"1";""
"202100049580";"113Â 133";"A01";"2";"7";"4";"0";"3";"26";"1";""
"202100049581";"113Â 131";"B01";"2";"17";"0";"2";"8";"22";"2";""
"202100049581";"113Â 132";"A01";"2";"33";"0";"2";"1";"3";"1";""
"202100049582";"113Â 129";"A01";"2";"33";"0";"2";"2";"1";"1";""
"202100049582";"113Â 130";"B01";"2";"10";"0";"2";"4";"13";"1";""
"202100049583";"113Â 126";"C01";"1";"10";"0";"2";"4";"2";"1";""
"202100049583";"113Â 127";"B01";"1";"7";"0";"2";"4";"2";"1";""
"202100049583";"113Â 128";"A01";"1";"7";"0";"2";"1";"2";"1";""
"202100049584";"113Â 121";"D01";"2";"10";"0";"2";"1";"1";"1";""
"202100049584";"113Â 122";"E01";"2";"17";"0";"2";"1";"1";"1";""
"202100049584";"113Â 123";"A01";"2";"17";"0";"2";"3";"11";"1";""
"202100049584";"113Â 124";"B01";"2";"7";"0";"2";"2";"1";"1";""
"202100049584";"113Â 125";"C01";"2";"7";"0";"2";"7";"1";"1";""
"202100049585";"113Â 119";"B01";"2";"7";"0";"2";"4";"2";"1";""
"202100049585";"113Â 120";"A01";"2";"33";"0";"2";"1";"2";"1";""
"202100049586";"113Â 117";"A01";"1";"33";"0";"2";"1";"2";"1";""
"202100049586";"113Â 118";"B01";"1";"7";"0";"2";"4";"2";"1";""
"202100049587";"113Â 111";"A01";"2";"10";"0";"2";"1";"1";"1";""
"202100049587";"113Â 112";"B01";"2";"7";"0";"2";"4";"23";"1";""
"202100049587";"113Â 113";"E01";"2";"7";"0";"2";"4";"23";"1";""
"202100049587";"113Â 114";"F01";"2";"7";"0";"2";"1";"1";"1";""
"202100049587";"113Â 115";"C01";"2";"7";"0";"2";"4";"23";"1";""
"202100049587";"113Â 116";"D01";"2";"7";"0";"2";"4";"23";"1";""
"202100049588";"113Â 108";"C01";"2";"7";"0";"2";"1";"2";"1";""
"202100049588";"113Â 109";"B01";"2";"7";"0";"2";"2";"12";"1";""
"202100049588";"113Â 110";"A01";"2";"10";"0";"2";"6";"2";"1";""
"202100049589";"113Â 105";"A01";"2";"7";"0";"2";"4";"2";"1";""
"202100049589";"113Â 106";"B01";"2";"7";"0";"2";"9";"2";"1";""
"202100049589";"113Â 107";"C01";"2";"10";"0";"2";"1";"2";"1";""
"202100049590";"113Â 101";"C01";"2";"17";"0";"2";"1";"2";"1";""
"202100049590";"113Â 102";"D01";"2";"17";"0";"2";"4";"2";"1";""
"202100049590";"113Â 103";"A01";"2";"17";"0";"2";"1";"2";"1";""
"202100049590";"113Â 104";"B01";"2";"14";"0";"2";"1";"2";"1";""
"202100049591";"113Â 100";"A01";"3";"30";"0";"1";"6";"26";"0";""
"202100049592";"113Â 098";"A01";"3";"7";"15";"0";"1";"1";"1";""
"202100049592";"113Â 099";"B01";"3";"7";"0";"2";"6";"19";"1";""
"202100049593";"113Â 096";"A01";"2";"7";"0";"2";"5";"1";"1";""
"202100049593";"113Â 097";"B01";"2";"1";"0";"2";"8";"15";"5";""
"202100049594";"113Â 095";"A01";"1";"10";"0";"1";"7";"20";"1";""
"202100049595";"113Â 093";"B01";"1";"7";"0";"2";"8";"23";"1";""
"202100049595";"113Â 094";"A01";"1";"7";"0";"2";"1";"26";"1";""
"202100049596";"113Â 091";"A01";"1";"33";"0";"4";"1";"1";"1";""
"202100049596";"113Â 092";"Z01";"2";"0";"0";" -1";" -1";"26";" -1";""
"202100049597";"113Â 090";"A01";"2";"7";"15";"0";"2";"12";"1";""
"202100049598";"113Â 088";"B01";"2";"7";"0";"2";"6";"16";"1";""
"202100049598";"113Â 089";"A01";"2";"7";"0";"2";"2";"1";"1";""