"Num_Acc";"id_vehicule";"num_veh";"senc";"catv";"obs";"obsm";"choc";"manv";"motor";"occutc"
"202100049599";"113Â 086";"B01";"2";"30";"0";"2";"1";"13";"1";""
"202100049599";"113Â 087";"A01";"2";"7";"0";"2";"2";"26";"1";""
"202100049600";"113Â 084";"B01";"1";"7";"0";"2";"0";"0";"1";""
"202100049600";"113Â 085";"A01";"1";"33";"0";"2";"1";"2";"1";""
"202100049601";"113Â 082";"A01";"3";"33";"0";"2";"7";"16";"1";""
"202100049601";"113Â 083";"B01";"3";"10";"0";"2";"2";"1";"1";""
"202100049602";"113Â 081";"A01";"3";"7";"0";"1";"2";"1";"1";""
"202100049603";"113Â 079";"B01";"3";"1";"0";"2";"3";"1";"5";""
"202100049603";"113Â 080";"A01";"3";"10";"0";"2";"1";"15";"1";""
"202100049604";"113Â 078";"A01";"3";"7";"8";"2";"7";"2";"1";""
"202100049605";"113Â 076";"B01";"1";"7";"0";"2";"1";"1";"1";""
"202100049605";"113Â 077";"A01";"1";"7";"0";"2";"7";"1";"1";""
"202100049606";"113Â 075";"A01";"3";"7";"0";"1";"7";"1";"1";""
"202100049607";"113Â 073";"B01";"0";"30";"0";"0";"7";"2";"1";""
"202100049607";"113Â 074";"A01";"1";"30";"0";"0";"7";"1";"1";""
"202100049608";"113Â 071";"A01";"1";"7";"0";"2";"1";"2";"1";""
"202100049608";"113Â 072";"B01";"1";"7";"0";"2";"4";"2";"1";""
"202100049609";"113Â 067";"B01";"1";"7";"0";"2";"1";"1";"1";""
"202100049609";"113Â 068";"A01";"1";"7";"0";"2";"4";"1";"1";""
"202100049609";"113Â 069";"D01";"1";"7";"0";"2";"1";"1";"1";""
"202100049609";"113Â 070";"C01";"1";"7";"0";"2";"1";"1";"1";""
"202100049610";"113Â 065";"A01";"1";"33";"0";"2";"8";"1";"1";""
"202100049610";"113Â 066";"B01";"1";"7";"0";"2";"2";"16";"1";""
"202100049611";"113Â 063";"B01";"0";"7";"0";"2";"1";"15";"1";""
"202100049611";"113Â 064";"A01";"0";"7";"0";"2";"3";"1";"1";""
"202100049612";"113Â 061";"A01";"0";"7";"0";"2";"2";"15";"1";""
"202100049612";"113Â 062";"B01";"0";"33";"0";"2";"1";"2";"1";""
"202100049613";"113Â 059";"B01";"3";"1";"0";"2";"5";"19";"5";""
"202100049613";"113Â 060";"A01";"3";"7";"0";"2";"5";"26";"1";""
"202100049614";"113Â 057";"A01";"0";"33";"0";"2";"1";"1";"1";""
"202100049614";"113Â 058";"B01";"0";"7";"0";"2";"1";"15";"1";""
"202100049615";"113Â 056";"A01";"0";"7";"1";"0";"1";"21";"1";""
"202100049616";"113Â 055";"A01";"0";"7";"0";"1";"1";"1";"1";""
"202100049617";"113Â 052";"A01";"2";"1";"0";"0";"0";"1";"5";""
"202100049618";"113Â 051";"A01";"1";"3";"0";"1";"1";"1";"1";""
"202100049619";"113Â 049";"A01";"1";"7";"0";"2";"1";"1";"1";""
"202100049619";"113Â 050";"B01";"2";"7";"0";"2";"1";"15";"1";""
"202100049620";"113Â 048";"A01";"1";"7";"0";"1";"0";"9";"1";""
"202100049621";"113Â 046";"B01";"1";"30";"0";"2";"1";"1";"1";""
"202100049621";"113Â 047";"A01";"1";"7";"0";"2";"5";"15";"1";""
"202100049622";"113Â 045";"A01";"1";"80";"0";"1";"0";"1";"3";""
"202100049623";"113Â 044";"A01";"1";"7";"0";"1";"1";"1";"1";""
"202100049624";"113Â 042";"B01";"1";"1";"0";"2";"1";"2";"5";""
"202100049624";"113Â 043";"A01";"1";"7";"0";"2";"4";"2";"1";""
"202100049625";"113Â 041";"A01";"1";"7";"0";"1";"1";"15";"2";""
"202100049626";"113Â 038";"C01";"1";"7";"0";"2";"4";"2";"1";""
"202100049626";"113Â 039";"B01";"1";"7";"0";"2";"4";"2";"1";""
"202100049626";"113Â 040";"A01";"1";"7";"0";"2";"1";"2";"1";""
"202100049627";"113Â 034";"B01";"1";"7";"0";"2";"4";"23";"1";""
"202100049627";"113Â 035";"A01";"1";"7";"0";"2";"1";"1";"1";""
"202100049627";"113Â 036";"C01";"1";"7";"0";"2";"4";"23";"1";""
"202100049627";"113Â 037";"D01";"1";"7";"0";"2";"4";"23";"1";""
"202100049628";"113Â 032";"A01";"2";"7";"0";"2";"2";"15";"1";""
"202100049628";"113Â 033";"B01";"1";"10";"0";"2";"1";"1";"1";""
"202100049629";"113Â 030";"A01";"2";"7";"0";"2";"2";"15";"1";""
"202100049629";"113Â 031";"B01";"1";"7";"0";"2";"3";"1";"1";""
"202100049630";"113Â 029";"A01";"1";"1";"0";"2";"0";"1";"5";""
"202100049631";"113Â 026";"A01";"1";"7";"0";"2";"0";"0";"1";""
"202100049631";"113Â 027";"C01";"3";"7";"0";"2";"1";"23";"1";""
"202100049631";"113Â 028";"B01";"3";"7";"0";"2";"1";"9";"1";""
"202100049632";"113Â 024";"B01";"1";"7";"0";"2";"3";"1";"1";""
"202100049632";"113Â 025";"A01";"2";"30";"0";"2";"1";"13";"1";""
"202100049633";"113Â 023";"A01";"2";"33";"12";"0";"3";"13";"1";""
"202100049634";"113Â 021";"A01";"1";"7";"0";"2";"2";"15";"1";""
"202100049634";"113Â 022";"B01";"1";"33";"0";"2";"1";"1";"1";""
"202100049635";"113Â 020";"A01";"1";"2";"15";"0";"1";"1";"1";""
"202100049636";"113Â 019";"A01";"1";"7";"0";"1";"6";"4";"1";""
"202100049637";"113Â 017";"B01";"2";"7";"0";"2";"2";"1";"1";""
"202100049637";"113Â 018";"A01";"3";"10";"0";"2";"3";"1";"1";""
"202100049638";"113Â 015";"B01";"3";"50";"0";"2";"0";"1";"3";""
"202100049638";"113Â 016";"A01";"3";"7";"0";"9";"1";"20";"1";""
"202100049639";"113Â 013";"A01";"0";"1";"0";"2";"1";"5";"5";""
"202100049639";"113Â 014";"B01";"0";"1";"0";"0";"1";"1";"5";""
"202100049640";"113Â 011";"A01";"3";"7";"0";"2";"1";"15";"1";""
"202100049640";"113Â 012";"B01";"3";"1";"0";"2";"8";"1";"5";""
"202100049641";"113Â 010";"A01";"3";"7";"0";"1";"1";"1";"1";""
"202100049642";"113Â 008";"A01";"2";"7";"0";"2";"3";"9";"1";""
"202100049642";"113Â 009";"B01";"2";"33";"0";"2";"5";"1";"1";""
"202100049643";"113Â 005";"A01";"2";"2";"1";"0";"1";"2";"1";""
"202100049643";"113Â 006";"B01";"2";"7";"0";"2";"6";"23";"1";""
"202100049643";"113Â 007";"C01";"1";"15";"0";"2";"6";"21";"1";""
"202100049644";"113Â 003";"B01";"2";"33";"0";"2";"1";"1";"1";""
"202100049644";"113Â 004";"A01";"2";"7";"0";"2";"3";"15";"1";""
"202100049645";"113Â 001";"B01";"1";"7";"0";"2";"7";"1";"1";""
"202100049645";"113Â 002";"A01";"3";"7";"0";"2";"1";"16";"1";""
"202100049646";"112Â 999";"B01";"2";"7";"0";"2";"8";"1";"1";""
"202100049646";"113Â 000";"A01";"2";"7";"0";"2";"2";"16";"1";""
"202100049647";"112Â 997";"B01";"1";"7";"0";"2";"3";"15";"1";""
"202100049647";"112Â 998";"A01";"1";"33";"0";"2";"2";"17";"1";""
"202100049648";"112Â 995";"A01";"1";"7";"0";"2";"3";"21";"1";""
"202100049648";"112Â 996";"B01";"1";"2";"0";"2";"1";"17";"1";""
"202100049649";"112Â 993";"[01";"1";"7";"0";"2";"3";"1";"1";""
"202100049649";"112Â 994";"]01";"2";"7";"0";"2";"2";"19";"1";""
"202100049650";"112Â 991";"B01";"1";"7";"1";"2";"8";"16";"1";""
"202100049650";"112Â 992";"A01";"1";"7";"1";"2";"1";"1";"1";""
"202100049651";"112Â 990";"A01";"1";"7";"0";"1";"2";"1";"1";""
"202100049652";"112Â 988";"B01";"1";"10";"0";"2";"1";"1";"1";""
"202100049652";"112Â 989";"A01";"0";"15";"0";"2";"6";"19";"1";""
"202100049653";"112Â 986";"A01";"1";"33";"0";"2";"1";"1";"1";""
"202100049653";"112Â 987";"B01";"2";"7";"0";"2";"2";"15";"1";""
"202100049654";"112Â 984";"B01";"0";"10";"0";"2";"4";"1";"1";""
"202100049654";"112Â 985";"A01";"1";"7";"0";"2";"1";"1";"1";""
"202100049655";"112Â 982";"B01";"1";"7";"0";"2";"3";"16";"0";""
"202100049655";"112Â 983";"A01";"3";"7";"0";"2";"3";"19";"1";""
"202100049656";"112Â 981";"A01";"1";"2";"1";"0";"1";"14";"1";""
"202100049657";"112Â 979";"A01";"2";"10";"0";"2";"2";"12";"1";""
"202100049657";"112Â 980";"B01";"2";"31";"0";"2";"8";"1";"1";""
"202100049658";"112Â 978";"A01";"1";"7";"0";"0";"9";"13";"1";""
"202100049659";"112Â 976";"A01";"1";"7";"0";"2";"5";"15";"1";""
"202100049659";"112Â 977";"B01";"1";"30";"0";"2";"1";"18";"1";""
"202100049660";"112Â 974";"B01";"1";"2";"0";"2";"8";"7";"1";""
"202100049660";"112Â 975";"A01";"1";"7";"0";"2";"7";"16";"1";""
"202100049661";"112Â 972";"A01";"3";"31";"0";"2";"1";"1";"1";""
"202100049661";"112Â 973";"B01";"3";"7";"0";"2";"5";"23";"3";""
"202100049662";"112Â 970";"A01";"2";"10";"0";"2";"3";"15";"1";""
"202100049662";"112Â 971";"B01";"2";"33";"0";"2";"7";"17";"1";""
"202100049663";"112Â 969";"A01";"1";"7";"0";"1";"1";"15";"1";""
"202100049664";"112Â 967";"B01";"1";"50";"0";"2";"8";"1";"3";""
"202100049664";"112Â 968";"A01";"1";"7";"0";"2";"1";"1";"1";""
"202100049665";"112Â 966";"A01";"1";"1";"0";"2";"1";"21";"5";""
"202100049666";"112Â 964";"A01";"1";"32";"0";"2";"2";"13";"1";""
"202100049666";"112Â 965";"B01";"1";"10";"0";"2";"6";"23";"1";""
"202100049667";"112Â 962";"A01";"1";"30";"0";"2";"8";"11";"1";""
"202100049667";"112Â 963";"B01";"1";"7";"0";"2";"0";"1";"1";""
"202100049668";"112Â 960";"A01";"1";"2";"0";"2";"1";"16";"1";""
"202100049668";"112Â 961";"B01";"1";"10";"0";"2";"4";"26";"1";""
"202100049669";"112Â 958";"A01";"1";"50";"0";"2";"1";"15";"3";""
"202100049669";"112Â 959";"B01";"1";"7";"0";"2";"3";"1";"1";""
"202100049670";"112Â 956";"B01";"1";"33";"0";"2";"1";"1";"1";""
"202100049670";"112Â 957";"A01";"2";"7";"0";"2";"3";"15";"1";""
"202100049671";"112Â 954";"A01";"1";"7";"0";"2";"7";"1";"1";""
"202100049671";"112Â 955";"B01";"2";"7";"1";"2";"2";"1";"1";""
"202100049672";"112Â 952";"A01";"2";"7";"0";"2";"5";"15";"1";""
"202100049672";"112Â 953";"B01";"2";"31";"0";"2";"2";"1";"1";""
"202100049673";"112Â 950";"B01";"2";"33";"0";"2";"3";"2";"1";""
"202100049673";"112Â 951";"A01";"2";"10";"0";"2";"7";"2";"1";""
"202100049674";"112Â 949";"A01";"2";"7";"15";"0";"3";"1";"1";""
"202100049675";"112Â 947";"A01";"2";"7";"0";"2";"8";"11";"1";""
"202100049675";"112Â 948";"B01";"2";"43";"0";"2";"2";"2";"1";""
"202100049676";"112Â 946";"A01";"0";"7";"0";"1";"1";"1";"1";""
"202100049677";"112Â 943";"C01";"1";"7";"0";"2";"3";"1";"2";""
"202100049677";"112Â 944";"A01";"2";"7";"0";"2";"2";"13";"2";""
"202100049677";"112Â 945";"B01";"2";"7";"0";"2";"6";"2";"1";""
"202100049678";"112Â 941";"B01";"1";"7";"0";"2";"4";"23";"2";""
"202100049678";"112Â 942";"A01";"1";"7";"0";"2";"1";"2";"1";""
"202100049679";"112Â 939";"B01";"1";"7";"14";"0";"4";"2";"1";""
"202100049679";"112Â 940";"A01";"1";"7";"0";"2";"1";"2";"1";""
"202100049680";"112Â 937";"B01";"0";"32";"0";"2";"3";"1";"1";""
"202100049680";"112Â 938";"A01";"0";"7";"0";"2";"2";"19";"1";""
"202100049681";"112Â 935";"B01";"2";"7";"0";"2";"2";"2";"1";""
"202100049681";"112Â 936";"A01";"2";"7";"0";"2";"3";"9";"1";""
"202100049682";"112Â 933";"B01";"1";"7";"0";"2";"6";"15";"3";""
"202100049682";"112Â 934";"A01";"1";"33";"0";"2";"1";"17";"1";""
"202100049683";"112Â 931";"B01";"2";"33";"0";"2";"1";"19";"1";""
"202100049683";"112Â 932";"A01";"2";"7";"0";"2";"7";"9";"1";""
"202100049684";"112Â 929";"B01";"3";"7";"0";"2";"1";"1";"0";""
"202100049684";"112Â 930";"A01";"3";"7";"2";"2";"2";"15";"0";""
"202100049685";"112Â 928";"A01";"1";"10";"0";"1";"3";"15";"1";""
"202100049686";"112Â 927";"A01";"1";"7";"0";"1";"1";"1";"0";""
"202100049687";"112Â 926";"A01";"2";"7";"0";"1";"1";"1";"1";""
"202100049688";"112Â 924";"A01";"1";"7";"0";"2";"2";"16";"1";""
"202100049688";"112Â 925";"B01";"1";"50";"0";"2";"1";"1";"3";""
"202100049689";"112Â 922";"A01";"1";"10";"0";"1";"3";"15";"1";""
"202100049689";"112Â 923";"B01";"1";"1";"0";"2";"4";"23";"5";""
"202100049690";"112Â 921";"A01";"1";"7";"11";"0";"1";"1";"1";""
"202100049691";"112Â 920";"A01";"2";"7";"0";"1";"1";"1";"1";""
"202100049692";"112Â 919";"A01";"0";"7";"0";"1";"1";"1";"1";""
"202100049693";"112Â 918";"A01";"0";"7";"2";"0";"9";"0";"1";""
"202100049694";"112Â 916";"A01";"0";"32";"0";"2";"2";"1";"1";""
"202100049694";"112Â 917";"B01";"0";"10";"0";"2";"3";"9";"1";""
"202100049695";"112Â 912";"A01";"1";"7";"0";"2";"1";"17";"1";""
"202100049695";"112Â 913";"B01";"1";"7";"0";"2";"6";"15";"1";""
"202100049696";"112Â 910";"B01";"2";"7";"0";"2";"3";"1";"1";""
"202100049696";"112Â 911";"A01";"1";"7";"0";"0";"1";"13";"1";""
"202100049697";"112Â 906";"A01";"1";"7";"0";"2";"2";"17";"1";""
"202100049697";"112Â 907";"B01";"1";"2";"0";"2";"8";"15";"1";""
"202100049698";"112Â 904";"A01";"1";"7";"2";"0";"1";"1";"1";""
"202100049698";"112Â 905";"B01";"2";"7";"0";"9";"8";"1";"1";""
"202100049699";"112Â 903";"A01";"1";"33";"0";"0";"9";"2";"1";""
"202100049700";"112Â 901";"A01";"2";"7";"0";"0";"4";"15";"1";""
"202100049700";"112Â 902";"B01";"2";"14";"0";"2";"1";"1";"1";""
"202100049701";"112Â 900";"A01";"1";"31";"9";"0";"1";"1";"1";""
"202100049702";"112Â 899";"A01";"2";"7";"0";"1";"3";"15";"1";""
"202100049703";"112Â 897";"A01";"2";"7";"3";"2";"1";"14";"1";""
"202100049703";"112Â 898";"B01";"1";"7";"0";"2";"3";"1";"1";""
"202100049704";"112Â 896";"A01";"1";"14";"8";"0";"1";"1";"1";""
"202100049705";"112Â 895";"A01";"2";"7";"2";"0";"3";"1";"1";""
"202100049706";"112Â 894";"A01";"2";"7";"16";"0";"0";"13";"1";""
"202100049707";"112Â 892";"A01";"0";"10";"0";"2";"1";"1";"1";""
"202100049707";"112Â 893";"B01";"0";"7";"0";"2";"8";"15";"1";""
"202100049708";"112Â 891";"A01";"1";"7";"0";"1";"3";"15";"1";""
"202100049709";"112Â 890";"A01";"2";"33";"16";"0";"0";"1";"1";""
"202100049710";"112Â 888";"A01";"2";"7";"0";"0";"1";"5";"1";""
"202100049710";"112Â 889";"B01";"1";"7";"0";"2";"1";"1";"1";""
"202100049711";"112Â 887";"A01";"1";"7";"2";"0";"1";"1";"1";""
"202100049712";"112Â 885";"B01";"1";"7";"0";"2";"2";"1";"1";""
"202100049712";"112Â 886";"A01";"1";"2";"0";"0";"4";"0";"1";""
"202100049713";"112Â 883";"A01";"1";"10";"0";"2";"5";"15";"1";""
"202100049713";"112Â 884";"B01";"2";"33";"0";"2";"2";"1";"1";""
"202100049714";"112Â 881";"A01";"3";"32";"0";"2";"1";"1";"1";""
"202100049714";"112Â 882";"B01";"3";"7";"0";"2";"3";"15";"1";""
"202100049715";"112Â 880";"A01";"2";"7";"0";"1";"5";"4";"1";""
"202100049716";"112Â 877";"A01";"1";"7";"13";"0";"1";"13";"1";""
"202100049717";"112Â 875";"A01";"1";"7";"0";"2";"6";"13";"1";""
"202100049717";"112Â 876";"B01";"1";"33";"0";"2";"2";"13";"1";""
"202100049718";"112Â 874";"A01";"1";"7";"13";"6";"1";"1";"1";""
"202100049719";"112Â 873";"A01";"2";"7";"6";"0";"8";"1";"1";""
"202100049720";"112Â 872";"A01";"1";"0";"0";"1";"2";"0";"0";""
"202100049721";"112Â 871";"A01";"2";"7";"0";"1";"1";"15";"1";""
"202100049722";"112Â 869";"B01";"2";"1";"0";"2";"1";"1";"5";""
"202100049722";"112Â 870";"A01";"1";"7";"0";"2";"2";"5";"1";""
"202100049723";"112Â 868";"A01";"2";"2";"0";"1";"1";"1";"1";""
"202100049724";"112Â 867";"A01";"2";"7";"13";"0";"1";"13";"1";""
"202100049725";"112Â 865";"B01";"2";"1";"0";"2";"1";"1";"5";""
"202100049725";"112Â 866";"A01";"1";"7";"0";"9";"2";"15";"1";""
"202100049726";"112Â 863";"B01";"2";"7";"15";"2";"3";"1";"1";""
"202100049726";"112Â 864";"A01";"1";"7";"15";"2";"3";"1";"1";""
"202100049727";"112Â 861";"A01";"2";"7";"7";"2";"7";"19";"1";""
"202100049727";"112Â 862";"B01";"1";"10";"0";"2";"1";"1";"1";""
"202100049728";"112Â 860";"A01";"3";"7";"0";"1";"3";"15";"1";""
"202100049729";"112Â 859";"A01";"1";"39";"0";"1";"1";"1";"3";""
"202100049730";"112Â 856";"A01";"2";"7";"0";"2";"1";"2";"1";""
"202100049730";"112Â 857";"B01";"2";"7";"0";"2";"4";"1";"1";""
"202100049730";"112Â 858";"C01";"2";"7";"0";"2";"4";"1";"1";""
"202100049731";"112Â 854";"B01";"2";"7";"0";"2";"5";"14";"1";""
"202100049731";"112Â 855";"A01";"2";"33";"0";"2";"3";"3";"1";""
"202100049732";"112Â 852";"B01";"2";"7";"0";"2";"6";"1";"0";""
"202100049732";"112Â 853";"A01";"2";"7";"0";"2";"2";"14";"1";""
"202100049733";"112Â 850";"B01";"1";"33";"0";"2";"1";"2";"1";""
"202100049733";"112Â 851";"A01";"1";"7";"0";"2";"6";"1";"1";""
"202100049734";"112Â 848";"B01";"2";"7";"0";"2";"4";"2";"1";""
"202100049734";"112Â 849";"A01";"2";"34";"0";"2";"1";"3";"1";""
"202100049735";"112Â 846";"A01";"2";"32";"0";"0";"4";"26";"1";""
"202100049735";"112Â 847";"B01";"2";"10";"0";"2";"1";"26";"1";""
"202100049736";"112Â 843";"A01";"1";"7";"0";"2";"0";"10";"0";""
"202100049736";"112Â 844";"B01";"1";"7";"0";"2";"1";"1";"1";""
"202100049736";"112Â 845";"C01";"1";"7";"0";"2";"3";"1";"1";""
"202100049737";"112Â 841";"B01";"2";"32";"0";"2";"1";"1";"1";""
"202100049737";"112Â 842";"A01";"1";"7";"0";"2";"2";"19";"1";""
"202100049738";"112Â 839";"A01";"1";"30";"0";"2";"2";"1";"1";""
"202100049738";"112Â 840";"B01";"1";"7";"0";"2";"8";"1";"1";""
"202100049739";"112Â 837";"B01";"2";"7";"0";"2";"3";"1";"1";""
"202100049739";"112Â 838";"A01";"1";"7";"0";"2";"2";"1";"1";""
"202100049740";"112Â 835";"A01";"1";"7";"0";"2";"3";"15";"1";""
"202100049740";"112Â 836";"B01";"1";"50";"0";"2";"2";"1";"3";""
"202100049741";"112Â 833";"B01";"2";"7";"0";"2";"8";"1";"1";""
"202100049741";"112Â 834";"A01";"1";"50";"0";"2";"1";"5";"3";""
"202100049742";"112Â 832";"A01";"3";"7";"0";"1";"1";"16";"1";""
"202100049743";"112Â 830";"A01";"1";"10";"0";"2";"1";"9";"1";""
"202100049743";"112Â 831";"B01";"2";"7";"0";"2";"0";"0";"1";""
"202100049744";"112Â 826";"C01";"1";"10";"0";"2";"4";"2";"1";""
"202100049744";"112Â 827";"D01";"1";"7";"0";"2";"8";"1";"1";""
"202100049744";"112Â 828";"B01";"1";"7";"0";"2";"4";"2";"2";""
"202100049744";"112Â 829";"A01";"1";"7";"0";"2";"1";"2";"1";""
"202100049745";"112Â 824";"B01";"2";"7";"0";"2";"4";"2";"1";""
"202100049745";"112Â 825";"A01";"2";"30";"14";"0";"1";"2";"1";""
"202100049746";"112Â 822";"A01";"0";"31";"0";"2";"2";"1";"0";""
"202100049746";"112Â 823";"Y01";"0";"1";"0";"2";"0";"0";"5";""
"202100049747";"112Â 819";"T01";"1";"50";"0";"2";"1";"18";"3";""
"202100049747";"112Â 820";"A01";"1";"7";"0";"2";"7";"22";"1";""
"202100049748";"112Â 816";"B01";"2";"7";"0";"2";"2";"1";"1";""
"202100049748";"112Â 817";"C01";"1";"7";"0";"2";"3";"1";"1";""
"202100049748";"112Â 818";"A01";"2";"7";"0";"2";"1";"1";"1";""
"202100049749";"112Â 814";"B01";"2";"7";"0";"2";"5";"2";"1";""
"202100049749";"112Â 815";"A01";"2";"7";"0";"2";"2";"2";"1";""
"202100049750";"112Â 813";"B01";"1";"33";"8";"0";"8";"13";"1";""
"202100049751";"112Â 812";"A01";"2";"7";"8";"0";"3";"1";"1";""
"202100049752";"112Â 811";"A01";"2";"33";"0";"0";"8";"1";"1";""
"202100049753";"112Â 810";"A01";"2";"7";"0";"1";"1";"1";"1";""
"202100049754";"112Â 808";"A01";"0";"7";"0";"2";"2";"26";"1";""
"202100049754";"112Â 809";"B01";"3";"7";"0";"2";"1";"1";"1";""
"202100049755";"112Â 806";"P01";"1";"1";"16";"9";"3";"2";"5";""
"202100049755";"112Â 807";"Z01";"1";"7";"16";"0";"2";"2";"1";""
"202100049756";"112Â 804";"B01";"1";"99";"0";"2";"6";"2";"1";""
"202100049756";"112Â 805";"A01";"1";"31";"0";"2";"1";"2";"1";""
"202100049757";"112Â 802";"A01";"1";"7";"0";"2";"1";"1";"1";""
"202100049757";"112Â 803";"B01";"1";"7";"0";"2";"4";"15";"1";""
"202100049758";"112Â 800";"A01";"1";"7";"0";"2";"3";"9";"1";""
"202100049758";"112Â 801";"B01";"0";"33";"0";"2";"1";"1";"1";""
"202100049759";"112Â 799";"A01";"1";"1";"1";"0";"2";"0";"0";""
"202100049760";"112Â 798";"A01";"0";"7";"15";"0";"2";"15";"1";""
"202100049761";"112Â 794";"A01";"1";"7";"0";"1";"3";"1";"1";""
"202100049762";"112Â 793";"A01";"3";"10";"0";"1";"1";"1";"1";""
"202100049763";"112Â 791";"B01";"2";"7";"0";"2";"6";"1";"1";""
"202100049763";"112Â 792";"A01";"2";"31";"0";"2";"1";"1";"1";""
"202100049764";"112Â 787";"A01";"1";"50";"0";"2";"1";"1";"3";""
"202100049764";"112Â 788";"Z01";"1";"7";"0";"2";"3";"1";"1";""
"202100049765";"112Â 785";"A01";"3";"7";"0";"2";"4";"1";"1";""
"202100049765";"112Â 786";"B01";"3";"7";"0";"2";"1";"1";"1";""
"202100049766";"112Â 783";"B01";"3";"30";"0";"2";"8";"1";"1";""
"202100049766";"112Â 784";"A01";"3";"7";"0";"2";"1";"15";"1";""
"202100049767";"112Â 781";"A01";"3";"7";"0";"2";"2";"1";"1";""
"202100049767";"112Â 782";"B01";"3";"80";"0";"2";"7";"19";"3";""
"202100049768";"112Â 780";"A01";"1";"7";"0";"1";"2";"16";"1";""
"202100049769";"112Â 778";"B01";"2";"30";"0";"2";"1";"1";"1";""
"202100049769";"112Â 779";"A01";"2";"30";"0";"2";"8";"10";"1";""
"202100049770";"112Â 776";"B01";"1";"1";"0";"2";"4";"7";"5";""
"202100049770";"112Â 777";"A01";"1";"37";"0";"2";"2";"7";"2";"1"
"202100049771";"112Â 774";"B01";"2";"7";"0";"2";"5";"1";"1";""
"202100049771";"112Â 775";"A01";"3";"32";"0";"2";"1";"1";"1";""
"202100049772";"112Â 772";"A01";"1";"30";"0";"2";"3";"7";"3";""
"202100049772";"112Â 773";"B01";"1";"3";"0";"2";"7";"16";"1";""
"202100049773";"112Â 771";"A01";"2";"1";"0";"0";"0";"1";"5";""
"202100049774";"112Â 769";"A01";"3";"30";"0";"2";"0";"17";"1";""
"202100049774";"112Â 770";"B01";"0";"10";"0";"2";"0";"15";"1";""
"202100049775";"112Â 768";"A01";"1";"33";"7";"0";"1";"21";"1";""
"202100049776";"112Â 767";"A01";"1";"1";"11";"0";"1";"1";"5";""
"202100049777";"112Â 766";"A01";"2";"1";"0";"1";"5";"1";"5";""
"202100049778";"112Â 765";"A01";"2";"50";"0";"0";"0";"1";"3";""
"202100049779";"112Â 762";"B01";"2";"7";"0";"2";"2";"2";"1";""
"202100049779";"112Â 763";"C01";"1";"7";"0";"2";"1";"2";"1";""
"202100049779";"112Â 764";"A01";"1";"7";"0";"2";"3";"16";"1";""
"202100049780";"112Â 761";"A01";"1";"7";"4";"0";"1";"1";"1";""
"202100049781";"112Â 760";"A01";"1";"7";"0";"1";"1";"1";"0";""
"202100049782";"112Â 759";"A01";"2";"7";"6";"0";"1";"19";"1";""
"202100049783";"112Â 757";"B01";"2";"30";"0";"2";"0";"0";"1";""
"202100049783";"112Â 758";"A01";"1";"10";"0";"2";"8";"1";"1";""
"202100049784";"112Â 755";"B01";"2";"7";"0";"2";"3";"16";"1";""
"202100049784";"112Â 756";"A01";"2";"7";"0";"2";"2";"1";"1";""
"202100049785";"112Â 754";"A01";"1";"7";"0";"1";"1";"1";"1";""
"202100049786";"112Â 752";"A01";"1";"32";"0";"2";"1";"0";"1";""
"202100049786";"112Â 753";"B01";"2";"7";"0";"2";"1";"15";"1";""
"202100049787";"112Â 751";"A01";"0";"10";"2";"0";"3";"1";"3";""
"202100049788";"112Â 750";"A01";"2";"7";"5";"0";"1";"1";"1";""
"202100049789";"112Â 748";"B01";"1";"10";"0";"9";"2";"1";"1";""
"202100049789";"112Â 749";"A01";"3";"1";"0";"2";"1";"15";"6";""
"202100049790";"112Â 747";"A01";"2";"33";"0";"0";"8";"1";"1";""
"202100049791";"112Â 745";"A01";"1";"7";"0";"2";"1";"9";"1";""
"202100049791";"112Â 746";"B01";"1";"33";"0";"0";"7";"1";"1";""
"202100049792";"112Â 743";"B01";"1";"15";"0";"2";"4";"1";"1";""
"202100049792";"112Â 744";"A01";"1";"10";"0";"2";"1";"12";"1";""
"202100049793";"112Â 742";"A01";"1";"7";"4";"0";"1";"13";"1";""
"202100049794";"112Â 740";"B01";"1";"7";"0";"0";"3";"0";"1";""
"202100049794";"112Â 741";"A01";"2";"7";"8";"2";"1";"13";"1";""
"202100049795";"112Â 738";"A01";"1";"7";"0";"0";"6";"15";"1";""
"202100049795";"112Â 739";"B01";"2";"33";"0";"2";"1";"1";"0";""
"202100049796";"112Â 736";"A01";"1";"7";"0";"2";"1";"19";"1";""
"202100049796";"112Â 737";"B01";"2";"33";"0";"2";"7";"1";"1";""
"202100049797";"112Â 733";"A01";"2";"7";"0";"0";"4";"2";"1";""
"202100049797";"112Â 734";"B01";"2";"7";"0";"0";"4";"2";"1";""
"202100049797";"112Â 735";"C01";"2";"7";"0";"2";"1";"2";"1";""
"202100049798";"112Â 732";"A01";"3";"7";"2";"0";"1";"0";"1";""
"202100049799";"112Â 731";"A01";"2";"7";"0";"1";"3";"1";"1";""
"202100049800";"112Â 730";"A01";"1";"7";"2";"0";"3";"19";"1";""
"202100049801";"112Â 727";"A01";"1";"7";"0";"2";"9";"15";"1";""
"202100049801";"112Â 728";"B01";"2";"7";"2";"2";"3";"1";"1";""
"202100049801";"112Â 729";"C01";"3";"7";"0";"2";"1";"1";"1";""