"Num_Acc";"id_vehicule";"num_veh";"senc";"catv";"obs";"obsm";"choc";"manv";"motor";"occutc"
"202100049802";"112Â 726";"A01";"3";"32";"9";"0";"1";"1";"1";""
"202100049803";"112Â 724";"A01";"2";"10";"0";"2";"7";"17";"1";""
"202100049803";"112Â 725";"B01";"2";"1";"0";"0";"8";"1";"5";""
"202100049804";"112Â 722";"B01";"1";"10";"0";"2";"7";"1";"1";""
"202100049804";"112Â 723";"A01";"1";"7";"0";"0";"1";"1";"1";""
"202100049805";"112Â 721";"A01";"1";"7";"0";"0";"9";"1";"1";""
"202100049806";"112Â 719";"B01";"1";"1";"0";"2";"1";"2";"5";""
"202100049806";"112Â 720";"A01";"1";"7";"0";"2";"4";"2";"1";""
"202100049807";"112Â 718";"A01";"1";"33";"7";"0";"8";"1";"1";""
"202100049808";"112Â 716";"B01";"1";"2";"0";"2";"8";"2";"3";""
"202100049808";"112Â 717";"A01";"1";"10";"0";"2";"7";"17";"0";""
"202100049809";"112Â 714";"B01";"2";"1";"0";"2";"8";"15";"0";""
"202100049809";"112Â 715";"A01";"2";"7";"0";"9";"7";"17";"1";""
"202100049810";"112Â 713";"A01";"2";"7";"13";"0";"3";"0";"1";""
"202100049811";"112Â 712";"A01";"1";"7";"0";"1";"1";"1";"1";""
"202100049812";"112Â 711";"A01";"3";"3";"0";"0";"9";"1";"1";""
"202100049813";"112Â 710";"A01";"3";"7";"13";"0";"1";"1";"1";""
"202100049814";"112Â 708";"A01";"2";"2";"0";"2";"0";"16";"1";""
"202100049814";"112Â 709";"B01";"1";"7";"0";"2";"1";"0";"1";""
"202100049815";"112Â 707";"A01";"2";"7";"2";"0";"8";"1";"1";""
"202100049816";"112Â 706";"A01";"2";"10";"8";"0";"1";"13";"1";""
"202100049817";"112Â 704";"A01";"2";"33";"0";"2";"1";"1";"1";""
"202100049817";"112Â 705";"B01";"2";"7";"0";"0";"4";"1";"1";""
"202100049818";"112Â 703";"A01";"1";"7";"2";"0";"2";"1";"1";""
"202100049819";"112Â 701";"B01";"1";"33";"0";"2";"8";"3";"0";""
"202100049819";"112Â 702";"A01";"2";"7";"0";"2";"8";"15";"1";""
"202100049820";"112Â 699";"A01";"3";"7";"0";"2";"2";"26";"1";""
"202100049820";"112Â 700";"B01";"3";"43";"0";"2";"7";"1";"1";""
"202100049821";"112Â 697";"B01";"1";"17";"0";"0";"0";"2";"1";""
"202100049821";"112Â 698";"A01";"1";"7";"0";"2";"5";"2";"1";""
"202100049822";"112Â 690";"A01";"1";"7";"0";"2";"1";"2";"1";""
"202100049822";"112Â 691";"B01";"1";"7";"0";"2";"4";"2";"1";""
"202100049822";"112Â 692";"C01";"1";"10";"0";"2";"1";"2";"1";""
"202100049822";"112Â 693";"D01";"1";"7";"0";"2";"0";"1";"1";""
"202100049822";"112Â 694";"E01";"1";"7";"0";"2";"4";"1";"1";""
"202100049822";"112Â 695";"F01";"1";"10";"0";"2";"4";"1";"1";""
"202100049822";"112Â 696";"G01";"1";"7";"0";"2";"4";"1";"1";""
"202100049823";"112Â 689";"A01";"1";"33";"3";"0";"8";"17";"1";""
"202100049824";"112Â 687";"A01";"1";"7";"0";"2";"3";"9";"1";""
"202100049824";"112Â 688";"B01";"2";"33";"0";"2";"1";"1";"1";""
"202100049825";"112Â 685";"A01";"2";"33";"0";"0";"7";"16";"1";""
"202100049825";"112Â 686";"B01";"2";"7";"0";"2";"3";"16";"1";""
"202100049826";"112Â 683";"A01";"2";"7";"0";"2";"2";"1";"1";""
"202100049826";"112Â 684";"B01";"1";"7";"0";"2";"2";"15";"2";""
"202100049827";"112Â 682";"A01";"1";"31";"2";"0";"1";"0";"1";""
"202100049828";"112Â 680";"A01";"1";"7";"0";"2";"1";"17";"1";""
"202100049828";"112Â 681";"B01";"2";"7";"0";"2";"1";"1";"1";""
"202100049829";"112Â 677";"A01";"0";"36";"17";"0";"1";"1";"1";""
"202100049830";"112Â 676";"A01";"2";"21";"0";"0";"8";"1";"1";""
"202100049831";"112Â 674";"A01";"0";"7";"0";"0";"7";"19";"1";""
"202100049831";"112Â 675";"B01";"0";"33";"0";"0";"0";"1";"1";""
"202100049832";"112Â 672";"A01";"2";"7";"0";"2";"1";"9";"1";""
"202100049832";"112Â 673";"B01";"2";"2";"0";"2";"7";"21";"1";""
"202100049833";"112Â 670";"A01";"3";"33";"0";"2";"1";"1";"1";""
"202100049833";"112Â 671";"B01";"3";"7";"0";"2";"2";"19";"1";""
"202100049834";"112Â 668";"A01";"1";"2";"0";"2";"1";"1";"1";""
"202100049834";"112Â 669";"B01";"0";"7";"0";"0";"3";"9";"1";""
"202100049835";"112Â 667";"A01";"2";"17";"0";"1";"2";"2";"6";""
"202100049836";"112Â 664";"C01";"1";"7";"0";"2";"1";"1";"1";""
"202100049836";"112Â 665";"B01";"1";"7";"0";"2";"1";"2";"1";""
"202100049836";"112Â 666";"A01";"1";"7";"0";"2";"4";"23";"1";""
"202100049837";"112Â 660";"D01";"1";"7";"0";"2";"1";"2";"1";""
"202100049837";"112Â 661";"C01";"1";"7";"0";"2";"4";"2";"1";""
"202100049837";"112Â 662";"B01";"1";"7";"0";"2";"4";"2";"1";""
"202100049837";"112Â 663";"A01";"1";"7";"0";"2";"4";"1";"1";""
"202100049838";"112Â 658";"B01";"2";"7";"0";"2";"4";"2";"1";""
"202100049838";"112Â 659";"C01";"2";"7";"0";"2";"1";"2";"1";""
"202100049839";"112Â 656";"A01";"2";"7";"0";"2";"4";"1";"1";""
"202100049839";"112Â 657";"B01";"2";"7";"0";"2";"1";"2";"1";""
"202100049840";"112Â 654";"A01";"1";"7";"0";"2";"4";"1";"1";""
"202100049840";"112Â 655";"B01";"1";"10";"0";"2";"3";"2";"1";""
"202100049841";"112Â 650";"D01";"2";"7";"0";"2";"1";"1";"1";""
"202100049841";"112Â 651";"C01";"2";"10";"0";"2";"4";"2";"1";""
"202100049841";"112Â 652";"B01";"2";"7";"0";"2";"4";"1";"1";""
"202100049841";"112Â 653";"A01";"2";"7";"0";"2";"4";"1";"1";""
"202100049842";"112Â 649";"A01";"1";"7";"4";"0";"1";"1";"1";""
"202100049843";"112Â 645";"B01";"1";"7";"0";"2";"4";"23";"1";""
"202100049843";"112Â 646";"A01";"1";"99";"0";"2";"1";"2";"1";""
"202100049843";"112Â 647";"D01";"1";"7";"0";"2";"4";"23";"1";""
"202100049843";"112Â 648";"C01";"1";"7";"0";"2";"4";"23";"2";""
"202100049844";"112Â 643";"B01";"2";"7";"0";"2";"4";"2";"1";""
"202100049844";"112Â 644";"A01";"2";"33";"0";"2";"1";"2";"1";""
"202100049845";"112Â 642";"A01";"1";"10";"4";"0";"3";"2";"1";""
"202100049846";"112Â 639";"C01";"2";"7";"0";"2";"5";"13";"1";""
"202100049846";"112Â 640";"A01";"2";"7";"0";"2";"3";"18";"1";""
"202100049846";"112Â 641";"B01";"2";"7";"0";"2";"5";"3";"1";""
"202100049847";"112Â 637";"A01";"1";"7";"0";"2";"2";"1";"1";""
"202100049847";"112Â 638";"B01";"1";"7";"0";"2";"6";"1";"1";""
"202100049848";"112Â 636";"A01";"2";"7";"3";"0";"1";"9";"1";""
"202100049849";"112Â 634";"A01";"1";"7";"0";"2";"2";"11";"1";""
"202100049849";"112Â 635";"B01";"1";"7";"0";"2";"3";"1";"1";""
"202100049850";"112Â 631";"A01";"1";"7";"0";"2";"4";"2";"1";""
"202100049850";"112Â 632";"B01";"1";"7";"0";"2";"1";"2";"1";""
"202100049850";"112Â 633";"C01";"1";"7";"0";"2";"1";"2";"1";""
"202100049851";"112Â 629";"B01";"2";"33";"0";"2";"9";"3";"1";""
"202100049851";"112Â 630";"A01";"2";"7";"0";"2";"8";"11";"1";""
"202100049852";"112Â 626";"C01";"2";"7";"0";"2";"1";"1";"1";""
"202100049852";"112Â 627";"B01";"2";"7";"0";"2";"4";"1";"1";""
"202100049852";"112Â 628";"A01";"2";"7";"0";"2";"4";"1";"1";""
"202100049853";"112Â 624";"A01";"1";"7";"3";"2";"5";"17";"1";""
"202100049853";"112Â 625";"B01";"1";"33";"0";"2";"1";"17";"1";""
"202100049854";"112Â 622";"B01";"1";"10";"0";"2";"4";"23";"1";""
"202100049854";"112Â 623";"A01";"1";"7";"0";"2";"1";"2";"1";""
"202100049855";"112Â 620";"B01";"2";"7";"0";"2";"3";"23";"1";""
"202100049855";"112Â 621";"A01";"2";"10";"0";"2";"6";"20";"1";""
"202100049856";"112Â 618";"A01";"2";"33";"0";"2";"0";"17";"1";""
"202100049856";"112Â 619";"B01";"2";"7";"0";"2";"0";"11";"1";""
"202100049857";"112Â 615";"B01";"1";"7";"1";"0";"4";"0";"0";""
"202100049857";"112Â 616";"C01";"1";"7";"16";"0";"6";"0";"1";""
"202100049857";"112Â 617";"A01";"1";"7";"1";"0";"1";"0";"1";""
"202100049858";"112Â 613";"A01";"1";"7";"0";"2";"5";"13";"1";""
"202100049858";"112Â 614";"B01";"1";"7";"0";"2";"6";"1";"1";""
"202100049859";"112Â 612";"A01";"1";"32";"0";"1";"8";"26";"1";""
"202100049860";"112Â 611";"A01";"3";"33";"0";"0";"0";"26";"1";""
"202100049861";"112Â 610";"A01";"3";"33";"0";"0";"0";"1";"1";""
"202100049862";"112Â 608";"B01";"2";"43";"0";"2";"1";"1";"1";""
"202100049862";"112Â 609";"A01";"1";"7";"0";"2";"2";"15";"1";""
"202100049863";"112Â 606";"A01";"2";"7";"0";"2";"3";"15";"1";""
"202100049863";"112Â 607";"B01";"2";"2";"0";"2";"1";"17";"0";""
"202100049864";"112Â 605";"A01";"1";"7";"12";"0";"2";"20";"1";""
"202100049865";"112Â 604";"A01";"2";"10";"15";"0";"1";"1";"1";""
"202100049866";"112Â 603";"A01";"2";"7";"0";"1";"2";"1";"1";""
"202100049867";"112Â 601";"B01";"0";"60";"0";"2";"7";"1";"5";""
"202100049867";"112Â 602";"A01";"2";"7";"0";"9";"2";"16";"1";""
"202100049868";"112Â 600";"A01";"0";"7";"0";"1";"1";"1";"1";""
"202100049869";"112Â 598";"A01";"2";"7";"0";"2";"1";"13";"1";""
"202100049869";"112Â 599";"B01";"1";"21";"0";"0";"0";"0";"1";""
"202100049870";"112Â 596";"A01";"3";"7";"0";"2";"1";"19";"1";""
"202100049870";"112Â 597";"B01";"3";"7";"0";"2";"4";"1";"1";""
"202100049871";"112Â 594";"A01";"1";"7";"0";"2";"7";"1";"0";""
"202100049871";"112Â 595";"B01";"2";"7";"0";"2";"1";"16";"1";""
"202100049872";"112Â 592";"Z01";"2";"7";"0";"2";"2";"0";"1";""
"202100049872";"112Â 593";"B01";"2";"1";"0";"2";"1";"1";"5";""
"202100049873";"112Â 590";"A01";"2";"7";"0";"2";"2";"15";"1";""
"202100049873";"112Â 591";"B01";"1";"33";"0";"2";"1";"1";"1";""
"202100049874";"112Â 588";"A01";"3";"7";"0";"2";"3";"15";"1";""
"202100049874";"112Â 589";"B01";"3";"2";"0";"2";"8";"17";"1";""
"202100049875";"112Â 587";"A01";"0";"7";"0";"1";"3";"16";"1";""
"202100049876";"112Â 584";"B01";"2";"7";"0";"2";"6";"15";"1";""
"202100049876";"112Â 585";"A01";"2";"33";"0";"2";"1";"17";"1";""
"202100049877";"112Â 582";"B01";"1";"7";"0";"2";"7";"15";"1";""
"202100049877";"112Â 583";"A01";"2";"33";"0";"2";"1";"1";"1";""
"202100049878";"112Â 580";"A01";"2";"1";"0";"2";"1";"2";"5";""
"202100049878";"112Â 581";"B01";"2";"10";"0";"2";"5";"2";"1";""
"202100049879";"112Â 578";"A01";"0";"7";"0";"2";"2";"20";"1";""
"202100049879";"112Â 579";"B01";"0";"2";"0";"2";"2";"1";"1";""
"202100049880";"112Â 576";"A01";"3";"2";"0";"2";"2";"1";"1";""
"202100049880";"112Â 577";"B01";"1";"7";"0";"2";"3";"1";"1";""
"202100049881";"112Â 575";"A01";"2";"33";"0";"0";"0";"1";"1";""
"202100049882";"112Â 574";"A01";"1";"7";"9";"0";"1";"13";"1";""
"202100049883";"112Â 573";"A01";"2";"7";"0";"0";"9";"14";"1";""
"202100049884";"112Â 571";"A01";"1";"32";"0";"2";"1";"1";"1";""
"202100049884";"112Â 572";"B01";"2";"10";"0";"2";"2";"15";"1";""
"202100049885";"112Â 569";"A01";"1";"33";"0";"2";"1";"2";"1";""
"202100049885";"112Â 570";"B01";"1";"7";"0";"2";"6";"2";"1";""
"202100049886";"112Â 568";"A01";"2";"7";"0";"1";"0";"1";"1";""
"202100049887";"112Â 566";"B01";"1";"7";"0";"2";"3";"1";"1";""
"202100049887";"112Â 567";"A01";"1";"32";"0";"2";"1";"25";"1";""
"202100049888";"112Â 565";"A01";"1";"33";"13";"0";"1";"13";"1";""
"202100049889";"112Â 563";"B01";"0";"7";"0";"2";"4";"2";"1";""
"202100049889";"112Â 564";"A01";"2";"7";"0";"2";"1";"2";"1";""
"202100049890";"112Â 562";"A01";"1";"10";"0";"1";"2";"1";"1";""
"202100049891";"112Â 560";"B01";"0";"7";"0";"2";"8";"16";"0";""
"202100049891";"112Â 561";"A01";"0";"7";"0";"2";"1";"16";"0";""
"202100049892";"112Â 558";"B01";"1";"7";"0";"2";"8";"15";"1";""
"202100049892";"112Â 559";"A01";"1";"2";"0";"2";"1";"17";"1";""
"202100049893";"112Â 555";"C01";"2";"7";"0";"0";"8";"0";"1";""
"202100049893";"112Â 556";"B01";"1";"7";"0";"0";"3";"21";"1";""
"202100049893";"112Â 557";"A01";"1";"33";"0";"0";"1";"17";"1";""
"202100049894";"112Â 554";"A01";"1";"30";"0";"0";"7";"2";"3";""
"202100049895";"112Â 550";"A01";"3";"7";"0";"0";"0";"0";"1";""
"202100049895";"112Â 551";"B01";"3";"7";"0";"2";"3";"0";"1";""
"202100049896";"112Â 548";"Z01";"2";"7";"0";"2";"4";"1";"0";""
"202100049896";"112Â 549";"A01";"2";"2";"0";"2";"1";"1";"1";""
"202100049897";"112Â 546";"B01";"1";"31";"0";"2";"1";"1";"1";""
"202100049897";"112Â 547";"A01";"2";"7";"0";"2";"3";"15";"1";""
"202100049898";"112Â 544";"B01";"2";"33";"0";"2";"3";"3";"1";""
"202100049898";"112Â 545";"A01";"2";"7";"0";"2";"1";"12";"1";""
"202100049899";"112Â 542";"B01";"1";"7";"0";"2";"4";"23";"1";""
"202100049899";"112Â 543";"A01";"1";"7";"0";"2";"1";"14";"1";""
"202100049900";"112Â 541";"A01";"1";"10";"7";"0";"1";"1";"1";""
"202100049901";"112Â 539";"B01";"1";"7";"0";"2";"3";"15";"1";""
"202100049901";"112Â 540";"A01";"2";"30";"0";"2";"7";"1";"1";""
"202100049902";"112Â 537";"A01";"3";"33";"0";"2";"8";"1";"1";""
"202100049902";"112Â 538";"B01";"3";"7";"0";"2";"0";"23";"1";""
"202100049903";"112Â 536";"Z01";"2";"10";"0";"1";"4";"4";"1";""
"202100049904";"112Â 535";"A01";"2";"7";"0";"1";"1";"20";"1";""
"202100049905";"112Â 533";"B01";"0";"1";"0";"2";"6";"1";"5";""
"202100049905";"112Â 534";"A01";"0";"7";"0";"2";"1";"1";"1";""
"202100049906";"112Â 531";"A01";"1";"7";"0";"2";"6";"2";"1";""
"202100049906";"112Â 532";"B01";"1";"7";"0";"2";"4";"23";"1";""
"202100049907";"112Â 529";"A01";"0";"7";"0";"2";"8";"15";"1";""
"202100049907";"112Â 530";"B01";"0";"1";"0";"2";"8";"19";"0";""
"202100049908";"112Â 527";"B01";"1";"7";"0";"2";"1";"0";"1";""
"202100049908";"112Â 528";"A01";"2";"7";"0";"2";"1";"26";"1";""
"202100049909";"112Â 526";"A01";"2";"32";"11";"0";"1";"13";"1";""
"202100049910";"112Â 524";"A01";"1";"32";"0";"2";"5";"1";"1";""
"202100049910";"112Â 525";"B01";"2";"7";"0";"2";"2";"15";"1";""
"202100049911";"112Â 521";"C01";"1";"7";"0";"2";"4";"1";"1";""
"202100049911";"112Â 522";"B01";"1";"7";"0";"2";"1";"2";"1";""
"202100049911";"112Â 523";"A01";"1";"10";"0";"2";"1";"2";"1";""
"202100049912";"112Â 520";"A01";"1";"33";"10";"0";"1";"1";"1";""
"202100049913";"112Â 519";"A01";"1";"7";"0";"1";"2";"1";"1";""
"202100049914";"112Â 517";"A01";"1";"7";"0";"2";"1";"2";"0";""
"202100049914";"112Â 518";"B01";"1";"7";"0";"2";"4";"2";"0";""
"202100049915";"112Â 516";"A01";"2";"7";"4";"0";"3";"1";"1";""
"202100049916";"112Â 514";"A01";"1";"2";"0";"2";"2";"9";"1";""
"202100049916";"112Â 515";"B01";"1";"7";"0";"2";"1";"1";"0";""
"202100049917";"112Â 512";"B01";"2";"7";"0";"2";"1";"0";"1";""
"202100049917";"112Â 513";"A01";"1";"7";"0";"2";"1";"11";"1";""
"202100049918";"112Â 511";"A01";"2";"7";"6";"0";"2";"1";"1";""
"202100049919";"112Â 510";"A01";"2";"33";"15";"0";"1";"16";"1";""
"202100049920";"112Â 509";"A01";"2";"7";"0";"1";"2";"1";"1";""
"202100049921";"112Â 507";"A01";"2";"7";"0";"2";"2";"1";"1";""
"202100049921";"112Â 508";"B01";"2";"1";"0";"0";"4";"1";"5";""
"202100049922";"112Â 506";"A01";"1";"33";"0";"5";"1";"1";"1";""
"202100049923";"112Â 503";"A01";"1";"33";"0";"2";"8";"13";"1";""
"202100049923";"112Â 504";"B01";"1";"33";"0";"0";"0";"1";"1";""
"202100049923";"112Â 505";"C01";"2";"7";"0";"2";"3";"1";"1";""
"202100049924";"112Â 501";"B01";"1";"33";"0";"2";"1";"1";"1";""
"202100049924";"112Â 502";"A01";"2";"7";"0";"2";"5";"15";"1";""
"202100049925";"112Â 500";"A01";"1";"7";"13";"0";"1";"15";"1";""
"202100049926";"112Â 499";"A01";"1";"33";"16";"0";"1";"1";"1";""
"202100049927";"112Â 497";"B01";"1";"33";"0";"2";"7";"13";"1";""
"202100049927";"112Â 498";"A01";"1";"7";"0";"2";"3";"15";"1";""
"202100049928";"112Â 495";"B01";"2";"1";"0";"2";"8";"1";"5";""
"202100049928";"112Â 496";"A01";"1";"2";"0";"9";"1";"15";"1";""
"202100049929";"112Â 494";"A01";"3";"10";"13";"0";"9";"1";"1";""
"202100049930";"112Â 493";"A01";"0";"10";"13";"0";"1";"1";"1";""
"202100049931";"112Â 492";"A01";"2";"7";"2";"0";"1";"1";"1";""
"202100049932";"112Â 490";"A01";"1";"7";"0";"2";"2";"15";"1";""
"202100049932";"112Â 491";"B01";"2";"7";"0";"2";"3";"1";"1";""
"202100049933";"112Â 488";"B01";"2";"7";"0";"2";"1";"1";"1";""
"202100049933";"112Â 489";"A01";"1";"7";"0";"2";"7";"13";"1";""
"202100049934";"112Â 486";"B01";"1";"10";"0";"0";"2";"1";"1";""
"202100049934";"112Â 487";"A01";"2";"7";"0";"0";"8";"19";"1";""
"202100049935";"112Â 484";"B01";"2";"7";"0";"2";"8";"1";"1";""
"202100049935";"112Â 485";"A01";"1";"7";"0";"2";"1";"13";"1";""
"202100049936";"112Â 483";"A01";"3";"31";"8";"0";"2";"1";"1";""
"202100049937";"112Â 481";"A01";"2";"31";"0";"2";"1";"1";"1";""
"202100049937";"112Â 482";"B01";"2";"31";"0";"0";"4";"1";"1";""
"202100049938";"112Â 480";"A01";"1";"7";"13";"0";"3";"13";"1";""
"202100049939";"112Â 479";"A01";"2";"7";"5";"0";"2";"2";"1";""
"202100049940";"112Â 478";"A01";"2";"10";"0";"1";"2";"15";"1";""
"202100049941";"112Â 476";"B01";"1";"7";"0";"2";"3";"15";"1";""
"202100049941";"112Â 477";"A01";"1";"33";"0";"2";"2";"17";"1";""
"202100049942";"112Â 475";"A01";"3";"33";"0";"0";"1";"1";"1";""
"202100049943";"112Â 473";"A01";"1";"7";"0";"0";"7";"26";"1";""
"202100049943";"112Â 474";"B01";"1";"7";"13";"2";"1";"2";"1";""
"202100049944";"112Â 472";"A01";"1";"33";"3";"0";"0";"1";"1";""
"202100049945";"112Â 470";"B01";"1";"7";"0";"0";"1";"1";"1";""
"202100049945";"112Â 471";"A01";"3";"7";"0";"0";"3";"15";"1";""
"202100049946";"112Â 469";"A01";"3";"7";"6";"0";"1";"0";"1";""
"202100049947";"112Â 468";"A01";"1";"33";"0";"0";"8";"1";"1";""
"202100049948";"112Â 466";"B01";"2";"7";"0";"2";"1";"1";"1";""
"202100049948";"112Â 467";"A01";"1";"7";"0";"2";"1";"15";"1";""
"202100049949";"112Â 465";"A01";"2";"2";"15";"0";"2";"1";"1";""
"202100049950";"112Â 464";"A01";"1";"33";"14";"0";"1";"1";"1";""
"202100049951";"112Â 463";"A01";"3";"7";"0";"1";"1";"1";"1";""
"202100049952";"112Â 461";"B01";"2";"7";"0";"2";"1";"1";"1";""
"202100049952";"112Â 462";"A01";"2";"13";"0";"0";"4";"1";"1";""
"202100049953";"112Â 459";"A01";"1";"7";"0";"0";"4";"1";"1";""
"202100049953";"112Â 460";"B01";"1";"7";"0";"2";"1";"1";"1";""
"202100049954";"112Â 458";"A01";"1";"7";"3";"0";"9";"14";"1";""
"202100049955";"112Â 456";"A01";"1";"7";"0";"2";"2";"21";"1";""
"202100049955";"112Â 457";"B01";"2";"2";"0";"2";"1";"13";"1";""
"202100049956";"112Â 454";"B01";"1";"35";"0";"2";"8";"19";"1";""
"202100049956";"112Â 455";"A01";"1";"7";"0";"2";"2";"1";"1";""
"202100049957";"112Â 453";"A01";"3";"32";"6";"0";"1";"1";"1";""
"202100049958";"112Â 451";"A01";"2";"7";"0";"2";"3";"13";"1";""
"202100049958";"112Â 452";"B01";"1";"33";"0";"2";"1";"1";"1";""
"202100049959";"112Â 449";"B01";"2";"7";"0";"2";"1";"5";"1";""
"202100049959";"112Â 450";"A01";"1";"7";"0";"2";"1";"1";"1";""
"202100049960";"112Â 447";"B01";"2";"7";"0";"0";"7";"19";"1";""
"202100049960";"112Â 448";"A01";"1";"33";"0";"2";"8";"1";"1";""
"202100049961";"112Â 446";"A01";"2";"7";"9";"0";"1";"12";"1";""
"202100049962";"112Â 444";"B01";"0";"7";"0";"2";"3";"2";"1";""
"202100049962";"112Â 445";"A01";"0";"7";"0";"2";"3";"13";"1";""
"202100049963";"112Â 443";"A01";"1";"7";"13";"0";"2";"1";"1";""
"202100049964";"112Â 441";"A01";"2";"7";"1";"2";"1";"2";"1";""
"202100049964";"112Â 442";"B01";"2";"7";"0";"0";"5";"2";"1";""
"202100049965";"112Â 438";"A01";"1";"7";"0";"2";"1";"13";"1";""
"202100049965";"112Â 439";"B01";"2";"7";"0";"2";"1";"1";"1";""
"202100049966";"112Â 436";"A01";"3";"1";"0";"2";"3";"15";"5";""
"202100049966";"112Â 437";"B01";"2";"1";"0";"2";"1";"1";"5";""
"202100049967";"112Â 435";"A01";"2";"7";"4";"0";"1";"0";"1";""
"202100049968";"112Â 433";"A01";"3";"7";"0";"2";"3";"1";"1";""
"202100049968";"112Â 434";"B01";"3";"1";"0";"2";"3";"17";"5";""
"202100049969";"112Â 432";"A01";"2";"7";"2";"0";"1";"13";"1";""
"202100049970";"112Â 431";"A01";"1";"2";"0";"0";"0";"2";"1";""
"202100049971";"112Â 430";"A01";"1";"7";"6";"0";"1";"1";"1";""
"202100049972";"112Â 425";"E01";"1";"7";"0";"2";"1";"2";"1";""
"202100049972";"112Â 426";"D01";"1";"7";"0";"2";"1";"1";"1";""
"202100049972";"112Â 427";"C01";"1";"7";"0";"2";"4";"23";"1";""
"202100049972";"112Â 428";"B01";"1";"7";"0";"2";"2";"21";"1";""
"202100049972";"112Â 429";"A01";"1";"7";"0";"2";"6";"26";"1";""
"202100049973";"112Â 423";"A01";"2";"33";"0";"2";"1";"2";"1";""
"202100049973";"112Â 424";"B01";"2";"7";"0";"2";"5";"1";"1";""
"202100049974";"112Â 419";"D01";"2";"7";"0";"2";"4";"2";"1";""
"202100049974";"112Â 420";"C01";"2";"7";"0";"2";"4";"2";"1";""
"202100049974";"112Â 421";"B01";"2";"7";"0";"2";"4";"2";"1";""
"202100049974";"112Â 422";"A01";"2";"7";"0";"2";"1";"2";"1";""
"202100049975";"112Â 417";"B01";"1";"7";"0";"2";"7";"12";"1";""
"202100049975";"112Â 418";"A01";"1";"33";"0";"2";"8";"3";"1";""
"202100049976";"112Â 411";"D01";"2";"7";"0";"2";"4";"2";"1";""
"202100049976";"112Â 412";"E01";"2";"7";"0";"2";"4";"2";"1";""
"202100049976";"112Â 413";"F01";"2";"7";"0";"2";"4";"2";"1";""
"202100049976";"112Â 414";"A01";"2";"7";"0";"2";"1";"2";"1";""
"202100049976";"112Â 415";"B01";"2";"7";"0";"2";"4";"2";"1";""
"202100049976";"112Â 416";"C01";"2";"7";"0";"2";"4";"2";"1";""
"202100049977";"112Â 409";"B01";"1";"7";"0";"2";"1";"1";"1";""
"202100049977";"112Â 410";"A01";"1";"7";"0";"2";"2";"21";"1";""
"202100049978";"112Â 407";"A01";"2";"7";"0";"2";"4";"2";"1";""
"202100049978";"112Â 408";"B01";"2";"7";"0";"2";"1";"1";"1";""
"202100049979";"112Â 405";"B01";"1";"10";"0";"2";"4";"1";"1";""
"202100049979";"112Â 406";"A01";"1";"7";"0";"2";"1";"1";"1";""
"202100049980";"112Â 403";"B01";"2";"7";"0";"2";"4";"2";"1";""
"202100049980";"112Â 404";"A01";"2";"7";"0";"2";"1";"2";"1";""
"202100049981";"112Â 401";"A01";"1";"10";"0";"2";"3";"13";"1";""
"202100049981";"112Â 402";"B01";"2";"7";"0";"2";"3";"1";"1";""
"202100049982";"112Â 400";"A01";"2";"30";"12";"0";"1";"14";"1";""
"202100049983";"112Â 398";"A01";"3";"30";"0";"2";"5";"13";"1";""
"202100049983";"112Â 399";"B01";"3";"10";"0";"2";"5";"1";"1";""
"202100049984";"112Â 395";"B01";"3";"7";"0";"2";"1";"1";"1";""
"202100049984";"112Â 396";"A01";"3";"7";"0";"2";"3";"15";"1";""
"202100049984";"112Â 397";"C01";"3";"7";"0";"2";"1";"0";"1";""
"202100049985";"112Â 393";"B01";"1";"7";"0";"2";"1";"1";"1";""
"202100049985";"112Â 394";"A01";"1";"7";"0";"2";"2";"1";"1";""
"202100049986";"112Â 391";"B01";"1";"7";"0";"2";"2";"17";"1";""
"202100049986";"112Â 392";"A01";"1";"7";"0";"2";"3";"10";"1";""
"202100049987";"112Â 390";"A01";"1";"10";"1";"0";"1";"1";"1";""
"202100049988";"112Â 389";"A01";"3";"0";"0";"1";"0";"1";"0";""
"202100049989";"112Â 388";"A01";"3";"7";"15";"0";"7";"9";"1";""
"202100049990";"112Â 387";"A01";"2";"7";"0";"1";"1";"15";"1";""
"202100049991";"112Â 386";"A01";"2";"7";"0";"1";"3";"15";"1";""
"202100049992";"112Â 384";"B01";"1";"32";"0";"2";"4";"2";"1";""
"202100049992";"112Â 385";"A01";"1";"7";"0";"2";"1";"2";"1";""
"202100049993";"112Â 382";"A01";"3";"7";"1";"2";"5";"1";"1";""
"202100049993";"112Â 383";"B01";"3";"10";"0";"1";"2";"1";"1";""
"202100049994";"112Â 380";"A01";"3";"7";"0";"2";"3";"15";"1";""
"202100049994";"112Â 381";"B01";"3";"99";"0";"2";"0";"0";"0";""
"202100049995";"112Â 379";"A01";"0";"38";"1";"0";"2";"24";"1";"3"
"202100049996";"112Â 376";"C01";"1";"10";"0";"0";"0";"0";"0";""
"202100049996";"112Â 377";"A01";"2";"7";"0";"2";"3";"13";"1";""
"202100049996";"112Â 378";"B01";"1";"7";"0";"2";"0";"0";"2";""
"202100049997";"112Â 374";"A01";"1";"7";"0";"2";"1";"2";"1";""
"202100049997";"112Â 375";"B01";"1";"7";"0";"2";"4";"2";"1";""
"202100049998";"112Â 373";"A01";"1";"7";"0";"1";"1";"2";"1";""