"Num_Acc";"id_vehicule";"num_veh";"senc";"catv";"obs";"obsm";"choc";"manv";"motor";"occutc"
"202100049999";"112Â 371";"A01";"2";"30";"0";"2";"2";"17";"1";""
"202100049999";"112Â 372";"B01";"2";"7";"0";"2";"3";"15";"1";""
"202100050000";"112Â 369";"A01";"0";"7";"0";"2";"1";"2";"1";""
"202100050000";"112Â 370";"B01";"0";"7";"0";"2";"4";"2";"1";""
"202100050001";"112Â 368";"A01";"3";"7";"0";"1";"2";"0";"1";""
"202100050002";"112Â 367";"A01";"1";"32";"12";"0";"7";"1";"1";""
"202100050003";"112Â 365";"A01";"1";"7";"0";"2";"1";"15";"1";""
"202100050003";"112Â 366";"B01";"2";"7";"0";"2";"3";"1";"1";""
"202100050004";"112Â 363";"A01";"1";"7";"0";"2";"7";"15";"0";""
"202100050004";"112Â 364";"B01";"2";"33";"0";"2";"1";"1";"1";""
"202100050005";"112Â 360";"A01";"1";"7";"0";"2";"3";"9";"1";""
"202100050005";"112Â 361";"B01";"1";"1";"0";"2";"1";"1";"5";""
"202100050006";"112Â 359";"A01";"1";"7";"0";"1";"1";"1";"1";""
"202100050007";"112Â 358";"A01";"1";"7";"0";"0";"1";"1";"1";""
"202100050008";"112Â 356";"B01";"1";"10";"0";"2";"3";"9";"1";""
"202100050008";"112Â 357";"A01";"2";"2";"0";"2";"1";"17";"1";""
"202100050009";"112Â 354";"A01";"1";"30";"0";"2";"0";"0";"0";""
"202100050009";"112Â 355";"B01";"2";"30";"0";"2";"0";"0";"0";""
"202100050010";"112Â 352";"B01";"1";"32";"0";"2";"3";"1";"1";""
"202100050010";"112Â 353";"A01";"1";"7";"0";"2";"7";"9";"1";""
"202100050011";"112Â 350";"A01";"3";"7";"0";"2";"1";"9";"1";""
"202100050011";"112Â 351";"B01";"2";"1";"0";"2";"1";"25";"5";""
"202100050012";"112Â 348";"B01";"1";"7";"0";"2";"3";"16";"1";""
"202100050012";"112Â 349";"A01";"2";"30";"0";"2";"1";"1";"1";""
"202100050013";"112Â 345";"A01";"1";"2";"1";"2";"1";"17";"1";""
"202100050013";"112Â 346";"B01";"1";"7";"0";"2";"8";"20";"1";""
"202100050013";"112Â 347";"C01";"1";"7";"0";"2";"7";"24";"1";""
"202100050014";"112Â 344";"A01";"1";"7";"0";"1";"3";"19";"1";""
"202100050015";"112Â 342";"B01";"1";"50";"0";"2";"0";"0";"3";""
"202100050015";"112Â 343";"A01";"1";"7";"0";"2";"0";"26";"2";""
"202100050016";"112Â 340";"A01";"1";"10";"0";"2";"2";"16";"1";""
"202100050016";"112Â 341";"B01";"1";"1";"0";"2";"1";"1";"5";""
"202100050017";"112Â 338";"B01";"3";"7";"0";"2";"4";"2";"0";""
"202100050017";"112Â 339";"A01";"3";"7";"0";"2";"1";"2";"0";""
"202100050018";"112Â 336";"A01";"2";"7";"0";"2";"3";"9";"1";""
"202100050018";"112Â 337";"B01";"2";"7";"0";"2";"2";"1";"1";""
"202100050019";"112Â 335";"A01";"1";"7";"0";"1";"7";"1";"1";""
"202100050020";"112Â 333";"B01";"1";"7";"0";"2";"4";"2";"1";""
"202100050020";"112Â 334";"Z01";"1";"7";"0";"2";"1";"2";"1";""
"202100050021";"112Â 332";"A01";"1";"7";"0";"1";"3";"26";"1";""
"202100050022";"112Â 330";"A01";"1";"7";"0";"2";"3";"9";"1";""
"202100050022";"112Â 331";"B01";"1";"7";"0";"2";"1";"1";"1";""
"202100050023";"112Â 328";"A01";"3";"7";"0";"2";"5";"1";"1";""
"202100050023";"112Â 329";"B01";"2";"7";"0";"2";"1";"1";"1";""
"202100050024";"112Â 326";"A01";"1";"10";"0";"2";"2";"15";"1";""
"202100050024";"112Â 327";"B01";"2";"33";"0";"2";"7";"1";"1";""
"202100050025";"112Â 324";"A01";"3";"7";"0";"2";"1";"15";"1";""
"202100050025";"112Â 325";"Z01";"1";"7";"0";"2";"1";"1";"1";""
"202100050026";"112Â 322";"A01";"3";"7";"0";"2";"7";"12";"1";""
"202100050026";"112Â 323";"B01";"3";"32";"0";"2";"7";"1";"1";""
"202100050027";"112Â 319";"A01";"2";"33";"0";"2";"1";"3";"1";""
"202100050027";"112Â 320";"B01";"1";"7";"0";"2";"1";"15";"1";""
"202100050027";"112Â 321";"C01";"2";"7";"0";"2";"8";"1";"1";""
"202100050028";"112Â 317";"B01";"3";"7";"0";"2";"1";"15";"1";""
"202100050028";"112Â 318";"A01";"3";"10";"0";"2";"2";"1";"1";""
"202100050029";"112Â 316";"A01";"0";"7";"0";"1";"2";"1";"1";""
"202100050030";"112Â 315";"A01";"1";"31";"0";"2";"9";"26";"1";""
"202100050031";"112Â 313";"B01";"3";"10";"0";"2";"8";"1";"1";""
"202100050031";"112Â 314";"A01";"3";"33";"0";"2";"3";"1";"1";""
"202100050032";"112Â 311";"A01";"2";"7";"0";"2";"3";"1";"1";""
"202100050032";"112Â 312";"B01";"1";"2";"0";"2";"1";"1";"1";""
"202100050033";"112Â 309";"B01";"2";"30";"0";"2";"8";"17";"1";""
"202100050033";"112Â 310";"A01";"1";"7";"0";"2";"8";"1";"1";""
"202100050034";"112Â 308";"A01";"1";"7";"0";"1";"2";"1";"1";""
"202100050035";"112Â 306";"B01";"3";"33";"0";"2";"7";"17";"1";""
"202100050035";"112Â 307";"A01";"3";"7";"0";"2";"3";"15";"6";""
"202100050036";"112Â 303";"A01";"2";"7";"0";"2";"1";"1";"1";""
"202100050036";"112Â 304";"B01";"2";"7";"0";"2";"4";"1";"1";""
"202100050036";"112Â 305";"C01";"2";"7";"0";"2";"4";"1";"1";""
"202100050037";"112Â 302";"A01";"1";"99";"6";"0";"1";"16";"3";""
"202100050038";"112Â 299";"A01";"1";"10";"0";"2";"2";"15";"1";""
"202100050038";"112Â 300";"C01";"2";"7";"0";"2";"1";"1";"1";""
"202100050038";"112Â 301";"B01";"2";"7";"0";"2";"1";"0";"1";""
"202100050039";"112Â 297";"B01";"2";"7";"0";"2";"3";"1";"1";""
"202100050039";"112Â 298";"A01";"2";"30";"0";"2";"1";"1";"1";""
"202100050040";"112Â 293";"A01";"3";"7";"0";"2";"1";"18";"1";""
"202100050040";"112Â 294";"B01";"3";"7";"0";"2";"5";"2";"1";""
"202100050041";"112Â 291";"B01";"1";"7";"0";"2";"1";"0";"0";""
"202100050041";"112Â 292";"A01";"1";"31";"0";"2";"1";"17";"1";""
"202100050042";"112Â 289";"A01";"2";"7";"0";"2";"1";"15";"1";""
"202100050042";"112Â 290";"B01";"1";"33";"0";"2";"1";"2";"1";""
"202100050043";"112Â 288";"A01";"2";"7";"8";"0";"1";"14";"1";""
"202100050044";"112Â 286";"A01";"2";"7";"0";"2";"8";"9";"1";""
"202100050044";"112Â 287";"B01";"2";"3";"0";"2";"7";"15";"1";""
"202100050045";"112Â 285";"A01";"2";"7";"0";"1";"1";"26";"1";""
"202100050046";"112Â 283";"A01";"3";"7";"0";"2";"3";"15";"1";""
"202100050046";"112Â 284";"B01";"3";"7";"0";"2";"0";"0";"0";""
"202100050047";"112Â 281";"B01";"3";"30";"0";"2";"1";"1";"1";""
"202100050047";"112Â 282";"A01";"2";"7";"0";"0";"0";"0";"1";""
"202100050048";"112Â 279";"A01";"3";"7";"0";"2";"3";"1";"1";""
"202100050048";"112Â 280";"B01";"3";"7";"0";"2";"1";"1";"1";""
"202100050049";"112Â 277";"A01";"2";"7";"0";"2";"1";"2";"1";""
"202100050049";"112Â 278";"B01";"2";"7";"0";"2";"4";"2";"1";""
"202100050050";"112Â 275";"A01";"2";"1";"0";"2";"4";"14";"5";""
"202100050050";"112Â 276";"B01";"2";"7";"0";"2";"3";"26";"1";""
"202100050051";"112Â 273";"B01";"2";"2";"0";"2";"1";"1";"1";""
"202100050051";"112Â 274";"A01";"1";"7";"0";"2";"2";"19";"1";""
"202100050052";"112Â 272";"A01";"2";"10";"4";"0";"1";"14";"1";""
"202100050053";"112Â 270";"B01";"1";"7";"0";"2";"3";"11";"1";""
"202100050053";"112Â 271";"A01";"2";"33";"0";"2";"7";"3";"1";""
"202100050054";"112Â 269";"A01";"3";"33";"0";"1";"1";"1";"1";""
"202100050055";"112Â 268";"A01";"2";"7";"0";"1";"1";"1";"1";""
"202100050056";"112Â 266";"B01";"2";"33";"0";"2";"2";"17";"1";""
"202100050056";"112Â 267";"A01";"2";"7";"0";"2";"3";"15";"2";""
"202100050057";"112Â 264";"A01";"3";"50";"8";"2";"7";"17";"3";""
"202100050057";"112Â 265";"B01";"3";"1";"0";"2";"8";"13";"5";""
"202100050058";"112Â 262";"A01";"3";"1";"0";"2";"1";"1";"5";""
"202100050058";"112Â 263";"B01";"3";"7";"0";"2";"5";"23";"1";""
"202100050059";"112Â 261";"A01";"2";"31";"0";"1";"1";"1";"1";""
"202100050060";"112Â 259";"A01";"2";"7";"0";"2";"0";"15";"1";""
"202100050060";"112Â 260";"B01";"2";"1";"0";"0";"0";"1";"5";""
"202100050061";"112Â 258";"A01";"2";"7";"0";"1";"1";"10";"2";""
"202100050062";"112Â 256";"B01";"1";"7";"0";"2";"2";"17";"0";""
"202100050062";"112Â 257";"A01";"1";"30";"0";"2";"3";"13";"3";""
"202100050063";"112Â 255";"A01";"0";"50";"12";"0";"1";"9";"3";""
"202100050064";"112Â 253";"A01";"2";"10";"0";"2";"8";"10";"3";""
"202100050064";"112Â 254";"B01";"2";"2";"0";"2";"1";"1";"1";""
"202100050065";"112Â 249";"A01";"2";"10";"0";"2";"2";"22";"1";""
"202100050065";"112Â 250";"B01";"2";"1";"0";"2";"7";"1";"5";""
"202100050066";"112Â 248";"A01";"2";"33";"15";"0";"1";"1";"1";""
"202100050067";"112Â 246";"B01";"1";"1";"0";"2";"8";"1";"0";""
"202100050067";"112Â 247";"A01";"1";"7";"0";"2";"7";"2";"1";""
"202100050068";"112Â 245";"A01";"2";"7";"0";"1";"2";"15";"1";""
"202100050069";"112Â 244";"A01";"1";"30";"12";"0";"3";"18";"1";""
"202100050070";"112Â 242";"B01";"2";"33";"0";"2";"3";"1";"1";""
"202100050070";"112Â 243";"A01";"1";"7";"0";"2";"1";"17";"1";""
"202100050071";"112Â 238";"D01";"3";"7";"0";"2";"3";"16";"3";""
"202100050071";"112Â 239";"C01";"3";"7";"0";"2";"9";"1";"1";""
"202100050071";"112Â 240";"B01";"3";"7";"0";"2";"9";"1";"1";""
"202100050071";"112Â 241";"A01";"3";"10";"0";"2";"1";"1";"1";""
"202100050072";"112Â 236";"B01";"0";"33";"0";"2";"1";"1";"1";""
"202100050072";"112Â 237";"A01";"0";"7";"0";"2";"6";"15";"1";""
"202100050073";"112Â 234";"A01";"0";"30";"0";"2";"1";"1";"0";""
"202100050073";"112Â 235";"B01";"0";"7";"0";"2";"5";"1";"0";""
"202100050074";"112Â 232";"B01";"1";"2";"4";"0";"0";"7";"1";""
"202100050074";"112Â 233";"A01";"1";"7";"0";"2";"0";"16";"1";""
"202100050075";"112Â 227";"B01";"1";"10";"0";"2";"0";"0";"1";""
"202100050075";"112Â 228";"C01";"1";"7";"0";"2";"4";"1";"1";""
"202100050075";"112Â 229";"D01";"1";"10";"0";"2";"4";"1";"1";""
"202100050075";"112Â 230";"E01";"1";"7";"0";"2";"1";"0";"1";""
"202100050075";"112Â 231";"A01";"1";"10";"0";"2";"4";"1";"1";""
"202100050076";"112Â 225";"A01";"1";"7";"1";"0";"3";"15";"1";""
"202100050076";"112Â 226";"B01";"1";"2";"0";"2";"1";"0";"1";""
"202100050077";"112Â 224";"A01";" -1";"32";"0";"1";"1";"1";"1";""
"202100050078";"112Â 222";"B01";"0";"10";"0";"2";"3";"0";"1";""
"202100050078";"112Â 223";"A01";"3";"7";"0";"2";"2";"0";"2";""
"202100050079";"112Â 221";"A01";"1";"7";"0";"1";"2";"20";"1";""
"202100050080";"112Â 218";"A01";"1";"33";"0";"0";"0";"23";"1";""
"202100050080";"112Â 219";"C01";"1";"7";"0";"2";"1";"1";"1";""
"202100050080";"112Â 220";"B01";"1";"7";"0";"2";"1";"2";"1";""
"202100050081";"112Â 217";"A01";"0";"37";"0";"1";"2";"16";"0";"1"
"202100050082";"112Â 216";"X01";"2";"7";"0";"1";"1";"21";"0";""
"202100050083";"112Â 215";"A01";"3";"30";"12";"0";"3";"21";"1";""
"202100050084";"112Â 213";"A01";"3";"7";"0";"2";"8";"22";"0";""
"202100050084";"112Â 214";"B01";"3";"1";"1";"0";"1";"1";"5";""
"202100050085";"112Â 211";"B01";"2";"32";"0";"2";"1";"1";"1";""
"202100050085";"112Â 212";"A01";"1";"7";"0";"2";"3";"9";"1";""
"202100050086";"112Â 209";"B01";"2";"7";"0";"2";"6";"1";"1";""
"202100050086";"112Â 210";"A01";"2";"30";"0";"2";"1";"2";"1";""
"202100050087";"112Â 207";"B01";"1";"7";"0";"2";"4";"1";"1";""
"202100050087";"112Â 208";"A01";"1";"10";"0";"2";"1";"2";"1";""
"202100050088";"112Â 205";"A01";"1";"30";"0";"2";"3";"1";"1";""
"202100050088";"112Â 206";"B01";"2";"30";"0";"2";"1";"1";"1";""
"202100050089";"112Â 203";"B01";"3";"60";"0";"2";"1";"25";"5";""
"202100050089";"112Â 204";"A01";"1";"7";"0";"2";"3";"23";"1";""
"202100050090";"112Â 202";"A01";"3";"99";"16";"0";"0";"1";"1";""
"202100050091";"112Â 200";"A01";"1";"33";"0";"2";"1";"1";"1";""
"202100050091";"112Â 201";"B01";"1";"7";"0";"2";"5";"23";"1";""
"202100050092";"112Â 198";"B01";"2";"33";"12";"0";"1";"17";"1";""
"202100050092";"112Â 199";"A01";"2";"80";"12";"0";"4";"15";"3";""
"202100050093";"112Â 196";"A01";"3";"7";"0";"2";"8";"2";"2";""
"202100050093";"112Â 197";"B01";"0";"33";"0";"2";"7";"2";"1";""
"202100050094";"112Â 195";"A01";"2";"7";"0";"1";"2";"1";"1";""
"202100050095";"112Â 193";"B01";"3";"2";"0";"2";"1";"1";"1";""
"202100050095";"112Â 194";"A01";"3";"7";"0";"2";"7";"1";"1";""
"202100050096";"112Â 192";"A01";"1";"7";"7";"0";"2";"0";"1";""
"202100050097";"112Â 191";"A01";"0";"36";"15";"0";"3";"1";"1";""
"202100050098";"112Â 189";"B01";"1";"7";"2";"2";"3";"1";"1";""
"202100050098";"112Â 190";"A01";"2";"7";"0";"2";"3";"1";"1";""
"202100050099";"112Â 187";"B01";"2";"33";"0";"2";"7";"1";"1";""
"202100050099";"112Â 188";"A01";"2";"7";"0";"2";"2";"15";"1";""
"202100050100";"112Â 185";"B01";"1";"31";"0";"2";"1";"1";"1";""
"202100050100";"112Â 186";"A01";"1";"2";"0";"2";"4";"15";"1";""
"202100050101";"112Â 183";"A01";"2";"7";"6";"2";"1";"13";"1";""
"202100050101";"112Â 184";"B01";"1";"10";"3";"2";"1";"1";"1";""
"202100050102";"112Â 181";"A01";"2";"10";"0";"0";"6";"2";"1";""
"202100050102";"112Â 182";"B01";"2";"32";"0";"2";"1";"2";"1";""
"202100050103";"112Â 179";"A01";"1";"2";"0";"2";"2";"17";"1";""
"202100050103";"112Â 180";"B01";"1";"7";"0";"2";"3";"15";"1";""
"202100050104";"112Â 177";"A01";"1";"2";"0";"2";"1";"2";"1";""
"202100050104";"112Â 178";"B01";"1";"7";"0";"0";"6";"2";"1";""
"202100050105";"112Â 175";"A01";"2";"17";"0";"0";"4";"1";"1";""
"202100050105";"112Â 176";"B01";"2";"33";"0";"0";"1";"1";"1";""
"202100050106";"112Â 173";"A01";"1";"2";"0";"2";"1";"1";"1";""
"202100050106";"112Â 174";"B01";"2";"7";"0";"2";"7";"15";"1";""
"202100050107";"112Â 172";"A01";"3";"7";"8";"0";"1";"14";"1";""
"202100050108";"112Â 170";"B01";"3";"1";"0";"2";"2";"19";"5";""
"202100050108";"112Â 171";"A01";"1";"7";"0";"2";"1";"1";"1";""
"202100050109";"112Â 169";"A01";"2";"7";"0";"1";"3";"15";"1";""
"202100050110";"112Â 167";"A01";"1";"7";"0";"2";"2";"15";"1";""
"202100050110";"112Â 168";"B01";"1";"33";"0";"2";"1";"1";"1";""
"202100050111";"112Â 166";"A01";"2";"7";"2";"0";"2";"1";"1";""
"202100050112";"112Â 164";"B01";"2";"7";"0";"9";"3";"15";"1";""
"202100050112";"112Â 165";"A01";"1";"33";"0";"2";"2";"1";"1";""
"202100050113";"112Â 162";"B01";"1";"7";"0";"2";"2";"1";"1";""
"202100050113";"112Â 163";"A01";"3";"7";"0";"2";"3";"15";"1";""
"202100050114";"112Â 160";"B01";"2";"7";"0";"0";"1";"1";"1";""
"202100050114";"112Â 161";"A01";"1";"7";"0";"2";"3";"15";"1";""
"202100050115";"112Â 159";"A01";"1";"7";"3";"0";"2";"1";"1";""
"202100050116";"112Â 157";"A01";"1";"17";"0";"2";"5";"1";"1";""
"202100050116";"112Â 158";"B01";"1";"7";"4";"2";"3";"12";"1";""
"202100050117";"112Â 156";"A01";"3";"7";"0";"1";"2";"16";"1";""
"202100050118";"112Â 151";"D01";"2";"7";"0";"2";"2";"1";"1";""
"202100050118";"112Â 152";"E01";"2";"7";"0";"0";"0";"1";"1";""
"202100050118";"112Â 153";"C01";"2";"7";"0";"2";"1";"1";"1";""
"202100050118";"112Â 154";"B01";"2";"7";"3";"2";"3";"1";"1";""
"202100050118";"112Â 155";"A01";"2";"7";"0";"0";"0";"11";"1";""
"202100050119";"112Â 148";"B01";"1";"15";"3";"2";"2";"1";"1";""
"202100050119";"112Â 149";"A01";"1";"7";"0";"2";"1";"9";"3";""
"202100050119";"112Â 150";"C01";"1";"15";"0";"2";"4";"1";"1";""
"202100050120";"112Â 146";"A01";"1";"7";"0";"2";"1";"14";"1";""
"202100050120";"112Â 147";"B01";"1";"38";"0";"0";"4";"1";"1";"14"
"202100050121";"112Â 142";"A01";"2";"7";"0";"2";"3";"1";"1";""
"202100050121";"112Â 143";"B01";"1";"33";"0";"2";"1";"1";"1";""
"202100050122";"112Â 141";"A01";"0";"7";"0";"1";"2";"0";"1";""
"202100050123";"112Â 138";"A01";"3";"7";"0";"0";"9";"1";"1";""
"202100050124";"112Â 136";"B01";"3";"7";"0";"2";"1";"1";"1";""
"202100050124";"112Â 137";"A01";"3";"7";"0";"2";"4";"1";"1";""
"202100050125";"112Â 134";"C01";"3";"1";"0";"2";"9";"15";" -1";""
"202100050125";"112Â 135";"A01";"3";"10";"0";"2";"2";"1";"1";""
"202100050126";"112Â 132";"B01";"0";"7";"0";"0";"1";"21";"1";""
"202100050126";"112Â 133";"A01";"0";"7";"0";"0";"1";"17";"1";""
"202100050127";"112Â 131";"A01";"3";"2";"0";"1";"1";"1";"1";""
"202100050128";"112Â 128";"C01";"2";"7";"0";"2";"1";"2";"1";""
"202100050128";"112Â 129";"B01";"2";"7";"0";"2";"4";"2";"1";""
"202100050128";"112Â 130";"A01";"2";"10";"0";"2";"4";"2";"1";""
"202100050129";"112Â 126";"T01";"1";"10";"0";"0";"0";"0";"1";""
"202100050129";"112Â 127";"A01";"1";"7";"6";"2";"8";"1";"1";""
"202100050130";"112Â 124";"A01";"2";"7";"0";"2";"4";"1";"1";""
"202100050130";"112Â 125";"B01";"2";"7";"0";"2";"1";"1";"1";""
"202100050131";"112Â 122";"A01";"1";"33";"0";"2";"1";"3";"1";""
"202100050131";"112Â 123";"B01";"1";"7";"0";"2";"3";"11";"1";""
"202100050132";"112Â 119";"A01";"1";"10";"0";"2";"1";"21";"1";""
"202100050132";"112Â 120";"B01";"1";"33";"0";"2";"1";"21";"1";""
"202100050132";"112Â 121";"C01";"1";"7";"0";"2";"3";"2";"1";""
"202100050133";"112Â 117";"A01";"1";"7";"0";"2";"1";"2";"1";""
"202100050133";"112Â 118";"B01";"1";"17";"0";"2";"4";"2";"1";""
"202100050134";"112Â 115";"A01";"1";"31";"0";"2";"3";"3";"1";""
"202100050134";"112Â 116";"B01";"1";"7";"0";"2";"5";"2";"0";""
"202100050135";"112Â 113";"B01";"1";"7";"0";"2";"4";"1";"1";""
"202100050135";"112Â 114";"A01";"1";"33";"0";"2";"1";"13";"1";""
"202100050136";"112Â 108";"A01";"1";"10";"0";"2";"1";"2";"1";""
"202100050136";"112Â 109";"B01";"1";"7";"0";"2";"4";"2";"1";""
"202100050136";"112Â 110";"C01";"1";"7";"0";"2";"4";"2";"1";""
"202100050136";"112Â 111";"D01";"1";"7";"0";"2";"4";"2";"1";""
"202100050136";"112Â 112";"E01";"1";"7";"0";"2";"4";"2";"1";""
"202100050137";"112Â 106";"A01";"2";"7";"0";"2";"1";"1";"1";""
"202100050137";"112Â 107";"B01";"2";"7";"0";"2";"4";"1";"1";""
"202100050138";"112Â 102";"B01";"1";"7";"0";"2";"4";"2";"1";""
"202100050138";"112Â 103";"A01";"1";"7";"0";"2";"1";"2";"1";""
"202100050138";"112Â 104";"D01";"1";"15";"0";"2";"2";"2";"1";""
"202100050138";"112Â 105";"C01";"1";"7";"0";"2";"4";"1";"1";""
"202100050139";"112Â 100";"A01";"2";"14";"0";"2";"1";"2";"1";""
"202100050139";"112Â 101";"B01";"2";"7";"0";"2";"4";"2";"1";""
"202100050140";"112Â 099";"A01";"1";"7";"3";"0";"1";"1";"1";""
"202100050141";"112Â 097";"B01";"3";"7";"0";"2";"3";"1";"1";""
"202100050141";"112Â 098";"A01";"3";"7";"0";"2";"3";"13";"1";""
"202100050142";"112Â 094";"A01";"3";"10";"0";"2";"1";"1";"0";""
"202100050142";"112Â 095";"B01";"3";"10";"0";"2";"4";"1";"0";""
"202100050142";"112Â 096";"C01";"3";"10";"0";"2";"4";"0";"1";""
"202100050143";"112Â 092";"B01";"3";"1";"0";"2";"2";"0";"5";""
"202100050143";"112Â 093";"A01";"3";"7";"0";"9";"3";"9";"3";""
"202100050144";"112Â 090";"B01";"1";"2";"0";"2";"8";"1";"1";""
"202100050144";"112Â 091";"A01";"1";"99";"0";"2";"2";"16";"6";""
"202100050145";"112Â 088";"B01";"2";"50";"0";"2";"1";"1";"3";""
"202100050145";"112Â 089";"A01";"1";"1";"0";"2";"1";"15";"5";""
"202100050146";"112Â 086";"B01";"1";"2";"0";"2";"1";"1";"1";""
"202100050146";"112Â 087";"A01";"2";"7";"0";"2";"1";"15";"1";""
"202100050147";"112Â 085";"A01";"1";"7";"0";"1";"2";"1";"1";""
"202100050148";"112Â 083";"B01";"3";"7";"1";"2";"7";"15";"1";""
"202100050148";"112Â 084";"A01";"2";"10";"0";"2";"1";"1";"3";""
"202100050149";"112Â 082";"A01";"2";"15";"9";"0";"7";"16";"1";""
"202100050150";"112Â 080";"A01";"1";"30";"0";"2";"1";"9";"1";""
"202100050150";"112Â 081";"B01";"1";"7";"0";"2";"6";"1";"1";""
"202100050151";"112Â 076";"D01";"2";"7";"0";"0";"6";"2";"1";""
"202100050151";"112Â 077";"C01";"2";"7";"0";"2";"9";"1";"1";""
"202100050151";"112Â 078";"B01";"2";"7";"15";"0";"8";"2";"1";""
"202100050151";"112Â 079";"A01";"2";"7";"0";"2";"3";"2";"1";""
"202100050152";"112Â 075";"A01";"1";"7";"0";"1";"1";"1";"1";""
"202100050153";"112Â 073";"B01";"3";"7";"0";"2";"8";"26";"1";""
"202100050153";"112Â 074";"A01";"3";"33";"0";"2";"1";"17";"1";""
"202100050154";"112Â 071";"B01";"1";"7";"0";"2";"3";"1";"1";""
"202100050154";"112Â 072";"A01";"1";"7";"0";"2";"3";"13";"1";""
"202100050155";"112Â 069";"B01";"2";"7";"0";"2";"2";"15";"1";""
"202100050155";"112Â 070";"A01";"1";"7";"0";"2";"3";"1";"1";""
"202100050156";"112Â 067";"B01";"0";"33";"0";"2";"5";"1";"1";""
"202100050156";"112Â 068";"A01";"2";"10";"0";"2";"3";"16";"1";""
"202100050157";"112Â 065";"B01";"1";"33";"0";"2";"4";"2";"1";""
"202100050157";"112Â 066";"A01";"1";"7";"0";"2";"3";"1";"1";""
"202100050158";"112Â 064";"A01";"0";"37";"0";"1";"3";"26";"1";"1"
"202100050159";"112Â 062";"B01";"2";"7";"0";"2";"3";"1";"1";""
"202100050159";"112Â 063";"A01";"1";"7";"0";"2";"3";"13";"1";""
"202100050160";"112Â 057";"A01";"1";"10";"0";"1";"7";"0";"1";""
"202100050161";"112Â 055";"A01";"3";"15";"0";"2";"3";"2";"1";""
"202100050161";"112Â 056";"B01";"3";"7";"0";"2";"4";"21";"1";""
"202100050162";"112Â 053";"A01";"1";"7";"0";"2";"3";"13";"1";""
"202100050162";"112Â 054";"B01";"2";"7";"0";"2";"3";"0";"1";""
"202100050163";"112Â 051";"A01";"0";"7";"0";"2";"3";"0";"1";""
"202100050163";"112Â 052";"B01";"0";"33";"0";"2";"7";"0";"1";""
"202100050164";"112Â 049";"A01";"2";"7";"0";"2";"1";"15";"1";""
"202100050164";"112Â 050";"B01";"1";"33";"0";"2";"1";"1";"1";""
"202100050165";"112Â 047";"B01";"1";"7";"0";"2";"8";"15";"1";""
"202100050165";"112Â 048";"A01";"1";"7";"0";"2";"1";"2";"1";""
"202100050166";"112Â 046";"A01";"3";"50";"0";"1";"0";"0";"3";""
"202100050167";"112Â 044";"B01";"1";"7";"0";"2";"1";"1";"1";""
"202100050167";"112Â 045";"A01";"1";"7";"0";"2";"1";"9";"1";""
"202100050168";"112Â 042";"A01";"3";"7";"0";"2";"1";"2";"1";""
"202100050168";"112Â 043";"B01";"3";"7";"0";"2";"6";"2";"1";""
"202100050169";"112Â 041";"A01";"1";"7";"0";"2";"1";"1";"1";""
"202100050170";"112Â 039";"B01";"1";"7";"0";"2";"3";"1";"1";""
"202100050170";"112Â 040";"A01";"1";"2";"0";"2";"1";"16";"1";""
"202100050171";"112Â 037";"B01";"2";"30";"0";"2";"1";"2";"1";""
"202100050171";"112Â 038";"A01";"2";"33";"0";"2";"4";"2";"1";""
"202100050172";"112Â 036";"A01";"1";"10";"0";"1";"1";"16";"1";""
"202100050173";"112Â 034";"B01";"0";"7";"0";"2";"5";"1";"1";""
"202100050173";"112Â 035";"A01";"0";"31";"0";"2";"1";"1";"1";""
"202100050174";"112Â 032";"B01";"0";"1";"0";"0";"2";"0";"5";""
"202100050174";"112Â 033";"A01";"0";"3";"0";"2";"2";"26";"1";""
"202100050175";"112Â 029";"B01";"2";"7";"1";"0";"3";"1";"1";""
"202100050175";"112Â 030";"C01";"3";"7";"0";"2";"5";"24";"1";""
"202100050175";"112Â 031";"A01";"2";"7";"7";"2";"1";"1";"1";""
"202100050176";"112Â 028";"A01";"1";"7";"6";"2";"1";"15";"1";""
"202100050177";"112Â 027";"A01";"1";"7";"13";"0";"3";"13";"1";""
"202100050178";"112Â 025";"B01";"1";"2";"0";"2";"7";"15";"1";""
"202100050178";"112Â 026";"A01";"2";"7";"0";"2";"4";"4";"1";""
"202100050179";"112Â 024";"A01";"2";"36";"12";"0";"4";"4";"1";""
"202100050180";"112Â 022";"A01";"3";"7";"0";"2";"1";"2";"1";""
"202100050180";"112Â 023";"B01";"3";"7";"0";"1";"4";"2";"1";""
"202100050181";"112Â 021";"A01";"3";"7";"4";"0";"9";"1";"1";""
"202100050182";"112Â 019";"B01";"3";"7";"0";"2";"1";"1";"1";""
"202100050182";"112Â 020";"A01";"3";"7";"0";"2";"7";"1";"1";""
"202100050183";"112Â 017";"A01";"1";"15";"0";"2";"3";"2";"1";""
"202100050183";"112Â 018";"B01";"1";"7";"0";"2";"4";"23";"1";""
"202100050184";"112Â 015";"B01";"1";"37";"0";"2";"7";"26";"1";"1"
"202100050184";"112Â 016";"A01";"1";"33";"0";"2";"8";"18";"1";""
"202100050185";"112Â 011";"D01";"1";"10";"0";"2";"4";"1";"1";""
"202100050185";"112Â 012";"A01";"1";"10";"0";"2";"1";"2";"1";""
"202100050185";"112Â 013";"B01";"1";"7";"0";"2";"4";"1";"1";""