"Num_Acc";"id_vehicule";"num_veh";"senc";"catv";"obs";"obsm";"choc";"manv";"motor";"occutc"
"202100050185";"112Â 014";"C01";"1";"7";"0";"2";"4";"1";"1";""
"202100050186";"112Â 009";"B01";"2";"7";"0";"2";"1";"2";"1";""
"202100050186";"112Â 010";"A01";"2";"30";"0";"2";"4";"2";"1";""
"202100050187";"112Â 008";"A01";"0";"10";"2";"0";"1";"26";"1";""
"202100050188";"112Â 006";"A01";"3";"31";"0";"2";"1";"1";"1";""
"202100050188";"112Â 007";"B01";"3";"7";"0";"2";"7";"12";"1";""
"202100050189";"112Â 004";"A01";"1";"7";"0";"2";"1";"15";"1";""
"202100050189";"112Â 005";"B01";"2";"1";"0";"2";"1";"15";"0";""
"202100050190";"112Â 002";"B01";"3";"32";"0";"2";"7";"17";"1";""
"202100050190";"112Â 003";"A01";"3";"7";"0";"2";"3";"15";"1";""
"202100050191";"112Â 000";"A01";"1";"7";"0";"2";"1";"15";"1";""
"202100050191";"112Â 001";"B01";"2";"2";"0";"2";"1";"1";"1";""
"202100050192";"111Â 998";"A01";"2";"7";"0";"2";"1";"15";"1";""
"202100050192";"111Â 999";"B01";"1";"33";"0";"2";"1";"1";"1";""
"202100050193";"111Â 997";"A01";"3";"99";"0";"1";"4";"20";"1";""
"202100050194";"111Â 996";"A01";"0";"7";"8";"0";"1";"13";"1";""
"202100050195";"111Â 995";"A01";"1";"7";"0";"1";"2";"26";"1";""
"202100050196";"111Â 993";"A01";"3";"7";"0";"2";"1";"26";"1";""
"202100050196";"111Â 994";"B01";"3";"7";"0";"2";"8";"1";"1";""
"202100050197";"111Â 991";"B01";"2";"7";"0";"2";"7";"1";"1";""
"202100050197";"111Â 992";"A01";"2";"7";"0";"2";"1";"1";"1";""
"202100050198";"111Â 988";"C01";"1";"7";"0";"2";"4";"20";"1";""
"202100050198";"111Â 989";"B01";"1";"7";"0";"2";"4";"23";"1";""
"202100050198";"111Â 990";"A01";"1";"7";"0";"2";"4";"2";"1";""
"202100050199";"111Â 984";"A01";"3";"7";"0";"2";"2";"15";"1";""
"202100050199";"111Â 985";"B01";"3";"7";"0";"2";"3";"1";"1";""
"202100050200";"111Â 982";"B01";"1";"1";"0";"2";"1";"1";"5";""
"202100050200";"111Â 983";"A01";"1";"7";"0";"2";"8";"15";"1";""
"202100050201";"111Â 979";"A01";"1";"7";"0";"2";"3";"9";"1";""
"202100050201";"111Â 980";"B01";"1";"7";"1";"2";"2";"1";"1";""
"202100050201";"111Â 981";"C01";"1";"10";"0";"2";"5";"23";"1";""
"202100050202";"111Â 977";"B01";"2";"1";"0";"2";"4";"2";"5";""
"202100050202";"111Â 978";"A01";"2";"7";"0";"2";"1";"2";"1";""
"202100050203";"111Â 976";"A01";"3";"7";"0";"1";"2";"1";"1";""
"202100050204";"111Â 975";"A01";"3";"7";"0";"1";"1";"1";"1";""
"202100050205";"111Â 973";"B01";"2";"7";"0";"2";"4";"2";"1";""
"202100050205";"111Â 974";"A01";"2";"7";"0";"2";"1";"26";"1";""
"202100050206";"111Â 971";"B01";"2";"7";"0";"2";"1";"26";"1";""
"202100050206";"111Â 972";"A01";"2";"31";"0";"2";"4";"26";"1";""
"202100050207";"111Â 970";"A01";"2";"33";"0";"2";"8";"1";"1";""
"202100050208";"111Â 968";"Z01";"1";"7";"0";"2";"3";"11";"1";""
"202100050208";"111Â 969";"A01";"1";"43";"0";"2";"2";"1";"1";""
"202100050209";"111Â 966";"A01";"2";"43";"0";"2";"2";"1";"1";""
"202100050209";"111Â 967";"B01";"1";"7";"0";"2";"3";"9";"1";""
"202100050210";"111Â 965";"A01";"0";"30";"0";"0";"0";"1";"1";""
"202100050211";"111Â 961";"D01";"1";"7";"0";"2";"2";"1";"1";""
"202100050211";"111Â 962";"C01";"1";"7";"0";"2";"4";"23";"1";""
"202100050211";"111Â 963";"B01";"1";"10";"0";"2";"4";"23";"1";""
"202100050211";"111Â 964";"A01";"1";"7";"0";"2";"4";"23";"1";""
"202100050212";"111Â 960";"A01";"2";"13";"0";"1";"2";"1";"1";""
"202100050213";"111Â 958";"Z01";"2";"7";"0";"2";"0";"1";"1";""
"202100050213";"111Â 959";"A01";"2";"30";"0";"2";"8";"1";"1";""
"202100050214";"111Â 956";"B01";"2";"7";"0";"2";"2";"16";"1";""
"202100050214";"111Â 957";"A01";"2";"32";"0";"2";"3";"18";"1";""
"202100050215";"111Â 954";"B01";"1";"7";"0";"2";"8";"1";"1";""
"202100050215";"111Â 955";"A01";"1";"2";"0";"2";"2";"17";"1";""
"202100050216";"111Â 952";"A01";"2";"10";"0";"2";"3";"1";"1";""
"202100050216";"111Â 953";"B01";"2";"1";"0";"2";"8";"1";"5";""
"202100050217";"111Â 951";"A01";"2";"1";"0";"0";"0";"1";"5";""
"202100050218";"111Â 950";"A01";"3";"10";"0";"1";"4";"4";"1";""
"202100050219";"111Â 948";"A01";"1";"7";"0";"2";"2";"15";"1";""
"202100050219";"111Â 949";"B01";"2";"2";"0";"2";"1";"1";"1";""
"202100050220";"111Â 946";"B01";"3";"34";"0";"2";"5";"23";"1";""
"202100050220";"111Â 947";"A01";"3";"10";"0";"2";"3";"15";"1";""
"202100050221";"111Â 944";"B01";"1";"2";"0";"2";"2";"17";"1";""
"202100050221";"111Â 945";"A01";"1";"7";"0";"2";"3";"13";"1";""
"202100050222";"111Â 942";"B01";"2";"7";"0";"2";"3";"1";"2";""
"202100050222";"111Â 943";"A01";"1";"1";"0";"2";"2";"1";"5";""
"202100050223";"111Â 940";"A01";"1";"7";"0";"2";"7";"1";"1";""
"202100050223";"111Â 941";"B01";"1";"33";"0";"2";"3";"3";"1";""
"202100050224";"111Â 937";"B01";"2";"7";"0";"2";"2";"15";"1";""
"202100050224";"111Â 938";"A01";"2";"2";"0";"2";"2";"17";"1";""
"202100050224";"111Â 939";"C01";"2";"7";"0";"2";"1";"0";"1";""
"202100050225";"111Â 935";"B01";"1";"7";"0";"2";"8";"10";"1";""
"202100050225";"111Â 936";"A01";"2";"33";"0";"2";"3";"1";"0";""
"202100050226";"111Â 933";"B01";"2";"37";"0";"1";"6";"24";"1";"1"
"202100050226";"111Â 934";"A01";"2";"7";"0";"1";"2";"1";"1";""
"202100050227";"111Â 932";"A01";"3";"1";"0";"0";"0";"0";"6";""
"202100050228";"111Â 930";"B01";"2";"7";"0";"2";"4";"23";"1";""
"202100050228";"111Â 931";"A01";"2";"7";"0";"2";"1";"1";"0";""
"202100050229";"111Â 928";"Z01";"1";"10";"0";"0";"4";"2";"0";""
"202100050229";"111Â 929";"A01";"1";"30";"0";"2";"1";"2";"3";""
"202100050230";"111Â 926";"A01";" -1";"7";"0";"2";"3";"1";"1";""
"202100050230";"111Â 927";"B01";" -1";"30";"0";"2";"1";"16";"0";""
"202100050231";"111Â 925";"A01";"1";"99";"0";"1";"1";"1";"1";""
"202100050232";"111Â 924";"A01";"3";"7";"0";"1";"2";"1";"1";""
"202100050233";"111Â 923";"A01";"1";"99";"0";"1";"8";"21";"0";""
"202100050234";"111Â 921";"B01";"1";"32";"0";"2";"0";"2";"1";""
"202100050234";"111Â 922";"A01";"1";"33";"0";"2";"7";"23";"1";""
"202100050235";"111Â 919";"B01";"3";"7";"0";"2";"2";"0";"0";""
"202100050235";"111Â 920";"A01";"0";"7";"0";"2";"6";"9";"0";""
"202100050236";"111Â 917";"B01";"1";"7";"0";"2";"1";"19";"1";""
"202100050236";"111Â 918";"A01";" -1";"7";"0";"2";"1";"1";"1";""
"202100050237";"111Â 916";"A01";"1";"7";"0";"0";"9";"1";"1";""
"202100050238";"111Â 914";"B01";"1";"7";"0";"2";"7";"12";"1";""
"202100050238";"111Â 915";"A01";"1";"33";"0";"2";"8";"12";"1";""
"202100050239";"111Â 912";"A01";"3";"7";"0";"2";"3";"9";"1";""
"202100050239";"111Â 913";"B01";"0";"33";"0";"2";"1";"1";"1";""
"202100050240";"111Â 910";"B01";"2";"33";"0";"2";"1";"2";"1";""
"202100050240";"111Â 911";"A01";"2";"7";"0";"2";"5";"1";"1";""
"202100050241";"111Â 908";"B01";"2";"10";"0";"2";"3";"15";"1";""
"202100050241";"111Â 909";"A01";"2";"30";"0";"2";"2";"17";"1";""
"202100050242";"111Â 907";"A01";"1";"7";"0";"1";"2";"9";"1";""
"202100050243";"111Â 906";"A01";"2";"10";"0";"1";"2";"16";"1";""
"202100050244";"111Â 905";"A01";"1";"36";"0";"0";"0";"0";"1";""
"202100050245";"111Â 904";"A01";"2";"7";"3";"0";"7";"1";"1";""
"202100050246";"111Â 902";"A01";"1";"7";"0";"2";"2";"2";"1";""
"202100050246";"111Â 903";"B01";"1";"33";"0";"0";"4";"2";"1";""
"202100050247";"111Â 901";"A01";"1";"7";"2";"0";"1";"0";"1";""
"202100050248";"111Â 900";"A01";"1";"1";"0";"0";"0";"1";"5";""
"202100050249";"111Â 898";"B01";"1";"7";"0";"0";"6";"1";"1";""
"202100050249";"111Â 899";"A01";"3";"33";"0";"2";"1";"19";"1";""
"202100050250";"111Â 897";"A01";"2";"1";"9";"0";"1";"1";"5";""
"202100050251";"111Â 895";"A01";"1";"7";"0";"2";"3";"13";"1";""
"202100050251";"111Â 896";"B01";"2";"33";"0";"2";"1";"1";"1";""
"202100050252";"111Â 894";"A01";"2";"7";"0";"1";"3";"1";"1";""
"202100050253";"111Â 891";"C01";"2";"7";"0";"2";"5";"1";"1";""
"202100050253";"111Â 892";"B01";"1";"33";"0";"2";"1";"1";"1";""
"202100050253";"111Â 893";"A01";"1";"2";"0";"2";"4";"13";"1";""
"202100050254";"111Â 890";"A01";"0";"1";"6";"0";"8";"16";"5";""
"202100050255";"111Â 888";"B01";"3";"7";"0";"2";"1";"19";"1";""
"202100050255";"111Â 889";"A01";"2";"7";"0";"2";"8";"1";"1";""
"202100050256";"111Â 887";"A01";"0";"7";"0";"1";"0";"1";"1";""
"202100050257";"111Â 885";"A01";"1";"31";"0";"2";"2";"1";"1";""
"202100050257";"111Â 886";"B01";"2";"7";"0";"2";"3";"15";"1";""
"202100050258";"111Â 883";"B01";"1";"33";"0";"2";"1";"1";"1";""
"202100050258";"111Â 884";"A01";"2";"10";"0";"2";"7";"19";"1";""
"202100050259";"111Â 881";"B01";"2";"7";"0";"2";"3";"1";"1";""
"202100050259";"111Â 882";"A01";"1";"7";"0";"2";"1";"13";"0";""
"202100050260";"111Â 880";"A01";"2";"7";"13";"0";"0";"1";"1";""
"202100050261";"111Â 878";"A01";"1";"7";"6";"2";"1";"1";"1";""
"202100050261";"111Â 879";"B01";"1";"7";"12";"2";"8";"0";"1";""
"202100050262";"111Â 877";"A01";"2";"33";"0";"0";"0";"14";"0";""
"202100050263";"111Â 876";"A01";"2";"7";"13";"0";"9";"1";"1";""
"202100050264";"111Â 874";"A01";"3";"2";"0";"2";"3";"1";"1";""
"202100050264";"111Â 875";"B01";"3";"7";"0";"2";"8";"1";"1";""
"202100050265";"111Â 873";"A01";"1";"7";"2";"0";"1";"1";"1";""
"202100050266";"111Â 871";"A01";"2";"7";"0";"2";"3";"15";"1";""
"202100050266";"111Â 872";"B01";"1";"33";"0";"2";"1";"1";"1";""
"202100050267";"111Â 868";"A01";"1";"10";"0";"1";"1";"1";"1";""
"202100050268";"111Â 866";"B01";"3";"7";"15";"2";"7";"21";"1";""
"202100050268";"111Â 867";"A01";"2";"7";"0";"2";"1";"19";"1";""
"202100050269";"111Â 865";"A01";"1";"7";"3";"0";"0";"1";"1";""
"202100050270";"111Â 864";"A01";"1";"7";"2";"6";"1";"0";"1";""
"202100050271";"111Â 859";"A01";"1";"17";"3";"0";"3";"1";"1";""
"202100050271";"111Â 860";"B01";"1";"10";"0";"9";"1";"2";"1";""
"202100050272";"111Â 858";"A01";"2";"33";"3";"0";"1";"9";"1";""
"202100050273";"111Â 856";"A01";"0";"33";"0";"0";"1";"17";"1";""
"202100050273";"111Â 857";"B01";"0";"7";"0";"0";"6";"15";"1";""
"202100050274";"111Â 854";"A01";"1";"33";"0";"2";"1";"1";"1";""
"202100050274";"111Â 855";"B01";"1";"7";"0";"0";"6";"1";"1";""
"202100050275";"111Â 852";"B01";"1";"17";"0";"0";"6";"1";"1";""
"202100050275";"111Â 853";"A01";"1";"7";"0";"2";"1";"1";"1";""
"202100050276";"111Â 850";"B01";"2";"99";"0";"2";"0";"17";"0";""
"202100050276";"111Â 851";"A01";"2";"7";"0";"0";"6";"2";"1";""
"202100050277";"111Â 848";"A01";"1";"7";"0";"2";"3";"13";"1";""
"202100050277";"111Â 849";"B01";"2";"7";"0";"2";"8";"1";"1";""
"202100050278";"111Â 846";"B01";"1";"1";"0";"2";"1";"1";"5";""
"202100050278";"111Â 847";"A01";"2";"7";"0";"9";"3";"1";"1";""
"202100050279";"111Â 844";"B01";"1";"7";"0";"0";"3";"1";"1";""
"202100050279";"111Â 845";"A01";"2";"7";"0";"0";"3";"13";"1";""
"202100050280";"111Â 839";"A01";"1";"7";"0";"2";"1";"0";"1";""
"202100050280";"111Â 840";"B01";"2";"7";"0";"2";"1";"1";"1";""
"202100050280";"111Â 841";"C01";"2";"7";"0";"2";"3";"2";"1";""
"202100050281";"111Â 838";"A01";"1";"33";"0";"6";"1";"21";"1";""
"202100050282";"111Â 835";"A01";"2";"2";"0";"2";"6";"1";"1";""
"202100050282";"111Â 836";"B01";"2";"2";"0";"0";"4";"1";"1";""
"202100050282";"111Â 837";"C01";"1";"15";"0";"9";"6";"1";"1";""
"202100050283";"111Â 833";"B01";"1";"7";"0";"2";"8";"9";"1";""
"202100050283";"111Â 834";"A01";"1";"7";"0";"2";"1";"1";"1";""
"202100050284";"111Â 831";"A01";"1";"7";"0";"2";"1";"2";"1";""
"202100050284";"111Â 832";"B01";"1";"7";"0";"2";"4";"2";"1";""
"202100050285";"111Â 828";"C01";"1";"33";"0";"2";"1";"1";"1";""
"202100050285";"111Â 829";"B01";"1";"7";"0";"2";"4";"1";"1";""
"202100050285";"111Â 830";"A01";"1";"7";"0";"2";"6";"1";"1";""
"202100050286";"111Â 826";"B01";"2";"7";"0";"2";"4";"2";"1";""
"202100050286";"111Â 827";"A01";"2";"33";"0";"2";"1";"2";"1";""
"202100050287";"111Â 821";"A01";"1";"7";"0";"2";"4";"1";"1";""
"202100050287";"111Â 822";"B01";"1";"7";"0";"2";"4";"1";"1";""
"202100050287";"111Â 823";"C01";"1";"7";"0";"2";"4";"1";"1";""
"202100050287";"111Â 824";"D01";"1";"7";"0";"2";"4";"1";"1";""
"202100050287";"111Â 825";"E01";"1";"10";"0";"2";"3";"14";"6";""
"202100050288";"111Â 817";"A01";"2";"7";"0";"2";"1";"26";"1";""
"202100050288";"111Â 818";"B01";"1";"10";"0";"2";"5";"1";"1";""
"202100050288";"111Â 819";"C01";"1";"7";"0";"2";"6";"1";"1";""
"202100050288";"111Â 820";"D01";"1";"10";"0";"2";"8";"1";"1";""
"202100050289";"111Â 815";"A01";"2";"7";"0";"2";"2";"12";"1";""
"202100050289";"111Â 816";"B01";"2";"34";"0";"2";"3";"3";"1";""
"202100050290";"111Â 813";"A01";"1";"10";"1";"0";"1";"14";"1";""
"202100050290";"111Â 814";"B01";"1";"17";"1";"0";"4";"24";"1";""
"202100050291";"111Â 811";"A01";"1";"15";"0";"2";"2";"0";"1";""
"202100050291";"111Â 812";"B01";"1";"7";"0";"2";"8";"1";"1";""
"202100050292";"111Â 809";"A01";"1";"10";"0";"2";"2";"12";"1";""
"202100050292";"111Â 810";"B01";"1";"7";"0";"2";"6";"1";"1";""
"202100050293";"111Â 807";"B01";"1";"7";"0";"0";"0";"0";"1";""
"202100050293";"111Â 808";"A01";"1";"32";"0";"0";"0";"26";"1";""
"202100050294";"111Â 804";"A01";"2";"10";"0";"2";"4";"2";"1";""
"202100050294";"111Â 805";"B01";"2";"10";"0";"2";"1";"2";"1";""
"202100050294";"111Â 806";"C01";"2";"7";"0";"2";"1";"2";"1";""
"202100050295";"111Â 803";"A01";"2";"7";"4";"0";"1";"13";"1";""
"202100050296";"111Â 800";"A01";"2";"7";"0";"2";"1";"2";"1";""
"202100050296";"111Â 801";"B01";"2";"7";"0";"2";"1";"2";"1";""
"202100050296";"111Â 802";"C01";"2";"7";"0";"2";"4";"2";"1";""
"202100050297";"111Â 795";"B01";"2";"7";"0";"2";"6";"11";"1";""
"202100050297";"111Â 796";"A01";"2";"17";"0";"2";"2";"1";"1";""
"202100050297";"111Â 797";"E01";"2";"10";"0";"2";"8";"1";"1";""
"202100050297";"111Â 798";"D01";"2";"7";"0";"2";"7";"1";"1";""
"202100050297";"111Â 799";"C01";"2";"33";"0";"2";"1";"1";"1";""
"202100050298";"111Â 793";"A01";"2";"99";"0";"9";"3";"26";"1";""
"202100050298";"111Â 794";"B01";"1";"1";"0";"2";"1";"13";"6";""
"202100050299";"111Â 791";"B01";"3";"7";"0";"2";"3";"15";"1";""
"202100050299";"111Â 792";"A01";"3";"33";"0";"2";"2";"17";"1";""
"202100050300";"111Â 789";"B01";"1";"10";"0";"2";"7";"1";"1";""
"202100050300";"111Â 790";"A01";"2";"7";"0";"2";"1";"1";"1";""
"202100050301";"111Â 787";"A01";"3";"7";"0";"2";"1";"15";"1";""
"202100050301";"111Â 788";"B01";"3";"7";"0";"2";"2";"2";"1";""
"202100050302";"111Â 785";"B01";"2";"7";"0";"2";"1";"26";"1";""
"202100050302";"111Â 786";"A01";"2";"50";"0";"2";"1";"26";"3";""
"202100050303";"111Â 783";"B01";"2";"1";"0";"2";"1";"15";"5";""
"202100050303";"111Â 784";"A01";"2";"7";"0";"2";"6";"15";"1";""
"202100050304";"111Â 781";"B01";"2";"7";"0";"2";"6";"9";"1";""
"202100050304";"111Â 782";"A01";"2";"7";"0";"2";"1";"9";"1";""
"202100050305";"111Â 780";"A01";"2";"1";"0";"0";"7";"15";"5";""
"202100050306";"111Â 779";"A01";"2";"7";"4";"0";"3";"1";"1";""
"202100050307";"111Â 777";"B01";"2";"7";"0";"2";"1";"15";"1";""
"202100050307";"111Â 778";"A01";"1";"34";"0";"0";"8";"1";"1";""
"202100050308";"111Â 776";"A01";"0";"7";"1";"0";"1";"1";"1";""
"202100050309";"111Â 775";"A01";"2";"7";"0";"1";"1";"1";"1";""
"202100050310";"111Â 774";"A01";"3";"7";"0";"1";"3";"26";"1";""
"202100050311";"111Â 772";"B01";"2";"7";"0";"2";"3";"1";"1";""
"202100050311";"111Â 773";"A01";"1";"7";"0";"2";"2";"15";"1";""
"202100050312";"111Â 771";"A01";"2";"7";"0";"1";"1";"1";"1";""
"202100050313";"111Â 770";"A01";"1";"7";"3";"0";"1";"13";"1";""
"202100050314";"111Â 767";"A01";"0";"7";"0";"2";"4";"1";"1";""
"202100050314";"111Â 768";"B01";"0";"7";"0";"2";"1";"1";"1";""
"202100050314";"111Â 769";"C01";"0";"1";"0";"2";"8";"0";"0";""
"202100050315";"111Â 765";"A01";"1";"38";"0";"2";"3";"2";"1";"1"
"202100050315";"111Â 766";"B01";"1";"1";"0";"2";"7";"19";"6";""
"202100050316";"111Â 761";"A01";"1";"7";"0";"2";"1";"2";"1";""
"202100050316";"111Â 762";"B01";"1";"7";"0";"2";"4";"2";"1";""
"202100050316";"111Â 763";"C01";"1";"7";"0";"2";"4";"2";"1";""
"202100050316";"111Â 764";"D01";"1";"7";"0";"2";"7";"1";"1";""
"202100050317";"111Â 758";"B01";"2";"31";"8";"0";"3";"5";"1";""
"202100050317";"111Â 759";"A01";"1";"7";"0";"2";"3";"23";"1";""
"202100050318";"111Â 757";"A01";"1";"7";"6";"0";"1";"13";"1";""
"202100050319";"111Â 756";"A01";"1";"7";"0";"1";"1";"1";"1";""
"202100050320";"111Â 754";"A01";"2";"7";"1";"0";"3";"13";"1";""
"202100050320";"111Â 755";"B01";"1";"7";"0";"2";"8";"24";"1";""
"202100050321";"111Â 752";"A01";"1";"7";"0";"2";"6";"9";"1";""
"202100050321";"111Â 753";"B01";"1";"17";"0";"2";"2";"15";"1";""
"202100050322";"111Â 750";"A01";"2";"7";"0";"2";"5";"15";"1";""
"202100050322";"111Â 751";"B01";"1";"1";"0";"2";"1";"1";"5";""
"202100050323";"111Â 749";"A01";"1";"30";"0";"0";"8";"1";"1";""
"202100050324";"111Â 748";"A01";"1";"7";"0";"1";"1";"26";"1";""
"202100050325";"111Â 747";"A01";"3";"10";"0";"1";"1";"15";"1";""
"202100050326";"111Â 745";"A01";"2";"7";"0";"2";"5";"15";"1";""
"202100050326";"111Â 746";"B01";"1";"34";"0";"2";"1";"1";"0";""
"202100050327";"111Â 743";"A01";"2";"7";"5";"2";"3";"13";"1";""
"202100050327";"111Â 744";"B01";"2";"7";"0";"2";"3";"13";"1";""
"202100050328";"111Â 741";"B01";"3";"1";"0";"2";"1";"26";"5";""
"202100050328";"111Â 742";"A01";"1";"7";"0";"9";"2";"26";"1";""
"202100050329";"111Â 739";"A01";"1";"7";"0";"2";"8";"10";"1";""
"202100050329";"111Â 740";"B01";"1";"33";"0";"2";"8";"1";"1";""
"202100050330";"111Â 738";"A01";"1";"7";"0";"1";"2";"2";"1";""
"202100050331";"111Â 736";"A01";"0";"10";"0";"2";"3";"15";"1";""
"202100050331";"111Â 737";"B01";"0";"1";"0";"2";"1";"1";"5";""
"202100050332";"111Â 733";"A01";"3";"7";"0";"2";"1";"1";"1";""
"202100050332";"111Â 734";"B01";"3";"7";"0";"2";"9";"1";"1";""
"202100050332";"111Â 735";"C01";"3";"7";"0";"2";"4";"1";"1";""
"202100050333";"111Â 731";"A01";"1";"7";"0";"2";"3";"1";"1";""
"202100050333";"111Â 732";"B01";"3";"50";"0";"2";"2";"19";"3";""
"202100050334";"111Â 730";"A01";"1";"33";"4";"0";"5";"0";"1";""
"202100050335";"111Â 729";"A01";"1";"33";"12";"0";"1";"1";"1";""
"202100050336";"111Â 726";"Z01";"1";"10";"0";"2";"1";"18";"1";""
"202100050336";"111Â 727";"C01";"1";"7";"0";"2";"4";"18";"1";""
"202100050336";"111Â 728";"B01";"1";"1";"0";"2";"4";"1";"5";""
"202100050337";"111Â 724";"B01";"2";"7";"0";"2";"4";"23";"1";""
"202100050337";"111Â 725";"A01";"2";"30";"0";"2";"1";"2";"1";""
"202100050338";"111Â 722";"A01";"1";"2";"0";"2";"1";"1";"1";""
"202100050338";"111Â 723";"B01";"1";"7";"0";"2";"4";"1";"1";""
"202100050339";"111Â 721";"A01";"1";"7";"0";"1";"3";"15";"1";""
"202100050340";"111Â 719";"A01";"2";"7";"8";"0";"1";"13";"1";""
"202100050340";"111Â 720";"B01";"1";"7";"8";"0";"1";"1";"1";""
"202100050341";"111Â 718";"Z01";"3";"7";"0";"1";"6";"26";"1";""
"202100050342";"111Â 717";"A01";"2";"99";"0";"0";"0";"1";"3";""
"202100050343";"111Â 715";"A01";"3";"7";"0";"2";"3";"15";"1";""
"202100050343";"111Â 716";"B01";"3";"7";"0";"2";"2";"1";"1";""
"202100050344";"111Â 713";"A01";"1";"37";"0";"2";"6";"2";"1";"1"
"202100050344";"111Â 714";"B01";"1";"1";"0";"2";"1";"2";"0";""
"202100050345";"111Â 710";"C01";"1";"7";"0";"2";"4";"1";"1";""
"202100050345";"111Â 711";"B01";"1";"7";"0";"2";"1";"1";"1";""
"202100050345";"111Â 712";"A01";"1";"7";"0";"2";"1";"1";"1";""
"202100050346";"111Â 709";"A01";"1";"7";"0";"0";"8";"1";"1";""
"202100050347";"111Â 707";"B01";" -1";"7";"0";"2";"7";"1";"1";""
"202100050347";"111Â 708";"A01";"2";"7";"0";"2";"1";"1";"1";""
"202100050348";"111Â 705";"A01";"1";"30";"0";"2";"4";"11";"1";""
"202100050348";"111Â 706";"Z01";"1";"7";"0";"2";"1";"1";"1";""
"202100050349";"111Â 703";"A01";"3";"7";"0";"2";"3";"19";"1";""
"202100050349";"111Â 704";"B01";"3";"33";"0";" -1";"2";"1";"1";""
"202100050350";"111Â 701";"B01";"1";"7";"0";"2";"2";"15";"1";""
"202100050350";"111Â 702";"A01";"2";"7";"0";"2";"1";"9";"1";""
"202100050351";"111Â 699";"B01";"0";"7";"0";"2";"2";"15";"1";""
"202100050351";"111Â 700";"A01";"1";"33";"1";"2";"1";"1";"1";""
"202100050352";"111Â 697";"B01";"1";"7";"0";"2";"3";"15";"1";""
"202100050352";"111Â 698";"A01";"2";"1";"0";"2";"1";"1";"5";""
"202100050353";"111Â 696";"A01";"1";"7";"0";"1";"1";"16";"1";""
"202100050354";"111Â 693";"C01";"1";"10";"0";"2";"6";"23";"1";""
"202100050354";"111Â 694";"B01";"1";"7";"0";"2";"5";"23";"1";""
"202100050354";"111Â 695";"A01";"1";"10";"0";"2";"1";"1";"1";""
"202100050355";"111Â 691";"A01";"3";"2";"0";"2";"0";"26";"0";""
"202100050355";"111Â 692";"B01";"3";"7";"0";"2";"0";"1";"1";""
"202100050356";"111Â 688";"B01";"1";"7";"0";"2";"4";"2";"1";""
"202100050356";"111Â 689";"A01";"1";"7";"0";"2";"1";"2";"1";""
"202100050356";"111Â 690";"C01";"1";"10";"0";"2";"4";"2";"1";""
"202100050357";"111Â 686";"A01";"1";"7";"0";"2";"3";"15";"1";""
"202100050357";"111Â 687";"B01";"1";"33";"0";"2";"2";"3";"1";""
"202100050358";"111Â 684";"B01";"1";"50";"0";"2";"1";"1";"3";""
"202100050358";"111Â 685";"A01";"1";"7";"0";"2";"8";"22";"1";""
"202100050359";"111Â 682";"A01";"1";"7";"0";"2";"1";"1";"1";""
"202100050359";"111Â 683";"B01";"1";"1";"0";"2";"4";"23";"5";""
"202100050360";"111Â 680";"B01";"1";"1";"0";"2";"2";"1";"5";""
"202100050360";"111Â 681";"A01";"1";"7";"0";"2";"3";"22";"1";""
"202100050361";"111Â 678";"B01";"2";"1";"0";"2";"1";"1";"5";""
"202100050361";"111Â 679";"A01";"2";"7";"0";"2";"6";"15";"2";""
"202100050362";"111Â 676";"A01";"2";"33";"0";"2";"1";"17";"1";""
"202100050362";"111Â 677";"B01";"2";"7";"0";"2";"6";"15";"1";""
"202100050363";"111Â 674";"A01";"1";"7";"0";"2";"2";"22";"1";""
"202100050363";"111Â 675";"B01";"1";"1";"0";"2";"1";"1";"5";""
"202100050364";"111Â 672";"B01";"2";"32";"0";"2";"1";"1";"1";""
"202100050364";"111Â 673";"A01";"1";"7";"0";"2";"2";"15";"1";""
"202100050365";"111Â 670";"A01";"2";"7";"0";"2";"5";"15";"1";""
"202100050365";"111Â 671";"B01";"1";"32";"0";"2";"1";"1";"1";""
"202100050366";"111Â 668";"A01";"1";"33";"0";"2";"1";"2";"1";""
"202100050366";"111Â 669";"B01";"1";"7";"0";"0";"6";"2";"1";""
"202100050367";"111Â 666";"A01";"2";"10";"9";"2";"3";"1";"1";""
"202100050367";"111Â 667";"B01";"0";"7";"0";"2";"1";"1";"1";""
"202100050368";"111Â 665";"A01";"1";"7";"1";"1";"2";"1";"1";""
"202100050369";"111Â 663";"B01";"3";"31";"0";"2";"3";"0";"1";""
"202100050369";"111Â 664";"A01";"3";"7";"0";"0";"2";"9";"1";""
"202100050370";"111Â 661";"A01";"1";"33";"0";"2";"8";"3";"1";""
"202100050370";"111Â 662";"B01";"2";"7";"0";"2";"7";"2";"1";""
"202100050371";"111Â 660";"A01";"1";"7";"0";"0";"9";"2";"1";""
"202100050372";"111Â 657";"C01";"2";"7";"0";"2";"4";"23";"1";""
"202100050372";"111Â 658";"B01";"2";"7";"0";"2";"1";"2";"2";""
"202100050372";"111Â 659";"A01";"2";"7";"0";"2";"1";"2";"1";""
"202100050373";"111Â 655";"B01";"1";"15";"0";"0";"4";"1";"1";""
"202100050373";"111Â 656";"A01";"1";"7";"0";"2";"1";"1";"1";""