"Num_Acc";"id_vehicule";"num_veh";"senc";"catv";"obs";"obsm";"choc";"manv";"motor";"occutc"
"202100050374";"111Â 654";"A01";"0";"7";"0";"1";"1";"15";"1";""
"202100050375";"111Â 653";"A01";"3";"7";"0";"2";"1";"19";"1";""
"202100050376";"111Â 652";"A01";"1";"7";"0";"1";"3";"16";"1";""
"202100050377";"111Â 650";"B01";"2";"10";"0";"2";"1";"1";"1";""
"202100050377";"111Â 651";"A01";"2";"7";"0";"2";"2";"1";"1";""
"202100050378";"111Â 648";"A01";"0";"7";"0";"2";"2";"16";"1";""
"202100050378";"111Â 649";"B01";"0";"33";"0";"0";"4";"23";"1";""
"202100050379";"111Â 646";"B01";"3";"10";"8";"2";"1";"19";"1";""
"202100050379";"111Â 647";"A01";"3";"7";"0";"2";"8";"2";"1";""
"202100050380";"111Â 645";"A01";"2";"7";"0";"1";"2";"1";"1";""
"202100050381";"111Â 643";"A01";"0";"17";"0";"2";"2";"9";"1";""
"202100050381";"111Â 644";"B01";"0";"1";"0";"2";"8";"18";"0";""
"202100050382";"111Â 641";"A01";"2";"7";"9";"2";"2";"16";"1";""
"202100050382";"111Â 642";"B01";"1";"37";"0";"2";"2";"1";"1";"1"
"202100050383";"111Â 639";"A01";"2";"30";"0";"2";"1";"1";"1";""
"202100050383";"111Â 640";"B01";"2";"10";"0";"2";"7";"1";"1";""
"202100050384";"111Â 637";"A01";"1";"10";"0";"2";"1";"2";"1";""
"202100050384";"111Â 638";"B01";"1";"7";"0";"2";"4";"23";"1";""
"202100050385";"111Â 635";"A01";"1";"7";"0";"2";"0";"23";"1";""
"202100050385";"111Â 636";"B01";"1";"1";"0";"2";"0";"1";"5";""
"202100050386";"111Â 632";"A01";"2";"7";"0";"2";"3";"17";"1";""
"202100050386";"111Â 633";"B01";"1";"14";"0";"2";"3";"1";"1";""
"202100050386";"111Â 634";"C01";"2";"10";"0";"2";"1";"2";"1";""
"202100050387";"111Â 630";"A01";"2";"33";"0";"2";"1";"17";"1";""
"202100050387";"111Â 631";"B01";"2";"10";"0";"0";"6";"15";"1";""
"202100050388";"111Â 629";"A01";"1";"33";"16";"0";"2";"1";"1";""
"202100050389";"111Â 626";"A01";"1";"7";"0";"2";"3";"1";"1";""
"202100050389";"111Â 627";"B01";"2";"33";"0";"2";"1";"17";"1";""
"202100050390";"111Â 625";"A01";"2";"2";"6";"0";"1";"1";"1";""
"202100050391";"111Â 622";"B01";"2";"10";"0";"2";"3";"2";"1";""
"202100050391";"111Â 623";"A01";"1";"7";"0";"2";"3";"5";"1";""
"202100050391";"111Â 624";"C01";"2";"10";"0";"9";"1";"2";"1";""
"202100050392";"111Â 619";"C01";"1";"10";"0";"2";"1";"1";"1";""
"202100050392";"111Â 620";"B01";"1";"10";"0";"2";"8";"1";"1";""
"202100050392";"111Â 621";"A01";"2";"7";"0";"2";"1";"13";"1";""
"202100050393";"111Â 618";"A01";"1";"31";"0";"0";"9";"1";"1";""
"202100050394";"111Â 616";"B01";"3";"1";"0";"2";"3";"1";"5";""
"202100050394";"111Â 617";"A01";"1";"10";"0";"2";"2";"1";"1";""
"202100050395";"111Â 614";"B01";"1";"7";"0";"2";"1";"1";"1";""
"202100050395";"111Â 615";"A01";"3";"7";"0";"2";"2";"19";"1";""
"202100050396";"111Â 612";"A01";"3";"7";"0";"2";"3";"16";"1";""
"202100050396";"111Â 613";"B01";"3";"1";"0";"2";"0";"26";"5";""
"202100050397";"111Â 610";"A01";"1";"32";"0";"2";"1";"1";"1";""
"202100050397";"111Â 611";"B01";"1";"1";"0";"0";"4";"11";"5";""
"202100050398";"111Â 608";"A01";"1";"7";"6";"2";"7";"17";"1";""
"202100050398";"111Â 609";"B01";"1";"7";"0";"2";"8";"17";"1";""
"202100050399";"111Â 607";"A01";"2";"7";"8";"0";"1";"1";"1";""
"202100050400";"111Â 606";"A01";"2";"33";"12";"0";"1";"0";"1";""
"202100050401";"111Â 604";"B01";"2";"1";"0";"2";"8";"1";"5";""
"202100050401";"111Â 605";"A01";"1";"3";"0";"9";"1";"1";"1";""
"202100050402";"111Â 602";"B01";"1";"21";"0";"0";"4";"1";"1";""
"202100050402";"111Â 603";"A01";"1";"10";"0";"2";"1";"2";"1";""
"202100050403";"111Â 601";"A01";"3";"7";"2";"0";"1";"13";"1";""
"202100050404";"111Â 600";"A01";"2";"33";"0";"0";"0";"1";"1";""
"202100050405";"111Â 598";"A01";"1";"2";"0";"2";"1";"1";"1";""
"202100050405";"111Â 599";"B01";"3";"7";"0";"2";"6";"19";"1";""
"202100050406";"111Â 596";"B01";"1";"7";"0";"2";"8";"2";"1";""
"202100050406";"111Â 597";"A01";"1";"2";"0";"2";"7";"2";"1";""
"202100050407";"111Â 595";"A01";"3";"10";"0";"1";"3";"9";"1";""
"202100050408";"111Â 593";"A01";"1";"7";"0";"2";"3";"10";"1";""
"202100050408";"111Â 594";"B01";"1";"33";"0";"2";"1";"17";"1";""
"202100050409";"111Â 592";"A01";"2";"33";"16";"0";"0";"1";"1";""
"202100050410";"111Â 590";"B01";"2";"14";"0";"2";"2";"1";"1";""
"202100050410";"111Â 591";"A01";"2";"33";"0";"0";"6";"23";"1";""
"202100050411";"111Â 589";"A01";"2";"7";"13";"0";"8";"1";"1";""
"202100050412";"111Â 588";"A01";"1";"7";"0";"1";"2";"1";"1";""
"202100050413";"111Â 587";"A01";"0";"10";"6";"1";"1";"1";"1";""
"202100050414";"111Â 585";"B01";"3";"1";"0";"2";"7";"1";"5";""
"202100050414";"111Â 586";"A01";"3";"1";"0";"2";"8";"13";"5";""
"202100050415";"111Â 583";"B01";"2";"1";"0";"2";"3";"15";"5";""
"202100050415";"111Â 584";"A01";"2";"7";"0";"2";"2";"1";"1";""
"202100050416";"111Â 581";"B01";"1";"2";"0";"2";"1";"1";"1";""
"202100050416";"111Â 582";"A01";"2";"7";"0";"2";"1";"15";"1";""
"202100050417";"111Â 579";"A01";"1";"7";"0";"2";"3";"1";"1";""
"202100050417";"111Â 580";"B01";"2";"7";"13";"2";"3";"1";"1";""
"202100050418";"111Â 578";"A01";"0";"33";"15";"9";"7";"1";"1";""
"202100050419";"111Â 576";"B01";"2";"7";"0";"2";"1";"1";"1";""
"202100050419";"111Â 577";"A01";"1";"7";"0";"2";"3";"13";"1";""
"202100050420";"111Â 574";"B01";"2";"7";"0";"2";"2";"0";"0";""
"202100050420";"111Â 575";"A01";"2";"50";"0";"2";"8";"0";"3";""
"202100050421";"111Â 571";"C01";"1";"10";"0";"2";"8";"1";"1";""
"202100050421";"111Â 572";"B01";"1";"7";"0";"2";"1";"1";"1";""
"202100050421";"111Â 573";"A01";"1";"7";"0";"2";"4";"12";"1";""
"202100050422";"111Â 568";"C01";"2";"7";"0";"9";"2";"1";"0";""
"202100050422";"111Â 569";"B01";"2";"7";"0";"2";"5";"1";"0";""
"202100050422";"111Â 570";"Z01";"2";"7";"0";"2";"3";"0";"0";""
"202100050423";"111Â 567";"A01";"1";"7";"4";"0";"2";"16";"1";""
"202100050424";"111Â 566";"A01";"2";"7";"4";"0";"3";"11";"1";""
"202100050425";"111Â 562";"A01";"1";"7";"0";"2";"1";"2";"1";""
"202100050425";"111Â 563";"B01";"1";"7";"1";"2";"4";"2";"1";""
"202100050425";"111Â 564";"C01";"1";"7";"0";"2";"4";"2";"1";""
"202100050425";"111Â 565";"D01";"1";"7";"0";"2";"4";"24";"1";""
"202100050426";"111Â 561";"A01";"2";"7";"0";"1";"1";"15";"1";""
"202100050427";"111Â 559";"B01";"1";"1";"0";"2";"1";"19";"5";""
"202100050427";"111Â 560";"A01";"1";"7";"0";"2";"1";"1";"1";""
"202100050428";"111Â 557";"A01";"0";"7";"0";"2";"1";"1";"1";""
"202100050428";"111Â 558";"B01";"2";"7";"0";"2";"3";"1";"1";""
"202100050429";"111Â 556";"A01";"1";"30";"0";"0";"7";"1";"1";""
"202100050430";"111Â 554";"A01";"1";"7";"0";"2";"3";"15";"1";""
"202100050430";"111Â 555";"B01";"1";"2";"0";"2";"1";"1";"1";""
"202100050431";"111Â 552";"A01";"0";"10";"0";"2";"7";"16";"6";""
"202100050431";"111Â 553";"B01";"3";"1";"0";"2";"1";"1";"0";""
"202100050432";"111Â 550";"B01";"2";"1";"0";"2";"0";"1";"5";""
"202100050432";"111Â 551";"A01";"2";"7";"0";"2";"3";"9";"1";""
"202100050433";"111Â 548";"A01";"3";"7";"0";"9";"2";"1";"1";""
"202100050433";"111Â 549";"B01";"3";"50";"0";"2";"5";"19";"3";""
"202100050434";"111Â 546";"B01";"1";"7";"0";"2";"3";"0";"1";""
"202100050434";"111Â 547";"A01";"1";"33";"0";"2";"4";"2";"1";""
"202100050435";"111Â 545";"A01";"2";"7";"0";"0";"9";"26";"1";""
"202100050436";"111Â 543";"A01";"2";"7";"0";"2";"1";"13";"6";""
"202100050436";"111Â 544";"B01";"1";"7";"0";"2";"3";"1";"1";""
"202100050437";"111Â 542";"A01";"1";"7";"13";"0";"1";"13";"1";""
"202100050438";"111Â 540";"A01";"0";"7";"0";"2";"3";"15";"1";""
"202100050438";"111Â 541";"B01";"0";"34";"0";"2";"7";"2";"1";""
"202100050439";"111Â 539";"A01";"1";"7";"0";"1";"8";"1";"1";""
"202100050440";"111Â 538";"A01";"2";"30";"0";"0";"0";"21";"1";""
"202100050441";"111Â 537";"A01";"2";"7";"4";"0";"6";"13";"1";""
"202100050442";"111Â 536";"A01";"3";"7";"0";"1";"8";"1";"1";""
"202100050443";"111Â 535";"A01";"3";"7";"0";"1";"1";"1";"1";""
"202100050444";"111Â 533";"A01";"1";"2";"0";"2";"1";"2";"1";""
"202100050444";"111Â 534";"B01";"1";"7";"0";"2";"4";"2";"1";""
"202100050445";"111Â 531";"B01";"1";"2";"0";"2";"7";"15";"0";""
"202100050445";"111Â 532";"A01";"1";"7";"0";"2";"3";"26";"0";""
"202100050446";"111Â 528";"A01";"3";"7";"0";"2";"8";"26";"1";""
"202100050446";"111Â 529";"B01";"3";"33";"0";"2";"9";"0";"1";""
"202100050446";"111Â 530";"C01";"3";"33";"0";"2";"9";"0";"1";""
"202100050447";"111Â 527";"A01";"1";"7";"0";"1";"1";"15";"0";""
"202100050448";"111Â 526";"A01";"1";"1";"14";"0";"1";"1";"5";""
"202100050449";"111Â 524";"B01";"1";"1";"0";"2";"1";"1";"5";""
"202100050449";"111Â 525";"A01";"2";"7";"0";"2";"2";"9";"1";""
"202100050450";"111Â 523";"A01";"1";"7";"0";"1";"1";"1";"1";""
"202100050451";"111Â 520";"C01";"2";"7";"0";"2";"4";"16";"1";""
"202100050451";"111Â 521";"B01";"2";"10";"0";"2";"4";"23";"1";""
"202100050451";"111Â 522";"A01";"2";"7";"0";"2";"1";"2";"1";""
"202100050452";"111Â 519";"A01";"2";"1";"0";"0";"0";"26";"6";""
"202100050453";"111Â 517";"A01";"2";"2";"0";"2";"0";"9";"1";""
"202100050453";"111Â 518";"B01";"3";"7";"0";"2";"3";"26";"1";""
"202100050454";"111Â 515";"B01";"1";"33";"0";"2";"5";"1";"1";""
"202100050454";"111Â 516";"A01";"1";"7";"0";"2";"1";"15";"1";""
"202100050455";"111Â 513";"A01";"3";"7";"0";"2";"2";"16";"1";""
"202100050455";"111Â 514";"B01";"3";"1";"0";"2";"8";"1";"5";""
"202100050456";"111Â 510";"C01";"1";"7";"0";"2";"4";"2";"1";""
"202100050456";"111Â 511";"B01";"1";"7";"0";"2";"4";"2";"1";""
"202100050456";"111Â 512";"A01";"1";"7";"0";"2";"1";"2";"1";""
"202100050457";"111Â 508";"B01";"1";"10";"0";"2";"2";"1";"1";""
"202100050457";"111Â 509";"A01";"2";"7";"0";"2";"3";"9";"1";""
"202100050458";"111Â 506";"B01";"2";"7";"0";"2";"3";"26";"1";""
"202100050458";"111Â 507";"A01";"1";"7";"0";"2";"3";"13";"1";""
"202100050459";"111Â 503";"A01";"1";"7";"0";"2";"1";"2";"1";""
"202100050459";"111Â 504";"B01";"1";"7";"0";"2";"4";"2";"1";""
"202100050459";"111Â 505";"C01";"1";"7";"0";"0";"4";"0";"1";""
"202100050460";"111Â 501";"B01";"2";"1";"0";"2";"7";"1";"0";""
"202100050460";"111Â 502";"A01";"2";"7";"0";"2";"1";"9";"1";""
"202100050461";"111Â 499";"A01";"1";"30";"0";"2";"1";"1";"6";""
"202100050461";"111Â 500";"B01";"1";"30";"0";"2";"2";"1";"0";""
"202100050462";"111Â 497";"B01";"3";"7";"1";"2";"2";"2";"1";""
"202100050462";"111Â 498";"A01";"3";"7";"1";"2";"3";"2";"1";""
"202100050463";"111Â 494";"A01";"1";"7";"0";"2";"2";"15";"1";""
"202100050463";"111Â 495";"B01";"2";"7";"0";"2";"1";"1";"1";""
"202100050463";"111Â 496";"C01";"1";"10";"0";"2";"8";"1";"1";""
"202100050464";"111Â 492";"B01";"1";"1";"0";"2";"0";"2";"5";""
"202100050464";"111Â 493";"A01";"1";"38";"0";"2";"5";"2";"1";"1"
"202100050465";"111Â 490";"B01";"2";"7";"0";"2";"1";"1";"1";""
"202100050465";"111Â 491";"A01";"1";"7";"0";"2";"2";"16";"1";""
"202100050466";"111Â 488";"B01";"2";"1";"0";"2";"2";"1";"5";""
"202100050466";"111Â 489";"A01";"2";"7";"0";"2";"1";"9";"1";""
"202100050467";"111Â 487";"A01";"1";"7";"0";"1";"7";"1";"1";""
"202100050468";"111Â 486";"A01";"2";"7";"0";"1";"2";"1";"2";""
"202100050469";"111Â 484";"B01";"3";"1";"0";"2";"5";"1";"5";""
"202100050469";"111Â 485";"A01";"3";"7";"0";"9";"3";"9";"1";""
"202100050470";"111Â 482";"A01";"3";"14";"0";"2";"2";"16";"0";""
"202100050470";"111Â 483";"B01";"3";"1";"0";"2";"3";"0";"5";""
"202100050471";"111Â 477";"B01";"2";"7";"0";"2";"1";"2";"1";""
"202100050471";"111Â 478";"C01";"1";"7";"0";"2";"6";"2";"1";""
"202100050471";"111Â 479";"A01";"1";"7";"0";"2";"1";"13";"1";""
"202100050472";"111Â 475";"Z01";"0";"7";"0";"2";"1";"1";"0";""
"202100050472";"111Â 476";"B01";"1";"50";"0";"2";"7";"1";"3";""
"202100050473";"111Â 473";"B01";"1";"2";"0";"2";"8";"1";"1";""
"202100050473";"111Â 474";"C01";"1";"10";"0";"2";"2";"1";" -1";""
"202100050474";"111Â 472";"A01";"1";"7";"0";"1";"1";"1";"1";""
"202100050475";"111Â 470";"A01";"1";"7";"0";"2";"3";"15";"1";""
"202100050475";"111Â 471";"B01";"2";"7";"0";"2";"2";"1";"1";""
"202100050476";"111Â 469";"A01";"2";"43";"0";"1";"1";"1";"1";""
"202100050477";"111Â 467";"B01";"1";"7";"0";"2";"2";"26";"1";""
"202100050477";"111Â 468";"A01";"2";"7";"0";"2";"1";"9";"1";""
"202100050478";"111Â 466";"A01";"1";"7";"6";"0";"1";"1";"1";""
"202100050479";"111Â 464";"B01";"2";"7";"0";"2";"1";"1";"1";""
"202100050479";"111Â 465";"A01";"1";"7";"0";"2";"5";"1";"1";""
"202100050480";"111Â 463";"A01";"1";"30";"0";"0";"0";"16";"1";""
"202100050481";"111Â 461";"B01";"2";"1";"0";"2";"8";"7";"5";""
"202100050481";"111Â 462";"A01";"2";"7";"0";"2";"2";"15";"1";""
"202100050482";"111Â 459";"A01";"1";"33";"0";"2";"1";"1";"1";""
"202100050482";"111Â 460";"B01";"1";"32";"0";"2";"3";"1";"1";""
"202100050483";"111Â 458";"A01";"1";"1";"0";"1";"3";"1";"5";""
"202100050484";"111Â 456";"B01";"2";"30";"0";"2";"3";"15";"3";""
"202100050484";"111Â 457";"A01";"1";"30";"0";"2";"1";"17";"1";""
"202100050485";"111Â 454";"A01";"1";"10";"0";"2";"8";"20";"1";""
"202100050485";"111Â 455";"B01";"1";"33";"1";"2";"2";"1";"1";""
"202100050486";"111Â 452";"B01";"3";"10";"0";"2";"4";"23";"1";""
"202100050486";"111Â 453";"A01";"3";"7";"0";"2";"1";"2";"1";""
"202100050487";"111Â 450";"B01";"2";"50";"0";"2";"1";"1";"3";""
"202100050487";"111Â 451";"A01";"2";"10";"0";"2";"7";"22";"1";""
"202100050488";"111Â 449";"A01";"2";"37";"0";"1";"2";"26";"1";"1"
"202100050489";"111Â 448";"A01";"2";"7";"0";"1";"1";"19";"1";""
"202100050490";"111Â 447";"A01";"1";"7";"0";"1";"3";"26";"1";""
"202100050491";"111Â 445";"B01";"3";"7";"0";"2";"2";"1";"1";""
"202100050491";"111Â 446";"A01";"1";"7";"9";"2";"8";"1";"1";""
"202100050492";"111Â 443";"B01";"1";"7";"6";"2";"2";"1";"1";""
"202100050492";"111Â 444";"A01";"2";"7";"0";"2";"3";"15";"1";""
"202100050493";"111Â 441";"A01";"0";"43";"0";"2";"1";"26";"1";""
"202100050493";"111Â 442";"B01";"0";"7";"0";"0";"5";"11";"1";""
"202100050494";"111Â 440";"A01";"3";"7";"0";"1";"1";"1";"3";""
"202100050495";"111Â 438";"A01";" -1";"7";"0";"0";"1";"10";"1";""
"202100050495";"111Â 439";"B01";" -1";"2";"0";"0";"1";"1";"1";""
"202100050496";"111Â 437";"A01";"2";"7";"0";"1";"1";"1";"0";""
"202100050497";"111Â 435";"A01";"1";"7";"0";"2";"1";"9";"1";""
"202100050497";"111Â 436";"B01";"2";"1";"0";"2";"8";"1";"5";""
"202100050498";"111Â 433";"B01";"1";"50";"0";"2";"4";"19";"3";""
"202100050498";"111Â 434";"A01";"1";"10";"0";"1";"1";"19";"1";""
"202100050499";"111Â 432";"A01";"3";"30";"9";"1";"1";"25";"1";""
"202100050500";"111Â 430";"B01";"1";"7";"0";"2";"1";"1";"1";""
"202100050500";"111Â 431";"A01";"2";"30";"0";"2";"7";"5";"1";""
"202100050501";"111Â 429";"A01";"1";"30";"12";"0";"8";"14";"3";""
"202100050502";"111Â 428";"A01";"2";"30";"0";"1";"1";"18";"1";""
"202100050503";"111Â 426";"B01";"3";"10";"0";"2";"1";"0";"1";""
"202100050503";"111Â 427";"A01";"3";"7";"6";"2";"1";"0";"1";""
"202100050504";"111Â 425";"A01";"2";"7";"8";"0";"1";"1";"1";""
"202100050505";"111Â 423";"A01";"1";"17";"0";"2";"2";"1";"1";""
"202100050505";"111Â 424";"B01";"1";"7";"0";"0";"4";"23";"1";""
"202100050506";"111Â 421";"A01";"1";"10";"0";"2";"1";"1";"1";""
"202100050506";"111Â 422";"B01";"1";"7";"0";"0";"4";"1";"1";""
"202100050507";"111Â 420";"A01";"2";"17";"3";"0";"3";"6";"1";""
"202100050508";"111Â 418";"B01";"2";"1";"0";"2";"1";"5";"5";""
"202100050508";"111Â 419";"A01";"1";"7";"0";"9";"1";"1";"1";""
"202100050509";"111Â 417";"A01";"1";"7";"0";"1";"2";"16";"1";""
"202100050510";"111Â 413";"A01";"3";"7";"0";"2";"3";"1";"1";""
"202100050510";"111Â 414";"B01";"3";"10";"0";"2";"2";"15";"1";""
"202100050511";"111Â 412";"A01";"2";"33";"13";"0";"9";"14";"1";""
"202100050512";"111Â 410";"B01";"1";"7";"0";"2";"1";"1";"1";""
"202100050512";"111Â 411";"A01";"2";"7";"0";"2";"1";"15";"0";""
"202100050513";"111Â 408";"A01";"3";"1";"0";"2";"1";"1";"5";""
"202100050513";"111Â 409";"B01";"3";"7";"0";"0";"1";"15";"1";""
"202100050514";"111Â 405";"B01";"3";"7";"0";"2";"1";"19";"1";""
"202100050514";"111Â 406";"A01";"1";"7";"0";"2";"6";"1";"1";""
"202100050515";"111Â 404";"A01";"1";"33";"0";"0";"0";"1";"1";""
"202100050516";"111Â 402";"B01";"1";"1";"0";"2";"1";"1";"0";""
"202100050516";"111Â 403";"A01";"2";"7";"0";"9";"7";"1";"1";""
"202100050517";"111Â 400";"A01";"1";"33";"0";"0";"1";"1";"1";""
"202100050517";"111Â 401";"B01";"2";"10";"0";"0";"5";"15";"1";""
"202100050518";"111Â 397";"A01";"1";"1";"0";"0";"0";"16";"5";""
"202100050519";"111Â 395";"B01";"2";"33";"0";"2";"1";"1";"1";""
"202100050519";"111Â 396";"A01";"1";"14";"0";"2";"7";"15";"1";""
"202100050520";"111Â 393";"A01";"1";"7";"0";"2";"8";"3";"1";""
"202100050520";"111Â 394";"B01";"2";"33";"0";"2";"8";"1";"1";""
"202100050521";"111Â 391";"B01";"3";"7";"0";"9";"6";"0";"1";""
"202100050521";"111Â 392";"A01";"3";"31";"0";"2";"3";"0";"1";""
"202100050522";"111Â 389";"A01";"2";"7";"0";"2";"5";"19";"1";""
"202100050522";"111Â 390";"B01";"2";"10";"0";"2";"1";"2";"1";""
"202100050523";"111Â 387";"A01";"1";"7";"0";"2";"1";"1";"1";""
"202100050523";"111Â 388";"B01";"1";"21";"0";"2";"6";"1";"1";""
"202100050524";"111Â 386";"A01";"1";"1";"0";"0";"0";"1";"5";""
"202100050525";"111Â 384";"B01";"2";"2";"0";"2";"8";"15";"1";""
"202100050525";"111Â 385";"A01";"1";"7";"0";"2";"1";"1";"1";""
"202100050526";"111Â 383";"A01";"3";"43";"6";"0";"2";"1";"1";""
"202100050527";"111Â 382";"A01";"1";"31";"12";"0";"1";"1";"1";""
"202100050528";"111Â 379";"A01";"2";"33";"9";"0";"1";"1";"1";""
"202100050529";"111Â 377";"A01";"1";"17";"0";"2";"8";"9";"1";""
"202100050529";"111Â 378";"B01";"1";"10";"0";"2";"2";"2";"1";""
"202100050530";"111Â 376";"A01";"1";"7";"0";"0";"9";"1";"1";""
"202100050531";"111Â 374";"B01";"0";"1";"0";"2";"7";"26";"6";""
"202100050531";"111Â 375";"A01";"0";"7";"0";"9";"3";"9";"1";""
"202100050532";"111Â 373";"A01";"2";"7";"0";"1";"2";"1";"1";""
"202100050533";"111Â 371";"A01";"0";"33";"0";"2";"1";"2";"1";""
"202100050533";"111Â 372";"B01";"0";"7";"0";"2";"5";"2";"1";""
"202100050534";"111Â 369";"B01";"2";"7";"0";"2";"2";"21";"1";""
"202100050534";"111Â 370";"A01";"2";"7";"8";"2";"8";"15";"1";""
"202100050535";"111Â 367";"B01";"0";"2";"0";"2";"2";"21";"1";""
"202100050535";"111Â 368";"A01";"1";"7";"0";"2";"6";"16";"1";""
"202100050536";"111Â 364";"C01";"2";"10";"0";"2";"1";"2";"1";""
"202100050536";"111Â 365";"A01";"2";"7";"0";"0";"4";"23";"1";""
"202100050536";"111Â 366";"B01";"2";"7";"0";"2";"4";"23";"1";""
"202100050537";"111Â 363";"A01";"1";"7";"0";"1";"2";"1";"1";""
"202100050538";"111Â 360";"A01";"1";"7";"0";"2";"4";"1";"1";""
"202100050538";"111Â 361";"B01";"1";"7";"0";"2";"1";"2";"1";""
"202100050539";"111Â 357";"A01";"1";"13";"0";"2";"4";"23";"1";""
"202100050539";"111Â 358";"C01";"1";"7";"0";"2";"1";"2";"2";""
"202100050539";"111Â 359";"B01";"1";"7";"0";"2";"4";"2";"1";""
"202100050540";"111Â 355";"A01";"1";"7";"0";"2";"1";"2";"1";""
"202100050540";"111Â 356";"B01";"1";"7";"0";"2";"4";"2";"1";""
"202100050541";"111Â 352";"C01";"2";"10";"0";"2";"7";"2";"1";""
"202100050541";"111Â 353";"A01";"2";"43";"0";"2";"7";"1";"1";""
"202100050541";"111Â 354";"B01";"2";"7";"0";"2";"8";"2";"1";""
"202100050542";"111Â 351";"A01";"1";"7";"3";"5";"1";"1";"1";""
"202100050543";"111Â 350";"A01";"1";"7";"0";"5";"1";"12";"1";""
"202100050544";"111Â 348";"B01";"2";"15";"0";"2";"6";"1";"1";""
"202100050544";"111Â 349";"A01";"2";"32";"0";"2";"1";"3";"1";""
"202100050545";"111Â 346";"B01";"2";"7";"0";"2";"4";"2";"1";""
"202100050545";"111Â 347";"A01";"2";"33";"0";"2";"1";"2";"1";""
"202100050546";"111Â 344";"A01";"2";"7";"4";"2";"7";"1";"1";""
"202100050546";"111Â 345";"B01";"2";"14";"0";"2";"3";"11";"1";""
"202100050547";"111Â 342";"Z01";"1";"7";"1";"0";"5";"12";"1";""
"202100050547";"111Â 343";"A01";"1";"7";"0";"2";"3";"23";"1";""
"202100050548";"111Â 338";"B01";"2";"7";"0";"2";"4";"2";"1";""
"202100050548";"111Â 339";"A01";"2";"10";"0";"2";"1";"0";"1";""
"202100050548";"111Â 340";"D01";"2";"10";"0";"2";"4";"2";"1";""
"202100050548";"111Â 341";"C01";"2";"7";"0";"2";"4";"2";"1";""
"202100050549";"111Â 335";"B01";"2";"10";"0";"2";"1";"2";"1";""
"202100050549";"111Â 336";"A01";"2";"7";"0";"2";"6";"2";"1";""
"202100050549";"111Â 337";"C01";"2";"7";"0";"2";"1";"2";"1";""
"202100050550";"111Â 330";"E01";"2";"7";"0";"0";"0";"0";"1";""
"202100050550";"111Â 331";"D01";"2";"10";"0";"2";"3";"1";"1";""
"202100050550";"111Â 332";"C01";"2";"7";"0";"2";"4";"1";"1";""
"202100050550";"111Â 333";"B01";"2";"7";"0";"2";"1";"1";"1";""
"202100050550";"111Â 334";"A01";"2";"7";"0";"2";"4";"2";"0";""
"202100050551";"111Â 328";"A01";"2";"7";"0";"2";"6";"1";"1";""
"202100050551";"111Â 329";"Z01";"2";"7";"0";"2";"1";"3";"0";""
"202100050552";"111Â 327";"A01";"2";"7";"6";"0";"1";"13";"1";""
"202100050553";"111Â 326";"A01";"2";"33";"0";"6";"1";"1";"1";""
"202100050554";"111Â 324";"B01";"1";"2";"0";"2";"7";"1";"1";""
"202100050554";"111Â 325";"A01";"2";"7";"0";"2";"3";"9";"1";""
"202100050555";"111Â 323";"A01";"2";"7";"0";"1";"2";"1";"1";""
"202100050556";"111Â 321";"A01";"3";"2";"0";"2";"1";"17";"1";""
"202100050556";"111Â 322";"B01";"3";"7";"0";"2";"3";"15";"1";""
"202100050557";"111Â 320";"A01";"1";"2";"0";"0";"0";"9";"1";""
"202100050558";"111Â 319";"A01";"1";"7";"0";"1";"3";"15";"1";""
"202100050559";"111Â 317";"B01";"1";"50";"0";"2";"3";"26";"3";""
"202100050559";"111Â 318";"A01";"1";"7";"0";"9";"1";"26";"0";""
"202100050560";"111Â 316";"A01";"1";"7";"6";"1";"6";"14";"1";""
"202100050561";"111Â 315";"A01";"2";"33";"14";"0";"1";"26";"1";""
"202100050562";"111Â 313";"A01";"1";"30";"0";"2";"3";"1";"1";""
"202100050562";"111Â 314";"B01";"1";"10";"0";"2";"0";"26";"0";""
"202100050563";"111Â 312";"A01";"3";"7";"0";"1";"3";"20";"1";""
"202100050564";"111Â 310";"B01";"3";"80";"0";"2";"8";"19";"3";""
"202100050564";"111Â 311";"A01";"2";"30";"0";"2";"1";"0";"1";""
"202100050565";"111Â 308";"A01";"1";"14";"0";"2";"1";"2";"1";""
"202100050565";"111Â 309";"B01";"1";"13";"0";"1";"4";"1";"1";""
"202100050566";"111Â 307";"A01";"2";"7";"13";"0";"2";"15";"1";""
"202100050567";"111Â 301";"A01";"2";"7";"0";"2";"5";"2";"1";""
"202100050567";"111Â 302";"B01";"2";"33";"0";"2";"1";"2";"1";""
"202100050568";"111Â 299";"B01";"0";"34";"0";"2";"1";"1";"1";""
"202100050568";"111Â 300";"A01";"0";"7";"0";"2";"7";"15";"1";""
"202100050569";"111Â 297";"A01";"2";"7";"0";"2";"1";"2";"1";""
"202100050569";"111Â 298";"B01";"2";"1";"0";"2";"4";"2";"5";""
"202100050570";"111Â 293";"B01";"2";"7";"0";"2";"3";"20";"2";""
"202100050570";"111Â 294";"A01";"1";"50";"0";"2";"1";"5";"3";""
"202100050571";"111Â 291";"B01";"2";"1";"0";"2";"1";"1";"5";""
"202100050571";"111Â 292";"A01";"1";"7";"0";"2";"2";"15";"1";""
"202100050572";"111Â 289";"B01";"2";"1";"0";"2";"7";"1";"5";""