"Num_Acc";"id_vehicule";"num_veh";"senc";"catv";"obs";"obsm";"choc";"manv";"motor";"occutc"
"202100050572";"111Â 290";"A01";"2";"37";"0";"2";"6";"1";"1";"1"
"202100050573";"111Â 287";"B01";"2";"7";"0";"2";"3";"1";"1";""
"202100050573";"111Â 288";"A01";"1";"2";"0";"2";"1";"1";"1";""
"202100050574";"111Â 285";"A01";"3";"7";"0";"2";"3";"16";"1";""
"202100050574";"111Â 286";"B01";"3";"1";"0";"2";"7";"16";"5";""
"202100050575";"111Â 284";"A01";"3";"7";"0";"1";"2";"16";"1";""
"202100050576";"111Â 282";"B01";"1";"33";"0";"2";"1";"1";"1";""
"202100050576";"111Â 283";"A01";"1";"7";"0";"2";"6";"12";"1";""
"202100050577";"111Â 281";"A01";"2";"7";"2";"0";"1";"1";"1";""
"202100050578";"111Â 279";"A01";"2";"1";"0";"2";"1";"19";"5";""
"202100050578";"111Â 280";"B01";"1";"7";"0";"2";"5";"15";"0";""
"202100050579";"111Â 277";"A01";"2";"31";"15";"2";"1";"17";"1";""
"202100050579";"111Â 278";"B01";"2";"10";"0";"2";"8";"15";"1";""
"202100050580";"111Â 276";"A01";"2";"7";"9";"1";"2";"9";"1";""
"202100050581";"111Â 273";"A01";"1";"7";"0";"2";"1";"1";"1";""
"202100050581";"111Â 274";"B01";"1";"7";"2";"0";"9";"13";"1";""
"202100050581";"111Â 275";"C01";"2";"7";"0";"2";"1";"13";"1";""
"202100050582";"111Â 272";"A01";"2";"7";"0";"1";"1";"9";"2";""
"202100050583";"111Â 270";"D01";"2";"7";"0";"2";"2";"17";"1";""
"202100050583";"111Â 271";"A01";"2";"1";"0";"2";"4";"15";"5";""
"202100050584";"111Â 268";"A01";"2";"7";"3";"2";"1";"5";"1";""
"202100050584";"111Â 269";"B01";"2";"7";"0";"2";"1";"1";"1";""
"202100050585";"111Â 266";"B01";"1";"7";"0";"2";"8";"0";"0";""
"202100050585";"111Â 267";"A01";"1";"7";"6";"2";"8";"17";"0";""
"202100050586";"111Â 264";"A01";"1";"7";"0";"2";"3";"15";"1";""
"202100050586";"111Â 265";"B01";"1";"31";"0";"2";"1";"1";"1";""
"202100050587";"111Â 262";"B01";"3";"33";"0";"2";"9";"26";"1";""
"202100050587";"111Â 263";"A01";"3";"7";"0";"2";"7";"15";"1";""
"202100050588";"111Â 260";"A01";"2";"7";"0";"2";"1";"15";"1";""
"202100050588";"111Â 261";"B01";"1";"2";"0";"2";"1";"1";"1";""
"202100050589";"111Â 259";"A01";"3";"7";"0";"1";"1";"1";"1";""
"202100050590";"111Â 256";"A01";"2";"7";"0";"2";"1";"17";"1";""
"202100050590";"111Â 257";"B01";"1";"7";"0";"2";"4";"1";"1";""
"202100050590";"111Â 258";"C01";"2";"7";"0";"2";"1";"1";"2";""
"202100050591";"111Â 254";"A01";"2";"7";"0";"2";"0";"0";"1";""
"202100050591";"111Â 255";"B01";"3";"7";"0";"0";"0";"0";"1";""
"202100050592";"111Â 253";"A01";"1";"7";"0";"1";"1";"1";"1";""
"202100050593";"111Â 251";"B01";"2";"10";"0";"2";"3";"15";"1";""
"202100050593";"111Â 252";"A01";"2";"30";"0";"2";"0";"17";"1";""
"202100050594";"111Â 250";"Z01";"2";"0";"0";"1";"0";"0";"0";""
"202100050595";"111Â 249";"A01";"0";"7";"0";"1";"6";"20";"0";""
"202100050596";"111Â 247";"B01";"2";"10";"0";"2";"2";"2";"1";""
"202100050596";"111Â 248";"A01";"2";"7";"0";"2";"3";"1";"1";""
"202100050597";"111Â 246";"A01";"0";"37";"0";"1";"3";"15";"0";"1"
"202100050598";"111Â 245";"A01";"2";"33";"8";"0";"3";"13";"1";""
"202100050599";"111Â 243";"A01";"1";"7";"0";"0";"0";"0";"1";""
"202100050599";"111Â 244";"B01";"1";"10";"12";"0";"0";"0";"1";""
"202100050600";"111Â 241";"A01";"1";"7";"0";"2";"1";"2";"1";""
"202100050600";"111Â 242";"B01";"1";"7";"0";"2";"4";"26";"1";""
"202100050601";"111Â 239";"B01";"2";"7";"0";"0";"4";"1";"1";""
"202100050601";"111Â 240";"A01";"2";"7";"0";"2";"1";"2";"1";""
"202100050602";"111Â 238";"A01";"1";"3";"0";"1";"1";"1";"0";""
"202100050603";"111Â 236";"B01";"2";"50";"0";"2";"1";"0";"3";""
"202100050603";"111Â 237";"A01";"2";"7";"0";"2";"6";"15";"1";""
"202100050604";"111Â 235";"A01";"1";"7";"0";"1";"2";"1";"1";""
"202100050605";"111Â 234";"A01";"3";"7";"0";"1";"1";"1";"1";""
"202100050606";"111Â 231";"A01";" -1";"7";"0";"2";"6";"23";"2";""
"202100050606";"111Â 232";"B01";" -1";"7";"0";"2";"4";"23";"0";""
"202100050606";"111Â 233";"C01";" -1";"7";"0";"2";"2";"2";"0";""
"202100050607";"111Â 229";"B01";"1";"30";"0";"2";"7";"1";"1";""
"202100050607";"111Â 230";"A01";"3";"7";"0";"2";"1";"9";"1";""
"202100050608";"111Â 228";"Z01";"2";"30";"0";"1";"7";"1";"1";""
"202100050609";"111Â 226";"A01";"1";"7";"0";"2";"2";"16";"1";""
"202100050609";"111Â 227";"B01";"1";"2";"0";"2";"3";"18";"1";""
"202100050610";"111Â 224";"B01";"1";"7";"0";"2";"2";"1";"1";""
"202100050610";"111Â 225";"A01";"2";"7";"0";"2";"1";"13";"1";""
"202100050611";"111Â 223";"A01";"2";"7";"8";"0";"1";"1";"1";""
"202100050612";"111Â 221";"B01";"1";"7";"0";"2";"3";"1";"1";""
"202100050612";"111Â 222";"A01";"2";"33";"0";"2";"3";"11";"1";""
"202100050613";"111Â 219";"C01";"2";"10";"0";"2";"1";"14";"1";""
"202100050613";"111Â 220";"A01";"2";"10";"0";"0";"4";"1";"1";""
"202100050614";"111Â 218";"A01";"2";"7";"0";"1";"1";"0";"1";""
"202100050615";"111Â 217";"A01";"2";"33";"13";"0";"9";"1";"1";""
"202100050616";"111Â 216";"A01";"1";"1";"0";"0";"0";"16";"5";""
"202100050617";"111Â 214";"A01";"2";"2";"1";"0";"1";"1";"1";""
"202100050617";"111Â 215";"B01";"2";"7";"0";"0";"4";"0";"1";""
"202100050618";"111Â 213";"A01";"1";"7";"0";"1";"1";"19";"1";""
"202100050619";"111Â 211";"A01";"1";"2";"0";"2";"1";"1";"1";""
"202100050619";"111Â 212";"B01";"1";"15";"0";"0";"4";"15";"1";""
"202100050620";"111Â 209";"A01";"3";"7";"8";"2";"3";"1";"1";""
"202100050620";"111Â 210";"B01";"3";"7";"0";"2";"2";"1";"1";""
"202100050621";"111Â 207";"A01";"1";"7";"0";"2";"2";"1";"1";""
"202100050621";"111Â 208";"B01";"1";"1";"0";"0";"4";"1";"5";""
"202100050622";"111Â 205";"A01";"3";"7";"0";"0";"7";"19";"1";""
"202100050622";"111Â 206";"B01";"2";"33";"0";"2";"3";"0";"1";""
"202100050623";"111Â 203";"B01";"3";"33";"0";"2";"1";"1";"1";""
"202100050623";"111Â 204";"A01";"3";"10";"0";"2";"7";"15";"1";""
"202100050624";"111Â 199";"B01";"2";"7";"0";"2";"3";"0";"1";""
"202100050624";"111Â 200";"A01";"1";"7";"0";"2";"2";"15";"1";""
"202100050625";"111Â 198";"A01";"3";"7";"0";"1";"1";"1";"1";""
"202100050626";"111Â 196";"A01";"2";"33";"0";"2";"1";"17";"1";""
"202100050626";"111Â 197";"B01";"2";"7";"0";"2";"6";"15";"1";""
"202100050627";"111Â 194";"A01";"1";"10";"0";"2";"8";"13";"1";""
"202100050627";"111Â 195";"B01";"1";"7";"0";"2";"7";"17";"1";""
"202100050628";"111Â 192";"A01";"2";"7";"0";"2";"5";"15";"1";""
"202100050628";"111Â 193";"B01";"1";"33";"0";"2";"1";"1";"1";""
"202100050629";"111Â 190";"A01";"1";"7";"0";"0";"5";"11";"1";""
"202100050629";"111Â 191";"B01";"2";"33";"0";"2";"1";"1";"1";""
"202100050630";"111Â 189";"A01";"1";"33";"0";"0";"0";"0";"1";""
"202100050631";"111Â 187";"A01";" -1";"7";"0";"9";"1";"16";"1";""
"202100050631";"111Â 188";"B01";" -1";"1";"0";"2";"0";"19";"5";""
"202100050632";"111Â 185";"B01";"2";"1";"0";"2";"8";"1";"5";""
"202100050632";"111Â 186";"A01";"2";"7";"0";"2";"7";"17";"0";""
"202100050633";"111Â 183";"E01";"2";"33";"0";"2";"1";"1";"1";""
"202100050633";"111Â 184";"A01";"1";"7";"0";"2";"1";"15";"1";""
"202100050634";"111Â 181";"A01";"0";"33";"0";"0";"1";"0";"1";""
"202100050634";"111Â 182";"B01";"0";"7";"0";"9";"3";"1";"1";""
"202100050635";"111Â 180";"A01";"3";"7";"8";"0";"6";"1";"1";""
"202100050636";"111Â 177";"A01";"1";"17";"3";"0";"5";"1";"1";""
"202100050636";"111Â 178";"B01";"1";"7";"0";"2";"1";"1";"1";""
"202100050636";"111Â 179";"C01";"1";"10";"0";"2";"1";"2";"1";""
"202100050637";"111Â 176";"A01";"2";"7";"0";"1";"1";"16";"1";""
"202100050638";"111Â 172";"D01";"1";"7";"0";"2";"5";"1";"1";""
"202100050638";"111Â 173";"C01";"1";"7";"0";"2";"3";"1";"1";""
"202100050638";"111Â 174";"B01";"1";"7";"0";"2";"6";"1";"1";""
"202100050638";"111Â 175";"A01";"1";"33";"0";"2";"1";"1";"1";""
"202100050639";"111Â 170";"B01";"1";"15";"0";"2";"3";"15";"1";""
"202100050639";"111Â 171";"A01";"2";"33";"0";"2";"8";"1";"1";""
"202100050640";"111Â 168";"B01";"0";"1";"0";"2";"1";"1";"6";""
"202100050640";"111Â 169";"A01";"0";"7";"0";"0";"2";"1";"1";""
"202100050641";"111Â 166";"B01";"2";"7";"0";"0";"5";"16";"1";""
"202100050641";"111Â 167";"A01";"2";"7";"0";"2";"1";"26";"1";""
"202100050642";"111Â 164";"B01";"2";"33";"15";"9";"1";"1";"1";""
"202100050642";"111Â 165";"A01";"3";"7";"0";"0";"2";"26";"1";""
"202100050643";"111Â 162";"A01";"2";"7";"0";"2";"1";"1";"1";""
"202100050643";"111Â 163";"B01";"0";"1";"0";"2";"7";"26";"5";""
"202100050644";"111Â 161";"A01";"2";"7";"2";"0";"2";"1";"1";""
"202100050645";"111Â 159";"B01";"1";"7";"0";"2";"2";"1";"1";""
"202100050645";"111Â 160";"A01";"1";"1";"0";"2";"3";"9";"5";""
"202100050646";"111Â 157";"A01";"2";"7";"0";"2";"3";"13";"1";""
"202100050646";"111Â 158";"B01";"1";"7";"0";"2";"3";"1";"1";""
"202100050647";"111Â 156";"A01";"3";"10";"0";"1";"3";"1";"1";""
"202100050648";"111Â 154";"A01";"1";"7";"3";"2";"1";"2";"1";""
"202100050648";"111Â 155";"B01";"1";"7";"4";"0";"4";"1";"1";""
"202100050649";"111Â 151";"A01";"2";"7";"0";"2";"1";"1";"1";""
"202100050649";"111Â 152";"B01";"2";"7";"0";"2";"9";"2";"1";""
"202100050649";"111Â 153";"C01";"2";"7";"0";"2";"4";"2";"1";""
"202100050650";"111Â 150";"A01";"1";"7";"4";"0";"2";"2";"1";""
"202100050651";"111Â 148";"B01";"2";"7";"0";"2";"4";"2";"1";""
"202100050651";"111Â 149";"A01";"2";"7";"0";"2";"1";"2";"1";""
"202100050652";"111Â 146";"A01";"1";"17";"0";"2";"1";"2";"1";""
"202100050652";"111Â 147";"B01";"1";"7";"0";"2";"4";"2";"1";""
"202100050653";"111Â 143";"C01";"2";"7";"0";"2";"4";"0";"1";""
"202100050653";"111Â 144";"B01";"2";"7";"0";"2";"3";"13";"1";""
"202100050653";"111Â 145";"A01";"2";"10";"0";"2";"1";"2";"1";""
"202100050654";"111Â 142";"A01";"2";"7";"4";"0";"1";"1";"1";""
"202100050655";"111Â 141";"A01";"2";"7";"6";"0";"1";"0";"1";""
"202100050656";"111Â 138";"A01";"1";"37";"0";"2";"7";"1";"1";"1"
"202100050656";"111Â 139";"B01";"1";"30";"0";"2";"1";"16";"1";""
"202100050657";"111Â 136";"A01";"1";"7";"0";"2";"2";"1";"1";""
"202100050657";"111Â 137";"B01";"1";"10";"8";"2";"3";"1";"1";""
"202100050658";"111Â 134";"A01";"2";"7";"0";"2";"2";"16";"2";""
"202100050658";"111Â 135";"B01";"2";"1";"0";"2";"3";"1";"5";""
"202100050659";"111Â 133";"A01";"0";"3";"8";"0";"1";"1";"1";""
"202100050660";"111Â 131";"B01";"2";"7";"0";"2";"1";"1";"1";""
"202100050660";"111Â 132";"A01";"1";"7";"0";"2";"3";"15";"1";""
"202100050661";"111Â 129";"A01";"1";"30";"0";"2";"1";"1";"1";""
"202100050661";"111Â 130";"B01";"2";"7";"0";"2";"2";"1";"1";""
"202100050662";"111Â 127";"A01";"1";"33";"0";"0";"0";"1";"1";""
"202100050663";"111Â 126";"A01";"3";"7";"0";"1";"1";"1";"1";""
"202100050664";"111Â 124";"B01";"1";"2";"0";"2";"1";"1";"1";""
"202100050664";"111Â 125";"A01";"1";"7";"0";"0";"4";"16";"1";""
"202100050665";"111Â 123";"A01";"2";"7";"17";"0";"2";"1";"1";""
"202100050666";"111Â 122";"A01";"0";"7";"0";"0";"1";"0";"1";""
"202100050667";"111Â 120";"B01";"3";"1";"0";"2";"4";"2";"5";""
"202100050667";"111Â 121";"A01";"3";"7";"0";"9";"2";"2";"1";""
"202100050668";"111Â 118";"A01";"1";"33";"0";"2";"1";"1";"1";""
"202100050668";"111Â 119";"B01";"2";"7";"0";"2";"2";"15";"1";""
"202100050669";"111Â 117";"A01";"1";"7";"3";"0";"3";"17";"1";""
"202100050670";"111Â 115";"A01";"1";"7";"0";"2";"1";"5";"1";""
"202100050670";"111Â 116";"B01";"1";"10";"0";"2";"2";"1";"1";""
"202100050671";"111Â 113";"C01";"3";"7";"0";"2";"3";"1";"1";""
"202100050671";"111Â 114";"A01";"3";"2";"0";"2";"1";"1";"1";""
"202100050672";"111Â 112";"A01";"1";"33";"0";"0";"8";"15";"1";""
"202100050673";"111Â 111";"A01";"1";"7";"13";"0";"2";"1";"1";""
"202100050674";"111Â 109";"A01";"2";"7";"0";"2";"2";"1";"1";""
"202100050674";"111Â 110";"B01";"2";"1";"0";"0";"1";"2";"5";""
"202100050675";"111Â 107";"A01";"1";"7";"0";"0";"8";"15";"1";""
"202100050675";"111Â 108";"B01";"1";"33";"0";"2";"1";"17";"1";""
"202100050676";"111Â 106";"A01";"1";"7";"13";"0";"8";"1";"0";""
"202100050677";"111Â 103";"A01";"2";"7";"0";"2";"3";"13";"1";""
"202100050677";"111Â 104";"B01";"1";"17";"0";"2";"3";"1";"1";""
"202100050677";"111Â 105";"C01";"2";"7";"13";"2";"8";"1";"1";""
"202100050678";"111Â 102";"A01";"1";"7";"2";"0";"3";"13";"1";""
"202100050679";"111Â 101";"A01";"1";"33";"14";"0";"1";"1";"1";""
"202100050680";"111Â 100";"A01";"3";"1";"15";"0";"0";"21";"5";""
"202100050681";"111Â 099";"A01";"1";"7";"13";"0";"3";"1";"1";""
"202100050682";"111Â 098";"A01";"3";"7";"0";"9";"1";"0";"1";""
"202100050683";"111Â 096";"A01";"1";"7";"0";"2";"1";"1";"1";""
"202100050683";"111Â 097";"B01";"1";"7";"0";"2";"4";"1";"1";""
"202100050684";"111Â 094";"A01";"2";"2";"0";"2";"0";"21";"1";""
"202100050684";"111Â 095";"B01";"1";"21";"0";"2";"0";"21";"1";""
"202100050685";"111Â 092";"A01";"1";"10";"0";"2";"1";"1";"1";""
"202100050685";"111Â 093";"B01";"1";"7";"0";"0";"4";"23";"1";""
"202100050686";"111Â 090";"B01";"2";"30";"0";"2";"7";"1";"1";""
"202100050686";"111Â 091";"A01";"2";"7";"0";"2";"3";"9";"1";""
"202100050687";"111Â 089";"A01";"1";"7";"0";"1";"3";"1";"1";""
"202100050688";"111Â 087";"A01";"1";"7";"0";"2";"2";"9";"1";""
"202100050688";"111Â 088";"B01";"1";"33";"0";"2";"1";"1";"1";""
"202100050689";"111Â 085";"B01";"2";"7";"0";"0";"1";"1";"1";""
"202100050689";"111Â 086";"A01";"1";"7";"0";"0";"1";"1";"1";""
"202100050690";"111Â 083";"B01";"1";"20";"0";"2";"3";"1";"1";""
"202100050690";"111Â 084";"A01";"2";"10";"0";"2";"3";"13";"1";""
"202100050691";"111Â 081";"B01";"1";"7";"0";"2";"3";"1";"1";""
"202100050691";"111Â 082";"A01";"2";"7";"0";"2";"3";"13";"1";""
"202100050692";"111Â 079";"B01";"2";"7";"0";"0";"1";"1";"1";""
"202100050692";"111Â 080";"A01";"1";"7";"0";"2";"1";"1";"1";""
"202100050693";"111Â 077";"A01";"1";"33";"0";"2";"1";"2";"1";""
"202100050693";"111Â 078";"B01";"1";"33";"0";"2";"4";"2";"1";""
"202100050694";"111Â 075";"A01";"2";"10";"0";"2";"8";"1";"1";""
"202100050694";"111Â 076";"B01";"1";"33";"0";"2";"8";"13";"1";""
"202100050695";"111Â 073";"B01";"1";"33";"0";"2";"1";"1";"1";""
"202100050695";"111Â 074";"A01";"1";"7";"0";"2";"6";"10";"1";""
"202100050696";"111Â 071";"B01";"1";"10";"0";"2";"1";"1";"1";""
"202100050696";"111Â 072";"A01";"2";"7";"0";"2";"1";"1";"1";""
"202100050697";"111Â 069";"B01";"0";"33";"0";"2";"1";"1";"1";""
"202100050697";"111Â 070";"A01";"0";"7";"0";"2";"8";"19";"1";""
"202100050698";"111Â 068";"A01";"1";"32";"13";"0";"7";"1";"1";""
"202100050699";"111Â 066";"B01";"2";"7";"0";"0";"4";"2";"1";""
"202100050699";"111Â 067";"A01";"2";"7";"0";"2";"1";"2";"1";""
"202100050700";"111Â 065";"A01";"1";"10";"9";"0";"1";"14";"1";""
"202100050701";"111Â 063";"A01";"1";"33";"0";"2";"3";"1";"1";""
"202100050701";"111Â 064";"B01";"2";"7";"0";"2";"2";"15";"2";""
"202100050702";"111Â 062";"A01";"1";"7";"13";"0";"1";"1";"1";""
"202100050703";"111Â 060";"B01";"1";"33";"0";"2";"1";"1";"1";""
"202100050703";"111Â 061";"A01";"2";"7";"0";"2";"2";"15";"1";""
"202100050704";"111Â 058";"B01";"2";"7";"0";"2";"3";"15";"1";""
"202100050704";"111Â 059";"A01";"2";"32";"0";"2";"1";"17";"1";""
"202100050705";"111Â 056";"B01";"1";"33";"0";"2";"1";"1";"1";""
"202100050705";"111Â 057";"A01";"2";"7";"0";"2";"3";"9";"1";""
"202100050706";"111Â 055";"A01";"3";"2";"0";"0";"9";"1";"1";""
"202100050707";"111Â 053";"A01";"3";"7";"0";"0";"6";"9";"1";""
"202100050707";"111Â 054";"B01";"3";"33";"0";"2";"1";"2";"1";""
"202100050708";"111Â 051";"B01";"1";"38";"0";"2";"3";"1";"1";"1"
"202100050708";"111Â 052";"A01";"2";"7";"0";"2";"3";"5";"1";""
"202100050709";"111Â 049";"A01";"1";"7";"0";"0";"5";"1";"1";""
"202100050709";"111Â 050";"B01";"1";"2";"0";"2";"1";"2";"1";""
"202100050710";"111Â 048";"A01";"0";"36";"0";"0";"6";"1";"1";""
"202100050711";"111Â 047";"A01";"3";"36";"0";"0";"1";"26";"1";""
"202100050712";"111Â 045";"B01";"1";"33";"0";"2";"1";"17";"1";""
"202100050712";"111Â 046";"A01";"1";"7";"0";"9";"6";"17";"1";""
"202100050713";"111Â 040";"A01";"2";"10";"0";"2";"0";"2";"1";""
"202100050713";"111Â 041";"E01";"2";"7";"0";"2";"1";"2";"1";""
"202100050713";"111Â 042";"C01";"2";"7";"0";"2";"4";"2";"1";""
"202100050713";"111Â 043";"B01";"2";"7";"0";"2";"4";"2";"1";""
"202100050713";"111Â 044";"D01";"2";"7";"0";"2";"4";"2";"1";""
"202100050714";"111Â 038";"B01";"1";"10";"0";"2";"9";"14";"1";""
"202100050714";"111Â 039";"A01";"1";"13";"0";"2";"6";"1";"1";""
"202100050715";"111Â 035";"C01";"2";"7";"0";"2";"7";"17";"1";""
"202100050715";"111Â 036";"B01";"2";"7";"0";"2";"2";"1";"1";""
"202100050715";"111Â 037";"A01";"2";"7";"0";"2";"3";"18";"1";""
"202100050716";"111Â 030";"E01";"2";"10";"0";"2";"1";"1";"1";""
"202100050716";"111Â 031";"D01";"2";"7";"0";"2";"1";"11";"1";""
"202100050716";"111Â 032";"C01";"2";"7";"4";"2";"7";"1";"1";""
"202100050716";"111Â 033";"B01";"2";"7";"3";"2";"8";"11";"1";""
"202100050716";"111Â 034";"A01";"2";"7";"0";"2";"6";"1";"1";""
"202100050717";"111Â 028";"A01";"1";"7";"0";"2";"1";"26";"1";""
"202100050717";"111Â 029";"B01";"1";"7";"0";"2";"4";"26";"1";""
"202100050718";"111Â 026";"A01";"2";"7";"0";"2";"8";"13";"1";""
"202100050718";"111Â 027";"B01";"2";"7";"4";"2";"2";"1";"1";""
"202100050719";"111Â 025";"A01";"2";"7";"4";"0";"3";"13";"1";""
"202100050720";"111Â 024";"A01";"1";"32";"0";"0";"0";"2";"1";""
"202100050721";"111Â 022";"A01";"2";"20";"0";"0";"0";"26";"0";""
"202100050721";"111Â 023";"B01";"2";"31";"0";"0";"0";"26";"1";""
"202100050722";"111Â 019";"C01";"2";"7";"0";"2";"4";"2";"1";""
"202100050722";"111Â 020";"A01";"2";"7";"0";"2";"1";"9";"1";""
"202100050722";"111Â 021";"B01";"2";"7";"0";"2";"4";"2";"2";""
"202100050723";"111Â 018";"A01";"2";"32";"4";"0";"8";"1";"1";""
"202100050724";"111Â 017";"A01";"2";"7";"3";"0";"1";"21";"1";""
"202100050725";"111Â 015";"A01";"2";"7";"0";"2";"1";"2";"1";""
"202100050725";"111Â 016";"B01";"2";"7";"0";"2";"4";"2";"1";""
"202100050726";"111Â 014";"A01";"1";"7";"6";"0";"0";"13";"1";""
"202100050727";"111Â 012";"B01";"1";"31";"0";"2";"7";"1";"1";""
"202100050727";"111Â 013";"A01";"1";"7";"0";"9";"8";"15";"1";""
"202100050728";"111Â 010";"B01";"3";"33";"0";"2";"2";"1";"1";""
"202100050728";"111Â 011";"A01";"3";"7";"0";"2";"8";"26";"1";""
"202100050729";"111Â 008";"B01";"3";"7";"0";"2";"1";"14";"1";""
"202100050729";"111Â 009";"A01";"3";"30";"0";"2";"1";"25";"0";""
"202100050730";"111Â 006";"A01";"2";"7";"0";"2";"1";"2";"1";""
"202100050730";"111Â 007";"B01";"2";"7";"0";"2";"4";"23";"1";""
"202100050731";"111Â 005";"A01";"3";"37";"0";"1";"5";"16";"1";"1"
"202100050732";"111Â 002";"C01";"3";"7";"0";"2";"4";"1";"1";""
"202100050732";"111Â 003";"A01";"3";"7";"0";"2";"2";"1";"1";""
"202100050732";"111Â 004";"B01";"3";"7";"0";"2";"6";"1";"1";""
"202100050733";"111Â 000";"B01";"2";"7";"0";"2";"8";"1";"1";""
"202100050733";"111Â 001";"A01";"2";"7";"0";"2";"1";"1";"1";""
"202100050734";"110Â 998";"B01";"1";"33";"0";"2";"4";"1";"1";""
"202100050734";"110Â 999";"A01";"1";"7";"0";"2";"3";"26";"1";""
"202100050735";"110Â 996";"B01";"3";"7";"0";"2";"3";"1";"1";""
"202100050735";"110Â 997";"A01";"3";"30";"0";"2";"4";"9";"1";""
"202100050736";"110Â 994";"A01";"3";"2";"1";"0";"1";"13";"1";""
"202100050736";"110Â 995";"B01";"3";"7";"0";"9";"2";"26";"1";""
"202100050737";"110Â 992";"B01";"1";"7";"0";"2";"6";"2";"0";""
"202100050737";"110Â 993";"A01";"1";"32";"0";"2";"0";"0";"0";""
"202100050738";"110Â 991";"A01";"2";"33";"0";"0";"1";"1";"1";""
"202100050739";"110Â 989";"B01";"2";"14";"0";"2";"6";"1";"1";""
"202100050739";"110Â 990";"A01";"2";"30";"0";"2";"0";"3";"1";""
"202100050740";"110Â 985";"B01";"3";"33";"0";"2";"1";"2";"1";""
"202100050740";"110Â 986";"A01";"3";"7";"0";"2";"3";"10";"1";""
"202100050741";"110Â 983";"B01";"2";"7";"0";"2";"3";"1";"1";""
"202100050741";"110Â 984";"A01";"1";"2";"0";"2";"3";"19";"1";""
"202100050742";"110Â 982";"A01";"2";"7";"0";"1";"4";"20";"1";""
"202100050743";"110Â 981";"A01";"2";"7";"14";"0";"3";"1";"1";""
"202100050744";"110Â 979";"A01";"2";"2";"0";"2";"1";"9";"1";""
"202100050744";"110Â 980";"B01";"1";"7";"0";"2";"5";"16";"1";""
"202100050745";"110Â 978";"A01";"2";"33";"6";"0";"3";"16";"1";""
"202100050746";"110Â 976";"B01";"0";"1";"0";"2";"1";"1";"0";""
"202100050746";"110Â 977";"A01";"0";"7";"0";"2";"3";"15";"1";""
"202100050747";"110Â 974";"B01";"2";"99";"0";"2";"2";"19";"0";""
"202100050747";"110Â 975";"A01";"2";"99";"0";"2";"1";"19";"0";""
"202100050748";"110Â 972";"A01";"2";"30";"0";"2";"7";"9";"1";""
"202100050748";"110Â 973";"B01";"1";"7";"0";"2";"3";"9";"1";""
"202100050749";"110Â 970";"B01";"3";"7";"0";"2";"4";"15";"1";""
"202100050749";"110Â 971";"A01";"3";"30";"0";"2";"1";"2";"1";""
"202100050750";"110Â 969";"A01";"2";"7";"0";"1";"2";"1";"1";""
"202100050751";"110Â 965";"B01";"1";"33";"0";"2";"1";"1";"1";""
"202100050751";"110Â 966";"A01";"3";"7";"0";"2";"3";"15";"1";""
"202100050752";"110Â 964";"A01";"1";"7";"0";"1";"1";"15";"1";""
"202100050753";"110Â 962";"A01";"1";"7";"0";"2";"3";"9";"1";""
"202100050753";"110Â 963";"B01";"2";"1";"0";"2";"1";"1";"0";""
"202100050754";"110Â 960";"A01";"1";"7";"12";"2";"2";"2";"1";""
"202100050754";"110Â 961";"B01";"1";"7";"12";"2";"6";"1";"1";""
"202100050755";"110Â 959";"A01";"1";"7";"13";"0";"1";"1";"1";""
"202100050756";"110Â 955";"C01";"1";"7";"0";"2";"6";"0";"1";""
"202100050756";"110Â 956";"D01";"1";"31";"1";"0";"1";"13";"0";""
"202100050756";"110Â 957";"A01";"1";"7";"0";"2";"6";"26";"1";""
"202100050756";"110Â 958";"B01";"1";"7";"1";"0";"2";"2";"1";""
"202100050757";"110Â 954";"A01";"3";"36";"8";"0";"5";"14";"1";""
"202100050758";"110Â 952";"Z01";"0";"7";"0";"2";"2";"1";"1";""
"202100050758";"110Â 953";"A01";"1";"31";"0";"2";"7";"20";"1";""
"202100050759";"110Â 950";"A01";"2";"32";"8";"2";"1";"17";"1";""
"202100050759";"110Â 951";"B01";"2";"10";"0";"2";"3";"15";"1";""
"202100050760";"110Â 948";"A01";"1";"7";"0";"2";"0";"0";"0";""
"202100050760";"110Â 949";"B01";"1";"2";"0";"2";"3";"15";"1";""
"202100050761";"110Â 945";"A01";"2";"32";"0";"2";"1";"3";"1";""
"202100050761";"110Â 946";"B01";"2";"7";"0";"2";"6";"1";"2";""
"202100050761";"110Â 947";"C01";"2";"7";"0";"2";"2";"1";"2";""
"202100050762";"110Â 942";"C01";"1";"10";"0";"2";"4";"2";"1";""
"202100050762";"110Â 943";"B01";"1";"10";"0";"2";"4";"2";"1";""
"202100050762";"110Â 944";"A01";"1";"7";"0";"2";"1";"2";"1";""
"202100050763";"110Â 941";"A01";"1";"7";"0";"1";"2";"1";"1";""
"202100050764";"110Â 939";"B01";"2";"50";"0";"2";"1";"1";"3";""
"202100050764";"110Â 940";"A01";"2";"10";"0";"2";"2";"16";"1";""
"202100050765";"110Â 938";"A01";"1";"1";"0";"0";"0";"21";"5";""
"202100050766";"110Â 937";"A01";"1";"60";"0";"0";"0";"25";"5";""
"202100050767";"110Â 934";"A01";"1";"7";"0";"2";"2";"15";"1";""
"202100050767";"110Â 935";"B01";"1";"33";"0";"2";"3";"1";"1";""