"Num_Acc";"id_vehicule";"num_veh";"senc";"catv";"obs";"obsm";"choc";"manv";"motor";"occutc"
"202100050767";"110Â 936";"C01";"1";"7";"0";"2";"5";"23";"2";""
"202100050768";"110Â 932";"A01";"2";"7";"0";"2";"2";"15";"1";""
"202100050768";"110Â 933";"B01";"1";"1";"0";"2";"8";"1";"5";""
"202100050769";"110Â 930";"Z01";"1";"43";"0";"2";"1";"2";"1";""
"202100050769";"110Â 931";"A01";"1";"33";"0";"2";"4";"2";"1";""
"202100050770";"110Â 929";"A01";"1";"1";"0";"1";"0";"1";"5";""
"202100050771";"110Â 927";"B01";"1";"30";"0";"2";"4";"23";"1";""
"202100050771";"110Â 928";"A01";"1";"30";"0";"2";"1";"1";"3";""
"202100050772";"110Â 926";"A01";"1";"33";"0";"0";"4";"1";"1";""
"202100050773";"110Â 924";"A01";"1";"7";"0";"2";"3";"22";"1";""
"202100050773";"110Â 925";"B01";"1";"80";"0";"2";"0";"1";"3";""
"202100050774";"110Â 923";"A01";"1";"7";"0";"1";"4";"4";"1";""
"202100050775";"110Â 921";"B01";"3";"7";"0";"2";"2";"1";"1";""
"202100050775";"110Â 922";"A01";"3";"7";"0";"2";"3";"1";"1";""
"202100050776";"110Â 919";"A01";"1";"33";"16";"0";"5";"20";"1";""
"202100050776";"110Â 920";"Z01";"1";"2";"0";"2";"3";"2";"1";""
"202100050777";"110Â 918";"A01";"2";"32";"12";"0";"1";"26";"1";""
"202100050778";"110Â 917";"A01";"3";"33";"0";"0";"0";"1";"1";""
"202100050779";"110Â 916";"A01";"2";"7";"0";"1";"5";"1";"1";""
"202100050780";"110Â 915";"A01";"1";"7";"0";"1";"1";"1";"1";""
"202100050781";"110Â 913";"A01";"1";"7";"0";"2";"5";"12";"1";""
"202100050781";"110Â 914";"B01";"1";"33";"0";"2";"3";"1";"1";""
"202100050782";"110Â 911";"A01";"1";"7";"0";"2";"2";"16";"1";""
"202100050782";"110Â 912";"B01";"1";"34";"0";"2";"5";"16";"1";""
"202100050783";"110Â 909";"B01";"3";"33";"0";"2";"6";"15";"1";""
"202100050783";"110Â 910";"A01";"3";"7";"0";"2";"0";"1";"1";""
"202100050784";"110Â 907";"A01";"2";"2";"0";"2";"8";"15";"1";""
"202100050784";"110Â 908";"B01";"2";"32";"0";"2";"7";"17";"1";""
"202100050785";"110Â 904";"A01";"1";"7";"0";"2";"2";"15";"1";""
"202100050785";"110Â 905";"C01";"2";"7";"0";"2";"1";"1";"1";""
"202100050785";"110Â 906";"B01";"2";"7";"0";"2";"6";"1";"1";""
"202100050786";"110Â 903";"A01";"3";"2";"1";"0";"0";"1";"1";""
"202100050787";"110Â 902";"A01";"3";"7";"17";"0";"2";"14";"1";""
"202100050788";"110Â 900";"A01";"2";"7";"0";"2";"1";"1";"1";""
"202100050788";"110Â 901";"B01";"2";"7";"0";"2";"4";"2";"1";""
"202100050789";"110Â 898";"B01";"1";"17";"0";"0";"4";"1";"1";""
"202100050789";"110Â 899";"A01";"1";"7";"0";"2";"1";"2";"1";""
"202100050790";"110Â 896";"A01";"2";"7";"4";"2";"3";"11";"1";""
"202100050790";"110Â 897";"B01";"2";"7";"0";"2";"3";"17";"1";""
"202100050791";"110Â 894";"A01";"1";"2";"0";"2";"1";"21";"1";""
"202100050791";"110Â 895";"B01";"2";"10";"0";"0";"8";"1";"0";""
"202100050792";"110Â 893";"A01";"2";"7";"13";"0";"1";"1";"1";""
"202100050793";"110Â 891";"B01";"1";"33";"0";"2";"1";"1";"1";""
"202100050793";"110Â 892";"A01";"1";"7";"0";"2";"3";"16";"1";""
"202100050794";"110Â 888";"C01";"1";"7";"0";"2";"8";"1";"1";""
"202100050794";"110Â 889";"B01";"1";"7";"0";"2";"8";"1";"1";""
"202100050794";"110Â 890";"A01";"2";"32";"0";"2";"8";"1";"1";""
"202100050795";"110Â 886";"A01";"1";"7";"0";"0";"1";"1";"1";""
"202100050795";"110Â 887";"B01";"2";"1";"0";"2";"1";"1";"5";""
"202100050796";"110Â 884";"A01";"1";"2";"0";"2";"3";"13";"1";""
"202100050796";"110Â 885";"B01";"1";"7";"0";"2";"6";"1";"1";""
"202100050797";"110Â 882";"B01";"1";"1";"0";"2";"4";"2";"5";""
"202100050797";"110Â 883";"A01";"1";"7";"0";"2";"1";"1";"1";""
"202100050798";"110Â 880";"B01";"2";"7";"15";"2";"1";"1";"1";""
"202100050798";"110Â 881";"A01";"1";"7";"0";"0";"3";"15";"1";""
"202100050799";"110Â 878";"A01";"3";"7";"0";"2";"3";"13";"1";""
"202100050799";"110Â 879";"B01";"3";"2";"0";"2";"3";"1";"1";""
"202100050800";"110Â 876";"B01";"1";"7";"0";"2";"1";"1";"1";""
"202100050800";"110Â 877";"A01";"2";"7";"0";"2";"1";"13";"1";""
"202100050801";"110Â 873";"A01";"1";"7";"8";"0";"1";"1";"1";""
"202100050802";"110Â 871";"B01";"1";"1";"0";"2";"8";"1";"5";""
"202100050802";"110Â 872";"A01";"2";"7";"0";"2";"1";"15";"1";""
"202100050803";"110Â 869";"B01";"2";"33";"0";"2";"1";"1";"1";""
"202100050803";"110Â 870";"A01";"1";"7";"0";"2";"3";"19";"1";""
"202100050804";"110Â 868";"A01";"2";"7";"6";"0";"3";"13";"1";""
"202100050805";"110Â 867";"A01";"1";"7";"0";"1";"1";"1";"1";""
"202100050806";"110Â 865";"A01";"2";"33";"0";"2";"7";"5";"1";""
"202100050806";"110Â 866";"B01";"1";"7";"0";"2";"1";"1";"1";""
"202100050807";"110Â 861";"A01";"3";"7";"0";"2";"1";"15";"1";""
"202100050807";"110Â 862";"C01";"1";"7";"14";"0";"1";"1";"1";""
"202100050807";"110Â 863";"B01";"1";"7";"0";"2";"2";"1";"1";""
"202100050808";"110Â 860";"A01";"3";"2";"0";"0";"0";"1";"3";""
"202100050809";"110Â 858";"A01";"1";"7";"0";"2";"1";"9";"0";""
"202100050809";"110Â 859";"B01";"1";"1";"0";"2";"7";"1";"5";""
"202100050810";"110Â 857";"A01";"2";"33";"0";"0";"8";"1";"1";""
"202100050811";"110Â 856";"A01";"3";"31";"15";"0";"1";"1";"1";""
"202100050812";"110Â 854";"A01";"2";"33";"0";"2";"3";"13";"1";""
"202100050812";"110Â 855";"B01";"1";"7";"0";"2";"8";"1";"1";""
"202100050813";"110Â 852";"B01";"1";"33";"0";"9";"1";"21";"1";""
"202100050813";"110Â 853";"A01";"1";"33";"0";"0";"0";"1";"1";""
"202100050814";"110Â 850";"B01";"1";"1";"0";"0";"0";"2";"5";""
"202100050814";"110Â 851";"A01";"1";"1";"0";"0";"0";"1";"5";""
"202100050815";"110Â 849";"A01";"2";"7";"13";"0";"1";"1";"1";""
"202100050816";"110Â 847";"A01";"1";"33";"0";"2";"1";"0";"1";""
"202100050816";"110Â 848";"B01";"2";"7";"0";"2";"3";"0";"1";""
"202100050817";"110Â 846";"A01";"1";"7";"16";"0";"3";"1";"1";""
"202100050818";"110Â 844";"A01";"2";"7";"0";"9";"2";"13";"1";""
"202100050818";"110Â 845";"B01";"2";"80";"0";"0";"4";"13";"3";""
"202100050819";"110Â 842";"B01";"3";"31";"0";"2";"1";"2";"1";""
"202100050819";"110Â 843";"A01";"3";"7";"0";"2";"6";"15";"1";""
"202100050820";"110Â 841";"A01";"1";"3";"0";"0";"0";"1";"1";""
"202100050821";"110Â 839";"A01";"2";"1";"12";"2";"7";"2";"5";""
"202100050821";"110Â 840";"B01";"2";"1";"12";"2";"8";"2";"5";""
"202100050822";"110Â 837";"B01";"2";"1";"0";"2";"8";"1";"5";""
"202100050822";"110Â 838";"A01";"1";"7";"0";"2";"3";"15";"1";""
"202100050823";"110Â 835";"A01";"1";"32";"15";"0";"1";"14";"1";""
"202100050824";"110Â 834";"A01";"1";"7";"2";"0";"1";"0";"1";""
"202100050825";"110Â 832";"A01";"1";"7";"0";"2";"3";"15";"1";""
"202100050825";"110Â 833";"B01";"2";"7";"0";"2";"1";"1";"1";""
"202100050826";"110Â 831";"A01";"1";"30";"1";"0";"0";"0";"1";""
"202100050827";"110Â 829";"B01";"2";"7";"0";"2";"0";"1";"1";""
"202100050827";"110Â 830";"A01";"1";"7";"0";"2";"8";"19";"1";""
"202100050828";"110Â 827";"A01";"1";"7";"0";"2";"1";"13";"1";""
"202100050828";"110Â 828";"B01";"2";"7";"0";"2";"2";"1";"1";""
"202100050829";"110Â 825";"B01";"1";"33";"5";"0";"1";"21";"1";""
"202100050829";"110Â 826";"A01";"1";"33";"5";"0";"1";"21";"1";""
"202100050830";"110Â 823";"B01";"2";"15";"0";"0";"4";"2";"1";""
"202100050830";"110Â 824";"A01";"2";"7";"3";"2";"1";"2";"1";""
"202100050831";"110Â 821";"B01";"1";"1";"0";"2";"4";"2";"5";""
"202100050831";"110Â 822";"A01";"1";"7";"0";"9";"2";"1";"1";""
"202100050832";"110Â 820";"A01";"1";"33";"0";"6";"1";"1";"1";""
"202100050833";"110Â 819";"A01";"1";"33";"0";"0";"3";"1";"1";""
"202100050834";"110Â 818";"A01";"1";"7";"13";"0";"2";"14";"1";""
"202100050835";"110Â 816";"A01";"0";"7";"0";"9";"1";"15";"1";""
"202100050835";"110Â 817";"C01";"3";"50";"0";"2";"1";"16";"3";""
"202100050836";"110Â 815";"A01";"3";"1";"0";"1";"1";"1";"5";""
"202100050837";"110Â 813";"B01";"1";"7";"0";"2";"3";"1";"1";""
"202100050837";"110Â 814";"A01";"2";"0";"0";"2";"0";"5";"0";""
"202100050838";"110Â 812";"A01";"2";"33";"0";"5";"1";"26";"1";""
"202100050839";"110Â 811";"A01";"2";"7";"2";"0";"1";"1";"1";""
"202100050840";"110Â 809";"B01";"1";"33";"0";"2";"2";"1";"1";""
"202100050840";"110Â 810";"A01";"2";"7";"0";"2";"2";"1";"1";""
"202100050841";"110Â 808";"A01";"2";"7";"13";"9";"1";"13";"1";""
"202100050842";"110Â 806";"B01";"1";"7";"0";"2";"8";"2";"1";""
"202100050842";"110Â 807";"A01";"1";"15";"0";"2";"2";"12";"1";""
"202100050843";"110Â 805";"A01";"1";"33";"4";"0";"1";"1";"1";""
"202100050844";"110Â 803";"B01";"1";"7";"0";"2";"4";"2";"1";""
"202100050844";"110Â 804";"A01";"1";"32";"0";"2";"1";"2";"1";""
"202100050845";"110Â 800";"B01";"1";"7";"0";"2";"4";"1";"3";""
"202100050845";"110Â 801";"A01";"1";"7";"0";"2";"1";"14";"1";""
"202100050845";"110Â 802";"C01";"1";"7";"0";"2";"4";"1";"1";""
"202100050846";"110Â 798";"B01";"1";"7";"0";"2";"6";"1";"1";""
"202100050846";"110Â 799";"A01";"1";"7";"0";"2";"2";"12";"1";""
"202100050847";"110Â 796";"B01";"2";"33";"0";"2";"0";"0";"1";""
"202100050847";"110Â 797";"A01";"2";"10";"0";"2";"0";"9";"1";""
"202100050848";"110Â 794";"B01";"2";"7";"0";"2";"6";"1";"2";""
"202100050848";"110Â 795";"A01";"2";"7";"0";"2";"1";"26";"1";""
"202100050849";"110Â 792";"B01";"2";"0";"0";"2";"0";"0";"0";""
"202100050849";"110Â 793";"A01";"2";"32";"0";"2";"8";"13";"1";""
"202100050850";"110Â 790";"B01";"2";"7";"0";"2";"6";"2";"1";""
"202100050850";"110Â 791";"A01";"2";"14";"0";"2";"2";"12";"1";""
"202100050851";"110Â 787";"C01";"1";"10";"0";"2";"6";"1";"1";""
"202100050851";"110Â 788";"B01";"1";"7";"0";"2";"4";"1";"1";""
"202100050851";"110Â 789";"A01";"1";"17";"0";"2";"1";"1";"1";""
"202100050852";"110Â 784";"C01";"1";"7";"0";"2";"4";"2";"0";""
"202100050852";"110Â 785";"B01";"0";"7";"0";"2";"4";"2";"1";""
"202100050852";"110Â 786";"A01";"1";"7";"0";"2";"1";"2";"1";""
"202100050853";"110Â 780";"D01";"1";"7";"0";"2";"4";"23";"1";""
"202100050853";"110Â 781";"B01";"1";"7";"0";"2";"4";"23";"1";""
"202100050853";"110Â 782";"A01";"1";"7";"0";"2";"1";"2";"1";""
"202100050853";"110Â 783";"C01";"1";"7";"0";"2";"4";"23";"1";""
"202100050854";"110Â 778";"B01";"1";"2";"0";"2";"1";"1";"1";""
"202100050854";"110Â 779";"A01";"1";"10";"0";"2";"5";"15";"1";""
"202100050855";"110Â 776";"B01";"1";"33";"0";"2";"1";"1";"1";""
"202100050855";"110Â 777";"A01";"2";"7";"0";"2";"3";"15";"1";""
"202100050856";"110Â 774";"B01";"1";"7";"0";"2";"2";"1";"1";""
"202100050856";"110Â 775";"A01";"2";"1";"0";"2";"7";"19";"5";""
"202100050857";"110Â 773";"A01";"3";"7";"6";"0";"1";"26";"1";""
"202100050858";"110Â 771";"A01";"1";"10";"0";"2";"4";"23";"1";""
"202100050858";"110Â 772";"B01";"1";"7";"0";"2";"1";"2";"1";""
"202100050859";"110Â 770";"A01";"1";"30";"14";"0";"1";"5";"1";""
"202100050860";"110Â 767";"C01";"2";"7";"0";"2";"2";"1";"1";""
"202100050860";"110Â 768";"B01";"2";"7";"0";"2";"8";"1";"1";""
"202100050860";"110Â 769";"A01";"2";"7";"0";"2";"6";"9";"1";""
"202100050861";"110Â 765";"B01";"2";"33";"0";"2";"8";"0";"1";""
"202100050861";"110Â 766";"A01";"2";"7";"0";"2";"3";"9";"1";""
"202100050862";"110Â 763";"B01";"2";"7";"0";"2";"4";"2";"1";""
"202100050862";"110Â 764";"A01";"2";"7";"0";"2";"1";"2";"1";""
"202100050863";"110Â 762";"A01";"3";"7";"0";"1";"1";"1";"3";""
"202100050864";"110Â 761";"A01";"1";"30";"0";"9";"1";"26";"1";""
"202100050865";"110Â 760";"A01";"3";"10";"1";"1";"4";"26";"1";""
"202100050866";"110Â 759";"A01";"3";"7";"0";"0";"4";"4";"1";""
"202100050867";"110Â 757";"B01";"3";"2";"0";"2";"1";"17";"1";""
"202100050867";"110Â 758";"A01";"3";"7";"0";"2";"3";"1";"1";""
"202100050868";"110Â 755";"B01";"0";"2";"0";"2";"7";"1";"1";""
"202100050868";"110Â 756";"A01";"1";"7";"0";"2";"2";"9";"1";""
"202100050869";"110Â 753";"B01";"0";"7";"0";"2";"4";"16";"1";""
"202100050869";"110Â 754";"A01";"0";"33";"0";"2";"1";"2";"1";""
"202100050870";"110Â 751";"A01";"0";"7";"0";"9";"0";"15";"1";""
"202100050870";"110Â 752";"B01";"0";"50";"0";"2";"8";"1";"3";""
"202100050871";"110Â 750";"A01";"0";"7";"0";"1";"1";"1";"1";""
"202100050872";"110Â 748";"A01";"2";"7";"0";"2";"1";"15";"1";""
"202100050872";"110Â 749";"B01";"2";"33";"0";"2";"8";"16";"1";""
"202100050873";"110Â 743";"A01";"2";"7";"12";"0";"1";"26";"1";""
"202100050874";"110Â 741";"B01";"0";"2";"0";"2";"7";"0";"1";""
"202100050874";"110Â 742";"A01";"0";"10";"0";"2";"8";"0";"1";""
"202100050875";"110Â 739";"A01";"2";"3";"0";"2";"4";"23";"1";""
"202100050875";"110Â 740";"Z01";"2";"7";"0";"2";"1";"1";"1";""
"202100050876";"110Â 736";"A01";"2";"7";"0";"2";"1";"2";"1";""
"202100050876";"110Â 737";"C01";"2";"7";"0";"2";"4";"2";"1";""
"202100050876";"110Â 738";"B01";"2";"7";"0";"2";"4";"2";"1";""
"202100050877";"110Â 734";"A01";"0";"50";"0";"2";"2";"19";"3";""
"202100050877";"110Â 735";"B01";"2";"7";"0";"2";"0";"0";"0";""
"202100050878";"110Â 732";"B01";"3";"32";"0";"2";"8";"1";"1";""
"202100050878";"110Â 733";"A01";"3";"7";"0";"2";"3";"9";"1";""
"202100050879";"110Â 730";"B01";"1";"2";"0";"2";"0";"2";"0";""
"202100050879";"110Â 731";"A01";"1";"7";"0";"9";"3";"9";"1";""
"202100050880";"110Â 729";"A01";"0";"7";"0";"1";"1";"9";"1";""
"202100050881";"110Â 727";"B01";"3";"7";"0";"2";"3";"1";"1";""
"202100050881";"110Â 728";"A01";"3";"30";"0";"2";"1";"1";"1";""
"202100050882";"110Â 725";"B01";"2";"7";"0";"2";"1";"15";"1";""
"202100050882";"110Â 726";"A01";"2";"30";"0";"2";"1";"1";"1";""
"202100050883";"110Â 723";"A01";"1";"7";"0";"2";"2";"1";"1";""
"202100050883";"110Â 724";"B01";"1";"1";"0";"2";"8";"13";"5";""
"202100050884";"110Â 722";"A01";"2";"10";"0";"1";"1";"1";"1";""
"202100050885";"110Â 720";"B01";"2";"7";"0";"2";"3";"16";"1";""
"202100050885";"110Â 721";"A01";"3";"7";"0";"2";"2";"1";"1";""
"202100050886";"110Â 718";"A01";"1";"7";"0";"2";"1";"1";"1";""
"202100050886";"110Â 719";"B01";"1";"7";"0";"2";"4";"1";"1";""
"202100050887";"110Â 716";"Z01";"1";"7";"0";"9";"0";"0";"1";""
"202100050887";"110Â 717";"B01";"1";"1";"0";"2";"7";"1";"5";""
"202100050888";"110Â 715";"Z01";"1";"7";"0";"1";"1";"1";"1";""
"202100050889";"110Â 714";"A01";"1";"7";"0";"1";"7";"1";"1";""
"202100050890";"110Â 713";"A01";"0";"10";"0";"1";"1";"1";"1";""
"202100050891";"110Â 711";"B01";"0";"7";"0";"2";"3";"15";"1";""
"202100050891";"110Â 712";"A01";"0";"34";"0";"2";"1";"1";"1";""
"202100050892";"110Â 709";"A01";"1";"7";"0";"2";"1";"16";"2";""
"202100050892";"110Â 710";"B01";"2";"1";"0";"2";"4";"15";"5";""
"202100050893";"110Â 708";"A01";"3";"7";"0";"1";"1";"1";"1";""
"202100050894";"110Â 706";"A01";"2";"10";"0";"2";"3";"9";"1";""
"202100050894";"110Â 707";"B01";"2";"2";"0";"2";"1";"1";"1";""
"202100050895";"110Â 705";"A01";"2";"2";"0";"0";"1";"1";"1";""
"202100050896";"110Â 704";"A01";"3";"7";"0";"1";"5";"26";"1";""
"202100050897";"110Â 701";"C01";"2";"1";"0";"2";"7";"19";"5";""
"202100050897";"110Â 702";"B01";"2";"7";"0";"2";"4";"23";"1";""
"202100050897";"110Â 703";"A01";"2";"7";"0";"2";"1";"2";"1";""
"202100050898";"110Â 700";"A01";"1";"7";"0";"1";"0";"15";"0";""
"202100050899";"110Â 698";"B01";"1";"1";"0";"2";"1";"26";"5";""
"202100050899";"110Â 699";"A01";"1";"7";"0";"2";"3";"9";"1";""
"202100050900";"110Â 696";"A01";"1";"7";"0";"2";"1";"17";"1";""
"202100050900";"110Â 697";"B01";"2";"7";"0";"2";"1";"1";"1";""
"202100050901";"110Â 695";"A01";"0";"1";"0";"0";"0";"1";"5";""
"202100050902";"110Â 693";"B01";"1";"7";"0";"2";"1";"1";"1";""
"202100050902";"110Â 694";"A01";"3";"10";"0";"2";"8";"19";"1";""
"202100050903";"110Â 691";"B01";"1";"7";"0";"2";"2";"1";"1";""
"202100050903";"110Â 692";"A01";"1";"7";"0";"2";"1";"9";"1";""
"202100050904";"110Â 689";"B01";"1";"7";"0";"2";"4";"1";"1";""
"202100050904";"110Â 690";"A01";"1";"7";"0";"2";"1";"2";"1";""
"202100050905";"110Â 687";"A01";"2";"30";"0";"2";"2";"15";"1";""
"202100050905";"110Â 688";"B01";"1";"30";"0";"2";"1";"1";"1";""
"202100050906";"110Â 685";"B01";"2";"7";"0";"2";"1";"1";"1";""
"202100050906";"110Â 686";"A01";"2";"30";"0";"2";"4";"1";"1";""
"202100050907";"110Â 683";"B01";"1";"33";"0";"2";"9";"1";"1";""
"202100050907";"110Â 684";"A01";"1";"33";"15";"0";"1";"1";"1";""
"202100050908";"110Â 681";"A01";"1";"33";"0";"2";"1";"16";"1";""
"202100050908";"110Â 682";"B01";"1";"7";"0";"2";"8";"1";"1";""
"202100050909";"110Â 679";"B01";"3";"1";"0";"2";"8";"1";"0";""
"202100050909";"110Â 680";"A01";"3";"7";"0";"2";"2";"15";"0";""
"202100050910";"110Â 677";"B01";"1";"1";"0";"2";"4";"1";"5";""
"202100050910";"110Â 678";"A01";"1";"7";"0";"2";"1";"1";"1";""
"202100050911";"110Â 675";"B01";"1";"30";"0";"2";"2";"1";"1";""
"202100050911";"110Â 676";"A01";"1";"7";"0";"2";"3";"20";"1";""
"202100050912";"110Â 673";"B01";"1";"15";"0";"2";"4";"23";"1";""
"202100050912";"110Â 674";"A01";"1";"7";"0";"2";"3";"21";"1";""
"202100050913";"110Â 671";"A01";"2";"32";"0";"2";"1";"1";"1";""
"202100050913";"110Â 672";"Z01";"0";"99";"0";"2";"0";"0";"0";""
"202100050914";"110Â 669";"A01";"2";"34";"0";"2";"7";"17";"1";""
"202100050914";"110Â 670";"B01";"2";"7";"0";"2";"3";"17";"1";""
"202100050915";"110Â 667";"B01";"1";"7";"0";"2";"8";"2";"1";""
"202100050915";"110Â 668";"A01";"3";"7";"0";"2";"0";"26";"1";""
"202100050916";"110Â 665";"B01";"0";"34";"0";"2";"1";"1";"1";""
"202100050916";"110Â 666";"A01";"0";"7";"0";"2";"2";"15";"1";""
"202100050917";"110Â 663";"A01";"2";"34";"0";"2";"1";"1";"1";""
"202100050917";"110Â 664";"B01";"2";"7";"0";"2";"4";"2";"1";""
"202100050918";"110Â 661";"Z01";"3";"7";"1";"0";"3";"26";"0";""
"202100050918";"110Â 662";"B01";"3";"7";"0";"2";"3";"23";"1";""
"202100050919";"110Â 660";"A01";"2";"33";"0";"0";"0";"1";"1";""
"202100050920";"110Â 658";"A01";"1";"7";"0";"2";"1";"2";"1";""
"202100050920";"110Â 659";"B01";"1";"7";"0";"0";"4";"2";"1";""
"202100050921";"110Â 657";"A01";"2";"30";"0";"0";"0";"1";"1";""
"202100050922";"110Â 654";"C01";"1";"7";"0";"2";"3";"23";"1";""
"202100050922";"110Â 655";"A01";"2";"33";"0";"2";"1";"2";"1";""
"202100050922";"110Â 656";"B01";"2";"7";"0";"2";"4";"2";"1";""
"202100050923";"110Â 652";"A01";"1";"1";"0";"2";"1";"16";"5";""
"202100050923";"110Â 653";"B01";"1";"37";"0";"2";"6";"7";"2";"1"
"202100050924";"110Â 650";"B01";"1";"43";"0";"2";"0";"15";"1";""
"202100050924";"110Â 651";"A01";"1";"32";"0";"2";"0";"2";"1";""
"202100050925";"110Â 648";"A01";"3";"30";"0";"2";"3";"1";"1";""
"202100050925";"110Â 649";"Z01";"3";"7";"0";"2";"0";"16";"0";""
"202100050926";"110Â 646";"B01";"1";"7";"0";"2";"6";"15";"1";""
"202100050926";"110Â 647";"A01";"2";"50";"0";"2";"1";"1";"3";""
"202100050927";"110Â 645";"A01";"2";"32";"0";"0";"0";"1";"1";""
"202100050928";"110Â 643";"B01";"1";"7";"0";"2";"1";"15";"1";""
"202100050928";"110Â 644";"A01";"2";"30";"0";"2";"7";"1";"3";""
"202100050929";"110Â 641";"A01";"2";"1";"0";"2";"2";"17";"5";""
"202100050929";"110Â 642";"Z01";"1";"10";"0";"2";"6";"4";"0";""
"202100050930";"110Â 639";"A01";"3";"33";"0";"2";"2";"1";"1";""
"202100050930";"110Â 640";"B01";"3";"7";"0";"2";"3";"1";"1";""
"202100050931";"110Â 637";"B01";"3";"7";"0";"2";"3";"16";"1";""
"202100050931";"110Â 638";"A01";"3";"32";"0";"2";"2";"18";"1";""
"202100050932";"110Â 635";"A01";"2";"10";"0";"2";"2";"16";"1";""
"202100050932";"110Â 636";"B01";"2";"33";"0";"2";"3";"7";"1";""
"202100050933";"110Â 633";"A01";"2";"7";"0";"2";"3";"22";"1";""
"202100050933";"110Â 634";"B01";"2";"1";"0";"2";"0";"1";"5";""
"202100050934";"110Â 632";"A01";"3";"50";"12";"0";"7";"1";"3";""
"202100050935";"110Â 631";"A01";"1";"15";"1";"1";"4";"20";"1";""
"202100050936";"110Â 630";"A01";"3";"80";"0";"0";"7";"1";"3";""
"202100050937";"110Â 628";"B01";"1";"30";"0";"2";"0";"15";"0";""
"202100050937";"110Â 629";"A01";"2";"30";"0";"2";"3";"1";"1";""
"202100050938";"110Â 627";"A01";"1";"1";"0";"1";"1";"1";"5";""
"202100050939";"110Â 626";"A01";"1";"50";"15";"0";"1";"25";"3";""
"202100050940";"110Â 625";"A01";"1";"1";"0";"2";"1";"1";"5";""
"202100050941";"110Â 624";"Z01";"1";"7";"0";"1";"1";"16";"0";""
"202100050942";"110Â 622";"A01";"3";"7";"14";"2";"8";"13";"1";""
"202100050942";"110Â 623";"B01";"1";"7";"0";"2";"1";"21";"1";""
"202100050943";"110Â 620";"A01";"1";"7";"1";"2";"2";"16";"1";""
"202100050943";"110Â 621";"B01";"1";"2";"1";"2";"1";"21";"1";""
"202100050944";"110Â 618";"B01";"2";"30";"0";"2";"0";"1";"1";""
"202100050944";"110Â 619";"A01";"2";"7";"0";"2";"5";"15";"1";""
"202100050945";"110Â 615";"B01";"2";"7";"0";"2";"5";"2";"1";""
"202100050945";"110Â 616";"T01";"2";"7";"0";"0";"0";"23";"1";""
"202100050945";"110Â 617";"A01";"2";"7";"0";"2";"1";"2";"1";""
"202100050946";"110Â 613";"B01";"2";"33";"0";"2";"8";"2";"1";""
"202100050946";"110Â 614";"A01";"1";"7";"0";"2";"3";"15";"1";""
"202100050947";"110Â 611";"B01";"2";"7";"0";"2";"1";"15";"1";""
"202100050947";"110Â 612";"A01";"1";"7";"0";"2";"2";"21";"1";""
"202100050948";"110Â 609";"A01";"3";"7";"0";"2";"1";"1";"1";""
"202100050948";"110Â 610";"B01";"1";"7";"0";"2";"1";"1";"1";""
"202100050949";"110Â 608";"A01";"1";"7";"0";"0";"2";"26";"0";""
"202100050950";"110Â 606";"B01";"1";"7";"0";"2";"0";"0";"1";""
"202100050950";"110Â 607";"A01";"1";"30";"0";"2";"1";"0";"1";""
"202100050951";"110Â 604";"A01";"3";"7";"0";"2";"0";"16";"0";""
"202100050951";"110Â 605";"B01";"3";"50";"0";"2";"0";"5";"3";""
"202100050952";"110Â 603";"A01";"1";"33";"0";"1";"1";"1";"1";""
"202100050953";"110Â 601";"A01";"1";"7";"0";"2";"2";"9";"1";""
"202100050953";"110Â 602";"B01";"1";"31";"0";"2";"3";"1";"1";""
"202100050954";"110Â 599";"A01";"1";"7";"12";"2";"1";"2";"1";""
"202100050954";"110Â 600";"B01";"1";"10";"12";"2";"4";"1";"1";""
"202100050955";"110Â 597";"Z01";"1";"1";"0";"2";"8";"15";"5";""
"202100050955";"110Â 598";"A01";"1";"30";"0";"2";"2";"18";"0";""
"202100050956";"110Â 596";"A01";"1";"33";"13";"0";"8";"1";"1";""
"202100050957";"110Â 594";"B01";"1";"7";"0";"2";"5";"9";"1";""
"202100050957";"110Â 595";"A01";"1";"7";"0";"2";"3";"1";"1";""
"202100050958";"110Â 591";"A01";"1";"7";"0";"2";"1";"13";"0";""
"202100050958";"110Â 592";"B01";"2";"7";"0";"2";"1";"1";"1";""
"202100050958";"110Â 593";"C01";"2";"7";"0";"2";"3";"1";"1";""
"202100050959";"110Â 589";"B01";"2";"2";"0";"2";"1";"1";"1";""
"202100050959";"110Â 590";"A01";"1";"7";"0";"2";"3";"1";"1";""
"202100050960";"110Â 587";"B01";"1";"31";"0";"2";"1";"2";"1";""
"202100050960";"110Â 588";"A01";"1";"33";"0";"0";"6";"1";"1";""
"202100050961";"110Â 585";"A01";"1";"7";"0";"2";"2";"2";"1";""
"202100050961";"110Â 586";"B01";"1";"1";"0";"2";"4";"2";"5";""
"202100050962";"110Â 583";"A01";"3";"7";"0";"2";"1";"13";"1";""
"202100050962";"110Â 584";"B01";"3";"7";"0";"2";"1";"1";"1";""
"202100050963";"110Â 582";"A01";"2";"7";"0";"1";"3";"13";"1";""
"202100050964";"110Â 580";"B01";"1";"33";"13";"0";"1";"1";"1";""
"202100050964";"110Â 581";"A01";"1";"33";"15";"0";"1";"1";"1";""