"Num_Acc";"id_vehicule";"num_veh";"senc";"catv";"obs";"obsm";"choc";"manv";"motor";"occutc"
"202100050965";"110Â 579";"A01";"3";"2";"13";"0";"0";"1";"1";""
"202100050966";"110Â 578";"A01";"3";"7";"15";"0";"0";"1";"1";""
"202100050967";"110Â 577";"A01";"2";"33";"0";"0";"0";"1";"1";""
"202100050968";"110Â 575";"A01";"3";"7";"0";"2";"6";"15";"3";""
"202100050968";"110Â 576";"B01";"3";"10";"0";"2";"3";"1";"1";""
"202100050969";"110Â 574";"A01";"2";"7";"13";"0";"7";"1";"1";""
"202100050970";"110Â 573";"A01";"0";"7";"13";"0";"1";"19";"1";""
"202100050971";"110Â 571";"B01";"3";"7";"0";"2";"3";"1";"1";""
"202100050971";"110Â 572";"A01";"3";"33";"0";"2";"1";"1";"1";""
"202100050972";"110Â 570";"A01";"1";"33";"6";"0";"7";"1";"1";""
"202100050973";"110Â 569";"A01";"3";"1";"0";"1";"1";"1";"5";""
"202100050974";"110Â 567";"B01";"2";"7";"0";"2";"3";"1";"1";""
"202100050974";"110Â 568";"A01";"1";"7";"0";"2";"1";"0";"1";""
"202100050975";"110Â 566";"A01";"2";"2";"13";"0";"1";"1";"1";""
"202100050976";"110Â 565";"A01";"3";"31";"2";"0";"1";"1";"1";""
"202100050977";"110Â 563";"A01";"2";"7";"0";"2";"8";"15";"1";""
"202100050977";"110Â 564";"B01";"1";"7";"0";"2";"1";"1";"0";""
"202100050978";"110Â 562";"A01";"1";"7";"2";"0";"1";"1";"1";""
"202100050979";"110Â 560";"B01";"2";"1";"0";"2";"8";"1";"5";""
"202100050979";"110Â 561";"A01";"2";"7";"0";"2";"7";"1";"1";""
"202100050980";"110Â 558";"B01";"2";"2";"0";"0";"4";"15";"1";""
"202100050980";"110Â 559";"A01";"2";"34";"0";"2";"1";"17";"1";""
"202100050981";"110Â 556";"A01";"2";"7";"0";"0";"1";"13";"1";""
"202100050981";"110Â 557";"B01";"1";"10";"0";"0";"1";"21";"1";""
"202100050982";"110Â 554";"B01";"2";"7";"0";"2";"1";"17";"1";""
"202100050982";"110Â 555";"A01";"1";"10";"0";"2";"1";"1";"1";""
"202100050983";"110Â 551";"B01";"2";"7";"3";"2";"2";"17";"1";""
"202100050983";"110Â 552";"A01";"2";"15";"0";"0";"6";"1";"0";""
"202100050984";"110Â 549";"B01";"2";"32";"0";"2";"2";"17";"1";""
"202100050984";"110Â 550";"A01";"2";"10";"0";"2";"3";"15";"1";""
"202100050985";"110Â 548";"A01";"0";"7";"0";"1";"4";"4";"1";""
"202100050986";"110Â 547";"A01";"1";"10";"11";"0";"3";"1";"1";""
"202100050987";"110Â 542";"E01";"2";"7";"1";"2";"3";"1";"1";""
"202100050987";"110Â 543";"B01";"2";"7";"0";"2";"2";"2";"1";""
"202100050987";"110Â 544";"C01";"2";"7";"1";"0";"2";"2";"1";""
"202100050987";"110Â 545";"D01";"2";"7";"1";"2";"3";"2";"1";""
"202100050987";"110Â 546";"A01";"2";"7";"4";"0";"5";"0";"1";""
"202100050988";"110Â 540";"A01";"2";"2";"0";"2";"3";"10";"1";""
"202100050988";"110Â 541";"B01";"2";"7";"0";"2";"1";"1";"1";""
"202100050989";"110Â 538";"B01";"0";"7";"0";"2";"1";"13";"1";""
"202100050989";"110Â 539";"A01";"0";"14";"0";"2";"3";"1";"1";""
"202100050990";"110Â 531";"D01";"2";"15";"0";"2";"0";"0";"1";""
"202100050990";"110Â 532";"E01";"2";"15";"0";"2";"4";"0";"1";""
"202100050990";"110Â 533";"G01";"2";"7";"0";"0";"4";"0";"1";""
"202100050990";"110Â 534";"F01";"2";"7";"0";"2";"4";"0";"1";""
"202100050990";"110Â 535";"C01";"2";"15";"0";"2";"4";"0";"1";""
"202100050990";"110Â 536";"B01";"2";"15";"0";"2";"1";"2";"1";""
"202100050990";"110Â 537";"A01";"2";"15";"0";"2";"3";"0";"1";""
"202100050991";"110Â 529";"B01";"2";"7";"0";"2";"1";"1";"1";""
"202100050991";"110Â 530";"A01";"1";"7";"12";"2";"1";"1";"1";""
"202100050992";"110Â 527";"A01";"1";"33";"0";"2";"1";"2";"1";""
"202100050992";"110Â 528";"B01";"1";"7";"0";"2";"6";"9";"1";""
"202100050993";"110Â 525";"B01";"2";"1";"0";"2";"4";"12";"5";""
"202100050993";"110Â 526";"A01";"2";"7";"0";"2";"1";"1";"2";""
"202100050994";"110Â 524";"A01";"1";"7";"2";"0";"3";"17";"1";""
"202100050995";"110Â 521";"B01";"2";"7";"3";"0";"8";"1";"1";""
"202100050995";"110Â 522";"A01";"1";"7";"0";"2";"8";"13";"2";""
"202100050995";"110Â 523";"C01";"2";"7";"3";"2";"1";"1";"1";""
"202100050996";"110Â 520";"A01";"2";"33";"0";"0";"0";"1";"1";""
"202100050997";"110Â 518";"A01";"3";"1";"0";"0";"0";"1";"5";""
"202100050997";"110Â 519";"B01";"3";"7";"0";"0";"0";"15";"1";""
"202100050998";"110Â 516";"B01";"1";"7";"6";"2";"1";"1";"1";""
"202100050998";"110Â 517";"A01";"2";"7";"6";"2";"7";"15";"1";""
"202100050999";"110Â 514";"A01";"2";"7";"0";"2";"1";"13";"1";""
"202100050999";"110Â 515";"B01";"1";"7";"0";"2";"1";"1";"1";""
"202100051000";"110Â 511";"A01";"3";"7";"0";"2";"1";"13";"1";""
"202100051000";"110Â 512";"B01";"3";"7";"0";"0";"8";"1";"1";""
"202100051000";"110Â 513";"C01";"3";"7";"0";"2";"3";"1";"1";""
"202100051001";"110Â 510";"A01";"1";"10";"15";"0";"1";"1";"1";""
"202100051002";"110Â 506";"B01";"3";"2";"0";"2";"6";"5";"1";""
"202100051002";"110Â 507";"A01";"3";"7";"0";"2";"3";"1";"1";""
"202100051003";"110Â 504";"B01";"1";"15";"0";"2";"2";"1";"1";""
"202100051003";"110Â 505";"A01";"1";"7";"0";"2";"8";"11";"1";""
"202100051004";"110Â 502";"A01";"1";"10";"0";"0";"4";"2";"1";""
"202100051004";"110Â 503";"B01";"1";"7";"0";"0";"4";"2";"1";""
"202100051005";"110Â 500";"A01";"2";"7";"0";"0";"8";"23";"1";""
"202100051005";"110Â 501";"B01";"2";"32";"0";"2";"7";"21";"1";""
"202100051006";"110Â 498";"A01";"2";"7";"0";"2";"1";"2";"1";""
"202100051006";"110Â 499";"B01";"2";"15";"0";"2";"4";"2";"1";""
"202100051007";"110Â 496";"A01";"2";"33";"0";"2";"1";"1";"1";""
"202100051007";"110Â 497";"B01";"2";"7";"0";"2";"4";"2";"1";""
"202100051008";"110Â 495";"A01";"2";"17";"3";"0";"9";"2";"1";""
"202100051009";"110Â 493";"B01";"1";"7";"0";"2";"4";"2";"1";""
"202100051009";"110Â 494";"A01";"1";"7";"0";"2";"1";"2";"1";""
"202100051010";"110Â 489";"B01";"3";"7";"0";"2";"0";"26";"1";""
"202100051010";"110Â 490";"A01";"3";"31";"0";"2";"0";"26";"1";""
"202100051011";"110Â 488";"A01";"1";"7";"4";"0";"3";"2";"1";""
"202100051012";"110Â 486";"A01";"1";"10";"0";"2";"1";"0";"1";""
"202100051012";"110Â 487";"B01";"1";"7";"0";"2";"4";"0";"1";""
"202100051013";"110Â 484";"B01";"2";"7";"0";"2";"4";"2";"1";""
"202100051013";"110Â 485";"A01";"2";"7";"0";"2";"1";"2";"1";""
"202100051014";"110Â 483";"A01";"1";"7";"4";"0";"1";"12";"1";""
"202100051015";"110Â 480";"C01";"2";"7";"0";"2";"1";"26";"1";""
"202100051015";"110Â 481";"B01";"1";"7";"0";"2";"1";"26";"1";""
"202100051015";"110Â 482";"A01";"1";"7";"0";"2";"2";"0";"1";""
"202100051016";"110Â 478";"A01";"1";"7";"0";"2";"3";"15";"1";""
"202100051016";"110Â 479";"B01";"0";"33";"0";"2";"7";"1";"1";""
"202100051017";"110Â 477";"A01";"1";"7";"0";"1";"2";"9";"0";""
"202100051018";"110Â 476";"A01";"1";"31";"1";"0";"2";"15";"1";""
"202100051019";"110Â 474";"B01";"1";"1";"0";"2";"8";"1";"5";""
"202100051019";"110Â 475";"A01";"2";"7";"0";"2";"2";"1";"1";""
"202100051020";"110Â 473";"BA01";"2";"7";"0";"0";"0";"14";"1";""
"202100051021";"110Â 472";"A01";"2";"7";"0";"1";"0";"1";"1";""
"202100051022";"110Â 470";"A01";"1";"7";"0";"2";"1";"1";"1";""
"202100051022";"110Â 471";"B01";"1";"34";"0";"2";"4";"1";"1";""
"202100051023";"110Â 468";"A01";"2";"15";"0";"2";"2";"2";"1";""
"202100051023";"110Â 469";"B01";"2";"7";"0";"2";"6";"23";"1";""
"202100051024";"110Â 467";"A01";"1";"7";"0";"1";"2";"16";"1";""
"202100051025";"110Â 465";"B01";"2";"2";"1";"2";"7";"1";"1";""
"202100051025";"110Â 466";"A01";"2";"7";"1";"2";"7";"20";"1";""
"202100051026";"110Â 463";"B01";"1";"7";"0";"2";"8";"1";"1";""
"202100051026";"110Â 464";"A01";"1";"7";"0";"2";"3";"1";"1";""
"202100051027";"110Â 462";"A01";"3";"7";"7";"0";"1";"14";"1";""
"202100051028";"110Â 460";"A01";"3";"7";"0";"2";"5";"15";"6";""
"202100051028";"110Â 461";"B01";"3";"33";"0";"2";"1";"13";"6";""
"202100051029";"110Â 456";"A01";"3";"7";"0";"2";"1";"1";"1";""
"202100051029";"110Â 457";"B01";"0";"7";"0";"2";"4";"1";"1";""
"202100051029";"110Â 458";"C01";"0";"7";"0";"2";"9";"0";"1";""
"202100051029";"110Â 459";"D01";"0";"7";"0";"2";"4";"1";"1";""
"202100051030";"110Â 455";"A01";"1";"10";"0";"1";"4";"4";"1";""
"202100051031";"110Â 454";"A01";"0";"7";"0";"1";"1";"1";"1";""
"202100051032";"110Â 452";"B01";"2";"7";"0";"2";"1";"1";"1";""
"202100051032";"110Â 453";"A01";"1";"37";"0";"2";"1";"15";"1";"1"
"202100051033";"110Â 447";"A01";"2";"7";"0";"2";"1";"2";"1";""
"202100051033";"110Â 448";"B01";"2";"10";"0";"2";"4";"23";"1";""
"202100051034";"110Â 446";"A01";"1";"7";"8";"0";"1";"14";"1";""
"202100051035";"110Â 444";"B01";"3";"7";"0";"2";"4";"1";"1";""
"202100051035";"110Â 445";"A01";"3";"7";"0";"2";"1";"26";"1";""
"202100051036";"110Â 443";"A01";"2";"30";"0";"0";"9";"9";"1";""
"202100051037";"110Â 441";"B01";"3";"7";"0";"0";"0";"0";"0";""
"202100051037";"110Â 442";"A01";"3";"7";"0";"2";"0";"0";"0";""
"202100051038";"110Â 440";"A01";"0";"7";"1";"0";"8";"24";"1";""
"202100051039";"110Â 438";"B01";"2";"7";"0";"2";"1";"0";"1";""
"202100051039";"110Â 439";"A01";"1";"7";"0";"2";"5";"19";"1";""
"202100051040";"110Â 437";"A01";"1";"7";"0";"1";"2";"1";"1";""
"202100051041";"110Â 435";"A01";"2";"7";"0";"2";"6";"15";"2";""
"202100051041";"110Â 436";"B01";"2";"2";"0";"2";"1";"2";"1";""
"202100051042";"110Â 434";"A01";"0";"7";"0";"1";"7";"1";"1";""
"202100051043";"110Â 432";"A01";"2";"7";"1";"2";"6";"22";"1";""
"202100051043";"110Â 433";"B01";"2";"33";"0";"2";"6";"17";"1";""
"202100051044";"110Â 431";"A01";"1";"7";"9";"0";"3";"1";"1";""
"202100051045";"110Â 429";"A01";"2";"7";"0";"2";"1";"9";"1";""
"202100051045";"110Â 430";"B01";"1";"2";"0";"2";"1";"1";"1";""
"202100051046";"110Â 427";"B01";"1";"10";"0";"2";"2";"1";"1";""
"202100051046";"110Â 428";"A01";"1";"7";"0";"2";"3";"1";"1";""
"202100051047";"110Â 426";"A01";"3";"7";"0";"1";"1";"14";"1";""
"202100051048";"110Â 425";"A01";"0";"2";"13";"0";"1";"1";"1";""
"202100051049";"110Â 424";"A01";"2";"7";"0";"1";"2";"1";"1";""
"202100051050";"110Â 422";"A01";"3";"50";"0";"2";"3";"19";"3";""
"202100051050";"110Â 423";"B01";"3";"7";"0";"2";"1";"1";"1";""
"202100051051";"110Â 421";"A01";"3";"7";"0";"1";"4";"20";"1";""
"202100051052";"110Â 419";"A01";"3";"7";"0";"2";"3";"11";"1";""
"202100051052";"110Â 420";"B01";"3";"7";"0";"2";"2";"1";"1";""
"202100051053";"110Â 417";"A01";"3";"7";"0";"2";"8";"9";"2";""
"202100051053";"110Â 418";"B01";"3";"33";"0";"2";"8";"9";"1";""
"202100051054";"110Â 415";"A01";"3";"10";"0";"2";"2";"15";"1";""
"202100051054";"110Â 416";"B01";"1";"33";"0";"2";"3";"1";"1";""
"202100051055";"110Â 414";"A01";"0";"7";"0";"1";"1";"9";"1";""
"202100051056";"110Â 412";"B01";"2";"1";"0";"2";"1";"25";"5";""
"202100051056";"110Â 413";"A01";"2";"7";"0";"2";"7";"9";"1";""
"202100051057";"110Â 411";"A01";"1";"10";"0";"1";"3";"15";"1";""
"202100051058";"110Â 409";"B01";"2";"7";"0";"2";"2";"1";"1";""
"202100051058";"110Â 410";"A01";"1";"7";"7";"2";"2";"1";"1";""
"202100051059";"110Â 407";"B01";"1";"37";"0";"2";"2";"1";"4";"1"
"202100051059";"110Â 408";"A01";"2";"1";"0";"2";"8";"19";"5";""
"202100051060";"110Â 405";"B01";"2";"32";"0";"2";"8";"1";"1";""
"202100051060";"110Â 406";"A01";"1";"3";"0";"2";"3";"15";"1";""
"202100051061";"110Â 403";"A01";"1";"7";"0";"2";"3";"9";"1";""
"202100051061";"110Â 404";"B01";"2";"2";"0";"2";"2";"1";"1";""
"202100051062";"110Â 401";"A01";"1";"7";"0";"2";"2";"15";"1";""
"202100051062";"110Â 402";"B01";"2";"7";"0";"2";"1";"1";"1";""
"202100051063";"110Â 399";"B01";"0";"10";"0";"2";"1";"1";"1";""
"202100051063";"110Â 400";"A01";"0";"7";"0";"2";"2";"1";"1";""
"202100051064";"110Â 397";"A01";"1";"7";"0";"2";"1";"26";"1";""
"202100051064";"110Â 398";"B01";"1";"10";"0";"2";"0";"9";"1";""
"202100051065";"110Â 395";"A01";"1";"7";"0";"2";"1";"1";"1";""
"202100051065";"110Â 396";"B01";"3";"1";"0";"2";"7";"1";"5";""
"202100051066";"110Â 394";"A01";"1";"7";"0";"1";"1";"16";"1";""
"202100051067";"110Â 392";"A01";"3";"99";"0";"2";"1";"19";"3";""
"202100051067";"110Â 393";"B01";"1";"7";"0";"9";"2";"1";"2";""
"202100051068";"110Â 390";"B01";"0";"33";"0";"2";"4";"2";"1";""
"202100051068";"110Â 391";"A01";"2";"7";"0";"2";"1";"2";"1";""
"202100051069";"110Â 389";"A01";"2";"30";"0";"1";"1";"3";"1";""
"202100051070";"110Â 387";"A01";"3";"7";"0";"2";"1";"9";"1";""
"202100051070";"110Â 388";"B01";"3";"2";"0";"2";"7";"16";"1";""
"202100051071";"110Â 385";"B01";"1";"7";"0";"2";"3";"15";"1";""
"202100051071";"110Â 386";"A01";"1";"33";"0";"2";"1";"17";"1";""
"202100051072";"110Â 383";"B01";"2";"33";"0";"2";"1";"1";"1";""
"202100051072";"110Â 384";"A01";"3";"7";"0";"2";"3";"15";"1";""
"202100051073";"110Â 381";"B01";"1";"7";"0";"2";"1";"1";"1";""
"202100051073";"110Â 382";"A01";"2";"7";"0";"2";"1";"15";"1";""
"202100051074";"110Â 380";"A01";"3";"32";"0";"0";"0";"26";"1";""
"202100051075";"110Â 379";"A01";"2";"7";"0";"1";"2";"1";"1";""
"202100051076";"110Â 377";"A01";"2";"34";"0";"2";"7";"17";"1";""
"202100051076";"110Â 378";"B01";"2";"7";"0";"2";"8";"15";"1";""
"202100051077";"110Â 376";"A01";"0";"31";"0";"0";"1";"2";"1";""
"202100051078";"110Â 374";"A01";"3";"30";"0";"2";"0";"1";"1";""
"202100051078";"110Â 375";"B01";"3";"32";"0";"2";"0";"1";"1";""
"202100051079";"110Â 372";"B01";"2";"30";"0";"2";"7";"1";"1";""
"202100051079";"110Â 373";"A01";"2";"30";"0";"2";"3";"9";"1";""
"202100051080";"110Â 371";"A01";"2";"30";"0";"0";"0";"21";"1";""
"202100051081";"110Â 369";"A01";"1";"10";"0";"2";"1";"1";"1";""
"202100051081";"110Â 370";"B01";"1";"7";"0";"2";"4";"23";"1";""
"202100051082";"110Â 367";"B01";"1";"10";"0";"2";"2";"1";"1";""
"202100051082";"110Â 368";"A01";"2";"7";"0";"2";"3";"1";"1";""
"202100051083";"110Â 366";"A01";"1";"7";"0";"1";"1";"1";"1";""
"202100051084";"110Â 365";"A01";"2";"50";"0";"1";"7";"1";"3";""
"202100051085";"110Â 363";"B01";"1";"50";"0";"2";"1";"18";"3";""
"202100051085";"110Â 364";"A01";"1";"7";"0";"2";"5";"22";"1";""
"202100051086";"110Â 362";"A01";"1";"1";"0";"1";"1";"1";"5";""
"202100051087";"110Â 360";"B01";"1";"7";"0";"2";"1";"1";"2";""
"202100051087";"110Â 361";"A01";"1";"1";"8";"2";"3";"15";"5";""
"202100051088";"110Â 358";"A01";"2";"10";"0";"2";"1";"1";"1";""
"202100051088";"110Â 359";"B01";"2";"7";"0";"0";"4";"1";"0";""
"202100051089";"110Â 356";"A01";"1";"7";"0";"2";"3";"15";"1";""
"202100051089";"110Â 357";"B01";"1";"2";"0";"2";"0";"0";"1";""
"202100051090";"110Â 355";"A01";"1";"7";"0";"1";"2";"1";"1";""
"202100051091";"110Â 353";"A01";"1";"7";"8";"2";"7";"6";"1";""
"202100051091";"110Â 354";"B01";"1";"7";"0";"2";"1";"6";"1";""
"202100051092";"110Â 351";"A01";"2";"7";"0";"2";"2";"15";"1";""
"202100051092";"110Â 352";"B01";"1";"1";"0";"2";"6";"19";"5";""
"202100051093";"110Â 348";"A01";"1";"10";"0";"2";"1";"0";"1";""
"202100051093";"110Â 349";"C01";" -1";"13";"1";"2";"0";"12";"1";""
"202100051093";"110Â 350";"B01";"2";"7";"0";"2";"1";"1";"1";""
"202100051094";"110Â 346";"A01";"1";"7";"0";"2";"2";"1";"1";""
"202100051094";"110Â 347";"B01";"1";"50";"0";"2";"7";"0";"3";""
"202100051095";"110Â 345";"A01";"1";"7";"0";"1";"3";"1";"1";""
"202100051096";"110Â 343";"B01";" -1";"7";"0";"2";"8";"15";"1";""
"202100051096";"110Â 344";"A01";" -1";"7";"0";"2";"1";"1";"1";""
"202100051097";"110Â 341";"A01";"1";"2";"0";"2";"1";"1";"1";""
"202100051097";"110Â 342";"B01";"1";"7";"0";"2";"1";"9";"1";""
"202100051098";"110Â 339";"B01";"3";"7";"0";"2";"1";"1";"1";""
"202100051098";"110Â 340";"A01";"3";"7";"15";"2";"2";"1";"1";""
"202100051099";"110Â 337";"A01";"2";"30";"0";"2";"2";"26";"1";""
"202100051099";"110Â 338";"B01";"2";"7";"0";"2";"1";"19";"1";""
"202100051100";"110Â 335";"B01";"1";"2";"0";"2";"1";"1";"1";""
"202100051100";"110Â 336";"A01";"1";"7";"0";"2";"2";"1";"1";""
"202100051101";"110Â 333";"B01";"2";"7";"0";"2";"5";"1";"1";""
"202100051101";"110Â 334";"A01";"2";"30";"0";"2";"1";"2";"1";""
"202100051102";"110Â 332";"A01";"1";"7";"0";"1";"0";"24";"1";""
"202100051103";"110Â 330";"A01";"1";"10";"0";"2";"3";"15";"1";""
"202100051103";"110Â 331";"B01";"1";"33";"0";"2";"1";"17";"1";""
"202100051104";"110Â 328";"B01";"2";"3";"0";"2";"2";"1";"3";""
"202100051104";"110Â 329";"A01";"2";"7";"0";"2";"3";"15";"1";""
"202100051105";"110Â 325";"A01";"2";"10";"0";"2";"1";"2";"1";""
"202100051105";"110Â 326";"B01";"2";"10";"0";"2";"4";"2";"1";""
"202100051105";"110Â 327";"C01";"2";"7";"0";"2";"4";"1";"1";""
"202100051106";"110Â 323";"B01";"1";"7";"0";"2";"1";"1";"1";""
"202100051106";"110Â 324";"A01";"3";"7";"0";"0";"7";"19";"1";""
"202100051107";"110Â 321";"A01";"1";"15";"0";"2";"3";"1";"1";""
"202100051107";"110Â 322";"B01";"2";"7";"0";"2";"1";"5";"1";""
"202100051108";"110Â 319";"B01";"2";"21";"0";"9";"6";"1";"1";""
"202100051108";"110Â 320";"A01";"1";"33";"0";"0";"0";"0";"1";""
"202100051109";"110Â 317";"A01";"2";"0";"0";"9";"2";"21";"1";""
"202100051109";"110Â 318";"B01";"2";"1";"0";"2";"4";"2";"5";""
"202100051110";"110Â 315";"B01";"1";"7";"0";"2";"3";"1";"1";""
"202100051110";"110Â 316";"A01";"2";"7";"0";"2";"3";"17";"1";""
"202100051111";"110Â 312";"C01";"1";"7";"0";"2";"8";"1";"1";""
"202100051111";"110Â 313";"A01";"2";"33";"0";"2";"8";"17";"6";""
"202100051111";"110Â 314";"B01";"2";"38";"0";"2";"3";"1";"1";"1"
"202100051112";"110Â 311";"A01";"1";"7";"0";"9";"2";"1";"1";""
"202100051113";"110Â 309";"B01";"2";"17";"0";"2";"1";"1";"1";""
"202100051113";"110Â 310";"A01";"2";"7";"0";"2";"8";"16";"1";""
"202100051114";"110Â 307";"A01";"1";"7";"0";"2";"3";"26";"1";""
"202100051114";"110Â 308";"B01";"2";"30";"0";"2";"1";"1";"1";""
"202100051115";"110Â 306";"A01";"3";"38";"0";"1";"7";"1";"1";"1"
"202100051116";"110Â 304";"A01";"2";"7";"0";"2";"3";"15";"1";""
"202100051116";"110Â 305";"B01";"2";"35";"7";"2";"1";"17";"1";""
"202100051117";"110Â 302";"B01";"1";"33";"0";"2";"1";"1";"1";""
"202100051117";"110Â 303";"A01";"2";"7";"0";"2";"1";"11";"1";""
"202100051118";"110Â 301";"A01";"1";"33";"0";"0";"0";"14";"1";""
"202100051119";"110Â 300";"A01";"2";"7";"13";"0";"8";"1";"1";""
"202100051120";"110Â 298";"B01";"2";"7";"0";"2";"3";"1";"1";""
"202100051120";"110Â 299";"A01";"2";"7";"0";"2";"2";"15";"1";""
"202100051121";"110Â 296";"B01";"2";"7";"0";"2";"3";"1";"1";""
"202100051121";"110Â 297";"A01";"1";"7";"0";"2";"3";"13";"1";""
"202100051122";"110Â 295";"A01";"1";"7";"0";"1";"3";"1";"1";""
"202100051123";"110Â 294";"A01";"1";"33";"13";"0";"1";"14";"1";""
"202100051124";"110Â 293";"A01";"3";"7";"0";"1";"2";"1";"1";""
"202100051125";"110Â 291";"A01";"1";"33";"0";"2";"8";"1";"1";""
"202100051125";"110Â 292";"B01";"2";"14";"0";"2";"8";"1";"0";""
"202100051126";"110Â 290";"A01";"2";"15";"0";"1";"3";"19";"1";""
"202100051127";"110Â 289";"A01";"2";"7";"3";"0";"8";"1";"1";""
"202100051128";"110Â 287";"B01";"1";"10";"0";"2";"7";"1";"1";""
"202100051128";"110Â 288";"A01";"1";"7";"3";"2";"2";"14";"1";""
"202100051129";"110Â 285";"A01";"1";"7";"0";"2";"3";"17";"1";""
"202100051129";"110Â 286";"B01";"2";"2";"0";"2";"3";"1";"1";""
"202100051130";"110Â 283";"A01";"2";"7";"0";"2";"1";"1";"1";""
"202100051130";"110Â 284";"B01";"1";"10";"0";"2";"1";"17";"1";""
"202100051131";"110Â 282";"A01";"2";"33";"0";"0";"9";"1";"1";""
"202100051132";"110Â 279";"C01";"1";"7";"0";"2";"1";"17";"2";""
"202100051132";"110Â 280";"A01";"1";"10";"6";"2";"3";"1";"1";""
"202100051132";"110Â 281";"B01";"3";"7";"6";"2";"1";"16";"1";""
"202100051133";"110Â 277";"B01";"2";"33";"0";"2";"1";"1";"1";""
"202100051133";"110Â 278";"A01";"1";"7";"0";"2";"5";"15";"1";""
"202100051134";"110Â 275";"B01";"1";"7";"0";"0";"1";"1";"1";""
"202100051134";"110Â 276";"A01";"2";"7";"0";"0";"1";"15";"1";""
"202100051135";"110Â 273";"A01";"1";"10";"0";"0";"7";"9";"1";""
"202100051135";"110Â 274";"B01";"1";"33";"0";"2";"1";"1";"1";""
"202100051136";"110Â 271";"A01";"2";"80";"0";"0";"2";"16";"3";""
"202100051137";"110Â 268";"A01";"1";"7";"0";"2";"1";"1";"1";""
"202100051137";"110Â 269";"B01";"2";"7";"0";"2";"1";"1";"1";""
"202100051138";"110Â 265";"Z01";"2";"0";"0";"2";"1";"1";"6";""
"202100051138";"110Â 266";"B01";"2";"10";"0";"2";"4";"1";"1";""
"202100051138";"110Â 267";"A01";"2";"7";"0";"2";"4";"1";"1";""
"202100051139";"110Â 263";"B01";"2";"7";"0";"0";"0";"1";"1";""
"202100051139";"110Â 264";"A01";"1";"15";"3";"0";"3";"6";"1";""
"202100051140";"110Â 261";"A01";"1";"15";"0";"2";"2";"12";"1";""
"202100051140";"110Â 262";"B01";"1";"7";"0";"2";"3";"1";"1";""
"202100051141";"110Â 260";"A01";"2";"33";"0";"0";"0";"1";"1";""
"202100051142";"110Â 259";"A01";"1";"7";"4";"0";"0";"0";"1";""
"202100051143";"110Â 257";"A01";"2";"10";"0";"2";"4";"2";"1";""
"202100051143";"110Â 258";"Z01";"2";"7";"0";"2";"1";"2";"1";""
"202100051144";"110Â 253";"C01";"1";"7";"0";"2";"1";"2";"3";""
"202100051144";"110Â 254";"D01";"1";"7";"0";"2";"1";"2";"1";""
"202100051144";"110Â 255";"A01";"1";"7";"0";"2";"1";"2";"1";""
"202100051144";"110Â 256";"B01";"1";"7";"0";"2";"1";"2";"1";""
"202100051145";"110Â 250";"A01";"1";"7";"0";"2";"1";"1";"1";""
"202100051145";"110Â 251";"B01";"1";"7";"0";"2";"4";"2";"1";""
"202100051145";"110Â 252";"C01";"1";"7";"0";"2";"1";"2";"1";""
"202100051146";"110Â 248";"B01";"2";"33";"0";"2";"8";"1";"1";""
"202100051146";"110Â 249";"A01";"2";"7";"0";"2";"7";"17";"1";""
"202100051147";"110Â 246";"A01";"1";"7";"0";"2";"8";"15";"1";""
"202100051147";"110Â 247";"B01";"1";"30";"0";"2";"1";"17";"1";""
"202100051148";"110Â 245";"A01";"2";"30";"0";"0";"0";"1";"1";""
"202100051149";"110Â 243";"B01";"3";"50";"0";"2";"0";"0";"3";""
"202100051149";"110Â 244";"A01";"3";"7";"0";"2";"2";"16";"1";""
"202100051150";"110Â 242";"A01";"3";"7";"0";"1";"2";"2";"1";""
"202100051151";"110Â 241";"A01";"2";"33";"9";"0";"1";"0";"1";""
"202100051152";"110Â 240";"A01";"3";"33";"0";"0";"7";"1";"1";""
"202100051153";"110Â 239";"A01";"2";"7";"0";"0";"7";"1";"1";""
"202100051154";"110Â 238";"A01";"2";"99";"0";"0";"1";"26";"1";""
"202100051155";"110Â 236";"A01";"2";"7";"0";"2";"1";"2";"1";""
"202100051155";"110Â 237";"B01";"2";"7";"0";"2";"4";"23";"1";""
"202100051156";"110Â 235";"A01";"1";"7";"0";"1";"1";"15";"1";""
"202100051157";"110Â 234";"A01";"0";"15";"0";"0";"0";"26";"1";""
"202100051158";"110Â 232";"B01";"2";"7";"0";"2";"4";"1";"1";""
"202100051158";"110Â 233";"A01";"2";"7";"0";"2";"1";"2";"1";""
"202100051159";"110Â 228";"D01";"1";"7";"0";"2";"0";"0";"1";""
"202100051159";"110Â 229";"B01";"1";"7";"0";"2";"2";"1";"1";""
"202100051159";"110Â 230";"C01";"1";"7";"0";"2";"8";"0";"1";""
"202100051159";"110Â 231";"A01";"1";"7";"0";"2";"3";"1";"1";""
"202100051160";"110Â 226";"B01";"1";"30";"0";"2";"4";"1";"1";""
"202100051160";"110Â 227";"A01";"1";"7";"0";"2";"1";"9";"1";""
"202100051161";"110Â 224";"A01";"1";"30";"0";"2";"7";"1";"1";""
"202100051161";"110Â 225";"B01";"1";"7";"0";"2";"1";"1";"1";""
"202100051162";"110Â 222";"A01";"0";"7";"0";"0";"0";"24";"1";""
"202100051162";"110Â 223";"B01";"0";"1";"1";"0";"8";"21";"0";""