"Num_Acc";"id_vehicule";"num_veh";"senc";"catv";"obs";"obsm";"choc";"manv";"motor";"occutc"
"202100051163";"110Â 221";"A01";"2";"33";"0";"2";"7";"21";"1";""
"202100051164";"110Â 220";"A01";"2";"7";"0";"1";"1";"1";"1";""
"202100051165";"110Â 218";"A01";"1";"7";"0";"2";"2";"16";"1";""
"202100051165";"110Â 219";"B01";"1";"1";"0";"2";"4";"1";"5";""
"202100051166";"110Â 216";"B01";"1";"2";"0";"2";"8";"1";"1";""
"202100051166";"110Â 217";"A01";"1";"7";"0";"2";"0";"9";"0";""
"202100051167";"110Â 214";"A01";"3";"7";"0";"2";"0";"9";"1";""
"202100051167";"110Â 215";"B01";"3";"1";"0";"2";"0";"0";"0";""
"202100051168";"110Â 213";"A01";"2";"31";"6";"0";"1";"26";"1";""
"202100051169";"110Â 211";"B01";"1";"7";"0";"2";"7";"1";"1";""
"202100051169";"110Â 212";"A01";"1";"7";"0";"2";"2";"13";"1";""
"202100051170";"110Â 210";"A01";"2";"30";"0";"0";"0";"0";"1";""
"202100051171";"110Â 208";"A01";"1";"30";"0";"2";"1";"1";"3";""
"202100051171";"110Â 209";"B01";"1";"7";"0";"2";"3";"1";"1";""
"202100051172";"110Â 206";"B01";"1";"7";"0";"2";"3";"15";"1";""
"202100051172";"110Â 207";"A01";"1";"43";"0";"2";"1";"17";"1";""
"202100051173";"110Â 204";"A01";"1";"15";"0";"2";"6";"24";"1";""
"202100051173";"110Â 205";"B01";"1";"7";"1";"0";"2";"2";"1";""
"202100051174";"110Â 200";"A01";"3";"7";"0";"2";"1";"1";"1";""
"202100051174";"110Â 201";"B01";"3";"10";"0";"2";"8";"15";"1";""
"202100051175";"110Â 198";"A01";"3";"7";"0";"2";"8";"19";"1";""
"202100051175";"110Â 199";"B01";"3";"34";"0";"2";"1";"17";"1";""
"202100051176";"110Â 196";"B01";"1";"10";"0";"2";"6";"2";"1";""
"202100051176";"110Â 197";"A01";"1";"33";"0";"2";"1";"2";"1";""
"202100051177";"110Â 193";"Z01";"0";"7";"0";"2";"1";"13";"1";""
"202100051177";"110Â 194";"B01";"3";"7";"0";"2";"8";"1";"1";""
"202100051177";"110Â 195";"A01";"3";"7";"0";"2";"1";"1";"1";""
"202100051178";"110Â 190";"A01";"1";"7";"0";"2";"1";"1";"1";""
"202100051178";"110Â 191";"B01";"1";"33";"0";"2";"4";"1";"1";""
"202100051178";"110Â 192";"C01";"2";"7";"0";"2";"3";"1";"1";""
"202100051179";"110Â 188";"A01";"1";"7";"0";"2";"2";"15";"1";""
"202100051179";"110Â 189";"B01";"2";"2";"0";"2";"1";"1";"1";""
"202100051180";"110Â 185";"B01";"1";"7";"0";"2";"4";"2";"1";""
"202100051180";"110Â 186";"C01";"1";"7";"0";"2";"4";"2";"1";""
"202100051180";"110Â 187";"A01";"1";"10";"0";"2";"1";"2";"1";""
"202100051181";"110Â 184";"A01";"2";"1";"0";"1";"7";"1";"5";""
"202100051182";"110Â 183";"A01";"2";"7";"0";"1";"8";"1";"2";""
"202100051183";"110Â 181";"A01";"1";"7";"0";"2";"3";"10";"1";""
"202100051183";"110Â 182";"B01";"1";"33";"0";"2";"2";"17";"1";""
"202100051184";"110Â 180";"A01";"2";"7";"0";"1";"1";"17";"1";""
"202100051185";"110Â 179";"A01";"1";"50";"0";"1";"8";"1";"3";""
"202100051186";"110Â 177";"A01";"1";"10";"0";"2";"1";"15";"1";""
"202100051186";"110Â 178";"B01";"2";"33";"0";"2";"1";"1";"1";""
"202100051187";"110Â 175";"A01";"2";"1";"0";"2";"3";"19";"5";""
"202100051187";"110Â 176";"B01";"2";"1";"0";"2";"1";"1";"5";""
"202100051188";"110Â 174";"A01";"1";"30";"0";"1";"1";"1";"1";""
"202100051189";"110Â 172";"A01";"1";"7";"0";"2";"3";"15";"2";""
"202100051189";"110Â 173";"B01";"1";"33";"0";"2";"2";"17";"1";""
"202100051190";"110Â 171";"A01";"2";"32";"0";"1";"1";"1";"1";""
"202100051191";"110Â 169";"A01";"1";"1";"0";"2";"7";"15";"5";""
"202100051191";"110Â 170";"B01";"1";"32";"0";"2";"1";"1";"1";""
"202100051192";"110Â 167";"A01";"1";"50";"0";"2";"1";"16";"3";""
"202100051192";"110Â 168";"B01";"1";"10";"0";"2";"0";"1";"1";""
"202100051193";"110Â 166";"A01";"2";"30";"12";"0";"2";"14";"3";""
"202100051194";"110Â 165";"A01";"1";"33";"0";"0";"0";"15";"1";""
"202100051195";"110Â 163";"B01";"2";"7";"1";"0";"4";"23";"1";""
"202100051195";"110Â 164";"A01";"2";"7";"0";"2";"1";"1";"1";""
"202100051196";"110Â 162";"A01";"1";"13";"0";"1";"1";"9";"0";""
"202100051197";"110Â 161";"A01";"1";"7";"0";"1";"4";"4";"1";""
"202100051198";"110Â 159";"A01";"1";"7";"0";"2";"3";"15";"1";""
"202100051198";"110Â 160";"B01";"1";"30";"0";"2";"1";"1";"1";""
"202100051199";"110Â 157";"A01";"3";"7";"0";"2";"8";"15";"1";""
"202100051199";"110Â 158";"B01";"3";"2";"0";"2";"7";"17";"1";""
"202100051200";"110Â 155";"A01";"1";"2";"0";"2";"1";"2";"1";""
"202100051200";"110Â 156";"B01";"1";"7";"14";"0";"5";"23";"2";""
"202100051201";"110Â 152";"A01";"1";"33";"1";"2";"2";"17";"1";""
"202100051201";"110Â 153";"B01";"2";"7";"0";"2";"2";"9";"1";""
"202100051201";"110Â 154";"C01";"2";"7";"0";"0";"3";"0";"1";""
"202100051202";"110Â 151";"A01";"2";"7";"0";"1";"2";"1";"1";""
"202100051203";"110Â 150";"A01";"1";"50";"0";"0";"1";"19";"3";""
"202100051204";"110Â 148";"A01";"1";"7";"0";"2";"1";"19";"1";""
"202100051204";"110Â 149";"B01";"1";"10";"0";"2";"1";"19";"1";""
"202100051205";"110Â 147";"A01";"2";"30";"0";"1";"1";"1";"1";""
"202100051206";"110Â 146";"A01";"1";"7";"13";"0";"7";"14";"1";""
"202100051207";"110Â 144";"B01";"1";"7";"3";"2";"1";"14";"1";""
"202100051207";"110Â 145";"A01";"1";"7";"0";"2";"4";"23";"1";""
"202100051208";"110Â 143";"A01";"1";"7";"0";"0";"7";"2";"1";""
"202100051209";"110Â 142";"A01";"1";"7";"2";"0";"1";"1";"1";""
"202100051210";"110Â 141";"A01";"2";"7";"0";"1";"1";"1";"1";""
"202100051211";"110Â 139";"A01";"1";"31";"0";"2";"1";"13";"1";""
"202100051211";"110Â 140";"B01";"2";"13";"0";"2";"1";"1";"1";""
"202100051212";"110Â 137";"B01";"2";"7";"0";"0";"4";"1";"1";""
"202100051212";"110Â 138";"A01";"2";"7";"0";"2";"1";"0";"1";""
"202100051213";"110Â 135";"B01";"2";"33";"0";"2";"7";"1";"1";""
"202100051213";"110Â 136";"A01";"2";"7";"0";"2";"8";"11";"1";""
"202100051214";"110Â 134";"A01";"2";"7";"13";"0";"1";"1";"1";""
"202100051215";"110Â 132";"A01";"1";"7";"0";"0";"1";"13";"1";""
"202100051215";"110Â 133";"B01";"2";"7";"0";"2";"1";"1";"0";""
"202100051216";"110Â 129";"C01";"2";"7";"0";"2";"3";"1";"1";""
"202100051216";"110Â 130";"A01";"1";"10";"0";"2";"1";"21";"1";""
"202100051216";"110Â 131";"B01";"1";"10";"0";"2";"6";"1";"1";""
"202100051217";"110Â 127";"B01";"2";"7";"0";"2";"1";"1";"1";""
"202100051217";"110Â 128";"A01";"1";"7";"0";"2";"8";"17";"1";""
"202100051218";"110Â 124";"C01";"2";"7";"0";"2";"1";"1";"1";""
"202100051218";"110Â 125";"B01";"1";"7";"0";"2";"1";"13";"1";""
"202100051218";"110Â 126";"A01";"1";"7";"0";"0";"0";"17";"0";""
"202100051219";"110Â 122";"B01";"1";"32";"0";"2";"1";"1";"1";""
"202100051219";"110Â 123";"A01";"2";"7";"0";"2";"2";"15";"1";""
"202100051220";"110Â 121";"A01";"1";"10";"0";"0";"9";"1";"1";""
"202100051221";"110Â 120";"A01";"0";"36";"0";"0";"0";"0";"1";""
"202100051222";"110Â 118";"B01";"2";"7";"0";"2";"3";"2";"1";""
"202100051222";"110Â 119";"A01";"2";"7";"0";"2";"5";"15";"1";""
"202100051223";"110Â 116";"A01";"1";"7";"0";"2";"2";"2";"1";""
"202100051223";"110Â 117";"B01";"1";"7";"0";"2";"4";"2";"1";""
"202100051224";"110Â 115";"A01";"1";"2";"12";"0";"1";"1";"1";""
"202100051225";"110Â 114";"A01";"1";"20";"2";"0";"0";"21";"1";""
"202100051226";"110Â 113";"A01";"3";"7";"2";"0";"2";"1";"1";""
"202100051227";"110Â 111";"B01";"0";"10";"0";"2";"2";"15";"1";""
"202100051227";"110Â 112";"A01";"2";"33";"0";"2";"8";"2";"1";""
"202100051228";"110Â 109";"B01";"2";"1";"0";"2";"4";"1";"5";""
"202100051228";"110Â 110";"A01";"2";"7";"0";"9";"1";"16";"1";""
"202100051229";"110Â 108";"A01";"0";"14";"0";"0";"5";"0";"0";""
"202100051230";"110Â 107";"A01";"3";"2";"0";"0";"0";"0";"1";""
"202100051231";"110Â 106";"A01";"2";"7";"13";"0";"3";"13";"1";""
"202100051232";"110Â 105";"A01";"0";"33";"12";"0";"1";"9";"0";""
"202100051233";"110Â 104";"A01";"1";"7";"15";"0";"9";"1";"1";""
"202100051234";"110Â 103";"A01";"1";"2";"0";"0";"8";"26";"1";""
"202100051235";"110Â 102";"A01";"3";"7";"0";"1";"2";"16";"1";""
"202100051236";"110Â 100";"B01";"2";"80";"12";"2";"0";"2";"3";""
"202100051236";"110Â 101";"A01";"2";"37";"0";"9";"0";"2";"1";"1"
"202100051237";"110Â 098";"B01";"2";"80";"0";"0";"4";"2";"3";""
"202100051237";"110Â 099";"A01";"2";"10";"6";"2";"1";"1";"1";""
"202100051238";"110Â 096";"B01";"1";"7";"0";"2";"1";"1";"1";""
"202100051238";"110Â 097";"A01";"2";"7";"0";"2";"2";"15";"1";""
"202100051239";"110Â 094";"A01";"1";"7";"0";"2";"1";"17";"2";""
"202100051239";"110Â 095";"B01";"2";"7";"0";"2";"1";"1";"1";""
"202100051240";"110Â 092";"B01";"0";"2";"0";"2";"1";"1";"1";""
"202100051240";"110Â 093";"A01";"0";"7";"0";"2";"3";"15";"1";""
"202100051241";"110Â 091";"A01";"3";"10";"0";"1";"4";"4";"1";""
"202100051242";"110Â 089";"A01";"2";"7";"0";"2";"0";"26";"1";""
"202100051242";"110Â 090";"B01";"2";"1";"0";"2";"0";"1";"5";""
"202100051243";"110Â 088";"A01";"1";"33";"15";"0";"1";"1";"1";""
"202100051244";"110Â 086";"B01";"1";"7";"0";"2";"2";"1";"1";""
"202100051244";"110Â 087";"A01";"1";"7";"0";"2";"3";"15";"1";""
"202100051245";"110Â 084";"A01";"1";"3";"0";"2";"7";"19";"1";""
"202100051245";"110Â 085";"B01";"1";"33";"0";"2";"1";"1";"1";""
"202100051246";"110Â 083";"A01";"2";"7";"16";"0";"2";"21";"1";""
"202100051247";"110Â 081";"B01";"1";"50";"0";"2";"4";"2";"3";""
"202100051247";"110Â 082";"A01";"1";"7";"0";"9";"2";"2";"1";""
"202100051248";"110Â 079";"B01";"1";"1";"0";"2";"5";"1";"5";""
"202100051248";"110Â 080";"A01";"1";"10";"0";"2";"1";"9";"1";""
"202100051249";"110Â 077";"A01";"3";"7";"0";"2";"8";"19";"1";""
"202100051249";"110Â 078";"B01";"1";"33";"0";"2";"1";"1";"1";""
"202100051250";"110Â 075";"A01";"2";"7";"0";"2";"3";"9";"1";""
"202100051250";"110Â 076";"B01";"1";"7";"0";"2";"2";"1";"1";""
"202100051251";"110Â 072";"B01";"1";"33";"0";"2";"1";"2";"1";""
"202100051251";"110Â 073";"A01";"1";"7";"0";"2";"5";"2";"1";""
"202100051252";"110Â 068";"B01";"1";"7";"0";"2";"4";"1";"1";""
"202100051252";"110Â 069";"D01";"1";"7";"0";"2";"1";"2";"1";""
"202100051252";"110Â 070";"C01";"1";"10";"0";"2";"4";"1";"1";""
"202100051252";"110Â 071";"A01";"1";"7";"0";"2";"4";"1";"1";""
"202100051253";"110Â 066";"B01";"1";"7";"0";"2";"5";"1";"1";""
"202100051253";"110Â 067";"A01";"1";"32";"0";"2";"3";"3";"1";""
"202100051254";"110Â 065";"A01";"3";"7";"1";"0";"2";"15";"1";""
"202100051255";"110Â 063";"B01";"1";"2";"0";"2";"1";"1";"1";""
"202100051255";"110Â 064";"A01";"1";"7";"0";"2";"7";"1";"1";""
"202100051256";"110Â 061";"B01";"1";"2";"0";"2";"2";"1";"1";""
"202100051256";"110Â 062";"A01";"1";"7";"0";"2";"1";"3";"1";""
"202100051257";"110Â 059";"A01";"1";"7";"0";"2";"7";"1";"1";""
"202100051257";"110Â 060";"B01";"2";"7";"0";"2";"1";"1";"1";""
"202100051258";"110Â 057";"A01";"1";"50";"0";"2";"3";"1";"3";""
"202100051258";"110Â 058";"B01";"2";"7";"0";"2";"2";"1";"1";""
"202100051259";"110Â 056";"A01";"2";"17";"0";"1";"1";"1";"1";""
"202100051260";"110Â 055";"A01";"2";"7";"4";"0";"3";"13";"1";""
"202100051261";"110Â 053";"B01";"1";"2";"0";"2";"1";"1";"1";""
"202100051261";"110Â 054";"A01";"3";"7";"0";"2";"3";"15";"1";""
"202100051262";"110Â 052";"A01";"1";"7";"0";"1";"3";"1";"1";""
"202100051263";"110Â 050";"B01";"1";"7";"0";"2";"4";"23";"1";""
"202100051263";"110Â 051";"A01";"1";"7";"0";"2";"1";"1";"1";""
"202100051264";"110Â 048";"A01";"3";"7";"0";"2";"2";"1";"1";""
"202100051264";"110Â 049";"B01";"3";"50";"0";"2";"1";"1";"3";""
"202100051265";"110Â 043";"B01";"1";"32";"0";"2";"7";"1";"1";""
"202100051265";"110Â 044";"A01";"1";"7";"0";"2";"3";"9";"1";""
"202100051266";"110Â 042";"Z01";"1";"7";"0";"1";"1";"16";"1";""
"202100051267";"110Â 040";"A01";"2";"34";"0";"2";"1";"17";"1";""
"202100051267";"110Â 041";"B01";"2";"7";"0";"2";"3";"15";"1";""
"202100051268";"110Â 039";"B01";"2";"1";"1";"0";"1";"9";"5";""
"202100051269";"110Â 037";"B01";"2";"7";"0";"2";"3";"1";"1";""
"202100051269";"110Â 038";"A01";"1";"30";"0";"2";"1";"1";"1";""
"202100051270";"110Â 034";"B01";"2";"7";"0";"2";"4";"23";"1";""
"202100051270";"110Â 035";"A01";"2";"7";"0";"2";"1";"2";"1";""
"202100051270";"110Â 036";"C01";"2";"7";"0";"2";"4";"23";"1";""
"202100051271";"110Â 032";"B01";"2";"33";"0";"2";"1";"17";"0";""
"202100051271";"110Â 033";"A01";"3";"10";"0";"2";"6";"15";"0";""
"202100051272";"110Â 025";"B01";"1";"30";"0";"2";"1";"1";"1";""
"202100051272";"110Â 026";"A01";"2";"7";"0";"2";"7";"15";"1";""
"202100051272";"110Â 027";"C01";"2";"7";"0";"2";"1";"21";"1";""
"202100051273";"110Â 023";"A01";"1";"7";"4";"2";"3";"26";"1";""
"202100051273";"110Â 024";"B01";"1";"7";"0";"2";"8";"1";"1";""
"202100051274";"110Â 022";"A01";"2";"7";"0";"1";"1";"15";"1";""
"202100051275";"110Â 021";"A01";"2";"3";"9";"0";"2";"1";"1";""
"202100051276";"110Â 020";"A01";"2";"7";"0";"1";"3";"15";"1";""
"202100051277";"110Â 019";"A01";"1";"30";"0";"5";"0";"21";"1";""
"202100051278";"110Â 017";"B01";"1";"7";"0";"2";"2";"1";"1";""
"202100051278";"110Â 018";"A01";"3";"7";"0";"2";"3";"19";"1";""
"202100051279";"110Â 015";"Z01";"1";"7";"0";"2";"6";"23";"1";""
"202100051279";"110Â 016";"A01";"1";"1";"0";"2";"0";"19";"5";""
"202100051280";"110Â 013";"B01";"1";"7";"0";"2";"1";"1";"1";""
"202100051280";"110Â 014";"A01";"1";"10";"0";"2";"4";"23";"1";""
"202100051281";"110Â 012";"A01";"0";"7";"0";"1";"1";"1";"1";""
"202100051282";"110Â 010";"B01";"3";"7";"0";"2";"8";"1";"1";""
"202100051282";"110Â 011";"A01";"3";"7";"0";"2";"1";"15";"1";""
"202100051283";"110Â 009";"A01";"3";"30";"0";"0";"3";"1";"1";""
"202100051284";"110Â 007";"B01";"3";"7";"0";"2";"8";"1";"1";""
"202100051284";"110Â 008";"A01";"3";"30";"0";"2";"1";"1";"1";""
"202100051285";"110Â 005";"B01";"1";"33";"0";"2";"2";"1";"1";""
"202100051285";"110Â 006";"A01";"2";"7";"0";"2";"3";"15";"2";""
"202100051286";"110Â 003";"A01";"2";"10";"0";"2";"2";"2";"1";""
"202100051286";"110Â 004";"B01";"2";"7";"0";"2";"6";"23";"1";""
"202100051287";"110Â 002";"A01";"3";"7";"0";"1";"1";"1";"1";""
"202100051288";"109Â 999";"C01";"2";"7";"0";"2";"2";"23";"1";""
"202100051288";"110Â 000";"B01";"1";"7";"0";"2";"3";"1";"1";""
"202100051288";"110Â 001";"A01";"1";"7";"1";"2";"3";"19";"1";""
"202100051289";"109Â 998";"A01";"1";"7";"0";"1";"3";"1";"1";""
"202100051290";"109Â 995";"B01";"1";"7";"0";"2";"4";"1";"1";""
"202100051290";"109Â 996";"A01";"1";"7";"0";"2";"1";"2";"1";""
"202100051290";"109Â 997";"C01";"1";"7";"0";"2";"6";"2";"1";""
"202100051291";"109Â 994";"A01";"3";"30";"0";"0";"7";"1";"1";""
"202100051292";"109Â 993";"A01";"2";"7";"0";"1";"3";"15";"1";""
"202100051293";"109Â 991";"B01";"1";"1";"0";"2";"7";"1";"6";""
"202100051293";"109Â 992";"A01";"2";"7";"0";"2";"3";"9";"1";""
"202100051294";"109Â 989";"B01";"2";"33";"0";"2";"2";"1";"1";""
"202100051294";"109Â 990";"A01";"2";"10";"0";"2";"8";"11";"1";""
"202100051295";"109Â 987";"A01";"2";"7";"0";"2";"2";"1";"1";""
"202100051295";"109Â 988";"B01";"0";"60";"0";"2";"3";"19";"5";""
"202100051296";"109Â 986";"A01";"2";"7";"0";"1";"1";"1";"1";""
"202100051297";"109Â 985";"A01";"1";"7";"0";"1";"3";"13";"1";""
"202100051298";"109Â 981";"B01";"2";"7";"0";"2";"3";"1";"1";""
"202100051298";"109Â 982";"A01";"1";"7";"0";"2";"3";"13";"1";""
"202100051299";"109Â 979";"B01";"3";"33";"0";"2";"1";"2";"1";""
"202100051299";"109Â 980";"A01";"3";"7";"0";"2";"1";"13";"1";""
"202100051300";"109Â 977";"Z01";"0";"7";"0";"2";"3";"0";"1";""
"202100051300";"109Â 978";"A01";"0";"7";"0";"2";"3";"1";"1";""
"202100051301";"109Â 975";"A01";"2";"31";"0";"2";"2";"17";"1";""
"202100051301";"109Â 976";"B01";"2";"60";"0";"2";"8";"1";"5";""
"202100051302";"109Â 972";"C01";"1";"33";"3";"2";"3";"1";"1";""
"202100051302";"109Â 973";"A01";"1";"7";"0";"2";"2";"26";"1";""
"202100051302";"109Â 974";"B01";"1";"7";"0";"0";"0";"1";"1";""
"202100051303";"109Â 970";"B01";"1";"10";"0";"2";"7";"1";"1";""
"202100051303";"109Â 971";"A01";"1";"7";"0";"2";"1";"1";"1";""
"202100051304";"109Â 968";"B01";"1";"31";"0";"2";"1";"1";"1";""
"202100051304";"109Â 969";"A01";"1";"7";"0";"2";"6";"23";"1";""
"202100051305";"109Â 966";"B01";"1";"7";"0";"2";"4";"2";"1";""
"202100051305";"109Â 967";"A01";"1";"30";"0";"2";"1";"2";"1";""
"202100051306";"109Â 964";"A01";"1";"1";"0";"2";"1";"1";"6";""
"202100051306";"109Â 965";"B01";"1";"7";"0";"2";"4";"1";"1";""
"202100051307";"109Â 962";"A01";"3";"7";"0";"2";"3";"13";"1";""
"202100051307";"109Â 963";"B01";"3";"7";"0";"2";"8";"1";"2";""
"202100051308";"109Â 960";"B01";"2";"2";"0";"2";"1";"26";"1";""
"202100051308";"109Â 961";"A01";"1";"7";"0";"9";"2";"15";"1";""
"202100051309";"109Â 957";"B01";"1";"7";"0";"2";"2";"1";"1";""
"202100051309";"109Â 958";"Z01";"1";"14";"0";"2";"2";"12";"0";""
"202100051309";"109Â 959";"A01";"1";"7";"0";"2";"6";"1";"1";""
"202100051310";"109Â 955";"A01";"2";"14";"0";"2";"2";"12";"1";""
"202100051310";"109Â 956";"B01";"2";"7";"0";"2";"3";"1";"1";""
"202100051311";"109Â 953";"A01";"2";"10";"0";"2";"1";"2";"1";""
"202100051311";"109Â 954";"B01";"2";"7";"0";"2";"4";"23";"1";""
"202100051312";"109Â 951";"A01";"1";"10";"0";"2";"2";"1";"1";""
"202100051312";"109Â 952";"B01";"2";"43";"0";"2";"5";"1";"1";""
"202100051313";"109Â 950";"Z01";"2";"7";"1";"0";"1";"13";"1";""
"202100051314";"109Â 949";"Z01";"1";"7";"0";"1";"1";"1";"1";""
"202100051315";"109Â 945";"A01";"3";"7";"0";"2";"1";"2";"1";""
"202100051315";"109Â 946";"B01";"3";"7";"0";"2";"4";"2";"1";""
"202100051315";"109Â 947";"C01";"3";"7";"0";"2";"4";"23";"1";""
"202100051315";"109Â 948";"D01";"1";"7";"0";"2";"5";"23";"1";""
"202100051316";"109Â 943";"A01";"2";"7";"0";"2";"2";"15";"1";""
"202100051316";"109Â 944";"B01";"2";"31";"0";"2";"3";"1";"1";""
"202100051317";"109Â 941";"B01";"1";"1";"0";"2";"7";"1";"5";""
"202100051317";"109Â 942";"A01";"1";"32";"0";"2";"1";"1";"1";""
"202100051318";"109Â 940";"A01";"1";"7";"0";"1";"2";"1";"1";""
"202100051319";"109Â 938";"A01";"2";"30";"0";"2";"1";"1";"1";""
"202100051319";"109Â 939";"Z01";"1";"30";"0";"2";"8";"16";"1";""
"202100051320";"109Â 936";"B01";"3";"7";"0";"2";"2";"1";"1";""
"202100051320";"109Â 937";"A01";"3";"30";"0";"2";"3";"18";"1";""
"202100051321";"109Â 935";"A01";"1";"10";"1";"0";"1";"7";"1";""
"202100051322";"109Â 933";"B01";"2";"2";"0";"2";"8";"1";"1";""
"202100051322";"109Â 934";"A01";"1";"0";"0";"2";"3";"15";"0";""
"202100051323";"109Â 932";"A01";"2";"7";"12";"0";"2";"1";"1";""
"202100051324";"109Â 930";"A01";"1";"2";"0";"2";"8";"2";"1";""
"202100051324";"109Â 931";"B01";"2";"10";"0";"2";"3";"11";"1";""
"202100051325";"109Â 928";"A01";"2";"7";"0";"2";"3";"9";"1";""
"202100051325";"109Â 929";"B01";"2";"7";"0";"2";"2";"1";"1";""
"202100051326";"109Â 927";"A01";"2";"7";"6";"0";"1";"14";"1";""
"202100051327";"109Â 925";"A01";"1";"10";"0";"2";"7";"16";"1";""
"202100051327";"109Â 926";"B01";"2";"30";"0";"2";"7";"1";"1";""
"202100051328";"109Â 924";"A01";"3";"33";"0";"1";"2";"2";"1";""
"202100051329";"109Â 922";"A01";"1";"7";"0";"1";"1";"1";"1";""
"202100051330";"109Â 920";"A01";"1";"7";"0";"2";"4";"1";"1";""
"202100051330";"109Â 921";"B01";"1";"3";"0";"2";"1";"1";"1";""
"202100051331";"109Â 917";"C01";" -1";"7";"0";"2";"1";"23";"1";""
"202100051331";"109Â 918";"A01";"0";"10";"11";"2";"1";"6";"1";""
"202100051331";"109Â 919";"B01";" -1";"7";"0";"2";"1";"23";"1";""
"202100051332";"109Â 916";"A01";"1";"10";"0";"1";"4";"4";"1";""
"202100051333";"109Â 914";"A01";"1";"30";"0";"2";"2";"1";"1";""
"202100051333";"109Â 915";"B01";"1";"7";"0";"2";"3";"1";"1";""
"202100051334";"109Â 913";"A01";"3";"7";"0";"1";"3";"15";"1";""
"202100051335";"109Â 912";"A01";"1";"7";"7";"0";"1";"1";"1";""
"202100051336";"109Â 910";"B01";"1";"3";"0";"2";"2";"1";"1";""
"202100051336";"109Â 911";"A01";"2";"7";"0";"2";"1";"13";"1";""
"202100051337";"109Â 909";"A01";"2";"7";"0";"0";"2";"1";"1";""
"202100051338";"109Â 906";"B01";"1";"17";"0";"2";"4";"2";"1";""
"202100051338";"109Â 907";"A01";"1";"7";"0";"2";"1";"2";"1";""
"202100051339";"109Â 904";"B01";"1";"7";"0";"2";"1";"1";"1";""
"202100051339";"109Â 905";"A01";"3";"7";"0";"2";"7";"1";"2";""
"202100051340";"109Â 903";"A01";"1";"7";"2";"0";"7";"14";"1";""
"202100051341";"109Â 901";"A01";"1";"7";"9";"0";"7";"15";"1";""
"202100051341";"109Â 902";"B01";"2";"13";"0";"0";"3";"1";"1";""
"202100051342";"109Â 899";"A01";"2";"7";"0";"0";"5";"10";"3";""
"202100051342";"109Â 900";"B01";"2";"33";"0";"2";"1";"1";"1";""
"202100051343";"109Â 897";"B01";"2";"7";"0";"0";"4";"23";"1";""
"202100051343";"109Â 898";"A01";"2";"2";"0";"2";"1";"2";"1";""
"202100051344";"109Â 896";"A01";"1";"2";"7";"0";"2";"1";"1";""
"202100051345";"109Â 894";"B01";"1";"21";"0";"2";"6";"15";"1";""
"202100051345";"109Â 895";"A01";"1";"33";"0";"2";"1";"17";"1";""
"202100051346";"109Â 892";"B01";"2";"2";"0";"0";"4";"1";"1";""
"202100051346";"109Â 893";"A01";"2";"7";"0";"2";"1";"1";"1";""
"202100051347";"109Â 890";"B01";"0";"7";"0";"0";"1";"0";"2";""
"202100051347";"109Â 891";"A01";"0";"7";"0";"0";"1";"0";"1";""
"202100051348";"109Â 889";"A01";"3";"7";"0";"1";"2";"1";"1";""
"202100051349";"109Â 888";"A01";"2";"7";"16";"0";"0";"13";"1";""
"202100051350";"109Â 887";"A01";"1";"36";"11";"0";"0";"1";"1";""
"202100051351";"109Â 885";"A01";"1";"7";"0";"2";"3";"1";"1";""
"202100051351";"109Â 886";"B01";"2";"2";"0";"2";"0";"1";"1";""
"202100051352";"109Â 884";"A01";"2";"1";"0";"1";"1";"1";"5";""
"202100051353";"109Â 883";"A01";"2";"14";"10";"0";"2";"14";"1";""
"202100051354";"109Â 882";"A01";"2";"33";"0";"0";"8";"1";"1";""
"202100051355";"109Â 881";"A01";"1";"33";"13";"0";"1";"1";"1";""
"202100051356";"109Â 879";"B01";"2";"7";"0";"2";"1";"1";"1";""
"202100051356";"109Â 880";"A01";"1";"7";"0";"2";"1";"1";"1";""
"202100051357";"109Â 878";"A01";"2";"7";"16";"0";"2";"14";"1";""
"202100051358";"109Â 877";"A01";"1";"7";"6";"0";"3";"1";"1";""
"202100051359";"109Â 876";"A01";"2";"10";"12";"0";"2";"21";"1";""
"202100051360";"109Â 874";"A01";"1";"7";"0";"2";"3";"1";"1";""
"202100051360";"109Â 875";"B01";"2";"7";"0";"2";"3";"1";"1";""
"202100051361";"109Â 870";"A01";"2";"10";"0";"2";"3";"2";"1";""
"202100051361";"109Â 871";"C01";"2";"7";"0";"2";"4";"2";"1";""
"202100051361";"109Â 872";"D01";"2";"7";"0";"0";"4";"1";"1";""
"202100051361";"109Â 873";"B01";"2";"31";"0";"2";"4";"2";"1";""
"202100051362";"109Â 868";"A01";"1";"7";"0";"2";"1";"17";"1";""
"202100051362";"109Â 869";"B01";"2";"7";"0";"2";"1";"1";"1";""
"202100051363";"109Â 867";"A01";"1";"33";"0";"0";"0";"2";"1";""
"202100051364";"109Â 865";"B01";"2";"14";"0";"2";"3";"1";"1";""
"202100051364";"109Â 866";"A01";"1";"7";"0";"2";"1";"1";"1";""
"202100051365";"109Â 864";"A01";"3";"7";"2";"0";"1";"1";"1";""
"202100051366";"109Â 862";"A01";"2";"14";"0";"2";"0";"15";"1";""
"202100051366";"109Â 863";"B01";"1";"33";"0";"2";"1";"1";"1";""
"202100051367";"109Â 861";"A01";"2";"7";"13";"0";"4";"2";"1";""