"Num_Acc";"id_vehicule";"num_veh";"senc";"catv";"obs";"obsm";"choc";"manv";"motor";"occutc"
"202100051368";"109Â 860";"A01";"1";"31";"0";"0";"0";"1";"1";""
"202100051369";"109Â 858";"A01";"1";"7";"0";"2";"6";"11";"1";""
"202100051369";"109Â 859";"B01";"1";"32";"0";"2";"1";"3";"1";""
"202100051370";"109Â 857";"A01";"2";"33";"0";"0";"7";"1";"1";""
"202100051371";"109Â 855";"A01";"2";"7";"0";"2";"4";"23";"1";""
"202100051371";"109Â 856";"B01";"2";"10";"0";"2";"1";"1";"1";""
"202100051372";"109Â 853";"A01";"2";"7";"14";"0";"4";"2";"1";""
"202100051372";"109Â 854";"B01";"2";"7";"14";"2";"1";"9";"1";""
"202100051373";"109Â 851";"A01";"1";"15";"0";"2";"6";"26";"1";""
"202100051373";"109Â 852";"B01";"1";"7";"0";"2";"2";"2";"1";""
"202100051374";"109Â 850";"A01";"1";"7";"0";"1";"1";"2";"1";""
"202100051375";"109Â 847";"C01";"1";"7";"0";"2";"4";"2";"1";""
"202100051375";"109Â 848";"B01";"1";"7";"0";"2";"4";"2";"1";""
"202100051375";"109Â 849";"A01";"1";"10";"0";"2";"1";"2";"1";""
"202100051376";"109Â 846";"A01";"2";"33";"0";"0";"7";"9";"1";""
"202100051377";"109Â 844";"A01";"2";"33";"0";"2";"1";"3";"1";""
"202100051377";"109Â 845";"B01";"2";"7";"0";"2";"5";"1";"1";""
"202100051378";"109Â 842";"B01";"1";"17";"0";"2";"6";"2";"1";""
"202100051378";"109Â 843";"A01";"1";"10";"0";"2";"2";"2";"1";""
"202100051379";"109Â 841";"A01";"2";"7";"4";"0";"5";"1";"1";""
"202100051380";"109Â 839";"B01";"1";"14";"0";"2";"4";"1";"1";""
"202100051380";"109Â 840";"A01";"1";"14";"0";"2";"2";"12";"1";""
"202100051381";"109Â 838";"A01";"1";"33";"4";"0";"0";"11";"1";""
"202100051382";"109Â 836";"A01";"1";"7";"0";"2";"1";"26";"1";""
"202100051382";"109Â 837";"B01";"1";"17";"0";"2";"4";"2";"1";""
"202100051383";"109Â 835";"A01";"2";"7";"0";"1";"8";"16";"2";""
"202100051384";"109Â 833";"A01";"2";"30";"0";"2";"1";"1";"1";""
"202100051384";"109Â 834";"B01";"2";"7";"0";"2";"4";"1";"1";""
"202100051385";"109Â 831";"A01";"3";"31";"0";"2";"1";"13";"1";""
"202100051385";"109Â 832";"B01";"1";"7";"0";"2";"1";"1";"1";""
"202100051386";"109Â 830";"A01";"1";"30";"0";"0";"0";"2";"1";""
"202100051387";"109Â 829";"A01";"3";"33";"14";"0";"0";"1";"1";""
"202100051388";"109Â 827";"A01";"2";"33";"0";"2";"7";"13";"1";""
"202100051388";"109Â 828";"B01";"1";"7";"0";"2";"8";"5";"1";""
"202100051389";"109Â 826";"A01";"2";"7";"4";"0";"3";"13";"1";""
"202100051390";"109Â 824";"A01";"1";"7";"0";"2";"2";"2";"1";""
"202100051390";"109Â 825";"B01";"1";"7";"0";"2";"6";"2";"1";""
"202100051391";"109Â 822";"A01";"3";"7";"0";"2";"4";"20";"1";""
"202100051391";"109Â 823";"B01";"1";"7";"0";"2";"2";"1";"1";""
"202100051392";"109Â 820";"B01";"2";"7";"0";"2";"7";"1";"1";""
"202100051392";"109Â 821";"A01";"2";"7";"0";"2";"2";"15";"1";""
"202100051393";"109Â 819";"A01";"3";"7";"0";"1";"1";"1";"1";""
"202100051394";"109Â 818";"A01";"2";"7";"0";"1";"2";"1";"1";""
"202100051395";"109Â 816";"Z01";"2";"7";"0";"2";"2";"9";"1";""
"202100051395";"109Â 817";"B01";"3";"7";"0";"2";"5";"1";"1";""
"202100051396";"109Â 814";"A01";"1";"10";"0";"2";"1";"5";"1";""
"202100051396";"109Â 815";"B01";"2";"7";"0";"2";"1";"1";"1";""
"202100051397";"109Â 812";"A01";"2";"7";"0";"2";"7";"15";"1";""
"202100051397";"109Â 813";"B01";"1";"33";"0";"2";"1";"1";"1";""
"202100051398";"109Â 811";"A01";"2";"7";"11";"0";"1";"13";"1";""
"202100051399";"109Â 810";"A01";"1";"80";"12";"0";"7";"1";"3";""
"202100051400";"109Â 809";"A01";"3";"7";"0";"1";"2";"9";"1";""
"202100051401";"109Â 807";"B01";"1";"1";"0";"9";"1";"26";"5";""
"202100051401";"109Â 808";"A01";"2";"30";"0";"9";"1";"26";"1";""
"202100051402";"109Â 806";"A01";"2";"7";"13";"0";"0";"1";"1";""
"202100051403";"109Â 805";"A01";"1";"7";"0";"1";"2";"16";"1";""
"202100051404";"109Â 803";"A01";"1";"31";"0";"2";"1";"1";"1";""
"202100051404";"109Â 804";"B01";"1";"7";"0";"2";"8";"15";"1";""
"202100051405";"109Â 801";"B01";"0";"7";"0";"2";"6";"1";"1";""
"202100051405";"109Â 802";"A01";"0";"2";"0";"2";"1";"1";"1";""
"202100051406";"109Â 799";"B01";"0";"7";"0";"2";"4";"1";"1";""
"202100051406";"109Â 800";"A01";"0";"10";"0";"2";"1";"1";"1";""
"202100051407";"109Â 797";"A01";"0";"7";"0";"2";"5";"15";"1";""
"202100051407";"109Â 798";"B01";"0";"10";"0";"2";"2";"1";"1";""
"202100051408";"109Â 795";"B01";"2";"7";"0";"2";"8";"19";"1";""
"202100051408";"109Â 796";"A01";"1";"7";"0";"2";"1";"1";"1";""
"202100051409";"109Â 794";"A01";"0";"7";"0";"0";"0";"26";"1";""
"202100051410";"109Â 793";"A01";"1";"1";"0";"1";"1";"1";"5";""
"202100051411";"109Â 791";"B01";"2";"7";"0";"2";"1";"1";"1";""
"202100051411";"109Â 792";"A01";"2";"7";"0";"2";"3";"20";"1";""
"202100051412";"109Â 790";"A01";"2";"7";"9";"0";"3";"1";"1";""
"202100051413";"109Â 789";"A01";"3";"7";"2";"0";"3";"25";"1";""
"202100051414";"109Â 787";"B01";"1";"7";"0";"2";"7";"1";"1";""
"202100051414";"109Â 788";"A01";"1";"7";"0";"2";"1";"1";"1";""
"202100051415";"109Â 785";"B01";"1";"7";"0";"2";"4";"1";"1";""
"202100051415";"109Â 786";"A01";"1";"7";"0";"2";"4";"23";"1";""
"202100051416";"109Â 784";"A01";"1";"7";"13";"0";"3";"13";"1";""
"202100051417";"109Â 783";"A01";"0";"7";"0";"1";"1";"1";"1";""
"202100051418";"109Â 782";"A01";"0";"2";"12";"0";"7";"1";"1";""
"202100051419";"109Â 780";"A01";"0";"7";"0";"2";"8";"15";"1";""
"202100051419";"109Â 781";"B01";"0";"7";"8";"2";"1";"0";"1";""
"202100051420";"109Â 778";"B01";"1";"33";"0";"2";"1";"1";"1";""
"202100051420";"109Â 779";"A01";"0";"7";"0";"2";"8";"26";"1";""
"202100051421";"109Â 776";"B01";"2";"1";"0";"2";"1";"1";"5";""
"202100051421";"109Â 777";"A01";"1";"7";"0";"2";"3";"15";"0";""
"202100051422";"109Â 774";"B01";"2";"80";"0";"2";"7";"1";"3";""
"202100051422";"109Â 775";"A01";"2";"7";"0";"2";"1";"16";"1";""
"202100051423";"109Â 773";"A01";"2";"32";"0";"0";"8";"2";"1";""
"202100051424";"109Â 772";"A01";"1";"7";"0";"1";"5";"23";"1";""
"202100051425";"109Â 771";"A01";"2";"7";"1";"0";"1";"13";"1";""
"202100051426";"109Â 770";"A01";"1";"7";"0";"1";"3";"1";"1";""
"202100051427";"109Â 769";"A01";"2";"30";"16";"0";"8";"1";"1";""
"202100051428";"109Â 767";"A01";"1";"1";"0";"2";"7";"1";"5";""
"202100051428";"109Â 768";"B01";"1";"7";"0";"9";"8";"1";"1";""
"202100051429";"109Â 766";"A01";"1";"7";"0";"1";"2";"1";"1";""
"202100051430";"109Â 765";"A01";"0";"7";"1";"0";"1";"1";"1";""
"202100051431";"109Â 764";"A01";"2";"7";"0";"1";"3";"1";"3";""
"202100051432";"109Â 762";"B01";"2";"7";"0";"2";"1";"1";"1";""
"202100051432";"109Â 763";"A01";"1";"33";"0";"2";"7";"5";"1";""
"202100051433";"109Â 761";"A01";"3";"17";"13";"0";"7";"1";"1";""
"202100051434";"109Â 760";"A01";"2";"10";"0";"1";"1";"1";"1";""
"202100051435";"109Â 758";"B01";"0";"7";"0";"2";"4";"23";"1";""
"202100051435";"109Â 759";"A01";"0";"3";"0";"2";"1";"1";"1";""
"202100051436";"109Â 756";"B01";"1";"7";"0";"2";"1";"1";"1";""
"202100051436";"109Â 757";"A01";"1";"7";"0";"2";"1";"9";"1";""
"202100051437";"109Â 754";"A01";"1";"7";"0";"2";"3";"15";"1";""
"202100051437";"109Â 755";"B01";"2";"2";"0";"2";"3";"1";"1";""
"202100051438";"109Â 753";"A01";"3";"7";"0";"1";"1";"1";"1";""
"202100051439";"109Â 752";"A01";"1";"33";"0";"0";"6";"1";"1";""
"202100051440";"109Â 751";"A01";"3";"7";"13";"0";"0";"0";"1";""
"202100051441";"109Â 749";"A01";"3";"33";"0";"2";"7";"12";"1";""
"202100051441";"109Â 750";"B01";"3";"7";"0";"2";"6";"23";"1";""
"202100051442";"109Â 747";"B01";"1";"7";"0";"2";"7";"15";"1";""
"202100051442";"109Â 748";"A01";"1";"32";"0";"2";"1";"19";"1";""
"202100051443";"109Â 743";"A01";"1";"7";"0";"9";"1";"1";"1";""
"202100051443";"109Â 744";"B01";"2";"1";"0";"2";"1";"0";"0";""
"202100051444";"109Â 741";"B01";"3";"7";"0";"2";"8";"1";"1";""
"202100051444";"109Â 742";"A01";"3";"15";"0";"2";"2";"9";"1";""
"202100051445";"109Â 740";"A01";"3";"20";"0";"1";"3";"26";"1";""
"202100051446";"109Â 738";"A01";"1";"10";"0";"2";"1";"2";"1";""
"202100051446";"109Â 739";"B01";"1";"7";"0";"2";"4";"2";"1";""
"202100051447";"109Â 736";"A01";"1";"34";"0";"2";"1";"3";"1";""
"202100051447";"109Â 737";"B01";"1";"7";"0";"2";"4";"12";"1";""
"202100051448";"109Â 732";"D01";"1";"7";"0";"2";"4";"2";"1";""
"202100051448";"109Â 733";"C01";"1";"7";"0";"2";"4";"0";"1";""
"202100051448";"109Â 734";"B01";"1";"7";"0";"2";"4";"2";"1";""
"202100051448";"109Â 735";"A01";"1";"7";"0";"2";"1";"2";"1";""
"202100051449";"109Â 731";"A01";"3";"10";"0";"1";"1";"14";"3";""
"202100051450";"109Â 730";"A01";"1";"50";"0";"1";"1";"1";"3";""
"202100051451";"109Â 728";"B01";"2";"1";"0";"2";"0";"21";"5";""
"202100051451";"109Â 729";"A01";"2";"7";"0";"2";"0";"15";"1";""
"202100051452";"109Â 726";"A01";"1";"7";"0";"2";"0";"16";"1";""
"202100051452";"109Â 727";"B01";"1";"30";"0";"2";"0";"1";"1";""
"202100051453";"109Â 725";"A01";"1";"43";"0";"0";"0";"21";"1";""
"202100051454";"109Â 724";"A01";"2";"7";"8";"1";"1";"13";"3";""
"202100051455";"109Â 722";"A01";"2";"7";"0";"2";"2";"1";"1";""
"202100051455";"109Â 723";"B01";"2";"33";"0";"2";"1";"1";"1";""
"202100051456";"109Â 721";"A01";"2";"34";"0";"0";"7";"23";"1";""
"202100051457";"109Â 720";"C01";"0";"7";"1";"0";"1";"1";"1";""
"202100051458";"109Â 718";"A01";"0";"7";"0";"2";"1";"1";"2";""
"202100051458";"109Â 719";"B01";"2";"33";"0";"2";"7";"0";"1";""
"202100051459";"109Â 717";"A01";"0";"7";"1";"1";"2";"17";"1";""
"202100051460";"109Â 716";"A01";"2";"7";"0";"1";"3";"15";"1";""
"202100051461";"109Â 714";"A01";"1";"7";"1";"2";"1";"1";"1";""
"202100051461";"109Â 715";"B01";"2";"14";"0";"2";"5";"1";"1";""
"202100051462";"109Â 712";"B01";"2";"10";"0";"2";"3";"1";"1";""
"202100051462";"109Â 713";"A01";"2";"2";"0";"2";"1";"15";"1";""
"202100051463";"109Â 711";"A01";"1";"32";"7";"0";"2";"2";"1";""
"202100051464";"109Â 710";"A01";"1";"7";"6";"0";"3";"13";"1";""
"202100051465";"109Â 708";"B01";"3";"7";"0";"9";"7";"1";"1";""
"202100051465";"109Â 709";"A01";"3";"50";"0";"2";"3";"0";"3";""
"202100051466";"109Â 706";"A01";"1";"2";"0";"0";"6";"1";"1";""
"202100051466";"109Â 707";"B01";"1";"0";"0";"2";"2";"2";"0";""
"202100051467";"109Â 704";"B01";"3";"7";"0";"0";"8";"1";"1";""
"202100051467";"109Â 705";"A01";"0";"30";"0";"2";"1";"6";"1";""
"202100051468";"109Â 702";"A01";"2";"7";"0";"2";"3";"1";"1";""
"202100051468";"109Â 703";"B01";"1";"7";"0";"2";"3";"1";"1";""
"202100051469";"109Â 700";"B01";"1";"7";"6";"2";"3";"1";"1";""
"202100051469";"109Â 701";"A01";"2";"7";"0";"0";"7";"15";"1";""
"202100051470";"109Â 698";"A01";"1";"7";"0";"0";"1";"1";"1";""
"202100051470";"109Â 699";"B01";"2";"7";"0";"2";"1";"1";"1";""
"202100051471";"109Â 697";"A01";"2";"36";"13";"0";"1";"14";"1";""
"202100051472";"109Â 696";"A01";"1";"2";"0";"0";"1";"0";"1";""
"202100051473";"109Â 695";"A01";"1";"1";"0";"0";"0";"0";"5";""
"202100051474";"109Â 694";"B01";"3";"7";"1";"0";"1";"1";"1";""
"202100051475";"109Â 693";"A01";"0";"7";"13";"0";"3";"1";"1";""
"202100051476";"109Â 691";"A01";"1";"7";"16";"0";"1";"1";"1";""
"202100051477";"109Â 690";"A01";"2";"17";"16";"0";"2";"1";"1";""
"202100051478";"109Â 689";"A01";"2";"33";"7";"0";"0";"1";"1";""
"202100051479";"109Â 688";"A01";"2";"7";"3";"0";"3";"17";"1";""
"202100051480";"109Â 686";"B01";"2";"1";"0";"2";"4";"2";"0";""
"202100051480";"109Â 687";"A01";"2";"7";"4";"2";"1";"1";"1";""
"202100051481";"109Â 685";"A01";"1";"10";"0";"1";"3";"1";"1";""
"202100051482";"109Â 683";"A01";"2";"17";"1";"0";"2";"0";"1";""
"202100051482";"109Â 684";"B01";"2";"7";"0";"0";"6";"23";"1";""
"202100051483";"109Â 681";"A01";"2";"30";"0";"2";"1";"3";"1";""
"202100051483";"109Â 682";"B01";"2";"7";"0";"2";"3";"15";"1";""
"202100051484";"109Â 680";"A01";"2";"7";"2";"0";"9";"21";"1";""
"202100051485";"109Â 675";"D01";"2";"7";"0";"2";"3";"1";"1";""
"202100051485";"109Â 676";"C01";"2";"7";"0";"2";"2";"1";"1";""
"202100051485";"109Â 677";"A01";"2";"7";"0";"2";"6";"1";"1";""
"202100051485";"109Â 678";"B01";"2";"7";"4";"0";"3";"13";"1";""
"202100051485";"109Â 679";"E01";"2";"7";"0";"2";"2";"14";"0";""
"202100051486";"109Â 673";"B01";"2";"32";"0";"2";"4";"1";"1";""
"202100051486";"109Â 674";"A01";"2";"7";"0";"0";"1";"1";"1";""
"202100051487";"109Â 671";"A01";"2";"7";"0";"2";"1";"13";"1";""
"202100051487";"109Â 672";"B01";"1";"10";"0";"2";"1";"1";"1";""
"202100051488";"109Â 670";"A01";"3";"7";"0";"1";"2";"1";"1";""
"202100051489";"109Â 668";"A01";"1";"10";"0";"2";"7";"1";"6";""
"202100051489";"109Â 669";"B01";"2";"38";"0";"2";"3";"1";"1";"1"
"202100051490";"109Â 667";"A01";"2";"2";"0";"0";"9";"26";"1";""
"202100051491";"109Â 666";"A01";"1";"7";"15";"0";"1";"13";"1";""
"202100051492";"109Â 665";"A01";"2";"7";"0";"1";"3";"1";"1";""
"202100051493";"109Â 664";"A01";"2";"7";"0";"1";"3";"1";"1";""
"202100051494";"109Â 663";"A01";"2";"1";"2";"0";"1";"11";"5";""
"202100051495";"109Â 661";"A01";"1";"33";"0";"2";"1";"1";"1";""
"202100051495";"109Â 662";"B01";"2";"7";"0";"2";"5";"15";"1";""
"202100051496";"109Â 659";"A01";"2";"7";"0";"0";"4";"23";"1";""
"202100051496";"109Â 660";"B01";"2";"7";"0";"0";"1";"2";"1";""
"202100051497";"109Â 655";"A01";"1";"7";"6";"0";"2";"1";"1";""
"202100051498";"109Â 654";"A01";"1";"7";"3";"0";"3";"0";"1";""
"202100051499";"109Â 645";"C01";"2";"7";"0";"2";"0";"0";"1";""
"202100051499";"109Â 646";"F01";"2";"10";"0";"0";"0";"0";"1";""
"202100051499";"109Â 647";"E01";"2";"7";"0";"0";"0";"0";"1";""
"202100051499";"109Â 648";"D01";"2";"7";"0";"2";"4";"0";"1";""
"202100051499";"109Â 649";"B01";"2";"7";"3";"0";"0";"0";"1";""
"202100051499";"109Â 650";"A01";"2";"10";"0";"2";"1";"1";"1";""
"202100051500";"109Â 643";"B01";"1";"7";"1";"0";"1";"2";"1";""
"202100051500";"109Â 644";"A01";"1";"7";"0";"2";"4";"2";"1";""
"202100051501";"109Â 641";"B01";"2";"32";"4";"2";"2";"1";"1";""
"202100051501";"109Â 642";"A01";"2";"10";"0";"2";"3";"13";"1";""
"202100051502";"109Â 639";"B01";"2";"20";"0";"9";"4";"23";"1";""
"202100051502";"109Â 640";"A01";"2";"50";"0";"2";"1";"2";"3";""
"202100051503";"109Â 636";"C01";"1";"7";"14";"0";"4";"0";"1";""
"202100051503";"109Â 637";"B01";"1";"7";"0";"2";"1";"1";"1";""
"202100051503";"109Â 638";"A01";"1";"7";"14";"0";"1";"1";"1";""
"202100051504";"109Â 634";"A01";"1";"7";"0";"2";"3";"13";"1";""
"202100051504";"109Â 635";"B01";"2";"33";"0";"2";"1";"1";"1";""
"202100051505";"109Â 632";"A01";"1";"10";"0";"2";"8";"13";"1";""
"202100051505";"109Â 633";"B01";"1";"10";"0";"2";"3";"23";"2";""
"202100051506";"109Â 629";"B01";"2";"30";"0";"2";"7";"2";"1";""
"202100051506";"109Â 630";"A01";"2";"37";"0";"2";"3";"15";"1";"1"
"202100051507";"109Â 627";"B01";"1";"7";"0";"2";"2";"1";"2";""
"202100051507";"109Â 628";"A01";"2";"7";"0";"2";"3";"19";"1";""
"202100051508";"109Â 626";"A01";"2";"7";"0";"1";"1";"1";"1";""
"202100051509";"109Â 624";"A01";"0";"7";"0";"2";"1";"2";"1";""
"202100051509";"109Â 625";"B01";"0";"7";"0";"2";"4";"2";"1";""
"202100051510";"109Â 622";"B01";"2";"7";"0";"2";"2";"1";"1";""
"202100051510";"109Â 623";"A01";"1";"7";"8";"2";"3";"13";"1";""
"202100051511";"109Â 621";"A01";"1";"30";"0";"1";"1";"17";"1";""
"202100051512";"109Â 620";"A01";"1";"7";"8";"0";"8";"0";"1";""
"202100051513";"109Â 618";"A01";"0";"7";"0";"2";"5";"15";"1";""
"202100051513";"109Â 619";"B01";"0";"33";"0";"2";"1";"1";"1";""
"202100051514";"109Â 616";"A01";"1";"2";"0";"2";"1";"1";"1";""
"202100051514";"109Â 617";"B01";"1";"1";"0";"2";"1";"1";"0";""
"202100051515";"109Â 614";"B01";"2";"7";"0";"2";"2";"1";"1";""
"202100051515";"109Â 615";"A01";"2";"3";"0";"2";"8";"9";"1";""
"202100051516";"109Â 612";"A01";"2";"31";"0";"2";"1";"2";"1";""
"202100051516";"109Â 613";"B01";"2";"7";"0";"2";"3";"19";"1";""
"202100051517";"109Â 609";"C01";"2";"1";"0";"2";"1";"1";"5";""
"202100051517";"109Â 610";"A01";"1";"7";"0";"2";"1";"15";"1";""
"202100051517";"109Â 611";"B01";"1";"7";"0";"2";"3";"1";"1";""
"202100051518";"109Â 607";"A01";"2";"7";"0";"2";"1";"1";"1";""
"202100051518";"109Â 608";"B01";"1";"7";"0";"2";"1";"1";"1";""
"202100051519";"109Â 605";"A01";"1";"1";"0";"2";"1";"15";"5";""
"202100051519";"109Â 606";"Z01";"2";"30";"0";"2";"1";"1";"1";""
"202100051520";"109Â 603";"A01";"2";"10";"0";"2";"5";"15";"1";""
"202100051520";"109Â 604";"B01";"1";"2";"0";"2";"1";"1";"1";""
"202100051521";"109Â 601";"A01";"2";"7";"0";"2";"3";"1";"2";""
"202100051521";"109Â 602";"B01";"3";"1";"0";"2";"1";"5";"5";""
"202100051522";"109Â 600";"A01";"1";"10";"2";"0";"1";"1";"1";""
"202100051523";"109Â 598";"B01";"1";"31";"0";"2";"1";"1";"0";""
"202100051523";"109Â 599";"A01";"1";"33";"6";"0";"8";"1";"1";""
"202100051524";"109Â 596";"A01";" -1";"33";"0";"2";"3";"21";"0";""
"202100051524";"109Â 597";"B01";" -1";"99";"0";"2";"2";"14";"0";""
"202100051525";"109Â 594";"A01";"1";"7";"0";"0";"4";"23";"1";""
"202100051525";"109Â 595";"Z01";"1";"0";"0";"0";"0";"0";"0";""
"202100051526";"109Â 592";"A01";"2";"7";"0";"2";"7";"1";"1";""
"202100051526";"109Â 593";"B01";"2";"37";"0";"2";"1";"1";"2";"4"
"202100051527";"109Â 590";"B01";"2";"32";"0";"2";"1";"15";"1";""
"202100051527";"109Â 591";"A01";"1";"7";"0";"2";"5";"1";"1";""
"202100051528";"109Â 589";"A01";"2";"7";"6";"0";"1";"14";"1";""
"202100051529";"109Â 588";"A01";"2";"33";"0";"9";"0";"1";"1";""
"202100051530";"109Â 587";"A01";"1";"7";"13";"0";"9";"1";"1";""
"202100051531";"109Â 586";"A01";"1";"7";"0";"6";"2";"21";"1";""
"202100051532";"109Â 583";"A01";"1";"7";"0";"0";"4";"1";"1";""
"202100051532";"109Â 584";"B01";"1";"7";"0";"2";"1";"2";"1";""
"202100051532";"109Â 585";"C01";"1";"7";"0";"2";"1";"2";"1";""
"202100051533";"109Â 581";"A01";"1";"10";"0";"2";"6";"4";"1";""
"202100051533";"109Â 582";"B01";"1";"33";"0";"2";"8";"21";"1";""
"202100051534";"109Â 580";"A01";"1";"33";"0";"0";"8";"1";"1";""
"202100051535";"109Â 579";"A01";"2";"7";"15";"0";"0";"1";"1";""
"202100051536";"109Â 577";"B01";"1";"33";"0";"2";"8";"5";"1";""
"202100051536";"109Â 578";"A01";"2";"31";"0";"2";"3";"3";"1";""
"202100051537";"109Â 575";"B01";"2";"7";"0";"2";"1";"1";"1";""
"202100051537";"109Â 576";"A01";"1";"7";"0";"2";"1";"13";"1";""
"202100051538";"109Â 573";"A01";"1";"17";"0";"2";"6";"1";"1";""
"202100051538";"109Â 574";"B01";"2";"7";"0";"2";"3";"1";"1";""
"202100051539";"109Â 571";"B01";"1";"7";"0";"2";"1";"1";"1";""
"202100051539";"109Â 572";"A01";"1";"7";"0";"2";"1";"13";"1";""
"202100051540";"109Â 568";"B01";"2";"7";"0";"2";"6";"15";"1";""
"202100051540";"109Â 569";"A01";"2";"10";"0";"2";"1";"17";"1";""
"202100051540";"109Â 570";"C01";"1";"7";"0";"2";"3";"1";"1";""
"202100051541";"109Â 566";"A01";"2";"7";"0";"2";"8";"6";"0";""
"202100051541";"109Â 567";"B01";"2";"33";"0";"2";"1";"1";"1";""
"202100051542";"109Â 565";"A01";"1";"7";"12";"0";"1";"1";"1";""
"202100051543";"109Â 564";"A01";"3";"7";"13";"0";"2";"1";"1";""
"202100051544";"109Â 563";"A01";"3";"7";"2";"0";"1";"1";"1";""
"202100051545";"109Â 562";"A01";"2";"7";"8";"0";"3";"13";"1";""
"202100051546";"109Â 561";"A01";"2";"7";"6";"0";"8";"0";"0";""
"202100051547";"109Â 559";"B01";"0";"10";"0";"2";"1";"1";"1";""
"202100051547";"109Â 560";"A01";"0";"7";"13";"0";"2";"1";"1";""
"202100051548";"109Â 556";"C01";"1";"7";"0";"2";"1";"1";"1";""
"202100051548";"109Â 557";"B01";"1";"7";"0";"2";"3";"1";"1";""
"202100051548";"109Â 558";"A01";"2";"10";"0";"2";"1";"13";"1";""
"202100051549";"109Â 555";"A01";"1";"7";"10";"0";"3";"1";"1";""
"202100051550";"109Â 553";"B01";"2";"14";"0";"0";"6";"2";"1";""
"202100051550";"109Â 554";"A01";"2";"7";"0";"2";"1";"2";"1";""
"202100051551";"109Â 551";"A01";"1";"7";"0";"2";"1";"2";"1";""
"202100051551";"109Â 552";"B01";"1";"7";"0";"2";"4";"2";"1";""
"202100051552";"109Â 548";"A01";"1";"7";"4";"0";"1";"1";"1";""
"202100051552";"109Â 549";"B01";"1";"7";"0";"0";"4";"23";"1";""
"202100051552";"109Â 550";"C01";"1";"7";"1";"0";"1";"2";"1";""
"202100051553";"109Â 546";"B01";"2";"10";"0";"2";"2";"1";"1";""
"202100051553";"109Â 547";"A01";"1";"33";"0";"2";"0";"1";"1";""
"202100051554";"109Â 543";"C01";"2";"7";"0";"2";"3";"1";"1";""
"202100051554";"109Â 544";"B01";"2";"21";"0";"2";"6";"1";"0";""
"202100051554";"109Â 545";"A01";"1";"7";"0";"2";"1";"13";"1";""
"202100051555";"109Â 542";"A01";"0";"33";"2";"0";"1";"13";"1";""
"202100051556";"109Â 540";"B01";"2";"1";"0";"2";"6";"1";"5";""
"202100051556";"109Â 541";"A01";"2";"7";"0";"2";"7";"1";"0";""
"202100051557";"109Â 539";"A01";"3";"2";"0";"0";"7";"1";"1";""
"202100051558";"109Â 536";"C01";"0";"7";"0";"2";"3";"0";"1";""
"202100051558";"109Â 537";"A01";"0";"7";"0";"2";"3";"17";"1";""
"202100051558";"109Â 538";"B01";"0";"15";"0";"0";"8";"1";"1";""
"202100051559";"109Â 534";"B01";"2";"33";"0";"9";"0";"2";"1";""
"202100051559";"109Â 535";"D01";"2";"0";"0";"2";" -1";"1";" -1";""
"202100051560";"109Â 533";"A01";"1";"7";"13";"0";"1";"11";"1";""
"202100051561";"109Â 532";"A01";"2";"7";"3";"0";"1";"11";"1";""
"202100051562";"109Â 529";"A01";"1";"7";"0";"2";"1";"1";"1";""
"202100051562";"109Â 530";"B01";"1";"7";"0";"2";"4";"2";"1";""
"202100051562";"109Â 531";"C01";"1";"7";"0";"2";"4";"2";"1";""
"202100051563";"109Â 526";"B01";"2";"10";"0";"2";"5";"12";"1";""
"202100051563";"109Â 527";"C01";"2";"7";"0";"2";"8";"1";"1";""
"202100051563";"109Â 528";"A01";"2";"43";"0";"2";"1";"3";"1";""
"202100051564";"109Â 525";"A01";"2";"7";"13";"0";"1";"14";"1";""
"202100051565";"109Â 524";"A01";"0";"7";"0";"1";"3";"9";"1";""
"202100051566";"109Â 523";"A01";"1";"7";"0";"1";"1";"1";"1";""
"202100051567";"109Â 521";"B01";"1";"2";"0";"2";"1";"1";"3";""
"202100051567";"109Â 522";"A01";"2";"7";"0";"2";"0";"1";"0";""
"202100051568";"109Â 520";"A01";"2";"7";"6";"0";"2";"1";"1";""
"202100051569";"109Â 519";"A01";"2";"7";"0";"1";"7";"19";"1";""
"202100051570";"109Â 517";"B01";"2";"7";"0";"2";"1";"2";"0";""
"202100051570";"109Â 518";"A01";"1";"7";"0";"2";"1";"11";"0";""
"202100051571";"109Â 516";"A01";"1";"7";"0";"1";"3";"1";"1";""
"202100051572";"109Â 515";"A01";"1";"7";"6";"0";"1";"26";"1";""
"202100051573";"109Â 511";"A01";"3";"7";"0";"2";"1";"9";"1";""
"202100051573";"109Â 512";"B01";"3";"7";"0";"2";"1";"1";"1";""
"202100051574";"109Â 509";"A01";"2";"7";"0";"2";"1";"10";"1";""
"202100051574";"109Â 510";"B01";"2";"7";"0";"2";"7";"21";"1";""
"202100051575";"109Â 507";"A01";"1";"7";"0";"2";"1";"2";"1";""
"202100051575";"109Â 508";"B01";"1";"7";"0";"2";"4";"2";"1";""
"202100051576";"109Â 504";"C01";"0";"7";"0";"0";"6";"1";"1";""
"202100051576";"109Â 505";"A01";"3";"30";"0";"2";"1";"1";"1";""
"202100051576";"109Â 506";"B01";"3";"30";"0";"2";"1";"1";"1";""
"202100051577";"109Â 502";"A01";"0";"7";"0";"2";"1";"1";"1";""
"202100051577";"109Â 503";"B01";"0";"7";"0";"2";"8";"1";"1";""
"202100051578";"109Â 500";"A01";"1";"7";"0";"2";"2";"15";"2";""