"Num_Acc";"id_vehicule";"num_veh";"senc";"catv";"obs";"obsm";"choc";"manv";"motor";"occutc"
"202100051578";"109Â 501";"B01";"1";"7";"0";"2";"3";"1";"1";""
"202100051579";"109Â 497";"A01";"3";"7";"0";"2";"1";"1";"1";""
"202100051579";"109Â 498";"C01";"1";"7";"0";"2";"4";"1";"1";""
"202100051579";"109Â 499";"B01";"1";"7";"0";"2";"4";"1";"1";""
"202100051580";"109Â 495";"A01";"3";"7";"0";"2";"6";"19";"1";""
"202100051580";"109Â 496";"C01";"1";"10";"0";"2";"1";"1";"1";""
"202100051581";"109Â 494";"A01";"1";"30";"0";"1";"7";"2";"0";""
"202100051582";"109Â 493";"A01";"1";"2";"6";"0";"1";"14";"1";""
"202100051583";"109Â 491";"A01";"2";"7";"0";"2";"3";"15";"1";""
"202100051583";"109Â 492";"B01";"1";"33";"0";"2";"1";"2";"1";""
"202100051584";"109Â 490";"A01";"2";"37";"4";"0";"1";"1";"1";"1"
"202100051585";"109Â 486";"B01";"2";"2";"0";"2";"8";"26";"1";""
"202100051585";"109Â 487";"A01";"0";"7";"0";"2";"1";"16";"0";""
"202100051586";"109Â 485";"A01";"2";"7";"3";"0";"3";"1";"1";""
"202100051587";"109Â 483";"A01";"1";"7";"0";"2";"3";"9";"1";""
"202100051587";"109Â 484";"B01";"1";"31";"0";"2";"1";"3";"1";""
"202100051588";"109Â 481";"B01";"1";"7";"0";"2";"2";"1";"1";""
"202100051588";"109Â 482";"A01";"1";"30";"0";"2";"1";"9";"1";""
"202100051589";"109Â 479";"A01";"2";"30";"0";"2";"2";"1";"1";""
"202100051589";"109Â 480";"Z01";"1";"7";"0";"2";"0";"0";"0";""
"202100051590";"109Â 477";"B01";"1";"7";"0";"2";"1";"26";"1";""
"202100051590";"109Â 478";"A01";"1";"32";"0";"2";"1";"26";"1";""
"202100051591";"109Â 475";"Z01";"2";"7";"0";"2";"0";"1";"1";""
"202100051591";"109Â 476";"A01";"2";"30";"1";"2";"2";"17";"1";""
"202100051592";"109Â 473";"B01";"1";"2";"0";"2";"2";"17";"3";""
"202100051592";"109Â 474";"A01";"1";"7";"0";"2";"3";"15";"1";""
"202100051593";"109Â 472";"A01";"1";"7";"0";"1";"1";"1";"1";""
"202100051594";"109Â 470";"Z01";"1";"7";"0";"2";"3";"22";"1";""
"202100051594";"109Â 471";"A01";"1";"1";"0";"2";"1";"1";"5";""
"202100051595";"109Â 468";"B01";"2";"10";"0";"2";"5";"15";"1";""
"202100051595";"109Â 469";"A01";"1";"50";"0";"2";"5";"7";"3";""
"202100051596";"109Â 466";"B01";"1";"7";"0";"2";"7";"16";"1";""
"202100051596";"109Â 467";"A01";"1";"33";"0";"2";"1";"18";"1";""
"202100051597";"109Â 465";"A01";"3";"31";"0";"0";"0";"26";"1";""
"202100051598";"109Â 463";"A01";"3";"1";"0";"2";"2";"1";"5";""
"202100051598";"109Â 464";"B01";"3";"7";"0";"2";"3";"1";"2";""
"202100051599";"109Â 461";"A01";"1";"7";"0";"2";"2";"2";"1";""
"202100051599";"109Â 462";"B01";"3";"50";"0";"2";"1";"25";"3";""
"202100051600";"109Â 459";"A01";"1";"7";"0";"2";"3";"1";"1";""
"202100051600";"109Â 460";"B01";"2";"7";"0";"2";"8";"1";"1";""
"202100051601";"109Â 458";"A01";"0";"34";"0";"0";"8";"1";"0";""
"202100051602";"109Â 454";"A01";"1";"10";"0";"2";"1";"2";"1";""
"202100051602";"109Â 455";"B01";"1";"7";"0";"2";"4";"2";"1";""
"202100051602";"109Â 456";"C01";"1";"7";"0";"2";"4";"2";"1";""
"202100051602";"109Â 457";"D01";"1";"7";"0";"2";"4";"2";"1";""
"202100051603";"109Â 451";"C01";"2";"3";"0";"2";"5";"1";"1";""
"202100051603";"109Â 452";"B01";"2";"7";"0";"2";"4";"0";"1";""
"202100051603";"109Â 453";"A01";"1";"7";"0";"2";"1";"1";"1";""
"202100051604";"109Â 450";"A01";"1";"7";"0";"1";"1";"21";"1";""
"202100051605";"109Â 448";"B01";" -1";"7";"0";"2";"8";"19";"1";""
"202100051605";"109Â 449";"A01";"2";"30";"0";"2";"7";"21";"1";""
"202100051606";"109Â 446";"A01";"1";"7";"0";"2";"2";"2";"1";""
"202100051606";"109Â 447";"B01";"1";"10";"0";"2";"6";"15";"1";""
"202100051607";"109Â 443";"C01";"3";"7";"0";"2";"4";"2";"1";""
"202100051607";"109Â 444";"B01";"3";"7";"0";"2";"4";"2";"1";""
"202100051607";"109Â 445";"A01";"3";"7";"0";"2";"1";"2";"1";""
"202100051608";"109Â 440";"A01";"2";"10";"0";"2";"4";"2";"1";""
"202100051608";"109Â 441";"B01";"2";"7";"0";"2";"1";"2";"1";""
"202100051608";"109Â 442";"C01";"2";"7";"0";"2";"1";"2";"1";""
"202100051609";"109Â 439";"A01";"2";"30";"9";"0";"3";"13";"1";""
"202100051610";"109Â 437";"B01";"2";"7";"9";"2";"2";"1";"1";""
"202100051610";"109Â 438";"A01";"2";"7";"0";"2";"3";"1";"1";""
"202100051611";"109Â 435";"B01";"1";"1";"0";"2";"4";"1";"5";""
"202100051611";"109Â 436";"A01";"1";"3";"0";"9";"2";"17";"1";""
"202100051612";"109Â 434";"A01";"2";"7";"6";"0";"3";"1";"1";""
"202100051613";"109Â 433";"A01";"1";"32";"0";"1";"1";"1";"1";""
"202100051614";"109Â 432";"A01";"1";"7";"8";"0";"2";"1";"1";""
"202100051615";"109Â 431";"A01";"0";"7";"9";"0";"1";"1";"1";""
"202100051616";"109Â 430";"A01";"1";"7";"0";"0";"9";"13";"1";""
"202100051617";"109Â 427";"A01";"2";"7";"2";"0";"1";"1";"0";""
"202100051618";"109Â 426";"A01";"1";"7";"8";"0";"1";"1";"1";""
"202100051619";"109Â 425";"A01";"1";"7";"6";"0";"1";"1";"1";""
"202100051620";"109Â 423";"B01";"1";"7";"0";"2";"2";"1";"1";""
"202100051620";"109Â 424";"A01";"1";"10";"0";"2";"3";"9";"1";""
"202100051621";"109Â 422";"A01";"2";"7";"8";"0";"1";"1";"1";""
"202100051622";"109Â 420";"B01";"2";"7";"0";"2";"6";"15";"1";""
"202100051622";"109Â 421";"A01";"2";"33";"0";"2";"2";"2";"1";""
"202100051623";"109Â 418";"A01";"3";"7";"1";"1";"8";"20";"1";""
"202100051624";"109Â 417";"A01";"1";"33";"0";"0";"0";"13";"1";""
"202100051625";"109Â 415";"A01";"2";"33";"0";"2";"1";"18";"1";""
"202100051625";"109Â 416";"B01";"2";"7";"0";"2";"7";"16";"1";""
"202100051626";"109Â 411";"A01";"2";"7";"13";"0";"1";"1";"1";""
"202100051627";"109Â 409";"B01";"1";"7";"13";"0";"3";"1";"1";""
"202100051627";"109Â 410";"A01";"3";"7";"0";"0";"1";"19";"1";""
"202100051628";"109Â 408";"A01";"1";"33";"7";"0";"0";"1";"1";""
"202100051629";"109Â 406";"A01";"1";"7";"0";"2";"1";"1";"1";""
"202100051629";"109Â 407";"B01";"1";"7";"0";"2";"4";"15";"1";""
"202100051630";"109Â 405";"A01";"1";"7";"2";"0";"1";"1";"1";""
"202100051631";"109Â 404";"A01";"3";"99";"0";"0";"0";"1";"1";""
"202100051632";"109Â 402";"B01";"2";"10";"0";"2";"3";"1";"1";""
"202100051632";"109Â 403";"A01";"1";"7";"0";"2";"3";"1";"1";""
"202100051633";"109Â 401";"A01";"0";"33";"0";"0";"0";"1";"1";""
"202100051634";"109Â 400";"A01";"3";"7";"4";"0";"1";"1";"1";""
"202100051635";"109Â 398";"A01";"2";"7";"0";"2";"1";"2";"1";""
"202100051635";"109Â 399";"B01";"2";"7";"0";"2";"4";"2";"1";""
"202100051636";"109Â 394";"B01";"2";"7";"0";"2";"4";"1";"1";""
"202100051636";"109Â 395";"A01";"2";"7";"0";"2";"1";"1";"1";""
"202100051636";"109Â 396";"D01";"2";"7";"0";"2";"4";"1";"1";""
"202100051636";"109Â 397";"C01";"2";"7";"0";"2";"4";"1";"1";""
"202100051637";"109Â 392";"A01";"2";"7";"0";"2";"1";"2";"1";""
"202100051637";"109Â 393";"B01";"2";"10";"0";"2";"4";"2";"1";""
"202100051638";"109Â 388";"D01";"2";"10";"0";"2";"4";"2";"1";""
"202100051638";"109Â 389";"C01";"2";"7";"0";"2";"4";"1";"1";""
"202100051638";"109Â 390";"B01";"2";"7";"0";"2";"4";"2";"1";""
"202100051638";"109Â 391";"A01";"2";"7";"0";"2";"1";"2";"1";""
"202100051639";"109Â 386";"B01";"1";"7";"0";"2";"2";"1";"1";""
"202100051639";"109Â 387";"A01";"1";"7";"0";"2";"3";"1";"1";""
"202100051640";"109Â 382";"D01";"2";"7";"0";"2";"1";"2";"1";""
"202100051640";"109Â 383";"A01";"2";"10";"0";"2";"1";"2";"1";""
"202100051640";"109Â 384";"B01";"2";"7";"0";"2";"4";"2";"1";""
"202100051640";"109Â 385";"C01";"2";"7";"0";"2";"4";"2";"1";""
"202100051641";"109Â 381";"A01";"3";"30";"0";"1";"1";"1";"1";""
"202100051642";"109Â 380";"A01";"3";"33";"8";"0";"2";"26";"1";""
"202100051643";"109Â 378";"A01";"2";"10";"0";"2";"3";"15";"1";""
"202100051643";"109Â 379";"B01";"1";"7";"14";"2";"6";"19";"1";""
"202100051644";"109Â 376";"B01";"1";"10";"0";"2";"1";"1";"1";""
"202100051644";"109Â 377";"A01";"2";"10";"0";"2";"7";"1";"1";""
"202100051645";"109Â 374";"A01";"1";"7";"0";"2";"8";"11";"1";""
"202100051645";"109Â 375";"B01";"1";"30";"0";"2";"7";"1";"1";""
"202100051646";"109Â 373";"A01";"1";"7";"0";"1";"1";"1";"1";""
"202100051647";"109Â 372";"A01";"2";"7";"0";"1";"1";"15";"0";""
"202100051648";"109Â 370";"A01";"3";"7";"0";"2";"3";"13";"1";""
"202100051648";"109Â 371";"B01";"3";"7";"0";"2";"3";"1";"1";""
"202100051649";"109Â 368";"A01";"1";"7";"1";"2";"3";"13";"1";""
"202100051649";"109Â 369";"B01";"2";"7";"0";"2";"6";"1";"1";""
"202100051650";"109Â 366";"B01";"1";"2";"0";"2";"1";"17";"1";""
"202100051650";"109Â 367";"A01";"1";"7";"0";"2";"8";"15";"1";""
"202100051651";"109Â 364";"A01";"1";"37";"0";"2";"7";"14";"1";"1"
"202100051651";"109Â 365";"B01";"1";"50";"0";"2";"8";"1";"3";""
"202100051652";"109Â 363";"A01";"3";"10";"0";"1";"4";"4";"1";""
"202100051653";"109Â 362";"A01";"1";"37";"0";"1";"1";"1";"1";"1"
"202100051654";"109Â 361";"A01";"3";"7";"0";"1";"1";"26";"1";""
"202100051655";"109Â 359";"B01";"3";"7";"0";"2";"6";"1";"1";""
"202100051655";"109Â 360";"A01";"3";"7";"0";"2";"5";"1";"1";""
"202100051656";"109Â 357";"B01";"1";"1";"0";"2";"4";"0";"5";""
"202100051656";"109Â 358";"A01";"1";"7";"0";"2";"0";"26";"1";""
"202100051657";"109Â 356";"A01";"2";"7";"2";"0";"3";"13";"1";""
"202100051658";"109Â 354";"B01";"1";"10";"0";"2";"4";"1";"0";""
"202100051658";"109Â 355";"A01";"1";"7";"0";"2";"1";"2";"1";""
"202100051659";"109Â 352";"A01";"3";"7";"0";"2";"3";"9";"1";""
"202100051659";"109Â 353";"B01";"3";"2";"0";"2";"1";"1";"1";""
"202100051660";"109Â 350";"A01";"3";"7";"0";"2";"3";"4";"1";""
"202100051660";"109Â 351";"B01";"2";"33";"0";"0";"3";"21";"1";""
"202100051661";"109Â 349";"A01";"1";"33";"0";"1";"7";"1";"1";""
"202100051662";"109Â 347";"A01";"0";"7";"0";"2";"0";"1";"1";""
"202100051662";"109Â 348";"B01";"0";"50";"0";"2";"4";"11";"3";""
"202100051663";"109Â 345";"B01";"1";"1";"0";"2";"8";"18";"5";""
"202100051663";"109Â 346";"A01";"1";"14";"0";"9";"7";"1";"1";""
"202100051664";"109Â 344";"A01";"0";"7";"0";"1";"1";"1";"1";""
"202100051665";"109Â 342";"A01";"1";"33";"0";"2";"3";"2";"1";""
"202100051665";"109Â 343";"B01";"1";"10";"0";"2";"5";"2";"1";""
"202100051666";"109Â 340";"B01";"2";"32";"0";"2";"5";"1";"1";""
"202100051666";"109Â 341";"A01";"2";"7";"0";"2";"3";"26";"1";""
"202100051667";"109Â 338";"A01";"2";"30";"0";"2";"2";"17";"1";""
"202100051667";"109Â 339";"B01";"2";"7";"0";"2";"3";"15";"1";""
"202100051668";"109Â 337";"B01";"1";"7";"0";"1";"2";"1";"1";""
"202100051669";"109Â 336";"A01";"1";"7";"0";"1";"1";"26";"1";""
"202100051670";"109Â 334";"A01";"1";"7";"0";"2";"1";"2";"1";""
"202100051670";"109Â 335";"B01";"2";"7";"5";"0";"4";"2";"1";""
"202100051671";"109Â 333";"A01";"1";"10";"0";"1";"1";"1";"1";""
"202100051672";"109Â 331";"A01";"2";"50";"0";"2";"1";"25";"3";""
"202100051672";"109Â 332";"B01";"2";"7";"0";"2";"3";"26";"1";""
"202100051673";"109Â 330";"A01";"3";"1";"0";"0";"0";"1";"5";""
"202100051674";"109Â 328";"B01";"3";"7";"0";"2";"4";"0";"2";""
"202100051674";"109Â 329";"A01";"3";"7";"0";"2";"1";"1";"1";""
"202100051675";"109Â 326";"A01";"1";"10";"0";"2";"1";"1";"1";""
"202100051675";"109Â 327";"B01";"1";"7";"0";"2";"4";"2";"1";""
"202100051676";"109Â 325";"A01";"3";"7";"0";"1";"1";"1";"1";""
"202100051677";"109Â 324";"A01";"1";"7";"0";"1";"1";"15";"1";""
"202100051678";"109Â 322";"B01";"2";"7";"0";"2";"1";"15";"1";""
"202100051678";"109Â 323";"A01";"1";"33";"0";"2";"1";"17";"1";""
"202100051679";"109Â 320";"A01";"2";"10";"0";"2";"8";"17";"1";""
"202100051679";"109Â 321";"B01";"2";"1";"0";"2";"1";"1";"0";""
"202100051680";"109Â 318";"A01";"1";"7";"0";"2";"8";"1";"2";""
"202100051680";"109Â 319";"B01";"2";"7";"0";"2";"1";"1";"1";""
"202100051681";"109Â 316";"B01";"1";"7";"0";"2";"1";"1";"1";""
"202100051681";"109Â 317";"A01";"2";"7";"0";"2";"1";"19";"1";""
"202100051682";"109Â 315";"A01";"2";"7";"0";"1";"1";"16";"1";""
"202100051683";"109Â 313";"A01";"2";"7";"0";"2";"1";"1";"1";""
"202100051683";"109Â 314";"B01";"2";"7";"0";"2";"4";"1";"1";""
"202100051684";"109Â 311";"B01";"1";"10";"0";"2";"4";"1";"1";""
"202100051684";"109Â 312";"A01";"1";"30";"0";"2";"1";"17";"1";""
"202100051685";"109Â 309";"B01";"2";"7";"0";"2";"6";"2";"1";""
"202100051685";"109Â 310";"A01";"2";"0";"0";"2";"0";"0";"0";""
"202100051686";"109Â 306";"B01";"3";"7";"0";"2";"5";"15";"1";""
"202100051686";"109Â 307";"C01";"3";"7";"0";"2";"3";"1";"1";""
"202100051686";"109Â 308";"A01";"3";"33";"0";"2";"1";"1";"1";""
"202100051687";"109Â 304";"A01";"1";"7";"0";"2";"1";"19";"1";""
"202100051687";"109Â 305";"B01";"1";"7";"0";"2";"2";"1";"1";""
"202100051688";"109Â 303";"A01";"0";"40";"0";"1";"2";"1";"3";""
"202100051689";"109Â 300";"A01";"3";"30";"0";"0";"8";"15";"1";""
"202100051690";"109Â 299";"Z01";"1";"0";"0";"1";"1";"1";"0";""
"202100051691";"109Â 297";"A01";"2";"7";"0";"2";"1";"19";"0";""
"202100051691";"109Â 298";"B01";"1";"7";"0";"2";"0";"0";"0";""
"202100051692";"109Â 294";"C01";"1";"7";"0";"2";"4";"2";"1";""
"202100051692";"109Â 295";"B01";"1";"7";"0";"2";"4";"2";"1";""
"202100051692";"109Â 296";"A01";"1";"7";"0";"2";"1";"2";"1";""
"202100051693";"109Â 292";"A01";"1";"7";"0";"2";"7";"10";"1";""
"202100051693";"109Â 293";"B01";"1";"7";"0";"2";"1";"2";"1";""
"202100051694";"109Â 290";"A01";"2";"7";"0";"2";"1";"1";"1";""
"202100051694";"109Â 291";"B01";"1";"7";"0";"2";"4";"1";"1";""
"202100051695";"109Â 288";"A01";"3";"7";"0";"2";"3";"13";"1";""
"202100051695";"109Â 289";"B01";"3";"17";"0";"0";"0";"0";"1";""
"202100051696";"109Â 286";"A01";"2";"7";"0";"2";"2";"17";"1";""
"202100051696";"109Â 287";"B01";"2";"1";"0";"2";"8";"15";"5";""
"202100051697";"109Â 284";"A01";"0";"7";"0";"2";"6";"9";"1";""
"202100051697";"109Â 285";"B01";"0";"30";"0";"2";"7";"1";"1";""
"202100051698";"109Â 282";"A01";"2";"7";"0";"2";"6";"2";"1";""
"202100051698";"109Â 283";"B01";"2";"7";"0";"2";"2";"2";"1";""
"202100051699";"109Â 281";"A01";"1";"32";"0";"1";"1";"1";"1";""
"202100051700";"109Â 279";"A01";"0";"32";"0";"2";"2";"13";"1";""
"202100051700";"109Â 280";"B01";"0";"7";"0";"2";"8";"15";"1";""
"202100051701";"109Â 277";"B01";"1";"33";"0";"2";"2";"11";"1";""
"202100051701";"109Â 278";"A01";"1";"7";"0";"2";"8";"11";"1";""
"202100051702";"109Â 275";"A01";"2";"7";"0";"2";"1";"15";"1";""
"202100051702";"109Â 276";"B01";"1";"31";"0";"2";"1";"1";"1";""
"202100051703";"109Â 273";"A01";"3";"7";"0";"2";"8";"19";"1";""
"202100051703";"109Â 274";"B01";"2";"33";"0";"2";"1";"1";"1";""
"202100051704";"109Â 272";"A01";"1";"32";"0";"1";"1";"26";"1";""
"202100051705";"109Â 270";"B01";"1";"33";"0";"2";"4";"23";"1";""
"202100051705";"109Â 271";"A01";"1";"10";"0";"2";"1";"2";"1";""
"202100051706";"109Â 268";"A01";"1";"7";"0";"2";"5";"14";"1";""
"202100051706";"109Â 269";"B01";"1";"1";"0";"2";"1";"1";"5";""
"202100051707";"109Â 267";"Z01";"2";"7";"0";"1";"6";"15";"2";""
"202100051708";"109Â 265";"A01";"2";"7";"0";"2";"8";"11";"1";""
"202100051708";"109Â 266";"B01";"2";"33";"0";"2";"7";"1";"1";""
"202100051709";"109Â 263";"Z01";"2";"10";"0";"2";"8";"22";"0";""
"202100051709";"109Â 264";"A01";"2";"80";"0";"2";"1";"1";"3";""
"202100051710";"109Â 261";"B01";"1";"7";"0";"2";"4";"23";"2";""
"202100051710";"109Â 262";"A01";"1";"2";"0";"2";"1";"2";"1";""
"202100051711";"109Â 259";"B01";"2";"1";"0";"2";"1";"1";"5";""
"202100051711";"109Â 260";"A01";"2";"7";"0";"2";"3";"1";"1";""
"202100051712";"109Â 257";"A01";"2";"7";"0";"2";"7";"16";"1";""
"202100051712";"109Â 258";"B01";"2";"33";"0";"2";"3";"1";"1";""
"202100051713";"109Â 256";"A01";"1";"7";"0";"2";"3";"1";"1";""
"202100051714";"109Â 254";"B01";"2";"33";"0";"2";"1";"1";"1";""
"202100051714";"109Â 255";"A01";"2";"7";"0";"2";"3";"10";"1";""
"202100051715";"109Â 252";"A01";"0";"7";"0";"2";"1";"1";"1";""
"202100051715";"109Â 253";"B01";"0";"7";"0";"2";"8";"0";"1";""
"202100051716";"109Â 250";"A01";"1";"7";"0";"2";"1";"1";"1";""
"202100051716";"109Â 251";"B01";"1";"7";"0";"2";"4";"1";"1";""
"202100051717";"109Â 248";"B01";"1";"1";"0";"2";"8";"1";"5";""
"202100051717";"109Â 249";"A01";"3";"7";"0";"2";"2";"15";"3";""
"202100051718";"109Â 247";"A01";"3";"7";"0";"1";"2";"1";"1";""
"202100051719";"109Â 245";"A01";"1";"10";"0";"2";"2";"15";"1";""
"202100051719";"109Â 246";"B01";"2";"7";"0";"2";"3";"2";"1";""
"202100051720";"109Â 243";"A01";"1";"7";"0";"2";"1";"16";"1";""
"202100051720";"109Â 244";"B01";"1";"37";"0";"2";"3";"15";"1";"2"
"202100051721";"109Â 241";"A01";"1";"7";"0";"2";"3";"17";"1";""
"202100051721";"109Â 242";"B01";"1";"7";"0";"2";"3";"0";"1";""
"202100051722";"109Â 239";"A01";"2";"7";"0";"2";"1";"1";"0";""
"202100051722";"109Â 240";"B01";"2";"7";"0";"2";"4";"1";"1";""
"202100051723";"109Â 237";"A01";"1";"7";"0";"2";"2";"2";"1";""
"202100051723";"109Â 238";"B01";"1";"2";"0";"2";"3";"18";"1";""
"202100051724";"109Â 236";"A01";"2";"10";"0";"1";"3";"15";"1";""
"202100051725";"109Â 234";"A01";"2";"15";"0";"2";"0";"16";"1";""
"202100051725";"109Â 235";"B01";"2";"1";"0";"2";"2";"1";"6";""
"202100051726";"109Â 232";"A01";"2";"10";"0";"2";"1";"1";"0";""
"202100051726";"109Â 233";"B01";"2";"7";"0";"2";"4";"23";"1";""
"202100051727";"109Â 231";"A01";"2";"7";"0";"1";"3";"1";"1";""
"202100051728";"109Â 229";"B01";"0";"7";"1";"0";"5";"4";"1";""
"202100051728";"109Â 230";"A01";"2";"32";"0";"2";"1";"1";"1";""
"202100051729";"109Â 227";"A01";"2";"7";"0";"2";"2";"15";"1";""
"202100051729";"109Â 228";"B01";"1";"7";"0";"2";"2";"1";"1";""
"202100051730";"109Â 226";"A01";"1";"7";"1";"0";"4";"2";"1";""
"202100051731";"109Â 225";"A01";"1";"7";"0";"1";"2";"1";"1";""
"202100051732";"109Â 224";"A01";"2";"1";"0";"0";"0";"1";"5";""
"202100051733";"109Â 222";"A01";"2";"7";"0";"2";"1";"1";"1";""
"202100051733";"109Â 223";"B01";"1";"7";"0";"2";"3";"1";"1";""
"202100051734";"109Â 221";"A01";"2";"7";"13";"0";"0";"17";"1";""
"202100051735";"109Â 217";"A01";"2";"7";"0";"2";"1";"13";"1";""
"202100051735";"109Â 218";"B01";"1";"7";"0";"2";"1";"1";"1";""
"202100051735";"109Â 219";"C01";"1";"7";"0";"2";"2";"13";"1";""
"202100051735";"109Â 220";"D01";"2";"7";"0";"2";"6";"1";"1";""
"202100051736";"109Â 215";"A01";"1";"7";"0";"9";"3";"5";"1";""
"202100051736";"109Â 216";"B01";"1";"80";"0";"2";"1";"1";"3";""
"202100051737";"109Â 214";"A01";"1";"7";"4";"0";"1";"26";"1";""
"202100051738";"109Â 212";"A01";"2";"10";"0";"2";"1";"17";"1";""
"202100051738";"109Â 213";"B01";"2";"17";"0";"2";"6";"1";"1";""
"202100051739";"109Â 211";"A01";"2";"7";"6";"0";"7";"0";"1";""
"202100051740";"109Â 210";"A01";"0";"7";"6";"0";"1";"1";"1";""
"202100051741";"109Â 209";"A01";"2";"7";"6";"0";"1";"15";"1";""
"202100051742";"109Â 208";"A01";"2";"7";"2";"0";"3";"1";"1";""
"202100051743";"109Â 207";"A01";"1";"7";"2";"0";"1";"14";"1";""
"202100051744";"109Â 203";"A01";"1";"7";"0";"2";"7";"11";"1";""
"202100051744";"109Â 204";"B01";"2";"2";"0";"2";"1";"1";"1";""
"202100051745";"109Â 202";"A01";"2";"7";"8";"1";"2";"13";"1";""
"202100051746";"109Â 201";"A01";"2";"7";"2";"0";"1";"1";"1";""
"202100051747";"109Â 200";"A01";"2";"7";"3";"0";"3";"1";"1";""
"202100051748";"109Â 199";"A01";"3";"10";"0";"1";"2";"1";"1";""
"202100051749";"109Â 198";"A01";"2";"10";"2";"0";"2";"1";"1";""
"202100051750";"109Â 197";"A01";"1";"7";"2";"0";"1";"14";"1";""
"202100051751";"109Â 195";"A01";"2";"7";"0";"2";"2";"15";"1";""
"202100051751";"109Â 196";"B01";"1";"2";"0";"2";"1";"1";"1";""
"202100051752";"109Â 194";"A01";"3";"2";"2";"0";"1";"0";"1";""
"202100051753";"109Â 193";"A01";"1";"7";"2";"0";"1";"1";"1";""
"202100051754";"109Â 191";"A01";"1";"15";"0";"2";"1";"2";"1";""
"202100051754";"109Â 192";"B01";"1";"10";"0";"2";"4";"2";"1";""
"202100051755";"109Â 190";"A01";"3";"7";"8";"0";"7";"13";"1";""
"202100051756";"109Â 189";"A01";"2";"7";"13";"0";"2";"1";"1";""
"202100051757";"109Â 187";"B01";"0";"7";"0";"2";"1";"1";"1";""
"202100051757";"109Â 188";"A01";"0";"33";"0";"2";"1";"17";"1";""
"202100051758";"109Â 186";"A01";"2";"30";"17";"0";"4";"14";"1";""
"202100051759";"109Â 184";"A01";"2";"10";"0";"2";"1";"13";"1";""
"202100051759";"109Â 185";"B01";"1";"7";"0";"2";"1";"21";"1";""
"202100051760";"109Â 182";"B01";"2";"14";"0";"0";"4";"2";"1";""
"202100051760";"109Â 183";"A01";"2";"7";"0";"2";"1";"2";"1";""
"202100051761";"109Â 180";"B01";"2";"7";"1";"1";"2";"1";"1";""
"202100051761";"109Â 181";"C01";"1";"7";"0";"0";"6";"24";"1";""
"202100051762";"109Â 179";"A01";"1";"31";"14";"0";"1";"6";"1";""
"202100051763";"109Â 177";"A01";"1";"7";"0";"9";"3";"20";"1";""
"202100051763";"109Â 178";"B01";"1";"80";"0";"2";"2";"1";"3";""
"202100051764";"109Â 175";"A01";"1";"7";"0";"2";"1";"13";"1";""
"202100051764";"109Â 176";"B01";"2";"7";"0";"2";"1";"1";"1";""
"202100051765";"109Â 171";"B01";"2";"17";"0";"2";"3";"13";"1";""
"202100051765";"109Â 172";"A01";"2";"7";"0";"2";"3";"13";"1";""
"202100051766";"109Â 169";"B01";"1";"7";"0";"2";"0";"0";"1";""
"202100051766";"109Â 170";"A01";"1";"7";"0";"2";"1";"2";"1";""
"202100051767";"109Â 167";"B01";"1";"7";"0";"2";"5";"1";"1";""
"202100051767";"109Â 168";"A01";"1";"7";"0";"2";"1";"1";"1";""
"202100051768";"109Â 165";"Z01";"2";"10";"0";"2";"8";"13";"0";""
"202100051768";"109Â 166";"A01";"2";"7";"0";"2";"7";"1";"1";""
"202100051769";"109Â 163";"A01";"2";"15";"0";"2";"2";"12";"1";""
"202100051769";"109Â 164";"B01";"2";"7";"0";"2";"8";"18";"1";""
"202100051770";"109Â 161";"A01";"1";"10";"0";"2";"4";"2";"1";""
"202100051770";"109Â 162";"B01";"1";"7";"0";"2";"1";"2";"1";""
"202100051771";"109Â 159";"A01";"1";"31";"0";"2";"8";"15";"1";""
"202100051771";"109Â 160";"B01";"2";"7";"0";"2";"2";"1";"1";""
"202100051772";"109Â 158";"CA01";"1";"7";"0";"1";"1";"26";"1";""
"202100051773";"109Â 155";"PA01";"2";"99";"0";"2";"1";"1";"1";""
"202100051773";"109Â 156";"B01";"1";"7";"0";"2";"4";"23";"1";""
"202100051773";"109Â 157";"C01";"1";"15";"0";"2";"6";"23";"1";""
"202100051774";"109Â 153";"A01";"1";"30";"0";"2";"3";"1";"1";""
"202100051774";"109Â 154";"B01";"1";"7";"0";"2";"3";"11";"1";""
"202100051775";"109Â 150";"A01";"3";"7";"0";"2";"3";"26";"1";""
"202100051775";"109Â 151";"B01";"3";"7";"0";"2";"1";"15";"1";""
"202100051775";"109Â 152";"C01";"3";"7";"0";"2";"3";"0";"1";""
"202100051776";"109Â 148";"B01";"1";"7";"0";"2";"7";"1";"1";""
"202100051776";"109Â 149";"A01";"1";"7";"0";"2";"1";"16";"1";""
"202100051777";"109Â 146";"B01";"2";"7";"0";"2";"3";"1";"1";""
"202100051777";"109Â 147";"A01";"1";"7";"0";"2";"2";"15";"1";""
"202100051778";"109Â 145";"A01";"2";"7";"0";"1";"3";"1";"1";""
"202100051779";"109Â 144";"A01";"1";"7";"0";"1";"3";"1";"1";""
"202100051780";"109Â 142";"A01";"1";"7";"0";"2";"6";"19";"1";""
"202100051780";"109Â 143";"B01";"2";"7";"0";"2";"1";"1";"1";""
"202100051781";"109Â 140";"B01";"2";"43";"0";"2";"4";"2";"1";""
"202100051781";"109Â 141";"A01";"2";"7";"0";"2";"3";"1";"1";""
"202100051782";"109Â 138";"B01";"2";"7";"0";"2";"9";"1";"1";""