"Num_Acc";"id_vehicule";"num_veh";"senc";"catv";"obs";"obsm";"choc";"manv";"motor";"occutc"
"202100051782";"109Â 139";"A01";"2";"7";"0";"2";"2";"14";"1";""
"202100051783";"109Â 136";"A01";"2";"10";"0";"2";"1";"2";"1";""
"202100051783";"109Â 137";"B01";"2";"7";"0";"2";"4";"1";"1";""
"202100051784";"109Â 135";"A01";"0";"7";"0";"9";"1";"15";"1";""
"202100051785";"109Â 134";"A01";"1";"30";"14";"0";"1";"26";"1";""
"202100051786";"109Â 132";"A01";"1";"7";"0";"2";"1";"1";"1";""
"202100051786";"109Â 133";"B01";"1";"7";"0";"2";"4";"1";"1";""
"202100051787";"109Â 130";"B01";"1";"7";"0";"2";"1";"9";"1";""
"202100051787";"109Â 131";"A01";"1";"7";"0";"2";"2";"15";"1";""
"202100051788";"109Â 128";"A01";"1";"7";"0";"2";"1";"1";"1";""
"202100051788";"109Â 129";"B01";"3";"80";"0";"2";"8";"19";"3";""
"202100051789";"109Â 126";"A01";"1";"7";"0";"1";"1";"1";"1";""
"202100051790";"109Â 125";"A01";"2";"7";"2";"0";"1";"1";"1";""
"202100051791";"109Â 123";"B01";"3";"7";"0";"2";"5";"1";"1";""
"202100051791";"109Â 124";"A01";"3";"30";"0";"2";"8";"13";"1";""
"202100051792";"109Â 121";"A01";"2";"7";"0";"1";"1";"16";"1";""
"202100051793";"109Â 119";"A01";"1";"7";"0";"2";"1";"13";"1";""
"202100051793";"109Â 120";"B01";"1";"7";"0";"2";"1";"1";"1";""
"202100051794";"109Â 118";"A01";"3";"7";"0";"0";"9";"1";"1";""
"202100051795";"109Â 117";"Z01";"1";"17";"0";"1";"0";"1";"1";""
"202100051796";"109Â 115";"A01";"2";"7";"0";"2";"3";"15";"1";""
"202100051796";"109Â 116";"B01";"2";"7";"0";"2";"3";"0";"1";""
"202100051797";"109Â 113";"B01";"3";"7";"0";"2";"8";"15";"1";""
"202100051797";"109Â 114";"A01";"3";"7";"0";"2";"1";"1";"1";""
"202100051798";"109Â 111";"B01";"3";"7";"0";"2";"4";"23";"1";""
"202100051798";"109Â 112";"A01";"2";"7";"0";"2";"1";"2";"1";""
"202100051799";"109Â 109";"B01";"1";"7";"1";"2";"1";"1";"1";""
"202100051799";"109Â 110";"A01";"2";"7";"0";"2";"1";"26";"1";""
"202100051800";"109Â 108";"A01";"2";"33";"0";"1";"1";"17";"1";""
"202100051801";"109Â 106";"A01";"2";"7";"0";"2";"6";"15";"1";""
"202100051801";"109Â 107";"B01";"2";"7";"0";"2";"1";"2";"1";""
"202100051802";"109Â 103";"B01";"2";"17";"16";"0";"3";"1";"1";""
"202100051802";"109Â 104";"A01";"1";"7";"16";"0";"1";"17";"1";""
"202100051803";"109Â 102";"A01";"1";"7";"4";"0";"2";"26";"1";""
"202100051804";"109Â 100";"A01";"1";"7";"0";"2";"1";"2";"0";""
"202100051804";"109Â 101";"B01";"1";"80";"0";"2";"4";"2";"3";""
"202100051805";"109Â 098";"A01";"2";"7";"0";"2";"1";"2";"1";""
"202100051805";"109Â 099";"B01";"2";"7";"0";"2";"4";"2";"1";""
"202100051806";"109Â 097";"A01";"3";"7";"0";"1";"1";"1";"1";""
"202100051807";"109Â 095";"B01";"2";"32";"0";"2";"5";"1";"1";""
"202100051807";"109Â 096";"A01";"2";"7";"0";"2";"1";"19";"1";""
"202100051808";"109Â 094";"A01";"0";"7";"0";"1";"0";"0";"1";""
"202100051809";"109Â 093";"A01";"1";"1";"1";"0";"1";"1";"6";""
"202100051810";"109Â 091";"A01";"0";"32";"0";"2";"2";"3";"1";""
"202100051810";"109Â 092";"B01";"0";"33";"0";"2";"4";"23";"1";""
"202100051811";"109Â 089";"A01";"1";"7";"0";"2";"1";"2";"1";""
"202100051811";"109Â 090";"B01";"1";"7";"0";"2";"4";"23";"1";""
"202100051812";"109Â 088";"A01";"1";"99";"0";"1";"6";"19";"0";""
"202100051813";"109Â 086";"B01";"1";"7";"0";"2";"1";"1";"1";""
"202100051813";"109Â 087";"A01";"1";"7";"0";"2";"3";"15";"1";""
"202100051814";"109Â 085";"A01";"2";"7";"0";"1";"1";"0";"1";""
"202100051815";"109Â 083";"B01";"1";"14";"0";"2";"6";"23";"1";""
"202100051815";"109Â 084";"A01";"1";"10";"1";"2";"2";"1";"1";""
"202100051816";"109Â 081";"A01";"1";"30";"0";"2";"1";"1";"1";""
"202100051816";"109Â 082";"B01";"1";"10";"0";"2";"4";"1";"1";""
"202100051817";"109Â 079";"A01";"2";"7";"0";"2";"2";"21";"1";""
"202100051817";"109Â 080";"B01";"3";"7";"0";"2";"1";"0";"1";""
"202100051818";"109Â 077";"A01";"2";"33";"0";"2";"2";"9";"1";""
"202100051818";"109Â 078";"B01";"2";"15";"0";"2";"6";"1";"1";""
"202100051819";"109Â 076";"A01";"1";"43";"0";"0";"0";"21";"1";""
"202100051820";"109Â 075";"A01";"1";"2";"0";"0";"0";"1";"3";""
"202100051821";"109Â 073";"B01";"1";"7";"0";"2";"7";"2";"3";""
"202100051821";"109Â 074";"A01";"1";"32";"0";"2";"8";"2";"1";""
"202100051822";"109Â 072";"A01";"1";"7";"1";"1";"1";"1";"1";""
"202100051823";"109Â 071";"A01";"2";"7";"0";"1";"8";"1";"1";""
"202100051824";"109Â 069";"A01";"1";"14";"0";"2";"1";"2";"1";""
"202100051824";"109Â 070";"B01";"1";"7";"0";"2";"4";"23";"1";""
"202100051825";"109Â 068";"A01";"2";"7";"0";"1";"1";"1";"1";""
"202100051826";"109Â 067";"A01";"1";"32";"0";"0";"7";"14";"1";""
"202100051827";"109Â 065";"B01";"1";"30";"0";"2";"4";"23";"1";""
"202100051827";"109Â 066";"A01";"1";"33";"1";"0";"2";"1";"1";""
"202100051828";"109Â 063";"A01";"2";"7";"1";"9";"1";"17";"1";""
"202100051828";"109Â 064";"B01";"1";"7";"1";"2";"1";"1";"1";""
"202100051829";"109Â 061";"B01";"0";"2";"0";"2";"3";"26";"1";""
"202100051829";"109Â 062";"A01";"0";"7";"0";"2";"3";"26";"1";""
"202100051830";"109Â 060";"A01";"3";"7";"0";"1";"2";"1";"1";""
"202100051831";"109Â 059";"B01";"2";"7";"0";"1";"1";"19";"1";""
"202100051832";"109Â 057";"A01";"1";"10";"0";"2";"7";"22";"1";""
"202100051832";"109Â 058";"B01";"1";"31";"0";"2";"7";"18";"1";""
"202100051833";"109Â 054";"A01";"1";"7";"0";"2";"4";"1";"1";""
"202100051833";"109Â 055";"B01";"1";"7";"0";"2";"3";"1";"1";""
"202100051833";"109Â 056";"C01";"1";"7";"0";"2";"1";"1";"1";""
"202100051834";"109Â 051";"C01";"3";"3";"0";"2";"0";"0";"1";""
"202100051834";"109Â 052";"B01";"3";"3";"0";"2";"1";"0";"0";""
"202100051834";"109Â 053";"A01";"3";"7";"0";"2";"1";"2";"1";""
"202100051835";"109Â 050";"A01";"1";"7";"0";"1";"1";"15";"1";""
"202100051836";"109Â 048";"B01";"2";"10";"0";"2";"2";"9";"1";""
"202100051836";"109Â 049";"A01";"2";"7";"0";"2";"6";"9";"1";""
"202100051837";"109Â 046";"B01";"1";"50";"0";"2";"4";"1";"3";""
"202100051837";"109Â 047";"A01";"2";"7";"0";"2";"1";"2";"1";""
"202100051838";"109Â 045";"A01";"2";"7";"3";"0";"1";"13";"1";""
"202100051839";"109Â 043";"B01";"1";"7";"0";"2";"7";"11";"1";""
"202100051839";"109Â 044";"A01";"1";"7";"0";"2";"8";"2";"1";""
"202100051840";"109Â 041";"A01";"3";"30";"0";"2";"1";"13";"1";""
"202100051840";"109Â 042";"B01";"0";"7";"0";"2";"1";"1";"1";""
"202100051841";"109Â 039";"A01";"2";"7";"0";"2";"1";"15";"1";""
"202100051841";"109Â 040";"B01";"1";"7";"0";"2";"2";"1";"1";""
"202100051842";"109Â 037";"B01";"2";"17";"0";"0";"4";"1";"1";""
"202100051842";"109Â 038";"A01";"2";"7";"0";"2";"1";"1";"1";""
"202100051843";"109Â 035";"A01";"2";"7";"0";"2";"1";"1";"1";""
"202100051843";"109Â 036";"B01";"3";"1";"0";"2";"1";"1";"5";""
"202100051844";"109Â 034";"A01";"3";"7";"0";"1";"2";"16";"1";""
"202100051845";"109Â 032";"B01";"1";"7";"0";"2";"1";"1";"1";""
"202100051845";"109Â 033";"A01";"2";"7";"0";"2";"6";"16";"1";""
"202100051846";"109Â 029";"B01";"1";"7";"0";"2";"1";"1";"1";""
"202100051846";"109Â 030";"C01";"1";"7";"0";"2";"1";"1";"1";""
"202100051846";"109Â 031";"A01";"2";"7";"0";"2";"3";"26";"1";""
"202100051847";"109Â 027";"B01";"1";"7";"8";"2";"3";"1";"1";""
"202100051847";"109Â 028";"A01";"2";"15";"6";"2";"6";"1";"1";""
"202100051848";"109Â 025";"B01";"2";"10";"0";"2";"7";"15";"1";""
"202100051848";"109Â 026";"A01";"1";"2";"0";"2";"1";"1";"1";""
"202100051849";"109Â 023";"B01";"2";"7";"0";"2";"1";"1";"1";""
"202100051849";"109Â 024";"A01";"1";"7";"0";"2";"1";"13";"1";""
"202100051850";"109Â 021";"B01";"1";"7";"0";"2";"1";"1";"1";""
"202100051850";"109Â 022";"A01";"2";"7";"5";"2";"8";"1";"1";""
"202100051851";"109Â 019";"A01";"3";"3";"0";"2";"8";"1";"1";""
"202100051851";"109Â 020";"B01";"0";"7";"0";"2";"1";"19";"1";""
"202100051852";"109Â 018";"A01";"2";"10";"0";"1";"7";"1";"0";""
"202100051853";"109Â 017";"A01";"2";"7";"3";"0";"7";"1";"1";""
"202100051854";"109Â 014";"A01";"1";"14";"0";"0";"0";"19";"1";""
"202100051854";"109Â 015";"B01";"1";"7";"0";"2";"1";"21";"1";""
"202100051854";"109Â 016";"C01";"2";"7";"0";"0";"6";"23";"1";""
"202100051855";"109Â 013";"A01";"1";"15";"0";"1";"3";"1";"1";""
"202100051856";"109Â 012";"A01";"0";"7";"0";"0";"1";"1";"1";""
"202100051857";"109Â 010";"B01";"3";"10";"0";"2";"3";"1";"1";""
"202100051857";"109Â 011";"A01";"3";"7";"0";"2";"3";"1";"1";""
"202100051858";"109Â 008";"A01";"2";"7";"0";"2";"8";"14";"1";""
"202100051858";"109Â 009";"B01";"1";"33";"0";"2";"8";"17";"1";""
"202100051859";"109Â 006";"B01";"2";"1";"0";"2";"7";"19";"5";""
"202100051859";"109Â 007";"A01";"2";"7";"0";"9";"3";"1";"1";""
"202100051860";"109Â 004";"B01";"3";"10";"0";"2";"2";"15";"1";""
"202100051860";"109Â 005";"A01";"0";"1";"0";"2";"2";"14";"5";""
"202100051861";"109Â 003";"A01";"2";"10";"2";"0";"1";"2";"1";""
"202100051862";"109Â 001";"B01";"0";"7";"13";"2";"9";"5";"1";""
"202100051862";"109Â 002";"A01";"0";"7";"0";"2";"8";"1";"1";""
"202100051863";"108Â 998";"A01";"1";"7";"0";"2";"1";"1";"1";""
"202100051863";"108Â 999";"B01";"2";"7";"0";"2";"1";"1";"1";""
"202100051863";"109Â 000";"C01";"2";"7";"0";"2";"3";"1";"1";""
"202100051864";"108Â 995";"A01";"1";"7";"0";"2";"3";"13";"1";""
"202100051864";"108Â 996";"B01";"2";"10";"0";"2";"3";"1";"1";""
"202100051865";"108Â 993";"A01";"0";"7";"0";"9";"1";"15";"1";""
"202100051865";"108Â 994";"B01";"0";"1";"0";"2";"8";"1";"5";""
"202100051866";"108Â 992";"A01";"1";"7";"6";"0";"9";"1";"1";""
"202100051867";"108Â 991";"A01";"2";"7";"5";"0";"3";"9";"1";""
"202100051868";"108Â 989";"B01";"1";"7";"0";"2";"5";"2";"1";""
"202100051868";"108Â 990";"A01";"1";"10";"0";"2";"3";"2";"1";""
"202100051869";"108Â 986";"A01";"2";"7";"0";"2";"1";"2";"1";""
"202100051869";"108Â 987";"C01";"2";"7";"0";"2";"4";"2";"1";""
"202100051869";"108Â 988";"B01";"2";"7";"0";"2";"4";"2";"0";""
"202100051870";"108Â 984";"A01";"1";"7";"0";"2";"2";"2";"1";""
"202100051870";"108Â 985";"B01";"1";"7";"0";"2";"0";"1";"1";""
"202100051871";"108Â 982";"A01";"2";"17";"0";"2";"2";"12";"1";""
"202100051871";"108Â 983";"B01";"2";"7";"0";"2";"2";"1";"1";""
"202100051872";"108Â 980";"A01";"1";"3";"0";"2";"6";"11";"1";""
"202100051872";"108Â 981";"B01";"1";"31";"0";"2";"1";"1";"1";""
"202100051873";"108Â 978";"A01";"0";"33";"0";"2";"1";"1";"1";""
"202100051873";"108Â 979";"B01";"1";"7";"0";"2";"6";"15";"1";""
"202100051874";"108Â 976";"A01";"1";"7";"0";"2";"3";"1";"1";""
"202100051874";"108Â 977";"B01";"2";"32";"0";"2";"1";"15";"1";""
"202100051875";"108Â 974";"B01";"1";"2";"0";"2";"1";"1";"1";""
"202100051875";"108Â 975";"A01";"1";"99";"0";"2";"3";"15";"6";""
"202100051876";"108Â 972";"A01";"2";"10";"0";"2";"8";"15";"1";""
"202100051876";"108Â 973";"B01";"1";"2";"0";"2";"1";"1";"1";""
"202100051877";"108Â 970";"A01";"1";"33";"0";"2";"1";"2";"1";""
"202100051877";"108Â 971";"B01";"1";"7";"0";"2";"8";"15";"1";""
"202100051878";"108Â 968";"A01";"1";"32";"0";"2";"1";"1";"1";""
"202100051878";"108Â 969";"B01";"3";"1";"0";"2";"1";"15";"5";""
"202100051879";"108Â 967";"A01";"2";"31";"0";"1";"1";"5";"1";""
"202100051880";"108Â 964";"A01";"1";"1";"0";"2";"4";"26";"5";""
"202100051880";"108Â 965";"B01";"1";"32";"1";"2";"1";"1";"1";""
"202100051880";"108Â 966";"C01";"1";"7";"1";"2";"3";"0";"1";""
"202100051881";"108Â 962";"B01";"1";"7";"0";"2";"7";"1";"1";""
"202100051881";"108Â 963";"A01";"1";"2";"0";"2";"1";"26";"1";""
"202100051882";"108Â 960";"B01";"1";"7";"0";"2";"2";"1";"1";""
"202100051882";"108Â 961";"A01";"1";"7";"4";"2";"2";"1";"1";""
"202100051883";"108Â 958";"B01";"1";"7";"0";"2";"2";"1";"1";""
"202100051883";"108Â 959";"A01";"1";"7";"0";"2";"6";"11";"1";""
"202100051884";"108Â 956";"A01";"2";"7";"0";"2";"2";"15";"1";""
"202100051884";"108Â 957";"B01";"1";"33";"0";"2";"1";"1";"1";""
"202100051885";"108Â 955";"A01";"1";"7";"0";"1";"1";"15";"1";""
"202100051886";"108Â 954";"A01";"3";"7";"0";"1";"2";"1";"1";""
"202100051887";"108Â 953";"A01";"1";"7";"6";"0";"3";"16";"1";""
"202100051888";"108Â 952";"A01";"1";"7";"15";"0";"1";"1";"1";""
"202100051889";"108Â 951";"A01";"1";"31";"1";"0";"1";"13";"1";""
"202100051890";"108Â 949";"B01";"0";"2";"0";"2";"1";"17";"1";""
"202100051890";"108Â 950";"A01";"0";"7";"0";"2";"2";"9";"1";""
"202100051891";"108Â 948";"A01";"0";"7";"0";"1";"2";"16";"0";""
"202100051892";"108Â 946";"A01";"1";"7";"6";"2";"2";"15";"1";""
"202100051892";"108Â 947";"B01";"2";"7";"0";"2";"1";"1";"1";""
"202100051893";"108Â 944";"B01";"1";"7";"0";"2";"1";"1";"1";""
"202100051893";"108Â 945";"A01";"1";"30";"0";"2";"9";"5";"1";""
"202100051894";"108Â 942";"B01";"1";"7";"0";"2";"3";"1";"1";""
"202100051894";"108Â 943";"A01";"2";"7";"0";"2";"2";"19";"1";""
"202100051895";"108Â 941";"A01";"3";"1";"0";"0";"7";"1";"5";""
"202100051896";"108Â 939";"A01";"1";"1";"0";"2";"1";"13";"5";""
"202100051896";"108Â 940";"B01";"1";"7";"0";"2";"2";"1";"1";""
"202100051897";"108Â 937";"B01";"1";"7";"0";"2";"3";"13";"1";""
"202100051897";"108Â 938";"A01";"1";"2";"0";"2";"1";"17";"1";""
"202100051898";"108Â 936";"A01";"2";"7";"0";"1";"3";"15";"1";""
"202100051899";"108Â 935";"A01";"1";"7";"0";"1";"3";"26";"1";""
"202100051900";"108Â 933";"A01";"1";"7";"0";"2";"2";"1";"1";""
"202100051900";"108Â 934";"B01";"1";"1";"0";"2";"8";"1";"0";""
"202100051901";"108Â 931";"B01";"3";"7";"0";"1";"1";"1";"1";""
"202100051901";"108Â 932";"A01";"3";"1";"0";"2";"1";"9";"5";""
"202100051902";"108Â 929";"A01";"0";"7";"0";"9";"1";"26";"1";""
"202100051902";"108Â 930";"B01";"0";"60";"0";"0";"0";"0";"5";""
"202100051903";"108Â 925";"B01";"2";"7";"0";"2";"6";"1";"1";""
"202100051903";"108Â 926";"C01";"2";"10";"0";"0";"0";"0";"1";""
"202100051903";"108Â 927";"A01";"2";"7";"0";"2";"1";"1";"1";""
"202100051903";"108Â 928";"D01";"2";"7";"0";"2";"5";"1";"1";""
"202100051904";"108Â 923";"B01";"2";"7";"0";"2";"8";"16";"1";""
"202100051904";"108Â 924";"A01";"2";"7";"0";"2";"8";"1";"1";""
"202100051905";"108Â 921";"A01";"1";"7";"0";"2";"2";"15";"1";""
"202100051905";"108Â 922";"B01";"2";"33";"0";"2";"1";"1";"1";""
"202100051906";"108Â 919";"B01";"2";"31";"0";"2";"1";"1";"1";""
"202100051906";"108Â 920";"A01";"0";"7";"0";"2";"3";"15";"1";""
"202100051907";"108Â 917";"A01";"2";"7";"0";"2";"8";"1";"1";""
"202100051907";"108Â 918";"B01";"2";"15";"0";"2";"4";"1";"1";""
"202100051908";"108Â 915";"A01";"2";"30";"0";"2";"7";"15";"1";""
"202100051908";"108Â 916";"B01";"1";"7";"0";"2";"3";"9";"1";""
"202100051909";"108Â 914";"A01";"2";"7";"7";"0";"1";"2";"1";""
"202100051910";"108Â 912";"A01";"1";"14";"0";"2";"1";"1";"1";""
"202100051910";"108Â 913";"B01";"1";"14";"0";"2";"4";"9";"1";""
"202100051911";"108Â 910";"A01";"1";"7";"0";"2";"1";"15";"1";""
"202100051911";"108Â 911";"B01";"2";"32";"0";"2";"1";"0";"1";""
"202100051912";"108Â 909";"A01";"1";"32";"0";"1";"1";"26";"1";""
"202100051913";"108Â 907";"A01";"3";"10";"0";"2";"1";"26";"1";""
"202100051913";"108Â 908";"B01";"3";"7";"0";"2";"7";"6";"1";""
"202100051914";"108Â 906";"A01";"1";"7";"0";"1";"2";"1";"1";""
"202100051915";"108Â 905";"A01";"1";"7";"0";"1";"1";"1";"1";""
"202100051916";"108Â 904";"A01";"1";"7";"8";"0";"1";"1";"1";""
"202100051917";"108Â 902";"B01";"2";"7";"0";"2";"1";"0";"1";""
"202100051917";"108Â 903";"A01";"2";"7";"0";"2";"4";"23";"1";""
"202100051918";"108Â 901";"A01";"2";"7";"0";"1";"2";"17";"1";""
"202100051919";"108Â 899";"A01";"2";"7";"0";"9";"8";"9";"1";""
"202100051919";"108Â 900";"B01";"1";"1";"0";"2";"1";"9";"5";""
"202100051920";"108Â 898";"A01";"2";"10";"0";"1";"1";"1";"1";""
"202100051921";"108Â 896";"B01";"1";"10";"0";"2";"4";"23";"1";""
"202100051921";"108Â 897";"A01";"1";"14";"0";"2";"3";"2";"6";""
"202100051922";"108Â 894";"B01";"1";"10";"0";"2";"5";"1";"1";""
"202100051922";"108Â 895";"A01";"1";"32";"0";"2";"1";"3";"1";""
"202100051923";"108Â 893";"A01";"1";"32";"0";"0";"8";"1";"1";""
"202100051924";"108Â 891";"A01";"1";"1";"0";"2";"1";"1";"5";""
"202100051924";"108Â 892";"Z01";"1";"7";"0";"2";"0";"13";"1";""
"202100051925";"108Â 890";"A01";"1";"33";"0";"0";"7";"1";"1";""
"202100051926";"108Â 889";"A01";"2";"33";"1";"0";"1";"14";"1";""
"202100051927";"108Â 887";"B01";"2";"10";"1";"2";"1";"24";"1";""
"202100051927";"108Â 888";"A01";"2";"10";"0";"2";"2";"14";"1";""
"202100051928";"108Â 885";"A01";"1";"2";"0";"2";"4";"23";"1";""
"202100051928";"108Â 886";"B01";"1";"7";"0";"2";"3";"2";"1";""
"202100051929";"108Â 884";"Z01";"2";"1";"0";"1";"7";"1";"5";""
"202100051930";"108Â 882";"A01";"1";"7";"0";"2";"1";"2";"1";""
"202100051930";"108Â 883";"B01";"1";"32";"0";"2";"4";"23";"1";""
"202100051931";"108Â 881";"A01";"1";"7";"0";"1";"2";"1";"1";""
"202100051932";"108Â 880";"A01";"1";"33";"0";"0";"7";"1";"1";""
"202100051933";"108Â 878";"A01";"1";"7";"0";"2";"5";"16";"1";""
"202100051933";"108Â 879";"B01";"1";"30";"9";"2";"1";"0";"1";""
"202100051934";"108Â 876";"A01";"2";"7";"0";"2";"3";"15";"3";""
"202100051934";"108Â 877";"B01";"1";"7";"0";"2";"3";"1";"1";""
"202100051935";"108Â 873";"A01";"3";"7";"1";"2";"1";"24";"1";""
"202100051935";"108Â 874";"B01";"3";"7";"1";"2";"1";"1";"1";""
"202100051935";"108Â 875";"C01";"3";"7";"1";"2";"1";"15";"1";""
"202100051936";"108Â 871";"A01";" -1";"34";"0";"2";"1";"9";"1";""
"202100051936";"108Â 872";"B01";" -1";"7";"0";"2";"4";"1";"1";""
"202100051937";"108Â 870";"A01";"2";"7";"0";"1";"2";"1";"1";""
"202100051938";"108Â 867";"A01";"3";"7";"1";"1";"4";"4";"0";""
"202100051938";"108Â 868";"B01";"3";"7";"0";"2";"3";"23";"0";""
"202100051938";"108Â 869";"C01";"3";"10";"0";"2";"7";"23";"0";""
"202100051939";"108Â 865";"A01";"1";"7";"0";"2";"3";"1";"1";""
"202100051939";"108Â 866";"B01";"2";"30";"0";"2";"1";"19";"0";""
"202100051940";"108Â 864";"A01";"1";"10";"0";"1";"1";"1";"1";""
"202100051941";"108Â 862";"B01";"1";"34";"0";"2";"1";"1";"1";""
"202100051941";"108Â 863";"A01";"2";"7";"0";"2";"2";"15";"1";""
"202100051942";"108Â 860";"B01";"1";"2";"0";"2";"4";"1";"1";""
"202100051942";"108Â 861";"A01";"1";"14";"0";"2";"4";"26";"0";""
"202100051943";"108Â 858";"A01";"1";"30";"0";"0";"7";"1";"1";""
"202100051944";"108Â 856";"A01";"3";"7";"0";"2";"1";"1";"1";""
"202100051944";"108Â 857";"B01";"0";"7";"0";"0";"4";"0";"1";""
"202100051945";"108Â 854";"A01";"1";"7";"0";"2";"1";"1";"1";""
"202100051945";"108Â 855";"B01";"1";"10";"9";"2";"7";"1";"1";""
"202100051946";"108Â 853";"A01";"3";"30";"0";"0";"0";"1";"1";""
"202100051947";"108Â 851";"B01";"2";"7";"0";"2";"3";"19";"1";""
"202100051947";"108Â 852";"A01";"1";"7";"0";"2";"2";"1";"1";""
"202100051948";"108Â 850";"A01";"1";"34";"8";"0";"0";"1";"1";""
"202100051949";"108Â 848";"B01";"2";"7";"0";"0";"8";"15";"1";""
"202100051949";"108Â 849";"A01";"2";"7";"0";"2";"2";"15";"1";""
"202100051950";"108Â 846";"B01";"1";"15";"0";"2";"4";"2";"1";""
"202100051950";"108Â 847";"A01";"1";"7";"0";"2";"1";"2";"1";""
"202100051951";"108Â 845";"A01";"3";"7";"2";"0";"1";"14";"1";""
"202100051952";"108Â 843";"A01";"1";"38";"0";"2";"1";"2";"0";"2"
"202100051952";"108Â 844";"B01";"1";"38";"0";"0";"4";"23";"0";"3"
"202100051953";"108Â 841";"A01";"1";"7";"0";"2";"3";"1";"1";""
"202100051953";"108Â 842";"B01";"2";"7";"0";"2";"3";"1";"1";""
"202100051954";"108Â 839";"A01";"1";"7";"0";"2";"1";"1";"1";""
"202100051954";"108Â 840";"B01";"2";"21";"0";"2";"1";"1";"1";""
"202100051955";"108Â 838";"A01";"1";"7";"13";"0";"1";"1";"1";""
"202100051956";"108Â 836";"B01";"1";"7";"0";"2";"3";"1";"1";""
"202100051956";"108Â 837";"A01";"2";"7";"0";"2";"3";"13";"1";""
"202100051957";"108Â 834";"B01";"2";"7";"0";"0";"8";"17";"0";""
"202100051957";"108Â 835";"A01";"1";"33";"13";"0";"8";"0";"1";""
"202100051958";"108Â 833";"A01";"3";"7";"13";"0";"1";"1";"1";""
"202100051959";"108Â 831";"B01";"1";"7";"0";"2";"1";"1";"1";""
"202100051959";"108Â 832";"A01";"2";"7";"0";"2";"3";"15";"1";""
"202100051960";"108Â 829";"A01";"1";"2";"0";"2";"7";"23";"1";""
"202100051960";"108Â 830";"B01";"2";"7";"0";"2";"3";"1";"1";""
"202100051961";"108Â 827";"A01";"2";"7";"0";"2";"2";"5";"3";""
"202100051961";"108Â 828";"B01";"1";"7";"0";"2";"2";"1";"1";""
"202100051962";"108Â 825";"B01";"2";"7";"0";"2";"1";"1";"1";""
"202100051962";"108Â 826";"A01";"1";"7";"0";"2";"7";"17";"1";""
"202100051963";"108Â 823";"A01";"2";"2";"0";"2";"8";"1";"0";""
"202100051963";"108Â 824";"B01";"3";"7";"0";"2";"3";"1";"1";""
"202100051964";"108Â 822";"A01";"2";"10";"17";"0";"2";"14";"1";""
"202100051965";"108Â 820";"B01";"2";"2";"0";"2";"0";"1";"1";""
"202100051965";"108Â 821";"A01";"2";"7";"0";"2";"3";"9";"1";""
"202100051966";"108Â 819";"A01";"1";"7";"0";"1";"1";"1";"1";""
"202100051967";"108Â 817";"B01";"1";"2";"0";"2";"3";"18";"1";""
"202100051967";"108Â 818";"A01";"1";"7";"0";"2";"7";"16";"1";""
"202100051968";"108Â 816";"A01";"3";"2";"8";"0";"1";"13";"1";""
"202100051969";"108Â 814";"B01";"1";"7";"0";"2";"1";"0";"1";""
"202100051969";"108Â 815";"A01";"2";"7";"0";"2";"1";"0";"1";""
"202100051970";"108Â 813";"A01";"2";"7";"13";"0";"9";"2";"1";""
"202100051971";"108Â 811";"A01";"2";"7";"0";"2";"1";"15";"1";""
"202100051971";"108Â 812";"B01";"1";"7";"0";"2";"1";"1";"1";""
"202100051972";"108Â 807";"B01";"2";"7";"0";"2";"1";"2";"1";""
"202100051972";"108Â 808";"A01";"2";"7";"0";"2";"4";"1";"1";""
"202100051973";"108Â 804";"A01";"1";"10";"0";"2";"1";"2";"1";""
"202100051973";"108Â 805";"C01";"1";"7";"0";"2";"4";"23";"1";""
"202100051973";"108Â 806";"B01";"1";"7";"0";"2";"1";"2";"1";""
"202100051974";"108Â 802";"B01";"1";"14";"0";"2";"2";"2";"1";""
"202100051974";"108Â 803";"A01";"1";"7";"4";"2";"3";"14";"1";""
"202100051975";"108Â 800";"A01";"2";"7";"0";"2";"7";"17";"1";""
"202100051975";"108Â 801";"B01";"2";"7";"0";"2";"8";"1";"1";""
"202100051976";"108Â 798";"B01";"2";"7";"0";"2";"5";"0";"1";""
"202100051976";"108Â 799";"A01";"2";"7";"0";"2";"0";"26";"1";""
"202100051977";"108Â 797";"A01";"2";"7";"4";"0";"3";"0";"1";""
"202100051978";"108Â 795";"A01";"2";"7";"0";"2";"1";"1";"1";""
"202100051978";"108Â 796";"B01";"1";"13";"0";"2";"4";"2";"1";""
"202100051979";"108Â 794";"A01";"1";"7";"4";"0";"1";"1";"1";""
"202100051980";"108Â 792";"B01";"1";"7";"4";"0";"4";"0";"1";""
"202100051980";"108Â 793";"A01";"2";"10";"0";"2";"1";"1";"1";""
"202100051981";"108Â 791";"A01";"2";"7";"4";"0";"1";"1";"1";""
"202100051982";"108Â 790";"A01";"1";"7";"0";"1";"1";"9";"1";""
"202100051983";"108Â 788";"A01";"3";"7";"0";"2";"3";"26";"1";""
"202100051983";"108Â 789";"B01";"3";"2";"0";"2";"7";"12";"1";""
"202100051984";"108Â 787";"A01";"2";"7";"1";"0";"1";"14";"1";""
"202100051985";"108Â 785";"B01";"2";"10";"0";"2";"8";"15";"1";""
"202100051985";"108Â 786";"A01";"1";"2";"0";"2";"1";"9";"1";""
"202100051986";"108Â 784";"A01";"1";"7";"0";"1";"1";"26";"1";""