"Num_Acc";"id_vehicule";"num_veh";"senc";"catv";"obs";"obsm";"choc";"manv";"motor";"occutc"
"202100051987";"108Â 782";"B01";"2";"3";"0";"2";"2";"1";"1";""
"202100051987";"108Â 783";"A01";"1";"7";"0";"2";"1";"9";"1";""
"202100051988";"108Â 780";"A01";"1";"1";"0";"2";"8";"15";"5";""
"202100051988";"108Â 781";"B01";"1";"7";"0";"2";"1";"2";"1";""
"202100051989";"108Â 778";"A01";"1";"7";"1";"0";"2";"1";"3";""
"202100051989";"108Â 779";"B01";"1";"7";"0";"2";"6";"24";"3";""
"202100051990";"108Â 776";"A01";"1";"7";"0";"2";"8";"2";"1";""
"202100051990";"108Â 777";"B01";"1";"15";"0";"2";"7";"2";"1";""
"202100051991";"108Â 774";"A01";"1";"7";"0";"2";"7";"15";"1";""
"202100051991";"108Â 775";"B01";"2";"2";"0";"2";"1";"1";"1";""
"202100051992";"108Â 772";"B01";"2";"2";"0";"2";"2";"17";"1";""
"202100051992";"108Â 773";"A01";"2";"7";"0";"2";"3";"15";"1";""
"202100051993";"108Â 771";"A01";"2";"7";"0";"0";"4";"2";"0";""
"202100051994";"108Â 769";"B01";"1";"7";"0";"2";"3";"15";"1";""
"202100051994";"108Â 770";"A01";"2";"30";"0";"2";"3";"1";"1";""
"202100051995";"108Â 767";"B01";"1";"7";"0";"2";"1";"2";"1";""
"202100051995";"108Â 768";"A01";"1";"7";"0";"2";"4";"1";"1";""
"202100051996";"108Â 766";"A01";"3";"7";"0";"1";"0";"1";"1";""
"202100051997";"108Â 765";"A01";"1";"7";"1";"0";"2";"1";"1";""
"202100051998";"108Â 763";"A01";"1";"31";"0";"2";"1";"2";"1";""
"202100051998";"108Â 764";"B01";"1";"7";"0";"2";"4";"1";"1";""
"202100051999";"108Â 762";"A01";"0";"30";"1";"0";"8";"1";"1";""
"202100052000";"108Â 761";"A01";"0";"7";"1";"0";"1";"1";"1";""
"202100052001";"108Â 758";"B01";"3";"7";"0";"2";"1";"0";"1";""
"202100052001";"108Â 759";"A01";"3";"7";"0";"2";"1";"0";"1";""
"202100052002";"108Â 757";"A01";"3";"7";"9";"0";"3";"13";"1";""
"202100052003";"108Â 755";"B01";"2";"1";"0";"2";"1";"1";"5";""
"202100052003";"108Â 756";"A01";"2";"1";"0";"1";"1";"1";"5";""
"202100052004";"108Â 753";"B01";"1";"2";"0";"2";"1";"1";"1";""
"202100052004";"108Â 754";"A01";"3";"7";"0";"2";"3";"10";"1";""
"202100052005";"108Â 751";"B01";"1";"50";"0";"2";"7";"19";"3";""
"202100052005";"108Â 752";"A01";"1";"7";"0";"2";"3";"1";"1";""
"202100052006";"108Â 749";"A01";"1";"7";"0";"2";"1";"2";"1";""
"202100052006";"108Â 750";"B01";"1";"7";"0";"1";"4";"2";"1";""
"202100052007";"108Â 747";"A01";"1";"7";"0";"2";"2";"1";"1";""
"202100052007";"108Â 748";"B01";"1";"33";"0";"2";"4";"23";"1";""
"202100052008";"108Â 743";"A01";"1";"7";"0";"2";"1";"2";"1";""
"202100052008";"108Â 744";"B01";"1";"7";"0";"2";"4";"2";"1";""
"202100052008";"108Â 745";"C01";"1";"7";"0";"2";"1";"2";"1";""
"202100052008";"108Â 746";"D01";"1";"7";"0";"2";"4";"2";"1";""
"202100052009";"108Â 742";"A01";"1";"7";"0";"0";"0";"14";"1";""
"202100052010";"108Â 740";"B01";"2";"1";"0";"2";"1";"2";"5";""
"202100052010";"108Â 741";"A01";"2";"7";"0";"2";"5";"22";"1";""
"202100052011";"108Â 738";"B01";"2";"1";"0";"2";"4";"2";"0";""
"202100052011";"108Â 739";"A01";"1";"7";"0";"2";"1";"2";"1";""
"202100052012";"108Â 737";"A01";"0";"7";"0";"1";"7";"16";"6";""
"202100052013";"108Â 735";"A01";"0";"10";"0";"2";"2";"15";"1";""
"202100052013";"108Â 736";"B01";"0";"7";"0";"2";"1";"1";"1";""
"202100052014";"108Â 734";"A01";"1";"7";"0";"1";"1";"15";"1";""
"202100052015";"108Â 732";"B01";"1";"1";"0";"2";"1";"1";"0";""
"202100052015";"108Â 733";"A01";"2";"7";"0";"2";"1";"15";"1";""
"202100052016";"108Â 730";"A01";"1";"7";"0";"2";"7";"1";"1";""
"202100052016";"108Â 731";"B01";"0";"31";"0";"2";"1";"1";"1";""
"202100052017";"108Â 729";"A01";"1";"31";"0";"0";"7";"1";"1";""
"202100052018";"108Â 728";"A01";"1";"2";"0";"2";"7";"1";"1";""
"202100052019";"108Â 726";"A01";"1";"7";"0";"2";"1";"0";"1";""
"202100052019";"108Â 727";"B01";"1";"1";"0";"2";"4";"1";"5";""
"202100052020";"108Â 724";"A01";"1";"7";"0";"2";"3";"15";"1";""
"202100052020";"108Â 725";"B01";"1";"2";"0";"2";"1";"17";"1";""
"202100052021";"108Â 723";"A01";"2";"7";"0";"1";"1";"1";"1";""
"202100052022";"108Â 721";"B01";"1";"7";"0";"2";"3";"19";"1";""
"202100052022";"108Â 722";"A01";"1";"7";"0";"2";"1";"19";"1";""
"202100052023";"108Â 720";"A01";"1";"30";"0";"0";"0";"1";"1";""
"202100052024";"108Â 718";"A01";"2";"7";"0";"2";"4";"1";"1";""
"202100052024";"108Â 719";"B01";"2";"2";"0";"2";"1";"2";"1";""
"202100052025";"108Â 717";"A01";"2";"7";"6";"0";"1";"1";"0";""
"202100052026";"108Â 715";"A01";"1";"10";"0";"2";"1";"2";"1";""
"202100052026";"108Â 716";"B01";"1";"50";"0";"2";"7";"2";"3";""
"202100052027";"108Â 713";"B01";"3";"33";"0";"2";"7";"1";"1";""
"202100052027";"108Â 714";"A01";"3";"10";"0";"2";"1";"10";"1";""
"202100052028";"108Â 711";"A01";"3";"7";"0";"2";"3";"15";"1";""
"202100052028";"108Â 712";"B01";"3";"1";"0";"2";"0";"0";"0";""
"202100052029";"108Â 710";"A01";"3";"7";"0";"1";"3";"1";"1";""
"202100052030";"108Â 709";"A01";"2";"37";"0";"1";"0";"0";"1";"1"
"202100052031";"108Â 707";"B01";"2";"7";"0";"2";"4";"1";"1";""
"202100052031";"108Â 708";"A01";"2";"7";"0";"2";"1";"1";"1";""
"202100052032";"108Â 706";"B01";"3";"30";"0";"1";"1";"1";"1";""
"202100052033";"108Â 704";"Z01";"1";"10";"0";"2";"5";"11";"1";""
"202100052033";"108Â 705";"A01";"1";"43";"0";"2";"3";"1";"1";""
"202100052034";"108Â 703";"A01";"2";"31";"14";"0";"1";"1";"1";""
"202100052035";"108Â 701";"B01";"3";"7";"0";"2";"3";"1";"1";""
"202100052035";"108Â 702";"A01";"3";"7";"0";"2";"2";"1";"2";""
"202100052036";"108Â 699";"A01";"3";"7";"0";"2";"1";"1";"1";""
"202100052036";"108Â 700";"B01";"3";"32";"0";"2";"4";"23";"1";""
"202100052037";"108Â 698";"A01";"1";"7";"0";"1";"8";"1";"1";""
"202100052038";"108Â 696";"A01";"2";"7";"0";"2";"8";"15";"1";""
"202100052038";"108Â 697";"B01";"2";"34";"0";"2";"7";"17";"1";""
"202100052039";"108Â 694";"Z01";"1";"30";"0";"2";"1";"5";"1";""
"202100052039";"108Â 695";"A01";"2";"30";"0";"2";"1";"1";"1";""
"202100052040";"108Â 693";"Z01";"1";"2";"0";"1";"0";"1";"0";""
"202100052041";"108Â 691";"B01";"2";"7";"0";"2";"0";"9";"1";""
"202100052041";"108Â 692";"A01";"2";"30";"0";"2";"7";"5";"1";""
"202100052042";"108Â 690";"A01";"1";"33";"0";"0";"0";"1";"1";""
"202100052043";"108Â 689";"A01";"1";"43";"2";"0";"1";"1";"1";""
"202100052044";"108Â 687";"A01";"2";"7";"0";"0";"0";"15";"1";""
"202100052044";"108Â 688";"B01";"1";"33";"0";"2";"0";"1";"1";""
"202100052045";"108Â 685";"A01";"3";"7";"0";"2";"1";"1";"1";""
"202100052045";"108Â 686";"B01";"3";"7";"0";"2";"1";"1";"1";""
"202100052046";"108Â 684";"A01";"2";"7";"0";"1";"4";"20";"1";""
"202100052047";"108Â 682";"B01";"2";"1";"0";"2";"1";"1";"5";""
"202100052047";"108Â 683";"A01";"1";"7";"0";"9";"8";"15";"1";""
"202100052048";"108Â 680";"A01";"1";"34";"0";"2";"7";"2";"1";""
"202100052048";"108Â 681";"B01";"1";"7";"0";"2";"1";"16";"1";""
"202100052049";"108Â 678";"B01";"1";"32";"0";"2";"8";"13";"1";""
"202100052049";"108Â 679";"A01";"1";"7";"0";"2";"1";"9";"0";""
"202100052050";"108Â 677";"A01";"1";"7";"0";"1";"5";"4";"2";""
"202100052051";"108Â 676";"A01";"3";"10";"0";"1";"3";"1";"1";""
"202100052052";"108Â 675";"A01";"1";"7";"0";"1";"1";"26";"1";""
"202100052053";"108Â 673";"A01";"1";"7";"0";"2";"5";"15";"1";""
"202100052053";"108Â 674";"B01";"1";"7";"0";"2";"3";"2";"1";""
"202100052054";"108Â 671";"B01";"2";"7";"0";"2";"3";"19";"1";""
"202100052054";"108Â 672";"A01";"2";"32";"0";"2";"5";"26";"1";""
"202100052055";"108Â 669";"B01";"1";"7";"0";"2";"8";"1";"1";""
"202100052055";"108Â 670";"A01";"1";"7";"0";"2";"1";"1";"1";""
"202100052056";"108Â 667";"A01";"1";"32";"12";"2";"2";"17";"1";""
"202100052056";"108Â 668";"B01";"1";"7";"0";"2";"0";"20";"1";""
"202100052057";"108Â 666";"A01";"2";"7";"0";"1";"2";"1";"1";""
"202100052058";"108Â 663";"A01";"2";"7";"0";"1";"2";"1";"1";""
"202100052059";"108Â 662";"A01";"1";"7";"0";"1";"1";"0";"1";""
"202100052060";"108Â 660";"A01";"2";"7";"0";"2";"1";"12";"1";""
"202100052060";"108Â 661";"B01";"2";"7";"0";"0";"6";"1";"1";""
"202100052061";"108Â 659";"B01";"1";"7";"0";"1";"1";"1";"1";""
"202100052062";"108Â 657";"A01";"2";"7";"0";"2";"2";"19";"1";""
"202100052062";"108Â 658";"B01";"1";"7";"0";"2";"3";"1";"1";""
"202100052063";"108Â 655";"B01";"1";"10";"0";"2";"1";"2";"1";""
"202100052063";"108Â 656";"A01";"1";"7";"0";"0";"4";"2";"1";""
"202100052064";"108Â 653";"B01";"0";"39";"0";"2";"1";"19";"3";""
"202100052064";"108Â 654";"A01";"1";"7";"0";"4";"3";"26";"1";""
"202100052065";"108Â 652";"A01";"2";"7";"13";"0";"1";"2";"1";""
"202100052066";"108Â 649";"B01";"1";"14";"0";"2";"1";"1";"1";""
"202100052066";"108Â 650";"A01";"2";"7";"0";"2";"2";"13";"1";""
"202100052066";"108Â 651";"C01";"1";"7";"0";"2";"1";"1";"1";""
"202100052067";"108Â 648";"A01";"1";"1";"0";"0";"0";"25";"5";""
"202100052068";"108Â 647";"A01";"2";"7";"0";"0";"0";"1";"1";""
"202100052069";"108Â 646";"A01";"2";"7";"6";"0";"1";"1";"2";""
"202100052070";"108Â 645";"A01";"2";"7";"2";"0";"7";"1";"1";""
"202100052071";"108Â 641";"A01";"1";"7";"0";"9";"1";"2";"1";""
"202100052071";"108Â 642";"B01";"1";"1";"0";"0";"4";"2";"5";""
"202100052072";"108Â 640";"A01";"2";"7";"0";"0";"3";"13";"1";""
"202100052073";"108Â 639";"A01";"3";"7";"0";"1";"4";"4";"1";""
"202100052074";"108Â 636";"A01";"1";"10";"0";"2";"1";"13";"1";""
"202100052074";"108Â 637";"B01";"2";"7";"0";"2";"3";"1";"1";""
"202100052074";"108Â 638";"C01";"2";"7";"0";"2";"1";"1";"1";""
"202100052075";"108Â 635";"A01";"1";"7";"10";"0";"1";"14";"1";""
"202100052076";"108Â 633";"A01";"1";"7";"0";"2";"2";"13";"1";""
"202100052076";"108Â 634";"B01";"1";"10";"0";"2";"6";"1";"1";""
"202100052077";"108Â 630";"A01";"2";"7";"3";"2";"1";"17";"1";""
"202100052077";"108Â 631";"B01";"2";"7";"0";"2";"2";"17";"1";""
"202100052077";"108Â 632";"C01";"2";"17";"0";"2";"3";"1";"1";""
"202100052078";"108Â 629";"A01";"1";"7";"0";"0";"0";"26";"1";""
"202100052079";"108Â 628";"A01";"2";"10";"0";"0";"9";"1";"1";""
"202100052080";"108Â 626";"A01";"1";"7";"4";"2";"1";"1";"1";""
"202100052080";"108Â 627";"B01";"1";"15";"0";"0";"8";"1";"1";""
"202100052081";"108Â 625";"A01";"1";"7";"2";"0";"1";"1";"1";""
"202100052082";"108Â 623";"B01";"1";"7";"0";"2";"1";"1";"1";""
"202100052082";"108Â 624";"A01";"2";"10";"0";"2";"1";"13";"1";""
"202100052083";"108Â 621";"A01";"3";"7";"0";"2";"1";"26";"1";""
"202100052083";"108Â 622";"B01";"3";"15";"0";"2";"2";"1";"1";""
"202100052084";"108Â 620";"A01";"3";"2";"6";"0";"1";"1";"1";""
"202100052085";"108Â 619";"A01";"3";"7";"0";"0";"3";"2";"1";""
"202100052086";"108Â 617";"B01";"1";"7";"0";"2";"8";"1";"1";""
"202100052086";"108Â 618";"A01";"2";"10";"0";"2";"3";"1";"1";""
"202100052087";"108Â 613";"A01";"2";"7";"0";"2";"1";"17";"1";""
"202100052087";"108Â 614";"C01";"1";"7";"0";"2";"1";"1";"1";""
"202100052087";"108Â 615";"D01";"1";"7";"0";"2";"0";"1";"1";""
"202100052087";"108Â 616";"B01";" -1";"7";"0";"2";"0";"0";"1";""
"202100052088";"108Â 610";"A01";"3";"7";"0";"0";"4";"1";"1";""
"202100052088";"108Â 611";"B01";"3";"7";"0";"2";"4";"2";"1";""
"202100052088";"108Â 612";"C01";"3";"7";"0";"2";"1";"2";"1";""
"202100052089";"108Â 608";"B01";"1";"1";"0";"2";"4";"1";"5";""
"202100052089";"108Â 609";"A01";"1";"7";"0";"2";"1";"1";"1";""
"202100052090";"108Â 603";"C01";"1";"7";"0";"2";"0";"1";"1";""
"202100052090";"108Â 604";"D01";"1";"7";"0";"2";"0";"0";"1";""
"202100052090";"108Â 605";"E01";"1";"7";"0";"2";"1";"1";"1";""
"202100052090";"108Â 606";"A01";"1";"7";"0";"2";"4";"1";"1";""
"202100052090";"108Â 607";"B01";"1";"7";"0";"2";"0";"1";"1";""
"202100052091";"108Â 600";"C01";"2";"10";"0";"2";"1";"2";"1";""
"202100052091";"108Â 601";"B01";"2";"7";"0";"2";"4";"2";"1";""
"202100052091";"108Â 602";"A01";"2";"7";"0";"2";"4";"2";"1";""
"202100052092";"108Â 597";"C01";"1";"7";"0";"2";"1";"1";"1";""
"202100052092";"108Â 598";"B01";"1";"10";"0";"2";"4";"1";"1";""
"202100052092";"108Â 599";"A01";"1";"7";"0";"2";"4";"1";"1";""
"202100052093";"108Â 594";"A01";"2";"7";"0";"2";"1";"2";"1";""
"202100052093";"108Â 595";"B01";"2";"7";"0";"2";"4";"2";"1";""
"202100052093";"108Â 596";"C01";"2";"7";"0";"2";"4";"2";"1";""
"202100052094";"108Â 591";"A01";"1";"10";"4";"9";"4";"1";"1";""
"202100052094";"108Â 592";"B01";"1";"15";"4";"2";"1";"2";"1";""
"202100052094";"108Â 593";"C01";"1";"10";"4";"0";"4";"1";"1";""
"202100052095";"108Â 590";"A01";"1";"7";"0";"5";"1";"1";"1";""
"202100052096";"108Â 587";"A01";"1";"7";"0";"2";"3";"1";"1";""
"202100052096";"108Â 588";"B01";"1";"7";"0";"2";"4";"2";"1";""
"202100052096";"108Â 589";"C01";"1";"10";"0";"2";"1";"2";"1";""
"202100052097";"108Â 585";"A01";"2";"7";"0";"2";"6";"1";"1";""
"202100052097";"108Â 586";"B01";"2";"17";"0";"2";"3";"11";"1";""
"202100052098";"108Â 584";"A01";"2";"33";"0";"0";"7";"1";"1";""
"202100052099";"108Â 582";"A01";"1";"2";"0";"2";"3";"13";"1";""
"202100052099";"108Â 583";"MB01";"1";"7";"0";"2";"3";"26";"1";""
"202100052100";"108Â 580";"A01";"2";"7";"0";"2";"3";"20";"2";""
"202100052100";"108Â 581";"B01";"1";"33";"0";"2";"1";"17";"1";""
"202100052101";"108Â 578";"A01";"1";"7";"0";"9";"7";"16";"1";""
"202100052101";"108Â 579";"B01";"1";"2";"0";"2";"8";"2";"1";""
"202100052102";"108Â 576";"A01";"1";"1";"0";"2";"6";"1";"5";""
"202100052102";"108Â 577";"B01";"2";"7";"0";"2";"3";"1";"1";""
"202100052103";"108Â 575";"A01";"1";"33";"0";"0";"1";"2";"1";""
"202100052104";"108Â 573";"B01";"1";"7";"8";"2";"0";"1";"1";""
"202100052104";"108Â 574";"A01";"2";"7";"0";"2";"0";"15";"1";""
"202100052105";"108Â 572";"A01";"2";"7";"0";"1";"2";"1";"1";""
"202100052106";"108Â 571";"A01";"1";"33";"0";"1";"7";"21";"1";""
"202100052107";"108Â 569";"B01";"1";"7";"0";"2";"1";"1";"1";""
"202100052107";"108Â 570";"A01";"2";"7";"0";"2";"2";"15";"1";""
"202100052108";"108Â 567";"A01";"2";"7";"0";"2";"3";"10";"1";""
"202100052108";"108Â 568";"B01";"2";"7";"0";"2";"7";"1";"1";""
"202100052109";"108Â 565";"B01";"2";"7";"0";"2";"1";"24";"1";""
"202100052109";"108Â 566";"A01";"1";"30";"1";"0";"7";"14";"1";""
"202100052110";"108Â 563";"B01";"1";"37";"0";"2";"1";"23";"1";"1"
"202100052110";"108Â 564";"A01";"2";"30";"14";"0";"1";"26";"1";""
"202100052111";"108Â 561";"Z01";"3";"7";"0";"2";"1";"1";"1";""
"202100052111";"108Â 562";"B01";"3";"7";"0";"2";"5";"9";"1";""
"202100052112";"108Â 560";"A01";"3";"32";"0";"1";"1";"1";"1";""
"202100052113";"108Â 559";"A01";"2";"7";"0";"1";"1";"26";"1";""
"202100052114";"108Â 555";"B01";"0";"7";"0";"2";"1";"1";"1";""
"202100052114";"108Â 556";"A01";"0";"7";"0";"2";"6";"1";"1";""
"202100052115";"108Â 553";"B01";"0";"7";"0";"2";"4";"23";"1";""
"202100052115";"108Â 554";"A01";"0";"7";"0";"2";"1";"1";"1";""
"202100052116";"108Â 551";"A01";"0";"7";"0";"2";"1";"15";"1";""
"202100052116";"108Â 552";"B01";"0";"1";"0";"2";"7";"1";"5";""
"202100052117";"108Â 549";"A01";"0";"7";"0";"2";"1";"9";"1";""
"202100052117";"108Â 550";"B01";"0";"31";"0";"2";"7";"1";"1";""
"202100052118";"108Â 548";"Z01";"3";"7";"0";"1";"1";"26";"0";""
"202100052119";"108Â 546";"B01";"1";"7";"0";"2";"2";"1";"1";""
"202100052119";"108Â 547";"A01";"1";"7";"0";"2";"5";"1";"1";""
"202100052120";"108Â 544";"A01";"2";"2";"0";"2";"3";"18";"1";""
"202100052120";"108Â 545";"B01";"2";"7";"0";"2";"5";"16";"1";""
"202100052121";"108Â 542";"B01";"0";"80";"0";"2";"8";"0";"3";""
"202100052121";"108Â 543";"A01";"0";"7";"0";"2";"7";"15";"1";""
"202100052122";"108Â 541";"A01";"3";"50";"0";"0";"0";"0";"3";""
"202100052123";"108Â 540";"A01";"3";"1";"0";"0";"1";"0";"5";""
"202100052124";"108Â 539";"A01";"1";"0";"0";"0";"0";"0";"0";""
"202100052125";"108Â 535";"A01";"3";"10";"0";"2";"1";"1";"1";""
"202100052125";"108Â 536";"B01";"3";"7";"0";"2";"4";"1";"1";""
"202100052125";"108Â 537";"C01";"3";"7";"0";"2";"4";"1";"1";""
"202100052125";"108Â 538";"D01";"3";"7";"0";"2";"4";"1";"1";""
"202100052126";"108Â 534";"A01";"1";"7";"4";"0";"3";"1";"1";""
"202100052127";"108Â 532";"B01";"2";"7";"0";"2";"1";"1";"3";""
"202100052127";"108Â 533";"A01";"1";"7";"0";"2";"1";"13";"1";""
"202100052128";"108Â 531";"A01";"2";"30";"0";"2";"7";"2";"1";""
"202100052129";"108Â 529";"A01";"1";"7";"0";"1";"2";"1";"0";""
"202100052129";"108Â 530";"B01";"1";"7";"0";"2";"1";"2";"1";""
"202100052130";"108Â 528";"A01";"1";"7";"0";"1";"3";"1";"1";""
"202100052131";"108Â 527";"A01";"1";"7";"0";"1";"1";"1";"1";""
"202100052132";"108Â 525";"A01";"2";"7";"0";"2";"1";"1";"1";""
"202100052132";"108Â 526";"B01";"2";"7";"0";"2";"4";"0";"1";""
"202100052133";"108Â 524";"A01";"2";"7";"0";"1";"1";"1";"1";""
"202100052134";"108Â 521";"A01";"1";"30";"0";"0";"0";"1";"1";""
"202100052135";"108Â 520";"A01";"1";"33";"0";"0";"7";"1";"1";""
"202100052136";"108Â 519";"A01";"2";"7";"4";"0";"1";"13";"1";""
"202100052137";"108Â 516";"C01";"1";"7";"0";"2";"4";"23";"1";""
"202100052137";"108Â 517";"B01";"1";"7";"0";"2";"4";"23";"1";""
"202100052137";"108Â 518";"A01";"1";"7";"0";"2";"1";"1";"1";""
"202100052138";"108Â 514";"B01";"1";"7";"0";"2";"3";"16";"2";""
"202100052138";"108Â 515";"A01";"1";"31";"0";"2";"1";"1";"1";""
"202100052139";"108Â 512";"B01";"2";"1";"0";"2";"8";"19";"5";""
"202100052139";"108Â 513";"A01";"1";"1";"0";"2";"1";"1";"5";""
"202100052140";"108Â 510";"A01";"3";"7";"0";"2";"3";"15";"1";""
"202100052140";"108Â 511";"B01";"3";"30";"0";"2";"1";"17";"1";""
"202100052141";"108Â 509";"A01";"3";"34";"0";"0";"3";"21";"1";""
"202100052142";"108Â 507";"A01";"3";"7";"0";"2";"3";"15";"1";""
"202100052142";"108Â 508";"B01";"3";"32";"0";"2";"3";"1";"1";""
"202100052143";"108Â 505";"A01";"1";"30";"0";"2";"1";"1";"1";""
"202100052143";"108Â 506";"B01";"2";"1";"0";"2";"3";"1";"5";""
"202100052144";"108Â 504";"A01";"1";"1";"0";"1";"1";"1";"5";""
"202100052145";"108Â 503";"A01";"2";"32";"0";"1";"7";"1";"1";""
"202100052146";"108Â 501";"B01";"1";"50";"0";"2";"0";"1";"3";""
"202100052146";"108Â 502";"A01";"2";"7";"0";"2";"0";"15";"1";""
"202100052147";"108Â 500";"A01";"1";"7";"0";"1";"1";"1";"1";""
"202100052148";"108Â 499";"A01";"3";"7";"0";"1";"5";"26";"1";""
"202100052149";"108Â 497";"A01";"1";"33";"1";"2";"1";"1";"1";""
"202100052149";"108Â 498";"B01";"1";"7";"0";"2";"3";"9";"1";""
"202100052150";"108Â 495";"A01";"2";"7";"0";"2";"1";"11";"1";""
"202100052150";"108Â 496";"B01";"2";"32";"0";"2";"1";"1";"1";""
"202100052151";"108Â 493";"A01";"2";"7";"0";"2";"3";"1";"1";""
"202100052151";"108Â 494";"B01";"1";"33";"0";"2";"1";"1";"1";""
"202100052152";"108Â 491";"B01";"3";"60";"0";"2";"7";"19";"5";""
"202100052152";"108Â 492";"A01";"3";"7";"0";"1";"3";"9";"1";""
"202100052153";"108Â 490";"Z01";"1";"7";"1";"1";"0";"0";"0";""
"202100052154";"108Â 488";"A01";"2";"33";"0";"2";"2";"17";"1";""
"202100052154";"108Â 489";"B01";"2";"7";"0";"2";"3";"15";"1";""
"202100052155";"108Â 487";"A01";"1";"7";"0";"1";"4";"26";"1";""
"202100052156";"108Â 485";"B01";"1";"10";"0";"2";"0";"15";"0";""
"202100052156";"108Â 486";"A01";"1";"7";"9";"1";"1";"1";"1";""
"202100052157";"108Â 483";"A01";"2";"7";"0";"2";"1";"1";"1";""
"202100052157";"108Â 484";"B01";"1";"7";"0";"2";"1";"13";"1";""
"202100052158";"108Â 481";"B01";"1";"50";"0";"2";"1";"25";"3";""
"202100052158";"108Â 482";"A01";"1";"7";"0";"0";"2";"2";"1";""
"202100052159";"108Â 479";"B01";"2";"7";"0";"9";"6";"1";"1";""
"202100052159";"108Â 480";"A01";"1";"7";"0";"2";"0";"1";"1";""
"202100052160";"108Â 477";"B01";"1";"7";"0";"2";"2";"1";"1";""
"202100052160";"108Â 478";"A01";"2";"2";"0";"2";"3";"15";"1";""
"202100052161";"108Â 475";"A01";"1";"7";"0";"2";"1";"13";"1";""
"202100052161";"108Â 476";"B01";"2";"14";"0";"2";"3";"1";"1";""
"202100052162";"108Â 473";"A01";"1";"38";"0";"2";"2";"1";"1";"1"
"202100052162";"108Â 474";"B01";"2";"7";"0";"2";"3";"15";"1";""
"202100052163";"108Â 471";"A01";"1";"7";"0";"2";"3";"1";"1";""
"202100052163";"108Â 472";"B01";"2";"7";"0";"2";"3";"1";"1";""
"202100052164";"108Â 469";"B01";"1";"7";"0";"2";"3";"16";"1";""
"202100052164";"108Â 470";"A01";"1";"1";"0";"2";"7";"1";"5";""
"202100052165";"108Â 468";"A01";"1";"7";"0";"1";"2";"26";"1";""
"202100052166";"108Â 466";"B01";"2";"7";"0";"2";"7";"15";"1";""
"202100052166";"108Â 467";"A01";"1";"33";"0";"2";"1";"1";"1";""
"202100052167";"108Â 465";"A01";"2";"33";"6";"0";"3";"1";"1";""
"202100052168";"108Â 462";"C01";"2";"7";"0";"9";"1";"2";"1";""
"202100052168";"108Â 463";"B01";"2";"7";"0";"2";"3";"1";"1";""
"202100052168";"108Â 464";"A01";"1";"7";"0";"2";"1";"1";"1";""
"202100052169";"108Â 460";"B01";"2";"7";"0";"2";"6";"15";"1";""
"202100052169";"108Â 461";"A01";"2";"7";"0";"2";"2";"17";"1";""
"202100052170";"108Â 457";"B01";"2";"7";"0";"2";"3";"1";"1";""
"202100052170";"108Â 458";"A01";"1";"7";"0";"2";"3";"1";"1";""
"202100052171";"108Â 455";"A01";"1";"7";"0";"2";"1";"13";"1";""
"202100052171";"108Â 456";"B01";"2";"14";"0";"2";"1";"1";"1";""
"202100052172";"108Â 453";"A01";"1";"7";"0";"2";"1";"1";"1";""
"202100052172";"108Â 454";"B01";"2";"7";"0";"0";"1";"1";"1";""
"202100052173";"108Â 450";"A01";"1";"7";"0";"2";"1";"2";"1";""
"202100052173";"108Â 451";"C01";"1";"7";"0";"2";"4";"23";"1";""
"202100052173";"108Â 452";"B01";"1";"7";"0";"2";"4";"23";"1";""
"202100052174";"108Â 448";"B01";"2";"7";"8";"0";"3";"1";"1";""
"202100052174";"108Â 449";"A01";"1";"7";"0";"2";"1";"2";"1";""
"202100052175";"108Â 447";"A01";"1";"7";"2";"0";"1";"1";"1";""
"202100052176";"108Â 445";"A01";"3";"7";"0";"2";"1";"2";"1";""
"202100052176";"108Â 446";"B01";"3";"2";"0";"2";"6";"1";"1";""
"202100052177";"108Â 444";"A01";"2";"7";"2";"0";"1";"1";"1";""
"202100052178";"108Â 443";"A01";"1";"7";"10";"0";"3";"1";"1";""
"202100052179";"108Â 441";"A01";"2";"13";"0";"9";"2";"16";"0";""
"202100052179";"108Â 442";"B01";"1";"1";"0";"2";"1";"26";"5";""
"202100052180";"108Â 439";"B01";"2";"7";"0";"2";"1";"1";"1";""
"202100052180";"108Â 440";"A01";"1";"7";"0";"2";"7";"15";"1";""
"202100052181";"108Â 436";"A01";"1";"2";"0";"2";"3";"2";"1";""
"202100052181";"108Â 437";"B01";"1";"10";"0";"2";"5";"1";"1";""
"202100052182";"108Â 434";"B01";"2";"7";"0";"0";"3";"1";"1";""
"202100052182";"108Â 435";"A01";"1";"7";"0";"2";"3";"1";"1";""
"202100052183";"108Â 433";"A01";"1";"7";"4";"0";"3";"1";"1";""
"202100052184";"108Â 432";"A01";"2";"17";"0";"0";"7";"1";"1";""
"202100052185";"108Â 431";"A01";"2";"7";"0";"1";"1";"1";"1";""
"202100052186";"108Â 429";"A01";"1";"33";"0";"2";"1";"5";"1";""
"202100052186";"108Â 430";"B01";"2";"7";"0";"2";"3";"26";"1";""
"202100052187";"108Â 428";"A01";"2";"7";"2";"1";"2";"14";"1";""
"202100052188";"108Â 426";"B01";"1";"2";"0";"2";"1";"1";"1";""
"202100052188";"108Â 427";"A01";"1";"7";"0";"0";"5";"26";"1";""
"202100052189";"108Â 425";"A01";"3";"99";"1";"0";"0";"14";"0";""