"Num_Acc";"id_vehicule";"num_veh";"senc";"catv";"obs";"obsm";"choc";"manv";"motor";"occutc"
"202100052190";"108Â 422";"A01";"2";"7";"0";"2";"3";"17";"1";""
"202100052190";"108Â 423";"B01";"1";"7";"3";"2";"3";"1";"1";""
"202100052190";"108Â 424";"C01";"2";"15";"0";"2";"6";"1";"1";""
"202100052191";"108Â 421";"A01";"3";"7";"0";"1";"3";"1";"0";""
"202100052192";"108Â 419";"A01";"2";"7";"0";"2";"3";"9";"1";""
"202100052192";"108Â 420";"B01";"2";"30";"0";"2";"7";"1";"1";""
"202100052193";"108Â 417";"A01";"1";"7";"0";"2";"2";"5";"1";""
"202100052193";"108Â 418";"B01";"2";"7";"0";"2";"3";"1";"1";""
"202100052194";"108Â 415";"B01";"2";"10";"0";"0";"5";"1";"1";""
"202100052194";"108Â 416";"A01";"2";"7";"2";"2";"1";"2";"1";""
"202100052195";"108Â 413";"A01";"2";"7";"0";"2";"6";"15";"1";""
"202100052195";"108Â 414";"B01";"1";"7";"0";"2";"1";"1";"1";""
"202100052196";"108Â 411";"B01";"2";"7";"0";"0";"4";"1";"1";""
"202100052196";"108Â 412";"A01";"2";"7";"0";"2";"1";"1";"1";""
"202100052197";"108Â 408";"A01";"2";"15";"0";"2";"3";"1";"1";""
"202100052197";"108Â 409";"B01";"1";"15";"0";"2";"0";"1";"1";""
"202100052198";"108Â 407";"A01";"2";"7";"12";"0";"3";"26";"1";""
"202100052199";"108Â 405";"B01";"1";"7";"0";"2";"4";"2";"1";""
"202100052199";"108Â 406";"A01";"1";"33";"0";"2";"1";"2";"1";""
"202100052200";"108Â 402";"C01";"1";"7";"0";"2";"1";"2";"1";""
"202100052200";"108Â 403";"B01";"1";"15";"0";"2";"1";"2";"1";""
"202100052200";"108Â 404";"A01";"1";"7";"0";"2";"4";"2";"1";""
"202100052201";"108Â 400";"A01";"2";"7";"0";"2";"8";"9";"1";""
"202100052201";"108Â 401";"B01";"2";"33";"0";"2";"7";"1";"1";""
"202100052202";"108Â 399";"A01";"2";"7";"4";"0";"1";"1";"1";""
"202100052203";"108Â 397";"A01";"1";"7";"0";"9";"8";"19";"1";""
"202100052203";"108Â 398";"B01";"2";"2";"0";"2";"1";"1";"1";""
"202100052204";"108Â 394";"C01";"3";"2";"0";"2";"1";"1";"1";""
"202100052204";"108Â 395";"A01";"3";"2";"0";"2";"1";"26";"1";""
"202100052204";"108Â 396";"B01";"3";"7";"0";"2";"3";"1";"1";""
"202100052205";"108Â 393";"A01";"2";"7";"8";"0";"1";"16";"1";""
"202100052206";"108Â 391";"A01";"3";"7";"0";"2";"1";"1";"1";""
"202100052206";"108Â 392";"B01";"3";"7";"0";"2";"4";"1";"1";""
"202100052207";"108Â 390";"A01";"2";"7";"7";"0";"1";"13";"1";""
"202100052208";"108Â 388";"A01";"2";"7";"0";"2";"8";"19";"1";""
"202100052208";"108Â 389";"B01";"2";"33";"0";"2";"1";"1";"1";""
"202100052209";"108Â 387";"A01";"3";"7";"0";"1";"1";"1";"1";""
"202100052210";"108Â 384";"B01";"1";"7";"12";"2";"1";"1";"1";""
"202100052210";"108Â 385";"A01";"1";"10";"12";"2";"1";"1";"1";""
"202100052211";"108Â 382";"A01";"2";"7";"0";"2";"7";"20";"1";""
"202100052211";"108Â 383";"B01";"2";"2";"0";"2";"3";"7";"1";""
"202100052212";"108Â 380";"A01";"2";"7";"0";"2";"1";"1";"1";""
"202100052212";"108Â 381";"B01";"2";"10";"0";"2";"4";"23";"1";""
"202100052213";"108Â 379";"A01";"0";"7";"8";"0";"1";"1";"1";""
"202100052214";"108Â 377";"A01";"3";"7";"4";"0";"1";"1";"1";""
"202100052214";"108Â 378";"B01";"3";"7";"0";"2";"2";"1";"1";""
"202100052215";"108Â 375";"A01";"1";"7";"0";"2";"2";"20";"1";""
"202100052215";"108Â 376";"B01";"1";"1";"0";"2";"1";"1";"5";""
"202100052216";"108Â 373";"A01";"1";"33";"0";"2";"1";"2";"1";""
"202100052216";"108Â 374";"B01";"1";"7";"0";"9";"4";"1";"1";""
"202100052217";"108Â 371";"B01";"2";"33";"0";"2";"8";"1";"1";""
"202100052217";"108Â 372";"A01";"1";"7";"0";"2";"1";"19";"1";""
"202100052218";"108Â 368";"A01";"1";"7";"6";"0";"1";"14";"1";""
"202100052219";"108Â 365";"A01";"1";"7";"0";"2";"2";"15";"1";""
"202100052219";"108Â 366";"B01";"1";"7";"0";"2";"0";"2";"1";""
"202100052219";"108Â 367";"C01";"2";"7";"0";"2";"8";"2";"1";""
"202100052220";"108Â 364";"A01";"1";"32";"0";"0";"0";"1";"1";""
"202100052221";"108Â 362";"B01";"3";"7";"0";"2";"3";"1";"1";""
"202100052221";"108Â 363";"A01";"3";"7";"0";"2";"3";"15";"1";""
"202100052222";"108Â 361";"A01";"3";"7";"6";"0";"1";"2";"1";""
"202100052223";"108Â 357";"D01";"3";"7";"0";"2";"4";"2";"1";""
"202100052223";"108Â 358";"A01";"3";"7";"0";"2";"1";"2";"1";""
"202100052223";"108Â 359";"B01";"3";"7";"0";"2";"4";"2";"1";""
"202100052223";"108Â 360";"C01";"3";"7";"0";"2";"4";"2";"1";""
"202100052224";"108Â 355";"A01";"1";"7";"0";"2";"2";"1";"1";""
"202100052224";"108Â 356";"B01";"2";"30";"0";"2";"1";"1";"1";""
"202100052225";"108Â 352";"C01";"3";"7";"0";"2";"4";"1";"1";""
"202100052225";"108Â 353";"B01";"3";"7";"0";"2";"4";"1";"1";""
"202100052225";"108Â 354";"A01";"3";"7";"0";"2";"1";"1";"1";""
"202100052226";"108Â 350";"B01";"1";"7";"0";"9";"6";"13";"1";""
"202100052226";"108Â 351";"A01";"1";"33";"0";"2";"1";"1";"1";""
"202100052227";"108Â 348";"Z01";"1";"10";"0";"2";"1";"2";"0";""
"202100052227";"108Â 349";"A01";"1";"7";"0";"2";"5";"2";"1";""
"202100052228";"108Â 347";"A01";"1";"32";"0";"1";"1";"1";"1";""
"202100052229";"108Â 345";"B01";"1";"30";"0";"2";"8";"12";"1";""
"202100052229";"108Â 346";"A01";"1";"7";"0";"2";"5";"12";"1";""
"202100052230";"108Â 344";"Z01";"1";"80";"0";"1";"0";"1";"3";""
"202100052231";"108Â 342";"B01";"1";"7";"0";"2";"2";"15";"1";""
"202100052231";"108Â 343";"A01";"1";"30";"0";"2";"1";"1";"1";""
"202100052232";"108Â 341";"A01";"1";"1";"0";"0";"0";"1";"5";""
"202100052233";"108Â 339";"A01";"1";"7";"0";"2";"3";"15";"1";""
"202100052233";"108Â 340";"B01";"2";"2";"0";"2";"1";"1";"1";""
"202100052234";"108Â 337";"B01";"3";"7";"0";"2";"8";"1";"0";""
"202100052234";"108Â 338";"A01";"3";"30";"0";"2";"1";"1";"1";""
"202100052235";"108Â 336";"A01";"2";"2";"1";"0";"2";"14";"1";""
"202100052236";"108Â 333";"A01";"1";"7";"0";"2";"4";"2";"1";""
"202100052236";"108Â 334";"B01";"1";"7";"0";"2";"4";"2";"1";""
"202100052236";"108Â 335";"C01";"1";"7";"0";"2";"2";"2";"1";""
"202100052237";"108Â 331";"B01";"2";"7";"0";"2";"4";"1";"1";""
"202100052237";"108Â 332";"A01";"2";"33";"0";"2";"1";"14";"1";""
"202100052238";"108Â 330";"A01";"2";"7";"4";"0";"6";"1";"1";""
"202100052239";"108Â 327";"C01";"2";"7";"0";"2";"4";"2";"1";""
"202100052239";"108Â 328";"B01";"2";"7";"0";"2";"4";"2";"1";""
"202100052239";"108Â 329";"A01";"2";"7";"0";"2";"1";"2";"1";""
"202100052240";"108Â 326";"A01";"1";"7";"4";"0";"6";"2";"1";""
"202100052241";"108Â 324";"A01";"1";"7";"0";"2";"3";"13";"1";""
"202100052241";"108Â 325";"B01";"1";"7";"0";"2";"3";"1";"1";""
"202100052242";"108Â 323";"A01";"2";"7";"0";"9";"3";"1";"1";""
"202100052243";"108Â 320";"A01";"2";"7";"3";"2";"6";"2";"1";""
"202100052243";"108Â 321";"B01";"2";"7";"0";"2";"4";"2";"1";""
"202100052243";"108Â 322";"C01";"2";"10";"0";"2";"3";"2";"1";""
"202100052244";"108Â 318";"A01";"2";"31";"0";"2";"1";"2";"1";""
"202100052244";"108Â 319";"B01";"2";"7";"0";"2";"6";"2";"1";""
"202100052245";"108Â 316";"A01";"2";"7";"0";"2";"1";"26";"1";""
"202100052245";"108Â 317";"B01";"2";"7";"0";"2";"8";"0";"1";""
"202100052246";"108Â 315";"A01";"1";"7";"4";"0";"6";"1";"1";""
"202100052247";"108Â 314";"A01";"2";"7";"4";"0";"0";"26";"1";""
"202100052248";"108Â 312";"B01";"1";"7";"0";"2";"4";"2";"1";""
"202100052248";"108Â 313";"A01";"1";"7";"0";"2";"1";"1";"1";""
"202100052249";"108Â 311";"A01";"1";"10";"4";"0";"1";"1";"1";""
"202100052250";"108Â 308";"A01";"2";"7";"0";"2";"1";"6";"1";""
"202100052250";"108Â 309";"B01";"2";"7";"0";"2";"1";"1";"1";""
"202100052250";"108Â 310";"C01";"2";"7";"0";"2";"4";"1";"1";""
"202100052251";"108Â 307";"A01";"1";"7";"3";"0";"1";"14";"1";""
"202100052252";"108Â 306";"A01";"2";"10";"4";"0";"6";"13";"1";""
"202100052253";"108Â 304";"B01";"2";"7";"4";"2";"4";"12";"1";""
"202100052253";"108Â 305";"A01";"2";"10";"0";"0";"2";"2";"1";""
"202100052254";"108Â 303";"A01";"1";"7";"2";"0";"2";"1";"1";""
"202100052255";"108Â 302";"A01";"3";"7";"13";"0";"1";"1";"1";""
"202100052256";"108Â 300";"A01";"1";"7";"0";"2";"1";"13";"1";""
"202100052256";"108Â 301";"B01";"1";"7";"0";"2";"3";"1";"1";""
"202100052257";"108Â 296";"A01";"1";"7";"0";"2";"5";"17";"1";""
"202100052257";"108Â 297";"B01";"1";"7";"0";"2";"4";"2";"1";""
"202100052257";"108Â 298";"C01";"1";"7";"0";"0";"4";"1";"1";""
"202100052257";"108Â 299";"D01";"1";"15";"0";"2";"3";"1";"1";""
"202100052258";"108Â 295";"A01";"1";"7";"2";"0";"6";"0";"1";""
"202100052259";"108Â 294";"A01";"2";"36";"2";"0";"1";"13";"1";""
"202100052260";"108Â 292";"B01";"1";"10";"0";"2";"1";"1";"1";""
"202100052260";"108Â 293";"A01";"1";"7";"0";"2";"8";"10";"1";""
"202100052261";"108Â 291";"A01";"1";"7";"6";"0";"2";"0";"1";""
"202100052262";"108Â 290";"A01";"1";"7";"0";"1";"3";"1";"1";""
"202100052263";"108Â 288";"B01";"1";"10";"0";"2";"6";"23";"1";""
"202100052263";"108Â 289";"A01";"1";"2";"1";"0";"1";"2";"1";""
"202100052264";"108Â 286";"A01";"0";"7";"0";"2";"7";"1";"1";""
"202100052264";"108Â 287";"B01";"0";"7";"0";"2";"7";"26";"1";""
"202100052265";"108Â 284";"A01";"2";"10";"0";"9";"1";"1";"1";""
"202100052265";"108Â 285";"B01";"2";"1";"0";"2";"1";"15";"5";""
"202100052266";"108Â 283";"A01";"1";"2";"0";"0";"0";"14";"1";""
"202100052267";"108Â 281";"A01";"0";"7";"8";"2";"0";"17";"1";""
"202100052267";"108Â 282";"B01";"0";"21";"0";"2";"3";"15";"1";""
"202100052268";"108Â 278";"B01";"2";"7";"0";"2";"3";"1";"1";""
"202100052268";"108Â 279";"A01";"1";"7";"0";"2";"1";"13";"1";""
"202100052269";"108Â 277";"A01";"0";"10";"5";"0";"1";"0";"1";""
"202100052270";"108Â 276";"A01";"1";"7";"2";"0";"1";"1";"1";""
"202100052271";"108Â 274";"B01";"2";"7";"0";"2";"3";"1";"1";""
"202100052271";"108Â 275";"A01";"1";"10";"0";"2";"3";"17";"1";""
"202100052272";"108Â 273";"A01";"1";"7";"3";"0";"0";"0";"1";""
"202100052273";"108Â 272";"A01";"3";"2";"12";"0";"0";"1";"1";""
"202100052274";"108Â 270";"B01";"1";"7";"0";"0";"3";"1";"1";""
"202100052274";"108Â 271";"A01";"2";"7";"0";"2";"3";"13";"1";""
"202100052275";"108Â 266";"A01";"1";"33";"0";"2";"1";"17";"1";""
"202100052275";"108Â 267";"C01";"1";"7";"0";"2";"3";"23";"1";""
"202100052275";"108Â 268";"B01";"2";"7";"0";"2";"3";"1";"1";""
"202100052276";"108Â 265";"A01";"3";"7";"0";"1";"1";"14";"1";""
"202100052277";"108Â 263";"A01";"2";"15";"0";"2";"1";"1";"1";""
"202100052277";"108Â 264";"B01";"1";"10";"0";"0";"8";"15";"1";""
"202100052278";"108Â 261";"A01";"1";"36";"0";"2";"1";"1";"1";""
"202100052278";"108Â 262";"B01";"2";"7";"0";"2";"3";"23";"1";""
"202100052279";"108Â 260";"A01";"2";"7";"15";"0";"0";"0";"1";""
"202100052280";"108Â 259";"A01";"1";"7";"0";"1";"2";"1";"1";""
"202100052281";"108Â 257";"A01";"2";"7";"0";"2";"1";"2";"1";""
"202100052281";"108Â 258";"B01";"2";"7";"3";"0";"4";"2";"1";""
"202100052282";"108Â 255";"B01";"1";"7";"0";"2";"3";"1";"1";""
"202100052282";"108Â 256";"A01";"2";"15";"0";"2";"3";"13";"1";""
"202100052283";"108Â 253";"B01";"2";"10";"0";"2";"3";"14";"1";""
"202100052283";"108Â 254";"A01";"2";"15";"0";"2";"2";"1";"1";""
"202100052284";"108Â 252";"A01";"2";"7";"8";"0";"1";"1";"1";""
"202100052285";"108Â 250";"B01";"1";"7";"0";"0";"5";"1";"1";""
"202100052285";"108Â 251";"A01";"2";"7";"0";"0";"2";"13";"1";""
"202100052286";"108Â 249";"A01";"3";"30";"0";"0";"0";"1";"1";""
"202100052287";"108Â 248";"A01";"2";"7";"12";"1";"1";"14";"0";""
"202100052288";"108Â 246";"A01";"3";"7";"0";"2";"1";"1";"1";""
"202100052288";"108Â 247";"B01";"3";"7";"0";"2";"3";"1";"1";""
"202100052289";"108Â 245";"A01";"1";"7";"12";"0";"3";"0";"1";""
"202100052290";"108Â 243";"B01";"1";"7";"0";"2";"6";"15";"1";""
"202100052290";"108Â 244";"A01";"2";"7";"0";"2";"6";"1";"1";""
"202100052291";"108Â 241";"B01";"1";"7";"0";"2";"1";"2";"1";""
"202100052291";"108Â 242";"A01";"1";"7";"0";"2";"1";"9";"1";""
"202100052292";"108Â 239";"A01";"1";"7";"0";"2";"5";"17";"1";""
"202100052292";"108Â 240";"B01";"1";"1";"0";"2";"8";"2";"5";""
"202100052293";"108Â 238";"A01";"3";"7";"0";"1";"2";"26";"1";""
"202100052294";"108Â 236";"B01";"1";"7";"0";"9";"6";"9";"1";""
"202100052294";"108Â 237";"A01";"1";"10";"0";"9";"1";"9";"1";""
"202100052295";"108Â 234";"A01";"1";"7";"0";"2";"4";"1";"1";""
"202100052295";"108Â 235";"Z01";"1";"10";"0";"2";"0";"0";"0";""
"202100052296";"108Â 233";"A01";"2";"7";"0";"1";"3";"1";"1";""
"202100052297";"108Â 231";"A01";"0";"99";"0";"2";"8";"15";"0";""
"202100052297";"108Â 232";"B01";"0";"31";"0";"2";"1";"1";"0";""
"202100052298";"108Â 229";"B01";"3";"1";"0";"2";"7";"0";"6";""
"202100052298";"108Â 230";"A01";"3";"7";"0";"2";"1";"1";"1";""
"202100052299";"108Â 228";"A01";"3";"10";"0";"1";"4";"26";"1";""
"202100052300";"108Â 227";"A01";"1";"7";"0";"1";"1";"26";"1";""
"202100052301";"108Â 225";"B01";"1";"1";"0";"2";"1";"1";"5";""
"202100052301";"108Â 226";"A01";"2";"7";"0";"2";"2";"15";"1";""
"202100052302";"108Â 224";"A01";"1";"7";"0";"1";"1";"1";"1";""
"202100052303";"108Â 222";"B01";"1";"2";"0";"2";"1";"26";"1";""
"202100052303";"108Â 223";"A01";"1";"7";"0";"2";"2";"11";"1";""
"202100052304";"108Â 221";"A01";"2";"7";"0";"1";"1";"1";"1";""
"202100052305";"108Â 220";"A01";"1";"33";"0";"0";"8";"26";"1";""
"202100052306";"108Â 219";"A01";"2";"7";"0";"1";"1";"1";"1";""
"202100052307";"108Â 218";"A01";"1";"7";"1";"2";"0";"1";"1";""
"202100052308";"108Â 217";"A01";"1";"7";"0";"1";"7";"1";"1";""
"202100052309";"108Â 215";"B01";"2";"7";"0";"2";"1";"1";"1";""
"202100052309";"108Â 216";"A01";"1";"7";"0";"2";"1";"13";"1";""
"202100052310";"108Â 213";"B01";"1";"40";"0";"2";"3";"0";"3";""
"202100052310";"108Â 214";"A01";"2";"1";"0";"4";"1";"13";"5";""
"202100052311";"108Â 211";"A01";"2";"7";"0";"2";"1";"2";"1";""
"202100052311";"108Â 212";"B01";"2";"7";"0";"0";"4";"1";"1";""
"202100052312";"108Â 210";"A01";"2";"7";"0";"1";"3";"20";"1";""
"202100052313";"108Â 208";"B01";"1";"7";"0";"2";"1";"1";"1";""
"202100052313";"108Â 209";"A01";"2";"7";"0";"2";"2";"15";"1";""
"202100052314";"108Â 206";"B01";"1";"2";"0";"2";"1";"15";"1";""
"202100052314";"108Â 207";"A01";"1";"7";"0";"2";"8";"1";"1";""
"202100052315";"108Â 204";"Z01";"1";"7";"0";"2";"1";"15";"1";""
"202100052315";"108Â 205";"B01";"2";"1";"0";"2";"1";"19";"5";""
"202100052316";"108Â 202";"A01";"3";"30";"0";"2";"1";"1";"1";""
"202100052316";"108Â 203";"B01";"3";"7";"0";"2";"6";"1";"1";""
"202100052317";"108Â 201";"A01";"2";"7";"0";"1";"2";"26";"1";""
"202100052318";"108Â 198";"B01";"1";"7";"0";"2";"1";"1";"1";""
"202100052318";"108Â 199";"A01";"1";"7";"0";"2";"7";"19";"1";""
"202100052318";"108Â 200";"C01";"1";"7";"0";"2";"6";"0";"1";""
"202100052319";"108Â 196";"A01";"1";"34";"0";"2";"2";"1";"1";""
"202100052319";"108Â 197";"B01";"1";"10";"0";"2";"0";"10";"1";""
"202100052320";"108Â 194";"B01";"1";"7";"0";"2";"3";"1";"1";""
"202100052320";"108Â 195";"A01";"2";"2";"0";"2";"1";"17";"1";""
"202100052321";"108Â 192";"A01";"2";"7";"0";"2";"8";"10";"1";""
"202100052321";"108Â 193";"B01";"2";"2";"0";"2";"1";"1";"1";""
"202100052322";"108Â 190";"B01";"1";"1";"0";"2";"7";"1";"5";""
"202100052322";"108Â 191";"A01";"1";"7";"0";"2";"1";"9";"2";""
"202100052323";"108Â 188";"A01";"1";"2";"0";"2";"1";"2";"1";""
"202100052323";"108Â 189";"B01";"1";"10";"0";"2";"4";"2";"1";""
"202100052324";"108Â 187";"A01";"2";"7";"0";"1";"7";"1";"1";""
"202100052325";"108Â 186";"Z01";"2";"2";"0";"1";"0";"1";"1";""
"202100052326";"108Â 184";"B01";"2";"7";"0";"2";"8";"1";"1";""
"202100052326";"108Â 185";"A01";"2";"2";"0";"2";"1";"5";"1";""
"202100052327";"108Â 183";"A01";"1";"10";"1";"0";"1";"17";"1";""
"202100052328";"108Â 182";"A01";"1";"10";"0";"1";"3";"1";"1";""
"202100052329";"108Â 181";"A01";"1";"40";"0";"1";"2";"1";"3";""
"202100052330";"108Â 179";"A01";"3";"10";"0";"2";"5";"12";"1";""
"202100052330";"108Â 180";"B01";"3";"7";"0";"2";"3";"1";"1";""
"202100052331";"108Â 177";"A01";"1";"30";"0";"2";"1";"1";"1";""
"202100052331";"108Â 178";"B01";"1";"7";"0";"2";"4";"23";"1";""
"202100052332";"108Â 175";"B01";"1";"31";"0";"2";"1";"1";"1";""
"202100052332";"108Â 176";"A01";"1";"7";"0";"2";"3";"9";"1";""
"202100052333";"108Â 173";"B01";"1";"43";"0";"2";"1";"1";"1";""
"202100052333";"108Â 174";"A01";"2";"7";"0";"2";"5";"15";"1";""
"202100052334";"108Â 172";"A01";"3";"7";"0";"1";"1";"0";"2";""
"202100052335";"108Â 170";"Y01";"1";"0";"0";"2";"1";"19";"0";""
"202100052335";"108Â 171";"Z01";"1";"7";"0";"1";"1";"2";"1";""
"202100052336";"108Â 168";"B01";"1";"7";"0";"2";"2";"1";"1";""
"202100052336";"108Â 169";"A01";"2";"7";"0";"2";"1";"1";"1";""
"202100052337";"108Â 167";"A01";"2";"10";"1";"0";"2";"1";"0";""
"202100052338";"108Â 165";"A01";"1";"7";"15";"2";"3";"26";"1";""
"202100052338";"108Â 166";"B01";"2";"7";"0";"2";"3";"1";"0";""
"202100052339";"108Â 163";"B01";"1";"7";"0";"2";"3";"15";"1";""
"202100052339";"108Â 164";"A01";"2";"7";"0";"2";"2";"1";"1";""
"202100052340";"108Â 161";"B01";"0";"7";"0";"2";"3";"2";"1";""
"202100052340";"108Â 162";"A01";"0";"7";"0";"0";"4";"15";"1";""
"202100052341";"108Â 159";"A01";"2";"7";"0";"1";"2";"1";"1";""
"202100052341";"108Â 160";"B01";"2";"7";"0";"2";"2";"17";"1";""
"202100052342";"108Â 157";"A01";"2";"7";"0";"2";"2";"1";"1";""
"202100052342";"108Â 158";"B01";"1";"10";"0";"2";"2";"1";"1";""
"202100052343";"108Â 152";"B01";"0";"7";"0";"2";"1";"15";"1";""
"202100052343";"108Â 153";"A01";"0";"7";"0";"2";"2";"1";"1";""
"202100052344";"108Â 150";"A01";"2";"7";"0";"2";"3";"1";"1";""
"202100052344";"108Â 151";"B01";"1";"31";"0";"2";"1";"13";"1";""
"202100052345";"108Â 148";"B01";"3";"1";"0";"2";"7";"1";"5";""
"202100052345";"108Â 149";"A01";"3";"7";"0";"2";"8";"9";"1";""
"202100052346";"108Â 145";"A01";"1";"7";"12";"0";"9";"1";"1";""
"202100052347";"108Â 144";"A01";"3";"7";"2";"0";"8";"1";"1";""
"202100052348";"108Â 142";"B01";"2";"7";"0";"2";"3";"0";"1";""
"202100052348";"108Â 143";"A01";"1";"7";"0";"2";"1";"5";"1";""
"202100052349";"108Â 141";"A01";"2";"7";"13";"0";"9";"13";"1";""
"202100052350";"108Â 140";"A01";"2";"2";"13";"0";"8";"2";"1";""
"202100052351";"108Â 139";"A01";"1";"7";"3";"0";"9";"1";"1";""
"202100052352";"108Â 138";"A01";"2";"10";"0";"1";"7";"1";"1";""
"202100052353";"108Â 137";"A01";"1";"7";"2";"0";"0";"1";"1";""
"202100052354";"108Â 136";"A01";"1";"7";"7";"0";"1";"1";"1";""
"202100052355";"108Â 135";"A01";"1";"7";"2";"0";"1";"1";"1";""
"202100052356";"108Â 134";"A01";"2";"33";"8";"0";"0";"1";"1";""
"202100052357";"108Â 132";"A01";"1";"7";"0";"2";"3";"1";"1";""
"202100052357";"108Â 133";"B01";"2";"7";"0";"2";"3";"1";"1";""
"202100052358";"108Â 131";"A01";"1";"7";"6";"0";"3";"13";"1";""
"202100052359";"108Â 129";"A01";"2";"7";"0";"2";"1";"15";"1";""
"202100052359";"108Â 130";"B01";"1";"7";"0";"2";"1";"1";"1";""
"202100052360";"108Â 121";"A01";"2";"7";"0";"2";"2";"2";"1";""
"202100052360";"108Â 122";"E01";"2";"7";"0";"2";"1";"2";"0";""
"202100052360";"108Â 123";"B01";"2";"7";"8";"0";"4";"2";"1";""
"202100052360";"108Â 124";"D01";"2";"7";"0";"2";"4";"2";"1";""
"202100052360";"108Â 125";"F01";"2";"7";"0";"2";"1";"2";"1";""
"202100052360";"108Â 126";"G01";"2";"7";"0";"2";"1";"2";"1";""
"202100052360";"108Â 127";"H01";"2";"7";"0";"2";"1";"2";"1";""
"202100052360";"108Â 128";"C01";"2";"7";"0";"2";"1";"2";"1";""
"202100052361";"108Â 119";"B01";"3";"7";"0";"2";"3";"1";"1";""
"202100052361";"108Â 120";"A01";"3";"2";"0";"2";"0";"17";"1";""
"202100052362";"108Â 117";"B01";"1";"7";"0";"0";"4";"2";"1";""
"202100052362";"108Â 118";"A01";"1";"7";"0";"2";"1";"2";"1";""
"202100052363";"108Â 115";"A01";"1";"10";"0";"2";"1";"1";"1";""
"202100052363";"108Â 116";"B01";"1";"7";"0";"2";"4";"1";"1";""
"202100052364";"108Â 113";"B01";"2";"7";"0";"2";"6";"1";"1";""
"202100052364";"108Â 114";"A01";"2";"7";"0";"2";"1";"14";"1";""
"202100052365";"108Â 110";"A01";"1";"7";"0";"2";"3";"18";"1";""
"202100052365";"108Â 111";"B01";"1";"15";"0";"2";"2";"1";"1";""
"202100052365";"108Â 112";"C01";"1";"7";"0";"2";"4";"1";"1";""
"202100052366";"108Â 108";"B01";"2";"7";"0";"2";"4";"2";"1";""
"202100052366";"108Â 109";"A01";"2";"7";"0";"2";"1";"2";"1";""
"202100052367";"108Â 107";"A01";"1";"7";"4";"0";"1";"1";"1";""
"202100052368";"108Â 106";"A01";"2";"7";"4";"0";"8";"1";"1";""
"202100052369";"108Â 105";"A01";"2";"7";"4";"0";"3";"14";"1";""
"202100052370";"108Â 103";"A01";"0";"7";"0";"2";"1";"0";" -1";""
"202100052370";"108Â 104";"B01";"0";"32";"0";"2";"0";"0";" -1";""
"202100052371";"108Â 101";"B01";"2";"33";"0";"2";"5";"23";"1";""
"202100052371";"108Â 102";"A01";"1";"7";"0";"2";"1";"1";"1";""
"202100052372";"108Â 099";"A01";"2";"7";"0";"2";"1";"15";"1";""
"202100052372";"108Â 100";"B01";"2";"31";"0";"2";"2";"1";"1";""
"202100052373";"108Â 097";"A01";"2";"7";"8";"2";"2";"1";"1";""
"202100052373";"108Â 098";"B01";"1";"7";"0";"2";"1";"15";"1";""
"202100052374";"108Â 095";"B01";"1";"1";"0";"2";"1";"1";"5";""
"202100052374";"108Â 096";"A01";"1";"7";"0";"9";"2";"1";"1";""
"202100052375";"108Â 094";"A01";"3";"7";"0";"5";"1";"13";"1";""
"202100052376";"108Â 093";"A01";"1";"7";"0";"1";"7";"1";"1";""
"202100052377";"108Â 091";"B01";"1";"2";"0";"0";"0";"0";"0";""
"202100052377";"108Â 092";"A01";"1";"7";"0";"9";"8";"15";"6";""
"202100052378";"108Â 089";"A01";"2";"7";"0";"2";"2";"15";"1";""
"202100052378";"108Â 090";"B01";"1";"1";"0";"2";"1";"7";"0";""
"202100052379";"108Â 087";"B01";"1";"7";"8";"2";"1";"1";"1";""
"202100052379";"108Â 088";"A01";"3";"7";"0";"2";"1";"1";"1";""
"202100052380";"108Â 085";"B01";"2";"7";"0";"2";"3";"1";"0";""
"202100052380";"108Â 086";"A01";"1";"7";"0";"2";"1";"1";"1";""
"202100052381";"108Â 083";"A01";"3";"7";"0";"2";"2";"9";"1";""
"202100052381";"108Â 084";"B01";"3";"7";"0";"2";"6";"2";"1";""
"202100052382";"108Â 081";"A01";"3";"7";"0";"2";"3";"9";"1";""
"202100052382";"108Â 082";"B01";"2";"14";"0";"2";"5";"1";"1";""
"202100052383";"108Â 078";"C01";"3";"7";"0";"2";"4";"2";"0";""
"202100052383";"108Â 079";"B01";"3";"7";"0";"2";"4";"2";"0";""
"202100052383";"108Â 080";"A01";"3";"7";"0";"2";"2";"2";"0";""
"202100052384";"108Â 075";"C01";"2";"7";"0";"2";"1";"1";"1";""
"202100052384";"108Â 076";"A01";"2";"7";"0";"2";"4";"1";"1";""
"202100052384";"108Â 077";"B01";"2";"7";"0";"2";"3";"1";"1";""
"202100052385";"108Â 074";"A01";"2";"7";"0";"1";"2";"15";"1";""
"202100052386";"108Â 071";"A01";"1";"7";"0";"2";"3";"13";"1";""
"202100052386";"108Â 072";"B01";"1";"7";"0";"2";"8";"1";"1";""
"202100052386";"108Â 073";"C01";"1";"7";"1";"2";"6";"0";"1";""
"202100052387";"108Â 070";"Z01";"1";"30";"1";"1";"0";"21";"0";""
"202100052388";"108Â 069";"A01";"1";"7";"0";"1";"2";"19";"1";""
"202100052389";"108Â 067";"A01";"2";"7";"0";"2";"1";"2";"1";""
"202100052389";"108Â 068";"B01";"1";"7";"0";"2";"4";"2";"2";""
"202100052390";"108Â 065";"A01";"3";"50";"0";"2";"8";"26";"3";""