"Num_Acc";"id_vehicule";"num_veh";"senc";"catv";"obs";"obsm";"choc";"manv";"motor";"occutc"
"202100052390";"108Â 066";"B01";"3";"7";"0";"9";"8";"1";"1";""
"202100052391";"108Â 063";"B01";"3";"7";"0";"2";"1";"2";"1";""
"202100052391";"108Â 064";"A01";"3";"10";"0";"2";"1";"15";"1";""
"202100052392";"108Â 060";"A01";"1";"7";"0";"2";"1";"1";"1";""
"202100052392";"108Â 061";"B01";"1";"7";"0";"2";"4";"1";"1";""
"202100052392";"108Â 062";"C01";"1";"7";"0";"2";"4";"1";"1";""
"202100052393";"108Â 058";"B01";"2";"1";"0";"2";"8";"19";"5";""
"202100052393";"108Â 059";"A01";"1";"7";"0";"2";"1";"1";"2";""
"202100052394";"108Â 056";"A01";"3";"7";"0";"2";"2";"26";"1";""
"202100052394";"108Â 057";"B01";"2";"1";"0";"2";"1";"5";"0";""
"202100052395";"108Â 054";"A01";"2";"7";"0";"2";"2";"17";"1";""
"202100052395";"108Â 055";"B01";"2";"7";"0";"2";"8";"15";"1";""
"202100052396";"108Â 052";"A01";"1";"7";"0";"2";"2";"15";"1";""
"202100052396";"108Â 053";"B01";"1";"34";"0";"2";"1";"18";"1";""
"202100052397";"108Â 051";"A01";"3";"10";"0";"1";"4";"4";"1";""
"202100052398";"108Â 050";"A01";"2";"7";"0";"1";"1";"1";"1";""
"202100052399";"108Â 048";"A01";"0";"7";"0";"2";"3";"20";"1";""
"202100052399";"108Â 049";"B01";"0";"50";"0";"2";"5";"1";"3";""
"202100052400";"108Â 046";"A01";"0";"7";"0";"2";"1";"1";"1";""
"202100052400";"108Â 047";"B01";"0";"7";"0";"2";"4";"1";"1";""
"202100052401";"108Â 045";"A01";"1";"7";"1";"0";"2";"9";"1";""
"202100052402";"108Â 044";"A01";"0";"7";"0";"1";"1";"1";"1";""
"202100052403";"108Â 042";"A01";"1";"30";"0";"2";"1";"2";"1";""
"202100052403";"108Â 043";"B01";"1";"7";"0";"2";"4";"23";"1";""
"202100052404";"108Â 040";"A01";"0";"7";"0";"2";"3";"15";"1";""
"202100052404";"108Â 041";"Z01";"0";"7";"0";"2";"2";"1";"1";""
"202100052405";"108Â 038";"B01";"2";"7";"0";"2";"1";"2";"1";""
"202100052405";"108Â 039";"A01";"2";"10";"0";"2";"4";"23";"1";""
"202100052406";"108Â 037";"A01";"2";"99";"6";"0";"9";"1";"1";""
"202100052407";"108Â 035";"B01";"1";"7";"0";"2";"3";"19";"1";""
"202100052407";"108Â 036";"A01";"1";"7";"0";"2";"1";"19";"1";""
"202100052408";"108Â 033";"B01";"3";"30";"0";"2";"1";"1";"1";""
"202100052408";"108Â 034";"A01";"3";"7";"0";"2";"6";"19";"1";""
"202100052409";"108Â 031";"B01";"1";"1";"0";"2";"1";"15";"5";""
"202100052409";"108Â 032";"Z01";"1";"7";"0";"2";"2";"26";"1";""
"202100052410";"108Â 030";"A01";"1";"7";"0";"1";"1";"26";"1";""
"202100052411";"108Â 028";"A01";"1";"33";"0";"2";"3";"2";"1";""
"202100052411";"108Â 029";"B01";"1";"10";"0";"2";"6";"2";"1";""
"202100052412";"108Â 026";"A01";"1";"7";"0";"2";"6";"20";"1";""
"202100052412";"108Â 027";"B01";"1";"1";"0";"2";"1";"1";"5";""
"202100052413";"108Â 025";"A01";"1";"30";"0";"1";"2";"1";"1";""
"202100052414";"108Â 023";"B01";"2";"7";"0";"2";"7";"1";"1";""
"202100052414";"108Â 024";"A01";"2";"7";"0";"2";"8";"9";"1";""
"202100052415";"108Â 020";"B01";"1";"7";"0";"2";"4";"2";"1";""
"202100052415";"108Â 021";"C01";"1";"7";"0";"2";"4";"2";"1";""
"202100052415";"108Â 022";"A01";"1";"7";"0";"2";"1";"2";"1";""
"202100052416";"108Â 018";"B01";"2";"50";"0";"2";"2";"1";"3";""
"202100052416";"108Â 019";"A01";"2";"7";"0";"2";"3";"1";"1";""
"202100052417";"108Â 017";"A01";"1";"1";"0";"1";"1";"1";"5";""
"202100052418";"108Â 016";"A01";"1";"7";"0";"1";"2";"1";"1";""
"202100052419";"108Â 013";"C01";"2";"10";"0";"2";"1";"5";"1";""
"202100052419";"108Â 014";"B01";"1";"7";"0";"2";"6";"2";"1";""
"202100052419";"108Â 015";"A01";"1";"30";"0";"2";"1";"26";"1";""
"202100052420";"108Â 011";"A01";"1";"7";"0";"2";"1";"1";"1";""
"202100052420";"108Â 012";"B01";"3";"1";"0";"2";"8";"19";"5";""
"202100052421";"108Â 010";"A01";"2";"7";"13";"0";"2";"14";"1";""
"202100052422";"108Â 009";"A01";"0";"2";"0";"1";"7";"1";"1";""
"202100052423";"108Â 007";"B01";"1";"7";"0";"9";"8";"16";"1";""
"202100052423";"108Â 008";"A01";"1";"50";"0";"2";"1";"25";"3";""
"202100052424";"108Â 005";"Z01";"2";"7";"0";"9";"0";"1";"0";""
"202100052424";"108Â 006";"B01";"2";"1";"0";"2";"4";"1";"5";""
"202100052425";"108Â 004";"A01";"1";"7";"0";"1";"8";"1";"1";""
"202100052426";"108Â 002";"B01";"1";"50";"0";"2";"1";"26";"3";""
"202100052426";"108Â 003";"A01";"1";"7";"0";"9";"1";"15";"1";""
"202100052427";"108Â 001";"A01";"2";"33";"0";"0";"7";"16";"1";""
"202100052428";"107Â 999";"A01";"2";"2";"0";"2";"1";"17";"1";""
"202100052428";"108Â 000";"B01";"2";"7";"0";"2";"6";"15";"1";""
"202100052429";"107Â 997";"B01";"2";"7";"0";"2";"2";"23";"1";""
"202100052429";"107Â 998";"A01";"2";"30";"0";"2";"1";"18";"1";""
"202100052430";"107Â 995";"A01";"1";"2";"0";"2";"1";"15";"1";""
"202100052430";"107Â 996";"B01";"2";"7";"0";"2";"3";"1";"2";""
"202100052431";"107Â 993";"B01";"3";"33";"0";"2";"1";"1";"1";""
"202100052431";"107Â 994";"A01";"3";"10";"0";"2";"4";"4";"1";""
"202100052432";"107Â 992";"A01";"1";"7";"0";"1";"1";"1";"1";""
"202100052433";"107Â 990";"B01";"1";"34";"0";"2";"1";"1";"1";""
"202100052433";"107Â 991";"A01";"1";"7";"0";"2";"2";"15";"1";""
"202100052434";"107Â 988";"B01";"3";"7";"0";"2";"1";"1";"1";""
"202100052434";"107Â 989";"A01";"1";"7";"0";"2";"7";"26";"1";""
"202100052435";"107Â 987";"A01";"3";"7";"8";"0";"3";"0";"1";""
"202100052436";"107Â 986";"A01";"3";"99";"0";"1";"5";"1";"1";""
"202100052437";"107Â 983";"A01";"3";"7";"0";"2";"2";"15";"1";""
"202100052437";"107Â 984";"C01";"2";"7";"0";"2";"8";"1";"1";""
"202100052437";"107Â 985";"B01";"1";"7";"0";"2";"3";"1";"1";""
"202100052438";"107Â 981";"B01";"3";"33";"0";"2";"1";"1";"1";""
"202100052438";"107Â 982";"A01";"1";"10";"0";"2";"3";"15";"1";""
"202100052439";"107Â 979";"A01";"1";"33";"0";"2";"1";"17";"1";""
"202100052439";"107Â 980";"B01";"2";"31";"0";"2";"3";"9";"1";""
"202100052440";"107Â 977";"B01";"1";"7";"0";"1";"1";"1";"1";""
"202100052440";"107Â 978";"A01";"1";"7";"0";"1";"1";"1";"1";""
"202100052441";"107Â 974";"B01";"2";"7";"0";"2";"4";"0";"1";""
"202100052441";"107Â 975";"Z01";"2";"7";"0";"2";"4";"15";"1";""
"202100052441";"107Â 976";"A01";"2";"7";"0";"0";"1";"0";"1";""
"202100052442";"107Â 972";"A01";"1";"7";"0";"2";"1";"1";"1";""
"202100052442";"107Â 973";"B01";"1";"7";"0";"2";"6";"1";"1";""
"202100052443";"107Â 971";"A01";"1";"33";"0";"0";"8";"1";"1";""
"202100052444";"107Â 970";"A01";"2";"7";"0";"1";"2";"1";"1";""
"202100052445";"107Â 968";"B01";"2";"34";"0";"2";"1";"1";"1";""
"202100052445";"107Â 969";"A01";"0";"10";"0";"2";"2";"15";"1";""
"202100052446";"107Â 966";"B01";"2";"7";"0";"2";"1";"1";"1";""
"202100052446";"107Â 967";"A01";"1";"7";"0";"2";"1";"17";"1";""
"202100052447";"107Â 964";"B01";"1";"7";"0";"2";"7";"26";"1";""
"202100052447";"107Â 965";"A01";"1";"7";"0";"2";"1";"26";"1";""
"202100052448";"107Â 962";"B01";"2";"7";"0";"2";"2";"1";"1";""
"202100052448";"107Â 963";"A01";"2";"7";"0";"2";"1";"15";"1";""
"202100052449";"107Â 960";"B01";"3";"1";"0";"2";"5";"9";"5";""
"202100052449";"107Â 961";"A01";"3";"7";"0";"9";"5";"9";"0";""
"202100052450";"107Â 959";"A01";"2";"2";"0";"0";"7";"23";"1";""
"202100052451";"107Â 958";"A01";"0";"7";"10";"0";"3";"1";"1";""
"202100052452";"107Â 956";"A01";"3";"10";"0";"2";"3";"15";"1";""
"202100052452";"107Â 957";"B01";"3";"33";"0";"2";"1";"17";"1";""
"202100052453";"107Â 954";"B01";"1";"7";"0";"2";"4";"23";"1";""
"202100052453";"107Â 955";"A01";"1";"10";"0";"2";"1";"1";"1";""
"202100052454";"107Â 953";"A01";"1";"33";"0";"1";"1";"17";"1";""
"202100052455";"107Â 951";"A01";"2";"7";"0";"2";"7";"16";"1";""
"202100052455";"107Â 952";"B01";"2";"32";"0";"2";"1";"1";"1";""
"202100052456";"107Â 950";"A01";"1";"7";"8";"0";"1";"21";"1";""
"202100052457";"107Â 948";"A01";"1";"7";"0";"2";"2";"15";"1";""
"202100052457";"107Â 949";"B01";"1";"31";"0";"2";"1";"1";"1";""
"202100052458";"107Â 947";"A01";"1";"7";"0";"1";"1";"1";"1";""
"202100052459";"107Â 945";"A01";"2";"30";"0";"2";"1";"1";"1";""
"202100052459";"107Â 946";"B01";"2";"30";"0";"2";"8";"1";"3";""
"202100052460";"107Â 944";"A01";"1";"7";"0";"1";"1";"1";"1";""
"202100052461";"107Â 942";"B01";"3";"33";"0";"2";"3";"1";"1";""
"202100052461";"107Â 943";"A01";"3";"7";"0";"2";"7";"15";"1";""
"202100052462";"107Â 940";"A01";"1";"31";"0";"2";"1";"1";"3";""
"202100052462";"107Â 941";"B01";"1";"1";"0";"2";"7";"15";"5";""
"202100052463";"107Â 938";"B01";"2";"1";"0";"2";"7";"10";"5";""
"202100052463";"107Â 939";"Z01";"0";"30";"0";"2";"0";"0";"0";""
"202100052464";"107Â 936";"A01";"3";"7";"0";"2";"2";"1";"1";""
"202100052464";"107Â 937";"B01";"3";"7";"0";"2";"1";"1";"1";""
"202100052465";"107Â 934";"A01";"3";"7";"0";"2";"3";"1";"1";""
"202100052465";"107Â 935";"B01";"0";"50";"0";"2";"0";"19";"3";""
"202100052466";"107Â 932";"B01";"2";"2";"0";"2";"2";"2";"1";""
"202100052466";"107Â 933";"A01";"2";"10";"0";"2";"6";"18";"1";""
"202100052467";"107Â 930";"A01";"2";"10";"0";"2";"2";"12";"1";""
"202100052467";"107Â 931";"B01";"2";"1";"0";"2";"4";"1";"0";""
"202100052468";"107Â 928";"A01";"1";"7";"0";"2";"7";"12";"1";""
"202100052468";"107Â 929";"B01";"1";"1";"0";"2";"8";"26";"5";""
"202100052469";"107Â 927";"A01";"1";"37";"0";"1";"7";"26";"0";"1"
"202100052470";"107Â 926";"A01";"1";"7";"0";"1";"3";"15";"2";""
"202100052471";"107Â 924";"B01";"1";"1";"0";"2";"0";"0";"0";""
"202100052471";"107Â 925";"A01";"3";"7";"0";"9";"5";"12";"0";""
"202100052472";"107Â 922";"B01";"2";"32";"0";"2";"8";"18";"1";""
"202100052472";"107Â 923";"A01";"1";"7";"0";"2";"7";"19";"1";""
"202100052473";"107Â 920";"A01";"1";"7";"0";"9";"1";"1";"1";""
"202100052473";"107Â 921";"B01";"2";"1";"0";"2";"1";"1";"0";""
"202100052474";"107Â 919";"A01";"2";"3";"0";"1";"1";"1";"1";""
"202100052475";"107Â 918";"A01";"2";"7";"0";"1";"2";"1";"1";""
"202100052476";"107Â 917";"A01";"2";"10";"0";"1";"7";"1";"1";""
"202100052477";"107Â 915";"B01";"3";"7";"0";"2";"4";"1";"2";""
"202100052477";"107Â 916";"A01";"3";"7";"0";"2";"1";"2";"1";""
"202100052478";"107Â 914";"A01";"1";"7";"0";"1";"1";"16";"1";""
"202100052479";"107Â 913";"A01";"1";"7";"0";"1";"8";"22";"1";""
"202100052480";"107Â 912";"A01";"2";"7";"15";"0";"1";"14";"1";""
"202100052481";"107Â 910";"A01";"1";"7";"0";"2";"7";"15";"1";""
"202100052481";"107Â 911";"B01";"2";"7";"0";"2";"2";"1";"1";""
"202100052482";"107Â 909";"A01";"2";"7";"13";"0";"1";"15";"1";""
"202100052483";"107Â 907";"A01";"3";"7";"0";"2";"3";"1";"1";""
"202100052483";"107Â 908";"B01";"3";"7";"0";"2";"3";"1";"1";""
"202100052484";"107Â 906";"A01";"1";"7";"15";"0";"1";"1";"1";""
"202100052485";"107Â 905";"A01";"1";"7";"0";"0";"0";"2";"1";""
"202100052486";"107Â 903";"B01";"2";"7";"0";"2";"1";"1";"1";""
"202100052486";"107Â 904";"A01";"1";"7";"0";"2";"1";"3";"1";""
"202100052487";"107Â 902";"A01";"1";"7";"0";"1";"2";"1";"1";""
"202100052488";"107Â 901";"A01";"1";"7";"4";"0";"3";"2";"1";""
"202100052489";"107Â 900";"A01";"1";"7";"2";"0";"8";"12";"0";""
"202100052490";"107Â 899";"A01";"3";"7";"0";"1";"2";"11";"1";""
"202100052491";"107Â 897";"A01";"1";"7";"0";"2";"2";"1";"1";""
"202100052491";"107Â 898";"B01";"1";"7";"0";"2";"8";"15";"1";""
"202100052492";"107Â 895";"A01";"2";"10";"0";"2";"3";"13";"1";""
"202100052492";"107Â 896";"B01";"1";"7";"0";"2";"1";"1";"1";""
"202100052493";"107Â 893";"A01";"2";"7";"0";"2";"3";"15";"0";""
"202100052493";"107Â 894";"B01";"1";"7";"0";"2";"2";"1";"0";""
"202100052494";"107Â 891";"A01";"1";"7";"0";"2";"2";"17";"1";""
"202100052494";"107Â 892";"B01";"1";"1";"0";"0";"4";"2";"5";""
"202100052495";"107Â 889";"A01";"2";"7";"0";"2";"1";"5";"1";""
"202100052495";"107Â 890";"B01";"1";"7";"0";"2";"1";"1";"1";""
"202100052496";"107Â 887";"B01";"1";"7";"0";"2";"1";"9";"1";""
"202100052496";"107Â 888";"A01";"2";"7";"3";"2";"3";"1";"1";""
"202100052497";"107Â 886";"A01";"2";"7";"0";"0";"2";"1";"1";""
"202100052498";"107Â 884";"B01";"0";"10";"0";"2";"1";"1";"1";""
"202100052498";"107Â 885";"A01";"0";"7";"0";"2";"1";"13";"1";""
"202100052499";"107Â 882";"A01";"1";"50";"0";"2";"1";"5";"3";""
"202100052499";"107Â 883";"B01";"2";"7";"0";"2";"1";"1";"1";""
"202100052500";"107Â 880";"A01";"2";"10";"0";"2";"1";"2";"1";""
"202100052500";"107Â 881";"B01";"2";"7";"0";"0";"4";"2";"1";""
"202100052501";"107Â 878";"B01";"3";"32";"0";"2";"4";"2";"1";""
"202100052501";"107Â 879";"A01";"3";"7";"0";"9";"1";"2";"1";""
"202100052502";"107Â 876";"B01";"1";"7";"0";"2";"3";"1";"1";""
"202100052502";"107Â 877";"A01";"2";"7";"0";"2";"3";"1";"1";""
"202100052503";"107Â 874";"B01";"2";"7";"0";"2";"5";"1";"1";""
"202100052503";"107Â 875";"A01";"1";"7";"2";"2";"3";"1";"1";""
"202100052504";"107Â 872";"A01";"3";"10";"0";"2";"3";"9";"0";""
"202100052504";"107Â 873";"B01";"0";"33";"0";"2";"1";"1";"1";""
"202100052505";"107Â 868";"A01";"0";"7";"0";"2";"1";"15";"1";""
"202100052505";"107Â 869";"B01";"0";"7";"0";"2";"3";"1";"1";""
"202100052506";"107Â 867";"A01";"1";"7";"8";"0";"2";"1";"1";""
"202100052507";"107Â 865";"A01";"1";"33";"0";"2";"1";"17";"1";""
"202100052507";"107Â 866";"B01";"1";"7";"0";"2";"3";"15";"1";""
"202100052508";"107Â 864";"A01";"2";"7";"6";"0";"1";"16";"1";""
"202100052509";"107Â 862";"A01";"2";"7";"0";"2";"6";"26";"3";""
"202100052509";"107Â 863";"B01";"2";"7";"0";"2";"2";"2";"1";""
"202100052510";"107Â 858";"D01";"1";"7";"0";"2";"4";"1";"1";""
"202100052510";"107Â 859";"C01";"1";"7";"0";"2";"4";"1";"1";""
"202100052510";"107Â 860";"A01";"1";"10";"0";"2";"1";"12";"1";""
"202100052510";"107Â 861";"B01";"1";"7";"3";"2";"4";"1";"1";""
"202100052511";"107Â 856";"A01";"2";"7";"0";"2";"6";"11";"1";""
"202100052511";"107Â 857";"B01";"2";"32";"0";"2";"2";"3";"1";""
"202100052512";"107Â 854";"B01";"2";"7";"0";"2";"8";"1";"1";""
"202100052512";"107Â 855";"Z01";"1";"7";"0";"2";"8";"15";"1";""
"202100052513";"107Â 852";"A01";"2";"7";"0";"2";"8";"15";"1";""
"202100052513";"107Â 853";"B01";"1";"2";"0";"2";"3";"1";"1";""
"202100052514";"107Â 850";"B01";"1";"32";"0";"2";"1";"1";"1";""
"202100052514";"107Â 851";"A01";"2";"1";"0";"2";"1";"1";"5";""
"202100052515";"107Â 849";"A01";"2";"7";"0";"0";"1";"14";"1";""
"202100052516";"107Â 848";"A01";"1";"31";"0";"1";"0";"1";"1";""
"202100052517";"107Â 846";"A01";"1";"7";"0";"2";"2";"12";"1";""
"202100052517";"107Â 847";"B01";"1";"33";"0";"2";"3";"3";"1";""
"202100052518";"107Â 844";"B01";"1";"1";"0";"2";"1";"13";"5";""
"202100052518";"107Â 845";"A01";"1";"7";"0";"2";"2";"15";"1";""
"202100052519";"107Â 843";"A01";"1";"7";"0";"1";"3";"1";"1";""
"202100052520";"107Â 842";"A01";"1";"1";"0";"1";"1";"18";"5";""
"202100052521";"107Â 840";"B01";"3";"37";"0";"2";"7";"1";"1";"1"
"202100052521";"107Â 841";"A01";"3";"7";"0";"2";"1";"9";"1";""
"202100052522";"107Â 838";"A01";"1";"7";"0";"2";"5";"0";"1";""
"202100052522";"107Â 839";"B01";"1";"2";"0";"2";"8";"13";"1";""
"202100052523";"107Â 837";"A01";"2";"7";"0";"1";"2";"1";"1";""
"202100052524";"107Â 835";"B01";"0";"50";"0";"2";"1";"15";"3";""
"202100052524";"107Â 836";"A01";"0";"7";"0";"2";"0";"17";"1";""
"202100052525";"107Â 833";"A01";"2";"7";"0";"2";"3";"15";"1";""
"202100052525";"107Â 834";"B01";"2";"1";"0";"2";"1";"1";"6";""
"202100052526";"107Â 830";"A01";"2";"10";"0";"1";"2";"1";"1";""
"202100052527";"107Â 825";"B01";"2";"7";"0";"2";"5";"0";"1";""
"202100052527";"107Â 826";"A01";"2";"7";"0";"2";"3";"0";"1";""
"202100052528";"107Â 824";"A01";"1";"40";"0";"0";"0";"9";"3";""
"202100052529";"107Â 822";"B01";"1";"30";"0";"2";"1";"1";"1";""
"202100052529";"107Â 823";"A01";"2";"7";"0";"2";"2";"15";"1";""
"202100052530";"107Â 821";"A01";"1";"7";"13";"0";"1";"14";"1";""
"202100052531";"107Â 819";"A01";"1";"3";"0";"2";"1";"1";"1";""
"202100052531";"107Â 820";"B01";"2";"7";"0";"2";"3";"1";"1";""
"202100052532";"107Â 818";"A01";"0";"7";"0";"0";"1";"1";"1";""
"202100052533";"107Â 816";"B01";"2";"7";"8";"2";"8";"1";"1";""
"202100052533";"107Â 817";"A01";"2";"7";"8";"2";"1";"1";"1";""
"202100052534";"107Â 814";"B01";"2";"33";"0";"2";"1";"1";"1";""
"202100052534";"107Â 815";"A01";"3";"7";"0";"2";"7";"1";"1";""
"202100052535";"107Â 813";"A01";"3";"10";"0";"1";"1";"26";"1";""
"202100052536";"107Â 812";"A01";"1";"7";"0";"1";"3";"1";"1";""
"202100052537";"107Â 810";"A01";"2";"7";"0";"2";"1";"13";"1";""
"202100052537";"107Â 811";"B01";"1";"7";"0";"2";"1";"1";"1";""
"202100052538";"107Â 808";"A01";"1";"7";"0";"2";"1";"15";"2";""
"202100052538";"107Â 809";"B01";"1";"2";"0";"2";"7";"0";"1";""
"202100052539";"107Â 806";"A01";"1";"1";"0";"2";"1";"26";"5";""
"202100052539";"107Â 807";"B01";"1";"7";"0";"2";"0";"1";"1";""
"202100052540";"107Â 804";"A01";"3";"7";"0";"9";"1";"16";"1";""
"202100052540";"107Â 805";"B01";"3";"1";"0";"2";"7";"1";"5";""
"202100052541";"107Â 803";"A01";"2";"7";"15";"0";"1";"1";"1";""
"202100052542";"107Â 801";"A01";"1";"7";"0";"2";"2";"10";"1";""
"202100052542";"107Â 802";"B01";"2";"33";"0";"2";"1";"1";"1";""
"202100052543";"107Â 800";"A01";"1";"80";"0";"0";"0";"0";"3";""
"202100052544";"107Â 798";"A01";"3";"7";"0";"2";"3";"9";"1";""
"202100052544";"107Â 799";"B01";"3";"1";"0";"2";"7";"0";"5";""
"202100052545";"107Â 797";"A01";"3";"7";"0";"1";"2";"1";"1";""
"202100052546";"107Â 795";"A01";"3";"7";"0";"2";"1";"15";"1";""
"202100052546";"107Â 796";"B01";"1";"80";"0";"2";"8";"1";"3";""
"202100052547";"107Â 792";"A01";"1";"15";"0";"2";"1";"2";"1";""
"202100052547";"107Â 793";"B01";"1";"7";"0";"2";"4";"1";"1";""
"202100052547";"107Â 794";"C01";"1";"15";"0";"2";"4";"1";"1";""
"202100052548";"107Â 790";"B01";"2";"7";"0";"0";"4";"2";"1";""
"202100052548";"107Â 791";"A01";"2";"7";"0";"2";"1";"2";"1";""
"202100052549";"107Â 788";"B01";"2";"7";"0";"0";"0";"0";"1";""
"202100052549";"107Â 789";"A01";"1";"1";"0";"2";"0";"13";"0";""
"202100052550";"107Â 787";"A01";"2";"7";"0";"1";"3";"9";"1";""
"202100052551";"107Â 786";"A01";"1";"7";"3";"0";"2";"1";"1";""
"202100052552";"107Â 784";"B01";"1";"7";"0";"2";"2";"16";"1";""
"202100052552";"107Â 785";"A01";"1";"30";"0";"2";"1";"18";"1";""
"202100052553";"107Â 783";"A01";"1";"15";"0";"1";"0";"26";"1";""
"202100052554";"107Â 781";"A01";"2";"10";"0";"2";"8";"13";"1";""
"202100052554";"107Â 782";"B01";"2";"33";"0";"2";"7";"1";"1";""
"202100052555";"107Â 779";"B01";"3";"7";"0";"2";"7";"1";"1";""
"202100052555";"107Â 780";"A01";"3";"7";"0";"2";"1";"9";"1";""
"202100052556";"107Â 778";"Z01";"2";"32";"0";"1";"0";"1";"0";""
"202100052557";"107Â 776";"B01";"2";"7";"0";"2";"6";"15";"1";""
"202100052557";"107Â 777";"A01";"2";"30";"0";"2";"1";"17";"1";""
"202100052558";"107Â 774";"A01";"1";"32";"0";"2";"1";"1";"1";""
"202100052558";"107Â 775";"B01";"1";"7";"0";"2";"2";"10";"1";""
"202100052559";"107Â 773";"Z01";"1";"7";"0";"1";"1";"2";"1";""
"202100052560";"107Â 771";"B01";"2";"7";"0";"2";"1";"1";"1";""
"202100052560";"107Â 772";"A01";"1";"30";"0";"2";"7";"1";"1";""
"202100052561";"107Â 769";"A01";"3";"10";"0";"2";"1";"2";"1";""
"202100052561";"107Â 770";"B01";"3";"7";"0";"2";"4";"23";"1";""
"202100052562";"107Â 767";"B01";"1";"7";"0";"2";"1";"9";"1";""
"202100052562";"107Â 768";"A01";"2";"33";"0";"2";"1";"8";"1";""
"202100052563";"107Â 765";"B01";"2";"7";"0";"2";"7";"20";"1";""
"202100052563";"107Â 766";"A01";"2";"30";"1";"2";"1";"1";"1";""
"202100052564";"107Â 763";"A01";"2";"33";"0";"2";"1";"17";"1";""
"202100052564";"107Â 764";"B01";"2";"10";"0";"2";"3";"15";"1";""
"202100052565";"107Â 762";"A01";"1";"10";"0";"1";"5";"1";"1";""
"202100052566";"107Â 760";"B01";"3";"37";"0";"2";"5";"21";"2";"1"
"202100052566";"107Â 761";"A01";"3";"7";"0";"2";"8";"22";"1";""
"202100052567";"107Â 759";"A01";"1";"33";"0";"1";"1";"1";"1";""
"202100052568";"107Â 758";"A01";"1";"7";"0";"1";"2";"1";"1";""
"202100052569";"107Â 757";"A01";"3";"1";"0";"1";"1";"1";"5";""
"202100052570";"107Â 755";"B01";"1";"1";"0";"2";"1";"13";"5";""
"202100052570";"107Â 756";"A01";"2";"2";"0";"2";"1";"1";"1";""
"202100052571";"107Â 754";"A01";"2";"1";"0";"1";"7";"1";"5";""
"202100052572";"107Â 752";"B01";"0";"30";"0";"2";"1";"3";"1";""
"202100052572";"107Â 753";"A01";"3";"32";"0";"2";"8";"11";"1";""
"202100052573";"107Â 750";"B01";"2";"7";"0";"2";"6";"23";"1";""
"202100052573";"107Â 751";"A01";"2";"30";"0";"2";"2";"1";"1";""
"202100052574";"107Â 748";"A01";"2";"33";"0";"2";"6";"1";"1";""
"202100052574";"107Â 749";"B01";"2";"1";"0";"2";"6";"15";"5";""
"202100052575";"107Â 746";"A01";"1";"30";"0";"2";"3";"13";"1";""
"202100052575";"107Â 747";"B01";"1";"33";"0";"2";"2";"1";"1";""
"202100052576";"107Â 745";"A01";"2";"1";"0";"1";"2";"1";"5";""
"202100052577";"107Â 744";"A01";"1";"2";"14";"0";"7";"1";"1";""
"202100052578";"107Â 743";"A01";"2";"30";"0";"0";"7";"1";"1";""
"202100052579";"107Â 741";"A01";"1";"7";"0";"2";"2";"16";"1";""
"202100052579";"107Â 742";"B01";"1";"1";"0";"2";"1";"1";"5";""
"202100052580";"107Â 739";"B01";"2";"7";"0";"1";"1";"1";"1";""
"202100052580";"107Â 740";"A01";"2";"2";"0";"1";"0";"0";"0";""
"202100052581";"107Â 738";"A01";"1";"1";"0";"1";"7";"1";"5";""
"202100052582";"107Â 736";"B01";"3";"7";"0";"2";"8";"15";"1";""
"202100052582";"107Â 737";"A01";"3";"31";"0";"2";"7";"15";"1";""
"202100052583";"107Â 735";"B01";"1";"7";"1";"2";"2";"1";"1";""
"202100052584";"107Â 733";"B01";"1";"7";"0";"2";"3";"15";"1";""
"202100052584";"107Â 734";"A01";"1";"2";"0";"2";"1";"17";"1";""
"202100052585";"107Â 731";"A01";"2";"7";"15";"0";"2";"13";"1";""
"202100052585";"107Â 732";"B01";"2";"1";"0";"0";"0";"0";"5";""
"202100052586";"107Â 730";"A01";"3";"33";"3";"0";"1";"17";"1";""
"202100052587";"107Â 728";"B01";"2";"7";"15";"0";"4";"2";"1";""
"202100052587";"107Â 729";"A01";"2";"7";"15";"0";"1";"2";"1";""
"202100052588";"107Â 725";"C01";"2";"50";"0";"2";"9";"16";"3";""
"202100052588";"107Â 726";"A01";"1";"10";"0";"2";"3";"9";"1";""
"202100052588";"107Â 727";"B01";"2";"7";"0";"2";"6";"2";"1";""
"202100052589";"107Â 723";"B01";"3";"7";"0";"0";"8";"15";"1";""
"202100052589";"107Â 724";"A01";"3";"7";"0";"2";"1";"1";"1";""
"202100052590";"107Â 721";"A01";"0";"7";"0";"0";"0";"0";"1";""
"202100052590";"107Â 722";"B01";"0";"20";"0";"0";"0";"0";"0";""
"202100052591";"107Â 719";"B01";" -1";"7";"0";"2";"5";"15";"1";""
"202100052591";"107Â 720";"A01";" -1";"7";"0";"2";"7";"1";"2";""
"202100052592";"107Â 717";"A01";"2";"7";"0";"2";"1";"2";"1";""
"202100052592";"107Â 718";"B01";"2";"7";"0";"2";"4";"2";"1";""
"202100052593";"107Â 715";"B01";" -1";"10";"0";"2";"3";"10";"1";""
"202100052593";"107Â 716";"A01";" -1";"7";"0";"2";"2";"1";"1";""
"202100052594";"107Â 713";"A01";"0";"7";"0";"2";"2";"16";"1";""
"202100052594";"107Â 714";"MB01";"3";"7";"0";"2";"3";"0";"0";""
"202100052595";"107Â 711";"A01";"1";"7";"0";"2";"3";"15";"1";""
"202100052595";"107Â 712";"B01";"1";"32";"0";"2";"1";"1";"1";""