"Num_Acc";"id_vehicule";"num_veh";"senc";"catv";"obs";"obsm";"choc";"manv";"motor";"occutc"
"202100052596";"107Â 709";"B01";"2";"7";"0";"2";"6";"15";"1";""
"202100052596";"107Â 710";"A01";"2";"2";"0";"2";"2";"0";"1";""
"202100052597";"107Â 707";"A01";"3";"7";"0";"2";"1";"15";"1";""
"202100052597";"107Â 708";"B01";"3";"32";"0";"2";"1";"1";"1";""
"202100052598";"107Â 705";"B01";"3";"10";"0";"2";"2";"10";"1";""
"202100052598";"107Â 706";"A01";"3";"31";"0";"2";"1";"1";"1";""
"202100052599";"107Â 703";"B01";"1";"33";"0";"2";"1";"1";"1";""
"202100052599";"107Â 704";"A01";"3";"21";"0";"2";"4";"19";"1";""
"202100052600";"107Â 701";"B01";"1";"7";"6";"2";"7";"1";"1";""
"202100052600";"107Â 702";"A01";"1";"7";"6";"2";"1";"19";"1";""
"202100052601";"107Â 700";"A01";"2";"7";"0";"1";"2";"1";"1";""
"202100052602";"107Â 698";"A01";"1";"17";"0";"0";"6";"24";"1";""
"202100052602";"107Â 699";"B01";"1";"17";"1";"0";"2";"26";"1";""
"202100052603";"107Â 696";"B01";"2";"7";"0";"0";"1";"1";"1";""
"202100052603";"107Â 697";"A01";"1";"7";"4";"0";"1";"1";"1";""
"202100052604";"107Â 694";"B01";"2";"33";"0";"2";"1";"1";"1";""
"202100052604";"107Â 695";"A01";"1";"21";"0";"2";"7";"15";"1";""
"202100052605";"107Â 692";"A01";"1";"1";"0";"2";"1";"1";"5";""
"202100052605";"107Â 693";"B01";"2";"10";"0";"9";"8";"1";"1";""
"202100052606";"107Â 686";"A01";"2";"7";"0";"2";"1";"2";"1";""
"202100052606";"107Â 687";"B01";"2";"7";"0";"2";"4";"2";"1";""
"202100052606";"107Â 688";"C01";"2";"7";"0";"2";"4";"2";"1";""
"202100052606";"107Â 689";"D01";"2";"7";"0";"2";"4";"2";"1";""
"202100052606";"107Â 690";"E01";"2";"7";"0";"2";"4";"2";"1";""
"202100052606";"107Â 691";"F01";"2";"7";"0";"2";"4";"2";"1";""
"202100052607";"107Â 685";"A01";"3";"31";"8";"0";"1";"1";"1";""
"202100052608";"107Â 683";"A01";"1";"3";"0";"2";"7";"2";"3";""
"202100052608";"107Â 684";"B01";"1";"1";"0";"2";"8";"2";"5";""
"202100052609";"107Â 682";"A01";"2";"7";"2";"0";"1";"14";"1";""
"202100052610";"107Â 680";"B01";"1";"2";"0";"2";"4";"1";"1";""
"202100052610";"107Â 681";"A01";"1";"7";"0";"2";"1";"1";"1";""
"202100052611";"107Â 678";"A01";"2";"10";"0";"2";"8";"15";"1";""
"202100052611";"107Â 679";"B01";"1";"2";"0";"2";"1";"1";"1";""
"202100052612";"107Â 677";"A01";"1";"7";"2";"6";"1";"1";"1";""
"202100052613";"107Â 676";"A01";"2";"7";"13";"0";"2";"1";"1";""
"202100052614";"107Â 675";"A01";"1";"7";"0";"1";"3";"1";"1";""
"202100052615";"107Â 674";"A01";"2";"7";"12";"0";"2";"1";"0";""
"202100052616";"107Â 673";"A01";"3";"7";"0";"1";"7";"2";"0";""
"202100052617";"107Â 672";"A01";"1";"7";"6";"0";"2";"14";"1";""
"202100052618";"107Â 670";"A01";"2";"7";"0";"2";"8";"15";"1";""
"202100052618";"107Â 671";"B01";"1";"1";"0";"2";"1";"1";"5";""
"202100052619";"107Â 668";"A01";"2";"7";"0";"2";"1";"1";"1";""
"202100052619";"107Â 669";"B01";"2";"1";"0";"0";"4";"1";"5";""
"202100052620";"107Â 666";"A01";"1";"10";"0";"0";"3";"17";"1";""
"202100052620";"107Â 667";"B01";"2";"7";"0";"0";"3";"14";"1";""
"202100052621";"107Â 665";"A01";"1";"33";"13";"0";"7";"13";"1";""
"202100052622";"107Â 661";"A01";"2";"1";"0";"2";"8";"9";"5";""
"202100052622";"107Â 662";"B01";"2";"7";"0";"2";"2";"1";"1";""
"202100052623";"107Â 659";"B01";"1";"7";"0";"0";"5";"1";"1";""
"202100052623";"107Â 660";"A01";"1";"7";"9";"2";"1";"12";"1";""
"202100052624";"107Â 658";"A01";"1";"7";"3";"0";"3";"17";"1";""
"202100052625";"107Â 657";"A01";"3";"20";"0";"0";"0";"0";"6";""
"202100052626";"107Â 656";"A01";"2";"7";"16";"0";"2";"1";"1";""
"202100052627";"107Â 655";"A01";"1";"7";"0";"1";"1";"1";"1";""
"202100052628";"107Â 654";"A01";"3";"7";"6";"0";"1";"16";"1";""
"202100052629";"107Â 653";"A01";"2";"7";"0";"1";"1";"1";"1";""
"202100052630";"107Â 652";"A01";"1";"31";"8";"0";"0";"1";"1";""
"202100052631";"107Â 649";"A01";"2";"32";"0";"2";"8";"2";"1";""
"202100052631";"107Â 650";"C01";"1";"7";"0";"2";"1";"2";"0";""
"202100052631";"107Â 651";"B01";"2";"7";"0";"0";"8";"2";"2";""
"202100052632";"107Â 648";"A01";"3";"7";"13";"0";"1";"1";"1";""
"202100052633";"107Â 646";"B01";"0";"10";"0";"2";"2";"1";"1";""
"202100052633";"107Â 647";"A01";"0";"14";"0";"2";"1";"1";"1";""
"202100052634";"107Â 644";"A01";"2";"1";"0";"2";"1";"1";"5";""
"202100052634";"107Â 645";"B01";"2";"10";"0";"0";"7";"1";"1";""
"202100052635";"107Â 642";"B01";"2";"7";"0";"2";"4";"2";"1";""
"202100052635";"107Â 643";"A01";"2";"7";"0";"2";"1";"1";"1";""
"202100052636";"107Â 640";"B01";"1";"7";"0";"2";"1";"9";"1";""
"202100052636";"107Â 641";"A01";"1";"7";"0";"2";"4";"9";"1";""
"202100052637";"107Â 638";"A01";"2";"7";"0";"2";"1";"26";"1";""
"202100052637";"107Â 639";"B01";"2";"7";"0";"0";"4";"2";"1";""
"202100052638";"107Â 636";"A01";"1";"17";"0";"2";"1";"12";"1";""
"202100052638";"107Â 637";"B01";"1";"7";"0";"2";"6";"1";"1";""
"202100052639";"107Â 634";"B01";"2";"7";"0";"2";"4";"23";"1";""
"202100052639";"107Â 635";"A01";"2";"7";"0";"2";"1";"1";"1";""
"202100052640";"107Â 633";"A01";"2";"33";"1";"0";"9";"1";"1";""
"202100052641";"107Â 631";"B01";"1";"7";"0";"2";"4";"2";"1";""
"202100052641";"107Â 632";"A01";"1";"7";"0";"2";"1";"2";"1";""
"202100052642";"107Â 629";"B01";"1";"7";"0";"2";"6";"11";"1";""
"202100052642";"107Â 630";"A01";"1";"33";"0";"2";"2";"3";"1";""
"202100052643";"107Â 628";"A01";"2";"7";"4";"0";"1";"1";"1";""
"202100052644";"107Â 625";"B01";"2";"10";"0";"2";"4";"1";"1";""
"202100052644";"107Â 626";"C01";"2";"10";"0";"2";"4";"1";"1";""
"202100052644";"107Â 627";"A01";"2";"7";"0";"2";"1";"21";"1";""
"202100052645";"107Â 623";"B01";"1";"7";"0";"2";"1";"1";"1";""
"202100052645";"107Â 624";"A01";"2";"32";"0";"2";"1";"1";"1";""
"202100052646";"107Â 622";"A01";"1";"7";"14";"0";"1";"15";"1";""
"202100052647";"107Â 620";"B01";"1";"7";"0";"0";"4";"2";"1";""
"202100052647";"107Â 621";"A01";"1";"7";"0";"2";"1";"2";"2";""
"202100052648";"107Â 618";"B01";"2";"7";"0";"2";"1";"1";"1";""
"202100052648";"107Â 619";"A01";"1";"30";"0";"2";"1";"21";"1";""
"202100052649";"107Â 616";"B01";"1";"7";"0";"2";"3";"1";"1";""
"202100052649";"107Â 617";"A01";"2";"33";"0";"2";"1";"1";"0";""
"202100052650";"107Â 614";"B01";"3";"50";"0";"2";"1";"25";"3";""
"202100052650";"107Â 615";"Z01";"3";"7";"0";"2";"1";"26";"1";""
"202100052651";"107Â 612";"B01";"2";"32";"0";"2";"7";"1";"1";""
"202100052651";"107Â 613";"A01";"1";"7";"0";"2";"3";"10";"0";""
"202100052652";"107Â 610";"A01";"3";"3";"0";"2";"1";"13";"1";""
"202100052652";"107Â 611";"B01";"3";"37";"0";"2";"3";"1";"1";"1"
"202100052653";"107Â 608";"B01";"3";"1";"0";"2";"4";"1";"5";""
"202100052653";"107Â 609";"A01";"3";"7";"0";"2";"1";"9";"0";""
"202100052654";"107Â 606";"B01";"1";"31";"0";"2";"1";"15";"0";""
"202100052654";"107Â 607";"A01";"1";"7";"0";"2";"6";"11";"1";""
"202100052655";"107Â 605";"A01";"2";"7";"0";"1";"3";"1";"1";""
"202100052656";"107Â 604";"A01";"3";"37";"0";"1";"2";"16";"1";"1"
"202100052657";"107Â 601";"C01";"2";"7";"0";"2";"1";"1";"1";""
"202100052657";"107Â 602";"A01";"1";"7";"0";"2";"1";"1";"1";""
"202100052657";"107Â 603";"B01";"2";"7";"0";"2";"1";"1";"1";""
"202100052658";"107Â 599";"A01";"0";"7";"0";"2";"1";"1";"1";""
"202100052658";"107Â 600";"B01";"0";"7";"0";"2";"6";"23";"1";""
"202100052659";"107Â 597";"B01";"2";"7";"0";"2";"3";"1";"0";""
"202100052659";"107Â 598";"A01";"1";"30";"0";"2";"1";"1";"0";""
"202100052660";"107Â 595";"A01";"3";"7";"0";"2";"8";"9";"1";""
"202100052660";"107Â 596";"B01";"1";"43";"0";"2";"1";"1";"1";""
"202100052661";"107Â 594";"A01";"1";"7";"8";"0";"1";"14";"1";""
"202100052662";"107Â 593";"A01";"1";"7";"0";"1";"1";"1";"1";""
"202100052663";"107Â 591";"B01";"2";"7";"0";"2";"3";"1";"1";""
"202100052663";"107Â 592";"A01";"1";"10";"0";"2";"1";"1";"1";""
"202100052664";"107Â 590";"A01";"2";"1";"15";"0";"3";"21";"5";""
"202100052665";"107Â 588";"B01";"3";"31";"0";"2";"7";"1";"1";""
"202100052665";"107Â 589";"A01";"3";"10";"0";"2";"1";"9";"1";""
"202100052666";"107Â 586";"B01";"1";"7";"0";"2";"8";"19";"1";""
"202100052666";"107Â 587";"A01";"2";"30";"0";"2";"1";"1";"1";""
"202100052667";"107Â 584";"A01";"1";"30";"0";"2";"1";"26";"1";""
"202100052667";"107Â 585";"B01";"1";"7";"0";"0";"4";"2";"0";""
"202100052668";"107Â 583";"A01";"2";"1";"0";"0";"0";"26";"5";""
"202100052669";"107Â 582";"A01";"1";"10";"8";"0";"1";"13";"1";""
"202100052670";"107Â 580";"B01";"0";"7";"0";"2";"3";"23";"1";""
"202100052670";"107Â 581";"A01";"0";"1";"0";"2";"1";"16";"5";""
"202100052671";"107Â 579";"A01";"1";"10";"0";"1";"4";"4";"1";""
"202100052672";"107Â 578";"A01";"3";"50";"0";"0";"0";"0";"3";""
"202100052673";"107Â 577";"A01";"3";"10";"0";"1";"7";"16";"1";""
"202100052674";"107Â 576";"A01";"2";"7";"2";"0";"1";"14";"1";""
"202100052675";"107Â 574";"Z01";"1";"7";"0";"0";"1";"1";" -1";""
"202100052675";"107Â 575";"A01";"3";"1";"0";"2";"1";"1";"5";""
"202100052676";"107Â 572";"B01";"1";"1";"0";"2";"1";"1";"5";""
"202100052676";"107Â 573";"A01";"2";"7";"0";"2";"8";"1";"1";""
"202100052677";"107Â 570";"A01";"1";"7";"6";"2";"1";"1";"1";""
"202100052677";"107Â 571";"B01";"2";"7";"0";"2";"5";"1";"2";""
"202100052678";"107Â 569";"A01";"2";"7";"0";"1";"2";"1";"1";""
"202100052679";"107Â 567";"A01";"1";"7";"0";"2";"3";"17";"1";""
"202100052679";"107Â 568";"B01";"2";"31";"0";"2";"1";"1";"1";""
"202100052680";"107Â 565";"B01";"1";"7";"0";"1";"1";"1";"1";""
"202100052680";"107Â 566";"A01";"2";"7";"0";"2";"1";"1";"1";""
"202100052681";"107Â 564";"A01";"0";"1";"6";"0";"1";"17";"5";""
"202100052682";"107Â 562";"A01";"3";"33";"0";"2";"1";"17";"1";""
"202100052682";"107Â 563";"B01";"3";"7";"0";"2";"8";"15";"1";""
"202100052683";"107Â 561";"A01";"2";"33";"0";"1";"1";"1";"1";""
"202100052684";"107Â 559";"A01";"2";"10";"0";"2";"2";"15";"1";""
"202100052684";"107Â 560";"B01";"1";"7";"0";"2";"1";"1";"1";""
"202100052685";"107Â 557";"A01";"1";"7";"0";"2";"2";"12";"1";""
"202100052685";"107Â 558";"B01";"1";"31";"0";"2";"3";"1";"1";""
"202100052686";"107Â 555";"B01";"2";"7";"0";"2";"4";"2";"1";""
"202100052686";"107Â 556";"A01";"2";"7";"0";"2";"1";"2";"1";""
"202100052687";"107Â 553";"B01";"2";"32";"0";"2";"2";"3";"1";""
"202100052687";"107Â 554";"A01";"2";"7";"0";"2";"8";"11";"1";""
"202100052688";"107Â 551";"A01";"1";"10";"0";"2";"1";"1";"1";""
"202100052688";"107Â 552";"B01";"1";"30";"0";"2";"8";"1";"1";""
"202100052689";"107Â 549";"A01";"1";"7";"0";"2";"5";"10";"1";""
"202100052689";"107Â 550";"B01";"2";"30";"0";"2";"1";"1";"1";""
"202100052690";"107Â 545";"A01";"1";"50";"0";"2";"1";"5";"3";""
"202100052690";"107Â 546";"B01";"1";"7";"0";"2";"2";"15";"1";""
"202100052691";"107Â 543";"A01";"1";"33";"0";"2";"7";"5";"1";""
"202100052691";"107Â 544";"B01";"1";"7";"0";"2";"3";"15";"1";""
"202100052692";"107Â 541";"A01";"1";"7";"0";"2";"1";"1";"1";""
"202100052692";"107Â 542";"B01";"1";"1";"0";"2";"7";"1";"5";""
"202100052693";"107Â 539";"B01";"1";"7";"0";"2";"5";"23";"1";""
"202100052693";"107Â 540";"A01";"1";"30";"0";"2";"1";"2";"1";""
"202100052694";"107Â 538";"A01";"1";"10";"0";"1";"2";"15";"1";""
"202100052695";"107Â 537";"Z01";"1";"10";"0";"1";"0";"1";"0";""
"202100052696";"107Â 535";"A01";"2";"1";"0";"2";"1";"1";"5";""
"202100052696";"107Â 536";"B01";"3";"7";"0";"9";"3";"1";"1";""
"202100052697";"107Â 534";"A01";"2";"7";"0";"1";"0";"1";"2";""
"202100052698";"107Â 533";"A01";"3";"7";"0";"1";"3";"1";"1";""
"202100052699";"107Â 531";"A01";"3";"7";"0";"2";"4";"9";"1";""
"202100052699";"107Â 532";"B01";"3";"7";"0";"2";"1";"0";"1";""
"202100052700";"107Â 529";"B01";"3";"7";"0";"2";"3";"23";"1";""
"202100052700";"107Â 530";"A01";"2";"7";"0";"2";"2";"1";"1";""
"202100052701";"107Â 527";"B01";"0";"10";"0";"2";"3";"13";"1";""
"202100052701";"107Â 528";"A01";"0";"37";"0";"2";"1";"26";"1";"1"
"202100052702";"107Â 526";"A01";"1";"7";"0";"1";"1";"0";"1";""
"202100052703";"107Â 525";"A01";"1";"7";"0";"1";"2";"1";"1";""
"202100052704";"107Â 523";"A01";"1";"7";"0";"2";"2";"10";"1";""
"202100052704";"107Â 524";"B01";"2";"34";"0";"2";"3";"1";"1";""
"202100052705";"107Â 521";"B01";"2";"7";"0";"2";"3";"2";"1";""
"202100052705";"107Â 522";"A01";"2";"33";"0";"2";"4";"23";"1";""
"202100052706";"107Â 520";"A01";"1";"7";"0";"1";"3";"15";"1";""
"202100052707";"107Â 518";"B01";"3";"50";"0";"2";"1";"1";"3";""
"202100052707";"107Â 519";"A01";"1";"7";"0";"2";"2";"15";"2";""
"202100052708";"107Â 517";"A01";"1";"7";"0";"1";"1";"1";"2";""
"202100052709";"107Â 516";"A01";"3";"7";"0";"1";"5";"1";"1";""
"202100052710";"107Â 514";"A01";"1";"7";"0";"2";"4";"2";"0";""
"202100052710";"107Â 515";"B01";"1";"30";"0";"2";"4";"1";"1";""
"202100052711";"107Â 512";"B01";"1";"34";"0";"2";"1";"1";"1";""
"202100052711";"107Â 513";"A01";"1";"7";"0";"2";"1";"1";"1";""
"202100052712";"107Â 511";"A01";"1";"14";"0";"0";"8";"14";"1";""
"202100052713";"107Â 509";"A01";"2";"10";"0";"2";"2";"1";"1";""
"202100052713";"107Â 510";"B01";"2";"7";"3";"0";"6";"11";"1";""
"202100052714";"107Â 507";"A01";"0";"7";"13";"2";"3";"13";"1";""
"202100052714";"107Â 508";"B01";"0";"7";"0";"2";"8";"1";"1";""
"202100052715";"107Â 506";"A01";"1";"7";"0";"1";"2";"1";"1";""
"202100052716";"107Â 505";"A01";"1";"7";"15";"0";"9";"0";"1";""
"202100052717";"107Â 504";"A01";"2";"7";"0";"0";"1";"2";"1";""
"202100052718";"107Â 501";"A01";"2";"7";"0";"9";"3";"17";"1";""
"202100052718";"107Â 502";"B01";"1";"1";"0";"2";"1";"1";"5";""
"202100052718";"107Â 503";"C01";"1";"1";"0";"2";"1";"1";"5";""
"202100052719";"107Â 499";"A01";"1";"10";"0";"2";"2";"15";"1";""
"202100052719";"107Â 500";"B01";"2";"7";"6";"2";"1";"1";"1";""
"202100052720";"107Â 498";"A01";"2";"7";"2";"0";"9";"1";"1";""
"202100052721";"107Â 496";"A01";"2";"7";"13";"0";"1";"1";"1";""
"202100052722";"107Â 494";"A01";"2";"2";"0";"2";"1";"1";"1";""
"202100052722";"107Â 495";"B01";"2";"7";"0";"2";"3";"15";"1";""
"202100052723";"107Â 492";"B01";"1";"33";"7";"2";"4";"2";"1";""
"202100052723";"107Â 493";"A01";"1";"10";"0";"2";"7";"15";"1";""
"202100052724";"107Â 491";"A01";"1";"7";"0";"1";"2";"1";"1";""
"202100052725";"107Â 490";"A01";"1";"33";"13";"0";"0";"2";"1";""
"202100052726";"107Â 488";"B01";"1";"38";"0";"2";"3";"1";"1";"1"
"202100052726";"107Â 489";"A01";"2";"7";"0";"2";"3";"9";"1";""
"202100052727";"107Â 486";"A01";"2";"7";"0";"2";"3";"0";"1";""
"202100052727";"107Â 487";"B01";"1";"7";"0";"2";"3";"1";"1";""
"202100052728";"107Â 484";"A01";"1";"7";"0";"2";"1";"1";"1";""
"202100052728";"107Â 485";"B01";"2";"7";"0";"2";"1";"5";"1";""
"202100052729";"107Â 483";"A01";"2";"15";"16";"0";"1";"1";"1";""
"202100052730";"107Â 480";"A01";"1";"7";"0";"2";"1";"2";"1";""
"202100052730";"107Â 481";"C01";"1";"7";"0";"0";"4";"1";"1";""
"202100052730";"107Â 482";"B01";"1";"7";"0";"2";"4";"2";"1";""
"202100052731";"107Â 478";"A01";"1";"7";"0";"2";"1";"13";"1";""
"202100052731";"107Â 479";"B01";"2";"17";"0";"2";"2";"1";"1";""
"202100052732";"107Â 477";"A01";"2";"7";"2";"9";"1";"14";"0";""
"202100052733";"107Â 474";"C01";"1";"7";"0";"1";"1";"1";"1";""
"202100052733";"107Â 475";"A01";"2";"7";"0";"2";"1";"2";"1";""
"202100052733";"107Â 476";"B01";"2";"7";"0";"0";"4";"1";"1";""
"202100052734";"107Â 471";"A01";"2";"7";"0";"2";"1";"5";"1";""
"202100052734";"107Â 472";"B01";"1";"7";"0";"2";"1";"2";"1";""
"202100052734";"107Â 473";"C01";"1";"7";"0";"2";"2";"21";"1";""
"202100052735";"107Â 469";"A01";"3";"7";"1";"0";"1";"1";"1";""
"202100052735";"107Â 470";"B01";"0";"7";"0";"0";"7";"24";"1";""
"202100052736";"107Â 467";"A01";"3";"7";"0";"2";"3";"1";"1";""
"202100052736";"107Â 468";"B01";"3";"7";"8";"2";"3";"1";"1";""
"202100052737";"107Â 466";"A01";"1";"7";"0";"1";"2";"1";"1";""
"202100052738";"107Â 465";"A01";"0";"10";"15";"1";"4";"26";"1";""
"202100052739";"107Â 463";"A01";"1";"17";"0";"2";"2";"12";"1";""
"202100052739";"107Â 464";"B01";"1";"10";"0";"2";"3";"1";"0";""
"202100052740";"107Â 460";"A01";"2";"7";"0";"2";"4";"9";"1";""
"202100052740";"107Â 461";"B01";"2";"17";"0";"2";"3";"1";"1";""
"202100052740";"107Â 462";"C01";"2";"7";"0";"2";"7";"1";"1";""
"202100052741";"107Â 455";"A01";"2";"7";"4";"0";"1";"13";"1";""
"202100052742";"107Â 453";"B01";"1";"31";"0";"2";"1";"1";"1";""
"202100052742";"107Â 454";"A01";"3";"7";"0";"2";"3";"15";"1";""
"202100052743";"107Â 451";"A01";"1";"7";"0";"2";"1";"1";"1";""
"202100052743";"107Â 452";"B01";"2";"7";"0";"2";"1";"1";"1";""
"202100052744";"107Â 449";"B01";"2";"50";"0";"2";"7";"1";"3";""
"202100052744";"107Â 450";"A01";"2";"7";"0";"2";"1";"1";"1";""
"202100052745";"107Â 447";"A01";"2";"7";"0";"2";"5";"22";"1";""
"202100052745";"107Â 448";"B01";"2";"80";"1";"0";"1";"18";"3";""
"202100052746";"107Â 445";"B01";"1";"7";"0";"2";"6";"15";"1";""
"202100052746";"107Â 446";"A01";"1";"7";"0";"2";"1";"2";"1";""
"202100052747";"107Â 444";"A01";"1";"7";"0";"1";"1";"1";"1";""
"202100052748";"107Â 441";"C01";"2";"7";"0";"2";"3";"1";"1";""
"202100052748";"107Â 442";"B01";"2";"7";"0";"2";"3";"1";"1";""
"202100052748";"107Â 443";"A01";"2";"7";"0";"2";"3";"0";"1";""
"202100052749";"107Â 437";"D01";"1";"7";"0";"2";"1";"1";"1";""
"202100052749";"107Â 438";"C01";"1";"7";"0";"2";"1";"1";"1";""
"202100052749";"107Â 439";"B01";"2";"10";"0";"2";"1";"1";"1";""
"202100052749";"107Â 440";"A01";"2";"7";"0";"2";"1";"13";"1";""
"202100052750";"107Â 436";"A01";"2";"7";"6";"0";"1";"1";"1";""
"202100052751";"107Â 435";"A01";"1";"7";"0";"0";"1";"14";"1";""
"202100052752";"107Â 434";"A01";"1";"7";"0";"1";"2";"15";"1";""
"202100052753";"107Â 432";"A01";"2";"30";"0";"2";"3";"15";"1";""
"202100052753";"107Â 433";"B01";"1";"7";"0";"2";"1";"1";"1";""
"202100052754";"107Â 430";"A01";"3";"7";"0";"2";"1";"13";"1";""
"202100052754";"107Â 431";"B01";"3";"10";"0";"2";"1";"1";"1";""
"202100052755";"107Â 428";"B01";"3";"7";"0";"2";"0";"0";"1";""
"202100052755";"107Â 429";"A01";"3";"30";"0";"2";"0";"0";"1";""
"202100052756";"107Â 426";"A01";"0";"7";"0";"2";"3";"9";"1";""
"202100052756";"107Â 427";"B01";"0";"7";"0";"2";"2";"1";"1";""
"202100052757";"107Â 424";"A01";"0";"7";"0";"2";"1";"1";"1";""
"202100052757";"107Â 425";"B01";"0";"7";"0";"2";"4";"1";"1";""
"202100052758";"107Â 423";"A01";"2";"10";"0";"1";"1";"1";"1";""
"202100052759";"107Â 421";"B01";"1";"30";"0";"2";"7";"1";"1";""
"202100052759";"107Â 422";"A01";"2";"7";"0";"2";"1";"15";"1";""
"202100052760";"107Â 420";"A01";"1";"7";"0";"1";"1";"1";"1";""
"202100052761";"107Â 417";"A01";"1";"7";"0";"2";"3";"11";"0";""
"202100052761";"107Â 418";"C01";"1";"7";"0";"2";"0";"1";"1";""
"202100052761";"107Â 419";"B01";"1";"99";"0";"2";"5";"1";"0";""
"202100052762";"107Â 416";"A01";"1";"7";"7";"0";"3";"14";"1";""
"202100052763";"107Â 414";"A01";"2";"7";"0";"2";"3";"19";"1";""
"202100052763";"107Â 415";"B01";"2";"1";"0";"2";"7";"1";"0";""
"202100052764";"107Â 412";"A01";"2";"7";"0";"2";"1";"2";"1";""
"202100052764";"107Â 413";"B01";"2";"7";"0";"2";"4";"1";"1";""
"202100052765";"107Â 411";"A01";"1";"7";"0";"1";"1";"1";"1";""
"202100052766";"107Â 410";"Z01";"1";"0";"0";"1";"0";"2";" -1";""
"202100052767";"107Â 409";"A01";"1";"7";"0";"1";"5";"4";"1";""
"202100052768";"107Â 406";"A01";"2";"7";"1";"0";"1";"14";"1";""
"202100052769";"107Â 404";"B01";"0";"7";"0";"2";"1";"1";"1";""
"202100052769";"107Â 405";"A01";"0";"7";"0";"2";"5";"19";"1";""
"202100052770";"107Â 402";"A01";"1";"7";"0";"2";"1";"13";"1";""
"202100052770";"107Â 403";"B01";"1";"7";"0";"2";"1";"1";"1";""
"202100052771";"107Â 400";"A01";"1";"32";"0";"2";"7";"1";"1";""
"202100052771";"107Â 401";"B01";"1";"80";"0";"2";"6";"1";"3";""
"202100052772";"107Â 399";"A01";"1";"7";"0";"1";"1";"1";"1";""
"202100052773";"107Â 398";"A01";"3";"7";"13";"0";"1";"14";"1";""
"202100052774";"107Â 394";"D01";"1";"10";"1";"2";"8";"0";"1";""
"202100052774";"107Â 395";"B01";"1";"7";"0";"2";"3";"13";"1";""
"202100052774";"107Â 396";"A01";"2";"3";"0";"2";"3";"13";"1";""
"202100052774";"107Â 397";"C01";"1";"7";"1";"2";"8";"0";"1";""
"202100052775";"107Â 393";"A01";"2";"10";"0";"1";"2";"16";"1";""
"202100052776";"107Â 392";"A01";"2";"7";"0";"1";"3";"1";"1";""
"202100052777";"107Â 390";"B01";"1";"1";"0";"2";"2";"1";"5";""
"202100052777";"107Â 391";"A01";"1";"7";"0";"2";"1";"1";"1";""
"202100052778";"107Â 388";"A01";"1";"7";"0";"2";"3";"15";"1";""
"202100052778";"107Â 389";"B01";"2";"33";"0";"2";"8";"1";"1";""
"202100052779";"107Â 386";"Z01";"2";"7";"0";"2";"1";"9";"1";""
"202100052779";"107Â 387";"B01";"1";"1";"0";"2";"2";"9";"6";""
"202100052780";"107Â 384";"A01";"1";"7";"14";"0";"1";"6";"1";""
"202100052780";"107Â 385";"B01";"2";"7";"0";"2";"1";"1";"1";""
"202100052781";"107Â 382";"A01";"2";"7";"0";"0";"2";"19";"1";""
"202100052781";"107Â 383";"B01";"2";"32";"0";"9";"1";"19";"1";""
"202100052782";"107Â 381";"A01";"3";"7";"0";"1";"3";"1";"1";""
"202100052783";"107Â 379";"A01";"2";"10";"0";"0";"0";"1";"1";""
"202100052783";"107Â 380";"B01";"2";"7";"0";"0";"1";"13";"1";""
"202100052784";"107Â 377";"B01";"1";"7";"0";"2";"4";"2";"1";""
"202100052784";"107Â 378";"A01";"2";"7";"0";"2";"1";"2";"1";""
"202100052785";"107Â 374";"A01";"1";"7";"0";"2";"4";"2";"1";""
"202100052785";"107Â 375";"C01";"1";"7";"0";"2";"1";"1";"1";""
"202100052785";"107Â 376";"B01";"1";"7";"0";"2";"4";"2";"1";""
"202100052786";"107Â 372";"B01";"3";"2";"0";"2";"1";"1";"1";""
"202100052786";"107Â 373";"A01";"3";"7";"0";"2";"2";"1";"1";""
"202100052787";"107Â 367";"A01";"2";"7";"0";"2";"1";"9";"1";""
"202100052787";"107Â 368";"C01";"2";"7";"0";"2";"3";"1";"1";""
"202100052787";"107Â 369";"B01";"1";"7";"0";"2";"2";"1";"1";""
"202100052788";"107Â 365";"B01";"3";"10";"0";"0";"0";"0";"1";""
"202100052788";"107Â 366";"A01";"3";"31";"0";"2";"1";"5";"1";""
"202100052789";"107Â 363";"B01";"2";"7";"0";"2";"2";"15";"1";""
"202100052789";"107Â 364";"A01";"2";"30";"0";"2";"1";"1";"1";""
"202100052790";"107Â 362";"A01";"1";"32";"0";"1";"1";"1";"1";""
"202100052791";"107Â 360";"A01";"1";"43";"0";"2";"1";"1";"1";""
"202100052791";"107Â 361";"B01";"1";"10";"0";"2";"4";"1";"1";""
"202100052792";"107Â 359";"A01";"3";"2";"0";"0";"0";"1";"1";""
"202100052793";"107Â 358";"A01";"1";"7";"16";"0";"1";"19";"1";""
"202100052794";"107Â 355";"C01";"1";"7";"0";"2";"1";"0";"0";""
"202100052794";"107Â 356";"B01";"1";"7";"0";"2";"1";"0";"0";""
"202100052794";"107Â 357";"A01";"1";"7";"0";"2";"6";"0";"0";""
"202100052795";"107Â 353";"A01";"1";"7";"0";"2";"3";"16";"1";""
"202100052795";"107Â 354";"B01";"2";"2";"0";"2";"1";"1";"1";""
"202100052796";"107Â 352";"A01";"1";"7";"0";"1";"1";"1";"1";""
"202100052797";"107Â 351";"A01";"1";"2";"14";"0";"9";"2";"1";""
"202100052798";"107Â 349";"A01";"1";"30";"0";"2";"1";"19";"1";""