"Num_Acc";"id_vehicule";"num_veh";"senc";"catv";"obs";"obsm";"choc";"manv";"motor";"occutc"
"202100052798";"107Â 350";"B01";"1";"7";"0";"2";"6";"1";"1";""
"202100052799";"107Â 347";"B01";"3";"7";"0";"9";"8";"1";"1";""
"202100052799";"107Â 348";"A01";"3";"1";"0";"2";"3";"19";"5";""
"202100052800";"107Â 343";"A01";"2";"7";"0";"2";"1";"11";"1";""
"202100052800";"107Â 344";"B01";"2";"10";"0";"2";"2";"23";"1";""
"202100052800";"107Â 345";"C01";"2";"7";"0";"2";"4";"23";"1";""
"202100052800";"107Â 346";"D01";"2";"7";"0";"2";"4";"23";"1";""
"202100052801";"107Â 341";"A01";"3";"33";"0";"2";"8";"1";"1";""
"202100052801";"107Â 342";"Z01";"3";"7";"0";"2";"5";"1";"0";""
"202100052802";"107Â 339";"B01";"1";"32";"0";"2";"1";"1";"1";""
"202100052802";"107Â 340";"A01";"2";"7";"0";"2";"5";"15";"1";""
"202100052803";"107Â 338";"A01";"1";"7";"0";"1";"8";"1";"1";""
"202100052804";"107Â 336";"B01";"3";"30";"0";"2";"7";"15";"1";""
"202100052804";"107Â 337";"A01";"2";"7";"0";"2";"2";"1";"1";""
"202100052805";"107Â 334";"A01";"2";"33";"0";"2";"3";"2";"1";""
"202100052805";"107Â 335";"B01";"3";"1";"0";"2";"3";"15";"5";""
"202100052806";"107Â 332";"B01";"1";"1";"0";"2";"8";"15";"5";""
"202100052806";"107Â 333";"A01";"1";"1";"0";"2";"7";"17";"5";""
"202100052807";"107Â 330";"A01";"2";"30";"0";"2";"3";"17";"1";""
"202100052807";"107Â 331";"B01";"2";"7";"0";"2";"2";"16";"1";""
"202100052808";"107Â 329";"A01";"2";"10";"0";"1";"1";"1";"0";""
"202100052809";"107Â 328";"A01";"1";"7";"1";"2";"2";"1";"1";""
"202100052810";"107Â 327";"A01";"3";"7";"14";"1";"1";"1";"1";""
"202100052811";"107Â 323";"B01";"3";"1";"0";"2";"2";"1";"5";""
"202100052811";"107Â 324";"A01";"3";"7";"0";"0";"3";"9";"1";""
"202100052812";"107Â 321";"B01";"1";"7";"0";"2";"2";"9";"1";""
"202100052812";"107Â 322";"A01";"1";"2";"0";"2";"3";"1";"1";""
"202100052813";"107Â 319";"A01";"2";"32";"0";"2";"1";"1";"1";""
"202100052813";"107Â 320";"B01";"1";"7";"0";"2";"2";"15";"1";""
"202100052814";"107Â 317";"B01";"2";"99";"0";"2";"1";"3";"3";""
"202100052814";"107Â 318";"A01";"1";"7";"0";"9";"3";"1";"1";""
"202100052815";"107Â 315";"B01";"2";"7";"0";"2";"4";"23";"1";""
"202100052815";"107Â 316";"A01";"2";"30";"0";"2";"2";"2";"1";""
"202100052816";"107Â 314";"A01";"1";"30";"14";"0";"1";"14";"1";""
"202100052817";"107Â 313";"A01";"1";"1";"0";"1";"1";"1";"5";""
"202100052818";"107Â 311";"B01";"3";"2";"0";"2";"8";"1";"1";""
"202100052818";"107Â 312";"A01";"3";"7";"0";"2";"1";"15";"1";""
"202100052819";"107Â 310";"A01";"0";"7";"0";"1";"1";"1";"1";""
"202100052820";"107Â 308";"B01";"1";"7";"0";"0";"1";"1";"1";""
"202100052820";"107Â 309";"A01";"2";"7";"0";"0";"7";"13";"1";""
"202100052821";"107Â 307";"A01";"1";"7";"2";"0";"2";"1";"1";""
"202100052822";"107Â 306";"A01";"1";"10";"4";"0";"7";"1";"1";""
"202100052823";"107Â 304";"A01";"2";"7";"0";"2";"1";"1";"1";""
"202100052823";"107Â 305";"B01";"1";"14";"0";"2";"3";"1";"1";""
"202100052824";"107Â 303";"A01";"1";"20";"6";"0";"1";"1";"1";""
"202100052825";"107Â 301";"B01";"2";"15";"0";"2";"1";"1";"1";""
"202100052825";"107Â 302";"A01";"1";"7";"0";"2";"2";"19";"1";""
"202100052826";"107Â 299";"C01";"1";"10";"0";"2";"1";"1";"1";""
"202100052826";"107Â 300";"B01";"2";"7";"0";"2";"7";"21";"1";""
"202100052827";"107Â 298";"A01";"1";"7";"13";"0";"1";"1";"1";""
"202100052828";"107Â 295";"A01";"2";"21";"17";"0";"2";"14";"1";""
"202100052829";"107Â 291";"A01";"3";"2";"0";"2";"1";"13";"1";""
"202100052829";"107Â 292";"B01";"3";"7";"0";"2";"1";"1";"1";""
"202100052830";"107Â 290";"A01";"1";"7";"2";"0";"7";"1";"1";""
"202100052831";"107Â 289";"A01";"1";"14";"0";"0";"7";"2";"1";""
"202100052832";"107Â 287";"B01";"2";"37";"0";"2";"3";"23";"1";"3"
"202100052832";"107Â 288";"A01";"1";"17";"0";"2";"3";"1";"1";""
"202100052833";"107Â 285";"B01";"1";"7";"0";"2";"5";"15";"1";""
"202100052833";"107Â 286";"A01";"2";"2";"0";"2";"8";"1";"1";""
"202100052834";"107Â 281";"D01";"2";"7";"0";"2";"7";"1";"1";""
"202100052834";"107Â 282";"C01";"2";"7";"0";"2";"1";"2";"1";""
"202100052834";"107Â 283";"B01";"2";"7";"0";"2";"1";"2";"1";""
"202100052834";"107Â 284";"A01";"2";"15";"3";"0";"0";"1";"1";""
"202100052835";"107Â 279";"A01";"1";"7";"0";"2";"1";"1";"1";""
"202100052835";"107Â 280";"B01";"1";"7";"0";"2";"8";"11";"1";""
"202100052836";"107Â 277";"A01";"2";"21";"14";"1";"5";"4";"1";""
"202100052836";"107Â 278";"B01";"1";"17";"0";"1";"1";"23";"1";""
"202100052837";"107Â 275";"A01";"2";"15";"3";"2";"1";"6";"1";""
"202100052837";"107Â 276";"B01";"1";"10";"0";"2";"8";"1";"1";""
"202100052838";"107Â 274";"A01";"1";"10";"3";"2";"1";"14";"1";""
"202100052839";"107Â 272";"B01";"1";"7";"0";"2";"3";"1";"1";""
"202100052839";"107Â 273";"A01";"2";"7";"0";"2";"1";"13";"1";""
"202100052840";"107Â 270";"A01";"2";"7";"0";"2";"3";"13";"1";""
"202100052840";"107Â 271";"B01";"1";"7";"0";"2";"3";"0";"1";""
"202100052841";"107Â 269";"A01";"0";"2";"2";"0";"3";"2";"0";""
"202100052842";"107Â 267";"B01";"2";"1";"0";"2";"8";"1";"5";""
"202100052842";"107Â 268";"A01";"3";"7";"0";"2";"8";"15";"1";""
"202100052843";"107Â 263";"A01";"1";"7";"0";"0";"4";"2";"1";""
"202100052843";"107Â 264";"B01";"1";"7";"0";"2";"4";"2";"1";""
"202100052843";"107Â 265";"D01";"1";"7";"0";"2";"1";"2";"1";""
"202100052843";"107Â 266";"C01";"1";"7";"0";"2";"4";"2";"0";""
"202100052844";"107Â 262";"A01";"2";"7";"13";"0";"1";"1";"1";""
"202100052845";"107Â 260";"B01";"1";"14";"0";"2";"3";"15";"1";""
"202100052845";"107Â 261";"A01";"1";"7";"2";"2";"7";"17";"1";""
"202100052846";"107Â 255";"E01";"2";"7";"0";"0";"7";"2";"1";""
"202100052846";"107Â 256";"D01";"2";"7";"0";"0";"7";"2";"1";""
"202100052846";"107Â 257";"C01";"2";"7";"0";"0";"6";"2";"1";""
"202100052846";"107Â 258";"B01";"2";"15";"0";"2";"6";"1";"1";""
"202100052846";"107Â 259";"A01";"2";"7";"0";"2";"9";"3";"1";""
"202100052847";"107Â 254";"A01";"1";"34";"0";"0";"8";"1";"1";""
"202100052848";"107Â 252";"A01";"2";"17";"0";"2";"2";"2";"1";""
"202100052848";"107Â 253";"B01";"2";"7";"0";"2";"4";"23";"1";""
"202100052849";"107Â 249";"A01";"1";"15";"0";"2";"2";"14";"1";""
"202100052849";"107Â 250";"B01";"1";"7";"0";"2";"1";"2";"1";""
"202100052849";"107Â 251";"C01";"1";"34";"0";"2";"1";"2";"1";""
"202100052850";"107Â 247";"A01";"2";"10";"0";"2";"5";"1";"1";""
"202100052850";"107Â 248";"B01";"2";"7";"0";"2";"3";"0";"3";""
"202100052851";"107Â 245";"Z01";"1";"7";"0";"2";"0";"0";"1";""
"202100052851";"107Â 246";"A01";"1";"31";"0";"2";"3";"1";"1";""
"202100052852";"107Â 243";"A01";"2";"43";"0";"2";"1";"3";"1";""
"202100052852";"107Â 244";"B01";"2";"7";"0";"2";"4";"1";"1";""
"202100052853";"107Â 242";"A01";"1";"33";"12";"0";"1";"1";"1";""
"202100052854";"107Â 240";"B01";"2";"7";"0";"2";"4";"2";"1";""
"202100052854";"107Â 241";"A01";"2";"7";"3";"2";"1";"1";"1";""
"202100052855";"107Â 239";"A01";"1";"31";"0";"0";"8";"1";"1";""
"202100052856";"107Â 237";"B01";"0";"13";"0";"2";"6";"2";"1";""
"202100052856";"107Â 238";"A01";"1";"7";"3";"2";"3";"2";"1";""
"202100052857";"107Â 236";"A01";"1";"2";"0";"0";"0";"26";"1";""
"202100052858";"107Â 234";"A01";"2";"7";"0";"2";"1";"15";"1";""
"202100052858";"107Â 235";"B01";"1";"2";"0";"2";"1";"1";"1";""
"202100052859";"107Â 232";"B01";"2";"7";"0";"2";"1";"1";"1";""
"202100052859";"107Â 233";"A01";"2";"7";"0";"2";"4";"1";"1";""
"202100052860";"107Â 230";"A01";"1";"7";"0";"2";"1";"10";"1";""
"202100052860";"107Â 231";"B01";"1";"33";"0";"2";"8";"1";"1";""
"202100052861";"107Â 228";"A01";"2";"15";"0";"2";"1";"2";"1";""
"202100052861";"107Â 229";"B01";"2";"7";"0";"9";"4";"2";"1";""
"202100052862";"107Â 227";"A01";"2";"7";"0";"1";"1";"1";"1";""
"202100052863";"107Â 225";"B01";"1";"2";"0";"2";"1";"1";"1";""
"202100052863";"107Â 226";"A01";"2";"7";"0";"2";"1";"15";"1";""
"202100052864";"107Â 223";"A01";"2";"7";"0";"2";"3";"16";"1";""
"202100052864";"107Â 224";"B01";"1";"1";"0";"2";"1";"15";"5";""
"202100052865";"107Â 221";"B01";"2";"7";"0";"2";"4";"23";"1";""
"202100052865";"107Â 222";"A01";"2";"10";"0";"2";"1";"2";"1";""
"202100052866";"107Â 217";"A01";"2";"7";"4";"2";"2";"19";"1";""
"202100052866";"107Â 218";"B01";"1";"7";"0";"2";"1";"1";"1";""
"202100052867";"107Â 216";"A01";"0";"7";"8";"0";"2";"0";"1";""
"202100052868";"107Â 214";"B01";"1";"1";"0";"2";"1";"1";"5";""
"202100052868";"107Â 215";"A01";"2";"10";"0";"2";"1";"15";"1";""
"202100052869";"107Â 212";"A01";"2";"10";"0";"2";"1";"2";"1";""
"202100052869";"107Â 213";"B01";"2";"7";"0";"2";"5";"1";"1";""
"202100052870";"107Â 207";"A01";"1";"7";"0";"2";"1";"1";"1";""
"202100052870";"107Â 208";"C01";"1";"7";"0";"2";"4";"23";"1";""
"202100052870";"107Â 209";"B01";"1";"7";"0";"2";"4";"23";"1";""
"202100052871";"107Â 205";"B01";"1";"7";"0";"2";"1";"1";"1";""
"202100052871";"107Â 206";"A01";"2";"7";"0";"2";"1";"1";"1";""
"202100052872";"107Â 203";"A01";"1";"30";"0";"0";"0";"0";"1";""
"202100052873";"107Â 201";"A01";"1";"7";"0";"2";"1";"1";"1";""
"202100052873";"107Â 202";"B01";"3";"7";"0";"2";"6";"1";"1";""
"202100052874";"107Â 200";"A01";"1";"7";"2";"0";"2";"13";"1";""
"202100052875";"107Â 199";"A01";"1";"7";"0";"0";"0";"14";"1";""
"202100052876";"107Â 198";"A01";"0";"7";"0";"1";"7";"1";"1";""
"202100052877";"107Â 196";"A01";"1";"7";"0";"2";"1";"19";"1";""
"202100052877";"107Â 197";"B01";"1";"1";"0";"2";"8";"1";"5";""
"202100052878";"107Â 195";"A01";"3";"7";"0";"1";"1";"1";"1";""
"202100052879";"107Â 194";"A01";"3";"7";"0";"1";"1";"15";"1";""
"202100052880";"107Â 193";"A01";"1";"10";"0";"1";"7";"1";"1";""
"202100052881";"107Â 191";"A01";"1";"7";"0";"2";"4";"2";"1";""
"202100052881";"107Â 192";"B01";"1";"7";"0";"2";"1";"2";"1";""
"202100052882";"107Â 190";"A01";"1";"30";"14";"0";"1";"1";"3";""
"202100052883";"107Â 189";"B01";"1";"1";"0";"2";"7";"1";"0";""
"202100052884";"107Â 187";"A01";"1";"7";"0";"2";"1";"1";"1";""
"202100052884";"107Â 188";"B01";"3";"7";"0";"2";"4";"23";"1";""
"202100052885";"107Â 186";"A01";"3";"30";"0";"0";"8";"15";"1";""
"202100052886";"107Â 185";"A01";"1";"7";"15";"0";"1";"1";"1";""
"202100052887";"107Â 183";"B01";"3";"7";"0";"2";"3";"1";"1";""
"202100052887";"107Â 184";"A01";"3";"7";"0";"2";"1";"15";"1";""
"202100052888";"107Â 182";"A01";"2";"7";"0";"1";"7";"1";"1";""
"202100052889";"107Â 179";"C01";"1";"10";"0";"2";"1";"2";"1";""
"202100052889";"107Â 180";"A01";"1";"7";"0";"0";"4";"2";"1";""
"202100052889";"107Â 181";"B01";"1";"7";"0";"2";"1";"2";"1";""
"202100052890";"107Â 177";"A01";"2";"7";"0";"2";"8";"15";"1";""
"202100052890";"107Â 178";"B01";"2";"33";"0";"2";"1";"17";"1";""
"202100052891";"107Â 175";"A01";"2";"7";"0";"2";"2";"15";"1";""
"202100052891";"107Â 176";"B01";"1";"31";"0";"2";"2";"17";"1";""
"202100052892";"107Â 174";"A01";"1";"7";"0";"1";"1";"21";"1";""
"202100052893";"107Â 172";"B01";"0";"1";"0";"2";"4";"1";"5";""
"202100052893";"107Â 173";"Z01";"0";"7";"0";"2";"1";"1";"1";""
"202100052894";"107Â 171";"A01";"2";"7";"0";"0";"2";"14";"1";""
"202100052895";"107Â 170";"A01";"1";"7";"0";"1";"1";"1";"1";""
"202100052896";"107Â 168";"B01";"1";"30";"0";"2";"4";"1";"1";""
"202100052896";"107Â 169";"A01";"1";"30";"0";"2";"1";"1";"1";""
"202100052897";"107Â 166";"A01";"0";"7";"0";"2";"1";"1";"1";""
"202100052897";"107Â 167";"B01";"3";"7";"0";"2";"8";"1";"1";""
"202100052898";"107Â 164";"A01";"3";"7";"0";"2";"2";"15";"1";""
"202100052898";"107Â 165";"B01";"3";"7";"0";"2";"3";"1";"1";""
"202100052899";"107Â 162";"B01";"1";"33";"0";"2";"7";"1";"1";""
"202100052899";"107Â 163";"A01";"1";"7";"0";"2";"6";"26";"1";""
"202100052900";"107Â 159";"A01";"1";"10";"0";"2";"3";"1";"1";""
"202100052900";"107Â 160";"C01";"0";"7";"0";"2";"0";"0";"1";""
"202100052900";"107Â 161";"B01";"1";"10";"0";"2";"3";"0";"1";""
"202100052901";"107Â 158";"A01";"2";"32";"14";"0";"3";"26";"1";""
"202100052902";"107Â 157";"A01";"2";"43";"0";"1";"1";"1";"1";""
"202100052903";"107Â 155";"B01";"3";"7";"0";"2";"2";"2";"2";""
"202100052903";"107Â 156";"A01";"3";"7";"0";"2";"6";"15";"1";""
"202100052904";"107Â 153";"A01";"2";"7";"8";"0";"2";"1";"0";""
"202100052905";"107Â 151";"A01";"2";"7";"0";"2";"1";"2";"1";""
"202100052905";"107Â 152";"B01";"2";"7";"4";"2";"4";"2";"1";""
"202100052906";"107Â 148";"A01";"2";"30";"0";"2";"2";"11";"3";""
"202100052906";"107Â 149";"B01";"2";"7";"0";"2";"2";"21";"3";""
"202100052906";"107Â 150";"C01";"2";"33";"9";"2";"3";"7";"1";""
"202100052907";"107Â 146";"B01";"1";"7";"0";"2";"1";"1";"1";""
"202100052907";"107Â 147";"A01";"2";"7";"0";"2";"3";"1";"1";""
"202100052908";"107Â 145";"A01";"1";"7";"0";"1";"2";"1";"1";""
"202100052909";"107Â 143";"A01";"1";"7";"0";"2";"2";"15";"2";""
"202100052909";"107Â 144";"B01";"2";"50";"0";"2";"1";"1";"3";""
"202100052910";"107Â 142";"A01";"3";"7";"11";"0";"1";"13";"2";""
"202100052911";"107Â 140";"B01";"1";"33";"0";"2";"1";"1";"1";""
"202100052911";"107Â 141";"A01";"2";"7";"0";"2";"1";"15";"1";""
"202100052912";"107Â 139";"A01";"1";"7";"1";"0";"1";"15";"1";""
"202100052913";"107Â 138";"A01";"2";"32";"0";"2";"0";"1";"1";""
"202100052914";"107Â 136";"B01";"2";"7";"0";"2";"8";"15";"1";""
"202100052914";"107Â 137";"A01";"3";"33";"0";"2";"7";"17";"1";""
"202100052915";"107Â 134";"A01";"2";"7";"0";"2";"3";"22";"1";""
"202100052915";"107Â 135";"B01";"2";"1";"0";"2";"1";"1";"5";""
"202100052916";"107Â 133";"A01";"2";"50";"8";"0";"1";"14";"3";""
"202100052917";"107Â 132";"A01";"1";"34";"0";"1";"1";"1";"3";""
"202100052918";"107Â 130";"A01";"0";"7";"0";"2";"1";"19";"1";""
"202100052918";"107Â 131";"B01";"1";"33";"0";"2";"0";"0";"0";""
"202100052919";"107Â 128";"A01";"1";"7";"0";"0";"0";"16";"1";""
"202100052919";"107Â 129";"B01";"3";"2";"0";"0";"0";"21";"1";""
"202100052920";"107Â 126";"A01";"1";"7";"0";"2";"3";"9";"2";""
"202100052920";"107Â 127";"B01";"1";"2";"0";"2";"1";"9";"1";""
"202100052921";"107Â 124";"A01";"1";"30";"0";"2";"1";"15";"1";""
"202100052921";"107Â 125";"B01";"1";"30";"0";"2";"8";"1";"1";""
"202100052922";"107Â 123";"A01";"0";"10";"0";"1";"1";"26";"1";""
"202100052923";"107Â 121";"A01";"2";"20";"0";"2";"3";"26";"1";""
"202100052923";"107Â 122";"B01";"1";"7";"0";"2";"3";"26";"1";""
"202100052924";"107Â 120";"A01";" -1";"7";"0";"1";"0";" -1";" -1";""
"202100052925";"107Â 118";"B01";"1";"33";"0";"2";"2";"17";"1";""
"202100052925";"107Â 119";"A01";"1";"13";"0";"2";"3";"2";"1";""
"202100052926";"107Â 116";"B01";"2";"7";"0";"2";"5";"1";"2";""
"202100052926";"107Â 117";"A01";"2";"2";"0";"2";"3";"11";"1";""
"202100052927";"107Â 114";"B01";"2";"7";"0";"2";"3";"1";"1";""
"202100052927";"107Â 115";"A01";"1";"7";"0";"2";"1";"1";"1";""
"202100052928";"107Â 112";"B01";"2";"7";"0";"9";"3";"1";"1";""
"202100052928";"107Â 113";"A01";"1";"1";"0";"2";"1";"15";"5";""
"202100052929";"107Â 110";"B01";"1";"10";"0";"2";"3";"1";"1";""
"202100052929";"107Â 111";"A01";"2";"10";"0";"2";"3";"13";"1";""
"202100052930";"107Â 109";"A01";"1";"7";"0";"0";"0";"1";"1";""
"202100052931";"107Â 107";"A01";"1";"10";"0";"1";"7";"1";"1";""
"202100052932";"107Â 105";"B01";"1";"7";"0";"0";"4";"2";"1";""
"202100052932";"107Â 106";"A01";"1";"7";"0";"2";"1";"2";"1";""
"202100052933";"107Â 102";"A01";"2";"7";"0";"0";"4";"1";"0";""
"202100052933";"107Â 103";"B01";"2";"7";"0";"2";"1";"1";"0";""
"202100052933";"107Â 104";"C01";"2";"7";"0";"2";"1";"1";"1";""
"202100052934";"107Â 100";"A01";"1";"34";"0";"2";"1";"17";"1";""
"202100052934";"107Â 101";"B01";"2";"7";"0";"2";"3";"9";"1";""
"202100052935";"107Â 098";"B01";"0";"33";"0";"2";"7";"0";"1";""
"202100052935";"107Â 099";"A01";"0";"7";"0";"2";"1";"0";"1";""
"202100052936";"107Â 097";"A01";"1";"7";"15";"0";"3";"0";"1";""
"202100052937";"107Â 096";"A01";"1";"7";"0";"1";"3";"0";"0";""
"202100052938";"107Â 095";"A01";"1";"33";"3";"0";"2";"1";"1";""
"202100052939";"107Â 094";"A01";"1";"17";"0";"1";"2";"1";"1";""
"202100052940";"107Â 091";"A01";"2";"7";"0";"2";"3";"1";"1";""
"202100052940";"107Â 092";"B01";"2";"7";"0";"2";"3";"1";"1";""
"202100052940";"107Â 093";"C01";"2";"99";"0";"2";"1";"1";"1";""
"202100052941";"107Â 090";"A01";"0";"7";"0";"1";"0";"1";"6";""
"202100052942";"107Â 089";"A01";"1";"15";"3";"0";"7";"14";"1";""
"202100052943";"107Â 088";"A01";"0";"7";"4";"0";"3";"26";"1";""
"202100052944";"107Â 086";"B01";"2";"15";"0";"2";"4";"2";"1";""
"202100052944";"107Â 087";"A01";"2";"15";"0";"2";"1";"2";"1";""
"202100052945";"107Â 084";"A01";"2";"38";"0";"2";"2";"19";"1";"2"
"202100052945";"107Â 085";"B01";"2";"10";"0";"2";"5";"21";"1";""
"202100052946";"107Â 082";"B01";"2";"7";"0";"2";"2";"0";"1";""
"202100052946";"107Â 083";"A01";"2";"7";"0";"2";"3";"0";"1";""
"202100052947";"107Â 078";"D01";"2";"7";"0";"2";"1";"2";"1";""
"202100052947";"107Â 079";"B01";"2";"7";"0";"2";"1";"2";"1";""
"202100052947";"107Â 080";"A01";"2";"7";"0";"0";"4";"1";"1";""
"202100052947";"107Â 081";"C01";"2";"10";"0";"2";"4";"2";"1";""
"202100052948";"107Â 076";"A01";"1";"17";"0";"2";"2";"2";"1";""
"202100052948";"107Â 077";"B01";"1";"7";"0";"0";"4";"2";"1";""
"202100052949";"107Â 074";"A01";"2";"7";"0";"2";"2";"1";"1";""
"202100052949";"107Â 075";"B01";"2";"1";"0";"2";"6";"1";"5";""
"202100052950";"107Â 072";"A01";"1";"2";"0";"2";"1";"13";"1";""
"202100052950";"107Â 073";"B01";"2";"38";"0";"2";"3";"1";"1";"1"
"202100052951";"107Â 071";"A01";"1";"7";"13";"0";"7";"1";"1";""
"202100052952";"107Â 067";"B01";"1";"1";"0";"0";"4";"2";"5";""
"202100052952";"107Â 068";"A01";"1";"1";"0";"9";"1";"2";"5";""
"202100052953";"107Â 066";"A01";"2";"7";"0";"0";"2";"1";"1";""
"202100052954";"107Â 064";"B01";"1";"7";"0";"2";"2";"1";"1";""
"202100052954";"107Â 065";"A01";"2";"10";"0";"0";"2";"1";"1";""
"202100052955";"107Â 063";"A01";"3";"7";"6";"0";"1";"1";"1";""
"202100052956";"107Â 062";"A01";"3";"10";"0";"1";"3";"1";"1";""
"202100052957";"107Â 060";"B01";"1";"7";"0";"2";"9";"1";"1";""
"202100052957";"107Â 061";"A01";"2";"17";"0";"2";"1";"0";"1";""
"202100052958";"107Â 059";"A01";"1";"7";"2";"0";"1";"1";"1";""
"202100052959";"107Â 057";"A01";"1";"7";"0";"2";"1";"1";"1";""
"202100052959";"107Â 058";"B01";"1";"7";"7";"2";"6";"15";"1";""
"202100052960";"107Â 053";"B01";"2";"14";"0";"0";"6";"1";"1";""
"202100052960";"107Â 054";"A01";"2";"10";"0";"2";"2";"17";"1";""
"202100052961";"107Â 051";"Z01";"2";"7";"0";"2";"3";"18";"0";""
"202100052961";"107Â 052";"B01";"2";"7";"0";"2";"5";"1";"1";""
"202100052962";"107Â 049";"A01";"2";"7";"0";"2";"1";"2";"1";""
"202100052962";"107Â 050";"B01";"2";"7";"0";"2";"4";"2";"1";""
"202100052963";"107Â 047";"A01";"2";"17";"0";"2";"2";"12";"1";""
"202100052963";"107Â 048";"B01";"2";"7";"0";"2";"4";"1";"1";""
"202100052964";"107Â 046";"A01";"1";"7";"0";"0";"9";"1";"1";""
"202100052965";"107Â 044";"B01";"1";"30";"0";"2";"8";"1";"1";""
"202100052965";"107Â 045";"Z01";"2";"7";"0";"2";"3";"13";"1";""
"202100052966";"107Â 041";"A01";"1";"1";"0";"2";"8";"19";"5";""
"202100052966";"107Â 042";"C01";"1";"7";"0";"2";"1";"2";"1";""
"202100052966";"107Â 043";"B01";"2";"7";"0";"0";"0";"0";"1";""
"202100052967";"107Â 040";"A01";"2";"2";"0";"2";"4";"15";"1";""
"202100052968";"107Â 038";"A01";"1";"7";"0";"2";"6";"2";"1";""
"202100052968";"107Â 039";"B01";"1";"10";"0";"2";"1";"2";"1";""
"202100052969";"107Â 034";"B01";"3";"7";"0";"2";"5";"15";"1";""
"202100052969";"107Â 035";"A01";"3";"1";"0";"2";"1";"1";"6";""
"202100052970";"107Â 032";"A01";"3";"3";"0";"2";"0";"0";"1";""
"202100052970";"107Â 033";"B01";"3";"7";"8";"2";"8";"1";"1";""
"202100052971";"107Â 030";"A01";"2";"7";"6";"1";"1";"26";"1";""
"202100052971";"107Â 031";"B01";"2";"7";"0";"2";"7";"15";"1";""
"202100052972";"107Â 028";"A01";"2";"7";"0";"2";"4";"23";"1";""
"202100052972";"107Â 029";"B01";"2";"10";"0";"2";"1";"1";"1";""
"202100052973";"107Â 027";"A01";"1";"37";"0";"1";"1";"1";"1";"1"
"202100052974";"107Â 025";"A01";"1";"7";"0";"2";"1";"1";"1";""
"202100052974";"107Â 026";"B01";"2";"7";"0";"2";"8";"1";"1";""
"202100052975";"107Â 023";"A01";"1";"30";"0";"2";"1";"1";"1";""
"202100052975";"107Â 024";"B01";"2";"7";"0";"2";"1";"15";"1";""
"202100052976";"107Â 022";"A01";"1";"7";"0";"1";"2";"26";"1";""
"202100052977";"107Â 021";"A01";"1";"7";"0";"1";"1";"1";"1";""
"202100052978";"107Â 019";"A01";"1";"7";"0";"2";"2";"17";"1";""
"202100052978";"107Â 020";"B01";"1";"7";"0";"2";"3";"15";"1";""
"202100052979";"107Â 018";"A01";"1";"30";"0";"1";"1";"14";"1";""
"202100052980";"107Â 017";"A01";"3";"7";"0";"1";"1";"1";"1";""
"202100052981";"107Â 015";"B01";"1";"10";"0";"2";"7";"1";"1";""
"202100052981";"107Â 016";"A01";"1";"7";"0";"2";"3";"15";"1";""
"202100052982";"107Â 011";"D01";"2";"7";"0";"2";"0";"0";"1";""
"202100052982";"107Â 012";"C01";"2";"7";"0";"2";"0";"1";"1";""
"202100052982";"107Â 013";"B01";"2";"7";"0";"2";"4";"1";"1";""
"202100052982";"107Â 014";"A01";"2";"7";"0";"2";"9";"26";"1";""
"202100052983";"107Â 009";"B01";"2";"34";"0";"2";"1";"1";"1";""
"202100052983";"107Â 010";"A01";"2";"7";"0";"2";"6";"26";"1";""
"202100052984";"107Â 008";"Z01";"1";"7";"0";"1";"5";"1";"1";""
"202100052985";"107Â 007";"A01";"1";"7";"0";"1";"1";"1";"1";""
"202100052986";"107Â 005";"A01";"2";"2";"0";"2";"3";"1";"1";""
"202100052986";"107Â 006";"B01";"2";"7";"0";"2";"5";"23";"1";""
"202100052987";"107Â 003";"A01";"1";"7";"0";"2";"1";"2";"1";""
"202100052987";"107Â 004";"B01";"1";"99";"0";"2";"4";"23";"1";""
"202100052988";"107Â 001";"B01";"2";"30";"0";"2";"8";"1";"1";""
"202100052988";"107Â 002";"A01";"1";"30";"0";"2";"1";"1";"3";""
"202100052989";"107Â 000";"Z01";"2";"50";"0";"1";"8";"1";"3";""
"202100052990";"106Â 999";"A01";"1";"1";"0";"2";"4";"1";"5";""
"202100052991";"106Â 998";"A01";"1";"30";"0";"1";"3";"17";"1";""
"202100052992";"106Â 997";"A01";"1";"10";"0";"1";"2";"16";"1";""
"202100052993";"106Â 995";"Z01";"1";"10";"0";"2";"0";"26";"0";""
"202100052993";"106Â 996";"B01";"2";"2";"0";"2";"6";"0";"1";""
"202100052994";"106Â 993";"B01";"1";"32";"0";"2";"0";"15";"1";""
"202100052994";"106Â 994";"A01";"1";"37";"0";"2";"8";"15";"1";"1"
"202100052995";"106Â 991";"A01";" -1";"7";"16";"2";"6";"9";"1";""
"202100052995";"106Â 992";"B01";" -1";"7";"0";"2";"1";"1";"1";""
"202100052996";"106Â 989";"A01";"1";"7";"0";"2";"0";"0";"0";""
"202100052996";"106Â 990";"B01";"1";"7";"0";"2";"1";"26";"0";""
"202100052997";"106Â 987";"B01";"1";"30";"0";"2";"1";"5";"1";""
"202100052997";"106Â 988";"A01";"1";"7";"0";"2";"3";"10";"1";""
"202100052998";"106Â 985";"B01";"1";"7";"0";"0";"3";"1";"1";""
"202100052998";"106Â 986";"A01";"2";"7";"0";"0";"3";"1";"1";""
"202100052999";"106Â 984";"A01";"0";"7";"0";"1";"1";"1";"1";""