"Num_Acc";"id_vehicule";"num_veh";"senc";"catv";"obs";"obsm";"choc";"manv";"motor";"occutc"
"202100053000";"106Â 983";"A01";"1";"7";"13";"0";"2";"14";"1";""
"202100053001";"106Â 981";"B01";"2";"7";"0";"2";"1";"0";"1";""
"202100053001";"106Â 982";"A01";"3";"7";"0";"2";"8";"0";"1";""
"202100053002";"106Â 977";"A01";"1";"7";"0";"2";"1";"13";"1";""
"202100053002";"106Â 978";"B01";"1";"7";"0";"0";"8";"1";"1";""
"202100053002";"106Â 979";"C01";"1";"7";"0";"0";"3";"1";"1";""
"202100053002";"106Â 980";"D01";"1";"7";"14";"0";"1";"1";"1";""
"202100053003";"106Â 976";"A01";"3";"7";"0";"1";"6";"4";"1";""
"202100053004";"106Â 975";"A01";"2";"7";"13";"0";"9";"1";"1";""
"202100053005";"106Â 973";"B01";"1";"7";"0";"2";"1";"1";"1";""
"202100053005";"106Â 974";"A01";"2";"7";"0";"2";"2";"26";"1";""
"202100053006";"106Â 972";"A01";"1";"33";"15";"0";"7";"1";"1";""
"202100053007";"106Â 970";"B01";"1";"7";"0";"2";"1";"2";"1";""
"202100053007";"106Â 971";"A01";"1";"7";"0";"2";"6";"1";"1";""
"202100053008";"106Â 968";"A01";"2";"7";"0";"2";"1";"13";"1";""
"202100053008";"106Â 969";"B01";"1";"7";"0";"2";"1";"1";"1";""
"202100053009";"106Â 967";"A01";"1";"7";"6";"0";"0";"1";"0";""
"202100053010";"106Â 963";"B01";"1";"7";"0";"2";"1";"1";"1";""
"202100053010";"106Â 964";"A01";"1";"7";"0";"2";"8";"19";"1";""
"202100053011";"106Â 962";"A01";"2";"31";"0";"0";"0";"21";"1";""
"202100053012";"106Â 961";"A01";"2";"7";"4";"0";"8";"9";"1";""
"202100053013";"106Â 959";"B01";"0";"7";"0";"2";"1";"1";"1";""
"202100053013";"106Â 960";"A01";"0";"7";"0";"2";"1";"17";"1";""
"202100053014";"106Â 958";"A01";"2";"7";"7";"0";"1";"14";"1";""
"202100053015";"106Â 957";"A01";"1";"7";"6";"0";"3";"1";"1";""
"202100053016";"106Â 955";"B01";"3";"7";"0";"2";"3";"1";"1";""
"202100053016";"106Â 956";"A01";"3";"7";"0";"2";"3";"1";"1";""
"202100053017";"106Â 952";"A01";"2";"10";"0";"2";"1";"2";"1";""
"202100053017";"106Â 953";"B01";"2";"7";"0";"2";"4";"2";"1";""
"202100053017";"106Â 954";"C01";"2";"7";"0";"2";"4";"2";"1";""
"202100053018";"106Â 950";"B01";"2";"7";"0";"2";"2";"1";"2";""
"202100053018";"106Â 951";"A01";"2";"2";"0";"2";"3";"2";"1";""
"202100053019";"106Â 949";"A01";"1";"7";"6";"0";"4";"0";"1";""
"202100053020";"106Â 948";"A01";"1";"2";"8";"0";"2";"9";"1";""
"202100053021";"106Â 947";"A01";"2";"7";"13";"0";"2";"0";"1";""
"202100053022";"106Â 946";"A01";"2";"7";"8";"0";"1";"1";"1";""
"202100053023";"106Â 945";"A01";"0";"7";"13";"0";"1";"15";"1";""
"202100053024";"106Â 943";"B01";"1";"2";"0";"2";"1";"1";"1";""
"202100053024";"106Â 944";"A01";"0";"7";"0";"2";"7";"19";"1";""
"202100053025";"106Â 941";"B01";"1";"7";"0";"2";"1";"1";"1";""
"202100053025";"106Â 942";"A01";"2";"7";"0";"2";"3";"26";"1";""
"202100053026";"106Â 939";"A01";"1";"7";"0";"2";"4";"1";"1";""
"202100053026";"106Â 940";"B01";"1";"7";"0";"2";"1";"2";"1";""
"202100053027";"106Â 937";"B01";"2";"7";"0";"2";"3";"12";"1";""
"202100053027";"106Â 938";"A01";"1";"7";"0";"2";"4";"1";"1";""
"202100053028";"106Â 935";"A01";"2";"7";"0";"2";"4";"2";"1";""
"202100053028";"106Â 936";"B01";"2";"7";"0";"2";"1";"2";"1";""
"202100053029";"106Â 934";"A01";"2";"7";"16";"0";"9";"13";"1";""
"202100053030";"106Â 932";"Z01";"2";"7";"0";"2";"2";"2";"0";""
"202100053030";"106Â 933";"A01";"2";"7";"4";"2";"6";"1";"1";""
"202100053031";"106Â 931";"A01";"2";"7";"4";"0";"1";"18";"1";""
"202100053032";"106Â 927";"B01";"2";"7";"0";"2";"3";"1";"1";""
"202100053032";"106Â 928";"C01";"2";"7";"0";"2";"9";"21";"1";""
"202100053032";"106Â 929";"D01";"2";"7";"0";"2";"6";"1";"1";""
"202100053032";"106Â 930";"A01";"1";"7";"0";"2";"3";"5";"1";""
"202100053033";"106Â 925";"A01";"1";"7";"0";"2";"1";"2";"1";""
"202100053033";"106Â 926";"B01";"1";"7";"0";"2";"4";"2";"1";""
"202100053034";"106Â 924";"A01";"2";"7";"4";"0";"1";"14";"1";""
"202100053035";"106Â 922";"B01";"1";"7";"0";"2";"4";"2";"1";""
"202100053035";"106Â 923";"A01";"2";"7";"0";"2";"1";"1";"1";""
"202100053036";"106Â 921";"A01";"1";"7";"3";"0";"1";"1";"1";""
"202100053037";"106Â 919";"B01";"1";"7";"0";"0";"5";"1";"1";""
"202100053037";"106Â 920";"A01";"1";"33";"0";"0";"0";"0";"1";""
"202100053038";"106Â 917";"B01";"1";"7";"0";"2";"4";"1";"1";""
"202100053038";"106Â 918";"A01";"1";"7";"0";"2";"9";"1";"1";""
"202100053039";"106Â 916";"A01";"1";"33";"0";"0";"9";"1";"1";""
"202100053040";"106Â 914";"A01";"1";"7";"0";"2";"3";"13";"1";""
"202100053040";"106Â 915";"B01";"1";"7";"0";"2";"2";"1";"1";""
"202100053041";"106Â 912";"B01";"1";"1";"0";"2";"4";"1";"5";""
"202100053041";"106Â 913";"A01";"1";"7";"0";"2";"2";"1";"1";""
"202100053042";"106Â 910";"A01";"2";"33";"0";"2";"1";"3";"1";""
"202100053042";"106Â 911";"B01";"2";"7";"0";"2";"3";"9";"1";""
"202100053043";"106Â 908";"B01";"1";"7";"0";"2";"5";"23";"1";""
"202100053043";"106Â 909";"A01";"1";"1";"0";"2";"1";"1";"5";""
"202100053044";"106Â 906";"B01";"2";"7";"0";"2";"5";"1";"1";""
"202100053044";"106Â 907";"A01";"2";"7";"0";"2";"1";"1";"1";""
"202100053045";"106Â 904";"A01";"2";"10";"0";"2";"3";"1";"1";""
"202100053045";"106Â 905";"B01";"3";"33";"0";"2";"0";"16";"1";""
"202100053046";"106Â 902";"B01";"2";"7";"0";"2";"1";"15";"1";""
"202100053046";"106Â 903";"A01";"1";"2";"0";"2";"1";"26";"3";""
"202100053047";"106Â 900";"A01";"1";"7";"0";"2";"1";"2";"1";""
"202100053047";"106Â 901";"B01";"1";"7";"0";"0";"4";"2";"1";""
"202100053048";"106Â 899";"A01";"1";"33";"12";"0";"3";"1";"1";""
"202100053049";"106Â 898";"A01";"1";"7";"1";"0";"1";"1";"1";""
"202100053050";"106Â 897";"A01";"3";"7";"8";"0";"1";"15";"1";""
"202100053051";"106Â 896";"Z01";"2";"10";"0";"1";"6";"26";"0";""
"202100053052";"106Â 894";"B01";"3";"50";"0";"2";"1";"25";"3";""
"202100053052";"106Â 895";"A01";"3";"7";"0";"2";"1";"16";"1";""
"202100053053";"106Â 892";"A01";"2";"2";"0";"2";"1";"1";"1";""
"202100053053";"106Â 893";"B01";"2";"7";"0";"0";"4";"2";"1";""
"202100053054";"106Â 890";"A01";"3";"80";"0";"2";"1";"1";"3";""
"202100053054";"106Â 891";"B01";"3";"7";"0";"2";"3";"1";"1";""
"202100053055";"106Â 888";"B01";"2";"1";"0";"2";"4";"1";"5";""
"202100053055";"106Â 889";"A01";"1";"10";"0";"2";"1";"9";"1";""
"202100053056";"106Â 886";"B01";"1";"7";"0";"2";"6";"15";"2";""
"202100053056";"106Â 887";"A01";"1";"33";"0";"2";"1";"17";"1";""
"202100053057";"106Â 884";"B01";"2";"30";"0";"2";"4";"1";"1";""
"202100053057";"106Â 885";"A01";"2";"7";"14";"0";"1";"9";"1";""
"202100053058";"106Â 883";"A01";"2";"7";"13";"0";"1";"13";"1";""
"202100053059";"106Â 882";"A01";"1";"7";"13";"0";"1";"14";"1";""
"202100053060";"106Â 881";"A01";"3";"2";"14";"0";"1";"1";"1";""
"202100053061";"106Â 879";"B01";"3";"7";"0";"2";"8";"1";"1";""
"202100053061";"106Â 880";"A01";"3";"7";"0";"2";"3";"1";"1";""
"202100053062";"106Â 877";"A01";"2";"30";"0";"2";"1";"9";"1";""
"202100053062";"106Â 878";"B01";"2";"7";"0";"2";"2";"1";"1";""
"202100053063";"106Â 873";"C01";"2";"7";"0";"2";"9";"1";"1";""
"202100053063";"106Â 874";"A01";"1";"7";"0";"2";"3";"15";"1";""
"202100053063";"106Â 875";"D01";"2";"7";"0";"2";"7";"1";"1";""
"202100053063";"106Â 876";"B01";"2";"7";"0";"2";"1";"1";"1";""
"202100053064";"106Â 869";"B01";"3";"1";"0";"2";"1";"2";"5";""
"202100053064";"106Â 870";"A01";"3";"14";"0";"2";"0";"1";"1";""
"202100053065";"106Â 868";"A01";"2";"7";"7";"0";"7";"1";"1";""
"202100053066";"106Â 867";"A01";"0";"7";"0";"1";"2";"1";"1";""
"202100053067";"106Â 864";"C01";"1";"7";"0";"2";"1";"0";"0";""
"202100053067";"106Â 865";"B01";"1";"7";"0";"2";"3";"0";"0";""
"202100053067";"106Â 866";"A01";"2";"7";"0";"2";"1";"19";"0";""
"202100053068";"106Â 863";"A01";"1";"7";"0";"1";"3";"1";"1";""
"202100053069";"106Â 862";"A01";"1";"7";"0";"1";"1";"19";"1";""
"202100053070";"106Â 860";"B01";"1";"7";"9";"2";"7";"2";"1";""
"202100053070";"106Â 861";"A01";"1";"7";"9";"2";"1";"13";"1";""
"202100053071";"106Â 859";"A01";"1";"7";"8";"0";"1";"1";"1";""
"202100053072";"106Â 857";"A01";"3";"7";"0";"2";"3";"10";"1";""
"202100053072";"106Â 858";"B01";"3";"2";"0";"2";"1";"2";"1";""
"202100053073";"106Â 855";"B01";"1";"2";"0";"2";"8";"2";"1";""
"202100053073";"106Â 856";"A01";"1";"7";"0";"2";"7";"12";"1";""
"202100053074";"106Â 854";"A01";"1";"32";"0";"0";"3";"11";"1";""
"202100053075";"106Â 853";"A01";"2";"32";"0";"2";"1";"1";"1";""
"202100053076";"106Â 851";"A01";"2";"13";"0";"2";"2";"12";"1";""
"202100053076";"106Â 852";"B01";"2";"7";"0";"2";"3";"1";"1";""
"202100053077";"106Â 850";"A01";"1";"7";"1";"0";"2";"14";"1";""
"202100053078";"106Â 848";"B01";"1";"7";"0";"2";"1";"1";"1";""
"202100053078";"106Â 849";"A01";"2";"30";"0";"2";"1";"15";"1";""
"202100053079";"106Â 847";"A01";"1";"7";"0";"1";"7";"16";"1";""
"202100053080";"106Â 845";"A01";"1";"31";"0";"2";"0";"1";"1";""
"202100053080";"106Â 846";"Z01";"1";"7";"0";"2";"0";"9";"0";""
"202100053081";"106Â 844";"A01";"1";"30";"0";"1";"3";"1";"1";""
"202100053082";"106Â 843";"A01";"2";"1";"0";"1";"0";"1";"5";""
"202100053083";"106Â 842";"A01";"3";"32";"12";"0";"1";"13";"1";""
"202100053084";"106Â 840";"A01";"2";"7";"0";"2";"7";"13";"1";""
"202100053084";"106Â 841";"B01";"2";"33";"0";"2";"7";"17";"1";""
"202100053085";"106Â 838";"B01";"1";"30";"0";"2";"3";"1";"1";""
"202100053085";"106Â 839";"A01";"1";"7";"0";"2";"3";"15";"2";""
"202100053086";"106Â 837";"A01";"1";"7";"0";"1";"1";"1";"1";""
"202100053087";"106Â 835";"B01";"3";"2";"0";"0";"0";"0";"1";""
"202100053087";"106Â 836";"A01";"1";"7";"0";"2";"1";"2";"0";""
"202100053088";"106Â 833";"B01";"3";"7";"0";"2";"8";"15";"1";""
"202100053088";"106Â 834";"A01";"1";"7";"0";"2";"1";"1";"1";""
"202100053089";"106Â 832";"A01";"1";"7";"0";"1";"3";"18";"0";""
"202100053090";"106Â 831";"A01";"2";"1";"12";"0";"1";"1";"5";""
"202100053091";"106Â 830";"A01";"1";"7";"8";"0";"1";"18";"1";""
"202100053092";"106Â 829";"A01";"1";"7";"3";"0";"1";"1";"1";""
"202100053093";"106Â 826";"B01";"1";"7";"1";"0";"9";"23";"1";""
"202100053093";"106Â 827";"C01";"1";"7";"1";"0";"1";"16";"1";""
"202100053093";"106Â 828";"A01";"1";"7";"0";"2";"6";"23";"1";""
"202100053094";"106Â 825";"A01";"2";"7";"1";"1";"4";"4";"1";""
"202100053095";"106Â 824";"A01";"2";"32";"14";"0";"3";"13";"1";""
"202100053096";"106Â 823";"A01";"1";"32";"0";"0";"1";"26";"1";""
"202100053097";"106Â 821";"A01";"0";"7";"0";"2";"5";"16";"1";""
"202100053097";"106Â 822";"Y01";"0";"7";"0";"2";"0";"9";"0";""
"202100053098";"106Â 820";"A01";"0";"7";"0";"1";"7";"1";"1";""
"202100053099";"106Â 818";"B01";"2";"30";"0";"2";"1";"14";"1";""
"202100053099";"106Â 819";"A01";"1";"7";"1";"2";"3";"17";"1";""
"202100053100";"106Â 816";"B01";"1";"7";"0";"2";"6";"15";"1";""
"202100053100";"106Â 817";"A01";"1";"31";"0";"2";"1";"1";"1";""
"202100053101";"106Â 814";"B01";"1";"2";"0";"2";"8";"15";"1";""
"202100053101";"106Â 815";"A01";"1";"7";"0";"2";"7";"15";"1";""
"202100053102";"106Â 813";"A01";"1";"7";"0";"1";"1";"1";"1";""
"202100053103";"106Â 812";"A01";"2";"33";"3";"0";"0";"1";"1";""
"202100053104";"106Â 810";"B01";"1";"7";"0";"2";"1";"1";"1";""
"202100053104";"106Â 811";"A01";"2";"7";"0";"2";"1";"13";"1";""
"202100053105";"106Â 808";"B01";"2";"7";"0";"2";"3";"1";"1";""
"202100053105";"106Â 809";"A01";"1";"7";"0";"2";"2";"5";"1";""
"202100053106";"106Â 806";"A01";"1";"7";"0";"1";"2";"1";"1";""
"202100053106";"106Â 807";"B01";"1";"15";"0";"1";"2";"1";"1";""
"202100053107";"106Â 805";"A01";"3";"31";"8";"0";"1";"1";"1";""
"202100053108";"106Â 802";"A01";"1";"33";"0";"2";"1";"13";"1";""
"202100053108";"106Â 803";"B01";"1";"7";"0";"2";"6";"1";"1";""
"202100053108";"106Â 804";"C01";"1";"7";"0";"2";"8";"1";"1";""
"202100053109";"106Â 801";"A01";"1";"7";"13";"0";"2";"13";"1";""
"202100053110";"106Â 799";"B01";"3";"7";"0";"2";"1";"15";"1";""
"202100053110";"106Â 800";"A01";"0";"7";"0";"2";"6";"19";"1";""
"202100053111";"106Â 797";"A01";"1";"7";"0";"2";"1";"1";"1";""
"202100053111";"106Â 798";"B01";"2";"10";"0";"2";"1";"1";"1";""
"202100053112";"106Â 796";"A01";"2";"7";"13";"0";"1";"1";"1";""
"202100053113";"106Â 795";"A01";"2";"10";"8";"0";"0";"0";"1";""
"202100053114";"106Â 793";"B01";"2";"7";"0";"2";"8";"15";"1";""
"202100053114";"106Â 794";"A01";"2";"7";"0";"2";"1";"17";"6";""
"202100053115";"106Â 792";"A01";"1";"7";"2";"0";"2";"1";"1";""
"202100053116";"106Â 789";"A01";"2";"7";"0";"2";"3";"13";"1";""
"202100053116";"106Â 790";"B01";"1";"7";"0";"2";"3";"1";"1";""
"202100053116";"106Â 791";"C01";"1";"7";"0";"2";"7";"1";"1";""
"202100053117";"106Â 788";"A01";"3";"7";"13";"0";"3";"13";"1";""
"202100053118";"106Â 787";"A01";"3";"2";"14";"9";"1";"1";"1";""
"202100053119";"106Â 786";"A01";"2";"7";"0";"0";"1";"1";"1";""
"202100053120";"106Â 784";"B01";"1";"2";"0";"2";"1";"5";"1";""
"202100053120";"106Â 785";"A01";"2";"7";"0";"2";"2";"1";"1";""
"202100053121";"106Â 782";"A01";"2";"7";"0";"0";"8";"1";"1";""
"202100053121";"106Â 783";"B01";"2";"34";"0";"2";"7";"17";"1";""
"202100053122";"106Â 781";"A01";"1";"7";"3";"0";"8";"1";"1";""
"202100053123";"106Â 780";"A01";"0";"33";"0";"0";"0";"0";"1";""
"202100053124";"106Â 778";"A01";"1";"32";"0";"2";"7";"17";"1";""
"202100053124";"106Â 779";"B01";"1";"1";"0";"2";"8";"1";"1";""
"202100053125";"106Â 777";"A01";"0";"7";"2";"0";"1";"0";"1";""
"202100053126";"106Â 776";"A01";"1";"7";"6";"0";"2";"14";"1";""
"202100053127";"106Â 774";"A01";"2";"7";"0";"9";"1";"19";"1";""
"202100053127";"106Â 775";"B01";"1";"1";"0";"2";"7";"19";"5";""
"202100053128";"106Â 773";"A01";"3";"10";"0";"1";"4";"4";"1";""
"202100053129";"106Â 772";"A01";"1";"7";"13";"0";"2";"14";"1";""
"202100053130";"106Â 770";"A01";"2";"10";"1";"0";"6";"1";"1";""
"202100053131";"106Â 769";"A01";"1";"7";"2";"0";"1";"21";"1";""
"202100053132";"106Â 768";"A01";"1";"33";"0";"0";"8";"16";"1";""
"202100053133";"106Â 767";"A01";"1";"2";"0";"0";"0";"0";"1";""
"202100053134";"106Â 765";"A01";"1";"7";"16";"2";"8";"1";"1";""
"202100053134";"106Â 766";"B01";"2";"7";"0";"2";"8";"17";"1";""
"202100053135";"106Â 763";"B01";"0";"7";"0";"0";"1";"1";"1";""
"202100053135";"106Â 764";"A01";"0";"7";"0";"0";"1";"15";"1";""
"202100053136";"106Â 762";"A01";"2";"7";"6";"0";"1";"6";"1";""
"202100053137";"106Â 761";"A01";"1";"36";"6";"0";"2";"0";"1";""
"202100053138";"106Â 760";"A01";"1";"7";"6";"0";"1";"0";"1";""
"202100053139";"106Â 757";"A01";"2";"7";"3";"2";"4";"2";"1";""
"202100053139";"106Â 758";"B01";"2";"7";"3";"2";"4";"2";"1";""
"202100053139";"106Â 759";"C01";"2";"7";"3";"2";"1";"2";"1";""
"202100053140";"106Â 755";"A01";"2";"7";"0";"2";"2";"1";"1";""
"202100053140";"106Â 756";"B01";"2";"7";"0";"2";"6";"1";"1";""
"202100053141";"106Â 752";"B01";"2";"7";"0";"2";"4";"2";"1";""
"202100053141";"106Â 753";"A01";"2";"7";"0";"2";"1";"2";"1";""
"202100053141";"106Â 754";"C01";"2";"7";"0";"2";"4";"0";"2";""
"202100053142";"106Â 751";"A01";"1";"7";"2";"0";"2";"1";"1";""
"202100053143";"106Â 750";"A01";"2";"33";"0";"0";"8";"26";"1";""
"202100053144";"106Â 749";"A01";"1";"7";"0";"0";"0";"1";"1";""
"202100053145";"106Â 747";"A01";"1";"33";"0";"2";"2";"3";"1";""
"202100053145";"106Â 748";"B01";"1";"7";"0";"2";"3";"11";"1";""
"202100053146";"106Â 744";"A01";"1";"7";"0";"2";"1";"21";"1";""
"202100053146";"106Â 745";"B01";"1";"7";"0";"2";"5";"2";"1";""
"202100053146";"106Â 746";"C01";"1";"7";"0";"2";"4";"0";"1";""
"202100053147";"106Â 743";"A01";"1";"7";"0";"0";"9";"1";"1";""
"202100053148";"106Â 740";"A01";"2";"7";"0";"2";"1";"1";"1";""
"202100053148";"106Â 741";"C01";"2";"10";"0";"2";"2";"1";"1";""
"202100053148";"106Â 742";"B01";"2";"10";"0";"2";"4";"1";"1";""
"202100053149";"106Â 737";"B01";"1";"7";"0";"2";"6";"23";"1";""
"202100053149";"106Â 738";"A01";"1";"10";"0";"2";"2";"21";"1";""
"202100053149";"106Â 739";"C01";"1";"7";"0";"2";"4";"0";"1";""
"202100053150";"106Â 735";"B01";"1";"10";"0";"2";"6";"23";"1";""
"202100053150";"106Â 736";"A01";"1";"33";"1";"0";"1";"2";"1";""
"202100053151";"106Â 732";"A01";"1";"7";"0";"2";"1";"2";"1";""
"202100053151";"106Â 733";"B01";"1";"7";"0";"2";"1";"2";"1";""
"202100053151";"106Â 734";"C01";"1";"7";"0";"2";"4";"23";"1";""
"202100053152";"106Â 730";"B01";"0";"10";"0";"0";"0";"0";"1";""
"202100053152";"106Â 731";"A01";"1";"33";"2";"2";"1";"17";"1";""
"202100053153";"106Â 729";"A01";"1";"7";"1";"1";"3";"13";"1";""
"202100053154";"106Â 726";"C01";"3";"7";"0";"2";"4";"1";"1";""
"202100053154";"106Â 727";"B01";"3";"7";"0";"2";"4";"1";"1";""
"202100053154";"106Â 728";"A01";"3";"14";"0";"2";"1";"1";"1";""
"202100053155";"106Â 724";"B01";"2";"7";"0";"2";"8";"15";"1";""
"202100053155";"106Â 725";"A01";"2";"33";"0";"2";"7";"17";"1";""
"202100053156";"106Â 722";"A01";"1";"7";"0";"2";"8";"16";"1";""
"202100053156";"106Â 723";"B01";"1";"7";"0";"2";"2";"1";"1";""
"202100053157";"106Â 721";"A01";"1";"7";"0";"1";"8";"2";"1";""
"202100053158";"106Â 718";"C01";"2";"7";"0";"2";"6";"2";"1";""
"202100053158";"106Â 719";"B01";"2";"7";"0";"2";"4";"2";"1";""
"202100053158";"106Â 720";"A01";"2";"10";"0";"2";"1";"2";"1";""
"202100053159";"106Â 716";"B01";"2";"7";"0";"2";"8";"1";"1";""
"202100053159";"106Â 717";"A01";"2";"32";"0";"2";"1";"1";"1";""
"202100053160";"106Â 714";"A01";"3";"7";"0";"2";"3";"2";"1";""
"202100053160";"106Â 715";"B01";"3";"7";"0";"2";"5";"1";"1";""
"202100053161";"106Â 712";"A01";"2";"7";"0";"0";"0";"14";"1";""
"202100053161";"106Â 713";"B01";"2";"1";"0";"0";"0";"21";"5";""
"202100053162";"106Â 710";"A01";"2";"30";"0";"2";"1";"1";"1";""
"202100053162";"106Â 711";"B01";"2";"7";"0";"2";"8";"15";"1";""
"202100053163";"106Â 708";"B01";"2";"32";"0";"2";"3";"0";"1";""
"202100053163";"106Â 709";"A01";"2";"7";"1";"2";"3";"15";"1";""
"202100053164";"106Â 706";"A01";"1";"50";"0";"2";"2";"15";"3";""
"202100053164";"106Â 707";"B01";"2";"32";"0";"2";"1";"1";"1";""
"202100053165";"106Â 704";"B01";"2";"7";"0";"2";"1";"1";"1";""
"202100053165";"106Â 705";"A01";"2";"7";"0";"2";"7";"19";"1";""
"202100053166";"106Â 702";"A01";"2";"7";"0";"2";"2";"15";"1";""
"202100053166";"106Â 703";"B01";"1";"7";"0";"2";"1";"1";"1";""
"202100053167";"106Â 699";"A01";"2";"37";"0";"9";"7";"1";"0";"0"
"202100053167";"106Â 700";"B01";"2";"2";"0";"2";"8";"26";"1";""
"202100053168";"106Â 696";"B01";"1";"7";"0";"2";"1";"1";"1";""
"202100053168";"106Â 697";"C01";"2";"7";"0";"2";"1";"24";"2";""
"202100053168";"106Â 698";"A01";"1";"7";"0";"2";"1";"15";"1";""
"202100053169";"106Â 695";"A01";"1";"30";"0";"0";"7";"9";"1";""
"202100053170";"106Â 694";"A01";"2";"7";"4";"0";"9";"13";"1";""
"202100053171";"106Â 692";"B01";"3";"7";"0";"2";"3";"1";"1";""
"202100053171";"106Â 693";"A01";"3";"7";"0";"2";"2";"1";"1";""
"202100053172";"106Â 690";"B01";"2";"32";"0";"2";"1";"1";"1";""
"202100053172";"106Â 691";"A01";"1";"10";"0";"2";"7";"15";"1";""
"202100053173";"106Â 688";"A01";"1";"7";"0";"2";"5";"1";"1";""
"202100053173";"106Â 689";"B01";"2";"7";"0";"2";"1";"1";"1";""
"202100053174";"106Â 687";"A01";"1";"7";"0";"1";"2";"16";"1";""
"202100053175";"106Â 684";"A01";"0";"7";"0";"2";"1";"15";"1";""
"202100053175";"106Â 685";"B01";"0";"1";"0";"2";"1";"1";"5";""
"202100053176";"106Â 683";"A01";"3";"7";"0";"1";"7";"11";"1";""
"202100053177";"106Â 681";"A01";"2";"2";"0";"2";"3";"12";"1";""
"202100053177";"106Â 682";"B01";"2";"7";"0";"2";"5";"1";"1";""
"202100053178";"106Â 679";"A01";"1";"7";"0";"2";"0";"1";"0";""
"202100053178";"106Â 680";"B01";"2";"1";"0";"2";"4";"15";"5";""
"202100053179";"106Â 678";"A01";"1";"32";"0";"0";"0";"16";"1";""
"202100053180";"106Â 677";"A01";"0";"7";"0";"2";"1";"1";"1";""
"202100053181";"106Â 674";"A01";"0";"7";"0";"2";"1";"13";"1";""
"202100053181";"106Â 675";"B01";"0";"7";"0";"2";"8";"1";"1";""
"202100053181";"106Â 676";"C01";"0";"7";"0";"2";"1";"1";"1";""
"202100053182";"106Â 673";"A01";"1";"7";"0";"1";"1";"1";"1";""
"202100053183";"106Â 671";"A01";"1";"7";"0";"2";"3";"7";"1";""
"202100053183";"106Â 672";"B01";"1";"37";"0";"2";"2";"1";"1";"5"
"202100053184";"106Â 667";"B01";"1";"7";"0";"2";"4";"2";"1";""
"202100053184";"106Â 668";"A01";"1";"7";"0";"2";"1";"2";"1";""
"202100053185";"106Â 665";"A01";"3";"7";"0";"2";"2";"15";"1";""
"202100053185";"106Â 666";"B01";"3";"7";"0";"2";"2";"1";"1";""
"202100053186";"106Â 663";"B01";"1";"7";"0";"9";"1";"1";"0";""
"202100053186";"106Â 664";"A01";"2";"1";"0";"2";"7";"19";"5";""
"202100053187";"106Â 662";"A01";"1";"7";"13";"0";"1";"14";"1";""
"202100053188";"106Â 661";"A01";"1";"40";"0";"1";"6";"1";"3";""
"202100053189";"106Â 659";"B01";"2";"7";"1";"2";"5";"1";"1";""
"202100053189";"106Â 660";"A01";"1";"7";"0";"2";"2";"9";"1";""
"202100053190";"106Â 658";"Z01";"1";"7";"0";"1";"1";"1";"1";""
"202100053191";"106Â 656";"B01";"0";"50";"0";"2";"1";"5";"3";""
"202100053191";"106Â 657";"A01";"1";"7";"0";"9";"3";"16";"1";""
"202100053192";"106Â 654";"B01";"2";"7";"0";"2";"2";"1";"1";""
"202100053192";"106Â 655";"A01";"2";"7";"0";"2";"3";"15";"1";""
"202100053193";"106Â 652";"A01";"1";"7";"14";"0";"1";"9";"1";""
"202100053193";"106Â 653";"B01";"1";"2";"0";"2";"0";"9";"1";""
"202100053194";"106Â 651";"A01";"3";"10";"0";"1";"1";"15";"1";""
"202100053195";"106Â 649";"B01";"1";"10";"0";"2";"2";"17";"0";""
"202100053195";"106Â 650";"A01";"1";"10";"0";"2";"8";"15";"0";""
"202100053196";"106Â 647";"A01";"2";"7";"0";"9";"3";"0";"3";""
"202100053196";"106Â 648";"B01";"1";"50";"0";"2";"7";"19";"3";""
"202100053197";"106Â 645";"B01";"2";"7";"0";"2";"6";"11";"1";""
"202100053197";"106Â 646";"A01";"2";"32";"0";"2";"2";"2";"1";""
"202100053198";"106Â 643";"A01";"1";"7";"0";"2";"1";"2";"1";""
"202100053198";"106Â 644";"B01";"1";"7";"0";"2";"4";"1";"1";""
"202100053199";"106Â 642";"A01";"3";"3";"0";"1";"3";"0";"1";""
"202100053200";"106Â 641";"A01";"2";"7";"2";"0";"1";"1";"1";""
"202100053201";"106Â 640";"A01";"2";"7";"0";"1";"3";"15";"1";""
"202100053202";"106Â 639";"A01";"3";"7";"5";"0";"5";"1";"1";""
"202100053203";"106Â 637";"B01";"1";"2";"15";"0";"1";"1";"1";""
"202100053203";"106Â 638";"A01";"1";"7";"0";"2";"2";"15";"1";""
"202100053204";"106Â 635";"B01";"1";"1";"0";"2";"7";"1";"5";""
"202100053204";"106Â 636";"A01";"1";"7";"0";"2";"8";"15";"1";""
"202100053205";"106Â 633";"B01";"2";"7";"0";"2";"2";"16";"1";""
"202100053205";"106Â 634";"A01";"2";"7";"0";"2";"3";"7";"1";""
"202100053206";"106Â 631";"A01";"3";"7";"0";"2";"1";"15";"1";""
"202100053206";"106Â 632";"B01";"3";"30";"0";"2";"4";"15";"1";""
"202100053207";"106Â 629";"A01";"3";"7";"0";"2";"3";"15";"1";""
"202100053207";"106Â 630";"B01";"3";"7";"0";"2";"3";"1";"1";""
"202100053208";"106Â 627";"B01";"1";"33";"0";"2";"2";"1";"1";""
"202100053208";"106Â 628";"A01";"1";"7";"0";"2";"3";"9";"2";""