"Num_Acc";"id_vehicule";"num_veh";"senc";"catv";"obs";"obsm";"choc";"manv";"motor";"occutc"
"202100053209";"106Â 626";"A01";"1";"7";"4";"0";"3";"1";"1";""
"202100053210";"106Â 624";"B01";"1";"7";"0";"2";"7";"1";"1";""
"202100053210";"106Â 625";"A01";"1";"7";"0";"2";"0";"12";"1";""
"202100053211";"106Â 623";"A01";"1";"7";"0";"1";"1";"1";"1";""
"202100053212";"106Â 621";"A01";"2";"10";"0";"2";"3";"15";"1";""
"202100053212";"106Â 622";"B01";"2";"32";"0";"2";"1";"1";"1";""
"202100053213";"106Â 620";"A01";"2";"50";"0";"0";"0";"1";"3";""
"202100053214";"106Â 619";"A01";"1";"7";"0";"1";"1";"1";"1";""
"202100053215";"106Â 617";"B01";"1";"31";"0";"2";"7";"1";"1";""
"202100053215";"106Â 618";"A01";"2";"10";"0";"2";"6";"15";"1";""
"202100053216";"106Â 615";"A01";"3";"33";"12";"2";"2";"17";"1";""
"202100053216";"106Â 616";"B01";"3";"7";"0";"2";"3";"15";"1";""
"202100053217";"106Â 613";"B01";"1";"2";"0";"1";"0";"16";"1";""
"202100053217";"106Â 614";"A01";"1";"31";"0";"1";"0";"15";"0";""
"202100053218";"106Â 610";"B01";"3";"1";"0";"2";"0";"1";"5";""
"202100053218";"106Â 611";"A01";"2";"15";"0";"2";"5";"16";"1";""
"202100053219";"106Â 608";"A01";"2";"7";"0";"2";"1";"1";"1";""
"202100053219";"106Â 609";"B01";"1";"7";"0";"2";"1";"15";"1";""
"202100053220";"106Â 606";"A01";"3";"1";"0";"2";"7";"1";"5";""
"202100053220";"106Â 607";"B01";"3";"7";"0";"2";"1";"1";"1";""
"202100053221";"106Â 604";"A01";"1";"7";"0";"2";"1";"15";"1";""
"202100053221";"106Â 605";"B01";"2";"7";"0";"2";"3";"0";"1";""
"202100053222";"106Â 603";"A01";"1";"7";"0";"1";"1";"1";"1";""
"202100053223";"106Â 601";"A01";"1";"7";"0";"2";"1";"12";"1";""
"202100053223";"106Â 602";"B01";"1";"37";"0";"2";"1";"16";"1";"1"
"202100053224";"106Â 599";"B01";"1";"33";"0";"2";"1";"1";"1";""
"202100053224";"106Â 600";"A01";"1";"7";"0";"2";"3";"20";"1";""
"202100053225";"106Â 598";"A01";"1";"30";"0";"1";"1";"17";"1";""
"202100053226";"106Â 596";"A01";"2";"7";"0";"2";"5";"19";"1";""
"202100053226";"106Â 597";"B01";"1";"2";"0";"2";"1";"2";"1";""
"202100053227";"106Â 595";"A01";"3";"13";"0";"1";"5";"26";"1";""
"202100053228";"106Â 590";"D01";"1";"7";"0";"2";"4";"0";"1";""
"202100053228";"106Â 591";"A01";"1";"7";"0";"2";"1";"26";"1";""
"202100053228";"106Â 592";"B01";"1";"20";"0";"2";"4";"0";"1";""
"202100053228";"106Â 593";"C01";"1";"20";"0";"2";"4";"0";"1";""
"202100053228";"106Â 594";"E01";"1";"20";"0";"2";"4";"0";"1";""
"202100053229";"106Â 588";"B01";"1";"7";"0";"2";"8";"15";"1";""
"202100053229";"106Â 589";"A01";"1";"30";"0";"2";"1";"9";"1";""
"202100053230";"106Â 584";"A01";"3";"7";"0";"2";"1";"1";"1";""
"202100053230";"106Â 585";"B01";"3";"10";"0";"2";"4";"23";"1";""
"202100053231";"106Â 582";"A01";"0";"10";"0";"2";"1";"1";"1";""
"202100053231";"106Â 583";"B01";"0";"7";"0";"2";"4";"1";"1";""
"202100053232";"106Â 579";"A01";"3";"10";"0";"2";"1";"1";"1";""
"202100053232";"106Â 580";"B01";"3";"7";"0";"2";"4";"1";"1";""
"202100053232";"106Â 581";"C01";"3";"15";"0";"2";"6";"1";"1";""
"202100053233";"106Â 577";"B01";"3";"7";"0";"2";"2";"15";"1";""
"202100053233";"106Â 578";"A01";"3";"30";"0";"2";"7";"26";"1";""
"202100053234";"106Â 576";"A01";"2";"31";"0";"1";"1";"21";"1";""
"202100053235";"106Â 573";"C01";"3";"7";"0";"2";"4";"1";"1";""
"202100053235";"106Â 574";"B01";"3";"7";"0";"2";"4";"2";"1";""
"202100053235";"106Â 575";"A01";"3";"14";"0";"2";"1";"2";"1";""
"202100053236";"106Â 572";"A01";"1";"7";"8";"0";"1";"1";"1";""
"202100053237";"106Â 568";"B01";"1";"7";"0";"2";"4";"2";"1";""
"202100053237";"106Â 569";"Z01";"1";"10";"0";"2";"1";"2";"0";""
"202100053237";"106Â 570";"C01";"1";"7";"0";"2";"4";"2";"1";""
"202100053237";"106Â 571";"A01";"1";"7";"0";"2";"4";"2";"1";""
"202100053238";"106Â 566";"B01";"2";"7";"0";"2";"4";"23";"1";""
"202100053238";"106Â 567";"A01";"2";"30";"0";"2";"1";"2";"1";""
"202100053239";"106Â 564";"A01";"1";"1";"0";"2";"1";"1";"5";""
"202100053239";"106Â 565";"B01";"1";"7";"0";"2";"8";"1";"1";""
"202100053240";"106Â 562";"B01";"3";"7";"0";"2";"7";"1";"1";""
"202100053240";"106Â 563";"A01";"3";"7";"1";"2";"1";"5";"1";""
"202100053241";"106Â 560";"A01";"1";"7";"0";"2";"7";"14";"1";""
"202100053241";"106Â 561";"B01";"1";"32";"0";"2";"0";"1";"1";""
"202100053242";"106Â 559";"A01";"1";"7";"14";"0";"1";"13";"1";""
"202100053243";"106Â 557";"B01";"2";"7";"0";"2";"7";"22";"1";""
"202100053243";"106Â 558";"A01";"2";"1";"1";"2";"7";"18";"5";""
"202100053244";"106Â 555";"B01";"1";"1";"0";"2";"8";"1";"5";""
"202100053244";"106Â 556";"A01";"1";"32";"0";"2";"8";"1";"1";""
"202100053245";"106Â 553";"B01";"2";"32";"0";"2";"7";"1";"1";""
"202100053245";"106Â 554";"A01";"2";"7";"0";"2";"8";"15";"2";""
"202100053246";"106Â 552";"A01";"1";"7";"0";"1";"1";"1";"1";""
"202100053247";"106Â 550";"Z01";"2";"10";"0";"2";"0";"13";"1";""
"202100053247";"106Â 551";"A01";"2";"32";"0";"2";"8";"23";"1";""
"202100053248";"106Â 549";"A01";"2";"30";"0";"0";"0";"1";"1";""
"202100053249";"106Â 548";"A01";"2";"34";"14";"0";"0";"1";"1";""
"202100053250";"106Â 547";"A01";"2";"33";"0";"1";"1";"0";"1";""
"202100053251";"106Â 545";"A01";"1";"10";"0";"2";"7";"16";"1";""
"202100053251";"106Â 546";"B01";"1";"1";"0";"2";"1";"1";"5";""
"202100053252";"106Â 544";"A01";"1";"7";"0";"1";"2";"16";"1";""
"202100053253";"106Â 541";"C01";"2";"7";"0";"2";"2";"23";"1";""
"202100053253";"106Â 542";"A01";"2";"7";"0";"2";"3";"22";"1";""
"202100053253";"106Â 543";"B01";"2";"34";"0";"2";"2";"3";"3";""
"202100053254";"106Â 540";"A01";"1";"50";"0";"1";"1";"1";"3";""
"202100053255";"106Â 539";"Z01";"1";"30";"0";"1";"0";"0";"1";""
"202100053256";"106Â 536";"A01";"1";"33";"0";"2";"1";"21";"1";""
"202100053256";"106Â 537";"B01";"2";"37";"0";"2";"1";"1";"1";"1"
"202100053256";"106Â 538";"C01";"1";"33";"0";"0";"7";"21";"1";""
"202100053257";"106Â 534";"A01";"1";"1";"0";"2";"1";"19";"0";""
"202100053257";"106Â 535";"B01";"3";"32";"0";"2";"2";"0";"1";""
"202100053258";"106Â 533";"A01";"1";"3";"8";"0";"1";"1";"1";""
"202100053259";"106Â 532";"A01";"3";"7";"0";"1";"1";"1";"1";""
"202100053260";"106Â 531";"A01";"1";"7";"12";"0";"3";"14";"1";""
"202100053261";"106Â 530";"A01";"3";"30";"0";"0";"8";"1";"1";""
"202100053262";"106Â 528";"A01";"2";"1";"0";"2";"1";"25";"5";""
"202100053262";"106Â 529";"B01";"1";"7";"0";"2";"2";"9";"1";""
"202100053263";"106Â 526";"A01";"1";"7";"0";"1";"3";"17";"1";""
"202100053264";"106Â 524";"B01";"1";"7";"0";"2";"1";"1";"1";""
"202100053264";"106Â 525";"A01";"1";"7";"0";"2";"4";"1";"1";""
"202100053265";"106Â 523";"A01";"3";"7";"0";"1";"1";"1";"1";""
"202100053266";"106Â 521";"A01";"1";"7";"0";"2";"2";"15";"1";""
"202100053266";"106Â 522";"B01";"1";"7";"0";"2";"2";"1";"1";""
"202100053267";"106Â 520";"A01";"0";"7";"0";"1";"3";"16";"1";""
"202100053268";"106Â 518";"A01";"1";"2";"0";"2";"1";"1";"1";""
"202100053268";"106Â 519";"B01";"1";"7";"0";"2";"3";"15";"1";""
"202100053269";"106Â 517";"A01";" -1";"33";"0";"1";"1";"26";"0";""
"202100053270";"106Â 516";"A01";"0";"7";"0";"1";"2";"15";"1";""
"202100053271";"106Â 513";"A01";"2";"10";"0";"2";"5";"10";"1";""
"202100053271";"106Â 514";"B01";"1";"32";"0";"2";"1";"1";"1";""
"202100053272";"106Â 511";"A01";"2";"50";"0";"2";"3";"15";"3";""
"202100053272";"106Â 512";"B01";"2";"30";"0";"2";"2";"1";"1";""
"202100053273";"106Â 509";"B01";"2";"43";"0";"2";"2";"1";"1";""
"202100053273";"106Â 510";"A01";"2";"7";"0";"2";"3";"9";"1";""
"202100053274";"106Â 507";"B01";"2";"50";"0";"2";"1";"1";"3";""
"202100053274";"106Â 508";"A01";"1";"7";"0";"2";"2";"10";"1";""
"202100053275";"106Â 505";"B01";"1";"33";"0";"2";"1";"1";"1";""
"202100053275";"106Â 506";"A01";"1";"1";"0";"2";"4";"15";"5";""
"202100053276";"106Â 504";"A01";"3";"7";"0";"1";"1";"0";"1";""
"202100053277";"106Â 502";"B01";"1";"1";"0";"2";"2";"1";"5";""
"202100053277";"106Â 503";"A01";"2";"7";"0";"9";"3";"9";"1";""
"202100053278";"106Â 500";"A01";"0";"7";"0";"0";"1";"13";"1";""
"202100053278";"106Â 501";"B01";"0";"7";"0";"0";"1";"1";"1";""
"202100053279";"106Â 497";"C01";"1";"7";"0";"2";"3";"2";"1";""
"202100053279";"106Â 498";"B01";"1";"7";"0";"9";"5";"2";"1";""
"202100053279";"106Â 499";"A01";"1";"7";"3";"0";"2";"1";"1";""
"202100053280";"106Â 496";"A01";"3";"7";"2";"0";"1";"1";"1";""
"202100053281";"106Â 495";"A01";"1";"7";"17";"0";"2";"1";"1";""
"202100053282";"106Â 491";"B01";"2";"7";"0";"2";"1";"1";"1";""
"202100053282";"106Â 492";"A01";"1";"7";"0";"2";"3";"5";"1";""
"202100053283";"106Â 490";"A01";"1";"33";"0";"0";"0";"1";"1";""
"202100053284";"106Â 488";"A01";"2";"7";"13";"2";"3";"13";"3";""
"202100053284";"106Â 489";"B01";"1";"7";"13";"2";"3";"1";"1";""
"202100053285";"106Â 487";"A01";"0";"7";"13";"0";"3";"0";"1";""
"202100053286";"106Â 486";"A01";"1";"10";"6";"0";"1";"0";"1";""
"202100053287";"106Â 484";"A01";"2";"7";"0";"2";"5";"15";"1";""
"202100053287";"106Â 485";"B01";"1";"7";"0";"2";"1";"1";"1";""
"202100053288";"106Â 481";"A01";"3";"10";"0";"2";"3";"19";"1";""
"202100053288";"106Â 482";"B01";"3";"30";"0";"2";"7";"1";"1";""
"202100053289";"106Â 480";"A01";"2";"7";"3";"0";"9";"1";"1";""
"202100053290";"106Â 477";"C01";"2";"13";"0";"0";"6";"2";"0";""
"202100053290";"106Â 478";"B01";"2";"7";"0";"2";"2";"1";"2";""
"202100053290";"106Â 479";"A01";"2";"33";"0";"2";"7";"11";"1";""
"202100053291";"106Â 476";"A01";"1";"7";"4";"0";"3";"17";"1";""
"202100053292";"106Â 474";"B01";"2";"7";"0";"2";"3";"1";"1";""
"202100053292";"106Â 475";"A01";"1";"30";"0";"2";"1";"13";"1";""
"202100053293";"106Â 472";"A01";"1";"7";"0";"2";"3";"15";"1";""
"202100053293";"106Â 473";"B01";"2";"33";"0";"2";"0";"21";"1";""
"202100053294";"106Â 470";"A01";"1";"10";"0";"9";"7";"2";"1";""
"202100053294";"106Â 471";"B01";"1";"1";"0";"0";"4";"2";"5";""
"202100053295";"106Â 469";"A01";"1";"7";"0";"1";"1";"26";"1";""
"202100053296";"106Â 468";"A01";"1";"7";"15";"0";"2";"1";"1";""
"202100053297";"106Â 466";"B01";"2";"7";"0";"2";"2";"15";"1";""
"202100053297";"106Â 467";"A01";"1";"1";"0";"2";"1";"0";"5";""
"202100053298";"106Â 464";"A01";"1";"80";"0";"0";"7";"1";"3";""
"202100053298";"106Â 465";"B01";"1";"7";"0";"2";"1";"9";"0";""
"202100053299";"106Â 463";"A01";"0";"7";"0";"1";"2";"1";"1";""
"202100053300";"106Â 462";"A01";"1";"10";"0";"1";"2";"1";"1";""
"202100053301";"106Â 460";"A01";"2";"10";"0";"2";"1";"1";"1";""
"202100053301";"106Â 461";"B01";"1";"2";"0";"2";"8";"1";"1";""
"202100053302";"106Â 457";"A01";"1";"7";"4";"0";"7";"1";"1";""
"202100053303";"106Â 455";"A01";"2";"10";"0";"2";"2";"2";"1";""
"202100053303";"106Â 456";"B01";"2";"17";"0";"2";"4";"2";"1";""
"202100053304";"106Â 452";"A01";"1";"10";"0";"2";"4";"2";"1";""
"202100053304";"106Â 453";"C01";"1";"7";"0";"2";"1";"2";"1";""
"202100053304";"106Â 454";"B01";"1";"7";"0";"2";"1";"2";"1";""
"202100053305";"106Â 448";"D01";"1";"7";"0";"2";"4";"2";"1";""
"202100053305";"106Â 449";"C01";"1";"7";"0";"2";"1";"2";"1";""
"202100053305";"106Â 450";"B01";"1";"7";"0";"2";"1";"2";"1";""
"202100053305";"106Â 451";"A01";"1";"7";"0";"2";"1";"2";"1";""
"202100053306";"106Â 447";"A01";"1";"7";"13";"0";"1";"1";"1";""
"202100053307";"106Â 444";"C01";"1";"7";"0";"2";"4";"2";"1";""
"202100053307";"106Â 445";"B01";"1";"10";"0";"2";"4";"2";"1";""
"202100053307";"106Â 446";"A01";"1";"10";"0";"2";"1";"2";"1";""
"202100053308";"106Â 442";"A01";"1";"10";"0";"2";"2";"1";"1";""
"202100053308";"106Â 443";"B01";"1";"33";"0";"2";"3";"3";"1";""
"202100053309";"106Â 439";"C01";"1";"7";"0";"2";"0";"0";"1";""
"202100053309";"106Â 440";"B01";"1";"7";"0";"2";"4";"2";"1";""
"202100053309";"106Â 441";"A01";"1";"15";"0";"2";"1";"2";"1";""
"202100053310";"106Â 437";"A01";"1";"14";"0";"2";"1";"1";"1";""
"202100053310";"106Â 438";"B01";"1";"7";"0";"2";"4";"0";"1";""
"202100053311";"106Â 434";"A01";"2";"7";"0";"2";"3";"11";"1";""
"202100053311";"106Â 435";"B01";"2";"7";"0";"2";"5";"2";"1";""
"202100053311";"106Â 436";"C01";"2";"7";"0";"2";"2";"2";"1";""
"202100053312";"106Â 432";"A01";"1";"7";"0";"2";"3";"21";"1";""
"202100053312";"106Â 433";"B01";"1";"7";"0";"2";"5";"2";"1";""
"202100053313";"106Â 429";"A01";"1";"7";"0";"2";"1";"1";"1";""
"202100053313";"106Â 430";"B01";"1";"10";"0";"2";"2";"26";"1";""
"202100053313";"106Â 431";"C01";"1";"7";"0";"2";"8";"2";"1";""
"202100053314";"106Â 428";"A01";"2";"7";"4";"0";"4";"11";"1";""
"202100053315";"106Â 423";"A01";"1";"17";"0";"2";"1";"2";"1";""
"202100053315";"106Â 424";"E01";"1";"7";"0";"2";"4";"2";"1";""
"202100053315";"106Â 425";"C01";"1";"7";"0";"2";"4";"2";"1";""
"202100053315";"106Â 426";"D01";"1";"7";"0";"2";"4";"2";"1";""
"202100053315";"106Â 427";"B01";"1";"14";"0";"2";"4";"2";"1";""
"202100053316";"106Â 422";"A01";"1";"7";"0";"0";"9";"1";"1";""
"202100053317";"106Â 420";"B01";"1";"2";"0";"2";"1";"1";"1";""
"202100053317";"106Â 421";"A01";"1";"7";"0";"9";"1";"15";"1";""
"202100053318";"106Â 418";"A01";"1";"7";"0";"9";"1";"15";"1";""
"202100053318";"106Â 419";"B01";"1";"2";"0";"2";"1";"1";"1";""
"202100053319";"106Â 416";"A01";"1";"7";"0";"9";"1";"1";"1";""
"202100053319";"106Â 417";"B01";"1";"1";"0";"2";"1";"19";"0";""
"202100053320";"106Â 415";"A01";"3";"7";"0";"1";"1";"1";"1";""
"202100053321";"106Â 413";"A01";"1";"7";"0";"2";"1";"19";"1";""
"202100053321";"106Â 414";"B01";"1";"7";"0";"2";"7";"2";"1";""
"202100053322";"106Â 411";"B01";"0";"50";"0";"0";"0";"0";"3";""
"202100053322";"106Â 412";"A01";"1";"10";"0";"2";"1";"11";"1";""
"202100053323";"106Â 409";"Z01";"3";"7";"0";"2";"1";"17";"0";""
"202100053323";"106Â 410";"B01";"3";"1";"0";"2";"8";"15";"6";""
"202100053324";"106Â 407";"A01";"3";"7";"0";"2";"2";"15";"1";""
"202100053324";"106Â 408";"B01";"2";"32";"0";"2";"1";"1";"1";""
"202100053325";"106Â 405";"A01";"3";"13";"0";"2";"7";"14";"1";""
"202100053325";"106Â 406";"B01";"3";"7";"0";"2";"6";"1";"1";""
"202100053326";"106Â 404";"A01";"2";"14";"0";"1";"8";"1";"1";""
"202100053327";"106Â 401";"B01";"3";"1";"0";"2";"1";"26";"0";""
"202100053327";"106Â 402";"A01";"2";"7";"0";"9";"3";"9";"1";""
"202100053328";"106Â 399";"A01";"2";"7";"0";"2";"1";"1";"1";""
"202100053328";"106Â 400";"B01";"1";"7";"0";"2";"9";"1";"1";""
"202100053329";"106Â 397";"B01";"1";"33";"0";"2";"7";"1";"1";""
"202100053329";"106Â 398";"A01";"2";"7";"0";"2";"2";"15";"1";""
"202100053330";"106Â 393";"D01";"2";"7";"1";"0";"3";"24";"1";""
"202100053330";"106Â 394";"A01";"2";"7";"0";"2";"2";"1";"1";""
"202100053330";"106Â 395";"B01";"2";"7";"1";"0";"3";"26";"1";""
"202100053330";"106Â 396";"C01";"2";"7";"1";"0";"8";"24";"1";""
"202100053331";"106Â 392";"A01";"0";"3";"0";"1";"1";"1";"1";""
"202100053332";"106Â 390";"A01";"2";"1";"0";"2";"7";"1";"5";""
"202100053332";"106Â 391";"B01";"2";"7";"0";"2";"1";"16";"1";""
"202100053333";"106Â 388";"A01";"2";"30";"0";"2";"3";"1";"1";""
"202100053333";"106Â 389";"B01";"1";"7";"0";"2";"0";"0";"0";""
"202100053334";"106Â 387";"A01";"2";"7";"0";"1";"1";"1";"1";""
"202100053335";"106Â 386";"A01";"0";"1";"0";"1";"1";"1";"5";""
"202100053336";"106Â 384";"A01";"0";"7";"0";"2";"3";"2";"1";""
"202100053336";"106Â 385";"B01";"0";"7";"0";"2";"4";"2";"1";""
"202100053337";"106Â 382";"B01";"2";"40";"0";"2";"1";"1";"3";""
"202100053337";"106Â 383";"A01";"1";"7";"0";"4";"8";"15";"1";""
"202100053338";"106Â 379";"A01";"1";"7";"0";"1";"5";"16";"1";""
"202100053339";"106Â 376";"A01";"1";"7";"0";"2";"4";"2";"1";""
"202100053339";"106Â 377";"B01";"1";"7";"0";"2";"1";"2";"1";""
"202100053339";"106Â 378";"C01";"1";"7";"0";"2";"1";"2";"1";""
"202100053340";"106Â 375";"A01";"3";"7";"13";"0";"2";"14";"1";""
"202100053341";"106Â 374";"A01";"3";"7";"0";"1";"3";"26";"0";""
"202100053342";"106Â 372";"A01";"2";"30";"0";"2";"1";"26";"1";""
"202100053342";"106Â 373";"B01";"2";"7";"14";"0";"4";"26";"1";""
"202100053343";"106Â 370";"A01";"2";"32";"0";"2";"8";"19";"1";""
"202100053343";"106Â 371";"B01";"1";"7";"0";"2";"1";"1";"1";""
"202100053344";"106Â 368";"B01";"1";"7";"0";"2";"6";"1";"1";""
"202100053344";"106Â 369";"A01";"1";"2";"0";"2";"1";"1";"1";""
"202100053345";"106Â 367";"A01";"1";"7";"0";"1";"1";"1";"1";""
"202100053346";"106Â 365";"Z01";"2";"10";"0";"2";"4";"1";"0";""
"202100053346";"106Â 366";"A01";"2";"33";"0";"2";"1";"13";"1";""
"202100053347";"106Â 363";"A01";"1";"32";"0";"2";"8";"1";"1";""
"202100053347";"106Â 364";"Z01";"1";"7";"0";"2";"1";"15";"1";""
"202100053348";"106Â 362";"A01";"2";"10";"0";"1";"0";"1";"1";""
"202100053349";"106Â 361";"A01";"2";"32";"0";"1";"1";"1";"1";""
"202100053350";"106Â 360";"A01";"2";"30";"0";"1";"1";"1";"1";""
"202100053351";"106Â 358";"B01";"1";"7";"0";"2";"3";"1";"1";""
"202100053351";"106Â 359";"A01";"1";"1";"0";"2";"1";"5";"5";""
"202100053352";"106Â 356";"A01";"3";"30";"0";"2";"1";"1";"1";""
"202100053352";"106Â 357";"Z01";"3";"2";"0";"2";"4";"1";"1";""
"202100053353";"106Â 355";"A01";"1";"43";"0";"1";"1";"1";"1";""
"202100053354";"106Â 353";"B01";"2";"1";"0";"2";"8";"1";"5";""
"202100053354";"106Â 354";"A01";"1";"7";"0";"2";"3";"15";"1";""
"202100053355";"106Â 351";"A01";"2";"7";"0";"2";"6";"9";"1";""
"202100053355";"106Â 352";"B01";"2";"30";"0";"2";"1";"1";"1";""
"202100053356";"106Â 349";"B01";"1";"14";"0";"2";"4";"0";"1";""
"202100053356";"106Â 350";"A01";"1";"7";"0";"2";"1";"0";"1";""
"202100053357";"106Â 348";"A01";"2";"33";"0";"1";"1";"1";"0";""
"202100053358";"106Â 346";"B01";"2";"7";"0";"2";"4";"2";"1";""
"202100053358";"106Â 347";"A01";"2";"7";"0";"2";"1";"2";"1";""
"202100053359";"106Â 343";"C01";"1";"7";"0";"2";"4";"2";"0";""
"202100053359";"106Â 344";"B01";"1";"7";"0";"2";"4";"2";"1";""
"202100053359";"106Â 345";"A01";"1";"10";"0";"2";"1";"1";"1";""
"202100053360";"106Â 341";"Z01";" -1";"7";"0";"0";"0";"0";"0";""
"202100053360";"106Â 342";"A01";"3";"33";"0";"2";"1";"1";"1";""
"202100053361";"106Â 339";"B01";"0";"40";"0";"2";"1";"1";"3";""
"202100053361";"106Â 340";"A01";"0";"7";"0";" -1";"2";"9";"1";""
"202100053362";"106Â 337";"B01";"2";"7";"0";"2";"1";"13";"1";""
"202100053362";"106Â 338";"A01";"1";"7";"0";"2";"1";"1";"1";""
"202100053363";"106Â 334";"A01";" -1";"7";"0";"2";"1";"2";"1";""
"202100053363";"106Â 335";"B01";" -1";"7";"0";"2";"1";"2";"1";""
"202100053363";"106Â 336";"C01";" -1";"7";"0";"2";"4";"2";"1";""
"202100053364";"106Â 332";"A01";"1";"7";"0";"2";"1";"1";"1";""
"202100053364";"106Â 333";"B01";"1";"34";"0";"2";"4";"0";"1";""
"202100053365";"106Â 330";"A01";"1";"33";"0";"2";"1";"19";"1";""
"202100053365";"106Â 331";"B01";"1";"7";"0";"2";"3";"21";"2";""
"202100053366";"106Â 329";"A01";"1";"7";"0";"1";"1";"1";"1";""
"202100053367";"106Â 328";"A01";"3";"7";"0";"1";"4";"20";"1";""
"202100053368";"106Â 327";"A01";"1";"31";"0";"0";"9";"1";"1";""
"202100053369";"106Â 325";"A01";"2";"10";"0";"2";"3";"15";"1";""
"202100053369";"106Â 326";"B01";"2";"7";"0";"2";"2";"17";"1";""
"202100053370";"106Â 323";"A01";"2";"13";"1";"2";"3";"1";"1";""
"202100053370";"106Â 324";"B01";"1";"7";"0";"2";"3";"1";"1";""
"202100053371";"106Â 322";"A01";"2";"2";"0";"0";"8";"1";"1";""
"202100053372";"106Â 321";"A01";"1";"7";"0";"1";"2";"1";"1";""
"202100053373";"106Â 319";"B01";"1";"10";"0";"2";"2";"0";"1";""
"202100053373";"106Â 320";"A01";"1";"30";"0";"2";"8";"0";"1";""
"202100053374";"106Â 318";"A01";"2";"7";"15";"0";"3";"14";"1";""
"202100053375";"106Â 317";"A01";"2";"7";"2";"0";"1";"14";"1";""
"202100053376";"106Â 316";"A01";"1";"7";"2";"0";"1";"1";"1";""
"202100053377";"106Â 314";"A01";"2";"7";"0";"2";"3";"15";"1";""
"202100053377";"106Â 315";"B01";"1";"15";"0";"2";"1";"1";"1";""
"202100053378";"106Â 310";"A01";"1";"7";"0";"2";"3";"5";"1";""
"202100053378";"106Â 311";"B01";"2";"15";"0";"2";"3";"1";"1";""
"202100053379";"106Â 309";"A01";"1";"33";"3";"0";"9";"1";"1";""
"202100053380";"106Â 307";"A01";"1";"7";"15";"2";"1";"19";"1";""
"202100053380";"106Â 308";"B01";"2";"7";"15";"2";"7";"1";"1";""
"202100053381";"106Â 305";"B01";"2";"7";"0";"2";"7";"15";"1";""
"202100053381";"106Â 306";"A01";"1";"7";"0";"2";"1";"1";"1";""
"202100053382";"106Â 303";"A01";"1";"7";"6";"0";"3";"9";"1";""
"202100053382";"106Â 304";"B01";"1";"7";"6";"0";"1";"1";"1";""
"202100053383";"106Â 300";"A01";"1";"7";"0";"2";"2";"9";"1";""
"202100053383";"106Â 301";"B01";"2";"15";"0";"2";"1";"9";"1";""
"202100053383";"106Â 302";"C01";"2";"15";"0";"9";"8";"1";"1";""
"202100053384";"106Â 298";"B01";"2";"7";"0";"2";"1";"1";"1";""
"202100053384";"106Â 299";"A01";"1";"7";"0";"2";"1";"13";"1";""
"202100053385";"106Â 297";"A01";"1";"7";"8";"0";"1";"1";"1";""
"202100053386";"106Â 296";"A01";"1";"7";"8";"0";"2";"1";"1";""
"202100053387";"106Â 295";"A01";"1";"7";"2";"0";"1";"1";"1";""
"202100053388";"106Â 294";"A01";"1";"7";"0";"1";"3";"2";"1";""
"202100053389";"106Â 292";"B01";"2";"17";"0";"2";"3";"1";"1";""
"202100053389";"106Â 293";"A01";"2";"7";"2";"0";"4";"13";"1";""
"202100053390";"106Â 291";"A01";"3";"7";"0";"1";"1";"26";"1";""
"202100053391";"106Â 289";"A01";"1";"7";"13";"0";"3";"1";"1";""
"202100053391";"106Â 290";"B01";"1";"7";"0";"0";"2";"17";"1";""
"202100053392";"106Â 287";"A01";"1";"7";"4";"2";"1";"14";"1";""
"202100053392";"106Â 288";"B01";"1";"17";"0";"0";"8";"1";"1";""
"202100053393";"106Â 285";"B01";"1";"7";"0";"2";"4";"2";"1";""
"202100053393";"106Â 286";"A01";"1";"32";"1";"0";"1";"2";"1";""
"202100053394";"106Â 283";"B01";"1";"7";"12";"2";"6";"1";"1";""
"202100053394";"106Â 284";"A01";"3";"7";"0";"2";"1";"9";"1";""
"202100053395";"106Â 281";"A01";"2";"7";"0";"2";"5";"13";"1";""
"202100053395";"106Â 282";"B01";"1";"7";"0";"2";"2";"1";"1";""
"202100053396";"106Â 279";"A01";"3";"7";"0";"0";"4";"23";"1";""
"202100053396";"106Â 280";"B01";"3";"7";"0";"2";"1";"1";"1";""
"202100053397";"106Â 278";"A01";"0";"7";"0";"0";"2";"1";"1";""
"202100053398";"106Â 276";"B01";"2";"10";"8";"0";"1";"1";"1";""
"202100053398";"106Â 277";"A01";"2";"7";"8";"0";"2";"1";"1";""
"202100053399";"106Â 274";"B01";"2";"50";"0";"0";"0";"2";"3";""
"202100053399";"106Â 275";"A01";"2";"15";"0";"2";"2";"2";"1";""
"202100053400";"106Â 272";"A01";"2";"7";"0";"2";"3";"17";"1";""
"202100053400";"106Â 273";"B01";"1";"2";"0";"2";"3";"1";"1";""
"202100053401";"106Â 271";"A01";"0";"2";"1";"0";"1";"0";"1";""
"202100053402";"106Â 269";"A01";"2";"7";"0";"2";"2";"5";"1";""
"202100053402";"106Â 270";"B01";"1";"10";"0";"2";"1";"1";"1";""
"202100053403";"106Â 268";"A01";"0";"7";"9";"0";"2";"0";"1";""
"202100053404";"106Â 266";"A01";"0";"7";"0";"0";"7";"19";"1";""
"202100053404";"106Â 267";"B01";"1";"7";"0";"2";"1";"1";"1";""
"202100053405";"106Â 263";"C01";"2";"7";"0";"2";"1";"2";"1";""
"202100053405";"106Â 264";"B01";"2";"7";"0";"2";"4";"2";"1";""