"Num_Acc";"id_vehicule";"num_veh";"senc";"catv";"obs";"obsm";"choc";"manv";"motor";"occutc"
"202100053405";"106Â 265";"A01";"2";"7";"0";"2";"4";"1";"1";""
"202100053406";"106Â 260";"C01";"1";"10";"0";"2";"1";"0";"1";""
"202100053406";"106Â 261";"A01";"1";"7";"0";"2";"2";"16";"1";""
"202100053406";"106Â 262";"B01";"1";"15";"0";"2";"3";"1";"1";""
"202100053407";"106Â 258";"A01";"1";"7";"0";"2";"6";"11";"1";""
"202100053407";"106Â 259";"B01";"1";"43";"0";"2";"2";"1";"1";""
"202100053408";"106Â 256";"B01";"2";"7";"0";"2";"1";"2";"1";""
"202100053408";"106Â 257";"A01";"2";"7";"0";"2";"4";"2";"1";""
"202100053409";"106Â 254";"Z01";"2";"7";"0";"2";"0";"0";"0";""
"202100053409";"106Â 255";"A01";"2";"7";"4";"2";"5";"1";"1";""
"202100053410";"106Â 252";"B01";"2";"7";"0";"2";"6";"2";"1";""
"202100053410";"106Â 253";"A01";"2";"7";"0";"2";"2";"2";"1";""
"202100053411";"106Â 251";"A01";"1";"7";"0";"2";"1";"2";"1";""
"202100053412";"106Â 248";"C01";"1";"15";"0";"2";"1";"1";"1";""
"202100053412";"106Â 249";"A01";"1";"15";"0";"2";"1";"1";"1";""
"202100053412";"106Â 250";"B01";"1";"7";"0";"2";"4";"1";"1";""
"202100053413";"106Â 246";"B01";"2";"7";"0";"2";"3";"1";"1";""
"202100053413";"106Â 247";"A01";"2";"33";"0";"2";"1";"1";"1";""
"202100053414";"106Â 245";"A01";"2";"7";"15";"0";"3";"26";"1";""
"202100053415";"106Â 242";"A01";"2";"7";"4";"2";"1";"1";"1";""
"202100053415";"106Â 243";"B01";"2";"7";"0";"2";"6";"1";"1";""
"202100053415";"106Â 244";"C01";"2";"10";"0";"1";"8";"1";"1";""
"202100053416";"106Â 240";"A01";"1";"7";"0";"2";"1";"2";"1";""
"202100053416";"106Â 241";"B01";"1";"10";"0";"2";"4";"2";"1";""
"202100053417";"106Â 237";"C01";"1";"7";"0";"2";"4";"2";"1";""
"202100053417";"106Â 238";"B01";"1";"7";"0";"2";"4";"2";"1";""
"202100053417";"106Â 239";"A01";"1";"10";"0";"2";"1";"2";"1";""
"202100053418";"106Â 234";"C01";"2";"7";"0";"2";"4";"2";"1";""
"202100053418";"106Â 235";"B01";"2";"7";"0";"2";"4";"2";"1";""
"202100053418";"106Â 236";"A01";"2";"7";"0";"2";"1";"2";"1";""
"202100053419";"106Â 232";"B01";"1";"7";"0";"2";"4";"2";"1";""
"202100053419";"106Â 233";"A01";"1";"13";"0";"2";"1";"1";"1";""
"202100053420";"106Â 229";"C01";"2";"10";"0";"2";"5";"26";"1";""
"202100053420";"106Â 230";"B01";"2";"7";"0";"2";"8";"13";"1";""
"202100053420";"106Â 231";"A01";"2";"33";"0";"2";"8";"3";"1";""
"202100053421";"106Â 226";"C01";"2";"10";"0";"2";"5";"1";"1";""
"202100053421";"106Â 227";"B01";"2";"7";"0";"2";"8";"11";"3";""
"202100053421";"106Â 228";"A01";"2";"43";"0";"2";"1";"3";"1";""
"202100053422";"106Â 224";"A01";"1";"7";"0";"0";"8";"16";"1";""
"202100053422";"106Â 225";"B01";"1";"1";"0";"2";"3";"19";"5";""
"202100053423";"106Â 221";"A01";"1";"7";"0";"2";"1";"17";"1";""
"202100053423";"106Â 222";"B01";"1";"7";"0";"2";"3";"1";"1";""
"202100053423";"106Â 223";"C01";"2";"7";"0";"2";"3";"1";"1";""
"202100053424";"106Â 220";"A01";"1";"7";"15";"0";"1";"13";"1";""
"202100053425";"106Â 218";"B01";"2";"33";"0";"2";"6";"1";"1";""
"202100053425";"106Â 219";"A01";"1";"7";"0";"2";"3";"11";"1";""
"202100053426";"106Â 216";"B01";"2";"10";"0";"0";"5";"2";"1";""
"202100053426";"106Â 217";"A01";"2";"33";"0";"0";"8";"2";"1";""
"202100053427";"106Â 214";"A01";"1";"7";"0";"2";"1";"13";"1";""
"202100053427";"106Â 215";"B01";"2";"7";"0";"2";"3";"15";"1";""
"202100053428";"106Â 212";"A01";"1";"10";"0";"1";"7";"1";"1";""
"202100053429";"106Â 211";"A01";"3";"7";"0";"1";"2";"1";"1";""
"202100053430";"106Â 210";"A01";"3";"7";"0";"1";"2";"16";"1";""
"202100053431";"106Â 208";"A01";"3";"3";"0";"9";"2";"17";"1";""
"202100053431";"106Â 209";"B01";"3";"50";"0";"2";"4";"1";"2";""
"202100053432";"106Â 206";"A01";"1";"7";"0";"2";"2";"15";"1";""
"202100053432";"106Â 207";"B01";"2";"7";"0";"2";"1";"1";"1";""
"202100053433";"106Â 205";"A01";"1";"7";"0";"1";"3";"1";"1";""
"202100053434";"106Â 203";"B01";"1";"10";"0";"2";"4";"23";"1";""
"202100053434";"106Â 204";"A01";"1";"17";"0";"2";"1";"2";"1";""
"202100053435";"106Â 202";"A01";"1";"7";"0";"1";"1";"1";"2";""
"202100053436";"106Â 201";"A01";"1";"7";"0";"1";"1";"1";"1";""
"202100053437";"106Â 200";"A01";"3";"10";"0";"1";"1";"1";" -1";""
"202100053438";"106Â 198";"B01";"1";"7";"0";"0";"4";"1";"2";""
"202100053438";"106Â 199";"A01";"2";"7";"0";"2";"1";"2";"1";""
"202100053439";"106Â 197";"A01";"3";"99";"0";"1";"1";"16";"0";""
"202100053440";"106Â 194";"A01";"2";"7";"0";"2";"1";"2";"1";""
"202100053440";"106Â 195";"B01";"2";"7";"0";"2";"5";"23";"1";""
"202100053440";"106Â 196";"C01";"2";"7";"0";"2";"5";"23";"1";""
"202100053441";"106Â 193";"A01";"2";"7";"8";"0";"1";"1";"1";""
"202100053442";"106Â 192";"A01";"1";"7";"0";"1";"3";"15";"1";""
"202100053443";"106Â 190";"B01";"2";"1";"0";"2";"1";"1";"5";""
"202100053443";"106Â 191";"A01";"1";"7";"0";"2";"3";"9";"1";""
"202100053444";"106Â 188";"B01";"2";"7";"0";"2";"2";"1";"1";""
"202100053444";"106Â 189";"A01";"1";"2";"0";"2";"0";"16";"1";""
"202100053445";"106Â 185";"B01";"1";"7";"0";"2";"2";"1";"1";""
"202100053445";"106Â 186";"C01";"2";"7";"0";"2";"3";"1";"1";""
"202100053445";"106Â 187";"A01";"2";"7";"0";"2";"2";"15";"1";""
"202100053446";"106Â 183";"B01";"2";"7";"0";"2";"6";"26";"1";""
"202100053446";"106Â 184";"A01";"2";"33";"0";"2";"6";"26";"1";""
"202100053447";"106Â 181";"A01";"3";"99";"0";"2";"1";"26";"0";""
"202100053447";"106Â 182";"B01";"3";"99";"0";"2";"3";"0";"0";""
"202100053448";"106Â 179";"A01";"2";"7";"0";"2";"1";"9";"1";""
"202100053448";"106Â 180";"B01";"1";"50";"0";"2";"7";"0";"3";""
"202100053449";"106Â 177";"A01";"2";"7";"0";"2";"3";"9";"1";""
"202100053449";"106Â 178";"B01";"1";"1";"0";"2";"1";"1";"5";""
"202100053450";"106Â 175";"B01";"1";"33";"0";"2";"1";"1";"1";""
"202100053450";"106Â 176";"A01";"2";"7";"0";"2";"3";"15";"1";""
"202100053451";"106Â 174";"A01";"1";"7";"0";"1";"1";"14";"1";""
"202100053452";"106Â 173";"A01";"2";"10";"0";"1";"2";"1";"1";""
"202100053453";"106Â 172";"A01";"2";"7";"0";"1";"3";"1";"1";""
"202100053454";"106Â 171";"A01";"0";"7";"0";"1";"1";"1";"1";""
"202100053455";"106Â 169";"A01";"1";"10";"0";"2";"1";"1";"1";""
"202100053455";"106Â 170";"B01";"1";"7";"0";"2";"1";"1";"1";""
"202100053456";"106Â 167";"B01";"2";"10";"0";"2";"1";"1";"1";""
"202100053456";"106Â 168";"A01";"1";"7";"0";"2";"1";"13";"1";""
"202100053457";"106Â 166";"A01";"1";"7";"0";"1";"2";"1";"1";""
"202100053458";"106Â 164";"B01";"3";"7";"0";"2";"1";"1";"1";""
"202100053458";"106Â 165";"A01";"3";"1";"0";"2";"7";"15";"5";""
"202100053459";"106Â 161";"A01";"3";"7";"0";"2";"1";"2";"1";""
"202100053459";"106Â 162";"C01";"3";"7";"0";"2";"4";"2";"1";""
"202100053459";"106Â 163";"B01";"3";"7";"0";"2";"1";"2";"1";""
"202100053460";"106Â 159";"B01";"1";"14";"0";"2";"8";"22";"0";""
"202100053460";"106Â 160";"A01";"1";"80";"1";"0";"1";"1";"3";""
"202100053461";"106Â 158";"A01";"2";"7";"0";"1";"1";"1";"1";""
"202100053462";"106Â 156";"B01";"1";"32";"0";"2";"1";"1";"1";""
"202100053462";"106Â 157";"A01";"1";"30";"0";"2";"7";"1";"1";""
"202100053463";"106Â 154";"B01";"1";"7";"0";"2";"8";"1";"2";""
"202100053463";"106Â 155";"A01";"1";"30";"0";"2";"1";"16";"1";""
"202100053464";"106Â 153";"A01";"1";"7";"0";"1";"1";"1";"1";""
"202100053465";"106Â 151";"B01";"1";"10";"0";"2";"8";"1";"1";""
"202100053465";"106Â 152";"A01";"1";"7";"0";"2";"1";"1";"1";""
"202100053466";"106Â 146";"A01";"3";"10";"0";"9";"1";"16";"1";""
"202100053466";"106Â 147";"B01";"1";"1";"0";"2";"8";"1";"5";""
"202100053467";"106Â 145";"A01";"1";"7";"0";"1";"6";"20";"1";""
"202100053468";"106Â 142";"C01";"1";"7";"0";"2";"1";"1";"1";""
"202100053468";"106Â 143";"A01";"1";"7";"0";"2";"4";"1";"1";""
"202100053468";"106Â 144";"B01";"1";"7";"0";"2";"1";"1";"1";""
"202100053469";"106Â 141";"A01";"1";"50";"0";"1";"1";"1";"3";""
"202100053470";"106Â 139";"B01";"1";"32";"0";"2";"3";"2";"3";""
"202100053470";"106Â 140";"A01";"1";"7";"0";"2";"3";"10";"1";""
"202100053471";"106Â 137";"B01";"3";"40";"0";"2";"3";"1";"3";""
"202100053471";"106Â 138";"A01";"3";"7";"0";"4";"3";"1";"1";""
"202100053472";"106Â 134";"A01";"2";"7";"11";"2";"3";"18";"1";""
"202100053472";"106Â 135";"B01";"2";"14";"0";"2";"2";"1";"1";""
"202100053472";"106Â 136";"C01";"1";"7";"0";"2";"6";"1";"1";""
"202100053473";"106Â 132";"A01";"1";"7";"0";"2";"1";"1";"1";""
"202100053473";"106Â 133";"B01";"1";"7";"8";"1";"7";"1";"1";""
"202100053474";"106Â 130";"A01";"0";"37";"0";"2";"1";"26";"1";"1"
"202100053474";"106Â 131";"B01";"0";"7";"0";"2";"4";"26";"1";""
"202100053475";"106Â 127";"A01";"3";"7";"1";"2";"4";"1";"1";""
"202100053475";"106Â 128";"B01";"3";"10";"0";"2";"6";"1";"0";""
"202100053475";"106Â 129";"C01";"3";"10";"1";"0";"5";"26";"1";""
"202100053476";"106Â 126";"A01";"1";"80";"0";"0";"0";"1";"3";""
"202100053477";"106Â 124";"B01";"2";"10";"0";"2";"7";"18";"1";""
"202100053477";"106Â 125";"A01";"2";"33";"0";"2";"8";"22";"1";""
"202100053478";"106Â 122";"B01";"1";"30";"0";"2";"2";"17";"1";""
"202100053478";"106Â 123";"A01";"1";"7";"0";"2";"3";"15";"1";""
"202100053479";"106Â 121";"A01";"1";"10";"0";"1";"1";"1";"1";""
"202100053480";"106Â 120";"A01";"1";"32";"0";"0";"3";"1";"3";""
"202100053481";"106Â 118";"B01";"1";"2";"0";"2";"1";"1";"1";""
"202100053481";"106Â 119";"A01";"2";"7";"0";"2";"7";"15";"1";""
"202100053482";"106Â 116";"A01";"1";"7";"0";"2";"1";"15";"1";""
"202100053482";"106Â 117";"B01";"1";"32";"0";"2";"8";"1";"1";""
"202100053483";"106Â 114";"A01";"3";"7";"0";"2";"1";"1";"1";""
"202100053483";"106Â 115";"B01";"3";"31";"0";"2";"4";"1";"1";""
"202100053484";"106Â 113";"A01";"1";"10";"0";"1";"4";"4";"1";""
"202100053485";"106Â 112";"A01";"2";"7";"0";"1";"1";"1";"1";""
"202100053486";"106Â 111";"A01";"2";"43";"0";"1";"6";"2";"1";""
"202100053487";"106Â 110";"A01";"1";"13";"0";"1";"2";"1";"1";""
"202100053488";"106Â 109";"A01";"3";"33";"0";"0";"7";"1";"1";""
"202100053489";"106Â 108";"A01";"1";"7";"0";"1";"3";"1";"1";""
"202100053490";"106Â 106";"A01";"1";"7";"0";"2";"2";"1";"1";""
"202100053490";"106Â 107";"B01";"1";"7";"0";"2";"6";"9";"1";""
"202100053491";"106Â 103";"A01";"1";"7";"0";"2";"1";"2";"1";""
"202100053491";"106Â 104";"B01";"1";"33";"0";"2";"1";"1";"1";""
"202100053491";"106Â 105";"C01";"1";"7";"0";"2";"4";"2";"1";""
"202100053492";"106Â 101";"B01";"0";"1";"0";"2";"1";"1";"0";""
"202100053492";"106Â 102";"A01";"0";"30";"0";"9";"1";"25";"0";""
"202100053493";"106Â 099";"A01";"1";"7";"0";"2";"3";"22";"1";""
"202100053493";"106Â 100";"B01";"1";"1";"0";"2";"1";"1";"5";""
"202100053494";"106Â 097";"A01";"1";"7";"0";"2";"3";"10";"1";""
"202100053494";"106Â 098";"B01";"1";"33";"0";"2";"8";"1";"1";""
"202100053495";"106Â 095";"A01";"1";"33";"0";"2";"0";"17";"1";""
"202100053495";"106Â 096";"B01";"1";"7";"0";"2";"3";"13";"1";""
"202100053496";"106Â 093";"A01";"2";"7";"0";"2";"3";"9";"1";""
"202100053496";"106Â 094";"B01";"1";"50";"0";"2";"7";"2";"3";""
"202100053497";"106Â 089";"D01";"1";"7";"0";"0";"0";"1";"1";""
"202100053497";"106Â 090";"A01";"2";"7";"14";"2";"6";"13";"3";""
"202100053497";"106Â 091";"B01";"2";"7";"0";"2";"8";"1";"1";""
"202100053497";"106Â 092";"C01";"2";"31";"14";"2";"1";"1";"1";""
"202100053498";"106Â 086";"A01";"3";"10";"0";"2";"4";"1";"1";""
"202100053498";"106Â 087";"B01";"3";"7";"0";"2";"1";"2";"1";""
"202100053498";"106Â 088";"C01";"3";"7";"0";"2";"1";"2";"1";""
"202100053499";"106Â 084";"B01";"3";"2";"0";"2";"1";"1";"1";""
"202100053499";"106Â 085";"A01";"3";"7";"0";"2";"2";"1";"1";""
"202100053500";"106Â 082";"B01";"1";"7";"0";"2";"1";"1";"1";""
"202100053500";"106Â 083";"A01";"1";"7";"0";"2";"4";"23";"1";""
"202100053501";"106Â 081";"A01";"3";"7";"0";"1";"1";"15";"1";""
"202100053502";"106Â 079";"A01";"2";"7";"0";"2";"2";"1";"1";""
"202100053502";"106Â 080";"B01";"1";"1";"0";"2";"0";"1";"5";""
"202100053503";"106Â 077";"B01";"1";"7";"0";"2";"4";"1";"1";""
"202100053503";"106Â 078";"A01";"1";"7";"0";"2";"1";"2";"0";""
"202100053504";"106Â 075";"A01";"1";"10";"0";"2";"2";"9";"1";""
"202100053504";"106Â 076";"B01";"1";"7";"0";"2";"3";"1";"1";""
"202100053505";"106Â 074";"A01";"1";"32";"0";"0";"0";"17";"3";""
"202100053506";"106Â 072";"A01";"2";"80";"0";"1";"7";"1";"3";""
"202100053507";"106Â 071";"A01";"1";"7";"0";"1";"3";"1";"1";""
"202100053508";"106Â 068";"C01";"1";"7";"0";"2";"3";"9";"1";""
"202100053508";"106Â 069";"B01";"1";"7";"0";"2";"4";"16";"1";""
"202100053508";"106Â 070";"A01";"1";"7";"14";"0";"2";"1";"1";""
"202100053509";"106Â 066";"B01";"1";"7";"0";"2";"1";"1";"1";""
"202100053509";"106Â 067";"A01";"2";"7";"0";"2";"3";"19";"1";""
"202100053510";"106Â 064";"A01";"2";"7";"0";"2";"1";"11";"1";""
"202100053510";"106Â 065";"B01";"1";"14";"0";"2";"1";"1";"1";""
"202100053511";"106Â 063";"A01";"1";"7";"2";"0";"2";"1";"1";""
"202100053512";"106Â 061";"B01";"2";"7";"0";"2";"2";"1";"1";""
"202100053512";"106Â 062";"A01";"1";"7";"0";"2";"2";"1";"1";""
"202100053513";"106Â 060";"A01";"1";"7";"2";"0";"3";"0";"1";""
"202100053514";"106Â 059";"A01";"1";"7";"1";"1";"2";"1";"1";""
"202100053515";"106Â 058";"A01";"2";"10";"0";"1";"7";"1";"1";""
"202100053516";"106Â 056";"A01";"1";"10";"0";"2";"1";"13";"1";""
"202100053516";"106Â 057";"B01";"2";"7";"0";"2";"3";"1";"1";""
"202100053517";"106Â 054";"B01";"1";"7";"0";"2";"1";"1";"1";""
"202100053517";"106Â 055";"A01";"2";"7";"13";"2";"7";"15";"1";""
"202100053518";"106Â 053";"A01";"2";"3";"2";"0";"8";"1";"1";""
"202100053519";"106Â 052";"A01";"3";"31";"0";"0";"8";"1";"1";""
"202100053520";"106Â 050";"A01";"2";"7";"0";"2";"8";"1";"1";""
"202100053520";"106Â 051";"B01";"1";"7";"0";"2";"3";"13";"1";""
"202100053521";"106Â 048";"B01";"2";"1";"0";"2";"0";"1";"5";""
"202100053521";"106Â 049";"A01";"2";"1";"0";"2";"0";"1";"5";""
"202100053522";"106Â 047";"A01";"1";"7";"0";"1";"1";"1";"1";""
"202100053523";"106Â 042";"A01";"1";"7";"0";"0";"3";"13";"1";""
"202100053523";"106Â 043";"B01";"2";"7";"0";"0";"8";"1";"1";""
"202100053523";"106Â 044";"C01";"2";"7";"0";"0";"3";"1";"1";""
"202100053523";"106Â 045";"D01";"2";"10";"0";"9";"0";"21";"1";""
"202100053524";"106Â 041";"A01";"0";"7";"0";"1";"4";"26";"1";""
"202100053525";"106Â 040";"A01";"1";"7";"0";"0";"9";"1";"1";""
"202100053526";"106Â 039";"A01";"1";"10";"0";"1";"0";"1";"0";""
"202100053527";"106Â 038";"A01";"3";"7";"0";"1";"1";"1";"0";""
"202100053528";"106Â 036";"B01";"1";"7";"0";"2";"8";"13";"1";""
"202100053528";"106Â 037";"A01";"2";"7";"0";"0";"8";"1";"1";""
"202100053529";"106Â 035";"A01";"1";"7";"9";"0";"1";"0";"1";""
"202100053530";"106Â 033";"A01";"3";"7";"0";"2";"8";"1";"1";""
"202100053530";"106Â 034";"B01";"3";"7";"0";"2";"1";"16";"1";""
"202100053531";"106Â 031";"B01";"2";"33";"0";"2";"1";"17";"1";""
"202100053531";"106Â 032";"A01";"1";"15";"0";"2";"3";"1";"1";""
"202100053532";"106Â 030";"A01";"2";"17";"3";"0";"2";"2";"1";""
"202100053533";"106Â 028";"B01";"1";"10";"0";"9";"3";"0";"1";""
"202100053533";"106Â 029";"A01";"2";"1";"0";"2";"0";"0";"5";""
"202100053534";"106Â 026";"B01";"2";"33";"0";"2";"1";"17";"1";""
"202100053534";"106Â 027";"A01";"1";"7";"0";"0";"8";"15";"1";""
"202100053535";"106Â 024";"A01";"2";"7";"1";"0";"1";"0";"1";""
"202100053535";"106Â 025";"B01";"3";"7";"0";"1";"6";"23";"1";""
"202100053536";"106Â 023";"A01";"1";"7";"0";"1";"2";"1";"1";""
"202100053537";"106Â 022";"A01";"1";"7";"4";"0";"3";"2";"1";""
"202100053538";"106Â 021";"A01";"0";"7";"0";"1";"2";"1";"1";""
"202100053539";"106Â 020";"A01";"3";"7";"0";"1";"2";"13";"1";""
"202100053540";"106Â 018";"A01";"2";"7";"13";"2";"4";"1";"1";""
"202100053540";"106Â 019";"B01";"1";"14";"0";"2";"3";"14";"1";""
"202100053541";"106Â 015";"A01";"1";"7";"0";"9";"3";"15";"1";""
"202100053541";"106Â 016";"B01";"1";"1";"0";"2";"1";"16";"5";""
"202100053542";"106Â 013";"A01";"1";"7";"0";"2";"5";"26";"1";""
"202100053542";"106Â 014";"B01";"1";"14";"0";"2";"5";"26";"1";""
"202100053543";"106Â 011";"A01";"1";"7";"0";"2";"3";"26";"1";""
"202100053543";"106Â 012";"Z01";"1";"7";"0";"2";"0";"14";"0";""
"202100053544";"106Â 009";"B01";"2";"7";"0";"2";"9";"18";"1";""
"202100053544";"106Â 010";"A01";"2";"14";"0";"2";"2";"1";"1";""
"202100053545";"106Â 007";"A01";"1";"7";"4";"0";"7";"1";"1";""
"202100053545";"106Â 008";"Z01";"1";"10";"0";"2";"7";"0";"1";""
"202100053546";"106Â 006";"A01";"2";"7";"4";"0";"2";"14";"1";""
"202100053547";"106Â 004";"A01";"1";"7";"0";"2";"8";"13";"1";""
"202100053547";"106Â 005";"B01";"1";"15";"0";"2";"2";"1";"1";""
"202100053548";"106Â 003";"A01";"2";"7";"4";"0";"3";"1";"1";""
"202100053549";"106Â 001";"A01";"1";"15";"0";"2";"2";"14";"1";""
"202100053549";"106Â 002";"B01";"1";"7";"0";"2";"6";"2";"1";""
"202100053550";"106Â 000";"A01";"2";"7";"2";"0";"1";"21";"1";""
"202100053551";"105Â 997";"B01";"2";"10";"0";"2";"6";"1";"1";""
"202100053551";"105Â 998";"A01";"2";"33";"0";"2";"1";"26";"1";""
"202100053552";"105Â 995";"A01";"2";"7";"0";"2";"1";"1";"1";""
"202100053552";"105Â 996";"B01";"2";"7";"0";"2";"4";"1";"1";""
"202100053553";"105Â 994";"A01";"1";"7";"4";"1";"1";"17";"1";""
"202100053554";"105Â 992";"A01";"1";"1";"0";"2";"2";"11";"5";""
"202100053554";"105Â 993";"B01";"1";"7";"0";"2";"3";"15";"1";""
"202100053555";"105Â 990";"A01";"3";"7";"0";"2";"3";"15";"1";""
"202100053555";"105Â 991";"B01";"3";"80";"0";"2";"1";"17";"3";""
"202100053556";"105Â 988";"B01";"1";"7";"0";"2";"4";"24";"1";""
"202100053556";"105Â 989";"A01";"1";"2";"0";"2";"1";"1";"1";""
"202100053557";"105Â 986";"A01";"1";"2";"0";"2";"8";"9";"1";""
"202100053557";"105Â 987";"B01";"1";"7";"0";"2";"7";"16";"1";""
"202100053558";"105Â 984";"B01";"2";"1";"0";"2";"1";"2";"5";""
"202100053558";"105Â 985";"A01";"2";"7";"0";"2";"8";"22";"1";""
"202100053559";"105Â 983";"A01";"2";"7";"0";"0";"2";"14";"1";""
"202100053560";"105Â 982";"A01";"2";"7";"0";"1";"2";"15";"1";""
"202100053561";"105Â 979";"A01";"3";"7";"11";"2";"1";"2";"1";""
"202100053561";"105Â 980";"B01";"3";"7";"11";"2";"4";"2";"1";""
"202100053561";"105Â 981";"C01";"3";"7";"11";"2";"4";"2";"1";""
"202100053562";"105Â 978";"A01";"1";"31";"0";"0";"0";"26";"1";""
"202100053563";"105Â 976";"A01";"1";"50";"0";"2";"1";"25";"3";""
"202100053563";"105Â 977";"B01";"2";"7";"0";"2";"2";"16";"1";""
"202100053564";"105Â 975";"A01";"3";"7";"0";"1";"3";"15";"1";""
"202100053565";"105Â 973";"A01";"2";"7";"0";"2";"3";"13";"3";""
"202100053565";"105Â 974";"B01";"1";"7";"0";"2";"3";"13";"1";""
"202100053566";"105Â 971";"A01";"3";"30";"0";"2";"1";"26";"3";""
"202100053566";"105Â 972";"B01";"3";"7";"0";"2";"3";"15";"1";""
"202100053567";"105Â 969";"B01";"3";"31";"0";"2";"1";"1";"1";""
"202100053567";"105Â 970";"A01";"3";"13";"0";"2";"1";"15";"1";""
"202100053568";"105Â 967";"A01";"3";"7";"0";"2";"1";"13";"1";""
"202100053568";"105Â 968";"B01";"3";"37";"0";"2";"1";"1";"1";"1"
"202100053569";"105Â 966";"A01";"3";"7";"0";"1";"4";"20";"1";""
"202100053570";"105Â 964";"A01";"2";"7";"0";"2";"8";"9";"1";""
"202100053570";"105Â 965";"B01";"1";"7";"0";"2";"3";"1";"1";""
"202100053571";"105Â 962";"A01";"2";"7";"0";"2";"1";"15";"1";""
"202100053571";"105Â 963";"B01";"1";"2";"0";"2";"1";"1";"1";""
"202100053572";"105Â 960";"B01";"2";"7";"0";"2";"1";"1";"1";""
"202100053572";"105Â 961";"A01";"1";"7";"0";"2";"8";"13";"1";""
"202100053573";"105Â 958";"A01";"2";"7";"0";"2";"8";"19";"1";""
"202100053573";"105Â 959";"B01";"1";"50";"0";"2";"1";"1";"3";""
"202100053574";"105Â 956";"B01";"1";"2";"1";"2";"1";"1";"1";""
"202100053574";"105Â 957";"A01";"2";"7";"0";"2";"3";"19";"1";""
"202100053575";"105Â 954";"A01";"3";"50";"0";"2";"8";"19";"3";""
"202100053575";"105Â 955";"B01";"3";"7";"0";"2";"1";"1";"1";""
"202100053576";"105Â 953";"A01";"2";"7";"0";"1";"1";"1";"1";""
"202100053577";"105Â 952";"A01";"3";"7";"0";"1";"3";"1";"1";""
"202100053578";"105Â 950";"A01";"1";"30";"0";"2";"2";"9";"1";""
"202100053578";"105Â 951";"B01";"2";"7";"0";"2";"2";"1";"1";""
"202100053579";"105Â 948";"B01";"3";"7";"0";"2";"2";"26";"1";""
"202100053579";"105Â 949";"A01";"3";"7";"0";"2";"3";"26";"1";""
"202100053580";"105Â 946";"A01";"1";"7";"0";"2";"7";"15";"1";""
"202100053580";"105Â 947";"B01";"2";"7";"0";"2";"2";"1";"1";""
"202100053581";"105Â 945";"A01";"3";"7";"0";"1";"3";"1";"1";""
"202100053582";"105Â 943";"A01";"1";"7";"0";"2";"1";"2";"1";""
"202100053582";"105Â 944";"B01";"1";"10";"0";"2";"4";"2";"1";""
"202100053583";"105Â 942";"A01";"1";"7";"4";"0";"3";"0";"1";""
"202100053584";"105Â 939";"A01";"3";"1";"0";"2";"0";"19";"0";""
"202100053584";"105Â 940";"C01";"3";"7";"0";"2";"3";"2";"1";""
"202100053584";"105Â 941";"B01";"3";"7";"0";"2";"3";"1";"1";""
"202100053585";"105Â 938";"A01";"1";"3";"1";"0";"1";"13";"1";""
"202100053586";"105Â 937";"A01";"0";"30";"0";"0";"0";"1";"1";""
"202100053587";"105Â 935";"B01";"1";"7";"0";"0";"0";"0";"1";""
"202100053587";"105Â 936";"A01";"1";"1";"0";"2";"3";"26";"5";""
"202100053588";"105Â 933";"B01";"3";"7";"0";"2";"8";"1";"1";""
"202100053588";"105Â 934";"A01";"3";"33";"0";"2";"1";"19";"1";""
"202100053589";"105Â 929";"C01";"1";"7";"0";"2";"4";"23";"1";""
"202100053589";"105Â 930";"D01";"1";"7";"0";"0";"0";"23";"1";""
"202100053589";"105Â 931";"A01";"1";"7";"0";"2";"1";"1";"1";""
"202100053589";"105Â 932";"B01";"1";"7";"0";"2";"4";"23";"1";""
"202100053590";"105Â 925";"B01";"0";"7";"0";"2";"4";"23";"1";""
"202100053590";"105Â 926";"A01";"0";"7";"0";"2";"1";"1";"1";""
"202100053591";"105Â 923";"A01";"3";"7";"0";"2";"2";"15";"1";""
"202100053591";"105Â 924";"B01";"1";"7";"0";"2";"3";"1";"1";""
"202100053592";"105Â 922";"A01";"1";"1";"0";"0";"0";"1";"5";""
"202100053593";"105Â 920";"B01";"3";"7";"0";"0";"0";"0";"0";""
"202100053593";"105Â 921";"A01";"3";"10";"0";"2";"3";"0";"1";""
"202100053594";"105Â 918";"B01";"3";"7";"0";"2";"7";"2";"1";""
"202100053594";"105Â 919";"A01";"3";"7";"0";"2";"3";"9";"1";""
"202100053595";"105Â 917";"A01";"1";"50";"0";"0";"7";"0";"3";""
"202100053596";"105Â 916";"A01";"1";"7";"0";"1";"1";"1";"1";""
"202100053597";"105Â 915";"A01";"1";"7";"7";"0";"2";"9";"1";""
"202100053598";"105Â 913";"A01";"1";"7";"0";"2";"1";"1";"1";""
"202100053598";"105Â 914";"B01";"1";"1";"0";"2";"8";"1";"5";""
"202100053599";"105Â 912";"A01";"1";"7";"0";"1";"1";"1";"1";""
"202100053600";"105Â 909";"C01";"2";"99";"0";"2";"4";"1";"1";""
"202100053600";"105Â 910";"B01";"2";"7";"0";"2";"1";"1";"1";""
"202100053600";"105Â 911";"A01";"2";"7";"0";"2";"1";"1";"1";""
"202100053601";"105Â 908";"A01";"3";"30";"0";"0";"1";"1";"1";""
"202100053602";"105Â 907";"A01";"1";"30";"0";"0";"8";"1";"1";""
"202100053603";"105Â 905";"B01";"1";"10";"0";"2";"5";"1";"0";""