"Num_Acc";"id_vehicule";"num_veh";"senc";"catv";"obs";"obsm";"choc";"manv";"motor";"occutc"
"202100053603";"105Â 906";"A01";"1";"7";"0";"2";"1";"9";"1";""
"202100053604";"105Â 904";"A01";"1";"7";"4";"0";"1";"1";"1";""
"202100053605";"105Â 902";"A01";"1";"7";"0";"1";"1";"26";"1";""
"202100053605";"105Â 903";"B01";"1";"60";"0";"2";"1";"15";"5";""
"202100053606";"105Â 899";"A01";"1";"7";"0";"2";"1";"2";"1";""
"202100053606";"105Â 900";"B01";"1";"7";"0";"2";"4";"23";"1";""
"202100053606";"105Â 901";"C01";"1";"10";"0";"2";"4";"1";"1";""
"202100053607";"105Â 897";"A01";"0";"10";"0";"2";"3";"9";"1";""
"202100053607";"105Â 898";"B01";"1";"2";"0";"2";"2";"1";"1";""
"202100053608";"105Â 896";"A01";"1";"7";"15";"0";"3";"9";"1";""
"202100053609";"105Â 894";"A01";"1";"7";"0";"2";"1";"9";"1";""
"202100053609";"105Â 895";"B01";"1";"7";"0";"2";"4";"9";"0";""
"202100053610";"105Â 892";"A01";"0";"7";"0";"2";"1";"15";"1";""
"202100053610";"105Â 893";"B01";"0";"7";"0";"2";"5";"1";"1";""
"202100053611";"105Â 890";"A01";"3";"7";"0";"2";"4";"26";"0";""
"202100053611";"105Â 891";"B01";"3";"7";"0";"2";"1";"1";"1";""
"202100053612";"105Â 888";"B01";"1";"7";"0";"9";"1";"1";"1";""
"202100053612";"105Â 889";"A01";"1";"14";"0";"2";"0";"1";"1";""
"202100053613";"105Â 887";"A01";"1";"7";"0";"1";"1";"15";"1";""
"202100053614";"105Â 886";"A01";"2";"33";"0";"1";"1";"17";"1";""
"202100053615";"105Â 885";"A01";"3";"33";"0";"0";"0";"9";"1";""
"202100053616";"105Â 883";"B01";"3";"7";"0";"2";"1";"1";"1";""
"202100053616";"105Â 884";"A01";"3";"7";"0";"2";"3";"16";"1";""
"202100053617";"105Â 881";"B01";"0";"7";"0";"2";"1";"1";"1";""
"202100053617";"105Â 882";"A01";"0";"7";"0";"2";"3";"26";"1";""
"202100053618";"105Â 880";"A01";"2";"7";"0";"1";"1";"1";"1";""
"202100053619";"105Â 879";"A01";"3";"7";"0";"1";"0";"0";"1";""
"202100053620";"105Â 878";"A01";"2";"31";"0";"0";"8";"26";"1";""
"202100053621";"105Â 876";"A01";"1";"7";"9";"2";"2";"15";"1";""
"202100053621";"105Â 877";"B01";"2";"7";"0";"2";"1";"1";"1";""
"202100053622";"105Â 875";"A01";"2";"30";"0";"0";"9";"1";"1";""
"202100053623";"105Â 874";"A01";"2";"7";"1";"0";"1";"1";"1";""
"202100053624";"105Â 872";"A01";"1";"13";"0";"2";"2";"12";"1";""
"202100053624";"105Â 873";"B01";"1";"7";"0";"2";"6";"1";"1";""
"202100053625";"105Â 870";"A01";"2";"31";"0";"2";"1";"2";"1";""
"202100053625";"105Â 871";"B01";"2";"33";"0";"2";"4";"23";"1";""
"202100053626";"105Â 869";"A01";"3";"30";"0";"0";"1";"1";"1";""
"202100053627";"105Â 867";"B01";"1";"32";"0";"2";"1";"1";"1";""
"202100053627";"105Â 868";"A01";"1";"10";"0";"2";"2";"9";"1";""
"202100053628";"105Â 865";"A01";"2";"7";"0";"2";"2";"16";"0";""
"202100053628";"105Â 866";"B01";"2";"1";"0";"2";"8";"1";"5";""
"202100053629";"105Â 864";"A01";"1";"1";"0";"2";"0";"21";"5";""
"202100053630";"105Â 863";"A01";"2";"1";"12";"0";"8";"12";"5";""
"202100053631";"105Â 862";"A01";"1";"1";"0";"1";"1";"1";"5";""
"202100053632";"105Â 861";"A01";"2";"30";"0";"1";"1";"1";"1";""
"202100053633";"105Â 859";"A01";"1";"7";"0";"2";"2";"9";"1";""
"202100053633";"105Â 860";"B01";"1";"33";"0";"2";"8";"1";"1";""
"202100053634";"105Â 857";"B01";"2";"10";"0";"1";"4";"2";"1";""
"202100053634";"105Â 858";"A01";"2";"7";"0";"2";"1";"2";"1";""
"202100053635";"105Â 856";"A01";"3";"7";"0";"1";"1";"2";"0";""
"202100053636";"105Â 855";"A01";"1";"33";"0";"0";"0";"26";"1";""
"202100053637";"105Â 854";"A01";"3";"10";"0";"1";"1";"1";"1";""
"202100053638";"105Â 852";"A01";"0";"99";"0";"0";"0";"15";"0";""
"202100053638";"105Â 853";"B01";"0";"33";"0";"2";"0";"1";"0";""
"202100053639";"105Â 850";"A01";"1";"13";"0";"2";"1";"23";"1";""
"202100053639";"105Â 851";"B01";"1";"7";"0";"2";"4";"23";"1";""
"202100053640";"105Â 848";"A01";"1";"7";"0";"2";"2";"14";"1";""
"202100053640";"105Â 849";"B01";"1";"0";"0";"0";"6";"1";"3";""
"202100053641";"105Â 847";"A01";"1";"3";"0";"1";"3";"26";"0";""
"202100053642";"105Â 845";"A01";"1";"7";"0";"2";"2";"1";"1";""
"202100053642";"105Â 846";"B01";"1";"2";"0";"2";"1";"15";"1";""
"202100053643";"105Â 843";"A01";"1";"7";"0";"2";"8";"13";"1";""
"202100053643";"105Â 844";"B01";"2";"7";"0";"2";"3";"13";"1";""
"202100053644";"105Â 842";"A01";"1";"32";"3";"1";"7";"21";"1";""
"202100053645";"105Â 840";"B01";"3";"32";"0";"2";"1";"1";"0";""
"202100053645";"105Â 841";"A01";"3";"50";"0";"2";"1";"5";"3";""
"202100053646";"105Â 839";"A01";"2";"7";"13";"0";"0";"9";"1";""
"202100053647";"105Â 837";"A01";"2";"10";"0";"2";"1";"13";"1";""
"202100053647";"105Â 838";"B01";"1";"7";"0";"2";"1";"1";"1";""
"202100053648";"105Â 836";"A01";"2";"7";"2";"0";"2";"11";"1";""
"202100053649";"105Â 835";"A01";"2";"7";"0";"0";"8";"1";"1";""
"202100053650";"105Â 833";"A01";"3";"7";"0";"2";"1";"1";"1";""
"202100053650";"105Â 834";"B01";"3";"50";"0";"2";"2";"19";"3";""
"202100053651";"105Â 832";"A01";"1";"7";"0";"0";"2";"0";"1";""
"202100053652";"105Â 830";"A01";"2";"7";"0";"2";"5";"15";"1";""
"202100053652";"105Â 831";"B01";"1";"7";"0";"2";"2";"1";"1";""
"202100053653";"105Â 829";"A01";"1";"7";"8";"0";"1";"1";"1";""
"202100053654";"105Â 827";"B01";"2";"7";"13";"1";"2";"1";"1";""
"202100053654";"105Â 828";"A01";"2";"7";"13";"0";"7";"1";"1";""
"202100053655";"105Â 825";"B01";"0";"3";"0";"2";"1";"1";"1";""
"202100053655";"105Â 826";"A01";"0";"7";"0";"2";"1";"5";"1";""
"202100053656";"105Â 824";"A01";"2";"31";"0";"6";"1";"1";"1";""
"202100053657";"105Â 822";"B01";"2";"7";"0";"2";"1";"1";"1";""
"202100053657";"105Â 823";"A01";"1";"7";"0";"2";"3";"13";"1";""
"202100053658";"105Â 821";"A01";"1";"7";"6";"0";"9";"13";"1";""
"202100053659";"105Â 819";"A01";"1";"2";"0";"2";"1";"1";"1";""
"202100053659";"105Â 820";"B01";"2";"7";"0";"2";"3";"15";"1";""
"202100053660";"105Â 818";"A01";"2";"7";"2";"0";"1";"1";"1";""
"202100053661";"105Â 816";"B01";"1";"15";"0";"2";"1";"1";"1";""
"202100053661";"105Â 817";"A01";"2";"7";"0";"2";"3";"13";"1";""
"202100053662";"105Â 813";"C01";"1";"7";"0";"2";"6";"13";"1";""
"202100053662";"105Â 814";"B01";"2";"7";"0";"2";"6";"1";"1";""
"202100053662";"105Â 815";"A01";"2";"33";"0";"2";"3";"1";"1";""
"202100053663";"105Â 812";"A01";"2";"7";"17";"0";"1";"14";"1";""
"202100053664";"105Â 811";"A01";"1";"7";"0";"1";"1";"1";"1";""
"202100053665";"105Â 809";"B01";"3";"7";"0";"2";"8";"1";"1";""
"202100053665";"105Â 810";"A01";"2";"7";"0";"2";"1";"1";"1";""
"202100053666";"105Â 807";"B01";"2";"10";"0";"2";"1";"1";"1";""
"202100053666";"105Â 808";"A01";"1";"10";"0";"2";"2";"0";"1";""
"202100053667";"105Â 806";"A01";"1";"7";"0";"1";"2";"1";"1";""
"202100053668";"105Â 804";"A01";"1";"7";"0";"2";"1";"13";"1";""
"202100053668";"105Â 805";"B01";"2";"7";"0";"2";"3";"1";"1";""
"202100053669";"105Â 803";"A01";"1";"17";"3";"0";"3";"1";"1";""
"202100053670";"105Â 801";"A01";"1";"7";"0";"0";"4";"1";"1";""
"202100053670";"105Â 802";"B01";"1";"10";"0";"2";"1";"2";"1";""
"202100053671";"105Â 799";"A01";"2";"33";"0";"2";"1";"2";"1";""
"202100053671";"105Â 800";"B01";"2";"7";"0";"0";"4";"2";"1";""
"202100053672";"105Â 797";"A01";"1";"15";"0";"2";"6";"1";"1";""
"202100053672";"105Â 798";"B01";"1";"7";"0";"2";"2";"1";"1";""
"202100053673";"105Â 796";"A01";"3";"7";"0";"1";"4";"4";"1";""
"202100053674";"105Â 793";"C01";"1";"7";"0";"9";"3";"1";"1";""
"202100053674";"105Â 794";"B01";"2";"33";"0";"2";"3";"13";"1";""
"202100053674";"105Â 795";"A01";"1";"7";"0";"2";"3";"1";"1";""
"202100053675";"105Â 791";"B01";"1";"7";"0";"0";"3";"1";"1";""
"202100053675";"105Â 792";"A01";"0";"7";"0";"0";"2";"13";"1";""
"202100053676";"105Â 790";"A01";"1";"7";"4";"0";"0";"1";"1";""
"202100053677";"105Â 789";"A01";"0";"7";"15";"0";"1";"1";"1";""
"202100053678";"105Â 788";"A01";"3";"7";"0";"1";"2";"15";"0";""
"202100053679";"105Â 783";"B01";"2";"7";"0";"2";"6";"1";"2";""
"202100053679";"105Â 784";"A01";"1";"7";"6";"2";"7";"1";"1";""
"202100053679";"105Â 785";"C01";"1";"7";"0";"2";"5";"2";"1";""
"202100053679";"105Â 786";"D01";"1";"7";"0";"2";"8";"1";"1";""
"202100053679";"105Â 787";"E01";"1";"7";"0";"0";"7";"2";"1";""
"202100053680";"105Â 782";"A01";"2";"7";"0";"1";"3";"16";"1";""
"202100053681";"105Â 781";"A01";"1";"7";"0";"1";"3";"1";"1";""
"202100053682";"105Â 779";"A01";"1";"15";"0";"2";"1";"1";"1";""
"202100053682";"105Â 780";"B01";"1";"10";"0";"2";"3";"9";"1";""
"202100053683";"105Â 777";"B01";"2";"2";"0";"2";"1";"1";"1";""
"202100053683";"105Â 778";"A01";"2";"7";"0";"2";"3";"9";"1";""
"202100053684";"105Â 775";"B01";"1";"7";"0";"2";"8";"1";"1";""
"202100053684";"105Â 776";"A01";"2";"15";"0";"2";"6";"13";"1";""
"202100053685";"105Â 774";"A01";"1";"7";"17";"0";"1";"21";"1";""
"202100053686";"105Â 772";"Z01";"1";"7";"0";"2";"3";"12";"0";""
"202100053686";"105Â 773";"A01";"1";"7";"0";"2";"5";"1";"1";""
"202100053687";"105Â 770";"B01";"2";"33";"0";"2";"1";"3";"1";""
"202100053687";"105Â 771";"A01";"2";"7";"0";"2";"6";"11";"1";""
"202100053688";"105Â 767";"A01";"2";"7";"0";"2";"6";"2";"1";""
"202100053688";"105Â 768";"B01";"2";"7";"0";"2";"6";"9";"1";""
"202100053688";"105Â 769";"C01";"2";"7";"0";"2";"2";"1";"1";""
"202100053689";"105Â 764";"C01";"1";"7";"0";"2";"4";"2";"0";""
"202100053689";"105Â 765";"B01";"1";"7";"0";"2";"4";"2";"1";""
"202100053689";"105Â 766";"A01";"1";"7";"0";"2";"1";"2";"1";""
"202100053690";"105Â 763";"A01";"1";"7";"9";"0";"1";"21";"1";""
"202100053691";"105Â 761";"A01";"2";"33";"0";"2";"1";"3";"1";""
"202100053691";"105Â 762";"B01";"2";"7";"0";"2";"4";"11";"1";""
"202100053692";"105Â 759";"A01";"2";"10";"0";"2";"6";"0";"1";""
"202100053692";"105Â 760";"B01";"2";"33";"0";"2";"1";"3";"1";""
"202100053693";"105Â 757";"B01";"2";"32";"0";"2";"2";"3";"1";""
"202100053693";"105Â 758";"A01";"2";"7";"0";"2";"6";"11";"1";""
"202100053694";"105Â 756";"A01";"2";"7";"0";"9";"1";"1";"1";""
"202100053695";"105Â 753";"C01";"2";"7";"0";"2";"0";"2";"1";""
"202100053695";"105Â 754";"B01";"2";"33";"0";"2";"1";"3";"1";""
"202100053695";"105Â 755";"A01";"2";"10";"0";"2";"6";"1";"1";""
"202100053696";"105Â 751";"A01";"2";"7";"0";"2";"5";"12";"1";""
"202100053696";"105Â 752";"B01";"2";"33";"0";"2";"1";"3";"1";""
"202100053697";"105Â 749";"A01";"2";"7";"0";"2";"4";"1";"1";""
"202100053697";"105Â 750";"B01";"1";"7";"0";"2";"1";"2";"1";""
"202100053698";"105Â 747";"B01";"1";"7";"0";"2";"4";"2";"1";""
"202100053698";"105Â 748";"A01";"1";"37";"0";"2";"1";"9";"1";"1"
"202100053699";"105Â 745";"A01";"1";"7";"0";"2";"1";"2";"1";""
"202100053699";"105Â 746";"B01";"1";"7";"0";"2";"4";"2";"1";""
"202100053700";"105Â 744";"A01";"3";"7";"0";"1";"3";"15";"1";""
"202100053701";"105Â 742";"B01";"1";"7";"0";"2";"4";"2";"1";""
"202100053701";"105Â 743";"A01";"1";"34";"0";"2";"1";"2";"1";""
"202100053702";"105Â 740";"A01";"2";"7";"1";"2";"8";"1";"1";""
"202100053702";"105Â 741";"B01";"2";"31";"0";"2";"1";"1";"1";""
"202100053703";"105Â 739";"A01";"3";"7";"0";"1";"1";"19";"1";""
"202100053704";"105Â 738";"A01";"1";"7";"0";"1";"2";"1";"0";""
"202100053705";"105Â 737";"A01";"1";"10";"9";"1";"2";"2";"1";""
"202100053706";"105Â 735";"B01";"1";"7";"0";"2";"7";"1";"1";""
"202100053706";"105Â 736";"A01";"1";"7";"0";"2";"1";"1";"1";""
"202100053707";"105Â 733";"A01";"3";"7";"0";"2";"3";"1";"1";""
"202100053707";"105Â 734";"B01";"3";"1";"0";"2";"1";"1";"5";""
"202100053708";"105Â 732";"A01";"2";"7";"0";"1";"2";"1";"1";""
"202100053709";"105Â 731";"A01";"2";"7";"0";"1";"7";"26";"1";""
"202100053710";"105Â 729";"A01";"1";"7";"0";"2";"3";"15";"1";""
"202100053710";"105Â 730";"B01";"1";"7";"2";"0";"8";"1";"1";""
"202100053711";"105Â 728";"A01";"1";"7";"0";"1";"1";"1";"1";""
"202100053712";"105Â 725";"A01";"1";"10";"0";"2";"0";"17";"1";""
"202100053712";"105Â 726";"B01";"1";"7";"0";"2";"6";"12";"1";""
"202100053713";"105Â 723";"B01";"1";"10";"0";"2";"3";"15";"1";""
"202100053713";"105Â 724";"A01";"1";"7";"0";"2";"2";"1";"1";""
"202100053714";"105Â 721";"A01";"2";"7";"0";"2";"1";"1";"1";""
"202100053714";"105Â 722";"B01";"1";"7";"0";"2";"8";"1";"1";""
"202100053715";"105Â 719";"A01";"1";"7";"0";"2";"8";"15";"1";""
"202100053715";"105Â 720";"B01";"1";"7";"0";"2";"1";"1";"1";""
"202100053716";"105Â 717";"B01";"2";"7";"0";"2";"1";"1";"1";""
"202100053716";"105Â 718";"A01";"1";"7";"5";"2";"4";"13";"1";""
"202100053717";"105Â 715";"A01";"0";"7";"0";"2";"0";"1";"0";""
"202100053717";"105Â 716";"B01";"1";"7";"0";"2";"1";"1";"1";""
"202100053718";"105Â 714";"A01";"1";"7";"0";"1";"1";"16";"1";""
"202100053719";"105Â 713";"A01";"1";"15";"0";"0";"0";"14";"1";""
"202100053720";"105Â 711";"B01";"2";"7";"0";"2";"1";"1";"1";""
"202100053720";"105Â 712";"A01";"1";"1";"0";"2";"5";"1";"5";""
"202100053721";"105Â 709";"B01";"1";"33";"0";"2";"1";"1";"1";""
"202100053721";"105Â 710";"A01";"1";"7";"0";"2";"1";"15";"1";""
"202100053722";"105Â 708";"A01";"0";"7";"8";"0";"1";"1";"1";""
"202100053723";"105Â 707";"A01";"3";"30";"0";"0";"7";"9";"1";""
"202100053724";"105Â 706";"A01";"1";"7";"0";"1";"1";"26";"1";""
"202100053725";"105Â 704";"B01";"1";"7";"0";"2";"3";"1";"1";""
"202100053725";"105Â 705";"A01";"1";"32";"0";"2";"3";"1";"1";""
"202100053726";"105Â 703";"A01";"1";"99";"0";"1";"1";"26";"1";""
"202100053727";"105Â 702";"A01";"1";"7";"0";"1";"7";"19";"1";""
"202100053728";"105Â 701";"A01";"3";"7";"0";"9";"1";"15";"1";""
"202100053729";"105Â 700";"A01";"3";"30";"2";"0";"1";"1";"1";""
"202100053730";"105Â 698";"A01";"3";"7";"0";"2";"4";"1";"1";""
"202100053730";"105Â 699";"B01";"3";"7";"0";"2";"1";"2";"0";""
"202100053731";"105Â 697";"A01";"2";"7";"0";"1";"2";"1";"1";""
"202100053732";"105Â 695";"A01";"1";"7";"0";"2";"6";"15";"1";""
"202100053732";"105Â 696";"B01";"1";"2";"0";"2";"7";"17";"1";""
"202100053733";"105Â 694";"A01";"0";"7";"8";"0";"2";"1";"1";""
"202100053734";"105Â 693";"A01";"3";"30";"0";"0";"7";"0";"1";""
"202100053735";"105Â 692";"A01";"1";"7";"0";"1";"8";"16";"1";""
"202100053736";"105Â 691";"A01";"1";"99";"0";"1";"1";"1";"1";""
"202100053737";"105Â 689";"B01";"1";"1";"0";"2";"7";"26";"5";""
"202100053737";"105Â 690";"A01";"1";"7";"0";"2";"7";"9";"1";""
"202100053738";"105Â 687";"A01";"1";"7";"0";"2";"2";"15";"1";""
"202100053738";"105Â 688";"B01";"2";"7";"0";"2";"1";"1";"1";""
"202100053739";"105Â 686";"A01";"1";"7";"0";"0";"9";"26";"1";""
"202100053740";"105Â 683";"A01";"2";"7";"0";"2";"3";"17";"1";""
"202100053740";"105Â 684";"B01";"2";"33";"0";"2";"1";"1";"1";""
"202100053740";"105Â 685";"C01";"2";"7";"0";"2";"4";"1";"1";""
"202100053741";"105Â 676";"A01";"2";"7";"0";"2";"1";"13";"1";""
"202100053741";"105Â 677";"B01";"1";"7";"0";"2";"1";"1";"1";""
"202100053742";"105Â 674";"A01";"1";"7";"0";"2";"0";"26";"1";""
"202100053742";"105Â 675";"B01";"1";"30";"0";"2";"0";"0";"6";""
"202100053743";"105Â 672";"A01";"2";"7";"0";"2";"2";"10";"1";""
"202100053743";"105Â 673";"B01";"1";"34";"0";"2";"1";"26";"1";""
"202100053744";"105Â 671";"A01";"2";"37";"0";"0";"0";"7";"1";"3"
"202100053745";"105Â 669";"B01";"2";"7";"0";"2";"8";"1";"1";""
"202100053745";"105Â 670";"A01";"1";"10";"0";"2";"1";"1";"1";""
"202100053746";"105Â 668";"A01";"1";"10";"0";"1";"5";"4";"3";""
"202100053747";"105Â 666";"A01";"2";"30";"0";"2";"7";"15";"1";""
"202100053747";"105Â 667";"B01";"1";"30";"0";"2";"1";"1";"3";""
"202100053748";"105Â 665";"A01";"1";"7";"0";"1";"1";"16";"1";""
"202100053749";"105Â 664";"A01";"2";"32";"0";"1";"1";"1";"1";""
"202100053750";"105Â 662";"A01";"1";"7";"0";"2";"1";"16";"1";""
"202100053750";"105Â 663";"B01";"2";"1";"0";"2";"4";"1";"5";""
"202100053751";"105Â 660";"A01";"1";"1";"0";"2";"7";"1";"5";""
"202100053751";"105Â 661";"B01";"1";"10";"0";"2";"3";"1";"1";""
"202100053752";"105Â 658";"A01";"2";"33";"0";"2";"1";"1";"1";""
"202100053752";"105Â 659";"B01";"1";"32";"0";"2";"7";"15";"1";""
"202100053753";"105Â 657";"Z01";"1";"2";"0";"1";"1";"1";"1";""
"202100053754";"105Â 656";"A01";"2";"7";"8";"0";"0";"1";"1";""
"202100053755";"105Â 654";"A01";"2";"7";"0";"2";"7";"15";"1";""
"202100053755";"105Â 655";"B01";"1";"32";"0";"2";"1";"1";"1";""
"202100053756";"105Â 653";"A01";"1";"37";"0";"1";"7";"26";"1";"1"
"202100053757";"105Â 652";"A01";"1";"7";"0";"1";"3";"0";"0";""
"202100053758";"105Â 650";"A01";"1";"7";"0";"2";"1";"1";"1";""
"202100053758";"105Â 651";"B01";"1";"34";"0";"2";"4";"23";"1";""
"202100053759";"105Â 648";"A01";"2";"7";"0";"2";"2";"16";"2";""
"202100053759";"105Â 649";"B01";"2";"2";"0";"2";"1";"18";"0";""
"202100053760";"105Â 646";"A01";"2";"7";"0";"2";"1";"17";"0";""
"202100053760";"105Â 647";"B01";"2";"13";"0";"0";"4";"1";"0";""
"202100053761";"105Â 645";"A01";"2";"7";"0";"1";"2";"1";"1";""
"202100053762";"105Â 643";"B01";" -1";"7";"0";"2";"1";"15";"0";""
"202100053762";"105Â 644";"A01";"3";"30";"0";"2";"8";"1";"0";""
"202100053763";"105Â 641";"B01";"3";"7";"0";"2";"3";"1";"0";""
"202100053763";"105Â 642";"A01";"3";"7";"0";"2";"1";"15";"0";""
"202100053764";"105Â 640";"A01";"2";"30";"0";"1";"1";"9";"1";""
"202100053765";"105Â 638";"A01";"2";"33";"0";"2";"2";"1";"1";""
"202100053765";"105Â 639";"B01";"2";"7";"0";"2";"1";"15";"2";""
"202100053766";"105Â 637";"A01";"2";"15";"0";"1";"7";"1";"1";""
"202100053767";"105Â 635";"Y01";"0";"50";"0";"0";"0";"0";"3";""
"202100053767";"105Â 636";"A01";"1";"7";"0";"1";"1";"17";"1";""
"202100053768";"105Â 633";"A01";"3";"33";"0";"2";"6";"1";"1";""
"202100053768";"105Â 634";"B01";"3";"7";"0";"2";"1";"2";"1";""
"202100053769";"105Â 632";"A01";"2";"7";"0";"1";"1";"1";"2";""
"202100053770";"105Â 631";"A01";"3";"1";"0";"0";"0";"26";"5";""
"202100053771";"105Â 630";"A01";"2";"7";"0";"1";"2";"1";"1";""
"202100053772";"105Â 628";"A01";"3";"7";"0";"1";"2";"15";"1";""
"202100053773";"105Â 627";"A01";"2";"3";"0";"0";"0";"2";"1";""
"202100053774";"105Â 625";"A01";"3";"7";"0";"9";"2";"15";"1";""
"202100053774";"105Â 626";"B01";"3";"1";"0";"2";"1";"1";"5";""
"202100053775";"105Â 624";"A01";"2";"7";"2";"0";"0";"1";"1";""
"202100053776";"105Â 622";"A01";"0";"7";"0";"2";"1";"1";"2";""
"202100053776";"105Â 623";"B01";"0";"7";"0";"2";"1";"17";"1";""
"202100053777";"105Â 621";"A01";"2";"7";"4";"0";"3";"1";"1";""
"202100053778";"105Â 619";"B01";"1";"7";"0";"2";"1";"1";"1";""
"202100053778";"105Â 620";"A01";"2";"7";"0";"2";"1";"13";"1";""
"202100053779";"105Â 618";"A01";"1";"7";"8";"0";"1";"1";"1";""
"202100053780";"105Â 616";"B01";"1";"17";"0";"2";"8";"1";"1";""
"202100053780";"105Â 617";"A01";"2";"10";"6";"2";"3";"13";"1";""
"202100053781";"105Â 615";"A01";"2";"17";"1";"1";"2";"1";"1";""
"202100053782";"105Â 613";"B01";"1";"7";"1";"0";"7";"2";"1";""
"202100053782";"105Â 614";"A01";"1";"7";"3";"0";"7";"1";"1";""
"202100053783";"105Â 612";"A01";"1";"7";"15";"9";"1";"21";"1";""
"202100053784";"105Â 610";"A01";"2";"7";"0";"2";"3";"1";"1";""
"202100053784";"105Â 611";"B01";"1";"7";"0";"2";"3";"1";"1";""
"202100053785";"105Â 608";"B01";"1";"7";"0";"2";"1";"2";"1";""
"202100053785";"105Â 609";"A01";"1";"7";"0";"2";"8";"2";"1";""
"202100053786";"105Â 606";"B01";"0";"21";"0";"0";"4";"2";"1";""
"202100053786";"105Â 607";"A01";"0";"10";"0";"2";"1";"2";"1";""
"202100053787";"105Â 605";"A01";"1";"7";"14";"0";"1";"1";"1";""
"202100053788";"105Â 604";"A01";"2";"7";"0";"1";"3";"1";"1";""
"202100053789";"105Â 603";"A01";"1";"33";"0";"0";"0";"1";"1";""
"202100053790";"105Â 599";"C01";"2";"10";"0";"2";"1";"1";"1";""
"202100053790";"105Â 600";"D01";"1";"7";"0";"2";"1";"1";"1";""
"202100053790";"105Â 601";"A01";"1";"31";"0";"2";"1";"17";"1";""
"202100053790";"105Â 602";"B01";"2";"7";"0";"2";"1";"1";"1";""
"202100053791";"105Â 598";"A01";"2";"7";"2";"0";"1";"14";"1";""
"202100053792";"105Â 597";"A01";"1";"7";"0";"1";"3";"15";"1";""
"202100053793";"105Â 596";"A01";"3";"7";"0";"1";"2";"20";"1";""
"202100053794";"105Â 595";"A01";"3";"7";"0";"0";"7";"1";"1";""
"202100053795";"105Â 594";"A01";"0";"7";"0";"0";"2";"2";"1";""
"202100053796";"105Â 591";"A01";"2";"7";"17";"0";"2";"21";"1";""
"202100053797";"105Â 590";"A01";"1";"15";"3";"0";"9";"6";"1";""
"202100053798";"105Â 589";"A01";"2";"7";"0";"1";"2";"1";"1";""
"202100053799";"105Â 588";"A01";"1";"7";"0";"1";"1";"1";"1";""
"202100053800";"105Â 586";"A01";"2";"7";"0";"2";"2";"1";"1";""
"202100053800";"105Â 587";"B01";"1";"7";"0";"2";"1";"1";"1";""
"202100053801";"105Â 584";"A01";"2";"7";"0";"2";"2";"17";"1";""
"202100053801";"105Â 585";"B01";"2";"15";"0";"2";"6";"13";"1";""
"202100053802";"105Â 581";"A01";"2";"7";"0";"2";"1";"2";"1";""
"202100053802";"105Â 582";"B01";"2";"10";"0";"2";"4";"2";"1";""
"202100053802";"105Â 583";"C01";"2";"7";"0";"2";"8";"9";"1";""
"202100053803";"105Â 579";"B01";"0";"7";"0";"0";"5";"15";"1";""
"202100053803";"105Â 580";"A01";"0";"1";"0";"2";"2";"1";"5";""
"202100053804";"105Â 577";"A01";"2";"7";"0";"2";"2";"15";"1";""
"202100053804";"105Â 578";"B01";"1";"2";"0";"2";"1";"1";"1";""
"202100053805";"105Â 575";"A01";"1";"7";"0";"0";"2";"13";"1";""
"202100053805";"105Â 576";"B01";"1";"7";"0";"0";"2";"21";"1";""
"202100053806";"105Â 574";"A01";"3";"7";"2";"0";"3";"13";"1";""
"202100053807";"105Â 573";"A01";"1";"7";"4";"0";"0";"1";"1";""
"202100053808";"105Â 572";"A01";"1";"7";"0";"1";"1";"1";"1";""
"202100053809";"105Â 570";"B01";"2";"15";"0";"2";"8";"1";"1";""
"202100053809";"105Â 571";"A01";"1";"7";"0";"2";"1";"5";"1";""
"202100053810";"105Â 568";"B01";"1";"31";"0";"2";"1";"1";"1";""
"202100053810";"105Â 569";"A01";"2";"7";"0";"2";"2";"19";"1";""
"202100053811";"105Â 566";"A01";"3";"7";"0";"2";"3";"9";"1";""
"202100053811";"105Â 567";"B01";"1";"2";"0";"2";"1";"1";"1";""
"202100053812";"105Â 565";"A01";"3";"7";"0";"1";"1";"15";"1";""
"202100053813";"105Â 563";"B01";"3";"7";"0";"2";"3";"1";"1";""
"202100053813";"105Â 564";"A01";"3";"10";"0";"2";"3";"1";"1";""
"202100053814";"105Â 560";"C01";"3";"7";"0";"2";"1";"1";"1";""
"202100053814";"105Â 561";"B01";"3";"7";"0";"2";"3";"1";"1";""
"202100053814";"105Â 562";"A01";"3";"7";"0";"2";"1";"13";"1";""
"202100053815";"105Â 559";"A01";"2";"7";"3";"0";"1";"13";"1";""
"202100053816";"105Â 556";"B01";"1";"7";"0";"2";"4";"2";"1";""
"202100053816";"105Â 557";"A01";"1";"7";"0";"2";"1";"2";"1";""
"202100053817";"105Â 553";"A01";"1";"7";"0";"2";"1";"2";"1";""
"202100053817";"105Â 554";"C01";"1";"7";"0";"2";"4";"2";"1";""
"202100053817";"105Â 555";"B01";"1";"7";"0";"2";"4";"2";"1";""
"202100053818";"105Â 552";"A01";"2";"33";"0";"0";"8";"1";"1";""
"202100053819";"105Â 550";"B01";"1";"7";"4";"0";"4";"2";"1";""
"202100053819";"105Â 551";"A01";"1";"7";"0";"2";"1";"2";"1";""
"202100053820";"105Â 546";"A01";"1";"7";"0";"2";"4";"12";"1";""
"202100053820";"105Â 547";"B01";"1";"10";"0";"2";"1";"2";"1";""