"Num_Acc";"id_vehicule";"num_veh";"senc";"catv";"obs";"obsm";"choc";"manv";"motor";"occutc"
"202100053820";"105Â 548";"C01";"1";"7";"0";"2";"5";"1";"1";""
"202100053820";"105Â 549";"D01";"1";"7";"0";"2";"1";"1";"1";""
"202100053821";"105Â 545";"A01";"2";"7";"3";"0";"0";"1";"1";""
"202100053822";"105Â 543";"B01";"1";"30";"0";"2";"1";"1";"1";""
"202100053822";"105Â 544";"A01";"1";"10";"0";"2";"4";"1";"1";""
"202100053823";"105Â 541";"B01";"2";"30";"0";"2";"1";"1";"1";""
"202100053823";"105Â 542";"A01";"1";"7";"0";"2";"1";"1";"1";""
"202100053824";"105Â 539";"A01";"2";"7";"0";"2";"6";"2";"1";""
"202100053824";"105Â 540";"B01";"2";"7";"0";"2";"2";"2";"1";""
"202100053825";"105Â 537";"A01";"3";"7";"0";"2";"1";"1";"1";""
"202100053825";"105Â 538";"B01";"3";"7";"0";"2";"4";"1";"1";""
"202100053826";"105Â 535";"B01";"2";"7";"0";"2";"2";"16";"1";""
"202100053826";"105Â 536";"A01";"2";"36";"0";"2";"8";"18";"1";""
"202100053827";"105Â 533";"A01";"2";"7";"0";"2";"1";"16";"1";""
"202100053827";"105Â 534";"B01";"2";"7";"0";"2";"7";"1";"1";""
"202100053828";"105Â 531";"B01";"3";"7";"0";"2";"1";"16";"1";""
"202100053828";"105Â 532";"A01";"1";"7";"0";"2";"1";"5";"1";""
"202100053829";"105Â 530";"A01";"1";"7";"3";"0";"3";"2";"1";""
"202100053830";"105Â 528";"B01";"1";"1";"0";"2";"6";"1";"0";""
"202100053830";"105Â 529";"A01";"2";"7";"0";"1";"3";"15";"1";""
"202100053831";"105Â 526";"A01";"1";"30";"0";"2";"1";"2";"1";""
"202100053831";"105Â 527";"B01";"1";"7";"0";"2";"6";"2";"1";""
"202100053832";"105Â 524";"A01";"0";"7";"9";"0";"2";"1";"1";""
"202100053832";"105Â 525";"B01";"0";"7";"2";"0";"0";"0";"1";""
"202100053833";"105Â 523";"A01";"1";"7";"2";"0";"7";"1";"1";""
"202100053834";"105Â 522";"A01";"1";"7";"0";"1";"2";"26";"1";""
"202100053835";"105Â 520";"A01";"2";"3";"0";"2";"1";"1";"1";""
"202100053835";"105Â 521";"B01";"2";"3";"0";"2";"7";"1";"1";""
"202100053836";"105Â 518";"A01";"1";"7";"0";"9";"3";"15";"1";""
"202100053836";"105Â 519";"B01";"1";"50";"0";"2";"1";"1";"3";""
"202100053837";"105Â 516";"B01";"3";"7";"0";"2";"1";"1";"1";""
"202100053837";"105Â 517";"A01";"3";"7";"1";"2";"8";"9";"1";""
"202100053838";"105Â 515";"A01";"1";"2";"11";"0";"1";"1";"1";""
"202100053839";"105Â 513";"B01";"1";"7";"0";"2";"2";"1";"1";""
"202100053839";"105Â 514";"A01";"2";"7";"0";"2";"3";"1";"2";""
"202100053840";"105Â 511";"A01";"1";"7";"0";"2";"2";"2";"1";""
"202100053840";"105Â 512";"B01";"1";"7";"0";"2";"6";"1";"1";""
"202100053841";"105Â 509";"B01";"2";"7";"0";"2";"1";"1";"1";""
"202100053841";"105Â 510";"A01";"1";"7";"0";"2";"2";"15";"1";""
"202100053842";"105Â 507";"B01";"0";"33";"0";"2";"8";"1";"1";""
"202100053842";"105Â 508";"A01";"3";"7";"0";"2";"1";"19";"1";""
"202100053843";"105Â 506";"A01";"1";"7";"0";"1";"3";"1";"1";""
"202100053844";"105Â 504";"B01";"2";"7";"8";"2";"7";"1";"1";""
"202100053844";"105Â 505";"A01";"0";"7";"0";"2";"2";"15";"1";""
"202100053845";"105Â 503";"A01";"2";"7";"0";"0";"2";"14";"1";""
"202100053846";"105Â 501";"B01";"1";"7";"13";"2";"8";"1";"1";""
"202100053846";"105Â 502";"A01";"3";"7";"0";"2";"1";"19";"1";""
"202100053847";"105Â 497";"B01";"2";"33";"0";"2";"1";"1";"1";""
"202100053847";"105Â 498";"A01";"2";"7";"0";"2";"1";"15";"1";""
"202100053848";"105Â 495";"A01";"2";"7";"0";"2";"2";"3";"1";""
"202100053848";"105Â 496";"B01";"2";"7";"0";"2";"6";"1";"1";""
"202100053849";"105Â 493";"B01";"0";"7";"0";"2";"2";"1";"1";""
"202100053849";"105Â 494";"A01";"0";"7";"0";"2";"8";"2";"1";""
"202100053850";"105Â 489";"C01";"2";"7";"0";"2";"0";"26";"1";""
"202100053850";"105Â 490";"B01";"2";"7";"0";"2";"3";"26";"1";""
"202100053850";"105Â 491";"A01";"1";"34";"0";"2";"1";"13";"1";""
"202100053851";"105Â 487";"B01";"1";"7";"0";"9";"4";"26";"1";""
"202100053851";"105Â 488";"A01";"1";"7";"0";"2";"1";"2";"1";""
"202100053852";"105Â 486";"A01";"1";"7";"0";"1";"3";"16";"1";""
"202100053853";"105Â 484";"A01";"1";"33";"0";"2";"1";"3";"1";""
"202100053853";"105Â 485";"B01";"1";"7";"0";"2";"5";"12";"1";""
"202100053854";"105Â 482";"A01";"1";"7";"0";"2";"1";"1";"2";""
"202100053854";"105Â 483";"B01";"1";"30";"0";"2";"5";"1";"1";""
"202100053855";"105Â 480";"B01";"1";"7";"0";"2";"2";"15";"1";""
"202100053855";"105Â 481";"A01";"3";"34";"0";"2";"1";"1";"1";""
"202100053856";"105Â 479";"A01";"3";"1";"0";"0";"0";"16";"5";""
"202100053857";"105Â 478";"A01";"0";"0";"0";"1";"0";"0";"0";""
"202100053858";"105Â 476";"A01";"2";"2";"0";"2";"1";"26";"1";""
"202100053858";"105Â 477";"B01";"2";"7";"0";"2";"8";"9";"1";""
"202100053859";"105Â 474";"A01";"1";"7";"0";"2";"1";"17";"1";""
"202100053859";"105Â 475";"B01";"2";"7";"0";"2";"1";"1";"1";""
"202100053860";"105Â 472";"B01";"1";"7";"0";"2";"1";"1";"1";""
"202100053860";"105Â 473";"A01";"1";"7";"0";"2";"8";"1";"1";""
"202100053861";"105Â 470";"A01";"2";"7";"0";"2";"5";"15";"1";""
"202100053861";"105Â 471";"B01";"2";"7";"0";"2";"3";"1";"1";""
"202100053862";"105Â 469";"A01";"2";"7";"0";"1";"3";"15";"1";""
"202100053863";"105Â 467";"A01";"1";"7";"0";"2";"2";"1";"1";""
"202100053863";"105Â 468";"B01";"2";"7";"0";"2";"1";"1";"1";""
"202100053864";"105Â 465";"B01";"0";"2";"0";"0";"0";"0";"0";""
"202100053864";"105Â 466";"A01";"0";"3";"0";"0";"0";"0";"0";""
"202100053865";"105Â 464";"A01";"3";"32";"1";"0";"1";"1";"1";""
"202100053866";"105Â 462";"A01";"1";"7";"0";"2";"7";"12";"1";""
"202100053866";"105Â 463";"B01";"1";"33";"0";"2";"8";"3";"1";""
"202100053867";"105Â 460";"A01";"1";"7";"0";"2";"3";"1";"1";""
"202100053867";"105Â 461";"B01";"2";"7";"0";"2";"3";"1";"1";""
"202100053868";"105Â 457";"A01";"1";"7";"0";"0";"6";"15";"1";""
"202100053868";"105Â 458";"B01";"1";"7";"0";"2";"4";"23";"1";""
"202100053868";"105Â 459";"C01";"1";"7";"0";"2";"1";"1";"1";""
"202100053869";"105Â 455";"B01";"2";"7";"0";"2";"1";"1";"1";""
"202100053869";"105Â 456";"A01";"1";"7";"0";"2";"7";"13";"1";""
"202100053870";"105Â 454";"A01";"0";"7";"0";"1";"1";"1";"1";""
"202100053871";"105Â 451";"B01";"2";"17";"0";"2";"3";"1";"1";""
"202100053871";"105Â 452";"A01";"1";"10";"0";"2";"8";"13";"1";""
"202100053871";"105Â 453";"C01";"1";"7";"0";"2";"1";"1";"1";""
"202100053872";"105Â 449";"A01";"3";"7";"0";"2";"3";"13";"1";""
"202100053872";"105Â 450";"B01";"3";"7";"0";"2";"3";"1";"1";""
"202100053873";"105Â 447";"B01";"2";"13";"0";"2";"6";"2";"1";""
"202100053873";"105Â 448";"A01";"2";"10";"0";"2";"1";"11";"1";""
"202100053874";"105Â 446";"A01";"1";"7";"0";"1";"1";"1";"1";""
"202100053875";"105Â 444";"B01";"1";"7";"0";"2";"1";"1";"1";""
"202100053875";"105Â 445";"A01";"2";"7";"0";"2";"1";"11";"1";""
"202100053876";"105Â 443";"A01";"3";"1";"16";"0";"0";"0";"5";""
"202100053877";"105Â 442";"A01";"1";"2";"0";"0";"8";"1";"1";""
"202100053878";"105Â 440";"A01";"3";"7";"0";"2";"3";"17";"1";""
"202100053878";"105Â 441";"B01";"2";"7";"0";"2";"1";"15";"1";""
"202100053879";"105Â 438";"A01";"1";"7";"0";"2";"3";"15";"1";""
"202100053879";"105Â 439";"B01";"2";"10";"0";"2";"2";"1";"1";""
"202100053880";"105Â 437";"A01";"1";"7";"13";"0";"1";"1";"1";""
"202100053881";"105Â 435";"B01";"3";"7";"0";"0";"7";"1";"1";""
"202100053881";"105Â 436";"A01";"3";"7";"0";"2";"1";"19";"1";""
"202100053882";"105Â 433";"A01";"1";"7";"0";"2";"3";"15";"1";""
"202100053882";"105Â 434";"B01";"1";"1";"0";"0";"4";"1";"5";""
"202100053883";"105Â 431";"A01";"1";"7";"0";"2";"6";"17";"1";""
"202100053883";"105Â 432";"B01";"2";"1";"0";"2";"1";"1";"5";""
"202100053884";"105Â 430";"A01";"2";"7";"0";"0";"2";"1";"1";""
"202100053885";"105Â 428";"B01";"0";"7";"0";"0";"4";"2";"1";""
"202100053885";"105Â 429";"A01";"3";"7";"0";"2";"1";"2";"1";""
"202100053886";"105Â 427";"A01";"2";"20";"6";"0";"2";"2";"1";""
"202100053887";"105Â 425";"A01";"0";"7";"0";"2";"1";"1";"1";""
"202100053887";"105Â 426";"B01";"0";"33";"0";"2";"1";"1";"1";""
"202100053888";"105Â 422";"A01";"2";"33";"0";"2";"1";"1";"1";""
"202100053888";"105Â 423";"C01";"1";"7";"0";"9";"1";"1";"1";""
"202100053888";"105Â 424";"B01";"1";"7";"0";"2";"3";"1";"1";""
"202100053889";"105Â 420";"A01";"2";"7";"0";"2";"3";"15";"1";""
"202100053889";"105Â 421";"B01";"1";"7";"0";"2";"1";"1";"1";""
"202100053890";"105Â 419";"A01";"1";"7";"8";"0";"6";"17";"1";""
"202100053891";"105Â 418";"A01";"2";"7";"3";"0";"0";"0";"1";""
"202100053892";"105Â 416";"A01";"2";"7";"0";"2";"6";"13";"1";""
"202100053892";"105Â 417";"B01";"2";"7";"0";"2";"2";"1";"1";""
"202100053893";"105Â 414";"A01";"1";"7";"0";"2";"1";"1";"1";""
"202100053893";"105Â 415";"B01";"1";"33";"0";"0";"4";"1";"1";""
"202100053894";"105Â 413";"A01";"2";"99";"13";"9";"1";"1";"1";""
"202100053895";"105Â 412";"A01";"0";"7";"13";"9";"1";"1";"1";""
"202100053896";"105Â 411";"A01";"0";"7";"2";"0";"7";"13";"1";""
"202100053897";"105Â 409";"B01";"1";"7";"2";"2";"3";"1";"1";""
"202100053897";"105Â 410";"A01";"2";"7";"0";"2";"1";"13";"1";""
"202100053898";"105Â 407";"B01";"2";"7";"0";"2";"1";"1";"1";""
"202100053898";"105Â 408";"A01";"1";"7";"0";"2";"1";"13";"1";""
"202100053899";"105Â 406";"A01";"3";"7";"0";"1";"2";"1";"1";""
"202100053900";"105Â 404";"B01";"2";"2";"0";"2";"1";"1";"1";""
"202100053900";"105Â 405";"A01";"1";"7";"0";"2";"1";"17";"1";""
"202100053901";"105Â 403";"A01";"2";"7";"13";"0";"9";"26";"1";""
"202100053902";"105Â 402";"A01";"2";"7";"16";"0";"1";"1";"1";""
"202100053903";"105Â 400";"A01";"2";"33";"0";"2";"8";"15";"1";""
"202100053903";"105Â 401";"B01";"2";"33";"0";"2";"1";"1";"1";""
"202100053904";"105Â 398";"B01";"2";"7";"0";"2";"2";"1";"0";""
"202100053904";"105Â 399";"A01";"1";"7";"0";"2";"1";"9";"1";""
"202100053905";"105Â 396";"A01";"2";"7";"0";"2";"1";"15";"1";""
"202100053905";"105Â 397";"B01";"1";"2";"0";"2";"1";"1";"1";""
"202100053906";"105Â 394";"B01";"3";"7";"0";"9";"2";"15";"1";""
"202100053906";"105Â 395";"A01";"3";"1";"0";"2";"1";"1";"6";""
"202100053907";"105Â 393";"A01";"2";"7";"13";"0";"1";"1";"1";""
"202100053908";"105Â 389";"B01";"0";"7";"0";"2";"3";"1";"1";""
"202100053908";"105Â 390";"A01";"0";"7";"0";"2";"3";"13";"1";""
"202100053909";"105Â 386";"A01";"1";"7";"0";"2";"4";"1";"1";""
"202100053909";"105Â 387";"B01";"1";"7";"0";"2";"1";"2";"1";""
"202100053909";"105Â 388";"C01";"1";"7";"0";"2";"2";"23";"1";""
"202100053910";"105Â 384";"A01";"2";"7";"0";"2";"4";"23";"1";""
"202100053910";"105Â 385";"B01";"2";"7";"1";"0";"1";"1";"1";""
"202100053911";"105Â 383";"A01";"1";"32";"0";"0";"0";"26";"1";""
"202100053912";"105Â 381";"B01";"2";"7";"0";"2";"4";"2";"1";""
"202100053912";"105Â 382";"A01";"2";"7";"4";"2";"1";"1";"1";""
"202100053913";"105Â 380";"A01";"1";"7";"4";"0";"2";"26";"1";""
"202100053914";"105Â 375";"A01";"1";"7";"0";"2";"4";"12";"1";""
"202100053914";"105Â 376";"B01";"1";"7";"0";"2";"2";"2";"1";""
"202100053914";"105Â 377";"C01";"1";"7";"3";"2";"9";"2";"1";""
"202100053914";"105Â 378";"E01";"1";"7";"0";"2";"0";"0";"1";""
"202100053914";"105Â 379";"D01";"1";"7";"0";"2";"1";"2";"1";""
"202100053915";"105Â 373";"B01";"1";"7";"0";"2";"5";"2";"1";""
"202100053915";"105Â 374";"A01";"1";"7";"0";"2";"1";"9";"1";""
"202100053916";"105Â 372";"A01";"2";"7";"4";"0";"1";"1";"1";""
"202100053917";"105Â 370";"A01";"1";"7";"3";"2";"1";"1";"1";""
"202100053917";"105Â 371";"B01";"1";"10";"3";"2";"1";"21";"1";""
"202100053918";"105Â 368";"B01";"1";"2";"0";"2";"1";"1";"1";""
"202100053918";"105Â 369";"A01";"1";"32";"0";"2";"4";"1";"1";""
"202100053919";"105Â 366";"B01";"2";"7";"0";"2";"1";"9";"1";""
"202100053919";"105Â 367";"A01";"2";"7";"16";"0";"4";"2";"1";""
"202100053920";"105Â 364";"A01";"2";"10";"0";"2";"1";"1";"1";""
"202100053920";"105Â 365";"B01";"2";"7";"0";"2";"7";"1";"1";""
"202100053921";"105Â 363";"A01";"3";"33";"0";"0";"0";"26";"1";""
"202100053922";"105Â 361";"A01";"2";"7";"0";"2";"3";"15";"1";""
"202100053922";"105Â 362";"B01";"2";"37";"0";"2";"2";"1";"2";"2"
"202100053923";"105Â 358";"A01";"1";"7";"0";"2";"1";"12";"1";""
"202100053923";"105Â 359";"C01";"1";"7";"0";"2";"4";"23";"1";""
"202100053923";"105Â 360";"B01";"1";"7";"0";"2";"4";"23";"1";""
"202100053924";"105Â 357";"A01";"1";"7";"9";"0";"3";"13";"1";""
"202100053925";"105Â 356";"A01";"0";"7";"4";"0";"0";"14";"1";""
"202100053926";"105Â 355";"A01";"2";"7";"0";"1";"2";"1";"1";""
"202100053927";"105Â 353";"B01";"1";"7";"0";"2";"2";"1";"1";""
"202100053927";"105Â 354";"A01";"1";"7";"0";"2";"8";"9";"1";""
"202100053928";"105Â 351";"A01";"2";"7";"0";"2";"2";"15";"1";""
"202100053928";"105Â 352";"B01";"1";"7";"0";"2";"1";"1";"1";""
"202100053929";"105Â 349";"A01";"3";"7";"0";"2";"1";"0";"1";""
"202100053929";"105Â 350";"B01";"3";"7";"0";"2";"2";"1";"1";""
"202100053930";"105Â 347";"B01";"1";"7";"0";"2";"3";"1";"1";""
"202100053930";"105Â 348";"A01";"2";"10";"0";"2";"3";"15";"1";""
"202100053931";"105Â 346";"A01";"1";"7";"0";"1";"1";"1";"1";""
"202100053932";"105Â 345";"A01";"1";"10";"0";"1";"1";"1";"1";""
"202100053933";"105Â 343";"A01";"1";"7";"0";"2";"1";"1";"1";""
"202100053933";"105Â 344";"B01";"1";"7";"0";"2";"1";"5";"1";""
"202100053934";"105Â 342";"A01";"1";"7";"0";"1";"1";"1";"1";""
"202100053935";"105Â 340";"B01";"1";"7";"0";"2";"1";"1";"1";""
"202100053935";"105Â 341";"A01";"1";"7";"0";"2";"8";"1";"1";""
"202100053936";"105Â 339";"A01";"1";"7";"0";"1";"4";"26";"1";""
"202100053937";"105Â 338";"A01";"1";"2";"0";"1";"1";"2";"1";""
"202100053938";"105Â 336";"A01";"2";"7";"0";"2";"2";"19";"1";""
"202100053938";"105Â 337";"B01";"2";"7";"0";"2";"3";"1";"1";""
"202100053939";"105Â 334";"A01";"1";"7";"0";"2";"2";"13";"0";""
"202100053939";"105Â 335";"B01";"1";"31";"0";"2";"8";"15";"1";""
"202100053940";"105Â 333";"Z01";"1";"7";"0";"1";"0";"1";"1";""
"202100053941";"105Â 331";"B01";"3";"7";"0";"2";"1";"1";"1";""
"202100053941";"105Â 332";"A01";"1";"1";"0";"2";"8";"1";"5";""
"202100053942";"105Â 329";"A01";"1";"7";"0";"2";"1";"1";"1";""
"202100053942";"105Â 330";"B01";"3";"1";"0";"2";"8";"19";"5";""
"202100053943";"105Â 328";"A01";"3";"7";"0";"1";"4";"4";"1";""
"202100053944";"105Â 327";"A01";"3";"7";"0";"1";"3";"17";"1";""
"202100053945";"105Â 325";"B01";"2";"7";"0";"0";"4";"26";"1";""
"202100053945";"105Â 326";"A01";"2";"14";"0";"2";"1";"26";"1";""
"202100053946";"105Â 323";"B01";"1";"7";"0";"2";"2";"1";"1";""
"202100053946";"105Â 324";"A01";"1";"7";"0";"2";"3";"9";"1";""
"202100053947";"105Â 321";"B01";"3";"30";"0";"2";"1";"1";"1";""
"202100053947";"105Â 322";"A01";"3";"7";"0";"2";"7";"15";"1";""
"202100053948";"105Â 320";"Z01";"0";"3";"0";"1";"0";"26";"0";""
"202100053949";"105Â 318";"A01";"0";"7";"0";"2";"3";"1";"1";""
"202100053949";"105Â 319";"Z01";"0";"7";"0";"2";"1";"9";"1";""
"202100053950";"105Â 316";"A01";"3";"7";"0";"2";"1";"7";"1";""
"202100053950";"105Â 317";"B01";"3";"10";"0";"2";"7";"15";"1";""
"202100053951";"105Â 315";"A01";"1";"7";"0";"0";"9";"1";"1";""
"202100053952";"105Â 313";"A01";"2";"7";"0";"2";"1";"9";"1";""
"202100053952";"105Â 314";"B01";"2";"7";"15";"2";"5";"1";"1";""
"202100053953";"105Â 312";"A01";"3";"7";"0";"1";"2";"15";"1";""
"202100053954";"105Â 309";"C01";"1";"7";"0";"2";"6";"23";"1";""
"202100053954";"105Â 310";"B01";"1";"7";"0";"2";"5";"23";"1";""
"202100053954";"105Â 311";"A01";"1";"32";"0";"2";"1";"3";"1";""
"202100053955";"105Â 308";"A01";"2";"10";"0";"1";"1";"15";"1";""
"202100053956";"105Â 306";"A01";"2";"43";"0";"2";"3";"15";"1";""
"202100053956";"105Â 307";"B01";"2";"43";"0";"2";"1";"17";"1";""
"202100053957";"105Â 305";"A01";"2";"7";"0";"1";"6";"4";"1";""
"202100053958";"105Â 303";"B01";"1";"30";"0";"2";"5";"1";"3";""
"202100053958";"105Â 304";"A01";"1";"30";"0";"2";"1";"16";"1";""
"202100053959";"105Â 301";"B01";"3";"33";"0";"2";"1";"1";"1";""
"202100053959";"105Â 302";"A01";"3";"7";"0";"2";"2";"15";"1";""
"202100053960";"105Â 299";"A01";"1";"1";"0";"2";"1";"17";"5";""
"202100053960";"105Â 300";"B01";"1";"7";"0";"2";"8";"10";"1";""
"202100053961";"105Â 298";"A01";"3";"32";"0";"0";"0";"0";"1";""
"202100053962";"105Â 296";"B01";"1";"7";"0";"2";"4";"1";"1";""
"202100053962";"105Â 297";"A01";"1";"7";"0";"2";"1";"1";"1";""
"202100053963";"105Â 294";"B01";"2";"2";"0";"2";"1";"1";"1";""
"202100053963";"105Â 295";"A01";"2";"7";"0";"2";"2";"15";"1";""
"202100053964";"105Â 293";"A01";"1";"10";"0";"1";"2";"16";"1";""
"202100053965";"105Â 292";"Z01";"1";"30";"0";"1";"0";"1";"0";""
"202100053966";"105Â 290";"A01";"2";"7";"0";"2";"1";"1";"1";""
"202100053966";"105Â 291";"B01";"2";"7";"0";"2";"3";"1";"1";""
"202100053967";"105Â 288";"B01";"3";"30";"0";"2";"2";"1";"1";""
"202100053967";"105Â 289";"A01";"3";"7";"0";"2";"3";"11";"1";""
"202100053968";"105Â 286";"A01";"2";"32";"0";"2";"1";"1";"1";""
"202100053968";"105Â 287";"B01";"1";"7";"0";"2";"3";"1";"1";""
"202100053969";"105Â 284";"A01";"1";"7";"0";"2";"1";"9";"0";""
"202100053969";"105Â 285";"B01";"1";"7";"0";"2";"1";"1";"1";""
"202100053970";"105Â 281";"A01";"0";"7";"0";"2";"1";"26";"0";""
"202100053970";"105Â 282";"C01";"0";"7";"0";"2";"3";"23";"0";""
"202100053970";"105Â 283";"B01";"0";"7";"0";"2";"4";"0";"1";""
"202100053971";"105Â 279";"A01";"0";"7";"1";"0";"6";"23";"1";""
"202100053971";"105Â 280";"B01";"0";"10";"0";"2";"1";"1";"1";""
"202100053972";"105Â 277";"A01";"1";"7";"12";"0";"2";"0";"1";""
"202100053972";"105Â 278";"B01";"1";"7";"0";"2";"4";"1";"1";""
"202100053973";"105Â 274";"A01";"1";"7";"0";"2";"1";"26";"1";""
"202100053973";"105Â 275";"C01";"1";"7";"0";"2";"1";"1";"1";""
"202100053973";"105Â 276";"B01";"1";"7";"0";"2";"7";"1";"1";""
"202100053974";"105Â 271";"A01";"2";"7";"0";"2";"1";"1";"1";""
"202100053974";"105Â 272";"B01";"2";"7";"0";"2";"4";"23";"1";""
"202100053974";"105Â 273";"C01";"2";"7";"0";"2";"4";"23";"0";""
"202100053975";"105Â 269";"B01";"1";"32";"0";"2";"9";"1";"1";""
"202100053975";"105Â 270";"A01";"2";"7";"0";"2";"7";"19";"0";""
"202100053976";"105Â 268";"A01";"1";"7";"0";"1";"1";"26";"1";""
"202100053977";"105Â 267";"A01";"1";"99";"15";"0";"9";"14";"1";""
"202100053978";"105Â 265";"A01";"1";"7";"8";"2";"1";"1";"0";""
"202100053978";"105Â 266";"B01";"1";"7";"0";"0";"2";"9";"0";""
"202100053979";"105Â 263";"B01";"2";"7";"0";"2";"2";"1";"1";""
"202100053979";"105Â 264";"A01";"2";"10";"0";"2";"3";"9";"0";""
"202100053980";"105Â 262";"A01";"1";"30";"0";"0";"0";"1";"1";""
"202100053981";"105Â 260";"A01";"2";"37";"0";"2";"2";"1";"0";"1"
"202100053981";"105Â 261";"B01";"1";"1";"0";"2";"1";"16";"0";""
"202100053982";"105Â 256";"C01";"2";"7";"0";"2";"2";"1";"1";""
"202100053982";"105Â 257";"A01";"2";"7";"3";"0";"3";"1";"1";""
"202100053982";"105Â 258";"D01";"2";"7";"1";"0";"6";"23";"1";""
"202100053983";"105Â 255";"A01";"2";"10";"4";"0";"3";"2";"1";""
"202100053984";"105Â 253";"A01";"1";"7";"0";"1";"3";"1";"2";""
"202100053985";"105Â 252";"A01";"1";"2";"0";"0";"7";"1";"1";""
"202100053986";"105Â 250";"B01";"2";"7";"0";"2";"1";"1";"1";""
"202100053986";"105Â 251";"A01";"1";"10";"0";"2";"2";"13";"1";""
"202100053987";"105Â 249";"A01";"2";"3";"6";"0";"8";"13";"1";""
"202100053988";"105Â 247";"A01";"3";"1";"0";"2";"1";"15";"5";""
"202100053988";"105Â 248";"B01";"1";"7";"0";"2";"3";"1";"1";""
"202100053989";"105Â 246";"A01";"3";"10";"0";"0";"2";"0";"1";""
"202100053990";"105Â 244";"A01";"2";"7";"0";"2";"2";"2";"1";""
"202100053990";"105Â 245";"B01";"2";"1";"0";"2";"4";"2";"5";""
"202100053991";"105Â 243";"A01";"2";"7";"2";"0";"7";"0";"1";""
"202100053992";"105Â 242";"A01";"1";"33";"13";"0";"1";"1";"1";""
"202100053993";"105Â 241";"A01";"1";"7";"0";"0";"9";"1";"1";""
"202100053994";"105Â 238";"A01";"2";"7";"0";"2";"3";"15";"1";""
"202100053994";"105Â 239";"B01";"1";"33";"0";"2";"8";"1";"1";""
"202100053995";"105Â 235";"A01";"0";"7";"0";"0";"0";"0";"1";""
"202100053996";"105Â 234";"A01";"1";"7";"0";"1";"0";"1";"0";""
"202100053997";"105Â 232";"A01";"1";"33";"0";"2";"7";"13";"1";""
"202100053997";"105Â 233";"B01";"2";"10";"0";"9";"1";"21";"1";""
"202100053998";"105Â 228";"A01";"1";"7";"0";"2";"3";"15";"1";""
"202100053998";"105Â 229";"B01";"1";"33";"0";"2";"1";"17";"1";""
"202100053999";"105Â 226";"A01";"1";"7";"0";"2";"3";"13";"1";""
"202100053999";"105Â 227";"B01";"2";"7";"0";"2";"3";"21";"1";""
"202100054000";"105Â 225";"A01";"2";"7";"2";"0";"9";"1";"1";""
"202100054001";"105Â 223";"B01";"1";"33";"0";"2";"3";"1";"0";""
"202100054001";"105Â 224";"A01";"2";"7";"0";"2";"3";"1";"0";""
"202100054002";"105Â 221";"B01";"1";"34";"0";"2";"1";"1";"1";""
"202100054002";"105Â 222";"A01";"3";"7";"0";"2";"3";"17";"1";""
"202100054003";"105Â 220";"A01";"1";"7";"0";"0";"2";"26";"1";""
"202100054004";"105Â 219";"A01";"1";"2";"9";"0";"1";"1";"1";""
"202100054005";"105Â 218";"A01";"1";"20";"0";"1";"2";"16";"1";""
"202100054006";"105Â 216";"A01";"1";"7";"0";"1";"2";"1";"2";""
"202100054007";"105Â 213";"A01";"3";"7";"0";"2";"1";"5";"1";""
"202100054007";"105Â 214";"C01";"3";"7";"0";"2";"3";"23";"1";""
"202100054007";"105Â 215";"B01";"3";"7";"0";"2";"3";"1";"1";""
"202100054008";"105Â 212";"A01";"2";"7";"13";"0";"1";"1";"1";""
"202100054009";"105Â 210";"B01";"2";"33";"0";"2";"7";"16";"1";""
"202100054009";"105Â 211";"A01";"2";"7";"0";"2";"3";"2";"1";""
"202100054010";"105Â 208";"B01";"1";"31";"0";"2";"0";"0";"1";""
"202100054010";"105Â 209";"A01";"1";"7";"0";"2";"2";"0";"1";""
"202100054011";"105Â 205";"D01";"1";"7";"0";"2";"4";"1";"1";""
"202100054011";"105Â 206";"C01";"1";"7";"0";"2";"6";"1";"1";""
"202100054011";"105Â 207";"A01";"1";"7";"3";"2";"2";"21";"1";""
"202100054012";"105Â 204";"A01";"1";"7";"3";"0";"2";"26";"1";""
"202100054013";"105Â 199";"C01";"2";"7";"0";"2";"1";"2";"1";""
"202100054013";"105Â 200";"D01";"2";"7";"0";"2";"1";"2";"1";""
"202100054013";"105Â 201";"B01";"2";"7";"0";"2";"1";"2";"1";""
"202100054013";"105Â 202";"E01";"2";"7";"0";"2";"4";"2";"1";""
"202100054013";"105Â 203";"A01";"2";"7";"0";"2";"1";"2";"1";""
"202100054014";"105Â 198";"A01";"2";"7";"4";"0";"3";"26";"1";""
"202100054015";"105Â 197";"B01";"1";"7";"0";"2";"1";"1";"1";""
"202100054016";"105Â 194";"A01";"1";"7";"0";"2";"1";"14";"1";""
"202100054016";"105Â 195";"B01";"1";"10";"0";"2";"3";"1";"1";""
"202100054016";"105Â 196";"C01";"1";"7";"0";"2";"1";"1";"1";""
"202100054017";"105Â 192";"B01";"2";"7";"0";"2";"6";"23";"1";""
"202100054017";"105Â 193";"A01";"2";"14";"1";"0";"2";"1";"1";""
"202100054018";"105Â 190";"A01";"1";"7";"0";"2";"1";"26";"1";""
"202100054018";"105Â 191";"B01";"1";"7";"0";"2";"4";"0";"1";""
"202100054019";"105Â 185";"E01";"2";"7";"0";"2";"4";"2";"1";""
"202100054019";"105Â 186";"D01";"2";"7";"0";"2";"4";"2";"1";""
"202100054019";"105Â 187";"C01";"2";"7";"0";"2";"4";"2";"2";""