"Num_Acc";"id_vehicule";"num_veh";"senc";"catv";"obs";"obsm";"choc";"manv";"motor";"occutc"
"202100054019";"105Â 188";"B01";"2";"10";"0";"2";"4";"2";"1";""
"202100054019";"105Â 189";"A01";"2";"7";"0";"2";"1";"2";"1";""
"202100054020";"105Â 183";"B01";"1";"7";"0";"2";"4";"2";"1";""
"202100054020";"105Â 184";"A01";"1";"10";"0";"2";"1";"2";"1";""
"202100054021";"105Â 181";"B01";"1";"7";"0";"2";"4";"2";"1";""
"202100054021";"105Â 182";"A01";"1";"7";"0";"2";"1";"2";"1";""
"202100054022";"105Â 180";"A01";"1";"32";"0";"0";"9";"1";"1";""
"202100054023";"105Â 178";"B01";"1";"32";"0";"2";"1";"1";"1";""
"202100054023";"105Â 179";"A01";"2";"33";"0";"2";"1";"13";"1";""
"202100054024";"105Â 177";"A01";"2";"30";"12";"0";"7";"26";"1";""
"202100054025";"105Â 175";"A01";"1";"30";"0";"2";"8";"3";"1";""
"202100054025";"105Â 176";"B01";"1";"7";"0";"2";"5";"1";"1";""
"202100054026";"105Â 173";"A01";"1";"7";"0";"2";"1";"15";"1";""
"202100054026";"105Â 174";"B01";"1";"7";"0";"2";"8";"1";"1";""
"202100054027";"105Â 172";"A01";"1";"10";"6";"0";"1";"1";"1";""
"202100054028";"105Â 171";"A01";"1";"7";"8";"0";"1";"16";"1";""
"202100054029";"105Â 169";"A01";"2";"7";"0";"2";"8";"1";"1";""
"202100054029";"105Â 170";"B01";"2";"7";"0";"2";"2";"12";"1";""
"202100054030";"105Â 167";"Z01";"3";"7";"0";"2";"1";"16";"1";""
"202100054030";"105Â 168";"B01";"2";"7";"0";"2";"7";"1";"1";""
"202100054031";"105Â 164";"C01";"3";"10";"0";"2";"4";"23";"1";""
"202100054031";"105Â 165";"B01";"3";"7";"0";"2";"4";"23";"1";""
"202100054031";"105Â 166";"A01";"3";"10";"0";"2";"1";"2";"1";""
"202100054032";"105Â 163";"A01";"1";"10";"0";"1";"3";"15";"1";""
"202100054033";"105Â 161";"A01";"3";"10";"0";"9";"3";"1";" -1";""
"202100054033";"105Â 162";"B01";"3";"39";"0";"2";"0";"0";"0";""
"202100054034";"105Â 159";"A01";"1";"7";"0";"2";"1";"17";"1";""
"202100054034";"105Â 160";"B01";"2";"7";"0";"2";"1";"1";"1";""
"202100054035";"105Â 158";"A01";"1";"7";"9";"1";"2";"2";"1";""
"202100054036";"105Â 157";"A01";"0";"7";"0";"1";"1";"0";" -1";""
"202100054037";"105Â 156";"A01";"2";"37";"0";"1";"0";"1";"1";"1"
"202100054038";"105Â 154";"B01";"0";"10";"0";"2";"3";"1";"1";""
"202100054038";"105Â 155";"A01";"0";"7";"0";"2";"1";"1";"1";""
"202100054039";"105Â 153";"A01";"1";"7";"0";"1";"3";"1";"1";""
"202100054040";"105Â 151";"B01";"1";"2";"0";"2";"7";"0";"1";""
"202100054040";"105Â 152";"A01";"1";"7";"0";"2";"3";"0";"1";""
"202100054041";"105Â 150";"Z01";"0";"7";"0";"1";"1";"1";"0";""
"202100054042";"105Â 146";"D01";"1";"7";"4";"0";"1";"2";"1";""
"202100054042";"105Â 147";"C01";"1";"13";"4";"0";"0";"0";"1";""
"202100054042";"105Â 148";"A01";"1";"3";"4";"0";"9";"1";"3";""
"202100054042";"105Â 149";"B01";"1";"7";"4";"0";"5";"11";"2";""
"202100054043";"105Â 145";"A01";"1";"7";"0";"1";"1";"20";"1";""
"202100054044";"105Â 143";"B01";"3";"7";"0";"2";"7";"1";"1";""
"202100054044";"105Â 144";"A01";"3";"7";"0";"2";"1";"1";"1";""
"202100054045";"105Â 141";"A01";"0";"7";"0";"1";"1";"1";"3";""
"202100054046";"105Â 139";"A01";"2";"7";"0";"1";"2";"17";"1";""
"202100054047";"105Â 137";"B01";"1";"7";"0";"2";"4";"1";"1";""
"202100054047";"105Â 138";"A01";"1";"7";"0";"2";"1";"1";"1";""
"202100054048";"105Â 136";"A01";"1";"7";"0";"1";"1";"9";"1";""
"202100054049";"105Â 134";"B01";"2";"7";"0";"0";"1";"1";"1";""
"202100054049";"105Â 135";"A01";"2";"2";"0";"2";"7";"1";"1";""
"202100054050";"105Â 130";"A01";"1";"30";"12";"0";"0";"26";"1";""
"202100054051";"105Â 128";"A01";"2";"7";"0";"2";"1";"1";"1";""
"202100054051";"105Â 129";"B01";"2";"1";"0";"2";"8";"13";"5";""
"202100054052";"105Â 127";"A01";"1";"7";"0";"1";"1";"1";"1";""
"202100054053";"105Â 126";"Z01";"3";"7";"0";"1";"1";"1";"0";""
"202100054054";"105Â 124";"A01";"2";"7";"0";"2";"2";"15";"1";""
"202100054054";"105Â 125";"B01";"2";"30";"0";"2";"8";"0";"1";""
"202100054055";"105Â 123";"A01";"1";"10";"0";"1";"2";"26";"1";""
"202100054056";"105Â 121";"B01";"3";"7";"0";"2";"1";"1";"1";""
"202100054056";"105Â 122";"A01";"1";"7";"0";"2";"6";"1";"1";""
"202100054057";"105Â 120";"A01";"2";"7";"0";"1";"3";"1";"1";""
"202100054058";"105Â 118";"A01";"2";"7";"0";"2";"1";"9";"1";""
"202100054058";"105Â 119";"B01";"1";"1";"0";"2";"7";"1";"5";""
"202100054059";"105Â 116";"B01";"2";"7";"0";"2";"1";"1";"1";""
"202100054059";"105Â 117";"A01";"1";"10";"0";"2";"2";"1";"1";""
"202100054060";"105Â 115";"A01";"2";"7";"0";"1";"1";"1";"1";""
"202100054061";"105Â 113";"A01";"2";"30";"0";"2";"1";"17";"1";""
"202100054061";"105Â 114";"B01";"2";"7";"0";"2";"6";"15";"1";""
"202100054062";"105Â 111";"B01";"1";"1";"0";"2";"1";"1";"5";""
"202100054062";"105Â 112";"A01";"1";"7";"0";"9";"1";"15";"1";""
"202100054063";"105Â 110";"A01";"2";"7";"0";"1";"3";"1";"1";""
"202100054064";"105Â 108";"B01";"3";"7";"0";"2";"1";"1";"1";""
"202100054064";"105Â 109";"A01";"3";"7";"9";"2";"7";"19";"1";""
"202100054065";"105Â 106";"A01";"3";"7";"0";"4";"1";"1";"1";""
"202100054065";"105Â 107";"B01";"3";"40";"0";"2";"2";"1";"3";""
"202100054066";"105Â 104";"B01";"3";"7";"0";"2";"4";"1";"1";""
"202100054066";"105Â 105";"A01";"3";"7";"0";"2";"1";"1";"1";""
"202100054067";"105Â 102";"B01";" -1";"31";"0";"2";"1";"0";"1";""
"202100054067";"105Â 103";"A01";"3";"7";"0";"2";"2";"15";"1";""
"202100054068";"105Â 100";"B01";"3";"1";"0";"2";"8";"19";"5";""
"202100054068";"105Â 101";"A01";"3";"10";"0";"2";"2";"1";"0";""
"202100054069";"105Â 098";"B01";"2";"7";"9";"2";"4";"2";"1";""
"202100054069";"105Â 099";"A01";"2";"7";"0";"2";"3";"2";"1";""
"202100054070";"105Â 097";"A01";"3";"7";"0";"1";"2";"1";"1";""
"202100054071";"105Â 095";"A01";"2";"7";"0";"2";"1";"1";"1";""
"202100054071";"105Â 096";"B01";"2";"7";"0";"2";"3";"16";"1";""
"202100054072";"105Â 093";"B01";"2";"2";"0";"2";"1";"1";"1";""
"202100054072";"105Â 094";"A01";"2";"7";"0";"2";"3";"15";"1";""
"202100054073";"105Â 091";"A01";"3";"7";"0";"2";"1";"1";"1";""
"202100054073";"105Â 092";"B01";"3";"30";"0";"2";"1";"1";"1";""
"202100054074";"105Â 090";"A01";"2";"7";"0";"1";"2";"1";"1";""
"202100054075";"105Â 089";"A01";"2";"7";"0";"1";"1";"1";"1";""
"202100054076";"105Â 088";"A01";"2";"7";"6";"0";"3";"13";"1";""
"202100054077";"105Â 085";"C01";"2";"7";"0";"2";"1";"24";"1";""
"202100054077";"105Â 086";"B01";"1";"31";"0";"2";"7";"17";"1";""
"202100054077";"105Â 087";"A01";"1";"7";"0";"2";"3";"15";"1";""
"202100054078";"105Â 083";"B01";"0";"7";"0";"0";"4";"1";"1";""
"202100054078";"105Â 084";"A01";"0";"7";"1";"2";"1";"1";"1";""
"202100054079";"105Â 081";"B01";"3";"50";"0";"2";"0";"0";"3";""
"202100054079";"105Â 082";"A01";"3";"7";"0";"2";"3";"26";"1";""
"202100054080";"105Â 079";"A01";"1";"7";"0";"2";"2";"15";"1";""
"202100054080";"105Â 080";"B01";"2";"7";"0";"2";"3";"1";"1";""
"202100054081";"105Â 078";"A01";"2";"7";"0";"1";"2";"15";"1";""
"202100054082";"105Â 077";"A01";"1";"2";"0";"1";"7";"1";"1";""
"202100054083";"105Â 075";"B01";"3";"2";"0";"2";"1";"1";"1";""
"202100054083";"105Â 076";"A01";"3";"7";"0";"2";"2";"19";"1";""
"202100054084";"105Â 073";"B01";"1";"7";"0";"2";"4";"1";"1";""
"202100054084";"105Â 074";"A01";"1";"7";"14";"2";"1";"2";"1";""
"202100054085";"105Â 071";"Z01";"1";"7";"0";"2";"1";"1";"0";""
"202100054085";"105Â 072";"B01";"1";"30";"0";"2";"1";"1";"1";""
"202100054086";"105Â 069";"Z01";"1";"7";"0";"2";"4";"20";"1";""
"202100054086";"105Â 070";"B01";"1";"7";"0";"2";"1";"23";"1";""
"202100054087";"105Â 067";"A01";"1";"7";"0";"2";"1";"16";"1";""
"202100054087";"105Â 068";"B01";"0";"7";"0";"2";"2";"1";"1";""
"202100054088";"105Â 065";"B01";"3";"7";"0";"2";"1";"0";"1";""
"202100054088";"105Â 066";"A01";"3";"7";"0";"2";"1";"0";"1";""
"202100054089";"105Â 063";"B01";"3";"10";"0";"2";"3";"9";"1";""
"202100054089";"105Â 064";"A01";"3";"7";"0";"2";"7";"13";"1";""
"202100054090";"105Â 061";"B01";"1";"7";"0";"2";"3";"15";"1";""
"202100054090";"105Â 062";"A01";"1";"31";"0";"2";"1";"1";"1";""
"202100054091";"105Â 059";"A01";"2";"7";"0";"2";"1";"13";"1";""
"202100054091";"105Â 060";"B01";"1";"7";"0";"2";"3";"1";"1";""
"202100054092";"105Â 057";"B01";"1";"50";"0";"2";"8";"1";"3";""
"202100054092";"105Â 058";"A01";"1";"7";"0";"2";"2";"16";"1";""
"202100054093";"105Â 056";"A01";"1";"7";"0";"1";"2";"1";"1";""
"202100054094";"105Â 055";"A01";"1";"10";"0";"1";"2";"26";"1";""
"202100054095";"105Â 053";"A01";"1";"7";"0";"2";"0";"1";"1";""
"202100054095";"105Â 054";"B01";"1";"30";"0";"2";"8";"15";"1";""
"202100054096";"105Â 051";"A01";"1";"33";"0";"2";"7";"15";"1";""
"202100054096";"105Â 052";"B01";"2";"30";"0";"2";"1";"1";"1";""
"202100054097";"105Â 049";"A01";"1";"7";"0";"2";"0";"22";"1";""
"202100054097";"105Â 050";"B01";"1";"1";"0";"2";"0";"1";"5";""
"202100054098";"105Â 047";"A01";"3";"30";"0";"2";"1";"18";"3";""
"202100054098";"105Â 048";"B01";"2";"7";"0";"2";"2";"15";"1";""
"202100054099";"105Â 045";"A01";"1";"10";"0";"2";"7";"10";"1";""
"202100054099";"105Â 046";"B01";"1";"43";"1";"2";"1";"17";"1";""
"202100054100";"105Â 042";"A01";"1";"7";"0";"1";"1";"1";"1";""
"202100054101";"105Â 040";"A01";"1";"7";"0";"2";"7";"15";"1";""
"202100054101";"105Â 041";"B01";"2";"32";"0";"2";"1";"1";"1";""
"202100054102";"105Â 039";"A01";"2";"33";"0";"0";"1";"1";"1";""
"202100054103";"105Â 038";"A01";"3";"7";"0";"1";"2";"1";"1";""
"202100054104";"105Â 037";"A01";"1";"50";"0";"0";"2";"1";"3";""
"202100054105";"105Â 036";"A01";"1";"32";"1";"0";"2";"1";"1";""
"202100054106";"105Â 034";"A01";"3";"10";"0";"2";"3";"2";"1";""
"202100054106";"105Â 035";"B01";"3";"50";"1";"0";"7";"1";"3";""
"202100054107";"105Â 032";"B01";"2";"31";"0";"2";"3";"1";"1";""
"202100054107";"105Â 033";"A01";"1";"7";"0";"2";"1";"15";"1";""
"202100054108";"105Â 031";"A01";"2";"10";"0";"1";"3";"26";"1";""
"202100054109";"105Â 029";"A01";"1";"7";"1";"0";"0";"0";"1";""
"202100054109";"105Â 030";"B01";"2";"1";"1";"0";"0";"0";"5";""
"202100054110";"105Â 027";"A01";"1";"7";"0";"2";"3";"20";"1";""
"202100054110";"105Â 028";"B01";"1";"31";"0";"2";"1";"1";"1";""
"202100054111";"105Â 025";"A01";"3";"32";"0";"2";"3";"13";"1";""
"202100054111";"105Â 026";"B01";"3";"15";"0";"2";"3";"1";"1";""
"202100054112";"105Â 023";"A01";"0";"7";"0";"2";"1";"9";"0";""
"202100054112";"105Â 024";"B01";"2";"7";"0";"2";"7";"1";"1";""
"202100054113";"105Â 021";"A01";"3";"7";"0";"2";"3";"20";"1";""
"202100054113";"105Â 022";"B01";"3";"32";"0";"2";"4";"1";"1";""
"202100054114";"105Â 019";"A01";"3";"7";"0";"2";"1";"5";"1";""
"202100054114";"105Â 020";"B01";"2";"32";"0";"2";"1";"1";"1";""
"202100054115";"105Â 017";"A01";"2";"3";"0";"2";"6";"2";"1";""
"202100054115";"105Â 018";"B01";"1";"30";"0";"2";"1";"2";"1";""
"202100054116";"105Â 016";"A01";"1";"7";"0";"1";"1";"1";"2";""
"202100054117";"105Â 015";"A01";"3";"7";"1";"0";"1";"5";"1";""
"202100054118";"105Â 013";"B01";" -1";"7";"0";"2";"4";"0";"0";""
"202100054118";"105Â 014";"A01";" -1";"31";"0";"2";"4";"26";"0";""
"202100054119";"105Â 011";"B01";"1";"7";"0";"2";"7";"16";"2";""
"202100054119";"105Â 012";"A01";"1";"34";"0";"2";"8";"18";"1";""
"202100054120";"105Â 010";"A01";"1";"7";"6";"0";"1";"16";"1";""
"202100054121";"105Â 008";"B01";"3";"30";"0";"2";"8";"1";"1";""
"202100054121";"105Â 009";"Z01";"3";"7";"0";"2";"0";"0";"1";""
"202100054122";"105Â 007";"A01";"1";"10";"0";"1";"2";"1";"1";""
"202100054123";"105Â 004";"Z01";"0";"7";"0";"2";"1";"2";"0";""
"202100054123";"105Â 005";"B01";"3";"7";"0";"2";"4";"2";"1";""
"202100054123";"105Â 006";"A01";"3";"33";"0";"2";"4";"2";"1";""
"202100054124";"105Â 003";"A01";"1";"7";"0";"1";"1";"14";"1";""
"202100054125";"105Â 001";"Z01";"3";"7";"0";"2";"2";"17";"0";""
"202100054125";"105Â 002";"A01";"1";"30";"0";"2";"3";"1";"1";""
"202100054126";"104Â 999";"A01";"1";"10";"0";"2";"3";"15";"1";""
"202100054126";"105Â 000";"B01";"1";"2";"0";"2";"1";"1";"1";""
"202100054127";"104Â 998";"A01";"2";"30";"0";"1";"1";"16";"1";""
"202100054128";"104Â 996";"A01";"2";"31";"0";"0";"0";"1";"3";""
"202100054128";"104Â 997";"Z01";"2";"7";"0";"0";"0";"15";"0";""
"202100054129";"104Â 994";"A01";"1";"10";"3";"0";"6";"9";"1";""
"202100054129";"104Â 995";"B01";"1";"7";"0";"2";"2";"2";"1";""
"202100054130";"104Â 992";"A01";"1";"7";"0";"2";"6";"15";"1";""
"202100054130";"104Â 993";"C01";"1";"7";"0";"2";"3";"1";"1";""
"202100054131";"104Â 990";"B01";"1";"7";"0";"2";"3";"9";"1";""
"202100054131";"104Â 991";"A01";"2";"7";"0";"2";"1";"1";"1";""
"202100054132";"104Â 986";"A01";"1";"3";"0";"0";"6";"0";"1";""
"202100054132";"104Â 987";"B01";"1";"7";"0";"2";"9";"0";"1";""
"202100054133";"104Â 985";"A01";"2";"7";"5";"0";"1";"16";"1";""
"202100054134";"104Â 983";"B01";"0";"7";"0";"2";"7";"1";"1";""
"202100054134";"104Â 984";"A01";"0";"2";"0";"2";"2";"15";"1";""
"202100054135";"104Â 982";"A01";"3";"7";"0";"1";"3";"2";"1";""
"202100054136";"104Â 981";"A01";"2";"7";"0";"1";"1";"1";"1";""
"202100054137";"104Â 979";"A01";"2";"7";"1";"0";"1";"2";"1";""
"202100054137";"104Â 980";"B01";"2";"10";"1";"0";"4";"0";"1";""
"202100054138";"104Â 977";"A01";"2";"33";"0";"2";"0";"15";"1";""
"202100054138";"104Â 978";"B01";"2";"7";"0";"0";"6";"23";"1";""
"202100054139";"104Â 976";"A01";"1";"7";"0";"1";"2";"1";"1";""
"202100054140";"104Â 974";"B01";"2";"7";"0";"9";"1";"1";"1";""
"202100054140";"104Â 975";"A01";"2";"33";"0";"2";"4";"16";"1";""
"202100054141";"104Â 973";"A01";"2";"7";"2";"0";"1";"2";"1";""
"202100054142";"104Â 971";"A01";"2";"7";"0";"2";"8";"1";"1";""
"202100054142";"104Â 972";"B01";"1";"7";"0";"2";"1";"1";"1";""
"202100054143";"104Â 969";"A01";"3";"7";"0";"2";"2";"15";"1";""
"202100054143";"104Â 970";"B01";"3";"2";"0";"2";"2";"2";"1";""
"202100054144";"104Â 968";"A01";"3";"33";"13";"0";"1";"0";"1";""
"202100054145";"104Â 967";"A01";"1";"2";"0";"0";"8";"1";"1";""
"202100054146";"104Â 965";"B01";"1";"33";"0";"2";"1";"1";"1";""
"202100054146";"104Â 966";"A01";"2";"7";"0";"2";"1";"5";"1";""
"202100054147";"104Â 962";"B01";"2";"7";"0";"2";"1";"1";"1";""
"202100054147";"104Â 963";"A01";"2";"7";"0";"2";"1";"19";"1";""
"202100054147";"104Â 964";"C01";"1";"7";"0";"2";"3";"23";"1";""
"202100054148";"104Â 960";"B01";"2";"10";"0";"2";"2";"1";"1";""
"202100054148";"104Â 961";"A01";"3";"7";"0";"2";"3";"15";"1";""
"202100054149";"104Â 958";"B01";"2";"21";"0";"2";"3";"1";"1";""
"202100054149";"104Â 959";"A01";"1";"7";"0";"2";"3";"1";"1";""
"202100054150";"104Â 956";"A01";"2";"33";"0";"0";"1";"2";"1";""
"202100054150";"104Â 957";"B01";"2";"7";"0";"0";"6";"23";"1";""
"202100054151";"104Â 954";"A01";"2";"7";"0";"0";"1";"13";"1";""
"202100054151";"104Â 955";"B01";"1";"7";"0";"0";"1";"0";"1";""
"202100054152";"104Â 952";"A01";"1";"7";"0";"2";"8";"1";"1";""
"202100054152";"104Â 953";"B01";"2";"7";"0";"2";"1";"1";"1";""
"202100054153";"104Â 950";"B01";"2";"1";"0";"2";"1";"1";"5";""
"202100054153";"104Â 951";"A01";"1";"10";"0";"9";"2";"1";"1";""
"202100054154";"104Â 949";"A01";"1";"10";"4";"0";"3";"1";"1";""
"202100054155";"104Â 943";"A01";"2";"7";"3";"0";"5";"1";"1";""
"202100054155";"104Â 944";"B01";"2";"7";"3";"0";"1";"1";"1";""
"202100054155";"104Â 945";"C01";"2";"7";"3";"2";"1";"1";"1";""
"202100054155";"104Â 946";"D01";"2";"7";"3";"2";"1";"1";"1";""
"202100054155";"104Â 947";"E01";"2";"7";"3";"2";"1";"1";"1";""
"202100054155";"104Â 948";"F01";"2";"7";"3";"2";"4";"1";"1";""
"202100054156";"104Â 940";"A01";"3";"7";"0";"2";"3";"2";"1";""
"202100054156";"104Â 941";"B01";"3";"31";"0";"2";"2";"2";"1";""
"202100054157";"104Â 939";"A01";"2";"7";"15";"0";"2";"1";"1";""
"202100054158";"104Â 938";"A01";"2";"7";"13";"0";"1";"1";"1";""
"202100054159";"104Â 937";"A01";"3";"7";"0";"0";"0";"1";"1";""
"202100054160";"104Â 936";"A01";"1";"7";"0";"1";"3";"1";"1";""
"202100054161";"104Â 934";"A01";"1";"15";"0";"2";"3";"1";"1";""
"202100054161";"104Â 935";"B01";"2";"7";"0";"2";"3";"1";"1";""
"202100054162";"104Â 932";"A01";"3";"7";"0";"2";"3";"15";"1";""
"202100054162";"104Â 933";"B01";"3";"2";"0";"2";"7";"1";"1";""
"202100054163";"104Â 931";"A01";"2";"7";"0";"0";"9";"1";"1";""
"202100054164";"104Â 929";"A01";"0";"31";"0";"0";"8";"1";"1";""
"202100054164";"104Â 930";"B01";"0";"7";"0";"0";"0";"15";"1";""
"202100054165";"104Â 928";"A01";"0";"33";"0";"0";"2";"1";"1";""
"202100054166";"104Â 926";"A01";"0";"7";"0";"2";"0";"1";"1";""
"202100054166";"104Â 927";"B01";"0";"7";"0";"2";"3";"1";"1";""
"202100054167";"104Â 925";"A01";"2";"7";"8";"0";"7";"0";"1";""
"202100054168";"104Â 923";"B01";"1";"10";"0";"2";"1";"2";"1";""
"202100054168";"104Â 924";"A01";"1";"7";"0";"0";"4";"23";"1";""
"202100054169";"104Â 921";"B01";"0";"7";"0";"2";"2";"2";"1";""
"202100054169";"104Â 922";"A01";"0";"7";"0";"2";"3";"2";"1";""
"202100054170";"104Â 918";"C01";"2";"7";"0";"2";"4";"1";"1";""
"202100054170";"104Â 919";"B01";"2";"7";"0";"2";"4";"2";"1";""
"202100054170";"104Â 920";"A01";"2";"7";"0";"2";"1";"1";"1";""
"202100054171";"104Â 915";"B01";"2";"7";"0";"2";"9";"1";"1";""
"202100054171";"104Â 916";"C01";"2";"7";"0";"2";"7";"1";"1";""
"202100054171";"104Â 917";"A01";"2";"17";"0";"2";"2";"12";"1";""
"202100054172";"104Â 914";"A01";"1";"7";"0";"2";"1";"14";"1";""
"202100054173";"104Â 913";"A01";"1";"7";"6";"0";"2";"14";"1";""
"202100054174";"104Â 911";"A01";"2";"33";"0";"0";"7";"1";"1";""
"202100054174";"104Â 912";"Z01";"2";"7";"0";"2";"3";"11";"1";""
"202100054175";"104Â 909";"A01";"1";"10";"4";"0";"1";"0";"1";""
"202100054175";"104Â 910";"B01";"1";"7";"3";"0";"1";"0";"2";""
"202100054176";"104Â 904";"B01";"1";"10";"0";"2";"5";"1";"1";""
"202100054176";"104Â 905";"A01";"1";"7";"0";"2";"3";"1";"1";""
"202100054176";"104Â 906";"E01";"1";"7";"0";"2";"4";"1";"1";""
"202100054176";"104Â 907";"D01";"1";"7";"0";"2";"4";"1";"1";""
"202100054176";"104Â 908";"C01";"1";"7";"0";"2";"4";"1";"1";""
"202100054177";"104Â 903";"A01";"1";"7";"4";"0";"3";"13";"1";""
"202100054178";"104Â 901";"A01";"3";"7";"0";"9";"3";"1";"1";""
"202100054178";"104Â 902";"B01";"3";"1";"0";"2";"1";"1";"5";""
"202100054179";"104Â 900";"A01";"2";"1";"0";"1";"4";"25";"5";""
"202100054180";"104Â 899";"A01";"1";"7";"0";"1";"0";"6";"1";""
"202100054181";"104Â 898";"A01";"2";"1";"14";"0";"1";"1";"5";""
"202100054182";"104Â 897";"A01";"2";"1";"12";"0";"0";"19";"5";""
"202100054183";"104Â 895";"B01";"1";"7";"0";"2";"2";"1";"1";""
"202100054183";"104Â 896";"A01";"1";"7";"15";"2";"3";"9";"1";""
"202100054184";"104Â 893";"A01";"1";"7";"14";"0";"2";"2";"1";""
"202100054184";"104Â 894";"B01";"1";"7";"0";"2";"6";"23";"1";""
"202100054185";"104Â 892";"A01";"1";"7";"6";"0";"9";"17";"1";""
"202100054186";"104Â 891";"A01";"3";"7";"0";"1";"1";"16";"1";""
"202100054187";"104Â 890";"A01";"1";"10";"0";"1";"2";"21";"1";""
"202100054188";"104Â 888";"B01";"2";"33";"0";"2";"1";"1";"1";""
"202100054188";"104Â 889";"A01";"2";"10";"0";"2";"2";"9";"1";""
"202100054189";"104Â 887";"A01";"1";"7";"0";"1";"1";"1";"1";""
"202100054190";"104Â 886";"A01";"1";"7";"0";"0";"7";"1";"1";""
"202100054191";"104Â 884";"A01";"0";"7";"0";"2";"6";"9";"1";""
"202100054191";"104Â 885";"B01";"0";"33";"0";"2";"7";"9";"1";""
"202100054192";"104Â 883";"A01";"0";"7";"0";"1";"8";"1";"1";""
"202100054193";"104Â 881";"B01";"0";"7";"0";"0";"0";"1";"1";""
"202100054193";"104Â 882";"A01";"0";"33";"0";"0";"7";"1";"1";""
"202100054194";"104Â 877";"A01";"1";"33";"0";"2";"1";"18";"1";""
"202100054194";"104Â 878";"B01";"2";"7";"0";"2";"1";"0";"1";""
"202100054195";"104Â 875";"A01";"1";"14";"0";"2";"2";"16";"1";""
"202100054195";"104Â 876";"B01";"2";"1";"0";"2";"0";"9";"0";""
"202100054196";"104Â 874";"A01";"3";"7";"0";"1";"2";"1";"1";""
"202100054197";"104Â 871";"A01";"1";"7";"0";"1";"2";"1";"1";""
"202100054198";"104Â 869";"A01";"1";"7";"0";"2";"1";"15";"1";""
"202100054198";"104Â 870";"B01";"0";"50";"0";"2";"8";"19";"3";""
"202100054199";"104Â 868";"A01";"1";"14";"0";"1";"2";"1";"1";""
"202100054200";"104Â 866";"B01";"1";"10";"0";"2";"7";"1";"0";""
"202100054200";"104Â 867";"A01";"2";"30";"0";"2";"7";"13";"1";""
"202100054201";"104Â 864";"B01";"2";"10";"0";"2";"6";"1";"1";""
"202100054201";"104Â 865";"A01";"1";"2";"0";"2";"1";"1";"1";""
"202100054202";"104Â 862";"A01";"1";"10";"0";"2";"2";"19";"1";""
"202100054202";"104Â 863";"B01";"1";"37";"0";"2";"3";"1";"1";"2"
"202100054203";"104Â 861";"A01";"3";"30";"0";"0";"1";"1";"1";""
"202100054204";"104Â 859";"A01";"1";"7";"0";"2";"1";"1";"1";""
"202100054204";"104Â 860";"B01";"1";"7";"0";"2";"4";"1";"1";""
"202100054205";"104Â 858";"A01";"1";"7";"0";"1";"1";"15";"1";""
"202100054206";"104Â 857";"A01";"1";"32";"0";"0";"1";"9";"1";""
"202100054207";"104Â 855";"B01";"1";"10";"0";"2";"2";"15";"1";""
"202100054207";"104Â 856";"A01";"2";"31";"0";"2";"7";"21";"1";""
"202100054208";"104Â 853";"A01";"2";"7";"0";"2";"2";"2";"1";""
"202100054208";"104Â 854";"B01";"2";"1";"0";"2";"8";"15";"0";""
"202100054209";"104Â 851";"A01";"3";"7";"0";"2";"1";"1";"1";""
"202100054209";"104Â 852";"B01";"3";"10";"0";"2";"7";"1";"1";""
"202100054210";"104Â 849";"A01";"3";"30";"0";"2";"7";"26";"1";""
"202100054210";"104Â 850";"B01";"3";"7";"0";"2";"3";"26";"1";""
"202100054211";"104Â 847";"A01";"3";"30";"0";"2";"1";"1";"1";""
"202100054211";"104Â 848";"B01";"3";"7";"0";"2";"3";"15";"1";""
"202100054212";"104Â 845";"B01";"1";"7";"0";"0";"4";"1";"1";""
"202100054212";"104Â 846";"A01";"1";"7";"0";"2";"1";"2";"1";""
"202100054213";"104Â 843";"B01";"2";"7";"0";"2";"1";"1";"1";""
"202100054213";"104Â 844";"A01";"3";"7";"0";"2";"3";"16";"1";""
"202100054214";"104Â 842";"A01";"1";"32";"0";"1";"1";"1";"1";""
"202100054215";"104Â 840";"A01";"3";"7";"0";"2";"3";"9";"1";""
"202100054215";"104Â 841";"B01";"3";"2";"0";"2";"1";"1";"1";""
"202100054216";"104Â 839";"A01";"1";"7";"0";"1";"1";"1";"2";""
"202100054217";"104Â 838";"A01";"1";"7";"0";"1";"2";"0";"1";""
"202100054218";"104Â 837";"A01";"1";"7";"0";"1";"1";"1";"1";""
"202100054219";"104Â 835";"B01";"1";"7";"0";"2";"3";"15";"1";""
"202100054219";"104Â 836";"A01";"2";"2";"0";"2";"1";"15";"1";""
"202100054220";"104Â 832";"B01";"1";"7";"0";"2";"5";"1";"1";""
"202100054220";"104Â 833";"A01";"1";"7";"0";"2";"1";"1";"1";""
"202100054221";"104Â 830";"A01";"1";"10";"0";"2";"7";"1";"1";""
"202100054221";"104Â 831";"B01";"2";"7";"0";"2";"1";"1";"1";""
"202100054222";"104Â 829";"A01";"2";"10";"0";"1";"7";"16";"1";""
"202100054223";"104Â 827";"A01";"1";"14";"0";"2";"1";"1";"1";""
"202100054223";"104Â 828";"B01";"3";"50";"0";"2";"3";"19";"3";""
"202100054224";"104Â 826";"A01";"3";"34";"0";"1";"1";"1";"1";""
"202100054225";"104Â 824";"A01";"1";"30";"0";"0";"0";"0";"0";""
"202100054225";"104Â 825";"E01";"1";"7";"0";"2";"3";"0";"1";""