"Num_Acc";"id_vehicule";"num_veh";"senc";"catv";"obs";"obsm";"choc";"manv";"motor";"occutc"
"202100054226";"104Â 822";"A01";"1";"7";"0";"2";"1";"2";"1";""
"202100054226";"104Â 823";"B01";"1";"15";"0";"2";"4";"2";"1";""
"202100054227";"104Â 821";"A01";"1";"30";"0";"2";"8";"2";"1";""
"202100054228";"104Â 819";"B01";"2";"7";"0";"2";"8";"15";"1";""
"202100054228";"104Â 820";"A01";"2";"30";"0";"2";"2";"17";"1";""
"202100054229";"104Â 818";"A01";"2";"7";"0";"1";"1";"16";"1";""
"202100054230";"104Â 817";"A01";"1";"10";"0";"1";"2";"1";"1";""
"202100054231";"104Â 815";"B01";"1";"30";"0";"2";"7";"17";"1";""
"202100054231";"104Â 816";"A01";"3";"7";"0";"2";"3";"9";"1";""
"202100054232";"104Â 813";"A01";"2";"30";"0";"2";"1";"1";"1";""
"202100054232";"104Â 814";"B01";"1";"7";"0";"2";"2";"1";"1";""
"202100054233";"104Â 811";"B01";"1";"7";"0";"2";"1";"1";"0";""
"202100054233";"104Â 812";"A01";"1";"7";"0";"2";"4";"1";"1";""
"202100054234";"104Â 809";"A01";"3";"50";"0";"2";"8";"19";"3";""
"202100054234";"104Â 810";"B01";"3";"7";"0";"2";"5";"1";"1";""
"202100054235";"104Â 807";"B01";"1";"34";"0";"2";"3";"1";"1";""
"202100054235";"104Â 808";"A01";"1";"7";"0";"2";"2";"1";"1";""
"202100054236";"104Â 805";"A01";"1";"7";"0";"2";"1";"1";"1";""
"202100054236";"104Â 806";"B01";"1";"34";"0";"2";"4";"15";"1";""
"202100054237";"104Â 804";"A01";"2";"7";"0";"1";"1";"16";"1";""
"202100054238";"104Â 803";"A01";"2";"37";"0";"1";"3";"7";"1";"1"
"202100054239";"104Â 802";"A01";"2";"50";"0";"1";"1";"1";"3";""
"202100054240";"104Â 800";"A01";"1";"7";"0";"2";"8";"15";"1";""
"202100054240";"104Â 801";"B01";"1";"30";"0";"2";"7";"1";"1";""
"202100054241";"104Â 798";"B01";"2";"37";"0";"2";"7";"23";"3";"1"
"202100054241";"104Â 799";"A01";"2";"50";"0";"2";"8";"16";"3";""
"202100054242";"104Â 796";"A01";"1";"7";"0";"2";"1";"15";"1";""
"202100054242";"104Â 797";"B01";"2";"33";"0";"2";"1";"1";"1";""
"202100054243";"104Â 794";"B01";"1";"34";"0";"2";"1";"3";"1";""
"202100054243";"104Â 795";"A01";"1";"7";"0";"2";"8";"22";"1";""
"202100054244";"104Â 793";"A01";"1";"32";"0";"0";"1";"1";"1";""
"202100054245";"104Â 791";"B01";"1";"7";"0";"2";"3";"15";"1";""
"202100054245";"104Â 792";"A01";"2";"1";"0";"2";"1";"17";"5";""
"202100054246";"104Â 790";"A01";"0";"7";"0";"1";"3";"1";"3";""
"202100054247";"104Â 789";"A01";"3";"30";"0";"0";"3";"1";"1";""
"202100054248";"104Â 788";"Z01";"3";"50";"0";"1";"0";"1";"3";""
"202100054249";"104Â 787";"A01";"2";"7";"11";"0";"2";"1";"1";""
"202100054250";"104Â 785";"A01";"2";"33";"0";"2";"1";"18";"1";""
"202100054250";"104Â 786";"B01";"2";"10";"0";"2";"3";"15";"1";""
"202100054251";"104Â 784";"B01";"1";"31";"0";"1";"1";"0";"1";""
"202100054252";"104Â 782";"A01";"1";"13";"1";"0";"6";"11";"1";""
"202100054252";"104Â 783";"B01";"1";"2";"0";"2";"2";"2";"1";""
"202100054253";"104Â 780";"A01";"1";"10";"0";"2";"4";"4";"1";""
"202100054253";"104Â 781";"B01";"1";"2";"0";"2";"1";"2";"1";""
"202100054254";"104Â 778";"A01";"1";"7";"0";"2";"1";"1";"2";""
"202100054254";"104Â 779";"B01";"1";"1";"0";"2";"4";"26";"5";""
"202100054255";"104Â 775";"A01";"1";"10";"0";"2";"3";"1";"1";""
"202100054255";"104Â 776";"C01";"1";"7";"0";"2";"3";"2";"1";""
"202100054255";"104Â 777";"B01";"1";"7";"0";"2";"9";"1";"1";""
"202100054256";"104Â 774";"A01";"1";"14";"0";"1";"3";"1";"1";""
"202100054257";"104Â 773";"A01";"0";"7";"0";"1";"1";"1";"1";""
"202100054258";"104Â 770";"A01";"2";"43";"0";"1";"2";"1";"1";""
"202100054259";"104Â 769";"A01";"1";"2";"0";"1";"1";"1";"1";""
"202100054260";"104Â 767";"B01";"2";"1";"0";"2";"8";"1";"5";""
"202100054260";"104Â 768";"A01";"1";"7";"0";"2";"1";"15";"1";""
"202100054261";"104Â 764";"A01";"3";"7";"0";"2";"3";"11";"1";""
"202100054261";"104Â 765";"B01";"3";"32";"0";"2";"1";"3";"1";""
"202100054261";"104Â 766";"C01";"3";"7";"0";"2";"1";"1";"1";""
"202100054262";"104Â 763";"A01";"1";"7";"0";"1";"2";"1";"1";""
"202100054263";"104Â 761";"B01";"1";"1";"0";"2";"0";"1";"0";""
"202100054263";"104Â 762";"A01";"1";"7";"0";"2";"5";"16";"0";""
"202100054264";"104Â 759";"B01";"1";"1";"0";"2";"4";"2";"5";""
"202100054264";"104Â 760";"A01";"1";"10";"0";"2";"2";"2";"1";""
"202100054265";"104Â 758";"A01";"2";"7";"2";"0";"7";"14";"1";""
"202100054266";"104Â 755";"C01";"1";"14";"0";"2";"3";"1";"1";""
"202100054266";"104Â 756";"B01";"2";"10";"0";"2";"6";"1";"1";""
"202100054266";"104Â 757";"A01";"2";"7";"0";"2";"2";"1";"1";""
"202100054267";"104Â 754";"A01";"3";"7";"13";"0";"9";"1";"1";""
"202100054268";"104Â 753";"A01";"2";"7";"4";"0";"0";"1";"1";""
"202100054269";"104Â 751";"A01";"2";"17";"0";"2";"6";"1";"1";""
"202100054269";"104Â 752";"B01";"1";"10";"0";"2";"3";"1";"1";""
"202100054270";"104Â 750";"A01";"2";"7";"15";"0";"3";"0";"1";""
"202100054271";"104Â 748";"A01";"1";"7";"0";"2";"1";"13";"1";""
"202100054271";"104Â 749";"B01";"2";"7";"0";"2";"1";"1";"1";""
"202100054272";"104Â 747";"A01";"1";"7";"0";"1";"1";"1";"1";""
"202100054273";"104Â 745";"B01";"1";"7";"0";"2";"3";"1";"1";""
"202100054273";"104Â 746";"A01";"2";"7";"0";"2";"3";"1";"1";""
"202100054274";"104Â 744";"A01";"1";"7";"2";"0";"2";"13";"1";""
"202100054275";"104Â 743";"A01";"2";"7";"0";"1";"1";"1";"1";""
"202100054276";"104Â 742";"A01";"1";"7";"14";"0";"1";"1";"1";""
"202100054277";"104Â 740";"B01";"1";"1";"0";"2";"2";"1";"5";""
"202100054277";"104Â 741";"A01";"1";"7";"0";"2";"3";"16";"1";""
"202100054278";"104Â 736";"A01";"2";"7";"0";"2";"8";"19";"1";""
"202100054278";"104Â 737";"B01";"1";"33";"0";"2";"1";"1";"1";""
"202100054279";"104Â 735";"A01";"2";"7";"0";"1";"3";"1";"1";""
"202100054280";"104Â 734";"A01";"0";"7";"3";"0";"3";"1";"1";""
"202100054281";"104Â 733";"A01";"2";"7";"0";"1";"3";"1";"1";""
"202100054282";"104Â 732";"A01";"1";"7";"3";"0";"1";"1";"1";""
"202100054283";"104Â 730";"A01";"1";"2";"0";"2";"1";"1";"1";""
"202100054283";"104Â 731";"B01";"1";"7";"0";"0";"4";"23";"1";""
"202100054284";"104Â 726";"B01";"1";"15";"0";"2";"3";"1";"1";""
"202100054284";"104Â 727";"C01";"2";"7";"0";"9";" -1";"2";"1";""
"202100054284";"104Â 728";"D01";"1";"7";"0";"9";"1";"2";"1";""
"202100054284";"104Â 729";"A01";"2";"7";"0";"2";"3";"5";"1";""
"202100054285";"104Â 723";"A01";"1";"7";"0";"2";"3";"11";"1";""
"202100054285";"104Â 724";"B01";"1";"10";"0";"2";"2";"1";"1";""
"202100054285";"104Â 725";"C01";"1";"17";"0";"2";"2";"1";"1";""
"202100054286";"104Â 722";"A01";"2";"38";"16";"0";"7";"1";"1";"13"
"202100054287";"104Â 721";"A01";"3";"7";"1";"0";"2";"14";"1";""
"202100054288";"104Â 719";"A01";"3";"10";"0";"2";"6";"1";"1";""
"202100054288";"104Â 720";"B01";"3";"7";"0";"2";"3";"16";"1";""
"202100054289";"104Â 717";"A01";"1";"7";"0";"0";"3";"9";"1";""
"202100054289";"104Â 718";"B01";"2";"33";"0";"2";"1";"1";"1";""
"202100054290";"104Â 716";"A01";"2";"7";"13";"0";"1";"1";"1";""
"202100054291";"104Â 715";"A01";"2";"7";"0";"1";"2";"14";"1";""
"202100054292";"104Â 714";"A01";"2";"7";"0";"1";"1";"1";"1";""
"202100054293";"104Â 713";"A01";"1";"7";"0";"1";"1";"1";"1";""
"202100054294";"104Â 711";"A01";"2";"7";"0";"2";"1";"15";"1";""
"202100054294";"104Â 712";"B01";"1";"2";"0";"2";"1";"1";"1";""
"202100054295";"104Â 709";"A01";"2";"7";"0";"2";"6";"15";"1";""
"202100054295";"104Â 710";"B01";"1";"33";"0";"2";"1";"1";"1";""
"202100054296";"104Â 706";"A01";"2";"7";"3";"0";"6";"1";"1";""
"202100054296";"104Â 707";"B01";"2";"7";"0";"0";"0";"1";"1";""
"202100054297";"104Â 704";"A01";"1";"7";"0";"2";"2";"2";"0";""
"202100054297";"104Â 705";"B01";"1";"1";"0";"0";"4";"2";"5";""
"202100054298";"104Â 703";"A01";"2";"7";"0";"1";"2";"1";"1";""
"202100054299";"104Â 702";"A01";"1";"30";"4";"0";"3";"1";"1";""
"202100054300";"104Â 701";"A01";"2";"7";"0";"1";"1";"1";"1";""
"202100054301";"104Â 696";"E01";"1";"7";"0";"2";"4";"2";"1";""
"202100054301";"104Â 697";"D01";"1";"7";"0";"2";"4";"2";"2";""
"202100054301";"104Â 698";"C01";"1";"7";"0";"2";"4";"2";"1";""
"202100054301";"104Â 699";"B01";"1";"10";"0";"2";"4";"2";"1";""
"202100054301";"104Â 700";"A01";"1";"7";"0";"2";"1";"2";"1";""
"202100054302";"104Â 695";"A01";"2";"32";"0";"2";"0";"3";"1";""
"202100054303";"104Â 692";"C01";"1";"10";"0";"2";"1";"2";"1";""
"202100054303";"104Â 693";"B01";"1";"7";"0";"2";"4";"2";"1";""
"202100054303";"104Â 694";"A01";"1";"10";"0";"2";"4";"1";"1";""
"202100054304";"104Â 690";"A01";"3";"7";"0";"2";"3";"1";"1";""
"202100054304";"104Â 691";"B01";"3";"7";"0";"2";"3";"0";"1";""
"202100054305";"104Â 688";"B01";"1";"1";"0";"2";"1";"1";"0";""
"202100054305";"104Â 689";"A01";"1";"7";"0";"2";"1";"9";"1";""
"202100054306";"104Â 686";"B01";"2";"7";"0";"2";"7";"15";"1";""
"202100054306";"104Â 687";"A01";"2";"2";"0";"2";"0";"0";"0";""
"202100054307";"104Â 685";"A01";"0";"7";"0";"0";"0";"1";"1";""
"202100054308";"104Â 684";"A01";"2";"7";"9";"0";"6";"16";"1";""
"202100054309";"104Â 683";"A01";"3";"7";"0";"1";"1";"1";"1";""
"202100054310";"104Â 681";"B01";"3";"33";"0";"2";"1";"1";"1";""
"202100054310";"104Â 682";"A01";"3";"7";"0";"2";"3";"15";"1";""
"202100054311";"104Â 680";"A01";"2";"7";"0";"1";"1";"1";"1";""
"202100054312";"104Â 679";"A01";"3";"7";"0";"1";"2";"26";"1";""
"202100054313";"104Â 678";"A01";"1";"7";"9";"2";"2";"1";"0";""
"202100054314";"104Â 677";"A01";"1";"0";"0";"1";"7";"16";"0";""
"202100054315";"104Â 675";"B01";"1";"7";"0";"2";"1";"1";"1";""
"202100054315";"104Â 676";"A01";"2";"2";"0";"2";"5";"1";"1";""
"202100054316";"104Â 673";"B01";"1";"2";"0";"0";"5";"1";"1";""
"202100054316";"104Â 674";"A01";"1";"1";"0";"2";"8";"7";"0";""
"202100054317";"104Â 671";"B01";"1";"33";"0";"2";"1";"15";"0";""
"202100054317";"104Â 672";"A01";"2";"15";"0";"2";"8";"26";"0";""
"202100054318";"104Â 668";"B01";"1";"7";"0";"2";"4";"23";"1";""
"202100054318";"104Â 669";"A01";"1";"7";"0";"2";"1";"2";"1";""
"202100054319";"104Â 666";"B01";"2";"7";"0";"2";"1";"1";"1";""
"202100054319";"104Â 667";"A01";"1";"7";"0";"2";"2";"13";"1";""
"202100054320";"104Â 664";"A01";"0";"7";"0";"2";"5";"26";"1";""
"202100054320";"104Â 665";"B01";"3";"1";"0";"2";"0";"1";"5";""
"202100054321";"104Â 662";"A01";"1";"7";"0";"2";"1";"1";"1";""
"202100054321";"104Â 663";"B01";"1";"7";"0";"2";"3";"16";"1";""
"202100054322";"104Â 661";"A01";"2";"7";"0";"1";"3";"15";"1";""
"202100054323";"104Â 659";"B01";"2";"7";"0";"2";"1";"1";"1";""
"202100054323";"104Â 660";"A01";"1";"7";"0";"2";"1";"13";"1";""
"202100054324";"104Â 657";"A01";"0";"32";"0";"0";"8";"15";"2";""
"202100054324";"104Â 658";"B01";"1";"10";"0";"2";"2";"0";"1";""
"202100054325";"104Â 656";"A01";"1";"30";"0";"1";"1";"1";"1";""
"202100054326";"104Â 654";"A01";"2";"7";"0";"2";"3";"9";"1";""
"202100054326";"104Â 655";"B01";"3";"1";"0";"2";"1";"1";"5";""
"202100054327";"104Â 651";"C01";"2";"7";"0";"2";"4";"1";"1";""
"202100054327";"104Â 652";"B01";"2";"7";"0";"2";"4";"1";"1";""
"202100054327";"104Â 653";"A01";"2";"7";"0";"2";"1";"2";"1";""
"202100054328";"104Â 650";"A01";"1";"2";"0";"1";"1";"26";"1";""
"202100054329";"104Â 649";"A01";"3";"7";"0";"1";"2";"26";"1";""
"202100054330";"104Â 647";"A01";"1";"7";"0";"2";"6";"10";"1";""
"202100054330";"104Â 648";"B01";"1";"33";"0";"2";"1";"1";"1";""
"202100054331";"104Â 646";"A01";"1";"7";"0";"1";"3";"1";"1";""
"202100054332";"104Â 644";"A01";"3";"7";"0";"2";"3";"15";"1";""
"202100054332";"104Â 645";"B01";"3";"7";"0";"2";"3";"1";"1";""
"202100054333";"104Â 642";"A01";"1";"7";"0";"2";"2";"1";"1";""
"202100054333";"104Â 643";"B01";"1";"7";"0";"2";"3";"15";"1";""
"202100054334";"104Â 640";"B01";"2";"7";"9";"0";"7";"16";"1";""
"202100054334";"104Â 641";"A01";"2";"7";"0";"2";"1";"1";"1";""
"202100054335";"104Â 638";"B01";"1";"7";"0";"2";"2";"1";"1";""
"202100054335";"104Â 639";"A01";"3";"10";"0";"2";"5";"4";"1";""
"202100054336";"104Â 637";"A01";"1";"10";"0";"1";"2";"15";"1";""
"202100054337";"104Â 635";"B01";"1";"7";"0";"2";"1";"15";"1";""
"202100054337";"104Â 636";"A01";"2";"30";"0";"2";"1";"1";"1";""
"202100054338";"104Â 633";"A01";"1";"10";"0";"2";"2";"1";"1";""
"202100054338";"104Â 634";"B01";"1";"1";"0";"2";"1";"19";"5";""
"202100054339";"104Â 631";"A01";"2";"80";"0";"2";"2";"1";"3";""
"202100054339";"104Â 632";"B01";"1";"7";"0";"2";"3";"1";"1";""
"202100054340";"104Â 630";"A01";"3";"10";"0";"1";"3";"1";"1";""
"202100054341";"104Â 628";"B01";"2";"7";"0";"2";"3";"19";"1";""
"202100054341";"104Â 629";"A01";"1";"7";"0";"2";"1";"1";"1";""
"202100054342";"104Â 627";"A01";"2";"7";"0";"1";"1";"3";"0";""
"202100054343";"104Â 626";"A01";"3";"30";"0";"0";"0";"1";"1";""
"202100054344";"104Â 624";"B01";"3";"1";"0";"2";"0";"1";"0";""
"202100054344";"104Â 625";"A01";"3";"7";"0";"2";"1";"26";"1";""
"202100054345";"104Â 621";"C01";"3";"10";"0";"2";"4";"1";"1";""
"202100054345";"104Â 622";"B01";"3";"7";"0";"2";"4";"1";"1";""
"202100054345";"104Â 623";"A01";"3";"7";"0";"2";"1";"1";"1";""
"202100054346";"104Â 619";"B01";"1";"7";"0";"2";"1";"0";"1";""
"202100054346";"104Â 620";"A01";"1";"32";"0";"2";"2";"1";"1";""
"202100054347";"104Â 616";"C01";"1";"7";"0";"2";"4";"2";"0";""
"202100054347";"104Â 617";"B01";"1";"7";"0";"2";"1";"2";"1";""
"202100054347";"104Â 618";"A01";"1";"7";"0";"2";"1";"2";"1";""
"202100054348";"104Â 614";"B01";"2";"33";"0";"2";"3";"3";"1";""
"202100054348";"104Â 615";"A01";"2";"7";"0";"2";"2";"12";"1";""
"202100054349";"104Â 612";"A01";"2";"7";"0";"2";"2";"12";"1";""
"202100054349";"104Â 613";"B01";"2";"33";"0";"2";"8";"1";"1";""
"202100054350";"104Â 609";"A01";"2";"7";"0";"2";"1";"2";"1";""
"202100054350";"104Â 610";"B01";"2";"7";"0";"2";"4";"2";"1";""
"202100054350";"104Â 611";"C01";"2";"7";"0";"2";"4";"2";"2";""
"202100054351";"104Â 607";"A01";"1";"43";"0";"2";"7";"1";"1";""
"202100054351";"104Â 608";"Z01";"1";"7";"0";"2";"8";"11";"0";""
"202100054352";"104Â 605";"B01";"2";"7";"0";"2";"4";"1";"1";""
"202100054352";"104Â 606";"A01";"2";"10";"0";"2";"1";"12";"1";""
"202100054353";"104Â 603";"A01";"1";"10";"0";"2";"2";"3";"1";""
"202100054353";"104Â 604";"B01";"1";"7";"0";"2";"6";"1";"2";""
"202100054354";"104Â 602";"A01";"1";"7";"4";"0";"2";"1";"1";""
"202100054355";"104Â 600";"A01";"1";"33";"0";"2";"7";"1";"1";""
"202100054355";"104Â 601";"B01";"1";"7";"0";"2";"7";"15";"1";""
"202100054356";"104Â 599";"A01";"2";"32";"0";"1";"3";"17";"1";""
"202100054357";"104Â 598";"A01";"2";"31";"0";"0";"0";"1";"1";""
"202100054358";"104Â 596";"B01";"2";"10";"0";"2";"1";"1";"1";""
"202100054358";"104Â 597";"A01";"2";"7";"1";"2";"3";"1";"1";""
"202100054359";"104Â 594";"A01";"1";"7";"0";"2";"3";"15";"1";""
"202100054359";"104Â 595";"B01";"1";"32";"0";"2";"7";"1";"1";""
"202100054360";"104Â 592";"B01";"1";"7";"0";"2";"4";"23";"1";""
"202100054360";"104Â 593";"A01";"1";"30";"0";"2";"1";"2";"1";""
"202100054361";"104Â 591";"A01";"1";"1";"8";"0";"1";"1";"5";""
"202100054362";"104Â 590";"A01";"1";"7";"6";"0";"1";"1";"1";""
"202100054363";"104Â 588";"B01";"1";"7";"0";"2";"1";"1";"1";""
"202100054363";"104Â 589";"A01";"1";"10";"0";"2";"2";"1";"1";""
"202100054364";"104Â 585";"A01";"3";"33";"0";"2";"7";"15";"1";""
"202100054364";"104Â 586";"B01";"3";"10";"0";"2";"3";"1";"1";""
"202100054364";"104Â 587";"C01";"3";"7";"0";"2";"1";"15";"1";""
"202100054365";"104Â 584";"A01";"3";"0";"0";"1";"0";"15";"1";""
"202100054366";"104Â 582";"B01";"2";"7";"0";"2";"4";"0";"0";""
"202100054366";"104Â 583";"A01";"1";"7";"0";"2";"4";"2";"1";""
"202100054367";"104Â 581";"A01";"2";"7";"0";"1";"1";"13";"1";""
"202100054368";"104Â 579";"A01";"2";"33";"0";"2";"1";"2";"1";""
"202100054368";"104Â 580";"B01";"1";"14";"0";"2";"6";"15";"1";""
"202100054369";"104Â 577";"A01";"2";"7";"0";"2";"3";"26";"0";""
"202100054369";"104Â 578";"B01";"2";"30";"0";"2";"1";"11";"1";""
"202100054370";"104Â 575";"A01";"2";"7";"0";"2";"2";"1";"1";""
"202100054370";"104Â 576";"B01";"2";"7";"0";"2";"3";"1";"1";""
"202100054371";"104Â 573";"B01";"1";"7";"0";"9";"2";"1";"1";""
"202100054371";"104Â 574";"A01";"1";"80";"0";"2";"8";"1";"3";""
"202100054372";"104Â 571";"A01";"1";"7";"0";"0";"4";"16";"1";""
"202100054372";"104Â 572";"B01";"1";"7";"0";"2";"1";"16";"1";""
"202100054373";"104Â 570";"A01";" -1";"7";"0";"1";"1";"1";"1";""
"202100054374";"104Â 569";"A01";"3";"7";"8";"0";"1";"1";"1";""
"202100054375";"104Â 568";"A01";"3";"7";"8";"0";"2";"1";"1";""
"202100054376";"104Â 566";"A01";"1";"7";"0";"2";"7";"22";"1";""
"202100054376";"104Â 567";"B01";"1";"1";"1";"0";"0";"1";"5";""
"202100054377";"104Â 565";"A01";"1";"1";"0";"1";"1";"1";"5";""
"202100054378";"104Â 562";"A01";"1";"7";"0";"2";"1";"2";"1";""
"202100054378";"104Â 563";"B01";"1";"7";"0";"2";"4";"2";"1";""
"202100054378";"104Â 564";"C01";"1";"7";"0";"2";"4";"1";"1";""
"202100054379";"104Â 560";"A01";"1";"7";"0";"2";"2";"16";"1";""
"202100054379";"104Â 561";"B01";"1";"1";"0";"2";"8";"1";"0";""
"202100054380";"104Â 559";"A01";"0";"21";"0";"0";"7";"16";"1";""
"202100054381";"104Â 557";"A01";"1";"7";"0";"2";"8";"19";"1";""
"202100054381";"104Â 558";"B01";"2";"2";"0";"2";"1";"1";"1";""
"202100054382";"104Â 556";"A01";"2";"7";"0";"1";"1";"9";"1";""
"202100054383";"104Â 555";"A01";"1";"10";"3";"0";"1";"1";"1";""
"202100054384";"104Â 554";"A01";"2";"7";"13";"0";"1";"1";"1";""
"202100054385";"104Â 552";"B01";"1";"7";"0";"2";"3";"1";"1";""
"202100054385";"104Â 553";"A01";"2";"7";"8";"2";"2";"15";"1";""
"202100054386";"104Â 550";"A01";"3";"7";"0";"1";"3";"1";"1";""
"202100054387";"104Â 548";"A01";"2";"2";"0";"2";"1";"1";"1";""
"202100054387";"104Â 549";"B01";"1";"10";"0";"2";"1";"23";"1";""
"202100054388";"104Â 546";"A01";"2";"7";"0";"2";"3";"15";"1";""
"202100054388";"104Â 547";"B01";"2";"15";"0";"2";"2";"2";"1";""
"202100054389";"104Â 545";"A01";"3";"7";"10";"0";"1";"1";"1";""
"202100054390";"104Â 542";"A01";"2";"7";"5";"0";"1";"1";"1";""
"202100054391";"104Â 540";"A01";"1";"10";"7";"2";"3";"17";"1";""
"202100054391";"104Â 541";"B01";"1";"7";"0";"2";"3";"16";"1";""
"202100054392";"104Â 539";"A01";"2";"7";"15";"0";"2";"1";"1";""
"202100054393";"104Â 538";"A01";"0";"7";"0";"1";"2";"21";"1";""
"202100054394";"104Â 534";"D01";"3";"7";"0";"0";"4";"2";"1";""
"202100054394";"104Â 535";"C01";"3";"7";"0";"2";"4";"2";"1";""
"202100054394";"104Â 536";"B01";"1";"7";"0";"2";"4";"2";"1";""
"202100054394";"104Â 537";"A01";"1";"10";"0";"2";"1";"2";"1";""
"202100054395";"104Â 532";"A01";"2";"14";"0";"2";"8";"15";"1";""
"202100054395";"104Â 533";"B01";"1";"7";"0";"2";"1";"1";"1";""
"202100054396";"104Â 530";"A01";"2";"1";"0";"2";"0";"13";"0";""
"202100054396";"104Â 531";"B01";"2";"7";"0";"9";"2";"17";"1";""
"202100054397";"104Â 528";"B01";"1";"13";"0";"0";"6";"1";"1";""
"202100054397";"104Â 529";"A01";"2";"13";"0";"2";"1";"1";"1";""
"202100054398";"104Â 526";"A01";"3";"7";"0";"0";"3";"16";"1";""
"202100054398";"104Â 527";"B01";"3";"1";"0";"2";"1";"1";"5";""
"202100054399";"104Â 525";"A01";"2";"7";"0";"1";"2";"1";"1";""
"202100054400";"104Â 524";"A01";"1";"7";"4";"0";"1";"1";"1";""
"202100054401";"104Â 521";"A01";"1";"7";"0";"1";"1";"1";"1";""
"202100054402";"104Â 519";"B01";"2";"7";"0";"2";"1";"1";"1";""
"202100054402";"104Â 520";"A01";"2";"7";"0";"2";"1";"5";"1";""
"202100054403";"104Â 517";"B01";"2";"7";"0";"2";"4";"2";"0";""
"202100054403";"104Â 518";"A01";"2";"7";"0";"2";"1";"2";"1";""
"202100054404";"104Â 515";"A01";"2";"7";"0";"2";"1";"1";"1";""
"202100054404";"104Â 516";"B01";"2";"10";"0";"0";"4";"1";"1";""
"202100054405";"104Â 511";"A01";"1";"7";"0";"2";"1";"1";"1";""
"202100054405";"104Â 512";"B01";"1";"7";"0";"2";"4";"1";"1";""
"202100054405";"104Â 513";"C01";"1";"7";"0";"2";"4";"1";"1";""
"202100054405";"104Â 514";"D01";"1";"7";"0";"2";"4";"1";"1";""
"202100054406";"104Â 506";"B01";"2";"7";"0";"2";"8";"1";"1";""
"202100054406";"104Â 507";"A01";"2";"7";"0";"2";"4";"2";"1";""
"202100054406";"104Â 508";"E01";"2";"7";"0";"2";"1";"2";"1";""
"202100054406";"104Â 509";"D01";"2";"7";"0";"2";"1";"1";"1";""
"202100054406";"104Â 510";"C01";"2";"33";"0";"2";"7";"3";"1";""
"202100054407";"104Â 504";"A01";"2";"34";"0";"2";"1";"1";"1";""
"202100054407";"104Â 505";"B01";"2";"17";"0";"2";"4";"1";"1";""
"202100054408";"104Â 502";"A01";"2";"7";"0";"2";"5";"0";"1";""
"202100054408";"104Â 503";"B01";"2";"33";"0";"2";"1";"1";"1";""
"202100054409";"104Â 499";"C01";"1";"10";"0";"2";"1";"1";"1";""
"202100054409";"104Â 500";"B01";"1";"7";"0";"2";"1";"1";"1";""
"202100054409";"104Â 501";"A01";"1";"7";"0";"2";"4";"23";"1";""
"202100054410";"104Â 497";"A01";"2";"10";"0";"2";"1";"1";"1";""
"202100054410";"104Â 498";"B01";"2";"7";"1";"2";"4";"26";"1";""
"202100054411";"104Â 495";"B01";"1";"7";"0";"2";"6";"2";"1";""
"202100054411";"104Â 496";"A01";"1";"10";"0";"2";"1";"2";"1";""
"202100054412";"104Â 494";"A01";"3";"10";"9";"0";"1";"15";"1";""
"202100054413";"104Â 492";"B01";"2";"2";"0";"2";"1";"0";"1";""
"202100054413";"104Â 493";"A01";"1";"7";"0";"2";"2";"15";"1";""
"202100054414";"104Â 490";"A01";"2";"7";"0";"2";"1";"1";"1";""
"202100054414";"104Â 491";"B01";"1";"7";"0";"2";"3";"1";"1";""
"202100054415";"104Â 489";"A01";"3";"7";"0";"1";"1";"26";"0";""
"202100054416";"104Â 487";"A01";"1";"7";"0";"2";"1";"2";"1";""
"202100054416";"104Â 488";"B01";"1";"7";"0";"2";"4";"2";"1";""
"202100054417";"104Â 486";"A01";"0";"7";"0";"1";"1";"4";"1";""
"202100054418";"104Â 482";"C01";"0";"7";"0";"2";"0";"1";"1";""
"202100054418";"104Â 483";"A01";"0";"7";"0";"2";"1";"5";"1";""
"202100054418";"104Â 484";"B01";"0";"7";"0";"2";"8";"1";"1";""
"202100054418";"104Â 485";"D01";"0";"7";"0";"2";"0";"1";"1";""
"202100054419";"104Â 480";"A01";"0";"30";"0";"2";"1";"19";"1";""
"202100054419";"104Â 481";"B01";"1";"7";"0";"2";"2";"0";"1";""
"202100054420";"104Â 478";"A01";"1";"7";"0";"2";"1";"13";"1";""
"202100054420";"104Â 479";"B01";"1";"7";"0";"2";"1";"1";"1";""
"202100054421";"104Â 476";"B01";"1";"7";"0";"2";"1";"1";"1";""
"202100054421";"104Â 477";"A01";"2";"7";"0";"2";"2";"17";"1";""
"202100054422";"104Â 474";"A01";"3";"7";"0";"2";"1";"1";"1";""
"202100054422";"104Â 475";"B01";"1";"33";"0";"2";"7";"0";"1";""
"202100054423";"104Â 473";"A01";"2";"7";"0";"1";"1";"1";"1";""
"202100054424";"104Â 471";"B01";"1";"7";"0";"2";"4";"2";"1";""
"202100054424";"104Â 472";"A01";"1";"7";"0";"2";"1";"2";"1";""
"202100054425";"104Â 470";"A01";"1";"7";"0";"1";"2";"1";"1";""
"202100054426";"104Â 468";"B01";"1";"7";"0";"2";"8";"15";"1";""
"202100054426";"104Â 469";"A01";"1";"33";"0";"2";"2";"1";"1";""
"202100054427";"104Â 466";"A01";"1";"30";"0";"2";"1";"13";"1";""
"202100054427";"104Â 467";"B01";"2";"7";"0";"2";"1";"1";"1";""
"202100054428";"104Â 465";"A01";"2";"7";"0";"1";"2";"26";"1";""