"Num_Acc";"id_vehicule";"num_veh";"senc";"catv";"obs";"obsm";"choc";"manv";"motor";"occutc"
"202100054429";"104Â 463";"A01";"0";"15";"0";"2";"3";"21";"1";""
"202100054429";"104Â 464";"B01";"0";"7";"0";"2";"3";"13";"1";""
"202100054430";"104Â 462";"A01";"1";"10";"0";"1";"3";"1";"1";""
"202100054431";"104Â 461";"B01";"1";"1";"0";"1";"1";"16";"5";""
"202100054432";"104Â 459";"B01";"2";"7";"0";"2";"3";"1";"1";""
"202100054432";"104Â 460";"A01";"1";"7";"0";"2";"2";"15";"1";""
"202100054433";"104Â 457";"A01";"0";"7";"0";"2";"2";"1";"1";""
"202100054433";"104Â 458";"B01";"0";"7";"0";"2";"1";"1";"1";""
"202100054434";"104Â 456";"A01";"0";"7";"2";"0";"1";"13";"1";""
"202100054435";"104Â 455";"A01";"2";"10";"0";"1";"0";"1";"1";""
"202100054436";"104Â 454";"A01";"2";"7";"0";"1";"3";"11";"1";""
"202100054437";"104Â 453";"A01";"1";"40";"0";"1";"1";"1";"5";""
"202100054438";"104Â 451";"A01";"1";"30";"0";"2";"8";"15";"1";""
"202100054438";"104Â 452";"B01";"1";"7";"0";"2";"1";"1";"1";""
"202100054439";"104Â 450";"A01";"2";"7";"0";"1";"0";"16";"1";""
"202100054440";"104Â 449";"A01";"2";"7";"0";"1";"2";"1";"1";""
"202100054441";"104Â 448";"A01";"1";"7";"0";"1";"1";"15";"1";""
"202100054442";"104Â 446";"A01";"2";"7";"0";"2";"3";"1";"1";""
"202100054442";"104Â 447";"B01";"1";"1";"0";"2";"1";"1";"5";""
"202100054443";"104Â 445";"A01";"1";"7";"0";"1";"3";"1";"1";""
"202100054444";"104Â 444";"A01";"1";"7";"0";"1";"8";"1";"1";""
"202100054445";"104Â 443";"A01";"1";"30";"0";"1";"1";"0";"0";""
"202100054446";"104Â 442";"A01";"2";"7";"0";"1";"3";"1";"1";""
"202100054447";"104Â 440";"A01";"2";"7";"0";"2";"1";"13";"1";""
"202100054447";"104Â 441";"B01";"1";"10";"0";"2";"3";"1";"1";""
"202100054448";"104Â 438";"A01";"1";"10";"0";"2";"1";"15";"1";""
"202100054448";"104Â 439";"B01";"0";"1";"0";"2";"1";"25";"5";""
"202100054449";"104Â 436";"B01";"1";"2";"0";"2";"2";"3";"1";""
"202100054449";"104Â 437";"A01";"0";"7";"0";"2";"3";"11";"1";""
"202100054450";"104Â 433";"A01";"1";"33";"0";"2";"9";"1";"1";""
"202100054450";"104Â 434";"B01";"1";"7";"0";"2";"3";"1";"1";""
"202100054450";"104Â 435";"C01";"1";"7";"0";"2";"2";"1";"1";""
"202100054451";"104Â 432";"A01";"1";"7";"0";"1";"3";"1";"1";""
"202100054452";"104Â 430";"B01";"0";"7";"0";"0";"1";"1";"1";""
"202100054452";"104Â 431";"A01";"0";"7";"0";"2";"1";"0";"1";""
"202100054453";"104Â 427";"B01";"1";"7";"0";"2";"1";"1";"1";""
"202100054453";"104Â 428";"C01";"2";"7";"0";"2";"6";"13";"1";""
"202100054453";"104Â 429";"A01";"1";"7";"0";"2";"1";"1";"1";""
"202100054454";"104Â 425";"A01";"0";"10";"0";"2";"2";"1";"1";""
"202100054454";"104Â 426";"B01";"0";"1";"0";"2";"4";"15";"5";""
"202100054455";"104Â 423";"B01";"3";"1";"0";"2";"0";"17";"5";""
"202100054455";"104Â 424";"A01";"3";"7";"0";"2";"3";"15";"1";""
"202100054456";"104Â 421";"B01";"1";"33";"0";"2";"3";"2";"1";""
"202100054456";"104Â 422";"A01";"1";"7";"0";"2";"2";"15";"1";""
"202100054457";"104Â 419";"B01";"2";"37";"0";"2";"5";"15";"1";"1"
"202100054457";"104Â 420";"A01";"1";"33";"0";"2";"1";"17";"1";""
"202100054458";"104Â 417";"A01";"2";"10";"0";"2";"8";"15";"1";""
"202100054458";"104Â 418";"B01";"1";"34";"0";"2";"1";"1";"1";""
"202100054459";"104Â 416";"A01";"0";"3";"0";"1";"1";"0";"1";""
"202100054460";"104Â 415";"A01";"1";"2";"12";"0";"1";"2";"1";""
"202100054461";"104Â 413";"A01";"2";"7";"0";"2";"1";"2";"0";""
"202100054461";"104Â 414";"B01";"2";"2";"0";"2";"4";"1";"1";""
"202100054462";"104Â 411";"A01";"1";"10";"0";"2";"2";"1";"1";""
"202100054462";"104Â 412";"B01";"1";"7";"0";"2";"6";"1";"1";""
"202100054463";"104Â 410";"A01";"3";"30";"0";"2";"7";"1";"1";""
"202100054464";"104Â 408";"A01";"3";"31";"0";"0";"0";"0";"1";""
"202100054464";"104Â 409";"B01";"3";"7";"0";"0";"0";"1";"1";""
"202100054465";"104Â 406";"A01";"1";"10";"0";"2";"3";"15";"1";""
"202100054465";"104Â 407";"B01";"3";"31";"0";"2";"1";"15";"1";""
"202100054466";"104Â 404";"A01";"2";"7";"12";"2";"3";"13";"1";""
"202100054466";"104Â 405";"B01";"2";"7";"0";"2";"8";"1";"1";""
"202100054467";"104Â 403";"A01";"2";"32";"0";"1";"1";"1";"1";""
"202100054468";"104Â 402";"A01";"2";"7";"0";"1";"3";"21";"1";""
"202100054469";"104Â 401";"A01";"3";"34";"0";"1";"3";"3";"1";""
"202100054470";"104Â 399";"A01";"1";"7";"0";"2";"2";"16";"1";""
"202100054470";"104Â 400";"B01";"1";"1";"0";"2";"2";"1";"5";""
"202100054471";"104Â 397";"A01";"1";"10";"0";"2";"3";"22";"1";""
"202100054471";"104Â 398";"B01";"1";"80";"0";"2";"7";"17";"3";""
"202100054472";"104Â 396";"A01";"1";"7";"0";"1";"1";"1";"1";""
"202100054473";"104Â 394";"A01";"2";"7";"0";"2";"2";"9";"1";""
"202100054473";"104Â 395";"B01";"2";"30";"0";"2";"3";"1";"1";""
"202100054474";"104Â 392";"B01";"1";"7";"0";"2";"1";"1";"1";""
"202100054474";"104Â 393";"A01";"2";"7";"0";"2";"5";"1";"1";""
"202100054475";"104Â 391";"A01";"2";"7";"1";"0";"1";"14";"1";""
"202100054476";"104Â 389";"B01";"2";"32";"0";"2";"1";"1";"1";""
"202100054476";"104Â 390";"A01";"1";"7";"0";"2";"7";"16";"1";""
"202100054477";"104Â 388";"A01";"1";"7";"0";"1";"1";"2";"1";""
"202100054478";"104Â 386";"B01";"1";"31";"0";"2";"7";"17";"1";""
"202100054478";"104Â 387";"A01";"1";"10";"0";"2";"3";"15";"1";""
"202100054479";"104Â 384";"A01";"2";"7";"0";"2";"7";"1";"1";""
"202100054479";"104Â 385";"B01";"2";"1";"0";"2";"8";"1";"5";""
"202100054480";"104Â 383";"A01";"2";"30";"0";"0";"0";"1";"1";""
"202100054481";"104Â 381";"B01";"1";"33";"0";"2";"7";"1";"1";""
"202100054481";"104Â 382";"A01";"1";"7";"0";"2";"1";"9";"1";""
"202100054482";"104Â 379";"A01";"0";"7";"1";"2";"1";"14";"1";""
"202100054482";"104Â 380";"B01";"0";"7";"0";"2";"3";"2";"1";""
"202100054483";"104Â 378";"A01";"1";"30";"0";"1";"1";"19";"1";""
"202100054484";"104Â 376";"A01";"2";"7";"0";"2";"8";"15";"1";""
"202100054484";"104Â 377";"B01";"1";"7";"1";"2";"1";"1";"1";""
"202100054485";"104Â 375";"A01";"1";"32";"0";"1";"1";"19";"1";""
"202100054486";"104Â 374";"A01";" -1";"7";"0";"1";"2";"1";"1";""
"202100054487";"104Â 372";"B01";"2";"10";"0";"2";"2";"16";"1";""
"202100054487";"104Â 373";"A01";"1";"33";"0";"2";"1";"15";"1";""
"202100054488";"104Â 370";"A01";"1";"7";"0";"2";"3";"15";"1";""
"202100054488";"104Â 371";"B01";"2";"1";"0";"2";"6";"1";"5";""
"202100054489";"104Â 369";"A01";"3";"10";"0";"1";"1";"1";"0";""
"202100054490";"104Â 367";"A01";"2";"37";"0";"2";"2";"2";"1";"5"
"202100054490";"104Â 368";"B01";"2";"7";"0";"2";"4";"1";"1";""
"202100054491";"104Â 366";"A01";"1";"7";"0";"1";"1";"1";"1";""
"202100054492";"104Â 364";"B01";"1";"30";"0";"2";"0";"1";"3";""
"202100054492";"104Â 365";"A01";"1";"7";"0";"2";"8";"15";"2";""
"202100054493";"104Â 363";"A01";"1";"7";"0";"1";"5";"4";"1";""
"202100054494";"104Â 362";"A01";"0";"7";"0";"1";"1";"1";"0";""
"202100054495";"104Â 361";"A01";"1";"1";"0";"1";"1";"1";"5";""
"202100054496";"104Â 360";"A01";"1";"1";"0";"1";"1";"1";"5";""
"202100054497";"104Â 359";"A01";"3";"7";"0";"1";"6";"15";"1";""
"202100054498";"104Â 358";"A01";"2";"3";"0";"1";"2";"1";"1";""
"202100054499";"104Â 356";"B01";"2";"33";"0";"2";"8";"1";"1";""
"202100054499";"104Â 357";"A01";"1";"7";"0";"2";"1";"15";"1";""
"202100054500";"104Â 354";"B01";"1";"7";"0";"2";"3";"1";"1";""
"202100054500";"104Â 355";"A01";"1";"1";"0";"2";"7";"19";"5";""
"202100054501";"104Â 352";"B01";"1";"32";"0";"2";"1";"2";"1";""
"202100054501";"104Â 353";"A01";"1";"7";"0";"0";"5";"9";"1";""
"202100054502";"104Â 350";"A01";"2";"7";"0";"2";"3";"1";"1";""
"202100054502";"104Â 351";"B01";"2";"33";"0";"2";"1";"1";"1";""
"202100054503";"104Â 349";"A01";"1";"17";"13";"0";"2";"1";"1";""
"202100054504";"104Â 348";"A01";"2";"7";"2";"0";"1";"1";"1";""
"202100054505";"104Â 346";"B01";"2";"7";"0";"2";"2";"1";"1";""
"202100054505";"104Â 347";"A01";"1";"7";"0";"2";"3";"13";"1";""
"202100054506";"104Â 345";"A01";"1";"7";"7";"0";"0";"13";"1";""
"202100054507";"104Â 343";"B01";"2";"7";"0";"1";"1";"1";"0";""
"202100054507";"104Â 344";"A01";"1";"7";"0";"1";"3";"1";"0";""
"202100054508";"104Â 341";"A01";"2";"7";"0";"2";"3";"13";"1";""
"202100054508";"104Â 342";"B01";"1";"7";"0";"2";"3";"1";"1";""
"202100054509";"104Â 340";"A01";"2";"7";"13";"0";"2";"14";"1";""
"202100054510";"104Â 338";"A01";"1";"7";"0";"2";"3";"13";"1";""
"202100054510";"104Â 339";"B01";"2";"7";"0";"2";"3";"1";"1";""
"202100054511";"104Â 337";"A01";"2";"7";"0";"1";"5";"1";"1";""
"202100054512";"104Â 336";"A01";"2";"7";"6";"0";"2";"1";"1";""
"202100054513";"104Â 334";"A01";"1";"10";"0";"2";"2";"17";"1";""
"202100054513";"104Â 335";"B01";"1";"80";"0";"2";"4";"11";"2";""
"202100054514";"104Â 332";"A01";"1";"7";"0";"2";"3";"1";"1";""
"202100054514";"104Â 333";"B01";"1";"7";"0";"2";"2";"19";"1";""
"202100054515";"104Â 330";"A01";"1";"7";"0";"2";"2";"19";"1";""
"202100054515";"104Â 331";"B01";"2";"32";"0";"2";"6";"1";"1";""
"202100054516";"104Â 326";"A01";"1";"7";"4";"2";"6";"1";"1";""
"202100054516";"104Â 327";"B01";"1";"15";"0";"2";"7";"12";"1";""
"202100054517";"104Â 324";"A01";"2";"7";"0";"2";"1";"1";"1";""
"202100054517";"104Â 325";"B01";"1";"7";"0";"2";"3";"15";"1";""
"202100054518";"104Â 322";"A01";"2";"7";"0";"2";"1";"2";"1";""
"202100054518";"104Â 323";"B01";"2";"7";"0";"2";"4";"1";"1";""
"202100054519";"104Â 321";"A01";"1";"7";"0";"1";"2";"1";"1";""
"202100054520";"104Â 320";"A01";"1";"10";"13";"0";"1";"13";"1";""
"202100054521";"104Â 318";"B01";"1";"20";"0";"2";"4";"1";"1";""
"202100054521";"104Â 319";"A01";"1";"17";"0";"2";"1";"2";"1";""
"202100054522";"104Â 317";"A01";"1";"99";"0";"0";"3";"1";"1";""
"202100054523";"104Â 316";"A01";"1";"2";"0";"1";"1";"1";"1";""
"202100054524";"104Â 314";"A01";"1";"7";"0";"2";"8";"1";"1";""
"202100054524";"104Â 315";"B01";"2";"7";"0";"2";"1";"1";"1";""
"202100054525";"104Â 312";"B01";"2";"33";"0";"2";"2";"8";"1";""
"202100054525";"104Â 313";"A01";"1";"7";"0";"2";"7";"15";"1";""
"202100054526";"104Â 311";"A01";"0";"7";"0";"1";"1";"1";"1";""
"202100054527";"104Â 310";"A01";"2";"7";"0";"1";"2";"1";"1";""
"202100054528";"104Â 306";"A01";"1";"2";"0";"2";"1";"17";"1";""
"202100054528";"104Â 307";"B01";"1";"7";"0";"2";"3";"15";"1";""
"202100054529";"104Â 305";"A01";"0";"13";"0";"1";"1";"1";"1";""
"202100054530";"104Â 303";"A01";"2";"2";"0";"2";"1";"23";"1";""
"202100054530";"104Â 304";"B01";"2";"7";"0";"0";"5";"15";"1";""
"202100054531";"104Â 301";"A01";"2";"15";"0";"2";"2";"14";"1";""
"202100054531";"104Â 302";"B01";"2";"7";"0";"2";"8";"1";"1";""
"202100054532";"104Â 299";"A01";"1";"7";"0";"2";"7";"14";"1";""
"202100054532";"104Â 300";"B01";"1";"34";"0";"2";"3";"13";"1";""
"202100054533";"104Â 298";"A01";"1";"7";"14";"0";"9";"1";"1";""
"202100054534";"104Â 295";"B01";"1";"10";"0";"2";"4";"2";"1";""
"202100054534";"104Â 296";"A01";"1";"7";"0";"2";"4";"2";"1";""
"202100054534";"104Â 297";"C01";"1";"7";"0";"2";"1";"1";"1";""
"202100054535";"104Â 293";"A01";"2";"14";"0";"2";"4";"23";"1";""
"202100054535";"104Â 294";"B01";"2";"14";"1";"0";"1";"1";"1";""
"202100054536";"104Â 289";"A01";"2";"7";"0";"2";"1";"0";"1";""
"202100054536";"104Â 290";"B01";"2";"7";"0";"2";"4";"1";"1";""
"202100054536";"104Â 291";"C01";"2";"7";"0";"2";"8";"1";"1";""
"202100054536";"104Â 292";"D01";"1";"15";"0";"2";"6";"1";"1";""
"202100054537";"104Â 287";"B01";"1";"7";"4";"2";"6";"1";"1";""
"202100054537";"104Â 288";"A01";"1";"14";"0";"2";"2";"12";"1";""
"202100054538";"104Â 286";"A01";"1";"7";"2";"0";"1";"14";"1";""
"202100054539";"104Â 285";"A01";"1";"10";"4";"0";"1";"15";"1";""
"202100054540";"104Â 283";"A01";"2";"13";"0";"2";"1";"2";"1";""
"202100054540";"104Â 284";"B01";"1";"7";"0";"2";"4";"0";"1";""
"202100054541";"104Â 282";"A01";"1";"7";"3";"0";"3";"9";"1";""
"202100054542";"104Â 280";"B01";"2";"7";"0";"2";"6";"12";"1";""
"202100054542";"104Â 281";"A01";"2";"33";"0";"2";"2";"2";"1";""
"202100054543";"104Â 278";"B01";"1";"33";"0";"0";"0";"0";"1";""
"202100054543";"104Â 279";"A01";"1";"7";"0";"0";"0";"13";"1";""
"202100054544";"104Â 277";"A01";"2";"32";"0";"2";"8";"1";"1";""
"202100054545";"104Â 275";"A01";"1";"10";"1";"0";"1";"2";"1";""
"202100054545";"104Â 276";"B01";"1";"7";"0";"2";"4";"23";"1";""
"202100054546";"104Â 273";"B01";"1";"10";"0";"2";"5";"1";"1";""
"202100054546";"104Â 274";"A01";"1";"43";"0";"2";"1";"3";"1";""
"202100054547";"104Â 271";"A01";"2";"7";"0";"2";"5";"0";"1";""
"202100054547";"104Â 272";"B01";"2";"33";"0";"2";"3";"0";"1";""
"202100054548";"104Â 270";"A01";"1";"43";"0";"1";"1";"1";"1";""
"202100054549";"104Â 268";"A01";"1";"7";"0";"9";"2";"14";"1";""
"202100054549";"104Â 269";"B01";"1";"37";"0";"2";"8";"1";"1";"1"
"202100054550";"104Â 266";"B01";"2";"7";"0";"2";"4";"2";"1";""
"202100054550";"104Â 267";"A01";"2";"7";"0";"2";"1";"2";"1";""
"202100054551";"104Â 264";"A01";"1";"32";"1";"0";"1";"2";"1";""
"202100054551";"104Â 265";"B01";"1";"10";"0";"2";"4";"23";"1";""
"202100054552";"104Â 262";"A01";"1";"30";"0";"2";"1";"1";"1";""
"202100054552";"104Â 263";"B01";"1";"7";"14";"2";"4";"1";"1";""
"202100054553";"104Â 261";"A01";"2";"10";"0";"1";"1";"19";"1";""
"202100054554";"104Â 260";"A01";"1";"10";"0";"0";"3";"1";"0";""
"202100054555";"104Â 257";"A01";"3";"7";"0";"2";"1";"15";"1";""
"202100054555";"104Â 258";"B01";"1";"7";"0";"2";"2";"1";"1";""
"202100054556";"104Â 256";"A01";"1";"7";"0";"1";"3";"1";"1";""
"202100054557";"104Â 254";"B01";"2";"7";"0";"2";"6";"1";"1";""
"202100054557";"104Â 255";"A01";"2";"17";"0";"2";"2";"12";"1";""
"202100054558";"104Â 253";"A01";"2";"1";"0";"0";"0";"1";"5";""
"202100054559";"104Â 251";"B01";"2";"7";"0";"2";"3";"1";"1";""
"202100054559";"104Â 252";"A01";"1";"7";"0";"2";"2";"9";"1";""
"202100054560";"104Â 250";"A01";"1";"33";"0";"0";"7";"1";"1";""
"202100054561";"104Â 248";"B01";"1";"7";"0";"2";"2";"1";"1";""
"202100054561";"104Â 249";"A01";"1";"7";"0";"2";"1";"11";"1";""
"202100054562";"104Â 247";"A01";"1";"10";"0";"1";"1";"19";"1";""
"202100054563";"104Â 245";"B01";"1";"7";"0";"2";"3";"1";"1";""
"202100054563";"104Â 246";"A01";"1";"7";"0";"2";"1";"13";"1";""
"202100054564";"104Â 244";"A01";"0";"7";"0";"1";"1";"1";"1";""
"202100054565";"104Â 242";"B01";"0";"1";"0";"2";"1";"5";"5";""
"202100054565";"104Â 243";"A01";"0";"7";"0";"2";"3";"1";"1";""
"202100054566";"104Â 241";"A01";"2";"7";"0";"1";"1";"1";"1";""
"202100054567";"104Â 238";"A01";"1";"10";"0";"2";"2";"2";"1";""
"202100054568";"104Â 233";"C01";"2";"7";"0";"2";"4";"1";"1";""
"202100054568";"104Â 234";"B01";"2";"7";"0";"2";"4";"1";"1";""
"202100054568";"104Â 235";"A01";"2";"7";"0";"2";"1";"1";"1";""
"202100054569";"104Â 232";"A01";"1";"7";"0";"1";"2";"1";"1";""
"202100054570";"104Â 231";"A01";"2";"7";"16";"0";"8";"14";"1";""
"202100054571";"104Â 230";"A01";"1";"7";"0";"1";"4";"4";"1";""
"202100054572";"104Â 229";"A01";"1";"10";"1";"0";"2";"14";"1";""
"202100054573";"104Â 227";"B01";"1";"31";"0";"2";"1";"1";"1";""
"202100054573";"104Â 228";"A01";"2";"14";"0";"2";"3";"19";"1";""
"202100054574";"104Â 225";"B01";"3";"7";"0";"0";"2";"2";"1";""
"202100054574";"104Â 226";"A01";"3";"7";"0";"0";"1";"10";"1";""
"202100054575";"104Â 223";"A01";"1";"7";"0";"2";"1";"1";"1";""
"202100054575";"104Â 224";"B01";"2";"7";"0";"2";"7";"9";"1";""
"202100054576";"104Â 221";"A01";"1";"7";"0";"2";"2";"26";"1";""
"202100054576";"104Â 222";"B01";"1";"3";"0";"2";"4";"2";"2";""
"202100054577";"104Â 219";"A01";"1";"7";"1";"2";"3";"1";"1";""
"202100054577";"104Â 220";"B01";"1";"7";"1";"2";"3";"20";"1";""
"202100054578";"104Â 218";"A01";"3";"7";"0";"1";"1";"1";"1";""
"202100054579";"104Â 217";"A01";"1";"7";"6";"0";"1";"26";"1";""
"202100054580";"104Â 216";"A01";"1";"7";"1";"0";"3";"0";"1";""
"202100054581";"104Â 214";"A01";"3";"7";"0";"2";"1";"1";"1";""
"202100054581";"104Â 215";"B01";"3";"7";"12";"0";"8";"9";"1";""
"202100054582";"104Â 213";"A01";"2";"33";"12";"0";"1";"13";"1";""
"202100054583";"104Â 212";"A01";"1";"7";"14";"0";"1";"13";"1";""
"202100054584";"104Â 211";"Z01";"1";"7";"0";"1";"1";"1";"1";""
"202100054585";"104Â 210";"A01";"3";"7";"0";"1";"2";"1";"1";""
"202100054586";"104Â 208";"A01";"1";"7";"0";"2";"3";"9";"1";""
"202100054586";"104Â 209";"B01";"2";"1";"0";"2";"7";"1";"5";""
"202100054587";"104Â 206";"A01";"2";"2";"0";"2";"1";"1";"1";""
"202100054587";"104Â 207";"B01";"2";"7";"0";"2";"3";"1";"1";""
"202100054588";"104Â 205";"A01";"0";"34";"0";"2";"0";"0";"1";""
"202100054589";"104Â 204";"A01";"3";"7";"2";"0";"1";"21";"1";""
"202100054590";"104Â 202";"B01";"3";"33";"0";"2";"1";"26";"1";""
"202100054590";"104Â 203";"Z01";"3";"7";"0";"2";"4";"23";" -1";""
"202100054591";"104Â 200";"B01";"1";"10";"0";"2";"4";"1";"1";""
"202100054591";"104Â 201";"A01";"1";"7";"0";"2";"1";"1";"1";""
"202100054592";"104Â 198";"A01";"3";"7";"0";"2";"8";"22";"1";""
"202100054592";"104Â 199";"B01";"3";"1";"1";"0";"1";"1";"0";""
"202100054593";"104Â 196";"A01";"1";"7";"15";"2";"1";"13";"1";""
"202100054593";"104Â 197";"B01";"2";"7";"0";"2";"8";"1";"1";""
"202100054594";"104Â 194";"B01";"2";"32";"0";"2";"3";"1";"1";""
"202100054594";"104Â 195";"A01";"1";"7";"0";"2";"3";"5";"1";""
"202100054595";"104Â 193";"A01";"1";"7";"0";"1";"2";"16";"1";""
"202100054596";"104Â 191";"A01";"1";"7";"0";"2";"7";"1";"1";""
"202100054596";"104Â 192";"B01";"1";"1";"0";"2";"8";"13";"0";""
"202100054597";"104Â 190";"A01";"1";"7";"0";"1";"3";"15";"1";""
"202100054598";"104Â 188";"A01";"2";"7";"0";"2";"3";"15";"1";""
"202100054598";"104Â 189";"B01";"1";"7";"0";"2";"3";"1";"1";""
"202100054599";"104Â 187";"A01";"1";"7";"0";"1";"0";"0";"0";""
"202100054600";"104Â 185";"B01";"1";"7";"1";"2";"3";"1";"1";""
"202100054600";"104Â 186";"A01";"2";"7";"0";"2";"1";"13";"1";""
"202100054601";"104Â 183";"B01";"2";"32";"0";"2";"7";"3";"1";""
"202100054601";"104Â 184";"A01";"2";"7";"0";"2";"6";"13";"1";""
"202100054602";"104Â 182";"A01";"1";"1";"0";"1";"1";"1";"5";""
"202100054603";"104Â 181";"A01";"1";"7";"0";"1";"4";"4";"1";""
"202100054604";"104Â 179";"A01";"1";"2";"0";"2";"3";"17";"1";""
"202100054604";"104Â 180";"B01";"1";"10";"0";"2";"8";"15";"1";""
"202100054605";"104Â 177";"B01";"3";"60";"0";"2";"1";"19";"5";""
"202100054605";"104Â 178";"A01";"3";"7";"0";"2";"2";"15";"1";""
"202100054606";"104Â 175";"A01";"3";"1";"0";"2";"2";"19";"5";""
"202100054606";"104Â 176";"B01";"1";"34";"0";"2";"3";"1";"1";""
"202100054607";"104Â 174";"A01";"1";"30";"0";"9";"2";"1";"1";""
"202100054608";"104Â 173";"A01";"2";"7";"0";"1";"2";"1";"1";""
"202100054609";"104Â 171";"B01";"1";"7";"0";"2";"8";"15";"1";""
"202100054609";"104Â 172";"A01";"1";"30";"0";"2";"2";"17";"1";""
"202100054610";"104Â 170";"A01";"1";"7";"0";"1";"2";"26";"1";""
"202100054611";"104Â 168";"B01";"2";"7";"0";"0";"0";"15";"1";""
"202100054611";"104Â 169";"A01";"2";"30";"0";"2";"0";"17";"1";""
"202100054612";"104Â 167";"A01";"1";"7";"0";"1";"1";"26";"0";""
"202100054613";"104Â 164";"A01";" -1";"7";"14";"0";"1";"2";"1";""
"202100054613";"104Â 165";"B01";" -1";"7";"14";"0";"1";"23";"1";""
"202100054613";"104Â 166";"C01";" -1";"7";"14";"0";"4";"23";"1";""
"202100054614";"104Â 162";"A01";" -1";"7";"0";"2";"7";"1";"1";""
"202100054614";"104Â 163";"B01";" -1";"30";"0";"2";"0";"1";"1";""
"202100054615";"104Â 161";"A01";"2";"1";"0";"0";"0";"1";"5";""
"202100054616";"104Â 160";"A01";"0";"10";"0";"1";"1";"0";"1";""
"202100054617";"104Â 158";"A01";"2";"30";"0";"2";"1";"1";"1";""
"202100054617";"104Â 159";"B01";"3";"7";"0";"2";"8";"1";"1";""
"202100054618";"104Â 156";"B01";"1";"7";"0";"2";"6";"1";"1";""
"202100054618";"104Â 157";"A01";"1";"33";"0";"2";"2";"18";"1";""
"202100054619";"104Â 155";"A01";"1";"14";"0";"1";"5";"16";"1";""
"202100054620";"104Â 153";"A01";"0";"7";"0";"2";"4";"0";"1";""
"202100054620";"104Â 154";"B01";"0";"7";"0";"2";"1";"26";"1";""
"202100054621";"104Â 151";"B01";"1";"33";"0";"2";"3";"17";"1";""
"202100054621";"104Â 152";"A01";"2";"7";"0";"2";"8";"15";"1";""
"202100054622";"104Â 150";"A01";"1";"7";"13";"6";"1";"1";"1";""
"202100054623";"104Â 149";"A01";"3";"7";"15";"9";"1";"1";"1";""
"202100054624";"104Â 147";"A01";"1";"7";"1";"0";"1";"2";"1";""
"202100054624";"104Â 148";"B01";"1";"7";"0";"0";"4";"23";"1";""
"202100054625";"104Â 145";"A01";"1";"7";"0";"2";"1";"1";"1";""
"202100054625";"104Â 146";"B01";"2";"7";"0";"2";"1";"1";"1";""
"202100054626";"104Â 144";"A01";"2";"7";"8";"0";"5";"1";"1";""
"202100054627";"104Â 142";"A01";"2";"10";"0";"2";"3";"19";"1";""
"202100054627";"104Â 143";"B01";"1";"15";"0";"2";"2";"1";"1";""
"202100054628";"104Â 141";"A01";"3";"36";"13";"0";"0";"1";"1";""
"202100054629";"104Â 140";"A01";"2";"2";"0";"0";"9";"1";"1";""
"202100054630";"104Â 138";"A01";" -1";"7";"0";"2";"6";"19";"1";""
"202100054630";"104Â 139";"B01";" -1";"2";"0";"2";"1";"1";"1";""
"202100054631";"104Â 136";"B01";"1";"33";"0";"2";"1";"1";"1";""
"202100054631";"104Â 137";"A01";"2";"7";"0";"2";"3";"15";"1";""
"202100054632";"104Â 135";"A01";"1";"33";"0";"0";"7";"1";"1";""
"202100054633";"104Â 133";"A01";"1";"15";"0";"2";"3";"13";"1";""
"202100054633";"104Â 134";"B01";"2";"7";"0";"2";"3";"1";"1";""
"202100054634";"104Â 131";"B01";"2";"7";"0";"2";"4";"23";"1";""
"202100054634";"104Â 132";"A01";"2";"31";"0";"2";"1";"2";"1";""
"202100054635";"104Â 128";"C01";"2";"7";"0";"2";"1";"2";"1";""
"202100054635";"104Â 129";"B01";"2";"10";"0";"2";"1";"1";"1";""
"202100054635";"104Â 130";"A01";"1";"7";"0";"2";"1";"1";"1";""
"202100054636";"104Â 127";"A01";"1";"7";"0";"1";"1";"0";"0";""
"202100054637";"104Â 126";"A01";"1";"7";"7";"0";"3";"1";"1";""
"202100054638";"104Â 124";"B01";"2";"7";"0";"2";"1";"15";"1";""
"202100054638";"104Â 125";"A01";"1";"7";"0";"2";"1";"1";"1";""
"202100054639";"104Â 123";"A01";"0";"7";"1";"1";"2";"1";"1";""
"202100054640";"104Â 122";"A01";"2";"7";"0";"1";"1";"1";"1";""
"202100054641";"104Â 120";"A01";"1";"7";"0";"2";"2";"2";"1";""
"202100054641";"104Â 121";"B01";"1";"7";"0";"0";"6";"2";"1";""
"202100054642";"104Â 119";"A01";"3";"7";"16";"0";"2";"1";"1";""
"202100054643";"104Â 118";"A01";"2";"7";"13";"0";"1";"1";"1";""
"202100054644";"104Â 117";"A01";"1";"31";"12";"0";"6";"1";"1";""
"202100054645";"104Â 115";"B01";"1";"2";"0";"2";"3";"13";"1";""
"202100054645";"104Â 116";"A01";"2";"14";"0";"2";"3";"1";"1";""
"202100054646";"104Â 113";"A01";"1";"10";"0";"2";"1";"9";"1";""
"202100054646";"104Â 114";"B01";"1";"50";"0";"2";"7";"1";"3";""
"202100054647";"104Â 111";"B01";"1";"7";"0";"2";"4";"2";"1";""
"202100054647";"104Â 112";"A01";"1";"7";"3";"2";"2";"1";"1";""
"202100054648";"104Â 109";"A01";"2";"7";"0";"2";"1";"13";"1";""
"202100054648";"104Â 110";"B01";"1";"7";"0";"2";"1";"1";"1";""