"Num_Acc";"id_vehicule";"num_veh";"senc";"catv";"obs";"obsm";"choc";"manv";"motor";"occutc"
"202100054649";"104Â 107";"A01";"2";"7";"0";"2";"7";"13";"1";""
"202100054649";"104Â 108";"B01";"1";"7";"0";"2";"1";"1";"1";""
"202100054650";"104Â 106";"A01";"2";"2";"12";"0";"1";"1";"1";""
"202100054651";"104Â 104";"A01";"2";"7";"0";"2";"1";"17";"1";""
"202100054651";"104Â 105";"B01";"2";"1";"0";"2";"8";"15";"5";""
"202100054652";"104Â 102";"B01";"0";"7";"0";"0";"4";"16";"1";""
"202100054652";"104Â 103";"A01";"0";"7";"0";"2";"1";"2";"1";""
"202100054653";"104Â 101";"A01";"2";"10";"3";"0";"0";"14";"1";""
"202100054654";"104Â 099";"B01";"1";"7";"0";"2";"3";"9";"1";""
"202100054654";"104Â 100";"A01";"1";"2";"0";"0";"7";"16";"1";""
"202100054655";"104Â 098";"A01";"2";"7";"13";"0";"1";"19";"0";""
"202100054656";"104Â 094";"A01";"2";"7";"0";"2";"4";"2";"1";""
"202100054656";"104Â 095";"B01";"2";"7";"0";"2";"1";"2";"1";""
"202100054656";"104Â 096";"C01";"2";"33";"0";"2";"1";"2";"1";""
"202100054656";"104Â 097";"D01";"2";"7";"0";"2";"1";"2";"1";""
"202100054657";"104Â 092";"A01";"1";"7";"0";"2";"5";"11";"1";""
"202100054657";"104Â 093";"B01";"1";"33";"0";"2";"1";"3";"1";""
"202100054658";"104Â 091";"A01";"2";"7";"3";"0";"1";"26";"1";""
"202100054659";"104Â 079";"A01";"1";"7";"0";"2";"1";"2";"1";""
"202100054659";"104Â 080";"B01";"1";"7";"0";"2";"4";"2";"1";""
"202100054659";"104Â 081";"C01";"1";"10";"0";"2";"1";"2";"1";""
"202100054659";"104Â 082";"E01";"1";"7";"0";"2";"1";"2";"1";""
"202100054659";"104Â 083";"I01";"1";"7";"0";"2";"0";"1";"1";""
"202100054659";"104Â 084";"J01";"1";"7";"0";"2";"1";"1";"1";""
"202100054659";"104Â 085";"K01";"1";"7";"0";"2";"1";"1";"1";""
"202100054659";"104Â 086";"L01";"1";"7";"0";"2";"1";"1";"1";""
"202100054659";"104Â 087";"D01";"1";"7";"0";"2";"4";"2";"1";""
"202100054659";"104Â 088";"F01";"1";"7";"0";"2";"4";"2";"1";""
"202100054659";"104Â 089";"G01";"1";"7";"0";"2";"1";"1";"1";""
"202100054659";"104Â 090";"H01";"1";"7";"0";"2";"1";"1";"1";""
"202100054660";"104Â 077";"A01";"2";"7";"0";"2";"2";"12";"1";""
"202100054660";"104Â 078";"B01";"2";"7";"0";"2";"6";"12";"1";""
"202100054661";"104Â 075";"B01";"2";"7";"0";"2";"5";"1";"1";""
"202100054661";"104Â 076";"A01";"2";"7";"0";"2";"3";"13";"1";""
"202100054662";"104Â 073";"B01";"1";"7";"0";"2";"4";"2";"1";""
"202100054662";"104Â 074";"A01";"1";"33";"0";"2";"1";"2";"1";""
"202100054663";"104Â 071";"A01";"2";"7";"0";"2";"1";"13";"1";""
"202100054663";"104Â 072";"B01";"1";"2";"0";"2";"1";"1";"1";""
"202100054664";"104Â 070";"A01";"1";"7";"0";"0";"0";"26";"1";""
"202100054665";"104Â 069";"A01";"2";"7";"12";"0";"2";"14";"1";""
"202100054666";"104Â 067";"B01";"2";"7";"0";"2";"4";"2";"1";""
"202100054666";"104Â 068";"A01";"2";"7";"0";"2";"1";"2";"1";""
"202100054667";"104Â 065";"A01";"2";"7";"0";"2";"2";"1";"1";""
"202100054667";"104Â 066";"B01";"2";"1";"0";"2";"4";"2";"5";""
"202100054668";"104Â 064";"A01";"2";"10";"9";"0";"1";"16";"1";""
"202100054669";"104Â 062";"B01";"1";"10";"0";"2";"1";"13";"1";""
"202100054669";"104Â 063";"A01";"2";"7";"0";"2";"1";"26";"1";""
"202100054670";"104Â 061";"A01";"1";"7";"0";"1";"7";"1";"0";""
"202100054671";"104Â 060";"A01";"1";"7";"1";"1";"3";"5";"1";""
"202100054672";"104Â 058";"B01";"1";"7";"0";"1";"3";"1";"1";""
"202100054672";"104Â 059";"A01";"2";"7";"0";"1";"3";"1";"1";""
"202100054673";"104Â 057";"A01";"1";"10";"0";"1";"2";"1";"1";""
"202100054674";"104Â 055";"B01";"1";"7";"0";"2";"6";"23";"1";""
"202100054674";"104Â 056";"A01";"1";"7";"0";"2";"1";"11";"1";""
"202100054675";"104Â 054";"A01";"2";"10";"0";"1";"3";"1";"1";""
"202100054676";"104Â 052";"B01";"2";"7";"0";"2";"1";"1";"1";""
"202100054676";"104Â 053";"A01";"2";"7";"0";"2";"8";"15";"1";""
"202100054677";"104Â 049";"C01";"2";"7";"0";"2";"6";"1";"1";""
"202100054677";"104Â 050";"B01";"1";"7";"0";"2";"1";"1";"1";""
"202100054677";"104Â 051";"A01";"2";"7";"0";"2";"1";"16";"1";""
"202100054678";"104Â 048";"A01";"1";"7";"2";"0";"1";"14";"1";""
"202100054679";"104Â 046";"A01";"2";"30";"0";"2";"1";"18";"1";""
"202100054679";"104Â 047";"B01";"1";"7";"0";"2";"2";"15";"1";""
"202100054680";"104Â 044";"A01";"2";"7";"0";"2";"3";"15";"1";""
"202100054680";"104Â 045";"B01";"1";"7";"0";"2";"2";"1";"1";""
"202100054681";"104Â 042";"B01";"3";"7";"0";"2";"2";"1";"1";""
"202100054681";"104Â 043";"A01";"3";"7";"0";"2";"6";"9";"1";""
"202100054682";"104Â 041";"A01";"3";"7";"0";"1";"1";"1";"1";""
"202100054683";"104Â 040";"A01";"1";"7";"2";"0";"0";"0";"1";""
"202100054684";"104Â 039";"A01";"3";"7";"0";"1";"2";"17";"1";""
"202100054685";"104Â 038";"A01";"1";"7";"0";"1";"0";"10";"1";""
"202100054686";"104Â 036";"B01";"1";"2";"0";"2";"8";"1";"1";""
"202100054686";"104Â 037";"A01";"1";"7";"0";"2";"0";"22";"2";""
"202100054687";"104Â 034";"A01";"3";"7";"0";"2";"1";"1";"1";""
"202100054687";"104Â 035";"B01";"3";"7";"0";"2";"2";"15";"1";""
"202100054688";"104Â 032";"B01";"3";"2";"0";"2";"3";"1";"1";""
"202100054688";"104Â 033";"A01";"3";"7";"0";"2";"2";"1";"1";""
"202100054689";"104Â 031";"A01";"1";"7";"0";"1";"1";"1";"1";""
"202100054690";"104Â 029";"Z01";"3";"7";"0";"0";"3";"1";"0";""
"202100054690";"104Â 030";"A01";"3";"30";"0";"2";"2";"17";"1";""
"202100054691";"104Â 027";"B01";"1";"2";"0";"2";"7";"17";"1";""
"202100054691";"104Â 028";"A01";"1";"7";"0";"2";"3";"15";"2";""
"202100054692";"104Â 026";"A01";"2";"32";"0";"0";"2";"21";"1";""
"202100054693";"104Â 024";"A01";"1";"7";"0";"2";"3";"5";"1";""
"202100054693";"104Â 025";"B01";"1";"7";"0";"2";"3";"1";"1";""
"202100054694";"104Â 023";"A01";"1";"7";"0";"1";"1";"16";"1";""
"202100054695";"104Â 021";"A01";"1";"7";"0";"2";"1";"23";"1";""
"202100054695";"104Â 022";"B01";"1";"7";"0";"2";"4";"23";"1";""
"202100054696";"104Â 019";"B01";"1";"7";"0";"2";"2";"1";"1";""
"202100054696";"104Â 020";"A01";"1";"7";"0";"2";"1";"9";"1";""
"202100054697";"104Â 017";"B01";"2";"7";"0";"2";"4";"23";"1";""
"202100054697";"104Â 018";"A01";"2";"7";"0";"2";"1";"1";"1";""
"202100054698";"104Â 015";"B01";"1";"7";"0";"2";"4";"1";"1";""
"202100054698";"104Â 016";"A01";"1";"7";"0";"2";"1";"15";"1";""
"202100054699";"104Â 013";"B01";"3";"10";"0";"2";"1";"2";"1";""
"202100054699";"104Â 014";"A01";"3";"10";"0";"2";"1";"2";"1";""
"202100054700";"104Â 011";"A01";"1";"30";"0";"2";"4";"0";"1";""
"202100054700";"104Â 012";"B01";"1";"7";"0";"2";"1";"1";"1";""
"202100054701";"104Â 009";"A01";"1";"7";"0";"2";"1";"1";"1";""
"202100054701";"104Â 010";"B01";"1";"50";"0";"2";"1";"1";"3";""
"202100054702";"104Â 007";"A01";"2";"7";"0";"2";"3";"26";"1";""
"202100054702";"104Â 008";"B01";"2";"30";"0";"2";"2";"1";"1";""
"202100054703";"104Â 006";"A01";"1";"7";"2";"0";"1";"2";"1";""
"202100054704";"104Â 005";"A01";"1";"33";"6";"0";"1";"14";"1";""
"202100054705";"104Â 004";"A01";"3";"10";"0";"1";"6";"4";"1";""
"202100054706";"104Â 003";"A01";"1";"7";"3";"6";"1";"0";"1";""
"202100054707";"104Â 001";"A01";"3";"7";"0";"2";"2";"2";"1";""
"202100054707";"104Â 002";"B01";"3";"1";"0";"2";"4";"2";"5";""
"202100054708";"104Â 000";"A01";"3";"36";"6";"0";"3";"1";"1";""
"202100054709";"103Â 998";"B01";"1";"7";"3";"9";"3";"2";"1";""
"202100054709";"103Â 999";"A01";"1";"7";"0";"0";"0";"12";"1";""
"202100054710";"103Â 996";"A01";"2";"7";"8";"0";"1";"1";"1";""
"202100054710";"103Â 997";"B01";"2";"7";"15";"1";"1";"2";"1";""
"202100054711";"103Â 995";"A01";"1";"7";"15";"1";"1";"1";"1";""
"202100054712";"103Â 994";"A01";"2";"10";"0";"1";"6";"4";"1";""
"202100054713";"103Â 992";"A01";"2";"7";"0";"2";"3";"1";"1";""
"202100054713";"103Â 993";"B01";"1";"7";"0";"2";"3";"1";"1";""
"202100054714";"103Â 990";"B01";"3";"7";"0";"2";"3";"1";"1";""
"202100054714";"103Â 991";"A01";"3";"7";"0";"2";"3";"1";"1";""
"202100054715";"103Â 988";"A01";"2";"7";"0";"2";"1";"1";"1";""
"202100054715";"103Â 989";"B01";"2";"33";"0";"0";"4";"0";"1";""
"202100054716";"103Â 987";"A01";"3";"1";"0";"0";"0";"1";"2";""
"202100054717";"103Â 985";"A01";"1";"10";"0";"2";"2";"19";"1";""
"202100054717";"103Â 986";"B01";"1";"7";"0";"2";"3";"2";"1";""
"202100054718";"103Â 983";"A01";"1";"7";"0";"2";"3";"2";"1";""
"202100054718";"103Â 984";"B01";"1";"7";"0";"0";"5";"23";"1";""
"202100054719";"103Â 981";"B01";"1";"7";"0";"2";"3";"1";"1";""
"202100054719";"103Â 982";"A01";"2";"7";"0";"2";"3";"13";"1";""
"202100054720";"103Â 980";"A01";"1";"10";"0";"5";"2";"1";"1";""
"202100054721";"103Â 978";"B01";"1";"10";"0";"2";"1";"1";"1";""
"202100054721";"103Â 979";"A01";"2";"7";"0";"2";"1";"15";"1";""
"202100054722";"103Â 976";"A01";"2";"2";"0";"0";"1";"26";"1";""
"202100054723";"103Â 975";"A01";"2";"15";"0";"0";"6";"9";"1";""
"202100054724";"103Â 973";"B01";"2";"14";"0";"2";"3";"1";"1";""
"202100054724";"103Â 974";"A01";"1";"7";"0";"2";"3";"13";"1";""
"202100054725";"103Â 971";"A01";"2";"7";"9";"0";"1";"1";"1";""
"202100054725";"103Â 972";"B01";"2";"7";"0";"9";"1";"2";"1";""
"202100054726";"103Â 969";"A01";"1";"33";"0";"9";"1";"3";"1";""
"202100054727";"103Â 967";"A01";"2";"32";"12";"0";"8";"17";"1";""
"202100054727";"103Â 968";"B01";"1";"7";"0";"0";"0";"1";"1";""
"202100054728";"103Â 965";"A01";"2";"7";"0";"2";"3";"6";"1";""
"202100054728";"103Â 966";"B01";"1";"31";"0";"2";"1";"1";"1";""
"202100054729";"103Â 964";"A01";"1";"7";"15";"0";"1";"16";"1";""
"202100054730";"103Â 963";"A01";"1";"7";"2";"0";"2";"13";"1";""
"202100054731";"103Â 961";"B01";"1";"33";"0";"2";"4";"1";"1";""
"202100054731";"103Â 962";"A01";"1";"33";"0";"2";"1";"1";"1";""
"202100054732";"103Â 959";"B01";"1";"7";"0";"2";"5";"2";"1";""
"202100054732";"103Â 960";"A01";"1";"33";"0";"2";"1";"2";"1";""
"202100054733";"103Â 957";"B01";"2";"7";"0";"2";"1";"1";"1";""
"202100054733";"103Â 958";"A01";"2";"7";"0";"0";"4";"1";"1";""
"202100054734";"103Â 956";"A01";"2";"31";"0";"0";"0";"1";"1";""
"202100054735";"103Â 955";"A01";"1";"7";"0";"1";"3";"1";"1";""
"202100054736";"103Â 953";"B01";"2";"7";"0";"2";"1";"1";"1";""
"202100054736";"103Â 954";"A01";"1";"7";"0";"2";"1";"1";"1";""
"202100054737";"103Â 952";"A01";"2";"7";"0";"1";"1";"1";"1";""
"202100054738";"103Â 951";"A01";"2";"7";"0";"1";"1";"2";"1";""
"202100054739";"103Â 950";"A01";"2";"7";"15";"0";"1";"1";"0";""
"202100054740";"103Â 949";"A01";"1";"7";"3";"0";"1";"1";"1";""
"202100054741";"103Â 947";"A01";"1";"7";"0";"2";"7";"21";"1";""
"202100054741";"103Â 948";"B01";"1";"10";"4";"0";"1";"1";"1";""
"202100054742";"103Â 945";"A01";"2";"7";"0";"2";"1";"1";"1";""
"202100054742";"103Â 946";"B01";"2";"7";"0";"2";"7";"1";"1";""
"202100054743";"103Â 943";"B01";"2";"7";"0";"2";"4";"2";"3";""
"202100054743";"103Â 944";"A01";"2";"7";"0";"2";"1";"2";"1";""
"202100054744";"103Â 942";"A01";"1";"7";"4";"0";"1";"21";"1";""
"202100054745";"103Â 941";"A01";"2";"7";"4";"0";"1";"1";"1";""
"202100054746";"103Â 940";"A01";"2";"7";"4";"0";"1";"26";"1";""
"202100054747";"103Â 939";"A01";"1";"7";"4";"0";"2";"21";"1";""
"202100054748";"103Â 938";"A01";"1";"7";"1";"1";"2";"26";"1";""
"202100054749";"103Â 936";"A01";"1";"7";"0";"2";"1";"2";"1";""
"202100054749";"103Â 937";"B01";"1";"7";"0";"2";"4";"2";"2";""
"202100054750";"103Â 935";"A01";"2";"7";"0";"1";"1";"2";"1";""
"202100054751";"103Â 933";"B01";"1";"33";"0";"2";"1";"5";"1";""
"202100054751";"103Â 934";"A01";"2";"7";"0";"2";"2";"15";"1";""
"202100054752";"103Â 931";"B01";"2";"7";"0";"2";"2";"0";"1";""
"202100054752";"103Â 932";"A01";"1";"7";"0";"2";"3";"1";"1";""
"202100054753";"103Â 930";"A01";"1";"33";"1";"0";"2";"14";"1";""
"202100054754";"103Â 928";"A01";"1";"33";"0";"1";"1";"1";"1";""
"202100054755";"103Â 926";"A01";"1";"32";"0";"2";"7";"17";"1";""
"202100054755";"103Â 927";"B01";"1";"30";"0";"2";"8";"1";"1";""
"202100054756";"103Â 924";"A01";"3";"7";"0";"2";"1";"2";"1";""
"202100054756";"103Â 925";"B01";"3";"7";"0";"2";"4";"2";"1";""
"202100054757";"103Â 919";"A01";"1";"14";"0";"2";"2";"12";"1";""
"202100054757";"103Â 920";"B01";"1";"1";"0";"2";"8";"1";"5";""
"202100054758";"103Â 917";"B01";"1";"7";"0";"2";"6";"15";"1";""
"202100054758";"103Â 918";"A01";"1";"7";"6";"2";"1";"26";"1";""
"202100054759";"103Â 916";"A01";"2";"33";"12";"0";"7";"1";"1";""
"202100054760";"103Â 915";"A01";"2";"33";"0";"0";"0";"26";"1";""
"202100054761";"103Â 914";"A01";"1";"7";"0";"1";"1";"25";"1";""
"202100054762";"103Â 912";"B01";"0";"7";"0";"2";"4";"1";"1";""
"202100054762";"103Â 913";"A01";"3";"30";"0";"2";"1";"1";"1";""
"202100054763";"103Â 911";"A01";"1";"7";"1";"0";"3";"13";"1";""
"202100054764";"103Â 909";"B01";"0";"30";"0";"0";"0";"0";"1";""
"202100054764";"103Â 910";"A01";"3";"7";"0";"2";"1";"15";"1";""
"202100054765";"103Â 908";"A01";"1";"40";"0";"1";"7";"1";"6";""
"202100054766";"103Â 907";"A01";"1";"7";"9";"0";"1";"1";"1";""
"202100054767";"103Â 905";"B01";"3";"37";"0";"0";"6";"1";"1";"1"
"202100054767";"103Â 906";"A01";"2";"1";"0";"2";"1";"1";"5";""
"202100054768";"103Â 904";"A01";"1";"7";"0";"1";"2";"1";"1";""
"202100054769";"103Â 902";"A01";"2";"7";"0";"2";"1";"9";"1";""
"202100054769";"103Â 903";"B01";"2";"7";"0";"0";"4";"2";"1";""
"202100054770";"103Â 899";"B01";"2";"7";"0";"2";"4";"23";"1";""
"202100054770";"103Â 900";"A01";"2";"7";"0";"2";"1";"2";"1";""
"202100054770";"103Â 901";"C01";"2";"7";"0";"2";"4";"23";"1";""
"202100054771";"103Â 898";"A01";"2";"33";"0";"0";"2";"16";"1";""
"202100054772";"103Â 896";"B01";"0";"7";"0";"2";"4";"1";"1";""
"202100054772";"103Â 897";"A01";"0";"7";"0";"2";"1";"1";"1";""
"202100054773";"103Â 889";"B01";"1";"1";"0";"2";"1";"1";"5";""
"202100054773";"103Â 890";"A01";"1";"7";"0";"2";"3";"9";"1";""
"202100054774";"103Â 886";"A01";"2";"31";"0";"0";"0";"1";"1";""
"202100054775";"103Â 883";"A01";"2";"10";"0";"2";"1";"1";"1";""
"202100054775";"103Â 884";"C01";"2";"7";"0";"2";"4";"1";"1";""
"202100054775";"103Â 885";"B01";"2";"7";"0";"2";"4";"1";"2";""
"202100054776";"103Â 880";"C01";"2";"7";"0";"2";"5";"1";"1";""
"202100054776";"103Â 881";"B01";"2";"7";"0";"2";"8";"1";"1";""
"202100054776";"103Â 882";"A01";"2";"17";"0";"2";"2";"12";"1";""
"202100054777";"103Â 879";"A01";"2";"7";"11";"0";"3";"13";"1";""
"202100054778";"103Â 878";"A01";"1";"2";"12";"0";"1";"13";"1";""
"202100054779";"103Â 877";"A01";"1";"37";"0";"1";"2";"21";"1";"1"
"202100054780";"103Â 876";"Z01";"2";"7";"0";"1";"7";"1";"2";""
"202100054781";"103Â 875";"A01";"3";"7";"0";"1";"2";"1";"1";""
"202100054782";"103Â 874";"A01";"2";"1";"0";"1";"1";"1";"5";""
"202100054783";"103Â 872";"A01";"1";"7";"0";"2";"6";"13";"1";""
"202100054783";"103Â 873";"B01";"1";"43";"0";"2";"2";"1";"1";""
"202100054784";"103Â 871";"A01";"2";"1";"12";"0";"1";"1";"5";""
"202100054785";"103Â 869";"A01";"1";"30";"0";"2";"1";"1";"1";""
"202100054785";"103Â 870";"B01";"1";"7";"0";"2";"2";"1";"1";""
"202100054786";"103Â 868";"A01";"1";"10";"11";"0";"3";"13";"1";""
"202100054787";"103Â 866";"A01";"2";"7";"0";"2";"3";"22";"1";""
"202100054787";"103Â 867";"B01";"2";"1";"0";"2";"3";"1";"5";""
"202100054788";"103Â 864";"Z01";"1";"7";"0";"2";"1";"1";"0";""
"202100054788";"103Â 865";"A01";"1";"7";"0";"2";"4";"23";"1";""
"202100054789";"103Â 862";"B01";"1";"32";"0";"2";"8";"1";"1";""
"202100054789";"103Â 863";"A01";"1";"7";"0";"2";"2";"9";"1";""
"202100054790";"103Â 860";"A01";"1";"7";"1";"2";"8";"22";"1";""
"202100054790";"103Â 861";"B01";"1";"1";"1";"0";"0";"1";"5";""
"202100054791";"103Â 858";"A01";"2";"7";"0";"2";"1";"13";"1";""
"202100054791";"103Â 859";"B01";"2";"7";"12";"2";"3";"21";"1";""
"202100054792";"103Â 856";"B01";"3";"7";"0";"2";"3";"16";"1";""
"202100054792";"103Â 857";"A01";"3";"7";"0";"2";"3";"15";"1";""
"202100054793";"103Â 854";"A01";"0";"7";"0";"2";"3";"24";"0";""
"202100054793";"103Â 855";"B01";"0";"31";"0";"2";"0";"0";"0";""
"202100054794";"103Â 852";"A01";"3";"37";"0";"2";"1";"2";"1";"1"
"202100054794";"103Â 853";"B01";"3";"7";"0";"0";"4";"2";"1";""
"202100054795";"103Â 850";"B01";"1";"7";"0";"2";"2";"26";"0";""
"202100054795";"103Â 851";"A01";"3";"7";"0";"2";"3";"15";"1";""
"202100054796";"103Â 848";"B01";"2";"32";"0";"2";"2";"1";"1";""
"202100054796";"103Â 849";"A01";"2";"10";"0";"0";"1";"2";"0";""
"202100054797";"103Â 846";"A01";"1";"7";"0";"2";"1";"2";"1";""
"202100054797";"103Â 847";"B01";"1";"7";"0";"2";"4";"1";"1";""
"202100054798";"103Â 844";"B01";"2";"7";"0";"2";"8";"15";"1";""
"202100054798";"103Â 845";"A01";"2";"7";"0";"2";"1";"1";"1";""
"202100054799";"103Â 842";"A01";"1";"7";"0";"2";"1";"2";"1";""
"202100054799";"103Â 843";"B01";"1";"7";"0";"2";"4";"23";"1";""
"202100054800";"103Â 841";"A01";"2";"7";"0";"1";"8";"1";"1";""
"202100054801";"103Â 838";"C01";"2";"7";"0";"2";"1";"0";"1";""
"202100054801";"103Â 839";"B01";"2";"7";"0";"2";"8";"0";"0";""
"202100054801";"103Â 840";"A01";"1";"7";"0";"2";"3";"13";"1";""
"202100054802";"103Â 836";"B01";"1";"10";"0";"2";"3";"1";"1";""
"202100054802";"103Â 837";"A01";"2";"7";"13";"2";"3";"26";"1";""
"202100054803";"103Â 835";"A01";"2";"32";"13";"0";"1";"0";"1";""
"202100054804";"103Â 834";"A01";"2";"7";"2";"0";"1";"13";"1";""
"202100054805";"103Â 832";"B01";"3";"7";"0";"2";"3";"1";"1";""
"202100054805";"103Â 833";"A01";"1";"10";"0";"2";"1";"1";"1";""
"202100054806";"103Â 830";"B01";"2";"1";"0";"2";"1";"1";"5";""
"202100054806";"103Â 831";"A01";"2";"7";"0";"9";"2";"15";"1";""
"202100054807";"103Â 829";"A01";"1";"7";"13";"9";"9";"1";"1";""
"202100054808";"103Â 827";"B01";"1";"7";"0";"2";"1";"1";"1";""
"202100054808";"103Â 828";"A01";"2";"7";"0";"2";"1";"15";"1";""
"202100054809";"103Â 826";"A01";"2";"7";"2";"0";"8";"14";"1";""
"202100054810";"103Â 825";"A01";"2";"7";"15";"0";"2";"1";"1";""
"202100054811";"103Â 824";"A01";"0";"32";"0";"1";"0";"21";"1";""
"202100054812";"103Â 823";"A01";"1";"7";"0";"0";"9";"1";"1";""
"202100054813";"103Â 820";"A01";"2";"10";"0";"0";"6";"1";"1";""
"202100054813";"103Â 821";"C01";"1";"7";"0";"2";"1";"13";"1";""
"202100054813";"103Â 822";"B01";"2";"2";"0";"0";"1";"1";"1";""
"202100054814";"103Â 819";"A01";"3";"7";"2";"0";"1";"1";"1";""
"202100054815";"103Â 816";"A01";"2";"7";"0";"2";"1";"2";"1";""
"202100054815";"103Â 817";"B01";"1";"7";"0";"2";"6";"2";"1";""
"202100054815";"103Â 818";"C01";"1";"7";"0";"2";"1";"2";"1";""
"202100054816";"103Â 815";"A01";"2";"7";"2";"0";"8";"2";"1";""
"202100054817";"103Â 813";"B01";"2";"7";"0";"2";"7";"1";"1";""
"202100054817";"103Â 814";"A01";"1";"2";"0";"2";"1";"19";"1";""
"202100054818";"103Â 811";"B01";"1";"33";"0";"2";"1";"1";"1";""
"202100054818";"103Â 812";"A01";"2";"7";"0";"2";"3";"15";"1";""
"202100054819";"103Â 810";"A01";"1";"10";"0";"1";"3";"1";"1";""
"202100054820";"103Â 808";"A01";"2";"7";"0";"2";"7";"2";"1";""
"202100054820";"103Â 809";"B01";"2";"50";"0";"2";"8";"2";"3";""
"202100054821";"103Â 807";"A01";"2";"10";"3";"0";"1";"14";"1";""
"202100054822";"103Â 805";"A01";"1";"7";"0";"2";"5";"13";"1";""
"202100054822";"103Â 806";"B01";"2";"7";"0";"2";"1";"1";"1";""
"202100054823";"103Â 804";"A01";"2";"7";"0";"0";"2";"1";"1";""
"202100054824";"103Â 803";"A01";"1";"7";"0";"1";"2";"1";"1";""
"202100054825";"103Â 800";"B01";"2";"7";"0";"2";"1";"1";"1";""
"202100054825";"103Â 801";"A01";"1";"7";"0";"2";"7";"1";"1";""
"202100054825";"103Â 802";"C01";"2";"7";"0";"2";"1";"1";"1";""
"202100054826";"103Â 799";"A01";"0";"31";"3";"0";"0";"21";"1";""
"202100054827";"103Â 798";"A01";"3";"7";"0";"1";"2";"1";"1";""
"202100054828";"103Â 795";"C01";"2";"33";"0";"2";"1";"2";"1";""
"202100054828";"103Â 796";"B01";"2";"33";"0";"2";"1";"2";"1";""
"202100054828";"103Â 797";"A01";"2";"7";"0";"2";"4";"1";"1";""
"202100054829";"103Â 793";"A01";"1";"7";"0";"2";"7";"1";"1";""
"202100054829";"103Â 794";"B01";"2";"7";"0";"2";"1";"1";"1";""
"202100054830";"103Â 792";"A01";"0";"33";"0";"0";"0";"0";"1";""
"202100054831";"103Â 790";"A01";"1";"7";"6";"2";"2";"19";"1";""
"202100054831";"103Â 791";"B01";"2";"7";"6";"2";"1";"1";"1";""
"202100054832";"103Â 789";"A01";"2";"7";"2";"0";"3";"0";"1";""
"202100054833";"103Â 788";"A01";"1";"7";"15";"0";"9";"13";"1";""
"202100054834";"103Â 786";"A01";"3";"7";"2";"0";"3";"13";"1";""
"202100054835";"103Â 784";"B01";"2";"7";"0";"2";"4";"1";"1";""
"202100054835";"103Â 785";"A01";"2";"7";"0";"2";"1";"14";"2";""
"202100054836";"103Â 783";"A01";"1";"7";"3";"0";"3";"2";"1";""
"202100054837";"103Â 782";"A01";"1";"7";"3";"0";"2";"26";"2";""
"202100054838";"103Â 780";"B01";"1";"15";"0";"2";"2";"12";"1";""
"202100054838";"103Â 781";"A01";"1";"7";"0";"0";"8";"1";"1";""
"202100054839";"103Â 778";"A01";"2";"7";"0";"0";"0";"11";"1";""
"202100054839";"103Â 779";"B01";"2";"33";"0";"0";"0";"3";"1";""
"202100054840";"103Â 776";"A01";"2";"7";"0";"2";"1";"2";"1";""
"202100054840";"103Â 777";"B01";"2";"7";"0";"2";"4";"2";"0";""
"202100054841";"103Â 774";"A01";"3";"30";"0";"2";"1";"26";"1";""
"202100054841";"103Â 775";"B01";"2";"7";"0";"2";"2";"1";"1";""
"202100054842";"103Â 773";"A01";"0";"7";"0";"1";"1";"1";"1";""
"202100054843";"103Â 772";"A01";"1";"7";"0";"1";"1";"1";"1";""
"202100054844";"103Â 770";"B01";"2";"31";"0";"2";"1";"1";"1";""
"202100054844";"103Â 771";"A01";"2";"7";"0";"2";"2";"15";"1";""
"202100054845";"103Â 768";"B01";"1";"10";"0";"2";"2";"1";"1";""
"202100054845";"103Â 769";"A01";"1";"7";"0";"2";"8";"10";"1";""
"202100054846";"103Â 766";"A01";"2";"30";"0";"2";"8";"17";"1";""
"202100054846";"103Â 767";"B01";"2";"7";"0";"2";"1";"15";"1";""
"202100054847";"103Â 764";"A01";"2";"7";"0";"2";"0";"0";"1";""
"202100054847";"103Â 765";"B01";"2";"50";"0";"2";"8";"1";"3";""
"202100054848";"103Â 763";"A01";"2";"7";"0";"1";"1";"1";"1";""
"202100054849";"103Â 762";"A01";"0";"7";"1";"0";"6";"14";"1";""
"202100054850";"103Â 760";"B01";"2";"7";"0";"0";"4";"23";"1";""
"202100054850";"103Â 761";"A01";"2";"33";"0";"2";"1";"1";"1";""
"202100054851";"103Â 757";"A01";"3";"10";"0";"2";"2";"1";"1";""
"202100054851";"103Â 758";"B01";"3";"7";"0";"2";"4";"1";"1";""
"202100054851";"103Â 759";"C01";"3";"7";"0";"2";"4";"1";"1";""
"202100054852";"103Â 755";"B01";"3";"40";"0";"2";"1";"1";"3";""
"202100054852";"103Â 756";"A01";"3";"7";"0";"4";"7";"1";"1";""
"202100054853";"103Â 753";"B01";"1";"32";"0";"2";"7";"1";"1";""
"202100054853";"103Â 754";"A01";"2";"7";"0";"2";"1";"1";"1";""
"202100054854";"103Â 752";"A01";"3";"7";"0";"0";"9";"1";"1";""
"202100054855";"103Â 750";"A01";"2";"7";"0";"2";"8";"26";"1";""
"202100054855";"103Â 751";"B01";"2";"2";"0";"2";"1";"1";"1";""
"202100054856";"103Â 749";"A01";"2";"7";"0";"1";"2";"16";"1";""
"202100054857";"103Â 748";"A01";"1";"7";"8";"0";"2";"1";"1";""
"202100054858";"103Â 746";"B01";"1";"7";"0";"2";"2";"15";"1";""