"Num_Acc";"id_vehicule";"num_veh";"senc";"catv";"obs";"obsm";"choc";"manv";"motor";"occutc"
"202100054858";"103Â 747";"A01";"2";"7";"0";"2";"2";"15";"1";""
"202100054859";"103Â 744";"B01";"2";"32";"0";"2";"1";"1";"1";""
"202100054859";"103Â 745";"A01";"1";"7";"0";"2";"3";"15";"1";""
"202100054860";"103Â 743";"A01";"3";"37";"0";"0";"6";"9";"1";"1"
"202100054861";"103Â 741";"B01";"3";"7";"0";"2";"3";"15";"1";""
"202100054861";"103Â 742";"A01";"2";"30";"0";"2";"1";"1";"1";""
"202100054862";"103Â 739";"A01";"3";"33";"0";"2";"1";"1";"1";""
"202100054862";"103Â 740";"B01";"3";"7";"0";"2";"3";"23";"1";""
"202100054863";"103Â 737";"B01";"1";"30";"0";"2";"1";"1";"1";""
"202100054863";"103Â 738";"A01";"1";"7";"0";"2";"6";"20";"1";""
"202100054864";"103Â 736";"A01";"2";"7";"13";"0";"8";"16";"1";""
"202100054865";"103Â 734";"B01";"2";"7";"0";"2";"7";"1";"1";""
"202100054865";"103Â 735";"A01";"1";"30";"0";"2";"1";"1";"1";""
"202100054866";"103Â 733";"A01";"1";"7";"0";"1";"1";"26";"1";""
"202100054867";"103Â 731";"B01";"2";"33";"1";"2";"8";"1";"1";""
"202100054867";"103Â 732";"A01";"1";"7";"0";"2";"1";"15";"1";""
"202100054868";"103Â 729";"A01";"2";"7";"0";"2";"8";"17";"1";""
"202100054868";"103Â 730";"B01";"2";"15";"0";"2";"7";"1";"1";""
"202100054869";"103Â 728";"A01";"1";"7";"0";"0";"9";"1";"1";""
"202100054870";"103Â 726";"A01";"1";"7";"0";"2";"7";"0";"1";""
"202100054870";"103Â 727";"B01";"3";"7";"0";"2";"1";"6";"1";""
"202100054871";"103Â 724";"A01";"2";"7";"0";"2";"4";"23";"1";""
"202100054871";"103Â 725";"Z01";"2";"7";"0";"0";"0";"0";"0";""
"202100054872";"103Â 723";"A01";"0";"7";"0";"1";"1";"1";"1";""
"202100054873";"103Â 722";"A01";"1";"7";"0";"1";"2";"15";"1";""
"202100054874";"103Â 721";"A01";"2";"7";"13";"0";"3";"13";"1";""
"202100054875";"103Â 719";"B01";"1";"1";"0";"2";"1";"1";"5";""
"202100054875";"103Â 720";"A01";"1";"7";"0";"2";"3";"15";"1";""
"202100054876";"103Â 718";"A01";"1";"7";"0";"1";"3";"1";"1";""
"202100054877";"103Â 716";"B01";"1";"7";"0";"2";"8";"1";"1";""
"202100054877";"103Â 717";"A01";"1";"7";"0";"2";"1";"1";"1";""
"202100054878";"103Â 714";"B01";"1";"1";"0";"2";"1";"21";"5";""
"202100054878";"103Â 715";"A01";"1";"7";"0";"2";"2";"16";"1";""
"202100054879";"103Â 712";"B01";"1";"7";"0";"2";"4";"1";"1";""
"202100054879";"103Â 713";"A01";"1";"7";"0";"2";"1";"2";"1";""
"202100054880";"103Â 710";"A01";"1";"7";"0";"2";"1";"1";"1";""
"202100054880";"103Â 711";"B01";"1";"50";"0";"2";"7";"19";"3";""
"202100054881";"103Â 709";"A01";"1";"99";"0";"1";"0";"1";"0";""
"202100054882";"103Â 707";"A01";"1";"7";"0";"2";"1";"9";"0";""
"202100054882";"103Â 708";"B01";"2";"1";"0";"2";"8";"1";"5";""
"202100054883";"103Â 704";"A01";"1";"7";"0";"2";"1";"2";"1";""
"202100054883";"103Â 705";"B01";"1";"7";"0";"2";"4";"2";"1";""
"202100054883";"103Â 706";"C01";"1";"7";"0";"2";"4";"2";"1";""
"202100054884";"103Â 703";"A01";"2";"30";"0";"0";"0";"1";"1";""
"202100054885";"103Â 702";"A01";"3";"7";"6";"0";"1";"20";"1";""
"202100054886";"103Â 700";"A01";"1";"7";"0";"2";"2";"19";"1";""
"202100054886";"103Â 701";"B01";"2";"7";"0";"2";"3";"1";"1";""
"202100054887";"103Â 699";"A01";"2";"10";"0";"1";"2";"21";"1";""
"202100054888";"103Â 698";"A01";"2";"7";"0";"1";"3";"15";"1";""
"202100054889";"103Â 696";"A01";"2";"7";"0";"2";"2";"2";"1";""
"202100054889";"103Â 697";"B01";"2";"7";"0";"2";"6";"2";"1";""
"202100054890";"103Â 694";"B01";"1";"33";"0";"2";"1";"1";"1";""
"202100054890";"103Â 695";"A01";"2";"7";"0";"2";"2";"15";"1";""
"202100054891";"103Â 692";"B01";"2";"1";"0";"2";"1";"1";"5";""
"202100054891";"103Â 693";"A01";"3";"7";"0";"2";"3";"9";"1";""
"202100054892";"103Â 691";"A01";"1";"7";"0";"1";"1";"16";"1";""
"202100054893";"103Â 689";"A01";"2";"7";"0";"2";"8";"11";"1";""
"202100054893";"103Â 690";"B01";"2";"7";"0";"2";"2";"1";"1";""
"202100054894";"103Â 688";"A01";"0";"7";"0";"1";"2";"15";"1";""
"202100054895";"103Â 687";"A01";"3";"7";"0";"1";"2";"1";"1";""
"202100054896";"103Â 685";"B01";"1";"30";"0";"2";"1";"1";"1";""
"202100054896";"103Â 686";"A01";"1";"7";"0";"2";"3";"26";"1";""
"202100054897";"103Â 683";"A01";"3";"7";"0";"2";"1";"1";"1";""
"202100054897";"103Â 684";"B01";"3";"7";"0";"2";"1";"15";"1";""
"202100054898";"103Â 679";"A01";"1";"10";"0";"2";"1";"1";"1";""
"202100054898";"103Â 680";"B01";"1";"10";"0";"2";"4";"1";"1";""
"202100054898";"103Â 681";"C01";"1";"7";"0";"2";"4";"1";"1";""
"202100054898";"103Â 682";"D01";"1";"7";"0";"2";"5";"1";"1";""
"202100054899";"103Â 677";"A01";"2";"7";"0";"2";"2";"1";"1";""
"202100054899";"103Â 678";"B01";"1";"50";"0";"2";"1";"19";"3";""
"202100054900";"103Â 676";"Z01";"2";"7";"0";"1";"1";"1";"0";""
"202100054901";"103Â 674";"B01";"1";"7";"0";"2";"2";"1";"1";""
"202100054901";"103Â 675";"A01";"1";"7";"0";"2";"3";"11";"1";""
"202100054902";"103Â 672";"B01";"1";"31";"0";"2";"8";"1";"1";""
"202100054902";"103Â 673";"A01";"1";"7";"0";"2";"1";"15";"1";""
"202100054903";"103Â 670";"B01";"1";"10";"0";"2";"3";"1";"1";""
"202100054903";"103Â 671";"A01";"1";"7";"0";"2";"7";"1";"1";""
"202100054904";"103Â 668";"A01";"1";"7";"0";"2";"1";"1";"1";""
"202100054904";"103Â 669";"B01";"1";"7";"0";"2";"4";"1";"1";""
"202100054905";"103Â 667";"A01";"3";"7";"0";"1";"1";"1";"1";""
"202100054906";"103Â 665";"B01";"1";"7";"0";"2";"1";"13";"1";""
"202100054906";"103Â 666";"A01";"1";"30";"0";"2";"1";"1";"1";""
"202100054907";"103Â 664";"A01";"1";"7";"0";"1";"1";"1";"1";""
"202100054908";"103Â 662";"A01";"1";"10";"0";"2";"0";"15";"0";""
"202100054908";"103Â 663";"B01";"1";"2";"0";"2";"1";"1";"1";""
"202100054909";"103Â 660";"B01";"2";"10";"0";"0";"4";"1";"1";""
"202100054909";"103Â 661";"A01";"2";"7";"0";"2";"1";"16";"1";""
"202100054910";"103Â 659";"A01";"1";"10";"0";"1";"1";"1";"1";""
"202100054911";"103Â 657";"A01";"1";"7";"0";"2";"3";"15";"1";""
"202100054911";"103Â 658";"B01";"2";"1";"0";"2";"3";"1";"5";""
"202100054912";"103Â 655";"B01";"1";"2";"0";"2";"8";"1";"1";""
"202100054912";"103Â 656";"A01";"2";"7";"0";"2";"3";"15";"1";""
"202100054913";"103Â 654";"A01";"1";"7";"0";"1";"1";"9";"1";""
"202100054914";"103Â 652";"B01";"3";"7";"0";"2";"4";"1";"1";""
"202100054914";"103Â 653";"A01";"3";"7";"0";"2";"1";"2";"1";""
"202100054915";"103Â 650";"B01";"3";"39";"0";"2";"1";"26";"1";""
"202100054915";"103Â 651";"A01";"1";"7";"6";"4";"3";"19";"1";""
"202100054916";"103Â 648";"A01";"2";"32";"0";"2";"1";"2";"1";""
"202100054916";"103Â 649";"B01";"2";"10";"0";"2";"4";"2";"1";""
"202100054917";"103Â 646";"A01";"2";"14";"0";"2";"1";"1";"1";""
"202100054917";"103Â 647";"B01";"2";"10";"0";"2";"4";"1";"1";""
"202100054918";"103Â 644";"B01";"2";"1";"0";"2";"8";"13";"5";""
"202100054918";"103Â 645";"A01";"2";"1";"0";"2";"7";"17";"5";""
"202100054919";"103Â 642";"A01";"1";"7";"0";"2";"3";"22";"1";""
"202100054919";"103Â 643";"B01";"1";"1";"0";"2";"1";"1";"5";""
"202100054920";"103Â 641";"A01";"2";"30";"0";"0";"0";"1";"1";""
"202100054921";"103Â 639";"A01";"3";"30";"0";"2";"8";"15";"1";""
"202100054921";"103Â 640";"B01";"3";"37";"0";"2";"1";"1";"1";"1"
"202100054922";"103Â 637";"A01";"3";"7";"0";"2";"3";"1";"1";""
"202100054922";"103Â 638";"B01";"3";"7";"0";"2";"1";"1";"1";""
"202100054923";"103Â 636";"A01";"1";"10";"0";"1";"6";"4";"1";""
"202100054924";"103Â 634";"B01";"2";"1";"0";"2";"3";"18";"5";""
"202100054924";"103Â 635";"A01";"2";"7";"0";"2";"2";"16";"1";""
"202100054925";"103Â 633";"A01";"2";"1";"0";"1";"1";"1";"5";""
"202100054926";"103Â 631";"Z01";"2";"31";"0";"2";"3";"1";"0";""
"202100054926";"103Â 632";"A01";"1";"1";"0";"2";"3";"15";"5";""
"202100054927";"103Â 630";"A01";"2";"1";"0";"0";"1";"7";"5";""
"202100054928";"103Â 628";"B01";"2";"1";"0";"2";"1";"17";"5";""
"202100054928";"103Â 629";"A01";"2";"10";"0";"2";"8";"22";"1";""
"202100054929";"103Â 626";"A01";"1";"7";"0";"2";"1";"2";"1";""
"202100054929";"103Â 627";"B01";"1";"7";"0";"2";"4";"2";"1";""
"202100054930";"103Â 625";"A01";"1";"1";"0";"1";"8";"1";"0";""
"202100054931";"103Â 623";"A01";"3";"7";"0";"2";"4";"4";"1";""
"202100054931";"103Â 624";"B01";"3";"1";"0";"2";"8";"19";"0";""
"202100054932";"103Â 622";"A01";"1";"7";"0";"1";"3";"1";"1";""
"202100054933";"103Â 621";"A01";"1";"7";"0";"1";"1";"15";"1";""
"202100054934";"103Â 618";"A01";"2";"7";"0";"2";"2";"9";"1";""
"202100054934";"103Â 619";"B01";"2";"7";"0";"2";"3";"1";"1";""
"202100054934";"103Â 620";"C01";"1";"10";"0";"2";"8";"0";"0";""
"202100054935";"103Â 616";"A01";"1";"7";"0";"2";"3";"15";"1";""
"202100054935";"103Â 617";"B01";"1";"33";"0";"2";"1";"1";"1";""
"202100054936";"103Â 614";"B01";"3";"30";"0";"2";"1";"1";"0";""
"202100054936";"103Â 615";"A01";"3";"7";"0";"2";"1";"15";"0";""
"202100054937";"103Â 613";"Z01";"2";"32";"0";"1";"0";"17";"0";""
"202100054938";"103Â 611";"A01";"1";"10";"0";"2";"0";"15";"0";""
"202100054938";"103Â 612";"B01";"1";"50";"0";"2";"3";"1";"3";""
"202100054939";"103Â 608";"T01";"2";"7";"0";"0";"0";"1";"1";""
"202100054939";"103Â 609";"A01";"2";"7";"0";"2";"2";"10";"1";""
"202100054939";"103Â 610";"B01";"1";"32";"0";"2";"1";"1";"1";""
"202100054940";"103Â 606";"A01";"2";"7";"0";"2";"1";"1";"1";""
"202100054940";"103Â 607";"B01";"2";"7";"0";"2";"4";"15";"3";""
"202100054941";"103Â 604";"B01";"3";"7";"0";"2";"3";"1";"1";""
"202100054941";"103Â 605";"A01";"3";"30";"0";"2";"2";"1";"1";""
"202100054942";"103Â 602";"B01";"1";"30";"1";"2";"1";"1";"1";""
"202100054942";"103Â 603";"A01";"1";"30";"0";"0";"4";"20";"1";""
"202100054943";"103Â 600";"A01";"1";"99";"8";"2";"5";"19";"1";""
"202100054943";"103Â 601";"B01";"1";"7";"0";"2";"1";"19";"1";""
"202100054944";"103Â 599";"A01";"2";"30";"0";"2";"0";"1";"1";""
"202100054945";"103Â 596";"C01";" -1";"7";"1";"0";"3";"0";"1";""
"202100054945";"103Â 597";"A01";" -1";"7";"0";"2";"1";"17";"0";""
"202100054945";"103Â 598";"B01";"3";"7";"0";"2";"3";"15";"1";""
"202100054946";"103Â 595";"A01";" -1";"7";"0";"0";"3";"26";"1";""
"202100054947";"103Â 594";"A01";"0";"7";"0";"1";"1";"1";"1";""
"202100054948";"103Â 592";"A01";"1";"34";"0";"2";"1";"26";"1";""
"202100054948";"103Â 593";"B01";"1";"1";"0";"2";"7";"19";"5";""
"202100054949";"103Â 590";"B01";"1";"7";"0";"2";"3";"1";"1";""
"202100054949";"103Â 591";"A01";"1";"30";"0";"2";"1";"19";"1";""
"202100054950";"103Â 589";"A01";"0";"2";"0";"0";"0";"0";"1";""
"202100054951";"103Â 587";"A01";"1";"2";"0";"0";"4";"1";"1";""
"202100054951";"103Â 588";"B01";"1";"2";"0";"0";"1";"2";"1";""
"202100054952";"103Â 584";"A01";"1";"7";"0";"2";"1";"15";"1";""
"202100054952";"103Â 585";"C01";"1";"7";"0";"2";"1";"1";"1";""
"202100054952";"103Â 586";"B01";"2";"7";"0";"2";"2";"1";"1";""
"202100054953";"103Â 583";"A01";"2";"7";"0";"1";"3";"1";"0";""
"202100054954";"103Â 581";"A01";"3";"36";"2";"0";"0";"0";"1";""
"202100054955";"103Â 580";"A01";"3";"7";"0";"0";"0";"0";"1";""
"202100054956";"103Â 578";"B01";"2";"7";"0";"2";"3";"1";"1";""
"202100054956";"103Â 579";"A01";"1";"7";"0";"2";"3";"13";"1";""
"202100054957";"103Â 577";"A01";"0";"7";"8";"0";"1";"6";"1";""
"202100054958";"103Â 576";"A01";"3";"7";"16";"0";"0";"19";"1";""
"202100054959";"103Â 574";"B01";"2";"2";"0";"0";"4";"2";"1";""
"202100054959";"103Â 575";"A01";"2";"7";"0";"2";"2";"2";"1";""
"202100054960";"103Â 572";"B01";"0";"7";"0";"2";"9";"21";"1";""
"202100054960";"103Â 573";"A01";"3";"7";"0";"2";"6";"9";"1";""
"202100054961";"103Â 570";"A01";"2";"7";"0";"2";"1";"1";"1";""
"202100054961";"103Â 571";"B01";"1";"7";"0";"2";"2";"1";"1";""
"202100054962";"103Â 568";"A01";"1";"7";"6";"2";"3";"17";"1";""
"202100054962";"103Â 569";"B01";"2";"7";"0";"2";"3";"1";"1";""
"202100054963";"103Â 567";"A01";"2";"7";"0";"0";"9";"1";"1";""
"202100054964";"103Â 566";"A01";"2";"7";"6";"0";"1";"0";"1";""
"202100054965";"103Â 565";"A01";"2";"7";"16";"0";"0";"14";"1";""
"202100054966";"103Â 563";"B01";"2";"2";"0";"2";"1";"1";"1";""
"202100054966";"103Â 564";"A01";"1";"7";"0";"2";"1";"15";"1";""
"202100054967";"103Â 560";"A01";"3";"7";"0";"1";"3";"0";"1";""
"202100054968";"103Â 558";"A01";"3";"10";"0";"2";"1";"1";"1";""
"202100054968";"103Â 559";"B01";"0";"7";"0";"2";"2";"26";"1";""
"202100054969";"103Â 556";"B01";"2";"7";"0";"0";"4";"2";"1";""
"202100054969";"103Â 557";"A01";"2";"7";"0";"2";"1";"2";"1";""
"202100054970";"103Â 554";"B01";"1";"7";"0";"2";"2";"1";"1";""
"202100054970";"103Â 555";"A01";"1";"7";"0";"2";"3";"26";"1";""
"202100054971";"103Â 553";"A01";"2";"7";"2";"0";"7";"14";"1";""
"202100054972";"103Â 551";"B01";"1";"17";"0";"0";"4";"2";"1";""
"202100054972";"103Â 552";"A01";"1";"7";"0";"2";"1";"2";"1";""
"202100054973";"103Â 550";"A01";"2";"7";"0";"1";"0";"17";"1";""
"202100054974";"103Â 548";"A01";"3";"7";"0";"2";"2";"15";"1";""
"202100054974";"103Â 549";"B01";"3";"32";"0";"2";"1";"1";"1";""
"202100054975";"103Â 547";"A01";"1";"7";"0";"1";"3";"1";"1";""
"202100054976";"103Â 545";"B01";"2";"7";"0";"2";"1";"1";"1";""
"202100054976";"103Â 546";"A01";"1";"10";"0";"2";"1";"13";"1";""
"202100054977";"103Â 544";"A01";"1";"7";"0";"1";"3";"1";"1";""
"202100054978";"103Â 542";"B01";"1";"7";"0";"2";"3";"17";"1";""
"202100054978";"103Â 543";"A01";"1";"2";"0";"2";"8";"15";"3";""
"202100054979";"103Â 540";"B01";"1";"2";"0";"2";"2";"17";"1";""
"202100054979";"103Â 541";"A01";"1";"2";"0";"0";"8";"15";"1";""
"202100054980";"103Â 538";"B01";"2";"7";"0";"2";"1";"1";"3";""
"202100054980";"103Â 539";"A01";"1";"2";"0";"2";"1";"11";"1";""
"202100054981";"103Â 537";"A01";"1";"7";"4";"0";"1";"26";"1";""
"202100054982";"103Â 536";"A01";"1";"7";"4";"9";"1";"16";"1";""
"202100054983";"103Â 534";"A01";"3";"7";"0";"0";"6";"20";"1";""
"202100054984";"103Â 532";"B01";"2";"7";"0";"2";"1";"2";"1";""
"202100054984";"103Â 533";"A01";"1";"7";"0";"2";"4";"2";"1";""
"202100054985";"103Â 530";"B01";"2";"33";"7";"2";"8";"1";"1";""
"202100054985";"103Â 531";"A01";"2";"7";"0";"2";"7";"14";"1";""
"202100054986";"103Â 529";"A01";"2";"7";"13";"0";"2";"14";"1";""
"202100054987";"103Â 527";"B01";"2";"7";"0";"2";"6";"9";"1";""
"202100054987";"103Â 528";"A01";"2";"15";"0";"2";"2";"1";"1";""
"202100054988";"103Â 523";"D01";"1";"7";"0";"2";"0";"23";"1";""
"202100054988";"103Â 524";"C01";"1";"7";"0";"2";"0";"23";"1";""
"202100054988";"103Â 525";"B01";"1";"7";"0";"2";"5";"23";"1";""
"202100054988";"103Â 526";"A01";"1";"7";"0";"2";"1";"11";"1";""
"202100054989";"103Â 520";"C01";"1";"7";"0";"2";"4";"2";"1";""
"202100054989";"103Â 521";"A01";"1";"7";"0";"2";"1";"2";"1";""
"202100054989";"103Â 522";"B01";"1";"7";"0";"2";"4";"2";"1";""
"202100054990";"103Â 518";"B01";"2";"7";"0";"2";"0";"26";"1";""
"202100054990";"103Â 519";"A01";"2";"10";"0";"2";"4";"26";"1";""
"202100054991";"103Â 516";"A01";"2";"14";"0";"2";"1";"2";"1";""
"202100054991";"103Â 517";"B01";"2";"7";"12";"0";"4";"1";"1";""
"202100054992";"103Â 514";"B01";"2";"7";"0";"2";"4";"1";"1";""
"202100054992";"103Â 515";"A01";"1";"7";"0";"2";"1";"2";"1";""
"202100054993";"103Â 513";"B01";"1";"7";"1";"0";"2";"2";"1";""
"202100054994";"103Â 511";"B01";"2";"7";"0";"2";"4";"2";"1";""
"202100054994";"103Â 512";"A01";"2";"10";"0";"2";"1";"2";"1";""
"202100054995";"103Â 509";"A01";"1";"10";"0";"2";"5";"12";"1";""
"202100054995";"103Â 510";"B01";"1";"33";"0";"2";"5";"3";"1";""
"202100054996";"103Â 508";"A01";"2";"7";"0";"0";"0";"2";"1";""
"202100054997";"103Â 505";"C01";"1";"10";"0";"2";"4";"2";"1";""
"202100054997";"103Â 506";"B01";"1";"7";"0";"2";"4";"2";"1";""
"202100054997";"103Â 507";"A01";"1";"10";"0";"2";"1";"2";"1";""
"202100054998";"103Â 502";"C01";"2";"17";"0";"2";"1";"1";"1";""
"202100054998";"103Â 503";"B01";"2";"7";"0";"2";"3";"1";"1";""
"202100054998";"103Â 504";"A01";"2";"17";"0";"2";"7";"12";"1";""
"202100054999";"103Â 499";"A01";"2";"7";"0";"2";"7";"12";"1";""
"202100054999";"103Â 500";"B01";"2";"7";"4";"2";"4";"2";"1";""
"202100054999";"103Â 501";"C01";"2";"7";"0";"2";"1";"2";"1";""
"202100055000";"103Â 498";"A01";"2";"7";"4";"0";"2";"1";"1";""
"202100055001";"103Â 496";"B01";"1";"7";"0";"2";"2";"1";"1";""
"202100055001";"103Â 497";"A01";"1";"7";"0";"2";"3";"9";"1";""
"202100055002";"103Â 494";"B01";"1";"7";"0";"2";"4";"2";"1";""
"202100055002";"103Â 495";"A01";"1";"7";"0";"2";"1";"26";"1";""
"202100055003";"103Â 493";"A01";"2";"17";"16";"0";"1";"26";"1";""
"202100055004";"103Â 492";"A01";"2";"7";"3";"0";"1";"21";"1";""
"202100055005";"103Â 489";"B01";"2";"7";"0";"2";"3";"2";"1";""
"202100055005";"103Â 490";"C01";"2";"10";"0";"2";"6";"2";"1";""
"202100055005";"103Â 491";"A01";"1";"32";"0";"2";"1";"3";"1";""
"202100055006";"103Â 488";"A01";"2";"7";"0";"1";"3";"1";"1";""
"202100055007";"103Â 486";"A01";"1";"32";"0";"2";"1";"1";"1";""
"202100055007";"103Â 487";"B01";"2";"7";"0";"2";"3";"26";"1";""
"202100055008";"103Â 484";"B01";"2";"37";"0";"9";"5";"1";"1";"1"
"202100055008";"103Â 485";"A01";"1";"1";"0";"2";"1";"15";"5";""
"202100055009";"103Â 482";"A01";"2";"7";"0";"2";"2";"2";"1";""
"202100055009";"103Â 483";"B01";"2";"7";"0";"2";"4";"12";"2";""
"202100055010";"103Â 480";"B01";"1";"10";"0";"2";"3";"1";"1";""
"202100055010";"103Â 481";"A01";"1";"32";"0";"2";"1";"1";"1";""
"202100055011";"103Â 476";"B01";"1";"7";"0";"2";"0";"0";"1";""
"202100055011";"103Â 477";"C01";"2";"7";"0";"2";"0";"0";"1";""
"202100055011";"103Â 478";"D01";"1";"33";"3";"0";"1";"3";"1";""
"202100055011";"103Â 479";"A01";"2";"7";"0";"2";"0";"0";"1";""
"202100055012";"103Â 475";"A01";"2";"1";"0";"0";"0";"26";"5";""
"202100055013";"103Â 474";"A01";"1";"7";"0";"1";"2";"1";"1";""
"202100055014";"103Â 473";"A01";"1";"30";"0";"0";"9";"1";"1";""
"202100055015";"103Â 471";"A01";"2";"7";"0";"9";"2";"9";"1";""
"202100055015";"103Â 472";"B01";"2";"1";"0";"2";"4";"18";"5";""
"202100055016";"103Â 469";"A01";"1";"17";"0";"2";"1";"2";"1";""
"202100055016";"103Â 470";"B01";"1";"1";"0";"2";"4";"1";"5";""
"202100055017";"103Â 468";"A01";"2";"7";"0";"1";"1";"2";"2";""
"202100055018";"103Â 466";"B01";"2";"17";"0";"2";"1";"1";"1";""
"202100055018";"103Â 467";"A01";"1";"7";"0";"2";"9";"5";"1";""
"202100055019";"103Â 465";"A01";"2";"30";"0";"0";"8";"1";"1";""
"202100055020";"103Â 463";"Z01";"2";"10";"0";"2";"0";"0";"0";""
"202100055020";"103Â 464";"B01";"3";"1";"0";"2";"4";"2";"0";""
"202100055021";"103Â 461";"A01";"2";"7";"0";"2";"1";"15";"1";""
"202100055021";"103Â 462";"B01";"1";"7";"0";"2";"1";"2";"1";""
"202100055022";"103Â 459";"B01";"2";"30";"0";"2";"1";"17";"1";""
"202100055022";"103Â 460";"A01";"2";"7";"0";"2";"3";"15";"1";""
"202100055023";"103Â 458";"Z01";"2";"7";"0";"1";"0";"1";"0";""
"202100055024";"103Â 456";"A01";"1";"7";"0";"2";"7";"15";"2";""
"202100055024";"103Â 457";"B01";"2";"14";"0";"2";"1";"1";"1";""
"202100055025";"103Â 454";"B01";"2";"7";"0";"2";"3";"9";"1";""
"202100055025";"103Â 455";"A01";"2";"7";"0";"2";"1";"17";"1";""
"202100055026";"103Â 452";"B01";"1";"7";"0";"9";"1";"26";"1";""
"202100055026";"103Â 453";"A01";"3";"99";"12";"2";"1";"26";"1";""
"202100055027";"103Â 451";"A01";"1";"7";"0";"1";"1";"1";"1";""
"202100055028";"103Â 450";"A01";"1";"7";"0";"1";"3";"15";"1";""
"202100055029";"103Â 448";"A01";"1";"50";"0";"1";"3";"26";"3";""
"202100055030";"103Â 447";"A01";"1";"7";"0";"1";"1";"1";"1";""
"202100055031";"103Â 445";"C01";"3";"40";"0";"2";"2";"1";"3";""
"202100055031";"103Â 446";"A01";"3";"7";"0";"4";"1";"18";"1";""
"202100055032";"103Â 443";"A01";"2";"7";"0";"2";"1";"2";"1";""
"202100055032";"103Â 444";"B01";"2";"7";"0";"2";"4";"2";"1";""
"202100055033";"103Â 442";"A01";"2";"7";"0";"1";"3";"15";"1";""
"202100055034";"103Â 440";"A01";"2";"7";"0";"2";"3";"9";"1";""
"202100055034";"103Â 441";"B01";"2";"7";"0";"2";"2";"1";"1";""
"202100055035";"103Â 438";"B01";"3";"1";"0";"2";"1";"0";"5";""
"202100055035";"103Â 439";"A01";"3";"7";"0";"9";"2";"15";"1";""
"202100055036";"103Â 436";"A01";"1";"10";"0";"2";"1";"1";"1";""
"202100055036";"103Â 437";"B01";"1";"7";"0";"2";"4";"23";"1";""
"202100055037";"103Â 435";"A01";"1";"7";"0";"1";"1";"1";"1";""
"202100055038";"103Â 434";"A01";"0";"7";"0";"1";"2";"1";"1";""
"202100055039";"103Â 433";"A01";"2";"10";"0";"1";"3";"15";"1";""
"202100055040";"103Â 431";"A01";"2";"30";"0";"2";"1";"1";"1";""
"202100055040";"103Â 432";"B01";"2";"7";"0";"2";"8";"1";"1";""
"202100055041";"103Â 429";"B01";"2";"10";"0";"2";"2";"15";"1";""
"202100055041";"103Â 430";"A01";"1";"7";"0";"2";"1";"1";"1";""
"202100055042";"103Â 427";"A01";"1";"31";"0";"2";"1";"1";"1";""
"202100055042";"103Â 428";"B01";"1";"30";"0";"2";"4";"1";"1";""
"202100055043";"103Â 426";"A01";"1";"33";"0";"1";"9";"1";"1";""
"202100055044";"103Â 424";"A01";"0";"7";"0";"2";"1";"26";"1";""
"202100055044";"103Â 425";"B01";"1";"37";"0";"2";"7";"2";"1";"2"
"202100055045";"103Â 422";"A01";"2";"30";"0";"2";"1";"17";"1";""
"202100055045";"103Â 423";"B01";"1";"7";"0";"2";"3";"15";"1";""
"202100055046";"103Â 419";"B01";"2";"7";"0";"2";"6";"1";"1";""
"202100055046";"103Â 420";"A01";"1";"7";"0";"2";"4";"1";"1";""
"202100055046";"103Â 421";"C01";"1";"7";"0";"2";"1";"1";"1";""
"202100055047";"103Â 417";"B01";"1";"7";"0";"2";"4";"23";"1";""
"202100055047";"103Â 418";"A01";"1";"10";"0";"2";"1";"1";"1";""
"202100055048";"103Â 414";"A01";"1";"7";"0";"1";"2";"15";"1";""
"202100055049";"103Â 413";"A01";"1";"7";"0";"1";"8";"1";"1";""
"202100055050";"103Â 411";"A01";"1";"7";"0";"2";"1";"15";"1";""
"202100055050";"103Â 412";"B01";"2";"7";"0";"2";"1";"1";"1";""
"202100055051";"103Â 410";"A01";"1";"30";"0";"0";"0";"26";"1";""
"202100055052";"103Â 407";"C01";"1";"7";"0";"2";"1";"1";"1";""
"202100055052";"103Â 408";"B01";"1";"10";"0";"2";"1";"1";"1";""
"202100055052";"103Â 409";"A01";"2";"7";"0";"2";"3";"13";"1";""
"202100055053";"103Â 405";"A01";"1";"2";"0";"2";"1";"1";"1";""
"202100055053";"103Â 406";"B01";"1";"7";"0";"2";"1";"1";"1";""
"202100055054";"103Â 404";"A01";"0";"7";"0";"1";"1";"1";"1";""
"202100055055";"103Â 402";"A01";"1";"32";"10";"2";"1";"1";"1";""
"202100055055";"103Â 403";"Z01";"0";"7";"0";"0";"0";"0";"0";""
"202100055056";"103Â 399";"C01";"1";"7";"0";"2";"1";"0";"1";""
"202100055056";"103Â 400";"B01";"1";"7";"0";"2";"6";"0";"1";""
"202100055056";"103Â 401";"A01";"1";"7";"0";"2";"1";"9";"1";""
"202100055057";"103Â 398";"A01";"2";"7";"0";"1";"3";"26";"1";""
"202100055058";"103Â 396";"B01";"2";"2";"0";"2";"7";"1";"1";""
"202100055058";"103Â 397";"Z01";"3";"7";"0";"2";"0";"0";"1";""
"202100055059";"103Â 394";"A01";"1";"30";"0";"2";"1";"1";"1";""
"202100055059";"103Â 395";"B01";"1";"1";"0";"2";"1";"19";"5";""
"202100055060";"103Â 392";"A01";"1";"7";"0";"2";"1";"26";"1";""
"202100055060";"103Â 393";"B01";"1";"7";"0";"2";"0";"0";"1";""