"Num_Acc";"id_vehicule";"num_veh";"senc";"catv";"obs";"obsm";"choc";"manv";"motor";"occutc"
"202100055061";"103Â 390";"B01";"1";"7";"0";"9";"8";"1";"1";""
"202100055061";"103Â 391";"A01";"1";"80";"0";"2";"3";"17";"3";""
"202100055062";"103Â 388";"B01";"2";"14";"0";"2";"8";"1";"1";""
"202100055062";"103Â 389";"A01";"1";"7";"0";"2";"3";"1";"1";""
"202100055063";"103Â 386";"A01";"1";"13";"0";"2";"5";"1";"1";""
"202100055063";"103Â 387";"B01";"1";"1";"0";"2";"1";"2";"6";""
"202100055064";"103Â 385";"A01";"2";"7";"0";"1";"1";"26";"1";""
"202100055065";"103Â 383";"B01";"1";"10";"0";"2";"5";"1";"1";""
"202100055065";"103Â 384";"A01";"1";"32";"0";"2";"1";"1";"1";""
"202100055066";"103Â 380";"C01";"3";"60";"0";"2";"8";"19";"5";""
"202100055066";"103Â 381";"B01";"3";"1";"0";"2";"8";"19";"5";""
"202100055066";"103Â 382";"A01";"3";"7";"0";"2";"3";"1";"2";""
"202100055067";"103Â 379";"A01";"1";"7";"0";"1";"6";"1";"1";""
"202100055068";"103Â 377";"A01";"2";"7";"8";"2";"1";"1";"1";""
"202100055068";"103Â 378";"B01";"1";"7";"8";"2";"1";"1";"1";""
"202100055069";"103Â 375";"A01";"3";"7";"0";"2";"2";"16";"1";""
"202100055069";"103Â 376";"B01";"3";"60";"0";"2";"8";"19";"5";""
"202100055070";"103Â 373";"B01";"1";"1";"0";"2";"1";"1";"5";""
"202100055070";"103Â 374";"A01";"1";"10";"0";"2";"8";"22";"1";""
"202100055071";"103Â 372";"A01";"2";"7";"0";"1";"3";"1";"1";""
"202100055072";"103Â 370";"B01";"1";"30";"0";"2";"7";"10";"1";""
"202100055072";"103Â 371";"Z01";"2";"7";"0";"2";"1";"1";"1";""
"202100055073";"103Â 369";"A01";"2";"10";"0";"1";"2";"1";"1";""
"202100055074";"103Â 367";"A01";"1";"7";"0";"2";"1";"1";"1";""
"202100055074";"103Â 368";"B01";"1";"7";"0";"2";"4";"1";"1";""
"202100055075";"103Â 366";"FA01";"1";"7";"0";"1";"1";"2";"1";""
"202100055076";"103Â 365";"A01";"2";"7";"0";"1";"1";"16";"1";""
"202100055077";"103Â 364";"A01";"2";"37";"0";"1";"2";"1";"1";"1"
"202100055078";"103Â 362";"B01";"3";"2";"0";"2";"0";"1";"1";""
"202100055078";"103Â 363";"A01";"3";"7";"0";"0";"0";"15";"2";""
"202100055079";"103Â 360";"B01";"3";"7";"0";"2";"2";"26";"2";""
"202100055079";"103Â 361";"A01";"3";"7";"0";"2";"3";"26";"2";""
"202100055080";"103Â 358";"A01";"1";"7";"0";"2";"3";"20";"1";""
"202100055080";"103Â 359";"B01";"1";"2";"0";"2";"1";"1";"1";""
"202100055081";"103Â 356";"A01";"1";"7";"0";"9";"8";"15";"1";""
"202100055081";"103Â 357";"B01";"2";"50";"0";"2";"2";"18";"3";""
"202100055082";"103Â 355";"A01";"2";"20";"0";"1";"1";"1";"1";""
"202100055083";"103Â 354";"A01";"1";"7";"0";"1";"2";"1";"1";""
"202100055084";"103Â 352";"B01";"0";"7";"0";"0";"1";"1";"1";""
"202100055084";"103Â 353";"A01";"0";"7";"14";"1";"1";"1";"1";""
"202100055085";"103Â 350";"A01";"1";"30";"0";"2";"3";"9";"1";""
"202100055085";"103Â 351";"B01";"1";"33";"0";"2";"1";"1";"1";""
"202100055086";"103Â 349";"A01";" -1";"7";"12";"0";"1";"9";"1";""
"202100055087";"103Â 347";"A01";"3";"30";"0";"2";"1";"2";"0";""
"202100055087";"103Â 348";"B01";"3";"7";"0";"0";"6";"2";"0";""
"202100055088";"103Â 345";"B01";"1";"7";"0";"2";"1";"2";"1";""
"202100055088";"103Â 346";"A01";"2";"7";"8";"0";"4";"2";"1";""
"202100055089";"103Â 344";"A01";"1";"7";"0";"1";"2";"1";"1";""
"202100055090";"103Â 342";"A01";"1";"37";"0";"2";"4";"4";"1";"1"
"202100055090";"103Â 343";"B01";"1";"7";"0";"2";"1";"2";"1";""
"202100055091";"103Â 340";"A01";"0";"7";"0";"2";"2";"15";"2";""
"202100055091";"103Â 341";"B01";"0";"60";"0";"2";"1";"19";"5";""
"202100055092";"103Â 338";"B01";"1";"1";"0";"2";"1";"2";"5";""
"202100055092";"103Â 339";"A01";"1";"10";"0";"2";"1";"9";"1";""
"202100055093";"103Â 337";"A01";"2";"20";"0";"1";"6";"26";"1";""
"202100055094";"103Â 334";"D01";"1";"7";"4";"9";"9";"2";"1";""
"202100055094";"103Â 335";"C01";"1";"7";"0";"2";"1";"2";"1";""
"202100055094";"103Â 336";"A01";"1";"17";"0";"0";"0";"2";"1";""
"202100055095";"103Â 333";"A01";"1";"7";"8";"0";"1";"14";"1";""
"202100055096";"103Â 331";"A01";"1";"7";"0";"2";"1";"19";"1";""
"202100055096";"103Â 332";"B01";"2";"7";"0";"2";"1";"2";"1";""
"202100055097";"103Â 329";"A01";"1";"10";"0";"2";"2";"2";"1";""
"202100055097";"103Â 330";"B01";"1";"1";"0";"2";"4";"2";"5";""
"202100055098";"103Â 327";"B01";"2";"7";"0";"2";"1";"1";"1";""
"202100055098";"103Â 328";"A01";"3";"38";"0";"2";"7";"19";"1";"1"
"202100055099";"103Â 326";"A01";"2";"7";"0";"1";"6";"26";"3";""
"202100055100";"103Â 324";"B01";"2";"7";"0";"2";"3";"19";"1";""
"202100055100";"103Â 325";"A01";"2";"7";"0";"2";"1";"1";"1";""
"202100055101";"103Â 322";"A01";"3";"7";"0";"2";"2";"15";"1";""
"202100055101";"103Â 323";"B01";"1";"2";"0";"2";"7";"1";"1";""
"202100055102";"103Â 320";"A01";"1";"17";"0";"2";"3";"13";"1";""
"202100055102";"103Â 321";"B01";"2";"7";"0";"2";"3";"1";"1";""
"202100055103";"103Â 319";"A01";"2";"7";"0";"1";"2";"1";"1";""
"202100055104";"103Â 316";"A01";"1";"7";"3";"2";"2";"1";"1";""
"202100055104";"103Â 317";"B01";"1";"7";"0";"2";"6";"1";"2";""
"202100055104";"103Â 318";"C01";"2";"15";"0";"2";"2";"1";"1";""
"202100055105";"103Â 314";"A01";"1";"7";"0";"2";"1";"1";"1";""
"202100055105";"103Â 315";"B01";"2";"7";"0";"2";"8";"5";"1";""
"202100055106";"103Â 312";"A01";"0";"7";"0";"2";"1";"13";"1";""
"202100055106";"103Â 313";"B01";"0";"7";"0";"2";"6";"1";"1";""
"202100055107";"103Â 310";"A01";"2";"31";"0";"2";"8";"1";"1";""
"202100055107";"103Â 311";"B01";"1";"10";"0";"2";"3";"1";"1";""
"202100055108";"103Â 309";"A01";"1";"1";"0";"0";"0";"0";"5";""
"202100055109";"103Â 307";"A01";"2";"7";"0";"2";"3";"15";"1";""
"202100055109";"103Â 308";"B01";"1";"7";"0";"2";"1";"16";"1";""
"202100055110";"103Â 305";"A01";"3";"7";"0";"2";"2";"1";"1";""
"202100055110";"103Â 306";"B01";"3";"1";"0";"2";"5";"1";"5";""
"202100055111";"103Â 303";"B01";"1";"7";"0";"2";"1";"1";"1";""
"202100055111";"103Â 304";"A01";"3";"7";"0";"2";"7";"19";"1";""
"202100055112";"103Â 301";"B01";"1";"7";"0";"2";"2";"1";"1";""
"202100055112";"103Â 302";"A01";"2";"15";"0";"2";"3";"13";"1";""
"202100055113";"103Â 299";"A01";"2";"10";"0";"2";"1";"2";"1";""
"202100055113";"103Â 300";"B01";"2";"16";"0";"0";"4";"2";"1";""
"202100055114";"103Â 298";"A01";"3";"2";"1";"0";"8";"1";"1";""
"202100055115";"103Â 297";"A01";"2";"10";"13";"0";"3";"13";"1";""
"202100055116";"103Â 293";"B01";"1";"17";"0";"2";"6";"1";"1";""
"202100055116";"103Â 294";"A01";"1";"7";"0";"2";"2";"2";"1";""
"202100055117";"103Â 290";"C01";"1";"14";"0";"2";"1";"1";"1";""
"202100055117";"103Â 291";"B01";"2";"7";"0";"0";"6";"1";"1";""
"202100055117";"103Â 292";"A01";"2";"10";"0";"2";"1";"17";"1";""
"202100055118";"103Â 289";"A01";"3";"7";"0";"1";"3";"15";"1";""
"202100055119";"103Â 287";"A01";"1";"7";"0";"2";"0";"1";"1";""
"202100055119";"103Â 288";"B01";"2";"7";"0";"2";"3";"1";"1";""
"202100055120";"103Â 285";"A01";"1";"10";"0";"2";"2";"1";"1";""
"202100055120";"103Â 286";"B01";"1";"50";"0";"2";"3";"1";"3";""
"202100055121";"103Â 283";"B01";"3";"7";"0";"0";"8";"19";"1";""
"202100055121";"103Â 284";"A01";"3";"2";"0";"2";"1";"19";"3";""
"202100055122";"103Â 282";"A01";"2";"10";"0";"1";"1";"1";"1";""
"202100055123";"103Â 280";"A01";"1";"31";"0";"2";"1";"5";"1";""
"202100055123";"103Â 281";"B01";"2";"7";"0";"2";"3";"1";"1";""
"202100055124";"103Â 278";"B01";"1";"7";"0";"2";"3";"1";"1";""
"202100055124";"103Â 279";"A01";"2";"7";"0";"2";"1";"1";"1";""
"202100055125";"103Â 277";"A01";"2";"7";"14";"0";"1";"1";"1";""
"202100055126";"103Â 276";"A01";"3";"7";"0";"1";"3";"16";"1";""
"202100055127";"103Â 274";"B01";"2";"7";"0";"2";"3";"1";"1";""
"202100055127";"103Â 275";"A01";"1";"10";"0";"2";"8";"17";"1";""
"202100055128";"103Â 273";"A01";"1";"7";"6";"0";"7";"1";"1";""
"202100055129";"103Â 271";"A01";"3";"7";"0";"2";"1";"1";"1";""
"202100055129";"103Â 272";"B01";"3";"10";"0";"2";"8";"23";"1";""
"202100055130";"103Â 270";"A01";"2";"7";"0";"1";"2";"1";"1";""
"202100055131";"103Â 268";"B01";"1";"7";"0";"2";"1";"1";"1";""
"202100055131";"103Â 269";"A01";"3";"7";"0";"2";"8";"19";"1";""
"202100055132";"103Â 267";"A01";"1";"7";"6";"0";"2";"1";"1";""
"202100055133";"103Â 266";"A01";"2";"7";"6";"0";"3";"1";"1";""
"202100055134";"103Â 264";"B01";"3";"7";"0";"2";"1";"1";"1";""
"202100055134";"103Â 265";"A01";"1";"7";"6";"2";"7";"1";"1";""
"202100055135";"103Â 262";"B01";"1";"7";"0";"2";"1";"9";"1";""
"202100055135";"103Â 263";"A01";"1";"7";"0";"2";"4";"1";"1";""
"202100055136";"103Â 258";"C01";"2";"7";"0";"2";"4";"2";"1";""
"202100055136";"103Â 259";"B01";"2";"15";"0";"2";"4";"2";"1";""
"202100055136";"103Â 260";"A01";"2";"15";"0";"2";"1";"2";"1";""
"202100055136";"103Â 261";"D01";"2";"10";"0";"2";"4";"2";"1";""
"202100055137";"103Â 257";"A01";"1";"33";"4";"0";"8";"1";"1";""
"202100055138";"103Â 255";"B01";"2";"7";"0";"2";"5";"1";"1";""
"202100055138";"103Â 256";"A01";"2";"7";"0";"2";"3";"1";"1";""
"202100055139";"103Â 253";"B01";"2";"32";"1";"2";"3";"3";"1";""
"202100055139";"103Â 254";"A01";"2";"7";"0";"2";"7";"12";"1";""
"202100055140";"103Â 251";"A01";"2";"7";"0";"2";"1";"1";"1";""
"202100055140";"103Â 252";"B01";"2";"7";"0";"2";"4";"23";"1";""
"202100055141";"103Â 250";"A01";"1";"7";"4";"0";"2";"14";"1";""
"202100055142";"103Â 248";"B01";"2";"7";"0";"2";"1";"0";"1";""
"202100055142";"103Â 249";"A01";"2";"7";"0";"2";"1";"1";"1";""
"202100055143";"103Â 247";"A01";"1";"7";"0";"0";"9";"16";"1";""
"202100055144";"103Â 245";"A01";"1";"34";"0";"2";"3";"3";"1";""
"202100055144";"103Â 246";"Z01";"1";"14";"0";"0";"0";"0";"1";""
"202100055145";"103Â 242";"B01";"2";"10";"0";"2";"1";"2";"1";""
"202100055145";"103Â 243";"A01";"2";"33";"0";"2";"1";"2";"1";""
"202100055145";"103Â 244";"C01";"2";"7";"0";"2";"4";"2";"1";""
"202100055146";"103Â 241";"A01";"1";"7";"0";"1";"7";"2";"1";""
"202100055147";"103Â 239";"B01";"2";"7";"0";"2";"3";"15";"1";""
"202100055147";"103Â 240";"A01";"2";"2";"0";"2";"1";"1";"1";""
"202100055148";"103Â 238";"A01";"0";"7";"0";"1";"3";"1";"1";""
"202100055149";"103Â 236";"A01";"3";"7";"0";"2";"4";"5";"0";""
"202100055149";"103Â 237";"B01";"3";"7";"0";"2";"3";"1";"0";""
"202100055150";"103Â 234";"B01";"1";"7";"0";"2";"6";"1";"1";""
"202100055150";"103Â 235";"A01";"2";"7";"0";"2";"2";"9";"1";""
"202100055151";"103Â 233";"A01";"1";"7";"14";"0";"1";"14";"1";""
"202100055152";"103Â 232";"A01";"3";"10";"9";"2";"1";"14";"1";""
"202100055153";"103Â 231";"A01";"1";"32";"0";"0";"3";"15";"1";""
"202100055154";"103Â 229";"A01";"3";"7";"0";"2";"3";"9";"1";""
"202100055154";"103Â 230";"B01";"1";"7";"0";"2";"7";"1";"1";""
"202100055155";"103Â 228";"A01";"1";"7";"0";"1";"2";"1";"1";""
"202100055156";"103Â 226";"B01";"1";"7";"0";"2";"1";"1";"1";""
"202100055156";"103Â 227";"A01";"1";"33";"0";"2";"4";"1";"1";""
"202100055157";"103Â 224";"B01";"3";"7";"0";"2";"1";"1";"1";""
"202100055157";"103Â 225";"A01";"3";"7";"0";"2";"7";"13";"1";""
"202100055158";"103Â 223";"A01";"2";"7";"0";"1";"1";"1";"1";""
"202100055159";"103Â 221";"B01";"3";"7";"0";"2";"3";"1";"1";""
"202100055159";"103Â 222";"A01";"3";"7";"1";"2";"1";"19";"1";""
"202100055160";"103Â 217";"D01";"1";"7";"0";"2";"3";"0";"1";""
"202100055160";"103Â 218";"C01";"2";"7";"0";"2";"5";"2";"1";""
"202100055160";"103Â 219";"B01";"2";"33";"0";"2";"4";"2";"1";""
"202100055160";"103Â 220";"A01";"2";"33";"0";"9";"1";"2";"1";""
"202100055161";"103Â 215";"A01";"0";"7";"0";"2";"1";"1";"1";""
"202100055161";"103Â 216";"B01";"0";"7";"0";"2";"7";"15";"1";""
"202100055162";"103Â 214";"A01";"0";"7";"0";"1";"1";"16";"1";""
"202100055163";"103Â 211";"C01";"0";"7";"0";"2";"4";"1";"1";""
"202100055163";"103Â 212";"B01";"0";"7";"0";"2";"1";"1";"1";""
"202100055163";"103Â 213";"A01";"0";"7";"0";"2";"1";"1";"1";""
"202100055164";"103Â 210";"A01";"0";"7";"15";"0";"1";"1";"1";""
"202100055165";"103Â 208";"B01";"3";"1";"0";"2";"7";"1";"0";""
"202100055165";"103Â 209";"A01";"1";"10";"0";"2";"1";"9";"1";""
"202100055166";"103Â 207";"A01";"3";"7";"2";"0";"1";"13";"1";""
"202100055167";"103Â 204";"A01";"3";"7";"0";"2";"7";"1";"1";""
"202100055167";"103Â 205";"C01";"3";"7";"0";"2";"1";"1";"1";""
"202100055167";"103Â 206";"B01";"3";"7";"0";"2";"1";"1";"1";""
"202100055168";"103Â 203";"A01";"1";"7";"0";"1";"2";"15";"1";""
"202100055169";"103Â 202";"A01";"1";"7";"0";"1";"1";"9";"3";""
"202100055170";"103Â 200";"B01";"1";"7";"0";"2";"2";"1";"1";""
"202100055170";"103Â 201";"A01";"3";"10";"0";"2";"1";"15";"1";""
"202100055171";"103Â 198";"B01";"3";"30";"0";"2";"1";"1";"1";""
"202100055171";"103Â 199";"A01";"3";"7";"0";"2";"5";"15";"1";""
"202100055172";"103Â 196";"B01";"2";"1";"0";"2";"1";"1";"0";""
"202100055172";"103Â 197";"A01";"3";"7";"0";"9";"3";"16";"1";""
"202100055173";"103Â 194";"A01";"2";"7";"0";"2";"2";"15";"1";""
"202100055173";"103Â 195";"B01";"1";"7";"0";"2";"3";"1";"1";""
"202100055174";"103Â 192";"B01";"2";"2";"0";"2";"1";"1";"1";""
"202100055174";"103Â 193";"A01";"1";"7";"0";"2";"1";"13";"1";""
"202100055175";"103Â 190";"A01";"2";"7";"0";"2";"2";"19";"1";""
"202100055175";"103Â 191";"B01";"1";"7";"0";"2";"3";"2";"1";""
"202100055176";"103Â 189";"A01";"1";"50";"0";"0";"0";"1";"3";""
"202100055177";"103Â 188";"A01";"1";"1";"0";"0";"0";"1";"5";""
"202100055178";"103Â 187";"A01";"1";"7";"0";"1";"1";"1";"1";""
"202100055179";"103Â 184";"A01";"2";"15";"0";"2";"6";"1";"1";""
"202100055179";"103Â 185";"B01";"2";"7";"0";"2";"2";"1";"1";""
"202100055179";"103Â 186";"C01";"2";"7";"0";"2";"3";"1";"1";""
"202100055180";"103Â 183";"A01";"1";"7";"0";"1";"1";"1";"1";""
"202100055181";"103Â 182";"A01";"1";"7";"0";"1";"1";"1";"1";""
"202100055182";"103Â 181";"A01";"1";"7";"14";"0";"1";"1";"1";""
"202100055183";"103Â 179";"B01";"2";"7";"0";"1";"1";"1";"1";""
"202100055183";"103Â 180";"A01";"1";"7";"0";"1";"3";"2";"1";""
"202100055184";"103Â 177";"B01";"3";"30";"0";"2";"4";"2";"1";""
"202100055184";"103Â 178";"A01";"3";"10";"0";"2";"1";"2";"1";""
"202100055185";"103Â 175";"B01";"2";"7";"0";"2";"4";"2";"1";""
"202100055185";"103Â 176";"A01";"2";"7";"0";"2";"1";"2";"1";""
"202100055186";"103Â 173";"A01";"2";"7";"0";"2";"1";"15";"1";""
"202100055186";"103Â 174";"B01";"1";"80";"0";"2";"8";"1";"3";""
"202100055187";"103Â 171";"A01";"2";"15";"0";"2";"3";"16";"1";""
"202100055187";"103Â 172";"B01";"1";"32";"0";"2";"1";"16";"1";""
"202100055188";"103Â 167";"B01";"2";"7";"0";"2";"1";"1";"3";""
"202100055188";"103Â 168";"A01";"1";"7";"0";"2";"9";"14";"1";""
"202100055188";"103Â 169";"C01";"1";"7";"0";"2";"6";"1";"1";""
"202100055188";"103Â 170";"Z01";"1";"7";"0";"2";"0";"0";"0";""
"202100055189";"103Â 166";"A01";"0";"3";"0";"1";"2";"1";"1";""
"202100055190";"103Â 164";"A01";"0";"30";"0";"2";"1";"17";"1";""
"202100055190";"103Â 165";"B01";"0";"7";"0";"2";"3";"15";"1";""
"202100055191";"103Â 163";"A01";"2";"10";"0";"1";"0";"1";"1";""
"202100055192";"103Â 161";"B01";"1";"43";"0";"2";"1";"1";"1";""
"202100055192";"103Â 162";"A01";"1";"7";"0";"2";"1";"9";"1";""
"202100055193";"103Â 159";"A01";"1";"7";"0";"2";"8";"15";"1";""
"202100055193";"103Â 160";"B01";"1";"2";"0";"2";"1";"17";"1";""
"202100055194";"103Â 158";"A01";"0";"7";"0";"1";"1";"1";"1";""
"202100055195";"103Â 156";"A01";"1";"7";"0";"2";"3";"16";"1";""
"202100055195";"103Â 157";"B01";"1";"7";"0";"2";"5";"1";"1";""
"202100055196";"103Â 154";"A01";"3";"10";"0";"2";"1";"1";"1";""
"202100055196";"103Â 155";"B01";"3";"7";"0";"2";"1";"1";"1";""
"202100055197";"103Â 152";"B01";"1";"7";"0";"2";"4";"2";"1";""
"202100055197";"103Â 153";"A01";"1";"7";"0";"2";"1";"2";"1";""
"202100055198";"103Â 150";"A01";"3";"7";"0";"2";"1";"2";"1";""
"202100055198";"103Â 151";"B01";"3";"10";"0";"2";"4";"23";"0";""
"202100055199";"103Â 149";"A01";"1";"7";"4";"0";"1";"13";"1";""
"202100055200";"103Â 147";"B01";"2";"7";"0";"2";"1";"1";"1";""
"202100055200";"103Â 148";"A01";"1";"7";"0";"2";"7";"26";"1";""
"202100055201";"103Â 145";"B01";"0";"7";"0";"2";"2";"1";"1";""
"202100055201";"103Â 146";"A01";"0";"7";"0";"2";"1";"1";"1";""
"202100055202";"103Â 143";"B01";"2";"10";"0";"2";"2";"17";"1";""
"202100055202";"103Â 144";"A01";"2";"7";"0";"2";"8";"15";"1";""
"202100055203";"103Â 141";"B01";"1";"7";"0";"2";"1";"1";"1";""
"202100055203";"103Â 142";"A01";"1";"1";"0";"2";"1";"11";"5";""
"202100055204";"103Â 139";"B01";"2";"7";"0";"2";"1";"7";"2";""
"202100055204";"103Â 140";"A01";"2";"2";"0";"2";"8";"15";"1";""
"202100055205";"103Â 138";"A01";"1";"31";"0";"0";"8";"1";"1";""
"202100055206";"103Â 136";"B01";"2";"1";"0";"2";"1";"1";"5";""
"202100055206";"103Â 137";"A01";"1";"30";"0";"2";"8";"5";"1";""
"202100055207";"103Â 134";"B01";"2";"7";"0";"2";"3";"9";"2";""
"202100055207";"103Â 135";"A01";"2";"30";"0";"2";"1";"1";"3";""
"202100055208";"103Â 132";"B01";"1";"10";"0";"2";"1";"1";"1";""
"202100055208";"103Â 133";"A01";"1";"7";"0";"2";"4";"1";"1";""
"202100055209";"103Â 130";"A01";"1";"10";"0";"2";"7";"12";"1";""
"202100055209";"103Â 131";"B01";"1";"43";"0";"2";"8";"7";"1";""
"202100055210";"103Â 128";"A01";"3";"7";"0";"2";"2";"15";"1";""
"202100055210";"103Â 129";"B01";"3";"33";"0";"2";"2";"1";"1";""
"202100055211";"103Â 127";"A01";"2";"37";"0";"0";"0";"1";"1";"2"
"202100055212";"103Â 125";"A01";"2";"7";"0";"2";"1";"15";"1";""
"202100055212";"103Â 126";"B01";"2";"1";"0";"2";"8";"1";"5";""
"202100055213";"103Â 124";"A01";"2";"7";"0";"1";"3";"1";"1";""
"202100055214";"103Â 123";"A01";"1";"32";"0";"1";"3";"1";"1";""
"202100055215";"103Â 121";"Z01";"1";"7";"0";"2";"0";"15";"1";""
"202100055215";"103Â 122";"B01";"2";"1";"0";"2";"0";"1";"5";""
"202100055216";"103Â 119";"B01";"3";"43";"0";"2";"1";"1";"1";""
"202100055216";"103Â 120";"A01";"3";"30";"0";"2";"8";"9";"1";""
"202100055217";"103Â 118";"A01";"3";"10";"0";"1";"4";"4";"1";""
"202100055218";"103Â 117";"A01";"2";"37";"0";"1";"1";"15";"3";"1"
"202100055219";"103Â 115";"A01";"1";"34";"0";"2";"1";"13";"1";""
"202100055219";"103Â 116";"B01";"1";"7";"0";"2";"6";"15";"1";""
"202100055220";"103Â 114";"A01";"1";"7";"0";"1";"1";"1";"1";""
"202100055221";"103Â 112";"B01";"2";"1";"0";"0";"0";"15";"5";""
"202100055221";"103Â 113";"A01";"2";"34";"0";"2";"3";"17";"1";""
"202100055222";"103Â 111";"A01";"2";"7";"12";"0";"2";"1";"1";""
"202100055223";"103Â 109";"A01";"1";"80";"1";"2";"7";"1";"3";""
"202100055223";"103Â 110";"Z01";"1";"7";"0";"2";"8";"24";"3";""
"202100055224";"103Â 107";"B01";"1";"2";"0";"2";"2";"17";"1";""
"202100055224";"103Â 108";"A01";"1";"7";"0";"2";"6";"17";"1";""
"202100055225";"103Â 106";"Z01";"1";"7";"0";"1";"1";"1";"0";""
"202100055226";"103Â 105";"A01";"2";"7";"8";"0";"1";"13";"1";""
"202100055227";"103Â 103";"B01";"0";"7";"1";"0";"7";"1";"1";""
"202100055227";"103Â 104";"A01";"0";"7";"1";"0";"1";"9";"1";""
"202100055228";"103Â 101";"B01";"2";"32";"0";"2";"4";"1";"1";""
"202100055228";"103Â 102";"A01";"2";"7";"0";"2";"1";"1";"1";""
"202100055229";"103Â 099";"B01";"2";"2";"0";"2";"1";"2";"1";""
"202100055229";"103Â 100";"A01";"1";"7";"1";"0";"3";"26";"1";""
"202100055230";"103Â 097";"A01";"2";"7";"0";"2";"8";"13";"1";""
"202100055230";"103Â 098";"B01";"2";"37";"0";"2";"2";"1";"1";"1"
"202100055231";"103Â 096";"A01";"2";"30";"0";"1";"1";"21";"1";""
"202100055232";"103Â 093";"A01";"1";"10";"0";"2";"1";"1";"1";""
"202100055232";"103Â 094";"B01";"1";"7";"0";"2";"4";"23";"1";""
"202100055232";"103Â 095";"C01";"1";"7";"0";"2";"4";"23";"1";""
"202100055233";"103Â 091";"B01";"2";"7";"0";"2";"8";"15";"1";""
"202100055233";"103Â 092";"A01";"2";"32";"0";"2";"2";"17";"1";""
"202100055234";"103Â 090";"A01";"1";"32";"0";"1";"1";"1";"1";""
"202100055235";"103Â 089";"A01";"1";"10";"0";"1";"8";"1";"1";""
"202100055236";"103Â 087";"A01";"1";"7";"0";"2";"3";"15";"1";""
"202100055236";"103Â 088";"B01";"2";"7";"0";"2";"1";"1";"1";""
"202100055237";"103Â 086";"A01";"1";"7";"0";"1";"3";"15";"1";""
"202100055238";"103Â 085";"A01";"1";"7";"13";"0";"1";"1";"1";""
"202100055239";"103Â 083";"B01";"2";"7";"0";"2";"3";"1";"1";""
"202100055239";"103Â 084";"A01";"1";"1";"0";"2";"1";"19";"5";""
"202100055240";"103Â 081";"A01";"3";"7";"0";"2";"1";"1";"1";""
"202100055240";"103Â 082";"B01";"3";"1";"0";"0";"1";"1";"5";""
"202100055241";"103Â 080";"A01";"2";"7";"2";"0";"2";"1";"0";""
"202100055242";"103Â 078";"B01";"0";"2";"0";"2";"1";"1";"1";""
"202100055242";"103Â 079";"A01";"3";"7";"0";"2";"6";"9";"1";""
"202100055243";"103Â 077";"A01";"0";"15";"0";"0";"0";"1";"1";""
"202100055244";"103Â 073";"A01";"1";"7";"0";"2";"1";"1";"1";""
"202100055244";"103Â 074";"B01";"1";"10";"0";"2";"4";"1";"1";""
"202100055244";"103Â 075";"C01";"1";"10";"0";"0";"6";"1";"1";""
"202100055245";"103Â 072";"A01";"1";"7";"2";"0";"0";"1";"1";""
"202100055246";"103Â 071";"A01";"1";"7";"0";"1";"1";"1";"1";""
"202100055247";"103Â 070";"A01";"1";"7";"13";"0";"2";"1";"1";""
"202100055248";"103Â 069";"A01";"0";"7";"0";"1";"2";"1";"0";""
"202100055249";"103Â 065";"D01";"1";"10";"0";"2";"1";"2";"1";""
"202100055249";"103Â 066";"C01";"1";"7";"0";"2";"4";"2";"1";""
"202100055249";"103Â 067";"B01";"1";"7";"0";"2";"4";"0";"1";""
"202100055249";"103Â 068";"A01";"1";"7";"0";"0";"4";"1";"1";""
"202100055250";"103Â 064";"A01";"2";"15";"3";"0";"3";"13";"1";""
"202100055251";"103Â 062";"B01";"2";"7";"6";"0";"8";"15";"3";""
"202100055251";"103Â 063";"A01";"2";"7";"0";"2";"2";"13";"1";""
"202100055252";"103Â 061";"A01";"1";"7";"0";"1";"3";"0";"1";""
"202100055253";"103Â 059";"B01";"2";"7";"0";"2";"3";"1";"1";""
"202100055253";"103Â 060";"A01";"1";"7";"0";"2";"3";"17";"1";""
"202100055254";"103Â 057";"A01";"1";"2";"0";"2";"1";"15";"1";""
"202100055254";"103Â 058";"B01";"2";"7";"0";"2";"3";"1";"1";""
"202100055255";"103Â 056";"A01";"3";"32";"0";"0";"0";"1";"1";""
"202100055256";"103Â 054";"B01";"1";"7";"0";"2";"1";"1";"1";""
"202100055256";"103Â 055";"A01";"2";"7";"0";"2";"1";"1";"1";""
"202100055257";"103Â 052";"A01";"2";"7";"0";"2";"1";"0";"1";""
"202100055257";"103Â 053";"B01";"1";"7";"0";"2";"1";"1";"1";""
"202100055258";"103Â 051";"A01";"2";"7";"0";"1";"1";"1";"1";""
"202100055259";"103Â 049";"B01";"1";"99";"0";"0";"4";"0";"1";""
"202100055259";"103Â 050";"A01";"1";"10";"0";"0";"1";"17";"1";""
"202100055260";"103Â 047";"A01";"1";"7";"0";"6";"1";"1";"1";""
"202100055261";"103Â 045";"B01";"1";"7";"0";"2";"5";"0";"1";""
"202100055261";"103Â 046";"A01";"2";"7";"0";"2";"1";"0";"1";""
"202100055262";"103Â 043";"B01";"3";"7";"7";"0";"7";"1";"1";""
"202100055262";"103Â 044";"A01";"3";"7";"0";"2";"1";"1";"1";""
"202100055263";"103Â 041";"B01";"1";"7";"0";"2";"1";"26";"1";""
"202100055263";"103Â 042";"A01";"1";"7";"0";"2";"4";"26";"1";""
"202100055264";"103Â 039";"B01";"2";"7";"4";"0";"4";"2";"2";""