"Num_Acc";"id_vehicule";"num_veh";"senc";"catv";"obs";"obsm";"choc";"manv";"motor";"occutc"
"202100055264";"103Â 040";"A01";"2";"15";"0";"2";"1";"2";"1";""
"202100055265";"103Â 037";"A01";"2";"10";"0";"2";"7";"12";"1";""
"202100055265";"103Â 038";"B01";"2";"33";"0";"2";"1";"3";"1";""
"202100055266";"103Â 034";"B01";"2";"33";"0";"2";"1";"1";"1";""
"202100055266";"103Â 035";"A01";"2";"7";"0";"2";"1";"1";"1";""
"202100055266";"103Â 036";"C01";"2";"7";"0";"2";"4";"1";"1";""
"202100055267";"103Â 029";"F01";"2";"10";"0";"2";"4";"2";"1";""
"202100055267";"103Â 030";"E01";"2";"7";"0";"2";"1";"2";"1";""
"202100055267";"103Â 031";"C01";"2";"7";"0";"2";"1";"2";"1";""
"202100055267";"103Â 032";"B01";"2";"7";"0";"2";"1";"2";"1";""
"202100055267";"103Â 033";"A01";"2";"7";"0";"2";"1";"2";"1";""
"202100055268";"103Â 027";"A01";"3";"32";"0";"2";"1";"19";"1";""
"202100055268";"103Â 028";"B01";"3";"10";"0";"2";"7";"19";"1";""
"202100055269";"103Â 025";"A01";"3";"7";"0";"2";"2";"15";"1";""
"202100055269";"103Â 026";"B01";"3";"2";"0";"2";"1";"2";"1";""
"202100055270";"103Â 023";"A01";"1";"1";"0";"2";"7";"19";"0";""
"202100055270";"103Â 024";"B01";"1";"7";"0";"2";"1";"1";"1";""
"202100055271";"103Â 021";"B01";"2";"7";"0";"2";"2";"9";"1";""
"202100055271";"103Â 022";"A01";"2";"32";"0";"2";"2";"26";"1";""
"202100055272";"103Â 020";"A01";"2";"7";"0";"1";"1";"1";"1";""
"202100055273";"103Â 019";"A01";"1";"7";"0";"1";"7";"1";"1";""
"202100055274";"103Â 018";"A01";"1";"13";"0";"1";"1";"1";"1";""
"202100055275";"103Â 017";"A01";"1";"32";"1";"0";"1";"13";"1";""
"202100055276";"103Â 016";"A01";"3";"7";"0";"2";"2";"17";"1";""
"202100055277";"103Â 013";"A01";"3";"7";"0";"2";"3";"15";"1";""
"202100055277";"103Â 014";"B01";"3";"1";"0";"2";"8";"16";"5";""
"202100055278";"103Â 012";"A01";"1";"7";"0";"1";"1";"1";"1";""
"202100055279";"103Â 010";"B01";"2";"7";"0";"2";"4";"2";"2";""
"202100055279";"103Â 011";"A01";"2";"7";"0";"2";"1";"2";"1";""
"202100055280";"103Â 008";"B01";"3";"30";"0";"2";"0";"0";"1";""
"202100055280";"103Â 009";"A01";"1";"37";"0";"2";"1";"15";"1";"1"
"202100055281";"103Â 005";"A01";"1";"33";"0";"2";"1";"2";"1";""
"202100055281";"103Â 006";"B01";"1";"7";"0";"2";"4";"2";"1";""
"202100055281";"103Â 007";"C01";"1";"7";"0";"2";"4";"2";"1";""
"202100055282";"103Â 003";"A01";"3";"7";"0";"2";"5";"15";"0";""
"202100055282";"103Â 004";"B01";"0";"2";"0";"2";"1";"1";"1";""
"202100055283";"103Â 001";"B01";"0";"2";"0";"2";"6";"1";"1";""
"202100055283";"103Â 002";"A01";"0";"7";"0";"2";"8";"10";"1";""
"202100055284";"103Â 000";"A01";"1";"7";"0";"1";"2";"26";"1";""
"202100055285";"102Â 998";"A01";"1";"7";"0";"2";"8";"10";"1";""
"202100055285";"102Â 999";"B01";"1";"7";"0";"2";"1";"2";"1";""
"202100055286";"102Â 997";"A01";"1";"7";"0";"1";"1";"1";"1";""
"202100055287";"102Â 996";"A01";"3";"7";"0";"1";"1";"1";"1";""
"202100055288";"102Â 994";"B01";"2";"7";"0";"2";"4";"0";"1";""
"202100055288";"102Â 995";"A01";"2";"37";"0";"2";"1";"1";"1";"1"
"202100055289";"102Â 992";"B01";"1";"7";"0";"2";"1";"1";"1";""
"202100055289";"102Â 993";"A01";"2";"7";"0";"2";"7";"1";"1";""
"202100055290";"102Â 990";"B01";"1";"7";"1";"0";"4";"2";"1";""
"202100055290";"102Â 991";"A01";"1";"7";"0";"2";"1";"26";"1";""
"202100055291";"102Â 988";"B01";"1";"32";"0";"2";"1";"1";"1";""
"202100055291";"102Â 989";"A01";"2";"10";"0";"2";"2";"19";"1";""
"202100055292";"102Â 987";"A01";"3";"7";"0";"1";"1";"16";"1";""
"202100055293";"102Â 985";"Z01";"2";"7";"0";"2";"2";"17";"1";""
"202100055293";"102Â 986";"B01";"2";"7";"0";"2";"6";"23";"1";""
"202100055294";"102Â 983";"B01";"1";"2";"0";"2";"1";"1";"1";""
"202100055294";"102Â 984";"A01";"2";"7";"0";"2";"3";"15";"1";""
"202100055295";"102Â 981";"B01";"3";"32";"0";"2";"5";"23";"1";""
"202100055295";"102Â 982";"A01";"3";"13";"0";"2";"1";"1";"0";""
"202100055296";"102Â 980";"A01";"3";"20";"0";"1";"3";"10";"1";""
"202100055297";"102Â 978";"A01";"3";"7";"0";"2";"1";"1";"1";""
"202100055297";"102Â 979";"B01";"3";"7";"0";"2";"1";"0";"1";""
"202100055298";"102Â 977";"A01";"2";"7";"0";"1";"3";"1";"1";""
"202100055299";"102Â 976";"A01";"1";"7";"0";"1";"2";"1";"1";""
"202100055300";"102Â 975";"A01";"1";"7";"0";"1";"8";"1";"1";""
"202100055301";"102Â 974";"A01";"3";"7";"0";"1";"1";"16";"1";""
"202100055302";"102Â 973";"A01";"1";"7";"0";"1";"1";"1";"1";""
"202100055303";"102Â 972";"A01";"2";"7";"0";"1";"1";"1";"1";""
"202100055304";"102Â 971";"A01";"3";"7";"0";"1";"2";"15";"1";""
"202100055305";"102Â 968";"B01";"1";"7";"0";"2";"4";"23";"1";""
"202100055305";"102Â 969";"A01";"1";"10";"0";"2";"1";"1";"1";""
"202100055305";"102Â 970";"C01";"1";"7";"0";"0";"4";"23";"1";""
"202100055306";"102Â 967";"A01";"1";"7";"0";"1";"1";"15";"1";""
"202100055307";"102Â 966";"A01";"1";"3";"0";"1";"1";"1";"1";""
"202100055308";"102Â 965";"A01";"2";"3";"6";"0";"1";"9";"1";""
"202100055309";"102Â 964";"A01";"1";"7";"13";"0";"6";"1";"1";""
"202100055310";"102Â 963";"A01";"1";"7";"8";"0";"1";"1";"1";""
"202100055311";"102Â 961";"B01";"3";"7";"0";"2";"1";"1";"1";""
"202100055311";"102Â 962";"A01";"3";"7";"0";"2";"3";"15";"1";""
"202100055312";"102Â 959";"B01";"3";"1";"0";"2";"0";"1";"5";""
"202100055312";"102Â 960";"A01";"3";"7";"0";"2";"1";"17";"1";""
"202100055313";"102Â 957";"B01";"1";"7";"0";"2";"2";"19";"1";""
"202100055313";"102Â 958";"A01";"1";"99";"0";"2";"3";"19";"1";""
"202100055314";"102Â 955";"A01";"2";"7";"0";"2";"7";"1";"1";""
"202100055314";"102Â 956";"B01";"3";"7";"0";"2";"3";"0";"1";""
"202100055315";"102Â 954";"A01";"1";"60";"0";"2";"1";"1";"5";""
"202100055316";"102Â 953";"A01";"3";"30";"0";"0";"8";"15";"3";""
"202100055317";"102Â 952";"A01";"1";"7";"0";"1";"1";"1";"1";""
"202100055318";"102Â 950";"B01";"2";"7";"0";"2";"2";"1";"1";""
"202100055318";"102Â 951";"A01";"2";"30";"0";"2";"1";"18";"1";""
"202100055319";"102Â 948";"B01";"3";"30";"0";"2";"1";"1";"1";""
"202100055319";"102Â 949";"A01";"3";"7";"0";"2";"3";"15";"1";""
"202100055320";"102Â 946";"B01";"2";"7";"0";"2";"4";"2";"1";""
"202100055320";"102Â 947";"A01";"2";"7";"0";"2";"1";"2";"1";""
"202100055321";"102Â 944";"B01";"2";"1";"0";"2";"1";"1";"0";""
"202100055321";"102Â 945";"A01";"2";"7";"0";"2";"5";"16";"2";""
"202100055322";"102Â 942";"Z01";"3";"7";"1";"1";"1";"1";"1";""
"202100055322";"102Â 943";"B01";"3";"13";"0";"0";"7";"24";"0";""
"202100055323";"102Â 940";"B01";"3";"37";"0";"2";"3";"1";"0";"3"
"202100055323";"102Â 941";"A01";"3";"7";"0";"2";"7";"16";"1";""
"202100055324";"102Â 939";"A01";"3";"7";"0";"1";"2";"1";"1";""
"202100055325";"102Â 937";"A01";"1";"7";"0";"2";"2";"15";"1";""
"202100055325";"102Â 938";"B01";"2";"32";"0";"2";"1";"1";"1";""
"202100055326";"102Â 935";"A01";"2";"33";"0";"2";"7";"17";"1";""
"202100055326";"102Â 936";"B01";"0";"7";"0";"2";"8";"1";"1";""
"202100055327";"102Â 933";"B01";"1";"7";"0";"2";"1";"1";"1";""
"202100055327";"102Â 934";"A01";"2";"7";"0";"2";"6";"9";"1";""
"202100055328";"102Â 932";"A01";"3";"7";"0";"1";"2";"16";"6";""
"202100055329";"102Â 931";"A01";"3";"7";"0";"1";"2";"15";"1";""
"202100055330";"102Â 929";"B01";"2";"1";"0";"2";"3";"1";"5";""
"202100055330";"102Â 930";"A01";"2";"7";"0";"2";"2";"21";"1";""
"202100055331";"102Â 928";"A01";"1";"7";"0";"1";"1";"1";"1";""
"202100055332";"102Â 926";"A01";"1";"7";"0";"2";"4";"23";"1";""
"202100055332";"102Â 927";"B01";"1";"7";"0";"2";"2";"26";"1";""
"202100055333";"102Â 924";"B01";"0";"1";"0";"0";"0";"0";"5";""
"202100055333";"102Â 925";"A01";"0";"7";"0";"2";"4";"4";"1";""
"202100055334";"102Â 923";"A01";"1";"7";"0";"0";"0";"1";"1";""
"202100055335";"102Â 922";"A01";"1";"7";"0";"1";"1";"1";"1";""
"202100055336";"102Â 920";"A01";"1";"30";"0";"2";"1";"17";"1";""
"202100055336";"102Â 921";"B01";"1";"7";"0";"2";"3";"15";"1";""
"202100055337";"102Â 919";"A01";"3";"32";"0";"1";"0";"1";"1";""
"202100055338";"102Â 916";"C01";"1";"7";"0";"2";"1";"1";"1";""
"202100055338";"102Â 917";"B01";"2";"7";"0";"2";"8";"1";"1";""
"202100055338";"102Â 918";"A01";"1";"10";"0";"2";"1";"15";"1";""
"202100055339";"102Â 914";"A01";"2";"7";"0";"2";"1";"15";"1";""
"202100055339";"102Â 915";"B01";"1";"2";"1";"2";"1";"1";"1";""
"202100055340";"102Â 912";"A01";"3";"30";"8";"2";"8";"1";"1";""
"202100055340";"102Â 913";"B01";"0";"7";"0";"2";"2";"1";"1";""
"202100055341";"102Â 911";"A01";"3";"33";"12";"0";"1";"1";"1";""
"202100055342";"102Â 910";"A01";"2";"7";"0";"1";"1";"15";"1";""
"202100055343";"102Â 909";"A01";"1";"7";"0";"1";"3";"15";"1";""
"202100055344";"102Â 908";"Z01";"1";"7";"0";"1";"1";"1";"0";""
"202100055345";"102Â 906";"A01";"2";"10";"0";"2";"8";"11";"1";""
"202100055345";"102Â 907";"B01";"2";"31";"0";"2";"2";"3";"1";""
"202100055346";"102Â 905";"A01";"2";"32";"4";"2";"8";"13";"1";""
"202100055347";"102Â 904";"A01";"2";"7";"0";"1";"2";"1";"1";""
"202100055348";"102Â 902";"A01";"1";"7";"0";"2";"7";"1";"1";""
"202100055348";"102Â 903";"B01";"1";"34";"0";"2";"8";"17";"1";""
"202100055349";"102Â 901";"A01";"1";"43";"12";"0";"1";"13";"1";""
"202100055350";"102Â 900";"A01";"2";"33";"0";"1";"1";"17";"1";""
"202100055351";"102Â 898";"B01";"3";"7";"0";"2";"4";"23";"1";""
"202100055351";"102Â 899";"A01";"3";"14";"0";"2";"1";"1";"1";""
"202100055352";"102Â 896";"A01";"1";"7";"0";"2";"6";"4";"1";""
"202100055352";"102Â 897";"B01";"1";"2";"0";"2";"1";"17";"1";""
"202100055353";"102Â 894";"B01";"1";"10";"1";"2";"6";"1";"1";""
"202100055353";"102Â 895";"A01";"2";"7";"0";"2";"1";"1";"1";""
"202100055354";"102Â 892";"B01";"2";"50";"0";"2";"3";"1";"3";""
"202100055354";"102Â 893";"A01";"2";"7";"0";"2";"8";"15";"1";""
"202100055355";"102Â 890";"Z01";"2";"10";"0";"2";"1";"1";"0";""
"202100055355";"102Â 891";"A01";"2";"30";"0";"2";"0";"1";"1";""
"202100055356";"102Â 888";"B01";"1";"10";"0";"2";"6";"15";"1";""
"202100055356";"102Â 889";"A01";"1";"30";"0";"2";"2";"17";"1";""
"202100055357";"102Â 887";"A01";"2";"7";"0";"1";"1";"1";"1";""
"202100055358";"102Â 885";"A01";"1";"10";"0";"2";"2";"15";"1";""
"202100055358";"102Â 886";"B01";"2";"30";"0";"2";"3";"1";"1";""
"202100055359";"102Â 884";"A01";"1";"7";"0";"1";"2";"1";"1";""
"202100055360";"102Â 883";"A01";"2";"7";"0";"1";"3";"15";"2";""
"202100055361";"102Â 882";"A01";"1";"10";"0";"1";"1";"9";"1";""
"202100055362";"102Â 880";"A01";"2";"7";"0";"2";"4";"4";"1";""
"202100055362";"102Â 881";"B01";"2";"10";"0";"2";"7";"21";"1";""
"202100055363";"102Â 879";"A01";"1";"1";"0";"0";"0";"1";"5";""
"202100055364";"102Â 875";"A01";"2";"10";"0";"2";"1";"9";"3";""
"202100055364";"102Â 876";"B01";"2";"7";"0";"2";"5";"1";"3";""
"202100055364";"102Â 877";"C01";"2";"7";"0";"2";"5";"2";"1";""
"202100055364";"102Â 878";"D01";"2";"7";"0";"2";"2";"2";"1";""
"202100055365";"102Â 874";"A01";"1";"10";"1";"1";"2";"1";"1";""
"202100055366";"102Â 873";"A01";"2";"7";"0";"1";"8";"15";"1";""
"202100055367";"102Â 871";"B01";"2";"7";"0";"2";"1";"2";"1";""
"202100055367";"102Â 872";"FA01";"2";"1";"0";"2";"8";"19";"5";""
"202100055368";"102Â 870";"A01";"1";"33";"0";"1";"1";"1";"1";""
"202100055369";"102Â 867";"C01";"1";"7";"0";"2";"3";"15";"1";""
"202100055369";"102Â 868";"A01";"1";"7";"0";"2";"1";"1";"1";""
"202100055369";"102Â 869";"B01";"1";"7";"0";"2";"4";"1";"1";""
"202100055370";"102Â 866";"A01";"1";"7";"0";"1";"3";"15";"1";""
"202100055371";"102Â 864";"B01";"1";"7";"0";"2";"1";"15";"1";""
"202100055371";"102Â 865";"A01";"1";"7";"0";"2";"8";"1";"1";""
"202100055372";"102Â 862";"A01";"3";"7";"0";"2";"1";"26";"1";""
"202100055372";"102Â 863";"B01";"3";"99";"0";"0";"0";"25";"0";""
"202100055373";"102Â 861";"A01";"3";"7";"12";"0";"9";"2";"0";""
"202100055374";"102Â 860";"A01";"1";"7";"0";"1";"3";"15";"1";""
"202100055375";"102Â 859";"A01";"1";"30";"0";"0";"8";"1";"1";""
"202100055376";"102Â 858";"A01";"0";"7";"0";"1";"1";"15";"1";""
"202100055377";"102Â 857";"A01";"1";"30";"0";"1";"2";"1";"1";""
"202100055378";"102Â 856";"A01";"2";"10";"0";"1";"4";"4";"1";""
"202100055379";"102Â 854";"B01";"2";"7";"0";"2";"4";"0";"1";""
"202100055379";"102Â 855";"A01";"2";"7";"0";"2";"1";"0";"1";""
"202100055380";"102Â 853";"Z01";"1";"7";"0";"1";"1";"16";"0";""
"202100055381";"102Â 851";"B01";"1";"7";"0";"2";"6";"1";"2";""
"202100055381";"102Â 852";"A01";"1";"30";"0";"2";"6";"12";"3";""
"202100055382";"102Â 849";"B01";"2";"7";"0";"2";"1";"1";"1";""
"202100055382";"102Â 850";"A01";"2";"30";"0";"2";"4";"18";"1";""
"202100055383";"102Â 848";"A01";"1";"32";"0";"0";"0";"0";"1";""
"202100055384";"102Â 846";"A01";"1";"7";"0";"0";"9";"14";"1";""
"202100055385";"102Â 845";"A01";"1";"7";"0";"1";"2";"1";"1";""
"202100055386";"102Â 844";"A01";"1";"7";"2";"0";"1";"1";"1";""
"202100055387";"102Â 843";"A01";"0";"7";"6";"0";"3";"1";"1";""
"202100055388";"102Â 841";"A01";"2";"7";"0";"2";"3";"19";"1";""
"202100055388";"102Â 842";"B01";"2";"7";"0";"2";"2";"1";"1";""
"202100055389";"102Â 839";"B01";"2";"2";"0";"2";"3";"1";"1";""
"202100055389";"102Â 840";"A01";"1";"2";"0";"2";"3";"13";"1";""
"202100055390";"102Â 837";"B01";"2";"33";"0";"2";"1";"17";"1";""
"202100055390";"102Â 838";"A01";"3";"10";"0";"2";"3";"19";"1";""
"202100055391";"102Â 836";"A01";"1";"7";"0";"1";"4";"4";"1";""
"202100055392";"102Â 834";"B01";"1";"7";"0";"2";"1";"1";"1";""
"202100055392";"102Â 835";"A01";"2";"7";"0";"2";"1";"13";"1";""
"202100055393";"102Â 832";"B01";"1";"2";"0";"2";"8";"1";"1";""
"202100055393";"102Â 833";"A01";"2";"7";"0";"2";"1";"1";"1";""
"202100055394";"102Â 831";"A01";"1";"7";"0";"1";"2";"1";"1";""
"202100055395";"102Â 830";"A01";"2";"10";"0";"1";"4";"4";"1";""
"202100055396";"102Â 827";"A01";"2";"15";"0";"0";"4";"1";"1";""
"202100055396";"102Â 828";"B01";"2";"7";"0";"2";"1";"1";"1";""
"202100055396";"102Â 829";"C01";"2";"7";"0";"2";"1";"1";"1";""
"202100055397";"102Â 825";"A01";"2";"10";"0";"2";"8";"17";"1";""
"202100055397";"102Â 826";"B01";"1";"30";"0";"2";"3";"1";"1";""
"202100055398";"102Â 824";"A01";"1";"7";"7";"0";"9";"1";"1";""
"202100055399";"102Â 822";"A01";"0";"7";"0";"2";"1";"11";"1";""
"202100055399";"102Â 823";"B01";"0";"7";"0";"2";"1";"1";"1";""
"202100055400";"102Â 821";"A01";"1";"7";"6";"0";"1";"1";"1";""
"202100055401";"102Â 820";"A01";"1";"7";"13";"0";"4";"1";"0";""
"202100055402";"102Â 816";"C01";"2";"7";"0";"2";"6";"1";"1";""
"202100055402";"102Â 817";"D01";"2";"7";"0";"2";"3";"1";"1";""
"202100055402";"102Â 818";"B01";"2";"7";"0";"2";"8";"1";"1";""
"202100055402";"102Â 819";"A01";"1";"7";"0";"2";"3";"13";"1";""
"202100055403";"102Â 814";"A01";"1";"7";"0";"2";"1";"17";"1";""
"202100055403";"102Â 815";"B01";"1";"7";"13";"0";"4";"13";"1";""
"202100055404";"102Â 810";"B01";"2";"17";"0";"2";"1";"1";"1";""
"202100055404";"102Â 811";"A01";"1";"14";"0";"2";"1";"13";"1";""
"202100055405";"102Â 809";"A01";"3";"7";"0";"1";"1";"1";"1";""
"202100055406";"102Â 808";"A01";"1";"7";"3";"0";"2";"14";"1";""
"202100055407";"102Â 807";"A01";"3";"10";"3";"0";"2";"0";"1";""
"202100055408";"102Â 806";"A01";"3";"32";"6";"0";"1";"1";"1";""
"202100055409";"102Â 805";"A01";"2";"7";"9";"0";"1";"1";"1";""
"202100055410";"102Â 803";"B01";"0";"7";"0";"2";"3";"23";"1";""
"202100055410";"102Â 804";"A01";"0";"7";"0";"2";"3";"16";"1";""
"202100055411";"102Â 802";"A01";"1";"7";"8";"0";"1";"1";"1";""
"202100055412";"102Â 800";"B01";"3";"7";"0";"2";"3";"1";"1";""
"202100055412";"102Â 801";"A01";"3";"7";"0";"2";"1";"13";"1";""
"202100055413";"102Â 798";"A01";"1";"7";"0";"2";"3";"13";"1";""
"202100055413";"102Â 799";"B01";"2";"7";"0";"2";"3";"1";"1";""
"202100055414";"102Â 797";"A01";"1";"7";"0";"1";"3";"1";"1";""
"202100055415";"102Â 796";"A01";"2";"33";"3";"0";"7";"17";"1";""
"202100055416";"102Â 795";"A01";"1";"7";"0";"9";"0";"1";"1";""
"202100055417";"102Â 793";"B01";"1";"7";"0";"2";"4";"2";"1";""
"202100055417";"102Â 794";"A01";"1";"7";"0";"2";"1";"2";"1";""
"202100055418";"102Â 790";"C01";"1";"7";"1";"2";"1";"2";"1";""
"202100055418";"102Â 791";"B01";"1";"7";"3";"0";"1";"2";"1";""
"202100055418";"102Â 792";"A01";"1";"7";"0";"2";"4";"23";"1";""
"202100055419";"102Â 789";"A01";"1";"7";"4";"0";"3";"1";"1";""
"202100055420";"102Â 787";"A01";"1";"7";"0";"2";"3";"9";"1";""
"202100055420";"102Â 788";"B01";"1";"14";"0";"2";"2";"26";"1";""
"202100055421";"102Â 784";"C01";"2";"10";"0";"2";"4";"2";"1";""
"202100055421";"102Â 785";"A01";"2";"99";"0";"2";"1";"2";"1";""
"202100055421";"102Â 786";"B01";"2";"7";"0";"2";"4";"2";"1";""
"202100055422";"102Â 782";"A01";"2";"7";"0";"2";"3";"12";"1";""
"202100055422";"102Â 783";"B01";"2";"10";"0";"2";"5";"2";"1";""
"202100055423";"102Â 781";"A01";"2";"7";"4";"0";"8";"2";"1";""
"202100055424";"102Â 780";"A01";"2";"7";"4";"0";"2";"14";"1";""
"202100055425";"102Â 779";"A01";"2";"7";"3";"0";"3";"2";"1";""
"202100055426";"102Â 778";"A01";"2";"7";"4";"0";"3";"13";"1";""
"202100055427";"102Â 774";"A01";"2";"33";"0";"2";"8";"3";"1";""
"202100055427";"102Â 775";"B01";"2";"7";"0";"2";"2";"12";"1";""
"202100055427";"102Â 776";"C01";"2";"7";"0";"2";"7";"1";"1";""
"202100055427";"102Â 777";"D01";"2";"7";"0";"2";"6";"1";"1";""
"202100055428";"102Â 773";"A01";"2";"33";"0";"0";"0";"2";"1";""
"202100055429";"102Â 771";"B01";"1";"7";"0";"2";"1";"1";"1";""
"202100055429";"102Â 772";"A01";"1";"10";"0";"2";"4";"1";"1";""
"202100055430";"102Â 769";"A01";"2";"7";"0";"2";"0";"11";"1";""
"202100055430";"102Â 770";"B01";"2";"7";"0";"2";"0";"2";"1";""
"202100055431";"102Â 768";"A01";"1";"10";"0";"1";"1";"21";"1";""
"202100055432";"102Â 767";"A01";"1";"30";"14";"0";"0";"26";"1";""
"202100055433";"102Â 766";"A01";"2";"10";"4";"0";"1";"15";"1";""
"202100055434";"102Â 765";"A01";"3";"7";"0";"1";"1";"1";"1";""
"202100055435";"102Â 764";"A01";"1";"7";"1";"0";"2";"1";"1";""
"202100055436";"102Â 763";"A01";"1";"7";"1";"0";"2";"14";"1";""
"202100055437";"102Â 762";"A01";"2";"30";"14";"0";"1";"17";"1";""
"202100055438";"102Â 760";"A01";"2";"7";"0";"9";"0";"1";"1";""
"202100055438";"102Â 761";"B01";"1";"1";"0";"2";"0";"15";"0";""
"202100055439";"102Â 758";"A01";"1";"10";"0";"2";"2";"13";"1";""
"202100055439";"102Â 759";"B01";"2";"7";"0";"2";"2";"1";"1";""
"202100055440";"102Â 757";"A01";"2";"7";"0";"1";"3";"1";"1";""
"202100055441";"102Â 755";"B01";"1";"33";"0";"2";"0";"26";"1";""
"202100055441";"102Â 756";"A01";"1";"10";"0";"2";"2";"0";"1";""
"202100055442";"102Â 753";"A01";"3";"31";"0";"2";"0";"26";"0";""
"202100055442";"102Â 754";"B01";"3";"7";"5";"2";"3";"1";"6";""
"202100055443";"102Â 751";"B01";"2";"33";"0";"2";"7";"3";"1";""
"202100055443";"102Â 752";"A01";"2";"7";"0";"2";"8";"11";"1";""
"202100055444";"102Â 750";"A01";"1";"7";"15";"0";"1";"19";"1";""
"202100055445";"102Â 748";"B01";"3";"7";"0";"2";"8";"1";"1";""
"202100055445";"102Â 749";"A01";"1";"7";"0";"2";"1";"1";"1";""
"202100055446";"102Â 746";"B01";"2";"33";"0";"2";"3";"1";"1";""
"202100055446";"102Â 747";"A01";"1";"7";"0";"2";"3";"15";"1";""
"202100055447";"102Â 744";"B01";"1";"2";"0";"2";"1";"1";"1";""
"202100055447";"102Â 745";"A01";"1";"7";"0";"2";"2";"15";"1";""
"202100055448";"102Â 742";"B01";"2";"7";"0";"2";"1";"5";"1";""
"202100055448";"102Â 743";"A01";"1";"7";"0";"2";"1";"0";"1";""
"202100055449";"102Â 741";"A01";"1";"7";"0";"1";"1";"1";"1";""
"202100055450";"102Â 738";"A01";"1";"7";"11";"0";"0";"6";"1";""
"202100055450";"102Â 739";"B01";"1";"7";"0";"2";"1";"1";"1";""
"202100055450";"102Â 740";"C01";"1";"7";"0";"2";"3";"1";"1";""
"202100055451";"102Â 736";"B01";"2";"30";"0";"2";"1";"1";"3";""
"202100055451";"102Â 737";"A01";"2";"7";"0";"2";"3";"23";"1";""
"202100055452";"102Â 734";"A01";"1";"2";"0";"2";"1";"1";"1";""
"202100055452";"102Â 735";"B01";"2";"7";"0";"2";"2";"1";"1";""
"202100055453";"102Â 733";"A01";"1";"33";"0";"0";"8";"1";"1";""
"202100055454";"102Â 732";"A01";"2";"7";"13";"0";"1";"13";"1";""
"202100055455";"102Â 726";"A01";"2";"10";"0";"2";"1";"1";"1";""
"202100055455";"102Â 727";"E01";"2";"7";"0";"2";"4";"23";"1";""
"202100055455";"102Â 728";"D01";"2";"7";"0";"2";"4";"23";"1";""
"202100055455";"102Â 729";"C01";"2";"7";"0";"2";"4";"23";"1";""
"202100055455";"102Â 730";"B01";"2";"7";"0";"2";"4";"23";"1";""
"202100055456";"102Â 724";"A01";"3";"7";"0";"2";"1";"1";"1";""
"202100055456";"102Â 725";"B01";"3";"2";"0";"2";"1";"1";"1";""
"202100055457";"102Â 722";"Z01";"2";"7";"0";"2";"1";"2";"1";""
"202100055457";"102Â 723";"A01";"2";"80";"0";"2";"4";"1";"3";""
"202100055458";"102Â 720";"A01";"1";"33";"0";"2";"1";"13";"1";""
"202100055458";"102Â 721";"B01";"1";"7";"0";"2";"3";"1";"1";""
"202100055459";"102Â 718";"A01";"1";"7";"0";"2";"8";"1";"1";""
"202100055459";"102Â 719";"B01";"1";"80";"0";"2";"1";"1";"3";""
"202100055460";"102Â 716";"B01";"0";"7";"0";"2";"3";"1";"1";""
"202100055460";"102Â 717";"A01";"0";"7";"0";"2";"0";"9";"0";""
"202100055461";"102Â 714";"A01";"1";"10";"0";"2";"1";"2";"1";""
"202100055461";"102Â 715";"B01";"1";"43";"0";"2";"4";"23";"1";""
"202100055462";"102Â 712";"B01";"1";"1";"0";"2";"0";"1";"5";""
"202100055462";"102Â 713";"A01";"1";"15";"0";"2";"0";"16";"1";""
"202100055463";"102Â 710";"A01";"2";"7";"2";"0";"3";"26";"1";""
"202100055464";"102Â 705";"C01";"2";"37";"0";"2";"1";"1";"1";"1"
"202100055464";"102Â 706";"A01";"1";"7";"0";"2";"3";"9";"1";""
"202100055464";"102Â 707";"B01";"1";"34";"0";"2";"1";"1";"1";""
"202100055465";"102Â 703";"A01";"2";"7";"0";"2";"1";"1";"1";""
"202100055465";"102Â 704";"B01";"1";"10";"0";"2";"1";"15";"1";""
"202100055466";"102Â 699";"B01";"0";"7";"0";"2";"1";"1";"1";""
"202100055466";"102Â 700";"A01";"0";"7";"0";"2";"8";"26";"1";""
"202100055467";"102Â 698";"A01";"3";"7";"0";"1";"1";"26";"1";""
"202100055468";"102Â 697";"A01";"2";"7";"0";"1";"2";"21";"1";""
"202100055469";"102Â 695";"A01";"2";"10";"0";"2";"3";"15";"1";""
"202100055469";"102Â 696";"B01";"1";"50";"0";"2";"1";"1";"3";""
"202100055470";"102Â 694";"A01";"1";"7";"0";"1";"3";"1";"1";""
"202100055471";"102Â 692";"A01";"2";"7";"6";"0";"2";"1";"1";""
"202100055472";"102Â 691";"A01";"1";"7";"6";"0";"1";"1";"1";""
"202100055473";"102Â 689";"A01";"2";"7";"0";"2";"7";"1";"1";""
"202100055473";"102Â 690";"B01";"3";"14";"0";"2";"1";"1";"1";""
"202100055474";"102Â 688";"A01";"0";"7";"0";"1";"3";"11";"1";""
"202100055475";"102Â 687";"A01";"2";"99";"0";"1";"3";"15";"1";""
"202100055476";"102Â 686";"A01";"2";"7";"8";"0";"1";"13";"1";""
"202100055477";"102Â 684";"B01";"1";"7";"0";"2";"4";"23";"1";""
"202100055477";"102Â 685";"A01";"1";"7";"0";"2";"1";"1";"1";""
"202100055478";"102Â 683";"A01";"1";"7";"0";"1";"2";"1";"2";""
"202100055479";"102Â 682";"A01";"1";"7";"0";"1";"3";"1";"1";""