"Num_Acc";"id_vehicule";"num_veh";"senc";"catv";"obs";"obsm";"choc";"manv";"motor";"occutc"
"202100055480";"102Â 680";"A01";"0";"7";"0";"2";"3";"0";"1";""
"202100055480";"102Â 681";"B01";"2";"50";"0";"2";"0";"0";"3";""
"202100055481";"102Â 679";"A01";"1";"30";"0";"0";"0";"1";"1";""
"202100055482";"102Â 678";"A01";"1";"30";"0";"0";"0";"1";"1";""
"202100055483";"102Â 677";"A01";"3";"7";"3";"0";"1";"1";"1";""
"202100055484";"102Â 675";"B01";"1";"7";"0";"2";"7";"1";"1";""
"202100055484";"102Â 676";"A01";"1";"60";"0";"2";"1";"1";"5";""
"202100055485";"102Â 672";"C01";"1";"7";"0";"2";"4";"1";"1";""
"202100055485";"102Â 673";"A01";"0";"7";"0";"2";"1";"1";"1";""
"202100055485";"102Â 674";"B01";"1";"7";"0";"2";"9";"1";"1";""
"202100055486";"102Â 671";"A01";"1";"7";"14";"0";"9";"1";"1";""
"202100055487";"102Â 669";"B01";"1";"40";"0";"2";"1";"1";"3";""
"202100055487";"102Â 670";"A01";"2";"7";"0";"4";"1";"1";"1";""
"202100055488";"102Â 667";"B01";"3";"7";"0";"2";"4";"1";"1";""
"202100055488";"102Â 668";"A01";"3";"7";"0";"2";"1";"1";"1";""
"202100055489";"102Â 665";"B01";"1";"7";"0";"2";"3";"1";"1";""
"202100055489";"102Â 666";"A01";"2";"7";"0";"2";"2";"10";"1";""
"202100055490";"102Â 663";"A01";"1";"1";"0";"2";"1";"5";"5";""
"202100055490";"102Â 664";"B01";"2";"7";"0";"2";"0";"1";"1";""
"202100055491";"102Â 661";"B01";"2";"7";"0";"2";"4";"1";"1";""
"202100055491";"102Â 662";"A01";"2";"7";"0";"2";"1";"2";"1";""
"202100055492";"102Â 658";"C01";"1";"7";"0";"2";"4";"2";"1";""
"202100055492";"102Â 659";"B01";"1";"7";"0";"2";"4";"1";"1";""
"202100055492";"102Â 660";"A01";"1";"10";"0";"2";"1";"2";"1";""
"202100055493";"102Â 656";"A01";"1";"7";"0";"2";"3";"9";"1";""
"202100055493";"102Â 657";"B01";"1";"1";"0";"2";"7";"1";"5";""
"202100055494";"102Â 654";"A01";"1";"30";"0";"2";"0";"1";"1";""
"202100055494";"102Â 655";"B01";"1";"7";"0";"2";"2";"1";"1";""
"202100055495";"102Â 652";"B01";"2";"7";"0";"2";"1";"1";"2";""
"202100055495";"102Â 653";"A01";"2";"10";"0";"2";"8";"9";"1";""
"202100055496";"102Â 651";"A01";"1";"7";"0";"1";"1";"1";"1";""
"202100055497";"102Â 649";"B01";"1";"7";"0";"2";"4";"1";"1";""
"202100055497";"102Â 650";"A01";"1";"10";"0";"2";"1";"1";"1";""
"202100055498";"102Â 648";"A01";"1";"7";"0";"1";"3";"1";"1";""
"202100055499";"102Â 645";"A01";"2";"7";"0";"2";"1";"16";"1";""
"202100055499";"102Â 646";"B01";"2";"10";"0";"2";"4";"16";"1";""
"202100055499";"102Â 647";"C01";"2";"7";"0";"2";"4";"9";"1";""
"202100055500";"102Â 643";"B01";"2";"2";"0";"2";"2";"1";"1";""
"202100055500";"102Â 644";"A01";"2";"7";"0";"2";"0";"15";"1";""
"202100055501";"102Â 638";"E01";"1";"7";"0";"2";"4";"15";"1";""
"202100055501";"102Â 639";"A01";"1";"7";"0";"2";"1";"1";"1";""
"202100055501";"102Â 640";"B01";"1";"7";"0";"0";"1";"1";"1";""
"202100055501";"102Â 641";"C01";"1";"7";"0";"0";"4";"0";"1";""
"202100055501";"102Â 642";"D01";"1";"7";"0";"2";"0";"0";"1";""
"202100055502";"102Â 636";"Z01";"3";"7";"0";"2";"4";"16";"1";""
"202100055502";"102Â 637";"A01";"3";"2";"0";"2";"1";"26";"1";""
"202100055503";"102Â 634";"A01";"0";"10";"0";"2";"2";"15";"1";""
"202100055503";"102Â 635";"B01";"0";"32";"0";"2";"1";"1";"1";""
"202100055504";"102Â 632";"B01";"1";"10";"0";"2";"1";"1";"1";""
"202100055504";"102Â 633";"A01";"2";"7";"0";"2";"1";"9";"1";""
"202100055505";"102Â 630";"B01";"1";"7";"0";"2";"3";"1";"1";""
"202100055505";"102Â 631";"A01";"2";"7";"0";"2";"3";"19";"1";""
"202100055506";"102Â 628";"B01";"2";"7";"4";"2";"0";"0";"1";""
"202100055506";"102Â 629";"A01";"1";"7";"4";"2";"3";"23";"1";""
"202100055507";"102Â 626";"B01";"1";"7";"0";"2";"2";"1";"1";""
"202100055507";"102Â 627";"A01";"1";"7";"0";"2";"3";"9";"1";""
"202100055508";"102Â 625";"A01";"3";"7";"5";"0";"1";"1";"1";""
"202100055509";"102Â 623";"A01";"1";"33";"0";"2";"1";"13";"1";""
"202100055509";"102Â 624";"B01";"2";"10";"0";"2";"1";"1";"1";""
"202100055510";"102Â 621";"B01";"1";"7";"1";"2";"1";"1";"1";""
"202100055510";"102Â 622";"A01";"1";"7";"1";"2";"2";"15";"1";""
"202100055511";"102Â 619";"B01";"3";"7";"0";"2";"4";"0";"1";""
"202100055511";"102Â 620";"A01";"3";"7";"0";"2";"1";"21";"1";""
"202100055512";"102Â 618";"A01";"2";"7";"0";"1";"1";"1";"1";""
"202100055513";"102Â 617";"A01";"1";"7";"6";"0";"1";"1";"1";""
"202100055514";"102Â 615";"B01";"2";"7";"0";"2";"1";"1";"1";""
"202100055514";"102Â 616";"A01";"1";"7";"0";"2";"4";"1";"1";""
"202100055515";"102Â 614";"A01";"3";"7";"2";"0";"8";"1";"1";""
"202100055516";"102Â 611";"A01";"2";"43";"0";"2";"2";"3";"1";""
"202100055516";"102Â 612";"B01";"2";"7";"0";"2";"8";"1";"1";""
"202100055516";"102Â 613";"C01";"2";"7";"0";"2";"7";"1";"1";""
"202100055517";"102Â 609";"A01";"1";"7";"0";"2";"7";"12";"1";""
"202100055517";"102Â 610";"B01";"1";"33";"0";"2";"8";"1";"1";""
"202100055518";"102Â 608";"A01";"1";"37";"0";"1";"2";"1";"1";"1"
"202100055519";"102Â 607";"A01";"3";"7";"9";"1";"1";"14";"1";""
"202100055520";"102Â 605";"A01";"1";"32";"0";"2";"1";"7";"1";""
"202100055520";"102Â 606";"B01";"1";"7";"0";"2";"2";"16";"1";""
"202100055521";"102Â 603";"B01";"1";"37";"0";"2";"3";"9";"2";"1"
"202100055521";"102Â 604";"A01";"2";"30";"0";"2";"1";"1";"1";""
"202100055522";"102Â 601";"Z01";"1";"7";"0";"2";"1";"2";"1";""
"202100055522";"102Â 602";"A01";"1";"7";"0";"2";"4";"1";"1";""
"202100055523";"102Â 600";"A01";"1";"7";"0";"1";"7";"1";"1";""
"202100055524";"102Â 598";"A01";"1";"2";"0";"2";"8";"18";"1";""
"202100055524";"102Â 599";"Z01";"1";"7";"0";"2";"7";"16";"0";""
"202100055525";"102Â 597";"A01";"2";"7";"0";"1";"3";"1";"1";""
"202100055526";"102Â 596";"A01";"1";"2";"8";"0";"1";"25";"1";""
"202100055527";"102Â 594";"A01";"1";"30";"0";"2";"3";"18";"1";""
"202100055527";"102Â 595";"Z01";"1";"10";"0";"2";"7";"14";"1";""
"202100055528";"102Â 593";"A01";"2";"34";"1";"0";"3";"13";"1";""
"202100055529";"102Â 592";"A01";"1";"1";"0";"1";"1";"1";"5";""
"202100055530";"102Â 590";"B01";"1";"1";"0";"2";"3";"1";"5";""
"202100055530";"102Â 591";"A01";"1";"7";"0";"2";"2";"16";"1";""
"202100055531";"102Â 588";"A01";"1";"2";"0";"2";"1";"11";"1";""
"202100055531";"102Â 589";"B01";"1";"7";"0";"2";"4";"1";"2";""
"202100055532";"102Â 587";"A01";"0";"1";"14";"0";"0";"1";"5";""
"202100055533";"102Â 585";"B01";"1";"1";"0";"2";"8";"1";"5";""
"202100055533";"102Â 586";"A01";"1";"14";"0";"2";"2";"2";"1";""
"202100055534";"102Â 584";"A01";"1";"1";"9";"0";"1";"19";"5";""
"202100055535";"102Â 583";"B01";"2";"1";"0";"0";"0";"21";"5";""
"202100055536";"102Â 582";"A01";"1";"1";"0";"1";"1";"1";"5";""
"202100055537";"102Â 581";"A01";"1";"50";"8";"0";"1";"25";"3";""
"202100055538";"102Â 580";"A01";"2";"7";"0";"1";"2";"9";"0";""
"202100055539";"102Â 579";"A01";"2";"30";"0";"0";"8";"1";"1";""
"202100055540";"102Â 578";"A01";"2";"34";"0";"0";"0";"1";"1";""
"202100055541";"102Â 576";"B01";"3";"32";"0";"2";"1";"1";"1";""
"202100055541";"102Â 577";"A01";"3";"7";"0";"2";"5";"19";"1";""
"202100055542";"102Â 575";"A01";"3";"7";"0";"0";"1";"21";"1";""
"202100055543";"102Â 573";"A01";"1";"32";"0";"2";"1";"1";"1";""
"202100055543";"102Â 574";"B01";"3";"7";"0";"2";"5";"15";"1";""
"202100055544";"102Â 572";"A01";"2";"7";"0";"1";"2";"20";"1";""
"202100055545";"102Â 570";"A01";"2";"30";"0";"2";"2";"1";"1";""
"202100055545";"102Â 571";"B01";"3";"7";"0";"2";"2";"1";"1";""
"202100055546";"102Â 568";"A01";"0";"30";"0";"0";"3";"0";"0";""
"202100055546";"102Â 569";"B01";"0";"7";"0";"0";"0";"2";"2";""
"202100055547";"102Â 566";"B01";"1";"43";"0";"2";"7";"2";"1";""
"202100055547";"102Â 567";"A01";"1";"7";"0";"2";"8";"13";"1";""
"202100055548";"102Â 565";"A01";"0";"7";"0";"1";"1";"26";"1";""
"202100055549";"102Â 563";"A01";"1";"30";"0";"2";"8";"17";"1";""
"202100055549";"102Â 564";"B01";"1";"7";"0";"2";"8";"15";"1";""
"202100055550";"102Â 561";"A01";"2";"7";"0";"2";"2";"15";"1";""
"202100055550";"102Â 562";"B01";"1";"33";"0";"2";"7";"1";"1";""
"202100055551";"102Â 559";"A01";"2";"10";"2";"0";"7";"26";"1";""
"202100055551";"102Â 560";"B01";"1";"10";"0";"2";"1";"16";"1";""
"202100055552";"102Â 555";"A01";"0";"30";"0";"2";"3";"26";"1";""
"202100055552";"102Â 556";"B01";"0";"7";"0";"0";"0";"0";"0";""
"202100055553";"102Â 554";"A01";"1";"7";"7";"0";"3";"1";"1";""
"202100055554";"102Â 552";"B01";"1";"32";"0";"2";"8";"16";"1";""
"202100055554";"102Â 553";"A01";"2";"7";"0";"2";"2";"1";"1";""
"202100055555";"102Â 551";"A01";"2";"7";"0";"1";"1";"1";"1";""
"202100055556";"102Â 550";"A01";"1";"33";"12";"0";"3";"18";"1";""
"202100055557";"102Â 549";"A01";"1";"34";"5";"0";"1";"19";"1";""
"202100055558";"102Â 546";"A01";"1";"7";"0";"2";"3";"15";"1";""
"202100055558";"102Â 547";"B01";"3";"7";"0";"2";"0";"0";"0";""
"202100055559";"102Â 544";"A01";"0";"7";"0";"2";"2";"20";"1";""
"202100055559";"102Â 545";"B01";"0";"2";"0";"2";"1";"1";"1";""
"202100055560";"102Â 542";"B01";"2";"7";"0";"2";"1";"1";"1";""
"202100055560";"102Â 543";"A01";"1";"7";"0";"2";"7";"1";"1";""
"202100055561";"102Â 540";"B01";"1";"14";"0";"2";"1";"1";"1";""
"202100055561";"102Â 541";"A01";"2";"10";"0";"2";"1";"5";"1";""
"202100055562";"102Â 538";"A01";"0";"7";"0";"2";"3";"15";"1";""
"202100055562";"102Â 539";"B01";"2";"33";"0";"2";"1";"21";"1";""
"202100055563";"102Â 536";"B01";"0";"2";"5";"2";"1";"1";"1";""
"202100055563";"102Â 537";"A01";"0";"10";"0";"2";"3";"15";"0";""
"202100055564";"102Â 533";"A01";"1";"7";"0";"2";"1";"17";"1";""
"202100055564";"102Â 534";"B01";"2";"7";"0";"2";"1";"1";"2";""
"202100055565";"102Â 532";"A01";"1";"17";"13";"0";"2";"1";"1";""
"202100055566";"102Â 530";"C01";"0";"2";"0";"2";"5";"19";"1";""
"202100055566";"102Â 531";"A01";"1";"7";"0";"2";"1";"1";"1";""
"202100055567";"102Â 527";"B01";"1";"7";"0";"0";"4";"2";"1";""
"202100055567";"102Â 528";"C01";"1";"7";"0";"0";"6";"2";"1";""
"202100055567";"102Â 529";"A01";"1";"10";"0";"2";"1";"1";"1";""
"202100055568";"102Â 525";"A01";"1";"7";"0";"2";"5";"17";"1";""
"202100055568";"102Â 526";"B01";"1";"7";"0";"2";"3";"1";"1";""
"202100055569";"102Â 523";"B01";"2";"3";"0";"2";"3";"1";"1";""
"202100055569";"102Â 524";"A01";"1";"7";"0";"2";"3";"13";"1";""
"202100055570";"102Â 522";"A01";"1";"7";"0";"0";"9";"1";"1";""
"202100055571";"102Â 521";"A01";"1";"33";"0";"0";"8";"1";"1";""
"202100055572";"102Â 519";"A01";"3";"2";"0";"2";"1";"1";"1";""
"202100055572";"102Â 520";"B01";"3";"7";"0";"2";"2";"15";"1";""
"202100055573";"102Â 518";"A01";"3";"7";"0";"0";"1";"1";"1";""
"202100055574";"102Â 517";"A01";"2";"33";"0";"0";"0";"1";"1";""
"202100055575";"102Â 516";"A01";"2";"7";"13";"0";"2";"1";"1";""
"202100055576";"102Â 514";"B01";"2";"21";"0";"2";"1";"1";"1";""
"202100055576";"102Â 515";"A01";"1";"7";"0";"2";"7";"26";"1";""
"202100055577";"102Â 512";"B01";"1";"13";"0";"2";"1";"0";"1";""
"202100055577";"102Â 513";"A01";"1";"7";"0";"2";"7";"13";"1";""
"202100055578";"102Â 511";"A01";"1";"7";"10";"0";"2";"1";"1";""
"202100055579";"102Â 510";"A01";"2";"7";"3";"0";"1";"16";"1";""
"202100055580";"102Â 509";"A01";"1";"7";"13";"0";"1";"0";"1";""
"202100055581";"102Â 507";"B01";"1";"7";"0";"2";"3";"1";"1";""
"202100055581";"102Â 508";"A01";"2";"10";"0";"2";"3";"13";"1";""
"202100055582";"102Â 505";"A01";"2";"7";"13";"0";"1";"1";"1";""
"202100055583";"102Â 503";"A01";"2";"7";"0";"2";"1";"1";"1";""
"202100055583";"102Â 504";"B01";"1";"10";"0";"2";"1";"1";"1";""
"202100055584";"102Â 502";"A01";"3";"7";"0";"1";"3";"20";"2";""
"202100055585";"102Â 500";"A01";"1";"7";"2";"2";"3";"17";"1";""
"202100055585";"102Â 501";"B01";"1";"7";"0";"2";"3";"1";"1";""
"202100055586";"102Â 499";"A01";"2";"7";"13";"0";"3";"1";"1";""
"202100055587";"102Â 497";"A01";"1";"7";"0";"2";"3";"1";"1";""
"202100055587";"102Â 498";"B01";"2";"7";"0";"2";"3";"1";"1";""
"202100055588";"102Â 495";"A01";"1";"7";"0";"2";"3";"13";"1";""
"202100055588";"102Â 496";"B01";"2";"10";"0";"2";"3";"1";"1";""
"202100055589";"102Â 493";"A01";"1";"7";"0";"2";"2";"13";"1";""
"202100055589";"102Â 494";"B01";"2";"7";"0";"2";"2";"1";"1";""
"202100055590";"102Â 490";"B01";"2";"33";"0";"0";"4";"1";"1";""
"202100055590";"102Â 491";"A01";"2";"14";"0";"0";"3";"9";"1";""
"202100055591";"102Â 488";"A01";"0";"7";"0";"1";"1";"0";"1";""
"202100055592";"102Â 486";"A01";"1";"7";"0";"2";"3";"1";"1";""
"202100055592";"102Â 487";"B01";"2";"7";"0";"2";"3";"1";"1";""
"202100055593";"102Â 484";"A01";"1";"7";"0";"2";"1";"1";"1";""
"202100055593";"102Â 485";"B01";"2";"7";"0";"2";"1";"13";"1";""
"202100055594";"102Â 482";"B01";"1";"7";"0";"2";"1";"0";"1";""
"202100055594";"102Â 483";"A01";"1";"1";"0";"0";"4";"0";"0";""
"202100055595";"102Â 480";"B01";"1";"7";"0";"2";"2";"1";"1";""
"202100055595";"102Â 481";"A01";"2";"30";"0";"2";"1";"19";"1";""
"202100055596";"102Â 478";"A01";"2";"7";"0";"2";"3";"19";"1";""
"202100055596";"102Â 479";"B01";"2";"7";"0";"2";"3";"21";"1";""
"202100055597";"102Â 477";"A01";"1";"33";"0";"0";"7";"1";"1";""
"202100055598";"102Â 476";"A01";"1";"7";"13";"0";"2";"1";"1";""
"202100055599";"102Â 475";"A01";"0";"7";"15";"1";"7";"2";"0";""
"202100055600";"102Â 474";"A01";"2";"33";"0";"0";"9";"14";"1";""
"202100055601";"102Â 473";"A01";"2";"7";"6";"0";"3";"15";"1";""
"202100055602";"102Â 471";"A01";"1";"7";"0";"2";"7";"15";"1";""
"202100055602";"102Â 472";"B01";"1";"33";"0";"2";"1";"1";"1";""
"202100055603";"102Â 468";"B01";"1";"7";"0";"2";"3";"17";"1";""
"202100055603";"102Â 469";"A01";"2";"7";"0";"2";"3";"1";"1";""
"202100055603";"102Â 470";"C01";"1";"15";"0";"2";"6";"1";"1";""
"202100055604";"102Â 466";"A01";"1";"7";"6";"1";"2";"1";"1";""
"202100055604";"102Â 467";"B01";"1";"7";"0";"2";"1";"1";"1";""
"202100055605";"102Â 464";"B01";"2";"10";"0";"2";"2";"13";"1";""
"202100055605";"102Â 465";"A01";"1";"7";"0";"2";"2";"13";"1";""
"202100055606";"102Â 462";"B01";"2";"7";"0";"1";"3";"1";"0";""
"202100055606";"102Â 463";"A01";"1";"10";"0";"1";"3";"1";"1";""
"202100055607";"102Â 460";"B01";"2";"21";"0";"2";"1";"1";"1";""
"202100055607";"102Â 461";"A01";"1";"7";"0";"2";"1";"17";"1";""
"202100055608";"102Â 458";"A01";"2";"20";"0";"2";"1";"9";"1";""
"202100055608";"102Â 459";"B01";"1";"38";"14";"2";"1";"2";"1";"1"
"202100055609";"102Â 452";"A01";"2";"10";"0";"2";"4";"2";"1";""
"202100055609";"102Â 453";"D01";"2";"7";"0";"2";"4";"1";"1";""
"202100055609";"102Â 454";"E01";"2";"7";"0";"2";"4";"1";"1";""
"202100055609";"102Â 455";"F01";"2";"10";"0";"2";"1";"1";"1";""
"202100055609";"102Â 456";"B01";"2";"10";"0";"2";"4";"2";"1";""
"202100055609";"102Â 457";"C01";"2";"7";"0";"2";"4";"2";"1";""
"202100055610";"102Â 450";"B01";"1";"14";"0";"2";"7";"1";"1";""
"202100055610";"102Â 451";"A01";"1";"7";"0";"2";"1";"1";"1";""
"202100055611";"102Â 447";"C01";"2";"7";"0";"2";"6";"1";"2";""
"202100055611";"102Â 448";"B01";"2";"7";"0";"2";"7";"12";"1";""
"202100055611";"102Â 449";"A01";"2";"33";"0";"2";"1";"3";"1";""
"202100055612";"102Â 446";"A01";"1";"10";"16";"0";"1";"15";"1";""
"202100055613";"102Â 443";"A01";"2";"10";"0";"2";"1";"1";"1";""
"202100055613";"102Â 444";"B01";"2";"7";"0";"2";"4";"2";"1";""
"202100055613";"102Â 445";"C01";"2";"7";"0";"2";"0";"0";"1";""
"202100055614";"102Â 441";"B01";"2";"7";"0";"2";"8";"1";"1";""
"202100055614";"102Â 442";"Z01";"2";"7";"0";"2";"2";"1";"1";""
"202100055615";"102Â 438";"C01";"1";"7";"0";"2";"4";"2";"1";""
"202100055615";"102Â 439";"B01";"1";"7";"0";"2";"1";"2";"1";""
"202100055615";"102Â 440";"A01";"1";"7";"0";"2";"1";"1";"1";""
"202100055616";"102Â 437";"A01";"2";"7";"4";"0";"1";"21";"1";""
"202100055617";"102Â 433";"D01";"2";"7";"4";"0";"1";"15";"1";""
"202100055617";"102Â 434";"C01";"2";"7";"0";"2";"7";"1";"1";""
"202100055617";"102Â 435";"B01";"2";"10";"0";"2";"6";"1";"1";""
"202100055617";"102Â 436";"A01";"2";"7";"0";"2";"2";"21";"1";""
"202100055618";"102Â 431";"A01";"2";"7";"0";"2";"1";"2";"1";""
"202100055618";"102Â 432";"B01";"2";"7";"0";"2";"4";"2";"1";""
"202100055619";"102Â 428";"C01";"2";"7";"0";"2";"4";"2";"1";""
"202100055619";"102Â 429";"A01";"2";"10";"0";"2";"1";"2";"1";""
"202100055619";"102Â 430";"B01";"2";"7";"0";"2";"4";"2";"1";""
"202100055620";"102Â 426";"A01";"1";"7";"0";"2";"3";"26";"1";""
"202100055620";"102Â 427";"B01";"1";"37";"0";"2";"2";"1";"1";"1"
"202100055621";"102Â 425";"A01";"2";"7";"0";"0";"7";"1";"1";""
"202100055622";"102Â 424";"A01";"2";"7";"0";"1";"1";"1";"1";""
"202100055623";"102Â 422";"A01";"1";"7";"0";"2";"3";"13";"1";""
"202100055623";"102Â 423";"B01";"2";"7";"0";"2";"3";"1";"1";""
"202100055624";"102Â 421";"A01";"1";"2";"0";"0";"0";"1";"1";""
"202100055625";"102Â 420";"A01";"1";"2";"0";"0";"0";"1";"1";""
"202100055626";"102Â 419";"A01";"1";"7";"13";"0";"9";"1";"1";""
"202100055627";"102Â 417";"A01";"2";"3";"0";"2";"1";"13";"1";""
"202100055627";"102Â 418";"B01";"1";"7";"0";"2";"2";"21";"1";""
"202100055628";"102Â 415";"A01";"1";"7";"0";"0";"3";"0";"1";""
"202100055628";"102Â 416";"B01";"2";"7";"0";"0";"3";"0";"1";""
"202100055629";"102Â 414";"A01";"1";"0";"0";"1";"0";"0";"0";""
"202100055630";"102Â 413";"A01";"1";"7";"0";"0";"2";"0";"1";""
"202100055631";"102Â 412";"A01";"1";"7";"2";"0";"1";"1";"1";""
"202100055632";"102Â 410";"B01";"1";"7";"0";"2";"3";"1";"1";""
"202100055632";"102Â 411";"A01";"1";"7";"13";"2";"5";"17";"1";""
"202100055633";"102Â 408";"A01";"1";"7";"0";"2";"1";"13";"1";""
"202100055633";"102Â 409";"B01";"2";"38";"0";"2";"3";"1";"1";"1"
"202100055634";"102Â 407";"A01";"2";"33";"13";"0";"9";"14";"1";""
"202100055635";"102Â 406";"A01";"1";"7";"13";"0";"9";"17";"1";""
"202100055636";"102Â 405";"A01";"2";"7";"13";"0";"9";"15";"1";""
"202100055637";"102Â 403";"B01";"2";"7";"0";"2";"3";"1";"1";""
"202100055637";"102Â 404";"A01";"1";"1";"0";"2";"1";"5";"5";""
"202100055638";"102Â 402";"A01";"1";"7";"8";"0";"1";"1";"1";""
"202100055639";"102Â 399";"A01";"2";"7";"0";"1";"3";"1";"1";""
"202100055640";"102Â 398";"A01";"3";"3";"0";"0";"1";"0";"1";""
"202100055641";"102Â 396";"B01";"2";"7";"0";"2";"3";"26";"1";""
"202100055641";"102Â 397";"A01";"2";"7";"0";"2";"5";"15";"1";""
"202100055642";"102Â 393";"A01";"1";"7";"16";"0";"9";"1";"1";""
"202100055643";"102Â 392";"A01";"2";"7";"3";"0";"3";"13";"1";""
"202100055644";"102Â 391";"A01";"1";"7";"10";"0";"9";"12";"1";""
"202100055645";"102Â 390";"A01";"1";"7";"4";"0";"4";"1";"1";""
"202100055646";"102Â 388";"B01";"1";"10";"0";"2";"4";"1";"1";""
"202100055646";"102Â 389";"A01";"1";"7";"0";"2";"1";"2";"1";""
"202100055647";"102Â 385";"A01";"2";"7";"0";"2";"3";"11";"1";""
"202100055647";"102Â 386";"B01";"2";"7";"0";"2";"4";"1";"1";""
"202100055647";"102Â 387";"C01";"2";"15";"0";"2";"1";"1";"1";""
"202100055648";"102Â 384";"A01";"1";"7";"0";"0";"2";"14";"1";""
"202100055649";"102Â 383";"A01";"1";"7";"4";"0";"1";"14";"1";""
"202100055650";"102Â 381";"B01";"1";"7";"0";"2";"3";"1";"1";""
"202100055650";"102Â 382";"A01";"2";"7";"0";"2";"3";"5";"1";""
"202100055651";"102Â 379";"B01";"2";"33";"0";"2";"4";"2";"1";""
"202100055651";"102Â 380";"A01";"2";"7";"0";"2";"1";"2";"1";""
"202100055652";"102Â 378";"A01";"1";"7";"13";"0";"2";"26";"1";""
"202100055653";"102Â 376";"A01";"3";"30";"0";"2";"3";"16";"1";""
"202100055653";"102Â 377";"B01";"0";"7";"0";"1";"2";"14";"1";""
"202100055654";"102Â 374";"A01";"2";"7";"0";"2";"8";"18";"1";""
"202100055654";"102Â 375";"B01";"2";"31";"0";"2";"7";"1";"1";""
"202100055655";"102Â 373";"A01";"1";"7";"0";"0";"1";"16";"1";""
"202100055656";"102Â 371";"A01";"2";"7";"0";"2";"1";"13";"1";""
"202100055656";"102Â 372";"B01";"2";"10";"0";"2";"1";"1";"1";""
"202100055657";"102Â 369";"A01";"1";"7";"1";"0";"3";"1";"1";""
"202100055657";"102Â 370";"B01";"0";"7";"0";"2";"5";"24";"1";""
"202100055658";"102Â 368";"A01";"2";"30";"0";"9";"0";"1";"1";""
"202100055659";"102Â 366";"A01";"1";"7";"0";"2";"2";"21";"1";""
"202100055659";"102Â 367";"B01";"1";"7";"0";"0";"8";"9";"1";""
"202100055660";"102Â 361";"A01";"1";"7";"8";"2";"1";"1";"1";""
"202100055660";"102Â 362";"B01";"3";"7";"0";"2";"1";"11";"2";""
"202100055660";"102Â 363";"C01";"3";"7";"0";"2";"0";"0";"1";""
"202100055661";"102Â 360";"A01";"1";"7";"0";"1";"3";"1";"0";""
"202100055662";"102Â 359";"A01";"1";"7";"0";"1";"3";"15";"1";""
"202100055663";"102Â 357";"A01";"3";"7";"0";"2";"0";"9";"1";""
"202100055663";"102Â 358";"B01";"2";"2";"0";"2";"1";"1";"1";""
"202100055664";"102Â 355";"B01";"3";"7";"0";"2";"4";"2";"1";""
"202100055664";"102Â 356";"A01";"3";"7";"0";"2";"1";"2";"1";""
"202100055665";"102Â 354";"A01";"3";"30";"12";"0";"0";"16";"1";""
"202100055666";"102Â 353";"A01";"1";"31";"0";"0";"0";"1";"1";""
"202100055667";"102Â 351";"A01";"2";"7";"0";"2";"1";"2";"1";""
"202100055667";"102Â 352";"B01";"2";"7";"0";"2";"4";"2";"1";""
"202100055668";"102Â 349";"B01";"2";"33";"0";"2";"8";"1";"1";""
"202100055668";"102Â 350";"A01";"2";"7";"0";"2";"7";"16";"1";""
"202100055669";"102Â 347";"A01";"1";"7";"0";"2";"2";"9";"1";""
"202100055669";"102Â 348";"B01";"2";"1";"0";"2";"1";"5";"5";""
"202100055670";"102Â 345";"B01";"1";"7";"0";"2";"2";"19";"1";""
"202100055670";"102Â 346";"A01";"3";"7";"0";"2";"7";"19";"1";""
"202100055671";"102Â 344";"A01";"3";"7";"8";"0";"1";"26";"0";""
"202100055672";"102Â 342";"A01";"1";"7";"0";"2";"3";"2";"3";""
"202100055672";"102Â 343";"B01";"1";"2";"0";"2";"7";"2";"1";""
"202100055673";"102Â 341";"A01";"0";"7";"0";"9";"1";"26";"1";""
"202100055674";"102Â 340";"A01";"1";"7";"9";"0";"0";"0";"1";""
"202100055675";"102Â 339";"A01";"2";"33";"0";"0";"0";"3";"1";""
"202100055676";"102Â 337";"A01";"2";"32";"0";"2";"7";"17";"1";""
"202100055676";"102Â 338";"B01";"2";"7";"0";"2";"8";"15";"1";""
"202100055677";"102Â 335";"B01";"2";"32";"0";"2";"2";"1";"1";""
"202100055677";"102Â 336";"A01";"2";"7";"0";"2";"3";"10";"3";""
"202100055678";"102Â 334";"A01";"3";"7";"0";"1";"1";"16";"1";""
"202100055679";"102Â 331";"A01";"2";"33";"0";"2";"1";"1";"1";""
"202100055679";"102Â 332";"B01";"2";"7";"0";"2";"4";"1";"1";""
"202100055680";"102Â 330";"A01";"1";"37";"0";"1";"2";"1";"1";"1"
"202100055681";"102Â 329";"Z01";"1";"34";"0";"1";"2";"25";"1";""
"202100055682";"102Â 328";"A01";"1";"34";"11";"0";"8";"21";"1";""
"202100055683";"102Â 326";"A01";"2";"1";"0";"2";"1";"1";"5";""
"202100055683";"102Â 327";"B01";"2";"7";"0";"2";"6";"14";"1";""
"202100055684";"102Â 324";"A01";"2";"33";"0";"2";"2";"17";"1";""
"202100055684";"102Â 325";"B01";"2";"1";"0";"2";"4";"13";"5";""
"202100055685";"102Â 322";"B01";"3";"1";"0";"2";"1";"1";"5";""
"202100055685";"102Â 323";"A01";"3";"7";"0";"2";"0";"15";"1";""
"202100055686";"102Â 321";"A01";"2";"10";"0";"1";"2";"16";"1";""
"202100055687";"102Â 319";"B01";"1";"10";"0";"2";"4";"2";"1";""