"Num_Acc";"id_vehicule";"num_veh";"senc";"catv";"obs";"obsm";"choc";"manv";"motor";"occutc"
"202100055687";"102Â 320";"A01";"1";"7";"0";"2";"1";"2";"1";""
"202100055688";"102Â 318";"A01";"1";"33";"0";"1";"1";"19";"1";""
"202100055689";"102Â 316";"B01";"2";"10";"0";"2";"3";"1";"1";""
"202100055689";"102Â 317";"A01";"1";"7";"0";"2";"1";"13";"1";""
"202100055690";"102Â 315";"A01";"0";"7";"2";"0";"3";"14";"2";""
"202100055691";"102Â 313";"A01";" -1";"7";"0";"2";"1";"13";"1";""
"202100055691";"102Â 314";"B01";" -1";"7";"0";"2";"6";"1";"1";""
"202100055692";"102Â 312";"A01";"2";"31";"1";"4";"1";"1";"1";""
"202100055693";"102Â 310";"B01";"3";"33";"0";"2";"1";"1";"1";""
"202100055693";"102Â 311";"A01";"1";"7";"0";"2";"1";"15";"1";""
"202100055694";"102Â 308";"B01";" -1";"2";"0";"2";"0";"0";"1";""
"202100055694";"102Â 309";"A01";" -1";"7";"0";"2";"1";"15";"1";""
"202100055695";"102Â 307";"A01";" -1";"7";"0";"1";"2";"26";"0";""
"202100055696";"102Â 305";"B01";"3";"7";"0";"2";"4";"23";"1";""
"202100055696";"102Â 306";"A01";" -1";"7";"0";"2";"3";"2";"1";""
"202100055697";"102Â 303";"A01";"0";"7";"0";"2";"1";"19";"1";""
"202100055697";"102Â 304";"B01";"0";"1";"0";"2";"8";"19";"0";""
"202100055698";"102Â 301";"B01";"1";"7";"0";"2";"2";"15";"1";""
"202100055698";"102Â 302";"A01";"2";"32";"0";"2";"1";"1";"1";""
"202100055699";"102Â 299";"A01";"2";"7";"0";"2";"5";"12";"1";""
"202100055699";"102Â 300";"B01";"2";"2";"0";"2";"8";"16";"0";""
"202100055700";"102Â 297";"A01";"1";"30";"0";"2";"0";"21";"1";""
"202100055700";"102Â 298";"B01";"2";"7";"0";"0";"2";"15";"1";""
"202100055701";"102Â 296";"A01";"2";"7";"8";"0";"3";"1";"1";""
"202100055702";"102Â 295";"A01";"1";"33";"0";"0";"8";"15";"1";""
"202100055703";"102Â 293";"B01";"2";"1";"0";"2";"7";"1";"5";""
"202100055703";"102Â 294";"A01";"1";"7";"0";"2";"3";"15";"1";""
"202100055704";"102Â 292";"A01";"1";"7";"13";"0";"1";"15";"1";""
"202100055705";"102Â 290";"B01";"2";"10";"0";"2";"2";"2";"1";""
"202100055705";"102Â 291";"A01";"2";"7";"0";"2";"6";"23";"1";""
"202100055706";"102Â 289";"A01";"1";"7";"13";"0";"1";"1";"1";""
"202100055707";"102Â 288";"A01";"0";"36";"0";"0";"1";"0";"1";""
"202100055708";"102Â 286";"B01";"1";"1";"0";"2";"8";"15";"5";""
"202100055708";"102Â 287";"A01";"1";"10";"0";"2";"7";"17";"1";""
"202100055709";"102Â 284";"B01";"1";"2";"0";"2";"1";"26";"1";""
"202100055709";"102Â 285";"A01";"1";"7";"0";"0";"2";"26";"1";""
"202100055710";"102Â 282";"B01";"1";"7";"0";"2";"3";"0";"1";""
"202100055710";"102Â 283";"A01";"2";"7";"0";"2";"3";"0";"1";""
"202100055711";"102Â 280";"A01";"2";"7";"13";"0";"2";"21";"1";""
"202100055712";"102Â 278";"A01";"2";"7";"0";"0";"0";"15";"1";""
"202100055712";"102Â 279";"B01";"2";"43";"13";"0";"0";"21";"1";""
"202100055713";"102Â 276";"A01";"1";"7";"0";"2";"1";"13";"1";""
"202100055713";"102Â 277";"B01";"2";"7";"0";"2";"1";"1";"1";""
"202100055714";"102Â 274";"B01";"0";"7";"0";"2";"3";"1";"1";""
"202100055714";"102Â 275";"A01";"0";"7";"0";"2";"3";"13";"1";""
"202100055715";"102Â 272";"B01";"1";"7";"0";"2";"7";"13";"1";""
"202100055715";"102Â 273";"A01";"2";"7";"0";"2";"1";"1";"1";""
"202100055716";"102Â 271";"A01";"2";"7";"4";"0";"3";"21";"1";""
"202100055717";"102Â 269";"A01";"1";"7";"0";"2";"7";"15";"1";""
"202100055717";"102Â 270";"B01";"2";"33";"0";"2";"1";"1";"1";""
"202100055718";"102Â 268";"A01";"3";"7";"13";"0";"1";"14";"1";""
"202100055719";"102Â 266";"B01";"3";"7";"0";"2";"1";"13";"1";""
"202100055719";"102Â 267";"A01";"3";"7";"0";"2";"1";"13";"1";""
"202100055720";"102Â 265";"A01";"2";"7";"2";"0";"1";"0";"1";""
"202100055721";"102Â 264";"A01";"1";"7";"0";"1";"2";"1";"1";""
"202100055722";"102Â 261";"A01";"2";"7";"0";"0";"4";"23";"1";""
"202100055722";"102Â 262";"C01";"2";"7";"0";"2";"1";"1";"1";""
"202100055722";"102Â 263";"B01";"2";"7";"0";"2";"1";"1";"1";""
"202100055723";"102Â 259";"A01";"2";"7";"0";"9";"2";"15";"1";""
"202100055723";"102Â 260";"B01";"1";"1";"0";"2";"1";"1";"5";""
"202100055724";"102Â 258";"A01";"2";"7";"2";"0";"1";"1";"1";""
"202100055725";"102Â 256";"B01";"1";"14";"0";"0";"4";"1";"1";""
"202100055725";"102Â 257";"A01";"1";"7";"0";"2";"1";"2";"1";""
"202100055726";"102Â 255";"A01";"1";"7";"2";"0";"1";"1";"1";""
"202100055727";"102Â 253";"B01";"0";"7";"0";"2";"2";"1";"1";""
"202100055727";"102Â 254";"A01";"0";"7";"0";"2";"3";"19";"1";""
"202100055728";"102Â 252";"A01";"2";"7";"6";"0";"1";"1";"1";""
"202100055729";"102Â 250";"B01";"2";"7";"0";"0";"1";"1";"1";""
"202100055729";"102Â 251";"A01";"1";"7";"0";"0";"1";"15";"1";""
"202100055730";"102Â 248";"B01";"3";"2";"0";"2";"7";"1";"1";""
"202100055730";"102Â 249";"A01";"3";"7";"0";"2";"1";"1";"1";""
"202100055731";"102Â 246";"A01";"2";"7";"0";"9";"1";"1";"1";""
"202100055731";"102Â 247";"B01";"1";"1";"0";"2";"8";"9";"5";""
"202100055732";"102Â 245";"A01";"0";"7";"8";"0";"7";"1";"1";""
"202100055733";"102Â 243";"Z01";"2";"7";"0";"2";"2";"1";"0";""
"202100055733";"102Â 244";"A01";"2";"7";"0";"2";"3";"26";"1";""
"202100055734";"102Â 240";"A01";"1";"7";"0";"2";"4";"2";"1";""
"202100055734";"102Â 241";"B01";"1";"7";"0";"2";"4";"2";"1";""
"202100055734";"102Â 242";"C01";"1";"10";"0";"2";"1";"2";"1";""
"202100055735";"102Â 238";"B01";"1";"7";"0";"0";"5";"14";"2";""
"202100055735";"102Â 239";"A01";"1";"7";"4";"2";"1";"2";"1";""
"202100055736";"102Â 236";"B01";"1";"7";"0";"2";"4";"2";"1";""
"202100055736";"102Â 237";"A01";"1";"7";"0";"2";"1";"2";"1";""
"202100055737";"102Â 234";"A01";"1";"7";"3";"0";"2";"13";"1";""
"202100055737";"102Â 235";"B01";"1";"7";"0";"9";"1";"1";"1";""
"202100055738";"102Â 231";"B01";"1";"10";"0";"2";"3";"1";"1";""
"202100055738";"102Â 232";"C01";"1";"10";"1";"0";"3";"1";"1";""
"202100055738";"102Â 233";"A01";"1";"7";"0";"2";"2";"14";"1";""
"202100055739";"102Â 230";"A01";"1";"33";"0";"0";"2";"1";"1";""
"202100055740";"102Â 228";"A01";"2";"7";"0";"2";"1";"26";"1";""
"202100055740";"102Â 229";"B01";"2";"7";"0";"0";"4";"1";"1";""
"202100055741";"102Â 227";"A01";"1";"30";"0";"1";"1";"13";"1";""
"202100055742";"102Â 226";"A01";"1";"10";"0";"2";"0";"21";"1";""
"202100055743";"102Â 224";"A01";"0";"7";"6";"2";"8";"1";"1";""
"202100055743";"102Â 225";"B01";"0";"7";"0";"2";"0";"0";"1";""
"202100055744";"102Â 222";"B01";"3";"7";"0";"2";"7";"1";"1";""
"202100055744";"102Â 223";"A01";"3";"33";"0";"2";"3";"11";"1";""
"202100055745";"102Â 219";"C01";"1";"7";"0";"2";"4";"2";"0";""
"202100055745";"102Â 220";"B01";"1";"7";"0";"2";"4";"2";"1";""
"202100055745";"102Â 221";"A01";"1";"7";"0";"2";"1";"2";"1";""
"202100055746";"102Â 217";"B01";"3";"33";"0";"2";"2";"1";"1";""
"202100055746";"102Â 218";"A01";"3";"7";"0";"2";"2";"20";"1";""
"202100055747";"102Â 216";"A01";"2";"32";"0";"2";"8";"1";"1";""
"202100055748";"102Â 214";"B01";"2";"7";"0";"2";"5";"2";"1";""
"202100055748";"102Â 215";"A01";"2";"7";"0";"2";"6";"21";"1";""
"202100055749";"102Â 212";"A01";"3";"7";"0";"2";"8";"13";"1";""
"202100055749";"102Â 213";"B01";"3";"13";"0";"2";"2";"14";"1";""
"202100055750";"102Â 210";"B01";"3";"7";"0";"2";"0";"26";"0";""
"202100055750";"102Â 211";"A01";"3";"30";"0";"2";"3";"9";"1";""
"202100055751";"102Â 208";"A01";"1";"33";"0";"2";"1";"17";"1";""
"202100055751";"102Â 209";"B01";"2";"7";"0";"2";"1";"1";"1";""
"202100055752";"102Â 206";"B01";"2";"33";"0";"2";"1";"1";"1";""
"202100055752";"102Â 207";"A01";"1";"7";"0";"2";"8";"15";"1";""
"202100055753";"102Â 205";"A01";"3";"7";"0";"1";"2";"16";"1";""
"202100055754";"102Â 203";"B01";"2";"7";"0";"2";"3";"17";"1";""
"202100055754";"102Â 204";"A01";"2";"32";"0";"2";"7";"17";"1";""
"202100055755";"102Â 202";"Z01";"1";"7";"0";"1";"0";"26";"0";""
"202100055756";"102Â 201";"A01";"2";"7";"6";"0";"8";"16";"1";""
"202100055757";"102Â 200";"A01";"2";"7";"0";"1";"3";"13";"1";""
"202100055758";"102Â 198";"A01";"1";"33";"0";"2";"1";"2";"1";""
"202100055758";"102Â 199";"B01";"1";"10";"0";"2";"4";"2";"1";""
"202100055759";"102Â 196";"B01";"1";"33";"0";"2";"1";"1";"1";""
"202100055759";"102Â 197";"A01";"1";"7";"0";"2";"6";"11";"1";""
"202100055760";"102Â 195";"A01";"3";"10";"0";"1";"1";"9";"1";""
"202100055761";"102Â 193";"A01";"3";"7";"12";"0";"1";"14";"1";""
"202100055762";"102Â 191";"A01";"0";"1";"0";"2";"7";"1";"5";""
"202100055762";"102Â 192";"B01";"0";"7";"0";"2";"1";"15";"1";""
"202100055763";"102Â 190";"A01";"2";"7";"0";"1";"3";"1";"2";""
"202100055764";"102Â 188";"A01";"1";"7";"0";"2";"7";"15";"1";""
"202100055764";"102Â 189";"B01";"2";"2";"0";"2";"1";"1";"1";""
"202100055765";"102Â 183";"A01";"2";"7";"0";"1";"1";"1";"1";""
"202100055766";"102Â 182";"A01";"3";"37";"0";"1";"7";"16";"1";"1"
"202100055767";"102Â 180";"B01";"1";"1";"0";"2";"7";"19";"5";""
"202100055767";"102Â 181";"A01";"2";"7";"0";"2";"2";"1";"1";""
"202100055768";"102Â 178";"A01";"1";"0";"0";"9";"2";"17";"0";""
"202100055768";"102Â 179";"B01";"1";"1";"0";"0";"6";"2";"5";""
"202100055769";"102Â 177";"A01";"3";"7";"0";"1";"6";"4";"1";""
"202100055770";"102Â 175";"B01";"3";"1";"0";"2";"5";"19";"5";""
"202100055770";"102Â 176";"A01";"3";"7";"0";"2";"2";"26";"1";""
"202100055771";"102Â 174";"A01";"2";"31";"1";"1";"1";"17";"1";""
"202100055772";"102Â 173";"A01";"1";"31";"0";"1";"8";"1";"1";""
"202100055773";"102Â 171";"A01";"1";"10";"0";"2";"2";"2";"1";""
"202100055773";"102Â 172";"B01";"1";"10";"0";"2";"5";"2";"1";""
"202100055774";"102Â 170";"A01";"1";"7";"0";"2";"1";"9";"1";""
"202100055775";"102Â 168";"B01";"2";"7";"0";"2";"8";"23";"1";""
"202100055775";"102Â 169";"A01";"2";"10";"0";"2";"7";"14";"1";""
"202100055776";"102Â 166";"A01";"3";"7";"0";"2";"3";"9";"1";""
"202100055776";"102Â 167";"B01";"3";"1";"0";"2";"1";"1";"5";""
"202100055777";"102Â 165";"A01";"3";"7";"0";"1";"1";"20";"1";""
"202100055778";"102Â 163";"B01";"1";"7";"0";"2";"1";"1";"1";""
"202100055778";"102Â 164";"A01";"2";"7";"0";"2";"2";"19";"1";""
"202100055779";"102Â 161";"B01";"0";"7";"0";"2";"3";"15";"1";""
"202100055779";"102Â 162";"A01";"3";"7";"0";"2";"1";"26";"1";""
"202100055780";"102Â 159";"A01";"3";"7";"0";"2";"2";"15";"1";""
"202100055780";"102Â 160";"B01";"3";"7";"8";"2";"1";"1";"1";""
"202100055781";"102Â 158";"A01";"2";"2";"0";"0";"8";"1";"1";""
"202100055782";"102Â 156";"B01";"1";"7";"0";"2";"8";"1";"1";""
"202100055782";"102Â 157";"A01";"2";"7";"0";"2";"2";"15";"1";""
"202100055783";"102Â 154";"B01";"0";"2";"0";"2";"5";"1";"1";""
"202100055783";"102Â 155";"A01";"0";"10";"0";"2";"2";"9";"0";""
"202100055784";"102Â 152";"B01";"1";"37";"0";"2";"2";"1";"0";"1"
"202100055784";"102Â 153";"A01";"1";"7";"0";"2";"1";"15";"1";""
"202100055785";"102Â 151";"A01";"1";"7";"0";"1";"2";"23";"1";""
"202100055786";"102Â 148";"C01";"1";"10";"0";"2";"2";"1";"1";""
"202100055786";"102Â 149";"A01";"1";"30";"0";"2";"0";"26";"1";""
"202100055786";"102Â 150";"B01";"1";"7";"0";"2";"5";"1";"1";""
"202100055787";"102Â 147";"A01";"1";"7";"0";"1";"2";"1";"1";""
"202100055788";"102Â 145";"A01";"3";"7";"0";"2";"1";"2";"1";""
"202100055788";"102Â 146";"B01";"3";"7";"0";"2";"4";"2";"1";""
"202100055789";"102Â 144";"A01";"2";"7";"0";"1";"3";"1";"1";""
"202100055790";"102Â 142";"B01";"1";"7";"0";"2";"1";"1";"1";""
"202100055790";"102Â 143";"A01";"1";"7";"0";"2";"1";"1";"1";""
"202100055791";"102Â 141";"A01";"1";"30";"0";"0";"0";"1";"1";""
"202100055792";"102Â 139";"B01";"1";"30";"0";"2";"1";"1";"1";""
"202100055792";"102Â 140";"A01";"2";"38";"0";"2";"3";"15";"1";"1"
"202100055793";"102Â 136";"B01";"2";"14";"0";"2";"3";"1";"1";""
"202100055793";"102Â 137";"A01";"2";"7";"0";"2";"5";"12";"1";""
"202100055794";"102Â 134";"A01";"3";"7";"0";"2";"3";"16";"1";""
"202100055794";"102Â 135";"B01";"3";"1";"0";"2";"1";"19";"5";""
"202100055795";"102Â 133";"A01";"1";"7";"0";"0";"0";"1";"1";""
"202100055796";"102Â 132";"A01";"3";"30";"0";"0";"7";"1";"1";""
"202100055797";"102Â 130";"A01";"2";"7";"0";"2";"7";"16";"0";""
"202100055797";"102Â 131";"B01";"2";"80";"0";"2";"0";"1";"3";""
"202100055798";"102Â 128";"A01";"1";"7";"0";"2";"2";"15";"1";""
"202100055798";"102Â 129";"B01";"1";"32";"0";"2";"0";"0";"1";""
"202100055799";"102Â 126";"B01";"1";"7";"0";"0";"0";"0";"1";""
"202100055799";"102Â 127";"A01";"0";"30";"0";"2";"4";"26";"1";""
"202100055800";"102Â 123";"B01";"1";"7";"14";"9";"2";"2";"1";""
"202100055800";"102Â 124";"A01";"1";"33";"3";"0";"0";"17";"1";""
"202100055800";"102Â 125";"C01";"1";"17";"0";"9";"2";"1";"1";""
"202100055801";"102Â 122";"A01";"1";"7";"0";"1";"1";"9";"1";""
"202100055802";"102Â 121";"A01";"1";"7";"2";"0";"1";"1";"1";""
"202100055803";"102Â 119";"B01";"1";"1";"0";"2";"0";"1";"5";""
"202100055803";"102Â 120";"A01";"1";"7";"0";"2";"6";"9";"1";""
"202100055804";"102Â 118";"A01";"1";"7";"4";"0";"9";"1";"1";""
"202100055805";"102Â 116";"A01";"1";"1";"0";"2";"7";"12";"5";""
"202100055805";"102Â 117";"B01";"1";"7";"0";"2";"3";"1";"1";""
"202100055806";"102Â 115";"A01";"0";"10";"0";"1";"1";"1";"1";""
"202100055807";"102Â 114";"A01";"3";"3";"8";"0";"1";"1";"1";""
"202100055808";"102Â 112";"A01";"1";"7";"0";"2";"2";"2";"1";""
"202100055808";"102Â 113";"B01";"1";"1";"0";"2";"4";"2";"5";""
"202100055809";"102Â 110";"A01";"1";"7";"0";"2";"1";"26";"1";""
"202100055809";"102Â 111";"B01";"1";"7";"0";"2";"6";"23";"1";""
"202100055810";"102Â 108";"B01";"1";"7";"0";"2";"3";"1";"1";""
"202100055810";"102Â 109";"A01";"1";"7";"0";"2";"1";"13";"1";""
"202100055811";"102Â 107";"A01";"2";"7";"0";"1";"2";"1";"1";""
"202100055812";"102Â 105";"A01";"1";"7";"0";"2";"3";"2";"1";""
"202100055812";"102Â 106";"B01";"1";"7";"0";"2";"3";"1";"1";""
"202100055813";"102Â 104";"A01";"1";"33";"0";"1";"1";"17";"1";""
"202100055814";"102Â 103";"A01";"1";"7";"0";"1";"1";"15";"1";""
"202100055815";"102Â 102";"A01";"1";"10";"1";"1";"2";"1";"1";""
"202100055816";"102Â 100";"B01";"2";"14";"0";"2";"1";"1";"1";""
"202100055816";"102Â 101";"A01";"1";"10";"0";"2";"1";"5";"1";""
"202100055817";"102Â 099";"A01";"3";"7";"0";"1";"3";"1";"1";""
"202100055818";"102Â 097";"B01";"3";"30";"0";"2";"8";"1";"1";""
"202100055818";"102Â 098";"A01";"3";"7";"0";"2";"1";"15";"1";""
"202100055819";"102Â 095";"B01";"1";"7";"0";"2";"2";"1";"1";""
"202100055819";"102Â 096";"A01";"2";"1";"0";"2";"3";"19";"5";""
"202100055820";"102Â 094";"A01";"1";"7";"0";"1";"1";"21";"1";""
"202100055821";"102Â 092";"B01";"2";"7";"0";"2";"4";"2";"1";""
"202100055821";"102Â 093";"A01";"2";"7";"0";"2";"1";"2";"1";""
"202100055822";"102Â 090";"B01";"2";"10";"0";"2";"4";"23";"1";""
"202100055822";"102Â 091";"A01";"2";"7";"0";"2";"1";"1";"1";""
"202100055823";"102Â 088";"B01";"2";"37";"0";"2";"3";"15";"3";"1"
"202100055823";"102Â 089";"A01";"1";"7";"0";"2";"1";"1";"1";""
"202100055824";"102Â 086";"A01";"1";"7";"0";"2";"1";"1";"1";""
"202100055824";"102Â 087";"B01";"1";"2";"0";"2";"2";"1";"1";""
"202100055825";"102Â 085";"A01";"2";"7";"0";"1";"3";"1";"1";""
"202100055826";"102Â 083";"B01";"3";"7";"0";"2";"6";"1";"1";""
"202100055826";"102Â 084";"A01";"1";"32";"0";"2";"1";"1";"1";""
"202100055827";"102Â 082";"A01";"1";"7";"0";"1";"1";"5";"1";""
"202100055828";"102Â 081";"Z01";"2";"10";"0";"1";"3";"1";"0";""
"202100055829";"102Â 080";"A01";"2";"30";"0";"1";"1";"1";"1";""
"202100055830";"102Â 079";"A01";"3";"1";"0";"0";"1";"1";"5";""
"202100055831";"102Â 077";"A01";"1";"7";"0";"2";"0";"1";"1";""
"202100055831";"102Â 078";"B01";"1";"33";"0";"2";"0";"0";"1";""
"202100055832";"102Â 076";"A01";"1";"7";"0";"1";"3";"1";"0";""
"202100055833";"102Â 074";"B01";"2";"10";"0";"2";"2";"1";"1";""
"202100055833";"102Â 075";"A01";"1";"2";"0";"2";"8";"2";"1";""
"202100055834";"102Â 072";"A01";"1";"7";"0";"2";"2";"1";"1";""
"202100055834";"102Â 073";"B01";"1";"37";"0";"0";"6";"23";"0";"1"
"202100055835";"102Â 071";"A01";"2";"7";"0";"1";"1";"1";"1";""
"202100055836";"102Â 069";"A01";"3";"7";"0";"2";"1";"15";"1";""
"202100055836";"102Â 070";"B01";"3";"33";"0";"2";"8";"1";"1";""
"202100055837";"102Â 067";"B01";"1";"33";"0";"2";"1";"17";"1";""
"202100055837";"102Â 068";"A01";"1";"7";"0";"2";"3";"9";"1";""
"202100055838";"102Â 065";"B01";"1";"7";"0";"2";"4";"23";"1";""
"202100055838";"102Â 066";"A01";"1";"7";"0";"2";"1";"2";"1";""
"202100055839";"102Â 063";"A01";"2";"30";"0";"2";"1";"1";"1";""
"202100055839";"102Â 064";"B01";"2";"7";"0";"2";"4";"0";"1";""
"202100055840";"102Â 061";"A01";"2";"32";"0";"2";"3";"1";"3";""
"202100055840";"102Â 062";"B01";"1";"7";"0";"2";"5";"15";"1";""
"202100055841";"102Â 060";"A01";"0";"37";"0";"1";"1";"15";"0";"1"
"202100055842";"102Â 059";"A01";"3";"7";"1";"1";"1";"17";"1";""
"202100055843";"102Â 058";"A01";"1";"14";"0";"1";"7";"26";"1";""
"202100055844";"102Â 057";"A01";"1";"7";"0";"1";"2";"19";"1";""
"202100055845";"102Â 055";"B01";"2";"7";"0";"2";"3";"1";"1";""
"202100055845";"102Â 056";"A01";"1";"7";"0";"2";"3";"13";"1";""
"202100055846";"102Â 053";"A01";"1";"10";"0";"2";"3";"17";"3";""
"202100055846";"102Â 054";"B01";"1";"32";"0";"2";"7";"2";"1";""
"202100055847";"102Â 051";"B01";"1";"7";"0";"2";"3";"1";"0";""
"202100055847";"102Â 052";"A01";"1";"7";"0";"2";"2";"1";"0";""
"202100055848";"102Â 049";"B01";" -1";"7";"0";"2";"3";"1";"1";""
"202100055848";"102Â 050";"A01";" -1";"7";"0";"2";"1";"1";"1";""
"202100055849";"102Â 048";"A01";"2";"7";"0";"1";"1";"15";"1";""
"202100055850";"102Â 046";"B01";"3";"15";"0";"9";"3";"20";"1";""
"202100055850";"102Â 047";"A01";"3";"10";"1";"0";"7";"16";"1";""
"202100055851";"102Â 045";"A01";"1";"7";"0";"1";"1";"26";"0";""
"202100055852";"102Â 043";"B01";"1";"1";"0";"2";"7";"1";"0";""
"202100055852";"102Â 044";"A01";"1";"7";"0";"2";"2";"1";"1";""
"202100055853";"102Â 041";"A01";"2";"10";"0";"2";"4";"11";"1";""
"202100055853";"102Â 042";"B01";"2";"30";"0";"2";"1";"1";"1";""
"202100055854";"102Â 040";"A01";"1";"7";"0";"0";"1";"26";"1";""
"202100055855";"102Â 039";"A01";"0";"30";"0";"0";"8";"16";"3";""
"202100055856";"102Â 038";"A01";"1";"34";"9";"0";"1";"0";"1";""
"202100055857";"102Â 037";"A01";"1";"30";"14";"0";"7";"19";"1";""
"202100055858";"102Â 035";"A01";"1";"43";"0";"2";"1";"16";"1";""
"202100055858";"102Â 036";"B01";"1";"7";"0";"2";"4";"1";"1";""
"202100055859";"102Â 033";"A01";"1";"10";"0";"2";"7";"15";"1";""
"202100055859";"102Â 034";"B01";"2";"32";"0";"2";"1";"1";"1";""
"202100055860";"102Â 032";"A01";"2";"7";"0";"1";"1";"1";"1";""
"202100055861";"102Â 031";"A01";"1";"7";"4";"0";"1";"0";"1";""
"202100055862";"102Â 030";"A01";"2";"7";"0";"1";"1";"1";"1";""
"202100055863";"102Â 029";"A01";"0";"7";"0";"1";"2";"0";"1";""
"202100055864";"102Â 027";"B01";"1";"31";"0";"2";"1";"3";"1";""
"202100055864";"102Â 028";"A01";"1";"7";"0";"2";"4";"11";"1";""
"202100055865";"102Â 025";"A01";"3";"33";"0";"2";"1";"1";"1";""
"202100055865";"102Â 026";"B01";"3";"7";"0";"2";"6";"9";"1";""
"202100055866";"102Â 023";"A01";"1";"2";"15";"0";"0";"17";"1";""
"202100055866";"102Â 024";"B01";"1";"7";"0";"0";"0";"23";"1";""
"202100055867";"102Â 020";"A01";"2";"7";"0";"1";"2";"1";"1";""
"202100055868";"102Â 018";"B01";"1";"7";"0";"2";"3";"1";"1";""
"202100055868";"102Â 019";"A01";"1";"7";"13";"2";"1";"17";"1";""
"202100055869";"102Â 017";"A01";"1";"36";"8";"0";"1";"1";"1";""
"202100055870";"102Â 016";"A01";"2";"7";"13";"0";"9";"1";"1";""
"202100055871";"102Â 013";"A01";"1";"2";"0";"2";"1";"2";"1";""
"202100055871";"102Â 014";"B01";"1";"7";"0";"0";"4";"23";"1";""
"202100055871";"102Â 015";"C01";"2";"7";"0";"2";"0";"1";"1";""
"202100055872";"102Â 011";"B01";"3";"7";"0";"9";"2";"1";"1";""
"202100055872";"102Â 012";"A01";"3";"1";"0";"2";"2";"11";"5";""
"202100055873";"102Â 009";"B01";"2";"17";"0";"2";"1";"5";"1";""
"202100055873";"102Â 010";"A01";"2";"7";"0";"2";"1";"1";"1";""
"202100055874";"102Â 007";"B01";"3";"7";"0";"0";"3";"1";"1";""
"202100055874";"102Â 008";"A01";"3";"15";"0";"2";"3";"1";"1";""
"202100055875";"102Â 006";"A01";"1";"7";"0";"1";"1";"1";"1";""
"202100055876";"102Â 003";"A01";"1";"7";"0";"2";"2";"19";"1";""
"202100055876";"102Â 004";"B01";"2";"1";"0";"2";"8";"19";"5";""
"202100055877";"102Â 000";"A01";"1";"7";"0";"2";"1";"2";"1";""
"202100055877";"102Â 001";"B01";"1";"7";"0";"2";"4";"2";"1";""
"202100055877";"102Â 002";"C01";"1";"7";"0";"0";"4";"15";"1";""
"202100055878";"101Â 998";"A01";"3";"7";"0";"2";"1";"1";"1";""
"202100055878";"101Â 999";"B01";"3";"7";"0";"2";"2";"15";"1";""
"202100055879";"101Â 995";"A01";"2";"2";"0";"0";"2";"1";"1";""
"202100055880";"101Â 992";"A01";"2";"7";"0";"2";"1";"1";"1";""
"202100055880";"101Â 993";"B01";"2";"7";"0";"2";"8";"26";"1";""
"202100055880";"101Â 994";"C01";"2";"15";"0";"2";"2";"1";"1";""
"202100055881";"101Â 990";"B01";"1";"7";"0";"2";"3";"11";"0";""
"202100055881";"101Â 991";"A01";"1";"15";"0";"2";"2";"1";"1";""
"202100055882";"101Â 988";"A01";"1";"33";"0";"2";"1";"2";"1";""
"202100055882";"101Â 989";"B01";"1";"7";"0";"2";"5";"2";"1";""
"202100055883";"101Â 985";"A01";"2";"7";"0";"2";"1";"1";"1";""
"202100055883";"101Â 986";"C01";"2";"14";"0";"2";"6";"1";"1";""
"202100055883";"101Â 987";"B01";"2";"7";"0";"2";"6";"1";"1";""
"202100055884";"101Â 983";"B01";"1";"7";"0";"2";"4";"2";"1";""
"202100055884";"101Â 984";"A01";"1";"33";"0";"2";"1";"1";"1";""
"202100055885";"101Â 982";"A01";"2";"7";"4";"0";"2";"1";"1";""
"202100055886";"101Â 980";"A01";"1";"10";"0";"2";"1";"0";"1";""
"202100055886";"101Â 981";"B01";"1";"7";"0";"2";"4";"0";"1";""
"202100055887";"101Â 978";"B01";"2";"10";"0";"2";"6";"1";"1";""
"202100055887";"101Â 979";"A01";"2";"33";"0";"2";"1";"3";"1";""
"202100055888";"101Â 976";"A01";"1";"7";"0";"2";"7";"1";"1";""
"202100055888";"101Â 977";"B01";"1";"10";"0";"2";"3";"1";"1";""
"202100055889";"101Â 975";"A01";"1";"7";"0";"1";"7";"16";"2";""
"202100055890";"101Â 974";"A01";"3";"7";"9";"0";"1";"9";"1";""
"202100055891";"101Â 972";"B01";"1";"7";"0";"2";"1";"1";"1";""
"202100055891";"101Â 973";"A01";"2";"10";"0";"2";"3";"15";"1";""
"202100055892";"101Â 971";"A01";"2";"37";"0";"1";"1";"1";"1";"1"
"202100055893";"101Â 969";"B01";"1";"7";"0";"2";"1";"15";"1";""
"202100055893";"101Â 970";"A01";"2";"50";"0";"2";"1";"1";"3";""
"202100055894";"101Â 966";"B01";"1";"7";"0";"2";"4";"2";"1";""
"202100055894";"101Â 967";"A01";"1";"7";"0";"2";"0";"2";"0";""
"202100055894";"101Â 968";"C01";"1";"7";"0";"2";"3";"2";"1";""
"202100055895";"101Â 964";"A01";"2";"7";"0";"2";"3";"13";"1";""
"202100055895";"101Â 965";"B01";"1";"10";"0";"2";"8";"1";"1";""
"202100055896";"101Â 963";"A01";"2";"7";"0";"1";"1";"1";"1";""
"202100055897";"101Â 962";"A01";"2";"7";"1";"0";"1";"1";"1";""
"202100055898";"101Â 959";"B01";"0";"7";"0";"2";"9";"23";"1";""