"Num_Acc";"id_vehicule";"num_veh";"senc";"catv";"obs";"obsm";"choc";"manv";"motor";"occutc"
"202100055898";"101Â 960";"C01";"0";"7";"0";"2";"3";"1";"1";""
"202100055898";"101Â 961";"A01";"0";"7";"1";"2";"3";"1";"1";""
"202100055899";"101Â 957";"A01";"0";"50";"0";"2";"1";"1";"3";""
"202100055899";"101Â 958";"B01";"0";"7";"0";"2";"1";"15";"1";""
"202100055900";"101Â 955";"A01";"1";"7";"0";"2";"1";"1";"1";""
"202100055900";"101Â 956";"B01";"1";"3";"0";"2";"4";"2";"1";""
"202100055901";"101Â 953";"B01";"1";"7";"0";"2";"3";"1";"1";""
"202100055901";"101Â 954";"A01";"2";"30";"0";"2";"3";"1";"1";""
"202100055902";"101Â 952";"A01";"1";"7";"0";"1";"2";"1";"1";""
"202100055903";"101Â 950";"B01";"2";"33";"0";"2";"2";"1";"1";""
"202100055903";"101Â 951";"A01";"2";"0";"0";"2";"0";"1";"1";""
"202100055904";"101Â 948";"A01";"3";"7";"0";"2";"1";"0";"1";""
"202100055904";"101Â 949";"B01";"3";"7";"0";"2";"1";"0";"1";""
"202100055905";"101Â 946";"B01";"3";"33";"0";"2";"0";"1";"1";""
"202100055905";"101Â 947";"A01";"3";"7";"0";"2";"3";"9";"1";""
"202100055906";"101Â 944";"A01";"3";"10";"0";"2";"3";"15";"1";""
"202100055906";"101Â 945";"B01";"3";"2";"0";"2";"1";"17";"1";""
"202100055907";"101Â 942";"B01";"1";"37";"0";"2";"3";"1";"1";"2"
"202100055907";"101Â 943";"A01";"1";"7";"0";"2";"5";"16";"1";""
"202100055908";"101Â 939";"B01";"1";"7";"0";"2";"0";"0";"1";""
"202100055908";"101Â 940";"C01";"1";"7";"0";"2";"1";"1";"1";""
"202100055908";"101Â 941";"A01";"1";"7";"0";"2";"4";"2";"1";""
"202100055909";"101Â 938";"A01";"1";"7";"1";"0";"3";"13";"1";""
"202100055910";"101Â 937";"A01";"1";"3";"0";"1";"1";"1";"1";""
"202100055911";"101Â 935";"A01";"3";"7";"0";"2";"3";"15";"1";""
"202100055911";"101Â 936";"B01";"3";"7";"0";"2";"1";"1";"1";""
"202100055912";"101Â 934";"A01";"1";"7";"0";"1";"3";"15";"1";""
"202100055913";"101Â 932";"A01";"1";"7";"0";"2";"1";"26";"3";""
"202100055913";"101Â 933";"B01";"1";"7";"0";"2";"8";"1";"1";""
"202100055914";"101Â 930";"B01";"2";"50";"0";"2";"1";"13";"3";""
"202100055914";"101Â 931";"A01";"1";"7";"0";"9";"1";"1";"1";""
"202100055915";"101Â 929";"A01";"1";"7";"0";"1";"3";"15";"1";""
"202100055916";"101Â 928";"A01";"1";"7";"0";"1";"1";"1";"1";""
"202100055917";"101Â 927";"A01";"2";"7";"0";"1";"3";"1";"1";""
"202100055918";"101Â 925";"B01";"1";"2";"0";"2";"7";"15";"1";""
"202100055918";"101Â 926";"A01";"1";"7";"0";"2";"8";"1";"1";""
"202100055919";"101Â 923";"A01";"1";"31";"0";"2";"7";"17";"1";""
"202100055919";"101Â 924";"B01";"1";"7";"0";"2";"8";"23";"1";""
"202100055920";"101Â 922";"A01";"3";"7";"0";"1";"2";"1";"1";""
"202100055921";"101Â 919";"A01";"1";"14";"0";"2";"1";"2";"1";""
"202100055921";"101Â 920";"B01";"1";"17";"0";"2";"4";"2";"1";""
"202100055921";"101Â 921";"C01";"1";"14";"0";"2";"4";"2";"1";""
"202100055922";"101Â 917";"A01";"1";"7";"0";"2";"2";"15";"1";""
"202100055922";"101Â 918";"B01";"2";"33";"0";"2";"1";"1";"1";""
"202100055923";"101Â 915";"B01";"2";"14";"0";"2";"1";"1";"1";""
"202100055923";"101Â 916";"A01";"2";"1";"0";"2";"1";"19";"5";""
"202100055924";"101Â 913";"A01";"2";"7";"0";"2";"1";"15";"1";""
"202100055924";"101Â 914";"B01";"2";"50";"0";"2";"8";"19";"3";""
"202100055925";"101Â 911";"A01";"1";"7";"0";"2";"1";"1";"1";""
"202100055925";"101Â 912";"B01";"1";"7";"0";"2";"1";"1";"1";""
"202100055926";"101Â 909";"B01";"2";"2";"0";"2";"4";"1";"1";""
"202100055926";"101Â 910";"A01";"2";"10";"0";"2";"3";"1";"1";""
"202100055927";"101Â 908";"A01";"3";"7";"0";"1";"2";"26";"1";""
"202100055928";"101Â 907";"A01";"0";"7";"0";"1";"2";"16";"1";""
"202100055929";"101Â 906";"A01";"3";"30";"0";"0";"0";"26";"1";""
"202100055930";"101Â 904";"B01";"3";"7";"0";"2";"4";"0";"1";""
"202100055930";"101Â 905";"A01";"3";"7";"0";"2";"1";"2";"1";""
"202100055931";"101Â 903";"A01";"1";"7";"0";"1";"1";"1";"1";""
"202100055932";"101Â 901";"A01";"1";"7";"0";"2";"2";"15";"1";""
"202100055932";"101Â 902";"B01";"2";"7";"0";"2";"6";"1";"1";""
"202100055933";"101Â 900";"A01";"3";"7";"0";"1";"6";"15";"1";""
"202100055934";"101Â 899";"A01";"3";"31";"0";"0";"7";"1";"1";""
"202100055935";"101Â 897";"B01";"2";"7";"0";"2";"6";"23";"1";""
"202100055935";"101Â 898";"A01";"2";"33";"0";"2";"1";"3";"1";""
"202100055936";"101Â 896";"A01";"1";"7";"0";"1";"1";"1";"1";""
"202100055937";"101Â 895";"A01";"2";"32";"0";"0";"0";"1";"1";""
"202100055938";"101Â 894";"A01";"2";"7";"0";"1";"6";"15";"3";""
"202100055939";"101Â 893";"A01";"2";"7";"0";"1";"8";"1";"1";""
"202100055940";"101Â 892";"A01";"2";"30";"0";"0";"0";"21";"1";""
"202100055941";"101Â 889";"A01";"2";"7";"0";"2";"1";"17";"2";""
"202100055941";"101Â 890";"C01";"1";"32";"0";"2";"3";"1";"1";""
"202100055941";"101Â 891";"B01";"1";"10";"0";"2";"9";"1";"1";""
"202100055942";"101Â 888";"Z01";"2";"30";"0";"1";"2";"1";" -1";""
"202100055943";"101Â 886";"B01";"1";"1";"0";"2";"1";"1";"5";""
"202100055943";"101Â 887";"A01";"1";"7";"0";"2";"3";"9";"1";""
"202100055944";"101Â 884";"B01";"2";"1";"0";"2";"1";"1";"5";""
"202100055944";"101Â 885";"A01";"1";"1";"0";"2";"1";"5";"5";""
"202100055945";"101Â 883";"A01";"2";"7";"0";"1";"1";"15";"1";""
"202100055946";"101Â 882";"A01";"1";"7";"0";"1";"2";"16";"1";""
"202100055947";"101Â 881";"A01";"1";"50";"0";"0";"0";"7";"3";""
"202100055948";"101Â 879";"A01";"3";"43";"0";"2";"1";"2";"1";""
"202100055948";"101Â 880";"B01";"3";"7";"0";"2";"4";"2";"1";""
"202100055949";"101Â 878";"A01";"3";"7";"2";"0";"1";"1";"1";""
"202100055950";"101Â 875";"A01";"2";"33";"0";"1";"1";"3";"1";""
"202100055950";"101Â 876";"B01";"2";"7";"0";"2";"8";"0";"1";""
"202100055950";"101Â 877";"C01";"2";"7";"0";"2";"6";"2";"3";""
"202100055951";"101Â 873";"A01";"3";"7";"0";"2";"1";"1";"1";""
"202100055951";"101Â 874";"B01";"3";"7";"0";"2";"4";"1";"1";""
"202100055952";"101Â 872";"A01";"1";"10";"0";"1";"4";"4";"1";""
"202100055953";"101Â 870";"B01";"3";"10";"0";"2";"1";"0";"0";""
"202100055953";"101Â 871";"A01";"3";"7";"0";"2";"8";"26";"0";""
"202100055954";"101Â 868";"A01";"1";"7";"0";"2";"1";"2";"1";""
"202100055954";"101Â 869";"B01";"1";"7";"0";"0";"4";"0";"1";""
"202100055955";"101Â 866";"B01";"1";"7";"0";"2";"3";"15";"1";""
"202100055955";"101Â 867";"A01";"1";"43";"1";"0";"3";"1";"1";""
"202100055956";"101Â 864";"A01";"2";"10";"0";"2";"2";"26";"1";""
"202100055956";"101Â 865";"B01";"2";"7";"0";"2";"7";"15";"1";""
"202100055957";"101Â 862";"B01";"1";"7";"0";"2";"3";"1";"1";""
"202100055957";"101Â 863";"A01";"1";"7";"0";"2";"3";"16";"1";""
"202100055958";"101Â 861";"A01";"3";"10";"0";"1";"1";"15";"1";""
"202100055959";"101Â 860";"A01";"1";"7";"0";"1";"2";"1";"1";""
"202100055960";"101Â 858";"A01";"2";"10";"0";"2";"2";"1";"1";""
"202100055960";"101Â 859";"B01";"1";"31";"0";"2";"1";"1";"1";""
"202100055961";"101Â 856";"B01";"3";"7";"1";"1";"2";"0";"1";""
"202100055961";"101Â 857";"A01";"1";"10";"1";"0";"1";"14";"1";""
"202100055962";"101Â 855";"A01";"2";"10";"14";"0";"1";"0";"0";""
"202100055963";"101Â 853";"B01";"2";"60";"0";"2";"1";"1";"5";""
"202100055963";"101Â 854";"A01";"2";"7";"0";"2";"1";"16";"0";""
"202100055964";"101Â 852";"A01";"3";"7";"0";"1";"0";"21";"1";""
"202100055965";"101Â 851";"A01";"1";"60";"0";"0";"0";"0";"5";""
"202100055966";"101Â 849";"B01";"0";"31";"0";"2";"1";"2";"1";""
"202100055966";"101Â 850";"A01";"3";"99";"0";"2";"4";"20";"1";""
"202100055967";"101Â 847";"A01";"2";"7";"0";"2";"2";"1";"1";""
"202100055967";"101Â 848";"B01";"1";"7";"0";"2";"3";"1";"1";""
"202100055968";"101Â 846";"A01";"1";"30";"0";"0";"2";"1";"1";""
"202100055969";"101Â 844";"A01";"3";"7";"0";"2";"1";"9";"1";""
"202100055969";"101Â 845";"B01";"2";"2";"0";"0";"7";"1";"1";""
"202100055970";"101Â 842";"A01";"3";"7";"0";"2";"1";"15";"1";""
"202100055970";"101Â 843";"B01";"0";"7";"0";"2";"1";"1";"1";""
"202100055971";"101Â 841";"A01";"2";"7";"0";"1";"1";"1";"1";""
"202100055972";"101Â 840";"A01";"2";"33";"8";"0";"1";"1";"1";""
"202100055973";"101Â 839";"A01";"2";"3";"13";"0";"8";"13";"1";""
"202100055974";"101Â 838";"A01";"3";"10";"0";"1";"6";"4";"1";""
"202100055975";"101Â 836";"A01";"2";"7";"0";"2";"1";"1";"1";""
"202100055975";"101Â 837";"B01";"1";"2";"0";"2";"7";"15";"1";""
"202100055976";"101Â 835";"A01";"2";"7";"17";"0";"2";"14";"1";""
"202100055977";"101Â 833";"B01";"3";"1";"0";"2";"8";"0";"5";""
"202100055977";"101Â 834";"A01";"2";"7";"0";"2";"1";"1";"1";""
"202100055978";"101Â 831";"A01";"1";"7";"0";"2";"3";"13";"1";""
"202100055978";"101Â 832";"B01";"2";"1";"0";"2";"1";"1";"5";""
"202100055979";"101Â 830";"A01";"1";"7";"0";"1";"2";"1";"0";""
"202100055980";"101Â 828";"A01";"2";"10";"0";"2";"2";"15";"1";""
"202100055980";"101Â 829";"B01";"1";"2";"0";"2";"1";"1";"1";""
"202100055981";"101Â 827";"A01";"1";"7";"7";"0";"8";"1";"1";""
"202100055982";"101Â 824";"A01";"1";"2";"0";"0";"8";"15";"1";""
"202100055982";"101Â 825";"B01";"2";"10";"0";"2";"1";"1";"1";""
"202100055983";"101Â 822";"A01";"0";"7";"0";"2";"1";"1";"1";""
"202100055983";"101Â 823";"B01";"0";"3";"0";"2";"1";"15";"1";""
"202100055984";"101Â 820";"A01";"2";"7";"13";"2";"3";"9";"1";""
"202100055984";"101Â 821";"B01";"1";"7";"0";"2";"1";"1";"1";""
"202100055985";"101Â 818";"B01";"1";"10";"0";"2";"1";"2";"1";""
"202100055985";"101Â 819";"A01";"1";"7";"0";"0";"4";"2";"1";""
"202100055986";"101Â 815";"A01";"2";"7";"0";"0";"6";"15";"1";""
"202100055986";"101Â 816";"B01";"2";"2";"0";"2";"1";"21";"1";""
"202100055986";"101Â 817";"C01";"2";"2";"0";"0";"0";"21";"1";""
"202100055987";"101Â 813";"B01";"1";"7";"0";"2";"1";"1";"1";""
"202100055987";"101Â 814";"A01";"2";"7";"0";"2";"8";"13";"1";""
"202100055988";"101Â 811";"A01";"1";"7";"0";"2";"1";"1";"1";""
"202100055988";"101Â 812";"B01";"2";"30";"0";"2";"1";"13";"1";""
"202100055989";"101Â 809";"B01";"1";"13";"0";"0";"3";"1";"1";""
"202100055989";"101Â 810";"A01";"2";"7";"0";"0";"2";"1";"1";""
"202100055990";"101Â 806";"A01";"3";"7";"0";"1";"5";"1";"1";""
"202100055991";"101Â 804";"B01";"2";"7";"0";"2";"1";"1";"1";""
"202100055991";"101Â 805";"A01";"3";"7";"0";"2";"6";"1";"1";""
"202100055992";"101Â 803";"A01";"2";"10";"13";"0";"0";"0";"1";""
"202100055993";"101Â 802";"A01";"3";"7";"8";"0";"1";"14";"1";""
"202100055994";"101Â 800";"A01";"2";"10";"0";"2";"1";"1";"1";""
"202100055994";"101Â 801";"B01";"1";"7";"0";"2";"2";"1";"1";""
"202100055995";"101Â 798";"B01";"2";"10";"0";"2";"2";"17";"1";""
"202100055995";"101Â 799";"A01";"1";"7";"13";"2";"3";"15";"1";""
"202100055996";"101Â 797";"A01";"1";"7";"9";"0";"1";"1";"1";""
"202100055997";"101Â 793";"C01";"2";"7";"0";"2";"2";"1";"1";""
"202100055997";"101Â 794";"A01";"1";"7";"0";"2";"1";"17";"1";""
"202100055997";"101Â 795";"B01";"2";"7";"0";"2";"4";"1";"1";""
"202100055997";"101Â 796";"D01";"2";"7";"0";"2";"3";"1";"1";""
"202100055998";"101Â 791";"B01";"0";"1";"0";"0";"4";"16";"5";""
"202100055998";"101Â 792";"A01";"1";"7";"0";"9";"2";"9";"1";""
"202100055999";"101Â 790";"A01";"2";"7";"6";"0";"1";"1";"1";""
"202100056000";"101Â 788";"B01";"3";"60";"0";"2";"8";"26";"5";""
"202100056000";"101Â 789";"A01";"3";"7";"0";"2";"2";"1";"0";""
"202100056001";"101Â 786";"B01";"3";"7";"0";"2";"3";"1";"0";""
"202100056001";"101Â 787";"A01";"3";"7";"0";"2";"3";"1";"1";""
"202100056002";"101Â 784";"A01";"2";"7";"0";"2";"7";"16";"1";""
"202100056002";"101Â 785";"B01";"2";"31";"0";"2";"8";"23";"1";""
"202100056003";"101Â 782";"B01";"1";"7";"0";"2";"4";"1";"1";""
"202100056003";"101Â 783";"A01";"1";"7";"0";"2";"1";"1";"1";""
"202100056004";"101Â 778";"A01";"1";"33";"0";"2";"1";"3";"1";""
"202100056004";"101Â 779";"B01";"2";"7";"0";"2";"1";"1";"1";""
"202100056005";"101Â 776";"A01";"1";"7";"0";"2";"5";"1";"1";""
"202100056005";"101Â 777";"B01";"0";"2";"0";"2";"1";"1";"1";""
"202100056006";"101Â 774";"B01";"2";"7";"0";"2";"1";"1";"1";""
"202100056006";"101Â 775";"A01";"2";"7";"0";"2";"8";"2";"1";""
"202100056007";"101Â 772";"B01";"1";"7";"0";"2";"7";"14";"1";""
"202100056007";"101Â 773";"A01";"1";"7";"0";"2";"8";"1";"1";""
"202100056008";"101Â 770";"B01";"1";"7";"0";"2";"4";"2";"1";""
"202100056008";"101Â 771";"A01";"1";"7";"0";"2";"1";"1";"1";""
"202100056009";"101Â 767";"B01";"1";"7";"0";"2";"4";"2";"1";""
"202100056009";"101Â 768";"A01";"1";"7";"0";"2";"1";"2";"1";""
"202100056009";"101Â 769";"C01";"1";"10";"0";"2";"4";"2";"0";""
"202100056010";"101Â 766";"A01";"1";"7";"3";"0";"7";"14";"1";""
"202100056011";"101Â 764";"B01";"1";"7";"0";"2";"5";"2";"1";""
"202100056011";"101Â 765";"A01";"1";"7";"0";"2";"3";"2";"1";""
"202100056012";"101Â 762";"B01";"2";"7";"0";"2";"8";"0";"1";""
"202100056012";"101Â 763";"A01";"2";"33";"0";"2";"8";"3";"1";""
"202100056013";"101Â 760";"A01";"2";"33";"0";"2";"1";"12";"1";""
"202100056013";"101Â 761";"B01";"2";"7";"0";"2";"5";"1";"1";""
"202100056014";"101Â 759";"A01";"2";"34";"0";"0";"9";"2";"1";""
"202100056015";"101Â 757";"A01";"1";"7";"0";"2";"1";"1";"1";""
"202100056015";"101Â 758";"B01";"1";"7";"0";"2";"4";"2";"1";""
"202100056016";"101Â 755";"A01";"1";"7";"0";"2";"7";"1";"1";""
"202100056016";"101Â 756";"Z01";"1";"7";"4";"2";"8";"0";"1";""
"202100056017";"101Â 754";"A01";"2";"30";"0";"9";"0";"1";"1";""
"202100056018";"101Â 752";"B01";"1";"31";"0";"2";"1";"1";"1";""
"202100056018";"101Â 753";"A01";"2";"13";"0";"9";"3";"13";"1";""
"202100056019";"101Â 750";"A01";"1";"7";"0";"2";"1";"15";"1";""
"202100056019";"101Â 751";"B01";"2";"43";"0";"2";"3";"1";"1";""
"202100056020";"101Â 749";"A01";"2";"7";"0";"2";"7";"1";"1";""
"202100056021";"101Â 746";"A01";"1";"7";"0";"2";"1";"1";"1";""
"202100056021";"101Â 747";"B01";"1";"7";"0";"2";"4";"23";"1";""
"202100056021";"101Â 748";"C01";"1";"7";"0";"2";"4";"23";"1";""
"202100056022";"101Â 745";"A01";"1";"7";"0";"1";"1";"19";"1";""
"202100056023";"101Â 743";"A01";"2";"33";"0";"2";"1";"2";"1";""
"202100056023";"101Â 744";"B01";"2";"7";"0";"2";"4";"2";"1";""
"202100056024";"101Â 741";"B01";"3";"2";"0";"2";"8";"16";"1";""
"202100056024";"101Â 742";"A01";"3";"7";"0";"2";"2";"1";"1";""
"202100056025";"101Â 740";"A01";"1";"7";"4";"0";"3";"14";"1";""
"202100056026";"101Â 738";"B01";"3";"7";"4";"2";"4";"13";"1";""
"202100056026";"101Â 739";"A01";"3";"7";"0";"2";"3";"15";"1";""
"202100056027";"101Â 736";"A01";"1";"7";"0";"2";"8";"10";"1";""
"202100056027";"101Â 737";"B01";"3";"7";"0";"2";"1";"1";"1";""
"202100056028";"101Â 735";"A01";"1";"10";"0";"1";"2";"16";"1";""
"202100056029";"101Â 733";"B01";"2";"7";"0";"2";"6";"0";"1";""
"202100056029";"101Â 734";"A01";"2";"7";"0";"2";"3";"16";"1";""
"202100056030";"101Â 732";"A01";"1";"60";"0";"0";"1";"1";"5";""
"202100056031";"101Â 731";"A01";"2";"7";"0";"0";"7";"13";"1";""
"202100056032";"101Â 730";"A01";"1";"33";"0";"0";"0";"1";"1";""
"202100056033";"101Â 728";"A01";"1";"7";"0";"2";"2";"15";"1";""
"202100056033";"101Â 729";"B01";"2";"32";"0";"2";"1";"1";"1";""
"202100056034";"101Â 726";"B01";"0";"7";"0";"2";"1";"16";"1";""
"202100056034";"101Â 727";"A01";"0";"7";"0";"2";"2";"1";"1";""
"202100056035";"101Â 724";"A01";"0";"7";"0";"2";"1";"1";"1";""
"202100056035";"101Â 725";"B01";"0";"7";"1";"2";"4";"23";"1";""
"202100056036";"101Â 722";"A01";"1";"7";"0";"2";"8";"9";"1";""
"202100056036";"101Â 723";"B01";"2";"7";"0";"2";"1";"9";"2";""
"202100056037";"101Â 721";"A01";"1";"7";"0";"1";"2";"1";"1";""
"202100056038";"101Â 720";"A01";"2";"10";"0";"1";"2";"1";"1";""
"202100056039";"101Â 719";"A01";"3";"7";"0";"1";"2";"17";"0";""
"202100056040";"101Â 717";"A01";"2";"7";"7";"2";"1";"2";"1";""
"202100056040";"101Â 718";"B01";"2";"7";"9";"0";"4";"2";"1";""
"202100056041";"101Â 715";"A01";"1";"7";"0";"2";"2";"15";"1";""
"202100056041";"101Â 716";"B01";"2";"7";"0";"2";"3";"1";"1";""
"202100056042";"101Â 713";"B01";"2";"7";"0";"2";"1";"1";"1";""
"202100056042";"101Â 714";"A01";"1";"7";"0";"2";"1";"13";"1";""
"202100056043";"101Â 711";"A01";"1";"7";"0";"2";"1";"1";"1";""
"202100056043";"101Â 712";"B01";"1";"7";"0";"2";"4";"1";"1";""
"202100056044";"101Â 707";"D01";"1";"7";"0";"2";"1";"1";"1";""
"202100056044";"101Â 708";"A01";"1";"7";"0";"2";"4";"1";"1";""
"202100056044";"101Â 709";"C01";"1";"7";"0";"2";"4";"1";"1";""
"202100056044";"101Â 710";"B01";"1";"7";"0";"2";"1";"1";"1";""
"202100056045";"101Â 705";"A01";"1";"7";"0";"2";"1";"1";"1";""
"202100056045";"101Â 706";"B01";"1";"2";"0";"2";"1";"1";"1";""
"202100056046";"101Â 703";"B01";"1";"7";"0";"2";"4";"1";"1";""
"202100056046";"101Â 704";"A01";"1";"7";"0";"2";"1";"1";"1";""
"202100056047";"101Â 702";"A01";"2";"7";"0";"1";"2";"1";"1";""
"202100056048";"101Â 700";"A01";"2";"7";"0";"2";"2";"15";"1";""
"202100056048";"101Â 701";"B01";"1";"7";"0";"2";"1";"1";"0";""
"202100056049";"101Â 698";"A01";"0";"7";"0";"2";"3";"9";"1";""
"202100056049";"101Â 699";"B01";"3";"1";"0";"2";"1";"1";"5";""
"202100056050";"101Â 697";"A01";"3";"7";"15";"0";"1";"26";"1";""
"202100056051";"101Â 695";"A01";"1";"7";"0";"2";"3";"15";"1";""
"202100056051";"101Â 696";"B01";"2";"1";"0";"2";"3";"1";"5";""
"202100056052";"101Â 694";"A01";"2";"7";"0";"1";"3";"1";"1";""
"202100056053";"101Â 693";"A01";"1";"7";"0";"1";"2";"1";"1";""
"202100056054";"101Â 690";"Z01";"1";"10";"0";"2";"0";"19";"0";""
"202100056054";"101Â 691";"A01";"1";"7";"0";"2";"6";"1";"1";""
"202100056054";"101Â 692";"B01";"2";"7";"0";"2";"8";"1";"1";""
"202100056055";"101Â 687";"A01";"0";"7";"0";"2";"1";"17";"1";""
"202100056055";"101Â 688";"B01";"0";"7";"0";"2";"1";"1";"1";""
"202100056055";"101Â 689";"C01";"0";"7";"0";"2";"3";"1";"1";""
"202100056056";"101Â 685";"A01";"1";"34";"0";"2";"1";"1";"1";""
"202100056056";"101Â 686";"B01";"1";"7";"0";"0";"0";"0";"1";""
"202100056057";"101Â 684";"A01";"1";"7";"0";"1";"1";"1";"1";""
"202100056058";"101Â 683";"A01";"3";"7";"0";"1";"1";"1";"1";""
"202100056059";"101Â 682";"A01";"2";"30";"0";"0";"1";"0";"1";""
"202100056060";"101Â 681";"A01";"2";"7";"4";"0";"2";"1";"1";""
"202100056061";"101Â 678";"A01";"2";"10";"0";"2";"0";"2";"1";""
"202100056061";"101Â 679";"B01";"2";"10";"0";"2";"4";"23";"1";""
"202100056061";"101Â 680";"C01";"2";"7";"0";"2";"4";"23";"1";""
"202100056062";"101Â 676";"B01";"1";"7";"0";"2";"6";"2";"1";""
"202100056062";"101Â 677";"A01";"1";"32";"0";"2";"1";"2";"1";""
"202100056063";"101Â 674";"A01";"1";"32";"7";"2";"1";"1";"1";""
"202100056063";"101Â 675";"B01";"1";"32";"0";"2";"8";"1";"1";""
"202100056064";"101Â 671";"C01";"1";"7";"0";"2";"3";"5";"1";""
"202100056064";"101Â 672";"B01";"2";"7";"0";"2";"2";"12";"1";""
"202100056064";"101Â 673";"A01";"2";"7";"0";"2";"3";"7";"1";""
"202100056065";"101Â 670";"A01";"3";"30";"0";"0";"0";"1";"1";""
"202100056066";"101Â 668";"B01";"3";"7";"0";"2";"6";"23";"1";""
"202100056066";"101Â 669";"A01";"3";"1";"0";"2";"1";"1";"5";""
"202100056067";"101Â 666";"B01";"1";"33";"0";"2";"8";"1";"1";""
"202100056067";"101Â 667";"A01";"1";"10";"0";"2";"2";"16";"1";""
"202100056068";"101Â 663";"A01";"3";"7";"0";"2";"3";"15";"1";""
"202100056068";"101Â 664";"B01";"3";"33";"0";"2";"3";"1";"1";""
"202100056068";"101Â 665";"C01";"3";"32";"0";"2";"3";"1";"1";""
"202100056069";"101Â 661";"B01";"1";"1";"0";"2";"8";"1";"5";""
"202100056069";"101Â 662";"A01";"1";"7";"0";"2";"2";"14";"1";""
"202100056070";"101Â 659";"B01";"2";"32";"0";"2";"2";"7";"1";""
"202100056070";"101Â 660";"A01";"2";"7";"0";"2";"8";"22";"1";""
"202100056071";"101Â 658";"A01";"2";"32";"0";"1";"1";"1";"1";""
"202100056072";"101Â 656";"B01";"2";"34";"0";"2";"8";"1";"1";""
"202100056072";"101Â 657";"A01";"2";"7";"0";"2";"8";"1";"1";""
"202100056073";"101Â 652";"B01";"3";"7";"0";"2";"2";"1";"1";""
"202100056073";"101Â 653";"A01";"3";"30";"0";"2";"1";"1";"3";""
"202100056074";"101Â 650";"B01";"2";"7";"0";"2";"1";"15";"1";""
"202100056074";"101Â 651";"A01";"1";"1";"0";"2";"1";"1";"5";""
"202100056075";"101Â 648";"B01";"1";"1";"0";"2";"1";"19";"5";""
"202100056075";"101Â 649";"A01";"1";"7";"0";"2";"2";"16";"1";""
"202100056076";"101Â 646";"A01";"3";"33";"0";"2";"1";"2";"1";""
"202100056076";"101Â 647";"B01";"3";"7";"15";"0";"5";"23";"1";""
"202100056077";"101Â 644";"A01";"3";"7";"0";"2";"1";"1";"1";""
"202100056077";"101Â 645";"B01";"3";"7";"0";"2";"8";"15";"1";""
"202100056078";"101Â 642";"A01";"1";"7";"0";"2";"3";"9";"2";""
"202100056078";"101Â 643";"B01";"1";"50";"0";"2";"7";"2";"3";""
"202100056079";"101Â 640";"A01";"0";"30";"0";"0";"0";"26";"1";""
"202100056080";"101Â 638";"B01";"1";"7";"0";"2";"8";"15";"1";""
"202100056080";"101Â 639";"A01";"2";"7";"0";"2";"1";"1";"1";""
"202100056081";"101Â 636";"A01";"1";"30";"0";"2";"2";"1";"1";""
"202100056081";"101Â 637";"Z01";"1";"10";"0";"2";"0";"9";"0";""
"202100056082";"101Â 635";"A01";"1";"30";"0";"0";"0";"16";"1";""
"202100056083";"101Â 633";"B01";"1";"2";"0";"2";"1";"1";"1";""
"202100056083";"101Â 634";"A01";"1";"7";"0";"2";"6";"9";"1";""
"202100056084";"101Â 630";"A01";"2";"7";"0";"2";"3";"13";"0";""
"202100056084";"101Â 631";"B01";"2";"7";"0";"2";"7";"1";"0";""
"202100056084";"101Â 632";"C01";"2";"31";"0";"2";"9";"3";"0";""
"202100056085";"101Â 629";"A01";"2";"7";"0";"1";"2";"26";"1";""
"202100056086";"101Â 628";"A01";"2";"15";"0";"1";"2";"1";"1";""
"202100056087";"101Â 625";"A01";"0";"2";"0";"2";"1";"0";"1";""
"202100056087";"101Â 626";"B01";"3";"10";"0";"2";"8";"1";"1";""
"202100056088";"101Â 623";"A01";"1";"7";"0";"0";"0";"15";"1";""
"202100056088";"101Â 624";"B01";"2";"1";"12";"0";"0";"1";"5";""
"202100056089";"101Â 621";"A01";"3";"7";"0";"2";"8";"15";"1";""
"202100056089";"101Â 622";"B01";"1";"2";"0";"2";"1";"1";"1";""
"202100056090";"101Â 619";"B01";"0";"2";"0";"2";"1";"1";"1";""
"202100056090";"101Â 620";"A01";"0";"7";"0";"2";"3";"9";"1";""
"202100056091";"101Â 618";"A01";"1";"10";"0";"1";"2";"1";"1";""
"202100056092";"101Â 617";"A01";"3";"7";"2";"0";"3";"0";"1";""
"202100056093";"101Â 615";"A01";"1";"7";"0";"2";"1";"13";"1";""
"202100056093";"101Â 616";"B01";"2";"10";"0";"2";"1";"1";"1";""
"202100056094";"101Â 614";"A01";"3";"7";"0";"1";"1";"1";"1";""
"202100056095";"101Â 613";"B01";"1";"10";"0";"1";"7";"1";"1";""
"202100056096";"101Â 611";"A01";"0";"7";"0";"2";"3";"1";"1";""
"202100056096";"101Â 612";"B01";"0";"7";"0";"2";"3";"16";"1";""
"202100056097";"101Â 609";"B01";"1";"7";"0";"2";"3";"1";"1";""
"202100056097";"101Â 610";"A01";"2";"17";"0";"2";"6";"1";"1";""
"202100056098";"101Â 608";"A01";"0";"7";"0";"1";"3";"16";"1";""
"202100056099";"101Â 606";"B01";"0";"7";"0";"2";"8";"19";"1";""
"202100056099";"101Â 607";"A01";"1";"7";"0";"2";"1";"2";"1";""
"202100056100";"101Â 604";"A01";"3";"7";"1";"0";"2";"2";"1";""
"202100056100";"101Â 605";"B01";"0";"21";"0";"0";"6";"23";"1";""