"Num_Acc";"id_vehicule";"num_veh";"senc";"catv";"obs";"obsm";"choc";"manv";"motor";"occutc"
"202100056101";"101Â 603";"A01";"1";"10";"0";"1";"2";"1";"1";""
"202100056102";"101Â 602";"A01";"1";"7";"0";"1";"1";"1";"1";""
"202100056103";"101Â 601";"A01";"1";"7";"13";"0";"2";"1";"1";""
"202100056104";"101Â 599";"A01";"1";"7";"3";"0";"4";"26";"1";""
"202100056104";"101Â 600";"B01";"1";"7";"0";"2";"1";"2";"3";""
"202100056105";"101Â 597";"A01";"1";"10";"0";"2";"1";"12";"1";""
"202100056105";"101Â 598";"B01";"1";"15";"0";"0";"4";"1";"1";""
"202100056106";"101Â 595";"B01";"1";"15";"0";"2";"3";"1";"1";""
"202100056106";"101Â 596";"A01";"2";"7";"0";"2";"3";"13";"1";""
"202100056107";"101Â 591";"B01";"2";"7";"0";"2";"3";"2";"1";""
"202100056107";"101Â 592";"A01";"2";"7";"4";"2";"3";"13";"1";""
"202100056108";"101Â 590";"A01";"3";"7";"8";"0";"0";"1";"1";""
"202100056109";"101Â 588";"A01";"1";"7";"0";"2";"2";"19";"1";""
"202100056109";"101Â 589";"B01";"2";"7";"0";"2";"7";"15";"1";""
"202100056110";"101Â 584";"A01";"2";"7";"0";"0";"3";"5";"1";""
"202100056110";"101Â 585";"B01";"1";"14";"0";"0";"3";"0";"0";""
"202100056111";"101Â 583";"A01";"2";"7";"3";"0";"3";"1";"1";""
"202100056112";"101Â 582";"A01";"3";"7";"1";"1";"7";"1";"0";""
"202100056113";"101Â 580";"A01";"3";"7";"0";"2";"3";"0";"1";""
"202100056113";"101Â 581";"B01";"3";"7";"0";"2";"3";"1";"1";""
"202100056114";"101Â 578";"B01";"3";"2";"0";"0";"0";"1";"1";""
"202100056114";"101Â 579";"A01";"3";"13";"0";"0";"0";"16";"1";""
"202100056115";"101Â 577";"A01";"0";"7";"0";"1";"3";"1";"1";""
"202100056116";"101Â 576";"A01";"1";"7";"2";"0";"1";"1";"1";""
"202100056117";"101Â 574";"A01";"0";"30";"9";"2";"8";"1";"1";""
"202100056117";"101Â 575";"B01";"0";"7";"0";"2";"3";"1";"1";""
"202100056118";"101Â 572";"A01";"1";"7";"6";"2";"8";"17";"1";""
"202100056118";"101Â 573";"B01";"1";"7";"0";"2";"1";"1";"1";""
"202100056119";"101Â 571";"A01";"2";"7";"4";"0";"1";"1";"1";""
"202100056120";"101Â 570";"A01";"2";"7";"4";"0";"0";"17";"1";""
"202100056121";"101Â 567";"C01";"1";"10";"0";"2";"1";"2";"1";""
"202100056121";"101Â 568";"B01";"1";"7";"0";"2";"4";"2";"1";""
"202100056121";"101Â 569";"A01";"1";"7";"0";"2";"4";"1";"1";""
"202100056122";"101Â 565";"A01";"1";"7";"0";"0";"0";"21";"1";""
"202100056122";"101Â 566";"B01";"1";"7";"0";"0";"1";"0";"0";""
"202100056123";"101Â 563";"A01";"2";"7";"1";"0";"1";"2";"1";""
"202100056123";"101Â 564";"B01";"2";"7";"0";"2";"4";"23";"1";""
"202100056124";"101Â 561";"A01";"2";"7";"0";"2";"5";"1";"1";""
"202100056124";"101Â 562";"B01";"2";"34";"0";"2";"1";"21";"1";""
"202100056125";"101Â 559";"A01";"2";"15";"0";"2";"1";"2";"1";""
"202100056125";"101Â 560";"B01";"2";"7";"0";"2";"4";"2";"1";""
"202100056126";"101Â 557";"B01";"1";"7";"0";"2";"2";"12";"1";""
"202100056126";"101Â 558";"A01";"1";"32";"0";"2";"3";"3";"1";""
"202100056127";"101Â 556";"A01";"1";"7";"4";"0";"3";"13";"1";""
"202100056128";"101Â 555";"A01";"2";"7";"8";"0";"1";"14";"1";""
"202100056129";"101Â 551";"B01";"2";"43";"0";"2";"2";"3";"1";""
"202100056129";"101Â 552";"D01";"2";"7";"0";"2";"6";"1";"2";""
"202100056129";"101Â 553";"A01";"2";"99";"0";"2";"8";"11";"1";""
"202100056129";"101Â 554";"C01";"2";"7";"0";"2";"7";"1";"1";""
"202100056130";"101Â 550";"A01";"1";"7";"4";"2";"6";"14";"1";""
"202100056131";"101Â 549";"A01";"2";"7";"0";"1";"1";"1";"1";""
"202100056132";"101Â 547";"A01";"3";"7";"0";"2";"1";"0";"1";""
"202100056132";"101Â 548";"B01";"3";"7";"0";"2";"1";"0";"1";""
"202100056133";"101Â 545";"B01";"3";"7";"0";"2";"7";"1";"2";""
"202100056133";"101Â 546";"A01";"3";"7";"0";"2";"1";"26";"1";""
"202100056134";"101Â 543";"B01";"1";"2";"0";"2";"8";"1";"1";""
"202100056134";"101Â 544";"A01";"1";"7";"0";"2";"1";"15";"1";""
"202100056135";"101Â 542";"A01";"0";"1";"0";"1";"0";"1";"5";""
"202100056136";"101Â 539";"C01";"1";"7";"0";"0";"2";"1";"1";""
"202100056136";"101Â 540";"B01";"1";"7";"0";"2";"3";"1";"1";""
"202100056136";"101Â 541";"A01";"1";"34";"0";"2";"1";"15";"1";""
"202100056137";"101Â 537";"B01";"1";"7";"0";"2";"1";"1";"1";""
"202100056137";"101Â 538";"A01";"1";"7";"0";"2";"5";"9";"2";""
"202100056138";"101Â 535";"A01";"2";"7";"0";"2";"1";"17";"1";""
"202100056138";"101Â 536";"B01";"2";"7";"3";"0";"6";"1";"1";""
"202100056139";"101Â 533";"B01";"2";"7";"0";"2";"3";"1";"1";""
"202100056139";"101Â 534";"A01";"1";"7";"0";"2";"3";"13";"1";""
"202100056140";"101Â 531";"B01";"1";"33";"0";"2";"1";"2";"1";""
"202100056140";"101Â 532";"A01";"1";"7";"0";"2";"3";"15";"3";""
"202100056141";"101Â 530";"A01";"0";"7";"1";"0";"5";"1";"1";""
"202100056142";"101Â 528";"A01";"2";"7";"0";"2";"2";"15";"1";""
"202100056142";"101Â 529";"B01";"3";"2";"0";"2";"3";"1";"1";""
"202100056143";"101Â 526";"B01";"2";"7";"0";"2";"1";"1";"1";""
"202100056143";"101Â 527";"A01";"1";"7";"0";"2";"2";"9";"1";""
"202100056144";"101Â 525";"A01";"1";"7";"0";"1";"1";"15";"1";""
"202100056145";"101Â 524";"A01";"1";"40";"0";"1";"3";"1";"3";""
"202100056146";"101Â 522";"B01";"1";"7";"0";"2";"3";"1";"1";""
"202100056146";"101Â 523";"A01";"1";"7";"0";"2";"2";"1";"1";""
"202100056147";"101Â 521";"A01";"2";"30";"0";"0";"8";"26";"1";""
"202100056148";"101Â 519";"B01";"3";"2";"0";"2";"0";"0";"1";""
"202100056148";"101Â 520";"A01";"3";"7";"0";"2";"3";"9";"1";""
"202100056149";"101Â 518";"A01";"2";"7";"0";"1";"1";"17";"1";""
"202100056150";"101Â 516";"B01";"2";"33";"0";"2";"1";"1";"1";""
"202100056150";"101Â 517";"A01";"1";"7";"0";"2";"8";"15";"1";""
"202100056151";"101Â 514";"B01";"3";"7";"0";"2";"3";"0";"1";""
"202100056151";"101Â 515";"A01";"3";"1";"0";"2";"1";"1";"5";""
"202100056152";"101Â 512";"B01";"1";"7";"0";"2";"6";"2";"1";""
"202100056152";"101Â 513";"A01";"1";"7";"0";"2";"3";"2";"1";""
"202100056153";"101Â 511";"A01";"2";"7";"0";"1";"1";"1";"1";""
"202100056154";"101Â 509";"A01";"1";"7";"0";"2";"3";"15";"1";""
"202100056154";"101Â 510";"B01";"1";"33";"0";"2";"1";"2";"1";""
"202100056155";"101Â 508";"A01";"1";"7";"0";"1";"3";"15";"1";""
"202100056156";"101Â 507";"B01";"2";"7";"0";"1";"7";"1";"1";""
"202100056157";"101Â 506";"Z01";"2";"7";"0";"1";"1";"1";"1";""
"202100056158";"101Â 505";"A01";"1";"7";"0";"1";"2";"1";"1";""
"202100056159";"101Â 504";"A01";"1";"7";"12";"0";"1";"1";"1";""
"202100056160";"101Â 502";"A01";"0";"7";"0";"2";"2";"15";"1";""
"202100056160";"101Â 503";"B01";"0";"7";"0";"2";"8";"2";"1";""
"202100056161";"101Â 500";"B01";"1";"2";"0";"2";"1";"19";"1";""
"202100056161";"101Â 501";"A01";"2";"7";"0";"2";"1";"15";"1";""
"202100056162";"101Â 499";"A01";"1";"7";"8";"0";"1";"1";"1";""
"202100056163";"101Â 497";"A01";"1";"7";"0";"2";"7";"15";"1";""
"202100056163";"101Â 498";"B01";"1";"50";"0";"2";"5";"1";"3";""
"202100056164";"101Â 496";"A01";"1";"30";"0";"0";"0";"1";"1";""
"202100056165";"101Â 495";"A01";"2";"30";"2";"0";"1";"14";"1";""
"202100056166";"101Â 494";"A01";"1";"7";"0";"1";"3";"1";"1";""
"202100056167";"101Â 491";"B01";"1";"10";"0";"2";"3";"1";"1";""
"202100056167";"101Â 492";"A01";"1";"7";"0";"2";"5";"9";"1";""
"202100056168";"101Â 489";"B01";"3";"2";"0";"2";"2";"2";"1";""
"202100056168";"101Â 490";"A01";"3";"7";"0";"2";"3";"15";"1";""
"202100056169";"101Â 487";"A01";"2";"1";"0";"1";"1";"1";"5";""
"202100056170";"101Â 485";"A01";"0";"7";"0";"2";"1";"1";"1";""
"202100056170";"101Â 486";"B01";"3";"7";"0";"2";"4";"23";"1";""
"202100056171";"101Â 484";"A01";"1";"7";"6";"0";"1";"9";"1";""
"202100056172";"101Â 482";"B01";"0";"7";"0";"2";"7";"1";"1";""
"202100056172";"101Â 483";"A01";"0";"7";"0";"2";"1";"19";"1";""
"202100056173";"101Â 481";"A01";"1";"43";"0";"1";"1";"26";"1";""
"202100056174";"101Â 479";"B01";"2";"7";"0";"2";"4";"2";"1";""
"202100056174";"101Â 480";"Z01";"2";"7";"0";"2";"1";"2";"1";""
"202100056175";"101Â 476";"C01";"1";"7";"0";"2";"4";"2";"1";""
"202100056175";"101Â 477";"B01";"1";"7";"0";"2";"4";"2";"1";""
"202100056175";"101Â 478";"A01";"1";"7";"0";"2";"1";"2";"1";""
"202100056176";"101Â 475";"A01";"1";"33";"0";"1";"2";"17";"1";""
"202100056177";"101Â 474";"A01";"1";"30";"0";"0";"7";"21";"1";""
"202100056178";"101Â 472";"A01";"1";"10";"0";"2";"0";"22";"1";""
"202100056178";"101Â 473";"B01";"1";"32";"0";"2";"0";"1";"1";""
"202100056179";"101Â 470";"Z01";"1";"10";"0";"2";"7";"12";"0";""
"202100056179";"101Â 471";"A01";"1";"30";"0";"2";"8";"7";"3";""
"202100056180";"101Â 469";"Z01";"2";"7";"0";"1";"4";"4";"1";""
"202100056181";"101Â 468";"A01";"1";"33";"0";"1";"1";"21";"1";""
"202100056182";"101Â 466";"A01";"1";"7";"0";"2";"3";"13";"1";""
"202100056182";"101Â 467";"B01";"1";"2";"1";"2";"2";"17";"3";""
"202100056183";"101Â 463";"A01";"1";"10";"0";"2";"8";"22";"1";""
"202100056183";"101Â 464";"B01";"3";"80";"0";"2";"1";"1";"3";""
"202100056184";"101Â 462";"A01";"1";"1";"0";"0";"1";"21";"5";""
"202100056185";"101Â 460";"A01";"2";"7";"0";"2";"1";"1";"1";""
"202100056185";"101Â 461";"B01";"2";"1";"0";"2";"8";"19";"5";""
"202100056186";"101Â 459";"A01";"2";"14";"0";"1";"5";"24";"1";""
"202100056187";"101Â 458";"A01";"1";"14";"0";"1";"1";"16";"1";""
"202100056188";"101Â 456";"B01";"1";"7";"0";"2";"5";"1";"1";""
"202100056188";"101Â 457";"A01";"1";"7";"0";"2";"3";"13";"1";""
"202100056189";"101Â 454";"B01";"3";"1";"0";"4";"8";"19";"5";""
"202100056189";"101Â 455";"A01";"3";"40";"0";"9";"1";"1";"3";""
"202100056190";"101Â 452";"B01";"0";"7";"0";"2";"3";"26";"1";""
"202100056190";"101Â 453";"A01";" -1";"7";"0";"2";"1";"9";"1";""
"202100056191";"101Â 450";"B01";"1";"7";"0";"0";"0";"0";"0";""
"202100056191";"101Â 451";"A01";"1";"33";"0";"0";"0";"0";"0";""
"202100056192";"101Â 449";"A01";"2";"7";"0";"1";"1";"1";"1";""
"202100056193";"101Â 448";"A01";"1";"30";"0";"0";"8";"1";"1";""
"202100056194";"101Â 446";"A01";"1";"10";"0";"2";"3";"15";"1";""
"202100056194";"101Â 447";"B01";"2";"50";"0";"2";"1";"1";"3";""
"202100056195";"101Â 444";"B01";"2";"7";"0";"2";"5";"16";"1";""
"202100056195";"101Â 445";"A01";"2";"7";"0";"2";"2";"16";"2";""
"202100056196";"101Â 443";"A01";"1";"7";"0";"1";"1";"1";"1";""
"202100056197";"101Â 441";"A01";"1";"7";"0";"2";"7";"12";"1";""
"202100056197";"101Â 442";"B01";"1";"32";"0";"2";"1";"1";"1";""
"202100056198";"101Â 440";"A01";"1";"10";"13";"0";"3";"1";"1";""
"202100056199";"101Â 438";"B01";"2";"15";"0";"0";"4";"2";"1";""
"202100056199";"101Â 439";"A01";"2";"7";"0";"2";"1";"2";"1";""
"202100056200";"101Â 437";"A01";"3";"14";"13";"0";"3";"1";"1";""
"202100056201";"101Â 432";"A01";"2";"7";"0";"1";"2";"0";"2";""
"202100056202";"101Â 431";"A01";"1";"7";"13";"0";"1";"13";"1";""
"202100056203";"101Â 430";"A01";"1";"7";"17";"0";"2";"13";"1";""
"202100056204";"101Â 429";"A01";"2";"7";"0";"1";"2";"1";"1";""
"202100056205";"101Â 427";"A01";"2";"10";"0";"2";"8";"1";"1";""
"202100056205";"101Â 428";"B01";"1";"7";"0";"2";"1";"1";"1";""
"202100056206";"101Â 425";"A01";"1";"7";"0";"2";"2";"15";"1";""
"202100056206";"101Â 426";"B01";"2";"33";"0";"2";"7";"21";"1";""
"202100056207";"101Â 424";"A01";"3";"7";"2";"0";"1";"1";"1";""
"202100056208";"101Â 423";"A01";"1";"7";"1";"0";"1";"5";"1";""
"202100056209";"101Â 422";"A01";"1";"7";"13";"0";"2";"1";"1";""
"202100056210";"101Â 420";"B01";"2";"7";"0";"2";"1";"1";"1";""
"202100056210";"101Â 421";"A01";"1";"7";"0";"2";"1";"13";"1";""
"202100056211";"101Â 418";"B01";"1";"2";"0";"2";"7";"1";"1";""
"202100056211";"101Â 419";"A01";"2";"7";"0";"2";"1";"15";"1";""
"202100056212";"101Â 416";"A01";"1";"33";"0";"2";"1";"1";"1";""
"202100056212";"101Â 417";"B01";"2";"7";"0";"2";"3";"17";"1";""
"202100056213";"101Â 413";"B01";"1";"7";"0";"2";"4";"1";"1";""
"202100056213";"101Â 414";"A01";"1";"7";"0";"2";"1";"2";"1";""
"202100056214";"101Â 411";"B01";"3";"2";"0";"2";"1";"1";"1";""
"202100056214";"101Â 412";"A01";"3";"2";"0";"2";"1";"13";"1";""
"202100056215";"101Â 410";"A01";"1";"1";"0";"0";"3";"1";"5";""
"202100056216";"101Â 409";"A01";"2";"7";"0";"1";"2";"1";"1";""
"202100056217";"101Â 408";"A01";"1";"7";"2";"0";"3";"13";"1";""
"202100056218";"101Â 407";"A01";"2";"7";"0";"0";"9";"1";"1";""
"202100056219";"101Â 405";"B01";"3";"10";"0";"2";"5";"15";"1";""
"202100056219";"101Â 406";"A01";"3";"33";"0";"2";"2";"1";"1";""
"202100056220";"101Â 403";"B01";"1";"7";"0";"0";"3";"1";"1";""
"202100056220";"101Â 404";"A01";"1";"7";"0";"0";"1";"15";"1";""
"202100056221";"101Â 402";"A01";"1";"7";"0";"1";"7";"1";"1";""
"202100056222";"101Â 400";"B01";"1";"2";"0";"2";"3";"15";"1";""
"202100056222";"101Â 401";"A01";"2";"7";"0";"2";"3";"15";"1";""
"202100056223";"101Â 399";"A01";"2";"33";"1";"0";"1";"21";"1";""
"202100056224";"101Â 397";"A01";"2";"7";"0";"2";"4";"1";"1";""
"202100056224";"101Â 398";"B01";"2";"7";"0";"2";"2";"2";"1";""
"202100056225";"101Â 396";"A01";"1";"34";"0";"9";"1";"1";"1";""
"202100056226";"101Â 394";"A01";"1";"7";"0";"2";"4";"1";"1";""
"202100056226";"101Â 395";"B01";"1";"7";"0";"2";"1";"1";"1";""
"202100056227";"101Â 391";"B01";"1";"17";"0";"2";"3";"0";"1";""
"202100056227";"101Â 392";"Z01";"1";"7";"0";"2";"0";"0";"0";""
"202100056227";"101Â 393";"A01";"1";"7";"0";"2";"0";"0";"1";""
"202100056228";"101Â 389";"B01";"2";"7";"0";"2";"3";"1";"1";""
"202100056228";"101Â 390";"A01";"2";"15";"0";"2";"2";"12";"1";""
"202100056229";"101Â 388";"A01";"2";"7";"0";"0";"1";"1";"1";""
"202100056230";"101Â 385";"B01";"1";"10";"0";"2";"4";"2";"1";""
"202100056230";"101Â 386";"C01";"1";"33";"0";"2";"1";"2";"1";""
"202100056230";"101Â 387";"A01";"1";"7";"0";"2";"1";"2";"1";""
"202100056231";"101Â 380";"A01";"2";"7";"0";"2";"2";"15";"1";""
"202100056231";"101Â 381";"B01";"2";"33";"0";"2";"5";"16";"1";""
"202100056232";"101Â 379";"A01";"1";"33";"0";"0";"0";"9";"1";""
"202100056233";"101Â 377";"A01";"3";"7";"0";"2";"3";"13";"1";""
"202100056233";"101Â 378";"B01";"3";"33";"0";"2";"1";"7";"1";""
"202100056234";"101Â 376";"A01";"1";"7";"0";"1";"1";"1";"1";""
"202100056235";"101Â 375";"B01";"1";"50";"0";"0";"8";"1";"3";""
"202100056236";"101Â 373";"A01";"1";"7";"0";"2";"3";"1";"1";""
"202100056236";"101Â 374";"B01";"2";"7";"0";"2";"6";"1";"1";""
"202100056237";"101Â 372";"A01";"2";"7";"0";"1";"2";"1";"1";""
"202100056238";"101Â 370";"A01";"1";"7";"0";"2";"3";"2";"1";""
"202100056238";"101Â 371";"B01";"1";"7";"0";"2";"5";"2";"1";""
"202100056239";"101Â 368";"B01";"1";"7";"0";"2";"5";"26";"1";""
"202100056239";"101Â 369";"A01";"3";"7";"0";"2";"3";"9";"1";""
"202100056240";"101Â 367";"A01";"3";"7";"0";"1";"1";"1";"0";""
"202100056241";"101Â 365";"B01";"2";"7";"0";"2";"1";"1";"1";""
"202100056241";"101Â 366";"A01";"1";"7";"0";"2";"2";"15";"1";""
"202100056242";"101Â 364";"A01";"3";"2";"12";"0";"1";"19";"1";""
"202100056243";"101Â 362";"B01";"2";"7";"0";"2";"7";"1";"1";""
"202100056243";"101Â 363";"A01";"2";"7";"0";"2";"8";"15";"1";""
"202100056244";"101Â 361";"A01";"3";"7";"2";"0";"1";"1";"1";""
"202100056245";"101Â 357";"B01";"2";"7";"0";"2";"4";"23";"1";""
"202100056245";"101Â 358";"C01";"2";"7";"0";"2";"4";"23";"1";""
"202100056245";"101Â 359";"Z01";"2";"7";"0";"0";"0";"0";"0";""
"202100056245";"101Â 360";"A01";"2";"7";"0";"2";"1";"1";"1";""
"202100056246";"101Â 355";"B01";"3";"7";"0";"2";"1";"5";"1";""
"202100056246";"101Â 356";"A01";"3";"2";"0";"2";"1";"15";"1";""
"202100056247";"101Â 351";"A01";"1";"7";"0";"2";"3";"15";"3";""
"202100056247";"101Â 352";"B01";"1";"34";"0";"2";"1";"1";"1";""
"202100056248";"101Â 349";"B01";"2";"1";"0";"2";"7";"1";"5";""
"202100056248";"101Â 350";"A01";"1";"7";"0";"2";"3";"9";"1";""
"202100056249";"101Â 348";"A01";"3";"30";"0";"0";"0";"1";"1";""
"202100056250";"101Â 347";"A01";"1";"7";"1";"0";"8";"1";"1";""
"202100056251";"101Â 346";"A01";"0";"7";"0";"1";"3";"26";"1";""
"202100056252";"101Â 345";"A01";"1";"7";"0";"1";"2";"1";"1";""
"202100056253";"101Â 344";"A01";"1";"0";"0";"1";"1";"19";"0";""
"202100056254";"101Â 343";"A01";"1";"7";"7";"0";"2";"14";"1";""
"202100056255";"101Â 342";"A01";"1";"7";"7";"0";"3";"13";"1";""
"202100056256";"101Â 340";"A01";"1";"7";"0";"2";"1";"15";"1";""
"202100056256";"101Â 341";"B01";"1";"33";"0";"2";"1";"1";"1";""
"202100056257";"101Â 339";"A01";"0";"7";"0";"1";"2";"1";"1";""
"202100056258";"101Â 338";"A01";"1";"7";"7";"0";"2";"14";"1";""
"202100056259";"101Â 335";"A01";"3";"10";"0";"1";"3";"15";"1";""
"202100056260";"101Â 333";"A01";"2";"2";"0";"2";"1";"1";"1";""
"202100056260";"101Â 334";"B01";"2";"7";"0";"2";"6";"23";"1";""
"202100056261";"101Â 331";"B01";"1";"7";"0";"2";"4";"16";"1";""
"202100056261";"101Â 332";"A01";"1";"7";"0";"2";"1";"16";"1";""
"202100056262";"101Â 329";"A01";"1";"7";"0";"2";"2";"23";"1";""
"202100056262";"101Â 330";"B01";"1";"2";"14";"0";"1";"18";"1";""
"202100056263";"101Â 327";"B01";"2";"37";"0";"2";"2";"1";"1";"3"
"202100056263";"101Â 328";"A01";"2";"7";"3";"2";"5";"1";"1";""
"202100056264";"101Â 325";"A01";"1";"30";"0";"2";"8";"1";"1";""
"202100056264";"101Â 326";"B01";"1";"7";"0";"2";"1";"15";"1";""
"202100056265";"101Â 323";"Z01";"0";"7";"0";"2";"0";"9";"0";""
"202100056265";"101Â 324";"A01";"0";"2";"0";"2";"1";"1";"1";""
"202100056266";"101Â 321";"B01";"3";"10";"0";"0";"6";"23";"1";""
"202100056266";"101Â 322";"A01";"1";"7";"0";"2";"2";"21";"1";""
"202100056267";"101Â 320";"Z01";"3";"7";"0";"1";"0";"26";"0";""
"202100056268";"101Â 319";"A01";"0";"7";"0";"1";"1";"13";"1";""
"202100056269";"101Â 317";"A01";"0";"43";"0";"2";"1";"1";"1";""
"202100056269";"101Â 318";"Z01";"0";"7";"0";"2";"5";"16";"0";""
"202100056270";"101Â 316";"A01";"2";"7";"0";"1";"3";"1";"1";""
"202100056271";"101Â 315";"B01";"3";"7";"0";"1";"1";"21";"2";""
"202100056272";"101Â 311";"A01";"1";"15";"0";"2";"1";"1";"1";""
"202100056272";"101Â 312";"B01";"1";"10";"0";"2";"4";"15";"1";""
"202100056272";"101Â 313";"C01";"1";"7";"13";"0";"0";"0";"1";""
"202100056272";"101Â 314";"D01";"1";"7";"0";"2";"3";"1";"1";""
"202100056273";"101Â 309";"B01";"2";"7";"0";"2";"2";"21";"1";""
"202100056273";"101Â 310";"A01";"1";"7";"0";"2";"2";"9";"1";""
"202100056274";"101Â 307";"A01";"2";"7";"0";"2";"1";"1";"1";""
"202100056274";"101Â 308";"B01";"1";"7";"0";"2";"2";"1";"1";""
"202100056275";"101Â 305";"A01";"2";"30";"0";"2";"8";"1";"1";""
"202100056275";"101Â 306";"Z01";"1";"7";"0";"2";"3";"15";"1";""
"202100056276";"101Â 303";"B01";"2";"1";"0";"2";"3";"1";"5";""
"202100056276";"101Â 304";"A01";"2";"7";"0";"2";"2";"17";"2";""
"202100056277";"101Â 301";"B01";"1";"10";"0";"2";"8";"22";"1";""
"202100056277";"101Â 302";"A01";"1";"30";"0";"2";"7";"1";"1";""
"202100056278";"101Â 299";"A01";"1";"7";"0";"2";"3";"1";"1";""
"202100056278";"101Â 300";"Z01";"1";"7";"0";"2";"1";"1";"1";""
"202100056279";"101Â 297";"A01";"3";"32";"0";"2";"1";"13";"1";""
"202100056279";"101Â 298";"B01";"3";"7";"0";"2";"4";"1";"1";""
"202100056280";"101Â 296";"A01";"1";"30";"0";"0";"0";"16";"1";""
"202100056281";"101Â 294";"A01";"1";"80";"0";"0";"0";"1";"3";""
"202100056282";"101Â 293";"A01";"1";"80";"12";"0";"1";"13";"3";""
"202100056283";"101Â 292";"A01";"1";"1";"0";"1";"1";"1";"5";""
"202100056284";"101Â 291";"A01";"1";"1";"0";"1";"1";"5";"5";""
"202100056285";"101Â 289";"B01";"2";"1";"0";"9";"8";"19";"5";""
"202100056285";"101Â 290";"A01";"2";"2";"0";"9";"1";"1";"0";""
"202100056286";"101Â 286";"C01";"3";"7";"0";"2";"6";"24";"1";""
"202100056286";"101Â 287";"B01";"3";"7";"0";"2";"2";"19";"1";""
"202100056286";"101Â 288";"A01";"3";"7";"1";"2";"8";"1";"1";""
"202100056287";"101Â 284";"A01";"3";"50";"0";"2";"0";"19";"3";""
"202100056287";"101Â 285";"B01";"3";"7";"0";"2";"0";"0";"0";""
"202100056288";"101Â 282";"A01";"2";"7";"0";"2";"3";"15";"1";""
"202100056288";"101Â 283";"B01";"1";"7";"0";"2";"1";"1";"1";""
"202100056289";"101Â 280";"Z01";"2";"7";"0";"2";"1";"2";"0";""
"202100056289";"101Â 281";"B01";"2";"7";"0";"2";"4";"2";"1";""
"202100056290";"101Â 278";"A01";"2";"10";"0";"2";"3";"15";"1";""
"202100056290";"101Â 279";"B01";"2";"1";"0";"2";"1";"1";"5";""
"202100056291";"101Â 276";"B01";" -1";"43";"0";"2";"7";"13";"1";""
"202100056291";"101Â 277";"A01";" -1";"7";"1";"0";"3";"13";"1";""
"202100056292";"101Â 275";"A01";"3";"7";"14";"0";"3";"13";"1";""
"202100056293";"101Â 273";"A01";"1";"10";"0";"2";"3";"1";"3";""
"202100056293";"101Â 274";"B01";"1";"7";"0";"2";"3";"15";"1";""
"202100056294";"101Â 272";"A01";"1";"10";"0";"1";"1";"1";"1";""
"202100056295";"101Â 271";"A01";"1";"7";"0";"1";"4";"26";"1";""
"202100056296";"101Â 269";"B01";"1";"7";"0";"2";"1";"1";"1";""
"202100056296";"101Â 270";"A01";"2";"7";"0";"2";"1";"5";"1";""
"202100056297";"101Â 267";"B01";"1";"7";"0";"2";"8";"1";"1";""
"202100056297";"101Â 268";"A01";"2";"10";"0";"2";"1";"1";"1";""
"202100056298";"101Â 265";"B01";"3";"50";"1";"0";"1";"1";"3";""
"202100056298";"101Â 266";"A01";"3";"7";"0";"2";"7";"22";"0";""
"202100056299";"101Â 261";"D01";"1";"10";"0";"2";"2";"1";"1";""
"202100056299";"101Â 262";"B01";"1";"14";"0";"2";"6";"1";"1";""
"202100056299";"101Â 263";"A01";"1";"7";"0";"2";"3";"13";"1";""
"202100056299";"101Â 264";"C01";"2";"17";"0";"2";"3";"1";"1";""
"202100056300";"101Â 259";"A01";"1";"1";"0";"2";"1";"25";"5";""
"202100056300";"101Â 260";"B01";"2";"7";"0";"2";"7";"9";"1";""
"202100056301";"101Â 258";"A01";"2";"33";"0";"1";"1";"1";"1";""
"202100056302";"101Â 257";"A01";"1";"31";"0";"0";"7";"1";"1";""
"202100056303";"101Â 255";"B01";"1";"10";"0";"2";"3";"1";"1";""
"202100056303";"101Â 256";"A01";"2";"7";"0";"2";"3";"1";"1";""
"202100056304";"101Â 254";"A01";"1";"7";"0";"0";"7";"0";"1";""
"202100056305";"101Â 253";"A01";"2";"38";"3";"0";"7";"0";"1";"1"
"202100056306";"101Â 252";"A01";"1";"7";"0";"1";"1";"11";"1";""
"202100056307";"101Â 250";"B01";"1";"1";"9";"0";"4";"1";"5";""
"202100056307";"101Â 251";"A01";"1";"7";"0";"9";"2";"1";"1";""
"202100056308";"101Â 249";"A01";"1";"7";"2";"0";"1";"1";"1";""
"202100056309";"101Â 248";"A01";"3";"10";"0";"1";"1";"1";"1";""
"202100056310";"101Â 247";"A01";"0";"7";"0";"1";"3";"1";"1";""
"202100056311";"101Â 245";"B01";"2";"7";"0";"2";"2";"1";"1";""
"202100056311";"101Â 246";"A01";"1";"7";"0";"2";"1";"13";"1";""
"202100056312";"101Â 243";"B01";"2";"17";"0";"2";"5";"1";"1";""
"202100056312";"101Â 244";"A01";"2";"1";"0";"2";"3";"25";"5";""
"202100056313";"101Â 241";"B01";"3";"7";"0";"2";"2";"1";"1";""
"202100056313";"101Â 242";"A01";"3";"7";"1";"2";"3";"2";"1";""
"202100056314";"101Â 240";"A01";"2";"7";"3";"0";"1";"1";"2";""
"202100056315";"101Â 236";"A01";"2";"15";"0";"2";"1";"2";"0";""
"202100056315";"101Â 237";"B01";"2";"7";"0";"2";"4";"2";"1";""
"202100056315";"101Â 238";"C01";"2";"7";"0";"2";"4";"2";"1";""
"202100056315";"101Â 239";"D01";"2";"15";"0";"0";"4";"2";"1";""