"Num_Acc";"id_vehicule";"num_veh";"senc";"catv";"obs";"obsm";"choc";"manv";"motor";"occutc"
"202100056316";"101Â 234";"A01";"2";"7";"0";"2";"1";"13";"1";""
"202100056316";"101Â 235";"B01";"2";"10";"0";"2";"4";"17";"1";""
"202100056317";"101Â 232";"B01";"2";"1";"0";"0";"8";"1";"5";""
"202100056317";"101Â 233";"A01";"2";"7";"0";"2";"7";"14";"0";""
"202100056318";"101Â 231";"A01";"3";"2";"0";"1";"1";"5";"1";""
"202100056319";"101Â 229";"A01";"2";"7";"0";"2";"2";"13";"1";""
"202100056319";"101Â 230";"B01";"1";"7";"0";"2";"3";"1";"1";""
"202100056320";"101Â 228";"A01";"2";"7";"4";"0";"3";"11";"1";""
"202100056321";"101Â 225";"C01";"1";"7";"0";"2";"4";"2";"1";""
"202100056321";"101Â 226";"A01";"1";"7";"0";"2";"1";"2";"0";""
"202100056321";"101Â 227";"B01";"1";"7";"0";"2";"4";"2";"0";""
"202100056322";"101Â 222";"A01";"1";"7";"4";"0";"1";"1";"1";""
"202100056322";"101Â 223";"B01";"1";"15";"0";"2";"4";"2";"1";""
"202100056322";"101Â 224";"C01";"1";"7";"0";"2";"1";"2";"1";""
"202100056323";"101Â 221";"B01";"2";"7";"1";"1";"1";"1";"1";""
"202100056324";"101Â 219";"A01";"1";"31";"0";"2";"1";"1";"1";""
"202100056324";"101Â 220";"B01";"1";"7";"0";"2";"6";"15";"1";""
"202100056325";"101Â 217";"A01";"2";"33";"1";"2";"8";"1";"1";""
"202100056325";"101Â 218";"B01";"1";"7";"1";"2";"2";"1";"1";""
"202100056326";"101Â 215";"B01";"1";"2";"0";"2";"0";"0";"1";""
"202100056326";"101Â 216";"A01";"1";"7";"0";"2";"5";"26";"1";""
"202100056327";"101Â 214";"A01";"2";"30";"0";"1";"1";"21";"0";""
"202100056328";"101Â 213";"A01";"2";"7";"0";"0";"1";"14";"1";""
"202100056329";"101Â 212";"A01";"2";"43";"0";"9";"1";"1";"1";""
"202100056330";"101Â 211";"A01";"2";"7";"4";"0";"9";"26";"1";""
"202100056331";"101Â 209";"B01";"2";"7";"0";"2";"1";"1";"1";""
"202100056331";"101Â 210";"A01";"2";"7";"0";"2";"1";"10";"1";""
"202100056332";"101Â 207";"B01";"1";"7";"0";"2";"4";"2";"1";""
"202100056332";"101Â 208";"A01";"1";"7";"0";"2";"2";"2";"1";""
"202100056333";"101Â 205";"A01";"1";"7";"0";"2";"3";"26";"1";""
"202100056333";"101Â 206";"B01";"1";"2";"0";"2";"1";"26";"1";""
"202100056334";"101Â 203";"A01";"3";"7";"2";"2";"2";"24";"1";""
"202100056334";"101Â 204";"Z01";"1";"7";"1";"0";"2";"1";"1";""
"202100056335";"101Â 201";"A01";"3";"7";"0";"2";"1";"1";"1";""
"202100056335";"101Â 202";"B01";"3";"7";"0";"2";"7";"1";"1";""
"202100056336";"101Â 199";"A01";"2";"7";"0";"2";"1";"19";"1";""
"202100056336";"101Â 200";"B01";"1";"7";"0";"2";"3";"15";"1";""
"202100056337";"101Â 198";"Z01";"2";"7";"1";"0";"0";"0";"1";""
"202100056338";"101Â 196";"B01";"3";"7";"0";"2";"1";"2";"0";""
"202100056338";"101Â 197";"A01";"3";"33";"0";"2";"1";"17";"1";""
"202100056339";"101Â 195";"A01";"1";"36";"12";"0";"9";"10";"1";""
"202100056340";"101Â 191";"B01";"1";"7";"0";"2";"3";"19";"1";""
"202100056340";"101Â 192";"A01";"1";"31";"0";"2";"1";"1";"1";""
"202100056341";"101Â 189";"B01";"2";"7";"0";"2";"2";"2";"1";""
"202100056341";"101Â 190";"A01";"2";"2";"0";"2";"8";"2";"1";""
"202100056342";"101Â 187";"A01";"0";"30";"0";"2";"1";"15";"1";""
"202100056342";"101Â 188";"B01";"0";"32";"0";"2";"1";"1";"1";""
"202100056343";"101Â 185";"B01";"1";"7";"8";"2";"5";"1";"1";""
"202100056343";"101Â 186";"A01";"1";"7";"0";"2";"1";"1";"1";""
"202100056344";"101Â 183";"B01";"2";"31";"0";"2";"0";"0";"1";""
"202100056344";"101Â 184";"A01";"2";"7";"0";"2";"0";"0";"2";""
"202100056345";"101Â 182";"A01";"2";"32";"0";"0";"0";"1";"1";""
"202100056346";"101Â 181";"A01";"1";"1";"0";"1";"1";"13";"0";""
"202100056347";"101Â 180";"A01";"2";"7";"8";"0";"1";"0";"1";""
"202100056348";"101Â 178";"B01";"3";"32";"0";"2";"2";"1";"1";""
"202100056348";"101Â 179";"A01";"3";"7";"0";"2";"3";"10";"1";""
"202100056349";"101Â 177";"A01";"1";"7";"1";"0";"1";"26";"1";""
"202100056350";"101Â 176";"A01";"1";"7";"1";"0";"2";"13";"1";""
"202100056351";"101Â 174";"A01";"1";"2";"0";"2";"1";"1";"1";""
"202100056351";"101Â 175";"B01";"2";"7";"0";"2";"6";"1";"1";""
"202100056352";"101Â 173";"A01";"1";"7";"8";"0";"3";"1";"1";""
"202100056353";"101Â 171";"B01";"2";"7";"0";"2";"1";"1";"1";""
"202100056353";"101Â 172";"A01";"1";"7";"0";"0";"8";"9";"1";""
"202100056354";"101Â 168";"B01";"2";"10";"0";"2";"7";"1";"1";""
"202100056354";"101Â 169";"C01";"2";"7";"0";"2";"1";"1";"1";""
"202100056354";"101Â 170";"A01";"1";"7";"0";"2";"1";"13";"1";""
"202100056355";"101Â 167";"A01";"3";"7";"2";"0";"1";"1";"1";""
"202100056356";"101Â 166";"A01";"2";"7";"2";"0";"1";"1";"1";""
"202100056357";"101Â 164";"A01";"1";"7";"0";"2";"3";"15";"1";""
"202100056357";"101Â 165";"B01";"2";"7";"0";"2";"3";"1";"1";""
"202100056358";"101Â 163";"A01";"0";"7";"15";"0";"1";"1";"1";""
"202100056359";"101Â 161";"B01";"1";"7";"0";"2";"3";"1";"1";""
"202100056359";"101Â 162";"A01";"2";"2";"0";"2";"7";"15";"1";""
"202100056360";"101Â 160";"A01";"1";"7";"2";"0";"1";"1";"1";""
"202100056361";"101Â 159";"A01";"1";"7";"2";"0";"3";"0";"1";""
"202100056362";"101Â 157";"B01";"2";"1";"0";"2";"0";"1";"5";""
"202100056362";"101Â 158";"A01";"1";"7";"0";"2";"1";"15";"1";""
"202100056363";"101Â 156";"A01";"0";"7";"2";"0";"2";"1";"1";""
"202100056364";"101Â 151";"E01";"1";"7";"3";"2";"1";"1";"1";""
"202100056364";"101Â 152";"D01";"1";"7";"3";"2";"2";"1";"1";""
"202100056364";"101Â 153";"C01";"1";"7";"3";"2";"2";"1";"1";""
"202100056364";"101Â 154";"B01";"1";"7";"3";"2";"3";"1";"1";""
"202100056364";"101Â 155";"A01";"1";"7";"3";"2";"2";"1";"1";""
"202100056365";"101Â 149";"A01";"2";"7";"0";"0";"4";"23";"1";""
"202100056365";"101Â 150";"B01";"2";"7";"1";"0";"1";"2";"1";""
"202100056366";"101Â 147";"A01";"2";"7";"0";"0";"4";"17";"1";""
"202100056366";"101Â 148";"B01";"2";"7";"0";"2";"1";"2";"1";""
"202100056367";"101Â 145";"B01";"1";"7";"0";"0";"4";"1";"1";""
"202100056367";"101Â 146";"A01";"1";"10";"0";"2";"1";"1";"1";""
"202100056368";"101Â 143";"B01";"2";"7";"0";"2";"2";"2";"1";""
"202100056368";"101Â 144";"A01";"2";"7";"0";"2";"4";"1";"1";""
"202100056369";"101Â 142";"A01";"0";"7";"8";"0";"1";"1";"1";""
"202100056370";"101Â 141";"A01";"2";"10";"16";"0";"9";"14";"1";""
"202100056371";"101Â 140";"A01";"3";"7";"16";"0";"0";"13";"1";""
"202100056372";"101Â 138";"A01";"1";"2";"0";"2";"1";"1";"1";""
"202100056372";"101Â 139";"B01";"2";"7";"0";"2";"1";"1";"1";""
"202100056373";"101Â 136";"A01";"3";"7";"0";"9";"1";"1";"1";""
"202100056373";"101Â 137";"B01";"0";"2";"0";"2";"7";"19";"3";""
"202100056374";"101Â 134";"B01";"2";"7";"0";"0";"3";"23";"1";""
"202100056374";"101Â 135";"A01";"2";"7";"1";"0";"3";"13";"1";""
"202100056375";"101Â 133";"A01";"2";"7";"13";"0";"3";"1";"1";""
"202100056376";"101Â 132";"A01";"2";"36";"0";"0";"0";"1";"1";""
"202100056377";"101Â 130";"A01";"1";"7";"0";"2";"2";"23";"1";""
"202100056377";"101Â 131";"B01";"1";"7";"0";"2";"0";"0";"1";""
"202100056378";"101Â 128";"B01";"1";"7";"1";"0";"7";"2";"0";""
"202100056378";"101Â 129";"A01";"1";"7";"4";"0";"2";"1";"0";""
"202100056379";"101Â 126";"A01";"2";"7";"0";"2";"1";"2";"1";""
"202100056379";"101Â 127";"B01";"2";"7";"0";"2";"4";"1";"1";""
"202100056380";"101Â 123";"C01";"2";"7";"0";"2";"4";"2";"1";""
"202100056380";"101Â 124";"B01";"2";"7";"0";"2";"4";"2";"1";""
"202100056380";"101Â 125";"A01";"2";"7";"0";"2";"1";"2";"1";""
"202100056381";"101Â 121";"Z01";"2";"7";"0";"0";"0";"0";"0";""
"202100056381";"101Â 122";"A01";"1";"2";"0";"2";"1";"0";"1";""
"202100056382";"101Â 119";"A01";"2";"7";"0";"2";"1";"2";"1";""
"202100056382";"101Â 120";"B01";"2";"7";"0";"2";"4";"23";"1";""
"202100056383";"101Â 118";"A01";"2";"7";"4";"0";"2";"0";"1";""
"202100056384";"101Â 116";"A01";"2";"7";"0";"2";"1";"2";"1";""
"202100056384";"101Â 117";"B01";"2";"7";"0";"2";"4";"2";"1";""
"202100056385";"101Â 115";"A01";"2";"33";"0";"2";"1";"1";"1";""
"202100056386";"101Â 113";"B01";"3";"7";"0";"2";"3";"1";"1";""
"202100056386";"101Â 114";"A01";"3";"7";"0";"2";"3";"15";"1";""
"202100056387";"101Â 111";"B01";"2";"32";"0";"2";"4";"23";"1";""
"202100056387";"101Â 112";"A01";"2";"2";"0";"2";"1";"1";"1";""
"202100056388";"101Â 109";"B01";"1";"7";"0";"2";"1";"15";"1";""
"202100056388";"101Â 110";"A01";"1";"7";"0";"2";"5";"1";"1";""
"202100056389";"101Â 107";"B01";"1";"31";"0";"2";"4";"2";"1";""
"202100056389";"101Â 108";"A01";"1";"7";"0";"2";"1";"0";"0";""
"202100056390";"101Â 104";"A01";"1";"7";"0";"2";"1";"15";"1";""
"202100056390";"101Â 105";"B01";"2";"7";"0";"2";"1";"2";"1";""
"202100056390";"101Â 106";"C01";"1";"7";"0";"2";"1";"1";"1";""
"202100056391";"101Â 102";"A01";"2";"2";"0";"2";"2";"26";"1";""
"202100056391";"101Â 103";"B01";"2";"7";"0";"2";"3";"1";"1";""
"202100056392";"101Â 100";"B01";"3";"2";"0";"2";"1";"0";"1";""
"202100056392";"101Â 101";"A01";"1";"7";"0";"2";"2";"1";"1";""
"202100056393";"101Â 098";"A01";"3";"7";"0";"2";"7";"1";"1";""
"202100056393";"101Â 099";"B01";"3";"7";"0";"2";"1";"15";"1";""
"202100056394";"101Â 097";"A01";"3";"7";"11";"0";"2";"12";"2";""
"202100056395";"101Â 096";"A01";"2";"7";"6";"0";"1";"13";"1";""
"202100056396";"101Â 094";"B01";"2";"7";"0";"2";"3";"21";"1";""
"202100056396";"101Â 095";"A01";"1";"7";"0";"2";"2";"21";"0";""
"202100056397";"101Â 092";"A01";"2";"30";"0";"2";"1";"1";"1";""
"202100056397";"101Â 093";"B01";"1";"7";"0";"2";"3";"1";"1";""
"202100056398";"101Â 090";"B01";"1";"7";"0";"0";"4";"2";"1";""
"202100056398";"101Â 091";"A01";"1";"7";"0";"2";"1";"2";"1";""
"202100056399";"101Â 089";"A01";"2";"7";"0";"1";"2";"1";"1";""
"202100056400";"101Â 086";"C01";"3";"7";"0";"2";"4";"1";"1";""
"202100056400";"101Â 087";"B01";"3";"7";"0";"2";"4";"1";"1";""
"202100056400";"101Â 088";"A01";"3";"7";"0";"2";"1";"1";"1";""
"202100056401";"101Â 085";"A01";"2";"7";"1";"1";"1";"21";"1";""
"202100056402";"101Â 083";"B01";"1";"7";"15";"2";"3";"19";"1";""
"202100056402";"101Â 084";"A01";"1";"7";"15";"2";"2";"19";"1";""
"202100056403";"101Â 081";"A01";"1";"7";"0";"2";"1";"1";"1";""
"202100056403";"101Â 082";"B01";"1";"7";"0";"2";"4";"1";"1";""
"202100056404";"101Â 079";"A01";"1";"1";"0";"2";"1";"25";"5";""
"202100056404";"101Â 080";"B01";"1";"7";"0";"2";"1";"1";"1";""
"202100056405";"101Â 078";"A01";"2";"7";"14";"0";"1";"26";"1";""
"202100056406";"101Â 077";"A01";"3";"7";"2";"0";"1";"1";"1";""
"202100056407";"101Â 074";"B01";"2";"7";"0";"2";"3";"1";"1";""
"202100056407";"101Â 075";"A01";"2";"33";"0";"2";"1";"17";"1";""
"202100056407";"101Â 076";"C01";"2";"7";"0";"2";"3";"1";"1";""
"202100056408";"101Â 071";"C01";"2";"7";"0";"2";"1";"1";"1";""
"202100056408";"101Â 072";"B01";"2";"7";"0";"2";"1";"9";"1";""
"202100056408";"101Â 073";"A01";"1";"7";"0";"2";"1";"13";"1";""
"202100056409";"101Â 070";"A01";"1";"7";"16";"0";"1";"14";"1";""
"202100056410";"101Â 068";"A01";"0";"7";"0";"2";"7";"9";"0";""
"202100056410";"101Â 069";"B01";"0";"30";"0";"2";"1";"1";"0";""
"202100056411";"101Â 067";"A01";"1";"10";"0";"1";"7";"26";"1";""
"202100056412";"101Â 065";"A01";"1";"7";"0";"2";"1";"0";"1";""
"202100056412";"101Â 066";"B01";"1";"7";"0";"2";"2";"1";"1";""
"202100056413";"101Â 063";"A01";"1";"7";"0";"2";"3";"15";"1";""
"202100056413";"101Â 064";"B01";"1";"32";"0";"2";"1";"2";"1";""
"202100056414";"101Â 061";"A01";"1";"2";"0";"2";"7";"1";"1";""
"202100056414";"101Â 062";"B01";"1";"7";"0";"2";"1";"0";"1";""
"202100056415";"101Â 059";"A01";"1";"32";"0";"2";"2";"0";"1";""
"202100056415";"101Â 060";"B01";"1";"3";"0";"2";"6";"0";"1";""
"202100056416";"101Â 058";"A01";"2";"7";"6";"0";"1";"1";"1";""
"202100056417";"101Â 055";"A01";"1";"7";"0";"2";"1";"2";"1";""
"202100056417";"101Â 056";"B01";"1";"7";"0";"2";"4";"2";"1";""
"202100056417";"101Â 057";"C01";"1";"10";"0";"2";"4";"2";"1";""
"202100056418";"101Â 053";"Z01";"1";"7";"0";"2";"0";"1";"0";""
"202100056418";"101Â 054";"A01";"1";"30";"0";"2";"1";"1";"1";""
"202100056419";"101Â 048";"E01";"2";"7";"0";"2";"4";"23";"1";""
"202100056419";"101Â 049";"D01";"2";"7";"0";"2";"4";"23";"1";""
"202100056419";"101Â 050";"C01";"2";"7";"0";"2";"4";"23";"1";""
"202100056419";"101Â 051";"B01";"2";"7";"0";"2";"4";"23";"1";""
"202100056419";"101Â 052";"A01";"2";"7";"0";"2";"1";"1";"1";""
"202100056420";"101Â 047";"A01";"1";"7";"1";"2";"2";"16";"1";""
"202100056421";"101Â 046";"A01";"1";"10";"0";"1";"2";"1";"1";""
"202100056422";"101Â 044";"A01";"1";"7";"1";"2";"3";"13";"1";""
"202100056422";"101Â 045";"B01";"1";"2";"0";"2";"7";"17";"3";""
"202100056423";"101Â 042";"B01";"2";"33";"0";"2";"1";"1";"1";""
"202100056423";"101Â 043";"A01";"2";"7";"0";"2";"8";"10";"1";""
"202100056424";"101Â 040";"B01";"2";"7";"0";"2";"2";"9";"1";""
"202100056424";"101Â 041";"A01";"1";"1";"0";"2";"1";"1";"5";""
"202100056425";"101Â 038";"A01";"1";"7";"0";"2";"2";"16";"1";""
"202100056425";"101Â 039";"B01";"1";"30";"0";"2";"1";"18";"1";""
"202100056426";"101Â 037";"A01";"3";"50";"0";"0";"0";"26";"3";""
"202100056427";"101Â 035";"A01";"1";"7";"0";"2";"0";"0";"1";""
"202100056427";"101Â 036";"B01";"1";"2";"0";"2";"1";"0";"1";""
"202100056428";"101Â 034";"Z01";"3";"7";"0";"1";"2";"1";"1";""
"202100056429";"101Â 032";"A01";"2";"7";"0";"2";"3";"2";"1";""
"202100056429";"101Â 033";"B01";"2";"7";"0";"2";"5";"0";"1";""
"202100056430";"101Â 030";"B01";"0";"7";"0";"2";"1";"1";"1";""
"202100056430";"101Â 031";"A01";"3";"10";"0";"2";"1";"5";"1";""
"202100056431";"101Â 029";"A01";"1";"32";"0";"1";"3";"1";"1";""
"202100056432";"101Â 027";"A01";"2";"7";"0";"2";"1";"1";"1";""
"202100056432";"101Â 028";"B01";"2";"7";"0";"2";"1";"1";"1";""
"202100056433";"101Â 026";"Z01";"1";"7";"0";"1";"2";"26";"0";""
"202100056434";"101Â 025";"A01";"3";"20";"0";"1";"3";"0";"1";""
"202100056435";"101Â 024";"A01";"2";"7";"1";"0";"2";"0";"1";""
"202100056436";"101Â 022";"B01";"3";"7";"0";"2";"1";"1";"1";""
"202100056436";"101Â 023";"A01";"3";"7";"0";"2";"2";"15";"1";""
"202100056437";"101Â 020";"A01";"0";"10";"0";"2";"1";"2";"1";""
"202100056437";"101Â 021";"B01";"0";"7";"0";"2";"4";"1";"1";""
"202100056438";"101Â 016";"A01";"1";"7";"0";"2";"1";"26";"0";""
"202100056438";"101Â 017";"D01";"1";"7";"0";"2";"4";"0";"0";""
"202100056438";"101Â 018";"C01";"1";"7";"0";"0";"4";"0";"0";""
"202100056438";"101Â 019";"B01";"1";"7";"0";"2";"4";"0";"0";""
"202100056439";"101Â 015";"A01";"1";"7";"0";"1";"1";"1";"0";""
"202100056440";"101Â 013";"A01";"1";"7";"0";"2";"2";"1";"1";""
"202100056440";"101Â 014";"B01";"1";"14";"0";"2";"6";"23";"1";""
"202100056441";"101Â 012";"A01";"1";"7";"0";"1";"2";"15";"1";""
"202100056442";"101Â 010";"A01";"2";"32";"0";"2";"1";"1";"1";""
"202100056442";"101Â 011";"B01";"1";"7";"0";"2";"2";"15";"1";""
"202100056443";"101Â 008";"B01";"1";"34";"0";"2";"1";"1";"1";""
"202100056443";"101Â 009";"A01";"2";"7";"0";"2";"5";"15";"1";""
"202100056444";"101Â 006";"B01";"0";"31";"0";"9";"0";"0";"0";""
"202100056444";"101Â 007";"A01";"0";"30";"0";"9";"0";"0";"0";""
"202100056445";"101Â 005";"A01";"0";"7";"16";"0";"1";"1";"6";""
"202100056446";"101Â 004";"A01";"1";"7";"8";"0";"1";"21";"1";""
"202100056447";"101Â 003";"A01";"1";"7";"2";"0";"1";"1";"1";""
"202100056448";"101Â 002";"A01";"1";"7";"0";"1";"2";"1";"1";""
"202100056449";"101Â 000";"A01";"1";"7";"0";"2";"3";"1";"1";""
"202100056449";"101Â 001";"B01";"1";"33";"0";"2";"8";"15";"1";""
"202100056450";"100Â 995";"A01";"2";"7";"0";"2";"3";"5";"1";""
"202100056450";"100Â 996";"C01";"1";"7";"0";"2";"1";"1";"1";""
"202100056450";"100Â 997";"D01";"1";"7";"0";"2";"8";"1";"1";""
"202100056450";"100Â 998";"E01";"1";"7";"0";"2";"7";"1";"1";""
"202100056450";"100Â 999";"B01";"1";"7";"0";"2";"3";"1";"1";""
"202100056451";"100Â 994";"A01";"2";"7";"13";"0";"2";"0";"1";""
"202100056452";"100Â 993";"A01";"1";"7";"3";"0";"9";"17";"1";""
"202100056453";"100Â 991";"B01";"1";"7";"0";"2";"3";"15";"1";""
"202100056453";"100Â 992";"A01";"2";"43";"12";"0";"3";"1";"1";""
"202100056454";"100Â 990";"A01";"1";"2";"8";"0";"7";"1";"1";""
"202100056455";"100Â 989";"A01";"2";"7";"2";"0";"1";"1";"1";""
"202100056456";"100Â 987";"B01";"3";"2";"0";"2";"1";"1";"1";""
"202100056456";"100Â 988";"A01";"3";"7";"0";"2";"2";"19";"1";""
"202100056457";"100Â 985";"B01";"1";"7";"0";"2";"1";"1";"1";""
"202100056457";"100Â 986";"A01";"1";"7";"0";"2";"7";"1";"1";""
"202100056458";"100Â 984";"A01";"2";"7";"2";"0";"1";"19";"1";""
"202100056459";"100Â 983";"A01";"2";"7";"2";"0";"3";"1";"1";""
"202100056460";"100Â 982";"A01";"0";"7";"0";"1";"1";"15";"1";""
"202100056461";"100Â 980";"B01";"3";"7";"0";"2";"1";"1";"1";""
"202100056461";"100Â 981";"A01";"3";"7";"0";"2";"3";"15";"1";""
"202100056462";"100Â 979";"A01";"1";"7";"8";"0";"1";"1";"1";""
"202100056463";"100Â 976";"C01";"1";"7";"0";"0";"3";"1";"1";""
"202100056463";"100Â 977";"A01";"1";"7";"0";"0";"3";"19";"1";""
"202100056463";"100Â 978";"B01";"1";"7";"0";"2";"1";"1";"1";""
"202100056464";"100Â 975";"A01";"2";"7";"3";"0";"2";"1";"1";""
"202100056465";"100Â 971";"A01";"3";"33";"0";"0";"0";"1";"1";""
"202100056466";"100Â 970";"A01";"1";"7";"0";"1";"2";"1";"1";""
"202100056467";"100Â 968";"A01";"1";"7";"4";"2";"3";"1";"1";""
"202100056467";"100Â 969";"B01";"1";"7";"0";"2";"2";"1";"1";""
"202100056468";"100Â 966";"A01";"2";"7";"0";"2";"3";"5";"1";""
"202100056468";"100Â 967";"B01";"1";"7";"0";"2";"6";"1";"1";""
"202100056469";"100Â 964";"A01";"1";"7";"0";"2";"1";"6";"1";""
"202100056469";"100Â 965";"B01";"2";"7";"0";"2";"1";"1";"1";""
"202100056470";"100Â 962";"B01";"1";"7";"0";"0";"1";"1";"1";""
"202100056470";"100Â 963";"A01";"2";"7";"0";"0";"1";"5";"1";""
"202100056471";"100Â 960";"B01";"2";"7";"0";"2";"7";"16";"1";""
"202100056471";"100Â 961";"A01";"2";"32";"0";"2";"3";"1";"1";""
"202100056472";"100Â 957";"A01";"1";"7";"0";"2";"1";"5";"1";""
"202100056472";"100Â 958";"C01";"2";"10";"0";"2";"3";"1";"1";""
"202100056472";"100Â 959";"B01";"2";"7";"0";"2";"1";"1";"1";""
"202100056473";"100Â 956";"A01";"3";"36";"1";"0";"1";"1";"1";""
"202100056474";"100Â 954";"A01";"1";"2";"0";"2";"1";"13";"1";""
"202100056474";"100Â 955";"B01";"2";"2";"0";"2";"1";"1";"1";""
"202100056475";"100Â 952";"A01";"2";"31";"0";"2";"1";"13";"1";""
"202100056475";"100Â 953";"B01";"1";"10";"0";"2";"1";"15";"1";""
"202100056476";"100Â 951";"A01";"3";"7";"0";"1";"3";"1";"1";""
"202100056477";"100Â 950";"A01";"2";"7";"17";"0";"3";"1";"1";""
"202100056478";"100Â 948";"A01";"0";"7";"2";"2";"5";"19";"1";""
"202100056478";"100Â 949";"B01";"1";"7";"0";"2";"1";"1";"1";""
"202100056479";"100Â 947";"A01";"1";"7";"16";"0";"8";"1";"1";""
"202100056480";"100Â 945";"A01";"1";"7";"0";"2";"8";"9";"1";""
"202100056480";"100Â 946";"B01";"1";"7";"0";"2";"1";"1";"1";""
"202100056481";"100Â 943";"B01";"2";"7";"8";"2";"1";"14";"1";""
"202100056481";"100Â 944";"A01";"3";"7";"8";"0";"3";"23";"1";""
"202100056482";"100Â 941";"A01";"3";"7";"0";"9";"2";"1";"1";""
"202100056482";"100Â 942";"B01";"0";"99";"0";"2";"1";"15";"5";""
"202100056483";"100Â 938";"A01";"2";"7";"0";"2";"1";"1";"1";""
"202100056483";"100Â 939";"B01";"2";"7";"0";"2";"5";"1";"1";""
"202100056483";"100Â 940";"C01";"2";"7";"0";"2";"4";"1";"1";""
"202100056484";"100Â 936";"B01";"2";"7";"0";"2";"5";"2";"1";""
"202100056484";"100Â 937";"A01";"2";"7";"0";"2";"1";"2";"1";""
"202100056485";"100Â 934";"A01";"2";"7";"0";"0";"4";"1";"1";""
"202100056485";"100Â 935";"Z01";"2";"7";"0";"2";"1";"1";"1";""
"202100056486";"100Â 931";"C01";"2";"7";"0";"0";"4";"1";"1";""
"202100056486";"100Â 932";"B01";"2";"7";"0";"2";"4";"1";"1";""
"202100056486";"100Â 933";"A01";"2";"7";"0";"2";"1";"1";"1";""
"202100056487";"100Â 930";"Z01";"2";"0";"0";"1";"0";"1";"0";""
"202100056488";"100Â 929";"A01";"2";"33";"0";"0";"9";"3";"1";""
"202100056489";"100Â 927";"A01";"1";"33";"0";"2";"1";"2";"1";""
"202100056489";"100Â 928";"B01";"1";"7";"0";"2";"6";"2";"1";""
"202100056490";"100Â 925";"B01";"1";"7";"0";"2";"5";"1";"1";""
"202100056490";"100Â 926";"A01";"1";"43";"0";"2";"1";"2";"1";""
"202100056491";"100Â 923";"B01";"2";"7";"0";"2";"2";"1";"1";""
"202100056491";"100Â 924";"A01";"2";"7";"0";"2";"4";"2";"1";""
"202100056492";"100Â 922";"A01";"2";"7";"4";"0";"1";"9";"1";""
"202100056493";"100Â 921";"A01";"1";"7";"4";"0";"9";"1";"1";""
"202100056494";"100Â 919";"B01";"1";"7";"0";"2";"6";"2";"1";""
"202100056494";"100Â 920";"A01";"1";"7";"0";"2";"1";"1";"1";""
"202100056495";"100Â 918";"A01";"2";"7";"0";"0";"9";"2";"1";""
"202100056496";"100Â 917";"A01";"2";"7";"4";"0";"1";"1";"1";""
"202100056497";"100Â 916";"A01";"1";"7";"5";"0";"2";"1";"1";""
"202100056498";"100Â 913";"A01";"2";"7";"0";"2";"1";"2";"1";""
"202100056498";"100Â 914";"B01";"2";"7";"0";"2";"4";"2";"1";""
"202100056498";"100Â 915";"C01";"2";"7";"0";"2";"4";"2";"1";""
"202100056499";"100Â 910";"B01";"1";"7";"0";"2";"1";"2";"1";""
"202100056499";"100Â 911";"A01";"1";"7";"0";"2";"1";"1";"1";""
"202100056499";"100Â 912";"C01";"1";"7";"0";"2";"4";"2";"1";""
"202100056500";"100Â 907";"B01";"2";"7";"0";"2";"4";"1";"1";""
"202100056500";"100Â 908";"C01";"2";"7";"0";"2";"5";"1";"2";""
"202100056500";"100Â 909";"A01";"2";"7";"0";"2";"1";"3";"1";""
"202100056501";"100Â 906";"A01";"1";"7";"4";"0";"2";"14";"1";""
"202100056502";"100Â 904";"B01";"1";"7";"4";"2";"8";"17";"1";""
"202100056502";"100Â 905";"A01";"1";"7";"0";"2";"8";"1";"1";""
"202100056503";"100Â 903";"A01";"1";"33";"6";"0";"2";"0";"1";""
"202100056504";"100Â 902";"A01";"1";"7";"6";"0";"1";"13";"1";""
"202100056505";"100Â 901";"A01";"0";"33";"6";"0";"1";"0";"1";""
"202100056506";"100Â 900";"A01";"2";"7";"5";"0";"3";"13";"1";""
"202100056507";"100Â 899";"A01";"2";"7";"13";"0";"1";"1";"1";""
"202100056508";"100Â 898";"A01";"2";"1";"0";"0";"8";"1";"5";""
"202100056509";"100Â 897";"A01";"1";"7";"13";"0";"8";"1";"1";""
"202100056510";"100Â 894";"A01";"1";"7";"0";"0";"4";"2";"1";""
"202100056510";"100Â 895";"B01";"1";"7";"0";"2";"4";"2";"1";""
"202100056510";"100Â 896";"C01";"1";"7";"0";"2";"1";"2";"1";""
"202100056511";"100Â 892";"B01";"1";"7";"0";"0";"6";"17";"1";""
"202100056511";"100Â 893";"A01";"1";"33";"0";"2";"1";"2";"1";""
"202100056512";"100Â 891";"A01";"0";"10";"4";"0";"0";"1";"1";""
"202100056513";"100Â 889";"A01";"2";"7";"13";"2";"1";"2";"1";""
"202100056513";"100Â 890";"B01";"2";"7";"0";"2";"4";"2";"1";""
"202100056514";"100Â 888";"A01";"2";"7";"5";"0";"3";"0";"1";""
"202100056515";"100Â 887";"A01";"1";"7";"6";"0";"1";"1";"1";""
"202100056516";"100Â 885";"A01";"1";"7";"0";"2";"1";"5";"1";""
"202100056516";"100Â 886";"B01";"2";"7";"0";"2";"3";"1";"1";""
"202100056517";"100Â 884";"A01";"2";"7";"6";"0";"5";"6";"1";""
"202100056518";"100Â 882";"A01";"2";"7";"0";"2";"1";"6";"1";""
"202100056518";"100Â 883";"B01";"1";"7";"0";"2";"1";"1";"1";""